seq,cycle,pos,char,t0_us,t0_expected_us,delta_us
0,0,0,F,20071956,20071956,0
1,0,1,H,20171957,20171956,1
2,0,2,B,20271959,20271956,3
3,0,3,U,20371959,20371956,3
4,0,4,R,20471960,20471956,4
5,0,5,G,20571960,20571956,4
6,0,6,E,20671961,20671956,5
7,0,7,N,20771962,20771956,6
8,0,8,L,20871962,20871956,6
9,0,9,A,20971964,20971956,8
10,0,10,N,21071965,21071956,9
11,0,11,D,21171966,21171956,10
12,1,0,F,21272091,21272091,0
13,1,1,H,21372092,21372091,1
14,1,2,B,21472093,21472091,2
15,1,3,U,21572095,21572091,4
16,1,4,R,21672096,21672091,5
17,1,5,G,21772097,21772091,6
18,1,6,E,21872097,21872091,6
19,1,7,N,21972099,21972091,8
20,1,8,L,22072100,22072091,9
21,1,9,A,22172101,22172091,10
22,1,10,N,22272103,22272091,12
23,1,11,D,22372104,22372091,13
24,2,0,F,22472105,22472105,0
25,2,1,H,22572106,22572105,1
26,2,2,B,22672107,22672105,2
27,2,3,U,22772107,22772105,2
28,2,4,R,22872107,22872105,2
29,2,5,G,22972108,22972105,3
30,2,6,E,23072109,23072105,4
31,2,7,N,23172110,23172105,5
32,2,8,L,23272111,23272105,6
33,2,9,A,23372111,23372105,6
34,2,10,N,23472112,23472105,7
35,2,11,D,23572113,23572105,8
36,3,0,F,23672114,23672114,0
37,3,1,H,23772114,23772114,0
38,3,2,B,23872115,23872114,1
39,3,3,U,23972116,23972114,2
40,3,4,R,24072117,24072114,3
41,3,5,G,24172118,24172114,4
42,3,6,E,24272130,24272114,16
43,3,7,N,24372132,24372114,18
44,3,8,L,24472134,24472114,20
45,3,9,A,24572136,24572114,22
46,3,10,N,24672136,24672114,22
47,3,11,D,24772137,24772114,23
48,4,0,F,24872138,24872138,0
49,4,1,H,24972139,24972138,1
50,4,2,B,25072141,25072138,3
51,4,3,U,25172141,25172138,3
52,4,4,R,25272143,25272138,5
53,4,5,G,25372143,25372138,5
54,4,6,E,25472144,25472138,6
55,4,7,N,25572145,25572138,7
56,4,8,L,25672146,25672138,8
57,4,9,A,25772147,25772138,9
58,4,10,N,25872148,25872138,10
59,4,11,D,25972150,25972138,12
60,5,0,F,26072151,26072151,0
61,5,1,H,26172152,26172151,1
62,5,2,B,26272153,26272151,2
63,5,3,U,26372154,26372151,3
64,5,4,R,26472155,26472151,4
65,5,5,G,26572156,26572151,5
66,5,6,E,26672157,26672151,6
67,5,7,N,26772158,26772151,7
68,5,8,L,26872159,26872151,8
69,5,9,A,26972159,26972151,8
70,5,10,N,27072161,27072151,10
71,5,11,D,27172163,27172151,12
72,6,0,F,27272164,27272164,0
73,6,1,H,27372165,27372164,1
74,6,2,B,27472166,27472164,2
75,6,3,U,27572167,27572164,3
76,6,4,R,27672167,27672164,3
77,6,5,G,27772168,27772164,4
78,6,6,E,27872169,27872164,5
79,6,7,N,27972170,27972164,6
80,6,8,L,28072171,28072164,7
81,6,9,A,28172171,28172164,7
82,6,10,N,28272173,28272164,9
83,6,11,D,28372174,28372164,10
84,7,0,F,28472175,28472175,0
85,7,1,H,28572176,28572175,1
86,7,2,B,28672177,28672175,2
87,7,3,U,28772178,28772175,3
88,7,4,R,28872180,28872175,5
89,7,5,G,28972181,28972175,6
90,7,6,E,29072182,29072175,7
91,7,7,N,29172184,29172175,9
92,7,8,L,29272185,29272175,10
93,7,9,A,29372185,29372175,10
94,7,10,N,29472186,29472175,11
95,7,11,D,29572186,29572175,11
96,8,0,F,29672187,29672187,0
97,8,1,H,29772188,29772187,1
98,8,2,B,29872189,29872187,2
99,8,3,U,29972189,29972187,2
100,8,4,R,30072190,30072187,3
101,8,5,G,30172192,30172187,5
102,8,6,E,30272192,30272187,5
103,8,7,N,30372192,30372187,5
104,8,8,L,30472193,30472187,6
105,8,9,A,30572194,30572187,7
106,8,10,N,30672195,30672187,8
107,8,11,D,30772196,30772187,9
108,9,0,F,30872197,30872197,0
109,9,1,H,30972197,30972197,0
110,9,2,B,31072198,31072197,1
111,9,3,U,31172199,31172197,2
112,9,4,R,31272200,31272197,3
113,9,5,G,31372200,31372197,3
114,9,6,E,31472201,31472197,4
115,9,7,N,31572201,31572197,4
116,9,8,L,31672202,31672197,5
117,9,9,A,31772203,31772197,6
118,9,10,N,31872203,31872197,6
119,9,11,D,31972203,31972197,6
120,10,0,F,32072204,32072204,0
121,10,1,H,32172205,32172204,1
122,10,2,B,32272207,32272204,3
123,10,3,U,32372209,32372204,5
124,10,4,R,32472209,32472204,5
125,10,5,G,32572210,32572204,6
126,10,6,E,32672211,32672204,7
127,10,7,N,32772211,32772204,7
128,10,8,L,32872212,32872204,8
129,10,9,A,32972212,32972204,8
130,10,10,N,33072212,33072204,8
131,10,11,D,33172213,33172204,9
132,11,0,F,33272214,33272214,0
133,11,1,H,33372215,33372214,1
134,11,2,B,33472216,33472214,2
135,11,3,U,33572217,33572214,3
136,11,4,R,33672218,33672214,4
137,11,5,G,33772219,33772214,5
138,11,6,E,33872220,33872214,6
139,11,7,N,33972220,33972214,6
140,11,8,L,34072222,34072214,8
141,11,9,A,34172222,34172214,8
142,11,10,N,34272223,34272214,9
143,11,11,D,34372224,34372214,10
144,12,0,F,34472224,34472224,0
145,12,1,H,34572224,34572224,0
146,12,2,B,34672225,34672224,1
147,12,3,U,34772226,34772224,2
148,12,4,R,34872227,34872224,3
149,12,5,G,34972228,34972224,4
150,12,6,E,35072228,35072224,4
151,12,7,N,35172229,35172224,5
152,12,8,L,35272230,35272224,6
153,12,9,A,35372231,35372224,7
154,12,10,N,35472231,35472224,7
155,12,11,D,35572232,35572224,8
156,13,0,F,35672233,35672233,0
157,13,1,H,35772234,35772233,1
158,13,2,B,35872235,35872233,2
159,13,3,U,35972235,35972233,2
160,13,4,R,36072236,36072233,3
161,13,5,G,36172236,36172233,3
162,13,6,E,36272238,36272233,5
163,13,7,N,36372239,36372233,6
164,13,8,L,36472240,36472233,7
165,13,9,A,36572241,36572233,8
166,13,10,N,36672242,36672233,9
167,13,11,D,36772244,36772233,11
168,14,0,F,36872244,36872244,0
169,14,1,H,36972245,36972244,1
170,14,2,B,37072246,37072244,2
171,14,3,U,37172247,37172244,3
172,14,4,R,37272249,37272244,5
173,14,5,G,37372250,37372244,6
174,14,6,E,37472251,37472244,7
175,14,7,N,37572252,37572244,8
176,14,8,L,37672254,37672244,10
177,14,9,A,37772255,37772244,11
178,14,10,N,37872257,37872244,13
179,14,11,D,37972258,37972244,14
180,15,0,F,38072259,38072259,0
181,15,1,H,38172260,38172259,1
182,15,2,B,38272262,38272259,3
183,15,3,U,38372264,38372259,5
184,15,4,R,38472265,38472259,6
185,15,5,G,38572265,38572259,6
186,15,6,E,38672266,38672259,7
187,15,7,N,38772266,38772259,7
188,15,8,L,38872268,38872259,9
189,15,9,A,38972270,38972259,11
190,15,10,N,39072271,39072259,12
191,15,11,D,39172271,39172259,12
192,16,0,F,39272273,39272273,0
193,16,1,H,39372273,39372273,0
194,16,2,B,39472274,39472273,1
195,16,3,U,39572275,39572273,2
196,16,4,R,39672276,39672273,3
197,16,5,G,39772277,39772273,4
198,16,6,E,39872277,39872273,4
199,16,7,N,39972278,39972273,5
200,16,8,L,40072280,40072273,7
201,16,9,A,40172280,40172273,7
202,16,10,N,40272281,40272273,8
203,16,11,D,40372281,40372273,8
204,17,0,F,40472282,40472282,0
205,17,1,H,40572283,40572282,1
206,17,2,B,40672283,40672282,1
207,17,3,U,40772284,40772282,2
208,17,4,R,40872285,40872282,3
209,17,5,G,40972286,40972282,4
210,17,6,E,41072287,41072282,5
211,17,7,N,41172288,41172282,6
212,17,8,L,41272289,41272282,7
213,17,9,A,41372290,41372282,8
214,17,10,N,41472290,41472282,8
215,17,11,D,41572291,41572282,9
216,18,0,F,41672292,41672292,0
217,18,1,H,41772293,41772292,1
218,18,2,B,41872294,41872292,2
219,18,3,U,41972295,41972292,3
220,18,4,R,42072296,42072292,4
221,18,5,G,42172296,42172292,4
222,18,6,E,42272297,42272292,5
223,18,7,N,42372299,42372292,7
224,18,8,L,42472299,42472292,7
225,18,9,A,42572300,42572292,8
226,18,10,N,42672301,42672292,9
227,18,11,D,42772302,42772292,10
228,19,0,F,42872304,42872304,0
229,19,1,H,42972305,42972304,1
230,19,2,B,43072306,43072304,2
231,19,3,U,43172308,43172304,4
232,19,4,R,43272309,43272304,5
233,19,5,G,43372309,43372304,5
234,19,6,E,43472310,43472304,6
235,19,7,N,43572311,43572304,7
236,19,8,L,43672313,43672304,9
237,19,9,A,43772314,43772304,10
238,19,10,N,43872314,43872304,10
239,19,11,D,43972315,43972304,11
240,20,0,F,44072316,44072316,0
241,20,1,H,44172316,44172316,0
242,20,2,B,44272317,44272316,1
243,20,3,U,44372318,44372316,2
244,20,4,R,44472318,44472316,2
245,20,5,G,44572318,44572316,2
246,20,6,E,44672320,44672316,4
247,20,7,N,44772321,44772316,5
248,20,8,L,44872321,44872316,5
249,20,9,A,44972323,44972316,7
250,20,10,N,45072324,45072316,8
251,20,11,D,45172326,45172316,10
252,21,0,F,45272327,45272327,0
253,21,1,H,45372328,45372327,1
254,21,2,B,45472329,45472327,2
255,21,3,U,45572330,45572327,3
256,21,4,R,45672332,45672327,5
257,21,5,G,45772333,45772327,6
258,21,6,E,45872334,45872327,7
259,21,7,N,45972335,45972327,8
260,21,8,L,46072335,46072327,8
261,21,9,A,46172336,46172327,9
262,21,10,N,46272338,46272327,11
263,21,11,D,46372338,46372327,11
264,22,0,F,46472339,46472339,0
265,22,1,H,46572339,46572339,0
266,22,2,B,46672341,46672339,2
267,22,3,U,46772342,46772339,3
268,22,4,R,46872344,46872339,5
269,22,5,G,46972345,46972339,6
270,22,6,E,47072346,47072339,7
271,22,7,N,47172347,47172339,8
272,22,8,L,47272348,47272339,9
273,22,9,A,47372349,47372339,10
274,22,10,N,47472350,47472339,11
275,22,11,D,47572351,47572339,12
276,23,0,F,47672351,47672351,0
277,23,1,H,47772352,47772351,1
278,23,2,B,47872353,47872351,2
279,23,3,U,47972354,47972351,3
280,23,4,R,48072355,48072351,4
281,23,5,G,48172356,48172351,5
282,23,6,E,48272357,48272351,6
283,23,7,N,48372358,48372351,7
284,23,8,L,48472359,48472351,8
285,23,9,A,48572360,48572351,9
286,23,10,N,48672361,48672351,10
287,23,11,D,48772362,48772351,11
288,24,0,F,48872363,48872363,0
289,24,1,H,48972364,48972363,1
290,24,2,B,49072365,49072363,2
291,24,3,U,49172365,49172363,2
292,24,4,R,49272367,49272363,4
293,24,5,G,49372368,49372363,5
294,24,6,E,49472368,49472363,5
295,24,7,N,49572368,49572363,5
296,24,8,L,49672370,49672363,7
297,24,9,A,49772371,49772363,8
298,24,10,N,49872372,49872363,9
299,24,11,D,49972373,49972363,10
300,25,0,F,50072374,50072374,0
301,25,1,H,50172375,50172374,1
302,25,2,B,50272384,50272374,10
303,25,3,U,50372385,50372374,11
304,25,4,R,50472385,50472374,11
305,25,5,G,50572385,50572374,11
306,25,6,E,50672386,50672374,12
307,25,7,N,50772386,50772374,12
308,25,8,L,50872388,50872374,14
309,25,9,A,50972390,50972374,16
310,25,10,N,51072391,51072374,17
311,25,11,D,51172392,51172374,18
312,26,0,F,51272393,51272393,0
313,26,1,H,51372393,51372393,0
314,26,2,B,51472394,51472393,1
315,26,3,U,51572395,51572393,2
316,26,4,R,51672395,51672393,2
317,26,5,G,51772396,51772393,3
318,26,6,E,51872397,51872393,4
319,26,7,N,51972398,51972393,5
320,26,8,L,52072400,52072393,7
321,26,9,A,52172401,52172393,8
322,26,10,N,52272403,52272393,10
323,26,11,D,52372404,52372393,11
324,27,0,F,52472405,52472405,0
325,27,1,H,52572407,52572405,2
326,27,2,B,52672408,52672405,3
327,27,3,U,52772409,52772405,4
328,27,4,R,52872409,52872405,4
329,27,5,G,52972411,52972405,6
330,27,6,E,53072411,53072405,6
331,27,7,N,53172412,53172405,7
332,27,8,L,53272413,53272405,8
333,27,9,A,53372413,53372405,8
334,27,10,N,53472414,53472405,9
335,27,11,D,53572415,53572405,10
336,28,0,F,53672416,53672416,0
337,28,1,H,53772417,53772416,1
338,28,2,B,53872418,53872416,2
339,28,3,U,53972419,53972416,3
340,28,4,R,54072420,54072416,4
341,28,5,G,54172421,54172416,5
342,28,6,E,54272422,54272416,6
343,28,7,N,54372423,54372416,7
344,28,8,L,54472423,54472416,7
345,28,9,A,54572423,54572416,7
346,28,10,N,54672425,54672416,9
347,28,11,D,54772427,54772416,11
348,29,0,F,54872427,54872427,0
349,29,1,H,54972427,54972427,0
350,29,2,B,55072428,55072427,1
351,29,3,U,55172428,55172427,1
352,29,4,R,55272429,55272427,2
353,29,5,G,55372431,55372427,4
354,29,6,E,55472432,55472427,5
355,29,7,N,55572433,55572427,6
356,29,8,L,55672434,55672427,7
357,29,9,A,55772434,55772427,7
358,29,10,N,55872435,55872427,8
359,29,11,D,55972436,55972427,9
360,30,0,F,56072437,56072437,0
361,30,1,H,56172438,56172437,1
362,30,2,B,56272439,56272437,2
363,30,3,U,56372439,56372437,2
364,30,4,R,56472440,56472437,3
365,30,5,G,56572441,56572437,4
366,30,6,E,56672442,56672437,5
367,30,7,N,56772442,56772437,5
368,30,8,L,56872444,56872437,7
369,30,9,A,56972444,56972437,7
370,30,10,N,57072445,57072437,8
371,30,11,D,57172445,57172437,8
372,31,0,F,57272446,57272446,0
373,31,1,H,57372448,57372446,2
374,31,2,B,57472448,57472446,2
375,31,3,U,57572450,57572446,4
376,31,4,R,57672450,57672446,4
377,31,5,G,57772451,57772446,5
378,31,6,E,57872452,57872446,6
379,31,7,N,57972452,57972446,6
380,31,8,L,58072453,58072446,7
381,31,9,A,58172454,58172446,8
382,31,10,N,58272456,58272446,10
383,31,11,D,58372456,58372446,10
384,32,0,F,58472457,58472457,0
385,32,1,H,58572458,58572457,1
386,32,2,B,58672458,58672457,1
387,32,3,U,58772460,58772457,3
388,32,4,R,58872461,58872457,4
389,32,5,G,58972462,58972457,5
390,32,6,E,59072463,59072457,6
391,32,7,N,59172465,59172457,8
392,32,8,L,59272467,59272457,10
393,32,9,A,59372467,59372457,10
394,32,10,N,59472468,59472457,11
395,32,11,D,59572468,59572457,11
396,33,0,F,59672468,59672468,0
397,33,1,H,59772470,59772468,2
398,33,2,B,59872470,59872468,2
399,33,3,U,59972471,59972468,3
400,33,4,R,60072472,60072468,4
401,33,5,G,60172474,60172468,6
402,33,6,E,60272476,60272468,8
403,33,7,N,60372477,60372468,9
404,33,8,L,60472477,60472468,9
405,33,9,A,60572478,60572468,10
406,33,10,N,60672478,60672468,10
407,33,11,D,60772479,60772468,11
408,34,0,F,60872480,60872480,0
409,34,1,H,60972482,60972480,2
410,34,2,B,61072482,61072480,2
411,34,3,U,61172483,61172480,3
412,34,4,R,61272483,61272480,3
413,34,5,G,61372484,61372480,4
414,34,6,E,61472485,61472480,5
415,34,7,N,61572486,61572480,6
416,34,8,L,61672487,61672480,7
417,34,9,A,61772488,61772480,8
418,34,10,N,61872489,61872480,9
419,34,11,D,61972490,61972480,10
420,35,0,F,62072490,62072490,0
421,35,1,H,62172491,62172490,1
422,35,2,B,62272493,62272490,3
423,35,3,U,62372494,62372490,4
424,35,4,R,62472494,62472490,4
425,35,5,G,62572496,62572490,6
426,35,6,E,62672496,62672490,6
427,35,7,N,62772497,62772490,7
428,35,8,L,62872499,62872490,9
429,35,9,A,62972500,62972490,10
430,35,10,N,63072502,63072490,12
431,35,11,D,63172502,63172490,12
432,36,0,F,63272504,63272504,0
433,36,1,H,63372504,63372504,0
434,36,2,B,63472505,63472504,1
435,36,3,U,63572505,63572504,1
436,36,4,R,63672505,63672504,1
437,36,5,G,63772506,63772504,2
438,36,6,E,63872507,63872504,3
439,36,7,N,63972509,63972504,5
440,36,8,L,64072509,64072504,5
441,36,9,A,64172510,64172504,6
442,36,10,N,64272511,64272504,7
443,36,11,D,64372513,64372504,9
444,37,0,F,64472514,64472514,0
445,37,1,H,64572514,64572514,0
446,37,2,B,64672515,64672514,1
447,37,3,U,64772516,64772514,2
448,37,4,R,64872517,64872514,3
449,37,5,G,64972518,64972514,4
450,37,6,E,65072519,65072514,5
451,37,7,N,65172521,65172514,7
452,37,8,L,65272522,65272514,8
453,37,9,A,65372523,65372514,9
454,37,10,N,65472524,65472514,10
455,37,11,D,65572525,65572514,11
456,38,0,F,65672526,65672526,0
457,38,1,H,65772527,65772526,1
458,38,2,B,65872528,65872526,2
459,38,3,U,65972529,65972526,3
460,38,4,R,66072530,66072526,4
461,38,5,G,66172530,66172526,4
462,38,6,E,66272531,66272526,5
463,38,7,N,66372533,66372526,7
464,38,8,L,66472535,66472526,9
465,38,9,A,66572536,66572526,10
466,38,10,N,66672536,66672526,10
467,38,11,D,66772537,66772526,11
468,39,0,F,66872538,66872538,0
469,39,1,H,66972539,66972538,1
470,39,2,B,67072540,67072538,2
471,39,3,U,67172541,67172538,3
472,39,4,R,67272542,67272538,4
473,39,5,G,67372543,67372538,5
474,39,6,E,67472543,67472538,5
475,39,7,N,67572544,67572538,6
476,39,8,L,67672545,67672538,7
477,39,9,A,67772545,67772538,7
478,39,10,N,67872546,67872538,8
479,39,11,D,67972546,67972538,8
480,40,0,F,68072547,68072547,0
481,40,1,H,68172548,68172547,1
482,40,2,B,68272549,68272547,2
483,40,3,U,68372551,68372547,4
484,40,4,R,68472552,68472547,5
485,40,5,G,68572553,68572547,6
486,40,6,E,68672554,68672547,7
487,40,7,N,68772556,68772547,9
488,40,8,L,68872556,68872547,9
489,40,9,A,68972558,68972547,11
490,40,10,N,69072559,69072547,12
491,40,11,D,69172560,69172547,13
492,41,0,F,69272561,69272561,0
493,41,1,H,69372562,69372561,1
494,41,2,B,69472563,69472561,2
495,41,3,U,69572564,69572561,3
496,41,4,R,69672565,69672561,4
497,41,5,G,69772566,69772561,5
498,41,6,E,69872568,69872561,7
499,41,7,N,69972569,69972561,8
500,41,8,L,70072569,70072561,8
501,41,9,A,70172570,70172561,9
502,41,10,N,70272575,70272561,14
503,41,11,D,70372576,70372561,15
504,42,0,F,70472576,70472576,0
505,42,1,H,70572577,70572576,1
506,42,2,B,70672578,70672576,2
507,42,3,U,70772578,70772576,2
508,42,4,R,70872579,70872576,3
509,42,5,G,70972580,70972576,4
510,42,6,E,71072581,71072576,5
511,42,7,N,71172581,71172576,5
512,42,8,L,71272581,71272576,5
513,42,9,A,71372582,71372576,6
514,42,10,N,71472583,71472576,7
515,42,11,D,71572584,71572576,8
516,43,0,F,71672586,71672586,0
517,43,1,H,71772588,71772586,2
518,43,2,B,71872588,71872586,2
519,43,3,U,71972589,71972586,3
520,43,4,R,72072591,72072586,5
521,43,5,G,72172592,72172586,6
522,43,6,E,72272593,72272586,7
523,43,7,N,72372594,72372586,8
524,43,8,L,72472596,72472586,10
525,43,9,A,72572596,72572586,10
526,43,10,N,72672597,72672586,11
527,43,11,D,72772598,72772586,12
528,44,0,F,72872599,72872599,0
529,44,1,H,72972600,72972599,1
530,44,2,B,73072600,73072599,1
531,44,3,U,73172602,73172599,3
532,44,4,R,73272603,73272599,4
533,44,5,G,73372604,73372599,5
534,44,6,E,73472604,73472599,5
535,44,7,N,73572605,73572599,6
536,44,8,L,73672606,73672599,7
537,44,9,A,73772608,73772599,9
538,44,10,N,73872609,73872599,10
539,44,11,D,73972610,73972599,11
540,45,0,F,74072612,74072612,0
541,45,1,H,74172612,74172612,0
542,45,2,B,74272613,74272612,1
543,45,3,U,74372613,74372612,1
544,45,4,R,74472614,74472612,2
545,45,5,G,74572614,74572612,2
546,45,6,E,74672614,74672612,2
547,45,7,N,74772615,74772612,3
548,45,8,L,74872616,74872612,4
549,45,9,A,74972618,74972612,6
550,45,10,N,75072618,75072612,6
551,45,11,D,75172620,75172612,8
552,46,0,F,75272621,75272621,0
553,46,1,H,75372622,75372621,1
554,46,2,B,75472623,75472621,2
555,46,3,U,75572623,75572621,2
556,46,4,R,75672624,75672621,3
557,46,5,G,75772624,75772621,3
558,46,6,E,75872625,75872621,4
559,46,7,N,75972626,75972621,5
560,46,8,L,76072626,76072621,5
561,46,9,A,76172627,76172621,6
562,46,10,N,76272628,76272621,7
563,46,11,D,76372628,76372621,7
564,47,0,F,76472628,76472628,0
565,47,1,H,76572629,76572628,1
566,47,2,B,76672630,76672628,2
567,47,3,U,76772631,76772628,3
568,47,4,R,76872633,76872628,5
569,47,5,G,76972634,76972628,6
570,47,6,E,77072636,77072628,8
571,47,7,N,77172636,77172628,8
572,47,8,L,77272638,77272628,10
573,47,9,A,77372639,77372628,11
574,47,10,N,77472641,77472628,13
575,47,11,D,77572643,77572628,15
576,48,0,F,77672644,77672644,0
577,48,1,H,77772645,77772644,1
578,48,2,B,77872645,77872644,1
579,48,3,U,77972647,77972644,3
580,48,4,R,78072648,78072644,4
581,48,5,G,78172649,78172644,5
582,48,6,E,78272651,78272644,7
583,48,7,N,78372651,78372644,7
584,48,8,L,78472652,78472644,8
585,48,9,A,78572654,78572644,10
586,48,10,N,78672656,78672644,12
587,48,11,D,78772658,78772644,14
588,49,0,F,78872658,78872658,0
589,49,1,H,78972658,78972658,0
590,49,2,B,79072659,79072658,1
591,49,3,U,79172661,79172658,3
592,49,4,R,79272663,79272658,5
593,49,5,G,79372664,79372658,6
594,49,6,E,79472666,79472658,8
595,49,7,N,79572666,79572658,8
596,49,8,L,79672666,79672658,8
597,49,9,A,79772666,79772658,8
598,49,10,N,79872667,79872658,9
599,49,11,D,79972668,79972658,10
600,50,0,F,80072669,80072669,0
601,50,1,H,80172670,80172669,1
602,50,2,B,80272671,80272669,2
603,50,3,U,80372672,80372669,3
604,50,4,R,80472673,80472669,4
605,50,5,G,80572674,80572669,5
606,50,6,E,80672675,80672669,6
607,50,7,N,80772677,80772669,8
608,50,8,L,80872677,80872669,8
609,50,9,A,80972678,80972669,9
610,50,10,N,81072680,81072669,11
611,50,11,D,81172681,81172669,12
612,51,0,F,81272682,81272682,0
613,51,1,H,81372682,81372682,0
614,51,2,B,81472683,81472682,1
615,51,3,U,81572684,81572682,2
616,51,4,R,81672686,81672682,4
617,51,5,G,81772686,81772682,4
618,51,6,E,81872687,81872682,5
619,51,7,N,81972687,81972682,5
620,51,8,L,82072688,82072682,6
621,51,9,A,82172689,82172682,7
622,51,10,N,82272691,82272682,9
623,51,11,D,82372691,82372682,9
624,52,0,F,82472692,82472692,0
625,52,1,H,82572693,82572692,1
626,52,2,B,82672693,82672692,1
627,52,3,U,82772694,82772692,2
628,52,4,R,82872695,82872692,3
629,52,5,G,82972697,82972692,5
630,52,6,E,83072698,83072692,6
631,52,7,N,83172700,83172692,8
632,52,8,L,83272702,83272692,10
633,52,9,A,83372703,83372692,11
634,52,10,N,83472704,83472692,12
635,52,11,D,83572704,83572692,12
636,53,0,F,83672705,83672705,0
637,53,1,H,83772706,83772705,1
638,53,2,B,83872707,83872705,2
639,53,3,U,83972708,83972705,3
640,53,4,R,84072709,84072705,4
641,53,5,G,84172711,84172705,6
642,53,6,E,84272712,84272705,7
643,53,7,N,84372712,84372705,7
644,53,8,L,84472713,84472705,8
645,53,9,A,84572713,84572705,8
646,53,10,N,84672714,84672705,9
647,53,11,D,84772716,84772705,11
648,54,0,F,84872718,84872718,0
649,54,1,H,84972719,84972718,1
650,54,2,B,85072720,85072718,2
651,54,3,U,85172720,85172718,2
652,54,4,R,85272721,85272718,3
653,54,5,G,85372722,85372718,4
654,54,6,E,85472724,85472718,6
655,54,7,N,85572725,85572718,7
656,54,8,L,85672726,85672718,8
657,54,9,A,85772726,85772718,8
658,54,10,N,85872727,85872718,9
659,54,11,D,85972728,85972718,10
660,55,0,F,86072730,86072730,0
661,55,1,H,86172731,86172730,1
662,55,2,B,86272732,86272730,2
663,55,3,U,86372733,86372730,3
664,55,4,R,86472734,86472730,4
665,55,5,G,86572735,86572730,5
666,55,6,E,86672736,86672730,6
667,55,7,N,86772737,86772730,7
668,55,8,L,86872737,86872730,7
669,55,9,A,86972738,86972730,8
670,55,10,N,87072739,87072730,9
671,55,11,D,87172739,87172730,9
672,56,0,F,87272741,87272741,0
673,56,1,H,87372741,87372741,0
674,56,2,B,87472742,87472741,1
675,56,3,U,87572743,87572741,2
676,56,4,R,87672744,87672741,3
677,56,5,G,87772744,87772741,3
678,56,6,E,87872745,87872741,4
679,56,7,N,87972745,87972741,4
680,56,8,L,88072746,88072741,5
681,56,9,A,88172747,88172741,6
682,56,10,N,88272748,88272741,7
683,56,11,D,88372749,88372741,8
684,57,0,F,88472750,88472750,0
685,57,1,H,88572750,88572750,0
686,57,2,B,88672751,88672750,1
687,57,3,U,88772752,88772750,2
688,57,4,R,88872753,88872750,3
689,57,5,G,88972754,88972750,4
690,57,6,E,89072754,89072750,4
691,57,7,N,89172755,89172750,5
692,57,8,L,89272756,89272750,6
693,57,9,A,89372757,89372750,7
694,57,10,N,89472758,89472750,8
695,57,11,D,89572759,89572750,9
696,58,0,F,89672759,89672759,0
697,58,1,H,89772760,89772759,1
698,58,2,B,89872761,89872759,2
699,58,3,U,89972762,89972759,3
700,58,4,R,90072762,90072759,3
701,58,5,G,90172763,90172759,4
702,58,6,E,90272763,90272759,4
703,58,7,N,90372763,90372759,4
704,58,8,L,90472765,90472759,6
705,58,9,A,90572767,90572759,8
706,58,10,N,90672769,90672759,10
707,58,11,D,90772770,90772759,11
708,59,0,F,90872771,90872771,0
709,59,1,H,90972772,90972771,1
710,59,2,B,91072773,91072771,2
711,59,3,U,91172774,91172771,3
712,59,4,R,91272775,91272771,4
713,59,5,G,91372775,91372771,4
714,59,6,E,91472776,91472771,5
715,59,7,N,91572776,91572771,5
716,59,8,L,91672777,91672771,6
717,59,9,A,91772778,91772771,7
718,59,10,N,91872779,91872771,8
719,59,11,D,91972780,91972771,9
720,60,0,F,92072782,92072782,0
721,60,1,H,92172783,92172782,1
722,60,2,B,92272785,92272782,3
723,60,3,U,92372786,92372782,4
724,60,4,R,92472787,92472782,5
725,60,5,G,92572788,92572782,6
726,60,6,E,92672789,92672782,7
727,60,7,N,92772789,92772782,7
728,60,8,L,92872791,92872782,9
729,60,9,A,92972792,92972782,10
730,60,10,N,93072792,93072782,10
731,60,11,D,93172793,93172782,11
732,61,0,F,93272794,93272794,0
733,61,1,H,93372794,93372794,0
734,61,2,B,93472794,93472794,0
735,61,3,U,93572795,93572794,1
736,61,4,R,93672796,93672794,2
737,61,5,G,93772797,93772794,3
738,61,6,E,93872798,93872794,4
739,61,7,N,93972800,93972794,6
740,61,8,L,94072801,94072794,7
741,61,9,A,94172802,94172794,8
742,61,10,N,94272803,94272794,9
743,61,11,D,94372804,94372794,10
744,62,0,F,94472805,94472805,0
745,62,1,H,94572806,94572805,1
746,62,2,B,94672807,94672805,2
747,62,3,U,94772808,94772805,3
748,62,4,R,94872808,94872805,3
749,62,5,G,94972809,94972805,4
750,62,6,E,95072810,95072805,5
751,62,7,N,95172811,95172805,6
752,62,8,L,95272811,95272805,6
753,62,9,A,95372812,95372805,7
754,62,10,N,95472813,95472805,8
755,62,11,D,95572813,95572805,8
756,63,0,F,95672814,95672814,0
757,63,1,H,95772815,95772814,1
758,63,2,B,95872816,95872814,2
759,63,3,U,95972817,95972814,3
760,63,4,R,96072817,96072814,3
761,63,5,G,96172818,96172814,4
762,63,6,E,96272819,96272814,5
763,63,7,N,96372819,96372814,5
764,63,8,L,96472821,96472814,7
765,63,9,A,96572822,96572814,8
766,63,10,N,96672823,96672814,9
767,63,11,D,96772823,96772814,9
768,64,0,F,96872824,96872824,0
769,64,1,H,96972824,96972824,0
770,64,2,B,97072825,97072824,1
771,64,3,U,97172826,97172824,2
772,64,4,R,97272827,97272824,3
773,64,5,G,97372827,97372824,3
774,64,6,E,97472828,97472824,4
775,64,7,N,97572830,97572824,6
776,64,8,L,97672831,97672824,7
777,64,9,A,97772831,97772824,7
778,64,10,N,97872832,97872824,8
779,64,11,D,97972832,97972824,8
780,65,0,F,98072833,98072833,0
781,65,1,H,98172834,98172833,1
782,65,2,B,98272836,98272833,3
783,65,3,U,98372837,98372833,4
784,65,4,R,98472837,98472833,4
785,65,5,G,98572839,98572833,6
786,65,6,E,98672840,98672833,7
787,65,7,N,98772841,98772833,8
788,65,8,L,98872841,98872833,8
789,65,9,A,98972843,98972833,10
790,65,10,N,99072843,99072833,10
791,65,11,D,99172844,99172833,11
792,66,0,F,99272845,99272845,0
793,66,1,H,99372846,99372845,1
794,66,2,B,99472847,99472845,2
795,66,3,U,99572848,99572845,3
796,66,4,R,99672849,99672845,4
797,66,5,G,99772851,99772845,6
798,66,6,E,99872852,99872845,7
799,66,7,N,99972852,99972845,7
800,66,8,L,100072853,100072845,8
801,66,9,A,100172855,100172845,10
802,66,10,N,100272856,100272845,11
803,66,11,D,100372857,100372845,12
804,67,0,F,100472858,100472858,0
805,67,1,H,100572859,100572858,1
806,67,2,B,100672860,100672858,2
807,67,3,U,100772861,100772858,3
808,67,4,R,100872862,100872858,4
809,67,5,G,100972862,100972858,4
810,67,6,E,101072862,101072858,4
811,67,7,N,101172863,101172858,5
812,67,8,L,101272864,101272858,6
813,67,9,A,101372865,101372858,7
814,67,10,N,101472865,101472858,7
815,67,11,D,101572866,101572858,8
816,68,0,F,101672868,101672868,0
817,68,1,H,101772869,101772868,1
818,68,2,B,101872870,101872868,2
819,68,3,U,101972871,101972868,3
820,68,4,R,102072872,102072868,4
821,68,5,G,102172872,102172868,4
822,68,6,E,102272874,102272868,6
823,68,7,N,102372876,102372868,8
824,68,8,L,102472877,102472868,9
825,68,9,A,102572877,102572868,9
826,68,10,N,102672878,102672868,10
827,68,11,D,102772879,102772868,11
828,69,0,F,102872880,102872880,0
829,69,1,H,102972881,102972880,1
830,69,2,B,103072883,103072880,3
831,69,3,U,103172884,103172880,4
832,69,4,R,103272885,103272880,5
833,69,5,G,103372887,103372880,7
834,69,6,E,103472888,103472880,8
835,69,7,N,103572889,103572880,9
836,69,8,L,103672890,103672880,10
837,69,9,A,103772892,103772880,12
838,69,10,N,103872892,103872880,12
839,69,11,D,103972893,103972880,13
840,70,0,F,104072894,104072894,0
841,70,1,H,104172895,104172894,1
842,70,2,B,104272897,104272894,3
843,70,3,U,104372898,104372894,4
844,70,4,R,104472899,104472894,5
845,70,5,G,104572900,104572894,6
846,70,6,E,104672901,104672894,7
847,70,7,N,104772902,104772894,8
848,70,8,L,104872902,104872894,8
849,70,9,A,104972903,104972894,9
850,70,10,N,105072904,105072894,10
851,70,11,D,105172906,105172894,12
852,71,0,F,105272908,105272908,0
853,71,1,H,105372909,105372908,1
854,71,2,B,105472910,105472908,2
855,71,3,U,105572910,105572908,2
856,71,4,R,105672911,105672908,3
857,71,5,G,105772911,105772908,3
858,71,6,E,105872912,105872908,4
859,71,7,N,105972913,105972908,5
860,71,8,L,106072914,106072908,6
861,71,9,A,106172914,106172908,6
862,71,10,N,106272916,106272908,8
863,71,11,D,106372916,106372908,8
864,72,0,F,106472917,106472917,0
865,72,1,H,106572918,106572917,1
866,72,2,B,106672919,106672917,2
867,72,3,U,106772921,106772917,4
868,72,4,R,106872922,106872917,5
869,72,5,G,106972923,106972917,6
870,72,6,E,107072923,107072917,6
871,72,7,N,107172924,107172917,7
872,72,8,L,107272925,107272917,8
873,72,9,A,107372926,107372917,9
874,72,10,N,107472926,107472917,9
875,72,11,D,107572927,107572917,10
876,73,0,F,107672929,107672929,0
877,73,1,H,107772930,107772929,1
878,73,2,B,107872930,107872929,1
879,73,3,U,107972931,107972929,2
880,73,4,R,108072932,108072929,3
881,73,5,G,108172934,108172929,5
882,73,6,E,108272936,108272929,7
883,73,7,N,108372937,108372929,8
884,73,8,L,108472938,108472929,9
885,73,9,A,108572938,108572929,9
886,73,10,N,108672939,108672929,10
887,73,11,D,108772940,108772929,11
888,74,0,F,108872941,108872941,0
889,74,1,H,108972941,108972941,0
890,74,2,B,109072942,109072941,1
891,74,3,U,109172943,109172941,2
892,74,4,R,109272944,109272941,3
893,74,5,G,109372945,109372941,4
894,74,6,E,109472947,109472941,6
895,74,7,N,109572948,109572941,7
896,74,8,L,109672949,109672941,8
897,74,9,A,109772950,109772941,9
898,74,10,N,109872950,109872941,9
899,74,11,D,109972951,109972941,10
900,75,0,F,110072951,110072951,0
901,75,1,H,110172952,110172951,1
902,75,2,B,110272953,110272951,2
903,75,3,U,110372955,110372951,4
904,75,4,R,110472956,110472951,5
905,75,5,G,110572957,110572951,6
906,75,6,E,110672957,110672951,6
907,75,7,N,110772958,110772951,7
908,75,8,L,110872959,110872951,8
909,75,9,A,110972960,110972951,9
910,75,10,N,111072961,111072951,10
911,75,11,D,111172962,111172951,11
912,76,0,F,111272964,111272964,0
913,76,1,H,111372965,111372964,1
914,76,2,B,111472966,111472964,2
915,76,3,U,111572966,111572964,2
916,76,4,R,111672967,111672964,3
917,76,5,G,111772967,111772964,3
918,76,6,E,111872967,111872964,3
919,76,7,N,111972968,111972964,4
920,76,8,L,112072969,112072964,5
921,76,9,A,112172970,112172964,6
922,76,10,N,112272971,112272964,7
923,76,11,D,112372971,112372964,7
924,77,0,F,112472973,112472973,0
925,77,1,H,112572974,112572973,1
926,77,2,B,112672975,112672973,2
927,77,3,U,112772975,112772973,2
928,77,4,R,112872976,112872973,3
929,77,5,G,112972978,112972973,5
930,77,6,E,113072979,113072973,6
931,77,7,N,113172980,113172973,7
932,77,8,L,113272981,113272973,8
933,77,9,A,113372981,113372973,8
934,77,10,N,113472982,113472973,9
935,77,11,D,113572984,113572973,11
936,78,0,F,113672985,113672985,0
937,78,1,H,113772986,113772985,1
938,78,2,B,113872987,113872985,2
939,78,3,U,113972988,113972985,3
940,78,4,R,114072989,114072985,4
941,78,5,G,114172990,114172985,5
942,78,6,E,114272991,114272985,6
943,78,7,N,114372992,114372985,7
944,78,8,L,114472993,114472985,8
945,78,9,A,114572994,114572985,9
946,78,10,N,114672994,114672985,9
947,78,11,D,114772995,114772985,10
948,79,0,F,114872997,114872997,0
949,79,1,H,114972998,114972997,1
950,79,2,B,115072999,115072997,2
951,79,3,U,115173000,115172997,3
952,79,4,R,115273001,115272997,4
953,79,5,G,115373002,115372997,5
954,79,6,E,115473002,115472997,5
955,79,7,N,115573004,115572997,7
956,79,8,L,115673005,115672997,8
957,79,9,A,115773007,115772997,10
958,79,10,N,115873008,115872997,11
959,79,11,D,115973009,115972997,12
960,80,0,F,116073010,116073010,0
961,80,1,H,116173012,116173010,2
962,80,2,B,116273013,116273010,3
963,80,3,U,116373015,116373010,5
964,80,4,R,116473015,116473010,5
965,80,5,G,116573016,116573010,6
966,80,6,E,116673017,116673010,7
967,80,7,N,116773018,116773010,8
968,80,8,L,116873018,116873010,8
969,80,9,A,116973019,116973010,9
970,80,10,N,117073020,117073010,10
971,80,11,D,117173021,117173010,11
972,81,0,F,117273023,117273023,0
973,81,1,H,117373023,117373023,0
974,81,2,B,117473024,117473023,1
975,81,3,U,117573024,117573023,1
976,81,4,R,117673025,117673023,2
977,81,5,G,117773026,117773023,3
978,81,6,E,117873027,117873023,4
979,81,7,N,117973028,117973023,5
980,81,8,L,118073029,118073023,6
981,81,9,A,118173030,118173023,7
982,81,10,N,118273032,118273023,9
983,81,11,D,118373032,118373023,9
984,82,0,F,118473032,118473032,0
985,82,1,H,118573033,118573032,1
986,82,2,B,118673034,118673032,2
987,82,3,U,118773034,118773032,2
988,82,4,R,118873035,118873032,3
989,82,5,G,118973036,118973032,4
990,82,6,E,119073037,119073032,5
991,82,7,N,119173038,119173032,6
992,82,8,L,119273039,119273032,7
993,82,9,A,119373040,119373032,8
994,82,10,N,119473041,119473032,9
995,82,11,D,119573041,119573032,9
996,83,0,F,119673042,119673042,0
997,83,1,H,119773043,119773042,1
998,83,2,B,119873044,119873042,2
999,83,3,U,119973046,119973042,4
1000,83,4,R,120073047,120073042,5
1001,83,5,G,120173048,120173042,6
1002,83,6,E,120273049,120273042,7
1003,83,7,N,120373050,120373042,8
1004,83,8,L,120473051,120473042,9
1005,83,9,A,120573053,120573042,11
1006,83,10,N,120673054,120673042,12
1007,83,11,D,120773055,120773042,13
1008,84,0,F,120873056,120873056,0
1009,84,1,H,120973057,120973056,1
1010,84,2,B,121073058,121073056,2
1011,84,3,U,121173059,121173056,3
1012,84,4,R,121273063,121273056,7
1013,84,5,G,121373064,121373056,8
1014,84,6,E,121473064,121473056,8
1015,84,7,N,121573065,121573056,9
1016,84,8,L,121673066,121673056,10
1017,84,9,A,121773067,121773056,11
1018,84,10,N,121873068,121873056,12
1019,84,11,D,121973069,121973056,13
1020,85,0,F,122073069,122073069,0
1021,85,1,H,122173070,122173069,1
1022,85,2,B,122273071,122273069,2
1023,85,3,U,122373072,122373069,3
1024,85,4,R,122473074,122473069,5
1025,85,5,G,122573076,122573069,7
1026,85,6,E,122673077,122673069,8
1027,85,7,N,122773078,122773069,9
1028,85,8,L,122873080,122873069,11
1029,85,9,A,122973082,122973069,13
1030,85,10,N,123073083,123073069,14
1031,85,11,D,123173084,123173069,15
1032,86,0,F,123273085,123273085,0
1033,86,1,H,123373085,123373085,0
1034,86,2,B,123473087,123473085,2
1035,86,3,U,123573088,123573085,3
1036,86,4,R,123673089,123673085,4
1037,86,5,G,123773091,123773085,6
1038,86,6,E,123873092,123873085,7
1039,86,7,N,123973093,123973085,8
1040,86,8,L,124073093,124073085,8
1041,86,9,A,124173094,124173085,9
1042,86,10,N,124273096,124273085,11
1043,86,11,D,124373096,124373085,11
1044,87,0,F,124473098,124473098,0
1045,87,1,H,124573099,124573098,1
1046,87,2,B,124673100,124673098,2
1047,87,3,U,124773101,124773098,3
1048,87,4,R,124873101,124873098,3
1049,87,5,G,124973103,124973098,5
1050,87,6,E,125073103,125073098,5
1051,87,7,N,125173103,125173098,5
1052,87,8,L,125273104,125273098,6
1053,87,9,A,125373104,125373098,6
1054,87,10,N,125473105,125473098,7
1055,87,11,D,125573105,125573098,7
1056,88,0,F,125673107,125673107,0
1057,88,1,H,125773108,125773107,1
1058,88,2,B,125873109,125873107,2
1059,88,3,U,125973110,125973107,3
1060,88,4,R,126073111,126073107,4
1061,88,5,G,126173112,126173107,5
1062,88,6,E,126273113,126273107,6
1063,88,7,N,126373113,126373107,6
1064,88,8,L,126473114,126473107,7
1065,88,9,A,126573115,126573107,8
1066,88,10,N,126673115,126673107,8
1067,88,11,D,126773116,126773107,9
1068,89,0,F,126873117,126873117,0
1069,89,1,H,126973119,126973117,2
1070,89,2,B,127073120,127073117,3
1071,89,3,U,127173121,127173117,4
1072,89,4,R,127273122,127273117,5
1073,89,5,G,127373123,127373117,6
1074,89,6,E,127473123,127473117,6
1075,89,7,N,127573125,127573117,8
1076,89,8,L,127673126,127673117,9
1077,89,9,A,127773126,127773117,9
1078,89,10,N,127873127,127873117,10
1079,89,11,D,127973127,127973117,10
1080,90,0,F,128073128,128073128,0
1081,90,1,H,128173129,128173128,1
1082,90,2,B,128273130,128273128,2
1083,90,3,U,128373130,128373128,2
1084,90,4,R,128473131,128473128,3
1085,90,5,G,128573132,128573128,4
1086,90,6,E,128673133,128673128,5
1087,90,7,N,128773135,128773128,7
1088,90,8,L,128873135,128873128,7
1089,90,9,A,128973136,128973128,8
1090,90,10,N,129073138,129073128,10
1091,90,11,D,129173139,129173128,11
1092,91,0,F,129273140,129273140,0
1093,91,1,H,129373141,129373140,1
1094,91,2,B,129473141,129473140,1
1095,91,3,U,129573143,129573140,3
1096,91,4,R,129673143,129673140,3
1097,91,5,G,129773144,129773140,4
1098,91,6,E,129873145,129873140,5
1099,91,7,N,129973146,129973140,6
1100,91,8,L,130073147,130073140,7
1101,91,9,A,130173148,130173140,8
1102,91,10,N,130273149,130273140,9
1103,91,11,D,130373150,130373140,10
1104,92,0,F,130473151,130473151,0
1105,92,1,H,130573151,130573151,0
1106,92,2,B,130673153,130673151,2
1107,92,3,U,130773154,130773151,3
1108,92,4,R,130873155,130873151,4
1109,92,5,G,130973156,130973151,5
1110,92,6,E,131073157,131073151,6
1111,92,7,N,131173158,131173151,7
1112,92,8,L,131273159,131273151,8
1113,92,9,A,131373159,131373151,8
1114,92,10,N,131473160,131473151,9
1115,92,11,D,131573161,131573151,10
1116,93,0,F,131673161,131673161,0
1117,93,1,H,131773162,131773161,1
1118,93,2,B,131873163,131873161,2
1119,93,3,U,131973165,131973161,4
1120,93,4,R,132073166,132073161,5
1121,93,5,G,132173167,132173161,6
1122,93,6,E,132273168,132273161,7
1123,93,7,N,132373168,132373161,7
1124,93,8,L,132473169,132473161,8
1125,93,9,A,132573170,132573161,9
1126,93,10,N,132673170,132673161,9
1127,93,11,D,132773172,132773161,11
1128,94,0,F,132873172,132873172,0
1129,94,1,H,132973173,132973172,1
1130,94,2,B,133073174,133073172,2
1131,94,3,U,133173174,133173172,2
1132,94,4,R,133273176,133273172,4
1133,94,5,G,133373176,133373172,4
1134,94,6,E,133473177,133473172,5
1135,94,7,N,133573178,133573172,6
1136,94,8,L,133673179,133673172,7
1137,94,9,A,133773180,133773172,8
1138,94,10,N,133873180,133873172,8
1139,94,11,D,133973181,133973172,9
1140,95,0,F,134073182,134073182,0
1141,95,1,H,134173183,134173182,1
1142,95,2,B,134273184,134273182,2
1143,95,3,U,134373185,134373182,3
1144,95,4,R,134473186,134473182,4
1145,95,5,G,134573187,134573182,5
1146,95,6,E,134673188,134673182,6
1147,95,7,N,134773189,134773182,7
1148,95,8,L,134873191,134873182,9
1149,95,9,A,134973192,134973182,10
1150,95,10,N,135073193,135073182,11
1151,95,11,D,135173194,135173182,12
1152,96,0,F,135273195,135273195,0
1153,96,1,H,135373197,135373195,2
1154,96,2,B,135473197,135473195,2
1155,96,3,U,135573199,135573195,4
1156,96,4,R,135673200,135673195,5
1157,96,5,G,135773201,135773195,6
1158,96,6,E,135873203,135873195,8
1159,96,7,N,135973205,135973195,10
1160,96,8,L,136073206,136073195,11
1161,96,9,A,136173206,136173195,11
1162,96,10,N,136273208,136273195,13
1163,96,11,D,136373209,136373195,14
1164,97,0,F,136473210,136473210,0
1165,97,1,H,136573211,136573210,1
1166,97,2,B,136673212,136673210,2
1167,97,3,U,136773213,136773210,3
1168,97,4,R,136873214,136873210,4
1169,97,5,G,136973215,136973210,5
1170,97,6,E,137073215,137073210,5
1171,97,7,N,137173216,137173210,6
1172,97,8,L,137273217,137273210,7
1173,97,9,A,137373218,137373210,8
1174,97,10,N,137473218,137473210,8
1175,97,11,D,137573219,137573210,9
1176,98,0,F,137673220,137673220,0
1177,98,1,H,137773220,137773220,0
1178,98,2,B,137873222,137873220,2
1179,98,3,U,137973223,137973220,3
1180,98,4,R,138073224,138073220,4
1181,98,5,G,138173224,138173220,4
1182,98,6,E,138273225,138273220,5
1183,98,7,N,138373226,138373220,6
1184,98,8,L,138473227,138473220,7
1185,98,9,A,138573229,138573220,9
1186,98,10,N,138673230,138673220,10
1187,98,11,D,138773231,138773220,11
1188,99,0,F,138873232,138873232,0
1189,99,1,H,138973233,138973232,1
1190,99,2,B,139073234,139073232,2
1191,99,3,U,139173235,139173232,3
1192,99,4,R,139273236,139273232,4
1193,99,5,G,139373238,139373232,6
1194,99,6,E,139473240,139473232,8
1195,99,7,N,139573241,139573232,9
1196,99,8,L,139673241,139673232,9
1197,99,9,A,139773243,139773232,11
1198,99,10,N,139873244,139873232,12
1199,99,11,D,139973245,139973232,13
1200,100,0,F,140073247,140073247,0
1201,100,1,H,140173249,140173247,2
1202,100,2,B,140273250,140273247,3
1203,100,3,U,140373251,140373247,4
1204,100,4,R,140473252,140473247,5
1205,100,5,G,140573253,140573247,6
1206,100,6,E,140673254,140673247,7
1207,100,7,N,140773255,140773247,8
1208,100,8,L,140873255,140873247,8
1209,100,9,A,140973256,140973247,9
1210,100,10,N,141073257,141073247,10
1211,100,11,D,141173258,141173247,11
1212,101,0,F,141273260,141273260,0
1213,101,1,H,141373260,141373260,0
1214,101,2,B,141473261,141473260,1
1215,101,3,U,141573262,141573260,2
1216,101,4,R,141673263,141673260,3
1217,101,5,G,141773264,141773260,4
1218,101,6,E,141873265,141873260,5
1219,101,7,N,141973267,141973260,7
1220,101,8,L,142073268,142073260,8
1221,101,9,A,142173270,142173260,10
1222,101,10,N,142273272,142273260,12
1223,101,11,D,142373273,142373260,13
1224,102,0,F,142473274,142473274,0
1225,102,1,H,142573275,142573274,1
1226,102,2,B,142673276,142673274,2
1227,102,3,U,142773277,142773274,3
1228,102,4,R,142873278,142873274,4
1229,102,5,G,142973280,142973274,6
1230,102,6,E,143073281,143073274,7
1231,102,7,N,143173282,143173274,8
1232,102,8,L,143273283,143273274,9
1233,102,9,A,143373284,143373274,10
1234,102,10,N,143473285,143473274,11
1235,102,11,D,143573285,143573274,11
1236,103,0,F,143673286,143673286,0
1237,103,1,H,143773287,143773286,1
1238,103,2,B,143873288,143873286,2
1239,103,3,U,143973290,143973286,4
1240,103,4,R,144073291,144073286,5
1241,103,5,G,144173292,144173286,6
1242,103,6,E,144273294,144273286,8
1243,103,7,N,144373295,144373286,9
1244,103,8,L,144473296,144473286,10
1245,103,9,A,144573297,144573286,11
1246,103,10,N,144673298,144673286,12
1247,103,11,D,144773298,144773286,12
1248,104,0,F,144873299,144873299,0
1249,104,1,H,144973300,144973299,1
1250,104,2,B,145073302,145073299,3
1251,104,3,U,145173302,145173299,3
1252,104,4,R,145273303,145273299,4
1253,104,5,G,145373304,145373299,5
1254,104,6,E,145473305,145473299,6
1255,104,7,N,145573305,145573299,6
1256,104,8,L,145673306,145673299,7
1257,104,9,A,145773307,145773299,8
1258,104,10,N,145873309,145873299,10
1259,104,11,D,145973310,145973299,11
1260,105,0,F,146073311,146073311,0
1261,105,1,H,146173312,146173311,1
1262,105,2,B,146273313,146273311,2
1263,105,3,U,146373313,146373311,2
1264,105,4,R,146473314,146473311,3
1265,105,5,G,146573315,146573311,4
1266,105,6,E,146673316,146673311,5
1267,105,7,N,146773318,146773311,7
1268,105,8,L,146873320,146873311,9
1269,105,9,A,146973321,146973311,10
1270,105,10,N,147073321,147073311,10
1271,105,11,D,147173322,147173311,11
1272,106,0,F,147273323,147273323,0
1273,106,1,H,147373324,147373323,1
1274,106,2,B,147473325,147473323,2
1275,106,3,U,147573326,147573323,3
1276,106,4,R,147673326,147673323,3
1277,106,5,G,147773327,147773323,4
1278,106,6,E,147873327,147873323,4
1279,106,7,N,147973328,147973323,5
1280,106,8,L,148073329,148073323,6
1281,106,9,A,148173329,148173323,6
1282,106,10,N,148273331,148273323,8
1283,106,11,D,148373332,148373323,9
1284,107,0,F,148473333,148473333,0
1285,107,1,H,148573334,148573333,1
1286,107,2,B,148673335,148673333,2
1287,107,3,U,148773336,148773333,3
1288,107,4,R,148873336,148873333,3
1289,107,5,G,148973337,148973333,4
1290,107,6,E,149073337,149073333,4
1291,107,7,N,149173338,149173333,5
1292,107,8,L,149273339,149273333,6
1293,107,9,A,149373341,149373333,8
1294,107,10,N,149473342,149473333,9
1295,107,11,D,149573343,149573333,10
1296,108,0,F,149673344,149673344,0
1297,108,1,H,149773346,149773344,2
1298,108,2,B,149873346,149873344,2
1299,108,3,U,149973347,149973344,3
1300,108,4,R,150073348,150073344,4
1301,108,5,G,150173349,150173344,5
1302,108,6,E,150273351,150273344,7
1303,108,7,N,150373352,150373344,8
1304,108,8,L,150473353,150473344,9
1305,108,9,A,150573354,150573344,10
1306,108,10,N,150673354,150673344,10
1307,108,11,D,150773355,150773344,11
1308,109,0,F,150873355,150873355,0
1309,109,1,H,150973357,150973355,2
1310,109,2,B,151073358,151073355,3
1311,109,3,U,151173360,151173355,5
1312,109,4,R,151273361,151273355,6
1313,109,5,G,151373363,151373355,8
1314,109,6,E,151473364,151473355,9
1315,109,7,N,151573365,151573355,10
1316,109,8,L,151673366,151673355,11
1317,109,9,A,151773366,151773355,11
1318,109,10,N,151873366,151873355,11
1319,109,11,D,151973367,151973355,12
1320,110,0,F,152073369,152073369,0
1321,110,1,H,152173370,152173369,1
1322,110,2,B,152273371,152273369,2
1323,110,3,U,152373372,152373369,3
1324,110,4,R,152473372,152473369,3
1325,110,5,G,152573373,152573369,4
1326,110,6,E,152673373,152673369,4
1327,110,7,N,152773374,152773369,5
1328,110,8,L,152873374,152873369,5
1329,110,9,A,152973375,152973369,6
1330,110,10,N,153073376,153073369,7
1331,110,11,D,153173377,153173369,8
1332,111,0,F,153273378,153273378,0
1333,111,1,H,153373379,153373378,1
1334,111,2,B,153473380,153473378,2
1335,111,3,U,153573381,153573378,3
1336,111,4,R,153673382,153673378,4
1337,111,5,G,153773383,153773378,5
1338,111,6,E,153873384,153873378,6
1339,111,7,N,153973385,153973378,7
1340,111,8,L,154073386,154073378,8
1341,111,9,A,154173387,154173378,9
1342,111,10,N,154273388,154273378,10
1343,111,11,D,154373389,154373378,11
1344,112,0,F,154473390,154473390,0
1345,112,1,H,154573391,154573390,1
1346,112,2,B,154673391,154673390,1
1347,112,3,U,154773392,154773390,2
1348,112,4,R,154873392,154873390,2
1349,112,5,G,154973394,154973390,4
1350,112,6,E,155073395,155073390,5
1351,112,7,N,155173396,155173390,6
1352,112,8,L,155273398,155273390,8
1353,112,9,A,155373399,155373390,9
1354,112,10,N,155473400,155473390,10
1355,112,11,D,155573401,155573390,11
1356,113,0,F,155673402,155673402,0
1357,113,1,H,155773404,155773402,2
1358,113,2,B,155873405,155873402,3
1359,113,3,U,155973405,155973402,3
1360,113,4,R,156073407,156073402,5
1361,113,5,G,156173409,156173402,7
1362,113,6,E,156273410,156273402,8
1363,113,7,N,156373411,156373402,9
1364,113,8,L,156473413,156473402,11
1365,113,9,A,156573415,156573402,13
1366,113,10,N,156673416,156673402,14
1367,113,11,D,156773417,156773402,15
1368,114,0,F,156873418,156873418,0
1369,114,1,H,156973419,156973418,1
1370,114,2,B,157073419,157073418,1
1371,114,3,U,157173420,157173418,2
1372,114,4,R,157273427,157273418,9
1373,114,5,G,157373428,157373418,10
1374,114,6,E,157473429,157473418,11
1375,114,7,N,157573431,157573418,13
1376,114,8,L,157673433,157673418,15
1377,114,9,A,157773435,157773418,17
1378,114,10,N,157873436,157873418,18
1379,114,11,D,157973437,157973418,19
1380,115,0,F,158073438,158073438,0
1381,115,1,H,158173439,158173438,1
1382,115,2,B,158273440,158273438,2
1383,115,3,U,158373440,158373438,2
1384,115,4,R,158473441,158473438,3
1385,115,5,G,158573442,158573438,4
1386,115,6,E,158673443,158673438,5
1387,115,7,N,158773444,158773438,6
1388,115,8,L,158873445,158873438,7
1389,115,9,A,158973446,158973438,8
1390,115,10,N,159073447,159073438,9
1391,115,11,D,159173448,159173438,10
1392,116,0,F,159273449,159273449,0
1393,116,1,H,159373450,159373449,1
1394,116,2,B,159473451,159473449,2
1395,116,3,U,159573452,159573449,3
1396,116,4,R,159673453,159673449,4
1397,116,5,G,159773454,159773449,5
1398,116,6,E,159873455,159873449,6
1399,116,7,N,159973456,159973449,7
1400,116,8,L,160073456,160073449,7
1401,116,9,A,160173456,160173449,7
1402,116,10,N,160273457,160273449,8
1403,116,11,D,160373458,160373449,9
1404,117,0,F,160473459,160473459,0
1405,117,1,H,160573461,160573459,2
1406,117,2,B,160673463,160673459,4
1407,117,3,U,160773464,160773459,5
1408,117,4,R,160873465,160873459,6
1409,117,5,G,160973466,160973459,7
1410,117,6,E,161073466,161073459,7
1411,117,7,N,161173467,161173459,8
1412,117,8,L,161273469,161273459,10
1413,117,9,A,161373470,161373459,11
1414,117,10,N,161473471,161473459,12
1415,117,11,D,161573472,161573459,13
1416,118,0,F,161673473,161673473,0
1417,118,1,H,161773474,161773473,1
1418,118,2,B,161873474,161873473,1
1419,118,3,U,161973475,161973473,2
1420,118,4,R,162073476,162073473,3
1421,118,5,G,162173477,162173473,4
1422,118,6,E,162273479,162273473,6
1423,118,7,N,162373480,162373473,7
1424,118,8,L,162473481,162473473,8
1425,118,9,A,162573482,162573473,9
1426,118,10,N,162673483,162673473,10
1427,118,11,D,162773483,162773473,10
1428,119,0,F,162873484,162873484,0
1429,119,1,H,162973485,162973484,1
1430,119,2,B,163073487,163073484,3
1431,119,3,U,163173487,163173484,3
1432,119,4,R,163273489,163273484,5
1433,119,5,G,163373490,163373484,6
1434,119,6,E,163473492,163473484,8
1435,119,7,N,163573493,163573484,9
1436,119,8,L,163673493,163673484,9
1437,119,9,A,163773493,163773484,9
1438,119,10,N,163873494,163873484,10
1439,119,11,D,163973494,163973484,10
1440,120,0,F,164073495,164073495,0
1441,120,1,H,164173496,164173495,1
1442,120,2,B,164273498,164273495,3
1443,120,3,U,164373498,164373495,3
1444,120,4,R,164473499,164473495,4
1445,120,5,G,164573500,164573495,5
1446,120,6,E,164673501,164673495,6
1447,120,7,N,164773501,164773495,6
1448,120,8,L,164873502,164873495,7
1449,120,9,A,164973503,164973495,8
1450,120,10,N,165073504,165073495,9
1451,120,11,D,165173505,165173495,10
1452,121,0,F,165273506,165273506,0
1453,121,1,H,165373507,165373506,1
1454,121,2,B,165473508,165473506,2
1455,121,3,U,165573509,165573506,3
1456,121,4,R,165673510,165673506,4
1457,121,5,G,165773511,165773506,5
1458,121,6,E,165873512,165873506,6
1459,121,7,N,165973513,165973506,7
1460,121,8,L,166073514,166073506,8
1461,121,9,A,166173515,166173506,9
1462,121,10,N,166273516,166273506,10
1463,121,11,D,166373516,166373506,10
1464,122,0,F,166473517,166473517,0
1465,122,1,H,166573518,166573517,1
1466,122,2,B,166673520,166673517,3
1467,122,3,U,166773521,166773517,4
1468,122,4,R,166873522,166873517,5
1469,122,5,G,166973522,166973517,5
1470,122,6,E,167073522,167073517,5
1471,122,7,N,167173523,167173517,6
1472,122,8,L,167273524,167273517,7
1473,122,9,A,167373525,167373517,8
1474,122,10,N,167473526,167473517,9
1475,122,11,D,167573526,167573517,9
1476,123,0,F,167673526,167673526,0
1477,123,1,H,167773526,167773526,0
1478,123,2,B,167873528,167873526,2
1479,123,3,U,167973529,167973526,3
1480,123,4,R,168073530,168073526,4
1481,123,5,G,168173532,168173526,6
1482,123,6,E,168273533,168273526,7
1483,123,7,N,168373534,168373526,8
1484,123,8,L,168473535,168473526,9
1485,123,9,A,168573537,168573526,11
1486,123,10,N,168673538,168673526,12
1487,123,11,D,168773539,168773526,13
1488,124,0,F,168873539,168873539,0
1489,124,1,H,168973540,168973539,1
1490,124,2,B,169073541,169073539,2
1491,124,3,U,169173542,169173539,3
1492,124,4,R,169273543,169273539,4
1493,124,5,G,169373543,169373539,4
1494,124,6,E,169473544,169473539,5
1495,124,7,N,169573545,169573539,6
1496,124,8,L,169673546,169673539,7
1497,124,9,A,169773547,169773539,8
1498,124,10,N,169873548,169873539,9
1499,124,11,D,169973549,169973539,10
1500,125,0,F,170073550,170073550,0
1501,125,1,H,170173551,170173550,1
1502,125,2,B,170273552,170273550,2
1503,125,3,U,170373552,170373550,2
1504,125,4,R,170473554,170473550,4
1505,125,5,G,170573555,170573550,5
1506,125,6,E,170673556,170673550,6
1507,125,7,N,170773557,170773550,7
1508,125,8,L,170873558,170873550,8
1509,125,9,A,170973559,170973550,9
1510,125,10,N,171073560,171073550,10
1511,125,11,D,171173560,171173550,10
1512,126,0,F,171273561,171273561,0
1513,126,1,H,171373562,171373561,1
1514,126,2,B,171473563,171473561,2
1515,126,3,U,171573563,171573561,2
1516,126,4,R,171673564,171673561,3
1517,126,5,G,171773565,171773561,4
1518,126,6,E,171873566,171873561,5
1519,126,7,N,171973567,171973561,6
1520,126,8,L,172073567,172073561,6
1521,126,9,A,172173568,172173561,7
1522,126,10,N,172273569,172273561,8
1523,126,11,D,172373571,172373561,10
1524,127,0,F,172473573,172473573,0
1525,127,1,H,172573574,172573573,1
1526,127,2,B,172673574,172673573,1
1527,127,3,U,172773576,172773573,3
1528,127,4,R,172873577,172873573,4
1529,127,5,G,172973577,172973573,4
1530,127,6,E,173073578,173073573,5
1531,127,7,N,173173579,173173573,6
1532,127,8,L,173273580,173273573,7
1533,127,9,A,173373581,173373573,8
1534,127,10,N,173473582,173473573,9
1535,127,11,D,173573583,173573573,10
1536,128,0,F,173673584,173673584,0
1537,128,1,H,173773586,173773584,2
1538,128,2,B,173873586,173873584,2
1539,128,3,U,173973587,173973584,3
1540,128,4,R,174073588,174073584,4
1541,128,5,G,174173590,174173584,6
1542,128,6,E,174273592,174273584,8
1543,128,7,N,174373593,174373584,9
1544,128,8,L,174473594,174473584,10
1545,128,9,A,174573595,174573584,11
1546,128,10,N,174673596,174673584,12
1547,128,11,D,174773597,174773584,13
1548,129,0,F,174873599,174873599,0
1549,129,1,H,174973600,174973599,1
1550,129,2,B,175073601,175073599,2
1551,129,3,U,175173601,175173599,2
1552,129,4,R,175273602,175273599,3
1553,129,5,G,175373602,175373599,3
1554,129,6,E,175473603,175473599,4
1555,129,7,N,175573604,175573599,5
1556,129,8,L,175673605,175673599,6
1557,129,9,A,175773606,175773599,7
1558,129,10,N,175873607,175873599,8
1559,129,11,D,175973608,175973599,9
1560,130,0,F,176073609,176073609,0
1561,130,1,H,176173610,176173609,1
1562,130,2,B,176273612,176273609,3
1563,130,3,U,176373613,176373609,4
1564,130,4,R,176473614,176473609,5
1565,130,5,G,176573615,176573609,6
1566,130,6,E,176673616,176673609,7
1567,130,7,N,176773618,176773609,9
1568,130,8,L,176873619,176873609,10
1569,130,9,A,176973621,176973609,12
1570,130,10,N,177073623,177073609,14
1571,130,11,D,177173624,177173609,15
1572,131,0,F,177273625,177273625,0
1573,131,1,H,177373626,177373625,1
1574,131,2,B,177473627,177473625,2
1575,131,3,U,177573628,177573625,3
1576,131,4,R,177673630,177673625,5
1577,131,5,G,177773631,177773625,6
1578,131,6,E,177873632,177873625,7
1579,131,7,N,177973632,177973625,7
1580,131,8,L,178073632,178073625,7
1581,131,9,A,178173633,178173625,8
1582,131,10,N,178273633,178273625,8
1583,131,11,D,178373634,178373625,9
1584,132,0,F,178473635,178473635,0
1585,132,1,H,178573637,178573635,2
1586,132,2,B,178673639,178673635,4
1587,132,3,U,178773639,178773635,4
1588,132,4,R,178873640,178873635,5
1589,132,5,G,178973640,178973635,5
1590,132,6,E,179073641,179073635,6
1591,132,7,N,179173642,179173635,7
1592,132,8,L,179273642,179273635,7
1593,132,9,A,179373644,179373635,9
1594,132,10,N,179473645,179473635,10
1595,132,11,D,179573646,179573635,11
1596,133,0,F,179673646,179673646,0
1597,133,1,H,179773647,179773646,1
1598,133,2,B,179873648,179873646,2
1599,133,3,U,179973649,179973646,3
1600,133,4,R,180073649,180073646,3
1601,133,5,G,180173650,180173646,4
1602,133,6,E,180273652,180273646,6
1603,133,7,N,180373652,180373646,6
1604,133,8,L,180473653,180473646,7
1605,133,9,A,180573654,180573646,8
1606,133,10,N,180673656,180673646,10
1607,133,11,D,180773657,180773646,11
1608,134,0,F,180873658,180873658,0
1609,134,1,H,180973659,180973658,1
1610,134,2,B,181073659,181073658,1
1611,134,3,U,181173661,181173658,3
1612,134,4,R,181273663,181273658,5
1613,134,5,G,181373664,181373658,6
1614,134,6,E,181473664,181473658,6
1615,134,7,N,181573665,181573658,7
1616,134,8,L,181673665,181673658,7
1617,134,9,A,181773666,181773658,8
1618,134,10,N,181873667,181873658,9
1619,134,11,D,181973669,181973658,11
1620,135,0,F,182073669,182073669,0
1621,135,1,H,182173670,182173669,1
1622,135,2,B,182273671,182273669,2
1623,135,3,U,182373672,182373669,3
1624,135,4,R,182473672,182473669,3
1625,135,5,G,182573673,182573669,4
1626,135,6,E,182673673,182673669,4
1627,135,7,N,182773673,182773669,4
1628,135,8,L,182873674,182873669,5
1629,135,9,A,182973675,182973669,6
1630,135,10,N,183073676,183073669,7
1631,135,11,D,183173677,183173669,8
1632,136,0,F,183273678,183273678,0
1633,136,1,H,183373679,183373678,1
1634,136,2,B,183473680,183473678,2
1635,136,3,U,183573681,183573678,3
1636,136,4,R,183673682,183673678,4
1637,136,5,G,183773683,183773678,5
1638,136,6,E,183873684,183873678,6
1639,136,7,N,183973685,183973678,7
1640,136,8,L,184073685,184073678,7
1641,136,9,A,184173686,184173678,8
1642,136,10,N,184273687,184273678,9
1643,136,11,D,184373688,184373678,10
1644,137,0,F,184473689,184473689,0
1645,137,1,H,184573690,184573689,1
1646,137,2,B,184673691,184673689,2
1647,137,3,U,184773693,184773689,4
1648,137,4,R,184873693,184873689,4
1649,137,5,G,184973694,184973689,5
1650,137,6,E,185073694,185073689,5
1651,137,7,N,185173695,185173689,6
1652,137,8,L,185273696,185273689,7
1653,137,9,A,185373697,185373689,8
1654,137,10,N,185473697,185473689,8
1655,137,11,D,185573699,185573689,10
1656,138,0,F,185673700,185673700,0
1657,138,1,H,185773702,185773700,2
1658,138,2,B,185873703,185873700,3
1659,138,3,U,185973704,185973700,4
1660,138,4,R,186073705,186073700,5
1661,138,5,G,186173707,186173700,7
1662,138,6,E,186273709,186273700,9
1663,138,7,N,186373710,186373700,10
1664,138,8,L,186473711,186473700,11
1665,138,9,A,186573711,186573700,11
1666,138,10,N,186673713,186673700,13
1667,138,11,D,186773714,186773700,14
1668,139,0,F,186873715,186873715,0
1669,139,1,H,186973717,186973715,2
1670,139,2,B,187073718,187073715,3
1671,139,3,U,187173719,187173715,4
1672,139,4,R,187273720,187273715,5
1673,139,5,G,187373722,187373715,7
1674,139,6,E,187473723,187473715,8
1675,139,7,N,187573724,187573715,9
1676,139,8,L,187673724,187673715,9
1677,139,9,A,187773725,187773715,10
1678,139,10,N,187873726,187873715,11
1679,139,11,D,187973727,187973715,12
1680,140,0,F,188073727,188073727,0
1681,140,1,H,188173729,188173727,2
1682,140,2,B,188273730,188273727,3
1683,140,3,U,188373730,188373727,3
1684,140,4,R,188473731,188473727,4
1685,140,5,G,188573732,188573727,5
1686,140,6,E,188673733,188673727,6
1687,140,7,N,188773735,188773727,8
1688,140,8,L,188873736,188873727,9
1689,140,9,A,188973737,188973727,10
1690,140,10,N,189073738,189073727,11
1691,140,11,D,189173739,189173727,12
1692,141,0,F,189273741,189273741,0
1693,141,1,H,189373742,189373741,1
1694,141,2,B,189473744,189473741,3
1695,141,3,U,189573745,189573741,4
1696,141,4,R,189673747,189673741,6
1697,141,5,G,189773748,189773741,7
1698,141,6,E,189873749,189873741,8
1699,141,7,N,189973750,189973741,9
1700,141,8,L,190073750,190073741,9
1701,141,9,A,190173751,190173741,10
1702,141,10,N,190273751,190273741,10
1703,141,11,D,190373751,190373741,10
1704,142,0,F,190473752,190473752,0
1705,142,1,H,190573754,190573752,2
1706,142,2,B,190673756,190673752,4
1707,142,3,U,190773757,190773752,5
1708,142,4,R,190873758,190873752,6
1709,142,5,G,190973760,190973752,8
1710,142,6,E,191073761,191073752,9
1711,142,7,N,191173762,191173752,10
1712,142,8,L,191273763,191273752,11
1713,142,9,A,191373764,191373752,12
1714,142,10,N,191473764,191473752,12
1715,142,11,D,191573765,191573752,13
1716,143,0,F,191673765,191673765,0
1717,143,1,H,191773767,191773765,2
1718,143,2,B,191873768,191873765,3
1719,143,3,U,191973768,191973765,3
1720,143,4,R,192073768,192073765,3
1721,143,5,G,192173769,192173765,4
1722,143,6,E,192273770,192273765,5
1723,143,7,N,192373770,192373765,5
1724,143,8,L,192473771,192473765,6
1725,143,9,A,192573771,192573765,6
1726,143,10,N,192673772,192673765,7
1727,143,11,D,192773773,192773765,8
1728,144,0,F,192873775,192873775,0
1729,144,1,H,192973776,192973775,1
1730,144,2,B,193073777,193073775,2
1731,144,3,U,193173778,193173775,3
1732,144,4,R,193273780,193273775,5
1733,144,5,G,193373781,193373775,6
1734,144,6,E,193473783,193473775,8
1735,144,7,N,193573784,193573775,9
1736,144,8,L,193673784,193673775,9
1737,144,9,A,193773785,193773775,10
1738,144,10,N,193873786,193873775,11
1739,144,11,D,193973787,193973775,12
1740,145,0,F,194073788,194073788,0
1741,145,1,H,194173790,194173788,2
1742,145,2,B,194273792,194273788,4
1743,145,3,U,194373794,194373788,6
1744,145,4,R,194473795,194473788,7
1745,145,5,G,194573795,194573788,7
1746,145,6,E,194673797,194673788,9
1747,145,7,N,194773798,194773788,10
1748,145,8,L,194873799,194873788,11
1749,145,9,A,194973800,194973788,12
1750,145,10,N,195073801,195073788,13
1751,145,11,D,195173802,195173788,14
1752,146,0,F,195273803,195273803,0
1753,146,1,H,195373805,195373803,2
1754,146,2,B,195473806,195473803,3
1755,146,3,U,195573807,195573803,4
1756,146,4,R,195673807,195673803,4
1757,146,5,G,195773808,195773803,5
1758,146,6,E,195873809,195873803,6
1759,146,7,N,195973809,195973803,6
1760,146,8,L,196073810,196073803,7
1761,146,9,A,196173812,196173803,9
1762,146,10,N,196273813,196273803,10
1763,146,11,D,196373814,196373803,11
1764,147,0,F,196473815,196473815,0
1765,147,1,H,196573816,196573815,1
1766,147,2,B,196673816,196673815,1
1767,147,3,U,196773817,196773815,2
1768,147,4,R,196873818,196873815,3
1769,147,5,G,196973820,196973815,5
1770,147,6,E,197073821,197073815,6
1771,147,7,N,197173821,197173815,6
1772,147,8,L,197273822,197273815,7
1773,147,9,A,197373824,197373815,9
1774,147,10,N,197473825,197473815,10
1775,147,11,D,197573826,197573815,11
1776,148,0,F,197673828,197673828,0
1777,148,1,H,197773828,197773828,0
1778,148,2,B,197873829,197873828,1
1779,148,3,U,197973830,197973828,2
1780,148,4,R,198073832,198073828,4
1781,148,5,G,198173833,198173828,5
1782,148,6,E,198273834,198273828,6
1783,148,7,N,198373835,198373828,7
1784,148,8,L,198473837,198473828,9
1785,148,9,A,198573837,198573828,9
1786,148,10,N,198673838,198673828,10
1787,148,11,D,198773839,198773828,11
1788,149,0,F,198873839,198873839,0
1789,149,1,H,198973839,198973839,0
1790,149,2,B,199073840,199073839,1
1791,149,3,U,199173841,199173839,2
1792,149,4,R,199273843,199273839,4
1793,149,5,G,199373844,199373839,5
1794,149,6,E,199473845,199473839,6
1795,149,7,N,199573846,199573839,7
1796,149,8,L,199673847,199673839,8
1797,149,9,A,199773848,199773839,9
1798,149,10,N,199873848,199873839,9
1799,149,11,D,199973850,199973839,11
1800,150,0,F,200073852,200073852,0
1801,150,1,H,200173852,200173852,0
1802,150,2,B,200273853,200273852,1
1803,150,3,U,200373854,200373852,2
1804,150,4,R,200473855,200473852,3
1805,150,5,G,200573855,200573852,3
1806,150,6,E,200673856,200673852,4
1807,150,7,N,200773857,200773852,5
1808,150,8,L,200873858,200873852,6
1809,150,9,A,200973858,200973852,6
1810,150,10,N,201073859,201073852,7
1811,150,11,D,201173859,201173852,7
1812,151,0,F,201273860,201273860,0
1813,151,1,H,201373861,201373860,1
1814,151,2,B,201473862,201473860,2
1815,151,3,U,201573863,201573860,3
1816,151,4,R,201673864,201673860,4
1817,151,5,G,201773864,201773860,4
1818,151,6,E,201873865,201873860,5
1819,151,7,N,201973865,201973860,5
1820,151,8,L,202073867,202073860,7
1821,151,9,A,202173868,202173860,8
1822,151,10,N,202273869,202273860,9
1823,151,11,D,202373870,202373860,10
1824,152,0,F,202473871,202473871,0
1825,152,1,H,202573872,202573871,1
1826,152,2,B,202673873,202673871,2
1827,152,3,U,202773874,202773871,3
1828,152,4,R,202873875,202873871,4
1829,152,5,G,202973876,202973871,5
1830,152,6,E,203073876,203073871,5
1831,152,7,N,203173877,203173871,6
1832,152,8,L,203273878,203273871,7
1833,152,9,A,203373878,203373871,7
1834,152,10,N,203473878,203473871,7
1835,152,11,D,203573879,203573871,8
1836,153,0,F,203673879,203673879,0
1837,153,1,H,203773880,203773879,1
1838,153,2,B,203873881,203873879,2
1839,153,3,U,203973882,203973879,3
1840,153,4,R,204073883,204073879,4
1841,153,5,G,204173884,204173879,5
1842,153,6,E,204273885,204273879,6
1843,153,7,N,204373886,204373879,7
1844,153,8,L,204473886,204473879,7
1845,153,9,A,204573886,204573879,7
1846,153,10,N,204673887,204673879,8
1847,153,11,D,204773887,204773879,8
1848,154,0,F,204873889,204873889,0
1849,154,1,H,204973890,204973889,1
1850,154,2,B,205073892,205073889,3
1851,154,3,U,205173894,205173889,5
1852,154,4,R,205273896,205273889,7
1853,154,5,G,205373897,205373889,8
1854,154,6,E,205473898,205473889,9
1855,154,7,N,205573899,205573889,10
1856,154,8,L,205673900,205673889,11
1857,154,9,A,205773901,205773889,12
1858,154,10,N,205873901,205873889,12
1859,154,11,D,205973903,205973889,14
1860,155,0,F,206073904,206073904,0
1861,155,1,H,206173905,206173904,1
1862,155,2,B,206273907,206273904,3
1863,155,3,U,206373909,206373904,5
1864,155,4,R,206473909,206473904,5
1865,155,5,G,206573910,206573904,6
1866,155,6,E,206673911,206673904,7
1867,155,7,N,206773911,206773904,7
1868,155,8,L,206873912,206873904,8
1869,155,9,A,206973912,206973904,8
1870,155,10,N,207073913,207073904,9
1871,155,11,D,207173914,207173904,10
1872,156,0,F,207273915,207273915,0
1873,156,1,H,207373916,207373915,1
1874,156,2,B,207473917,207473915,2
1875,156,3,U,207573919,207573915,4
1876,156,4,R,207673920,207673915,5
1877,156,5,G,207773921,207773915,6
1878,156,6,E,207873922,207873915,7
1879,156,7,N,207973923,207973915,8
1880,156,8,L,208073924,208073915,9
1881,156,9,A,208173925,208173915,10
1882,156,10,N,208273927,208273915,12
1883,156,11,D,208373927,208373915,12
1884,157,0,F,208473928,208473928,0
1885,157,1,H,208573928,208573928,0
1886,157,2,B,208673929,208673928,1
1887,157,3,U,208773930,208773928,2
1888,157,4,R,208873931,208873928,3
1889,157,5,G,208973933,208973928,5
1890,157,6,E,209073934,209073928,6
1891,157,7,N,209173935,209173928,7
1892,157,8,L,209273936,209273928,8
1893,157,9,A,209373936,209373928,8
1894,157,10,N,209473937,209473928,9
1895,157,11,D,209573937,209573928,9
1896,158,0,F,209673938,209673938,0
1897,158,1,H,209773939,209773938,1
1898,158,2,B,209873939,209873938,1
1899,158,3,U,209973940,209973938,2
1900,158,4,R,210073941,210073938,3
1901,158,5,G,210173942,210173938,4
1902,158,6,E,210273942,210273938,4
1903,158,7,N,210373944,210373938,6
1904,158,8,L,210473945,210473938,7
1905,158,9,A,210573945,210573938,7
1906,158,10,N,210673946,210673938,8
1907,158,11,D,210773947,210773938,9
1908,159,0,F,210873948,210873948,0
1909,159,1,H,210973949,210973948,1
1910,159,2,B,211073950,211073948,2
1911,159,3,U,211173952,211173948,4
1912,159,4,R,211273952,211273948,4
1913,159,5,G,211373953,211373948,5
1914,159,6,E,211473953,211473948,5
1915,159,7,N,211573954,211573948,6
1916,159,8,L,211673955,211673948,7
1917,159,9,A,211773957,211773948,9
1918,159,10,N,211873958,211873948,10
1919,159,11,D,211973960,211973948,12
1920,160,0,F,212073961,212073961,0
1921,160,1,H,212173962,212173961,1
1922,160,2,B,212273963,212273961,2
1923,160,3,U,212373963,212373961,2
1924,160,4,R,212473964,212473961,3
1925,160,5,G,212573965,212573961,4
1926,160,6,E,212673966,212673961,5
1927,160,7,N,212773967,212773961,6
1928,160,8,L,212873968,212873961,7
1929,160,9,A,212973969,212973961,8
1930,160,10,N,213073970,213073961,9
1931,160,11,D,213173971,213173961,10
1932,161,0,F,213273972,213273972,0
1933,161,1,H,213373973,213373972,1
1934,161,2,B,213473973,213473972,1
1935,161,3,U,213573974,213573972,2
1936,161,4,R,213673975,213673972,3
1937,161,5,G,213773977,213773972,5
1938,161,6,E,213873978,213873972,6
1939,161,7,N,213973980,213973972,8
1940,161,8,L,214073981,214073972,9
1941,161,9,A,214173981,214173972,9
1942,161,10,N,214273982,214273972,10
1943,161,11,D,214373982,214373972,10
1944,162,0,F,214473983,214473983,0
1945,162,1,H,214573984,214573983,1
1946,162,2,B,214673985,214673983,2
1947,162,3,U,214773986,214773983,3
1948,162,4,R,214873986,214873983,3
1949,162,5,G,214973987,214973983,4
1950,162,6,E,215073987,215073983,4
1951,162,7,N,215173989,215173983,6
1952,162,8,L,215273990,215273983,7
1953,162,9,A,215373991,215373983,8
1954,162,10,N,215473992,215473983,9
1955,162,11,D,215573993,215573983,10
1956,163,0,F,215673994,215673994,0
1957,163,1,H,215773996,215773994,2
1958,163,2,B,215873997,215873994,3
1959,163,3,U,215973998,215973994,4
1960,163,4,R,216073999,216073994,5
1961,163,5,G,216174000,216173994,6
1962,163,6,E,216274002,216273994,8
1963,163,7,N,216374002,216373994,8
1964,163,8,L,216474003,216473994,9
1965,163,9,A,216574004,216573994,10
1966,163,10,N,216674005,216673994,11
1967,163,11,D,216774007,216773994,13
1968,164,0,F,216874008,216874008,0
1969,164,1,H,216974009,216974008,1
1970,164,2,B,217074011,217074008,3
1971,164,3,U,217174011,217174008,3
1972,164,4,R,217274013,217274008,5
1973,164,5,G,217374014,217374008,6
1974,164,6,E,217474015,217474008,7
1975,164,7,N,217574015,217574008,7
1976,164,8,L,217674017,217674008,9
1977,164,9,A,217774018,217774008,10
1978,164,10,N,217874019,217874008,11
1979,164,11,D,217974020,217974008,12
1980,165,0,F,218074021,218074021,0
1981,165,1,H,218174022,218174021,1
1982,165,2,B,218274023,218274021,2
1983,165,3,U,218374024,218374021,3
1984,165,4,R,218474025,218474021,4
1985,165,5,G,218574026,218574021,5
1986,165,6,E,218674027,218674021,6
1987,165,7,N,218774028,218774021,7
1988,165,8,L,218874029,218874021,8
1989,165,9,A,218974029,218974021,8
1990,165,10,N,219074030,219074021,9
1991,165,11,D,219174031,219174021,10
1992,166,0,F,219274032,219274032,0
1993,166,1,H,219374033,219374032,1
1994,166,2,B,219474034,219474032,2
1995,166,3,U,219574034,219574032,2
1996,166,4,R,219674034,219674032,2
1997,166,5,G,219774035,219774032,3
1998,166,6,E,219874035,219874032,3
1999,166,7,N,219974036,219974032,4
2000,166,8,L,220074038,220074032,6
2001,166,9,A,220174039,220174032,7
2002,166,10,N,220274040,220274032,8
2003,166,11,D,220374041,220374032,9
2004,167,0,F,220474043,220474043,0
2005,167,1,H,220574044,220574043,1
2006,167,2,B,220674045,220674043,2
2007,167,3,U,220774046,220774043,3
2008,167,4,R,220874047,220874043,4
2009,167,5,G,220974048,220974043,5
2010,167,6,E,221074049,221074043,6
2011,167,7,N,221174049,221174043,6
2012,167,8,L,221274050,221274043,7
2013,167,9,A,221374051,221374043,8
2014,167,10,N,221474052,221474043,9
2015,167,11,D,221574054,221574043,11
2016,168,0,F,221674055,221674055,0
2017,168,1,H,221774056,221774055,1
2018,168,2,B,221874056,221874055,1
2019,168,3,U,221974057,221974055,2
2020,168,4,R,222074057,222074055,2
2021,168,5,G,222174058,222174055,3
2022,168,6,E,222274059,222274055,4
2023,168,7,N,222374060,222374055,5
2024,168,8,L,222474061,222474055,6
2025,168,9,A,222574062,222574055,7
2026,168,10,N,222674063,222674055,8
2027,168,11,D,222774063,222774055,8
2028,169,0,F,222874064,222874064,0
2029,169,1,H,222974064,222974064,0
2030,169,2,B,223074065,223074064,1
2031,169,3,U,223174065,223174064,1
2032,169,4,R,223274066,223274064,2
2033,169,5,G,223374067,223374064,3
2034,169,6,E,223474068,223474064,4
2035,169,7,N,223574069,223574064,5
2036,169,8,L,223674070,223674064,6
2037,169,9,A,223774071,223774064,7
2038,169,10,N,223874072,223874064,8
2039,169,11,D,223974073,223974064,9
2040,170,0,F,224074075,224074075,0
2041,170,1,H,224174075,224174075,0
2042,170,2,B,224274076,224274075,1
2043,170,3,U,224374077,224374075,2
2044,170,4,R,224474078,224474075,3
2045,170,5,G,224574079,224574075,4
2046,170,6,E,224674080,224674075,5
2047,170,7,N,224774081,224774075,6
2048,170,8,L,224874083,224874075,8
2049,170,9,A,224974084,224974075,9
2050,170,10,N,225074085,225074075,10
2051,170,11,D,225174086,225174075,11
2052,171,0,F,225274088,225274088,0
2053,171,1,H,225374089,225374088,1
2054,171,2,B,225474089,225474088,1
2055,171,3,U,225574090,225574088,2
2056,171,4,R,225674091,225674088,3
2057,171,5,G,225774093,225774088,5
2058,171,6,E,225874094,225874088,6
2059,171,7,N,225974095,225974088,7
2060,171,8,L,226074096,226074088,8
2061,171,9,A,226174098,226174088,10
2062,171,10,N,226274099,226274088,11
2063,171,11,D,226374100,226374088,12
2064,172,0,F,226474102,226474102,0
2065,172,1,H,226574102,226574102,0
2066,172,2,B,226674103,226674102,1
2067,172,3,U,226774104,226774102,2
2068,172,4,R,226874105,226874102,3
2069,172,5,G,226974106,226974102,4
2070,172,6,E,227074108,227074102,6
2071,172,7,N,227174109,227174102,7
2072,172,8,L,227274111,227274102,9
2073,172,9,A,227374112,227374102,10
2074,172,10,N,227474113,227474102,11
2075,172,11,D,227574114,227574102,12
2076,173,0,F,227674116,227674116,0
2077,173,1,H,227774117,227774116,1
2078,173,2,B,227874119,227874116,3
2079,173,3,U,227974120,227974116,4
2080,173,4,R,228074120,228074116,4
2081,173,5,G,228174121,228174116,5
2082,173,6,E,228274122,228274116,6
2083,173,7,N,228374123,228374116,7
2084,173,8,L,228474123,228474116,7
2085,173,9,A,228574124,228574116,8
2086,173,10,N,228674124,228674116,8
2087,173,11,D,228774125,228774116,9
2088,174,0,F,228874127,228874127,0
2089,174,1,H,228974127,228974127,0
2090,174,2,B,229074128,229074127,1
2091,174,3,U,229174129,229174127,2
2092,174,4,R,229274130,229274127,3
2093,174,5,G,229374131,229374127,4
2094,174,6,E,229474132,229474127,5
2095,174,7,N,229574133,229574127,6
2096,174,8,L,229674134,229674127,7
2097,174,9,A,229774135,229774127,8
2098,174,10,N,229874135,229874127,8
2099,174,11,D,229974136,229974127,9
2100,175,0,F,230074136,230074136,0
2101,175,1,H,230174136,230174136,0
2102,175,2,B,230274138,230274136,2
2103,175,3,U,230374140,230374136,4
2104,175,4,R,230474141,230474136,5
2105,175,5,G,230574142,230574136,6
2106,175,6,E,230674144,230674136,8
2107,175,7,N,230774144,230774136,8
2108,175,8,L,230874145,230874136,9
2109,175,9,A,230974146,230974136,10
2110,175,10,N,231074147,231074136,11
2111,175,11,D,231174148,231174136,12
2112,176,0,F,231274150,231274150,0
2113,176,1,H,231374150,231374150,0
2114,176,2,B,231474151,231474150,1
2115,176,3,U,231574152,231574150,2
2116,176,4,R,231674153,231674150,3
2117,176,5,G,231774154,231774150,4
2118,176,6,E,231874155,231874150,5
2119,176,7,N,231974155,231974150,5
2120,176,8,L,232074156,232074150,6
2121,176,9,A,232174156,232174150,6
2122,176,10,N,232274157,232274150,7
2123,176,11,D,232374158,232374150,8
2124,177,0,F,232474160,232474160,0
2125,177,1,H,232574161,232574160,1
2126,177,2,B,232674161,232674160,1
2127,177,3,U,232774161,232774160,1
2128,177,4,R,232874163,232874160,3
2129,177,5,G,232974164,232974160,4
2130,177,6,E,233074164,233074160,4
2131,177,7,N,233174165,233174160,5
2132,177,8,L,233274166,233274160,6
2133,177,9,A,233374166,233374160,6
2134,177,10,N,233474166,233474160,6
2135,177,11,D,233574167,233574160,7
2136,178,0,F,233674168,233674168,0
2137,178,1,H,233774169,233774168,1
2138,178,2,B,233874169,233874168,1
2139,178,3,U,233974170,233974168,2
2140,178,4,R,234074171,234074168,3
2141,178,5,G,234174172,234174168,4
2142,178,6,E,234274173,234274168,5
2143,178,7,N,234374174,234374168,6
2144,178,8,L,234474175,234474168,7
2145,178,9,A,234574176,234574168,8
2146,178,10,N,234674178,234674168,10
2147,178,11,D,234774178,234774168,10
2148,179,0,F,234874179,234874179,0
2149,179,1,H,234974181,234974179,2
2150,179,2,B,235074181,235074179,2
2151,179,3,U,235174181,235174179,2
2152,179,4,R,235274183,235274179,4
2153,179,5,G,235374183,235374179,4
2154,179,6,E,235474185,235474179,6
2155,179,7,N,235574187,235574179,8
2156,179,8,L,235674189,235674179,10
2157,179,9,A,235774190,235774179,11
2158,179,10,N,235874190,235874179,11
2159,179,11,D,235974190,235974179,11
2160,180,0,F,236074191,236074191,0
2161,180,1,H,236174192,236174191,1
2162,180,2,B,236274192,236274191,1
2163,180,3,U,236374193,236374191,2
2164,180,4,R,236474195,236474191,4
2165,180,5,G,236574196,236574191,5
2166,180,6,E,236674197,236674191,6
2167,180,7,N,236774197,236774191,6
2168,180,8,L,236874198,236874191,7
2169,180,9,A,236974199,236974191,8
2170,180,10,N,237074200,237074191,9
2171,180,11,D,237174200,237174191,9
2172,181,0,F,237274201,237274201,0
2173,181,1,H,237374202,237374201,1
2174,181,2,B,237474203,237474201,2
2175,181,3,U,237574204,237574201,3
2176,181,4,R,237674205,237674201,4
2177,181,5,G,237774206,237774201,5
2178,181,6,E,237874207,237874201,6
2179,181,7,N,237974208,237974201,7
2180,181,8,L,238074208,238074201,7
2181,181,9,A,238174210,238174201,9
2182,181,10,N,238274211,238274201,10
2183,181,11,D,238374212,238374201,11
2184,182,0,F,238474212,238474212,0
2185,182,1,H,238574214,238574212,2
2186,182,2,B,238674215,238674212,3
2187,182,3,U,238774216,238774212,4
2188,182,4,R,238874217,238874212,5
2189,182,5,G,238974218,238974212,6
2190,182,6,E,239074220,239074212,8
2191,182,7,N,239174220,239174212,8
2192,182,8,L,239274221,239274212,9
2193,182,9,A,239374223,239374212,11
2194,182,10,N,239474224,239474212,12
2195,182,11,D,239574225,239574212,13
2196,183,0,F,239674226,239674226,0
2197,183,1,H,239774227,239774226,1
2198,183,2,B,239874228,239874226,2
2199,183,3,U,239974230,239974226,4
2200,183,4,R,240074231,240074226,5
2201,183,5,G,240174231,240174226,5
2202,183,6,E,240274232,240274226,6
2203,183,7,N,240374233,240374226,7
2204,183,8,L,240474233,240474226,7
2205,183,9,A,240574234,240574226,8
2206,183,10,N,240674236,240674226,10
2207,183,11,D,240774236,240774226,10
2208,184,0,F,240874237,240874237,0
2209,184,1,H,240974238,240974237,1
2210,184,2,B,241074239,241074237,2
2211,184,3,U,241174240,241174237,3
2212,184,4,R,241274241,241274237,4
2213,184,5,G,241374242,241374237,5
2214,184,6,E,241474242,241474237,5
2215,184,7,N,241574243,241574237,6
2216,184,8,L,241674243,241674237,6
2217,184,9,A,241774244,241774237,7
2218,184,10,N,241874245,241874237,8
2219,184,11,D,241974246,241974237,9
2220,185,0,F,242074247,242074247,0
2221,185,1,H,242174248,242174247,1
2222,185,2,B,242274249,242274247,2
2223,185,3,U,242374250,242374247,3
2224,185,4,R,242474251,242474247,4
2225,185,5,G,242574253,242574247,6
2226,185,6,E,242674255,242674247,8
2227,185,7,N,242774256,242774247,9
2228,185,8,L,242874257,242874247,10
2229,185,9,A,242974259,242974247,12
2230,185,10,N,243074260,243074247,13
2231,185,11,D,243174262,243174247,15
2232,186,0,F,243274264,243274264,0
2233,186,1,H,243374265,243374264,1
2234,186,2,B,243474266,243474264,2
2235,186,3,U,243574267,243574264,3
2236,186,4,R,243674269,243674264,5
2237,186,5,G,243774271,243774264,7
2238,186,6,E,243874271,243874264,7
2239,186,7,N,243974273,243974264,9
2240,186,8,L,244074275,244074264,11
2241,186,9,A,244174275,244174264,11
2242,186,10,N,244274277,244274264,13
2243,186,11,D,244374278,244374264,14
2244,187,0,F,244474279,244474279,0
2245,187,1,H,244574280,244574279,1
2246,187,2,B,244674281,244674279,2
2247,187,3,U,244774281,244774279,2
2248,187,4,R,244874281,244874279,2
2249,187,5,G,244974282,244974279,3
2250,187,6,E,245074283,245074279,4
2251,187,7,N,245174283,245174279,4
2252,187,8,L,245274284,245274279,5
2253,187,9,A,245374285,245374279,6
2254,187,10,N,245474287,245474279,8
2255,187,11,D,245574287,245574279,8
2256,188,0,F,245674288,245674288,0
2257,188,1,H,245774289,245774288,1
2258,188,2,B,245874290,245874288,2
2259,188,3,U,245974291,245974288,3
2260,188,4,R,246074291,246074288,3
2261,188,5,G,246174292,246174288,4
2262,188,6,E,246274294,246274288,6
2263,188,7,N,246374295,246374288,7
2264,188,8,L,246474296,246474288,8
2265,188,9,A,246574296,246574288,8
2266,188,10,N,246674297,246674288,9
2267,188,11,D,246774298,246774288,10
2268,189,0,F,246874299,246874299,0
2269,189,1,H,246974300,246974299,1
2270,189,2,B,247074302,247074299,3
2271,189,3,U,247174303,247174299,4
2272,189,4,R,247274304,247274299,5
2273,189,5,G,247374305,247374299,6
2274,189,6,E,247474306,247474299,7
2275,189,7,N,247574306,247574299,7
2276,189,8,L,247674308,247674299,9
2277,189,9,A,247774309,247774299,10
2278,189,10,N,247874309,247874299,10
2279,189,11,D,247974309,247974299,10
2280,190,0,F,248074310,248074310,0
2281,190,1,H,248174311,248174310,1
2282,190,2,B,248274312,248274310,2
2283,190,3,U,248374312,248374310,2
2284,190,4,R,248474312,248474310,2
2285,190,5,G,248574312,248574310,2
2286,190,6,E,248674313,248674310,3
2287,190,7,N,248774314,248774310,4
2288,190,8,L,248874316,248874310,6
2289,190,9,A,248974317,248974310,7
2290,190,10,N,249074318,249074310,8
2291,190,11,D,249174320,249174310,10
2292,191,0,F,249274321,249274321,0
2293,191,1,H,249374322,249374321,1
2294,191,2,B,249474323,249474321,2
2295,191,3,U,249574324,249574321,3
2296,191,4,R,249674324,249674321,3
2297,191,5,G,249774325,249774321,4
2298,191,6,E,249874326,249874321,5
2299,191,7,N,249974327,249974321,6
2300,191,8,L,250074328,250074321,7
2301,191,9,A,250174329,250174321,8
2302,191,10,N,250274330,250274321,9
2303,191,11,D,250374331,250374321,10
2304,192,0,F,250474333,250474333,0
2305,192,1,H,250574334,250574333,1
2306,192,2,B,250674335,250674333,2
2307,192,3,U,250774336,250774333,3
2308,192,4,R,250874336,250874333,3
2309,192,5,G,250974336,250974333,3
2310,192,6,E,251074338,251074333,5
2311,192,7,N,251174339,251174333,6
2312,192,8,L,251274340,251274333,7
2313,192,9,A,251374341,251374333,8
2314,192,10,N,251474342,251474333,9
2315,192,11,D,251574343,251574333,10
2316,193,0,F,251674344,251674344,0
2317,193,1,H,251774345,251774344,1
2318,193,2,B,251874346,251874344,2
2319,193,3,U,251974348,251974344,4
2320,193,4,R,252074350,252074344,6
2321,193,5,G,252174351,252174344,7
2322,193,6,E,252274352,252274344,8
2323,193,7,N,252374352,252374344,8
2324,193,8,L,252474353,252474344,9
2325,193,9,A,252574354,252574344,10
2326,193,10,N,252674355,252674344,11
2327,193,11,D,252774356,252774344,12
2328,194,0,F,252874357,252874357,0
2329,194,1,H,252974357,252974357,0
2330,194,2,B,253074358,253074357,1
2331,194,3,U,253174358,253174357,1
2332,194,4,R,253274359,253274357,2
2333,194,5,G,253374360,253374357,3
2334,194,6,E,253474361,253474357,4
2335,194,7,N,253574362,253574357,5
2336,194,8,L,253674364,253674357,7
2337,194,9,A,253774366,253774357,9
2338,194,10,N,253874366,253874357,9
2339,194,11,D,253974368,253974357,11
2340,195,0,F,254074369,254074369,0
2341,195,1,H,254174371,254174369,2
2342,195,2,B,254274372,254274369,3
2343,195,3,U,254374373,254374369,4
2344,195,4,R,254474373,254474369,4
2345,195,5,G,254574374,254574369,5
2346,195,6,E,254674374,254674369,5
2347,195,7,N,254774376,254774369,7
2348,195,8,L,254874376,254874369,7
2349,195,9,A,254974377,254974369,8
2350,195,10,N,255074377,255074369,8
2351,195,11,D,255174378,255174369,9
2352,196,0,F,255274380,255274380,0
2353,196,1,H,255374380,255374380,0
2354,196,2,B,255474381,255474380,1
2355,196,3,U,255574382,255574380,2
2356,196,4,R,255674382,255674380,2
2357,196,5,G,255774383,255774380,3
2358,196,6,E,255874384,255874380,4
2359,196,7,N,255974385,255974380,5
2360,196,8,L,256074386,256074380,6
2361,196,9,A,256174387,256174380,7
2362,196,10,N,256274388,256274380,8
2363,196,11,D,256374389,256374380,9
2364,197,0,F,256474389,256474389,0
2365,197,1,H,256574390,256574389,1
2366,197,2,B,256674391,256674389,2
2367,197,3,U,256774393,256774389,4
2368,197,4,R,256874393,256874389,4
2369,197,5,G,256974394,256974389,5
2370,197,6,E,257074396,257074389,7
2371,197,7,N,257174397,257174389,8
2372,197,8,L,257274399,257274389,10
2373,197,9,A,257374400,257374389,11
2374,197,10,N,257474402,257474389,13
2375,197,11,D,257574402,257574389,13
2376,198,0,F,257674403,257674403,0
2377,198,1,H,257774404,257774403,1
2378,198,2,B,257874405,257874403,2
2379,198,3,U,257974406,257974403,3
2380,198,4,R,258074407,258074403,4
2381,198,5,G,258174407,258174403,4
2382,198,6,E,258274408,258274403,5
2383,198,7,N,258374409,258374403,6
2384,198,8,L,258474410,258474403,7
2385,198,9,A,258574411,258574403,8
2386,198,10,N,258674413,258674403,10
2387,198,11,D,258774414,258774403,11
2388,199,0,F,258874415,258874415,0
2389,199,1,H,258974416,258974415,1
2390,199,2,B,259074417,259074415,2
2391,199,3,U,259174418,259174415,3
2392,199,4,R,259274419,259274415,4
2393,199,5,G,259374420,259374415,5
2394,199,6,E,259474421,259474415,6
2395,199,7,N,259574422,259574415,7
2396,199,8,L,259674423,259674415,8
2397,199,9,A,259774424,259774415,9
2398,199,10,N,259874425,259874415,10
2399,199,11,D,259974426,259974415,11
2400,200,0,F,260074427,260074427,0
2401,200,1,H,260174428,260174427,1
2402,200,2,B,260274430,260274427,3
2403,200,3,U,260374431,260374427,4
2404,200,4,R,260474432,260474427,5
2405,200,5,G,260574432,260574427,5
2406,200,6,E,260674433,260674427,6
2407,200,7,N,260774433,260774427,6
2408,200,8,L,260874435,260874427,8
2409,200,9,A,260974437,260974427,10
2410,200,10,N,261074438,261074427,11
2411,200,11,D,261174439,261174427,12
2412,201,0,F,261274439,261274439,0
2413,201,1,H,261374439,261374439,0
2414,201,2,B,261474440,261474439,1
2415,201,3,U,261574441,261574439,2
2416,201,4,R,261674442,261674439,3
2417,201,5,G,261774442,261774439,3
2418,201,6,E,261874444,261874439,5
2419,201,7,N,261974445,261974439,6
2420,201,8,L,262074445,262074439,6
2421,201,9,A,262174446,262174439,7
2422,201,10,N,262274448,262274439,9
2423,201,11,D,262374448,262374439,9
2424,202,0,F,262474450,262474450,0
2425,202,1,H,262574451,262574450,1
2426,202,2,B,262674453,262674450,3
2427,202,3,U,262774454,262774450,4
2428,202,4,R,262874455,262874450,5
2429,202,5,G,262974457,262974450,7
2430,202,6,E,263074458,263074450,8
2431,202,7,N,263174459,263174450,9
2432,202,8,L,263274460,263274450,10
2433,202,9,A,263374461,263374450,11
2434,202,10,N,263474461,263474450,11
2435,202,11,D,263574461,263574450,11
2436,203,0,F,263674462,263674462,0
2437,203,1,H,263774463,263774462,1
2438,203,2,B,263874464,263874462,2
2439,203,3,U,263974465,263974462,3
2440,203,4,R,264074466,264074462,4
2441,203,5,G,264174467,264174462,5
2442,203,6,E,264274468,264274462,6
2443,203,7,N,264374469,264374462,7
2444,203,8,L,264474469,264474462,7
2445,203,9,A,264574470,264574462,8
2446,203,10,N,264674471,264674462,9
2447,203,11,D,264774473,264774462,11
2448,204,0,F,264874474,264874474,0
2449,204,1,H,264974475,264974474,1
2450,204,2,B,265074476,265074474,2
2451,204,3,U,265174477,265174474,3
2452,204,4,R,265274478,265274474,4
2453,204,5,G,265374479,265374474,5
2454,204,6,E,265474480,265474474,6
2455,204,7,N,265574481,265574474,7
2456,204,8,L,265674481,265674474,7
2457,204,9,A,265774483,265774474,9
2458,204,10,N,265874484,265874474,10
2459,204,11,D,265974485,265974474,11
2460,205,0,F,266074486,266074486,0
2461,205,1,H,266174487,266174486,1
2462,205,2,B,266274488,266274486,2
2463,205,3,U,266374488,266374486,2
2464,205,4,R,266474488,266474486,2
2465,205,5,G,266574489,266574486,3
2466,205,6,E,266674491,266674486,5
2467,205,7,N,266774492,266774486,6
2468,205,8,L,266874493,266874486,7
2469,205,9,A,266974494,266974486,8
2470,205,10,N,267074495,267074486,9
2471,205,11,D,267174497,267174486,11
2472,206,0,F,267274498,267274498,0
2473,206,1,H,267374498,267374498,0
2474,206,2,B,267474499,267474498,1
2475,206,3,U,267574501,267574498,3
2476,206,4,R,267674502,267674498,4
2477,206,5,G,267774504,267774498,6
2478,206,6,E,267874505,267874498,7
2479,206,7,N,267974506,267974498,8
2480,206,8,L,268074507,268074498,9
2481,206,9,A,268174508,268174498,10
2482,206,10,N,268274510,268274498,12
2483,206,11,D,268374510,268374498,12
2484,207,0,F,268474511,268474511,0
2485,207,1,H,268574511,268574511,0
2486,207,2,B,268674513,268674511,2
2487,207,3,U,268774514,268774511,3
2488,207,4,R,268874515,268874511,4
2489,207,5,G,268974516,268974511,5
2490,207,6,E,269074517,269074511,6
2491,207,7,N,269174517,269174511,6
2492,207,8,L,269274518,269274511,7
2493,207,9,A,269374519,269374511,8
2494,207,10,N,269474520,269474511,9
2495,207,11,D,269574520,269574511,9
2496,208,0,F,269674521,269674521,0
2497,208,1,H,269774523,269774521,2
2498,208,2,B,269874523,269874521,2
2499,208,3,U,269974524,269974521,3
2500,208,4,R,270074526,270074521,5
2501,208,5,G,270174526,270174521,5
2502,208,6,E,270274528,270274521,7
2503,208,7,N,270374528,270374521,7
2504,208,8,L,270474530,270474521,9
2505,208,9,A,270574531,270574521,10
2506,208,10,N,270674532,270674521,11
2507,208,11,D,270774533,270774521,12
2508,209,0,F,270874534,270874534,0
2509,209,1,H,270974535,270974534,1
2510,209,2,B,271074536,271074534,2
2511,209,3,U,271174536,271174534,2
2512,209,4,R,271274538,271274534,4
2513,209,5,G,271374538,271374534,4
2514,209,6,E,271474539,271474534,5
2515,209,7,N,271574539,271574534,5
2516,209,8,L,271674541,271674534,7
2517,209,9,A,271774542,271774534,8
2518,209,10,N,271874544,271874534,10
2519,209,11,D,271974545,271974534,11
2520,210,0,F,272074546,272074546,0
2521,210,1,H,272174547,272174546,1
2522,210,2,B,272274548,272274546,2
2523,210,3,U,272374549,272374546,3
2524,210,4,R,272474549,272474546,3
2525,210,5,G,272574550,272574546,4
2526,210,6,E,272674550,272674546,4
2527,210,7,N,272774551,272774546,5
2528,210,8,L,272874552,272874546,6
2529,210,9,A,272974553,272974546,7
2530,210,10,N,273074554,273074546,8
2531,210,11,D,273174555,273174546,9
2532,211,0,F,273274556,273274556,0
2533,211,1,H,273374557,273374556,1
2534,211,2,B,273474558,273474556,2
2535,211,3,U,273574559,273574556,3
2536,211,4,R,273674560,273674556,4
2537,211,5,G,273774561,273774556,5
2538,211,6,E,273874562,273874556,6
2539,211,7,N,273974564,273974556,8
2540,211,8,L,274074565,274074556,9
2541,211,9,A,274174565,274174556,9
2542,211,10,N,274274566,274274556,10
2543,211,11,D,274374567,274374556,11
2544,212,0,F,274474569,274474569,0
2545,212,1,H,274574570,274574569,1
2546,212,2,B,274674570,274674569,1
2547,212,3,U,274774571,274774569,2
2548,212,4,R,274874572,274874569,3
2549,212,5,G,274974573,274974569,4
2550,212,6,E,275074575,275074569,6
2551,212,7,N,275174576,275174569,7
2552,212,8,L,275274578,275274569,9
2553,212,9,A,275374578,275374569,9
2554,212,10,N,275474579,275474569,10
2555,212,11,D,275574580,275574569,11
2556,213,0,F,275674581,275674581,0
2557,213,1,H,275774582,275774581,1
2558,213,2,B,275874583,275874581,2
2559,213,3,U,275974585,275974581,4
2560,213,4,R,276074586,276074581,5
2561,213,5,G,276174588,276174581,7
2562,213,6,E,276274589,276274581,8
2563,213,7,N,276374590,276374581,9
2564,213,8,L,276474591,276474581,10
2565,213,9,A,276574591,276574581,10
2566,213,10,N,276674593,276674581,12
2567,213,11,D,276774594,276774581,13
2568,214,0,F,276874595,276874595,0
2569,214,1,H,276974596,276974595,1
2570,214,2,B,277074597,277074595,2
2571,214,3,U,277174598,277174595,3
2572,214,4,R,277274599,277274595,4
2573,214,5,G,277374600,277374595,5
2574,214,6,E,277474600,277474595,5
2575,214,7,N,277574601,277574595,6
2576,214,8,L,277674602,277674595,7
2577,214,9,A,277774603,277774595,8
2578,214,10,N,277874603,277874595,8
2579,214,11,D,277974604,277974595,9
2580,215,0,F,278074605,278074605,0
2581,215,1,H,278174607,278174605,2
2582,215,2,B,278274608,278274605,3
2583,215,3,U,278374610,278374605,5
2584,215,4,R,278474610,278474605,5
2585,215,5,G,278574610,278574605,5
2586,215,6,E,278674612,278674605,7
2587,215,7,N,278774613,278774605,8
2588,215,8,L,278874613,278874605,8
2589,215,9,A,278974614,278974605,9
2590,215,10,N,279074615,279074605,10
2591,215,11,D,279174616,279174605,11
2592,216,0,F,279274618,279274618,0
2593,216,1,H,279374619,279374618,1
2594,216,2,B,279474620,279474618,2
2595,216,3,U,279574621,279574618,3
2596,216,4,R,279674621,279674618,3
2597,216,5,G,279774621,279774618,3
2598,216,6,E,279874623,279874618,5
2599,216,7,N,279974624,279974618,6
2600,216,8,L,280074625,280074618,7
2601,216,9,A,280174626,280174618,8
2602,216,10,N,280274627,280274618,9
2603,216,11,D,280374629,280374618,11
2604,217,0,F,280474630,280474630,0
2605,217,1,H,280574631,280574630,1
2606,217,2,B,280674631,280674630,1
2607,217,3,U,280774632,280774630,2
2608,217,4,R,280874633,280874630,3
2609,217,5,G,280974634,280974630,4
2610,217,6,E,281074635,281074630,5
2611,217,7,N,281174636,281174630,6
2612,217,8,L,281274637,281274630,7
2613,217,9,A,281374638,281374630,8
2614,217,10,N,281474639,281474630,9
2615,217,11,D,281574641,281574630,11
2616,218,0,F,281674641,281674641,0
2617,218,1,H,281774642,281774641,1
2618,218,2,B,281874642,281874641,1
2619,218,3,U,281974643,281974641,2
2620,218,4,R,282074644,282074641,3
2621,218,5,G,282174644,282174641,3
2622,218,6,E,282274646,282274641,5
2623,218,7,N,282374646,282374641,5
2624,218,8,L,282474647,282474641,6
2625,218,9,A,282574648,282574641,7
2626,218,10,N,282674650,282674641,9
2627,218,11,D,282774651,282774641,10
2628,219,0,F,282874653,282874653,0
2629,219,1,H,282974654,282974653,1
2630,219,2,B,283074655,283074653,2
2631,219,3,U,283174657,283174653,4
2632,219,4,R,283274659,283274653,6
2633,219,5,G,283374660,283374653,7
2634,219,6,E,283474660,283474653,7
2635,219,7,N,283574661,283574653,8
2636,219,8,L,283674662,283674653,9
2637,219,9,A,283774662,283774653,9
2638,219,10,N,283874664,283874653,11
2639,219,11,D,283974665,283974653,12
2640,220,0,F,284074666,284074666,0
2641,220,1,H,284174667,284174666,1
2642,220,2,B,284274668,284274666,2
2643,220,3,U,284374669,284374666,3
2644,220,4,R,284474670,284474666,4
2645,220,5,G,284574671,284574666,5
2646,220,6,E,284674672,284674666,6
2647,220,7,N,284774672,284774666,6
2648,220,8,L,284874674,284874666,8
2649,220,9,A,284974676,284974666,10
2650,220,10,N,285074678,285074666,12
2651,220,11,D,285174679,285174666,13
2652,221,0,F,285274681,285274681,0
2653,221,1,H,285374682,285374681,1
2654,221,2,B,285474684,285474681,3
2655,221,3,U,285574684,285574681,3
2656,221,4,R,285674686,285674681,5
2657,221,5,G,285774686,285774681,5
2658,221,6,E,285874687,285874681,6
2659,221,7,N,285974688,285974681,7
2660,221,8,L,286074689,286074681,8
2661,221,9,A,286174689,286174681,8
2662,221,10,N,286274690,286274681,9
2663,221,11,D,286374691,286374681,10
2664,222,0,F,286474692,286474692,0
2665,222,1,H,286574694,286574692,2
2666,222,2,B,286674695,286674692,3
2667,222,3,U,286774696,286774692,4
2668,222,4,R,286874698,286874692,6
2669,222,5,G,286974698,286974692,6
2670,222,6,E,287074699,287074692,7
2671,222,7,N,287174700,287174692,8
2672,222,8,L,287274701,287274692,9
2673,222,9,A,287374702,287374692,10
2674,222,10,N,287474702,287474692,10
2675,222,11,D,287574703,287574692,11
2676,223,0,F,287674703,287674703,0
2677,223,1,H,287774704,287774703,1
2678,223,2,B,287874704,287874703,1
2679,223,3,U,287974704,287974703,1
2680,223,4,R,288074705,288074703,2
2681,223,5,G,288174706,288174703,3
2682,223,6,E,288274708,288274703,5
2683,223,7,N,288374709,288374703,6
2684,223,8,L,288474710,288474703,7
2685,223,9,A,288574711,288574703,8
2686,223,10,N,288674712,288674703,9
2687,223,11,D,288774713,288774703,10
2688,224,0,F,288874714,288874714,0
2689,224,1,H,288974714,288974714,0
2690,224,2,B,289074714,289074714,0
2691,224,3,U,289174715,289174714,1
2692,224,4,R,289274716,289274714,2
2693,224,5,G,289374717,289374714,3
2694,224,6,E,289474718,289474714,4
2695,224,7,N,289574718,289574714,4
2696,224,8,L,289674719,289674714,5
2697,224,9,A,289774721,289774714,7
2698,224,10,N,289874722,289874714,8
2699,224,11,D,289974723,289974714,9
2700,225,0,F,290074723,290074723,0
2701,225,1,H,290174724,290174723,1
2702,225,2,B,290274726,290274723,3
2703,225,3,U,290374728,290374723,5
2704,225,4,R,290474728,290474723,5
2705,225,5,G,290574729,290574723,6
2706,225,6,E,290674730,290674723,7
2707,225,7,N,290774730,290774723,7
2708,225,8,L,290874731,290874723,8
2709,225,9,A,290974733,290974723,10
2710,225,10,N,291074734,291074723,11
2711,225,11,D,291174735,291174723,12
2712,226,0,F,291274737,291274737,0
2713,226,1,H,291374738,291374737,1
2714,226,2,B,291474739,291474737,2
2715,226,3,U,291574740,291574737,3
2716,226,4,R,291674741,291674737,4
2717,226,5,G,291774743,291774737,6
2718,226,6,E,291874743,291874737,6
2719,226,7,N,291974744,291974737,7
2720,226,8,L,292074745,292074737,8
2721,226,9,A,292174745,292174737,8
2722,226,10,N,292274746,292274737,9
2723,226,11,D,292374746,292374737,9
2724,227,0,F,292474746,292474746,0
2725,227,1,H,292574747,292574746,1
2726,227,2,B,292674748,292674746,2
2727,227,3,U,292774749,292774746,3
2728,227,4,R,292874751,292874746,5
2729,227,5,G,292974752,292974746,6
2730,227,6,E,293074752,293074746,6
2731,227,7,N,293174752,293174746,6
2732,227,8,L,293274753,293274746,7
2733,227,9,A,293374754,293374746,8
2734,227,10,N,293474754,293474746,8
2735,227,11,D,293574755,293574746,9
2736,228,0,F,293674755,293674755,0
2737,228,1,H,293774756,293774755,1
2738,228,2,B,293874757,293874755,2
2739,228,3,U,293974758,293974755,3
2740,228,4,R,294074759,294074755,4
2741,228,5,G,294174759,294174755,4
2742,228,6,E,294274760,294274755,5
2743,228,7,N,294374761,294374755,6
2744,228,8,L,294474762,294474755,7
2745,228,9,A,294574764,294574755,9
2746,228,10,N,294674765,294674755,10
2747,228,11,D,294774766,294774755,11
2748,229,0,F,294874766,294874766,0
2749,229,1,H,294974767,294974766,1
2750,229,2,B,295074767,295074766,1
2751,229,3,U,295174768,295174766,2
2752,229,4,R,295274769,295274766,3
2753,229,5,G,295374770,295374766,4
2754,229,6,E,295474771,295474766,5
2755,229,7,N,295574772,295574766,6
2756,229,8,L,295674772,295674766,6
2757,229,9,A,295774774,295774766,8
2758,229,10,N,295874775,295874766,9
2759,229,11,D,295974775,295974766,9
2760,230,0,F,296074776,296074776,0
2761,230,1,H,296174777,296174776,1
2762,230,2,B,296274778,296274776,2
2763,230,3,U,296374779,296374776,3
2764,230,4,R,296474781,296474776,5
2765,230,5,G,296574783,296574776,7
2766,230,6,E,296674784,296674776,8
2767,230,7,N,296774785,296774776,9
2768,230,8,L,296874785,296874776,9
2769,230,9,A,296974787,296974776,11
2770,230,10,N,297074788,297074776,12
2771,230,11,D,297174789,297174776,13
2772,231,0,F,297274790,297274790,0
2773,231,1,H,297374791,297374790,1
2774,231,2,B,297474793,297474790,3
2775,231,3,U,297574794,297574790,4
2776,231,4,R,297674795,297674790,5
2777,231,5,G,297774796,297774790,6
2778,231,6,E,297874796,297874790,6
2779,231,7,N,297974797,297974790,7
2780,231,8,L,298074797,298074790,7
2781,231,9,A,298174798,298174790,8
2782,231,10,N,298274800,298274790,10
2783,231,11,D,298374802,298374790,12
2784,232,0,F,298474804,298474804,0
2785,232,1,H,298574804,298574804,0
2786,232,2,B,298674805,298674804,1
2787,232,3,U,298774806,298774804,2
2788,232,4,R,298874806,298874804,2
2789,232,5,G,298974806,298974804,2
2790,232,6,E,299074807,299074804,3
2791,232,7,N,299174808,299174804,4
2792,232,8,L,299274810,299274804,6
2793,232,9,A,299374811,299374804,7
2794,232,10,N,299474811,299474804,7
2795,232,11,D,299574813,299574804,9
2796,233,0,F,299674814,299674814,0
2797,233,1,H,299774815,299774814,1
2798,233,2,B,299874816,299874814,2
2799,233,3,U,299974817,299974814,3
2800,233,4,R,300074819,300074814,5
2801,233,5,G,300174819,300174814,5
2802,233,6,E,300274820,300274814,6
2803,233,7,N,300374821,300374814,7
2804,233,8,L,300474822,300474814,8
2805,233,9,A,300574823,300574814,9
2806,233,10,N,300674823,300674814,9
2807,233,11,D,300774824,300774814,10
2808,234,0,F,300874824,300874824,0
2809,234,1,H,300974826,300974824,2
2810,234,2,B,301074827,301074824,3
2811,234,3,U,301174828,301174824,4
2812,234,4,R,301274829,301274824,5
2813,234,5,G,301374831,301374824,7
2814,234,6,E,301474832,301474824,8
2815,234,7,N,301574833,301574824,9
2816,234,8,L,301674833,301674824,9
2817,234,9,A,301774835,301774824,11
2818,234,10,N,301874836,301874824,12
2819,234,11,D,301974838,301974824,14
2820,235,0,F,302074839,302074839,0
2821,235,1,H,302174839,302174839,0
2822,235,2,B,302274840,302274839,1
2823,235,3,U,302374841,302374839,2
2824,235,4,R,302474842,302474839,3
2825,235,5,G,302574843,302574839,4
2826,235,6,E,302674844,302674839,5
2827,235,7,N,302774845,302774839,6
2828,235,8,L,302874846,302874839,7
2829,235,9,A,302974847,302974839,8
2830,235,10,N,303074849,303074839,10
2831,235,11,D,303174850,303174839,11
2832,236,0,F,303274852,303274852,0
2833,236,1,H,303374853,303374852,1
2834,236,2,B,303474855,303474852,3
2835,236,3,U,303574856,303574852,4
2836,236,4,R,303674856,303674852,4
2837,236,5,G,303774856,303774852,4
2838,236,6,E,303874857,303874852,5
2839,236,7,N,303974858,303974852,6
2840,236,8,L,304074859,304074852,7
2841,236,9,A,304174860,304174852,8
2842,236,10,N,304274861,304274852,9
2843,236,11,D,304374862,304374852,10
2844,237,0,F,304474862,304474862,0
2845,237,1,H,304574862,304574862,0
2846,237,2,B,304674863,304674862,1
2847,237,3,U,304774864,304774862,2
2848,237,4,R,304874865,304874862,3
2849,237,5,G,304974867,304974862,5
2850,237,6,E,305074868,305074862,6
2851,237,7,N,305174869,305174862,7
2852,237,8,L,305274870,305274862,8
2853,237,9,A,305374871,305374862,9
2854,237,10,N,305474872,305474862,10
2855,237,11,D,305574872,305574862,10
2856,238,0,F,305674873,305674873,0
2857,238,1,H,305774874,305774873,1
2858,238,2,B,305874875,305874873,2
2859,238,3,U,305974876,305974873,3
2860,238,4,R,306074877,306074873,4
2861,238,5,G,306174878,306174873,5
2862,238,6,E,306274880,306274873,7
2863,238,7,N,306374881,306374873,8
2864,238,8,L,306474881,306474873,8
2865,238,9,A,306574882,306574873,9
2866,238,10,N,306674883,306674873,10
2867,238,11,D,306774884,306774873,11
2868,239,0,F,306874885,306874885,0
2869,239,1,H,306974886,306974885,1
2870,239,2,B,307074888,307074885,3
2871,239,3,U,307174889,307174885,4
2872,239,4,R,307274890,307274885,5
2873,239,5,G,307374892,307374885,7
2874,239,6,E,307474893,307474885,8
2875,239,7,N,307574895,307574885,10
2876,239,8,L,307674896,307674885,11
2877,239,9,A,307774897,307774885,12
2878,239,10,N,307874898,307874885,13
2879,239,11,D,307974898,307974885,13
2880,240,0,F,308074899,308074899,0
2881,240,1,H,308174900,308174899,1
2882,240,2,B,308274901,308274899,2
2883,240,3,U,308374901,308374899,2
2884,240,4,R,308474902,308474899,3
2885,240,5,G,308574903,308574899,4
2886,240,6,E,308674904,308674899,5
2887,240,7,N,308774906,308774899,7
2888,240,8,L,308874907,308874899,8
2889,240,9,A,308974909,308974899,10
2890,240,10,N,309074910,309074899,11
2891,240,11,D,309174910,309174899,11
2892,241,0,F,309274911,309274911,0
2893,241,1,H,309374912,309374911,1
2894,241,2,B,309474913,309474911,2
2895,241,3,U,309574913,309574911,2
2896,241,4,R,309674914,309674911,3
2897,241,5,G,309774915,309774911,4
2898,241,6,E,309874916,309874911,5
2899,241,7,N,309974917,309974911,6
2900,241,8,L,310074918,310074911,7
2901,241,9,A,310174919,310174911,8
2902,241,10,N,310274920,310274911,9
2903,241,11,D,310374922,310374911,11
2904,242,0,F,310474923,310474923,0
2905,242,1,H,310574924,310574923,1
2906,242,2,B,310674926,310674923,3
2907,242,3,U,310774927,310774923,4
2908,242,4,R,310874928,310874923,5
2909,242,5,G,310974928,310974923,5
2910,242,6,E,311074930,311074923,7
2911,242,7,N,311174931,311174923,8
2912,242,8,L,311274932,311274923,9
2913,242,9,A,311374933,311374923,10
2914,242,10,N,311474933,311474923,10
2915,242,11,D,311574934,311574923,11
2916,243,0,F,311674935,311674935,0
2917,243,1,H,311774935,311774935,0
2918,243,2,B,311874936,311874935,1
2919,243,3,U,311974937,311974935,2
2920,243,4,R,312074938,312074935,3
2921,243,5,G,312174939,312174935,4
2922,243,6,E,312274940,312274935,5
2923,243,7,N,312374941,312374935,6
2924,243,8,L,312474942,312474935,7
2925,243,9,A,312574942,312574935,7
2926,243,10,N,312674943,312674935,8
2927,243,11,D,312774945,312774935,10
2928,244,0,F,312874946,312874946,0
2929,244,1,H,312974947,312974946,1
2930,244,2,B,313074948,313074946,2
2931,244,3,U,313174949,313174946,3
2932,244,4,R,313274950,313274946,4
2933,244,5,G,313374951,313374946,5
2934,244,6,E,313474953,313474946,7
2935,244,7,N,313574955,313574946,9
2936,244,8,L,313674955,313674946,9
2937,244,9,A,313774956,313774946,10
2938,244,10,N,313874957,313874946,11
2939,244,11,D,313974957,313974946,11
2940,245,0,F,314074958,314074958,0
2941,245,1,H,314174959,314174958,1
2942,245,2,B,314274960,314274958,2
2943,245,3,U,314374961,314374958,3
2944,245,4,R,314474962,314474958,4
2945,245,5,G,314574962,314574958,4
2946,245,6,E,314674962,314674958,4
2947,245,7,N,314774963,314774958,5
2948,245,8,L,314874964,314874958,6
2949,245,9,A,314974964,314974958,6
2950,245,10,N,315074964,315074958,6
2951,245,11,D,315174965,315174958,7
2952,246,0,F,315274967,315274967,0
2953,246,1,H,315374969,315374967,2
2954,246,2,B,315474969,315474967,2
2955,246,3,U,315574970,315574967,3
2956,246,4,R,315674971,315674967,4
2957,246,5,G,315774972,315774967,5
2958,246,6,E,315874974,315874967,7
2959,246,7,N,315974974,315974967,7
2960,246,8,L,316074975,316074967,8
2961,246,9,A,316174975,316174967,8
2962,246,10,N,316274977,316274967,10
2963,246,11,D,316374977,316374967,10
2964,247,0,F,316474979,316474979,0
2965,247,1,H,316574979,316574979,0
2966,247,2,B,316674979,316674979,0
2967,247,3,U,316774981,316774979,2
2968,247,4,R,316874982,316874979,3
2969,247,5,G,316974984,316974979,5
2970,247,6,E,317074985,317074979,6
2971,247,7,N,317174986,317174979,7
2972,247,8,L,317274986,317274979,7
2973,247,9,A,317374987,317374979,8
2974,247,10,N,317474988,317474979,9
2975,247,11,D,317574989,317574979,10
2976,248,0,F,317674990,317674990,0
2977,248,1,H,317774991,317774990,1
2978,248,2,B,317874993,317874990,3
2979,248,3,U,317974994,317974990,4
2980,248,4,R,318074995,318074990,5
2981,248,5,G,318174996,318174990,6
2982,248,6,E,318274997,318274990,7
2983,248,7,N,318374998,318374990,8
2984,248,8,L,318474999,318474990,9
2985,248,9,A,318574999,318574990,9
2986,248,10,N,318675000,318674990,10
2987,248,11,D,318775000,318774990,10
2988,249,0,F,318875002,318875002,0
2989,249,1,H,318975003,318975002,1
2990,249,2,B,319075004,319075002,2
2991,249,3,U,319175005,319175002,3
2992,249,4,R,319275006,319275002,4
2993,249,5,G,319375008,319375002,6
2994,249,6,E,319475008,319475002,6
2995,249,7,N,319575008,319575002,6
2996,249,8,L,319675009,319675002,7
2997,249,9,A,319775010,319775002,8
2998,249,10,N,319875011,319875002,9
2999,249,11,D,319975012,319975002,10
3000,250,0,F,320075013,320075013,0
3001,250,1,H,320175014,320175013,1
3002,250,2,B,320275015,320275013,2
3003,250,3,U,320375015,320375013,2
3004,250,4,R,320475016,320475013,3
3005,250,5,G,320575016,320575013,3
3006,250,6,E,320675017,320675013,4
3007,250,7,N,320775017,320775013,4
3008,250,8,L,320875018,320875013,5
3009,250,9,A,320975020,320975013,7
3010,250,10,N,321075020,321075013,7
3011,250,11,D,321175021,321175013,8
3012,251,0,F,321275022,321275022,0
3013,251,1,H,321375023,321375022,1
3014,251,2,B,321475025,321475022,3
3015,251,3,U,321575026,321575022,4
3016,251,4,R,321675027,321675022,5
3017,251,5,G,321775028,321775022,6
3018,251,6,E,321875028,321875022,6
3019,251,7,N,321975029,321975022,7
3020,251,8,L,322075030,322075022,8
3021,251,9,A,322175031,322175022,9
3022,251,10,N,322275033,322275022,11
3023,251,11,D,322375035,322375022,13
3024,252,0,F,322475036,322475036,0
3025,252,1,H,322575037,322575036,1
3026,252,2,B,322675037,322675036,1
3027,252,3,U,322775038,322775036,2
3028,252,4,R,322875040,322875036,4
3029,252,5,G,322975040,322975036,4
3030,252,6,E,323075042,323075036,6
3031,252,7,N,323175043,323175036,7
3032,252,8,L,323275044,323275036,8
3033,252,9,A,323375045,323375036,9
3034,252,10,N,323475047,323475036,11
3035,252,11,D,323575047,323575036,11
3036,253,0,F,323675049,323675049,0
3037,253,1,H,323775050,323775049,1
3038,253,2,B,323875050,323875049,1
3039,253,3,U,323975051,323975049,2
3040,253,4,R,324075052,324075049,3
3041,253,5,G,324175053,324175049,4
3042,253,6,E,324275054,324275049,5
3043,253,7,N,324375055,324375049,6
3044,253,8,L,324475055,324475049,6
3045,253,9,A,324575056,324575049,7
3046,253,10,N,324675057,324675049,8
3047,253,11,D,324775058,324775049,9
3048,254,0,F,324875058,324875058,0
3049,254,1,H,324975059,324975058,1
3050,254,2,B,325075060,325075058,2
3051,254,3,U,325175061,325175058,3
3052,254,4,R,325275062,325275058,4
3053,254,5,G,325375062,325375058,4
3054,254,6,E,325475063,325475058,5
3055,254,7,N,325575064,325575058,6
3056,254,8,L,325675066,325675058,8
3057,254,9,A,325775067,325775058,9
3058,254,10,N,325875068,325875058,10
3059,254,11,D,325975069,325975058,11
3060,255,0,F,326075070,326075070,0
3061,255,1,H,326175071,326175070,1
3062,255,2,B,326275072,326275070,2
3063,255,3,U,326375073,326375070,3
3064,255,4,R,326475074,326475070,4
3065,255,5,G,326575075,326575070,5
3066,255,6,E,326675076,326675070,6
3067,255,7,N,326775077,326775070,7
3068,255,8,L,326875078,326875070,8
3069,255,9,A,326975079,326975070,9
3070,255,10,N,327075080,327075070,10
3071,255,11,D,327175081,327175070,11
3072,256,0,F,327275082,327275082,0
3073,256,1,H,327375083,327375082,1
3074,256,2,B,327475084,327475082,2
3075,256,3,U,327575084,327575082,2
3076,256,4,R,327675084,327675082,2
3077,256,5,G,327775085,327775082,3
3078,256,6,E,327875085,327875082,3
3079,256,7,N,327975086,327975082,4
3080,256,8,L,328075087,328075082,5
3081,256,9,A,328175088,328175082,6
3082,256,10,N,328275090,328275082,8
3083,256,11,D,328375092,328375082,10
3084,257,0,F,328475092,328475092,0
3085,257,1,H,328575093,328575092,1
3086,257,2,B,328675094,328675092,2
3087,257,3,U,328775095,328775092,3
3088,257,4,R,328875096,328875092,4
3089,257,5,G,328975098,328975092,6
3090,257,6,E,329075099,329075092,7
3091,257,7,N,329175100,329175092,8
3092,257,8,L,329275102,329275092,10
3093,257,9,A,329375103,329375092,11
3094,257,10,N,329475104,329475092,12
3095,257,11,D,329575106,329575092,14
3096,258,0,F,329675107,329675107,0
3097,258,1,H,329775108,329775107,1
3098,258,2,B,329875109,329875107,2
3099,258,3,U,329975110,329975107,3
3100,258,4,R,330075112,330075107,5
3101,258,5,G,330175114,330175107,7
3102,258,6,E,330275115,330275107,8
3103,258,7,N,330375116,330375107,9
3104,258,8,L,330475117,330475107,10
3105,258,9,A,330575117,330575107,10
3106,258,10,N,330675119,330675107,12
3107,258,11,D,330775119,330775107,12
3108,259,0,F,330875120,330875120,0
3109,259,1,H,330975121,330975120,1
3110,259,2,B,331075122,331075120,2
3111,259,3,U,331175124,331175120,4
3112,259,4,R,331275125,331275120,5
3113,259,5,G,331375126,331375120,6
3114,259,6,E,331475127,331475120,7
3115,259,7,N,331575128,331575120,8
3116,259,8,L,331675130,331675120,10
3117,259,9,A,331775130,331775120,10
3118,259,10,N,331875131,331875120,11
3119,259,11,D,331975133,331975120,13
3120,260,0,F,332075134,332075134,0
3121,260,1,H,332175135,332175134,1
3122,260,2,B,332275136,332275134,2
3123,260,3,U,332375137,332375134,3
3124,260,4,R,332475138,332475134,4
3125,260,5,G,332575138,332575134,4
3126,260,6,E,332675139,332675134,5
3127,260,7,N,332775140,332775134,6
3128,260,8,L,332875141,332875134,7
3129,260,9,A,332975142,332975134,8
3130,260,10,N,333075143,333075134,9
3131,260,11,D,333175144,333175134,10
3132,261,0,F,333275144,333275144,0
3133,261,1,H,333375146,333375144,2
3134,261,2,B,333475147,333475144,3
3135,261,3,U,333575149,333575144,5
3136,261,4,R,333675151,333675144,7
3137,261,5,G,333775152,333775144,8
3138,261,6,E,333875153,333875144,9
3139,261,7,N,333975154,333975144,10
3140,261,8,L,334075155,334075144,11
3141,261,9,A,334175155,334175144,11
3142,261,10,N,334275156,334275144,12
3143,261,11,D,334375157,334375144,13
3144,262,0,F,334475158,334475158,0
3145,262,1,H,334575159,334575158,1
3146,262,2,B,334675160,334675158,2
3147,262,3,U,334775161,334775158,3
3148,262,4,R,334875162,334875158,4
3149,262,5,G,334975164,334975158,6
3150,262,6,E,335075164,335075158,6
3151,262,7,N,335175164,335175158,6
3152,262,8,L,335275165,335275158,7
3153,262,9,A,335375166,335375158,8
3154,262,10,N,335475167,335475158,9
3155,262,11,D,335575168,335575158,10
3156,263,0,F,335675169,335675169,0
3157,263,1,H,335775169,335775169,0
3158,263,2,B,335875170,335875169,1
3159,263,3,U,335975171,335975169,2
3160,263,4,R,336075173,336075169,4
3161,263,5,G,336175174,336175169,5
3162,263,6,E,336275175,336275169,6
3163,263,7,N,336375176,336375169,7
3164,263,8,L,336475176,336475169,7
3165,263,9,A,336575178,336575169,9
3166,263,10,N,336675179,336675169,10
3167,263,11,D,336775180,336775169,11
3168,264,0,F,336875181,336875181,0
3169,264,1,H,336975182,336975181,1
3170,264,2,B,337075182,337075181,1
3171,264,3,U,337175183,337175181,2
3172,264,4,R,337275185,337275181,4
3173,264,5,G,337375185,337375181,4
3174,264,6,E,337475185,337475181,4
3175,264,7,N,337575186,337575181,5
3176,264,8,L,337675187,337675181,6
3177,264,9,A,337775188,337775181,7
3178,264,10,N,337875189,337875181,8
3179,264,11,D,337975190,337975181,9
3180,265,0,F,338075190,338075190,0
3181,265,1,H,338175191,338175190,1
3182,265,2,B,338275193,338275190,3
3183,265,3,U,338375193,338375190,3
3184,265,4,R,338475194,338475190,4
3185,265,5,G,338575196,338575190,6
3186,265,6,E,338675198,338675190,8
3187,265,7,N,338775199,338775190,9
3188,265,8,L,338875200,338875190,10
3189,265,9,A,338975201,338975190,11
3190,265,10,N,339075203,339075190,13
3191,265,11,D,339175204,339175190,14
3192,266,0,F,339275204,339275204,0
3193,266,1,H,339375205,339375204,1
3194,266,2,B,339475206,339475204,2
3195,266,3,U,339575206,339575204,2
3196,266,4,R,339675208,339675204,4
3197,266,5,G,339775209,339775204,5
3198,266,6,E,339875210,339875204,6
3199,266,7,N,339975210,339975204,6
3200,266,8,L,340075211,340075204,7
3201,266,9,A,340175213,340175204,9
3202,266,10,N,340275214,340275204,10
3203,266,11,D,340375214,340375204,10
3204,267,0,F,340475216,340475216,0
3205,267,1,H,340575217,340575216,1
3206,267,2,B,340675218,340675216,2
3207,267,3,U,340775220,340775216,4
3208,267,4,R,340875221,340875216,5
3209,267,5,G,340975223,340975216,7
3210,267,6,E,341075224,341075216,8
3211,267,7,N,341175226,341175216,10
3212,267,8,L,341275228,341275216,12
3213,267,9,A,341375229,341375216,13
3214,267,10,N,341475229,341475216,13
3215,267,11,D,341575230,341575216,14
3216,268,0,F,341675230,341675230,0
3217,268,1,H,341775230,341775230,0
3218,268,2,B,341875232,341875230,2
3219,268,3,U,341975233,341975230,3
3220,268,4,R,342075234,342075230,4
3221,268,5,G,342175235,342175230,5
3222,268,6,E,342275237,342275230,7
3223,268,7,N,342375239,342375230,9
3224,268,8,L,342475240,342475230,10
3225,268,9,A,342575240,342575230,10
3226,268,10,N,342675240,342675230,10
3227,268,11,D,342775241,342775230,11
3228,269,0,F,342875242,342875242,0
3229,269,1,H,342975243,342975242,1
3230,269,2,B,343075244,343075242,2
3231,269,3,U,343175244,343175242,2
3232,269,4,R,343275245,343275242,3
3233,269,5,G,343375246,343375242,4
3234,269,6,E,343475247,343475242,5
3235,269,7,N,343575249,343575242,7
3236,269,8,L,343675250,343675242,8
3237,269,9,A,343775251,343775242,9
3238,269,10,N,343875253,343875242,11
3239,269,11,D,343975254,343975242,12
3240,270,0,F,344075254,344075254,0
3241,270,1,H,344175256,344175254,2
3242,270,2,B,344275257,344275254,3
3243,270,3,U,344375258,344375254,4
3244,270,4,R,344475259,344475254,5
3245,270,5,G,344575260,344575254,6
3246,270,6,E,344675261,344675254,7
3247,270,7,N,344775262,344775254,8
3248,270,8,L,344875263,344875254,9
3249,270,9,A,344975264,344975254,10
3250,270,10,N,345075265,345075254,11
3251,270,11,D,345175266,345175254,12
3252,271,0,F,345275267,345275267,0
3253,271,1,H,345375268,345375267,1
3254,271,2,B,345475269,345475267,2
3255,271,3,U,345575269,345575267,2
3256,271,4,R,345675270,345675267,3
3257,271,5,G,345775271,345775267,4
3258,271,6,E,345875272,345875267,5
3259,271,7,N,345975274,345975267,7
3260,271,8,L,346075275,346075267,8
3261,271,9,A,346175276,346175267,9
3262,271,10,N,346275278,346275267,11
3263,271,11,D,346375279,346375267,12
3264,272,0,F,346475281,346475281,0
3265,272,1,H,346575282,346575281,1
3266,272,2,B,346675282,346675281,1
3267,272,3,U,346775282,346775281,1
3268,272,4,R,346875284,346875281,3
3269,272,5,G,346975285,346975281,4
3270,272,6,E,347075285,347075281,4
3271,272,7,N,347175286,347175281,5
3272,272,8,L,347275287,347275281,6
3273,272,9,A,347375288,347375281,7
3274,272,10,N,347475289,347475281,8
3275,272,11,D,347575290,347575281,9
3276,273,0,F,347675290,347675290,0
3277,273,1,H,347775291,347775290,1
3278,273,2,B,347875293,347875290,3
3279,273,3,U,347975294,347975290,4
3280,273,4,R,348075295,348075290,5
3281,273,5,G,348175296,348175290,6
3282,273,6,E,348275296,348275290,6
3283,273,7,N,348375296,348375290,6
3284,273,8,L,348475297,348475290,7
3285,273,9,A,348575297,348575290,7
3286,273,10,N,348675297,348675290,7
3287,273,11,D,348775298,348775290,8
3288,274,0,F,348875300,348875300,0
3289,274,1,H,348975300,348975300,0
3290,274,2,B,349075300,349075300,0
3291,274,3,U,349175301,349175300,1
3292,274,4,R,349275303,349275300,3
3293,274,5,G,349375303,349375300,3
3294,274,6,E,349475304,349475300,4
3295,274,7,N,349575305,349575300,5
3296,274,8,L,349675305,349675300,5
3297,274,9,A,349775306,349775300,6
3298,274,10,N,349875307,349875300,7
3299,274,11,D,349975307,349975300,7
3300,275,0,F,350075308,350075308,0
3301,275,1,H,350175309,350175308,1
3302,275,2,B,350275311,350275308,3
3303,275,3,U,350375312,350375308,4
3304,275,4,R,350475313,350475308,5
3305,275,5,G,350575314,350575308,6
3306,275,6,E,350675315,350675308,7
3307,275,7,N,350775315,350775308,7
3308,275,8,L,350875316,350875308,8
3309,275,9,A,350975317,350975308,9
3310,275,10,N,351075318,351075308,10
3311,275,11,D,351175319,351175308,11
3312,276,0,F,351275320,351275320,0
3313,276,1,H,351375321,351375320,1
3314,276,2,B,351475322,351475320,2
3315,276,3,U,351575323,351575320,3
3316,276,4,R,351675324,351675320,4
3317,276,5,G,351775325,351775320,5
3318,276,6,E,351875326,351875320,6
3319,276,7,N,351975328,351975320,8
3320,276,8,L,352075328,352075320,8
3321,276,9,A,352175329,352175320,9
3322,276,10,N,352275330,352275320,10
3323,276,11,D,352375331,352375320,11
3324,277,0,F,352475332,352475332,0
3325,277,1,H,352575332,352575332,0
3326,277,2,B,352675333,352675332,1
3327,277,3,U,352775334,352775332,2
3328,277,4,R,352875335,352875332,3
3329,277,5,G,352975336,352975332,4
3330,277,6,E,353075338,353075332,6
3331,277,7,N,353175339,353175332,7
3332,277,8,L,353275340,353275332,8
3333,277,9,A,353375341,353375332,9
3334,277,10,N,353475342,353475332,10
3335,277,11,D,353575343,353575332,11
3336,278,0,F,353675343,353675343,0
3337,278,1,H,353775344,353775343,1
3338,278,2,B,353875345,353875343,2
3339,278,3,U,353975346,353975343,3
3340,278,4,R,354075347,354075343,4
3341,278,5,G,354175348,354175343,5
3342,278,6,E,354275349,354275343,6
3343,278,7,N,354375351,354375343,8
3344,278,8,L,354475352,354475343,9
3345,278,9,A,354575354,354575343,11
3346,278,10,N,354675355,354675343,12
3347,278,11,D,354775357,354775343,14
3348,279,0,F,354875358,354875358,0
3349,279,1,H,354975358,354975358,0
3350,279,2,B,355075359,355075358,1
3351,279,3,U,355175359,355175358,1
3352,279,4,R,355275360,355275358,2
3353,279,5,G,355375361,355375358,3
3354,279,6,E,355475363,355475358,5
3355,279,7,N,355575364,355575358,6
3356,279,8,L,355675365,355675358,7
3357,279,9,A,355775366,355775358,8
3358,279,10,N,355875367,355875358,9
3359,279,11,D,355975368,355975358,10
3360,280,0,F,356075370,356075370,0
3361,280,1,H,356175371,356175370,1
3362,280,2,B,356275372,356275370,2
3363,280,3,U,356375373,356375370,3
3364,280,4,R,356475374,356475370,4
3365,280,5,G,356575375,356575370,5
3366,280,6,E,356675376,356675370,6
3367,280,7,N,356775377,356775370,7
3368,280,8,L,356875379,356875370,9
3369,280,9,A,356975380,356975370,10
3370,280,10,N,357075382,357075370,12
3371,280,11,D,357175384,357175370,14
3372,281,0,F,357275385,357275385,0
3373,281,1,H,357375385,357375385,0
3374,281,2,B,357475386,357475385,1
3375,281,3,U,357575387,357575385,2
3376,281,4,R,357675388,357675385,3
3377,281,5,G,357775389,357775385,4
3378,281,6,E,357875391,357875385,6
3379,281,7,N,357975392,357975385,7
3380,281,8,L,358075393,358075385,8
3381,281,9,A,358175393,358175385,8
3382,281,10,N,358275394,358275385,9
3383,281,11,D,358375395,358375385,10
3384,282,0,F,358475397,358475397,0
3385,282,1,H,358575398,358575397,1
3386,282,2,B,358675400,358675397,3
3387,282,3,U,358775401,358775397,4
3388,282,4,R,358875402,358875397,5
3389,282,5,G,358975402,358975397,5
3390,282,6,E,359075404,359075397,7
3391,282,7,N,359175405,359175397,8
3392,282,8,L,359275406,359275397,9
3393,282,9,A,359375407,359375397,10
3394,282,10,N,359475408,359475397,11
3395,282,11,D,359575409,359575397,12
3396,283,0,F,359675411,359675411,0
3397,283,1,H,359775412,359775411,1
3398,283,2,B,359875413,359875411,2
3399,283,3,U,359975414,359975411,3
3400,283,4,R,360075414,360075411,3
3401,283,5,G,360175415,360175411,4
3402,283,6,E,360275416,360275411,5
3403,283,7,N,360375417,360375411,6
3404,283,8,L,360475418,360475411,7
3405,283,9,A,360575419,360575411,8
3406,283,10,N,360675419,360675411,8
3407,283,11,D,360775420,360775411,9
3408,284,0,F,360875421,360875421,0
3409,284,1,H,360975422,360975421,1
3410,284,2,B,361075423,361075421,2
3411,284,3,U,361175424,361175421,3
3412,284,4,R,361275425,361275421,4
3413,284,5,G,361375426,361375421,5
3414,284,6,E,361475426,361475421,5
3415,284,7,N,361575427,361575421,6
3416,284,8,L,361675428,361675421,7
3417,284,9,A,361775429,361775421,8
3418,284,10,N,361875431,361875421,10
3419,284,11,D,361975431,361975421,10
3420,285,0,F,362075432,362075432,0
3421,285,1,H,362175432,362175432,0
3422,285,2,B,362275433,362275432,1
3423,285,3,U,362375435,362375432,3
3424,285,4,R,362475435,362475432,3
3425,285,5,G,362575435,362575432,3
3426,285,6,E,362675437,362675432,5
3427,285,7,N,362775437,362775432,5
3428,285,8,L,362875438,362875432,6
3429,285,9,A,362975439,362975432,7
3430,285,10,N,363075440,363075432,8
3431,285,11,D,363175441,363175432,9
3432,286,0,F,363275443,363275443,0
3433,286,1,H,363375443,363375443,0
3434,286,2,B,363475444,363475443,1
3435,286,3,U,363575445,363575443,2
3436,286,4,R,363675445,363675443,2
3437,286,5,G,363775446,363775443,3
3438,286,6,E,363875448,363875443,5
3439,286,7,N,363975449,363975443,6
3440,286,8,L,364075451,364075443,8
3441,286,9,A,364175452,364175443,9
3442,286,10,N,364275454,364275443,11
3443,286,11,D,364375456,364375443,13
3444,287,0,F,364475457,364475457,0
3445,287,1,H,364575458,364575457,1
3446,287,2,B,364675459,364675457,2
3447,287,3,U,364775460,364775457,3
3448,287,4,R,364875462,364875457,5
3449,287,5,G,364975463,364975457,6
3450,287,6,E,365075465,365075457,8
3451,287,7,N,365175466,365175457,9
3452,287,8,L,365275468,365275457,11
3453,287,9,A,365375468,365375457,11
3454,287,10,N,365475469,365475457,12
3455,287,11,D,365575471,365575457,14
3456,288,0,F,365675471,365675471,0
3457,288,1,H,365775472,365775471,1
3458,288,2,B,365875472,365875471,1
3459,288,3,U,365975474,365975471,3
3460,288,4,R,366075476,366075471,5
3461,288,5,G,366175477,366175471,6
3462,288,6,E,366275479,366275471,8
3463,288,7,N,366375481,366375471,10
3464,288,8,L,366475482,366475471,11
3465,288,9,A,366575482,366575471,11
3466,288,10,N,366675483,366675471,12
3467,288,11,D,366775484,366775471,13
3468,289,0,F,366875484,366875484,0
3469,289,1,H,366975485,366975484,1
3470,289,2,B,367075485,367075484,1
3471,289,3,U,367175486,367175484,2
3472,289,4,R,367275488,367275484,4
3473,289,5,G,367375489,367375484,5
3474,289,6,E,367475489,367475484,5
3475,289,7,N,367575490,367575484,6
3476,289,8,L,367675491,367675484,7
3477,289,9,A,367775492,367775484,8
3478,289,10,N,367875493,367875484,9
3479,289,11,D,367975494,367975484,10
3480,290,0,F,368075495,368075495,0
3481,290,1,H,368175497,368175495,2
3482,290,2,B,368275498,368275495,3
3483,290,3,U,368375499,368375495,4
3484,290,4,R,368475500,368475495,5
3485,290,5,G,368575501,368575495,6
3486,290,6,E,368675502,368675495,7
3487,290,7,N,368775502,368775495,7
3488,290,8,L,368875502,368875495,7
3489,290,9,A,368975504,368975495,9
3490,290,10,N,369075506,369075495,11
3491,290,11,D,369175507,369175495,12
3492,291,0,F,369275508,369275508,0
3493,291,1,H,369375509,369375508,1
3494,291,2,B,369475510,369475508,2
3495,291,3,U,369575510,369575508,2
3496,291,4,R,369675511,369675508,3
3497,291,5,G,369775512,369775508,4
3498,291,6,E,369875512,369875508,4
3499,291,7,N,369975514,369975508,6
3500,291,8,L,370075515,370075508,7
3501,291,9,A,370175516,370175508,8
3502,291,10,N,370275517,370275508,9
3503,291,11,D,370375518,370375508,10
3504,292,0,F,370475519,370475519,0
3505,292,1,H,370575521,370575519,2
3506,292,2,B,370675522,370675519,3
3507,292,3,U,370775522,370775519,3
3508,292,4,R,370875523,370875519,4
3509,292,5,G,370975524,370975519,5
3510,292,6,E,371075525,371075519,6
3511,292,7,N,371175525,371175519,6
3512,292,8,L,371275526,371275519,7
3513,292,9,A,371375527,371375519,8
3514,292,10,N,371475528,371475519,9
3515,292,11,D,371575529,371575519,10
3516,293,0,F,371675530,371675530,0
3517,293,1,H,371775530,371775530,0
3518,293,2,B,371875531,371875530,1
3519,293,3,U,371975532,371975530,2
3520,293,4,R,372075533,372075530,3
3521,293,5,G,372175534,372175530,4
3522,293,6,E,372275535,372275530,5
3523,293,7,N,372375536,372375530,6
3524,293,8,L,372475537,372475530,7
3525,293,9,A,372575538,372575530,8
3526,293,10,N,372675539,372675530,9
3527,293,11,D,372775540,372775530,10
3528,294,0,F,372875542,372875542,0
3529,294,1,H,372975543,372975542,1
3530,294,2,B,373075544,373075542,2
3531,294,3,U,373175545,373175542,3
3532,294,4,R,373275546,373275542,4
3533,294,5,G,373375547,373375542,5
3534,294,6,E,373475547,373475542,5
3535,294,7,N,373575548,373575542,6
3536,294,8,L,373675549,373675542,7
3537,294,9,A,373775549,373775542,7
3538,294,10,N,373875550,373875542,8
3539,294,11,D,373975551,373975542,9
3540,295,0,F,374075552,374075552,0
3541,295,1,H,374175554,374175552,2
3542,295,2,B,374275556,374275552,4
3543,295,3,U,374375558,374375552,6
3544,295,4,R,374475558,374475552,6
3545,295,5,G,374575559,374575552,7
3546,295,6,E,374675561,374675552,9
3547,295,7,N,374775562,374775552,10
3548,295,8,L,374875562,374875552,10
3549,295,9,A,374975563,374975552,11
3550,295,10,N,375075563,375075552,11
3551,295,11,D,375175564,375175552,12
3552,296,0,F,375275565,375275565,0
3553,296,1,H,375375565,375375565,0
3554,296,2,B,375475566,375475565,1
3555,296,3,U,375575566,375575565,1
3556,296,4,R,375675567,375675565,2
3557,296,5,G,375775569,375775565,4
3558,296,6,E,375875570,375875565,5
3559,296,7,N,375975571,375975565,6
3560,296,8,L,376075573,376075565,8
3561,296,9,A,376175573,376175565,8
3562,296,10,N,376275574,376275565,9
3563,296,11,D,376375575,376375565,10
3564,297,0,F,376475575,376475575,0
3565,297,1,H,376575576,376575575,1
3566,297,2,B,376675578,376675575,3
3567,297,3,U,376775579,376775575,4
3568,297,4,R,376875580,376875575,5
3569,297,5,G,376975580,376975575,5
3570,297,6,E,377075581,377075575,6
3571,297,7,N,377175582,377175575,7
3572,297,8,L,377275583,377275575,8
3573,297,9,A,377375584,377375575,9
3574,297,10,N,377475585,377475575,10
3575,297,11,D,377575586,377575575,11
3576,298,0,F,377675587,377675587,0
3577,298,1,H,377775588,377775587,1
3578,298,2,B,377875589,377875587,2
3579,298,3,U,377975590,377975587,3
3580,298,4,R,378075591,378075587,4
3581,298,5,G,378175593,378175587,6
3582,298,6,E,378275594,378275587,7
3583,298,7,N,378375595,378375587,8
3584,298,8,L,378475595,378475587,8
3585,298,9,A,378575596,378575587,9
3586,298,10,N,378675597,378675587,10
3587,298,11,D,378775598,378775587,11
3588,299,0,F,378875598,378875598,0
3589,299,1,H,378975599,378975598,1
3590,299,2,B,379075600,379075598,2
3591,299,3,U,379175601,379175598,3
3592,299,4,R,379275602,379275598,4
3593,299,5,G,379375603,379375598,5
3594,299,6,E,379475604,379475598,6
3595,299,7,N,379575605,379575598,7
3596,299,8,L,379675606,379675598,8
3597,299,9,A,379775607,379775598,9
3598,299,10,N,379875609,379875598,11
3599,299,11,D,379975610,379975598,12
3600,300,0,F,380075611,380075611,0
3601,300,1,H,380175613,380175611,2
3602,300,2,B,380275614,380275611,3
3603,300,3,U,380375614,380375611,3
3604,300,4,R,380475616,380475611,5
3605,300,5,G,380575617,380575611,6
3606,300,6,E,380675617,380675611,6
3607,300,7,N,380775618,380775611,7
3608,300,8,L,380875619,380875611,8
3609,300,9,A,380975621,380975611,10
3610,300,10,N,381075622,381075611,11
3611,300,11,D,381175623,381175611,12
3612,301,0,F,381275624,381275624,0
3613,301,1,H,381375624,381375624,0
3614,301,2,B,381475625,381475624,1
3615,301,3,U,381575626,381575624,2
3616,301,4,R,381675627,381675624,3
3617,301,5,G,381775628,381775624,4
3618,301,6,E,381875629,381875624,5
3619,301,7,N,381975629,381975624,5
3620,301,8,L,382075630,382075624,6
3621,301,9,A,382175632,382175624,8
3622,301,10,N,382275632,382275624,8
3623,301,11,D,382375632,382375624,8
3624,302,0,F,382475632,382475632,0
3625,302,1,H,382575633,382575632,1
3626,302,2,B,382675634,382675632,2
3627,302,3,U,382775635,382775632,3
3628,302,4,R,382875636,382875632,4
3629,302,5,G,382975638,382975632,6
3630,302,6,E,383075639,383075632,7
3631,302,7,N,383175640,383175632,8
3632,302,8,L,383275641,383275632,9
3633,302,9,A,383375642,383375632,10
3634,302,10,N,383475642,383475632,10
3635,302,11,D,383575643,383575632,11
3636,303,0,F,383675644,383675644,0
3637,303,1,H,383775645,383775644,1
3638,303,2,B,383875646,383875644,2
3639,303,3,U,383975647,383975644,3
3640,303,4,R,384075647,384075644,3
3641,303,5,G,384175648,384175644,4
3642,303,6,E,384275649,384275644,5
3643,303,7,N,384375649,384375644,5
3644,303,8,L,384475650,384475644,6
3645,303,9,A,384575650,384575644,6
3646,303,10,N,384675650,384675644,6
3647,303,11,D,384775651,384775644,7
3648,304,0,F,384875652,384875652,0
3649,304,1,H,384975653,384975652,1
3650,304,2,B,385075654,385075652,2
3651,304,3,U,385175655,385175652,3
3652,304,4,R,385275657,385275652,5
3653,304,5,G,385375657,385375652,5
3654,304,6,E,385475659,385475652,7
3655,304,7,N,385575660,385575652,8
3656,304,8,L,385675661,385675652,9
3657,304,9,A,385775662,385775652,10
3658,304,10,N,385875663,385875652,11
3659,304,11,D,385975665,385975652,13
3660,305,0,F,386075666,386075666,0
3661,305,1,H,386175667,386175666,1
3662,305,2,B,386275668,386275666,2
3663,305,3,U,386375670,386375666,4
3664,305,4,R,386475671,386475666,5
3665,305,5,G,386575672,386575666,6
3666,305,6,E,386675672,386675666,6
3667,305,7,N,386775673,386775666,7
3668,305,8,L,386875674,386875666,8
3669,305,9,A,386975675,386975666,9
3670,305,10,N,387075677,387075666,11
3671,305,11,D,387175677,387175666,11
3672,306,0,F,387275678,387275678,0
3673,306,1,H,387375678,387375678,0
3674,306,2,B,387475679,387475678,1
3675,306,3,U,387575679,387575678,1
3676,306,4,R,387675680,387675678,2
3677,306,5,G,387775681,387775678,3
3678,306,6,E,387875682,387875678,4
3679,306,7,N,387975684,387975678,6
3680,306,8,L,388075685,388075678,7
3681,306,9,A,388175686,388175678,8
3682,306,10,N,388275687,388275678,9
3683,306,11,D,388375688,388375678,10
3684,307,0,F,388475689,388475689,0
3685,307,1,H,388575690,388575689,1
3686,307,2,B,388675691,388675689,2
3687,307,3,U,388775692,388775689,3
3688,307,4,R,388875693,388875689,4
3689,307,5,G,388975694,388975689,5
3690,307,6,E,389075695,389075689,6
3691,307,7,N,389175695,389175689,6
3692,307,8,L,389275696,389275689,7
3693,307,9,A,389375697,389375689,8
3694,307,10,N,389475698,389475689,9
3695,307,11,D,389575699,389575689,10
3696,308,0,F,389675699,389675699,0
3697,308,1,H,389775700,389775699,1
3698,308,2,B,389875701,389875699,2
3699,308,3,U,389975702,389975699,3
3700,308,4,R,390075702,390075699,3
3701,308,5,G,390175704,390175699,5
3702,308,6,E,390275706,390275699,7
3703,308,7,N,390375707,390375699,8
3704,308,8,L,390475708,390475699,9
3705,308,9,A,390575709,390575699,10
3706,308,10,N,390675709,390675699,10
3707,308,11,D,390775711,390775699,12
3708,309,0,F,390875712,390875712,0
3709,309,1,H,390975712,390975712,0
3710,309,2,B,391075713,391075712,1
3711,309,3,U,391175715,391175712,3
3712,309,4,R,391275716,391275712,4
3713,309,5,G,391375716,391375712,4
3714,309,6,E,391475716,391475712,4
3715,309,7,N,391575717,391575712,5
3716,309,8,L,391675718,391675712,6
3717,309,9,A,391775719,391775712,7
3718,309,10,N,391875719,391875712,7
3719,309,11,D,391975720,391975712,8
3720,310,0,F,392075721,392075721,0
3721,310,1,H,392175721,392175721,0
3722,310,2,B,392275723,392275721,2
3723,310,3,U,392375723,392375721,2
3724,310,4,R,392475724,392475721,3
3725,310,5,G,392575726,392575721,5
3726,310,6,E,392675728,392675721,7
3727,310,7,N,392775729,392775721,8
3728,310,8,L,392875730,392875721,9
3729,310,9,A,392975731,392975721,10
3730,310,10,N,393075732,393075721,11
3731,310,11,D,393175732,393175721,11
3732,311,0,F,393275733,393275733,0
3733,311,1,H,393375733,393375733,0
3734,311,2,B,393475733,393475733,0
3735,311,3,U,393575734,393575733,1
3736,311,4,R,393675735,393675733,2
3737,311,5,G,393775737,393775733,4
3738,311,6,E,393875737,393875733,4
3739,311,7,N,393975738,393975733,5
3740,311,8,L,394075739,394075733,6
3741,311,9,A,394175740,394175733,7
3742,311,10,N,394275741,394275733,8
3743,311,11,D,394375742,394375733,9
3744,312,0,F,394475743,394475743,0
3745,312,1,H,394575745,394575743,2
3746,312,2,B,394675746,394675743,3
3747,312,3,U,394775747,394775743,4
3748,312,4,R,394875748,394875743,5
3749,312,5,G,394975750,394975743,7
3750,312,6,E,395075750,395075743,7
3751,312,7,N,395175752,395175743,9
3752,312,8,L,395275753,395275743,10
3753,312,9,A,395375754,395375743,11
3754,312,10,N,395475755,395475743,12
3755,312,11,D,395575755,395575743,12
3756,313,0,F,395675756,395675756,0
3757,313,1,H,395775757,395775756,1
3758,313,2,B,395875759,395875756,3
3759,313,3,U,395975760,395975756,4
3760,313,4,R,396075761,396075756,5
3761,313,5,G,396175762,396175756,6
3762,313,6,E,396275764,396275756,8
3763,313,7,N,396375764,396375756,8
3764,313,8,L,396475764,396475756,8
3765,313,9,A,396575765,396575756,9
3766,313,10,N,396675765,396675756,9
3767,313,11,D,396775766,396775756,10
3768,314,0,F,396875768,396875768,0
3769,314,1,H,396975770,396975768,2
3770,314,2,B,397075770,397075768,2
3771,314,3,U,397175771,397175768,3
3772,314,4,R,397275773,397275768,5
3773,314,5,G,397375774,397375768,6
3774,314,6,E,397475775,397475768,7
3775,314,7,N,397575776,397575768,8
3776,314,8,L,397675776,397675768,8
3777,314,9,A,397775776,397775768,8
3778,314,10,N,397875777,397875768,9
3779,314,11,D,397975778,397975768,10
3780,315,0,F,398075779,398075779,0
3781,315,1,H,398175780,398175779,1
3782,315,2,B,398275781,398275779,2
3783,315,3,U,398375782,398375779,3
3784,315,4,R,398475782,398475779,3
3785,315,5,G,398575783,398575779,4
3786,315,6,E,398675785,398675779,6
3787,315,7,N,398775786,398775779,7
3788,315,8,L,398875788,398875779,9
3789,315,9,A,398975790,398975779,11
3790,315,10,N,399075790,399075779,11
3791,315,11,D,399175791,399175779,12
3792,316,0,F,399275792,399275792,0
3793,316,1,H,399375794,399375792,2
3794,316,2,B,399475795,399475792,3
3795,316,3,U,399575796,399575792,4
3796,316,4,R,399675797,399675792,5
3797,316,5,G,399775798,399775792,6
3798,316,6,E,399875800,399875792,8
3799,316,7,N,399975801,399975792,9
3800,316,8,L,400075803,400075792,11
3801,316,9,A,400175804,400175792,12
3802,316,10,N,400275806,400275792,14
3803,316,11,D,400375807,400375792,15
3804,317,0,F,400475808,400475808,0
3805,317,1,H,400575809,400575808,1
3806,317,2,B,400675809,400675808,1
3807,317,3,U,400775810,400775808,2
3808,317,4,R,400875810,400875808,2
3809,317,5,G,400975811,400975808,3
3810,317,6,E,401075812,401075808,4
3811,317,7,N,401175813,401175808,5
3812,317,8,L,401275814,401275808,6
3813,317,9,A,401375814,401375808,6
3814,317,10,N,401475814,401475808,6
3815,317,11,D,401575816,401575808,8
3816,318,0,F,401675818,401675818,0
3817,318,1,H,401775820,401775818,2
3818,318,2,B,401875821,401875818,3
3819,318,3,U,401975821,401975818,3
3820,318,4,R,402075821,402075818,3
3821,318,5,G,402175822,402175818,4
3822,318,6,E,402275824,402275818,6
3823,318,7,N,402375825,402375818,7
3824,318,8,L,402475825,402475818,7
3825,318,9,A,402575827,402575818,9
3826,318,10,N,402675828,402675818,10
3827,318,11,D,402775830,402775818,12
3828,319,0,F,402875831,402875831,0
3829,319,1,H,402975833,402975831,2
3830,319,2,B,403075835,403075831,4
3831,319,3,U,403175836,403175831,5
3832,319,4,R,403275836,403275831,5
3833,319,5,G,403375837,403375831,6
3834,319,6,E,403475838,403475831,7
3835,319,7,N,403575839,403575831,8
3836,319,8,L,403675839,403675831,8
3837,319,9,A,403775840,403775831,9
3838,319,10,N,403875842,403875831,11
3839,319,11,D,403975843,403975831,12
3840,320,0,F,404075843,404075843,0
3841,320,1,H,404175845,404175843,2
3842,320,2,B,404275846,404275843,3
3843,320,3,U,404375847,404375843,4
3844,320,4,R,404475848,404475843,5
3845,320,5,G,404575850,404575843,7
3846,320,6,E,404675850,404675843,7
3847,320,7,N,404775852,404775843,9
3848,320,8,L,404875853,404875843,10
3849,320,9,A,404975855,404975843,12
3850,320,10,N,405075855,405075843,12
3851,320,11,D,405175856,405175843,13
3852,321,0,F,405275858,405275858,0
3853,321,1,H,405375859,405375858,1
3854,321,2,B,405475860,405475858,2
3855,321,3,U,405575861,405575858,3
3856,321,4,R,405675862,405675858,4
3857,321,5,G,405775862,405775858,4
3858,321,6,E,405875863,405875858,5
3859,321,7,N,405975864,405975858,6
3860,321,8,L,406075865,406075858,7
3861,321,9,A,406175867,406175858,9
3862,321,10,N,406275869,406275858,11
3863,321,11,D,406375871,406375858,13
3864,322,0,F,406475871,406475871,0
3865,322,1,H,406575872,406575871,1
3866,322,2,B,406675873,406675871,2
3867,322,3,U,406775873,406775871,2
3868,322,4,R,406875874,406875871,3
3869,322,5,G,406975876,406975871,5
3870,322,6,E,407075877,407075871,6
3871,322,7,N,407175878,407175871,7
3872,322,8,L,407275879,407275871,8
3873,322,9,A,407375880,407375871,9
3874,322,10,N,407475881,407475871,10
3875,322,11,D,407575882,407575871,11
3876,323,0,F,407675884,407675884,0
3877,323,1,H,407775885,407775884,1
3878,323,2,B,407875886,407875884,2
3879,323,3,U,407975887,407975884,3
3880,323,4,R,408075888,408075884,4
3881,323,5,G,408175889,408175884,5
3882,323,6,E,408275890,408275884,6
3883,323,7,N,408375891,408375884,7
3884,323,8,L,408475892,408475884,8
3885,323,9,A,408575893,408575884,9
3886,323,10,N,408675894,408675884,10
3887,323,11,D,408775896,408775884,12
3888,324,0,F,408875897,408875897,0
3889,324,1,H,408975898,408975897,1
3890,324,2,B,409075899,409075897,2
3891,324,3,U,409175900,409175897,3
3892,324,4,R,409275901,409275897,4
3893,324,5,G,409375902,409375897,5
3894,324,6,E,409475903,409475897,6
3895,324,7,N,409575903,409575897,6
3896,324,8,L,409675904,409675897,7
3897,324,9,A,409775905,409775897,8
3898,324,10,N,409875905,409875897,8
3899,324,11,D,409975907,409975897,10
3900,325,0,F,410075907,410075907,0
3901,325,1,H,410175907,410175907,0
3902,325,2,B,410275909,410275907,2
3903,325,3,U,410375910,410375907,3
3904,325,4,R,410475911,410475907,4
3905,325,5,G,410575912,410575907,5
3906,325,6,E,410675913,410675907,6
3907,325,7,N,410775914,410775907,7
3908,325,8,L,410875914,410875907,7
3909,325,9,A,410975915,410975907,8
3910,325,10,N,411075916,411075907,9
3911,325,11,D,411175916,411175907,9
3912,326,0,F,411275917,411275917,0
3913,326,1,H,411375918,411375917,1
3914,326,2,B,411475918,411475917,1
3915,326,3,U,411575918,411575917,1
3916,326,4,R,411675919,411675917,2
3917,326,5,G,411775920,411775917,3
3918,326,6,E,411875921,411875917,4
3919,326,7,N,411975922,411975917,5
3920,326,8,L,412075924,412075917,7
3921,326,9,A,412175925,412175917,8
3922,326,10,N,412275927,412275917,10
3923,326,11,D,412375928,412375917,11
3924,327,0,F,412475928,412475928,0
3925,327,1,H,412575929,412575928,1
3926,327,2,B,412675930,412675928,2
3927,327,3,U,412775931,412775928,3
3928,327,4,R,412875932,412875928,4
3929,327,5,G,412975932,412975928,4
3930,327,6,E,413075934,413075928,6
3931,327,7,N,413175935,413175928,7
3932,327,8,L,413275937,413275928,9
3933,327,9,A,413375938,413375928,10
3934,327,10,N,413475939,413475928,11
3935,327,11,D,413575940,413575928,12
3936,328,0,F,413675941,413675941,0
3937,328,1,H,413775942,413775941,1
3938,328,2,B,413875942,413875941,1
3939,328,3,U,413975944,413975941,3
3940,328,4,R,414075945,414075941,4
3941,328,5,G,414175945,414175941,4
3942,328,6,E,414275946,414275941,5
3943,328,7,N,414375947,414375941,6
3944,328,8,L,414475948,414475941,7
3945,328,9,A,414575949,414575941,8
3946,328,10,N,414675950,414675941,9
3947,328,11,D,414775951,414775941,10
3948,329,0,F,414875952,414875952,0
3949,329,1,H,414975952,414975952,0
3950,329,2,B,415075953,415075952,1
3951,329,3,U,415175954,415175952,2
3952,329,4,R,415275955,415275952,3
3953,329,5,G,415375956,415375952,4
3954,329,6,E,415475956,415475952,4
3955,329,7,N,415575957,415575952,5
3956,329,8,L,415675957,415675952,5
3957,329,9,A,415775958,415775952,6
3958,329,10,N,415875959,415875952,7
3959,329,11,D,415975960,415975952,8
3960,330,0,F,416075962,416075962,0
3961,330,1,H,416175962,416175962,0
3962,330,2,B,416275963,416275962,1
3963,330,3,U,416375964,416375962,2
3964,330,4,R,416475965,416475962,3
3965,330,5,G,416575965,416575962,3
3966,330,6,E,416675966,416675962,4
3967,330,7,N,416775967,416775962,5
3968,330,8,L,416875968,416875962,6
3969,330,9,A,416975969,416975962,7
3970,330,10,N,417075971,417075962,9
3971,330,11,D,417175972,417175962,10
3972,331,0,F,417275974,417275974,0
3973,331,1,H,417375976,417375974,2
3974,331,2,B,417475977,417475974,3
3975,331,3,U,417575978,417575974,4
3976,331,4,R,417675979,417675974,5
3977,331,5,G,417775981,417775974,7
3978,331,6,E,417875982,417875974,8
3979,331,7,N,417975983,417975974,9
3980,331,8,L,418075984,418075974,10
3981,331,9,A,418175984,418175974,10
3982,331,10,N,418275985,418275974,11
3983,331,11,D,418375987,418375974,13
3984,332,0,F,418475988,418475988,0
3985,332,1,H,418575990,418575988,2
3986,332,2,B,418675991,418675988,3
3987,332,3,U,418775993,418775988,5
3988,332,4,R,418875994,418875988,6
3989,332,5,G,418975994,418975988,6
3990,332,6,E,419075995,419075988,7
3991,332,7,N,419175996,419175988,8
3992,332,8,L,419275997,419275988,9
3993,332,9,A,419375999,419375988,11
3994,332,10,N,419476000,419475988,12
3995,332,11,D,419576001,419575988,13
3996,333,0,F,419676003,419676003,0
3997,333,1,H,419776004,419776003,1
3998,333,2,B,419876005,419876003,2
3999,333,3,U,419976006,419976003,3
4000,333,4,R,420076007,420076003,4
4001,333,5,G,420176008,420176003,5
4002,333,6,E,420276009,420276003,6
4003,333,7,N,420376010,420376003,7
4004,333,8,L,420476011,420476003,8
4005,333,9,A,420576012,420576003,9
4006,333,10,N,420676013,420676003,10
4007,333,11,D,420776015,420776003,12
4008,334,0,F,420876016,420876016,0
4009,334,1,H,420976018,420976016,2
4010,334,2,B,421076019,421076016,3
4011,334,3,U,421176019,421176016,3
4012,334,4,R,421276020,421276016,4
4013,334,5,G,421376022,421376016,6
4014,334,6,E,421476022,421476016,6
4015,334,7,N,421576023,421576016,7
4016,334,8,L,421676024,421676016,8
4017,334,9,A,421776025,421776016,9
4018,334,10,N,421876026,421876016,10
4019,334,11,D,421976027,421976016,11
4020,335,0,F,422076028,422076028,0
4021,335,1,H,422176029,422176028,1
4022,335,2,B,422276030,422276028,2
4023,335,3,U,422376031,422376028,3
4024,335,4,R,422476031,422476028,3
4025,335,5,G,422576031,422576028,3
4026,335,6,E,422676032,422676028,4
4027,335,7,N,422776032,422776028,4
4028,335,8,L,422876033,422876028,5
4029,335,9,A,422976033,422976028,5
4030,335,10,N,423076035,423076028,7
4031,335,11,D,423176035,423176028,7
4032,336,0,F,423276036,423276036,0
4033,336,1,H,423376037,423376036,1
4034,336,2,B,423476038,423476036,2
4035,336,3,U,423576039,423576036,3
4036,336,4,R,423676040,423676036,4
4037,336,5,G,423776041,423776036,5
4038,336,6,E,423876042,423876036,6
4039,336,7,N,423976044,423976036,8
4040,336,8,L,424076045,424076036,9
4041,336,9,A,424176046,424176036,10
4042,336,10,N,424276047,424276036,11
4043,336,11,D,424376048,424376036,12
4044,337,0,F,424476049,424476049,0
4045,337,1,H,424576050,424576049,1
4046,337,2,B,424676051,424676049,2
4047,337,3,U,424776052,424776049,3
4048,337,4,R,424876052,424876049,3
4049,337,5,G,424976053,424976049,4
4050,337,6,E,425076053,425076049,4
4051,337,7,N,425176054,425176049,5
4052,337,8,L,425276055,425276049,6
4053,337,9,A,425376056,425376049,7
4054,337,10,N,425476057,425476049,8
4055,337,11,D,425576058,425576049,9
4056,338,0,F,425676059,425676059,0
4057,338,1,H,425776059,425776059,0
4058,338,2,B,425876060,425876059,1
4059,338,3,U,425976061,425976059,2
4060,338,4,R,426076062,426076059,3
4061,338,5,G,426176063,426176059,4
4062,338,6,E,426276064,426276059,5
4063,338,7,N,426376065,426376059,6
4064,338,8,L,426476067,426476059,8
4065,338,9,A,426576068,426576059,9
4066,338,10,N,426676069,426676059,10
4067,338,11,D,426776069,426776059,10
4068,339,0,F,426876070,426876070,0
4069,339,1,H,426976071,426976070,1
4070,339,2,B,427076072,427076070,2
4071,339,3,U,427176072,427176070,2
4072,339,4,R,427276074,427276070,4
4073,339,5,G,427376076,427376070,6
4074,339,6,E,427476076,427476070,6
4075,339,7,N,427576077,427576070,7
4076,339,8,L,427676078,427676070,8
4077,339,9,A,427776078,427776070,8
4078,339,10,N,427876079,427876070,9
4079,339,11,D,427976080,427976070,10
4080,340,0,F,428076081,428076081,0
4081,340,1,H,428176082,428176081,1
4082,340,2,B,428276083,428276081,2
4083,340,3,U,428376084,428376081,3
4084,340,4,R,428476086,428476081,5
4085,340,5,G,428576087,428576081,6
4086,340,6,E,428676088,428676081,7
4087,340,7,N,428776089,428776081,8
4088,340,8,L,428876090,428876081,9
4089,340,9,A,428976091,428976081,10
4090,340,10,N,429076092,429076081,11
4091,340,11,D,429176093,429176081,12
4092,341,0,F,429276094,429276094,0
4093,341,1,H,429376094,429376094,0
4094,341,2,B,429476095,429476094,1
4095,341,3,U,429576096,429576094,2
4096,341,4,R,429676097,429676094,3
4097,341,5,G,429776097,429776094,3
4098,341,6,E,429876098,429876094,4
4099,341,7,N,429976099,429976094,5
4100,341,8,L,430076101,430076094,7
4101,341,9,A,430176102,430176094,8
4102,341,10,N,430276103,430276094,9
4103,341,11,D,430376105,430376094,11
4104,342,0,F,430476106,430476106,0
4105,342,1,H,430576107,430576106,1
4106,342,2,B,430676108,430676106,2
4107,342,3,U,430776109,430776106,3
4108,342,4,R,430876110,430876106,4
4109,342,5,G,430976112,430976106,6
4110,342,6,E,431076113,431076106,7
4111,342,7,N,431176113,431176106,7
4112,342,8,L,431276114,431276106,8
4113,342,9,A,431376115,431376106,9
4114,342,10,N,431476116,431476106,10
4115,342,11,D,431576116,431576106,10
4116,343,0,F,431676116,431676116,0
4117,343,1,H,431776117,431776116,1
4118,343,2,B,431876118,431876116,2
4119,343,3,U,431976119,431976116,3
4120,343,4,R,432076120,432076116,4
4121,343,5,G,432176120,432176116,4
4122,343,6,E,432276122,432276116,6
4123,343,7,N,432376123,432376116,7
4124,343,8,L,432476124,432476116,8
4125,343,9,A,432576126,432576116,10
4126,343,10,N,432676127,432676116,11
4127,343,11,D,432776128,432776116,12
4128,344,0,F,432876130,432876130,0
4129,344,1,H,432976130,432976130,0
4130,344,2,B,433076131,433076130,1
4131,344,3,U,433176133,433176130,3
4132,344,4,R,433276134,433276130,4
4133,344,5,G,433376134,433376130,4
4134,344,6,E,433476135,433476130,5
4135,344,7,N,433576136,433576130,6
4136,344,8,L,433676137,433676130,7
4137,344,9,A,433776138,433776130,8
4138,344,10,N,433876138,433876130,8
4139,344,11,D,433976139,433976130,9
4140,345,0,F,434076140,434076140,0
4141,345,1,H,434176140,434176140,0
4142,345,2,B,434276141,434276140,1
4143,345,3,U,434376142,434376140,2
4144,345,4,R,434476143,434476140,3
4145,345,5,G,434576144,434576140,4
4146,345,6,E,434676145,434676140,5
4147,345,7,N,434776146,434776140,6
4148,345,8,L,434876147,434876140,7
4149,345,9,A,434976147,434976140,7
4150,345,10,N,435076147,435076140,7
4151,345,11,D,435176148,435176140,8
4152,346,0,F,435276149,435276149,0
4153,346,1,H,435376149,435376149,0
4154,346,2,B,435476150,435476149,1
4155,346,3,U,435576151,435576149,2
4156,346,4,R,435676152,435676149,3
4157,346,5,G,435776153,435776149,4
4158,346,6,E,435876154,435876149,5
4159,346,7,N,435976155,435976149,6
4160,346,8,L,436076156,436076149,7
4161,346,9,A,436176156,436176149,7
4162,346,10,N,436276157,436276149,8
4163,346,11,D,436376158,436376149,9
4164,347,0,F,436476158,436476158,0
4165,347,1,H,436576158,436576158,0
4166,347,2,B,436676160,436676158,2
4167,347,3,U,436776161,436776158,3
4168,347,4,R,436876163,436876158,5
4169,347,5,G,436976164,436976158,6
4170,347,6,E,437076165,437076158,7
4171,347,7,N,437176166,437176158,8
4172,347,8,L,437276168,437276158,10
4173,347,9,A,437376169,437376158,11
4174,347,10,N,437476170,437476158,12
4175,347,11,D,437576171,437576158,13
4176,348,0,F,437676172,437676172,0
4177,348,1,H,437776173,437776172,1
4178,348,2,B,437876174,437876172,2
4179,348,3,U,437976175,437976172,3
4180,348,4,R,438076176,438076172,4
4181,348,5,G,438176177,438176172,5
4182,348,6,E,438276178,438276172,6
4183,348,7,N,438376179,438376172,7
4184,348,8,L,438476181,438476172,9
4185,348,9,A,438576182,438576172,10
4186,348,10,N,438676182,438676172,10
4187,348,11,D,438776183,438776172,11
4188,349,0,F,438876184,438876184,0
4189,349,1,H,438976186,438976184,2
4190,349,2,B,439076188,439076184,4
4191,349,3,U,439176188,439176184,4
4192,349,4,R,439276189,439276184,5
4193,349,5,G,439376189,439376184,5
4194,349,6,E,439476189,439476184,5
4195,349,7,N,439576189,439576184,5
4196,349,8,L,439676190,439676184,6
4197,349,9,A,439776191,439776184,7
4198,349,10,N,439876192,439876184,8
4199,349,11,D,439976192,439976184,8
4200,350,0,F,440076193,440076193,0
4201,350,1,H,440176195,440176193,2
4202,350,2,B,440276196,440276193,3
4203,350,3,U,440376197,440376193,4
4204,350,4,R,440476197,440476193,4
4205,350,5,G,440576199,440576193,6
4206,350,6,E,440676199,440676193,6
4207,350,7,N,440776200,440776193,7
4208,350,8,L,440876201,440876193,8
4209,350,9,A,440976201,440976193,8
4210,350,10,N,441076203,441076193,10
4211,350,11,D,441176203,441176193,10
4212,351,0,F,441276205,441276205,0
4213,351,1,H,441376206,441376205,1
4214,351,2,B,441476208,441476205,3
4215,351,3,U,441576209,441576205,4
4216,351,4,R,441676210,441676205,5
4217,351,5,G,441776212,441776205,7
4218,351,6,E,441876213,441876205,8
4219,351,7,N,441976214,441976205,9
4220,351,8,L,442076216,442076205,11
4221,351,9,A,442176218,442176205,13
4222,351,10,N,442276219,442276205,14
4223,351,11,D,442376220,442376205,15
4224,352,0,F,442476221,442476221,0
4225,352,1,H,442576222,442576221,1
4226,352,2,B,442676223,442676221,2
4227,352,3,U,442776224,442776221,3
4228,352,4,R,442876225,442876221,4
4229,352,5,G,442976226,442976221,5
4230,352,6,E,443076227,443076221,6
4231,352,7,N,443176227,443176221,6
4232,352,8,L,443276228,443276221,7
4233,352,9,A,443376229,443376221,8
4234,352,10,N,443476230,443476221,9
4235,352,11,D,443576230,443576221,9
4236,353,0,F,443676231,443676231,0
4237,353,1,H,443776232,443776231,1
4238,353,2,B,443876234,443876231,3
4239,353,3,U,443976235,443976231,4
4240,353,4,R,444076237,444076231,6
4241,353,5,G,444176238,444176231,7
4242,353,6,E,444276240,444276231,9
4243,353,7,N,444376241,444376231,10
4244,353,8,L,444476242,444476231,11
4245,353,9,A,444576243,444576231,12
4246,353,10,N,444676244,444676231,13
4247,353,11,D,444776245,444776231,14
4248,354,0,F,444876246,444876246,0
4249,354,1,H,444976248,444976246,2
4250,354,2,B,445076248,445076246,2
4251,354,3,U,445176249,445176246,3
4252,354,4,R,445276249,445276246,3
4253,354,5,G,445376251,445376246,5
4254,354,6,E,445476253,445476246,7
4255,354,7,N,445576254,445576246,8
4256,354,8,L,445676254,445676246,8
4257,354,9,A,445776256,445776246,10
4258,354,10,N,445876257,445876246,11
4259,354,11,D,445976258,445976246,12
4260,355,0,F,446076259,446076259,0
4261,355,1,H,446176260,446176259,1
4262,355,2,B,446276262,446276259,3
4263,355,3,U,446376262,446376259,3
4264,355,4,R,446476263,446476259,4
4265,355,5,G,446576264,446576259,5
4266,355,6,E,446676264,446676259,5
4267,355,7,N,446776266,446776259,7
4268,355,8,L,446876268,446876259,9
4269,355,9,A,446976269,446976259,10
4270,355,10,N,447076270,447076259,11
4271,355,11,D,447176270,447176259,11
4272,356,0,F,447276271,447276271,0
4273,356,1,H,447376272,447376271,1
4274,356,2,B,447476274,447476271,3
4275,356,3,U,447576275,447576271,4
4276,356,4,R,447676276,447676271,5
4277,356,5,G,447776277,447776271,6
4278,356,6,E,447876278,447876271,7
4279,356,7,N,447976279,447976271,8
4280,356,8,L,448076280,448076271,9
4281,356,9,A,448176281,448176271,10
4282,356,10,N,448276283,448276271,12
4283,356,11,D,448376284,448376271,13
4284,357,0,F,448476286,448476286,0
4285,357,1,H,448576288,448576286,2
4286,357,2,B,448676289,448676286,3
4287,357,3,U,448776290,448776286,4
4288,357,4,R,448876292,448876286,6
4289,357,5,G,448976293,448976286,7
4290,357,6,E,449076294,449076286,8
4291,357,7,N,449176295,449176286,9
4292,357,8,L,449276297,449276286,11
4293,357,9,A,449376298,449376286,12
4294,357,10,N,449476299,449476286,13
4295,357,11,D,449576300,449576286,14
4296,358,0,F,449676301,449676301,0
4297,358,1,H,449776302,449776301,1
4298,358,2,B,449876303,449876301,2
4299,358,3,U,449976305,449976301,4
4300,358,4,R,450076305,450076301,4
4301,358,5,G,450176306,450176301,5
4302,358,6,E,450276307,450276301,6
4303,358,7,N,450376308,450376301,7
4304,358,8,L,450476310,450476301,9
4305,358,9,A,450576311,450576301,10
4306,358,10,N,450676313,450676301,12
4307,358,11,D,450776314,450776301,13
4308,359,0,F,450876315,450876315,0
4309,359,1,H,450976316,450976315,1
4310,359,2,B,451076316,451076315,1
4311,359,3,U,451176317,451176315,2
4312,359,4,R,451276318,451276315,3
4313,359,5,G,451376319,451376315,4
4314,359,6,E,451476320,451476315,5
4315,359,7,N,451576321,451576315,6
4316,359,8,L,451676322,451676315,7
4317,359,9,A,451776323,451776315,8
4318,359,10,N,451876324,451876315,9
4319,359,11,D,451976325,451976315,10
4320,360,0,F,452076325,452076325,0
4321,360,1,H,452176327,452176325,2
4322,360,2,B,452276329,452276325,4
4323,360,3,U,452376329,452376325,4
4324,360,4,R,452476330,452476325,5
4325,360,5,G,452576331,452576325,6
4326,360,6,E,452676331,452676325,6
4327,360,7,N,452776332,452776325,7
4328,360,8,L,452876333,452876325,8
4329,360,9,A,452976334,452976325,9
4330,360,10,N,453076334,453076325,9
4331,360,11,D,453176334,453176325,9
4332,361,0,F,453276335,453276335,0
4333,361,1,H,453376336,453376335,1
4334,361,2,B,453476337,453476335,2
4335,361,3,U,453576338,453576335,3
4336,361,4,R,453676339,453676335,4
4337,361,5,G,453776341,453776335,6
4338,361,6,E,453876341,453876335,6
4339,361,7,N,453976342,453976335,7
4340,361,8,L,454076343,454076335,8
4341,361,9,A,454176344,454176335,9
4342,361,10,N,454276346,454276335,11
4343,361,11,D,454376347,454376335,12
4344,362,0,F,454476348,454476348,0
4345,362,1,H,454576349,454576348,1
4346,362,2,B,454676350,454676348,2
4347,362,3,U,454776351,454776348,3
4348,362,4,R,454876352,454876348,4
4349,362,5,G,454976353,454976348,5
4350,362,6,E,455076354,455076348,6
4351,362,7,N,455176355,455176348,7
4352,362,8,L,455276356,455276348,8
4353,362,9,A,455376357,455376348,9
4354,362,10,N,455476359,455476348,11
4355,362,11,D,455576359,455576348,11
4356,363,0,F,455676360,455676360,0
4357,363,1,H,455776361,455776360,1
4358,363,2,B,455876362,455876360,2
4359,363,3,U,455976362,455976360,2
4360,363,4,R,456076363,456076360,3
4361,363,5,G,456176364,456176360,4
4362,363,6,E,456276366,456276360,6
4363,363,7,N,456376366,456376360,6
4364,363,8,L,456476367,456476360,7
4365,363,9,A,456576367,456576360,7
4366,363,10,N,456676369,456676360,9
4367,363,11,D,456776370,456776360,10
4368,364,0,F,456876371,456876371,0
4369,364,1,H,456976371,456976371,0
4370,364,2,B,457076372,457076371,1
4371,364,3,U,457176373,457176371,2
4372,364,4,R,457276374,457276371,3
4373,364,5,G,457376375,457376371,4
4374,364,6,E,457476376,457476371,5
4375,364,7,N,457576376,457576371,5
4376,364,8,L,457676377,457676371,6
4377,364,9,A,457776377,457776371,6
4378,364,10,N,457876377,457876371,6
4379,364,11,D,457976378,457976371,7
4380,365,0,F,458076379,458076379,0
4381,365,1,H,458176380,458176379,1
4382,365,2,B,458276381,458276379,2
4383,365,3,U,458376381,458376379,2
4384,365,4,R,458476382,458476379,3
4385,365,5,G,458576383,458576379,4
4386,365,6,E,458676384,458676379,5
4387,365,7,N,458776385,458776379,6
4388,365,8,L,458876386,458876379,7
4389,365,9,A,458976387,458976379,8
4390,365,10,N,459076388,459076379,9
4391,365,11,D,459176389,459176379,10
4392,366,0,F,459276390,459276390,0
4393,366,1,H,459376390,459376390,0
4394,366,2,B,459476391,459476390,1
4395,366,3,U,459576392,459576390,2
4396,366,4,R,459676393,459676390,3
4397,366,5,G,459776394,459776390,4
4398,366,6,E,459876395,459876390,5
4399,366,7,N,459976396,459976390,6
4400,366,8,L,460076397,460076390,7
4401,366,9,A,460176397,460176390,7
4402,366,10,N,460276398,460276390,8
4403,366,11,D,460376399,460376390,9
4404,367,0,F,460476400,460476400,0
4405,367,1,H,460576401,460576400,1
4406,367,2,B,460676401,460676400,1
4407,367,3,U,460776401,460776400,1
4408,367,4,R,460876401,460876400,1
4409,367,5,G,460976403,460976400,3
4410,367,6,E,461076405,461076400,5
4411,367,7,N,461176406,461176400,6
4412,367,8,L,461276407,461276400,7
4413,367,9,A,461376407,461376400,7
4414,367,10,N,461476408,461476400,8
4415,367,11,D,461576408,461576400,8
4416,368,0,F,461676409,461676409,0
4417,368,1,H,461776410,461776409,1
4418,368,2,B,461876411,461876409,2
4419,368,3,U,461976412,461976409,3
4420,368,4,R,462076413,462076409,4
4421,368,5,G,462176414,462176409,5
4422,368,6,E,462276415,462276409,6
4423,368,7,N,462376416,462376409,7
4424,368,8,L,462476416,462476409,7
4425,368,9,A,462576418,462576409,9
4426,368,10,N,462676419,462676409,10
4427,368,11,D,462776420,462776409,11
4428,369,0,F,462876421,462876421,0
4429,369,1,H,462976422,462976421,1
4430,369,2,B,463076423,463076421,2
4431,369,3,U,463176425,463176421,4
4432,369,4,R,463276426,463276421,5
4433,369,5,G,463376428,463376421,7
4434,369,6,E,463476429,463476421,8
4435,369,7,N,463576430,463576421,9
4436,369,8,L,463676431,463676421,10
4437,369,9,A,463776431,463776421,10
4438,369,10,N,463876431,463876421,10
4439,369,11,D,463976432,463976421,11
4440,370,0,F,464076433,464076433,0
4441,370,1,H,464176434,464176433,1
4442,370,2,B,464276436,464276433,3
4443,370,3,U,464376437,464376433,4
4444,370,4,R,464476437,464476433,4
4445,370,5,G,464576439,464576433,6
4446,370,6,E,464676440,464676433,7
4447,370,7,N,464776441,464776433,8
4448,370,8,L,464876442,464876433,9
4449,370,9,A,464976444,464976433,11
4450,370,10,N,465076445,465076433,12
4451,370,11,D,465176445,465176433,12
4452,371,0,F,465276446,465276446,0
4453,371,1,H,465376448,465376446,2
4454,371,2,B,465476449,465476446,3
4455,371,3,U,465576450,465576446,4
4456,371,4,R,465676451,465676446,5
4457,371,5,G,465776452,465776446,6
4458,371,6,E,465876452,465876446,6
4459,371,7,N,465976453,465976446,7
4460,371,8,L,466076453,466076446,7
4461,371,9,A,466176454,466176446,8
4462,371,10,N,466276456,466276446,10
4463,371,11,D,466376457,466376446,11
4464,372,0,F,466476457,466476457,0
4465,372,1,H,466576458,466576457,1
4466,372,2,B,466676459,466676457,2
4467,372,3,U,466776460,466776457,3
4468,372,4,R,466876462,466876457,5
4469,372,5,G,466976463,466976457,6
4470,372,6,E,467076463,467076457,6
4471,372,7,N,467176464,467176457,7
4472,372,8,L,467276465,467276457,8
4473,372,9,A,467376466,467376457,9
4474,372,10,N,467476468,467476457,11
4475,372,11,D,467576468,467576457,11
4476,373,0,F,467676469,467676469,0
4477,373,1,H,467776470,467776469,1
4478,373,2,B,467876470,467876469,1
4479,373,3,U,467976471,467976469,2
4480,373,4,R,468076472,468076469,3
4481,373,5,G,468176473,468176469,4
4482,373,6,E,468276473,468276469,4
4483,373,7,N,468376474,468376469,5
4484,373,8,L,468476476,468476469,7
4485,373,9,A,468576477,468576469,8
4486,373,10,N,468676479,468676469,10
4487,373,11,D,468776479,468776469,10
4488,374,0,F,468876480,468876480,0
4489,374,1,H,468976480,468976480,0
4490,374,2,B,469076480,469076480,0
4491,374,3,U,469176481,469176480,1
4492,374,4,R,469276482,469276480,2
4493,374,5,G,469376483,469376480,3
4494,374,6,E,469476484,469476480,4
4495,374,7,N,469576486,469576480,6
4496,374,8,L,469676488,469676480,8
4497,374,9,A,469776488,469776480,8
4498,374,10,N,469876489,469876480,9
4499,374,11,D,469976490,469976480,10
4500,375,0,F,470076490,470076490,0
4501,375,1,H,470176491,470176490,1
4502,375,2,B,470276493,470276490,3
4503,375,3,U,470376494,470376490,4
4504,375,4,R,470476495,470476490,5
4505,375,5,G,470576496,470576490,6
4506,375,6,E,470676497,470676490,7
4507,375,7,N,470776498,470776490,8
4508,375,8,L,470876499,470876490,9
4509,375,9,A,470976500,470976490,10
4510,375,10,N,471076501,471076490,11
4511,375,11,D,471176502,471176490,12
4512,376,0,F,471276503,471276503,0
4513,376,1,H,471376504,471376503,1
4514,376,2,B,471476504,471476503,1
4515,376,3,U,471576505,471576503,2
4516,376,4,R,471676506,471676503,3
4517,376,5,G,471776506,471776503,3
4518,376,6,E,471876506,471876503,3
4519,376,7,N,471976507,471976503,4
4520,376,8,L,472076507,472076503,4
4521,376,9,A,472176508,472176503,5
4522,376,10,N,472276509,472276503,6
4523,376,11,D,472376510,472376503,7
4524,377,0,F,472476512,472476512,0
4525,377,1,H,472576514,472576512,2
4526,377,2,B,472676515,472676512,3
4527,377,3,U,472776516,472776512,4
4528,377,4,R,472876517,472876512,5
4529,377,5,G,472976518,472976512,6
4530,377,6,E,473076519,473076512,7
4531,377,7,N,473176520,473176512,8
4532,377,8,L,473276521,473276512,9
4533,377,9,A,473376522,473376512,10
4534,377,10,N,473476523,473476512,11
4535,377,11,D,473576524,473576512,12
4536,378,0,F,473676525,473676525,0
4537,378,1,H,473776526,473776525,1
4538,378,2,B,473876527,473876525,2
4539,378,3,U,473976528,473976525,3
4540,378,4,R,474076529,474076525,4
4541,378,5,G,474176530,474176525,5
4542,378,6,E,474276531,474276525,6
4543,378,7,N,474376532,474376525,7
4544,378,8,L,474476533,474476525,8
4545,378,9,A,474576534,474576525,9
4546,378,10,N,474676534,474676525,9
4547,378,11,D,474776535,474776525,10
4548,379,0,F,474876536,474876536,0
4549,379,1,H,474976537,474976536,1
4550,379,2,B,475076538,475076536,2
4551,379,3,U,475176539,475176536,3
4552,379,4,R,475276540,475276536,4
4553,379,5,G,475376541,475376536,5
4554,379,6,E,475476542,475476536,6
4555,379,7,N,475576543,475576536,7
4556,379,8,L,475676545,475676536,9
4557,379,9,A,475776546,475776536,10
4558,379,10,N,475876548,475876536,12
4559,379,11,D,475976549,475976536,13
4560,380,0,F,476076549,476076549,0
4561,380,1,H,476176550,476176549,1
4562,380,2,B,476276551,476276549,2
4563,380,3,U,476376553,476376549,4
4564,380,4,R,476476553,476476549,4
4565,380,5,G,476576553,476576549,4
4566,380,6,E,476676553,476676549,4
4567,380,7,N,476776554,476776549,5
4568,380,8,L,476876554,476876549,5
4569,380,9,A,476976555,476976549,6
4570,380,10,N,477076556,477076549,7
4571,380,11,D,477176558,477176549,9
4572,381,0,F,477276559,477276559,0
4573,381,1,H,477376560,477376559,1
4574,381,2,B,477476561,477476559,2
4575,381,3,U,477576562,477576559,3
4576,381,4,R,477676564,477676559,5
4577,381,5,G,477776565,477776559,6
4578,381,6,E,477876566,477876559,7
4579,381,7,N,477976568,477976559,9
4580,381,8,L,478076569,478076559,10
4581,381,9,A,478176569,478176559,10
4582,381,10,N,478276570,478276559,11
4583,381,11,D,478376571,478376559,12
4584,382,0,F,478476572,478476572,0
4585,382,1,H,478576572,478576572,0
4586,382,2,B,478676573,478676572,1
4587,382,3,U,478776575,478776572,3
4588,382,4,R,478876576,478876572,4
4589,382,5,G,478976577,478976572,5
4590,382,6,E,479076578,479076572,6
4591,382,7,N,479176579,479176572,7
4592,382,8,L,479276580,479276572,8
4593,382,9,A,479376581,479376572,9
4594,382,10,N,479476582,479476572,10
4595,382,11,D,479576583,479576572,11
4596,383,0,F,479676584,479676584,0
4597,383,1,H,479776585,479776584,1
4598,383,2,B,479876586,479876584,2
4599,383,3,U,479976587,479976584,3
4600,383,4,R,480076588,480076584,4
4601,383,5,G,480176589,480176584,5
4602,383,6,E,480276591,480276584,7
4603,383,7,N,480376592,480376584,8
4604,383,8,L,480476593,480476584,9
4605,383,9,A,480576593,480576584,9
4606,383,10,N,480676595,480676584,11
4607,383,11,D,480776595,480776584,11
4608,384,0,F,480876597,480876597,0
4609,384,1,H,480976598,480976597,1
4610,384,2,B,481076599,481076597,2
4611,384,3,U,481176600,481176597,3
4612,384,4,R,481276601,481276597,4
4613,384,5,G,481376601,481376597,4
4614,384,6,E,481476602,481476597,5
4615,384,7,N,481576603,481576597,6
4616,384,8,L,481676604,481676597,7
4617,384,9,A,481776605,481776597,8
4618,384,10,N,481876606,481876597,9
4619,384,11,D,481976608,481976597,11
4620,385,0,F,482076609,482076609,0
4621,385,1,H,482176609,482176609,0
4622,385,2,B,482276610,482276609,1
4623,385,3,U,482376612,482376609,3
4624,385,4,R,482476614,482476609,5
4625,385,5,G,482576615,482576609,6
4626,385,6,E,482676616,482676609,7
4627,385,7,N,482776617,482776609,8
4628,385,8,L,482876617,482876609,8
4629,385,9,A,482976618,482976609,9
4630,385,10,N,483076619,483076609,10
4631,385,11,D,483176620,483176609,11
4632,386,0,F,483276622,483276622,0
4633,386,1,H,483376624,483376622,2
4634,386,2,B,483476626,483476622,4
4635,386,3,U,483576627,483576622,5
4636,386,4,R,483676629,483676622,7
4637,386,5,G,483776630,483776622,8
4638,386,6,E,483876630,483876622,8
4639,386,7,N,483976631,483976622,9
4640,386,8,L,484076633,484076622,11
4641,386,9,A,484176633,484176622,11
4642,386,10,N,484276634,484276622,12
4643,386,11,D,484376635,484376622,13
4644,387,0,F,484476636,484476636,0
4645,387,1,H,484576637,484576636,1
4646,387,2,B,484676637,484676636,1
4647,387,3,U,484776638,484776636,2
4648,387,4,R,484876638,484876636,2
4649,387,5,G,484976640,484976636,4
4650,387,6,E,485076641,485076636,5
4651,387,7,N,485176642,485176636,6
4652,387,8,L,485276643,485276636,7
4653,387,9,A,485376644,485376636,8
4654,387,10,N,485476645,485476636,9
4655,387,11,D,485576647,485576636,11
4656,388,0,F,485676648,485676648,0
4657,388,1,H,485776649,485776648,1
4658,388,2,B,485876650,485876648,2
4659,388,3,U,485976651,485976648,3
4660,388,4,R,486076651,486076648,3
4661,388,5,G,486176651,486176648,3
4662,388,6,E,486276652,486276648,4
4663,388,7,N,486376653,486376648,5
4664,388,8,L,486476653,486476648,5
4665,388,9,A,486576654,486576648,6
4666,388,10,N,486676655,486676648,7
4667,388,11,D,486776657,486776648,9
4668,389,0,F,486876658,486876658,0
4669,389,1,H,486976659,486976658,1
4670,389,2,B,487076660,487076658,2
4671,389,3,U,487176661,487176658,3
4672,389,4,R,487276662,487276658,4
4673,389,5,G,487376663,487376658,5
4674,389,6,E,487476663,487476658,5
4675,389,7,N,487576664,487576658,6
4676,389,8,L,487676665,487676658,7
4677,389,9,A,487776666,487776658,8
4678,389,10,N,487876667,487876658,9
4679,389,11,D,487976668,487976658,10
4680,390,0,F,488076669,488076669,0
4681,390,1,H,488176669,488176669,0
4682,390,2,B,488276671,488276669,2
4683,390,3,U,488376672,488376669,3
4684,390,4,R,488476673,488476669,4
4685,390,5,G,488576674,488576669,5
4686,390,6,E,488676675,488676669,6
4687,390,7,N,488776676,488776669,7
4688,390,8,L,488876677,488876669,8
4689,390,9,A,488976678,488976669,9
4690,390,10,N,489076679,489076669,10
4691,390,11,D,489176681,489176669,12
4692,391,0,F,489276682,489276682,0
4693,391,1,H,489376684,489376682,2
4694,391,2,B,489476684,489476682,2
4695,391,3,U,489576684,489576682,2
4696,391,4,R,489676685,489676682,3
4697,391,5,G,489776685,489776682,3
4698,391,6,E,489876685,489876682,3
4699,391,7,N,489976686,489976682,4
4700,391,8,L,490076686,490076682,4
4701,391,9,A,490176687,490176682,5
4702,391,10,N,490276688,490276682,6
4703,391,11,D,490376689,490376682,7
4704,392,0,F,490476690,490476690,0
4705,392,1,H,490576690,490576690,0
4706,392,2,B,490676692,490676690,2
4707,392,3,U,490776692,490776690,2
4708,392,4,R,490876693,490876690,3
4709,392,5,G,490976694,490976690,4
4710,392,6,E,491076694,491076690,4
4711,392,7,N,491176696,491176690,6
4712,392,8,L,491276698,491276690,8
4713,392,9,A,491376698,491376690,8
4714,392,10,N,491476698,491476690,8
4715,392,11,D,491576699,491576690,9
4716,393,0,F,491676700,491676700,0
4717,393,1,H,491776701,491776700,1
4718,393,2,B,491876702,491876700,2
4719,393,3,U,491976703,491976700,3
4720,393,4,R,492076704,492076700,4
4721,393,5,G,492176704,492176700,4
4722,393,6,E,492276706,492276700,6
4723,393,7,N,492376706,492376700,6
4724,393,8,L,492476707,492476700,7
4725,393,9,A,492576708,492576700,8
4726,393,10,N,492676709,492676700,9
4727,393,11,D,492776709,492776700,9
4728,394,0,F,492876709,492876709,0
4729,394,1,H,492976710,492976709,1
4730,394,2,B,493076711,493076709,2
4731,394,3,U,493176713,493176709,4
4732,394,4,R,493276714,493276709,5
4733,394,5,G,493376715,493376709,6
4734,394,6,E,493476716,493476709,7
4735,394,7,N,493576718,493576709,9
4736,394,8,L,493676719,493676709,10
4737,394,9,A,493776721,493776709,12
4738,394,10,N,493876722,493876709,13
4739,394,11,D,493976723,493976709,14
4740,395,0,F,494076724,494076724,0
4741,395,1,H,494176726,494176724,2
4742,395,2,B,494276727,494276724,3
4743,395,3,U,494376728,494376724,4
4744,395,4,R,494476729,494476724,5
4745,395,5,G,494576730,494576724,6
4746,395,6,E,494676731,494676724,7
4747,395,7,N,494776731,494776724,7
4748,395,8,L,494876732,494876724,8
4749,395,9,A,494976734,494976724,10
4750,395,10,N,495076735,495076724,11
4751,395,11,D,495176735,495176724,11
4752,396,0,F,495276736,495276736,0
4753,396,1,H,495376737,495376736,1
4754,396,2,B,495476738,495476736,2
4755,396,3,U,495576739,495576736,3
4756,396,4,R,495676741,495676736,5
4757,396,5,G,495776742,495776736,6
4758,396,6,E,495876742,495876736,6
4759,396,7,N,495976744,495976736,8
4760,396,8,L,496076744,496076736,8
4761,396,9,A,496176745,496176736,9
4762,396,10,N,496276747,496276736,11
4763,396,11,D,496376748,496376736,12
4764,397,0,F,496476750,496476750,0
4765,397,1,H,496576752,496576750,2
4766,397,2,B,496676753,496676750,3
4767,397,3,U,496776754,496776750,4
4768,397,4,R,496876755,496876750,5
4769,397,5,G,496976755,496976750,5
4770,397,6,E,497076756,497076750,6
4771,397,7,N,497176757,497176750,7
4772,397,8,L,497276759,497276750,9
4773,397,9,A,497376759,497376750,9
4774,397,10,N,497476760,497476750,10
4775,397,11,D,497576762,497576750,12
4776,398,0,F,497676763,497676763,0
4777,398,1,H,497776764,497776763,1
4778,398,2,B,497876764,497876763,1
4779,398,3,U,497976765,497976763,2
4780,398,4,R,498076766,498076763,3
4781,398,5,G,498176766,498176763,3
4782,398,6,E,498276767,498276763,4
4783,398,7,N,498376767,498376763,4
4784,398,8,L,498476767,498476763,4
4785,398,9,A,498576768,498576763,5
4786,398,10,N,498676769,498676763,6
4787,398,11,D,498776770,498776763,7
4788,399,0,F,498876772,498876772,0
4789,399,1,H,498976773,498976772,1
4790,399,2,B,499076774,499076772,2
4791,399,3,U,499176774,499176772,2
4792,399,4,R,499276775,499276772,3
4793,399,5,G,499376776,499376772,4
4794,399,6,E,499476777,499476772,5
4795,399,7,N,499576778,499576772,6
4796,399,8,L,499676779,499676772,7
4797,399,9,A,499776780,499776772,8
4798,399,10,N,499876781,499876772,9
4799,399,11,D,499976782,499976772,10
4800,400,0,F,500076783,500076783,0
4801,400,1,H,500176784,500176783,1
4802,400,2,B,500276786,500276783,3
4803,400,3,U,500376786,500376783,3
4804,400,4,R,500476787,500476783,4
4805,400,5,G,500576788,500576783,5
4806,400,6,E,500676789,500676783,6
4807,400,7,N,500776790,500776783,7
4808,400,8,L,500876791,500876783,8
4809,400,9,A,500976792,500976783,9
4810,400,10,N,501076793,501076783,10
4811,400,11,D,501176794,501176783,11
4812,401,0,F,501276796,501276796,0
4813,401,1,H,501376797,501376796,1
4814,401,2,B,501476798,501476796,2
4815,401,3,U,501576798,501576796,2
4816,401,4,R,501676799,501676796,3
4817,401,5,G,501776800,501776796,4
4818,401,6,E,501876801,501876796,5
4819,401,7,N,501976802,501976796,6
4820,401,8,L,502076802,502076796,6
4821,401,9,A,502176803,502176796,7
4822,401,10,N,502276804,502276796,8
4823,401,11,D,502376806,502376796,10
4824,402,0,F,502476807,502476807,0
4825,402,1,H,502576807,502576807,0
4826,402,2,B,502676807,502676807,0
4827,402,3,U,502776808,502776807,1
4828,402,4,R,502876809,502876807,2
4829,402,5,G,502976810,502976807,3
4830,402,6,E,503076811,503076807,4
4831,402,7,N,503176812,503176807,5
4832,402,8,L,503276813,503276807,6
4833,402,9,A,503376814,503376807,7
4834,402,10,N,503476815,503476807,8
4835,402,11,D,503576815,503576807,8
4836,403,0,F,503676816,503676816,0
4837,403,1,H,503776818,503776816,2
4838,403,2,B,503876819,503876816,3
4839,403,3,U,503976820,503976816,4
4840,403,4,R,504076821,504076816,5
4841,403,5,G,504176821,504176816,5
4842,403,6,E,504276822,504276816,6
4843,403,7,N,504376823,504376816,7
4844,403,8,L,504476824,504476816,8
4845,403,9,A,504576825,504576816,9
4846,403,10,N,504676826,504676816,10
4847,403,11,D,504776827,504776816,11
4848,404,0,F,504876828,504876828,0
4849,404,1,H,504976829,504976828,1
4850,404,2,B,505076830,505076828,2
4851,404,3,U,505176830,505176828,2
4852,404,4,R,505276831,505276828,3
4853,404,5,G,505376831,505376828,3
4854,404,6,E,505476833,505476828,5
4855,404,7,N,505576834,505576828,6
4856,404,8,L,505676835,505676828,7
4857,404,9,A,505776836,505776828,8
4858,404,10,N,505876837,505876828,9
4859,404,11,D,505976838,505976828,10
4860,405,0,F,506076838,506076838,0
4861,405,1,H,506176839,506176838,1
4862,405,2,B,506276840,506276838,2
4863,405,3,U,506376842,506376838,4
4864,405,4,R,506476843,506476838,5
4865,405,5,G,506576844,506576838,6
4866,405,6,E,506676846,506676838,8
4867,405,7,N,506776847,506776838,9
4868,405,8,L,506876848,506876838,10
4869,405,9,A,506976850,506976838,12
4870,405,10,N,507076851,507076838,13
4871,405,11,D,507176852,507176838,14
4872,406,0,F,507276853,507276853,0
4873,406,1,H,507376855,507376853,2
4874,406,2,B,507476855,507476853,2
4875,406,3,U,507576856,507576853,3
4876,406,4,R,507676857,507676853,4
4877,406,5,G,507776858,507776853,5
4878,406,6,E,507876859,507876853,6
4879,406,7,N,507976859,507976853,6
4880,406,8,L,508076860,508076853,7
4881,406,9,A,508176861,508176853,8
4882,406,10,N,508276862,508276853,9
4883,406,11,D,508376863,508376853,10
4884,407,0,F,508476864,508476864,0
4885,407,1,H,508576866,508576864,2
4886,407,2,B,508676867,508676864,3
4887,407,3,U,508776867,508776864,3
4888,407,4,R,508876868,508876864,4
4889,407,5,G,508976870,508976864,6
4890,407,6,E,509076872,509076864,8
4891,407,7,N,509176873,509176864,9
4892,407,8,L,509276875,509276864,11
4893,407,9,A,509376875,509376864,11
4894,407,10,N,509476877,509476864,13
4895,407,11,D,509576878,509576864,14
4896,408,0,F,509676879,509676879,0
4897,408,1,H,509776880,509776879,1
4898,408,2,B,509876881,509876879,2
4899,408,3,U,509976882,509976879,3
4900,408,4,R,510076883,510076879,4
4901,408,5,G,510176884,510176879,5
4902,408,6,E,510276886,510276879,7
4903,408,7,N,510376887,510376879,8
4904,408,8,L,510476888,510476879,9
4905,408,9,A,510576890,510576879,11
4906,408,10,N,510676891,510676879,12
4907,408,11,D,510776893,510776879,14
4908,409,0,F,510876894,510876894,0
4909,409,1,H,510976895,510976894,1
4910,409,2,B,511076895,511076894,1
4911,409,3,U,511176896,511176894,2
4912,409,4,R,511276898,511276894,4
4913,409,5,G,511376899,511376894,5
4914,409,6,E,511476900,511476894,6
4915,409,7,N,511576900,511576894,6
4916,409,8,L,511676901,511676894,7
4917,409,9,A,511776901,511776894,7
4918,409,10,N,511876902,511876894,8
4919,409,11,D,511976903,511976894,9
4920,410,0,F,512076905,512076905,0
4921,410,1,H,512176906,512176905,1
4922,410,2,B,512276908,512276905,3
4923,410,3,U,512376910,512376905,5
4924,410,4,R,512476911,512476905,6
4925,410,5,G,512576911,512576905,6
4926,410,6,E,512676913,512676905,8
4927,410,7,N,512776914,512776905,9
4928,410,8,L,512876916,512876905,11
4929,410,9,A,512976916,512976905,11
4930,410,10,N,513076917,513076905,12
4931,410,11,D,513176918,513176905,13
4932,411,0,F,513276919,513276919,0
4933,411,1,H,513376920,513376919,1
4934,411,2,B,513476922,513476919,3
4935,411,3,U,513576923,513576919,4
4936,411,4,R,513676924,513676919,5
4937,411,5,G,513776925,513776919,6
4938,411,6,E,513876926,513876919,7
4939,411,7,N,513976927,513976919,8
4940,411,8,L,514076929,514076919,10
4941,411,9,A,514176930,514176919,11
4942,411,10,N,514276932,514276919,13
4943,411,11,D,514376933,514376919,14
4944,412,0,F,514476934,514476934,0
4945,412,1,H,514576935,514576934,1
4946,412,2,B,514676935,514676934,1
4947,412,3,U,514776936,514776934,2
4948,412,4,R,514876937,514876934,3
4949,412,5,G,514976938,514976934,4
4950,412,6,E,515076939,515076934,5
4951,412,7,N,515176940,515176934,6
4952,412,8,L,515276941,515276934,7
4953,412,9,A,515376942,515376934,8
4954,412,10,N,515476944,515476934,10
4955,412,11,D,515576945,515576934,11
4956,413,0,F,515676946,515676946,0
4957,413,1,H,515776947,515776946,1
4958,413,2,B,515876947,515876946,1
4959,413,3,U,515976948,515976946,2
4960,413,4,R,516076950,516076946,4
4961,413,5,G,516176950,516176946,4
4962,413,6,E,516276950,516276946,4
4963,413,7,N,516376951,516376946,5
4964,413,8,L,516476952,516476946,6
4965,413,9,A,516576954,516576946,8
4966,413,10,N,516676955,516676946,9
4967,413,11,D,516776956,516776946,10
4968,414,0,F,516876956,516876956,0
4969,414,1,H,516976957,516976956,1
4970,414,2,B,517076958,517076956,2
4971,414,3,U,517176960,517176956,4
4972,414,4,R,517276961,517276956,5
4973,414,5,G,517376963,517376956,7
4974,414,6,E,517476964,517476956,8
4975,414,7,N,517576964,517576956,8
4976,414,8,L,517676965,517676956,9
4977,414,9,A,517776966,517776956,10
4978,414,10,N,517876967,517876956,11
4979,414,11,D,517976968,517976956,12
4980,415,0,F,518076970,518076970,0
4981,415,1,H,518176971,518176970,1
4982,415,2,B,518276972,518276970,2
4983,415,3,U,518376973,518376970,3
4984,415,4,R,518476973,518476970,3
4985,415,5,G,518576975,518576970,5
4986,415,6,E,518676976,518676970,6
4987,415,7,N,518776976,518776970,6
4988,415,8,L,518876977,518876970,7
4989,415,9,A,518976978,518976970,8
4990,415,10,N,519076979,519076970,9
4991,415,11,D,519176980,519176970,10
4992,416,0,F,519276981,519276981,0
4993,416,1,H,519376983,519376981,2
4994,416,2,B,519476985,519476981,4
4995,416,3,U,519576987,519576981,6
4996,416,4,R,519676987,519676981,6
4997,416,5,G,519776989,519776981,8
4998,416,6,E,519876989,519876981,8
4999,416,7,N,519976990,519976981,9
5000,416,8,L,520076990,520076981,9
5001,416,9,A,520176990,520176981,9
5002,416,10,N,520276991,520276981,10
5003,416,11,D,520376992,520376981,11
5004,417,0,F,520476993,520476993,0
5005,417,1,H,520576994,520576993,1
5006,417,2,B,520676995,520676993,2
5007,417,3,U,520776996,520776993,3
5008,417,4,R,520876998,520876993,5
5009,417,5,G,520976999,520976993,6
5010,417,6,E,521076999,521076993,6
5011,417,7,N,521177001,521176993,8
5012,417,8,L,521277002,521276993,9
5013,417,9,A,521377003,521376993,10
5014,417,10,N,521477003,521476993,10
5015,417,11,D,521577004,521576993,11
5016,418,0,F,521677005,521677005,0
5017,418,1,H,521777006,521777005,1
5018,418,2,B,521877007,521877005,2
5019,418,3,U,521977008,521977005,3
5020,418,4,R,522077010,522077005,5
5021,418,5,G,522177011,522177005,6
5022,418,6,E,522277013,522277005,8
5023,418,7,N,522377014,522377005,9
5024,418,8,L,522477015,522477005,10
5025,418,9,A,522577016,522577005,11
5026,418,10,N,522677018,522677005,13
5027,418,11,D,522777019,522777005,14
5028,419,0,F,522877020,522877020,0
5029,419,1,H,522977022,522977020,2
5030,419,2,B,523077023,523077020,3
5031,419,3,U,523177024,523177020,4
5032,419,4,R,523277025,523277020,5
5033,419,5,G,523377025,523377020,5
5034,419,6,E,523477026,523477020,6
5035,419,7,N,523577028,523577020,8
5036,419,8,L,523677029,523677020,9
5037,419,9,A,523777029,523777020,9
5038,419,10,N,523877031,523877020,11
5039,419,11,D,523977032,523977020,12
5040,420,0,F,524077032,524077032,0
5041,420,1,H,524177033,524177032,1
5042,420,2,B,524277035,524277032,3
5043,420,3,U,524377036,524377032,4
5044,420,4,R,524477037,524477032,5
5045,420,5,G,524577038,524577032,6
5046,420,6,E,524677039,524677032,7
5047,420,7,N,524777040,524777032,8
5048,420,8,L,524877041,524877032,9
5049,420,9,A,524977041,524977032,9
5050,420,10,N,525077042,525077032,10
5051,420,11,D,525177043,525177032,11
5052,421,0,F,525277044,525277044,0
5053,421,1,H,525377045,525377044,1
5054,421,2,B,525477047,525477044,3
5055,421,3,U,525577048,525577044,4
5056,421,4,R,525677049,525677044,5
5057,421,5,G,525777050,525777044,6
5058,421,6,E,525877050,525877044,6
5059,421,7,N,525977051,525977044,7
5060,421,8,L,526077051,526077044,7
5061,421,9,A,526177052,526177044,8
5062,421,10,N,526277053,526277044,9
5063,421,11,D,526377054,526377044,10
5064,422,0,F,526477055,526477055,0
5065,422,1,H,526577056,526577055,1
5066,422,2,B,526677056,526677055,1
5067,422,3,U,526777057,526777055,2
5068,422,4,R,526877058,526877055,3
5069,422,5,G,526977060,526977055,5
5070,422,6,E,527077060,527077055,5
5071,422,7,N,527177060,527177055,5
5072,422,8,L,527277061,527277055,6
5073,422,9,A,527377062,527377055,7
5074,422,10,N,527477063,527477055,8
5075,422,11,D,527577065,527577055,10
5076,423,0,F,527677065,527677065,0
5077,423,1,H,527777066,527777065,1
5078,423,2,B,527877066,527877065,1
5079,423,3,U,527977066,527977065,1
5080,423,4,R,528077067,528077065,2
5081,423,5,G,528177068,528177065,3
5082,423,6,E,528277069,528277065,4
5083,423,7,N,528377070,528377065,5
5084,423,8,L,528477070,528477065,5
5085,423,9,A,528577071,528577065,6
5086,423,10,N,528677071,528677065,6
5087,423,11,D,528777071,528777065,6
5088,424,0,F,528877071,528877071,0
5089,424,1,H,528977071,528977071,0
5090,424,2,B,529077072,529077071,1
5091,424,3,U,529177072,529177071,1
5092,424,4,R,529277073,529277071,2
5093,424,5,G,529377074,529377071,3
5094,424,6,E,529477075,529477071,4
5095,424,7,N,529577075,529577071,4
5096,424,8,L,529677076,529677071,5
5097,424,9,A,529777077,529777071,6
5098,424,10,N,529877078,529877071,7
5099,424,11,D,529977079,529977071,8
5100,425,0,F,530077080,530077080,0
5101,425,1,H,530177082,530177080,2
5102,425,2,B,530277083,530277080,3
5103,425,3,U,530377084,530377080,4
5104,425,4,R,530477086,530477080,6
5105,425,5,G,530577086,530577080,6
5106,425,6,E,530677086,530677080,6
5107,425,7,N,530777087,530777080,7
5108,425,8,L,530877089,530877080,9
5109,425,9,A,530977090,530977080,10
5110,425,10,N,531077091,531077080,11
5111,425,11,D,531177092,531177080,12
5112,426,0,F,531277093,531277093,0
5113,426,1,H,531377094,531377093,1
5114,426,2,B,531477095,531477093,2
5115,426,3,U,531577096,531577093,3
5116,426,4,R,531677097,531677093,4
5117,426,5,G,531777098,531777093,5
5118,426,6,E,531877099,531877093,6
5119,426,7,N,531977100,531977093,7
5120,426,8,L,532077102,532077093,9
5121,426,9,A,532177103,532177093,10
5122,426,10,N,532277104,532277093,11
5123,426,11,D,532377105,532377093,12
5124,427,0,F,532477107,532477107,0
5125,427,1,H,532577108,532577107,1
5126,427,2,B,532677109,532677107,2
5127,427,3,U,532777109,532777107,2
5128,427,4,R,532877109,532877107,2
5129,427,5,G,532977110,532977107,3
5130,427,6,E,533077110,533077107,3
5131,427,7,N,533177111,533177107,4
5132,427,8,L,533277112,533277107,5
5133,427,9,A,533377113,533377107,6
5134,427,10,N,533477115,533477107,8
5135,427,11,D,533577116,533577107,9
5136,428,0,F,533677117,533677117,0
5137,428,1,H,533777117,533777117,0
5138,428,2,B,533877118,533877117,1
5139,428,3,U,533977118,533977117,1
5140,428,4,R,534077119,534077117,2
5141,428,5,G,534177120,534177117,3
5142,428,6,E,534277121,534277117,4
5143,428,7,N,534377122,534377117,5
5144,428,8,L,534477124,534477117,7
5145,428,9,A,534577124,534577117,7
5146,428,10,N,534677125,534677117,8
5147,428,11,D,534777126,534777117,9
5148,429,0,F,534877127,534877127,0
5149,429,1,H,534977127,534977127,0
5150,429,2,B,535077128,535077127,1
5151,429,3,U,535177130,535177127,3
5152,429,4,R,535277131,535277127,4
5153,429,5,G,535377132,535377127,5
5154,429,6,E,535477133,535477127,6
5155,429,7,N,535577134,535577127,7
5156,429,8,L,535677135,535677127,8
5157,429,9,A,535777135,535777127,8
5158,429,10,N,535877136,535877127,9
5159,429,11,D,535977138,535977127,11
5160,430,0,F,536077138,536077138,0
5161,430,1,H,536177138,536177138,0
5162,430,2,B,536277139,536277138,1
5163,430,3,U,536377139,536377138,1
5164,430,4,R,536477139,536477138,1
5165,430,5,G,536577140,536577138,2
5166,430,6,E,536677141,536677138,3
5167,430,7,N,536777142,536777138,4
5168,430,8,L,536877142,536877138,4
5169,430,9,A,536977143,536977138,5
5170,430,10,N,537077143,537077138,5
5171,430,11,D,537177144,537177138,6
5172,431,0,F,537277146,537277146,0
5173,431,1,H,537377146,537377146,0
5174,431,2,B,537477148,537477146,2
5175,431,3,U,537577149,537577146,3
5176,431,4,R,537677150,537677146,4
5177,431,5,G,537777151,537777146,5
5178,431,6,E,537877152,537877146,6
5179,431,7,N,537977153,537977146,7
5180,431,8,L,538077154,538077146,8
5181,431,9,A,538177154,538177146,8
5182,431,10,N,538277155,538277146,9
5183,431,11,D,538377156,538377146,10
5184,432,0,F,538477157,538477157,0
5185,432,1,H,538577157,538577157,0
5186,432,2,B,538677158,538677157,1
5187,432,3,U,538777159,538777157,2
5188,432,4,R,538877160,538877157,3
5189,432,5,G,538977161,538977157,4
5190,432,6,E,539077162,539077157,5
5191,432,7,N,539177162,539177157,5
5192,432,8,L,539277164,539277157,7
5193,432,9,A,539377165,539377157,8
5194,432,10,N,539477166,539477157,9
5195,432,11,D,539577167,539577157,10
5196,433,0,F,539677167,539677167,0
5197,433,1,H,539777168,539777167,1
5198,433,2,B,539877169,539877167,2
5199,433,3,U,539977170,539977167,3
5200,433,4,R,540077172,540077167,5
5201,433,5,G,540177173,540177167,6
5202,433,6,E,540277174,540277167,7
5203,433,7,N,540377176,540377167,9
5204,433,8,L,540477177,540477167,10
5205,433,9,A,540577178,540577167,11
5206,433,10,N,540677179,540677167,12
5207,433,11,D,540777180,540777167,13
5208,434,0,F,540877181,540877181,0
5209,434,1,H,540977182,540977181,1
5210,434,2,B,541077183,541077181,2
5211,434,3,U,541177183,541177181,2
5212,434,4,R,541277184,541277181,3
5213,434,5,G,541377185,541377181,4
5214,434,6,E,541477186,541477181,5
5215,434,7,N,541577186,541577181,5
5216,434,8,L,541677186,541677181,5
5217,434,9,A,541777187,541777181,6
5218,434,10,N,541877188,541877181,7
5219,434,11,D,541977189,541977181,8
5220,435,0,F,542077190,542077190,0
5221,435,1,H,542177191,542177190,1
5222,435,2,B,542277193,542277190,3
5223,435,3,U,542377194,542377190,4
5224,435,4,R,542477194,542477190,4
5225,435,5,G,542577194,542577190,4
5226,435,6,E,542677196,542677190,6
5227,435,7,N,542777197,542777190,7
5228,435,8,L,542877198,542877190,8
5229,435,9,A,542977199,542977190,9
5230,435,10,N,543077201,543077190,11
5231,435,11,D,543177201,543177190,11
5232,436,0,F,543277202,543277202,0
5233,436,1,H,543377203,543377202,1
5234,436,2,B,543477205,543477202,3
5235,436,3,U,543577206,543577202,4
5236,436,4,R,543677207,543677202,5
5237,436,5,G,543777208,543777202,6
5238,436,6,E,543877209,543877202,7
5239,436,7,N,543977210,543977202,8
5240,436,8,L,544077211,544077202,9
5241,436,9,A,544177212,544177202,10
5242,436,10,N,544277213,544277202,11
5243,436,11,D,544377214,544377202,12
5244,437,0,F,544477215,544477215,0
5245,437,1,H,544577216,544577215,1
5246,437,2,B,544677217,544677215,2
5247,437,3,U,544777218,544777215,3
5248,437,4,R,544877219,544877215,4
5249,437,5,G,544977221,544977215,6
5250,437,6,E,545077221,545077215,6
5251,437,7,N,545177222,545177215,7
5252,437,8,L,545277223,545277215,8
5253,437,9,A,545377223,545377215,8
5254,437,10,N,545477224,545477215,9
5255,437,11,D,545577224,545577215,9
5256,438,0,F,545677225,545677225,0
5257,438,1,H,545777226,545777225,1
5258,438,2,B,545877226,545877225,1
5259,438,3,U,545977227,545977225,2
5260,438,4,R,546077228,546077225,3
5261,438,5,G,546177229,546177225,4
5262,438,6,E,546277230,546277225,5
5263,438,7,N,546377231,546377225,6
5264,438,8,L,546477231,546477225,6
5265,438,9,A,546577232,546577225,7
5266,438,10,N,546677233,546677225,8
5267,438,11,D,546777234,546777225,9
5268,439,0,F,546877234,546877234,0
5269,439,1,H,546977235,546977234,1
5270,439,2,B,547077235,547077234,1
5271,439,3,U,547177236,547177234,2
5272,439,4,R,547277237,547277234,3
5273,439,5,G,547377238,547377234,4
5274,439,6,E,547477240,547477234,6
5275,439,7,N,547577240,547577234,6
5276,439,8,L,547677240,547677234,6
5277,439,9,A,547777241,547777234,7
5278,439,10,N,547877241,547877234,7
5279,439,11,D,547977242,547977234,8
5280,440,0,F,548077242,548077242,0
5281,440,1,H,548177242,548177242,0
5282,440,2,B,548277243,548277242,1
5283,440,3,U,548377243,548377242,1
5284,440,4,R,548477244,548477242,2
5285,440,5,G,548577245,548577242,3
5286,440,6,E,548677245,548677242,3
5287,440,7,N,548777246,548777242,4
5288,440,8,L,548877247,548877242,5
5289,440,9,A,548977247,548977242,5
5290,440,10,N,549077248,549077242,6
5291,440,11,D,549177249,549177242,7
5292,441,0,F,549277250,549277250,0
5293,441,1,H,549377251,549377250,1
5294,441,2,B,549477252,549477250,2
5295,441,3,U,549577253,549577250,3
5296,441,4,R,549677254,549677250,4
5297,441,5,G,549777255,549777250,5
5298,441,6,E,549877256,549877250,6
5299,441,7,N,549977257,549977250,7
5300,441,8,L,550077258,550077250,8
5301,441,9,A,550177259,550177250,9
5302,441,10,N,550277260,550277250,10
5303,441,11,D,550377260,550377250,10
5304,442,0,F,550477260,550477260,0
5305,442,1,H,550577261,550577260,1
5306,442,2,B,550677263,550677260,3
5307,442,3,U,550777264,550777260,4
5308,442,4,R,550877265,550877260,5
5309,442,5,G,550977266,550977260,6
5310,442,6,E,551077267,551077260,7
5311,442,7,N,551177268,551177260,8
5312,442,8,L,551277270,551277260,10
5313,442,9,A,551377271,551377260,11
5314,442,10,N,551477272,551477260,12
5315,442,11,D,551577273,551577260,13
5316,443,0,F,551677274,551677274,0
5317,443,1,H,551777275,551777274,1
5318,443,2,B,551877276,551877274,2
5319,443,3,U,551977278,551977274,4
5320,443,4,R,552077279,552077274,5
5321,443,5,G,552177279,552177274,5
5322,443,6,E,552277280,552277274,6
5323,443,7,N,552377281,552377274,7
5324,443,8,L,552477282,552477274,8
5325,443,9,A,552577283,552577274,9
5326,443,10,N,552677284,552677274,10
5327,443,11,D,552777286,552777274,12
5328,444,0,F,552877287,552877287,0
5329,444,1,H,552977287,552977287,0
5330,444,2,B,553077287,553077287,0
5331,444,3,U,553177288,553177287,1
5332,444,4,R,553277290,553277287,3
5333,444,5,G,553377291,553377287,4
5334,444,6,E,553477292,553477287,5
5335,444,7,N,553577293,553577287,6
5336,444,8,L,553677294,553677287,7
5337,444,9,A,553777295,553777287,8
5338,444,10,N,553877297,553877287,10
5339,444,11,D,553977298,553977287,11
5340,445,0,F,554077300,554077300,0
5341,445,1,H,554177300,554177300,0
5342,445,2,B,554277301,554277300,1
5343,445,3,U,554377301,554377300,1
5344,445,4,R,554477302,554477300,2
5345,445,5,G,554577303,554577300,3
5346,445,6,E,554677304,554677300,4
5347,445,7,N,554777305,554777300,5
5348,445,8,L,554877306,554877300,6
5349,445,9,A,554977308,554977300,8
5350,445,10,N,555077309,555077300,9
5351,445,11,D,555177311,555177300,11
5352,446,0,F,555277312,555277312,0
5353,446,1,H,555377314,555377312,2
5354,446,2,B,555477315,555477312,3
5355,446,3,U,555577316,555577312,4
5356,446,4,R,555677317,555677312,5
5357,446,5,G,555777318,555777312,6
5358,446,6,E,555877319,555877312,7
5359,446,7,N,555977321,555977312,9
5360,446,8,L,556077321,556077312,9
5361,446,9,A,556177322,556177312,10
5362,446,10,N,556277323,556277312,11
5363,446,11,D,556377323,556377312,11
5364,447,0,F,556477325,556477325,0
5365,447,1,H,556577326,556577325,1
5366,447,2,B,556677328,556677325,3
5367,447,3,U,556777329,556777325,4
5368,447,4,R,556877330,556877325,5
5369,447,5,G,556977331,556977325,6
5370,447,6,E,557077332,557077325,7
5371,447,7,N,557177332,557177325,7
5372,447,8,L,557277333,557277325,8
5373,447,9,A,557377334,557377325,9
5374,447,10,N,557477335,557477325,10
5375,447,11,D,557577336,557577325,11
5376,448,0,F,557677337,557677337,0
5377,448,1,H,557777337,557777337,0
5378,448,2,B,557877338,557877337,1
5379,448,3,U,557977339,557977337,2
5380,448,4,R,558077339,558077337,2
5381,448,5,G,558177339,558177337,2
5382,448,6,E,558277340,558277337,3
5383,448,7,N,558377340,558377337,3
5384,448,8,L,558477341,558477337,4
5385,448,9,A,558577342,558577337,5
5386,448,10,N,558677343,558677337,6
5387,448,11,D,558777344,558777337,7
5388,449,0,F,558877345,558877345,0
5389,449,1,H,558977346,558977345,1
5390,449,2,B,559077347,559077345,2
5391,449,3,U,559177348,559177345,3
5392,449,4,R,559277350,559277345,5
5393,449,5,G,559377350,559377345,5
5394,449,6,E,559477351,559477345,6
5395,449,7,N,559577353,559577345,8
5396,449,8,L,559677354,559677345,9
5397,449,9,A,559777356,559777345,11
5398,449,10,N,559877356,559877345,11
5399,449,11,D,559977358,559977345,13
5400,450,0,F,560077359,560077359,0
5401,450,1,H,560177360,560177359,1
5402,450,2,B,560277361,560277359,2
5403,450,3,U,560377361,560377359,2
5404,450,4,R,560477362,560477359,3
5405,450,5,G,560577363,560577359,4
5406,450,6,E,560677363,560677359,4
5407,450,7,N,560777364,560777359,5
5408,450,8,L,560877365,560877359,6
5409,450,9,A,560977366,560977359,7
5410,450,10,N,561077367,561077359,8
5411,450,11,D,561177368,561177359,9
5412,451,0,F,561277368,561277368,0
5413,451,1,H,561377368,561377368,0
5414,451,2,B,561477369,561477368,1
5415,451,3,U,561577370,561577368,2
5416,451,4,R,561677370,561677368,2
5417,451,5,G,561777370,561777368,2
5418,451,6,E,561877371,561877368,3
5419,451,7,N,561977371,561977368,3
5420,451,8,L,562077371,562077368,3
5421,451,9,A,562177372,562177368,4
5422,451,10,N,562277374,562277368,6
5423,451,11,D,562377374,562377368,6
5424,452,0,F,562477375,562477375,0
5425,452,1,H,562577376,562577375,1
5426,452,2,B,562677377,562677375,2
5427,452,3,U,562777378,562777375,3
5428,452,4,R,562877379,562877375,4
5429,452,5,G,562977380,562977375,5
5430,452,6,E,563077381,563077375,6
5431,452,7,N,563177382,563177375,7
5432,452,8,L,563277383,563277375,8
5433,452,9,A,563377383,563377375,8
5434,452,10,N,563477383,563477375,8
5435,452,11,D,563577384,563577375,9
5436,453,0,F,563677386,563677386,0
5437,453,1,H,563777387,563777386,1
5438,453,2,B,563877388,563877386,2
5439,453,3,U,563977389,563977386,3
5440,453,4,R,564077390,564077386,4
5441,453,5,G,564177390,564177386,4
5442,453,6,E,564277392,564277386,6
5443,453,7,N,564377393,564377386,7
5444,453,8,L,564477394,564477386,8
5445,453,9,A,564577395,564577386,9
5446,453,10,N,564677395,564677386,9
5447,453,11,D,564777396,564777386,10
5448,454,0,F,564877397,564877397,0
5449,454,1,H,564977398,564977397,1
5450,454,2,B,565077398,565077397,1
5451,454,3,U,565177399,565177397,2
5452,454,4,R,565277400,565277397,3
5453,454,5,G,565377401,565377397,4
5454,454,6,E,565477402,565477397,5
5455,454,7,N,565577403,565577397,6
5456,454,8,L,565677404,565677397,7
5457,454,9,A,565777405,565777397,8
5458,454,10,N,565877406,565877397,9
5459,454,11,D,565977407,565977397,10
5460,455,0,F,566077407,566077407,0
5461,455,1,H,566177407,566177407,0
5462,455,2,B,566277408,566277407,1
5463,455,3,U,566377409,566377407,2
5464,455,4,R,566477410,566477407,3
5465,455,5,G,566577411,566577407,4
5466,455,6,E,566677412,566677407,5
5467,455,7,N,566777413,566777407,6
5468,455,8,L,566877414,566877407,7
5469,455,9,A,566977415,566977407,8
5470,455,10,N,567077416,567077407,9
5471,455,11,D,567177417,567177407,10
5472,456,0,F,567277419,567277419,0
5473,456,1,H,567377421,567377419,2
5474,456,2,B,567477422,567477419,3
5475,456,3,U,567577423,567577419,4
5476,456,4,R,567677424,567677419,5
5477,456,5,G,567777425,567777419,6
5478,456,6,E,567877426,567877419,7
5479,456,7,N,567977427,567977419,8
5480,456,8,L,568077428,568077419,9
5481,456,9,A,568177429,568177419,10
5482,456,10,N,568277430,568277419,11
5483,456,11,D,568377431,568377419,12
5484,457,0,F,568477431,568477431,0
5485,457,1,H,568577431,568577431,0
5486,457,2,B,568677433,568677431,2
5487,457,3,U,568777434,568777431,3
5488,457,4,R,568877435,568877431,4
5489,457,5,G,568977436,568977431,5
5490,457,6,E,569077438,569077431,7
5491,457,7,N,569177439,569177431,8
5492,457,8,L,569277441,569277431,10
5493,457,9,A,569377442,569377431,11
5494,457,10,N,569477443,569477431,12
5495,457,11,D,569577443,569577431,12
5496,458,0,F,569677445,569677445,0
5497,458,1,H,569777446,569777445,1
5498,458,2,B,569877447,569877445,2
5499,458,3,U,569977447,569977445,2
5500,458,4,R,570077448,570077445,3
5501,458,5,G,570177449,570177445,4
5502,458,6,E,570277450,570277445,5
5503,458,7,N,570377452,570377445,7
5504,458,8,L,570477452,570477445,7
5505,458,9,A,570577453,570577445,8
5506,458,10,N,570677454,570677445,9
5507,458,11,D,570777455,570777445,10
5508,459,0,F,570877456,570877456,0
5509,459,1,H,570977456,570977456,0
5510,459,2,B,571077458,571077456,2
5511,459,3,U,571177459,571177456,3
5512,459,4,R,571277460,571277456,4
5513,459,5,G,571377462,571377456,6
5514,459,6,E,571477463,571477456,7
5515,459,7,N,571577464,571577456,8
5516,459,8,L,571677465,571677456,9
5517,459,9,A,571777466,571777456,10
5518,459,10,N,571877467,571877456,11
5519,459,11,D,571977468,571977456,12
5520,460,0,F,572077469,572077469,0
5521,460,1,H,572177470,572177469,1
5522,460,2,B,572277472,572277469,3
5523,460,3,U,572377474,572377469,5
5524,460,4,R,572477475,572477469,6
5525,460,5,G,572577475,572577469,6
5526,460,6,E,572677476,572677469,7
5527,460,7,N,572777477,572777469,8
5528,460,8,L,572877478,572877469,9
5529,460,9,A,572977479,572977469,10
5530,460,10,N,573077480,573077469,11
5531,460,11,D,573177482,573177469,13
5532,461,0,F,573277483,573277483,0
5533,461,1,H,573377484,573377483,1
5534,461,2,B,573477485,573477483,2
5535,461,3,U,573577486,573577483,3
5536,461,4,R,573677487,573677483,4
5537,461,5,G,573777488,573777483,5
5538,461,6,E,573877489,573877483,6
5539,461,7,N,573977489,573977483,6
5540,461,8,L,574077490,574077483,7
5541,461,9,A,574177492,574177483,9
5542,461,10,N,574277493,574277483,10
5543,461,11,D,574377494,574377483,11
5544,462,0,F,574477495,574477495,0
5545,462,1,H,574577497,574577495,2
5546,462,2,B,574677497,574677495,2
5547,462,3,U,574777498,574777495,3
5548,462,4,R,574877499,574877495,4
5549,462,5,G,574977499,574977495,4
5550,462,6,E,575077500,575077495,5
5551,462,7,N,575177501,575177495,6
5552,462,8,L,575277503,575277495,8
5553,462,9,A,575377504,575377495,9
5554,462,10,N,575477505,575477495,10
5555,462,11,D,575577506,575577495,11
5556,463,0,F,575677507,575677507,0
5557,463,1,H,575777508,575777507,1
5558,463,2,B,575877509,575877507,2
5559,463,3,U,575977511,575977507,4
5560,463,4,R,576077512,576077507,5
5561,463,5,G,576177513,576177507,6
5562,463,6,E,576277514,576277507,7
5563,463,7,N,576377515,576377507,8
5564,463,8,L,576477516,576477507,9
5565,463,9,A,576577517,576577507,10
5566,463,10,N,576677518,576677507,11
5567,463,11,D,576777519,576777507,12
5568,464,0,F,576877521,576877521,0
5569,464,1,H,576977521,576977521,0
5570,464,2,B,577077522,577077521,1
5571,464,3,U,577177524,577177521,3
5572,464,4,R,577277525,577277521,4
5573,464,5,G,577377526,577377521,5
5574,464,6,E,577477527,577477521,6
5575,464,7,N,577577528,577577521,7
5576,464,8,L,577677529,577677521,8
5577,464,9,A,577777529,577777521,8
5578,464,10,N,577877530,577877521,9
5579,464,11,D,577977532,577977521,11
5580,465,0,F,578077533,578077533,0
5581,465,1,H,578177534,578177533,1
5582,465,2,B,578277536,578277533,3
5583,465,3,U,578377537,578377533,4
5584,465,4,R,578477538,578477533,5
5585,465,5,G,578577539,578577533,6
5586,465,6,E,578677540,578677533,7
5587,465,7,N,578777541,578777533,8
5588,465,8,L,578877542,578877533,9
5589,465,9,A,578977544,578977533,11
5590,465,10,N,579077544,579077533,11
5591,465,11,D,579177545,579177533,12
5592,466,0,F,579277547,579277547,0
5593,466,1,H,579377548,579377547,1
5594,466,2,B,579477549,579477547,2
5595,466,3,U,579577549,579577547,2
5596,466,4,R,579677550,579677547,3
5597,466,5,G,579777550,579777547,3
5598,466,6,E,579877551,579877547,4
5599,466,7,N,579977551,579977547,4
5600,466,8,L,580077552,580077547,5
5601,466,9,A,580177554,580177547,7
5602,466,10,N,580277556,580277547,9
5603,466,11,D,580377557,580377547,10
5604,467,0,F,580477558,580477558,0
5605,467,1,H,580577559,580577558,1
5606,467,2,B,580677561,580677558,3
5607,467,3,U,580777563,580777558,5
5608,467,4,R,580877563,580877558,5
5609,467,5,G,580977564,580977558,6
5610,467,6,E,581077565,581077558,7
5611,467,7,N,581177566,581177558,8
5612,467,8,L,581277567,581277558,9
5613,467,9,A,581377569,581377558,11
5614,467,10,N,581477570,581477558,12
5615,467,11,D,581577571,581577558,13
5616,468,0,F,581677572,581677572,0
5617,468,1,H,581777573,581777572,1
5618,468,2,B,581877575,581877572,3
5619,468,3,U,581977576,581977572,4
5620,468,4,R,582077577,582077572,5
5621,468,5,G,582177578,582177572,6
5622,468,6,E,582277580,582277572,8
5623,468,7,N,582377580,582377572,8
5624,468,8,L,582477580,582477572,8
5625,468,9,A,582577580,582577572,8
5626,468,10,N,582677582,582677572,10
5627,468,11,D,582777582,582777572,10
5628,469,0,F,582877582,582877582,0
5629,469,1,H,582977583,582977582,1
5630,469,2,B,583077584,583077582,2
5631,469,3,U,583177584,583177582,2
5632,469,4,R,583277586,583277582,4
5633,469,5,G,583377587,583377582,5
5634,469,6,E,583477588,583477582,6
5635,469,7,N,583577589,583577582,7
5636,469,8,L,583677590,583677582,8
5637,469,9,A,583777592,583777582,10
5638,469,10,N,583877594,583877582,12
5639,469,11,D,583977595,583977582,13
5640,470,0,F,584077596,584077596,0
5641,470,1,H,584177596,584177596,0
5642,470,2,B,584277598,584277596,2
5643,470,3,U,584377600,584377596,4
5644,470,4,R,584477600,584477596,4
5645,470,5,G,584577601,584577596,5
5646,470,6,E,584677602,584677596,6
5647,470,7,N,584777602,584777596,6
5648,470,8,L,584877603,584877596,7
5649,470,9,A,584977605,584977596,9
5650,470,10,N,585077606,585077596,10
5651,470,11,D,585177606,585177596,10
5652,471,0,F,585277608,585277608,0
5653,471,1,H,585377609,585377608,1
5654,471,2,B,585477610,585477608,2
5655,471,3,U,585577611,585577608,3
5656,471,4,R,585677612,585677608,4
5657,471,5,G,585777613,585777608,5
5658,471,6,E,585877615,585877608,7
5659,471,7,N,585977616,585977608,8
5660,471,8,L,586077618,586077608,10
5661,471,9,A,586177619,586177608,11
5662,471,10,N,586277621,586277608,13
5663,471,11,D,586377623,586377608,15
5664,472,0,F,586477625,586477625,0
5665,472,1,H,586577626,586577625,1
5666,472,2,B,586677627,586677625,2
5667,472,3,U,586777628,586777625,3
5668,472,4,R,586877628,586877625,3
5669,472,5,G,586977629,586977625,4
5670,472,6,E,587077630,587077625,5
5671,472,7,N,587177631,587177625,6
5672,472,8,L,587277632,587277625,7
5673,472,9,A,587377633,587377625,8
5674,472,10,N,587477634,587477625,9
5675,472,11,D,587577635,587577625,10
5676,473,0,F,587677636,587677636,0
5677,473,1,H,587777637,587777636,1
5678,473,2,B,587877639,587877636,3
5679,473,3,U,587977640,587977636,4
5680,473,4,R,588077640,588077636,4
5681,473,5,G,588177641,588177636,5
5682,473,6,E,588277642,588277636,6
5683,473,7,N,588377643,588377636,7
5684,473,8,L,588477643,588477636,7
5685,473,9,A,588577644,588577636,8
5686,473,10,N,588677645,588677636,9
5687,473,11,D,588777646,588777636,10
5688,474,0,F,588877647,588877647,0
5689,474,1,H,588977648,588977647,1
5690,474,2,B,589077649,589077647,2
5691,474,3,U,589177651,589177647,4
5692,474,4,R,589277653,589277647,6
5693,474,5,G,589377654,589377647,7
5694,474,6,E,589477656,589477647,9
5695,474,7,N,589577658,589577647,11
5696,474,8,L,589677658,589677647,11
5697,474,9,A,589777659,589777647,12
5698,474,10,N,589877660,589877647,13
5699,474,11,D,589977661,589977647,14
5700,475,0,F,590077663,590077663,0
5701,475,1,H,590177664,590177663,1
5702,475,2,B,590277665,590277663,2
5703,475,3,U,590377666,590377663,3
5704,475,4,R,590477667,590477663,4
5705,475,5,G,590577668,590577663,5
5706,475,6,E,590677668,590677663,5
5707,475,7,N,590777669,590777663,6
5708,475,8,L,590877671,590877663,8
5709,475,9,A,590977671,590977663,8
5710,475,10,N,591077672,591077663,9
5711,475,11,D,591177673,591177663,10
5712,476,0,F,591277674,591277674,0
5713,476,1,H,591377675,591377674,1
5714,476,2,B,591477676,591477674,2
5715,476,3,U,591577676,591577674,2
5716,476,4,R,591677677,591677674,3
5717,476,5,G,591777677,591777674,3
5718,476,6,E,591877678,591877674,4
5719,476,7,N,591977679,591977674,5
5720,476,8,L,592077680,592077674,6
5721,476,9,A,592177681,592177674,7
5722,476,10,N,592277682,592277674,8
5723,476,11,D,592377683,592377674,9
5724,477,0,F,592477685,592477685,0
5725,477,1,H,592577687,592577685,2
5726,477,2,B,592677688,592677685,3
5727,477,3,U,592777689,592777685,4
5728,477,4,R,592877690,592877685,5
5729,477,5,G,592977691,592977685,6
5730,477,6,E,593077692,593077685,7
5731,477,7,N,593177694,593177685,9
5732,477,8,L,593277696,593277685,11
5733,477,9,A,593377697,593377685,12
5734,477,10,N,593477698,593477685,13
5735,477,11,D,593577700,593577685,15
5736,478,0,F,593677702,593677702,0
5737,478,1,H,593777702,593777702,0
5738,478,2,B,593877702,593877702,0
5739,478,3,U,593977703,593977702,1
5740,478,4,R,594077705,594077702,3
5741,478,5,G,594177706,594177702,4
5742,478,6,E,594277707,594277702,5
5743,478,7,N,594377708,594377702,6
5744,478,8,L,594477709,594477702,7
5745,478,9,A,594577710,594577702,8
5746,478,10,N,594677711,594677702,9
5747,478,11,D,594777712,594777702,10
5748,479,0,F,594877712,594877712,0
5749,479,1,H,594977712,594977712,0
5750,479,2,B,595077714,595077712,2
5751,479,3,U,595177716,595177712,4
5752,479,4,R,595277717,595277712,5
5753,479,5,G,595377718,595377712,6
5754,479,6,E,595477720,595477712,8
5755,479,7,N,595577721,595577712,9
5756,479,8,L,595677722,595677712,10
5757,479,9,A,595777723,595777712,11
5758,479,10,N,595877724,595877712,12
5759,479,11,D,595977725,595977712,13
5760,480,0,F,596077725,596077725,0
5761,480,1,H,596177725,596177725,0
5762,480,2,B,596277726,596277725,1
5763,480,3,U,596377727,596377725,2
5764,480,4,R,596477728,596477725,3
5765,480,5,G,596577729,596577725,4
5766,480,6,E,596677731,596677725,6
5767,480,7,N,596777731,596777725,6
5768,480,8,L,596877732,596877725,7
5769,480,9,A,596977734,596977725,9
5770,480,10,N,597077735,597077725,10
5771,480,11,D,597177735,597177725,10
5772,481,0,F,597277737,597277737,0
5773,481,1,H,597377738,597377737,1
5774,481,2,B,597477739,597477737,2
5775,481,3,U,597577740,597577737,3
5776,481,4,R,597677740,597677737,3
5777,481,5,G,597777741,597777737,4
5778,481,6,E,597877742,597877737,5
5779,481,7,N,597977743,597977737,6
5780,481,8,L,598077745,598077737,8
5781,481,9,A,598177746,598177737,9
5782,481,10,N,598277747,598277737,10
5783,481,11,D,598377748,598377737,11
5784,482,0,F,598477749,598477749,0
5785,482,1,H,598577750,598577749,1
5786,482,2,B,598677751,598677749,2
5787,482,3,U,598777752,598777749,3
5788,482,4,R,598877753,598877749,4
5789,482,5,G,598977754,598977749,5
5790,482,6,E,599077754,599077749,5
5791,482,7,N,599177755,599177749,6
5792,482,8,L,599277756,599277749,7
5793,482,9,A,599377756,599377749,7
5794,482,10,N,599477757,599477749,8
5795,482,11,D,599577758,599577749,9
5796,483,0,F,599677759,599677759,0
5797,483,1,H,599777761,599777759,2
5798,483,2,B,599877762,599877759,3
5799,483,3,U,599977764,599977759,5
5800,483,4,R,600077765,600077759,6
5801,483,5,G,600177766,600177759,7
5802,483,6,E,600277768,600277759,9
5803,483,7,N,600377769,600377759,10
5804,483,8,L,600477771,600477759,12
5805,483,9,A,600577772,600577759,13
5806,483,10,N,600677773,600677759,14
5807,483,11,D,600777773,600777759,14
5808,484,0,F,600877774,600877774,0
5809,484,1,H,600977775,600977774,1
5810,484,2,B,601077776,601077774,2
5811,484,3,U,601177777,601177774,3
5812,484,4,R,601277779,601277774,5
5813,484,5,G,601377781,601377774,7
5814,484,6,E,601477781,601477774,7
5815,484,7,N,601577783,601577774,9
5816,484,8,L,601677784,601677774,10
5817,484,9,A,601777785,601777774,11
5818,484,10,N,601877786,601877774,12
5819,484,11,D,601977787,601977774,13
5820,485,0,F,602077787,602077787,0
5821,485,1,H,602177788,602177787,1
5822,485,2,B,602277790,602277787,3
5823,485,3,U,602377791,602377787,4
5824,485,4,R,602477793,602477787,6
5825,485,5,G,602577795,602577787,8
5826,485,6,E,602677795,602677787,8
5827,485,7,N,602777796,602777787,9
5828,485,8,L,602877797,602877787,10
5829,485,9,A,602977798,602977787,11
5830,485,10,N,603077799,603077787,12
5831,485,11,D,603177799,603177787,12
5832,486,0,F,603277801,603277801,0
5833,486,1,H,603377802,603377801,1
5834,486,2,B,603477802,603477801,1
5835,486,3,U,603577803,603577801,2
5836,486,4,R,603677804,603677801,3
5837,486,5,G,603777804,603777801,3
5838,486,6,E,603877806,603877801,5
5839,486,7,N,603977808,603977801,7
5840,486,8,L,604077810,604077801,9
5841,486,9,A,604177810,604177801,9
5842,486,10,N,604277811,604277801,10
5843,486,11,D,604377812,604377801,11
5844,487,0,F,604477813,604477813,0
5845,487,1,H,604577814,604577813,1
5846,487,2,B,604677816,604677813,3
5847,487,3,U,604777817,604777813,4
5848,487,4,R,604877818,604877813,5
5849,487,5,G,604977819,604977813,6
5850,487,6,E,605077819,605077813,6
5851,487,7,N,605177820,605177813,7
5852,487,8,L,605277821,605277813,8
5853,487,9,A,605377822,605377813,9
5854,487,10,N,605477823,605477813,10
5855,487,11,D,605577824,605577813,11
5856,488,0,F,605677825,605677825,0
5857,488,1,H,605777827,605777825,2
5858,488,2,B,605877828,605877825,3
5859,488,3,U,605977828,605977825,3
5860,488,4,R,606077830,606077825,5
5861,488,5,G,606177831,606177825,6
5862,488,6,E,606277832,606277825,7
5863,488,7,N,606377833,606377825,8
5864,488,8,L,606477834,606477825,9
5865,488,9,A,606577834,606577825,9
5866,488,10,N,606677835,606677825,10
5867,488,11,D,606777835,606777825,10
5868,489,0,F,606877836,606877836,0
5869,489,1,H,606977837,606977836,1
5870,489,2,B,607077839,607077836,3
5871,489,3,U,607177840,607177836,4
5872,489,4,R,607277842,607277836,6
5873,489,5,G,607377843,607377836,7
5874,489,6,E,607477844,607477836,8
5875,489,7,N,607577845,607577836,9
5876,489,8,L,607677846,607677836,10
5877,489,9,A,607777847,607777836,11
5878,489,10,N,607877848,607877836,12
5879,489,11,D,607977848,607977836,12
5880,490,0,F,608077849,608077849,0
5881,490,1,H,608177850,608177849,1
5882,490,2,B,608277851,608277849,2
5883,490,3,U,608377853,608377849,4
5884,490,4,R,608477854,608477849,5
5885,490,5,G,608577855,608577849,6
5886,490,6,E,608677856,608677849,7
5887,490,7,N,608777856,608777849,7
5888,490,8,L,608877857,608877849,8
5889,490,9,A,608977859,608977849,10
5890,490,10,N,609077859,609077849,10
5891,490,11,D,609177860,609177849,11
5892,491,0,F,609277862,609277862,0
5893,491,1,H,609377863,609377862,1
5894,491,2,B,609477863,609477862,1
5895,491,3,U,609577864,609577862,2
5896,491,4,R,609677864,609677862,2
5897,491,5,G,609777866,609777862,4
5898,491,6,E,609877867,609877862,5
5899,491,7,N,609977868,609977862,6
5900,491,8,L,610077869,610077862,7
5901,491,9,A,610177870,610177862,8
5902,491,10,N,610277871,610277862,9
5903,491,11,D,610377872,610377862,10
5904,492,0,F,610477872,610477872,0
5905,492,1,H,610577873,610577872,1
5906,492,2,B,610677874,610677872,2
5907,492,3,U,610777876,610777872,4
5908,492,4,R,610877877,610877872,5
5909,492,5,G,610977877,610977872,5
5910,492,6,E,611077878,611077872,6
5911,492,7,N,611177879,611177872,7
5912,492,8,L,611277880,611277872,8
5913,492,9,A,611377881,611377872,9
5914,492,10,N,611477882,611477872,10
5915,492,11,D,611577884,611577872,12
5916,493,0,F,611677886,611677886,0
5917,493,1,H,611777887,611777886,1
5918,493,2,B,611877888,611877886,2
5919,493,3,U,611977889,611977886,3
5920,493,4,R,612077890,612077886,4
5921,493,5,G,612177891,612177886,5
5922,493,6,E,612277893,612277886,7
5923,493,7,N,612377895,612377886,9
5924,493,8,L,612477896,612477886,10
5925,493,9,A,612577897,612577886,11
5926,493,10,N,612677897,612677886,11
5927,493,11,D,612777898,612777886,12
5928,494,0,F,612877899,612877899,0
5929,494,1,H,612977900,612977899,1
5930,494,2,B,613077901,613077899,2
5931,494,3,U,613177902,613177899,3
5932,494,4,R,613277904,613277899,5
5933,494,5,G,613377905,613377899,6
5934,494,6,E,613477906,613477899,7
5935,494,7,N,613577907,613577899,8
5936,494,8,L,613677909,613677899,10
5937,494,9,A,613777910,613777899,11
5938,494,10,N,613877911,613877899,12
5939,494,11,D,613977912,613977899,13
5940,495,0,F,614077913,614077913,0
5941,495,1,H,614177914,614177913,1
5942,495,2,B,614277916,614277913,3
5943,495,3,U,614377916,614377913,3
5944,495,4,R,614477917,614477913,4
5945,495,5,G,614577918,614577913,5
5946,495,6,E,614677919,614677913,6
5947,495,7,N,614777920,614777913,7
5948,495,8,L,614877921,614877913,8
5949,495,9,A,614977921,614977913,8
5950,495,10,N,615077921,615077913,8
5951,495,11,D,615177922,615177913,9
5952,496,0,F,615277923,615277923,0
5953,496,1,H,615377924,615377923,1
5954,496,2,B,615477926,615477923,3
5955,496,3,U,615577926,615577923,3
5956,496,4,R,615677927,615677923,4
5957,496,5,G,615777928,615777923,5
5958,496,6,E,615877929,615877923,6
5959,496,7,N,615977930,615977923,7
5960,496,8,L,616077931,616077923,8
5961,496,9,A,616177931,616177923,8
5962,496,10,N,616277932,616277923,9
5963,496,11,D,616377933,616377923,10
5964,497,0,F,616477934,616477934,0
5965,497,1,H,616577935,616577934,1
5966,497,2,B,616677936,616677934,2
5967,497,3,U,616777937,616777934,3
5968,497,4,R,616877938,616877934,4
5969,497,5,G,616977939,616977934,5
5970,497,6,E,617077939,617077934,5
5971,497,7,N,617177941,617177934,7
5972,497,8,L,617277942,617277934,8
5973,497,9,A,617377943,617377934,9
5974,497,10,N,617477944,617477934,10
5975,497,11,D,617577944,617577934,10
5976,498,0,F,617677945,617677945,0
5977,498,1,H,617777946,617777945,1
5978,498,2,B,617877947,617877945,2
5979,498,3,U,617977948,617977945,3
5980,498,4,R,618077950,618077945,5
5981,498,5,G,618177951,618177945,6
5982,498,6,E,618277953,618277945,8
5983,498,7,N,618377955,618377945,10
5984,498,8,L,618477955,618477945,10
5985,498,9,A,618577956,618577945,11
5986,498,10,N,618677956,618677945,11
5987,498,11,D,618777956,618777945,11
5988,499,0,F,618877957,618877957,0
5989,499,1,H,618977958,618977957,1
5990,499,2,B,619077959,619077957,2
5991,499,3,U,619177960,619177957,3
5992,499,4,R,619277961,619277957,4
5993,499,5,G,619377962,619377957,5
5994,499,6,E,619477962,619477957,5
5995,499,7,N,619577963,619577957,6
5996,499,8,L,619677964,619677957,7
5997,499,9,A,619777965,619777957,8
5998,499,10,N,619877967,619877957,10
5999,499,11,D,619977968,619977957,11
6000,500,0,F,620077969,620077969,0
6001,500,1,H,620177970,620177969,1
6002,500,2,B,620277972,620277969,3
6003,500,3,U,620377974,620377969,5
6004,500,4,R,620477974,620477969,5
6005,500,5,G,620577974,620577969,5
6006,500,6,E,620677975,620677969,6
6007,500,7,N,620777976,620777969,7
6008,500,8,L,620877978,620877969,9
6009,500,9,A,620977979,620977969,10
6010,500,10,N,621077980,621077969,11
6011,500,11,D,621177980,621177969,11
6012,501,0,F,621277980,621277980,0
6013,501,1,H,621377981,621377980,1
6014,501,2,B,621477983,621477980,3
6015,501,3,U,621577984,621577980,4
6016,501,4,R,621677985,621677980,5
6017,501,5,G,621777986,621777980,6
6018,501,6,E,621877986,621877980,6
6019,501,7,N,621977986,621977980,6
6020,501,8,L,622077986,622077980,6
6021,501,9,A,622177987,622177980,7
6022,501,10,N,622277989,622277980,9
6023,501,11,D,622377990,622377980,10
6024,502,0,F,622477991,622477991,0
6025,502,1,H,622577991,622577991,0
6026,502,2,B,622677991,622677991,0
6027,502,3,U,622777991,622777991,0
6028,502,4,R,622877992,622877991,1
6029,502,5,G,622977993,622977991,2
6030,502,6,E,623077994,623077991,3
6031,502,7,N,623177995,623177991,4
6032,502,8,L,623277996,623277991,5
6033,502,9,A,623377997,623377991,6
6034,502,10,N,623477998,623477991,7
6035,502,11,D,623577999,623577991,8
6036,503,0,F,623678000,623678000,0
6037,503,1,H,623778001,623778000,1
6038,503,2,B,623878002,623878000,2
6039,503,3,U,623978003,623978000,3
6040,503,4,R,624078004,624078000,4
6041,503,5,G,624178005,624178000,5
6042,503,6,E,624278007,624278000,7
6043,503,7,N,624378008,624378000,8
6044,503,8,L,624478010,624478000,10
6045,503,9,A,624578011,624578000,11
6046,503,10,N,624678012,624678000,12
6047,503,11,D,624778012,624778000,12
6048,504,0,F,624878013,624878013,0
6049,504,1,H,624978013,624978013,0
6050,504,2,B,625078014,625078013,1
6051,504,3,U,625178015,625178013,2
6052,504,4,R,625278016,625278013,3
6053,504,5,G,625378017,625378013,4
6054,504,6,E,625478018,625478013,5
6055,504,7,N,625578019,625578013,6
6056,504,8,L,625678020,625678013,7
6057,504,9,A,625778021,625778013,8
6058,504,10,N,625878022,625878013,9
6059,504,11,D,625978023,625978013,10
6060,505,0,F,626078024,626078024,0
6061,505,1,H,626178025,626178024,1
6062,505,2,B,626278026,626278024,2
6063,505,3,U,626378026,626378024,2
6064,505,4,R,626478027,626478024,3
6065,505,5,G,626578028,626578024,4
6066,505,6,E,626678029,626678024,5
6067,505,7,N,626778030,626778024,6
6068,505,8,L,626878032,626878024,8
6069,505,9,A,626978032,626978024,8
6070,505,10,N,627078033,627078024,9
6071,505,11,D,627178034,627178024,10
6072,506,0,F,627278036,627278036,0
6073,506,1,H,627378037,627378036,1
6074,506,2,B,627478038,627478036,2
6075,506,3,U,627578039,627578036,3
6076,506,4,R,627678040,627678036,4
6077,506,5,G,627778041,627778036,5
6078,506,6,E,627878041,627878036,5
6079,506,7,N,627978042,627978036,6
6080,506,8,L,628078043,628078036,7
6081,506,9,A,628178044,628178036,8
6082,506,10,N,628278045,628278036,9
6083,506,11,D,628378045,628378036,9
6084,507,0,F,628478046,628478046,0
6085,507,1,H,628578047,628578046,1
6086,507,2,B,628678048,628678046,2
6087,507,3,U,628778049,628778046,3
6088,507,4,R,628878051,628878046,5
6089,507,5,G,628978052,628978046,6
6090,507,6,E,629078053,629078046,7
6091,507,7,N,629178055,629178046,9
6092,507,8,L,629278056,629278046,10
6093,507,9,A,629378057,629378046,11
6094,507,10,N,629478058,629478046,12
6095,507,11,D,629578059,629578046,13
6096,508,0,F,629678059,629678059,0
6097,508,1,H,629778059,629778059,0
6098,508,2,B,629878060,629878059,1
6099,508,3,U,629978061,629978059,2
6100,508,4,R,630078062,630078059,3
6101,508,5,G,630178062,630178059,3
6102,508,6,E,630278064,630278059,5
6103,508,7,N,630378066,630378059,7
6104,508,8,L,630478066,630478059,7
6105,508,9,A,630578066,630578059,7
6106,508,10,N,630678067,630678059,8
6107,508,11,D,630778068,630778059,9
6108,509,0,F,630878069,630878069,0
6109,509,1,H,630978069,630978069,0
6110,509,2,B,631078069,631078069,0
6111,509,3,U,631178070,631178069,1
6112,509,4,R,631278072,631278069,3
6113,509,5,G,631378072,631378069,3
6114,509,6,E,631478073,631478069,4
6115,509,7,N,631578073,631578069,4
6116,509,8,L,631678074,631678069,5
6117,509,9,A,631778075,631778069,6
6118,509,10,N,631878077,631878069,8
6119,509,11,D,631978079,631978069,10
6120,510,0,F,632078081,632078081,0
6121,510,1,H,632178083,632178081,2
6122,510,2,B,632278084,632278081,3
6123,510,3,U,632378085,632378081,4
6124,510,4,R,632478086,632478081,5
6125,510,5,G,632578087,632578081,6
6126,510,6,E,632678088,632678081,7
6127,510,7,N,632778090,632778081,9
6128,510,8,L,632878091,632878081,10
6129,510,9,A,632978092,632978081,11
6130,510,10,N,633078093,633078081,12
6131,510,11,D,633178094,633178081,13
6132,511,0,F,633278095,633278095,0
6133,511,1,H,633378096,633378095,1
6134,511,2,B,633478097,633478095,2
6135,511,3,U,633578098,633578095,3
6136,511,4,R,633678098,633678095,3
6137,511,5,G,633778099,633778095,4
6138,511,6,E,633878099,633878095,4
6139,511,7,N,633978100,633978095,5
6140,511,8,L,634078102,634078095,7
6141,511,9,A,634178102,634178095,7
6142,511,10,N,634278103,634278095,8
6143,511,11,D,634378103,634378095,8
6144,512,0,F,634478104,634478104,0
6145,512,1,H,634578104,634578104,0
6146,512,2,B,634678105,634678104,1
6147,512,3,U,634778106,634778104,2
6148,512,4,R,634878108,634878104,4
6149,512,5,G,634978109,634978104,5
6150,512,6,E,635078111,635078104,7
6151,512,7,N,635178113,635178104,9
6152,512,8,L,635278114,635278104,10
6153,512,9,A,635378114,635378104,10
6154,512,10,N,635478115,635478104,11
6155,512,11,D,635578116,635578104,12
6156,513,0,F,635678117,635678117,0
6157,513,1,H,635778118,635778117,1
6158,513,2,B,635878119,635878117,2
6159,513,3,U,635978121,635978117,4
6160,513,4,R,636078123,636078117,6
6161,513,5,G,636178123,636178117,6
6162,513,6,E,636278124,636278117,7
6163,513,7,N,636378124,636378117,7
6164,513,8,L,636478126,636478117,9
6165,513,9,A,636578126,636578117,9
6166,513,10,N,636678127,636678117,10
6167,513,11,D,636778128,636778117,11
6168,514,0,F,636878129,636878129,0
6169,514,1,H,636978129,636978129,0
6170,514,2,B,637078130,637078129,1
6171,514,3,U,637178131,637178129,2
6172,514,4,R,637278132,637278129,3
6173,514,5,G,637378133,637378129,4
6174,514,6,E,637478134,637478129,5
6175,514,7,N,637578135,637578129,6
6176,514,8,L,637678135,637678129,6
6177,514,9,A,637778136,637778129,7
6178,514,10,N,637878137,637878129,8
6179,514,11,D,637978138,637978129,9
6180,515,0,F,638078140,638078140,0
6181,515,1,H,638178140,638178140,0
6182,515,2,B,638278140,638278140,0
6183,515,3,U,638378141,638378140,1
6184,515,4,R,638478142,638478140,2
6185,515,5,G,638578144,638578140,4
6186,515,6,E,638678146,638678140,6
6187,515,7,N,638778147,638778140,7
6188,515,8,L,638878149,638878140,9
6189,515,9,A,638978149,638978140,9
6190,515,10,N,639078150,639078140,10
6191,515,11,D,639178152,639178140,12
6192,516,0,F,639278152,639278152,0
6193,516,1,H,639378153,639378152,1
6194,516,2,B,639478153,639478152,1
6195,516,3,U,639578153,639578152,1
6196,516,4,R,639678154,639678152,2
6197,516,5,G,639778155,639778152,3
6198,516,6,E,639878156,639878152,4
6199,516,7,N,639978158,639978152,6
6200,516,8,L,640078159,640078152,7
6201,516,9,A,640178161,640178152,9
6202,516,10,N,640278163,640278152,11
6203,516,11,D,640378164,640378152,12
6204,517,0,F,640478165,640478165,0
6205,517,1,H,640578166,640578165,1
6206,517,2,B,640678167,640678165,2
6207,517,3,U,640778167,640778165,2
6208,517,4,R,640878168,640878165,3
6209,517,5,G,640978169,640978165,4
6210,517,6,E,641078170,641078165,5
6211,517,7,N,641178171,641178165,6
6212,517,8,L,641278172,641278165,7
6213,517,9,A,641378172,641378165,7
6214,517,10,N,641478173,641478165,8
6215,517,11,D,641578174,641578165,9
6216,518,0,F,641678176,641678176,0
6217,518,1,H,641778177,641778176,1
6218,518,2,B,641878178,641878176,2
6219,518,3,U,641978178,641978176,2
6220,518,4,R,642078179,642078176,3
6221,518,5,G,642178180,642178176,4
6222,518,6,E,642278182,642278176,6
6223,518,7,N,642378183,642378176,7
6224,518,8,L,642478184,642478176,8
6225,518,9,A,642578184,642578176,8
6226,518,10,N,642678185,642678176,9
6227,518,11,D,642778186,642778176,10
6228,519,0,F,642878188,642878188,0
6229,519,1,H,642978189,642978188,1
6230,519,2,B,643078190,643078188,2
6231,519,3,U,643178191,643178188,3
6232,519,4,R,643278193,643278188,5
6233,519,5,G,643378195,643378188,7
6234,519,6,E,643478196,643478188,8
6235,519,7,N,643578197,643578188,9
6236,519,8,L,643678198,643678188,10
6237,519,9,A,643778198,643778188,10
6238,519,10,N,643878200,643878188,12
6239,519,11,D,643978201,643978188,13
6240,520,0,F,644078202,644078202,0
6241,520,1,H,644178203,644178202,1
6242,520,2,B,644278205,644278202,3
6243,520,3,U,644378206,644378202,4
6244,520,4,R,644478207,644478202,5
6245,520,5,G,644578208,644578202,6
6246,520,6,E,644678209,644678202,7
6247,520,7,N,644778210,644778202,8
6248,520,8,L,644878211,644878202,9
6249,520,9,A,644978212,644978202,10
6250,520,10,N,645078213,645078202,11
6251,520,11,D,645178215,645178202,13
6252,521,0,F,645278216,645278216,0
6253,521,1,H,645378217,645378216,1
6254,521,2,B,645478218,645478216,2
6255,521,3,U,645578219,645578216,3
6256,521,4,R,645678220,645678216,4
6257,521,5,G,645778220,645778216,4
6258,521,6,E,645878222,645878216,6
6259,521,7,N,645978223,645978216,7
6260,521,8,L,646078224,646078216,8
6261,521,9,A,646178225,646178216,9
6262,521,10,N,646278225,646278216,9
6263,521,11,D,646378226,646378216,10
6264,522,0,F,646478227,646478227,0
6265,522,1,H,646578228,646578227,1
6266,522,2,B,646678228,646678227,1
6267,522,3,U,646778229,646778227,2
6268,522,4,R,646878230,646878227,3
6269,522,5,G,646978232,646978227,5
6270,522,6,E,647078234,647078227,7
6271,522,7,N,647178235,647178227,8
6272,522,8,L,647278236,647278227,9
6273,522,9,A,647378237,647378227,10
6274,522,10,N,647478239,647478227,12
6275,522,11,D,647578239,647578227,12
6276,523,0,F,647678240,647678240,0
6277,523,1,H,647778241,647778240,1
6278,523,2,B,647878242,647878240,2
6279,523,3,U,647978243,647978240,3
6280,523,4,R,648078245,648078240,5
6281,523,5,G,648178246,648178240,6
6282,523,6,E,648278248,648278240,8
6283,523,7,N,648378248,648378240,8
6284,523,8,L,648478249,648478240,9
6285,523,9,A,648578250,648578240,10
6286,523,10,N,648678250,648678240,10
6287,523,11,D,648778251,648778240,11
6288,524,0,F,648878251,648878251,0
6289,524,1,H,648978252,648978251,1
6290,524,2,B,649078252,649078251,1
6291,524,3,U,649178253,649178251,2
6292,524,4,R,649278254,649278251,3
6293,524,5,G,649378255,649378251,4
6294,524,6,E,649478257,649478251,6
6295,524,7,N,649578258,649578251,7
6296,524,8,L,649678260,649678251,9
6297,524,9,A,649778261,649778251,10
6298,524,10,N,649878262,649878251,11
6299,524,11,D,649978263,649978251,12
6300,525,0,F,650078263,650078263,0
6301,525,1,H,650178264,650178263,1
6302,525,2,B,650278266,650278263,3
6303,525,3,U,650378268,650378263,5
6304,525,4,R,650478269,650478263,6
6305,525,5,G,650578270,650578263,7
6306,525,6,E,650678272,650678263,9
6307,525,7,N,650778272,650778263,9
6308,525,8,L,650878272,650878263,9
6309,525,9,A,650978272,650978263,9
6310,525,10,N,651078273,651078263,10
6311,525,11,D,651178274,651178263,11
6312,526,0,F,651278275,651278275,0
6313,526,1,H,651378276,651378275,1
6314,526,2,B,651478276,651478275,1
6315,526,3,U,651578276,651578275,1
6316,526,4,R,651678278,651678275,3
6317,526,5,G,651778278,651778275,3
6318,526,6,E,651878279,651878275,4
6319,526,7,N,651978281,651978275,6
6320,526,8,L,652078281,652078275,6
6321,526,9,A,652178283,652178275,8
6322,526,10,N,652278285,652278275,10
6323,526,11,D,652378286,652378275,11
6324,527,0,F,652478287,652478287,0
6325,527,1,H,652578287,652578287,0
6326,527,2,B,652678288,652678287,1
6327,527,3,U,652778289,652778287,2
6328,527,4,R,652878290,652878287,3
6329,527,5,G,652978291,652978287,4
6330,527,6,E,653078291,653078287,4
6331,527,7,N,653178292,653178287,5
6332,527,8,L,653278294,653278287,7
6333,527,9,A,653378295,653378287,8
6334,527,10,N,653478296,653478287,9
6335,527,11,D,653578297,653578287,10
6336,528,0,F,653678298,653678298,0
6337,528,1,H,653778300,653778298,2
6338,528,2,B,653878301,653878298,3
6339,528,3,U,653978302,653978298,4
6340,528,4,R,654078303,654078298,5
6341,528,5,G,654178303,654178298,5
6342,528,6,E,654278304,654278298,6
6343,528,7,N,654378305,654378298,7
6344,528,8,L,654478307,654478298,9
6345,528,9,A,654578307,654578298,9
6346,528,10,N,654678308,654678298,10
6347,528,11,D,654778309,654778298,11
6348,529,0,F,654878310,654878310,0
6349,529,1,H,654978311,654978310,1
6350,529,2,B,655078312,655078310,2
6351,529,3,U,655178313,655178310,3
6352,529,4,R,655278314,655278310,4
6353,529,5,G,655378315,655378310,5
6354,529,6,E,655478316,655478310,6
6355,529,7,N,655578317,655578310,7
6356,529,8,L,655678317,655678310,7
6357,529,9,A,655778318,655778310,8
6358,529,10,N,655878319,655878310,9
6359,529,11,D,655978320,655978310,10
6360,530,0,F,656078321,656078321,0
6361,530,1,H,656178322,656178321,1
6362,530,2,B,656278324,656278321,3
6363,530,3,U,656378326,656378321,5
6364,530,4,R,656478326,656478321,5
6365,530,5,G,656578326,656578321,5
6366,530,6,E,656678327,656678321,6
6367,530,7,N,656778328,656778321,7
6368,530,8,L,656878329,656878321,8
6369,530,9,A,656978330,656978321,9
6370,530,10,N,657078331,657078321,10
6371,530,11,D,657178331,657178321,10
6372,531,0,F,657278332,657278332,0
6373,531,1,H,657378333,657378332,1
6374,531,2,B,657478334,657478332,2
6375,531,3,U,657578334,657578332,2
6376,531,4,R,657678335,657678332,3
6377,531,5,G,657778336,657778332,4
6378,531,6,E,657878337,657878332,5
6379,531,7,N,657978338,657978332,6
6380,531,8,L,658078338,658078332,6
6381,531,9,A,658178338,658178332,6
6382,531,10,N,658278339,658278332,7
6383,531,11,D,658378341,658378332,9
6384,532,0,F,658478341,658478341,0
6385,532,1,H,658578342,658578341,1
6386,532,2,B,658678343,658678341,2
6387,532,3,U,658778344,658778341,3
6388,532,4,R,658878345,658878341,4
6389,532,5,G,658978347,658978341,6
6390,532,6,E,659078347,659078341,6
6391,532,7,N,659178348,659178341,7
6392,532,8,L,659278348,659278341,7
6393,532,9,A,659378348,659378341,7
6394,532,10,N,659478349,659478341,8
6395,532,11,D,659578350,659578341,9
6396,533,0,F,659678351,659678351,0
6397,533,1,H,659778352,659778351,1
6398,533,2,B,659878353,659878351,2
6399,533,3,U,659978354,659978351,3
6400,533,4,R,660078355,660078351,4
6401,533,5,G,660178355,660178351,4
6402,533,6,E,660278356,660278351,5
6403,533,7,N,660378357,660378351,6
6404,533,8,L,660478357,660478351,6
6405,533,9,A,660578359,660578351,8
6406,533,10,N,660678359,660678351,8
6407,533,11,D,660778360,660778351,9
6408,534,0,F,660878361,660878361,0
6409,534,1,H,660978362,660978361,1
6410,534,2,B,661078363,661078361,2
6411,534,3,U,661178364,661178361,3
6412,534,4,R,661278365,661278361,4
6413,534,5,G,661378366,661378361,5
6414,534,6,E,661478367,661478361,6
6415,534,7,N,661578369,661578361,8
6416,534,8,L,661678369,661678361,8
6417,534,9,A,661778370,661778361,9
6418,534,10,N,661878372,661878361,11
6419,534,11,D,661978373,661978361,12
6420,535,0,F,662078374,662078374,0
6421,535,1,H,662178376,662178374,2
6422,535,2,B,662278378,662278374,4
6423,535,3,U,662378379,662378374,5
6424,535,4,R,662478380,662478374,6
6425,535,5,G,662578382,662578374,8
6426,535,6,E,662678383,662678374,9
6427,535,7,N,662778384,662778374,10
6428,535,8,L,662878384,662878374,10
6429,535,9,A,662978385,662978374,11
6430,535,10,N,663078385,663078374,11
6431,535,11,D,663178387,663178374,13
6432,536,0,F,663278388,663278388,0
6433,536,1,H,663378389,663378388,1
6434,536,2,B,663478390,663478388,2
6435,536,3,U,663578391,663578388,3
6436,536,4,R,663678392,663678388,4
6437,536,5,G,663778394,663778388,6
6438,536,6,E,663878394,663878388,6
6439,536,7,N,663978396,663978388,8
6440,536,8,L,664078396,664078388,8
6441,536,9,A,664178397,664178388,9
6442,536,10,N,664278399,664278388,11
6443,536,11,D,664378400,664378388,12
6444,537,0,F,664478402,664478402,0
6445,537,1,H,664578403,664578402,1
6446,537,2,B,664678405,664678402,3
6447,537,3,U,664778406,664778402,4
6448,537,4,R,664878408,664878402,6
6449,537,5,G,664978409,664978402,7
6450,537,6,E,665078410,665078402,8
6451,537,7,N,665178412,665178402,10
6452,537,8,L,665278413,665278402,11
6453,537,9,A,665378414,665378402,12
6454,537,10,N,665478415,665478402,13
6455,537,11,D,665578416,665578402,14
6456,538,0,F,665678417,665678417,0
6457,538,1,H,665778418,665778417,1
6458,538,2,B,665878420,665878417,3
6459,538,3,U,665978421,665978417,4
6460,538,4,R,666078422,666078417,5
6461,538,5,G,666178423,666178417,6
6462,538,6,E,666278425,666278417,8
6463,538,7,N,666378426,666378417,9
6464,538,8,L,666478427,666478417,10
6465,538,9,A,666578429,666578417,12
6466,538,10,N,666678431,666678417,14
6467,538,11,D,666778432,666778417,15
6468,539,0,F,666878432,666878432,0
6469,539,1,H,666978433,666978432,1
6470,539,2,B,667078433,667078432,1
6471,539,3,U,667178434,667178432,2
6472,539,4,R,667278436,667278432,4
6473,539,5,G,667378437,667378432,5
6474,539,6,E,667478438,667478432,6
6475,539,7,N,667578439,667578432,7
6476,539,8,L,667678440,667678432,8
6477,539,9,A,667778441,667778432,9
6478,539,10,N,667878441,667878432,9
6479,539,11,D,667978443,667978432,11
6480,540,0,F,668078444,668078444,0
6481,540,1,H,668178445,668178444,1
6482,540,2,B,668278447,668278444,3
6483,540,3,U,668378447,668378444,3
6484,540,4,R,668478448,668478444,4
6485,540,5,G,668578449,668578444,5
6486,540,6,E,668678449,668678444,5
6487,540,7,N,668778449,668778444,5
6488,540,8,L,668878450,668878444,6
6489,540,9,A,668978451,668978444,7
6490,540,10,N,669078453,669078444,9
6491,540,11,D,669178453,669178444,9
6492,541,0,F,669278455,669278455,0
6493,541,1,H,669378455,669378455,0
6494,541,2,B,669478456,669478455,1
6495,541,3,U,669578457,669578455,2
6496,541,4,R,669678459,669678455,4
6497,541,5,G,669778460,669778455,5
6498,541,6,E,669878461,669878455,6
6499,541,7,N,669978462,669978455,7
6500,541,8,L,670078463,670078455,8
6501,541,9,A,670178463,670178455,8
6502,541,10,N,670278464,670278455,9
6503,541,11,D,670378466,670378455,11
6504,542,0,F,670478467,670478467,0
6505,542,1,H,670578467,670578467,0
6506,542,2,B,670678467,670678467,0
6507,542,3,U,670778468,670778467,1
6508,542,4,R,670878468,670878467,1
6509,542,5,G,670978469,670978467,2
6510,542,6,E,671078470,671078467,3
6511,542,7,N,671178470,671178467,3
6512,542,8,L,671278471,671278467,4
6513,542,9,A,671378472,671378467,5
6514,542,10,N,671478473,671478467,6
6515,542,11,D,671578475,671578467,8
6516,543,0,F,671678476,671678476,0
6517,543,1,H,671778476,671778476,0
6518,543,2,B,671878477,671878476,1
6519,543,3,U,671978479,671978476,3
6520,543,4,R,672078481,672078476,5
6521,543,5,G,672178483,672178476,7
6522,543,6,E,672278484,672278476,8
6523,543,7,N,672378485,672378476,9
6524,543,8,L,672478486,672478476,10
6525,543,9,A,672578486,672578476,10
6526,543,10,N,672678487,672678476,11
6527,543,11,D,672778488,672778476,12
6528,544,0,F,672878488,672878488,0
6529,544,1,H,672978489,672978488,1
6530,544,2,B,673078489,673078488,1
6531,544,3,U,673178490,673178488,2
6532,544,4,R,673278492,673278488,4
6533,544,5,G,673378493,673378488,5
6534,544,6,E,673478494,673478488,6
6535,544,7,N,673578496,673578488,8
6536,544,8,L,673678498,673678488,10
6537,544,9,A,673778499,673778488,11
6538,544,10,N,673878500,673878488,12
6539,544,11,D,673978500,673978488,12
6540,545,0,F,674078502,674078502,0
6541,545,1,H,674178502,674178502,0
6542,545,2,B,674278503,674278502,1
6543,545,3,U,674378504,674378502,2
6544,545,4,R,674478506,674478502,4
6545,545,5,G,674578507,674578502,5
6546,545,6,E,674678509,674678502,7
6547,545,7,N,674778509,674778502,7
6548,545,8,L,674878511,674878502,9
6549,545,9,A,674978512,674978502,10
6550,545,10,N,675078513,675078502,11
6551,545,11,D,675178514,675178502,12
6552,546,0,F,675278515,675278515,0
6553,546,1,H,675378516,675378515,1
6554,546,2,B,675478518,675478515,3
6555,546,3,U,675578518,675578515,3
6556,546,4,R,675678519,675678515,4
6557,546,5,G,675778520,675778515,5
6558,546,6,E,675878522,675878515,7
6559,546,7,N,675978523,675978515,8
6560,546,8,L,676078524,676078515,9
6561,546,9,A,676178525,676178515,10
6562,546,10,N,676278527,676278515,12
6563,546,11,D,676378527,676378515,12
6564,547,0,F,676478528,676478528,0
6565,547,1,H,676578529,676578528,1
6566,547,2,B,676678529,676678528,1
6567,547,3,U,676778530,676778528,2
6568,547,4,R,676878531,676878528,3
6569,547,5,G,676978531,676978528,3
6570,547,6,E,677078533,677078528,5
6571,547,7,N,677178534,677178528,6
6572,547,8,L,677278536,677278528,8
6573,547,9,A,677378537,677378528,9
6574,547,10,N,677478538,677478528,10
6575,547,11,D,677578539,677578528,11
6576,548,0,F,677678540,677678540,0
6577,548,1,H,677778540,677778540,0
6578,548,2,B,677878541,677878540,1
6579,548,3,U,677978542,677978540,2
6580,548,4,R,678078543,678078540,3
6581,548,5,G,678178544,678178540,4
6582,548,6,E,678278545,678278540,5
6583,548,7,N,678378545,678378540,5
6584,548,8,L,678478546,678478540,6
6585,548,9,A,678578547,678578540,7
6586,548,10,N,678678548,678678540,8
6587,548,11,D,678778549,678778540,9
6588,549,0,F,678878550,678878550,0
6589,549,1,H,678978551,678978550,1
6590,549,2,B,679078552,679078550,2
6591,549,3,U,679178553,679178550,3
6592,549,4,R,679278554,679278550,4
6593,549,5,G,679378554,679378550,4
6594,549,6,E,679478555,679478550,5
6595,549,7,N,679578556,679578550,6
6596,549,8,L,679678557,679678550,7
6597,549,9,A,679778559,679778550,9
6598,549,10,N,679878560,679878550,10
6599,549,11,D,679978562,679978550,12
6600,550,0,F,680078562,680078562,0
6601,550,1,H,680178563,680178562,1
6602,550,2,B,680278564,680278562,2
6603,550,3,U,680378564,680378562,2
6604,550,4,R,680478565,680478562,3
6605,550,5,G,680578567,680578562,5
6606,550,6,E,680678568,680678562,6
6607,550,7,N,680778568,680778562,6
6608,550,8,L,680878569,680878562,7
6609,550,9,A,680978570,680978562,8
6610,550,10,N,681078571,681078562,9
6611,550,11,D,681178571,681178562,9
6612,551,0,F,681278572,681278572,0
6613,551,1,H,681378573,681378572,1
6614,551,2,B,681478574,681478572,2
6615,551,3,U,681578575,681578572,3
6616,551,4,R,681678576,681678572,4
6617,551,5,G,681778578,681778572,6
6618,551,6,E,681878578,681878572,6
6619,551,7,N,681978579,681978572,7
6620,551,8,L,682078580,682078572,8
6621,551,9,A,682178581,682178572,9
6622,551,10,N,682278582,682278572,10
6623,551,11,D,682378582,682378572,10
6624,552,0,F,682478583,682478583,0
6625,552,1,H,682578584,682578583,1
6626,552,2,B,682678585,682678583,2
6627,552,3,U,682778586,682778583,3
6628,552,4,R,682878586,682878583,3
6629,552,5,G,682978588,682978583,5
6630,552,6,E,683078589,683078583,6
6631,552,7,N,683178591,683178583,8
6632,552,8,L,683278592,683278583,9
6633,552,9,A,683378593,683378583,10
6634,552,10,N,683478594,683478583,11
6635,552,11,D,683578595,683578583,12
6636,553,0,F,683678596,683678596,0
6637,553,1,H,683778597,683778596,1
6638,553,2,B,683878598,683878596,2
6639,553,3,U,683978599,683978596,3
6640,553,4,R,684078600,684078596,4
6641,553,5,G,684178601,684178596,5
6642,553,6,E,684278603,684278596,7
6643,553,7,N,684378604,684378596,8
6644,553,8,L,684478604,684478596,8
6645,553,9,A,684578605,684578596,9
6646,553,10,N,684678606,684678596,10
6647,553,11,D,684778607,684778596,11
6648,554,0,F,684878608,684878608,0
6649,554,1,H,684978609,684978608,1
6650,554,2,B,685078609,685078608,1
6651,554,3,U,685178610,685178608,2
6652,554,4,R,685278610,685278608,2
6653,554,5,G,685378611,685378608,3
6654,554,6,E,685478611,685478608,3
6655,554,7,N,685578612,685578608,4
6656,554,8,L,685678613,685678608,5
6657,554,9,A,685778614,685778608,6
6658,554,10,N,685878616,685878608,8
6659,554,11,D,685978617,685978608,9
6660,555,0,F,686078617,686078617,0
6661,555,1,H,686178618,686178617,1
6662,555,2,B,686278619,686278617,2
6663,555,3,U,686378621,686378617,4
6664,555,4,R,686478622,686478617,5
6665,555,5,G,686578623,686578617,6
6666,555,6,E,686678624,686678617,7
6667,555,7,N,686778626,686778617,9
6668,555,8,L,686878627,686878617,10
6669,555,9,A,686978629,686978617,12
6670,555,10,N,687078629,687078617,12
6671,555,11,D,687178629,687178617,12
6672,556,0,F,687278630,687278630,0
6673,556,1,H,687378630,687378630,0
6674,556,2,B,687478632,687478630,2
6675,556,3,U,687578633,687578630,3
6676,556,4,R,687678633,687678630,3
6677,556,5,G,687778634,687778630,4
6678,556,6,E,687878635,687878630,5
6679,556,7,N,687978636,687978630,6
6680,556,8,L,688078638,688078630,8
6681,556,9,A,688178639,688178630,9
6682,556,10,N,688278640,688278630,10
6683,556,11,D,688378640,688378630,10
6684,557,0,F,688478642,688478642,0
6685,557,1,H,688578643,688578642,1
6686,557,2,B,688678644,688678642,2
6687,557,3,U,688778645,688778642,3
6688,557,4,R,688878645,688878642,3
6689,557,5,G,688978646,688978642,4
6690,557,6,E,689078647,689078642,5
6691,557,7,N,689178648,689178642,6
6692,557,8,L,689278649,689278642,7
6693,557,9,A,689378650,689378642,8
6694,557,10,N,689478650,689478642,8
6695,557,11,D,689578650,689578642,8
6696,558,0,F,689678651,689678651,0
6697,558,1,H,689778652,689778651,1
6698,558,2,B,689878653,689878651,2
6699,558,3,U,689978654,689978651,3
6700,558,4,R,690078655,690078651,4
6701,558,5,G,690178657,690178651,6
6702,558,6,E,690278658,690278651,7
6703,558,7,N,690378659,690378651,8
6704,558,8,L,690478659,690478651,8
6705,558,9,A,690578661,690578651,10
6706,558,10,N,690678662,690678651,11
6707,558,11,D,690778663,690778651,12
6708,559,0,F,690878665,690878665,0
6709,559,1,H,690978665,690978665,0
6710,559,2,B,691078666,691078665,1
6711,559,3,U,691178667,691178665,2
6712,559,4,R,691278669,691278665,4
6713,559,5,G,691378670,691378665,5
6714,559,6,E,691478672,691478665,7
6715,559,7,N,691578673,691578665,8
6716,559,8,L,691678674,691678665,9
6717,559,9,A,691778675,691778665,10
6718,559,10,N,691878676,691878665,11
6719,559,11,D,691978677,691978665,12
6720,560,0,F,692078677,692078677,0
6721,560,1,H,692178678,692178677,1
6722,560,2,B,692278680,692278677,3
6723,560,3,U,692378681,692378677,4
6724,560,4,R,692478682,692478677,5
6725,560,5,G,692578683,692578677,6
6726,560,6,E,692678684,692678677,7
6727,560,7,N,692778685,692778677,8
6728,560,8,L,692878686,692878677,9
6729,560,9,A,692978687,692978677,10
6730,560,10,N,693078687,693078677,10
6731,560,11,D,693178688,693178677,11
6732,561,0,F,693278690,693278690,0
6733,561,1,H,693378690,693378690,0
6734,561,2,B,693478691,693478690,1
6735,561,3,U,693578692,693578690,2
6736,561,4,R,693678693,693678690,3
6737,561,5,G,693778693,693778690,3
6738,561,6,E,693878694,693878690,4
6739,561,7,N,693978694,693978690,4
6740,561,8,L,694078695,694078690,5
6741,561,9,A,694178695,694178690,5
6742,561,10,N,694278696,694278690,6
6743,561,11,D,694378697,694378690,7
6744,562,0,F,694478698,694478698,0
6745,562,1,H,694578699,694578698,1
6746,562,2,B,694678701,694678698,3
6747,562,3,U,694778702,694778698,4
6748,562,4,R,694878702,694878698,4
6749,562,5,G,694978703,694978698,5
6750,562,6,E,695078704,695078698,6
6751,562,7,N,695178706,695178698,8
6752,562,8,L,695278707,695278698,9
6753,562,9,A,695378708,695378698,10
6754,562,10,N,695478709,695478698,11
6755,562,11,D,695578710,695578698,12
6756,563,0,F,695678710,695678710,0
6757,563,1,H,695778711,695778710,1
6758,563,2,B,695878712,695878710,2
6759,563,3,U,695978713,695978710,3
6760,563,4,R,696078714,696078710,4
6761,563,5,G,696178715,696178710,5
6762,563,6,E,696278716,696278710,6
6763,563,7,N,696378717,696378710,7
6764,563,8,L,696478718,696478710,8
6765,563,9,A,696578719,696578710,9
6766,563,10,N,696678720,696678710,10
6767,563,11,D,696778721,696778710,11
6768,564,0,F,696878723,696878723,0
6769,564,1,H,696978724,696978723,1
6770,564,2,B,697078725,697078723,2
6771,564,3,U,697178726,697178723,3
6772,564,4,R,697278727,697278723,4
6773,564,5,G,697378728,697378723,5
6774,564,6,E,697478728,697478723,5
6775,564,7,N,697578729,697578723,6
6776,564,8,L,697678730,697678723,7
6777,564,9,A,697778731,697778723,8
6778,564,10,N,697878733,697878723,10
6779,564,11,D,697978734,697978723,11
6780,565,0,F,698078735,698078735,0
6781,565,1,H,698178736,698178735,1
6782,565,2,B,698278737,698278735,2
6783,565,3,U,698378738,698378735,3
6784,565,4,R,698478738,698478735,3
6785,565,5,G,698578739,698578735,4
6786,565,6,E,698678740,698678735,5
6787,565,7,N,698778741,698778735,6
6788,565,8,L,698878741,698878735,6
6789,565,9,A,698978743,698978735,8
6790,565,10,N,699078744,699078735,9
6791,565,11,D,699178745,699178735,10
6792,566,0,F,699278746,699278746,0
6793,566,1,H,699378747,699378746,1
6794,566,2,B,699478747,699478746,1
6795,566,3,U,699578748,699578746,2
6796,566,4,R,699678749,699678746,3
6797,566,5,G,699778751,699778746,5
6798,566,6,E,699878751,699878746,5
6799,566,7,N,699978752,699978746,6
6800,566,8,L,700078752,700078746,6
6801,566,9,A,700178753,700178746,7
6802,566,10,N,700278755,700278746,9
6803,566,11,D,700378757,700378746,11
6804,567,0,F,700478757,700478757,0
6805,567,1,H,700578757,700578757,0
6806,567,2,B,700678757,700678757,0
6807,567,3,U,700778758,700778757,1
6808,567,4,R,700878760,700878757,3
6809,567,5,G,700978762,700978757,5
6810,567,6,E,701078763,701078757,6
6811,567,7,N,701178764,701178757,7
6812,567,8,L,701278765,701278757,8
6813,567,9,A,701378766,701378757,9
6814,567,10,N,701478767,701478757,10
6815,567,11,D,701578768,701578757,11
6816,568,0,F,701678769,701678769,0
6817,568,1,H,701778769,701778769,0
6818,568,2,B,701878770,701878769,1
6819,568,3,U,701978770,701978769,1
6820,568,4,R,702078771,702078769,2
6821,568,5,G,702178771,702178769,2
6822,568,6,E,702278772,702278769,3
6823,568,7,N,702378772,702378769,3
6824,568,8,L,702478774,702478769,5
6825,568,9,A,702578775,702578769,6
6826,568,10,N,702678775,702678769,6
6827,568,11,D,702778776,702778769,7
6828,569,0,F,702878777,702878777,0
6829,569,1,H,702978778,702978777,1
6830,569,2,B,703078778,703078777,1
6831,569,3,U,703178778,703178777,1
6832,569,4,R,703278780,703278777,3
6833,569,5,G,703378781,703378777,4
6834,569,6,E,703478781,703478777,4
6835,569,7,N,703578782,703578777,5
6836,569,8,L,703678784,703678777,7
6837,569,9,A,703778784,703778777,7
6838,569,10,N,703878786,703878777,9
6839,569,11,D,703978787,703978777,10
6840,570,0,F,704078788,704078788,0
6841,570,1,H,704178790,704178788,2
6842,570,2,B,704278791,704278788,3
6843,570,3,U,704378791,704378788,3
6844,570,4,R,704478792,704478788,4
6845,570,5,G,704578793,704578788,5
6846,570,6,E,704678794,704678788,6
6847,570,7,N,704778795,704778788,7
6848,570,8,L,704878797,704878788,9
6849,570,9,A,704978798,704978788,10
6850,570,10,N,705078798,705078788,10
6851,570,11,D,705178800,705178788,12
6852,571,0,F,705278802,705278802,0
6853,571,1,H,705378804,705378802,2
6854,571,2,B,705478805,705478802,3
6855,571,3,U,705578805,705578802,3
6856,571,4,R,705678806,705678802,4
6857,571,5,G,705778807,705778802,5
6858,571,6,E,705878809,705878802,7
6859,571,7,N,705978810,705978802,8
6860,571,8,L,706078811,706078802,9
6861,571,9,A,706178811,706178802,9
6862,571,10,N,706278812,706278802,10
6863,571,11,D,706378813,706378802,11
6864,572,0,F,706478813,706478813,0
6865,572,1,H,706578814,706578813,1
6866,572,2,B,706678815,706678813,2
6867,572,3,U,706778816,706778813,3
6868,572,4,R,706878817,706878813,4
6869,572,5,G,706978818,706978813,5
6870,572,6,E,707078818,707078813,5
6871,572,7,N,707178818,707178813,5
6872,572,8,L,707278819,707278813,6
6873,572,9,A,707378819,707378813,6
6874,572,10,N,707478819,707478813,6
6875,572,11,D,707578820,707578813,7
6876,573,0,F,707678821,707678821,0
6877,573,1,H,707778822,707778821,1
6878,573,2,B,707878823,707878821,2
6879,573,3,U,707978824,707978821,3
6880,573,4,R,708078826,708078821,5
6881,573,5,G,708178827,708178821,6
6882,573,6,E,708278827,708278821,6
6883,573,7,N,708378828,708378821,7
6884,573,8,L,708478829,708478821,8
6885,573,9,A,708578830,708578821,9
6886,573,10,N,708678831,708678821,10
6887,573,11,D,708778833,708778821,12
6888,574,0,F,708878834,708878834,0
6889,574,1,H,708978834,708978834,0
6890,574,2,B,709078834,709078834,0
6891,574,3,U,709178835,709178834,1
6892,574,4,R,709278837,709278834,3
6893,574,5,G,709378837,709378834,3
6894,574,6,E,709478838,709478834,4
6895,574,7,N,709578839,709578834,5
6896,574,8,L,709678840,709678834,6
6897,574,9,A,709778841,709778834,7
6898,574,10,N,709878841,709878834,7
6899,574,11,D,709978842,709978834,8
6900,575,0,F,710078842,710078842,0
6901,575,1,H,710178844,710178842,2
6902,575,2,B,710278845,710278842,3
6903,575,3,U,710378846,710378842,4
6904,575,4,R,710478847,710478842,5
6905,575,5,G,710578848,710578842,6
6906,575,6,E,710678848,710678842,6
6907,575,7,N,710778849,710778842,7
6908,575,8,L,710878850,710878842,8
6909,575,9,A,710978850,710978842,8
6910,575,10,N,711078851,711078842,9
6911,575,11,D,711178852,711178842,10
6912,576,0,F,711278853,711278853,0
6913,576,1,H,711378854,711378853,1
6914,576,2,B,711478855,711478853,2
6915,576,3,U,711578855,711578853,2
6916,576,4,R,711678856,711678853,3
6917,576,5,G,711778857,711778853,4
6918,576,6,E,711878857,711878853,4
6919,576,7,N,711978858,711978853,5
6920,576,8,L,712078859,712078853,6
6921,576,9,A,712178860,712178853,7
6922,576,10,N,712278862,712278853,9
6923,576,11,D,712378863,712378853,10
6924,577,0,F,712478864,712478864,0
6925,577,1,H,712578865,712578864,1
6926,577,2,B,712678865,712678864,1
6927,577,3,U,712778866,712778864,2
6928,577,4,R,712878867,712878864,3
6929,577,5,G,712978867,712978864,3
6930,577,6,E,713078868,713078864,4
6931,577,7,N,713178869,713178864,5
6932,577,8,L,713278870,713278864,6
6933,577,9,A,713378871,713378864,7
6934,577,10,N,713478873,713478864,9
6935,577,11,D,713578874,713578864,10
6936,578,0,F,713678876,713678876,0
6937,578,1,H,713778877,713778876,1
6938,578,2,B,713878877,713878876,1
6939,578,3,U,713978879,713978876,3
6940,578,4,R,714078880,714078876,4
6941,578,5,G,714178881,714178876,5
6942,578,6,E,714278882,714278876,6
6943,578,7,N,714378882,714378876,6
6944,578,8,L,714478883,714478876,7
6945,578,9,A,714578884,714578876,8
6946,578,10,N,714678885,714678876,9
6947,578,11,D,714778886,714778876,10
6948,579,0,F,714878887,714878887,0
6949,579,1,H,714978889,714978887,2
6950,579,2,B,715078890,715078887,3
6951,579,3,U,715178890,715178887,3
6952,579,4,R,715278891,715278887,4
6953,579,5,G,715378891,715378887,4
6954,579,6,E,715478892,715478887,5
6955,579,7,N,715578893,715578887,6
6956,579,8,L,715678894,715678887,7
6957,579,9,A,715778895,715778887,8
6958,579,10,N,715878897,715878887,10
6959,579,11,D,715978899,715978887,12
6960,580,0,F,716078900,716078900,0
6961,580,1,H,716178900,716178900,0
6962,580,2,B,716278902,716278900,2
6963,580,3,U,716378903,716378900,3
6964,580,4,R,716478905,716478900,5
6965,580,5,G,716578906,716578900,6
6966,580,6,E,716678907,716678900,7
6967,580,7,N,716778908,716778900,8
6968,580,8,L,716878909,716878900,9
6969,580,9,A,716978911,716978900,11
6970,580,10,N,717078911,717078900,11
6971,580,11,D,717178913,717178900,13
6972,581,0,F,717278914,717278914,0
6973,581,1,H,717378915,717378914,1
6974,581,2,B,717478916,717478914,2
6975,581,3,U,717578917,717578914,3
6976,581,4,R,717678918,717678914,4
6977,581,5,G,717778919,717778914,5
6978,581,6,E,717878920,717878914,6
6979,581,7,N,717978921,717978914,7
6980,581,8,L,718078922,718078914,8
6981,581,9,A,718178922,718178914,8
6982,581,10,N,718278923,718278914,9
6983,581,11,D,718378924,718378914,10
6984,582,0,F,718478925,718478925,0
6985,582,1,H,718578926,718578925,1
6986,582,2,B,718678927,718678925,2
6987,582,3,U,718778928,718778925,3
6988,582,4,R,718878928,718878925,3
6989,582,5,G,718978928,718978925,3
6990,582,6,E,719078929,719078925,4
6991,582,7,N,719178931,719178925,6
6992,582,8,L,719278932,719278925,7
6993,582,9,A,719378932,719378925,7
6994,582,10,N,719478933,719478925,8
6995,582,11,D,719578933,719578925,8
6996,583,0,F,719678934,719678934,0
6997,583,1,H,719778935,719778934,1
6998,583,2,B,719878936,719878934,2
6999,583,3,U,719978937,719978934,3
7000,583,4,R,720078938,720078934,4
7001,583,5,G,720178939,720178934,5
7002,583,6,E,720278941,720278934,7
7003,583,7,N,720378942,720378934,8
7004,583,8,L,720478943,720478934,9
7005,583,9,A,720578945,720578934,11
7006,583,10,N,720678946,720678934,12
7007,583,11,D,720778948,720778934,14
7008,584,0,F,720878949,720878949,0
7009,584,1,H,720978950,720978949,1
7010,584,2,B,721078951,721078949,2
7011,584,3,U,721178951,721178949,2
7012,584,4,R,721278953,721278949,4
7013,584,5,G,721378954,721378949,5
7014,584,6,E,721478955,721478949,6
7015,584,7,N,721578956,721578949,7
7016,584,8,L,721678958,721678949,9
7017,584,9,A,721778958,721778949,9
7018,584,10,N,721878960,721878949,11
7019,584,11,D,721978960,721978949,11
7020,585,0,F,722078961,722078961,0
7021,585,1,H,722178962,722178961,1
7022,585,2,B,722278963,722278961,2
7023,585,3,U,722378964,722378961,3
7024,585,4,R,722478965,722478961,4
7025,585,5,G,722578966,722578961,5
7026,585,6,E,722678967,722678961,6
7027,585,7,N,722778968,722778961,7
7028,585,8,L,722878969,722878961,8
7029,585,9,A,722978970,722978961,9
7030,585,10,N,723078971,723078961,10
7031,585,11,D,723178972,723178961,11
7032,586,0,F,723278973,723278973,0
7033,586,1,H,723378973,723378973,0
7034,586,2,B,723478975,723478973,2
7035,586,3,U,723578975,723578973,2
7036,586,4,R,723678976,723678973,3
7037,586,5,G,723778976,723778973,3
7038,586,6,E,723878977,723878973,4
7039,586,7,N,723978978,723978973,5
7040,586,8,L,724078979,724078973,6
7041,586,9,A,724178980,724178973,7
7042,586,10,N,724278982,724278973,9
7043,586,11,D,724378982,724378973,9
7044,587,0,F,724478983,724478983,0
7045,587,1,H,724578983,724578983,0
7046,587,2,B,724678984,724678983,1
7047,587,3,U,724778984,724778983,1
7048,587,4,R,724878984,724878983,1
7049,587,5,G,724978984,724978983,1
7050,587,6,E,725078985,725078983,2
7051,587,7,N,725178987,725178983,4
7052,587,8,L,725278989,725278983,6
7053,587,9,A,725378991,725378983,8
7054,587,10,N,725478992,725478983,9
7055,587,11,D,725578994,725578983,11
7056,588,0,F,725678996,725678996,0
7057,588,1,H,725778997,725778996,1
7058,588,2,B,725878999,725878996,3
7059,588,3,U,725979000,725978996,4
7060,588,4,R,726079000,726078996,4
7061,588,5,G,726179001,726178996,5
7062,588,6,E,726279002,726278996,6
7063,588,7,N,726379004,726378996,8
7064,588,8,L,726479005,726478996,9
7065,588,9,A,726579006,726578996,10
7066,588,10,N,726679007,726678996,11
7067,588,11,D,726779008,726778996,12
7068,589,0,F,726879009,726879009,0
7069,589,1,H,726979011,726979009,2
7070,589,2,B,727079012,727079009,3
7071,589,3,U,727179012,727179009,3
7072,589,4,R,727279013,727279009,4
7073,589,5,G,727379013,727379009,4
7074,589,6,E,727479014,727479009,5
7075,589,7,N,727579015,727579009,6
7076,589,8,L,727679016,727679009,7
7077,589,9,A,727779018,727779009,9
7078,589,10,N,727879019,727879009,10
7079,589,11,D,727979020,727979009,11
7080,590,0,F,728079021,728079021,0
7081,590,1,H,728179022,728179021,1
7082,590,2,B,728279023,728279021,2
7083,590,3,U,728379024,728379021,3
7084,590,4,R,728479024,728479021,3
7085,590,5,G,728579025,728579021,4
7086,590,6,E,728679026,728679021,5
7087,590,7,N,728779027,728779021,6
7088,590,8,L,728879028,728879021,7
7089,590,9,A,728979028,728979021,7
7090,590,10,N,729079029,729079021,8
7091,590,11,D,729179030,729179021,9
7092,591,0,F,729279031,729279031,0
7093,591,1,H,729379032,729379031,1
7094,591,2,B,729479033,729479031,2
7095,591,3,U,729579033,729579031,2
7096,591,4,R,729679034,729679031,3
7097,591,5,G,729779034,729779031,3
7098,591,6,E,729879035,729879031,4
7099,591,7,N,729979036,729979031,5
7100,591,8,L,730079038,730079031,7
7101,591,9,A,730179038,730179031,7
7102,591,10,N,730279039,730279031,8
7103,591,11,D,730379040,730379031,9
7104,592,0,F,730479041,730479041,0
7105,592,1,H,730579042,730579041,1
7106,592,2,B,730679043,730679041,2
7107,592,3,U,730779044,730779041,3
7108,592,4,R,730879045,730879041,4
7109,592,5,G,730979045,730979041,4
7110,592,6,E,731079045,731079041,4
7111,592,7,N,731179046,731179041,5
7112,592,8,L,731279047,731279041,6
7113,592,9,A,731379048,731379041,7
7114,592,10,N,731479049,731479041,8
7115,592,11,D,731579051,731579041,10
7116,593,0,F,731679052,731679052,0
7117,593,1,H,731779053,731779052,1
7118,593,2,B,731879054,731879052,2
7119,593,3,U,731979055,731979052,3
7120,593,4,R,732079056,732079052,4
7121,593,5,G,732179058,732179052,6
7122,593,6,E,732279059,732279052,7
7123,593,7,N,732379059,732379052,7
7124,593,8,L,732479060,732479052,8
7125,593,9,A,732579061,732579052,9
7126,593,10,N,732679063,732679052,11
7127,593,11,D,732779063,732779052,11
7128,594,0,F,732879064,732879064,0
7129,594,1,H,732979065,732979064,1
7130,594,2,B,733079066,733079064,2
7131,594,3,U,733179067,733179064,3
7132,594,4,R,733279067,733279064,3
7133,594,5,G,733379067,733379064,3
7134,594,6,E,733479068,733479064,4
7135,594,7,N,733579070,733579064,6
7136,594,8,L,733679071,733679064,7
7137,594,9,A,733779073,733779064,9
7138,594,10,N,733879074,733879064,10
7139,594,11,D,733979075,733979064,11
7140,595,0,F,734079077,734079077,0
7141,595,1,H,734179077,734179077,0
7142,595,2,B,734279078,734279077,1
7143,595,3,U,734379079,734379077,2
7144,595,4,R,734479079,734479077,2
7145,595,5,G,734579079,734579077,2
7146,595,6,E,734679080,734679077,3
7147,595,7,N,734779081,734779077,4
7148,595,8,L,734879081,734879077,4
7149,595,9,A,734979082,734979077,5
7150,595,10,N,735079083,735079077,6
7151,595,11,D,735179085,735179077,8
7152,596,0,F,735279086,735279086,0
7153,596,1,H,735379087,735379086,1
7154,596,2,B,735479088,735479086,2
7155,596,3,U,735579089,735579086,3
7156,596,4,R,735679089,735679086,3
7157,596,5,G,735779089,735779086,3
7158,596,6,E,735879090,735879086,4
7159,596,7,N,735979091,735979086,5
7160,596,8,L,736079092,736079086,6
7161,596,9,A,736179093,736179086,7
7162,596,10,N,736279094,736279086,8
7163,596,11,D,736379096,736379086,10
7164,597,0,F,736479097,736479097,0
7165,597,1,H,736579097,736579097,0
7166,597,2,B,736679097,736679097,0
7167,597,3,U,736779098,736779097,1
7168,597,4,R,736879099,736879097,2
7169,597,5,G,736979101,736979097,4
7170,597,6,E,737079101,737079097,4
7171,597,7,N,737179102,737179097,5
7172,597,8,L,737279103,737279097,6
7173,597,9,A,737379104,737379097,7
7174,597,10,N,737479104,737479097,7
7175,597,11,D,737579105,737579097,8
7176,598,0,F,737679106,737679106,0
7177,598,1,H,737779108,737779106,2
7178,598,2,B,737879109,737879106,3
7179,598,3,U,737979110,737979106,4
7180,598,4,R,738079111,738079106,5
7181,598,5,G,738179111,738179106,5
7182,598,6,E,738279112,738279106,6
7183,598,7,N,738379113,738379106,7
7184,598,8,L,738479114,738479106,8
7185,598,9,A,738579115,738579106,9
7186,598,10,N,738679116,738679106,10
7187,598,11,D,738779117,738779106,11
7188,599,0,F,738879117,738879117,0
7189,599,1,H,738979118,738979117,1
7190,599,2,B,739079119,739079117,2
7191,599,3,U,739179120,739179117,3
7192,599,4,R,739279121,739279117,4
7193,599,5,G,739379121,739379117,4
7194,599,6,E,739479122,739479117,5
7195,599,7,N,739579124,739579117,7
7196,599,8,L,739679124,739679117,7
7197,599,9,A,739779124,739779117,7
7198,599,10,N,739879125,739879117,8
7199,599,11,D,739979125,739979117,8
7200,600,0,F,740079126,740079126,0
7201,600,1,H,740179127,740179126,1
7202,600,2,B,740279128,740279126,2
7203,600,3,U,740379129,740379126,3
7204,600,4,R,740479130,740479126,4
7205,600,5,G,740579131,740579126,5
7206,600,6,E,740679132,740679126,6
7207,600,7,N,740779133,740779126,7
7208,600,8,L,740879134,740879126,8
7209,600,9,A,740979136,740979126,10
7210,600,10,N,741079137,741079126,11
7211,600,11,D,741179138,741179126,12
7212,601,0,F,741279139,741279139,0
7213,601,1,H,741379139,741379139,0
7214,601,2,B,741479139,741479139,0
7215,601,3,U,741579140,741579139,1
7216,601,4,R,741679141,741679139,2
7217,601,5,G,741779143,741779139,4
7218,601,6,E,741879145,741879139,6
7219,601,7,N,741979146,741979139,7
7220,601,8,L,742079146,742079139,7
7221,601,9,A,742179147,742179139,8
7222,601,10,N,742279148,742279139,9
7223,601,11,D,742379149,742379139,10
7224,602,0,F,742479150,742479150,0
7225,602,1,H,742579150,742579150,0
7226,602,2,B,742679151,742679150,1
7227,602,3,U,742779153,742779150,3
7228,602,4,R,742879154,742879150,4
7229,602,5,G,742979155,742979150,5
7230,602,6,E,743079157,743079150,7
7231,602,7,N,743179157,743179150,7
7232,602,8,L,743279159,743279150,9
7233,602,9,A,743379161,743379150,11
7234,602,10,N,743479162,743479150,12
7235,602,11,D,743579163,743579150,13
7236,603,0,F,743679164,743679164,0
7237,603,1,H,743779166,743779164,2
7238,603,2,B,743879167,743879164,3
7239,603,3,U,743979168,743979164,4
7240,603,4,R,744079168,744079164,4
7241,603,5,G,744179170,744179164,6
7242,603,6,E,744279171,744279164,7
7243,603,7,N,744379171,744379164,7
7244,603,8,L,744479173,744479164,9
7245,603,9,A,744579174,744579164,10
7246,603,10,N,744679175,744679164,11
7247,603,11,D,744779175,744779164,11
7248,604,0,F,744879176,744879176,0
7249,604,1,H,744979178,744979176,2
7250,604,2,B,745079178,745079176,2
7251,604,3,U,745179180,745179176,4
7252,604,4,R,745279181,745279176,5
7253,604,5,G,745379182,745379176,6
7254,604,6,E,745479183,745479176,7
7255,604,7,N,745579185,745579176,9
7256,604,8,L,745679186,745679176,10
7257,604,9,A,745779187,745779176,11
7258,604,10,N,745879189,745879176,13
7259,604,11,D,745979191,745979176,15
7260,605,0,F,746079193,746079193,0
7261,605,1,H,746179195,746179193,2
7262,605,2,B,746279196,746279193,3
7263,605,3,U,746379197,746379193,4
7264,605,4,R,746479197,746479193,4
7265,605,5,G,746579198,746579193,5
7266,605,6,E,746679199,746679193,6
7267,605,7,N,746779200,746779193,7
7268,605,8,L,746879200,746879193,7
7269,605,9,A,746979201,746979193,8
7270,605,10,N,747079202,747079193,9
7271,605,11,D,747179203,747179193,10
7272,606,0,F,747279204,747279204,0
7273,606,1,H,747379205,747379204,1
7274,606,2,B,747479206,747479204,2
7275,606,3,U,747579207,747579204,3
7276,606,4,R,747679208,747679204,4
7277,606,5,G,747779209,747779204,5
7278,606,6,E,747879210,747879204,6
7279,606,7,N,747979211,747979204,7
7280,606,8,L,748079212,748079204,8
7281,606,9,A,748179213,748179204,9
7282,606,10,N,748279215,748279204,11
7283,606,11,D,748379216,748379204,12
7284,607,0,F,748479217,748479217,0
7285,607,1,H,748579217,748579217,0
7286,607,2,B,748679219,748679217,2
7287,607,3,U,748779220,748779217,3
7288,607,4,R,748879221,748879217,4
7289,607,5,G,748979222,748979217,5
7290,607,6,E,749079224,749079217,7
7291,607,7,N,749179225,749179217,8
7292,607,8,L,749279226,749279217,9
7293,607,9,A,749379227,749379217,10
7294,607,10,N,749479228,749479217,11
7295,607,11,D,749579229,749579217,12
7296,608,0,F,749679230,749679230,0
7297,608,1,H,749779231,749779230,1
7298,608,2,B,749879232,749879230,2
7299,608,3,U,749979233,749979230,3
7300,608,4,R,750079233,750079230,3
7301,608,5,G,750179234,750179230,4
7302,608,6,E,750279235,750279230,5
7303,608,7,N,750379237,750379230,7
7304,608,8,L,750479238,750479230,8
7305,608,9,A,750579239,750579230,9
7306,608,10,N,750679241,750679230,11
7307,608,11,D,750779242,750779230,12
7308,609,0,F,750879243,750879243,0
7309,609,1,H,750979244,750979243,1
7310,609,2,B,751079245,751079243,2
7311,609,3,U,751179246,751179243,3
7312,609,4,R,751279247,751279243,4
7313,609,5,G,751379248,751379243,5
7314,609,6,E,751479248,751479243,5
7315,609,7,N,751579249,751579243,6
7316,609,8,L,751679250,751679243,7
7317,609,9,A,751779251,751779243,8
7318,609,10,N,751879252,751879243,9
7319,609,11,D,751979252,751979243,9
7320,610,0,F,752079253,752079253,0
7321,610,1,H,752179254,752179253,1
7322,610,2,B,752279255,752279253,2
7323,610,3,U,752379256,752379253,3
7324,610,4,R,752479257,752479253,4
7325,610,5,G,752579257,752579253,4
7326,610,6,E,752679257,752679253,4
7327,610,7,N,752779258,752779253,5
7328,610,8,L,752879259,752879253,6
7329,610,9,A,752979260,752979253,7
7330,610,10,N,753079261,753079253,8
7331,610,11,D,753179262,753179253,9
7332,611,0,F,753279264,753279264,0
7333,611,1,H,753379265,753379264,1
7334,611,2,B,753479265,753479264,1
7335,611,3,U,753579266,753579264,2
7336,611,4,R,753679267,753679264,3
7337,611,5,G,753779269,753779264,5
7338,611,6,E,753879269,753879264,5
7339,611,7,N,753979271,753979264,7
7340,611,8,L,754079272,754079264,8
7341,611,9,A,754179273,754179264,9
7342,611,10,N,754279274,754279264,10
7343,611,11,D,754379275,754379264,11
7344,612,0,F,754479276,754479276,0
7345,612,1,H,754579277,754579276,1
7346,612,2,B,754679279,754679276,3
7347,612,3,U,754779280,754779276,4
7348,612,4,R,754879280,754879276,4
7349,612,5,G,754979281,754979276,5
7350,612,6,E,755079282,755079276,6
7351,612,7,N,755179284,755179276,8
7352,612,8,L,755279286,755279276,10
7353,612,9,A,755379286,755379276,10
7354,612,10,N,755479286,755479276,10
7355,612,11,D,755579286,755579276,10
7356,613,0,F,755679287,755679287,0
7357,613,1,H,755779289,755779287,2
7358,613,2,B,755879290,755879287,3
7359,613,3,U,755979291,755979287,4
7360,613,4,R,756079292,756079287,5
7361,613,5,G,756179293,756179287,6
7362,613,6,E,756279294,756279287,7
7363,613,7,N,756379295,756379287,8
7364,613,8,L,756479295,756479287,8
7365,613,9,A,756579296,756579287,9
7366,613,10,N,756679297,756679287,10
7367,613,11,D,756779298,756779287,11
7368,614,0,F,756879299,756879299,0
7369,614,1,H,756979300,756979299,1
7370,614,2,B,757079301,757079299,2
7371,614,3,U,757179301,757179299,2
7372,614,4,R,757279302,757279299,3
7373,614,5,G,757379303,757379299,4
7374,614,6,E,757479304,757479299,5
7375,614,7,N,757579306,757579299,7
7376,614,8,L,757679307,757679299,8
7377,614,9,A,757779308,757779299,9
7378,614,10,N,757879308,757879299,9
7379,614,11,D,757979309,757979299,10
7380,615,0,F,758079309,758079309,0
7381,615,1,H,758179310,758179309,1
7382,615,2,B,758279311,758279309,2
7383,615,3,U,758379313,758379309,4
7384,615,4,R,758479313,758479309,4
7385,615,5,G,758579314,758579309,5
7386,615,6,E,758679316,758679309,7
7387,615,7,N,758779316,758779309,7
7388,615,8,L,758879317,758879309,8
7389,615,9,A,758979318,758979309,9
7390,615,10,N,759079319,759079309,10
7391,615,11,D,759179320,759179309,11
7392,616,0,F,759279322,759279322,0
7393,616,1,H,759379323,759379322,1
7394,616,2,B,759479323,759479322,1
7395,616,3,U,759579325,759579322,3
7396,616,4,R,759679326,759679322,4
7397,616,5,G,759779328,759779322,6
7398,616,6,E,759879328,759879322,6
7399,616,7,N,759979328,759979322,6
7400,616,8,L,760079329,760079322,7
7401,616,9,A,760179330,760179322,8
7402,616,10,N,760279331,760279322,9
7403,616,11,D,760379332,760379322,10
7404,617,0,F,760479332,760479332,0
7405,617,1,H,760579333,760579332,1
7406,617,2,B,760679333,760679332,1
7407,617,3,U,760779334,760779332,2
7408,617,4,R,760879334,760879332,2
7409,617,5,G,760979335,760979332,3
7410,617,6,E,761079335,761079332,3
7411,617,7,N,761179335,761179332,3
7412,617,8,L,761279336,761279332,4
7413,617,9,A,761379337,761379332,5
7414,617,10,N,761479338,761479332,6
7415,617,11,D,761579339,761579332,7
7416,618,0,F,761679340,761679340,0
7417,618,1,H,761779341,761779340,1
7418,618,2,B,761879342,761879340,2
7419,618,3,U,761979343,761979340,3
7420,618,4,R,762079345,762079340,5
7421,618,5,G,762179346,762179340,6
7422,618,6,E,762279348,762279340,8
7423,618,7,N,762379349,762379340,9
7424,618,8,L,762479350,762479340,10
7425,618,9,A,762579351,762579340,11
7426,618,10,N,762679351,762679340,11
7427,618,11,D,762779352,762779340,12
7428,619,0,F,762879353,762879353,0
7429,619,1,H,762979354,762979353,1
7430,619,2,B,763079355,763079353,2
7431,619,3,U,763179357,763179353,4
7432,619,4,R,763279358,763279353,5
7433,619,5,G,763379359,763379353,6
7434,619,6,E,763479361,763479353,8
7435,619,7,N,763579362,763579353,9
7436,619,8,L,763679363,763679353,10
7437,619,9,A,763779364,763779353,11
7438,619,10,N,763879365,763879353,12
7439,619,11,D,763979365,763979353,12
7440,620,0,F,764079367,764079367,0
7441,620,1,H,764179368,764179367,1
7442,620,2,B,764279369,764279367,2
7443,620,3,U,764379370,764379367,3
7444,620,4,R,764479371,764479367,4
7445,620,5,G,764579372,764579367,5
7446,620,6,E,764679372,764679367,5
7447,620,7,N,764779372,764779367,5
7448,620,8,L,764879372,764879367,5
7449,620,9,A,764979373,764979367,6
7450,620,10,N,765079374,765079367,7
7451,620,11,D,765179375,765179367,8
7452,621,0,F,765279376,765279376,0
7453,621,1,H,765379377,765379376,1
7454,621,2,B,765479378,765479376,2
7455,621,3,U,765579379,765579376,3
7456,621,4,R,765679380,765679376,4
7457,621,5,G,765779381,765779376,5
7458,621,6,E,765879381,765879376,5
7459,621,7,N,765979382,765979376,6
7460,621,8,L,766079383,766079376,7
7461,621,9,A,766179384,766179376,8
7462,621,10,N,766279385,766279376,9
7463,621,11,D,766379385,766379376,9
7464,622,0,F,766479386,766479386,0
7465,622,1,H,766579387,766579386,1
7466,622,2,B,766679389,766679386,3
7467,622,3,U,766779390,766779386,4
7468,622,4,R,766879390,766879386,4
7469,622,5,G,766979392,766979386,6
7470,622,6,E,767079394,767079386,8
7471,622,7,N,767179395,767179386,9
7472,622,8,L,767279397,767279386,11
7473,622,9,A,767379397,767379386,11
7474,622,10,N,767479398,767479386,12
7475,622,11,D,767579399,767579386,13
7476,623,0,F,767679401,767679401,0
7477,623,1,H,767779402,767779401,1
7478,623,2,B,767879403,767879401,2
7479,623,3,U,767979404,767979401,3
7480,623,4,R,768079405,768079401,4
7481,623,5,G,768179406,768179401,5
7482,623,6,E,768279408,768279401,7
7483,623,7,N,768379409,768379401,8
7484,623,8,L,768479410,768479401,9
7485,623,9,A,768579411,768579401,10
7486,623,10,N,768679412,768679401,11
7487,623,11,D,768779413,768779401,12
7488,624,0,F,768879414,768879414,0
7489,624,1,H,768979415,768979414,1
7490,624,2,B,769079415,769079414,1
7491,624,3,U,769179416,769179414,2
7492,624,4,R,769279417,769279414,3
7493,624,5,G,769379418,769379414,4
7494,624,6,E,769479419,769479414,5
7495,624,7,N,769579420,769579414,6
7496,624,8,L,769679421,769679414,7
7497,624,9,A,769779421,769779414,7
7498,624,10,N,769879422,769879414,8
7499,624,11,D,769979423,769979414,9
7500,625,0,F,770079424,770079424,0
7501,625,1,H,770179425,770179424,1
7502,625,2,B,770279426,770279424,2
7503,625,3,U,770379428,770379424,4
7504,625,4,R,770479429,770479424,5
7505,625,5,G,770579430,770579424,6
7506,625,6,E,770679431,770679424,7
7507,625,7,N,770779432,770779424,8
7508,625,8,L,770879433,770879424,9
7509,625,9,A,770979434,770979424,10
7510,625,10,N,771079434,771079424,10
7511,625,11,D,771179435,771179424,11
7512,626,0,F,771279436,771279436,0
7513,626,1,H,771379437,771379436,1
7514,626,2,B,771479437,771479436,1
7515,626,3,U,771579438,771579436,2
7516,626,4,R,771679439,771679436,3
7517,626,5,G,771779439,771779436,3
7518,626,6,E,771879439,771879436,3
7519,626,7,N,771979440,771979436,4
7520,626,8,L,772079441,772079436,5
7521,626,9,A,772179442,772179436,6
7522,626,10,N,772279444,772279436,8
7523,626,11,D,772379446,772379436,10
7524,627,0,F,772479447,772479447,0
7525,627,1,H,772579449,772579447,2
7526,627,2,B,772679450,772679447,3
7527,627,3,U,772779451,772779447,4
7528,627,4,R,772879452,772879447,5
7529,627,5,G,772979453,772979447,6
7530,627,6,E,773079453,773079447,6
7531,627,7,N,773179454,773179447,7
7532,627,8,L,773279454,773279447,7
7533,627,9,A,773379455,773379447,8
7534,627,10,N,773479456,773479447,9
7535,627,11,D,773579457,773579447,10
7536,628,0,F,773679458,773679458,0
7537,628,1,H,773779459,773779458,1
7538,628,2,B,773879460,773879458,2
7539,628,3,U,773979460,773979458,2
7540,628,4,R,774079461,774079458,3
7541,628,5,G,774179462,774179458,4
7542,628,6,E,774279463,774279458,5
7543,628,7,N,774379464,774379458,6
7544,628,8,L,774479465,774479458,7
7545,628,9,A,774579466,774579458,8
7546,628,10,N,774679468,774679458,10
7547,628,11,D,774779468,774779458,10
7548,629,0,F,774879470,774879470,0
7549,629,1,H,774979471,774979470,1
7550,629,2,B,775079472,775079470,2
7551,629,3,U,775179474,775179470,4
7552,629,4,R,775279475,775279470,5
7553,629,5,G,775379477,775379470,7
7554,629,6,E,775479478,775479470,8
7555,629,7,N,775579478,775579470,8
7556,629,8,L,775679479,775679470,9
7557,629,9,A,775779480,775779470,10
7558,629,10,N,775879481,775879470,11
7559,629,11,D,775979481,775979470,11
7560,630,0,F,776079482,776079482,0
7561,630,1,H,776179483,776179482,1
7562,630,2,B,776279484,776279482,2
7563,630,3,U,776379485,776379482,3
7564,630,4,R,776479485,776479482,3
7565,630,5,G,776579486,776579482,4
7566,630,6,E,776679487,776679482,5
7567,630,7,N,776779489,776779482,7
7568,630,8,L,776879491,776879482,9
7569,630,9,A,776979493,776979482,11
7570,630,10,N,777079494,777079482,12
7571,630,11,D,777179495,777179482,13
7572,631,0,F,777279497,777279497,0
7573,631,1,H,777379498,777379497,1
7574,631,2,B,777479500,777479497,3
7575,631,3,U,777579501,777579497,4
7576,631,4,R,777679501,777679497,4
7577,631,5,G,777779502,777779497,5
7578,631,6,E,777879503,777879497,6
7579,631,7,N,777979503,777979497,6
7580,631,8,L,778079504,778079497,7
7581,631,9,A,778179505,778179497,8
7582,631,10,N,778279507,778279497,10
7583,631,11,D,778379508,778379497,11
7584,632,0,F,778479509,778479509,0
7585,632,1,H,778579510,778579509,1
7586,632,2,B,778679511,778679509,2
7587,632,3,U,778779512,778779509,3
7588,632,4,R,778879512,778879509,3
7589,632,5,G,778979513,778979509,4
7590,632,6,E,779079515,779079509,6
7591,632,7,N,779179515,779179509,6
7592,632,8,L,779279517,779279509,8
7593,632,9,A,779379518,779379509,9
7594,632,10,N,779479520,779479509,11
7595,632,11,D,779579521,779579509,12
7596,633,0,F,779679522,779679522,0
7597,633,1,H,779779523,779779522,1
7598,633,2,B,779879524,779879522,2
7599,633,3,U,779979526,779979522,4
7600,633,4,R,780079527,780079522,5
7601,633,5,G,780179528,780179522,6
7602,633,6,E,780279529,780279522,7
7603,633,7,N,780379530,780379522,8
7604,633,8,L,780479531,780479522,9
7605,633,9,A,780579532,780579522,10
7606,633,10,N,780679533,780679522,11
7607,633,11,D,780779534,780779522,12
7608,634,0,F,780879535,780879535,0
7609,634,1,H,780979536,780979535,1
7610,634,2,B,781079537,781079535,2
7611,634,3,U,781179538,781179535,3
7612,634,4,R,781279539,781279535,4
7613,634,5,G,781379540,781379535,5
7614,634,6,E,781479541,781479535,6
7615,634,7,N,781579541,781579535,6
7616,634,8,L,781679542,781679535,7
7617,634,9,A,781779544,781779535,9
7618,634,10,N,781879544,781879535,9
7619,634,11,D,781979545,781979535,10
7620,635,0,F,782079545,782079545,0
7621,635,1,H,782179547,782179545,2
7622,635,2,B,782279548,782279545,3
7623,635,3,U,782379549,782379545,4
7624,635,4,R,782479550,782479545,5
7625,635,5,G,782579551,782579545,6
7626,635,6,E,782679552,782679545,7
7627,635,7,N,782779553,782779545,8
7628,635,8,L,782879553,782879545,8
7629,635,9,A,782979555,782979545,10
7630,635,10,N,783079556,783079545,11
7631,635,11,D,783179557,783179545,12
7632,636,0,F,783279558,783279558,0
7633,636,1,H,783379559,783379558,1
7634,636,2,B,783479560,783479558,2
7635,636,3,U,783579561,783579558,3
7636,636,4,R,783679562,783679558,4
7637,636,5,G,783779562,783779558,4
7638,636,6,E,783879563,783879558,5
7639,636,7,N,783979564,783979558,6
7640,636,8,L,784079565,784079558,7
7641,636,9,A,784179566,784179558,8
7642,636,10,N,784279567,784279558,9
7643,636,11,D,784379569,784379558,11
7644,637,0,F,784479570,784479570,0
7645,637,1,H,784579572,784579570,2
7646,637,2,B,784679573,784679570,3
7647,637,3,U,784779574,784779570,4
7648,637,4,R,784879574,784879570,4
7649,637,5,G,784979576,784979570,6
7650,637,6,E,785079576,785079570,6
7651,637,7,N,785179576,785179570,6
7652,637,8,L,785279578,785279570,8
7653,637,9,A,785379578,785379570,8
7654,637,10,N,785479579,785479570,9
7655,637,11,D,785579580,785579570,10
7656,638,0,F,785679581,785679581,0
7657,638,1,H,785779583,785779581,2
7658,638,2,B,785879584,785879581,3
7659,638,3,U,785979585,785979581,4
7660,638,4,R,786079585,786079581,4
7661,638,5,G,786179586,786179581,5
7662,638,6,E,786279587,786279581,6
7663,638,7,N,786379589,786379581,8
7664,638,8,L,786479589,786479581,8
7665,638,9,A,786579590,786579581,9
7666,638,10,N,786679591,786679581,10
7667,638,11,D,786779592,786779581,11
7668,639,0,F,786879593,786879593,0
7669,639,1,H,786979593,786979593,0
7670,639,2,B,787079595,787079593,2
7671,639,3,U,787179596,787179593,3
7672,639,4,R,787279596,787279593,3
7673,639,5,G,787379597,787379593,4
7674,639,6,E,787479599,787479593,6
7675,639,7,N,787579601,787579593,8
7676,639,8,L,787679602,787679593,9
7677,639,9,A,787779603,787779593,10
7678,639,10,N,787879604,787879593,11
7679,639,11,D,787979605,787979593,12
7680,640,0,F,788079606,788079606,0
7681,640,1,H,788179606,788179606,0
7682,640,2,B,788279607,788279606,1
7683,640,3,U,788379608,788379606,2
7684,640,4,R,788479609,788479606,3
7685,640,5,G,788579610,788579606,4
7686,640,6,E,788679611,788679606,5
7687,640,7,N,788779612,788779606,6
7688,640,8,L,788879614,788879606,8
7689,640,9,A,788979615,788979606,9
7690,640,10,N,789079615,789079606,9
7691,640,11,D,789179616,789179606,10
7692,641,0,F,789279618,789279618,0
7693,641,1,H,789379619,789379618,1
7694,641,2,B,789479619,789479618,1
7695,641,3,U,789579620,789579618,2
7696,641,4,R,789679620,789679618,2
7697,641,5,G,789779621,789779618,3
7698,641,6,E,789879621,789879618,3
7699,641,7,N,789979622,789979618,4
7700,641,8,L,790079623,790079618,5
7701,641,9,A,790179624,790179618,6
7702,641,10,N,790279625,790279618,7
7703,641,11,D,790379627,790379618,9
7704,642,0,F,790479628,790479628,0
7705,642,1,H,790579628,790579628,0
7706,642,2,B,790679629,790679628,1
7707,642,3,U,790779630,790779628,2
7708,642,4,R,790879630,790879628,2
7709,642,5,G,790979631,790979628,3
7710,642,6,E,791079632,791079628,4
7711,642,7,N,791179634,791179628,6
7712,642,8,L,791279635,791279628,7
7713,642,9,A,791379635,791379628,7
7714,642,10,N,791479637,791479628,9
7715,642,11,D,791579638,791579628,10
7716,643,0,F,791679638,791679638,0
7717,643,1,H,791779638,791779638,0
7718,643,2,B,791879638,791879638,0
7719,643,3,U,791979640,791979638,2
7720,643,4,R,792079641,792079638,3
7721,643,5,G,792179642,792179638,4
7722,643,6,E,792279643,792279638,5
7723,643,7,N,792379644,792379638,6
7724,643,8,L,792479645,792479638,7
7725,643,9,A,792579646,792579638,8
7726,643,10,N,792679647,792679638,9
7727,643,11,D,792779648,792779638,10
7728,644,0,F,792879648,792879648,0
7729,644,1,H,792979649,792979648,1
7730,644,2,B,793079649,793079648,1
7731,644,3,U,793179650,793179648,2
7732,644,4,R,793279651,793279648,3
7733,644,5,G,793379652,793379648,4
7734,644,6,E,793479652,793479648,4
7735,644,7,N,793579652,793579648,4
7736,644,8,L,793679653,793679648,5
7737,644,9,A,793779654,793779648,6
7738,644,10,N,793879656,793879648,8
7739,644,11,D,793979657,793979648,9
7740,645,0,F,794079658,794079658,0
7741,645,1,H,794179658,794179658,0
7742,645,2,B,794279659,794279658,1
7743,645,3,U,794379660,794379658,2
7744,645,4,R,794479661,794479658,3
7745,645,5,G,794579662,794579658,4
7746,645,6,E,794679663,794679658,5
7747,645,7,N,794779663,794779658,5
7748,645,8,L,794879664,794879658,6
7749,645,9,A,794979665,794979658,7
7750,645,10,N,795079666,795079658,8
7751,645,11,D,795179666,795179658,8
7752,646,0,F,795279667,795279667,0
7753,646,1,H,795379667,795379667,0
7754,646,2,B,795479668,795479667,1
7755,646,3,U,795579668,795579667,1
7756,646,4,R,795679669,795679667,2
7757,646,5,G,795779670,795779667,3
7758,646,6,E,795879671,795879667,4
7759,646,7,N,795979672,795979667,5
7760,646,8,L,796079674,796079667,7
7761,646,9,A,796179675,796179667,8
7762,646,10,N,796279676,796279667,9
7763,646,11,D,796379678,796379667,11
7764,647,0,F,796479678,796479678,0
7765,647,1,H,796579679,796579678,1
7766,647,2,B,796679680,796679678,2
7767,647,3,U,796779682,796779678,4
7768,647,4,R,796879683,796879678,5
7769,647,5,G,796979683,796979678,5
7770,647,6,E,797079683,797079678,5
7771,647,7,N,797179684,797179678,6
7772,647,8,L,797279685,797279678,7
7773,647,9,A,797379686,797379678,8
7774,647,10,N,797479688,797479678,10
7775,647,11,D,797579688,797579678,10
7776,648,0,F,797679688,797679688,0
7777,648,1,H,797779689,797779688,1
7778,648,2,B,797879690,797879688,2
7779,648,3,U,797979691,797979688,3
7780,648,4,R,798079693,798079688,5
7781,648,5,G,798179695,798179688,7
7782,648,6,E,798279696,798279688,8
7783,648,7,N,798379698,798379688,10
7784,648,8,L,798479698,798479688,10
7785,648,9,A,798579699,798579688,11
7786,648,10,N,798679700,798679688,12
7787,648,11,D,798779701,798779688,13
7788,649,0,F,798879703,798879703,0
7789,649,1,H,798979704,798979703,1
7790,649,2,B,799079705,799079703,2
7791,649,3,U,799179706,799179703,3
7792,649,4,R,799279708,799279703,5
7793,649,5,G,799379710,799379703,7
7794,649,6,E,799479711,799479703,8
7795,649,7,N,799579712,799579703,9
7796,649,8,L,799679713,799679703,10
7797,649,9,A,799779714,799779703,11
7798,649,10,N,799879715,799879703,12
7799,649,11,D,799979716,799979703,13
7800,650,0,F,800079717,800079717,0
7801,650,1,H,800179718,800179717,1
7802,650,2,B,800279719,800279717,2
7803,650,3,U,800379720,800379717,3
7804,650,4,R,800479721,800479717,4
7805,650,5,G,800579722,800579717,5
7806,650,6,E,800679723,800679717,6
7807,650,7,N,800779724,800779717,7
7808,650,8,L,800879726,800879717,9
7809,650,9,A,800979727,800979717,10
7810,650,10,N,801079728,801079717,11
7811,650,11,D,801179729,801179717,12
7812,651,0,F,801279731,801279731,0
7813,651,1,H,801379732,801379731,1
7814,651,2,B,801479733,801479731,2
7815,651,3,U,801579734,801579731,3
7816,651,4,R,801679735,801679731,4
7817,651,5,G,801779736,801779731,5
7818,651,6,E,801879737,801879731,6
7819,651,7,N,801979738,801979731,7
7820,651,8,L,802079739,802079731,8
7821,651,9,A,802179739,802179731,8
7822,651,10,N,802279740,802279731,9
7823,651,11,D,802379740,802379731,9
7824,652,0,F,802479741,802479741,0
7825,652,1,H,802579742,802579741,1
7826,652,2,B,802679743,802679741,2
7827,652,3,U,802779744,802779741,3
7828,652,4,R,802879745,802879741,4
7829,652,5,G,802979746,802979741,5
7830,652,6,E,803079747,803079741,6
7831,652,7,N,803179748,803179741,7
7832,652,8,L,803279749,803279741,8
7833,652,9,A,803379750,803379741,9
7834,652,10,N,803479752,803479741,11
7835,652,11,D,803579753,803579741,12
7836,653,0,F,803679753,803679753,0
7837,653,1,H,803779755,803779753,2
7838,653,2,B,803879756,803879753,3
7839,653,3,U,803979757,803979753,4
7840,653,4,R,804079758,804079753,5
7841,653,5,G,804179759,804179753,6
7842,653,6,E,804279760,804279753,7
7843,653,7,N,804379761,804379753,8
7844,653,8,L,804479762,804479753,9
7845,653,9,A,804579763,804579753,10
7846,653,10,N,804679765,804679753,12
7847,653,11,D,804779765,804779753,12
7848,654,0,F,804879767,804879767,0
7849,654,1,H,804979767,804979767,0
7850,654,2,B,805079768,805079767,1
7851,654,3,U,805179769,805179767,2
7852,654,4,R,805279770,805279767,3
7853,654,5,G,805379771,805379767,4
7854,654,6,E,805479771,805479767,4
7855,654,7,N,805579772,805579767,5
7856,654,8,L,805679772,805679767,5
7857,654,9,A,805779773,805779767,6
7858,654,10,N,805879774,805879767,7
7859,654,11,D,805979775,805979767,8
7860,655,0,F,806079776,806079776,0
7861,655,1,H,806179777,806179776,1
7862,655,2,B,806279778,806279776,2
7863,655,3,U,806379779,806379776,3
7864,655,4,R,806479780,806479776,4
7865,655,5,G,806579782,806579776,6
7866,655,6,E,806679783,806679776,7
7867,655,7,N,806779785,806779776,9
7868,655,8,L,806879787,806879776,11
7869,655,9,A,806979788,806979776,12
7870,655,10,N,807079788,807079776,12
7871,655,11,D,807179789,807179776,13
7872,656,0,F,807279790,807279790,0
7873,656,1,H,807379791,807379790,1
7874,656,2,B,807479791,807479790,1
7875,656,3,U,807579792,807579790,2
7876,656,4,R,807679792,807679790,2
7877,656,5,G,807779792,807779790,2
7878,656,6,E,807879793,807879790,3
7879,656,7,N,807979794,807979790,4
7880,656,8,L,808079795,808079790,5
7881,656,9,A,808179795,808179790,5
7882,656,10,N,808279796,808279790,6
7883,656,11,D,808379797,808379790,7
7884,657,0,F,808479799,808479799,0
7885,657,1,H,808579799,808579799,0
7886,657,2,B,808679800,808679799,1
7887,657,3,U,808779801,808779799,2
7888,657,4,R,808879802,808879799,3
7889,657,5,G,808979804,808979799,5
7890,657,6,E,809079805,809079799,6
7891,657,7,N,809179806,809179799,7
7892,657,8,L,809279807,809279799,8
7893,657,9,A,809379807,809379799,8
7894,657,10,N,809479808,809479799,9
7895,657,11,D,809579809,809579799,10
7896,658,0,F,809679810,809679810,0
7897,658,1,H,809779811,809779810,1
7898,658,2,B,809879812,809879810,2
7899,658,3,U,809979812,809979810,2
7900,658,4,R,810079813,810079810,3
7901,658,5,G,810179814,810179810,4
7902,658,6,E,810279816,810279810,6
7903,658,7,N,810379817,810379810,7
7904,658,8,L,810479818,810479810,8
7905,658,9,A,810579819,810579810,9
7906,658,10,N,810679819,810679810,9
7907,658,11,D,810779820,810779810,10
7908,659,0,F,810879821,810879821,0
7909,659,1,H,810979823,810979821,2
7910,659,2,B,811079823,811079821,2
7911,659,3,U,811179824,811179821,3
7912,659,4,R,811279825,811279821,4
7913,659,5,G,811379826,811379821,5
7914,659,6,E,811479826,811479821,5
7915,659,7,N,811579826,811579821,5
7916,659,8,L,811679828,811679821,7
7917,659,9,A,811779829,811779821,8
7918,659,10,N,811879830,811879821,9
7919,659,11,D,811979831,811979821,10
7920,660,0,F,812079832,812079832,0
7921,660,1,H,812179833,812179832,1
7922,660,2,B,812279834,812279832,2
7923,660,3,U,812379835,812379832,3
7924,660,4,R,812479836,812479832,4
7925,660,5,G,812579837,812579832,5
7926,660,6,E,812679838,812679832,6
7927,660,7,N,812779840,812779832,8
7928,660,8,L,812879841,812879832,9
7929,660,9,A,812979843,812979832,11
7930,660,10,N,813079844,813079832,12
7931,660,11,D,813179845,813179832,13
7932,661,0,F,813279846,813279846,0
7933,661,1,H,813379846,813379846,0
7934,661,2,B,813479847,813479846,1
7935,661,3,U,813579848,813579846,2
7936,661,4,R,813679849,813679846,3
7937,661,5,G,813779850,813779846,4
7938,661,6,E,813879850,813879846,4
7939,661,7,N,813979851,813979846,5
7940,661,8,L,814079852,814079846,6
7941,661,9,A,814179853,814179846,7
7942,661,10,N,814279854,814279846,8
7943,661,11,D,814379855,814379846,9
7944,662,0,F,814479855,814479855,0
7945,662,1,H,814579856,814579855,1
7946,662,2,B,814679857,814679855,2
7947,662,3,U,814779859,814779855,4
7948,662,4,R,814879861,814879855,6
7949,662,5,G,814979863,814979855,8
7950,662,6,E,815079864,815079855,9
7951,662,7,N,815179864,815179855,9
7952,662,8,L,815279865,815279855,10
7953,662,9,A,815379866,815379855,11
7954,662,10,N,815479867,815479855,12
7955,662,11,D,815579868,815579855,13
7956,663,0,F,815679869,815679869,0
7957,663,1,H,815779869,815779869,0
7958,663,2,B,815879870,815879869,1
7959,663,3,U,815979871,815979869,2
7960,663,4,R,816079871,816079869,2
7961,663,5,G,816179872,816179869,3
7962,663,6,E,816279873,816279869,4
7963,663,7,N,816379874,816379869,5
7964,663,8,L,816479875,816479869,6
7965,663,9,A,816579876,816579869,7
7966,663,10,N,816679877,816679869,8
7967,663,11,D,816779877,816779869,8
7968,664,0,F,816879878,816879878,0
7969,664,1,H,816979880,816979878,2
7970,664,2,B,817079880,817079878,2
7971,664,3,U,817179882,817179878,4
7972,664,4,R,817279883,817279878,5
7973,664,5,G,817379883,817379878,5
7974,664,6,E,817479884,817479878,6
7975,664,7,N,817579885,817579878,7
7976,664,8,L,817679887,817679878,9
7977,664,9,A,817779888,817779878,10
7978,664,10,N,817879889,817879878,11
7979,664,11,D,817979890,817979878,12
7980,665,0,F,818079890,818079890,0
7981,665,1,H,818179890,818179890,0
7982,665,2,B,818279891,818279890,1
7983,665,3,U,818379892,818379890,2
7984,665,4,R,818479893,818479890,3
7985,665,5,G,818579895,818579890,5
7986,665,6,E,818679896,818679890,6
7987,665,7,N,818779897,818779890,7
7988,665,8,L,818879898,818879890,8
7989,665,9,A,818979899,818979890,9
7990,665,10,N,819079900,819079890,10
7991,665,11,D,819179901,819179890,11
7992,666,0,F,819279902,819279902,0
7993,666,1,H,819379903,819379902,1
7994,666,2,B,819479904,819479902,2
7995,666,3,U,819579906,819579902,4
7996,666,4,R,819679907,819679902,5
7997,666,5,G,819779908,819779902,6
7998,666,6,E,819879910,819879902,8
7999,666,7,N,819979911,819979902,9
8000,666,8,L,820079913,820079902,11
8001,666,9,A,820179913,820179902,11
8002,666,10,N,820279915,820279902,13
8003,666,11,D,820379916,820379902,14
8004,667,0,F,820479916,820479916,0
8005,667,1,H,820579917,820579916,1
8006,667,2,B,820679918,820679916,2
8007,667,3,U,820779918,820779916,2
8008,667,4,R,820879919,820879916,3
8009,667,5,G,820979920,820979916,4
8010,667,6,E,821079921,821079916,5
8011,667,7,N,821179923,821179916,7
8012,667,8,L,821279925,821279916,9
8013,667,9,A,821379926,821379916,10
8014,667,10,N,821479927,821479916,11
8015,667,11,D,821579927,821579916,11
8016,668,0,F,821679928,821679928,0
8017,668,1,H,821779929,821779928,1
8018,668,2,B,821879930,821879928,2
8019,668,3,U,821979932,821979928,4
8020,668,4,R,822079932,822079928,4
8021,668,5,G,822179933,822179928,5
8022,668,6,E,822279935,822279928,7
8023,668,7,N,822379936,822379928,8
8024,668,8,L,822479936,822479928,8
8025,668,9,A,822579937,822579928,9
8026,668,10,N,822679938,822679928,10
8027,668,11,D,822779939,822779928,11
8028,669,0,F,822879940,822879940,0
8029,669,1,H,822979941,822979940,1
8030,669,2,B,823079942,823079940,2
8031,669,3,U,823179944,823179940,4
8032,669,4,R,823279946,823279940,6
8033,669,5,G,823379946,823379940,6
8034,669,6,E,823479948,823479940,8
8035,669,7,N,823579948,823579940,8
8036,669,8,L,823679949,823679940,9
8037,669,9,A,823779950,823779940,10
8038,669,10,N,823879951,823879940,11
8039,669,11,D,823979952,823979940,12
8040,670,0,F,824079953,824079953,0
8041,670,1,H,824179954,824179953,1
8042,670,2,B,824279956,824279953,3
8043,670,3,U,824379956,824379953,3
8044,670,4,R,824479957,824479953,4
8045,670,5,G,824579958,824579953,5
8046,670,6,E,824679959,824679953,6
8047,670,7,N,824779960,824779953,7
8048,670,8,L,824879960,824879953,7
8049,670,9,A,824979961,824979953,8
8050,670,10,N,825079962,825079953,9
8051,670,11,D,825179962,825179953,9
8052,671,0,F,825279964,825279964,0
8053,671,1,H,825379965,825379964,1
8054,671,2,B,825479965,825479964,1
8055,671,3,U,825579965,825579964,1
8056,671,4,R,825679966,825679964,2
8057,671,5,G,825779967,825779964,3
8058,671,6,E,825879967,825879964,3
8059,671,7,N,825979969,825979964,5
8060,671,8,L,826079970,826079964,6
8061,671,9,A,826179971,826179964,7
8062,671,10,N,826279972,826279964,8
8063,671,11,D,826379972,826379964,8
8064,672,0,F,826479973,826479973,0
8065,672,1,H,826579974,826579973,1
8066,672,2,B,826679975,826679973,2
8067,672,3,U,826779976,826779973,3
8068,672,4,R,826879976,826879973,3
8069,672,5,G,826979977,826979973,4
8070,672,6,E,827079977,827079973,4
8071,672,7,N,827179978,827179973,5
8072,672,8,L,827279979,827279973,6
8073,672,9,A,827379980,827379973,7
8074,672,10,N,827479981,827479973,8
8075,672,11,D,827579982,827579973,9
8076,673,0,F,827679983,827679983,0
8077,673,1,H,827779985,827779983,2
8078,673,2,B,827879985,827879983,2
8079,673,3,U,827979985,827979983,2
8080,673,4,R,828079985,828079983,2
8081,673,5,G,828179986,828179983,3
8082,673,6,E,828279988,828279983,5
8083,673,7,N,828379989,828379983,6
8084,673,8,L,828479989,828479983,6
8085,673,9,A,828579990,828579983,7
8086,673,10,N,828679991,828679983,8
8087,673,11,D,828779992,828779983,9
8088,674,0,F,828879992,828879992,0
8089,674,1,H,828979993,828979992,1
8090,674,2,B,829079995,829079992,3
8091,674,3,U,829179995,829179992,3
8092,674,4,R,829279996,829279992,4
8093,674,5,G,829379997,829379992,5
8094,674,6,E,829479998,829479992,6
8095,674,7,N,829579999,829579992,7
8096,674,8,L,829680000,829679992,8
8097,674,9,A,829780002,829779992,10
8098,674,10,N,829880004,829879992,12
8099,674,11,D,829980005,829979992,13
8100,675,0,F,830080006,830080006,0
8101,675,1,H,830180006,830180006,0
8102,675,2,B,830280007,830280006,1
8103,675,3,U,830380008,830380006,2
8104,675,4,R,830480008,830480006,2
8105,675,5,G,830580009,830580006,3
8106,675,6,E,830680010,830680006,4
8107,675,7,N,830780010,830780006,4
8108,675,8,L,830880011,830880006,5
8109,675,9,A,830980012,830980006,6
8110,675,10,N,831080013,831080006,7
8111,675,11,D,831180014,831180006,8
8112,676,0,F,831280015,831280015,0
8113,676,1,H,831380016,831380015,1
8114,676,2,B,831480017,831480015,2
8115,676,3,U,831580018,831580015,3
8116,676,4,R,831680019,831680015,4
8117,676,5,G,831780020,831780015,5
8118,676,6,E,831880021,831880015,6
8119,676,7,N,831980022,831980015,7
8120,676,8,L,832080023,832080015,8
8121,676,9,A,832180024,832180015,9
8122,676,10,N,832280025,832280015,10
8123,676,11,D,832380025,832380015,10
8124,677,0,F,832480025,832480025,0
8125,677,1,H,832580026,832580025,1
8126,677,2,B,832680027,832680025,2
8127,677,3,U,832780028,832780025,3
8128,677,4,R,832880029,832880025,4
8129,677,5,G,832980030,832980025,5
8130,677,6,E,833080031,833080025,6
8131,677,7,N,833180032,833180025,7
8132,677,8,L,833280033,833280025,8
8133,677,9,A,833380034,833380025,9
8134,677,10,N,833480034,833480025,9
8135,677,11,D,833580035,833580025,10
8136,678,0,F,833680037,833680037,0
8137,678,1,H,833780038,833780037,1
8138,678,2,B,833880038,833880037,1
8139,678,3,U,833980039,833980037,2
8140,678,4,R,834080040,834080037,3
8141,678,5,G,834180041,834180037,4
8142,678,6,E,834280042,834280037,5
8143,678,7,N,834380042,834380037,5
8144,678,8,L,834480044,834480037,7
8145,678,9,A,834580044,834580037,7
8146,678,10,N,834680045,834680037,8
8147,678,11,D,834780046,834780037,9
8148,679,0,F,834880047,834880047,0
8149,679,1,H,834980049,834980047,2
8150,679,2,B,835080051,835080047,4
8151,679,3,U,835180052,835180047,5
8152,679,4,R,835280053,835280047,6
8153,679,5,G,835380054,835380047,7
8154,679,6,E,835480054,835480047,7
8155,679,7,N,835580056,835580047,9
8156,679,8,L,835680057,835680047,10
8157,679,9,A,835780058,835780047,11
8158,679,10,N,835880059,835880047,12
8159,679,11,D,835980061,835980047,14
8160,680,0,F,836080062,836080062,0
8161,680,1,H,836180063,836180062,1
8162,680,2,B,836280064,836280062,2
8163,680,3,U,836380065,836380062,3
8164,680,4,R,836480067,836480062,5
8165,680,5,G,836580069,836580062,7
8166,680,6,E,836680070,836680062,8
8167,680,7,N,836780071,836780062,9
8168,680,8,L,836880072,836880062,10
8169,680,9,A,836980073,836980062,11
8170,680,10,N,837080074,837080062,12
8171,680,11,D,837180075,837180062,13
8172,681,0,F,837280076,837280076,0
8173,681,1,H,837380077,837380076,1
8174,681,2,B,837480078,837480076,2
8175,681,3,U,837580078,837580076,2
8176,681,4,R,837680079,837680076,3
8177,681,5,G,837780080,837780076,4
8178,681,6,E,837880082,837880076,6
8179,681,7,N,837980082,837980076,6
8180,681,8,L,838080083,838080076,7
8181,681,9,A,838180085,838180076,9
8182,681,10,N,838280086,838280076,10
8183,681,11,D,838380087,838380076,11
8184,682,0,F,838480088,838480088,0
8185,682,1,H,838580089,838580088,1
8186,682,2,B,838680090,838680088,2
8187,682,3,U,838780091,838780088,3
8188,682,4,R,838880092,838880088,4
8189,682,5,G,838980092,838980088,4
8190,682,6,E,839080093,839080088,5
8191,682,7,N,839180094,839180088,6
8192,682,8,L,839280095,839280088,7
8193,682,9,A,839380096,839380088,8
8194,682,10,N,839480096,839480088,8
8195,682,11,D,839580097,839580088,9
8196,683,0,F,839680098,839680098,0
8197,683,1,H,839780099,839780098,1
8198,683,2,B,839880100,839880098,2
8199,683,3,U,839980102,839980098,4
8200,683,4,R,840080103,840080098,5
8201,683,5,G,840180104,840180098,6
8202,683,6,E,840280105,840280098,7
8203,683,7,N,840380106,840380098,8
8204,683,8,L,840480107,840480098,9
8205,683,9,A,840580107,840580098,9
8206,683,10,N,840680107,840680098,9
8207,683,11,D,840780109,840780098,11
8208,684,0,F,840880110,840880110,0
8209,684,1,H,840980110,840980110,0
8210,684,2,B,841080111,841080110,1
8211,684,3,U,841180111,841180110,1
8212,684,4,R,841280113,841280110,3
8213,684,5,G,841380114,841380110,4
8214,684,6,E,841480114,841480110,4
8215,684,7,N,841580115,841580110,5
8216,684,8,L,841680116,841680110,6
8217,684,9,A,841780116,841780110,6
8218,684,10,N,841880116,841880110,6
8219,684,11,D,841980117,841980110,7
8220,685,0,F,842080117,842080117,0
8221,685,1,H,842180118,842180117,1
8222,685,2,B,842280119,842280117,2
8223,685,3,U,842380119,842380117,2
8224,685,4,R,842480120,842480117,3
8225,685,5,G,842580120,842580117,3
8226,685,6,E,842680121,842680117,4
8227,685,7,N,842780121,842780117,4
8228,685,8,L,842880121,842880117,4
8229,685,9,A,842980122,842980117,5
8230,685,10,N,843080123,843080117,6
8231,685,11,D,843180124,843180117,7
8232,686,0,F,843280126,843280126,0
8233,686,1,H,843380127,843380126,1
8234,686,2,B,843480128,843480126,2
8235,686,3,U,843580129,843580126,3
8236,686,4,R,843680129,843680126,3
8237,686,5,G,843780130,843780126,4
8238,686,6,E,843880131,843880126,5
8239,686,7,N,843980132,843980126,6
8240,686,8,L,844080132,844080126,6
8241,686,9,A,844180133,844180126,7
8242,686,10,N,844280134,844280126,8
8243,686,11,D,844380135,844380126,9
8244,687,0,F,844480136,844480136,0
8245,687,1,H,844580137,844580136,1
8246,687,2,B,844680138,844680136,2
8247,687,3,U,844780138,844780136,2
8248,687,4,R,844880139,844880136,3
8249,687,5,G,844980141,844980136,5
8250,687,6,E,845080142,845080136,6
8251,687,7,N,845180143,845180136,7
8252,687,8,L,845280144,845280136,8
8253,687,9,A,845380145,845380136,9
8254,687,10,N,845480146,845480136,10
8255,687,11,D,845580147,845580136,11
8256,688,0,F,845680147,845680147,0
8257,688,1,H,845780148,845780147,1
8258,688,2,B,845880149,845880147,2
8259,688,3,U,845980150,845980147,3
8260,688,4,R,846080151,846080147,4
8261,688,5,G,846180151,846180147,4
8262,688,6,E,846280153,846280147,6
8263,688,7,N,846380153,846380147,6
8264,688,8,L,846480154,846480147,7
8265,688,9,A,846580155,846580147,8
8266,688,10,N,846680156,846680147,9
8267,688,11,D,846780158,846780147,11
8268,689,0,F,846880159,846880159,0
8269,689,1,H,846980161,846980159,2
8270,689,2,B,847080162,847080159,3
8271,689,3,U,847180163,847180159,4
8272,689,4,R,847280164,847280159,5
8273,689,5,G,847380164,847380159,5
8274,689,6,E,847480165,847480159,6
8275,689,7,N,847580166,847580159,7
8276,689,8,L,847680168,847680159,9
8277,689,9,A,847780168,847780159,9
8278,689,10,N,847880168,847880159,9
8279,689,11,D,847980169,847980159,10
8280,690,0,F,848080169,848080169,0
8281,690,1,H,848180170,848180169,1
8282,690,2,B,848280171,848280169,2
8283,690,3,U,848380171,848380169,2
8284,690,4,R,848480173,848480169,4
8285,690,5,G,848580173,848580169,4
8286,690,6,E,848680174,848680169,5
8287,690,7,N,848780176,848780169,7
8288,690,8,L,848880178,848880169,9
8289,690,9,A,848980178,848980169,9
8290,690,10,N,849080179,849080169,10
8291,690,11,D,849180179,849180169,10
8292,691,0,F,849280180,849280180,0
8293,691,1,H,849380180,849380180,0
8294,691,2,B,849480181,849480180,1
8295,691,3,U,849580182,849580180,2
8296,691,4,R,849680183,849680180,3
8297,691,5,G,849780184,849780180,4
8298,691,6,E,849880185,849880180,5
8299,691,7,N,849980187,849980180,7
8300,691,8,L,850080189,850080180,9
8301,691,9,A,850180190,850180180,10
8302,691,10,N,850280191,850280180,11
8303,691,11,D,850380192,850380180,12
8304,692,0,F,850480192,850480192,0
8305,692,1,H,850580193,850580192,1
8306,692,2,B,850680194,850680192,2
8307,692,3,U,850780195,850780192,3
8308,692,4,R,850880196,850880192,4
8309,692,5,G,850980197,850980192,5
8310,692,6,E,851080198,851080192,6
8311,692,7,N,851180200,851180192,8
8312,692,8,L,851280202,851280192,10
8313,692,9,A,851380203,851380192,11
8314,692,10,N,851480204,851480192,12
8315,692,11,D,851580205,851580192,13
8316,693,0,F,851680206,851680206,0
8317,693,1,H,851780207,851780206,1
8318,693,2,B,851880209,851880206,3
8319,693,3,U,851980210,851980206,4
8320,693,4,R,852080212,852080206,6
8321,693,5,G,852180212,852180206,6
8322,693,6,E,852280214,852280206,8
8323,693,7,N,852380215,852380206,9
8324,693,8,L,852480216,852480206,10
8325,693,9,A,852580217,852580206,11
8326,693,10,N,852680219,852680206,13
8327,693,11,D,852780220,852780206,14
8328,694,0,F,852880220,852880220,0
8329,694,1,H,852980222,852980220,2
8330,694,2,B,853080223,853080220,3
8331,694,3,U,853180224,853180220,4
8332,694,4,R,853280225,853280220,5
8333,694,5,G,853380225,853380220,5
8334,694,6,E,853480227,853480220,7
8335,694,7,N,853580229,853580220,9
8336,694,8,L,853680230,853680220,10
8337,694,9,A,853780231,853780220,11
8338,694,10,N,853880232,853880220,12
8339,694,11,D,853980233,853980220,13
8340,695,0,F,854080234,854080234,0
8341,695,1,H,854180235,854180234,1
8342,695,2,B,854280236,854280234,2
8343,695,3,U,854380236,854380234,2
8344,695,4,R,854480237,854480234,3
8345,695,5,G,854580238,854580234,4
8346,695,6,E,854680239,854680234,5
8347,695,7,N,854780239,854780234,5
8348,695,8,L,854880239,854880234,5
8349,695,9,A,854980240,854980234,6
8350,695,10,N,855080240,855080234,6
8351,695,11,D,855180241,855180234,7
8352,696,0,F,855280243,855280243,0
8353,696,1,H,855380244,855380243,1
8354,696,2,B,855480246,855480243,3
8355,696,3,U,855580247,855580243,4
8356,696,4,R,855680247,855680243,4
8357,696,5,G,855780248,855780243,5
8358,696,6,E,855880249,855880243,6
8359,696,7,N,855980250,855980243,7
8360,696,8,L,856080251,856080243,8
8361,696,9,A,856180251,856180243,8
8362,696,10,N,856280252,856280243,9
8363,696,11,D,856380253,856380243,10
8364,697,0,F,856480254,856480254,0
8365,697,1,H,856580256,856580254,2
8366,697,2,B,856680257,856680254,3
8367,697,3,U,856780258,856780254,4
8368,697,4,R,856880259,856880254,5
8369,697,5,G,856980260,856980254,6
8370,697,6,E,857080260,857080254,6
8371,697,7,N,857180261,857180254,7
8372,697,8,L,857280262,857280254,8
8373,697,9,A,857380263,857380254,9
8374,697,10,N,857480265,857480254,11
8375,697,11,D,857580266,857580254,12
8376,698,0,F,857680267,857680267,0
8377,698,1,H,857780268,857780267,1
8378,698,2,B,857880270,857880267,3
8379,698,3,U,857980271,857980267,4
8380,698,4,R,858080272,858080267,5
8381,698,5,G,858180273,858180267,6
8382,698,6,E,858280274,858280267,7
8383,698,7,N,858380274,858380267,7
8384,698,8,L,858480274,858480267,7
8385,698,9,A,858580274,858580267,7
8386,698,10,N,858680274,858680267,7
8387,698,11,D,858780275,858780267,8
8388,699,0,F,858880276,858880276,0
8389,699,1,H,858980276,858980276,0
8390,699,2,B,859080277,859080276,1
8391,699,3,U,859180279,859180276,3
8392,699,4,R,859280280,859280276,4
8393,699,5,G,859380281,859380276,5
8394,699,6,E,859480282,859480276,6
8395,699,7,N,859580283,859580276,7
8396,699,8,L,859680284,859680276,8
8397,699,9,A,859780284,859780276,8
8398,699,10,N,859880285,859880276,9
8399,699,11,D,859980286,859980276,10
8400,700,0,F,860080288,860080288,0
8401,700,1,H,860180288,860180288,0
8402,700,2,B,860280290,860280288,2
8403,700,3,U,860380291,860380288,3
8404,700,4,R,860480293,860480288,5
8405,700,5,G,860580294,860580288,6
8406,700,6,E,860680295,860680288,7
8407,700,7,N,860780296,860780288,8
8408,700,8,L,860880297,860880288,9
8409,700,9,A,860980299,860980288,11
8410,700,10,N,861080301,861080288,13
8411,700,11,D,861180302,861180288,14
8412,701,0,F,861280303,861280303,0
8413,701,1,H,861380304,861380303,1
8414,701,2,B,861480305,861480303,2
8415,701,3,U,861580305,861580303,2
8416,701,4,R,861680306,861680303,3
8417,701,5,G,861780306,861780303,3
8418,701,6,E,861880307,861880303,4
8419,701,7,N,861980307,861980303,4
8420,701,8,L,862080308,862080303,5
8421,701,9,A,862180308,862180303,5
8422,701,10,N,862280309,862280303,6
8423,701,11,D,862380309,862380303,6
8424,702,0,F,862480310,862480310,0
8425,702,1,H,862580311,862580310,1
8426,702,2,B,862680311,862680310,1
8427,702,3,U,862780312,862780310,2
8428,702,4,R,862880313,862880310,3
8429,702,5,G,862980314,862980310,4
8430,702,6,E,863080314,863080310,4
8431,702,7,N,863180315,863180310,5
8432,702,8,L,863280317,863280310,7
8433,702,9,A,863380318,863380310,8
8434,702,10,N,863480319,863480310,9
8435,702,11,D,863580320,863580310,10
8436,703,0,F,863680321,863680321,0
8437,703,1,H,863780322,863780321,1
8438,703,2,B,863880324,863880321,3
8439,703,3,U,863980324,863980321,3
8440,703,4,R,864080325,864080321,4
8441,703,5,G,864180326,864180321,5
8442,703,6,E,864280327,864280321,6
8443,703,7,N,864380328,864380321,7
8444,703,8,L,864480330,864480321,9
8445,703,9,A,864580331,864580321,10
8446,703,10,N,864680331,864680321,10
8447,703,11,D,864780332,864780321,11
8448,704,0,F,864880333,864880333,0
8449,704,1,H,864980334,864980333,1
8450,704,2,B,865080335,865080333,2
8451,704,3,U,865180336,865180333,3
8452,704,4,R,865280338,865280333,5
8453,704,5,G,865380339,865380333,6
8454,704,6,E,865480339,865480333,6
8455,704,7,N,865580340,865580333,7
8456,704,8,L,865680341,865680333,8
8457,704,9,A,865780342,865780333,9
8458,704,10,N,865880343,865880333,10
8459,704,11,D,865980343,865980333,10
8460,705,0,F,866080343,866080343,0
8461,705,1,H,866180345,866180343,2
8462,705,2,B,866280346,866280343,3
8463,705,3,U,866380347,866380343,4
8464,705,4,R,866480348,866480343,5
8465,705,5,G,866580349,866580343,6
8466,705,6,E,866680349,866680343,6
8467,705,7,N,866780350,866780343,7
8468,705,8,L,866880351,866880343,8
8469,705,9,A,866980352,866980343,9
8470,705,10,N,867080352,867080343,9
8471,705,11,D,867180353,867180343,10
8472,706,0,F,867280354,867280354,0
8473,706,1,H,867380355,867380354,1
8474,706,2,B,867480356,867480354,2
8475,706,3,U,867580357,867580354,3
8476,706,4,R,867680358,867680354,4
8477,706,5,G,867780359,867780354,5
8478,706,6,E,867880360,867880354,6
8479,706,7,N,867980362,867980354,8
8480,706,8,L,868080363,868080354,9
8481,706,9,A,868180364,868180354,10
8482,706,10,N,868280365,868280354,11
8483,706,11,D,868380366,868380354,12
8484,707,0,F,868480367,868480367,0
8485,707,1,H,868580369,868580367,2
8486,707,2,B,868680371,868680367,4
8487,707,3,U,868780371,868780367,4
8488,707,4,R,868880372,868880367,5
8489,707,5,G,868980372,868980367,5
8490,707,6,E,869080373,869080367,6
8491,707,7,N,869180373,869180367,6
8492,707,8,L,869280374,869280367,7
8493,707,9,A,869380375,869380367,8
8494,707,10,N,869480375,869480367,8
8495,707,11,D,869580375,869580367,8
8496,708,0,F,869680375,869680375,0
8497,708,1,H,869780376,869780375,1
8498,708,2,B,869880376,869880375,1
8499,708,3,U,869980377,869980375,2
8500,708,4,R,870080379,870080375,4
8501,708,5,G,870180381,870180375,6
8502,708,6,E,870280383,870280375,8
8503,708,7,N,870380385,870380375,10
8504,708,8,L,870480386,870480375,11
8505,708,9,A,870580386,870580375,11
8506,708,10,N,870680387,870680375,12
8507,708,11,D,870780387,870780375,12
8508,709,0,F,870880388,870880388,0
8509,709,1,H,870980389,870980388,1
8510,709,2,B,871080389,871080388,1
8511,709,3,U,871180391,871180388,3
8512,709,4,R,871280392,871280388,4
8513,709,5,G,871380393,871380388,5
8514,709,6,E,871480393,871480388,5
8515,709,7,N,871580394,871580388,6
8516,709,8,L,871680395,871680388,7
8517,709,9,A,871780395,871780388,7
8518,709,10,N,871880395,871880388,7
8519,709,11,D,871980396,871980388,8
8520,710,0,F,872080397,872080397,0
8521,710,1,H,872180399,872180397,2
8522,710,2,B,872280400,872280397,3
8523,710,3,U,872380401,872380397,4
8524,710,4,R,872480402,872480397,5
8525,710,5,G,872580403,872580397,6
8526,710,6,E,872680403,872680397,6
8527,710,7,N,872780405,872780397,8
8528,710,8,L,872880406,872880397,9
8529,710,9,A,872980406,872980397,9
8530,710,10,N,873080407,873080397,10
8531,710,11,D,873180407,873180397,10
8532,711,0,F,873280408,873280408,0
8533,711,1,H,873380410,873380408,2
8534,711,2,B,873480410,873480408,2
8535,711,3,U,873580411,873580408,3
8536,711,4,R,873680412,873680408,4
8537,711,5,G,873780413,873780408,5
8538,711,6,E,873880414,873880408,6
8539,711,7,N,873980415,873980408,7
8540,711,8,L,874080416,874080408,8
8541,711,9,A,874180416,874180408,8
8542,711,10,N,874280418,874280408,10
8543,711,11,D,874380419,874380408,11
8544,712,0,F,874480421,874480421,0
8545,712,1,H,874580422,874580421,1
8546,712,2,B,874680424,874680421,3
8547,712,3,U,874780424,874780421,3
8548,712,4,R,874880425,874880421,4
8549,712,5,G,874980426,874980421,5
8550,712,6,E,875080427,875080421,6
8551,712,7,N,875180428,875180421,7
8552,712,8,L,875280430,875280421,9
8553,712,9,A,875380431,875380421,10
8554,712,10,N,875480433,875480421,12
8555,712,11,D,875580434,875580421,13
8556,713,0,F,875680434,875680434,0
8557,713,1,H,875780435,875780434,1
8558,713,2,B,875880436,875880434,2
8559,713,3,U,875980437,875980434,3
8560,713,4,R,876080438,876080434,4
8561,713,5,G,876180438,876180434,4
8562,713,6,E,876280439,876280434,5
8563,713,7,N,876380440,876380434,6
8564,713,8,L,876480442,876480434,8
8565,713,9,A,876580443,876580434,9
8566,713,10,N,876680444,876680434,10
8567,713,11,D,876780445,876780434,11
8568,714,0,F,876880446,876880446,0
8569,714,1,H,876980447,876980446,1
8570,714,2,B,877080448,877080446,2
8571,714,3,U,877180450,877180446,4
8572,714,4,R,877280451,877280446,5
8573,714,5,G,877380452,877380446,6
8574,714,6,E,877480453,877480446,7
8575,714,7,N,877580453,877580446,7
8576,714,8,L,877680454,877680446,8
8577,714,9,A,877780455,877780446,9
8578,714,10,N,877880456,877880446,10
8579,714,11,D,877980457,877980446,11
8580,715,0,F,878080458,878080458,0
8581,715,1,H,878180458,878180458,0
8582,715,2,B,878280459,878280458,1
8583,715,3,U,878380460,878380458,2
8584,715,4,R,878480461,878480458,3
8585,715,5,G,878580463,878580458,5
8586,715,6,E,878680465,878680458,7
8587,715,7,N,878780466,878780458,8
8588,715,8,L,878880467,878880458,9
8589,715,9,A,878980468,878980458,10
8590,715,10,N,879080469,879080458,11
8591,715,11,D,879180469,879180458,11
8592,716,0,F,879280469,879280469,0
8593,716,1,H,879380470,879380469,1
8594,716,2,B,879480471,879480469,2
8595,716,3,U,879580472,879580469,3
8596,716,4,R,879680472,879680469,3
8597,716,5,G,879780474,879780469,5
8598,716,6,E,879880476,879880469,7
8599,716,7,N,879980476,879980469,7
8600,716,8,L,880080477,880080469,8
8601,716,9,A,880180478,880180469,9
8602,716,10,N,880280479,880280469,10
8603,716,11,D,880380481,880380469,12
8604,717,0,F,880480482,880480482,0
8605,717,1,H,880580483,880580482,1
8606,717,2,B,880680484,880680482,2
8607,717,3,U,880780486,880780482,4
8608,717,4,R,880880486,880880482,4
8609,717,5,G,880980488,880980482,6
8610,717,6,E,881080489,881080482,7
8611,717,7,N,881180489,881180482,7
8612,717,8,L,881280491,881280482,9
8613,717,9,A,881380493,881380482,11
8614,717,10,N,881480494,881480482,12
8615,717,11,D,881580494,881580482,12
8616,718,0,F,881680494,881680494,0
8617,718,1,H,881780495,881780494,1
8618,718,2,B,881880496,881880494,2
8619,718,3,U,881980497,881980494,3
8620,718,4,R,882080498,882080494,4
8621,718,5,G,882180498,882180494,4
8622,718,6,E,882280499,882280494,5
8623,718,7,N,882380500,882380494,6
8624,718,8,L,882480501,882480494,7
8625,718,9,A,882580502,882580494,8
8626,718,10,N,882680503,882680494,9
8627,718,11,D,882780504,882780494,10
8628,719,0,F,882880505,882880505,0
8629,719,1,H,882980506,882980505,1
8630,719,2,B,883080507,883080505,2
8631,719,3,U,883180508,883180505,3
8632,719,4,R,883280509,883280505,4
8633,719,5,G,883380510,883380505,5
8634,719,6,E,883480512,883480505,7
8635,719,7,N,883580512,883580505,7
8636,719,8,L,883680513,883680505,8
8637,719,9,A,883780514,883780505,9
8638,719,10,N,883880515,883880505,10
8639,719,11,D,883980516,883980505,11
8640,720,0,F,884080517,884080517,0
8641,720,1,H,884180519,884180517,2
8642,720,2,B,884280521,884280517,4
8643,720,3,U,884380522,884380517,5
8644,720,4,R,884480523,884480517,6
8645,720,5,G,884580524,884580517,7
8646,720,6,E,884680524,884680517,7
8647,720,7,N,884780525,884780517,8
8648,720,8,L,884880526,884880517,9
8649,720,9,A,884980527,884980517,10
8650,720,10,N,885080527,885080517,10
8651,720,11,D,885180528,885180517,11
8652,721,0,F,885280529,885280529,0
8653,721,1,H,885380530,885380529,1
8654,721,2,B,885480530,885480529,1
8655,721,3,U,885580531,885580529,2
8656,721,4,R,885680532,885680529,3
8657,721,5,G,885780533,885780529,4
8658,721,6,E,885880534,885880529,5
8659,721,7,N,885980534,885980529,5
8660,721,8,L,886080535,886080529,6
8661,721,9,A,886180537,886180529,8
8662,721,10,N,886280538,886280529,9
8663,721,11,D,886380538,886380529,9
8664,722,0,F,886480538,886480538,0
8665,722,1,H,886580539,886580538,1
8666,722,2,B,886680539,886680538,1
8667,722,3,U,886780540,886780538,2
8668,722,4,R,886880540,886880538,2
8669,722,5,G,886980541,886980538,3
8670,722,6,E,887080542,887080538,4
8671,722,7,N,887180543,887180538,5
8672,722,8,L,887280544,887280538,6
8673,722,9,A,887380544,887380538,6
8674,722,10,N,887480545,887480538,7
8675,722,11,D,887580545,887580538,7
8676,723,0,F,887680546,887680546,0
8677,723,1,H,887780547,887780546,1
8678,723,2,B,887880548,887880546,2
8679,723,3,U,887980549,887980546,3
8680,723,4,R,888080549,888080546,3
8681,723,5,G,888180550,888180546,4
8682,723,6,E,888280551,888280546,5
8683,723,7,N,888380553,888380546,7
8684,723,8,L,888480553,888480546,7
8685,723,9,A,888580554,888580546,8
8686,723,10,N,888680555,888680546,9
8687,723,11,D,888780557,888780546,11
8688,724,0,F,888880559,888880559,0
8689,724,1,H,888980560,888980559,1
8690,724,2,B,889080561,889080559,2
8691,724,3,U,889180561,889180559,2
8692,724,4,R,889280562,889280559,3
8693,724,5,G,889380562,889380559,3
8694,724,6,E,889480563,889480559,4
8695,724,7,N,889580564,889580559,5
8696,724,8,L,889680565,889680559,6
8697,724,9,A,889780566,889780559,7
8698,724,10,N,889880567,889880559,8
8699,724,11,D,889980568,889980559,9
8700,725,0,F,890080570,890080570,0
8701,725,1,H,890180570,890180570,0
8702,725,2,B,890280572,890280570,2
8703,725,3,U,890380574,890380570,4
8704,725,4,R,890480575,890480570,5
8705,725,5,G,890580577,890580570,7
8706,725,6,E,890680578,890680570,8
8707,725,7,N,890780579,890780570,9
8708,725,8,L,890880580,890880570,10
8709,725,9,A,890980581,890980570,11
8710,725,10,N,891080582,891080570,12
8711,725,11,D,891180584,891180570,14
8712,726,0,F,891280585,891280585,0
8713,726,1,H,891380587,891380585,2
8714,726,2,B,891480588,891480585,3
8715,726,3,U,891580589,891580585,4
8716,726,4,R,891680591,891680585,6
8717,726,5,G,891780592,891780585,7
8718,726,6,E,891880592,891880585,7
8719,726,7,N,891980593,891980585,8
8720,726,8,L,892080594,892080585,9
8721,726,9,A,892180594,892180585,9
8722,726,10,N,892280594,892280585,9
8723,726,11,D,892380594,892380585,9
8724,727,0,F,892480595,892480595,0
8725,727,1,H,892580595,892580595,0
8726,727,2,B,892680596,892680595,1
8727,727,3,U,892780597,892780595,2
8728,727,4,R,892880598,892880595,3
8729,727,5,G,892980599,892980595,4
8730,727,6,E,893080600,893080595,5
8731,727,7,N,893180600,893180595,5
8732,727,8,L,893280602,893280595,7
8733,727,9,A,893380603,893380595,8
8734,727,10,N,893480604,893480595,9
8735,727,11,D,893580605,893580595,10
8736,728,0,F,893680605,893680605,0
8737,728,1,H,893780606,893780605,1
8738,728,2,B,893880607,893880605,2
8739,728,3,U,893980608,893980605,3
8740,728,4,R,894080608,894080605,3
8741,728,5,G,894180609,894180605,4
8742,728,6,E,894280610,894280605,5
8743,728,7,N,894380611,894380605,6
8744,728,8,L,894480613,894480605,8
8745,728,9,A,894580614,894580605,9
8746,728,10,N,894680615,894680605,10
8747,728,11,D,894780616,894780605,11
8748,729,0,F,894880618,894880618,0
8749,729,1,H,894980618,894980618,0
8750,729,2,B,895080619,895080618,1
8751,729,3,U,895180620,895180618,2
8752,729,4,R,895280621,895280618,3
8753,729,5,G,895380622,895380618,4
8754,729,6,E,895480623,895480618,5
8755,729,7,N,895580623,895580618,5
8756,729,8,L,895680623,895680618,5
8757,729,9,A,895780625,895780618,7
8758,729,10,N,895880626,895880618,8
8759,729,11,D,895980627,895980618,9
8760,730,0,F,896080628,896080628,0
8761,730,1,H,896180629,896180628,1
8762,730,2,B,896280630,896280628,2
8763,730,3,U,896380631,896380628,3
8764,730,4,R,896480631,896480628,3
8765,730,5,G,896580631,896580628,3
8766,730,6,E,896680633,896680628,5
8767,730,7,N,896780634,896780628,6
8768,730,8,L,896880634,896880628,6
8769,730,9,A,896980635,896980628,7
8770,730,10,N,897080636,897080628,8
8771,730,11,D,897180636,897180628,8
8772,731,0,F,897280637,897280637,0
8773,731,1,H,897380637,897380637,0
8774,731,2,B,897480638,897480637,1
8775,731,3,U,897580639,897580637,2
8776,731,4,R,897680640,897680637,3
8777,731,5,G,897780641,897780637,4
8778,731,6,E,897880642,897880637,5
8779,731,7,N,897980643,897980637,6
8780,731,8,L,898080645,898080637,8
8781,731,9,A,898180646,898180637,9
8782,731,10,N,898280647,898280637,10
8783,731,11,D,898380648,898380637,11
8784,732,0,F,898480648,898480648,0
8785,732,1,H,898580649,898580648,1
8786,732,2,B,898680649,898680648,1
8787,732,3,U,898780651,898780648,3
8788,732,4,R,898880652,898880648,4
8789,732,5,G,898980653,898980648,5
8790,732,6,E,899080655,899080648,7
8791,732,7,N,899180656,899180648,8
8792,732,8,L,899280657,899280648,9
8793,732,9,A,899380658,899380648,10
8794,732,10,N,899480659,899480648,11
8795,732,11,D,899580660,899580648,12
8796,733,0,F,899680661,899680661,0
8797,733,1,H,899780662,899780661,1
8798,733,2,B,899880662,899880661,1
8799,733,3,U,899980663,899980661,2
8800,733,4,R,900080664,900080661,3
8801,733,5,G,900180664,900180661,3
8802,733,6,E,900280666,900280661,5
8803,733,7,N,900380666,900380661,5
8804,733,8,L,900480667,900480661,6
8805,733,9,A,900580669,900580661,8
8806,733,10,N,900680670,900680661,9
8807,733,11,D,900780671,900780661,10
8808,734,0,F,900880672,900880672,0
8809,734,1,H,900980672,900980672,0
8810,734,2,B,901080673,901080672,1
8811,734,3,U,901180674,901180672,2
8812,734,4,R,901280675,901280672,3
8813,734,5,G,901380676,901380672,4
8814,734,6,E,901480678,901480672,6
8815,734,7,N,901580679,901580672,7
8816,734,8,L,901680680,901680672,8
8817,734,9,A,901780681,901780672,9
8818,734,10,N,901880682,901880672,10
8819,734,11,D,901980683,901980672,11
8820,735,0,F,902080685,902080685,0
8821,735,1,H,902180686,902180685,1
8822,735,2,B,902280687,902280685,2
8823,735,3,U,902380688,902380685,3
8824,735,4,R,902480689,902480685,4
8825,735,5,G,902580689,902580685,4
8826,735,6,E,902680691,902680685,6
8827,735,7,N,902780692,902780685,7
8828,735,8,L,902880693,902880685,8
8829,735,9,A,902980694,902980685,9
8830,735,10,N,903080694,903080685,9
8831,735,11,D,903180695,903180685,10
8832,736,0,F,903280696,903280696,0
8833,736,1,H,903380697,903380696,1
8834,736,2,B,903480698,903480696,2
8835,736,3,U,903580699,903580696,3
8836,736,4,R,903680700,903680696,4
8837,736,5,G,903780700,903780696,4
8838,736,6,E,903880702,903880696,6
8839,736,7,N,903980703,903980696,7
8840,736,8,L,904080704,904080696,8
8841,736,9,A,904180704,904180696,8
8842,736,10,N,904280705,904280696,9
8843,736,11,D,904380705,904380696,9
8844,737,0,F,904480706,904480706,0
8845,737,1,H,904580707,904580706,1
8846,737,2,B,904680707,904680706,1
8847,737,3,U,904780708,904780706,2
8848,737,4,R,904880709,904880706,3
8849,737,5,G,904980709,904980706,3
8850,737,6,E,905080710,905080706,4
8851,737,7,N,905180711,905180706,5
8852,737,8,L,905280712,905280706,6
8853,737,9,A,905380712,905380706,6
8854,737,10,N,905480713,905480706,7
8855,737,11,D,905580714,905580706,8
8856,738,0,F,905680715,905680715,0
8857,738,1,H,905780715,905780715,0
8858,738,2,B,905880717,905880715,2
8859,738,3,U,905980718,905980715,3
8860,738,4,R,906080719,906080715,4
8861,738,5,G,906180720,906180715,5
8862,738,6,E,906280722,906280715,7
8863,738,7,N,906380724,906380715,9
8864,738,8,L,906480725,906480715,10
8865,738,9,A,906580726,906580715,11
8866,738,10,N,906680728,906680715,13
8867,738,11,D,906780729,906780715,14
8868,739,0,F,906880730,906880730,0
8869,739,1,H,906980731,906980730,1
8870,739,2,B,907080733,907080730,3
8871,739,3,U,907180734,907180730,4
8872,739,4,R,907280735,907280730,5
8873,739,5,G,907380737,907380730,7
8874,739,6,E,907480738,907480730,8
8875,739,7,N,907580739,907580730,9
8876,739,8,L,907680740,907680730,10
8877,739,9,A,907780742,907780730,12
8878,739,10,N,907880743,907880730,13
8879,739,11,D,907980743,907980730,13
8880,740,0,F,908080744,908080744,0
8881,740,1,H,908180744,908180744,0
8882,740,2,B,908280745,908280744,1
8883,740,3,U,908380746,908380744,2
8884,740,4,R,908480747,908480744,3
8885,740,5,G,908580747,908580744,3
8886,740,6,E,908680749,908680744,5
8887,740,7,N,908780750,908780744,6
8888,740,8,L,908880751,908880744,7
8889,740,9,A,908980751,908980744,7
8890,740,10,N,909080752,909080744,8
8891,740,11,D,909180753,909180744,9
8892,741,0,F,909280754,909280754,0
8893,741,1,H,909380754,909380754,0
8894,741,2,B,909480756,909480754,2
8895,741,3,U,909580756,909580754,2
8896,741,4,R,909680757,909680754,3
8897,741,5,G,909780757,909780754,3
8898,741,6,E,909880758,909880754,4
8899,741,7,N,909980759,909980754,5
8900,741,8,L,910080760,910080754,6
8901,741,9,A,910180761,910180754,7
8902,741,10,N,910280762,910280754,8
8903,741,11,D,910380763,910380754,9
8904,742,0,F,910480764,910480764,0
8905,742,1,H,910580765,910580764,1
8906,742,2,B,910680765,910680764,1
8907,742,3,U,910780767,910780764,3
8908,742,4,R,910880768,910880764,4
8909,742,5,G,910980770,910980764,6
8910,742,6,E,911080771,911080764,7
8911,742,7,N,911180772,911180764,8
8912,742,8,L,911280773,911280764,9
8913,742,9,A,911380775,911380764,11
8914,742,10,N,911480776,911480764,12
8915,742,11,D,911580776,911580764,12
8916,743,0,F,911680777,911680777,0
8917,743,1,H,911780778,911780777,1
8918,743,2,B,911880779,911880777,2
8919,743,3,U,911980780,911980777,3
8920,743,4,R,912080781,912080777,4
8921,743,5,G,912180781,912180777,4
8922,743,6,E,912280782,912280777,5
8923,743,7,N,912380783,912380777,6
8924,743,8,L,912480784,912480777,7
8925,743,9,A,912580785,912580777,8
8926,743,10,N,912680786,912680777,9
8927,743,11,D,912780787,912780777,10
8928,744,0,F,912880787,912880787,0
8929,744,1,H,912980789,912980787,2
8930,744,2,B,913080790,913080787,3
8931,744,3,U,913180791,913180787,4
8932,744,4,R,913280793,913280787,6
8933,744,5,G,913380793,913380787,6
8934,744,6,E,913480794,913480787,7
8935,744,7,N,913580794,913580787,7
8936,744,8,L,913680795,913680787,8
8937,744,9,A,913780795,913780787,8
8938,744,10,N,913880795,913880787,8
8939,744,11,D,913980797,913980787,10
8940,745,0,F,914080798,914080798,0
8941,745,1,H,914180799,914180798,1
8942,745,2,B,914280800,914280798,2
8943,745,3,U,914380801,914380798,3
8944,745,4,R,914480802,914480798,4
8945,745,5,G,914580802,914580798,4
8946,745,6,E,914680803,914680798,5
8947,745,7,N,914780804,914780798,6
8948,745,8,L,914880805,914880798,7
8949,745,9,A,914980806,914980798,8
8950,745,10,N,915080807,915080798,9
8951,745,11,D,915180808,915180798,10
8952,746,0,F,915280810,915280810,0
8953,746,1,H,915380810,915380810,0
8954,746,2,B,915480811,915480810,1
8955,746,3,U,915580812,915580810,2
8956,746,4,R,915680813,915680810,3
8957,746,5,G,915780814,915780810,4
8958,746,6,E,915880814,915880810,4
8959,746,7,N,915980816,915980810,6
8960,746,8,L,916080817,916080810,7
8961,746,9,A,916180818,916180810,8
8962,746,10,N,916280820,916280810,10
8963,746,11,D,916380821,916380810,11
8964,747,0,F,916480823,916480823,0
8965,747,1,H,916580824,916580823,1
8966,747,2,B,916680824,916680823,1
8967,747,3,U,916780825,916780823,2
8968,747,4,R,916880826,916880823,3
8969,747,5,G,916980827,916980823,4
8970,747,6,E,917080828,917080823,5
8971,747,7,N,917180829,917180823,6
8972,747,8,L,917280830,917280823,7
8973,747,9,A,917380830,917380823,7
8974,747,10,N,917480831,917480823,8
8975,747,11,D,917580831,917580823,8
8976,748,0,F,917680832,917680832,0
8977,748,1,H,917780833,917780832,1
8978,748,2,B,917880834,917880832,2
8979,748,3,U,917980836,917980832,4
8980,748,4,R,918080836,918080832,4
8981,748,5,G,918180837,918180832,5
8982,748,6,E,918280838,918280832,6
8983,748,7,N,918380838,918380832,6
8984,748,8,L,918480840,918480832,8
8985,748,9,A,918580841,918580832,9
8986,748,10,N,918680843,918680832,11
8987,748,11,D,918780843,918780832,11
8988,749,0,F,918880844,918880844,0
8989,749,1,H,918980845,918980844,1
8990,749,2,B,919080846,919080844,2
8991,749,3,U,919180847,919180844,3
8992,749,4,R,919280848,919280844,4
8993,749,5,G,919380849,919380844,5
8994,749,6,E,919480850,919480844,6
8995,749,7,N,919580851,919580844,7
8996,749,8,L,919680853,919680844,9
8997,749,9,A,919780853,919780844,9
8998,749,10,N,919880854,919880844,10
8999,749,11,D,919980855,919980844,11
9000,750,0,F,920080856,920080856,0
9001,750,1,H,920180857,920180856,1
9002,750,2,B,920280858,920280856,2
9003,750,3,U,920380859,920380856,3
9004,750,4,R,920480860,920480856,4
9005,750,5,G,920580862,920580856,6
9006,750,6,E,920680864,920680856,8
9007,750,7,N,920780865,920780856,9
9008,750,8,L,920880866,920880856,10
9009,750,9,A,920980867,920980856,11
9010,750,10,N,921080868,921080856,12
9011,750,11,D,921180870,921180856,14
9012,751,0,F,921280871,921280871,0
9013,751,1,H,921380872,921380871,1
9014,751,2,B,921480873,921480871,2
9015,751,3,U,921580874,921580871,3
9016,751,4,R,921680874,921680871,3
9017,751,5,G,921780875,921780871,4
9018,751,6,E,921880875,921880871,4
9019,751,7,N,921980876,921980871,5
9020,751,8,L,922080876,922080871,5
9021,751,9,A,922180877,922180871,6
9022,751,10,N,922280878,922280871,7
9023,751,11,D,922380878,922380871,7
9024,752,0,F,922480878,922480878,0
9025,752,1,H,922580879,922580878,1
9026,752,2,B,922680880,922680878,2
9027,752,3,U,922780881,922780878,3
9028,752,4,R,922880882,922880878,4
9029,752,5,G,922980883,922980878,5
9030,752,6,E,923080884,923080878,6
9031,752,7,N,923180884,923180878,6
9032,752,8,L,923280886,923280878,8
9033,752,9,A,923380887,923380878,9
9034,752,10,N,923480888,923480878,10
9035,752,11,D,923580889,923580878,11
9036,753,0,F,923680891,923680891,0
9037,753,1,H,923780891,923780891,0
9038,753,2,B,923880891,923880891,0
9039,753,3,U,923980892,923980891,1
9040,753,4,R,924080893,924080891,2
9041,753,5,G,924180893,924180891,2
9042,753,6,E,924280895,924280891,4
9043,753,7,N,924380896,924380891,5
9044,753,8,L,924480898,924480891,7
9045,753,9,A,924580899,924580891,8
9046,753,10,N,924680899,924680891,8
9047,753,11,D,924780900,924780891,9
9048,754,0,F,924880900,924880900,0
9049,754,1,H,924980901,924980900,1
9050,754,2,B,925080902,925080900,2
9051,754,3,U,925180902,925180900,2
9052,754,4,R,925280903,925280900,3
9053,754,5,G,925380904,925380900,4
9054,754,6,E,925480905,925480900,5
9055,754,7,N,925580906,925580900,6
9056,754,8,L,925680907,925680900,7
9057,754,9,A,925780908,925780900,8
9058,754,10,N,925880909,925880900,9
9059,754,11,D,925980910,925980900,10
9060,755,0,F,926080912,926080912,0
9061,755,1,H,926180913,926180912,1
9062,755,2,B,926280914,926280912,2
9063,755,3,U,926380916,926380912,4
9064,755,4,R,926480917,926480912,5
9065,755,5,G,926580918,926580912,6
9066,755,6,E,926680919,926680912,7
9067,755,7,N,926780921,926780912,9
9068,755,8,L,926880921,926880912,9
9069,755,9,A,926980923,926980912,11
9070,755,10,N,927080924,927080912,12
9071,755,11,D,927180925,927180912,13
9072,756,0,F,927280926,927280926,0
9073,756,1,H,927380927,927380926,1
9074,756,2,B,927480929,927480926,3
9075,756,3,U,927580929,927580926,3
9076,756,4,R,927680930,927680926,4
9077,756,5,G,927780931,927780926,5
9078,756,6,E,927880932,927880926,6
9079,756,7,N,927980934,927980926,8
9080,756,8,L,928080935,928080926,9
9081,756,9,A,928180936,928180926,10
9082,756,10,N,928280936,928280926,10
9083,756,11,D,928380937,928380926,11
9084,757,0,F,928480938,928480938,0
9085,757,1,H,928580939,928580938,1
9086,757,2,B,928680940,928680938,2
9087,757,3,U,928780940,928780938,2
9088,757,4,R,928880941,928880938,3
9089,757,5,G,928980942,928980938,4
9090,757,6,E,929080942,929080938,4
9091,757,7,N,929180944,929180938,6
9092,757,8,L,929280945,929280938,7
9093,757,9,A,929380947,929380938,9
9094,757,10,N,929480948,929480938,10
9095,757,11,D,929580949,929580938,11
9096,758,0,F,929680950,929680950,0
9097,758,1,H,929780950,929780950,0
9098,758,2,B,929880951,929880950,1
9099,758,3,U,929980952,929980950,2
9100,758,4,R,930080953,930080950,3
9101,758,5,G,930180954,930180950,4
9102,758,6,E,930280954,930280950,4
9103,758,7,N,930380955,930380950,5
9104,758,8,L,930480956,930480950,6
9105,758,9,A,930580957,930580950,7
9106,758,10,N,930680958,930680950,8
9107,758,11,D,930780959,930780950,9
9108,759,0,F,930880960,930880960,0
9109,759,1,H,930980961,930980960,1
9110,759,2,B,931080962,931080960,2
9111,759,3,U,931180962,931180960,2
9112,759,4,R,931280963,931280960,3
9113,759,5,G,931380965,931380960,5
9114,759,6,E,931480966,931480960,6
9115,759,7,N,931580967,931580960,7
9116,759,8,L,931680969,931680960,9
9117,759,9,A,931780970,931780960,10
9118,759,10,N,931880972,931880960,12
9119,759,11,D,931980973,931980960,13
9120,760,0,F,932080974,932080974,0
9121,760,1,H,932180975,932180974,1
9122,760,2,B,932280976,932280974,2
9123,760,3,U,932380977,932380974,3
9124,760,4,R,932480978,932480974,4
9125,760,5,G,932580979,932580974,5
9126,760,6,E,932680980,932680974,6
9127,760,7,N,932780981,932780974,7
9128,760,8,L,932880982,932880974,8
9129,760,9,A,932980983,932980974,9
9130,760,10,N,933080985,933080974,11
9131,760,11,D,933180985,933180974,11
9132,761,0,F,933280986,933280986,0
9133,761,1,H,933380987,933380986,1
9134,761,2,B,933480988,933480986,2
9135,761,3,U,933580990,933580986,4
9136,761,4,R,933680991,933680986,5
9137,761,5,G,933780993,933780986,7
9138,761,6,E,933880993,933880986,7
9139,761,7,N,933980993,933980986,7
9140,761,8,L,934080994,934080986,8
9141,761,9,A,934180995,934180986,9
9142,761,10,N,934280996,934280986,10
9143,761,11,D,934380998,934380986,12
9144,762,0,F,934480998,934480998,0
9145,762,1,H,934580999,934580998,1
9146,762,2,B,934680999,934680998,1
9147,762,3,U,934781000,934780998,2
9148,762,4,R,934881002,934880998,4
9149,762,5,G,934981002,934980998,4
9150,762,6,E,935081004,935080998,6
9151,762,7,N,935181005,935180998,7
9152,762,8,L,935281006,935280998,8
9153,762,9,A,935381007,935380998,9
9154,762,10,N,935481008,935480998,10
9155,762,11,D,935581009,935580998,11
9156,763,0,F,935681010,935681010,0
9157,763,1,H,935781010,935781010,0
9158,763,2,B,935881011,935881010,1
9159,763,3,U,935981012,935981010,2
9160,763,4,R,936081014,936081010,4
9161,763,5,G,936181016,936181010,6
9162,763,6,E,936281017,936281010,7
9163,763,7,N,936381018,936381010,8
9164,763,8,L,936481020,936481010,10
9165,763,9,A,936581021,936581010,11
9166,763,10,N,936681022,936681010,12
9167,763,11,D,936781023,936781010,13
9168,764,0,F,936881023,936881023,0
9169,764,1,H,936981023,936981023,0
9170,764,2,B,937081023,937081023,0
9171,764,3,U,937181024,937181023,1
9172,764,4,R,937281024,937281023,1
9173,764,5,G,937381025,937381023,2
9174,764,6,E,937481026,937481023,3
9175,764,7,N,937581028,937581023,5
9176,764,8,L,937681028,937681023,5
9177,764,9,A,937781030,937781023,7
9178,764,10,N,937881030,937881023,7
9179,764,11,D,937981031,937981023,8
9180,765,0,F,938081032,938081032,0
9181,765,1,H,938181033,938181032,1
9182,765,2,B,938281034,938281032,2
9183,765,3,U,938381035,938381032,3
9184,765,4,R,938481035,938481032,3
9185,765,5,G,938581037,938581032,5
9186,765,6,E,938681038,938681032,6
9187,765,7,N,938781039,938781032,7
9188,765,8,L,938881041,938881032,9
9189,765,9,A,938981042,938981032,10
9190,765,10,N,939081043,939081032,11
9191,765,11,D,939181044,939181032,12
9192,766,0,F,939281046,939281046,0
9193,766,1,H,939381047,939381046,1
9194,766,2,B,939481048,939481046,2
9195,766,3,U,939581049,939581046,3
9196,766,4,R,939681050,939681046,4
9197,766,5,G,939781051,939781046,5
9198,766,6,E,939881052,939881046,6
9199,766,7,N,939981053,939981046,7
9200,766,8,L,940081054,940081046,8
9201,766,9,A,940181055,940181046,9
9202,766,10,N,940281056,940281046,10
9203,766,11,D,940381057,940381046,11
9204,767,0,F,940481058,940481058,0
9205,767,1,H,940581060,940581058,2
9206,767,2,B,940681061,940681058,3
9207,767,3,U,940781063,940781058,5
9208,767,4,R,940881063,940881058,5
9209,767,5,G,940981064,940981058,6
9210,767,6,E,941081065,941081058,7
9211,767,7,N,941181065,941181058,7
9212,767,8,L,941281066,941281058,8
9213,767,9,A,941381068,941381058,10
9214,767,10,N,941481069,941481058,11
9215,767,11,D,941581070,941581058,12
9216,768,0,F,941681071,941681071,0
9217,768,1,H,941781072,941781071,1
9218,768,2,B,941881073,941881071,2
9219,768,3,U,941981073,941981071,2
9220,768,4,R,942081073,942081071,2
9221,768,5,G,942181075,942181071,4
9222,768,6,E,942281077,942281071,6
9223,768,7,N,942381078,942381071,7
9224,768,8,L,942481080,942481071,9
9225,768,9,A,942581080,942581071,9
9226,768,10,N,942681080,942681071,9
9227,768,11,D,942781081,942781071,10
9228,769,0,F,942881082,942881082,0
9229,769,1,H,942981083,942981082,1
9230,769,2,B,943081084,943081082,2
9231,769,3,U,943181084,943181082,2
9232,769,4,R,943281085,943281082,3
9233,769,5,G,943381086,943381082,4
9234,769,6,E,943481087,943481082,5
9235,769,7,N,943581088,943581082,6
9236,769,8,L,943681090,943681082,8
9237,769,9,A,943781091,943781082,9
9238,769,10,N,943881091,943881082,9
9239,769,11,D,943981092,943981082,10
9240,770,0,F,944081093,944081093,0
9241,770,1,H,944181094,944181093,1
9242,770,2,B,944281095,944281093,2
9243,770,3,U,944381096,944381093,3
9244,770,4,R,944481098,944481093,5
9245,770,5,G,944581099,944581093,6
9246,770,6,E,944681100,944681093,7
9247,770,7,N,944781100,944781093,7
9248,770,8,L,944881101,944881093,8
9249,770,9,A,944981102,944981093,9
9250,770,10,N,945081103,945081093,10
9251,770,11,D,945181104,945181093,11
9252,771,0,F,945281105,945281105,0
9253,771,1,H,945381105,945381105,0
9254,771,2,B,945481106,945481105,1
9255,771,3,U,945581107,945581105,2
9256,771,4,R,945681109,945681105,4
9257,771,5,G,945781110,945781105,5
9258,771,6,E,945881111,945881105,6
9259,771,7,N,945981113,945981105,8
9260,771,8,L,946081113,946081105,8
9261,771,9,A,946181114,946181105,9
9262,771,10,N,946281116,946281105,11
9263,771,11,D,946381117,946381105,12
9264,772,0,F,946481118,946481118,0
9265,772,1,H,946581119,946581118,1
9266,772,2,B,946681120,946681118,2
9267,772,3,U,946781121,946781118,3
9268,772,4,R,946881122,946881118,4
9269,772,5,G,946981123,946981118,5
9270,772,6,E,947081123,947081118,5
9271,772,7,N,947181124,947181118,6
9272,772,8,L,947281125,947281118,7
9273,772,9,A,947381127,947381118,9
9274,772,10,N,947481128,947481118,10
9275,772,11,D,947581129,947581118,11
9276,773,0,F,947681130,947681130,0
9277,773,1,H,947781132,947781130,2
9278,773,2,B,947881134,947881130,4
9279,773,3,U,947981135,947981130,5
9280,773,4,R,948081136,948081130,6
9281,773,5,G,948181137,948181130,7
9282,773,6,E,948281139,948281130,9
9283,773,7,N,948381140,948381130,10
9284,773,8,L,948481141,948481130,11
9285,773,9,A,948581142,948581130,12
9286,773,10,N,948681143,948681130,13
9287,773,11,D,948781143,948781130,13
9288,774,0,F,948881144,948881144,0
9289,774,1,H,948981145,948981144,1
9290,774,2,B,949081145,949081144,1
9291,774,3,U,949181145,949181144,1
9292,774,4,R,949281145,949281144,1
9293,774,5,G,949381146,949381144,2
9294,774,6,E,949481147,949481144,3
9295,774,7,N,949581148,949581144,4
9296,774,8,L,949681149,949681144,5
9297,774,9,A,949781149,949781144,5
9298,774,10,N,949881150,949881144,6
9299,774,11,D,949981150,949981144,6
9300,775,0,F,950081151,950081151,0
9301,775,1,H,950181152,950181151,1
9302,775,2,B,950281153,950281151,2
9303,775,3,U,950381154,950381151,3
9304,775,4,R,950481154,950481151,3
9305,775,5,G,950581155,950581151,4
9306,775,6,E,950681156,950681151,5
9307,775,7,N,950781157,950781151,6
9308,775,8,L,950881158,950881151,7
9309,775,9,A,950981159,950981151,8
9310,775,10,N,951081160,951081151,9
9311,775,11,D,951181161,951181151,10
9312,776,0,F,951281162,951281162,0
9313,776,1,H,951381163,951381162,1
9314,776,2,B,951481164,951481162,2
9315,776,3,U,951581164,951581162,2
9316,776,4,R,951681165,951681162,3
9317,776,5,G,951781165,951781162,3
9318,776,6,E,951881166,951881162,4
9319,776,7,N,951981167,951981162,5
9320,776,8,L,952081168,952081162,6
9321,776,9,A,952181169,952181162,7
9322,776,10,N,952281170,952281162,8
9323,776,11,D,952381171,952381162,9
9324,777,0,F,952481172,952481172,0
9325,777,1,H,952581173,952581172,1
9326,777,2,B,952681175,952681172,3
9327,777,3,U,952781176,952781172,4
9328,777,4,R,952881177,952881172,5
9329,777,5,G,952981178,952981172,6
9330,777,6,E,953081179,953081172,7
9331,777,7,N,953181180,953181172,8
9332,777,8,L,953281181,953281172,9
9333,777,9,A,953381181,953381172,9
9334,777,10,N,953481182,953481172,10
9335,777,11,D,953581183,953581172,11
9336,778,0,F,953681185,953681185,0
9337,778,1,H,953781185,953781185,0
9338,778,2,B,953881186,953881185,1
9339,778,3,U,953981188,953981185,3
9340,778,4,R,954081189,954081185,4
9341,778,5,G,954181190,954181185,5
9342,778,6,E,954281192,954281185,7
9343,778,7,N,954381193,954381185,8
9344,778,8,L,954481194,954481185,9
9345,778,9,A,954581195,954581185,10
9346,778,10,N,954681196,954681185,11
9347,778,11,D,954781196,954781185,11
9348,779,0,F,954881198,954881198,0
9349,779,1,H,954981199,954981198,1
9350,779,2,B,955081200,955081198,2
9351,779,3,U,955181200,955181198,2
9352,779,4,R,955281202,955281198,4
9353,779,5,G,955381202,955381198,4
9354,779,6,E,955481202,955481198,4
9355,779,7,N,955581203,955581198,5
9356,779,8,L,955681203,955681198,5
9357,779,9,A,955781204,955781198,6
9358,779,10,N,955881204,955881198,6
9359,779,11,D,955981205,955981198,7
9360,780,0,F,956081206,956081206,0
9361,780,1,H,956181206,956181206,0
9362,780,2,B,956281208,956281206,2
9363,780,3,U,956381209,956381206,3
9364,780,4,R,956481210,956481206,4
9365,780,5,G,956581211,956581206,5
9366,780,6,E,956681212,956681206,6
9367,780,7,N,956781213,956781206,7
9368,780,8,L,956881214,956881206,8
9369,780,9,A,956981215,956981206,9
9370,780,10,N,957081217,957081206,11
9371,780,11,D,957181219,957181206,13
9372,781,0,F,957281220,957281220,0
9373,781,1,H,957381221,957381220,1
9374,781,2,B,957481221,957481220,1
9375,781,3,U,957581222,957581220,2
9376,781,4,R,957681223,957681220,3
9377,781,5,G,957781224,957781220,4
9378,781,6,E,957881224,957881220,4
9379,781,7,N,957981226,957981220,6
9380,781,8,L,958081227,958081220,7
9381,781,9,A,958181227,958181220,7
9382,781,10,N,958281228,958281220,8
9383,781,11,D,958381228,958381220,8
9384,782,0,F,958481229,958481229,0
9385,782,1,H,958581230,958581229,1
9386,782,2,B,958681231,958681229,2
9387,782,3,U,958781231,958781229,2
9388,782,4,R,958881231,958881229,2
9389,782,5,G,958981231,958981229,2
9390,782,6,E,959081233,959081229,4
9391,782,7,N,959181234,959181229,5
9392,782,8,L,959281235,959281229,6
9393,782,9,A,959381236,959381229,7
9394,782,10,N,959481236,959481229,7
9395,782,11,D,959581237,959581229,8
9396,783,0,F,959681238,959681238,0
9397,783,1,H,959781240,959781238,2
9398,783,2,B,959881242,959881238,4
9399,783,3,U,959981243,959981238,5
9400,783,4,R,960081243,960081238,5
9401,783,5,G,960181245,960181238,7
9402,783,6,E,960281246,960281238,8
9403,783,7,N,960381247,960381238,9
9404,783,8,L,960481248,960481238,10
9405,783,9,A,960581249,960581238,11
9406,783,10,N,960681249,960681238,11
9407,783,11,D,960781250,960781238,12
9408,784,0,F,960881250,960881250,0
9409,784,1,H,960981251,960981250,1
9410,784,2,B,961081253,961081250,3
9411,784,3,U,961181254,961181250,4
9412,784,4,R,961281255,961281250,5
9413,784,5,G,961381256,961381250,6
9414,784,6,E,961481257,961481250,7
9415,784,7,N,961581258,961581250,8
9416,784,8,L,961681260,961681250,10
9417,784,9,A,961781260,961781250,10
9418,784,10,N,961881262,961881250,12
9419,784,11,D,961981263,961981250,13
9420,785,0,F,962081265,962081265,0
9421,785,1,H,962181267,962181265,2
9422,785,2,B,962281268,962281265,3
9423,785,3,U,962381269,962381265,4
9424,785,4,R,962481270,962481265,5
9425,785,5,G,962581270,962581265,5
9426,785,6,E,962681270,962681265,5
9427,785,7,N,962781272,962781265,7
9428,785,8,L,962881273,962881265,8
9429,785,9,A,962981274,962981265,9
9430,785,10,N,963081275,963081265,10
9431,785,11,D,963181276,963181265,11
9432,786,0,F,963281277,963281277,0
9433,786,1,H,963381278,963381277,1
9434,786,2,B,963481279,963481277,2
9435,786,3,U,963581280,963581277,3
9436,786,4,R,963681282,963681277,5
9437,786,5,G,963781283,963781277,6
9438,786,6,E,963881284,963881277,7
9439,786,7,N,963981285,963981277,8
9440,786,8,L,964081286,964081277,9
9441,786,9,A,964181287,964181277,10
9442,786,10,N,964281288,964281277,11
9443,786,11,D,964381290,964381277,13
9444,787,0,F,964481292,964481292,0
9445,787,1,H,964581293,964581292,1
9446,787,2,B,964681294,964681292,2
9447,787,3,U,964781295,964781292,3
9448,787,4,R,964881296,964881292,4
9449,787,5,G,964981297,964981292,5
9450,787,6,E,965081298,965081292,6
9451,787,7,N,965181298,965181292,6
9452,787,8,L,965281299,965281292,7
9453,787,9,A,965381300,965381292,8
9454,787,10,N,965481300,965481292,8
9455,787,11,D,965581302,965581292,10
9456,788,0,F,965681303,965681303,0
9457,788,1,H,965781304,965781303,1
9458,788,2,B,965881305,965881303,2
9459,788,3,U,965981306,965981303,3
9460,788,4,R,966081307,966081303,4
9461,788,5,G,966181308,966181303,5
9462,788,6,E,966281309,966281303,6
9463,788,7,N,966381309,966381303,6
9464,788,8,L,966481311,966481303,8
9465,788,9,A,966581312,966581303,9
9466,788,10,N,966681312,966681303,9
9467,788,11,D,966781313,966781303,10
9468,789,0,F,966881315,966881315,0
9469,789,1,H,966981316,966981315,1
9470,789,2,B,967081317,967081315,2
9471,789,3,U,967181318,967181315,3
9472,789,4,R,967281319,967281315,4
9473,789,5,G,967381320,967381315,5
9474,789,6,E,967481322,967481315,7
9475,789,7,N,967581323,967581315,8
9476,789,8,L,967681324,967681315,9
9477,789,9,A,967781326,967781315,11
9478,789,10,N,967881327,967881315,12
9479,789,11,D,967981328,967981315,13
9480,790,0,F,968081329,968081329,0
9481,790,1,H,968181331,968181329,2
9482,790,2,B,968281332,968281329,3
9483,790,3,U,968381333,968381329,4
9484,790,4,R,968481334,968481329,5
9485,790,5,G,968581335,968581329,6
9486,790,6,E,968681336,968681329,7
9487,790,7,N,968781337,968781329,8
9488,790,8,L,968881337,968881329,8
9489,790,9,A,968981337,968981329,8
9490,790,10,N,969081338,969081329,9
9491,790,11,D,969181339,969181329,10
9492,791,0,F,969281340,969281340,0
9493,791,1,H,969381341,969381340,1
9494,791,2,B,969481342,969481340,2
9495,791,3,U,969581343,969581340,3
9496,791,4,R,969681345,969681340,5
9497,791,5,G,969781346,969781340,6
9498,791,6,E,969881346,969881340,6
9499,791,7,N,969981347,969981340,7
9500,791,8,L,970081349,970081340,9
9501,791,9,A,970181350,970181340,10
9502,791,10,N,970281352,970281340,12
9503,791,11,D,970381353,970381340,13
9504,792,0,F,970481355,970481355,0
9505,792,1,H,970581357,970581355,2
9506,792,2,B,970681359,970681355,4
9507,792,3,U,970781360,970781355,5
9508,792,4,R,970881360,970881355,5
9509,792,5,G,970981361,970981355,6
9510,792,6,E,971081362,971081355,7
9511,792,7,N,971181363,971181355,8
9512,792,8,L,971281364,971281355,9
9513,792,9,A,971381365,971381355,10
9514,792,10,N,971481366,971481355,11
9515,792,11,D,971581368,971581355,13
9516,793,0,F,971681369,971681369,0
9517,793,1,H,971781370,971781369,1
9518,793,2,B,971881371,971881369,2
9519,793,3,U,971981373,971981369,4
9520,793,4,R,972081373,972081369,4
9521,793,5,G,972181374,972181369,5
9522,793,6,E,972281375,972281369,6
9523,793,7,N,972381376,972381369,7
9524,793,8,L,972481377,972481369,8
9525,793,9,A,972581378,972581369,9
9526,793,10,N,972681380,972681369,11
9527,793,11,D,972781381,972781369,12
9528,794,0,F,972881383,972881383,0
9529,794,1,H,972981384,972981383,1
9530,794,2,B,973081384,973081383,1
9531,794,3,U,973181386,973181383,3
9532,794,4,R,973281387,973281383,4
9533,794,5,G,973381388,973381383,5
9534,794,6,E,973481388,973481383,5
9535,794,7,N,973581388,973581383,5
9536,794,8,L,973681389,973681383,6
9537,794,9,A,973781391,973781383,8
9538,794,10,N,973881392,973881383,9
9539,794,11,D,973981393,973981383,10
9540,795,0,F,974081395,974081395,0
9541,795,1,H,974181396,974181395,1
9542,795,2,B,974281398,974281395,3
9543,795,3,U,974381399,974381395,4
9544,795,4,R,974481401,974481395,6
9545,795,5,G,974581402,974581395,7
9546,795,6,E,974681404,974681395,9
9547,795,7,N,974781405,974781395,10
9548,795,8,L,974881406,974881395,11
9549,795,9,A,974981407,974981395,12
9550,795,10,N,975081408,975081395,13
9551,795,11,D,975181410,975181395,15
9552,796,0,F,975281411,975281411,0
9553,796,1,H,975381413,975381411,2
9554,796,2,B,975481415,975481411,4
9555,796,3,U,975581416,975581411,5
9556,796,4,R,975681418,975681411,7
9557,796,5,G,975781419,975781411,8
9558,796,6,E,975881421,975881411,10
9559,796,7,N,975981422,975981411,11
9560,796,8,L,976081423,976081411,12
9561,796,9,A,976181424,976181411,13
9562,796,10,N,976281426,976281411,15
9563,796,11,D,976381426,976381411,15
9564,797,0,F,976481427,976481427,0
9565,797,1,H,976581428,976581427,1
9566,797,2,B,976681428,976681427,1
9567,797,3,U,976781429,976781427,2
9568,797,4,R,976881430,976881427,3
9569,797,5,G,976981431,976981427,4
9570,797,6,E,977081432,977081427,5
9571,797,7,N,977181433,977181427,6
9572,797,8,L,977281434,977281427,7
9573,797,9,A,977381435,977381427,8
9574,797,10,N,977481436,977481427,9
9575,797,11,D,977581437,977581427,10
9576,798,0,F,977681438,977681438,0
9577,798,1,H,977781439,977781438,1
9578,798,2,B,977881440,977881438,2
9579,798,3,U,977981441,977981438,3
9580,798,4,R,978081442,978081438,4
9581,798,5,G,978181443,978181438,5
9582,798,6,E,978281444,978281438,6
9583,798,7,N,978381445,978381438,7
9584,798,8,L,978481446,978481438,8
9585,798,9,A,978581447,978581438,9
9586,798,10,N,978681447,978681438,9
9587,798,11,D,978781448,978781438,10
9588,799,0,F,978881448,978881448,0
9589,799,1,H,978981449,978981448,1
9590,799,2,B,979081449,979081448,1
9591,799,3,U,979181450,979181448,2
9592,799,4,R,979281451,979281448,3
9593,799,5,G,979381452,979381448,4
9594,799,6,E,979481453,979481448,5
9595,799,7,N,979581454,979581448,6
9596,799,8,L,979681456,979681448,8
9597,799,9,A,979781458,979781448,10
9598,799,10,N,979881459,979881448,11
9599,799,11,D,979981460,979981448,12
9600,800,0,F,980081462,980081462,0
9601,800,1,H,980181463,980181462,1
9602,800,2,B,980281464,980281462,2
9603,800,3,U,980381465,980381462,3
9604,800,4,R,980481467,980481462,5
9605,800,5,G,980581467,980581462,5
9606,800,6,E,980681467,980681462,5
9607,800,7,N,980781468,980781462,6
9608,800,8,L,980881469,980881462,7
9609,800,9,A,980981471,980981462,9
9610,800,10,N,981081472,981081462,10
9611,800,11,D,981181474,981181462,12
9612,801,0,F,981281476,981281476,0
9613,801,1,H,981381477,981381476,1
9614,801,2,B,981481478,981481476,2
9615,801,3,U,981581480,981581476,4
9616,801,4,R,981681481,981681476,5
9617,801,5,G,981781482,981781476,6
9618,801,6,E,981881483,981881476,7
9619,801,7,N,981981484,981981476,8
9620,801,8,L,982081486,982081476,10
9621,801,9,A,982181487,982181476,11
9622,801,10,N,982281488,982281476,12
9623,801,11,D,982381488,982381476,12
9624,802,0,F,982481490,982481490,0
9625,802,1,H,982581490,982581490,0
9626,802,2,B,982681491,982681490,1
9627,802,3,U,982781492,982781490,2
9628,802,4,R,982881493,982881490,3
9629,802,5,G,982981494,982981490,4
9630,802,6,E,983081495,983081490,5
9631,802,7,N,983181496,983181490,6
9632,802,8,L,983281498,983281490,8
9633,802,9,A,983381499,983381490,9
9634,802,10,N,983481500,983481490,10
9635,802,11,D,983581500,983581490,10
9636,803,0,F,983681501,983681501,0
9637,803,1,H,983781502,983781501,1
9638,803,2,B,983881503,983881501,2
9639,803,3,U,983981504,983981501,3
9640,803,4,R,984081505,984081501,4
9641,803,5,G,984181506,984181501,5
9642,803,6,E,984281508,984281501,7
9643,803,7,N,984381509,984381501,8
9644,803,8,L,984481511,984481501,10
9645,803,9,A,984581513,984581501,12
9646,803,10,N,984681515,984681501,14
9647,803,11,D,984781516,984781501,15
9648,804,0,F,984881517,984881517,0
9649,804,1,H,984981519,984981517,2
9650,804,2,B,985081519,985081517,2
9651,804,3,U,985181519,985181517,2
9652,804,4,R,985281520,985281517,3
9653,804,5,G,985381521,985381517,4
9654,804,6,E,985481522,985481517,5
9655,804,7,N,985581522,985581517,5
9656,804,8,L,985681523,985681517,6
9657,804,9,A,985781524,985781517,7
9658,804,10,N,985881524,985881517,7
9659,804,11,D,985981525,985981517,8
9660,805,0,F,986081526,986081526,0
9661,805,1,H,986181528,986181526,2
9662,805,2,B,986281529,986281526,3
9663,805,3,U,986381530,986381526,4
9664,805,4,R,986481530,986481526,4
9665,805,5,G,986581530,986581526,4
9666,805,6,E,986681531,986681526,5
9667,805,7,N,986781532,986781526,6
9668,805,8,L,986881534,986881526,8
9669,805,9,A,986981535,986981526,9
9670,805,10,N,987081536,987081526,10
9671,805,11,D,987181537,987181526,11
9672,806,0,F,987281539,987281539,0
9673,806,1,H,987381540,987381539,1
9674,806,2,B,987481541,987481539,2
9675,806,3,U,987581542,987581539,3
9676,806,4,R,987681542,987681539,3
9677,806,5,G,987781542,987781539,3
9678,806,6,E,987881543,987881539,4
9679,806,7,N,987981544,987981539,5
9680,806,8,L,988081544,988081539,5
9681,806,9,A,988181545,988181539,6
9682,806,10,N,988281546,988281539,7
9683,806,11,D,988381547,988381539,8
9684,807,0,F,988481547,988481547,0
9685,807,1,H,988581548,988581547,1
9686,807,2,B,988681548,988681547,1
9687,807,3,U,988781549,988781547,2
9688,807,4,R,988881550,988881547,3
9689,807,5,G,988981551,988981547,4
9690,807,6,E,989081552,989081547,5
9691,807,7,N,989181552,989181547,5
9692,807,8,L,989281554,989281547,7
9693,807,9,A,989381555,989381547,8
9694,807,10,N,989481557,989481547,10
9695,807,11,D,989581558,989581547,11
9696,808,0,F,989681559,989681559,0
9697,808,1,H,989781560,989781559,1
9698,808,2,B,989881560,989881559,1
9699,808,3,U,989981560,989981559,1
9700,808,4,R,990081561,990081559,2
9701,808,5,G,990181563,990181559,4
9702,808,6,E,990281564,990281559,5
9703,808,7,N,990381565,990381559,6
9704,808,8,L,990481566,990481559,7
9705,808,9,A,990581567,990581559,8
9706,808,10,N,990681568,990681559,9
9707,808,11,D,990781569,990781559,10
9708,809,0,F,990881571,990881571,0
9709,809,1,H,990981572,990981571,1
9710,809,2,B,991081573,991081571,2
9711,809,3,U,991181574,991181571,3
9712,809,4,R,991281576,991281571,5
9713,809,5,G,991381576,991381571,5
9714,809,6,E,991481577,991481571,6
9715,809,7,N,991581578,991581571,7
9716,809,8,L,991681579,991681571,8
9717,809,9,A,991781580,991781571,9
9718,809,10,N,991881580,991881571,9
9719,809,11,D,991981581,991981571,10
9720,810,0,F,992081583,992081583,0
9721,810,1,H,992181584,992181583,1
9722,810,2,B,992281585,992281583,2
9723,810,3,U,992381586,992381583,3
9724,810,4,R,992481587,992481583,4
9725,810,5,G,992581588,992581583,5
9726,810,6,E,992681589,992681583,6
9727,810,7,N,992781590,992781583,7
9728,810,8,L,992881591,992881583,8
9729,810,9,A,992981593,992981583,10
9730,810,10,N,993081595,993081583,12
9731,810,11,D,993181597,993181583,14
9732,811,0,F,993281598,993281598,0
9733,811,1,H,993381599,993381598,1
9734,811,2,B,993481599,993481598,1
9735,811,3,U,993581600,993581598,2
9736,811,4,R,993681600,993681598,2
9737,811,5,G,993781601,993781598,3
9738,811,6,E,993881602,993881598,4
9739,811,7,N,993981602,993981598,4
9740,811,8,L,994081603,994081598,5
9741,811,9,A,994181604,994181598,6
9742,811,10,N,994281606,994281598,8
9743,811,11,D,994381607,994381598,9
9744,812,0,F,994481609,994481609,0
9745,812,1,H,994581609,994581609,0
9746,812,2,B,994681609,994681609,0
9747,812,3,U,994781611,994781609,2
9748,812,4,R,994881613,994881609,4
9749,812,5,G,994981614,994981609,5
9750,812,6,E,995081614,995081609,5
9751,812,7,N,995181616,995181609,7
9752,812,8,L,995281617,995281609,8
9753,812,9,A,995381617,995381609,8
9754,812,10,N,995481618,995481609,9
9755,812,11,D,995581619,995581609,10
9756,813,0,F,995681620,995681620,0
9757,813,1,H,995781622,995781620,2
9758,813,2,B,995881622,995881620,2
9759,813,3,U,995981622,995981620,2
9760,813,4,R,996081624,996081620,4
9761,813,5,G,996181626,996181620,6
9762,813,6,E,996281628,996281620,8
9763,813,7,N,996381628,996381620,8
9764,813,8,L,996481629,996481620,9
9765,813,9,A,996581630,996581620,10
9766,813,10,N,996681632,996681620,12
9767,813,11,D,996781633,996781620,13
9768,814,0,F,996881634,996881634,0
9769,814,1,H,996981635,996981634,1
9770,814,2,B,997081636,997081634,2
9771,814,3,U,997181637,997181634,3
9772,814,4,R,997281639,997281634,5
9773,814,5,G,997381639,997381634,5
9774,814,6,E,997481641,997481634,7
9775,814,7,N,997581642,997581634,8
9776,814,8,L,997681644,997681634,10
9777,814,9,A,997781646,997781634,12
9778,814,10,N,997881646,997881634,12
9779,814,11,D,997981646,997981634,12
9780,815,0,F,998081646,998081646,0
9781,815,1,H,998181648,998181646,2
9782,815,2,B,998281649,998281646,3
9783,815,3,U,998381651,998381646,5
9784,815,4,R,998481651,998481646,5
9785,815,5,G,998581652,998581646,6
9786,815,6,E,998681654,998681646,8
9787,815,7,N,998781655,998781646,9
9788,815,8,L,998881655,998881646,9
9789,815,9,A,998981656,998981646,10
9790,815,10,N,999081657,999081646,11
9791,815,11,D,999181657,999181646,11
9792,816,0,F,999281659,999281659,0
9793,816,1,H,999381660,999381659,1
9794,816,2,B,999481661,999481659,2
9795,816,3,U,999581663,999581659,4
9796,816,4,R,999681663,999681659,4
9797,816,5,G,999781665,999781659,6
9798,816,6,E,999881666,999881659,7
9799,816,7,N,999981667,999981659,8
9800,816,8,L,1000081668,1000081659,9
9801,816,9,A,1000181670,1000181659,11
9802,816,10,N,1000281671,1000281659,12
9803,816,11,D,1000381672,1000381659,13
9804,817,0,F,1000481674,1000481674,0
9805,817,1,H,1000581675,1000581674,1
9806,817,2,B,1000681677,1000681674,3
9807,817,3,U,1000781678,1000781674,4
9808,817,4,R,1000881679,1000881674,5
9809,817,5,G,1000981681,1000981674,7
9810,817,6,E,1001081681,1001081674,7
9811,817,7,N,1001181682,1001181674,8
9812,817,8,L,1001281683,1001281674,9
9813,817,9,A,1001381684,1001381674,10
9814,817,10,N,1001481685,1001481674,11
9815,817,11,D,1001581687,1001581674,13
9816,818,0,F,1001681688,1001681688,0
9817,818,1,H,1001781688,1001781688,0
9818,818,2,B,1001881688,1001881688,0
9819,818,3,U,1001981689,1001981688,1
9820,818,4,R,1002081691,1002081688,3
9821,818,5,G,1002181693,1002181688,5
9822,818,6,E,1002281695,1002281688,7
9823,818,7,N,1002381695,1002381688,7
9824,818,8,L,1002481696,1002481688,8
9825,818,9,A,1002581697,1002581688,9
9826,818,10,N,1002681697,1002681688,9
9827,818,11,D,1002781698,1002781688,10
9828,819,0,F,1002881699,1002881699,0
9829,819,1,H,1002981699,1002981699,0
9830,819,2,B,1003081700,1003081699,1
9831,819,3,U,1003181701,1003181699,2
9832,819,4,R,1003281703,1003281699,4
9833,819,5,G,1003381703,1003381699,4
9834,819,6,E,1003481704,1003481699,5
9835,819,7,N,1003581705,1003581699,6
9836,819,8,L,1003681706,1003681699,7
9837,819,9,A,1003781707,1003781699,8
9838,819,10,N,1003881708,1003881699,9
9839,819,11,D,1003981710,1003981699,11
9840,820,0,F,1004081711,1004081711,0
9841,820,1,H,1004181712,1004181711,1
9842,820,2,B,1004281713,1004281711,2
9843,820,3,U,1004381714,1004381711,3
9844,820,4,R,1004481714,1004481711,3
9845,820,5,G,1004581714,1004581711,3
9846,820,6,E,1004681715,1004681711,4
9847,820,7,N,1004781717,1004781711,6
9848,820,8,L,1004881717,1004881711,6
9849,820,9,A,1004981718,1004981711,7
9850,820,10,N,1005081719,1005081711,8
9851,820,11,D,1005181719,1005181711,8
9852,821,0,F,1005281721,1005281721,0
9853,821,1,H,1005381722,1005381721,1
9854,821,2,B,1005481723,1005481721,2
9855,821,3,U,1005581725,1005581721,4
9856,821,4,R,1005681726,1005681721,5
9857,821,5,G,1005781727,1005781721,6
9858,821,6,E,1005881728,1005881721,7
9859,821,7,N,1005981729,1005981721,8
9860,821,8,L,1006081729,1006081721,8
9861,821,9,A,1006181731,1006181721,10
9862,821,10,N,1006281732,1006281721,11
9863,821,11,D,1006381733,1006381721,12
9864,822,0,F,1006481734,1006481734,0
9865,822,1,H,1006581735,1006581734,1
9866,822,2,B,1006681736,1006681734,2
9867,822,3,U,1006781737,1006781734,3
9868,822,4,R,1006881737,1006881734,3
9869,822,5,G,1006981738,1006981734,4
9870,822,6,E,1007081739,1007081734,5
9871,822,7,N,1007181740,1007181734,6
9872,822,8,L,1007281741,1007281734,7
9873,822,9,A,1007381742,1007381734,8
9874,822,10,N,1007481744,1007481734,10
9875,822,11,D,1007581745,1007581734,11
9876,823,0,F,1007681746,1007681746,0
9877,823,1,H,1007781748,1007781746,2
9878,823,2,B,1007881750,1007881746,4
9879,823,3,U,1007981750,1007981746,4
9880,823,4,R,1008081751,1008081746,5
9881,823,5,G,1008181752,1008181746,6
9882,823,6,E,1008281753,1008281746,7
9883,823,7,N,1008381755,1008381746,9
9884,823,8,L,1008481756,1008481746,10
9885,823,9,A,1008581757,1008581746,11
9886,823,10,N,1008681758,1008681746,12
9887,823,11,D,1008781759,1008781746,13
9888,824,0,F,1008881760,1008881760,0
9889,824,1,H,1008981761,1008981760,1
9890,824,2,B,1009081762,1009081760,2
9891,824,3,U,1009181763,1009181760,3
9892,824,4,R,1009281765,1009281760,5
9893,824,5,G,1009381766,1009381760,6
9894,824,6,E,1009481767,1009481760,7
9895,824,7,N,1009581768,1009581760,8
9896,824,8,L,1009681769,1009681760,9
9897,824,9,A,1009781770,1009781760,10
9898,824,10,N,1009881770,1009881760,10
9899,824,11,D,1009981770,1009981760,10
9900,825,0,F,1010081771,1010081771,0
9901,825,1,H,1010181772,1010181771,1
9902,825,2,B,1010281773,1010281771,2
9903,825,3,U,1010381773,1010381771,2
9904,825,4,R,1010481775,1010481771,4
9905,825,5,G,1010581775,1010581771,4
9906,825,6,E,1010681777,1010681771,6
9907,825,7,N,1010781778,1010781771,7
9908,825,8,L,1010881779,1010881771,8
9909,825,9,A,1010981780,1010981771,9
9910,825,10,N,1011081781,1011081771,10
9911,825,11,D,1011181782,1011181771,11
9912,826,0,F,1011281783,1011281783,0
9913,826,1,H,1011381783,1011381783,0
9914,826,2,B,1011481784,1011481783,1
9915,826,3,U,1011581785,1011581783,2
9916,826,4,R,1011681786,1011681783,3
9917,826,5,G,1011781786,1011781783,3
9918,826,6,E,1011881786,1011881783,3
9919,826,7,N,1011981787,1011981783,4
9920,826,8,L,1012081787,1012081783,4
9921,826,9,A,1012181788,1012181783,5
9922,826,10,N,1012281789,1012281783,6
9923,826,11,D,1012381790,1012381783,7
9924,827,0,F,1012481791,1012481791,0
9925,827,1,H,1012581792,1012581791,1
9926,827,2,B,1012681793,1012681791,2
9927,827,3,U,1012781794,1012781791,3
9928,827,4,R,1012881796,1012881791,5
9929,827,5,G,1012981796,1012981791,5
9930,827,6,E,1013081797,1013081791,6
9931,827,7,N,1013181798,1013181791,7
9932,827,8,L,1013281800,1013281791,9
9933,827,9,A,1013381801,1013381791,10
9934,827,10,N,1013481802,1013481791,11
9935,827,11,D,1013581803,1013581791,12
9936,828,0,F,1013681805,1013681805,0
9937,828,1,H,1013781806,1013781805,1
9938,828,2,B,1013881807,1013881805,2
9939,828,3,U,1013981808,1013981805,3
9940,828,4,R,1014081808,1014081805,3
9941,828,5,G,1014181808,1014181805,3
9942,828,6,E,1014281809,1014281805,4
9943,828,7,N,1014381809,1014381805,4
9944,828,8,L,1014481810,1014481805,5
9945,828,9,A,1014581810,1014581805,5
9946,828,10,N,1014681810,1014681805,5
9947,828,11,D,1014781812,1014781805,7
9948,829,0,F,1014881813,1014881813,0
9949,829,1,H,1014981814,1014981813,1
9950,829,2,B,1015081814,1015081813,1
9951,829,3,U,1015181815,1015181813,2
9952,829,4,R,1015281816,1015281813,3
9953,829,5,G,1015381817,1015381813,4
9954,829,6,E,1015481818,1015481813,5
9955,829,7,N,1015581819,1015581813,6
9956,829,8,L,1015681820,1015681813,7
9957,829,9,A,1015781821,1015781813,8
9958,829,10,N,1015881822,1015881813,9
9959,829,11,D,1015981823,1015981813,10
9960,830,0,F,1016081825,1016081825,0
9961,830,1,H,1016181825,1016181825,0
9962,830,2,B,1016281826,1016281825,1
9963,830,3,U,1016381826,1016381825,1
9964,830,4,R,1016481828,1016481825,3
9965,830,5,G,1016581829,1016581825,4
9966,830,6,E,1016681831,1016681825,6
9967,830,7,N,1016781831,1016781825,6
9968,830,8,L,1016881832,1016881825,7
9969,830,9,A,1016981832,1016981825,7
9970,830,10,N,1017081833,1017081825,8
9971,830,11,D,1017181834,1017181825,9
9972,831,0,F,1017281835,1017281835,0
9973,831,1,H,1017381837,1017381835,2
9974,831,2,B,1017481838,1017481835,3
9975,831,3,U,1017581839,1017581835,4
9976,831,4,R,1017681840,1017681835,5
9977,831,5,G,1017781842,1017781835,7
9978,831,6,E,1017881844,1017881835,9
9979,831,7,N,1017981845,1017981835,10
9980,831,8,L,1018081845,1018081835,10
9981,831,9,A,1018181846,1018181835,11
9982,831,10,N,1018281848,1018281835,13
9983,831,11,D,1018381850,1018381835,15
9984,832,0,F,1018481851,1018481851,0
9985,832,1,H,1018581852,1018581851,1
9986,832,2,B,1018681852,1018681851,1
9987,832,3,U,1018781853,1018781851,2
9988,832,4,R,1018881855,1018881851,4
9989,832,5,G,1018981857,1018981851,6
9990,832,6,E,1019081858,1019081851,7
9991,832,7,N,1019181858,1019181851,7
9992,832,8,L,1019281860,1019281851,9
9993,832,9,A,1019381861,1019381851,10
9994,832,10,N,1019481862,1019481851,11
9995,832,11,D,1019581862,1019581851,11
9996,833,0,F,1019681863,1019681863,0
9997,833,1,H,1019781864,1019781863,1
9998,833,2,B,1019881864,1019881863,1
9999,833,3,U,1019981866,1019981863,3
10000,833,4,R,1020081866,1020081863,3
10001,833,5,G,1020181868,1020181863,5
10002,833,6,E,1020281869,1020281863,6
10003,833,7,N,1020381870,1020381863,7
10004,833,8,L,1020481870,1020481863,7
10005,833,9,A,1020581872,1020581863,9
10006,833,10,N,1020681872,1020681863,9
10007,833,11,D,1020781874,1020781863,11
10008,834,0,F,1020881875,1020881875,0
10009,834,1,H,1020981877,1020981875,2
10010,834,2,B,1021081878,1021081875,3
10011,834,3,U,1021181879,1021181875,4
10012,834,4,R,1021281880,1021281875,5
10013,834,5,G,1021381880,1021381875,5
10014,834,6,E,1021481882,1021481875,7
10015,834,7,N,1021581883,1021581875,8
10016,834,8,L,1021681884,1021681875,9
10017,834,9,A,1021781885,1021781875,10
10018,834,10,N,1021881886,1021881875,11
10019,834,11,D,1021981886,1021981875,11
10020,835,0,F,1022081887,1022081887,0
10021,835,1,H,1022181888,1022181887,1
10022,835,2,B,1022281890,1022281887,3
10023,835,3,U,1022381892,1022381887,5
10024,835,4,R,1022481892,1022481887,5
10025,835,5,G,1022581894,1022581887,7
10026,835,6,E,1022681895,1022681887,8
10027,835,7,N,1022781896,1022781887,9
10028,835,8,L,1022881897,1022881887,10
10029,835,9,A,1022981898,1022981887,11
10030,835,10,N,1023081899,1023081887,12
10031,835,11,D,1023181900,1023181887,13
10032,836,0,F,1023281901,1023281901,0
10033,836,1,H,1023381901,1023381901,0
10034,836,2,B,1023481902,1023481901,1
10035,836,3,U,1023581902,1023581901,1
10036,836,4,R,1023681903,1023681901,2
10037,836,5,G,1023781904,1023781901,3
10038,836,6,E,1023881905,1023881901,4
10039,836,7,N,1023981906,1023981901,5
10040,836,8,L,1024081907,1024081901,6
10041,836,9,A,1024181907,1024181901,6
10042,836,10,N,1024281908,1024281901,7
10043,836,11,D,1024381909,1024381901,8
10044,837,0,F,1024481910,1024481910,0
10045,837,1,H,1024581911,1024581910,1
10046,837,2,B,1024681912,1024681910,2
10047,837,3,U,1024781912,1024781910,2
10048,837,4,R,1024881913,1024881910,3
10049,837,5,G,1024981913,1024981910,3
10050,837,6,E,1025081914,1025081910,4
10051,837,7,N,1025181915,1025181910,5
10052,837,8,L,1025281917,1025281910,7
10053,837,9,A,1025381918,1025381910,8
10054,837,10,N,1025481918,1025481910,8
10055,837,11,D,1025581919,1025581910,9
10056,838,0,F,1025681921,1025681921,0
10057,838,1,H,1025781922,1025781921,1
10058,838,2,B,1025881923,1025881921,2
10059,838,3,U,1025981924,1025981921,3
10060,838,4,R,1026081924,1026081921,3
10061,838,5,G,1026181925,1026181921,4
10062,838,6,E,1026281926,1026281921,5
10063,838,7,N,1026381928,1026381921,7
10064,838,8,L,1026481928,1026481921,7
10065,838,9,A,1026581929,1026581921,8
10066,838,10,N,1026681931,1026681921,10
10067,838,11,D,1026781932,1026781921,11
10068,839,0,F,1026881933,1026881933,0
10069,839,1,H,1026981934,1026981933,1
10070,839,2,B,1027081935,1027081933,2
10071,839,3,U,1027181936,1027181933,3
10072,839,4,R,1027281937,1027281933,4
10073,839,5,G,1027381939,1027381933,6
10074,839,6,E,1027481940,1027481933,7
10075,839,7,N,1027581941,1027581933,8
10076,839,8,L,1027681941,1027681933,8
10077,839,9,A,1027781942,1027781933,9
10078,839,10,N,1027881944,1027881933,11
10079,839,11,D,1027981946,1027981933,13
10080,840,0,F,1028081947,1028081947,0
10081,840,1,H,1028181948,1028181947,1
10082,840,2,B,1028281950,1028281947,3
10083,840,3,U,1028381951,1028381947,4
10084,840,4,R,1028481952,1028481947,5
10085,840,5,G,1028581954,1028581947,7
10086,840,6,E,1028681954,1028681947,7
10087,840,7,N,1028781956,1028781947,9
10088,840,8,L,1028881958,1028881947,11
10089,840,9,A,1028981958,1028981947,11
10090,840,10,N,1029081959,1029081947,12
10091,840,11,D,1029181960,1029181947,13
10092,841,0,F,1029281961,1029281961,0
10093,841,1,H,1029381962,1029381961,1
10094,841,2,B,1029481963,1029481961,2
10095,841,3,U,1029581964,1029581961,3
10096,841,4,R,1029681966,1029681961,5
10097,841,5,G,1029781966,1029781961,5
10098,841,6,E,1029881968,1029881961,7
10099,841,7,N,1029981969,1029981961,8
10100,841,8,L,1030081969,1030081961,8
10101,841,9,A,1030181970,1030181961,9
10102,841,10,N,1030281971,1030281961,10
10103,841,11,D,1030381972,1030381961,11
10104,842,0,F,1030481974,1030481974,0
10105,842,1,H,1030581974,1030581974,0
10106,842,2,B,1030681974,1030681974,0
10107,842,3,U,1030781976,1030781974,2
10108,842,4,R,1030881977,1030881974,3
10109,842,5,G,1030981978,1030981974,4
10110,842,6,E,1031081978,1031081974,4
10111,842,7,N,1031181978,1031181974,4
10112,842,8,L,1031281979,1031281974,5
10113,842,9,A,1031381980,1031381974,6
10114,842,10,N,1031481980,1031481974,6
10115,842,11,D,1031581981,1031581974,7
10116,843,0,F,1031681982,1031681982,0
10117,843,1,H,1031781982,1031781982,0
10118,843,2,B,1031881984,1031881982,2
10119,843,3,U,1031981985,1031981982,3
10120,843,4,R,1032081986,1032081982,4
10121,843,5,G,1032181987,1032181982,5
10122,843,6,E,1032281989,1032281982,7
10123,843,7,N,1032381991,1032381982,9
10124,843,8,L,1032481991,1032481982,9
10125,843,9,A,1032581992,1032581982,10
10126,843,10,N,1032681994,1032681982,12
10127,843,11,D,1032781995,1032781982,13
10128,844,0,F,1032881996,1032881996,0
10129,844,1,H,1032981996,1032981996,0
10130,844,2,B,1033081997,1033081996,1
10131,844,3,U,1033181998,1033181996,2
10132,844,4,R,1033282000,1033281996,4
10133,844,5,G,1033382002,1033381996,6
10134,844,6,E,1033482003,1033481996,7
10135,844,7,N,1033582004,1033581996,8
10136,844,8,L,1033682004,1033681996,8
10137,844,9,A,1033782005,1033781996,9
10138,844,10,N,1033882007,1033881996,11
10139,844,11,D,1033982007,1033981996,11
10140,845,0,F,1034082008,1034082008,0
10141,845,1,H,1034182009,1034182008,1
10142,845,2,B,1034282010,1034282008,2
10143,845,3,U,1034382011,1034382008,3
10144,845,4,R,1034482012,1034482008,4
10145,845,5,G,1034582014,1034582008,6
10146,845,6,E,1034682015,1034682008,7
10147,845,7,N,1034782016,1034782008,8
10148,845,8,L,1034882017,1034882008,9
10149,845,9,A,1034982018,1034982008,10
10150,845,10,N,1035082020,1035082008,12
10151,845,11,D,1035182020,1035182008,12
10152,846,0,F,1035282021,1035282021,0
10153,846,1,H,1035382022,1035382021,1
10154,846,2,B,1035482023,1035482021,2
10155,846,3,U,1035582025,1035582021,4
10156,846,4,R,1035682026,1035682021,5
10157,846,5,G,1035782027,1035782021,6
10158,846,6,E,1035882029,1035882021,8
10159,846,7,N,1035982029,1035982021,8
10160,846,8,L,1036082030,1036082021,9
10161,846,9,A,1036182031,1036182021,10
10162,846,10,N,1036282032,1036282021,11
10163,846,11,D,1036382033,1036382021,12
10164,847,0,F,1036482033,1036482033,0
10165,847,1,H,1036582034,1036582033,1
10166,847,2,B,1036682035,1036682033,2
10167,847,3,U,1036782035,1036782033,2
10168,847,4,R,1036882036,1036882033,3
10169,847,5,G,1036982036,1036982033,3
10170,847,6,E,1037082037,1037082033,4
10171,847,7,N,1037182038,1037182033,5
10172,847,8,L,1037282039,1037282033,6
10173,847,9,A,1037382039,1037382033,6
10174,847,10,N,1037482039,1037482033,6
10175,847,11,D,1037582040,1037582033,7
10176,848,0,F,1037682042,1037682042,0
10177,848,1,H,1037782042,1037782042,0
10178,848,2,B,1037882042,1037882042,0
10179,848,3,U,1037982043,1037982042,1
10180,848,4,R,1038082044,1038082042,2
10181,848,5,G,1038182045,1038182042,3
10182,848,6,E,1038282047,1038282042,5
10183,848,7,N,1038382048,1038382042,6
10184,848,8,L,1038482048,1038482042,6
10185,848,9,A,1038582050,1038582042,8
10186,848,10,N,1038682050,1038682042,8
10187,848,11,D,1038782051,1038782042,9
10188,849,0,F,1038882052,1038882052,0
10189,849,1,H,1038982053,1038982052,1
10190,849,2,B,1039082054,1039082052,2
10191,849,3,U,1039182055,1039182052,3
10192,849,4,R,1039282056,1039282052,4
10193,849,5,G,1039382056,1039382052,4
10194,849,6,E,1039482057,1039482052,5
10195,849,7,N,1039582058,1039582052,6
10196,849,8,L,1039682060,1039682052,8
10197,849,9,A,1039782061,1039782052,9
10198,849,10,N,1039882062,1039882052,10
10199,849,11,D,1039982064,1039982052,12
10200,850,0,F,1040082066,1040082066,0
10201,850,1,H,1040182066,1040182066,0
10202,850,2,B,1040282068,1040282066,2
10203,850,3,U,1040382068,1040382066,2
10204,850,4,R,1040482070,1040482066,4
10205,850,5,G,1040582071,1040582066,5
10206,850,6,E,1040682071,1040682066,5
10207,850,7,N,1040782072,1040782066,6
10208,850,8,L,1040882073,1040882066,7
10209,850,9,A,1040982074,1040982066,8
10210,850,10,N,1041082076,1041082066,10
10211,850,11,D,1041182077,1041182066,11
10212,851,0,F,1041282078,1041282078,0
10213,851,1,H,1041382080,1041382078,2
10214,851,2,B,1041482081,1041482078,3
10215,851,3,U,1041582081,1041582078,3
10216,851,4,R,1041682082,1041682078,4
10217,851,5,G,1041782083,1041782078,5
10218,851,6,E,1041882085,1041882078,7
10219,851,7,N,1041982087,1041982078,9
10220,851,8,L,1042082088,1042082078,10
10221,851,9,A,1042182089,1042182078,11
10222,851,10,N,1042282091,1042282078,13
10223,851,11,D,1042382092,1042382078,14
10224,852,0,F,1042482092,1042482092,0
10225,852,1,H,1042582093,1042582092,1
10226,852,2,B,1042682094,1042682092,2
10227,852,3,U,1042782094,1042782092,2
10228,852,4,R,1042882095,1042882092,3
10229,852,5,G,1042982096,1042982092,4
10230,852,6,E,1043082096,1043082092,4
10231,852,7,N,1043182096,1043182092,4
10232,852,8,L,1043282097,1043282092,5
10233,852,9,A,1043382099,1043382092,7
10234,852,10,N,1043482099,1043482092,7
10235,852,11,D,1043582099,1043582092,7
10236,853,0,F,1043682100,1043682100,0
10237,853,1,H,1043782100,1043782100,0
10238,853,2,B,1043882101,1043882100,1
10239,853,3,U,1043982102,1043982100,2
10240,853,4,R,1044082103,1044082100,3
10241,853,5,G,1044182104,1044182100,4
10242,853,6,E,1044282105,1044282100,5
10243,853,7,N,1044382106,1044382100,6
10244,853,8,L,1044482107,1044482100,7
10245,853,9,A,1044582108,1044582100,8
10246,853,10,N,1044682109,1044682100,9
10247,853,11,D,1044782110,1044782100,10
10248,854,0,F,1044882111,1044882111,0
10249,854,1,H,1044982111,1044982111,0
10250,854,2,B,1045082113,1045082111,2
10251,854,3,U,1045182114,1045182111,3
10252,854,4,R,1045282116,1045282111,5
10253,854,5,G,1045382117,1045382111,6
10254,854,6,E,1045482117,1045482111,6
10255,854,7,N,1045582119,1045582111,8
10256,854,8,L,1045682120,1045682111,9
10257,854,9,A,1045782121,1045782111,10
10258,854,10,N,1045882122,1045882111,11
10259,854,11,D,1045982124,1045982111,13
10260,855,0,F,1046082125,1046082125,0
10261,855,1,H,1046182126,1046182125,1
10262,855,2,B,1046282127,1046282125,2
10263,855,3,U,1046382128,1046382125,3
10264,855,4,R,1046482128,1046482125,3
10265,855,5,G,1046582129,1046582125,4
10266,855,6,E,1046682129,1046682125,4
10267,855,7,N,1046782129,1046782125,4
10268,855,8,L,1046882130,1046882125,5
10269,855,9,A,1046982130,1046982125,5
10270,855,10,N,1047082132,1047082125,7
10271,855,11,D,1047182134,1047182125,9
10272,856,0,F,1047282136,1047282136,0
10273,856,1,H,1047382138,1047382136,2
10274,856,2,B,1047482139,1047482136,3
10275,856,3,U,1047582140,1047582136,4
10276,856,4,R,1047682141,1047682136,5
10277,856,5,G,1047782142,1047782136,6
10278,856,6,E,1047882143,1047882136,7
10279,856,7,N,1047982145,1047982136,9
10280,856,8,L,1048082146,1048082136,10
10281,856,9,A,1048182147,1048182136,11
10282,856,10,N,1048282148,1048282136,12
10283,856,11,D,1048382149,1048382136,13
10284,857,0,F,1048482149,1048482149,0
10285,857,1,H,1048582150,1048582149,1
10286,857,2,B,1048682150,1048682149,1
10287,857,3,U,1048782150,1048782149,1
10288,857,4,R,1048882150,1048882149,1
10289,857,5,G,1048982151,1048982149,2
10290,857,6,E,1049082152,1049082149,3
10291,857,7,N,1049182153,1049182149,4
10292,857,8,L,1049282154,1049282149,5
10293,857,9,A,1049382154,1049382149,5
10294,857,10,N,1049482154,1049482149,5
10295,857,11,D,1049582155,1049582149,6
10296,858,0,F,1049682157,1049682157,0
10297,858,1,H,1049782158,1049782157,1
10298,858,2,B,1049882159,1049882157,2
10299,858,3,U,1049982159,1049982157,2
10300,858,4,R,1050082160,1050082157,3
10301,858,5,G,1050182162,1050182157,5
10302,858,6,E,1050282164,1050282157,7
10303,858,7,N,1050382165,1050382157,8
10304,858,8,L,1050482166,1050482157,9
10305,858,9,A,1050582168,1050582157,11
10306,858,10,N,1050682169,1050682157,12
10307,858,11,D,1050782170,1050782157,13
10308,859,0,F,1050882172,1050882172,0
10309,859,1,H,1050982173,1050982172,1
10310,859,2,B,1051082174,1051082172,2
10311,859,3,U,1051182176,1051182172,4
10312,859,4,R,1051282177,1051282172,5
10313,859,5,G,1051382177,1051382172,5
10314,859,6,E,1051482177,1051482172,5
10315,859,7,N,1051582177,1051582172,5
10316,859,8,L,1051682178,1051682172,6
10317,859,9,A,1051782180,1051782172,8
10318,859,10,N,1051882180,1051882172,8
10319,859,11,D,1051982182,1051982172,10
10320,860,0,F,1052082183,1052082183,0
10321,860,1,H,1052182184,1052182183,1
10322,860,2,B,1052282186,1052282183,3
10323,860,3,U,1052382186,1052382183,3
10324,860,4,R,1052482187,1052482183,4
10325,860,5,G,1052582187,1052582183,4
10326,860,6,E,1052682187,1052682183,4
10327,860,7,N,1052782188,1052782183,5
10328,860,8,L,1052882189,1052882183,6
10329,860,9,A,1052982190,1052982183,7
10330,860,10,N,1053082190,1053082183,7
10331,860,11,D,1053182191,1053182183,8
10332,861,0,F,1053282193,1053282193,0
10333,861,1,H,1053382194,1053382193,1
10334,861,2,B,1053482195,1053482193,2
10335,861,3,U,1053582196,1053582193,3
10336,861,4,R,1053682197,1053682193,4
10337,861,5,G,1053782198,1053782193,5
10338,861,6,E,1053882200,1053882193,7
10339,861,7,N,1053982201,1053982193,8
10340,861,8,L,1054082201,1054082193,8
10341,861,9,A,1054182203,1054182193,10
10342,861,10,N,1054282204,1054282193,11
10343,861,11,D,1054382205,1054382193,12
10344,862,0,F,1054482205,1054482205,0
10345,862,1,H,1054582206,1054582205,1
10346,862,2,B,1054682207,1054682205,2
10347,862,3,U,1054782208,1054782205,3
10348,862,4,R,1054882208,1054882205,3
10349,862,5,G,1054982210,1054982205,5
10350,862,6,E,1055082211,1055082205,6
10351,862,7,N,1055182213,1055182205,8
10352,862,8,L,1055282214,1055282205,9
10353,862,9,A,1055382214,1055382205,9
10354,862,10,N,1055482215,1055482205,10
10355,862,11,D,1055582216,1055582205,11
10356,863,0,F,1055682217,1055682217,0
10357,863,1,H,1055782218,1055782217,1
10358,863,2,B,1055882219,1055882217,2
10359,863,3,U,1055982220,1055982217,3
10360,863,4,R,1056082220,1056082217,3
10361,863,5,G,1056182221,1056182217,4
10362,863,6,E,1056282222,1056282217,5
10363,863,7,N,1056382223,1056382217,6
10364,863,8,L,1056482224,1056482217,7
10365,863,9,A,1056582224,1056582217,7
10366,863,10,N,1056682225,1056682217,8
10367,863,11,D,1056782225,1056782217,8
10368,864,0,F,1056882226,1056882226,0
10369,864,1,H,1056982227,1056982226,1
10370,864,2,B,1057082227,1057082226,1
10371,864,3,U,1057182228,1057182226,2
10372,864,4,R,1057282229,1057282226,3
10373,864,5,G,1057382230,1057382226,4
10374,864,6,E,1057482231,1057482226,5
10375,864,7,N,1057582232,1057582226,6
10376,864,8,L,1057682233,1057682226,7
10377,864,9,A,1057782234,1057782226,8
10378,864,10,N,1057882234,1057882226,8
10379,864,11,D,1057982235,1057982226,9
10380,865,0,F,1058082236,1058082236,0
10381,865,1,H,1058182237,1058182236,1
10382,865,2,B,1058282238,1058282236,2
10383,865,3,U,1058382238,1058382236,2
10384,865,4,R,1058482240,1058482236,4
10385,865,5,G,1058582241,1058582236,5
10386,865,6,E,1058682242,1058682236,6
10387,865,7,N,1058782243,1058782236,7
10388,865,8,L,1058882244,1058882236,8
10389,865,9,A,1058982245,1058982236,9
10390,865,10,N,1059082246,1059082236,10
10391,865,11,D,1059182248,1059182236,12
10392,866,0,F,1059282250,1059282250,0
10393,866,1,H,1059382251,1059382250,1
10394,866,2,B,1059482252,1059482250,2
10395,866,3,U,1059582254,1059582250,4
10396,866,4,R,1059682255,1059682250,5
10397,866,5,G,1059782255,1059782250,5
10398,866,6,E,1059882257,1059882250,7
10399,866,7,N,1059982258,1059982250,8
10400,866,8,L,1060082259,1060082250,9
10401,866,9,A,1060182260,1060182250,10
10402,866,10,N,1060282262,1060282250,12
10403,866,11,D,1060382262,1060382250,12
10404,867,0,F,1060482263,1060482263,0
10405,867,1,H,1060582264,1060582263,1
10406,867,2,B,1060682265,1060682263,2
10407,867,3,U,1060782266,1060782263,3
10408,867,4,R,1060882267,1060882263,4
10409,867,5,G,1060982268,1060982263,5
10410,867,6,E,1061082269,1061082263,6
10411,867,7,N,1061182270,1061182263,7
10412,867,8,L,1061282271,1061282263,8
10413,867,9,A,1061382273,1061382263,10
10414,867,10,N,1061482274,1061482263,11
10415,867,11,D,1061582275,1061582263,12
10416,868,0,F,1061682276,1061682276,0
10417,868,1,H,1061782278,1061782276,2
10418,868,2,B,1061882279,1061882276,3
10419,868,3,U,1061982280,1061982276,4
10420,868,4,R,1062082281,1062082276,5
10421,868,5,G,1062182281,1062182276,5
10422,868,6,E,1062282282,1062282276,6
10423,868,7,N,1062382284,1062382276,8
10424,868,8,L,1062482285,1062482276,9
10425,868,9,A,1062582286,1062582276,10
10426,868,10,N,1062682288,1062682276,12
10427,868,11,D,1062782289,1062782276,13
10428,869,0,F,1062882291,1062882291,0
10429,869,1,H,1062982292,1062982291,1
10430,869,2,B,1063082293,1063082291,2
10431,869,3,U,1063182294,1063182291,3
10432,869,4,R,1063282295,1063282291,4
10433,869,5,G,1063382296,1063382291,5
10434,869,6,E,1063482296,1063482291,5
10435,869,7,N,1063582297,1063582291,6
10436,869,8,L,1063682298,1063682291,7
10437,869,9,A,1063782299,1063782291,8
10438,869,10,N,1063882300,1063882291,9
10439,869,11,D,1063982301,1063982291,10
10440,870,0,F,1064082302,1064082302,0
10441,870,1,H,1064182303,1064182302,1
10442,870,2,B,1064282303,1064282302,1
10443,870,3,U,1064382304,1064382302,2
10444,870,4,R,1064482305,1064482302,3
10445,870,5,G,1064582306,1064582302,4
10446,870,6,E,1064682306,1064682302,4
10447,870,7,N,1064782307,1064782302,5
10448,870,8,L,1064882308,1064882302,6
10449,870,9,A,1064982310,1064982302,8
10450,870,10,N,1065082312,1065082302,10
10451,870,11,D,1065182313,1065182302,11
10452,871,0,F,1065282314,1065282314,0
10453,871,1,H,1065382315,1065382314,1
10454,871,2,B,1065482315,1065482314,1
10455,871,3,U,1065582316,1065582314,2
10456,871,4,R,1065682316,1065682314,2
10457,871,5,G,1065782317,1065782314,3
10458,871,6,E,1065882318,1065882314,4
10459,871,7,N,1065982318,1065982314,4
10460,871,8,L,1066082319,1066082314,5
10461,871,9,A,1066182319,1066182314,5
10462,871,10,N,1066282320,1066282314,6
10463,871,11,D,1066382321,1066382314,7
10464,872,0,F,1066482322,1066482322,0
10465,872,1,H,1066582322,1066582322,0
10466,872,2,B,1066682323,1066682322,1
10467,872,3,U,1066782325,1066782322,3
10468,872,4,R,1066882327,1066882322,5
10469,872,5,G,1066982329,1066982322,7
10470,872,6,E,1067082330,1067082322,8
10471,872,7,N,1067182330,1067182322,8
10472,872,8,L,1067282331,1067282322,9
10473,872,9,A,1067382331,1067382322,9
10474,872,10,N,1067482333,1067482322,11
10475,872,11,D,1067582333,1067582322,11
10476,873,0,F,1067682334,1067682334,0
10477,873,1,H,1067782335,1067782334,1
10478,873,2,B,1067882336,1067882334,2
10479,873,3,U,1067982336,1067982334,2
10480,873,4,R,1068082338,1068082334,4
10481,873,5,G,1068182339,1068182334,5
10482,873,6,E,1068282341,1068282334,7
10483,873,7,N,1068382342,1068382334,8
10484,873,8,L,1068482342,1068482334,8
10485,873,9,A,1068582344,1068582334,10
10486,873,10,N,1068682345,1068682334,11
10487,873,11,D,1068782346,1068782334,12
10488,874,0,F,1068882346,1068882346,0
10489,874,1,H,1068982347,1068982346,1
10490,874,2,B,1069082348,1069082346,2
10491,874,3,U,1069182350,1069182346,4
10492,874,4,R,1069282351,1069282346,5
10493,874,5,G,1069382352,1069382346,6
10494,874,6,E,1069482353,1069482346,7
10495,874,7,N,1069582354,1069582346,8
10496,874,8,L,1069682355,1069682346,9
10497,874,9,A,1069782355,1069782346,9
10498,874,10,N,1069882356,1069882346,10
10499,874,11,D,1069982357,1069982346,11
10500,875,0,F,1070082358,1070082358,0
10501,875,1,H,1070182358,1070182358,0
10502,875,2,B,1070282359,1070282358,1
10503,875,3,U,1070382360,1070382358,2
10504,875,4,R,1070482360,1070482358,2
10505,875,5,G,1070582361,1070582358,3
10506,875,6,E,1070682362,1070682358,4
10507,875,7,N,1070782362,1070782358,4
10508,875,8,L,1070882364,1070882358,6
10509,875,9,A,1070982365,1070982358,7
10510,875,10,N,1071082367,1071082358,9
10511,875,11,D,1071182367,1071182358,9
10512,876,0,F,1071282369,1071282369,0
10513,876,1,H,1071382371,1071382369,2
10514,876,2,B,1071482372,1071482369,3
10515,876,3,U,1071582373,1071582369,4
10516,876,4,R,1071682374,1071682369,5
10517,876,5,G,1071782375,1071782369,6
10518,876,6,E,1071882377,1071882369,8
10519,876,7,N,1071982378,1071982369,9
10520,876,8,L,1072082379,1072082369,10
10521,876,9,A,1072182380,1072182369,11
10522,876,10,N,1072282381,1072282369,12
10523,876,11,D,1072382382,1072382369,13
10524,877,0,F,1072482383,1072482383,0
10525,877,1,H,1072582383,1072582383,0
10526,877,2,B,1072682384,1072682383,1
10527,877,3,U,1072782385,1072782383,2
10528,877,4,R,1072882386,1072882383,3
10529,877,5,G,1072982387,1072982383,4
10530,877,6,E,1073082387,1073082383,4
10531,877,7,N,1073182388,1073182383,5
10532,877,8,L,1073282389,1073282383,6
10533,877,9,A,1073382391,1073382383,8
10534,877,10,N,1073482391,1073482383,8
10535,877,11,D,1073582393,1073582383,10
10536,878,0,F,1073682394,1073682394,0
10537,878,1,H,1073782394,1073782394,0
10538,878,2,B,1073882395,1073882394,1
10539,878,3,U,1073982397,1073982394,3
10540,878,4,R,1074082397,1074082394,3
10541,878,5,G,1074182398,1074182394,4
10542,878,6,E,1074282399,1074282394,5
10543,878,7,N,1074382399,1074382394,5
10544,878,8,L,1074482400,1074482394,6
10545,878,9,A,1074582401,1074582394,7
10546,878,10,N,1074682402,1074682394,8
10547,878,11,D,1074782403,1074782394,9
10548,879,0,F,1074882404,1074882404,0
10549,879,1,H,1074982406,1074982404,2
10550,879,2,B,1075082407,1075082404,3
10551,879,3,U,1075182407,1075182404,3
10552,879,4,R,1075282408,1075282404,4
10553,879,5,G,1075382409,1075382404,5
10554,879,6,E,1075482410,1075482404,6
10555,879,7,N,1075582411,1075582404,7
10556,879,8,L,1075682412,1075682404,8
10557,879,9,A,1075782412,1075782404,8
10558,879,10,N,1075882414,1075882404,10
10559,879,11,D,1075982415,1075982404,11
10560,880,0,F,1076082416,1076082416,0
10561,880,1,H,1076182417,1076182416,1
10562,880,2,B,1076282418,1076282416,2
10563,880,3,U,1076382419,1076382416,3
10564,880,4,R,1076482421,1076482416,5
10565,880,5,G,1076582422,1076582416,6
10566,880,6,E,1076682423,1076682416,7
10567,880,7,N,1076782424,1076782416,8
10568,880,8,L,1076882424,1076882416,8
10569,880,9,A,1076982425,1076982416,9
10570,880,10,N,1077082427,1077082416,11
10571,880,11,D,1077182428,1077182416,12
10572,881,0,F,1077282429,1077282429,0
10573,881,1,H,1077382429,1077382429,0
10574,881,2,B,1077482431,1077482429,2
10575,881,3,U,1077582433,1077582429,4
10576,881,4,R,1077682434,1077682429,5
10577,881,5,G,1077782435,1077782429,6
10578,881,6,E,1077882435,1077882429,6
10579,881,7,N,1077982436,1077982429,7
10580,881,8,L,1078082437,1078082429,8
10581,881,9,A,1078182438,1078182429,9
10582,881,10,N,1078282439,1078282429,10
10583,881,11,D,1078382439,1078382429,10
10584,882,0,F,1078482440,1078482440,0
10585,882,1,H,1078582441,1078582440,1
10586,882,2,B,1078682441,1078682440,1
10587,882,3,U,1078782442,1078782440,2
10588,882,4,R,1078882443,1078882440,3
10589,882,5,G,1078982445,1078982440,5
10590,882,6,E,1079082446,1079082440,6
10591,882,7,N,1079182447,1079182440,7
10592,882,8,L,1079282448,1079282440,8
10593,882,9,A,1079382449,1079382440,9
10594,882,10,N,1079482449,1079482440,9
10595,882,11,D,1079582450,1079582440,10
10596,883,0,F,1079682450,1079682450,0
10597,883,1,H,1079782451,1079782450,1
10598,883,2,B,1079882452,1079882450,2
10599,883,3,U,1079982453,1079982450,3
10600,883,4,R,1080082454,1080082450,4
10601,883,5,G,1080182455,1080182450,5
10602,883,6,E,1080282456,1080282450,6
10603,883,7,N,1080382457,1080382450,7
10604,883,8,L,1080482457,1080482450,7
10605,883,9,A,1080582457,1080582450,7
10606,883,10,N,1080682458,1080682450,8
10607,883,11,D,1080782458,1080782450,8
10608,884,0,F,1080882459,1080882459,0
10609,884,1,H,1080982460,1080982459,1
10610,884,2,B,1081082462,1081082459,3
10611,884,3,U,1081182463,1081182459,4
10612,884,4,R,1081282464,1081282459,5
10613,884,5,G,1081382464,1081382459,5
10614,884,6,E,1081482466,1081482459,7
10615,884,7,N,1081582467,1081582459,8
10616,884,8,L,1081682468,1081682459,9
10617,884,9,A,1081782469,1081782459,10
10618,884,10,N,1081882470,1081882459,11
10619,884,11,D,1081982471,1081982459,12
10620,885,0,F,1082082472,1082082472,0
10621,885,1,H,1082182472,1082182472,0
10622,885,2,B,1082282474,1082282472,2
10623,885,3,U,1082382474,1082382472,2
10624,885,4,R,1082482475,1082482472,3
10625,885,5,G,1082582476,1082582472,4
10626,885,6,E,1082682477,1082682472,5
10627,885,7,N,1082782478,1082782472,6
10628,885,8,L,1082882479,1082882472,7
10629,885,9,A,1082982480,1082982472,8
10630,885,10,N,1083082481,1083082472,9
10631,885,11,D,1083182482,1083182472,10
10632,886,0,F,1083282484,1083282484,0
10633,886,1,H,1083382485,1083382484,1
10634,886,2,B,1083482486,1083482484,2
10635,886,3,U,1083582487,1083582484,3
10636,886,4,R,1083682488,1083682484,4
10637,886,5,G,1083782489,1083782484,5
10638,886,6,E,1083882491,1083882484,7
10639,886,7,N,1083982492,1083982484,8
10640,886,8,L,1084082493,1084082484,9
10641,886,9,A,1084182493,1084182484,9
10642,886,10,N,1084282495,1084282484,11
10643,886,11,D,1084382497,1084382484,13
10644,887,0,F,1084482497,1084482497,0
10645,887,1,H,1084582498,1084582497,1
10646,887,2,B,1084682499,1084682497,2
10647,887,3,U,1084782500,1084782497,3
10648,887,4,R,1084882501,1084882497,4
10649,887,5,G,1084982502,1084982497,5
10650,887,6,E,1085082504,1085082497,7
10651,887,7,N,1085182505,1085182497,8
10652,887,8,L,1085282507,1085282497,10
10653,887,9,A,1085382508,1085382497,11
10654,887,10,N,1085482508,1085482497,11
10655,887,11,D,1085582508,1085582497,11
10656,888,0,F,1085682509,1085682509,0
10657,888,1,H,1085782509,1085782509,0
10658,888,2,B,1085882510,1085882509,1
10659,888,3,U,1085982510,1085982509,1
10660,888,4,R,1086082511,1086082509,2
10661,888,5,G,1086182513,1086182509,4
10662,888,6,E,1086282515,1086282509,6
10663,888,7,N,1086382516,1086382509,7
10664,888,8,L,1086482517,1086482509,8
10665,888,9,A,1086582517,1086582509,8
10666,888,10,N,1086682517,1086682509,8
10667,888,11,D,1086782518,1086782509,9
10668,889,0,F,1086882519,1086882519,0
10669,889,1,H,1086982519,1086982519,0
10670,889,2,B,1087082520,1087082519,1
10671,889,3,U,1087182521,1087182519,2
10672,889,4,R,1087282522,1087282519,3
10673,889,5,G,1087382523,1087382519,4
10674,889,6,E,1087482524,1087482519,5
10675,889,7,N,1087582525,1087582519,6
10676,889,8,L,1087682525,1087682519,6
10677,889,9,A,1087782526,1087782519,7
10678,889,10,N,1087882527,1087882519,8
10679,889,11,D,1087982528,1087982519,9
10680,890,0,F,1088082529,1088082529,0
10681,890,1,H,1088182530,1088182529,1
10682,890,2,B,1088282531,1088282529,2
10683,890,3,U,1088382532,1088382529,3
10684,890,4,R,1088482533,1088482529,4
10685,890,5,G,1088582534,1088582529,5
10686,890,6,E,1088682536,1088682529,7
10687,890,7,N,1088782537,1088782529,8
10688,890,8,L,1088882539,1088882529,10
10689,890,9,A,1088982541,1088982529,12
10690,890,10,N,1089082543,1089082529,14
10691,890,11,D,1089182543,1089182529,14
10692,891,0,F,1089282544,1089282544,0
10693,891,1,H,1089382545,1089382544,1
10694,891,2,B,1089482546,1089482544,2
10695,891,3,U,1089582548,1089582544,4
10696,891,4,R,1089682549,1089682544,5
10697,891,5,G,1089782550,1089782544,6
10698,891,6,E,1089882551,1089882544,7
10699,891,7,N,1089982552,1089982544,8
10700,891,8,L,1090082553,1090082544,9
10701,891,9,A,1090182553,1090182544,9
10702,891,10,N,1090282555,1090282544,11
10703,891,11,D,1090382555,1090382544,11
10704,892,0,F,1090482556,1090482556,0
10705,892,1,H,1090582558,1090582556,2
10706,892,2,B,1090682559,1090682556,3
10707,892,3,U,1090782560,1090782556,4
10708,892,4,R,1090882562,1090882556,6
10709,892,5,G,1090982563,1090982556,7
10710,892,6,E,1091082564,1091082556,8
10711,892,7,N,1091182565,1091182556,9
10712,892,8,L,1091282566,1091282556,10
10713,892,9,A,1091382567,1091382556,11
10714,892,10,N,1091482568,1091482556,12
10715,892,11,D,1091582569,1091582556,13
10716,893,0,F,1091682570,1091682570,0
10717,893,1,H,1091782571,1091782570,1
10718,893,2,B,1091882572,1091882570,2
10719,893,3,U,1091982573,1091982570,3
10720,893,4,R,1092082575,1092082570,5
10721,893,5,G,1092182576,1092182570,6
10722,893,6,E,1092282577,1092282570,7
10723,893,7,N,1092382579,1092382570,9
10724,893,8,L,1092482580,1092482570,10
10725,893,9,A,1092582581,1092582570,11
10726,893,10,N,1092682582,1092682570,12
10727,893,11,D,1092782583,1092782570,13
10728,894,0,F,1092882585,1092882585,0
10729,894,1,H,1092982587,1092982585,2
10730,894,2,B,1093082588,1093082585,3
10731,894,3,U,1093182589,1093182585,4
10732,894,4,R,1093282590,1093282585,5
10733,894,5,G,1093382592,1093382585,7
10734,894,6,E,1093482594,1093482585,9
10735,894,7,N,1093582595,1093582585,10
10736,894,8,L,1093682597,1093682585,12
10737,894,9,A,1093782598,1093782585,13
10738,894,10,N,1093882599,1093882585,14
10739,894,11,D,1093982599,1093982585,14
10740,895,0,F,1094082599,1094082599,0
10741,895,1,H,1094182600,1094182599,1
10742,895,2,B,1094282601,1094282599,2
10743,895,3,U,1094382603,1094382599,4
10744,895,4,R,1094482604,1094482599,5
10745,895,5,G,1094582605,1094582599,6
10746,895,6,E,1094682606,1094682599,7
10747,895,7,N,1094782606,1094782599,7
10748,895,8,L,1094882607,1094882599,8
10749,895,9,A,1094982608,1094982599,9
10750,895,10,N,1095082609,1095082599,10
10751,895,11,D,1095182610,1095182599,11
10752,896,0,F,1095282611,1095282611,0
10753,896,1,H,1095382612,1095382611,1
10754,896,2,B,1095482613,1095482611,2
10755,896,3,U,1095582615,1095582611,4
10756,896,4,R,1095682616,1095682611,5
10757,896,5,G,1095782618,1095782611,7
10758,896,6,E,1095882620,1095882611,9
10759,896,7,N,1095982621,1095982611,10
10760,896,8,L,1096082622,1096082611,11
10761,896,9,A,1096182623,1096182611,12
10762,896,10,N,1096282624,1096282611,13
10763,896,11,D,1096382626,1096382611,15
10764,897,0,F,1096482627,1096482627,0
10765,897,1,H,1096582628,1096582627,1
10766,897,2,B,1096682630,1096682627,3
10767,897,3,U,1096782630,1096782627,3
10768,897,4,R,1096882631,1096882627,4
10769,897,5,G,1096982631,1096982627,4
10770,897,6,E,1097082632,1097082627,5
10771,897,7,N,1097182632,1097182627,5
10772,897,8,L,1097282634,1097282627,7
10773,897,9,A,1097382635,1097382627,8
10774,897,10,N,1097482635,1097482627,8
10775,897,11,D,1097582635,1097582627,8
10776,898,0,F,1097682636,1097682636,0
10777,898,1,H,1097782637,1097782636,1
10778,898,2,B,1097882639,1097882636,3
10779,898,3,U,1097982639,1097982636,3
10780,898,4,R,1098082641,1098082636,5
10781,898,5,G,1098182642,1098182636,6
10782,898,6,E,1098282644,1098282636,8
10783,898,7,N,1098382644,1098382636,8
10784,898,8,L,1098482646,1098482636,10
10785,898,9,A,1098582648,1098582636,12
10786,898,10,N,1098682649,1098682636,13
10787,898,11,D,1098782649,1098782636,13
10788,899,0,F,1098882650,1098882650,0
10789,899,1,H,1098982652,1098982650,2
10790,899,2,B,1099082652,1099082650,2
10791,899,3,U,1099182654,1099182650,4
10792,899,4,R,1099282655,1099282650,5
10793,899,5,G,1099382655,1099382650,5
10794,899,6,E,1099482655,1099482650,5
10795,899,7,N,1099582656,1099582650,6
10796,899,8,L,1099682657,1099682650,7
10797,899,9,A,1099782658,1099782650,8
10798,899,10,N,1099882659,1099882650,9
10799,899,11,D,1099982660,1099982650,10
10800,900,0,F,1100082661,1100082661,0
10801,900,1,H,1100182662,1100182661,1
10802,900,2,B,1100282663,1100282661,2
10803,900,3,U,1100382664,1100382661,3
10804,900,4,R,1100482665,1100482661,4
10805,900,5,G,1100582667,1100582661,6
10806,900,6,E,1100682668,1100682661,7
10807,900,7,N,1100782668,1100782661,7
10808,900,8,L,1100882669,1100882661,8
10809,900,9,A,1100982670,1100982661,9
10810,900,10,N,1101082670,1101082661,9
10811,900,11,D,1101182671,1101182661,10
10812,901,0,F,1101282673,1101282673,0
10813,901,1,H,1101382674,1101382673,1
10814,901,2,B,1101482675,1101482673,2
10815,901,3,U,1101582676,1101582673,3
10816,901,4,R,1101682677,1101682673,4
10817,901,5,G,1101782679,1101782673,6
10818,901,6,E,1101882679,1101882673,6
10819,901,7,N,1101982680,1101982673,7
10820,901,8,L,1102082681,1102082673,8
10821,901,9,A,1102182681,1102182673,8
10822,901,10,N,1102282682,1102282673,9
10823,901,11,D,1102382683,1102382673,10
10824,902,0,F,1102482684,1102482684,0
10825,902,1,H,1102582685,1102582684,1
10826,902,2,B,1102682686,1102682684,2
10827,902,3,U,1102782687,1102782684,3
10828,902,4,R,1102882687,1102882684,3
10829,902,5,G,1102982688,1102982684,4
10830,902,6,E,1103082690,1103082684,6
10831,902,7,N,1103182691,1103182684,7
10832,902,8,L,1103282693,1103282684,9
10833,902,9,A,1103382694,1103382684,10
10834,902,10,N,1103482696,1103482684,12
10835,902,11,D,1103582696,1103582684,12
10836,903,0,F,1103682697,1103682697,0
10837,903,1,H,1103782698,1103782697,1
10838,903,2,B,1103882699,1103882697,2
10839,903,3,U,1103982700,1103982697,3
10840,903,4,R,1104082701,1104082697,4
10841,903,5,G,1104182703,1104182697,6
10842,903,6,E,1104282705,1104282697,8
10843,903,7,N,1104382706,1104382697,9
10844,903,8,L,1104482707,1104482697,10
10845,903,9,A,1104582708,1104582697,11
10846,903,10,N,1104682709,1104682697,12
10847,903,11,D,1104782710,1104782697,13
10848,904,0,F,1104882711,1104882711,0
10849,904,1,H,1104982712,1104982711,1
10850,904,2,B,1105082713,1105082711,2
10851,904,3,U,1105182715,1105182711,4
10852,904,4,R,1105282716,1105282711,5
10853,904,5,G,1105382717,1105382711,6
10854,904,6,E,1105482718,1105482711,7
10855,904,7,N,1105582720,1105582711,9
10856,904,8,L,1105682721,1105682711,10
10857,904,9,A,1105782722,1105782711,11
10858,904,10,N,1105882722,1105882711,11
10859,904,11,D,1105982722,1105982711,11
10860,905,0,F,1106082723,1106082723,0
10861,905,1,H,1106182725,1106182723,2
10862,905,2,B,1106282726,1106282723,3
10863,905,3,U,1106382727,1106382723,4
10864,905,4,R,1106482728,1106482723,5
10865,905,5,G,1106582729,1106582723,6
10866,905,6,E,1106682731,1106682723,8
10867,905,7,N,1106782732,1106782723,9
10868,905,8,L,1106882733,1106882723,10
10869,905,9,A,1106982733,1106982723,10
10870,905,10,N,1107082734,1107082723,11
10871,905,11,D,1107182735,1107182723,12
10872,906,0,F,1107282736,1107282736,0
10873,906,1,H,1107382737,1107382736,1
10874,906,2,B,1107482737,1107482736,1
10875,906,3,U,1107582738,1107582736,2
10876,906,4,R,1107682739,1107682736,3
10877,906,5,G,1107782740,1107782736,4
10878,906,6,E,1107882740,1107882736,4
10879,906,7,N,1107982740,1107982736,4
10880,906,8,L,1108082741,1108082736,5
10881,906,9,A,1108182741,1108182736,5
10882,906,10,N,1108282742,1108282736,6
10883,906,11,D,1108382742,1108382736,6
10884,907,0,F,1108482743,1108482743,0
10885,907,1,H,1108582744,1108582743,1
10886,907,2,B,1108682745,1108682743,2
10887,907,3,U,1108782745,1108782743,2
10888,907,4,R,1108882746,1108882743,3
10889,907,5,G,1108982747,1108982743,4
10890,907,6,E,1109082748,1109082743,5
10891,907,7,N,1109182749,1109182743,6
10892,907,8,L,1109282751,1109282743,8
10893,907,9,A,1109382752,1109382743,9
10894,907,10,N,1109482753,1109482743,10
10895,907,11,D,1109582754,1109582743,11
10896,908,0,F,1109682754,1109682754,0
10897,908,1,H,1109782755,1109782754,1
10898,908,2,B,1109882757,1109882754,3
10899,908,3,U,1109982758,1109982754,4
10900,908,4,R,1110082758,1110082754,4
10901,908,5,G,1110182760,1110182754,6
10902,908,6,E,1110282762,1110282754,8
10903,908,7,N,1110382763,1110382754,9
10904,908,8,L,1110482764,1110482754,10
10905,908,9,A,1110582765,1110582754,11
10906,908,10,N,1110682767,1110682754,13
10907,908,11,D,1110782767,1110782754,13
10908,909,0,F,1110882768,1110882768,0
10909,909,1,H,1110982768,1110982768,0
10910,909,2,B,1111082769,1111082768,1
10911,909,3,U,1111182770,1111182768,2
10912,909,4,R,1111282771,1111282768,3
10913,909,5,G,1111382773,1111382768,5
10914,909,6,E,1111482774,1111482768,6
10915,909,7,N,1111582775,1111582768,7
10916,909,8,L,1111682775,1111682768,7
10917,909,9,A,1111782776,1111782768,8
10918,909,10,N,1111882776,1111882768,8
10919,909,11,D,1111982777,1111982768,9
10920,910,0,F,1112082779,1112082779,0
10921,910,1,H,1112182780,1112182779,1
10922,910,2,B,1112282780,1112282779,1
10923,910,3,U,1112382781,1112382779,2
10924,910,4,R,1112482782,1112482779,3
10925,910,5,G,1112582784,1112582779,5
10926,910,6,E,1112682785,1112682779,6
10927,910,7,N,1112782786,1112782779,7
10928,910,8,L,1112882787,1112882779,8
10929,910,9,A,1112982787,1112982779,8
10930,910,10,N,1113082789,1113082779,10
10931,910,11,D,1113182790,1113182779,11
10932,911,0,F,1113282792,1113282792,0
10933,911,1,H,1113382792,1113382792,0
10934,911,2,B,1113482792,1113482792,0
10935,911,3,U,1113582793,1113582792,1
10936,911,4,R,1113682794,1113682792,2
10937,911,5,G,1113782795,1113782792,3
10938,911,6,E,1113882796,1113882792,4
10939,911,7,N,1113982797,1113982792,5
10940,911,8,L,1114082798,1114082792,6
10941,911,9,A,1114182799,1114182792,7
10942,911,10,N,1114282801,1114282792,9
10943,911,11,D,1114382802,1114382792,10
10944,912,0,F,1114482803,1114482803,0
10945,912,1,H,1114582805,1114582803,2
10946,912,2,B,1114682806,1114682803,3
10947,912,3,U,1114782807,1114782803,4
10948,912,4,R,1114882808,1114882803,5
10949,912,5,G,1114982809,1114982803,6
10950,912,6,E,1115082810,1115082803,7
10951,912,7,N,1115182811,1115182803,8
10952,912,8,L,1115282813,1115282803,10
10953,912,9,A,1115382814,1115382803,11
10954,912,10,N,1115482815,1115482803,12
10955,912,11,D,1115582817,1115582803,14
10956,913,0,F,1115682818,1115682818,0
10957,913,1,H,1115782819,1115782818,1
10958,913,2,B,1115882820,1115882818,2
10959,913,3,U,1115982821,1115982818,3
10960,913,4,R,1116082822,1116082818,4
10961,913,5,G,1116182823,1116182818,5
10962,913,6,E,1116282824,1116282818,6
10963,913,7,N,1116382825,1116382818,7
10964,913,8,L,1116482826,1116482818,8
10965,913,9,A,1116582827,1116582818,9
10966,913,10,N,1116682829,1116682818,11
10967,913,11,D,1116782830,1116782818,12
10968,914,0,F,1116882831,1116882831,0
10969,914,1,H,1116982832,1116982831,1
10970,914,2,B,1117082832,1117082831,1
10971,914,3,U,1117182834,1117182831,3
10972,914,4,R,1117282836,1117282831,5
10973,914,5,G,1117382836,1117382831,5
10974,914,6,E,1117482837,1117482831,6
10975,914,7,N,1117582837,1117582831,6
10976,914,8,L,1117682838,1117682831,7
10977,914,9,A,1117782838,1117782831,7
10978,914,10,N,1117882839,1117882831,8
10979,914,11,D,1117982840,1117982831,9
10980,915,0,F,1118082841,1118082841,0
10981,915,1,H,1118182842,1118182841,1
10982,915,2,B,1118282842,1118282841,1
10983,915,3,U,1118382843,1118382841,2
10984,915,4,R,1118482845,1118482841,4
10985,915,5,G,1118582846,1118582841,5
10986,915,6,E,1118682847,1118682841,6
10987,915,7,N,1118782848,1118782841,7
10988,915,8,L,1118882849,1118882841,8
10989,915,9,A,1118982850,1118982841,9
10990,915,10,N,1119082851,1119082841,10
10991,915,11,D,1119182852,1119182841,11
10992,916,0,F,1119282853,1119282853,0
10993,916,1,H,1119382853,1119382853,0
10994,916,2,B,1119482853,1119482853,0
10995,916,3,U,1119582853,1119582853,0
10996,916,4,R,1119682854,1119682853,1
10997,916,5,G,1119782855,1119782853,2
10998,916,6,E,1119882856,1119882853,3
10999,916,7,N,1119982857,1119982853,4
11000,916,8,L,1120082857,1120082853,4
11001,916,9,A,1120182858,1120182853,5
11002,916,10,N,1120282859,1120282853,6
11003,916,11,D,1120382861,1120382853,8
11004,917,0,F,1120482862,1120482862,0
11005,917,1,H,1120582864,1120582862,2
11006,917,2,B,1120682865,1120682862,3
11007,917,3,U,1120782866,1120782862,4
11008,917,4,R,1120882867,1120882862,5
11009,917,5,G,1120982868,1120982862,6
11010,917,6,E,1121082869,1121082862,7
11011,917,7,N,1121182871,1121182862,9
11012,917,8,L,1121282872,1121282862,10
11013,917,9,A,1121382873,1121382862,11
11014,917,10,N,1121482874,1121482862,12
11015,917,11,D,1121582875,1121582862,13
11016,918,0,F,1121682876,1121682876,0
11017,918,1,H,1121782878,1121782876,2
11018,918,2,B,1121882879,1121882876,3
11019,918,3,U,1121982880,1121982876,4
11020,918,4,R,1122082881,1122082876,5
11021,918,5,G,1122182882,1122182876,6
11022,918,6,E,1122282882,1122282876,6
11023,918,7,N,1122382882,1122382876,6
11024,918,8,L,1122482883,1122482876,7
11025,918,9,A,1122582884,1122582876,8
11026,918,10,N,1122682885,1122682876,9
11027,918,11,D,1122782886,1122782876,10
11028,919,0,F,1122882887,1122882887,0
11029,919,1,H,1122982888,1122982887,1
11030,919,2,B,1123082889,1123082887,2
11031,919,3,U,1123182889,1123182887,2
11032,919,4,R,1123282890,1123282887,3
11033,919,5,G,1123382891,1123382887,4
11034,919,6,E,1123482892,1123482887,5
11035,919,7,N,1123582893,1123582887,6
11036,919,8,L,1123682894,1123682887,7
11037,919,9,A,1123782895,1123782887,8
11038,919,10,N,1123882895,1123882887,8
11039,919,11,D,1123982896,1123982887,9
11040,920,0,F,1124082897,1124082897,0
11041,920,1,H,1124182898,1124182897,1
11042,920,2,B,1124282900,1124282897,3
11043,920,3,U,1124382901,1124382897,4
11044,920,4,R,1124482902,1124482897,5
11045,920,5,G,1124582903,1124582897,6
11046,920,6,E,1124682904,1124682897,7
11047,920,7,N,1124782905,1124782897,8
11048,920,8,L,1124882906,1124882897,9
11049,920,9,A,1124982906,1124982897,9
11050,920,10,N,1125082907,1125082897,10
11051,920,11,D,1125182908,1125182897,11
11052,921,0,F,1125282910,1125282910,0
11053,921,1,H,1125382911,1125382910,1
11054,921,2,B,1125482912,1125482910,2
11055,921,3,U,1125582913,1125582910,3
11056,921,4,R,1125682914,1125682910,4
11057,921,5,G,1125782915,1125782910,5
11058,921,6,E,1125882916,1125882910,6
11059,921,7,N,1125982917,1125982910,7
11060,921,8,L,1126082918,1126082910,8
11061,921,9,A,1126182919,1126182910,9
11062,921,10,N,1126282920,1126282910,10
11063,921,11,D,1126382921,1126382910,11
11064,922,0,F,1126482921,1126482921,0
11065,922,1,H,1126582922,1126582921,1
11066,922,2,B,1126682922,1126682921,1
11067,922,3,U,1126782923,1126782921,2
11068,922,4,R,1126882924,1126882921,3
11069,922,5,G,1126982925,1126982921,4
11070,922,6,E,1127082926,1127082921,5
11071,922,7,N,1127182926,1127182921,5
11072,922,8,L,1127282927,1127282921,6
11073,922,9,A,1127382928,1127382921,7
11074,922,10,N,1127482928,1127482921,7
11075,922,11,D,1127582929,1127582921,8
11076,923,0,F,1127682930,1127682930,0
11077,923,1,H,1127782931,1127782930,1
11078,923,2,B,1127882932,1127882930,2
11079,923,3,U,1127982933,1127982930,3
11080,923,4,R,1128082934,1128082930,4
11081,923,5,G,1128182935,1128182930,5
11082,923,6,E,1128282936,1128282930,6
11083,923,7,N,1128382937,1128382930,7
11084,923,8,L,1128482938,1128482930,8
11085,923,9,A,1128582939,1128582930,9
11086,923,10,N,1128682940,1128682930,10
11087,923,11,D,1128782942,1128782930,12
11088,924,0,F,1128882942,1128882942,0
11089,924,1,H,1128982943,1128982942,1
11090,924,2,B,1129082944,1129082942,2
11091,924,3,U,1129182945,1129182942,3
11092,924,4,R,1129282947,1129282942,5
11093,924,5,G,1129382948,1129382942,6
11094,924,6,E,1129482948,1129482942,6
11095,924,7,N,1129582949,1129582942,7
11096,924,8,L,1129682949,1129682942,7
11097,924,9,A,1129782950,1129782942,8
11098,924,10,N,1129882952,1129882942,10
11099,924,11,D,1129982953,1129982942,11
11100,925,0,F,1130082953,1130082953,0
11101,925,1,H,1130182954,1130182953,1
11102,925,2,B,1130282955,1130282953,2
11103,925,3,U,1130382956,1130382953,3
11104,925,4,R,1130482957,1130482953,4
11105,925,5,G,1130582958,1130582953,5
11106,925,6,E,1130682960,1130682953,7
11107,925,7,N,1130782960,1130782953,7
11108,925,8,L,1130882960,1130882953,7
11109,925,9,A,1130982961,1130982953,8
11110,925,10,N,1131082962,1131082953,9
11111,925,11,D,1131182963,1131182953,10
11112,926,0,F,1131282964,1131282964,0
11113,926,1,H,1131382966,1131382964,2
11114,926,2,B,1131482968,1131482964,4
11115,926,3,U,1131582970,1131582964,6
11116,926,4,R,1131682970,1131682964,6
11117,926,5,G,1131782971,1131782964,7
11118,926,6,E,1131882972,1131882964,8
11119,926,7,N,1131982973,1131982964,9
11120,926,8,L,1132082973,1132082964,9
11121,926,9,A,1132182973,1132182964,9
11122,926,10,N,1132282975,1132282964,11
11123,926,11,D,1132382976,1132382964,12
11124,927,0,F,1132482977,1132482977,0
11125,927,1,H,1132582978,1132582977,1
11126,927,2,B,1132682979,1132682977,2
11127,927,3,U,1132782979,1132782977,2
11128,927,4,R,1132882980,1132882977,3
11129,927,5,G,1132982981,1132982977,4
11130,927,6,E,1133082981,1133082977,4
11131,927,7,N,1133182982,1133182977,5
11132,927,8,L,1133282984,1133282977,7
11133,927,9,A,1133382985,1133382977,8
11134,927,10,N,1133482987,1133482977,10
11135,927,11,D,1133582988,1133582977,11
11136,928,0,F,1133682989,1133682989,0
11137,928,1,H,1133782990,1133782989,1
11138,928,2,B,1133882991,1133882989,2
11139,928,3,U,1133982991,1133982989,2
11140,928,4,R,1134082992,1134082989,3
11141,928,5,G,1134182993,1134182989,4
11142,928,6,E,1134282994,1134282989,5
11143,928,7,N,1134382995,1134382989,6
11144,928,8,L,1134482996,1134482989,7
11145,928,9,A,1134582998,1134582989,9
11146,928,10,N,1134683000,1134682989,11
11147,928,11,D,1134783001,1134782989,12
11148,929,0,F,1134883001,1134883001,0
11149,929,1,H,1134983002,1134983001,1
11150,929,2,B,1135083003,1135083001,2
11151,929,3,U,1135183004,1135183001,3
11152,929,4,R,1135283005,1135283001,4
11153,929,5,G,1135383006,1135383001,5
11154,929,6,E,1135483008,1135483001,7
11155,929,7,N,1135583010,1135583001,9
11156,929,8,L,1135683011,1135683001,10
11157,929,9,A,1135783013,1135783001,12
11158,929,10,N,1135883013,1135883001,12
11159,929,11,D,1135983014,1135983001,13
11160,930,0,F,1136083015,1136083015,0
11161,930,1,H,1136183017,1136183015,2
11162,930,2,B,1136283018,1136283015,3
11163,930,3,U,1136383019,1136383015,4
11164,930,4,R,1136483020,1136483015,5
11165,930,5,G,1136583021,1136583015,6
11166,930,6,E,1136683022,1136683015,7
11167,930,7,N,1136783024,1136783015,9
11168,930,8,L,1136883025,1136883015,10
11169,930,9,A,1136983025,1136983015,10
11170,930,10,N,1137083027,1137083015,12
11171,930,11,D,1137183028,1137183015,13
11172,931,0,F,1137283029,1137283029,0
11173,931,1,H,1137383030,1137383029,1
11174,931,2,B,1137483031,1137483029,2
11175,931,3,U,1137583032,1137583029,3
11176,931,4,R,1137683033,1137683029,4
11177,931,5,G,1137783034,1137783029,5
11178,931,6,E,1137883036,1137883029,7
11179,931,7,N,1137983037,1137983029,8
11180,931,8,L,1138083038,1138083029,9
11181,931,9,A,1138183038,1138183029,9
11182,931,10,N,1138283039,1138283029,10
11183,931,11,D,1138383040,1138383029,11
11184,932,0,F,1138483041,1138483041,0
11185,932,1,H,1138583043,1138583041,2
11186,932,2,B,1138683044,1138683041,3
11187,932,3,U,1138783045,1138783041,4
11188,932,4,R,1138883046,1138883041,5
11189,932,5,G,1138983047,1138983041,6
11190,932,6,E,1139083048,1139083041,7
11191,932,7,N,1139183048,1139183041,7
11192,932,8,L,1139283049,1139283041,8
11193,932,9,A,1139383050,1139383041,9
11194,932,10,N,1139483051,1139483041,10
11195,932,11,D,1139583052,1139583041,11
11196,933,0,F,1139683053,1139683053,0
11197,933,1,H,1139783054,1139783053,1
11198,933,2,B,1139883055,1139883053,2
11199,933,3,U,1139983055,1139983053,2
11200,933,4,R,1140083057,1140083053,4
11201,933,5,G,1140183058,1140183053,5
11202,933,6,E,1140283060,1140283053,7
11203,933,7,N,1140383061,1140383053,8
11204,933,8,L,1140483063,1140483053,10
11205,933,9,A,1140583065,1140583053,12
11206,933,10,N,1140683066,1140683053,13
11207,933,11,D,1140783066,1140783053,13
11208,934,0,F,1140883067,1140883067,0
11209,934,1,H,1140983069,1140983067,2
11210,934,2,B,1141083069,1141083067,2
11211,934,3,U,1141183070,1141183067,3
11212,934,4,R,1141283071,1141283067,4
11213,934,5,G,1141383072,1141383067,5
11214,934,6,E,1141483073,1141483067,6
11215,934,7,N,1141583074,1141583067,7
11216,934,8,L,1141683074,1141683067,7
11217,934,9,A,1141783075,1141783067,8
11218,934,10,N,1141883075,1141883067,8
11219,934,11,D,1141983075,1141983067,8
11220,935,0,F,1142083076,1142083076,0
11221,935,1,H,1142183077,1142183076,1
11222,935,2,B,1142283077,1142283076,1
11223,935,3,U,1142383077,1142383076,1
11224,935,4,R,1142483077,1142483076,1
11225,935,5,G,1142583079,1142583076,3
11226,935,6,E,1142683080,1142683076,4
11227,935,7,N,1142783081,1142783076,5
11228,935,8,L,1142883083,1142883076,7
11229,935,9,A,1142983083,1142983076,7
11230,935,10,N,1143083084,1143083076,8
11231,935,11,D,1143183085,1143183076,9
11232,936,0,F,1143283086,1143283086,0
11233,936,1,H,1143383086,1143383086,0
11234,936,2,B,1143483087,1143483086,1
11235,936,3,U,1143583088,1143583086,2
11236,936,4,R,1143683089,1143683086,3
11237,936,5,G,1143783090,1143783086,4
11238,936,6,E,1143883092,1143883086,6
11239,936,7,N,1143983093,1143983086,7
11240,936,8,L,1144083094,1144083086,8
11241,936,9,A,1144183095,1144183086,9
11242,936,10,N,1144283097,1144283086,11
11243,936,11,D,1144383098,1144383086,12
11244,937,0,F,1144483099,1144483099,0
11245,937,1,H,1144583100,1144583099,1
11246,937,2,B,1144683101,1144683099,2
11247,937,3,U,1144783101,1144783099,2
11248,937,4,R,1144883102,1144883099,3
11249,937,5,G,1144983102,1144983099,3
11250,937,6,E,1145083103,1145083099,4
11251,937,7,N,1145183104,1145183099,5
11252,937,8,L,1145283105,1145283099,6
11253,937,9,A,1145383105,1145383099,6
11254,937,10,N,1145483106,1145483099,7
11255,937,11,D,1145583107,1145583099,8
11256,938,0,F,1145683108,1145683108,0
11257,938,1,H,1145783109,1145783108,1
11258,938,2,B,1145883110,1145883108,2
11259,938,3,U,1145983111,1145983108,3
11260,938,4,R,1146083112,1146083108,4
11261,938,5,G,1146183113,1146183108,5
11262,938,6,E,1146283114,1146283108,6
11263,938,7,N,1146383115,1146383108,7
11264,938,8,L,1146483116,1146483108,8
11265,938,9,A,1146583117,1146583108,9
11266,938,10,N,1146683118,1146683108,10
11267,938,11,D,1146783118,1146783108,10
11268,939,0,F,1146883120,1146883120,0
11269,939,1,H,1146983121,1146983120,1
11270,939,2,B,1147083121,1147083120,1
11271,939,3,U,1147183122,1147183120,2
11272,939,4,R,1147283123,1147283120,3
11273,939,5,G,1147383123,1147383120,3
11274,939,6,E,1147483124,1147483120,4
11275,939,7,N,1147583126,1147583120,6
11276,939,8,L,1147683128,1147683120,8
11277,939,9,A,1147783129,1147783120,9
11278,939,10,N,1147883130,1147883120,10
11279,939,11,D,1147983131,1147983120,11
11280,940,0,F,1148083131,1148083131,0
11281,940,1,H,1148183132,1148183131,1
11282,940,2,B,1148283133,1148283131,2
11283,940,3,U,1148383135,1148383131,4
11284,940,4,R,1148483136,1148483131,5
11285,940,5,G,1148583137,1148583131,6
11286,940,6,E,1148683138,1148683131,7
11287,940,7,N,1148783138,1148783131,7
11288,940,8,L,1148883138,1148883131,7
11289,940,9,A,1148983139,1148983131,8
11290,940,10,N,1149083140,1149083131,9
11291,940,11,D,1149183141,1149183131,10
11292,941,0,F,1149283141,1149283141,0
11293,941,1,H,1149383143,1149383141,2
11294,941,2,B,1149483144,1149483141,3
11295,941,3,U,1149583145,1149583141,4
11296,941,4,R,1149683146,1149683141,5
11297,941,5,G,1149783147,1149783141,6
11298,941,6,E,1149883148,1149883141,7
11299,941,7,N,1149983149,1149983141,8
11300,941,8,L,1150083150,1150083141,9
11301,941,9,A,1150183150,1150183141,9
11302,941,10,N,1150283151,1150283141,10
11303,941,11,D,1150383152,1150383141,11
11304,942,0,F,1150483152,1150483152,0
11305,942,1,H,1150583153,1150583152,1
11306,942,2,B,1150683155,1150683152,3
11307,942,3,U,1150783155,1150783152,3
11308,942,4,R,1150883156,1150883152,4
11309,942,5,G,1150983157,1150983152,5
11310,942,6,E,1151083158,1151083152,6
11311,942,7,N,1151183158,1151183152,6
11312,942,8,L,1151283160,1151283152,8
11313,942,9,A,1151383162,1151383152,10
11314,942,10,N,1151483163,1151483152,11
11315,942,11,D,1151583165,1151583152,13
11316,943,0,F,1151683166,1151683166,0
11317,943,1,H,1151783166,1151783166,0
11318,943,2,B,1151883167,1151883166,1
11319,943,3,U,1151983168,1151983166,2
11320,943,4,R,1152083170,1152083166,4
11321,943,5,G,1152183171,1152183166,5
11322,943,6,E,1152283172,1152283166,6
11323,943,7,N,1152383173,1152383166,7
11324,943,8,L,1152483173,1152483166,7
11325,943,9,A,1152583174,1152583166,8
11326,943,10,N,1152683175,1152683166,9
11327,943,11,D,1152783175,1152783166,9
11328,944,0,F,1152883176,1152883176,0
11329,944,1,H,1152983177,1152983176,1
11330,944,2,B,1153083178,1153083176,2
11331,944,3,U,1153183179,1153183176,3
11332,944,4,R,1153283180,1153283176,4
11333,944,5,G,1153383181,1153383176,5
11334,944,6,E,1153483182,1153483176,6
11335,944,7,N,1153583183,1153583176,7
11336,944,8,L,1153683183,1153683176,7
11337,944,9,A,1153783184,1153783176,8
11338,944,10,N,1153883185,1153883176,9
11339,944,11,D,1153983186,1153983176,10
11340,945,0,F,1154083187,1154083187,0
11341,945,1,H,1154183188,1154183187,1
11342,945,2,B,1154283189,1154283187,2
11343,945,3,U,1154383190,1154383187,3
11344,945,4,R,1154483191,1154483187,4
11345,945,5,G,1154583192,1154583187,5
11346,945,6,E,1154683193,1154683187,6
11347,945,7,N,1154783193,1154783187,6
11348,945,8,L,1154883194,1154883187,7
11349,945,9,A,1154983195,1154983187,8
11350,945,10,N,1155083196,1155083187,9
11351,945,11,D,1155183196,1155183187,9
11352,946,0,F,1155283197,1155283197,0
11353,946,1,H,1155383198,1155383197,1
11354,946,2,B,1155483199,1155483197,2
11355,946,3,U,1155583200,1155583197,3
11356,946,4,R,1155683201,1155683197,4
11357,946,5,G,1155783202,1155783197,5
11358,946,6,E,1155883203,1155883197,6
11359,946,7,N,1155983204,1155983197,7
11360,946,8,L,1156083205,1156083197,8
11361,946,9,A,1156183207,1156183197,10
11362,946,10,N,1156283208,1156283197,11
11363,946,11,D,1156383209,1156383197,12
11364,947,0,F,1156483210,1156483210,0
11365,947,1,H,1156583210,1156583210,0
11366,947,2,B,1156683212,1156683210,2
11367,947,3,U,1156783213,1156783210,3
11368,947,4,R,1156883214,1156883210,4
11369,947,5,G,1156983216,1156983210,6
11370,947,6,E,1157083216,1157083210,6
11371,947,7,N,1157183217,1157183210,7
11372,947,8,L,1157283218,1157283210,8
11373,947,9,A,1157383218,1157383210,8
11374,947,10,N,1157483219,1157483210,9
11375,947,11,D,1157583220,1157583210,10
11376,948,0,F,1157683220,1157683220,0
11377,948,1,H,1157783221,1157783220,1
11378,948,2,B,1157883223,1157883220,3
11379,948,3,U,1157983224,1157983220,4
11380,948,4,R,1158083224,1158083220,4
11381,948,5,G,1158183225,1158183220,5
11382,948,6,E,1158283226,1158283220,6
11383,948,7,N,1158383226,1158383220,6
11384,948,8,L,1158483227,1158483220,7
11385,948,9,A,1158583229,1158583220,9
11386,948,10,N,1158683230,1158683220,10
11387,948,11,D,1158783231,1158783220,11
11388,949,0,F,1158883232,1158883232,0
11389,949,1,H,1158983233,1158983232,1
11390,949,2,B,1159083235,1159083232,3
11391,949,3,U,1159183237,1159183232,5
11392,949,4,R,1159283238,1159283232,6
11393,949,5,G,1159383239,1159383232,7
11394,949,6,E,1159483241,1159483232,9
11395,949,7,N,1159583241,1159583232,9
11396,949,8,L,1159683243,1159683232,11
11397,949,9,A,1159783244,1159783232,12
11398,949,10,N,1159883244,1159883232,12
11399,949,11,D,1159983245,1159983232,13
11400,950,0,F,1160083245,1160083245,0
11401,950,1,H,1160183245,1160183245,0
11402,950,2,B,1160283247,1160283245,2
11403,950,3,U,1160383247,1160383245,2
11404,950,4,R,1160483248,1160483245,3
11405,950,5,G,1160583249,1160583245,4
11406,950,6,E,1160683251,1160683245,6
11407,950,7,N,1160783252,1160783245,7
11408,950,8,L,1160883253,1160883245,8
11409,950,9,A,1160983254,1160983245,9
11410,950,10,N,1161083254,1161083245,9
11411,950,11,D,1161183255,1161183245,10
11412,951,0,F,1161283256,1161283256,0
11413,951,1,H,1161383257,1161383256,1
11414,951,2,B,1161483258,1161483256,2
11415,951,3,U,1161583258,1161583256,2
11416,951,4,R,1161683259,1161683256,3
11417,951,5,G,1161783261,1161783256,5
11418,951,6,E,1161883262,1161883256,6
11419,951,7,N,1161983262,1161983256,6
11420,951,8,L,1162083263,1162083256,7
11421,951,9,A,1162183264,1162183256,8
11422,951,10,N,1162283266,1162283256,10
11423,951,11,D,1162383268,1162383256,12
11424,952,0,F,1162483269,1162483269,0
11425,952,1,H,1162583270,1162583269,1
11426,952,2,B,1162683271,1162683269,2
11427,952,3,U,1162783272,1162783269,3
11428,952,4,R,1162883273,1162883269,4
11429,952,5,G,1162983274,1162983269,5
11430,952,6,E,1163083275,1163083269,6
11431,952,7,N,1163183276,1163183269,7
11432,952,8,L,1163283277,1163283269,8
11433,952,9,A,1163383279,1163383269,10
11434,952,10,N,1163483280,1163483269,11
11435,952,11,D,1163583282,1163583269,13
11436,953,0,F,1163683284,1163683284,0
11437,953,1,H,1163783286,1163783284,2
11438,953,2,B,1163883287,1163883284,3
11439,953,3,U,1163983287,1163983284,3
11440,953,4,R,1164083289,1164083284,5
11441,953,5,G,1164183291,1164183284,7
11442,953,6,E,1164283292,1164283284,8
11443,953,7,N,1164383292,1164383284,8
11444,953,8,L,1164483293,1164483284,9
11445,953,9,A,1164583293,1164583284,9
11446,953,10,N,1164683294,1164683284,10
11447,953,11,D,1164783295,1164783284,11
11448,954,0,F,1164883296,1164883296,0
11449,954,1,H,1164983297,1164983296,1
11450,954,2,B,1165083298,1165083296,2
11451,954,3,U,1165183300,1165183296,4
11452,954,4,R,1165283302,1165283296,6
11453,954,5,G,1165383303,1165383296,7
11454,954,6,E,1165483304,1165483296,8
11455,954,7,N,1165583305,1165583296,9
11456,954,8,L,1165683306,1165683296,10
11457,954,9,A,1165783307,1165783296,11
11458,954,10,N,1165883307,1165883296,11
11459,954,11,D,1165983308,1165983296,12
11460,955,0,F,1166083309,1166083309,0
11461,955,1,H,1166183310,1166183309,1
11462,955,2,B,1166283311,1166283309,2
11463,955,3,U,1166383313,1166383309,4
11464,955,4,R,1166483315,1166483309,6
11465,955,5,G,1166583317,1166583309,8
11466,955,6,E,1166683318,1166683309,9
11467,955,7,N,1166783320,1166783309,11
11468,955,8,L,1166883321,1166883309,12
11469,955,9,A,1166983322,1166983309,13
11470,955,10,N,1167083323,1167083309,14
11471,955,11,D,1167183324,1167183309,15
11472,956,0,F,1167283325,1167283325,0
11473,956,1,H,1167383326,1167383325,1
11474,956,2,B,1167483327,1167483325,2
11475,956,3,U,1167583327,1167583325,2
11476,956,4,R,1167683328,1167683325,3
11477,956,5,G,1167783328,1167783325,3
11478,956,6,E,1167883329,1167883325,4
11479,956,7,N,1167983330,1167983325,5
11480,956,8,L,1168083331,1168083325,6
11481,956,9,A,1168183332,1168183325,7
11482,956,10,N,1168283334,1168283325,9
11483,956,11,D,1168383335,1168383325,10
11484,957,0,F,1168483337,1168483337,0
11485,957,1,H,1168583338,1168583337,1
11486,957,2,B,1168683338,1168683337,1
11487,957,3,U,1168783339,1168783337,2
11488,957,4,R,1168883340,1168883337,3
11489,957,5,G,1168983341,1168983337,4
11490,957,6,E,1169083343,1169083337,6
11491,957,7,N,1169183344,1169183337,7
11492,957,8,L,1169283345,1169283337,8
11493,957,9,A,1169383347,1169383337,10
11494,957,10,N,1169483349,1169483337,12
11495,957,11,D,1169583350,1169583337,13
11496,958,0,F,1169683351,1169683351,0
11497,958,1,H,1169783352,1169783351,1
11498,958,2,B,1169883353,1169883351,2
11499,958,3,U,1169983354,1169983351,3
11500,958,4,R,1170083355,1170083351,4
11501,958,5,G,1170183356,1170183351,5
11502,958,6,E,1170283358,1170283351,7
11503,958,7,N,1170383359,1170383351,8
11504,958,8,L,1170483360,1170483351,9
11505,958,9,A,1170583362,1170583351,11
11506,958,10,N,1170683363,1170683351,12
11507,958,11,D,1170783364,1170783351,13
11508,959,0,F,1170883365,1170883365,0
11509,959,1,H,1170983367,1170983365,2
11510,959,2,B,1171083368,1171083365,3
11511,959,3,U,1171183369,1171183365,4
11512,959,4,R,1171283370,1171283365,5
11513,959,5,G,1171383371,1171383365,6
11514,959,6,E,1171483372,1171483365,7
11515,959,7,N,1171583372,1171583365,7
11516,959,8,L,1171683374,1171683365,9
11517,959,9,A,1171783374,1171783365,9
11518,959,10,N,1171883375,1171883365,10
11519,959,11,D,1171983376,1171983365,11
11520,960,0,F,1172083376,1172083376,0
11521,960,1,H,1172183378,1172183376,2
11522,960,2,B,1172283379,1172283376,3
11523,960,3,U,1172383381,1172383376,5
11524,960,4,R,1172483381,1172483376,5
11525,960,5,G,1172583382,1172583376,6
11526,960,6,E,1172683383,1172683376,7
11527,960,7,N,1172783383,1172783376,7
11528,960,8,L,1172883384,1172883376,8
11529,960,9,A,1172983386,1172983376,10
11530,960,10,N,1173083387,1173083376,11
11531,960,11,D,1173183389,1173183376,13
11532,961,0,F,1173283390,1173283390,0
11533,961,1,H,1173383391,1173383390,1
11534,961,2,B,1173483392,1173483390,2
11535,961,3,U,1173583393,1173583390,3
11536,961,4,R,1173683393,1173683390,3
11537,961,5,G,1173783395,1173783390,5
11538,961,6,E,1173883396,1173883390,6
11539,961,7,N,1173983397,1173983390,7
11540,961,8,L,1174083398,1174083390,8
11541,961,9,A,1174183398,1174183390,8
11542,961,10,N,1174283399,1174283390,9
11543,961,11,D,1174383400,1174383390,10
11544,962,0,F,1174483401,1174483401,0
11545,962,1,H,1174583402,1174583401,1
11546,962,2,B,1174683403,1174683401,2
11547,962,3,U,1174783405,1174783401,4
11548,962,4,R,1174883405,1174883401,4
11549,962,5,G,1174983407,1174983401,6
11550,962,6,E,1175083408,1175083401,7
11551,962,7,N,1175183410,1175183401,9
11552,962,8,L,1175283412,1175283401,11
11553,962,9,A,1175383414,1175383401,13
11554,962,10,N,1175483415,1175483401,14
11555,962,11,D,1175583416,1175583401,15
11556,963,0,F,1175683417,1175683417,0
11557,963,1,H,1175783417,1175783417,0
11558,963,2,B,1175883418,1175883417,1
11559,963,3,U,1175983420,1175983417,3
11560,963,4,R,1176083420,1176083417,3
11561,963,5,G,1176183421,1176183417,4
11562,963,6,E,1176283422,1176283417,5
11563,963,7,N,1176383424,1176383417,7
11564,963,8,L,1176483425,1176483417,8
11565,963,9,A,1176583426,1176583417,9
11566,963,10,N,1176683426,1176683417,9
11567,963,11,D,1176783426,1176783417,9
11568,964,0,F,1176883428,1176883428,0
11569,964,1,H,1176983429,1176983428,1
11570,964,2,B,1177083430,1177083428,2
11571,964,3,U,1177183432,1177183428,4
11572,964,4,R,1177283434,1177283428,6
11573,964,5,G,1177383434,1177383428,6
11574,964,6,E,1177483434,1177483428,6
11575,964,7,N,1177583435,1177583428,7
11576,964,8,L,1177683436,1177683428,8
11577,964,9,A,1177783438,1177783428,10
11578,964,10,N,1177883439,1177883428,11
11579,964,11,D,1177983440,1177983428,12
11580,965,0,F,1178083440,1178083440,0
11581,965,1,H,1178183441,1178183440,1
11582,965,2,B,1178283443,1178283440,3
11583,965,3,U,1178383444,1178383440,4
11584,965,4,R,1178483445,1178483440,5
11585,965,5,G,1178583446,1178583440,6
11586,965,6,E,1178683446,1178683440,6
11587,965,7,N,1178783448,1178783440,8
11588,965,8,L,1178883449,1178883440,9
11589,965,9,A,1178983450,1178983440,10
11590,965,10,N,1179083451,1179083440,11
11591,965,11,D,1179183453,1179183440,13
11592,966,0,F,1179283455,1179283455,0
11593,966,1,H,1179383456,1179383455,1
11594,966,2,B,1179483458,1179483455,3
11595,966,3,U,1179583459,1179583455,4
11596,966,4,R,1179683459,1179683455,4
11597,966,5,G,1179783460,1179783455,5
11598,966,6,E,1179883461,1179883455,6
11599,966,7,N,1179983463,1179983455,8
11600,966,8,L,1180083464,1180083455,9
11601,966,9,A,1180183466,1180183455,11
11602,966,10,N,1180283468,1180283455,13
11603,966,11,D,1180383469,1180383455,14
11604,967,0,F,1180483470,1180483470,0
11605,967,1,H,1180583471,1180583470,1
11606,967,2,B,1180683473,1180683470,3
11607,967,3,U,1180783474,1180783470,4
11608,967,4,R,1180883474,1180883470,4
11609,967,5,G,1180983475,1180983470,5
11610,967,6,E,1181083476,1181083470,6
11611,967,7,N,1181183477,1181183470,7
11612,967,8,L,1181283479,1181283470,9
11613,967,9,A,1181383480,1181383470,10
11614,967,10,N,1181483481,1181483470,11
11615,967,11,D,1181583482,1181583470,12
11616,968,0,F,1181683484,1181683484,0
11617,968,1,H,1181783486,1181783484,2
11618,968,2,B,1181883487,1181883484,3
11619,968,3,U,1181983489,1181983484,5
11620,968,4,R,1182083490,1182083484,6
11621,968,5,G,1182183491,1182183484,7
11622,968,6,E,1182283492,1182283484,8
11623,968,7,N,1182383494,1182383484,10
11624,968,8,L,1182483496,1182483484,12
11625,968,9,A,1182583497,1182583484,13
11626,968,10,N,1182683498,1182683484,14
11627,968,11,D,1182783499,1182783484,15
11628,969,0,F,1182883500,1182883500,0
11629,969,1,H,1182983501,1182983500,1
11630,969,2,B,1183083502,1183083500,2
11631,969,3,U,1183183503,1183183500,3
11632,969,4,R,1183283504,1183283500,4
11633,969,5,G,1183383506,1183383500,6
11634,969,6,E,1183483506,1183483500,6
11635,969,7,N,1183583507,1183583500,7
11636,969,8,L,1183683508,1183683500,8
11637,969,9,A,1183783509,1183783500,9
11638,969,10,N,1183883510,1183883500,10
11639,969,11,D,1183983512,1183983500,12
11640,970,0,F,1184083512,1184083512,0
11641,970,1,H,1184183513,1184183512,1
11642,970,2,B,1184283514,1184283512,2
11643,970,3,U,1184383514,1184383512,2
11644,970,4,R,1184483515,1184483512,3
11645,970,5,G,1184583516,1184583512,4
11646,970,6,E,1184683517,1184683512,5
11647,970,7,N,1184783518,1184783512,6
11648,970,8,L,1184883519,1184883512,7
11649,970,9,A,1184983519,1184983512,7
11650,970,10,N,1185083520,1185083512,8
11651,970,11,D,1185183522,1185183512,10
11652,971,0,F,1185283523,1185283523,0
11653,971,1,H,1185383524,1185383523,1
11654,971,2,B,1185483524,1185483523,1
11655,971,3,U,1185583525,1185583523,2
11656,971,4,R,1185683526,1185683523,3
11657,971,5,G,1185783527,1185783523,4
11658,971,6,E,1185883527,1185883523,4
11659,971,7,N,1185983528,1185983523,5
11660,971,8,L,1186083528,1186083523,5
11661,971,9,A,1186183529,1186183523,6
11662,971,10,N,1186283530,1186283523,7
11663,971,11,D,1186383532,1186383523,9
11664,972,0,F,1186483532,1186483532,0
11665,972,1,H,1186583534,1186583532,2
11666,972,2,B,1186683535,1186683532,3
11667,972,3,U,1186783535,1186783532,3
11668,972,4,R,1186883536,1186883532,4
11669,972,5,G,1186983537,1186983532,5
11670,972,6,E,1187083538,1187083532,6
11671,972,7,N,1187183540,1187183532,8
11672,972,8,L,1187283542,1187283532,10
11673,972,9,A,1187383544,1187383532,12
11674,972,10,N,1187483545,1187483532,13
11675,972,11,D,1187583546,1187583532,14
11676,973,0,F,1187683548,1187683548,0
11677,973,1,H,1187783549,1187783548,1
11678,973,2,B,1187883550,1187883548,2
11679,973,3,U,1187983551,1187983548,3
11680,973,4,R,1188083552,1188083548,4
11681,973,5,G,1188183553,1188183548,5
11682,973,6,E,1188283554,1188283548,6
11683,973,7,N,1188383555,1188383548,7
11684,973,8,L,1188483556,1188483548,8
11685,973,9,A,1188583557,1188583548,9
11686,973,10,N,1188683559,1188683548,11
11687,973,11,D,1188783560,1188783548,12
11688,974,0,F,1188883561,1188883561,0
11689,974,1,H,1188983562,1188983561,1
11690,974,2,B,1189083563,1189083561,2
11691,974,3,U,1189183563,1189183561,2
11692,974,4,R,1189283564,1189283561,3
11693,974,5,G,1189383565,1189383561,4
11694,974,6,E,1189483567,1189483561,6
11695,974,7,N,1189583567,1189583561,6
11696,974,8,L,1189683568,1189683561,7
11697,974,9,A,1189783569,1189783561,8
11698,974,10,N,1189883570,1189883561,9
11699,974,11,D,1189983571,1189983561,10
11700,975,0,F,1190083572,1190083572,0
11701,975,1,H,1190183573,1190183572,1
11702,975,2,B,1190283574,1190283572,2
11703,975,3,U,1190383574,1190383572,2
11704,975,4,R,1190483574,1190483572,2
11705,975,5,G,1190583575,1190583572,3
11706,975,6,E,1190683575,1190683572,3
11707,975,7,N,1190783576,1190783572,4
11708,975,8,L,1190883577,1190883572,5
11709,975,9,A,1190983577,1190983572,5
11710,975,10,N,1191083578,1191083572,6
11711,975,11,D,1191183578,1191183572,6
11712,976,0,F,1191283579,1191283579,0
11713,976,1,H,1191383580,1191383579,1
11714,976,2,B,1191483581,1191483579,2
11715,976,3,U,1191583583,1191583579,4
11716,976,4,R,1191683585,1191683579,6
11717,976,5,G,1191783585,1191783579,6
11718,976,6,E,1191883586,1191883579,7
11719,976,7,N,1191983587,1191983579,8
11720,976,8,L,1192083588,1192083579,9
11721,976,9,A,1192183590,1192183579,11
11722,976,10,N,1192283591,1192283579,12
11723,976,11,D,1192383592,1192383579,13
11724,977,0,F,1192483593,1192483593,0
11725,977,1,H,1192583594,1192583593,1
11726,977,2,B,1192683595,1192683593,2
11727,977,3,U,1192783596,1192783593,3
11728,977,4,R,1192883597,1192883593,4
11729,977,5,G,1192983598,1192983593,5
11730,977,6,E,1193083599,1193083593,6
11731,977,7,N,1193183600,1193183593,7
11732,977,8,L,1193283601,1193283593,8
11733,977,9,A,1193383602,1193383593,9
11734,977,10,N,1193483603,1193483593,10
11735,977,11,D,1193583604,1193583593,11
11736,978,0,F,1193683605,1193683605,0
11737,978,1,H,1193783606,1193783605,1
11738,978,2,B,1193883606,1193883605,1
11739,978,3,U,1193983608,1193983605,3
11740,978,4,R,1194083609,1194083605,4
11741,978,5,G,1194183610,1194183605,5
11742,978,6,E,1194283611,1194283605,6
11743,978,7,N,1194383612,1194383605,7
11744,978,8,L,1194483613,1194483605,8
11745,978,9,A,1194583614,1194583605,9
11746,978,10,N,1194683615,1194683605,10
11747,978,11,D,1194783616,1194783605,11
11748,979,0,F,1194883617,1194883617,0
11749,979,1,H,1194983618,1194983617,1
11750,979,2,B,1195083619,1195083617,2
11751,979,3,U,1195183620,1195183617,3
11752,979,4,R,1195283622,1195283617,5
11753,979,5,G,1195383622,1195383617,5
11754,979,6,E,1195483623,1195483617,6
11755,979,7,N,1195583625,1195583617,8
11756,979,8,L,1195683625,1195683617,8
11757,979,9,A,1195783626,1195783617,9
11758,979,10,N,1195883627,1195883617,10
11759,979,11,D,1195983627,1195983617,10
11760,980,0,F,1196083628,1196083628,0
11761,980,1,H,1196183629,1196183628,1
11762,980,2,B,1196283630,1196283628,2
11763,980,3,U,1196383631,1196383628,3
11764,980,4,R,1196483632,1196483628,4
11765,980,5,G,1196583632,1196583628,4
11766,980,6,E,1196683633,1196683628,5
11767,980,7,N,1196783634,1196783628,6
11768,980,8,L,1196883635,1196883628,7
11769,980,9,A,1196983636,1196983628,8
11770,980,10,N,1197083637,1197083628,9
11771,980,11,D,1197183639,1197183628,11
11772,981,0,F,1197283640,1197283640,0
11773,981,1,H,1197383642,1197383640,2
11774,981,2,B,1197483643,1197483640,3
11775,981,3,U,1197583644,1197583640,4
11776,981,4,R,1197683644,1197683640,4
11777,981,5,G,1197783645,1197783640,5
11778,981,6,E,1197883646,1197883640,6
11779,981,7,N,1197983648,1197983640,8
11780,981,8,L,1198083650,1198083640,10
11781,981,9,A,1198183651,1198183640,11
11782,981,10,N,1198283652,1198283640,12
11783,981,11,D,1198383653,1198383640,13
11784,982,0,F,1198483654,1198483654,0
11785,982,1,H,1198583656,1198583654,2
11786,982,2,B,1198683657,1198683654,3
11787,982,3,U,1198783658,1198783654,4
11788,982,4,R,1198883659,1198883654,5
11789,982,5,G,1198983660,1198983654,6
11790,982,6,E,1199083662,1199083654,8
11791,982,7,N,1199183663,1199183654,9
11792,982,8,L,1199283665,1199283654,11
11793,982,9,A,1199383666,1199383654,12
11794,982,10,N,1199483667,1199483654,13
11795,982,11,D,1199583669,1199583654,15
11796,983,0,F,1199683670,1199683670,0
11797,983,1,H,1199783671,1199783670,1
11798,983,2,B,1199883671,1199883670,1
11799,983,3,U,1199983672,1199983670,2
11800,983,4,R,1200083672,1200083670,2
11801,983,5,G,1200183672,1200183670,2
11802,983,6,E,1200283673,1200283670,3
11803,983,7,N,1200383674,1200383670,4
11804,983,8,L,1200483675,1200483670,5
11805,983,9,A,1200583676,1200583670,6
11806,983,10,N,1200683676,1200683670,6
11807,983,11,D,1200783677,1200783670,7
11808,984,0,F,1200883679,1200883679,0
11809,984,1,H,1200983680,1200983679,1
11810,984,2,B,1201083681,1201083679,2
11811,984,3,U,1201183681,1201183679,2
11812,984,4,R,1201283682,1201283679,3
11813,984,5,G,1201383683,1201383679,4
11814,984,6,E,1201483684,1201483679,5
11815,984,7,N,1201583685,1201583679,6
11816,984,8,L,1201683686,1201683679,7
11817,984,9,A,1201783688,1201783679,9
11818,984,10,N,1201883689,1201883679,10
11819,984,11,D,1201983690,1201983679,11
11820,985,0,F,1202083690,1202083690,0
11821,985,1,H,1202183691,1202183690,1
11822,985,2,B,1202283692,1202283690,2
11823,985,3,U,1202383693,1202383690,3
11824,985,4,R,1202483694,1202483690,4
11825,985,5,G,1202583694,1202583690,4
11826,985,6,E,1202683695,1202683690,5
11827,985,7,N,1202783697,1202783690,7
11828,985,8,L,1202883698,1202883690,8
11829,985,9,A,1202983699,1202983690,9
11830,985,10,N,1203083700,1203083690,10
11831,985,11,D,1203183700,1203183690,10
11832,986,0,F,1203283702,1203283702,0
11833,986,1,H,1203383704,1203383702,2
11834,986,2,B,1203483705,1203483702,3
11835,986,3,U,1203583706,1203583702,4
11836,986,4,R,1203683706,1203683702,4
11837,986,5,G,1203783707,1203783702,5
11838,986,6,E,1203883709,1203883702,7
11839,986,7,N,1203983710,1203983702,8
11840,986,8,L,1204083710,1204083702,8
11841,986,9,A,1204183710,1204183702,8
11842,986,10,N,1204283711,1204283702,9
11843,986,11,D,1204383713,1204383702,11
11844,987,0,F,1204483715,1204483715,0
11845,987,1,H,1204583716,1204583715,1
11846,987,2,B,1204683716,1204683715,1
11847,987,3,U,1204783717,1204783715,2
11848,987,4,R,1204883718,1204883715,3
11849,987,5,G,1204983718,1204983715,3
11850,987,6,E,1205083719,1205083715,4
11851,987,7,N,1205183720,1205183715,5
11852,987,8,L,1205283721,1205283715,6
11853,987,9,A,1205383721,1205383715,6
11854,987,10,N,1205483722,1205483715,7
11855,987,11,D,1205583723,1205583715,8
11856,988,0,F,1205683724,1205683724,0
11857,988,1,H,1205783724,1205783724,0
11858,988,2,B,1205883725,1205883724,1
11859,988,3,U,1205983726,1205983724,2
11860,988,4,R,1206083727,1206083724,3
11861,988,5,G,1206183727,1206183724,3
11862,988,6,E,1206283727,1206283724,3
11863,988,7,N,1206383728,1206383724,4
11864,988,8,L,1206483729,1206483724,5
11865,988,9,A,1206583730,1206583724,6
11866,988,10,N,1206683731,1206683724,7
11867,988,11,D,1206783732,1206783724,8
11868,989,0,F,1206883733,1206883733,0
11869,989,1,H,1206983734,1206983733,1
11870,989,2,B,1207083735,1207083733,2
11871,989,3,U,1207183736,1207183733,3
11872,989,4,R,1207283737,1207283733,4
11873,989,5,G,1207383737,1207383733,4
11874,989,6,E,1207483738,1207483733,5
11875,989,7,N,1207583739,1207583733,6
11876,989,8,L,1207683740,1207683733,7
11877,989,9,A,1207783741,1207783733,8
11878,989,10,N,1207883742,1207883733,9
11879,989,11,D,1207983743,1207983733,10
11880,990,0,F,1208083743,1208083743,0
11881,990,1,H,1208183745,1208183743,2
11882,990,2,B,1208283746,1208283743,3
11883,990,3,U,1208383747,1208383743,4
11884,990,4,R,1208483749,1208483743,6
11885,990,5,G,1208583750,1208583743,7
11886,990,6,E,1208683751,1208683743,8
11887,990,7,N,1208783752,1208783743,9
11888,990,8,L,1208883753,1208883743,10
11889,990,9,A,1208983754,1208983743,11
11890,990,10,N,1209083754,1209083743,11
11891,990,11,D,1209183755,1209183743,12
11892,991,0,F,1209283756,1209283756,0
11893,991,1,H,1209383756,1209383756,0
11894,991,2,B,1209483757,1209483756,1
11895,991,3,U,1209583758,1209583756,2
11896,991,4,R,1209683759,1209683756,3
11897,991,5,G,1209783761,1209783756,5
11898,991,6,E,1209883762,1209883756,6
11899,991,7,N,1209983763,1209983756,7
11900,991,8,L,1210083764,1210083756,8
11901,991,9,A,1210183764,1210183756,8
11902,991,10,N,1210283765,1210283756,9
11903,991,11,D,1210383766,1210383756,10
11904,992,0,F,1210483767,1210483767,0
11905,992,1,H,1210583768,1210583767,1
11906,992,2,B,1210683768,1210683767,1
11907,992,3,U,1210783768,1210783767,1
11908,992,4,R,1210883770,1210883767,3
11909,992,5,G,1210983770,1210983767,3
11910,992,6,E,1211083771,1211083767,4
11911,992,7,N,1211183772,1211183767,5
11912,992,8,L,1211283774,1211283767,7
11913,992,9,A,1211383775,1211383767,8
11914,992,10,N,1211483776,1211483767,9
11915,992,11,D,1211583776,1211583767,9
11916,993,0,F,1211683777,1211683777,0
11917,993,1,H,1211783778,1211783777,1
11918,993,2,B,1211883779,1211883777,2
11919,993,3,U,1211983780,1211983777,3
11920,993,4,R,1212083781,1212083777,4
11921,993,5,G,1212183782,1212183777,5
11922,993,6,E,1212283783,1212283777,6
11923,993,7,N,1212383784,1212383777,7
11924,993,8,L,1212483785,1212483777,8
11925,993,9,A,1212583786,1212583777,9
11926,993,10,N,1212683788,1212683777,11
11927,993,11,D,1212783789,1212783777,12
11928,994,0,F,1212883790,1212883790,0
11929,994,1,H,1212983791,1212983790,1
11930,994,2,B,1213083792,1213083790,2
11931,994,3,U,1213183793,1213183790,3
11932,994,4,R,1213283794,1213283790,4
11933,994,5,G,1213383795,1213383790,5
11934,994,6,E,1213483796,1213483790,6
11935,994,7,N,1213583797,1213583790,7
11936,994,8,L,1213683798,1213683790,8
11937,994,9,A,1213783800,1213783790,10
11938,994,10,N,1213883801,1213883790,11
11939,994,11,D,1213983802,1213983790,12
11940,995,0,F,1214083803,1214083803,0
11941,995,1,H,1214183805,1214183803,2
11942,995,2,B,1214283806,1214283803,3
11943,995,3,U,1214383807,1214383803,4
11944,995,4,R,1214483808,1214483803,5
11945,995,5,G,1214583809,1214583803,6
11946,995,6,E,1214683810,1214683803,7
11947,995,7,N,1214783810,1214783803,7
11948,995,8,L,1214883811,1214883803,8
11949,995,9,A,1214983812,1214983803,9
11950,995,10,N,1215083814,1215083803,11
11951,995,11,D,1215183815,1215183803,12
11952,996,0,F,1215283816,1215283816,0
11953,996,1,H,1215383817,1215383816,1
11954,996,2,B,1215483818,1215483816,2
11955,996,3,U,1215583819,1215583816,3
11956,996,4,R,1215683821,1215683816,5
11957,996,5,G,1215783822,1215783816,6
11958,996,6,E,1215883822,1215883816,6
11959,996,7,N,1215983823,1215983816,7
11960,996,8,L,1216083824,1216083816,8
11961,996,9,A,1216183825,1216183816,9
11962,996,10,N,1216283827,1216283816,11
11963,996,11,D,1216383827,1216383816,11
11964,997,0,F,1216483828,1216483828,0
11965,997,1,H,1216583829,1216583828,1
11966,997,2,B,1216683829,1216683828,1
11967,997,3,U,1216783830,1216783828,2
11968,997,4,R,1216883831,1216883828,3
11969,997,5,G,1216983832,1216983828,4
11970,997,6,E,1217083833,1217083828,5
11971,997,7,N,1217183833,1217183828,5
11972,997,8,L,1217283835,1217283828,7
11973,997,9,A,1217383835,1217383828,7
11974,997,10,N,1217483836,1217483828,8
11975,997,11,D,1217583837,1217583828,9
11976,998,0,F,1217683837,1217683837,0
11977,998,1,H,1217783838,1217783837,1
11978,998,2,B,1217883840,1217883837,3
11979,998,3,U,1217983841,1217983837,4
11980,998,4,R,1218083842,1218083837,5
11981,998,5,G,1218183844,1218183837,7
11982,998,6,E,1218283845,1218283837,8
11983,998,7,N,1218383845,1218383837,8
11984,998,8,L,1218483845,1218483837,8
11985,998,9,A,1218583846,1218583837,9
11986,998,10,N,1218683847,1218683837,10
11987,998,11,D,1218783847,1218783837,10
11988,999,0,F,1218883848,1218883848,0
11989,999,1,H,1218983850,1218983848,2
11990,999,2,B,1219083851,1219083848,3
11991,999,3,U,1219183851,1219183848,3
11992,999,4,R,1219283852,1219283848,4
11993,999,5,G,1219383853,1219383848,5
11994,999,6,E,1219483854,1219483848,6
11995,999,7,N,1219583856,1219583848,8
11996,999,8,L,1219683857,1219683848,9
11997,999,9,A,1219783858,1219783848,10
11998,999,10,N,1219883859,1219883848,11
11999,999,11,D,1219983860,1219983848,12
12000,1000,0,F,1220083862,1220083862,0
12001,1000,1,H,1220183863,1220183862,1
12002,1000,2,B,1220283864,1220283862,2
12003,1000,3,U,1220383866,1220383862,4
12004,1000,4,R,1220483868,1220483862,6
12005,1000,5,G,1220583870,1220583862,8
12006,1000,6,E,1220683871,1220683862,9
12007,1000,7,N,1220783872,1220783862,10
12008,1000,8,L,1220883872,1220883862,10
12009,1000,9,A,1220983874,1220983862,12
12010,1000,10,N,1221083875,1221083862,13
12011,1000,11,D,1221183876,1221183862,14
12012,1001,0,F,1221283877,1221283877,0
12013,1001,1,H,1221383878,1221383877,1
12014,1001,2,B,1221483880,1221483877,3
12015,1001,3,U,1221583881,1221583877,4
12016,1001,4,R,1221683882,1221683877,5
12017,1001,5,G,1221783883,1221783877,6
12018,1001,6,E,1221883883,1221883877,6
12019,1001,7,N,1221983884,1221983877,7
12020,1001,8,L,1222083884,1222083877,7
12021,1001,9,A,1222183885,1222183877,8
12022,1001,10,N,1222283886,1222283877,9
12023,1001,11,D,1222383887,1222383877,10
12024,1002,0,F,1222483888,1222483888,0
12025,1002,1,H,1222583888,1222583888,0
12026,1002,2,B,1222683889,1222683888,1
12027,1002,3,U,1222783890,1222783888,2
12028,1002,4,R,1222883892,1222883888,4
12029,1002,5,G,1222983893,1222983888,5
12030,1002,6,E,1223083894,1223083888,6
12031,1002,7,N,1223183895,1223183888,7
12032,1002,8,L,1223283896,1223283888,8
12033,1002,9,A,1223383898,1223383888,10
12034,1002,10,N,1223483899,1223483888,11
12035,1002,11,D,1223583900,1223583888,12
12036,1003,0,F,1223683901,1223683901,0
12037,1003,1,H,1223783901,1223783901,0
12038,1003,2,B,1223883903,1223883901,2
12039,1003,3,U,1223983904,1223983901,3
12040,1003,4,R,1224083905,1224083901,4
12041,1003,5,G,1224183905,1224183901,4
12042,1003,6,E,1224283907,1224283901,6
12043,1003,7,N,1224383907,1224383901,6
12044,1003,8,L,1224483908,1224483901,7
12045,1003,9,A,1224583909,1224583901,8
12046,1003,10,N,1224683910,1224683901,9
12047,1003,11,D,1224783911,1224783901,10
12048,1004,0,F,1224883912,1224883912,0
12049,1004,1,H,1224983912,1224983912,0
12050,1004,2,B,1225083913,1225083912,1
12051,1004,3,U,1225183914,1225183912,2
12052,1004,4,R,1225283915,1225283912,3
12053,1004,5,G,1225383915,1225383912,3
12054,1004,6,E,1225483916,1225483912,4
12055,1004,7,N,1225583917,1225583912,5
12056,1004,8,L,1225683919,1225683912,7
12057,1004,9,A,1225783920,1225783912,8
12058,1004,10,N,1225883921,1225883912,9
12059,1004,11,D,1225983922,1225983912,10
12060,1005,0,F,1226083923,1226083923,0
12061,1005,1,H,1226183924,1226183923,1
12062,1005,2,B,1226283925,1226283923,2
12063,1005,3,U,1226383926,1226383923,3
12064,1005,4,R,1226483927,1226483923,4
12065,1005,5,G,1226583928,1226583923,5
12066,1005,6,E,1226683929,1226683923,6
12067,1005,7,N,1226783930,1226783923,7
12068,1005,8,L,1226883931,1226883923,8
12069,1005,9,A,1226983932,1226983923,9
12070,1005,10,N,1227083932,1227083923,9
12071,1005,11,D,1227183934,1227183923,11
12072,1006,0,F,1227283935,1227283935,0
12073,1006,1,H,1227383936,1227383935,1
12074,1006,2,B,1227483937,1227483935,2
12075,1006,3,U,1227583938,1227583935,3
12076,1006,4,R,1227683939,1227683935,4
12077,1006,5,G,1227783941,1227783935,6
12078,1006,6,E,1227883943,1227883935,8
12079,1006,7,N,1227983944,1227983935,9
12080,1006,8,L,1228083944,1228083935,9
12081,1006,9,A,1228183944,1228183935,9
12082,1006,10,N,1228283945,1228283935,10
12083,1006,11,D,1228383946,1228383935,11
12084,1007,0,F,1228483946,1228483946,0
12085,1007,1,H,1228583948,1228583946,2
12086,1007,2,B,1228683949,1228683946,3
12087,1007,3,U,1228783951,1228783946,5
12088,1007,4,R,1228883952,1228883946,6
12089,1007,5,G,1228983953,1228983946,7
12090,1007,6,E,1229083954,1229083946,8
12091,1007,7,N,1229183955,1229183946,9
12092,1007,8,L,1229283956,1229283946,10
12093,1007,9,A,1229383956,1229383946,10
12094,1007,10,N,1229483956,1229483946,10
12095,1007,11,D,1229583956,1229583946,10
12096,1008,0,F,1229683957,1229683957,0
12097,1008,1,H,1229783959,1229783957,2
12098,1008,2,B,1229883961,1229883957,4
12099,1008,3,U,1229983961,1229983957,4
12100,1008,4,R,1230083962,1230083957,5
12101,1008,5,G,1230183963,1230183957,6
12102,1008,6,E,1230283964,1230283957,7
12103,1008,7,N,1230383965,1230383957,8
12104,1008,8,L,1230483965,1230483957,8
12105,1008,9,A,1230583966,1230583957,9
12106,1008,10,N,1230683967,1230683957,10
12107,1008,11,D,1230783969,1230783957,12
12108,1009,0,F,1230883970,1230883970,0
12109,1009,1,H,1230983971,1230983970,1
12110,1009,2,B,1231083972,1231083970,2
12111,1009,3,U,1231183972,1231183970,2
12112,1009,4,R,1231283973,1231283970,3
12113,1009,5,G,1231383974,1231383970,4
12114,1009,6,E,1231483976,1231483970,6
12115,1009,7,N,1231583977,1231583970,7
12116,1009,8,L,1231683979,1231683970,9
12117,1009,9,A,1231783980,1231783970,10
12118,1009,10,N,1231883982,1231883970,12
12119,1009,11,D,1231983983,1231983970,13
12120,1010,0,F,1232083984,1232083984,0
12121,1010,1,H,1232183985,1232183984,1
12122,1010,2,B,1232283986,1232283984,2
12123,1010,3,U,1232383988,1232383984,4
12124,1010,4,R,1232483989,1232483984,5
12125,1010,5,G,1232583990,1232583984,6
12126,1010,6,E,1232683991,1232683984,7
12127,1010,7,N,1232783992,1232783984,8
12128,1010,8,L,1232883993,1232883984,9
12129,1010,9,A,1232983994,1232983984,10
12130,1010,10,N,1233083995,1233083984,11
12131,1010,11,D,1233183995,1233183984,11
12132,1011,0,F,1233283996,1233283996,0
12133,1011,1,H,1233383996,1233383996,0
12134,1011,2,B,1233483996,1233483996,0
12135,1011,3,U,1233583998,1233583996,2
12136,1011,4,R,1233683999,1233683996,3
12137,1011,5,G,1233784000,1233783996,4
12138,1011,6,E,1233884001,1233883996,5
12139,1011,7,N,1233984002,1233983996,6
12140,1011,8,L,1234084004,1234083996,8
12141,1011,9,A,1234184005,1234183996,9
12142,1011,10,N,1234284007,1234283996,11
12143,1011,11,D,1234384008,1234383996,12
12144,1012,0,F,1234484008,1234484008,0
12145,1012,1,H,1234584009,1234584008,1
12146,1012,2,B,1234684010,1234684008,2
12147,1012,3,U,1234784011,1234784008,3
12148,1012,4,R,1234884012,1234884008,4
12149,1012,5,G,1234984013,1234984008,5
12150,1012,6,E,1235084014,1235084008,6
12151,1012,7,N,1235184015,1235184008,7
12152,1012,8,L,1235284017,1235284008,9
12153,1012,9,A,1235384018,1235384008,10
12154,1012,10,N,1235484020,1235484008,12
12155,1012,11,D,1235584020,1235584008,12
12156,1013,0,F,1235684022,1235684022,0
12157,1013,1,H,1235784023,1235784022,1
12158,1013,2,B,1235884024,1235884022,2
12159,1013,3,U,1235984025,1235984022,3
12160,1013,4,R,1236084025,1236084022,3
12161,1013,5,G,1236184026,1236184022,4
12162,1013,6,E,1236284027,1236284022,5
12163,1013,7,N,1236384027,1236384022,5
12164,1013,8,L,1236484028,1236484022,6
12165,1013,9,A,1236584030,1236584022,8
12166,1013,10,N,1236684031,1236684022,9
12167,1013,11,D,1236784032,1236784022,10
12168,1014,0,F,1236884033,1236884033,0
12169,1014,1,H,1236984035,1236984033,2
12170,1014,2,B,1237084037,1237084033,4
12171,1014,3,U,1237184037,1237184033,4
12172,1014,4,R,1237284038,1237284033,5
12173,1014,5,G,1237384039,1237384033,6
12174,1014,6,E,1237484040,1237484033,7
12175,1014,7,N,1237584041,1237584033,8
12176,1014,8,L,1237684042,1237684033,9
12177,1014,9,A,1237784044,1237784033,11
12178,1014,10,N,1237884045,1237884033,12
12179,1014,11,D,1237984046,1237984033,13
12180,1015,0,F,1238084047,1238084047,0
12181,1015,1,H,1238184049,1238184047,2
12182,1015,2,B,1238284050,1238284047,3
12183,1015,3,U,1238384051,1238384047,4
12184,1015,4,R,1238484052,1238484047,5
12185,1015,5,G,1238584053,1238584047,6
12186,1015,6,E,1238684055,1238684047,8
12187,1015,7,N,1238784055,1238784047,8
12188,1015,8,L,1238884057,1238884047,10
12189,1015,9,A,1238984057,1238984047,10
12190,1015,10,N,1239084058,1239084047,11
12191,1015,11,D,1239184059,1239184047,12
12192,1016,0,F,1239284061,1239284061,0
12193,1016,1,H,1239384062,1239384061,1
12194,1016,2,B,1239484062,1239484061,1
12195,1016,3,U,1239584064,1239584061,3
12196,1016,4,R,1239684065,1239684061,4
12197,1016,5,G,1239784066,1239784061,5
12198,1016,6,E,1239884067,1239884061,6
12199,1016,7,N,1239984068,1239984061,7
12200,1016,8,L,1240084069,1240084061,8
12201,1016,9,A,1240184070,1240184061,9
12202,1016,10,N,1240284071,1240284061,10
12203,1016,11,D,1240384072,1240384061,11
12204,1017,0,F,1240484074,1240484074,0
12205,1017,1,H,1240584075,1240584074,1
12206,1017,2,B,1240684077,1240684074,3
12207,1017,3,U,1240784078,1240784074,4
12208,1017,4,R,1240884080,1240884074,6
12209,1017,5,G,1240984080,1240984074,6
12210,1017,6,E,1241084081,1241084074,7
12211,1017,7,N,1241184082,1241184074,8
12212,1017,8,L,1241284084,1241284074,10
12213,1017,9,A,1241384085,1241384074,11
12214,1017,10,N,1241484086,1241484074,12
12215,1017,11,D,1241584087,1241584074,13
12216,1018,0,F,1241684089,1241684089,0
12217,1018,1,H,1241784090,1241784089,1
12218,1018,2,B,1241884091,1241884089,2
12219,1018,3,U,1241984092,1241984089,3
12220,1018,4,R,1242084093,1242084089,4
12221,1018,5,G,1242184095,1242184089,6
12222,1018,6,E,1242284096,1242284089,7
12223,1018,7,N,1242384097,1242384089,8
12224,1018,8,L,1242484098,1242484089,9
12225,1018,9,A,1242584098,1242584089,9
12226,1018,10,N,1242684099,1242684089,10
12227,1018,11,D,1242784100,1242784089,11
12228,1019,0,F,1242884101,1242884101,0
12229,1019,1,H,1242984102,1242984101,1
12230,1019,2,B,1243084103,1243084101,2
12231,1019,3,U,1243184104,1243184101,3
12232,1019,4,R,1243284105,1243284101,4
12233,1019,5,G,1243384106,1243384101,5
12234,1019,6,E,1243484107,1243484101,6
12235,1019,7,N,1243584108,1243584101,7
12236,1019,8,L,1243684109,1243684101,8
12237,1019,9,A,1243784110,1243784101,9
12238,1019,10,N,1243884111,1243884101,10
12239,1019,11,D,1243984112,1243984101,11
12240,1020,0,F,1244084113,1244084113,0
12241,1020,1,H,1244184114,1244184113,1
12242,1020,2,B,1244284116,1244284113,3
12243,1020,3,U,1244384117,1244384113,4
12244,1020,4,R,1244484117,1244484113,4
12245,1020,5,G,1244584117,1244584113,4
12246,1020,6,E,1244684118,1244684113,5
12247,1020,7,N,1244784119,1244784113,6
12248,1020,8,L,1244884121,1244884113,8
12249,1020,9,A,1244984121,1244984113,8
12250,1020,10,N,1245084122,1245084113,9
12251,1020,11,D,1245184123,1245184113,10
12252,1021,0,F,1245284123,1245284123,0
12253,1021,1,H,1245384125,1245384123,2
12254,1021,2,B,1245484126,1245484123,3
12255,1021,3,U,1245584127,1245584123,4
12256,1021,4,R,1245684127,1245684123,4
12257,1021,5,G,1245784127,1245784123,4
12258,1021,6,E,1245884128,1245884123,5
12259,1021,7,N,1245984129,1245984123,6
12260,1021,8,L,1246084130,1246084123,7
12261,1021,9,A,1246184131,1246184123,8
12262,1021,10,N,1246284132,1246284123,9
12263,1021,11,D,1246384133,1246384123,10
12264,1022,0,F,1246484134,1246484134,0
12265,1022,1,H,1246584135,1246584134,1
12266,1022,2,B,1246684135,1246684134,1
12267,1022,3,U,1246784135,1246784134,1
12268,1022,4,R,1246884136,1246884134,2
12269,1022,5,G,1246984136,1246984134,2
12270,1022,6,E,1247084137,1247084134,3
12271,1022,7,N,1247184138,1247184134,4
12272,1022,8,L,1247284139,1247284134,5
12273,1022,9,A,1247384141,1247384134,7
12274,1022,10,N,1247484141,1247484134,7
12275,1022,11,D,1247584142,1247584134,8
12276,1023,0,F,1247684143,1247684143,0
12277,1023,1,H,1247784144,1247784143,1
12278,1023,2,B,1247884144,1247884143,1
12279,1023,3,U,1247984145,1247984143,2
12280,1023,4,R,1248084146,1248084143,3
12281,1023,5,G,1248184148,1248184143,5
12282,1023,6,E,1248284149,1248284143,6
12283,1023,7,N,1248384150,1248384143,7
12284,1023,8,L,1248484150,1248484143,7
12285,1023,9,A,1248584151,1248584143,8
12286,1023,10,N,1248684152,1248684143,9
12287,1023,11,D,1248784153,1248784143,10
12288,1024,0,F,1248884153,1248884153,0
12289,1024,1,H,1248984154,1248984153,1
12290,1024,2,B,1249084154,1249084153,1
12291,1024,3,U,1249184155,1249184153,2
12292,1024,4,R,1249284156,1249284153,3
12293,1024,5,G,1249384157,1249384153,4
12294,1024,6,E,1249484158,1249484153,5
12295,1024,7,N,1249584159,1249584153,6
12296,1024,8,L,1249684159,1249684153,6
12297,1024,9,A,1249784159,1249784153,6
12298,1024,10,N,1249884160,1249884153,7
12299,1024,11,D,1249984161,1249984153,8
12300,1025,0,F,1250084162,1250084162,0
12301,1025,1,H,1250184163,1250184162,1
12302,1025,2,B,1250284164,1250284162,2
12303,1025,3,U,1250384165,1250384162,3
12304,1025,4,R,1250484166,1250484162,4
12305,1025,5,G,1250584167,1250584162,5
12306,1025,6,E,1250684168,1250684162,6
12307,1025,7,N,1250784168,1250784162,6
12308,1025,8,L,1250884169,1250884162,7
12309,1025,9,A,1250984170,1250984162,8
12310,1025,10,N,1251084171,1251084162,9
12311,1025,11,D,1251184171,1251184162,9
12312,1026,0,F,1251284172,1251284172,0
12313,1026,1,H,1251384173,1251384172,1
12314,1026,2,B,1251484173,1251484172,1
12315,1026,3,U,1251584175,1251584172,3
12316,1026,4,R,1251684176,1251684172,4
12317,1026,5,G,1251784177,1251784172,5
12318,1026,6,E,1251884177,1251884172,5
12319,1026,7,N,1251984178,1251984172,6
12320,1026,8,L,1252084179,1252084172,7
12321,1026,9,A,1252184180,1252184172,8
12322,1026,10,N,1252284181,1252284172,9
12323,1026,11,D,1252384182,1252384172,10
12324,1027,0,F,1252484182,1252484182,0
12325,1027,1,H,1252584183,1252584182,1
12326,1027,2,B,1252684184,1252684182,2
12327,1027,3,U,1252784186,1252784182,4
12328,1027,4,R,1252884186,1252884182,4
12329,1027,5,G,1252984186,1252984182,4
12330,1027,6,E,1253084188,1253084182,6
12331,1027,7,N,1253184190,1253184182,8
12332,1027,8,L,1253284191,1253284182,9
12333,1027,9,A,1253384193,1253384182,11
12334,1027,10,N,1253484194,1253484182,12
12335,1027,11,D,1253584195,1253584182,13
12336,1028,0,F,1253684197,1253684197,0
12337,1028,1,H,1253784198,1253784197,1
12338,1028,2,B,1253884199,1253884197,2
12339,1028,3,U,1253984199,1253984197,2
12340,1028,4,R,1254084200,1254084197,3
12341,1028,5,G,1254184201,1254184197,4
12342,1028,6,E,1254284202,1254284197,5
12343,1028,7,N,1254384202,1254384197,5
12344,1028,8,L,1254484203,1254484197,6
12345,1028,9,A,1254584204,1254584197,7
12346,1028,10,N,1254684205,1254684197,8
12347,1028,11,D,1254784205,1254784197,8
12348,1029,0,F,1254884206,1254884206,0
12349,1029,1,H,1254984206,1254984206,0
12350,1029,2,B,1255084207,1255084206,1
12351,1029,3,U,1255184208,1255184206,2
12352,1029,4,R,1255284209,1255284206,3
12353,1029,5,G,1255384210,1255384206,4
12354,1029,6,E,1255484211,1255484206,5
12355,1029,7,N,1255584213,1255584206,7
12356,1029,8,L,1255684213,1255684206,7
12357,1029,9,A,1255784213,1255784206,7
12358,1029,10,N,1255884214,1255884206,8
12359,1029,11,D,1255984215,1255984206,9
12360,1030,0,F,1256084216,1256084216,0
12361,1030,1,H,1256184217,1256184216,1
12362,1030,2,B,1256284219,1256284216,3
12363,1030,3,U,1256384219,1256384216,3
12364,1030,4,R,1256484220,1256484216,4
12365,1030,5,G,1256584222,1256584216,6
12366,1030,6,E,1256684222,1256684216,6
12367,1030,7,N,1256784223,1256784216,7
12368,1030,8,L,1256884224,1256884216,8
12369,1030,9,A,1256984224,1256984216,8
12370,1030,10,N,1257084225,1257084216,9
12371,1030,11,D,1257184225,1257184216,9
12372,1031,0,F,1257284226,1257284226,0
12373,1031,1,H,1257384226,1257384226,0
12374,1031,2,B,1257484227,1257484226,1
12375,1031,3,U,1257584228,1257584226,2
12376,1031,4,R,1257684228,1257684226,2
12377,1031,5,G,1257784229,1257784226,3
12378,1031,6,E,1257884231,1257884226,5
12379,1031,7,N,1257984233,1257984226,7
12380,1031,8,L,1258084234,1258084226,8
12381,1031,9,A,1258184234,1258184226,8
12382,1031,10,N,1258284235,1258284226,9
12383,1031,11,D,1258384237,1258384226,11
12384,1032,0,F,1258484237,1258484237,0
12385,1032,1,H,1258584239,1258584237,2
12386,1032,2,B,1258684240,1258684237,3
12387,1032,3,U,1258784240,1258784237,3
12388,1032,4,R,1258884242,1258884237,5
12389,1032,5,G,1258984243,1258984237,6
12390,1032,6,E,1259084244,1259084237,7
12391,1032,7,N,1259184244,1259184237,7
12392,1032,8,L,1259284245,1259284237,8
12393,1032,9,A,1259384246,1259384237,9
12394,1032,10,N,1259484247,1259484237,10
12395,1032,11,D,1259584248,1259584237,11
12396,1033,0,F,1259684249,1259684249,0
12397,1033,1,H,1259784250,1259784249,1
12398,1033,2,B,1259884251,1259884249,2
12399,1033,3,U,1259984252,1259984249,3
12400,1033,4,R,1260084253,1260084249,4
12401,1033,5,G,1260184254,1260184249,5
12402,1033,6,E,1260284255,1260284249,6
12403,1033,7,N,1260384256,1260384249,7
12404,1033,8,L,1260484257,1260484249,8
12405,1033,9,A,1260584258,1260584249,9
12406,1033,10,N,1260684259,1260684249,10
12407,1033,11,D,1260784259,1260784249,10
12408,1034,0,F,1260884260,1260884260,0
12409,1034,1,H,1260984260,1260984260,0
12410,1034,2,B,1261084261,1261084260,1
12411,1034,3,U,1261184262,1261184260,2
12412,1034,4,R,1261284263,1261284260,3
12413,1034,5,G,1261384264,1261384260,4
12414,1034,6,E,1261484265,1261484260,5
12415,1034,7,N,1261584266,1261584260,6
12416,1034,8,L,1261684267,1261684260,7
12417,1034,9,A,1261784268,1261784260,8
12418,1034,10,N,1261884268,1261884260,8
12419,1034,11,D,1261984269,1261984260,9
12420,1035,0,F,1262084270,1262084270,0
12421,1035,1,H,1262184271,1262184270,1
12422,1035,2,B,1262284272,1262284270,2
12423,1035,3,U,1262384273,1262384270,3
12424,1035,4,R,1262484274,1262484270,4
12425,1035,5,G,1262584276,1262584270,6
12426,1035,6,E,1262684277,1262684270,7
12427,1035,7,N,1262784278,1262784270,8
12428,1035,8,L,1262884279,1262884270,9
12429,1035,9,A,1262984281,1262984270,11
12430,1035,10,N,1263084282,1263084270,12
12431,1035,11,D,1263184283,1263184270,13
12432,1036,0,F,1263284285,1263284285,0
12433,1036,1,H,1263384285,1263384285,0
12434,1036,2,B,1263484286,1263484285,1
12435,1036,3,U,1263584287,1263584285,2
12436,1036,4,R,1263684289,1263684285,4
12437,1036,5,G,1263784290,1263784285,5
12438,1036,6,E,1263884292,1263884285,7
12439,1036,7,N,1263984292,1263984285,7
12440,1036,8,L,1264084293,1264084285,8
12441,1036,9,A,1264184294,1264184285,9
12442,1036,10,N,1264284296,1264284285,11
12443,1036,11,D,1264384297,1264384285,12
12444,1037,0,F,1264484297,1264484297,0
12445,1037,1,H,1264584297,1264584297,0
12446,1037,2,B,1264684297,1264684297,0
12447,1037,3,U,1264784298,1264784297,1
12448,1037,4,R,1264884298,1264884297,1
12449,1037,5,G,1264984300,1264984297,3
12450,1037,6,E,1265084301,1265084297,4
12451,1037,7,N,1265184302,1265184297,5
12452,1037,8,L,1265284303,1265284297,6
12453,1037,9,A,1265384304,1265384297,7
12454,1037,10,N,1265484304,1265484297,7
12455,1037,11,D,1265584306,1265584297,9
12456,1038,0,F,1265684307,1265684307,0
12457,1038,1,H,1265784307,1265784307,0
12458,1038,2,B,1265884308,1265884307,1
12459,1038,3,U,1265984308,1265984307,1
12460,1038,4,R,1266084310,1266084307,3
12461,1038,5,G,1266184311,1266184307,4
