device,vkey,scancode,e0,e1,t1_ns,keyname
723207,38,72,1,0,1454020451072,"NACH-OBEN"
723207,13,28,0,0,1454480629972,"EINGABE"
264507,70,33,0,0,1469517656572,"F"
264507,72,35,0,0,1469621640972,"H"
264507,66,48,0,0,1469717715972,"B"
264507,85,22,0,0,1469821679372,"U"
264507,82,19,0,0,1469917702672,"R"
264507,71,34,0,0,1470021674172,"G"
264507,69,18,0,0,1470117687072,"E"
264507,78,49,0,0,1470222936572,"N"
264507,76,38,0,0,1470317585472,"L"
264507,65,30,0,0,1470413632472,"A"
264507,78,49,0,0,1470517634572,"N"
264507,68,32,0,0,1470621843372,"D"
264507,70,33,0,0,1470717611972,"F"
264507,72,35,0,0,1470821682572,"H"
264507,66,48,0,0,1470917654672,"B"
264507,85,22,0,0,1471021439072,"U"
264507,82,19,0,0,1471117678572,"R"
264507,71,34,0,0,1471221868772,"G"
264507,69,18,0,0,1471317612672,"E"
264507,78,49,0,0,1471422630772,"N"
264507,76,38,0,0,1471517769272,"L"
264507,65,30,0,0,1471621683972,"A"
264507,78,49,0,0,1471717374472,"N"
264507,68,32,0,0,1471821818872,"D"
264507,70,33,0,0,1471917721172,"F"
264507,72,35,0,0,1472021685972,"H"
264507,66,48,0,0,1472125381372,"B"
264507,85,22,0,0,1472213747672,"U"
264507,82,19,0,0,1472317763572,"R"
264507,71,34,0,0,1472421646272,"G"
264507,69,18,0,0,1472525497872,"E"
264507,78,49,0,0,1472621659272,"N"
264507,76,38,0,0,1472717620972,"L"
264507,65,30,0,0,1472821686072,"A"
264507,78,49,0,0,1472917719572,"N"
264507,68,32,0,0,1473021765272,"D"
264507,70,33,0,0,1473117668872,"F"
264507,72,35,0,0,1473221730472,"H"
264507,66,48,0,0,1473317676172,"B"
264507,85,22,0,0,1473421658972,"U"
264507,82,19,0,0,1473517743472,"R"
264507,71,34,0,0,1473621710972,"G"
264507,69,18,0,0,1473717873772,"E"
264507,78,49,0,0,1473822462072,"N"
264507,76,38,0,0,1473917924272,"L"
264507,65,30,0,0,1474013605272,"A"
264507,78,49,0,0,1474117740272,"N"
264507,68,32,0,0,1474221728672,"D"
264507,70,33,0,0,1474317716872,"F"
264507,72,35,0,0,1474421776172,"H"
264507,66,48,0,0,1474517631872,"B"
264507,85,22,0,0,1474621468472,"U"
264507,82,19,0,0,1474717660072,"R"
264507,71,34,0,0,1474821707172,"G"
264507,69,18,0,0,1474917615472,"E"
264507,78,49,0,0,1475021848572,"N"
264507,76,38,0,0,1475117709972,"L"
264507,65,30,0,0,1475221742672,"A"
264507,78,49,0,0,1475317690872,"N"
264507,68,32,0,0,1475421657872,"D"
264507,70,33,0,0,1475517823372,"F"
264507,72,35,0,0,1475621694172,"H"
264507,66,48,0,0,1475726498972,"B"
264507,85,22,0,0,1475813611372,"U"
264507,82,19,0,0,1475917919072,"R"
264507,71,34,0,0,1476021757372,"G"
264507,69,18,0,0,1476125734972,"E"
264507,78,49,0,0,1476221709072,"N"
264507,76,38,0,0,1476317893072,"L"
264507,65,30,0,0,1476421688372,"A"
264507,78,49,0,0,1476517792372,"N"
264507,68,32,0,0,1476621757972,"D"
264507,70,33,0,0,1476717615972,"F"
264507,72,35,0,0,1476821701772,"H"
264507,66,48,0,0,1476918653172,"B"
264507,85,22,0,0,1477021667372,"U"
264507,82,19,0,0,1477117882672,"R"
264507,71,34,0,0,1477221503772,"G"
264507,69,18,0,0,1477317697472,"E"
264507,78,49,0,0,1477421565372,"N"
264507,76,38,0,0,1477517756572,"L"
264507,65,30,0,0,1477613670372,"A"
264507,78,49,0,0,1477717799272,"N"
264507,68,32,0,0,1477821764772,"D"
264507,70,33,0,0,1477917764672,"F"
264507,72,35,0,0,1478021885672,"H"
264507,66,48,0,0,1478117700172,"B"
264507,85,22,0,0,1478221776672,"U"
264507,82,19,0,0,1478317674972,"R"
264507,71,34,0,0,1478421649572,"G"
264507,69,18,0,0,1478517764572,"E"
264507,78,49,0,0,1478621730172,"N"
264507,76,38,0,0,1478717703872,"L"
264507,65,30,0,0,1478821681272,"A"
264507,78,49,0,0,1478917764972,"N"
264507,68,32,0,0,1479021741172,"D"
264507,70,33,0,0,1479125787972,"F"
264507,72,35,0,0,1479221706072,"H"
264507,66,48,0,0,1479325722072,"B"
264507,85,22,0,0,1479413447372,"U"
264507,82,19,0,0,1479517739372,"R"
264507,71,34,0,0,1479621808272,"G"
264507,69,18,0,0,1479725491472,"E"
264507,78,49,0,0,1479822526672,"N"
264507,76,38,0,0,1479917675972,"L"
264507,65,30,0,0,1480021859072,"A"
264507,78,49,0,0,1480117688572,"N"
264507,68,32,0,0,1480221764372,"D"
264507,70,33,0,0,1480317779872,"F"
264507,72,35,0,0,1480421760272,"H"
264507,66,48,0,0,1480517776172,"B"
264507,85,22,0,0,1480621845572,"U"
264507,82,19,0,0,1480718070472,"R"
264507,71,34,0,0,1480821694172,"G"
264507,69,18,0,0,1480925835272,"E"
264507,78,49,0,0,1481014222272,"N"
264507,76,38,0,0,1481117810372,"L"
264507,65,30,0,0,1481221694372,"A"
264507,78,49,0,0,1481317536872,"N"
264507,68,32,0,0,1481421802372,"D"
264507,70,33,0,0,1481517787572,"F"
264507,72,35,0,0,1481621820972,"H"
264507,66,48,0,0,1481717669872,"B"
264507,85,22,0,0,1481821758872,"U"
264507,82,19,0,0,1481917735872,"R"
264507,71,34,0,0,1482021767772,"G"
264507,69,18,0,0,1482117776672,"E"
264507,78,49,0,0,1482221948872,"N"
264507,76,38,0,0,1482317748772,"L"
264507,65,30,0,0,1482421501772,"A"
264507,78,49,0,0,1482517720872,"N"
264507,68,32,0,0,1482621706572,"D"
264507,70,33,0,0,1482725907772,"F"
264507,72,35,0,0,1482813765672,"H"
264507,66,48,0,0,1482917728772,"B"
264507,85,22,0,0,1483021781672,"U"
264507,82,19,0,0,1483117789572,"R"
264507,71,34,0,0,1483221786972,"G"
264507,69,18,0,0,1483325775572,"E"
264507,78,49,0,0,1483421736372,"N"
264507,76,38,0,0,1483517793272,"L"
264507,65,30,0,0,1483621485572,"A"
264507,78,49,0,0,1483717549472,"N"
264507,68,32,0,0,1483821779672,"D"
264507,70,33,0,0,1483917492072,"F"
264507,72,35,0,0,1484021791372,"H"
264507,66,48,0,0,1484117593572,"B"
264507,85,22,0,0,1484221825272,"U"
264507,82,19,0,0,1484317464472,"R"
264507,71,34,0,0,1484421723772,"G"
264507,69,18,0,0,1484525785972,"E"
264507,78,49,0,0,1484613824572,"N"
264507,76,38,0,0,1484717736772,"L"
264507,65,30,0,0,1484821790672,"A"
264507,78,49,0,0,1484917547372,"N"
264507,68,32,0,0,1485021812872,"D"
264507,70,33,0,0,1485117533172,"F"
264507,72,35,0,0,1485221791372,"H"
264507,66,48,0,0,1485317545472,"B"
264507,85,22,0,0,1485421809872,"U"
264507,82,19,0,0,1485517522272,"R"
264507,71,34,0,0,1485621799972,"G"
264507,69,18,0,0,1485717771872,"E"
264507,78,49,0,0,1485821900772,"N"
264507,76,38,0,0,1485917903772,"L"
264507,65,30,0,0,1486021762372,"A"
264507,78,49,0,0,1486125824672,"N"
264507,68,32,0,0,1486221823872,"D"
264507,70,33,0,0,1486317790972,"F"
264507,72,35,0,0,1486413776472,"H"
264507,66,48,0,0,1486517952172,"B"
264507,85,22,0,0,1486621754772,"U"
264507,82,19,0,0,1486717736672,"R"
264507,71,34,0,0,1486821688272,"G"
264507,69,18,0,0,1486917649272,"E"
264507,78,49,0,0,1487021766272,"N"
264507,76,38,0,0,1487117795072,"L"
264507,65,30,0,0,1487221853372,"A"
264507,78,49,0,0,1487317759472,"N"
264507,68,32,0,0,1487421883272,"D"
264507,70,33,0,0,1487517732472,"F"
264507,72,35,0,0,1487621741572,"H"
264507,66,48,0,0,1487717816472,"B"
264507,85,22,0,0,1487821787172,"U"
264507,82,19,0,0,1487925839672,"R"
264507,71,34,0,0,1488021831072,"G"
264507,69,18,0,0,1488125809072,"E"
264507,78,49,0,0,1488221764672,"N"
264507,76,38,0,0,1488317781372,"L"
264507,65,30,0,0,1488421828872,"A"
264507,78,49,0,0,1488517877372,"N"
264507,68,32,0,0,1488621643272,"D"
264507,70,33,0,0,1488717815972,"F"
264507,72,35,0,0,1488821762072,"H"
264507,66,48,0,0,1488917793972,"B"
264507,85,22,0,0,1489021780972,"U"
264507,82,19,0,0,1489117810272,"R"
264507,71,34,0,0,1489221884172,"G"
264507,69,18,0,0,1489317830372,"E"
264507,78,49,0,0,1489421773572,"N"
264507,76,38,0,0,1489517950072,"L"
264507,65,30,0,0,1489613802072,"A"
264507,78,49,0,0,1489725758672,"N"
264507,68,32,0,0,1489821562772,"D"
264507,70,33,0,0,1489917727572,"F"
264507,72,35,0,0,1490021584672,"H"
264507,66,48,0,0,1490117861772,"B"
264507,85,22,0,0,1490221626072,"U"
264507,82,19,0,0,1490317905672,"R"
264507,71,34,0,0,1490421617972,"G"
264507,69,18,0,0,1490518013972,"E"
264507,78,49,0,0,1490622631272,"N"
264507,76,38,0,0,1490717770872,"L"
264507,65,30,0,0,1490821523572,"A"
264507,78,49,0,0,1490917762772,"N"
264507,68,32,0,0,1491021628572,"D"
264507,70,33,0,0,1491117869072,"F"
264507,72,35,0,0,1491221698772,"H"
264507,66,48,0,0,1491325845772,"B"
264507,85,22,0,0,1491421875772,"U"
264507,82,19,0,0,1491526001872,"R"
264507,71,34,0,0,1491621919172,"G"
264507,69,18,0,0,1491726674372,"E"
264507,78,49,0,0,1491822632172,"N"
264507,76,38,0,0,1491917846572,"L"
264507,65,30,0,0,1492021803472,"A"
264507,78,49,0,0,1492117828072,"N"
264507,68,32,0,0,1492221692172,"D"
264507,70,33,0,0,1492317947372,"F"
264507,72,35,0,0,1492421761572,"H"
264507,66,48,0,0,1492517867672,"B"
264507,85,22,0,0,1492621972072,"U"
264507,82,19,0,0,1492717568872,"R"
264507,71,34,0,0,1492821857272,"G"
264507,69,18,0,0,1492917840772,"E"
264507,78,49,0,0,1493021792272,"N"
264507,76,38,0,0,1493125826272,"L"
264507,65,30,0,0,1493213835472,"A"
264507,78,49,0,0,1493325825872,"N"
264507,68,32,0,0,1493421819872,"D"
264507,70,33,0,0,1493517875172,"F"
264507,72,35,0,0,1493621951672,"H"
264507,66,48,0,0,1493718075372,"B"
264507,85,22,0,0,1493821902272,"U"
264507,82,19,0,0,1493917727972,"R"
264507,71,34,0,0,1494021836872,"G"
264507,69,18,0,0,1494117821672,"E"
264507,78,49,0,0,1494221826372,"N"
264507,76,38,0,0,1494317836772,"L"
264507,65,30,0,0,1494421902972,"A"
264507,78,49,0,0,1494517905972,"N"
264507,68,32,0,0,1494621854372,"D"
264507,70,33,0,0,1494717820472,"F"
264507,72,35,0,0,1494821888172,"H"
264507,66,48,0,0,1494917768472,"B"
264507,85,22,0,0,1495021806872,"U"
264507,82,19,0,0,1495125853072,"R"
264507,71,34,0,0,1495221893572,"G"
264507,69,18,0,0,1495325690872,"E"
264507,78,49,0,0,1495421877172,"N"
264507,76,38,0,0,1495517851072,"L"
264507,65,30,0,0,1495621888572,"A"
264507,78,49,0,0,1495717883972,"N"
264507,68,32,0,0,1495821868772,"D"
264507,70,33,0,0,1495917846272,"F"
264507,72,35,0,0,1496021951272,"H"
264507,66,48,0,0,1496117879572,"B"
264507,85,22,0,0,1496221580472,"U"
264507,82,19,0,0,1496317640272,"R"
264507,71,34,0,0,1496421844572,"G"
264507,69,18,0,0,1496517820472,"E"
264507,78,49,0,0,1496622925972,"N"
264507,76,38,0,0,1496718127872,"L"
264507,65,30,0,0,1496813890072,"A"
264507,78,49,0,0,1496925747272,"N"
264507,68,32,0,0,1497021897072,"D"
264507,70,33,0,0,1497117951172,"F"
264507,72,35,0,0,1497221897372,"H"
264507,66,48,0,0,1497317926472,"B"
264507,85,22,0,0,1497421846772,"U"
264507,82,19,0,0,1497517554672,"R"
264507,71,34,0,0,1497621802672,"G"
264507,69,18,0,0,1497717879872,"E"
264507,78,49,0,0,1497821918372,"N"
264507,76,38,0,0,1497917884072,"L"
264507,65,30,0,0,1498021936572,"A"
264507,78,49,0,0,1498117692672,"N"
264507,68,32,0,0,1498221923772,"D"
264507,70,33,0,0,1498317872972,"F"
264507,72,35,0,0,1498421881972,"H"
264507,66,48,0,0,1498525798372,"B"
264507,85,22,0,0,1498621867572,"U"
264507,82,19,0,0,1498725942772,"R"
264507,71,34,0,0,1498821660672,"G"
264507,69,18,0,0,1498926792672,"E"
264507,78,49,0,0,1499021841372,"N"
264507,76,38,0,0,1499117842372,"L"
264507,65,30,0,0,1499221895772,"A"
264507,78,49,0,0,1499317937872,"N"
264507,68,32,0,0,1499421889572,"D"
264507,70,33,0,0,1499517664372,"F"
264507,72,35,0,0,1499621940872,"H"
264507,66,48,0,0,1499717567772,"B"
264507,85,22,0,0,1499821852872,"U"
264507,82,19,0,0,1499917817372,"R"
264507,71,34,0,0,1500021909172,"G"
264507,69,18,0,0,1500117792772,"E"
264507,78,49,0,0,1500221875672,"N"
264507,76,38,0,0,1500325855872,"L"
264507,65,30,0,0,1500413926872,"A"
264507,78,49,0,0,1500525850972,"N"
264507,68,32,0,0,1500622017872,"D"
264507,70,33,0,0,1500717855972,"F"
264507,72,35,0,0,1500821929572,"H"
264507,66,48,0,0,1500917938272,"B"
264507,85,22,0,0,1501022064072,"U"
264507,82,19,0,0,1501118040172,"R"
264507,71,34,0,0,1501221910772,"G"
264507,69,18,0,0,1501317944172,"E"
264507,78,49,0,0,1501421943172,"N"
264507,76,38,0,0,1501517742172,"L"
264507,65,30,0,0,1501621964872,"A"
264507,78,49,0,0,1501717925472,"N"
264507,68,32,0,0,1501822028872,"D"
264507,70,33,0,0,1501917863072,"F"
264507,72,35,0,0,1502021901272,"H"
264507,66,48,0,0,1502125818072,"B"
264507,85,22,0,0,1502221853772,"U"
264507,82,19,0,0,1502325881872,"R"
264507,71,34,0,0,1502421968472,"G"
264507,69,18,0,0,1502525853072,"E"
264507,78,49,0,0,1502622836672,"N"
264507,76,38,0,0,1502717717072,"L"
264507,65,30,0,0,1502821927872,"A"
264507,78,49,0,0,1502917942672,"N"
264507,68,32,0,0,1503021945072,"D"
264507,70,33,0,0,1503117896472,"F"
264507,72,35,0,0,1503221954772,"H"
264507,66,48,0,0,1503317930872,"B"
264507,85,22,0,0,1503421937672,"U"
264507,82,19,0,0,1503517999472,"R"
264507,71,34,0,0,1503621993372,"G"
264507,69,18,0,0,1503717735372,"E"
264507,78,49,0,0,1503822757972,"N"
264507,76,38,0,0,1503925931972,"L"
264507,65,30,0,0,1504013890272,"A"
264507,78,49,0,0,1504125983672,"N"
264507,68,32,0,0,1504221965272,"D"
264507,70,33,0,0,1504317958172,"F"
264507,72,35,0,0,1504421894272,"H"
264507,66,48,0,0,1504517689172,"B"
264507,85,22,0,0,1504621879772,"U"
264507,82,19,0,0,1504717982472,"R"
264507,71,34,0,0,1504821914872,"G"
264507,69,18,0,0,1504917900272,"E"
264507,78,49,0,0,1505022967072,"N"
264507,76,38,0,0,1505117977072,"L"
264507,65,30,0,0,1505221973972,"A"
264507,78,49,0,0,1505317992072,"N"
264507,68,32,0,0,1505421909272,"D"
264507,70,33,0,0,1505517971972,"F"
264507,72,35,0,0,1505622102272,"H"
264507,66,48,0,0,1505725998872,"B"
264507,85,22,0,0,1505821872272,"U"
264507,82,19,0,0,1505925918872,"R"
264507,71,34,0,0,1506021937072,"G"
264507,69,18,0,0,1506125970472,"E"
264507,78,49,0,0,1506221972472,"N"
264507,76,38,0,0,1506317952372,"L"
264507,65,30,0,0,1506421944472,"A"
264507,78,49,0,0,1506517664172,"N"
264507,68,32,0,0,1506621994072,"D"
264507,70,33,0,0,1506717917672,"F"
264507,72,35,0,0,1506821968172,"H"
264507,66,48,0,0,1506917849572,"B"
264507,85,22,0,0,1507021957472,"U"
264507,82,19,0,0,1507117843372,"R"
264507,71,34,0,0,1507221953572,"G"
264507,69,18,0,0,1507317920772,"E"
264507,78,49,0,0,1507421978872,"N"
264507,76,38,0,0,1507517931172,"L"
264507,65,30,0,0,1507614105672,"A"
264507,78,49,0,0,1507725975272,"N"
264507,68,32,0,0,1507821998772,"D"
264507,70,33,0,0,1507917980072,"F"
264507,72,35,0,0,1508021921772,"H"
264507,66,48,0,0,1508117879772,"B"
264507,85,22,0,0,1508222022072,"U"
264507,82,19,0,0,1508317621572,"R"
264507,71,34,0,0,1508422005672,"G"
264507,69,18,0,0,1508517723372,"E"
264507,78,49,0,0,1508622145272,"N"
264507,76,38,0,0,1508717728972,"L"
264507,65,30,0,0,1508821943972,"A"
264507,78,49,0,0,1508917808472,"N"
264507,68,32,0,0,1509022017172,"D"
264507,70,33,0,0,1509117703572,"F"
264507,72,35,0,0,1509221821172,"H"
264507,66,48,0,0,1509317693972,"B"
264507,85,22,0,0,1509422023972,"U"
264507,82,19,0,0,1509525749872,"R"
264507,71,34,0,0,1509621973572,"G"
264507,69,18,0,0,1509726232872,"E"
264507,78,49,0,0,1509822059072,"N"
264507,76,38,0,0,1509918004572,"L"
264507,65,30,0,0,1510021943272,"A"
264507,78,49,0,0,1510118057472,"N"
264507,68,32,0,0,1510222038472,"D"
264507,70,33,0,0,1510318081672,"F"
264507,72,35,0,0,1510421960872,"H"
264507,66,48,0,0,1510517647772,"B"
264507,85,22,0,0,1510622053672,"U"
264507,82,19,0,0,1510718086172,"R"
264507,71,34,0,0,1510821986872,"G"
264507,69,18,0,0,1510917967272,"E"
264507,78,49,0,0,1511022746872,"N"
264507,76,38,0,0,1511118008372,"L"
264507,65,30,0,0,1511213907372,"A"
264507,78,49,0,0,1511326006872,"N"
264507,68,32,0,0,1511421818972,"D"
264507,70,33,0,0,1511517807172,"F"
264507,72,35,0,0,1511622005972,"H"
264507,66,48,0,0,1511718048872,"B"
264507,85,22,0,0,1511822076072,"U"
264507,82,19,0,0,1511917943072,"R"
264507,71,34,0,0,1512022049972,"G"
264507,69,18,0,0,1512118002272,"E"
264507,78,49,0,0,1512222044172,"N"
264507,76,38,0,0,1512317989072,"L"
264507,65,30,0,0,1512422036572,"A"
264507,78,49,0,0,1512518048372,"N"
264507,68,32,0,0,1512621929372,"D"
264507,70,33,0,0,1512718245372,"F"
264507,72,35,0,0,1512821996772,"H"
264507,66,48,0,0,1512918022572,"B"
264507,85,22,0,0,1513021992072,"U"
264507,82,19,0,0,1513126182072,"R"
264507,71,34,0,0,1513222048072,"G"
264507,69,18,0,0,1513326008072,"E"
264507,78,49,0,0,1513421997672,"N"
264507,76,38,0,0,1513517871272,"L"
264507,65,30,0,0,1513622083072,"A"
264507,78,49,0,0,1513717958072,"N"
264507,68,32,0,0,1513821794372,"D"
264507,70,33,0,0,1513918016672,"F"
264507,72,35,0,0,1514021858372,"H"
264507,66,48,0,0,1514117980772,"B"
264507,85,22,0,0,1514221793772,"U"
264507,82,19,0,0,1514318040872,"R"
264507,71,34,0,0,1514421699872,"G"
264507,69,18,0,0,1514518004972,"E"
264507,78,49,0,0,1514621691472,"N"
264507,76,38,0,0,1514717974672,"L"
264507,65,30,0,0,1514821802972,"A"
264507,78,49,0,0,1514926063972,"N"
264507,68,32,0,0,1515021756172,"D"
264507,70,33,0,0,1515126008072,"F"
264507,72,35,0,0,1515214042872,"H"
264507,66,48,0,0,1515318053372,"B"
264507,85,22,0,0,1515421911472,"U"
264507,82,19,0,0,1515517825272,"R"
264507,71,34,0,0,1515622054372,"G"
264507,69,18,0,0,1515726113972,"E"
264507,78,49,0,0,1515823240472,"N"
264507,76,38,0,0,1515918098672,"L"
264507,65,30,0,0,1516022101372,"A"
264507,78,49,0,0,1516118093172,"N"
264507,68,32,0,0,1516222121672,"D"
264507,70,33,0,0,1516318070372,"F"
264507,72,35,0,0,1516422141372,"H"
264507,66,48,0,0,1516518074272,"B"
264507,85,22,0,0,1516621974372,"U"
264507,82,19,0,0,1516717953172,"R"
264507,71,34,0,0,1516822038972,"G"
264507,69,18,0,0,1516926055972,"E"
264507,78,49,0,0,1517023101972,"N"
264507,76,38,0,0,1517118095072,"L"
264507,65,30,0,0,1517222219172,"A"
264507,78,49,0,0,1517317974672,"N"
264507,68,32,0,0,1517422070972,"D"
264507,70,33,0,0,1517518041872,"F"
264507,72,35,0,0,1517622086172,"H"
264507,66,48,0,0,1517718097372,"B"
264507,85,22,0,0,1517821985472,"U"
264507,82,19,0,0,1517918100972,"R"
264507,71,34,0,0,1518022065972,"G"
264507,69,18,0,0,1518118023272,"E"
264507,78,49,0,0,1518222732972,"N"
264507,76,38,0,0,1518318041872,"L"
264507,65,30,0,0,1518422032072,"A"
264507,78,49,0,0,1518518078172,"N"
264507,68,32,0,0,1518622077272,"D"
264507,70,33,0,0,1518725998972,"F"
264507,72,35,0,0,1518822216172,"H"
264507,66,48,0,0,1518926051572,"B"
264507,85,22,0,0,1519022085072,"U"
264507,82,19,0,0,1519118041472,"R"
264507,71,34,0,0,1519222242772,"G"
264507,69,18,0,0,1519326010472,"E"
264507,78,49,0,0,1519422039272,"N"
264507,76,38,0,0,1519518189472,"L"
264507,65,30,0,0,1519622036872,"A"
264507,78,49,0,0,1519718025772,"N"
264507,68,32,0,0,1519822139172,"D"
264507,70,33,0,0,1519917975072,"F"
264507,72,35,0,0,1520022152972,"H"
264507,66,48,0,0,1520118053172,"B"
264507,85,22,0,0,1520222079272,"U"
264507,82,19,0,0,1520317999772,"R"
264507,71,34,0,0,1520422091872,"G"
264507,69,18,0,0,1520525829072,"E"
264507,78,49,0,0,1520622810372,"N"
264507,76,38,0,0,1520718050872,"L"
264507,65,30,0,0,1520822064972,"A"
264507,78,49,0,0,1520918039972,"N"
264507,68,32,0,0,1521022074972,"D"
264507,70,33,0,0,1521118236872,"F"
264507,72,35,0,0,1521222138272,"H"
264507,66,48,0,0,1521318065272,"B"
264507,85,22,0,0,1521422075572,"U"
264507,82,19,0,0,1521518149972,"R"
264507,71,34,0,0,1521622078272,"G"
264507,69,18,0,0,1521717960472,"E"
264507,78,49,0,0,1521822085672,"N"
264507,76,38,0,0,1521918045472,"L"
264507,65,30,0,0,1522022051572,"A"
264507,78,49,0,0,1522117807472,"N"
264507,68,32,0,0,1522222479272,"D"
264507,70,33,0,0,1522326162772,"F"
264507,72,35,0,0,1522422104472,"H"
264507,66,48,0,0,1522526036672,"B"
264507,85,22,0,0,1522622088572,"U"
264507,82,19,0,0,1522718033472,"R"
264507,71,34,0,0,1522821933872,"G"
264507,69,18,0,0,1522925757772,"E"
264507,78,49,0,0,1523022472672,"N"
264507,76,38,0,0,1523118138672,"L"
264507,65,30,0,0,1523222093272,"A"
264507,78,49,0,0,1523317923672,"N"
264507,68,32,0,0,1523422015572,"D"
264507,70,33,0,0,1523518164272,"F"
264507,72,35,0,0,1523622063972,"H"
264507,66,48,0,0,1523718030372,"B"
264507,85,22,0,0,1523822221972,"U"
264507,82,19,0,0,1523918102472,"R"
264507,71,34,0,0,1524022295572,"G"
264507,69,18,0,0,1524126097372,"E"
264507,78,49,0,0,1524222108072,"N"
264507,76,38,0,0,1524318160972,"L"
264507,65,30,0,0,1524422109272,"A"
264507,78,49,0,0,1524518159672,"N"
264507,68,32,0,0,1524622095672,"D"
264507,70,33,0,0,1524718077772,"F"
264507,72,35,0,0,1524822051172,"H"
264507,66,48,0,0,1524918138972,"B"
264507,85,22,0,0,1525022172372,"U"
264507,82,19,0,0,1525118129172,"R"
264507,71,34,0,0,1525222224272,"G"
264507,69,18,0,0,1525318089172,"E"
264507,78,49,0,0,1525423048372,"N"
264507,76,38,0,0,1525518053472,"L"
264507,65,30,0,0,1525622237272,"A"
264507,78,49,0,0,1525717773872,"N"
264507,68,32,0,0,1525822124172,"D"
264507,70,33,0,0,1525926071972,"F"
264507,72,35,0,0,1526022133372,"H"
264507,66,48,0,0,1526126126972,"B"
264507,85,22,0,0,1526222069872,"U"
264507,82,19,0,0,1526318105972,"R"
264507,71,34,0,0,1526422091772,"G"
264507,69,18,0,0,1526526125572,"E"
264507,78,49,0,0,1526622104772,"N"
264507,76,38,0,0,1526718282272,"L"
264507,65,30,0,0,1526822069372,"A"
264507,78,49,0,0,1526918153172,"N"
264507,68,32,0,0,1527022106972,"D"
264507,70,33,0,0,1527118083772,"F"
264507,72,35,0,0,1527222103872,"H"
264507,66,48,0,0,1527318091772,"B"
264507,85,22,0,0,1527421788672,"U"
264507,82,19,0,0,1527517784172,"R"
264507,71,34,0,0,1527621857672,"G"
264507,69,18,0,0,1527726130872,"E"
264507,78,49,0,0,1527822887272,"N"
264507,76,38,0,0,1527918088772,"L"
264507,65,30,0,0,1528014009472,"A"
264507,78,49,0,0,1528118292272,"N"
264507,68,32,0,0,1528222133672,"D"
264507,70,33,0,0,1528318113772,"F"
264507,72,35,0,0,1528421943372,"H"
264507,66,48,0,0,1528518241872,"B"
264507,85,22,0,0,1528622067572,"U"
264507,82,19,0,0,1528718097272,"R"
264507,71,34,0,0,1528822150872,"G"
264507,69,18,0,0,1528918186372,"E"
264507,78,49,0,0,1529022909372,"N"
264507,76,38,0,0,1529118210372,"L"
264507,65,30,0,0,1529222138772,"A"
264507,78,49,0,0,1529318361572,"N"
264507,68,32,0,0,1529422108072,"D"
264507,70,33,0,0,1529525856272,"F"
264507,72,35,0,0,1529621971272,"H"
264507,66,48,0,0,1529726096272,"B"
264507,85,22,0,0,1529822129272,"U"
264507,82,19,0,0,1529926174172,"R"
264507,71,34,0,0,1530022093572,"G"
264507,69,18,0,0,1530126172672,"E"
264507,78,49,0,0,1530222107272,"N"
264507,76,38,0,0,1530318112372,"L"
264507,65,30,0,0,1530421837772,"A"
264507,78,49,0,0,1530518176772,"N"
264507,68,32,0,0,1530622164372,"D"
264507,70,33,0,0,1530718138472,"F"
264507,72,35,0,0,1530822195872,"H"
264507,66,48,0,0,1530918263672,"B"
264507,85,22,0,0,1531022168472,"U"
264507,82,19,0,0,1531118121472,"R"
264507,71,34,0,0,1531222090072,"G"
264507,69,18,0,0,1531318141072,"E"
264507,78,49,0,0,1531423149072,"N"
264507,76,38,0,0,1531526155472,"L"
264507,65,30,0,0,1531614142972,"A"
264507,78,49,0,0,1531726160372,"N"
264507,68,32,0,0,1531822152872,"D"
264507,70,33,0,0,1531918245372,"F"
264507,72,35,0,0,1532022180872,"H"
264507,66,48,0,0,1532118073472,"B"
264507,85,22,0,0,1532222197572,"U"
264507,82,19,0,0,1532318010872,"R"
264507,71,34,0,0,1532422182472,"G"
264507,69,18,0,0,1532517955172,"E"
264507,78,49,0,0,1532622366372,"N"
264507,76,38,0,0,1532717876372,"L"
264507,65,30,0,0,1532822183172,"A"
264507,78,49,0,0,1532917823172,"N"
264507,68,32,0,0,1533022129372,"D"
264507,70,33,0,0,1533117911572,"F"
264507,72,35,0,0,1533222172672,"H"
264507,66,48,0,0,1533326138172,"B"
264507,85,22,0,0,1533422320672,"U"
264507,82,19,0,0,1533526148972,"R"
264507,71,34,0,0,1533622505172,"G"
264507,69,18,0,0,1533726124372,"E"
264507,78,49,0,0,1533822997572,"N"
264507,76,38,0,0,1533918151672,"L"
264507,65,30,0,0,1534022291572,"A"
264507,78,49,0,0,1534118256972,"N"
264507,68,32,0,0,1534222315772,"D"
264507,70,33,0,0,1534318309572,"F"
264507,72,35,0,0,1534422162472,"H"
264507,66,48,0,0,1534518300672,"B"
264507,85,22,0,0,1534622239672,"U"
264507,82,19,0,0,1534718177872,"R"
264507,71,34,0,0,1534822215572,"G"
264507,69,18,0,0,1534917866972,"E"
264507,78,49,0,0,1535022981472,"N"
264507,76,38,0,0,1535118202572,"L"
264507,65,30,0,0,1535222207772,"A"
264507,78,49,0,0,1535325994572,"N"
264507,68,32,0,0,1535422219172,"D"
264507,70,33,0,0,1535526193172,"F"
264507,72,35,0,0,1535622255672,"H"
264507,66,48,0,0,1535718185972,"B"
264507,85,22,0,0,1535822106072,"U"
264507,82,19,0,0,1535918328972,"R"
264507,71,34,0,0,1536022304272,"G"
264507,69,18,0,0,1536126249072,"E"
264507,78,49,0,0,1536222159672,"N"
264507,76,38,0,0,1536318350972,"L"
264507,65,30,0,0,1536422287272,"A"
264507,78,49,0,0,1536518229972,"N"
264507,68,32,0,0,1536622177672,"D"
264507,70,33,0,0,1536718187972,"F"
264507,72,35,0,0,1536822268572,"H"
264507,66,48,0,0,1536918276772,"B"
264507,85,22,0,0,1537022199872,"U"
264507,82,19,0,0,1537126154472,"R"
264507,71,34,0,0,1537222148672,"G"
264507,69,18,0,0,1537325994872,"E"
264507,78,49,0,0,1537423160872,"N"
264507,76,38,0,0,1537517896672,"L"
264507,65,30,0,0,1537622269372,"A"
264507,78,49,0,0,1537718241472,"N"
264507,68,32,0,0,1537821913972,"D"
264507,70,33,0,0,1537917878072,"F"
264507,72,35,0,0,1538021940972,"H"
264507,66,48,0,0,1538118225272,"B"
264507,85,22,0,0,1538221954472,"U"
264507,82,19,0,0,1538318161472,"R"
264507,71,34,0,0,1538421974472,"G"
264507,69,18,0,0,1538518135272,"E"
264507,78,49,0,0,1538621927572,"N"
264507,76,38,0,0,1538718181572,"L"
264507,65,30,0,0,1538821962872,"A"
264507,78,49,0,0,1538918200072,"N"
264507,68,32,0,0,1539021998172,"D"
264507,70,33,0,0,1539126203572,"F"
264507,72,35,0,0,1539222153472,"H"
264507,66,48,0,0,1539326218272,"B"
264507,85,22,0,0,1539421929672,"U"
264507,82,19,0,0,1539518019772,"R"
264507,71,34,0,0,1539622085272,"G"
264507,69,18,0,0,1539726202872,"E"
264507,78,49,0,0,1539822171972,"N"
264507,76,38,0,0,1539918213872,"L"
264507,65,30,0,0,1540022037272,"A"
264507,78,49,0,0,1540118198172,"N"
264507,68,32,0,0,1540222311172,"D"
264507,70,33,0,0,1540318301572,"F"
264507,72,35,0,0,1540422259472,"H"
264507,66,48,0,0,1540518256372,"B"
264507,85,22,0,0,1540622238772,"U"
264507,82,19,0,0,1540718240372,"R"
264507,71,34,0,0,1540822274172,"G"
264507,69,18,0,0,1540926354072,"E"
264507,78,49,0,0,1541023035372,"N"
264507,76,38,0,0,1541118180772,"L"
264507,65,30,0,0,1541214167272,"A"
264507,78,49,0,0,1541326093472,"N"
264507,68,32,0,0,1541422279472,"D"
264507,70,33,0,0,1541518296572,"F"
264507,72,35,0,0,1541622232772,"H"
264507,66,48,0,0,1541717970372,"B"
264507,85,22,0,0,1541822255172,"U"
264507,82,19,0,0,1541918269772,"R"
264507,71,34,0,0,1542022138372,"G"
264507,69,18,0,0,1542118238672,"E"
264507,78,49,0,0,1542223137472,"N"
264507,76,38,0,0,1542318030272,"L"
264507,65,30,0,0,1542422470272,"A"
264507,78,49,0,0,1542518294172,"N"
264507,68,32,0,0,1542622235872,"D"
264507,70,33,0,0,1542718314572,"F"
264507,72,35,0,0,1542822256472,"H"
264507,66,48,0,0,1542926189272,"B"
264507,85,22,0,0,1543022225072,"U"
264507,82,19,0,0,1543126210172,"R"
264507,71,34,0,0,1543222268172,"G"
264507,69,18,0,0,1543326212672,"E"
264507,78,49,0,0,1543422276272,"N"
264507,76,38,0,0,1543518282472,"L"
264507,65,30,0,0,1543622239472,"A"
264507,78,49,0,0,1543717955072,"N"
264507,68,32,0,0,1543822298872,"D"
264507,70,33,0,0,1543918380772,"F"
264507,72,35,0,0,1544022270172,"H"
264507,66,48,0,0,1544118279272,"B"
264507,85,22,0,0,1544222260972,"U"
264507,82,19,0,0,1544318298172,"R"
264507,71,34,0,0,1544422242672,"G"
264507,69,18,0,0,1544518392372,"E"
264507,78,49,0,0,1544623057972,"N"
264507,76,38,0,0,1544726053672,"L"
264507,65,30,0,0,1544822241572,"A"
264507,78,49,0,0,1544925997572,"N"
264507,68,32,0,0,1545022293672,"D"
264507,70,33,0,0,1545125998072,"F"
264507,72,35,0,0,1545222259972,"H"
264507,66,48,0,0,1545318031272,"B"
264507,85,22,0,0,1545422261572,"U"
264507,82,19,0,0,1545518324872,"R"
264507,71,34,0,0,1545622226672,"G"
264507,69,18,0,0,1545718208272,"E"
264507,78,49,0,0,1545822286072,"N"
264507,76,38,0,0,1545918333772,"L"
264507,65,30,0,0,1546022323272,"A"
264507,78,49,0,0,1546118276272,"N"
264507,68,32,0,0,1546222400072,"D"
264507,70,33,0,0,1546318279972,"F"
264507,72,35,0,0,1546422270472,"H"
264507,66,48,0,0,1546518268472,"B"
264507,85,22,0,0,1546622212272,"U"
264507,82,19,0,0,1546726330272,"R"
264507,71,34,0,0,1546822246772,"G"
264507,69,18,0,0,1546926023972,"E"
264507,78,49,0,0,1547023190572,"N"
264507,76,38,0,0,1547118278772,"L"
264507,65,30,0,0,1547222267372,"A"
264507,78,49,0,0,1547318270772,"N"
264507,68,32,0,0,1547422331472,"D"
264507,70,33,0,0,1547518281772,"F"
264507,72,35,0,0,1547622280672,"H"
264507,66,48,0,0,1547718306172,"B"
264507,85,22,0,0,1547822264772,"U"
264507,82,19,0,0,1547918304772,"R"
264507,71,34,0,0,1548021978972,"G"
264507,69,18,0,0,1548118318472,"E"
264507,78,49,0,0,1548223030072,"N"
264507,76,38,0,0,1548318275872,"L"
264507,65,30,0,0,1548422316972,"A"
264507,78,49,0,0,1548526301972,"N"
264507,68,32,0,0,1548622280572,"D"
264507,70,33,0,0,1548726449572,"F"
264507,72,35,0,0,1548822275472,"H"
264507,66,48,0,0,1548926287772,"B"
264507,85,22,0,0,1549022313372,"U"
264507,82,19,0,0,1549118277772,"R"
264507,71,34,0,0,1549222356872,"G"
264507,69,18,0,0,1549327062672,"E"
264507,78,49,0,0,1549423069272,"N"
264507,76,38,0,0,1549518324972,"L"
264507,65,30,0,0,1549622298372,"A"
264507,78,49,0,0,1549718286372,"N"
264507,68,32,0,0,1549822428272,"D"
264507,70,33,0,0,1549918310772,"F"
264507,72,35,0,0,1550022299372,"H"
264507,66,48,0,0,1550118279072,"B"
264507,85,22,0,0,1550222292272,"U"
264507,82,19,0,0,1550318485272,"R"
264507,71,34,0,0,1550422342272,"G"
264507,69,18,0,0,1550526294172,"E"
264507,78,49,0,0,1550623447572,"N"
264507,76,38,0,0,1550718213872,"L"
264507,65,30,0,0,1550822338572,"A"
264507,78,49,0,0,1550918312372,"N"
264507,68,32,0,0,1551022480772,"D"
264507,70,33,0,0,1551118443772,"F"
264507,72,35,0,0,1551222320772,"H"
264507,66,48,0,0,1551318296672,"B"
264507,85,22,0,0,1551422341672,"U"
264507,82,19,0,0,1551518370372,"R"
264507,71,34,0,0,1551622368072,"G"
264507,69,18,0,0,1551718077472,"E"
264507,78,49,0,0,1551823160972,"N"
264507,76,38,0,0,1551918331372,"L"
264507,65,30,0,0,1552022435172,"A"
264507,78,49,0,0,1552117975672,"N"
264507,68,32,0,0,1552222336972,"D"
264507,70,33,0,0,1552326292372,"F"
264507,72,35,0,0,1552422486872,"H"
264507,66,48,0,0,1552526344772,"B"
264507,85,22,0,0,1552622304572,"U"
264507,82,19,0,0,1552726323772,"R"
264507,71,34,0,0,1552822294072,"G"
264507,69,18,0,0,1552925945172,"E"
264507,78,49,0,0,1553022275872,"N"
264507,76,38,0,0,1553118259172,"L"
264507,65,30,0,0,1553222295672,"A"
264507,78,49,0,0,1553318410572,"N"
264507,68,32,0,0,1553422378672,"D"
264507,70,33,0,0,1553518315872,"F"
264507,72,35,0,0,1553622349672,"H"
264507,66,48,0,0,1553718252272,"B"
264507,85,22,0,0,1553822072872,"U"
264507,82,19,0,0,1553918334872,"R"
264507,71,34,0,0,1554022315472,"G"
264507,69,18,0,0,1554118399872,"E"
264507,78,49,0,0,1554223216672,"N"
264507,76,38,0,0,1554326361672,"L"
264507,65,30,0,0,1554422360072,"A"
264507,78,49,0,0,1554526357772,"N"
264507,68,32,0,0,1554622325472,"D"
264507,70,33,0,0,1554726288672,"F"
264507,72,35,0,0,1554822404172,"H"
264507,66,48,0,0,1554918361972,"B"
264507,85,22,0,0,1555022326572,"U"
264507,82,19,0,0,1555118355672,"R"
264507,71,34,0,0,1555222376272,"G"
264507,69,18,0,0,1555318385472,"E"
264507,78,49,0,0,1555422370872,"N"
264507,76,38,0,0,1555518299672,"L"
264507,65,30,0,0,1555622296272,"A"
264507,78,49,0,0,1555718073672,"N"
264507,68,32,0,0,1555822386672,"D"
264507,70,33,0,0,1555918352072,"F"
264507,72,35,0,0,1556022377572,"H"
264507,66,48,0,0,1556118289372,"B"
264507,85,22,0,0,1556222326172,"U"
264507,82,19,0,0,1556326639572,"R"
264507,71,34,0,0,1556422399172,"G"
264507,69,18,0,0,1556526339572,"E"
264507,78,49,0,0,1556623269772,"N"
264507,76,38,0,0,1556718079972,"L"
264507,65,30,0,0,1556822334872,"A"
264507,78,49,0,0,1556918269872,"N"
264507,68,32,0,0,1557022417972,"D"
264507,70,33,0,0,1557118060872,"F"
264507,72,35,0,0,1557222461372,"H"
264507,66,48,0,0,1557318176972,"B"
264507,85,22,0,0,1557422374072,"U"
264507,82,19,0,0,1557518126272,"R"
264507,71,34,0,0,1557622273472,"G"
264507,69,18,0,0,1557718121872,"E"
264507,78,49,0,0,1557823097772,"N"
264507,76,38,0,0,1557918101372,"L"
264507,65,30,0,0,1558022386072,"A"
264507,78,49,0,0,1558118294572,"N"
264507,68,32,0,0,1558222520872,"D"
264507,70,33,0,0,1558326579572,"F"
264507,72,35,0,0,1558422395772,"H"
264507,66,48,0,0,1558526345072,"B"
264507,85,22,0,0,1558622421472,"U"
264507,82,19,0,0,1558718493172,"R"
264507,71,34,0,0,1558822372872,"G"
264507,69,18,0,0,1558926166272,"E"
264507,78,49,0,0,1559022320472,"N"
264507,76,38,0,0,1559118461672,"L"
264507,65,30,0,0,1559222398172,"A"
264507,78,49,0,0,1559318337572,"N"
264507,68,32,0,0,1559422443972,"D"
264507,70,33,0,0,1559518331572,"F"
264507,72,35,0,0,1559622541672,"H"
264507,66,48,0,0,1559718443272,"B"
264507,85,22,0,0,1559822361472,"U"
264507,82,19,0,0,1559918433272,"R"
264507,71,34,0,0,1560022396472,"G"
264507,69,18,0,0,1560126409772,"E"
264507,78,49,0,0,1560222361972,"N"
264507,76,38,0,0,1560326321372,"L"
264507,65,30,0,0,1560414391272,"A"
264507,78,49,0,0,1560526375672,"N"
264507,68,32,0,0,1560622507672,"D"
264507,70,33,0,0,1560718574372,"F"
264507,72,35,0,0,1560822423472,"H"
264507,66,48,0,0,1560918447372,"B"
264507,85,22,0,0,1561022355172,"U"
264507,82,19,0,0,1561118398272,"R"
264507,71,34,0,0,1561222492572,"G"
264507,69,18,0,0,1561318388572,"E"
264507,78,49,0,0,1561422511272,"N"
264507,76,38,0,0,1561518420772,"L"
264507,65,30,0,0,1561622324472,"A"
264507,78,49,0,0,1561718368372,"N"
264507,68,32,0,0,1561822391872,"D"
264507,70,33,0,0,1561918446772,"F"
264507,72,35,0,0,1562022429772,"H"
264507,66,48,0,0,1562126417972,"B"
264507,85,22,0,0,1562222325372,"U"
264507,82,19,0,0,1562326373072,"R"
264507,71,34,0,0,1562422370272,"G"
264507,69,18,0,0,1562526350372,"E"
264507,78,49,0,0,1562623209672,"N"
264507,76,38,0,0,1562718423172,"L"
264507,65,30,0,0,1562822165872,"A"
264507,78,49,0,0,1562918387772,"N"
264507,68,32,0,0,1563022131672,"D"
264507,70,33,0,0,1563118093472,"F"
264507,72,35,0,0,1563222126172,"H"
264507,66,48,0,0,1563318582672,"B"
264507,85,22,0,0,1563422171472,"U"
264507,82,19,0,0,1563518434972,"R"
264507,71,34,0,0,1563622145572,"G"
264507,69,18,0,0,1563718477572,"E"
264507,78,49,0,0,1563822244772,"N"
264507,76,38,0,0,1563918327672,"L"
264507,65,30,0,0,1564022302172,"A"
264507,78,49,0,0,1564126446472,"N"
264507,68,32,0,0,1564222632472,"D"
264507,70,33,0,0,1564326357472,"F"
264507,72,35,0,0,1564422548372,"H"
264507,66,48,0,0,1564526363772,"B"
264507,85,22,0,0,1564622594072,"U"
264507,82,19,0,0,1564718436972,"R"
264507,71,34,0,0,1564822437272,"G"
264507,69,18,0,0,1564926499072,"E"
264507,78,49,0,0,1565022462472,"N"
264507,76,38,0,0,1565118447872,"L"
264507,65,30,0,0,1565222401172,"A"
264507,78,49,0,0,1565318418572,"N"
264507,68,32,0,0,1565422421772,"D"
264507,70,33,0,0,1565518438272,"F"
264507,72,35,0,0,1565622506972,"H"
264507,66,48,0,0,1565718588672,"B"
264507,85,22,0,0,1565822374972,"U"
264507,82,19,0,0,1565918481972,"R"
264507,71,34,0,0,1566022508472,"G"
264507,69,18,0,0,1566126393072,"E"
264507,78,49,0,0,1566222575272,"N"
264507,76,38,0,0,1566326457672,"L"
264507,65,30,0,0,1566422459872,"A"
264507,78,49,0,0,1566526450072,"N"
264507,68,32,0,0,1566622435172,"D"
264507,70,33,0,0,1566718523272,"F"
264507,72,35,0,0,1566822475672,"H"
264507,66,48,0,0,1566918431772,"B"
264507,85,22,0,0,1567022516572,"U"
264507,82,19,0,0,1567118141372,"R"
264507,71,34,0,0,1567222504372,"G"
264507,69,18,0,0,1567318392872,"E"
264507,78,49,0,0,1567422457472,"N"
264507,76,38,0,0,1567518577172,"L"
264507,65,30,0,0,1567622427772,"A"
264507,78,49,0,0,1567718484372,"N"
264507,68,32,0,0,1567822550372,"D"
264507,70,33,0,0,1567926163772,"F"
264507,72,35,0,0,1568022377972,"H"
264507,66,48,0,0,1568126194872,"B"
264507,85,22,0,0,1568222434472,"U"
264507,82,19,0,0,1568326381872,"R"
264507,71,34,0,0,1568422484372,"G"
264507,69,18,0,0,1568526894072,"E"
264507,78,49,0,0,1568622597772,"N"
264507,76,38,0,0,1568718432372,"L"
264507,65,30,0,0,1568822506072,"A"
264507,78,49,0,0,1568918476072,"N"
264507,68,32,0,0,1569022524672,"D"
264507,70,33,0,0,1569118495472,"F"
264507,72,35,0,0,1569222469972,"H"
264507,66,48,0,0,1569318526172,"B"
264507,85,22,0,0,1569422555072,"U"
264507,82,19,0,0,1569518628972,"R"
264507,71,34,0,0,1569622502872,"G"
264507,69,18,0,0,1569718281572,"E"
264507,78,49,0,0,1569822348972,"N"
264507,76,38,0,0,1569926419172,"L"
264507,65,30,0,0,1570022493472,"A"
264507,78,49,0,0,1570126539372,"N"
264507,68,32,0,0,1570222443372,"D"
264507,70,33,0,0,1570326507072,"F"
264507,72,35,0,0,1570422454072,"H"
264507,66,48,0,0,1570518537372,"B"
264507,85,22,0,0,1570622490772,"U"
264507,82,19,0,0,1570718510572,"R"
264507,71,34,0,0,1570822476872,"G"
264507,69,18,0,0,1570918392072,"E"
264507,78,49,0,0,1571022499372,"N"
264507,76,38,0,0,1571118481272,"L"
264507,65,30,0,0,1571222499772,"A"
264507,78,49,0,0,1571318458172,"N"
264507,68,32,0,0,1571422536272,"D"
264507,70,33,0,0,1571518508872,"F"
264507,72,35,0,0,1571622437472,"H"
264507,66,48,0,0,1571727459172,"B"
264507,85,22,0,0,1571822553372,"U"
264507,82,19,0,0,1571926458872,"R"
264507,71,34,0,0,1572022526772,"G"
264507,69,18,0,0,1572126455672,"E"
264507,78,49,0,0,1572222481672,"N"
264507,76,38,0,0,1572318449572,"L"
264507,65,30,0,0,1572422684072,"A"
264507,78,49,0,0,1572518464172,"N"
264507,68,32,0,0,1572622412672,"D"
264507,70,33,0,0,1572718511872,"F"
264507,72,35,0,0,1572822555072,"H"
264507,66,48,0,0,1572918514372,"B"
264507,85,22,0,0,1573022525472,"U"
264507,82,19,0,0,1573118632472,"R"
264507,71,34,0,0,1573222624472,"G"
264507,69,18,0,0,1573318536872,"E"
264507,78,49,0,0,1573422629172,"N"
264507,76,38,0,0,1573526480072,"L"
264507,65,30,0,0,1573622680872,"A"
264507,78,49,0,0,1573726480572,"N"
264507,68,32,0,0,1573822539572,"D"
264507,70,33,0,0,1573926283872,"F"
264507,72,35,0,0,1574022259072,"H"
264507,66,48,0,0,1574127113372,"B"
264507,85,22,0,0,1574222507672,"U"
264507,82,19,0,0,1574318487772,"R"
264507,71,34,0,0,1574422643272,"G"
264507,69,18,0,0,1574526907172,"E"
264507,78,49,0,0,1574623245072,"N"
264507,76,38,0,0,1574718615572,"L"
264507,65,30,0,0,1574822591172,"A"
264507,78,49,0,0,1574918518572,"N"
264507,68,32,0,0,1575022520172,"D"
264507,70,33,0,0,1575118492372,"F"
264507,72,35,0,0,1575222529072,"H"
264507,66,48,0,0,1575326477972,"B"
264507,85,22,0,0,1575422298272,"U"
264507,82,19,0,0,1575526684472,"R"
264507,71,34,0,0,1575622481172,"G"
264507,69,18,0,0,1575726562072,"E"
264507,78,49,0,0,1575822712672,"N"
264507,76,38,0,0,1575918504772,"L"
264507,65,30,0,0,1576022583972,"A"
264507,78,49,0,0,1576118487272,"N"
264507,68,32,0,0,1576222494472,"D"
264507,70,33,0,0,1576318702272,"F"
264507,72,35,0,0,1576422566272,"H"
264507,66,48,0,0,1576518575872,"B"
264507,85,22,0,0,1576622508872,"U"
264507,82,19,0,0,1576718574272,"R"
264507,71,34,0,0,1576822542372,"G"
264507,69,18,0,0,1576918507272,"E"
264507,78,49,0,0,1577022576272,"N"
264507,76,38,0,0,1577118526672,"L"
264507,65,30,0,0,1577222542072,"A"
264507,78,49,0,0,1577326523172,"N"
264507,68,32,0,0,1577422572572,"D"
264507,70,33,0,0,1577526469072,"F"
264507,72,35,0,0,1577622526272,"H"
264507,66,48,0,0,1577727482672,"B"
264507,85,22,0,0,1577822637672,"U"
264507,82,19,0,0,1577918536272,"R"
264507,71,34,0,0,1578022592672,"G"
264507,69,18,0,0,1578126474172,"E"
264507,78,49,0,0,1578223242372,"N"
264507,76,38,0,0,1578318686872,"L"
264507,65,30,0,0,1578422611772,"A"
264507,78,49,0,0,1578518537172,"N"
264507,68,32,0,0,1578622489172,"D"
264507,70,33,0,0,1578719318972,"F"
264507,72,35,0,0,1578822533472,"H"
264507,66,48,0,0,1578918541072,"B"
264507,85,22,0,0,1579022523972,"U"
264507,82,19,0,0,1579126563872,"R"
264507,71,34,0,0,1579222486972,"G"
264507,69,18,0,0,1579326534572,"E"
264507,78,49,0,0,1579423322872,"N"
264507,76,38,0,0,1579518498172,"L"
264507,65,30,0,0,1579622543872,"A"
264507,78,49,0,0,1579718541272,"N"
264507,68,32,0,0,1579822609772,"D"
264507,70,33,0,0,1579918557972,"F"
264507,72,35,0,0,1580022597372,"H"
264507,66,48,0,0,1580118438872,"B"
264507,85,22,0,0,1580222538772,"U"
264507,82,19,0,0,1580318645172,"R"
264507,71,34,0,0,1580422574372,"G"
264507,69,18,0,0,1580518431972,"E"
264507,78,49,0,0,1580622554572,"N"
264507,76,38,0,0,1580718427272,"L"
264507,65,30,0,0,1580822699872,"A"
264507,78,49,0,0,1580918393572,"N"
264507,68,32,0,0,1581022541872,"D"
264507,70,33,0,0,1581126556072,"F"
264507,72,35,0,0,1581222594972,"H"
264507,66,48,0,0,1581326568272,"B"
264507,85,22,0,0,1581422588772,"U"
264507,82,19,0,0,1581526550772,"R"
264507,71,34,0,0,1581622525872,"G"
264507,69,18,0,0,1581727227472,"E"
264507,78,49,0,0,1581822596672,"N"
264507,76,38,0,0,1581918285972,"L"
264507,65,30,0,0,1582022587272,"A"
264507,78,49,0,0,1582118312072,"N"
264507,68,32,0,0,1582222547172,"D"
264507,70,33,0,0,1582318430572,"F"
264507,72,35,0,0,1582422596672,"H"
264507,66,48,0,0,1582518517672,"B"
264507,85,22,0,0,1582622566972,"U"
264507,82,19,0,0,1582718629072,"R"
264507,71,34,0,0,1582822630472,"G"
264507,69,18,0,0,1582926380372,"E"
264507,78,49,0,0,1583022616072,"N"
264507,76,38,0,0,1583126566872,"L"
264507,65,30,0,0,1583222632172,"A"
264507,78,49,0,0,1583326932072,"N"
264507,68,32,0,0,1583422565472,"D"
264507,70,33,0,0,1583526539672,"F"
264507,72,35,0,0,1583622521772,"H"
264507,66,48,0,0,1583718606472,"B"
264507,85,22,0,0,1583822653472,"U"
264507,82,19,0,0,1583918680972,"R"
264507,71,34,0,0,1584022745972,"G"
264507,69,18,0,0,1584127098272,"E"
264507,78,49,0,0,1584223285272,"N"
264507,76,38,0,0,1584318519372,"L"
264507,65,30,0,0,1584422580672,"A"
264507,78,49,0,0,1584518672172,"N"
264507,68,32,0,0,1584622532372,"D"
264507,70,33,0,0,1584718594772,"F"
264507,72,35,0,0,1584822288772,"H"
264507,66,48,0,0,1584926582872,"B"
264507,85,22,0,0,1585022700372,"U"
264507,82,19,0,0,1585126560272,"R"
264507,71,34,0,0,1585222615172,"G"
264507,69,18,0,0,1585326650872,"E"
264507,78,49,0,0,1585422536672,"N"
264507,76,38,0,0,1585518599072,"L"
264507,65,30,0,0,1585622549072,"A"
264507,78,49,0,0,1585718668772,"N"
264507,68,32,0,0,1585822370972,"D"
264507,70,33,0,0,1585918629272,"F"
264507,72,35,0,0,1586022579372,"H"
264507,66,48,0,0,1586118628072,"B"
264507,85,22,0,0,1586222571172,"U"
264507,82,19,0,0,1586318483672,"R"
264507,71,34,0,0,1586422590072,"G"
264507,69,18,0,0,1586518632472,"E"
264507,78,49,0,0,1586622347472,"N"
264507,76,38,0,0,1586718604772,"L"
264507,65,30,0,0,1586822406772,"A"
264507,78,49,0,0,1586926653372,"N"
264507,68,32,0,0,1587022337972,"D"
264507,70,33,0,0,1587126742872,"F"
264507,72,35,0,0,1587222287272,"H"
264507,66,48,0,0,1587327433072,"B"
264507,85,22,0,0,1587422395972,"U"
264507,82,19,0,0,1587518755172,"R"
264507,71,34,0,0,1587622380772,"G"
264507,69,18,0,0,1587726530372,"E"
264507,78,49,0,0,1587822375672,"N"
264507,76,38,0,0,1587918641772,"L"
264507,65,30,0,0,1588022371072,"A"
264507,78,49,0,0,1588118310872,"N"
264507,68,32,0,0,1588222558072,"D"
264507,70,33,0,0,1588318587772,"F"
264507,72,35,0,0,1588422704572,"H"
264507,66,48,0,0,1588518774272,"B"
264507,85,22,0,0,1588622654072,"U"
264507,82,19,0,0,1588726657172,"R"
264507,71,34,0,0,1588822675872,"G"
264507,69,18,0,0,1588926649072,"E"
264507,78,49,0,0,1589023382072,"N"
264507,76,38,0,0,1589118627872,"L"
264507,65,30,0,0,1589222562572,"A"
264507,78,49,0,0,1589318688072,"N"
264507,68,32,0,0,1589422809872,"D"
264507,70,33,0,0,1589518719272,"F"
264507,72,35,0,0,1589622634272,"H"
264507,66,48,0,0,1589718768972,"B"
264507,85,22,0,0,1589822772772,"U"
264507,82,19,0,0,1589918622572,"R"
264507,71,34,0,0,1590022636272,"G"
264507,69,18,0,0,1590118639472,"E"
264507,78,49,0,0,1590222743372,"N"
264507,76,38,0,0,1590318642772,"L"
264507,65,30,0,0,1590422533572,"A"
264507,78,49,0,0,1590519121072,"N"
264507,68,32,0,0,1590622622172,"D"
264507,70,33,0,0,1590726646672,"F"
264507,72,35,0,0,1590822711472,"H"
264507,66,48,0,0,1590926664372,"B"
264507,85,22,0,0,1591022713672,"U"
264507,82,19,0,0,1591126699372,"R"
264507,71,34,0,0,1591222630672,"G"
264507,69,18,0,0,1591327405172,"E"
264507,78,49,0,0,1591422700572,"N"
264507,76,38,0,0,1591518600072,"L"
264507,65,30,0,0,1591622599272,"A"
264507,78,49,0,0,1591718631372,"N"
264507,68,32,0,0,1591822728372,"D"
264507,70,33,0,0,1591918595372,"F"
264507,72,35,0,0,1592022622072,"H"
264507,66,48,0,0,1592118586572,"B"
264507,85,22,0,0,1592222697472,"U"
264507,82,19,0,0,1592318602072,"R"
264507,71,34,0,0,1592422598072,"G"
264507,69,18,0,0,1592526508072,"E"
264507,78,49,0,0,1592622667672,"N"
264507,76,38,0,0,1592726454872,"L"
264507,65,30,0,0,1592822840472,"A"
264507,78,49,0,0,1592926435672,"N"
264507,68,32,0,0,1593022656572,"D"
264507,70,33,0,0,1593126437172,"F"
264507,72,35,0,0,1593222705272,"H"
264507,66,48,0,0,1593327422872,"B"
264507,85,22,0,0,1593422668272,"U"
264507,82,19,0,0,1593518654772,"R"
264507,71,34,0,0,1593622670572,"G"
264507,69,18,0,0,1593726565972,"E"
264507,78,49,0,0,1593822794572,"N"
264507,76,38,0,0,1593918682272,"L"
264507,65,30,0,0,1594022665672,"A"
264507,78,49,0,0,1594118711572,"N"
264507,68,32,0,0,1594222687772,"D"
264507,70,33,0,0,1594318719872,"F"
264507,72,35,0,0,1594422611972,"H"
264507,66,48,0,0,1594526774372,"B"
264507,85,22,0,0,1594622686172,"U"
264507,82,19,0,0,1594726866172,"R"
264507,71,34,0,0,1594822717172,"G"
264507,69,18,0,0,1594926704672,"E"
264507,78,49,0,0,1595022705772,"N"
264507,76,38,0,0,1595118726772,"L"
264507,65,30,0,0,1595222724772,"A"
264507,78,49,0,0,1595318726972,"N"
264507,68,32,0,0,1595422820372,"D"
264507,70,33,0,0,1595518830072,"F"
264507,72,35,0,0,1595622830272,"H"
264507,66,48,0,0,1595718682572,"B"
264507,85,22,0,0,1595822805072,"U"
264507,82,19,0,0,1595918700972,"R"
264507,71,34,0,0,1596022627872,"G"
264507,69,18,0,0,1596118714372,"E"
264507,78,49,0,0,1596222864972,"N"
264507,76,38,0,0,1596318785472,"L"
264507,65,30,0,0,1596422768572,"A"
264507,78,49,0,0,1596526643372,"N"
264507,68,32,0,0,1596622824072,"D"
264507,70,33,0,0,1596726745872,"F"
264507,72,35,0,0,1596822815972,"H"
264507,66,48,0,0,1596926698572,"B"
264507,85,22,0,0,1597022691372,"U"
264507,82,19,0,0,1597118694472,"R"
264507,71,34,0,0,1597222473672,"G"
264507,69,18,0,0,1597326879772,"E"
264507,78,49,0,0,1597422837772,"N"
264507,76,38,0,0,1597518786972,"L"
264507,65,30,0,0,1597622681572,"A"
264507,78,49,0,0,1597718928372,"N"
264507,68,32,0,0,1597822712072,"D"
264507,70,33,0,0,1597918431872,"F"
264507,72,35,0,0,1598022650072,"H"
264507,66,48,0,0,1598118726772,"B"
264507,85,22,0,0,1598222835472,"U"
264507,82,19,0,0,1598326673072,"R"
264507,71,34,0,0,1598422685372,"G"
264507,69,18,0,0,1598526826072,"E"
264507,78,49,0,0,1598623400472,"N"
264507,76,38,0,0,1598726688972,"L"
264507,65,30,0,0,1598822759872,"A"
264507,78,49,0,0,1598926697672,"N"
264507,68,32,0,0,1599022733172,"D"
264507,70,33,0,0,1599118845872,"F"
264507,72,35,0,0,1599222715472,"H"
264507,66,48,0,0,1599318626072,"B"
264507,85,22,0,0,1599422798472,"U"
264507,82,19,0,0,1599518720572,"R"
264507,71,34,0,0,1599622743972,"G"
264507,69,18,0,0,1599718633572,"E"
264507,78,49,0,0,1599822575772,"N"
264507,76,38,0,0,1599918841372,"L"
264507,65,30,0,0,1600022787972,"A"
264507,78,49,0,0,1600118805572,"N"
264507,68,32,0,0,1600222712872,"D"
264507,70,33,0,0,1600326726172,"F"
264507,72,35,0,0,1600422691272,"H"
264507,66,48,0,0,1600526705072,"B"
264507,85,22,0,0,1600622734372,"U"
264507,82,19,0,0,1600726711772,"R"
264507,71,34,0,0,1600822714672,"G"
264507,69,18,0,0,1600927737872,"E"
264507,78,49,0,0,1601022816772,"N"
264507,76,38,0,0,1601118650172,"L"
264507,65,30,0,0,1601222696072,"A"
264507,78,49,0,0,1601318688172,"N"
264507,68,32,0,0,1601422885472,"D"
264507,70,33,0,0,1601518861072,"F"
264507,72,35,0,0,1601622694872,"H"
264507,66,48,0,0,1601718690472,"B"
264507,85,22,0,0,1601822765772,"U"
264507,82,19,0,0,1601918769372,"R"
264507,71,34,0,0,1602022720472,"G"
264507,69,18,0,0,1602127509172,"E"
264507,78,49,0,0,1602222752672,"N"
264507,76,38,0,0,1602326739672,"L"
264507,65,30,0,0,1602422738772,"A"
264507,78,49,0,0,1602526774072,"N"
264507,68,32,0,0,1602622774172,"D"
264507,70,33,0,0,1602726797272,"F"
264507,72,35,0,0,1602822752672,"H"
264507,66,48,0,0,1602918870472,"B"
264507,85,22,0,0,1603022718372,"U"
264507,82,19,0,0,1603118731572,"R"
264507,71,34,0,0,1603222731972,"G"
264507,69,18,0,0,1603318581172,"E"
264507,78,49,0,0,1603423563272,"N"
264507,76,38,0,0,1603518751672,"L"
264507,65,30,0,0,1603622594072,"A"
264507,78,49,0,0,1603718735572,"N"
264507,68,32,0,0,1603822758872,"D"
264507,70,33,0,0,1603926485172,"F"
264507,72,35,0,0,1604022759472,"H"
264507,66,48,0,0,1604126793672,"B"
264507,85,22,0,0,1604222719272,"U"
264507,82,19,0,0,1604326680872,"R"
264507,71,34,0,0,1604422766672,"G"
264507,69,18,0,0,1604526751172,"E"
264507,78,49,0,0,1604622735172,"N"
264507,76,38,0,0,1604718819672,"L"
264507,65,30,0,0,1604822822172,"A"
264507,78,49,0,0,1604918730772,"N"
264507,68,32,0,0,1605022692372,"D"
264507,70,33,0,0,1605118685672,"F"
264507,72,35,0,0,1605222751072,"H"
264507,66,48,0,0,1605318612872,"B"
264507,85,22,0,0,1605422768072,"U"
264507,82,19,0,0,1605518546972,"R"
264507,71,34,0,0,1605622747072,"G"
264507,69,18,0,0,1605718594472,"E"
264507,78,49,0,0,1605823562872,"N"
264507,76,38,0,0,1605926785372,"L"
264507,65,30,0,0,1606022770972,"A"
264507,78,49,0,0,1606126743272,"N"
264507,68,32,0,0,1606222756972,"D"
264507,70,33,0,0,1606326784372,"F"
264507,72,35,0,0,1606422798272,"H"
264507,66,48,0,0,1606527519572,"B"
264507,85,22,0,0,1606622923672,"U"
264507,82,19,0,0,1606718694272,"R"
264507,71,34,0,0,1606822825672,"G"
264507,69,18,0,0,1606926813972,"E"
264507,78,49,0,0,1607023492472,"N"
264507,76,38,0,0,1607118839472,"L"
264507,65,30,0,0,1607222717472,"A"
264507,78,49,0,0,1607318792572,"N"
264507,68,32,0,0,1607422806372,"D"
264507,70,33,0,0,1607518878572,"F"
264507,72,35,0,0,1607622899672,"H"
264507,66,48,0,0,1607718903172,"B"
264507,85,22,0,0,1607822815172,"U"
264507,82,19,0,0,1607926748372,"R"
264507,71,34,0,0,1608022798572,"G"
264507,69,18,0,0,1608126882972,"E"
264507,78,49,0,0,1608223717572,"N"
264507,76,38,0,0,1608318622172,"L"
264507,65,30,0,0,1608422803272,"A"
264507,78,49,0,0,1608518793472,"N"
264507,68,32,0,0,1608622825572,"D"
264507,70,33,0,0,1608718760272,"F"
264507,72,35,0,0,1608822740672,"H"
264507,66,48,0,0,1608918921772,"B"
264507,85,22,0,0,1609022998172,"U"
264507,82,19,0,0,1609118798272,"R"
264507,71,34,0,0,1609222916172,"G"
264507,69,18,0,0,1609318849572,"E"
264507,78,49,0,0,1609422773872,"N"
264507,76,38,0,0,1609518765072,"L"
264507,65,30,0,0,1609622764372,"A"
264507,78,49,0,0,1609726779572,"N"
264507,68,32,0,0,1609822760372,"D"
264507,70,33,0,0,1609926786772,"F"
264507,72,35,0,0,1610022569772,"H"
264507,66,48,0,0,1610126941472,"B"
264507,85,22,0,0,1610222818772,"U"
264507,82,19,0,0,1610318840972,"R"
264507,71,34,0,0,1610422816372,"G"
264507,69,18,0,0,1610526866672,"E"
264507,78,49,0,0,1610623517972,"N"
264507,76,38,0,0,1610718888572,"L"
264507,65,30,0,0,1610822554072,"A"
264507,78,49,0,0,1610918789572,"N"
264507,68,32,0,0,1611022515672,"D"
264507,70,33,0,0,1611118841072,"F"
264507,72,35,0,0,1611222554572,"H"
264507,66,48,0,0,1611318809072,"B"
264507,85,22,0,0,1611422552272,"U"
264507,82,19,0,0,1611526851472,"R"
264507,71,34,0,0,1611622474272,"G"
264507,69,18,0,0,1611726842772,"E"
264507,78,49,0,0,1611822577072,"N"
264507,76,38,0,0,1611926892272,"L"
264507,65,30,0,0,1612022570872,"A"
264507,78,49,0,0,1612126888872,"N"
264507,68,32,0,0,1612222505972,"D"
264507,70,33,0,0,1612318816172,"F"
264507,72,35,0,0,1612422716672,"H"
264507,66,48,0,0,1612518963572,"B"
264507,85,22,0,0,1612622910072,"U"
264507,82,19,0,0,1612718875972,"R"
264507,71,34,0,0,1612822834372,"G"
264507,69,18,0,0,1612919712172,"E"
264507,78,49,0,0,1613022800472,"N"
264507,76,38,0,0,1613118872372,"L"
264507,65,30,0,0,1613222973472,"A"
264507,78,49,0,0,1613326838272,"N"
264507,68,32,0,0,1613422879472,"D"
264507,70,33,0,0,1613526910872,"F"
264507,72,35,0,0,1613622829772,"H"
264507,66,48,0,0,1613727752272,"B"
264507,85,22,0,0,1613822619172,"U"
264507,82,19,0,0,1613926842072,"R"
264507,71,34,0,0,1614022791672,"G"
264507,69,18,0,0,1614127620772,"E"
264507,78,49,0,0,1614222823072,"N"
264507,76,38,0,0,1614318620572,"L"
264507,65,30,0,0,1614422838072,"A"
264507,78,49,0,0,1614518865972,"N"
264507,68,32,0,0,1614622836872,"D"
264507,70,33,0,0,1614718851472,"F"
264507,72,35,0,0,1614822743172,"H"
264507,66,48,0,0,1614918882372,"B"
264507,85,22,0,0,1615022852472,"U"
264507,82,19,0,0,1615118850072,"R"
264507,71,34,0,0,1615222835372,"G"
264507,69,18,0,0,1615326818072,"E"
264507,78,49,0,0,1615423603672,"N"
264507,76,38,0,0,1615526803472,"L"
264507,65,30,0,0,1615622829872,"A"
264507,78,49,0,0,1615726707172,"N"
264507,68,32,0,0,1615822811872,"D"
264507,70,33,0,0,1615926839972,"F"
264507,72,35,0,0,1616022945672,"H"
264507,66,48,0,0,1616118828872,"B"
264507,85,22,0,0,1616222760372,"U"
264507,82,19,0,0,1616318837972,"R"
264507,71,34,0,0,1616422943372,"G"
264507,69,18,0,0,1616518628572,"E"
264507,78,49,0,0,1616622885972,"N"
264507,76,38,0,0,1616718944072,"L"
264507,65,30,0,0,1616822808572,"A"
264507,78,49,0,0,1616918887572,"N"
264507,68,32,0,0,1617022871572,"D"
264507,70,33,0,0,1617126692272,"F"
264507,72,35,0,0,1617222836972,"H"
264507,66,48,0,0,1617326635672,"B"
264507,85,22,0,0,1617422874472,"U"
264507,82,19,0,0,1617526570272,"R"
264507,71,34,0,0,1617622860872,"G"
264507,69,18,0,0,1617726656872,"E"
264507,78,49,0,0,1617822810772,"N"
264507,76,38,0,0,1617918869272,"L"
264507,65,30,0,0,1618022885872,"A"
264507,78,49,0,0,1618118910372,"N"
264507,68,32,0,0,1618222907772,"D"
264507,70,33,0,0,1618318871772,"F"
264507,72,35,0,0,1618422884672,"H"
264507,66,48,0,0,1618518898972,"B"
264507,85,22,0,0,1618622922672,"U"
264507,82,19,0,0,1618718592872,"R"
264507,71,34,0,0,1618822891172,"G"
264507,69,18,0,0,1618926903972,"E"
264507,78,49,0,0,1619023858372,"N"
264507,76,38,0,0,1619126886272,"L"
264507,65,30,0,0,1619222861872,"A"
264507,78,49,0,0,1619327054972,"N"
264507,68,32,0,0,1619422898272,"D"
264507,70,33,0,0,1619526941472,"F"
264507,72,35,0,0,1619622583072,"H"
264507,66,48,0,0,1619727158572,"B"
264507,85,22,0,0,1619822894172,"U"
264507,82,19,0,0,1619918845972,"R"
264507,71,34,0,0,1620022912872,"G"
264507,69,18,0,0,1620126877672,"E"
264507,78,49,0,0,1620223597972,"N"
264507,76,38,0,0,1620319012672,"L"
264507,65,30,0,0,1620422925772,"A"
264507,78,49,0,0,1620518926172,"N"
264507,68,32,0,0,1620622843872,"D"
264507,70,33,0,0,1620719190372,"F"
264507,72,35,0,0,1620823090372,"H"
264507,66,48,0,0,1620926905072,"B"
264507,85,22,0,0,1621022929372,"U"
264507,82,19,0,0,1621127006872,"R"
264507,71,34,0,0,1621222896372,"G"
264507,69,18,0,0,1621326835472,"E"
264507,78,49,0,0,1621423658572,"N"
264507,76,38,0,0,1621526927772,"L"
264507,65,30,0,0,1621622748972,"A"
264507,78,49,0,0,1621726871672,"N"
264507,68,32,0,0,1621822881172,"D"
264507,70,33,0,0,1621918903272,"F"
264507,72,35,0,0,1622022885772,"H"
264507,66,48,0,0,1622118930772,"B"
264507,85,22,0,0,1622222886672,"U"
264507,82,19,0,0,1622318883372,"R"
264507,71,34,0,0,1622422927572,"G"
264507,69,18,0,0,1622518979972,"E"
264507,78,49,0,0,1622622900872,"N"
264507,76,38,0,0,1622718883772,"L"
264507,65,30,0,0,1622822923972,"A"
264507,78,49,0,0,1622926957972,"N"
264507,68,32,0,0,1623022879172,"D"
264507,70,33,0,0,1623127032272,"F"
264507,72,35,0,0,1623222912872,"H"
264507,66,48,0,0,1623326924772,"B"
264507,85,22,0,0,1623422918472,"U"
264507,82,19,0,0,1623526941772,"R"
264507,71,34,0,0,1623622933372,"G"
264507,69,18,0,0,1623726973672,"E"
264507,78,49,0,0,1623822882072,"N"
264507,76,38,0,0,1623918971772,"L"
264507,65,30,0,0,1624022937372,"A"
264507,78,49,0,0,1624119088672,"N"
264507,68,32,0,0,1624222852672,"D"
264507,70,33,0,0,1624318963772,"F"
264507,72,35,0,0,1624422897472,"H"
264507,66,48,0,0,1624518903972,"B"
264507,85,22,0,0,1624622927672,"U"
264507,82,19,0,0,1624718810972,"R"
264507,71,34,0,0,1624822943272,"G"
264507,69,18,0,0,1624926922772,"E"
264507,78,49,0,0,1625023735972,"N"
264507,76,38,0,0,1625126949172,"L"
264507,65,30,0,0,1625222871772,"A"
264507,78,49,0,0,1625326902072,"N"
264507,68,32,0,0,1625422938872,"D"
264507,70,33,0,0,1625526928672,"F"
264507,72,35,0,0,1625622940272,"H"
264507,66,48,0,0,1625718782472,"B"
264507,85,22,0,0,1625822973572,"U"
264507,82,19,0,0,1625918536872,"R"
264507,71,34,0,0,1626022637072,"G"
264507,69,18,0,0,1626127346472,"E"
264507,78,49,0,0,1626222650572,"N"
264507,76,38,0,0,1626318636872,"L"
264507,65,30,0,0,1626422710472,"A"
264507,78,49,0,0,1626518641572,"N"
264507,68,32,0,0,1626622526972,"D"
264507,70,33,0,0,1626726680772,"F"
264507,72,35,0,0,1626822602572,"H"
264507,66,48,0,0,1626926642372,"B"
264507,85,22,0,0,1627022597372,"U"
264507,82,19,0,0,1627126653072,"R"
264507,71,34,0,0,1627222567272,"G"
264507,69,18,0,0,1627326587672,"E"
264507,78,49,0,0,1627423103372,"N"
264507,76,38,0,0,1627518631772,"L"
264507,65,30,0,0,1627622604372,"A"
264507,78,49,0,0,1627718801272,"N"
264507,68,32,0,0,1627822987472,"D"
264507,70,33,0,0,1627918620372,"F"
264507,72,35,0,0,1628022934972,"H"
264507,66,48,0,0,1628118898872,"B"
264507,85,22,0,0,1628222932572,"U"
264507,82,19,0,0,1628318939972,"R"
264507,71,34,0,0,1628422996872,"G"
264507,69,18,0,0,1628518706872,"E"
264507,78,49,0,0,1628622968672,"N"
264507,76,38,0,0,1628726939072,"L"
264507,65,30,0,0,1628823012272,"A"
264507,78,49,0,0,1628926937172,"N"
264507,68,32,0,0,1629022954272,"D"
264507,70,33,0,0,1629126914572,"F"
264507,72,35,0,0,1629222982172,"H"
264507,66,48,0,0,1629327089772,"B"
264507,85,22,0,0,1629422965972,"U"
264507,82,19,0,0,1629518691572,"R"
264507,71,34,0,0,1629623076172,"G"
264507,69,18,0,0,1629727302972,"E"
264507,78,49,0,0,1629823679772,"N"
264507,76,38,0,0,1629918709672,"L"
264507,65,30,0,0,1630022969972,"A"
264507,78,49,0,0,1630118811572,"N"
264507,68,32,0,0,1630222969872,"D"
264507,70,33,0,0,1630318708372,"F"
264507,72,35,0,0,1630423077372,"H"
264507,66,48,0,0,1630526984372,"B"
264507,85,22,0,0,1630622903872,"U"
264507,82,19,0,0,1630727108672,"R"
264507,71,34,0,0,1630823066372,"G"
264507,69,18,0,0,1630927665372,"E"
264507,78,49,0,0,1631023437572,"N"
264507,76,38,0,0,1631119004272,"L"
264507,65,30,0,0,1631222954972,"A"
264507,78,49,0,0,1631318957572,"N"
264507,68,32,0,0,1631422999972,"D"
264507,70,33,0,0,1631519007872,"F"
264507,72,35,0,0,1631623130372,"H"
264507,66,48,0,0,1631719014572,"B"
264507,85,22,0,0,1631822995272,"U"
264507,82,19,0,0,1631918875772,"R"
264507,71,34,0,0,1632023147072,"G"
264507,69,18,0,0,1632118952072,"E"
264507,78,49,0,0,1632223012472,"N"
264507,76,38,0,0,1632318995172,"L"
264507,65,30,0,0,1632423125972,"A"
264507,78,49,0,0,1632527061472,"N"
264507,68,32,0,0,1632623137672,"D"
264507,70,33,0,0,1632727319072,"F"
264507,72,35,0,0,1632823006772,"H"
264507,66,48,0,0,1632926957572,"B"
264507,85,22,0,0,1633022986972,"U"
264507,82,19,0,0,1633127130872,"R"
264507,71,34,0,0,1633223028572,"G"
264507,69,18,0,0,1633327009572,"E"
264507,78,49,0,0,1633423057972,"N"
264507,76,38,0,0,1633519027672,"L"
264507,65,30,0,0,1633623022772,"A"
264507,78,49,0,0,1633719020972,"N"
264507,68,32,0,0,1633823079572,"D"
264507,70,33,0,0,1633918931172,"F"
264507,72,35,0,0,1634022942672,"H"
264507,66,48,0,0,1634118991772,"B"
264507,85,22,0,0,1634222951872,"U"
264507,82,19,0,0,1634327010172,"R"
264507,71,34,0,0,1634422945372,"G"
264507,69,18,0,0,1634526961372,"E"
264507,78,49,0,0,1634624802372,"N"
264507,76,38,0,0,1634726981372,"L"
264507,65,30,0,0,1634822934772,"A"
264507,78,49,0,0,1634926995772,"N"
264507,68,32,0,0,1635022906672,"D"
264507,70,33,0,0,1635126986872,"F"
264507,72,35,0,0,1635222763072,"H"
264507,66,48,0,0,1635319016272,"B"
264507,85,22,0,0,1635422742472,"U"
264507,82,19,0,0,1635519026972,"R"
264507,71,34,0,0,1635622796072,"G"
264507,69,18,0,0,1635719079572,"E"
264507,78,49,0,0,1635823781572,"N"
264507,76,38,0,0,1635919043972,"L"
264507,65,30,0,0,1636022814072,"A"
264507,78,49,0,0,1636127052972,"N"
264507,68,32,0,0,1636222746072,"D"
264507,70,33,0,0,1636327000172,"F"
264507,72,35,0,0,1636422769472,"H"
264507,66,48,0,0,1636526991072,"B"
264507,85,22,0,0,1636622968772,"U"
264507,82,19,0,0,1636727128372,"R"
264507,71,34,0,0,1636823017672,"G"
264507,69,18,0,0,1636926850572,"E"
264507,78,49,0,0,1637022979572,"N"
264507,76,38,0,0,1637119008272,"L"
264507,65,30,0,0,1637223067072,"A"
264507,78,49,0,0,1637319063572,"N"
264507,68,32,0,0,1637423084472,"D"
264507,70,33,0,0,1637518989672,"F"
264507,72,35,0,0,1637623099872,"H"
264507,66,48,0,0,1637719199372,"B"
264507,85,22,0,0,1637823145572,"U"
264507,82,19,0,0,1637919169972,"R"
264507,71,34,0,0,1638023017872,"G"
264507,69,18,0,0,1638127989072,"E"
264507,78,49,0,0,1638223050372,"N"
264507,76,38,0,0,1638327097872,"L"
264507,65,30,0,0,1638423026372,"A"
264507,78,49,0,0,1638527038872,"N"
264507,68,32,0,0,1638623051472,"D"
264507,70,33,0,0,1638727163072,"F"
264507,72,35,0,0,1638822994772,"H"
264507,66,48,0,0,1638926742472,"B"
264507,85,22,0,0,1639023033172,"U"
264507,82,19,0,0,1639119073672,"R"
264507,71,34,0,0,1639223061872,"G"
264507,69,18,0,0,1639328094172,"E"
264507,78,49,0,0,1639423052072,"N"
264507,76,38,0,0,1639519050472,"L"
264507,65,30,0,0,1639623013772,"A"
264507,78,49,0,0,1639719066672,"N"
264507,68,32,0,0,1639823067972,"D"
264507,70,33,0,0,1639919073972,"F"
264507,72,35,0,0,1640023050672,"H"
264507,66,48,0,0,1640126814072,"B"
264507,85,22,0,0,1640223060672,"U"
264507,82,19,0,0,1640327044672,"R"
264507,71,34,0,0,1640423081072,"G"
264507,69,18,0,0,1640527120972,"E"
264507,78,49,0,0,1640631350972,"N"
264507,76,38,0,0,1640726847072,"L"
264507,65,30,0,0,1640823060372,"A"
264507,78,49,0,0,1640926832572,"N"
264507,68,32,0,0,1641023096372,"D"
264507,70,33,0,0,1641119058072,"F"
264507,72,35,0,0,1641223080172,"H"
264507,66,48,0,0,1641319031972,"B"
264507,85,22,0,0,1641423028972,"U"
264507,82,19,0,0,1641518824572,"R"
264507,71,34,0,0,1641623069872,"G"
264507,69,18,0,0,1641719093972,"E"
264507,78,49,0,0,1641823874872,"N"
264507,76,38,0,0,1641919039072,"L"
264507,65,30,0,0,1642023125972,"A"
264507,78,49,0,0,1642126826372,"N"
264507,68,32,0,0,1642223016072,"D"
264507,70,33,0,0,1642326820972,"F"
264507,72,35,0,0,1642423112572,"H"
264507,66,48,0,0,1642527008672,"B"
264507,85,22,0,0,1642623003072,"U"
264507,82,19,0,0,1642726851972,"R"
264507,71,34,0,0,1642823082272,"G"
264507,69,18,0,0,1642926785372,"E"
264507,78,49,0,0,1643023080972,"N"
264507,76,38,0,0,1643119043172,"L"
264507,65,30,0,0,1643223125272,"A"
264507,78,49,0,0,1643319061372,"N"
264507,68,32,0,0,1643423134472,"D"
264507,70,33,0,0,1643519127872,"F"
264507,72,35,0,0,1643623094772,"H"
264507,66,48,0,0,1643719062572,"B"
264507,85,22,0,0,1643823111672,"U"
264507,82,19,0,0,1643927284672,"R"
264507,71,34,0,0,1644023073972,"G"
264507,69,18,0,0,1644127115572,"E"
264507,78,49,0,0,1644223060072,"N"
264507,76,38,0,0,1644327084372,"L"
264507,65,30,0,0,1644423248072,"A"
264507,78,49,0,0,1644527049972,"N"
264507,68,32,0,0,1644623115572,"D"
264507,70,33,0,0,1644727112472,"F"
264507,72,35,0,0,1644822795172,"H"
264507,66,48,0,0,1644928253172,"B"
264507,85,22,0,0,1645022907772,"U"
264507,82,19,0,0,1645119123572,"R"
264507,71,34,0,0,1645223099672,"G"
264507,69,18,0,0,1645327245772,"E"
264507,78,49,0,0,1645423898872,"N"
264507,76,38,0,0,1645519172872,"L"
264507,65,30,0,0,1645623110872,"A"
264507,78,49,0,0,1645719091172,"N"
264507,68,32,0,0,1645822868572,"D"
264507,70,33,0,0,1645927078272,"F"
264507,72,35,0,0,1646023131172,"H"
264507,66,48,0,0,1646127061872,"B"
264507,85,22,0,0,1646223039772,"U"
264507,82,19,0,0,1646326997272,"R"
264507,71,34,0,0,1646423205572,"G"
264507,69,18,0,0,1646527121772,"E"
264507,78,49,0,0,1646623965672,"N"
264507,76,38,0,0,1646718967772,"L"
264507,65,30,0,0,1646823317772,"A"
264507,78,49,0,0,1646919111272,"N"
264507,68,32,0,0,1647023129672,"D"
264507,70,33,0,0,1647119126672,"F"
264507,72,35,0,0,1647223084972,"H"
264507,66,48,0,0,1647319089372,"B"
264507,85,22,0,0,1647423097172,"U"
264507,82,19,0,0,1647519128672,"R"
264507,71,34,0,0,1647623166772,"G"
264507,69,18,0,0,1647718768672,"E"
264507,78,49,0,0,1647824200072,"N"
264507,76,38,0,0,1647927143772,"L"
264507,65,30,0,0,1648023167572,"A"
264507,78,49,0,0,1648127144072,"N"
264507,68,32,0,0,1648223141272,"D"
264507,70,33,0,0,1648327096072,"F"
264507,72,35,0,0,1648423168172,"H"
264507,66,48,0,0,1648527106772,"B"
264507,85,22,0,0,1648623159972,"U"
264507,82,19,0,0,1648726915272,"R"
264507,71,34,0,0,1648823158372,"G"
264507,69,18,0,0,1648927111472,"E"
264507,78,49,0,0,1649024114172,"N"
264507,76,38,0,0,1649119112872,"L"
264507,65,30,0,0,1649223148372,"A"
264507,78,49,0,0,1649319139572,"N"
264507,68,32,0,0,1649431059672,"D"
264507,70,33,0,0,1649519121772,"F"
264507,72,35,0,0,1649623228972,"H"
264507,66,48,0,0,1649719144172,"B"
264507,85,22,0,0,1649823168772,"U"
264507,82,19,0,0,1649927105772,"R"
264507,71,34,0,0,1650023120072,"G"
264507,69,18,0,0,1650127153672,"E"
264507,78,49,0,0,1650223974172,"N"
264507,76,38,0,0,1650327142672,"L"
264507,65,30,0,0,1650423146472,"A"
264507,78,49,0,0,1650527138372,"N"
264507,68,32,0,0,1650623129072,"D"
264507,70,33,0,0,1650727251472,"F"
264507,72,35,0,0,1650823149272,"H"
264507,66,48,0,0,1650928110372,"B"
264507,85,22,0,0,1651023201872,"U"
264507,82,19,0,0,1651119132872,"R"
264507,71,34,0,0,1651223163872,"G"
264507,69,18,0,0,1651327191272,"E"
264507,78,49,0,0,1651423144772,"N"
264507,76,38,0,0,1651519119172,"L"
264507,65,30,0,0,1651622991272,"A"
264507,78,49,0,0,1651719091572,"N"
264507,68,32,0,0,1651823160772,"D"
264507,70,33,0,0,1651927294972,"F"
264507,72,35,0,0,1652023085372,"H"
264507,66,48,0,0,1652127137772,"B"
264507,85,22,0,0,1652223118672,"U"
264507,82,19,0,0,1652327174772,"R"
264507,71,34,0,0,1652423208972,"G"
264507,69,18,0,0,1652527293172,"E"
264507,78,49,0,0,1652623926172,"N"
264507,76,38,0,0,1652718920772,"L"
264507,65,30,0,0,1652823142072,"A"
264507,78,49,0,0,1652919261772,"N"
264507,68,32,0,0,1653023085372,"D"
264507,70,33,0,0,1653119110972,"F"
264507,72,35,0,0,1653223293372,"H"
264507,66,48,0,0,1653319084572,"B"
264507,85,22,0,0,1653423107872,"U"
264507,82,19,0,0,1653518953972,"R"
264507,71,34,0,0,1653623165972,"G"
264507,69,18,0,0,1653728169472,"E"
264507,78,49,0,0,1653822946372,"N"
264507,76,38,0,0,1653927170872,"L"
264507,65,30,0,0,1654023143672,"A"
264507,78,49,0,0,1654127181572,"N"
264507,68,32,0,0,1654223131872,"D"
264507,70,33,0,0,1654327171172,"F"
264507,72,35,0,0,1654423145972,"H"
264507,66,48,0,0,1654527158272,"B"
264507,85,22,0,0,1654623199572,"U"
264507,82,19,0,0,1654718856372,"R"
264507,71,34,0,0,1654823196072,"G"
264507,69,18,0,0,1654927188472,"E"
264507,78,49,0,0,1655023326972,"N"
264507,76,38,0,0,1655119081272,"L"
264507,65,30,0,0,1655223194672,"A"
264507,78,49,0,0,1655319228972,"N"
264507,68,32,0,0,1655423208772,"D"
264507,70,33,0,0,1655519259972,"F"
264507,72,35,0,0,1655623197672,"H"
264507,66,48,0,0,1655727174972,"B"
264507,85,22,0,0,1655822864772,"U"
264507,82,19,0,0,1655927202472,"R"
264507,71,34,0,0,1656023248672,"G"
264507,69,18,0,0,1656127215572,"E"
264507,78,49,0,0,1656223205872,"N"
264507,76,38,0,0,1656318937172,"L"
264507,65,30,0,0,1656423264072,"A"
264507,78,49,0,0,1656519244172,"N"
264507,68,32,0,0,1656623196772,"D"
264507,70,33,0,0,1656719167072,"F"
264507,72,35,0,0,1656823181772,"H"
264507,66,48,0,0,1656919209772,"B"
264507,85,22,0,0,1657023172572,"U"
264507,82,19,0,0,1657119181372,"R"
264507,71,34,0,0,1657222922272,"G"
264507,69,18,0,0,1657319278672,"E"
264507,78,49,0,0,1657423379472,"N"
264507,76,38,0,0,1657527239872,"L"
264507,65,30,0,0,1657623416072,"A"
264507,78,49,0,0,1657727260572,"N"
264507,68,32,0,0,1657823129672,"D"
264507,70,33,0,0,1657926888572,"F"
264507,72,35,0,0,1658023115772,"H"
264507,66,48,0,0,1658127234972,"B"
264507,85,22,0,0,1658223173872,"U"
264507,82,19,0,0,1658326901372,"R"
264507,71,34,0,0,1658423189372,"G"
264507,69,18,0,0,1658526981972,"E"
264507,78,49,0,0,1658623803972,"N"
264507,76,38,0,0,1658719519072,"L"
264507,65,30,0,0,1658823224872,"A"
264507,78,49,0,0,1658919007872,"N"
264507,68,32,0,0,1659031157172,"D"
264507,70,33,0,0,1659119305772,"F"
264507,72,35,0,0,1659222915072,"H"
264507,66,48,0,0,1659319340572,"B"
264507,85,22,0,0,1659422953672,"U"
264507,82,19,0,0,1659527381872,"R"
264507,71,34,0,0,1659622980272,"G"
264507,69,18,0,0,1659726961172,"E"
264507,78,49,0,0,1659822950672,"N"
264507,76,38,0,0,1659926901972,"L"
264507,65,30,0,0,1660023054372,"A"
264507,78,49,0,0,1660127234172,"N"
264507,68,32,0,0,1660223004072,"D"
264507,70,33,0,0,1660327225072,"F"
264507,72,35,0,0,1660422976672,"H"
264507,66,48,0,0,1660519263872,"B"
264507,85,22,0,0,1660623040272,"U"
264507,82,19,0,0,1660719200172,"R"
264507,71,34,0,0,1660823125972,"G"
264507,69,18,0,0,1660927011572,"E"
264507,78,49,0,0,1661024087272,"N"
264507,76,38,0,0,1661119194572,"L"
264507,65,30,0,0,1661223282872,"A"
264507,78,49,0,0,1661327253972,"N"
264507,68,32,0,0,1661423340972,"D"
264507,70,33,0,0,1661527252772,"F"
264507,72,35,0,0,1661623317272,"H"
264507,66,48,0,0,1661727204672,"B"
264507,85,22,0,0,1661823278072,"U"
264507,82,19,0,0,1661927247472,"R"
264507,71,34,0,0,1662023358772,"G"
264507,69,18,0,0,1662127259672,"E"
264507,78,49,0,0,1662231253372,"N"
264507,76,38,0,0,1662319213672,"L"
264507,65,30,0,0,1662423247472,"A"
264507,78,49,0,0,1662519022472,"N"
264507,68,32,0,0,1662623414872,"D"
264507,70,33,0,0,1662719249472,"F"
264507,72,35,0,0,1662823361472,"H"
264507,66,48,0,0,1662919264172,"B"
264507,85,22,0,0,1663023304072,"U"
264507,82,19,0,0,1663119413272,"R"
264507,71,34,0,0,1663223274772,"G"
264507,69,18,0,0,1663327208872,"E"
264507,78,49,0,0,1663423226072,"N"
264507,76,38,0,0,1663527298372,"L"
264507,65,30,0,0,1663623258372,"A"
264507,78,49,0,0,1663727223972,"N"
264507,68,32,0,0,1663822942872,"D"
264507,70,33,0,0,1663927114172,"F"
264507,72,35,0,0,1664023219672,"H"
264507,66,48,0,0,1664128146772,"B"
264507,85,22,0,0,1664223332172,"U"
264507,82,19,0,0,1664319197172,"R"
264507,71,34,0,0,1664423274272,"G"
264507,69,18,0,0,1664527277272,"E"
264507,78,49,0,0,1664623249872,"N"
264507,76,38,0,0,1664719249572,"L"
264507,65,30,0,0,1664823296272,"A"
264507,78,49,0,0,1664919344672,"N"
264507,68,32,0,0,1665023437572,"D"
264507,70,33,0,0,1665127019872,"F"
264507,72,35,0,0,1665223269172,"H"
264507,66,48,0,0,1665326976672,"B"
264507,85,22,0,0,1665423374672,"U"
264507,82,19,0,0,1665526999972,"R"
264507,71,34,0,0,1665623238972,"G"
264507,69,18,0,0,1665726967972,"E"
264507,78,49,0,0,1665823291772,"N"
264507,76,38,0,0,1665919297672,"L"
264507,65,30,0,0,1666023308072,"A"
264507,78,49,0,0,1666127015572,"N"
264507,68,32,0,0,1666223300672,"D"
264507,70,33,0,0,1666319244472,"F"
264507,72,35,0,0,1666423297572,"H"
264507,66,48,0,0,1666519334872,"B"
264507,85,22,0,0,1666622976072,"U"
264507,82,19,0,0,1666719297272,"R"
264507,71,34,0,0,1666823290872,"G"
264507,69,18,0,0,1666919260672,"E"
264507,78,49,0,0,1667024068272,"N"
264507,76,38,0,0,1667127330372,"L"
264507,65,30,0,0,1667223244072,"A"
264507,78,49,0,0,1667327123372,"N"
264507,68,32,0,0,1667423252672,"D"
264507,70,33,0,0,1667527286572,"F"
264507,72,35,0,0,1667623309172,"H"
264507,66,48,0,0,1667728285572,"B"
264507,85,22,0,0,1667823300372,"U"
264507,82,19,0,0,1667927197172,"R"
264507,71,34,0,0,1668023318772,"G"
264507,69,18,0,0,1668128074172,"E"
264507,78,49,0,0,1668223390472,"N"
264507,76,38,0,0,1668319334672,"L"
264507,65,30,0,0,1668423321672,"A"
264507,78,49,0,0,1668519249172,"N"
264507,68,32,0,0,1668631282172,"D"
264507,70,33,0,0,1668719306072,"F"
264507,72,35,0,0,1668823293072,"H"
264507,66,48,0,0,1668919327672,"B"
264507,85,22,0,0,1669022985172,"U"
264507,82,19,0,0,1669127288772,"R"
264507,71,34,0,0,1669223266772,"G"
264507,69,18,0,0,1669327317672,"E"
264507,78,49,0,0,1669424047072,"N"
264507,76,38,0,0,1669527352272,"L"
264507,65,30,0,0,1669623354772,"A"
264507,78,49,0,0,1669727369772,"N"
264507,68,32,0,0,1669823303472,"D"
264507,70,33,0,0,1669927270772,"F"
264507,72,35,0,0,1670023292772,"H"
264507,66,48,0,0,1670119345472,"B"
264507,85,22,0,0,1670223288172,"U"
264507,82,19,0,0,1670319281872,"R"
264507,71,34,0,0,1670423326672,"G"
264507,69,18,0,0,1670528280172,"E"
264507,78,49,0,0,1670623326572,"N"
264507,76,38,0,0,1670719221472,"L"
264507,65,30,0,0,1670823299472,"A"
264507,78,49,0,0,1670927286172,"N"
264507,68,32,0,0,1671023260672,"D"
264507,70,33,0,0,1671127303172,"F"
264507,72,35,0,0,1671223304772,"H"
264507,66,48,0,0,1671327422672,"B"
264507,85,22,0,0,1671423356572,"U"
264507,82,19,0,0,1671527136172,"R"
264507,71,34,0,0,1671623308772,"G"
264507,69,18,0,0,1671727861772,"E"
264507,78,49,0,0,1671823323972,"N"
264507,76,38,0,0,1671919335772,"L"
264507,65,30,0,0,1672023306572,"A"
264507,78,49,0,0,1672119344472,"N"
264507,68,32,0,0,1672223253472,"D"
264507,70,33,0,0,1672319280472,"F"
264507,72,35,0,0,1672423311172,"H"
264507,66,48,0,0,1672519321272,"B"
264507,85,22,0,0,1672623405672,"U"
264507,82,19,0,0,1672727362672,"R"
264507,71,34,0,0,1672823343272,"G"
264507,69,18,0,0,1672926986372,"E"
264507,78,49,0,0,1673023342172,"N"
264507,76,38,0,0,1673127391672,"L"
264507,65,30,0,0,1673223320272,"A"
264507,78,49,0,0,1673327310872,"N"
264507,68,32,0,0,1673423210872,"D"
264507,70,33,0,0,1673527365172,"F"
264507,72,35,0,0,1673623290272,"H"
264507,66,48,0,0,1673728071972,"B"
264507,85,22,0,0,1673823351172,"U"
264507,82,19,0,0,1673919364772,"R"
264507,71,34,0,0,1674023353572,"G"
264507,69,18,0,0,1674127134572,"E"
264507,78,49,0,0,1674224129272,"N"
264507,76,38,0,0,1674319368272,"L"
264507,65,30,0,0,1674423412172,"A"
264507,78,49,0,0,1674527334272,"N"
264507,68,32,0,0,1674623415472,"D"
264507,70,33,0,0,1674727706572,"F"
264507,72,35,0,0,1674823353372,"H"
264507,66,48,0,0,1674927297572,"B"
264507,85,22,0,0,1675023344072,"U"
264507,82,19,0,0,1675127362772,"R"
264507,71,34,0,0,1675223356072,"G"
264507,69,18,0,0,1675327962572,"E"
264507,78,49,0,0,1675431341472,"N"
264507,76,38,0,0,1675519120572,"L"
264507,65,30,0,0,1675623294672,"A"
264507,78,49,0,0,1675719344472,"N"
264507,68,32,0,0,1675823358072,"D"
264507,70,33,0,0,1675919359672,"F"
264507,72,35,0,0,1676023281972,"H"
264507,66,48,0,0,1676119355472,"B"
264507,85,22,0,0,1676223364272,"U"
264507,82,19,0,0,1676327307972,"R"
264507,71,34,0,0,1676423407372,"G"
264507,69,18,0,0,1676527411072,"E"
264507,78,49,0,0,1676623324072,"N"
264507,76,38,0,0,1676727398872,"L"
264507,65,30,0,0,1676823359672,"A"
264507,78,49,0,0,1676927346772,"N"
264507,68,32,0,0,1677023454072,"D"
264507,70,33,0,0,1677127370572,"F"
264507,72,35,0,0,1677223531372,"H"
264507,66,48,0,0,1677328406672,"B"
264507,85,22,0,0,1677423524072,"U"
264507,82,19,0,0,1677519105372,"R"
264507,71,34,0,0,1677623383672,"G"
264507,69,18,0,0,1677728248772,"E"
264507,78,49,0,0,1677823385372,"N"
264507,76,38,0,0,1677919106172,"L"
264507,65,30,0,0,1678023350172,"A"
264507,78,49,0,0,1678127369772,"N"
264507,68,32,0,0,1678223552372,"D"
264507,70,33,0,0,1678327515072,"F"
264507,72,35,0,0,1678423406172,"H"
264507,66,48,0,0,1678527429072,"B"
264507,85,22,0,0,1678623372072,"U"
264507,82,19,0,0,1678727414672,"R"
264507,71,34,0,0,1678823391672,"G"
264507,69,18,0,0,1678927360172,"E"
264507,78,49,0,0,1679024063472,"N"
264507,76,38,0,0,1679119090672,"L"
264507,65,30,0,0,1679223343872,"A"
264507,78,49,0,0,1679319293972,"N"
264507,68,32,0,0,1679423572872,"D"
264507,70,33,0,0,1679519312472,"F"
264507,72,35,0,0,1679623440172,"H"
264507,66,48,0,0,1679719436672,"B"
264507,85,22,0,0,1679823317372,"U"
264507,82,19,0,0,1679919405372,"R"
264507,71,34,0,0,1680023532972,"G"
264507,69,18,0,0,1680127418372,"E"
264507,78,49,0,0,1680223379072,"N"
264507,76,38,0,0,1680327322072,"L"
264507,65,30,0,0,1680423355672,"A"
264507,78,49,0,0,1680527384472,"N"
264507,68,32,0,0,1680623371272,"D"
264507,70,33,0,0,1680727384472,"F"
264507,72,35,0,0,1680823392872,"H"
264507,66,48,0,0,1680928142972,"B"
264507,85,22,0,0,1681023444672,"U"
264507,82,19,0,0,1681119440172,"R"
264507,71,34,0,0,1681223302572,"G"
264507,69,18,0,0,1681327539572,"E"
264507,78,49,0,0,1681423434372,"N"
264507,76,38,0,0,1681519414972,"L"
264507,65,30,0,0,1681623364072,"A"
264507,78,49,0,0,1681719414372,"N"
264507,68,32,0,0,1681823376272,"D"
264507,70,33,0,0,1681927404172,"F"
264507,72,35,0,0,1682023444172,"H"
264507,66,48,0,0,1682127404772,"B"
264507,85,22,0,0,1682223215772,"U"
264507,82,19,0,0,1682327433672,"R"
264507,71,34,0,0,1682423512872,"G"
264507,69,18,0,0,1682527383772,"E"
264507,78,49,0,0,1682623539672,"N"
264507,76,38,0,0,1682727386872,"L"
264507,65,30,0,0,1682823415772,"A"
264507,78,49,0,0,1682927408572,"N"
264507,68,32,0,0,1683023376272,"D"
264507,70,33,0,0,1683119507272,"F"
264507,72,35,0,0,1683223448472,"H"
264507,66,48,0,0,1683319409272,"B"
264507,85,22,0,0,1683423403772,"U"
264507,82,19,0,0,1683519413072,"R"
264507,71,34,0,0,1683623163272,"G"
264507,69,18,0,0,1683719177972,"E"
264507,78,49,0,0,1683823218272,"N"
264507,76,38,0,0,1683927614572,"L"
264507,65,30,0,0,1684023337172,"A"
264507,78,49,0,0,1684127471372,"N"
264507,68,32,0,0,1684223187472,"D"
264507,70,33,0,0,1684327203572,"F"
264507,72,35,0,0,1684423135572,"H"
264507,66,48,0,0,1684528071172,"B"
264507,85,22,0,0,1684623178472,"U"
264507,82,19,0,0,1684727640072,"R"
264507,71,34,0,0,1684823167972,"G"
264507,69,18,0,0,1684927558472,"E"
264507,78,49,0,0,1685023316372,"N"
264507,76,38,0,0,1685119438072,"L"
264507,65,30,0,0,1685223389272,"A"
264507,78,49,0,0,1685319446572,"N"
264507,68,32,0,0,1685431475672,"D"
264507,70,33,0,0,1685519316472,"F"
264507,72,35,0,0,1685623158872,"H"
264507,66,48,0,0,1685727470172,"B"
264507,85,22,0,0,1685823216472,"U"
264507,82,19,0,0,1685927405472,"R"
264507,71,34,0,0,1686023450972,"G"
264507,69,18,0,0,1686127422872,"E"
264507,78,49,0,0,1686231184072,"N"
264507,76,38,0,0,1686327508172,"L"
264507,65,30,0,0,1686423456472,"A"
264507,78,49,0,0,1686527391972,"N"
264507,68,32,0,0,1686623458072,"D"
264507,70,33,0,0,1686727467872,"F"
264507,72,35,0,0,1686823437772,"H"
264507,66,48,0,0,1686919465272,"B"
264507,85,22,0,0,1687023416972,"U"
264507,82,19,0,0,1687119374372,"R"
264507,71,34,0,0,1687223498872,"G"
264507,69,18,0,0,1687319419272,"E"
264507,78,49,0,0,1687424331272,"N"
264507,76,38,0,0,1687519486372,"L"
264507,65,30,0,0,1687623487172,"A"
264507,78,49,0,0,1687727187072,"N"
264507,68,32,0,0,1687823426872,"D"
264507,70,33,0,0,1687927133872,"F"
264507,72,35,0,0,1688023409172,"H"
264507,66,48,0,0,1688127613572,"B"
264507,85,22,0,0,1688223459672,"U"
264507,82,19,0,0,1688327500372,"R"
264507,71,34,0,0,1688423198272,"G"
264507,69,18,0,0,1688527448972,"E"
264507,78,49,0,0,1688623426972,"N"
264507,76,38,0,0,1688719744772,"L"
264507,65,30,0,0,1688823424872,"A"
264507,78,49,0,0,1688919582572,"N"
264507,68,32,0,0,1689031498972,"D"
264507,70,33,0,0,1689119584772,"F"
264507,72,35,0,0,1689223478072,"H"
264507,66,48,0,0,1689327330572,"B"
264507,85,22,0,0,1689423476872,"U"
264507,82,19,0,0,1689527208172,"R"
264507,71,34,0,0,1689623275372,"G"
264507,69,18,0,0,1689727888172,"E"
264507,78,49,0,0,1689831378472,"N"
264507,76,38,0,0,1689927197272,"L"
264507,65,30,0,0,1690023543672,"A"
264507,78,49,0,0,1690127288072,"N"
264507,68,32,0,0,1690223503172,"D"
264507,70,33,0,0,1690327298972,"F"
264507,72,35,0,0,1690423709972,"H"
264507,66,48,0,0,1690519232872,"B"
264507,85,22,0,0,1690623632472,"U"
264507,82,19,0,0,1690719536072,"R"
264507,71,34,0,0,1690823518972,"G"
264507,69,18,0,0,1690919491472,"E"
264507,78,49,0,0,1691023498072,"N"
264507,76,38,0,0,1691119500072,"L"
264507,65,30,0,0,1691223445372,"A"
264507,78,49,0,0,1691327526572,"N"
264507,68,32,0,0,1691423580272,"D"
264507,70,33,0,0,1691527474772,"F"
264507,72,35,0,0,1691623520672,"H"
264507,66,48,0,0,1691727590972,"B"
264507,85,22,0,0,1691823539772,"U"
264507,82,19,0,0,1691927474472,"R"
264507,71,34,0,0,1692023506872,"G"
264507,69,18,0,0,1692127423572,"E"
264507,78,49,0,0,1692223592572,"N"
264507,76,38,0,0,1692319488772,"L"
264507,65,30,0,0,1692423508872,"A"
264507,78,49,0,0,1692519244272,"N"
264507,68,32,0,0,1692631473772,"D"
264507,70,33,0,0,1692719529372,"F"
264507,72,35,0,0,1692823485672,"H"
264507,66,48,0,0,1692919511872,"B"
264507,85,22,0,0,1693023455872,"U"
264507,82,19,0,0,1693127433972,"R"
264507,71,34,0,0,1693223477972,"G"
264507,69,18,0,0,1693327617172,"E"
264507,78,49,0,0,1693423506672,"N"
264507,76,38,0,0,1693527500872,"L"
264507,65,30,0,0,1693623553172,"A"
264507,78,49,0,0,1693727495672,"N"
264507,68,32,0,0,1693823510772,"D"
264507,70,33,0,0,1693927454972,"F"
264507,72,35,0,0,1694023469472,"H"
264507,66,48,0,0,1694127460372,"B"
264507,85,22,0,0,1694223447572,"U"
264507,82,19,0,0,1694319522472,"R"
264507,71,34,0,0,1694423523072,"G"
264507,69,18,0,0,1694527542472,"E"
264507,78,49,0,0,1694624285972,"N"
264507,76,38,0,0,1694719297072,"L"
264507,65,30,0,0,1694823213972,"A"
264507,78,49,0,0,1694927290772,"N"
264507,68,32,0,0,1695023253372,"D"
264507,70,33,0,0,1695127567472,"F"
264507,72,35,0,0,1695223524472,"H"
264507,66,48,0,0,1695327481672,"B"
264507,85,22,0,0,1695423313672,"U"
264507,82,19,0,0,1695527416072,"R"
264507,71,34,0,0,1695623540172,"G"
264507,69,18,0,0,1695727608572,"E"
264507,78,49,0,0,1695824415472,"N"
264507,76,38,0,0,1695919532872,"L"
264507,65,30,0,0,1696023542372,"A"
264507,78,49,0,0,1696119519172,"N"
264507,68,32,0,0,1696223566272,"D"
264507,70,33,0,0,1696319484572,"F"
264507,72,35,0,0,1696423491072,"H"
264507,66,48,0,0,1696519541972,"B"
264507,85,22,0,0,1696623587672,"U"
264507,82,19,0,0,1696719466972,"R"
264507,71,34,0,0,1696823511472,"G"
264507,69,18,0,0,1696927525272,"E"
264507,78,49,0,0,1697023557772,"N"
264507,76,38,0,0,1697127670372,"L"
264507,65,30,0,0,1697223584872,"A"
264507,78,49,0,0,1697327532872,"N"
264507,68,32,0,0,1697423488372,"D"
264507,70,33,0,0,1697527545972,"F"
264507,72,35,0,0,1697623585972,"H"
264507,66,48,0,0,1697727590672,"B"
264507,85,22,0,0,1697823478072,"U"
264507,82,19,0,0,1697919530072,"R"
264507,71,34,0,0,1698023501572,"G"
264507,69,18,0,0,1698128235472,"E"
264507,78,49,0,0,1698223580772,"N"
264507,76,38,0,0,1698319543972,"L"
264507,65,30,0,0,1698423740272,"A"
264507,78,49,0,0,1698519562972,"N"
264507,68,32,0,0,1698623581872,"D"
264507,70,33,0,0,1698727521972,"F"
264507,72,35,0,0,1698823588372,"H"
264507,66,48,0,0,1698927475172,"B"
264507,85,22,0,0,1699023554172,"U"
264507,82,19,0,0,1699127540972,"R"
264507,71,34,0,0,1699223496772,"G"
264507,69,18,0,0,1699327530972,"E"
264507,78,49,0,0,1699423559072,"N"
264507,76,38,0,0,1699527550472,"L"
264507,65,30,0,0,1699623510372,"A"
264507,78,49,0,0,1699727512372,"N"
264507,68,32,0,0,1699823358272,"D"
264507,70,33,0,0,1699919586972,"F"
264507,72,35,0,0,1700023605472,"H"
264507,66,48,0,0,1700119536772,"B"
264507,85,22,0,0,1700223631172,"U"
264507,82,19,0,0,1700319568472,"R"
264507,71,34,0,0,1700423611572,"G"
264507,69,18,0,0,1700519589672,"E"
264507,78,49,0,0,1700623565972,"N"
264507,76,38,0,0,1700727488672,"L"
264507,65,30,0,0,1700823506072,"A"
264507,78,49,0,0,1700927350972,"N"
264507,68,32,0,0,1701023690072,"D"
264507,70,33,0,0,1701127585472,"F"
264507,72,35,0,0,1701223692072,"H"
264507,66,48,0,0,1701327523572,"B"
264507,85,22,0,0,1701423560572,"U"
264507,82,19,0,0,1701527606772,"R"
264507,71,34,0,0,1701623584472,"G"
264507,69,18,0,0,1701727506872,"E"
264507,78,49,0,0,1701823566072,"N"
264507,76,38,0,0,1701919291072,"L"
264507,65,30,0,0,1702023572972,"A"
264507,78,49,0,0,1702119470672,"N"
264507,68,32,0,0,1702231682572,"D"
264507,70,33,0,0,1702319341472,"F"
264507,72,35,0,0,1702423584372,"H"
264507,66,48,0,0,1702527599372,"B"
264507,85,22,0,0,1702623641672,"U"
264507,82,19,0,0,1702727320372,"R"
264507,71,34,0,0,1702823551472,"G"
264507,69,18,0,0,1702927439472,"E"
264507,78,49,0,0,1703024363172,"N"
264507,76,38,0,0,1703127596572,"L"
264507,65,30,0,0,1703223563372,"A"
264507,78,49,0,0,1703327568772,"N"
264507,68,32,0,0,1703423420872,"D"
264507,70,33,0,0,1703527638072,"F"
264507,72,35,0,0,1703623629772,"H"
264507,66,48,0,0,1703727597472,"B"
264507,85,22,0,0,1703823616272,"U"
264507,82,19,0,0,1703919589572,"R"
264507,71,34,0,0,1704023615672,"G"
264507,69,18,0,0,1704127533772,"E"
264507,78,49,0,0,1704223359472,"N"
264507,76,38,0,0,1704319655872,"L"
264507,65,30,0,0,1704423616772,"A"
264507,78,49,0,0,1704527589572,"N"
264507,68,32,0,0,1704623607972,"D"
264507,70,33,0,0,1704727619572,"F"
264507,72,35,0,0,1704823583172,"H"
264507,66,48,0,0,1704927494872,"B"
264507,85,22,0,0,1705023770772,"U"
264507,82,19,0,0,1705127392672,"R"
264507,71,34,0,0,1705223647872,"G"
264507,69,18,0,0,1705327571972,"E"
264507,78,49,0,0,1705423633972,"N"
264507,76,38,0,0,1705519526772,"L"
264507,65,30,0,0,1705623538272,"A"
264507,78,49,0,0,1705719611572,"N"
264507,68,32,0,0,1705823636172,"D"
264507,70,33,0,0,1705919634572,"F"
264507,72,35,0,0,1706023555872,"H"
264507,66,48,0,0,1706119595972,"B"
264507,85,22,0,0,1706223622372,"U"
264507,82,19,0,0,1706319697672,"R"
264507,71,34,0,0,1706423431172,"G"
264507,69,18,0,0,1706527532172,"E"
264507,78,49,0,0,1706623602972,"N"
264507,76,38,0,0,1706727516372,"L"
264507,65,30,0,0,1706823590772,"A"
264507,78,49,0,0,1706927636272,"N"
264507,68,32,0,0,1707023670772,"D"
264507,70,33,0,0,1707127590072,"F"
264507,72,35,0,0,1707223596372,"H"
264507,66,48,0,0,1707328403872,"B"
264507,85,22,0,0,1707423562772,"U"
264507,82,19,0,0,1707527267372,"R"
264507,71,34,0,0,1707623347472,"G"
264507,69,18,0,0,1707727603172,"E"
264507,78,49,0,0,1707823334972,"N"
264507,76,38,0,0,1707919622772,"L"
264507,65,30,0,0,1708023381572,"A"
264507,78,49,0,0,1708119517572,"N"
264507,68,32,0,0,1708223355672,"D"
264507,70,33,0,0,1708327722372,"F"
264507,72,35,0,0,1708423422972,"H"
264507,66,48,0,0,1708527576072,"B"
264507,85,22,0,0,1708623395872,"U"
264507,82,19,0,0,1708727740172,"R"
264507,71,34,0,0,1708823362072,"G"
264507,69,18,0,0,1708927559472,"E"
264507,78,49,0,0,1709023379472,"N"
264507,76,38,0,0,1709127775572,"L"
264507,65,30,0,0,1709223408172,"A"
264507,78,49,0,0,1709327736472,"N"
264507,68,32,0,0,1709423548072,"D"
264507,70,33,0,0,1709519767172,"F"
264507,72,35,0,0,1709623681272,"H"
264507,66,48,0,0,1709719619772,"B"
264507,85,22,0,0,1709823670372,"U"
264507,82,19,0,0,1709919770472,"R"
264507,71,34,0,0,1710023696872,"G"
264507,69,18,0,0,1710119424372,"E"
264507,78,49,0,0,1710223737072,"N"
264507,76,38,0,0,1710327771972,"L"
264507,65,30,0,0,1710423737872,"A"
264507,78,49,0,0,1710527668472,"N"
264507,68,32,0,0,1710623735872,"D"
264507,70,33,0,0,1710727620772,"F"
264507,72,35,0,0,1710823616272,"H"
264507,66,48,0,0,1710927634372,"B"
264507,85,22,0,0,1711023560672,"U"
264507,82,19,0,0,1711127646872,"R"
264507,71,34,0,0,1711223664872,"G"
264507,69,18,0,0,1711327720272,"E"
264507,78,49,0,0,1711423667672,"N"
264507,76,38,0,0,1711519663272,"L"
264507,65,30,0,0,1711623596372,"A"
264507,78,49,0,0,1711719395372,"N"
264507,68,32,0,0,1711831648572,"D"
264507,70,33,0,0,1711919603872,"F"
264507,72,35,0,0,1712023674372,"H"
264507,66,48,0,0,1712119815172,"B"
264507,85,22,0,0,1712223843372,"U"
264507,82,19,0,0,1712327718472,"R"
264507,71,34,0,0,1712423662872,"G"
264507,69,18,0,0,1712527513772,"E"
264507,78,49,0,0,1712623699272,"N"
264507,76,38,0,0,1712727431872,"L"
264507,65,30,0,0,1712823826372,"A"
264507,78,49,0,0,1712927766572,"N"
264507,68,32,0,0,1713023657372,"D"
264507,70,33,0,0,1713127609972,"F"
264507,72,35,0,0,1713223670072,"H"
264507,66,48,0,0,1713327760472,"B"
264507,85,22,0,0,1713423691972,"U"
264507,82,19,0,0,1713519692372,"R"
264507,71,34,0,0,1713623674272,"G"
264507,69,18,0,0,1713727400472,"E"
264507,78,49,0,0,1713823701572,"N"
264507,76,38,0,0,1713919664572,"L"
264507,65,30,0,0,1714023474572,"A"
264507,78,49,0,0,1714127422472,"N"
264507,68,32,0,0,1714223673172,"D"
264507,70,33,0,0,1714327332772,"F"
264507,72,35,0,0,1714423716372,"H"
264507,66,48,0,0,1714527415772,"B"
264507,85,22,0,0,1714623693472,"U"
264507,82,19,0,0,1714727507772,"R"
264507,71,34,0,0,1714823687872,"G"
264507,69,18,0,0,1714927464272,"E"
264507,78,49,0,0,1715023645872,"N"
264507,76,38,0,0,1715119654972,"L"
264507,65,30,0,0,1715223676372,"A"
264507,78,49,0,0,1715319715372,"N"
264507,68,32,0,0,1715423881972,"D"
264507,70,33,0,0,1715519825872,"F"
264507,72,35,0,0,1715623672672,"H"
264507,66,48,0,0,1715719686572,"B"
264507,85,22,0,0,1715823642072,"U"
264507,82,19,0,0,1715919699772,"R"
264507,71,34,0,0,1716023765872,"G"
264507,69,18,0,0,1716127785672,"E"
264507,78,49,0,0,1716223705172,"N"
264507,76,38,0,0,1716327797572,"L"
264507,65,30,0,0,1716423656772,"A"
264507,78,49,0,0,1716527681572,"N"
264507,68,32,0,0,1716623731872,"D"
264507,70,33,0,0,1716727702572,"F"
264507,72,35,0,0,1716823717872,"H"
264507,66,48,0,0,1716927668972,"B"
264507,85,22,0,0,1717023744372,"U"
264507,82,19,0,0,1717127693472,"R"
264507,71,34,0,0,1717223836572,"G"
264507,69,18,0,0,1717327490172,"E"
264507,78,49,0,0,1717423854072,"N"
264507,76,38,0,0,1717519710072,"L"
264507,65,30,0,0,1717623770272,"A"
264507,78,49,0,0,1717719372772,"N"
264507,68,32,0,0,1717831685672,"D"
264507,70,33,0,0,1717927375472,"F"
264507,72,35,0,0,1718023665172,"H"
264507,66,48,0,0,1718127765272,"B"
264507,85,22,0,0,1718223618272,"U"
264507,82,19,0,0,1718327714672,"R"
264507,71,34,0,0,1718423517572,"G"
264507,69,18,0,0,1718527751572,"E"
264507,78,49,0,0,1718624528072,"N"
264507,76,38,0,0,1718727723572,"L"
264507,65,30,0,0,1718823717372,"A"
264507,78,49,0,0,1718927661172,"N"
264507,68,32,0,0,1719023700672,"D"
264507,70,33,0,0,1719127749372,"F"
264507,72,35,0,0,1719223681472,"H"
264507,66,48,0,0,1719319709272,"B"
264507,85,22,0,0,1719423655372,"U"
264507,82,19,0,0,1719519697072,"R"
264507,71,34,0,0,1719623739272,"G"
264507,69,18,0,0,1719727778672,"E"
264507,78,49,0,0,1719824673072,"N"
264507,76,38,0,0,1719927687272,"L"
264507,65,30,0,0,1720023676772,"A"
264507,78,49,0,0,1720127749872,"N"
264507,68,32,0,0,1720223771872,"D"
264507,70,33,0,0,1720327753772,"F"
264507,72,35,0,0,1720423863172,"H"
264507,66,48,0,0,1720528459372,"B"
264507,85,22,0,0,1720623678972,"U"
264507,82,19,0,0,1720727822372,"R"
264507,71,34,0,0,1720823804172,"G"
264507,69,18,0,0,1720927719672,"E"
264507,78,49,0,0,1721024474472,"N"
264507,76,38,0,0,1721119719372,"L"
264507,65,30,0,0,1721223726172,"A"
264507,78,49,0,0,1721319723972,"N"
264507,68,32,0,0,1721431794172,"D"
264507,70,33,0,0,1721519885672,"F"
264507,72,35,0,0,1721623888072,"H"
264507,66,48,0,0,1721719772872,"B"
264507,85,22,0,0,1721823519972,"U"
264507,82,19,0,0,1721927703372,"R"
264507,71,34,0,0,1722023743172,"G"
264507,69,18,0,0,1722127808072,"E"
264507,78,49,0,0,1722223920972,"N"
264507,76,38,0,0,1722327782372,"L"
264507,65,30,0,0,1722423890372,"A"
264507,78,49,0,0,1722527763672,"N"
264507,68,32,0,0,1722623718172,"D"
264507,70,33,0,0,1722728066672,"F"
264507,72,35,0,0,1722824053372,"H"
264507,66,48,0,0,1722927692572,"B"
264507,85,22,0,0,1723023901772,"U"
264507,82,19,0,0,1723119702972,"R"
264507,71,34,0,0,1723223786672,"G"
264507,69,18,0,0,1723328719272,"E"
264507,78,49,0,0,1723423844372,"N"
264507,76,38,0,0,1723519807472,"L"
264507,65,30,0,0,1723623757372,"A"
264507,78,49,0,0,1723727784772,"N"
264507,68,32,0,0,1723823725272,"D"
264507,70,33,0,0,1723927794672,"F"
264507,72,35,0,0,1724023724672,"H"
264507,66,48,0,0,1724127925272,"B"
264507,85,22,0,0,1724223527472,"U"
264507,82,19,0,0,1724327700172,"R"
264507,71,34,0,0,1724423725372,"G"
264507,69,18,0,0,1724527750172,"E"
264507,78,49,0,0,1724624567472,"N"
264507,76,38,0,0,1724719882072,"L"
264507,65,30,0,0,1724823766772,"A"
264507,78,49,0,0,1724927822172,"N"
264507,68,32,0,0,1725023800672,"D"
264507,70,33,0,0,1725119760372,"F"
264507,72,35,0,0,1725223691372,"H"
264507,66,48,0,0,1725319699672,"B"
264507,85,22,0,0,1725423786072,"U"
264507,82,19,0,0,1725519827972,"R"
264507,71,34,0,0,1725623784472,"G"
264507,69,18,0,0,1725727758672,"E"
264507,78,49,0,0,1725823808272,"N"
264507,76,38,0,0,1725927950272,"L"
264507,65,30,0,0,1726023906172,"A"
264507,78,49,0,0,1726127712272,"N"
264507,68,32,0,0,1726223759872,"D"
264507,70,33,0,0,1726327816472,"F"
264507,72,35,0,0,1726423838572,"H"
264507,66,48,0,0,1726527912672,"B"
264507,85,22,0,0,1726623753272,"U"
264507,82,19,0,0,1726727736872,"R"
264507,71,34,0,0,1726823767272,"G"
264507,69,18,0,0,1726928848972,"E"
264507,78,49,0,0,1727023795072,"N"
264507,76,38,0,0,1727119506472,"L"
264507,65,30,0,0,1727223556472,"A"
264507,78,49,0,0,1727319495372,"N"
264507,68,32,0,0,1727431809172,"D"
264507,70,33,0,0,1727519593772,"F"
264507,72,35,0,0,1727623804572,"H"
264507,66,48,0,0,1727727760372,"B"
264507,85,22,0,0,1727823836272,"U"
264507,82,19,0,0,1727927828572,"R"
264507,71,34,0,0,1728023737572,"G"
264507,69,18,0,0,1728127888272,"E"
264507,78,49,0,0,1728224587672,"N"
264507,76,38,0,0,1728327800272,"L"
264507,65,30,0,0,1728423791172,"A"
264507,78,49,0,0,1728527801872,"N"
264507,68,32,0,0,1728623818372,"D"
264507,70,33,0,0,1728727831472,"F"
264507,72,35,0,0,1728823791972,"H"
264507,66,48,0,0,1728927891572,"B"
264507,85,22,0,0,1729023779872,"U"
264507,82,19,0,0,1729119739372,"R"
264507,71,34,0,0,1729223830072,"G"
264507,69,18,0,0,1729327599472,"E"
264507,78,49,0,0,1729423760672,"N"
264507,76,38,0,0,1729519762972,"L"
264507,65,30,0,0,1729623784072,"A"
264507,78,49,0,0,1729727767672,"N"
264507,68,32,0,0,1729823830272,"D"
264507,70,33,0,0,1729927753472,"F"
264507,72,35,0,0,1730023565772,"H"
264507,66,48,0,0,1730127800372,"B"
264507,85,22,0,0,1730223833772,"U"
264507,82,19,0,0,1730327565872,"R"
264507,71,34,0,0,1730423761472,"G"
264507,69,18,0,0,1730528626272,"E"
264507,78,49,0,0,1730624513972,"N"
264507,76,38,0,0,1730727719272,"L"
264507,65,30,0,0,1730823746072,"A"
264507,78,49,0,0,1730927839772,"N"
264507,68,32,0,0,1731023754572,"D"
264507,70,33,0,0,1731119791172,"F"
264507,72,35,0,0,1731223926372,"H"
264507,66,48,0,0,1731319828172,"B"
264507,85,22,0,0,1731423824372,"U"
264507,82,19,0,0,1731519802972,"R"
264507,71,34,0,0,1731623779672,"G"
264507,69,18,0,0,1731727965572,"E"
264507,78,49,0,0,1731823772872,"N"
264507,76,38,0,0,1731927839072,"L"
264507,65,30,0,0,1732023490472,"A"
264507,78,49,0,0,1732127817872,"N"
264507,68,32,0,0,1732223540972,"D"
264507,70,33,0,0,1732327968072,"F"
264507,72,35,0,0,1732423652572,"H"
264507,66,48,0,0,1732527858372,"B"
264507,85,22,0,0,1732623601072,"U"
264507,82,19,0,0,1732727648372,"R"
264507,71,34,0,0,1732823576072,"G"
264507,69,18,0,0,1732927552772,"E"
264507,78,49,0,0,1733024488772,"N"
264507,76,38,0,0,1733119803872,"L"
264507,65,30,0,0,1733223547172,"A"
264507,78,49,0,0,1733319840072,"N"
264507,68,32,0,0,1733431738672,"D"
264507,70,33,0,0,1733519845472,"F"
264507,72,35,0,0,1733623705272,"H"
264507,66,48,0,0,1733727956972,"B"
264507,85,22,0,0,1733823834572,"U"
264507,82,19,0,0,1733927802672,"R"
264507,71,34,0,0,1734023907472,"G"
264507,69,18,0,0,1734127935572,"E"
264507,78,49,0,0,1734224824172,"N"
264507,76,38,0,0,1734327837472,"L"
264507,65,30,0,0,1734423834472,"A"
264507,78,49,0,0,1734527908172,"N"
264507,68,32,0,0,1734623925372,"D"
264507,70,33,0,0,1734727888772,"F"
264507,72,35,0,0,1734824016172,"H"
264507,66,48,0,0,1734927785772,"B"
264507,85,22,0,0,1735023867272,"U"
264507,82,19,0,0,1735119842672,"R"
264507,71,34,0,0,1735224075572,"G"
264507,69,18,0,0,1735327901872,"E"
264507,78,49,0,0,1735424630872,"N"
264507,76,38,0,0,1735519906672,"L"
264507,65,30,0,0,1735624018172,"A"
264507,78,49,0,0,1735727917672,"N"
264507,68,32,0,0,1735823850972,"D"
264507,70,33,0,0,1735927817272,"F"
264507,72,35,0,0,1736023903272,"H"
264507,66,48,0,0,1736127898672,"B"
264507,85,22,0,0,1736223839972,"U"
264507,82,19,0,0,1736327860172,"R"
264507,71,34,0,0,1736423835972,"G"
264507,69,18,0,0,1736527812872,"E"
264507,78,49,0,0,1736624739272,"N"
264507,76,38,0,0,1736728104172,"L"
264507,65,30,0,0,1736823841972,"A"
264507,78,49,0,0,1736927841172,"N"
264507,68,32,0,0,1737023836472,"D"
264507,70,33,0,0,1737119815172,"F"
264507,72,35,0,0,1737223844572,"H"
264507,66,48,0,0,1737319998072,"B"
264507,85,22,0,0,1737423848072,"U"
264507,82,19,0,0,1737519655972,"R"
264507,71,34,0,0,1737623836772,"G"
264507,69,18,0,0,1737727701472,"E"
264507,78,49,0,0,1737823870672,"N"
264507,76,38,0,0,1737927631672,"L"
264507,65,30,0,0,1738023900172,"A"
264507,78,49,0,0,1738127587772,"N"
264507,68,32,0,0,1738224042472,"D"
264507,70,33,0,0,1738327697072,"F"
264507,72,35,0,0,1738423912272,"H"
264507,66,48,0,0,1738527567272,"B"
264507,85,22,0,0,1738623833072,"U"
264507,82,19,0,0,1738727582772,"R"
264507,71,34,0,0,1738823909572,"G"
264507,69,18,0,0,1738927612772,"E"
264507,78,49,0,0,1739023836872,"N"
264507,76,38,0,0,1739120020572,"L"
264507,65,30,0,0,1739223827372,"A"
264507,78,49,0,0,1739319940972,"N"
264507,68,32,0,0,1739431997972,"D"
264507,70,33,0,0,1739519833272,"F"
264507,72,35,0,0,1739623835872,"H"
264507,66,48,0,0,1739728004372,"B"
264507,85,22,0,0,1739823967272,"U"
264507,82,19,0,0,1739928014672,"R"
264507,71,34,0,0,1740023921072,"G"
264507,69,18,0,0,1740127944472,"E"
264507,78,49,0,0,1740224594372,"N"
264507,76,38,0,0,1740327871572,"L"
264507,65,30,0,0,1740423824372,"A"
264507,78,49,0,0,1740528009172,"N"
264507,68,32,0,0,1740624067072,"D"
264507,70,33,0,0,1740727820972,"F"
264507,72,35,0,0,1740823925272,"H"
264507,66,48,0,0,1740927884172,"B"
264507,85,22,0,0,1741023919672,"U"
264507,82,19,0,0,1741119876472,"R"
264507,71,34,0,0,1741223886072,"G"
264507,69,18,0,0,1741327833872,"E"
264507,78,49,0,0,1741424613672,"N"
264507,76,38,0,0,1741519939572,"L"
264507,65,30,0,0,1741623760572,"A"
264507,78,49,0,0,1741727872272,"N"
264507,68,32,0,0,1741823950872,"D"
264507,70,33,0,0,1741927935372,"F"
264507,72,35,0,0,1742023857572,"H"
264507,66,48,0,0,1742127949672,"B"
264507,85,22,0,0,1742223924072,"U"
264507,82,19,0,0,1742327887872,"R"
264507,71,34,0,0,1742423899872,"G"
264507,69,18,0,0,1742527927872,"E"
264507,78,49,0,0,1742625016172,"N"
264507,76,38,0,0,1742727896672,"L"
264507,65,30,0,0,1742823877072,"A"
264507,78,49,0,0,1742927914972,"N"
264507,68,32,0,0,1743024017172,"D"
264507,70,33,0,0,1743119917372,"F"
264507,72,35,0,0,1743223883772,"H"
264507,66,48,0,0,1743319679872,"B"
264507,85,22,0,0,1743423992672,"U"
264507,82,19,0,0,1743519953072,"R"
264507,71,34,0,0,1743623848072,"G"
264507,69,18,0,0,1743728212472,"E"
264507,78,49,0,0,1743823952972,"N"
264507,76,38,0,0,1743928093872,"L"
264507,65,30,0,0,1744024001172,"A"
264507,78,49,0,0,1744127719972,"N"
264507,68,32,0,0,1744223955572,"D"
264507,70,33,0,0,1744328014972,"F"
264507,72,35,0,0,1744423907572,"H"
264507,66,48,0,0,1744527931872,"B"
264507,85,22,0,0,1744623820072,"U"
264507,82,19,0,0,1744727916972,"R"
264507,71,34,0,0,1744823872272,"G"
264507,69,18,0,0,1744927999272,"E"
264507,78,49,0,0,1745023916472,"N"
264507,76,38,0,0,1745120054272,"L"
264507,65,30,0,0,1745223900772,"A"
264507,78,49,0,0,1745320070472,"N"
264507,68,32,0,0,1745431928272,"D"
264507,70,33,0,0,1745520000172,"F"
264507,72,35,0,0,1745623685072,"H"
264507,66,48,0,0,1745727921572,"B"
264507,85,22,0,0,1745823941572,"U"
264507,82,19,0,0,1745927930972,"R"
264507,71,34,0,0,1746024074872,"G"
264507,69,18,0,0,1746128006672,"E"
264507,78,49,0,0,1746224915072,"N"
264507,76,38,0,0,1746327667972,"L"
264507,65,30,0,0,1746423946372,"A"
264507,78,49,0,0,1746527973172,"N"
264507,68,32,0,0,1746624020172,"D"
264507,70,33,0,0,1746727927872,"F"
264507,72,35,0,0,1746823862272,"H"
264507,66,48,0,0,1746927970672,"B"
264507,85,22,0,0,1747023853972,"U"
264507,82,19,0,0,1747119910472,"R"
264507,71,34,0,0,1747224005272,"G"
264507,69,18,0,0,1747327670072,"E"
264507,78,49,0,0,1747424648672,"N"
264507,76,38,0,0,1747527948972,"L"
264507,65,30,0,0,1747623653472,"A"
264507,78,49,0,0,1747727918972,"N"
264507,68,32,0,0,1747823961972,"D"
264507,70,33,0,0,1747927625172,"F"
264507,72,35,0,0,1748023860972,"H"
264507,66,48,0,0,1748127955072,"B"
264507,85,22,0,0,1748224038972,"U"
264507,82,19,0,0,1748327932572,"R"
264507,71,34,0,0,1748423944672,"G"
264507,69,18,0,0,1748528022272,"E"
264507,78,49,0,0,1748623886872,"N"
264507,76,38,0,0,1748719929572,"L"
264507,65,30,0,0,1748823933772,"A"
264507,78,49,0,0,1748919983672,"N"
264507,68,32,0,0,1749031895472,"D"
264507,70,33,0,0,1749119950872,"F"
264507,72,35,0,0,1749223979172,"H"
264507,66,48,0,0,1749319958872,"B"
264507,85,22,0,0,1749423976772,"U"
264507,82,19,0,0,1749527949572,"R"
264507,71,34,0,0,1749623955972,"G"
264507,69,18,0,0,1749727951372,"E"
264507,78,49,0,0,1749823938272,"N"
264507,76,38,0,0,1749927945672,"L"
264507,65,30,0,0,1750023957172,"A"
264507,78,49,0,0,1750127949472,"N"
264507,68,32,0,0,1750224013572,"D"
264507,70,33,0,0,1750327911272,"F"
264507,72,35,0,0,1750423923272,"H"
264507,66,48,0,0,1750527950572,"B"
264507,85,22,0,0,1750623997272,"U"
264507,82,19,0,0,1750727943872,"R"
264507,71,34,0,0,1750824220172,"G"
264507,69,18,0,0,1750928720072,"E"
264507,78,49,0,0,1751023954772,"N"
264507,76,38,0,0,1751119803872,"L"
264507,65,30,0,0,1751223960672,"A"
264507,78,49,0,0,1751327942372,"N"
264507,68,32,0,0,1751423949672,"D"
264507,70,33,0,0,1751528044472,"F"
264507,72,35,0,0,1751623992072,"H"
264507,66,48,0,0,1751728096472,"B"
264507,85,22,0,0,1751823849472,"U"
264507,82,19,0,0,1751928010472,"R"
264507,71,34,0,0,1752024008272,"G"
264507,69,18,0,0,1752127995472,"E"
264507,78,49,0,0,1752231998672,"N"
264507,76,38,0,0,1752328149272,"L"
264507,65,30,0,0,1752423957672,"A"
264507,78,49,0,0,1752527846672,"N"
264507,68,32,0,0,1752623966272,"D"
264507,70,33,0,0,1752720092572,"F"
264507,72,35,0,0,1752824013572,"H"
264507,66,48,0,0,1752919842872,"B"
264507,85,22,0,0,1753024043372,"U"
264507,82,19,0,0,1753120042472,"R"
264507,71,34,0,0,1753223994472,"G"
264507,69,18,0,0,1753327922272,"E"
264507,78,49,0,0,1753424000372,"N"
264507,76,38,0,0,1753527827872,"L"
264507,65,30,0,0,1753624000572,"A"
264507,78,49,0,0,1753727970072,"N"
264507,68,32,0,0,1753823968372,"D"
264507,70,33,0,0,1753928101072,"F"
264507,72,35,0,0,1754023951772,"H"
264507,66,48,0,0,1754128094072,"B"
264507,85,22,0,0,1754223979772,"U"
264507,82,19,0,0,1754328002072,"R"
264507,71,34,0,0,1754424013872,"G"
264507,69,18,0,0,1754527966972,"E"
264507,78,49,0,0,1754623980972,"N"
264507,76,38,0,0,1754720030572,"L"
264507,65,30,0,0,1754823986872,"A"
264507,78,49,0,0,1754920031972,"N"
264507,68,32,0,0,1755032021972,"D"
264507,70,33,0,0,1755127992872,"F"
264507,72,35,0,0,1755223993672,"H"
264507,66,48,0,0,1755328114472,"B"
264507,85,22,0,0,1755424009372,"U"
264507,82,19,0,0,1755527999872,"R"
264507,71,34,0,0,1755623977372,"G"
264507,69,18,0,0,1755728009772,"E"
264507,78,49,0,0,1755825014172,"N"
264507,76,38,0,0,1755928001472,"L"
264507,65,30,0,0,1756023723972,"A"
264507,78,49,0,0,1756128030972,"N"
264507,68,32,0,0,1756223762772,"D"
264507,70,33,0,0,1756328047872,"F"
264507,72,35,0,0,1756423760072,"H"
264507,66,48,0,0,1756528856272,"B"
264507,85,22,0,0,1756623747572,"U"
264507,82,19,0,0,1756719786972,"R"
264507,71,34,0,0,1756823831472,"G"
264507,69,18,0,0,1756928982072,"E"
264507,78,49,0,0,1757023770472,"N"
264507,76,38,0,0,1757128054372,"L"
264507,65,30,0,0,1757223767672,"A"
264507,78,49,0,0,1757327977272,"N"
264507,68,32,0,0,1757423785572,"D"
264507,70,33,0,0,1757528015872,"F"
264507,72,35,0,0,1757623765572,"H"
264507,66,48,0,0,1757727827972,"B"
264507,85,22,0,0,1757823892672,"U"
264507,82,19,0,0,1757928010772,"R"
264507,71,34,0,0,1758024011472,"G"
264507,69,18,0,0,1758128095272,"E"
264507,78,49,0,0,1758224131372,"N"
264507,76,38,0,0,1758320094572,"L"
264507,65,30,0,0,1758424112772,"A"
264507,78,49,0,0,1758520122172,"N"
264507,68,32,0,0,1758632202872,"D"
264507,70,33,0,0,1758720055572,"F"
264507,72,35,0,0,1758824014572,"H"
264507,66,48,0,0,1758927862972,"B"
264507,85,22,0,0,1759023682372,"U"
264507,82,19,0,0,1759128084872,"R"
264507,71,34,0,0,1759224059972,"G"
264507,69,18,0,0,1759327963372,"E"
264507,78,49,0,0,1759424906172,"N"
264507,76,38,0,0,1759528039772,"L"
264507,65,30,0,0,1759624011872,"A"
264507,78,49,0,0,1759727996972,"N"
264507,68,32,0,0,1759824044972,"D"
264507,70,33,0,0,1759928047972,"F"
264507,72,35,0,0,1760024197872,"H"
264507,66,48,0,0,1760127956972,"B"
264507,85,22,0,0,1760224159772,"U"
264507,82,19,0,0,1760328092072,"R"
264507,71,34,0,0,1760424026872,"G"
264507,69,18,0,0,1760528819872,"E"
264507,78,49,0,0,1760624054772,"N"
264507,76,38,0,0,1760720002672,"L"
264507,65,30,0,0,1760824037372,"A"
264507,78,49,0,0,1760928068772,"N"
264507,68,32,0,0,1761024029672,"D"
264507,70,33,0,0,1761127999272,"F"
264507,72,35,0,0,1761224230872,"H"
264507,66,48,0,0,1761328949572,"B"
264507,85,22,0,0,1761424046672,"U"
264507,82,19,0,0,1761527992272,"R"
264507,71,34,0,0,1761624095072,"G"
264507,69,18,0,0,1761727793072,"E"
264507,78,49,0,0,1761824728972,"N"
264507,76,38,0,0,1761928044272,"L"
264507,65,30,0,0,1762024075172,"A"
264507,78,49,0,0,1762127923772,"N"
264507,68,32,0,0,1762224022272,"D"
264507,70,33,0,0,1762320069172,"F"
264507,72,35,0,0,1762424085472,"H"
264507,66,48,0,0,1762520007572,"B"
264507,85,22,0,0,1762624001572,"U"
264507,82,19,0,0,1762727855372,"R"
264507,71,34,0,0,1762824118672,"G"
264507,69,18,0,0,1762927716072,"E"
264507,78,49,0,0,1763024071472,"N"
264507,76,38,0,0,1763127834172,"L"
264507,65,30,0,0,1763224079972,"A"
264507,78,49,0,0,1763327739372,"N"
264507,68,32,0,0,1763423843672,"D"
264507,70,33,0,0,1763527881672,"F"
264507,72,35,0,0,1763624111772,"H"
264507,66,48,0,0,1763728083672,"B"
264507,85,22,0,0,1763824033672,"U"
264507,82,19,0,0,1763928097772,"R"
264507,71,34,0,0,1764024089572,"G"
264507,69,18,0,0,1764129004272,"E"
264507,78,49,0,0,1764224178772,"N"
264507,76,38,0,0,1764320152272,"L"
264507,65,30,0,0,1764424133372,"A"
264507,78,49,0,0,1764520082472,"N"
264507,68,32,0,0,1764632106872,"D"
264507,70,33,0,0,1764728189772,"F"
264507,72,35,0,0,1764824075372,"H"
264507,66,48,0,0,1764928026972,"B"
264507,85,22,0,0,1765023761872,"U"
264507,82,19,0,0,1765128079172,"R"
264507,71,34,0,0,1765224228472,"G"
264507,69,18,0,0,1765328064772,"E"
264507,78,49,0,0,1765424091072,"N"
264507,76,38,0,0,1765528061272,"L"
264507,65,30,0,0,1765624180472,"A"
264507,78,49,0,0,1765728233872,"N"
264507,68,32,0,0,1765824103672,"D"
264507,70,33,0,0,1765928122372,"F"
264507,72,35,0,0,1766024047772,"H"
264507,66,48,0,0,1766120136772,"B"
264507,85,22,0,0,1766224227472,"U"
264507,82,19,0,0,1766328117072,"R"
264507,71,34,0,0,1766424100672,"G"
264507,69,18,0,0,1766527911872,"E"
264507,78,49,0,0,1766624134072,"N"
264507,76,38,0,0,1766728074272,"L"
264507,65,30,0,0,1766824219272,"A"
264507,78,49,0,0,1766928120372,"N"
264507,68,32,0,0,1767024133972,"D"
264507,70,33,0,0,1767128202372,"F"
264507,72,35,0,0,1767224174972,"H"
264507,66,48,0,0,1767328111672,"B"
264507,85,22,0,0,1767424138672,"U"
264507,82,19,0,0,1767528104872,"R"
264507,71,34,0,0,1767624095572,"G"
264507,69,18,0,0,1767728116672,"E"
264507,78,49,0,0,1767824198172,"N"
264507,76,38,0,0,1767920111372,"L"
264507,65,30,0,0,1768024105072,"A"
264507,78,49,0,0,1768120163772,"N"
264507,68,32,0,0,1768231788272,"D"
264507,70,33,0,0,1768328134672,"F"
264507,72,35,0,0,1768424077772,"H"
264507,66,48,0,0,1768528188172,"B"
264507,85,22,0,0,1768624196972,"U"
264507,82,19,0,0,1768728185572,"R"
264507,71,34,0,0,1768824249672,"G"
264507,69,18,0,0,1768928064172,"E"
264507,78,49,0,0,1769025110972,"N"
264507,76,38,0,0,1769128141272,"L"
264507,65,30,0,0,1769224169672,"A"
264507,78,49,0,0,1769328134872,"N"
264507,68,32,0,0,1769424118972,"D"
264507,70,33,0,0,1769528036572,"F"
264507,72,35,0,0,1769624200572,"H"
264507,66,48,0,0,1769728875672,"B"
264507,85,22,0,0,1769824164072,"U"
264507,82,19,0,0,1769920148772,"R"
264507,71,34,0,0,1770024160772,"G"
264507,69,18,0,0,1770129000672,"E"
264507,78,49,0,0,1770224843372,"N"
264507,76,38,0,0,1770328288172,"L"
264507,65,30,0,0,1770424209172,"A"
264507,78,49,0,0,1770528215072,"N"
264507,68,32,0,0,1770624154572,"D"
264507,70,33,0,0,1770728160072,"F"
264507,72,35,0,0,1770824119472,"H"
264507,66,48,0,0,1770928171172,"B"
264507,85,22,0,0,1771024164972,"U"
264507,82,19,0,0,1771128170372,"R"
264507,71,34,0,0,1771224087572,"G"
264507,69,18,0,0,1771328138872,"E"
264507,78,49,0,0,1771424163572,"N"
264507,76,38,0,0,1771520177772,"L"
264507,65,30,0,0,1771624173872,"A"
264507,78,49,0,0,1771720103872,"N"
264507,68,32,0,0,1771832172772,"D"
264507,70,33,0,0,1771920118972,"F"
264507,72,35,0,0,1772024147772,"H"
264507,66,48,0,0,1772128314972,"B"
264507,85,22,0,0,1772224159972,"U"
264507,82,19,0,0,1772328159372,"R"
264507,71,34,0,0,1772424166872,"G"
264507,69,18,0,0,1772528319872,"E"
264507,78,49,0,0,1772632139372,"N"
264507,76,38,0,0,1772728193072,"L"
264507,65,30,0,0,1772824189472,"A"
264507,78,49,0,0,1772928174772,"N"
264507,68,32,0,0,1773024125172,"D"
264507,70,33,0,0,1773128178072,"F"
264507,72,35,0,0,1773224197072,"H"
264507,66,48,0,0,1773328188072,"B"
264507,85,22,0,0,1773424184672,"U"
264507,82,19,0,0,1773528187472,"R"
264507,71,34,0,0,1773632196872,"G"
264507,69,18,0,0,1773728187872,"E"
264507,78,49,0,0,1773825130472,"N"
264507,76,38,0,0,1773920130872,"L"
264507,65,30,0,0,1774024364472,"A"
264507,78,49,0,0,1774128109672,"N"
264507,68,32,0,0,1774224176472,"D"
264507,70,33,0,0,1774328187072,"F"
264507,72,35,0,0,1774424197972,"H"
264507,66,48,0,0,1774528191772,"B"
264507,85,22,0,0,1774623917172,"U"
264507,82,19,0,0,1774728034172,"R"
264507,71,34,0,0,1774824256172,"G"
264507,69,18,0,0,1774928224372,"E"
264507,78,49,0,0,1775025229172,"N"
264507,76,38,0,0,1775128223672,"L"
264507,65,30,0,0,1775224338072,"A"
264507,78,49,0,0,1775328083072,"N"
264507,68,32,0,0,1775424204772,"D"
264507,70,33,0,0,1775528266572,"F"
264507,72,35,0,0,1775624198072,"H"
264507,66,48,0,0,1775719899772,"B"
264507,85,22,0,0,1775824156572,"U"
264507,82,19,0,0,1775919895672,"R"
264507,71,34,0,0,1776024104072,"G"
264507,69,18,0,0,1776127945472,"E"
264507,78,49,0,0,1776225023372,"N"
264507,76,38,0,0,1776328291872,"L"
264507,65,30,0,0,1776424223172,"A"
264507,78,49,0,0,1776528220872,"N"
264507,68,32,0,0,1776624060672,"D"
264507,70,33,0,0,1776728373472,"F"
264507,72,35,0,0,1776824055372,"H"
264507,66,48,0,0,1776928337972,"B"
264507,85,22,0,0,1777024235272,"U"
264507,82,19,0,0,1777128212872,"R"
264507,71,34,0,0,1777224356072,"G"
264507,69,18,0,0,1777328251372,"E"
264507,78,49,0,0,1777425174272,"N"
264507,76,38,0,0,1777519946872,"L"
264507,65,30,0,0,1777624150672,"A"
264507,78,49,0,0,1777719923172,"N"
264507,68,32,0,0,1777832183672,"D"
264507,70,33,0,0,1777927859372,"F"
264507,72,35,0,0,1778024096172,"H"
264507,66,48,0,0,1778128181772,"B"
264507,85,22,0,0,1778224273172,"U"
264507,82,19,0,0,1778328387172,"R"
264507,71,34,0,0,1778424025272,"G"
264507,69,18,0,0,1778528280372,"E"
264507,78,49,0,0,1778624199872,"N"
264507,76,38,0,0,1778728252472,"L"
264507,65,30,0,0,1778824278172,"A"
264507,78,49,0,0,1778928247872,"N"
264507,68,32,0,0,1779024188772,"D"
264507,70,33,0,0,1779128201172,"F"
264507,72,35,0,0,1779224227472,"H"
264507,66,48,0,0,1779329067272,"B"
264507,85,22,0,0,1779424183272,"U"
264507,82,19,0,0,1779520366972,"R"
264507,71,34,0,0,1779624355172,"G"
264507,69,18,0,0,1779728165272,"E"
264507,78,49,0,0,1779825071772,"N"
264507,76,38,0,0,1779928258972,"L"
264507,65,30,0,0,1780024195872,"A"
264507,78,49,0,0,1780128244372,"N"
264507,68,32,0,0,1780224219972,"D"
264507,70,33,0,0,1780328178772,"F"
264507,72,35,0,0,1780424061672,"H"
264507,66,48,0,0,1780528240972,"B"
264507,85,22,0,0,1780623957872,"U"
264507,82,19,0,0,1780728137372,"R"
264507,71,34,0,0,1780824110872,"G"
264507,69,18,0,0,1780928224372,"E"
264507,78,49,0,0,1781024673972,"N"
264507,76,38,0,0,1781128408572,"L"
264507,65,30,0,0,1781223880972,"A"
264507,78,49,0,0,1781328251572,"N"
264507,68,32,0,0,1781423924172,"D"
264507,70,33,0,0,1781520221572,"F"
264507,72,35,0,0,1781623976872,"H"
264507,66,48,0,0,1781720200672,"B"
264507,85,22,0,0,1781823966772,"U"
264507,82,19,0,0,1781928226972,"R"
264507,71,34,0,0,1782024040972,"G"
264507,69,18,0,0,1782128268072,"E"
264507,78,49,0,0,1782224988872,"N"
264507,76,38,0,0,1782328222572,"L"
264507,65,30,0,0,1782424365772,"A"
264507,78,49,0,0,1782528255972,"N"
264507,68,32,0,0,1782624305272,"D"
264507,70,33,0,0,1782728172172,"F"
264507,72,35,0,0,1782824290472,"H"
264507,66,48,0,0,1782929105372,"B"
264507,85,22,0,0,1783024071472,"U"
264507,82,19,0,0,1783128291572,"R"
264507,71,34,0,0,1783224286572,"G"
264507,69,18,0,0,1783328294672,"E"
264507,78,49,0,0,1783424285772,"N"
264507,76,38,0,0,1783520249072,"L"
264507,65,30,0,0,1783624294772,"A"
264507,78,49,0,0,1783720391272,"N"
264507,68,32,0,0,1783832255072,"D"
264507,70,33,0,0,1783928228672,"F"
264507,72,35,0,0,1784024289372,"H"
264507,66,48,0,0,1784128381372,"B"
264507,85,22,0,0,1784224241672,"U"
264507,82,19,0,0,1784328432472,"R"
264507,71,34,0,0,1784424402172,"G"
264507,69,18,0,0,1784527999872,"E"
264507,78,49,0,0,1784624189572,"N"
264507,76,38,0,0,1784728378072,"L"
264507,65,30,0,0,1784824281172,"A"
264507,78,49,0,0,1784928271072,"N"
264507,68,32,0,0,1785024233872,"D"
264507,70,33,0,0,1785128146272,"F"
264507,72,35,0,0,1785224246672,"H"
264507,66,48,0,0,1785328184872,"B"
264507,85,22,0,0,1785424018972,"U"
264507,82,19,0,0,1785520410572,"R"
264507,71,34,0,0,1785624504072,"G"
264507,69,18,0,0,1785728010372,"E"
264507,78,49,0,0,1785824384972,"N"
264507,76,38,0,0,1785928187072,"L"
264507,65,30,0,0,1786024217772,"A"
264507,78,49,0,0,1786128166472,"N"
264507,68,32,0,0,1786224260872,"D"
264507,70,33,0,0,1786328192972,"F"
264507,72,35,0,0,1786424232572,"H"
264507,66,48,0,0,1786528013472,"B"
264507,85,22,0,0,1786624223672,"U"
264507,82,19,0,0,1786727985672,"R"
264507,71,34,0,0,1786824336372,"G"
264507,69,18,0,0,1786928239772,"E"
264507,78,49,0,0,1787032338672,"N"
264507,76,38,0,0,1787120241572,"L"
264507,65,30,0,0,1787224286272,"A"
264507,78,49,0,0,1787320375772,"N"
264507,68,32,0,0,1787432271472,"D"
264507,70,33,0,0,1787520252072,"F"
264507,72,35,0,0,1787624068072,"H"
264507,66,48,0,0,1787728128372,"B"
264507,85,22,0,0,1787824440272,"U"
264507,82,19,0,0,1787928207572,"R"
264507,71,34,0,0,1788024280972,"G"
264507,69,18,0,0,1788128159972,"E"
264507,78,49,0,0,1788225171372,"N"
264507,76,38,0,0,1788328217672,"L"
264507,65,30,0,0,1788424261272,"A"
264507,78,49,0,0,1788528031772,"N"
264507,68,32,0,0,1788624340272,"D"
264507,70,33,0,0,1788728276172,"F"
264507,72,35,0,0,1788824040472,"H"
264507,66,48,0,0,1788928440972,"B"
264507,85,22,0,0,1789024287172,"U"
264507,82,19,0,0,1789128264472,"R"
264507,71,34,0,0,1789232428072,"G"
264507,69,18,0,0,1789328101072,"E"
264507,78,49,0,0,1789424294772,"N"
264507,76,38,0,0,1789520340072,"L"
264507,65,30,0,0,1789624365372,"A"
264507,78,49,0,0,1789728324272,"N"
264507,68,32,0,0,1789832092272,"D"
264507,70,33,0,0,1789928265872,"F"
264507,72,35,0,0,1790024504272,"H"
264507,66,48,0,0,1790128376472,"B"
264507,85,22,0,0,1790224322972,"U"
264507,82,19,0,0,1790328386972,"R"
264507,71,34,0,0,1790424289572,"G"
264507,69,18,0,0,1790528305972,"E"
264507,78,49,0,0,1790625521172,"N"
264507,76,38,0,0,1790728244972,"L"
264507,65,30,0,0,1790824424372,"A"
264507,78,49,0,0,1790928355572,"N"
264507,68,32,0,0,1791024271472,"D"
264507,70,33,0,0,1791128439372,"F"
264507,72,35,0,0,1791224327872,"H"
264507,66,48,0,0,1791320365772,"B"
264507,85,22,0,0,1791424328272,"U"
264507,82,19,0,0,1791527979972,"R"
264507,71,34,0,0,1791624301372,"G"
264507,69,18,0,0,1791728274472,"E"
264507,78,49,0,0,1791825069172,"N"
264507,76,38,0,0,1791928488172,"L"
264507,65,30,0,0,1792024319572,"A"
264507,78,49,0,0,1792128340772,"N"
264507,68,32,0,0,1792224315672,"D"
264507,70,33,0,0,1792328356772,"F"
264507,72,35,0,0,1792424365672,"H"
264507,66,48,0,0,1792528323772,"B"
264507,85,22,0,0,1792624446172,"U"
264507,82,19,0,0,1792728324572,"R"
264507,71,34,0,0,1792824305572,"G"
264507,69,18,0,0,1792927995372,"E"
264507,78,49,0,0,1793025356572,"N"
264507,76,38,0,0,1793120372172,"L"
264507,65,30,0,0,1793224489372,"A"
264507,78,49,0,0,1793320340472,"N"
264507,68,32,0,0,1793432072972,"D"
264507,70,33,0,0,1793528038272,"F"
264507,72,35,0,0,1793624304972,"H"
264507,66,48,0,0,1793728299972,"B"
264507,85,22,0,0,1793824329272,"U"
264507,82,19,0,0,1793928351972,"R"
264507,71,34,0,0,1794024434372,"G"
264507,69,18,0,0,1794128318172,"E"
264507,78,49,0,0,1794224332972,"N"
264507,76,38,0,0,1794328363472,"L"
264507,65,30,0,0,1794424336272,"A"
264507,78,49,0,0,1794528375272,"N"
264507,68,32,0,0,1794624308372,"D"
264507,70,33,0,0,1794728051472,"F"
264507,72,35,0,0,1794824433472,"H"
264507,66,48,0,0,1794928156972,"B"
264507,85,22,0,0,1795024365172,"U"
264507,82,19,0,0,1795120144772,"R"
264507,71,34,0,0,1795224401572,"G"
264507,69,18,0,0,1795328359172,"E"
264507,78,49,0,0,1795425291072,"N"
264507,76,38,0,0,1795528361572,"L"
264507,65,30,0,0,1795624364572,"A"
264507,78,49,0,0,1795728330272,"N"
264507,68,32,0,0,1795824352272,"D"
264507,70,33,0,0,1795928548772,"F"
264507,72,35,0,0,1796024363472,"H"
264507,66,48,0,0,1796128099572,"B"
264507,85,22,0,0,1796224319872,"U"
264507,82,19,0,0,1796328315472,"R"
264507,71,34,0,0,1796424414872,"G"
264507,69,18,0,0,1796528371472,"E"
264507,78,49,0,0,1796624057072,"N"
264507,76,38,0,0,1796728699572,"L"
264507,65,30,0,0,1796824411672,"A"
264507,78,49,0,0,1796928371372,"N"
264507,68,32,0,0,1797032379172,"D"
264507,70,33,0,0,1797120340972,"F"
264507,72,35,0,0,1797224315472,"H"
264507,66,48,0,0,1797328328472,"B"
264507,85,22,0,0,1797424421572,"U"
264507,82,19,0,0,1797528298972,"R"
264507,71,34,0,0,1797624469272,"G"
264507,69,18,0,0,1797728366272,"E"
264507,78,49,0,0,1797825039272,"N"
264507,76,38,0,0,1797928417072,"L"
264507,65,30,0,0,1798024523272,"A"
264507,78,49,0,0,1798128359972,"N"
264507,68,32,0,0,1798224445072,"D"
264507,70,33,0,0,1798328363472,"F"
264507,72,35,0,0,1798424536872,"H"
264507,66,48,0,0,1798528514172,"B"
264507,85,22,0,0,1798624386372,"U"
264507,82,19,0,0,1798728343772,"R"
264507,71,34,0,0,1798824395672,"G"
264507,69,18,0,0,1798929446772,"E"
264507,78,49,0,0,1799024931272,"N"
264507,76,38,0,0,1799120084772,"L"
264507,65,30,0,0,1799224308072,"A"
264507,78,49,0,0,1799328342372,"N"
264507,68,32,0,0,1799432563372,"D"
264507,70,33,0,0,1799528314672,"F"
264507,72,35,0,0,1799624396172,"H"
264507,66,48,0,0,1799728368372,"B"
264507,85,22,0,0,1799824333272,"U"
264507,82,19,0,0,1799928467372,"R"
264507,71,34,0,0,1800024434972,"G"
264507,69,18,0,0,1800128378272,"E"
264507,78,49,0,0,1800232373472,"N"
264507,76,38,0,0,1800328561972,"L"
264507,65,30,0,0,1800424387572,"A"
264507,78,49,0,0,1800528398072,"N"
264507,68,32,0,0,1800624515272,"D"
264507,70,33,0,0,1800728382272,"F"
264507,72,35,0,0,1800832409372,"H"
264507,66,48,0,0,1800928400072,"B"
264507,85,22,0,0,1801024400372,"U"
264507,82,19,0,0,1801120423972,"R"
264507,71,34,0,0,1801224340272,"G"
264507,69,18,0,0,1801328447472,"E"
264507,78,49,0,0,1801424374672,"N"
264507,76,38,0,0,1801528457772,"L"
264507,65,30,0,0,1801624413072,"A"
264507,78,49,0,0,1801728085372,"N"
264507,68,32,0,0,1801824461672,"D"
264507,70,33,0,0,1801928403872,"F"
264507,72,35,0,0,1802024425872,"H"
264507,66,48,0,0,1802128303172,"B"
264507,85,22,0,0,1802224218772,"U"
264507,82,19,0,0,1802328436972,"R"
264507,71,34,0,0,1802424474272,"G"
264507,69,18,0,0,1802528407972,"E"
264507,78,49,0,0,1802625409772,"N"
264507,76,38,0,0,1802720357472,"L"
264507,65,30,0,0,1802824438672,"A"
264507,78,49,0,0,1802920366272,"N"
264507,68,32,0,0,1803032365772,"D"
264507,70,33,0,0,1803120420672,"F"
264507,72,35,0,0,1803224462572,"H"
264507,66,48,0,0,1803328304272,"B"
264507,85,22,0,0,1803424379872,"U"
264507,82,19,0,0,1803528446172,"R"
264507,71,34,0,0,1803624416572,"G"
264507,69,18,0,0,1803728171172,"E"
264507,78,49,0,0,1803824364772,"N"
264507,76,38,0,0,1803928470072,"L"
264507,65,30,0,0,1804024418272,"A"
264507,78,49,0,0,1804128439972,"N"
264507,68,32,0,0,1804224354972,"D"
264507,70,33,0,0,1804328247972,"F"
264507,72,35,0,0,1804424455972,"H"
264507,66,48,0,0,1804528548672,"B"
264507,85,22,0,0,1804624440772,"U"
264507,82,19,0,0,1804728205872,"R"
264507,71,34,0,0,1804832364072,"G"
264507,69,18,0,0,1804928439072,"E"
264507,78,49,0,0,1805024875472,"N"
264507,76,38,0,0,1805120372772,"L"
264507,65,30,0,0,1805224191572,"A"
264507,78,49,0,0,1805328365372,"N"
264507,68,32,0,0,1805432412372,"D"
264507,70,33,0,0,1805528451972,"F"
264507,72,35,0,0,1805624175572,"H"
264507,66,48,0,0,1805728563772,"B"
264507,85,22,0,0,1805824169772,"U"
264507,82,19,0,0,1805928503672,"R"
264507,71,34,0,0,1806024153572,"G"
264507,69,18,0,0,1806128465572,"E"
264507,78,49,0,0,1806225011072,"N"
264507,76,38,0,0,1806328414472,"L"
264507,65,30,0,0,1806424432972,"A"
264507,78,49,0,0,1806528481372,"N"
264507,68,32,0,0,1806624503572,"D"
264507,70,33,0,0,1806728555672,"F"
264507,72,35,0,0,1806832412872,"H"
264507,66,48,0,0,1806928592872,"B"
264507,85,22,0,0,1807024497572,"U"
264507,82,19,0,0,1807120431772,"R"
264507,71,34,0,0,1807224524172,"G"
264507,69,18,0,0,1807328459672,"E"
264507,78,49,0,0,1807424550672,"N"
264507,76,38,0,0,1807528584472,"L"
264507,65,30,0,0,1807624438172,"A"
264507,78,49,0,0,1807728514972,"N"
264507,68,32,0,0,1807824401672,"D"
264507,70,33,0,0,1807928222072,"F"
264507,72,35,0,0,1808024443972,"H"
264507,66,48,0,0,1808128439272,"B"
264507,85,22,0,0,1808224446472,"U"
264507,82,19,0,0,1808328227772,"R"
264507,71,34,0,0,1808424212372,"G"
264507,69,18,0,0,1808528509172,"E"
264507,78,49,0,0,1808625306272,"N"
264507,76,38,0,0,1808720477072,"L"
264507,65,30,0,0,1808824614672,"A"
264507,78,49,0,0,1808920511472,"N"
264507,68,32,0,0,1809032460672,"D"
264507,70,33,0,0,1809120460972,"F"
264507,72,35,0,0,1809224513372,"H"
264507,66,48,0,0,1809328413572,"B"
264507,85,22,0,0,1809424470072,"U"
264507,82,19,0,0,1809528416072,"R"
264507,71,34,0,0,1809624462972,"G"
264507,69,18,0,0,1809728453972,"E"
264507,78,49,0,0,1809824560172,"N"
264507,76,38,0,0,1809928456172,"L"
264507,65,30,0,0,1810024498572,"A"
264507,78,49,0,0,1810128428772,"N"
264507,68,32,0,0,1810224496272,"D"
264507,70,33,0,0,1810328422872,"F"
264507,72,35,0,0,1810424376872,"H"
264507,66,48,0,0,1810529371472,"B"
264507,85,22,0,0,1810624468472,"U"
264507,82,19,0,0,1810728196872,"R"
264507,71,34,0,0,1810824480872,"G"
264507,69,18,0,0,1810928262572,"E"
264507,78,49,0,0,1811024468272,"N"
264507,76,38,0,0,1811120564772,"L"
264507,65,30,0,0,1811224499472,"A"
264507,78,49,0,0,1811328257072,"N"
264507,68,32,0,0,1811432615472,"D"
264507,70,33,0,0,1811528235672,"F"
264507,72,35,0,0,1811624240172,"H"
264507,66,48,0,0,1811728271872,"B"
264507,85,22,0,0,1811824470372,"U"
264507,82,19,0,0,1811928240172,"R"
264507,71,34,0,0,1812024473272,"G"
264507,69,18,0,0,1812128286172,"E"
264507,78,49,0,0,1812225340972,"N"
264507,76,38,0,0,1812328496372,"L"
264507,65,30,0,0,1812424454172,"A"
264507,78,49,0,0,1812528490472,"N"
264507,68,32,0,0,1812624172772,"D"
264507,70,33,0,0,1812728579572,"F"
264507,72,35,0,0,1812824490072,"H"
264507,66,48,0,0,1812928514972,"B"
264507,85,22,0,0,1813024506772,"U"
264507,82,19,0,0,1813120563172,"R"
264507,71,34,0,0,1813224240172,"G"
264507,69,18,0,0,1813328598772,"E"
264507,78,49,0,0,1813424276572,"N"
264507,76,38,0,0,1813528488972,"L"
264507,65,30,0,0,1813624495272,"A"
264507,78,49,0,0,1813728570672,"N"
264507,68,32,0,0,1813824483872,"D"
264507,70,33,0,0,1813928456672,"F"
264507,72,35,0,0,1814024498472,"H"
264507,66,48,0,0,1814128452972,"B"
264507,85,22,0,0,1814224539572,"U"
264507,82,19,0,0,1814328488272,"R"
264507,71,34,0,0,1814424527372,"G"
264507,69,18,0,0,1814528221872,"E"
264507,78,49,0,0,1814625468972,"N"
264507,76,38,0,0,1814728559472,"L"
264507,65,30,0,0,1814824212072,"A"
264507,78,49,0,0,1814928497672,"N"
264507,68,32,0,0,1815032617672,"D"
264507,70,33,0,0,1815128561872,"F"
264507,72,35,0,0,1815224326772,"H"
264507,66,48,0,0,1815320564472,"B"
264507,85,22,0,0,1815424593172,"U"
264507,82,19,0,0,1815528293072,"R"
264507,71,34,0,0,1815624493972,"G"
264507,69,18,0,0,1815728371372,"E"
264507,78,49,0,0,1815825327972,"N"
264507,76,38,0,0,1815928527972,"L"
264507,65,30,0,0,1816024630572,"A"
264507,78,49,0,0,1816128303172,"N"
264507,68,32,0,0,1816224230772,"D"
264507,70,33,0,0,1816328553772,"F"
264507,72,35,0,0,1816424544872,"H"
264507,66,48,0,0,1816529326672,"B"
264507,85,22,0,0,1816624437472,"U"
264507,82,19,0,0,1816728539472,"R"
264507,71,34,0,0,1816824647972,"G"
264507,69,18,0,0,1816928730072,"E"
264507,78,49,0,0,1817024647072,"N"
264507,76,38,0,0,1817120580372,"L"
264507,65,30,0,0,1817224254472,"A"
264507,78,49,0,0,1817320588972,"N"
264507,68,32,0,0,1817432266472,"D"
264507,70,33,0,0,1817528559172,"F"
264507,72,35,0,0,1817624527272,"H"
264507,66,48,0,0,1817728516372,"B"
264507,85,22,0,0,1817824522772,"U"
264507,82,19,0,0,1817928581872,"R"
264507,71,34,0,0,1818024286772,"G"
264507,69,18,0,0,1818128484572,"E"
264507,78,49,0,0,1818224529372,"N"
264507,76,38,0,0,1818328542572,"L"
264507,65,30,0,0,1818424575972,"A"
264507,78,49,0,0,1818528509372,"N"
264507,68,32,0,0,1818624537472,"D"
264507,70,33,0,0,1818728588072,"F"
264507,72,35,0,0,1818824562772,"H"
264507,66,48,0,0,1818928676872,"B"
264507,85,22,0,0,1819024498272,"U"
264507,82,19,0,0,1819128640972,"R"
264507,71,34,0,0,1819232549472,"G"
264507,69,18,0,0,1819328270172,"E"
264507,78,49,0,0,1819424518772,"N"
264507,76,38,0,0,1819528540572,"L"
264507,65,30,0,0,1819624537272,"A"
264507,78,49,0,0,1819728653072,"N"
264507,68,32,0,0,1819832524072,"D"
264507,70,33,0,0,1819928575072,"F"
264507,72,35,0,0,1820024732772,"H"
264507,66,48,0,0,1820128564972,"B"
264507,85,22,0,0,1820224574872,"U"
264507,82,19,0,0,1820328559772,"R"
264507,71,34,0,0,1820424536872,"G"
264507,69,18,0,0,1820528624472,"E"
264507,78,49,0,0,1820625617472,"N"
264507,76,38,0,0,1820728674072,"L"
264507,65,30,0,0,1820824530472,"A"
264507,78,49,0,0,1820928654272,"N"
264507,68,32,0,0,1821024361672,"D"
264507,70,33,0,0,1821128552472,"F"
264507,72,35,0,0,1821224251772,"H"
264507,66,48,0,0,1821329454672,"B"
264507,85,22,0,0,1821424510772,"U"
264507,82,19,0,0,1821520303172,"R"
264507,71,34,0,0,1821624532572,"G"
264507,69,18,0,0,1821729490672,"E"
264507,78,49,0,0,1821825511672,"N"
264507,76,38,0,0,1821928622172,"L"
264507,65,30,0,0,1822024607372,"A"
264507,78,49,0,0,1822128496472,"N"
264507,68,32,0,0,1822224274272,"D"
264507,70,33,0,0,1822328544672,"F"
264507,72,35,0,0,1822424714072,"H"
264507,66,48,0,0,1822528592972,"B"
264507,85,22,0,0,1822624562572,"U"
264507,82,19,0,0,1822728574572,"R"
264507,71,34,0,0,1822824594572,"G"
264507,69,18,0,0,1822928258272,"E"
264507,78,49,0,0,1823024495372,"N"
264507,76,38,0,0,1823128713972,"L"
264507,65,30,0,0,1823224573672,"A"
264507,78,49,0,0,1823328621672,"N"
264507,68,32,0,0,1823432520072,"D"
264507,70,33,0,0,1823528591672,"F"
264507,72,35,0,0,1823624296072,"H"
264507,66,48,0,0,1823729324472,"B"
264507,85,22,0,0,1823824607072,"U"
264507,82,19,0,0,1823928631572,"R"
264507,71,34,0,0,1824024572672,"G"
264507,69,18,0,0,1824128631672,"E"
264507,78,49,0,0,1824225646672,"N"
264507,76,38,0,0,1824328618872,"L"
264507,65,30,0,0,1824424623572,"A"
264507,78,49,0,0,1824528590072,"N"
264507,68,32,0,0,1824624637772,"D"
264507,70,33,0,0,1824728576372,"F"
264507,72,35,0,0,1824824519072,"H"
264507,66,48,0,0,1824928604772,"B"
264507,85,22,0,0,1825024593572,"U"
264507,82,19,0,0,1825128649272,"R"
264507,71,34,0,0,1825224595172,"G"
264507,69,18,0,0,1825328604572,"E"
264507,78,49,0,0,1825424760772,"N"
264507,76,38,0,0,1825528595372,"L"
264507,65,30,0,0,1825624675472,"A"
264507,78,49,0,0,1825728480472,"N"
264507,68,32,0,0,1825832560372,"D"
264507,70,33,0,0,1825920624872,"F"
264507,72,35,0,0,1826024636872,"H"
264507,66,48,0,0,1826128319472,"B"
264507,85,22,0,0,1826224622272,"U"
264507,82,19,0,0,1826328640372,"R"
264507,71,34,0,0,1826424623972,"G"
264507,69,18,0,0,1826529800072,"E"
264507,78,49,0,0,1826625378672,"N"
264507,76,38,0,0,1826728579072,"L"
264507,65,30,0,0,1826824590972,"A"
264507,78,49,0,0,1826928608772,"N"
264507,68,32,0,0,1827024579572,"D"
264507,70,33,0,0,1827128581072,"F"
264507,72,35,0,0,1827224603472,"H"
264507,66,48,0,0,1827328653472,"B"
264507,85,22,0,0,1827424572172,"U"
264507,82,19,0,0,1827528621172,"R"
264507,71,34,0,0,1827624721772,"G"
264507,69,18,0,0,1827728574772,"E"
264507,78,49,0,0,1827825473872,"N"
264507,76,38,0,0,1827920570372,"L"
264507,65,30,0,0,1828024621072,"A"
264507,78,49,0,0,1828120614172,"N"
264507,68,32,0,0,1828232759472,"D"
264507,70,33,0,0,1828328651272,"F"
264507,72,35,0,0,1828424642372,"H"
264507,66,48,0,0,1828528631472,"B"
264507,85,22,0,0,1828624605172,"U"
264507,82,19,0,0,1828728567972,"R"
264507,71,34,0,0,1828824646072,"G"
264507,69,18,0,0,1828928574772,"E"
264507,78,49,0,0,1829025121072,"N"
264507,76,38,0,0,1829128632272,"L"
264507,65,30,0,0,1829224558272,"A"
264507,78,49,0,0,1829328656872,"N"
264507,68,32,0,0,1829424362672,"D"
264507,70,33,0,0,1829528639972,"F"
264507,72,35,0,0,1829624471772,"H"
264507,66,48,0,0,1829728720272,"B"
264507,85,22,0,0,1829824375672,"U"
264507,82,19,0,0,1829928566272,"R"
264507,71,34,0,0,1830032501472,"G"
264507,69,18,0,0,1830128548172,"E"
264507,78,49,0,0,1830224369172,"N"
264507,76,38,0,0,1830320679072,"L"
264507,65,30,0,0,1830424458472,"A"
264507,78,49,0,0,1830528675372,"N"
264507,68,32,0,0,1830632653772,"D"
264507,70,33,0,0,1830728495372,"F"
264507,72,35,0,0,1830824652372,"H"
264507,66,48,0,0,1830928654972,"B"
264507,85,22,0,0,1831024770272,"U"
264507,82,19,0,0,1831128694172,"R"
264507,71,34,0,0,1831224753072,"G"
264507,69,18,0,0,1831328579372,"E"
264507,78,49,0,0,1831425314572,"N"
264507,76,38,0,0,1831528722472,"L"
264507,65,30,0,0,1831624693772,"A"
264507,78,49,0,0,1831729362972,"N"
264507,68,32,0,0,1831824570372,"D"
264507,70,33,0,0,1831928715572,"F"
264507,72,35,0,0,1832024740272,"H"
264507,66,48,0,0,1832128682372,"B"
264507,85,22,0,0,1832232666472,"U"
264507,82,19,0,0,1832328677372,"R"
264507,71,34,0,0,1832432669172,"G"
264507,69,18,0,0,1832528671772,"E"
264507,78,49,0,0,1832624677272,"N"
264507,76,38,0,0,1832728565772,"L"
264507,65,30,0,0,1832824690672,"A"
264507,78,49,0,0,1832928562772,"N"
264507,68,32,0,0,1833032627372,"D"
264507,70,33,0,0,1833128612172,"F"
264507,72,35,0,0,1833224643672,"H"
264507,66,48,0,0,1833328727972,"B"
264507,85,22,0,0,1833424651272,"U"
264507,82,19,0,0,1833528665572,"R"
264507,71,34,0,0,1833624692072,"G"
264507,69,18,0,0,1833728504472,"E"
264507,78,49,0,0,1833825683772,"N"
264507,76,38,0,0,1833928668472,"L"
264507,65,30,0,0,1834024643772,"A"
264507,78,49,0,0,1834128675172,"N"
264507,68,32,0,0,1834224680272,"D"
264507,70,33,0,0,1834328658272,"F"
264507,72,35,0,0,1834432734072,"H"
264507,66,48,0,0,1834528628972,"B"
264507,85,22,0,0,1834624688772,"U"
264507,82,19,0,0,1834728424172,"R"
264507,71,34,0,0,1834824683472,"G"
264507,69,18,0,0,1834928664672,"E"
264507,78,49,0,0,1835024341872,"N"
264507,76,38,0,0,1835128451272,"L"
264507,65,30,0,0,1835224685272,"A"
264507,78,49,0,0,1835328447472,"N"
264507,68,32,0,0,1835424626272,"D"
264507,70,33,0,0,1835528457572,"F"
264507,72,35,0,0,1835624747172,"H"
264507,66,48,0,0,1835728464072,"B"
264507,85,22,0,0,1835824583672,"U"
264507,82,19,0,0,1835928456772,"R"
264507,71,34,0,0,1836024856072,"G"
264507,69,18,0,0,1836129404872,"E"
264507,78,49,0,0,1836232554672,"N"
264507,76,38,0,0,1836328543572,"L"
264507,65,30,0,0,1836424708472,"A"
264507,78,49,0,0,1836528504372,"N"
264507,68,32,0,0,1836632583872,"D"
264507,70,33,0,0,1836728696172,"F"
264507,72,35,0,0,1836824857172,"H"
264507,66,48,0,0,1836928741072,"B"
264507,85,22,0,0,1837024539072,"U"
264507,82,19,0,0,1837128804472,"R"
264507,71,34,0,0,1837224802972,"G"
264507,69,18,0,0,1837328741872,"E"
264507,78,49,0,0,1837425499372,"N"
264507,76,38,0,0,1837528814372,"L"
264507,65,30,0,0,1837624738972,"A"
264507,78,49,0,0,1837728668172,"N"
264507,68,32,0,0,1837824730572,"D"
264507,70,33,0,0,1837928353472,"F"
264507,72,35,0,0,1838024783072,"H"
264507,66,48,0,0,1838128731772,"B"
264507,85,22,0,0,1838224831572,"U"
264507,82,19,0,0,1838328648272,"R"
264507,71,34,0,0,1838424803272,"G"
264507,69,18,0,0,1838528668072,"E"
264507,78,49,0,0,1838626013972,"N"
264507,76,38,0,0,1838721162672,"L"
264507,65,30,0,0,1838824690772,"A"
264507,78,49,0,0,1838920693972,"N"
264507,68,32,0,0,1839032763972,"D"
264507,70,33,0,0,1839128726472,"F"
264507,72,35,0,0,1839224761072,"H"
264507,66,48,0,0,1839328773572,"B"
264507,85,22,0,0,1839424463472,"U"
264507,82,19,0,0,1839528664072,"R"
264507,71,34,0,0,1839624755072,"G"
264507,69,18,0,0,1839728731672,"E"
264507,78,49,0,0,1839825476872,"N"
264507,76,38,0,0,1839928594072,"L"
264507,65,30,0,0,1840024748172,"A"
264507,78,49,0,0,1840128708972,"N"
264507,68,32,0,0,1840224774572,"D"
264507,70,33,0,0,1840328701972,"F"
264507,72,35,0,0,1840424840772,"H"
264507,66,48,0,0,1840528729472,"B"
264507,85,22,0,0,1840624700672,"U"
264507,82,19,0,0,1840728484772,"R"
264507,71,34,0,0,1840824680772,"G"
264507,69,18,0,0,1840928660772,"E"
264507,78,49,0,0,1841032485472,"N"
264507,76,38,0,0,1841120566272,"L"
264507,65,30,0,0,1841224734472,"A"
264507,78,49,0,0,1841320758972,"N"
264507,68,32,0,0,1841432526572,"D"
264507,70,33,0,0,1841528759272,"F"
264507,72,35,0,0,1841624764372,"H"
264507,66,48,0,0,1841728766572,"B"
264507,85,22,0,0,1841824739372,"U"
264507,82,19,0,0,1841928756272,"R"
264507,71,34,0,0,1842024680072,"G"
264507,69,18,0,0,1842128780472,"E"
264507,78,49,0,0,1842225913972,"N"
264507,76,38,0,0,1842328761972,"L"
264507,65,30,0,0,1842424729572,"A"
264507,78,49,0,0,1842528705972,"N"
264507,68,32,0,0,1842624816272,"D"
264507,70,33,0,0,1842728800672,"F"
264507,72,35,0,0,1842824674272,"H"
264507,66,48,0,0,1842928797272,"B"
264507,85,22,0,0,1843024720172,"U"
264507,82,19,0,0,1843128731872,"R"
264507,71,34,0,0,1843232803172,"G"
264507,69,18,0,0,1843328499972,"E"
264507,78,49,0,0,1843424788672,"N"
264507,76,38,0,0,1843520717472,"L"
264507,65,30,0,0,1843624707872,"A"
264507,78,49,0,0,1843728713772,"N"
264507,68,32,0,0,1843832763572,"D"
264507,70,33,0,0,1843928699172,"F"
264507,72,35,0,0,1844024950872,"H"
264507,66,48,0,0,1844128692472,"B"
264507,85,22,0,0,1844224931072,"U"
264507,82,19,0,0,1844328799072,"R"
264507,71,34,0,0,1844424730172,"G"
264507,69,18,0,0,1844528687172,"E"
264507,78,49,0,0,1844625659672,"N"
264507,76,38,0,0,54564801,"L"
264507,65,30,0,0,150294101,"A"
264507,78,49,0,0,254415601,"N"
264507,68,32,0,0,350309801,"D"
264507,70,33,0,0,454392801,"F"
264507,72,35,0,0,558091201,"H"
264507,66,48,0,0,654494301,"B"
264507,85,22,0,0,758396801,"U"
264507,82,19,0,0,846339001,"R"
264507,71,34,0,0,950340501,"G"
264507,69,18,0,0,1054383701,"E"
264507,78,49,0,0,1150446801,"N"
264507,76,38,0,0,1254377801,"L"
264507,65,30,0,0,1350373601,"A"
264507,78,49,0,0,1454334601,"N"
264507,68,32,0,0,1550428901,"D"
264507,70,33,0,0,1654539601,"F"
264507,72,35,0,0,1750170701,"H"
264507,66,48,0,0,1854343601,"B"
264507,85,22,0,0,1950340001,"U"
264507,82,19,0,0,2054333701,"R"
264507,71,34,0,0,2150390801,"G"
264507,69,18,0,0,2254398701,"E"
264507,78,49,0,0,2358369101,"N"
264507,76,38,0,0,2454188101,"L"
264507,65,30,0,0,2550540101,"A"
264507,78,49,0,0,2654360901,"N"
264507,68,32,0,0,2758409001,"D"
264507,70,33,0,0,2854334701,"F"
264507,72,35,0,0,2958407501,"H"
264507,66,48,0,0,3054399501,"B"
264507,85,22,0,0,3150552801,"U"
264507,82,19,0,0,3254155601,"R"
264507,71,34,0,0,3350437101,"G"
264507,69,18,0,0,3454422601,"E"
264507,78,49,0,0,3550318801,"N"
264507,76,38,0,0,3654451001,"L"
264507,65,30,0,0,3750534701,"A"
264507,78,49,0,0,3854354301,"N"
264507,68,32,0,0,3950321001,"D"
264507,70,33,0,0,4054741201,"F"
264507,72,35,0,0,4150407801,"H"
264507,66,48,0,0,4254428501,"B"
264507,85,22,0,0,4350382001,"U"
264507,82,19,0,0,4454506701,"R"
264507,71,34,0,0,4550484101,"G"
264507,69,18,0,0,4654385601,"E"
264507,78,49,0,0,4751124001,"N"
264507,76,38,0,0,4854369301,"L"
264507,65,30,0,0,4950440501,"A"
264507,78,49,0,0,5054460601,"N"
264507,68,32,0,0,5158426901,"D"
264507,70,33,0,0,5254343901,"F"
264507,72,35,0,0,5350347501,"H"
264507,66,48,0,0,5454350901,"B"
264507,85,22,0,0,5550418501,"U"
264507,82,19,0,0,5654421001,"R"
264507,71,34,0,0,5750406901,"G"
264507,69,18,0,0,5854351201,"E"
264507,78,49,0,0,5950402801,"N"
264507,76,38,0,0,6054299101,"L"
264507,65,30,0,0,6150291801,"A"
264507,78,49,0,0,6254437001,"N"
264507,68,32,0,0,6350408601,"D"
264507,70,33,0,0,6454395201,"F"
264507,72,35,0,0,6550258601,"H"
264507,66,48,0,0,6654482301,"B"
264507,85,22,0,0,6750450501,"U"
264507,82,19,0,0,6854506501,"R"
264507,71,34,0,0,6950444101,"G"
264507,69,18,0,0,7054416401,"E"
264507,78,49,0,0,7151335001,"N"
264507,76,38,0,0,7254376201,"L"
264507,65,30,0,0,7350240701,"A"
264507,78,49,0,0,7454525901,"N"
264507,68,32,0,0,7558370301,"D"
264507,70,33,0,0,7654360501,"F"
264507,72,35,0,0,7750398501,"H"
264507,66,48,0,0,7854461001,"B"
264507,85,22,0,0,7950402201,"U"
264507,82,19,0,0,8054400101,"R"
264507,71,34,0,0,8150493201,"G"
264507,69,18,0,0,8254072401,"E"
264507,78,49,0,0,8350934101,"N"
264507,76,38,0,0,8454419401,"L"
264507,65,30,0,0,8550164101,"A"
264507,78,49,0,0,8654402901,"N"
264507,68,32,0,0,8750151801,"D"
264507,70,33,0,0,8854418401,"F"
264507,72,35,0,0,8950189901,"H"
264507,66,48,0,0,9054496601,"B"
264507,85,22,0,0,9150407501,"U"
264507,82,19,0,0,9254488001,"R"
264507,71,34,0,0,9350159901,"G"
264507,69,18,0,0,9454478401,"E"
264507,78,49,0,0,9558425801,"N"
264507,76,38,0,0,9646218401,"L"
264507,65,30,0,0,9750158401,"A"
264507,78,49,0,0,9846496801,"N"
264507,68,32,0,0,9958414901,"D"
264507,70,33,0,0,10054495601,"F"
264507,72,35,0,0,10150229101,"H"
264507,66,48,0,0,10254551701,"B"
264507,85,22,0,0,10350444801,"U"
264507,82,19,0,0,10454125901,"R"
264507,71,34,0,0,10550562801,"G"
264507,69,18,0,0,10654465801,"E"
264507,78,49,0,0,10750428601,"N"
264507,76,38,0,0,10854458001,"L"
264507,65,30,0,0,10950533901,"A"
264507,78,49,0,0,11054525801,"N"
264507,68,32,0,0,11150468001,"D"
264507,70,33,0,0,11254466101,"F"
264507,72,35,0,0,11350571401,"H"
264507,66,48,0,0,11454351401,"B"
264507,85,22,0,0,11550372001,"U"
264507,82,19,0,0,11654519801,"R"
264507,71,34,0,0,11758682201,"G"
264507,69,18,0,0,11854463301,"E"
264507,78,49,0,0,11958479601,"N"
264507,76,38,0,0,12046241601,"L"
264507,65,30,0,0,12150705001,"A"
264507,78,49,0,0,12254447301,"N"
264507,68,32,0,0,12358460901,"D"
264507,70,33,0,0,12454464201,"F"
264507,72,35,0,0,12550500301,"H"
264507,66,48,0,0,12654247101,"B"
264507,85,22,0,0,12750441601,"U"
264507,82,19,0,0,12854394001,"R"
264507,71,34,0,0,12950399701,"G"
264507,69,18,0,0,13054412201,"E"
264507,78,49,0,0,13150451901,"N"
264507,76,38,0,0,13254453201,"L"
264507,65,30,0,0,13350491301,"A"
264507,78,49,0,0,13454431101,"N"
264507,68,32,0,0,13550403201,"D"
264507,70,33,0,0,13654448201,"F"
264507,72,35,0,0,13750498001,"H"
264507,66,48,0,0,13854455801,"B"
264507,85,22,0,0,13958505801,"U"
264507,82,19,0,0,14054413901,"R"
264507,71,34,0,0,14158471101,"G"
264507,69,18,0,0,14254586601,"E"
264507,78,49,0,0,14350464501,"N"
264507,76,38,0,0,14454454001,"L"
264507,65,30,0,0,14550479201,"A"
264507,78,49,0,0,14654445301,"N"
264507,68,32,0,0,14758481401,"D"
264507,70,33,0,0,14854500401,"F"
264507,72,35,0,0,14950500501,"H"
264507,66,48,0,0,15054259101,"B"
264507,85,22,0,0,15150499001,"U"
264507,82,19,0,0,15254258801,"R"
264507,71,34,0,0,15350507201,"G"
264507,69,18,0,0,15454464601,"E"
264507,78,49,0,0,15550499501,"N"
264507,76,38,0,0,15654203001,"L"
264507,65,30,0,0,15750532101,"A"
264507,78,49,0,0,15854232301,"N"
264507,68,32,0,0,15950418601,"D"
264507,70,33,0,0,16054500101,"F"
264507,72,35,0,0,16150639201,"H"
264507,66,48,0,0,16254576601,"B"
264507,85,22,0,0,16358488101,"U"
264507,82,19,0,0,16454442401,"R"
264507,71,34,0,0,16558550901,"G"
264507,69,18,0,0,16654644201,"E"
264507,78,49,0,0,16751271801,"N"
264507,76,38,0,0,16854452901,"L"
264507,65,30,0,0,16950482501,"A"
264507,78,49,0,0,17054353301,"N"
264507,68,32,0,0,17158458401,"D"
264507,70,33,0,0,17254484401,"F"
264507,72,35,0,0,17350315301,"H"
264507,66,48,0,0,17454522601,"B"
264507,85,22,0,0,17550363801,"U"
264507,82,19,0,0,17654497601,"R"
264507,71,34,0,0,17750437901,"G"
264507,69,18,0,0,17854585701,"E"
264507,78,49,0,0,17950470001,"N"
264507,76,38,0,0,18054514401,"L"
264507,65,30,0,0,18150638601,"A"
264507,78,49,0,0,18254327101,"N"
264507,68,32,0,0,18358500601,"D"
264507,70,33,0,0,18454482901,"F"
264507,72,35,0,0,18558542401,"H"
264507,66,48,0,0,18654304101,"B"
264507,85,22,0,0,18750540301,"U"
264507,82,19,0,0,18854520701,"R"
264507,71,34,0,0,18950616601,"G"
264507,69,18,0,0,19055389601,"E"
264507,78,49,0,0,19150527301,"N"
264507,76,38,0,0,19254570901,"L"
264507,65,30,0,0,19350541201,"A"
264507,78,49,0,0,19454596301,"N"
264507,68,32,0,0,19550563601,"D"
264507,70,33,0,0,19654498401,"F"
264507,72,35,0,0,19750233501,"H"
264507,66,48,0,0,19854529501,"B"
264507,85,22,0,0,19950298401,"U"
264507,82,19,0,0,20054517701,"R"
264507,71,34,0,0,20150564701,"G"
264507,69,18,0,0,20254591101,"E"
264507,78,49,0,0,20351279901,"N"
264507,76,38,0,0,20454466101,"L"
264507,65,30,0,0,20558614001,"A"
264507,78,49,0,0,20654569501,"N"
264507,68,32,0,0,20758546801,"D"
264507,70,33,0,0,20854540301,"F"
264507,72,35,0,0,20950542201,"H"
264507,66,48,0,0,21054448401,"B"
264507,85,22,0,0,21150523401,"U"
264507,82,19,0,0,21254551201,"R"
264507,71,34,0,0,21350629601,"G"
264507,69,18,0,0,21455546901,"E"
264507,78,49,0,0,21551334901,"N"
264507,76,38,0,0,21654542801,"L"
264507,65,30,0,0,21750643801,"A"
264507,78,49,0,0,21854551801,"N"
264507,68,32,0,0,21950560801,"D"
264507,70,33,0,0,22054657401,"F"
264507,72,35,0,0,22150525701,"H"
264507,66,48,0,0,22254287301,"B"
264507,85,22,0,0,22350359501,"U"
264507,82,19,0,0,22454578901,"R"
264507,71,34,0,0,22558675001,"G"
264507,69,18,0,0,22654666801,"E"
264507,78,49,0,0,22758660401,"N"
264507,76,38,0,0,22846551001,"L"
264507,65,30,0,0,22950260501,"A"
264507,78,49,0,0,23054571301,"N"
264507,68,32,0,0,23158682101,"D"
264507,70,33,0,0,23254221201,"F"
264507,72,35,0,0,23350527501,"H"
264507,66,48,0,0,23454551701,"B"
264507,85,22,0,0,23550498901,"U"
264507,82,19,0,0,23654525501,"R"
264507,71,34,0,0,23750494301,"G"
264507,69,18,0,0,23855315401,"E"
264507,78,49,0,0,23950293101,"N"
264507,76,38,0,0,24054462001,"L"
264507,65,30,0,0,24150570901,"A"
264507,78,49,0,0,24254566501,"N"
264507,68,32,0,0,24350575201,"D"
264507,70,33,0,0,24454553401,"F"
264507,72,35,0,0,24550616301,"H"
264507,66,48,0,0,24655263701,"B"
264507,85,22,0,0,24758662001,"U"
264507,82,19,0,0,24854553401,"R"
264507,71,34,0,0,24958585501,"G"
264507,69,18,0,0,25054690201,"E"
264507,78,49,0,0,25150575401,"N"
264507,76,38,0,0,25254667401,"L"
264507,65,30,0,0,25350590801,"A"
264507,78,49,0,0,25454517701,"N"
264507,68,32,0,0,25558544701,"D"
264507,70,33,0,0,25654521701,"F"
264507,72,35,0,0,25750587601,"H"
264507,66,48,0,0,25854549101,"B"
264507,85,22,0,0,25950602401,"U"
264507,82,19,0,0,26054585201,"R"
264507,71,34,0,0,26150588101,"G"
264507,69,18,0,0,26254580901,"E"
264507,78,49,0,0,26351493901,"N"
264507,76,38,0,0,26454550701,"L"
264507,65,30,0,0,26550852201,"A"
264507,78,49,0,0,26654629301,"N"
264507,68,32,0,0,26750553101,"D"
264507,70,33,0,0,26854580801,"F"
264507,72,35,0,0,26958573701,"H"
264507,66,48,0,0,27054336001,"B"
264507,85,22,0,0,27158593901,"U"
264507,82,19,0,0,27254721701,"R"
264507,71,34,0,0,27358689301,"G"
264507,69,18,0,0,27454352801,"E"
264507,78,49,0,0,27550557101,"N"
264507,76,38,0,0,27654660401,"L"
264507,65,30,0,0,27750781301,"A"
264507,78,49,0,0,27854633401,"N"
264507,68,32,0,0,27950670801,"D"
264507,70,33,0,0,28054531201,"F"
264507,72,35,0,0,28150549001,"H"
264507,66,48,0,0,28254560001,"B"
264507,85,22,0,0,28350318101,"U"
264507,82,19,0,0,28454506401,"R"
264507,71,34,0,0,28550555001,"G"
264507,69,18,0,0,28654618701,"E"
264507,78,49,0,0,28750703801,"N"
264507,76,38,0,0,28854660801,"L"
264507,65,30,0,0,28950652401,"A"
264507,78,49,0,0,29054552801,"N"
264507,68,32,0,0,29158374801,"D"
264507,70,33,0,0,29254769901,"F"
264507,72,35,0,0,29358646001,"H"
264507,66,48,0,0,29455554101,"B"
264507,85,22,0,0,29550625701,"U"
264507,82,19,0,0,29654626601,"R"
264507,71,34,0,0,29750597501,"G"
264507,69,18,0,0,29862532601,"E"
264507,78,49,0,0,29951159401,"N"
264507,76,38,0,0,30054607201,"L"
264507,65,30,0,0,30150621301,"A"
264507,78,49,0,0,30254599301,"N"
264507,68,32,0,0,30350613601,"D"
264507,70,33,0,0,30454714201,"F"
264507,72,35,0,0,30550688001,"H"
264507,66,48,0,0,30654599601,"B"
264507,85,22,0,0,30750672001,"U"
264507,82,19,0,0,30854613801,"R"
264507,71,34,0,0,30950638701,"G"
264507,69,18,0,0,31054624401,"E"
264507,78,49,0,0,31158681701,"N"
264507,76,38,0,0,31246555801,"L"
264507,65,30,0,0,31350510901,"A"
264507,78,49,0,0,31454708501,"N"
264507,68,32,0,0,31558649301,"D"
264507,70,33,0,0,31654635501,"F"
264507,72,35,0,0,31750629001,"H"
264507,66,48,0,0,31854576601,"B"
264507,85,22,0,0,31950679101,"U"
264507,82,19,0,0,32054722101,"R"
264507,71,34,0,0,32150568601,"G"
264507,69,18,0,0,32254724501,"E"
264507,78,49,0,0,32350566501,"N"
264507,76,38,0,0,32454610001,"L"
264507,65,30,0,0,32550601401,"A"
264507,78,49,0,0,32654680501,"N"
264507,68,32,0,0,32750519201,"D"
264507,70,33,0,0,32854660601,"F"
264507,72,35,0,0,32950572701,"H"
264507,66,48,0,0,33055358601,"B"
264507,85,22,0,0,33158655601,"U"
264507,82,19,0,0,33254419301,"R"
264507,71,34,0,0,33358436901,"G"
264507,69,18,0,0,33454344401,"E"
264507,78,49,0,0,33550450701,"N"
264507,76,38,0,0,33654615901,"L"
264507,65,30,0,0,33750348401,"A"
264507,78,49,0,0,33854738401,"N"
264507,68,32,0,0,33958724701,"D"
264507,70,33,0,0,34054669701,"F"
264507,72,35,0,0,34150286801,"H"
264507,66,48,0,0,34254631901,"B"
264507,85,22,0,0,34350561901,"U"
264507,82,19,0,0,34454643701,"R"
264507,71,34,0,0,34550729401,"G"
264507,69,18,0,0,34654616501,"E"
264507,78,49,0,0,34751539901,"N"
264507,76,38,0,0,34854700101,"L"
264507,65,30,0,0,34950589301,"A"
264507,78,49,0,0,35054541301,"N"
264507,68,32,0,0,35150834101,"D"
264507,70,33,0,0,35254754901,"F"
264507,72,35,0,0,35358684601,"H"
264507,66,48,0,0,35455393501,"B"
264507,85,22,0,0,35558747301,"U"
264507,82,19,0,0,35654692701,"R"
264507,71,34,0,0,35750637101,"G"
264507,69,18,0,0,35854677401,"E"
264507,78,49,0,0,35950699301,"N"
264507,76,38,0,0,36055055201,"L"
264507,65,30,0,0,36150588401,"A"
264507,78,49,0,0,36254664601,"N"
264507,68,32,0,0,36350669101,"D"
264507,70,33,0,0,36454702701,"F"
264507,72,35,0,0,36550645101,"H"
264507,66,48,0,0,36654649801,"B"
264507,85,22,0,0,36750705901,"U"
264507,82,19,0,0,36854641001,"R"
264507,71,34,0,0,36950795701,"G"
264507,69,18,0,0,37054660301,"E"
264507,78,49,0,0,37150642901,"N"
264507,76,38,0,0,37254665501,"L"
264507,65,30,0,0,37358481601,"A"
264507,78,49,0,0,37454768301,"N"
264507,68,32,0,0,37558399901,"D"
264507,70,33,0,0,37654704301,"F"
264507,72,35,0,0,37750347801,"H"
264507,66,48,0,0,37854410501,"B"
264507,85,22,0,0,37950340701,"U"
264507,82,19,0,0,38054687701,"R"
264507,71,34,0,0,38150705201,"G"
264507,69,18,0,0,38255672301,"E"
264507,78,49,0,0,38351484201,"N"
264507,76,38,0,0,38454632901,"L"
264507,65,30,0,0,38550690601,"A"
264507,78,49,0,0,38654748101,"N"
264507,68,32,0,0,38750672501,"D"
264507,70,33,0,0,38854441401,"F"
264507,72,35,0,0,38950650101,"H"
264507,66,48,0,0,39054429701,"B"
264507,85,22,0,0,39150658401,"U"
264507,82,19,0,0,39254627801,"R"
264507,71,34,0,0,39358726201,"G"
264507,69,18,0,0,39454418501,"E"
264507,78,49,0,0,39558671901,"N"
264507,76,38,0,0,39646687601,"L"
264507,65,30,0,0,39750682001,"A"
264507,78,49,0,0,39854328101,"N"
264507,68,32,0,0,39958420901,"D"
264507,70,33,0,0,40054464301,"F"
264507,72,35,0,0,40150726701,"H"
264507,66,48,0,0,40254502401,"B"
264507,85,22,0,0,40350671201,"U"
264507,82,19,0,0,40454738001,"R"
264507,71,34,0,0,40550760901,"G"
264507,69,18,0,0,40654804101,"E"
264507,78,49,0,0,40750609101,"N"
264507,76,38,0,0,40854857401,"L"
264507,65,30,0,0,40950720501,"A"
264507,78,49,0,0,41054805901,"N"
264507,68,32,0,0,41150750501,"D"
264507,70,33,0,0,41254739201,"F"
264507,72,35,0,0,41350673501,"H"
264507,66,48,0,0,41455669001,"B"
264507,85,22,0,0,41558786601,"U"
264507,82,19,0,0,41654731501,"R"
264507,71,34,0,0,41758633301,"G"
264507,69,18,0,0,41854689301,"E"
264507,78,49,0,0,41959616901,"N"
264507,76,38,0,0,42054696301,"L"
264507,65,30,0,0,42150669901,"A"
264507,78,49,0,0,42254667601,"N"
264507,68,32,0,0,42358742301,"D"
264507,70,33,0,0,42454628001,"F"
264507,72,35,0,0,42550697501,"H"
264507,66,48,0,0,42654460401,"B"
264507,85,22,0,0,42750672201,"U"
264507,82,19,0,0,42854634901,"R"
264507,71,34,0,0,42950760301,"G"
264507,69,18,0,0,43054708301,"E"
264507,78,49,0,0,43150402301,"N"
264507,76,38,0,0,43254770101,"L"
264507,65,30,0,0,43350795001,"A"
264507,78,49,0,0,43454660201,"N"
264507,68,32,0,0,43550711001,"D"
264507,70,33,0,0,43654695001,"F"
264507,72,35,0,0,43758644501,"H"
264507,66,48,0,0,43854769001,"B"
264507,85,22,0,0,43958753301,"U"
264507,82,19,0,0,44054719401,"R"
264507,71,34,0,0,44158512001,"G"
264507,69,18,0,0,44255553401,"E"
264507,78,49,0,0,44350715201,"N"
264507,76,38,0,0,44454832801,"L"
264507,65,30,0,0,44550774001,"A"
264507,78,49,0,0,44654754501,"N"
264507,68,32,0,0,44758823401,"D"
264507,70,33,0,0,44854757801,"F"
264507,72,35,0,0,44950690801,"H"
264507,66,48,0,0,45054697801,"B"
264507,85,22,0,0,45150773501,"U"
264507,82,19,0,0,45254716901,"R"
264507,71,34,0,0,45350756201,"G"
264507,69,18,0,0,45454749201,"E"
264507,78,49,0,0,45550822901,"N"
264507,76,38,0,0,45654697201,"L"
264507,65,30,0,0,45758551101,"A"
264507,78,49,0,0,45854792401,"N"
264507,68,32,0,0,45958655801,"D"
264507,70,33,0,0,46054710101,"F"
264507,72,35,0,0,46158550601,"H"
264507,66,48,0,0,46255521801,"B"
264507,85,22,0,0,46350712901,"U"
264507,82,19,0,0,46454728101,"R"
264507,71,34,0,0,46550820401,"G"
264507,69,18,0,0,46662695501,"E"
264507,78,49,0,0,46750741901,"N"
264507,76,38,0,0,46854731501,"L"
264507,65,30,0,0,46950732301,"A"
264507,78,49,0,0,47054694701,"N"
264507,68,32,0,0,47150754801,"D"
264507,70,33,0,0,47254674601,"F"
264507,72,35,0,0,47350793701,"H"
264507,66,48,0,0,47454761701,"B"
264507,85,22,0,0,47550768701,"U"
264507,82,19,0,0,47654478501,"R"
264507,71,34,0,0,47750855901,"G"
264507,69,18,0,0,47854728401,"E"
264507,78,49,0,0,47959609501,"N"
264507,76,38,0,0,48055182801,"L"
264507,65,30,0,0,48150774901,"A"
264507,78,49,0,0,48254590501,"N"
264507,68,32,0,0,48358788501,"D"
264507,70,33,0,0,48454730901,"F"
264507,72,35,0,0,48550756401,"H"
264507,66,48,0,0,48654790901,"B"
264507,85,22,0,0,48750936201,"U"
264507,82,19,0,0,48854738601,"R"
264507,71,34,0,0,48950705701,"G"
264507,69,18,0,0,49054768901,"E"
264507,78,49,0,0,49151492201,"N"
264507,76,38,0,0,49254742901,"L"
264507,65,30,0,0,49350770101,"A"
264507,78,49,0,0,49454771601,"N"
264507,68,32,0,0,49550797201,"D"
264507,70,33,0,0,49654688901,"F"
264507,72,35,0,0,49750727701,"H"
264507,66,48,0,0,49854862401,"B"
264507,85,22,0,0,49958477701,"U"
264507,82,19,0,0,50054560701,"R"
264507,71,34,0,0,50158653601,"G"
264507,69,18,0,0,50254788801,"E"
264507,78,49,0,0,50359557101,"N"
264507,76,38,0,0,50454774301,"L"
264507,65,30,0,0,50550630801,"A"
264507,78,49,0,0,50654785201,"N"
264507,68,32,0,0,50758752201,"D"
264507,70,33,0,0,50854761101,"F"
264507,72,35,0,0,50950666201,"H"
264507,66,48,0,0,51054768901,"B"
264507,85,22,0,0,51150767301,"U"
264507,82,19,0,0,51254822701,"R"
264507,71,34,0,0,51350703101,"G"
264507,69,18,0,0,51454789401,"E"
264507,78,49,0,0,51550791501,"N"
264507,76,38,0,0,51654779601,"L"
264507,65,30,0,0,51750830101,"A"
264507,78,49,0,0,51854766701,"N"
264507,68,32,0,0,51950805501,"D"
264507,70,33,0,0,52054800501,"F"
264507,72,35,0,0,52158800201,"H"
264507,66,48,0,0,52255578501,"B"
264507,85,22,0,0,52358681001,"U"
264507,82,19,0,0,52454712401,"R"
264507,71,34,0,0,52558750601,"G"
264507,69,18,0,0,52654928901,"E"
264507,78,49,0,0,52750785501,"N"
264507,76,38,0,0,52854762001,"L"
264507,65,30,0,0,52950644501,"A"
264507,78,49,0,0,53054785201,"N"
264507,68,32,0,0,53158807401,"D"
264507,70,33,0,0,53254779101,"F"
264507,72,35,0,0,53350730601,"H"
264507,66,48,0,0,53454873601,"B"
264507,85,22,0,0,53550764301,"U"
264507,82,19,0,0,53654851601,"R"
264507,71,34,0,0,53750846401,"G"
264507,69,18,0,0,53854770901,"E"
264507,78,49,0,0,53950836401,"N"
264507,76,38,0,0,54054545201,"L"
264507,65,30,0,0,54158857701,"A"
264507,78,49,0,0,54254836101,"N"
264507,68,32,0,0,54358853701,"D"
264507,70,33,0,0,54454814301,"F"
264507,72,35,0,0,54558785401,"H"
264507,66,48,0,0,54654773101,"B"
264507,85,22,0,0,54750780401,"U"
264507,82,19,0,0,54854928301,"R"
264507,71,34,0,0,54950801101,"G"
264507,69,18,0,0,55054705701,"E"
264507,78,49,0,0,55150772401,"N"
264507,76,38,0,0,55254872301,"L"
264507,65,30,0,0,55350794001,"A"
264507,78,49,0,0,55454830801,"N"
264507,68,32,0,0,55550855901,"D"
264507,70,33,0,0,55654783901,"F"
264507,72,35,0,0,55750793001,"H"
264507,66,48,0,0,55854733601,"B"
264507,85,22,0,0,55950836201,"U"
264507,82,19,0,0,56054877101,"R"
264507,71,34,0,0,56150785601,"G"
264507,69,18,0,0,56254720601,"E"
264507,78,49,0,0,56358992201,"N"
264507,76,38,0,0,56454786101,"L"
264507,65,30,0,0,56558567301,"A"
264507,78,49,0,0,56654831601,"N"
264507,68,32,0,0,56758522101,"D"
264507,70,33,0,0,56854771701,"F"
264507,72,35,0,0,56950785001,"H"
264507,66,48,0,0,57054771801,"B"
264507,85,22,0,0,57150810201,"U"
264507,82,19,0,0,57254652901,"R"
264507,71,34,0,0,57350930601,"G"
264507,69,18,0,0,57454862201,"E"
264507,78,49,0,0,57550936601,"N"
264507,76,38,0,0,57654943001,"L"
264507,65,30,0,0,57750751201,"A"
264507,78,49,0,0,57854761101,"N"
264507,68,32,0,0,57950742201,"D"
264507,70,33,0,0,58054773601,"F"
264507,72,35,0,0,58150607301,"H"
264507,66,48,0,0,58254857701,"B"
264507,85,22,0,0,58350654901,"U"
264507,82,19,0,0,58454858001,"R"
264507,71,34,0,0,58558821401,"G"
264507,69,18,0,0,58654888601,"E"
264507,78,49,0,0,58759652801,"N"
264507,76,38,0,0,58846811201,"L"
264507,65,30,0,0,58950817701,"A"
264507,78,49,0,0,59054844401,"N"
264507,68,32,0,0,59158492101,"D"
264507,70,33,0,0,59254805001,"F"
264507,72,35,0,0,59350929501,"H"
264507,66,48,0,0,59454916701,"B"
264507,85,22,0,0,59550952201,"U"
264507,82,19,0,0,59654628001,"R"
264507,71,34,0,0,59750731801,"G"
264507,69,18,0,0,59854872001,"E"
264507,78,49,0,0,59951820001,"N"
264507,76,38,0,0,60054776401,"L"
264507,65,30,0,0,60150896901,"A"
264507,78,49,0,0,60254913001,"N"
264507,68,32,0,0,60350919701,"D"
264507,70,33,0,0,60455039001,"F"
264507,72,35,0,0,60550874601,"H"
264507,66,48,0,0,60654885701,"B"
264507,85,22,0,0,60758545801,"U"
264507,82,19,0,0,60854792201,"R"
264507,71,34,0,0,60958953201,"G"
264507,69,18,0,0,61054944901,"E"
264507,78,49,0,0,61150851401,"N"
264507,76,38,0,0,61254915501,"L"
264507,65,30,0,0,61350905601,"A"
264507,78,49,0,0,61454883901,"N"
264507,68,32,0,0,61558719801,"D"
264507,70,33,0,0,61654799301,"F"
264507,72,35,0,0,61750886901,"H"
264507,66,48,0,0,61854937401,"B"
264507,85,22,0,0,61950824601,"U"
264507,82,19,0,0,62054647401,"R"
264507,71,34,0,0,62151340101,"G"
264507,69,18,0,0,62254811201,"E"
264507,78,49,0,0,62351594401,"N"
264507,76,38,0,0,62454881701,"L"
264507,65,30,0,0,62550974101,"A"
264507,78,49,0,0,62654815801,"N"
264507,68,32,0,0,62758871801,"D"
264507,70,33,0,0,62854904101,"F"
264507,72,35,0,0,62958877201,"H"
264507,66,48,0,0,63054720601,"B"
264507,85,22,0,0,63158883601,"U"
264507,82,19,0,0,63254651001,"R"
264507,71,34,0,0,63358726701,"G"
264507,69,18,0,0,63454722201,"E"
264507,78,49,0,0,63550821501,"N"
264507,76,38,0,0,63654659901,"L"
264507,65,30,0,0,63750906801,"A"
264507,78,49,0,0,63854624401,"N"
264507,68,32,0,0,63950828701,"D"
264507,70,33,0,0,64054652501,"F"
264507,72,35,0,0,64150878701,"H"
264507,66,48,0,0,64254716301,"B"
264507,85,22,0,0,64350919201,"U"
264507,82,19,0,0,64454663001,"R"
264507,71,34,0,0,64550619701,"G"
264507,69,18,0,0,64654870701,"E"
264507,78,49,0,0,64759314401,"N"
264507,76,38,0,0,64854861201,"L"
264507,65,30,0,0,64958916701,"A"
264507,78,49,0,0,65054862501,"N"
264507,68,32,0,0,65158917301,"D"
264507,70,33,0,0,65254866301,"F"
264507,72,35,0,0,65350920501,"H"
264507,66,48,0,0,65454862601,"B"
264507,85,22,0,0,65550673801,"U"
264507,82,19,0,0,65654844201,"R"
264507,71,34,0,0,65750849701,"G"
264507,69,18,0,0,65854922501,"E"
264507,78,49,0,0,65951801701,"N"
264507,76,38,0,0,66054982001,"L"
264507,65,30,0,0,66150875201,"A"
264507,78,49,0,0,66255100701,"N"
264507,68,32,0,0,66350900401,"D"
264507,70,33,0,0,66454851801,"F"
264507,72,35,0,0,66550955901,"H"
264507,66,48,0,0,66654901001,"B"
264507,85,22,0,0,66751023701,"U"
264507,82,19,0,0,66854907601,"R"
264507,71,34,0,0,66958923101,"G"
264507,69,18,0,0,67055176001,"E"
264507,78,49,0,0,67159798501,"N"
264507,76,38,0,0,67254884301,"L"
264507,65,30,0,0,67350667001,"A"
264507,78,49,0,0,67454895001,"N"
264507,68,32,0,0,67558900201,"D"
264507,70,33,0,0,67654883401,"F"
264507,72,35,0,0,67751010601,"H"
264507,66,48,0,0,67854922701,"B"
264507,85,22,0,0,67951022701,"U"
264507,82,19,0,0,68054898901,"R"
264507,71,34,0,0,68150972201,"G"
264507,69,18,0,0,68254579001,"E"
264507,78,49,0,0,68350838001,"N"
264507,76,38,0,0,68454957001,"L"
264507,65,30,0,0,68550945001,"A"
264507,78,49,0,0,68654880401,"N"
264507,68,32,0,0,68750891701,"D"
264507,70,33,0,0,68854873701,"F"
264507,72,35,0,0,68958935601,"H"
264507,66,48,0,0,69054873501,"B"
264507,85,22,0,0,69158682401,"U"
264507,82,19,0,0,69254908901,"R"
264507,71,34,0,0,69358659401,"G"
264507,69,18,0,0,69454933501,"E"
264507,78,49,0,0,69551634901,"N"
264507,76,38,0,0,69654750101,"L"
264507,65,30,0,0,69751020701,"A"
264507,78,49,0,0,69854930701,"N"
264507,68,32,0,0,69958740101,"D"
264507,70,33,0,0,70054739401,"F"
264507,72,35,0,0,70151041701,"H"
264507,66,48,0,0,70254979901,"B"
264507,85,22,0,0,70350979001,"U"
264507,82,19,0,0,70455119601,"R"
264507,71,34,0,0,70550954501,"G"
264507,69,18,0,0,70654884901,"E"
264507,78,49,0,0,70752053701,"N"
264507,76,38,0,0,70854977201,"L"
264507,65,30,0,0,70950973801,"A"
264507,78,49,0,0,71055386701,"N"
264507,68,32,0,0,71159104401,"D"
264507,70,33,0,0,71255177001,"F"
264507,72,35,0,0,71359084501,"H"
264507,66,48,0,0,71454865201,"B"
264507,85,22,0,0,71559031101,"U"
264507,82,19,0,0,71654697601,"R"
264507,71,34,0,0,71758964501,"G"
264507,69,18,0,0,71855056801,"E"
264507,78,49,0,0,71951905801,"N"
264507,76,38,0,0,72054975701,"L"
264507,65,30,0,0,72151078801,"A"
264507,78,49,0,0,72254936701,"N"
264507,68,32,0,0,72358988401,"D"
264507,70,33,0,0,72455046901,"F"
264507,72,35,0,0,72551026301,"H"
264507,66,48,0,0,72654999601,"B"
264507,85,22,0,0,72750924101,"U"
264507,82,19,0,0,72854909001,"R"
264507,71,34,0,0,72951002401,"G"
264507,69,18,0,0,73054933101,"E"
264507,78,49,0,0,73159088801,"N"
264507,76,38,0,0,73254997301,"L"
264507,65,30,0,0,73358964801,"A"
264507,78,49,0,0,73454948601,"N"
264507,68,32,0,0,73558989201,"D"
264507,70,33,0,0,73654815601,"F"
264507,72,35,0,0,73758962501,"H"
264507,66,48,0,0,73854958301,"B"
264507,85,22,0,0,73950822401,"U"
264507,82,19,0,0,74054734501,"R"
264507,71,34,0,0,74150909001,"G"
264507,69,18,0,0,74254883301,"E"
264507,78,49,0,0,74351016301,"N"
264507,76,38,0,0,74454989201,"L"
264507,65,30,0,0,74550950501,"A"
264507,78,49,0,0,74655004701,"N"
264507,68,32,0,0,74751011301,"D"
264507,70,33,0,0,74854972801,"F"
264507,72,35,0,0,74951009901,"H"
264507,66,48,0,0,75054920801,"B"
264507,85,22,0,0,75151084601,"U"
264507,82,19,0,0,75255028201,"R"
264507,71,34,0,0,75358980301,"G"
264507,69,18,0,0,75454963301,"E"
264507,78,49,0,0,75559830401,"N"
264507,76,38,0,0,75654988601,"L"
264507,65,30,0,0,75751083601,"A"
264507,78,49,0,0,75855045501,"N"
264507,68,32,0,0,75959000901,"D"
264507,70,33,0,0,76054941601,"F"
264507,72,35,0,0,76150998801,"H"
264507,66,48,0,0,76255121401,"B"
264507,85,22,0,0,76350977601,"U"
264507,82,19,0,0,76454793801,"R"
264507,71,34,0,0,76550961801,"G"
264507,69,18,0,0,76655026601,"E"
264507,78,49,0,0,76751046801,"N"
264507,76,38,0,0,76855017901,"L"
264507,65,30,0,0,76951011301,"A"
264507,78,49,0,0,77054932601,"N"
264507,68,32,0,0,77151001901,"D"
264507,70,33,0,0,77254942401,"F"
264507,72,35,0,0,77359017001,"H"
264507,66,48,0,0,77456084901,"B"
264507,85,22,0,0,77559155701,"U"
264507,82,19,0,0,77654763101,"R"
264507,71,34,0,0,77758897301,"G"
264507,69,18,0,0,77854992301,"E"
264507,78,49,0,0,77951144901,"N"
264507,76,38,0,0,78054901901,"L"
264507,65,30,0,0,78150972701,"A"
264507,78,49,0,0,78254756401,"N"
264507,68,32,0,0,78350687601,"D"
264507,70,33,0,0,78455032401,"F"
264507,72,35,0,0,78551085001,"H"
264507,66,48,0,0,78654939301,"B"
264507,85,22,0,0,78750948401,"U"
264507,82,19,0,0,78854996201,"R"
264507,71,34,0,0,78951032501,"G"
264507,69,18,0,0,79055151301,"E"
264507,78,49,0,0,79160012201,"N"
264507,76,38,0,0,79255195101,"L"
264507,65,30,0,0,79359015701,"A"
264507,78,49,0,0,79455010001,"N"
264507,68,32,0,0,79559312601,"D"
264507,70,33,0,0,79655077601,"F"
264507,72,35,0,0,79750806701,"H"
264507,66,48,0,0,79855039701,"B"
264507,85,22,0,0,79951068701,"U"
264507,82,19,0,0,80054992601,"R"
264507,71,34,0,0,80150982501,"G"
264507,69,18,0,0,80255601901,"E"
264507,78,49,0,0,80351184301,"N"
264507,76,38,0,0,80455022301,"L"
264507,65,30,0,0,80551030601,"A"
264507,78,49,0,0,80655060601,"N"
264507,68,32,0,0,80751094901,"D"
264507,70,33,0,0,80855034101,"F"
264507,72,35,0,0,80951115701,"H"
264507,66,48,0,0,81055237701,"B"
264507,85,22,0,0,81159017501,"U"
264507,82,19,0,0,81254830301,"R"
264507,71,34,0,0,81359220501,"G"
264507,69,18,0,0,81454984201,"E"
264507,78,49,0,0,81559107001,"N"
264507,76,38,0,0,81655049101,"L"
264507,65,30,0,0,81750997801,"A"
264507,78,49,0,0,81854997601,"N"
264507,68,32,0,0,81959118801,"D"
264507,70,33,0,0,82054784301,"F"
264507,72,35,0,0,82150845601,"H"
264507,66,48,0,0,82255058801,"B"
264507,85,22,0,0,82350954601,"U"
264507,82,19,0,0,82455058901,"R"
264507,71,34,0,0,82550804901,"G"
264507,69,18,0,0,82654803701,"E"
264507,78,49,0,0,82751672401,"N"
264507,76,38,0,0,82855114601,"L"
264507,65,30,0,0,82951061001,"A"
264507,78,49,0,0,83055060001,"N"
264507,68,32,0,0,83151007801,"D"
264507,70,33,0,0,83254754501,"F"
264507,72,35,0,0,83359049401,"H"
264507,66,48,0,0,83455657801,"B"
264507,85,22,0,0,83559093201,"U"
264507,82,19,0,0,83655177901,"R"
264507,71,34,0,0,83758995701,"G"
264507,69,18,0,0,83855037101,"E"
264507,78,49,0,0,83951148501,"N"
264507,76,38,0,0,84054948401,"L"
264507,65,30,0,0,84151195801,"A"
264507,78,49,0,0,84255079001,"N"
264507,68,32,0,0,84359055701,"D"
264507,70,33,0,0,84454819301,"F"
264507,72,35,0,0,84551162801,"H"
264507,66,48,0,0,84655094501,"B"
264507,85,22,0,0,84751059401,"U"
264507,82,19,0,0,84855085701,"R"
264507,71,34,0,0,84951069801,"G"
264507,69,18,0,0,85054772301,"E"
264507,78,49,0,0,85152331101,"N"
264507,76,38,0,0,85255049201,"L"
264507,65,30,0,0,85359097301,"A"
264507,78,49,0,0,85454829901,"N"
264507,68,32,0,0,85559062701,"D"
264507,70,33,0,0,85654842401,"F"
264507,72,35,0,0,85758982701,"H"
264507,66,48,0,0,85855023901,"B"
264507,85,22,0,0,85951089401,"U"
264507,82,19,0,0,86054978401,"R"
264507,71,34,0,0,86151068401,"G"
264507,69,18,0,0,86254805801,"E"
264507,78,49,0,0,86351801301,"N"
264507,76,38,0,0,86454914301,"L"
264507,65,30,0,0,86551143901,"A"
264507,78,49,0,0,86655036601,"N"
264507,68,32,0,0,86751083601,"D"
264507,70,33,0,0,86855030201,"F"
264507,72,35,0,0,86951035301,"H"
264507,66,48,0,0,87055102501,"B"
264507,85,22,0,0,87151103501,"U"
264507,82,19,0,0,87255070601,"R"
264507,71,34,0,0,87358834401,"G"
264507,69,18,0,0,87455133101,"E"
264507,78,49,0,0,87560099901,"N"
264507,76,38,0,0,87655093101,"L"
264507,65,30,0,0,87751160101,"A"
264507,78,49,0,0,87855195901,"N"
264507,68,32,0,0,87958920901,"D"
264507,70,33,0,0,88054757901,"F"
264507,72,35,0,0,88151161001,"H"
264507,66,48,0,0,88254924101,"B"
264507,85,22,0,0,88351185801,"U"
264507,82,19,0,0,88455489001,"R"
264507,71,34,0,0,88551241701,"G"
264507,69,18,0,0,88655030401,"E"
264507,78,49,0,0,88751862801,"N"
264507,76,38,0,0,88855053901,"L"
264507,65,30,0,0,88951043201,"A"
264507,78,49,0,0,89055159901,"N"
264507,68,32,0,0,89151133001,"D"
264507,70,33,0,0,89254992701,"F"
264507,72,35,0,0,89359099801,"H"
264507,66,48,0,0,89455166201,"B"
264507,85,22,0,0,89559098301,"U"
264507,82,19,0,0,89655078301,"R"
264507,71,34,0,0,89759084401,"G"
264507,69,18,0,0,89855215201,"E"
264507,78,49,0,0,89951159501,"N"
264507,76,38,0,0,90055071801,"L"
264507,65,30,0,0,90151065201,"A"
264507,78,49,0,0,90255098801,"N"
264507,68,32,0,0,90359114901,"D"
264507,70,33,0,0,90455073201,"F"
264507,72,35,0,0,90551028101,"H"
264507,66,48,0,0,90655071401,"B"
264507,85,22,0,0,90751073301,"U"
264507,82,19,0,0,90855188401,"R"
264507,71,34,0,0,90951070001,"G"
264507,69,18,0,0,91055191101,"E"
264507,78,49,0,0,91151853601,"N"
264507,76,38,0,0,91255149701,"L"
264507,65,30,0,0,91358935001,"A"
264507,78,49,0,0,91455177001,"N"
264507,68,32,0,0,91559091001,"D"
264507,70,33,0,0,91655105301,"F"
264507,72,35,0,0,91759136401,"H"
264507,66,48,0,0,91855073201,"B"
264507,85,22,0,0,91951053501,"U"
264507,82,19,0,0,92055026201,"R"
264507,71,34,0,0,92151237801,"G"
264507,69,18,0,0,92255170701,"E"
264507,78,49,0,0,92351860701,"N"
264507,76,38,0,0,92455063101,"L"
264507,65,30,0,0,92551103701,"A"
264507,78,49,0,0,92655191501,"N"
264507,68,32,0,0,92751160001,"D"
264507,70,33,0,0,92855099801,"F"
264507,72,35,0,0,92951128801,"H"
264507,66,48,0,0,93055185401,"B"
264507,85,22,0,0,93159081801,"U"
264507,82,19,0,0,93255314801,"R"
264507,71,34,0,0,93359125501,"G"
264507,69,18,0,0,93455169401,"E"
264507,78,49,0,0,93559947701,"N"
264507,76,38,0,0,93655270401,"L"
264507,65,30,0,0,93751176301,"A"
264507,78,49,0,0,93855122901,"N"
264507,68,32,0,0,93958917601,"D"
264507,70,33,0,0,94054842301,"F"
264507,72,35,0,0,94151013701,"H"
264507,66,48,0,0,94255127001,"B"
264507,85,22,0,0,94351096701,"U"
264507,82,19,0,0,94455312801,"R"
264507,71,34,0,0,94551231301,"G"
264507,69,18,0,0,94655113101,"E"
264507,78,49,0,0,94752193701,"N"
264507,76,38,0,0,94855179201,"L"
264507,65,30,0,0,94951162401,"A"
264507,78,49,0,0,95055138701,"N"
264507,68,32,0,0,95159104201,"D"
264507,70,33,0,0,95255188201,"F"
264507,72,35,0,0,95359125601,"H"
264507,66,48,0,0,95455171901,"B"
264507,85,22,0,0,95559243001,"U"
264507,82,19,0,0,95655145001,"R"
264507,71,34,0,0,95758952501,"G"
264507,69,18,0,0,95855138601,"E"
264507,78,49,0,0,95951180301,"N"
264507,76,38,0,0,96055061101,"L"
264507,65,30,0,0,96151131501,"A"
264507,78,49,0,0,96255141001,"N"
264507,68,32,0,0,96359151301,"D"
264507,70,33,0,0,96455133301,"F"
264507,72,35,0,0,96551104301,"H"
264507,66,48,0,0,96655173301,"B"
264507,85,22,0,0,96751178201,"U"
264507,82,19,0,0,96855139801,"R"
264507,71,34,0,0,96951053501,"G"
264507,69,18,0,0,97055104101,"E"
264507,78,49,0,0,97160212701,"N"
264507,76,38,0,0,97254935801,"L"
264507,65,30,0,0,97359121601,"A"
264507,78,49,0,0,97455272701,"N"
264507,68,32,0,0,97559174301,"D"
264507,70,33,0,0,97655178401,"F"
264507,72,35,0,0,97759158901,"H"
264507,66,48,0,0,97856063401,"B"
264507,85,22,0,0,97950945801,"U"
264507,82,19,0,0,98055196201,"R"
264507,71,34,0,0,98151247801,"G"
264507,69,18,0,0,98255840601,"E"
264507,78,49,0,0,98351133001,"N"
264507,76,38,0,0,98455174901,"L"
264507,65,30,0,0,98551158101,"A"
264507,78,49,0,0,98655099601,"N"
264507,68,32,0,0,98751065101,"D"
264507,70,33,0,0,98855146501,"F"
264507,72,35,0,0,98951155801,"H"
264507,66,48,0,0,99055166101,"B"
264507,85,22,0,0,99159133701,"U"
264507,82,19,0,0,99255183201,"R"
264507,71,34,0,0,99359309101,"G"
264507,69,18,0,0,99455233401,"E"
264507,78,49,0,0,99559933301,"N"
264507,76,38,0,0,99655264201,"L"
264507,65,30,0,0,99751264901,"A"
264507,78,49,0,0,99855169301,"N"
264507,68,32,0,0,99959188901,"D"
264507,70,33,0,0,100055261301,"F"
264507,72,35,0,0,100151159801,"H"
264507,66,48,0,0,100255192201,"B"
264507,85,22,0,0,100351112701,"U"
264507,82,19,0,0,100455220401,"R"
264507,71,34,0,0,100551325601,"G"
264507,69,18,0,0,100655201701,"E"
264507,78,49,0,0,100751228501,"N"
264507,76,38,0,0,100855131501,"L"
264507,65,30,0,0,100951200501,"A"
264507,78,49,0,0,101055276101,"N"
264507,68,32,0,0,101159126101,"D"
264507,70,33,0,0,101255193701,"F"
264507,72,35,0,0,101359195101,"H"
264507,66,48,0,0,101455172101,"B"
264507,85,22,0,0,101559135601,"U"
264507,82,19,0,0,101655124101,"R"
264507,71,34,0,0,101759214601,"G"
264507,69,18,0,0,101855153801,"E"
264507,78,49,0,0,101951207601,"N"
264507,76,38,0,0,102054923001,"L"
264507,65,30,0,0,102151158101,"A"
264507,78,49,0,0,102255216101,"N"
264507,68,32,0,0,102359386201,"D"
264507,70,33,0,0,102455224501,"F"
264507,72,35,0,0,102551346601,"H"
264507,66,48,0,0,102655196901,"B"
264507,85,22,0,0,102751254401,"U"
264507,82,19,0,0,102855266501,"R"
264507,71,34,0,0,102951210001,"G"
264507,69,18,0,0,103055162001,"E"
264507,78,49,0,0,103160235901,"N"
264507,76,38,0,0,103255180601,"L"
264507,65,30,0,0,103359228801,"A"
264507,78,49,0,0,103455178201,"N"
264507,68,32,0,0,103559387901,"D"
264507,70,33,0,0,103655205701,"F"
264507,72,35,0,0,103759142401,"H"
264507,66,48,0,0,103855118401,"B"
264507,85,22,0,0,103951186301,"U"
264507,82,19,0,0,104055173801,"R"
264507,71,34,0,0,104151263901,"G"
264507,69,18,0,0,104255166001,"E"
264507,78,49,0,0,104350965001,"N"
264507,76,38,0,0,104455236501,"L"
264507,65,30,0,0,104551221701,"A"
264507,78,49,0,0,104655386201,"N"
264507,68,32,0,0,104751284001,"D"
264507,70,33,0,0,104855263601,"F"
264507,72,35,0,0,104951229701,"H"
264507,66,48,0,0,105055232501,"B"
264507,85,22,0,0,105159265501,"U"
264507,82,19,0,0,105255220601,"R"
264507,71,34,0,0,105359230601,"G"
264507,69,18,0,0,105455038001,"E"
264507,78,49,0,0,105559975301,"N"
264507,76,38,0,0,105655381701,"L"
264507,65,30,0,0,105751204701,"A"
264507,78,49,0,0,105855159201,"N"
264507,68,32,0,0,105959142101,"D"
264507,70,33,0,0,106055004501,"F"
264507,72,35,0,0,106151227701,"H"
264507,66,48,0,0,106255201901,"B"
264507,85,22,0,0,106351328901,"U"
264507,82,19,0,0,106455268201,"R"
264507,71,34,0,0,106551017001,"G"
264507,69,18,0,0,106655293101,"E"
264507,78,49,0,0,106751065901,"N"
264507,76,38,0,0,106855092701,"L"
264507,65,30,0,0,106951056301,"A"
264507,78,49,0,0,107055209001,"N"
264507,68,32,0,0,107159266401,"D"
264507,70,33,0,0,107255264701,"F"
264507,72,35,0,0,107359287601,"H"
264507,66,48,0,0,107455225201,"B"
264507,85,22,0,0,107559358501,"U"
264507,82,19,0,0,107655218001,"R"
264507,71,34,0,0,107759303501,"G"
264507,69,18,0,0,107855259001,"E"
264507,78,49,0,0,107951327901,"N"
264507,76,38,0,0,108055336301,"L"
264507,65,30,0,0,108151305301,"A"
264507,78,49,0,0,108254938101,"N"
264507,68,32,0,0,108359294601,"D"
264507,70,33,0,0,108455230301,"F"
264507,72,35,0,0,108551387701,"H"
264507,66,48,0,0,108655268501,"B"
264507,85,22,0,0,108751283801,"U"
264507,82,19,0,0,108855356001,"R"
264507,71,34,0,0,108951412501,"G"
264507,69,18,0,0,109055315901,"E"
264507,78,49,0,0,109160032601,"N"
264507,76,38,0,0,109255262201,"L"
264507,65,30,0,0,109359303001,"A"
264507,78,49,0,0,109455259501,"N"
264507,68,32,0,0,109559343301,"D"
264507,70,33,0,0,109655338701,"F"
264507,72,35,0,0,109759254901,"H"
264507,66,48,0,0,109856283701,"B"
264507,85,22,0,0,109951232101,"U"
264507,82,19,0,0,110055292001,"R"
264507,71,34,0,0,110151015401,"G"
264507,69,18,0,0,110255278301,"E"
264507,78,49,0,0,110351249101,"N"
264507,76,38,0,0,110455293301,"L"
264507,65,30,0,0,110551308601,"A"
264507,78,49,0,0,110655238901,"N"
264507,68,32,0,0,110751318501,"D"
264507,70,33,0,0,110855261701,"F"
264507,72,35,0,0,110951180401,"H"
264507,66,48,0,0,111055267901,"B"
264507,85,22,0,0,111159292001,"U"
264507,82,19,0,0,111255253701,"R"
264507,71,34,0,0,111359327301,"G"
264507,69,18,0,0,111455066401,"E"
264507,78,49,0,0,111559339901,"N"
264507,76,38,0,0,111655361001,"L"
264507,65,30,0,0,111751298101,"A"
264507,78,49,0,0,111855256501,"N"
264507,68,32,0,0,111959307101,"D"
264507,70,33,0,0,112055222201,"F"
264507,72,35,0,0,112151361101,"H"
264507,66,48,0,0,112255072601,"B"
264507,85,22,0,0,112351134001,"U"
264507,82,19,0,0,112455025901,"R"
264507,71,34,0,0,112551270601,"G"
264507,69,18,0,0,112655078901,"E"
264507,78,49,0,0,112752377401,"N"
264507,76,38,0,0,112855041701,"L"
264507,65,30,0,0,112951261901,"A"
264507,78,49,0,0,113055137701,"N"
264507,68,32,0,0,113151362301,"D"
264507,70,33,0,0,113255003401,"F"
264507,72,35,0,0,113359265901,"H"
264507,66,48,0,0,113455353801,"B"
264507,85,22,0,0,113559315101,"U"
264507,82,19,0,0,113655248801,"R"
264507,71,34,0,0,113759219001,"G"
264507,69,18,0,0,113855258401,"E"
264507,78,49,0,0,113960401501,"N"
264507,76,38,0,0,114055317201,"L"
264507,65,30,0,0,114151301101,"A"
264507,78,49,0,0,114255304601,"N"
264507,68,32,0,0,114359308701,"D"
264507,70,33,0,0,114455253801,"F"
264507,72,35,0,0,114551296801,"H"
264507,66,48,0,0,114655347601,"B"
264507,85,22,0,0,114751120701,"U"
264507,82,19,0,0,114855363301,"R"
264507,71,34,0,0,114951234901,"G"
264507,69,18,0,0,115055397601,"E"
264507,78,49,0,0,115152157701,"N"
264507,76,38,0,0,115255299901,"L"
264507,65,30,0,0,115359406401,"A"
264507,78,49,0,0,115455340601,"N"
264507,68,32,0,0,115559419001,"D"
264507,70,33,0,0,115655314001,"F"
264507,72,35,0,0,115759295101,"H"
264507,66,48,0,0,115855274601,"B"
264507,85,22,0,0,115959260501,"U"
264507,82,19,0,0,116055318401,"R"
264507,71,34,0,0,116159276101,"G"
264507,69,18,0,0,116255262101,"E"
264507,78,49,0,0,116351338601,"N"
264507,76,38,0,0,116455315001,"L"
264507,65,30,0,0,116551016001,"A"
264507,78,49,0,0,116655398301,"N"
264507,68,32,0,0,116751303501,"D"
264507,70,33,0,0,116855303701,"F"
264507,72,35,0,0,116951372601,"H"
264507,66,48,0,0,117055309801,"B"
264507,85,22,0,0,117151305701,"U"
264507,82,19,0,0,117255135301,"R"
264507,71,34,0,0,117359343501,"G"
264507,69,18,0,0,117455340401,"E"
264507,78,49,0,0,117560414101,"N"
264507,76,38,0,0,117655293401,"L"
264507,65,30,0,0,117759277401,"A"
264507,78,49,0,0,117855348101,"N"
264507,68,32,0,0,117959318901,"D"
264507,70,33,0,0,118055409801,"F"
264507,72,35,0,0,118159159901,"H"
264507,66,48,0,0,118255353201,"B"
264507,85,22,0,0,118351299601,"U"
264507,82,19,0,0,118455303001,"R"
264507,71,34,0,0,118551295401,"G"
264507,69,18,0,0,118655382401,"E"
264507,78,49,0,0,118759119701,"N"
264507,76,38,0,0,118855329701,"L"
264507,65,30,0,0,118951302001,"A"
264507,78,49,0,0,119055356701,"N"
264507,68,32,0,0,119151356601,"D"
264507,70,33,0,0,119255502301,"F"
264507,72,35,0,0,119351359601,"H"
264507,66,48,0,0,119455342601,"B"
264507,85,22,0,0,119559446701,"U"
264507,82,19,0,0,119655375901,"R"
264507,71,34,0,0,119759340801,"G"
264507,69,18,0,0,119855293001,"E"
264507,78,49,0,0,119960165301,"N"
264507,76,38,0,0,120055373501,"L"
264507,65,30,0,0,120151400401,"A"
264507,78,49,0,0,120255376101,"N"
264507,68,32,0,0,120359366801,"D"
264507,70,33,0,0,120455335801,"F"
264507,72,35,0,0,120551406801,"H"
264507,66,48,0,0,120655377801,"B"
264507,85,22,0,0,120751360701,"U"
264507,82,19,0,0,120855252301,"R"
264507,71,34,0,0,120951359901,"G"
264507,69,18,0,0,121055426101,"E"
264507,78,49,0,0,121152206001,"N"
264507,76,38,0,0,121255341401,"L"
264507,65,30,0,0,121351351201,"A"
264507,78,49,0,0,121455368701,"N"
264507,68,32,0,0,121559447701,"D"
264507,70,33,0,0,121655374501,"F"
264507,72,35,0,0,121759390801,"H"
264507,66,48,0,0,121855347001,"B"
264507,85,22,0,0,121959360701,"U"
264507,82,19,0,0,122055215101,"R"
264507,71,34,0,0,122159379001,"G"
264507,69,18,0,0,122255381401,"E"
264507,78,49,0,0,122351398501,"N"
264507,76,38,0,0,122455428301,"L"
264507,65,30,0,0,122551462601,"A"
264507,78,49,0,0,122655493801,"N"
264507,68,32,0,0,122759380801,"D"
264507,70,33,0,0,122855345301,"F"
264507,72,35,0,0,122951372901,"H"
264507,66,48,0,0,123055344901,"B"
264507,85,22,0,0,123151358001,"U"
264507,82,19,0,0,123255212001,"R"
264507,71,34,0,0,123351431501,"G"
264507,69,18,0,0,123455504001,"E"
264507,78,49,0,0,123560315301,"N"
264507,76,38,0,0,123655389901,"L"
264507,65,30,0,0,123759338001,"A"
264507,78,49,0,0,123855244001,"N"
264507,68,32,0,0,123959426601,"D"
264507,70,33,0,0,124055453501,"F"
264507,72,35,0,0,124159474701,"H"
264507,66,48,0,0,124255411401,"B"
264507,85,22,0,0,124351426301,"U"
264507,82,19,0,0,124455455701,"R"
264507,71,34,0,0,124551403101,"G"
264507,69,18,0,0,124655414401,"E"
264507,78,49,0,0,124751296001,"N"
264507,76,38,0,0,124855395501,"L"
264507,65,30,0,0,124951483201,"A"
264507,78,49,0,0,125055518801,"N"
264507,68,32,0,0,125151442501,"D"
264507,70,33,0,0,125255355201,"F"
264507,72,35,0,0,125351507801,"H"
264507,66,48,0,0,125455401401,"B"
264507,85,22,0,0,125559470601,"U"
264507,82,19,0,0,125655377301,"R"
264507,71,34,0,0,125759449501,"G"
264507,69,18,0,0,125855275401,"E"
264507,78,49,0,0,125959378301,"N"
264507,76,38,0,0,126055336401,"L"
264507,65,30,0,0,126151396401,"A"
264507,78,49,0,0,126255291501,"N"
264507,68,32,0,0,126359449301,"D"
264507,70,33,0,0,126455485101,"F"
264507,72,35,0,0,126551464501,"H"
264507,66,48,0,0,126655440801,"B"
264507,85,22,0,0,126751522201,"U"
264507,82,19,0,0,126855402701,"R"
264507,71,34,0,0,126951396901,"G"
264507,69,18,0,0,127055489801,"E"
264507,78,49,0,0,127151543801,"N"
264507,76,38,0,0,127255205801,"L"
264507,65,30,0,0,127351326801,"A"
264507,78,49,0,0,127455471301,"N"
264507,68,32,0,0,127559420401,"D"
264507,70,33,0,0,127655419801,"F"
264507,72,35,0,0,127759489601,"H"
264507,66,48,0,0,127855356001,"B"
264507,85,22,0,0,127959384801,"U"
264507,82,19,0,0,128055402901,"R"
264507,71,34,0,0,128159453801,"G"
264507,69,18,0,0,128255152801,"E"
264507,78,49,0,0,128351129701,"N"
264507,76,38,0,0,128455429301,"L"
264507,65,30,0,0,128551466001,"A"
264507,78,49,0,0,128655430701,"N"
264507,68,32,0,0,128759425201,"D"
264507,70,33,0,0,128855363001,"F"
264507,72,35,0,0,128951427701,"H"
264507,66,48,0,0,129055397901,"B"
264507,85,22,0,0,129151400901,"U"
264507,82,19,0,0,129255464701,"R"
264507,71,34,0,0,129359455201,"G"
264507,69,18,0,0,129455507601,"E"
264507,78,49,0,0,129559438901,"N"
264507,76,38,0,0,129655394001,"L"
264507,65,30,0,0,129759405101,"A"
264507,78,49,0,0,129855419601,"N"
264507,68,32,0,0,129959462401,"D"
264507,70,33,0,0,130055691201,"F"
264507,72,35,0,0,130159430101,"H"
264507,66,48,0,0,130255461501,"B"
264507,85,22,0,0,130351341801,"U"
264507,82,19,0,0,130455381801,"R"
264507,71,34,0,0,130551343401,"G"
264507,69,18,0,0,130655434001,"E"
264507,78,49,0,0,130751167401,"N"
264507,76,38,0,0,130855401401,"L"
264507,65,30,0,0,130951186301,"A"
264507,78,49,0,0,131055384301,"N"
264507,68,32,0,0,131151272701,"D"
264507,70,33,0,0,131255582301,"F"
264507,72,35,0,0,131351211701,"H"
264507,66,48,0,0,131455430501,"B"
264507,85,22,0,0,131559397101,"U"
264507,82,19,0,0,131655394701,"R"
264507,71,34,0,0,131759452801,"G"
264507,69,18,0,0,131855467901,"E"
264507,78,49,0,0,131960397901,"N"
264507,76,38,0,0,132055470001,"L"
264507,65,30,0,0,132151104101,"A"
264507,78,49,0,0,132255360601,"N"
264507,68,32,0,0,132359458001,"D"
264507,70,33,0,0,132455450201,"F"
264507,72,35,0,0,132551417301,"H"
264507,66,48,0,0,132655444301,"B"
264507,85,22,0,0,132751460001,"U"
264507,82,19,0,0,132855365901,"R"
264507,71,34,0,0,132951507201,"G"
264507,69,18,0,0,133056648901,"E"
264507,78,49,0,0,133152110901,"N"
264507,76,38,0,0,133255392301,"L"
264507,65,30,0,0,133351454001,"A"
264507,78,49,0,0,133455542201,"N"
264507,68,32,0,0,133559473301,"D"
264507,70,33,0,0,133655490101,"F"
264507,72,35,0,0,133759288301,"H"
264507,66,48,0,0,133855447101,"B"
264507,85,22,0,0,133959575601,"U"
264507,82,19,0,0,134055396201,"R"
264507,71,34,0,0,134159444301,"G"
264507,69,18,0,0,134255164601,"E"
264507,78,49,0,0,134351907901,"N"
264507,76,38,0,0,134455639901,"L"
264507,65,30,0,0,134551442501,"A"
264507,78,49,0,0,134655287501,"N"
264507,68,32,0,0,134759395101,"D"
264507,70,33,0,0,134855304301,"F"
264507,72,35,0,0,134951547101,"H"
264507,66,48,0,0,135055574401,"B"
264507,85,22,0,0,135151563001,"U"
264507,82,19,0,0,135255451601,"R"
264507,71,34,0,0,135351519301,"G"
264507,69,18,0,0,135455471401,"E"
264507,78,49,0,0,135560279801,"N"
264507,76,38,0,0,135655435501,"L"
264507,65,30,0,0,135759496401,"A"
264507,78,49,0,0,135855552301,"N"
264507,68,32,0,0,135959577301,"D"
264507,70,33,0,0,136055328701,"F"
264507,72,35,0,0,136159490901,"H"
264507,66,48,0,0,136255582401,"B"
264507,85,22,0,0,136351523301,"U"
264507,82,19,0,0,136455217901,"R"
264507,71,34,0,0,136551441801,"G"
264507,69,18,0,0,136655256101,"E"
264507,78,49,0,0,136752168701,"N"
264507,76,38,0,0,136855526001,"L"
264507,65,30,0,0,136951491701,"A"
264507,78,49,0,0,137055458701,"N"
264507,68,32,0,0,137151624501,"D"
264507,70,33,0,0,137255482501,"F"
264507,72,35,0,0,137351502701,"H"
264507,66,48,0,0,137455478201,"B"
264507,85,22,0,0,137559555001,"U"
264507,82,19,0,0,137655175601,"R"
264507,71,34,0,0,137759507701,"G"
264507,69,18,0,0,137855566201,"E"
264507,78,49,0,0,137960357501,"N"
264507,76,38,0,0,138055560301,"L"
264507,65,30,0,0,138151497901,"A"
264507,78,49,0,0,138255529901,"N"
264507,68,32,0,0,138359490801,"D"
264507,70,33,0,0,138455435901,"F"
264507,72,35,0,0,138551501801,"H"
264507,66,48,0,0,138655544301,"B"
264507,85,22,0,0,138751466601,"U"
264507,82,19,0,0,138855437701,"R"
264507,71,34,0,0,138951652401,"G"
264507,69,18,0,0,139055441101,"E"
264507,78,49,0,0,139152572301,"N"
264507,76,38,0,0,139255528901,"L"
264507,65,30,0,0,139351610801,"A"
264507,78,49,0,0,139455509301,"N"
264507,68,32,0,0,139559501401,"D"
264507,70,33,0,0,139655372901,"F"
264507,72,35,0,0,139759462201,"H"
264507,66,48,0,0,139855553201,"B"
264507,85,22,0,0,139959630901,"U"
264507,82,19,0,0,140055540201,"R"
264507,71,34,0,0,140159480001,"G"
264507,69,18,0,0,140255524801,"E"
264507,78,49,0,0,140351466701,"N"
264507,76,38,0,0,140455510601,"L"
264507,65,30,0,0,140551575801,"A"
264507,78,49,0,0,140655523901,"N"
264507,68,32,0,0,140759526201,"D"
264507,70,33,0,0,140855258801,"F"
264507,72,35,0,0,140951408101,"H"
264507,66,48,0,0,141055265101,"B"
264507,85,22,0,0,141151180201,"U"
264507,82,19,0,0,141255435501,"R"
264507,71,34,0,0,141351483901,"G"
264507,69,18,0,0,141455551001,"E"
264507,78,49,0,0,141560260501,"N"
264507,76,38,0,0,141655720401,"L"
264507,65,30,0,0,141759292601,"A"
264507,78,49,0,0,141855566401,"N"
264507,68,32,0,0,141959492901,"D"
264507,70,33,0,0,142055613301,"F"
264507,72,35,0,0,142159605301,"H"
264507,66,48,0,0,142255512101,"B"
264507,85,22,0,0,142359402801,"U"
264507,82,19,0,0,142455647001,"R"
264507,71,34,0,0,142551512701,"G"
264507,69,18,0,0,142655620701,"E"
264507,78,49,0,0,142751557901,"N"
264507,76,38,0,0,142855205601,"L"
264507,65,30,0,0,142951542901,"A"
264507,78,49,0,0,143055613601,"N"
264507,68,32,0,0,143151494001,"D"
264507,70,33,0,0,143255507301,"F"
264507,72,35,0,0,143351537101,"H"
264507,66,48,0,0,143455334101,"B"
264507,85,22,0,0,143559278901,"U"
264507,82,19,0,0,143655521701,"R"
264507,71,34,0,0,143759607901,"G"
264507,69,18,0,0,143855362001,"E"
264507,78,49,0,0,143959759301,"N"
264507,76,38,0,0,144055516801,"L"
264507,65,30,0,0,144159558501,"A"
264507,78,49,0,0,144255548101,"N"
264507,68,32,0,0,144359643001,"D"
264507,70,33,0,0,144455342301,"F"
264507,72,35,0,0,144551492001,"H"
264507,66,48,0,0,144655592701,"B"
264507,85,22,0,0,144751496801,"U"
264507,82,19,0,0,144855661201,"R"
264507,71,34,0,0,144951586801,"G"
264507,69,18,0,0,145055269201,"E"
264507,78,49,0,0,145151549401,"N"
264507,76,38,0,0,145255594601,"L"
264507,65,30,0,0,145351629001,"A"
264507,78,49,0,0,145455608001,"N"
264507,68,32,0,0,145551542501,"D"
264507,70,33,0,0,145655566101,"F"
264507,72,35,0,0,145759418501,"H"
264507,66,48,0,0,145855605101,"B"
264507,85,22,0,0,145959539101,"U"
264507,82,19,0,0,146055651401,"R"
264507,71,34,0,0,146159655401,"G"
264507,69,18,0,0,146255559601,"E"
264507,78,49,0,0,146360344901,"N"
264507,76,38,0,0,146455591801,"L"
264507,65,30,0,0,146551669901,"A"
264507,78,49,0,0,146655543701,"N"
264507,68,32,0,0,146759594001,"D"
264507,70,33,0,0,146855611801,"F"
264507,72,35,0,0,146951618701,"H"
264507,66,48,0,0,147055303701,"B"
264507,85,22,0,0,147151617501,"U"
264507,82,19,0,0,147255694301,"R"
264507,71,34,0,0,147351556401,"G"
264507,69,18,0,0,147455429601,"E"
264507,78,49,0,0,147552334801,"N"
264507,76,38,0,0,147655580201,"L"
264507,65,30,0,0,147759628101,"A"
264507,78,49,0,0,147855578701,"N"
264507,68,32,0,0,147959560801,"D"
264507,70,33,0,0,148055557701,"F"
264507,72,35,0,0,148159590101,"H"
264507,66,48,0,0,148256354201,"B"
264507,85,22,0,0,148359646801,"U"
264507,82,19,0,0,148455726701,"R"
264507,71,34,0,0,148559559101,"G"
264507,69,18,0,0,148655569301,"E"
264507,78,49,0,0,148751616301,"N"
264507,76,38,0,0,148855644201,"L"
264507,65,30,0,0,148951615201,"A"
264507,78,49,0,0,149055530901,"N"
264507,68,32,0,0,149159329601,"D"
264507,70,33,0,0,149255743201,"F"
264507,72,35,0,0,149351565801,"H"
264507,66,48,0,0,149455552401,"B"
264507,85,22,0,0,149551539101,"U"
264507,82,19,0,0,149655400601,"R"
264507,71,34,0,0,149759619001,"G"
264507,69,18,0,0,149855637301,"E"
264507,78,49,0,0,149960740001,"N"
264507,76,38,0,0,150055569901,"L"
264507,65,30,0,0,150159617101,"A"
264507,78,49,0,0,150255573401,"N"
264507,68,32,0,0,150359610901,"D"
264507,70,33,0,0,150455513901,"F"
264507,72,35,0,0,150559515001,"H"
264507,66,48,0,0,150655566901,"B"
264507,85,22,0,0,150751578101,"U"
264507,82,19,0,0,150855379801,"R"
264507,71,34,0,0,150951327301,"G"
264507,69,18,0,0,151055353201,"E"
264507,78,49,0,0,151151415701,"N"
264507,76,38,0,0,151255663601,"L"
264507,65,30,0,0,151351696601,"A"
264507,78,49,0,0,151455621901,"N"
264507,68,32,0,0,151551621101,"D"
264507,70,33,0,0,151655653401,"F"
264507,72,35,0,0,151751452201,"H"
264507,66,48,0,0,151855605301,"B"
264507,85,22,0,0,151959345801,"U"
264507,82,19,0,0,152055671401,"R"
264507,71,34,0,0,152159646901,"G"
264507,69,18,0,0,152255602201,"E"
264507,78,49,0,0,152359543501,"N"
264507,76,38,0,0,152455681801,"L"
264507,65,30,0,0,152551608101,"A"
264507,78,49,0,0,152655593801,"N"
264507,68,32,0,0,152759595901,"D"
264507,70,33,0,0,152855614501,"F"
264507,72,35,0,0,152951628301,"H"
264507,66,48,0,0,153055543301,"B"
264507,85,22,0,0,153151636301,"U"
264507,82,19,0,0,153255331101,"R"
264507,71,34,0,0,153351593301,"G"
264507,69,18,0,0,153455613301,"E"
264507,78,49,0,0,153552686001,"N"
264507,76,38,0,0,153655748701,"L"
264507,65,30,0,0,153751590101,"A"
264507,78,49,0,0,153855632201,"N"
264507,68,32,0,0,153959647001,"D"
264507,70,33,0,0,154055603201,"F"
264507,72,35,0,0,154159661101,"H"
264507,66,48,0,0,154255467201,"B"
264507,85,22,0,0,154359667301,"U"
264507,82,19,0,0,154455610801,"R"
264507,71,34,0,0,154559668801,"G"
264507,69,18,0,0,154655582401,"E"
264507,78,49,0,0,154760455301,"N"
264507,76,38,0,0,154855651401,"L"
264507,65,30,0,0,154951433301,"A"
264507,78,49,0,0,155055651601,"N"
264507,68,32,0,0,155159745701,"D"
264507,70,33,0,0,155255671101,"F"
264507,72,35,0,0,155351439501,"H"
264507,66,48,0,0,155455616301,"B"
264507,85,22,0,0,155551454201,"U"
264507,82,19,0,0,155655706801,"R"
264507,71,34,0,0,155751685501,"G"
264507,69,18,0,0,155855674101,"E"
264507,78,49,0,0,155973358701,"N"
264507,76,38,0,0,156055634101,"L"
264507,65,30,0,0,156159705101,"A"
264507,78,49,0,0,156255500401,"N"
264507,68,32,0,0,156359634101,"D"
264507,70,33,0,0,156455812901,"F"
264507,72,35,0,0,156559670901,"H"
264507,66,48,0,0,156655667401,"B"
264507,85,22,0,0,156759434701,"U"
264507,82,19,0,0,156855741701,"R"
264507,71,34,0,0,156959710501,"G"
264507,69,18,0,0,157055711701,"E"
264507,78,49,0,0,157151454201,"N"
264507,76,38,0,0,157255668201,"L"
264507,65,30,0,0,157351636301,"A"
264507,78,49,0,0,157455665101,"N"
264507,68,32,0,0,157551642501,"D"
264507,70,33,0,0,157655625401,"F"
264507,72,35,0,0,157751469001,"H"
264507,66,48,0,0,157855662201,"B"
264507,85,22,0,0,157959690101,"U"
264507,82,19,0,0,158055802601,"R"
264507,71,34,0,0,158159656401,"G"
264507,69,18,0,0,158255733201,"E"
264507,78,49,0,0,158359766401,"N"
264507,76,38,0,0,158455640401,"L"
264507,65,30,0,0,158559633801,"A"
264507,78,49,0,0,158655482201,"N"
264507,68,32,0,0,158759634801,"D"
264507,70,33,0,0,158855424601,"F"
264507,72,35,0,0,158959734501,"H"
264507,66,48,0,0,159055652301,"B"
264507,85,22,0,0,159151756501,"U"
264507,82,19,0,0,159255380901,"R"
264507,71,34,0,0,159351659301,"G"
264507,69,18,0,0,159455716301,"E"
264507,78,49,0,0,159551525401,"N"
264507,76,38,0,0,159655660501,"L"
264507,65,30,0,0,159751390501,"A"
264507,78,49,0,0,159855615501,"N"
264507,68,32,0,0,159951695601,"D"
264507,70,33,0,0,160055688601,"F"
264507,72,35,0,0,160159732001,"H"
264507,66,48,0,0,160255700401,"B"
264507,85,22,0,0,160359669201,"U"
264507,82,19,0,0,160455677101,"R"
264507,71,34,0,0,160559788101,"G"
264507,69,18,0,0,160655760201,"E"
264507,78,49,0,0,160759574101,"N"
264507,76,38,0,0,160855425701,"L"
264507,65,30,0,0,160951659101,"A"
264507,78,49,0,0,161055450901,"N"
264507,68,32,0,0,161159650901,"D"
264507,70,33,0,0,161255406201,"F"
264507,72,35,0,0,161351806301,"H"
264507,66,48,0,0,161455487401,"B"
264507,85,22,0,0,161551652001,"U"
264507,82,19,0,0,161655586101,"R"
264507,71,34,0,0,161751774601,"G"
264507,69,18,0,0,161855805701,"E"
264507,78,49,0,0,161952584601,"N"
264507,76,38,0,0,162055737201,"L"
264507,65,30,0,0,162159687601,"A"
264507,78,49,0,0,162255768201,"N"
264507,68,32,0,0,162359830601,"D"
264507,70,33,0,0,162455778801,"F"
264507,72,35,0,0,162559716701,"H"
264507,66,48,0,0,162655668801,"B"
264507,85,22,0,0,162759799101,"U"
264507,82,19,0,0,162855860701,"R"
264507,71,34,0,0,162959671101,"G"
264507,69,18,0,0,163055701701,"E"
264507,78,49,0,0,163151692001,"N"
264507,76,38,0,0,163255718901,"L"
264507,65,30,0,0,163351714301,"A"
264507,78,49,0,0,163455521301,"N"
264507,68,32,0,0,163559717301,"D"
264507,70,33,0,0,163655805801,"F"
264507,72,35,0,0,163751706001,"H"
264507,66,48,0,0,163855779301,"B"
264507,85,22,0,0,163959748201,"U"
264507,82,19,0,0,164055735501,"R"
264507,71,34,0,0,164159492201,"G"
264507,69,18,0,0,164255661501,"E"
264507,78,49,0,0,164359844301,"N"
264507,76,38,0,0,164455717801,"L"
264507,65,30,0,0,164559677601,"A"
264507,78,49,0,0,164655725001,"N"
264507,68,32,0,0,164759688501,"D"
264507,70,33,0,0,164855737201,"F"
264507,72,35,0,0,164951692601,"H"
264507,66,48,0,0,165055734701,"B"
264507,85,22,0,0,165151591101,"U"
264507,82,19,0,0,165255712701,"R"
264507,71,34,0,0,165351781501,"G"
264507,69,18,0,0,165455799501,"E"
264507,78,49,0,0,165552521101,"N"
264507,76,38,0,0,165655705701,"L"
264507,65,30,0,0,165751762301,"A"
264507,78,49,0,0,165855840601,"N"
264507,68,32,0,0,165959639501,"D"
264507,70,33,0,0,166055705401,"F"
264507,72,35,0,0,166159700801,"H"
264507,66,48,0,0,166255665901,"B"
264507,85,22,0,0,166359875301,"U"
264507,82,19,0,0,166455739001,"R"
264507,71,34,0,0,166559608601,"G"
264507,69,18,0,0,166655866601,"E"
264507,78,49,0,0,166759533501,"N"
264507,76,38,0,0,166855873201,"L"
264507,65,30,0,0,166951697201,"A"
264507,78,49,0,0,167055671401,"N"
264507,68,32,0,0,167159491901,"D"
264507,70,33,0,0,167255687501,"F"
264507,72,35,0,0,167351844901,"H"
264507,66,48,0,0,167455786701,"B"
264507,85,22,0,0,167551685601,"U"
264507,82,19,0,0,167655540701,"R"
264507,71,34,0,0,167751735501,"G"
264507,69,18,0,0,167855828101,"E"
264507,78,49,0,0,167959952601,"N"
264507,76,38,0,0,168056085801,"L"
264507,65,30,0,0,168159635701,"A"
264507,78,49,0,0,168255538501,"N"
264507,68,32,0,0,168360314701,"D"
264507,70,33,0,0,168455820901,"F"
264507,72,35,0,0,168559763701,"H"
264507,66,48,0,0,168656510201,"B"
264507,85,22,0,0,168759774801,"U"
264507,82,19,0,0,168855775601,"R"
264507,71,34,0,0,168959838401,"G"
264507,69,18,0,0,169055795201,"E"
264507,78,49,0,0,169151760901,"N"
264507,76,38,0,0,169255750801,"L"
264507,65,30,0,0,169351804401,"A"
264507,78,49,0,0,169455771901,"N"
264507,68,32,0,0,169559847901,"D"
264507,70,33,0,0,169655830601,"F"
264507,72,35,0,0,169751682201,"H"
264507,66,48,0,0,169855789901,"B"
264507,85,22,0,0,169959761001,"U"
264507,82,19,0,0,170055707301,"R"
264507,71,34,0,0,170159770501,"G"
264507,69,18,0,0,170255770501,"E"
264507,78,49,0,0,170359739901,"N"
264507,76,38,0,0,170455756201,"L"
264507,65,30,0,0,170559805001,"A"
264507,78,49,0,0,170655797501,"N"
264507,68,32,0,0,170759764501,"D"
264507,70,33,0,0,170855771901,"F"
264507,72,35,0,0,170951811101,"H"
264507,66,48,0,0,171055682601,"B"
264507,85,22,0,0,171151819201,"U"
264507,82,19,0,0,171255753001,"R"
264507,71,34,0,0,171352040001,"G"
264507,69,18,0,0,171464511201,"E"
264507,78,49,0,0,171552584501,"N"
264507,76,38,0,0,171655700101,"L"
264507,65,30,0,0,171751805301,"A"
264507,78,49,0,0,171855811701,"N"
264507,68,32,0,0,171959752001,"D"
264507,70,33,0,0,172055981001,"F"
264507,72,35,0,0,172159792001,"H"
264507,66,48,0,0,172255738801,"B"
264507,85,22,0,0,172359806101,"U"
264507,82,19,0,0,172455578901,"R"
264507,71,34,0,0,172559788901,"G"
264507,69,18,0,0,172655772401,"E"
264507,78,49,0,0,172759810301,"N"
264507,76,38,0,0,172855787501,"L"
264507,65,30,0,0,172951942801,"A"
264507,78,49,0,0,173055820701,"N"
264507,68,32,0,0,173159838701,"D"
264507,70,33,0,0,173255438501,"F"
264507,72,35,0,0,173351714901,"H"
264507,66,48,0,0,173455761701,"B"
264507,85,22,0,0,173551735901,"U"
264507,82,19,0,0,173655655301,"R"
264507,71,34,0,0,173751822301,"G"
264507,69,18,0,0,173856609701,"E"
264507,78,49,0,0,173960500801,"N"
264507,76,38,0,0,174055790501,"L"
264507,65,30,0,0,174160119201,"A"
264507,78,49,0,0,174255778101,"N"
264507,68,32,0,0,174359901201,"D"
264507,70,33,0,0,174455937801,"F"
264507,72,35,0,0,174559816101,"H"
264507,66,48,0,0,174655774501,"B"
264507,85,22,0,0,174751832001,"U"
264507,82,19,0,0,174855947201,"R"
264507,71,34,0,0,174951794601,"G"
264507,69,18,0,0,175055812401,"E"
264507,78,49,0,0,175151745701,"N"
264507,76,38,0,0,175255845701,"L"
264507,65,30,0,0,175351838001,"A"
264507,78,49,0,0,175455975101,"N"
264507,68,32,0,0,175551877601,"D"
264507,70,33,0,0,175655776801,"F"
264507,72,35,0,0,175759758501,"H"
264507,66,48,0,0,175855814601,"B"
264507,85,22,0,0,175959832301,"U"
264507,82,19,0,0,176055815201,"R"
264507,71,34,0,0,176159752901,"G"
264507,69,18,0,0,176255545901,"E"
264507,78,49,0,0,176360579401,"N"
264507,76,38,0,0,176455584301,"L"
264507,65,30,0,0,176551497701,"A"
264507,78,49,0,0,176655834201,"N"
264507,68,32,0,0,176759852501,"D"
264507,70,33,0,0,176855885601,"F"
264507,72,35,0,0,176951638101,"H"
264507,66,48,0,0,177055757701,"B"
264507,85,22,0,0,177151612201,"U"
264507,82,19,0,0,177255817201,"R"
264507,71,34,0,0,177351800201,"G"
264507,69,18,0,0,177455994001,"E"
264507,78,49,0,0,177552808001,"N"
264507,76,38,0,0,177655940601,"L"
264507,65,30,0,0,177759831401,"A"
264507,78,49,0,0,177855747901,"N"
264507,68,32,0,0,177959799401,"D"
264507,70,33,0,0,178055743501,"F"
264507,72,35,0,0,178159885301,"H"
264507,66,48,0,0,178255840101,"B"
264507,85,22,0,0,178359817901,"U"
264507,82,19,0,0,178455906701,"R"
264507,71,34,0,0,178559945701,"G"
264507,69,18,0,0,178655945201,"E"
264507,78,49,0,0,178751894801,"N"
264507,76,38,0,0,178855863301,"L"
264507,65,30,0,0,178951636601,"A"
264507,78,49,0,0,179055611001,"N"
264507,68,32,0,0,179159819501,"D"
264507,70,33,0,0,179255649101,"F"
264507,72,35,0,0,179351583401,"H"
264507,66,48,0,0,179455892501,"B"
264507,85,22,0,0,179551577901,"U"
264507,82,19,0,0,179655953301,"R"
264507,71,34,0,0,179759794801,"G"
264507,69,18,0,0,179855836801,"E"
264507,78,49,0,0,179960505101,"N"
264507,76,38,0,0,180056147301,"L"
264507,65,30,0,0,180159831901,"A"
264507,78,49,0,0,180255861501,"N"
264507,68,32,0,0,180359957901,"D"
264507,70,33,0,0,180455847101,"F"
264507,72,35,0,0,180559818501,"H"
264507,66,48,0,0,180656738301,"B"
264507,85,22,0,0,180751603001,"U"
264507,82,19,0,0,180855891801,"R"
264507,71,34,0,0,180951767901,"G"
264507,69,18,0,0,181055974201,"E"
264507,78,49,0,0,181152584701,"N"
264507,76,38,0,0,181255792301,"L"
264507,65,30,0,0,181351813901,"A"
264507,78,49,0,0,181455853301,"N"
264507,68,32,0,0,181559894301,"D"
264507,70,33,0,0,181655972201,"F"
264507,72,35,0,0,181759920201,"H"
264507,66,48,0,0,181856880001,"B"
264507,85,22,0,0,181959876801,"U"
264507,82,19,0,0,182055796901,"R"
264507,71,34,0,0,182159971101,"G"
264507,69,18,0,0,182255919601,"E"
264507,78,49,0,0,182359848401,"N"
264507,76,38,0,0,182455878001,"L"
264507,65,30,0,0,182551839401,"A"
264507,78,49,0,0,182656047501,"N"
264507,68,32,0,0,182759789801,"D"
264507,70,33,0,0,182855844901,"F"
264507,72,35,0,0,182951899301,"H"
264507,66,48,0,0,183055846101,"B"
264507,85,22,0,0,183151975301,"U"
264507,82,19,0,0,183255638301,"R"
264507,71,34,0,0,183351941301,"G"
264507,69,18,0,0,183455811801,"E"
264507,78,49,0,0,183560631101,"N"
264507,76,38,0,0,183655974801,"L"
264507,65,30,0,0,183759908901,"A"
264507,78,49,0,0,183855882301,"N"
264507,68,32,0,0,183959942001,"D"
264507,70,33,0,0,184055860801,"F"
264507,72,35,0,0,184159857101,"H"
264507,66,48,0,0,184255856401,"B"
264507,85,22,0,0,184359873801,"U"
264507,82,19,0,0,184455960401,"R"
264507,71,34,0,0,184559909901,"G"
264507,69,18,0,0,184655915801,"E"
264507,78,49,0,0,184752588501,"N"
264507,76,38,0,0,184855676901,"L"
264507,65,30,0,0,184951813001,"A"
264507,78,49,0,0,185055690301,"N"
264507,68,32,0,0,185151858101,"D"
264507,70,33,0,0,185255682901,"F"
264507,72,35,0,0,185359884201,"H"
264507,66,48,0,0,185455637101,"B"
264507,85,22,0,0,185559849301,"U"
264507,82,19,0,0,185655847101,"R"
264507,71,34,0,0,185759921401,"G"
264507,69,18,0,0,185855717501,"E"
264507,78,49,0,0,185960854201,"N"
264507,76,38,0,0,186055936201,"L"
264507,65,30,0,0,186159887101,"A"
264507,78,49,0,0,186255998401,"N"
264507,68,32,0,0,186359892701,"D"
264507,70,33,0,0,186456055201,"F"
264507,72,35,0,0,186551945201,"H"
264507,66,48,0,0,186655938901,"B"
264507,85,22,0,0,186752036201,"U"
264507,82,19,0,0,186855905401,"R"
264507,71,34,0,0,186951956401,"G"
264507,69,18,0,0,187064612401,"E"
264507,78,49,0,0,187152851401,"N"
264507,76,38,0,0,187255942701,"L"
264507,65,30,0,0,187359900701,"A"
264507,78,49,0,0,187455899101,"N"
264507,68,32,0,0,187559965601,"D"
264507,70,33,0,0,187655903301,"F"
264507,72,35,0,0,187759907101,"H"
264507,66,48,0,0,187855939401,"B"
264507,85,22,0,0,187959997101,"U"
264507,82,19,0,0,188055499701,"R"
264507,71,34,0,0,188160006201,"G"
264507,69,18,0,0,188255516001,"E"
264507,78,49,0,0,188359926101,"N"
264507,76,38,0,0,188455915901,"L"
264507,65,30,0,0,188552008601,"A"
264507,78,49,0,0,188655895401,"N"
264507,68,32,0,0,188759916601,"D"
264507,70,33,0,0,188855910901,"F"
264507,72,35,0,0,188951735101,"H"
264507,66,48,0,0,189055941501,"B"
264507,85,22,0,0,189151894701,"U"
264507,82,19,0,0,189255876001,"R"
264507,71,34,0,0,189359893201,"G"
264507,69,18,0,0,189455907701,"E"
264507,78,49,0,0,189559921801,"N"
264507,76,38,0,0,189655915101,"L"
264507,65,30,0,0,189759966601,"A"
264507,78,49,0,0,189855885201,"N"
264507,68,32,0,0,189959941601,"D"
264507,70,33,0,0,190055642201,"F"
264507,72,35,0,0,190159884001,"H"
264507,66,48,0,0,190255973601,"B"
264507,85,22,0,0,190359919801,"U"
264507,82,19,0,0,190455958201,"R"
264507,71,34,0,0,190552044401,"G"
264507,69,18,0,0,190655914701,"E"
264507,78,49,0,0,190751895401,"N"
264507,76,38,0,0,190855925301,"L"
264507,65,30,0,0,190951988201,"A"
264507,78,49,0,0,191055969601,"N"
264507,68,32,0,0,191151985201,"D"
264507,70,33,0,0,191255696501,"F"
264507,72,35,0,0,191359808901,"H"
264507,66,48,0,0,191456027501,"B"
264507,85,22,0,0,191559620501,"U"
264507,82,19,0,0,191655929701,"R"
264507,71,34,0,0,191759859601,"G"
264507,69,18,0,0,191855861301,"E"
264507,78,49,0,0,191961193701,"N"
264507,76,38,0,0,192055689201,"L"
264507,65,30,0,0,192151966101,"A"
264507,78,49,0,0,192255958301,"N"
264507,68,32,0,0,192359927601,"D"
264507,70,33,0,0,192456088001,"F"
264507,72,35,0,0,192551885801,"H"
264507,66,48,0,0,192655879401,"B"
264507,85,22,0,0,192751953201,"U"
264507,82,19,0,0,192855984901,"R"
264507,71,34,0,0,192951860401,"G"
264507,69,18,0,0,193055981701,"E"
264507,78,49,0,0,193159893701,"N"
264507,76,38,0,0,193255996701,"L"
264507,65,30,0,0,193359949401,"A"
264507,78,49,0,0,193456258601,"N"
264507,68,32,0,0,193560020801,"D"
264507,70,33,0,0,193656018401,"F"
264507,72,35,0,0,193759815501,"H"
264507,66,48,0,0,193855953301,"B"
264507,85,22,0,0,193959750301,"U"
264507,82,19,0,0,194056225201,"R"
264507,71,34,0,0,194159668601,"G"
264507,69,18,0,0,194255916001,"E"
264507,78,49,0,0,194352069901,"N"
264507,76,38,0,0,194455889201,"L"
264507,65,30,0,0,194552035601,"A"
264507,78,49,0,0,194655988101,"N"
264507,68,32,0,0,194760015001,"D"
264507,70,33,0,0,194855888401,"F"
264507,72,35,0,0,194951748501,"H"
264507,66,48,0,0,195055979901,"B"
264507,85,22,0,0,195151966901,"U"
264507,82,19,0,0,195256125701,"R"
264507,71,34,0,0,195359917201,"G"
264507,69,18,0,0,195456042901,"E"
264507,78,49,0,0,195560676601,"N"
264507,76,38,0,0,195655654301,"L"
264507,65,30,0,0,195759958101,"A"
264507,78,49,0,0,195856009301,"N"
264507,68,32,0,0,195959997301,"D"
264507,70,33,0,0,196055983401,"F"
264507,72,35,0,0,196160070201,"H"
264507,66,48,0,0,196255942601,"B"
264507,85,22,0,0,196351961701,"U"
264507,82,19,0,0,196455989701,"R"
264507,71,34,0,0,196552060601,"G"
264507,69,18,0,0,196656038001,"E"
264507,78,49,0,0,196751983401,"N"
264507,76,38,0,0,196856058701,"L"
264507,65,30,0,0,196951965701,"A"
264507,78,49,0,0,197055940301,"N"
264507,68,32,0,0,197160128601,"D"
264507,70,33,0,0,197255753801,"F"
264507,72,35,0,0,197360034501,"H"
264507,66,48,0,0,197456251901,"B"
264507,85,22,0,0,197559998401,"U"
264507,82,19,0,0,197655942601,"R"
264507,71,34,0,0,197759912101,"G"
264507,69,18,0,0,197856120801,"E"
264507,78,49,0,0,197960023401,"N"
264507,76,38,0,0,198056053201,"L"
264507,65,30,0,0,198151950301,"A"
264507,78,49,0,0,198255943101,"N"
264507,68,32,0,0,198360001801,"D"
264507,70,33,0,0,198456026001,"F"
264507,72,35,0,0,198551949701,"H"
264507,66,48,0,0,198655996001,"B"
264507,85,22,0,0,198752139001,"U"
264507,82,19,0,0,198855999201,"R"
264507,71,34,0,0,198951999301,"G"
264507,69,18,0,0,199056307401,"E"
264507,78,49,0,0,199160715801,"N"
264507,76,38,0,0,199256014301,"L"
264507,65,30,0,0,199360248101,"A"
264507,78,49,0,0,199456028801,"N"
264507,68,32,0,0,199560010301,"D"
264507,70,33,0,0,199655965101,"F"
264507,72,35,0,0,199759979701,"H"
264507,66,48,0,0,199855998601,"B"
264507,85,22,0,0,199959993601,"U"
264507,82,19,0,0,200056076501,"R"
264507,71,34,0,0,200160066001,"G"
264507,69,18,0,0,200256137101,"E"
264507,78,49,0,0,200352034801,"N"
264507,76,38,0,0,200456034101,"L"
264507,65,30,0,0,200552121101,"A"
264507,78,49,0,0,200656019301,"N"
264507,68,32,0,0,200760008601,"D"
264507,70,33,0,0,200856083301,"F"
264507,72,35,0,0,200960051001,"H"
264507,66,48,0,0,201056004101,"B"
264507,85,22,0,0,201160122301,"U"
264507,82,19,0,0,201256078301,"R"
264507,71,34,0,0,201360002101,"G"
264507,69,18,0,0,201455884801,"E"
264507,78,49,0,0,201560024601,"N"
264507,76,38,0,0,201656034301,"L"
264507,65,30,0,0,201760048701,"A"
264507,78,49,0,0,201856021801,"N"
264507,68,32,0,0,201959988001,"D"
264507,70,33,0,0,202056005801,"F"
264507,72,35,0,0,202152058301,"H"
264507,66,48,0,0,202256047101,"B"
264507,85,22,0,0,202352026501,"U"
264507,82,19,0,0,202456038501,"R"
264507,71,34,0,0,202551982201,"G"
264507,69,18,0,0,202655993101,"E"
264507,78,49,0,0,202752008801,"N"
264507,76,38,0,0,202856088601,"L"
264507,65,30,0,0,202960033101,"A"
264507,78,49,0,0,203056171101,"N"
264507,68,32,0,0,203160022501,"D"
264507,70,33,0,0,203256090101,"F"
264507,72,35,0,0,203360075401,"H"
264507,66,48,0,0,203456035601,"B"
264507,85,22,0,0,203560107301,"U"
264507,82,19,0,0,203656336201,"R"
264507,71,34,0,0,203760037601,"G"
264507,69,18,0,0,203856037001,"E"
264507,78,49,0,0,203960081601,"N"
264507,76,38,0,0,204056122401,"L"
264507,65,30,0,0,204151882301,"A"
264507,78,49,0,0,204256077901,"N"
264507,68,32,0,0,204360079301,"D"
264507,70,33,0,0,204456080601,"F"
264507,72,35,0,0,204551999201,"H"
264507,66,48,0,0,204656160501,"B"
264507,85,22,0,0,204752169101,"U"
264507,82,19,0,0,204855860801,"R"
264507,71,34,0,0,204960044301,"G"
264507,69,18,0,0,205055802101,"E"
264507,78,49,0,0,205160795901,"N"
264507,76,38,0,0,205256022101,"L"
264507,65,30,0,0,205360047501,"A"
264507,78,49,0,0,205456188501,"N"
264507,68,32,0,0,205560085201,"D"
264507,70,33,0,0,205656074401,"F"
264507,72,35,0,0,205760167601,"H"
264507,66,48,0,0,205856834901,"B"
264507,85,22,0,0,205959863301,"U"
264507,82,19,0,0,206056002701,"R"
264507,71,34,0,0,206160089101,"G"
264507,69,18,0,0,206256776501,"E"
264507,78,49,0,0,206352002101,"N"
264507,76,38,0,0,206456061901,"L"
264507,65,30,0,0,206552061801,"A"
264507,78,49,0,0,206656071501,"N"
264507,68,32,0,0,206760131401,"D"
264507,70,33,0,0,206856056301,"F"
264507,72,35,0,0,206952090601,"H"
264507,66,48,0,0,207056046201,"B"
264507,85,22,0,0,207160115101,"U"
264507,82,19,0,0,207256093601,"R"
264507,71,34,0,0,207360093601,"G"
264507,69,18,0,0,207456046401,"E"
264507,78,49,0,0,207560042401,"N"
264507,76,38,0,0,207656044901,"L"
264507,65,30,0,0,207760107101,"A"
264507,78,49,0,0,207856110801,"N"
264507,68,32,0,0,207960070001,"D"
264507,70,33,0,0,208055871701,"F"
264507,72,35,0,0,208160032501,"H"
264507,66,48,0,0,208256845701,"B"
264507,85,22,0,0,208352072101,"U"
264507,82,19,0,0,208456114301,"R"
264507,71,34,0,0,208552038601,"G"
264507,69,18,0,0,208656157901,"E"
264507,78,49,0,0,208752080201,"N"
264507,76,38,0,0,208855900201,"L"
264507,65,30,0,0,208952072501,"A"
264507,78,49,0,0,209055830401,"N"
264507,68,32,0,0,209160047801,"D"
264507,70,33,0,0,209255831601,"F"
264507,72,35,0,0,209360076201,"H"
264507,66,48,0,0,209455895601,"B"
264507,85,22,0,0,209560104801,"U"
264507,82,19,0,0,209655844701,"R"
264507,71,34,0,0,209760096201,"G"
264507,69,18,0,0,209855808601,"E"
264507,78,49,0,0,209960040701,"N"
264507,76,38,0,0,210056027501,"L"
264507,65,30,0,0,210152079601,"A"
264507,78,49,0,0,210256191601,"N"
264507,68,32,0,0,210360112701,"D"
264507,70,33,0,0,210456275401,"F"
264507,72,35,0,0,210552117101,"H"
264507,66,48,0,0,210656024801,"B"
264507,85,22,0,0,210752105801,"U"
264507,82,19,0,0,210855887101,"R"
264507,71,34,0,0,210952090801,"G"
264507,69,18,0,0,211064194501,"E"
264507,78,49,0,0,211152091001,"N"
264507,76,38,0,0,211256123101,"L"
264507,65,30,0,0,211360127501,"A"
264507,78,49,0,0,211456168601,"N"
264507,68,32,0,0,211560157301,"D"
264507,70,33,0,0,211656184201,"F"
264507,72,35,0,0,211760117401,"H"
264507,66,48,0,0,211856138701,"B"
264507,85,22,0,0,211960110401,"U"
264507,82,19,0,0,212055963301,"R"
264507,71,34,0,0,212160198001,"G"
264507,69,18,0,0,212256142001,"E"
264507,78,49,0,0,212360904001,"N"
264507,76,38,0,0,212456127101,"L"
264507,65,30,0,0,212552094901,"A"
264507,78,49,0,0,212656114401,"N"
264507,68,32,0,0,212760337201,"D"
264507,70,33,0,0,212856073101,"F"
264507,72,35,0,0,212952102801,"H"
264507,66,48,0,0,213056135901,"B"
264507,85,22,0,0,213152140401,"U"
264507,82,19,0,0,213255882501,"R"
264507,71,34,0,0,213359841701,"G"
264507,69,18,0,0,213456890401,"E"
264507,78,49,0,0,213560104701,"N"
264507,76,38,0,0,213656091401,"L"
264507,65,30,0,0,213760213001,"A"
264507,78,49,0,0,213856253701,"N"
264507,68,32,0,0,213960109501,"D"
264507,70,33,0,0,214056120901,"F"
264507,72,35,0,0,214160061301,"H"
264507,66,48,0,0,214256175401,"B"
264507,85,22,0,0,214360217901,"U"
264507,82,19,0,0,214456138001,"R"
264507,71,34,0,0,214560141201,"G"
264507,69,18,0,0,214656103101,"E"
264507,78,49,0,0,214752801501,"N"
264507,76,38,0,0,214856183801,"L"
264507,65,30,0,0,214952081701,"A"
264507,78,49,0,0,215056139601,"N"
264507,68,32,0,0,215159879301,"D"
264507,70,33,0,0,215256215301,"F"
264507,72,35,0,0,215352127201,"H"
264507,66,48,0,0,215456222401,"B"
264507,85,22,0,0,215559974801,"U"
264507,82,19,0,0,215656079601,"R"
264507,71,34,0,0,215760099901,"G"
264507,69,18,0,0,215856132601,"E"
264507,78,49,0,0,215960287601,"N"
264507,76,38,0,0,216056131901,"L"
264507,65,30,0,0,216160254701,"A"
264507,78,49,0,0,216256182601,"N"
264507,68,32,0,0,216360276101,"D"
264507,70,33,0,0,216456118801,"F"
264507,72,35,0,0,216560040201,"H"
264507,66,48,0,0,216656132301,"B"
264507,85,22,0,0,216760204401,"U"
264507,82,19,0,0,216856118701,"R"
264507,71,34,0,0,216960323801,"G"
264507,69,18,0,0,217056281401,"E"
264507,78,49,0,0,217152151301,"N"
264507,76,38,0,0,217255903601,"L"
264507,65,30,0,0,217351895501,"A"
264507,78,49,0,0,217456060401,"N"
264507,68,32,0,0,217560291501,"D"
264507,70,33,0,0,217656162001,"F"
264507,72,35,0,0,217760122901,"H"
264507,66,48,0,0,217856253501,"B"
264507,85,22,0,0,217960274501,"U"
264507,82,19,0,0,218056142101,"R"
264507,71,34,0,0,218159957001,"G"
264507,69,18,0,0,218256875101,"E"
264507,78,49,0,0,218360207001,"N"
264507,76,38,0,0,218456233701,"L"
264507,65,30,0,0,218560134101,"A"
264507,78,49,0,0,218656205801,"N"
264507,68,32,0,0,218760110901,"D"
264507,70,33,0,0,218856103301,"F"
264507,72,35,0,0,218960163101,"H"
264507,66,48,0,0,219056030701,"B"
264507,85,22,0,0,219152222801,"U"
264507,82,19,0,0,219256414001,"R"
264507,71,34,0,0,219352293501,"G"
264507,69,18,0,0,219464891101,"E"
264507,78,49,0,0,219552203601,"N"
264507,76,38,0,0,219656269101,"L"
264507,65,30,0,0,219752118401,"A"
264507,78,49,0,0,219856152901,"N"
264507,68,32,0,0,219960174601,"D"
264507,70,33,0,0,220056036301,"F"
264507,72,35,0,0,220160183101,"H"
264507,66,48,0,0,220256094801,"B"
264507,85,22,0,0,220360207101,"U"
264507,82,19,0,0,220456197601,"R"
264507,71,34,0,0,220560175701,"G"
264507,69,18,0,0,220656226701,"E"
264507,78,49,0,0,220760148901,"N"
264507,76,38,0,0,220856206201,"L"
264507,65,30,0,0,220952273301,"A"
264507,78,49,0,0,221056131701,"N"
264507,68,32,0,0,221160162401,"D"
264507,70,33,0,0,221256178401,"F"
264507,72,35,0,0,221352092901,"H"
264507,66,48,0,0,221456247901,"B"
264507,85,22,0,0,221552166801,"U"
264507,82,19,0,0,221656250101,"R"
264507,71,34,0,0,221752388101,"G"
264507,69,18,0,0,221856231001,"E"
264507,78,49,0,0,221960216601,"N"
264507,76,38,0,0,222056369701,"L"
264507,65,30,0,0,222160257701,"A"
264507,78,49,0,0,222256274801,"N"
264507,68,32,0,0,222360221401,"D"
264507,70,33,0,0,222456170701,"F"
264507,72,35,0,0,222560250301,"H"
264507,66,48,0,0,222656251701,"B"
264507,85,22,0,0,222760209001,"U"
264507,82,19,0,0,222855933501,"R"
264507,71,34,0,0,222960217901,"G"
264507,69,18,0,0,223056188101,"E"
264507,78,49,0,0,223161263201,"N"
264507,76,38,0,0,223256253901,"L"
264507,65,30,0,0,223352240701,"A"
264507,78,49,0,0,223456182901,"N"
264507,68,32,0,0,223560302401,"D"
264507,70,33,0,0,223656224701,"F"
264507,72,35,0,0,223752155901,"H"
264507,66,48,0,0,223856234701,"B"
264507,85,22,0,0,223952180901,"U"
264507,82,19,0,0,224056208901,"R"
264507,71,34,0,0,224159968201,"G"
264507,69,18,0,0,224256210701,"E"
264507,78,49,0,0,224360156701,"N"
264507,76,38,0,0,224456282901,"L"
264507,65,30,0,0,224560253101,"A"
264507,78,49,0,0,224656214901,"N"
264507,68,32,0,0,224760191101,"D"
264507,70,33,0,0,224856216201,"F"
264507,72,35,0,0,224960251601,"H"
264507,66,48,0,0,225056233101,"B"
264507,85,22,0,0,225160224501,"U"
264507,82,19,0,0,225256253701,"R"
264507,71,34,0,0,225360268001,"G"
264507,69,18,0,0,225456328801,"E"
264507,78,49,0,0,225552202001,"N"
264507,76,38,0,0,225656232101,"L"
264507,65,30,0,0,225752269801,"A"
264507,78,49,0,0,225856194101,"N"
264507,68,32,0,0,225960231501,"D"
264507,70,33,0,0,226056126801,"F"
264507,72,35,0,0,226160225101,"H"
264507,66,48,0,0,226256278201,"B"
264507,85,22,0,0,226360221601,"U"
264507,82,19,0,0,226456237701,"R"
264507,71,34,0,0,226560345601,"G"
264507,69,18,0,0,226656257901,"E"
264507,78,49,0,0,226761020201,"N"
264507,76,38,0,0,226856278001,"L"
264507,65,30,0,0,226960210901,"A"
264507,78,49,0,0,227056274401,"N"
264507,68,32,0,0,227160347601,"D"
264507,70,33,0,0,227256221401,"F"
264507,72,35,0,0,227360245101,"H"
264507,66,48,0,0,227456162301,"B"
264507,85,22,0,0,227552070501,"U"
264507,82,19,0,0,227656287301,"R"
264507,71,34,0,0,227752085601,"G"
264507,69,18,0,0,227864308201,"E"
264507,78,49,0,0,227951966101,"N"
264507,76,38,0,0,228056412901,"L"
264507,65,30,0,0,228160336601,"A"
264507,78,49,0,0,228256248101,"N"
264507,68,32,0,0,228360230501,"D"
264507,70,33,0,0,228456296401,"F"
264507,72,35,0,0,228560285901,"H"
264507,66,48,0,0,228656275201,"B"
264507,85,22,0,0,228760314901,"U"
264507,82,19,0,0,228856299501,"R"
264507,71,34,0,0,228960296101,"G"
264507,69,18,0,0,229056158501,"E"
264507,78,49,0,0,229161174401,"N"
264507,76,38,0,0,229256149201,"L"
264507,65,30,0,0,229352253101,"A"
264507,78,49,0,0,229456261901,"N"
264507,68,32,0,0,229560230101,"D"
264507,70,33,0,0,229656249201,"F"
264507,72,35,0,0,229752195401,"H"
264507,66,48,0,0,229856235501,"B"
264507,85,22,0,0,229952253001,"U"
264507,82,19,0,0,230056070901,"R"
264507,71,34,0,0,230160376201,"G"
264507,69,18,0,0,230256321001,"E"
264507,78,49,0,0,230361035001,"N"
264507,76,38,0,0,230456324101,"L"
264507,65,30,0,0,230560292501,"A"
264507,78,49,0,0,230656212001,"N"
264507,68,32,0,0,230760341401,"D"
264507,70,33,0,0,230856022401,"F"
264507,72,35,0,0,230960065001,"H"
264507,66,48,0,0,231056114101,"B"
264507,85,22,0,0,231160309101,"U"
264507,82,19,0,0,231256348401,"R"
264507,71,34,0,0,231360234101,"G"
264507,69,18,0,0,231456268701,"E"
264507,78,49,0,0,231553082101,"N"
264507,76,38,0,0,231656279201,"L"
264507,65,30,0,0,231752274001,"A"
264507,78,49,0,0,231856243701,"N"
264507,68,32,0,0,231960359501,"D"
264507,70,33,0,0,232056059001,"F"
264507,72,35,0,0,232152402001,"H"
264507,66,48,0,0,232256297001,"B"
264507,85,22,0,0,232360287001,"U"
264507,82,19,0,0,232456044901,"R"
264507,71,34,0,0,232560288601,"G"
264507,69,18,0,0,232656307201,"E"
264507,78,49,0,0,232760283001,"N"
264507,76,38,0,0,232856360901,"L"
264507,65,30,0,0,232960268801,"A"
264507,78,49,0,0,233056140501,"N"
264507,68,32,0,0,233160446401,"D"
264507,70,33,0,0,233255979101,"F"
264507,72,35,0,0,233359984701,"H"
264507,66,48,0,0,233456059501,"B"
264507,85,22,0,0,233552314001,"U"
264507,82,19,0,0,233656066101,"R"
264507,71,34,0,0,233752284501,"G"
264507,69,18,0,0,233864271801,"E"
264507,78,49,0,0,233952991201,"N"
264507,76,38,0,0,234056103101,"L"
264507,65,30,0,0,234152353801,"A"
264507,78,49,0,0,234256254401,"N"
264507,68,32,0,0,234360295601,"D"
264507,70,33,0,0,234456448901,"F"
264507,72,35,0,0,234560325001,"H"
264507,66,48,0,0,234656357701,"B"
264507,85,22,0,0,234760255201,"U"
264507,82,19,0,0,234856477901,"R"
264507,71,34,0,0,234960346801,"G"
264507,69,18,0,0,235056064401,"E"
264507,78,49,0,0,235161076001,"N"
264507,76,38,0,0,235256317601,"L"
264507,65,30,0,0,235360367201,"A"
264507,78,49,0,0,235456327401,"N"
264507,68,32,0,0,235560314101,"D"
264507,70,33,0,0,235656260501,"F"
264507,72,35,0,0,235752415201,"H"
264507,66,48,0,0,235856304001,"B"
264507,85,22,0,0,235952294701,"U"
264507,82,19,0,0,236056277201,"R"
264507,71,34,0,0,236152346601,"G"
264507,69,18,0,0,236264440701,"E"
264507,78,49,0,0,236361102901,"N"
264507,76,38,0,0,236456279301,"L"
264507,65,30,0,0,236560316201,"A"
264507,78,49,0,0,236656354501,"N"
264507,68,32,0,0,236760388101,"D"
264507,70,33,0,0,236856355501,"F"
264507,72,35,0,0,236960421601,"H"
264507,66,48,0,0,237056299101,"B"
264507,85,22,0,0,237160430401,"U"
264507,82,19,0,0,237256437001,"R"
264507,71,34,0,0,237360359701,"G"
264507,69,18,0,0,237456100901,"E"
264507,78,49,0,0,237561113701,"N"
264507,76,38,0,0,237656333301,"L"
264507,65,30,0,0,237752376301,"A"
264507,78,49,0,0,237856284201,"N"
264507,68,32,0,0,237960277001,"D"
264507,70,33,0,0,238056411601,"F"
264507,72,35,0,0,238152354201,"H"
264507,66,48,0,0,238256374101,"B"
264507,85,22,0,0,238352577001,"U"
264507,82,19,0,0,238456371901,"R"
264507,71,34,0,0,238560360101,"G"
264507,69,18,0,0,238656304501,"E"
264507,78,49,0,0,238761032101,"N"
264507,76,38,0,0,238856324901,"L"
264507,65,30,0,0,238960127101,"A"
264507,78,49,0,0,239056365201,"N"
264507,68,32,0,0,239160180801,"D"
264507,70,33,0,0,239256379701,"F"
264507,72,35,0,0,239360242901,"H"
264507,66,48,0,0,239456360401,"B"
264507,85,22,0,0,239560072501,"U"
264507,82,19,0,0,239656476901,"R"
264507,71,34,0,0,239760005801,"G"
264507,69,18,0,0,239856309101,"E"
264507,78,49,0,0,239953214601,"N"
264507,76,38,0,0,240056500201,"L"
264507,65,30,0,0,240152381801,"A"
264507,78,49,0,0,240256373101,"N"
264507,68,32,0,0,240360555301,"D"
264507,70,33,0,0,240456323901,"F"
264507,72,35,0,0,240552508901,"H"
264507,66,48,0,0,240656356101,"B"
264507,85,22,0,0,240760279501,"U"
264507,82,19,0,0,240856409001,"R"
264507,71,34,0,0,240960378901,"G"
264507,69,18,0,0,241056603301,"E"
264507,78,49,0,0,241160502901,"N"
264507,76,38,0,0,241256495201,"L"
264507,65,30,0,0,241360502201,"A"
264507,78,49,0,0,241456338501,"N"
264507,68,32,0,0,241560579701,"D"
264507,70,33,0,0,241656404801,"F"
264507,72,35,0,0,241760368901,"H"
264507,66,48,0,0,241857298301,"B"
264507,85,22,0,0,241960340201,"U"
264507,82,19,0,0,242056469101,"R"
264507,71,34,0,0,242160353601,"G"
264507,69,18,0,0,242256154501,"E"
264507,78,49,0,0,242352359901,"N"
264507,76,38,0,0,242456417601,"L"
264507,65,30,0,0,242552340601,"A"
264507,78,49,0,0,242656363201,"N"
264507,68,32,0,0,242760433701,"D"
264507,70,33,0,0,242856418301,"F"
264507,72,35,0,0,242960384401,"H"
264507,66,48,0,0,243056355701,"B"
264507,85,22,0,0,243160342701,"U"
264507,82,19,0,0,243256421601,"R"
264507,71,34,0,0,243360470301,"G"
264507,69,18,0,0,243456455301,"E"
264507,78,49,0,0,243560391901,"N"
264507,76,38,0,0,243656380101,"L"
264507,65,30,0,0,243760367501,"A"
264507,78,49,0,0,243856370901,"N"
264507,68,32,0,0,243960088801,"D"
264507,70,33,0,0,244056359501,"F"
264507,72,35,0,0,244160364901,"H"
264507,66,48,0,0,244257126601,"B"
264507,85,22,0,0,244352547801,"U"
264507,82,19,0,0,244456405001,"R"
264507,71,34,0,0,244552335101,"G"
264507,69,18,0,0,244665459701,"E"
264507,78,49,0,0,244752475401,"N"
264507,76,38,0,0,244856393701,"L"
264507,65,30,0,0,244960390801,"A"
264507,78,49,0,0,245056360601,"N"
264507,68,32,0,0,245160383101,"D"
264507,70,33,0,0,245256478001,"F"
264507,72,35,0,0,245360391901,"H"
264507,66,48,0,0,245456414901,"B"
264507,85,22,0,0,245560349201,"U"
264507,82,19,0,0,245656368001,"R"
264507,71,34,0,0,245760382401,"G"
264507,69,18,0,0,245856095701,"E"
264507,78,49,0,0,245960128601,"N"
264507,76,38,0,0,246056340701,"L"
264507,65,30,0,0,246152373201,"A"
264507,78,49,0,0,246256396201,"N"
264507,68,32,0,0,246360381201,"D"
264507,70,33,0,0,246456459901,"F"
264507,72,35,0,0,246552467501,"H"
264507,66,48,0,0,246656387701,"B"
264507,85,22,0,0,246752512901,"U"
264507,82,19,0,0,246856392101,"R"
264507,71,34,0,0,246960407901,"G"
264507,69,18,0,0,247056354301,"E"
264507,78,49,0,0,247160360201,"N"
264507,76,38,0,0,247256466601,"L"
264507,65,30,0,0,247360403801,"A"
264507,78,49,0,0,247456548601,"N"
264507,68,32,0,0,247560459201,"D"
264507,70,33,0,0,247656502401,"F"
264507,72,35,0,0,247760458701,"H"
264507,66,48,0,0,247856424101,"B"
264507,85,22,0,0,247960456701,"U"
264507,82,19,0,0,248056550201,"R"
264507,71,34,0,0,248160569001,"G"
264507,69,18,0,0,248257192301,"E"
264507,78,49,0,0,248361206301,"N"
264507,76,38,0,0,248456136701,"L"
264507,65,30,0,0,248552465201,"A"
264507,78,49,0,0,248656435401,"N"
264507,68,32,0,0,248760457501,"D"
264507,70,33,0,0,248856380501,"F"
264507,72,35,0,0,248952535201,"H"
264507,66,48,0,0,249056367501,"B"
264507,85,22,0,0,249160445601,"U"
264507,82,19,0,0,249256487301,"R"
264507,71,34,0,0,249360556101,"G"
264507,69,18,0,0,249456467601,"E"
264507,78,49,0,0,249560407101,"N"
264507,76,38,0,0,249656479001,"L"
264507,65,30,0,0,249760450501,"A"
264507,78,49,0,0,249856500801,"N"
264507,68,32,0,0,249960492401,"D"
264507,70,33,0,0,250056389301,"F"
264507,72,35,0,0,250160424301,"H"
264507,66,48,0,0,250256444201,"B"
264507,85,22,0,0,250360389901,"U"
264507,82,19,0,0,250456258601,"R"
264507,71,34,0,0,250560406501,"G"
264507,69,18,0,0,250657128801,"E"
264507,78,49,0,0,250752398201,"N"
264507,76,38,0,0,250856563701,"L"
264507,65,30,0,0,250952193201,"A"
264507,78,49,0,0,251056362901,"N"
264507,68,32,0,0,251160428801,"D"
264507,70,33,0,0,251256447301,"F"
264507,72,35,0,0,251360457501,"H"
264507,66,48,0,0,251456166201,"B"
264507,85,22,0,0,251560159701,"U"
264507,82,19,0,0,251656487201,"R"
264507,71,34,0,0,251760515001,"G"
264507,69,18,0,0,251856312101,"E"
264507,78,49,0,0,251960485301,"N"
264507,76,38,0,0,252056469101,"L"
264507,65,30,0,0,252160391101,"A"
264507,78,49,0,0,252256366101,"N"
264507,68,32,0,0,252360433501,"D"
264507,70,33,0,0,252456450601,"F"
264507,72,35,0,0,252560501901,"H"
264507,66,48,0,0,252656506501,"B"
264507,85,22,0,0,252752487801,"U"
264507,82,19,0,0,252856460701,"R"
264507,71,34,0,0,252952311601,"G"
264507,69,18,0,0,253064399001,"E"
264507,78,49,0,0,253152675801,"N"
264507,76,38,0,0,253256514001,"L"
264507,65,30,0,0,253352383601,"A"
264507,78,49,0,0,253456561201,"N"
264507,68,32,0,0,253560579001,"D"
264507,70,33,0,0,253656442301,"F"
264507,72,35,0,0,253760407701,"H"
264507,66,48,0,0,253856418401,"B"
264507,85,22,0,0,253960559901,"U"
264507,82,19,0,0,254056428301,"R"
264507,71,34,0,0,254160379601,"G"
264507,69,18,0,0,254256492801,"E"
264507,78,49,0,0,254360506901,"N"
264507,76,38,0,0,254456479801,"L"
264507,65,30,0,0,254560568901,"A"
264507,78,49,0,0,254656471401,"N"
264507,68,32,0,0,254760472601,"D"
264507,70,33,0,0,254856457401,"F"
264507,72,35,0,0,254952458101,"H"
264507,66,48,0,0,255056545101,"B"
264507,85,22,0,0,255152482701,"U"
264507,82,19,0,0,255256571701,"R"
264507,71,34,0,0,255352516201,"G"
264507,69,18,0,0,255464474901,"E"
264507,78,49,0,0,255560402901,"N"
264507,76,38,0,0,255656411701,"L"
264507,65,30,0,0,255760452301,"A"
264507,78,49,0,0,255856272901,"N"
264507,68,32,0,0,255960645701,"D"
264507,70,33,0,0,256056451601,"F"
264507,72,35,0,0,256160211701,"H"
264507,66,48,0,0,256256237901,"B"
264507,85,22,0,0,256360222601,"U"
264507,82,19,0,0,256456228701,"R"
264507,71,34,0,0,256560205901,"G"
264507,69,18,0,0,256656196801,"E"
264507,78,49,0,0,256760951801,"N"
264507,76,38,0,0,256856150101,"L"
264507,65,30,0,0,256952210101,"A"
264507,78,49,0,0,257056109001,"N"
264507,68,32,0,0,257160217501,"D"
264507,70,33,0,0,257256322401,"F"
264507,72,35,0,0,257352475501,"H"
264507,66,48,0,0,257456270101,"B"
264507,85,22,0,0,257560510201,"U"
264507,82,19,0,0,257656366001,"R"
264507,71,34,0,0,257760522301,"G"
264507,69,18,0,0,257856265301,"E"
264507,78,49,0,0,257961418501,"N"
264507,76,38,0,0,258056200801,"L"
264507,65,30,0,0,258160474601,"A"
264507,78,49,0,0,258256233201,"N"
264507,68,32,0,0,258360572101,"D"
264507,70,33,0,0,258456535801,"F"
264507,72,35,0,0,258560487501,"H"
264507,66,48,0,0,258657585701,"B"
264507,85,22,0,0,258760495601,"U"
264507,82,19,0,0,258856493701,"R"
264507,71,34,0,0,258960480401,"G"
264507,69,18,0,0,259056583101,"E"
264507,78,49,0,0,259152601601,"N"
264507,76,38,0,0,259256422401,"L"
264507,65,30,0,0,259352556101,"A"
264507,78,49,0,0,259456581101,"N"
264507,68,32,0,0,259560525601,"D"
264507,70,33,0,0,259656533101,"F"
264507,72,35,0,0,259760519801,"H"
264507,66,48,0,0,259856454001,"B"
264507,85,22,0,0,259960493401,"U"
264507,82,19,0,0,260056890401,"R"
264507,71,34,0,0,260160545501,"G"
264507,69,18,0,0,260256258701,"E"
264507,78,49,0,0,260360828301,"N"
264507,76,38,0,0,260456273201,"L"
264507,65,30,0,0,260560546201,"A"
264507,78,49,0,0,260656617401,"N"
264507,68,32,0,0,260760584501,"D"
264507,70,33,0,0,260856508701,"F"
264507,72,35,0,0,260960257001,"H"
264507,66,48,0,0,261056475901,"B"
264507,85,22,0,0,261152584401,"U"
264507,82,19,0,0,261256659901,"R"
264507,71,34,0,0,261352526001,"G"
264507,69,18,0,0,261464568201,"E"
264507,78,49,0,0,261560473801,"N"
264507,76,38,0,0,261656510701,"L"
264507,65,30,0,0,261760672801,"A"
264507,78,49,0,0,261856385701,"N"
264507,68,32,0,0,261960491101,"D"
264507,70,33,0,0,262056187001,"F"
264507,72,35,0,0,262160501401,"H"
264507,66,48,0,0,262256500801,"B"
264507,85,22,0,0,262360462901,"U"
264507,82,19,0,0,262456473701,"R"
264507,71,34,0,0,262560641001,"G"
264507,69,18,0,0,262656526301,"E"
264507,78,49,0,0,262761342901,"N"
264507,76,38,0,0,262856555801,"L"
264507,65,30,0,0,262952623501,"A"
264507,78,49,0,0,263056458501,"N"
264507,68,32,0,0,263160526801,"D"
264507,70,33,0,0,263256370701,"F"
264507,72,35,0,0,263352467101,"H"
264507,66,48,0,0,263456572101,"B"
264507,85,22,0,0,263560321501,"U"
264507,82,19,0,0,263656461101,"R"
264507,71,34,0,0,263760251901,"G"
264507,69,18,0,0,263856491401,"E"
264507,78,49,0,0,263961497801,"N"
264507,76,38,0,0,264056480901,"L"
264507,65,30,0,0,264160463001,"A"
264507,78,49,0,0,264256645201,"N"
264507,68,32,0,0,264360555401,"D"
264507,70,33,0,0,264456728501,"F"
264507,72,35,0,0,264560528201,"H"
264507,66,48,0,0,264656602301,"B"
264507,85,22,0,0,264760597001,"U"
264507,82,19,0,0,264856605601,"R"
264507,71,34,0,0,264960476001,"G"
264507,69,18,0,0,265064463601,"E"
264507,78,49,0,0,265152471001,"N"
264507,76,38,0,0,265256595101,"L"
264507,65,30,0,0,265352545101,"A"
264507,78,49,0,0,265456538901,"N"
264507,68,32,0,0,265560529701,"D"
264507,70,33,0,0,265656563701,"F"
264507,72,35,0,0,265760648401,"H"
264507,66,48,0,0,265856574801,"B"
264507,85,22,0,0,265960571501,"U"
264507,82,19,0,0,266056556401,"R"
264507,71,34,0,0,266160604801,"G"
264507,69,18,0,0,266256341801,"E"
264507,78,49,0,0,266361707801,"N"
264507,76,38,0,0,266456520801,"L"
264507,65,30,0,0,266560524701,"A"
264507,78,49,0,0,266656592201,"N"
264507,68,32,0,0,266760707801,"D"
264507,70,33,0,0,266856561701,"F"
264507,72,35,0,0,266952482101,"H"
264507,66,48,0,0,267056524501,"B"
264507,85,22,0,0,267152546401,"U"
264507,82,19,0,0,267256535101,"R"
264507,71,34,0,0,267352521201,"G"
264507,69,18,0,0,267464582601,"E"
264507,78,49,0,0,267561314001,"N"
264507,76,38,0,0,267656620701,"L"
264507,65,30,0,0,267760643601,"A"
264507,78,49,0,0,267856501001,"N"
264507,68,32,0,0,267960542401,"D"
264507,70,33,0,0,268056563801,"F"
264507,72,35,0,0,268160640801,"H"
264507,66,48,0,0,268256357001,"B"
264507,85,22,0,0,268360552801,"U"
264507,82,19,0,0,268456604901,"R"
264507,71,34,0,0,268560609901,"G"
264507,69,18,0,0,268656684301,"E"
264507,78,49,0,0,268761264501,"N"
264507,76,38,0,0,268856636301,"L"
264507,65,30,0,0,268952603501,"A"
264507,78,49,0,0,269056579601,"N"
264507,68,32,0,0,269160421401,"D"
264507,70,33,0,0,269256607201,"F"
264507,72,35,0,0,269352385201,"H"
264507,66,48,0,0,269456615501,"B"
264507,85,22,0,0,269560705901,"U"
264507,82,19,0,0,269656622701,"R"
264507,71,34,0,0,269760691901,"G"
264507,69,18,0,0,269856862401,"E"
264507,78,49,0,0,269961559601,"N"
264507,76,38,0,0,270056741601,"L"
264507,65,30,0,0,270160591301,"A"
264507,78,49,0,0,270256571401,"N"
264507,68,32,0,0,270360595301,"D"
264507,70,33,0,0,270456589101,"F"
264507,72,35,0,0,270560339801,"H"
264507,66,48,0,0,270657433701,"B"
264507,85,22,0,0,270760669301,"U"
264507,82,19,0,0,270856797601,"R"
264507,71,34,0,0,270960634101,"G"
264507,69,18,0,0,271056406501,"E"
264507,78,49,0,0,271152632201,"N"
264507,76,38,0,0,271256764401,"L"
264507,65,30,0,0,271352696801,"A"
264507,78,49,0,0,271456678001,"N"
264507,68,32,0,0,271560417701,"D"
264507,70,33,0,0,271656614001,"F"
264507,72,35,0,0,271760681101,"H"
264507,66,48,0,0,271856611101,"B"
264507,85,22,0,0,271960579501,"U"
264507,82,19,0,0,272056561401,"R"
264507,71,34,0,0,272160675701,"G"
264507,69,18,0,0,272256625701,"E"
264507,78,49,0,0,272360558501,"N"
264507,76,38,0,0,272456613401,"L"
264507,65,30,0,0,272560657701,"A"
264507,78,49,0,0,272656529001,"N"
264507,68,32,0,0,272760679201,"D"
264507,70,33,0,0,272856591001,"F"
264507,72,35,0,0,272960643401,"H"
264507,66,48,0,0,273056674901,"B"
264507,85,22,0,0,273152641901,"U"
264507,82,19,0,0,273256302701,"R"
264507,71,34,0,0,273352559801,"G"
264507,69,18,0,0,273464694601,"E"
264507,78,49,0,0,273553437601,"N"
264507,76,38,0,0,273656727701,"L"
264507,65,30,0,0,273760741601,"A"
264507,78,49,0,0,273856692801,"N"
264507,68,32,0,0,273960667001,"D"
264507,70,33,0,0,274056583201,"F"
264507,72,35,0,0,274160733201,"H"
264507,66,48,0,0,274256604301,"B"
264507,85,22,0,0,274360666101,"U"
264507,82,19,0,0,274456777901,"R"
264507,71,34,0,0,274560664901,"G"
264507,69,18,0,0,274656622401,"E"
264507,78,49,0,0,274761686201,"N"
264507,76,38,0,0,274856689801,"L"
264507,65,30,0,0,274952608701,"A"
264507,78,49,0,0,275056712601,"N"
264507,68,32,0,0,275160339801,"D"
264507,70,33,0,0,275256627901,"F"
264507,72,35,0,0,275352712501,"H"
264507,66,48,0,0,275456721501,"B"
264507,85,22,0,0,275552651501,"U"
264507,82,19,0,0,275656631801,"R"
264507,71,34,0,0,275760716801,"G"
264507,69,18,0,0,275856503001,"E"
264507,78,49,0,0,275961449801,"N"
264507,76,38,0,0,276056606201,"L"
264507,65,30,0,0,276160646501,"A"
264507,78,49,0,0,276256670501,"N"
264507,68,32,0,0,276360616001,"D"
264507,70,33,0,0,276456698201,"F"
264507,72,35,0,0,276560645701,"H"
264507,66,48,0,0,276656643401,"B"
264507,85,22,0,0,276760718701,"U"
264507,82,19,0,0,276856675301,"R"
264507,71,34,0,0,276960671801,"G"
264507,69,18,0,0,277057232701,"E"
264507,78,49,0,0,277152538001,"N"
264507,76,38,0,0,277256645801,"L"
264507,65,30,0,0,277352580901,"A"
264507,78,49,0,0,277456679601,"N"
264507,68,32,0,0,277560782401,"D"
264507,70,33,0,0,277656682101,"F"
264507,72,35,0,0,277760633401,"H"
264507,66,48,0,0,277856661401,"B"
264507,85,22,0,0,277960620101,"U"
264507,82,19,0,0,278056593501,"R"
264507,71,34,0,0,278160602101,"G"
264507,69,18,0,0,278256376001,"E"
264507,78,49,0,0,278361652501,"N"
264507,76,38,0,0,278456690501,"L"
264507,65,30,0,0,278560616101,"A"
264507,78,49,0,0,278656776701,"N"
264507,68,32,0,0,278760645001,"D"
264507,70,33,0,0,278856635301,"F"
264507,72,35,0,0,278960659201,"H"
264507,66,48,0,0,279056664501,"B"
264507,85,22,0,0,279152646501,"U"
264507,82,19,0,0,279256533501,"R"
264507,71,34,0,0,279352663801,"G"
264507,69,18,0,0,279464700501,"E"
264507,78,49,0,0,279552664801,"N"
264507,76,38,0,0,279656499601,"L"
264507,65,30,0,0,279760815201,"A"
264507,78,49,0,0,279856749801,"N"
264507,68,32,0,0,279960724501,"D"
264507,70,33,0,0,280056645101,"F"
264507,72,35,0,0,280160661201,"H"
264507,66,48,0,0,280256609401,"B"
264507,85,22,0,0,280360775801,"U"
264507,82,19,0,0,280456693901,"R"
264507,71,34,0,0,280560725001,"G"
264507,69,18,0,0,280656606501,"E"
264507,78,49,0,0,280761600401,"N"
264507,76,38,0,0,280856656901,"L"
264507,65,30,0,0,280952617201,"A"
264507,78,49,0,0,281056433601,"N"
264507,68,32,0,0,281160679701,"D"
264507,70,33,0,0,281256701301,"F"
264507,72,35,0,0,281352627801,"H"
264507,66,48,0,0,281456606901,"B"
264507,85,22,0,0,281552388001,"U"
264507,82,19,0,0,281656594101,"R"
264507,71,34,0,0,281760744301,"G"
264507,69,18,0,0,281856715401,"E"
264507,78,49,0,0,281960884501,"N"
264507,76,38,0,0,282056371401,"L"
264507,65,30,0,0,282160698001,"A"
264507,78,49,0,0,282256736501,"N"
264507,68,32,0,0,282360701201,"D"
264507,70,33,0,0,282456324501,"F"
264507,72,35,0,0,282560723201,"H"
264507,66,48,0,0,282656463101,"B"
264507,85,22,0,0,282760690201,"U"
264507,82,19,0,0,282856748401,"R"
264507,71,34,0,0,282960655201,"G"
264507,69,18,0,0,283056735501,"E"
264507,78,49,0,0,283152678701,"N"
264507,76,38,0,0,283256654001,"L"
264507,65,30,0,0,283352709901,"A"
264507,78,49,0,0,283456655401,"N"
264507,68,32,0,0,283560701201,"D"
264507,70,33,0,0,283656735301,"F"
264507,72,35,0,0,283760756201,"H"
264507,66,48,0,0,283856811401,"B"
264507,85,22,0,0,283960810701,"U"
264507,82,19,0,0,284056503801,"R"
264507,71,34,0,0,284161019801,"G"
264507,69,18,0,0,284256810201,"E"
264507,78,49,0,0,284361518801,"N"
264507,76,38,0,0,284456816801,"L"
264507,65,30,0,0,284560754001,"A"
264507,78,49,0,0,284656655001,"N"
264507,68,32,0,0,284760728001,"D"
264507,70,33,0,0,284856829601,"F"
264507,72,35,0,0,284960699601,"H"
264507,66,48,0,0,285064633101,"B"
264507,85,22,0,0,285152742201,"U"
264507,82,19,0,0,285256678801,"R"
264507,71,34,0,0,285352758601,"G"
264507,69,18,0,0,285464714101,"E"
264507,78,49,0,0,285560588201,"N"
264507,76,38,0,0,285656467201,"L"
264507,65,30,0,0,285760715101,"A"
264507,78,49,0,0,285856782501,"N"
264507,68,32,0,0,285960729101,"D"
264507,70,33,0,0,286056835301,"F"
264507,72,35,0,0,286160691601,"H"
264507,66,48,0,0,286256800901,"B"
264507,85,22,0,0,286360776601,"U"
264507,82,19,0,0,286456760001,"R"
264507,71,34,0,0,286560711901,"G"
264507,69,18,0,0,286656826601,"E"
264507,78,49,0,0,286761771101,"N"
264507,76,38,0,0,286856466501,"L"
264507,65,30,0,0,286952660801,"A"
264507,78,49,0,0,287056674601,"N"
264507,68,32,0,0,287160753901,"D"
264507,70,33,0,0,287256807501,"F"
264507,72,35,0,0,287352709901,"H"
264507,66,48,0,0,287456684501,"B"
264507,85,22,0,0,287560729301,"U"
264507,82,19,0,0,287656788601,"R"
264507,71,34,0,0,287760495801,"G"
264507,69,18,0,0,287856852601,"E"
264507,78,49,0,0,287961743801,"N"
264507,76,38,0,0,288056765201,"L"
264507,65,30,0,0,288160453901,"A"
264507,78,49,0,0,288256721101,"N"
264507,68,32,0,0,288360596701,"D"
264507,70,33,0,0,288456861901,"F"
264507,72,35,0,0,288560762601,"H"
264507,66,48,0,0,288656833001,"B"
264507,85,22,0,0,288760664001,"U"
264507,82,19,0,0,288856805801,"R"
264507,71,34,0,0,288960942801,"G"
264507,69,18,0,0,289064652601,"E"
264507,78,49,0,0,289152817401,"N"
264507,76,38,0,0,289256873901,"L"
264507,65,30,0,0,289352803701,"A"
264507,78,49,0,0,289456744801,"N"
264507,68,32,0,0,289560976801,"D"
264507,70,33,0,0,289656845901,"F"
264507,72,35,0,0,289760724701,"H"
264507,66,48,0,0,289856791201,"B"
264507,85,22,0,0,289960783901,"U"
264507,82,19,0,0,290056741401,"R"
264507,71,34,0,0,290160800401,"G"
264507,69,18,0,0,290256952201,"E"
264507,78,49,0,0,290361689901,"N"
264507,76,38,0,0,290456754101,"L"
264507,65,30,0,0,290560876001,"A"
264507,78,49,0,0,290656814401,"N"
264507,68,32,0,0,290760798001,"D"
264507,70,33,0,0,290856596601,"F"
264507,72,35,0,0,290952765001,"H"
264507,66,48,0,0,291056673201,"B"
264507,85,22,0,0,291152728601,"U"
264507,82,19,0,0,291256794601,"R"
264507,71,34,0,0,291360872601,"G"
264507,69,18,0,0,291464772301,"E"
264507,78,49,0,0,291561391901,"N"
264507,76,38,0,0,291656568901,"L"
264507,65,30,0,0,291760798601,"A"
264507,78,49,0,0,291856729801,"N"
264507,68,32,0,0,291960759201,"D"
264507,70,33,0,0,292056731801,"F"
264507,72,35,0,0,292160493501,"H"
264507,66,48,0,0,292256756301,"B"
264507,85,22,0,0,292360665001,"U"
264507,82,19,0,0,292456793501,"R"
264507,71,34,0,0,292560886201,"G"
264507,69,18,0,0,292656551501,"E"
264507,78,49,0,0,292760807501,"N"
264507,76,38,0,0,292856802401,"L"
264507,65,30,0,0,292952737701,"A"
264507,78,49,0,0,293056756101,"N"
264507,68,32,0,0,293160814601,"D"
264507,70,33,0,0,293256492901,"F"
264507,72,35,0,0,293360729801,"H"
264507,66,48,0,0,293456841701,"B"
264507,85,22,0,0,293560859801,"U"
264507,82,19,0,0,293656792501,"R"
264507,71,34,0,0,293760770201,"G"
264507,69,18,0,0,293856745401,"E"
264507,78,49,0,0,293960984501,"N"
264507,76,38,0,0,294056918101,"L"
264507,65,30,0,0,294160879001,"A"
264507,78,49,0,0,294256837901,"N"
264507,68,32,0,0,294360842401,"D"
264507,70,33,0,0,294456848001,"F"
264507,72,35,0,0,294560821001,"H"
264507,66,48,0,0,294656751001,"B"
264507,85,22,0,0,294760847101,"U"
264507,82,19,0,0,294864712301,"R"
264507,71,34,0,0,294952922801,"G"
264507,69,18,0,0,295064958601,"E"
264507,78,49,0,0,295152722001,"N"
264507,76,38,0,0,295256863701,"L"
264507,65,30,0,0,295360933801,"A"
264507,78,49,0,0,295456905301,"N"
264507,68,32,0,0,295560978901,"D"
264507,70,33,0,0,295656813301,"F"
264507,72,35,0,0,295760796101,"H"
264507,66,48,0,0,295856850301,"B"
264507,85,22,0,0,295960800101,"U"
264507,82,19,0,0,296056821701,"R"
264507,71,34,0,0,296160839501,"G"
264507,69,18,0,0,296256879901,"E"
264507,78,49,0,0,296360883601,"N"
264507,76,38,0,0,296456817001,"L"
264507,65,30,0,0,296552848501,"A"
264507,78,49,0,0,296656813601,"N"
264507,68,32,0,0,296760681701,"D"
264507,70,33,0,0,296856769001,"F"
264507,72,35,0,0,296952803401,"H"
264507,66,48,0,0,297056901101,"B"
264507,85,22,0,0,297160826201,"U"
264507,82,19,0,0,297256891501,"R"
264507,71,34,0,0,297360762101,"G"
264507,69,18,0,0,297456826601,"E"
264507,78,49,0,0,297560802701,"N"
264507,76,38,0,0,297656804801,"L"
264507,65,30,0,0,297760898601,"A"
264507,78,49,0,0,297856626101,"N"
264507,68,32,0,0,297960754401,"D"
264507,70,33,0,0,298056866701,"F"
264507,72,35,0,0,298160841001,"H"
264507,66,48,0,0,298256793201,"B"
264507,85,22,0,0,298360871701,"U"
264507,82,19,0,0,298456985301,"R"
264507,71,34,0,0,298560879101,"G"
264507,69,18,0,0,298656836301,"E"
264507,78,49,0,0,298761543701,"N"
264507,76,38,0,0,298856788801,"L"
264507,65,30,0,0,298952838001,"A"
264507,78,49,0,0,299056827601,"N"
264507,68,32,0,0,299160897801,"D"
264507,70,33,0,0,299256956501,"F"
264507,72,35,0,0,299360828601,"H"
264507,66,48,0,0,299456805801,"B"
264507,85,22,0,0,299560835901,"U"
264507,82,19,0,0,299656809101,"R"
264507,71,34,0,0,299760843401,"G"
264507,69,18,0,0,299856673801,"E"
264507,78,49,0,0,299961818401,"N"
264507,76,38,0,0,300056838501,"L"
264507,65,30,0,0,300160895101,"A"
264507,78,49,0,0,300256793701,"N"
264507,68,32,0,0,300360883401,"D"
264507,70,33,0,0,300456803901,"F"
264507,72,35,0,0,300560839601,"H"
264507,66,48,0,0,300658059101,"B"
264507,85,22,0,0,300760908001,"U"
264507,82,19,0,0,300864834901,"R"
264507,71,34,0,0,300952717001,"G"
264507,69,18,0,0,301064858601,"E"
264507,78,49,0,0,301153806701,"N"
264507,76,38,0,0,301256865201,"L"
264507,65,30,0,0,301360848001,"A"
264507,78,49,0,0,301456819201,"N"
264507,68,32,0,0,301561058201,"D"
264507,70,33,0,0,301656933701,"F"
264507,72,35,0,0,301760731701,"H"
264507,66,48,0,0,301856833801,"B"
264507,85,22,0,0,301960886301,"U"
264507,82,19,0,0,302056912601,"R"
264507,71,34,0,0,302160852301,"G"
264507,69,18,0,0,302256609301,"E"
264507,78,49,0,0,302360824901,"N"
264507,76,38,0,0,302456831101,"L"
264507,65,30,0,0,302552885501,"A"
264507,78,49,0,0,302656904401,"N"
264507,68,32,0,0,302760922601,"D"
264507,70,33,0,0,302864938501,"F"
264507,72,35,0,0,302952715001,"H"
264507,66,48,0,0,303056803401,"B"
264507,85,22,0,0,303152890301,"U"
264507,82,19,0,0,303256653801,"R"
264507,71,34,0,0,303360899801,"G"
264507,69,18,0,0,303464894801,"E"
264507,78,49,0,0,303561868201,"N"
264507,76,38,0,0,303657004601,"L"
264507,65,30,0,0,303760882601,"A"
264507,78,49,0,0,303856850301,"N"
264507,68,32,0,0,303960946901,"D"
264507,70,33,0,0,304056931701,"F"
264507,72,35,0,0,304160899001,"H"
264507,66,48,0,0,304256889501,"B"
264507,85,22,0,0,304360871101,"U"
264507,82,19,0,0,304456915101,"R"
264507,71,34,0,0,304561015601,"G"
264507,69,18,0,0,304656861101,"E"
264507,78,49,0,0,304761895301,"N"
264507,76,38,0,0,304856584601,"L"
264507,65,30,0,0,304952860901,"A"
264507,78,49,0,0,305056867601,"N"
264507,68,32,0,0,305160928801,"D"
264507,70,33,0,0,305256646401,"F"
264507,72,35,0,0,305360846501,"H"
264507,66,48,0,0,305456853501,"B"
264507,85,22,0,0,305560952301,"U"
264507,82,19,0,0,305656889901,"R"
264507,71,34,0,0,305760904201,"G"
264507,69,18,0,0,305856888801,"E"
264507,78,49,0,0,305962089901,"N"
264507,76,38,0,0,306056688101,"L"
264507,65,30,0,0,306160932101,"A"
264507,78,49,0,0,306256589201,"N"
264507,68,32,0,0,306360840501,"D"
264507,70,33,0,0,306456714501,"F"
264507,72,35,0,0,306561015901,"H"
264507,66,48,0,0,306656552501,"B"
264507,85,22,0,0,306760934701,"U"
264507,82,19,0,0,306856625401,"R"
264507,71,34,0,0,306960971901,"G"
264507,69,18,0,0,307064864501,"E"
264507,78,49,0,0,307152782501,"N"
264507,76,38,0,0,307256873101,"L"
264507,65,30,0,0,307360881901,"A"
264507,78,49,0,0,307456889901,"N"
264507,68,32,0,0,307560934401,"D"
264507,70,33,0,0,307656976401,"F"
264507,72,35,0,0,307760851701,"H"
264507,66,48,0,0,307856960401,"B"
264507,85,22,0,0,307960908301,"U"
264507,82,19,0,0,308056878201,"R"
264507,71,34,0,0,308160905501,"G"
264507,69,18,0,0,308256707901,"E"
264507,78,49,0,0,308361763101,"N"
264507,76,38,0,0,308456995901,"L"
264507,65,30,0,0,308560927401,"A"
264507,78,49,0,0,308656864401,"N"
264507,68,32,0,0,308760884201,"D"
264507,70,33,0,0,308856849901,"F"
264507,72,35,0,0,308960853501,"H"
264507,66,48,0,0,309064909501,"B"
264507,85,22,0,0,309152991001,"U"
264507,82,19,0,0,309257051301,"R"
264507,71,34,0,0,309360945001,"G"
264507,69,18,0,0,309464928101,"E"
264507,78,49,0,0,309561800801,"N"
264507,76,38,0,0,309656902801,"L"
264507,65,30,0,0,309760936101,"A"
264507,78,49,0,0,309856921301,"N"
264507,68,32,0,0,309960952601,"D"
264507,70,33,0,0,310056921601,"F"
264507,72,35,0,0,310160902301,"H"
264507,66,48,0,0,310256922701,"B"
264507,85,22,0,0,310360965101,"U"
264507,82,19,0,0,310456938901,"R"
264507,71,34,0,0,310560856701,"G"
264507,69,18,0,0,310657060601,"E"
264507,78,49,0,0,310761847601,"N"
264507,76,38,0,0,310856985501,"L"
264507,65,30,0,0,310952909901,"A"
264507,78,49,0,0,311056940301,"N"
264507,68,32,0,0,311161003201,"D"
264507,70,33,0,0,311256887401,"F"
264507,72,35,0,0,311360857201,"H"
264507,66,48,0,0,311456718601,"B"
264507,85,22,0,0,311560920701,"U"
264507,82,19,0,0,311656951901,"R"
264507,71,34,0,0,311760913601,"G"
264507,69,18,0,0,311856900901,"E"
264507,78,49,0,0,311961525201,"N"
264507,76,38,0,0,312056934701,"L"
264507,65,30,0,0,312160671501,"A"
264507,78,49,0,0,312256946901,"N"
264507,68,32,0,0,312360713801,"D"
264507,70,33,0,0,312456961001,"F"
264507,72,35,0,0,312560700601,"H"
264507,66,48,0,0,312656988101,"B"
264507,85,22,0,0,312760931501,"U"
264507,82,19,0,0,312856961101,"R"
264507,71,34,0,0,312960879601,"G"
264507,69,18,0,0,313064987801,"E"
264507,78,49,0,0,313152931501,"N"
264507,76,38,0,0,313257029601,"L"
264507,65,30,0,0,313361066701,"A"
264507,78,49,0,0,313456957401,"N"
264507,68,32,0,0,313560952601,"D"
264507,70,33,0,0,313657018301,"F"
264507,72,35,0,0,313760927501,"H"
264507,66,48,0,0,313856911401,"B"
264507,85,22,0,0,313960973201,"U"
264507,82,19,0,0,314056778201,"R"
264507,71,34,0,0,314161019301,"G"
264507,69,18,0,0,314257000001,"E"
264507,78,49,0,0,314362052701,"N"
264507,76,38,0,0,314457005501,"L"
264507,65,30,0,0,314561013101,"A"
264507,78,49,0,0,314656987501,"N"
264507,68,32,0,0,314761036901,"D"
264507,70,33,0,0,314856954801,"F"
264507,72,35,0,0,314961045201,"H"
264507,66,48,0,0,315064943301,"B"
264507,85,22,0,0,315152977301,"U"
264507,82,19,0,0,315257106901,"R"
264507,71,34,0,0,315360962701,"G"
264507,69,18,0,0,315464941501,"E"
264507,78,49,0,0,315561797501,"N"
264507,76,38,0,0,315657050001,"L"
264507,65,30,0,0,315760970201,"A"
264507,78,49,0,0,315857090401,"N"
264507,68,32,0,0,315961003601,"D"
264507,70,33,0,0,316056957901,"F"
264507,72,35,0,0,316160810501,"H"
264507,66,48,0,0,316257119201,"B"
264507,85,22,0,0,316360999001,"U"
264507,82,19,0,0,316457039301,"R"
264507,71,34,0,0,316560942401,"G"
264507,69,18,0,0,316656958501,"E"
264507,78,49,0,0,316762258601,"N"
264507,76,38,0,0,316856960601,"L"
264507,65,30,0,0,316953001601,"A"
264507,78,49,0,0,317057113101,"N"
264507,68,32,0,0,317160973501,"D"
264507,70,33,0,0,317257099101,"F"
264507,72,35,0,0,317360975201,"H"
264507,66,48,0,0,317457106501,"B"
264507,85,22,0,0,317560933801,"U"
264507,82,19,0,0,317656964101,"R"
264507,71,34,0,0,317760997001,"G"
264507,69,18,0,0,317856982901,"E"
264507,78,49,0,0,317961726301,"N"
264507,76,38,0,0,318057002101,"L"
264507,65,30,0,0,318160986901,"A"
264507,78,49,0,0,318256766601,"N"
264507,68,32,0,0,318361061701,"D"
264507,70,33,0,0,318457179101,"F"
264507,72,35,0,0,318560979901,"H"
264507,66,48,0,0,318657023801,"B"
264507,85,22,0,0,318760992101,"U"
264507,82,19,0,0,318857048901,"R"
264507,71,34,0,0,318961064801,"G"
264507,69,18,0,0,319065078801,"E"
264507,78,49,0,0,319153031301,"N"
264507,76,38,0,0,319257117301,"L"
264507,65,30,0,0,319352965301,"A"
264507,78,49,0,0,319457023401,"N"
264507,68,32,0,0,319561115401,"D"
264507,70,33,0,0,319657075501,"F"
264507,72,35,0,0,319760954601,"H"
264507,66,48,0,0,319857036801,"B"
264507,85,22,0,0,319961066401,"U"
264507,82,19,0,0,320056810201,"R"
264507,71,34,0,0,320161180401,"G"
264507,69,18,0,0,320256969101,"E"
264507,78,49,0,0,320361758001,"N"
264507,76,38,0,0,320457008201,"L"
264507,65,30,0,0,320561022501,"A"
264507,78,49,0,0,320657026101,"N"
264507,68,32,0,0,320761002301,"D"
264507,70,33,0,0,320857016401,"F"
264507,72,35,0,0,320961078501,"H"
264507,66,48,0,0,321065030501,"B"
264507,85,22,0,0,321153012801,"U"
264507,82,19,0,0,321256973601,"R"
264507,71,34,0,0,321353067301,"G"
264507,69,18,0,0,321465788601,"E"
264507,78,49,0,0,321561666801,"N"
264507,76,38,0,0,321656776501,"L"
264507,65,30,0,0,321761155101,"A"
264507,78,49,0,0,321856967201,"N"
264507,68,32,0,0,321961085101,"D"
264507,70,33,0,0,322057039701,"F"
264507,72,35,0,0,322161078401,"H"
264507,66,48,0,0,322257067101,"B"
264507,85,22,0,0,322360927201,"U"
264507,82,19,0,0,322457013601,"R"
264507,71,34,0,0,322561063301,"G"
264507,69,18,0,0,322657782801,"E"
264507,78,49,0,0,322761027001,"N"
264507,76,38,0,0,322857032101,"L"
264507,65,30,0,0,322953005901,"A"
264507,78,49,0,0,323064943201,"N"
264507,68,32,0,0,323161119801,"D"
264507,70,33,0,0,323256777701,"F"
264507,72,35,0,0,323352719901,"H"
264507,66,48,0,0,323457032401,"B"
264507,85,22,0,0,323561022101,"U"
264507,82,19,0,0,323657050901,"R"
264507,71,34,0,0,323761185701,"G"
264507,69,18,0,0,323856980001,"E"
264507,78,49,0,0,323962164101,"N"
264507,76,38,0,0,324057037201,"L"
264507,65,30,0,0,324161183401,"A"
264507,78,49,0,0,324257059701,"N"
264507,68,32,0,0,324361067201,"D"
264507,70,33,0,0,324457030701,"F"
264507,72,35,0,0,324561112501,"H"
264507,66,48,0,0,324657071901,"B"
264507,85,22,0,0,324761043501,"U"
264507,82,19,0,0,324857074301,"R"
264507,71,34,0,0,324961156801,"G"
264507,69,18,0,0,325065025701,"E"
264507,78,49,0,0,325161773801,"N"
264507,76,38,0,0,325257021401,"L"
264507,65,30,0,0,325352869401,"A"
264507,78,49,0,0,325457040601,"N"
264507,68,32,0,0,325561056901,"D"
264507,70,33,0,0,325657063201,"F"
264507,72,35,0,0,325761294501,"H"
264507,66,48,0,0,325857049201,"B"
264507,85,22,0,0,325961059801,"U"
264507,82,19,0,0,326056969701,"R"
264507,71,34,0,0,326161167901,"G"
264507,69,18,0,0,326257013001,"E"
264507,78,49,0,0,326361784501,"N"
264507,76,38,0,0,326456812501,"L"
264507,65,30,0,0,326561316101,"A"
264507,78,49,0,0,326657101101,"N"
264507,68,32,0,0,326761105701,"D"
264507,70,33,0,0,326857065801,"F"
264507,72,35,0,0,326961014101,"H"
264507,66,48,0,0,327057002301,"B"
264507,85,22,0,0,327161020201,"U"
264507,82,19,0,0,327265217701,"R"
264507,71,34,0,0,327361060501,"G"
264507,69,18,0,0,327465068601,"E"
264507,78,49,0,0,327561764601,"N"
264507,76,38,0,0,327657160001,"L"
264507,65,30,0,0,327761096101,"A"
264507,78,49,0,0,327857048501,"N"
264507,68,32,0,0,327961119901,"D"
264507,70,33,0,0,328057118101,"F"
264507,72,35,0,0,328161050301,"H"
264507,66,48,0,0,328257020801,"B"
264507,85,22,0,0,328361088601,"U"
264507,82,19,0,0,328456844201,"R"
264507,71,34,0,0,328561098001,"G"
264507,69,18,0,0,328657061501,"E"
264507,78,49,0,0,328761925101,"N"
264507,76,38,0,0,328857024501,"L"
264507,65,30,0,0,328961200701,"A"
264507,78,49,0,0,329056847801,"N"
264507,68,32,0,0,329160858301,"D"
264507,70,33,0,0,329264918901,"F"
264507,72,35,0,0,329352881701,"H"
264507,66,48,0,0,329457074201,"B"
264507,85,22,0,0,329561067701,"U"
264507,82,19,0,0,329657055501,"R"
264507,71,34,0,0,329761128601,"G"
264507,69,18,0,0,329865115201,"E"
264507,78,49,0,0,329961111301,"N"
264507,76,38,0,0,330056847701,"L"
264507,65,30,0,0,330161076701,"A"
264507,78,49,0,0,330257105401,"N"
264507,68,32,0,0,330361184701,"D"
264507,70,33,0,0,330456848301,"F"
264507,72,35,0,0,330560898401,"H"
264507,66,48,0,0,330656958701,"B"
264507,85,22,0,0,330761138401,"U"
264507,82,19,0,0,330856957801,"R"
264507,71,34,0,0,330961141501,"G"
264507,69,18,0,0,331057031901,"E"
264507,78,49,0,0,331161160201,"N"
264507,76,38,0,0,331256980101,"L"
264507,65,30,0,0,331353182101,"A"
264507,78,49,0,0,331457081701,"N"
264507,68,32,0,0,331561099101,"D"
264507,70,33,0,0,331657176401,"F"
264507,72,35,0,0,331761131101,"H"
264507,66,48,0,0,331857228501,"B"
264507,85,22,0,0,331961120901,"U"
264507,82,19,0,0,332057119501,"R"
264507,71,34,0,0,332161151801,"G"
264507,69,18,0,0,332257102901,"E"
264507,78,49,0,0,332361885001,"N"
264507,76,38,0,0,332457102901,"L"
264507,65,30,0,0,332561096201,"A"
264507,78,49,0,0,332657067801,"N"
264507,68,32,0,0,332761166101,"D"
264507,70,33,0,0,332857158901,"F"
264507,72,35,0,0,332961141501,"H"
264507,66,48,0,0,333065148001,"B"
264507,85,22,0,0,333161067601,"U"
264507,82,19,0,0,333265081401,"R"
264507,71,34,0,0,333361258701,"G"
264507,69,18,0,0,333465170901,"E"
264507,78,49,0,0,333561200501,"N"
264507,76,38,0,0,333657154101,"L"
264507,65,30,0,0,333761156901,"A"
264507,78,49,0,0,333857182201,"N"
264507,68,32,0,0,333961199401,"D"
264507,70,33,0,0,334057087001,"F"
264507,72,35,0,0,334161122701,"H"
264507,66,48,0,0,334257214501,"B"
264507,85,22,0,0,334361171001,"U"
264507,82,19,0,0,334457076201,"R"
264507,71,34,0,0,334561062501,"G"
264507,69,18,0,0,334657108201,"E"
264507,78,49,0,0,334761067501,"N"
264507,76,38,0,0,334857161501,"L"
264507,65,30,0,0,334961393001,"A"
264507,78,49,0,0,335056879701,"N"
264507,68,32,0,0,335161297001,"D"
264507,70,33,0,0,335265177301,"F"
264507,72,35,0,0,335353123801,"H"
264507,66,48,0,0,335465856101,"B"
264507,85,22,0,0,335561157201,"U"
264507,82,19,0,0,335657103701,"R"
264507,71,34,0,0,335761146101,"G"
264507,69,18,0,0,335865219101,"E"
264507,78,49,0,0,335961066801,"N"
264507,76,38,0,0,336057285901,"L"
264507,65,30,0,0,336160872801,"A"
264507,78,49,0,0,336257256701,"N"
264507,68,32,0,0,336360947801,"D"
264507,70,33,0,0,336457120001,"F"
264507,72,35,0,0,336560887701,"H"
264507,66,48,0,0,336657914301,"B"
264507,85,22,0,0,336760963501,"U"
264507,82,19,0,0,336857122501,"R"
264507,71,34,0,0,336961027001,"G"
264507,69,18,0,0,337057182701,"E"
264507,78,49,0,0,337161262601,"N"
264507,76,38,0,0,337257282001,"L"
264507,65,30,0,0,337353124601,"A"
264507,78,49,0,0,337457165101,"N"
264507,68,32,0,0,337561140801,"D"
264507,70,33,0,0,337657106701,"F"
264507,72,35,0,0,337761234301,"H"
264507,66,48,0,0,337857267301,"B"
264507,85,22,0,0,337961186601,"U"
264507,82,19,0,0,338057148301,"R"
264507,71,34,0,0,338161103601,"G"
264507,69,18,0,0,338256758301,"E"
264507,78,49,0,0,338361297701,"N"
264507,76,38,0,0,338457257901,"L"
264507,65,30,0,0,338561157001,"A"
264507,78,49,0,0,338657173101,"N"
264507,68,32,0,0,338761127601,"D"
264507,70,33,0,0,338857097101,"F"
264507,72,35,0,0,338961162401,"H"
264507,66,48,0,0,339065114801,"B"
264507,85,22,0,0,339161304401,"U"
264507,82,19,0,0,339265119601,"R"
264507,71,34,0,0,339361183701,"G"
264507,69,18,0,0,339465676501,"E"
264507,78,49,0,0,339561979101,"N"
264507,76,38,0,0,339657203001,"L"
264507,65,30,0,0,339761316001,"A"
264507,78,49,0,0,339857237901,"N"
264507,68,32,0,0,339961183101,"D"
264507,70,33,0,0,340057203201,"F"
264507,72,35,0,0,340161129501,"H"
264507,66,48,0,0,340257324101,"B"
264507,85,22,0,0,340360968201,"U"
264507,82,19,0,0,340457202501,"R"
264507,71,34,0,0,340561168301,"G"
264507,69,18,0,0,340657926301,"E"
264507,78,49,0,0,340761930301,"N"
264507,76,38,0,0,340857172801,"L"
264507,65,30,0,0,340953146201,"A"
264507,78,49,0,0,341065211201,"N"
264507,68,32,0,0,341161182801,"D"
264507,70,33,0,0,341257161101,"F"
264507,72,35,0,0,341353201301,"H"
264507,66,48,0,0,341457134901,"B"
264507,85,22,0,0,341561291201,"U"
264507,82,19,0,0,341657227601,"R"
264507,71,34,0,0,341761264001,"G"
264507,69,18,0,0,341857236201,"E"
264507,78,49,0,0,341961218201,"N"
264507,76,38,0,0,342057209601,"L"
264507,65,30,0,0,342161233801,"A"
264507,78,49,0,0,342257278201,"N"
264507,68,32,0,0,342361214401,"D"
264507,70,33,0,0,342457211501,"F"
264507,72,35,0,0,342561267501,"H"
264507,66,48,0,0,342657178001,"B"
264507,85,22,0,0,342761183901,"U"
264507,82,19,0,0,342857244601,"R"
264507,71,34,0,0,342961192901,"G"
264507,69,18,0,0,343065273301,"E"
264507,78,49,0,0,343161570201,"N"
264507,76,38,0,0,343257236501,"L"
264507,65,30,0,0,343353440501,"A"
264507,78,49,0,0,343457378501,"N"
264507,68,32,0,0,343561264201,"D"
264507,70,33,0,0,343657268201,"F"
264507,72,35,0,0,343761199001,"H"
264507,66,48,0,0,343857235101,"B"
264507,85,22,0,0,343961204001,"U"
264507,82,19,0,0,344057184501,"R"
264507,71,34,0,0,344161241701,"G"
264507,69,18,0,0,344258050701,"E"
264507,78,49,0,0,344362090601,"N"
264507,76,38,0,0,344457140801,"L"
264507,65,30,0,0,344561264801,"A"
264507,78,49,0,0,344657332701,"N"
264507,68,32,0,0,344761241201,"D"
264507,70,33,0,0,344857325601,"F"
264507,72,35,0,0,344961330201,"H"
264507,66,48,0,0,345065320801,"B"
264507,85,22,0,0,345161215201,"U"
264507,82,19,0,0,345265196701,"R"
264507,71,34,0,0,345353016301,"G"
264507,69,18,0,0,345465219601,"E"
264507,78,49,0,0,345561329301,"N"
264507,76,38,0,0,345657339801,"L"
264507,65,30,0,0,345761221101,"A"
264507,78,49,0,0,345857241601,"N"
264507,68,32,0,0,345961345901,"D"
264507,70,33,0,0,346057205601,"F"
264507,72,35,0,0,346161338301,"H"
264507,66,48,0,0,346257205901,"B"
264507,85,22,0,0,346361385601,"U"
264507,82,19,0,0,346457225201,"R"
264507,71,34,0,0,346561289601,"G"
264507,69,18,0,0,346657054101,"E"
264507,78,49,0,0,346762295501,"N"
264507,76,38,0,0,346857317201,"L"
264507,65,30,0,0,346961209101,"A"
264507,78,49,0,0,347057641901,"N"
264507,68,32,0,0,347161301601,"D"
264507,70,33,0,0,347265328601,"F"
264507,72,35,0,0,347361227601,"H"
264507,66,48,0,0,347466492601,"B"
264507,85,22,0,0,347561373801,"U"
264507,82,19,0,0,347657295901,"R"
264507,71,34,0,0,347761222401,"G"
264507,69,18,0,0,347865291801,"E"
264507,78,49,0,0,347962007701,"N"
264507,76,38,0,0,348057212701,"L"
264507,65,30,0,0,348161237101,"A"
264507,78,49,0,0,348257178501,"N"
264507,68,32,0,0,348361329401,"D"
264507,70,33,0,0,348457317901,"F"
264507,72,35,0,0,348561425301,"H"
264507,66,48,0,0,348657260201,"B"
264507,85,22,0,0,348761140601,"U"
264507,82,19,0,0,348857263801,"R"
264507,71,34,0,0,348961295001,"G"
264507,69,18,0,0,349065313801,"E"
264507,78,49,0,0,349161350001,"N"
264507,76,38,0,0,349257316501,"L"
264507,65,30,0,0,349353047301,"A"
264507,78,49,0,0,349457382701,"N"
264507,68,32,0,0,349561309301,"D"
264507,70,33,0,0,349657370201,"F"
264507,72,35,0,0,349761195501,"H"
264507,66,48,0,0,349857094201,"B"
264507,85,22,0,0,349961276401,"U"
264507,82,19,0,0,350057121801,"R"
264507,71,34,0,0,350161276101,"G"
264507,69,18,0,0,350257404301,"E"
264507,78,49,0,0,350361225601,"N"
264507,76,38,0,0,350457343701,"L"
264507,65,30,0,0,350561290601,"A"
264507,78,49,0,0,350657347301,"N"
264507,68,32,0,0,350761301401,"D"
264507,70,33,0,0,350857322201,"F"
264507,72,35,0,0,350961322301,"H"
264507,66,48,0,0,351057839901,"B"
264507,85,22,0,0,351161263201,"U"
264507,82,19,0,0,351265312801,"R"
264507,71,34,0,0,351361391701,"G"
264507,69,18,0,0,351465341601,"E"
264507,78,49,0,0,351561460901,"N"
264507,76,38,0,0,351657342901,"L"
264507,65,30,0,0,351761275401,"A"
264507,78,49,0,0,351857301201,"N"
264507,68,32,0,0,351961383401,"D"
264507,70,33,0,0,352057196101,"F"
264507,72,35,0,0,352161311501,"H"
264507,66,48,0,0,352257391501,"B"
264507,85,22,0,0,352361218101,"U"
264507,82,19,0,0,352457048601,"R"
264507,71,34,0,0,352561234901,"G"
264507,69,18,0,0,352657243701,"E"
264507,78,49,0,0,352761243301,"N"
264507,76,38,0,0,352857353501,"L"
264507,65,30,0,0,352961306201,"A"
264507,78,49,0,0,353065372501,"N"
264507,68,32,0,0,353161357801,"D"
264507,70,33,0,0,353265028201,"F"
264507,72,35,0,0,353353270701,"H"
264507,66,48,0,0,353457009501,"B"
264507,85,22,0,0,353561259801,"U"
264507,82,19,0,0,353657265101,"R"
264507,71,34,0,0,353761283501,"G"
264507,69,18,0,0,353865265801,"E"
264507,78,49,0,0,353962306601,"N"
264507,76,38,0,0,354057053901,"L"
264507,65,30,0,0,354161315101,"A"
264507,78,49,0,0,354257291701,"N"
264507,68,32,0,0,354361348101,"D"
264507,70,33,0,0,354457091401,"F"
264507,72,35,0,0,354561318701,"H"
264507,66,48,0,0,354657147501,"B"
264507,85,22,0,0,354761235901,"U"
264507,82,19,0,0,354857070301,"R"
264507,71,34,0,0,354961297801,"G"
264507,69,18,0,0,355065283101,"E"
264507,78,49,0,0,355161305501,"N"
264507,76,38,0,0,355257366201,"L"
264507,65,30,0,0,355353392701,"A"
264507,78,49,0,0,355457138401,"N"
264507,68,32,0,0,355561262901,"D"
264507,70,33,0,0,355657436401,"F"
264507,72,35,0,0,355761331301,"H"
264507,66,48,0,0,355857443201,"B"
264507,85,22,0,0,355961361501,"U"
264507,82,19,0,0,356057358801,"R"
264507,71,34,0,0,356161468701,"G"
264507,69,18,0,0,356257332101,"E"
264507,78,49,0,0,356362066501,"N"
264507,76,38,0,0,356457412001,"L"
264507,65,30,0,0,356561412801,"A"
264507,78,49,0,0,356657283201,"N"
264507,68,32,0,0,356761432501,"D"
264507,70,33,0,0,356857317601,"F"
264507,72,35,0,0,356961341101,"H"
264507,66,48,0,0,357065336701,"B"
264507,85,22,0,0,357161334401,"U"
264507,82,19,0,0,357265282701,"R"
264507,71,34,0,0,357361413101,"G"
264507,69,18,0,0,357465328101,"E"
264507,78,49,0,0,357561327001,"N"
264507,76,38,0,0,357657320101,"L"
264507,65,30,0,0,357761328501,"A"
264507,78,49,0,0,357857386601,"N"
264507,68,32,0,0,357961292401,"D"
264507,70,33,0,0,358057344401,"F"
264507,72,35,0,0,358161305701,"H"
264507,66,48,0,0,358257406901,"B"
264507,85,22,0,0,358361142401,"U"
264507,82,19,0,0,358457321301,"R"
264507,71,34,0,0,358561323901,"G"
264507,69,18,0,0,358657108501,"E"
264507,78,49,0,0,358769358201,"N"
264507,76,38,0,0,358857415501,"L"
264507,65,30,0,0,358961348401,"A"
264507,78,49,0,0,359065146701,"N"
264507,68,32,0,0,359161108201,"D"
264507,70,33,0,0,359265305101,"F"
264507,72,35,0,0,359353337601,"H"
264507,66,48,0,0,359457486601,"B"
264507,85,22,0,0,359561374301,"U"
264507,82,19,0,0,359657499001,"R"
264507,71,34,0,0,359761364901,"G"
264507,69,18,0,0,359866103901,"E"
264507,78,49,0,0,359962071801,"N"
264507,76,38,0,0,360057326301,"L"
264507,65,30,0,0,360161131901,"A"
264507,78,49,0,0,360257339901,"N"
264507,68,32,0,0,360361119801,"D"
264507,70,33,0,0,360457360901,"F"
264507,72,35,0,0,360561228601,"H"
264507,66,48,0,0,360658034101,"B"
264507,85,22,0,0,360761224701,"U"
264507,82,19,0,0,360857357201,"R"
264507,71,34,0,0,360961205301,"G"
264507,69,18,0,0,361057396901,"E"
264507,78,49,0,0,361162243401,"N"
264507,76,38,0,0,361257302201,"L"
264507,65,30,0,0,361353399901,"A"
264507,78,49,0,0,361457375301,"N"
264507,68,32,0,0,361561426301,"D"
264507,70,33,0,0,361657474101,"F"
264507,72,35,0,0,361761422501,"H"
264507,66,48,0,0,361857384901,"B"
264507,85,22,0,0,361961471801,"U"
264507,82,19,0,0,362057121001,"R"
264507,71,34,0,0,362161394601,"G"
264507,69,18,0,0,362257393701,"E"
264507,78,49,0,0,362361313701,"N"
264507,76,38,0,0,362457386801,"L"
264507,65,30,0,0,362561362901,"A"
264507,78,49,0,0,362657496501,"N"
264507,68,32,0,0,362761372201,"D"
264507,70,33,0,0,362857494601,"F"
264507,72,35,0,0,362961360901,"H"
264507,66,48,0,0,363058061301,"B"
264507,85,22,0,0,363161363301,"U"
264507,82,19,0,0,363265295001,"R"
264507,71,34,0,0,363361318401,"G"
264507,69,18,0,0,363465331101,"E"
264507,78,49,0,0,363561321201,"N"
264507,76,38,0,0,363657481701,"L"
264507,65,30,0,0,363761402301,"A"
264507,78,49,0,0,363857376501,"N"
264507,68,32,0,0,363961420001,"D"
264507,70,33,0,0,364057446301,"F"
264507,72,35,0,0,364161363601,"H"
264507,66,48,0,0,364257404801,"B"
264507,85,22,0,0,364361523501,"U"
264507,82,19,0,0,364457355001,"R"
264507,71,34,0,0,364561414701,"G"
264507,69,18,0,0,364657365301,"E"
264507,78,49,0,0,364762203101,"N"
264507,76,38,0,0,364857367901,"L"
264507,65,30,0,0,364961420601,"A"
264507,78,49,0,0,365057336801,"N"
264507,68,32,0,0,365161491501,"D"
264507,70,33,0,0,365265418101,"F"
264507,72,35,0,0,365361162901,"H"
264507,66,48,0,0,365466416001,"B"
264507,85,22,0,0,365553383601,"U"
264507,82,19,0,0,365657130701,"R"
264507,71,34,0,0,365761395601,"G"
264507,69,18,0,0,365865353501,"E"
264507,78,49,0,0,365962010001,"N"
264507,76,38,0,0,366057415601,"L"
264507,65,30,0,0,366161411001,"A"
264507,78,49,0,0,366257375301,"N"
264507,68,32,0,0,366361411201,"D"
264507,70,33,0,0,366457394601,"F"
264507,72,35,0,0,366561397601,"H"
264507,66,48,0,0,366657441401,"B"
264507,85,22,0,0,366761414501,"U"
264507,82,19,0,0,366857484901,"R"
264507,71,34,0,0,366961460901,"G"
264507,69,18,0,0,367057424701,"E"
264507,78,49,0,0,367162241501,"N"
264507,76,38,0,0,367265207401,"L"
264507,65,30,0,0,367353345301,"A"
264507,78,49,0,0,367465458201,"N"
264507,68,32,0,0,367561435901,"D"
264507,70,33,0,0,367657399801,"F"
264507,72,35,0,0,367761409201,"H"
264507,66,48,0,0,367857337501,"B"
264507,85,22,0,0,367961450701,"U"
264507,82,19,0,0,368057402701,"R"
264507,71,34,0,0,368161452901,"G"
264507,69,18,0,0,368257197501,"E"
264507,78,49,0,0,368361478601,"N"
264507,76,38,0,0,368457197001,"L"
264507,65,30,0,0,368561483401,"A"
264507,78,49,0,0,368657387001,"N"
264507,68,32,0,0,368761423401,"D"
264507,70,33,0,0,368857344501,"F"
264507,72,35,0,0,368961392401,"H"
264507,66,48,0,0,369058457401,"B"
264507,85,22,0,0,369161417401,"U"
264507,82,19,0,0,369257343301,"R"
264507,71,34,0,0,369361423901,"G"
264507,69,18,0,0,369465258801,"E"
264507,78,49,0,0,369562435901,"N"
264507,76,38,0,0,369657408801,"L"
264507,65,30,0,0,369761472001,"A"
264507,78,49,0,0,369857479101,"N"
264507,68,32,0,0,369961447701,"D"
264507,70,33,0,0,370057367801,"F"
264507,72,35,0,0,370161467901,"H"
264507,66,48,0,0,370257553301,"B"
264507,85,22,0,0,370361423001,"U"
264507,82,19,0,0,370457408201,"R"
264507,71,34,0,0,370561447201,"G"
264507,69,18,0,0,370657568301,"E"
264507,78,49,0,0,370762247701,"N"
264507,76,38,0,0,370857448001,"L"
264507,65,30,0,0,370961405401,"A"
264507,78,49,0,0,371057786601,"N"
264507,68,32,0,0,371161424601,"D"
264507,70,33,0,0,371257471901,"F"
264507,72,35,0,0,371361492401,"H"
264507,66,48,0,0,371465463801,"B"
264507,85,22,0,0,371561442401,"U"
264507,82,19,0,0,371665435101,"R"
264507,71,34,0,0,371761522801,"G"
264507,69,18,0,0,371865420601,"E"
264507,78,49,0,0,371961508201,"N"
264507,76,38,0,0,372057381201,"L"
264507,65,30,0,0,372161468301,"A"
264507,78,49,0,0,372257524701,"N"
264507,68,32,0,0,372361512901,"D"
264507,70,33,0,0,372457119801,"F"
264507,72,35,0,0,372561314501,"H"
264507,66,48,0,0,372657548601,"B"
264507,85,22,0,0,372761522201,"U"
264507,82,19,0,0,372857355401,"R"
264507,71,34,0,0,372961614401,"G"
264507,69,18,0,0,373057389701,"E"
264507,78,49,0,0,373161443401,"N"
264507,76,38,0,0,373257534101,"L"
264507,65,30,0,0,373361443101,"A"
264507,78,49,0,0,373465367401,"N"
264507,68,32,0,0,373561513801,"D"
264507,70,33,0,0,373665427001,"F"
264507,72,35,0,0,373761509501,"H"
264507,66,48,0,0,373865505601,"B"
264507,85,22,0,0,373961481401,"U"
264507,82,19,0,0,374057562201,"R"
264507,71,34,0,0,374161358101,"G"
264507,69,18,0,0,374266210001,"E"
264507,78,49,0,0,374361219601,"N"
264507,76,38,0,0,374457459201,"L"
264507,65,30,0,0,374561432001,"A"
264507,78,49,0,0,374657461301,"N"
264507,68,32,0,0,374761223201,"D"
264507,70,33,0,0,374857427901,"F"
264507,72,35,0,0,374961509101,"H"
264507,66,48,0,0,375057551901,"B"
264507,85,22,0,0,375161572301,"U"
264507,82,19,0,0,375257506501,"R"
264507,71,34,0,0,375361576201,"G"
264507,69,18,0,0,375457620401,"E"
264507,78,49,0,0,375562224701,"N"
264507,76,38,0,0,375657397001,"L"
264507,65,30,0,0,375753542401,"A"
264507,78,49,0,0,375865593601,"N"
264507,68,32,0,0,375961467901,"D"
264507,70,33,0,0,376057430001,"F"
264507,72,35,0,0,376161506601,"H"
264507,66,48,0,0,376257483401,"B"
264507,85,22,0,0,376361349601,"U"
264507,82,19,0,0,376457503101,"R"
264507,71,34,0,0,376561436301,"G"
264507,69,18,0,0,376657491301,"E"
264507,78,49,0,0,376761510301,"N"
264507,76,38,0,0,376857546101,"L"
264507,65,30,0,0,376961460201,"A"
264507,78,49,0,0,377057540001,"N"
264507,68,32,0,0,377161463601,"D"
264507,70,33,0,0,377257200901,"F"
264507,72,35,0,0,377361489701,"H"
264507,66,48,0,0,377457460901,"B"
264507,85,22,0,0,377561528201,"U"
264507,82,19,0,0,377665556101,"R"
264507,71,34,0,0,377761516601,"G"
264507,69,18,0,0,377865242101,"E"
264507,78,49,0,0,377961468401,"N"
264507,76,38,0,0,378057259901,"L"
264507,65,30,0,0,378161508201,"A"
264507,78,49,0,0,378257453301,"N"
264507,68,32,0,0,378361504701,"D"
264507,70,33,0,0,378457412901,"F"
264507,72,35,0,0,378561336101,"H"
264507,66,48,0,0,378657300901,"B"
264507,85,22,0,0,378761487701,"U"
264507,82,19,0,0,378857311101,"R"
264507,71,34,0,0,378961630601,"G"
264507,69,18,0,0,379057372301,"E"
264507,78,49,0,0,379162346801,"N"
264507,76,38,0,0,379257353901,"L"
264507,65,30,0,0,379361572501,"A"
264507,78,49,0,0,379457210301,"N"
264507,68,32,0,0,379561697801,"D"
264507,70,33,0,0,379665463401,"F"
264507,72,35,0,0,379761617101,"H"
264507,66,48,0,0,379865566201,"B"
264507,85,22,0,0,379961617901,"U"
264507,82,19,0,0,380057659101,"R"
264507,71,34,0,0,380161499701,"G"
264507,69,18,0,0,380265567801,"E"
264507,78,49,0,0,380361543301,"N"
264507,76,38,0,0,380457562001,"L"
264507,65,30,0,0,380561477501,"A"
264507,78,49,0,0,380657586701,"N"
264507,68,32,0,0,380761540701,"D"
264507,70,33,0,0,380857455801,"F"
264507,72,35,0,0,380961356301,"H"
264507,66,48,0,0,381057668101,"B"
264507,85,22,0,0,381161523701,"U"
264507,82,19,0,0,381257361501,"R"
264507,71,34,0,0,381361539001,"G"
264507,69,18,0,0,381457570301,"E"
264507,78,49,0,0,381561546501,"N"
264507,76,38,0,0,381665511801,"L"
264507,65,30,0,0,381761499801,"A"
264507,78,49,0,0,381865550601,"N"
264507,68,32,0,0,381961445301,"D"
264507,70,33,0,0,382065536701,"F"
264507,72,35,0,0,382161473101,"H"
264507,66,48,0,0,382257546901,"B"
264507,85,22,0,0,382361462201,"U"
264507,82,19,0,0,382457578401,"R"
264507,71,34,0,0,382561429601,"G"
264507,69,18,0,0,382665601401,"E"
264507,78,49,0,0,382762265501,"N"
264507,76,38,0,0,382857478401,"L"
264507,65,30,0,0,382961479501,"A"
264507,78,49,0,0,383057515201,"N"
264507,68,32,0,0,383161511601,"D"
264507,70,33,0,0,383257269701,"F"
264507,72,35,0,0,383361286501,"H"
264507,66,48,0,0,383457612801,"B"
264507,85,22,0,0,383561564001,"U"
264507,82,19,0,0,383665549201,"R"
264507,71,34,0,0,383761524801,"G"
264507,69,18,0,0,383865685701,"E"
264507,78,49,0,0,383962670001,"N"
264507,76,38,0,0,384057565001,"L"
264507,65,30,0,0,384161508601,"A"
264507,78,49,0,0,384257587801,"N"
264507,68,32,0,0,384361582701,"D"
264507,70,33,0,0,384457594201,"F"
264507,72,35,0,0,384561324001,"H"
264507,66,48,0,0,384657560801,"B"
264507,85,22,0,0,384761381401,"U"
264507,82,19,0,0,384857596301,"R"
264507,71,34,0,0,384961343901,"G"
264507,69,18,0,0,385057603601,"E"
264507,78,49,0,0,385162076501,"N"
264507,76,38,0,0,385257610401,"L"
264507,65,30,0,0,385361376201,"A"
264507,78,49,0,0,385457231201,"N"
264507,68,32,0,0,385561601301,"D"
264507,70,33,0,0,385657606901,"F"
264507,72,35,0,0,385761512901,"H"
264507,66,48,0,0,385865618601,"B"
264507,85,22,0,0,385961575401,"U"
264507,82,19,0,0,386065597501,"R"
264507,71,34,0,0,386161540701,"G"
264507,69,18,0,0,386266370701,"E"
264507,78,49,0,0,386361509301,"N"
264507,76,38,0,0,386457584601,"L"
264507,65,30,0,0,386561563401,"A"
264507,78,49,0,0,386657554801,"N"
264507,68,32,0,0,386761808801,"D"
264507,70,33,0,0,386857545801,"F"
264507,72,35,0,0,386961545401,"H"
264507,66,48,0,0,387057556001,"B"
264507,85,22,0,0,387161717801,"U"
264507,82,19,0,0,387257582901,"R"
264507,71,34,0,0,387361711401,"G"
264507,69,18,0,0,387457615001,"E"
264507,78,49,0,0,387562420701,"N"
264507,76,38,0,0,387657564801,"L"
264507,65,30,0,0,387761594801,"A"
264507,78,49,0,0,387865590901,"N"
264507,68,32,0,0,387961593201,"D"
264507,70,33,0,0,388065549401,"F"
264507,72,35,0,0,388161731701,"H"
264507,66,48,0,0,388265375101,"B"
264507,85,22,0,0,388361601501,"U"
264507,82,19,0,0,388457554401,"R"
264507,71,34,0,0,388561560601,"G"
264507,69,18,0,0,388665628801,"E"
264507,78,49,0,0,388761589001,"N"
264507,76,38,0,0,388857629901,"L"
264507,65,30,0,0,388961603801,"A"
264507,78,49,0,0,389057561701,"N"
264507,68,32,0,0,389161323801,"D"
264507,70,33,0,0,389257559301,"F"
264507,72,35,0,0,389361524701,"H"
264507,66,48,0,0,389457723301,"B"
264507,85,22,0,0,389561541701,"U"
264507,82,19,0,0,389657667301,"R"
264507,71,34,0,0,389761586201,"G"
264507,69,18,0,0,389857368301,"E"
264507,78,49,0,0,389962451901,"N"
264507,76,38,0,0,390065560401,"L"
264507,65,30,0,0,390153406301,"A"
264507,78,49,0,0,390265575901,"N"
264507,68,32,0,0,390361620901,"D"
264507,70,33,0,0,390465333301,"F"
264507,72,35,0,0,390561674401,"H"
264507,66,48,0,0,390657601701,"B"
264507,85,22,0,0,390761585101,"U"
264507,82,19,0,0,390857620201,"R"
264507,71,34,0,0,390961613001,"G"
264507,69,18,0,0,391065401101,"E"
264507,78,49,0,0,391161658901,"N"
264507,76,38,0,0,391257648001,"L"
264507,65,30,0,0,391361678101,"A"
264507,78,49,0,0,391457639401,"N"
264507,68,32,0,0,391561631501,"D"
264507,70,33,0,0,391657631901,"F"
264507,72,35,0,0,391761583801,"H"
264507,66,48,0,0,391857618101,"B"
264507,85,22,0,0,391961660301,"U"
264507,82,19,0,0,392065675801,"R"
264507,71,34,0,0,392161605901,"G"
264507,69,18,0,0,392265683001,"E"
264507,78,49,0,0,392362481101,"N"
264507,76,38,0,0,392457671701,"L"
264507,65,30,0,0,392561750101,"A"
264507,78,49,0,0,392657577401,"N"
264507,68,32,0,0,392761591601,"D"
264507,70,33,0,0,392857546201,"F"
264507,72,35,0,0,392961627001,"H"
264507,66,48,0,0,393057595801,"B"
264507,85,22,0,0,393161649201,"U"
264507,82,19,0,0,393257330401,"R"
264507,71,34,0,0,393361665401,"G"
264507,69,18,0,0,393457599801,"E"
264507,78,49,0,0,393562513801,"N"
264507,76,38,0,0,393657443701,"L"
264507,65,30,0,0,393761634301,"A"
264507,78,49,0,0,393857694401,"N"
264507,68,32,0,0,393961695901,"D"
264507,70,33,0,0,394057632401,"F"
264507,72,35,0,0,394161726001,"H"
264507,66,48,0,0,394265777501,"B"
264507,85,22,0,0,394361663101,"U"
264507,82,19,0,0,394465659501,"R"
264507,71,34,0,0,394561690601,"G"
264507,69,18,0,0,394665708101,"E"
264507,78,49,0,0,394762584901,"N"
264507,76,38,0,0,394857662901,"L"
264507,65,30,0,0,394961610001,"A"
264507,78,49,0,0,395057567601,"N"
264507,68,32,0,0,395161724901,"D"
264507,70,33,0,0,395257577501,"F"
264507,72,35,0,0,395361696901,"H"
264507,66,48,0,0,395457782701,"B"
264507,85,22,0,0,395561691401,"U"
264507,82,19,0,0,395657674601,"R"
264507,71,34,0,0,395761785801,"G"
264507,69,18,0,0,395857639801,"E"
264507,78,49,0,0,395961684101,"N"
264507,76,38,0,0,396057673901,"L"
264507,65,30,0,0,396161840801,"A"
264507,78,49,0,0,396265600201,"N"
264507,68,32,0,0,396361671701,"D"
264507,70,33,0,0,396465699601,"F"
264507,72,35,0,0,396561697501,"H"
264507,66,48,0,0,396666440101,"B"
264507,85,22,0,0,396761347901,"U"
264507,82,19,0,0,396857623101,"R"
264507,71,34,0,0,396961694001,"G"
264507,69,18,0,0,397066661201,"E"
264507,78,49,0,0,397161654201,"N"
264507,76,38,0,0,397257594701,"L"
264507,65,30,0,0,397361597001,"A"
264507,78,49,0,0,397457685001,"N"
264507,68,32,0,0,397561689701,"D"
264507,70,33,0,0,397657718301,"F"
264507,72,35,0,0,397761665901,"H"
264507,66,48,0,0,397857779901,"B"
264507,85,22,0,0,397961651601,"U"
264507,82,19,0,0,398058142701,"R"
264507,71,34,0,0,398161654601,"G"
264507,69,18,0,0,398265349501,"E"
264507,78,49,0,0,398362625001,"N"
264507,76,38,0,0,398465785201,"L"
264507,65,30,0,0,398553662001,"A"
264507,78,49,0,0,398665689401,"N"
264507,68,32,0,0,398761350001,"D"
264507,70,33,0,0,398857620001,"F"
264507,72,35,0,0,398961708901,"H"
264507,66,48,0,0,399057558501,"B"
264507,85,22,0,0,399161648001,"U"
264507,82,19,0,0,399257675801,"R"
264507,71,34,0,0,399361679101,"G"
264507,69,18,0,0,399457683201,"E"
264507,78,49,0,0,399561768301,"N"
264507,76,38,0,0,399657617301,"L"
264507,65,30,0,0,399761717101,"A"
264507,78,49,0,0,399857664501,"N"
264507,68,32,0,0,399961632201,"D"
264507,70,33,0,0,400057659301,"F"
264507,72,35,0,0,400161777301,"H"
264507,66,48,0,0,400257774201,"B"
264507,85,22,0,0,400361795701,"U"
264507,82,19,0,0,400465702901,"R"
264507,71,34,0,0,400561742601,"G"
264507,69,18,0,0,400665883601,"E"
264507,78,49,0,0,400762611901,"N"
264507,76,38,0,0,400857456601,"L"
264507,65,30,0,0,400961684601,"A"
264507,78,49,0,0,401057618401,"N"
264507,68,32,0,0,401161742001,"D"
264507,70,33,0,0,401257669801,"F"
264507,72,35,0,0,401361844001,"H"
264507,66,48,0,0,401457676501,"B"
264507,85,22,0,0,401561370001,"U"
264507,82,19,0,0,401657616101,"R"
264507,71,34,0,0,401761826901,"G"
264507,69,18,0,0,401857643001,"E"
264507,78,49,0,0,401962477501,"N"
264507,76,38,0,0,402057706201,"L"
264507,65,30,0,0,402161674901,"A"
264507,78,49,0,0,402257687301,"N"
264507,68,32,0,0,402361679401,"D"
264507,70,33,0,0,402457819101,"F"
264507,72,35,0,0,402561675201,"H"
264507,66,48,0,0,402665719201,"B"
264507,85,22,0,0,402761735501,"U"
264507,82,19,0,0,402865384201,"R"
264507,71,34,0,0,402961692801,"G"
264507,69,18,0,0,403065693901,"E"
264507,78,49,0,0,403161790801,"N"
264507,76,38,0,0,403257709001,"L"
264507,65,30,0,0,403361802301,"A"
264507,78,49,0,0,403457496101,"N"
264507,68,32,0,0,403561697901,"D"
264507,70,33,0,0,403657538701,"F"
264507,72,35,0,0,403761786301,"H"
264507,66,48,0,0,403857527301,"B"
264507,85,22,0,0,403961773501,"U"
264507,82,19,0,0,404057694601,"R"
264507,71,34,0,0,404161748301,"G"
264507,69,18,0,0,404257801801,"E"
264507,78,49,0,0,404361710201,"N"
264507,76,38,0,0,404457678101,"L"
264507,65,30,0,0,404561739701,"A"
264507,78,49,0,0,404657732601,"N"
264507,68,32,0,0,404761707801,"D"
264507,70,33,0,0,404865746601,"F"
264507,72,35,0,0,404961749401,"H"
264507,66,48,0,0,405065838901,"B"
264507,85,22,0,0,405161709001,"U"
264507,82,19,0,0,405265723901,"R"
264507,71,34,0,0,405361772901,"G"
264507,69,18,0,0,405465865101,"E"
264507,78,49,0,0,405561695201,"N"
264507,76,38,0,0,405657711701,"L"
264507,65,30,0,0,405761670401,"A"
264507,78,49,0,0,405857795201,"N"
264507,68,32,0,0,405961742301,"D"
264507,70,33,0,0,406057751801,"F"
264507,72,35,0,0,406161800501,"H"
264507,66,48,0,0,406257691801,"B"
264507,85,22,0,0,406361720301,"U"
264507,82,19,0,0,406457722401,"R"
264507,71,34,0,0,406561729201,"G"
264507,69,18,0,0,406657471201,"E"
264507,78,49,0,0,406762303001,"N"
264507,76,38,0,0,406857777401,"L"
264507,65,30,0,0,406961825101,"A"
264507,78,49,0,0,407057702601,"N"
264507,68,32,0,0,407161751801,"D"
264507,70,33,0,0,407265681201,"F"
264507,72,35,0,0,407361680001,"H"
264507,66,48,0,0,407466159901,"B"
264507,85,22,0,0,407561688901,"U"
264507,82,19,0,0,407665725001,"R"
264507,71,34,0,0,407761724901,"G"
264507,69,18,0,0,407866713201,"E"
264507,78,49,0,0,407962650501,"N"
264507,76,38,0,0,408057894901,"L"
264507,65,30,0,0,408161869801,"A"
264507,78,49,0,0,408257563801,"N"
264507,68,32,0,0,408361865701,"D"
264507,70,33,0,0,408457824101,"F"
264507,72,35,0,0,408561762101,"H"
264507,66,48,0,0,408657765701,"B"
264507,85,22,0,0,408761688501,"U"
264507,82,19,0,0,408857719301,"R"
264507,71,34,0,0,408961609901,"G"
264507,69,18,0,0,409057773001,"E"
264507,78,49,0,0,409169771501,"N"
264507,76,38,0,0,409257790001,"L"
264507,65,30,0,0,409361630301,"A"
264507,78,49,0,0,409465839901,"N"
264507,68,32,0,0,409561660701,"D"
264507,70,33,0,0,409665717901,"F"
264507,72,35,0,0,409761587601,"H"
264507,66,48,0,0,409865820001,"B"
264507,85,22,0,0,409961860301,"U"
264507,82,19,0,0,410057976101,"R"
264507,71,34,0,0,410161750301,"G"
264507,69,18,0,0,410265800501,"E"
264507,78,49,0,0,410361849001,"N"
264507,76,38,0,0,410457818401,"L"
264507,65,30,0,0,410561905001,"A"
264507,78,49,0,0,410657622101,"N"
264507,68,32,0,0,410761788301,"D"
264507,70,33,0,0,410857765501,"F"
264507,72,35,0,0,410961830901,"H"
264507,66,48,0,0,411057723901,"B"
264507,85,22,0,0,411161769001,"U"
264507,82,19,0,0,411257827401,"R"
264507,71,34,0,0,411361653801,"G"
264507,69,18,0,0,411457763101,"E"
264507,78,49,0,0,411561523601,"N"
264507,76,38,0,0,411657734701,"L"
264507,65,30,0,0,411761809101,"A"
264507,78,49,0,0,411865778801,"N"
264507,68,32,0,0,411961573601,"D"
264507,70,33,0,0,412065743501,"F"
264507,72,35,0,0,412161824301,"H"
264507,66,48,0,0,412266503401,"B"
264507,85,22,0,0,412361818301,"U"
264507,82,19,0,0,412457764201,"R"
264507,71,34,0,0,412561821001,"G"
264507,69,18,0,0,412665909601,"E"
264507,78,49,0,0,412762915001,"N"
264507,76,38,0,0,412857939801,"L"
264507,65,30,0,0,412961792001,"A"
264507,78,49,0,0,413057724401,"N"
264507,68,32,0,0,413161804501,"D"
264507,70,33,0,0,413257756101,"F"
264507,72,35,0,0,413361828601,"H"
264507,66,48,0,0,413457773601,"B"
264507,85,22,0,0,413561759401,"U"
264507,82,19,0,0,413657711201,"R"
264507,71,34,0,0,413761769301,"G"
264507,69,18,0,0,413857634501,"E"
264507,78,49,0,0,413961829101,"N"
264507,76,38,0,0,414057769701,"L"
264507,65,30,0,0,414161812001,"A"
264507,78,49,0,0,414265772801,"N"
264507,68,32,0,0,414361769901,"D"
264507,70,33,0,0,414465716201,"F"
264507,72,35,0,0,414561840601,"H"
264507,66,48,0,0,414665701601,"B"
264507,85,22,0,0,414761634101,"U"
264507,82,19,0,0,414857751201,"R"
264507,71,34,0,0,414961855101,"G"
264507,69,18,0,0,415065544801,"E"
264507,78,49,0,0,415162684001,"N"
264507,76,38,0,0,415257910001,"L"
264507,65,30,0,0,415361838101,"A"
264507,78,49,0,0,415457831801,"N"
264507,68,32,0,0,415561791901,"D"
264507,70,33,0,0,415657802601,"F"
264507,72,35,0,0,415761800901,"H"
264507,66,48,0,0,415857944601,"B"
264507,85,22,0,0,415961766201,"U"
264507,82,19,0,0,416057708401,"R"
264507,71,34,0,0,416161870401,"G"
264507,69,18,0,0,416257772601,"E"
264507,78,49,0,0,416361529501,"N"
264507,76,38,0,0,416465784201,"L"
264507,65,30,0,0,416561784701,"A"
264507,78,49,0,0,416665777501,"N"
264507,68,32,0,0,416761778901,"D"
264507,70,33,0,0,416865845301,"F"
264507,72,35,0,0,416961841201,"H"
264507,66,48,0,0,417065860401,"B"
264507,85,22,0,0,417161873301,"U"
264507,82,19,0,0,417257889201,"R"
264507,71,34,0,0,417361822201,"G"
264507,69,18,0,0,417465767101,"E"
264507,78,49,0,0,417561964301,"N"
264507,76,38,0,0,417657847601,"L"
264507,65,30,0,0,417761861401,"A"
264507,78,49,0,0,417857791001,"N"
264507,68,32,0,0,417961826801,"D"
264507,70,33,0,0,418057554701,"F"
264507,72,35,0,0,418161823201,"H"
264507,66,48,0,0,418257867301,"B"
264507,85,22,0,0,418361560801,"U"
264507,82,19,0,0,418457886601,"R"
264507,71,34,0,0,418561854201,"G"
264507,69,18,0,0,418657844901,"E"
264507,78,49,0,0,418761844401,"N"
264507,76,38,0,0,418865881001,"L"
264507,65,30,0,0,418961975201,"A"
264507,78,49,0,0,419065617201,"N"
264507,68,32,0,0,419161586901,"D"
264507,70,33,0,0,419265859801,"F"
264507,72,35,0,0,419361861801,"H"
264507,66,48,0,0,419457879201,"B"
264507,85,22,0,0,419561970601,"U"
264507,82,19,0,0,419657770601,"R"
264507,71,34,0,0,419762008001,"G"
264507,69,18,0,0,419865862301,"E"
264507,78,49,0,0,419962662401,"N"
264507,76,38,0,0,420057797601,"L"
264507,65,30,0,0,420161839901,"A"
264507,78,49,0,0,420257715801,"N"
264507,68,32,0,0,420361853001,"D"
264507,70,33,0,0,420457863301,"F"
264507,72,35,0,0,420561804501,"H"
264507,66,48,0,0,420657830301,"B"
264507,85,22,0,0,420761893001,"U"
264507,82,19,0,0,420865870201,"R"
264507,71,34,0,0,420961886701,"G"
264507,69,18,0,0,421065921201,"E"
264507,78,49,0,0,421162887301,"N"
264507,76,38,0,0,421265910001,"L"
264507,65,30,0,0,421361852001,"A"
264507,78,49,0,0,421465820201,"N"
264507,68,32,0,0,421561863101,"D"
264507,70,33,0,0,421657886001,"F"
264507,72,35,0,0,421762034701,"H"
264507,66,48,0,0,421857890701,"B"
264507,85,22,0,0,421961922901,"U"
264507,82,19,0,0,422057897701,"R"
264507,71,34,0,0,422161833801,"G"
264507,69,18,0,0,422257856301,"E"
264507,78,49,0,0,422362720901,"N"
264507,76,38,0,0,422457884601,"L"
264507,65,30,0,0,422561919601,"A"
264507,78,49,0,0,422657853301,"N"
264507,68,32,0,0,422761910901,"D"
264507,70,33,0,0,422857859901,"F"
264507,72,35,0,0,422961824601,"H"
264507,66,48,0,0,423057927401,"B"
264507,85,22,0,0,423161880901,"U"
264507,82,19,0,0,423265833801,"R"
264507,71,34,0,0,423361915801,"G"
264507,69,18,0,0,423465912701,"E"
264507,78,49,0,0,423562700601,"N"
264507,76,38,0,0,423657893001,"L"
264507,65,30,0,0,423761860201,"A"
264507,78,49,0,0,423858055601,"N"
264507,68,32,0,0,423961882801,"D"
264507,70,33,0,0,424057974501,"F"
264507,72,35,0,0,424161745501,"H"
264507,66,48,0,0,424257905001,"B"
264507,85,22,0,0,424361598001,"U"
264507,82,19,0,0,424457899101,"R"
264507,71,34,0,0,424561853101,"G"
264507,69,18,0,0,424657808301,"E"
264507,78,49,0,0,424762636201,"N"
264507,76,38,0,0,424857881901,"L"
264507,65,30,0,0,424961907701,"A"
264507,78,49,0,0,425057866401,"N"
264507,68,32,0,0,425161912001,"D"
264507,70,33,0,0,425265905001,"F"
264507,72,35,0,0,425361872001,"H"
264507,66,48,0,0,425465917501,"B"
264507,85,22,0,0,425561893901,"U"
264507,82,19,0,0,425665898501,"R"
264507,71,34,0,0,425761897701,"G"
264507,69,18,0,0,425865954101,"E"
264507,78,49,0,0,425961611501,"N"
264507,76,38,0,0,426057741501,"L"
264507,65,30,0,0,426161931301,"A"
264507,78,49,0,0,426257840601,"N"
264507,68,32,0,0,426361864701,"D"
264507,70,33,0,0,426457912501,"F"
264507,72,35,0,0,426561922401,"H"
264507,66,48,0,0,426657937101,"B"
264507,85,22,0,0,426761933201,"U"
264507,82,19,0,0,426857889801,"R"
264507,71,34,0,0,426961908801,"G"
264507,69,18,0,0,427058309201,"E"
264507,78,49,0,0,427162940601,"N"
264507,76,38,0,0,427257679801,"L"
264507,65,30,0,0,427361874701,"A"
264507,78,49,0,0,427465852701,"N"
264507,68,32,0,0,427561900301,"D"
264507,70,33,0,0,427665885701,"F"
264507,72,35,0,0,427761937401,"H"
264507,66,48,0,0,427865883101,"B"
264507,85,22,0,0,427961915201,"U"
264507,82,19,0,0,428057767001,"R"
264507,71,34,0,0,428161902001,"G"
264507,69,18,0,0,428265578501,"E"
264507,78,49,0,0,428362497301,"N"
264507,76,38,0,0,428458064301,"L"
264507,65,30,0,0,428561874301,"A"
264507,78,49,0,0,428657902801,"N"
264507,68,32,0,0,428761658201,"D"
264507,70,33,0,0,428858001701,"F"
264507,72,35,0,0,428961875901,"H"
264507,66,48,0,0,429057987701,"B"
264507,85,22,0,0,429161952901,"U"
264507,82,19,0,0,429257868301,"R"
264507,71,34,0,0,429361876401,"G"
264507,69,18,0,0,429465691101,"E"
264507,78,49,0,0,429561872701,"N"
264507,76,38,0,0,429665942601,"L"
264507,65,30,0,0,429753951201,"A"
264507,78,49,0,0,429865965701,"N"
264507,68,32,0,0,429962062901,"D"
264507,70,33,0,0,430057910801,"F"
264507,72,35,0,0,430161908301,"H"
264507,66,48,0,0,430257956501,"B"
264507,85,22,0,0,430361626501,"U"
264507,82,19,0,0,430458006001,"R"
264507,71,34,0,0,430561903201,"G"
264507,69,18,0,0,430657757201,"E"
264507,78,49,0,0,430762523001,"N"
264507,76,38,0,0,430857940201,"L"
264507,65,30,0,0,430961935201,"A"
264507,78,49,0,0,431057955301,"N"
264507,68,32,0,0,431161959901,"D"
264507,70,33,0,0,431257953801,"F"
264507,72,35,0,0,431361965601,"H"
264507,66,48,0,0,431465753501,"B"
264507,85,22,0,0,431561856401,"U"
264507,82,19,0,0,431665927501,"R"
264507,71,34,0,0,431761926001,"G"
264507,69,18,0,0,431866010901,"E"
264507,78,49,0,0,431962675401,"N"
264507,76,38,0,0,432057889301,"L"
264507,65,30,0,0,432161905601,"A"
264507,78,49,0,0,432257918901,"N"
264507,68,32,0,0,432361899001,"D"
264507,70,33,0,0,432457770001,"F"
264507,72,35,0,0,432561991301,"H"
264507,66,48,0,0,432657958501,"B"
264507,85,22,0,0,432761974901,"U"
264507,82,19,0,0,432857908601,"R"
264507,71,34,0,0,432962044001,"G"
264507,69,18,0,0,433057926101,"E"
264507,78,49,0,0,433161752401,"N"
264507,76,38,0,0,433258009901,"L"
264507,65,30,0,0,433361699201,"A"
264507,78,49,0,0,433465979901,"N"
264507,68,32,0,0,433561896901,"D"
264507,70,33,0,0,433665901501,"F"
264507,72,35,0,0,433761868501,"H"
264507,66,48,0,0,433865981501,"B"
264507,85,22,0,0,433961955001,"U"
264507,82,19,0,0,434065978601,"R"
264507,71,34,0,0,434161863601,"G"
264507,69,18,0,0,434266007201,"E"
264507,78,49,0,0,434361926001,"N"
264507,76,38,0,0,434458034901,"L"
264507,65,30,0,0,434561918501,"A"
264507,78,49,0,0,434657957301,"N"
264507,68,32,0,0,434762132101,"D"
264507,70,33,0,0,434858045201,"F"
264507,72,35,0,0,434962031301,"H"
264507,66,48,0,0,435057955201,"B"
264507,85,22,0,0,435162077101,"U"
264507,82,19,0,0,435257970501,"R"
264507,71,34,0,0,435362155301,"G"
264507,69,18,0,0,435466731001,"E"
264507,78,49,0,0,435562567401,"N"
264507,76,38,0,0,435665961401,"L"
264507,65,30,0,0,435754035401,"A"
264507,78,49,0,0,435866006301,"N"
264507,68,32,0,0,435962171001,"D"
264507,70,33,0,0,436066051301,"F"
264507,72,35,0,0,436161981101,"H"
264507,66,48,0,0,436258015401,"B"
264507,85,22,0,0,436361988901,"U"
264507,82,19,0,0,436458035901,"R"
264507,71,34,0,0,436561953201,"G"
264507,69,18,0,0,436658019101,"E"
264507,78,49,0,0,436762770001,"N"
264507,76,38,0,0,436858072301,"L"
264507,65,30,0,0,436962029101,"A"
264507,78,49,0,0,437058314501,"N"
264507,68,32,0,0,437162007901,"D"
264507,70,33,0,0,437258148801,"F"
264507,72,35,0,0,437362013701,"H"
264507,66,48,0,0,437465970601,"B"
264507,85,22,0,0,437562165801,"U"
264507,82,19,0,0,437665783501,"R"
264507,71,34,0,0,437761990201,"G"
264507,69,18,0,0,437865971901,"E"
264507,78,49,0,0,437962870101,"N"
264507,76,38,0,0,438057712901,"L"
264507,65,30,0,0,438161939001,"A"
264507,78,49,0,0,438257975101,"N"
264507,68,32,0,0,438361959501,"D"
264507,70,33,0,0,438458172101,"F"
264507,72,35,0,0,438561975501,"H"
264507,66,48,0,0,438657992201,"B"
264507,85,22,0,0,438761791201,"U"
264507,82,19,0,0,438858031301,"R"
264507,71,34,0,0,438962031601,"G"
264507,69,18,0,0,439058105801,"E"
264507,78,49,0,0,439161878601,"N"
264507,76,38,0,0,439258121801,"L"
264507,65,30,0,0,439361994801,"A"
264507,78,49,0,0,439465799801,"N"
264507,68,32,0,0,439562036101,"D"
264507,70,33,0,0,439665712901,"F"
264507,72,35,0,0,439761992501,"H"
264507,66,48,0,0,439865882701,"B"
264507,85,22,0,0,439962066601,"U"
264507,82,19,0,0,440058170901,"R"
264507,71,34,0,0,440162020801,"G"
264507,69,18,0,0,440266121401,"E"
264507,78,49,0,0,440362213901,"N"
264507,76,38,0,0,440458055801,"L"
264507,65,30,0,0,440562045701,"A"
264507,78,49,0,0,440658017901,"N"
264507,68,32,0,0,440762041901,"D"
264507,70,33,0,0,440858127601,"F"
264507,72,35,0,0,440962084401,"H"
264507,66,48,0,0,441058001401,"B"
264507,85,22,0,0,441162007101,"U"
264507,82,19,0,0,441265702401,"R"
264507,71,34,0,0,441361985601,"G"
264507,69,18,0,0,441466055001,"E"
264507,78,49,0,0,441562933801,"N"
264507,76,38,0,0,441657760001,"L"
264507,65,30,0,0,441762052301,"A"
264507,78,49,0,0,441866063001,"N"
264507,68,32,0,0,441962011101,"D"
264507,70,33,0,0,442057981901,"F"
264507,72,35,0,0,442162041501,"H"
264507,66,48,0,0,442257989401,"B"
264507,85,22,0,0,442362013401,"U"
264507,82,19,0,0,442458060501,"R"
264507,71,34,0,0,442562047001,"G"
264507,69,18,0,0,442658074101,"E"
264507,78,49,0,0,442762121001,"N"
264507,76,38,0,0,442858062201,"L"
264507,65,30,0,0,442962044901,"A"
264507,78,49,0,0,443057784701,"N"
264507,68,32,0,0,443162101401,"D"
264507,70,33,0,0,443265770001,"F"
264507,72,35,0,0,443361748501,"H"
264507,66,48,0,0,443466165801,"B"
264507,85,22,0,0,443561807101,"U"
264507,82,19,0,0,443665926101,"R"
264507,71,34,0,0,443762071601,"G"
264507,69,18,0,0,443866167801,"E"
264507,78,49,0,0,443962132701,"N"
264507,76,38,0,0,444058249601,"L"
264507,65,30,0,0,444162192201,"A"
264507,78,49,0,0,444258232001,"N"
264507,68,32,0,0,444362017701,"D"
264507,70,33,0,0,444458069601,"F"
264507,72,35,0,0,444562212801,"H"
264507,66,48,0,0,444658075301,"B"
264507,85,22,0,0,444762228701,"U"
264507,82,19,0,0,444858019001,"R"
264507,71,34,0,0,444962052701,"G"
264507,69,18,0,0,445057757201,"E"
264507,78,49,0,0,445162045001,"N"
264507,76,38,0,0,445266101101,"L"
264507,65,30,0,0,445362076201,"A"
264507,78,49,0,0,445466086001,"N"
264507,68,32,0,0,445562065301,"D"
264507,70,33,0,0,445666019301,"F"
264507,72,35,0,0,445762062401,"H"
264507,66,48,0,0,445866077401,"B"
264507,85,22,0,0,445962095201,"U"
264507,82,19,0,0,446057875201,"R"
264507,71,34,0,0,446162067001,"G"
264507,69,18,0,0,446267015301,"E"
264507,78,49,0,0,446362838001,"N"
264507,76,38,0,0,446458010601,"L"
264507,65,30,0,0,446562095601,"A"
264507,78,49,0,0,446658132801,"N"
264507,68,32,0,0,446762133401,"D"
264507,70,33,0,0,446858121201,"F"
264507,72,35,0,0,446962021801,"H"
264507,66,48,0,0,447057941801,"B"
264507,85,22,0,0,447162197701,"U"
264507,82,19,0,0,447258042401,"R"
264507,71,34,0,0,447362146201,"G"
264507,69,18,0,0,447466104501,"E"
264507,78,49,0,0,447562098401,"N"
264507,76,38,0,0,447666102001,"L"
264507,65,30,0,0,447762090101,"A"
264507,78,49,0,0,447866138901,"N"
264507,68,32,0,0,447961911601,"D"
264507,70,33,0,0,448066085001,"F"
264507,72,35,0,0,448162078301,"H"
264507,66,48,0,0,448258063901,"B"
264507,85,22,0,0,448362049901,"U"
264507,82,19,0,0,448458104001,"R"
264507,71,34,0,0,448562099001,"G"
264507,69,18,0,0,448666200001,"E"
264507,78,49,0,0,448762962801,"N"
264507,76,38,0,0,448857841301,"L"
264507,65,30,0,0,448962063601,"A"
264507,78,49,0,0,449058041801,"N"
264507,68,32,0,0,449162149301,"D"
264507,70,33,0,0,449258197301,"F"
264507,72,35,0,0,449362431601,"H"
264507,66,48,0,0,449466094601,"B"
264507,85,22,0,0,449562247601,"U"
264507,82,19,0,0,449666088401,"R"
264507,71,34,0,0,449762093201,"G"
264507,69,18,0,0,449865781401,"E"
264507,78,49,0,0,449962973401,"N"
264507,76,38,0,0,450057776901,"L"
264507,65,30,0,0,450162249401,"A"
264507,78,49,0,0,450258066901,"N"
264507,68,32,0,0,450362124501,"D"
264507,70,33,0,0,450458097501,"F"
264507,72,35,0,0,450562056301,"H"
264507,66,48,0,0,450658030801,"B"
264507,85,22,0,0,450762158601,"U"
264507,82,19,0,0,450858082301,"R"
264507,71,34,0,0,450962267101,"G"
264507,69,18,0,0,451057852801,"E"
264507,78,49,0,0,451162803901,"N"
264507,76,38,0,0,451258129401,"L"
264507,65,30,0,0,451362247501,"A"
264507,78,49,0,0,451458131401,"N"
264507,68,32,0,0,451561846801,"D"
264507,70,33,0,0,451665822601,"F"
264507,72,35,0,0,451761830501,"H"
264507,66,48,0,0,451865852701,"B"
264507,85,22,0,0,451961849201,"U"
264507,82,19,0,0,452066158601,"R"
264507,71,34,0,0,452162120001,"G"
264507,69,18,0,0,452266129401,"E"
264507,78,49,0,0,452362099201,"N"
264507,76,38,0,0,452458129501,"L"
264507,65,30,0,0,452562176901,"A"
264507,78,49,0,0,452658266101,"N"
264507,68,32,0,0,452762112101,"D"
264507,70,33,0,0,452858263201,"F"
264507,72,35,0,0,452962144701,"H"
264507,66,48,0,0,453058136801,"B"
264507,85,22,0,0,453162099301,"U"
264507,82,19,0,0,453258006401,"R"
264507,71,34,0,0,453362110401,"G"
264507,69,18,0,0,453458111901,"E"
264507,78,49,0,0,453562148601,"N"
264507,76,38,0,0,453666195001,"L"
264507,65,30,0,0,453762086201,"A"
264507,78,49,0,0,453866113401,"N"
264507,68,32,0,0,453961961501,"D"
264507,70,33,0,0,454066182301,"F"
264507,72,35,0,0,454162110501,"H"
264507,66,48,0,0,454266951901,"B"
264507,85,22,0,0,454362257401,"U"
264507,82,19,0,0,454458163901,"R"
264507,71,34,0,0,454562115301,"G"
264507,69,18,0,0,454665976301,"E"
264507,78,49,0,0,454763145201,"N"
264507,76,38,0,0,454858109701,"L"
264507,65,30,0,0,454962143801,"A"
264507,78,49,0,0,455058127801,"N"
264507,68,32,0,0,455162098601,"D"
264507,70,33,0,0,455258054801,"F"
264507,72,35,0,0,455362159201,"H"
264507,66,48,0,0,455458100601,"B"
264507,85,22,0,0,455561919601,"U"
264507,82,19,0,0,455666240501,"R"
264507,71,34,0,0,455762135401,"G"
264507,69,18,0,0,455865977001,"E"
264507,78,49,0,0,455962172201,"N"
264507,76,38,0,0,456066058001,"L"
264507,65,30,0,0,456161888701,"A"
264507,78,49,0,0,456266108001,"N"
264507,68,32,0,0,456362017201,"D"
264507,70,33,0,0,456458128801,"F"
264507,72,35,0,0,456562287801,"H"
264507,66,48,0,0,456658210701,"B"
264507,85,22,0,0,456762171401,"U"
264507,82,19,0,0,456858154001,"R"
264507,71,34,0,0,456962272701,"G"
264507,69,18,0,0,457058378801,"E"
264507,78,49,0,0,457162201301,"N"
264507,76,38,0,0,457258352101,"L"
264507,65,30,0,0,457361832701,"A"
264507,78,49,0,0,457458121801,"N"
264507,68,32,0,0,457562034401,"D"
264507,70,33,0,0,457666199201,"F"
264507,72,35,0,0,457762092501,"H"
264507,66,48,0,0,457866099401,"B"
264507,85,22,0,0,457961976201,"U"
264507,82,19,0,0,458066200601,"R"
264507,71,34,0,0,458161882501,"G"
264507,69,18,0,0,458265829101,"E"
264507,78,49,0,0,458363003201,"N"
264507,76,38,0,0,458457923001,"L"
264507,65,30,0,0,458562152401,"A"
264507,78,49,0,0,458658242201,"N"
264507,68,32,0,0,458762134601,"D"
264507,70,33,0,0,458858091501,"F"
264507,72,35,0,0,458962217001,"H"
264507,66,48,0,0,459058250601,"B"
264507,85,22,0,0,459162205901,"U"
264507,82,19,0,0,459258297801,"R"
264507,71,34,0,0,459362195001,"G"
264507,69,18,0,0,459457960301,"E"
264507,78,49,0,0,459562279001,"N"
264507,76,38,0,0,459658197201,"L"
264507,65,30,0,0,459762381801,"A"
264507,78,49,0,0,459866263601,"N"
264507,68,32,0,0,459962174801,"D"
264507,70,33,0,0,460066116101,"F"
264507,72,35,0,0,460162297601,"H"
264507,66,48,0,0,460266916001,"B"
264507,85,22,0,0,460362184501,"U"
264507,82,19,0,0,460466214901,"R"
264507,71,34,0,0,460562566101,"G"
264507,69,18,0,0,460666287701,"E"
264507,78,49,0,0,460762224301,"N"
264507,76,38,0,0,460858186601,"L"
264507,65,30,0,0,460962181501,"A"
264507,78,49,0,0,461058127701,"N"
264507,68,32,0,0,461162091801,"D"
264507,70,33,0,0,461258202001,"F"
264507,72,35,0,0,461362241301,"H"
264507,66,48,0,0,461458192001,"B"
264507,85,22,0,0,461562124501,"U"
264507,82,19,0,0,461658131001,"R"
264507,71,34,0,0,461762193801,"G"
264507,69,18,0,0,461866189401,"E"
264507,78,49,0,0,461962967101,"N"
264507,76,38,0,0,462066018301,"L"
264507,65,30,0,0,462162283001,"A"
264507,78,49,0,0,462266167501,"N"
264507,68,32,0,0,462362230301,"D"
264507,70,33,0,0,462466130701,"F"
264507,72,35,0,0,462562198701,"H"
264507,66,48,0,0,462658226301,"B"
264507,85,22,0,0,462762211201,"U"
264507,82,19,0,0,462858209901,"R"
264507,71,34,0,0,462962184401,"G"
264507,69,18,0,0,463058362401,"E"
264507,78,49,0,0,463162336601,"N"
264507,76,38,0,0,463258274001,"L"
264507,65,30,0,0,463362303001,"A"
264507,78,49,0,0,463458212801,"N"
264507,68,32,0,0,463562221301,"D"
264507,70,33,0,0,463666012501,"F"
264507,72,35,0,0,463762086601,"H"
264507,66,48,0,0,463866123601,"B"
264507,85,22,0,0,463962246301,"U"
264507,82,19,0,0,464066228001,"R"
264507,71,34,0,0,464162013201,"G"
264507,69,18,0,0,464266152501,"E"
264507,78,49,0,0,464363285001,"N"
264507,76,38,0,0,464457903001,"L"
264507,65,30,0,0,464562259501,"A"
264507,78,49,0,0,464658178201,"N"
264507,68,32,0,0,464762241201,"D"
264507,70,33,0,0,464858249101,"F"
264507,72,35,0,0,464962253801,"H"
264507,66,48,0,0,465058277701,"B"
264507,85,22,0,0,465162214601,"U"
264507,82,19,0,0,465258377401,"R"
264507,71,34,0,0,465362227301,"G"
264507,69,18,0,0,465458193401,"E"
264507,78,49,0,0,465563319201,"N"
264507,76,38,0,0,465658358501,"L"
264507,65,30,0,0,465762229101,"A"
264507,78,49,0,0,465866251901,"N"
264507,68,32,0,0,465962242601,"D"
264507,70,33,0,0,466066226301,"F"
264507,72,35,0,0,466162354301,"H"
264507,66,48,0,0,466266212101,"B"
264507,85,22,0,0,466362204301,"U"
264507,82,19,0,0,466466165001,"R"
264507,71,34,0,0,466562206801,"G"
264507,69,18,0,0,466666238001,"E"
264507,78,49,0,0,466762225501,"N"
264507,76,38,0,0,466858217101,"L"
264507,65,30,0,0,466962286901,"A"
264507,78,49,0,0,467058137001,"N"
264507,68,32,0,0,467162252201,"D"
264507,70,33,0,0,467258209401,"F"
264507,72,35,0,0,467362257901,"H"
264507,66,48,0,0,467458289101,"B"
264507,85,22,0,0,467562328501,"U"
264507,82,19,0,0,467658372001,"R"
264507,71,34,0,0,467762242601,"G"
264507,69,18,0,0,467866227401,"E"
264507,78,49,0,0,467962237701,"N"
264507,76,38,0,0,468066192101,"L"
264507,65,30,0,0,468162239701,"A"
264507,78,49,0,0,468266122501,"N"
264507,68,32,0,0,468362243301,"D"
264507,70,33,0,0,468466267301,"F"
264507,72,35,0,0,468562312801,"H"
264507,66,48,0,0,468658289201,"B"
264507,85,22,0,0,468762308101,"U"
264507,82,19,0,0,468858269801,"R"
264507,71,34,0,0,468962437701,"G"
264507,69,18,0,0,469066157001,"E"
264507,78,49,0,0,469163358801,"N"
264507,76,38,0,0,469258342801,"L"
264507,65,30,0,0,469362236401,"A"
264507,78,49,0,0,469458382101,"N"
264507,68,32,0,0,469562238401,"D"
264507,70,33,0,0,469658224501,"F"
264507,72,35,0,0,469762042201,"H"
264507,66,48,0,0,469866225401,"B"
264507,85,22,0,0,469962207501,"U"
264507,82,19,0,0,470066257401,"R"
264507,71,34,0,0,470162351301,"G"
264507,69,18,0,0,470266186501,"E"
264507,78,49,0,0,470363345101,"N"
264507,76,38,0,0,470458375201,"L"
264507,65,30,0,0,470562266001,"A"
264507,78,49,0,0,470658411701,"N"
264507,68,32,0,0,470762304401,"D"
264507,70,33,0,0,470858283101,"F"
264507,72,35,0,0,470962253201,"H"
264507,66,48,0,0,471058026701,"B"
264507,85,22,0,0,471162295001,"U"
264507,82,19,0,0,471258225501,"R"
264507,71,34,0,0,471362326401,"G"
264507,69,18,0,0,471458290001,"E"
264507,78,49,0,0,471562299301,"N"
264507,76,38,0,0,471658374601,"L"
264507,65,30,0,0,471762351801,"A"
264507,78,49,0,0,471866331101,"N"
264507,68,32,0,0,471962299301,"D"
264507,70,33,0,0,472066223601,"F"
264507,72,35,0,0,472162255801,"H"
264507,66,48,0,0,472266239501,"B"
264507,85,22,0,0,472362058301,"U"
264507,82,19,0,0,472466301601,"R"
264507,71,34,0,0,472562274901,"G"
264507,69,18,0,0,472666310401,"E"
264507,78,49,0,0,472762300501,"N"
264507,76,38,0,0,472858282801,"L"
264507,65,30,0,0,472962416201,"A"
264507,78,49,0,0,473058625701,"N"
264507,68,32,0,0,473162390301,"D"
264507,70,33,0,0,473257997901,"F"
264507,72,35,0,0,473362293101,"H"
264507,66,48,0,0,473458411401,"B"
264507,85,22,0,0,473562336601,"U"
264507,82,19,0,0,473658327601,"R"
264507,71,34,0,0,473762239401,"G"
264507,69,18,0,0,473866377601,"E"
264507,78,49,0,0,473963009401,"N"
264507,76,38,0,0,474066288801,"L"
264507,65,30,0,0,474162398901,"A"
264507,78,49,0,0,474266296201,"N"
264507,68,32,0,0,474362301401,"D"
264507,70,33,0,0,474466301301,"F"
264507,72,35,0,0,474562269101,"H"
264507,66,48,0,0,474666284201,"B"
264507,85,22,0,0,474762282201,"U"
264507,82,19,0,0,474858258401,"R"
264507,71,34,0,0,474962331801,"G"
264507,69,18,0,0,475066239601,"E"
264507,78,49,0,0,475162355101,"N"
264507,76,38,0,0,475258085001,"L"
264507,65,30,0,0,475362307901,"A"
264507,78,49,0,0,475458271601,"N"
264507,68,32,0,0,475562328601,"D"
264507,70,33,0,0,475658331301,"F"
264507,72,35,0,0,475762477501,"H"
264507,66,48,0,0,475866329401,"B"
264507,85,22,0,0,475962373701,"U"
264507,82,19,0,0,476065994101,"R"
264507,71,34,0,0,476162320501,"G"
264507,69,18,0,0,476266373801,"E"
264507,78,49,0,0,476363233401,"N"
264507,76,38,0,0,476466264001,"L"
264507,65,30,0,0,476562256701,"A"
264507,78,49,0,0,476666330701,"N"
264507,68,32,0,0,476762246701,"D"
264507,70,33,0,0,476858531801,"F"
264507,72,35,0,0,476962307301,"H"
264507,66,48,0,0,477058346601,"B"
264507,85,22,0,0,477162366401,"U"
264507,82,19,0,0,477258468001,"R"
264507,71,34,0,0,477362319501,"G"
264507,69,18,0,0,477458332001,"E"
264507,78,49,0,0,477563236901,"N"
264507,76,38,0,0,477658550401,"L"
264507,65,30,0,0,477762329101,"A"
264507,78,49,0,0,477858362801,"N"
264507,68,32,0,0,477962263301,"D"
264507,70,33,0,0,478066269301,"F"
264507,72,35,0,0,478162391901,"H"
264507,66,48,0,0,478267359801,"B"
264507,85,22,0,0,478362459801,"U"
264507,82,19,0,0,478466451701,"R"
264507,71,34,0,0,478562383701,"G"
264507,69,18,0,0,478666117201,"E"
264507,78,49,0,0,478763059001,"N"
264507,76,38,0,0,478858458301,"L"
264507,65,30,0,0,478962325601,"A"
264507,78,49,0,0,479058355201,"N"
264507,68,32,0,0,479162091001,"D"
264507,70,33,0,0,479258288301,"F"
264507,72,35,0,0,479362453001,"H"
264507,66,48,0,0,479458375801,"B"
264507,85,22,0,0,479562390901,"U"
264507,82,19,0,0,479658341301,"R"
264507,71,34,0,0,479762315601,"G"
264507,69,18,0,0,479858323101,"E"
264507,78,49,0,0,479962937201,"N"
264507,76,38,0,0,480066292401,"L"
264507,65,30,0,0,480162362901,"A"
264507,78,49,0,0,480266454801,"N"
264507,68,32,0,0,480362323801,"D"
264507,70,33,0,0,480466314701,"F"
264507,72,35,0,0,480562387201,"H"
264507,66,48,0,0,480666434901,"B"
264507,85,22,0,0,480762353801,"U"
264507,82,19,0,0,480858465501,"R"
264507,71,34,0,0,480962409101,"G"
264507,69,18,0,0,481066198701,"E"
264507,78,49,0,0,481162373401,"N"
264507,76,38,0,0,481258405301,"L"
264507,65,30,0,0,481362368901,"A"
264507,78,49,0,0,481458395401,"N"
264507,68,32,0,0,481562313001,"D"
264507,70,33,0,0,481658346701,"F"
264507,72,35,0,0,481762161901,"H"
264507,66,48,0,0,481866495101,"B"
264507,85,22,0,0,481962114801,"U"
264507,82,19,0,0,482066140801,"R"
264507,71,34,0,0,482162038501,"G"
264507,69,18,0,0,482266323901,"E"
264507,78,49,0,0,482362177601,"N"
264507,76,38,0,0,482466369101,"L"
264507,65,30,0,0,482562360401,"A"
264507,78,49,0,0,482666354101,"N"
264507,68,32,0,0,482762379601,"D"
264507,70,33,0,0,482858327901,"F"
264507,72,35,0,0,482962467001,"H"
264507,66,48,0,0,483058363301,"B"
264507,85,22,0,0,483162443201,"U"
264507,82,19,0,0,483258160901,"R"
264507,71,34,0,0,483362377501,"G"
264507,69,18,0,0,483458427601,"E"
264507,78,49,0,0,483562346901,"N"
264507,76,38,0,0,483658424101,"L"
264507,65,30,0,0,483762378401,"A"
264507,78,49,0,0,483866136101,"N"
264507,68,32,0,0,483962688801,"D"
264507,70,33,0,0,484066336801,"F"
264507,72,35,0,0,484162407701,"H"
264507,66,48,0,0,484266347501,"B"
264507,85,22,0,0,484362390301,"U"
264507,82,19,0,0,484466481601,"R"
264507,71,34,0,0,484562376001,"G"
264507,69,18,0,0,484667261301,"E"
264507,78,49,0,0,484762436301,"N"
264507,76,38,0,0,484858434101,"L"
264507,65,30,0,0,484962340401,"A"
264507,78,49,0,0,485058430801,"N"
264507,68,32,0,0,485162383701,"D"
264507,70,33,0,0,485258528001,"F"
264507,72,35,0,0,485362396301,"H"
264507,66,48,0,0,485458518301,"B"
264507,85,22,0,0,485562520801,"U"
264507,82,19,0,0,485658477901,"R"
264507,71,34,0,0,485762397101,"G"
264507,69,18,0,0,485866198201,"E"
264507,78,49,0,0,485962416901,"N"
264507,76,38,0,0,486066356201,"L"
264507,65,30,0,0,486162442601,"A"
264507,78,49,0,0,486266321301,"N"
264507,68,32,0,0,486362381301,"D"
264507,70,33,0,0,486466350401,"F"
264507,72,35,0,0,486562359101,"H"
264507,66,48,0,0,486666447201,"B"
264507,85,22,0,0,486762507301,"U"
264507,82,19,0,0,486858442201,"R"
264507,71,34,0,0,486962355101,"G"
264507,69,18,0,0,487066094701,"E"
264507,78,49,0,0,487162452201,"N"
264507,76,38,0,0,487258425901,"L"
264507,65,30,0,0,487362415601,"A"
264507,78,49,0,0,487458486901,"N"
264507,68,32,0,0,487562448201,"D"
264507,70,33,0,0,487666155001,"F"
264507,72,35,0,0,487762479501,"H"
264507,66,48,0,0,487866240701,"B"
264507,85,22,0,0,487962387401,"U"
264507,82,19,0,0,488066304301,"R"
264507,71,34,0,0,488162456001,"G"
264507,69,18,0,0,488266505601,"E"
264507,78,49,0,0,488363141201,"N"
264507,76,38,0,0,488458121501,"L"
264507,65,30,0,0,488562457101,"A"
264507,78,49,0,0,488658407001,"N"
264507,68,32,0,0,488762412001,"D"
264507,70,33,0,0,488858399501,"F"
264507,72,35,0,0,488962384101,"H"
264507,66,48,0,0,489058465101,"B"
264507,85,22,0,0,489162458301,"U"
264507,82,19,0,0,489258429501,"R"
264507,71,34,0,0,489362281901,"G"
264507,69,18,0,0,489458377201,"E"
264507,78,49,0,0,489562476001,"N"
264507,76,38,0,0,489666420201,"L"
264507,65,30,0,0,489762467901,"A"
264507,78,49,0,0,489866413201,"N"
264507,68,32,0,0,489962432101,"D"
264507,70,33,0,0,490066309101,"F"
264507,72,35,0,0,490162471701,"H"
264507,66,48,0,0,490267543901,"B"
264507,85,22,0,0,490362247601,"U"
264507,82,19,0,0,490458542301,"R"
264507,71,34,0,0,490562303001,"G"
264507,69,18,0,0,490666457101,"E"
264507,78,49,0,0,490763476501,"N"
264507,76,38,0,0,490858478601,"L"
264507,65,30,0,0,490962451001,"A"
264507,78,49,0,0,491058433701,"N"
264507,68,32,0,0,491162568701,"D"
264507,70,33,0,0,491258528201,"F"
264507,72,35,0,0,491362512001,"H"
264507,66,48,0,0,491466393501,"B"
264507,85,22,0,0,491562495001,"U"
264507,82,19,0,0,491666227201,"R"
264507,71,34,0,0,491762551601,"G"
264507,69,18,0,0,491866441201,"E"
264507,78,49,0,0,491963320301,"N"
264507,76,38,0,0,492058153501,"L"
264507,65,30,0,0,492162580001,"A"
264507,78,49,0,0,492258450101,"N"
264507,68,32,0,0,492362555701,"D"
264507,70,33,0,0,492458500201,"F"
264507,72,35,0,0,492562518801,"H"
264507,66,48,0,0,492658444301,"B"
264507,85,22,0,0,492762404601,"U"
264507,82,19,0,0,492858528501,"R"
264507,71,34,0,0,492962529301,"G"
264507,69,18,0,0,493058350001,"E"
264507,78,49,0,0,493163424301,"N"
264507,76,38,0,0,493258140701,"L"
264507,65,30,0,0,493362545001,"A"
264507,78,49,0,0,493466488501,"N"
264507,68,32,0,0,493562427501,"D"
264507,70,33,0,0,493666555801,"F"
264507,72,35,0,0,493762484101,"H"
264507,66,48,0,0,493866421801,"B"
264507,85,22,0,0,493962485401,"U"
264507,82,19,0,0,494066446601,"R"
264507,71,34,0,0,494162229001,"G"
264507,69,18,0,0,494266481501,"E"
264507,78,49,0,0,494362544601,"N"
264507,76,38,0,0,494458488901,"L"
264507,65,30,0,0,494562565001,"A"
264507,78,49,0,0,494658460701,"N"
264507,68,32,0,0,494762468301,"D"
264507,70,33,0,0,494858484301,"F"
264507,72,35,0,0,494962441101,"H"
264507,66,48,0,0,495058641101,"B"
264507,85,22,0,0,495162607001,"U"
264507,82,19,0,0,495266491701,"R"
264507,71,34,0,0,495362586601,"G"
264507,69,18,0,0,495466589001,"E"
264507,78,49,0,0,495563160501,"N"
264507,76,38,0,0,495666436701,"L"
264507,65,30,0,0,495762719401,"A"
264507,78,49,0,0,495866483201,"N"
264507,68,32,0,0,495962650201,"D"
264507,70,33,0,0,496066442001,"F"
264507,72,35,0,0,496162473901,"H"
264507,66,48,0,0,496267318501,"B"
264507,85,22,0,0,496362513701,"U"
264507,82,19,0,0,496458523701,"R"
264507,71,34,0,0,496562443201,"G"
264507,69,18,0,0,496666478601,"E"
264507,78,49,0,0,496762544201,"N"
264507,76,38,0,0,496858551601,"L"
264507,65,30,0,0,496962514901,"A"
264507,78,49,0,0,497058569101,"N"
264507,68,32,0,0,497162497901,"D"
264507,70,33,0,0,497266539601,"F"
264507,72,35,0,0,497362494101,"H"
264507,66,48,0,0,497466522301,"B"
264507,85,22,0,0,497562596701,"U"
264507,82,19,0,0,497666483901,"R"
264507,71,34,0,0,497762543601,"G"
264507,69,18,0,0,497866542801,"E"
264507,78,49,0,0,497963176901,"N"
264507,76,38,0,0,498058324501,"L"
264507,65,30,0,0,498162489901,"A"
264507,78,49,0,0,498258489601,"N"
264507,68,32,0,0,498362520801,"D"
264507,70,33,0,0,498458515501,"F"
264507,72,35,0,0,498562498901,"H"
264507,66,48,0,0,498658638201,"B"
264507,85,22,0,0,498762454201,"U"
264507,82,19,0,0,498858219101,"R"
264507,71,34,0,0,498962476301,"G"
264507,69,18,0,0,499058212101,"E"
264507,78,49,0,0,499162529501,"N"
264507,76,38,0,0,499266580901,"L"
264507,65,30,0,0,499362528401,"A"
264507,78,49,0,0,499466519201,"N"
264507,68,32,0,0,499562502801,"D"
264507,70,33,0,0,499666444201,"F"
264507,72,35,0,0,499762462801,"H"
264507,66,48,0,0,499866541101,"B"
264507,85,22,0,0,499962529701,"U"
264507,82,19,0,0,500066918401,"R"
264507,71,34,0,0,500162571101,"G"
264507,69,18,0,0,500266530001,"E"
264507,78,49,0,0,500362533001,"N"
264507,76,38,0,0,500458289001,"L"
264507,65,30,0,0,500562501201,"A"
264507,78,49,0,0,500658345201,"N"
264507,68,32,0,0,500762503001,"D"
264507,70,33,0,0,500858324501,"F"
264507,72,35,0,0,500962501501,"H"
264507,66,48,0,0,501058549801,"B"
264507,85,22,0,0,501162480101,"U"
264507,82,19,0,0,501266309601,"R"
264507,71,34,0,0,501362507601,"G"
264507,69,18,0,0,501466508801,"E"
264507,78,49,0,0,501562555201,"N"
264507,76,38,0,0,501666575701,"L"
264507,65,30,0,0,501762577001,"A"
264507,78,49,0,0,501866510901,"N"
264507,68,32,0,0,501962512301,"D"
264507,70,33,0,0,502058249601,"F"
264507,72,35,0,0,502162555901,"H"
264507,66,48,0,0,502258531701,"B"
264507,85,22,0,0,502362603601,"U"
264507,82,19,0,0,502458272601,"R"
264507,71,34,0,0,502562533501,"G"
264507,69,18,0,0,502658556701,"E"
264507,78,49,0,0,502762543501,"N"
264507,76,38,0,0,502858558501,"L"
264507,65,30,0,0,502962602801,"A"
264507,78,49,0,0,503066510101,"N"
264507,68,32,0,0,503162560101,"D"
264507,70,33,0,0,503266232501,"F"
264507,72,35,0,0,503362434901,"H"
264507,66,48,0,0,503466490801,"B"
264507,85,22,0,0,503562492701,"U"
264507,82,19,0,0,503666747801,"R"
264507,71,34,0,0,503762632301,"G"
264507,69,18,0,0,503866517401,"E"
264507,78,49,0,0,503962683701,"N"
264507,76,38,0,0,504058723501,"L"
264507,65,30,0,0,504162562801,"A"
264507,78,49,0,0,504258547401,"N"
264507,68,32,0,0,504362304701,"D"
264507,70,33,0,0,504458661801,"F"
264507,72,35,0,0,504562499801,"H"
264507,66,48,0,0,504658235801,"B"
264507,85,22,0,0,504762655001,"U"
264507,82,19,0,0,504866578701,"R"
264507,71,34,0,0,504962418001,"G"
264507,69,18,0,0,505066685001,"E"
264507,78,49,0,0,505162557101,"N"
264507,76,38,0,0,505266525501,"L"
264507,65,30,0,0,505362567901,"A"
264507,78,49,0,0,505466724901,"N"
264507,68,32,0,0,505562529401,"D"
264507,70,33,0,0,505666334901,"F"
264507,72,35,0,0,505762580501,"H"
264507,66,48,0,0,505858593401,"B"
264507,85,22,0,0,505962351501,"U"
264507,82,19,0,0,506058235201,"R"
264507,71,34,0,0,506162331201,"G"
264507,69,18,0,0,506267700301,"E"
264507,78,49,0,0,506362302901,"N"
264507,76,38,0,0,506458538901,"L"
264507,65,30,0,0,506562493901,"A"
264507,78,49,0,0,506658655401,"N"
264507,68,32,0,0,506762401701,"D"
264507,70,33,0,0,506866598801,"F"
264507,72,35,0,0,506962639301,"H"
264507,66,48,0,0,507066546901,"B"
264507,85,22,0,0,507162693501,"U"
264507,82,19,0,0,507266565301,"R"
264507,71,34,0,0,507362720901,"G"
264507,69,18,0,0,507466541001,"E"
264507,78,49,0,0,507562637601,"N"
264507,76,38,0,0,507658641101,"L"
264507,65,30,0,0,507762462701,"A"
264507,78,49,0,0,507858610601,"N"
264507,68,32,0,0,507962633501,"D"
264507,70,33,0,0,508058492101,"F"
264507,72,35,0,0,508162569101,"H"
264507,66,48,0,0,508258582201,"B"
264507,85,22,0,0,508362618101,"U"
264507,82,19,0,0,508458671401,"R"
264507,71,34,0,0,508562630901,"G"
264507,69,18,0,0,508666683201,"E"
264507,78,49,0,0,508762592001,"N"
264507,76,38,0,0,508866585501,"L"
264507,65,30,0,0,508962344301,"A"
264507,78,49,0,0,509066533201,"N"
264507,68,32,0,0,509162449101,"D"
264507,70,33,0,0,509266586201,"F"
264507,72,35,0,0,509362701401,"H"
264507,66,48,0,0,509466578201,"B"
264507,85,22,0,0,509562697301,"U"
264507,82,19,0,0,509658530101,"R"
264507,71,34,0,0,509762558101,"G"
264507,69,18,0,0,509866605601,"E"
264507,78,49,0,0,509962574301,"N"
264507,76,38,0,0,510058622301,"L"
264507,65,30,0,0,510162603401,"A"
264507,78,49,0,0,510258426401,"N"
264507,68,32,0,0,510362880601,"D"
264507,70,33,0,0,510458729101,"F"
264507,72,35,0,0,510562564001,"H"
264507,66,48,0,0,510666632001,"B"
264507,85,22,0,0,510762687701,"U"
264507,82,19,0,0,510866412601,"R"
264507,71,34,0,0,510962635201,"G"
264507,69,18,0,0,511066554201,"E"
264507,78,49,0,0,511163685501,"N"
264507,76,38,0,0,511258616801,"L"
264507,65,30,0,0,511362614501,"A"
264507,78,49,0,0,511458351801,"N"
264507,68,32,0,0,511562634901,"D"
264507,70,33,0,0,511658709001,"F"
264507,72,35,0,0,511762701601,"H"
264507,66,48,0,0,511858608201,"B"
264507,85,22,0,0,511962643901,"U"
264507,82,19,0,0,512058685801,"R"
264507,71,34,0,0,512162632401,"G"
264507,69,18,0,0,512258709101,"E"
264507,78,49,0,0,512363696501,"N"
264507,76,38,0,0,512466511101,"L"
264507,65,30,0,0,512562583001,"A"
264507,78,49,0,0,512666708201,"N"
264507,68,32,0,0,512762454001,"D"
264507,70,33,0,0,512866754601,"F"
264507,72,35,0,0,512962762901,"H"
264507,66,48,0,0,513067617301,"B"
264507,85,22,0,0,513162672701,"U"
264507,82,19,0,0,513266528001,"R"
264507,71,34,0,0,513362605101,"G"
264507,69,18,0,0,513466865001,"E"
264507,78,49,0,0,513562667001,"N"
264507,76,38,0,0,513658684201,"L"
264507,65,30,0,0,513762579601,"A"
264507,78,49,0,0,513858640301,"N"
264507,68,32,0,0,513962699001,"D"
264507,70,33,0,0,514058608401,"F"
264507,72,35,0,0,514162629701,"H"
264507,66,48,0,0,514266559001,"B"
264507,85,22,0,0,514362664701,"U"
264507,82,19,0,0,514466531301,"R"
264507,71,34,0,0,514562657701,"G"
264507,69,18,0,0,514666697801,"E"
264507,78,49,0,0,514763421801,"N"
264507,76,38,0,0,514866680301,"L"
264507,65,30,0,0,514962710601,"A"
264507,78,49,0,0,515066696401,"N"
264507,68,32,0,0,515162733801,"D"
264507,70,33,0,0,515258680001,"F"
264507,72,35,0,0,515362702201,"H"
264507,66,48,0,0,515458743301,"B"
264507,85,22,0,0,515562808201,"U"
264507,82,19,0,0,515658674601,"R"
264507,71,34,0,0,515762746301,"G"
264507,69,18,0,0,515858543301,"E"
264507,78,49,0,0,515963177501,"N"
264507,76,38,0,0,516058581601,"L"
264507,65,30,0,0,516162651301,"A"
264507,78,49,0,0,516266730501,"N"
264507,68,32,0,0,516362867701,"D"
264507,70,33,0,0,516466767001,"F"
264507,72,35,0,0,516562888001,"H"
264507,66,48,0,0,516666750301,"B"
264507,85,22,0,0,516762677101,"U"
264507,82,19,0,0,516866651701,"R"
264507,71,34,0,0,516962733201,"G"
264507,69,18,0,0,517066844501,"E"
264507,78,49,0,0,517163185801,"N"
264507,76,38,0,0,517258647001,"L"
264507,65,30,0,0,517362632701,"A"
264507,78,49,0,0,517458573001,"N"
264507,68,32,0,0,517570755801,"D"
264507,70,33,0,0,517658699001,"F"
264507,72,35,0,0,517762720301,"H"
264507,66,48,0,0,517866703401,"B"
264507,85,22,0,0,517962740501,"U"
264507,82,19,0,0,518066671201,"R"
264507,71,34,0,0,518162724001,"G"
264507,69,18,0,0,518266323701,"E"
264507,78,49,0,0,518370620301,"N"
264507,76,38,0,0,518466687301,"L"
264507,65,30,0,0,518562768701,"A"
264507,78,49,0,0,518666558001,"N"
264507,68,32,0,0,518762875901,"D"
264507,70,33,0,0,518858627501,"F"
264507,72,35,0,0,518962692201,"H"
264507,66,48,0,0,519058554701,"B"
264507,85,22,0,0,519162768401,"U"
264507,82,19,0,0,519258758201,"R"
264507,71,34,0,0,519362667301,"G"
264507,69,18,0,0,519458704101,"E"
264507,78,49,0,0,519562598901,"N"
264507,76,38,0,0,519666600401,"L"
264507,65,30,0,0,519762669301,"A"
264507,78,49,0,0,519866784701,"N"
264507,68,32,0,0,519962757301,"D"
264507,70,33,0,0,520066642901,"F"
264507,72,35,0,0,520162694501,"H"
264507,66,48,0,0,520266641401,"B"
264507,85,22,0,0,520362656101,"U"
264507,82,19,0,0,520466784101,"R"
264507,71,34,0,0,520562442901,"G"
264507,69,18,0,0,520666670901,"E"
264507,78,49,0,0,520762671301,"N"
264507,76,38,0,0,520858710001,"L"
264507,65,30,0,0,520962756001,"A"
264507,78,49,0,0,521058676501,"N"
264507,68,32,0,0,521162675001,"D"
264507,70,33,0,0,521258658301,"F"
264507,72,35,0,0,521362673401,"H"
264507,66,48,0,0,521466675901,"B"
264507,85,22,0,0,521562650201,"U"
264507,82,19,0,0,521666798601,"R"
264507,71,34,0,0,521762691901,"G"
264507,69,18,0,0,521866679601,"E"
264507,78,49,0,0,521963581001,"N"
264507,76,38,0,0,522066690601,"L"
264507,65,30,0,0,522162687001,"A"
264507,78,49,0,0,522266756801,"N"
264507,68,32,0,0,522362444701,"D"
264507,70,33,0,0,522466653601,"F"
264507,72,35,0,0,522562762101,"H"
264507,66,48,0,0,522658796801,"B"
264507,85,22,0,0,522762698501,"U"
264507,82,19,0,0,522858718101,"R"
264507,71,34,0,0,522962758901,"G"
264507,69,18,0,0,523058666701,"E"
264507,78,49,0,0,523163830501,"N"
264507,76,38,0,0,523258798601,"L"
264507,65,30,0,0,523362691301,"A"
264507,78,49,0,0,523466771001,"N"
264507,68,32,0,0,523562725101,"D"
264507,70,33,0,0,523666695701,"F"
264507,72,35,0,0,523762740801,"H"
264507,66,48,0,0,523866701201,"B"
264507,85,22,0,0,523962757901,"U"
264507,82,19,0,0,524066879801,"R"
264507,71,34,0,0,524162736201,"G"
264507,69,18,0,0,524266750601,"E"
264507,78,49,0,0,524378769301,"N"
264507,76,38,0,0,524458426901,"L"
264507,65,30,0,0,524562805001,"A"
264507,78,49,0,0,524658580101,"N"
264507,68,32,0,0,524762854401,"D"
264507,70,33,0,0,524858553501,"F"
264507,72,35,0,0,524962695301,"H"
264507,66,48,0,0,525058611101,"B"
264507,85,22,0,0,525162827201,"U"
264507,82,19,0,0,525266804101,"R"
264507,71,34,0,0,525362729001,"G"
264507,69,18,0,0,525466789701,"E"
264507,78,49,0,0,525563698001,"N"
264507,76,38,0,0,525666652001,"L"
264507,65,30,0,0,525762787301,"A"
264507,78,49,0,0,525866800101,"N"
264507,68,32,0,0,525962804701,"D"
264507,70,33,0,0,526066683101,"F"
264507,72,35,0,0,526162713401,"H"
264507,66,48,0,0,526266732801,"B"
264507,85,22,0,0,526362742301,"U"
264507,82,19,0,0,526458852901,"R"
264507,71,34,0,0,526562731801,"G"
264507,69,18,0,0,526666512901,"E"
264507,78,49,0,0,526763779001,"N"
264507,76,38,0,0,526858809501,"L"
264507,65,30,0,0,526962753401,"A"
264507,78,49,0,0,527058625601,"N"
264507,68,32,0,0,527162764201,"D"
264507,70,33,0,0,527266758601,"F"
264507,72,35,0,0,527362720101,"H"
264507,66,48,0,0,527466760401,"B"
264507,85,22,0,0,527562572101,"U"
264507,82,19,0,0,527666790901,"R"
264507,71,34,0,0,527762870201,"G"
264507,69,18,0,0,527866816401,"E"
264507,78,49,0,0,527963588701,"N"
264507,76,38,0,0,528058741801,"L"
264507,65,30,0,0,528162844901,"A"
264507,78,49,0,0,528258710501,"N"
264507,68,32,0,0,528362736401,"D"
264507,70,33,0,0,528458722001,"F"
264507,72,35,0,0,528562718501,"H"
264507,66,48,0,0,528658757801,"B"
264507,85,22,0,0,528762684401,"U"
264507,82,19,0,0,528858740501,"R"
264507,71,34,0,0,528962717101,"G"
264507,69,18,0,0,529066625001,"E"
264507,78,49,0,0,529162781101,"N"
264507,76,38,0,0,529266740701,"L"
264507,65,30,0,0,529362707601,"A"
264507,78,49,0,0,529466769901,"N"
264507,68,32,0,0,529562745601,"D"
264507,70,33,0,0,529666731601,"F"
264507,72,35,0,0,529762770101,"H"
264507,66,48,0,0,529866822601,"B"
264507,85,22,0,0,529962736201,"U"
264507,82,19,0,0,530058798601,"R"
264507,71,34,0,0,530162501301,"G"
264507,69,18,0,0,530266733201,"E"
264507,78,49,0,0,530362520001,"N"
264507,76,38,0,0,530458743001,"L"
264507,65,30,0,0,530562526001,"A"
264507,78,49,0,0,530658836301,"N"
264507,68,32,0,0,530762686701,"D"
264507,70,33,0,0,530866767301,"F"
264507,72,35,0,0,530962632201,"H"
264507,66,48,0,0,531066774801,"B"
264507,85,22,0,0,531162752801,"U"
264507,82,19,0,0,531266801001,"R"
264507,71,34,0,0,531362889301,"G"
264507,69,18,0,0,531466811401,"E"
264507,78,49,0,0,531563680201,"N"
264507,76,38,0,0,531666840301,"L"
264507,65,30,0,0,531762938501,"A"
264507,78,49,0,0,531866743101,"N"
264507,68,32,0,0,531962879401,"D"
264507,70,33,0,0,532058779101,"F"
264507,72,35,0,0,532162749501,"H"
264507,66,48,0,0,532258732701,"B"
264507,85,22,0,0,532362770301,"U"
264507,82,19,0,0,532458892401,"R"
264507,71,34,0,0,532562746001,"G"
264507,69,18,0,0,532658558501,"E"
264507,78,49,0,0,532763703301,"N"
264507,76,38,0,0,532866784101,"L"
264507,65,30,0,0,532962783401,"A"
264507,78,49,0,0,533066718101,"N"
264507,68,32,0,0,533162832801,"D"
264507,70,33,0,0,533266439301,"F"
264507,72,35,0,0,533362761201,"H"
264507,66,48,0,0,533467680901,"B"
264507,85,22,0,0,533562751701,"U"
264507,82,19,0,0,533666818101,"R"
264507,71,34,0,0,533762766301,"G"
264507,69,18,0,0,533866824601,"E"
264507,78,49,0,0,533962792201,"N"
264507,76,38,0,0,534059122301,"L"
264507,65,30,0,0,534162831101,"A"
264507,78,49,0,0,534258938501,"N"
264507,68,32,0,0,534370863201,"D"
264507,70,33,0,0,534458801301,"F"
264507,72,35,0,0,534562832501,"H"
264507,66,48,0,0,534658762601,"B"
264507,85,22,0,0,534762940901,"U"
264507,82,19,0,0,534866644601,"R"
264507,71,34,0,0,534962943501,"G"
264507,69,18,0,0,535066535701,"E"
264507,78,49,0,0,535163819401,"N"
264507,76,38,0,0,535266813801,"L"
264507,65,30,0,0,535362849701,"A"
264507,78,49,0,0,535466908701,"N"
264507,68,32,0,0,535562982301,"D"
264507,70,33,0,0,535666592501,"F"
264507,72,35,0,0,535762831101,"H"
264507,66,48,0,0,535867738301,"B"
264507,85,22,0,0,535962841201,"U"
264507,82,19,0,0,536058765301,"R"
264507,71,34,0,0,536162826401,"G"
264507,69,18,0,0,536266602101,"E"
264507,78,49,0,0,536362842801,"N"
264507,76,38,0,0,536458798601,"L"
264507,65,30,0,0,536562799501,"A"
264507,78,49,0,0,536666735101,"N"
264507,68,32,0,0,536762874801,"D"
264507,70,33,0,0,536866838801,"F"
264507,72,35,0,0,536962854001,"H"
264507,66,48,0,0,537066877801,"B"
264507,85,22,0,0,537162878001,"U"
264507,82,19,0,0,537266897601,"R"
264507,71,34,0,0,537362808401,"G"
264507,69,18,0,0,537466907001,"E"
264507,78,49,0,0,537563650101,"N"
264507,76,38,0,0,537658994901,"L"
264507,65,30,0,0,537762833801,"A"
264507,78,49,0,0,537858864901,"N"
264507,68,32,0,0,537963044501,"D"
264507,70,33,0,0,538059022001,"F"
264507,72,35,0,0,538162819301,"H"
264507,66,48,0,0,538258938001,"B"
264507,85,22,0,0,538362894501,"U"
264507,82,19,0,0,538458902201,"R"
264507,71,34,0,0,538562887201,"G"
264507,69,18,0,0,538666789001,"E"
264507,78,49,0,0,538763907701,"N"
264507,76,38,0,0,538866901801,"L"
264507,65,30,0,0,538962837901,"A"
264507,78,49,0,0,539066840301,"N"
264507,68,32,0,0,539162837201,"D"
264507,70,33,0,0,539266952401,"F"
264507,72,35,0,0,539362837101,"H"
264507,66,48,0,0,539466843701,"B"
264507,85,22,0,0,539562803901,"U"
264507,82,19,0,0,539666871001,"R"
264507,71,34,0,0,539762968101,"G"
264507,69,18,0,0,539866904701,"E"
264507,78,49,0,0,539963850801,"N"
264507,76,38,0,0,540058767401,"L"
264507,65,30,0,0,540162865201,"A"
264507,78,49,0,0,540258827501,"N"
264507,68,32,0,0,540370891301,"D"
264507,70,33,0,0,540458917601,"F"
264507,72,35,0,0,540562895701,"H"
264507,66,48,0,0,540666856801,"B"
264507,85,22,0,0,540762856101,"U"
264507,82,19,0,0,540866993801,"R"
264507,71,34,0,0,540962903401,"G"
264507,69,18,0,0,541067796601,"E"
264507,78,49,0,0,541164214601,"N"
264507,76,38,0,0,541266985401,"L"
264507,65,30,0,0,541362954601,"A"
264507,78,49,0,0,541466879201,"N"
264507,68,32,0,0,541562917501,"D"
264507,70,33,0,0,541666854601,"F"
264507,72,35,0,0,541762904201,"H"
264507,66,48,0,0,541858887501,"B"
264507,85,22,0,0,541962966501,"U"
264507,82,19,0,0,542058816101,"R"
264507,71,34,0,0,542162877001,"G"
264507,69,18,0,0,542266898101,"E"
264507,78,49,0,0,542362851101,"N"
264507,76,38,0,0,542458963401,"L"
264507,65,30,0,0,542562865201,"A"
264507,78,49,0,0,542666920701,"N"
264507,68,32,0,0,542762924501,"D"
264507,70,33,0,0,542866885601,"F"
264507,72,35,0,0,542962956001,"H"
264507,66,48,0,0,543066895701,"B"
264507,85,22,0,0,543162921401,"U"
264507,82,19,0,0,543266913401,"R"
264507,71,34,0,0,543362896001,"G"
264507,69,18,0,0,543466954701,"E"
264507,78,49,0,0,543570942001,"N"
264507,76,38,0,0,543658896901,"L"
264507,65,30,0,0,543762933401,"A"
264507,78,49,0,0,543858875201,"N"
264507,68,32,0,0,543962903201,"D"
264507,70,33,0,0,544058886501,"F"
264507,72,35,0,0,544162827801,"H"
264507,66,48,0,0,544258659901,"B"
264507,85,22,0,0,544362948001,"U"
264507,82,19,0,0,544458959901,"R"
264507,71,34,0,0,544562850401,"G"
264507,69,18,0,0,544666849601,"E"
264507,78,49,0,0,544763434701,"N"
264507,76,38,0,0,544866922401,"L"
264507,65,30,0,0,544962907301,"A"
264507,78,49,0,0,545066884401,"N"
264507,68,32,0,0,545162901601,"D"
264507,70,33,0,0,545266832001,"F"
264507,72,35,0,0,545362937101,"H"
264507,66,48,0,0,545466892301,"B"
264507,85,22,0,0,545562943001,"U"
264507,82,19,0,0,545658861001,"R"
264507,71,34,0,0,545762930501,"G"
264507,69,18,0,0,545866875201,"E"
264507,78,49,0,0,545963478701,"N"
264507,76,38,0,0,546058967101,"L"
264507,65,30,0,0,546162900901,"A"
264507,78,49,0,0,546258853201,"N"
264507,68,32,0,0,546363004901,"D"
264507,70,33,0,0,546458630501,"F"
264507,72,35,0,0,546562549101,"H"
264507,66,48,0,0,546666615401,"B"
264507,85,22,0,0,546762857901,"U"
264507,82,19,0,0,546866864401,"R"
264507,71,34,0,0,546962825001,"G"
264507,69,18,0,0,547066885801,"E"
264507,78,49,0,0,547163377901,"N"
264507,76,38,0,0,547266617701,"L"
264507,65,30,0,0,547362908001,"A"
264507,78,49,0,0,547466926601,"N"
264507,68,32,0,0,547562904701,"D"
264507,70,33,0,0,547666716701,"F"
264507,72,35,0,0,547762974901,"H"
264507,66,48,0,0,547858924201,"B"
264507,85,22,0,0,547962891201,"U"
264507,82,19,0,0,548058629301,"R"
264507,71,34,0,0,548162926901,"G"
264507,69,18,0,0,548258597501,"E"
264507,78,49,0,0,548363683101,"N"
264507,76,38,0,0,548458769101,"L"
264507,65,30,0,0,548562956701,"A"
264507,78,49,0,0,548666897201,"N"
264507,68,32,0,0,548762886201,"D"
264507,70,33,0,0,548866912601,"F"
264507,72,35,0,0,548962919101,"H"
264507,66,48,0,0,549066936501,"B"
264507,85,22,0,0,549162954401,"U"
264507,82,19,0,0,549266910301,"R"
264507,71,34,0,0,549362929801,"G"
264507,69,18,0,0,549466917901,"E"
264507,78,49,0,0,549563856201,"N"
264507,76,38,0,0,549658936601,"L"
264507,65,30,0,0,549762957401,"A"
264507,78,49,0,0,549859049401,"N"
264507,68,32,0,0,549963005301,"D"
264507,70,33,0,0,550058752501,"F"
264507,72,35,0,0,550163142401,"H"
264507,66,48,0,0,550258874901,"B"
264507,85,22,0,0,550363106301,"U"
264507,82,19,0,0,550466923101,"R"
264507,71,34,0,0,550562925201,"G"
264507,69,18,0,0,550666893301,"E"
264507,78,49,0,0,550763852801,"N"
264507,76,38,0,0,550867004301,"L"
264507,65,30,0,0,550962988301,"A"
264507,78,49,0,0,551066929501,"N"
264507,68,32,0,0,551163007501,"D"
264507,70,33,0,0,551267048301,"F"
264507,72,35,0,0,551363020101,"H"
264507,66,48,0,0,551466996701,"B"
264507,85,22,0,0,551562950401,"U"
264507,82,19,0,0,551666900301,"R"
264507,71,34,0,0,551763004401,"G"
264507,69,18,0,0,551866885201,"E"
264507,78,49,0,0,551963501601,"N"
264507,76,38,0,0,552059113501,"L"
264507,65,30,0,0,552163038301,"A"
264507,78,49,0,0,552259095501,"N"
264507,68,32,0,0,552363003501,"D"
264507,70,33,0,0,552459000501,"F"
264507,72,35,0,0,552563011201,"H"
264507,66,48,0,0,552666931601,"B"
264507,85,22,0,0,552762721901,"U"
264507,82,19,0,0,552867010501,"R"
264507,71,34,0,0,552962928501,"G"
264507,69,18,0,0,553067042701,"E"
264507,78,49,0,0,553163874601,"N"
264507,76,38,0,0,553266973501,"L"
264507,65,30,0,0,553362933701,"A"
264507,78,49,0,0,553466974901,"N"
264507,68,32,0,0,553562961801,"D"
264507,70,33,0,0,553666947901,"F"
264507,72,35,0,0,553762901201,"H"
264507,66,48,0,0,553859106601,"B"
264507,85,22,0,0,553962988301,"U"
264507,82,19,0,0,554058988501,"R"
264507,71,34,0,0,554162704401,"G"
264507,69,18,0,0,554258968801,"E"
264507,78,49,0,0,554363608901,"N"
264507,76,38,0,0,554458965601,"L"
264507,65,30,0,0,554562756801,"A"
264507,78,49,0,0,554666698101,"N"
264507,68,32,0,0,554762725701,"D"
264507,70,33,0,0,554866999301,"F"
264507,72,35,0,0,554962699201,"H"
264507,66,48,0,0,555067058201,"B"
264507,85,22,0,0,555162962401,"U"
264507,82,19,0,0,555266930501,"R"
264507,71,34,0,0,555363058601,"G"
264507,69,18,0,0,555467027501,"E"
264507,78,49,0,0,555563821501,"N"
264507,76,38,0,0,555658968501,"L"
264507,65,30,0,0,555763097901,"A"
264507,78,49,0,0,555859017801,"N"
264507,68,32,0,0,555963137901,"D"
264507,70,33,0,0,556058978701,"F"
264507,72,35,0,0,556163035901,"H"
264507,66,48,0,0,556259071501,"B"
264507,85,22,0,0,556362974001,"U"
264507,82,19,0,0,556466960401,"R"
264507,71,34,0,0,556562909601,"G"
264507,69,18,0,0,556667017901,"E"
264507,78,49,0,0,556764168901,"N"
264507,76,38,0,0,556866817101,"L"
264507,65,30,0,0,556963017801,"A"
264507,78,49,0,0,557066927201,"N"
264507,68,32,0,0,557163026801,"D"
264507,70,33,0,0,557266987301,"F"
264507,72,35,0,0,557363015401,"H"
264507,66,48,0,0,557466926001,"B"
264507,85,22,0,0,557562897201,"U"
264507,82,19,0,0,557666988701,"R"
264507,71,34,0,0,557763049001,"G"
264507,69,18,0,0,557866974901,"E"
264507,78,49,0,0,557963689101,"N"
264507,76,38,0,0,558058977201,"L"
264507,65,30,0,0,558163022401,"A"
264507,78,49,0,0,558258697201,"N"
264507,68,32,0,0,558362873701,"D"
264507,70,33,0,0,558466987801,"F"
264507,72,35,0,0,558563005401,"H"
264507,66,48,0,0,558666937701,"B"
264507,85,22,0,0,558763001401,"U"
264507,82,19,0,0,558867023201,"R"
264507,71,34,0,0,558963037601,"G"
264507,69,18,0,0,559067009401,"E"
264507,78,49,0,0,559163028401,"N"
264507,76,38,0,0,559266997401,"L"
264507,65,30,0,0,559362941201,"A"
264507,78,49,0,0,559466975501,"N"
264507,68,32,0,0,559562964101,"D"
264507,70,33,0,0,559667023601,"F"
264507,72,35,0,0,559763076301,"H"
264507,66,48,0,0,559859040701,"B"
264507,85,22,0,0,559963064301,"U"
264507,82,19,0,0,560059413301,"R"
264507,71,34,0,0,560163026701,"G"
264507,69,18,0,0,560266842201,"E"
264507,78,49,0,0,560363010001,"N"
264507,76,38,0,0,560459043001,"L"
264507,65,30,0,0,560563092001,"A"
264507,78,49,0,0,560666641501,"N"
264507,68,32,0,0,560763065101,"D"
264507,70,33,0,0,560866971301,"F"
264507,72,35,0,0,560962840801,"H"
264507,66,48,0,0,561067000301,"B"
264507,85,22,0,0,561163035901,"U"
264507,82,19,0,0,561266975501,"R"
264507,71,34,0,0,561363007401,"G"
264507,69,18,0,0,561467107401,"E"
264507,78,49,0,0,561563794201,"N"
264507,76,38,0,0,561659112701,"L"
264507,65,30,0,0,561762983901,"A"
264507,78,49,0,0,561859135101,"N"
264507,68,32,0,0,561963064601,"D"
264507,70,33,0,0,562059032201,"F"
264507,72,35,0,0,562163053001,"H"
264507,66,48,0,0,562259058801,"B"
264507,85,22,0,0,562363108901,"U"
264507,82,19,0,0,562459142301,"R"
264507,71,34,0,0,562563103801,"G"
264507,69,18,0,0,562667088201,"E"
264507,78,49,0,0,562763043301,"N"
264507,76,38,0,0,562867004301,"L"
264507,65,30,0,0,562963024901,"A"
264507,78,49,0,0,563067027501,"N"
264507,68,32,0,0,563163012501,"D"
264507,70,33,0,0,563267103001,"F"
264507,72,35,0,0,563363060401,"H"
264507,66,48,0,0,563467136201,"B"
264507,85,22,0,0,563563241101,"U"
264507,82,19,0,0,563667063601,"R"
264507,71,34,0,0,563762982901,"G"
264507,69,18,0,0,563867090401,"E"
264507,78,49,0,0,563963079201,"N"
264507,76,38,0,0,564059031601,"L"
264507,65,30,0,0,564163114401,"A"
264507,78,49,0,0,564259059601,"N"
264507,68,32,0,0,564363098301,"D"
264507,70,33,0,0,564459125101,"F"
264507,72,35,0,0,564563155301,"H"
264507,66,48,0,0,564667101301,"B"
264507,85,22,0,0,564763069701,"U"
264507,82,19,0,0,564867050501,"R"
264507,71,34,0,0,564963104901,"G"
264507,69,18,0,0,565067114401,"E"
264507,78,49,0,0,565163763901,"N"
264507,76,38,0,0,565267168001,"L"
264507,65,30,0,0,565363153901,"A"
264507,78,49,0,0,565467002701,"N"
264507,68,32,0,0,565563037101,"D"
264507,70,33,0,0,565666943801,"F"
264507,72,35,0,0,565762997501,"H"
264507,66,48,0,0,565859092901,"B"
264507,85,22,0,0,565963041701,"U"
264507,82,19,0,0,566059206401,"R"
264507,71,34,0,0,566163083301,"G"
264507,69,18,0,0,566267067601,"E"
264507,78,49,0,0,566363949801,"N"
264507,76,38,0,0,566467093001,"L"
264507,65,30,0,0,566563026001,"A"
264507,78,49,0,0,566667096101,"N"
264507,68,32,0,0,566763105701,"D"
264507,70,33,0,0,566867037901,"F"
264507,72,35,0,0,566963101401,"H"
264507,66,48,0,0,567067034301,"B"
264507,85,22,0,0,567163102001,"U"
264507,82,19,0,0,567267101001,"R"
264507,71,34,0,0,567363073201,"G"
264507,69,18,0,0,567467086301,"E"
264507,78,49,0,0,567564196501,"N"
264507,76,38,0,0,567659042601,"L"
264507,65,30,0,0,567762889101,"A"
264507,78,49,0,0,567859133501,"N"
264507,68,32,0,0,567963164001,"D"
264507,70,33,0,0,568059100401,"F"
264507,72,35,0,0,568163103901,"H"
264507,66,48,0,0,568259079301,"B"
264507,85,22,0,0,568363059201,"U"
264507,82,19,0,0,568459204301,"R"
264507,71,34,0,0,568563061501,"G"
264507,69,18,0,0,568667012801,"E"
264507,78,49,0,0,568763965401,"N"
264507,76,38,0,0,568867191801,"L"
264507,65,30,0,0,568962965001,"A"
264507,78,49,0,0,569067152801,"N"
264507,68,32,0,0,569163107301,"D"
264507,70,33,0,0,569267024701,"F"
264507,72,35,0,0,569363037301,"H"
264507,66,48,0,0,569467179001,"B"
264507,85,22,0,0,569563034901,"U"
264507,82,19,0,0,569667128301,"R"
264507,71,34,0,0,569763209401,"G"
264507,69,18,0,0,569867147501,"E"
264507,78,49,0,0,569963160801,"N"
264507,76,38,0,0,570059042001,"L"
264507,65,30,0,0,570163061201,"A"
264507,78,49,0,0,570258854901,"N"
264507,68,32,0,0,570363107401,"D"
264507,70,33,0,0,570467127901,"F"
264507,72,35,0,0,570563089501,"H"
264507,66,48,0,0,570667035801,"B"
264507,85,22,0,0,570763091101,"U"
264507,82,19,0,0,570867011201,"R"
264507,71,34,0,0,570963100301,"G"
264507,69,18,0,0,571067169701,"E"
264507,78,49,0,0,571164226401,"N"
264507,76,38,0,0,571267157801,"L"
264507,65,30,0,0,571363136301,"A"
264507,78,49,0,0,571467301601,"N"
264507,68,32,0,0,571563123801,"D"
264507,70,33,0,0,571667137601,"F"
264507,72,35,0,0,571763153801,"H"
264507,66,48,0,0,571858991401,"B"
264507,85,22,0,0,571963132001,"U"
264507,82,19,0,0,572059073101,"R"
264507,71,34,0,0,572163152701,"G"
264507,69,18,0,0,572267121601,"E"
264507,78,49,0,0,572363152801,"N"
264507,76,38,0,0,572467135201,"L"
264507,65,30,0,0,572563065501,"A"
264507,78,49,0,0,572667199101,"N"
264507,68,32,0,0,572763186301,"D"
264507,70,33,0,0,572867190601,"F"
264507,72,35,0,0,572963097001,"H"
264507,66,48,0,0,573067202901,"B"
264507,85,22,0,0,573163197701,"U"
264507,82,19,0,0,573267113801,"R"
264507,71,34,0,0,573363132501,"G"
264507,69,18,0,0,573467215701,"E"
264507,78,49,0,0,573564238401,"N"
264507,76,38,0,0,573658990001,"L"
264507,65,30,0,0,573763088601,"A"
264507,78,49,0,0,573859245801,"N"
264507,68,32,0,0,573963183801,"D"
264507,70,33,0,0,574059209701,"F"
264507,72,35,0,0,574163194901,"H"
264507,66,48,0,0,574259027101,"B"
264507,85,22,0,0,574363135801,"U"
264507,82,19,0,0,574467250701,"R"
264507,71,34,0,0,574563181501,"G"
264507,69,18,0,0,574667140001,"E"
264507,78,49,0,0,574763921001,"N"
264507,76,38,0,0,574867150401,"L"
264507,65,30,0,0,574963147501,"A"
264507,78,49,0,0,575067186201,"N"
264507,68,32,0,0,575163150201,"D"
264507,70,33,0,0,575267173201,"F"
264507,72,35,0,0,575363395701,"H"
264507,66,48,0,0,575467303201,"B"
264507,85,22,0,0,575563253301,"U"
264507,82,19,0,0,575667178401,"R"
264507,71,34,0,0,575763197601,"G"
264507,69,18,0,0,575866947101,"E"
264507,78,49,0,0,575963230801,"N"
264507,76,38,0,0,576059110101,"L"
264507,65,30,0,0,576162863001,"A"
264507,78,49,0,0,576258887701,"N"
264507,68,32,0,0,576370837101,"D"
264507,70,33,0,0,576466826201,"F"
264507,72,35,0,0,576563096401,"H"
264507,66,48,0,0,576667160001,"B"
264507,85,22,0,0,576763235701,"U"
264507,82,19,0,0,576867201101,"R"
264507,71,34,0,0,576963260501,"G"
264507,69,18,0,0,577067137901,"E"
264507,78,49,0,0,577162864901,"N"
264507,76,38,0,0,577267208601,"L"
264507,65,30,0,0,577363136401,"A"
264507,78,49,0,0,577466974301,"N"
264507,68,32,0,0,577563008201,"D"
264507,70,33,0,0,577666985301,"F"
264507,72,35,0,0,577763120201,"H"
264507,66,48,0,0,577859181901,"B"
264507,85,22,0,0,577963247601,"U"
264507,82,19,0,0,578058987001,"R"
264507,71,34,0,0,578163163201,"G"
264507,69,18,0,0,578266822101,"E"
264507,78,49,0,0,578363186901,"N"
264507,76,38,0,0,578459193501,"L"
264507,65,30,0,0,578562935401,"A"
264507,78,49,0,0,578667307101,"N"
264507,68,32,0,0,578762930801,"D"
264507,70,33,0,0,578867143401,"F"
264507,72,35,0,0,578962940901,"H"
264507,66,48,0,0,579067516901,"B"
264507,85,22,0,0,579162983801,"U"
264507,82,19,0,0,579267155501,"R"
264507,71,34,0,0,579362978001,"G"
264507,69,18,0,0,579467207401,"E"
264507,78,49,0,0,579563978801,"N"
264507,76,38,0,0,579659260701,"L"
264507,65,30,0,0,579763280901,"A"
264507,78,49,0,0,579859132701,"N"
264507,68,32,0,0,579963291101,"D"
264507,70,33,0,0,580058975401,"F"
264507,72,35,0,0,580163258501,"H"
264507,66,48,0,0,580259231401,"B"
264507,85,22,0,0,580363243501,"U"
264507,82,19,0,0,580467266801,"R"
264507,71,34,0,0,580563189201,"G"
264507,69,18,0,0,580667224501,"E"
264507,78,49,0,0,580763746801,"N"
264507,76,38,0,0,580867164801,"L"
264507,65,30,0,0,580963418801,"A"
264507,78,49,0,0,581067274601,"N"
264507,68,32,0,0,581163204401,"D"
264507,70,33,0,0,581267239701,"F"
264507,72,35,0,0,581363207701,"H"
264507,66,48,0,0,581467196401,"B"
264507,85,22,0,0,581563227701,"U"
264507,82,19,0,0,581667263601,"R"
264507,71,34,0,0,581763152701,"G"
264507,69,18,0,0,581867237501,"E"
264507,78,49,0,0,581963179401,"N"
264507,76,38,0,0,582059211601,"L"
264507,65,30,0,0,582163193101,"A"
264507,78,49,0,0,582259221301,"N"
264507,68,32,0,0,582371324101,"D"
264507,70,33,0,0,582467163801,"F"
264507,72,35,0,0,582563216201,"H"
264507,66,48,0,0,582667226101,"B"
264507,85,22,0,0,582763313301,"U"
264507,82,19,0,0,582867219601,"R"
264507,71,34,0,0,582963262801,"G"
264507,69,18,0,0,583067210601,"E"
264507,78,49,0,0,583164224901,"N"
264507,76,38,0,0,583267173301,"L"
264507,65,30,0,0,583363177901,"A"
264507,78,49,0,0,583466997401,"N"
264507,68,32,0,0,583563269501,"D"
264507,70,33,0,0,583667070701,"F"
264507,72,35,0,0,583763191401,"H"
264507,66,48,0,0,583867301601,"B"
264507,85,22,0,0,583963194801,"U"
264507,82,19,0,0,584059193701,"R"
264507,71,34,0,0,584162930401,"G"
264507,69,18,0,0,584267245201,"E"
264507,78,49,0,0,584363238101,"N"
264507,76,38,0,0,584459319901,"L"
264507,65,30,0,0,584563236601,"A"
264507,78,49,0,0,584667049601,"N"
264507,68,32,0,0,584763223101,"D"
264507,70,33,0,0,584867063901,"F"
264507,72,35,0,0,584963278701,"H"
264507,66,48,0,0,585067058601,"B"
264507,85,22,0,0,585163237301,"U"
264507,82,19,0,0,585267221201,"R"
264507,71,34,0,0,585363259401,"G"
264507,69,18,0,0,585467383401,"E"
264507,78,49,0,0,585564283701,"N"
264507,76,38,0,0,585659208901,"L"
264507,65,30,0,0,585763294201,"A"
264507,78,49,0,0,585859029101,"N"
264507,68,32,0,0,585963306901,"D"
264507,70,33,0,0,586058945101,"F"
264507,72,35,0,0,586163292301,"H"
264507,66,48,0,0,586259213801,"B"
264507,85,22,0,0,586363418401,"U"
264507,82,19,0,0,586467183001,"R"
264507,71,34,0,0,586563223501,"G"
264507,69,18,0,0,586667321801,"E"
264507,78,49,0,0,586763271801,"N"
264507,76,38,0,0,586867234401,"L"
264507,65,30,0,0,586963229401,"A"
264507,78,49,0,0,587067194201,"N"
264507,68,32,0,0,587163259301,"D"
264507,70,33,0,0,587267182901,"F"
264507,72,35,0,0,587363056401,"H"
264507,66,48,0,0,587467224501,"B"
264507,85,22,0,0,587563278601,"U"
264507,82,19,0,0,587667267701,"R"
264507,71,34,0,0,587763310301,"G"
264507,69,18,0,0,587867284501,"E"
264507,78,49,0,0,587963342401,"N"
264507,76,38,0,0,588059202601,"L"
264507,65,30,0,0,588163241901,"A"
264507,78,49,0,0,588259248701,"N"
264507,68,32,0,0,588363237901,"D"
264507,70,33,0,0,588467238001,"F"
264507,72,35,0,0,588563302301,"H"
264507,66,48,0,0,588667241101,"B"
264507,85,22,0,0,588763243101,"U"
264507,82,19,0,0,588867358301,"R"
264507,71,34,0,0,588963301101,"G"
264507,69,18,0,0,589067246401,"E"
264507,78,49,0,0,589164043901,"N"
264507,76,38,0,0,589267236701,"L"
264507,65,30,0,0,589363238601,"A"
264507,78,49,0,0,589467284801,"N"
264507,68,32,0,0,589563019501,"D"
264507,70,33,0,0,589667285001,"F"
264507,72,35,0,0,589763332101,"H"
264507,66,48,0,0,589859373901,"B"
264507,85,22,0,0,589963277501,"U"
264507,82,19,0,0,590059242601,"R"
264507,71,34,0,0,590163306301,"G"
264507,69,18,0,0,590267381701,"E"
264507,78,49,0,0,590363193501,"N"
264507,76,38,0,0,590467297301,"L"
264507,65,30,0,0,590563325601,"A"
264507,78,49,0,0,590667307701,"N"
264507,68,32,0,0,590763296601,"D"
264507,70,33,0,0,590867358301,"F"
264507,72,35,0,0,590963192801,"H"
264507,66,48,0,0,591067650001,"B"
264507,85,22,0,0,591163321001,"U"
264507,82,19,0,0,591267278301,"R"
264507,71,34,0,0,591363339901,"G"
264507,69,18,0,0,591467258501,"E"
264507,78,49,0,0,591563955101,"N"
264507,76,38,0,0,591659302701,"L"
264507,65,30,0,0,591763281101,"A"
264507,78,49,0,0,591859366201,"N"
264507,68,32,0,0,591971381801,"D"
264507,70,33,0,0,592059210001,"F"
264507,72,35,0,0,592163316501,"H"
264507,66,48,0,0,592267313501,"B"
264507,85,22,0,0,592363319101,"U"
264507,82,19,0,0,592467263601,"R"
264507,71,34,0,0,592563359501,"G"
264507,69,18,0,0,592667786301,"E"
264507,78,49,0,0,592771268401,"N"
264507,76,38,0,0,592867352801,"L"
264507,65,30,0,0,592963365901,"A"
264507,78,49,0,0,593067237701,"N"
264507,68,32,0,0,593163328101,"D"
264507,70,33,0,0,593266959701,"F"
264507,72,35,0,0,593363290201,"H"
264507,66,48,0,0,593467456401,"B"
264507,85,22,0,0,593563418601,"U"
264507,82,19,0,0,593659103801,"R"
264507,71,34,0,0,593763345301,"G"
264507,69,18,0,0,593867358401,"E"
264507,78,49,0,0,593964078701,"N"
264507,76,38,0,0,594059624501,"L"
264507,65,30,0,0,594163398201,"A"
264507,78,49,0,0,594267362401,"N"
264507,68,32,0,0,594363090701,"D"
264507,70,33,0,0,594467298301,"F"
264507,72,35,0,0,594563328901,"H"
264507,66,48,0,0,594667146301,"B"
264507,85,22,0,0,594763325301,"U"
264507,82,19,0,0,594867308601,"R"
264507,71,34,0,0,594963296801,"G"
264507,69,18,0,0,595067009201,"E"
264507,78,49,0,0,595164328801,"N"
264507,76,38,0,0,595259488401,"L"
264507,65,30,0,0,595363310901,"A"
264507,78,49,0,0,595459350901,"N"
264507,68,32,0,0,595563362801,"D"
264507,70,33,0,0,595659352601,"F"
264507,72,35,0,0,595763327301,"H"
264507,66,48,0,0,595859293801,"B"
264507,85,22,0,0,595963338301,"U"
264507,82,19,0,0,596067300301,"R"
264507,71,34,0,0,596163311501,"G"
264507,69,18,0,0,596267299201,"E"
264507,78,49,0,0,596363378701,"N"
264507,76,38,0,0,596467285901,"L"
264507,65,30,0,0,596563341501,"A"
264507,78,49,0,0,596667349701,"N"
264507,68,32,0,0,596763346301,"D"
264507,70,33,0,0,596867274501,"F"
264507,72,35,0,0,596963378301,"H"
264507,66,48,0,0,597067260201,"B"
264507,85,22,0,0,597163343501,"U"
264507,82,19,0,0,597267336301,"R"
264507,71,34,0,0,597363320301,"G"
264507,69,18,0,0,597467320201,"E"
264507,78,49,0,0,597563340401,"N"
264507,76,38,0,0,597659045101,"L"
264507,65,30,0,0,597763349401,"A"
264507,78,49,0,0,597867402001,"N"
264507,68,32,0,0,597963525701,"D"
264507,70,33,0,0,598067342501,"F"
264507,72,35,0,0,598163368201,"H"
264507,66,48,0,0,598267375701,"B"
264507,85,22,0,0,598363352801,"U"
264507,82,19,0,0,598467434901,"R"
264507,71,34,0,0,598563301301,"G"
264507,69,18,0,0,598667812001,"E"
264507,78,49,0,0,598763388801,"N"
264507,76,38,0,0,598867409201,"L"
264507,65,30,0,0,598963401501,"A"
264507,78,49,0,0,599067337101,"N"
264507,68,32,0,0,599163349201,"D"
264507,70,33,0,0,599259338401,"F"
264507,72,35,0,0,599363360001,"H"
264507,66,48,0,0,599459368601,"B"
264507,85,22,0,0,599563409501,"U"
264507,82,19,0,0,599659318901,"R"
264507,71,34,0,0,599763348301,"G"
264507,69,18,0,0,599867133901,"E"
264507,78,49,0,0,599963368401,"N"
264507,76,38,0,0,600067079401,"L"
264507,65,30,0,0,600163370101,"A"
264507,78,49,0,0,600267362901,"N"
264507,68,32,0,0,600363416201,"D"
264507,70,33,0,0,600467342801,"F"
264507,72,35,0,0,600563415501,"H"
264507,66,48,0,0,600667212001,"B"
264507,85,22,0,0,600763345101,"U"
264507,82,19,0,0,600867355801,"R"
264507,71,34,0,0,600963271001,"G"
264507,69,18,0,0,601067317001,"E"
264507,78,49,0,0,601163416801,"N"
264507,76,38,0,0,601259342801,"L"
264507,65,30,0,0,601363313301,"A"
264507,78,49,0,0,601459328101,"N"
264507,68,32,0,0,601571400601,"D"
264507,70,33,0,0,601667393501,"F"
264507,72,35,0,0,601763347401,"H"
264507,66,48,0,0,601867182201,"B"
264507,85,22,0,0,601963396801,"U"
264507,82,19,0,0,602067193401,"R"
264507,71,34,0,0,602163313001,"G"
264507,69,18,0,0,602267333701,"E"
264507,78,49,0,0,602363379701,"N"
264507,76,38,0,0,602467368001,"L"
264507,65,30,0,0,602563334201,"A"
264507,78,49,0,0,602667368201,"N"
264507,68,32,0,0,602763158801,"D"
264507,70,33,0,0,602867336401,"F"
264507,72,35,0,0,602963081301,"H"
264507,66,48,0,0,603068311101,"B"
264507,85,22,0,0,603163126101,"U"
264507,82,19,0,0,603259518401,"R"
264507,71,34,0,0,603363145901,"G"
264507,69,18,0,0,603468250401,"E"
264507,78,49,0,0,603563180001,"N"
264507,76,38,0,0,603667395001,"L"
264507,65,30,0,0,603763435301,"A"
264507,78,49,0,0,603867534701,"N"
264507,68,32,0,0,603963362901,"D"
264507,70,33,0,0,604067426401,"F"
264507,72,35,0,0,604163337301,"H"
264507,66,48,0,0,604268148601,"B"
264507,85,22,0,0,604363477301,"U"
264507,82,19,0,0,604467431901,"R"
264507,71,34,0,0,604563397001,"G"
264507,69,18,0,0,604667447101,"E"
264507,78,49,0,0,604763458801,"N"
264507,76,38,0,0,604859412501,"L"
264507,65,30,0,0,604963405701,"A"
264507,78,49,0,0,605059375201,"N"
264507,68,32,0,0,605171331801,"D"
264507,70,33,0,0,605259429601,"F"
264507,72,35,0,0,605363455901,"H"
264507,66,48,0,0,605459389301,"B"
264507,85,22,0,0,605563413001,"U"
264507,82,19,0,0,605667428301,"R"
264507,71,34,0,0,605763502701,"G"
264507,69,18,0,0,605867143701,"E"
264507,78,49,0,0,605963049101,"N"
264507,76,38,0,0,606067433101,"L"
264507,65,30,0,0,606163465301,"A"
264507,78,49,0,0,606267403901,"N"
264507,68,32,0,0,606363397201,"D"
264507,70,33,0,0,606467394101,"F"
264507,72,35,0,0,606563376301,"H"
264507,66,48,0,0,606668263401,"B"
264507,85,22,0,0,606763590301,"U"
264507,82,19,0,0,606867442601,"R"
264507,71,34,0,0,606963383401,"G"
264507,69,18,0,0,607067337501,"E"
264507,78,49,0,0,607163435801,"N"
264507,76,38,0,0,607259394301,"L"
264507,65,30,0,0,607363385101,"A"
264507,78,49,0,0,607459475201,"N"
264507,68,32,0,0,607571425501,"D"
264507,70,33,0,0,607667389101,"F"
264507,72,35,0,0,607763523301,"H"
264507,66,48,0,0,607867416401,"B"
264507,85,22,0,0,607963446601,"U"
264507,82,19,0,0,608067384001,"R"
264507,71,34,0,0,608163333901,"G"
264507,69,18,0,0,608267088201,"E"
264507,78,49,0,0,608363384701,"N"
264507,76,38,0,0,608467413101,"L"
264507,65,30,0,0,608563487101,"A"
264507,78,49,0,0,608667531501,"N"
264507,68,32,0,0,608763422001,"D"
264507,70,33,0,0,608867326601,"F"
264507,72,35,0,0,608963451001,"H"
264507,66,48,0,0,609067153501,"B"
264507,85,22,0,0,609163420401,"U"
264507,82,19,0,0,609259619001,"R"
264507,71,34,0,0,609363446601,"G"
264507,69,18,0,0,609467531201,"E"
264507,78,49,0,0,609564518601,"N"
264507,76,38,0,0,609667157901,"L"
264507,65,30,0,0,609763508801,"A"
264507,78,49,0,0,609867379701,"N"
264507,68,32,0,0,609963468101,"D"
264507,70,33,0,0,610067521801,"F"
264507,72,35,0,0,610163448701,"H"
264507,66,48,0,0,610267656601,"B"
264507,85,22,0,0,610363504801,"U"
264507,82,19,0,0,610467501701,"R"
264507,71,34,0,0,610563528301,"G"
264507,69,18,0,0,610667399601,"E"
264507,78,49,0,0,610763397901,"N"
264507,76,38,0,0,610859401601,"L"
264507,65,30,0,0,610963444301,"A"
264507,78,49,0,0,611059457801,"N"
264507,68,32,0,0,611171485501,"D"
264507,70,33,0,0,611259174501,"F"
264507,72,35,0,0,611363483901,"H"
264507,66,48,0,0,611459375301,"B"
264507,85,22,0,0,611563379101,"U"
264507,82,19,0,0,611667114401,"R"
264507,71,34,0,0,611763488801,"G"
264507,69,18,0,0,611867578401,"E"
264507,78,49,0,0,611963613401,"N"
264507,76,38,0,0,612067478101,"L"
264507,65,30,0,0,612163467501,"A"
264507,78,49,0,0,612267453201,"N"
264507,68,32,0,0,612363402001,"D"
264507,70,33,0,0,612467483901,"F"
264507,72,35,0,0,612563460601,"H"
264507,66,48,0,0,612667456301,"B"
264507,85,22,0,0,612763450601,"U"
264507,82,19,0,0,612867450901,"R"
264507,71,34,0,0,612963504701,"G"
264507,69,18,0,0,613067175801,"E"
264507,78,49,0,0,613163501001,"N"
264507,76,38,0,0,613259454601,"L"
264507,65,30,0,0,613363416001,"A"
264507,78,49,0,0,613467473301,"N"
264507,68,32,0,0,613571477901,"D"
264507,70,33,0,0,613667462001,"F"
264507,72,35,0,0,613763509701,"H"
264507,66,48,0,0,613867444101,"B"
264507,85,22,0,0,613963675101,"U"
264507,82,19,0,0,614067440001,"R"
264507,71,34,0,0,614163432101,"G"
264507,69,18,0,0,614267448901,"E"
264507,78,49,0,0,614363475501,"N"
264507,76,38,0,0,614467179001,"L"
264507,65,30,0,0,614563537001,"A"
264507,78,49,0,0,614667262101,"N"
264507,68,32,0,0,614763492901,"D"
264507,70,33,0,0,614867435301,"F"
264507,72,35,0,0,614963526701,"H"
264507,66,48,0,0,615059190501,"B"
264507,85,22,0,0,615163525501,"U"
264507,82,19,0,0,615259433701,"R"
264507,71,34,0,0,615363512201,"G"
264507,69,18,0,0,615468232801,"E"
264507,78,49,0,0,615564353401,"N"
264507,76,38,0,0,615667394601,"L"
264507,65,30,0,0,615763439501,"A"
264507,78,49,0,0,615867516601,"N"
264507,68,32,0,0,615963528901,"D"
264507,70,33,0,0,616067440901,"F"
264507,72,35,0,0,616163508701,"H"
264507,66,48,0,0,616267643701,"B"
264507,85,22,0,0,616363624301,"U"
264507,82,19,0,0,616467473801,"R"
264507,71,34,0,0,616563516701,"G"
264507,69,18,0,0,616667731201,"E"
264507,78,49,0,0,616764166701,"N"
264507,76,38,0,0,616859373501,"L"
264507,65,30,0,0,616963511001,"A"
264507,78,49,0,0,617059389501,"N"
264507,68,32,0,0,617171492501,"D"
264507,70,33,0,0,617259521901,"F"
264507,72,35,0,0,617363549201,"H"
264507,66,48,0,0,617467471401,"B"
264507,85,22,0,0,617563471201,"U"
264507,82,19,0,0,617667129301,"R"
264507,71,34,0,0,617763457201,"G"
264507,69,18,0,0,617868249901,"E"
264507,78,49,0,0,617964137401,"N"
264507,76,38,0,0,618067455101,"L"
264507,65,30,0,0,618163548001,"A"
264507,78,49,0,0,618267429901,"N"
264507,68,32,0,0,618363669201,"D"
264507,70,33,0,0,618467531901,"F"
264507,72,35,0,0,618563459701,"H"
264507,66,48,0,0,618667464901,"B"
264507,85,22,0,0,618763532601,"U"
264507,82,19,0,0,618867515301,"R"
264507,71,34,0,0,618963530001,"G"
264507,69,18,0,0,619068305001,"E"
264507,78,49,0,0,619163558301,"N"
264507,76,38,0,0,619259512601,"L"
264507,65,30,0,0,619363558301,"A"
264507,78,49,0,0,619467578701,"N"
264507,68,32,0,0,619563517801,"D"
264507,70,33,0,0,619667312601,"F"
264507,72,35,0,0,619763639801,"H"
264507,66,48,0,0,619867502101,"B"
264507,85,22,0,0,619963522501,"U"
264507,82,19,0,0,620067497801,"R"
264507,71,34,0,0,620163537801,"G"
264507,69,18,0,0,620267531401,"E"
264507,78,49,0,0,620364276801,"N"
264507,76,38,0,0,620467491501,"L"
264507,65,30,0,0,620563556901,"A"
264507,78,49,0,0,620667622301,"N"
264507,68,32,0,0,620763532301,"D"
264507,70,33,0,0,620859531301,"F"
264507,72,35,0,0,620963467001,"H"
264507,66,48,0,0,621059255801,"B"
264507,85,22,0,0,621163566501,"U"
264507,82,19,0,0,621259303701,"R"
264507,71,34,0,0,621363572701,"G"
264507,69,18,0,0,621467629201,"E"
264507,78,49,0,0,621564405801,"N"
264507,76,38,0,0,621667550301,"L"
264507,65,30,0,0,621763535801,"A"
264507,78,49,0,0,621867545201,"N"
264507,68,32,0,0,621963558201,"D"
264507,70,33,0,0,622067568501,"F"
264507,72,35,0,0,622163494101,"H"
264507,66,48,0,0,622267518401,"B"
264507,85,22,0,0,622363486201,"U"
264507,82,19,0,0,622467495501,"R"
264507,71,34,0,0,622563532901,"G"
264507,69,18,0,0,622667572301,"E"
264507,78,49,0,0,622764336201,"N"
264507,76,38,0,0,622859668001,"L"
264507,65,30,0,0,622963569301,"A"
264507,78,49,0,0,623059221801,"N"
264507,68,32,0,0,623171569501,"D"
264507,70,33,0,0,623259377901,"F"
264507,72,35,0,0,623363529401,"H"
264507,66,48,0,0,623467538901,"B"
264507,85,22,0,0,623563614901,"U"
264507,82,19,0,0,623667606801,"R"
264507,71,34,0,0,623763257501,"G"
264507,69,18,0,0,623867684001,"E"
264507,78,49,0,0,623964488101,"N"
264507,76,38,0,0,624067572701,"L"
264507,65,30,0,0,624163505701,"A"
264507,78,49,0,0,624267549201,"N"
264507,68,32,0,0,624363614201,"D"
264507,70,33,0,0,624467574401,"F"
264507,72,35,0,0,624563521001,"H"
264507,66,48,0,0,624668694701,"B"
264507,85,22,0,0,624763426401,"U"
264507,82,19,0,0,624859586101,"R"
264507,71,34,0,0,624963506701,"G"
264507,69,18,0,0,625067309201,"E"
264507,78,49,0,0,625163537701,"N"
264507,76,38,0,0,625259577101,"L"
264507,65,30,0,0,625363550101,"A"
264507,78,49,0,0,625467576801,"N"
264507,68,32,0,0,625563502701,"D"
264507,70,33,0,0,625667584901,"F"
264507,72,35,0,0,625763676901,"H"
264507,66,48,0,0,625867577101,"B"
264507,85,22,0,0,625963586501,"U"
264507,82,19,0,0,626067581101,"R"
264507,71,34,0,0,626163606701,"G"
264507,69,18,0,0,626267534101,"E"
264507,78,49,0,0,626379654901,"N"
264507,76,38,0,0,626467594501,"L"
264507,65,30,0,0,626563606401,"A"
264507,78,49,0,0,626667586001,"N"
264507,68,32,0,0,626763281401,"D"
264507,70,33,0,0,626867679501,"F"
264507,72,35,0,0,626963596801,"H"
264507,66,48,0,0,627068674701,"B"
264507,85,22,0,0,627163331501,"U"
264507,82,19,0,0,627259629101,"R"
264507,71,34,0,0,627363336201,"G"
264507,69,18,0,0,627468573601,"E"
264507,78,49,0,0,627563336901,"N"
264507,76,38,0,0,627667610601,"L"
264507,65,30,0,0,627763395401,"A"
264507,78,49,0,0,627867635601,"N"
264507,68,32,0,0,627963442401,"D"
264507,70,33,0,0,628067621701,"F"
264507,72,35,0,0,628163683301,"H"
264507,66,48,0,0,628267633001,"B"
264507,85,22,0,0,628363841301,"U"
264507,82,19,0,0,628467608001,"R"
264507,71,34,0,0,628563432601,"G"
264507,69,18,0,0,628667339401,"E"
264507,78,49,0,0,628763415301,"N"
264507,76,38,0,0,628867347801,"L"
264507,65,30,0,0,628963516201,"A"
264507,78,49,0,0,629067521801,"N"
264507,68,32,0,0,629163565801,"D"
264507,70,33,0,0,629267528401,"F"
264507,72,35,0,0,629363565201,"H"
264507,66,48,0,0,629459573001,"B"
264507,85,22,0,0,629563305301,"U"
264507,82,19,0,0,629659735101,"R"
264507,71,34,0,0,629763250801,"G"
264507,69,18,0,0,629867612301,"E"
264507,78,49,0,0,629963621501,"N"
264507,76,38,0,0,630067690101,"L"
264507,65,30,0,0,630163602001,"A"
264507,78,49,0,0,630267625501,"N"
264507,68,32,0,0,630363589201,"D"
264507,70,33,0,0,630467604301,"F"
264507,72,35,0,0,630563777501,"H"
264507,66,48,0,0,630667534301,"B"
264507,85,22,0,0,630763651501,"U"
264507,82,19,0,0,630867516401,"R"
264507,71,34,0,0,630963585601,"G"
264507,69,18,0,0,631067361101,"E"
264507,78,49,0,0,631163610401,"N"
264507,76,38,0,0,631259564101,"L"
264507,65,30,0,0,631363597601,"A"
264507,78,49,0,0,631459653101,"N"
264507,68,32,0,0,631571451501,"D"
264507,70,33,0,0,631659604401,"F"
264507,72,35,0,0,631763707201,"H"
264507,66,48,0,0,631867357701,"B"
264507,85,22,0,0,631963579001,"U"
264507,82,19,0,0,632067587601,"R"
264507,71,34,0,0,632163587701,"G"
264507,69,18,0,0,632267578401,"E"
264507,78,49,0,0,632364348701,"N"
264507,76,38,0,0,632467644001,"L"
264507,65,30,0,0,632563592801,"A"
264507,78,49,0,0,632667793601,"N"
264507,68,32,0,0,632763354201,"D"
264507,70,33,0,0,632867432201,"F"
264507,72,35,0,0,632963613901,"H"
264507,66,48,0,0,633067371001,"B"
264507,85,22,0,0,633163638401,"U"
264507,82,19,0,0,633267376901,"R"
264507,71,34,0,0,633371645901,"G"
264507,69,18,0,0,633467480701,"E"
264507,78,49,0,0,633563747601,"N"
264507,76,38,0,0,633659708501,"L"
264507,65,30,0,0,633763652801,"A"
264507,78,49,0,0,633867653901,"N"
264507,68,32,0,0,633963704201,"D"
264507,70,33,0,0,634067718701,"F"
264507,72,35,0,0,634163643301,"H"
264507,66,48,0,0,634267733501,"B"
264507,85,22,0,0,634363561501,"U"
264507,82,19,0,0,634467735301,"R"
264507,71,34,0,0,634563612901,"G"
264507,69,18,0,0,634667657701,"E"
264507,78,49,0,0,634764412301,"N"
264507,76,38,0,0,634867748101,"L"
264507,65,30,0,0,634963660201,"A"
264507,78,49,0,0,635067552201,"N"
264507,68,32,0,0,635163699201,"D"
264507,70,33,0,0,635267607301,"F"
264507,72,35,0,0,635363680401,"H"
264507,66,48,0,0,635459690401,"B"
264507,85,22,0,0,635563704901,"U"
264507,82,19,0,0,635659695801,"R"
264507,71,34,0,0,635763691401,"G"
264507,69,18,0,0,635867671301,"E"
264507,78,49,0,0,635964701601,"N"
264507,76,38,0,0,636067606301,"L"
264507,65,30,0,0,636163619201,"A"
264507,78,49,0,0,636267670301,"N"
264507,68,32,0,0,636363677801,"D"
264507,70,33,0,0,636467655501,"F"
264507,72,35,0,0,636563692901,"H"
264507,66,48,0,0,636667727601,"B"
264507,85,22,0,0,636763712701,"U"
264507,82,19,0,0,636867652001,"R"
264507,71,34,0,0,636963661801,"G"
264507,69,18,0,0,637067713401,"E"
264507,78,49,0,0,637163740401,"N"
264507,76,38,0,0,637259738401,"L"
264507,65,30,0,0,637363616701,"A"
264507,78,49,0,0,637459674901,"N"
264507,68,32,0,0,637571524801,"D"
264507,70,33,0,0,637667596001,"F"
264507,72,35,0,0,637763667801,"H"
264507,66,48,0,0,637867599901,"B"
264507,85,22,0,0,637963660001,"U"
264507,82,19,0,0,638067644701,"R"
264507,71,34,0,0,638163650201,"G"
264507,69,18,0,0,638267336201,"E"
264507,78,49,0,0,638364467601,"N"
264507,76,38,0,0,638467665401,"L"
264507,65,30,0,0,638563708501,"A"
264507,78,49,0,0,638667474201,"N"
264507,68,32,0,0,638763361401,"D"
264507,70,33,0,0,638867642501,"F"
264507,72,35,0,0,638963640001,"H"
264507,66,48,0,0,639068609801,"B"
264507,85,22,0,0,639163704801,"U"
264507,82,19,0,0,639259722201,"R"
264507,71,34,0,0,639363742501,"G"
264507,69,18,0,0,639467694701,"E"
264507,78,49,0,0,639564707701,"N"
264507,76,38,0,0,639667698001,"L"
264507,65,30,0,0,639763784601,"A"
264507,78,49,0,0,639867662901,"N"
264507,68,32,0,0,639963758001,"D"
264507,70,33,0,0,640067640001,"F"
264507,72,35,0,0,640163672001,"H"
264507,66,48,0,0,640267706301,"B"
264507,85,22,0,0,640363748801,"U"
264507,82,19,0,0,640467710201,"R"
264507,71,34,0,0,640563818501,"G"
264507,69,18,0,0,640668393401,"E"
264507,78,49,0,0,640771730701,"N"
264507,76,38,0,0,640859747901,"L"
264507,65,30,0,0,640963750201,"A"
264507,78,49,0,0,641059707201,"N"
264507,68,32,0,0,641171713201,"D"
264507,70,33,0,0,641259682301,"F"
264507,72,35,0,0,641363439701,"H"
264507,66,48,0,0,641467735401,"B"
264507,85,22,0,0,641563680901,"U"
264507,82,19,0,0,641667709501,"R"
264507,71,34,0,0,641763680601,"G"
264507,69,18,0,0,641867704201,"E"
264507,78,49,0,0,641963654801,"N"
264507,76,38,0,0,642067411101,"L"
264507,65,30,0,0,642163754701,"A"
264507,78,49,0,0,642267721201,"N"
264507,68,32,0,0,642363737501,"D"
264507,70,33,0,0,642467654801,"F"
264507,72,35,0,0,642563774501,"H"
264507,66,48,0,0,642668467601,"B"
264507,85,22,0,0,642763494301,"U"
264507,82,19,0,0,642867793901,"R"
264507,71,34,0,0,642963691901,"G"
264507,69,18,0,0,643068500801,"E"
264507,78,49,0,0,643163761401,"N"
264507,76,38,0,0,643267762701,"L"
264507,65,30,0,0,643363735901,"A"
264507,78,49,0,0,643467747501,"N"
264507,68,32,0,0,643563750101,"D"
264507,70,33,0,0,643667722101,"F"
264507,72,35,0,0,643763803201,"H"
264507,66,48,0,0,643867851701,"B"
264507,85,22,0,0,643963707401,"U"
264507,82,19,0,0,644067740301,"R"
264507,71,34,0,0,644163747401,"G"
264507,69,18,0,0,644267694801,"E"
264507,78,49,0,0,644363649601,"N"
264507,76,38,0,0,644467723001,"L"
264507,65,30,0,0,644563775201,"A"
264507,78,49,0,0,644667695001,"N"
264507,68,32,0,0,644763646001,"D"
264507,70,33,0,0,644867804201,"F"
264507,72,35,0,0,644963705501,"H"
264507,66,48,0,0,645059512101,"B"
264507,85,22,0,0,645163885001,"U"
264507,82,19,0,0,645267712401,"R"
264507,71,34,0,0,645363744401,"G"
264507,69,18,0,0,645467534601,"E"
264507,78,49,0,0,645563789201,"N"
264507,76,38,0,0,645667848101,"L"
264507,65,30,0,0,645763760701,"A"
264507,78,49,0,0,645867750101,"N"
264507,68,32,0,0,645963742001,"D"
264507,70,33,0,0,646067689401,"F"
264507,72,35,0,0,646163890401,"H"
264507,66,48,0,0,646267782101,"B"
264507,85,22,0,0,646363748901,"U"
264507,82,19,0,0,646467778201,"R"
264507,71,34,0,0,646563705001,"G"
264507,69,18,0,0,646667570901,"E"
264507,78,49,0,0,646772626601,"N"
264507,76,38,0,0,646859605601,"L"
264507,65,30,0,0,646963695801,"A"
264507,78,49,0,0,647059762801,"N"
264507,68,32,0,0,647171789601,"D"
264507,70,33,0,0,647267675401,"F"
264507,72,35,0,0,647363816701,"H"
264507,66,48,0,0,647467791301,"B"
264507,85,22,0,0,647563472901,"U"
264507,82,19,0,0,647667861301,"R"
264507,71,34,0,0,647763724801,"G"
264507,69,18,0,0,647867810101,"E"
264507,78,49,0,0,647963716101,"N"
264507,76,38,0,0,648067702101,"L"
264507,65,30,0,0,648163834301,"A"
264507,78,49,0,0,648267746101,"N"
264507,68,32,0,0,648363732801,"D"
264507,70,33,0,0,648467782501,"F"
264507,72,35,0,0,648563706901,"H"
264507,66,48,0,0,648667915001,"B"
264507,85,22,0,0,648763762201,"U"
264507,82,19,0,0,648859795401,"R"
264507,71,34,0,0,648963789001,"G"
264507,69,18,0,0,649067827701,"E"
264507,78,49,0,0,649164563601,"N"
264507,76,38,0,0,649267711401,"L"
264507,65,30,0,0,649363803501,"A"
264507,78,49,0,0,649467732301,"N"
264507,68,32,0,0,649563806701,"D"
264507,70,33,0,0,649667765401,"F"
264507,72,35,0,0,649763418601,"H"
264507,66,48,0,0,649867741901,"B"
264507,85,22,0,0,649963751901,"U"
264507,82,19,0,0,650067737001,"R"
264507,71,34,0,0,650163794901,"G"
264507,69,18,0,0,650267759101,"E"
264507,78,49,0,0,650363785301,"N"
264507,76,38,0,0,650459762401,"L"
264507,65,30,0,0,650563751301,"A"
264507,78,49,0,0,650659795901,"N"
264507,68,32,0,0,650771712001,"D"
264507,70,33,0,0,650859845801,"F"
264507,72,35,0,0,650963894401,"H"
264507,66,48,0,0,651067663101,"B"
264507,85,22,0,0,651163719401,"U"
264507,82,19,0,0,651267792201,"R"
264507,71,34,0,0,651363531601,"G"
264507,69,18,0,0,651467769701,"E"
264507,78,49,0,0,651563551001,"N"
264507,76,38,0,0,651667815001,"L"
264507,65,30,0,0,651763643801,"A"
264507,78,49,0,0,651867809901,"N"
264507,68,32,0,0,651963470801,"D"
264507,70,33,0,0,652067830601,"F"
264507,72,35,0,0,652163504201,"H"
264507,66,48,0,0,652267837501,"B"
264507,85,22,0,0,652363698501,"U"
264507,82,19,0,0,652467725301,"R"
264507,71,34,0,0,652571863401,"G"
264507,69,18,0,0,652668582001,"E"
264507,78,49,0,0,652763785901,"N"
264507,76,38,0,0,652867891401,"L"
264507,65,30,0,0,652963698801,"A"
264507,78,49,0,0,653067700701,"N"
264507,68,32,0,0,653163867301,"D"
264507,70,33,0,0,653267840101,"F"
264507,72,35,0,0,653363798801,"H"
264507,66,48,0,0,653467814201,"B"
264507,85,22,0,0,653563811801,"U"
264507,82,19,0,0,653667902401,"R"
264507,71,34,0,0,653763799101,"G"
264507,69,18,0,0,653867753801,"E"
264507,78,49,0,0,653964609801,"N"
264507,76,38,0,0,654067924501,"L"
264507,65,30,0,0,654163832501,"A"
264507,78,49,0,0,654267563301,"N"
264507,68,32,0,0,654363843301,"D"
264507,70,33,0,0,654459850001,"F"
264507,72,35,0,0,654563816101,"H"
264507,66,48,0,0,654659540701,"B"
264507,85,22,0,0,654763792801,"U"
264507,82,19,0,0,654867855801,"R"
264507,71,34,0,0,654963795801,"G"
264507,69,18,0,0,655067764201,"E"
264507,78,49,0,0,655164895001,"N"
264507,76,38,0,0,655267789301,"L"
264507,65,30,0,0,655363775801,"A"
264507,78,49,0,0,655467846401,"N"
264507,68,32,0,0,655563787301,"D"
264507,70,33,0,0,655667801901,"F"
264507,72,35,0,0,655763863101,"H"
264507,66,48,0,0,655868486701,"B"
264507,85,22,0,0,655963824701,"U"
264507,82,19,0,0,656067872801,"R"
264507,71,34,0,0,656163834301,"G"
264507,69,18,0,0,656267894801,"E"
264507,78,49,0,0,656372576801,"N"
264507,76,38,0,0,656459760601,"L"
264507,65,30,0,0,656563773901,"A"
264507,78,49,0,0,656659805701,"N"
264507,68,32,0,0,656771914301,"D"
264507,70,33,0,0,656867792401,"F"
264507,72,35,0,0,656963885501,"H"
264507,66,48,0,0,657067557301,"B"
264507,85,22,0,0,657163972201,"U"
264507,82,19,0,0,657267569301,"R"
264507,71,34,0,0,657363800701,"G"
264507,69,18,0,0,657467648901,"E"
264507,78,49,0,0,657564826701,"N"
264507,76,38,0,0,657667459301,"L"
264507,65,30,0,0,657763628201,"A"
264507,78,49,0,0,657867752601,"N"
264507,68,32,0,0,657963900001,"D"
264507,70,33,0,0,658067776001,"F"
264507,72,35,0,0,658163786601,"H"
264507,66,48,0,0,658268821901,"B"
264507,85,22,0,0,658371778201,"U"
264507,82,19,0,0,658467879401,"R"
264507,71,34,0,0,658563859101,"G"
264507,69,18,0,0,658667798001,"E"
264507,78,49,0,0,658763550901,"N"
264507,76,38,0,0,658867895901,"L"
264507,65,30,0,0,658963830101,"A"
264507,78,49,0,0,659067793201,"N"
264507,68,32,0,0,659163989701,"D"
264507,70,33,0,0,659267826801,"F"
264507,72,35,0,0,659363850601,"H"
264507,66,48,0,0,659467871101,"B"
264507,85,22,0,0,659563904901,"U"
264507,82,19,0,0,659667879601,"R"
264507,71,34,0,0,659763820101,"G"
264507,69,18,0,0,659867925201,"E"
264507,78,49,0,0,659963915201,"N"
264507,76,38,0,0,660067879601,"L"
264507,65,30,0,0,660163870601,"A"
264507,78,49,0,0,660267834001,"N"
264507,68,32,0,0,660363885901,"D"
264507,70,33,0,0,660467811501,"F"
264507,72,35,0,0,660571841501,"H"
264507,66,48,0,0,660668596101,"B"
264507,85,22,0,0,660763544901,"U"
264507,82,19,0,0,660867856101,"R"
264507,71,34,0,0,660963889701,"G"
264507,69,18,0,0,661068905801,"E"
264507,78,49,0,0,661164859401,"N"
264507,76,38,0,0,661268009901,"L"
264507,65,30,0,0,661363911101,"A"
264507,78,49,0,0,661467882601,"N"
264507,68,32,0,0,661563888401,"D"
264507,70,33,0,0,661667820701,"F"
264507,72,35,0,0,661763822301,"H"
264507,66,48,0,0,661867945201,"B"
264507,85,22,0,0,661963817401,"U"
264507,82,19,0,0,662067899001,"R"
264507,71,34,0,0,662163884001,"G"
264507,69,18,0,0,662267860601,"E"
264507,78,49,0,0,662372939101,"N"
264507,76,38,0,0,662459899401,"L"
264507,65,30,0,0,662563863101,"A"
264507,78,49,0,0,662659883601,"N"
264507,68,32,0,0,662771725501,"D"
264507,70,33,0,0,662867813501,"F"
264507,72,35,0,0,662963920301,"H"
264507,66,48,0,0,663067913101,"B"
264507,85,22,0,0,663163892301,"U"
264507,82,19,0,0,663267838101,"R"
264507,71,34,0,0,663363825001,"G"
264507,69,18,0,0,663467933301,"E"
264507,78,49,0,0,663563997701,"N"
264507,76,38,0,0,663667946701,"L"
264507,65,30,0,0,663763969101,"A"
264507,78,49,0,0,663867864601,"N"
264507,68,32,0,0,663963917101,"D"
264507,70,33,0,0,664067867501,"F"
264507,72,35,0,0,664163879401,"H"
264507,66,48,0,0,664267902901,"B"
264507,85,22,0,0,664363856701,"U"
264507,82,19,0,0,664459879101,"R"
264507,71,34,0,0,664563668901,"G"
264507,69,18,0,0,664667873701,"E"
264507,78,49,0,0,664763951101,"N"
264507,76,38,0,0,664867870401,"L"
264507,65,30,0,0,664963893301,"A"
264507,78,49,0,0,665067879001,"N"
264507,68,32,0,0,665163930601,"D"
264507,70,33,0,0,665267895601,"F"
264507,72,35,0,0,665363983901,"H"
264507,66,48,0,0,665467899001,"B"
264507,85,22,0,0,665564126601,"U"
264507,82,19,0,0,665667952601,"R"
264507,71,34,0,0,665763750401,"G"
264507,69,18,0,0,665867996101,"E"
264507,78,49,0,0,665964698601,"N"
264507,76,38,0,0,666059745501,"L"
264507,65,30,0,0,666163931801,"A"
264507,78,49,0,0,666259952701,"N"
264507,68,32,0,0,666371897501,"D"
264507,70,33,0,0,666459999201,"F"
264507,72,35,0,0,666564003201,"H"
264507,66,48,0,0,666667882501,"B"
264507,85,22,0,0,666763955201,"U"
264507,82,19,0,0,666867797401,"R"
264507,71,34,0,0,666963985001,"G"
264507,69,18,0,0,667067933701,"E"
264507,78,49,0,0,667164579901,"N"
264507,76,38,0,0,667267919401,"L"
264507,65,30,0,0,667363867401,"A"
264507,78,49,0,0,667467974401,"N"
264507,68,32,0,0,667563982401,"D"
264507,70,33,0,0,667667916601,"F"
264507,72,35,0,0,667763964001,"H"
264507,66,48,0,0,667867937301,"B"
264507,85,22,0,0,667963929801,"U"
264507,82,19,0,0,668067885201,"R"
264507,71,34,0,0,668171942401,"G"
264507,69,18,0,0,668267569301,"E"
264507,78,49,0,0,668363946301,"N"
264507,76,38,0,0,668459930001,"L"
264507,65,30,0,0,668563912901,"A"
264507,78,49,0,0,668667763101,"N"
264507,68,32,0,0,668771581801,"D"
264507,70,33,0,0,668867871801,"F"
264507,72,35,0,0,668963995701,"H"
264507,66,48,0,0,669067908001,"B"
264507,85,22,0,0,669163931501,"U"
264507,82,19,0,0,669267931501,"R"
264507,71,34,0,0,669364033801,"G"
264507,69,18,0,0,669467686301,"E"
264507,78,49,0,0,669564704801,"N"
264507,76,38,0,0,669667992201,"L"
264507,65,30,0,0,669763844001,"A"
264507,78,49,0,0,669867913701,"N"
264507,68,32,0,0,669963981801,"D"
264507,70,33,0,0,670067875801,"F"
264507,72,35,0,0,670171920501,"H"
264507,66,48,0,0,670267874801,"B"
264507,85,22,0,0,670363972701,"U"
264507,82,19,0,0,670467918001,"R"
264507,71,34,0,0,670563941201,"G"
264507,69,18,0,0,670667942301,"E"
264507,78,49,0,0,670763659601,"N"
264507,76,38,0,0,670868048301,"L"
264507,65,30,0,0,670963924701,"A"
264507,78,49,0,0,671067754201,"N"
264507,68,32,0,0,671163998201,"D"
264507,70,33,0,0,671268114201,"F"
264507,72,35,0,0,671363997901,"H"
264507,66,48,0,0,671467860001,"B"
264507,85,22,0,0,671563932201,"U"
264507,82,19,0,0,671668022801,"R"
264507,71,34,0,0,671763689501,"G"
264507,69,18,0,0,671867933701,"E"
264507,78,49,0,0,671963956101,"N"
264507,76,38,0,0,672059965201,"L"
264507,65,30,0,0,672163879701,"A"
264507,78,49,0,0,672259973001,"N"
264507,68,32,0,0,672371986901,"D"
264507,70,33,0,0,672467929701,"F"
264507,72,35,0,0,672563983901,"H"
264507,66,48,0,0,672668075901,"B"
264507,85,22,0,0,672764015301,"U"
264507,82,19,0,0,672867949101,"R"
264507,71,34,0,0,672963922701,"G"
264507,69,18,0,0,673067804701,"E"
264507,78,49,0,0,673163926101,"N"
264507,76,38,0,0,673268015501,"L"
264507,65,30,0,0,673363911101,"A"
264507,78,49,0,0,673468018901,"N"
264507,68,32,0,0,673564149301,"D"
264507,70,33,0,0,673668046701,"F"
264507,72,35,0,0,673763942001,"H"
264507,66,48,0,0,673867944201,"B"
264507,85,22,0,0,673971948101,"U"
264507,82,19,0,0,674060023501,"R"
264507,71,34,0,0,674164072001,"G"
264507,69,18,0,0,674268016301,"E"
264507,78,49,0,0,674363742401,"N"
264507,76,38,0,0,674467989201,"L"
264507,65,30,0,0,674563738001,"A"
264507,78,49,0,0,674667912301,"N"
264507,68,32,0,0,674763901601,"D"
264507,70,33,0,0,674868023401,"F"
264507,72,35,0,0,674964158101,"H"
264507,66,48,0,0,675068046901,"B"
264507,85,22,0,0,675164017001,"U"
264507,82,19,0,0,675267938301,"R"
264507,71,34,0,0,675364000501,"G"
264507,69,18,0,0,675468002601,"E"
264507,78,49,0,0,675563950301,"N"
264507,76,38,0,0,675667957901,"L"
264507,65,30,0,0,675763743801,"A"
264507,78,49,0,0,675868146701,"N"
264507,68,32,0,0,675972045201,"D"
264507,70,33,0,0,676059964301,"F"
264507,72,35,0,0,676163670501,"H"
264507,66,48,0,0,676267978501,"B"
264507,85,22,0,0,676363936801,"U"
264507,82,19,0,0,676467981801,"R"
264507,71,34,0,0,676564032001,"G"
264507,69,18,0,0,676667995901,"E"
264507,78,49,0,0,676764087701,"N"
264507,76,38,0,0,676867929901,"L"
264507,65,30,0,0,676963946101,"A"
264507,78,49,0,0,677068692801,"N"
264507,68,32,0,0,677163975901,"D"
264507,70,33,0,0,677268084301,"F"
264507,72,35,0,0,677364046501,"H"
264507,66,48,0,0,677468134401,"B"
264507,85,22,0,0,677564043901,"U"
264507,82,19,0,0,677667994501,"R"
264507,71,34,0,0,677772042601,"G"
264507,69,18,0,0,677867777301,"E"
264507,78,49,0,0,677964015801,"N"
264507,76,38,0,0,678060099901,"L"
264507,65,30,0,0,678163997101,"A"
264507,78,49,0,0,678267951601,"N"
264507,68,32,0,0,678371953701,"D"
264507,70,33,0,0,678468047401,"F"
264507,72,35,0,0,678564006701,"H"
264507,66,48,0,0,678668028301,"B"
264507,85,22,0,0,678764075601,"U"
264507,82,19,0,0,678867998001,"R"
264507,71,34,0,0,678963993001,"G"
264507,69,18,0,0,679068049001,"E"
264507,78,49,0,0,679164864301,"N"
264507,76,38,0,0,679268033101,"L"
264507,65,30,0,0,679364057901,"A"
264507,78,49,0,0,679467999501,"N"
264507,68,32,0,0,679563973401,"D"
264507,70,33,0,0,679667988001,"F"
264507,72,35,0,0,679764068501,"H"
264507,66,48,0,0,679868067701,"B"
264507,85,22,0,0,679964041901,"U"
264507,82,19,0,0,680060047001,"R"
264507,71,34,0,0,680164058501,"G"
264507,69,18,0,0,680267911501,"E"
264507,78,49,0,0,680363990101,"N"
264507,76,38,0,0,680467986401,"L"
264507,65,30,0,0,680564155601,"A"
264507,78,49,0,0,680668008301,"N"
264507,68,32,0,0,680764041501,"D"
264507,70,33,0,0,680867986601,"F"
264507,72,35,0,0,680963838901,"H"
264507,66,48,0,0,681067745501,"B"
264507,85,22,0,0,681163830201,"U"
264507,82,19,0,0,681267846701,"R"
264507,71,34,0,0,681364044201,"G"
264507,69,18,0,0,681467720101,"E"
264507,78,49,0,0,681564129001,"N"
264507,76,38,0,0,681660094001,"L"
264507,65,30,0,0,681764016501,"A"
264507,78,49,0,0,681867787201,"N"
264507,68,32,0,0,681972054301,"D"
264507,70,33,0,0,682059698201,"F"
264507,72,35,0,0,682164137601,"H"
264507,66,48,0,0,682267905401,"B"
264507,85,22,0,0,682364036501,"U"
264507,82,19,0,0,682467929401,"R"
264507,71,34,0,0,682564136601,"G"
264507,69,18,0,0,682668188801,"E"
264507,78,49,0,0,682763989701,"N"
264507,76,38,0,0,682868026301,"L"
264507,65,30,0,0,682964078101,"A"
264507,78,49,0,0,683068087501,"N"
264507,68,32,0,0,683164067301,"D"
264507,70,33,0,0,683267719001,"F"
264507,72,35,0,0,683364043901,"H"
264507,66,48,0,0,683468489201,"B"
264507,85,22,0,0,683563804501,"U"
264507,82,19,0,0,683668044701,"R"
264507,71,34,0,0,683772108101,"G"
264507,69,18,0,0,683868108101,"E"
264507,78,49,0,0,683964181001,"N"
264507,76,38,0,0,684068037001,"L"
264507,65,30,0,0,684164152001,"A"
264507,78,49,0,0,684268041201,"N"
264507,68,32,0,0,684372204501,"D"
264507,70,33,0,0,684468069201,"F"
264507,72,35,0,0,684564070801,"H"
264507,66,48,0,0,684668226601,"B"
264507,85,22,0,0,684764109001,"U"
264507,82,19,0,0,684867801401,"R"
264507,71,34,0,0,684964065601,"G"
264507,69,18,0,0,685068102001,"E"
264507,78,49,0,0,685164102401,"N"
264507,76,38,0,0,685268019101,"L"
264507,65,30,0,0,685364090801,"A"
264507,78,49,0,0,685468194901,"N"
264507,68,32,0,0,685572021601,"D"
264507,70,33,0,0,685668044201,"F"
264507,72,35,0,0,685764080901,"H"
264507,66,48,0,0,685868013101,"B"
264507,85,22,0,0,685964087701,"U"
264507,82,19,0,0,686068167601,"R"
264507,71,34,0,0,686164055201,"G"
264507,69,18,0,0,686268101201,"E"
264507,78,49,0,0,686364101901,"N"
264507,76,38,0,0,686468147901,"L"
264507,65,30,0,0,686564064101,"A"
264507,78,49,0,0,686668189101,"N"
264507,68,32,0,0,686764111101,"D"
264507,70,33,0,0,686868023101,"F"
264507,72,35,0,0,686964174701,"H"
264507,66,48,0,0,687068264401,"B"
264507,85,22,0,0,687164088101,"U"
264507,82,19,0,0,687268045101,"R"
264507,71,34,0,0,687364164401,"G"
264507,69,18,0,0,687468181601,"E"
264507,78,49,0,0,687571814501,"N"
264507,76,38,0,0,687660088601,"L"
264507,65,30,0,0,687764108501,"A"
264507,78,49,0,0,687868153301,"N"
264507,68,32,0,0,687971958401,"D"
264507,70,33,0,0,688068100601,"F"
264507,72,35,0,0,688164215201,"H"
264507,66,48,0,0,688268064101,"B"
264507,85,22,0,0,688364077601,"U"
264507,82,19,0,0,688468083701,"R"
264507,71,34,0,0,688564108001,"G"
264507,69,18,0,0,688667901101,"E"
264507,78,49,0,0,688765010201,"N"
264507,76,38,0,0,688868099901,"L"
264507,65,30,0,0,688964100801,"A"
264507,78,49,0,0,689068109201,"N"
264507,68,32,0,0,689164125801,"D"
264507,70,33,0,0,689268055401,"F"
264507,72,35,0,0,689372200101,"H"
264507,66,48,0,0,689468098601,"B"
264507,85,22,0,0,689564104001,"U"
264507,82,19,0,0,689660189701,"R"
264507,71,34,0,0,689764086501,"G"
264507,69,18,0,0,689868050501,"E"
264507,78,49,0,0,689964320101,"N"
264507,76,38,0,0,690068091801,"L"
264507,65,30,0,0,690164149901,"A"
264507,78,49,0,0,690268196801,"N"
264507,68,32,0,0,690364072401,"D"
264507,70,33,0,0,690468119401,"F"
264507,72,35,0,0,690564240001,"H"
264507,66,48,0,0,690668093501,"B"
264507,85,22,0,0,690764118401,"U"
264507,82,19,0,0,690868235201,"R"
264507,71,34,0,0,690964297001,"G"
264507,69,18,0,0,691068170801,"E"
264507,78,49,0,0,691164885301,"N"
264507,76,38,0,0,691268212501,"L"
264507,65,30,0,0,691364134701,"A"
264507,78,49,0,0,691468152701,"N"
264507,68,32,0,0,691572110801,"D"
264507,70,33,0,0,691668167101,"F"
264507,72,35,0,0,691764123201,"H"
264507,66,48,0,0,691867895001,"B"
264507,85,22,0,0,691964116001,"U"
264507,82,19,0,0,692067814101,"R"
264507,71,34,0,0,692164111301,"G"
264507,69,18,0,0,692268188101,"E"
264507,78,49,0,0,692364139201,"N"
264507,76,38,0,0,692468099401,"L"
264507,65,30,0,0,692564228301,"A"
264507,78,49,0,0,692668189101,"N"
264507,68,32,0,0,692764108801,"D"
264507,70,33,0,0,692868240001,"F"
264507,72,35,0,0,692964181401,"H"
264507,66,48,0,0,693068051301,"B"
264507,85,22,0,0,693164107901,"U"
264507,82,19,0,0,693268102601,"R"
264507,71,34,0,0,693372062101,"G"
264507,69,18,0,0,693468143701,"E"
264507,78,49,0,0,693564144801,"N"
264507,76,38,0,0,693668120301,"L"
264507,65,30,0,0,693764139801,"A"
264507,78,49,0,0,693868100101,"N"
264507,68,32,0,0,693972239101,"D"
264507,70,33,0,0,694067838801,"F"
264507,72,35,0,0,694164110101,"H"
264507,66,48,0,0,694268229501,"B"
264507,85,22,0,0,694364261901,"U"
264507,82,19,0,0,694468152801,"R"
264507,71,34,0,0,694564140501,"G"
264507,69,18,0,0,694668120801,"E"
264507,78,49,0,0,694764100001,"N"
264507,76,38,0,0,694868127701,"L"
264507,65,30,0,0,694964198301,"A"
264507,78,49,0,0,695068236401,"N"
264507,68,32,0,0,695164197801,"D"
264507,70,33,0,0,695268141301,"F"
264507,72,35,0,0,695372360401,"H"
264507,66,48,0,0,695468179501,"B"
264507,85,22,0,0,695564167201,"U"
264507,82,19,0,0,695668158201,"R"
264507,71,34,0,0,695764139401,"G"
264507,69,18,0,0,695868914301,"E"
264507,78,49,0,0,695964871901,"N"
264507,76,38,0,0,696068094301,"L"
264507,65,30,0,0,696164101101,"A"
264507,78,49,0,0,696268133501,"N"
264507,68,32,0,0,696364163601,"D"
264507,70,33,0,0,696468184401,"F"
264507,72,35,0,0,696564134301,"H"
264507,66,48,0,0,696668183001,"B"
264507,85,22,0,0,696764180201,"U"
264507,82,19,0,0,696868193301,"R"
264507,71,34,0,0,696964088701,"G"
264507,69,18,0,0,697068097301,"E"
264507,78,49,0,0,697173158201,"N"
264507,76,38,0,0,697260076401,"L"
264507,65,30,0,0,697364346801,"A"
264507,78,49,0,0,697460178901,"N"
264507,68,32,0,0,697572215301,"D"
264507,70,33,0,0,697668171701,"F"
264507,72,35,0,0,697764216001,"H"
264507,66,48,0,0,697868188101,"B"
264507,85,22,0,0,697964133801,"U"
264507,82,19,0,0,698067945201,"R"
264507,71,34,0,0,698163920301,"G"
264507,69,18,0,0,698267885201,"E"
264507,78,49,0,0,698364238101,"N"
264507,76,38,0,0,698468168801,"L"
264507,65,30,0,0,698564127201,"A"
264507,78,49,0,0,698668237701,"N"
264507,68,32,0,0,698764154301,"D"
264507,70,33,0,0,698868161901,"F"
264507,72,35,0,0,698964150201,"H"
264507,66,48,0,0,699068028401,"B"
264507,85,22,0,0,699172170601,"U"
264507,82,19,0,0,699268170601,"R"
264507,71,34,0,0,699372271401,"G"
264507,69,18,0,0,699468176701,"E"
264507,78,49,0,0,699564183201,"N"
264507,76,38,0,0,699668257601,"L"
264507,65,30,0,0,699763884601,"A"
264507,78,49,0,0,699868116201,"N"
264507,68,32,0,0,699972278801,"D"
264507,70,33,0,0,700068142101,"F"
264507,72,35,0,0,700164170001,"H"
264507,66,48,0,0,700268179101,"B"
264507,85,22,0,0,700363788901,"U"
264507,82,19,0,0,700468208201,"R"
264507,71,34,0,0,700563941101,"G"
264507,69,18,0,0,700668299801,"E"
264507,78,49,0,0,700765049501,"N"
264507,76,38,0,0,700868220001,"L"
264507,65,30,0,0,700964320801,"A"
264507,78,49,0,0,701068136201,"N"
264507,68,32,0,0,701172230601,"D"
264507,70,33,0,0,701268126901,"F"
264507,72,35,0,0,701364283201,"H"
264507,66,48,0,0,701468303801,"B"
264507,85,22,0,0,701564343101,"U"
264507,82,19,0,0,701667978701,"R"
264507,71,34,0,0,701764388101,"G"
264507,69,18,0,0,701869000101,"E"
264507,78,49,0,0,701964942901,"N"
264507,76,38,0,0,702068272101,"L"
264507,65,30,0,0,702164156401,"A"
264507,78,49,0,0,702268224401,"N"
264507,68,32,0,0,702364228001,"D"
264507,70,33,0,0,702468196501,"F"
264507,72,35,0,0,702563963701,"H"
264507,66,48,0,0,702668331701,"B"
264507,85,22,0,0,702764229101,"U"
264507,82,19,0,0,702868155801,"R"
264507,71,34,0,0,702964185601,"G"
264507,69,18,0,0,703069309601,"E"
264507,78,49,0,0,703173149601,"N"
264507,76,38,0,0,703260171201,"L"
264507,65,30,0,0,703364246201,"A"
264507,78,49,0,0,703468223901,"N"
264507,68,32,0,0,703572199601,"D"
264507,70,33,0,0,703668233501,"F"
264507,72,35,0,0,703764237801,"H"
264507,66,48,0,0,703868044801,"B"
264507,85,22,0,0,703964056501,"U"
264507,82,19,0,0,704068153301,"R"
264507,71,34,0,0,704164164201,"G"
264507,69,18,0,0,704268179301,"E"
264507,78,49,0,0,704380207301,"N"
264507,76,38,0,0,704468259701,"L"
264507,65,30,0,0,704564198401,"A"
264507,78,49,0,0,704668215001,"N"
264507,68,32,0,0,704764219401,"D"
264507,70,33,0,0,704868040201,"F"
264507,72,35,0,0,704964130501,"H"
264507,66,48,0,0,705067951801,"B"
264507,85,22,0,0,705172257301,"U"
264507,82,19,0,0,705268169901,"R"
264507,71,34,0,0,705372386001,"G"
264507,69,18,0,0,705469072701,"E"
264507,78,49,0,0,705565060201,"N"
264507,76,38,0,0,705667985501,"L"
264507,65,30,0,0,705764316101,"A"
264507,78,49,0,0,705867967401,"N"
264507,68,32,0,0,705972243001,"D"
264507,70,33,0,0,706067998501,"F"
264507,72,35,0,0,706164334901,"H"
264507,66,48,0,0,706267970301,"B"
264507,85,22,0,0,706364187001,"U"
264507,82,19,0,0,706468133201,"R"
264507,71,34,0,0,706564323901,"G"
264507,69,18,0,0,706668182601,"E"
264507,78,49,0,0,706772175801,"N"
264507,76,38,0,0,706867997701,"L"
264507,65,30,0,0,706964298301,"A"
264507,78,49,0,0,707068327401,"N"
264507,68,32,0,0,707172287301,"D"
264507,70,33,0,0,707268251401,"F"
264507,72,35,0,0,707364336301,"H"
264507,66,48,0,0,707468228701,"B"
264507,85,22,0,0,707564322501,"U"
264507,82,19,0,0,707668205101,"R"
264507,71,34,0,0,707764290501,"G"
264507,69,18,0,0,707869055101,"E"
264507,78,49,0,0,707972307401,"N"
264507,76,38,0,0,708068280301,"L"
264507,65,30,0,0,708164399501,"A"
264507,78,49,0,0,708268229401,"N"
264507,68,32,0,0,708364265001,"D"
264507,70,33,0,0,708468273101,"F"
264507,72,35,0,0,708564306101,"H"
264507,66,48,0,0,708668429601,"B"
264507,85,22,0,0,708764302901,"U"
264507,82,19,0,0,708868377801,"R"
264507,71,34,0,0,708972242201,"G"
264507,69,18,0,0,709068210201,"E"
264507,78,49,0,0,709172234301,"N"
264507,76,38,0,0,709260265001,"L"
264507,65,30,0,0,709364279501,"A"
264507,78,49,0,0,709468341101,"N"
264507,68,32,0,0,709572076401,"D"
264507,70,33,0,0,709668257101,"F"
264507,72,35,0,0,709764327601,"H"
264507,66,48,0,0,709868333101,"B"
264507,85,22,0,0,709963980301,"U"
264507,82,19,0,0,710068347101,"R"
264507,71,34,0,0,710164310001,"G"
264507,69,18,0,0,710268307301,"E"
264507,78,49,0,0,710372206701,"N"
264507,76,38,0,0,710468260101,"L"
264507,65,30,0,0,710564337501,"A"
264507,78,49,0,0,710668274901,"N"
264507,68,32,0,0,710764296001,"D"
264507,70,33,0,0,710868237001,"F"
264507,72,35,0,0,710963957801,"H"
264507,66,48,0,0,711068263501,"B"
264507,85,22,0,0,711172285901,"U"
264507,82,19,0,0,711268338401,"R"
264507,71,34,0,0,711372043601,"G"
264507,69,18,0,0,711468274401,"E"
264507,78,49,0,0,711564301401,"N"
264507,76,38,0,0,711668277001,"L"
264507,65,30,0,0,711764325501,"A"
264507,78,49,0,0,711868339101,"N"
264507,68,32,0,0,711964323301,"D"
264507,70,33,0,0,712068248401,"F"
264507,72,35,0,0,712164295701,"H"
264507,66,48,0,0,712268294001,"B"
264507,85,22,0,0,712364248901,"U"
264507,82,19,0,0,712468307001,"R"
264507,71,34,0,0,712564294401,"G"
264507,69,18,0,0,712668301501,"E"
264507,78,49,0,0,712765089401,"N"
264507,76,38,0,0,712868323501,"L"
264507,65,30,0,0,712972281901,"A"
264507,78,49,0,0,713068326001,"N"
264507,68,32,0,0,713172374301,"D"
264507,70,33,0,0,713268017401,"F"
264507,72,35,0,0,713364411001,"H"
264507,66,48,0,0,713468329301,"B"
264507,85,22,0,0,713564399501,"U"
264507,82,19,0,0,713668217801,"R"
264507,71,34,0,0,713764313701,"G"
264507,69,18,0,0,713868320801,"E"
264507,78,49,0,0,713964974401,"N"
264507,76,38,0,0,714068364901,"L"
264507,65,30,0,0,714164288401,"A"
264507,78,49,0,0,714268281801,"N"
264507,68,32,0,0,714364360501,"D"
264507,70,33,0,0,714468326001,"F"
264507,72,35,0,0,714564330901,"H"
264507,66,48,0,0,714668390501,"B"
264507,85,22,0,0,714764308501,"U"
264507,82,19,0,0,714868345701,"R"
264507,71,34,0,0,714972194701,"G"
264507,69,18,0,0,715068422701,"E"
264507,78,49,0,0,715173011601,"N"
264507,76,38,0,0,715260402401,"L"
264507,65,30,0,0,715364330501,"A"
264507,78,49,0,0,715468314101,"N"
264507,68,32,0,0,715572295701,"D"
264507,70,33,0,0,715668452701,"F"
264507,72,35,0,0,715764411301,"H"
264507,66,48,0,0,715868307501,"B"
264507,85,22,0,0,715964289301,"U"
264507,82,19,0,0,716068395501,"R"
264507,71,34,0,0,716164331801,"G"
264507,69,18,0,0,716268443301,"E"
264507,78,49,0,0,716364347501,"N"
264507,76,38,0,0,716468389201,"L"
264507,65,30,0,0,716564298001,"A"
264507,78,49,0,0,716668449601,"N"
264507,68,32,0,0,716764327701,"D"
264507,70,33,0,0,716868334201,"F"
264507,72,35,0,0,716972341301,"H"
264507,66,48,0,0,717068411301,"B"
264507,85,22,0,0,717172327601,"U"
264507,82,19,0,0,717268299501,"R"
264507,71,34,0,0,717372436501,"G"
264507,69,18,0,0,717468362701,"E"
264507,78,49,0,0,717565155201,"N"
264507,76,38,0,0,717668145701,"L"
264507,65,30,0,0,717764211201,"A"
264507,78,49,0,0,717868357101,"N"
264507,68,32,0,0,717964342601,"D"
264507,70,33,0,0,718068456201,"F"
264507,72,35,0,0,718164387101,"H"
264507,66,48,0,0,718268306701,"B"
264507,85,22,0,0,718364345301,"U"
264507,82,19,0,0,718468354501,"R"
264507,71,34,0,0,718564380101,"G"
264507,69,18,0,0,718669246501,"E"
264507,78,49,0,0,718772387501,"N"
264507,76,38,0,0,718868398001,"L"
264507,65,30,0,0,718964349401,"A"
264507,78,49,0,0,719068379301,"N"
264507,68,32,0,0,719172380901,"D"
264507,70,33,0,0,719268422801,"F"
264507,72,35,0,0,719364290501,"H"
264507,66,48,0,0,719468314401,"B"
264507,85,22,0,0,719564396901,"U"
264507,82,19,0,0,719668358101,"R"
264507,71,34,0,0,719764368301,"G"
264507,69,18,0,0,719868472401,"E"
264507,78,49,0,0,719965147101,"N"
264507,76,38,0,0,720068310501,"L"
264507,65,30,0,0,720164465001,"A"
264507,78,49,0,0,720268307501,"N"
264507,68,32,0,0,720364441001,"D"
264507,70,33,0,0,720468323901,"F"
264507,72,35,0,0,720564311601,"H"
264507,66,48,0,0,720668340301,"B"
264507,85,22,0,0,720764317401,"U"
264507,82,19,0,0,720868440301,"R"
264507,71,34,0,0,720972394201,"G"
264507,69,18,0,0,721068177001,"E"
264507,78,49,0,0,721173245401,"N"
264507,76,38,0,0,721260445001,"L"
264507,65,30,0,0,721364381401,"A"
264507,78,49,0,0,721468361301,"N"
264507,68,32,0,0,721572434401,"D"
264507,70,33,0,0,721668358801,"F"
264507,72,35,0,0,721764353101,"H"
264507,66,48,0,0,721868386501,"B"
264507,85,22,0,0,721964400801,"U"
264507,82,19,0,0,722068106301,"R"
264507,71,34,0,0,722164385101,"G"
264507,69,18,0,0,722268419301,"E"
264507,78,49,0,0,722365423101,"N"
264507,76,38,0,0,722468431201,"L"
264507,65,30,0,0,722564182401,"A"
264507,78,49,0,0,722668435201,"N"
264507,68,32,0,0,722764484201,"D"
264507,70,33,0,0,722868354401,"F"
264507,72,35,0,0,722972397401,"H"
264507,66,48,0,0,723068321501,"B"
264507,85,22,0,0,723172378301,"U"
264507,82,19,0,0,723268392501,"R"
264507,71,34,0,0,723364335401,"G"
264507,69,18,0,0,723468155401,"E"
264507,78,49,0,0,723565430601,"N"
264507,76,38,0,0,723668436701,"L"
264507,65,30,0,0,723764456801,"A"
264507,78,49,0,0,723868416701,"N"
264507,68,32,0,0,723964107501,"D"
264507,70,33,0,0,724068407801,"F"
264507,72,35,0,0,724164081001,"H"
264507,66,48,0,0,724268391101,"B"
264507,85,22,0,0,724364271701,"U"
264507,82,19,0,0,724468396601,"R"
264507,71,34,0,0,724564112701,"G"
264507,69,18,0,0,724668445401,"E"
264507,78,49,0,0,724772359201,"N"
264507,76,38,0,0,724868413801,"L"
264507,65,30,0,0,724964265601,"A"
264507,78,49,0,0,725068180501,"N"
264507,68,32,0,0,725172370701,"D"
264507,70,33,0,0,725268451201,"F"
264507,72,35,0,0,725364465101,"H"
264507,66,48,0,0,725468311001,"B"
264507,85,22,0,0,725564531801,"U"
264507,82,19,0,0,725668257801,"R"
264507,71,34,0,0,725764363601,"G"
264507,69,18,0,0,725868270801,"E"
264507,78,49,0,0,725964090601,"N"
264507,76,38,0,0,726068049001,"L"
264507,65,30,0,0,726164409801,"A"
264507,78,49,0,0,726268495901,"N"
264507,68,32,0,0,726364415101,"D"
264507,70,33,0,0,726468478101,"F"
264507,72,35,0,0,726564366401,"H"
264507,66,48,0,0,726668439901,"B"
264507,85,22,0,0,726772472801,"U"
264507,82,19,0,0,726868354501,"R"
264507,71,34,0,0,726972364501,"G"
264507,69,18,0,0,727068431701,"E"
264507,78,49,0,0,727164536201,"N"
264507,76,38,0,0,727268420601,"L"
264507,65,30,0,0,727364419101,"A"
264507,78,49,0,0,727468180301,"N"
264507,68,32,0,0,727572439701,"D"
264507,70,33,0,0,727668282501,"F"
264507,72,35,0,0,727764397601,"H"
264507,66,48,0,0,727868479301,"B"
264507,85,22,0,0,727964481701,"U"
264507,82,19,0,0,728068374101,"R"
264507,71,34,0,0,728164516201,"G"
264507,69,18,0,0,728268261301,"E"
264507,78,49,0,0,728365416401,"N"
264507,76,38,0,0,728468594101,"L"
264507,65,30,0,0,728564424801,"A"
264507,78,49,0,0,728668418501,"N"
264507,68,32,0,0,728772460501,"D"
264507,70,33,0,0,728868500601,"F"
264507,72,35,0,0,728972444601,"H"
264507,66,48,0,0,729068383001,"B"
264507,85,22,0,0,729164475301,"U"
264507,82,19,0,0,729268425601,"R"
264507,71,34,0,0,729364138301,"G"
264507,69,18,0,0,729468457201,"E"
264507,78,49,0,0,729565307101,"N"
264507,76,38,0,0,729668312801,"L"
264507,65,30,0,0,729764487801,"A"
264507,78,49,0,0,729868241301,"N"
264507,68,32,0,0,729964547901,"D"
264507,70,33,0,0,730068176301,"F"
264507,72,35,0,0,730164514301,"H"
264507,66,48,0,0,730268163401,"B"
264507,85,22,0,0,730364494901,"U"
264507,82,19,0,0,730468384601,"R"
264507,71,34,0,0,730564552501,"G"
264507,69,18,0,0,730668504301,"E"
264507,78,49,0,0,730772501601,"N"
264507,76,38,0,0,730860561701,"L"
264507,65,30,0,0,730964448901,"A"
264507,78,49,0,0,731068504701,"N"
264507,68,32,0,0,731172477201,"D"
264507,70,33,0,0,731268560701,"F"
264507,72,35,0,0,731364432701,"H"
264507,66,48,0,0,731468578601,"B"
264507,85,22,0,0,731564428401,"U"
264507,82,19,0,0,731668479101,"R"
264507,71,34,0,0,731764496901,"G"
264507,69,18,0,0,731868451001,"E"
264507,78,49,0,0,731965275501,"N"
264507,76,38,0,0,732068476401,"L"
264507,65,30,0,0,732164356901,"A"
264507,78,49,0,0,732268238001,"N"
264507,68,32,0,0,732364470101,"D"
264507,70,33,0,0,732468202301,"F"
264507,72,35,0,0,732572564901,"H"
264507,66,48,0,0,732668509401,"B"
264507,85,22,0,0,732772435601,"U"
264507,82,19,0,0,732868469201,"R"
264507,71,34,0,0,732972481801,"G"
264507,69,18,0,0,733068417301,"E"
264507,78,49,0,0,733164458001,"N"
264507,76,38,0,0,733268455501,"L"
264507,65,30,0,0,733364274701,"A"
264507,78,49,0,0,733468575601,"N"
264507,68,32,0,0,733572512101,"D"
264507,70,33,0,0,733668466401,"F"
264507,72,35,0,0,733764533601,"H"
264507,66,48,0,0,733868479701,"B"
264507,85,22,0,0,733964601501,"U"
264507,82,19,0,0,734068249801,"R"
264507,71,34,0,0,734164437801,"G"
264507,69,18,0,0,734268494301,"E"
264507,78,49,0,0,734365169401,"N"
264507,76,38,0,0,734468474401,"L"
264507,65,30,0,0,734564408501,"A"
264507,78,49,0,0,734668533501,"N"
264507,68,32,0,0,734772461801,"D"
264507,70,33,0,0,734868441801,"F"
264507,72,35,0,0,734972380401,"H"
264507,66,48,0,0,735068559201,"B"
264507,85,22,0,0,735164576901,"U"
264507,82,19,0,0,735268466801,"R"
264507,71,34,0,0,735364471101,"G"
264507,69,18,0,0,735468534501,"E"
264507,78,49,0,0,735564633101,"N"
264507,76,38,0,0,735668282401,"L"
264507,65,30,0,0,735764573301,"A"
264507,78,49,0,0,735868495301,"N"
264507,68,32,0,0,735964532501,"D"
264507,70,33,0,0,736068505801,"F"
264507,72,35,0,0,736164264101,"H"
264507,66,48,0,0,736268510201,"B"
264507,85,22,0,0,736364491401,"U"
264507,82,19,0,0,736468460001,"R"
264507,71,34,0,0,736564435001,"G"
264507,69,18,0,0,736668511601,"E"
264507,78,49,0,0,736773384501,"N"
264507,76,38,0,0,736868466401,"L"
264507,65,30,0,0,736964540101,"A"
264507,78,49,0,0,737068514801,"N"
264507,68,32,0,0,737172591601,"D"
264507,70,33,0,0,737268527601,"F"
264507,72,35,0,0,737364368001,"H"
264507,66,48,0,0,737468541701,"B"
264507,85,22,0,0,737564442401,"U"
264507,82,19,0,0,737668520001,"R"
264507,71,34,0,0,737764501201,"G"
264507,69,18,0,0,737868321901,"E"
264507,78,49,0,0,737965319901,"N"
264507,76,38,0,0,738068605901,"L"
264507,65,30,0,0,738164569301,"A"
264507,78,49,0,0,738268492301,"N"
264507,68,32,0,0,738364512601,"D"
264507,70,33,0,0,738468501101,"F"
264507,72,35,0,0,738564537001,"H"
264507,66,48,0,0,738668538001,"B"
264507,85,22,0,0,738772477901,"U"
264507,82,19,0,0,738868503001,"R"
264507,71,34,0,0,738972515701,"G"
264507,69,18,0,0,739068582001,"E"
264507,78,49,0,0,739164543301,"N"
264507,76,38,0,0,739268541401,"L"
264507,65,30,0,0,739364546101,"A"
264507,78,49,0,0,739468496601,"N"
264507,68,32,0,0,739572636601,"D"
264507,70,33,0,0,739668488901,"F"
264507,72,35,0,0,739764256801,"H"
264507,66,48,0,0,739868614301,"B"
264507,85,22,0,0,739964533001,"U"
264507,82,19,0,0,740068522301,"R"
264507,71,34,0,0,740164536901,"G"
264507,69,18,0,0,740268647501,"E"
264507,78,49,0,0,740365437601,"N"
264507,76,38,0,0,740468454201,"L"
264507,65,30,0,0,740564460701,"A"
264507,78,49,0,0,740668367201,"N"
264507,68,32,0,0,740772448401,"D"
264507,70,33,0,0,740868214601,"F"
264507,72,35,0,0,740972193901,"H"
264507,66,48,0,0,741068451501,"B"
264507,85,22,0,0,741164262201,"U"
264507,82,19,0,0,741268566701,"R"
264507,71,34,0,0,741364230601,"G"
264507,69,18,0,0,741468504501,"E"
264507,78,49,0,0,741565404601,"N"
264507,76,38,0,0,741668648701,"L"
264507,65,30,0,0,741764524101,"A"
264507,78,49,0,0,741868600801,"N"
264507,68,32,0,0,741964576401,"D"
264507,70,33,0,0,742068626601,"F"
264507,72,35,0,0,742164555101,"H"
264507,66,48,0,0,742268609301,"B"
264507,85,22,0,0,742364514201,"U"
264507,82,19,0,0,742468564801,"R"
264507,71,34,0,0,742564608501,"G"
264507,69,18,0,0,742668651201,"E"
264507,78,49,0,0,742772574801,"N"
264507,76,38,0,0,742868621201,"L"
264507,65,30,0,0,742964513201,"A"
264507,78,49,0,0,743068243601,"N"
264507,68,32,0,0,743172602001,"D"
264507,70,33,0,0,743268604201,"F"
264507,72,35,0,0,743364548601,"H"
264507,66,48,0,0,743468558801,"B"
264507,85,22,0,0,743564587301,"U"
264507,82,19,0,0,743668356301,"R"
264507,71,34,0,0,743764476101,"G"
264507,69,18,0,0,743868562001,"E"
264507,78,49,0,0,743965218301,"N"
264507,76,38,0,0,744068539101,"L"
264507,65,30,0,0,744164715301,"A"
264507,78,49,0,0,744268538601,"N"
264507,68,32,0,0,744364623901,"D"
264507,70,33,0,0,744468564601,"F"
264507,72,35,0,0,744564560801,"H"
264507,66,48,0,0,744668591801,"B"
264507,85,22,0,0,744772570801,"U"
264507,82,19,0,0,744868577401,"R"
264507,71,34,0,0,744972536301,"G"
264507,69,18,0,0,745068273901,"E"
264507,78,49,0,0,745164622101,"N"
264507,76,38,0,0,745268587301,"L"
264507,65,30,0,0,745364398401,"A"
264507,78,49,0,0,745468684201,"N"
264507,68,32,0,0,745572507701,"D"
264507,70,33,0,0,745668661501,"F"
264507,72,35,0,0,745764495101,"H"
264507,66,48,0,0,745868505601,"B"
264507,85,22,0,0,745964599601,"U"
264507,82,19,0,0,746068600901,"R"
264507,71,34,0,0,746164520701,"G"
264507,69,18,0,0,746268626601,"E"
264507,78,49,0,0,746365465901,"N"
264507,76,38,0,0,746468496201,"L"
264507,65,30,0,0,746572572201,"A"
264507,78,49,0,0,746668589101,"N"
264507,68,32,0,0,746772496701,"D"
264507,70,33,0,0,746868518601,"F"
264507,72,35,0,0,746972619301,"H"
264507,66,48,0,0,747068587801,"B"
264507,85,22,0,0,747164614501,"U"
264507,82,19,0,0,747268500401,"R"
264507,71,34,0,0,747364483301,"G"
264507,69,18,0,0,747468655201,"E"
264507,78,49,0,0,747565313101,"N"
264507,76,38,0,0,747668552801,"L"
264507,65,30,0,0,747764747001,"A"
264507,78,49,0,0,747868761801,"N"
264507,68,32,0,0,747964577401,"D"
264507,70,33,0,0,748068543801,"F"
264507,72,35,0,0,748164378901,"H"
264507,66,48,0,0,748268329001,"B"
264507,85,22,0,0,748364291401,"U"
264507,82,19,0,0,748468405801,"R"
264507,71,34,0,0,748572651001,"G"
264507,69,18,0,0,748668384401,"E"
264507,78,49,0,0,748773461001,"N"
264507,76,38,0,0,748868750101,"L"
264507,65,30,0,0,748964297201,"A"
264507,78,49,0,0,749068595001,"N"
264507,68,32,0,0,749172554101,"D"
264507,70,33,0,0,749268730201,"F"
264507,72,35,0,0,749364569701,"H"
264507,66,48,0,0,749468575101,"B"
264507,85,22,0,0,749564694401,"U"
264507,82,19,0,0,749668592401,"R"
264507,71,34,0,0,749764644901,"G"
264507,69,18,0,0,749868592801,"E"
264507,78,49,0,0,749964519201,"N"
264507,76,38,0,0,750068594101,"L"
264507,65,30,0,0,750164511201,"A"
264507,78,49,0,0,750268721501,"N"
264507,68,32,0,0,750364715001,"D"
264507,70,33,0,0,750468775201,"F"
264507,72,35,0,0,750572669701,"H"
264507,66,48,0,0,750668608501,"B"
264507,85,22,0,0,750772630101,"U"
264507,82,19,0,0,750868567201,"R"
264507,71,34,0,0,750972611801,"G"
264507,69,18,0,0,751068361701,"E"
264507,78,49,0,0,751164613201,"N"
264507,76,38,0,0,751268635501,"L"
264507,65,30,0,0,751364556301,"A"
264507,78,49,0,0,751468619401,"N"
264507,68,32,0,0,751572627901,"D"
264507,70,33,0,0,751668635701,"F"
264507,72,35,0,0,751764665001,"H"
264507,66,48,0,0,751868501601,"B"
264507,85,22,0,0,751964626101,"U"
264507,82,19,0,0,752068404301,"R"
264507,71,34,0,0,752164597001,"G"
264507,69,18,0,0,752268670701,"E"
264507,78,49,0,0,752372353301,"N"
264507,76,38,0,0,752468316401,"L"
264507,65,30,0,0,752572356401,"A"
264507,78,49,0,0,752668421001,"N"
264507,68,32,0,0,752772638101,"D"
264507,70,33,0,0,752868708301,"F"
264507,72,35,0,0,752964611701,"H"
264507,66,48,0,0,753068672101,"B"
264507,85,22,0,0,753164696301,"U"
264507,82,19,0,0,753268592801,"R"
264507,71,34,0,0,753364721001,"G"
264507,69,18,0,0,753468680401,"E"
264507,78,49,0,0,753564985501,"N"
264507,76,38,0,0,753668556901,"L"
264507,65,30,0,0,753764664801,"A"
264507,78,49,0,0,753868631101,"N"
264507,68,32,0,0,753964639201,"D"
264507,70,33,0,0,754068374401,"F"
264507,72,35,0,0,754164671701,"H"
264507,66,48,0,0,754268548801,"B"
264507,85,22,0,0,754372610601,"U"
264507,82,19,0,0,754468512701,"R"
264507,71,34,0,0,754572728301,"G"
264507,69,18,0,0,754668500801,"E"
264507,78,49,0,0,754765509701,"N"
264507,76,38,0,0,754868580401,"L"
264507,65,30,0,0,754964653501,"A"
264507,78,49,0,0,755068614901,"N"
264507,68,32,0,0,755172666501,"D"
264507,70,33,0,0,755268645601,"F"
264507,72,35,0,0,755364663801,"H"
264507,66,48,0,0,755468806601,"B"
264507,85,22,0,0,755564711801,"U"
264507,82,19,0,0,755668775801,"R"
264507,71,34,0,0,755764464601,"G"
264507,69,18,0,0,755869629701,"E"
264507,78,49,0,0,755965460701,"N"
264507,76,38,0,0,756068828001,"L"
264507,65,30,0,0,756164662101,"A"
264507,78,49,0,0,756268671101,"N"
264507,68,32,0,0,756372727201,"D"
264507,70,33,0,0,756468720201,"F"
264507,72,35,0,0,756572645701,"H"
264507,66,48,0,0,756668671401,"B"
264507,85,22,0,0,756764670601,"U"
264507,82,19,0,0,756868727601,"R"
264507,71,34,0,0,756964646101,"G"
264507,69,18,0,0,757069891101,"E"
264507,78,49,0,0,757164684201,"N"
264507,76,38,0,0,757268686801,"L"
264507,65,30,0,0,757364632101,"A"
264507,78,49,0,0,757468748601,"N"
264507,68,32,0,0,757564697401,"D"
264507,70,33,0,0,757668684501,"F"
264507,72,35,0,0,757764718001,"H"
264507,66,48,0,0,757868821901,"B"
264507,85,22,0,0,757964675901,"U"
264507,82,19,0,0,758068691701,"R"
264507,71,34,0,0,758164708201,"G"
264507,69,18,0,0,758268339301,"E"
264507,78,49,0,0,758373586901,"N"
264507,76,38,0,0,758468398301,"L"
264507,65,30,0,0,758564679601,"A"
264507,78,49,0,0,758668649701,"N"
264507,68,32,0,0,758772778901,"D"
264507,70,33,0,0,758868679201,"F"
264507,72,35,0,0,758964736501,"H"
264507,66,48,0,0,759068557401,"B"
264507,85,22,0,0,759164799601,"U"
264507,82,19,0,0,759268674101,"R"
264507,71,34,0,0,759364677601,"G"
264507,69,18,0,0,759468736901,"E"
264507,78,49,0,0,759564688201,"N"
264507,76,38,0,0,759668747301,"L"
264507,65,30,0,0,759764636101,"A"
264507,78,49,0,0,759868705601,"N"
264507,68,32,0,0,759964680501,"D"
264507,70,33,0,0,760068496501,"F"
264507,72,35,0,0,760164611501,"H"
264507,66,48,0,0,760268656701,"B"
264507,85,22,0,0,760372426701,"U"
264507,82,19,0,0,760468486401,"R"
264507,71,34,0,0,760572608301,"G"
264507,69,18,0,0,760668808501,"E"
264507,78,49,0,0,760773493001,"N"
264507,76,38,0,0,760868731701,"L"
264507,65,30,0,0,760964663101,"A"
264507,78,49,0,0,761068667301,"N"
264507,68,32,0,0,761172678801,"D"
264507,70,33,0,0,761268724301,"F"
264507,72,35,0,0,761364686401,"H"
264507,66,48,0,0,761468643101,"B"
264507,85,22,0,0,761564645401,"U"
264507,82,19,0,0,761668729001,"R"
264507,71,34,0,0,761764712401,"G"
264507,69,18,0,0,761868700401,"E"
264507,78,49,0,0,761964738701,"N"
264507,76,38,0,0,762068718901,"L"
264507,65,30,0,0,762164699201,"A"
264507,78,49,0,0,762268716401,"N"
264507,68,32,0,0,762372731501,"D"
264507,70,33,0,0,762468679401,"F"
264507,72,35,0,0,762572734801,"H"
264507,66,48,0,0,762668709901,"B"
264507,85,22,0,0,762772598701,"U"
264507,82,19,0,0,762868502701,"R"
264507,71,34,0,0,762972680701,"G"
264507,69,18,0,0,763068697401,"E"
264507,78,49,0,0,763164699501,"N"
264507,76,38,0,0,763268717701,"L"
264507,65,30,0,0,763364807201,"A"
264507,78,49,0,0,763468727301,"N"
264507,68,32,0,0,763564794301,"D"
264507,70,33,0,0,763668726601,"F"
264507,72,35,0,0,763764710601,"H"
264507,66,48,0,0,763868855401,"B"
264507,85,22,0,0,763964776001,"U"
264507,82,19,0,0,764068754401,"R"
264507,71,34,0,0,764164645501,"G"
264507,69,18,0,0,764268509201,"E"
264507,78,49,0,0,764372655301,"N"
264507,76,38,0,0,764468839201,"L"
264507,65,30,0,0,764572780201,"A"
264507,78,49,0,0,764668778501,"N"
264507,68,32,0,0,764772870901,"D"
264507,70,33,0,0,764868913001,"F"
264507,72,35,0,0,764964759701,"H"
264507,66,48,0,0,765068738301,"B"
264507,85,22,0,0,765164758501,"U"
264507,82,19,0,0,765268693101,"R"
264507,71,34,0,0,765364775601,"G"
264507,69,18,0,0,765468741201,"E"
264507,78,49,0,0,765564840301,"N"
264507,76,38,0,0,765669025301,"L"
264507,65,30,0,0,765764740301,"A"
264507,78,49,0,0,765868741901,"N"
264507,68,32,0,0,765964745601,"D"
264507,70,33,0,0,766068744201,"F"
264507,72,35,0,0,766164762001,"H"
264507,66,48,0,0,766268766901,"B"
264507,85,22,0,0,766372788001,"U"
264507,82,19,0,0,766468704201,"R"
264507,71,34,0,0,766572723001,"G"
264507,69,18,0,0,766668870701,"E"
264507,78,49,0,0,766773327701,"N"
264507,76,38,0,0,766868540901,"L"
264507,65,30,0,0,766964511001,"A"
264507,78,49,0,0,767068721301,"N"
264507,68,32,0,0,767172761201,"D"
264507,70,33,0,0,767268728501,"F"
264507,72,35,0,0,767364463401,"H"
264507,66,48,0,0,767468683501,"B"
264507,85,22,0,0,767564774801,"U"
264507,82,19,0,0,767668506901,"R"
264507,71,34,0,0,767764848001,"G"
264507,69,18,0,0,767868659601,"E"
264507,78,49,0,0,767964848901,"N"
264507,76,38,0,0,768068720201,"L"
264507,65,30,0,0,768164743601,"A"
264507,78,49,0,0,768268749501,"N"
264507,68,32,0,0,768364797901,"D"
264507,70,33,0,0,768468785301,"F"
264507,72,35,0,0,768572854501,"H"
264507,66,48,0,0,768668747801,"B"
264507,85,22,0,0,768772827401,"U"
264507,82,19,0,0,768868810901,"R"
264507,71,34,0,0,768972844901,"G"
264507,69,18,0,0,769068813001,"E"
264507,78,49,0,0,769164814001,"N"
264507,76,38,0,0,769268722101,"L"
264507,65,30,0,0,769364784201,"A"
264507,78,49,0,0,769468887801,"N"
264507,68,32,0,0,769572748701,"D"
264507,70,33,0,0,769668758701,"F"
264507,72,35,0,0,769764703101,"H"
264507,66,48,0,0,769868779301,"B"
264507,85,22,0,0,769964570701,"U"
264507,82,19,0,0,770068857401,"R"
264507,71,34,0,0,770164804101,"G"
264507,69,18,0,0,770268795901,"E"
264507,78,49,0,0,770364873701,"N"
264507,76,38,0,0,770468772001,"L"
264507,65,30,0,0,770572789201,"A"
264507,78,49,0,0,770668827001,"N"
264507,68,32,0,0,770772791701,"D"
264507,70,33,0,0,770868780901,"F"
264507,72,35,0,0,770972850601,"H"
264507,66,48,0,0,771068723801,"B"
264507,85,22,0,0,771164796101,"U"
264507,82,19,0,0,771268806701,"R"
264507,71,34,0,0,771364826801,"G"
264507,69,18,0,0,771468878801,"E"
264507,78,49,0,0,771564573801,"N"
264507,76,38,0,0,771668804501,"L"
264507,65,30,0,0,771764800901,"A"
264507,78,49,0,0,771868869201,"N"
264507,68,32,0,0,771964831501,"D"
264507,70,33,0,0,772068734301,"F"
264507,72,35,0,0,772164790601,"H"
264507,66,48,0,0,772268733701,"B"
264507,85,22,0,0,772364812001,"U"
264507,82,19,0,0,772468812501,"R"
264507,71,34,0,0,772572960701,"G"
264507,69,18,0,0,772668945001,"E"
264507,78,49,0,0,772773864401,"N"
264507,76,38,0,0,772868795701,"L"
264507,65,30,0,0,772964542301,"A"
264507,78,49,0,0,773068501001,"N"
264507,68,32,0,0,773172951901,"D"
264507,70,33,0,0,773268567801,"F"
264507,72,35,0,0,773364512201,"H"
264507,66,48,0,0,773468868201,"B"
264507,85,22,0,0,773564844001,"U"
264507,82,19,0,0,773668829501,"R"
264507,71,34,0,0,773764921101,"G"
264507,69,18,0,0,773868857401,"E"
264507,78,49,0,0,773964949901,"N"
264507,76,38,0,0,774068850601,"L"
264507,65,30,0,0,774164920101,"A"
264507,78,49,0,0,774268790001,"N"
264507,68,32,0,0,774364937401,"D"
264507,70,33,0,0,774468794901,"F"
264507,72,35,0,0,774572858401,"H"
264507,66,48,0,0,774668954501,"B"
264507,85,22,0,0,774772805501,"U"
264507,82,19,0,0,774868844301,"R"
264507,71,34,0,0,774972955701,"G"
264507,69,18,0,0,775068865501,"E"
264507,78,49,0,0,775172515201,"N"
264507,76,38,0,0,775268830901,"L"
264507,65,30,0,0,775364844301,"A"
264507,78,49,0,0,775468744201,"N"
264507,68,32,0,0,775572915101,"D"
264507,70,33,0,0,775668793801,"F"
264507,72,35,0,0,775764905501,"H"
264507,66,48,0,0,775868839101,"B"
264507,85,22,0,0,775964847301,"U"
264507,82,19,0,0,776068824501,"R"
264507,71,34,0,0,776164846001,"G"
264507,69,18,0,0,776268715501,"E"
264507,78,49,0,0,776365632101,"N"
264507,76,38,0,0,776468777201,"L"
264507,65,30,0,0,776564786701,"A"
264507,78,49,0,0,776668974901,"N"
264507,68,32,0,0,776772850201,"D"
264507,70,33,0,0,776868633501,"F"
264507,72,35,0,0,776972937701,"H"
264507,66,48,0,0,777069775301,"B"
264507,85,22,0,0,777172831101,"U"
264507,82,19,0,0,777268772501,"R"
264507,71,34,0,0,777364812701,"G"
264507,69,18,0,0,777468830401,"E"
264507,78,49,0,0,777565687301,"N"
264507,76,38,0,0,777668872701,"L"
264507,65,30,0,0,777764643801,"A"
264507,78,49,0,0,777868812801,"N"
264507,68,32,0,0,777964882701,"D"
264507,70,33,0,0,778068814601,"F"
264507,72,35,0,0,778164642101,"H"
264507,66,48,0,0,778268601401,"B"
264507,85,22,0,0,778364946901,"U"
264507,82,19,0,0,778468544701,"R"
264507,71,34,0,0,778564839001,"G"
264507,69,18,0,0,778668731301,"E"
264507,78,49,0,0,778773848001,"N"
264507,76,38,0,0,778868640301,"L"
264507,65,30,0,0,778972936001,"A"
264507,78,49,0,0,779068571201,"N"
264507,68,32,0,0,779172848801,"D"
264507,70,33,0,0,779268809201,"F"
264507,72,35,0,0,779364825201,"H"
264507,66,48,0,0,779468904901,"B"
264507,85,22,0,0,779564863301,"U"
264507,82,19,0,0,779669133201,"R"
264507,71,34,0,0,779764912001,"G"
264507,69,18,0,0,779868872201,"E"
264507,78,49,0,0,779965709401,"N"
264507,76,38,0,0,780068931001,"L"
264507,65,30,0,0,780164914201,"A"
264507,78,49,0,0,780268842701,"N"
264507,68,32,0,0,780364887801,"D"
264507,70,33,0,0,780468919501,"F"
264507,72,35,0,0,780564929701,"H"
264507,66,48,0,0,780668916101,"B"
264507,85,22,0,0,780772871701,"U"
264507,82,19,0,0,780868877201,"R"
264507,71,34,0,0,780972821601,"G"
264507,69,18,0,0,781068850701,"E"
264507,78,49,0,0,781172958501,"N"
264507,76,38,0,0,781268900701,"L"
264507,65,30,0,0,781364855401,"A"
264507,78,49,0,0,781468849701,"N"
264507,68,32,0,0,781572858901,"D"
264507,70,33,0,0,781668662201,"F"
264507,72,35,0,0,781764858501,"H"
264507,66,48,0,0,781868842701,"B"
264507,85,22,0,0,781964862001,"U"
264507,82,19,0,0,782068917101,"R"
264507,71,34,0,0,782164881201,"G"
264507,69,18,0,0,782269327701,"E"
264507,78,49,0,0,782365808001,"N"
264507,76,38,0,0,782468980101,"L"
264507,65,30,0,0,782565028801,"A"
264507,78,49,0,0,782668941601,"N"
264507,68,32,0,0,782772906501,"D"
264507,70,33,0,0,782868915501,"F"
264507,72,35,0,0,782972946501,"H"
264507,66,48,0,0,783068903801,"B"
264507,85,22,0,0,783172848801,"U"
264507,82,19,0,0,783268917101,"R"
264507,71,34,0,0,783372838101,"G"
264507,69,18,0,0,783468851301,"E"
264507,78,49,0,0,783564889201,"N"
264507,76,38,0,0,783668941101,"L"
264507,65,30,0,0,783764965601,"A"
264507,78,49,0,0,783868904901,"N"
264507,68,32,0,0,783964888301,"D"
264507,70,33,0,0,784068906601,"F"
264507,72,35,0,0,784164931501,"H"
264507,66,48,0,0,784268910701,"B"
264507,85,22,0,0,784364913801,"U"
264507,82,19,0,0,784468834101,"R"
264507,71,34,0,0,784564920701,"G"
264507,69,18,0,0,784668938901,"E"
264507,78,49,0,0,784773778301,"N"
264507,76,38,0,0,784868607001,"L"
264507,65,30,0,0,784972804901,"A"
264507,78,49,0,0,785068945901,"N"
264507,68,32,0,0,785172955601,"D"
264507,70,33,0,0,785268908001,"F"
264507,72,35,0,0,785364925801,"H"
264507,66,48,0,0,785468817401,"B"
264507,85,22,0,0,785565043601,"U"
264507,82,19,0,0,785668962901,"R"
264507,71,34,0,0,785764876501,"G"
264507,69,18,0,0,785868948401,"E"
264507,78,49,0,0,785964934401,"N"
264507,76,38,0,0,786068859201,"L"
264507,65,30,0,0,786165045701,"A"
264507,78,49,0,0,786268938201,"N"
264507,68,32,0,0,786364913001,"D"
264507,70,33,0,0,786468890801,"F"
264507,72,35,0,0,786564853501,"H"
264507,66,48,0,0,786668954201,"B"
264507,85,22,0,0,786772950101,"U"
264507,82,19,0,0,786868958601,"R"
264507,71,34,0,0,786972890801,"G"
264507,69,18,0,0,787068991701,"E"
264507,78,49,0,0,787172947101,"N"
264507,76,38,0,0,787269035701,"L"
264507,65,30,0,0,787364893501,"A"
264507,78,49,0,0,787468946401,"N"
264507,68,32,0,0,787572871701,"D"
264507,70,33,0,0,787668951301,"F"
264507,72,35,0,0,787764946601,"H"
264507,66,48,0,0,787868928201,"B"
264507,85,22,0,0,787964963301,"U"
264507,82,19,0,0,788068936601,"R"
264507,71,34,0,0,788165003801,"G"
264507,69,18,0,0,788268918601,"E"
264507,78,49,0,0,788364839701,"N"
264507,76,38,0,0,788468958701,"L"
264507,65,30,0,0,788564913601,"A"
264507,78,49,0,0,788668810101,"N"
264507,68,32,0,0,788772945701,"D"
264507,70,33,0,0,788869413101,"F"
264507,72,35,0,0,788972927501,"H"
264507,66,48,0,0,789068913001,"B"
264507,85,22,0,0,789173024001,"U"
264507,82,19,0,0,789268952101,"R"
264507,71,34,0,0,789372974501,"G"
264507,69,18,0,0,789468901101,"E"
264507,78,49,0,0,789564918201,"N"
264507,76,38,0,0,789668785001,"L"
264507,65,30,0,0,789764970801,"A"
264507,78,49,0,0,789868880801,"N"
264507,68,32,0,0,789972974001,"D"
264507,70,33,0,0,790068946401,"F"
264507,72,35,0,0,790164884201,"H"
264507,66,48,0,0,790268948401,"B"
264507,85,22,0,0,790365003301,"U"
264507,82,19,0,0,790468743001,"R"
264507,71,34,0,0,790565028701,"G"
264507,69,18,0,0,790668816001,"E"
264507,78,49,0,0,790765788001,"N"
264507,76,38,0,0,790868973001,"L"
264507,65,30,0,0,790972809501,"A"
264507,78,49,0,0,791069048601,"N"
264507,68,32,0,0,791172973201,"D"
264507,70,33,0,0,791269002301,"F"
264507,72,35,0,0,791372923601,"H"
264507,66,48,0,0,791469022401,"B"
264507,85,22,0,0,791564927801,"U"
264507,82,19,0,0,791668935901,"R"
264507,71,34,0,0,791764821801,"G"
264507,69,18,0,0,791868994301,"E"
264507,78,49,0,0,791965128301,"N"
264507,76,38,0,0,792068940601,"L"
264507,65,30,0,0,792164972601,"A"
264507,78,49,0,0,792268938201,"N"
264507,68,32,0,0,792364984501,"D"
264507,70,33,0,0,792469024701,"F"
264507,72,35,0,0,792564961301,"H"
264507,66,48,0,0,792668806801,"B"
264507,85,22,0,0,792764899601,"U"
264507,82,19,0,0,792868962501,"R"
264507,71,34,0,0,792964979501,"G"
264507,69,18,0,0,793069743601,"E"
264507,78,49,0,0,793173924001,"N"
264507,76,38,0,0,793268755901,"L"
264507,65,30,0,0,793373015101,"A"
264507,78,49,0,0,793468991001,"N"
264507,68,32,0,0,793572985001,"D"
264507,70,33,0,0,793669095801,"F"
264507,72,35,0,0,793764736801,"H"
264507,66,48,0,0,793869065001,"B"
264507,85,22,0,0,793964981901,"U"
264507,82,19,0,0,794068995901,"R"
264507,71,34,0,0,794164913501,"G"
264507,69,18,0,0,794268987401,"E"
264507,78,49,0,0,794366080501,"N"
264507,76,38,0,0,794469148001,"L"
264507,65,30,0,0,794565051901,"A"
264507,78,49,0,0,794668685401,"N"
264507,68,32,0,0,794764970501,"D"
264507,70,33,0,0,794868940001,"F"
264507,72,35,0,0,794964784501,"H"
264507,66,48,0,0,795068941401,"B"
264507,85,22,0,0,795172969301,"U"
264507,82,19,0,0,795269010901,"R"
264507,71,34,0,0,795372991101,"G"
264507,69,18,0,0,795469017001,"E"
264507,78,49,0,0,795572836101,"N"
264507,76,38,0,0,795668953101,"L"
264507,65,30,0,0,795765031801,"A"
264507,78,49,0,0,795868966901,"N"
264507,68,32,0,0,795973018201,"D"
264507,70,33,0,0,796068830701,"F"
264507,72,35,0,0,796165047801,"H"
264507,66,48,0,0,796269035701,"B"
264507,85,22,0,0,796364983001,"U"
264507,82,19,0,0,796468991701,"R"
264507,71,34,0,0,796564814401,"G"
264507,69,18,0,0,796669040601,"E"
264507,78,49,0,0,796764746701,"N"
264507,76,38,0,0,796868785101,"L"
264507,65,30,0,0,796964714701,"A"
264507,78,49,0,0,797068973801,"N"
264507,68,32,0,0,797173003201,"D"
264507,70,33,0,0,797269072901,"F"
264507,72,35,0,0,797372991901,"H"
264507,66,48,0,0,797468992501,"B"
264507,85,22,0,0,797573111901,"U"
264507,82,19,0,0,797669024901,"R"
264507,71,34,0,0,797772990101,"G"
264507,69,18,0,0,797869017001,"E"
264507,78,49,0,0,797964955201,"N"
264507,76,38,0,0,798068865901,"L"
264507,65,30,0,0,798164960001,"A"
264507,78,49,0,0,798268944501,"N"
264507,68,32,0,0,798372754201,"D"
264507,70,33,0,0,798469024901,"F"
264507,72,35,0,0,798565008401,"H"
264507,66,48,0,0,798669061601,"B"
264507,85,22,0,0,798765124701,"U"
264507,82,19,0,0,798869063001,"R"
264507,71,34,0,0,798965033001,"G"
264507,69,18,0,0,799068906001,"E"
264507,78,49,0,0,799173838501,"N"
264507,76,38,0,0,799268798701,"L"
264507,65,30,0,0,799373024601,"A"
264507,78,49,0,0,799469036401,"N"
264507,68,32,0,0,799572726101,"D"
264507,70,33,0,0,799669013101,"F"
264507,72,35,0,0,799773040101,"H"
264507,66,48,0,0,799868981701,"B"
264507,85,22,0,0,799965036201,"U"
264507,82,19,0,0,800068973001,"R"
264507,71,34,0,0,800165043801,"G"
264507,69,18,0,0,800268927401,"E"
264507,78,49,0,0,800365020201,"N"
264507,76,38,0,0,800469023401,"L"
264507,65,30,0,0,800565029001,"A"
264507,78,49,0,0,800668967401,"N"
264507,68,32,0,0,800764965601,"D"
264507,70,33,0,0,800869021801,"F"
264507,72,35,0,0,800965056601,"H"
264507,66,48,0,0,801069025301,"B"
264507,85,22,0,0,801165011501,"U"
264507,82,19,0,0,801269034501,"R"
264507,71,34,0,0,801373025501,"G"
264507,69,18,0,0,801469032101,"E"
264507,78,49,0,0,801572976001,"N"
264507,76,38,0,0,801669034101,"L"
264507,65,30,0,0,801765200001,"A"
264507,78,49,0,0,801868965001,"N"
264507,68,32,0,0,801973054701,"D"
264507,70,33,0,0,802068799701,"F"
264507,72,35,0,0,802165067801,"H"
264507,66,48,0,0,802269037301,"B"
264507,85,22,0,0,802365021301,"U"
264507,82,19,0,0,802469003801,"R"
264507,71,34,0,0,802565109601,"G"
264507,69,18,0,0,802668798301,"E"
264507,78,49,0,0,802765028901,"N"
264507,76,38,0,0,802868976001,"L"
264507,65,30,0,0,802965069901,"A"
264507,78,49,0,0,803068753301,"N"
264507,68,32,0,0,803165097201,"D"
264507,70,33,0,0,803269093901,"F"
264507,72,35,0,0,803373056701,"H"
264507,66,48,0,0,803468921001,"B"
264507,85,22,0,0,803573090601,"U"
264507,82,19,0,0,803668847501,"R"
264507,71,34,0,0,803773102701,"G"
264507,69,18,0,0,803869188901,"E"
264507,78,49,0,0,803965225701,"N"
264507,76,38,0,0,804069151601,"L"
264507,65,30,0,0,804165072801,"A"
264507,78,49,0,0,804269034201,"N"
264507,68,32,0,0,804373090401,"D"
264507,70,33,0,0,804469141201,"F"
264507,72,35,0,0,804565076801,"H"
264507,66,48,0,0,804669043901,"B"
264507,85,22,0,0,804765064301,"U"
264507,82,19,0,0,804869265401,"R"
264507,71,34,0,0,804965174001,"G"
264507,69,18,0,0,805069058801,"E"
264507,78,49,0,0,805164981401,"N"
264507,76,38,0,0,805269070101,"L"
264507,65,30,0,0,805373144901,"A"
264507,78,49,0,0,805469100801,"N"
264507,68,32,0,0,805573049201,"D"
264507,70,33,0,0,805669132801,"F"
264507,72,35,0,0,805772930601,"H"
264507,66,48,0,0,805869100601,"B"
264507,85,22,0,0,805972989901,"U"
264507,82,19,0,0,806069291001,"R"
264507,71,34,0,0,806164765301,"G"
264507,69,18,0,0,806269146101,"E"
264507,78,49,0,0,806366030801,"N"
264507,76,38,0,0,806469085801,"L"
264507,65,30,0,0,806565027201,"A"
264507,78,49,0,0,806669105001,"N"
264507,68,32,0,0,806765033701,"D"
264507,70,33,0,0,806869057001,"F"
264507,72,35,0,0,806964878101,"H"
264507,66,48,0,0,807069183901,"B"
264507,85,22,0,0,807165108001,"U"
264507,82,19,0,0,807269071801,"R"
264507,71,34,0,0,807373111101,"G"
264507,69,18,0,0,807468980501,"E"
264507,78,49,0,0,807574162701,"N"
264507,76,38,0,0,807669098501,"L"
264507,65,30,0,0,807773119001,"A"
264507,78,49,0,0,807869153701,"N"
264507,68,32,0,0,807973056501,"D"
264507,70,33,0,0,808069032401,"F"
264507,72,35,0,0,808165145701,"H"
264507,66,48,0,0,808269222201,"B"
264507,85,22,0,0,808365093801,"U"
264507,82,19,0,0,808469025801,"R"
264507,71,34,0,0,808565057801,"G"
264507,69,18,0,0,808669044501,"E"
264507,78,49,0,0,808765124001,"N"
264507,76,38,0,0,808869100601,"L"
264507,65,30,0,0,808965064301,"A"
264507,78,49,0,0,809069088201,"N"
264507,68,32,0,0,809165035301,"D"
264507,70,33,0,0,809268998201,"F"
264507,72,35,0,0,809373158701,"H"
264507,66,48,0,0,809469054901,"B"
264507,85,22,0,0,809573175601,"U"
264507,82,19,0,0,809669085401,"R"
264507,71,34,0,0,809773053301,"G"
264507,69,18,0,0,809869108701,"E"
264507,78,49,0,0,809974065401,"N"
264507,76,38,0,0,810068867201,"L"
264507,65,30,0,0,810165091001,"A"
264507,78,49,0,0,810269104301,"N"
264507,68,32,0,0,810373156701,"D"
264507,70,33,0,0,810469125001,"F"
264507,72,35,0,0,810565096501,"H"
264507,66,48,0,0,810669121701,"B"
264507,85,22,0,0,810765102001,"U"
264507,82,19,0,0,810869074201,"R"
264507,71,34,0,0,810965127901,"G"
264507,69,18,0,0,811069049601,"E"
264507,78,49,0,0,811164953101,"N"
264507,76,38,0,0,811269175501,"L"
264507,65,30,0,0,811365120901,"A"
264507,78,49,0,0,811469099201,"N"
264507,68,32,0,0,811573128501,"D"
264507,70,33,0,0,811669168101,"F"
264507,72,35,0,0,811773082301,"H"
264507,66,48,0,0,811869070701,"B"
264507,85,22,0,0,811973219501,"U"
264507,82,19,0,0,812068863901,"R"
264507,71,34,0,0,812173157601,"G"
264507,69,18,0,0,812269875901,"E"
264507,78,49,0,0,812366392501,"N"
264507,76,38,0,0,812469172001,"L"
264507,65,30,0,0,812565149701,"A"
264507,78,49,0,0,812669145901,"N"
264507,68,32,0,0,812773152001,"D"
264507,70,33,0,0,812869192501,"F"
264507,72,35,0,0,812964980601,"H"
264507,66,48,0,0,813069136001,"B"
264507,85,22,0,0,813165106901,"U"
264507,82,19,0,0,813268901001,"R"
264507,71,34,0,0,813365097101,"G"
264507,69,18,0,0,813469200301,"E"
264507,78,49,0,0,813573107901,"N"
264507,76,38,0,0,813669129801,"L"
264507,65,30,0,0,813773211601,"A"
264507,78,49,0,0,813869138201,"N"
264507,68,32,0,0,813973124701,"D"
264507,70,33,0,0,814069100701,"F"
264507,72,35,0,0,814173148501,"H"
264507,66,48,0,0,814269135301,"B"
264507,85,22,0,0,814365109401,"U"
264507,82,19,0,0,814469141801,"R"
264507,71,34,0,0,814565202301,"G"
264507,69,18,0,0,814668900801,"E"
264507,78,49,0,0,814765129001,"N"
264507,76,38,0,0,814869160301,"L"
264507,65,30,0,0,814965237701,"A"
264507,78,49,0,0,815069122901,"N"
264507,68,32,0,0,815165205601,"D"
264507,70,33,0,0,815269105201,"F"
264507,72,35,0,0,815365172801,"H"
264507,66,48,0,0,815469910401,"B"
264507,85,22,0,0,815573246601,"U"
264507,82,19,0,0,815669227701,"R"
264507,71,34,0,0,815773218401,"G"
264507,69,18,0,0,815869109801,"E"
264507,78,49,0,0,815974067701,"N"
264507,76,38,0,0,816069183701,"L"
264507,65,30,0,0,816165163401,"A"
264507,78,49,0,0,816269211601,"N"
264507,68,32,0,0,816373153601,"D"
264507,70,33,0,0,816469157101,"F"
264507,72,35,0,0,816565226201,"H"
264507,66,48,0,0,816669120601,"B"
264507,85,22,0,0,816765146901,"U"
264507,82,19,0,0,816869052601,"R"
264507,71,34,0,0,816965127301,"G"
264507,69,18,0,0,817068851801,"E"
264507,78,49,0,0,817165734801,"N"
264507,76,38,0,0,817269341301,"L"
264507,65,30,0,0,817365180701,"A"
264507,78,49,0,0,817469201301,"N"
264507,68,32,0,0,817573219301,"D"
264507,70,33,0,0,817669204001,"F"
264507,72,35,0,0,817773161101,"H"
264507,66,48,0,0,817869114301,"B"
264507,85,22,0,0,817973191101,"U"
264507,82,19,0,0,818069104301,"R"
264507,71,34,0,0,818173198001,"G"
264507,69,18,0,0,818268837301,"E"
264507,78,49,0,0,818365082601,"N"
264507,76,38,0,0,818469124601,"L"
264507,65,30,0,0,818565141801,"A"
264507,78,49,0,0,818668938901,"N"
264507,68,32,0,0,818773178701,"D"
264507,70,33,0,0,818869286101,"F"
264507,72,35,0,0,818964999101,"H"
264507,66,48,0,0,819069123101,"B"
264507,85,22,0,0,819164844101,"U"
264507,82,19,0,0,819269306101,"R"
264507,71,34,0,0,819365283001,"G"
264507,69,18,0,0,819468978001,"E"
264507,78,49,0,0,819574241101,"N"
264507,76,38,0,0,819668903401,"L"
264507,65,30,0,0,819773283401,"A"
264507,78,49,0,0,819869192001,"N"
264507,68,32,0,0,819973293001,"D"
264507,70,33,0,0,820069144001,"F"
264507,72,35,0,0,820173196801,"H"
264507,66,48,0,0,820269906301,"B"
264507,85,22,0,0,820365190101,"U"
264507,82,19,0,0,820469215701,"R"
264507,71,34,0,0,820565167001,"G"
264507,69,18,0,0,820670023801,"E"
264507,78,49,0,0,820765104301,"N"
264507,76,38,0,0,820869334501,"L"
264507,65,30,0,0,820964927901,"A"
264507,78,49,0,0,821068915301,"N"
264507,68,32,0,0,821165001001,"D"
264507,70,33,0,0,821269220001,"F"
264507,72,35,0,0,821364924901,"H"
264507,66,48,0,0,821469217901,"B"
264507,85,22,0,0,821573157401,"U"
264507,82,19,0,0,821669253501,"R"
264507,71,34,0,0,821773331001,"G"
264507,69,18,0,0,821869253301,"E"
264507,78,49,0,0,821973930301,"N"
264507,76,38,0,0,822069225801,"L"
264507,65,30,0,0,822165163701,"A"
264507,78,49,0,0,822269215101,"N"
264507,68,32,0,0,822373220301,"D"
264507,70,33,0,0,822469116801,"F"
264507,72,35,0,0,822565213101,"H"
264507,66,48,0,0,822669196301,"B"
264507,85,22,0,0,822765194801,"U"
264507,82,19,0,0,822869060001,"R"
264507,71,34,0,0,822965115501,"G"
264507,69,18,0,0,823069198501,"E"
264507,78,49,0,0,823165028301,"N"
264507,76,38,0,0,823269229501,"L"
264507,65,30,0,0,823365228801,"A"
264507,78,49,0,0,823469214001,"N"
264507,68,32,0,0,823573340601,"D"
264507,70,33,0,0,823669226501,"F"
264507,72,35,0,0,823773245601,"H"
264507,66,48,0,0,823869295601,"B"
264507,85,22,0,0,823973324101,"U"
264507,82,19,0,0,824069159901,"R"
264507,71,34,0,0,824173249201,"G"
264507,69,18,0,0,824269214601,"E"
264507,78,49,0,0,824374060801,"N"
264507,76,38,0,0,824469046701,"L"
264507,65,30,0,0,824565219601,"A"
264507,78,49,0,0,824669164701,"N"
264507,68,32,0,0,824773359801,"D"
264507,70,33,0,0,824869249601,"F"
264507,72,35,0,0,824965337201,"H"
264507,66,48,0,0,825068869101,"B"
264507,85,22,0,0,825165335001,"U"
264507,82,19,0,0,825269212801,"R"
264507,71,34,0,0,825365331601,"G"
264507,69,18,0,0,825469092301,"E"
264507,78,49,0,0,825566165501,"N"
264507,76,38,0,0,825669180501,"L"
264507,65,30,0,0,825773481701,"A"
264507,78,49,0,0,825869190801,"N"
264507,68,32,0,0,825973260101,"D"
264507,70,33,0,0,826069221601,"F"
264507,72,35,0,0,826173236401,"H"
264507,66,48,0,0,826269372301,"B"
264507,85,22,0,0,826373258201,"U"
264507,82,19,0,0,826469028201,"R"
264507,71,34,0,0,826573208601,"G"
264507,69,18,0,0,826669038101,"E"
264507,78,49,0,0,826765215201,"N"
264507,76,38,0,0,826869202201,"L"
264507,65,30,0,0,826965360801,"A"
264507,78,49,0,0,827068924101,"N"
264507,68,32,0,0,827173285601,"D"
264507,70,33,0,0,827268964601,"F"
264507,72,35,0,0,827365267501,"H"
264507,66,48,0,0,827469081701,"B"
264507,85,22,0,0,827565469201,"U"
264507,82,19,0,0,827669101201,"R"
264507,71,34,0,0,827772943501,"G"
264507,69,18,0,0,827869263101,"E"
264507,78,49,0,0,827973955301,"N"
264507,76,38,0,0,828069269901,"L"
264507,65,30,0,0,828173226501,"A"
264507,78,49,0,0,828269330101,"N"
264507,68,32,0,0,828373366501,"D"
264507,70,33,0,0,828469186001,"F"
264507,72,35,0,0,828573233201,"H"
264507,66,48,0,0,828669313301,"B"
264507,85,22,0,0,828765248001,"U"
264507,82,19,0,0,828869353101,"R"
264507,71,34,0,0,828965319401,"G"
264507,69,18,0,0,829069235001,"E"
264507,78,49,0,0,829173268401,"N"
264507,76,38,0,0,829269274501,"L"
264507,65,30,0,0,829365198201,"A"
264507,78,49,0,0,829469244701,"N"
264507,68,32,0,0,829565351301,"D"
264507,70,33,0,0,829669262501,"F"
264507,72,35,0,0,829765254201,"H"
264507,66,48,0,0,829869375101,"B"
264507,85,22,0,0,829973270601,"U"
264507,82,19,0,0,830069225801,"R"
264507,71,34,0,0,830173330301,"G"
264507,69,18,0,0,830269221601,"E"
264507,78,49,0,0,830374242101,"N"
264507,76,38,0,0,830469089401,"L"
264507,65,30,0,0,830565253301,"A"
264507,78,49,0,0,830669284101,"N"
264507,68,32,0,0,830773349101,"D"
264507,70,33,0,0,830869328801,"F"
264507,72,35,0,0,830965243201,"H"
264507,66,48,0,0,831069289901,"B"
264507,85,22,0,0,831165278101,"U"
264507,82,19,0,0,831269254601,"R"
264507,71,34,0,0,831365097201,"G"
264507,69,18,0,0,831469303201,"E"
264507,78,49,0,0,831566092101,"N"
264507,76,38,0,0,831669304501,"L"
264507,65,30,0,0,831765273701,"A"
264507,78,49,0,0,831869196701,"N"
264507,68,32,0,0,831965236001,"D"
264507,70,33,0,0,832069269201,"F"
264507,72,35,0,0,832173295601,"H"
264507,66,48,0,0,832269223501,"B"
264507,85,22,0,0,832373397201,"U"
264507,82,19,0,0,832469316301,"R"
264507,71,34,0,0,832572995401,"G"
264507,69,18,0,0,832669407401,"E"
264507,78,49,0,0,832773071601,"N"
264507,76,38,0,0,832869347701,"L"
264507,65,30,0,0,832965322001,"A"
264507,78,49,0,0,833069401701,"N"
264507,68,32,0,0,833173095501,"D"
264507,70,33,0,0,833268968301,"F"
264507,72,35,0,0,833365202701,"H"
264507,66,48,0,0,833469233801,"B"
264507,85,22,0,0,833565199501,"U"
264507,82,19,0,0,833669283801,"R"
264507,71,34,0,0,833765285701,"G"
264507,69,18,0,0,833869291201,"E"
264507,78,49,0,0,833965366301,"N"
264507,76,38,0,0,834069298901,"L"
264507,65,30,0,0,834165342101,"A"
264507,78,49,0,0,834269315601,"N"
264507,68,32,0,0,834373255401,"D"
264507,70,33,0,0,834469305301,"F"
264507,72,35,0,0,834573212201,"H"
264507,66,48,0,0,834669289501,"B"
264507,85,22,0,0,834773329501,"U"
264507,82,19,0,0,834869084101,"R"
264507,71,34,0,0,834973481701,"G"
264507,69,18,0,0,835069335201,"E"
264507,78,49,0,0,835165427901,"N"
264507,76,38,0,0,835269363601,"L"
264507,65,30,0,0,835365266601,"A"
264507,78,49,0,0,835469410201,"N"
264507,68,32,0,0,835573422301,"D"
264507,70,33,0,0,835669421501,"F"
264507,72,35,0,0,835765305701,"H"
264507,66,48,0,0,835869455501,"B"
264507,85,22,0,0,835965334401,"U"
264507,82,19,0,0,836069299901,"R"
264507,71,34,0,0,836165024401,"G"
264507,69,18,0,0,836269297001,"E"
264507,78,49,0,0,836373097201,"N"
264507,76,38,0,0,836469337701,"L"
264507,65,30,0,0,836573594601,"A"
264507,78,49,0,0,836669342501,"N"
264507,68,32,0,0,836773391601,"D"
264507,70,33,0,0,836869322201,"F"
264507,72,35,0,0,836973340201,"H"
264507,66,48,0,0,837069248001,"B"
264507,85,22,0,0,837173297301,"U"
264507,82,19,0,0,837269324501,"R"
264507,71,34,0,0,837373336501,"G"
264507,69,18,0,0,837469362401,"E"
264507,78,49,0,0,837565262501,"N"
264507,76,38,0,0,837669336401,"L"
264507,65,30,0,0,837765331101,"A"
264507,78,49,0,0,837869302001,"N"
264507,68,32,0,0,837973354101,"D"
264507,70,33,0,0,838069362101,"F"
264507,72,35,0,0,838165327301,"H"
264507,66,48,0,0,838269347701,"B"
264507,85,22,0,0,838365334001,"U"
264507,82,19,0,0,838469521201,"R"
264507,71,34,0,0,838565443501,"G"
264507,69,18,0,0,838669324001,"E"
264507,78,49,0,0,838774140601,"N"
264507,76,38,0,0,838869268001,"L"
264507,65,30,0,0,838973462501,"A"
264507,78,49,0,0,839069300801,"N"
264507,68,32,0,0,839173372701,"D"
264507,70,33,0,0,839269279101,"F"
264507,72,35,0,0,839373376901,"H"
264507,66,48,0,0,839469299101,"B"
264507,85,22,0,0,839573325001,"U"
264507,82,19,0,0,839669394501,"R"
264507,71,34,0,0,839773377601,"G"
264507,69,18,0,0,839869378201,"E"
264507,78,49,0,0,839965295301,"N"
264507,76,38,0,0,840069315301,"L"
264507,65,30,0,0,840165381801,"A"
264507,78,49,0,0,840269360201,"N"
264507,68,32,0,0,840373301701,"D"
264507,70,33,0,0,840469201001,"F"
264507,72,35,0,0,840565505301,"H"
264507,66,48,0,0,840669336501,"B"
264507,85,22,0,0,840765418701,"U"
264507,82,19,0,0,840869165301,"R"
264507,71,34,0,0,840973330901,"G"
264507,69,18,0,0,841069346701,"E"
264507,78,49,0,0,841173347101,"N"
264507,76,38,0,0,841269393101,"L"
264507,65,30,0,0,841373483601,"A"
264507,78,49,0,0,841469416901,"N"
264507,68,32,0,0,841573371301,"D"
264507,70,33,0,0,841669363001,"F"
264507,72,35,0,0,841773344001,"H"
264507,66,48,0,0,841870269801,"B"
264507,85,22,0,0,841964958101,"U"
264507,82,19,0,0,842069332101,"R"
264507,71,34,0,0,842165390301,"G"
264507,69,18,0,0,842269341901,"E"
264507,78,49,0,0,842365417201,"N"
264507,76,38,0,0,842469410001,"L"
264507,65,30,0,0,842565411801,"A"
264507,78,49,0,0,842669507601,"N"
264507,68,32,0,0,842765389301,"D"
264507,70,33,0,0,842869460901,"F"
264507,72,35,0,0,842965448301,"H"
264507,66,48,0,0,843069352201,"B"
264507,85,22,0,0,843173386501,"U"
264507,82,19,0,0,843269395601,"R"
264507,71,34,0,0,843373415801,"G"
264507,69,18,0,0,843469350201,"E"
264507,78,49,0,0,843574146101,"N"
264507,76,38,0,0,843669546401,"L"
264507,65,30,0,0,843773366201,"A"
264507,78,49,0,0,843869379101,"N"
264507,68,32,0,0,843973332901,"D"
264507,70,33,0,0,844069374001,"F"
264507,72,35,0,0,844173336901,"H"
264507,66,48,0,0,844270193701,"B"
264507,85,22,0,0,844365484301,"U"
264507,82,19,0,0,844469425901,"R"
264507,71,34,0,0,844565157301,"G"
264507,69,18,0,0,844670189301,"E"
264507,78,49,0,0,844765436901,"N"
264507,76,38,0,0,844869408201,"L"
264507,65,30,0,0,844965460601,"A"
264507,78,49,0,0,845069358001,"N"
264507,68,32,0,0,845165307801,"D"
264507,70,33,0,0,845269392001,"F"
264507,72,35,0,0,845373096101,"H"
264507,66,48,0,0,845469354701,"B"
264507,85,22,0,0,845573400801,"U"
264507,82,19,0,0,845669218001,"R"
264507,71,34,0,0,845773424401,"G"
264507,69,18,0,0,845869375101,"E"
264507,78,49,0,0,845974268601,"N"
264507,76,38,0,0,846069530301,"L"
264507,65,30,0,0,846165270501,"A"
264507,78,49,0,0,846269428201,"N"
264507,68,32,0,0,846373376301,"D"
264507,70,33,0,0,846469404401,"F"
264507,72,35,0,0,846565455401,"H"
264507,66,48,0,0,846669509301,"B"
264507,85,22,0,0,846765379701,"U"
264507,82,19,0,0,846869432301,"R"
264507,71,34,0,0,846965366001,"G"
264507,69,18,0,0,847069362901,"E"
264507,78,49,0,0,847165308101,"N"
264507,76,38,0,0,847269393901,"L"
264507,65,30,0,0,847365434701,"A"
264507,78,49,0,0,847469505401,"N"
264507,68,32,0,0,847573395301,"D"
264507,70,33,0,0,847669415901,"F"
264507,72,35,0,0,847773431701,"H"
264507,66,48,0,0,847869431901,"B"
264507,85,22,0,0,847973424601,"U"
264507,82,19,0,0,848069343701,"R"
264507,71,34,0,0,848173400401,"G"
264507,69,18,0,0,848269133301,"E"
264507,78,49,0,0,848374273601,"N"
264507,76,38,0,0,848469626901,"L"
264507,65,30,0,0,848565394101,"A"
264507,78,49,0,0,848669204001,"N"
264507,68,32,0,0,848773410601,"D"
264507,70,33,0,0,848869533901,"F"
264507,72,35,0,0,848965576001,"H"
264507,66,48,0,0,849069432901,"B"
264507,85,22,0,0,849165427401,"U"
264507,82,19,0,0,849269516801,"R"
264507,71,34,0,0,849365419101,"G"
264507,69,18,0,0,849469385501,"E"
264507,78,49,0,0,849565497301,"N"
264507,76,38,0,0,849669493601,"L"
264507,65,30,0,0,849773433001,"A"
264507,78,49,0,0,849869255601,"N"
264507,68,32,0,0,849973460401,"D"
264507,70,33,0,0,850069419301,"F"
264507,72,35,0,0,850173520201,"H"
264507,66,48,0,0,850269415301,"B"
264507,85,22,0,0,850373446201,"U"
264507,82,19,0,0,850469435301,"R"
264507,71,34,0,0,850573289401,"G"
264507,69,18,0,0,850669362801,"E"
264507,78,49,0,0,850774467901,"N"
264507,76,38,0,0,850869465501,"L"
264507,65,30,0,0,850965557101,"A"
264507,78,49,0,0,851069093501,"N"
264507,68,32,0,0,851173443101,"D"
264507,70,33,0,0,851269146001,"F"
264507,72,35,0,0,851365029701,"H"
264507,66,48,0,0,851469189801,"B"
264507,85,22,0,0,851565510201,"U"
264507,82,19,0,0,851669224901,"R"
264507,71,34,0,0,851765445901,"G"
264507,69,18,0,0,851869220301,"E"
264507,78,49,0,0,851973444201,"N"
264507,76,38,0,0,852069705501,"L"
264507,65,30,0,0,852173406501,"A"
264507,78,49,0,0,852269426301,"N"
264507,68,32,0,0,852373408501,"D"
264507,70,33,0,0,852469451701,"F"
264507,72,35,0,0,852573472501,"H"
264507,66,48,0,0,852669397201,"B"
264507,85,22,0,0,852773525001,"U"
264507,82,19,0,0,852869480901,"R"
264507,71,34,0,0,852973482101,"G"
264507,69,18,0,0,853070189101,"E"
264507,78,49,0,0,853165387001,"N"
264507,76,38,0,0,853269598001,"L"
264507,65,30,0,0,853365467001,"A"
264507,78,49,0,0,853469492801,"N"
264507,68,32,0,0,853573503301,"D"
264507,70,33,0,0,853669434201,"F"
264507,72,35,0,0,853765458301,"H"
264507,66,48,0,0,853869421401,"B"
264507,85,22,0,0,853965537901,"U"
264507,82,19,0,0,854069484201,"R"
264507,71,34,0,0,854173466201,"G"
264507,69,18,0,0,854269149301,"E"
264507,78,49,0,0,854373442801,"N"
264507,76,38,0,0,854469491201,"L"
264507,65,30,0,0,854573486601,"A"
264507,78,49,0,0,854669490401,"N"
264507,68,32,0,0,854773459801,"D"
264507,70,33,0,0,854869594401,"F"
264507,72,35,0,0,854973428001,"H"
264507,66,48,0,0,855069476701,"B"
264507,85,22,0,0,855173254301,"U"
264507,82,19,0,0,855269454801,"R"
264507,71,34,0,0,855365464401,"G"
264507,69,18,0,0,855469216101,"E"
264507,78,49,0,0,855565607601,"N"
264507,76,38,0,0,855669533701,"L"
264507,65,30,0,0,855765588001,"A"
264507,78,49,0,0,855869463701,"N"
264507,68,32,0,0,855965690301,"D"
264507,70,33,0,0,856069517601,"F"
264507,72,35,0,0,856165428301,"H"
264507,66,48,0,0,856270193401,"B"
264507,85,22,0,0,856373541401,"U"
264507,82,19,0,0,856469451501,"R"
264507,71,34,0,0,856573468101,"G"
264507,69,18,0,0,856669271801,"E"
264507,78,49,0,0,856774083301,"N"
264507,76,38,0,0,856869587401,"L"
264507,65,30,0,0,856973214501,"A"
264507,78,49,0,0,857069525001,"N"
264507,68,32,0,0,857173345901,"D"
264507,70,33,0,0,857269454301,"F"
264507,72,35,0,0,857373287301,"H"
264507,66,48,0,0,857469485101,"B"
264507,85,22,0,0,857565636101,"U"
264507,82,19,0,0,857669475901,"R"
264507,71,34,0,0,857765468101,"G"
264507,69,18,0,0,857869525701,"E"
264507,78,49,0,0,857965635801,"N"
264507,76,38,0,0,858069550201,"L"
264507,65,30,0,0,858165486201,"A"
264507,78,49,0,0,858269438301,"N"
264507,68,32,0,0,858365548301,"D"
264507,70,33,0,0,858469546701,"F"
264507,72,35,0,0,858565575801,"H"
264507,66,48,0,0,858669521501,"B"
264507,85,22,0,0,858773693801,"U"
264507,82,19,0,0,858869505201,"R"
264507,71,34,0,0,858973641801,"G"
264507,69,18,0,0,859069422701,"E"
264507,78,49,0,0,859173536401,"N"
264507,76,38,0,0,859269575801,"L"
264507,65,30,0,0,859373498401,"A"
264507,78,49,0,0,859469553701,"N"
264507,68,32,0,0,859573445201,"D"
264507,70,33,0,0,859669495701,"F"
264507,72,35,0,0,859765487701,"H"
264507,66,48,0,0,859869535501,"B"
264507,85,22,0,0,859965461201,"U"
264507,82,19,0,0,860069522601,"R"
264507,71,34,0,0,860165519801,"G"
264507,69,18,0,0,860269514501,"E"
264507,78,49,0,0,860365440701,"N"
264507,76,38,0,0,860469503601,"L"
264507,65,30,0,0,860565521201,"A"
264507,78,49,0,0,860669628601,"N"
264507,68,32,0,0,860765599101,"D"
264507,70,33,0,0,860869493801,"F"
264507,72,35,0,0,860973614401,"H"
264507,66,48,0,0,861069580801,"B"
264507,85,22,0,0,861173557201,"U"
264507,82,19,0,0,861269551701,"R"
264507,71,34,0,0,861373553301,"G"
264507,69,18,0,0,861469560801,"E"
264507,78,49,0,0,861574447801,"N"
264507,76,38,0,0,861669546801,"L"
264507,65,30,0,0,861765484201,"A"
264507,78,49,0,0,861869511401,"N"
264507,68,32,0,0,861973307201,"D"
264507,70,33,0,0,862069522601,"F"
264507,72,35,0,0,862165531801,"H"
264507,66,48,0,0,862269489301,"B"
264507,85,22,0,0,862365593701,"U"
264507,82,19,0,0,862469553201,"R"
264507,71,34,0,0,862565527801,"G"
264507,69,18,0,0,862669506901,"E"
264507,78,49,0,0,862765650501,"N"
264507,76,38,0,0,862869555501,"L"
264507,65,30,0,0,862965485101,"A"
264507,78,49,0,0,863069488201,"N"
264507,68,32,0,0,863173657101,"D"
264507,70,33,0,0,863269250101,"F"
264507,72,35,0,0,863373524801,"H"
264507,66,48,0,0,863469328801,"B"
264507,85,22,0,0,863573494101,"U"
264507,82,19,0,0,863669544701,"R"
264507,71,34,0,0,863773605501,"G"
264507,69,18,0,0,863869512601,"E"
264507,78,49,0,0,863974467001,"N"
264507,76,38,0,0,864069504501,"L"
264507,65,30,0,0,864165538901,"A"
264507,78,49,0,0,864269613801,"N"
264507,68,32,0,0,864373553401,"D"
264507,70,33,0,0,864469596701,"F"
264507,72,35,0,0,864565551601,"H"
264507,66,48,0,0,864669454601,"B"
264507,85,22,0,0,864765508501,"U"
264507,82,19,0,0,864869591401,"R"
264507,71,34,0,0,864965622001,"G"
264507,69,18,0,0,865069486901,"E"
264507,78,49,0,0,865173571401,"N"
264507,76,38,0,0,865269542801,"L"
264507,65,30,0,0,865373589401,"A"
264507,78,49,0,0,865469570701,"N"
264507,68,32,0,0,865573558001,"D"
264507,70,33,0,0,865669623101,"F"
264507,72,35,0,0,865773628201,"H"
264507,66,48,0,0,865869611801,"B"
264507,85,22,0,0,865973526501,"U"
264507,82,19,0,0,866069410601,"R"
264507,71,34,0,0,866173674101,"G"
264507,69,18,0,0,866269590801,"E"
264507,78,49,0,0,866365567701,"N"
264507,76,38,0,0,866469554601,"L"
264507,65,30,0,0,866565551001,"A"
264507,78,49,0,0,866669713401,"N"
264507,68,32,0,0,866773572001,"D"
264507,70,33,0,0,866869589101,"F"
264507,72,35,0,0,866965505701,"H"
264507,66,48,0,0,867069577401,"B"
264507,85,22,0,0,867165595401,"U"
264507,82,19,0,0,867269569901,"R"
264507,71,34,0,0,867373623801,"G"
264507,69,18,0,0,867469340701,"E"
264507,78,49,0,0,867573621801,"N"
264507,76,38,0,0,867669725801,"L"
264507,65,30,0,0,867773585901,"A"
264507,78,49,0,0,867869551101,"N"
264507,68,32,0,0,867973604501,"D"
264507,70,33,0,0,868069530401,"F"
264507,72,35,0,0,868173537301,"H"
264507,66,48,0,0,868269553301,"B"
264507,85,22,0,0,868365535801,"U"
264507,82,19,0,0,868469575101,"R"
264507,71,34,0,0,868565742701,"G"
264507,69,18,0,0,868669716501,"E"
264507,78,49,0,0,868765321101,"N"
264507,76,38,0,0,868869530301,"L"
264507,65,30,0,0,868965375101,"A"
264507,78,49,0,0,869069354101,"N"
264507,68,32,0,0,869165648601,"D"
264507,70,33,0,0,869269552901,"F"
264507,72,35,0,0,869365631401,"H"
264507,66,48,0,0,869469589001,"B"
264507,85,22,0,0,869573579501,"U"
264507,82,19,0,0,869669394701,"R"
264507,71,34,0,0,869773588801,"G"
264507,69,18,0,0,869869577001,"E"
264507,78,49,0,0,869973583801,"N"
264507,76,38,0,0,870069456001,"L"
264507,65,30,0,0,870173630601,"A"
264507,78,49,0,0,870269594401,"N"
264507,68,32,0,0,870373584501,"D"
264507,70,33,0,0,870469619801,"F"
264507,72,35,0,0,870573640001,"H"
264507,66,48,0,0,870670411501,"B"
264507,85,22,0,0,870765422801,"U"
264507,82,19,0,0,870869608601,"R"
264507,71,34,0,0,870965661301,"G"
723207,17,29,0,0,874475689301,"STRG"
723207,17,29,0,0,874974625801,"STRG"
723207,17,29,0,0,875005658001,"STRG"
723207,17,29,0,0,875037374201,"STRG"
723207,17,29,0,0,875084353801,"STRG"
723207,17,29,0,0,875115539201,"STRG"
723207,17,29,0,0,875174891101,"STRG"
723207,17,29,0,0,875205917801,"STRG"
723207,17,29,0,0,875237051101,"STRG"
723207,67,46,0,0,875255710601,"C"
