device,vkey,scancode,e0,e1,edge,t1_ns,keyname
723207,13,28,0,0,UP,1451910055372,"EINGABE"
723207,38,72,1,0,DOWN,1454020451072,"NACH-OBEN"
723207,38,72,1,0,UP,1454140840072,"NACH-OBEN"
723207,13,28,0,0,DOWN,1454480629972,"EINGABE"
723207,13,28,0,0,UP,1454560457272,"EINGABE"
264507,70,33,0,0,DOWN,1469517656572,"F"
264507,70,33,0,0,UP,1469613449972,"F"
264507,72,35,0,0,DOWN,1469621640972,"H"
264507,66,48,0,0,DOWN,1469717715972,"B"
264507,72,35,0,0,UP,1469733671472,"H"
264507,85,22,0,0,DOWN,1469821679372,"U"
264507,66,48,0,0,UP,1469837724672,"B"
264507,82,19,0,0,DOWN,1469917702672,"R"
264507,85,22,0,0,UP,1469933635072,"U"
264507,71,34,0,0,DOWN,1470021674172,"G"
264507,82,19,0,0,UP,1470037644872,"R"
264507,69,18,0,0,DOWN,1470117687072,"E"
264507,71,34,0,0,UP,1470133757172,"G"
264507,69,18,0,0,UP,1470221909972,"E"
264507,78,49,0,0,DOWN,1470222936572,"N"
264507,78,49,0,0,UP,1470285641572,"N"
264507,76,38,0,0,DOWN,1470317585472,"L"
264507,76,38,0,0,UP,1470373845872,"L"
264507,65,30,0,0,DOWN,1470413632472,"A"
264507,65,30,0,0,UP,1470469742972,"A"
264507,78,49,0,0,DOWN,1470517634572,"N"
264507,78,49,0,0,UP,1470589733372,"N"
264507,68,32,0,0,DOWN,1470621843372,"D"
264507,70,33,0,0,DOWN,1470717611972,"F"
264507,68,32,0,0,UP,1470733775772,"D"
264507,70,33,0,0,UP,1470789661372,"F"
264507,72,35,0,0,DOWN,1470821682572,"H"
264507,66,48,0,0,DOWN,1470917654672,"B"
264507,72,35,0,0,UP,1470925611772,"H"
264507,85,22,0,0,DOWN,1471021439072,"U"
264507,66,48,0,0,UP,1471037668672,"B"
264507,82,19,0,0,DOWN,1471117678572,"R"
264507,85,22,0,0,UP,1471125573672,"U"
264507,71,34,0,0,DOWN,1471221868772,"G"
264507,82,19,0,0,UP,1471237775472,"R"
264507,69,18,0,0,DOWN,1471317612672,"E"
264507,71,34,0,0,UP,1471325557272,"G"
264507,69,18,0,0,UP,1471421740472,"E"
264507,78,49,0,0,DOWN,1471422630772,"N"
264507,78,49,0,0,UP,1471485677572,"N"
264507,76,38,0,0,DOWN,1471517769272,"L"
264507,76,38,0,0,UP,1471573659872,"L"
264507,65,30,0,0,DOWN,1471621683972,"A"
264507,65,30,0,0,UP,1471661675572,"A"
264507,78,49,0,0,DOWN,1471717374472,"N"
264507,78,49,0,0,UP,1471789679372,"N"
264507,68,32,0,0,DOWN,1471821818872,"D"
264507,70,33,0,0,DOWN,1471917721172,"F"
264507,68,32,0,0,UP,1471933666772,"D"
264507,70,33,0,0,UP,1471997542972,"F"
264507,72,35,0,0,DOWN,1472021685972,"H"
264507,66,48,0,0,DOWN,1472125381372,"B"
264507,72,35,0,0,UP,1472133676972,"H"
264507,85,22,0,0,DOWN,1472213747672,"U"
264507,66,48,0,0,UP,1472245397772,"B"
264507,82,19,0,0,DOWN,1472317763572,"R"
264507,85,22,0,0,UP,1472325617472,"U"
264507,71,34,0,0,DOWN,1472421646272,"G"
264507,82,19,0,0,UP,1472437640372,"R"
264507,69,18,0,0,DOWN,1472525497872,"E"
264507,71,34,0,0,UP,1472533678272,"G"
264507,78,49,0,0,DOWN,1472621659272,"N"
264507,69,18,0,0,UP,1472629685672,"E"
264507,78,49,0,0,UP,1472685708172,"N"
264507,76,38,0,0,DOWN,1472717620972,"L"
264507,76,38,0,0,UP,1472781661572,"L"
264507,65,30,0,0,DOWN,1472821686072,"A"
264507,65,30,0,0,UP,1472861640172,"A"
264507,78,49,0,0,DOWN,1472917719572,"N"
264507,78,49,0,0,UP,1472989653972,"N"
264507,68,32,0,0,DOWN,1473021765272,"D"
264507,70,33,0,0,DOWN,1473117668872,"F"
264507,68,32,0,0,UP,1473133613872,"D"
264507,70,33,0,0,UP,1473197811672,"F"
264507,72,35,0,0,DOWN,1473221730472,"H"
264507,66,48,0,0,DOWN,1473317676172,"B"
264507,72,35,0,0,UP,1473325658372,"H"
264507,85,22,0,0,DOWN,1473421658972,"U"
264507,66,48,0,0,UP,1473437642972,"B"
264507,82,19,0,0,DOWN,1473517743472,"R"
264507,85,22,0,0,UP,1473533693672,"U"
264507,71,34,0,0,DOWN,1473621710972,"G"
264507,82,19,0,0,UP,1473637621772,"R"
264507,69,18,0,0,DOWN,1473717873772,"E"
264507,71,34,0,0,UP,1473737596672,"G"
264507,69,18,0,0,UP,1473821695272,"E"
264507,78,49,0,0,DOWN,1473822462072,"N"
264507,78,49,0,0,UP,1473885648372,"N"
264507,76,38,0,0,DOWN,1473917924272,"L"
264507,76,38,0,0,UP,1473981658472,"L"
264507,65,30,0,0,DOWN,1474013605272,"A"
264507,65,30,0,0,UP,1474069619472,"A"
264507,78,49,0,0,DOWN,1474117740272,"N"
264507,78,49,0,0,UP,1474189704672,"N"
264507,68,32,0,0,DOWN,1474221728672,"D"
264507,70,33,0,0,DOWN,1474317716872,"F"
264507,68,32,0,0,UP,1474333362172,"D"
264507,70,33,0,0,UP,1474397558472,"F"
264507,72,35,0,0,DOWN,1474421776172,"H"
264507,66,48,0,0,DOWN,1474517631872,"B"
264507,72,35,0,0,UP,1474525803072,"H"
264507,85,22,0,0,DOWN,1474621468472,"U"
264507,66,48,0,0,UP,1474645805972,"B"
264507,82,19,0,0,DOWN,1474717660072,"R"
264507,85,22,0,0,UP,1474725549672,"U"
264507,71,34,0,0,DOWN,1474821707172,"G"
264507,82,19,0,0,UP,1474837617972,"R"
264507,69,18,0,0,DOWN,1474917615472,"E"
264507,71,34,0,0,UP,1474933678272,"G"
264507,78,49,0,0,DOWN,1475021848572,"N"
264507,69,18,0,0,UP,1475029858372,"E"
264507,78,49,0,0,UP,1475085637972,"N"
264507,76,38,0,0,DOWN,1475117709972,"L"
264507,76,38,0,0,UP,1475173794472,"L"
264507,65,30,0,0,DOWN,1475221742672,"A"
264507,65,30,0,0,UP,1475261464172,"A"
264507,78,49,0,0,DOWN,1475317690872,"N"
264507,78,49,0,0,UP,1475389844672,"N"
264507,68,32,0,0,DOWN,1475421657872,"D"
264507,70,33,0,0,DOWN,1475517823372,"F"
264507,68,32,0,0,UP,1475533830872,"D"
264507,70,33,0,0,UP,1475589635472,"F"
264507,72,35,0,0,DOWN,1475621694172,"H"
264507,72,35,0,0,UP,1475725684772,"H"
264507,66,48,0,0,DOWN,1475726498972,"B"
264507,85,22,0,0,DOWN,1475813611372,"U"
264507,66,48,0,0,UP,1475837694272,"B"
264507,82,19,0,0,DOWN,1475917919072,"R"
264507,85,22,0,0,UP,1475925642572,"U"
264507,71,34,0,0,DOWN,1476021757372,"G"
264507,82,19,0,0,UP,1476037648872,"R"
264507,69,18,0,0,DOWN,1476125734972,"E"
264507,71,34,0,0,UP,1476133740872,"G"
264507,78,49,0,0,DOWN,1476221709072,"N"
264507,69,18,0,0,UP,1476229725272,"E"
264507,78,49,0,0,UP,1476285780872,"N"
264507,76,38,0,0,DOWN,1476317893072,"L"
264507,76,38,0,0,UP,1476373784772,"L"
264507,65,30,0,0,DOWN,1476421688372,"A"
264507,65,30,0,0,UP,1476461483272,"A"
264507,78,49,0,0,DOWN,1476517792372,"N"
264507,78,49,0,0,UP,1476581462572,"N"
264507,68,32,0,0,DOWN,1476621757972,"D"
264507,70,33,0,0,DOWN,1476717615972,"F"
264507,68,32,0,0,UP,1476733645272,"D"
264507,70,33,0,0,UP,1476797767072,"F"
264507,72,35,0,0,DOWN,1476821701772,"H"
264507,72,35,0,0,UP,1476917770672,"H"
264507,66,48,0,0,DOWN,1476918653172,"B"
264507,85,22,0,0,DOWN,1477021667372,"U"
264507,66,48,0,0,UP,1477045457872,"B"
264507,82,19,0,0,DOWN,1477117882672,"R"
264507,85,22,0,0,UP,1477133472872,"U"
264507,71,34,0,0,DOWN,1477221503772,"G"
264507,82,19,0,0,UP,1477237742472,"R"
264507,69,18,0,0,DOWN,1477317697472,"E"
264507,71,34,0,0,UP,1477325710772,"G"
264507,78,49,0,0,DOWN,1477421565372,"N"
264507,69,18,0,0,UP,1477429786072,"E"
264507,78,49,0,0,UP,1477485869172,"N"
264507,76,38,0,0,DOWN,1477517756572,"L"
264507,76,38,0,0,UP,1477573663772,"L"
264507,65,30,0,0,DOWN,1477613670372,"A"
264507,65,30,0,0,UP,1477669646272,"A"
264507,78,49,0,0,DOWN,1477717799272,"N"
264507,78,49,0,0,UP,1477789699772,"N"
264507,68,32,0,0,DOWN,1477821764772,"D"
264507,70,33,0,0,DOWN,1477917764672,"F"
264507,68,32,0,0,UP,1477933816372,"D"
264507,70,33,0,0,UP,1477989689772,"F"
264507,72,35,0,0,DOWN,1478021885672,"H"
264507,66,48,0,0,DOWN,1478117700172,"B"
264507,72,35,0,0,UP,1478125635372,"H"
264507,85,22,0,0,DOWN,1478221776672,"U"
264507,66,48,0,0,UP,1478245875872,"B"
264507,82,19,0,0,DOWN,1478317674972,"R"
264507,85,22,0,0,UP,1478325652072,"U"
264507,71,34,0,0,DOWN,1478421649572,"G"
264507,82,19,0,0,UP,1478437652772,"R"
264507,69,18,0,0,DOWN,1478517764572,"E"
264507,71,34,0,0,UP,1478533630172,"G"
264507,78,49,0,0,DOWN,1478621730172,"N"
264507,69,18,0,0,UP,1478630199772,"E"
264507,78,49,0,0,UP,1478677651072,"N"
264507,76,38,0,0,DOWN,1478717703872,"L"
264507,76,38,0,0,UP,1478781906672,"L"
264507,65,30,0,0,DOWN,1478821681272,"A"
264507,65,30,0,0,UP,1478869674572,"A"
264507,78,49,0,0,DOWN,1478917764972,"N"
264507,78,49,0,0,UP,1478989715472,"N"
264507,68,32,0,0,DOWN,1479021741172,"D"
264507,70,33,0,0,DOWN,1479125787972,"F"
264507,68,32,0,0,UP,1479145143772,"D"
264507,70,33,0,0,UP,1479189713472,"F"
264507,72,35,0,0,DOWN,1479221706072,"H"
264507,66,48,0,0,DOWN,1479325722072,"B"
264507,72,35,0,0,UP,1479333478272,"H"
264507,85,22,0,0,DOWN,1479413447372,"U"
264507,66,48,0,0,UP,1479445838172,"B"
264507,82,19,0,0,DOWN,1479517739372,"R"
264507,85,22,0,0,UP,1479525477272,"U"
264507,71,34,0,0,DOWN,1479621808272,"G"
264507,82,19,0,0,UP,1479637766672,"R"
264507,69,18,0,0,DOWN,1479725491472,"E"
264507,71,34,0,0,UP,1479733481072,"G"
264507,69,18,0,0,UP,1479821751672,"E"
264507,78,49,0,0,DOWN,1479822526672,"N"
264507,78,49,0,0,UP,1479885647572,"N"
264507,76,38,0,0,DOWN,1479917675972,"L"
264507,76,38,0,0,UP,1479973736172,"L"
264507,65,30,0,0,DOWN,1480021859072,"A"
264507,65,30,0,0,UP,1480061722772,"A"
264507,78,49,0,0,DOWN,1480117688572,"N"
264507,78,49,0,0,UP,1480181706072,"N"
264507,68,32,0,0,DOWN,1480221764372,"D"
264507,70,33,0,0,DOWN,1480317779872,"F"
264507,68,32,0,0,UP,1480333753972,"D"
264507,70,33,0,0,UP,1480397674072,"F"
264507,72,35,0,0,DOWN,1480421760272,"H"
264507,66,48,0,0,DOWN,1480517776172,"B"
264507,72,35,0,0,UP,1480525925972,"H"
264507,85,22,0,0,DOWN,1480621845572,"U"
264507,66,48,0,0,UP,1480637518372,"B"
264507,82,19,0,0,DOWN,1480718070472,"R"
264507,85,22,0,0,UP,1480733642472,"U"
264507,71,34,0,0,DOWN,1480821694172,"G"
264507,82,19,0,0,UP,1480837729072,"R"
264507,69,18,0,0,DOWN,1480925835272,"E"
264507,71,34,0,0,UP,1480933715472,"G"
264507,69,18,0,0,UP,1481013495472,"E"
264507,78,49,0,0,DOWN,1481014222272,"N"
264507,78,49,0,0,UP,1481085861772,"N"
264507,76,38,0,0,DOWN,1481117810372,"L"
264507,76,38,0,0,UP,1481181526572,"L"
264507,65,30,0,0,DOWN,1481221694372,"A"
264507,65,30,0,0,UP,1481269440772,"A"
264507,78,49,0,0,DOWN,1481317536872,"N"
264507,78,49,0,0,UP,1481381542972,"N"
264507,68,32,0,0,DOWN,1481421802372,"D"
264507,70,33,0,0,DOWN,1481517787572,"F"
264507,68,32,0,0,UP,1481533791872,"D"
264507,70,33,0,0,UP,1481597853572,"F"
264507,72,35,0,0,DOWN,1481621820972,"H"
264507,66,48,0,0,DOWN,1481717669872,"B"
264507,72,35,0,0,UP,1481725547872,"H"
264507,85,22,0,0,DOWN,1481821758872,"U"
264507,66,48,0,0,UP,1481845877472,"B"
264507,82,19,0,0,DOWN,1481917735872,"R"
264507,85,22,0,0,UP,1481933749372,"U"
264507,71,34,0,0,DOWN,1482021767772,"G"
264507,82,19,0,0,UP,1482037756472,"R"
264507,69,18,0,0,DOWN,1482117776672,"E"
264507,71,34,0,0,UP,1482133604572,"G"
264507,78,49,0,0,DOWN,1482221948872,"N"
264507,69,18,0,0,UP,1482229607572,"E"
264507,78,49,0,0,UP,1482285771572,"N"
264507,76,38,0,0,DOWN,1482317748772,"L"
264507,76,38,0,0,UP,1482381644372,"L"
264507,65,30,0,0,DOWN,1482421501772,"A"
264507,65,30,0,0,UP,1482469707272,"A"
264507,78,49,0,0,DOWN,1482517720872,"N"
264507,78,49,0,0,UP,1482589733972,"N"
264507,68,32,0,0,DOWN,1482621706572,"D"
264507,70,33,0,0,DOWN,1482725907772,"F"
264507,68,32,0,0,UP,1482733655672,"D"
264507,70,33,0,0,UP,1482797717272,"F"
264507,72,35,0,0,DOWN,1482813765672,"H"
264507,66,48,0,0,DOWN,1482917728772,"B"
264507,72,35,0,0,UP,1482925390272,"H"
264507,85,22,0,0,DOWN,1483021781672,"U"
264507,66,48,0,0,UP,1483046203872,"B"
264507,82,19,0,0,DOWN,1483117789572,"R"
264507,85,22,0,0,UP,1483125332472,"U"
264507,71,34,0,0,DOWN,1483221786972,"G"
264507,82,19,0,0,UP,1483245828372,"R"
264507,69,18,0,0,DOWN,1483325775572,"E"
264507,71,34,0,0,UP,1483333748472,"G"
264507,78,49,0,0,DOWN,1483421736372,"N"
264507,69,18,0,0,UP,1483437921272,"E"
264507,78,49,0,0,UP,1483486071772,"N"
264507,76,38,0,0,DOWN,1483517793272,"L"
264507,76,38,0,0,UP,1483581724172,"L"
264507,65,30,0,0,DOWN,1483621485572,"A"
264507,65,30,0,0,UP,1483661724972,"A"
264507,78,49,0,0,DOWN,1483717549472,"N"
264507,78,49,0,0,UP,1483781760972,"N"
264507,68,32,0,0,DOWN,1483821779672,"D"
264507,70,33,0,0,DOWN,1483917492072,"F"
264507,68,32,0,0,UP,1483933590872,"D"
264507,70,33,0,0,UP,1483990112272,"F"
264507,72,35,0,0,DOWN,1484021791372,"H"
264507,66,48,0,0,DOWN,1484117593572,"B"
264507,72,35,0,0,UP,1484125683872,"H"
264507,85,22,0,0,DOWN,1484221825272,"U"
264507,66,48,0,0,UP,1484238016672,"B"
264507,82,19,0,0,DOWN,1484317464472,"R"
264507,85,22,0,0,UP,1484333707972,"U"
264507,71,34,0,0,DOWN,1484421723772,"G"
264507,82,19,0,0,UP,1484445820972,"R"
264507,69,18,0,0,DOWN,1484525785972,"E"
264507,71,34,0,0,UP,1484533410772,"G"
264507,78,49,0,0,DOWN,1484613824572,"N"
264507,69,18,0,0,UP,1484621383472,"E"
264507,78,49,0,0,UP,1484685501372,"N"
264507,76,38,0,0,DOWN,1484717736772,"L"
264507,76,38,0,0,UP,1484781798372,"L"
264507,65,30,0,0,DOWN,1484821790672,"A"
264507,65,30,0,0,UP,1484861559372,"A"
264507,78,49,0,0,DOWN,1484917547372,"N"
264507,78,49,0,0,UP,1484981850172,"N"
264507,68,32,0,0,DOWN,1485021812872,"D"
264507,70,33,0,0,DOWN,1485117533172,"F"
264507,68,32,0,0,UP,1485125686372,"D"
264507,70,33,0,0,UP,1485197801072,"F"
264507,72,35,0,0,DOWN,1485221791372,"H"
264507,66,48,0,0,DOWN,1485317545472,"B"
264507,72,35,0,0,UP,1485325381072,"H"
264507,85,22,0,0,DOWN,1485421809872,"U"
264507,66,48,0,0,UP,1485437792472,"B"
264507,82,19,0,0,DOWN,1485517522272,"R"
264507,85,22,0,0,UP,1485533866472,"U"
264507,71,34,0,0,DOWN,1485621799972,"G"
264507,82,19,0,0,UP,1485637699172,"R"
264507,69,18,0,0,DOWN,1485717771872,"E"
264507,71,34,0,0,UP,1485733754972,"G"
264507,78,49,0,0,DOWN,1485821900772,"N"
264507,69,18,0,0,UP,1485829695272,"E"
264507,78,49,0,0,UP,1485885555872,"N"
264507,76,38,0,0,DOWN,1485917903772,"L"
264507,76,38,0,0,UP,1485981709372,"L"
264507,65,30,0,0,DOWN,1486021762372,"A"
264507,65,30,0,0,UP,1486069739472,"A"
264507,78,49,0,0,DOWN,1486125824672,"N"
264507,78,49,0,0,UP,1486189788472,"N"
264507,68,32,0,0,DOWN,1486221823872,"D"
264507,70,33,0,0,DOWN,1486317790972,"F"
264507,68,32,0,0,UP,1486333777672,"D"
264507,70,33,0,0,UP,1486389555672,"F"
264507,72,35,0,0,DOWN,1486413776472,"H"
264507,66,48,0,0,DOWN,1486517952172,"B"
264507,72,35,0,0,UP,1486525526872,"H"
264507,85,22,0,0,DOWN,1486621754772,"U"
264507,66,48,0,0,UP,1486645835572,"B"
264507,82,19,0,0,DOWN,1486717736672,"R"
264507,85,22,0,0,UP,1486725418072,"U"
264507,71,34,0,0,DOWN,1486821688272,"G"
264507,82,19,0,0,UP,1486837792872,"R"
264507,69,18,0,0,DOWN,1486917649272,"E"
264507,71,34,0,0,UP,1486925416172,"G"
264507,78,49,0,0,DOWN,1487021766272,"N"
264507,69,18,0,0,UP,1487029347772,"E"
264507,78,49,0,0,UP,1487085599672,"N"
264507,76,38,0,0,DOWN,1487117795072,"L"
264507,76,38,0,0,UP,1487181523972,"L"
264507,65,30,0,0,DOWN,1487221853372,"A"
264507,65,30,0,0,UP,1487261947272,"A"
264507,78,49,0,0,DOWN,1487317759472,"N"
264507,78,49,0,0,UP,1487381785372,"N"
264507,68,32,0,0,DOWN,1487421883272,"D"
264507,70,33,0,0,DOWN,1487517732472,"F"
264507,68,32,0,0,UP,1487533805172,"D"
264507,70,33,0,0,UP,1487597749472,"F"
264507,72,35,0,0,DOWN,1487621741572,"H"
264507,66,48,0,0,DOWN,1487717816472,"B"
264507,72,35,0,0,UP,1487725476872,"H"
264507,85,22,0,0,DOWN,1487821787172,"U"
264507,66,48,0,0,UP,1487837664872,"B"
264507,82,19,0,0,DOWN,1487925839672,"R"
264507,85,22,0,0,UP,1487933476372,"U"
264507,71,34,0,0,DOWN,1488021831072,"G"
264507,82,19,0,0,UP,1488037707472,"R"
264507,69,18,0,0,DOWN,1488125809072,"E"
264507,71,34,0,0,UP,1488133373572,"G"
264507,78,49,0,0,DOWN,1488221764672,"N"
264507,69,18,0,0,UP,1488229361472,"E"
264507,78,49,0,0,UP,1488285929072,"N"
264507,76,38,0,0,DOWN,1488317781372,"L"
264507,76,38,0,0,UP,1488381807572,"L"
264507,65,30,0,0,DOWN,1488421828872,"A"
264507,65,30,0,0,UP,1488461795672,"A"
264507,78,49,0,0,DOWN,1488517877372,"N"
264507,78,49,0,0,UP,1488581789272,"N"
264507,68,32,0,0,DOWN,1488621643272,"D"
264507,70,33,0,0,DOWN,1488717815972,"F"
264507,68,32,0,0,UP,1488725646372,"D"
264507,70,33,0,0,UP,1488797784772,"F"
264507,72,35,0,0,DOWN,1488821762072,"H"
264507,66,48,0,0,DOWN,1488917793972,"B"
264507,72,35,0,0,UP,1488933817672,"H"
264507,85,22,0,0,DOWN,1489021780972,"U"
264507,66,48,0,0,UP,1489037852472,"B"
264507,82,19,0,0,DOWN,1489117810272,"R"
264507,85,22,0,0,UP,1489133779772,"U"
264507,71,34,0,0,DOWN,1489221884172,"G"
264507,82,19,0,0,UP,1489229565772,"R"
264507,69,18,0,0,DOWN,1489317830372,"E"
264507,71,34,0,0,UP,1489333747072,"G"
264507,78,49,0,0,DOWN,1489421773572,"N"
264507,69,18,0,0,UP,1489429573272,"E"
264507,78,49,0,0,UP,1489485813672,"N"
264507,76,38,0,0,DOWN,1489517950072,"L"
264507,76,38,0,0,UP,1489573744372,"L"
264507,65,30,0,0,DOWN,1489613802072,"A"
264507,65,30,0,0,UP,1489670042072,"A"
264507,78,49,0,0,DOWN,1489725758672,"N"
264507,78,49,0,0,UP,1489789746472,"N"
264507,68,32,0,0,DOWN,1489821562772,"D"
264507,70,33,0,0,DOWN,1489917727572,"F"
264507,68,32,0,0,UP,1489933744572,"D"
264507,70,33,0,0,UP,1489997792872,"F"
264507,72,35,0,0,DOWN,1490021584672,"H"
264507,66,48,0,0,DOWN,1490117861772,"B"
264507,72,35,0,0,UP,1490125640672,"H"
264507,85,22,0,0,DOWN,1490221626072,"U"
264507,66,48,0,0,UP,1490245790772,"B"
264507,82,19,0,0,DOWN,1490317905672,"R"
264507,85,22,0,0,UP,1490325520172,"U"
264507,71,34,0,0,DOWN,1490421617972,"G"
264507,82,19,0,0,UP,1490437875272,"R"
264507,69,18,0,0,DOWN,1490518013972,"E"
264507,71,34,0,0,UP,1490525535472,"G"
264507,69,18,0,0,UP,1490621564272,"E"
264507,78,49,0,0,DOWN,1490622631272,"N"
264507,78,49,0,0,UP,1490685702472,"N"
264507,76,38,0,0,DOWN,1490717770872,"L"
264507,76,38,0,0,UP,1490781606172,"L"
264507,65,30,0,0,DOWN,1490821523572,"A"
264507,65,30,0,0,UP,1490861774272,"A"
264507,78,49,0,0,DOWN,1490917762772,"N"
264507,78,49,0,0,UP,1490981796772,"N"
264507,68,32,0,0,DOWN,1491021628572,"D"
264507,70,33,0,0,DOWN,1491117869072,"F"
264507,68,32,0,0,UP,1491133818672,"D"
264507,70,33,0,0,UP,1491197974872,"F"
264507,72,35,0,0,DOWN,1491221698772,"H"
264507,66,48,0,0,DOWN,1491325845772,"B"
264507,72,35,0,0,UP,1491333395172,"H"
264507,85,22,0,0,DOWN,1491421875772,"U"
264507,66,48,0,0,UP,1491437817572,"B"
264507,82,19,0,0,DOWN,1491526001872,"R"
264507,85,22,0,0,UP,1491533567972,"U"
264507,71,34,0,0,DOWN,1491621919172,"G"
264507,82,19,0,0,UP,1491637794372,"R"
264507,71,34,0,0,UP,1491725847072,"G"
264507,69,18,0,0,DOWN,1491726674372,"E"
264507,69,18,0,0,UP,1491821851772,"E"
264507,78,49,0,0,DOWN,1491822632172,"N"
264507,78,49,0,0,UP,1491885789572,"N"
264507,76,38,0,0,DOWN,1491917846572,"L"
264507,76,38,0,0,UP,1491981835772,"L"
264507,65,30,0,0,DOWN,1492021803472,"A"
264507,65,30,0,0,UP,1492061823072,"A"
264507,78,49,0,0,DOWN,1492117828072,"N"
264507,78,49,0,0,UP,1492181794572,"N"
264507,68,32,0,0,DOWN,1492221692172,"D"
264507,70,33,0,0,DOWN,1492317947372,"F"
264507,68,32,0,0,UP,1492325519472,"D"
264507,70,33,0,0,UP,1492397972572,"F"
264507,72,35,0,0,DOWN,1492421761572,"H"
264507,66,48,0,0,DOWN,1492517867672,"B"
264507,72,35,0,0,UP,1492533608072,"H"
264507,85,22,0,0,DOWN,1492621972072,"U"
264507,66,48,0,0,UP,1492637863272,"B"
264507,82,19,0,0,DOWN,1492717568872,"R"
264507,85,22,0,0,UP,1492733848372,"U"
264507,71,34,0,0,DOWN,1492821857272,"G"
264507,82,19,0,0,UP,1492837864972,"R"
264507,69,18,0,0,DOWN,1492917840772,"E"
264507,71,34,0,0,UP,1492926054272,"G"
264507,78,49,0,0,DOWN,1493021792272,"N"
264507,69,18,0,0,UP,1493029533772,"E"
264507,78,49,0,0,UP,1493085800872,"N"
264507,76,38,0,0,DOWN,1493125826272,"L"
264507,76,38,0,0,UP,1493173504072,"L"
264507,65,30,0,0,DOWN,1493213835472,"A"
264507,65,30,0,0,UP,1493269885772,"A"
264507,78,49,0,0,DOWN,1493325825872,"N"
264507,78,49,0,0,UP,1493389853972,"N"
264507,68,32,0,0,DOWN,1493421819872,"D"
264507,70,33,0,0,DOWN,1493517875172,"F"
264507,68,32,0,0,UP,1493533868472,"D"
264507,70,33,0,0,UP,1493597812872,"F"
264507,72,35,0,0,DOWN,1493621951672,"H"
264507,66,48,0,0,DOWN,1493718075372,"B"
264507,72,35,0,0,UP,1493725978372,"H"
264507,85,22,0,0,DOWN,1493821902272,"U"
264507,66,48,0,0,UP,1493837923572,"B"
264507,82,19,0,0,DOWN,1493917727972,"R"
264507,85,22,0,0,UP,1493926049272,"U"
264507,71,34,0,0,DOWN,1494021836872,"G"
264507,82,19,0,0,UP,1494037828072,"R"
264507,69,18,0,0,DOWN,1494117821672,"E"
264507,71,34,0,0,UP,1494125829872,"G"
264507,78,49,0,0,DOWN,1494221826372,"N"
264507,69,18,0,0,UP,1494229518072,"E"
264507,78,49,0,0,UP,1494285844872,"N"
264507,76,38,0,0,DOWN,1494317836772,"L"
264507,76,38,0,0,UP,1494373973772,"L"
264507,65,30,0,0,DOWN,1494421902972,"A"
264507,65,30,0,0,UP,1494461789272,"A"
264507,78,49,0,0,DOWN,1494517905972,"N"
264507,78,49,0,0,UP,1494581976272,"N"
264507,68,32,0,0,DOWN,1494621854372,"D"
264507,70,33,0,0,DOWN,1494717820472,"F"
264507,68,32,0,0,UP,1494734060072,"D"
264507,70,33,0,0,UP,1494797841172,"F"
264507,72,35,0,0,DOWN,1494821888172,"H"
264507,66,48,0,0,DOWN,1494917768472,"B"
264507,72,35,0,0,UP,1494925695972,"H"
264507,85,22,0,0,DOWN,1495021806872,"U"
264507,66,48,0,0,UP,1495037835772,"B"
264507,82,19,0,0,DOWN,1495125853072,"R"
264507,85,22,0,0,UP,1495133587572,"U"
264507,71,34,0,0,DOWN,1495221893572,"G"
264507,82,19,0,0,UP,1495237814072,"R"
264507,69,18,0,0,DOWN,1495325690872,"E"
264507,71,34,0,0,UP,1495333436472,"G"
264507,78,49,0,0,DOWN,1495421877172,"N"
264507,69,18,0,0,UP,1495429557772,"E"
264507,78,49,0,0,UP,1495485713072,"N"
264507,76,38,0,0,DOWN,1495517851072,"L"
264507,76,38,0,0,UP,1495574009972,"L"
264507,65,30,0,0,DOWN,1495621888572,"A"
264507,65,30,0,0,UP,1495669847072,"A"
264507,78,49,0,0,DOWN,1495717883972,"N"
264507,78,49,0,0,UP,1495781980872,"N"
264507,68,32,0,0,DOWN,1495821868772,"D"
264507,70,33,0,0,DOWN,1495917846272,"F"
264507,68,32,0,0,UP,1495925882972,"D"
264507,70,33,0,0,UP,1495997774572,"F"
264507,72,35,0,0,DOWN,1496021951272,"H"
264507,66,48,0,0,DOWN,1496117879572,"B"
264507,72,35,0,0,UP,1496133830972,"H"
264507,85,22,0,0,DOWN,1496221580472,"U"
264507,66,48,0,0,UP,1496237626472,"B"
264507,82,19,0,0,DOWN,1496317640272,"R"
264507,85,22,0,0,UP,1496333671872,"U"
264507,71,34,0,0,DOWN,1496421844572,"G"
264507,82,19,0,0,UP,1496437880072,"R"
264507,69,18,0,0,DOWN,1496517820472,"E"
264507,71,34,0,0,UP,1496525541272,"G"
264507,69,18,0,0,UP,1496621997072,"E"
264507,78,49,0,0,DOWN,1496622925972,"N"
264507,78,49,0,0,UP,1496685887672,"N"
264507,76,38,0,0,DOWN,1496718127872,"L"
264507,76,38,0,0,UP,1496781872872,"L"
264507,65,30,0,0,DOWN,1496813890072,"A"
264507,65,30,0,0,UP,1496869863372,"A"
264507,78,49,0,0,DOWN,1496925747272,"N"
264507,78,49,0,0,UP,1496989978672,"N"
264507,68,32,0,0,DOWN,1497021897072,"D"
264507,70,33,0,0,DOWN,1497117951172,"F"
264507,68,32,0,0,UP,1497133845472,"D"
264507,70,33,0,0,UP,1497190032172,"F"
264507,72,35,0,0,DOWN,1497221897372,"H"
264507,66,48,0,0,DOWN,1497317926472,"B"
264507,72,35,0,0,UP,1497325808272,"H"
264507,85,22,0,0,DOWN,1497421846772,"U"
264507,66,48,0,0,UP,1497437846672,"B"
264507,82,19,0,0,DOWN,1497517554672,"R"
264507,85,22,0,0,UP,1497525573172,"U"
264507,71,34,0,0,DOWN,1497621802672,"G"
264507,82,19,0,0,UP,1497638018372,"R"
264507,69,18,0,0,DOWN,1497717879872,"E"
264507,71,34,0,0,UP,1497725791772,"G"
264507,78,49,0,0,DOWN,1497821918372,"N"
264507,69,18,0,0,UP,1497829467872,"E"
264507,78,49,0,0,UP,1497885712772,"N"
264507,76,38,0,0,DOWN,1497917884072,"L"
264507,76,38,0,0,UP,1497973851372,"L"
264507,65,30,0,0,DOWN,1498021936572,"A"
264507,65,30,0,0,UP,1498061949172,"A"
264507,78,49,0,0,DOWN,1498117692672,"N"
264507,78,49,0,0,UP,1498190041472,"N"
264507,68,32,0,0,DOWN,1498221923772,"D"
264507,70,33,0,0,DOWN,1498317872972,"F"
264507,68,32,0,0,UP,1498334074372,"D"
264507,70,33,0,0,UP,1498398154672,"F"
264507,72,35,0,0,DOWN,1498421881972,"H"
264507,66,48,0,0,DOWN,1498525798372,"B"
264507,72,35,0,0,UP,1498533489272,"H"
264507,85,22,0,0,DOWN,1498621867572,"U"
264507,66,48,0,0,UP,1498645748172,"B"
264507,82,19,0,0,DOWN,1498725942772,"R"
264507,85,22,0,0,UP,1498733744372,"U"
264507,71,34,0,0,DOWN,1498821660672,"G"
264507,82,19,0,0,UP,1498837856972,"R"
264507,71,34,0,0,UP,1498925951872,"G"
264507,69,18,0,0,DOWN,1498926792672,"E"
264507,78,49,0,0,DOWN,1499021841372,"N"
264507,69,18,0,0,UP,1499029762172,"E"
264507,78,49,0,0,UP,1499085678772,"N"
264507,76,38,0,0,DOWN,1499117842372,"L"
264507,76,38,0,0,UP,1499181895072,"L"
264507,65,30,0,0,DOWN,1499221895772,"A"
264507,65,30,0,0,UP,1499261630872,"A"
264507,78,49,0,0,DOWN,1499317937872,"N"
264507,78,49,0,0,UP,1499389965172,"N"
264507,68,32,0,0,DOWN,1499421889572,"D"
264507,70,33,0,0,DOWN,1499517664372,"F"
264507,68,32,0,0,UP,1499525630672,"D"
264507,70,33,0,0,UP,1499598005672,"F"
264507,72,35,0,0,DOWN,1499621940872,"H"
264507,66,48,0,0,DOWN,1499717567772,"B"
264507,72,35,0,0,UP,1499733899772,"H"
264507,85,22,0,0,DOWN,1499821852872,"U"
264507,66,48,0,0,UP,1499837858272,"B"
264507,82,19,0,0,DOWN,1499917817372,"R"
264507,85,22,0,0,UP,1499933818972,"U"
264507,71,34,0,0,DOWN,1500021909172,"G"
264507,82,19,0,0,UP,1500037838072,"R"
264507,69,18,0,0,DOWN,1500117792772,"E"
264507,71,34,0,0,UP,1500133650672,"G"
264507,78,49,0,0,DOWN,1500221875672,"N"
264507,69,18,0,0,UP,1500229828772,"E"
264507,78,49,0,0,UP,1500285868272,"N"
264507,76,38,0,0,DOWN,1500325855872,"L"
264507,76,38,0,0,UP,1500373852372,"L"
264507,65,30,0,0,DOWN,1500413926872,"A"
264507,65,30,0,0,UP,1500469828372,"A"
264507,78,49,0,0,DOWN,1500525850972,"N"
264507,78,49,0,0,UP,1500589986272,"N"
264507,68,32,0,0,DOWN,1500622017872,"D"
264507,70,33,0,0,DOWN,1500717855972,"F"
264507,68,32,0,0,UP,1500734029372,"D"
264507,70,33,0,0,UP,1500797927572,"F"
264507,72,35,0,0,DOWN,1500821929572,"H"
264507,66,48,0,0,DOWN,1500917938272,"B"
264507,72,35,0,0,UP,1500925663472,"H"
264507,85,22,0,0,DOWN,1501022064072,"U"
264507,66,48,0,0,UP,1501037901172,"B"
264507,82,19,0,0,DOWN,1501118040172,"R"
264507,85,22,0,0,UP,1501125671072,"U"
264507,71,34,0,0,DOWN,1501221910772,"G"
264507,82,19,0,0,UP,1501237927872,"R"
264507,69,18,0,0,DOWN,1501317944172,"E"
264507,71,34,0,0,UP,1501325623572,"G"
264507,78,49,0,0,DOWN,1501421943172,"N"
264507,69,18,0,0,UP,1501429620672,"E"
264507,78,49,0,0,UP,1501485886672,"N"
264507,76,38,0,0,DOWN,1501517742172,"L"
264507,76,38,0,0,UP,1501573906672,"L"
264507,65,30,0,0,DOWN,1501621964872,"A"
264507,65,30,0,0,UP,1501661822672,"A"
264507,78,49,0,0,DOWN,1501717925472,"N"
264507,78,49,0,0,UP,1501789918972,"N"
264507,68,32,0,0,DOWN,1501822028872,"D"
264507,70,33,0,0,DOWN,1501917863072,"F"
264507,68,32,0,0,UP,1501933906572,"D"
264507,70,33,0,0,UP,1501997856972,"F"
264507,72,35,0,0,DOWN,1502021901272,"H"
264507,66,48,0,0,DOWN,1502125818072,"B"
264507,72,35,0,0,UP,1502133870472,"H"
264507,85,22,0,0,DOWN,1502221853772,"U"
264507,66,48,0,0,UP,1502245948172,"B"
264507,82,19,0,0,DOWN,1502325881872,"R"
264507,85,22,0,0,UP,1502333523772,"U"
264507,71,34,0,0,DOWN,1502421968472,"G"
264507,82,19,0,0,UP,1502437937472,"R"
264507,69,18,0,0,DOWN,1502525853072,"E"
264507,71,34,0,0,UP,1502533639572,"G"
264507,69,18,0,0,UP,1502622078372,"E"
264507,78,49,0,0,DOWN,1502622836672,"N"
264507,78,49,0,0,UP,1502686025472,"N"
264507,76,38,0,0,DOWN,1502717717072,"L"
264507,76,38,0,0,UP,1502781929172,"L"
264507,65,30,0,0,DOWN,1502821927872,"A"
264507,65,30,0,0,UP,1502869910072,"A"
264507,78,49,0,0,DOWN,1502917942672,"N"
264507,78,49,0,0,UP,1502990002872,"N"
264507,68,32,0,0,DOWN,1503021945072,"D"
264507,70,33,0,0,DOWN,1503117896472,"F"
264507,68,32,0,0,UP,1503125696172,"D"
264507,70,33,0,0,UP,1503198038872,"F"
264507,72,35,0,0,DOWN,1503221954772,"H"
264507,66,48,0,0,DOWN,1503317930872,"B"
264507,72,35,0,0,UP,1503333793872,"H"
264507,85,22,0,0,DOWN,1503421937672,"U"
264507,66,48,0,0,UP,1503445914072,"B"
264507,82,19,0,0,DOWN,1503517999472,"R"
264507,85,22,0,0,UP,1503533946572,"U"
264507,71,34,0,0,DOWN,1503621993372,"G"
264507,82,19,0,0,UP,1503638058772,"R"
264507,69,18,0,0,DOWN,1503717735372,"E"
264507,71,34,0,0,UP,1503733810272,"G"
264507,69,18,0,0,UP,1503821995672,"E"
264507,78,49,0,0,DOWN,1503822757972,"N"
264507,78,49,0,0,UP,1503885761972,"N"
264507,76,38,0,0,DOWN,1503925931972,"L"
264507,76,38,0,0,UP,1503973890472,"L"
264507,65,30,0,0,DOWN,1504013890272,"A"
264507,65,30,0,0,UP,1504069932572,"A"
264507,78,49,0,0,DOWN,1504125983672,"N"
264507,78,49,0,0,UP,1504181783072,"N"
264507,68,32,0,0,DOWN,1504221965272,"D"
264507,70,33,0,0,DOWN,1504317958172,"F"
264507,68,32,0,0,UP,1504333957472,"D"
264507,70,33,0,0,UP,1504397710172,"F"
264507,72,35,0,0,DOWN,1504421894272,"H"
264507,66,48,0,0,DOWN,1504517689172,"B"
264507,72,35,0,0,UP,1504525748072,"H"
264507,85,22,0,0,DOWN,1504621879772,"U"
264507,66,48,0,0,UP,1504645923872,"B"
264507,82,19,0,0,DOWN,1504717982472,"R"
264507,85,22,0,0,UP,1504725623472,"U"
264507,71,34,0,0,DOWN,1504821914872,"G"
264507,82,19,0,0,UP,1504837662872,"R"
264507,69,18,0,0,DOWN,1504917900272,"E"
264507,71,34,0,0,UP,1504925617772,"G"
264507,69,18,0,0,UP,1505021933672,"E"
264507,78,49,0,0,DOWN,1505022967072,"N"
264507,78,49,0,0,UP,1505085858472,"N"
264507,76,38,0,0,DOWN,1505117977072,"L"
264507,76,38,0,0,UP,1505181681772,"L"
264507,65,30,0,0,DOWN,1505221973972,"A"
264507,65,30,0,0,UP,1505261865872,"A"
264507,78,49,0,0,DOWN,1505317992072,"N"
264507,78,49,0,0,UP,1505389952072,"N"
264507,68,32,0,0,DOWN,1505421909272,"D"
264507,70,33,0,0,DOWN,1505517971972,"F"
264507,68,32,0,0,UP,1505533962372,"D"
264507,70,33,0,0,UP,1505598090672,"F"
264507,72,35,0,0,DOWN,1505622102272,"H"
264507,66,48,0,0,DOWN,1505725998872,"B"
264507,72,35,0,0,UP,1505733892772,"H"
264507,85,22,0,0,DOWN,1505821872272,"U"
264507,66,48,0,0,UP,1505846059272,"B"
264507,82,19,0,0,DOWN,1505925918872,"R"
264507,85,22,0,0,UP,1505933695872,"U"
264507,71,34,0,0,DOWN,1506021937072,"G"
264507,82,19,0,0,UP,1506038020172,"R"
264507,69,18,0,0,DOWN,1506125970472,"E"
264507,71,34,0,0,UP,1506141715572,"G"
264507,78,49,0,0,DOWN,1506221972472,"N"
264507,69,18,0,0,UP,1506229806372,"E"
264507,78,49,0,0,UP,1506285997772,"N"
264507,76,38,0,0,DOWN,1506317952372,"L"
264507,76,38,0,0,UP,1506382096272,"L"
264507,65,30,0,0,DOWN,1506421944472,"A"
264507,65,30,0,0,UP,1506469908572,"A"
264507,78,49,0,0,DOWN,1506517664172,"N"
264507,78,49,0,0,UP,1506589977572,"N"
264507,68,32,0,0,DOWN,1506621994072,"D"
264507,70,33,0,0,DOWN,1506717917672,"F"
264507,68,32,0,0,UP,1506725771372,"D"
264507,70,33,0,0,UP,1506797922772,"F"
264507,72,35,0,0,DOWN,1506821968172,"H"
264507,66,48,0,0,DOWN,1506917849572,"B"
264507,72,35,0,0,UP,1506934021672,"H"
264507,85,22,0,0,DOWN,1507021957472,"U"
264507,66,48,0,0,UP,1507037903472,"B"
264507,82,19,0,0,DOWN,1507117843372,"R"
264507,85,22,0,0,UP,1507133954572,"U"
264507,71,34,0,0,DOWN,1507221953572,"G"
264507,82,19,0,0,UP,1507237645472,"R"
264507,69,18,0,0,DOWN,1507317920772,"E"
264507,71,34,0,0,UP,1507333979872,"G"
264507,78,49,0,0,DOWN,1507421978872,"N"
264507,69,18,0,0,UP,1507429560272,"E"
264507,78,49,0,0,UP,1507478075972,"N"
264507,76,38,0,0,DOWN,1507517931172,"L"
264507,76,38,0,0,UP,1507581865472,"L"
264507,65,30,0,0,DOWN,1507614105672,"A"
264507,65,30,0,0,UP,1507669672172,"A"
264507,78,49,0,0,DOWN,1507725975272,"N"
264507,78,49,0,0,UP,1507781841872,"N"
264507,68,32,0,0,DOWN,1507821998772,"D"
264507,70,33,0,0,DOWN,1507917980072,"F"
264507,68,32,0,0,UP,1507933888572,"D"
264507,70,33,0,0,UP,1507997746572,"F"
264507,72,35,0,0,DOWN,1508021921772,"H"
264507,66,48,0,0,DOWN,1508117879772,"B"
264507,72,35,0,0,UP,1508125636772,"H"
264507,85,22,0,0,DOWN,1508222022072,"U"
264507,66,48,0,0,UP,1508246023072,"B"
264507,82,19,0,0,DOWN,1508317621572,"R"
264507,85,22,0,0,UP,1508325852372,"U"
264507,71,34,0,0,DOWN,1508422005672,"G"
264507,82,19,0,0,UP,1508437972672,"R"
264507,69,18,0,0,DOWN,1508517723372,"E"
264507,71,34,0,0,UP,1508525703672,"G"
264507,78,49,0,0,DOWN,1508622145272,"N"
264507,69,18,0,0,UP,1508629536672,"E"
264507,78,49,0,0,UP,1508685777672,"N"
264507,76,38,0,0,DOWN,1508717728972,"L"
264507,76,38,0,0,UP,1508781997672,"L"
264507,65,30,0,0,DOWN,1508821943972,"A"
264507,65,30,0,0,UP,1508862026572,"A"
264507,78,49,0,0,DOWN,1508917808472,"N"
264507,78,49,0,0,UP,1508981958072,"N"
264507,68,32,0,0,DOWN,1509022017172,"D"
264507,70,33,0,0,DOWN,1509117703572,"F"
264507,68,32,0,0,UP,1509134052472,"D"
264507,70,33,0,0,UP,1509197969472,"F"
264507,72,35,0,0,DOWN,1509221821172,"H"
264507,66,48,0,0,DOWN,1509317693972,"B"
264507,72,35,0,0,UP,1509325678872,"H"
264507,85,22,0,0,DOWN,1509422023972,"U"
264507,66,48,0,0,UP,1509445971572,"B"
264507,82,19,0,0,DOWN,1509525749872,"R"
264507,85,22,0,0,UP,1509533679372,"U"
264507,71,34,0,0,DOWN,1509621973572,"G"
264507,82,19,0,0,UP,1509645956972,"R"
264507,69,18,0,0,DOWN,1509726232872,"E"
264507,71,34,0,0,UP,1509733733072,"G"
264507,78,49,0,0,DOWN,1509822059072,"N"
264507,69,18,0,0,UP,1509829923572,"E"
264507,78,49,0,0,UP,1509885811872,"N"
264507,76,38,0,0,DOWN,1509918004572,"L"
264507,76,38,0,0,UP,1509981871672,"L"
264507,65,30,0,0,DOWN,1510021943272,"A"
264507,65,30,0,0,UP,1510070064772,"A"
264507,78,49,0,0,DOWN,1510118057472,"N"
264507,78,49,0,0,UP,1510189996472,"N"
264507,68,32,0,0,DOWN,1510222038472,"D"
264507,70,33,0,0,DOWN,1510318081672,"F"
264507,68,32,0,0,UP,1510325794872,"D"
264507,70,33,0,0,UP,1510397794372,"F"
264507,72,35,0,0,DOWN,1510421960872,"H"
264507,66,48,0,0,DOWN,1510517647772,"B"
264507,72,35,0,0,UP,1510533938772,"H"
264507,85,22,0,0,DOWN,1510622053672,"U"
264507,66,48,0,0,UP,1510646012372,"B"
264507,82,19,0,0,DOWN,1510718086172,"R"
264507,85,22,0,0,UP,1510733998072,"U"
264507,71,34,0,0,DOWN,1510821986872,"G"
264507,82,19,0,0,UP,1510838090572,"R"
264507,69,18,0,0,DOWN,1510917967272,"E"
264507,71,34,0,0,UP,1510925964572,"G"
264507,69,18,0,0,UP,1511022002772,"E"
264507,78,49,0,0,DOWN,1511022746872,"N"
264507,78,49,0,0,UP,1511077901272,"N"
264507,76,38,0,0,DOWN,1511118008372,"L"
264507,76,38,0,0,UP,1511182041572,"L"
264507,65,30,0,0,DOWN,1511213907372,"A"
264507,65,30,0,0,UP,1511269663072,"A"
264507,78,49,0,0,DOWN,1511326006872,"N"
264507,78,49,0,0,UP,1511381936972,"N"
264507,68,32,0,0,DOWN,1511421818972,"D"
264507,70,33,0,0,DOWN,1511517807172,"F"
264507,68,32,0,0,UP,1511533942672,"D"
264507,70,33,0,0,UP,1511597951972,"F"
264507,72,35,0,0,DOWN,1511622005972,"H"
264507,66,48,0,0,DOWN,1511718048872,"B"
264507,72,35,0,0,UP,1511725582172,"H"
264507,85,22,0,0,DOWN,1511822076072,"U"
264507,66,48,0,0,UP,1511837884972,"B"
264507,82,19,0,0,DOWN,1511917943072,"R"
264507,85,22,0,0,UP,1511925731472,"U"
264507,71,34,0,0,DOWN,1512022049972,"G"
264507,82,19,0,0,UP,1512037874572,"R"
264507,69,18,0,0,DOWN,1512118002272,"E"
264507,71,34,0,0,UP,1512125760272,"G"
264507,78,49,0,0,DOWN,1512222044172,"N"
264507,69,18,0,0,UP,1512229690472,"E"
264507,78,49,0,0,UP,1512286059372,"N"
264507,76,38,0,0,DOWN,1512317989072,"L"
264507,76,38,0,0,UP,1512381999672,"L"
264507,65,30,0,0,DOWN,1512422036572,"A"
264507,65,30,0,0,UP,1512462167772,"A"
264507,78,49,0,0,DOWN,1512518048372,"N"
264507,78,49,0,0,UP,1512581766972,"N"
264507,68,32,0,0,DOWN,1512621929372,"D"
264507,70,33,0,0,DOWN,1512718245372,"F"
264507,68,32,0,0,UP,1512734089372,"D"
264507,70,33,0,0,UP,1512798095572,"F"
264507,72,35,0,0,DOWN,1512821996772,"H"
264507,66,48,0,0,DOWN,1512918022572,"B"
264507,72,35,0,0,UP,1512925708172,"H"
264507,85,22,0,0,DOWN,1513021992072,"U"
264507,66,48,0,0,UP,1513038016472,"B"
264507,82,19,0,0,DOWN,1513126182072,"R"
264507,85,22,0,0,UP,1513133550872,"U"
264507,71,34,0,0,DOWN,1513222048072,"G"
264507,82,19,0,0,UP,1513237949572,"R"
264507,69,18,0,0,DOWN,1513326008072,"E"
264507,71,34,0,0,UP,1513333686072,"G"
264507,78,49,0,0,DOWN,1513421997672,"N"
264507,69,18,0,0,UP,1513429556672,"E"
264507,78,49,0,0,UP,1513485715972,"N"
264507,76,38,0,0,DOWN,1513517871272,"L"
264507,76,38,0,0,UP,1513581961472,"L"
264507,65,30,0,0,DOWN,1513622083072,"A"
264507,65,30,0,0,UP,1513670059672,"A"
264507,78,49,0,0,DOWN,1513717958072,"N"
264507,78,49,0,0,UP,1513789973372,"N"
264507,68,32,0,0,DOWN,1513821794372,"D"
264507,70,33,0,0,DOWN,1513918016672,"F"
264507,68,32,0,0,UP,1513934006272,"D"
264507,70,33,0,0,UP,1513997967872,"F"
264507,72,35,0,0,DOWN,1514021858372,"H"
264507,66,48,0,0,DOWN,1514117980772,"B"
264507,72,35,0,0,UP,1514125688172,"H"
264507,85,22,0,0,DOWN,1514221793772,"U"
264507,66,48,0,0,UP,1514245980772,"B"
264507,82,19,0,0,DOWN,1514318040872,"R"
264507,85,22,0,0,UP,1514334051472,"U"
264507,71,34,0,0,DOWN,1514421699872,"G"
264507,82,19,0,0,UP,1514437923572,"R"
264507,69,18,0,0,DOWN,1514518004972,"E"
264507,71,34,0,0,UP,1514534079772,"G"
264507,78,49,0,0,DOWN,1514621691472,"N"
264507,69,18,0,0,UP,1514629607672,"E"
264507,78,49,0,0,UP,1514686066472,"N"
264507,76,38,0,0,DOWN,1514717974672,"L"
264507,76,38,0,0,UP,1514773991572,"L"
264507,65,30,0,0,DOWN,1514821802972,"A"
264507,65,30,0,0,UP,1514869971972,"A"
264507,78,49,0,0,DOWN,1514926063972,"N"
264507,78,49,0,0,UP,1514989998672,"N"
264507,68,32,0,0,DOWN,1515021756172,"D"
264507,70,33,0,0,DOWN,1515126008072,"F"
264507,68,32,0,0,UP,1515133588372,"D"
264507,70,33,0,0,UP,1515190138772,"F"
264507,72,35,0,0,DOWN,1515214042872,"H"
264507,66,48,0,0,DOWN,1515318053372,"B"
264507,72,35,0,0,UP,1515325715672,"H"
264507,85,22,0,0,DOWN,1515421911472,"U"
264507,66,48,0,0,UP,1515445959472,"B"
264507,82,19,0,0,DOWN,1515517825272,"R"
264507,85,22,0,0,UP,1515525717472,"U"
264507,71,34,0,0,DOWN,1515622054372,"G"
264507,82,19,0,0,UP,1515638119072,"R"
264507,69,18,0,0,DOWN,1515726113972,"E"
264507,71,34,0,0,UP,1515733760672,"G"
264507,69,18,0,0,UP,1515822138572,"E"
264507,78,49,0,0,DOWN,1515823240472,"N"
264507,78,49,0,0,UP,1515886102672,"N"
264507,76,38,0,0,DOWN,1515918098672,"L"
264507,76,38,0,0,UP,1515981779772,"L"
264507,65,30,0,0,DOWN,1516022101372,"A"
264507,65,30,0,0,UP,1516062173972,"A"
264507,78,49,0,0,DOWN,1516118093172,"N"
264507,78,49,0,0,UP,1516189911772,"N"
264507,68,32,0,0,DOWN,1516222121672,"D"
264507,70,33,0,0,DOWN,1516318070372,"F"
264507,68,32,0,0,UP,1516334000372,"D"
264507,70,33,0,0,UP,1516398048072,"F"
264507,72,35,0,0,DOWN,1516422141372,"H"
264507,66,48,0,0,DOWN,1516518074272,"B"
264507,72,35,0,0,UP,1516534084172,"H"
264507,85,22,0,0,DOWN,1516621974372,"U"
264507,66,48,0,0,UP,1516645987272,"B"
264507,82,19,0,0,DOWN,1516717953172,"R"
264507,85,22,0,0,UP,1516734135072,"U"
264507,71,34,0,0,DOWN,1516822038972,"G"
264507,82,19,0,0,UP,1516846083572,"R"
264507,69,18,0,0,DOWN,1516926055972,"E"
264507,71,34,0,0,UP,1516933592172,"G"
264507,69,18,0,0,UP,1517022261972,"E"
264507,78,49,0,0,DOWN,1517023101972,"N"
264507,78,49,0,0,UP,1517086010172,"N"
264507,76,38,0,0,DOWN,1517118095072,"L"
264507,76,38,0,0,UP,1517182009172,"L"
264507,65,30,0,0,DOWN,1517222219172,"A"
264507,65,30,0,0,UP,1517270053572,"A"
264507,78,49,0,0,DOWN,1517317974672,"N"
264507,78,49,0,0,UP,1517381900572,"N"
264507,68,32,0,0,DOWN,1517422070972,"D"
264507,70,33,0,0,DOWN,1517518041872,"F"
264507,68,32,0,0,UP,1517534090872,"D"
264507,70,33,0,0,UP,1517597794372,"F"
264507,72,35,0,0,DOWN,1517622086172,"H"
264507,66,48,0,0,DOWN,1517718097372,"B"
264507,72,35,0,0,UP,1517725611472,"H"
264507,85,22,0,0,DOWN,1517821985472,"U"
264507,66,48,0,0,UP,1517845973872,"B"
264507,82,19,0,0,DOWN,1517918100972,"R"
264507,85,22,0,0,UP,1517934120472,"U"
264507,71,34,0,0,DOWN,1518022065972,"G"
264507,82,19,0,0,UP,1518037871672,"R"
264507,69,18,0,0,DOWN,1518118023272,"E"
264507,71,34,0,0,UP,1518134029772,"G"
264507,69,18,0,0,UP,1518222009972,"E"
264507,78,49,0,0,DOWN,1518222732972,"N"
264507,78,49,0,0,UP,1518286035672,"N"
264507,76,38,0,0,DOWN,1518318041872,"L"
264507,76,38,0,0,UP,1518374107872,"L"
264507,65,30,0,0,DOWN,1518422032072,"A"
264507,65,30,0,0,UP,1518470073272,"A"
264507,78,49,0,0,DOWN,1518518078172,"N"
264507,78,49,0,0,UP,1518589980472,"N"
264507,68,32,0,0,DOWN,1518622077272,"D"
264507,70,33,0,0,DOWN,1518725998972,"F"
264507,68,32,0,0,UP,1518733605972,"D"
264507,70,33,0,0,UP,1518790075372,"F"
264507,72,35,0,0,DOWN,1518822216172,"H"
264507,66,48,0,0,DOWN,1518926051572,"B"
264507,72,35,0,0,UP,1518933580072,"H"
264507,85,22,0,0,DOWN,1519022085072,"U"
264507,66,48,0,0,UP,1519045882772,"B"
264507,82,19,0,0,DOWN,1519118041472,"R"
264507,85,22,0,0,UP,1519126015972,"U"
264507,71,34,0,0,DOWN,1519222242772,"G"
264507,82,19,0,0,UP,1519238040472,"R"
264507,69,18,0,0,DOWN,1519326010472,"E"
264507,71,34,0,0,UP,1519333689872,"G"
264507,69,18,0,0,UP,1519414268472,"E"
264507,78,49,0,0,DOWN,1519422039272,"N"
264507,78,49,0,0,UP,1519486192572,"N"
264507,76,38,0,0,DOWN,1519518189472,"L"
264507,76,38,0,0,UP,1519582101472,"L"
264507,65,30,0,0,DOWN,1519622036872,"A"
264507,65,30,0,0,UP,1519661986672,"A"
264507,78,49,0,0,DOWN,1519718025772,"N"
264507,78,49,0,0,UP,1519782166272,"N"
264507,68,32,0,0,DOWN,1519822139172,"D"
264507,70,33,0,0,DOWN,1519917975072,"F"
264507,68,32,0,0,UP,1519933987472,"D"
264507,70,33,0,0,UP,1519989986772,"F"
264507,72,35,0,0,DOWN,1520022152972,"H"
264507,66,48,0,0,DOWN,1520118053172,"B"
264507,72,35,0,0,UP,1520134007972,"H"
264507,85,22,0,0,DOWN,1520222079272,"U"
264507,66,48,0,0,UP,1520245954272,"B"
264507,82,19,0,0,DOWN,1520317999772,"R"
264507,85,22,0,0,UP,1520334018972,"U"
264507,71,34,0,0,DOWN,1520422091872,"G"
264507,82,19,0,0,UP,1520438040172,"R"
264507,69,18,0,0,DOWN,1520525829072,"E"
264507,71,34,0,0,UP,1520533643372,"G"
264507,69,18,0,0,UP,1520622071372,"E"
264507,78,49,0,0,DOWN,1520622810372,"N"
264507,78,49,0,0,UP,1520686073772,"N"
264507,76,38,0,0,DOWN,1520718050872,"L"
264507,76,38,0,0,UP,1520782025072,"L"
264507,65,30,0,0,DOWN,1520822064972,"A"
264507,65,30,0,0,UP,1520870094172,"A"
264507,78,49,0,0,DOWN,1520918039972,"N"
264507,78,49,0,0,UP,1520982023872,"N"
264507,68,32,0,0,DOWN,1521022074972,"D"
264507,70,33,0,0,DOWN,1521118236872,"F"
264507,68,32,0,0,UP,1521134078672,"D"
264507,70,33,0,0,UP,1521198062772,"F"
264507,72,35,0,0,DOWN,1521222138272,"H"
264507,66,48,0,0,DOWN,1521318065272,"B"
264507,72,35,0,0,UP,1521325627372,"H"
264507,85,22,0,0,DOWN,1521422075572,"U"
264507,66,48,0,0,UP,1521446084672,"B"
264507,82,19,0,0,DOWN,1521518149972,"R"
264507,85,22,0,0,UP,1521534042272,"U"
264507,71,34,0,0,DOWN,1521622078272,"G"
264507,82,19,0,0,UP,1521638093472,"R"
264507,69,18,0,0,DOWN,1521717960472,"E"
264507,71,34,0,0,UP,1521734187072,"G"
264507,78,49,0,0,DOWN,1521822085672,"N"
264507,69,18,0,0,UP,1521829743372,"E"
264507,78,49,0,0,UP,1521885974672,"N"
264507,76,38,0,0,DOWN,1521918045472,"L"
264507,76,38,0,0,UP,1521982061072,"L"
264507,65,30,0,0,DOWN,1522022051572,"A"
264507,65,30,0,0,UP,1522070066072,"A"
264507,78,49,0,0,DOWN,1522117807472,"N"
264507,78,49,0,0,UP,1522190191472,"N"
264507,68,32,0,0,DOWN,1522222479272,"D"
264507,70,33,0,0,DOWN,1522326162772,"F"
264507,68,32,0,0,UP,1522333649772,"D"
264507,70,33,0,0,UP,1522398101572,"F"
264507,72,35,0,0,DOWN,1522422104472,"H"
264507,66,48,0,0,DOWN,1522526036672,"B"
264507,72,35,0,0,UP,1522533690272,"H"
264507,85,22,0,0,DOWN,1522622088572,"U"
264507,66,48,0,0,UP,1522646148572,"B"
264507,82,19,0,0,DOWN,1522718033472,"R"
264507,85,22,0,0,UP,1522725841372,"U"
264507,71,34,0,0,DOWN,1522821933872,"G"
264507,82,19,0,0,UP,1522838201772,"R"
264507,69,18,0,0,DOWN,1522925757772,"E"
264507,71,34,0,0,UP,1522933688572,"G"
264507,69,18,0,0,UP,1523021763472,"E"
264507,78,49,0,0,DOWN,1523022472672,"N"
264507,78,49,0,0,UP,1523086035072,"N"
264507,76,38,0,0,DOWN,1523118138672,"L"
264507,76,38,0,0,UP,1523182010072,"L"
264507,65,30,0,0,DOWN,1523222093272,"A"
264507,65,30,0,0,UP,1523261874272,"A"
264507,78,49,0,0,DOWN,1523317923672,"N"
264507,78,49,0,0,UP,1523390056972,"N"
264507,68,32,0,0,DOWN,1523422015572,"D"
264507,70,33,0,0,DOWN,1523518164272,"F"
264507,68,32,0,0,UP,1523533834072,"D"
264507,70,33,0,0,UP,1523598039672,"F"
264507,72,35,0,0,DOWN,1523622063972,"H"
264507,66,48,0,0,DOWN,1523718030372,"B"
264507,72,35,0,0,UP,1523734142372,"H"
264507,85,22,0,0,DOWN,1523822221972,"U"
264507,66,48,0,0,UP,1523846068472,"B"
264507,82,19,0,0,DOWN,1523918102472,"R"
264507,85,22,0,0,UP,1523934054772,"U"
264507,71,34,0,0,DOWN,1524022295572,"G"
264507,82,19,0,0,UP,1524046072772,"R"
264507,69,18,0,0,DOWN,1524126097372,"E"
264507,71,34,0,0,UP,1524133642072,"G"
264507,78,49,0,0,DOWN,1524222108072,"N"
264507,69,18,0,0,UP,1524229666372,"E"
264507,78,49,0,0,UP,1524286094872,"N"
264507,76,38,0,0,DOWN,1524318160972,"L"
264507,76,38,0,0,UP,1524382110672,"L"
264507,65,30,0,0,DOWN,1524422109272,"A"
264507,65,30,0,0,UP,1524470238872,"A"
264507,78,49,0,0,DOWN,1524518159672,"N"
264507,78,49,0,0,UP,1524590026172,"N"
264507,68,32,0,0,DOWN,1524622095672,"D"
264507,70,33,0,0,DOWN,1524718077772,"F"
264507,68,32,0,0,UP,1524734229572,"D"
264507,70,33,0,0,UP,1524798118172,"F"
264507,72,35,0,0,DOWN,1524822051172,"H"
264507,66,48,0,0,DOWN,1524918138972,"B"
264507,72,35,0,0,UP,1524925794872,"H"
264507,85,22,0,0,DOWN,1525022172372,"U"
264507,66,48,0,0,UP,1525045988372,"B"
264507,82,19,0,0,DOWN,1525118129172,"R"
264507,85,22,0,0,UP,1525134079172,"U"
264507,71,34,0,0,DOWN,1525222224272,"G"
264507,82,19,0,0,UP,1525238068472,"R"
264507,69,18,0,0,DOWN,1525318089172,"E"
264507,71,34,0,0,UP,1525334042072,"G"
264507,69,18,0,0,UP,1525422097772,"E"
264507,78,49,0,0,DOWN,1525423048372,"N"
264507,78,49,0,0,UP,1525486177372,"N"
264507,76,38,0,0,DOWN,1525518053472,"L"
264507,76,38,0,0,UP,1525574070072,"L"
264507,65,30,0,0,DOWN,1525622237272,"A"
264507,65,30,0,0,UP,1525669790972,"A"
264507,78,49,0,0,DOWN,1525717773872,"N"
264507,78,49,0,0,UP,1525790164672,"N"
264507,68,32,0,0,DOWN,1525822124172,"D"
264507,70,33,0,0,DOWN,1525926071972,"F"
264507,68,32,0,0,UP,1525933963372,"D"
264507,70,33,0,0,UP,1525998138772,"F"
264507,72,35,0,0,DOWN,1526022133372,"H"
264507,66,48,0,0,DOWN,1526126126972,"B"
264507,72,35,0,0,UP,1526133853772,"H"
264507,85,22,0,0,DOWN,1526222069872,"U"
264507,66,48,0,0,UP,1526246204072,"B"
264507,82,19,0,0,DOWN,1526318105972,"R"
264507,85,22,0,0,UP,1526325746372,"U"
264507,71,34,0,0,DOWN,1526422091772,"G"
264507,82,19,0,0,UP,1526438124272,"R"
264507,69,18,0,0,DOWN,1526526125572,"E"
264507,71,34,0,0,UP,1526533924972,"G"
264507,78,49,0,0,DOWN,1526622104772,"N"
264507,69,18,0,0,UP,1526638415472,"E"
264507,78,49,0,0,UP,1526686096072,"N"
264507,76,38,0,0,DOWN,1526718282272,"L"
264507,76,38,0,0,UP,1526782099572,"L"
264507,65,30,0,0,DOWN,1526822069372,"A"
264507,65,30,0,0,UP,1526862065772,"A"
264507,78,49,0,0,DOWN,1526918153172,"N"
264507,78,49,0,0,UP,1526990156272,"N"
264507,68,32,0,0,DOWN,1527022106972,"D"
264507,70,33,0,0,DOWN,1527118083772,"F"
264507,68,32,0,0,UP,1527134032872,"D"
264507,70,33,0,0,UP,1527198075572,"F"
264507,72,35,0,0,DOWN,1527222103872,"H"
264507,66,48,0,0,DOWN,1527318091772,"B"
264507,72,35,0,0,UP,1527334065772,"H"
264507,85,22,0,0,DOWN,1527421788672,"U"
264507,66,48,0,0,UP,1527445803372,"B"
264507,82,19,0,0,DOWN,1527517784172,"R"
264507,85,22,0,0,UP,1527534291472,"U"
264507,71,34,0,0,DOWN,1527621857672,"G"
264507,82,19,0,0,UP,1527638037572,"R"
264507,69,18,0,0,DOWN,1527726130872,"E"
264507,71,34,0,0,UP,1527733875072,"G"
264507,69,18,0,0,UP,1527822353172,"E"
264507,78,49,0,0,DOWN,1527822887272,"N"
264507,78,49,0,0,UP,1527886227472,"N"
264507,76,38,0,0,DOWN,1527918088772,"L"
264507,76,38,0,0,UP,1527982121972,"L"
264507,65,30,0,0,DOWN,1528014009472,"A"
264507,65,30,0,0,UP,1528070124772,"A"
264507,78,49,0,0,DOWN,1528118292272,"N"
264507,78,49,0,0,UP,1528182249372,"N"
264507,68,32,0,0,DOWN,1528222133672,"D"
264507,70,33,0,0,DOWN,1528318113772,"F"
264507,68,32,0,0,UP,1528334155972,"D"
264507,70,33,0,0,UP,1528390273772,"F"
264507,72,35,0,0,DOWN,1528421943372,"H"
264507,66,48,0,0,DOWN,1528518241872,"B"
264507,72,35,0,0,UP,1528525788072,"H"
264507,85,22,0,0,DOWN,1528622067572,"U"
264507,66,48,0,0,UP,1528638090172,"B"
264507,82,19,0,0,DOWN,1528718097272,"R"
264507,85,22,0,0,UP,1528725667572,"U"
264507,71,34,0,0,DOWN,1528822150872,"G"
264507,82,19,0,0,UP,1528838074072,"R"
264507,69,18,0,0,DOWN,1528918186372,"E"
264507,71,34,0,0,UP,1528934144272,"G"
264507,69,18,0,0,UP,1529022121872,"E"
264507,78,49,0,0,DOWN,1529022909372,"N"
264507,78,49,0,0,UP,1529086037572,"N"
264507,76,38,0,0,DOWN,1529118210372,"L"
264507,76,38,0,0,UP,1529174072272,"L"
264507,65,30,0,0,DOWN,1529222138772,"A"
264507,65,30,0,0,UP,1529270153672,"A"
264507,78,49,0,0,DOWN,1529318361572,"N"
264507,78,49,0,0,UP,1529390163572,"N"
264507,68,32,0,0,DOWN,1529422108072,"D"
264507,70,33,0,0,DOWN,1529525856272,"F"
264507,68,32,0,0,UP,1529534171272,"D"
264507,70,33,0,0,UP,1529598201372,"F"
264507,72,35,0,0,DOWN,1529621971272,"H"
264507,66,48,0,0,DOWN,1529726096272,"B"
264507,72,35,0,0,UP,1529733928972,"H"
264507,85,22,0,0,DOWN,1529822129272,"U"
264507,66,48,0,0,UP,1529846086272,"B"
264507,82,19,0,0,DOWN,1529926174172,"R"
264507,85,22,0,0,UP,1529933941872,"U"
264507,71,34,0,0,DOWN,1530022093572,"G"
264507,82,19,0,0,UP,1530038345272,"R"
264507,69,18,0,0,DOWN,1530126172672,"E"
264507,71,34,0,0,UP,1530134277372,"G"
264507,78,49,0,0,DOWN,1530222107272,"N"
264507,69,18,0,0,UP,1530229744772,"E"
264507,78,49,0,0,UP,1530286119872,"N"
264507,76,38,0,0,DOWN,1530318112372,"L"
264507,76,38,0,0,UP,1530382243972,"L"
264507,65,30,0,0,DOWN,1530421837772,"A"
264507,65,30,0,0,UP,1530470113172,"A"
264507,78,49,0,0,DOWN,1530518176772,"N"
264507,78,49,0,0,UP,1530590152972,"N"
264507,68,32,0,0,DOWN,1530622164372,"D"
264507,70,33,0,0,DOWN,1530718138472,"F"
264507,68,32,0,0,UP,1530734122072,"D"
264507,70,33,0,0,UP,1530798131672,"F"
264507,72,35,0,0,DOWN,1530822195872,"H"
264507,66,48,0,0,DOWN,1530918263672,"B"
264507,72,35,0,0,UP,1530925711172,"H"
264507,85,22,0,0,DOWN,1531022168472,"U"
264507,66,48,0,0,UP,1531038236972,"B"
264507,82,19,0,0,DOWN,1531118121472,"R"
264507,85,22,0,0,UP,1531133917472,"U"
264507,71,34,0,0,DOWN,1531222090072,"G"
264507,82,19,0,0,UP,1531237931972,"R"
264507,69,18,0,0,DOWN,1531318141072,"E"
264507,71,34,0,0,UP,1531334214672,"G"
264507,69,18,0,0,UP,1531422186772,"E"
264507,78,49,0,0,DOWN,1531423149072,"N"
264507,78,49,0,0,UP,1531486105472,"N"
264507,76,38,0,0,DOWN,1531526155472,"L"
264507,76,38,0,0,UP,1531574220272,"L"
264507,65,30,0,0,DOWN,1531614142972,"A"
264507,65,30,0,0,UP,1531669856472,"A"
264507,78,49,0,0,DOWN,1531726160372,"N"
264507,78,49,0,0,UP,1531790075872,"N"
264507,68,32,0,0,DOWN,1531822152872,"D"
264507,70,33,0,0,DOWN,1531918245372,"F"
264507,68,32,0,0,UP,1531933916472,"D"
264507,70,33,0,0,UP,1531997933872,"F"
264507,72,35,0,0,DOWN,1532022180872,"H"
264507,66,48,0,0,DOWN,1532118073472,"B"
264507,72,35,0,0,UP,1532125735472,"H"
264507,85,22,0,0,DOWN,1532222197572,"U"
264507,66,48,0,0,UP,1532246220772,"B"
264507,82,19,0,0,DOWN,1532318010872,"R"
264507,85,22,0,0,UP,1532325672372,"U"
264507,71,34,0,0,DOWN,1532422182472,"G"
264507,82,19,0,0,UP,1532438161472,"R"
264507,69,18,0,0,DOWN,1532517955172,"E"
264507,71,34,0,0,UP,1532533805972,"G"
264507,78,49,0,0,DOWN,1532622366372,"N"
264507,69,18,0,0,UP,1532629843172,"E"
264507,78,49,0,0,UP,1532686324372,"N"
264507,76,38,0,0,DOWN,1532717876372,"L"
264507,76,38,0,0,UP,1532782166072,"L"
264507,65,30,0,0,DOWN,1532822183172,"A"
264507,65,30,0,0,UP,1532862259672,"A"
264507,78,49,0,0,DOWN,1532917823172,"N"
264507,78,49,0,0,UP,1532990158372,"N"
264507,68,32,0,0,DOWN,1533022129372,"D"
264507,70,33,0,0,DOWN,1533117911572,"F"
264507,68,32,0,0,UP,1533134294972,"D"
264507,70,33,0,0,UP,1533198140772,"F"
264507,72,35,0,0,DOWN,1533222172672,"H"
264507,66,48,0,0,DOWN,1533326138172,"B"
264507,72,35,0,0,UP,1533333800872,"H"
264507,85,22,0,0,DOWN,1533422320672,"U"
264507,66,48,0,0,UP,1533446158372,"B"
264507,82,19,0,0,DOWN,1533526148972,"R"
264507,85,22,0,0,UP,1533534082372,"U"
264507,71,34,0,0,DOWN,1533622505172,"G"
264507,82,19,0,0,UP,1533638276072,"R"
264507,69,18,0,0,DOWN,1533726124372,"E"
264507,71,34,0,0,UP,1533733677872,"G"
264507,69,18,0,0,UP,1533822167172,"E"
264507,78,49,0,0,DOWN,1533822997572,"N"
264507,78,49,0,0,UP,1533886030172,"N"
264507,76,38,0,0,DOWN,1533918151672,"L"
264507,76,38,0,0,UP,1533982265772,"L"
264507,65,30,0,0,DOWN,1534022291572,"A"
264507,65,30,0,0,UP,1534070063772,"A"
264507,78,49,0,0,DOWN,1534118256972,"N"
264507,78,49,0,0,UP,1534190083072,"N"
264507,68,32,0,0,DOWN,1534222315772,"D"
264507,70,33,0,0,DOWN,1534318309572,"F"
264507,68,32,0,0,UP,1534334354672,"D"
264507,70,33,0,0,UP,1534398342172,"F"
264507,72,35,0,0,DOWN,1534422162472,"H"
264507,66,48,0,0,DOWN,1534518300672,"B"
264507,72,35,0,0,UP,1534525840072,"H"
264507,85,22,0,0,DOWN,1534622239672,"U"
264507,66,48,0,0,UP,1534646161672,"B"
264507,82,19,0,0,DOWN,1534718177872,"R"
264507,85,22,0,0,UP,1534734158072,"U"
264507,71,34,0,0,DOWN,1534822215572,"G"
264507,82,19,0,0,UP,1534838073172,"R"
264507,69,18,0,0,DOWN,1534917866972,"E"
264507,71,34,0,0,UP,1534925744772,"G"
264507,69,18,0,0,UP,1535022206272,"E"
264507,78,49,0,0,DOWN,1535022981472,"N"
264507,78,49,0,0,UP,1535086075972,"N"
264507,76,38,0,0,DOWN,1535118202572,"L"
264507,76,38,0,0,UP,1535174261772,"L"
264507,65,30,0,0,DOWN,1535222207772,"A"
264507,65,30,0,0,UP,1535262034972,"A"
264507,78,49,0,0,DOWN,1535325994572,"N"
264507,78,49,0,0,UP,1535382158072,"N"
264507,68,32,0,0,DOWN,1535422219172,"D"
264507,70,33,0,0,DOWN,1535526193172,"F"
264507,68,32,0,0,UP,1535533803072,"D"
264507,70,33,0,0,UP,1535590106872,"F"
264507,72,35,0,0,DOWN,1535622255672,"H"
264507,66,48,0,0,DOWN,1535718185972,"B"
264507,72,35,0,0,UP,1535725950272,"H"
264507,85,22,0,0,DOWN,1535822106072,"U"
264507,66,48,0,0,UP,1535846213072,"B"
264507,82,19,0,0,DOWN,1535918328972,"R"
264507,85,22,0,0,UP,1535925977072,"U"
264507,71,34,0,0,DOWN,1536022304272,"G"
264507,82,19,0,0,UP,1536038047472,"R"
264507,69,18,0,0,DOWN,1536126249072,"E"
264507,71,34,0,0,UP,1536134031472,"G"
264507,78,49,0,0,DOWN,1536222159672,"N"
264507,69,18,0,0,UP,1536229884472,"E"
264507,78,49,0,0,UP,1536286221672,"N"
264507,76,38,0,0,DOWN,1536318350972,"L"
264507,76,38,0,0,UP,1536382123572,"L"
264507,65,30,0,0,DOWN,1536422287272,"A"
264507,65,30,0,0,UP,1536462194272,"A"
264507,78,49,0,0,DOWN,1536518229972,"N"
264507,78,49,0,0,UP,1536590152672,"N"
264507,68,32,0,0,DOWN,1536622177672,"D"
264507,70,33,0,0,DOWN,1536718187972,"F"
264507,68,32,0,0,UP,1536734146072,"D"
264507,70,33,0,0,UP,1536798287372,"F"
264507,72,35,0,0,DOWN,1536822268572,"H"
264507,66,48,0,0,DOWN,1536918276772,"B"
264507,72,35,0,0,UP,1536934316472,"H"
264507,85,22,0,0,DOWN,1537022199872,"U"
264507,66,48,0,0,UP,1537046216572,"B"
264507,82,19,0,0,DOWN,1537126154472,"R"
264507,85,22,0,0,UP,1537133779872,"U"
264507,71,34,0,0,DOWN,1537222148672,"G"
264507,82,19,0,0,UP,1537246071972,"R"
264507,69,18,0,0,DOWN,1537325994872,"E"
264507,71,34,0,0,UP,1537333780672,"G"
264507,69,18,0,0,UP,1537422169672,"E"
264507,78,49,0,0,DOWN,1537423160872,"N"
264507,78,49,0,0,UP,1537486245472,"N"
264507,76,38,0,0,DOWN,1537517896672,"L"
264507,76,38,0,0,UP,1537582120372,"L"
264507,65,30,0,0,DOWN,1537622269372,"A"
264507,65,30,0,0,UP,1537670318972,"A"
264507,78,49,0,0,DOWN,1537718241472,"N"
264507,78,49,0,0,UP,1537790124672,"N"
264507,68,32,0,0,DOWN,1537821913972,"D"
264507,70,33,0,0,DOWN,1537917878072,"F"
264507,68,32,0,0,UP,1537934131272,"D"
264507,70,33,0,0,UP,1537998157972,"F"
264507,72,35,0,0,DOWN,1538021940972,"H"
264507,66,48,0,0,DOWN,1538118225272,"B"
264507,72,35,0,0,UP,1538126249072,"H"
264507,85,22,0,0,DOWN,1538221954472,"U"
264507,66,48,0,0,UP,1538246170172,"B"
264507,82,19,0,0,DOWN,1538318161472,"R"
264507,85,22,0,0,UP,1538334198472,"U"
264507,71,34,0,0,DOWN,1538421974472,"G"
264507,82,19,0,0,UP,1538438433472,"R"
264507,69,18,0,0,DOWN,1538518135272,"E"
264507,71,34,0,0,UP,1538534126372,"G"
264507,78,49,0,0,DOWN,1538621927572,"N"
264507,69,18,0,0,UP,1538630166072,"E"
264507,78,49,0,0,UP,1538686200372,"N"
264507,76,38,0,0,DOWN,1538718181572,"L"
264507,76,38,0,0,UP,1538782535572,"L"
264507,65,30,0,0,DOWN,1538821962872,"A"
264507,65,30,0,0,UP,1538870002672,"A"
264507,78,49,0,0,DOWN,1538918200072,"N"
264507,78,49,0,0,UP,1538990234672,"N"
264507,68,32,0,0,DOWN,1539021998172,"D"
264507,70,33,0,0,DOWN,1539126203572,"F"
264507,68,32,0,0,UP,1539133836272,"D"
264507,70,33,0,0,UP,1539198231472,"F"
264507,72,35,0,0,DOWN,1539222153472,"H"
264507,66,48,0,0,DOWN,1539326218272,"B"
264507,72,35,0,0,UP,1539333757772,"H"
264507,85,22,0,0,DOWN,1539421929672,"U"
264507,66,48,0,0,UP,1539438303372,"B"
264507,82,19,0,0,DOWN,1539518019772,"R"
264507,85,22,0,0,UP,1539525803372,"U"
264507,71,34,0,0,DOWN,1539622085272,"G"
264507,82,19,0,0,UP,1539638293272,"R"
264507,69,18,0,0,DOWN,1539726202872,"E"
264507,71,34,0,0,UP,1539734004272,"G"
264507,78,49,0,0,DOWN,1539822171972,"N"
264507,69,18,0,0,UP,1539830037372,"E"
264507,78,49,0,0,UP,1539886188972,"N"
264507,76,38,0,0,DOWN,1539918213872,"L"
264507,76,38,0,0,UP,1539982187272,"L"
264507,65,30,0,0,DOWN,1540022037272,"A"
264507,65,30,0,0,UP,1540062358972,"A"
264507,78,49,0,0,DOWN,1540118198172,"N"
264507,78,49,0,0,UP,1540189948972,"N"
264507,68,32,0,0,DOWN,1540222311172,"D"
264507,70,33,0,0,DOWN,1540318301572,"F"
264507,68,32,0,0,UP,1540334400272,"D"
264507,70,33,0,0,UP,1540398144372,"F"
264507,72,35,0,0,DOWN,1540422259472,"H"
264507,66,48,0,0,DOWN,1540518256372,"B"
264507,72,35,0,0,UP,1540534402172,"H"
264507,85,22,0,0,DOWN,1540622238772,"U"
264507,66,48,0,0,UP,1540646377672,"B"
264507,82,19,0,0,DOWN,1540718240372,"R"
264507,85,22,0,0,UP,1540734143672,"U"
264507,71,34,0,0,DOWN,1540822274172,"G"
264507,82,19,0,0,UP,1540838154972,"R"
264507,69,18,0,0,DOWN,1540926354072,"E"
264507,71,34,0,0,UP,1540933991872,"G"
264507,69,18,0,0,UP,1541022342272,"E"
264507,78,49,0,0,DOWN,1541023035372,"N"
264507,78,49,0,0,UP,1541086288172,"N"
264507,76,38,0,0,DOWN,1541118180772,"L"
264507,76,38,0,0,UP,1541182156672,"L"
264507,65,30,0,0,DOWN,1541214167272,"A"
264507,65,30,0,0,UP,1541262154472,"A"
264507,78,49,0,0,DOWN,1541326093472,"N"
264507,78,49,0,0,UP,1541382163772,"N"
264507,68,32,0,0,DOWN,1541422279472,"D"
264507,70,33,0,0,DOWN,1541518296572,"F"
264507,68,32,0,0,UP,1541534219672,"D"
264507,70,33,0,0,UP,1541590139272,"F"
264507,72,35,0,0,DOWN,1541622232772,"H"
264507,66,48,0,0,DOWN,1541717970372,"B"
264507,72,35,0,0,UP,1541726283672,"H"
264507,85,22,0,0,DOWN,1541822255172,"U"
264507,66,48,0,0,UP,1541846275672,"B"
264507,82,19,0,0,DOWN,1541918269772,"R"
264507,85,22,0,0,UP,1541925789772,"U"
264507,71,34,0,0,DOWN,1542022138372,"G"
264507,82,19,0,0,UP,1542038279272,"R"
264507,69,18,0,0,DOWN,1542118238672,"E"
264507,71,34,0,0,UP,1542134278972,"G"
264507,69,18,0,0,UP,1542222124672,"E"
264507,78,49,0,0,DOWN,1542223137472,"N"
264507,78,49,0,0,UP,1542294278972,"N"
264507,76,38,0,0,DOWN,1542318030272,"L"
264507,76,38,0,0,UP,1542382153472,"L"
264507,65,30,0,0,DOWN,1542422470272,"A"
264507,65,30,0,0,UP,1542470292372,"A"
264507,78,49,0,0,DOWN,1542518294172,"N"
264507,78,49,0,0,UP,1542589895772,"N"
264507,68,32,0,0,DOWN,1542622235872,"D"
264507,70,33,0,0,DOWN,1542718314572,"F"
264507,68,32,0,0,UP,1542734264372,"D"
264507,70,33,0,0,UP,1542798247372,"F"
264507,72,35,0,0,DOWN,1542822256472,"H"
264507,66,48,0,0,DOWN,1542926189272,"B"
264507,72,35,0,0,UP,1542933832672,"H"
264507,85,22,0,0,DOWN,1543022225072,"U"
264507,66,48,0,0,UP,1543045991272,"B"
264507,82,19,0,0,DOWN,1543126210172,"R"
264507,85,22,0,0,UP,1543133928772,"U"
264507,71,34,0,0,DOWN,1543222268172,"G"
264507,82,19,0,0,UP,1543238216272,"R"
264507,69,18,0,0,DOWN,1543326212672,"E"
264507,71,34,0,0,UP,1543342250972,"G"
264507,78,49,0,0,DOWN,1543422276272,"N"
264507,69,18,0,0,UP,1543429866972,"E"
264507,78,49,0,0,UP,1543486182672,"N"
264507,76,38,0,0,DOWN,1543518282472,"L"
264507,76,38,0,0,UP,1543582238272,"L"
264507,65,30,0,0,DOWN,1543622239472,"A"
264507,65,30,0,0,UP,1543662186072,"A"
264507,78,49,0,0,DOWN,1543717955072,"N"
264507,78,49,0,0,UP,1543790242672,"N"
264507,68,32,0,0,DOWN,1543822298872,"D"
264507,70,33,0,0,DOWN,1543918380772,"F"
264507,68,32,0,0,UP,1543926073172,"D"
264507,70,33,0,0,UP,1543998326772,"F"
264507,72,35,0,0,DOWN,1544022270172,"H"
264507,66,48,0,0,DOWN,1544118279272,"B"
264507,72,35,0,0,UP,1544134209972,"H"
264507,85,22,0,0,DOWN,1544222260972,"U"
264507,66,48,0,0,UP,1544238300972,"B"
264507,82,19,0,0,DOWN,1544318298172,"R"
264507,85,22,0,0,UP,1544334220372,"U"
264507,71,34,0,0,DOWN,1544422242672,"G"
264507,82,19,0,0,UP,1544438444272,"R"
264507,69,18,0,0,DOWN,1544518392372,"E"
264507,71,34,0,0,UP,1544534222972,"G"
264507,69,18,0,0,UP,1544622250072,"E"
264507,78,49,0,0,DOWN,1544623057972,"N"
264507,78,49,0,0,UP,1544686131972,"N"
264507,76,38,0,0,DOWN,1544726053672,"L"
264507,76,38,0,0,UP,1544774268772,"L"
264507,65,30,0,0,DOWN,1544822241572,"A"
264507,65,30,0,0,UP,1544862374872,"A"
264507,78,49,0,0,DOWN,1544925997572,"N"
264507,78,49,0,0,UP,1544982224372,"N"
264507,68,32,0,0,DOWN,1545022293672,"D"
264507,70,33,0,0,DOWN,1545125998072,"F"
264507,68,32,0,0,UP,1545134081572,"D"
264507,70,33,0,0,UP,1545190172772,"F"
264507,72,35,0,0,DOWN,1545222259972,"H"
264507,66,48,0,0,DOWN,1545318031272,"B"
264507,72,35,0,0,UP,1545326402572,"H"
264507,85,22,0,0,DOWN,1545422261572,"U"
264507,66,48,0,0,UP,1545446306772,"B"
264507,82,19,0,0,DOWN,1545518324872,"R"
264507,85,22,0,0,UP,1545525882572,"U"
264507,71,34,0,0,DOWN,1545622226672,"G"
264507,82,19,0,0,UP,1545638416572,"R"
264507,69,18,0,0,DOWN,1545718208272,"E"
264507,71,34,0,0,UP,1545725864472,"G"
264507,78,49,0,0,DOWN,1545822286072,"N"
264507,69,18,0,0,UP,1545829864972,"E"
264507,78,49,0,0,UP,1545886200972,"N"
264507,76,38,0,0,DOWN,1545918333772,"L"
264507,76,38,0,0,UP,1545982397072,"L"
264507,65,30,0,0,DOWN,1546022323272,"A"
264507,65,30,0,0,UP,1546062577972,"A"
264507,78,49,0,0,DOWN,1546118276272,"N"
264507,78,49,0,0,UP,1546182108772,"N"
264507,68,32,0,0,DOWN,1546222400072,"D"
264507,70,33,0,0,DOWN,1546318279972,"F"
264507,68,32,0,0,UP,1546334428772,"D"
264507,70,33,0,0,UP,1546398252372,"F"
264507,72,35,0,0,DOWN,1546422270472,"H"
264507,66,48,0,0,DOWN,1546518268472,"B"
264507,72,35,0,0,UP,1546525812272,"H"
264507,85,22,0,0,DOWN,1546622212272,"U"
264507,66,48,0,0,UP,1546646317772,"B"
264507,82,19,0,0,DOWN,1546726330272,"R"
264507,85,22,0,0,UP,1546734304372,"U"
264507,71,34,0,0,DOWN,1546822246772,"G"
264507,82,19,0,0,UP,1546846103872,"R"
264507,69,18,0,0,DOWN,1546926023972,"E"
264507,71,34,0,0,UP,1546933923372,"G"
264507,69,18,0,0,UP,1547022190872,"E"
264507,78,49,0,0,DOWN,1547023190572,"N"
264507,78,49,0,0,UP,1547086263172,"N"
264507,76,38,0,0,DOWN,1547118278772,"L"
264507,76,38,0,0,UP,1547182256572,"L"
264507,65,30,0,0,DOWN,1547222267372,"A"
264507,65,30,0,0,UP,1547262049072,"A"
264507,78,49,0,0,DOWN,1547318270772,"N"
264507,78,49,0,0,UP,1547382281772,"N"
264507,68,32,0,0,DOWN,1547422331472,"D"
264507,70,33,0,0,DOWN,1547518281772,"F"
264507,68,32,0,0,UP,1547534282572,"D"
264507,70,33,0,0,UP,1547598487472,"F"
264507,72,35,0,0,DOWN,1547622280672,"H"
264507,66,48,0,0,DOWN,1547718306172,"B"
264507,72,35,0,0,UP,1547734311472,"H"
264507,85,22,0,0,DOWN,1547822264772,"U"
264507,66,48,0,0,UP,1547838283072,"B"
264507,82,19,0,0,DOWN,1547918304772,"R"
264507,85,22,0,0,UP,1547934203772,"U"
264507,71,34,0,0,DOWN,1548021978972,"G"
264507,82,19,0,0,UP,1548038019772,"R"
264507,69,18,0,0,DOWN,1548118318472,"E"
264507,71,34,0,0,UP,1548134040272,"G"
264507,69,18,0,0,UP,1548222281372,"E"
264507,78,49,0,0,DOWN,1548223030072,"N"
264507,78,49,0,0,UP,1548286250972,"N"
264507,76,38,0,0,DOWN,1548318275872,"L"
264507,76,38,0,0,UP,1548382420772,"L"
264507,65,30,0,0,DOWN,1548422316972,"A"
264507,65,30,0,0,UP,1548462019372,"A"
264507,78,49,0,0,DOWN,1548526301972,"N"
264507,78,49,0,0,UP,1548582233272,"N"
264507,68,32,0,0,DOWN,1548622280572,"D"
264507,70,33,0,0,DOWN,1548726449572,"F"
264507,68,32,0,0,UP,1548733867472,"D"
264507,70,33,0,0,UP,1548798293072,"F"
264507,72,35,0,0,DOWN,1548822275472,"H"
264507,66,48,0,0,DOWN,1548926287772,"B"
264507,72,35,0,0,UP,1548934318172,"H"
264507,85,22,0,0,DOWN,1549022313372,"U"
264507,66,48,0,0,UP,1549046302572,"B"
264507,82,19,0,0,DOWN,1549118277772,"R"
264507,85,22,0,0,UP,1549126051372,"U"
264507,71,34,0,0,DOWN,1549222356872,"G"
264507,82,19,0,0,UP,1549238446372,"R"
264507,71,34,0,0,UP,1549326328672,"G"
264507,69,18,0,0,DOWN,1549327062672,"E"
264507,69,18,0,0,UP,1549422254472,"E"
264507,78,49,0,0,DOWN,1549423069272,"N"
264507,78,49,0,0,UP,1549486296372,"N"
264507,76,38,0,0,DOWN,1549518324972,"L"
264507,76,38,0,0,UP,1549582614472,"L"
264507,65,30,0,0,DOWN,1549622298372,"A"
264507,65,30,0,0,UP,1549662456572,"A"
264507,78,49,0,0,DOWN,1549718286372,"N"
264507,78,49,0,0,UP,1549790241972,"N"
264507,68,32,0,0,DOWN,1549822428272,"D"
264507,70,33,0,0,DOWN,1549918310772,"F"
264507,68,32,0,0,UP,1549934102272,"D"
264507,70,33,0,0,UP,1549990266572,"F"
264507,72,35,0,0,DOWN,1550022299372,"H"
264507,66,48,0,0,DOWN,1550118279072,"B"
264507,72,35,0,0,UP,1550134214872,"H"
264507,85,22,0,0,DOWN,1550222292272,"U"
264507,66,48,0,0,UP,1550238460672,"B"
264507,82,19,0,0,DOWN,1550318485272,"R"
264507,85,22,0,0,UP,1550334037672,"U"
264507,71,34,0,0,DOWN,1550422342272,"G"
264507,82,19,0,0,UP,1550446293572,"R"
264507,69,18,0,0,DOWN,1550526294172,"E"
264507,71,34,0,0,UP,1550533938772,"G"
264507,69,18,0,0,UP,1550622533772,"E"
264507,78,49,0,0,DOWN,1550623447572,"N"
264507,78,49,0,0,UP,1550686360472,"N"
264507,76,38,0,0,DOWN,1550718213872,"L"
264507,76,38,0,0,UP,1550782241672,"L"
264507,65,30,0,0,DOWN,1550822338572,"A"
264507,65,30,0,0,UP,1550870473772,"A"
264507,78,49,0,0,DOWN,1550918312372,"N"
264507,78,49,0,0,UP,1550990220872,"N"
264507,68,32,0,0,DOWN,1551022480772,"D"
264507,70,33,0,0,DOWN,1551118443772,"F"
264507,68,32,0,0,UP,1551134492372,"D"
264507,70,33,0,0,UP,1551198277472,"F"
264507,72,35,0,0,DOWN,1551222320772,"H"
264507,66,48,0,0,DOWN,1551318296672,"B"
264507,72,35,0,0,UP,1551325864272,"H"
264507,85,22,0,0,DOWN,1551422341672,"U"
264507,66,48,0,0,UP,1551438334972,"B"
264507,82,19,0,0,DOWN,1551518370372,"R"
264507,85,22,0,0,UP,1551534369972,"U"
264507,71,34,0,0,DOWN,1551622368072,"G"
264507,82,19,0,0,UP,1551638270372,"R"
264507,69,18,0,0,DOWN,1551718077472,"E"
264507,71,34,0,0,UP,1551734333572,"G"
264507,69,18,0,0,UP,1551822310972,"E"
264507,78,49,0,0,DOWN,1551823160972,"N"
264507,78,49,0,0,UP,1551886340972,"N"
264507,76,38,0,0,DOWN,1551918331372,"L"
264507,76,38,0,0,UP,1551974270272,"L"
264507,65,30,0,0,DOWN,1552022435172,"A"
264507,65,30,0,0,UP,1552070487872,"A"
264507,78,49,0,0,DOWN,1552117975672,"N"
264507,78,49,0,0,UP,1552190276872,"N"
264507,68,32,0,0,DOWN,1552222336972,"D"
264507,70,33,0,0,DOWN,1552326292372,"F"
264507,68,32,0,0,UP,1552333905072,"D"
264507,70,33,0,0,UP,1552397973672,"F"
264507,72,35,0,0,DOWN,1552422486872,"H"
264507,66,48,0,0,DOWN,1552526344772,"B"
264507,72,35,0,0,UP,1552533952572,"H"
264507,85,22,0,0,DOWN,1552622304572,"U"
264507,66,48,0,0,UP,1552646302272,"B"
264507,82,19,0,0,DOWN,1552726323772,"R"
264507,85,22,0,0,UP,1552733889872,"U"
264507,71,34,0,0,DOWN,1552822294072,"G"
264507,82,19,0,0,UP,1552846266172,"R"
264507,69,18,0,0,DOWN,1552925945172,"E"
264507,71,34,0,0,UP,1552933840272,"G"
264507,78,49,0,0,DOWN,1553022275872,"N"
264507,69,18,0,0,UP,1553029873472,"E"
264507,78,49,0,0,UP,1553086304672,"N"
264507,76,38,0,0,DOWN,1553118259172,"L"
264507,76,38,0,0,UP,1553182049772,"L"
264507,65,30,0,0,DOWN,1553222295672,"A"
264507,65,30,0,0,UP,1553270351972,"A"
264507,78,49,0,0,DOWN,1553318410572,"N"
264507,78,49,0,0,UP,1553390325672,"N"
264507,68,32,0,0,DOWN,1553422378672,"D"
264507,70,33,0,0,DOWN,1553518315872,"F"
264507,68,32,0,0,UP,1553534345972,"D"
264507,70,33,0,0,UP,1553598339072,"F"
264507,72,35,0,0,DOWN,1553622349672,"H"
264507,66,48,0,0,DOWN,1553718252272,"B"
264507,72,35,0,0,UP,1553734210072,"H"
264507,85,22,0,0,DOWN,1553822072872,"U"
264507,66,48,0,0,UP,1553846501272,"B"
264507,82,19,0,0,DOWN,1553918334872,"R"
264507,85,22,0,0,UP,1553934204872,"U"
264507,71,34,0,0,DOWN,1554022315472,"G"
264507,82,19,0,0,UP,1554038459572,"R"
264507,69,18,0,0,DOWN,1554118399872,"E"
264507,71,34,0,0,UP,1554134242472,"G"
264507,69,18,0,0,UP,1554222477572,"E"
264507,78,49,0,0,DOWN,1554223216672,"N"
264507,78,49,0,0,UP,1554286448772,"N"
264507,76,38,0,0,DOWN,1554326361672,"L"
264507,76,38,0,0,UP,1554374348072,"L"
264507,65,30,0,0,DOWN,1554422360072,"A"
264507,65,30,0,0,UP,1554470410172,"A"
264507,78,49,0,0,DOWN,1554526357772,"N"
264507,78,49,0,0,UP,1554590367072,"N"
264507,68,32,0,0,DOWN,1554622325472,"D"
264507,70,33,0,0,DOWN,1554726288672,"F"
264507,68,32,0,0,UP,1554742209372,"D"
264507,70,33,0,0,UP,1554798243772,"F"
264507,72,35,0,0,DOWN,1554822404172,"H"
264507,66,48,0,0,DOWN,1554918361972,"B"
264507,72,35,0,0,UP,1554925896372,"H"
264507,85,22,0,0,DOWN,1555022326572,"U"
264507,66,48,0,0,UP,1555038275372,"B"
264507,82,19,0,0,DOWN,1555118355672,"R"
264507,85,22,0,0,UP,1555126139772,"U"
264507,71,34,0,0,DOWN,1555222376272,"G"
264507,82,19,0,0,UP,1555238046972,"R"
264507,69,18,0,0,DOWN,1555318385472,"E"
264507,71,34,0,0,UP,1555326072772,"G"
264507,78,49,0,0,DOWN,1555422370872,"N"
264507,69,18,0,0,UP,1555429950272,"E"
264507,78,49,0,0,UP,1555486367672,"N"
264507,76,38,0,0,DOWN,1555518299672,"L"
264507,76,38,0,0,UP,1555574368772,"L"
264507,65,30,0,0,DOWN,1555622296272,"A"
264507,65,30,0,0,UP,1555662318572,"A"
264507,78,49,0,0,DOWN,1555718073672,"N"
264507,78,49,0,0,UP,1555782260872,"N"
264507,68,32,0,0,DOWN,1555822386672,"D"
264507,70,33,0,0,DOWN,1555918352072,"F"
264507,68,32,0,0,UP,1555934367472,"D"
264507,70,33,0,0,UP,1555998428072,"F"
264507,72,35,0,0,DOWN,1556022377572,"H"
264507,66,48,0,0,DOWN,1556118289372,"B"
264507,72,35,0,0,UP,1556125909672,"H"
264507,85,22,0,0,DOWN,1556222326172,"U"
264507,66,48,0,0,UP,1556246311372,"B"
264507,82,19,0,0,DOWN,1556326639572,"R"
264507,85,22,0,0,UP,1556334096072,"U"
264507,71,34,0,0,DOWN,1556422399172,"G"
264507,82,19,0,0,UP,1556438193872,"R"
264507,69,18,0,0,DOWN,1556526339572,"E"
264507,71,34,0,0,UP,1556534190772,"G"
264507,69,18,0,0,UP,1556622367272,"E"
264507,78,49,0,0,DOWN,1556623269772,"N"
264507,78,49,0,0,UP,1556686235972,"N"
264507,76,38,0,0,DOWN,1556718079972,"L"
264507,76,38,0,0,UP,1556782358472,"L"
264507,65,30,0,0,DOWN,1556822334872,"A"
264507,65,30,0,0,UP,1556870359172,"A"
264507,78,49,0,0,DOWN,1556918269872,"N"
264507,78,49,0,0,UP,1556990472572,"N"
264507,68,32,0,0,DOWN,1557022417972,"D"
264507,70,33,0,0,DOWN,1557118060872,"F"
264507,68,32,0,0,UP,1557134277772,"D"
264507,70,33,0,0,UP,1557198356972,"F"
264507,72,35,0,0,DOWN,1557222461372,"H"
264507,66,48,0,0,DOWN,1557318176972,"B"
264507,72,35,0,0,UP,1557334416372,"H"
264507,85,22,0,0,DOWN,1557422374072,"U"
264507,66,48,0,0,UP,1557438342072,"B"
264507,82,19,0,0,DOWN,1557518126272,"R"
264507,85,22,0,0,UP,1557534489072,"U"
264507,71,34,0,0,DOWN,1557622273472,"G"
264507,82,19,0,0,UP,1557638376072,"R"
264507,69,18,0,0,DOWN,1557718121872,"E"
264507,71,34,0,0,UP,1557734453972,"G"
264507,69,18,0,0,UP,1557822310972,"E"
264507,78,49,0,0,DOWN,1557823097772,"N"
264507,78,49,0,0,UP,1557886260072,"N"
264507,76,38,0,0,DOWN,1557918101372,"L"
264507,76,38,0,0,UP,1557982107872,"L"
264507,65,30,0,0,DOWN,1558022386072,"A"
264507,65,30,0,0,UP,1558070725172,"A"
264507,78,49,0,0,DOWN,1558118294572,"N"
264507,78,49,0,0,UP,1558190359872,"N"
264507,68,32,0,0,DOWN,1558222520872,"D"
264507,70,33,0,0,DOWN,1558326579572,"F"
264507,68,32,0,0,UP,1558333957472,"D"
264507,70,33,0,0,UP,1558398397972,"F"
264507,72,35,0,0,DOWN,1558422395772,"H"
264507,66,48,0,0,DOWN,1558526345072,"B"
264507,72,35,0,0,UP,1558542353172,"H"
264507,85,22,0,0,DOWN,1558622421472,"U"
264507,66,48,0,0,UP,1558646361672,"B"
264507,82,19,0,0,DOWN,1558718493172,"R"
264507,85,22,0,0,UP,1558726074172,"U"
264507,71,34,0,0,DOWN,1558822372872,"G"
264507,82,19,0,0,UP,1558838388772,"R"
264507,69,18,0,0,DOWN,1558926166272,"E"
264507,71,34,0,0,UP,1558934136472,"G"
264507,78,49,0,0,DOWN,1559022320472,"N"
264507,69,18,0,0,UP,1559029932572,"E"
264507,78,49,0,0,UP,1559086203572,"N"
264507,76,38,0,0,DOWN,1559118461672,"L"
264507,76,38,0,0,UP,1559182147572,"L"
264507,65,30,0,0,DOWN,1559222398172,"A"
264507,65,30,0,0,UP,1559262518272,"A"
264507,78,49,0,0,DOWN,1559318337572,"N"
264507,78,49,0,0,UP,1559382376872,"N"
264507,68,32,0,0,DOWN,1559422443972,"D"
264507,70,33,0,0,DOWN,1559518331572,"F"
264507,68,32,0,0,UP,1559534322072,"D"
264507,70,33,0,0,UP,1559598343572,"F"
264507,72,35,0,0,DOWN,1559622541672,"H"
264507,66,48,0,0,DOWN,1559718443272,"B"
264507,72,35,0,0,UP,1559734340372,"H"
264507,85,22,0,0,DOWN,1559822361472,"U"
264507,66,48,0,0,UP,1559846357772,"B"
264507,82,19,0,0,DOWN,1559918433272,"R"
264507,85,22,0,0,UP,1559934397872,"U"
264507,71,34,0,0,DOWN,1560022396472,"G"
264507,82,19,0,0,UP,1560038400972,"R"
264507,69,18,0,0,DOWN,1560126409772,"E"
264507,71,34,0,0,UP,1560133966872,"G"
264507,78,49,0,0,DOWN,1560222361972,"N"
264507,69,18,0,0,UP,1560229973972,"E"
264507,78,49,0,0,UP,1560286159272,"N"
264507,76,38,0,0,DOWN,1560326321372,"L"
264507,76,38,0,0,UP,1560374117272,"L"
264507,65,30,0,0,DOWN,1560414391272,"A"
264507,65,30,0,0,UP,1560470260072,"A"
264507,78,49,0,0,DOWN,1560526375672,"N"
264507,78,49,0,0,UP,1560590507372,"N"
264507,68,32,0,0,DOWN,1560622507672,"D"
264507,70,33,0,0,DOWN,1560718574372,"F"
264507,68,32,0,0,UP,1560734320272,"D"
264507,70,33,0,0,UP,1560790363972,"F"
264507,72,35,0,0,DOWN,1560822423472,"H"
264507,66,48,0,0,DOWN,1560918447372,"B"
264507,72,35,0,0,UP,1560925931672,"H"
264507,85,22,0,0,DOWN,1561022355172,"U"
264507,66,48,0,0,UP,1561046569372,"B"
264507,82,19,0,0,DOWN,1561118398272,"R"
264507,85,22,0,0,UP,1561126005672,"U"
264507,71,34,0,0,DOWN,1561222492572,"G"
264507,82,19,0,0,UP,1561238318472,"R"
264507,69,18,0,0,DOWN,1561318388572,"E"
264507,71,34,0,0,UP,1561334373672,"G"
264507,78,49,0,0,DOWN,1561422511272,"N"
264507,69,18,0,0,UP,1561429982772,"E"
264507,78,49,0,0,UP,1561486389272,"N"
264507,76,38,0,0,DOWN,1561518420772,"L"
264507,76,38,0,0,UP,1561574475672,"L"
264507,65,30,0,0,DOWN,1561622324472,"A"
264507,65,30,0,0,UP,1561662133772,"A"
264507,78,49,0,0,DOWN,1561718368372,"N"
264507,78,49,0,0,UP,1561790372872,"N"
264507,68,32,0,0,DOWN,1561822391872,"D"
264507,70,33,0,0,DOWN,1561918446772,"F"
264507,68,32,0,0,UP,1561934385072,"D"
264507,70,33,0,0,UP,1561998370172,"F"
264507,72,35,0,0,DOWN,1562022429772,"H"
264507,66,48,0,0,DOWN,1562126417972,"B"
264507,72,35,0,0,UP,1562133988372,"H"
264507,85,22,0,0,DOWN,1562222325372,"U"
264507,66,48,0,0,UP,1562246214172,"B"
264507,82,19,0,0,DOWN,1562326373072,"R"
264507,85,22,0,0,UP,1562333951472,"U"
264507,71,34,0,0,DOWN,1562422370272,"G"
264507,82,19,0,0,UP,1562438154172,"R"
264507,69,18,0,0,DOWN,1562526350372,"E"
264507,71,34,0,0,UP,1562534317772,"G"
264507,69,18,0,0,UP,1562622292572,"E"
264507,78,49,0,0,DOWN,1562623209672,"N"
264507,78,49,0,0,UP,1562686382572,"N"
264507,76,38,0,0,DOWN,1562718423172,"L"
264507,76,38,0,0,UP,1562774496272,"L"
264507,65,30,0,0,DOWN,1562822165872,"A"
264507,65,30,0,0,UP,1562862369572,"A"
264507,78,49,0,0,DOWN,1562918387772,"N"
264507,78,49,0,0,UP,1562982400072,"N"
264507,68,32,0,0,DOWN,1563022131672,"D"
264507,70,33,0,0,DOWN,1563118093472,"F"
264507,68,32,0,0,UP,1563134587672,"D"
264507,70,33,0,0,UP,1563198446972,"F"
264507,72,35,0,0,DOWN,1563222126172,"H"
264507,66,48,0,0,DOWN,1563318582672,"B"
264507,72,35,0,0,UP,1563334358272,"H"
264507,85,22,0,0,DOWN,1563422171472,"U"
264507,66,48,0,0,UP,1563438546472,"B"
264507,82,19,0,0,DOWN,1563518434972,"R"
264507,85,22,0,0,UP,1563534354972,"U"
264507,71,34,0,0,DOWN,1563622145572,"G"
264507,82,19,0,0,UP,1563638589072,"R"
264507,69,18,0,0,DOWN,1563718477572,"E"
264507,71,34,0,0,UP,1563726018272,"G"
264507,78,49,0,0,DOWN,1563822244772,"N"
264507,69,18,0,0,UP,1563830050172,"E"
264507,78,49,0,0,UP,1563886457772,"N"
264507,76,38,0,0,DOWN,1563918327672,"L"
264507,76,38,0,0,UP,1563982195572,"L"
264507,65,30,0,0,DOWN,1564022302172,"A"
264507,65,30,0,0,UP,1564070469972,"A"
264507,78,49,0,0,DOWN,1564126446472,"N"
264507,78,49,0,0,UP,1564190276672,"N"
264507,68,32,0,0,DOWN,1564222632472,"D"
264507,70,33,0,0,DOWN,1564326357472,"F"
264507,68,32,0,0,UP,1564333988772,"D"
264507,70,33,0,0,UP,1564390233072,"F"
264507,72,35,0,0,DOWN,1564422548372,"H"
264507,66,48,0,0,DOWN,1564526363772,"B"
264507,72,35,0,0,UP,1564533959272,"H"
264507,85,22,0,0,DOWN,1564622594072,"U"
264507,66,48,0,0,UP,1564646408072,"B"
264507,82,19,0,0,DOWN,1564718436972,"R"
264507,85,22,0,0,UP,1564726357572,"U"
264507,71,34,0,0,DOWN,1564822437272,"G"
264507,82,19,0,0,UP,1564830041072,"R"
264507,69,18,0,0,DOWN,1564926499072,"E"
264507,71,34,0,0,UP,1564934006872,"G"
264507,78,49,0,0,DOWN,1565022462472,"N"
264507,69,18,0,0,UP,1565038360172,"E"
264507,78,49,0,0,UP,1565086201772,"N"
264507,76,38,0,0,DOWN,1565118447872,"L"
264507,76,38,0,0,UP,1565182374772,"L"
264507,65,30,0,0,DOWN,1565222401172,"A"
264507,65,30,0,0,UP,1565262376272,"A"
264507,78,49,0,0,DOWN,1565318418572,"N"
264507,78,49,0,0,UP,1565382504372,"N"
264507,68,32,0,0,DOWN,1565422421772,"D"
264507,70,33,0,0,DOWN,1565518438272,"F"
264507,68,32,0,0,UP,1565534077572,"D"
264507,70,33,0,0,UP,1565598403972,"F"
264507,72,35,0,0,DOWN,1565622506972,"H"
264507,66,48,0,0,DOWN,1565718588672,"B"
264507,72,35,0,0,UP,1565734346672,"H"
264507,85,22,0,0,DOWN,1565822374972,"U"
264507,66,48,0,0,UP,1565838476372,"B"
264507,82,19,0,0,DOWN,1565918481972,"R"
264507,85,22,0,0,UP,1565934579772,"U"
264507,71,34,0,0,DOWN,1566022508472,"G"
264507,82,19,0,0,UP,1566038399872,"R"
264507,69,18,0,0,DOWN,1566126393072,"E"
264507,71,34,0,0,UP,1566134003872,"G"
264507,78,49,0,0,DOWN,1566222575272,"N"
264507,69,18,0,0,UP,1566230047972,"E"
264507,78,49,0,0,UP,1566286404072,"N"
264507,76,38,0,0,DOWN,1566326457672,"L"
264507,76,38,0,0,UP,1566374188972,"L"
264507,65,30,0,0,DOWN,1566422459872,"A"
264507,65,30,0,0,UP,1566470418672,"A"
264507,78,49,0,0,DOWN,1566526450072,"N"
264507,78,49,0,0,UP,1566582464372,"N"
264507,68,32,0,0,DOWN,1566622435172,"D"
264507,70,33,0,0,DOWN,1566718523272,"F"
264507,68,32,0,0,UP,1566734069472,"D"
264507,70,33,0,0,UP,1566790573772,"F"
264507,72,35,0,0,DOWN,1566822475672,"H"
264507,66,48,0,0,DOWN,1566918431772,"B"
264507,72,35,0,0,UP,1566926221972,"H"
264507,85,22,0,0,DOWN,1567022516572,"U"
264507,66,48,0,0,UP,1567038408672,"B"
264507,82,19,0,0,DOWN,1567118141372,"R"
264507,85,22,0,0,UP,1567126013172,"U"
264507,71,34,0,0,DOWN,1567222504372,"G"
264507,82,19,0,0,UP,1567238428872,"R"
264507,69,18,0,0,DOWN,1567318392872,"E"
264507,71,34,0,0,UP,1567334426272,"G"
264507,78,49,0,0,DOWN,1567422457472,"N"
264507,69,18,0,0,UP,1567430556472,"E"
264507,78,49,0,0,UP,1567478526772,"N"
264507,76,38,0,0,DOWN,1567518577172,"L"
264507,76,38,0,0,UP,1567574382972,"L"
264507,65,30,0,0,DOWN,1567622427772,"A"
264507,65,30,0,0,UP,1567670479072,"A"
264507,78,49,0,0,DOWN,1567718484372,"N"
264507,78,49,0,0,UP,1567790394772,"N"
264507,68,32,0,0,DOWN,1567822550372,"D"
264507,70,33,0,0,DOWN,1567926163772,"F"
264507,68,32,0,0,UP,1567934059872,"D"
264507,70,33,0,0,UP,1567998137072,"F"
264507,72,35,0,0,DOWN,1568022377972,"H"
264507,66,48,0,0,DOWN,1568126194872,"B"
264507,72,35,0,0,UP,1568134010772,"H"
264507,85,22,0,0,DOWN,1568222434472,"U"
264507,66,48,0,0,UP,1568246513372,"B"
264507,82,19,0,0,DOWN,1568326381872,"R"
264507,85,22,0,0,UP,1568334019672,"U"
264507,71,34,0,0,DOWN,1568422484372,"G"
264507,82,19,0,0,UP,1568438442472,"R"
264507,71,34,0,0,UP,1568526439672,"G"
264507,69,18,0,0,DOWN,1568526894072,"E"
264507,78,49,0,0,DOWN,1568622597772,"N"
264507,69,18,0,0,UP,1568630351672,"E"
264507,78,49,0,0,UP,1568686556172,"N"
264507,76,38,0,0,DOWN,1568718432372,"L"
264507,76,38,0,0,UP,1568782413172,"L"
264507,65,30,0,0,DOWN,1568822506072,"A"
264507,65,30,0,0,UP,1568862395772,"A"
264507,78,49,0,0,DOWN,1568918476072,"N"
264507,78,49,0,0,UP,1568982413872,"N"
264507,68,32,0,0,DOWN,1569022524672,"D"
264507,70,33,0,0,DOWN,1569118495472,"F"
264507,68,32,0,0,UP,1569134414972,"D"
264507,70,33,0,0,UP,1569198450072,"F"
264507,72,35,0,0,DOWN,1569222469972,"H"
264507,66,48,0,0,DOWN,1569318526172,"B"
264507,72,35,0,0,UP,1569326481072,"H"
264507,85,22,0,0,DOWN,1569422555072,"U"
264507,66,48,0,0,UP,1569438621272,"B"
264507,82,19,0,0,DOWN,1569518628972,"R"
264507,85,22,0,0,UP,1569534453372,"U"
264507,71,34,0,0,DOWN,1569622502872,"G"
264507,82,19,0,0,UP,1569638447372,"R"
264507,69,18,0,0,DOWN,1569718281572,"E"
264507,71,34,0,0,UP,1569726269472,"G"
264507,78,49,0,0,DOWN,1569822348972,"N"
264507,69,18,0,0,UP,1569838790572,"E"
264507,78,49,0,0,UP,1569886406972,"N"
264507,76,38,0,0,DOWN,1569926419172,"L"
264507,76,38,0,0,UP,1569974352772,"L"
264507,65,30,0,0,DOWN,1570022493472,"A"
264507,65,30,0,0,UP,1570062706272,"A"
264507,78,49,0,0,DOWN,1570126539372,"N"
264507,78,49,0,0,UP,1570182459372,"N"
264507,68,32,0,0,DOWN,1570222443372,"D"
264507,70,33,0,0,DOWN,1570326507072,"F"
264507,68,32,0,0,UP,1570334227872,"D"
264507,70,33,0,0,UP,1570390436372,"F"
264507,72,35,0,0,DOWN,1570422454072,"H"
264507,66,48,0,0,DOWN,1570518537372,"B"
264507,72,35,0,0,UP,1570526280072,"H"
264507,85,22,0,0,DOWN,1570622490772,"U"
264507,66,48,0,0,UP,1570646360972,"B"
264507,82,19,0,0,DOWN,1570718510572,"R"
264507,85,22,0,0,UP,1570726030172,"U"
264507,71,34,0,0,DOWN,1570822476872,"G"
264507,82,19,0,0,UP,1570838417972,"R"
264507,69,18,0,0,DOWN,1570918392072,"E"
264507,71,34,0,0,UP,1570934456672,"G"
264507,78,49,0,0,DOWN,1571022499372,"N"
264507,69,18,0,0,UP,1571030293072,"E"
264507,78,49,0,0,UP,1571078429572,"N"
264507,76,38,0,0,DOWN,1571118481272,"L"
264507,76,38,0,0,UP,1571182429072,"L"
264507,65,30,0,0,DOWN,1571222499772,"A"
264507,65,30,0,0,UP,1571262546472,"A"
264507,78,49,0,0,DOWN,1571318458172,"N"
264507,78,49,0,0,UP,1571390400872,"N"
264507,68,32,0,0,DOWN,1571422536272,"D"
264507,70,33,0,0,DOWN,1571518508872,"F"
264507,68,32,0,0,UP,1571534389872,"D"
264507,70,33,0,0,UP,1571590292472,"F"
264507,72,35,0,0,DOWN,1571622437472,"H"
264507,72,35,0,0,UP,1571726505372,"H"
264507,66,48,0,0,DOWN,1571727459172,"B"
264507,85,22,0,0,DOWN,1571822553372,"U"
264507,66,48,0,0,UP,1571838441572,"B"
264507,82,19,0,0,DOWN,1571926458872,"R"
264507,85,22,0,0,UP,1571934193472,"U"
264507,71,34,0,0,DOWN,1572022526772,"G"
264507,82,19,0,0,UP,1572038272472,"R"
264507,69,18,0,0,DOWN,1572126455672,"E"
264507,71,34,0,0,UP,1572134473372,"G"
264507,78,49,0,0,DOWN,1572222481672,"N"
264507,69,18,0,0,UP,1572230736872,"E"
264507,78,49,0,0,UP,1572286580872,"N"
264507,76,38,0,0,DOWN,1572318449572,"L"
264507,76,38,0,0,UP,1572382458972,"L"
264507,65,30,0,0,DOWN,1572422684072,"A"
264507,65,30,0,0,UP,1572462278472,"A"
264507,78,49,0,0,DOWN,1572518464172,"N"
264507,78,49,0,0,UP,1572582470772,"N"
264507,68,32,0,0,DOWN,1572622412672,"D"
264507,70,33,0,0,DOWN,1572718511872,"F"
264507,68,32,0,0,UP,1572734427372,"D"
264507,70,33,0,0,UP,1572798539472,"F"
264507,72,35,0,0,DOWN,1572822555072,"H"
264507,66,48,0,0,DOWN,1572918514372,"B"
264507,72,35,0,0,UP,1572934586672,"H"
264507,85,22,0,0,DOWN,1573022525472,"U"
264507,66,48,0,0,UP,1573038449072,"B"
264507,82,19,0,0,DOWN,1573118632472,"R"
264507,85,22,0,0,UP,1573134280272,"U"
264507,71,34,0,0,DOWN,1573222624472,"G"
264507,82,19,0,0,UP,1573238511272,"R"
264507,69,18,0,0,DOWN,1573318536872,"E"
264507,71,34,0,0,UP,1573326543872,"G"
264507,78,49,0,0,DOWN,1573422629172,"N"
264507,69,18,0,0,UP,1573430546972,"E"
264507,78,49,0,0,UP,1573486650372,"N"
264507,76,38,0,0,DOWN,1573526480072,"L"
264507,76,38,0,0,UP,1573582499872,"L"
264507,65,30,0,0,DOWN,1573622680872,"A"
264507,65,30,0,0,UP,1573670508472,"A"
264507,78,49,0,0,DOWN,1573726480572,"N"
264507,78,49,0,0,UP,1573782499972,"N"
264507,68,32,0,0,DOWN,1573822539572,"D"
264507,70,33,0,0,DOWN,1573926283872,"F"
264507,68,32,0,0,UP,1573942455272,"D"
264507,70,33,0,0,UP,1573990392072,"F"
264507,72,35,0,0,DOWN,1574022259072,"H"
264507,72,35,0,0,UP,1574126452172,"H"
264507,66,48,0,0,DOWN,1574127113372,"B"
264507,85,22,0,0,DOWN,1574222507672,"U"
264507,66,48,0,0,UP,1574246230272,"B"
264507,82,19,0,0,DOWN,1574318487772,"R"
264507,85,22,0,0,UP,1574326481972,"U"
264507,71,34,0,0,DOWN,1574422643272,"G"
264507,82,19,0,0,UP,1574438671872,"R"
264507,69,18,0,0,DOWN,1574526907172,"E"
264507,71,34,0,0,UP,1574534647172,"G"
264507,69,18,0,0,UP,1574622477972,"E"
264507,78,49,0,0,DOWN,1574623245072,"N"
264507,78,49,0,0,UP,1574686443472,"N"
264507,76,38,0,0,DOWN,1574718615572,"L"
264507,76,38,0,0,UP,1574782530972,"L"
264507,65,30,0,0,DOWN,1574822591172,"A"
264507,65,30,0,0,UP,1574862608672,"A"
264507,78,49,0,0,DOWN,1574918518572,"N"
264507,78,49,0,0,UP,1574982567472,"N"
264507,68,32,0,0,DOWN,1575022520172,"D"
264507,70,33,0,0,DOWN,1575118492372,"F"
264507,68,32,0,0,UP,1575134478772,"D"
264507,70,33,0,0,UP,1575198531072,"F"
264507,72,35,0,0,DOWN,1575222529072,"H"
264507,66,48,0,0,DOWN,1575326477972,"B"
264507,72,35,0,0,UP,1575334446872,"H"
264507,85,22,0,0,DOWN,1575422298272,"U"
264507,66,48,0,0,UP,1575438437972,"B"
264507,82,19,0,0,DOWN,1575526684472,"R"
264507,85,22,0,0,UP,1575534476372,"U"
264507,71,34,0,0,DOWN,1575622481172,"G"
264507,82,19,0,0,UP,1575638632572,"R"
264507,69,18,0,0,DOWN,1575726562072,"E"
264507,71,34,0,0,UP,1575734465072,"G"
264507,78,49,0,0,DOWN,1575822712672,"N"
264507,69,18,0,0,UP,1575830656372,"E"
264507,78,49,0,0,UP,1575886627072,"N"
264507,76,38,0,0,DOWN,1575918504772,"L"
264507,76,38,0,0,UP,1575982349472,"L"
264507,65,30,0,0,DOWN,1576022583972,"A"
264507,65,30,0,0,UP,1576062508672,"A"
264507,78,49,0,0,DOWN,1576118487272,"N"
264507,78,49,0,0,UP,1576182529072,"N"
264507,68,32,0,0,DOWN,1576222494472,"D"
264507,70,33,0,0,DOWN,1576318702272,"F"
264507,68,32,0,0,UP,1576334450372,"D"
264507,70,33,0,0,UP,1576398400872,"F"
264507,72,35,0,0,DOWN,1576422566272,"H"
264507,66,48,0,0,DOWN,1576518575872,"B"
264507,72,35,0,0,UP,1576526451472,"H"
264507,85,22,0,0,DOWN,1576622508872,"U"
264507,66,48,0,0,UP,1576638517472,"B"
264507,82,19,0,0,DOWN,1576718574272,"R"
264507,85,22,0,0,UP,1576734574972,"U"
264507,71,34,0,0,DOWN,1576822542372,"G"
264507,82,19,0,0,UP,1576838500272,"R"
264507,69,18,0,0,DOWN,1576918507272,"E"
264507,71,34,0,0,UP,1576926524172,"G"
264507,78,49,0,0,DOWN,1577022576272,"N"
264507,69,18,0,0,UP,1577030549072,"E"
264507,78,49,0,0,UP,1577086536072,"N"
264507,76,38,0,0,DOWN,1577118526672,"L"
264507,76,38,0,0,UP,1577182456172,"L"
264507,65,30,0,0,DOWN,1577222542072,"A"
264507,65,30,0,0,UP,1577270509072,"A"
264507,78,49,0,0,DOWN,1577326523172,"N"
264507,78,49,0,0,UP,1577382309472,"N"
264507,68,32,0,0,DOWN,1577422572572,"D"
264507,70,33,0,0,DOWN,1577526469072,"F"
264507,68,32,0,0,UP,1577534480372,"D"
264507,70,33,0,0,UP,1577598305472,"F"
264507,72,35,0,0,DOWN,1577622526272,"H"
264507,72,35,0,0,UP,1577726742772,"H"
264507,66,48,0,0,DOWN,1577727482672,"B"
264507,85,22,0,0,DOWN,1577822637672,"U"
264507,66,48,0,0,UP,1577846599572,"B"
264507,82,19,0,0,DOWN,1577918536272,"R"
264507,85,22,0,0,UP,1577926388272,"U"
264507,71,34,0,0,DOWN,1578022592672,"G"
264507,82,19,0,0,UP,1578041314672,"R"
264507,69,18,0,0,DOWN,1578126474172,"E"
264507,71,34,0,0,UP,1578134616472,"G"
264507,69,18,0,0,UP,1578222514672,"E"
264507,78,49,0,0,DOWN,1578223242372,"N"
264507,78,49,0,0,UP,1578286541572,"N"
264507,76,38,0,0,DOWN,1578318686872,"L"
264507,76,38,0,0,UP,1578374566172,"L"
264507,65,30,0,0,DOWN,1578422611772,"A"
264507,65,30,0,0,UP,1578462565572,"A"
264507,78,49,0,0,DOWN,1578518537172,"N"
264507,78,49,0,0,UP,1578582502872,"N"
264507,68,32,0,0,DOWN,1578622489172,"D"
264507,70,33,0,0,DOWN,1578719318972,"F"
264507,68,32,0,0,UP,1578734257772,"D"
264507,70,33,0,0,UP,1578798549172,"F"
264507,72,35,0,0,DOWN,1578822533472,"H"
264507,66,48,0,0,DOWN,1578918541072,"B"
264507,72,35,0,0,UP,1578926570172,"H"
264507,85,22,0,0,DOWN,1579022523972,"U"
264507,66,48,0,0,UP,1579038641272,"B"
264507,82,19,0,0,DOWN,1579126563872,"R"
264507,85,22,0,0,UP,1579134461872,"U"
264507,71,34,0,0,DOWN,1579222486972,"G"
264507,82,19,0,0,UP,1579238482972,"R"
264507,69,18,0,0,DOWN,1579326534572,"E"
264507,71,34,0,0,UP,1579334450872,"G"
264507,69,18,0,0,UP,1579422593072,"E"
264507,78,49,0,0,DOWN,1579423322872,"N"
264507,78,49,0,0,UP,1579486535772,"N"
264507,76,38,0,0,DOWN,1579518498172,"L"
264507,76,38,0,0,UP,1579582426172,"L"
264507,65,30,0,0,DOWN,1579622543872,"A"
264507,65,30,0,0,UP,1579662597672,"A"
264507,78,49,0,0,DOWN,1579718541272,"N"
264507,78,49,0,0,UP,1579790540472,"N"
264507,68,32,0,0,DOWN,1579822609772,"D"
264507,70,33,0,0,DOWN,1579918557972,"F"
264507,68,32,0,0,UP,1579934635572,"D"
264507,70,33,0,0,UP,1579998538972,"F"
264507,72,35,0,0,DOWN,1580022597372,"H"
264507,66,48,0,0,DOWN,1580118438872,"B"
264507,72,35,0,0,UP,1580126138272,"H"
264507,85,22,0,0,DOWN,1580222538772,"U"
264507,66,48,0,0,UP,1580238654772,"B"
264507,82,19,0,0,DOWN,1580318645172,"R"
264507,85,22,0,0,UP,1580334617472,"U"
264507,71,34,0,0,DOWN,1580422574372,"G"
264507,82,19,0,0,UP,1580438682572,"R"
264507,69,18,0,0,DOWN,1580518431972,"E"
264507,71,34,0,0,UP,1580534432472,"G"
264507,78,49,0,0,DOWN,1580622554572,"N"
264507,69,18,0,0,UP,1580630576172,"E"
264507,78,49,0,0,UP,1580678496072,"N"
264507,76,38,0,0,DOWN,1580718427272,"L"
264507,76,38,0,0,UP,1580774575772,"L"
264507,65,30,0,0,DOWN,1580822699872,"A"
264507,65,30,0,0,UP,1580870231872,"A"
264507,78,49,0,0,DOWN,1580918393572,"N"
264507,78,49,0,0,UP,1580990514172,"N"
264507,68,32,0,0,DOWN,1581022541872,"D"
264507,70,33,0,0,DOWN,1581126556072,"F"
264507,68,32,0,0,UP,1581134524972,"D"
264507,70,33,0,0,UP,1581198600972,"F"
264507,72,35,0,0,DOWN,1581222594972,"H"
264507,66,48,0,0,DOWN,1581326568272,"B"
264507,72,35,0,0,UP,1581334503572,"H"
264507,85,22,0,0,DOWN,1581422588772,"U"
264507,66,48,0,0,UP,1581446564972,"B"
264507,82,19,0,0,DOWN,1581526550772,"R"
264507,85,22,0,0,UP,1581542516272,"U"
264507,71,34,0,0,DOWN,1581622525872,"G"
264507,82,19,0,0,UP,1581638555372,"R"
264507,69,18,0,0,DOWN,1581727227472,"E"
264507,71,34,0,0,UP,1581734785472,"G"
264507,78,49,0,0,DOWN,1581822596672,"N"
264507,69,18,0,0,UP,1581830555872,"E"
264507,78,49,0,0,UP,1581886481772,"N"
264507,76,38,0,0,DOWN,1581918285972,"L"
264507,76,38,0,0,UP,1581982515772,"L"
264507,65,30,0,0,DOWN,1582022587272,"A"
264507,65,30,0,0,UP,1582062566872,"A"
264507,78,49,0,0,DOWN,1582118312072,"N"
264507,78,49,0,0,UP,1582182301272,"N"
264507,68,32,0,0,DOWN,1582222547172,"D"
264507,70,33,0,0,DOWN,1582318430572,"F"
264507,68,32,0,0,UP,1582334841172,"D"
264507,70,33,0,0,UP,1582398661772,"F"
264507,72,35,0,0,DOWN,1582422596672,"H"
264507,66,48,0,0,DOWN,1582518517672,"B"
264507,72,35,0,0,UP,1582534581772,"H"
264507,85,22,0,0,DOWN,1582622566972,"U"
264507,66,48,0,0,UP,1582638503372,"B"
264507,82,19,0,0,DOWN,1582718629072,"R"
264507,85,22,0,0,UP,1582734695172,"U"
264507,71,34,0,0,DOWN,1582822630472,"G"
264507,82,19,0,0,UP,1582838720572,"R"
264507,69,18,0,0,DOWN,1582926380372,"E"
264507,71,34,0,0,UP,1582934205472,"G"
264507,78,49,0,0,DOWN,1583022616072,"N"
264507,69,18,0,0,UP,1583030501572,"E"
264507,78,49,0,0,UP,1583086290972,"N"
264507,76,38,0,0,DOWN,1583126566872,"L"
264507,76,38,0,0,UP,1583174592172,"L"
264507,65,30,0,0,DOWN,1583222632172,"A"
264507,65,30,0,0,UP,1583262565272,"A"
264507,78,49,0,0,DOWN,1583326932072,"N"
264507,78,49,0,0,UP,1583382554672,"N"
264507,68,32,0,0,DOWN,1583422565472,"D"
264507,70,33,0,0,DOWN,1583526539672,"F"
264507,68,32,0,0,UP,1583534559272,"D"
264507,70,33,0,0,UP,1583590482072,"F"
264507,72,35,0,0,DOWN,1583622521772,"H"
264507,66,48,0,0,DOWN,1583718606472,"B"
264507,72,35,0,0,UP,1583726561972,"H"
264507,85,22,0,0,DOWN,1583822653472,"U"
264507,66,48,0,0,UP,1583838605172,"B"
264507,82,19,0,0,DOWN,1583918680972,"R"
264507,85,22,0,0,UP,1583926655872,"U"
264507,71,34,0,0,DOWN,1584022745972,"G"
264507,82,19,0,0,UP,1584038449472,"R"
264507,71,34,0,0,UP,1584126350572,"G"
264507,69,18,0,0,DOWN,1584127098272,"E"
264507,69,18,0,0,UP,1584222532072,"E"
264507,78,49,0,0,DOWN,1584223285272,"N"
264507,78,49,0,0,UP,1584286527872,"N"
264507,76,38,0,0,DOWN,1584318519372,"L"
264507,76,38,0,0,UP,1584382572872,"L"
264507,65,30,0,0,DOWN,1584422580672,"A"
264507,65,30,0,0,UP,1584462400772,"A"
264507,78,49,0,0,DOWN,1584518672172,"N"
264507,78,49,0,0,UP,1584582506272,"N"
264507,68,32,0,0,DOWN,1584622532372,"D"
264507,70,33,0,0,DOWN,1584718594772,"F"
264507,68,32,0,0,UP,1584734748772,"D"
264507,70,33,0,0,UP,1584798610172,"F"
264507,72,35,0,0,DOWN,1584822288772,"H"
264507,66,48,0,0,DOWN,1584926582872,"B"
264507,72,35,0,0,UP,1584934562472,"H"
264507,85,22,0,0,DOWN,1585022700372,"U"
264507,66,48,0,0,UP,1585046770772,"B"
264507,82,19,0,0,DOWN,1585126560272,"R"
264507,85,22,0,0,UP,1585134523772,"U"
264507,71,34,0,0,DOWN,1585222615172,"G"
264507,82,19,0,0,UP,1585238806672,"R"
264507,69,18,0,0,DOWN,1585326650872,"E"
264507,71,34,0,0,UP,1585334582772,"G"
264507,78,49,0,0,DOWN,1585422536672,"N"
264507,69,18,0,0,UP,1585430620472,"E"
264507,78,49,0,0,UP,1585486699972,"N"
264507,76,38,0,0,DOWN,1585518599072,"L"
264507,76,38,0,0,UP,1585574597272,"L"
264507,65,30,0,0,DOWN,1585622549072,"A"
264507,65,30,0,0,UP,1585662586372,"A"
264507,78,49,0,0,DOWN,1585718668772,"N"
264507,78,49,0,0,UP,1585782707272,"N"
264507,68,32,0,0,DOWN,1585822370972,"D"
264507,70,33,0,0,DOWN,1585918629272,"F"
264507,68,32,0,0,UP,1585934584772,"D"
264507,70,33,0,0,UP,1585998321672,"F"
264507,72,35,0,0,DOWN,1586022579372,"H"
264507,66,48,0,0,DOWN,1586118628072,"B"
264507,72,35,0,0,UP,1586134577972,"H"
264507,85,22,0,0,DOWN,1586222571172,"U"
264507,66,48,0,0,UP,1586238518972,"B"
264507,82,19,0,0,DOWN,1586318483672,"R"
264507,85,22,0,0,UP,1586334674972,"U"
264507,71,34,0,0,DOWN,1586422590072,"G"
264507,82,19,0,0,UP,1586438360872,"R"
264507,69,18,0,0,DOWN,1586518632472,"E"
264507,71,34,0,0,UP,1586526627472,"G"
264507,78,49,0,0,DOWN,1586622347472,"N"
264507,69,18,0,0,UP,1586630654672,"E"
264507,78,49,0,0,UP,1586678590172,"N"
264507,76,38,0,0,DOWN,1586718604772,"L"
264507,76,38,0,0,UP,1586782556672,"L"
264507,65,30,0,0,DOWN,1586822406772,"A"
264507,65,30,0,0,UP,1586870636272,"A"
264507,78,49,0,0,DOWN,1586926653372,"N"
264507,78,49,0,0,UP,1586982554472,"N"
264507,68,32,0,0,DOWN,1587022337972,"D"
264507,70,33,0,0,DOWN,1587126742872,"F"
264507,68,32,0,0,UP,1587142571372,"D"
264507,70,33,0,0,UP,1587190667072,"F"
264507,72,35,0,0,DOWN,1587222287272,"H"
264507,72,35,0,0,UP,1587326672572,"H"
264507,66,48,0,0,DOWN,1587327433072,"B"
264507,85,22,0,0,DOWN,1587422395972,"U"
264507,66,48,0,0,UP,1587446741272,"B"
264507,82,19,0,0,DOWN,1587518755172,"R"
264507,85,22,0,0,UP,1587526560572,"U"
264507,71,34,0,0,DOWN,1587622380772,"G"
264507,82,19,0,0,UP,1587638673572,"R"
264507,69,18,0,0,DOWN,1587726530372,"E"
264507,71,34,0,0,UP,1587734486272,"G"
264507,78,49,0,0,DOWN,1587822375672,"N"
264507,69,18,0,0,UP,1587830573572,"E"
264507,78,49,0,0,UP,1587886760772,"N"
264507,76,38,0,0,DOWN,1587918641772,"L"
264507,76,38,0,0,UP,1587974576472,"L"
264507,65,30,0,0,DOWN,1588022371072,"A"
264507,65,30,0,0,UP,1588062547872,"A"
264507,78,49,0,0,DOWN,1588118310872,"N"
264507,78,49,0,0,UP,1588182703572,"N"
264507,68,32,0,0,DOWN,1588222558072,"D"
264507,70,33,0,0,DOWN,1588318587772,"F"
264507,68,32,0,0,UP,1588334597672,"D"
264507,70,33,0,0,UP,1588398646872,"F"
264507,72,35,0,0,DOWN,1588422704572,"H"
264507,66,48,0,0,DOWN,1588518774272,"B"
264507,72,35,0,0,UP,1588526290972,"H"
264507,85,22,0,0,DOWN,1588622654072,"U"
264507,66,48,0,0,UP,1588638915572,"B"
264507,82,19,0,0,DOWN,1588726657172,"R"
264507,85,22,0,0,UP,1588734675272,"U"
264507,71,34,0,0,DOWN,1588822675872,"G"
264507,82,19,0,0,UP,1588838621372,"R"
264507,69,18,0,0,DOWN,1588926649072,"E"
264507,71,34,0,0,UP,1588934624372,"G"
264507,69,18,0,0,UP,1589022705272,"E"
264507,78,49,0,0,DOWN,1589023382072,"N"
264507,78,49,0,0,UP,1589086793172,"N"
264507,76,38,0,0,DOWN,1589118627872,"L"
264507,76,38,0,0,UP,1589182607672,"L"
264507,65,30,0,0,DOWN,1589222562572,"A"
264507,65,30,0,0,UP,1589262443772,"A"
264507,78,49,0,0,DOWN,1589318688072,"N"
264507,78,49,0,0,UP,1589382583772,"N"
264507,68,32,0,0,DOWN,1589422809872,"D"
264507,70,33,0,0,DOWN,1589518719272,"F"
264507,68,32,0,0,UP,1589534609272,"D"
264507,70,33,0,0,UP,1589598537672,"F"
264507,72,35,0,0,DOWN,1589622634272,"H"
264507,66,48,0,0,DOWN,1589718768972,"B"
264507,72,35,0,0,UP,1589726598472,"H"
264507,85,22,0,0,DOWN,1589822772772,"U"
264507,66,48,0,0,UP,1589838612072,"B"
264507,82,19,0,0,DOWN,1589918622572,"R"
264507,85,22,0,0,UP,1589934600072,"U"
264507,71,34,0,0,DOWN,1590022636272,"G"
264507,82,19,0,0,UP,1590038580272,"R"
264507,69,18,0,0,DOWN,1590118639472,"E"
264507,71,34,0,0,UP,1590126701372,"G"
264507,78,49,0,0,DOWN,1590222743372,"N"
264507,69,18,0,0,UP,1590230566572,"E"
264507,78,49,0,0,UP,1590278451972,"N"
264507,76,38,0,0,DOWN,1590318642772,"L"
264507,76,38,0,0,UP,1590374407672,"L"
264507,65,30,0,0,DOWN,1590422533572,"A"
264507,65,30,0,0,UP,1590470604972,"A"
264507,78,49,0,0,DOWN,1590519121072,"N"
264507,78,49,0,0,UP,1590590739172,"N"
264507,68,32,0,0,DOWN,1590622622172,"D"
264507,70,33,0,0,DOWN,1590726646672,"F"
264507,68,32,0,0,UP,1590734641172,"D"
264507,70,33,0,0,UP,1590790742472,"F"
264507,72,35,0,0,DOWN,1590822711472,"H"
264507,66,48,0,0,DOWN,1590926664372,"B"
264507,72,35,0,0,UP,1590934683272,"H"
264507,85,22,0,0,DOWN,1591022713672,"U"
264507,66,48,0,0,UP,1591038609072,"B"
264507,82,19,0,0,DOWN,1591126699372,"R"
264507,85,22,0,0,UP,1591134684972,"U"
264507,71,34,0,0,DOWN,1591222630672,"G"
264507,82,19,0,0,UP,1591238633572,"R"
264507,71,34,0,0,UP,1591326591572,"G"
264507,69,18,0,0,DOWN,1591327405172,"E"
264507,78,49,0,0,DOWN,1591422700572,"N"
264507,69,18,0,0,UP,1591430616672,"E"
264507,78,49,0,0,UP,1591486644272,"N"
264507,76,38,0,0,DOWN,1591518600072,"L"
264507,76,38,0,0,UP,1591582620772,"L"
264507,65,30,0,0,DOWN,1591622599272,"A"
264507,65,30,0,0,UP,1591662640772,"A"
264507,78,49,0,0,DOWN,1591718631372,"N"
264507,78,49,0,0,UP,1591782641972,"N"
264507,68,32,0,0,DOWN,1591822728372,"D"
264507,70,33,0,0,DOWN,1591918595372,"F"
264507,68,32,0,0,UP,1591934622972,"D"
264507,70,33,0,0,UP,1591998679272,"F"
264507,72,35,0,0,DOWN,1592022622072,"H"
264507,66,48,0,0,DOWN,1592118586572,"B"
264507,72,35,0,0,UP,1592126634972,"H"
264507,85,22,0,0,DOWN,1592222697472,"U"
264507,66,48,0,0,UP,1592238600972,"B"
264507,82,19,0,0,DOWN,1592318602072,"R"
264507,85,22,0,0,UP,1592334943772,"U"
264507,71,34,0,0,DOWN,1592422598072,"G"
264507,82,19,0,0,UP,1592438748672,"R"
264507,69,18,0,0,DOWN,1592526508072,"E"
264507,71,34,0,0,UP,1592534651572,"G"
264507,78,49,0,0,DOWN,1592622667672,"N"
264507,69,18,0,0,UP,1592630419272,"E"
264507,78,49,0,0,UP,1592686560572,"N"
264507,76,38,0,0,DOWN,1592726454872,"L"
264507,76,38,0,0,UP,1592782615172,"L"
264507,65,30,0,0,DOWN,1592822840472,"A"
264507,65,30,0,0,UP,1592862803572,"A"
264507,78,49,0,0,DOWN,1592926435672,"N"
264507,78,49,0,0,UP,1592982739872,"N"
264507,68,32,0,0,DOWN,1593022656572,"D"
264507,70,33,0,0,DOWN,1593126437172,"F"
264507,68,32,0,0,UP,1593134627772,"D"
264507,70,33,0,0,UP,1593198441372,"F"
264507,72,35,0,0,DOWN,1593222705272,"H"
264507,72,35,0,0,UP,1593326426672,"H"
264507,66,48,0,0,DOWN,1593327422872,"B"
264507,85,22,0,0,DOWN,1593422668272,"U"
264507,66,48,0,0,UP,1593446689072,"B"
264507,82,19,0,0,DOWN,1593518654772,"R"
264507,85,22,0,0,UP,1593526553672,"U"
264507,71,34,0,0,DOWN,1593622670572,"G"
264507,82,19,0,0,UP,1593638660272,"R"
264507,69,18,0,0,DOWN,1593726565972,"E"
264507,71,34,0,0,UP,1593734735772,"G"
264507,78,49,0,0,DOWN,1593822794572,"N"
264507,69,18,0,0,UP,1593830622172,"E"
264507,78,49,0,0,UP,1593886600272,"N"
264507,76,38,0,0,DOWN,1593918682272,"L"
264507,76,38,0,0,UP,1593982658872,"L"
264507,65,30,0,0,DOWN,1594022665672,"A"
264507,65,30,0,0,UP,1594062642672,"A"
264507,78,49,0,0,DOWN,1594118711572,"N"
264507,78,49,0,0,UP,1594190674372,"N"
264507,68,32,0,0,DOWN,1594222687772,"D"
264507,70,33,0,0,DOWN,1594318719872,"F"
264507,68,32,0,0,UP,1594334913172,"D"
264507,70,33,0,0,UP,1594398650172,"F"
264507,72,35,0,0,DOWN,1594422611972,"H"
264507,66,48,0,0,DOWN,1594526774372,"B"
264507,72,35,0,0,UP,1594534672972,"H"
264507,85,22,0,0,DOWN,1594622686172,"U"
264507,66,48,0,0,UP,1594646738472,"B"
264507,82,19,0,0,DOWN,1594726866172,"R"
264507,85,22,0,0,UP,1594734413072,"U"
264507,71,34,0,0,DOWN,1594822717172,"G"
264507,82,19,0,0,UP,1594838395972,"R"
264507,69,18,0,0,DOWN,1594926704672,"E"
264507,71,34,0,0,UP,1594934694472,"G"
264507,78,49,0,0,DOWN,1595022705772,"N"
264507,69,18,0,0,UP,1595030459672,"E"
264507,78,49,0,0,UP,1595086656772,"N"
264507,76,38,0,0,DOWN,1595118726772,"L"
264507,76,38,0,0,UP,1595182657572,"L"
264507,65,30,0,0,DOWN,1595222724772,"A"
264507,65,30,0,0,UP,1595262918372,"A"
264507,78,49,0,0,DOWN,1595318726972,"N"
264507,78,49,0,0,UP,1595382691272,"N"
264507,68,32,0,0,DOWN,1595422820372,"D"
264507,70,33,0,0,DOWN,1595518830072,"F"
264507,68,32,0,0,UP,1595534812372,"D"
264507,70,33,0,0,UP,1595598683672,"F"
264507,72,35,0,0,DOWN,1595622830272,"H"
264507,66,48,0,0,DOWN,1595718682572,"B"
264507,72,35,0,0,UP,1595734509972,"H"
264507,85,22,0,0,DOWN,1595822805072,"U"
264507,66,48,0,0,UP,1595846665372,"B"
264507,82,19,0,0,DOWN,1595918700972,"R"
264507,85,22,0,0,UP,1595934660072,"U"
264507,71,34,0,0,DOWN,1596022627872,"G"
264507,82,19,0,0,UP,1596038627672,"R"
264507,69,18,0,0,DOWN,1596118714372,"E"
264507,71,34,0,0,UP,1596126771472,"G"
264507,78,49,0,0,DOWN,1596222864972,"N"
264507,69,18,0,0,UP,1596230828272,"E"
264507,78,49,0,0,UP,1596278447172,"N"
264507,76,38,0,0,DOWN,1596318785472,"L"
264507,76,38,0,0,UP,1596374839072,"L"
264507,65,30,0,0,DOWN,1596422768572,"A"
264507,65,30,0,0,UP,1596470761872,"A"
264507,78,49,0,0,DOWN,1596526643372,"N"
264507,78,49,0,0,UP,1596590659772,"N"
264507,68,32,0,0,DOWN,1596622824072,"D"
264507,70,33,0,0,DOWN,1596726745872,"F"
264507,68,32,0,0,UP,1596742788172,"D"
264507,70,33,0,0,UP,1596806692272,"F"
264507,72,35,0,0,DOWN,1596822815972,"H"
264507,66,48,0,0,DOWN,1596926698572,"B"
264507,72,35,0,0,UP,1596942825272,"H"
264507,85,22,0,0,DOWN,1597022691372,"U"
264507,66,48,0,0,UP,1597046418572,"B"
264507,82,19,0,0,DOWN,1597118694472,"R"
264507,85,22,0,0,UP,1597126699672,"U"
264507,71,34,0,0,DOWN,1597222473672,"G"
264507,82,19,0,0,UP,1597238816472,"R"
264507,69,18,0,0,DOWN,1597326879772,"E"
264507,71,34,0,0,UP,1597334847872,"G"
264507,78,49,0,0,DOWN,1597422837772,"N"
264507,69,18,0,0,UP,1597430505372,"E"
264507,78,49,0,0,UP,1597486842772,"N"
264507,76,38,0,0,DOWN,1597518786972,"L"
264507,76,38,0,0,UP,1597574849572,"L"
264507,65,30,0,0,DOWN,1597622681572,"A"
264507,65,30,0,0,UP,1597662547972,"A"
264507,78,49,0,0,DOWN,1597718928372,"N"
264507,78,49,0,0,UP,1597782803572,"N"
264507,68,32,0,0,DOWN,1597822712072,"D"
264507,70,33,0,0,DOWN,1597918431872,"F"
264507,68,32,0,0,UP,1597934421772,"D"
264507,70,33,0,0,UP,1597998396972,"F"
264507,72,35,0,0,DOWN,1598022650072,"H"
264507,66,48,0,0,DOWN,1598118726772,"B"
264507,72,35,0,0,UP,1598126701172,"H"
264507,85,22,0,0,DOWN,1598222835472,"U"
264507,66,48,0,0,UP,1598246500272,"B"
264507,82,19,0,0,DOWN,1598326673072,"R"
264507,85,22,0,0,UP,1598334862872,"U"
264507,71,34,0,0,DOWN,1598422685372,"G"
264507,82,19,0,0,UP,1598446410572,"R"
264507,69,18,0,0,DOWN,1598526826072,"E"
264507,71,34,0,0,UP,1598534611272,"G"
264507,69,18,0,0,UP,1598622675072,"E"
264507,78,49,0,0,DOWN,1598623400472,"N"
264507,78,49,0,0,UP,1598686722172,"N"
264507,76,38,0,0,DOWN,1598726688972,"L"
264507,76,38,0,0,UP,1598782826872,"L"
264507,65,30,0,0,DOWN,1598822759872,"A"
264507,65,30,0,0,UP,1598862832272,"A"
264507,78,49,0,0,DOWN,1598926697672,"N"
264507,78,49,0,0,UP,1598982683872,"N"
264507,68,32,0,0,DOWN,1599022733172,"D"
264507,70,33,0,0,DOWN,1599118845872,"F"
264507,68,32,0,0,UP,1599134711172,"D"
264507,70,33,0,0,UP,1599198652872,"F"
264507,72,35,0,0,DOWN,1599222715472,"H"
264507,66,48,0,0,DOWN,1599318626072,"B"
264507,72,35,0,0,UP,1599326658272,"H"
264507,85,22,0,0,DOWN,1599422798472,"U"
264507,66,48,0,0,UP,1599438851972,"B"
264507,82,19,0,0,DOWN,1599518720572,"R"
264507,85,22,0,0,UP,1599534996572,"U"
264507,71,34,0,0,DOWN,1599622743972,"G"
264507,82,19,0,0,UP,1599638936072,"R"
264507,69,18,0,0,DOWN,1599718633572,"E"
264507,71,34,0,0,UP,1599726329572,"G"
264507,78,49,0,0,DOWN,1599822575772,"N"
264507,69,18,0,0,UP,1599836069872,"E"
264507,78,49,0,0,UP,1599886676072,"N"
264507,76,38,0,0,DOWN,1599918841372,"L"
264507,76,38,0,0,UP,1599982688072,"L"
264507,65,30,0,0,DOWN,1600022787972,"A"
264507,65,30,0,0,UP,1600070690172,"A"
264507,78,49,0,0,DOWN,1600118805572,"N"
264507,78,49,0,0,UP,1600190792072,"N"
264507,68,32,0,0,DOWN,1600222712872,"D"
264507,70,33,0,0,DOWN,1600326726172,"F"
264507,68,32,0,0,UP,1600334874172,"D"
264507,70,33,0,0,UP,1600398684572,"F"
264507,72,35,0,0,DOWN,1600422691272,"H"
264507,66,48,0,0,DOWN,1600526705072,"B"
264507,72,35,0,0,UP,1600534688772,"H"
264507,85,22,0,0,DOWN,1600622734372,"U"
264507,66,48,0,0,UP,1600638704672,"B"
264507,82,19,0,0,DOWN,1600726711772,"R"
264507,85,22,0,0,UP,1600734832072,"U"
264507,71,34,0,0,DOWN,1600822714672,"G"
264507,82,19,0,0,UP,1600838796672,"R"
264507,71,34,0,0,UP,1600926753772,"G"
264507,69,18,0,0,DOWN,1600927737872,"E"
264507,78,49,0,0,DOWN,1601022816772,"N"
264507,69,18,0,0,UP,1601030663872,"E"
264507,78,49,0,0,UP,1601086689172,"N"
264507,76,38,0,0,DOWN,1601118650172,"L"
264507,76,38,0,0,UP,1601182527472,"L"
264507,65,30,0,0,DOWN,1601222696072,"A"
264507,65,30,0,0,UP,1601262686272,"A"
264507,78,49,0,0,DOWN,1601318688172,"N"
264507,78,49,0,0,UP,1601382520572,"N"
264507,68,32,0,0,DOWN,1601422885472,"D"
264507,70,33,0,0,DOWN,1601518861072,"F"
264507,68,32,0,0,UP,1601534632672,"D"
264507,70,33,0,0,UP,1601598630472,"F"
264507,72,35,0,0,DOWN,1601622694872,"H"
264507,66,48,0,0,DOWN,1601718690472,"B"
264507,72,35,0,0,UP,1601726685572,"H"
264507,85,22,0,0,DOWN,1601822765772,"U"
264507,66,48,0,0,UP,1601838935472,"B"
264507,82,19,0,0,DOWN,1601918769372,"R"
264507,85,22,0,0,UP,1601926812272,"U"
264507,71,34,0,0,DOWN,1602022720472,"G"
264507,82,19,0,0,UP,1602038867472,"R"
264507,71,34,0,0,UP,1602126692572,"G"
264507,69,18,0,0,DOWN,1602127509172,"E"
264507,78,49,0,0,DOWN,1602222752672,"N"
264507,69,18,0,0,UP,1602230743072,"E"
264507,78,49,0,0,UP,1602286788672,"N"
264507,76,38,0,0,DOWN,1602326739672,"L"
264507,76,38,0,0,UP,1602374614772,"L"
264507,65,30,0,0,DOWN,1602422738772,"A"
264507,65,30,0,0,UP,1602462783272,"A"
264507,78,49,0,0,DOWN,1602526774072,"N"
264507,78,49,0,0,UP,1602582548972,"N"
264507,68,32,0,0,DOWN,1602622774172,"D"
264507,70,33,0,0,DOWN,1602726797272,"F"
264507,68,32,0,0,UP,1602734824872,"D"
264507,70,33,0,0,UP,1602798915372,"F"
264507,72,35,0,0,DOWN,1602822752672,"H"
264507,66,48,0,0,DOWN,1602918870472,"B"
264507,72,35,0,0,UP,1602926765872,"H"
264507,85,22,0,0,DOWN,1603022718372,"U"
264507,66,48,0,0,UP,1603038729072,"B"
264507,82,19,0,0,DOWN,1603118731572,"R"
264507,85,22,0,0,UP,1603126952472,"U"
264507,71,34,0,0,DOWN,1603222731972,"G"
264507,82,19,0,0,UP,1603238719872,"R"
264507,69,18,0,0,DOWN,1603318581172,"E"
264507,71,34,0,0,UP,1603334471572,"G"
264507,69,18,0,0,UP,1603422743772,"E"
264507,78,49,0,0,DOWN,1603423563272,"N"
264507,78,49,0,0,UP,1603478773272,"N"
264507,76,38,0,0,DOWN,1603518751672,"L"
264507,76,38,0,0,UP,1603582877872,"L"
264507,65,30,0,0,DOWN,1603622594072,"A"
264507,65,30,0,0,UP,1603670769472,"A"
264507,78,49,0,0,DOWN,1603718735572,"N"
264507,78,49,0,0,UP,1603782853272,"N"
264507,68,32,0,0,DOWN,1603822758872,"D"
264507,70,33,0,0,DOWN,1603926485172,"F"
264507,68,32,0,0,UP,1603934883172,"D"
264507,70,33,0,0,UP,1603998885872,"F"
264507,72,35,0,0,DOWN,1604022759472,"H"
264507,66,48,0,0,DOWN,1604126793672,"B"
264507,72,35,0,0,UP,1604134818872,"H"
264507,85,22,0,0,DOWN,1604222719272,"U"
264507,66,48,0,0,UP,1604246359172,"B"
264507,82,19,0,0,DOWN,1604326680872,"R"
264507,85,22,0,0,UP,1604342684872,"U"
264507,71,34,0,0,DOWN,1604422766672,"G"
264507,82,19,0,0,UP,1604438754672,"R"
264507,69,18,0,0,DOWN,1604526751172,"E"
264507,71,34,0,0,UP,1604542747772,"G"
264507,78,49,0,0,DOWN,1604622735172,"N"
264507,69,18,0,0,UP,1604631043172,"E"
264507,78,49,0,0,UP,1604686753772,"N"
264507,76,38,0,0,DOWN,1604718819672,"L"
264507,76,38,0,0,UP,1604774698472,"L"
264507,65,30,0,0,DOWN,1604822822172,"A"
264507,65,30,0,0,UP,1604862711672,"A"
264507,78,49,0,0,DOWN,1604918730772,"N"
264507,78,49,0,0,UP,1604982918372,"N"
264507,68,32,0,0,DOWN,1605022692372,"D"
264507,70,33,0,0,DOWN,1605118685672,"F"
264507,68,32,0,0,UP,1605134683372,"D"
264507,70,33,0,0,UP,1605198744172,"F"
264507,72,35,0,0,DOWN,1605222751072,"H"
264507,66,48,0,0,DOWN,1605318612872,"B"
264507,72,35,0,0,UP,1605326282472,"H"
264507,85,22,0,0,DOWN,1605422768072,"U"
264507,66,48,0,0,UP,1605438743872,"B"
264507,82,19,0,0,DOWN,1605518546972,"R"
264507,85,22,0,0,UP,1605534654872,"U"
264507,71,34,0,0,DOWN,1605622747072,"G"
264507,82,19,0,0,UP,1605638765872,"R"
264507,69,18,0,0,DOWN,1605718594472,"E"
264507,71,34,0,0,UP,1605734855072,"G"
264507,69,18,0,0,UP,1605822836672,"E"
264507,78,49,0,0,DOWN,1605823562872,"N"
264507,78,49,0,0,UP,1605886683772,"N"
264507,76,38,0,0,DOWN,1605926785372,"L"
264507,76,38,0,0,UP,1605982761972,"L"
264507,65,30,0,0,DOWN,1606022770972,"A"
264507,65,30,0,0,UP,1606070743472,"A"
264507,78,49,0,0,DOWN,1606126743272,"N"
264507,78,49,0,0,UP,1606182915672,"N"
264507,68,32,0,0,DOWN,1606222756972,"D"
264507,70,33,0,0,DOWN,1606326784372,"F"
264507,68,32,0,0,UP,1606334769372,"D"
264507,70,33,0,0,UP,1606398765672,"F"
264507,72,35,0,0,DOWN,1606422798272,"H"
264507,72,35,0,0,UP,1606526788772,"H"
264507,66,48,0,0,DOWN,1606527519572,"B"
264507,85,22,0,0,DOWN,1606622923672,"U"
264507,66,48,0,0,UP,1606638685372,"B"
264507,82,19,0,0,DOWN,1606718694272,"R"
264507,85,22,0,0,UP,1606726688372,"U"
264507,71,34,0,0,DOWN,1606822825672,"G"
264507,82,19,0,0,UP,1606838721372,"R"
264507,69,18,0,0,DOWN,1606926813972,"E"
264507,71,34,0,0,UP,1606934733772,"G"
264507,69,18,0,0,UP,1607022764272,"E"
264507,78,49,0,0,DOWN,1607023492472,"N"
264507,78,49,0,0,UP,1607086571972,"N"
264507,76,38,0,0,DOWN,1607118839472,"L"
264507,76,38,0,0,UP,1607182519672,"L"
264507,65,30,0,0,DOWN,1607222717472,"A"
264507,65,30,0,0,UP,1607262720472,"A"
264507,78,49,0,0,DOWN,1607318792572,"N"
264507,78,49,0,0,UP,1607390800372,"N"
264507,68,32,0,0,DOWN,1607422806372,"D"
264507,70,33,0,0,DOWN,1607518878572,"F"
264507,68,32,0,0,UP,1607534798072,"D"
264507,70,33,0,0,UP,1607598753972,"F"
264507,72,35,0,0,DOWN,1607622899672,"H"
264507,66,48,0,0,DOWN,1607718903172,"B"
264507,72,35,0,0,UP,1607726707872,"H"
264507,85,22,0,0,DOWN,1607822815172,"U"
264507,66,48,0,0,UP,1607846851172,"B"
264507,82,19,0,0,DOWN,1607926748372,"R"
264507,85,22,0,0,UP,1607934821072,"U"
264507,71,34,0,0,DOWN,1608022798572,"G"
264507,82,19,0,0,UP,1608046736772,"R"
264507,69,18,0,0,DOWN,1608126882972,"E"
264507,71,34,0,0,UP,1608134339772,"G"
264507,69,18,0,0,UP,1608222963772,"E"
264507,78,49,0,0,DOWN,1608223717572,"N"
264507,78,49,0,0,UP,1608286696972,"N"
264507,76,38,0,0,DOWN,1608318622172,"L"
264507,76,38,0,0,UP,1608382774672,"L"
264507,65,30,0,0,DOWN,1608422803272,"A"
264507,65,30,0,0,UP,1608462755372,"A"
264507,78,49,0,0,DOWN,1608518793472,"N"
264507,78,49,0,0,UP,1608582778172,"N"
264507,68,32,0,0,DOWN,1608622825572,"D"
264507,70,33,0,0,DOWN,1608718760272,"F"
264507,68,32,0,0,UP,1608734779472,"D"
264507,70,33,0,0,UP,1608798518272,"F"
264507,72,35,0,0,DOWN,1608822740672,"H"
264507,66,48,0,0,DOWN,1608918921772,"B"
264507,72,35,0,0,UP,1608934808672,"H"
264507,85,22,0,0,DOWN,1609022998172,"U"
264507,66,48,0,0,UP,1609038588872,"B"
264507,82,19,0,0,DOWN,1609118798272,"R"
264507,85,22,0,0,UP,1609134763372,"U"
264507,71,34,0,0,DOWN,1609222916172,"G"
264507,82,19,0,0,UP,1609238726672,"R"
264507,69,18,0,0,DOWN,1609318849572,"E"
264507,71,34,0,0,UP,1609326837472,"G"
264507,78,49,0,0,DOWN,1609422773872,"N"
264507,69,18,0,0,UP,1609430894772,"E"
264507,78,49,0,0,UP,1609478765572,"N"
264507,76,38,0,0,DOWN,1609518765072,"L"
264507,76,38,0,0,UP,1609582908372,"L"
264507,65,30,0,0,DOWN,1609622764372,"A"
264507,65,30,0,0,UP,1609670916472,"A"
264507,78,49,0,0,DOWN,1609726779572,"N"
264507,78,49,0,0,UP,1609782836672,"N"
264507,68,32,0,0,DOWN,1609822760372,"D"
264507,70,33,0,0,DOWN,1609926786772,"F"
264507,68,32,0,0,UP,1609942777772,"D"
264507,70,33,0,0,UP,1609998744472,"F"
264507,72,35,0,0,DOWN,1610022569772,"H"
264507,66,48,0,0,DOWN,1610126941472,"B"
264507,72,35,0,0,UP,1610134810472,"H"
264507,85,22,0,0,DOWN,1610222818772,"U"
264507,66,48,0,0,UP,1610246833472,"B"
264507,82,19,0,0,DOWN,1610318840972,"R"
264507,85,22,0,0,UP,1610326801272,"U"
264507,71,34,0,0,DOWN,1610422816372,"G"
264507,82,19,0,0,UP,1610438710172,"R"
264507,69,18,0,0,DOWN,1610526866672,"E"
264507,71,34,0,0,UP,1610534573272,"G"
264507,69,18,0,0,UP,1610622779472,"E"
264507,78,49,0,0,DOWN,1610623517972,"N"
264507,78,49,0,0,UP,1610686842172,"N"
264507,76,38,0,0,DOWN,1610718888572,"L"
264507,76,38,0,0,UP,1610782763472,"L"
264507,65,30,0,0,DOWN,1610822554072,"A"
264507,65,30,0,0,UP,1610862913272,"A"
264507,78,49,0,0,DOWN,1610918789572,"N"
264507,78,49,0,0,UP,1610982755172,"N"
264507,68,32,0,0,DOWN,1611022515672,"D"
264507,70,33,0,0,DOWN,1611118841072,"F"
264507,68,32,0,0,UP,1611134777472,"D"
264507,70,33,0,0,UP,1611198756072,"F"
264507,72,35,0,0,DOWN,1611222554572,"H"
264507,66,48,0,0,DOWN,1611318809072,"B"
264507,72,35,0,0,UP,1611326807472,"H"
264507,85,22,0,0,DOWN,1611422552272,"U"
264507,66,48,0,0,UP,1611438726372,"B"
264507,82,19,0,0,DOWN,1611526851472,"R"
264507,85,22,0,0,UP,1611534818972,"U"
264507,71,34,0,0,DOWN,1611622474272,"G"
264507,82,19,0,0,UP,1611638933772,"R"
264507,69,18,0,0,DOWN,1611726842772,"E"
264507,71,34,0,0,UP,1611734778772,"G"
264507,78,49,0,0,DOWN,1611822577072,"N"
264507,69,18,0,0,UP,1611830960072,"E"
264507,78,49,0,0,UP,1611886762572,"N"
264507,76,38,0,0,DOWN,1611926892272,"L"
264507,76,38,0,0,UP,1611982805172,"L"
264507,65,30,0,0,DOWN,1612022570872,"A"
264507,65,30,0,0,UP,1612062832472,"A"
264507,78,49,0,0,DOWN,1612126888872,"N"
264507,78,49,0,0,UP,1612182811172,"N"
264507,68,32,0,0,DOWN,1612222505972,"D"
264507,70,33,0,0,DOWN,1612318816172,"F"
264507,68,32,0,0,UP,1612334766072,"D"
264507,70,33,0,0,UP,1612398830372,"F"
264507,72,35,0,0,DOWN,1612422716672,"H"
264507,66,48,0,0,DOWN,1612518963572,"B"
264507,72,35,0,0,UP,1612534988772,"H"
264507,85,22,0,0,DOWN,1612622910072,"U"
264507,66,48,0,0,UP,1612638804572,"B"
264507,82,19,0,0,DOWN,1612718875972,"R"
264507,85,22,0,0,UP,1612734745372,"U"
264507,71,34,0,0,DOWN,1612822834372,"G"
264507,82,19,0,0,UP,1612838894372,"R"
264507,71,34,0,0,UP,1612918579872,"G"
264507,69,18,0,0,DOWN,1612919712172,"E"
264507,78,49,0,0,DOWN,1613022800472,"N"
264507,69,18,0,0,UP,1613030748172,"E"
264507,78,49,0,0,UP,1613078763272,"N"
264507,76,38,0,0,DOWN,1613118872372,"L"
264507,76,38,0,0,UP,1613174769072,"L"
264507,65,30,0,0,DOWN,1613222973472,"A"
264507,65,30,0,0,UP,1613270588772,"A"
264507,78,49,0,0,DOWN,1613326838272,"N"
264507,78,49,0,0,UP,1613382761872,"N"
264507,68,32,0,0,DOWN,1613422879472,"D"
264507,70,33,0,0,DOWN,1613526910872,"F"
264507,68,32,0,0,UP,1613534802272,"D"
264507,70,33,0,0,UP,1613598824272,"F"
264507,72,35,0,0,DOWN,1613622829772,"H"
264507,72,35,0,0,UP,1613726804172,"H"
264507,66,48,0,0,DOWN,1613727752272,"B"
264507,85,22,0,0,DOWN,1613822619172,"U"
264507,66,48,0,0,UP,1613838913272,"B"
264507,82,19,0,0,DOWN,1613926842072,"R"
264507,85,22,0,0,UP,1613934848272,"U"
264507,71,34,0,0,DOWN,1614022791672,"G"
264507,82,19,0,0,UP,1614038831872,"R"
264507,71,34,0,0,UP,1614126888972,"G"
264507,69,18,0,0,DOWN,1614127620772,"E"
264507,78,49,0,0,DOWN,1614222823072,"N"
264507,69,18,0,0,UP,1614230748772,"E"
264507,78,49,0,0,UP,1614286885172,"N"
264507,76,38,0,0,DOWN,1614318620572,"L"
264507,76,38,0,0,UP,1614382808272,"L"
264507,65,30,0,0,DOWN,1614422838072,"A"
264507,65,30,0,0,UP,1614462754272,"A"
264507,78,49,0,0,DOWN,1614518865972,"N"
264507,78,49,0,0,UP,1614582859572,"N"
264507,68,32,0,0,DOWN,1614622836872,"D"
264507,70,33,0,0,DOWN,1614718851472,"F"
264507,68,32,0,0,UP,1614734794972,"D"
264507,70,33,0,0,UP,1614798822172,"F"
264507,72,35,0,0,DOWN,1614822743172,"H"
264507,66,48,0,0,DOWN,1614918882372,"B"
264507,72,35,0,0,UP,1614934827372,"H"
264507,85,22,0,0,DOWN,1615022852472,"U"
264507,66,48,0,0,UP,1615038935872,"B"
264507,82,19,0,0,DOWN,1615118850072,"R"
264507,85,22,0,0,UP,1615134807472,"U"
264507,71,34,0,0,DOWN,1615222835372,"G"
264507,82,19,0,0,UP,1615238804472,"R"
264507,69,18,0,0,DOWN,1615326818072,"E"
264507,71,34,0,0,UP,1615334993172,"G"
264507,69,18,0,0,UP,1615422868972,"E"
264507,78,49,0,0,DOWN,1615423603672,"N"
264507,78,49,0,0,UP,1615486826572,"N"
264507,76,38,0,0,DOWN,1615526803472,"L"
264507,76,38,0,0,UP,1615582836072,"L"
264507,65,30,0,0,DOWN,1615622829872,"A"
264507,65,30,0,0,UP,1615662852372,"A"
264507,78,49,0,0,DOWN,1615726707172,"N"
264507,78,49,0,0,UP,1615782822672,"N"
264507,68,32,0,0,DOWN,1615822811872,"D"
264507,70,33,0,0,DOWN,1615926839972,"F"
264507,68,32,0,0,UP,1615934779272,"D"
264507,70,33,0,0,UP,1615998864372,"F"
264507,72,35,0,0,DOWN,1616022945672,"H"
264507,66,48,0,0,DOWN,1616118828872,"B"
264507,72,35,0,0,UP,1616126551572,"H"
264507,85,22,0,0,DOWN,1616222760372,"U"
264507,66,48,0,0,UP,1616238827872,"B"
264507,82,19,0,0,DOWN,1616318837972,"R"
264507,85,22,0,0,UP,1616334763972,"U"
264507,71,34,0,0,DOWN,1616422943372,"G"
264507,82,19,0,0,UP,1616438905772,"R"
264507,69,18,0,0,DOWN,1616518628572,"E"
264507,71,34,0,0,UP,1616534799272,"G"
264507,78,49,0,0,DOWN,1616622885972,"N"
264507,69,18,0,0,UP,1616630944172,"E"
264507,78,49,0,0,UP,1616679006772,"N"
264507,76,38,0,0,DOWN,1616718944072,"L"
264507,76,38,0,0,UP,1616782851272,"L"
264507,65,30,0,0,DOWN,1616822808572,"A"
264507,65,30,0,0,UP,1616870833872,"A"
264507,78,49,0,0,DOWN,1616918887572,"N"
264507,78,49,0,0,UP,1616982911472,"N"
264507,68,32,0,0,DOWN,1617022871572,"D"
264507,70,33,0,0,DOWN,1617126692272,"F"
264507,68,32,0,0,UP,1617134811972,"D"
264507,70,33,0,0,UP,1617207029972,"F"
264507,72,35,0,0,DOWN,1617222836972,"H"
264507,66,48,0,0,DOWN,1617326635672,"B"
264507,72,35,0,0,UP,1617334926872,"H"
264507,85,22,0,0,DOWN,1617422874472,"U"
264507,66,48,0,0,UP,1617446675172,"B"
264507,82,19,0,0,DOWN,1617526570272,"R"
264507,85,22,0,0,UP,1617534690872,"U"
264507,71,34,0,0,DOWN,1617622860872,"G"
264507,82,19,0,0,UP,1617638870772,"R"
264507,69,18,0,0,DOWN,1617726656872,"E"
264507,71,34,0,0,UP,1617734863172,"G"
264507,78,49,0,0,DOWN,1617822810772,"N"
264507,69,18,0,0,UP,1617838834372,"E"
264507,78,49,0,0,UP,1617886872272,"N"
264507,76,38,0,0,DOWN,1617918869272,"L"
264507,76,38,0,0,UP,1617982859672,"L"
264507,65,30,0,0,DOWN,1618022885872,"A"
264507,65,30,0,0,UP,1618062662672,"A"
264507,78,49,0,0,DOWN,1618118910372,"N"
264507,78,49,0,0,UP,1618182870372,"N"
264507,68,32,0,0,DOWN,1618222907772,"D"
264507,70,33,0,0,DOWN,1618318871772,"F"
264507,68,32,0,0,UP,1618334848272,"D"
264507,70,33,0,0,UP,1618398884872,"F"
264507,72,35,0,0,DOWN,1618422884672,"H"
264507,66,48,0,0,DOWN,1618518898972,"B"
264507,72,35,0,0,UP,1618526712972,"H"
264507,85,22,0,0,DOWN,1618622922672,"U"
264507,66,48,0,0,UP,1618638966372,"B"
264507,82,19,0,0,DOWN,1618718592872,"R"
264507,85,22,0,0,UP,1618734760172,"U"
264507,71,34,0,0,DOWN,1618822891172,"G"
264507,82,19,0,0,UP,1618839007672,"R"
264507,69,18,0,0,DOWN,1618926903972,"E"
264507,71,34,0,0,UP,1618934811672,"G"
264507,69,18,0,0,UP,1619022925072,"E"
264507,78,49,0,0,DOWN,1619023858372,"N"
264507,78,49,0,0,UP,1619086811672,"N"
264507,76,38,0,0,DOWN,1619126886272,"L"
264507,76,38,0,0,UP,1619174853572,"L"
264507,65,30,0,0,DOWN,1619222861872,"A"
264507,65,30,0,0,UP,1619270816472,"A"
264507,78,49,0,0,DOWN,1619327054972,"N"
264507,78,49,0,0,UP,1619382838572,"N"
264507,68,32,0,0,DOWN,1619422898272,"D"
264507,70,33,0,0,DOWN,1619526941472,"F"
264507,68,32,0,0,UP,1619542878472,"D"
264507,70,33,0,0,UP,1619590800772,"F"
264507,72,35,0,0,DOWN,1619622583072,"H"
264507,66,48,0,0,DOWN,1619727158572,"B"
264507,72,35,0,0,UP,1619734857072,"H"
264507,85,22,0,0,DOWN,1619822894172,"U"
264507,66,48,0,0,UP,1619847149272,"B"
264507,82,19,0,0,DOWN,1619918845972,"R"
264507,85,22,0,0,UP,1619926851872,"U"
264507,71,34,0,0,DOWN,1620022912872,"G"
264507,82,19,0,0,UP,1620038918072,"R"
264507,69,18,0,0,DOWN,1620126877672,"E"
264507,71,34,0,0,UP,1620134644772,"G"
264507,69,18,0,0,UP,1620222864972,"E"
264507,78,49,0,0,DOWN,1620223597972,"N"
264507,78,49,0,0,UP,1620286813372,"N"
264507,76,38,0,0,DOWN,1620319012672,"L"
264507,76,38,0,0,UP,1620374905072,"L"
264507,65,30,0,0,DOWN,1620422925772,"A"
264507,65,30,0,0,UP,1620462636872,"A"
264507,78,49,0,0,DOWN,1620518926172,"N"
264507,78,49,0,0,UP,1620590880372,"N"
264507,68,32,0,0,DOWN,1620622843872,"D"
264507,70,33,0,0,DOWN,1620719190372,"F"
264507,68,32,0,0,UP,1620734862472,"D"
264507,70,33,0,0,UP,1620798861972,"F"
264507,72,35,0,0,DOWN,1620823090372,"H"
264507,66,48,0,0,DOWN,1620926905072,"B"
264507,72,35,0,0,UP,1620934866172,"H"
264507,85,22,0,0,DOWN,1621022929372,"U"
264507,66,48,0,0,UP,1621046644772,"B"
264507,82,19,0,0,DOWN,1621127006872,"R"
264507,85,22,0,0,UP,1621134914972,"U"
264507,71,34,0,0,DOWN,1621222896372,"G"
264507,82,19,0,0,UP,1621238944772,"R"
264507,69,18,0,0,DOWN,1621326835472,"E"
264507,71,34,0,0,UP,1621334875372,"G"
264507,69,18,0,0,UP,1621422884772,"E"
264507,78,49,0,0,DOWN,1621423658572,"N"
264507,78,49,0,0,UP,1621486871972,"N"
264507,76,38,0,0,DOWN,1621526927772,"L"
264507,76,38,0,0,UP,1621582925272,"L"
264507,65,30,0,0,DOWN,1621622748972,"A"
264507,65,30,0,0,UP,1621662600872,"A"
264507,78,49,0,0,DOWN,1621726871672,"N"
264507,78,49,0,0,UP,1621782879172,"N"
264507,68,32,0,0,DOWN,1621822881172,"D"
264507,70,33,0,0,DOWN,1621918903272,"F"
264507,68,32,0,0,UP,1621934849472,"D"
264507,70,33,0,0,UP,1621998925272,"F"
264507,72,35,0,0,DOWN,1622022885772,"H"
264507,66,48,0,0,DOWN,1622118930772,"B"
264507,72,35,0,0,UP,1622126620372,"H"
264507,85,22,0,0,DOWN,1622222886672,"U"
264507,66,48,0,0,UP,1622238840172,"B"
264507,82,19,0,0,DOWN,1622318883372,"R"
264507,85,22,0,0,UP,1622334833072,"U"
264507,71,34,0,0,DOWN,1622422927572,"G"
264507,82,19,0,0,UP,1622438888672,"R"
264507,69,18,0,0,DOWN,1622518979972,"E"
264507,71,34,0,0,UP,1622534888672,"G"
264507,78,49,0,0,DOWN,1622622900872,"N"
264507,69,18,0,0,UP,1622631184272,"E"
264507,78,49,0,0,UP,1622678878472,"N"
264507,76,38,0,0,DOWN,1622718883772,"L"
264507,76,38,0,0,UP,1622782849872,"L"
264507,65,30,0,0,DOWN,1622822923972,"A"
264507,65,30,0,0,UP,1622870901472,"A"
264507,78,49,0,0,DOWN,1622926957972,"N"
264507,78,49,0,0,UP,1622982639272,"N"
264507,68,32,0,0,DOWN,1623022879172,"D"
264507,70,33,0,0,DOWN,1623127032272,"F"
264507,68,32,0,0,UP,1623135025372,"D"
264507,70,33,0,0,UP,1623198864272,"F"
264507,72,35,0,0,DOWN,1623222912872,"H"
264507,66,48,0,0,DOWN,1623326924772,"B"
264507,72,35,0,0,UP,1623334885372,"H"
264507,85,22,0,0,DOWN,1623422918472,"U"
264507,66,48,0,0,UP,1623447065272,"B"
264507,82,19,0,0,DOWN,1623526941772,"R"
264507,85,22,0,0,UP,1623534824072,"U"
264507,71,34,0,0,DOWN,1623622933372,"G"
264507,82,19,0,0,UP,1623639243272,"R"
264507,71,34,0,0,UP,1623718777272,"G"
264507,69,18,0,0,DOWN,1623726973672,"E"
264507,78,49,0,0,DOWN,1623822882072,"N"
264507,69,18,0,0,UP,1623830705072,"E"
264507,78,49,0,0,UP,1623886882472,"N"
264507,76,38,0,0,DOWN,1623918971772,"L"
264507,76,38,0,0,UP,1623982669572,"L"
264507,65,30,0,0,DOWN,1624022937372,"A"
264507,65,30,0,0,UP,1624062893572,"A"
264507,78,49,0,0,DOWN,1624119088672,"N"
264507,78,49,0,0,UP,1624182916972,"N"
264507,68,32,0,0,DOWN,1624222852672,"D"
264507,70,33,0,0,DOWN,1624318963772,"F"
264507,68,32,0,0,UP,1624334815172,"D"
264507,70,33,0,0,UP,1624398962472,"F"
264507,72,35,0,0,DOWN,1624422897472,"H"
264507,66,48,0,0,DOWN,1624518903972,"B"
264507,72,35,0,0,UP,1624526896372,"H"
264507,85,22,0,0,DOWN,1624622927672,"U"
264507,66,48,0,0,UP,1624639048672,"B"
264507,82,19,0,0,DOWN,1624718810972,"R"
264507,85,22,0,0,UP,1624734864372,"U"
264507,71,34,0,0,DOWN,1624822943272,"G"
264507,82,19,0,0,UP,1624838891372,"R"
264507,69,18,0,0,DOWN,1624926922772,"E"
264507,71,34,0,0,UP,1624934748472,"G"
264507,69,18,0,0,UP,1625022937472,"E"
264507,78,49,0,0,DOWN,1625023735972,"N"
264507,78,49,0,0,UP,1625087054272,"N"
264507,76,38,0,0,DOWN,1625126949172,"L"
264507,76,38,0,0,UP,1625174911072,"L"
264507,65,30,0,0,DOWN,1625222871772,"A"
264507,65,30,0,0,UP,1625262893872,"A"
264507,78,49,0,0,DOWN,1625326902072,"N"
264507,78,49,0,0,UP,1625382738772,"N"
264507,68,32,0,0,DOWN,1625422938872,"D"
264507,70,33,0,0,DOWN,1625526928672,"F"
264507,68,32,0,0,UP,1625534869172,"D"
264507,70,33,0,0,UP,1625598755772,"F"
264507,72,35,0,0,DOWN,1625622940272,"H"
264507,66,48,0,0,DOWN,1625718782472,"B"
264507,72,35,0,0,UP,1625726744572,"H"
264507,85,22,0,0,DOWN,1625822973572,"U"
264507,66,48,0,0,UP,1625847044772,"B"
264507,82,19,0,0,DOWN,1625918536872,"R"
264507,85,22,0,0,UP,1625934697972,"U"
264507,71,34,0,0,DOWN,1626022637072,"G"
264507,82,19,0,0,UP,1626038699972,"R"
264507,71,34,0,0,UP,1626126716272,"G"
264507,69,18,0,0,DOWN,1626127346472,"E"
264507,78,49,0,0,DOWN,1626222650572,"N"
264507,69,18,0,0,UP,1626230686172,"E"
264507,78,49,0,0,UP,1626286574272,"N"
264507,76,38,0,0,DOWN,1626318636872,"L"
264507,76,38,0,0,UP,1626374606172,"L"
264507,65,30,0,0,DOWN,1626422710472,"A"
264507,65,30,0,0,UP,1626470606872,"A"
264507,78,49,0,0,DOWN,1626518641572,"N"
264507,78,49,0,0,UP,1626582693972,"N"
264507,68,32,0,0,DOWN,1626622526972,"D"
264507,70,33,0,0,DOWN,1626726680772,"F"
264507,68,32,0,0,UP,1626734617072,"D"
264507,70,33,0,0,UP,1626806604472,"F"
264507,72,35,0,0,DOWN,1626822602572,"H"
264507,66,48,0,0,DOWN,1626926642372,"B"
264507,72,35,0,0,UP,1626934711872,"H"
264507,85,22,0,0,DOWN,1627022597372,"U"
264507,66,48,0,0,UP,1627046722872,"B"
264507,82,19,0,0,DOWN,1627126653072,"R"
264507,85,22,0,0,UP,1627142593072,"U"
264507,71,34,0,0,DOWN,1627222567272,"G"
264507,82,19,0,0,UP,1627238720272,"R"
264507,69,18,0,0,DOWN,1627326587672,"E"
264507,71,34,0,0,UP,1627334717172,"G"
264507,69,18,0,0,UP,1627422564672,"E"
264507,78,49,0,0,DOWN,1627423103372,"N"
264507,78,49,0,0,UP,1627486693372,"N"
264507,76,38,0,0,DOWN,1627518631772,"L"
264507,76,38,0,0,UP,1627582828672,"L"
264507,65,30,0,0,DOWN,1627622604372,"A"
264507,65,30,0,0,UP,1627662737372,"A"
264507,78,49,0,0,DOWN,1627718801272,"N"
264507,78,49,0,0,UP,1627782920972,"N"
264507,68,32,0,0,DOWN,1627822987472,"D"
264507,70,33,0,0,DOWN,1627918620372,"F"
264507,68,32,0,0,UP,1627934610172,"D"
264507,70,33,0,0,UP,1627998856972,"F"
264507,72,35,0,0,DOWN,1628022934972,"H"
264507,66,48,0,0,DOWN,1628118898872,"B"
264507,72,35,0,0,UP,1628126868272,"H"
264507,85,22,0,0,DOWN,1628222932572,"U"
264507,66,48,0,0,UP,1628238873572,"B"
264507,82,19,0,0,DOWN,1628318939972,"R"
264507,85,22,0,0,UP,1628334923572,"U"
264507,71,34,0,0,DOWN,1628422996872,"G"
264507,82,19,0,0,UP,1628439223772,"R"
264507,69,18,0,0,DOWN,1628518706872,"E"
264507,71,34,0,0,UP,1628535169272,"G"
264507,78,49,0,0,DOWN,1628622968672,"N"
264507,69,18,0,0,UP,1628631015372,"E"
264507,78,49,0,0,UP,1628686919072,"N"
264507,76,38,0,0,DOWN,1628726939072,"L"
264507,76,38,0,0,UP,1628774874872,"L"
264507,65,30,0,0,DOWN,1628823012272,"A"
264507,65,30,0,0,UP,1628870680572,"A"
264507,78,49,0,0,DOWN,1628926937172,"N"
264507,78,49,0,0,UP,1628982994272,"N"
264507,68,32,0,0,DOWN,1629022954272,"D"
264507,70,33,0,0,DOWN,1629126914572,"F"
264507,68,32,0,0,UP,1629135064772,"D"
264507,70,33,0,0,UP,1629190909872,"F"
264507,72,35,0,0,DOWN,1629222982172,"H"
264507,66,48,0,0,DOWN,1629327089772,"B"
264507,72,35,0,0,UP,1629334949772,"H"
264507,85,22,0,0,DOWN,1629422965972,"U"
264507,66,48,0,0,UP,1629446942472,"B"
264507,82,19,0,0,DOWN,1629518691572,"R"
264507,85,22,0,0,UP,1629526908072,"U"
264507,71,34,0,0,DOWN,1629623076172,"G"
264507,82,19,0,0,UP,1629638941572,"R"
264507,71,34,0,0,UP,1629727008772,"G"
264507,69,18,0,0,DOWN,1629727302972,"E"
264507,69,18,0,0,UP,1629822759672,"E"
264507,78,49,0,0,DOWN,1629823679772,"N"
264507,78,49,0,0,UP,1629886861972,"N"
264507,76,38,0,0,DOWN,1629918709672,"L"
264507,76,38,0,0,UP,1629982668572,"L"
264507,65,30,0,0,DOWN,1630022969972,"A"
264507,65,30,0,0,UP,1630063009372,"A"
264507,78,49,0,0,DOWN,1630118811572,"N"
264507,78,49,0,0,UP,1630182943472,"N"
264507,68,32,0,0,DOWN,1630222969872,"D"
264507,70,33,0,0,DOWN,1630318708372,"F"
264507,68,32,0,0,UP,1630335057772,"D"
264507,70,33,0,0,UP,1630398973172,"F"
264507,72,35,0,0,DOWN,1630423077372,"H"
264507,66,48,0,0,DOWN,1630526984372,"B"
264507,72,35,0,0,UP,1630534654472,"H"
264507,85,22,0,0,DOWN,1630622903872,"U"
264507,66,48,0,0,UP,1630647021372,"B"
264507,82,19,0,0,DOWN,1630727108672,"R"
264507,85,22,0,0,UP,1630735049472,"U"
264507,71,34,0,0,DOWN,1630823066372,"G"
264507,82,19,0,0,UP,1630838903872,"R"
264507,71,34,0,0,UP,1630927009972,"G"
264507,69,18,0,0,DOWN,1630927665372,"E"
264507,69,18,0,0,UP,1631022727072,"E"
264507,78,49,0,0,DOWN,1631023437572,"N"
264507,78,49,0,0,UP,1631086824072,"N"
264507,76,38,0,0,DOWN,1631119004272,"L"
264507,76,38,0,0,UP,1631183377872,"L"
264507,65,30,0,0,DOWN,1631222954972,"A"
264507,65,30,0,0,UP,1631262896972,"A"
264507,78,49,0,0,DOWN,1631318957572,"N"
264507,78,49,0,0,UP,1631382989472,"N"
264507,68,32,0,0,DOWN,1631422999972,"D"
264507,70,33,0,0,DOWN,1631519007872,"F"
264507,68,32,0,0,UP,1631535108072,"D"
264507,70,33,0,0,UP,1631599026772,"F"
264507,72,35,0,0,DOWN,1631623130372,"H"
264507,66,48,0,0,DOWN,1631719014572,"B"
264507,72,35,0,0,UP,1631735110872,"H"
264507,85,22,0,0,DOWN,1631822995272,"U"
264507,66,48,0,0,UP,1631839192572,"B"
264507,82,19,0,0,DOWN,1631918875772,"R"
264507,85,22,0,0,UP,1631934987972,"U"
264507,71,34,0,0,DOWN,1632023147072,"G"
264507,82,19,0,0,UP,1632039209872,"R"
264507,69,18,0,0,DOWN,1632118952072,"E"
264507,71,34,0,0,UP,1632134975372,"G"
264507,78,49,0,0,DOWN,1632223012472,"N"
264507,69,18,0,0,UP,1632230910072,"E"
264507,78,49,0,0,UP,1632278932872,"N"
264507,76,38,0,0,DOWN,1632318995172,"L"
264507,76,38,0,0,UP,1632375015472,"L"
264507,65,30,0,0,DOWN,1632423125972,"A"
264507,65,30,0,0,UP,1632470793472,"A"
264507,78,49,0,0,DOWN,1632527061472,"N"
264507,78,49,0,0,UP,1632574966072,"N"
264507,68,32,0,0,DOWN,1632623137672,"D"
264507,70,33,0,0,DOWN,1632727319072,"F"
264507,68,32,0,0,UP,1632734974472,"D"
264507,70,33,0,0,UP,1632799011172,"F"
264507,72,35,0,0,DOWN,1632823006772,"H"
264507,66,48,0,0,DOWN,1632926957572,"B"
264507,72,35,0,0,UP,1632935007072,"H"
264507,85,22,0,0,DOWN,1633022986972,"U"
264507,66,48,0,0,UP,1633047239272,"B"
264507,82,19,0,0,DOWN,1633127130872,"R"
264507,85,22,0,0,UP,1633135002772,"U"
264507,71,34,0,0,DOWN,1633223028572,"G"
264507,82,19,0,0,UP,1633238675272,"R"
264507,69,18,0,0,DOWN,1633327009572,"E"
264507,71,34,0,0,UP,1633334800472,"G"
264507,78,49,0,0,DOWN,1633423057972,"N"
264507,69,18,0,0,UP,1633430971872,"E"
264507,78,49,0,0,UP,1633487122572,"N"
264507,76,38,0,0,DOWN,1633519027672,"L"
264507,76,38,0,0,UP,1633582963072,"L"
264507,65,30,0,0,DOWN,1633623022772,"A"
264507,65,30,0,0,UP,1633663121572,"A"
264507,78,49,0,0,DOWN,1633719020972,"N"
264507,78,49,0,0,UP,1633782703572,"N"
264507,68,32,0,0,DOWN,1633823079572,"D"
264507,70,33,0,0,DOWN,1633918931172,"F"
264507,68,32,0,0,UP,1633934963872,"D"
264507,70,33,0,0,UP,1633998966572,"F"
264507,72,35,0,0,DOWN,1634022942672,"H"
264507,66,48,0,0,DOWN,1634118991772,"B"
264507,72,35,0,0,UP,1634126992872,"H"
264507,85,22,0,0,DOWN,1634222951872,"U"
264507,66,48,0,0,UP,1634239006572,"B"
264507,82,19,0,0,DOWN,1634327010172,"R"
264507,85,22,0,0,UP,1634335003072,"U"
264507,71,34,0,0,DOWN,1634422945372,"G"
264507,82,19,0,0,UP,1634438967972,"R"
264507,69,18,0,0,DOWN,1634526961372,"E"
264507,71,34,0,0,UP,1634534803172,"G"
264507,69,18,0,0,UP,1634623369372,"E"
264507,78,49,0,0,DOWN,1634624802372,"N"
264507,78,49,0,0,UP,1634686941572,"N"
264507,76,38,0,0,DOWN,1634726981372,"L"
264507,76,38,0,0,UP,1634782951972,"L"
264507,65,30,0,0,DOWN,1634822934772,"A"
264507,65,30,0,0,UP,1634862789072,"A"
264507,78,49,0,0,DOWN,1634926995772,"N"
264507,78,49,0,0,UP,1634982994772,"N"
264507,68,32,0,0,DOWN,1635022906672,"D"
264507,70,33,0,0,DOWN,1635126986872,"F"
264507,68,32,0,0,UP,1635135000272,"D"
264507,70,33,0,0,UP,1635198863472,"F"
264507,72,35,0,0,DOWN,1635222763072,"H"
264507,66,48,0,0,DOWN,1635319016272,"B"
264507,72,35,0,0,UP,1635326858572,"H"
264507,85,22,0,0,DOWN,1635422742472,"U"
264507,66,48,0,0,UP,1635438730172,"B"
264507,82,19,0,0,DOWN,1635519026972,"R"
264507,85,22,0,0,UP,1635534949672,"U"
264507,71,34,0,0,DOWN,1635622796072,"G"
264507,82,19,0,0,UP,1635638989972,"R"
264507,69,18,0,0,DOWN,1635719079572,"E"
264507,71,34,0,0,UP,1635726941972,"G"
264507,69,18,0,0,UP,1635822764272,"E"
264507,78,49,0,0,DOWN,1635823781572,"N"
264507,78,49,0,0,UP,1635878800572,"N"
264507,76,38,0,0,DOWN,1635919043972,"L"
264507,76,38,0,0,UP,1635982960372,"L"
264507,65,30,0,0,DOWN,1636022814072,"A"
264507,65,30,0,0,UP,1636071158172,"A"
264507,78,49,0,0,DOWN,1636127052972,"N"
264507,78,49,0,0,UP,1636174986472,"N"
264507,68,32,0,0,DOWN,1636222746072,"D"
264507,70,33,0,0,DOWN,1636327000172,"F"
264507,68,32,0,0,UP,1636334999472,"D"
264507,70,33,0,0,UP,1636398771372,"F"
264507,72,35,0,0,DOWN,1636422769472,"H"
264507,66,48,0,0,DOWN,1636526991072,"B"
264507,72,35,0,0,UP,1636534986172,"H"
264507,85,22,0,0,DOWN,1636622968772,"U"
264507,66,48,0,0,UP,1636646906772,"B"
264507,82,19,0,0,DOWN,1636727128372,"R"
264507,85,22,0,0,UP,1636735005272,"U"
264507,71,34,0,0,DOWN,1636823017672,"G"
264507,82,19,0,0,UP,1636839106172,"R"
264507,69,18,0,0,DOWN,1636926850572,"E"
264507,71,34,0,0,UP,1636934982172,"G"
264507,78,49,0,0,DOWN,1637022979572,"N"
264507,69,18,0,0,UP,1637030953072,"E"
264507,78,49,0,0,UP,1637086983472,"N"
264507,76,38,0,0,DOWN,1637119008272,"L"
264507,76,38,0,0,UP,1637182930172,"L"
264507,65,30,0,0,DOWN,1637223067072,"A"
264507,65,30,0,0,UP,1637262745572,"A"
264507,78,49,0,0,DOWN,1637319063572,"N"
264507,78,49,0,0,UP,1637382994072,"N"
264507,68,32,0,0,DOWN,1637423084472,"D"
264507,70,33,0,0,DOWN,1637518989672,"F"
264507,68,32,0,0,UP,1637534999372,"D"
264507,70,33,0,0,UP,1637598912972,"F"
264507,72,35,0,0,DOWN,1637623099872,"H"
264507,66,48,0,0,DOWN,1637719199372,"B"
264507,72,35,0,0,UP,1637726962472,"H"
264507,85,22,0,0,DOWN,1637823145572,"U"
264507,66,48,0,0,UP,1637839098672,"B"
264507,82,19,0,0,DOWN,1637919169972,"R"
264507,85,22,0,0,UP,1637935144472,"U"
264507,71,34,0,0,DOWN,1638023017872,"G"
264507,82,19,0,0,UP,1638038980972,"R"
264507,71,34,0,0,UP,1638127150372,"G"
264507,69,18,0,0,DOWN,1638127989072,"E"
264507,78,49,0,0,DOWN,1638223050372,"N"
264507,69,18,0,0,UP,1638230951672,"E"
264507,78,49,0,0,UP,1638287090072,"N"
264507,76,38,0,0,DOWN,1638327097872,"L"
264507,76,38,0,0,UP,1638383002072,"L"
264507,65,30,0,0,DOWN,1638423026372,"A"
264507,65,30,0,0,UP,1638463229872,"A"
264507,78,49,0,0,DOWN,1638527038872,"N"
264507,78,49,0,0,UP,1638583055172,"N"
264507,68,32,0,0,DOWN,1638623051472,"D"
264507,70,33,0,0,DOWN,1638727163072,"F"
264507,68,32,0,0,UP,1638735160872,"D"
264507,70,33,0,0,UP,1638798855472,"F"
264507,72,35,0,0,DOWN,1638822994772,"H"
264507,66,48,0,0,DOWN,1638926742472,"B"
264507,72,35,0,0,UP,1638934709772,"H"
264507,85,22,0,0,DOWN,1639023033172,"U"
264507,66,48,0,0,UP,1639046768772,"B"
264507,82,19,0,0,DOWN,1639119073672,"R"
264507,85,22,0,0,UP,1639126974072,"U"
264507,71,34,0,0,DOWN,1639223061872,"G"
264507,82,19,0,0,UP,1639239182172,"R"
264507,71,34,0,0,UP,1639327178772,"G"
264507,69,18,0,0,DOWN,1639328094172,"E"
264507,78,49,0,0,DOWN,1639423052072,"N"
264507,69,18,0,0,UP,1639430966672,"E"
264507,78,49,0,0,UP,1639487053472,"N"
264507,76,38,0,0,DOWN,1639519050472,"L"
264507,76,38,0,0,UP,1639582898572,"L"
264507,65,30,0,0,DOWN,1639623013772,"A"
264507,65,30,0,0,UP,1639662865072,"A"
264507,78,49,0,0,DOWN,1639719066672,"N"
264507,78,49,0,0,UP,1639775124372,"N"
264507,68,32,0,0,DOWN,1639823067972,"D"
264507,70,33,0,0,DOWN,1639919073972,"F"
264507,68,32,0,0,UP,1639935176772,"D"
264507,70,33,0,0,UP,1639999023772,"F"
264507,72,35,0,0,DOWN,1640023050672,"H"
264507,66,48,0,0,DOWN,1640126814072,"B"
264507,72,35,0,0,UP,1640135055872,"H"
264507,85,22,0,0,DOWN,1640223060672,"U"
264507,66,48,0,0,UP,1640246798272,"B"
264507,82,19,0,0,DOWN,1640327044672,"R"
264507,85,22,0,0,UP,1640335082572,"U"
264507,71,34,0,0,DOWN,1640423081072,"G"
264507,82,19,0,0,UP,1640446824672,"R"
264507,69,18,0,0,DOWN,1640527120972,"E"
264507,71,34,0,0,UP,1640534997872,"G"
264507,69,18,0,0,UP,1640623029772,"E"
264507,78,49,0,0,DOWN,1640631350972,"N"
264507,78,49,0,0,UP,1640687253772,"N"
264507,76,38,0,0,DOWN,1640726847072,"L"
264507,76,38,0,0,UP,1640782985072,"L"
264507,65,30,0,0,DOWN,1640823060372,"A"
264507,65,30,0,0,UP,1640862951372,"A"
264507,78,49,0,0,DOWN,1640926832572,"N"
264507,78,49,0,0,UP,1640983020072,"N"
264507,68,32,0,0,DOWN,1641023096372,"D"
264507,70,33,0,0,DOWN,1641119058072,"F"
264507,68,32,0,0,UP,1641135299772,"D"
264507,70,33,0,0,UP,1641199178772,"F"
264507,72,35,0,0,DOWN,1641223080172,"H"
264507,66,48,0,0,DOWN,1641319031972,"B"
264507,72,35,0,0,UP,1641335032472,"H"
264507,85,22,0,0,DOWN,1641423028972,"U"
264507,66,48,0,0,UP,1641439068372,"B"
264507,82,19,0,0,DOWN,1641518824572,"R"
264507,85,22,0,0,UP,1641535184472,"U"
264507,71,34,0,0,DOWN,1641623069872,"G"
264507,82,19,0,0,UP,1641639035572,"R"
264507,69,18,0,0,DOWN,1641719093972,"E"
264507,71,34,0,0,UP,1641735133172,"G"
264507,69,18,0,0,UP,1641823196172,"E"
264507,78,49,0,0,DOWN,1641823874872,"N"
264507,78,49,0,0,UP,1641879034072,"N"
264507,76,38,0,0,DOWN,1641919039072,"L"
264507,76,38,0,0,UP,1641982992672,"L"
264507,65,30,0,0,DOWN,1642023125972,"A"
264507,65,30,0,0,UP,1642071121072,"A"
264507,78,49,0,0,DOWN,1642126826372,"N"
264507,78,49,0,0,UP,1642175034072,"N"
264507,68,32,0,0,DOWN,1642223016072,"D"
264507,70,33,0,0,DOWN,1642326820972,"F"
264507,68,32,0,0,UP,1642335032172,"D"
264507,70,33,0,0,UP,1642391089272,"F"
264507,72,35,0,0,DOWN,1642423112572,"H"
264507,66,48,0,0,DOWN,1642527008672,"B"
264507,72,35,0,0,UP,1642543087372,"H"
264507,85,22,0,0,DOWN,1642623003072,"U"
264507,66,48,0,0,UP,1642646911372,"B"
264507,82,19,0,0,DOWN,1642726851972,"R"
264507,85,22,0,0,UP,1642735011872,"U"
264507,71,34,0,0,DOWN,1642823082272,"G"
264507,82,19,0,0,UP,1642839005972,"R"
264507,69,18,0,0,DOWN,1642926785372,"E"
264507,71,34,0,0,UP,1642935025872,"G"
264507,78,49,0,0,DOWN,1643023080972,"N"
264507,69,18,0,0,UP,1643030984972,"E"
264507,78,49,0,0,UP,1643079034472,"N"
264507,76,38,0,0,DOWN,1643119043172,"L"
264507,76,38,0,0,UP,1643183082872,"L"
264507,65,30,0,0,DOWN,1643223125272,"A"
264507,65,30,0,0,UP,1643263292872,"A"
264507,78,49,0,0,DOWN,1643319061372,"N"
264507,78,49,0,0,UP,1643375066072,"N"
264507,68,32,0,0,DOWN,1643423134472,"D"
264507,70,33,0,0,DOWN,1643519127872,"F"
264507,68,32,0,0,UP,1643535224372,"D"
264507,70,33,0,0,UP,1643599035972,"F"
264507,72,35,0,0,DOWN,1643623094772,"H"
264507,66,48,0,0,DOWN,1643719062572,"B"
264507,72,35,0,0,UP,1643727010972,"H"
264507,85,22,0,0,DOWN,1643823111672,"U"
264507,66,48,0,0,UP,1643847323272,"B"
264507,82,19,0,0,DOWN,1643927284672,"R"
264507,85,22,0,0,UP,1643935169672,"U"
264507,71,34,0,0,DOWN,1644023073972,"G"
264507,82,19,0,0,UP,1644046969972,"R"
264507,69,18,0,0,DOWN,1644127115572,"E"
264507,71,34,0,0,UP,1644135034072,"G"
264507,78,49,0,0,DOWN,1644223060072,"N"
264507,69,18,0,0,UP,1644230769772,"E"
264507,78,49,0,0,UP,1644287057572,"N"
264507,76,38,0,0,DOWN,1644327084372,"L"
264507,76,38,0,0,UP,1644382780672,"L"
264507,65,30,0,0,DOWN,1644423248072,"A"
264507,65,30,0,0,UP,1644462983072,"A"
264507,78,49,0,0,DOWN,1644527049972,"N"
264507,78,49,0,0,UP,1644583013172,"N"
264507,68,32,0,0,DOWN,1644623115572,"D"
264507,70,33,0,0,DOWN,1644727112472,"F"
264507,68,32,0,0,UP,1644734997572,"D"
264507,70,33,0,0,UP,1644798784872,"F"
264507,72,35,0,0,DOWN,1644822795172,"H"
264507,72,35,0,0,UP,1644927129572,"H"
264507,66,48,0,0,DOWN,1644928253172,"B"
264507,85,22,0,0,DOWN,1645022907772,"U"
264507,66,48,0,0,UP,1645047047672,"B"
264507,82,19,0,0,DOWN,1645119123572,"R"
264507,85,22,0,0,UP,1645135223672,"U"
264507,71,34,0,0,DOWN,1645223099672,"G"
264507,82,19,0,0,UP,1645239065772,"R"
264507,69,18,0,0,DOWN,1645327245772,"E"
264507,71,34,0,0,UP,1645335129872,"G"
264507,69,18,0,0,UP,1645423147072,"E"
264507,78,49,0,0,DOWN,1645423898872,"N"
264507,78,49,0,0,UP,1645479097072,"N"
264507,76,38,0,0,DOWN,1645519172872,"L"
264507,76,38,0,0,UP,1645583205972,"L"
264507,65,30,0,0,DOWN,1645623110872,"A"
264507,65,30,0,0,UP,1645671005972,"A"
264507,78,49,0,0,DOWN,1645719091172,"N"
264507,78,49,0,0,UP,1645783110072,"N"
264507,68,32,0,0,DOWN,1645822868572,"D"
264507,70,33,0,0,DOWN,1645927078272,"F"
264507,68,32,0,0,UP,1645934787572,"D"
264507,70,33,0,0,UP,1645999062672,"F"
264507,72,35,0,0,DOWN,1646023131172,"H"
264507,66,48,0,0,DOWN,1646127061872,"B"
264507,72,35,0,0,UP,1646135059672,"H"
264507,85,22,0,0,DOWN,1646223039772,"U"
264507,66,48,0,0,UP,1646247203072,"B"
264507,82,19,0,0,DOWN,1646326997272,"R"
264507,85,22,0,0,UP,1646334987972,"U"
264507,71,34,0,0,DOWN,1646423205572,"G"
264507,82,19,0,0,UP,1646447033972,"R"
264507,69,18,0,0,DOWN,1646527121772,"E"
264507,71,34,0,0,UP,1646535035272,"G"
264507,69,18,0,0,UP,1646623141672,"E"
264507,78,49,0,0,DOWN,1646623965672,"N"
264507,78,49,0,0,UP,1646686893572,"N"
264507,76,38,0,0,DOWN,1646718967772,"L"
264507,76,38,0,0,UP,1646783074272,"L"
264507,65,30,0,0,DOWN,1646823317772,"A"
264507,65,30,0,0,UP,1646863230672,"A"
264507,78,49,0,0,DOWN,1646919111272,"N"
264507,78,49,0,0,UP,1646975113072,"N"
264507,68,32,0,0,DOWN,1647023129672,"D"
264507,70,33,0,0,DOWN,1647119126672,"F"
264507,68,32,0,0,UP,1647135075972,"D"
264507,70,33,0,0,UP,1647199022972,"F"
264507,72,35,0,0,DOWN,1647223084972,"H"
264507,66,48,0,0,DOWN,1647319089372,"B"
264507,72,35,0,0,UP,1647334937372,"H"
264507,85,22,0,0,DOWN,1647423097172,"U"
264507,66,48,0,0,UP,1647447108772,"B"
264507,82,19,0,0,DOWN,1647519128672,"R"
264507,85,22,0,0,UP,1647534914572,"U"
264507,71,34,0,0,DOWN,1647623166772,"G"
264507,82,19,0,0,UP,1647639196672,"R"
264507,69,18,0,0,DOWN,1647718768672,"E"
264507,71,34,0,0,UP,1647735030472,"G"
264507,69,18,0,0,UP,1647823245172,"E"
264507,78,49,0,0,DOWN,1647824200072,"N"
264507,78,49,0,0,UP,1647887080372,"N"
264507,76,38,0,0,DOWN,1647927143772,"L"
264507,76,38,0,0,UP,1647975121972,"L"
264507,65,30,0,0,DOWN,1648023167572,"A"
264507,65,30,0,0,UP,1648063100872,"A"
264507,78,49,0,0,DOWN,1648127144072,"N"
264507,78,49,0,0,UP,1648183032672,"N"
264507,68,32,0,0,DOWN,1648223141272,"D"
264507,70,33,0,0,DOWN,1648327096072,"F"
264507,68,32,0,0,UP,1648343094172,"D"
264507,70,33,0,0,UP,1648399037672,"F"
264507,72,35,0,0,DOWN,1648423168172,"H"
264507,66,48,0,0,DOWN,1648527106772,"B"
264507,72,35,0,0,UP,1648535201372,"H"
264507,85,22,0,0,DOWN,1648623159972,"U"
264507,66,48,0,0,UP,1648639094672,"B"
264507,82,19,0,0,DOWN,1648726915272,"R"
264507,85,22,0,0,UP,1648735085672,"U"
264507,71,34,0,0,DOWN,1648823158372,"G"
264507,82,19,0,0,UP,1648839237072,"R"
264507,69,18,0,0,DOWN,1648927111472,"E"
264507,71,34,0,0,UP,1648935036272,"G"
264507,69,18,0,0,UP,1649023164572,"E"
264507,78,49,0,0,DOWN,1649024114172,"N"
264507,78,49,0,0,UP,1649086944972,"N"
264507,76,38,0,0,DOWN,1649119112872,"L"
264507,76,38,0,0,UP,1649182937472,"L"
264507,65,30,0,0,DOWN,1649223148372,"A"
264507,65,30,0,0,UP,1649263249672,"A"
264507,78,49,0,0,DOWN,1649319139572,"N"
264507,78,49,0,0,UP,1649382849072,"N"
264507,68,32,0,0,DOWN,1649431059672,"D"
264507,70,33,0,0,DOWN,1649519121772,"F"
264507,68,32,0,0,UP,1649535062272,"D"
264507,70,33,0,0,UP,1649598898272,"F"
264507,72,35,0,0,DOWN,1649623228972,"H"
264507,66,48,0,0,DOWN,1649719144172,"B"
264507,72,35,0,0,UP,1649735014072,"H"
264507,85,22,0,0,DOWN,1649823168772,"U"
264507,66,48,0,0,UP,1649839274472,"B"
264507,82,19,0,0,DOWN,1649927105772,"R"
264507,85,22,0,0,UP,1649935096572,"U"
264507,71,34,0,0,DOWN,1650023120072,"G"
264507,82,19,0,0,UP,1650047117572,"R"
264507,69,18,0,0,DOWN,1650127153672,"E"
264507,71,34,0,0,UP,1650134981272,"G"
264507,69,18,0,0,UP,1650223161872,"E"
264507,78,49,0,0,DOWN,1650223974172,"N"
264507,78,49,0,0,UP,1650287182572,"N"
264507,76,38,0,0,DOWN,1650327142672,"L"
264507,76,38,0,0,UP,1650382824972,"L"
264507,65,30,0,0,DOWN,1650423146472,"A"
264507,65,30,0,0,UP,1650463057972,"A"
264507,78,49,0,0,DOWN,1650527138372,"N"
264507,78,49,0,0,UP,1650582878272,"N"
264507,68,32,0,0,DOWN,1650623129072,"D"
264507,70,33,0,0,DOWN,1650727251472,"F"
264507,68,32,0,0,UP,1650735077372,"D"
264507,70,33,0,0,UP,1650799174172,"F"
264507,72,35,0,0,DOWN,1650823149272,"H"
264507,72,35,0,0,UP,1650927101872,"H"
264507,66,48,0,0,DOWN,1650928110372,"B"
264507,85,22,0,0,DOWN,1651023201872,"U"
264507,66,48,0,0,UP,1651039085372,"B"
264507,82,19,0,0,DOWN,1651119132872,"R"
264507,85,22,0,0,UP,1651135039472,"U"
264507,71,34,0,0,DOWN,1651223163872,"G"
264507,82,19,0,0,UP,1651238962372,"R"
264507,69,18,0,0,DOWN,1651327191272,"E"
264507,71,34,0,0,UP,1651335160672,"G"
264507,78,49,0,0,DOWN,1651423144772,"N"
264507,69,18,0,0,UP,1651431088472,"E"
264507,78,49,0,0,UP,1651486878172,"N"
264507,76,38,0,0,DOWN,1651519119172,"L"
264507,76,38,0,0,UP,1651591101472,"L"
264507,65,30,0,0,DOWN,1651622991272,"A"
264507,65,30,0,0,UP,1651671058672,"A"
264507,78,49,0,0,DOWN,1651719091572,"N"
264507,78,49,0,0,UP,1651782982772,"N"
264507,68,32,0,0,DOWN,1651823160772,"D"
264507,70,33,0,0,DOWN,1651927294972,"F"
264507,68,32,0,0,UP,1651934953472,"D"
264507,70,33,0,0,UP,1651999005272,"F"
264507,72,35,0,0,DOWN,1652023085372,"H"
264507,66,48,0,0,DOWN,1652127137772,"B"
264507,72,35,0,0,UP,1652134921772,"H"
264507,85,22,0,0,DOWN,1652223118672,"U"
264507,66,48,0,0,UP,1652247147772,"B"
264507,82,19,0,0,DOWN,1652327174772,"R"
264507,85,22,0,0,UP,1652335159672,"U"
264507,71,34,0,0,DOWN,1652423208972,"G"
264507,82,19,0,0,UP,1652447120072,"R"
264507,69,18,0,0,DOWN,1652527293172,"E"
264507,71,34,0,0,UP,1652535240172,"G"
264507,69,18,0,0,UP,1652623207972,"E"
264507,78,49,0,0,DOWN,1652623926172,"N"
264507,78,49,0,0,UP,1652687195772,"N"
264507,76,38,0,0,DOWN,1652718920772,"L"
264507,76,38,0,0,UP,1652783175072,"L"
264507,65,30,0,0,DOWN,1652823142072,"A"
264507,65,30,0,0,UP,1652863126372,"A"
264507,78,49,0,0,DOWN,1652919261772,"N"
264507,78,49,0,0,UP,1652982880272,"N"
264507,68,32,0,0,DOWN,1653023085372,"D"
264507,70,33,0,0,DOWN,1653119110972,"F"
264507,68,32,0,0,UP,1653135112972,"D"
264507,70,33,0,0,UP,1653199240372,"F"
264507,72,35,0,0,DOWN,1653223293372,"H"
264507,66,48,0,0,DOWN,1653319084572,"B"
264507,72,35,0,0,UP,1653335062472,"H"
264507,85,22,0,0,DOWN,1653423107872,"U"
264507,66,48,0,0,UP,1653447155572,"B"
264507,82,19,0,0,DOWN,1653518953972,"R"
264507,85,22,0,0,UP,1653535101772,"U"
264507,71,34,0,0,DOWN,1653623165972,"G"
264507,82,19,0,0,UP,1653638970472,"R"
264507,71,34,0,0,UP,1653727262672,"G"
264507,69,18,0,0,DOWN,1653728169472,"E"
264507,78,49,0,0,DOWN,1653822946372,"N"
264507,69,18,0,0,UP,1653831083272,"E"
264507,78,49,0,0,UP,1653887132072,"N"
264507,76,38,0,0,DOWN,1653927170872,"L"
264507,76,38,0,0,UP,1653983146972,"L"
264507,65,30,0,0,DOWN,1654023143672,"A"
264507,65,30,0,0,UP,1654063147272,"A"
264507,78,49,0,0,DOWN,1654127181572,"N"
264507,78,49,0,0,UP,1654183108772,"N"
264507,68,32,0,0,DOWN,1654223131872,"D"
264507,70,33,0,0,DOWN,1654327171172,"F"
264507,68,32,0,0,UP,1654335231872,"D"
264507,70,33,0,0,UP,1654399127172,"F"
264507,72,35,0,0,DOWN,1654423145972,"H"
264507,66,48,0,0,DOWN,1654527158272,"B"
264507,72,35,0,0,UP,1654535227572,"H"
264507,85,22,0,0,DOWN,1654623199572,"U"
264507,66,48,0,0,UP,1654639146972,"B"
264507,82,19,0,0,DOWN,1654718856372,"R"
264507,85,22,0,0,UP,1654727116272,"U"
264507,71,34,0,0,DOWN,1654823196072,"G"
264507,82,19,0,0,UP,1654839308772,"R"
264507,69,18,0,0,DOWN,1654927188472,"E"
264507,71,34,0,0,UP,1654935316472,"G"
264507,78,49,0,0,DOWN,1655023326972,"N"
264507,69,18,0,0,UP,1655031142672,"E"
264507,78,49,0,0,UP,1655087100872,"N"
264507,76,38,0,0,DOWN,1655119081272,"L"
264507,76,38,0,0,UP,1655182930472,"L"
264507,65,30,0,0,DOWN,1655223194672,"A"
264507,65,30,0,0,UP,1655271120872,"A"
264507,78,49,0,0,DOWN,1655319228972,"N"
264507,78,49,0,0,UP,1655383185772,"N"
264507,68,32,0,0,DOWN,1655423208772,"D"
264507,70,33,0,0,DOWN,1655519259972,"F"
264507,68,32,0,0,UP,1655535149472,"D"
264507,70,33,0,0,UP,1655599039872,"F"
264507,72,35,0,0,DOWN,1655623197672,"H"
264507,66,48,0,0,DOWN,1655727174972,"B"
264507,72,35,0,0,UP,1655734969872,"H"
264507,85,22,0,0,DOWN,1655822864772,"U"
264507,66,48,0,0,UP,1655847139372,"B"
264507,82,19,0,0,DOWN,1655927202472,"R"
264507,85,22,0,0,UP,1655935209972,"U"
264507,71,34,0,0,DOWN,1656023248672,"G"
264507,82,19,0,0,UP,1656047162272,"R"
264507,69,18,0,0,DOWN,1656127215572,"E"
264507,71,34,0,0,UP,1656135128772,"G"
264507,78,49,0,0,DOWN,1656223205872,"N"
264507,69,18,0,0,UP,1656231318072,"E"
264507,78,49,0,0,UP,1656286891672,"N"
264507,76,38,0,0,DOWN,1656318937172,"L"
264507,76,38,0,0,UP,1656383083972,"L"
264507,65,30,0,0,DOWN,1656423264072,"A"
264507,65,30,0,0,UP,1656463131372,"A"
264507,78,49,0,0,DOWN,1656519244172,"N"
264507,78,49,0,0,UP,1656583142772,"N"
264507,68,32,0,0,DOWN,1656623196772,"D"
264507,70,33,0,0,DOWN,1656719167072,"F"
264507,68,32,0,0,UP,1656735103672,"D"
264507,70,33,0,0,UP,1656799168272,"F"
264507,72,35,0,0,DOWN,1656823181772,"H"
264507,66,48,0,0,DOWN,1656919209772,"B"
264507,72,35,0,0,UP,1656935212172,"H"
264507,85,22,0,0,DOWN,1657023172572,"U"
264507,66,48,0,0,UP,1657038928072,"B"
264507,82,19,0,0,DOWN,1657119181372,"R"
264507,85,22,0,0,UP,1657135201372,"U"
264507,71,34,0,0,DOWN,1657222922272,"G"
264507,82,19,0,0,UP,1657239014172,"R"
264507,69,18,0,0,DOWN,1657319278672,"E"
264507,71,34,0,0,UP,1657335241272,"G"
264507,78,49,0,0,DOWN,1657423379472,"N"
264507,69,18,0,0,UP,1657431151472,"E"
264507,78,49,0,0,UP,1657479158472,"N"
264507,76,38,0,0,DOWN,1657527239872,"L"
264507,76,38,0,0,UP,1657575125972,"L"
264507,65,30,0,0,DOWN,1657623416072,"A"
264507,65,30,0,0,UP,1657670911772,"A"
264507,78,49,0,0,DOWN,1657727260572,"N"
264507,78,49,0,0,UP,1657775133972,"N"
264507,68,32,0,0,DOWN,1657823129672,"D"
264507,70,33,0,0,DOWN,1657926888572,"F"
264507,68,32,0,0,UP,1657942855672,"D"
264507,70,33,0,0,UP,1657999183772,"F"
264507,72,35,0,0,DOWN,1658023115772,"H"
264507,66,48,0,0,DOWN,1658127234972,"B"
264507,72,35,0,0,UP,1658135222172,"H"
264507,85,22,0,0,DOWN,1658223173872,"U"
264507,66,48,0,0,UP,1658247216672,"B"
264507,82,19,0,0,DOWN,1658326901372,"R"
264507,85,22,0,0,UP,1658335142072,"U"
264507,71,34,0,0,DOWN,1658423189372,"G"
264507,82,19,0,0,UP,1658439163572,"R"
264507,69,18,0,0,DOWN,1658526981972,"E"
264507,71,34,0,0,UP,1658534776372,"G"
264507,69,18,0,0,UP,1658623309672,"E"
264507,78,49,0,0,DOWN,1658623803972,"N"
264507,78,49,0,0,UP,1658687277372,"N"
264507,76,38,0,0,DOWN,1658719519072,"L"
264507,76,38,0,0,UP,1658783242972,"L"
264507,65,30,0,0,DOWN,1658823224872,"A"
264507,65,30,0,0,UP,1658863200672,"A"
264507,78,49,0,0,DOWN,1658919007872,"N"
264507,78,49,0,0,UP,1658983141972,"N"
264507,68,32,0,0,DOWN,1659031157172,"D"
264507,70,33,0,0,DOWN,1659119305772,"F"
264507,68,32,0,0,UP,1659135235672,"D"
264507,70,33,0,0,UP,1659199212272,"F"
264507,72,35,0,0,DOWN,1659222915072,"H"
264507,66,48,0,0,DOWN,1659319340572,"B"
264507,72,35,0,0,UP,1659327073472,"H"
264507,85,22,0,0,DOWN,1659422953672,"U"
264507,66,48,0,0,UP,1659447566472,"B"
264507,82,19,0,0,DOWN,1659527381872,"R"
264507,85,22,0,0,UP,1659535175772,"U"
264507,71,34,0,0,DOWN,1659622980272,"G"
264507,82,19,0,0,UP,1659647253472,"R"
264507,69,18,0,0,DOWN,1659726961172,"E"
264507,71,34,0,0,UP,1659735205272,"G"
264507,78,49,0,0,DOWN,1659822950672,"N"
264507,69,18,0,0,UP,1659831171072,"E"
264507,78,49,0,0,UP,1659887235672,"N"
264507,76,38,0,0,DOWN,1659926901972,"L"
264507,76,38,0,0,UP,1659983160472,"L"
264507,65,30,0,0,DOWN,1660023054372,"A"
264507,65,30,0,0,UP,1660063391972,"A"
264507,78,49,0,0,DOWN,1660127234172,"N"
264507,78,49,0,0,UP,1660183213572,"N"
264507,68,32,0,0,DOWN,1660223004072,"D"
264507,70,33,0,0,DOWN,1660327225072,"F"
264507,68,32,0,0,UP,1660335211372,"D"
264507,70,33,0,0,UP,1660399229472,"F"
264507,72,35,0,0,DOWN,1660422976672,"H"
264507,66,48,0,0,DOWN,1660519263872,"B"
264507,72,35,0,0,UP,1660535174972,"H"
264507,85,22,0,0,DOWN,1660623040272,"U"
264507,66,48,0,0,UP,1660639471672,"B"
264507,82,19,0,0,DOWN,1660719200172,"R"
264507,85,22,0,0,UP,1660735338972,"U"
264507,71,34,0,0,DOWN,1660823125972,"G"
264507,82,19,0,0,UP,1660839329972,"R"
264507,69,18,0,0,DOWN,1660927011572,"E"
264507,71,34,0,0,UP,1660935212972,"G"
264507,69,18,0,0,UP,1661023112772,"E"
264507,78,49,0,0,DOWN,1661024087272,"N"
264507,78,49,0,0,UP,1661079172472,"N"
264507,76,38,0,0,DOWN,1661119194572,"L"
264507,76,38,0,0,UP,1661183280772,"L"
264507,65,30,0,0,DOWN,1661223282872,"A"
264507,65,30,0,0,UP,1661271175772,"A"
264507,78,49,0,0,DOWN,1661327253972,"N"
264507,78,49,0,0,UP,1661383189672,"N"
264507,68,32,0,0,DOWN,1661423340972,"D"
264507,70,33,0,0,DOWN,1661527252772,"F"
264507,68,32,0,0,UP,1661535220672,"D"
264507,70,33,0,0,UP,1661599072772,"F"
264507,72,35,0,0,DOWN,1661623317272,"H"
264507,66,48,0,0,DOWN,1661727204672,"B"
264507,72,35,0,0,UP,1661735193172,"H"
264507,85,22,0,0,DOWN,1661823278072,"U"
264507,66,48,0,0,UP,1661847247872,"B"
264507,82,19,0,0,DOWN,1661927247472,"R"
264507,85,22,0,0,UP,1661935174072,"U"
264507,71,34,0,0,DOWN,1662023358772,"G"
264507,82,19,0,0,UP,1662047385772,"R"
264507,69,18,0,0,DOWN,1662127259672,"E"
264507,71,34,0,0,UP,1662135227472,"G"
264507,69,18,0,0,UP,1662223348672,"E"
264507,78,49,0,0,DOWN,1662231253372,"N"
264507,78,49,0,0,UP,1662287334872,"N"
264507,76,38,0,0,DOWN,1662319213672,"L"
264507,76,38,0,0,UP,1662383242172,"L"
264507,65,30,0,0,DOWN,1662423247472,"A"
264507,65,30,0,0,UP,1662463219772,"A"
264507,78,49,0,0,DOWN,1662519022472,"N"
264507,78,49,0,0,UP,1662583194372,"N"
264507,68,32,0,0,DOWN,1662623414872,"D"
264507,70,33,0,0,DOWN,1662719249472,"F"
264507,68,32,0,0,UP,1662735220072,"D"
264507,70,33,0,0,UP,1662791177072,"F"
264507,72,35,0,0,DOWN,1662823361472,"H"
264507,66,48,0,0,DOWN,1662919264172,"B"
264507,72,35,0,0,UP,1662926914072,"H"
264507,85,22,0,0,DOWN,1663023304072,"U"
264507,66,48,0,0,UP,1663047255872,"B"
264507,82,19,0,0,DOWN,1663119413272,"R"
264507,85,22,0,0,UP,1663135264772,"U"
264507,71,34,0,0,DOWN,1663223274772,"G"
264507,82,19,0,0,UP,1663247353572,"R"
264507,69,18,0,0,DOWN,1663327208872,"E"
264507,71,34,0,0,UP,1663335223072,"G"
264507,78,49,0,0,DOWN,1663423226072,"N"
264507,69,18,0,0,UP,1663430885172,"E"
264507,78,49,0,0,UP,1663487182872,"N"
264507,76,38,0,0,DOWN,1663527298372,"L"
264507,76,38,0,0,UP,1663583250772,"L"
264507,65,30,0,0,DOWN,1663623258372,"A"
264507,65,30,0,0,UP,1663671408672,"A"
264507,78,49,0,0,DOWN,1663727223972,"N"
264507,78,49,0,0,UP,1663783200172,"N"
264507,68,32,0,0,DOWN,1663822942872,"D"
264507,70,33,0,0,DOWN,1663927114172,"F"
264507,68,32,0,0,UP,1663935166072,"D"
264507,70,33,0,0,UP,1663999433672,"F"
264507,72,35,0,0,DOWN,1664023219672,"H"
264507,72,35,0,0,UP,1664127130172,"H"
264507,66,48,0,0,DOWN,1664128146772,"B"
264507,85,22,0,0,DOWN,1664223332172,"U"
264507,66,48,0,0,UP,1664239302072,"B"
264507,82,19,0,0,DOWN,1664319197172,"R"
264507,85,22,0,0,UP,1664335369672,"U"
264507,71,34,0,0,DOWN,1664423274272,"G"
264507,82,19,0,0,UP,1664439265972,"R"
264507,69,18,0,0,DOWN,1664527277272,"E"
264507,71,34,0,0,UP,1664535233372,"G"
264507,78,49,0,0,DOWN,1664623249872,"N"
264507,69,18,0,0,UP,1664631015772,"E"
264507,78,49,0,0,UP,1664687144672,"N"
264507,76,38,0,0,DOWN,1664719249572,"L"
264507,76,38,0,0,UP,1664783186272,"L"
264507,65,30,0,0,DOWN,1664823296272,"A"
264507,65,30,0,0,UP,1664871251972,"A"
264507,78,49,0,0,DOWN,1664919344672,"N"
264507,78,49,0,0,UP,1664983216472,"N"
264507,68,32,0,0,DOWN,1665023437572,"D"
264507,70,33,0,0,DOWN,1665127019872,"F"
264507,68,32,0,0,UP,1665135160472,"D"
264507,70,33,0,0,UP,1665207258972,"F"
264507,72,35,0,0,DOWN,1665223269172,"H"
264507,66,48,0,0,DOWN,1665326976672,"B"
264507,72,35,0,0,UP,1665335226672,"H"
264507,85,22,0,0,DOWN,1665423374672,"U"
264507,66,48,0,0,UP,1665447350272,"B"
264507,82,19,0,0,DOWN,1665526999972,"R"
264507,85,22,0,0,UP,1665543086172,"U"
264507,71,34,0,0,DOWN,1665623238972,"G"
264507,82,19,0,0,UP,1665639261672,"R"
264507,69,18,0,0,DOWN,1665726967972,"E"
264507,71,34,0,0,UP,1665743185172,"G"
264507,78,49,0,0,DOWN,1665823291772,"N"
264507,69,18,0,0,UP,1665831037072,"E"
264507,78,49,0,0,UP,1665887245772,"N"
264507,76,38,0,0,DOWN,1665919297672,"L"
264507,76,38,0,0,UP,1665983255372,"L"
264507,65,30,0,0,DOWN,1666023308072,"A"
264507,65,30,0,0,UP,1666063194572,"A"
264507,78,49,0,0,DOWN,1666127015572,"N"
264507,78,49,0,0,UP,1666183363472,"N"
264507,68,32,0,0,DOWN,1666223300672,"D"
264507,70,33,0,0,DOWN,1666319244472,"F"
264507,68,32,0,0,UP,1666335225172,"D"
264507,70,33,0,0,UP,1666399238072,"F"
264507,72,35,0,0,DOWN,1666423297572,"H"
264507,66,48,0,0,DOWN,1666519334872,"B"
264507,72,35,0,0,UP,1666535366972,"H"
264507,85,22,0,0,DOWN,1666622976072,"U"
264507,66,48,0,0,UP,1666639196872,"B"
264507,82,19,0,0,DOWN,1666719297272,"R"
264507,85,22,0,0,UP,1666734962872,"U"
264507,71,34,0,0,DOWN,1666823290872,"G"
264507,82,19,0,0,UP,1666839388872,"R"
264507,69,18,0,0,DOWN,1666919260672,"E"
264507,71,34,0,0,UP,1666926917072,"G"
264507,69,18,0,0,UP,1667023312972,"E"
264507,78,49,0,0,DOWN,1667024068272,"N"
264507,78,49,0,0,UP,1667087214472,"N"
264507,76,38,0,0,DOWN,1667127330372,"L"
264507,76,38,0,0,UP,1667183235872,"L"
264507,65,30,0,0,DOWN,1667223244072,"A"
264507,65,30,0,0,UP,1667271246372,"A"
264507,78,49,0,0,DOWN,1667327123372,"N"
264507,78,49,0,0,UP,1667383222372,"N"
264507,68,32,0,0,DOWN,1667423252672,"D"
264507,70,33,0,0,DOWN,1667527286572,"F"
264507,68,32,0,0,UP,1667535261572,"D"
264507,70,33,0,0,UP,1667599255572,"F"
264507,72,35,0,0,DOWN,1667623309172,"H"
264507,72,35,0,0,UP,1667727432972,"H"
264507,66,48,0,0,DOWN,1667728285572,"B"
264507,85,22,0,0,DOWN,1667823300372,"U"
264507,66,48,0,0,UP,1667839234072,"B"
264507,82,19,0,0,DOWN,1667927197172,"R"
264507,85,22,0,0,UP,1667934980672,"U"
264507,71,34,0,0,DOWN,1668023318772,"G"
264507,82,19,0,0,UP,1668047464972,"R"
264507,71,34,0,0,UP,1668127156872,"G"
264507,69,18,0,0,DOWN,1668128074172,"E"
264507,78,49,0,0,DOWN,1668223390472,"N"
264507,69,18,0,0,UP,1668230940172,"E"
264507,78,49,0,0,UP,1668287232772,"N"
264507,76,38,0,0,DOWN,1668319334672,"L"
264507,76,38,0,0,UP,1668383301472,"L"
264507,65,30,0,0,DOWN,1668423321672,"A"
264507,65,30,0,0,UP,1668463117672,"A"
264507,78,49,0,0,DOWN,1668519249172,"N"
264507,78,49,0,0,UP,1668583267772,"N"
264507,68,32,0,0,DOWN,1668631282172,"D"
264507,70,33,0,0,DOWN,1668719306072,"F"
264507,68,32,0,0,UP,1668735323572,"D"
264507,70,33,0,0,UP,1668799318072,"F"
264507,72,35,0,0,DOWN,1668823293072,"H"
264507,66,48,0,0,DOWN,1668919327672,"B"
264507,72,35,0,0,UP,1668927308772,"H"
264507,85,22,0,0,DOWN,1669022985172,"U"
264507,66,48,0,0,UP,1669046994172,"B"
264507,82,19,0,0,DOWN,1669127288772,"R"
264507,85,22,0,0,UP,1669135319772,"U"
264507,71,34,0,0,DOWN,1669223266772,"G"
264507,82,19,0,0,UP,1669247111672,"R"
264507,69,18,0,0,DOWN,1669327317672,"E"
264507,71,34,0,0,UP,1669344591272,"G"
264507,69,18,0,0,UP,1669423281972,"E"
264507,78,49,0,0,DOWN,1669424047072,"N"
264507,78,49,0,0,UP,1669487430772,"N"
264507,76,38,0,0,DOWN,1669527352272,"L"
264507,76,38,0,0,UP,1669583411172,"L"
264507,65,30,0,0,DOWN,1669623354772,"A"
264507,65,30,0,0,UP,1669663034872,"A"
264507,78,49,0,0,DOWN,1669727369772,"N"
264507,78,49,0,0,UP,1669783291072,"N"
264507,68,32,0,0,DOWN,1669823303472,"D"
264507,70,33,0,0,DOWN,1669927270772,"F"
264507,68,32,0,0,UP,1669934961772,"D"
264507,70,33,0,0,UP,1669999337572,"F"
264507,72,35,0,0,DOWN,1670023292772,"H"
264507,66,48,0,0,DOWN,1670119345472,"B"
264507,72,35,0,0,UP,1670135287372,"H"
264507,85,22,0,0,DOWN,1670223288172,"U"
264507,66,48,0,0,UP,1670247326472,"B"
264507,82,19,0,0,DOWN,1670319281872,"R"
264507,85,22,0,0,UP,1670335272372,"U"
264507,71,34,0,0,DOWN,1670423326672,"G"
264507,82,19,0,0,UP,1670439479072,"R"
264507,71,34,0,0,UP,1670527289972,"G"
264507,69,18,0,0,DOWN,1670528280172,"E"
264507,78,49,0,0,DOWN,1670623326572,"N"
264507,69,18,0,0,UP,1670631261072,"E"
264507,78,49,0,0,UP,1670687261372,"N"
264507,76,38,0,0,DOWN,1670719221472,"L"
264507,76,38,0,0,UP,1670783264572,"L"
264507,65,30,0,0,DOWN,1670823299472,"A"
264507,65,30,0,0,UP,1670871302472,"A"
264507,78,49,0,0,DOWN,1670927286172,"N"
264507,78,49,0,0,UP,1670983295172,"N"
264507,68,32,0,0,DOWN,1671023260672,"D"
264507,70,33,0,0,DOWN,1671127303172,"F"
264507,68,32,0,0,UP,1671134999872,"D"
264507,70,33,0,0,UP,1671199250672,"F"
264507,72,35,0,0,DOWN,1671223304772,"H"
264507,66,48,0,0,DOWN,1671327422672,"B"
264507,72,35,0,0,UP,1671335027972,"H"
264507,85,22,0,0,DOWN,1671423356572,"U"
264507,66,48,0,0,UP,1671447136572,"B"
264507,82,19,0,0,DOWN,1671527136172,"R"
264507,85,22,0,0,UP,1671535027372,"U"
264507,71,34,0,0,DOWN,1671623308772,"G"
264507,82,19,0,0,UP,1671647517572,"R"
264507,71,34,0,0,UP,1671727147072,"G"
264507,69,18,0,0,DOWN,1671727861772,"E"
264507,78,49,0,0,DOWN,1671823323972,"N"
264507,69,18,0,0,UP,1671839272672,"E"
264507,78,49,0,0,UP,1671887278972,"N"
264507,76,38,0,0,DOWN,1671919335772,"L"
264507,76,38,0,0,UP,1671983304172,"L"
264507,65,30,0,0,DOWN,1672023306572,"A"
264507,65,30,0,0,UP,1672062998472,"A"
264507,78,49,0,0,DOWN,1672119344472,"N"
264507,78,49,0,0,UP,1672183262372,"N"
264507,68,32,0,0,DOWN,1672223253472,"D"
264507,70,33,0,0,DOWN,1672319280472,"F"
264507,68,32,0,0,UP,1672335455772,"D"
264507,70,33,0,0,UP,1672399297172,"F"
264507,72,35,0,0,DOWN,1672423311172,"H"
264507,66,48,0,0,DOWN,1672519321272,"B"
264507,72,35,0,0,UP,1672535098272,"H"
264507,85,22,0,0,DOWN,1672623405672,"U"
264507,66,48,0,0,UP,1672639664872,"B"
264507,82,19,0,0,DOWN,1672727362672,"R"
264507,85,22,0,0,UP,1672735151272,"U"
264507,71,34,0,0,DOWN,1672823343272,"G"
264507,82,19,0,0,UP,1672839338272,"R"
264507,69,18,0,0,DOWN,1672926986372,"E"
264507,71,34,0,0,UP,1672935175472,"G"
264507,78,49,0,0,DOWN,1673023342172,"N"
264507,69,18,0,0,UP,1673031418472,"E"
264507,78,49,0,0,UP,1673087295172,"N"
264507,76,38,0,0,DOWN,1673127391672,"L"
264507,76,38,0,0,UP,1673183409072,"L"
264507,65,30,0,0,DOWN,1673223320272,"A"
264507,65,30,0,0,UP,1673271275872,"A"
264507,78,49,0,0,DOWN,1673327310872,"N"
264507,78,49,0,0,UP,1673383231772,"N"
264507,68,32,0,0,DOWN,1673423210872,"D"
264507,70,33,0,0,DOWN,1673527365172,"F"
264507,68,32,0,0,UP,1673534881072,"D"
264507,70,33,0,0,UP,1673599111772,"F"
264507,72,35,0,0,DOWN,1673623290272,"H"
264507,72,35,0,0,UP,1673727569772,"H"
264507,66,48,0,0,DOWN,1673728071972,"B"
264507,85,22,0,0,DOWN,1673823351172,"U"
264507,66,48,0,0,UP,1673839442472,"B"
264507,82,19,0,0,DOWN,1673919364772,"R"
264507,85,22,0,0,UP,1673935386672,"U"
264507,71,34,0,0,DOWN,1674023353572,"G"
264507,82,19,0,0,UP,1674039372772,"R"
264507,69,18,0,0,DOWN,1674127134572,"E"
264507,71,34,0,0,UP,1674135053272,"G"
264507,69,18,0,0,UP,1674223279372,"E"
264507,78,49,0,0,DOWN,1674224129272,"N"
264507,78,49,0,0,UP,1674287340972,"N"
264507,76,38,0,0,DOWN,1674319368272,"L"
264507,76,38,0,0,UP,1674375272272,"L"
264507,65,30,0,0,DOWN,1674423412172,"A"
264507,65,30,0,0,UP,1674471283272,"A"
264507,78,49,0,0,DOWN,1674527334272,"N"
264507,78,49,0,0,UP,1674591287772,"N"
264507,68,32,0,0,DOWN,1674623415472,"D"
264507,70,33,0,0,DOWN,1674727706572,"F"
264507,68,32,0,0,UP,1674735602572,"D"
264507,70,33,0,0,UP,1674799220372,"F"
264507,72,35,0,0,DOWN,1674823353372,"H"
264507,66,48,0,0,DOWN,1674927297572,"B"
264507,72,35,0,0,UP,1674935264272,"H"
264507,85,22,0,0,DOWN,1675023344072,"U"
264507,66,48,0,0,UP,1675047294372,"B"
264507,82,19,0,0,DOWN,1675127362772,"R"
264507,85,22,0,0,UP,1675135586272,"U"
264507,71,34,0,0,DOWN,1675223356072,"G"
264507,82,19,0,0,UP,1675247353672,"R"
264507,71,34,0,0,UP,1675327099272,"G"
264507,69,18,0,0,DOWN,1675327962572,"E"
264507,69,18,0,0,UP,1675423309672,"E"
264507,78,49,0,0,DOWN,1675431341472,"N"
264507,78,49,0,0,UP,1675487198972,"N"
264507,76,38,0,0,DOWN,1675519120572,"L"
264507,76,38,0,0,UP,1675583026072,"L"
264507,65,30,0,0,DOWN,1675623294672,"A"
264507,65,30,0,0,UP,1675663260972,"A"
264507,78,49,0,0,DOWN,1675719344472,"N"
264507,78,49,0,0,UP,1675783425072,"N"
264507,68,32,0,0,DOWN,1675823358072,"D"
264507,70,33,0,0,DOWN,1675919359672,"F"
264507,68,32,0,0,UP,1675935395972,"D"
264507,70,33,0,0,UP,1675999383072,"F"
264507,72,35,0,0,DOWN,1676023281972,"H"
264507,66,48,0,0,DOWN,1676119355472,"B"
264507,72,35,0,0,UP,1676127314972,"H"
264507,85,22,0,0,DOWN,1676223364272,"U"
264507,66,48,0,0,UP,1676239445372,"B"
264507,82,19,0,0,DOWN,1676327307972,"R"
264507,85,22,0,0,UP,1676335431572,"U"
264507,71,34,0,0,DOWN,1676423407372,"G"
264507,82,19,0,0,UP,1676439413872,"R"
264507,69,18,0,0,DOWN,1676527411072,"E"
264507,71,34,0,0,UP,1676535357372,"G"
264507,78,49,0,0,DOWN,1676623324072,"N"
264507,69,18,0,0,UP,1676631289072,"E"
264507,78,49,0,0,UP,1676687198272,"N"
264507,76,38,0,0,DOWN,1676727398872,"L"
264507,76,38,0,0,UP,1676783293272,"L"
264507,65,30,0,0,DOWN,1676823359672,"A"
264507,65,30,0,0,UP,1676871370672,"A"
264507,78,49,0,0,DOWN,1676927346772,"N"
264507,78,49,0,0,UP,1676983365572,"N"
264507,68,32,0,0,DOWN,1677023454072,"D"
264507,70,33,0,0,DOWN,1677127370572,"F"
264507,68,32,0,0,UP,1677135355672,"D"
264507,70,33,0,0,UP,1677199328372,"F"
264507,72,35,0,0,DOWN,1677223531372,"H"
264507,72,35,0,0,UP,1677327393472,"H"
264507,66,48,0,0,DOWN,1677328406672,"B"
264507,85,22,0,0,DOWN,1677423524072,"U"
264507,66,48,0,0,UP,1677447344872,"B"
264507,82,19,0,0,DOWN,1677519105372,"R"
264507,85,22,0,0,UP,1677535317472,"U"
264507,71,34,0,0,DOWN,1677623383672,"G"
264507,82,19,0,0,UP,1677639338372,"R"
264507,71,34,0,0,UP,1677727360872,"G"
264507,69,18,0,0,DOWN,1677728248772,"E"
264507,78,49,0,0,DOWN,1677823385372,"N"
264507,69,18,0,0,UP,1677831301972,"E"
264507,78,49,0,0,UP,1677887351072,"N"
264507,76,38,0,0,DOWN,1677919106172,"L"
264507,76,38,0,0,UP,1677983307872,"L"
264507,65,30,0,0,DOWN,1678023350172,"A"
264507,65,30,0,0,UP,1678071295072,"A"
264507,78,49,0,0,DOWN,1678127369772,"N"
264507,78,49,0,0,UP,1678183374672,"N"
264507,68,32,0,0,DOWN,1678223552372,"D"
264507,70,33,0,0,DOWN,1678327515072,"F"
264507,68,32,0,0,UP,1678335347972,"D"
264507,70,33,0,0,UP,1678399553472,"F"
264507,72,35,0,0,DOWN,1678423406172,"H"
264507,66,48,0,0,DOWN,1678527429072,"B"
264507,72,35,0,0,UP,1678535563472,"H"
264507,85,22,0,0,DOWN,1678623372072,"U"
264507,66,48,0,0,UP,1678639408372,"B"
264507,82,19,0,0,DOWN,1678727414672,"R"
264507,85,22,0,0,UP,1678735524472,"U"
264507,71,34,0,0,DOWN,1678823391672,"G"
264507,82,19,0,0,UP,1678839318672,"R"
264507,69,18,0,0,DOWN,1678927360172,"E"
264507,71,34,0,0,UP,1678935120272,"G"
264507,69,18,0,0,UP,1679023344272,"E"
264507,78,49,0,0,DOWN,1679024063472,"N"
264507,78,49,0,0,UP,1679087086872,"N"
264507,76,38,0,0,DOWN,1679119090672,"L"
264507,76,38,0,0,UP,1679183345672,"L"
264507,65,30,0,0,DOWN,1679223343872,"A"
264507,65,30,0,0,UP,1679263345272,"A"
264507,78,49,0,0,DOWN,1679319293972,"N"
264507,78,49,0,0,UP,1679383189372,"N"
264507,68,32,0,0,DOWN,1679423572872,"D"
264507,70,33,0,0,DOWN,1679519312472,"F"
264507,68,32,0,0,UP,1679535154572,"D"
264507,70,33,0,0,UP,1679599174572,"F"
264507,72,35,0,0,DOWN,1679623440172,"H"
264507,66,48,0,0,DOWN,1679719436672,"B"
264507,72,35,0,0,UP,1679727288272,"H"
264507,85,22,0,0,DOWN,1679823317372,"U"
264507,66,48,0,0,UP,1679839604772,"B"
264507,82,19,0,0,DOWN,1679919405372,"R"
264507,85,22,0,0,UP,1679927318672,"U"
264507,71,34,0,0,DOWN,1680023532972,"G"
264507,82,19,0,0,UP,1680047424672,"R"
264507,69,18,0,0,DOWN,1680127418372,"E"
264507,71,34,0,0,UP,1680135355472,"G"
264507,78,49,0,0,DOWN,1680223379072,"N"
264507,69,18,0,0,UP,1680231148872,"E"
264507,78,49,0,0,UP,1680287147672,"N"
264507,76,38,0,0,DOWN,1680327322072,"L"
264507,76,38,0,0,UP,1680383365872,"L"
264507,65,30,0,0,DOWN,1680423355672,"A"
264507,65,30,0,0,UP,1680471441172,"A"
264507,78,49,0,0,DOWN,1680527384472,"N"
264507,78,49,0,0,UP,1680591400572,"N"
264507,68,32,0,0,DOWN,1680623371272,"D"
264507,70,33,0,0,DOWN,1680727384472,"F"
264507,68,32,0,0,UP,1680735255772,"D"
264507,70,33,0,0,UP,1680799825172,"F"
264507,72,35,0,0,DOWN,1680823392872,"H"
264507,72,35,0,0,UP,1680927432472,"H"
264507,66,48,0,0,DOWN,1680928142972,"B"
264507,85,22,0,0,DOWN,1681023444672,"U"
264507,66,48,0,0,UP,1681039425572,"B"
264507,82,19,0,0,DOWN,1681119440172,"R"
264507,85,22,0,0,UP,1681135384372,"U"
264507,71,34,0,0,DOWN,1681223302572,"G"
264507,82,19,0,0,UP,1681239106672,"R"
264507,69,18,0,0,DOWN,1681327539572,"E"
264507,71,34,0,0,UP,1681335523772,"G"
264507,78,49,0,0,DOWN,1681423434372,"N"
264507,69,18,0,0,UP,1681431384372,"E"
264507,78,49,0,0,UP,1681487501272,"N"
264507,76,38,0,0,DOWN,1681519414972,"L"
264507,76,38,0,0,UP,1681583349572,"L"
264507,65,30,0,0,DOWN,1681623364072,"A"
264507,65,30,0,0,UP,1681671127272,"A"
264507,78,49,0,0,DOWN,1681719414372,"N"
264507,78,49,0,0,UP,1681783449272,"N"
264507,68,32,0,0,DOWN,1681823376272,"D"
264507,70,33,0,0,DOWN,1681927404172,"F"
264507,68,32,0,0,UP,1681935363772,"D"
264507,70,33,0,0,UP,1681999477772,"F"
264507,72,35,0,0,DOWN,1682023444172,"H"
264507,66,48,0,0,DOWN,1682127404772,"B"
264507,72,35,0,0,UP,1682135371172,"H"
264507,85,22,0,0,DOWN,1682223215772,"U"
264507,66,48,0,0,UP,1682247375572,"B"
264507,82,19,0,0,DOWN,1682327433672,"R"
264507,85,22,0,0,UP,1682335425572,"U"
264507,71,34,0,0,DOWN,1682423512872,"G"
264507,82,19,0,0,UP,1682439534672,"R"
264507,69,18,0,0,DOWN,1682527383772,"E"
264507,71,34,0,0,UP,1682535001172,"G"
264507,78,49,0,0,DOWN,1682623539672,"N"
264507,69,18,0,0,UP,1682631405672,"E"
264507,78,49,0,0,UP,1682687132472,"N"
264507,76,38,0,0,DOWN,1682727386872,"L"
264507,76,38,0,0,UP,1682775435172,"L"
264507,65,30,0,0,DOWN,1682823415772,"A"
264507,65,30,0,0,UP,1682871343272,"A"
264507,78,49,0,0,DOWN,1682927408572,"N"
264507,78,49,0,0,UP,1682983276372,"N"
264507,68,32,0,0,DOWN,1683023376272,"D"
264507,70,33,0,0,DOWN,1683119507272,"F"
264507,68,32,0,0,UP,1683135419272,"D"
264507,70,33,0,0,UP,1683199402072,"F"
264507,72,35,0,0,DOWN,1683223448472,"H"
264507,66,48,0,0,DOWN,1683319409272,"B"
264507,72,35,0,0,UP,1683327346972,"H"
264507,85,22,0,0,DOWN,1683423403772,"U"
264507,66,48,0,0,UP,1683439491872,"B"
264507,82,19,0,0,DOWN,1683519413072,"R"
264507,85,22,0,0,UP,1683535422472,"U"
264507,71,34,0,0,DOWN,1683623163272,"G"
264507,82,19,0,0,UP,1683639333772,"R"
264507,69,18,0,0,DOWN,1683719177972,"E"
264507,71,34,0,0,UP,1683727520572,"G"
264507,78,49,0,0,DOWN,1683823218272,"N"
264507,69,18,0,0,UP,1683831442272,"E"
264507,78,49,0,0,UP,1683887413372,"N"
264507,76,38,0,0,DOWN,1683927614572,"L"
264507,76,38,0,0,UP,1683983394072,"L"
264507,65,30,0,0,DOWN,1684023337172,"A"
264507,65,30,0,0,UP,1684071652572,"A"
264507,78,49,0,0,DOWN,1684127471372,"N"
264507,78,49,0,0,UP,1684183371772,"N"
264507,68,32,0,0,DOWN,1684223187472,"D"
264507,70,33,0,0,DOWN,1684327203572,"F"
264507,68,32,0,0,UP,1684344540572,"D"
264507,70,33,0,0,UP,1684399413472,"F"
264507,72,35,0,0,DOWN,1684423135572,"H"
264507,72,35,0,0,UP,1684527427072,"H"
264507,66,48,0,0,DOWN,1684528071172,"B"
264507,85,22,0,0,DOWN,1684623178472,"U"
264507,66,48,0,0,UP,1684639327372,"B"
264507,82,19,0,0,DOWN,1684727640072,"R"
264507,85,22,0,0,UP,1684735462372,"U"
264507,71,34,0,0,DOWN,1684823167972,"G"
264507,82,19,0,0,UP,1684847422672,"R"
264507,69,18,0,0,DOWN,1684927558472,"E"
264507,71,34,0,0,UP,1684935351472,"G"
264507,78,49,0,0,DOWN,1685023316372,"N"
264507,69,18,0,0,UP,1685031406472,"E"
264507,78,49,0,0,UP,1685095505872,"N"
264507,76,38,0,0,DOWN,1685119438072,"L"
264507,76,38,0,0,UP,1685183428472,"L"
264507,65,30,0,0,DOWN,1685223389272,"A"
264507,65,30,0,0,UP,1685263439372,"A"
264507,78,49,0,0,DOWN,1685319446572,"N"
264507,78,49,0,0,UP,1685391403872,"N"
264507,68,32,0,0,DOWN,1685431475672,"D"
264507,70,33,0,0,DOWN,1685519316472,"F"
264507,68,32,0,0,UP,1685535531772,"D"
264507,70,33,0,0,UP,1685599122572,"F"
264507,72,35,0,0,DOWN,1685623158872,"H"
264507,66,48,0,0,DOWN,1685727470172,"B"
264507,72,35,0,0,UP,1685735342272,"H"
264507,85,22,0,0,DOWN,1685823216472,"U"
264507,66,48,0,0,UP,1685847382472,"B"
264507,82,19,0,0,DOWN,1685927405472,"R"
264507,85,22,0,0,UP,1685935377572,"U"
264507,71,34,0,0,DOWN,1686023450972,"G"
264507,82,19,0,0,UP,1686039484672,"R"
264507,69,18,0,0,DOWN,1686127422872,"E"
264507,71,34,0,0,UP,1686135335172,"G"
264507,69,18,0,0,UP,1686223517072,"E"
264507,78,49,0,0,DOWN,1686231184072,"N"
264507,78,49,0,0,UP,1686287435672,"N"
264507,76,38,0,0,DOWN,1686327508172,"L"
264507,76,38,0,0,UP,1686383384872,"L"
264507,65,30,0,0,DOWN,1686423456472,"A"
264507,65,30,0,0,UP,1686463419972,"A"
264507,78,49,0,0,DOWN,1686527391972,"N"
264507,78,49,0,0,UP,1686583596972,"N"
264507,68,32,0,0,DOWN,1686623458072,"D"
264507,70,33,0,0,DOWN,1686727467872,"F"
264507,68,32,0,0,UP,1686735544072,"D"
264507,70,33,0,0,UP,1686799595672,"F"
264507,72,35,0,0,DOWN,1686823437772,"H"
264507,66,48,0,0,DOWN,1686919465272,"B"
264507,72,35,0,0,UP,1686927462472,"H"
264507,85,22,0,0,DOWN,1687023416972,"U"
264507,66,48,0,0,UP,1687047513272,"B"
264507,82,19,0,0,DOWN,1687119374372,"R"
264507,85,22,0,0,UP,1687135427072,"U"
264507,71,34,0,0,DOWN,1687223498872,"G"
264507,82,19,0,0,UP,1687239438072,"R"
264507,69,18,0,0,DOWN,1687319419272,"E"
264507,71,34,0,0,UP,1687327648972,"G"
264507,69,18,0,0,UP,1687423376572,"E"
264507,78,49,0,0,DOWN,1687424331272,"N"
264507,78,49,0,0,UP,1687487358072,"N"
264507,76,38,0,0,DOWN,1687519486372,"L"
264507,76,38,0,0,UP,1687575195572,"L"
264507,65,30,0,0,DOWN,1687623487172,"A"
264507,65,30,0,0,UP,1687671428772,"A"
264507,78,49,0,0,DOWN,1687727187072,"N"
264507,78,49,0,0,UP,1687791596072,"N"
264507,68,32,0,0,DOWN,1687823426872,"D"
264507,70,33,0,0,DOWN,1687927133872,"F"
264507,68,32,0,0,UP,1687943427872,"D"
264507,70,33,0,0,UP,1687991475972,"F"
264507,72,35,0,0,DOWN,1688023409172,"H"
264507,66,48,0,0,DOWN,1688127613572,"B"
264507,72,35,0,0,UP,1688134969272,"H"
264507,85,22,0,0,DOWN,1688223459672,"U"
264507,66,48,0,0,UP,1688239556772,"B"
264507,82,19,0,0,DOWN,1688327500372,"R"
264507,85,22,0,0,UP,1688335590472,"U"
264507,71,34,0,0,DOWN,1688423198272,"G"
264507,82,19,0,0,UP,1688440505872,"R"
264507,69,18,0,0,DOWN,1688527448972,"E"
264507,71,34,0,0,UP,1688535440072,"G"
264507,78,49,0,0,DOWN,1688623426972,"N"
264507,69,18,0,0,UP,1688631711372,"E"
264507,78,49,0,0,UP,1688687275272,"N"
264507,76,38,0,0,DOWN,1688719744772,"L"
264507,76,38,0,0,UP,1688783423772,"L"
264507,65,30,0,0,DOWN,1688823424872,"A"
264507,65,30,0,0,UP,1688863197072,"A"
264507,78,49,0,0,DOWN,1688919582572,"N"
264507,78,49,0,0,UP,1688991419472,"N"
264507,68,32,0,0,DOWN,1689031498972,"D"
264507,70,33,0,0,DOWN,1689119584772,"F"
264507,68,32,0,0,UP,1689135485672,"D"
264507,70,33,0,0,UP,1689199497672,"F"
264507,72,35,0,0,DOWN,1689223478072,"H"
264507,66,48,0,0,DOWN,1689327330572,"B"
264507,72,35,0,0,UP,1689335442772,"H"
264507,85,22,0,0,DOWN,1689423476872,"U"
264507,66,48,0,0,UP,1689447361772,"B"
264507,82,19,0,0,DOWN,1689527208172,"R"
264507,85,22,0,0,UP,1689535428872,"U"
264507,71,34,0,0,DOWN,1689623275372,"G"
264507,82,19,0,0,UP,1689639622572,"R"
264507,71,34,0,0,UP,1689727181572,"G"
264507,69,18,0,0,DOWN,1689727888172,"E"
264507,69,18,0,0,UP,1689823491772,"E"
264507,78,49,0,0,DOWN,1689831378472,"N"
264507,78,49,0,0,UP,1689887368072,"N"
264507,76,38,0,0,DOWN,1689927197272,"L"
264507,76,38,0,0,UP,1689983516772,"L"
264507,65,30,0,0,DOWN,1690023543672,"A"
264507,65,30,0,0,UP,1690063340472,"A"
264507,78,49,0,0,DOWN,1690127288072,"N"
264507,78,49,0,0,UP,1690183415872,"N"
264507,68,32,0,0,DOWN,1690223503172,"D"
264507,70,33,0,0,DOWN,1690327298972,"F"
264507,68,32,0,0,UP,1690335499572,"D"
264507,70,33,0,0,UP,1690399471572,"F"
264507,72,35,0,0,DOWN,1690423709972,"H"
264507,66,48,0,0,DOWN,1690519232872,"B"
264507,72,35,0,0,UP,1690535505372,"H"
264507,85,22,0,0,DOWN,1690623632472,"U"
264507,66,48,0,0,UP,1690639448872,"B"
264507,82,19,0,0,DOWN,1690719536072,"R"
264507,85,22,0,0,UP,1690735403472,"U"
264507,71,34,0,0,DOWN,1690823518972,"G"
264507,82,19,0,0,UP,1690839484972,"R"
264507,69,18,0,0,DOWN,1690919491472,"E"
264507,71,34,0,0,UP,1690927279272,"G"
264507,78,49,0,0,DOWN,1691023498072,"N"
264507,69,18,0,0,UP,1691031441272,"E"
264507,78,49,0,0,UP,1691087422472,"N"
264507,76,38,0,0,DOWN,1691119500072,"L"
264507,76,38,0,0,UP,1691183431572,"L"
264507,65,30,0,0,DOWN,1691223445372,"A"
264507,65,30,0,0,UP,1691271488472,"A"
264507,78,49,0,0,DOWN,1691327526572,"N"
264507,78,49,0,0,UP,1691391364072,"N"
264507,68,32,0,0,DOWN,1691423580272,"D"
264507,70,33,0,0,DOWN,1691527474772,"F"
264507,68,32,0,0,UP,1691535488272,"D"
264507,70,33,0,0,UP,1691599548172,"F"
264507,72,35,0,0,DOWN,1691623520672,"H"
264507,66,48,0,0,DOWN,1691727590972,"B"
264507,72,35,0,0,UP,1691735706072,"H"
264507,85,22,0,0,DOWN,1691823539772,"U"
264507,66,48,0,0,UP,1691847471272,"B"
264507,82,19,0,0,DOWN,1691927474472,"R"
264507,85,22,0,0,UP,1691935492972,"U"
264507,71,34,0,0,DOWN,1692023506872,"G"
264507,82,19,0,0,UP,1692047449072,"R"
264507,69,18,0,0,DOWN,1692127423572,"E"
264507,71,34,0,0,UP,1692135444872,"G"
264507,78,49,0,0,DOWN,1692223592572,"N"
264507,69,18,0,0,UP,1692231264872,"E"
264507,78,49,0,0,UP,1692287534872,"N"
264507,76,38,0,0,DOWN,1692319488772,"L"
264507,76,38,0,0,UP,1692383456372,"L"
264507,65,30,0,0,DOWN,1692423508872,"A"
264507,65,30,0,0,UP,1692463548872,"A"
264507,78,49,0,0,DOWN,1692519244272,"N"
264507,78,49,0,0,UP,1692583455072,"N"
264507,68,32,0,0,DOWN,1692631473772,"D"
264507,70,33,0,0,DOWN,1692719529372,"F"
264507,68,32,0,0,UP,1692735491372,"D"
264507,70,33,0,0,UP,1692799283772,"F"
264507,72,35,0,0,DOWN,1692823485672,"H"
264507,66,48,0,0,DOWN,1692919511872,"B"
264507,72,35,0,0,UP,1692927468772,"H"
264507,85,22,0,0,DOWN,1693023455872,"U"
264507,66,48,0,0,UP,1693047476672,"B"
264507,82,19,0,0,DOWN,1693127433972,"R"
264507,85,22,0,0,UP,1693135663172,"U"
264507,71,34,0,0,DOWN,1693223477972,"G"
264507,82,19,0,0,UP,1693239556972,"R"
264507,69,18,0,0,DOWN,1693327617172,"E"
264507,71,34,0,0,UP,1693335521772,"G"
264507,78,49,0,0,DOWN,1693423506672,"N"
264507,69,18,0,0,UP,1693431512972,"E"
264507,78,49,0,0,UP,1693487521472,"N"
264507,76,38,0,0,DOWN,1693527500872,"L"
264507,76,38,0,0,UP,1693583455972,"L"
264507,65,30,0,0,DOWN,1693623553172,"A"
264507,65,30,0,0,UP,1693671424672,"A"
264507,78,49,0,0,DOWN,1693727495672,"N"
264507,78,49,0,0,UP,1693783415172,"N"
264507,68,32,0,0,DOWN,1693823510772,"D"
264507,70,33,0,0,DOWN,1693927454972,"F"
264507,68,32,0,0,UP,1693935555672,"D"
264507,70,33,0,0,UP,1693999621772,"F"
264507,72,35,0,0,DOWN,1694023469472,"H"
264507,66,48,0,0,DOWN,1694127460372,"B"
264507,72,35,0,0,UP,1694135513672,"H"
264507,85,22,0,0,DOWN,1694223447572,"U"
264507,66,48,0,0,UP,1694247247972,"B"
264507,82,19,0,0,DOWN,1694319522472,"R"
264507,85,22,0,0,UP,1694335436772,"U"
264507,71,34,0,0,DOWN,1694423523072,"G"
264507,82,19,0,0,UP,1694439457472,"R"
264507,69,18,0,0,DOWN,1694527542472,"E"
264507,71,34,0,0,UP,1694535358072,"G"
264507,69,18,0,0,UP,1694623493872,"E"
264507,78,49,0,0,DOWN,1694624285972,"N"
264507,78,49,0,0,UP,1694695240172,"N"
264507,76,38,0,0,DOWN,1694719297072,"L"
264507,76,38,0,0,UP,1694783195272,"L"
264507,65,30,0,0,DOWN,1694823213972,"A"
264507,65,30,0,0,UP,1694871207172,"A"
264507,78,49,0,0,DOWN,1694927290772,"N"
264507,78,49,0,0,UP,1694991245072,"N"
264507,68,32,0,0,DOWN,1695023253372,"D"
264507,70,33,0,0,DOWN,1695127567472,"F"
264507,68,32,0,0,UP,1695135476872,"D"
264507,70,33,0,0,UP,1695199480372,"F"
264507,72,35,0,0,DOWN,1695223524472,"H"
264507,66,48,0,0,DOWN,1695327481672,"B"
264507,72,35,0,0,UP,1695343562172,"H"
264507,85,22,0,0,DOWN,1695423313672,"U"
264507,66,48,0,0,UP,1695447261072,"B"
264507,82,19,0,0,DOWN,1695527416072,"R"
264507,85,22,0,0,UP,1695535524672,"U"
264507,71,34,0,0,DOWN,1695623540172,"G"
264507,82,19,0,0,UP,1695647335572,"R"
264507,69,18,0,0,DOWN,1695727608572,"E"
264507,71,34,0,0,UP,1695735904372,"G"
264507,69,18,0,0,UP,1695823574272,"E"
264507,78,49,0,0,DOWN,1695824415472,"N"
264507,78,49,0,0,UP,1695887533372,"N"
264507,76,38,0,0,DOWN,1695919532872,"L"
264507,76,38,0,0,UP,1695983483272,"L"
264507,65,30,0,0,DOWN,1696023542372,"A"
264507,65,30,0,0,UP,1696063683372,"A"
264507,78,49,0,0,DOWN,1696119519172,"N"
264507,78,49,0,0,UP,1696183527072,"N"
264507,68,32,0,0,DOWN,1696223566272,"D"
264507,70,33,0,0,DOWN,1696319484572,"F"
264507,68,32,0,0,UP,1696335509072,"D"
264507,70,33,0,0,UP,1696399488072,"F"
264507,72,35,0,0,DOWN,1696423491072,"H"
264507,66,48,0,0,DOWN,1696519541972,"B"
264507,72,35,0,0,UP,1696527100572,"H"
264507,85,22,0,0,DOWN,1696623587672,"U"
264507,66,48,0,0,UP,1696639428272,"B"
264507,82,19,0,0,DOWN,1696719466972,"R"
264507,85,22,0,0,UP,1696735268672,"U"
264507,71,34,0,0,DOWN,1696823511472,"G"
264507,82,19,0,0,UP,1696847457972,"R"
264507,69,18,0,0,DOWN,1696927525272,"E"
264507,71,34,0,0,UP,1696935529572,"G"
264507,78,49,0,0,DOWN,1697023557772,"N"
264507,69,18,0,0,UP,1697031576172,"E"
264507,78,49,0,0,UP,1697087541572,"N"
264507,76,38,0,0,DOWN,1697127670372,"L"
264507,76,38,0,0,UP,1697183482972,"L"
264507,65,30,0,0,DOWN,1697223584872,"A"
264507,65,30,0,0,UP,1697271558672,"A"
264507,78,49,0,0,DOWN,1697327532872,"N"
264507,78,49,0,0,UP,1697383490772,"N"
264507,68,32,0,0,DOWN,1697423488372,"D"
264507,70,33,0,0,DOWN,1697527545972,"F"
264507,68,32,0,0,UP,1697535521472,"D"
264507,70,33,0,0,UP,1697599299072,"F"
264507,72,35,0,0,DOWN,1697623585972,"H"
264507,66,48,0,0,DOWN,1697727590672,"B"
264507,72,35,0,0,UP,1697735301372,"H"
264507,85,22,0,0,DOWN,1697823478072,"U"
264507,66,48,0,0,UP,1697847519172,"B"
264507,82,19,0,0,DOWN,1697919530072,"R"
264507,85,22,0,0,UP,1697935723872,"U"
264507,71,34,0,0,DOWN,1698023501572,"G"
264507,82,19,0,0,UP,1698039478472,"R"
264507,71,34,0,0,UP,1698127533972,"G"
264507,69,18,0,0,DOWN,1698128235472,"E"
264507,78,49,0,0,DOWN,1698223580772,"N"
264507,69,18,0,0,UP,1698231522872,"E"
264507,78,49,0,0,UP,1698295489172,"N"
264507,76,38,0,0,DOWN,1698319543972,"L"
264507,76,38,0,0,UP,1698375496872,"L"
264507,65,30,0,0,DOWN,1698423740272,"A"
264507,65,30,0,0,UP,1698471532472,"A"
264507,78,49,0,0,DOWN,1698519562972,"N"
264507,78,49,0,0,UP,1698591546072,"N"
264507,68,32,0,0,DOWN,1698623581872,"D"
264507,70,33,0,0,DOWN,1698727521972,"F"
264507,68,32,0,0,UP,1698735585972,"D"
264507,70,33,0,0,UP,1698807717472,"F"
264507,72,35,0,0,DOWN,1698823588372,"H"
264507,66,48,0,0,DOWN,1698927475172,"B"
264507,72,35,0,0,UP,1698935640272,"H"
264507,85,22,0,0,DOWN,1699023554172,"U"
264507,66,48,0,0,UP,1699047642272,"B"
264507,82,19,0,0,DOWN,1699127540972,"R"
264507,85,22,0,0,UP,1699135505772,"U"
264507,71,34,0,0,DOWN,1699223496772,"G"
264507,82,19,0,0,UP,1699247520572,"R"
264507,69,18,0,0,DOWN,1699327530972,"E"
264507,71,34,0,0,UP,1699335267172,"G"
264507,78,49,0,0,DOWN,1699423559072,"N"
264507,69,18,0,0,UP,1699431685772,"E"
264507,78,49,0,0,UP,1699487412572,"N"
264507,76,38,0,0,DOWN,1699527550472,"L"
264507,76,38,0,0,UP,1699575512372,"L"
264507,65,30,0,0,DOWN,1699623510372,"A"
264507,65,30,0,0,UP,1699671641372,"A"
264507,78,49,0,0,DOWN,1699727512372,"N"
264507,78,49,0,0,UP,1699783588772,"N"
264507,68,32,0,0,DOWN,1699823358272,"D"
264507,70,33,0,0,DOWN,1699919586972,"F"
264507,68,32,0,0,UP,1699935596072,"D"
264507,70,33,0,0,UP,1699999749372,"F"
264507,72,35,0,0,DOWN,1700023605472,"H"
264507,66,48,0,0,DOWN,1700119536772,"B"
264507,72,35,0,0,UP,1700135469572,"H"
264507,85,22,0,0,DOWN,1700223631172,"U"
264507,66,48,0,0,UP,1700239533172,"B"
264507,82,19,0,0,DOWN,1700319568472,"R"
264507,85,22,0,0,UP,1700335434672,"U"
264507,71,34,0,0,DOWN,1700423611572,"G"
264507,82,19,0,0,UP,1700439497072,"R"
264507,69,18,0,0,DOWN,1700519589672,"E"
264507,71,34,0,0,UP,1700527372672,"G"
264507,78,49,0,0,DOWN,1700623565972,"N"
264507,69,18,0,0,UP,1700631537172,"E"
264507,78,49,0,0,UP,1700687661872,"N"
264507,76,38,0,0,DOWN,1700727488672,"L"
264507,76,38,0,0,UP,1700783594972,"L"
264507,65,30,0,0,DOWN,1700823506072,"A"
264507,65,30,0,0,UP,1700871662472,"A"
264507,78,49,0,0,DOWN,1700927350972,"N"
264507,78,49,0,0,UP,1700983729172,"N"
264507,68,32,0,0,DOWN,1701023690072,"D"
264507,70,33,0,0,DOWN,1701127585472,"F"
264507,68,32,0,0,UP,1701135712672,"D"
264507,70,33,0,0,UP,1701199616672,"F"
264507,72,35,0,0,DOWN,1701223692072,"H"
264507,66,48,0,0,DOWN,1701327523572,"B"
264507,72,35,0,0,UP,1701335472172,"H"
264507,85,22,0,0,DOWN,1701423560572,"U"
264507,66,48,0,0,UP,1701447537572,"B"
264507,82,19,0,0,DOWN,1701527606772,"R"
264507,85,22,0,0,UP,1701535509772,"U"
264507,71,34,0,0,DOWN,1701623584472,"G"
264507,82,19,0,0,UP,1701647687772,"R"
264507,69,18,0,0,DOWN,1701727506872,"E"
264507,71,34,0,0,UP,1701735368372,"G"
264507,78,49,0,0,DOWN,1701823566072,"N"
264507,69,18,0,0,UP,1701831476572,"E"
264507,78,49,0,0,UP,1701895504672,"N"
264507,76,38,0,0,DOWN,1701919291072,"L"
264507,76,38,0,0,UP,1701983544672,"L"
264507,65,30,0,0,DOWN,1702023572972,"A"
264507,65,30,0,0,UP,1702063379972,"A"
264507,78,49,0,0,DOWN,1702119470672,"N"
264507,78,49,0,0,UP,1702191256172,"N"
264507,68,32,0,0,DOWN,1702231682572,"D"
264507,70,33,0,0,DOWN,1702319341472,"F"
264507,68,32,0,0,UP,1702335236172,"D"
264507,70,33,0,0,UP,1702399558272,"F"
264507,72,35,0,0,DOWN,1702423584372,"H"
264507,66,48,0,0,DOWN,1702527599372,"B"
264507,72,35,0,0,UP,1702535603372,"H"
264507,85,22,0,0,DOWN,1702623641672,"U"
264507,66,48,0,0,UP,1702647556272,"B"
264507,82,19,0,0,DOWN,1702727320372,"R"
264507,85,22,0,0,UP,1702735586372,"U"
264507,71,34,0,0,DOWN,1702823551472,"G"
264507,82,19,0,0,UP,1702839360272,"R"
264507,69,18,0,0,DOWN,1702927439472,"E"
264507,71,34,0,0,UP,1702943580472,"G"
264507,69,18,0,0,UP,1703023548672,"E"
264507,78,49,0,0,DOWN,1703024363172,"N"
264507,78,49,0,0,UP,1703087674172,"N"
264507,76,38,0,0,DOWN,1703127596572,"L"
264507,76,38,0,0,UP,1703183530272,"L"
264507,65,30,0,0,DOWN,1703223563372,"A"
264507,65,30,0,0,UP,1703271512272,"A"
264507,78,49,0,0,DOWN,1703327568772,"N"
264507,78,49,0,0,UP,1703383613872,"N"
264507,68,32,0,0,DOWN,1703423420872,"D"
264507,70,33,0,0,DOWN,1703527638072,"F"
264507,68,32,0,0,UP,1703535652472,"D"
264507,70,33,0,0,UP,1703599573272,"F"
264507,72,35,0,0,DOWN,1703623629772,"H"
264507,66,48,0,0,DOWN,1703727597472,"B"
264507,72,35,0,0,UP,1703735670172,"H"
264507,85,22,0,0,DOWN,1703823616272,"U"
264507,66,48,0,0,UP,1703847590672,"B"
264507,82,19,0,0,DOWN,1703919589572,"R"
264507,85,22,0,0,UP,1703935606072,"U"
264507,71,34,0,0,DOWN,1704023615672,"G"
264507,82,19,0,0,UP,1704039811572,"R"
264507,71,34,0,0,UP,1704119765072,"G"
264507,69,18,0,0,DOWN,1704127533772,"E"
264507,69,18,0,0,UP,1704215505072,"E"
264507,78,49,0,0,DOWN,1704223359472,"N"
264507,78,49,0,0,UP,1704287488772,"N"
264507,76,38,0,0,DOWN,1704319655872,"L"
264507,76,38,0,0,UP,1704383347972,"L"
264507,65,30,0,0,DOWN,1704423616772,"A"
264507,65,30,0,0,UP,1704471557972,"A"
264507,78,49,0,0,DOWN,1704527589572,"N"
264507,78,49,0,0,UP,1704583560972,"N"
264507,68,32,0,0,DOWN,1704623607972,"D"
264507,70,33,0,0,DOWN,1704727619572,"F"
264507,68,32,0,0,UP,1704735529072,"D"
264507,70,33,0,0,UP,1704799613072,"F"
264507,72,35,0,0,DOWN,1704823583172,"H"
264507,66,48,0,0,DOWN,1704927494872,"B"
264507,72,35,0,0,UP,1704935189372,"H"
264507,85,22,0,0,DOWN,1705023770772,"U"
264507,66,48,0,0,UP,1705047747072,"B"
264507,82,19,0,0,DOWN,1705127392672,"R"
264507,85,22,0,0,UP,1705135663572,"U"
264507,71,34,0,0,DOWN,1705223647872,"G"
264507,82,19,0,0,UP,1705247567772,"R"
264507,69,18,0,0,DOWN,1705327571972,"E"
264507,71,34,0,0,UP,1705335550572,"G"
264507,78,49,0,0,DOWN,1705423633972,"N"
264507,69,18,0,0,UP,1705431506672,"E"
264507,78,49,0,0,UP,1705487362172,"N"
264507,76,38,0,0,DOWN,1705519526772,"L"
264507,76,38,0,0,UP,1705583519672,"L"
264507,65,30,0,0,DOWN,1705623538272,"A"
264507,65,30,0,0,UP,1705663460472,"A"
264507,78,49,0,0,DOWN,1705719611572,"N"
264507,78,49,0,0,UP,1705783553672,"N"
264507,68,32,0,0,DOWN,1705823636172,"D"
264507,70,33,0,0,DOWN,1705919634572,"F"
264507,68,32,0,0,UP,1705935663672,"D"
264507,70,33,0,0,UP,1705999339572,"F"
264507,72,35,0,0,DOWN,1706023555872,"H"
264507,66,48,0,0,DOWN,1706119595972,"B"
264507,72,35,0,0,UP,1706127545072,"H"
264507,85,22,0,0,DOWN,1706223622372,"U"
264507,66,48,0,0,UP,1706247734272,"B"
264507,82,19,0,0,DOWN,1706319697672,"R"
264507,85,22,0,0,UP,1706335724772,"U"
264507,71,34,0,0,DOWN,1706423431172,"G"
264507,82,19,0,0,UP,1706447759672,"R"
264507,69,18,0,0,DOWN,1706527532172,"E"
264507,71,34,0,0,UP,1706535557472,"G"
264507,78,49,0,0,DOWN,1706623602972,"N"
264507,69,18,0,0,UP,1706631570472,"E"
264507,78,49,0,0,UP,1706687610072,"N"
264507,76,38,0,0,DOWN,1706727516372,"L"
264507,76,38,0,0,UP,1706783586172,"L"
264507,65,30,0,0,DOWN,1706823590772,"A"
264507,65,30,0,0,UP,1706871771772,"A"
264507,78,49,0,0,DOWN,1706927636272,"N"
264507,78,49,0,0,UP,1706991600572,"N"
264507,68,32,0,0,DOWN,1707023670772,"D"
264507,70,33,0,0,DOWN,1707127590072,"F"
264507,68,32,0,0,UP,1707135583372,"D"
264507,70,33,0,0,UP,1707199587072,"F"
264507,72,35,0,0,DOWN,1707223596372,"H"
264507,72,35,0,0,UP,1707327602172,"H"
264507,66,48,0,0,DOWN,1707328403872,"B"
264507,85,22,0,0,DOWN,1707423562772,"U"
264507,66,48,0,0,UP,1707447728772,"B"
264507,82,19,0,0,DOWN,1707527267372,"R"
264507,85,22,0,0,UP,1707535294172,"U"
264507,71,34,0,0,DOWN,1707623347472,"G"
264507,82,19,0,0,UP,1707639251572,"R"
264507,69,18,0,0,DOWN,1707727603172,"E"
264507,71,34,0,0,UP,1707735328872,"G"
264507,78,49,0,0,DOWN,1707823334972,"N"
264507,69,18,0,0,UP,1707831549672,"E"
264507,78,49,0,0,UP,1707887710572,"N"
264507,76,38,0,0,DOWN,1707919622772,"L"
264507,76,38,0,0,UP,1707975625572,"L"
264507,65,30,0,0,DOWN,1708023381572,"A"
264507,65,30,0,0,UP,1708071625072,"A"
264507,78,49,0,0,DOWN,1708119517572,"N"
264507,78,49,0,0,UP,1708191606472,"N"
264507,68,32,0,0,DOWN,1708223355672,"D"
264507,70,33,0,0,DOWN,1708327722372,"F"
264507,68,32,0,0,UP,1708335705272,"D"
264507,70,33,0,0,UP,1708399594372,"F"
264507,72,35,0,0,DOWN,1708423422972,"H"
264507,66,48,0,0,DOWN,1708527576072,"B"
264507,72,35,0,0,UP,1708535676672,"H"
264507,85,22,0,0,DOWN,1708623395872,"U"
264507,66,48,0,0,UP,1708647751572,"B"
264507,82,19,0,0,DOWN,1708727740172,"R"
264507,85,22,0,0,UP,1708735588372,"U"
264507,71,34,0,0,DOWN,1708823362072,"G"
264507,82,19,0,0,UP,1708839742972,"R"
264507,69,18,0,0,DOWN,1708927559472,"E"
264507,71,34,0,0,UP,1708935370572,"G"
264507,78,49,0,0,DOWN,1709023379472,"N"
264507,69,18,0,0,UP,1709031560772,"E"
264507,78,49,0,0,UP,1709087425972,"N"
264507,76,38,0,0,DOWN,1709127775572,"L"
264507,76,38,0,0,UP,1709183653572,"L"
264507,65,30,0,0,DOWN,1709223408172,"A"
264507,65,30,0,0,UP,1709271581372,"A"
264507,78,49,0,0,DOWN,1709327736472,"N"
264507,78,49,0,0,UP,1709383339272,"N"
264507,68,32,0,0,DOWN,1709423548072,"D"
264507,70,33,0,0,DOWN,1709519767172,"F"
264507,68,32,0,0,UP,1709535658472,"D"
264507,70,33,0,0,UP,1709599661872,"F"
264507,72,35,0,0,DOWN,1709623681272,"H"
264507,66,48,0,0,DOWN,1709719619772,"B"
264507,72,35,0,0,UP,1709727525072,"H"
264507,85,22,0,0,DOWN,1709823670372,"U"
264507,66,48,0,0,UP,1709847577572,"B"
264507,82,19,0,0,DOWN,1709919770472,"R"
264507,85,22,0,0,UP,1709935604272,"U"
264507,71,34,0,0,DOWN,1710023696872,"G"
264507,82,19,0,0,UP,1710039600172,"R"
264507,69,18,0,0,DOWN,1710119424372,"E"
264507,71,34,0,0,UP,1710127588972,"G"
264507,78,49,0,0,DOWN,1710223737072,"N"
264507,69,18,0,0,UP,1710231620572,"E"
264507,78,49,0,0,UP,1710287547472,"N"
264507,76,38,0,0,DOWN,1710327771972,"L"
264507,76,38,0,0,UP,1710383552972,"L"
264507,65,30,0,0,DOWN,1710423737872,"A"
264507,65,30,0,0,UP,1710471716572,"A"
264507,78,49,0,0,DOWN,1710527668472,"N"
264507,78,49,0,0,UP,1710583621372,"N"
264507,68,32,0,0,DOWN,1710623735872,"D"
264507,70,33,0,0,DOWN,1710727620772,"F"
264507,68,32,0,0,UP,1710744310272,"D"
264507,70,33,0,0,UP,1710799620972,"F"
264507,72,35,0,0,DOWN,1710823616272,"H"
264507,66,48,0,0,DOWN,1710927634372,"B"
264507,72,35,0,0,UP,1710935494472,"H"
264507,85,22,0,0,DOWN,1711023560672,"U"
264507,66,48,0,0,UP,1711039417372,"B"
264507,82,19,0,0,DOWN,1711127646872,"R"
264507,85,22,0,0,UP,1711135352072,"U"
264507,71,34,0,0,DOWN,1711223664872,"G"
264507,82,19,0,0,UP,1711247635172,"R"
264507,69,18,0,0,DOWN,1711327720272,"E"
264507,71,34,0,0,UP,1711335610872,"G"
264507,78,49,0,0,DOWN,1711423667672,"N"
264507,69,18,0,0,UP,1711431497772,"E"
264507,78,49,0,0,UP,1711487601872,"N"
264507,76,38,0,0,DOWN,1711519663272,"L"
264507,76,38,0,0,UP,1711575433472,"L"
264507,65,30,0,0,DOWN,1711623596372,"A"
264507,65,30,0,0,UP,1711663573072,"A"
264507,78,49,0,0,DOWN,1711719395372,"N"
264507,78,49,0,0,UP,1711783643372,"N"
264507,68,32,0,0,DOWN,1711831648572,"D"
264507,70,33,0,0,DOWN,1711919603872,"F"
264507,68,32,0,0,UP,1711935614272,"D"
264507,70,33,0,0,UP,1711999862072,"F"
264507,72,35,0,0,DOWN,1712023674372,"H"
264507,66,48,0,0,DOWN,1712119815172,"B"
264507,72,35,0,0,UP,1712135663072,"H"
264507,85,22,0,0,DOWN,1712223843372,"U"
264507,66,48,0,0,UP,1712247637572,"B"
264507,82,19,0,0,DOWN,1712327718472,"R"
264507,85,22,0,0,UP,1712335614372,"U"
264507,71,34,0,0,DOWN,1712423662872,"G"
264507,82,19,0,0,UP,1712439647272,"R"
264507,69,18,0,0,DOWN,1712527513772,"E"
264507,71,34,0,0,UP,1712535768272,"G"
264507,78,49,0,0,DOWN,1712623699272,"N"
264507,69,18,0,0,UP,1712631588972,"E"
264507,78,49,0,0,UP,1712687559172,"N"
264507,76,38,0,0,DOWN,1712727431872,"L"
264507,76,38,0,0,UP,1712783651672,"L"
264507,65,30,0,0,DOWN,1712823826372,"A"
264507,65,30,0,0,UP,1712871675172,"A"
264507,78,49,0,0,DOWN,1712927766572,"N"
264507,78,49,0,0,UP,1712983478972,"N"
264507,68,32,0,0,DOWN,1713023657372,"D"
264507,70,33,0,0,DOWN,1713127609972,"F"
264507,68,32,0,0,UP,1713135505872,"D"
264507,70,33,0,0,UP,1713199660872,"F"
264507,72,35,0,0,DOWN,1713223670072,"H"
264507,66,48,0,0,DOWN,1713327760472,"B"
264507,72,35,0,0,UP,1713335586072,"H"
264507,85,22,0,0,DOWN,1713423691972,"U"
264507,66,48,0,0,UP,1713447797072,"B"
264507,82,19,0,0,DOWN,1713519692372,"R"
264507,85,22,0,0,UP,1713535641872,"U"
264507,71,34,0,0,DOWN,1713623674272,"G"
264507,82,19,0,0,UP,1713639650972,"R"
264507,69,18,0,0,DOWN,1713727400472,"E"
264507,71,34,0,0,UP,1713735614872,"G"
264507,78,49,0,0,DOWN,1713823701572,"N"
264507,69,18,0,0,UP,1713831650472,"E"
264507,78,49,0,0,UP,1713887648972,"N"
264507,76,38,0,0,DOWN,1713919664572,"L"
264507,76,38,0,0,UP,1713983488272,"L"
264507,65,30,0,0,DOWN,1714023474572,"A"
264507,65,30,0,0,UP,1714071646872,"A"
264507,78,49,0,0,DOWN,1714127422472,"N"
264507,78,49,0,0,UP,1714183623672,"N"
264507,68,32,0,0,DOWN,1714223673172,"D"
264507,70,33,0,0,DOWN,1714327332772,"F"
264507,68,32,0,0,UP,1714335774172,"D"
264507,70,33,0,0,UP,1714399648872,"F"
264507,72,35,0,0,DOWN,1714423716372,"H"
264507,66,48,0,0,DOWN,1714527415772,"B"
264507,72,35,0,0,UP,1714535850172,"H"
264507,85,22,0,0,DOWN,1714623693472,"U"
264507,66,48,0,0,UP,1714639702172,"B"
264507,82,19,0,0,DOWN,1714727507772,"R"
264507,85,22,0,0,UP,1714735446672,"U"
264507,71,34,0,0,DOWN,1714823687872,"G"
264507,82,19,0,0,UP,1714847721272,"R"
264507,69,18,0,0,DOWN,1714927464272,"E"
264507,71,34,0,0,UP,1714935652272,"G"
264507,78,49,0,0,DOWN,1715023645872,"N"
264507,69,18,0,0,UP,1715031609372,"E"
264507,78,49,0,0,UP,1715087757872,"N"
264507,76,38,0,0,DOWN,1715119654972,"L"
264507,76,38,0,0,UP,1715183642272,"L"
264507,65,30,0,0,DOWN,1715223676372,"A"
264507,65,30,0,0,UP,1715263812972,"A"
264507,78,49,0,0,DOWN,1715319715372,"N"
264507,78,49,0,0,UP,1715383656172,"N"
264507,68,32,0,0,DOWN,1715423881972,"D"
264507,70,33,0,0,DOWN,1715519825872,"F"
264507,68,32,0,0,UP,1715535734672,"D"
264507,70,33,0,0,UP,1715599663572,"F"
264507,72,35,0,0,DOWN,1715623672672,"H"
264507,66,48,0,0,DOWN,1715719686572,"B"
264507,72,35,0,0,UP,1715727770372,"H"
264507,85,22,0,0,DOWN,1715823642072,"U"
264507,66,48,0,0,UP,1715839602372,"B"
264507,82,19,0,0,DOWN,1715919699772,"R"
264507,85,22,0,0,UP,1715935808472,"U"
264507,71,34,0,0,DOWN,1716023765872,"G"
264507,82,19,0,0,UP,1716047985872,"R"
264507,69,18,0,0,DOWN,1716127785672,"E"
264507,71,34,0,0,UP,1716135470672,"G"
264507,78,49,0,0,DOWN,1716223705172,"N"
264507,69,18,0,0,UP,1716231645772,"E"
264507,78,49,0,0,UP,1716287711572,"N"
264507,76,38,0,0,DOWN,1716327797572,"L"
264507,76,38,0,0,UP,1716383559972,"L"
264507,65,30,0,0,DOWN,1716423656772,"A"
264507,65,30,0,0,UP,1716471709972,"A"
264507,78,49,0,0,DOWN,1716527681572,"N"
264507,78,49,0,0,UP,1716583638472,"N"
264507,68,32,0,0,DOWN,1716623731872,"D"
264507,70,33,0,0,DOWN,1716727702572,"F"
264507,68,32,0,0,UP,1716735628972,"D"
264507,70,33,0,0,UP,1716799646072,"F"
264507,72,35,0,0,DOWN,1716823717872,"H"
264507,66,48,0,0,DOWN,1716927668972,"B"
264507,72,35,0,0,UP,1716935653372,"H"
264507,85,22,0,0,DOWN,1717023744372,"U"
264507,66,48,0,0,UP,1717047718272,"B"
264507,82,19,0,0,DOWN,1717127693472,"R"
264507,85,22,0,0,UP,1717135782072,"U"
264507,71,34,0,0,DOWN,1717223836572,"G"
264507,82,19,0,0,UP,1717239840072,"R"
264507,69,18,0,0,DOWN,1717327490172,"E"
264507,71,34,0,0,UP,1717335659772,"G"
264507,78,49,0,0,DOWN,1717423854072,"N"
264507,69,18,0,0,UP,1717431650372,"E"
264507,78,49,0,0,UP,1717487692972,"N"
264507,76,38,0,0,DOWN,1717519710072,"L"
264507,76,38,0,0,UP,1717591851772,"L"
264507,65,30,0,0,DOWN,1717623770272,"A"
264507,65,30,0,0,UP,1717671398872,"A"
264507,78,49,0,0,DOWN,1717719372772,"N"
264507,78,49,0,0,UP,1717783808172,"N"
264507,68,32,0,0,DOWN,1717831685672,"D"
264507,70,33,0,0,DOWN,1717927375472,"F"
264507,68,32,0,0,UP,1717935368972,"D"
264507,70,33,0,0,UP,1718007629672,"F"
264507,72,35,0,0,DOWN,1718023665172,"H"
264507,66,48,0,0,DOWN,1718127765272,"B"
264507,72,35,0,0,UP,1718135667172,"H"
264507,85,22,0,0,DOWN,1718223618272,"U"
264507,66,48,0,0,UP,1718247558172,"B"
264507,82,19,0,0,DOWN,1718327714672,"R"
264507,85,22,0,0,UP,1718343719772,"U"
264507,71,34,0,0,DOWN,1718423517572,"G"
264507,82,19,0,0,UP,1718439676272,"R"
264507,69,18,0,0,DOWN,1718527751572,"E"
264507,71,34,0,0,UP,1718543812872,"G"
264507,69,18,0,0,UP,1718623673972,"E"
264507,78,49,0,0,DOWN,1718624528072,"N"
264507,78,49,0,0,UP,1718687774572,"N"
264507,76,38,0,0,DOWN,1718727723572,"L"
264507,76,38,0,0,UP,1718783613072,"L"
264507,65,30,0,0,DOWN,1718823717372,"A"
264507,65,30,0,0,UP,1718863459672,"A"
264507,78,49,0,0,DOWN,1718927661172,"N"
264507,78,49,0,0,UP,1718983713172,"N"
264507,68,32,0,0,DOWN,1719023700672,"D"
264507,70,33,0,0,DOWN,1719127749372,"F"
264507,68,32,0,0,UP,1719135802972,"D"
264507,70,33,0,0,UP,1719199684872,"F"
264507,72,35,0,0,DOWN,1719223681472,"H"
264507,66,48,0,0,DOWN,1719319709272,"B"
264507,72,35,0,0,UP,1719327647172,"H"
264507,85,22,0,0,DOWN,1719423655372,"U"
264507,66,48,0,0,UP,1719439651272,"B"
264507,82,19,0,0,DOWN,1719519697072,"R"
264507,85,22,0,0,UP,1719535778872,"U"
264507,71,34,0,0,DOWN,1719623739272,"G"
264507,82,19,0,0,UP,1719639681372,"R"
264507,69,18,0,0,DOWN,1719727778672,"E"
264507,71,34,0,0,UP,1719735800372,"G"
264507,69,18,0,0,UP,1719823880772,"E"
264507,78,49,0,0,DOWN,1719824673072,"N"
264507,78,49,0,0,UP,1719887739772,"N"
264507,76,38,0,0,DOWN,1719927687272,"L"
264507,76,38,0,0,UP,1719983697672,"L"
264507,65,30,0,0,DOWN,1720023676772,"A"
264507,65,30,0,0,UP,1720071699672,"A"
264507,78,49,0,0,DOWN,1720127749872,"N"
264507,78,49,0,0,UP,1720175723672,"N"
264507,68,32,0,0,DOWN,1720223771872,"D"
264507,70,33,0,0,DOWN,1720327753772,"F"
264507,68,32,0,0,UP,1720335662072,"D"
264507,70,33,0,0,UP,1720399704672,"F"
264507,72,35,0,0,DOWN,1720423863172,"H"
264507,72,35,0,0,UP,1720527734572,"H"
264507,66,48,0,0,DOWN,1720528459372,"B"
264507,85,22,0,0,DOWN,1720623678972,"U"
264507,66,48,0,0,UP,1720639700772,"B"
264507,82,19,0,0,DOWN,1720727822372,"R"
264507,85,22,0,0,UP,1720735426772,"U"
264507,71,34,0,0,DOWN,1720823804172,"G"
264507,82,19,0,0,UP,1720839714272,"R"
264507,69,18,0,0,DOWN,1720927719672,"E"
264507,71,34,0,0,UP,1720935532372,"G"
264507,69,18,0,0,UP,1721023758072,"E"
264507,78,49,0,0,DOWN,1721024474472,"N"
264507,78,49,0,0,UP,1721087849872,"N"
264507,76,38,0,0,DOWN,1721119719372,"L"
264507,76,38,0,0,UP,1721183676472,"L"
264507,65,30,0,0,DOWN,1721223726172,"A"
264507,65,30,0,0,UP,1721263735772,"A"
264507,78,49,0,0,DOWN,1721319723972,"N"
264507,78,49,0,0,UP,1721383480472,"N"
264507,68,32,0,0,DOWN,1721431794172,"D"
264507,70,33,0,0,DOWN,1721519885672,"F"
264507,68,32,0,0,UP,1721535581072,"D"
264507,70,33,0,0,UP,1721599481672,"F"
264507,72,35,0,0,DOWN,1721623888072,"H"
264507,66,48,0,0,DOWN,1721719772872,"B"
264507,72,35,0,0,UP,1721727282872,"H"
264507,85,22,0,0,DOWN,1721823519972,"U"
264507,66,48,0,0,UP,1721847855172,"B"
264507,82,19,0,0,DOWN,1721927703372,"R"
264507,85,22,0,0,UP,1721935912072,"U"
264507,71,34,0,0,DOWN,1722023743172,"G"
264507,82,19,0,0,UP,1722047670572,"R"
264507,69,18,0,0,DOWN,1722127808072,"E"
264507,71,34,0,0,UP,1722135615472,"G"
264507,78,49,0,0,DOWN,1722223920972,"N"
264507,69,18,0,0,UP,1722231750272,"E"
264507,78,49,0,0,UP,1722287757972,"N"
264507,76,38,0,0,DOWN,1722327782372,"L"
264507,76,38,0,0,UP,1722383585872,"L"
264507,65,30,0,0,DOWN,1722423890372,"A"
264507,65,30,0,0,UP,1722471907472,"A"
264507,78,49,0,0,DOWN,1722527763672,"N"
264507,78,49,0,0,UP,1722583471072,"N"
264507,68,32,0,0,DOWN,1722623718172,"D"
264507,70,33,0,0,DOWN,1722728066672,"F"
264507,68,32,0,0,UP,1722735933372,"D"
264507,70,33,0,0,UP,1722799684772,"F"
264507,72,35,0,0,DOWN,1722824053372,"H"
264507,66,48,0,0,DOWN,1722927692572,"B"
264507,72,35,0,0,UP,1722935967972,"H"
264507,85,22,0,0,DOWN,1723023901772,"U"
264507,66,48,0,0,UP,1723048096972,"B"
264507,82,19,0,0,DOWN,1723119702972,"R"
264507,85,22,0,0,UP,1723135853072,"U"
264507,71,34,0,0,DOWN,1723223786672,"G"
264507,82,19,0,0,UP,1723239742172,"R"
264507,71,34,0,0,UP,1723327882072,"G"
264507,69,18,0,0,DOWN,1723328719272,"E"
264507,78,49,0,0,DOWN,1723423844372,"N"
264507,69,18,0,0,UP,1723431681972,"E"
264507,78,49,0,0,UP,1723487770072,"N"
264507,76,38,0,0,DOWN,1723519807472,"L"
264507,76,38,0,0,UP,1723583508472,"L"
264507,65,30,0,0,DOWN,1723623757372,"A"
264507,65,30,0,0,UP,1723671739572,"A"
264507,78,49,0,0,DOWN,1723727784772,"N"
264507,78,49,0,0,UP,1723775840372,"N"
264507,68,32,0,0,DOWN,1723823725272,"D"
264507,70,33,0,0,DOWN,1723927794672,"F"
264507,68,32,0,0,UP,1723935648172,"D"
264507,70,33,0,0,UP,1723999705372,"F"
264507,72,35,0,0,DOWN,1724023724672,"H"
264507,66,48,0,0,DOWN,1724127925272,"B"
264507,72,35,0,0,UP,1724135672172,"H"
264507,85,22,0,0,DOWN,1724223527472,"U"
264507,66,48,0,0,UP,1724247803672,"B"
264507,82,19,0,0,DOWN,1724327700172,"R"
264507,85,22,0,0,UP,1724335679672,"U"
264507,71,34,0,0,DOWN,1724423725372,"G"
264507,82,19,0,0,UP,1724439693972,"R"
264507,69,18,0,0,DOWN,1724527750172,"E"
264507,71,34,0,0,UP,1724535489472,"G"
264507,69,18,0,0,UP,1724623743172,"E"
264507,78,49,0,0,DOWN,1724624567472,"N"
264507,78,49,0,0,UP,1724687791472,"N"
264507,76,38,0,0,DOWN,1724719882072,"L"
264507,76,38,0,0,UP,1724783600672,"L"
264507,65,30,0,0,DOWN,1724823766772,"A"
264507,65,30,0,0,UP,1724863872972,"A"
264507,78,49,0,0,DOWN,1724927822172,"N"
264507,78,49,0,0,UP,1724983924072,"N"
264507,68,32,0,0,DOWN,1725023800672,"D"
264507,70,33,0,0,DOWN,1725119760372,"F"
264507,68,32,0,0,UP,1725135885972,"D"
264507,70,33,0,0,UP,1725199765072,"F"
264507,72,35,0,0,DOWN,1725223691372,"H"
264507,66,48,0,0,DOWN,1725319699672,"B"
264507,72,35,0,0,UP,1725335810572,"H"
264507,85,22,0,0,DOWN,1725423786072,"U"
264507,66,48,0,0,UP,1725439861872,"B"
264507,82,19,0,0,DOWN,1725519827972,"R"
264507,85,22,0,0,UP,1725535658772,"U"
264507,71,34,0,0,DOWN,1725623784472,"G"
264507,82,19,0,0,UP,1725647829272,"R"
264507,69,18,0,0,DOWN,1725727758672,"E"
264507,71,34,0,0,UP,1725735663372,"G"
264507,78,49,0,0,DOWN,1725823808272,"N"
264507,69,18,0,0,UP,1725831609672,"E"
264507,78,49,0,0,UP,1725887672872,"N"
264507,76,38,0,0,DOWN,1725927950272,"L"
264507,76,38,0,0,UP,1725983619972,"L"
264507,65,30,0,0,DOWN,1726023906172,"A"
264507,65,30,0,0,UP,1726063693672,"A"
264507,78,49,0,0,DOWN,1726127712272,"N"
264507,78,49,0,0,UP,1726183738772,"N"
264507,68,32,0,0,DOWN,1726223759872,"D"
264507,70,33,0,0,DOWN,1726327816472,"F"
264507,68,32,0,0,UP,1726343739072,"D"
264507,70,33,0,0,UP,1726399717072,"F"
264507,72,35,0,0,DOWN,1726423838572,"H"
264507,66,48,0,0,DOWN,1726527912672,"B"
264507,72,35,0,0,UP,1726535418572,"H"
264507,85,22,0,0,DOWN,1726623753272,"U"
264507,66,48,0,0,UP,1726647771672,"B"
264507,82,19,0,0,DOWN,1726727736872,"R"
264507,85,22,0,0,UP,1726735582272,"U"
264507,71,34,0,0,DOWN,1726823767272,"G"
264507,82,19,0,0,UP,1726839771672,"R"
264507,71,34,0,0,UP,1726927782972,"G"
264507,69,18,0,0,DOWN,1726928848972,"E"
264507,69,18,0,0,UP,1727015723772,"E"
264507,78,49,0,0,DOWN,1727023795072,"N"
264507,78,49,0,0,UP,1727087541772,"N"
264507,76,38,0,0,DOWN,1727119506472,"L"
264507,76,38,0,0,UP,1727183807572,"L"
264507,65,30,0,0,DOWN,1727223556472,"A"
264507,65,30,0,0,UP,1727263758172,"A"
264507,78,49,0,0,DOWN,1727319495372,"N"
264507,78,49,0,0,UP,1727383745372,"N"
264507,68,32,0,0,DOWN,1727431809172,"D"
264507,70,33,0,0,DOWN,1727519593772,"F"
264507,68,32,0,0,UP,1727535993972,"D"
264507,70,33,0,0,UP,1727599725872,"F"
264507,72,35,0,0,DOWN,1727623804572,"H"
264507,66,48,0,0,DOWN,1727727760372,"B"
264507,72,35,0,0,UP,1727735876272,"H"
264507,85,22,0,0,DOWN,1727823836272,"U"
264507,66,48,0,0,UP,1727847787572,"B"
264507,82,19,0,0,DOWN,1727927828572,"R"
264507,85,22,0,0,UP,1727935884272,"U"
264507,71,34,0,0,DOWN,1728023737572,"G"
264507,82,19,0,0,UP,1728047823972,"R"
264507,69,18,0,0,DOWN,1728127888272,"E"
264507,71,34,0,0,UP,1728135822772,"G"
264507,69,18,0,0,UP,1728223900172,"E"
264507,78,49,0,0,DOWN,1728224587672,"N"
264507,78,49,0,0,UP,1728287576372,"N"
264507,76,38,0,0,DOWN,1728327800272,"L"
264507,76,38,0,0,UP,1728383725672,"L"
264507,65,30,0,0,DOWN,1728423791172,"A"
264507,65,30,0,0,UP,1728463796972,"A"
264507,78,49,0,0,DOWN,1728527801872,"N"
264507,78,49,0,0,UP,1728583692772,"N"
264507,68,32,0,0,DOWN,1728623818372,"D"
264507,70,33,0,0,DOWN,1728727831472,"F"
264507,68,32,0,0,UP,1728735780772,"D"
264507,70,33,0,0,UP,1728800294372,"F"
264507,72,35,0,0,DOWN,1728823791972,"H"
264507,66,48,0,0,DOWN,1728927891572,"B"
264507,72,35,0,0,UP,1728935752572,"H"
264507,85,22,0,0,DOWN,1729023779872,"U"
264507,66,48,0,0,UP,1729047765072,"B"
264507,82,19,0,0,DOWN,1729119739372,"R"
264507,85,22,0,0,UP,1729135778272,"U"
264507,71,34,0,0,DOWN,1729223830072,"G"
264507,82,19,0,0,UP,1729239917372,"R"
264507,69,18,0,0,DOWN,1729327599472,"E"
264507,71,34,0,0,UP,1729335889072,"G"
264507,78,49,0,0,DOWN,1729423760672,"N"
264507,69,18,0,0,UP,1729431908572,"E"
264507,78,49,0,0,UP,1729487503872,"N"
264507,76,38,0,0,DOWN,1729519762972,"L"
264507,76,38,0,0,UP,1729583714672,"L"
264507,65,30,0,0,DOWN,1729623784072,"A"
264507,65,30,0,0,UP,1729671581672,"A"
264507,78,49,0,0,DOWN,1729727767672,"N"
264507,78,49,0,0,UP,1729783789472,"N"
264507,68,32,0,0,DOWN,1729823830272,"D"
264507,70,33,0,0,DOWN,1729927753472,"F"
264507,68,32,0,0,UP,1729935820672,"D"
264507,70,33,0,0,UP,1730007787872,"F"
264507,72,35,0,0,DOWN,1730023565772,"H"
264507,66,48,0,0,DOWN,1730127800372,"B"
264507,72,35,0,0,UP,1730135406472,"H"
264507,85,22,0,0,DOWN,1730223833772,"U"
264507,66,48,0,0,UP,1730247796372,"B"
264507,82,19,0,0,DOWN,1730327565872,"R"
264507,85,22,0,0,UP,1730335785372,"U"
264507,71,34,0,0,DOWN,1730423761472,"G"
264507,82,19,0,0,UP,1730447972272,"R"
264507,71,34,0,0,UP,1730527776172,"G"
264507,69,18,0,0,DOWN,1730528626272,"E"
264507,69,18,0,0,UP,1730623783772,"E"
264507,78,49,0,0,DOWN,1730624513972,"N"
264507,78,49,0,0,UP,1730687727572,"N"
264507,76,38,0,0,DOWN,1730727719272,"L"
264507,76,38,0,0,UP,1730783792072,"L"
264507,65,30,0,0,DOWN,1730823746072,"A"
264507,65,30,0,0,UP,1730863767172,"A"
264507,78,49,0,0,DOWN,1730927839772,"N"
264507,78,49,0,0,UP,1730975967872,"N"
264507,68,32,0,0,DOWN,1731023754572,"D"
264507,70,33,0,0,DOWN,1731119791172,"F"
264507,68,32,0,0,UP,1731135726672,"D"
264507,70,33,0,0,UP,1731199823472,"F"
264507,72,35,0,0,DOWN,1731223926372,"H"
264507,66,48,0,0,DOWN,1731319828172,"B"
264507,72,35,0,0,UP,1731335761872,"H"
264507,85,22,0,0,DOWN,1731423824372,"U"
264507,66,48,0,0,UP,1731447781472,"B"
264507,82,19,0,0,DOWN,1731519802972,"R"
264507,85,22,0,0,UP,1731535800772,"U"
264507,71,34,0,0,DOWN,1731623779672,"G"
264507,82,19,0,0,UP,1731639800772,"R"
264507,69,18,0,0,DOWN,1731727965572,"E"
264507,71,34,0,0,UP,1731735715572,"G"
264507,69,18,0,0,UP,1731815834672,"E"
264507,78,49,0,0,DOWN,1731823772872,"N"
264507,78,49,0,0,UP,1731887762472,"N"
264507,76,38,0,0,DOWN,1731927839072,"L"
264507,76,38,0,0,UP,1731983776972,"L"
264507,65,30,0,0,DOWN,1732023490472,"A"
264507,65,30,0,0,UP,1732063746572,"A"
264507,78,49,0,0,DOWN,1732127817872,"N"
264507,78,49,0,0,UP,1732183800972,"N"
264507,68,32,0,0,DOWN,1732223540972,"D"
264507,70,33,0,0,DOWN,1732327968072,"F"
264507,68,32,0,0,UP,1732343755772,"D"
264507,70,33,0,0,UP,1732399801772,"F"
264507,72,35,0,0,DOWN,1732423652572,"H"
264507,66,48,0,0,DOWN,1732527858372,"B"
264507,72,35,0,0,UP,1732535937672,"H"
264507,85,22,0,0,DOWN,1732623601072,"U"
264507,66,48,0,0,UP,1732647926772,"B"
264507,82,19,0,0,DOWN,1732727648372,"R"
264507,85,22,0,0,UP,1732735830772,"U"
264507,71,34,0,0,DOWN,1732823576072,"G"
264507,82,19,0,0,UP,1732839759872,"R"
264507,69,18,0,0,DOWN,1732927552772,"E"
264507,71,34,0,0,UP,1732935520172,"G"
264507,69,18,0,0,UP,1733023556472,"E"
264507,78,49,0,0,DOWN,1733024488772,"N"
264507,78,49,0,0,UP,1733087740272,"N"
264507,76,38,0,0,DOWN,1733119803872,"L"
264507,76,38,0,0,UP,1733183771772,"L"
264507,65,30,0,0,DOWN,1733223547172,"A"
264507,65,30,0,0,UP,1733263620172,"A"
264507,78,49,0,0,DOWN,1733319840072,"N"
264507,78,49,0,0,UP,1733383809172,"N"
264507,68,32,0,0,DOWN,1733431738672,"D"
264507,70,33,0,0,DOWN,1733519845472,"F"
264507,68,32,0,0,UP,1733535938972,"D"
264507,70,33,0,0,UP,1733600123972,"F"
264507,72,35,0,0,DOWN,1733623705272,"H"
264507,66,48,0,0,DOWN,1733727956972,"B"
264507,72,35,0,0,UP,1733735752772,"H"
264507,85,22,0,0,DOWN,1733823834572,"U"
264507,66,48,0,0,UP,1733847768672,"B"
264507,82,19,0,0,DOWN,1733927802672,"R"
264507,85,22,0,0,UP,1733935779672,"U"
264507,71,34,0,0,DOWN,1734023907472,"G"
264507,82,19,0,0,UP,1734047976072,"R"
264507,69,18,0,0,DOWN,1734127935572,"E"
264507,71,34,0,0,UP,1734143970872,"G"
264507,69,18,0,0,UP,1734223874372,"E"
264507,78,49,0,0,DOWN,1734224824172,"N"
264507,78,49,0,0,UP,1734287624272,"N"
264507,76,38,0,0,DOWN,1734327837472,"L"
264507,76,38,0,0,UP,1734383791472,"L"
264507,65,30,0,0,DOWN,1734423834472,"A"
264507,65,30,0,0,UP,1734463742772,"A"
264507,78,49,0,0,DOWN,1734527908172,"N"
264507,78,49,0,0,UP,1734583732772,"N"
264507,68,32,0,0,DOWN,1734623925372,"D"
264507,70,33,0,0,DOWN,1734727888772,"F"
264507,68,32,0,0,UP,1734744111572,"D"
264507,70,33,0,0,UP,1734799811672,"F"
264507,72,35,0,0,DOWN,1734824016172,"H"
264507,66,48,0,0,DOWN,1734927785772,"B"
264507,72,35,0,0,UP,1734935811272,"H"
264507,85,22,0,0,DOWN,1735023867272,"U"
264507,66,48,0,0,UP,1735047815972,"B"
264507,82,19,0,0,DOWN,1735119842672,"R"
264507,85,22,0,0,UP,1735135843272,"U"
264507,71,34,0,0,DOWN,1735224075572,"G"
264507,82,19,0,0,UP,1735239853672,"R"
264507,69,18,0,0,DOWN,1735327901872,"E"
264507,71,34,0,0,UP,1735335956872,"G"
264507,69,18,0,0,UP,1735423979372,"E"
264507,78,49,0,0,DOWN,1735424630872,"N"
264507,78,49,0,0,UP,1735487775772,"N"
264507,76,38,0,0,DOWN,1735519906672,"L"
264507,76,38,0,0,UP,1735591764372,"L"
264507,65,30,0,0,DOWN,1735624018172,"A"
264507,65,30,0,0,UP,1735671795472,"A"
264507,78,49,0,0,DOWN,1735727917672,"N"
264507,78,49,0,0,UP,1735791922072,"N"
264507,68,32,0,0,DOWN,1735823850972,"D"
264507,70,33,0,0,DOWN,1735927817272,"F"
264507,68,32,0,0,UP,1735935811672,"D"
264507,70,33,0,0,UP,1735999872572,"F"
264507,72,35,0,0,DOWN,1736023903272,"H"
264507,66,48,0,0,DOWN,1736127898672,"B"
264507,72,35,0,0,UP,1736146499972,"H"
264507,85,22,0,0,DOWN,1736223839972,"U"
264507,66,48,0,0,UP,1736248013272,"B"
264507,82,19,0,0,DOWN,1736327860172,"R"
264507,85,22,0,0,UP,1736335810672,"U"
264507,71,34,0,0,DOWN,1736423835972,"G"
264507,82,19,0,0,UP,1736447959972,"R"
264507,69,18,0,0,DOWN,1736527812872,"E"
264507,71,34,0,0,UP,1736535951272,"G"
264507,69,18,0,0,UP,1736623930372,"E"
264507,78,49,0,0,DOWN,1736624739272,"N"
264507,78,49,0,0,UP,1736687969872,"N"
264507,76,38,0,0,DOWN,1736728104172,"L"
264507,76,38,0,0,UP,1736783880272,"L"
264507,65,30,0,0,DOWN,1736823841972,"A"
264507,65,30,0,0,UP,1736863630672,"A"
264507,78,49,0,0,DOWN,1736927841172,"N"
264507,78,49,0,0,UP,1736983888072,"N"
264507,68,32,0,0,DOWN,1737023836472,"D"
264507,70,33,0,0,DOWN,1737119815172,"F"
264507,68,32,0,0,UP,1737135857572,"D"
264507,70,33,0,0,UP,1737199909072,"F"
264507,72,35,0,0,DOWN,1737223844572,"H"
264507,66,48,0,0,DOWN,1737319998072,"B"
264507,72,35,0,0,UP,1737335899972,"H"
264507,85,22,0,0,DOWN,1737423848072,"U"
264507,66,48,0,0,UP,1737447985372,"B"
264507,82,19,0,0,DOWN,1737519655972,"R"
264507,85,22,0,0,UP,1737535777172,"U"
264507,71,34,0,0,DOWN,1737623836772,"G"
264507,82,19,0,0,UP,1737647853072,"R"
264507,69,18,0,0,DOWN,1737727701472,"E"
264507,71,34,0,0,UP,1737735787872,"G"
264507,69,18,0,0,UP,1737815874872,"E"
264507,78,49,0,0,DOWN,1737823870672,"N"
264507,78,49,0,0,UP,1737887891672,"N"
264507,76,38,0,0,DOWN,1737927631672,"L"
264507,76,38,0,0,UP,1737983898972,"L"
264507,65,30,0,0,DOWN,1738023900172,"A"
264507,65,30,0,0,UP,1738063793672,"A"
264507,78,49,0,0,DOWN,1738127587772,"N"
264507,78,49,0,0,UP,1738191994772,"N"
264507,68,32,0,0,DOWN,1738224042472,"D"
264507,70,33,0,0,DOWN,1738327697072,"F"
264507,68,32,0,0,UP,1738343789872,"D"
264507,70,33,0,0,UP,1738399953572,"F"
264507,72,35,0,0,DOWN,1738423912272,"H"
264507,66,48,0,0,DOWN,1738527567272,"B"
264507,72,35,0,0,UP,1738535464372,"H"
264507,85,22,0,0,DOWN,1738623833072,"U"
264507,66,48,0,0,UP,1738647753172,"B"
264507,82,19,0,0,DOWN,1738727582772,"R"
264507,85,22,0,0,UP,1738735824272,"U"
264507,71,34,0,0,DOWN,1738823909572,"G"
264507,82,19,0,0,UP,1738839936772,"R"
264507,69,18,0,0,DOWN,1738927612772,"E"
264507,71,34,0,0,UP,1738935801772,"G"
264507,78,49,0,0,DOWN,1739023836872,"N"
264507,69,18,0,0,UP,1739031798172,"E"
264507,78,49,0,0,UP,1739087871772,"N"
264507,76,38,0,0,DOWN,1739120020572,"L"
264507,76,38,0,0,UP,1739183881072,"L"
264507,65,30,0,0,DOWN,1739223827372,"A"
264507,65,30,0,0,UP,1739263917072,"A"
264507,78,49,0,0,DOWN,1739319940972,"N"
264507,78,49,0,0,UP,1739383949072,"N"
264507,68,32,0,0,DOWN,1739431997972,"D"
264507,70,33,0,0,DOWN,1739519833272,"F"
264507,68,32,0,0,UP,1739535840872,"D"
264507,70,33,0,0,UP,1739599850972,"F"
264507,72,35,0,0,DOWN,1739623835872,"H"
264507,66,48,0,0,DOWN,1739728004372,"B"
264507,72,35,0,0,UP,1739735788872,"H"
264507,85,22,0,0,DOWN,1739823967272,"U"
264507,66,48,0,0,UP,1739848070572,"B"
264507,82,19,0,0,DOWN,1739928014672,"R"
264507,85,22,0,0,UP,1739935640172,"U"
264507,71,34,0,0,DOWN,1740023921072,"G"
264507,82,19,0,0,UP,1740047950072,"R"
264507,69,18,0,0,DOWN,1740127944472,"E"
264507,71,34,0,0,UP,1740135590772,"G"
264507,69,18,0,0,UP,1740223880272,"E"
264507,78,49,0,0,DOWN,1740224594372,"N"
264507,78,49,0,0,UP,1740287810672,"N"
264507,76,38,0,0,DOWN,1740327871572,"L"
264507,76,38,0,0,UP,1740383922372,"L"
264507,65,30,0,0,DOWN,1740423824372,"A"
264507,65,30,0,0,UP,1740463715872,"A"
264507,78,49,0,0,DOWN,1740528009172,"N"
264507,78,49,0,0,UP,1740591868572,"N"
264507,68,32,0,0,DOWN,1740624067072,"D"
264507,70,33,0,0,DOWN,1740727820972,"F"
264507,68,32,0,0,UP,1740735846072,"D"
264507,70,33,0,0,UP,1740799895972,"F"
264507,72,35,0,0,DOWN,1740823925272,"H"
264507,66,48,0,0,DOWN,1740927884172,"B"
264507,72,35,0,0,UP,1740935996072,"H"
264507,85,22,0,0,DOWN,1741023919672,"U"
264507,66,48,0,0,UP,1741047964572,"B"
264507,82,19,0,0,DOWN,1741119876472,"R"
264507,85,22,0,0,UP,1741135865072,"U"
264507,71,34,0,0,DOWN,1741223886072,"G"
264507,82,19,0,0,UP,1741239898672,"R"
264507,69,18,0,0,DOWN,1741327833872,"E"
264507,71,34,0,0,UP,1741335498372,"G"
264507,69,18,0,0,UP,1741423889572,"E"
264507,78,49,0,0,DOWN,1741424613672,"N"
264507,78,49,0,0,UP,1741495892472,"N"
264507,76,38,0,0,DOWN,1741519939572,"L"
264507,76,38,0,0,UP,1741591848472,"L"
264507,65,30,0,0,DOWN,1741623760572,"A"
264507,65,30,0,0,UP,1741672032672,"A"
264507,78,49,0,0,DOWN,1741727872272,"N"
264507,78,49,0,0,UP,1741791954272,"N"
264507,68,32,0,0,DOWN,1741823950872,"D"
264507,70,33,0,0,DOWN,1741927935372,"F"
264507,68,32,0,0,UP,1741935825372,"D"
264507,70,33,0,0,UP,1741991878472,"F"
264507,72,35,0,0,DOWN,1742023857572,"H"
264507,66,48,0,0,DOWN,1742127949672,"B"
264507,72,35,0,0,UP,1742144014672,"H"
264507,85,22,0,0,DOWN,1742223924072,"U"
264507,66,48,0,0,UP,1742247850672,"B"
264507,82,19,0,0,DOWN,1742327887872,"R"
264507,85,22,0,0,UP,1742335841472,"U"
264507,71,34,0,0,DOWN,1742423899872,"G"
264507,82,19,0,0,UP,1742447699672,"R"
264507,69,18,0,0,DOWN,1742527927872,"E"
264507,71,34,0,0,UP,1742535873872,"G"
264507,69,18,0,0,UP,1742624055372,"E"
264507,78,49,0,0,DOWN,1742625016172,"N"
264507,78,49,0,0,UP,1742688141872,"N"
264507,76,38,0,0,DOWN,1742727896672,"L"
264507,76,38,0,0,UP,1742784068372,"L"
264507,65,30,0,0,DOWN,1742823877072,"A"
264507,65,30,0,0,UP,1742871905772,"A"
264507,78,49,0,0,DOWN,1742927914972,"N"
264507,78,49,0,0,UP,1742991577572,"N"
264507,68,32,0,0,DOWN,1743024017172,"D"
264507,70,33,0,0,DOWN,1743119917372,"F"
264507,68,32,0,0,UP,1743135994572,"D"
264507,70,33,0,0,UP,1743200089272,"F"
264507,72,35,0,0,DOWN,1743223883772,"H"
264507,66,48,0,0,DOWN,1743319679872,"B"
264507,72,35,0,0,UP,1743335871872,"H"
264507,85,22,0,0,DOWN,1743423992672,"U"
264507,66,48,0,0,UP,1743447752272,"B"
264507,82,19,0,0,DOWN,1743519953072,"R"
264507,85,22,0,0,UP,1743535612772,"U"
264507,71,34,0,0,DOWN,1743623848072,"G"
264507,82,19,0,0,UP,1743647670572,"R"
264507,69,18,0,0,DOWN,1743728212472,"E"
264507,71,34,0,0,UP,1743735857972,"G"
264507,78,49,0,0,DOWN,1743823952972,"N"
264507,69,18,0,0,UP,1743831987372,"E"
264507,78,49,0,0,UP,1743887907772,"N"
264507,76,38,0,0,DOWN,1743928093872,"L"
264507,76,38,0,0,UP,1743983698272,"L"
264507,65,30,0,0,DOWN,1744024001172,"A"
264507,65,30,0,0,UP,1744071846572,"A"
264507,78,49,0,0,DOWN,1744127719972,"N"
264507,78,49,0,0,UP,1744191861672,"N"
264507,68,32,0,0,DOWN,1744223955572,"D"
264507,70,33,0,0,DOWN,1744328014972,"F"
264507,68,32,0,0,UP,1744346661672,"D"
264507,70,33,0,0,UP,1744391873572,"F"
264507,72,35,0,0,DOWN,1744423907572,"H"
264507,66,48,0,0,DOWN,1744527931872,"B"
264507,72,35,0,0,UP,1744535856572,"H"
264507,85,22,0,0,DOWN,1744623820072,"U"
264507,66,48,0,0,UP,1744648052572,"B"
264507,82,19,0,0,DOWN,1744727916972,"R"
264507,85,22,0,0,UP,1744735792472,"U"
264507,71,34,0,0,DOWN,1744823872272,"G"
264507,82,19,0,0,UP,1744839985872,"R"
264507,69,18,0,0,DOWN,1744927999272,"E"
264507,71,34,0,0,UP,1744935550172,"G"
264507,78,49,0,0,DOWN,1745023916472,"N"
264507,69,18,0,0,UP,1745031703572,"E"
264507,78,49,0,0,UP,1745087980972,"N"
264507,76,38,0,0,DOWN,1745120054272,"L"
264507,76,38,0,0,UP,1745183917172,"L"
264507,65,30,0,0,DOWN,1745223900772,"A"
264507,65,30,0,0,UP,1745271979372,"A"
264507,78,49,0,0,DOWN,1745320070472,"N"
264507,78,49,0,0,UP,1745391896272,"N"
264507,68,32,0,0,DOWN,1745431928272,"D"
264507,70,33,0,0,DOWN,1745520000172,"F"
264507,68,32,0,0,UP,1745535697272,"D"
264507,70,33,0,0,UP,1745599655172,"F"
264507,72,35,0,0,DOWN,1745623685072,"H"
264507,66,48,0,0,DOWN,1745727921572,"B"
264507,72,35,0,0,UP,1745735761772,"H"
264507,85,22,0,0,DOWN,1745823941572,"U"
264507,66,48,0,0,UP,1745847923372,"B"
264507,82,19,0,0,DOWN,1745927930972,"R"
264507,85,22,0,0,UP,1745935778572,"U"
264507,71,34,0,0,DOWN,1746024074872,"G"
264507,82,19,0,0,UP,1746040053672,"R"
264507,69,18,0,0,DOWN,1746128006672,"E"
264507,71,34,0,0,UP,1746135572272,"G"
264507,69,18,0,0,UP,1746224051872,"E"
264507,78,49,0,0,DOWN,1746224915072,"N"
264507,78,49,0,0,UP,1746287929172,"N"
264507,76,38,0,0,DOWN,1746327667972,"L"
264507,76,38,0,0,UP,1746383864572,"L"
264507,65,30,0,0,DOWN,1746423946372,"A"
264507,65,30,0,0,UP,1746471913972,"A"
264507,78,49,0,0,DOWN,1746527973172,"N"
264507,78,49,0,0,UP,1746591847372,"N"
264507,68,32,0,0,DOWN,1746624020172,"D"
264507,70,33,0,0,DOWN,1746727927872,"F"
264507,68,32,0,0,UP,1746743960872,"D"
264507,70,33,0,0,UP,1746799699672,"F"
264507,72,35,0,0,DOWN,1746823862272,"H"
264507,66,48,0,0,DOWN,1746927970672,"B"
264507,72,35,0,0,UP,1746936026672,"H"
264507,85,22,0,0,DOWN,1747023853972,"U"
264507,66,48,0,0,UP,1747039919172,"B"
264507,82,19,0,0,DOWN,1747119910472,"R"
264507,85,22,0,0,UP,1747136052272,"U"
264507,71,34,0,0,DOWN,1747224005272,"G"
264507,82,19,0,0,UP,1747240045472,"R"
264507,69,18,0,0,DOWN,1747327670072,"E"
264507,71,34,0,0,UP,1747335971072,"G"
264507,69,18,0,0,UP,1747423924072,"E"
264507,78,49,0,0,DOWN,1747424648672,"N"
264507,78,49,0,0,UP,1747495966472,"N"
264507,76,38,0,0,DOWN,1747527948972,"L"
264507,76,38,0,0,UP,1747575728372,"L"
264507,65,30,0,0,DOWN,1747623653472,"A"
264507,65,30,0,0,UP,1747671688172,"A"
264507,78,49,0,0,DOWN,1747727918972,"N"
264507,78,49,0,0,UP,1747791914972,"N"
264507,68,32,0,0,DOWN,1747823961972,"D"
264507,70,33,0,0,DOWN,1747927625172,"F"
264507,68,32,0,0,UP,1747943932772,"D"
264507,70,33,0,0,UP,1747999950972,"F"
264507,72,35,0,0,DOWN,1748023860972,"H"
264507,66,48,0,0,DOWN,1748127955072,"B"
264507,72,35,0,0,UP,1748135983572,"H"
264507,85,22,0,0,DOWN,1748224038972,"U"
264507,66,48,0,0,UP,1748248056572,"B"
264507,82,19,0,0,DOWN,1748327932572,"R"
264507,85,22,0,0,UP,1748336182872,"U"
264507,71,34,0,0,DOWN,1748423944672,"G"
264507,82,19,0,0,UP,1748439637972,"R"
264507,69,18,0,0,DOWN,1748528022272,"E"
264507,71,34,0,0,UP,1748535791372,"G"
264507,78,49,0,0,DOWN,1748623886872,"N"
264507,69,18,0,0,UP,1748631928072,"E"
264507,78,49,0,0,UP,1748695827672,"N"
264507,76,38,0,0,DOWN,1748719929572,"L"
264507,76,38,0,0,UP,1748784100172,"L"
264507,65,30,0,0,DOWN,1748823933772,"A"
264507,65,30,0,0,UP,1748871909072,"A"
264507,78,49,0,0,DOWN,1748919983672,"N"
264507,78,49,0,0,UP,1748992050072,"N"
264507,68,32,0,0,DOWN,1749031895472,"D"
264507,70,33,0,0,DOWN,1749119950872,"F"
264507,68,32,0,0,UP,1749135718072,"D"
264507,70,33,0,0,UP,1749200136172,"F"
264507,72,35,0,0,DOWN,1749223979172,"H"
264507,66,48,0,0,DOWN,1749319958872,"B"
264507,72,35,0,0,UP,1749336067172,"H"
264507,85,22,0,0,DOWN,1749423976772,"U"
264507,66,48,0,0,UP,1749447986272,"B"
264507,82,19,0,0,DOWN,1749527949572,"R"
264507,85,22,0,0,UP,1749535739272,"U"
264507,71,34,0,0,DOWN,1749623955972,"G"
264507,82,19,0,0,UP,1749647884972,"R"
264507,69,18,0,0,DOWN,1749727951372,"E"
264507,71,34,0,0,UP,1749743758472,"G"
264507,78,49,0,0,DOWN,1749823938272,"N"
264507,69,18,0,0,UP,1749831899972,"E"
264507,78,49,0,0,UP,1749887756572,"N"
264507,76,38,0,0,DOWN,1749927945672,"L"
264507,76,38,0,0,UP,1749983943272,"L"
264507,65,30,0,0,DOWN,1750023957172,"A"
264507,65,30,0,0,UP,1750071958172,"A"
264507,78,49,0,0,DOWN,1750127949472,"N"
264507,78,49,0,0,UP,1750192074372,"N"
264507,68,32,0,0,DOWN,1750224013572,"D"
264507,70,33,0,0,DOWN,1750327911272,"F"
264507,68,32,0,0,UP,1750336045172,"D"
264507,70,33,0,0,UP,1750399980672,"F"
264507,72,35,0,0,DOWN,1750423923272,"H"
264507,66,48,0,0,DOWN,1750527950572,"B"
264507,72,35,0,0,UP,1750535849872,"H"
264507,85,22,0,0,DOWN,1750623997272,"U"
264507,66,48,0,0,UP,1750648123672,"B"
264507,82,19,0,0,DOWN,1750727943872,"R"
264507,85,22,0,0,UP,1750735875072,"U"
264507,71,34,0,0,DOWN,1750824220172,"G"
264507,82,19,0,0,UP,1750840162372,"R"
264507,71,34,0,0,UP,1750927999372,"G"
264507,69,18,0,0,DOWN,1750928720072,"E"
264507,69,18,0,0,UP,1751015925572,"E"
264507,78,49,0,0,DOWN,1751023954772,"N"
264507,78,49,0,0,UP,1751088118672,"N"
264507,76,38,0,0,DOWN,1751119803872,"L"
264507,76,38,0,0,UP,1751183967672,"L"
264507,65,30,0,0,DOWN,1751223960672,"A"
264507,65,30,0,0,UP,1751272102372,"A"
264507,78,49,0,0,DOWN,1751327942372,"N"
264507,78,49,0,0,UP,1751391746172,"N"
264507,68,32,0,0,DOWN,1751423949672,"D"
264507,70,33,0,0,DOWN,1751528044472,"F"
264507,68,32,0,0,UP,1751536034772,"D"
264507,70,33,0,0,UP,1751599999472,"F"
264507,72,35,0,0,DOWN,1751623992072,"H"
264507,66,48,0,0,DOWN,1751728096472,"B"
264507,72,35,0,0,UP,1751735849472,"H"
264507,85,22,0,0,DOWN,1751823849472,"U"
264507,66,48,0,0,UP,1751847955872,"B"
264507,82,19,0,0,DOWN,1751928010472,"R"
264507,85,22,0,0,UP,1751936051972,"U"
264507,71,34,0,0,DOWN,1752024008272,"G"
264507,82,19,0,0,UP,1752039941172,"R"
264507,69,18,0,0,DOWN,1752127995472,"E"
264507,71,34,0,0,UP,1752136059472,"G"
264507,69,18,0,0,UP,1752223885072,"E"
264507,78,49,0,0,DOWN,1752231998672,"N"
264507,78,49,0,0,UP,1752287910572,"N"
264507,76,38,0,0,DOWN,1752328149272,"L"
264507,76,38,0,0,UP,1752383959772,"L"
264507,65,30,0,0,DOWN,1752423957672,"A"
264507,65,30,0,0,UP,1752463989772,"A"
264507,78,49,0,0,DOWN,1752527846672,"N"
264507,78,49,0,0,UP,1752583942372,"N"
264507,68,32,0,0,DOWN,1752623966272,"D"
264507,70,33,0,0,DOWN,1752720092572,"F"
264507,68,32,0,0,UP,1752735927072,"D"
264507,70,33,0,0,UP,1752800122972,"F"
264507,72,35,0,0,DOWN,1752824013572,"H"
264507,66,48,0,0,DOWN,1752919842872,"B"
264507,72,35,0,0,UP,1752935768372,"H"
264507,85,22,0,0,DOWN,1753024043372,"U"
264507,66,48,0,0,UP,1753047949972,"B"
264507,82,19,0,0,DOWN,1753120042472,"R"
264507,85,22,0,0,UP,1753135948572,"U"
264507,71,34,0,0,DOWN,1753223994472,"G"
264507,82,19,0,0,UP,1753247978372,"R"
264507,69,18,0,0,DOWN,1753327922272,"E"
264507,71,34,0,0,UP,1753335933972,"G"
264507,78,49,0,0,DOWN,1753424000372,"N"
264507,69,18,0,0,UP,1753431929872,"E"
264507,78,49,0,0,UP,1753487819972,"N"
264507,76,38,0,0,DOWN,1753527827872,"L"
264507,76,38,0,0,UP,1753584084972,"L"
264507,65,30,0,0,DOWN,1753624000572,"A"
264507,65,30,0,0,UP,1753671748872,"A"
264507,78,49,0,0,DOWN,1753727970072,"N"
264507,78,49,0,0,UP,1753791985972,"N"
264507,68,32,0,0,DOWN,1753823968372,"D"
264507,70,33,0,0,DOWN,1753928101072,"F"
264507,68,32,0,0,UP,1753943909972,"D"
264507,70,33,0,0,UP,1753999902472,"F"
264507,72,35,0,0,DOWN,1754023951772,"H"
264507,66,48,0,0,DOWN,1754128094072,"B"
264507,72,35,0,0,UP,1754135976272,"H"
264507,85,22,0,0,DOWN,1754223979772,"U"
264507,66,48,0,0,UP,1754247945172,"B"
264507,82,19,0,0,DOWN,1754328002072,"R"
264507,85,22,0,0,UP,1754336102172,"U"
264507,71,34,0,0,DOWN,1754424013872,"G"
264507,82,19,0,0,UP,1754439731072,"R"
264507,69,18,0,0,DOWN,1754527966972,"E"
264507,71,34,0,0,UP,1754535940072,"G"
264507,78,49,0,0,DOWN,1754623980972,"N"
264507,69,18,0,0,UP,1754632012672,"E"
264507,78,49,0,0,UP,1754688181972,"N"
264507,76,38,0,0,DOWN,1754720030572,"L"
264507,76,38,0,0,UP,1754775977572,"L"
264507,65,30,0,0,DOWN,1754823986872,"A"
264507,65,30,0,0,UP,1754871889372,"A"
264507,78,49,0,0,DOWN,1754920031972,"N"
264507,78,49,0,0,UP,1754991995072,"N"
264507,68,32,0,0,DOWN,1755032021972,"D"
264507,70,33,0,0,DOWN,1755127992872,"F"
264507,68,32,0,0,UP,1755135959272,"D"
264507,70,33,0,0,UP,1755207740972,"F"
264507,72,35,0,0,DOWN,1755223993672,"H"
264507,66,48,0,0,DOWN,1755328114472,"B"
264507,72,35,0,0,UP,1755335570972,"H"
264507,85,22,0,0,DOWN,1755424009372,"U"
264507,66,48,0,0,UP,1755448022572,"B"
264507,82,19,0,0,DOWN,1755527999872,"R"
264507,85,22,0,0,UP,1755535985872,"U"
264507,71,34,0,0,DOWN,1755623977372,"G"
264507,82,19,0,0,UP,1755648123972,"R"
264507,69,18,0,0,DOWN,1755728009772,"E"
264507,71,34,0,0,UP,1755735978372,"G"
264507,69,18,0,0,UP,1755824010572,"E"
264507,78,49,0,0,DOWN,1755825014172,"N"
264507,78,49,0,0,UP,1755888006472,"N"
264507,76,38,0,0,DOWN,1755928001472,"L"
264507,76,38,0,0,UP,1755984185572,"L"
264507,65,30,0,0,DOWN,1756023723972,"A"
264507,65,30,0,0,UP,1756071977672,"A"
264507,78,49,0,0,DOWN,1756128030972,"N"
264507,78,49,0,0,UP,1756184006172,"N"
264507,68,32,0,0,DOWN,1756223762772,"D"
264507,70,33,0,0,DOWN,1756328047872,"F"
264507,68,32,0,0,UP,1756335941172,"D"
264507,70,33,0,0,UP,1756399969572,"F"
264507,72,35,0,0,DOWN,1756423760072,"H"
264507,72,35,0,0,UP,1756527974672,"H"
264507,66,48,0,0,DOWN,1756528856272,"B"
264507,85,22,0,0,DOWN,1756623747572,"U"
264507,66,48,0,0,UP,1756648107672,"B"
264507,82,19,0,0,DOWN,1756719786972,"R"
264507,85,22,0,0,UP,1756735733572,"U"
264507,71,34,0,0,DOWN,1756823831472,"G"
264507,82,19,0,0,UP,1756839903072,"R"
264507,71,34,0,0,UP,1756927974572,"G"
264507,69,18,0,0,DOWN,1756928982072,"E"
264507,78,49,0,0,DOWN,1757023770472,"N"
264507,69,18,0,0,UP,1757032116172,"E"
264507,78,49,0,0,UP,1757087993772,"N"
264507,76,38,0,0,DOWN,1757128054372,"L"
264507,76,38,0,0,UP,1757184007772,"L"
264507,65,30,0,0,DOWN,1757223767672,"A"
264507,65,30,0,0,UP,1757272059372,"A"
264507,78,49,0,0,DOWN,1757327977272,"N"
264507,78,49,0,0,UP,1757384160372,"N"
264507,68,32,0,0,DOWN,1757423785572,"D"
264507,70,33,0,0,DOWN,1757528015872,"F"
264507,68,32,0,0,UP,1757543876872,"D"
264507,70,33,0,0,UP,1757600017672,"F"
264507,72,35,0,0,DOWN,1757623765572,"H"
264507,66,48,0,0,DOWN,1757727827972,"B"
264507,72,35,0,0,UP,1757735968572,"H"
264507,85,22,0,0,DOWN,1757823892672,"U"
264507,66,48,0,0,UP,1757848007672,"B"
264507,82,19,0,0,DOWN,1757928010772,"R"
264507,85,22,0,0,UP,1757936010072,"U"
264507,71,34,0,0,DOWN,1758024011472,"G"
264507,82,19,0,0,UP,1758048148972,"R"
264507,69,18,0,0,DOWN,1758128095272,"E"
264507,71,34,0,0,UP,1758135733572,"G"
264507,78,49,0,0,DOWN,1758224131372,"N"
264507,69,18,0,0,UP,1758231954172,"E"
264507,78,49,0,0,UP,1758288038272,"N"
264507,76,38,0,0,DOWN,1758320094572,"L"
264507,76,38,0,0,UP,1758383887572,"L"
264507,65,30,0,0,DOWN,1758424112772,"A"
264507,65,30,0,0,UP,1758464044772,"A"
264507,78,49,0,0,DOWN,1758520122172,"N"
264507,78,49,0,0,UP,1758591737572,"N"
264507,68,32,0,0,DOWN,1758632202872,"D"
264507,70,33,0,0,DOWN,1758720055572,"F"
264507,68,32,0,0,UP,1758736175972,"D"
264507,70,33,0,0,UP,1758800032672,"F"
264507,72,35,0,0,DOWN,1758824014572,"H"
264507,66,48,0,0,DOWN,1758927862972,"B"
264507,72,35,0,0,UP,1758936119372,"H"
264507,85,22,0,0,DOWN,1759023682372,"U"
264507,66,48,0,0,UP,1759048017772,"B"
264507,82,19,0,0,DOWN,1759128084872,"R"
264507,85,22,0,0,UP,1759135767772,"U"
264507,71,34,0,0,DOWN,1759224059972,"G"
264507,82,19,0,0,UP,1759240022672,"R"
264507,69,18,0,0,DOWN,1759327963372,"E"
264507,71,34,0,0,UP,1759335890472,"G"
264507,69,18,0,0,UP,1759424115072,"E"
264507,78,49,0,0,DOWN,1759424906172,"N"
264507,78,49,0,0,UP,1759488065872,"N"
264507,76,38,0,0,DOWN,1759528039772,"L"
264507,76,38,0,0,UP,1759584185272,"L"
264507,65,30,0,0,DOWN,1759624011872,"A"
264507,65,30,0,0,UP,1759672046172,"A"
264507,78,49,0,0,DOWN,1759727996972,"N"
264507,78,49,0,0,UP,1759784036672,"N"
264507,68,32,0,0,DOWN,1759824044972,"D"
264507,70,33,0,0,DOWN,1759928047972,"F"
264507,68,32,0,0,UP,1759935691672,"D"
264507,70,33,0,0,UP,1760000089272,"F"
264507,72,35,0,0,DOWN,1760024197872,"H"
264507,66,48,0,0,DOWN,1760127956972,"B"
264507,72,35,0,0,UP,1760136017472,"H"
264507,85,22,0,0,DOWN,1760224159772,"U"
264507,66,48,0,0,UP,1760248169572,"B"
264507,82,19,0,0,DOWN,1760328092072,"R"
264507,85,22,0,0,UP,1760335971272,"U"
264507,71,34,0,0,DOWN,1760424026872,"G"
264507,82,19,0,0,UP,1760439977872,"R"
264507,71,34,0,0,UP,1760528098772,"G"
264507,69,18,0,0,DOWN,1760528819872,"E"
264507,78,49,0,0,DOWN,1760624054772,"N"
264507,69,18,0,0,UP,1760631959472,"E"
264507,78,49,0,0,UP,1760688143672,"N"
264507,76,38,0,0,DOWN,1760720002672,"L"
264507,76,38,0,0,UP,1760784006472,"L"
264507,65,30,0,0,DOWN,1760824037372,"A"
264507,65,30,0,0,UP,1760871988072,"A"
264507,78,49,0,0,DOWN,1760928068772,"N"
264507,78,49,0,0,UP,1760992228272,"N"
264507,68,32,0,0,DOWN,1761024029672,"D"
264507,70,33,0,0,DOWN,1761127999272,"F"
264507,68,32,0,0,UP,1761136046472,"D"
264507,70,33,0,0,UP,1761207871072,"F"
264507,72,35,0,0,DOWN,1761224230872,"H"
264507,72,35,0,0,UP,1761328049172,"H"
264507,66,48,0,0,DOWN,1761328949572,"B"
264507,85,22,0,0,DOWN,1761424046672,"U"
264507,66,48,0,0,UP,1761448188172,"B"
264507,82,19,0,0,DOWN,1761527992272,"R"
264507,85,22,0,0,UP,1761536018372,"U"
264507,71,34,0,0,DOWN,1761624095072,"G"
264507,82,19,0,0,UP,1761648047872,"R"
264507,69,18,0,0,DOWN,1761727793072,"E"
264507,71,34,0,0,UP,1761735694772,"G"
264507,69,18,0,0,UP,1761824000072,"E"
264507,78,49,0,0,DOWN,1761824728972,"N"
264507,78,49,0,0,UP,1761888004872,"N"
264507,76,38,0,0,DOWN,1761928044272,"L"
264507,76,38,0,0,UP,1761983989572,"L"
264507,65,30,0,0,DOWN,1762024075172,"A"
264507,65,30,0,0,UP,1762071998572,"A"
264507,78,49,0,0,DOWN,1762127923772,"N"
264507,78,49,0,0,UP,1762184039772,"N"
264507,68,32,0,0,DOWN,1762224022272,"D"
264507,70,33,0,0,DOWN,1762320069172,"F"
264507,68,32,0,0,UP,1762336319172,"D"
264507,70,33,0,0,UP,1762399994572,"F"
264507,72,35,0,0,DOWN,1762424085472,"H"
264507,66,48,0,0,DOWN,1762520007572,"B"
264507,72,35,0,0,UP,1762528068972,"H"
264507,85,22,0,0,DOWN,1762624001572,"U"
264507,66,48,0,0,UP,1762640008972,"B"
264507,82,19,0,0,DOWN,1762727855372,"R"
264507,85,22,0,0,UP,1762735815072,"U"
264507,71,34,0,0,DOWN,1762824118672,"G"
264507,82,19,0,0,UP,1762847984872,"R"
264507,69,18,0,0,DOWN,1762927716072,"E"
264507,71,34,0,0,UP,1762935735172,"G"
264507,78,49,0,0,DOWN,1763024071472,"N"
264507,69,18,0,0,UP,1763031969372,"E"
264507,78,49,0,0,UP,1763088017272,"N"
264507,76,38,0,0,DOWN,1763127834172,"L"
264507,76,38,0,0,UP,1763184002972,"L"
264507,65,30,0,0,DOWN,1763224079972,"A"
264507,65,30,0,0,UP,1763272240772,"A"
264507,78,49,0,0,DOWN,1763327739372,"N"
264507,78,49,0,0,UP,1763384014272,"N"
264507,68,32,0,0,DOWN,1763423843672,"D"
264507,70,33,0,0,DOWN,1763527881672,"F"
264507,68,32,0,0,UP,1763544326972,"D"
264507,70,33,0,0,UP,1763600011972,"F"
264507,72,35,0,0,DOWN,1763624111772,"H"
264507,66,48,0,0,DOWN,1763728083672,"B"
264507,72,35,0,0,UP,1763735657272,"H"
264507,85,22,0,0,DOWN,1763824033672,"U"
264507,66,48,0,0,UP,1763840045472,"B"
264507,82,19,0,0,DOWN,1763928097772,"R"
264507,85,22,0,0,UP,1763936016872,"U"
264507,71,34,0,0,DOWN,1764024089572,"G"
264507,82,19,0,0,UP,1764048122872,"R"
264507,71,34,0,0,UP,1764128121272,"G"
264507,69,18,0,0,DOWN,1764129004272,"E"
264507,78,49,0,0,DOWN,1764224178772,"N"
264507,69,18,0,0,UP,1764231778172,"E"
264507,78,49,0,0,UP,1764288083372,"N"
264507,76,38,0,0,DOWN,1764320152272,"L"
264507,76,38,0,0,UP,1764384093872,"L"
264507,65,30,0,0,DOWN,1764424133372,"A"
264507,65,30,0,0,UP,1764472056072,"A"
264507,78,49,0,0,DOWN,1764520082472,"N"
264507,78,49,0,0,UP,1764583799272,"N"
264507,68,32,0,0,DOWN,1764632106872,"D"
264507,70,33,0,0,DOWN,1764728189772,"F"
264507,68,32,0,0,UP,1764735642572,"D"
264507,70,33,0,0,UP,1764808047772,"F"
264507,72,35,0,0,DOWN,1764824075372,"H"
264507,66,48,0,0,DOWN,1764928026972,"B"
264507,72,35,0,0,UP,1764943993372,"H"
264507,85,22,0,0,DOWN,1765023761872,"U"
264507,66,48,0,0,UP,1765047926372,"B"
264507,82,19,0,0,DOWN,1765128079172,"R"
264507,85,22,0,0,UP,1765143961472,"U"
264507,71,34,0,0,DOWN,1765224228472,"G"
264507,82,19,0,0,UP,1765231710772,"R"
264507,69,18,0,0,DOWN,1765328064772,"E"
264507,71,34,0,0,UP,1765336029272,"G"
264507,78,49,0,0,DOWN,1765424091072,"N"
264507,69,18,0,0,UP,1765431726972,"E"
264507,78,49,0,0,UP,1765488013572,"N"
264507,76,38,0,0,DOWN,1765528061272,"L"
264507,76,38,0,0,UP,1765584096672,"L"
264507,65,30,0,0,DOWN,1765624180472,"A"
264507,65,30,0,0,UP,1765663950072,"A"
264507,78,49,0,0,DOWN,1765728233872,"N"
264507,78,49,0,0,UP,1765784024772,"N"
264507,68,32,0,0,DOWN,1765824103672,"D"
264507,70,33,0,0,DOWN,1765928122372,"F"
264507,68,32,0,0,UP,1765936187072,"D"
264507,70,33,0,0,UP,1766000093572,"F"
264507,72,35,0,0,DOWN,1766024047772,"H"
264507,66,48,0,0,DOWN,1766120136772,"B"
264507,72,35,0,0,UP,1766136037472,"H"
264507,85,22,0,0,DOWN,1766224227472,"U"
264507,66,48,0,0,UP,1766248088172,"B"
264507,82,19,0,0,DOWN,1766328117072,"R"
264507,85,22,0,0,UP,1766335642672,"U"
264507,71,34,0,0,DOWN,1766424100672,"G"
264507,82,19,0,0,UP,1766447816572,"R"
264507,69,18,0,0,DOWN,1766527911872,"E"
264507,71,34,0,0,UP,1766535683372,"G"
264507,78,49,0,0,DOWN,1766624134072,"N"
264507,69,18,0,0,UP,1766632186372,"E"
264507,78,49,0,0,UP,1766688025072,"N"
264507,76,38,0,0,DOWN,1766728074272,"L"
264507,76,38,0,0,UP,1766784062172,"L"
264507,65,30,0,0,DOWN,1766824219272,"A"
264507,65,30,0,0,UP,1766871839872,"A"
264507,78,49,0,0,DOWN,1766928120372,"N"
264507,78,49,0,0,UP,1766984074472,"N"
264507,68,32,0,0,DOWN,1767024133972,"D"
264507,70,33,0,0,DOWN,1767128202372,"F"
264507,68,32,0,0,UP,1767135913572,"D"
264507,70,33,0,0,UP,1767208247072,"F"
264507,72,35,0,0,DOWN,1767224174972,"H"
264507,66,48,0,0,DOWN,1767328111672,"B"
264507,72,35,0,0,UP,1767335895372,"H"
264507,85,22,0,0,DOWN,1767424138672,"U"
264507,66,48,0,0,UP,1767440312772,"B"
264507,82,19,0,0,DOWN,1767528104872,"R"
264507,85,22,0,0,UP,1767535867672,"U"
264507,71,34,0,0,DOWN,1767624095572,"G"
264507,82,19,0,0,UP,1767640115472,"R"
264507,69,18,0,0,DOWN,1767728116672,"E"
264507,71,34,0,0,UP,1767735726272,"G"
264507,78,49,0,0,DOWN,1767824198172,"N"
264507,69,18,0,0,UP,1767832107572,"E"
264507,78,49,0,0,UP,1767888245272,"N"
264507,76,38,0,0,DOWN,1767920111372,"L"
264507,76,38,0,0,UP,1767983901972,"L"
264507,65,30,0,0,DOWN,1768024105072,"A"
264507,65,30,0,0,UP,1768072058672,"A"
264507,78,49,0,0,DOWN,1768120163772,"N"
264507,78,49,0,0,UP,1768184087672,"N"
264507,68,32,0,0,DOWN,1768231788272,"D"
264507,70,33,0,0,DOWN,1768328134672,"F"
264507,68,32,0,0,UP,1768335680072,"D"
264507,70,33,0,0,UP,1768408099572,"F"
264507,72,35,0,0,DOWN,1768424077772,"H"
264507,66,48,0,0,DOWN,1768528188172,"B"
264507,72,35,0,0,UP,1768535730572,"H"
264507,85,22,0,0,DOWN,1768624196972,"U"
264507,66,48,0,0,UP,1768648118972,"B"
264507,82,19,0,0,DOWN,1768728185572,"R"
264507,85,22,0,0,UP,1768735814972,"U"
264507,71,34,0,0,DOWN,1768824249672,"G"
264507,82,19,0,0,UP,1768848259172,"R"
264507,69,18,0,0,DOWN,1768928064172,"E"
264507,71,34,0,0,UP,1768935862372,"G"
264507,69,18,0,0,UP,1769024227972,"E"
264507,78,49,0,0,DOWN,1769025110972,"N"
264507,78,49,0,0,UP,1769088105472,"N"
264507,76,38,0,0,DOWN,1769128141272,"L"
264507,76,38,0,0,UP,1769184037772,"L"
264507,65,30,0,0,DOWN,1769224169672,"A"
264507,65,30,0,0,UP,1769264137072,"A"
264507,78,49,0,0,DOWN,1769328134872,"N"
264507,78,49,0,0,UP,1769384053172,"N"
264507,68,32,0,0,DOWN,1769424118972,"D"
264507,70,33,0,0,DOWN,1769528036572,"F"
264507,68,32,0,0,UP,1769535910672,"D"
264507,70,33,0,0,UP,1769599902772,"F"
264507,72,35,0,0,DOWN,1769624200572,"H"
264507,72,35,0,0,UP,1769728091372,"H"
264507,66,48,0,0,DOWN,1769728875672,"B"
264507,85,22,0,0,DOWN,1769824164072,"U"
264507,66,48,0,0,UP,1769848206872,"B"
264507,82,19,0,0,DOWN,1769920148772,"R"
264507,85,22,0,0,UP,1769936064672,"U"
264507,71,34,0,0,DOWN,1770024160772,"G"
264507,82,19,0,0,UP,1770040108072,"R"
264507,71,34,0,0,UP,1770128155372,"G"
264507,69,18,0,0,DOWN,1770129000672,"E"
264507,69,18,0,0,UP,1770224122872,"E"
264507,78,49,0,0,DOWN,1770224843372,"N"
264507,78,49,0,0,UP,1770288081572,"N"
264507,76,38,0,0,DOWN,1770328288172,"L"
264507,76,38,0,0,UP,1770383858072,"L"
264507,65,30,0,0,DOWN,1770424209172,"A"
264507,65,30,0,0,UP,1770472075772,"A"
264507,78,49,0,0,DOWN,1770528215072,"N"
264507,78,49,0,0,UP,1770583973872,"N"
264507,68,32,0,0,DOWN,1770624154572,"D"
264507,70,33,0,0,DOWN,1770728160072,"F"
264507,68,32,0,0,UP,1770735939372,"D"
264507,70,33,0,0,UP,1770808097572,"F"
264507,72,35,0,0,DOWN,1770824119472,"H"
264507,66,48,0,0,DOWN,1770928171172,"B"
264507,72,35,0,0,UP,1770935909972,"H"
264507,85,22,0,0,DOWN,1771024164972,"U"
264507,66,48,0,0,UP,1771048082472,"B"
264507,82,19,0,0,DOWN,1771128170372,"R"
264507,85,22,0,0,UP,1771135963672,"U"
264507,71,34,0,0,DOWN,1771224087572,"G"
264507,82,19,0,0,UP,1771240288972,"R"
264507,69,18,0,0,DOWN,1771328138872,"E"
264507,71,34,0,0,UP,1771335961872,"G"
264507,78,49,0,0,DOWN,1771424163572,"N"
264507,69,18,0,0,UP,1771432088472,"E"
264507,78,49,0,0,UP,1771488138472,"N"
264507,76,38,0,0,DOWN,1771520177772,"L"
264507,76,38,0,0,UP,1771583810272,"L"
264507,65,30,0,0,DOWN,1771624173872,"A"
264507,65,30,0,0,UP,1771664135672,"A"
264507,78,49,0,0,DOWN,1771720103872,"N"
264507,78,49,0,0,UP,1771783971972,"N"
264507,68,32,0,0,DOWN,1771832172772,"D"
264507,70,33,0,0,DOWN,1771920118972,"F"
264507,68,32,0,0,UP,1771936491072,"D"
264507,70,33,0,0,UP,1772000229572,"F"
264507,72,35,0,0,DOWN,1772024147772,"H"
264507,66,48,0,0,DOWN,1772128314972,"B"
264507,72,35,0,0,UP,1772136090672,"H"
264507,85,22,0,0,DOWN,1772224159972,"U"
264507,66,48,0,0,UP,1772248196772,"B"
264507,82,19,0,0,DOWN,1772328159372,"R"
264507,85,22,0,0,UP,1772336387672,"U"
264507,71,34,0,0,DOWN,1772424166872,"G"
264507,82,19,0,0,UP,1772440151772,"R"
264507,69,18,0,0,DOWN,1772528319872,"E"
264507,71,34,0,0,UP,1772544306972,"G"
264507,69,18,0,0,UP,1772624316372,"E"
264507,78,49,0,0,DOWN,1772632139372,"N"
264507,78,49,0,0,UP,1772688071572,"N"
264507,76,38,0,0,DOWN,1772728193072,"L"
264507,76,38,0,0,UP,1772784261972,"L"
264507,65,30,0,0,DOWN,1772824189472,"A"
264507,65,30,0,0,UP,1772872171672,"A"
264507,78,49,0,0,DOWN,1772928174772,"N"
264507,78,49,0,0,UP,1772984302372,"N"
264507,68,32,0,0,DOWN,1773024125172,"D"
264507,70,33,0,0,DOWN,1773128178072,"F"
264507,68,32,0,0,UP,1773144136372,"D"
264507,70,33,0,0,UP,1773200140672,"F"
264507,72,35,0,0,DOWN,1773224197072,"H"
264507,66,48,0,0,DOWN,1773328188072,"B"
264507,72,35,0,0,UP,1773335919572,"H"
264507,85,22,0,0,DOWN,1773424184672,"U"
264507,66,48,0,0,UP,1773448128772,"B"
264507,82,19,0,0,DOWN,1773528187472,"R"
264507,85,22,0,0,UP,1773535845672,"U"
264507,71,34,0,0,DOWN,1773632196872,"G"
264507,82,19,0,0,UP,1773640125872,"R"
264507,69,18,0,0,DOWN,1773728187872,"E"
264507,71,34,0,0,UP,1773735985072,"G"
264507,69,18,0,0,UP,1773824211872,"E"
264507,78,49,0,0,DOWN,1773825130472,"N"
264507,78,49,0,0,UP,1773880132172,"N"
264507,76,38,0,0,DOWN,1773920130872,"L"
264507,76,38,0,0,UP,1773984366372,"L"
264507,65,30,0,0,DOWN,1774024364472,"A"
264507,65,30,0,0,UP,1774072085972,"A"
264507,78,49,0,0,DOWN,1774128109672,"N"
264507,78,49,0,0,UP,1774176321872,"N"
264507,68,32,0,0,DOWN,1774224176472,"D"
264507,70,33,0,0,DOWN,1774328187072,"F"
264507,68,32,0,0,UP,1774346497172,"D"
264507,70,33,0,0,UP,1774400093172,"F"
264507,72,35,0,0,DOWN,1774424197972,"H"
264507,66,48,0,0,DOWN,1774528191772,"B"
264507,72,35,0,0,UP,1774536010572,"H"
264507,85,22,0,0,DOWN,1774623917172,"U"
264507,66,48,0,0,UP,1774648125072,"B"
264507,82,19,0,0,DOWN,1774728034172,"R"
264507,85,22,0,0,UP,1774736127272,"U"
264507,71,34,0,0,DOWN,1774824256172,"G"
264507,82,19,0,0,UP,1774840185872,"R"
264507,69,18,0,0,DOWN,1774928224372,"E"
264507,71,34,0,0,UP,1774935990872,"G"
264507,69,18,0,0,UP,1775024317372,"E"
264507,78,49,0,0,DOWN,1775025229172,"N"
264507,78,49,0,0,UP,1775088160772,"N"
264507,76,38,0,0,DOWN,1775128223672,"L"
264507,76,38,0,0,UP,1775184176972,"L"
264507,65,30,0,0,DOWN,1775224338072,"A"
264507,65,30,0,0,UP,1775264181772,"A"
264507,78,49,0,0,DOWN,1775328083072,"N"
264507,78,49,0,0,UP,1775384300972,"N"
264507,68,32,0,0,DOWN,1775424204772,"D"
264507,70,33,0,0,DOWN,1775528266572,"F"
264507,68,32,0,0,UP,1775535885872,"D"
264507,70,33,0,0,UP,1775600233972,"F"
264507,72,35,0,0,DOWN,1775624198072,"H"
264507,66,48,0,0,DOWN,1775719899772,"B"
264507,72,35,0,0,UP,1775736157872,"H"
264507,85,22,0,0,DOWN,1775824156572,"U"
264507,66,48,0,0,UP,1775848132972,"B"
264507,82,19,0,0,DOWN,1775919895672,"R"
264507,85,22,0,0,UP,1775936306072,"U"
264507,71,34,0,0,DOWN,1776024104072,"G"
264507,82,19,0,0,UP,1776048186272,"R"
264507,69,18,0,0,DOWN,1776127945472,"E"
264507,71,34,0,0,UP,1776136368972,"G"
264507,69,18,0,0,UP,1776224190172,"E"
264507,78,49,0,0,DOWN,1776225023372,"N"
264507,78,49,0,0,UP,1776288138572,"N"
264507,76,38,0,0,DOWN,1776328291872,"L"
264507,76,38,0,0,UP,1776384297672,"L"
264507,65,30,0,0,DOWN,1776424223172,"A"
264507,65,30,0,0,UP,1776472241972,"A"
264507,78,49,0,0,DOWN,1776528220872,"N"
264507,78,49,0,0,UP,1776584164072,"N"
264507,68,32,0,0,DOWN,1776624060672,"D"
264507,70,33,0,0,DOWN,1776728373472,"F"
264507,68,32,0,0,UP,1776744114672,"D"
264507,70,33,0,0,UP,1776800207372,"F"
264507,72,35,0,0,DOWN,1776824055372,"H"
264507,66,48,0,0,DOWN,1776928337972,"B"
264507,72,35,0,0,UP,1776936377372,"H"
264507,85,22,0,0,DOWN,1777024235272,"U"
264507,66,48,0,0,UP,1777048107272,"B"
264507,82,19,0,0,DOWN,1777128212872,"R"
264507,85,22,0,0,UP,1777136146072,"U"
264507,71,34,0,0,DOWN,1777224356072,"G"
264507,82,19,0,0,UP,1777247977572,"R"
264507,69,18,0,0,DOWN,1777328251372,"E"
264507,71,34,0,0,UP,1777336184272,"G"
264507,69,18,0,0,UP,1777424255472,"E"
264507,78,49,0,0,DOWN,1777425174272,"N"
264507,78,49,0,0,UP,1777480191272,"N"
264507,76,38,0,0,DOWN,1777519946872,"L"
264507,76,38,0,0,UP,1777592255372,"L"
264507,65,30,0,0,DOWN,1777624150672,"A"
264507,65,30,0,0,UP,1777672087572,"A"
264507,78,49,0,0,DOWN,1777719923172,"N"
264507,78,49,0,0,UP,1777784170972,"N"
264507,68,32,0,0,DOWN,1777832183672,"D"
264507,70,33,0,0,DOWN,1777927859372,"F"
264507,68,32,0,0,UP,1777935883172,"D"
264507,70,33,0,0,UP,1778008120572,"F"
264507,72,35,0,0,DOWN,1778024096172,"H"
264507,66,48,0,0,DOWN,1778128181772,"B"
264507,72,35,0,0,UP,1778136183972,"H"
264507,85,22,0,0,DOWN,1778224273172,"U"
264507,66,48,0,0,UP,1778248098372,"B"
264507,82,19,0,0,DOWN,1778328387172,"R"
264507,85,22,0,0,UP,1778336253072,"U"
264507,71,34,0,0,DOWN,1778424025272,"G"
264507,82,19,0,0,UP,1778448235572,"R"
264507,69,18,0,0,DOWN,1778528280372,"E"
264507,71,34,0,0,UP,1778536219372,"G"
264507,78,49,0,0,DOWN,1778624199872,"N"
264507,69,18,0,0,UP,1778632204072,"E"
264507,78,49,0,0,UP,1778688250372,"N"
264507,76,38,0,0,DOWN,1778728252472,"L"
264507,76,38,0,0,UP,1778784326072,"L"
264507,65,30,0,0,DOWN,1778824278172,"A"
264507,65,30,0,0,UP,1778864220372,"A"
264507,78,49,0,0,DOWN,1778928247872,"N"
264507,78,49,0,0,UP,1778984241472,"N"
264507,68,32,0,0,DOWN,1779024188772,"D"
264507,70,33,0,0,DOWN,1779128201172,"F"
264507,68,32,0,0,UP,1779136156672,"D"
264507,70,33,0,0,UP,1779200198572,"F"
264507,72,35,0,0,DOWN,1779224227472,"H"
264507,72,35,0,0,UP,1779328144072,"H"
264507,66,48,0,0,DOWN,1779329067272,"B"
264507,85,22,0,0,DOWN,1779424183272,"U"
264507,66,48,0,0,UP,1779448225572,"B"
264507,82,19,0,0,DOWN,1779520366972,"R"
264507,85,22,0,0,UP,1779536170972,"U"
264507,71,34,0,0,DOWN,1779624355172,"G"
264507,82,19,0,0,UP,1779640364972,"R"
264507,69,18,0,0,DOWN,1779728165272,"E"
264507,71,34,0,0,UP,1779736166872,"G"
264507,69,18,0,0,UP,1779824174872,"E"
264507,78,49,0,0,DOWN,1779825071772,"N"
264507,78,49,0,0,UP,1779888575572,"N"
264507,76,38,0,0,DOWN,1779928258972,"L"
264507,76,38,0,0,UP,1779984177172,"L"
264507,65,30,0,0,DOWN,1780024195872,"A"
264507,65,30,0,0,UP,1780072445972,"A"
264507,78,49,0,0,DOWN,1780128244372,"N"
264507,78,49,0,0,UP,1780192285172,"N"
264507,68,32,0,0,DOWN,1780224219972,"D"
264507,70,33,0,0,DOWN,1780328178772,"F"
264507,68,32,0,0,UP,1780344235072,"D"
264507,70,33,0,0,UP,1780400022572,"F"
264507,72,35,0,0,DOWN,1780424061672,"H"
264507,66,48,0,0,DOWN,1780528240972,"B"
264507,72,35,0,0,UP,1780544218172,"H"
264507,85,22,0,0,DOWN,1780623957872,"U"
264507,66,48,0,0,UP,1780648332972,"B"
264507,82,19,0,0,DOWN,1780728137372,"R"
264507,85,22,0,0,UP,1780736161072,"U"
264507,71,34,0,0,DOWN,1780824110872,"G"
264507,82,19,0,0,UP,1780848341772,"R"
264507,69,18,0,0,DOWN,1780928224372,"E"
264507,71,34,0,0,UP,1780936212672,"G"
264507,69,18,0,0,UP,1781024006972,"E"
264507,78,49,0,0,DOWN,1781024673972,"N"
264507,78,49,0,0,UP,1781088172472,"N"
264507,76,38,0,0,DOWN,1781128408572,"L"
264507,76,38,0,0,UP,1781184035072,"L"
264507,65,30,0,0,DOWN,1781223880972,"A"
264507,65,30,0,0,UP,1781264199672,"A"
264507,78,49,0,0,DOWN,1781328251572,"N"
264507,78,49,0,0,UP,1781384166672,"N"
264507,68,32,0,0,DOWN,1781423924172,"D"
264507,70,33,0,0,DOWN,1781520221572,"F"
264507,68,32,0,0,UP,1781536244272,"D"
264507,70,33,0,0,UP,1781600019172,"F"
264507,72,35,0,0,DOWN,1781623976872,"H"
264507,66,48,0,0,DOWN,1781720200672,"B"
264507,72,35,0,0,UP,1781736194072,"H"
264507,85,22,0,0,DOWN,1781823966772,"U"
264507,66,48,0,0,UP,1781848336272,"B"
264507,82,19,0,0,DOWN,1781928226972,"R"
264507,85,22,0,0,UP,1781936272272,"U"
264507,71,34,0,0,DOWN,1782024040972,"G"
264507,82,19,0,0,UP,1782048257772,"R"
264507,69,18,0,0,DOWN,1782128268072,"E"
264507,71,34,0,0,UP,1782136247872,"G"
264507,69,18,0,0,UP,1782224174972,"E"
264507,78,49,0,0,DOWN,1782224988872,"N"
264507,78,49,0,0,UP,1782288172972,"N"
264507,76,38,0,0,DOWN,1782328222572,"L"
264507,76,38,0,0,UP,1782384319572,"L"
264507,65,30,0,0,DOWN,1782424365772,"A"
264507,65,30,0,0,UP,1782472180672,"A"
264507,78,49,0,0,DOWN,1782528255972,"N"
264507,78,49,0,0,UP,1782592100472,"N"
264507,68,32,0,0,DOWN,1782624305272,"D"
264507,70,33,0,0,DOWN,1782728172172,"F"
264507,68,32,0,0,UP,1782744205272,"D"
264507,70,33,0,0,UP,1782800266372,"F"
264507,72,35,0,0,DOWN,1782824290472,"H"
264507,72,35,0,0,UP,1782928276772,"H"
264507,66,48,0,0,DOWN,1782929105372,"B"
264507,85,22,0,0,DOWN,1783024071472,"U"
264507,66,48,0,0,UP,1783048214572,"B"
264507,82,19,0,0,DOWN,1783128291572,"R"
264507,85,22,0,0,UP,1783136034472,"U"
264507,71,34,0,0,DOWN,1783224286572,"G"
264507,82,19,0,0,UP,1783248361172,"R"
264507,69,18,0,0,DOWN,1783328294672,"E"
264507,71,34,0,0,UP,1783336216572,"G"
264507,78,49,0,0,DOWN,1783424285772,"N"
264507,69,18,0,0,UP,1783432289472,"E"
264507,78,49,0,0,UP,1783488241072,"N"
264507,76,38,0,0,DOWN,1783520249072,"L"
264507,76,38,0,0,UP,1783584254472,"L"
264507,65,30,0,0,DOWN,1783624294772,"A"
264507,65,30,0,0,UP,1783672405272,"A"
264507,78,49,0,0,DOWN,1783720391272,"N"
264507,78,49,0,0,UP,1783792049872,"N"
264507,68,32,0,0,DOWN,1783832255072,"D"
264507,70,33,0,0,DOWN,1783928228672,"F"
264507,68,32,0,0,UP,1783936289072,"D"
264507,70,33,0,0,UP,1784008010472,"F"
264507,72,35,0,0,DOWN,1784024289372,"H"
264507,66,48,0,0,DOWN,1784128381372,"B"
264507,72,35,0,0,UP,1784135866172,"H"
264507,85,22,0,0,DOWN,1784224241672,"U"
264507,66,48,0,0,UP,1784248009372,"B"
264507,82,19,0,0,DOWN,1784328432472,"R"
264507,85,22,0,0,UP,1784336268672,"U"
264507,71,34,0,0,DOWN,1784424402172,"G"
264507,82,19,0,0,UP,1784448186072,"R"
264507,69,18,0,0,DOWN,1784527999872,"E"
264507,71,34,0,0,UP,1784536234672,"G"
264507,78,49,0,0,DOWN,1784624189572,"N"
264507,69,18,0,0,UP,1784632188372,"E"
264507,78,49,0,0,UP,1784688228772,"N"
264507,76,38,0,0,DOWN,1784728378072,"L"
264507,76,38,0,0,UP,1784784199472,"L"
264507,65,30,0,0,DOWN,1784824281172,"A"
264507,65,30,0,0,UP,1784864254772,"A"
264507,78,49,0,0,DOWN,1784928271072,"N"
264507,78,49,0,0,UP,1784984315772,"N"
264507,68,32,0,0,DOWN,1785024233872,"D"
264507,70,33,0,0,DOWN,1785128146272,"F"
264507,68,32,0,0,UP,1785136218872,"D"
264507,70,33,0,0,UP,1785200291672,"F"
264507,72,35,0,0,DOWN,1785224246672,"H"
264507,66,48,0,0,DOWN,1785328184872,"B"
264507,72,35,0,0,UP,1785336305072,"H"
264507,85,22,0,0,DOWN,1785424018972,"U"
264507,66,48,0,0,UP,1785456274172,"B"
264507,82,19,0,0,DOWN,1785520410572,"R"
264507,85,22,0,0,UP,1785536192672,"U"
264507,71,34,0,0,DOWN,1785624504072,"G"
264507,82,19,0,0,UP,1785640268872,"R"
264507,69,18,0,0,DOWN,1785728010372,"E"
264507,71,34,0,0,UP,1785736263572,"G"
264507,78,49,0,0,DOWN,1785824384972,"N"
264507,69,18,0,0,UP,1785832306172,"E"
264507,78,49,0,0,UP,1785896416872,"N"
264507,76,38,0,0,DOWN,1785928187072,"L"
264507,76,38,0,0,UP,1785984234872,"L"
264507,65,30,0,0,DOWN,1786024217772,"A"
264507,65,30,0,0,UP,1786072430372,"A"
264507,78,49,0,0,DOWN,1786128166472,"N"
264507,78,49,0,0,UP,1786192248672,"N"
264507,68,32,0,0,DOWN,1786224260872,"D"
264507,70,33,0,0,DOWN,1786328192972,"F"
264507,68,32,0,0,UP,1786343876872,"D"
264507,70,33,0,0,UP,1786400280172,"F"
264507,72,35,0,0,DOWN,1786424232572,"H"
264507,66,48,0,0,DOWN,1786528013472,"B"
264507,72,35,0,0,UP,1786536233972,"H"
264507,85,22,0,0,DOWN,1786624223672,"U"
264507,66,48,0,0,UP,1786648259872,"B"
264507,82,19,0,0,DOWN,1786727985672,"R"
264507,85,22,0,0,UP,1786736322672,"U"
264507,71,34,0,0,DOWN,1786824336372,"G"
264507,82,19,0,0,UP,1786840282072,"R"
264507,69,18,0,0,DOWN,1786928239772,"E"
264507,71,34,0,0,UP,1786936208872,"G"
264507,69,18,0,0,UP,1787024251672,"E"
264507,78,49,0,0,DOWN,1787032338672,"N"
264507,78,49,0,0,UP,1787088138172,"N"
264507,76,38,0,0,DOWN,1787120241572,"L"
264507,76,38,0,0,UP,1787184393072,"L"
264507,65,30,0,0,DOWN,1787224286272,"A"
264507,65,30,0,0,UP,1787272468872,"A"
264507,78,49,0,0,DOWN,1787320375772,"N"
264507,78,49,0,0,UP,1787392329972,"N"
264507,68,32,0,0,DOWN,1787432271472,"D"
264507,70,33,0,0,DOWN,1787520252072,"F"
264507,68,32,0,0,UP,1787536301472,"D"
264507,70,33,0,0,UP,1787600241472,"F"
264507,72,35,0,0,DOWN,1787624068072,"H"
264507,66,48,0,0,DOWN,1787728128372,"B"
264507,72,35,0,0,UP,1787735901572,"H"
264507,85,22,0,0,DOWN,1787824440272,"U"
264507,66,48,0,0,UP,1787848433572,"B"
264507,82,19,0,0,DOWN,1787928207572,"R"
264507,85,22,0,0,UP,1787936288172,"U"
264507,71,34,0,0,DOWN,1788024280972,"G"
264507,82,19,0,0,UP,1788048176372,"R"
264507,69,18,0,0,DOWN,1788128159972,"E"
264507,71,34,0,0,UP,1788143965372,"G"
264507,69,18,0,0,UP,1788224282872,"E"
264507,78,49,0,0,DOWN,1788225171372,"N"
264507,78,49,0,0,UP,1788296309772,"N"
264507,76,38,0,0,DOWN,1788328217672,"L"
264507,76,38,0,0,UP,1788384379372,"L"
264507,65,30,0,0,DOWN,1788424261272,"A"
264507,65,30,0,0,UP,1788464392872,"A"
264507,78,49,0,0,DOWN,1788528031772,"N"
264507,78,49,0,0,UP,1788592260072,"N"
264507,68,32,0,0,DOWN,1788624340272,"D"
264507,70,33,0,0,DOWN,1788728276172,"F"
264507,68,32,0,0,UP,1788744308772,"D"
264507,70,33,0,0,UP,1788800401272,"F"
264507,72,35,0,0,DOWN,1788824040472,"H"
264507,66,48,0,0,DOWN,1788928440972,"B"
264507,72,35,0,0,UP,1788936262672,"H"
264507,85,22,0,0,DOWN,1789024287172,"U"
264507,66,48,0,0,UP,1789056227772,"B"
264507,82,19,0,0,DOWN,1789128264472,"R"
264507,85,22,0,0,UP,1789136268872,"U"
264507,71,34,0,0,DOWN,1789232428072,"G"
264507,82,19,0,0,UP,1789240260472,"R"
264507,69,18,0,0,DOWN,1789328101072,"E"
264507,71,34,0,0,UP,1789336222672,"G"
264507,78,49,0,0,DOWN,1789424294772,"N"
264507,69,18,0,0,UP,1789432034472,"E"
264507,78,49,0,0,UP,1789488317972,"N"
264507,76,38,0,0,DOWN,1789520340072,"L"
264507,76,38,0,0,UP,1789592303472,"L"
264507,65,30,0,0,DOWN,1789624365372,"A"
264507,65,30,0,0,UP,1789672155272,"A"
264507,78,49,0,0,DOWN,1789728324272,"N"
264507,78,49,0,0,UP,1789792247872,"N"
264507,68,32,0,0,DOWN,1789832092272,"D"
264507,70,33,0,0,DOWN,1789928265872,"F"
264507,68,32,0,0,UP,1789936233372,"D"
264507,70,33,0,0,UP,1790000253472,"F"
264507,72,35,0,0,DOWN,1790024504272,"H"
264507,66,48,0,0,DOWN,1790128376472,"B"
264507,72,35,0,0,UP,1790136264772,"H"
264507,85,22,0,0,DOWN,1790224322972,"U"
264507,66,48,0,0,UP,1790248034172,"B"
264507,82,19,0,0,DOWN,1790328386972,"R"
264507,85,22,0,0,UP,1790336276072,"U"
264507,71,34,0,0,DOWN,1790424289572,"G"
264507,82,19,0,0,UP,1790448184872,"R"
264507,69,18,0,0,DOWN,1790528305972,"E"
264507,71,34,0,0,UP,1790535882472,"G"
264507,69,18,0,0,UP,1790624520572,"E"
264507,78,49,0,0,DOWN,1790625521172,"N"
264507,78,49,0,0,UP,1790688598172,"N"
264507,76,38,0,0,DOWN,1790728244972,"L"
264507,76,38,0,0,UP,1790784252172,"L"
264507,65,30,0,0,DOWN,1790824424372,"A"
264507,65,30,0,0,UP,1790872351672,"A"
264507,78,49,0,0,DOWN,1790928355572,"N"
264507,78,49,0,0,UP,1790992315272,"N"
264507,68,32,0,0,DOWN,1791024271472,"D"
264507,70,33,0,0,DOWN,1791128439372,"F"
264507,68,32,0,0,UP,1791136415172,"D"
264507,70,33,0,0,UP,1791200222472,"F"
264507,72,35,0,0,DOWN,1791224327872,"H"
264507,66,48,0,0,DOWN,1791320365772,"B"
264507,72,35,0,0,UP,1791336244772,"H"
264507,85,22,0,0,DOWN,1791424328272,"U"
264507,66,48,0,0,UP,1791448038872,"B"
264507,82,19,0,0,DOWN,1791527979972,"R"
264507,85,22,0,0,UP,1791536283172,"U"
264507,71,34,0,0,DOWN,1791624301372,"G"
264507,82,19,0,0,UP,1791648070572,"R"
264507,69,18,0,0,DOWN,1791728274472,"E"
264507,71,34,0,0,UP,1791736252372,"G"
264507,69,18,0,0,UP,1791824324372,"E"
264507,78,49,0,0,DOWN,1791825069172,"N"
264507,78,49,0,0,UP,1791896383672,"N"
264507,76,38,0,0,DOWN,1791928488172,"L"
264507,76,38,0,0,UP,1791984297372,"L"
264507,65,30,0,0,DOWN,1792024319572,"A"
264507,65,30,0,0,UP,1792072299872,"A"
264507,78,49,0,0,DOWN,1792128340772,"N"
264507,78,49,0,0,UP,1792192465472,"N"
264507,68,32,0,0,DOWN,1792224315672,"D"
264507,70,33,0,0,DOWN,1792328356772,"F"
264507,68,32,0,0,UP,1792344483772,"D"
264507,70,33,0,0,UP,1792400457972,"F"
264507,72,35,0,0,DOWN,1792424365672,"H"
264507,66,48,0,0,DOWN,1792528323772,"B"
264507,72,35,0,0,UP,1792536321972,"H"
264507,85,22,0,0,DOWN,1792624446172,"U"
264507,66,48,0,0,UP,1792656328872,"B"
264507,82,19,0,0,DOWN,1792728324572,"R"
264507,85,22,0,0,UP,1792736242472,"U"
264507,71,34,0,0,DOWN,1792824305572,"G"
264507,82,19,0,0,UP,1792840320572,"R"
264507,69,18,0,0,DOWN,1792927995372,"E"
264507,71,34,0,0,UP,1792935980072,"G"
264507,69,18,0,0,UP,1793024360572,"E"
264507,78,49,0,0,DOWN,1793025356572,"N"
264507,78,49,0,0,UP,1793096337772,"N"
264507,76,38,0,0,DOWN,1793120372172,"L"
264507,76,38,0,0,UP,1793184308672,"L"
264507,65,30,0,0,DOWN,1793224489372,"A"
264507,65,30,0,0,UP,1793272364172,"A"
264507,78,49,0,0,DOWN,1793320340472,"N"
264507,78,49,0,0,UP,1793392313672,"N"
264507,68,32,0,0,DOWN,1793432072972,"D"
264507,70,33,0,0,DOWN,1793528038272,"F"
264507,68,32,0,0,UP,1793536210272,"D"
264507,70,33,0,0,UP,1793608312172,"F"
264507,72,35,0,0,DOWN,1793624304972,"H"
264507,66,48,0,0,DOWN,1793728299972,"B"
264507,72,35,0,0,UP,1793736477572,"H"
264507,85,22,0,0,DOWN,1793824329272,"U"
264507,66,48,0,0,UP,1793848470972,"B"
264507,82,19,0,0,DOWN,1793928351972,"R"
264507,85,22,0,0,UP,1793936273072,"U"
264507,71,34,0,0,DOWN,1794024434372,"G"
264507,82,19,0,0,UP,1794048376572,"R"
264507,69,18,0,0,DOWN,1794128318172,"E"
264507,71,34,0,0,UP,1794136452972,"G"
264507,78,49,0,0,DOWN,1794224332972,"N"
264507,69,18,0,0,UP,1794232509272,"E"
264507,78,49,0,0,UP,1794288386272,"N"
264507,76,38,0,0,DOWN,1794328363472,"L"
264507,76,38,0,0,UP,1794384279772,"L"
264507,65,30,0,0,DOWN,1794424336272,"A"
264507,65,30,0,0,UP,1794472459072,"A"
264507,78,49,0,0,DOWN,1794528375272,"N"
264507,78,49,0,0,UP,1794592093372,"N"
264507,68,32,0,0,DOWN,1794624308372,"D"
264507,70,33,0,0,DOWN,1794728051472,"F"
264507,68,32,0,0,UP,1794736297972,"D"
264507,70,33,0,0,UP,1794799984972,"F"
264507,72,35,0,0,DOWN,1794824433472,"H"
264507,66,48,0,0,DOWN,1794928156972,"B"
264507,72,35,0,0,UP,1794936071472,"H"
264507,85,22,0,0,DOWN,1795024365172,"U"
264507,66,48,0,0,UP,1795040322472,"B"
264507,82,19,0,0,DOWN,1795120144772,"R"
264507,85,22,0,0,UP,1795136108272,"U"
264507,71,34,0,0,DOWN,1795224401572,"G"
264507,82,19,0,0,UP,1795240493772,"R"
264507,69,18,0,0,DOWN,1795328359172,"E"
264507,71,34,0,0,UP,1795336322272,"G"
264507,69,18,0,0,UP,1795424348672,"E"
264507,78,49,0,0,DOWN,1795425291072,"N"
264507,78,49,0,0,UP,1795488420872,"N"
264507,76,38,0,0,DOWN,1795528361572,"L"
264507,76,38,0,0,UP,1795584112872,"L"
264507,65,30,0,0,DOWN,1795624364572,"A"
264507,65,30,0,0,UP,1795672302872,"A"
264507,78,49,0,0,DOWN,1795728330272,"N"
264507,78,49,0,0,UP,1795792287372,"N"
264507,68,32,0,0,DOWN,1795824352272,"D"
264507,70,33,0,0,DOWN,1795928548772,"F"
264507,68,32,0,0,UP,1795944357272,"D"
264507,70,33,0,0,UP,1796000537572,"F"
264507,72,35,0,0,DOWN,1796024363472,"H"
264507,66,48,0,0,DOWN,1796128099572,"B"
264507,72,35,0,0,UP,1796143204072,"H"
264507,85,22,0,0,DOWN,1796224319872,"U"
264507,66,48,0,0,UP,1796248520972,"B"
264507,82,19,0,0,DOWN,1796328315472,"R"
264507,85,22,0,0,UP,1796336257272,"U"
264507,71,34,0,0,DOWN,1796424414872,"G"
264507,82,19,0,0,UP,1796448541872,"R"
264507,69,18,0,0,DOWN,1796528371472,"E"
264507,71,34,0,0,UP,1796536329872,"G"
264507,78,49,0,0,DOWN,1796624057072,"N"
264507,69,18,0,0,UP,1796632304272,"E"
264507,78,49,0,0,UP,1796696454572,"N"
264507,76,38,0,0,DOWN,1796728699572,"L"
264507,76,38,0,0,UP,1796784419672,"L"
264507,65,30,0,0,DOWN,1796824411672,"A"
264507,65,30,0,0,UP,1796872315772,"A"
264507,78,49,0,0,DOWN,1796928371372,"N"
264507,78,49,0,0,UP,1796992348972,"N"
264507,68,32,0,0,DOWN,1797032379172,"D"
264507,70,33,0,0,DOWN,1797120340972,"F"
264507,68,32,0,0,UP,1797136155172,"D"
264507,70,33,0,0,UP,1797200257372,"F"
264507,72,35,0,0,DOWN,1797224315472,"H"
264507,66,48,0,0,DOWN,1797328328472,"B"
264507,72,35,0,0,UP,1797336341672,"H"
264507,85,22,0,0,DOWN,1797424421572,"U"
264507,66,48,0,0,UP,1797448354872,"B"
264507,82,19,0,0,DOWN,1797528298972,"R"
264507,85,22,0,0,UP,1797536261572,"U"
264507,71,34,0,0,DOWN,1797624469272,"G"
264507,82,19,0,0,UP,1797648340872,"R"
264507,69,18,0,0,DOWN,1797728366272,"E"
264507,71,34,0,0,UP,1797736189372,"G"
264507,69,18,0,0,UP,1797824329872,"E"
264507,78,49,0,0,DOWN,1797825039272,"N"
264507,78,49,0,0,UP,1797888387472,"N"
264507,76,38,0,0,DOWN,1797928417072,"L"
264507,76,38,0,0,UP,1797984325772,"L"
264507,65,30,0,0,DOWN,1798024523272,"A"
264507,65,30,0,0,UP,1798072346872,"A"
264507,78,49,0,0,DOWN,1798128359972,"N"
264507,78,49,0,0,UP,1798192307072,"N"
264507,68,32,0,0,DOWN,1798224445072,"D"
264507,70,33,0,0,DOWN,1798328363472,"F"
264507,68,32,0,0,UP,1798336231372,"D"
264507,70,33,0,0,UP,1798400292172,"F"
264507,72,35,0,0,DOWN,1798424536872,"H"
264507,66,48,0,0,DOWN,1798528514172,"B"
264507,72,35,0,0,UP,1798536037972,"H"
264507,85,22,0,0,DOWN,1798624386372,"U"
264507,66,48,0,0,UP,1798656474872,"B"
264507,82,19,0,0,DOWN,1798728343772,"R"
264507,85,22,0,0,UP,1798736201572,"U"
264507,71,34,0,0,DOWN,1798824395672,"G"
264507,82,19,0,0,UP,1798840342672,"R"
264507,71,34,0,0,UP,1798928362872,"G"
264507,69,18,0,0,DOWN,1798929446772,"E"
264507,69,18,0,0,UP,1799024215972,"E"
264507,78,49,0,0,DOWN,1799024931272,"N"
264507,78,49,0,0,UP,1799096397972,"N"
264507,76,38,0,0,DOWN,1799120084772,"L"
264507,76,38,0,0,UP,1799184349472,"L"
264507,65,30,0,0,DOWN,1799224308072,"A"
264507,65,30,0,0,UP,1799272488772,"A"
264507,78,49,0,0,DOWN,1799328342372,"N"
264507,78,49,0,0,UP,1799392411172,"N"
264507,68,32,0,0,DOWN,1799432563372,"D"
264507,70,33,0,0,DOWN,1799528314672,"F"
264507,68,32,0,0,UP,1799536112072,"D"
264507,70,33,0,0,UP,1799600376072,"F"
264507,72,35,0,0,DOWN,1799624396172,"H"
264507,66,48,0,0,DOWN,1799728368372,"B"
264507,72,35,0,0,UP,1799736423972,"H"
264507,85,22,0,0,DOWN,1799824333272,"U"
264507,66,48,0,0,UP,1799848330472,"B"
264507,82,19,0,0,DOWN,1799928467372,"R"
264507,85,22,0,0,UP,1799936524072,"U"
264507,71,34,0,0,DOWN,1800024434972,"G"
264507,82,19,0,0,UP,1800040149472,"R"
264507,69,18,0,0,DOWN,1800128378272,"E"
264507,71,34,0,0,UP,1800136449572,"G"
264507,69,18,0,0,UP,1800224401972,"E"
264507,78,49,0,0,DOWN,1800232373472,"N"
264507,78,49,0,0,UP,1800288342172,"N"
264507,76,38,0,0,DOWN,1800328561972,"L"
264507,76,38,0,0,UP,1800384352172,"L"
264507,65,30,0,0,DOWN,1800424387572,"A"
264507,65,30,0,0,UP,1800472353472,"A"
264507,78,49,0,0,DOWN,1800528398072,"N"
264507,78,49,0,0,UP,1800592396472,"N"
264507,68,32,0,0,DOWN,1800624515272,"D"
264507,70,33,0,0,DOWN,1800728382272,"F"
264507,68,32,0,0,UP,1800736054372,"D"
264507,70,33,0,0,UP,1800800492272,"F"
264507,72,35,0,0,DOWN,1800832409372,"H"
264507,66,48,0,0,DOWN,1800928400072,"B"
264507,72,35,0,0,UP,1800936456572,"H"
264507,85,22,0,0,DOWN,1801024400372,"U"
264507,66,48,0,0,UP,1801040573772,"B"
264507,82,19,0,0,DOWN,1801120423972,"R"
264507,85,22,0,0,UP,1801136341672,"U"
264507,71,34,0,0,DOWN,1801224340272,"G"
264507,82,19,0,0,UP,1801248365572,"R"
264507,69,18,0,0,DOWN,1801328447472,"E"
264507,71,34,0,0,UP,1801336405172,"G"
264507,78,49,0,0,DOWN,1801424374672,"N"
264507,69,18,0,0,UP,1801432295872,"E"
264507,78,49,0,0,UP,1801488148972,"N"
264507,76,38,0,0,DOWN,1801528457772,"L"
264507,76,38,0,0,UP,1801584534872,"L"
264507,65,30,0,0,DOWN,1801624413072,"A"
264507,65,30,0,0,UP,1801672317972,"A"
264507,78,49,0,0,DOWN,1801728085372,"N"
264507,78,49,0,0,UP,1801792376972,"N"
264507,68,32,0,0,DOWN,1801824461672,"D"
264507,70,33,0,0,DOWN,1801928403872,"F"
264507,68,32,0,0,UP,1801944398872,"D"
264507,70,33,0,0,UP,1802000395172,"F"
264507,72,35,0,0,DOWN,1802024425872,"H"
264507,66,48,0,0,DOWN,1802128303172,"B"
264507,72,35,0,0,UP,1802136337272,"H"
264507,85,22,0,0,DOWN,1802224218772,"U"
264507,66,48,0,0,UP,1802248731472,"B"
264507,82,19,0,0,DOWN,1802328436972,"R"
264507,85,22,0,0,UP,1802336397572,"U"
264507,71,34,0,0,DOWN,1802424474272,"G"
264507,82,19,0,0,UP,1802448679672,"R"
264507,69,18,0,0,DOWN,1802528407972,"E"
264507,71,34,0,0,UP,1802536372172,"G"
264507,69,18,0,0,UP,1802624443772,"E"
264507,78,49,0,0,DOWN,1802625409772,"N"
264507,78,49,0,0,UP,1802696435172,"N"
264507,76,38,0,0,DOWN,1802720357472,"L"
264507,76,38,0,0,UP,1802784374372,"L"
264507,65,30,0,0,DOWN,1802824438672,"A"
264507,65,30,0,0,UP,1802872208872,"A"
264507,78,49,0,0,DOWN,1802920366272,"N"
264507,78,49,0,0,UP,1802992369972,"N"
264507,68,32,0,0,DOWN,1803032365772,"D"
264507,70,33,0,0,DOWN,1803120420672,"F"
264507,68,32,0,0,UP,1803136348872,"D"
264507,70,33,0,0,UP,1803200551272,"F"
264507,72,35,0,0,DOWN,1803224462572,"H"
264507,66,48,0,0,DOWN,1803328304272,"B"
264507,72,35,0,0,UP,1803336434772,"H"
264507,85,22,0,0,DOWN,1803424379872,"U"
264507,66,48,0,0,UP,1803448317372,"B"
264507,82,19,0,0,DOWN,1803528446172,"R"
264507,85,22,0,0,UP,1803536372572,"U"
264507,71,34,0,0,DOWN,1803624416572,"G"
264507,82,19,0,0,UP,1803648541472,"R"
264507,69,18,0,0,DOWN,1803728171172,"E"
264507,71,34,0,0,UP,1803744513072,"G"
264507,78,49,0,0,DOWN,1803824364772,"N"
264507,69,18,0,0,UP,1803832397372,"E"
264507,78,49,0,0,UP,1803888156772,"N"
264507,76,38,0,0,DOWN,1803928470072,"L"
264507,76,38,0,0,UP,1803984374072,"L"
264507,65,30,0,0,DOWN,1804024418272,"A"
264507,65,30,0,0,UP,1804072551472,"A"
264507,78,49,0,0,DOWN,1804128439972,"N"
264507,78,49,0,0,UP,1804192465172,"N"
264507,68,32,0,0,DOWN,1804224354972,"D"
264507,70,33,0,0,DOWN,1804328247972,"F"
264507,68,32,0,0,UP,1804336400472,"D"
264507,70,33,0,0,UP,1804400460572,"F"
264507,72,35,0,0,DOWN,1804424455972,"H"
264507,66,48,0,0,DOWN,1804528548672,"B"
264507,72,35,0,0,UP,1804535971672,"H"
264507,85,22,0,0,DOWN,1804624440772,"U"
264507,66,48,0,0,UP,1804648411972,"B"
264507,82,19,0,0,DOWN,1804728205872,"R"
264507,85,22,0,0,UP,1804736420472,"U"
264507,71,34,0,0,DOWN,1804832364072,"G"
264507,82,19,0,0,UP,1804840223472,"R"
264507,69,18,0,0,DOWN,1804928439072,"E"
264507,71,34,0,0,UP,1804936335372,"G"
264507,69,18,0,0,UP,1805024198972,"E"
264507,78,49,0,0,DOWN,1805024875472,"N"
264507,78,49,0,0,UP,1805088458172,"N"
264507,76,38,0,0,DOWN,1805120372772,"L"
264507,76,38,0,0,UP,1805184338172,"L"
264507,65,30,0,0,DOWN,1805224191572,"A"
264507,65,30,0,0,UP,1805272491672,"A"
264507,78,49,0,0,DOWN,1805328365372,"N"
264507,78,49,0,0,UP,1805392438872,"N"
264507,68,32,0,0,DOWN,1805432412372,"D"
264507,70,33,0,0,DOWN,1805528451972,"F"
264507,68,32,0,0,UP,1805536473872,"D"
264507,70,33,0,0,UP,1805600454472,"F"
264507,72,35,0,0,DOWN,1805624175572,"H"
264507,66,48,0,0,DOWN,1805728563772,"B"
264507,72,35,0,0,UP,1805736382572,"H"
264507,85,22,0,0,DOWN,1805824169772,"U"
264507,66,48,0,0,UP,1805848403872,"B"
264507,82,19,0,0,DOWN,1805928503672,"R"
264507,85,22,0,0,UP,1805936368572,"U"
264507,71,34,0,0,DOWN,1806024153572,"G"
264507,82,19,0,0,UP,1806048392272,"R"
264507,69,18,0,0,DOWN,1806128465572,"E"
264507,71,34,0,0,UP,1806136436672,"G"
264507,69,18,0,0,UP,1806224278772,"E"
264507,78,49,0,0,DOWN,1806225011072,"N"
264507,78,49,0,0,UP,1806288374072,"N"
264507,76,38,0,0,DOWN,1806328414472,"L"
264507,76,38,0,0,UP,1806384487572,"L"
264507,65,30,0,0,DOWN,1806424432972,"A"
264507,65,30,0,0,UP,1806472529172,"A"
264507,78,49,0,0,DOWN,1806528481372,"N"
264507,78,49,0,0,UP,1806592426972,"N"
264507,68,32,0,0,DOWN,1806624503572,"D"
264507,70,33,0,0,DOWN,1806728555672,"F"
264507,68,32,0,0,UP,1806736419272,"D"
264507,70,33,0,0,UP,1806800657772,"F"
264507,72,35,0,0,DOWN,1806832412872,"H"
264507,66,48,0,0,DOWN,1806928592872,"B"
264507,72,35,0,0,UP,1806936541572,"H"
264507,85,22,0,0,DOWN,1807024497572,"U"
264507,66,48,0,0,UP,1807040166172,"B"
264507,82,19,0,0,DOWN,1807120431772,"R"
264507,85,22,0,0,UP,1807136614572,"U"
264507,71,34,0,0,DOWN,1807224524172,"G"
264507,82,19,0,0,UP,1807248478572,"R"
264507,69,18,0,0,DOWN,1807328459672,"E"
264507,71,34,0,0,UP,1807336006372,"G"
264507,78,49,0,0,DOWN,1807424550672,"N"
264507,69,18,0,0,UP,1807432371672,"E"
264507,78,49,0,0,UP,1807488190572,"N"
264507,76,38,0,0,DOWN,1807528584472,"L"
264507,76,38,0,0,UP,1807576372172,"L"
264507,65,30,0,0,DOWN,1807624438172,"A"
264507,65,30,0,0,UP,1807672409872,"A"
264507,78,49,0,0,DOWN,1807728514972,"N"
264507,78,49,0,0,UP,1807792170072,"N"
264507,68,32,0,0,DOWN,1807824401672,"D"
264507,70,33,0,0,DOWN,1807928222072,"F"
264507,68,32,0,0,UP,1807936130472,"D"
264507,70,33,0,0,UP,1807992170372,"F"
264507,72,35,0,0,DOWN,1808024443972,"H"
264507,66,48,0,0,DOWN,1808128439272,"B"
264507,72,35,0,0,UP,1808136428672,"H"
264507,85,22,0,0,DOWN,1808224446472,"U"
264507,66,48,0,0,UP,1808248386272,"B"
264507,82,19,0,0,DOWN,1808328227772,"R"
264507,85,22,0,0,UP,1808336611272,"U"
264507,71,34,0,0,DOWN,1808424212372,"G"
264507,82,19,0,0,UP,1808448451072,"R"
264507,69,18,0,0,DOWN,1808528509172,"E"
264507,71,34,0,0,UP,1808536114272,"G"
264507,69,18,0,0,UP,1808624574772,"E"
264507,78,49,0,0,DOWN,1808625306272,"N"
264507,78,49,0,0,UP,1808688473972,"N"
264507,76,38,0,0,DOWN,1808720477072,"L"
264507,76,38,0,0,UP,1808776222772,"L"
264507,65,30,0,0,DOWN,1808824614672,"A"
264507,65,30,0,0,UP,1808872429972,"A"
264507,78,49,0,0,DOWN,1808920511472,"N"
264507,78,49,0,0,UP,1808992623672,"N"
264507,68,32,0,0,DOWN,1809032460672,"D"
264507,70,33,0,0,DOWN,1809120460972,"F"
264507,68,32,0,0,UP,1809136642172,"D"
264507,70,33,0,0,UP,1809200439972,"F"
264507,72,35,0,0,DOWN,1809224513372,"H"
264507,66,48,0,0,DOWN,1809328413572,"B"
264507,72,35,0,0,UP,1809336450072,"H"
264507,85,22,0,0,DOWN,1809424470072,"U"
264507,66,48,0,0,UP,1809448182472,"B"
264507,82,19,0,0,DOWN,1809528416072,"R"
264507,85,22,0,0,UP,1809536406672,"U"
264507,71,34,0,0,DOWN,1809624462972,"G"
264507,82,19,0,0,UP,1809648428772,"R"
264507,69,18,0,0,DOWN,1809728453972,"E"
264507,71,34,0,0,UP,1809736547072,"G"
264507,78,49,0,0,DOWN,1809824560172,"N"
264507,69,18,0,0,UP,1809832420172,"E"
264507,78,49,0,0,UP,1809888593072,"N"
264507,76,38,0,0,DOWN,1809928456172,"L"
264507,76,38,0,0,UP,1809984568172,"L"
264507,65,30,0,0,DOWN,1810024498572,"A"
264507,65,30,0,0,UP,1810072524972,"A"
264507,78,49,0,0,DOWN,1810128428772,"N"
264507,78,49,0,0,UP,1810184367272,"N"
264507,68,32,0,0,DOWN,1810224496272,"D"
264507,70,33,0,0,DOWN,1810328422872,"F"
264507,68,32,0,0,UP,1810336421872,"D"
264507,70,33,0,0,UP,1810400495272,"F"
264507,72,35,0,0,DOWN,1810424376872,"H"
264507,72,35,0,0,UP,1810528234372,"H"
264507,66,48,0,0,DOWN,1810529371472,"B"
264507,85,22,0,0,DOWN,1810624468472,"U"
264507,66,48,0,0,UP,1810648417272,"B"
264507,82,19,0,0,DOWN,1810728196872,"R"
264507,85,22,0,0,UP,1810736224472,"U"
264507,71,34,0,0,DOWN,1810824480872,"G"
264507,82,19,0,0,UP,1810840615772,"R"
264507,69,18,0,0,DOWN,1810928262572,"E"
264507,71,34,0,0,UP,1810936462272,"G"
264507,78,49,0,0,DOWN,1811024468272,"N"
264507,69,18,0,0,UP,1811032439572,"E"
264507,78,49,0,0,UP,1811088462972,"N"
264507,76,38,0,0,DOWN,1811120564772,"L"
264507,76,38,0,0,UP,1811192583472,"L"
264507,65,30,0,0,DOWN,1811224499472,"A"
264507,65,30,0,0,UP,1811272462372,"A"
264507,78,49,0,0,DOWN,1811328257072,"N"
264507,78,49,0,0,UP,1811392419872,"N"
264507,68,32,0,0,DOWN,1811432615472,"D"
264507,70,33,0,0,DOWN,1811528235672,"F"
264507,68,32,0,0,UP,1811536467472,"D"
264507,70,33,0,0,UP,1811608465772,"F"
264507,72,35,0,0,DOWN,1811624240172,"H"
264507,66,48,0,0,DOWN,1811728271872,"B"
264507,72,35,0,0,UP,1811744669372,"H"
264507,85,22,0,0,DOWN,1811824470372,"U"
264507,66,48,0,0,UP,1811848635672,"B"
264507,82,19,0,0,DOWN,1811928240172,"R"
264507,85,22,0,0,UP,1811944513372,"U"
264507,71,34,0,0,DOWN,1812024473272,"G"
264507,82,19,0,0,UP,1812040635272,"R"
264507,69,18,0,0,DOWN,1812128286172,"E"
264507,71,34,0,0,UP,1812136314072,"G"
264507,69,18,0,0,UP,1812224479172,"E"
264507,78,49,0,0,DOWN,1812225340972,"N"
264507,78,49,0,0,UP,1812288572272,"N"
264507,76,38,0,0,DOWN,1812328496372,"L"
264507,76,38,0,0,UP,1812384617872,"L"
264507,65,30,0,0,DOWN,1812424454172,"A"
264507,65,30,0,0,UP,1812472504172,"A"
264507,78,49,0,0,DOWN,1812528490472,"N"
264507,78,49,0,0,UP,1812584395372,"N"
264507,68,32,0,0,DOWN,1812624172772,"D"
264507,70,33,0,0,DOWN,1812728579572,"F"
264507,68,32,0,0,UP,1812736522472,"D"
264507,70,33,0,0,UP,1812800520772,"F"
264507,72,35,0,0,DOWN,1812824490072,"H"
264507,66,48,0,0,DOWN,1812928514972,"B"
264507,72,35,0,0,UP,1812936055372,"H"
264507,85,22,0,0,DOWN,1813024506772,"U"
264507,66,48,0,0,UP,1813040566972,"B"
264507,82,19,0,0,DOWN,1813120563172,"R"
264507,85,22,0,0,UP,1813136519872,"U"
264507,71,34,0,0,DOWN,1813224240172,"G"
264507,82,19,0,0,UP,1813240492972,"R"
264507,69,18,0,0,DOWN,1813328598772,"E"
264507,71,34,0,0,UP,1813336469272,"G"
264507,78,49,0,0,DOWN,1813424276572,"N"
264507,69,18,0,0,UP,1813432504072,"E"
264507,78,49,0,0,UP,1813488415272,"N"
264507,76,38,0,0,DOWN,1813528488972,"L"
264507,76,38,0,0,UP,1813584473172,"L"
264507,65,30,0,0,DOWN,1813624495272,"A"
264507,65,30,0,0,UP,1813672633472,"A"
264507,78,49,0,0,DOWN,1813728570672,"N"
264507,78,49,0,0,UP,1813784455172,"N"
264507,68,32,0,0,DOWN,1813824483872,"D"
264507,70,33,0,0,DOWN,1813928456672,"F"
264507,68,32,0,0,UP,1813936582272,"D"
264507,70,33,0,0,UP,1814000427072,"F"
264507,72,35,0,0,DOWN,1814024498472,"H"
264507,66,48,0,0,DOWN,1814128452972,"B"
264507,72,35,0,0,UP,1814136483172,"H"
264507,85,22,0,0,DOWN,1814224539572,"U"
264507,66,48,0,0,UP,1814248295272,"B"
264507,82,19,0,0,DOWN,1814328488272,"R"
264507,85,22,0,0,UP,1814336518372,"U"
264507,71,34,0,0,DOWN,1814424527372,"G"
264507,82,19,0,0,UP,1814448296072,"R"
264507,69,18,0,0,DOWN,1814528221872,"E"
264507,71,34,0,0,UP,1814536470172,"G"
264507,69,18,0,0,UP,1814624568072,"E"
264507,78,49,0,0,DOWN,1814625468972,"N"
264507,78,49,0,0,UP,1814696617072,"N"
264507,76,38,0,0,DOWN,1814728559472,"L"
264507,76,38,0,0,UP,1814784478572,"L"
264507,65,30,0,0,DOWN,1814824212072,"A"
264507,65,30,0,0,UP,1814864241872,"A"
264507,78,49,0,0,DOWN,1814928497672,"N"
264507,78,49,0,0,UP,1814992531772,"N"
264507,68,32,0,0,DOWN,1815032617672,"D"
264507,70,33,0,0,DOWN,1815128561872,"F"
264507,68,32,0,0,UP,1815136589272,"D"
264507,70,33,0,0,UP,1815200555672,"F"
264507,72,35,0,0,DOWN,1815224326772,"H"
264507,66,48,0,0,DOWN,1815320564472,"B"
264507,72,35,0,0,UP,1815328476472,"H"
264507,85,22,0,0,DOWN,1815424593172,"U"
264507,66,48,0,0,UP,1815448414472,"B"
264507,82,19,0,0,DOWN,1815528293072,"R"
264507,85,22,0,0,UP,1815536433672,"U"
264507,71,34,0,0,DOWN,1815624493972,"G"
264507,82,19,0,0,UP,1815648508372,"R"
264507,69,18,0,0,DOWN,1815728371372,"E"
264507,71,34,0,0,UP,1815736071372,"G"
264507,69,18,0,0,UP,1815824540472,"E"
264507,78,49,0,0,DOWN,1815825327972,"N"
264507,78,49,0,0,UP,1815888580672,"N"
264507,76,38,0,0,DOWN,1815928527972,"L"
264507,76,38,0,0,UP,1815984506272,"L"
264507,65,30,0,0,DOWN,1816024630572,"A"
264507,65,30,0,0,UP,1816072537272,"A"
264507,78,49,0,0,DOWN,1816128303172,"N"
264507,78,49,0,0,UP,1816192504872,"N"
264507,68,32,0,0,DOWN,1816224230772,"D"
264507,70,33,0,0,DOWN,1816328553772,"F"
264507,68,32,0,0,UP,1816336462572,"D"
264507,70,33,0,0,UP,1816400296072,"F"
264507,72,35,0,0,DOWN,1816424544872,"H"
264507,72,35,0,0,UP,1816528601772,"H"
264507,66,48,0,0,DOWN,1816529326672,"B"
264507,85,22,0,0,DOWN,1816624437472,"U"
264507,66,48,0,0,UP,1816648223672,"B"
264507,82,19,0,0,DOWN,1816728539472,"R"
264507,85,22,0,0,UP,1816736424472,"U"
264507,71,34,0,0,DOWN,1816824647972,"G"
264507,82,19,0,0,UP,1816840667072,"R"
264507,69,18,0,0,DOWN,1816928730072,"E"
264507,71,34,0,0,UP,1816936494972,"G"
264507,78,49,0,0,DOWN,1817024647072,"N"
264507,69,18,0,0,UP,1817032507972,"E"
264507,78,49,0,0,UP,1817088543672,"N"
264507,76,38,0,0,DOWN,1817120580372,"L"
264507,76,38,0,0,UP,1817184524072,"L"
264507,65,30,0,0,DOWN,1817224254472,"A"
264507,65,30,0,0,UP,1817272492572,"A"
264507,78,49,0,0,DOWN,1817320588972,"N"
264507,78,49,0,0,UP,1817384359772,"N"
264507,68,32,0,0,DOWN,1817432266472,"D"
264507,70,33,0,0,DOWN,1817528559172,"F"
264507,68,32,0,0,UP,1817536531372,"D"
264507,70,33,0,0,UP,1817600482172,"F"
264507,72,35,0,0,DOWN,1817624527272,"H"
264507,66,48,0,0,DOWN,1817728516372,"B"
264507,72,35,0,0,UP,1817736635972,"H"
264507,85,22,0,0,DOWN,1817824522772,"U"
264507,66,48,0,0,UP,1817848533572,"B"
264507,82,19,0,0,DOWN,1817928581872,"R"
264507,85,22,0,0,UP,1817936514872,"U"
264507,71,34,0,0,DOWN,1818024286772,"G"
264507,82,19,0,0,UP,1818048608772,"R"
264507,69,18,0,0,DOWN,1818128484572,"E"
264507,71,34,0,0,UP,1818136489372,"G"
264507,78,49,0,0,DOWN,1818224529372,"N"
264507,69,18,0,0,UP,1818232730772,"E"
264507,78,49,0,0,UP,1818288340572,"N"
264507,76,38,0,0,DOWN,1818328542572,"L"
264507,76,38,0,0,UP,1818384458872,"L"
264507,65,30,0,0,DOWN,1818424575972,"A"
264507,65,30,0,0,UP,1818472511272,"A"
264507,78,49,0,0,DOWN,1818528509372,"N"
264507,78,49,0,0,UP,1818592636772,"N"
264507,68,32,0,0,DOWN,1818624537472,"D"
264507,70,33,0,0,DOWN,1818728588072,"F"
264507,68,32,0,0,UP,1818744494772,"D"
264507,70,33,0,0,UP,1818800264572,"F"
264507,72,35,0,0,DOWN,1818824562772,"H"
264507,66,48,0,0,DOWN,1818928676872,"B"
264507,72,35,0,0,UP,1818936466372,"H"
264507,85,22,0,0,DOWN,1819024498272,"U"
264507,66,48,0,0,UP,1819048489572,"B"
264507,82,19,0,0,DOWN,1819128640972,"R"
264507,85,22,0,0,UP,1819136485572,"U"
264507,71,34,0,0,DOWN,1819232549472,"G"
264507,82,19,0,0,UP,1819248590472,"R"
264507,69,18,0,0,DOWN,1819328270172,"E"
264507,71,34,0,0,UP,1819336512372,"G"
264507,78,49,0,0,DOWN,1819424518772,"N"
264507,69,18,0,0,UP,1819432769072,"E"
264507,78,49,0,0,UP,1819488548372,"N"
264507,76,38,0,0,DOWN,1819528540572,"L"
264507,76,38,0,0,UP,1819576526272,"L"
264507,65,30,0,0,DOWN,1819624537272,"A"
264507,65,30,0,0,UP,1819672496472,"A"
264507,78,49,0,0,DOWN,1819728653072,"N"
264507,78,49,0,0,UP,1819784315572,"N"
264507,68,32,0,0,DOWN,1819832524072,"D"
264507,70,33,0,0,DOWN,1819928575072,"F"
264507,68,32,0,0,UP,1819944501672,"D"
264507,70,33,0,0,UP,1820008517072,"F"
264507,72,35,0,0,DOWN,1820024732772,"H"
264507,66,48,0,0,DOWN,1820128564972,"B"
264507,72,35,0,0,UP,1820144713172,"H"
264507,85,22,0,0,DOWN,1820224574872,"U"
264507,66,48,0,0,UP,1820248543872,"B"
264507,82,19,0,0,DOWN,1820328559772,"R"
264507,85,22,0,0,UP,1820336665972,"U"
264507,71,34,0,0,DOWN,1820424536872,"G"
264507,82,19,0,0,UP,1820440510672,"R"
264507,69,18,0,0,DOWN,1820528624472,"E"
264507,71,34,0,0,UP,1820536497172,"G"
264507,69,18,0,0,UP,1820624566572,"E"
264507,78,49,0,0,DOWN,1820625617472,"N"
264507,78,49,0,0,UP,1820688362572,"N"
264507,76,38,0,0,DOWN,1820728674072,"L"
264507,76,38,0,0,UP,1820784463572,"L"
264507,65,30,0,0,DOWN,1820824530472,"A"
264507,65,30,0,0,UP,1820864722172,"A"
264507,78,49,0,0,DOWN,1820928654272,"N"
264507,78,49,0,0,UP,1820984547872,"N"
264507,68,32,0,0,DOWN,1821024361672,"D"
264507,70,33,0,0,DOWN,1821128552472,"F"
264507,68,32,0,0,UP,1821136664972,"D"
264507,70,33,0,0,UP,1821200531372,"F"
264507,72,35,0,0,DOWN,1821224251772,"H"
264507,72,35,0,0,UP,1821328584972,"H"
264507,66,48,0,0,DOWN,1821329454672,"B"
264507,85,22,0,0,DOWN,1821424510772,"U"
264507,66,48,0,0,UP,1821448514072,"B"
264507,82,19,0,0,DOWN,1821520303172,"R"
264507,85,22,0,0,UP,1821536615272,"U"
264507,71,34,0,0,DOWN,1821624532572,"G"
264507,82,19,0,0,UP,1821640680172,"R"
264507,71,34,0,0,UP,1821728575672,"G"
264507,69,18,0,0,DOWN,1821729490672,"E"
264507,69,18,0,0,UP,1821824570472,"E"
264507,78,49,0,0,DOWN,1821825511672,"N"
264507,78,49,0,0,UP,1821888610372,"N"
264507,76,38,0,0,DOWN,1821928622172,"L"
264507,76,38,0,0,UP,1821984445172,"L"
264507,65,30,0,0,DOWN,1822024607372,"A"
264507,65,30,0,0,UP,1822072569772,"A"
264507,78,49,0,0,DOWN,1822128496472,"N"
264507,78,49,0,0,UP,1822192705672,"N"
264507,68,32,0,0,DOWN,1822224274272,"D"
264507,70,33,0,0,DOWN,1822328544672,"F"
264507,68,32,0,0,UP,1822336458172,"D"
264507,70,33,0,0,UP,1822408581372,"F"
264507,72,35,0,0,DOWN,1822424714072,"H"
264507,66,48,0,0,DOWN,1822528592972,"B"
264507,72,35,0,0,UP,1822536747472,"H"
264507,85,22,0,0,DOWN,1822624562572,"U"
264507,66,48,0,0,UP,1822648554272,"B"
264507,82,19,0,0,DOWN,1822728574572,"R"
264507,85,22,0,0,UP,1822736400672,"U"
264507,71,34,0,0,DOWN,1822824594572,"G"
264507,82,19,0,0,UP,1822848575872,"R"
264507,69,18,0,0,DOWN,1822928258272,"E"
264507,71,34,0,0,UP,1822936440672,"G"
264507,78,49,0,0,DOWN,1823024495372,"N"
264507,69,18,0,0,UP,1823032294872,"E"
264507,78,49,0,0,UP,1823088594472,"N"
264507,76,38,0,0,DOWN,1823128713972,"L"
264507,76,38,0,0,UP,1823184543972,"L"
264507,65,30,0,0,DOWN,1823224573672,"A"
264507,65,30,0,0,UP,1823264660372,"A"
264507,78,49,0,0,DOWN,1823328621672,"N"
264507,78,49,0,0,UP,1823384581672,"N"
264507,68,32,0,0,DOWN,1823432520072,"D"
264507,70,33,0,0,DOWN,1823528591672,"F"
264507,68,32,0,0,UP,1823544604172,"D"
264507,70,33,0,0,UP,1823600577772,"F"
264507,72,35,0,0,DOWN,1823624296072,"H"
264507,72,35,0,0,UP,1823728594372,"H"
264507,66,48,0,0,DOWN,1823729324472,"B"
264507,85,22,0,0,DOWN,1823824607072,"U"
264507,66,48,0,0,UP,1823840633372,"B"
264507,82,19,0,0,DOWN,1823928631572,"R"
264507,85,22,0,0,UP,1823936572872,"U"
264507,71,34,0,0,DOWN,1824024572672,"G"
264507,82,19,0,0,UP,1824048556872,"R"
264507,69,18,0,0,DOWN,1824128631672,"E"
264507,71,34,0,0,UP,1824136317072,"G"
264507,69,18,0,0,UP,1824224595772,"E"
264507,78,49,0,0,DOWN,1824225646672,"N"
264507,78,49,0,0,UP,1824288668972,"N"
264507,76,38,0,0,DOWN,1824328618872,"L"
264507,76,38,0,0,UP,1824384595472,"L"
264507,65,30,0,0,DOWN,1824424623572,"A"
264507,65,30,0,0,UP,1824472536072,"A"
264507,78,49,0,0,DOWN,1824528590072,"N"
264507,78,49,0,0,UP,1824584518472,"N"
264507,68,32,0,0,DOWN,1824624637772,"D"
264507,70,33,0,0,DOWN,1824728576372,"F"
264507,68,32,0,0,UP,1824736630772,"D"
264507,70,33,0,0,UP,1824800483972,"F"
264507,72,35,0,0,DOWN,1824824519072,"H"
264507,66,48,0,0,DOWN,1824928604772,"B"
264507,72,35,0,0,UP,1824936510272,"H"
264507,85,22,0,0,DOWN,1825024593572,"U"
264507,66,48,0,0,UP,1825048643672,"B"
264507,82,19,0,0,DOWN,1825128649272,"R"
264507,85,22,0,0,UP,1825136538372,"U"
264507,71,34,0,0,DOWN,1825224595172,"G"
264507,82,19,0,0,UP,1825240580172,"R"
264507,69,18,0,0,DOWN,1825328604572,"E"
264507,71,34,0,0,UP,1825336600072,"G"
264507,78,49,0,0,DOWN,1825424760772,"N"
264507,69,18,0,0,UP,1825432390372,"E"
264507,78,49,0,0,UP,1825488349572,"N"
264507,76,38,0,0,DOWN,1825528595372,"L"
264507,76,38,0,0,UP,1825584567872,"L"
264507,65,30,0,0,DOWN,1825624675472,"A"
264507,65,30,0,0,UP,1825664581472,"A"
264507,78,49,0,0,DOWN,1825728480472,"N"
264507,78,49,0,0,UP,1825792603072,"N"
264507,68,32,0,0,DOWN,1825832560372,"D"
264507,70,33,0,0,DOWN,1825920624872,"F"
264507,68,32,0,0,UP,1825936610372,"D"
264507,70,33,0,0,UP,1826000572772,"F"
264507,72,35,0,0,DOWN,1826024636872,"H"
264507,66,48,0,0,DOWN,1826128319472,"B"
264507,72,35,0,0,UP,1826138120872,"H"
264507,85,22,0,0,DOWN,1826224622272,"U"
264507,66,48,0,0,UP,1826248613672,"B"
264507,82,19,0,0,DOWN,1826328640372,"R"
264507,85,22,0,0,UP,1826336677772,"U"
264507,71,34,0,0,DOWN,1826424623972,"G"
264507,82,19,0,0,UP,1826448576772,"R"
264507,71,34,0,0,UP,1826528673972,"G"
264507,69,18,0,0,DOWN,1826529800072,"E"
264507,69,18,0,0,UP,1826624662172,"E"
264507,78,49,0,0,DOWN,1826625378672,"N"
264507,78,49,0,0,UP,1826688341472,"N"
264507,76,38,0,0,DOWN,1826728579072,"L"
264507,76,38,0,0,UP,1826784545872,"L"
264507,65,30,0,0,DOWN,1826824590972,"A"
264507,65,30,0,0,UP,1826872267572,"A"
264507,78,49,0,0,DOWN,1826928608772,"N"
264507,78,49,0,0,UP,1826984389972,"N"
264507,68,32,0,0,DOWN,1827024579572,"D"
264507,70,33,0,0,DOWN,1827128581072,"F"
264507,68,32,0,0,UP,1827136543772,"D"
264507,70,33,0,0,UP,1827200318772,"F"
264507,72,35,0,0,DOWN,1827224603472,"H"
264507,66,48,0,0,DOWN,1827328653472,"B"
264507,72,35,0,0,UP,1827336546672,"H"
264507,85,22,0,0,DOWN,1827424572172,"U"
264507,66,48,0,0,UP,1827448516072,"B"
264507,82,19,0,0,DOWN,1827528621172,"R"
264507,85,22,0,0,UP,1827536547472,"U"
264507,71,34,0,0,DOWN,1827624721772,"G"
264507,82,19,0,0,UP,1827648558972,"R"
264507,69,18,0,0,DOWN,1827728574772,"E"
264507,71,34,0,0,UP,1827736615172,"G"
264507,69,18,0,0,UP,1827824572472,"E"
264507,78,49,0,0,DOWN,1827825473872,"N"
264507,78,49,0,0,UP,1827888532272,"N"
264507,76,38,0,0,DOWN,1827920570372,"L"
264507,76,38,0,0,UP,1827984612172,"L"
264507,65,30,0,0,DOWN,1828024621072,"A"
264507,65,30,0,0,UP,1828072863172,"A"
264507,78,49,0,0,DOWN,1828120614172,"N"
264507,78,49,0,0,UP,1828184577772,"N"
264507,68,32,0,0,DOWN,1828232759472,"D"
264507,70,33,0,0,DOWN,1828328651272,"F"
264507,68,32,0,0,UP,1828336777172,"D"
264507,70,33,0,0,UP,1828408643772,"F"
264507,72,35,0,0,DOWN,1828424642372,"H"
264507,66,48,0,0,DOWN,1828528631472,"B"
264507,72,35,0,0,UP,1828536638272,"H"
264507,85,22,0,0,DOWN,1828624605172,"U"
264507,66,48,0,0,UP,1828648598172,"B"
264507,82,19,0,0,DOWN,1828728567972,"R"
264507,85,22,0,0,UP,1828744684672,"U"
264507,71,34,0,0,DOWN,1828824646072,"G"
264507,82,19,0,0,UP,1828848604172,"R"
264507,69,18,0,0,DOWN,1828928574772,"E"
264507,71,34,0,0,UP,1828944581172,"G"
264507,69,18,0,0,UP,1829024400772,"E"
264507,78,49,0,0,DOWN,1829025121072,"N"
264507,78,49,0,0,UP,1829088515172,"N"
264507,76,38,0,0,DOWN,1829128632272,"L"
264507,76,38,0,0,UP,1829192599472,"L"
264507,65,30,0,0,DOWN,1829224558272,"A"
264507,65,30,0,0,UP,1829272618272,"A"
264507,78,49,0,0,DOWN,1829328656872,"N"
264507,78,49,0,0,UP,1829384586272,"N"
264507,68,32,0,0,DOWN,1829424362672,"D"
264507,70,33,0,0,DOWN,1829528639972,"F"
264507,68,32,0,0,UP,1829536567872,"D"
264507,70,33,0,0,UP,1829600541372,"F"
264507,72,35,0,0,DOWN,1829624471772,"H"
264507,66,48,0,0,DOWN,1829728720272,"B"
264507,72,35,0,0,UP,1829736198672,"H"
264507,85,22,0,0,DOWN,1829824375672,"U"
264507,66,48,0,0,UP,1829848749372,"B"
264507,82,19,0,0,DOWN,1829928566272,"R"
264507,85,22,0,0,UP,1829936642072,"U"
264507,71,34,0,0,DOWN,1830032501472,"G"
264507,82,19,0,0,UP,1830040747072,"R"
264507,69,18,0,0,DOWN,1830128548172,"E"
264507,71,34,0,0,UP,1830136592072,"G"
264507,78,49,0,0,DOWN,1830224369172,"N"
264507,69,18,0,0,UP,1830232605172,"E"
264507,78,49,0,0,UP,1830280603672,"N"
264507,76,38,0,0,DOWN,1830320679072,"L"
264507,76,38,0,0,UP,1830392581372,"L"
264507,65,30,0,0,DOWN,1830424458472,"A"
264507,65,30,0,0,UP,1830472663772,"A"
264507,78,49,0,0,DOWN,1830528675372,"N"
264507,78,49,0,0,UP,1830584620572,"N"
264507,68,32,0,0,DOWN,1830632653772,"D"
264507,70,33,0,0,DOWN,1830728495372,"F"
264507,68,32,0,0,UP,1830736599172,"D"
264507,70,33,0,0,UP,1830808463672,"F"
264507,72,35,0,0,DOWN,1830824652372,"H"
264507,66,48,0,0,DOWN,1830928654972,"B"
264507,72,35,0,0,UP,1830936571072,"H"
264507,85,22,0,0,DOWN,1831024770272,"U"
264507,66,48,0,0,UP,1831048619372,"B"
264507,82,19,0,0,DOWN,1831128694172,"R"
264507,85,22,0,0,UP,1831136514972,"U"
264507,71,34,0,0,DOWN,1831224753072,"G"
264507,82,19,0,0,UP,1831240605172,"R"
264507,69,18,0,0,DOWN,1831328579372,"E"
264507,71,34,0,0,UP,1831336682672,"G"
264507,69,18,0,0,UP,1831424662972,"E"
264507,78,49,0,0,DOWN,1831425314572,"N"
264507,78,49,0,0,UP,1831488561372,"N"
264507,76,38,0,0,DOWN,1831528722472,"L"
264507,76,38,0,0,UP,1831584282372,"L"
264507,65,30,0,0,DOWN,1831624693772,"A"
264507,65,30,0,0,UP,1831664602272,"A"
264507,78,49,0,0,DOWN,1831729362972,"N"
264507,78,49,0,0,UP,1831784582172,"N"
264507,68,32,0,0,DOWN,1831824570372,"D"
264507,70,33,0,0,DOWN,1831928715572,"F"
264507,68,32,0,0,UP,1831936681872,"D"
264507,70,33,0,0,UP,1832000591072,"F"
264507,72,35,0,0,DOWN,1832024740272,"H"
264507,66,48,0,0,DOWN,1832128682372,"B"
264507,72,35,0,0,UP,1832136381572,"H"
264507,85,22,0,0,DOWN,1832232666472,"U"
264507,66,48,0,0,UP,1832240643872,"B"
264507,82,19,0,0,DOWN,1832328677372,"R"
264507,85,22,0,0,UP,1832336620072,"U"
264507,71,34,0,0,DOWN,1832432669172,"G"
264507,82,19,0,0,UP,1832440642872,"R"
264507,69,18,0,0,DOWN,1832528671772,"E"
264507,71,34,0,0,UP,1832536404372,"G"
264507,78,49,0,0,DOWN,1832624677272,"N"
264507,69,18,0,0,UP,1832632761972,"E"
264507,78,49,0,0,UP,1832688647272,"N"
264507,76,38,0,0,DOWN,1832728565772,"L"
264507,76,38,0,0,UP,1832792756372,"L"
264507,65,30,0,0,DOWN,1832824690672,"A"
264507,65,30,0,0,UP,1832872626272,"A"
264507,78,49,0,0,DOWN,1832928562772,"N"
264507,78,49,0,0,UP,1832984623072,"N"
264507,68,32,0,0,DOWN,1833032627372,"D"
264507,70,33,0,0,DOWN,1833128612172,"F"
264507,68,32,0,0,UP,1833136628472,"D"
264507,70,33,0,0,UP,1833208516472,"F"
264507,72,35,0,0,DOWN,1833224643672,"H"
264507,66,48,0,0,DOWN,1833328727972,"B"
264507,72,35,0,0,UP,1833336682172,"H"
264507,85,22,0,0,DOWN,1833424651272,"U"
264507,66,48,0,0,UP,1833448666072,"B"
264507,82,19,0,0,DOWN,1833528665572,"R"
264507,85,22,0,0,UP,1833536551372,"U"
264507,71,34,0,0,DOWN,1833624692072,"G"
264507,82,19,0,0,UP,1833648665272,"R"
264507,69,18,0,0,DOWN,1833728504472,"E"
264507,71,34,0,0,UP,1833736574872,"G"
264507,69,18,0,0,UP,1833824688072,"E"
264507,78,49,0,0,DOWN,1833825683772,"N"
264507,78,49,0,0,UP,1833888668672,"N"
264507,76,38,0,0,DOWN,1833928668472,"L"
264507,76,38,0,0,UP,1833984665872,"L"
264507,65,30,0,0,DOWN,1834024643772,"A"
264507,65,30,0,0,UP,1834064630572,"A"
264507,78,49,0,0,DOWN,1834128675172,"N"
264507,78,49,0,0,UP,1834184639372,"N"
264507,68,32,0,0,DOWN,1834224680272,"D"
264507,70,33,0,0,DOWN,1834328658272,"F"
264507,68,32,0,0,UP,1834336551672,"D"
264507,70,33,0,0,UP,1834400615672,"F"
264507,72,35,0,0,DOWN,1834432734072,"H"
264507,66,48,0,0,DOWN,1834528628972,"B"
264507,72,35,0,0,UP,1834536730772,"H"
264507,85,22,0,0,DOWN,1834624688772,"U"
264507,66,48,0,0,UP,1834648709572,"B"
264507,82,19,0,0,DOWN,1834728424172,"R"
264507,85,22,0,0,UP,1834736575272,"U"
264507,71,34,0,0,DOWN,1834824683472,"G"
264507,82,19,0,0,UP,1834848633072,"R"
264507,69,18,0,0,DOWN,1834928664672,"E"
264507,71,34,0,0,UP,1834936614172,"G"
264507,78,49,0,0,DOWN,1835024341872,"N"
264507,69,18,0,0,UP,1835032607572,"E"
264507,78,49,0,0,UP,1835088677672,"N"
264507,76,38,0,0,DOWN,1835128451272,"L"
264507,76,38,0,0,UP,1835184679672,"L"
264507,65,30,0,0,DOWN,1835224685272,"A"
264507,65,30,0,0,UP,1835272623972,"A"
264507,78,49,0,0,DOWN,1835328447472,"N"
264507,78,49,0,0,UP,1835384600972,"N"
264507,68,32,0,0,DOWN,1835424626272,"D"
264507,70,33,0,0,DOWN,1835528457572,"F"
264507,68,32,0,0,UP,1835536723972,"D"
264507,70,33,0,0,UP,1835608605472,"F"
264507,72,35,0,0,DOWN,1835624747172,"H"
264507,66,48,0,0,DOWN,1835728464072,"B"
264507,72,35,0,0,UP,1835736602072,"H"
264507,85,22,0,0,DOWN,1835824583672,"U"
264507,66,48,0,0,UP,1835848545472,"B"
264507,82,19,0,0,DOWN,1835928456772,"R"
264507,85,22,0,0,UP,1835936456272,"U"
264507,71,34,0,0,DOWN,1836024856072,"G"
264507,82,19,0,0,UP,1836048605272,"R"
264507,71,34,0,0,UP,1836128434872,"G"
264507,69,18,0,0,DOWN,1836129404872,"E"
264507,69,18,0,0,UP,1836224695572,"E"
264507,78,49,0,0,DOWN,1836232554672,"N"
264507,78,49,0,0,UP,1836288671072,"N"
264507,76,38,0,0,DOWN,1836328543572,"L"
264507,76,38,0,0,UP,1836384629672,"L"
264507,65,30,0,0,DOWN,1836424708472,"A"
264507,65,30,0,0,UP,1836464579272,"A"
264507,78,49,0,0,DOWN,1836528504372,"N"
264507,78,49,0,0,UP,1836584641672,"N"
264507,68,32,0,0,DOWN,1836632583872,"D"
264507,70,33,0,0,DOWN,1836728696172,"F"
264507,68,32,0,0,UP,1836736600472,"D"
264507,70,33,0,0,UP,1836800688172,"F"
264507,72,35,0,0,DOWN,1836824857172,"H"
264507,66,48,0,0,DOWN,1836928741072,"B"
264507,72,35,0,0,UP,1836936662372,"H"
264507,85,22,0,0,DOWN,1837024539072,"U"
264507,66,48,0,0,UP,1837048911472,"B"
264507,82,19,0,0,DOWN,1837128804472,"R"
264507,85,22,0,0,UP,1837136683572,"U"
264507,71,34,0,0,DOWN,1837224802972,"G"
264507,82,19,0,0,UP,1837249019272,"R"
264507,69,18,0,0,DOWN,1837328741872,"E"
264507,71,34,0,0,UP,1837344639972,"G"
264507,69,18,0,0,UP,1837424702772,"E"
264507,78,49,0,0,DOWN,1837425499372,"N"
264507,78,49,0,0,UP,1837488687172,"N"
264507,76,38,0,0,DOWN,1837528814372,"L"
264507,76,38,0,0,UP,1837592665572,"L"
264507,65,30,0,0,DOWN,1837624738972,"A"
264507,65,30,0,0,UP,1837672639772,"A"
264507,78,49,0,0,DOWN,1837728668172,"N"
264507,78,49,0,0,UP,1837792647272,"N"
264507,68,32,0,0,DOWN,1837824730572,"D"
264507,70,33,0,0,DOWN,1837928353472,"F"
264507,68,32,0,0,UP,1837944345172,"D"
264507,70,33,0,0,UP,1838000622072,"F"
264507,72,35,0,0,DOWN,1838024783072,"H"
264507,66,48,0,0,DOWN,1838128731772,"B"
264507,72,35,0,0,UP,1838136495872,"H"
264507,85,22,0,0,DOWN,1838224831572,"U"
264507,66,48,0,0,UP,1838248419372,"B"
264507,82,19,0,0,DOWN,1838328648272,"R"
264507,85,22,0,0,UP,1838336662172,"U"
264507,71,34,0,0,DOWN,1838424803272,"G"
264507,82,19,0,0,UP,1838448581072,"R"
264507,69,18,0,0,DOWN,1838528668072,"E"
264507,71,34,0,0,UP,1838536611472,"G"
264507,69,18,0,0,UP,1838625099472,"E"
264507,78,49,0,0,DOWN,1838626013972,"N"
264507,78,49,0,0,UP,1838688393772,"N"
264507,76,38,0,0,DOWN,1838721162672,"L"
264507,76,38,0,0,UP,1838792696972,"L"
264507,65,30,0,0,DOWN,1838824690772,"A"
264507,65,30,0,0,UP,1838872686572,"A"
264507,78,49,0,0,DOWN,1838920693972,"N"
264507,78,49,0,0,UP,1838976698272,"N"
264507,68,32,0,0,DOWN,1839032763972,"D"
264507,70,33,0,0,DOWN,1839128726472,"F"
264507,68,32,0,0,UP,1839136671572,"D"
264507,70,33,0,0,UP,1839208521972,"F"
264507,72,35,0,0,DOWN,1839224761072,"H"
264507,66,48,0,0,DOWN,1839328773572,"B"
264507,72,35,0,0,UP,1839336740872,"H"
264507,85,22,0,0,DOWN,1839424463472,"U"
264507,66,48,0,0,UP,1839448616672,"B"
264507,82,19,0,0,DOWN,1839528664072,"R"
264507,85,22,0,0,UP,1839536654672,"U"
264507,71,34,0,0,DOWN,1839624755072,"G"
264507,82,19,0,0,UP,1839648709172,"R"
264507,69,18,0,0,DOWN,1839728731672,"E"
264507,71,34,0,0,UP,1839736656772,"G"
264507,69,18,0,0,UP,1839824698172,"E"
264507,78,49,0,0,DOWN,1839825476872,"N"
264507,78,49,0,0,UP,1839888764972,"N"
264507,76,38,0,0,DOWN,1839928594072,"L"
264507,76,38,0,0,UP,1839984578272,"L"
264507,65,30,0,0,DOWN,1840024748172,"A"
264507,65,30,0,0,UP,1840064606872,"A"
264507,78,49,0,0,DOWN,1840128708972,"N"
264507,78,49,0,0,UP,1840192728772,"N"
264507,68,32,0,0,DOWN,1840224774572,"D"
264507,70,33,0,0,DOWN,1840328701972,"F"
264507,68,32,0,0,UP,1840344610072,"D"
264507,70,33,0,0,UP,1840400842372,"F"
264507,72,35,0,0,DOWN,1840424840772,"H"
264507,66,48,0,0,DOWN,1840528729472,"B"
264507,72,35,0,0,UP,1840536666072,"H"
264507,85,22,0,0,DOWN,1840624700672,"U"
264507,66,48,0,0,UP,1840648441372,"B"
264507,82,19,0,0,DOWN,1840728484772,"R"
264507,85,22,0,0,UP,1840736706772,"U"
264507,71,34,0,0,DOWN,1840824680772,"G"
264507,82,19,0,0,UP,1840848545372,"R"
264507,69,18,0,0,DOWN,1840928660772,"E"
264507,71,34,0,0,UP,1840936318472,"G"
264507,78,49,0,0,DOWN,1841032485472,"N"
264507,69,18,0,0,UP,1841040812372,"E"
264507,78,49,0,0,UP,1841080675672,"N"
264507,76,38,0,0,DOWN,1841120566272,"L"
264507,76,38,0,0,UP,1841184638472,"L"
264507,65,30,0,0,DOWN,1841224734472,"A"
264507,65,30,0,0,UP,1841272827872,"A"
264507,78,49,0,0,DOWN,1841320758972,"N"
264507,78,49,0,0,UP,1841384504072,"N"
264507,68,32,0,0,DOWN,1841432526572,"D"
264507,70,33,0,0,DOWN,1841528759272,"F"
264507,68,32,0,0,UP,1841536663172,"D"
264507,70,33,0,0,UP,1841608663272,"F"
264507,72,35,0,0,DOWN,1841624764372,"H"
264507,66,48,0,0,DOWN,1841728766572,"B"
264507,72,35,0,0,UP,1841736793072,"H"
264507,85,22,0,0,DOWN,1841824739372,"U"
264507,66,48,0,0,UP,1841848518672,"B"
264507,82,19,0,0,DOWN,1841928756272,"R"
264507,85,22,0,0,UP,1841936800372,"U"
264507,71,34,0,0,DOWN,1842024680072,"G"
264507,82,19,0,0,UP,1842048861772,"R"
264507,69,18,0,0,DOWN,1842128780472,"E"
264507,71,34,0,0,UP,1842136682472,"G"
264507,69,18,0,0,UP,1842224854572,"E"
264507,78,49,0,0,DOWN,1842225913972,"N"
264507,78,49,0,0,UP,1842288749172,"N"
264507,76,38,0,0,DOWN,1842328761972,"L"
264507,76,38,0,0,UP,1842384685072,"L"
264507,65,30,0,0,DOWN,1842424729572,"A"
264507,65,30,0,0,UP,1842464761472,"A"
264507,78,49,0,0,DOWN,1842528705972,"N"
264507,78,49,0,0,UP,1842584663872,"N"
264507,68,32,0,0,DOWN,1842624816272,"D"
264507,70,33,0,0,DOWN,1842728800672,"F"
264507,68,32,0,0,UP,1842744858172,"D"
264507,70,33,0,0,UP,1842800614272,"F"
264507,72,35,0,0,DOWN,1842824674272,"H"
264507,66,48,0,0,DOWN,1842928797272,"B"
264507,72,35,0,0,UP,1842936650572,"H"
264507,85,22,0,0,DOWN,1843024720172,"U"
264507,66,48,0,0,UP,1843048729972,"B"
264507,82,19,0,0,DOWN,1843128731872,"R"
264507,85,22,0,0,UP,1843136696272,"U"
264507,71,34,0,0,DOWN,1843232803172,"G"
264507,82,19,0,0,UP,1843248894172,"R"
264507,69,18,0,0,DOWN,1843328499972,"E"
264507,71,34,0,0,UP,1843336675072,"G"
264507,78,49,0,0,DOWN,1843424788672,"N"
264507,69,18,0,0,UP,1843432667372,"E"
264507,78,49,0,0,UP,1843488732572,"N"
264507,76,38,0,0,DOWN,1843520717472,"L"
264507,76,38,0,0,UP,1843592496672,"L"
264507,65,30,0,0,DOWN,1843624707872,"A"
264507,65,30,0,0,UP,1843672792772,"A"
264507,78,49,0,0,DOWN,1843728713772,"N"
264507,78,49,0,0,UP,1843792850172,"N"
264507,68,32,0,0,DOWN,1843832763572,"D"
264507,70,33,0,0,DOWN,1843928699172,"F"
264507,68,32,0,0,UP,1843936670872,"D"
264507,70,33,0,0,UP,1844008746572,"F"
264507,72,35,0,0,DOWN,1844024950872,"H"
264507,66,48,0,0,DOWN,1844128692472,"B"
264507,72,35,0,0,UP,1844136725372,"H"
264507,85,22,0,0,DOWN,1844224931072,"U"
264507,66,48,0,0,UP,1844248776772,"B"
264507,82,19,0,0,DOWN,1844328799072,"R"
264507,85,22,0,0,UP,1844336722972,"U"
264507,71,34,0,0,DOWN,1844424730172,"G"
264507,82,19,0,0,UP,1844448693772,"R"
264507,69,18,0,0,DOWN,1844528687172,"E"
264507,71,34,0,0,UP,1844536715772,"G"
264507,69,18,0,0,UP,1844624764972,"E"
264507,78,49,0,0,DOWN,1844625659672,"N"
264507,78,49,0,0,UP,14256401,"N"
264507,76,38,0,0,DOWN,54564801,"L"
264507,76,38,0,0,UP,110087701,"L"
264507,65,30,0,0,DOWN,150294101,"A"
264507,65,30,0,0,UP,190258701,"A"
264507,78,49,0,0,DOWN,254415601,"N"
264507,78,49,0,0,UP,318296501,"N"
264507,68,32,0,0,DOWN,350309801,"D"
264507,70,33,0,0,DOWN,454392801,"F"
264507,68,32,0,0,UP,462342101,"D"
264507,70,33,0,0,UP,526455701,"F"
264507,72,35,0,0,DOWN,558091201,"H"
264507,66,48,0,0,DOWN,654494301,"B"
264507,72,35,0,0,UP,662320201,"H"
264507,85,22,0,0,DOWN,758396801,"U"
264507,66,48,0,0,UP,774343701,"B"
264507,82,19,0,0,DOWN,846339001,"R"
264507,85,22,0,0,UP,862257801,"U"
264507,71,34,0,0,DOWN,950340501,"G"
264507,82,19,0,0,UP,974297101,"R"
264507,69,18,0,0,DOWN,1054383701,"E"
264507,71,34,0,0,UP,1062204101,"G"
264507,78,49,0,0,DOWN,1150446801,"N"
264507,69,18,0,0,UP,1158302401,"E"
264507,78,49,0,0,UP,1214373901,"N"
264507,76,38,0,0,DOWN,1254377801,"L"
264507,76,38,0,0,UP,1310342401,"L"
264507,65,30,0,0,DOWN,1350373601,"A"
264507,65,30,0,0,UP,1398294001,"A"
264507,78,49,0,0,DOWN,1454334601,"N"
264507,78,49,0,0,UP,1518472001,"N"
264507,68,32,0,0,DOWN,1550428901,"D"
264507,70,33,0,0,DOWN,1654539601,"F"
264507,68,32,0,0,UP,1662368901,"D"
264507,70,33,0,0,UP,1726350201,"F"
264507,72,35,0,0,DOWN,1750170701,"H"
264507,66,48,0,0,DOWN,1854343601,"B"
264507,72,35,0,0,UP,1862344601,"H"
264507,85,22,0,0,DOWN,1950340001,"U"
264507,66,48,0,0,UP,1974500601,"B"
264507,82,19,0,0,DOWN,2054333701,"R"
264507,85,22,0,0,UP,2062306601,"U"
264507,71,34,0,0,DOWN,2150390801,"G"
264507,82,19,0,0,UP,2166318001,"R"
264507,69,18,0,0,DOWN,2254398701,"E"
264507,71,34,0,0,UP,2262405801,"G"
264507,69,18,0,0,UP,2350363701,"E"
264507,78,49,0,0,DOWN,2358369101,"N"
264507,78,49,0,0,UP,2422394401,"N"
264507,76,38,0,0,DOWN,2454188101,"L"
264507,76,38,0,0,UP,2510307101,"L"
264507,65,30,0,0,DOWN,2550540101,"A"
264507,65,30,0,0,UP,2590307901,"A"
264507,78,49,0,0,DOWN,2654360901,"N"
264507,78,49,0,0,UP,2718557101,"N"
264507,68,32,0,0,DOWN,2758409001,"D"
264507,70,33,0,0,DOWN,2854334701,"F"
264507,68,32,0,0,UP,2862082501,"D"
264507,70,33,0,0,UP,2926342401,"F"
264507,72,35,0,0,DOWN,2958407501,"H"
264507,66,48,0,0,DOWN,3054399501,"B"
264507,72,35,0,0,UP,3062199501,"H"
264507,85,22,0,0,DOWN,3150552801,"U"
264507,66,48,0,0,UP,3174590301,"B"
264507,82,19,0,0,DOWN,3254155601,"R"
264507,85,22,0,0,UP,3272262501,"U"
264507,71,34,0,0,DOWN,3350437101,"G"
264507,82,19,0,0,UP,3374600501,"R"
264507,69,18,0,0,DOWN,3454422601,"E"
264507,71,34,0,0,UP,3462322001,"G"
264507,78,49,0,0,DOWN,3550318801,"N"
264507,69,18,0,0,UP,3558326201,"E"
264507,78,49,0,0,UP,3622143801,"N"
264507,76,38,0,0,DOWN,3654451001,"L"
264507,76,38,0,0,UP,3710329601,"L"
264507,65,30,0,0,DOWN,3750534701,"A"
264507,65,30,0,0,UP,3798655001,"A"
264507,78,49,0,0,DOWN,3854354301,"N"
264507,78,49,0,0,UP,3918767701,"N"
264507,68,32,0,0,DOWN,3950321001,"D"
264507,70,33,0,0,DOWN,4054741201,"F"
264507,68,32,0,0,UP,4070360901,"D"
264507,70,33,0,0,UP,4134242201,"F"
264507,72,35,0,0,DOWN,4150407801,"H"
264507,66,48,0,0,DOWN,4254428501,"B"
264507,72,35,0,0,UP,4262421101,"H"
264507,85,22,0,0,DOWN,4350382001,"U"
264507,66,48,0,0,UP,4374523801,"B"
264507,82,19,0,0,DOWN,4454506701,"R"
264507,85,22,0,0,UP,4462319201,"U"
264507,71,34,0,0,DOWN,4550484101,"G"
264507,82,19,0,0,UP,4574530801,"R"
264507,69,18,0,0,DOWN,4654385601,"E"
264507,71,34,0,0,UP,4662073501,"G"
264507,69,18,0,0,UP,4750329401,"E"
264507,78,49,0,0,DOWN,4751124001,"N"
264507,78,49,0,0,UP,4822360801,"N"
264507,76,38,0,0,DOWN,4854369301,"L"
264507,76,38,0,0,UP,4910323601,"L"
264507,65,30,0,0,DOWN,4950440501,"A"
264507,65,30,0,0,UP,4998383901,"A"
264507,78,49,0,0,DOWN,5054460601,"N"
264507,78,49,0,0,UP,5118397101,"N"
264507,68,32,0,0,DOWN,5158426901,"D"
264507,70,33,0,0,DOWN,5254343901,"F"
264507,68,32,0,0,UP,5270372301,"D"
264507,70,33,0,0,UP,5326401701,"F"
264507,72,35,0,0,DOWN,5350347501,"H"
264507,66,48,0,0,DOWN,5454350901,"B"
264507,72,35,0,0,UP,5462353301,"H"
264507,85,22,0,0,DOWN,5550418501,"U"
264507,66,48,0,0,UP,5574348401,"B"
264507,82,19,0,0,DOWN,5654421001,"R"
264507,85,22,0,0,UP,5662097401,"U"
264507,71,34,0,0,DOWN,5750406901,"G"
264507,82,19,0,0,UP,5774523001,"R"
264507,69,18,0,0,DOWN,5854351201,"E"
264507,71,34,0,0,UP,5862403701,"G"
264507,78,49,0,0,DOWN,5950402801,"N"
264507,69,18,0,0,UP,5958270201,"E"
264507,78,49,0,0,UP,6022500201,"N"
264507,76,38,0,0,DOWN,6054299101,"L"
264507,76,38,0,0,UP,6118358301,"L"
264507,65,30,0,0,DOWN,6150291801,"A"
264507,65,30,0,0,UP,6198290401,"A"
264507,78,49,0,0,DOWN,6254437001,"N"
264507,78,49,0,0,UP,6318408901,"N"
264507,68,32,0,0,DOWN,6350408601,"D"
264507,70,33,0,0,DOWN,6454395201,"F"
264507,68,32,0,0,UP,6462395701,"D"
264507,70,33,0,0,UP,6526396901,"F"
264507,72,35,0,0,DOWN,6550258601,"H"
264507,66,48,0,0,DOWN,6654482301,"B"
264507,72,35,0,0,UP,6662346001,"H"
264507,85,22,0,0,DOWN,6750450501,"U"
264507,66,48,0,0,UP,6774731601,"B"
264507,82,19,0,0,DOWN,6854506501,"R"
264507,85,22,0,0,UP,6862168001,"U"
264507,71,34,0,0,DOWN,6950444101,"G"
264507,82,19,0,0,UP,6974382301,"R"
264507,69,18,0,0,DOWN,7054416401,"E"
264507,71,34,0,0,UP,7062366601,"G"
264507,69,18,0,0,UP,7150603901,"E"
264507,78,49,0,0,DOWN,7151335001,"N"
264507,78,49,0,0,UP,7222414401,"N"
264507,76,38,0,0,DOWN,7254376201,"L"
264507,76,38,0,0,UP,7318361401,"L"
264507,65,30,0,0,DOWN,7350240701,"A"
264507,65,30,0,0,UP,7398437501,"A"
264507,78,49,0,0,DOWN,7454525901,"N"
264507,78,49,0,0,UP,7518317501,"N"
264507,68,32,0,0,DOWN,7558370301,"D"
264507,70,33,0,0,DOWN,7654360501,"F"
264507,68,32,0,0,UP,7662441901,"D"
264507,70,33,0,0,UP,7726425101,"F"
264507,72,35,0,0,DOWN,7750398501,"H"
264507,66,48,0,0,DOWN,7854461001,"B"
264507,72,35,0,0,UP,7862446201,"H"
264507,85,22,0,0,DOWN,7950402201,"U"
264507,66,48,0,0,UP,7974384101,"B"
264507,82,19,0,0,DOWN,8054400101,"R"
264507,85,22,0,0,UP,8062376801,"U"
264507,71,34,0,0,DOWN,8150493201,"G"
264507,82,19,0,0,UP,8174399301,"R"
264507,69,18,0,0,DOWN,8254072401,"E"
264507,71,34,0,0,UP,8262104901,"G"
264507,69,18,0,0,UP,8350361201,"E"
264507,78,49,0,0,DOWN,8350934101,"N"
264507,78,49,0,0,UP,8414180101,"N"
264507,76,38,0,0,DOWN,8454419401,"L"
264507,76,38,0,0,UP,8510389301,"L"
264507,65,30,0,0,DOWN,8550164101,"A"
264507,65,30,0,0,UP,8598231801,"A"
264507,78,49,0,0,DOWN,8654402901,"N"
264507,78,49,0,0,UP,8718262101,"N"
264507,68,32,0,0,DOWN,8750151801,"D"
264507,70,33,0,0,DOWN,8854418401,"F"
264507,68,32,0,0,UP,8870325201,"D"
264507,70,33,0,0,UP,8926579601,"F"
264507,72,35,0,0,DOWN,8950189901,"H"
264507,66,48,0,0,DOWN,9054496601,"B"
264507,72,35,0,0,UP,9062352201,"H"
264507,85,22,0,0,DOWN,9150407501,"U"
264507,66,48,0,0,UP,9182515001,"B"
264507,82,19,0,0,DOWN,9254488001,"R"
264507,85,22,0,0,UP,9262260301,"U"
264507,71,34,0,0,DOWN,9350159901,"G"
264507,82,19,0,0,UP,9366512201,"R"
264507,69,18,0,0,DOWN,9454478401,"E"
264507,71,34,0,0,UP,9462383101,"G"
264507,78,49,0,0,DOWN,9558425801,"N"
264507,69,18,0,0,UP,9566677101,"E"
264507,78,49,0,0,UP,9622397001,"N"
264507,76,38,0,0,DOWN,9646218401,"L"
264507,76,38,0,0,UP,9718440201,"L"
264507,65,30,0,0,DOWN,9750158401,"A"
264507,65,30,0,0,UP,9798391701,"A"
264507,78,49,0,0,DOWN,9846496801,"N"
264507,78,49,0,0,UP,9918414701,"N"
264507,68,32,0,0,DOWN,9958414901,"D"
264507,70,33,0,0,DOWN,10054495601,"F"
264507,68,32,0,0,UP,10062410601,"D"
264507,70,33,0,0,UP,10126377001,"F"
264507,72,35,0,0,DOWN,10150229101,"H"
264507,66,48,0,0,DOWN,10254551701,"B"
264507,72,35,0,0,UP,10261975401,"H"
264507,85,22,0,0,DOWN,10350444801,"U"
264507,66,48,0,0,UP,10374376601,"B"
264507,82,19,0,0,DOWN,10454125901,"R"
264507,85,22,0,0,UP,10470351201,"U"
264507,71,34,0,0,DOWN,10550562801,"G"
264507,82,19,0,0,UP,10574729901,"R"
264507,69,18,0,0,DOWN,10654465801,"E"
264507,71,34,0,0,UP,10662357901,"G"
264507,78,49,0,0,DOWN,10750428601,"N"
264507,69,18,0,0,UP,10758525601,"E"
264507,78,49,0,0,UP,10814474301,"N"
264507,76,38,0,0,DOWN,10854458001,"L"
264507,76,38,0,0,UP,10910391901,"L"
264507,65,30,0,0,DOWN,10950533901,"A"
264507,65,30,0,0,UP,10998415301,"A"
264507,78,49,0,0,DOWN,11054525801,"N"
264507,78,49,0,0,UP,11118442401,"N"
264507,68,32,0,0,DOWN,11150468001,"D"
264507,70,33,0,0,DOWN,11254466101,"F"
264507,68,32,0,0,UP,11262429501,"D"
264507,70,33,0,0,UP,11326474501,"F"
264507,72,35,0,0,DOWN,11350571401,"H"
264507,66,48,0,0,DOWN,11454351401,"B"
264507,72,35,0,0,UP,11462406201,"H"
264507,85,22,0,0,DOWN,11550372001,"U"
264507,66,48,0,0,UP,11582392401,"B"
264507,82,19,0,0,DOWN,11654519801,"R"
264507,85,22,0,0,UP,11662432701,"U"
264507,71,34,0,0,DOWN,11758682201,"G"
264507,82,19,0,0,UP,11774693501,"R"
264507,69,18,0,0,DOWN,11854463301,"E"
264507,71,34,0,0,UP,11862365801,"G"
264507,78,49,0,0,DOWN,11958479601,"N"
264507,69,18,0,0,UP,11966198401,"E"
264507,78,49,0,0,UP,12022412901,"N"
264507,76,38,0,0,DOWN,12046241601,"L"
264507,76,38,0,0,UP,12110376901,"L"
264507,65,30,0,0,DOWN,12150705001,"A"
264507,65,30,0,0,UP,12198181301,"A"
264507,78,49,0,0,DOWN,12254447301,"N"
264507,78,49,0,0,UP,12318605401,"N"
264507,68,32,0,0,DOWN,12358460901,"D"
264507,70,33,0,0,DOWN,12454464201,"F"
264507,68,32,0,0,UP,12462503001,"D"
264507,70,33,0,0,UP,12526521801,"F"
264507,72,35,0,0,DOWN,12550500301,"H"
264507,66,48,0,0,DOWN,12654247101,"B"
264507,72,35,0,0,UP,12662486301,"H"
264507,85,22,0,0,DOWN,12750441601,"U"
264507,66,48,0,0,UP,12774442401,"B"
264507,82,19,0,0,DOWN,12854394001,"R"
264507,85,22,0,0,UP,12862416801,"U"
264507,71,34,0,0,DOWN,12950399701,"G"
264507,82,19,0,0,UP,12974424701,"R"
264507,69,18,0,0,DOWN,13054412201,"E"
264507,71,34,0,0,UP,13061999201,"G"
264507,78,49,0,0,DOWN,13150451901,"N"
264507,69,18,0,0,UP,13158389601,"E"
264507,78,49,0,0,UP,13214227201,"N"
264507,76,38,0,0,DOWN,13254453201,"L"
264507,76,38,0,0,UP,13310434201,"L"
264507,65,30,0,0,DOWN,13350491301,"A"
264507,65,30,0,0,UP,13398518701,"A"
264507,78,49,0,0,DOWN,13454431101,"N"
264507,78,49,0,0,UP,13518180901,"N"
264507,68,32,0,0,DOWN,13550403201,"D"
264507,70,33,0,0,DOWN,13654448201,"F"
264507,68,32,0,0,UP,13670409301,"D"
264507,70,33,0,0,UP,13726426701,"F"
264507,72,35,0,0,DOWN,13750498001,"H"
264507,66,48,0,0,DOWN,13854455801,"B"
264507,72,35,0,0,UP,13862421101,"H"
264507,85,22,0,0,DOWN,13958505801,"U"
264507,66,48,0,0,UP,13982654201,"B"
264507,82,19,0,0,DOWN,14054413901,"R"
264507,85,22,0,0,UP,14062400401,"U"
264507,71,34,0,0,DOWN,14158471101,"G"
264507,82,19,0,0,UP,14174204601,"R"
264507,69,18,0,0,DOWN,14254586601,"E"
264507,71,34,0,0,UP,14262429601,"G"
264507,78,49,0,0,DOWN,14350464501,"N"
264507,69,18,0,0,UP,14358206201,"E"
264507,78,49,0,0,UP,14414417301,"N"
264507,76,38,0,0,DOWN,14454454001,"L"
264507,76,38,0,0,UP,14510380701,"L"
264507,65,30,0,0,DOWN,14550479201,"A"
264507,65,30,0,0,UP,14598703401,"A"
264507,78,49,0,0,DOWN,14654445301,"N"
264507,78,49,0,0,UP,14718472601,"N"
264507,68,32,0,0,DOWN,14758481401,"D"
264507,70,33,0,0,DOWN,14854500401,"F"
264507,68,32,0,0,UP,14870246001,"D"
264507,70,33,0,0,UP,14926447501,"F"
264507,72,35,0,0,DOWN,14950500501,"H"
264507,66,48,0,0,DOWN,15054259101,"B"
264507,72,35,0,0,UP,15062440601,"H"
264507,85,22,0,0,DOWN,15150499001,"U"
264507,66,48,0,0,UP,15174244601,"B"
264507,82,19,0,0,DOWN,15254258801,"R"
264507,85,22,0,0,UP,15262755701,"U"
264507,71,34,0,0,DOWN,15350507201,"G"
264507,82,19,0,0,UP,15374261301,"R"
264507,69,18,0,0,DOWN,15454464601,"E"
264507,71,34,0,0,UP,15462498201,"G"
264507,78,49,0,0,DOWN,15550499501,"N"
264507,69,18,0,0,UP,15558434801,"E"
264507,78,49,0,0,UP,15614413401,"N"
264507,76,38,0,0,DOWN,15654203001,"L"
264507,76,38,0,0,UP,15710406801,"L"
264507,65,30,0,0,DOWN,15750532101,"A"
264507,65,30,0,0,UP,15798473701,"A"
264507,78,49,0,0,DOWN,15854232301,"N"
264507,78,49,0,0,UP,15918527101,"N"
264507,68,32,0,0,DOWN,15950418601,"D"
264507,70,33,0,0,DOWN,16054500101,"F"
264507,68,32,0,0,UP,16070401501,"D"
264507,70,33,0,0,UP,16126495701,"F"
264507,72,35,0,0,DOWN,16150639201,"H"
264507,66,48,0,0,DOWN,16254576601,"B"
264507,72,35,0,0,UP,16262469501,"H"
264507,85,22,0,0,DOWN,16358488101,"U"
264507,66,48,0,0,UP,16374554701,"B"
264507,82,19,0,0,DOWN,16454442401,"R"
264507,85,22,0,0,UP,16462488001,"U"
264507,71,34,0,0,DOWN,16558550901,"G"
264507,82,19,0,0,UP,16566434901,"R"
264507,69,18,0,0,DOWN,16654644201,"E"
264507,71,34,0,0,UP,16662460301,"G"
264507,69,18,0,0,UP,16750495901,"E"
264507,78,49,0,0,DOWN,16751271801,"N"
264507,78,49,0,0,UP,16822444201,"N"
264507,76,38,0,0,DOWN,16854452901,"L"
264507,76,38,0,0,UP,16910419701,"L"
264507,65,30,0,0,DOWN,16950482501,"A"
264507,65,30,0,0,UP,16998510001,"A"
264507,78,49,0,0,DOWN,17054353301,"N"
264507,78,49,0,0,UP,17118420701,"N"
264507,68,32,0,0,DOWN,17158458401,"D"
264507,70,33,0,0,DOWN,17254484401,"F"
264507,68,32,0,0,UP,17262456301,"D"
264507,70,33,0,0,UP,17334235401,"F"
264507,72,35,0,0,DOWN,17350315301,"H"
264507,66,48,0,0,DOWN,17454522601,"B"
264507,72,35,0,0,UP,17462432101,"H"
264507,85,22,0,0,DOWN,17550363801,"U"
264507,66,48,0,0,UP,17574605601,"B"
264507,82,19,0,0,DOWN,17654497601,"R"
264507,85,22,0,0,UP,17662440401,"U"
264507,71,34,0,0,DOWN,17750437901,"G"
264507,82,19,0,0,UP,17774414401,"R"
264507,69,18,0,0,DOWN,17854585701,"E"
264507,71,34,0,0,UP,17862582601,"G"
264507,78,49,0,0,DOWN,17950470001,"N"
264507,69,18,0,0,UP,17958395801,"E"
264507,78,49,0,0,UP,18022453801,"N"
264507,76,38,0,0,DOWN,18054514401,"L"
264507,76,38,0,0,UP,18110476001,"L"
264507,65,30,0,0,DOWN,18150638601,"A"
264507,65,30,0,0,UP,18198630001,"A"
264507,78,49,0,0,DOWN,18254327101,"N"
264507,78,49,0,0,UP,18318413001,"N"
264507,68,32,0,0,DOWN,18358500601,"D"
264507,70,33,0,0,DOWN,18454482901,"F"
264507,68,32,0,0,UP,18462514801,"D"
264507,70,33,0,0,UP,18526501901,"F"
264507,72,35,0,0,DOWN,18558542401,"H"
264507,66,48,0,0,DOWN,18654304101,"B"
264507,72,35,0,0,UP,18662398701,"H"
264507,85,22,0,0,DOWN,18750540301,"U"
264507,66,48,0,0,UP,18774361901,"B"
264507,82,19,0,0,DOWN,18854520701,"R"
264507,85,22,0,0,UP,18862465001,"U"
264507,71,34,0,0,DOWN,18950616601,"G"
264507,82,19,0,0,UP,18974510201,"R"
264507,71,34,0,0,UP,19054539601,"G"
264507,69,18,0,0,DOWN,19055389601,"E"
264507,78,49,0,0,DOWN,19150527301,"N"
264507,69,18,0,0,UP,19158572001,"E"
264507,78,49,0,0,UP,19214535301,"N"
264507,76,38,0,0,DOWN,19254570901,"L"
264507,76,38,0,0,UP,19310450401,"L"
264507,65,30,0,0,DOWN,19350541201,"A"
264507,65,30,0,0,UP,19398482001,"A"
264507,78,49,0,0,DOWN,19454596301,"N"
264507,78,49,0,0,UP,19518423001,"N"
264507,68,32,0,0,DOWN,19550563601,"D"
264507,70,33,0,0,DOWN,19654498401,"F"
264507,68,32,0,0,UP,19662511301,"D"
264507,70,33,0,0,UP,19734301501,"F"
264507,72,35,0,0,DOWN,19750233501,"H"
264507,66,48,0,0,DOWN,19854529501,"B"
264507,72,35,0,0,UP,19862452201,"H"
264507,85,22,0,0,DOWN,19950298401,"U"
264507,66,48,0,0,UP,19974240701,"B"
264507,82,19,0,0,DOWN,20054517701,"R"
264507,85,22,0,0,UP,20062429001,"U"
264507,71,34,0,0,DOWN,20150564701,"G"
264507,82,19,0,0,UP,20166489901,"R"
264507,69,18,0,0,DOWN,20254591101,"E"
264507,71,34,0,0,UP,20262459201,"G"
264507,69,18,0,0,UP,20350584101,"E"
264507,78,49,0,0,DOWN,20351279901,"N"
264507,78,49,0,0,UP,20414474801,"N"
264507,76,38,0,0,DOWN,20454466101,"L"
264507,76,38,0,0,UP,20510469701,"L"
264507,65,30,0,0,DOWN,20558614001,"A"
264507,65,30,0,0,UP,20598474201,"A"
264507,78,49,0,0,DOWN,20654569501,"N"
264507,78,49,0,0,UP,20718468901,"N"
264507,68,32,0,0,DOWN,20758546801,"D"
264507,70,33,0,0,DOWN,20854540301,"F"
264507,68,32,0,0,UP,20862238601,"D"
264507,70,33,0,0,UP,20918621701,"F"
264507,72,35,0,0,DOWN,20950542201,"H"
264507,66,48,0,0,DOWN,21054448401,"B"
264507,72,35,0,0,UP,21062083001,"H"
264507,85,22,0,0,DOWN,21150523401,"U"
264507,66,48,0,0,UP,21174661701,"B"
264507,82,19,0,0,DOWN,21254551201,"R"
264507,85,22,0,0,UP,21262605801,"U"
264507,71,34,0,0,DOWN,21350629601,"G"
264507,82,19,0,0,UP,21374674401,"R"
264507,71,34,0,0,UP,21454553901,"G"
264507,69,18,0,0,DOWN,21455546901,"E"
264507,69,18,0,0,UP,21550515601,"E"
264507,78,49,0,0,DOWN,21551334901,"N"
264507,78,49,0,0,UP,21614529501,"N"
264507,76,38,0,0,DOWN,21654542801,"L"
264507,76,38,0,0,UP,21710530001,"L"
264507,65,30,0,0,DOWN,21750643801,"A"
264507,65,30,0,0,UP,21798505001,"A"
264507,78,49,0,0,DOWN,21854551801,"N"
264507,78,49,0,0,UP,21918273001,"N"
264507,68,32,0,0,DOWN,21950560801,"D"
264507,70,33,0,0,DOWN,22054657401,"F"
264507,68,32,0,0,UP,22070684401,"D"
264507,70,33,0,0,UP,22126465501,"F"
264507,72,35,0,0,DOWN,22150525701,"H"
264507,66,48,0,0,DOWN,22254287301,"B"
264507,72,35,0,0,UP,22262447401,"H"
264507,85,22,0,0,DOWN,22350359501,"U"
264507,66,48,0,0,UP,22382593201,"B"
264507,82,19,0,0,DOWN,22454578901,"R"
264507,85,22,0,0,UP,22462187701,"U"
264507,71,34,0,0,DOWN,22558675001,"G"
264507,82,19,0,0,UP,22566488701,"R"
264507,69,18,0,0,DOWN,22654666801,"E"
264507,71,34,0,0,UP,22662466201,"G"
264507,78,49,0,0,DOWN,22758660401,"N"
264507,69,18,0,0,UP,22766475301,"E"
264507,78,49,0,0,UP,22822512201,"N"
264507,76,38,0,0,DOWN,22846551001,"L"
264507,76,38,0,0,UP,22910470701,"L"
264507,65,30,0,0,DOWN,22950260501,"A"
264507,65,30,0,0,UP,22998226201,"A"
264507,78,49,0,0,DOWN,23054571301,"N"
264507,78,49,0,0,UP,23118486701,"N"
264507,68,32,0,0,DOWN,23158682101,"D"
264507,70,33,0,0,DOWN,23254221201,"F"
264507,68,32,0,0,UP,23262243401,"D"
264507,70,33,0,0,UP,23326257701,"F"
264507,72,35,0,0,DOWN,23350527501,"H"
264507,66,48,0,0,DOWN,23454551701,"B"
264507,72,35,0,0,UP,23462498201,"H"
264507,85,22,0,0,DOWN,23550498901,"U"
264507,66,48,0,0,UP,23574464201,"B"
264507,82,19,0,0,DOWN,23654525501,"R"
264507,85,22,0,0,UP,23662610401,"U"
264507,71,34,0,0,DOWN,23750494301,"G"
264507,82,19,0,0,UP,23766264301,"R"
264507,71,34,0,0,UP,23854490801,"G"
264507,69,18,0,0,DOWN,23855315401,"E"
264507,78,49,0,0,DOWN,23950293101,"N"
264507,69,18,0,0,UP,23958471701,"E"
264507,78,49,0,0,UP,24014687801,"N"
264507,76,38,0,0,DOWN,24054462001,"L"
264507,76,38,0,0,UP,24110296601,"L"
264507,65,30,0,0,DOWN,24150570901,"A"
264507,65,30,0,0,UP,24198528601,"A"
264507,78,49,0,0,DOWN,24254566501,"N"
264507,78,49,0,0,UP,24310313801,"N"
264507,68,32,0,0,DOWN,24350575201,"D"
264507,70,33,0,0,DOWN,24454553401,"F"
264507,68,32,0,0,UP,24470479601,"D"
264507,70,33,0,0,UP,24526731901,"F"
264507,72,35,0,0,DOWN,24550616301,"H"
264507,72,35,0,0,UP,24654565401,"H"
264507,66,48,0,0,DOWN,24655263701,"B"
264507,85,22,0,0,DOWN,24758662001,"U"
264507,66,48,0,0,UP,24774685401,"B"
264507,82,19,0,0,DOWN,24854553401,"R"
264507,85,22,0,0,UP,24862518801,"U"
264507,71,34,0,0,DOWN,24958585501,"G"
264507,82,19,0,0,UP,24966282301,"R"
264507,69,18,0,0,DOWN,25054690201,"E"
264507,71,34,0,0,UP,25062291001,"G"
264507,78,49,0,0,DOWN,25150575401,"N"
264507,69,18,0,0,UP,25158491501,"E"
264507,78,49,0,0,UP,25214531401,"N"
264507,76,38,0,0,DOWN,25254667401,"L"
264507,76,38,0,0,UP,25310651301,"L"
264507,65,30,0,0,DOWN,25350590801,"A"
264507,65,30,0,0,UP,25398563101,"A"
264507,78,49,0,0,DOWN,25454517701,"N"
264507,78,49,0,0,UP,25518499601,"N"
264507,68,32,0,0,DOWN,25558544701,"D"
264507,70,33,0,0,DOWN,25654521701,"F"
264507,68,32,0,0,UP,25670557101,"D"
264507,70,33,0,0,UP,25734510501,"F"
264507,72,35,0,0,DOWN,25750587601,"H"
264507,66,48,0,0,DOWN,25854549101,"B"
264507,72,35,0,0,UP,25862356901,"H"
264507,85,22,0,0,DOWN,25950602401,"U"
264507,66,48,0,0,UP,25974557701,"B"
264507,82,19,0,0,DOWN,26054585201,"R"
264507,85,22,0,0,UP,26062307101,"U"
264507,71,34,0,0,DOWN,26150588101,"G"
264507,82,19,0,0,UP,26174672401,"R"
264507,69,18,0,0,DOWN,26254580901,"E"
264507,71,34,0,0,UP,26262638601,"G"
264507,69,18,0,0,UP,26350690401,"E"
264507,78,49,0,0,DOWN,26351493901,"N"
264507,78,49,0,0,UP,26414565101,"N"
264507,76,38,0,0,DOWN,26454550701,"L"
264507,76,38,0,0,UP,26510499801,"L"
264507,65,30,0,0,DOWN,26550852201,"A"
264507,65,30,0,0,UP,26598405001,"A"
264507,78,49,0,0,DOWN,26654629301,"N"
264507,78,49,0,0,UP,26710557401,"N"
264507,68,32,0,0,DOWN,26750553101,"D"
264507,70,33,0,0,DOWN,26854580801,"F"
264507,68,32,0,0,UP,26862391501,"D"
264507,70,33,0,0,UP,26926295301,"F"
264507,72,35,0,0,DOWN,26958573701,"H"
264507,66,48,0,0,DOWN,27054336001,"B"
264507,72,35,0,0,UP,27062409401,"H"
264507,85,22,0,0,DOWN,27158593901,"U"
264507,66,48,0,0,UP,27174730501,"B"
264507,82,19,0,0,DOWN,27254721701,"R"
264507,85,22,0,0,UP,27262365201,"U"
264507,71,34,0,0,DOWN,27358689301,"G"
264507,82,19,0,0,UP,27374705301,"R"
264507,69,18,0,0,DOWN,27454352801,"E"
264507,71,34,0,0,UP,27462335801,"G"
264507,78,49,0,0,DOWN,27550557101,"N"
264507,69,18,0,0,UP,27558445601,"E"
264507,78,49,0,0,UP,27614639301,"N"
264507,76,38,0,0,DOWN,27654660401,"L"
264507,76,38,0,0,UP,27710614301,"L"
264507,65,30,0,0,DOWN,27750781301,"A"
264507,65,30,0,0,UP,27798242001,"A"
264507,78,49,0,0,DOWN,27854633401,"N"
264507,78,49,0,0,UP,27918417201,"N"
264507,68,32,0,0,DOWN,27950670801,"D"
264507,70,33,0,0,DOWN,28054531201,"F"
264507,68,32,0,0,UP,28062825901,"D"
264507,70,33,0,0,UP,28126571901,"F"
264507,72,35,0,0,DOWN,28150549001,"H"
264507,66,48,0,0,DOWN,28254560001,"B"
264507,72,35,0,0,UP,28262582801,"H"
264507,85,22,0,0,DOWN,28350318101,"U"
264507,66,48,0,0,UP,28374367001,"B"
264507,82,19,0,0,DOWN,28454506401,"R"
264507,85,22,0,0,UP,28462617201,"U"
264507,71,34,0,0,DOWN,28550555001,"G"
264507,82,19,0,0,UP,28574597101,"R"
264507,69,18,0,0,DOWN,28654618701,"E"
264507,71,34,0,0,UP,28662622201,"G"
264507,78,49,0,0,DOWN,28750703801,"N"
264507,69,18,0,0,UP,28758311201,"E"
264507,78,49,0,0,UP,28814342401,"N"
264507,76,38,0,0,DOWN,28854660801,"L"
264507,76,38,0,0,UP,28910542001,"L"
264507,65,30,0,0,DOWN,28950652401,"A"
264507,65,30,0,0,UP,28990652101,"A"
264507,78,49,0,0,DOWN,29054552801,"N"
264507,78,49,0,0,UP,29118608301,"N"
264507,68,32,0,0,DOWN,29158374801,"D"
264507,70,33,0,0,DOWN,29254769901,"F"
264507,68,32,0,0,UP,29262611201,"D"
264507,70,33,0,0,UP,29326462701,"F"
264507,72,35,0,0,DOWN,29358646001,"H"
264507,72,35,0,0,UP,29454628101,"H"
264507,66,48,0,0,DOWN,29455554101,"B"
264507,85,22,0,0,DOWN,29550625701,"U"
264507,66,48,0,0,UP,29574585901,"B"
264507,82,19,0,0,DOWN,29654626601,"R"
264507,85,22,0,0,UP,29662501401,"U"
264507,71,34,0,0,DOWN,29750597501,"G"
264507,82,19,0,0,UP,29774505601,"R"
264507,71,34,0,0,UP,29854637501,"G"
264507,69,18,0,0,DOWN,29862532601,"E"
264507,69,18,0,0,UP,29950402701,"E"
264507,78,49,0,0,DOWN,29951159401,"N"
264507,78,49,0,0,UP,30014257501,"N"
264507,76,38,0,0,DOWN,30054607201,"L"
264507,76,38,0,0,UP,30110680501,"L"
264507,65,30,0,0,DOWN,30150621301,"A"
264507,65,30,0,0,UP,30198485201,"A"
264507,78,49,0,0,DOWN,30254599301,"N"
264507,78,49,0,0,UP,30318533201,"N"
264507,68,32,0,0,DOWN,30350613601,"D"
264507,70,33,0,0,DOWN,30454714201,"F"
264507,68,32,0,0,UP,30470557301,"D"
264507,70,33,0,0,UP,30526561901,"F"
264507,72,35,0,0,DOWN,30550688001,"H"
264507,66,48,0,0,DOWN,30654599601,"B"
264507,72,35,0,0,UP,30662314201,"H"
264507,85,22,0,0,DOWN,30750672001,"U"
264507,66,48,0,0,UP,30766640801,"B"
264507,82,19,0,0,DOWN,30854613801,"R"
264507,85,22,0,0,UP,30862521501,"U"
264507,71,34,0,0,DOWN,30950638701,"G"
264507,82,19,0,0,UP,30966570801,"R"
264507,69,18,0,0,DOWN,31054624401,"E"
264507,71,34,0,0,UP,31062557501,"G"
264507,78,49,0,0,DOWN,31158681701,"N"
264507,69,18,0,0,UP,31166737901,"E"
264507,78,49,0,0,UP,31222602701,"N"
264507,76,38,0,0,DOWN,31246555801,"L"
264507,76,38,0,0,UP,31310585201,"L"
264507,65,30,0,0,DOWN,31350510901,"A"
264507,65,30,0,0,UP,31398466501,"A"
264507,78,49,0,0,DOWN,31454708501,"N"
264507,78,49,0,0,UP,31518564401,"N"
264507,68,32,0,0,DOWN,31558649301,"D"
264507,70,33,0,0,DOWN,31654635501,"F"
264507,68,32,0,0,UP,31662563401,"D"
264507,70,33,0,0,UP,31734321001,"F"
264507,72,35,0,0,DOWN,31750629001,"H"
264507,66,48,0,0,DOWN,31854576601,"B"
264507,72,35,0,0,UP,31862550501,"H"
264507,85,22,0,0,DOWN,31950679101,"U"
264507,66,48,0,0,UP,31974542101,"B"
264507,82,19,0,0,DOWN,32054722101,"R"
264507,85,22,0,0,UP,32062543701,"U"
264507,71,34,0,0,DOWN,32150568601,"G"
264507,82,19,0,0,UP,32174571501,"R"
264507,69,18,0,0,DOWN,32254724501,"E"
264507,71,34,0,0,UP,32262588701,"G"
264507,78,49,0,0,DOWN,32350566501,"N"
264507,69,18,0,0,UP,32358433201,"E"
264507,78,49,0,0,UP,32414594501,"N"
264507,76,38,0,0,DOWN,32454610001,"L"
264507,76,38,0,0,UP,32510666701,"L"
264507,65,30,0,0,DOWN,32550601401,"A"
264507,65,30,0,0,UP,32598730501,"A"
264507,78,49,0,0,DOWN,32654680501,"N"
264507,78,49,0,0,UP,32710562101,"N"
264507,68,32,0,0,DOWN,32750519201,"D"
264507,70,33,0,0,DOWN,32854660601,"F"
264507,68,32,0,0,UP,32862653001,"D"
264507,70,33,0,0,UP,32926657001,"F"
264507,72,35,0,0,DOWN,32950572701,"H"
264507,72,35,0,0,UP,33054563201,"H"
264507,66,48,0,0,DOWN,33055358601,"B"
264507,85,22,0,0,DOWN,33158655601,"U"
264507,66,48,0,0,UP,33166269001,"B"
264507,82,19,0,0,DOWN,33254419301,"R"
264507,85,22,0,0,UP,33262671001,"U"
264507,71,34,0,0,DOWN,33358436901,"G"
264507,82,19,0,0,UP,33374301601,"R"
264507,69,18,0,0,DOWN,33454344401,"E"
264507,71,34,0,0,UP,33462663101,"G"
264507,78,49,0,0,DOWN,33550450701,"N"
264507,69,18,0,0,UP,33558386101,"E"
264507,78,49,0,0,UP,33622638701,"N"
264507,76,38,0,0,DOWN,33654615901,"L"
264507,76,38,0,0,UP,33718639701,"L"
264507,65,30,0,0,DOWN,33750348401,"A"
264507,65,30,0,0,UP,33798631701,"A"
264507,78,49,0,0,DOWN,33854738401,"N"
264507,78,49,0,0,UP,33918418501,"N"
264507,68,32,0,0,DOWN,33958724701,"D"
264507,70,33,0,0,DOWN,34054669701,"F"
264507,68,32,0,0,UP,34070593101,"D"
264507,70,33,0,0,UP,34126749601,"F"
264507,72,35,0,0,DOWN,34150286801,"H"
264507,66,48,0,0,DOWN,34254631901,"B"
264507,72,35,0,0,UP,34262603401,"H"
264507,85,22,0,0,DOWN,34350561901,"U"
264507,66,48,0,0,UP,34374722401,"B"
264507,82,19,0,0,DOWN,34454643701,"R"
264507,85,22,0,0,UP,34462250501,"U"
264507,71,34,0,0,DOWN,34550729401,"G"
264507,82,19,0,0,UP,34574713901,"R"
264507,69,18,0,0,DOWN,34654616501,"E"
264507,71,34,0,0,UP,34662579201,"G"
264507,69,18,0,0,UP,34750601301,"E"
264507,78,49,0,0,DOWN,34751539901,"N"
264507,78,49,0,0,UP,34814591901,"N"
264507,76,38,0,0,DOWN,34854700101,"L"
264507,76,38,0,0,UP,34902747701,"L"
264507,65,30,0,0,DOWN,34950589301,"A"
264507,65,30,0,0,UP,34998632001,"A"
264507,78,49,0,0,DOWN,35054541301,"N"
264507,78,49,0,0,UP,35110614801,"N"
264507,68,32,0,0,DOWN,35150834101,"D"
264507,70,33,0,0,DOWN,35254754901,"F"
264507,68,32,0,0,UP,35262623901,"D"
264507,70,33,0,0,UP,35326691201,"F"
264507,72,35,0,0,DOWN,35358684601,"H"
264507,72,35,0,0,UP,35454674901,"H"
264507,66,48,0,0,DOWN,35455393501,"B"
264507,85,22,0,0,DOWN,35558747301,"U"
264507,66,48,0,0,UP,35566619401,"B"
264507,82,19,0,0,DOWN,35654692701,"R"
264507,85,22,0,0,UP,35662660301,"U"
264507,71,34,0,0,DOWN,35750637101,"G"
264507,82,19,0,0,UP,35775022101,"R"
264507,69,18,0,0,DOWN,35854677401,"E"
264507,71,34,0,0,UP,35862776501,"G"
264507,78,49,0,0,DOWN,35950699301,"N"
264507,69,18,0,0,UP,35958618501,"E"
264507,78,49,0,0,UP,36022434701,"N"
264507,76,38,0,0,DOWN,36055055201,"L"
264507,76,38,0,0,UP,36110627901,"L"
264507,65,30,0,0,DOWN,36150588401,"A"
264507,65,30,0,0,UP,36198682901,"A"
264507,78,49,0,0,DOWN,36254664601,"N"
264507,78,49,0,0,UP,36318496101,"N"
264507,68,32,0,0,DOWN,36350669101,"D"
264507,70,33,0,0,DOWN,36454702701,"F"
264507,68,32,0,0,UP,36462583401,"D"
264507,70,33,0,0,UP,36526661601,"F"
264507,72,35,0,0,DOWN,36550645101,"H"
264507,66,48,0,0,DOWN,36654649801,"B"
264507,72,35,0,0,UP,36662796601,"H"
264507,85,22,0,0,DOWN,36750705901,"U"
264507,66,48,0,0,UP,36774584701,"B"
264507,82,19,0,0,DOWN,36854641001,"R"
264507,85,22,0,0,UP,36862645301,"U"
264507,71,34,0,0,DOWN,36950795701,"G"
264507,82,19,0,0,UP,36974682901,"R"
264507,69,18,0,0,DOWN,37054660301,"E"
264507,71,34,0,0,UP,37062650801,"G"
264507,78,49,0,0,DOWN,37150642901,"N"
264507,69,18,0,0,UP,37158606301,"E"
264507,78,49,0,0,UP,37222666801,"N"
264507,76,38,0,0,DOWN,37254665501,"L"
264507,76,38,0,0,UP,37302674301,"L"
264507,65,30,0,0,DOWN,37358481601,"A"
264507,65,30,0,0,UP,37398702301,"A"
264507,78,49,0,0,DOWN,37454768301,"N"
264507,78,49,0,0,UP,37518766801,"N"
264507,68,32,0,0,DOWN,37558399901,"D"
264507,70,33,0,0,DOWN,37654704301,"F"
264507,68,32,0,0,UP,37662647301,"D"
264507,70,33,0,0,UP,37726334101,"F"
264507,72,35,0,0,DOWN,37750347801,"H"
264507,66,48,0,0,DOWN,37854410501,"B"
264507,72,35,0,0,UP,37862398801,"H"
264507,85,22,0,0,DOWN,37950340701,"U"
264507,66,48,0,0,UP,37974539301,"B"
264507,82,19,0,0,DOWN,38054687701,"R"
264507,85,22,0,0,UP,38062622301,"U"
264507,71,34,0,0,DOWN,38150705201,"G"
264507,82,19,0,0,UP,38174584101,"R"
264507,71,34,0,0,UP,38254634801,"G"
264507,69,18,0,0,DOWN,38255672301,"E"
264507,69,18,0,0,UP,38350510501,"E"
264507,78,49,0,0,DOWN,38351484201,"N"
264507,78,49,0,0,UP,38414740901,"N"
264507,76,38,0,0,DOWN,38454632901,"L"
264507,76,38,0,0,UP,38510711601,"L"
264507,65,30,0,0,DOWN,38550690601,"A"
264507,65,30,0,0,UP,38598614701,"A"
264507,78,49,0,0,DOWN,38654748101,"N"
264507,78,49,0,0,UP,38710361001,"N"
264507,68,32,0,0,DOWN,38750672501,"D"
264507,70,33,0,0,DOWN,38854441401,"F"
264507,68,32,0,0,UP,38870312501,"D"
264507,70,33,0,0,UP,38926680501,"F"
264507,72,35,0,0,DOWN,38950650101,"H"
264507,66,48,0,0,DOWN,39054429701,"B"
264507,72,35,0,0,UP,39062589101,"H"
264507,85,22,0,0,DOWN,39150658401,"U"
264507,66,48,0,0,UP,39174763601,"B"
264507,82,19,0,0,DOWN,39254627801,"R"
264507,85,22,0,0,UP,39262629701,"U"
264507,71,34,0,0,DOWN,39358726201,"G"
264507,82,19,0,0,UP,39366688301,"R"
264507,69,18,0,0,DOWN,39454418501,"E"
264507,71,34,0,0,UP,39462668201,"G"
264507,78,49,0,0,DOWN,39558671901,"N"
264507,69,18,0,0,UP,39566665201,"E"
264507,78,49,0,0,UP,39614531501,"N"
264507,76,38,0,0,DOWN,39646687601,"L"
264507,76,38,0,0,UP,39710714301,"L"
264507,65,30,0,0,DOWN,39750682001,"A"
264507,65,30,0,0,UP,39798679701,"A"
264507,78,49,0,0,DOWN,39854328101,"N"
264507,78,49,0,0,UP,39918653001,"N"
264507,68,32,0,0,DOWN,39958420901,"D"
264507,70,33,0,0,DOWN,40054464301,"F"
264507,68,32,0,0,UP,40062635101,"D"
264507,70,33,0,0,UP,40134474301,"F"
264507,72,35,0,0,DOWN,40150726701,"H"
264507,66,48,0,0,DOWN,40254502401,"B"
264507,72,35,0,0,UP,40262701801,"H"
264507,85,22,0,0,DOWN,40350671201,"U"
264507,66,48,0,0,UP,40374780101,"B"
264507,82,19,0,0,DOWN,40454738001,"R"
264507,85,22,0,0,UP,40462631601,"U"
264507,71,34,0,0,DOWN,40550760901,"G"
264507,82,19,0,0,UP,40574886001,"R"
264507,69,18,0,0,DOWN,40654804101,"E"
264507,71,34,0,0,UP,40662615101,"G"
264507,78,49,0,0,DOWN,40750609101,"N"
264507,69,18,0,0,UP,40758743801,"E"
264507,78,49,0,0,UP,40814734801,"N"
264507,76,38,0,0,DOWN,40854857401,"L"
264507,76,38,0,0,UP,40910677601,"L"
264507,65,30,0,0,DOWN,40950720501,"A"
264507,65,30,0,0,UP,40998722801,"A"
264507,78,49,0,0,DOWN,41054805901,"N"
264507,78,49,0,0,UP,41110707201,"N"
264507,68,32,0,0,DOWN,41150750501,"D"
264507,70,33,0,0,DOWN,41254739201,"F"
264507,68,32,0,0,UP,41262618401,"D"
264507,70,33,0,0,UP,41326430501,"F"
264507,72,35,0,0,DOWN,41350673501,"H"
264507,72,35,0,0,UP,41454802601,"H"
264507,66,48,0,0,DOWN,41455669001,"B"
264507,85,22,0,0,DOWN,41558786601,"U"
264507,66,48,0,0,UP,41574654901,"B"
264507,82,19,0,0,DOWN,41654731501,"R"
264507,85,22,0,0,UP,41662656201,"U"
264507,71,34,0,0,DOWN,41758633301,"G"
264507,82,19,0,0,UP,41774607701,"R"
264507,69,18,0,0,DOWN,41854689301,"E"
264507,71,34,0,0,UP,41862667201,"G"
264507,69,18,0,0,UP,41958723101,"E"
264507,78,49,0,0,DOWN,41959616901,"N"
264507,78,49,0,0,UP,42014649401,"N"
264507,76,38,0,0,DOWN,42054696301,"L"
264507,76,38,0,0,UP,42110710301,"L"
264507,65,30,0,0,DOWN,42150669901,"A"
264507,65,30,0,0,UP,42198643301,"A"
264507,78,49,0,0,DOWN,42254667601,"N"
264507,78,49,0,0,UP,42318689201,"N"
264507,68,32,0,0,DOWN,42358742301,"D"
264507,70,33,0,0,DOWN,42454628001,"F"
264507,68,32,0,0,UP,42470611501,"D"
264507,70,33,0,0,UP,42534448601,"F"
264507,72,35,0,0,DOWN,42550697501,"H"
264507,66,48,0,0,DOWN,42654460401,"B"
264507,72,35,0,0,UP,42662278401,"H"
264507,85,22,0,0,DOWN,42750672201,"U"
264507,66,48,0,0,UP,42774637901,"B"
264507,82,19,0,0,DOWN,42854634901,"R"
264507,85,22,0,0,UP,42862680801,"U"
264507,71,34,0,0,DOWN,42950760301,"G"
264507,82,19,0,0,UP,42974492101,"R"
264507,69,18,0,0,DOWN,43054708301,"E"
264507,71,34,0,0,UP,43062673501,"G"
264507,78,49,0,0,DOWN,43150402301,"N"
264507,69,18,0,0,UP,43158531301,"E"
264507,78,49,0,0,UP,43214702601,"N"
264507,76,38,0,0,DOWN,43254770101,"L"
264507,76,38,0,0,UP,43310706901,"L"
264507,65,30,0,0,DOWN,43350795001,"A"
264507,65,30,0,0,UP,43398636001,"A"
264507,78,49,0,0,DOWN,43454660201,"N"
264507,78,49,0,0,UP,43510636601,"N"
264507,68,32,0,0,DOWN,43550711001,"D"
264507,70,33,0,0,DOWN,43654695001,"F"
264507,68,32,0,0,UP,43670653501,"D"
264507,70,33,0,0,UP,43726875901,"F"
264507,72,35,0,0,DOWN,43758644501,"H"
264507,66,48,0,0,DOWN,43854769001,"B"
264507,72,35,0,0,UP,43862682501,"H"
264507,85,22,0,0,DOWN,43958753301,"U"
264507,66,48,0,0,UP,43974583501,"B"
264507,82,19,0,0,DOWN,44054719401,"R"
264507,85,22,0,0,UP,44062814901,"U"
264507,71,34,0,0,DOWN,44158512001,"G"
264507,82,19,0,0,UP,44174554501,"R"
264507,71,34,0,0,UP,44254760701,"G"
264507,69,18,0,0,DOWN,44255553401,"E"
264507,78,49,0,0,DOWN,44350715201,"N"
264507,69,18,0,0,UP,44358706401,"E"
264507,78,49,0,0,UP,44414661001,"N"
264507,76,38,0,0,DOWN,44454832801,"L"
264507,76,38,0,0,UP,44510632701,"L"
264507,65,30,0,0,DOWN,44550774001,"A"
264507,65,30,0,0,UP,44598665201,"A"
264507,78,49,0,0,DOWN,44654754501,"N"
264507,78,49,0,0,UP,44710702501,"N"
264507,68,32,0,0,DOWN,44758823401,"D"
264507,70,33,0,0,DOWN,44854757801,"F"
264507,68,32,0,0,UP,44870720101,"D"
264507,70,33,0,0,UP,44926722601,"F"
264507,72,35,0,0,DOWN,44950690801,"H"
264507,66,48,0,0,DOWN,45054697801,"B"
264507,72,35,0,0,UP,45062726401,"H"
264507,85,22,0,0,DOWN,45150773501,"U"
264507,66,48,0,0,UP,45174748501,"B"
264507,82,19,0,0,DOWN,45254716901,"R"
264507,85,22,0,0,UP,45262440701,"U"
264507,71,34,0,0,DOWN,45350756201,"G"
264507,82,19,0,0,UP,45366771301,"R"
264507,69,18,0,0,DOWN,45454749201,"E"
264507,71,34,0,0,UP,45462315901,"G"
264507,78,49,0,0,DOWN,45550822901,"N"
264507,69,18,0,0,UP,45558636501,"E"
264507,78,49,0,0,UP,45614697301,"N"
264507,76,38,0,0,DOWN,45654697201,"L"
264507,76,38,0,0,UP,45710936701,"L"
264507,65,30,0,0,DOWN,45758551101,"A"
264507,65,30,0,0,UP,45798775601,"A"
264507,78,49,0,0,DOWN,45854792401,"N"
264507,78,49,0,0,UP,45918714701,"N"
264507,68,32,0,0,DOWN,45958655801,"D"
264507,70,33,0,0,DOWN,46054710101,"F"
264507,68,32,0,0,UP,46062723501,"D"
264507,70,33,0,0,UP,46126719401,"F"
264507,72,35,0,0,DOWN,46158550601,"H"
264507,72,35,0,0,UP,46254790001,"H"
264507,66,48,0,0,DOWN,46255521801,"B"
264507,85,22,0,0,DOWN,46350712901,"U"
264507,66,48,0,0,UP,46374716701,"B"
264507,82,19,0,0,DOWN,46454728101,"R"
264507,85,22,0,0,UP,46462667401,"U"
264507,71,34,0,0,DOWN,46550820401,"G"
264507,82,19,0,0,UP,46574735201,"R"
264507,71,34,0,0,UP,46654712501,"G"
264507,69,18,0,0,DOWN,46662695501,"E"
264507,78,49,0,0,DOWN,46750741901,"N"
264507,69,18,0,0,UP,46758854701,"E"
264507,78,49,0,0,UP,46814737901,"N"
264507,76,38,0,0,DOWN,46854731501,"L"
264507,76,38,0,0,UP,46910698501,"L"
264507,65,30,0,0,DOWN,46950732301,"A"
264507,65,30,0,0,UP,46998835601,"A"
264507,78,49,0,0,DOWN,47054694701,"N"
264507,78,49,0,0,UP,47110502201,"N"
264507,68,32,0,0,DOWN,47150754801,"D"
264507,70,33,0,0,DOWN,47254674601,"F"
264507,68,32,0,0,UP,47262629401,"D"
264507,70,33,0,0,UP,47326723701,"F"
264507,72,35,0,0,DOWN,47350793701,"H"
264507,66,48,0,0,DOWN,47454761701,"B"
264507,72,35,0,0,UP,47462525801,"H"
264507,85,22,0,0,DOWN,47550768701,"U"
264507,66,48,0,0,UP,47574743201,"B"
264507,82,19,0,0,DOWN,47654478501,"R"
264507,85,22,0,0,UP,47662774101,"U"
264507,71,34,0,0,DOWN,47750855901,"G"
264507,82,19,0,0,UP,47774832501,"R"
264507,69,18,0,0,DOWN,47854728401,"E"
264507,71,34,0,0,UP,47862779601,"G"
264507,69,18,0,0,UP,47958771901,"E"
264507,78,49,0,0,DOWN,47959609501,"N"
264507,78,49,0,0,UP,48022635501,"N"
264507,76,38,0,0,DOWN,48055182801,"L"
264507,76,38,0,0,UP,48110567201,"L"
264507,65,30,0,0,DOWN,48150774901,"A"
264507,65,30,0,0,UP,48198687201,"A"
264507,78,49,0,0,DOWN,48254590501,"N"
264507,78,49,0,0,UP,48318691201,"N"
264507,68,32,0,0,DOWN,48358788501,"D"
264507,70,33,0,0,DOWN,48454730901,"F"
264507,68,32,0,0,UP,48462977801,"D"
264507,70,33,0,0,UP,48534533501,"F"
264507,72,35,0,0,DOWN,48550756401,"H"
264507,66,48,0,0,DOWN,48654790901,"B"
264507,72,35,0,0,UP,48662987301,"H"
264507,85,22,0,0,DOWN,48750936201,"U"
264507,66,48,0,0,UP,48774891501,"B"
264507,82,19,0,0,DOWN,48854738601,"R"
264507,85,22,0,0,UP,48862609101,"U"
264507,71,34,0,0,DOWN,48950705701,"G"
264507,82,19,0,0,UP,48974932401,"R"
264507,69,18,0,0,DOWN,49054768901,"E"
264507,71,34,0,0,UP,49062550201,"G"
264507,69,18,0,0,UP,49150751901,"E"
264507,78,49,0,0,DOWN,49151492201,"N"
264507,78,49,0,0,UP,49214747901,"N"
264507,76,38,0,0,DOWN,49254742901,"L"
264507,76,38,0,0,UP,49310798401,"L"
264507,65,30,0,0,DOWN,49350770101,"A"
264507,65,30,0,0,UP,49398860601,"A"
264507,78,49,0,0,DOWN,49454771601,"N"
264507,78,49,0,0,UP,49510845901,"N"
264507,68,32,0,0,DOWN,49550797201,"D"
264507,70,33,0,0,DOWN,49654688901,"F"
264507,68,32,0,0,UP,49662533801,"D"
264507,70,33,0,0,UP,49726825801,"F"
264507,72,35,0,0,DOWN,49750727701,"H"
264507,66,48,0,0,DOWN,49854862401,"B"
264507,72,35,0,0,UP,49862892501,"H"
264507,85,22,0,0,DOWN,49958477701,"U"
264507,66,48,0,0,UP,49974667801,"B"
264507,82,19,0,0,DOWN,50054560701,"R"
264507,85,22,0,0,UP,50062669601,"U"
264507,71,34,0,0,DOWN,50158653601,"G"
264507,82,19,0,0,UP,50166641901,"R"
264507,69,18,0,0,DOWN,50254788801,"E"
264507,71,34,0,0,UP,50262990701,"G"
264507,69,18,0,0,UP,50358806801,"E"
264507,78,49,0,0,DOWN,50359557101,"N"
264507,78,49,0,0,UP,50414713001,"N"
264507,76,38,0,0,DOWN,50454774301,"L"
264507,76,38,0,0,UP,50510786101,"L"
264507,65,30,0,0,DOWN,50550630801,"A"
264507,65,30,0,0,UP,50598687401,"A"
264507,78,49,0,0,DOWN,50654785201,"N"
264507,78,49,0,0,UP,50718871001,"N"
264507,68,32,0,0,DOWN,50758752201,"D"
264507,70,33,0,0,DOWN,50854761101,"F"
264507,68,32,0,0,UP,50870764501,"D"
264507,70,33,0,0,UP,50934558801,"F"
264507,72,35,0,0,DOWN,50950666201,"H"
264507,66,48,0,0,DOWN,51054768901,"B"
264507,72,35,0,0,UP,51062444201,"H"
264507,85,22,0,0,DOWN,51150767301,"U"
264507,66,48,0,0,UP,51166717801,"B"
264507,82,19,0,0,DOWN,51254822701,"R"
264507,85,22,0,0,UP,51262749001,"U"
264507,71,34,0,0,DOWN,51350703101,"G"
264507,82,19,0,0,UP,51374742301,"R"
264507,69,18,0,0,DOWN,51454789401,"E"
264507,71,34,0,0,UP,51462472901,"G"
264507,78,49,0,0,DOWN,51550791501,"N"
264507,69,18,0,0,UP,51558540801,"E"
264507,78,49,0,0,UP,51614770001,"N"
264507,76,38,0,0,DOWN,51654779601,"L"
264507,76,38,0,0,UP,51710832101,"L"
264507,65,30,0,0,DOWN,51750830101,"A"
264507,65,30,0,0,UP,51798788001,"A"
264507,78,49,0,0,DOWN,51854766701,"N"
264507,78,49,0,0,UP,51910816901,"N"
264507,68,32,0,0,DOWN,51950805501,"D"
264507,70,33,0,0,DOWN,52054800501,"F"
264507,68,32,0,0,UP,52062860601,"D"
264507,70,33,0,0,UP,52126800801,"F"
264507,72,35,0,0,DOWN,52158800201,"H"
264507,72,35,0,0,UP,52254773201,"H"
264507,66,48,0,0,DOWN,52255578501,"B"
264507,85,22,0,0,DOWN,52358681001,"U"
264507,66,48,0,0,UP,52374726001,"B"
264507,82,19,0,0,DOWN,52454712401,"R"
264507,85,22,0,0,UP,52463021001,"U"
264507,71,34,0,0,DOWN,52558750601,"G"
264507,82,19,0,0,UP,52574946001,"R"
264507,69,18,0,0,DOWN,52654928901,"E"
264507,71,34,0,0,UP,52662856501,"G"
264507,78,49,0,0,DOWN,52750785501,"N"
264507,69,18,0,0,UP,52758806301,"E"
264507,78,49,0,0,UP,52822800301,"N"
264507,76,38,0,0,DOWN,52854762001,"L"
264507,76,38,0,0,UP,52910766501,"L"
264507,65,30,0,0,DOWN,52950644501,"A"
264507,65,30,0,0,UP,52998571001,"A"
264507,78,49,0,0,DOWN,53054785201,"N"
264507,78,49,0,0,UP,53118645501,"N"
264507,68,32,0,0,DOWN,53158807401,"D"
264507,70,33,0,0,DOWN,53254779101,"F"
264507,68,32,0,0,UP,53270467401,"D"
264507,70,33,0,0,UP,53334483801,"F"
264507,72,35,0,0,DOWN,53350730601,"H"
264507,66,48,0,0,DOWN,53454873601,"B"
264507,72,35,0,0,UP,53462770501,"H"
264507,85,22,0,0,DOWN,53550764301,"U"
264507,66,48,0,0,UP,53574770201,"B"
264507,82,19,0,0,DOWN,53654851601,"R"
264507,85,22,0,0,UP,53662783901,"U"
264507,71,34,0,0,DOWN,53750846401,"G"
264507,82,19,0,0,UP,53774893401,"R"
264507,69,18,0,0,DOWN,53854770901,"E"
264507,71,34,0,0,UP,53862342901,"G"
264507,78,49,0,0,DOWN,53950836401,"N"
264507,69,18,0,0,UP,53958837601,"E"
264507,78,49,0,0,UP,54014634501,"N"
264507,76,38,0,0,DOWN,54054545201,"L"
264507,76,38,0,0,UP,54110799501,"L"
264507,65,30,0,0,DOWN,54158857701,"A"
264507,65,30,0,0,UP,54198692901,"A"
264507,78,49,0,0,DOWN,54254836101,"N"
264507,78,49,0,0,UP,54318835501,"N"
264507,68,32,0,0,DOWN,54358853701,"D"
264507,70,33,0,0,DOWN,54454814301,"F"
264507,68,32,0,0,UP,54462786801,"D"
264507,70,33,0,0,UP,54534558301,"F"
264507,72,35,0,0,DOWN,54558785401,"H"
264507,66,48,0,0,DOWN,54654773101,"B"
264507,72,35,0,0,UP,54662756301,"H"
264507,85,22,0,0,DOWN,54750780401,"U"
264507,66,48,0,0,UP,54774738201,"B"
264507,82,19,0,0,DOWN,54854928301,"R"
264507,85,22,0,0,UP,54862749701,"U"
264507,71,34,0,0,DOWN,54950801101,"G"
264507,82,19,0,0,UP,54974848001,"R"
264507,69,18,0,0,DOWN,55054705701,"E"
264507,71,34,0,0,UP,55062537401,"G"
264507,78,49,0,0,DOWN,55150772401,"N"
264507,69,18,0,0,UP,55158770501,"E"
264507,78,49,0,0,UP,55214867701,"N"
264507,76,38,0,0,DOWN,55254872301,"L"
264507,76,38,0,0,UP,55310759001,"L"
264507,65,30,0,0,DOWN,55350794001,"A"
264507,65,30,0,0,UP,55398572201,"A"
264507,78,49,0,0,DOWN,55454830801,"N"
264507,78,49,0,0,UP,55518779801,"N"
264507,68,32,0,0,DOWN,55550855901,"D"
264507,70,33,0,0,DOWN,55654783901,"F"
264507,68,32,0,0,UP,55662768601,"D"
264507,70,33,0,0,UP,55726945401,"F"
264507,72,35,0,0,DOWN,55750793001,"H"
264507,66,48,0,0,DOWN,55854733601,"B"
264507,72,35,0,0,UP,55862816401,"H"
264507,85,22,0,0,DOWN,55950836201,"U"
264507,66,48,0,0,UP,55974860701,"B"
264507,82,19,0,0,DOWN,56054877101,"R"
264507,85,22,0,0,UP,56062778301,"U"
264507,71,34,0,0,DOWN,56150785601,"G"
264507,82,19,0,0,UP,56174948801,"R"
264507,69,18,0,0,DOWN,56254720601,"E"
264507,71,34,0,0,UP,56262951301,"G"
264507,78,49,0,0,DOWN,56358992201,"N"
264507,69,18,0,0,UP,56366680201,"E"
264507,78,49,0,0,UP,56422888101,"N"
264507,76,38,0,0,DOWN,56454786101,"L"
264507,76,38,0,0,UP,56518709101,"L"
264507,65,30,0,0,DOWN,56558567301,"A"
264507,65,30,0,0,UP,56599010501,"A"
264507,78,49,0,0,DOWN,56654831601,"N"
264507,78,49,0,0,UP,56718925301,"N"
264507,68,32,0,0,DOWN,56758522101,"D"
264507,70,33,0,0,DOWN,56854771701,"F"
264507,68,32,0,0,UP,56862791401,"D"
264507,70,33,0,0,UP,56934586401,"F"
264507,72,35,0,0,DOWN,56950785001,"H"
264507,66,48,0,0,DOWN,57054771801,"B"
264507,72,35,0,0,UP,57062763301,"H"
264507,85,22,0,0,DOWN,57150810201,"U"
264507,66,48,0,0,UP,57174942101,"B"
264507,82,19,0,0,DOWN,57254652901,"R"
264507,85,22,0,0,UP,57262809601,"U"
264507,71,34,0,0,DOWN,57350930601,"G"
264507,82,19,0,0,UP,57375064701,"R"
264507,69,18,0,0,DOWN,57454862201,"E"
264507,71,34,0,0,UP,57462813201,"G"
264507,78,49,0,0,DOWN,57550936601,"N"
264507,69,18,0,0,UP,57558822301,"E"
264507,78,49,0,0,UP,57614781601,"N"
264507,76,38,0,0,DOWN,57654943001,"L"
264507,76,38,0,0,UP,57710801301,"L"
264507,65,30,0,0,DOWN,57750751201,"A"
264507,65,30,0,0,UP,57798539601,"A"
264507,78,49,0,0,DOWN,57854761101,"N"
264507,78,49,0,0,UP,57918956301,"N"
264507,68,32,0,0,DOWN,57950742201,"D"
264507,70,33,0,0,DOWN,58054773601,"F"
264507,68,32,0,0,UP,58062528901,"D"
264507,70,33,0,0,UP,58126850901,"F"
264507,72,35,0,0,DOWN,58150607301,"H"
264507,66,48,0,0,DOWN,58254857701,"B"
264507,72,35,0,0,UP,58262981101,"H"
264507,85,22,0,0,DOWN,58350654901,"U"
264507,66,48,0,0,UP,58374777501,"B"
264507,82,19,0,0,DOWN,58454858001,"R"
264507,85,22,0,0,UP,58462820501,"U"
264507,71,34,0,0,DOWN,58558821401,"G"
264507,82,19,0,0,UP,58566877701,"R"
264507,69,18,0,0,DOWN,58654888601,"E"
264507,71,34,0,0,UP,58662765701,"G"
264507,69,18,0,0,UP,58758874101,"E"
264507,78,49,0,0,DOWN,58759652801,"N"
264507,78,49,0,0,UP,58822802201,"N"
264507,76,38,0,0,DOWN,58846811201,"L"
264507,76,38,0,0,UP,58910779901,"L"
264507,65,30,0,0,DOWN,58950817701,"A"
264507,65,30,0,0,UP,58998853701,"A"
264507,78,49,0,0,DOWN,59054844401,"N"
264507,78,49,0,0,UP,59118779201,"N"
264507,68,32,0,0,DOWN,59158492101,"D"
264507,70,33,0,0,DOWN,59254805001,"F"
264507,68,32,0,0,UP,59263003301,"D"
264507,70,33,0,0,UP,59326780601,"F"
264507,72,35,0,0,DOWN,59350929501,"H"
264507,66,48,0,0,DOWN,59454916701,"B"
264507,72,35,0,0,UP,59462383201,"H"
264507,85,22,0,0,DOWN,59550952201,"U"
264507,66,48,0,0,UP,59574814601,"B"
264507,82,19,0,0,DOWN,59654628001,"R"
264507,85,22,0,0,UP,59662969801,"U"
264507,71,34,0,0,DOWN,59750731801,"G"
264507,82,19,0,0,UP,59774781801,"R"
264507,69,18,0,0,DOWN,59854872001,"E"
264507,71,34,0,0,UP,59862971701,"G"
264507,69,18,0,0,UP,59950948401,"E"
264507,78,49,0,0,DOWN,59951820001,"N"
264507,78,49,0,0,UP,60014992401,"N"
264507,76,38,0,0,DOWN,60054776401,"L"
264507,76,38,0,0,UP,60110570401,"L"
264507,65,30,0,0,DOWN,60150896901,"A"
264507,65,30,0,0,UP,60198857701,"A"
264507,78,49,0,0,DOWN,60254913001,"N"
264507,78,49,0,0,UP,60318631501,"N"
264507,68,32,0,0,DOWN,60350919701,"D"
264507,70,33,0,0,DOWN,60455039001,"F"
264507,68,32,0,0,UP,60470819301,"D"
264507,70,33,0,0,UP,60526809901,"F"
264507,72,35,0,0,DOWN,60550874601,"H"
264507,66,48,0,0,DOWN,60654885701,"B"
264507,72,35,0,0,UP,60662792701,"H"
264507,85,22,0,0,DOWN,60758545801,"U"
264507,66,48,0,0,UP,60774875901,"B"
264507,82,19,0,0,DOWN,60854792201,"R"
264507,85,22,0,0,UP,60862820301,"U"
264507,71,34,0,0,DOWN,60958953201,"G"
264507,82,19,0,0,UP,60975177101,"R"
264507,69,18,0,0,DOWN,61054944901,"E"
264507,71,34,0,0,UP,61062817401,"G"
264507,78,49,0,0,DOWN,61150851401,"N"
264507,69,18,0,0,UP,61158785001,"E"
264507,78,49,0,0,UP,61222821401,"N"
264507,76,38,0,0,DOWN,61254915501,"L"
264507,76,38,0,0,UP,61318945801,"L"
264507,65,30,0,0,DOWN,61350905601,"A"
264507,65,30,0,0,UP,61398815601,"A"
264507,78,49,0,0,DOWN,61454883901,"N"
264507,78,49,0,0,UP,61519086201,"N"
264507,68,32,0,0,DOWN,61558719801,"D"
264507,70,33,0,0,DOWN,61654799301,"F"
264507,68,32,0,0,UP,61670974001,"D"
264507,70,33,0,0,UP,61726838701,"F"
264507,72,35,0,0,DOWN,61750886901,"H"
264507,66,48,0,0,DOWN,61854937401,"B"
264507,72,35,0,0,UP,61862979001,"H"
264507,85,22,0,0,DOWN,61950824601,"U"
264507,66,48,0,0,UP,61974837301,"B"
264507,82,19,0,0,DOWN,62054647401,"R"
264507,85,22,0,0,UP,62062808401,"U"
264507,71,34,0,0,DOWN,62151340101,"G"
264507,82,19,0,0,UP,62174847001,"R"
264507,69,18,0,0,DOWN,62254811201,"E"
264507,71,34,0,0,UP,62262412101,"G"
264507,69,18,0,0,UP,62350870401,"E"
264507,78,49,0,0,DOWN,62351594401,"N"
264507,78,49,0,0,UP,62422821701,"N"
264507,76,38,0,0,DOWN,62454881701,"L"
264507,76,38,0,0,UP,62510891201,"L"
264507,65,30,0,0,DOWN,62550974101,"A"
264507,65,30,0,0,UP,62598897301,"A"
264507,78,49,0,0,DOWN,62654815801,"N"
264507,78,49,0,0,UP,62718864401,"N"
264507,68,32,0,0,DOWN,62758871801,"D"
264507,70,33,0,0,DOWN,62854904101,"F"
264507,68,32,0,0,UP,62862836201,"D"
264507,70,33,0,0,UP,62926923501,"F"
264507,72,35,0,0,DOWN,62958877201,"H"
264507,66,48,0,0,DOWN,63054720601,"B"
264507,72,35,0,0,UP,63062829401,"H"
264507,85,22,0,0,DOWN,63158883601,"U"
264507,66,48,0,0,UP,63175029101,"B"
264507,82,19,0,0,DOWN,63254651001,"R"
264507,85,22,0,0,UP,63262815501,"U"
264507,71,34,0,0,DOWN,63358726701,"G"
264507,82,19,0,0,UP,63374563401,"R"
264507,69,18,0,0,DOWN,63454722201,"E"
264507,71,34,0,0,UP,63462862601,"G"
264507,78,49,0,0,DOWN,63550821501,"N"
264507,69,18,0,0,UP,63558838701,"E"
264507,78,49,0,0,UP,63614892001,"N"
264507,76,38,0,0,DOWN,63654659901,"L"
264507,76,38,0,0,UP,63710983201,"L"
264507,65,30,0,0,DOWN,63750906801,"A"
264507,65,30,0,0,UP,63799075501,"A"
264507,78,49,0,0,DOWN,63854624401,"N"
264507,78,49,0,0,UP,63918872301,"N"
264507,68,32,0,0,DOWN,63950828701,"D"
264507,70,33,0,0,DOWN,64054652501,"F"
264507,68,32,0,0,UP,64062819401,"D"
264507,70,33,0,0,UP,64126966501,"F"
264507,72,35,0,0,DOWN,64150878701,"H"
264507,66,48,0,0,DOWN,64254716301,"B"
264507,72,35,0,0,UP,64262848001,"H"
264507,85,22,0,0,DOWN,64350919201,"U"
264507,66,48,0,0,UP,64374581601,"B"
264507,82,19,0,0,DOWN,64454663001,"R"
264507,85,22,0,0,UP,64462869101,"U"
264507,71,34,0,0,DOWN,64550619701,"G"
264507,82,19,0,0,UP,64574734001,"R"
264507,69,18,0,0,DOWN,64654870701,"E"
264507,71,34,0,0,UP,64662966201,"G"
264507,69,18,0,0,UP,64758650601,"E"
264507,78,49,0,0,DOWN,64759314401,"N"
264507,78,49,0,0,UP,64823036401,"N"
264507,76,38,0,0,DOWN,64854861201,"L"
264507,76,38,0,0,UP,64910852201,"L"
264507,65,30,0,0,DOWN,64958916701,"A"
264507,65,30,0,0,UP,64998804901,"A"
264507,78,49,0,0,DOWN,65054862501,"N"
264507,78,49,0,0,UP,65110957001,"N"
264507,68,32,0,0,DOWN,65158917301,"D"
264507,70,33,0,0,DOWN,65254866301,"F"
264507,68,32,0,0,UP,65262873701,"D"
264507,70,33,0,0,UP,65334769101,"F"
264507,72,35,0,0,DOWN,65350920501,"H"
264507,66,48,0,0,DOWN,65454862601,"B"
264507,72,35,0,0,UP,65463014201,"H"
264507,85,22,0,0,DOWN,65550673801,"U"
264507,66,48,0,0,UP,65575164401,"B"
264507,82,19,0,0,DOWN,65654844201,"R"
264507,85,22,0,0,UP,65662800101,"U"
264507,71,34,0,0,DOWN,65750849701,"G"
264507,82,19,0,0,UP,65774945601,"R"
264507,69,18,0,0,DOWN,65854922501,"E"
264507,71,34,0,0,UP,65863021901,"G"
264507,69,18,0,0,UP,65950920501,"E"
264507,78,49,0,0,DOWN,65951801701,"N"
264507,78,49,0,0,UP,66014871301,"N"
264507,76,38,0,0,DOWN,66054982001,"L"
264507,76,38,0,0,UP,66110863101,"L"
264507,65,30,0,0,DOWN,66150875201,"A"
264507,65,30,0,0,UP,66198888001,"A"
264507,78,49,0,0,DOWN,66255100701,"N"
264507,78,49,0,0,UP,66310735201,"N"
264507,68,32,0,0,DOWN,66350900401,"D"
264507,70,33,0,0,DOWN,66454851801,"F"
264507,68,32,0,0,UP,66470941501,"D"
264507,70,33,0,0,UP,66534684901,"F"
264507,72,35,0,0,DOWN,66550955901,"H"
264507,66,48,0,0,DOWN,66654901001,"B"
264507,72,35,0,0,UP,66663037401,"H"
264507,85,22,0,0,DOWN,66751023701,"U"
264507,66,48,0,0,UP,66774795301,"B"
264507,82,19,0,0,DOWN,66854907601,"R"
264507,85,22,0,0,UP,66862844401,"U"
264507,71,34,0,0,DOWN,66958923101,"G"
264507,82,19,0,0,UP,66974772701,"R"
264507,69,18,0,0,DOWN,67055176001,"E"
264507,71,34,0,0,UP,67062607101,"G"
264507,69,18,0,0,UP,67158913201,"E"
264507,78,49,0,0,DOWN,67159798501,"N"
264507,78,49,0,0,UP,67214905501,"N"
264507,76,38,0,0,DOWN,67254884301,"L"
264507,76,38,0,0,UP,67318899301,"L"
264507,65,30,0,0,DOWN,67350667001,"A"
264507,65,30,0,0,UP,67398865401,"A"
264507,78,49,0,0,DOWN,67454895001,"N"
264507,78,49,0,0,UP,67502911601,"N"
264507,68,32,0,0,DOWN,67558900201,"D"
264507,70,33,0,0,DOWN,67654883401,"F"
264507,68,32,0,0,UP,67670887601,"D"
264507,70,33,0,0,UP,67734809101,"F"
264507,72,35,0,0,DOWN,67751010601,"H"
264507,66,48,0,0,DOWN,67854922701,"B"
264507,72,35,0,0,UP,67862831201,"H"
264507,85,22,0,0,DOWN,67951022701,"U"
264507,66,48,0,0,UP,67974893101,"B"
264507,82,19,0,0,DOWN,68054898901,"R"
264507,85,22,0,0,UP,68062533601,"U"
264507,71,34,0,0,DOWN,68150972201,"G"
264507,82,19,0,0,UP,68174659701,"R"
264507,69,18,0,0,DOWN,68254579001,"E"
264507,71,34,0,0,UP,68262579401,"G"
264507,78,49,0,0,DOWN,68350838001,"N"
264507,69,18,0,0,UP,68358917001,"E"
264507,78,49,0,0,UP,68414924301,"N"
264507,76,38,0,0,DOWN,68454957001,"L"
264507,76,38,0,0,UP,68510838801,"L"
264507,65,30,0,0,DOWN,68550945001,"A"
264507,65,30,0,0,UP,68591026401,"A"
264507,78,49,0,0,DOWN,68654880401,"N"
264507,78,49,0,0,UP,68710723801,"N"
264507,68,32,0,0,DOWN,68750891701,"D"
264507,70,33,0,0,DOWN,68854873701,"F"
264507,68,32,0,0,UP,68862838501,"D"
264507,70,33,0,0,UP,68926681101,"F"
264507,72,35,0,0,DOWN,68958935601,"H"
264507,66,48,0,0,DOWN,69054873501,"B"
264507,72,35,0,0,UP,69062858801,"H"
264507,85,22,0,0,DOWN,69158682401,"U"
264507,66,48,0,0,UP,69174832001,"B"
264507,82,19,0,0,DOWN,69254908901,"R"
264507,85,22,0,0,UP,69262869101,"U"
264507,71,34,0,0,DOWN,69358659401,"G"
264507,82,19,0,0,UP,69374774701,"R"
264507,69,18,0,0,DOWN,69454933501,"E"
264507,71,34,0,0,UP,69462857901,"G"
264507,69,18,0,0,UP,69550884501,"E"
264507,78,49,0,0,DOWN,69551634901,"N"
264507,78,49,0,0,UP,69614879301,"N"
264507,76,38,0,0,DOWN,69654750101,"L"
264507,76,38,0,0,UP,69718895501,"L"
264507,65,30,0,0,DOWN,69751020701,"A"
264507,65,30,0,0,UP,69798891301,"A"
264507,78,49,0,0,DOWN,69854930701,"N"
264507,78,49,0,0,UP,69910611801,"N"
264507,68,32,0,0,DOWN,69958740101,"D"
264507,70,33,0,0,DOWN,70054739401,"F"
264507,68,32,0,0,UP,70070881201,"D"
264507,70,33,0,0,UP,70126934801,"F"
264507,72,35,0,0,DOWN,70151041701,"H"
264507,66,48,0,0,DOWN,70254979901,"B"
264507,72,35,0,0,UP,70262864301,"H"
264507,85,22,0,0,DOWN,70350979001,"U"
264507,66,48,0,0,UP,70374939501,"B"
264507,82,19,0,0,DOWN,70455119601,"R"
264507,85,22,0,0,UP,70462733601,"U"
264507,71,34,0,0,DOWN,70550954501,"G"
264507,82,19,0,0,UP,70574937401,"R"
264507,69,18,0,0,DOWN,70654884901,"E"
264507,71,34,0,0,UP,70662522101,"G"
264507,69,18,0,0,UP,70751326601,"E"
264507,78,49,0,0,DOWN,70752053701,"N"
264507,78,49,0,0,UP,70814963401,"N"
264507,76,38,0,0,DOWN,70854977201,"L"
264507,76,38,0,0,UP,70910886301,"L"
264507,65,30,0,0,DOWN,70950973801,"A"
264507,65,30,0,0,UP,70990927601,"A"
264507,78,49,0,0,DOWN,71055386701,"N"
264507,78,49,0,0,UP,71118908501,"N"
264507,68,32,0,0,DOWN,71159104401,"D"
264507,70,33,0,0,DOWN,71255177001,"F"
264507,68,32,0,0,UP,71262742001,"D"
264507,70,33,0,0,UP,71326636601,"F"
264507,72,35,0,0,DOWN,71359084501,"H"
264507,66,48,0,0,DOWN,71454865201,"B"
264507,72,35,0,0,UP,71463001701,"H"
264507,85,22,0,0,DOWN,71559031101,"U"
264507,66,48,0,0,UP,71574951801,"B"
264507,82,19,0,0,DOWN,71654697601,"R"
264507,85,22,0,0,UP,71662985601,"U"
264507,71,34,0,0,DOWN,71758964501,"G"
264507,82,19,0,0,UP,71774962401,"R"
264507,69,18,0,0,DOWN,71855056801,"E"
264507,71,34,0,0,UP,71862798501,"G"
264507,69,18,0,0,UP,71950912301,"E"
264507,78,49,0,0,DOWN,71951905801,"N"
264507,78,49,0,0,UP,72015079501,"N"
264507,76,38,0,0,DOWN,72054975701,"L"
264507,76,38,0,0,UP,72110798601,"L"
264507,65,30,0,0,DOWN,72151078801,"A"
264507,65,30,0,0,UP,72199062301,"A"
264507,78,49,0,0,DOWN,72254936701,"N"
264507,78,49,0,0,UP,72310938201,"N"
264507,68,32,0,0,DOWN,72358988401,"D"
264507,70,33,0,0,DOWN,72455046901,"F"
264507,68,32,0,0,UP,72463028501,"D"
264507,70,33,0,0,UP,72527025701,"F"
264507,72,35,0,0,DOWN,72551026301,"H"
264507,66,48,0,0,DOWN,72654999601,"B"
264507,72,35,0,0,UP,72663001601,"H"
264507,85,22,0,0,DOWN,72750924101,"U"
264507,66,48,0,0,UP,72766919101,"B"
264507,82,19,0,0,DOWN,72854909001,"R"
264507,85,22,0,0,UP,72863016901,"U"
264507,71,34,0,0,DOWN,72951002401,"G"
264507,82,19,0,0,UP,72966971701,"R"
264507,69,18,0,0,DOWN,73054933101,"E"
264507,71,34,0,0,UP,73063062301,"G"
264507,78,49,0,0,DOWN,73159088801,"N"
264507,69,18,0,0,UP,73166944601,"E"
264507,78,49,0,0,UP,73214902201,"N"
264507,76,38,0,0,DOWN,73254997301,"L"
264507,76,38,0,0,UP,73310722101,"L"
264507,65,30,0,0,DOWN,73358964801,"A"
264507,65,30,0,0,UP,73398926001,"A"
264507,78,49,0,0,DOWN,73454948601,"N"
264507,78,49,0,0,UP,73511095201,"N"
264507,68,32,0,0,DOWN,73558989201,"D"
264507,70,33,0,0,DOWN,73654815601,"F"
264507,68,32,0,0,UP,73662997701,"D"
264507,70,33,0,0,UP,73734696201,"F"
264507,72,35,0,0,DOWN,73758962501,"H"
264507,66,48,0,0,DOWN,73854958301,"B"
264507,72,35,0,0,UP,73862883301,"H"
264507,85,22,0,0,DOWN,73950822401,"U"
264507,66,48,0,0,UP,73974934401,"B"
264507,82,19,0,0,DOWN,74054734501,"R"
264507,85,22,0,0,UP,74063058101,"U"
264507,71,34,0,0,DOWN,74150909001,"G"
264507,82,19,0,0,UP,74166747701,"R"
264507,69,18,0,0,DOWN,74254883301,"E"
264507,71,34,0,0,UP,74262872501,"G"
264507,78,49,0,0,DOWN,74351016301,"N"
264507,69,18,0,0,UP,74358912401,"E"
264507,78,49,0,0,UP,74414886201,"N"
264507,76,38,0,0,DOWN,74454989201,"L"
264507,76,38,0,0,UP,74511023701,"L"
264507,65,30,0,0,DOWN,74550950501,"A"
264507,65,30,0,0,UP,74599086701,"A"
264507,78,49,0,0,DOWN,74655004701,"N"
264507,78,49,0,0,UP,74711011901,"N"
264507,68,32,0,0,DOWN,74751011301,"D"
264507,70,33,0,0,DOWN,74854972801,"F"
264507,68,32,0,0,UP,74862975001,"D"
264507,70,33,0,0,UP,74926914001,"F"
264507,72,35,0,0,DOWN,74951009901,"H"
264507,66,48,0,0,DOWN,75054920801,"B"
264507,72,35,0,0,UP,75062812701,"H"
264507,85,22,0,0,DOWN,75151084601,"U"
264507,66,48,0,0,UP,75175099101,"B"
264507,82,19,0,0,DOWN,75255028201,"R"
264507,85,22,0,0,UP,75262770801,"U"
264507,71,34,0,0,DOWN,75358980301,"G"
264507,82,19,0,0,UP,75366942101,"R"
264507,69,18,0,0,DOWN,75454963301,"E"
264507,71,34,0,0,UP,75462647901,"G"
264507,69,18,0,0,UP,75559052301,"E"
264507,78,49,0,0,DOWN,75559830401,"N"
264507,78,49,0,0,UP,75614941701,"N"
264507,76,38,0,0,DOWN,75654988601,"L"
264507,76,38,0,0,UP,75703085801,"L"
264507,65,30,0,0,DOWN,75751083601,"A"
264507,65,30,0,0,UP,75798647201,"A"
264507,78,49,0,0,DOWN,75855045501,"N"
264507,78,49,0,0,UP,75918956901,"N"
264507,68,32,0,0,DOWN,75959000901,"D"
264507,70,33,0,0,DOWN,76054941601,"F"
264507,68,32,0,0,UP,76070944001,"D"
264507,70,33,0,0,UP,76134714701,"F"
264507,72,35,0,0,DOWN,76150998801,"H"
264507,66,48,0,0,DOWN,76255121401,"B"
264507,72,35,0,0,UP,76263207701,"H"
264507,85,22,0,0,DOWN,76350977601,"U"
264507,66,48,0,0,UP,76374998201,"B"
264507,82,19,0,0,DOWN,76454793801,"R"
264507,85,22,0,0,UP,76463229601,"U"
264507,71,34,0,0,DOWN,76550961801,"G"
264507,82,19,0,0,UP,76574932501,"R"
264507,69,18,0,0,DOWN,76655026601,"E"
264507,71,34,0,0,UP,76663166401,"G"
264507,78,49,0,0,DOWN,76751046801,"N"
264507,69,18,0,0,UP,76758980501,"E"
264507,78,49,0,0,UP,76814970701,"N"
264507,76,38,0,0,DOWN,76855017901,"L"
264507,76,38,0,0,UP,76910947801,"L"
264507,65,30,0,0,DOWN,76951011301,"A"
264507,65,30,0,0,UP,76998940901,"A"
264507,78,49,0,0,DOWN,77054932601,"N"
264507,78,49,0,0,UP,77119078901,"N"
264507,68,32,0,0,DOWN,77151001901,"D"
264507,70,33,0,0,DOWN,77254942401,"F"
264507,68,32,0,0,UP,77262964101,"D"
264507,70,33,0,0,UP,77327155401,"F"
264507,72,35,0,0,DOWN,77359017001,"H"
264507,72,35,0,0,UP,77455176801,"H"
264507,66,48,0,0,DOWN,77456084901,"B"
264507,85,22,0,0,DOWN,77559155701,"U"
264507,66,48,0,0,UP,77575021101,"B"
264507,82,19,0,0,DOWN,77654763101,"R"
264507,85,22,0,0,UP,77663236501,"U"
264507,71,34,0,0,DOWN,77758897301,"G"
264507,82,19,0,0,UP,77774907001,"R"
264507,69,18,0,0,DOWN,77854992301,"E"
264507,71,34,0,0,UP,77862930601,"G"
264507,78,49,0,0,DOWN,77951144901,"N"
264507,69,18,0,0,UP,77959043401,"E"
264507,78,49,0,0,UP,78015048301,"N"
264507,76,38,0,0,DOWN,78054901901,"L"
264507,76,38,0,0,UP,78110992601,"L"
264507,65,30,0,0,DOWN,78150972701,"A"
264507,65,30,0,0,UP,78198951201,"A"
264507,78,49,0,0,DOWN,78254756401,"N"
264507,78,49,0,0,UP,78319092101,"N"
264507,68,32,0,0,DOWN,78350687601,"D"
264507,70,33,0,0,DOWN,78455032401,"F"
264507,68,32,0,0,UP,78462974101,"D"
264507,70,33,0,0,UP,78527165001,"F"
264507,72,35,0,0,DOWN,78551085001,"H"
264507,66,48,0,0,DOWN,78654939301,"B"
264507,72,35,0,0,UP,78662980201,"H"
264507,85,22,0,0,DOWN,78750948401,"U"
264507,66,48,0,0,UP,78774986901,"B"
264507,82,19,0,0,DOWN,78854996201,"R"
264507,85,22,0,0,UP,78862945801,"U"
264507,71,34,0,0,DOWN,78951032501,"G"
264507,82,19,0,0,UP,78966727601,"R"
264507,69,18,0,0,DOWN,79055151301,"E"
264507,71,34,0,0,UP,79062741501,"G"
264507,69,18,0,0,UP,79159053201,"E"
264507,78,49,0,0,DOWN,79160012201,"N"
264507,78,49,0,0,UP,79215065301,"N"
264507,76,38,0,0,DOWN,79255195101,"L"
264507,76,38,0,0,UP,79310998401,"L"
264507,65,30,0,0,DOWN,79359015701,"A"
264507,65,30,0,0,UP,79398743701,"A"
264507,78,49,0,0,DOWN,79455010001,"N"
264507,78,49,0,0,UP,79518945201,"N"
264507,68,32,0,0,DOWN,79559312601,"D"
264507,70,33,0,0,DOWN,79655077601,"F"
264507,68,32,0,0,UP,79662947401,"D"
264507,70,33,0,0,UP,79727042101,"F"
264507,72,35,0,0,DOWN,79750806701,"H"
264507,66,48,0,0,DOWN,79855039701,"B"
264507,72,35,0,0,UP,79862947501,"H"
264507,85,22,0,0,DOWN,79951068701,"U"
264507,66,48,0,0,UP,79974983801,"B"
264507,82,19,0,0,DOWN,80054992601,"R"
264507,85,22,0,0,UP,80062796001,"U"
264507,71,34,0,0,DOWN,80150982501,"G"
264507,82,19,0,0,UP,80174969801,"R"
264507,71,34,0,0,UP,80254868601,"G"
264507,69,18,0,0,DOWN,80255601901,"E"
264507,78,49,0,0,DOWN,80351184301,"N"
264507,69,18,0,0,UP,80359054701,"E"
264507,78,49,0,0,UP,80422804901,"N"
264507,76,38,0,0,DOWN,80455022301,"L"
264507,76,38,0,0,UP,80511139201,"L"
264507,65,30,0,0,DOWN,80551030601,"A"
264507,65,30,0,0,UP,80599152301,"A"
264507,78,49,0,0,DOWN,80655060601,"N"
264507,78,49,0,0,UP,80718931501,"N"
264507,68,32,0,0,DOWN,80751094901,"D"
264507,70,33,0,0,DOWN,80855034101,"F"
264507,68,32,0,0,UP,80862981801,"D"
264507,70,33,0,0,UP,80927017801,"F"
264507,72,35,0,0,DOWN,80951115701,"H"
264507,72,35,0,0,UP,81054906601,"H"
264507,66,48,0,0,DOWN,81055237701,"B"
264507,85,22,0,0,DOWN,81159017501,"U"
264507,66,48,0,0,UP,81175029201,"B"
264507,82,19,0,0,DOWN,81254830301,"R"
264507,85,22,0,0,UP,81262994701,"U"
264507,71,34,0,0,DOWN,81359220501,"G"
264507,82,19,0,0,UP,81374980701,"R"
264507,69,18,0,0,DOWN,81454984201,"E"
264507,71,34,0,0,UP,81462995701,"G"
264507,78,49,0,0,DOWN,81559107001,"N"
264507,69,18,0,0,UP,81566918501,"E"
264507,78,49,0,0,UP,81623050001,"N"
264507,76,38,0,0,DOWN,81655049101,"L"
264507,76,38,0,0,UP,81710996201,"L"
264507,65,30,0,0,DOWN,81750997801,"A"
264507,65,30,0,0,UP,81798737101,"A"
264507,78,49,0,0,DOWN,81854997601,"N"
264507,78,49,0,0,UP,81918997401,"N"
264507,68,32,0,0,DOWN,81959118801,"D"
264507,70,33,0,0,DOWN,82054784301,"F"
264507,68,32,0,0,UP,82070778801,"D"
264507,70,33,0,0,UP,82127060001,"F"
264507,72,35,0,0,DOWN,82150845601,"H"
264507,66,48,0,0,DOWN,82255058801,"B"
264507,72,35,0,0,UP,82263003201,"H"
264507,85,22,0,0,DOWN,82350954601,"U"
264507,66,48,0,0,UP,82374934601,"B"
264507,82,19,0,0,DOWN,82455058901,"R"
264507,85,22,0,0,UP,82463005501,"U"
264507,71,34,0,0,DOWN,82550804901,"G"
264507,82,19,0,0,UP,82575048201,"R"
264507,69,18,0,0,DOWN,82654803701,"E"
264507,71,34,0,0,UP,82662967901,"G"
264507,69,18,0,0,UP,82750775201,"E"
264507,78,49,0,0,DOWN,82751672401,"N"
264507,78,49,0,0,UP,82823064301,"N"
264507,76,38,0,0,DOWN,82855114601,"L"
264507,76,38,0,0,UP,82910974201,"L"
264507,65,30,0,0,DOWN,82951061001,"A"
264507,65,30,0,0,UP,82998982801,"A"
264507,78,49,0,0,DOWN,83055060001,"N"
264507,78,49,0,0,UP,83118999401,"N"
264507,68,32,0,0,DOWN,83151007801,"D"
264507,70,33,0,0,DOWN,83254754501,"F"
264507,68,32,0,0,UP,83270832601,"D"
264507,70,33,0,0,UP,83326978401,"F"
264507,72,35,0,0,DOWN,83359049401,"H"
264507,72,35,0,0,UP,83454970701,"H"
264507,66,48,0,0,DOWN,83455657801,"B"
264507,85,22,0,0,DOWN,83559093201,"U"
264507,66,48,0,0,UP,83583028201,"B"
264507,82,19,0,0,DOWN,83655177901,"R"
264507,85,22,0,0,UP,83663035101,"U"
264507,71,34,0,0,DOWN,83758995701,"G"
264507,82,19,0,0,UP,83775010001,"R"
264507,69,18,0,0,DOWN,83855037101,"E"
264507,71,34,0,0,UP,83862987001,"G"
264507,78,49,0,0,DOWN,83951148501,"N"
264507,69,18,0,0,UP,83959032301,"E"
264507,78,49,0,0,UP,84022791001,"N"
264507,76,38,0,0,DOWN,84054948401,"L"
264507,76,38,0,0,UP,84111033801,"L"
264507,65,30,0,0,DOWN,84151195801,"A"
264507,65,30,0,0,UP,84199029801,"A"
264507,78,49,0,0,DOWN,84255079001,"N"
264507,78,49,0,0,UP,84318808401,"N"
264507,68,32,0,0,DOWN,84359055701,"D"
264507,70,33,0,0,DOWN,84454819301,"F"
264507,68,32,0,0,UP,84471363401,"D"
264507,70,33,0,0,UP,84534956601,"F"
264507,72,35,0,0,DOWN,84551162801,"H"
264507,66,48,0,0,DOWN,84655094501,"B"
264507,72,35,0,0,UP,84662839301,"H"
264507,85,22,0,0,DOWN,84751059401,"U"
264507,66,48,0,0,UP,84775040701,"B"
264507,82,19,0,0,DOWN,84855085701,"R"
264507,85,22,0,0,UP,84863065201,"U"
264507,71,34,0,0,DOWN,84951069801,"G"
264507,82,19,0,0,UP,84975243001,"R"
264507,69,18,0,0,DOWN,85054772301,"E"
264507,71,34,0,0,UP,85063003001,"G"
264507,69,18,0,0,UP,85151111001,"E"
264507,78,49,0,0,DOWN,85152331101,"N"
264507,78,49,0,0,UP,85223025701,"N"
264507,76,38,0,0,DOWN,85255049201,"L"
264507,76,38,0,0,UP,85311008701,"L"
264507,65,30,0,0,DOWN,85359097301,"A"
264507,65,30,0,0,UP,85399234201,"A"
264507,78,49,0,0,DOWN,85454829901,"N"
264507,78,49,0,0,UP,85519149001,"N"
264507,68,32,0,0,DOWN,85559062701,"D"
264507,70,33,0,0,DOWN,85654842401,"F"
264507,68,32,0,0,UP,85663042001,"D"
264507,70,33,0,0,UP,85734959701,"F"
264507,72,35,0,0,DOWN,85758982701,"H"
264507,66,48,0,0,DOWN,85855023901,"B"
264507,72,35,0,0,UP,85862995301,"H"
264507,85,22,0,0,DOWN,85951089401,"U"
264507,66,48,0,0,UP,85975041601,"B"
264507,82,19,0,0,DOWN,86054978401,"R"
264507,85,22,0,0,UP,86071156201,"U"
264507,71,34,0,0,DOWN,86151068401,"G"
264507,82,19,0,0,UP,86175078801,"R"
264507,69,18,0,0,DOWN,86254805801,"E"
264507,71,34,0,0,UP,86271000501,"G"
264507,69,18,0,0,UP,86350990501,"E"
264507,78,49,0,0,DOWN,86351801301,"N"
264507,78,49,0,0,UP,86423177701,"N"
264507,76,38,0,0,DOWN,86454914301,"L"
264507,76,38,0,0,UP,86518999301,"L"
264507,65,30,0,0,DOWN,86551143901,"A"
264507,65,30,0,0,UP,86598821301,"A"
264507,78,49,0,0,DOWN,86655036601,"N"
264507,78,49,0,0,UP,86719067101,"N"
264507,68,32,0,0,DOWN,86751083601,"D"
264507,70,33,0,0,DOWN,86855030201,"F"
264507,68,32,0,0,UP,86871073601,"D"
264507,70,33,0,0,UP,86927011101,"F"
264507,72,35,0,0,DOWN,86951035301,"H"
264507,66,48,0,0,DOWN,87055102501,"B"
264507,72,35,0,0,UP,87062975901,"H"
264507,85,22,0,0,DOWN,87151103501,"U"
264507,66,48,0,0,UP,87175023701,"B"
264507,82,19,0,0,DOWN,87255070601,"R"
264507,85,22,0,0,UP,87263022401,"U"
264507,71,34,0,0,DOWN,87358834401,"G"
264507,82,19,0,0,UP,87374988601,"R"
264507,69,18,0,0,DOWN,87455133101,"E"
264507,71,34,0,0,UP,87462751101,"G"
264507,69,18,0,0,UP,87559104101,"E"
264507,78,49,0,0,DOWN,87560099901,"N"
264507,78,49,0,0,UP,87615042101,"N"
264507,76,38,0,0,DOWN,87655093101,"L"
264507,76,38,0,0,UP,87719111201,"L"
264507,65,30,0,0,DOWN,87751160101,"A"
264507,65,30,0,0,UP,87798915301,"A"
264507,78,49,0,0,DOWN,87855195901,"N"
264507,78,49,0,0,UP,87910782701,"N"
264507,68,32,0,0,DOWN,87958920901,"D"
264507,70,33,0,0,DOWN,88054757901,"F"
264507,68,32,0,0,UP,88071251501,"D"
264507,70,33,0,0,UP,88134808201,"F"
264507,72,35,0,0,DOWN,88151161001,"H"
264507,66,48,0,0,DOWN,88254924101,"B"
264507,72,35,0,0,UP,88263050801,"H"
264507,85,22,0,0,DOWN,88351185801,"U"
264507,66,48,0,0,UP,88374948501,"B"
264507,82,19,0,0,DOWN,88455489001,"R"
264507,85,22,0,0,UP,88462684801,"U"
264507,71,34,0,0,DOWN,88551241701,"G"
264507,82,19,0,0,UP,88575156801,"R"
264507,69,18,0,0,DOWN,88655030401,"E"
264507,71,34,0,0,UP,88663053401,"G"
264507,69,18,0,0,UP,88751126301,"E"
264507,78,49,0,0,DOWN,88751862801,"N"
264507,78,49,0,0,UP,88815043901,"N"
264507,76,38,0,0,DOWN,88855053901,"L"
264507,76,38,0,0,UP,88911027301,"L"
264507,65,30,0,0,DOWN,88951043201,"A"
264507,65,30,0,0,UP,88991126301,"A"
264507,78,49,0,0,DOWN,89055159901,"N"
264507,78,49,0,0,UP,89111016001,"N"
264507,68,32,0,0,DOWN,89151133001,"D"
264507,70,33,0,0,DOWN,89254992701,"F"
264507,68,32,0,0,UP,89271035901,"D"
264507,70,33,0,0,UP,89327071801,"F"
264507,72,35,0,0,DOWN,89359099801,"H"
264507,66,48,0,0,DOWN,89455166201,"B"
264507,72,35,0,0,UP,89463055401,"H"
264507,85,22,0,0,DOWN,89559098301,"U"
264507,66,48,0,0,UP,89583112201,"B"
264507,82,19,0,0,DOWN,89655078301,"R"
264507,85,22,0,0,UP,89663001301,"U"
264507,71,34,0,0,DOWN,89759084401,"G"
264507,82,19,0,0,UP,89775021901,"R"
264507,69,18,0,0,DOWN,89855215201,"E"
264507,71,34,0,0,UP,89863042601,"G"
264507,78,49,0,0,DOWN,89951159501,"N"
264507,69,18,0,0,UP,89959043001,"E"
264507,78,49,0,0,UP,90015041801,"N"
264507,76,38,0,0,DOWN,90055071801,"L"
264507,76,38,0,0,UP,90119087101,"L"
264507,65,30,0,0,DOWN,90151065201,"A"
264507,65,30,0,0,UP,90198895901,"A"
264507,78,49,0,0,DOWN,90255098801,"N"
264507,78,49,0,0,UP,90311110201,"N"
264507,68,32,0,0,DOWN,90359114901,"D"
264507,70,33,0,0,DOWN,90455073201,"F"
264507,68,32,0,0,UP,90471081901,"D"
264507,70,33,0,0,UP,90534832901,"F"
264507,72,35,0,0,DOWN,90551028101,"H"
264507,66,48,0,0,DOWN,90655071401,"B"
264507,72,35,0,0,UP,90663038001,"H"
264507,85,22,0,0,DOWN,90751073301,"U"
264507,66,48,0,0,UP,90783027101,"B"
264507,82,19,0,0,DOWN,90855188401,"R"
264507,85,22,0,0,UP,90863045401,"U"
264507,71,34,0,0,DOWN,90951070001,"G"
264507,82,19,0,0,UP,90975085701,"R"
264507,69,18,0,0,DOWN,91055191101,"E"
264507,71,34,0,0,UP,91063088901,"G"
264507,69,18,0,0,UP,91151143701,"E"
264507,78,49,0,0,DOWN,91151853601,"N"
264507,78,49,0,0,UP,91215091601,"N"
264507,76,38,0,0,DOWN,91255149701,"L"
264507,76,38,0,0,UP,91319111701,"L"
264507,65,30,0,0,DOWN,91358935001,"A"
264507,65,30,0,0,UP,91399082301,"A"
264507,78,49,0,0,DOWN,91455177001,"N"
264507,78,49,0,0,UP,91510967801,"N"
264507,68,32,0,0,DOWN,91559091001,"D"
264507,70,33,0,0,DOWN,91655105301,"F"
264507,68,32,0,0,UP,91663040001,"D"
264507,70,33,0,0,UP,91735005201,"F"
264507,72,35,0,0,DOWN,91759136401,"H"
264507,66,48,0,0,DOWN,91855073201,"B"
264507,72,35,0,0,UP,91863073601,"H"
264507,85,22,0,0,DOWN,91951053501,"U"
264507,66,48,0,0,UP,91974843601,"B"
264507,82,19,0,0,DOWN,92055026201,"R"
264507,85,22,0,0,UP,92063054001,"U"
264507,71,34,0,0,DOWN,92151237801,"G"
264507,82,19,0,0,UP,92175085201,"R"
264507,69,18,0,0,DOWN,92255170701,"E"
264507,71,34,0,0,UP,92263078201,"G"
264507,69,18,0,0,UP,92351082501,"E"
264507,78,49,0,0,DOWN,92351860701,"N"
264507,78,49,0,0,UP,92415416301,"N"
264507,76,38,0,0,DOWN,92455063101,"L"
264507,76,38,0,0,UP,92510897601,"L"
264507,65,30,0,0,DOWN,92551103701,"A"
264507,65,30,0,0,UP,92599114001,"A"
264507,78,49,0,0,DOWN,92655191501,"N"
264507,78,49,0,0,UP,92711124701,"N"
264507,68,32,0,0,DOWN,92751160001,"D"
264507,70,33,0,0,DOWN,92855099801,"F"
264507,68,32,0,0,UP,92863096701,"D"
264507,70,33,0,0,UP,92927041601,"F"
264507,72,35,0,0,DOWN,92951128801,"H"
264507,66,48,0,0,DOWN,93055185401,"B"
264507,72,35,0,0,UP,93063069201,"H"
264507,85,22,0,0,DOWN,93159081801,"U"
264507,66,48,0,0,UP,93167151501,"B"
264507,82,19,0,0,DOWN,93255314801,"R"
264507,85,22,0,0,UP,93262918301,"U"
264507,71,34,0,0,DOWN,93359125501,"G"
264507,82,19,0,0,UP,93374889201,"R"
264507,69,18,0,0,DOWN,93455169401,"E"
264507,71,34,0,0,UP,93463104201,"G"
264507,69,18,0,0,UP,93559107101,"E"
264507,78,49,0,0,DOWN,93559947701,"N"
264507,78,49,0,0,UP,93615064501,"N"
264507,76,38,0,0,DOWN,93655270401,"L"
264507,76,38,0,0,UP,93719103301,"L"
264507,65,30,0,0,DOWN,93751176301,"A"
264507,65,30,0,0,UP,93799095801,"A"
264507,78,49,0,0,DOWN,93855122901,"N"
264507,78,49,0,0,UP,93919052601,"N"
264507,68,32,0,0,DOWN,93958917601,"D"
264507,70,33,0,0,DOWN,94054842301,"F"
264507,68,32,0,0,UP,94071106001,"D"
264507,70,33,0,0,UP,94135429601,"F"
264507,72,35,0,0,DOWN,94151013701,"H"
264507,66,48,0,0,DOWN,94255127001,"B"
264507,72,35,0,0,UP,94263089601,"H"
264507,85,22,0,0,DOWN,94351096701,"U"
264507,66,48,0,0,UP,94375181401,"B"
264507,82,19,0,0,DOWN,94455312801,"R"
264507,85,22,0,0,UP,94463055801,"U"
264507,71,34,0,0,DOWN,94551231301,"G"
264507,82,19,0,0,UP,94567117801,"R"
264507,69,18,0,0,DOWN,94655113101,"E"
264507,71,34,0,0,UP,94662747701,"G"
264507,69,18,0,0,UP,94751213901,"E"
264507,78,49,0,0,DOWN,94752193701,"N"
264507,78,49,0,0,UP,94823093801,"N"
264507,76,38,0,0,DOWN,94855179201,"L"
264507,76,38,0,0,UP,94911156301,"L"
264507,65,30,0,0,DOWN,94951162401,"A"
264507,65,30,0,0,UP,94999204401,"A"
264507,78,49,0,0,DOWN,95055138701,"N"
264507,78,49,0,0,UP,95111051401,"N"
264507,68,32,0,0,DOWN,95159104201,"D"
264507,70,33,0,0,DOWN,95255188201,"F"
264507,68,32,0,0,UP,95271129601,"D"
264507,70,33,0,0,UP,95327079301,"F"
264507,72,35,0,0,DOWN,95359125601,"H"
264507,66,48,0,0,DOWN,95455171901,"B"
264507,72,35,0,0,UP,95463053901,"H"
264507,85,22,0,0,DOWN,95559243001,"U"
264507,66,48,0,0,UP,95575118201,"B"
264507,82,19,0,0,DOWN,95655145001,"R"
264507,85,22,0,0,UP,95663202101,"U"
264507,71,34,0,0,DOWN,95758952501,"G"
264507,82,19,0,0,UP,95775098701,"R"
264507,69,18,0,0,DOWN,95855138601,"E"
264507,71,34,0,0,UP,95863136701,"G"
264507,78,49,0,0,DOWN,95951180301,"N"
264507,69,18,0,0,UP,95959146001,"E"
264507,78,49,0,0,UP,96015128001,"N"
264507,76,38,0,0,DOWN,96055061101,"L"
264507,76,38,0,0,UP,96111070301,"L"
264507,65,30,0,0,DOWN,96151131501,"A"
264507,65,30,0,0,UP,96199089201,"A"
264507,78,49,0,0,DOWN,96255141001,"N"
264507,78,49,0,0,UP,96319111301,"N"
264507,68,32,0,0,DOWN,96359151301,"D"
264507,70,33,0,0,DOWN,96455133301,"F"
264507,68,32,0,0,UP,96471258001,"D"
264507,70,33,0,0,UP,96535164701,"F"
264507,72,35,0,0,DOWN,96551104301,"H"
264507,66,48,0,0,DOWN,96655173301,"B"
264507,72,35,0,0,UP,96663078601,"H"
264507,85,22,0,0,DOWN,96751178201,"U"
264507,66,48,0,0,UP,96767157201,"B"
264507,82,19,0,0,DOWN,96855139801,"R"
264507,85,22,0,0,UP,96863409401,"U"
264507,71,34,0,0,DOWN,96951053501,"G"
264507,82,19,0,0,UP,96975072001,"R"
264507,69,18,0,0,DOWN,97055104101,"E"
264507,71,34,0,0,UP,97063131901,"G"
264507,69,18,0,0,UP,97159154901,"E"
264507,78,49,0,0,DOWN,97160212701,"N"
264507,78,49,0,0,UP,97215073301,"N"
264507,76,38,0,0,DOWN,97254935801,"L"
264507,76,38,0,0,UP,97319107001,"L"
264507,65,30,0,0,DOWN,97359121601,"A"
264507,65,30,0,0,UP,97398863401,"A"
264507,78,49,0,0,DOWN,97455272701,"N"
264507,78,49,0,0,UP,97511152801,"N"
264507,68,32,0,0,DOWN,97559174301,"D"
264507,70,33,0,0,DOWN,97655178401,"F"
264507,68,32,0,0,UP,97663423101,"D"
264507,70,33,0,0,UP,97735201601,"F"
264507,72,35,0,0,DOWN,97759158901,"H"
264507,72,35,0,0,UP,97855196001,"H"
264507,66,48,0,0,DOWN,97856063401,"B"
264507,85,22,0,0,DOWN,97950945801,"U"
264507,66,48,0,0,UP,97975148001,"B"
264507,82,19,0,0,DOWN,98055196201,"R"
264507,85,22,0,0,UP,98063121601,"U"
264507,71,34,0,0,DOWN,98151247801,"G"
264507,82,19,0,0,UP,98175195201,"R"
264507,71,34,0,0,UP,98254795901,"G"
264507,69,18,0,0,DOWN,98255840601,"E"
264507,78,49,0,0,DOWN,98351133001,"N"
264507,69,18,0,0,UP,98359237301,"E"
264507,78,49,0,0,UP,98415156901,"N"
264507,76,38,0,0,DOWN,98455174901,"L"
264507,76,38,0,0,UP,98511120401,"L"
264507,65,30,0,0,DOWN,98551158101,"A"
264507,65,30,0,0,UP,98599247901,"A"
264507,78,49,0,0,DOWN,98655099601,"N"
264507,78,49,0,0,UP,98719113901,"N"
264507,68,32,0,0,DOWN,98751065101,"D"
264507,70,33,0,0,DOWN,98855146501,"F"
264507,68,32,0,0,UP,98863281201,"D"
264507,70,33,0,0,UP,98927166101,"F"
264507,72,35,0,0,DOWN,98951155801,"H"
264507,66,48,0,0,DOWN,99055166101,"B"
264507,72,35,0,0,UP,99063123401,"H"
264507,85,22,0,0,DOWN,99159133701,"U"
264507,66,48,0,0,UP,99175274801,"B"
264507,82,19,0,0,DOWN,99255183201,"R"
264507,85,22,0,0,UP,99263255901,"U"
264507,71,34,0,0,DOWN,99359309101,"G"
264507,82,19,0,0,UP,99375227701,"R"
264507,69,18,0,0,DOWN,99455233401,"E"
264507,71,34,0,0,UP,99463350001,"G"
264507,69,18,0,0,UP,99559214401,"E"
264507,78,49,0,0,DOWN,99559933301,"N"
264507,78,49,0,0,UP,99623139801,"N"
264507,76,38,0,0,DOWN,99655264201,"L"
264507,76,38,0,0,UP,99711161301,"L"
264507,65,30,0,0,DOWN,99751264901,"A"
264507,65,30,0,0,UP,99799141501,"A"
264507,78,49,0,0,DOWN,99855169301,"N"
264507,78,49,0,0,UP,99911114201,"N"
264507,68,32,0,0,DOWN,99959188901,"D"
264507,70,33,0,0,DOWN,100055261301,"F"
264507,68,32,0,0,UP,100071159501,"D"
264507,70,33,0,0,UP,100127129601,"F"
264507,72,35,0,0,DOWN,100151159801,"H"
264507,66,48,0,0,DOWN,100255192201,"B"
264507,72,35,0,0,UP,100263004901,"H"
264507,85,22,0,0,DOWN,100351112701,"U"
264507,66,48,0,0,UP,100375123101,"B"
264507,82,19,0,0,DOWN,100455220401,"R"
264507,85,22,0,0,UP,100463143701,"U"
264507,71,34,0,0,DOWN,100551325601,"G"
264507,82,19,0,0,UP,100567190901,"R"
264507,69,18,0,0,DOWN,100655201701,"E"
264507,71,34,0,0,UP,100663141901,"G"
264507,78,49,0,0,DOWN,100751228501,"N"
264507,69,18,0,0,UP,100759229701,"E"
264507,78,49,0,0,UP,100815072001,"N"
264507,76,38,0,0,DOWN,100855131501,"L"
264507,76,38,0,0,UP,100911262301,"L"
264507,65,30,0,0,DOWN,100951200501,"A"
264507,65,30,0,0,UP,100999181501,"A"
264507,78,49,0,0,DOWN,101055276101,"N"
264507,78,49,0,0,UP,101119135701,"N"
264507,68,32,0,0,DOWN,101159126101,"D"
264507,70,33,0,0,DOWN,101255193701,"F"
264507,68,32,0,0,UP,101271341601,"D"
264507,70,33,0,0,UP,101327178301,"F"
264507,72,35,0,0,DOWN,101359195101,"H"
264507,66,48,0,0,DOWN,101455172101,"B"
264507,72,35,0,0,UP,101462749901,"H"
264507,85,22,0,0,DOWN,101559135601,"U"
264507,66,48,0,0,UP,101575118701,"B"
264507,82,19,0,0,DOWN,101655124101,"R"
264507,85,22,0,0,UP,101663219001,"U"
264507,71,34,0,0,DOWN,101759214601,"G"
264507,82,19,0,0,UP,101775159401,"R"
264507,69,18,0,0,DOWN,101855153801,"E"
264507,71,34,0,0,UP,101863352401,"G"
264507,78,49,0,0,DOWN,101951207601,"N"
264507,69,18,0,0,UP,101959259201,"E"
264507,78,49,0,0,UP,102015109101,"N"
264507,76,38,0,0,DOWN,102054923001,"L"
264507,76,38,0,0,UP,102111307401,"L"
264507,65,30,0,0,DOWN,102151158101,"A"
264507,65,30,0,0,UP,102199140801,"A"
264507,78,49,0,0,DOWN,102255216101,"N"
264507,78,49,0,0,UP,102319275101,"N"
264507,68,32,0,0,DOWN,102359386201,"D"
264507,70,33,0,0,DOWN,102455224501,"F"
264507,68,32,0,0,UP,102471196901,"D"
264507,70,33,0,0,UP,102527262201,"F"
264507,72,35,0,0,DOWN,102551346601,"H"
264507,66,48,0,0,DOWN,102655196901,"B"
264507,72,35,0,0,UP,102663147401,"H"
264507,85,22,0,0,DOWN,102751254401,"U"
264507,66,48,0,0,UP,102775178301,"B"
264507,82,19,0,0,DOWN,102855266501,"R"
264507,85,22,0,0,UP,102863162601,"U"
264507,71,34,0,0,DOWN,102951210001,"G"
264507,82,19,0,0,UP,102975283101,"R"
264507,69,18,0,0,DOWN,103055162001,"E"
264507,71,34,0,0,UP,103063208201,"G"
264507,69,18,0,0,UP,103159221901,"E"
264507,78,49,0,0,DOWN,103160235901,"N"
264507,78,49,0,0,UP,103215172501,"N"
264507,76,38,0,0,DOWN,103255180601,"L"
264507,76,38,0,0,UP,103311198501,"L"
264507,65,30,0,0,DOWN,103359228801,"A"
264507,65,30,0,0,UP,103398959701,"A"
264507,78,49,0,0,DOWN,103455178201,"N"
264507,78,49,0,0,UP,103519239801,"N"
264507,68,32,0,0,DOWN,103559387901,"D"
264507,70,33,0,0,DOWN,103655205701,"F"
264507,68,32,0,0,UP,103663177201,"D"
264507,70,33,0,0,UP,103727217301,"F"
264507,72,35,0,0,DOWN,103759142401,"H"
264507,66,48,0,0,DOWN,103855118401,"B"
264507,72,35,0,0,UP,103863215501,"H"
264507,85,22,0,0,DOWN,103951186301,"U"
264507,66,48,0,0,UP,103975253101,"B"
264507,82,19,0,0,DOWN,104055173801,"R"
264507,85,22,0,0,UP,104063162701,"U"
264507,71,34,0,0,DOWN,104151263901,"G"
264507,82,19,0,0,UP,104175161701,"R"
264507,69,18,0,0,DOWN,104255166001,"E"
264507,71,34,0,0,UP,104262792201,"G"
264507,78,49,0,0,DOWN,104350965001,"N"
264507,69,18,0,0,UP,104359271601,"E"
264507,78,49,0,0,UP,104415250001,"N"
264507,76,38,0,0,DOWN,104455236501,"L"
264507,76,38,0,0,UP,104511334401,"L"
264507,65,30,0,0,DOWN,104551221701,"A"
264507,65,30,0,0,UP,104599375701,"A"
264507,78,49,0,0,DOWN,104655386201,"N"
264507,78,49,0,0,UP,104719203201,"N"
264507,68,32,0,0,DOWN,104751284001,"D"
264507,70,33,0,0,DOWN,104855263601,"F"
264507,68,32,0,0,UP,104863127501,"D"
264507,70,33,0,0,UP,104927274601,"F"
264507,72,35,0,0,DOWN,104951229701,"H"
264507,66,48,0,0,DOWN,105055232501,"B"
264507,72,35,0,0,UP,105063160901,"H"
264507,85,22,0,0,DOWN,105159265501,"U"
264507,66,48,0,0,UP,105175345501,"B"
264507,82,19,0,0,DOWN,105255220601,"R"
264507,85,22,0,0,UP,105263171801,"U"
264507,71,34,0,0,DOWN,105359230601,"G"
264507,82,19,0,0,UP,105375348601,"R"
264507,69,18,0,0,DOWN,105455038001,"E"
264507,71,34,0,0,UP,105463232701,"G"
264507,69,18,0,0,UP,105559251601,"E"
264507,78,49,0,0,DOWN,105559975301,"N"
264507,78,49,0,0,UP,105615198901,"N"
264507,76,38,0,0,DOWN,105655381701,"L"
264507,76,38,0,0,UP,105711012501,"L"
264507,65,30,0,0,DOWN,105751204701,"A"
264507,65,30,0,0,UP,105799183601,"A"
264507,78,49,0,0,DOWN,105855159201,"N"
264507,78,49,0,0,UP,105919013301,"N"
264507,68,32,0,0,DOWN,105959142101,"D"
264507,70,33,0,0,DOWN,106055004501,"F"
264507,68,32,0,0,UP,106071181201,"D"
264507,70,33,0,0,UP,106127371701,"F"
264507,72,35,0,0,DOWN,106151227701,"H"
264507,66,48,0,0,DOWN,106255201901,"B"
264507,72,35,0,0,UP,106263172701,"H"
264507,85,22,0,0,DOWN,106351328901,"U"
264507,66,48,0,0,UP,106375197501,"B"
264507,82,19,0,0,DOWN,106455268201,"R"
264507,85,22,0,0,UP,106463173901,"U"
264507,71,34,0,0,DOWN,106551017001,"G"
264507,82,19,0,0,UP,106567356701,"R"
264507,69,18,0,0,DOWN,106655293101,"E"
264507,71,34,0,0,UP,106663118901,"G"
264507,78,49,0,0,DOWN,106751065901,"N"
264507,69,18,0,0,UP,106759221101,"E"
264507,78,49,0,0,UP,106822910901,"N"
264507,76,38,0,0,DOWN,106855092701,"L"
264507,76,38,0,0,UP,106911204401,"L"
264507,65,30,0,0,DOWN,106951056301,"A"
264507,65,30,0,0,UP,106999265901,"A"
264507,78,49,0,0,DOWN,107055209001,"N"
264507,78,49,0,0,UP,107119193001,"N"
264507,68,32,0,0,DOWN,107159266401,"D"
264507,70,33,0,0,DOWN,107255264701,"F"
264507,68,32,0,0,UP,107263203201,"D"
264507,70,33,0,0,UP,107327286501,"F"
264507,72,35,0,0,DOWN,107359287601,"H"
264507,66,48,0,0,DOWN,107455225201,"B"
264507,72,35,0,0,UP,107463239801,"H"
264507,85,22,0,0,DOWN,107559358501,"U"
264507,66,48,0,0,UP,107575279101,"B"
264507,82,19,0,0,DOWN,107655218001,"R"
264507,85,22,0,0,UP,107663226801,"U"
264507,71,34,0,0,DOWN,107759303501,"G"
264507,82,19,0,0,UP,107775353601,"R"
264507,69,18,0,0,DOWN,107855259001,"E"
264507,71,34,0,0,UP,107863187401,"G"
264507,78,49,0,0,DOWN,107951327901,"N"
264507,69,18,0,0,UP,107959242201,"E"
264507,78,49,0,0,UP,108023625401,"N"
264507,76,38,0,0,DOWN,108055336301,"L"
264507,76,38,0,0,UP,108111179001,"L"
264507,65,30,0,0,DOWN,108151305301,"A"
264507,65,30,0,0,UP,108199246201,"A"
264507,78,49,0,0,DOWN,108254938101,"N"
264507,78,49,0,0,UP,108327150401,"N"
264507,68,32,0,0,DOWN,108359294601,"D"
264507,70,33,0,0,DOWN,108455230301,"F"
264507,68,32,0,0,UP,108463030501,"D"
264507,70,33,0,0,UP,108527000101,"F"
264507,72,35,0,0,DOWN,108551387701,"H"
264507,66,48,0,0,DOWN,108655268501,"B"
264507,72,35,0,0,UP,108663217101,"H"
264507,85,22,0,0,DOWN,108751283801,"U"
264507,66,48,0,0,UP,108783252801,"B"
264507,82,19,0,0,DOWN,108855356001,"R"
264507,85,22,0,0,UP,108863202201,"U"
264507,71,34,0,0,DOWN,108951412501,"G"
264507,82,19,0,0,UP,108975312201,"R"
264507,69,18,0,0,DOWN,109055315901,"E"
264507,71,34,0,0,UP,109063048901,"G"
264507,69,18,0,0,UP,109159206401,"E"
264507,78,49,0,0,DOWN,109160032601,"N"
264507,78,49,0,0,UP,109223266801,"N"
264507,76,38,0,0,DOWN,109255262201,"L"
264507,76,38,0,0,UP,109311228001,"L"
264507,65,30,0,0,DOWN,109359303001,"A"
264507,65,30,0,0,UP,109399377601,"A"
264507,78,49,0,0,DOWN,109455259501,"N"
264507,78,49,0,0,UP,109519361501,"N"
264507,68,32,0,0,DOWN,109559343301,"D"
264507,70,33,0,0,DOWN,109655338701,"F"
264507,68,32,0,0,UP,109671025301,"D"
264507,70,33,0,0,UP,109735308801,"F"
264507,72,35,0,0,DOWN,109759254901,"H"
264507,72,35,0,0,UP,109855370301,"H"
264507,66,48,0,0,DOWN,109856283701,"B"
264507,85,22,0,0,DOWN,109951232101,"U"
264507,66,48,0,0,UP,109975275601,"B"
264507,82,19,0,0,DOWN,110055292001,"R"
264507,85,22,0,0,UP,110071303001,"U"
264507,71,34,0,0,DOWN,110151015401,"G"
264507,82,19,0,0,UP,110175232301,"R"
264507,69,18,0,0,DOWN,110255278301,"E"
264507,71,34,0,0,UP,110263190401,"G"
264507,78,49,0,0,DOWN,110351249101,"N"
264507,69,18,0,0,UP,110367322101,"E"
264507,78,49,0,0,UP,110423236501,"N"
264507,76,38,0,0,DOWN,110455293301,"L"
264507,76,38,0,0,UP,110511190501,"L"
264507,65,30,0,0,DOWN,110551308601,"A"
264507,65,30,0,0,UP,110607191301,"A"
264507,78,49,0,0,DOWN,110655238901,"N"
264507,78,49,0,0,UP,110727276201,"N"
264507,68,32,0,0,DOWN,110751318501,"D"
264507,70,33,0,0,DOWN,110855261701,"F"
264507,68,32,0,0,UP,110871394001,"D"
264507,70,33,0,0,UP,110927250701,"F"
264507,72,35,0,0,DOWN,110951180401,"H"
264507,66,48,0,0,DOWN,111055267901,"B"
264507,72,35,0,0,UP,111063320901,"H"
264507,85,22,0,0,DOWN,111159292001,"U"
264507,66,48,0,0,UP,111167202601,"B"
264507,82,19,0,0,DOWN,111255253701,"R"
264507,85,22,0,0,UP,111263187801,"U"
264507,71,34,0,0,DOWN,111359327301,"G"
264507,82,19,0,0,UP,111375246801,"R"
264507,69,18,0,0,DOWN,111455066401,"E"
264507,71,34,0,0,UP,111463207901,"G"
264507,78,49,0,0,DOWN,111559339901,"N"
264507,69,18,0,0,UP,111575241401,"E"
264507,78,49,0,0,UP,111623271201,"N"
264507,76,38,0,0,DOWN,111655361001,"L"
264507,76,38,0,0,UP,111711229901,"L"
264507,65,30,0,0,DOWN,111751298101,"A"
264507,65,30,0,0,UP,111799393301,"A"
264507,78,49,0,0,DOWN,111855256501,"N"
264507,78,49,0,0,UP,111911356201,"N"
264507,68,32,0,0,DOWN,111959307101,"D"
264507,70,33,0,0,DOWN,112055222201,"F"
264507,68,32,0,0,UP,112071229501,"D"
264507,70,33,0,0,UP,112135319101,"F"
264507,72,35,0,0,DOWN,112151361101,"H"
264507,66,48,0,0,DOWN,112255072601,"B"
264507,72,35,0,0,UP,112263239901,"H"
264507,85,22,0,0,DOWN,112351134001,"U"
264507,66,48,0,0,UP,112375258001,"B"
264507,82,19,0,0,DOWN,112455025901,"R"
264507,85,22,0,0,UP,112463192801,"U"
264507,71,34,0,0,DOWN,112551270601,"G"
264507,82,19,0,0,UP,112575270801,"R"
264507,69,18,0,0,DOWN,112655078901,"E"
264507,71,34,0,0,UP,112662994001,"G"
264507,69,18,0,0,UP,112751345601,"E"
264507,78,49,0,0,DOWN,112752377401,"N"
264507,78,49,0,0,UP,112815218401,"N"
264507,76,38,0,0,DOWN,112855041701,"L"
264507,76,38,0,0,UP,112911243101,"L"
264507,65,30,0,0,DOWN,112951261901,"A"
264507,65,30,0,0,UP,112999325101,"A"
264507,78,49,0,0,DOWN,113055137701,"N"
264507,78,49,0,0,UP,113119217101,"N"
264507,68,32,0,0,DOWN,113151362301,"D"
264507,70,33,0,0,DOWN,113255003401,"F"
264507,68,32,0,0,UP,113270927501,"D"
264507,70,33,0,0,UP,113326970601,"F"
264507,72,35,0,0,DOWN,113359265901,"H"
264507,66,48,0,0,DOWN,113455353801,"B"
264507,72,35,0,0,UP,113463330201,"H"
264507,85,22,0,0,DOWN,113559315101,"U"
264507,66,48,0,0,UP,113575257601,"B"
264507,82,19,0,0,DOWN,113655248801,"R"
264507,85,22,0,0,UP,113663336201,"U"
264507,71,34,0,0,DOWN,113759219001,"G"
264507,82,19,0,0,UP,113775294801,"R"
264507,69,18,0,0,DOWN,113855258401,"E"
264507,71,34,0,0,UP,113863133301,"G"
264507,69,18,0,0,UP,113959283701,"E"
264507,78,49,0,0,DOWN,113960401501,"N"
264507,78,49,0,0,UP,114015096601,"N"
264507,76,38,0,0,DOWN,114055317201,"L"
264507,76,38,0,0,UP,114111209801,"L"
264507,65,30,0,0,DOWN,114151301101,"A"
264507,65,30,0,0,UP,114199271201,"A"
264507,78,49,0,0,DOWN,114255304601,"N"
264507,78,49,0,0,UP,114311238801,"N"
264507,68,32,0,0,DOWN,114359308701,"D"
264507,70,33,0,0,DOWN,114455253801,"F"
264507,68,32,0,0,UP,114471249701,"D"
264507,70,33,0,0,UP,114535497801,"F"
264507,72,35,0,0,DOWN,114551296801,"H"
264507,66,48,0,0,DOWN,114655347601,"B"
264507,72,35,0,0,UP,114663247301,"H"
264507,85,22,0,0,DOWN,114751120701,"U"
264507,66,48,0,0,UP,114775339601,"B"
264507,82,19,0,0,DOWN,114855363301,"R"
264507,85,22,0,0,UP,114863242601,"U"
264507,71,34,0,0,DOWN,114951234901,"G"
264507,82,19,0,0,UP,114975329801,"R"
264507,69,18,0,0,DOWN,115055397601,"E"
264507,71,34,0,0,UP,115063129201,"G"
264507,69,18,0,0,UP,115151268001,"E"
264507,78,49,0,0,DOWN,115152157701,"N"
264507,78,49,0,0,UP,115215412401,"N"
264507,76,38,0,0,DOWN,115255299901,"L"
264507,76,38,0,0,UP,115311199201,"L"
264507,65,30,0,0,DOWN,115359406401,"A"
264507,65,30,0,0,UP,115399273601,"A"
264507,78,49,0,0,DOWN,115455340601,"N"
264507,78,49,0,0,UP,115519332901,"N"
264507,68,32,0,0,DOWN,115559419001,"D"
264507,70,33,0,0,DOWN,115655314001,"F"
264507,68,32,0,0,UP,115671278501,"D"
264507,70,33,0,0,UP,115735296601,"F"
264507,72,35,0,0,DOWN,115759295101,"H"
264507,66,48,0,0,DOWN,115855274601,"B"
264507,72,35,0,0,UP,115863256901,"H"
264507,85,22,0,0,DOWN,115959260501,"U"
264507,66,48,0,0,UP,115975303401,"B"
264507,82,19,0,0,DOWN,116055318401,"R"
264507,85,22,0,0,UP,116063280201,"U"
264507,71,34,0,0,DOWN,116159276101,"G"
264507,82,19,0,0,UP,116175187301,"R"
264507,69,18,0,0,DOWN,116255262101,"E"
264507,71,34,0,0,UP,116263065401,"G"
264507,78,49,0,0,DOWN,116351338601,"N"
264507,69,18,0,0,UP,116358984701,"E"
264507,78,49,0,0,UP,116415276001,"N"
264507,76,38,0,0,DOWN,116455315001,"L"
264507,76,38,0,0,UP,116511264901,"L"
264507,65,30,0,0,DOWN,116551016001,"A"
264507,65,30,0,0,UP,116599135701,"A"
264507,78,49,0,0,DOWN,116655398301,"N"
264507,78,49,0,0,UP,116711260501,"N"
264507,68,32,0,0,DOWN,116751303501,"D"
264507,70,33,0,0,DOWN,116855303701,"F"
264507,68,32,0,0,UP,116862997401,"D"
264507,70,33,0,0,UP,116935471001,"F"
264507,72,35,0,0,DOWN,116951372601,"H"
264507,66,48,0,0,DOWN,117055309801,"B"
264507,72,35,0,0,UP,117063281401,"H"
264507,85,22,0,0,DOWN,117151305701,"U"
264507,66,48,0,0,UP,117175069201,"B"
264507,82,19,0,0,DOWN,117255135301,"R"
264507,85,22,0,0,UP,117263233901,"U"
264507,71,34,0,0,DOWN,117359343501,"G"
264507,82,19,0,0,UP,117375146301,"R"
264507,69,18,0,0,DOWN,117455340401,"E"
264507,71,34,0,0,UP,117463255501,"G"
264507,69,18,0,0,UP,117559386601,"E"
264507,78,49,0,0,DOWN,117560414101,"N"
264507,78,49,0,0,UP,117615262501,"N"
264507,76,38,0,0,DOWN,117655293401,"L"
264507,76,38,0,0,UP,117719266401,"L"
264507,65,30,0,0,DOWN,117759277401,"A"
264507,65,30,0,0,UP,117799115001,"A"
264507,78,49,0,0,DOWN,117855348101,"N"
264507,78,49,0,0,UP,117911279301,"N"
264507,68,32,0,0,DOWN,117959318901,"D"
264507,70,33,0,0,DOWN,118055409801,"F"
264507,68,32,0,0,UP,118062976001,"D"
264507,70,33,0,0,UP,118127361301,"F"
264507,72,35,0,0,DOWN,118159159901,"H"
264507,66,48,0,0,DOWN,118255353201,"B"
264507,72,35,0,0,UP,118271181801,"H"
264507,85,22,0,0,DOWN,118351299601,"U"
264507,66,48,0,0,UP,118375439201,"B"
264507,82,19,0,0,DOWN,118455303001,"R"
264507,85,22,0,0,UP,118471307501,"U"
264507,71,34,0,0,DOWN,118551295401,"G"
264507,82,19,0,0,UP,118575439201,"R"
264507,69,18,0,0,DOWN,118655382401,"E"
264507,71,34,0,0,UP,118663099901,"G"
264507,69,18,0,0,UP,118751290101,"E"
264507,78,49,0,0,DOWN,118759119701,"N"
264507,78,49,0,0,UP,118815327601,"N"
264507,76,38,0,0,DOWN,118855329701,"L"
264507,76,38,0,0,UP,118911272301,"L"
264507,65,30,0,0,DOWN,118951302001,"A"
264507,65,30,0,0,UP,118999327101,"A"
264507,78,49,0,0,DOWN,119055356701,"N"
264507,78,49,0,0,UP,119111430201,"N"
264507,68,32,0,0,DOWN,119151356601,"D"
264507,70,33,0,0,DOWN,119255502301,"F"
264507,68,32,0,0,UP,119262922801,"D"
264507,70,33,0,0,UP,119335334001,"F"
264507,72,35,0,0,DOWN,119351359601,"H"
264507,66,48,0,0,DOWN,119455342601,"B"
264507,72,35,0,0,UP,119463203001,"H"
264507,85,22,0,0,DOWN,119559446701,"U"
264507,66,48,0,0,UP,119575294401,"B"
264507,82,19,0,0,DOWN,119655375901,"R"
264507,85,22,0,0,UP,119663029801,"U"
264507,71,34,0,0,DOWN,119759340801,"G"
264507,82,19,0,0,UP,119767346301,"R"
264507,69,18,0,0,DOWN,119855293001,"E"
264507,71,34,0,0,UP,119863077101,"G"
264507,69,18,0,0,UP,119959494001,"E"
264507,78,49,0,0,DOWN,119960165301,"N"
264507,78,49,0,0,UP,120015310901,"N"
264507,76,38,0,0,DOWN,120055373501,"L"
264507,76,38,0,0,UP,120111037001,"L"
264507,65,30,0,0,DOWN,120151400401,"A"
264507,65,30,0,0,UP,120199309301,"A"
264507,78,49,0,0,DOWN,120255376101,"N"
264507,78,49,0,0,UP,120311115101,"N"
264507,68,32,0,0,DOWN,120359366801,"D"
264507,70,33,0,0,DOWN,120455335801,"F"
264507,68,32,0,0,UP,120471319401,"D"
264507,70,33,0,0,UP,120535412201,"F"
264507,72,35,0,0,DOWN,120551406801,"H"
264507,66,48,0,0,DOWN,120655377801,"B"
264507,72,35,0,0,UP,120663083001,"H"
264507,85,22,0,0,DOWN,120751360701,"U"
264507,66,48,0,0,UP,120775346501,"B"
264507,82,19,0,0,DOWN,120855252301,"R"
264507,85,22,0,0,UP,120863244501,"U"
264507,71,34,0,0,DOWN,120951359901,"G"
264507,82,19,0,0,UP,120975313101,"R"
264507,69,18,0,0,DOWN,121055426101,"E"
264507,71,34,0,0,UP,121063432201,"G"
264507,69,18,0,0,UP,121151354301,"E"
264507,78,49,0,0,DOWN,121152206001,"N"
264507,78,49,0,0,UP,121215358601,"N"
264507,76,38,0,0,DOWN,121255341401,"L"
264507,76,38,0,0,UP,121311060701,"L"
264507,65,30,0,0,DOWN,121351351201,"A"
264507,65,30,0,0,UP,121399371701,"A"
264507,78,49,0,0,DOWN,121455368701,"N"
264507,78,49,0,0,UP,121511165501,"N"
264507,68,32,0,0,DOWN,121559447701,"D"
264507,70,33,0,0,DOWN,121655374501,"F"
264507,68,32,0,0,UP,121663495601,"D"
264507,70,33,0,0,UP,121727119901,"F"
264507,72,35,0,0,DOWN,121759390801,"H"
264507,66,48,0,0,DOWN,121855347001,"B"
264507,72,35,0,0,UP,121863267401,"H"
264507,85,22,0,0,DOWN,121959360701,"U"
264507,66,48,0,0,UP,121975393201,"B"
264507,82,19,0,0,DOWN,122055215101,"R"
264507,85,22,0,0,UP,122063362901,"U"
264507,71,34,0,0,DOWN,122159379001,"G"
264507,82,19,0,0,UP,122175358001,"R"
264507,69,18,0,0,DOWN,122255381401,"E"
264507,71,34,0,0,UP,122263310801,"G"
264507,78,49,0,0,DOWN,122351398501,"N"
264507,69,18,0,0,UP,122359400101,"E"
264507,78,49,0,0,UP,122415332801,"N"
264507,76,38,0,0,DOWN,122455428301,"L"
264507,76,38,0,0,UP,122511557001,"L"
264507,65,30,0,0,DOWN,122551462601,"A"
264507,65,30,0,0,UP,122599330601,"A"
264507,78,49,0,0,DOWN,122655493801,"N"
264507,78,49,0,0,UP,122719330301,"N"
264507,68,32,0,0,DOWN,122759380801,"D"
264507,70,33,0,0,DOWN,122855345301,"F"
264507,68,32,0,0,UP,122871439301,"D"
264507,70,33,0,0,UP,122935394701,"F"
264507,72,35,0,0,DOWN,122951372901,"H"
264507,66,48,0,0,DOWN,123055344901,"B"
264507,72,35,0,0,UP,123063105301,"H"
264507,85,22,0,0,DOWN,123151358001,"U"
264507,66,48,0,0,UP,123175383101,"B"
264507,82,19,0,0,DOWN,123255212001,"R"
264507,85,22,0,0,UP,123263429001,"U"
264507,71,34,0,0,DOWN,123351431501,"G"
264507,82,19,0,0,UP,123375172201,"R"
264507,69,18,0,0,DOWN,123455504001,"E"
264507,71,34,0,0,UP,123463346101,"G"
264507,69,18,0,0,UP,123559328801,"E"
264507,78,49,0,0,DOWN,123560315301,"N"
264507,78,49,0,0,UP,123615336701,"N"
264507,76,38,0,0,DOWN,123655389901,"L"
264507,76,38,0,0,UP,123711350101,"L"
264507,65,30,0,0,DOWN,123759338001,"A"
264507,65,30,0,0,UP,123799331301,"A"
264507,78,49,0,0,DOWN,123855244001,"N"
264507,78,49,0,0,UP,123911294501,"N"
264507,68,32,0,0,DOWN,123959426601,"D"
264507,70,33,0,0,DOWN,124055453501,"F"
264507,68,32,0,0,UP,124071326401,"D"
264507,70,33,0,0,UP,124127465401,"F"
264507,72,35,0,0,DOWN,124159474701,"H"
264507,66,48,0,0,DOWN,124255411401,"B"
264507,72,35,0,0,UP,124263283601,"H"
264507,85,22,0,0,DOWN,124351426301,"U"
264507,66,48,0,0,UP,124375462501,"B"
264507,82,19,0,0,DOWN,124455455701,"R"
264507,85,22,0,0,UP,124463096901,"U"
264507,71,34,0,0,DOWN,124551403101,"G"
264507,82,19,0,0,UP,124575438201,"R"
264507,69,18,0,0,DOWN,124655414401,"E"
264507,71,34,0,0,UP,124663431601,"G"
264507,78,49,0,0,DOWN,124751296001,"N"
264507,69,18,0,0,UP,124767331701,"E"
264507,78,49,0,0,UP,124815390201,"N"
264507,76,38,0,0,DOWN,124855395501,"L"
264507,76,38,0,0,UP,124911341001,"L"
264507,65,30,0,0,DOWN,124951483201,"A"
264507,65,30,0,0,UP,124999298001,"A"
264507,78,49,0,0,DOWN,125055518801,"N"
264507,78,49,0,0,UP,125111323001,"N"
264507,68,32,0,0,DOWN,125151442501,"D"
264507,70,33,0,0,DOWN,125255355201,"F"
264507,68,32,0,0,UP,125263466001,"D"
264507,70,33,0,0,UP,125335415501,"F"
264507,72,35,0,0,DOWN,125351507801,"H"
264507,66,48,0,0,DOWN,125455401401,"B"
264507,72,35,0,0,UP,125463500901,"H"
264507,85,22,0,0,DOWN,125559470601,"U"
264507,66,48,0,0,UP,125575380201,"B"
264507,82,19,0,0,DOWN,125655377301,"R"
264507,85,22,0,0,UP,125663403401,"U"
264507,71,34,0,0,DOWN,125759449501,"G"
264507,82,19,0,0,UP,125767156301,"R"
264507,69,18,0,0,DOWN,125855275401,"E"
264507,71,34,0,0,UP,125863429901,"G"
264507,78,49,0,0,DOWN,125959378301,"N"
264507,69,18,0,0,UP,125967345901,"E"
264507,78,49,0,0,UP,126023691401,"N"
264507,76,38,0,0,DOWN,126055336401,"L"
264507,76,38,0,0,UP,126111333001,"L"
264507,65,30,0,0,DOWN,126151396401,"A"
264507,65,30,0,0,UP,126199382201,"A"
264507,78,49,0,0,DOWN,126255291501,"N"
264507,78,49,0,0,UP,126319429001,"N"
264507,68,32,0,0,DOWN,126359449301,"D"
264507,70,33,0,0,DOWN,126455485101,"F"
264507,68,32,0,0,UP,126471590601,"D"
264507,70,33,0,0,UP,126535441601,"F"
264507,72,35,0,0,DOWN,126551464501,"H"
264507,66,48,0,0,DOWN,126655440801,"B"
264507,72,35,0,0,UP,126662956401,"H"
264507,85,22,0,0,DOWN,126751522201,"U"
264507,66,48,0,0,UP,126775389701,"B"
264507,82,19,0,0,DOWN,126855402701,"R"
264507,85,22,0,0,UP,126863506201,"U"
264507,71,34,0,0,DOWN,126951396901,"G"
264507,82,19,0,0,UP,126975482901,"R"
264507,69,18,0,0,DOWN,127055489801,"E"
264507,71,34,0,0,UP,127063319701,"G"
264507,78,49,0,0,DOWN,127151543801,"N"
264507,69,18,0,0,UP,127159415801,"E"
264507,78,49,0,0,UP,127223476801,"N"
264507,76,38,0,0,DOWN,127255205801,"L"
264507,76,38,0,0,UP,127311381501,"L"
264507,65,30,0,0,DOWN,127351326801,"A"
264507,65,30,0,0,UP,127399329401,"A"
264507,78,49,0,0,DOWN,127455471301,"N"
264507,78,49,0,0,UP,127519377601,"N"
264507,68,32,0,0,DOWN,127559420401,"D"
264507,70,33,0,0,DOWN,127655419801,"F"
264507,68,32,0,0,UP,127663366301,"D"
264507,70,33,0,0,UP,127727466401,"F"
264507,72,35,0,0,DOWN,127759489601,"H"
264507,66,48,0,0,DOWN,127855356001,"B"
264507,72,35,0,0,UP,127863268001,"H"
264507,85,22,0,0,DOWN,127959384801,"U"
264507,66,48,0,0,UP,127975393501,"B"
264507,82,19,0,0,DOWN,128055402901,"R"
264507,85,22,0,0,UP,128063364001,"U"
264507,71,34,0,0,DOWN,128159453801,"G"
264507,82,19,0,0,UP,128175418401,"R"
264507,69,18,0,0,DOWN,128255152801,"E"
264507,71,34,0,0,UP,128263270501,"G"
264507,78,49,0,0,DOWN,128351129701,"N"
264507,69,18,0,0,UP,128359361401,"E"
264507,78,49,0,0,UP,128423301901,"N"
264507,76,38,0,0,DOWN,128455429301,"L"
264507,76,38,0,0,UP,128511421801,"L"
264507,65,30,0,0,DOWN,128551466001,"A"
264507,65,30,0,0,UP,128599411701,"A"
264507,78,49,0,0,DOWN,128655430701,"N"
264507,78,49,0,0,UP,128719091201,"N"
264507,68,32,0,0,DOWN,128759425201,"D"
264507,70,33,0,0,DOWN,128855363001,"F"
264507,68,32,0,0,UP,128871330001,"D"
264507,70,33,0,0,UP,128935471901,"F"
264507,72,35,0,0,DOWN,128951427701,"H"
264507,66,48,0,0,DOWN,129055397901,"B"
264507,72,35,0,0,UP,129063363401,"H"
264507,85,22,0,0,DOWN,129151400901,"U"
264507,66,48,0,0,UP,129175533901,"B"
264507,82,19,0,0,DOWN,129255464701,"R"
264507,85,22,0,0,UP,129263345701,"U"
264507,71,34,0,0,DOWN,129359455201,"G"
264507,82,19,0,0,UP,129375380201,"R"
264507,69,18,0,0,DOWN,129455507601,"E"
264507,71,34,0,0,UP,129463108701,"G"
264507,78,49,0,0,DOWN,129559438901,"N"
264507,69,18,0,0,UP,129567189001,"E"
264507,78,49,0,0,UP,129615238301,"N"
264507,76,38,0,0,DOWN,129655394001,"L"
264507,76,38,0,0,UP,129711364301,"L"
264507,65,30,0,0,DOWN,129759405101,"A"
264507,65,30,0,0,UP,129799906801,"A"
264507,78,49,0,0,DOWN,129855419601,"N"
264507,78,49,0,0,UP,129919417601,"N"
264507,68,32,0,0,DOWN,129959462401,"D"
264507,70,33,0,0,DOWN,130055691201,"F"
264507,68,32,0,0,UP,130073077901,"D"
264507,70,33,0,0,UP,130135601101,"F"
264507,72,35,0,0,DOWN,130159430101,"H"
264507,66,48,0,0,DOWN,130255461501,"B"
264507,72,35,0,0,UP,130263358701,"H"
264507,85,22,0,0,DOWN,130351341801,"U"
264507,66,48,0,0,UP,130375460601,"B"
264507,82,19,0,0,DOWN,130455381801,"R"
264507,85,22,0,0,UP,130463161901,"U"
264507,71,34,0,0,DOWN,130551343401,"G"
264507,82,19,0,0,UP,130575462201,"R"
264507,69,18,0,0,DOWN,130655434001,"E"
264507,71,34,0,0,UP,130663178601,"G"
264507,78,49,0,0,DOWN,130751167401,"N"
264507,69,18,0,0,UP,130759372901,"E"
264507,78,49,0,0,UP,130823135501,"N"
264507,76,38,0,0,DOWN,130855401401,"L"
264507,76,38,0,0,UP,130911377701,"L"
264507,65,30,0,0,DOWN,130951186301,"A"
264507,65,30,0,0,UP,130999407001,"A"
264507,78,49,0,0,DOWN,131055384301,"N"
264507,78,49,0,0,UP,131119378501,"N"
264507,68,32,0,0,DOWN,131151272701,"D"
264507,70,33,0,0,DOWN,131255582301,"F"
264507,68,32,0,0,UP,131263129601,"D"
264507,70,33,0,0,UP,131327424001,"F"
264507,72,35,0,0,DOWN,131351211701,"H"
264507,66,48,0,0,DOWN,131455430501,"B"
264507,72,35,0,0,UP,131463370601,"H"
264507,85,22,0,0,DOWN,131559397101,"U"
264507,66,48,0,0,UP,131575438501,"B"
264507,82,19,0,0,DOWN,131655394701,"R"
264507,85,22,0,0,UP,131663405501,"U"
264507,71,34,0,0,DOWN,131759452801,"G"
264507,82,19,0,0,UP,131775550801,"R"
264507,69,18,0,0,DOWN,131855467901,"E"
264507,71,34,0,0,UP,131863393001,"G"
264507,69,18,0,0,UP,131959477901,"E"
264507,78,49,0,0,DOWN,131960397901,"N"
264507,78,49,0,0,UP,132023413301,"N"
264507,76,38,0,0,DOWN,132055470001,"L"
264507,76,38,0,0,UP,132111408701,"L"
264507,65,30,0,0,DOWN,132151104101,"A"
264507,65,30,0,0,UP,132199236701,"A"
264507,78,49,0,0,DOWN,132255360601,"N"
264507,78,49,0,0,UP,132319140801,"N"
264507,68,32,0,0,DOWN,132359458001,"D"
264507,70,33,0,0,DOWN,132455450201,"F"
264507,68,32,0,0,UP,132471630201,"D"
264507,70,33,0,0,UP,132527565701,"F"
264507,72,35,0,0,DOWN,132551417301,"H"
264507,66,48,0,0,DOWN,132655444301,"B"
264507,72,35,0,0,UP,132663404701,"H"
264507,85,22,0,0,DOWN,132751460001,"U"
264507,66,48,0,0,UP,132775368801,"B"
264507,82,19,0,0,DOWN,132855365901,"R"
264507,85,22,0,0,UP,132863399701,"U"
264507,71,34,0,0,DOWN,132951507201,"G"
264507,82,19,0,0,UP,132967284001,"R"
264507,71,34,0,0,UP,133055468801,"G"
264507,69,18,0,0,DOWN,133056648901,"E"
264507,69,18,0,0,UP,133151442401,"E"
264507,78,49,0,0,DOWN,133152110901,"N"
264507,78,49,0,0,UP,133223420101,"N"
264507,76,38,0,0,DOWN,133255392301,"L"
264507,76,38,0,0,UP,133311417801,"L"
264507,65,30,0,0,DOWN,133351454001,"A"
264507,65,30,0,0,UP,133399784501,"A"
264507,78,49,0,0,DOWN,133455542201,"N"
264507,78,49,0,0,UP,133519465901,"N"
264507,68,32,0,0,DOWN,133559473301,"D"
264507,70,33,0,0,DOWN,133655490101,"F"
264507,68,32,0,0,UP,133671458501,"D"
264507,70,33,0,0,UP,133727514701,"F"
264507,72,35,0,0,DOWN,133759288301,"H"
264507,66,48,0,0,DOWN,133855447101,"B"
264507,72,35,0,0,UP,133863367901,"H"
264507,85,22,0,0,DOWN,133959575601,"U"
264507,66,48,0,0,UP,133975558501,"B"
264507,82,19,0,0,DOWN,134055396201,"R"
264507,85,22,0,0,UP,134063137101,"U"
264507,71,34,0,0,DOWN,134159444301,"G"
264507,82,19,0,0,UP,134167427901,"R"
264507,69,18,0,0,DOWN,134255164601,"E"
264507,71,34,0,0,UP,134271392101,"G"
264507,69,18,0,0,UP,134351198601,"E"
264507,78,49,0,0,DOWN,134351907901,"N"
264507,78,49,0,0,UP,134423193601,"N"
264507,76,38,0,0,DOWN,134455639901,"L"
264507,76,38,0,0,UP,134511613701,"L"
264507,65,30,0,0,DOWN,134551442501,"A"
264507,65,30,0,0,UP,134599455801,"A"
264507,78,49,0,0,DOWN,134655287501,"N"
264507,78,49,0,0,UP,134727560601,"N"
264507,68,32,0,0,DOWN,134759395101,"D"
264507,70,33,0,0,DOWN,134855304301,"F"
264507,68,32,0,0,UP,134871604101,"D"
264507,70,33,0,0,UP,134927459401,"F"
264507,72,35,0,0,DOWN,134951547101,"H"
264507,66,48,0,0,DOWN,135055574401,"B"
264507,72,35,0,0,UP,135063247701,"H"
264507,85,22,0,0,DOWN,135151563001,"U"
264507,66,48,0,0,UP,135183754701,"B"
264507,82,19,0,0,DOWN,135255451601,"R"
264507,85,22,0,0,UP,135263247501,"U"
264507,71,34,0,0,DOWN,135351519301,"G"
264507,82,19,0,0,UP,135375575801,"R"
264507,69,18,0,0,DOWN,135455471401,"E"
264507,71,34,0,0,UP,135463421801,"G"
264507,69,18,0,0,UP,135559389601,"E"
264507,78,49,0,0,DOWN,135560279801,"N"
264507,78,49,0,0,UP,135623531301,"N"
264507,76,38,0,0,DOWN,135655435501,"L"
264507,76,38,0,0,UP,135711440401,"L"
264507,65,30,0,0,DOWN,135759496401,"A"
264507,65,30,0,0,UP,135799549401,"A"
264507,78,49,0,0,DOWN,135855552301,"N"
264507,78,49,0,0,UP,135919416001,"N"
264507,68,32,0,0,DOWN,135959577301,"D"
264507,70,33,0,0,DOWN,136055328701,"F"
264507,68,32,0,0,UP,136063329401,"D"
264507,70,33,0,0,UP,136135590301,"F"
264507,72,35,0,0,DOWN,136159490901,"H"
264507,66,48,0,0,DOWN,136255582401,"B"
264507,72,35,0,0,UP,136263386901,"H"
264507,85,22,0,0,DOWN,136351523301,"U"
264507,66,48,0,0,UP,136375330601,"B"
264507,82,19,0,0,DOWN,136455217901,"R"
264507,85,22,0,0,UP,136463432101,"U"
264507,71,34,0,0,DOWN,136551441801,"G"
264507,82,19,0,0,UP,136575391001,"R"
264507,69,18,0,0,DOWN,136655256101,"E"
264507,71,34,0,0,UP,136663420201,"G"
264507,69,18,0,0,UP,136751504601,"E"
264507,78,49,0,0,DOWN,136752168701,"N"
264507,78,49,0,0,UP,136815474801,"N"
264507,76,38,0,0,DOWN,136855526001,"L"
264507,76,38,0,0,UP,136911481701,"L"
264507,65,30,0,0,DOWN,136951491701,"A"
264507,65,30,0,0,UP,136999417401,"A"
264507,78,49,0,0,DOWN,137055458701,"N"
264507,78,49,0,0,UP,137127443001,"N"
264507,68,32,0,0,DOWN,137151624501,"D"
264507,70,33,0,0,DOWN,137255482501,"F"
264507,68,32,0,0,UP,137271523701,"D"
264507,70,33,0,0,UP,137327396701,"F"
264507,72,35,0,0,DOWN,137351502701,"H"
264507,66,48,0,0,DOWN,137455478201,"B"
264507,72,35,0,0,UP,137463553001,"H"
264507,85,22,0,0,DOWN,137559555001,"U"
264507,66,48,0,0,UP,137575507101,"B"
264507,82,19,0,0,DOWN,137655175601,"R"
264507,85,22,0,0,UP,137663554001,"U"
264507,71,34,0,0,DOWN,137759507701,"G"
264507,82,19,0,0,UP,137767478401,"R"
264507,69,18,0,0,DOWN,137855566201,"E"
264507,71,34,0,0,UP,137863411201,"G"
264507,69,18,0,0,UP,137959496501,"E"
264507,78,49,0,0,DOWN,137960357501,"N"
264507,78,49,0,0,UP,138023499801,"N"
264507,76,38,0,0,DOWN,138055560301,"L"
264507,76,38,0,0,UP,138111438701,"L"
264507,65,30,0,0,DOWN,138151497901,"A"
264507,65,30,0,0,UP,138199566401,"A"
264507,78,49,0,0,DOWN,138255529901,"N"
264507,78,49,0,0,UP,138311426301,"N"
264507,68,32,0,0,DOWN,138359490801,"D"
264507,70,33,0,0,DOWN,138455435901,"F"
264507,68,32,0,0,UP,138471552301,"D"
264507,70,33,0,0,UP,138535749101,"F"
264507,72,35,0,0,DOWN,138551501801,"H"
264507,66,48,0,0,DOWN,138655544301,"B"
264507,72,35,0,0,UP,138663504601,"H"
264507,85,22,0,0,DOWN,138751466601,"U"
264507,66,48,0,0,UP,138775819101,"B"
264507,82,19,0,0,DOWN,138855437701,"R"
264507,85,22,0,0,UP,138863442101,"U"
264507,71,34,0,0,DOWN,138951652401,"G"
264507,82,19,0,0,UP,138975627301,"R"
264507,69,18,0,0,DOWN,139055441101,"E"
264507,71,34,0,0,UP,139063523901,"G"
264507,69,18,0,0,UP,139151530601,"E"
264507,78,49,0,0,DOWN,139152572301,"N"
264507,78,49,0,0,UP,139223415601,"N"
264507,76,38,0,0,DOWN,139255528901,"L"
264507,76,38,0,0,UP,139311459401,"L"
264507,65,30,0,0,DOWN,139351610801,"A"
264507,65,30,0,0,UP,139399494601,"A"
264507,78,49,0,0,DOWN,139455509301,"N"
264507,78,49,0,0,UP,139519415201,"N"
264507,68,32,0,0,DOWN,139559501401,"D"
264507,70,33,0,0,DOWN,139655372901,"F"
264507,68,32,0,0,UP,139663523901,"D"
264507,70,33,0,0,UP,139727625001,"F"
264507,72,35,0,0,DOWN,139759462201,"H"
264507,66,48,0,0,DOWN,139855553201,"B"
264507,72,35,0,0,UP,139863448701,"H"
264507,85,22,0,0,DOWN,139959630901,"U"
264507,66,48,0,0,UP,139983393301,"B"
264507,82,19,0,0,DOWN,140055540201,"R"
264507,85,22,0,0,UP,140063259901,"U"
264507,71,34,0,0,DOWN,140159480001,"G"
264507,82,19,0,0,UP,140175476901,"R"
264507,69,18,0,0,DOWN,140255524801,"E"
264507,71,34,0,0,UP,140263549301,"G"
264507,78,49,0,0,DOWN,140351466701,"N"
264507,69,18,0,0,UP,140359327901,"E"
264507,78,49,0,0,UP,140415532601,"N"
264507,76,38,0,0,DOWN,140455510601,"L"
264507,76,38,0,0,UP,140519648301,"L"
264507,65,30,0,0,DOWN,140551575801,"A"
264507,65,30,0,0,UP,140599474801,"A"
264507,78,49,0,0,DOWN,140655523901,"N"
264507,78,49,0,0,UP,140711429401,"N"
264507,68,32,0,0,DOWN,140759526201,"D"
264507,70,33,0,0,DOWN,140855258801,"F"
264507,68,32,0,0,UP,140871329201,"D"
264507,70,33,0,0,UP,140935168001,"F"
264507,72,35,0,0,DOWN,140951408101,"H"
264507,66,48,0,0,DOWN,141055265101,"B"
264507,72,35,0,0,UP,141063496601,"H"
264507,85,22,0,0,DOWN,141151180201,"U"
264507,66,48,0,0,UP,141183278901,"B"
264507,82,19,0,0,DOWN,141255435501,"R"
264507,85,22,0,0,UP,141263489201,"U"
264507,71,34,0,0,DOWN,141351483901,"G"
264507,82,19,0,0,UP,141375268201,"R"
264507,69,18,0,0,DOWN,141455551001,"E"
264507,71,34,0,0,UP,141463621501,"G"
264507,69,18,0,0,UP,141559539601,"E"
264507,78,49,0,0,DOWN,141560260501,"N"
264507,78,49,0,0,UP,141615492001,"N"
264507,76,38,0,0,DOWN,141655720401,"L"
264507,76,38,0,0,UP,141719653701,"L"
264507,65,30,0,0,DOWN,141759292601,"A"
264507,65,30,0,0,UP,141799569201,"A"
264507,78,49,0,0,DOWN,141855566401,"N"
264507,78,49,0,0,UP,141919500201,"N"
264507,68,32,0,0,DOWN,141959492901,"D"
264507,70,33,0,0,DOWN,142055613301,"F"
264507,68,32,0,0,UP,142063534501,"D"
264507,70,33,0,0,UP,142127464401,"F"
264507,72,35,0,0,DOWN,142159605301,"H"
264507,66,48,0,0,DOWN,142255512101,"B"
264507,72,35,0,0,UP,142263524601,"H"
264507,85,22,0,0,DOWN,142359402801,"U"
264507,66,48,0,0,UP,142375570401,"B"
264507,82,19,0,0,DOWN,142455647001,"R"
264507,85,22,0,0,UP,142471487901,"U"
264507,71,34,0,0,DOWN,142551512701,"G"
264507,82,19,0,0,UP,142575666401,"R"
264507,69,18,0,0,DOWN,142655620701,"E"
264507,71,34,0,0,UP,142663509301,"G"
264507,78,49,0,0,DOWN,142751557901,"N"
264507,69,18,0,0,UP,142759478301,"E"
264507,78,49,0,0,UP,142815415401,"N"
264507,76,38,0,0,DOWN,142855205601,"L"
264507,76,38,0,0,UP,142911554701,"L"
264507,65,30,0,0,DOWN,142951542901,"A"
264507,65,30,0,0,UP,142999210401,"A"
264507,78,49,0,0,DOWN,143055613601,"N"
264507,78,49,0,0,UP,143111486001,"N"
264507,68,32,0,0,DOWN,143151494001,"D"
264507,70,33,0,0,DOWN,143255507301,"F"
264507,68,32,0,0,UP,143271199901,"D"
264507,70,33,0,0,UP,143335618401,"F"
264507,72,35,0,0,DOWN,143351537101,"H"
264507,66,48,0,0,DOWN,143455334101,"B"
264507,72,35,0,0,UP,143463593301,"H"
264507,85,22,0,0,DOWN,143559278901,"U"
264507,66,48,0,0,UP,143567499401,"B"
264507,82,19,0,0,DOWN,143655521701,"R"
264507,85,22,0,0,UP,143663611901,"U"
264507,71,34,0,0,DOWN,143759607901,"G"
264507,82,19,0,0,UP,143775504801,"R"
264507,69,18,0,0,DOWN,143855362001,"E"
264507,71,34,0,0,UP,143863213701,"G"
264507,69,18,0,0,UP,143959245301,"E"
264507,78,49,0,0,DOWN,143959759301,"N"
264507,78,49,0,0,UP,144023521901,"N"
264507,76,38,0,0,DOWN,144055516801,"L"
264507,76,38,0,0,UP,144119518301,"L"
264507,65,30,0,0,DOWN,144159558501,"A"
264507,65,30,0,0,UP,144199389701,"A"
264507,78,49,0,0,DOWN,144255548101,"N"
264507,78,49,0,0,UP,144311648101,"N"
264507,68,32,0,0,DOWN,144359643001,"D"
264507,70,33,0,0,DOWN,144455342301,"F"
264507,68,32,0,0,UP,144471496601,"D"
264507,70,33,0,0,UP,144535471401,"F"
264507,72,35,0,0,DOWN,144551492001,"H"
264507,66,48,0,0,DOWN,144655592701,"B"
264507,72,35,0,0,UP,144663596801,"H"
264507,85,22,0,0,DOWN,144751496801,"U"
264507,66,48,0,0,UP,144775663401,"B"
264507,82,19,0,0,DOWN,144855661201,"R"
264507,85,22,0,0,UP,144863219501,"U"
264507,71,34,0,0,DOWN,144951586801,"G"
264507,82,19,0,0,UP,144975672301,"R"
264507,69,18,0,0,DOWN,145055269201,"E"
264507,71,34,0,0,UP,145070552401,"G"
264507,78,49,0,0,DOWN,145151549401,"N"
264507,69,18,0,0,UP,145159540301,"E"
264507,78,49,0,0,UP,145215524601,"N"
264507,76,38,0,0,DOWN,145255594601,"L"
264507,76,38,0,0,UP,145311299601,"L"
264507,65,30,0,0,DOWN,145351629001,"A"
264507,65,30,0,0,UP,145399543901,"A"
264507,78,49,0,0,DOWN,145455608001,"N"
264507,78,49,0,0,UP,145511260401,"N"
264507,68,32,0,0,DOWN,145551542501,"D"
264507,70,33,0,0,DOWN,145655566101,"F"
264507,68,32,0,0,UP,145663355901,"D"
264507,70,33,0,0,UP,145727644001,"F"
264507,72,35,0,0,DOWN,145759418501,"H"
264507,66,48,0,0,DOWN,145855605101,"B"
264507,72,35,0,0,UP,145863277401,"H"
264507,85,22,0,0,DOWN,145959539101,"U"
264507,66,48,0,0,UP,145975543401,"B"
264507,82,19,0,0,DOWN,146055651401,"R"
264507,85,22,0,0,UP,146063239201,"U"
264507,71,34,0,0,DOWN,146159655401,"G"
264507,82,19,0,0,UP,146175478401,"R"
264507,69,18,0,0,DOWN,146255559601,"E"
264507,71,34,0,0,UP,146263441401,"G"
264507,69,18,0,0,UP,146359653501,"E"
264507,78,49,0,0,DOWN,146360344901,"N"
264507,78,49,0,0,UP,146415685901,"N"
264507,76,38,0,0,DOWN,146455591801,"L"
264507,76,38,0,0,UP,146511613001,"L"
264507,65,30,0,0,DOWN,146551669901,"A"
264507,65,30,0,0,UP,146599536901,"A"
264507,78,49,0,0,DOWN,146655543701,"N"
264507,78,49,0,0,UP,146711664201,"N"
264507,68,32,0,0,DOWN,146759594001,"D"
264507,70,33,0,0,DOWN,146855611801,"F"
264507,68,32,0,0,UP,146871558601,"D"
264507,70,33,0,0,UP,146927522801,"F"
264507,72,35,0,0,DOWN,146951618701,"H"
264507,66,48,0,0,DOWN,147055303701,"B"
264507,72,35,0,0,UP,147063452801,"H"
264507,85,22,0,0,DOWN,147151617501,"U"
264507,66,48,0,0,UP,147175523701,"B"
264507,82,19,0,0,DOWN,147255694301,"R"
264507,85,22,0,0,UP,147263434301,"U"
264507,71,34,0,0,DOWN,147351556401,"G"
264507,82,19,0,0,UP,147375535901,"R"
264507,69,18,0,0,DOWN,147455429601,"E"
264507,71,34,0,0,UP,147463563301,"G"
264507,69,18,0,0,UP,147551520301,"E"
264507,78,49,0,0,DOWN,147552334801,"N"
264507,78,49,0,0,UP,147615607701,"N"
264507,76,38,0,0,DOWN,147655580201,"L"
264507,76,38,0,0,UP,147711559301,"L"
264507,65,30,0,0,DOWN,147759628101,"A"
264507,65,30,0,0,UP,147799317401,"A"
264507,78,49,0,0,DOWN,147855578701,"N"
264507,78,49,0,0,UP,147919557901,"N"
264507,68,32,0,0,DOWN,147959560801,"D"
264507,70,33,0,0,DOWN,148055557701,"F"
264507,68,32,0,0,UP,148071567201,"D"
264507,70,33,0,0,UP,148127512101,"F"
264507,72,35,0,0,DOWN,148159590101,"H"
264507,72,35,0,0,UP,148255563901,"H"
264507,66,48,0,0,DOWN,148256354201,"B"
264507,85,22,0,0,DOWN,148359646801,"U"
264507,66,48,0,0,UP,148375587001,"B"
264507,82,19,0,0,DOWN,148455726701,"R"
264507,85,22,0,0,UP,148471634701,"U"
264507,71,34,0,0,DOWN,148559559101,"G"
264507,82,19,0,0,UP,148575560601,"R"
264507,69,18,0,0,DOWN,148655569301,"E"
264507,71,34,0,0,UP,148663403501,"G"
264507,78,49,0,0,DOWN,148751616301,"N"
264507,69,18,0,0,UP,148759556401,"E"
264507,78,49,0,0,UP,148815452301,"N"
264507,76,38,0,0,DOWN,148855644201,"L"
264507,76,38,0,0,UP,148911501801,"L"
264507,65,30,0,0,DOWN,148951615201,"A"
264507,65,30,0,0,UP,148999541201,"A"
264507,78,49,0,0,DOWN,149055530901,"N"
264507,78,49,0,0,UP,149111321101,"N"
264507,68,32,0,0,DOWN,149159329601,"D"
264507,70,33,0,0,DOWN,149255743201,"F"
264507,68,32,0,0,UP,149271271101,"D"
264507,70,33,0,0,UP,149335872801,"F"
264507,72,35,0,0,DOWN,149351565801,"H"
264507,66,48,0,0,DOWN,149455552401,"B"
264507,72,35,0,0,UP,149463634201,"H"
264507,85,22,0,0,DOWN,149551539101,"U"
264507,66,48,0,0,UP,149575580501,"B"
264507,82,19,0,0,DOWN,149655400601,"R"
264507,85,22,0,0,UP,149663573201,"U"
264507,71,34,0,0,DOWN,149759619001,"G"
264507,82,19,0,0,UP,149775594101,"R"
264507,69,18,0,0,DOWN,149855637301,"E"
264507,71,34,0,0,UP,149863657401,"G"
264507,69,18,0,0,UP,149959612601,"E"
264507,78,49,0,0,DOWN,149960740001,"N"
264507,78,49,0,0,UP,150015411501,"N"
264507,76,38,0,0,DOWN,150055569901,"L"
264507,76,38,0,0,UP,150111555401,"L"
264507,65,30,0,0,DOWN,150159617101,"A"
264507,65,30,0,0,UP,150199570001,"A"
264507,78,49,0,0,DOWN,150255573401,"N"
264507,78,49,0,0,UP,150311574801,"N"
264507,68,32,0,0,DOWN,150359610901,"D"
264507,70,33,0,0,DOWN,150455513901,"F"
264507,68,32,0,0,UP,150463631601,"D"
264507,70,33,0,0,UP,150519577601,"F"
264507,72,35,0,0,DOWN,150559515001,"H"
264507,66,48,0,0,DOWN,150655566901,"B"
264507,72,35,0,0,UP,150671492201,"H"
264507,85,22,0,0,DOWN,150751578101,"U"
264507,66,48,0,0,UP,150775333001,"B"
264507,82,19,0,0,DOWN,150855379801,"R"
264507,85,22,0,0,UP,150863231401,"U"
264507,71,34,0,0,DOWN,150951327301,"G"
264507,82,19,0,0,UP,150975326701,"R"
264507,69,18,0,0,DOWN,151055353201,"E"
264507,71,34,0,0,UP,151063277201,"G"
264507,78,49,0,0,DOWN,151151415701,"N"
264507,69,18,0,0,UP,151159320601,"E"
264507,78,49,0,0,UP,151215298301,"N"
264507,76,38,0,0,DOWN,151255663601,"L"
264507,76,38,0,0,UP,151311573501,"L"
264507,65,30,0,0,DOWN,151351696601,"A"
264507,65,30,0,0,UP,151399484201,"A"
264507,78,49,0,0,DOWN,151455621901,"N"
264507,78,49,0,0,UP,151511568501,"N"
264507,68,32,0,0,DOWN,151551621101,"D"
264507,70,33,0,0,DOWN,151655653401,"F"
264507,68,32,0,0,UP,151663707501,"D"
264507,70,33,0,0,UP,151727717501,"F"
264507,72,35,0,0,DOWN,151751452201,"H"
264507,66,48,0,0,DOWN,151855605301,"B"
264507,72,35,0,0,UP,151863473001,"H"
264507,85,22,0,0,DOWN,151959345801,"U"
264507,66,48,0,0,UP,151975597401,"B"
264507,82,19,0,0,DOWN,152055671401,"R"
264507,85,22,0,0,UP,152063615301,"U"
264507,71,34,0,0,DOWN,152159646901,"G"
264507,82,19,0,0,UP,152175537301,"R"
264507,69,18,0,0,DOWN,152255602201,"E"
264507,71,34,0,0,UP,152263612401,"G"
264507,78,49,0,0,DOWN,152359543501,"N"
264507,69,18,0,0,UP,152375677501,"E"
264507,78,49,0,0,UP,152415706801,"N"
264507,76,38,0,0,DOWN,152455681801,"L"
264507,76,38,0,0,UP,152519627501,"L"
264507,65,30,0,0,DOWN,152551608101,"A"
264507,65,30,0,0,UP,152599520301,"A"
264507,78,49,0,0,DOWN,152655593801,"N"
264507,78,49,0,0,UP,152711566401,"N"
264507,68,32,0,0,DOWN,152759595901,"D"
264507,70,33,0,0,DOWN,152855614501,"F"
264507,68,32,0,0,UP,152871642401,"D"
264507,70,33,0,0,UP,152935681901,"F"
264507,72,35,0,0,DOWN,152951628301,"H"
264507,66,48,0,0,DOWN,153055543301,"B"
264507,72,35,0,0,UP,153063657701,"H"
264507,85,22,0,0,DOWN,153151636301,"U"
264507,66,48,0,0,UP,153175617101,"B"
264507,82,19,0,0,DOWN,153255331101,"R"
264507,85,22,0,0,UP,153263580101,"U"
264507,71,34,0,0,DOWN,153351593301,"G"
264507,82,19,0,0,UP,153375718401,"R"
264507,69,18,0,0,DOWN,153455613301,"E"
264507,71,34,0,0,UP,153463177401,"G"
264507,69,18,0,0,UP,153551651901,"E"
264507,78,49,0,0,DOWN,153552686001,"N"
264507,78,49,0,0,UP,153623777801,"N"
264507,76,38,0,0,DOWN,153655748701,"L"
264507,76,38,0,0,UP,153711627301,"L"
264507,65,30,0,0,DOWN,153751590101,"A"
264507,65,30,0,0,UP,153799656801,"A"
264507,78,49,0,0,DOWN,153855632201,"N"
264507,78,49,0,0,UP,153919689801,"N"
264507,68,32,0,0,DOWN,153959647001,"D"
264507,70,33,0,0,DOWN,154055603201,"F"
264507,68,32,0,0,UP,154063583201,"D"
264507,70,33,0,0,UP,154128099601,"F"
264507,72,35,0,0,DOWN,154159661101,"H"
264507,66,48,0,0,DOWN,154255467201,"B"
264507,72,35,0,0,UP,154263641301,"H"
264507,85,22,0,0,DOWN,154359667301,"U"
264507,66,48,0,0,UP,154375578901,"B"
264507,82,19,0,0,DOWN,154455610801,"R"
264507,85,22,0,0,UP,154463624401,"U"
264507,71,34,0,0,DOWN,154559668801,"G"
264507,82,19,0,0,UP,154575629501,"R"
264507,69,18,0,0,DOWN,154655582401,"E"
264507,71,34,0,0,UP,154663592101,"G"
264507,69,18,0,0,UP,154759604901,"E"
264507,78,49,0,0,DOWN,154760455301,"N"
264507,78,49,0,0,UP,154815738001,"N"
264507,76,38,0,0,DOWN,154855651401,"L"
264507,76,38,0,0,UP,154911632601,"L"
264507,65,30,0,0,DOWN,154951433301,"A"
264507,65,30,0,0,UP,154999577301,"A"
264507,78,49,0,0,DOWN,155055651601,"N"
264507,78,49,0,0,UP,155111623001,"N"
264507,68,32,0,0,DOWN,155159745701,"D"
264507,70,33,0,0,DOWN,155255671101,"F"
264507,68,32,0,0,UP,155271451201,"D"
264507,70,33,0,0,UP,155335627501,"F"
264507,72,35,0,0,DOWN,155351439501,"H"
264507,66,48,0,0,DOWN,155455616301,"B"
264507,72,35,0,0,UP,155463595001,"H"
264507,85,22,0,0,DOWN,155551454201,"U"
264507,66,48,0,0,UP,155575647201,"B"
264507,82,19,0,0,DOWN,155655706801,"R"
264507,85,22,0,0,UP,155663620101,"U"
264507,71,34,0,0,DOWN,155751685501,"G"
264507,82,19,0,0,UP,155775656101,"R"
264507,69,18,0,0,DOWN,155855674101,"E"
264507,71,34,0,0,UP,155863622801,"G"
264507,69,18,0,0,UP,155959485001,"E"
264507,78,49,0,0,DOWN,155973358701,"N"
264507,78,49,0,0,UP,156023561201,"N"
264507,76,38,0,0,DOWN,156055634101,"L"
264507,76,38,0,0,UP,156111596701,"L"
264507,65,30,0,0,DOWN,156159705101,"A"
264507,65,30,0,0,UP,156199593601,"A"
264507,78,49,0,0,DOWN,156255500401,"N"
264507,78,49,0,0,UP,156319609001,"N"
264507,68,32,0,0,DOWN,156359634101,"D"
264507,70,33,0,0,DOWN,156455812901,"F"
264507,68,32,0,0,UP,156463699601,"D"
264507,70,33,0,0,UP,156535613401,"F"
264507,72,35,0,0,DOWN,156559670901,"H"
264507,66,48,0,0,DOWN,156655667401,"B"
264507,72,35,0,0,UP,156663700101,"H"
264507,85,22,0,0,DOWN,156759434701,"U"
264507,66,48,0,0,UP,156775597801,"B"
264507,82,19,0,0,DOWN,156855741701,"R"
264507,85,22,0,0,UP,156871635101,"U"
264507,71,34,0,0,DOWN,156959710501,"G"
264507,82,19,0,0,UP,156975751601,"R"
264507,69,18,0,0,DOWN,157055711701,"E"
264507,71,34,0,0,UP,157063607701,"G"
264507,78,49,0,0,DOWN,157151454201,"N"
264507,69,18,0,0,UP,157167739101,"E"
264507,78,49,0,0,UP,157215593901,"N"
264507,76,38,0,0,DOWN,157255668201,"L"
264507,76,38,0,0,UP,157311632901,"L"
264507,65,30,0,0,DOWN,157351636301,"A"
264507,65,30,0,0,UP,157399622401,"A"
264507,78,49,0,0,DOWN,157455665101,"N"
264507,78,49,0,0,UP,157519737701,"N"
264507,68,32,0,0,DOWN,157551642501,"D"
264507,70,33,0,0,DOWN,157655625401,"F"
264507,68,32,0,0,UP,157663572301,"D"
264507,70,33,0,0,UP,157735540801,"F"
264507,72,35,0,0,DOWN,157751469001,"H"
264507,66,48,0,0,DOWN,157855662201,"B"
264507,72,35,0,0,UP,157863717901,"H"
264507,85,22,0,0,DOWN,157959690101,"U"
264507,66,48,0,0,UP,157983772201,"B"
264507,82,19,0,0,DOWN,158055802601,"R"
264507,85,22,0,0,UP,158063615001,"U"
264507,71,34,0,0,DOWN,158159656401,"G"
264507,82,19,0,0,UP,158175669801,"R"
264507,69,18,0,0,DOWN,158255733201,"E"
264507,71,34,0,0,UP,158263331601,"G"
264507,78,49,0,0,DOWN,158359766401,"N"
264507,69,18,0,0,UP,158367695601,"E"
264507,78,49,0,0,UP,158415588501,"N"
264507,76,38,0,0,DOWN,158455640401,"L"
264507,76,38,0,0,UP,158511644501,"L"
264507,65,30,0,0,DOWN,158559633801,"A"
264507,65,30,0,0,UP,158599698501,"A"
264507,78,49,0,0,DOWN,158655482201,"N"
264507,78,49,0,0,UP,158719418601,"N"
264507,68,32,0,0,DOWN,158759634801,"D"
264507,70,33,0,0,DOWN,158855424601,"F"
264507,68,32,0,0,UP,158871767601,"D"
264507,70,33,0,0,UP,158935803701,"F"
264507,72,35,0,0,DOWN,158959734501,"H"
264507,66,48,0,0,DOWN,159055652301,"B"
264507,72,35,0,0,UP,159071492201,"H"
264507,85,22,0,0,DOWN,159151756501,"U"
264507,66,48,0,0,UP,159175595001,"B"
264507,82,19,0,0,DOWN,159255380901,"R"
264507,85,22,0,0,UP,159263686701,"U"
264507,71,34,0,0,DOWN,159351659301,"G"
264507,82,19,0,0,UP,159375742601,"R"
264507,69,18,0,0,DOWN,159455716301,"E"
264507,71,34,0,0,UP,159463720301,"G"
264507,78,49,0,0,DOWN,159551525401,"N"
264507,69,18,0,0,UP,159559697101,"E"
264507,78,49,0,0,UP,159615759301,"N"
264507,76,38,0,0,DOWN,159655660501,"L"
264507,76,38,0,0,UP,159711656901,"L"
264507,65,30,0,0,DOWN,159751390501,"A"
264507,65,30,0,0,UP,159799634501,"A"
264507,78,49,0,0,DOWN,159855615501,"N"
264507,78,49,0,0,UP,159911623301,"N"
264507,68,32,0,0,DOWN,159951695601,"D"
264507,70,33,0,0,DOWN,160055688601,"F"
264507,68,32,0,0,UP,160071332701,"D"
264507,70,33,0,0,UP,160127668301,"F"
264507,72,35,0,0,DOWN,160159732001,"H"
264507,66,48,0,0,DOWN,160255700401,"B"
264507,72,35,0,0,UP,160263662901,"H"
264507,85,22,0,0,DOWN,160359669201,"U"
264507,66,48,0,0,UP,160375631201,"B"
264507,82,19,0,0,DOWN,160455677101,"R"
264507,85,22,0,0,UP,160463657401,"U"
264507,71,34,0,0,DOWN,160559788101,"G"
264507,82,19,0,0,UP,160575641101,"R"
264507,69,18,0,0,DOWN,160655760201,"E"
264507,71,34,0,0,UP,160663685701,"G"
264507,78,49,0,0,DOWN,160759574101,"N"
264507,69,18,0,0,UP,160767661001,"E"
264507,78,49,0,0,UP,160815716701,"N"
264507,76,38,0,0,DOWN,160855425701,"L"
264507,76,38,0,0,UP,160911640901,"L"
264507,65,30,0,0,DOWN,160951659101,"A"
264507,65,30,0,0,UP,160999687001,"A"
264507,78,49,0,0,DOWN,161055450901,"N"
264507,78,49,0,0,UP,161119669101,"N"
264507,68,32,0,0,DOWN,161159650901,"D"
264507,70,33,0,0,DOWN,161255406201,"F"
264507,68,32,0,0,UP,161271534401,"D"
264507,70,33,0,0,UP,161335634601,"F"
264507,72,35,0,0,DOWN,161351806301,"H"
264507,66,48,0,0,DOWN,161455487401,"B"
264507,72,35,0,0,UP,161463702601,"H"
264507,85,22,0,0,DOWN,161551652001,"U"
264507,66,48,0,0,UP,161575761901,"B"
264507,82,19,0,0,DOWN,161655586101,"R"
264507,85,22,0,0,UP,161663786601,"U"
264507,71,34,0,0,DOWN,161751774601,"G"
264507,82,19,0,0,UP,161775894001,"R"
264507,69,18,0,0,DOWN,161855805701,"E"
264507,71,34,0,0,UP,161863251101,"G"
264507,69,18,0,0,UP,161951706601,"E"
264507,78,49,0,0,DOWN,161952584601,"N"
264507,78,49,0,0,UP,162023595501,"N"
264507,76,38,0,0,DOWN,162055737201,"L"
264507,76,38,0,0,UP,162111622701,"L"
264507,65,30,0,0,DOWN,162159687601,"A"
264507,65,30,0,0,UP,162199691301,"A"
264507,78,49,0,0,DOWN,162255768201,"N"
264507,78,49,0,0,UP,162319700101,"N"
264507,68,32,0,0,DOWN,162359830601,"D"
264507,70,33,0,0,DOWN,162455778801,"F"
264507,68,32,0,0,UP,162471754801,"D"
264507,70,33,0,0,UP,162535790701,"F"
264507,72,35,0,0,DOWN,162559716701,"H"
264507,66,48,0,0,DOWN,162655668801,"B"
264507,72,35,0,0,UP,162663624701,"H"
264507,85,22,0,0,DOWN,162759799101,"U"
264507,66,48,0,0,UP,162775562701,"B"
264507,82,19,0,0,DOWN,162855860701,"R"
264507,85,22,0,0,UP,162871667001,"U"
264507,71,34,0,0,DOWN,162959671101,"G"
264507,82,19,0,0,UP,162975681201,"R"
264507,69,18,0,0,DOWN,163055701701,"E"
264507,71,34,0,0,UP,163063613601,"G"
264507,78,49,0,0,DOWN,163151692001,"N"
264507,69,18,0,0,UP,163167813801,"E"
264507,78,49,0,0,UP,163215666101,"N"
264507,76,38,0,0,DOWN,163255718901,"L"
264507,76,38,0,0,UP,163311671101,"L"
264507,65,30,0,0,DOWN,163351714301,"A"
264507,65,30,0,0,UP,163399893601,"A"
264507,78,49,0,0,DOWN,163455521301,"N"
264507,78,49,0,0,UP,163519749701,"N"
264507,68,32,0,0,DOWN,163559717301,"D"
264507,70,33,0,0,DOWN,163655805801,"F"
264507,68,32,0,0,UP,163663726201,"D"
264507,70,33,0,0,UP,163735748001,"F"
264507,72,35,0,0,DOWN,163751706001,"H"
264507,66,48,0,0,DOWN,163855779301,"B"
264507,72,35,0,0,UP,163863685501,"H"
264507,85,22,0,0,DOWN,163959748201,"U"
264507,66,48,0,0,UP,163975745001,"B"
264507,82,19,0,0,DOWN,164055735501,"R"
264507,85,22,0,0,UP,164063437501,"U"
264507,71,34,0,0,DOWN,164159492201,"G"
264507,82,19,0,0,UP,164167792101,"R"
264507,69,18,0,0,DOWN,164255661501,"E"
264507,71,34,0,0,UP,164263709801,"G"
264507,78,49,0,0,DOWN,164359844301,"N"
264507,69,18,0,0,UP,164367693601,"E"
264507,78,49,0,0,UP,164423686001,"N"
264507,76,38,0,0,DOWN,164455717801,"L"
264507,76,38,0,0,UP,164511722601,"L"
264507,65,30,0,0,DOWN,164559677601,"A"
264507,65,30,0,0,UP,164599710701,"A"
264507,78,49,0,0,DOWN,164655725001,"N"
264507,78,49,0,0,UP,164719753801,"N"
264507,68,32,0,0,DOWN,164759688501,"D"
264507,70,33,0,0,DOWN,164855737201,"F"
264507,68,32,0,0,UP,164871678901,"D"
264507,70,33,0,0,UP,164935716301,"F"
264507,72,35,0,0,DOWN,164951692601,"H"
264507,66,48,0,0,DOWN,165055734701,"B"
264507,72,35,0,0,UP,165063666801,"H"
264507,85,22,0,0,DOWN,165151591101,"U"
264507,66,48,0,0,UP,165175443401,"B"
264507,82,19,0,0,DOWN,165255712701,"R"
264507,85,22,0,0,UP,165263687101,"U"
264507,71,34,0,0,DOWN,165351781501,"G"
264507,82,19,0,0,UP,165367695301,"R"
264507,69,18,0,0,DOWN,165455799501,"E"
264507,71,34,0,0,UP,165463702101,"G"
264507,69,18,0,0,UP,165551658401,"E"
264507,78,49,0,0,DOWN,165552521101,"N"
264507,78,49,0,0,UP,165623729601,"N"
264507,76,38,0,0,DOWN,165655705701,"L"
264507,76,38,0,0,UP,165711680901,"L"
264507,65,30,0,0,DOWN,165751762301,"A"
264507,65,30,0,0,UP,165799679901,"A"
264507,78,49,0,0,DOWN,165855840601,"N"
264507,78,49,0,0,UP,165919671301,"N"
264507,68,32,0,0,DOWN,165959639501,"D"
264507,70,33,0,0,DOWN,166055705401,"F"
264507,68,32,0,0,UP,166071692201,"D"
264507,70,33,0,0,UP,166127613401,"F"
264507,72,35,0,0,DOWN,166159700801,"H"
264507,66,48,0,0,DOWN,166255665901,"B"
264507,72,35,0,0,UP,166263659901,"H"
264507,85,22,0,0,DOWN,166359875301,"U"
264507,66,48,0,0,UP,166383710601,"B"
264507,82,19,0,0,DOWN,166455739001,"R"
264507,85,22,0,0,UP,166463696901,"U"
264507,71,34,0,0,DOWN,166559608601,"G"
264507,82,19,0,0,UP,166575896801,"R"
264507,69,18,0,0,DOWN,166655866601,"E"
264507,71,34,0,0,UP,166671786201,"G"
264507,69,18,0,0,UP,166751710001,"E"
264507,78,49,0,0,DOWN,166759533501,"N"
264507,78,49,0,0,UP,166823721701,"N"
264507,76,38,0,0,DOWN,166855873201,"L"
264507,76,38,0,0,UP,166919674201,"L"
264507,65,30,0,0,DOWN,166951697201,"A"
264507,65,30,0,0,UP,166999686901,"A"
264507,78,49,0,0,DOWN,167055671401,"N"
264507,78,49,0,0,UP,167119717101,"N"
264507,68,32,0,0,DOWN,167159491901,"D"
264507,70,33,0,0,DOWN,167255687501,"F"
264507,68,32,0,0,UP,167271720401,"D"
264507,70,33,0,0,UP,167327734901,"F"
264507,72,35,0,0,DOWN,167351844901,"H"
264507,66,48,0,0,DOWN,167455786701,"B"
264507,72,35,0,0,UP,167463545901,"H"
264507,85,22,0,0,DOWN,167551685601,"U"
264507,66,48,0,0,UP,167575811401,"B"
264507,82,19,0,0,DOWN,167655540701,"R"
264507,85,22,0,0,UP,167663705301,"U"
264507,71,34,0,0,DOWN,167751735501,"G"
264507,82,19,0,0,UP,167767774701,"R"
264507,69,18,0,0,DOWN,167855828101,"E"
264507,71,34,0,0,UP,167863717601,"G"
264507,78,49,0,0,DOWN,167959952601,"N"
264507,69,18,0,0,UP,167967695801,"E"
264507,78,49,0,0,UP,168023685701,"N"
264507,76,38,0,0,DOWN,168056085801,"L"
264507,76,38,0,0,UP,168111857401,"L"
264507,65,30,0,0,DOWN,168159635701,"A"
264507,65,30,0,0,UP,168199517001,"A"
264507,78,49,0,0,DOWN,168255538501,"N"
264507,78,49,0,0,UP,168319715501,"N"
264507,68,32,0,0,DOWN,168360314701,"D"
264507,70,33,0,0,DOWN,168455820901,"F"
264507,68,32,0,0,UP,168471722901,"D"
264507,70,33,0,0,UP,168535709301,"F"
264507,72,35,0,0,DOWN,168559763701,"H"
264507,72,35,0,0,UP,168655794701,"H"
264507,66,48,0,0,DOWN,168656510201,"B"
264507,85,22,0,0,DOWN,168759774801,"U"
264507,66,48,0,0,UP,168775696801,"B"
264507,82,19,0,0,DOWN,168855775601,"R"
264507,85,22,0,0,UP,168871864901,"U"
264507,71,34,0,0,DOWN,168959838401,"G"
264507,82,19,0,0,UP,168975781101,"R"
264507,69,18,0,0,DOWN,169055795201,"E"
264507,71,34,0,0,UP,169063690501,"G"
264507,78,49,0,0,DOWN,169151760901,"N"
264507,69,18,0,0,UP,169167747701,"E"
264507,78,49,0,0,UP,169223766301,"N"
264507,76,38,0,0,DOWN,169255750801,"L"
264507,76,38,0,0,UP,169311512301,"L"
264507,65,30,0,0,DOWN,169351804401,"A"
264507,65,30,0,0,UP,169407833401,"A"
264507,78,49,0,0,DOWN,169455771901,"N"
264507,78,49,0,0,UP,169519760201,"N"
264507,68,32,0,0,DOWN,169559847901,"D"
264507,70,33,0,0,DOWN,169655830601,"F"
264507,68,32,0,0,UP,169663718401,"D"
264507,70,33,0,0,UP,169727895501,"F"
264507,72,35,0,0,DOWN,169751682201,"H"
264507,66,48,0,0,DOWN,169855789901,"B"
264507,72,35,0,0,UP,169863741201,"H"
264507,85,22,0,0,DOWN,169959761001,"U"
264507,66,48,0,0,UP,169975748701,"B"
264507,82,19,0,0,DOWN,170055707301,"R"
264507,85,22,0,0,UP,170063839201,"U"
264507,71,34,0,0,DOWN,170159770501,"G"
264507,82,19,0,0,UP,170175763901,"R"
264507,69,18,0,0,DOWN,170255770501,"E"
264507,71,34,0,0,UP,170263689601,"G"
264507,78,49,0,0,DOWN,170359739901,"N"
264507,69,18,0,0,UP,170367744701,"E"
264507,78,49,0,0,UP,170423787401,"N"
264507,76,38,0,0,DOWN,170455756201,"L"
264507,76,38,0,0,UP,170519820601,"L"
264507,65,30,0,0,DOWN,170559805001,"A"
264507,65,30,0,0,UP,170599729301,"A"
264507,78,49,0,0,DOWN,170655797501,"N"
264507,78,49,0,0,UP,170719763601,"N"
264507,68,32,0,0,DOWN,170759764501,"D"
264507,70,33,0,0,DOWN,170855771901,"F"
264507,68,32,0,0,UP,170871748601,"D"
264507,70,33,0,0,UP,170927771401,"F"
264507,72,35,0,0,DOWN,170951811101,"H"
264507,66,48,0,0,DOWN,171055682601,"B"
264507,72,35,0,0,UP,171063876301,"H"
264507,85,22,0,0,DOWN,171151819201,"U"
264507,66,48,0,0,UP,171175866801,"B"
264507,82,19,0,0,DOWN,171255753001,"R"
264507,85,22,0,0,UP,171263735701,"U"
264507,71,34,0,0,DOWN,171352040001,"G"
264507,82,19,0,0,UP,171375742601,"R"
264507,71,34,0,0,UP,171463792901,"G"
264507,69,18,0,0,DOWN,171464511201,"E"
264507,69,18,0,0,UP,171551726301,"E"
264507,78,49,0,0,DOWN,171552584501,"N"
264507,78,49,0,0,UP,171623739801,"N"
264507,76,38,0,0,DOWN,171655700101,"L"
264507,76,38,0,0,UP,171711674501,"L"
264507,65,30,0,0,DOWN,171751805301,"A"
264507,65,30,0,0,UP,171799764301,"A"
264507,78,49,0,0,DOWN,171855811701,"N"
264507,78,49,0,0,UP,171927753601,"N"
264507,68,32,0,0,DOWN,171959752001,"D"
264507,70,33,0,0,DOWN,172055981001,"F"
264507,68,32,0,0,UP,172071796201,"D"
264507,70,33,0,0,UP,172127888001,"F"
264507,72,35,0,0,DOWN,172159792001,"H"
264507,66,48,0,0,DOWN,172255738801,"B"
264507,72,35,0,0,UP,172263618001,"H"
264507,85,22,0,0,DOWN,172359806101,"U"
264507,66,48,0,0,UP,172375749801,"B"
264507,82,19,0,0,DOWN,172455578901,"R"
264507,85,22,0,0,UP,172463544601,"U"
264507,71,34,0,0,DOWN,172559788901,"G"
264507,82,19,0,0,UP,172575831201,"R"
264507,69,18,0,0,DOWN,172655772401,"E"
264507,71,34,0,0,UP,172663799901,"G"
264507,78,49,0,0,DOWN,172759810301,"N"
264507,69,18,0,0,UP,172767723501,"E"
264507,78,49,0,0,UP,172823794601,"N"
264507,76,38,0,0,DOWN,172855787501,"L"
264507,76,38,0,0,UP,172911731101,"L"
264507,65,30,0,0,DOWN,172951942801,"A"
264507,65,30,0,0,UP,172999749801,"A"
264507,78,49,0,0,DOWN,173055820701,"N"
264507,78,49,0,0,UP,173127720301,"N"
264507,68,32,0,0,DOWN,173159838701,"D"
264507,70,33,0,0,DOWN,173255438501,"F"
264507,68,32,0,0,UP,173271526401,"D"
264507,70,33,0,0,UP,173335920101,"F"
264507,72,35,0,0,DOWN,173351714901,"H"
264507,66,48,0,0,DOWN,173455761701,"B"
264507,72,35,0,0,UP,173463824801,"H"
264507,85,22,0,0,DOWN,173551735901,"U"
264507,66,48,0,0,UP,173576000401,"B"
264507,82,19,0,0,DOWN,173655655301,"R"
264507,85,22,0,0,UP,173663775601,"U"
264507,71,34,0,0,DOWN,173751822301,"G"
264507,82,19,0,0,UP,173775706601,"R"
264507,71,34,0,0,UP,173855899501,"G"
264507,69,18,0,0,DOWN,173856609701,"E"
264507,69,18,0,0,UP,173959780301,"E"
264507,78,49,0,0,DOWN,173960500801,"N"
264507,78,49,0,0,UP,174023694101,"N"
264507,76,38,0,0,DOWN,174055790501,"L"
264507,76,38,0,0,UP,174111810401,"L"
264507,65,30,0,0,DOWN,174160119201,"A"
264507,65,30,0,0,UP,174199833601,"A"
264507,78,49,0,0,DOWN,174255778101,"N"
264507,78,49,0,0,UP,174319864101,"N"
264507,68,32,0,0,DOWN,174359901201,"D"
264507,70,33,0,0,DOWN,174455937801,"F"
264507,68,32,0,0,UP,174463817301,"D"
264507,70,33,0,0,UP,174519806301,"F"
264507,72,35,0,0,DOWN,174559816101,"H"
264507,66,48,0,0,DOWN,174655774501,"B"
264507,72,35,0,0,UP,174671820301,"H"
264507,85,22,0,0,DOWN,174751832001,"U"
264507,66,48,0,0,UP,174783761201,"B"
264507,82,19,0,0,DOWN,174855947201,"R"
264507,85,22,0,0,UP,174863815301,"U"
264507,71,34,0,0,DOWN,174951794601,"G"
264507,82,19,0,0,UP,174975668601,"R"
264507,69,18,0,0,DOWN,175055812401,"E"
264507,71,34,0,0,UP,175063818601,"G"
264507,78,49,0,0,DOWN,175151745701,"N"
264507,69,18,0,0,UP,175159681301,"E"
264507,78,49,0,0,UP,175215730701,"N"
264507,76,38,0,0,DOWN,175255845701,"L"
264507,76,38,0,0,UP,175311757001,"L"
264507,65,30,0,0,DOWN,175351838001,"A"
264507,65,30,0,0,UP,175407902601,"A"
264507,78,49,0,0,DOWN,175455975101,"N"
264507,78,49,0,0,UP,175527795501,"N"
264507,68,32,0,0,DOWN,175551877601,"D"
264507,70,33,0,0,DOWN,175655776801,"F"
264507,68,32,0,0,UP,175663589201,"D"
264507,70,33,0,0,UP,175727841701,"F"
264507,72,35,0,0,DOWN,175759758501,"H"
264507,66,48,0,0,DOWN,175855814601,"B"
264507,72,35,0,0,UP,175863404201,"H"
264507,85,22,0,0,DOWN,175959832301,"U"
264507,66,48,0,0,UP,175983593301,"B"
264507,82,19,0,0,DOWN,176055815201,"R"
264507,85,22,0,0,UP,176063735801,"U"
264507,71,34,0,0,DOWN,176159752901,"G"
264507,82,19,0,0,UP,176175771401,"R"
264507,69,18,0,0,DOWN,176255545901,"E"
264507,71,34,0,0,UP,176263777401,"G"
264507,69,18,0,0,UP,176359861301,"E"
264507,78,49,0,0,DOWN,176360579401,"N"
264507,78,49,0,0,UP,176415920301,"N"
264507,76,38,0,0,DOWN,176455584301,"L"
264507,76,38,0,0,UP,176511793501,"L"
264507,65,30,0,0,DOWN,176551497701,"A"
264507,65,30,0,0,UP,176599568201,"A"
264507,78,49,0,0,DOWN,176655834201,"N"
264507,78,49,0,0,UP,176719757301,"N"
264507,68,32,0,0,DOWN,176759852501,"D"
264507,70,33,0,0,DOWN,176855885601,"F"
264507,68,32,0,0,UP,176871794501,"D"
264507,70,33,0,0,UP,176935656501,"F"
264507,72,35,0,0,DOWN,176951638101,"H"
264507,66,48,0,0,DOWN,177055757701,"B"
264507,72,35,0,0,UP,177063780201,"H"
264507,85,22,0,0,DOWN,177151612201,"U"
264507,66,48,0,0,UP,177175788001,"B"
264507,82,19,0,0,DOWN,177255817201,"R"
264507,85,22,0,0,UP,177263777701,"U"
264507,71,34,0,0,DOWN,177351800201,"G"
264507,82,19,0,0,UP,177375670601,"R"
264507,69,18,0,0,DOWN,177455994001,"E"
264507,71,34,0,0,UP,177463813801,"G"
264507,69,18,0,0,UP,177551946401,"E"
264507,78,49,0,0,DOWN,177552808001,"N"
264507,78,49,0,0,UP,177623727201,"N"
264507,76,38,0,0,DOWN,177655940601,"L"
264507,76,38,0,0,UP,177719907001,"L"
264507,65,30,0,0,DOWN,177759831401,"A"
264507,65,30,0,0,UP,177799793501,"A"
264507,78,49,0,0,DOWN,177855747901,"N"
264507,78,49,0,0,UP,177919813301,"N"
264507,68,32,0,0,DOWN,177959799401,"D"
264507,70,33,0,0,DOWN,178055743501,"F"
264507,68,32,0,0,UP,178071761801,"D"
264507,70,33,0,0,UP,178135858501,"F"
264507,72,35,0,0,DOWN,178159885301,"H"
264507,66,48,0,0,DOWN,178255840101,"B"
264507,72,35,0,0,UP,178263868801,"H"
264507,85,22,0,0,DOWN,178359817901,"U"
264507,66,48,0,0,UP,178375770901,"B"
264507,82,19,0,0,DOWN,178455906701,"R"
264507,85,22,0,0,UP,178471857301,"U"
264507,71,34,0,0,DOWN,178559945701,"G"
264507,82,19,0,0,UP,178575806601,"R"
264507,69,18,0,0,DOWN,178655945201,"E"
264507,71,34,0,0,UP,178663393301,"G"
264507,78,49,0,0,DOWN,178751894801,"N"
264507,69,18,0,0,UP,178759800501,"E"
264507,78,49,0,0,UP,178815837301,"N"
264507,76,38,0,0,DOWN,178855863301,"L"
264507,76,38,0,0,UP,178911632301,"L"
264507,65,30,0,0,DOWN,178951636601,"A"
264507,65,30,0,0,UP,178999827701,"A"
264507,78,49,0,0,DOWN,179055611001,"N"
264507,78,49,0,0,UP,179119748901,"N"
264507,68,32,0,0,DOWN,179159819501,"D"
264507,70,33,0,0,DOWN,179255649101,"F"
264507,68,32,0,0,UP,179271532001,"D"
264507,70,33,0,0,UP,179327841001,"F"
264507,72,35,0,0,DOWN,179351583401,"H"
264507,66,48,0,0,DOWN,179455892501,"B"
264507,72,35,0,0,UP,179463860001,"H"
264507,85,22,0,0,DOWN,179551577901,"U"
264507,66,48,0,0,UP,179583983401,"B"
264507,82,19,0,0,DOWN,179655953301,"R"
264507,85,22,0,0,UP,179663840001,"U"
264507,71,34,0,0,DOWN,179759794801,"G"
264507,82,19,0,0,UP,179775781001,"R"
264507,69,18,0,0,DOWN,179855836801,"E"
264507,71,34,0,0,UP,179863811001,"G"
264507,69,18,0,0,UP,179959797701,"E"
264507,78,49,0,0,DOWN,179960505101,"N"
264507,78,49,0,0,UP,180023791601,"N"
264507,76,38,0,0,DOWN,180056147301,"L"
264507,76,38,0,0,UP,180111845601,"L"
264507,65,30,0,0,DOWN,180159831901,"A"
264507,65,30,0,0,UP,180199834101,"A"
264507,78,49,0,0,DOWN,180255861501,"N"
264507,78,49,0,0,UP,180311789401,"N"
264507,68,32,0,0,DOWN,180359957901,"D"
264507,70,33,0,0,DOWN,180455847101,"F"
264507,68,32,0,0,UP,180471814501,"D"
264507,70,33,0,0,UP,180535709201,"F"
264507,72,35,0,0,DOWN,180559818501,"H"
264507,72,35,0,0,UP,180655797801,"H"
264507,66,48,0,0,DOWN,180656738301,"B"
264507,85,22,0,0,DOWN,180751603001,"U"
264507,66,48,0,0,UP,180775830501,"B"
264507,82,19,0,0,DOWN,180855891801,"R"
264507,85,22,0,0,UP,180863806601,"U"
264507,71,34,0,0,DOWN,180951767901,"G"
264507,82,19,0,0,UP,180976219601,"R"
264507,69,18,0,0,DOWN,181055974201,"E"
264507,71,34,0,0,UP,181063897901,"G"
264507,69,18,0,0,UP,181151807901,"E"
264507,78,49,0,0,DOWN,181152584701,"N"
264507,78,49,0,0,UP,181223856901,"N"
264507,76,38,0,0,DOWN,181255792301,"L"
264507,76,38,0,0,UP,181311816201,"L"
264507,65,30,0,0,DOWN,181351813901,"A"
264507,65,30,0,0,UP,181399867401,"A"
264507,78,49,0,0,DOWN,181455853301,"N"
264507,78,49,0,0,UP,181511953701,"N"
264507,68,32,0,0,DOWN,181559894301,"D"
264507,70,33,0,0,DOWN,181655972201,"F"
264507,68,32,0,0,UP,181671593401,"D"
264507,70,33,0,0,UP,181727817701,"F"
264507,72,35,0,0,DOWN,181759920201,"H"
264507,72,35,0,0,UP,181855972201,"H"
264507,66,48,0,0,DOWN,181856880001,"B"
264507,85,22,0,0,DOWN,181959876801,"U"
264507,66,48,0,0,UP,181983764801,"B"
264507,82,19,0,0,DOWN,182055796901,"R"
264507,85,22,0,0,UP,182063776701,"U"
264507,71,34,0,0,DOWN,182159971101,"G"
264507,82,19,0,0,UP,182175967701,"R"
264507,69,18,0,0,DOWN,182255919601,"E"
264507,71,34,0,0,UP,182263824601,"G"
264507,78,49,0,0,DOWN,182359848401,"N"
264507,69,18,0,0,UP,182367825601,"E"
264507,78,49,0,0,UP,182415827701,"N"
264507,76,38,0,0,DOWN,182455878001,"L"
264507,76,38,0,0,UP,182511822101,"L"
264507,65,30,0,0,DOWN,182551839401,"A"
264507,65,30,0,0,UP,182599864301,"A"
264507,78,49,0,0,DOWN,182656047501,"N"
264507,78,49,0,0,UP,182711944601,"N"
264507,68,32,0,0,DOWN,182759789801,"D"
264507,70,33,0,0,DOWN,182855844901,"F"
264507,68,32,0,0,UP,182871881601,"D"
264507,70,33,0,0,UP,182935863401,"F"
264507,72,35,0,0,DOWN,182951899301,"H"
264507,66,48,0,0,DOWN,183055846101,"B"
264507,72,35,0,0,UP,183063806601,"H"
264507,85,22,0,0,DOWN,183151975301,"U"
264507,66,48,0,0,UP,183184197301,"B"
264507,82,19,0,0,DOWN,183255638301,"R"
264507,85,22,0,0,UP,183266911901,"U"
264507,71,34,0,0,DOWN,183351941301,"G"
264507,82,19,0,0,UP,183376266901,"R"
264507,69,18,0,0,DOWN,183455811801,"E"
264507,71,34,0,0,UP,183463840501,"G"
264507,69,18,0,0,UP,183559818901,"E"
264507,78,49,0,0,DOWN,183560631101,"N"
264507,78,49,0,0,UP,183623839301,"N"
264507,76,38,0,0,DOWN,183655974801,"L"
264507,76,38,0,0,UP,183711834501,"L"
264507,65,30,0,0,DOWN,183759908901,"A"
264507,65,30,0,0,UP,183800101001,"A"
264507,78,49,0,0,DOWN,183855882301,"N"
264507,78,49,0,0,UP,183919856601,"N"
264507,68,32,0,0,DOWN,183959942001,"D"
264507,70,33,0,0,DOWN,184055860801,"F"
264507,68,32,0,0,UP,184063794601,"D"
264507,70,33,0,0,UP,184135863601,"F"
264507,72,35,0,0,DOWN,184159857101,"H"
264507,66,48,0,0,DOWN,184255856401,"B"
264507,72,35,0,0,UP,184263467101,"H"
264507,85,22,0,0,DOWN,184359873801,"U"
264507,66,48,0,0,UP,184375882901,"B"
264507,82,19,0,0,DOWN,184455960401,"R"
264507,85,22,0,0,UP,184471925301,"U"
264507,71,34,0,0,DOWN,184559909901,"G"
264507,82,19,0,0,UP,184575815201,"R"
264507,69,18,0,0,DOWN,184655915801,"E"
264507,71,34,0,0,UP,184663861701,"G"
264507,69,18,0,0,UP,184751861701,"E"
264507,78,49,0,0,DOWN,184752588501,"N"
264507,78,49,0,0,UP,184815888001,"N"
264507,76,38,0,0,DOWN,184855676901,"L"
264507,76,38,0,0,UP,184911889101,"L"
264507,65,30,0,0,DOWN,184951813001,"A"
264507,65,30,0,0,UP,184999903501,"A"
264507,78,49,0,0,DOWN,185055690301,"N"
264507,78,49,0,0,UP,185111863501,"N"
264507,68,32,0,0,DOWN,185151858101,"D"
264507,70,33,0,0,DOWN,185255682901,"F"
264507,68,32,0,0,UP,185263836601,"D"
264507,70,33,0,0,UP,185335861901,"F"
264507,72,35,0,0,DOWN,185359884201,"H"
264507,66,48,0,0,DOWN,185455637101,"B"
264507,72,35,0,0,UP,185463873901,"H"
264507,85,22,0,0,DOWN,185559849301,"U"
264507,66,48,0,0,UP,185584008601,"B"
264507,82,19,0,0,DOWN,185655847101,"R"
264507,85,22,0,0,UP,185663918701,"U"
264507,71,34,0,0,DOWN,185759921401,"G"
264507,82,19,0,0,UP,185775697501,"R"
264507,69,18,0,0,DOWN,185855717501,"E"
264507,71,34,0,0,UP,185863855201,"G"
264507,69,18,0,0,UP,185959898101,"E"
264507,78,49,0,0,DOWN,185960854201,"N"
264507,78,49,0,0,UP,186015638901,"N"
264507,76,38,0,0,DOWN,186055936201,"L"
264507,76,38,0,0,UP,186111929101,"L"
264507,65,30,0,0,DOWN,186159887101,"A"
264507,65,30,0,0,UP,186199989801,"A"
264507,78,49,0,0,DOWN,186255998401,"N"
264507,78,49,0,0,UP,186311837201,"N"
264507,68,32,0,0,DOWN,186359892701,"D"
264507,70,33,0,0,DOWN,186456055201,"F"
264507,68,32,0,0,UP,186471894701,"D"
264507,70,33,0,0,UP,186519904401,"F"
264507,72,35,0,0,DOWN,186551945201,"H"
264507,66,48,0,0,DOWN,186655938901,"B"
264507,72,35,0,0,UP,186663857101,"H"
264507,85,22,0,0,DOWN,186752036201,"U"
264507,66,48,0,0,UP,186776232901,"B"
264507,82,19,0,0,DOWN,186855905401,"R"
264507,85,22,0,0,UP,186863964901,"U"
264507,71,34,0,0,DOWN,186951956401,"G"
264507,82,19,0,0,UP,186976363601,"R"
264507,71,34,0,0,UP,187064147901,"G"
264507,69,18,0,0,DOWN,187064612401,"E"
264507,69,18,0,0,UP,187151956601,"E"
264507,78,49,0,0,DOWN,187152851401,"N"
264507,78,49,0,0,UP,187215933801,"N"
264507,76,38,0,0,DOWN,187255942701,"L"
264507,76,38,0,0,UP,187311830001,"L"
264507,65,30,0,0,DOWN,187359900701,"A"
264507,65,30,0,0,UP,187399849201,"A"
264507,78,49,0,0,DOWN,187455899101,"N"
264507,78,49,0,0,UP,187520124701,"N"
264507,68,32,0,0,DOWN,187559965601,"D"
264507,70,33,0,0,DOWN,187655903301,"F"
264507,68,32,0,0,UP,187672027101,"D"
264507,70,33,0,0,UP,187727954701,"F"
264507,72,35,0,0,DOWN,187759907101,"H"
264507,66,48,0,0,DOWN,187855939401,"B"
264507,72,35,0,0,UP,187863889801,"H"
264507,85,22,0,0,DOWN,187959997101,"U"
264507,66,48,0,0,UP,187975966101,"B"
264507,82,19,0,0,DOWN,188055499701,"R"
264507,85,22,0,0,UP,188063916301,"U"
264507,71,34,0,0,DOWN,188160006201,"G"
264507,82,19,0,0,UP,188175787501,"R"
264507,69,18,0,0,DOWN,188255516001,"E"
264507,71,34,0,0,UP,188271583501,"G"
264507,69,18,0,0,UP,188351866401,"E"
264507,78,49,0,0,DOWN,188359926101,"N"
264507,78,49,0,0,UP,188415853401,"N"
264507,76,38,0,0,DOWN,188455915901,"L"
264507,76,38,0,0,UP,188511849101,"L"
264507,65,30,0,0,DOWN,188552008601,"A"
264507,65,30,0,0,UP,188599910501,"A"
264507,78,49,0,0,DOWN,188655895401,"N"
264507,78,49,0,0,UP,188711848701,"N"
264507,68,32,0,0,DOWN,188759916601,"D"
264507,70,33,0,0,DOWN,188855910901,"F"
264507,68,32,0,0,UP,188871829301,"D"
264507,70,33,0,0,UP,188927924601,"F"
264507,72,35,0,0,DOWN,188951735101,"H"
264507,66,48,0,0,DOWN,189055941501,"B"
264507,72,35,0,0,UP,189063546301,"H"
264507,85,22,0,0,DOWN,189151894701,"U"
264507,66,48,0,0,UP,189175758901,"B"
264507,82,19,0,0,DOWN,189255876001,"R"
264507,85,22,0,0,UP,189263698801,"U"
264507,71,34,0,0,DOWN,189359893201,"G"
264507,82,19,0,0,UP,189367901501,"R"
264507,69,18,0,0,DOWN,189455907701,"E"
264507,71,34,0,0,UP,189463903701,"G"
264507,78,49,0,0,DOWN,189559921801,"N"
264507,69,18,0,0,UP,189567876401,"E"
264507,78,49,0,0,UP,189615872701,"N"
264507,76,38,0,0,DOWN,189655915101,"L"
264507,76,38,0,0,UP,189719864301,"L"
264507,65,30,0,0,DOWN,189759966601,"A"
264507,65,30,0,0,UP,189800007401,"A"
264507,78,49,0,0,DOWN,189855885201,"N"
264507,78,49,0,0,UP,189911886301,"N"
264507,68,32,0,0,DOWN,189959941601,"D"
264507,70,33,0,0,DOWN,190055642201,"F"
264507,68,32,0,0,UP,190072005301,"D"
264507,70,33,0,0,UP,190135963701,"F"
264507,72,35,0,0,DOWN,190159884001,"H"
264507,66,48,0,0,DOWN,190255973601,"B"
264507,72,35,0,0,UP,190271944401,"H"
264507,85,22,0,0,DOWN,190359919801,"U"
264507,66,48,0,0,UP,190375776901,"B"
264507,82,19,0,0,DOWN,190455958201,"R"
264507,85,22,0,0,UP,190463877301,"U"
264507,71,34,0,0,DOWN,190552044401,"G"
264507,82,19,0,0,UP,190575995101,"R"
264507,69,18,0,0,DOWN,190655914701,"E"
264507,71,34,0,0,UP,190663924701,"G"
264507,78,49,0,0,DOWN,190751895401,"N"
264507,69,18,0,0,UP,190759754501,"E"
264507,78,49,0,0,UP,190816086601,"N"
264507,76,38,0,0,DOWN,190855925301,"L"
264507,76,38,0,0,UP,190911841401,"L"
264507,65,30,0,0,DOWN,190951988201,"A"
264507,65,30,0,0,UP,190999923601,"A"
264507,78,49,0,0,DOWN,191055969601,"N"
264507,78,49,0,0,UP,191111704701,"N"
264507,68,32,0,0,DOWN,191151985201,"D"
264507,70,33,0,0,DOWN,191255696501,"F"
264507,68,32,0,0,UP,191263856701,"D"
264507,70,33,0,0,UP,191327903401,"F"
264507,72,35,0,0,DOWN,191359808901,"H"
264507,66,48,0,0,DOWN,191456027501,"B"
264507,72,35,0,0,UP,191463884501,"H"
264507,85,22,0,0,DOWN,191559620501,"U"
264507,66,48,0,0,UP,191567886301,"B"
264507,82,19,0,0,DOWN,191655929701,"R"
264507,85,22,0,0,UP,191664043101,"U"
264507,71,34,0,0,DOWN,191759859601,"G"
264507,82,19,0,0,UP,191776135301,"R"
264507,69,18,0,0,DOWN,191855861301,"E"
264507,71,34,0,0,UP,191863926701,"G"
264507,69,18,0,0,UP,191960009901,"E"
264507,78,49,0,0,DOWN,191961193701,"N"
264507,78,49,0,0,UP,192015887301,"N"
264507,76,38,0,0,DOWN,192055689201,"L"
264507,76,38,0,0,UP,192111926501,"L"
264507,65,30,0,0,DOWN,192151966101,"A"
264507,65,30,0,0,UP,192199964701,"A"
264507,78,49,0,0,DOWN,192255958301,"N"
264507,78,49,0,0,UP,192311852201,"N"
264507,68,32,0,0,DOWN,192359927601,"D"
264507,70,33,0,0,DOWN,192456088001,"F"
264507,68,32,0,0,UP,192471961701,"D"
264507,70,33,0,0,UP,192535821301,"F"
264507,72,35,0,0,DOWN,192551885801,"H"
264507,66,48,0,0,DOWN,192655879401,"B"
264507,72,35,0,0,UP,192663665701,"H"
264507,85,22,0,0,DOWN,192751953201,"U"
264507,66,48,0,0,UP,192775889801,"B"
264507,82,19,0,0,DOWN,192855984901,"R"
264507,85,22,0,0,UP,192863839101,"U"
264507,71,34,0,0,DOWN,192951860401,"G"
264507,82,19,0,0,UP,192975995401,"R"
264507,69,18,0,0,DOWN,193055981701,"E"
264507,71,34,0,0,UP,193063608901,"G"
264507,78,49,0,0,DOWN,193159893701,"N"
264507,69,18,0,0,UP,193167952701,"E"
264507,78,49,0,0,UP,193223941201,"N"
264507,76,38,0,0,DOWN,193255996701,"L"
264507,76,38,0,0,UP,193319901901,"L"
264507,65,30,0,0,DOWN,193359949401,"A"
264507,65,30,0,0,UP,193399947301,"A"
264507,78,49,0,0,DOWN,193456258601,"N"
264507,78,49,0,0,UP,193511757401,"N"
264507,68,32,0,0,DOWN,193560020801,"D"
264507,70,33,0,0,DOWN,193656018401,"F"
264507,68,32,0,0,UP,193663896001,"D"
264507,70,33,0,0,UP,193736036801,"F"
264507,72,35,0,0,DOWN,193759815501,"H"
264507,66,48,0,0,DOWN,193855953301,"B"
264507,72,35,0,0,UP,193864037801,"H"
264507,85,22,0,0,DOWN,193959750301,"U"
264507,66,48,0,0,UP,193976097401,"B"
264507,82,19,0,0,DOWN,194056225201,"R"
264507,85,22,0,0,UP,194071676801,"U"
264507,71,34,0,0,DOWN,194159668601,"G"
264507,82,19,0,0,UP,194175919601,"R"
264507,69,18,0,0,DOWN,194255916001,"E"
264507,71,34,0,0,UP,194264020501,"G"
264507,78,49,0,0,DOWN,194352069901,"N"
264507,69,18,0,0,UP,194360046701,"E"
264507,78,49,0,0,UP,194415882201,"N"
264507,76,38,0,0,DOWN,194455889201,"L"
264507,76,38,0,0,UP,194511972101,"L"
264507,65,30,0,0,DOWN,194552035601,"A"
264507,65,30,0,0,UP,194599894801,"A"
264507,78,49,0,0,DOWN,194655988101,"N"
264507,78,49,0,0,UP,194712099601,"N"
264507,68,32,0,0,DOWN,194760015001,"D"
264507,70,33,0,0,DOWN,194855888401,"F"
264507,68,32,0,0,UP,194871921701,"D"
264507,70,33,0,0,UP,194935779601,"F"
264507,72,35,0,0,DOWN,194951748501,"H"
264507,66,48,0,0,DOWN,195055979901,"B"
264507,72,35,0,0,UP,195063687201,"H"
264507,85,22,0,0,DOWN,195151966901,"U"
264507,66,48,0,0,UP,195175937801,"B"
264507,82,19,0,0,DOWN,195256125701,"R"
264507,85,22,0,0,UP,195263854301,"U"
264507,71,34,0,0,DOWN,195359917201,"G"
264507,82,19,0,0,UP,195375943801,"R"
264507,69,18,0,0,DOWN,195456042901,"E"
264507,71,34,0,0,UP,195464061001,"G"
264507,69,18,0,0,UP,195559958101,"E"
264507,78,49,0,0,DOWN,195560676601,"N"
264507,78,49,0,0,UP,195623985101,"N"
264507,76,38,0,0,DOWN,195655654301,"L"
264507,76,38,0,0,UP,195711960301,"L"
264507,65,30,0,0,DOWN,195759958101,"A"
264507,65,30,0,0,UP,195799886901,"A"
264507,78,49,0,0,DOWN,195856009301,"N"
264507,78,49,0,0,UP,195919892101,"N"
264507,68,32,0,0,DOWN,195959997301,"D"
264507,70,33,0,0,DOWN,196055983401,"F"
264507,68,32,0,0,UP,196071912001,"D"
264507,70,33,0,0,UP,196135935401,"F"
264507,72,35,0,0,DOWN,196160070201,"H"
264507,66,48,0,0,DOWN,196255942601,"B"
264507,72,35,0,0,UP,196263773301,"H"
264507,85,22,0,0,DOWN,196351961701,"U"
264507,66,48,0,0,UP,196375936501,"B"
264507,82,19,0,0,DOWN,196455989701,"R"
264507,85,22,0,0,UP,196463793001,"U"
264507,71,34,0,0,DOWN,196552060601,"G"
264507,82,19,0,0,UP,196576021401,"R"
264507,69,18,0,0,DOWN,196656038001,"E"
264507,71,34,0,0,UP,196663850001,"G"
264507,78,49,0,0,DOWN,196751983401,"N"
264507,69,18,0,0,UP,196760090901,"E"
264507,78,49,0,0,UP,196824155601,"N"
264507,76,38,0,0,DOWN,196856058701,"L"
264507,76,38,0,0,UP,196911961801,"L"
264507,65,30,0,0,DOWN,196951965701,"A"
264507,65,30,0,0,UP,196999924701,"A"
264507,78,49,0,0,DOWN,197055940301,"N"
264507,78,49,0,0,UP,197111833401,"N"
264507,68,32,0,0,DOWN,197160128601,"D"
264507,70,33,0,0,DOWN,197255753801,"F"
264507,68,32,0,0,UP,197271972201,"D"
264507,70,33,0,0,UP,197335790101,"F"
264507,72,35,0,0,DOWN,197360034501,"H"
264507,66,48,0,0,DOWN,197456251901,"B"
264507,72,35,0,0,UP,197463962101,"H"
264507,85,22,0,0,DOWN,197559998401,"U"
264507,66,48,0,0,UP,197575897901,"B"
264507,82,19,0,0,DOWN,197655942601,"R"
264507,85,22,0,0,UP,197664104101,"U"
264507,71,34,0,0,DOWN,197759912101,"G"
264507,82,19,0,0,UP,197776114701,"R"
264507,69,18,0,0,DOWN,197856120801,"E"
264507,71,34,0,0,UP,197871981601,"G"
264507,78,49,0,0,DOWN,197960023401,"N"
264507,69,18,0,0,UP,197967737601,"E"
264507,78,49,0,0,UP,198016005301,"N"
264507,76,38,0,0,DOWN,198056053201,"L"
264507,76,38,0,0,UP,198111978201,"L"
264507,65,30,0,0,DOWN,198151950301,"A"
264507,65,30,0,0,UP,198199969101,"A"
264507,78,49,0,0,DOWN,198255943101,"N"
264507,78,49,0,0,UP,198311913401,"N"
264507,68,32,0,0,DOWN,198360001801,"D"
264507,70,33,0,0,DOWN,198456026001,"F"
264507,68,32,0,0,UP,198471974901,"D"
264507,70,33,0,0,UP,198528060301,"F"
264507,72,35,0,0,DOWN,198551949701,"H"
264507,66,48,0,0,DOWN,198655996001,"B"
264507,72,35,0,0,UP,198663992701,"H"
264507,85,22,0,0,DOWN,198752139001,"U"
264507,66,48,0,0,UP,198776095901,"B"
264507,82,19,0,0,DOWN,198855999201,"R"
264507,85,22,0,0,UP,198863933101,"U"
264507,71,34,0,0,DOWN,198951999301,"G"
264507,82,19,0,0,UP,198968232901,"R"
264507,69,18,0,0,DOWN,199056307401,"E"
264507,71,34,0,0,UP,199063693001,"G"
264507,69,18,0,0,UP,199159992301,"E"
264507,78,49,0,0,DOWN,199160715801,"N"
264507,78,49,0,0,UP,199215706201,"N"
264507,76,38,0,0,DOWN,199256014301,"L"
264507,76,38,0,0,UP,199311975401,"L"
264507,65,30,0,0,DOWN,199360248101,"A"
264507,65,30,0,0,UP,199399668801,"A"
264507,78,49,0,0,DOWN,199456028801,"N"
264507,78,49,0,0,UP,199519987001,"N"
264507,68,32,0,0,DOWN,199560010301,"D"
264507,70,33,0,0,DOWN,199655965101,"F"
264507,68,32,0,0,UP,199672108701,"D"
264507,70,33,0,0,UP,199735923601,"F"
264507,72,35,0,0,DOWN,199759979701,"H"
264507,66,48,0,0,DOWN,199855998601,"B"
264507,72,35,0,0,UP,199863999201,"H"
264507,85,22,0,0,DOWN,199959993601,"U"
264507,66,48,0,0,UP,199976094601,"B"
264507,82,19,0,0,DOWN,200056076501,"R"
264507,85,22,0,0,UP,200071704201,"U"
264507,71,34,0,0,DOWN,200160066001,"G"
264507,82,19,0,0,UP,200176134601,"R"
264507,69,18,0,0,DOWN,200256137101,"E"
264507,71,34,0,0,UP,200263991301,"G"
264507,78,49,0,0,DOWN,200352034801,"N"
264507,69,18,0,0,UP,200368208401,"E"
264507,78,49,0,0,UP,200416085201,"N"
264507,76,38,0,0,DOWN,200456034101,"L"
264507,76,38,0,0,UP,200511793601,"L"
264507,65,30,0,0,DOWN,200552121101,"A"
264507,65,30,0,0,UP,200599660701,"A"
264507,78,49,0,0,DOWN,200656019301,"N"
264507,78,49,0,0,UP,200719874701,"N"
264507,68,32,0,0,DOWN,200760008601,"D"
264507,70,33,0,0,DOWN,200856083301,"F"
264507,68,32,0,0,UP,200864018201,"D"
264507,70,33,0,0,UP,200935977601,"F"
264507,72,35,0,0,DOWN,200960051001,"H"
264507,66,48,0,0,DOWN,201056004101,"B"
264507,72,35,0,0,UP,201063815401,"H"
264507,85,22,0,0,DOWN,201160122301,"U"
264507,66,48,0,0,UP,201176019101,"B"
264507,82,19,0,0,DOWN,201256078301,"R"
264507,85,22,0,0,UP,201264045601,"U"
264507,71,34,0,0,DOWN,201360002101,"G"
264507,82,19,0,0,UP,201375976801,"R"
264507,69,18,0,0,DOWN,201455884801,"E"
264507,71,34,0,0,UP,201464000601,"G"
264507,78,49,0,0,DOWN,201560024601,"N"
264507,69,18,0,0,UP,201567891301,"E"
264507,78,49,0,0,UP,201623891601,"N"
264507,76,38,0,0,DOWN,201656034301,"L"
264507,76,38,0,0,UP,201711995401,"L"
264507,65,30,0,0,DOWN,201760048701,"A"
264507,65,30,0,0,UP,201800159901,"A"
264507,78,49,0,0,DOWN,201856021801,"N"
264507,78,49,0,0,UP,201920016301,"N"
264507,68,32,0,0,DOWN,201959988001,"D"
264507,70,33,0,0,DOWN,202056005801,"F"
264507,68,32,0,0,UP,202071980101,"D"
264507,70,33,0,0,UP,202135777001,"F"
264507,72,35,0,0,DOWN,202152058301,"H"
264507,66,48,0,0,DOWN,202256047101,"B"
264507,72,35,0,0,UP,202263798301,"H"
264507,85,22,0,0,DOWN,202352026501,"U"
264507,66,48,0,0,UP,202376110401,"B"
264507,82,19,0,0,DOWN,202456038501,"R"
264507,85,22,0,0,UP,202463969801,"U"
264507,71,34,0,0,DOWN,202551982201,"G"
264507,82,19,0,0,UP,202575996801,"R"
264507,69,18,0,0,DOWN,202655993101,"E"
264507,71,34,0,0,UP,202663970701,"G"
264507,78,49,0,0,DOWN,202752008801,"N"
264507,69,18,0,0,UP,202759757401,"E"
264507,78,49,0,0,UP,202824066401,"N"
264507,76,38,0,0,DOWN,202856088601,"L"
264507,76,38,0,0,UP,202919985901,"L"
264507,65,30,0,0,DOWN,202960033101,"A"
264507,65,30,0,0,UP,202999991501,"A"
264507,78,49,0,0,DOWN,203056171101,"N"
264507,78,49,0,0,UP,203120040901,"N"
264507,68,32,0,0,DOWN,203160022501,"D"
264507,70,33,0,0,DOWN,203256090101,"F"
264507,68,32,0,0,UP,203263990301,"D"
264507,70,33,0,0,UP,203336111001,"F"
264507,72,35,0,0,DOWN,203360075401,"H"
264507,66,48,0,0,DOWN,203456035601,"B"
264507,72,35,0,0,UP,203463996601,"H"
264507,85,22,0,0,DOWN,203560107301,"U"
264507,66,48,0,0,UP,203576366901,"B"
264507,82,19,0,0,DOWN,203656336201,"R"
264507,85,22,0,0,UP,203671737401,"U"
264507,71,34,0,0,DOWN,203760037601,"G"
264507,82,19,0,0,UP,203775968401,"R"
264507,69,18,0,0,DOWN,203856037001,"E"
264507,71,34,0,0,UP,203863624601,"G"
264507,78,49,0,0,DOWN,203960081601,"N"
264507,69,18,0,0,UP,203968444601,"E"
264507,78,49,0,0,UP,204016059301,"N"
264507,76,38,0,0,DOWN,204056122401,"L"
264507,76,38,0,0,UP,204112025601,"L"
264507,65,30,0,0,DOWN,204151882301,"A"
264507,65,30,0,0,UP,204200039101,"A"
264507,78,49,0,0,DOWN,204256077901,"N"
264507,78,49,0,0,UP,204320023601,"N"
264507,68,32,0,0,DOWN,204360079301,"D"
264507,70,33,0,0,DOWN,204456080601,"F"
264507,68,32,0,0,UP,204472069501,"D"
264507,70,33,0,0,UP,204535801201,"F"
264507,72,35,0,0,DOWN,204551999201,"H"
264507,66,48,0,0,DOWN,204656160501,"B"
264507,72,35,0,0,UP,204664117501,"H"
264507,85,22,0,0,DOWN,204752169101,"U"
264507,66,48,0,0,UP,204784123401,"B"
264507,82,19,0,0,DOWN,204855860801,"R"
264507,85,22,0,0,UP,204864003301,"U"
264507,71,34,0,0,DOWN,204960044301,"G"
264507,82,19,0,0,UP,204976020101,"R"
264507,69,18,0,0,DOWN,205055802101,"E"
264507,71,34,0,0,UP,205063787601,"G"
264507,69,18,0,0,UP,205160072901,"E"
264507,78,49,0,0,DOWN,205160795901,"N"
264507,78,49,0,0,UP,205216002301,"N"
264507,76,38,0,0,DOWN,205256022101,"L"
264507,76,38,0,0,UP,205319961001,"L"
264507,65,30,0,0,DOWN,205360047501,"A"
264507,65,30,0,0,UP,205400022301,"A"
264507,78,49,0,0,DOWN,205456188501,"N"
264507,78,49,0,0,UP,205519943501,"N"
264507,68,32,0,0,DOWN,205560085201,"D"
264507,70,33,0,0,DOWN,205656074401,"F"
264507,68,32,0,0,UP,205671853801,"D"
264507,70,33,0,0,UP,205736121701,"F"
264507,72,35,0,0,DOWN,205760167601,"H"
264507,72,35,0,0,UP,205856108801,"H"
264507,66,48,0,0,DOWN,205856834901,"B"
264507,85,22,0,0,DOWN,205959863301,"U"
264507,66,48,0,0,UP,205975876501,"B"
264507,82,19,0,0,DOWN,206056002701,"R"
264507,85,22,0,0,UP,206071842901,"U"
264507,71,34,0,0,DOWN,206160089101,"G"
264507,82,19,0,0,UP,206176529601,"R"
264507,71,34,0,0,UP,206255999101,"G"
264507,69,18,0,0,DOWN,206256776501,"E"
264507,78,49,0,0,DOWN,206352002101,"N"
264507,69,18,0,0,UP,206360016801,"E"
264507,78,49,0,0,UP,206416108201,"N"
264507,76,38,0,0,DOWN,206456061901,"L"
264507,76,38,0,0,UP,206512014701,"L"
264507,65,30,0,0,DOWN,206552061801,"A"
264507,65,30,0,0,UP,206600064001,"A"
264507,78,49,0,0,DOWN,206656071501,"N"
264507,78,49,0,0,UP,206720215901,"N"
264507,68,32,0,0,DOWN,206760131401,"D"
264507,70,33,0,0,DOWN,206856056301,"F"
264507,68,32,0,0,UP,206864088401,"D"
264507,70,33,0,0,UP,206936106201,"F"
264507,72,35,0,0,DOWN,206952090601,"H"
264507,66,48,0,0,DOWN,207056046201,"B"
264507,72,35,0,0,UP,207064087001,"H"
264507,85,22,0,0,DOWN,207160115101,"U"
264507,66,48,0,0,UP,207176203701,"B"
264507,82,19,0,0,DOWN,207256093601,"R"
264507,85,22,0,0,UP,207264090901,"U"
264507,71,34,0,0,DOWN,207360093601,"G"
264507,82,19,0,0,UP,207376053601,"R"
264507,69,18,0,0,DOWN,207456046401,"E"
264507,71,34,0,0,UP,207464019401,"G"
264507,78,49,0,0,DOWN,207560042401,"N"
264507,69,18,0,0,UP,207575802501,"E"
264507,78,49,0,0,UP,207623786701,"N"
264507,76,38,0,0,DOWN,207656044901,"L"
264507,76,38,0,0,UP,207712053001,"L"
264507,65,30,0,0,DOWN,207760107101,"A"
264507,65,30,0,0,UP,207800010701,"A"
264507,78,49,0,0,DOWN,207856110801,"N"
264507,78,49,0,0,UP,207920097201,"N"
264507,68,32,0,0,DOWN,207960070001,"D"
264507,70,33,0,0,DOWN,208055871701,"F"
264507,68,32,0,0,UP,208072201201,"D"
264507,70,33,0,0,UP,208136235401,"F"
264507,72,35,0,0,DOWN,208160032501,"H"
264507,72,35,0,0,UP,208256056001,"H"
264507,66,48,0,0,DOWN,208256845701,"B"
264507,85,22,0,0,DOWN,208352072101,"U"
264507,66,48,0,0,UP,208375821501,"B"
264507,82,19,0,0,DOWN,208456114301,"R"
264507,85,22,0,0,UP,208464050201,"U"
264507,71,34,0,0,DOWN,208552038601,"G"
264507,82,19,0,0,UP,208576059801,"R"
264507,69,18,0,0,DOWN,208656157901,"E"
264507,71,34,0,0,UP,208664088201,"G"
264507,78,49,0,0,DOWN,208752080201,"N"
264507,69,18,0,0,UP,208760112401,"E"
264507,78,49,0,0,UP,208824152801,"N"
264507,76,38,0,0,DOWN,208855900201,"L"
264507,76,38,0,0,UP,208912050601,"L"
264507,65,30,0,0,DOWN,208952072501,"A"
264507,65,30,0,0,UP,209000098601,"A"
264507,78,49,0,0,DOWN,209055830401,"N"
264507,78,49,0,0,UP,209120035501,"N"
264507,68,32,0,0,DOWN,209160047801,"D"
264507,70,33,0,0,DOWN,209255831601,"F"
264507,68,32,0,0,UP,209264278901,"D"
264507,70,33,0,0,UP,209328034401,"F"
264507,72,35,0,0,DOWN,209360076201,"H"
264507,66,48,0,0,DOWN,209455895601,"B"
264507,72,35,0,0,UP,209463768201,"H"
264507,85,22,0,0,DOWN,209560104801,"U"
264507,66,48,0,0,UP,209576219801,"B"
264507,82,19,0,0,DOWN,209655844701,"R"
264507,85,22,0,0,UP,209664136501,"U"
264507,71,34,0,0,DOWN,209760096201,"G"
264507,82,19,0,0,UP,209775880501,"R"
264507,69,18,0,0,DOWN,209855808601,"E"
264507,71,34,0,0,UP,209864154001,"G"
264507,78,49,0,0,DOWN,209960040701,"N"
264507,69,18,0,0,UP,209968073801,"E"
264507,78,49,0,0,UP,210016145901,"N"
264507,76,38,0,0,DOWN,210056027501,"L"
264507,76,38,0,0,UP,210120028101,"L"
264507,65,30,0,0,DOWN,210152079601,"A"
264507,65,30,0,0,UP,210200126301,"A"
264507,78,49,0,0,DOWN,210256191601,"N"
264507,78,49,0,0,UP,210320076901,"N"
264507,68,32,0,0,DOWN,210360112701,"D"
264507,70,33,0,0,DOWN,210456275401,"F"
264507,68,32,0,0,UP,210472079401,"D"
264507,70,33,0,0,UP,210536127801,"F"
264507,72,35,0,0,DOWN,210552117101,"H"
264507,66,48,0,0,DOWN,210656024801,"B"
264507,72,35,0,0,UP,210664028901,"H"
264507,85,22,0,0,DOWN,210752105801,"U"
264507,66,48,0,0,UP,210784071901,"B"
264507,82,19,0,0,DOWN,210855887101,"R"
264507,85,22,0,0,UP,210863993501,"U"
264507,71,34,0,0,DOWN,210952090801,"G"
264507,82,19,0,0,UP,210976248601,"R"
264507,69,18,0,0,DOWN,211064194501,"E"
264507,71,34,0,0,UP,211072194501,"G"
264507,78,49,0,0,DOWN,211152091001,"N"
264507,69,18,0,0,UP,211159967001,"E"
264507,78,49,0,0,UP,211224102201,"N"
264507,76,38,0,0,DOWN,211256123101,"L"
264507,76,38,0,0,UP,211312229901,"L"
264507,65,30,0,0,DOWN,211360127501,"A"
264507,65,30,0,0,UP,211399848601,"A"
264507,78,49,0,0,DOWN,211456168601,"N"
264507,78,49,0,0,UP,211520112101,"N"
264507,68,32,0,0,DOWN,211560157301,"D"
264507,70,33,0,0,DOWN,211656184201,"F"
264507,68,32,0,0,UP,211664124601,"D"
264507,70,33,0,0,UP,211736187801,"F"
264507,72,35,0,0,DOWN,211760117401,"H"
264507,66,48,0,0,DOWN,211856138701,"B"
264507,72,35,0,0,UP,211864097901,"H"
264507,85,22,0,0,DOWN,211960110401,"U"
264507,66,48,0,0,UP,211976237301,"B"
264507,82,19,0,0,DOWN,212055963301,"R"
264507,85,22,0,0,UP,212063841501,"U"
264507,71,34,0,0,DOWN,212160198001,"G"
264507,82,19,0,0,UP,212175939401,"R"
264507,69,18,0,0,DOWN,212256142001,"E"
264507,71,34,0,0,UP,212264019001,"G"
264507,69,18,0,0,UP,212360105001,"E"
264507,78,49,0,0,DOWN,212360904001,"N"
264507,78,49,0,0,UP,212416119001,"N"
264507,76,38,0,0,DOWN,212456127101,"L"
264507,76,38,0,0,UP,212512212401,"L"
264507,65,30,0,0,DOWN,212552094901,"A"
264507,65,30,0,0,UP,212600219201,"A"
264507,78,49,0,0,DOWN,212656114401,"N"
264507,78,49,0,0,UP,212720068101,"N"
264507,68,32,0,0,DOWN,212760337201,"D"
264507,70,33,0,0,DOWN,212856073101,"F"
264507,68,32,0,0,UP,212872066801,"D"
264507,70,33,0,0,UP,212935844301,"F"
264507,72,35,0,0,DOWN,212952102801,"H"
264507,66,48,0,0,DOWN,213056135901,"B"
264507,72,35,0,0,UP,213063854801,"H"
264507,85,22,0,0,DOWN,213152140401,"U"
264507,66,48,0,0,UP,213176207101,"B"
264507,82,19,0,0,DOWN,213255882501,"R"
264507,85,22,0,0,UP,213264067501,"U"
264507,71,34,0,0,DOWN,213359841701,"G"
264507,82,19,0,0,UP,213368036801,"R"
264507,71,34,0,0,UP,213456149801,"G"
264507,69,18,0,0,DOWN,213456890401,"E"
264507,78,49,0,0,DOWN,213560104701,"N"
264507,69,18,0,0,UP,213568037801,"E"
264507,78,49,0,0,UP,213624176501,"N"
264507,76,38,0,0,DOWN,213656091401,"L"
264507,76,38,0,0,UP,213720166701,"L"
264507,65,30,0,0,DOWN,213760213001,"A"
264507,65,30,0,0,UP,213800237701,"A"
264507,78,49,0,0,DOWN,213856253701,"N"
264507,78,49,0,0,UP,213920070101,"N"
264507,68,32,0,0,DOWN,213960109501,"D"
264507,70,33,0,0,DOWN,214056120901,"F"
264507,68,32,0,0,UP,214064118401,"D"
264507,70,33,0,0,UP,214136174001,"F"
264507,72,35,0,0,DOWN,214160061301,"H"
264507,66,48,0,0,DOWN,214256175401,"B"
264507,72,35,0,0,UP,214272118001,"H"
264507,85,22,0,0,DOWN,214360217901,"U"
264507,66,48,0,0,UP,214375925901,"B"
264507,82,19,0,0,DOWN,214456138001,"R"
264507,85,22,0,0,UP,214472266101,"U"
264507,71,34,0,0,DOWN,214560141201,"G"
264507,82,19,0,0,UP,214575978101,"R"
264507,69,18,0,0,DOWN,214656103101,"E"
264507,71,34,0,0,UP,214672084701,"G"
264507,69,18,0,0,UP,214752095101,"E"
264507,78,49,0,0,DOWN,214752801501,"N"
264507,78,49,0,0,UP,214816043901,"N"
264507,76,38,0,0,DOWN,214856183801,"L"
264507,76,38,0,0,UP,214912074701,"L"
264507,65,30,0,0,DOWN,214952081701,"A"
264507,65,30,0,0,UP,215000130201,"A"
264507,78,49,0,0,DOWN,215056139601,"N"
264507,78,49,0,0,UP,215120260001,"N"
264507,68,32,0,0,DOWN,215159879301,"D"
264507,70,33,0,0,DOWN,215256215301,"F"
264507,68,32,0,0,UP,215264285001,"D"
264507,70,33,0,0,UP,215336138501,"F"
264507,72,35,0,0,DOWN,215352127201,"H"
264507,66,48,0,0,DOWN,215456222401,"B"
264507,72,35,0,0,UP,215464076801,"H"
264507,85,22,0,0,DOWN,215559974801,"U"
264507,66,48,0,0,UP,215584275101,"B"
264507,82,19,0,0,DOWN,215656079601,"R"
264507,85,22,0,0,UP,215664053801,"U"
264507,71,34,0,0,DOWN,215760099901,"G"
264507,82,19,0,0,UP,215776195801,"R"
264507,69,18,0,0,DOWN,215856132601,"E"
264507,71,34,0,0,UP,215864076501,"G"
264507,78,49,0,0,DOWN,215960287601,"N"
264507,69,18,0,0,UP,215975972101,"E"
264507,78,49,0,0,UP,216024066701,"N"
264507,76,38,0,0,DOWN,216056131901,"L"
264507,76,38,0,0,UP,216120087401,"L"
264507,65,30,0,0,DOWN,216160254701,"A"
264507,65,30,0,0,UP,216200057401,"A"
264507,78,49,0,0,DOWN,216256182601,"N"
264507,78,49,0,0,UP,216320101901,"N"
264507,68,32,0,0,DOWN,216360276101,"D"
264507,70,33,0,0,DOWN,216456118801,"F"
264507,68,32,0,0,UP,216472104601,"D"
264507,70,33,0,0,UP,216528165801,"F"
264507,72,35,0,0,DOWN,216560040201,"H"
264507,66,48,0,0,DOWN,216656132301,"B"
264507,72,35,0,0,UP,216664083301,"H"
264507,85,22,0,0,DOWN,216760204401,"U"
264507,66,48,0,0,UP,216776130701,"B"
264507,82,19,0,0,DOWN,216856118701,"R"
264507,85,22,0,0,UP,216872135401,"U"
264507,71,34,0,0,DOWN,216960323801,"G"
264507,82,19,0,0,UP,216976187601,"R"
264507,69,18,0,0,DOWN,217056281401,"E"
264507,71,34,0,0,UP,217063872701,"G"
264507,78,49,0,0,DOWN,217152151301,"N"
264507,69,18,0,0,UP,217160107901,"E"
264507,78,49,0,0,UP,217224216901,"N"
264507,76,38,0,0,DOWN,217255903601,"L"
264507,76,38,0,0,UP,217312006201,"L"
264507,65,30,0,0,DOWN,217351895501,"A"
264507,65,30,0,0,UP,217408084101,"A"
264507,78,49,0,0,DOWN,217456060401,"N"
264507,78,49,0,0,UP,217520173801,"N"
264507,68,32,0,0,DOWN,217560291501,"D"
264507,70,33,0,0,DOWN,217656162001,"F"
264507,68,32,0,0,UP,217672273701,"D"
264507,70,33,0,0,UP,217728048001,"F"
264507,72,35,0,0,DOWN,217760122901,"H"
264507,66,48,0,0,DOWN,217856253501,"B"
264507,72,35,0,0,UP,217864013801,"H"
264507,85,22,0,0,DOWN,217960274501,"U"
264507,66,48,0,0,UP,217984227201,"B"
264507,82,19,0,0,DOWN,218056142101,"R"
264507,85,22,0,0,UP,218063855601,"U"
264507,71,34,0,0,DOWN,218159957001,"G"
264507,82,19,0,0,UP,218176090401,"R"
264507,71,34,0,0,UP,218255854701,"G"
264507,69,18,0,0,DOWN,218256875101,"E"
264507,78,49,0,0,DOWN,218360207001,"N"
264507,69,18,0,0,UP,218368170201,"E"
264507,78,49,0,0,UP,218424251901,"N"
264507,76,38,0,0,DOWN,218456233701,"L"
264507,76,38,0,0,UP,218512098001,"L"
264507,65,30,0,0,DOWN,218560134101,"A"
264507,65,30,0,0,UP,218600241401,"A"
264507,78,49,0,0,DOWN,218656205801,"N"
264507,78,49,0,0,UP,218719857701,"N"
264507,68,32,0,0,DOWN,218760110901,"D"
264507,70,33,0,0,DOWN,218856103301,"F"
264507,68,32,0,0,UP,218872099701,"D"
264507,70,33,0,0,UP,218928119501,"F"
264507,72,35,0,0,DOWN,218960163101,"H"
264507,66,48,0,0,DOWN,219056030701,"B"
264507,72,35,0,0,UP,219063947201,"H"
264507,85,22,0,0,DOWN,219152222801,"U"
264507,66,48,0,0,UP,219176280601,"B"
264507,82,19,0,0,DOWN,219256414001,"R"
264507,85,22,0,0,UP,219263923501,"U"
264507,71,34,0,0,DOWN,219352293501,"G"
264507,82,19,0,0,UP,219376241101,"R"
264507,71,34,0,0,UP,219464170501,"G"
264507,69,18,0,0,DOWN,219464891101,"E"
264507,78,49,0,0,DOWN,219552203601,"N"
264507,69,18,0,0,UP,219560137901,"E"
264507,78,49,0,0,UP,219624155601,"N"
264507,76,38,0,0,DOWN,219656269101,"L"
264507,76,38,0,0,UP,219711912101,"L"
264507,65,30,0,0,DOWN,219752118401,"A"
264507,65,30,0,0,UP,219800182601,"A"
264507,78,49,0,0,DOWN,219856152901,"N"
264507,78,49,0,0,UP,219920198801,"N"
264507,68,32,0,0,DOWN,219960174601,"D"
264507,70,33,0,0,DOWN,220056036301,"F"
264507,68,32,0,0,UP,220064059401,"D"
264507,70,33,0,0,UP,220128256601,"F"
264507,72,35,0,0,DOWN,220160183101,"H"
264507,66,48,0,0,DOWN,220256094801,"B"
264507,72,35,0,0,UP,220264112301,"H"
264507,85,22,0,0,DOWN,220360207101,"U"
264507,66,48,0,0,UP,220384119901,"B"
264507,82,19,0,0,DOWN,220456197601,"R"
264507,85,22,0,0,UP,220463962401,"U"
264507,71,34,0,0,DOWN,220560175701,"G"
264507,82,19,0,0,UP,220576202901,"R"
264507,69,18,0,0,DOWN,220656226701,"E"
264507,71,34,0,0,UP,220664168401,"G"
264507,78,49,0,0,DOWN,220760148901,"N"
264507,69,18,0,0,UP,220768103001,"E"
264507,78,49,0,0,UP,220824169601,"N"
264507,76,38,0,0,DOWN,220856206201,"L"
264507,76,38,0,0,UP,220912151101,"L"
264507,65,30,0,0,DOWN,220952273301,"A"
264507,65,30,0,0,UP,221000356201,"A"
264507,78,49,0,0,DOWN,221056131701,"N"
264507,78,49,0,0,UP,221128201601,"N"
264507,68,32,0,0,DOWN,221160162401,"D"
264507,70,33,0,0,DOWN,221256178401,"F"
264507,68,32,0,0,UP,221272148601,"D"
264507,70,33,0,0,UP,221336029701,"F"
264507,72,35,0,0,DOWN,221352092901,"H"
264507,66,48,0,0,DOWN,221456247901,"B"
264507,72,35,0,0,UP,221463924501,"H"
264507,85,22,0,0,DOWN,221552166801,"U"
264507,66,48,0,0,UP,221576185801,"B"
264507,82,19,0,0,DOWN,221656250101,"R"
264507,85,22,0,0,UP,221664157301,"U"
264507,71,34,0,0,DOWN,221752388101,"G"
264507,82,19,0,0,UP,221776140301,"R"
264507,69,18,0,0,DOWN,221856231001,"E"
264507,71,34,0,0,UP,221864201101,"G"
264507,78,49,0,0,DOWN,221960216601,"N"
264507,69,18,0,0,UP,221967955501,"E"
264507,78,49,0,0,UP,222024118901,"N"
264507,76,38,0,0,DOWN,222056369701,"L"
264507,76,38,0,0,UP,222112142101,"L"
264507,65,30,0,0,DOWN,222160257701,"A"
264507,65,30,0,0,UP,222200234201,"A"
264507,78,49,0,0,DOWN,222256274801,"N"
264507,78,49,0,0,UP,222320262101,"N"
264507,68,32,0,0,DOWN,222360221401,"D"
264507,70,33,0,0,DOWN,222456170701,"F"
264507,68,32,0,0,UP,222472216201,"D"
264507,70,33,0,0,UP,222536208001,"F"
264507,72,35,0,0,DOWN,222560250301,"H"
264507,66,48,0,0,DOWN,222656251701,"B"
264507,72,35,0,0,UP,222664089601,"H"
264507,85,22,0,0,DOWN,222760209001,"U"
264507,66,48,0,0,UP,222776265101,"B"
264507,82,19,0,0,DOWN,222855933501,"R"
264507,85,22,0,0,UP,222872177001,"U"
264507,71,34,0,0,DOWN,222960217901,"G"
264507,82,19,0,0,UP,222976244601,"R"
264507,69,18,0,0,DOWN,223056188101,"E"
264507,71,34,0,0,UP,223064149601,"G"
264507,69,18,0,0,UP,223160232901,"E"
264507,78,49,0,0,DOWN,223161263201,"N"
264507,78,49,0,0,UP,223224154901,"N"
264507,76,38,0,0,DOWN,223256253901,"L"
264507,76,38,0,0,UP,223312185401,"L"
264507,65,30,0,0,DOWN,223352240701,"A"
264507,65,30,0,0,UP,223408169501,"A"
264507,78,49,0,0,DOWN,223456182901,"N"
264507,78,49,0,0,UP,223520289601,"N"
264507,68,32,0,0,DOWN,223560302401,"D"
264507,70,33,0,0,DOWN,223656224701,"F"
264507,68,32,0,0,UP,223672511501,"D"
264507,70,33,0,0,UP,223736243501,"F"
264507,72,35,0,0,DOWN,223752155901,"H"
264507,66,48,0,0,DOWN,223856234701,"B"
264507,72,35,0,0,UP,223864319401,"H"
264507,85,22,0,0,DOWN,223952180901,"U"
264507,66,48,0,0,UP,223984300101,"B"
264507,82,19,0,0,DOWN,224056208901,"R"
264507,85,22,0,0,UP,224064281101,"U"
264507,71,34,0,0,DOWN,224159968201,"G"
264507,82,19,0,0,UP,224176373801,"R"
264507,69,18,0,0,DOWN,224256210701,"E"
264507,71,34,0,0,UP,224264128501,"G"
264507,78,49,0,0,DOWN,224360156701,"N"
264507,69,18,0,0,UP,224368024001,"E"
264507,78,49,0,0,UP,224424164101,"N"
264507,76,38,0,0,DOWN,224456282901,"L"
264507,76,38,0,0,UP,224512243901,"L"
264507,65,30,0,0,DOWN,224560253101,"A"
264507,65,30,0,0,UP,224599959201,"A"
264507,78,49,0,0,DOWN,224656214901,"N"
264507,78,49,0,0,UP,224720228801,"N"
264507,68,32,0,0,DOWN,224760191101,"D"
264507,70,33,0,0,DOWN,224856216201,"F"
264507,68,32,0,0,UP,224872206301,"D"
264507,70,33,0,0,UP,224936254601,"F"
264507,72,35,0,0,DOWN,224960251601,"H"
264507,66,48,0,0,DOWN,225056233101,"B"
264507,72,35,0,0,UP,225072206701,"H"
264507,85,22,0,0,DOWN,225160224501,"U"
264507,66,48,0,0,UP,225184182101,"B"
264507,82,19,0,0,DOWN,225256253701,"R"
264507,85,22,0,0,UP,225272283701,"U"
264507,71,34,0,0,DOWN,225360268001,"G"
264507,82,19,0,0,UP,225376223201,"R"
264507,69,18,0,0,DOWN,225456328801,"E"
264507,71,34,0,0,UP,225464176201,"G"
264507,78,49,0,0,DOWN,225552202001,"N"
264507,69,18,0,0,UP,225559974901,"E"
264507,78,49,0,0,UP,225616314301,"N"
264507,76,38,0,0,DOWN,225656232101,"L"
264507,76,38,0,0,UP,225712141301,"L"
264507,65,30,0,0,DOWN,225752269801,"A"
264507,65,30,0,0,UP,225808181501,"A"
264507,78,49,0,0,DOWN,225856194101,"N"
264507,78,49,0,0,UP,225920290601,"N"
264507,68,32,0,0,DOWN,225960231501,"D"
264507,70,33,0,0,DOWN,226056126801,"F"
264507,68,32,0,0,UP,226072197601,"D"
264507,70,33,0,0,UP,226128227701,"F"
264507,72,35,0,0,DOWN,226160225101,"H"
264507,66,48,0,0,DOWN,226256278201,"B"
264507,72,35,0,0,UP,226263799501,"H"
264507,85,22,0,0,DOWN,226360221601,"U"
264507,66,48,0,0,UP,226384160401,"B"
264507,82,19,0,0,DOWN,226456237701,"R"
264507,85,22,0,0,UP,226464212601,"U"
264507,71,34,0,0,DOWN,226560345601,"G"
264507,82,19,0,0,UP,226576358001,"R"
264507,69,18,0,0,DOWN,226656257901,"E"
264507,71,34,0,0,UP,226663917601,"G"
264507,69,18,0,0,UP,226760287801,"E"
264507,78,49,0,0,DOWN,226761020201,"N"
264507,78,49,0,0,UP,226824142401,"N"
264507,76,38,0,0,DOWN,226856278001,"L"
264507,76,38,0,0,UP,226912395101,"L"
264507,65,30,0,0,DOWN,226960210901,"A"
264507,65,30,0,0,UP,227000195001,"A"
264507,78,49,0,0,DOWN,227056274401,"N"
264507,78,49,0,0,UP,227120190101,"N"
264507,68,32,0,0,DOWN,227160347601,"D"
264507,70,33,0,0,DOWN,227256221401,"F"
264507,68,32,0,0,UP,227272229501,"D"
264507,70,33,0,0,UP,227336177401,"F"
264507,72,35,0,0,DOWN,227360245101,"H"
264507,66,48,0,0,DOWN,227456162301,"B"
264507,72,35,0,0,UP,227464177901,"H"
264507,85,22,0,0,DOWN,227552070501,"U"
264507,66,48,0,0,UP,227576342001,"B"
264507,82,19,0,0,DOWN,227656287301,"R"
264507,85,22,0,0,UP,227664165501,"U"
264507,71,34,0,0,DOWN,227752085601,"G"
264507,82,19,0,0,UP,227776330001,"R"
264507,69,18,0,0,DOWN,227864308201,"E"
264507,71,34,0,0,UP,227871968401,"G"
264507,78,49,0,0,DOWN,227951966101,"N"
264507,69,18,0,0,UP,227960336901,"E"
264507,78,49,0,0,UP,228024272901,"N"
264507,76,38,0,0,DOWN,228056412901,"L"
264507,76,38,0,0,UP,228112238501,"L"
264507,65,30,0,0,DOWN,228160336601,"A"
264507,65,30,0,0,UP,228200223801,"A"
264507,78,49,0,0,DOWN,228256248101,"N"
264507,78,49,0,0,UP,228328246901,"N"
264507,68,32,0,0,DOWN,228360230501,"D"
264507,70,33,0,0,DOWN,228456296401,"F"
264507,68,32,0,0,UP,228464240001,"D"
264507,70,33,0,0,UP,228528194701,"F"
264507,72,35,0,0,DOWN,228560285901,"H"
264507,66,48,0,0,DOWN,228656275201,"B"
264507,72,35,0,0,UP,228664338901,"H"
264507,85,22,0,0,DOWN,228760314901,"U"
264507,66,48,0,0,UP,228784211201,"B"
264507,82,19,0,0,DOWN,228856299501,"R"
264507,85,22,0,0,UP,228864169301,"U"
264507,71,34,0,0,DOWN,228960296101,"G"
264507,82,19,0,0,UP,228976655601,"R"
264507,69,18,0,0,DOWN,229056158501,"E"
264507,71,34,0,0,UP,229072060101,"G"
264507,69,18,0,0,UP,229160278501,"E"
264507,78,49,0,0,DOWN,229161174401,"N"
264507,78,49,0,0,UP,229224430101,"N"
264507,76,38,0,0,DOWN,229256149201,"L"
264507,76,38,0,0,UP,229319941001,"L"
264507,65,30,0,0,DOWN,229352253101,"A"
264507,65,30,0,0,UP,229400204901,"A"
264507,78,49,0,0,DOWN,229456261901,"N"
264507,78,49,0,0,UP,229520032901,"N"
264507,68,32,0,0,DOWN,229560230101,"D"
264507,70,33,0,0,DOWN,229656249201,"F"
264507,68,32,0,0,UP,229672161801,"D"
264507,70,33,0,0,UP,229727953701,"F"
264507,72,35,0,0,DOWN,229752195401,"H"
264507,66,48,0,0,DOWN,229856235501,"B"
264507,72,35,0,0,UP,229864205201,"H"
264507,85,22,0,0,DOWN,229952253001,"U"
264507,66,48,0,0,UP,229984226901,"B"
264507,82,19,0,0,DOWN,230056070901,"R"
264507,85,22,0,0,UP,230064238801,"U"
264507,71,34,0,0,DOWN,230160376201,"G"
264507,82,19,0,0,UP,230176007701,"R"
264507,69,18,0,0,DOWN,230256321001,"E"
264507,71,34,0,0,UP,230264235701,"G"
264507,69,18,0,0,UP,230360327601,"E"
264507,78,49,0,0,DOWN,230361035001,"N"
264507,78,49,0,0,UP,230424307901,"N"
264507,76,38,0,0,DOWN,230456324101,"L"
264507,76,38,0,0,UP,230520255001,"L"
264507,65,30,0,0,DOWN,230560292501,"A"
264507,65,30,0,0,UP,230600373201,"A"
264507,78,49,0,0,DOWN,230656212001,"N"
264507,78,49,0,0,UP,230720323001,"N"
264507,68,32,0,0,DOWN,230760341401,"D"
264507,70,33,0,0,DOWN,230856022401,"F"
264507,68,32,0,0,UP,230872083201,"D"
264507,70,33,0,0,UP,230920301201,"F"
264507,72,35,0,0,DOWN,230960065001,"H"
264507,66,48,0,0,DOWN,231056114101,"B"
264507,72,35,0,0,UP,231072370101,"H"
264507,85,22,0,0,DOWN,231160309101,"U"
264507,66,48,0,0,UP,231176240501,"B"
264507,82,19,0,0,DOWN,231256348401,"R"
264507,85,22,0,0,UP,231272152401,"U"
264507,71,34,0,0,DOWN,231360234101,"G"
264507,82,19,0,0,UP,231376238101,"R"
264507,69,18,0,0,DOWN,231456268701,"E"
264507,71,34,0,0,UP,231472279201,"G"
264507,69,18,0,0,UP,231552375801,"E"
264507,78,49,0,0,DOWN,231553082101,"N"
264507,78,49,0,0,UP,231616250301,"N"
264507,76,38,0,0,DOWN,231656279201,"L"
264507,76,38,0,0,UP,231712233701,"L"
264507,65,30,0,0,DOWN,231752274001,"A"
264507,65,30,0,0,UP,231800285301,"A"
264507,78,49,0,0,DOWN,231856243701,"N"
264507,78,49,0,0,UP,231912439001,"N"
264507,68,32,0,0,DOWN,231960359501,"D"
264507,70,33,0,0,DOWN,232056059001,"F"
264507,68,32,0,0,UP,232072406201,"D"
264507,70,33,0,0,UP,232128249901,"F"
264507,72,35,0,0,DOWN,232152402001,"H"
264507,66,48,0,0,DOWN,232256297001,"B"
264507,72,35,0,0,UP,232264243501,"H"
264507,85,22,0,0,DOWN,232360287001,"U"
264507,66,48,0,0,UP,232376351701,"B"
264507,82,19,0,0,DOWN,232456044901,"R"
264507,85,22,0,0,UP,232464228001,"U"
264507,71,34,0,0,DOWN,232560288601,"G"
264507,82,19,0,0,UP,232576257701,"R"
264507,69,18,0,0,DOWN,232656307201,"E"
264507,71,34,0,0,UP,232664270301,"G"
264507,78,49,0,0,DOWN,232760283001,"N"
264507,69,18,0,0,UP,232776247201,"E"
264507,78,49,0,0,UP,232824228601,"N"
264507,76,38,0,0,DOWN,232856360901,"L"
264507,76,38,0,0,UP,232920017701,"L"
264507,65,30,0,0,DOWN,232960268801,"A"
264507,65,30,0,0,UP,233000288101,"A"
264507,78,49,0,0,DOWN,233056140501,"N"
264507,78,49,0,0,UP,233112277401,"N"
264507,68,32,0,0,DOWN,233160446401,"D"
264507,70,33,0,0,DOWN,233255979101,"F"
264507,68,32,0,0,UP,233272156801,"D"
264507,70,33,0,0,UP,233336387001,"F"
264507,72,35,0,0,DOWN,233359984701,"H"
264507,66,48,0,0,DOWN,233456059501,"B"
264507,72,35,0,0,UP,233464324901,"H"
264507,85,22,0,0,DOWN,233552314001,"U"
264507,66,48,0,0,UP,233584362101,"B"
264507,82,19,0,0,DOWN,233656066101,"R"
264507,85,22,0,0,UP,233664237801,"U"
264507,71,34,0,0,DOWN,233752284501,"G"
264507,82,19,0,0,UP,233776195201,"R"
264507,69,18,0,0,DOWN,233864271801,"E"
264507,71,34,0,0,UP,233872348701,"G"
264507,69,18,0,0,UP,233952271401,"E"
264507,78,49,0,0,DOWN,233952991201,"N"
264507,78,49,0,0,UP,234024209501,"N"
264507,76,38,0,0,DOWN,234056103101,"L"
264507,76,38,0,0,UP,234120200801,"L"
264507,65,30,0,0,DOWN,234152353801,"A"
264507,65,30,0,0,UP,234200251001,"A"
264507,78,49,0,0,DOWN,234256254401,"N"
264507,78,49,0,0,UP,234320253101,"N"
264507,68,32,0,0,DOWN,234360295601,"D"
264507,70,33,0,0,DOWN,234456448901,"F"
264507,68,32,0,0,UP,234464276001,"D"
264507,70,33,0,0,UP,234528258801,"F"
264507,72,35,0,0,DOWN,234560325001,"H"
264507,66,48,0,0,DOWN,234656357701,"B"
264507,72,35,0,0,UP,234664098101,"H"
264507,85,22,0,0,DOWN,234760255201,"U"
264507,66,48,0,0,UP,234776463101,"B"
264507,82,19,0,0,DOWN,234856477901,"R"
264507,85,22,0,0,UP,234864267101,"U"
264507,71,34,0,0,DOWN,234960346801,"G"
264507,82,19,0,0,UP,234976450101,"R"
264507,69,18,0,0,DOWN,235056064401,"E"
264507,71,34,0,0,UP,235064240601,"G"
264507,69,18,0,0,UP,235160386001,"E"
264507,78,49,0,0,DOWN,235161076001,"N"
264507,78,49,0,0,UP,235216257501,"N"
264507,76,38,0,0,DOWN,235256317601,"L"
264507,76,38,0,0,UP,235319962401,"L"
264507,65,30,0,0,DOWN,235360367201,"A"
264507,65,30,0,0,UP,235400407901,"A"
264507,78,49,0,0,DOWN,235456327401,"N"
264507,78,49,0,0,UP,235512243601,"N"
264507,68,32,0,0,DOWN,235560314101,"D"
264507,70,33,0,0,DOWN,235656260501,"F"
264507,68,32,0,0,UP,235672297901,"D"
264507,70,33,0,0,UP,235736262001,"F"
264507,72,35,0,0,DOWN,235752415201,"H"
264507,66,48,0,0,DOWN,235856304001,"B"
264507,72,35,0,0,UP,235864266201,"H"
264507,85,22,0,0,DOWN,235952294701,"U"
264507,66,48,0,0,UP,235976455801,"B"
264507,82,19,0,0,DOWN,236056277201,"R"
264507,85,22,0,0,UP,236063895701,"U"
264507,71,34,0,0,DOWN,236152346601,"G"
264507,82,19,0,0,UP,236176315401,"R"
264507,69,18,0,0,DOWN,236264440701,"E"
264507,71,34,0,0,UP,236272280101,"G"
264507,69,18,0,0,UP,236360300901,"E"
264507,78,49,0,0,DOWN,236361102901,"N"
264507,78,49,0,0,UP,236416071501,"N"
264507,76,38,0,0,DOWN,236456279301,"L"
264507,76,38,0,0,UP,236520143401,"L"
264507,65,30,0,0,DOWN,236560316201,"A"
264507,65,30,0,0,UP,236600328801,"A"
264507,78,49,0,0,DOWN,236656354501,"N"
264507,78,49,0,0,UP,236720286601,"N"
264507,68,32,0,0,DOWN,236760388101,"D"
264507,70,33,0,0,DOWN,236856355501,"F"
264507,68,32,0,0,UP,236872434401,"D"
264507,70,33,0,0,UP,236936312801,"F"
264507,72,35,0,0,DOWN,236960421601,"H"
264507,66,48,0,0,DOWN,237056299101,"B"
264507,72,35,0,0,UP,237064116101,"H"
264507,85,22,0,0,DOWN,237160430401,"U"
264507,66,48,0,0,UP,237176396301,"B"
264507,82,19,0,0,DOWN,237256437001,"R"
264507,85,22,0,0,UP,237272291901,"U"
264507,71,34,0,0,DOWN,237360359701,"G"
264507,82,19,0,0,UP,237376429901,"R"
264507,69,18,0,0,DOWN,237456100901,"E"
264507,71,34,0,0,UP,237463883701,"G"
264507,69,18,0,0,UP,237560301901,"E"
264507,78,49,0,0,DOWN,237561113701,"N"
264507,78,49,0,0,UP,237616345801,"N"
264507,76,38,0,0,DOWN,237656333301,"L"
264507,76,38,0,0,UP,237712241601,"L"
264507,65,30,0,0,DOWN,237752376301,"A"
264507,65,30,0,0,UP,237800309501,"A"
264507,78,49,0,0,DOWN,237856284201,"N"
264507,78,49,0,0,UP,237912271501,"N"
264507,68,32,0,0,DOWN,237960277001,"D"
264507,70,33,0,0,DOWN,238056411601,"F"
264507,68,32,0,0,UP,238072480201,"D"
264507,70,33,0,0,UP,238136383301,"F"
264507,72,35,0,0,DOWN,238152354201,"H"
264507,66,48,0,0,DOWN,238256374101,"B"
264507,72,35,0,0,UP,238264098601,"H"
264507,85,22,0,0,DOWN,238352577001,"U"
264507,66,48,0,0,UP,238384572001,"B"
264507,82,19,0,0,DOWN,238456371901,"R"
264507,85,22,0,0,UP,238463993801,"U"
264507,71,34,0,0,DOWN,238560360101,"G"
264507,82,19,0,0,UP,238576156001,"R"
264507,69,18,0,0,DOWN,238656304501,"E"
264507,71,34,0,0,UP,238664398001,"G"
264507,69,18,0,0,UP,238760313401,"E"
264507,78,49,0,0,DOWN,238761032101,"N"
264507,78,49,0,0,UP,238816320101,"N"
264507,76,38,0,0,DOWN,238856324901,"L"
264507,76,38,0,0,UP,238920336201,"L"
264507,65,30,0,0,DOWN,238960127101,"A"
264507,65,30,0,0,UP,239000320001,"A"
264507,78,49,0,0,DOWN,239056365201,"N"
264507,78,49,0,0,UP,239120278801,"N"
264507,68,32,0,0,DOWN,239160180801,"D"
264507,70,33,0,0,DOWN,239256379701,"F"
264507,68,32,0,0,UP,239272085001,"D"
264507,70,33,0,0,UP,239328252501,"F"
264507,72,35,0,0,DOWN,239360242901,"H"
264507,66,48,0,0,DOWN,239456360401,"B"
264507,72,35,0,0,UP,239472289901,"H"
264507,85,22,0,0,DOWN,239560072501,"U"
264507,66,48,0,0,UP,239576410801,"B"
264507,82,19,0,0,DOWN,239656476901,"R"
264507,85,22,0,0,UP,239672528801,"U"
264507,71,34,0,0,DOWN,239760005801,"G"
264507,82,19,0,0,UP,239776379001,"R"
264507,69,18,0,0,DOWN,239856309101,"E"
264507,71,34,0,0,UP,239864099801,"G"
264507,69,18,0,0,UP,239952470401,"E"
264507,78,49,0,0,DOWN,239953214601,"N"
264507,78,49,0,0,UP,240016438901,"N"
264507,76,38,0,0,DOWN,240056500201,"L"
264507,76,38,0,0,UP,240120276401,"L"
264507,65,30,0,0,DOWN,240152381801,"A"
264507,65,30,0,0,UP,240200306201,"A"
264507,78,49,0,0,DOWN,240256373101,"N"
264507,78,49,0,0,UP,240312359101,"N"
264507,68,32,0,0,DOWN,240360555301,"D"
264507,70,33,0,0,DOWN,240456323901,"F"
264507,68,32,0,0,UP,240472499601,"D"
264507,70,33,0,0,UP,240536302101,"F"
264507,72,35,0,0,DOWN,240552508901,"H"
264507,66,48,0,0,DOWN,240656356101,"B"
264507,72,35,0,0,UP,240664286501,"H"
264507,85,22,0,0,DOWN,240760279501,"U"
264507,66,48,0,0,UP,240776321401,"B"
264507,82,19,0,0,DOWN,240856409001,"R"
264507,85,22,0,0,UP,240864341101,"U"
264507,71,34,0,0,DOWN,240960378901,"G"
264507,82,19,0,0,UP,240976357801,"R"
264507,69,18,0,0,DOWN,241056603301,"E"
264507,71,34,0,0,UP,241064177101,"G"
264507,78,49,0,0,DOWN,241160502901,"N"
264507,69,18,0,0,UP,241176385401,"E"
264507,78,49,0,0,UP,241224491101,"N"
264507,76,38,0,0,DOWN,241256495201,"L"
264507,76,38,0,0,UP,241312190801,"L"
264507,65,30,0,0,DOWN,241360502201,"A"
264507,65,30,0,0,UP,241400348001,"A"
264507,78,49,0,0,DOWN,241456338501,"N"
264507,78,49,0,0,UP,241520343201,"N"
264507,68,32,0,0,DOWN,241560579701,"D"
264507,70,33,0,0,DOWN,241656404801,"F"
264507,68,32,0,0,UP,241672504701,"D"
264507,70,33,0,0,UP,241736410901,"F"
264507,72,35,0,0,DOWN,241760368901,"H"
264507,72,35,0,0,UP,241856394601,"H"
264507,66,48,0,0,DOWN,241857298301,"B"
264507,85,22,0,0,DOWN,241960340201,"U"
264507,66,48,0,0,UP,241976388001,"B"
264507,82,19,0,0,DOWN,242056469101,"R"
264507,85,22,0,0,UP,242064405301,"U"
264507,71,34,0,0,DOWN,242160353601,"G"
264507,82,19,0,0,UP,242176324101,"R"
264507,69,18,0,0,DOWN,242256154501,"E"
264507,71,34,0,0,UP,242264618901,"G"
264507,78,49,0,0,DOWN,242352359901,"N"
264507,69,18,0,0,UP,242368720101,"E"
264507,78,49,0,0,UP,242424410601,"N"
264507,76,38,0,0,DOWN,242456417601,"L"
264507,76,38,0,0,UP,242512149701,"L"
264507,65,30,0,0,DOWN,242552340601,"A"
264507,65,30,0,0,UP,242600340001,"A"
264507,78,49,0,0,DOWN,242656363201,"N"
264507,78,49,0,0,UP,242712097001,"N"
264507,68,32,0,0,DOWN,242760433701,"D"
264507,70,33,0,0,DOWN,242856418301,"F"
264507,68,32,0,0,UP,242864773901,"D"
264507,70,33,0,0,UP,242936375001,"F"
264507,72,35,0,0,DOWN,242960384401,"H"
264507,66,48,0,0,DOWN,243056355701,"B"
264507,72,35,0,0,UP,243064199101,"H"
264507,85,22,0,0,DOWN,243160342701,"U"
264507,66,48,0,0,UP,243176522401,"B"
264507,82,19,0,0,DOWN,243256421601,"R"
264507,85,22,0,0,UP,243264288401,"U"
264507,71,34,0,0,DOWN,243360470301,"G"
264507,82,19,0,0,UP,243376456401,"R"
264507,69,18,0,0,DOWN,243456455301,"E"
264507,71,34,0,0,UP,243464422301,"G"
264507,78,49,0,0,DOWN,243560391901,"N"
264507,69,18,0,0,UP,243568157801,"E"
264507,78,49,0,0,UP,243616188301,"N"
264507,76,38,0,0,DOWN,243656380101,"L"
264507,76,38,0,0,UP,243712433601,"L"
264507,65,30,0,0,DOWN,243760367501,"A"
264507,65,30,0,0,UP,243800334701,"A"
264507,78,49,0,0,DOWN,243856370901,"N"
264507,78,49,0,0,UP,243912316501,"N"
264507,68,32,0,0,DOWN,243960088801,"D"
264507,70,33,0,0,DOWN,244056359501,"F"
264507,68,32,0,0,UP,244072340401,"D"
264507,70,33,0,0,UP,244136538801,"F"
264507,72,35,0,0,DOWN,244160364901,"H"
264507,72,35,0,0,UP,244256422201,"H"
264507,66,48,0,0,DOWN,244257126601,"B"
264507,85,22,0,0,DOWN,244352547801,"U"
264507,66,48,0,0,UP,244376367001,"B"
264507,82,19,0,0,DOWN,244456405001,"R"
264507,85,22,0,0,UP,244464389901,"U"
264507,71,34,0,0,DOWN,244552335101,"G"
264507,82,19,0,0,UP,244576366301,"R"
264507,71,34,0,0,UP,244664378901,"G"
264507,69,18,0,0,DOWN,244665459701,"E"
264507,78,49,0,0,DOWN,244752475401,"N"
264507,69,18,0,0,UP,244760337501,"E"
264507,78,49,0,0,UP,244824252001,"N"
264507,76,38,0,0,DOWN,244856393701,"L"
264507,76,38,0,0,UP,244920341801,"L"
264507,65,30,0,0,DOWN,244960390801,"A"
264507,65,30,0,0,UP,245000186901,"A"
264507,78,49,0,0,DOWN,245056360601,"N"
264507,78,49,0,0,UP,245120336501,"N"
264507,68,32,0,0,DOWN,245160383101,"D"
264507,70,33,0,0,DOWN,245256478001,"F"
264507,68,32,0,0,UP,245264360101,"D"
264507,70,33,0,0,UP,245336386701,"F"
264507,72,35,0,0,DOWN,245360391901,"H"
264507,66,48,0,0,DOWN,245456414901,"B"
264507,72,35,0,0,UP,245464201601,"H"
264507,85,22,0,0,DOWN,245560349201,"U"
264507,66,48,0,0,UP,245576594601,"B"
264507,82,19,0,0,DOWN,245656368001,"R"
264507,85,22,0,0,UP,245672522201,"U"
264507,71,34,0,0,DOWN,245760382401,"G"
264507,82,19,0,0,UP,245776359201,"R"
264507,69,18,0,0,DOWN,245856095701,"E"
264507,71,34,0,0,UP,245864544301,"G"
264507,78,49,0,0,DOWN,245960128601,"N"
264507,69,18,0,0,UP,245968376401,"E"
264507,78,49,0,0,UP,246024618101,"N"
264507,76,38,0,0,DOWN,246056340701,"L"
264507,76,38,0,0,UP,246112323801,"L"
264507,65,30,0,0,DOWN,246152373201,"A"
264507,65,30,0,0,UP,246200347101,"A"
264507,78,49,0,0,DOWN,246256396201,"N"
264507,78,49,0,0,UP,246320344901,"N"
264507,68,32,0,0,DOWN,246360381201,"D"
264507,70,33,0,0,DOWN,246456459901,"F"
264507,68,32,0,0,UP,246472366001,"D"
264507,70,33,0,0,UP,246536535901,"F"
264507,72,35,0,0,DOWN,246552467501,"H"
264507,66,48,0,0,DOWN,246656387701,"B"
264507,72,35,0,0,UP,246664521801,"H"
264507,85,22,0,0,DOWN,246752512901,"U"
264507,66,48,0,0,UP,246776455701,"B"
264507,82,19,0,0,DOWN,246856392101,"R"
264507,85,22,0,0,UP,246864450401,"U"
264507,71,34,0,0,DOWN,246960407901,"G"
264507,82,19,0,0,UP,246976357801,"R"
264507,69,18,0,0,DOWN,247056354301,"E"
264507,71,34,0,0,UP,247064569501,"G"
264507,78,49,0,0,DOWN,247160360201,"N"
264507,69,18,0,0,UP,247168361101,"E"
264507,78,49,0,0,UP,247224415001,"N"
264507,76,38,0,0,DOWN,247256466601,"L"
264507,76,38,0,0,UP,247312374301,"L"
264507,65,30,0,0,DOWN,247360403801,"A"
264507,65,30,0,0,UP,247400478801,"A"
264507,78,49,0,0,DOWN,247456548601,"N"
264507,78,49,0,0,UP,247520359501,"N"
264507,68,32,0,0,DOWN,247560459201,"D"
264507,70,33,0,0,DOWN,247656502401,"F"
264507,68,32,0,0,UP,247664377101,"D"
264507,70,33,0,0,UP,247736587101,"F"
264507,72,35,0,0,DOWN,247760458701,"H"
264507,66,48,0,0,DOWN,247856424101,"B"
264507,72,35,0,0,UP,247872720801,"H"
264507,85,22,0,0,DOWN,247960456701,"U"
264507,66,48,0,0,UP,247976374201,"B"
264507,82,19,0,0,DOWN,248056550201,"R"
264507,85,22,0,0,UP,248064401701,"U"
264507,71,34,0,0,DOWN,248160569001,"G"
264507,82,19,0,0,UP,248176425801,"R"
264507,71,34,0,0,UP,248256137301,"G"
264507,69,18,0,0,DOWN,248257192301,"E"
264507,69,18,0,0,UP,248360394001,"E"
264507,78,49,0,0,DOWN,248361206301,"N"
264507,78,49,0,0,UP,248424464801,"N"
264507,76,38,0,0,DOWN,248456136701,"L"
264507,76,38,0,0,UP,248512351201,"L"
264507,65,30,0,0,DOWN,248552465201,"A"
264507,65,30,0,0,UP,248600154001,"A"
264507,78,49,0,0,DOWN,248656435401,"N"
264507,78,49,0,0,UP,248720131901,"N"
264507,68,32,0,0,DOWN,248760457501,"D"
264507,70,33,0,0,DOWN,248856380501,"F"
264507,68,32,0,0,UP,248872372801,"D"
264507,70,33,0,0,UP,248936373501,"F"
264507,72,35,0,0,DOWN,248952535201,"H"
264507,66,48,0,0,DOWN,249056367501,"B"
264507,72,35,0,0,UP,249064354801,"H"
264507,85,22,0,0,DOWN,249160445601,"U"
264507,66,48,0,0,UP,249176404501,"B"
264507,82,19,0,0,DOWN,249256487301,"R"
264507,85,22,0,0,UP,249264395301,"U"
264507,71,34,0,0,DOWN,249360556101,"G"
264507,82,19,0,0,UP,249376503101,"R"
264507,69,18,0,0,DOWN,249456467601,"E"
264507,71,34,0,0,UP,249464405101,"G"
264507,78,49,0,0,DOWN,249560407101,"N"
264507,69,18,0,0,UP,249576377801,"E"
264507,78,49,0,0,UP,249624465801,"N"
264507,76,38,0,0,DOWN,249656479001,"L"
264507,76,38,0,0,UP,249712400501,"L"
264507,65,30,0,0,DOWN,249760450501,"A"
264507,65,30,0,0,UP,249800442301,"A"
264507,78,49,0,0,DOWN,249856500801,"N"
264507,78,49,0,0,UP,249920361801,"N"
264507,68,32,0,0,DOWN,249960492401,"D"
264507,70,33,0,0,DOWN,250056389301,"F"
264507,68,32,0,0,UP,250072451201,"D"
264507,70,33,0,0,UP,250128655901,"F"
264507,72,35,0,0,DOWN,250160424301,"H"
264507,66,48,0,0,DOWN,250256444201,"B"
264507,72,35,0,0,UP,250264054801,"H"
264507,85,22,0,0,DOWN,250360389901,"U"
264507,66,48,0,0,UP,250376399701,"B"
264507,82,19,0,0,DOWN,250456258601,"R"
264507,85,22,0,0,UP,250472149101,"U"
264507,71,34,0,0,DOWN,250560406501,"G"
264507,82,19,0,0,UP,250576478601,"R"
264507,71,34,0,0,UP,250656404101,"G"
264507,69,18,0,0,DOWN,250657128801,"E"
264507,78,49,0,0,DOWN,250752398201,"N"
264507,69,18,0,0,UP,250768124301,"E"
264507,78,49,0,0,UP,250824434301,"N"
264507,76,38,0,0,DOWN,250856563701,"L"
264507,76,38,0,0,UP,250912411701,"L"
264507,65,30,0,0,DOWN,250952193201,"A"
264507,65,30,0,0,UP,251000417301,"A"
264507,78,49,0,0,DOWN,251056362901,"N"
264507,78,49,0,0,UP,251120425001,"N"
264507,68,32,0,0,DOWN,251160428801,"D"
264507,70,33,0,0,DOWN,251256447301,"F"
264507,68,32,0,0,UP,251264389501,"D"
264507,70,33,0,0,UP,251328457701,"F"
264507,72,35,0,0,DOWN,251360457501,"H"
264507,66,48,0,0,DOWN,251456166201,"B"
264507,72,35,0,0,UP,251464380201,"H"
264507,85,22,0,0,DOWN,251560159701,"U"
264507,66,48,0,0,UP,251584473101,"B"
264507,82,19,0,0,DOWN,251656487201,"R"
264507,85,22,0,0,UP,251664378601,"U"
264507,71,34,0,0,DOWN,251760515001,"G"
264507,82,19,0,0,UP,251776391301,"R"
264507,69,18,0,0,DOWN,251856312101,"E"
264507,71,34,0,0,UP,251864411501,"G"
264507,78,49,0,0,DOWN,251960485301,"N"
264507,69,18,0,0,UP,251968535101,"E"
264507,78,49,0,0,UP,252024450501,"N"
264507,76,38,0,0,DOWN,252056469101,"L"
264507,76,38,0,0,UP,252112514201,"L"
264507,65,30,0,0,DOWN,252160391101,"A"
264507,65,30,0,0,UP,252200404201,"A"
264507,78,49,0,0,DOWN,252256366101,"N"
264507,78,49,0,0,UP,252320553901,"N"
264507,68,32,0,0,DOWN,252360433501,"D"
264507,70,33,0,0,DOWN,252456450601,"F"
264507,68,32,0,0,UP,252472389301,"D"
264507,70,33,0,0,UP,252536470601,"F"
264507,72,35,0,0,DOWN,252560501901,"H"
264507,66,48,0,0,DOWN,252656506501,"B"
264507,72,35,0,0,UP,252664561601,"H"
264507,85,22,0,0,DOWN,252752487801,"U"
264507,66,48,0,0,UP,252776488801,"B"
264507,82,19,0,0,DOWN,252856460701,"R"
264507,85,22,0,0,UP,252864407801,"U"
264507,71,34,0,0,DOWN,252952311601,"G"
264507,82,19,0,0,UP,252976394101,"R"
264507,69,18,0,0,DOWN,253064399001,"E"
264507,71,34,0,0,UP,253072281401,"G"
264507,78,49,0,0,DOWN,253152675801,"N"
264507,69,18,0,0,UP,253160471101,"E"
264507,78,49,0,0,UP,253224479001,"N"
264507,76,38,0,0,DOWN,253256514001,"L"
264507,76,38,0,0,UP,253312423101,"L"
264507,65,30,0,0,DOWN,253352383601,"A"
264507,65,30,0,0,UP,253400636901,"A"
264507,78,49,0,0,DOWN,253456561201,"N"
264507,78,49,0,0,UP,253520712501,"N"
264507,68,32,0,0,DOWN,253560579001,"D"
264507,70,33,0,0,DOWN,253656442301,"F"
264507,68,32,0,0,UP,253664444001,"D"
264507,70,33,0,0,UP,253728481101,"F"
264507,72,35,0,0,DOWN,253760407701,"H"
264507,66,48,0,0,DOWN,253856418401,"B"
264507,72,35,0,0,UP,253864436201,"H"
264507,85,22,0,0,DOWN,253960559901,"U"
264507,66,48,0,0,UP,253976481701,"B"
264507,82,19,0,0,DOWN,254056428301,"R"
264507,85,22,0,0,UP,254064396201,"U"
264507,71,34,0,0,DOWN,254160379601,"G"
264507,82,19,0,0,UP,254176378301,"R"
264507,69,18,0,0,DOWN,254256492801,"E"
264507,71,34,0,0,UP,254264535301,"G"
264507,78,49,0,0,DOWN,254360506901,"N"
264507,69,18,0,0,UP,254368570101,"E"
264507,78,49,0,0,UP,254424447501,"N"
264507,76,38,0,0,DOWN,254456479801,"L"
264507,76,38,0,0,UP,254512430901,"L"
264507,65,30,0,0,DOWN,254560568901,"A"
264507,65,30,0,0,UP,254600480701,"A"
264507,78,49,0,0,DOWN,254656471401,"N"
264507,78,49,0,0,UP,254720464901,"N"
264507,68,32,0,0,DOWN,254760472601,"D"
264507,70,33,0,0,DOWN,254856457401,"F"
264507,68,32,0,0,UP,254872297401,"D"
264507,70,33,0,0,UP,254928515501,"F"
264507,72,35,0,0,DOWN,254952458101,"H"
264507,66,48,0,0,DOWN,255056545101,"B"
264507,72,35,0,0,UP,255064379201,"H"
264507,85,22,0,0,DOWN,255152482701,"U"
264507,66,48,0,0,UP,255184530601,"B"
264507,82,19,0,0,DOWN,255256571701,"R"
264507,85,22,0,0,UP,255264269001,"U"
264507,71,34,0,0,DOWN,255352516201,"G"
264507,82,19,0,0,UP,255376470401,"R"
264507,69,18,0,0,DOWN,255464474901,"E"
264507,71,34,0,0,UP,255472404701,"G"
264507,78,49,0,0,DOWN,255560402901,"N"
264507,69,18,0,0,UP,255568390401,"E"
264507,78,49,0,0,UP,255624427801,"N"
264507,76,38,0,0,DOWN,255656411701,"L"
264507,76,38,0,0,UP,255720694701,"L"
264507,65,30,0,0,DOWN,255760452301,"A"
264507,65,30,0,0,UP,255800595601,"A"
264507,78,49,0,0,DOWN,255856272901,"N"
264507,78,49,0,0,UP,255920408301,"N"
264507,68,32,0,0,DOWN,255960645701,"D"
264507,70,33,0,0,DOWN,256056451601,"F"
264507,68,32,0,0,UP,256072372501,"D"
264507,70,33,0,0,UP,256136209401,"F"
264507,72,35,0,0,DOWN,256160211701,"H"
264507,66,48,0,0,DOWN,256256237901,"B"
264507,72,35,0,0,UP,256272375801,"H"
264507,85,22,0,0,DOWN,256360222601,"U"
264507,66,48,0,0,UP,256376105901,"B"
264507,82,19,0,0,DOWN,256456228701,"R"
264507,85,22,0,0,UP,256472327401,"U"
264507,71,34,0,0,DOWN,256560205901,"G"
264507,82,19,0,0,UP,256576207301,"R"
264507,69,18,0,0,DOWN,256656196801,"E"
264507,71,34,0,0,UP,256664056201,"G"
264507,69,18,0,0,UP,256760228201,"E"
264507,78,49,0,0,DOWN,256760951801,"N"
264507,78,49,0,0,UP,256824328401,"N"
264507,76,38,0,0,DOWN,256856150101,"L"
264507,76,38,0,0,UP,256912163501,"L"
264507,65,30,0,0,DOWN,256952210101,"A"
264507,65,30,0,0,UP,257008192201,"A"
264507,78,49,0,0,DOWN,257056109001,"N"
264507,78,49,0,0,UP,257120200601,"N"
264507,68,32,0,0,DOWN,257160217501,"D"
264507,70,33,0,0,DOWN,257256322401,"F"
264507,68,32,0,0,UP,257272379201,"D"
264507,70,33,0,0,UP,257328463301,"F"
264507,72,35,0,0,DOWN,257352475501,"H"
264507,66,48,0,0,DOWN,257456270101,"B"
264507,72,35,0,0,UP,257464467101,"H"
264507,85,22,0,0,DOWN,257560510201,"U"
264507,66,48,0,0,UP,257576502801,"B"
264507,82,19,0,0,DOWN,257656366001,"R"
264507,85,22,0,0,UP,257664469201,"U"
264507,71,34,0,0,DOWN,257760522301,"G"
264507,82,19,0,0,UP,257776578001,"R"
264507,69,18,0,0,DOWN,257856265301,"E"
264507,71,34,0,0,UP,257864464001,"G"
264507,69,18,0,0,UP,257960315301,"E"
264507,78,49,0,0,DOWN,257961418501,"N"
264507,78,49,0,0,UP,258024382901,"N"
264507,76,38,0,0,DOWN,258056200801,"L"
264507,76,38,0,0,UP,258120598201,"L"
264507,65,30,0,0,DOWN,258160474601,"A"
264507,65,30,0,0,UP,258200640201,"A"
264507,78,49,0,0,DOWN,258256233201,"N"
264507,78,49,0,0,UP,258320538501,"N"
264507,68,32,0,0,DOWN,258360572101,"D"
264507,70,33,0,0,DOWN,258456535801,"F"
264507,68,32,0,0,UP,258472509201,"D"
264507,70,33,0,0,UP,258536640601,"F"
264507,72,35,0,0,DOWN,258560487501,"H"
264507,72,35,0,0,UP,258656751601,"H"
264507,66,48,0,0,DOWN,258657585701,"B"
264507,85,22,0,0,DOWN,258760495601,"U"
264507,66,48,0,0,UP,258776482301,"B"
264507,82,19,0,0,DOWN,258856493701,"R"
264507,85,22,0,0,UP,258872697401,"U"
264507,71,34,0,0,DOWN,258960480401,"G"
264507,82,19,0,0,UP,258976462001,"R"
264507,69,18,0,0,DOWN,259056583101,"E"
264507,71,34,0,0,UP,259064418501,"G"
264507,78,49,0,0,DOWN,259152601601,"N"
264507,69,18,0,0,UP,259160472501,"E"
264507,78,49,0,0,UP,259216426001,"N"
264507,76,38,0,0,DOWN,259256422401,"L"
264507,76,38,0,0,UP,259312627701,"L"
264507,65,30,0,0,DOWN,259352556101,"A"
264507,65,30,0,0,UP,259408492101,"A"
264507,78,49,0,0,DOWN,259456581101,"N"
264507,78,49,0,0,UP,259520640601,"N"
264507,68,32,0,0,DOWN,259560525601,"D"
264507,70,33,0,0,DOWN,259656533101,"F"
264507,68,32,0,0,UP,259672486801,"D"
264507,70,33,0,0,UP,259736490101,"F"
264507,72,35,0,0,DOWN,259760519801,"H"
264507,66,48,0,0,DOWN,259856454001,"B"
264507,72,35,0,0,UP,259864573101,"H"
264507,85,22,0,0,DOWN,259960493401,"U"
264507,66,48,0,0,UP,259976476101,"B"
264507,82,19,0,0,DOWN,260056890401,"R"
264507,85,22,0,0,UP,260064433601,"U"
264507,71,34,0,0,DOWN,260160545501,"G"
264507,82,19,0,0,UP,260176315601,"R"
264507,69,18,0,0,DOWN,260256258701,"E"
264507,71,34,0,0,UP,260264355001,"G"
264507,69,18,0,0,UP,260360433901,"E"
264507,78,49,0,0,DOWN,260360828301,"N"
264507,78,49,0,0,UP,260424676401,"N"
264507,76,38,0,0,DOWN,260456273201,"L"
264507,76,38,0,0,UP,260512481601,"L"
264507,65,30,0,0,DOWN,260560546201,"A"
264507,65,30,0,0,UP,260600569101,"A"
264507,78,49,0,0,DOWN,260656617401,"N"
264507,78,49,0,0,UP,260720543601,"N"
264507,68,32,0,0,DOWN,260760584501,"D"
264507,70,33,0,0,DOWN,260856508701,"F"
264507,68,32,0,0,UP,260872519301,"D"
264507,70,33,0,0,UP,260936478501,"F"
264507,72,35,0,0,DOWN,260960257001,"H"
264507,66,48,0,0,DOWN,261056475901,"B"
264507,72,35,0,0,UP,261064349601,"H"
264507,85,22,0,0,DOWN,261152584401,"U"
264507,66,48,0,0,UP,261184654801,"B"
264507,82,19,0,0,DOWN,261256659901,"R"
264507,85,22,0,0,UP,261264468401,"U"
264507,71,34,0,0,DOWN,261352526001,"G"
264507,82,19,0,0,UP,261376454601,"R"
264507,69,18,0,0,DOWN,261464568201,"E"
264507,71,34,0,0,UP,261472132001,"G"
264507,78,49,0,0,DOWN,261560473801,"N"
264507,69,18,0,0,UP,261568464301,"E"
264507,78,49,0,0,UP,261624480401,"N"
264507,76,38,0,0,DOWN,261656510701,"L"
264507,76,38,0,0,UP,261712440701,"L"
264507,65,30,0,0,DOWN,261760672801,"A"
264507,65,30,0,0,UP,261800256301,"A"
264507,78,49,0,0,DOWN,261856385701,"N"
264507,78,49,0,0,UP,261920298901,"N"
264507,68,32,0,0,DOWN,261960491101,"D"
264507,70,33,0,0,DOWN,262056187001,"F"
264507,68,32,0,0,UP,262064627901,"D"
264507,70,33,0,0,UP,262136546901,"F"
264507,72,35,0,0,DOWN,262160501401,"H"
264507,66,48,0,0,DOWN,262256500801,"B"
264507,72,35,0,0,UP,262264480501,"H"
264507,85,22,0,0,DOWN,262360462901,"U"
264507,66,48,0,0,UP,262376403501,"B"
264507,82,19,0,0,DOWN,262456473701,"R"
264507,85,22,0,0,UP,262472439301,"U"
264507,71,34,0,0,DOWN,262560641001,"G"
264507,82,19,0,0,UP,262576310001,"R"
264507,69,18,0,0,DOWN,262656526301,"E"
264507,71,34,0,0,UP,262672492301,"G"
264507,69,18,0,0,UP,262760542801,"E"
264507,78,49,0,0,DOWN,262761342901,"N"
264507,78,49,0,0,UP,262824473801,"N"
264507,76,38,0,0,DOWN,262856555801,"L"
264507,76,38,0,0,UP,262920540101,"L"
264507,65,30,0,0,DOWN,262952623501,"A"
264507,65,30,0,0,UP,263008228601,"A"
264507,78,49,0,0,DOWN,263056458501,"N"
264507,78,49,0,0,UP,263128618901,"N"
264507,68,32,0,0,DOWN,263160526801,"D"
264507,70,33,0,0,DOWN,263256370701,"F"
264507,68,32,0,0,UP,263272313001,"D"
264507,70,33,0,0,UP,263336340001,"F"
264507,72,35,0,0,DOWN,263352467101,"H"
264507,66,48,0,0,DOWN,263456572101,"B"
264507,72,35,0,0,UP,263464470501,"H"
264507,85,22,0,0,DOWN,263560321501,"U"
264507,66,48,0,0,UP,263584624801,"B"
264507,82,19,0,0,DOWN,263656461101,"R"
264507,85,22,0,0,UP,263664682201,"U"
264507,71,34,0,0,DOWN,263760251901,"G"
264507,82,19,0,0,UP,263776546101,"R"
264507,69,18,0,0,DOWN,263856491401,"E"
264507,71,34,0,0,UP,263864510601,"G"
264507,69,18,0,0,UP,263960462901,"E"
264507,78,49,0,0,DOWN,263961497801,"N"
264507,78,49,0,0,UP,264024969001,"N"
264507,76,38,0,0,DOWN,264056480901,"L"
264507,76,38,0,0,UP,264120497301,"L"
264507,65,30,0,0,DOWN,264160463001,"A"
264507,65,30,0,0,UP,264200497001,"A"
264507,78,49,0,0,DOWN,264256645201,"N"
264507,78,49,0,0,UP,264320590901,"N"
264507,68,32,0,0,DOWN,264360555401,"D"
264507,70,33,0,0,DOWN,264456728501,"F"
264507,68,32,0,0,UP,264472554801,"D"
264507,70,33,0,0,UP,264536513501,"F"
264507,72,35,0,0,DOWN,264560528201,"H"
264507,66,48,0,0,DOWN,264656602301,"B"
264507,72,35,0,0,UP,264664513701,"H"
264507,85,22,0,0,DOWN,264760597001,"U"
264507,66,48,0,0,UP,264784536901,"B"
264507,82,19,0,0,DOWN,264856605601,"R"
264507,85,22,0,0,UP,264872525001,"U"
264507,71,34,0,0,DOWN,264960476001,"G"
264507,82,19,0,0,UP,264976484301,"R"
264507,69,18,0,0,DOWN,265064463601,"E"
264507,71,34,0,0,UP,265074098801,"G"
264507,78,49,0,0,DOWN,265152471001,"N"
264507,69,18,0,0,UP,265160518401,"E"
264507,78,49,0,0,UP,265224566301,"N"
264507,76,38,0,0,DOWN,265256595101,"L"
264507,76,38,0,0,UP,265320508101,"L"
264507,65,30,0,0,DOWN,265352545101,"A"
264507,65,30,0,0,UP,265408667101,"A"
264507,78,49,0,0,DOWN,265456538901,"N"
264507,78,49,0,0,UP,265528372301,"N"
264507,68,32,0,0,DOWN,265560529701,"D"
264507,70,33,0,0,DOWN,265656563701,"F"
264507,68,32,0,0,UP,265664560301,"D"
264507,70,33,0,0,UP,265728337501,"F"
264507,72,35,0,0,DOWN,265760648401,"H"
264507,66,48,0,0,DOWN,265856574801,"B"
264507,72,35,0,0,UP,265864643201,"H"
264507,85,22,0,0,DOWN,265960571501,"U"
264507,66,48,0,0,UP,265984654201,"B"
264507,82,19,0,0,DOWN,266056556401,"R"
264507,85,22,0,0,UP,266064540201,"U"
264507,71,34,0,0,DOWN,266160604801,"G"
264507,82,19,0,0,UP,266176549101,"R"
264507,69,18,0,0,DOWN,266256341801,"E"
264507,71,34,0,0,UP,266272494701,"G"
264507,69,18,0,0,UP,266360698701,"E"
264507,78,49,0,0,DOWN,266361707801,"N"
264507,78,49,0,0,UP,266424702701,"N"
264507,76,38,0,0,DOWN,266456520801,"L"
264507,76,38,0,0,UP,266520501501,"L"
264507,65,30,0,0,DOWN,266560524701,"A"
264507,65,30,0,0,UP,266600561001,"A"
264507,78,49,0,0,DOWN,266656592201,"N"
264507,78,49,0,0,UP,266728661501,"N"
264507,68,32,0,0,DOWN,266760707801,"D"
264507,70,33,0,0,DOWN,266856561701,"F"
264507,68,32,0,0,UP,266872552601,"D"
264507,70,33,0,0,UP,266928683601,"F"
264507,72,35,0,0,DOWN,266952482101,"H"
264507,66,48,0,0,DOWN,267056524501,"B"
264507,72,35,0,0,UP,267064785901,"H"
264507,85,22,0,0,DOWN,267152546401,"U"
264507,66,48,0,0,UP,267184498101,"B"
264507,82,19,0,0,DOWN,267256535101,"R"
264507,85,22,0,0,UP,267264736401,"U"
264507,71,34,0,0,DOWN,267352521201,"G"
264507,82,19,0,0,UP,267376518701,"R"
264507,69,18,0,0,DOWN,267464582601,"E"
264507,71,34,0,0,UP,267480642601,"G"
264507,69,18,0,0,UP,267560586001,"E"
264507,78,49,0,0,DOWN,267561314001,"N"
264507,78,49,0,0,UP,267624565801,"N"
264507,76,38,0,0,DOWN,267656620701,"L"
264507,76,38,0,0,UP,267720620601,"L"
264507,65,30,0,0,DOWN,267760643601,"A"
264507,65,30,0,0,UP,267800376901,"A"
264507,78,49,0,0,DOWN,267856501001,"N"
264507,78,49,0,0,UP,267928766701,"N"
264507,68,32,0,0,DOWN,267960542401,"D"
264507,70,33,0,0,DOWN,268056563801,"F"
264507,68,32,0,0,UP,268064399801,"D"
264507,70,33,0,0,UP,268136582601,"F"
264507,72,35,0,0,DOWN,268160640801,"H"
264507,66,48,0,0,DOWN,268256357001,"B"
264507,72,35,0,0,UP,268264758501,"H"
264507,85,22,0,0,DOWN,268360552801,"U"
264507,66,48,0,0,UP,268384685801,"B"
264507,82,19,0,0,DOWN,268456604901,"R"
264507,85,22,0,0,UP,268472660101,"U"
264507,71,34,0,0,DOWN,268560609901,"G"
264507,82,19,0,0,UP,268576594001,"R"
264507,69,18,0,0,DOWN,268656684301,"E"
264507,71,34,0,0,UP,268664475601,"G"
264507,69,18,0,0,UP,268760554201,"E"
264507,78,49,0,0,DOWN,268761264501,"N"
264507,78,49,0,0,UP,268824515801,"N"
264507,76,38,0,0,DOWN,268856636301,"L"
264507,76,38,0,0,UP,268920660201,"L"
264507,65,30,0,0,DOWN,268952603501,"A"
264507,65,30,0,0,UP,269000552201,"A"
264507,78,49,0,0,DOWN,269056579601,"N"
264507,78,49,0,0,UP,269120639701,"N"
264507,68,32,0,0,DOWN,269160421401,"D"
264507,70,33,0,0,DOWN,269256607201,"F"
264507,68,32,0,0,UP,269272724201,"D"
264507,70,33,0,0,UP,269328462901,"F"
264507,72,35,0,0,DOWN,269352385201,"H"
264507,66,48,0,0,DOWN,269456615501,"B"
264507,72,35,0,0,UP,269464334301,"H"
264507,85,22,0,0,DOWN,269560705901,"U"
264507,66,48,0,0,UP,269584457901,"B"
264507,82,19,0,0,DOWN,269656622701,"R"
264507,85,22,0,0,UP,269664326001,"U"
264507,71,34,0,0,DOWN,269760691901,"G"
264507,82,19,0,0,UP,269776581901,"R"
264507,69,18,0,0,DOWN,269856862401,"E"
264507,71,34,0,0,UP,269864510301,"G"
264507,69,18,0,0,UP,269960548701,"E"
264507,78,49,0,0,DOWN,269961559601,"N"
264507,78,49,0,0,UP,270024652801,"N"
264507,76,38,0,0,DOWN,270056741601,"L"
264507,76,38,0,0,UP,270120835801,"L"
264507,65,30,0,0,DOWN,270160591301,"A"
264507,65,30,0,0,UP,270200718901,"A"
264507,78,49,0,0,DOWN,270256571401,"N"
264507,78,49,0,0,UP,270320761501,"N"
264507,68,32,0,0,DOWN,270360595301,"D"
264507,70,33,0,0,DOWN,270456589101,"F"
264507,68,32,0,0,UP,270472564101,"D"
264507,70,33,0,0,UP,270536583301,"F"
264507,72,35,0,0,DOWN,270560339801,"H"
264507,72,35,0,0,UP,270656566801,"H"
264507,66,48,0,0,DOWN,270657433701,"B"
264507,85,22,0,0,DOWN,270760669301,"U"
264507,66,48,0,0,UP,270784790801,"B"
264507,82,19,0,0,DOWN,270856797601,"R"
264507,85,22,0,0,UP,270872545301,"U"
264507,71,34,0,0,DOWN,270960634101,"G"
264507,82,19,0,0,UP,270976593501,"R"
264507,69,18,0,0,DOWN,271056406501,"E"
264507,71,34,0,0,UP,271064698601,"G"
264507,78,49,0,0,DOWN,271152632201,"N"
264507,69,18,0,0,UP,271160540501,"E"
264507,78,49,0,0,UP,271224619801,"N"
264507,76,38,0,0,DOWN,271256764401,"L"
264507,76,38,0,0,UP,271320619401,"L"
264507,65,30,0,0,DOWN,271352696801,"A"
264507,65,30,0,0,UP,271400529801,"A"
264507,78,49,0,0,DOWN,271456678001,"N"
264507,78,49,0,0,UP,271520613301,"N"
264507,68,32,0,0,DOWN,271560417701,"D"
264507,70,33,0,0,DOWN,271656614001,"F"
264507,68,32,0,0,UP,271672650401,"D"
264507,70,33,0,0,UP,271728580801,"F"
264507,72,35,0,0,DOWN,271760681101,"H"
264507,66,48,0,0,DOWN,271856611101,"B"
264507,72,35,0,0,UP,271864544401,"H"
264507,85,22,0,0,DOWN,271960579501,"U"
264507,66,48,0,0,UP,271984701401,"B"
264507,82,19,0,0,DOWN,272056561401,"R"
264507,85,22,0,0,UP,272064538101,"U"
264507,71,34,0,0,DOWN,272160675701,"G"
264507,82,19,0,0,UP,272176684201,"R"
264507,69,18,0,0,DOWN,272256625701,"E"
264507,71,34,0,0,UP,272264551501,"G"
264507,78,49,0,0,DOWN,272360558501,"N"
264507,69,18,0,0,UP,272368230101,"E"
264507,78,49,0,0,UP,272424598401,"N"
264507,76,38,0,0,DOWN,272456613401,"L"
264507,76,38,0,0,UP,272520532301,"L"
264507,65,30,0,0,DOWN,272560657701,"A"
264507,65,30,0,0,UP,272600438701,"A"
264507,78,49,0,0,DOWN,272656529001,"N"
264507,78,49,0,0,UP,272712696101,"N"
264507,68,32,0,0,DOWN,272760679201,"D"
264507,70,33,0,0,DOWN,272856591001,"F"
264507,68,32,0,0,UP,272872606601,"D"
264507,70,33,0,0,UP,272936606701,"F"
264507,72,35,0,0,DOWN,272960643401,"H"
264507,66,48,0,0,DOWN,273056674901,"B"
264507,72,35,0,0,UP,273064556501,"H"
264507,85,22,0,0,DOWN,273152641901,"U"
264507,66,48,0,0,UP,273184497401,"B"
264507,82,19,0,0,DOWN,273256302701,"R"
264507,85,22,0,0,UP,273264573701,"U"
264507,71,34,0,0,DOWN,273352559801,"G"
264507,82,19,0,0,UP,273376575801,"R"
264507,69,18,0,0,DOWN,273464694601,"E"
264507,71,34,0,0,UP,273472533801,"G"
264507,69,18,0,0,UP,273552727401,"E"
264507,78,49,0,0,DOWN,273553437601,"N"
264507,78,49,0,0,UP,273624640701,"N"
264507,76,38,0,0,DOWN,273656727701,"L"
264507,76,38,0,0,UP,273720610201,"L"
264507,65,30,0,0,DOWN,273760741601,"A"
264507,65,30,0,0,UP,273800391401,"A"
264507,78,49,0,0,DOWN,273856692801,"N"
264507,78,49,0,0,UP,273920586001,"N"
264507,68,32,0,0,DOWN,273960667001,"D"
264507,70,33,0,0,DOWN,274056583201,"F"
264507,68,32,0,0,UP,274072610901,"D"
264507,70,33,0,0,UP,274136574201,"F"
264507,72,35,0,0,DOWN,274160733201,"H"
264507,66,48,0,0,DOWN,274256604301,"B"
264507,72,35,0,0,UP,274264366701,"H"
264507,85,22,0,0,DOWN,274360666101,"U"
264507,66,48,0,0,UP,274384397201,"B"
264507,82,19,0,0,DOWN,274456777901,"R"
264507,85,22,0,0,UP,274472627001,"U"
264507,71,34,0,0,DOWN,274560664901,"G"
264507,82,19,0,0,UP,274576629001,"R"
264507,69,18,0,0,DOWN,274656622401,"E"
264507,71,34,0,0,UP,274672568101,"G"
264507,69,18,0,0,UP,274760661501,"E"
264507,78,49,0,0,DOWN,274761686201,"N"
264507,78,49,0,0,UP,274816616101,"N"
264507,76,38,0,0,DOWN,274856689801,"L"
264507,76,38,0,0,UP,274920558601,"L"
264507,65,30,0,0,DOWN,274952608701,"A"
264507,65,30,0,0,UP,275000909501,"A"
264507,78,49,0,0,DOWN,275056712601,"N"
264507,78,49,0,0,UP,275112569901,"N"
264507,68,32,0,0,DOWN,275160339801,"D"
264507,70,33,0,0,DOWN,275256627901,"F"
264507,68,32,0,0,UP,275272725201,"D"
264507,70,33,0,0,UP,275336662001,"F"
264507,72,35,0,0,DOWN,275352712501,"H"
264507,66,48,0,0,DOWN,275456721501,"B"
264507,72,35,0,0,UP,275464453501,"H"
264507,85,22,0,0,DOWN,275552651501,"U"
264507,66,48,0,0,UP,275584747401,"B"
264507,82,19,0,0,DOWN,275656631801,"R"
264507,85,22,0,0,UP,275664629201,"U"
264507,71,34,0,0,DOWN,275760716801,"G"
264507,82,19,0,0,UP,275776635901,"R"
264507,69,18,0,0,DOWN,275856503001,"E"
264507,71,34,0,0,UP,275864605301,"G"
264507,69,18,0,0,UP,275960714301,"E"
264507,78,49,0,0,DOWN,275961449801,"N"
264507,78,49,0,0,UP,276016647601,"N"
264507,76,38,0,0,DOWN,276056606201,"L"
264507,76,38,0,0,UP,276120607001,"L"
264507,65,30,0,0,DOWN,276160646501,"A"
264507,65,30,0,0,UP,276200452701,"A"
264507,78,49,0,0,DOWN,276256670501,"N"
264507,78,49,0,0,UP,276320769501,"N"
264507,68,32,0,0,DOWN,276360616001,"D"
264507,70,33,0,0,DOWN,276456698201,"F"
264507,68,32,0,0,UP,276472653401,"D"
264507,70,33,0,0,UP,276536683501,"F"
264507,72,35,0,0,DOWN,276560645701,"H"
264507,66,48,0,0,DOWN,276656643401,"B"
264507,72,35,0,0,UP,276672619501,"H"
264507,85,22,0,0,DOWN,276760718701,"U"
264507,66,48,0,0,UP,276776586101,"B"
264507,82,19,0,0,DOWN,276856675301,"R"
264507,85,22,0,0,UP,276872584601,"U"
264507,71,34,0,0,DOWN,276960671801,"G"
264507,82,19,0,0,UP,276976793301,"R"
264507,69,18,0,0,DOWN,277057232701,"E"
264507,71,34,0,0,UP,277064639201,"G"
264507,78,49,0,0,DOWN,277152538001,"N"
264507,69,18,0,0,UP,277160624001,"E"
264507,78,49,0,0,UP,277216599801,"N"
264507,76,38,0,0,DOWN,277256645801,"L"
264507,76,38,0,0,UP,277312681601,"L"
264507,65,30,0,0,DOWN,277352580901,"A"
264507,65,30,0,0,UP,277400635401,"A"
264507,78,49,0,0,DOWN,277456679601,"N"
264507,78,49,0,0,UP,277512637001,"N"
264507,68,32,0,0,DOWN,277560782401,"D"
264507,70,33,0,0,DOWN,277656682101,"F"
264507,68,32,0,0,UP,277672817301,"D"
264507,70,33,0,0,UP,277736522901,"F"
264507,72,35,0,0,DOWN,277760633401,"H"
264507,66,48,0,0,DOWN,277856661401,"B"
264507,72,35,0,0,UP,277864595201,"H"
264507,85,22,0,0,DOWN,277960620101,"U"
264507,66,48,0,0,UP,277984686601,"B"
264507,82,19,0,0,DOWN,278056593501,"R"
264507,85,22,0,0,UP,278064598001,"U"
264507,71,34,0,0,DOWN,278160602101,"G"
264507,82,19,0,0,UP,278176626801,"R"
264507,69,18,0,0,DOWN,278256376001,"E"
264507,71,34,0,0,UP,278264223601,"G"
264507,69,18,0,0,UP,278360698801,"E"
264507,78,49,0,0,DOWN,278361652501,"N"
264507,78,49,0,0,UP,278416721801,"N"
264507,76,38,0,0,DOWN,278456690501,"L"
264507,76,38,0,0,UP,278520392201,"L"
264507,65,30,0,0,DOWN,278560616101,"A"
264507,65,30,0,0,UP,278600702501,"A"
264507,78,49,0,0,DOWN,278656776701,"N"
264507,78,49,0,0,UP,278712354101,"N"
264507,68,32,0,0,DOWN,278760645001,"D"
264507,70,33,0,0,DOWN,278856635301,"F"
264507,68,32,0,0,UP,278872697901,"D"
264507,70,33,0,0,UP,278936800801,"F"
264507,72,35,0,0,DOWN,278960659201,"H"
264507,66,48,0,0,DOWN,279056664501,"B"
264507,72,35,0,0,UP,279064620401,"H"
264507,85,22,0,0,DOWN,279152646501,"U"
264507,66,48,0,0,UP,279176667701,"B"
264507,82,19,0,0,DOWN,279256533501,"R"
264507,85,22,0,0,UP,279264779201,"U"
264507,71,34,0,0,DOWN,279352663801,"G"
264507,82,19,0,0,UP,279376610401,"R"
264507,69,18,0,0,DOWN,279464700501,"E"
264507,71,34,0,0,UP,279472558501,"G"
264507,78,49,0,0,DOWN,279552664801,"N"
264507,69,18,0,0,UP,279560661901,"E"
264507,78,49,0,0,UP,279616652201,"N"
264507,76,38,0,0,DOWN,279656499601,"L"
264507,76,38,0,0,UP,279720634301,"L"
264507,65,30,0,0,DOWN,279760815201,"A"
264507,65,30,0,0,UP,279800750701,"A"
264507,78,49,0,0,DOWN,279856749801,"N"
264507,78,49,0,0,UP,279920763101,"N"
264507,68,32,0,0,DOWN,279960724501,"D"
264507,70,33,0,0,DOWN,280056645101,"F"
264507,68,32,0,0,UP,280072686401,"D"
264507,70,33,0,0,UP,280136630101,"F"
264507,72,35,0,0,DOWN,280160661201,"H"
264507,66,48,0,0,DOWN,280256609401,"B"
264507,72,35,0,0,UP,280264618601,"H"
264507,85,22,0,0,DOWN,280360775801,"U"
264507,66,48,0,0,UP,280376628701,"B"
264507,82,19,0,0,DOWN,280456693901,"R"
264507,85,22,0,0,UP,280472749101,"U"
264507,71,34,0,0,DOWN,280560725001,"G"
264507,82,19,0,0,UP,280576779301,"R"
264507,69,18,0,0,DOWN,280656606501,"E"
264507,71,34,0,0,UP,280672574301,"G"
264507,69,18,0,0,UP,280760691201,"E"
264507,78,49,0,0,DOWN,280761600401,"N"
264507,78,49,0,0,UP,280816635401,"N"
264507,76,38,0,0,DOWN,280856656901,"L"
264507,76,38,0,0,UP,280912656601,"L"
264507,65,30,0,0,DOWN,280952617201,"A"
264507,65,30,0,0,UP,281000661801,"A"
264507,78,49,0,0,DOWN,281056433601,"N"
264507,78,49,0,0,UP,281112664201,"N"
264507,68,32,0,0,DOWN,281160679701,"D"
264507,70,33,0,0,DOWN,281256701301,"F"
264507,68,32,0,0,UP,281272685501,"D"
264507,70,33,0,0,UP,281328665001,"F"
264507,72,35,0,0,DOWN,281352627801,"H"
264507,66,48,0,0,DOWN,281456606901,"B"
264507,72,35,0,0,UP,281464627901,"H"
264507,85,22,0,0,DOWN,281552388001,"U"
264507,66,48,0,0,UP,281584668301,"B"
264507,82,19,0,0,DOWN,281656594101,"R"
264507,85,22,0,0,UP,281664629301,"U"
264507,71,34,0,0,DOWN,281760744301,"G"
264507,82,19,0,0,UP,281776703001,"R"
264507,69,18,0,0,DOWN,281856715401,"E"
264507,71,34,0,0,UP,281864413101,"G"
264507,78,49,0,0,DOWN,281960884501,"N"
264507,69,18,0,0,UP,281976654701,"E"
264507,78,49,0,0,UP,282016657301,"N"
264507,76,38,0,0,DOWN,282056371401,"L"
264507,76,38,0,0,UP,282120653901,"L"
264507,65,30,0,0,DOWN,282160698001,"A"
264507,65,30,0,0,UP,282200774301,"A"
264507,78,49,0,0,DOWN,282256736501,"N"
264507,78,49,0,0,UP,282320649501,"N"
264507,68,32,0,0,DOWN,282360701201,"D"
264507,70,33,0,0,DOWN,282456324501,"F"
264507,68,32,0,0,UP,282472864501,"D"
264507,70,33,0,0,UP,282536711101,"F"
264507,72,35,0,0,DOWN,282560723201,"H"
264507,66,48,0,0,DOWN,282656463101,"B"
264507,72,35,0,0,UP,282672784601,"H"
264507,85,22,0,0,DOWN,282760690201,"U"
264507,66,48,0,0,UP,282776702101,"B"
264507,82,19,0,0,DOWN,282856748401,"R"
264507,85,22,0,0,UP,282872681801,"U"
264507,71,34,0,0,DOWN,282960655201,"G"
264507,82,19,0,0,UP,282976801801,"R"
264507,69,18,0,0,DOWN,283056735501,"E"
264507,71,34,0,0,UP,283064687101,"G"
264507,78,49,0,0,DOWN,283152678701,"N"
264507,69,18,0,0,UP,283160672501,"E"
264507,78,49,0,0,UP,283224661601,"N"
264507,76,38,0,0,DOWN,283256654001,"L"
264507,76,38,0,0,UP,283312632401,"L"
264507,65,30,0,0,DOWN,283352709901,"A"
264507,65,30,0,0,UP,283400639001,"A"
264507,78,49,0,0,DOWN,283456655401,"N"
264507,78,49,0,0,UP,283512849301,"N"
264507,68,32,0,0,DOWN,283560701201,"D"
264507,70,33,0,0,DOWN,283656735301,"F"
264507,68,32,0,0,UP,283672737801,"D"
264507,70,33,0,0,UP,283728850701,"F"
264507,72,35,0,0,DOWN,283760756201,"H"
264507,66,48,0,0,DOWN,283856811401,"B"
264507,72,35,0,0,UP,283864292101,"H"
264507,85,22,0,0,DOWN,283960810701,"U"
264507,66,48,0,0,UP,283976751501,"B"
264507,82,19,0,0,DOWN,284056503801,"R"
264507,85,22,0,0,UP,284064627701,"U"
264507,71,34,0,0,DOWN,284161019801,"G"
264507,82,19,0,0,UP,284176527601,"R"
264507,69,18,0,0,DOWN,284256810201,"E"
264507,71,34,0,0,UP,284264679001,"G"
264507,69,18,0,0,UP,284360789401,"E"
264507,78,49,0,0,DOWN,284361518801,"N"
264507,78,49,0,0,UP,284424442701,"N"
264507,76,38,0,0,DOWN,284456816801,"L"
264507,76,38,0,0,UP,284520648701,"L"
264507,65,30,0,0,DOWN,284560754001,"A"
264507,65,30,0,0,UP,284600766901,"A"
264507,78,49,0,0,DOWN,284656655001,"N"
264507,78,49,0,0,UP,284712657301,"N"
264507,68,32,0,0,DOWN,284760728001,"D"
264507,70,33,0,0,DOWN,284856829601,"F"
264507,68,32,0,0,UP,284872700401,"D"
264507,70,33,0,0,UP,284936734901,"F"
264507,72,35,0,0,DOWN,284960699601,"H"
264507,66,48,0,0,DOWN,285064633101,"B"
264507,72,35,0,0,UP,285072675301,"H"
264507,85,22,0,0,DOWN,285152742201,"U"
264507,66,48,0,0,UP,285184529401,"B"
264507,82,19,0,0,DOWN,285256678801,"R"
264507,85,22,0,0,UP,285264703301,"U"
264507,71,34,0,0,DOWN,285352758601,"G"
264507,82,19,0,0,UP,285376594701,"R"
264507,69,18,0,0,DOWN,285464714101,"E"
264507,71,34,0,0,UP,285472695301,"G"
264507,78,49,0,0,DOWN,285560588201,"N"
264507,69,18,0,0,UP,285568711101,"E"
264507,78,49,0,0,UP,285616699701,"N"
264507,76,38,0,0,DOWN,285656467201,"L"
264507,76,38,0,0,UP,285720841201,"L"
264507,65,30,0,0,DOWN,285760715101,"A"
264507,65,30,0,0,UP,285800720901,"A"
264507,78,49,0,0,DOWN,285856782501,"N"
264507,78,49,0,0,UP,285920678301,"N"
264507,68,32,0,0,DOWN,285960729101,"D"
264507,70,33,0,0,DOWN,286056835301,"F"
264507,68,32,0,0,UP,286064678301,"D"
264507,70,33,0,0,UP,286136722801,"F"
264507,72,35,0,0,DOWN,286160691601,"H"
264507,66,48,0,0,DOWN,286256800901,"B"
264507,72,35,0,0,UP,286264668601,"H"
264507,85,22,0,0,DOWN,286360776601,"U"
264507,66,48,0,0,UP,286376622001,"B"
264507,82,19,0,0,DOWN,286456760001,"R"
264507,85,22,0,0,UP,286472725101,"U"
264507,71,34,0,0,DOWN,286560711901,"G"
264507,82,19,0,0,UP,286576590101,"R"
264507,69,18,0,0,DOWN,286656826601,"E"
264507,71,34,0,0,UP,286664324501,"G"
264507,69,18,0,0,UP,286760877901,"E"
264507,78,49,0,0,DOWN,286761771101,"N"
264507,78,49,0,0,UP,286816665101,"N"
264507,76,38,0,0,DOWN,286856466501,"L"
264507,76,38,0,0,UP,286920454101,"L"
264507,65,30,0,0,DOWN,286952660801,"A"
264507,65,30,0,0,UP,287000540901,"A"
264507,78,49,0,0,DOWN,287056674601,"N"
264507,78,49,0,0,UP,287112676301,"N"
264507,68,32,0,0,DOWN,287160753901,"D"
264507,70,33,0,0,DOWN,287256807501,"F"
264507,68,32,0,0,UP,287264659501,"D"
264507,70,33,0,0,UP,287336725601,"F"
264507,72,35,0,0,DOWN,287352709901,"H"
264507,66,48,0,0,DOWN,287456684501,"B"
264507,72,35,0,0,UP,287464683301,"H"
264507,85,22,0,0,DOWN,287560729301,"U"
264507,66,48,0,0,UP,287576648901,"B"
264507,82,19,0,0,DOWN,287656788601,"R"
264507,85,22,0,0,UP,287664698901,"U"
264507,71,34,0,0,DOWN,287760495801,"G"
264507,82,19,0,0,UP,287776767401,"R"
264507,69,18,0,0,DOWN,287856852601,"E"
264507,71,34,0,0,UP,287864705901,"G"
264507,69,18,0,0,UP,287960699801,"E"
264507,78,49,0,0,DOWN,287961743801,"N"
264507,78,49,0,0,UP,288016712301,"N"
264507,76,38,0,0,DOWN,288056765201,"L"
264507,76,38,0,0,UP,288120782701,"L"
264507,65,30,0,0,DOWN,288160453901,"A"
264507,65,30,0,0,UP,288201130701,"A"
264507,78,49,0,0,DOWN,288256721101,"N"
264507,78,49,0,0,UP,288320727301,"N"
264507,68,32,0,0,DOWN,288360596701,"D"
264507,70,33,0,0,DOWN,288456861901,"F"
264507,68,32,0,0,UP,288472953901,"D"
264507,70,33,0,0,UP,288536799201,"F"
264507,72,35,0,0,DOWN,288560762601,"H"
264507,66,48,0,0,DOWN,288656833001,"B"
264507,72,35,0,0,UP,288664705001,"H"
264507,85,22,0,0,DOWN,288760664001,"U"
264507,66,48,0,0,UP,288776705801,"B"
264507,82,19,0,0,DOWN,288856805801,"R"
264507,85,22,0,0,UP,288872744201,"U"
264507,71,34,0,0,DOWN,288960942801,"G"
264507,82,19,0,0,UP,288976731301,"R"
264507,69,18,0,0,DOWN,289064652601,"E"
264507,71,34,0,0,UP,289072750001,"G"
264507,78,49,0,0,DOWN,289152817401,"N"
264507,69,18,0,0,UP,289160803901,"E"
264507,78,49,0,0,UP,289216729901,"N"
264507,76,38,0,0,DOWN,289256873901,"L"
264507,76,38,0,0,UP,289320710701,"L"
264507,65,30,0,0,DOWN,289352803701,"A"
264507,65,30,0,0,UP,289400558701,"A"
264507,78,49,0,0,DOWN,289456744801,"N"
264507,78,49,0,0,UP,289520751801,"N"
264507,68,32,0,0,DOWN,289560976801,"D"
264507,70,33,0,0,DOWN,289656845901,"F"
264507,68,32,0,0,UP,289664832101,"D"
264507,70,33,0,0,UP,289728701801,"F"
264507,72,35,0,0,DOWN,289760724701,"H"
264507,66,48,0,0,DOWN,289856791201,"B"
264507,72,35,0,0,UP,289864753401,"H"
264507,85,22,0,0,DOWN,289960783901,"U"
264507,66,48,0,0,UP,289976682801,"B"
264507,82,19,0,0,DOWN,290056741401,"R"
264507,85,22,0,0,UP,290064811501,"U"
264507,71,34,0,0,DOWN,290160800401,"G"
264507,82,19,0,0,UP,290176760301,"R"
264507,69,18,0,0,DOWN,290256952201,"E"
264507,71,34,0,0,UP,290264591301,"G"
264507,69,18,0,0,UP,290360768001,"E"
264507,78,49,0,0,DOWN,290361689901,"N"
264507,78,49,0,0,UP,290416769601,"N"
264507,76,38,0,0,DOWN,290456754101,"L"
264507,76,38,0,0,UP,290520820501,"L"
264507,65,30,0,0,DOWN,290560876001,"A"
264507,65,30,0,0,UP,290600721201,"A"
264507,78,49,0,0,DOWN,290656814401,"N"
264507,78,49,0,0,UP,290712566401,"N"
264507,68,32,0,0,DOWN,290760798001,"D"
264507,70,33,0,0,DOWN,290856596601,"F"
264507,68,32,0,0,UP,290872727001,"D"
264507,70,33,0,0,UP,290936825601,"F"
264507,72,35,0,0,DOWN,290952765001,"H"
264507,66,48,0,0,DOWN,291056673201,"B"
264507,72,35,0,0,UP,291064776401,"H"
264507,85,22,0,0,DOWN,291152728601,"U"
264507,66,48,0,0,UP,291184883201,"B"
264507,82,19,0,0,DOWN,291256794601,"R"
264507,85,22,0,0,UP,291264926201,"U"
264507,71,34,0,0,DOWN,291360872601,"G"
264507,82,19,0,0,UP,291376807201,"R"
264507,69,18,0,0,DOWN,291464772301,"E"
264507,71,34,0,0,UP,291480810801,"G"
264507,69,18,0,0,UP,291560531801,"E"
264507,78,49,0,0,DOWN,291561391901,"N"
264507,78,49,0,0,UP,291616705701,"N"
264507,76,38,0,0,DOWN,291656568901,"L"
264507,76,38,0,0,UP,291720745301,"L"
264507,65,30,0,0,DOWN,291760798601,"A"
264507,65,30,0,0,UP,291800750301,"A"
264507,78,49,0,0,DOWN,291856729801,"N"
264507,78,49,0,0,UP,291920732601,"N"
264507,68,32,0,0,DOWN,291960759201,"D"
264507,70,33,0,0,DOWN,292056731801,"F"
264507,68,32,0,0,UP,292064667701,"D"
264507,70,33,0,0,UP,292128845401,"F"
264507,72,35,0,0,DOWN,292160493501,"H"
264507,66,48,0,0,DOWN,292256756301,"B"
264507,72,35,0,0,UP,292272388701,"H"
264507,85,22,0,0,DOWN,292360665001,"U"
264507,66,48,0,0,UP,292376447701,"B"
264507,82,19,0,0,DOWN,292456793501,"R"
264507,85,22,0,0,UP,292472573701,"U"
264507,71,34,0,0,DOWN,292560886201,"G"
264507,82,19,0,0,UP,292576834001,"R"
264507,69,18,0,0,DOWN,292656551501,"E"
264507,71,34,0,0,UP,292664687101,"G"
264507,69,18,0,0,UP,292752713201,"E"
264507,78,49,0,0,DOWN,292760807501,"N"
264507,78,49,0,0,UP,292816795201,"N"
264507,76,38,0,0,DOWN,292856802401,"L"
264507,76,38,0,0,UP,292920568301,"L"
264507,65,30,0,0,DOWN,292952737701,"A"
264507,65,30,0,0,UP,293000819601,"A"
264507,78,49,0,0,DOWN,293056756101,"N"
264507,78,49,0,0,UP,293112818201,"N"
264507,68,32,0,0,DOWN,293160814601,"D"
264507,70,33,0,0,DOWN,293256492901,"F"
264507,68,32,0,0,UP,293272846201,"D"
264507,70,33,0,0,UP,293328807201,"F"
264507,72,35,0,0,DOWN,293360729801,"H"
264507,66,48,0,0,DOWN,293456841701,"B"
264507,72,35,0,0,UP,293464665901,"H"
264507,85,22,0,0,DOWN,293560859801,"U"
264507,66,48,0,0,UP,293576814101,"B"
264507,82,19,0,0,DOWN,293656792501,"R"
264507,85,22,0,0,UP,293664798201,"U"
264507,71,34,0,0,DOWN,293760770201,"G"
264507,82,19,0,0,UP,293776746101,"R"
264507,69,18,0,0,DOWN,293856745401,"E"
264507,71,34,0,0,UP,293864439901,"G"
264507,78,49,0,0,DOWN,293960984501,"N"
264507,69,18,0,0,UP,293968777701,"E"
264507,78,49,0,0,UP,294016690401,"N"
264507,76,38,0,0,DOWN,294056918101,"L"
264507,76,38,0,0,UP,294112931701,"L"
264507,65,30,0,0,DOWN,294160879001,"A"
264507,65,30,0,0,UP,294200924801,"A"
264507,78,49,0,0,DOWN,294256837901,"N"
264507,78,49,0,0,UP,294320783701,"N"
264507,68,32,0,0,DOWN,294360842401,"D"
264507,70,33,0,0,DOWN,294456848001,"F"
264507,68,32,0,0,UP,294473084701,"D"
264507,70,33,0,0,UP,294536814601,"F"
264507,72,35,0,0,DOWN,294560821001,"H"
264507,66,48,0,0,DOWN,294656751001,"B"
264507,72,35,0,0,UP,294664975701,"H"
264507,85,22,0,0,DOWN,294760847101,"U"
264507,66,48,0,0,UP,294776754301,"B"
264507,82,19,0,0,DOWN,294864712301,"R"
264507,85,22,0,0,UP,294872756701,"U"
264507,71,34,0,0,DOWN,294952922801,"G"
264507,82,19,0,0,UP,294976789701,"R"
264507,69,18,0,0,DOWN,295064958601,"E"
264507,71,34,0,0,UP,295072344301,"G"
264507,78,49,0,0,DOWN,295152722001,"N"
264507,69,18,0,0,UP,295160853001,"E"
264507,78,49,0,0,UP,295216760801,"N"
264507,76,38,0,0,DOWN,295256863701,"L"
264507,76,38,0,0,UP,295320808901,"L"
264507,65,30,0,0,DOWN,295360933801,"A"
264507,65,30,0,0,UP,295400816101,"A"
264507,78,49,0,0,DOWN,295456905301,"N"
264507,78,49,0,0,UP,295520774501,"N"
264507,68,32,0,0,DOWN,295560978901,"D"
264507,70,33,0,0,DOWN,295656813301,"F"
264507,68,32,0,0,UP,295664762801,"D"
264507,70,33,0,0,UP,295736590601,"F"
264507,72,35,0,0,DOWN,295760796101,"H"
264507,66,48,0,0,DOWN,295856850301,"B"
264507,72,35,0,0,UP,295864916501,"H"
264507,85,22,0,0,DOWN,295960800101,"U"
264507,66,48,0,0,UP,295984994601,"B"
264507,82,19,0,0,DOWN,296056821701,"R"
264507,85,22,0,0,UP,296072852801,"U"
264507,71,34,0,0,DOWN,296160839501,"G"
264507,82,19,0,0,UP,296176775901,"R"
264507,69,18,0,0,DOWN,296256879901,"E"
264507,71,34,0,0,UP,296272905801,"G"
264507,78,49,0,0,DOWN,296360883601,"N"
264507,69,18,0,0,UP,296368521501,"E"
264507,78,49,0,0,UP,296416674901,"N"
264507,76,38,0,0,DOWN,296456817001,"L"
264507,76,38,0,0,UP,296520817701,"L"
264507,65,30,0,0,DOWN,296552848501,"A"
264507,65,30,0,0,UP,296600719601,"A"
264507,78,49,0,0,DOWN,296656813601,"N"
264507,78,49,0,0,UP,296712812101,"N"
264507,68,32,0,0,DOWN,296760681701,"D"
264507,70,33,0,0,DOWN,296856769001,"F"
264507,68,32,0,0,UP,296872781001,"D"
264507,70,33,0,0,UP,296936874501,"F"
264507,72,35,0,0,DOWN,296952803401,"H"
264507,66,48,0,0,DOWN,297056901101,"B"
264507,72,35,0,0,UP,297064743101,"H"
264507,85,22,0,0,DOWN,297160826201,"U"
264507,66,48,0,0,UP,297184815401,"B"
264507,82,19,0,0,DOWN,297256891501,"R"
264507,85,22,0,0,UP,297264924001,"U"
264507,71,34,0,0,DOWN,297360762101,"G"
264507,82,19,0,0,UP,297376769801,"R"
264507,69,18,0,0,DOWN,297456826601,"E"
264507,71,34,0,0,UP,297464911601,"G"
264507,78,49,0,0,DOWN,297560802701,"N"
264507,69,18,0,0,UP,297568526601,"E"
264507,78,49,0,0,UP,297624767301,"N"
264507,76,38,0,0,DOWN,297656804801,"L"
264507,76,38,0,0,UP,297720873801,"L"
264507,65,30,0,0,DOWN,297760898601,"A"
264507,65,30,0,0,UP,297800542801,"A"
264507,78,49,0,0,DOWN,297856626101,"N"
264507,78,49,0,0,UP,297920777801,"N"
264507,68,32,0,0,DOWN,297960754401,"D"
264507,70,33,0,0,DOWN,298056866701,"F"
264507,68,32,0,0,UP,298072769301,"D"
264507,70,33,0,0,UP,298136824601,"F"
264507,72,35,0,0,DOWN,298160841001,"H"
264507,66,48,0,0,DOWN,298256793201,"B"
264507,72,35,0,0,UP,298272872301,"H"
264507,85,22,0,0,DOWN,298360871701,"U"
264507,66,48,0,0,UP,298376796301,"B"
264507,82,19,0,0,DOWN,298456985301,"R"
264507,85,22,0,0,UP,298472803701,"U"
264507,71,34,0,0,DOWN,298560879101,"G"
264507,82,19,0,0,UP,298577133301,"R"
264507,69,18,0,0,DOWN,298656836301,"E"
264507,71,34,0,0,UP,298664782301,"G"
264507,69,18,0,0,UP,298760828101,"E"
264507,78,49,0,0,DOWN,298761543701,"N"
264507,78,49,0,0,UP,298816841201,"N"
264507,76,38,0,0,DOWN,298856788801,"L"
264507,76,38,0,0,UP,298912800501,"L"
264507,65,30,0,0,DOWN,298952838001,"A"
264507,65,30,0,0,UP,299001007301,"A"
264507,78,49,0,0,DOWN,299056827601,"N"
264507,78,49,0,0,UP,299112784301,"N"
264507,68,32,0,0,DOWN,299160897801,"D"
264507,70,33,0,0,DOWN,299256956501,"F"
264507,68,32,0,0,UP,299272609501,"D"
264507,70,33,0,0,UP,299336831801,"F"
264507,72,35,0,0,DOWN,299360828601,"H"
264507,66,48,0,0,DOWN,299456805801,"B"
264507,72,35,0,0,UP,299464814201,"H"
264507,85,22,0,0,DOWN,299560835901,"U"
264507,66,48,0,0,UP,299576962301,"B"
264507,82,19,0,0,DOWN,299656809101,"R"
264507,85,22,0,0,UP,299664859101,"U"
264507,71,34,0,0,DOWN,299760843401,"G"
264507,82,19,0,0,UP,299776822401,"R"
264507,69,18,0,0,DOWN,299856673801,"E"
264507,71,34,0,0,UP,299864843401,"G"
264507,69,18,0,0,UP,299960950501,"E"
264507,78,49,0,0,DOWN,299961818401,"N"
264507,78,49,0,0,UP,300024935601,"N"
264507,76,38,0,0,DOWN,300056838501,"L"
264507,76,38,0,0,UP,300112792101,"L"
264507,65,30,0,0,DOWN,300160895101,"A"
264507,65,30,0,0,UP,300200871701,"A"
264507,78,49,0,0,DOWN,300256793701,"N"
264507,78,49,0,0,UP,300320840301,"N"
264507,68,32,0,0,DOWN,300360883401,"D"
264507,70,33,0,0,DOWN,300456803901,"F"
264507,68,32,0,0,UP,300472819601,"D"
264507,70,33,0,0,UP,300528887601,"F"
264507,72,35,0,0,DOWN,300560839601,"H"
264507,72,35,0,0,UP,300656986001,"H"
264507,66,48,0,0,DOWN,300658059101,"B"
264507,85,22,0,0,DOWN,300760908001,"U"
264507,66,48,0,0,UP,300784809101,"B"
264507,82,19,0,0,DOWN,300864834901,"R"
264507,85,22,0,0,UP,300872571201,"U"
264507,71,34,0,0,DOWN,300952717001,"G"
264507,82,19,0,0,UP,300976787901,"R"
264507,69,18,0,0,DOWN,301064858601,"E"
264507,71,34,0,0,UP,301072841401,"G"
264507,69,18,0,0,UP,301152714401,"E"
264507,78,49,0,0,DOWN,301153806701,"N"
264507,78,49,0,0,UP,301216869001,"N"
264507,76,38,0,0,DOWN,301256865201,"L"
264507,76,38,0,0,UP,301320815401,"L"
264507,65,30,0,0,DOWN,301360848001,"A"
264507,65,30,0,0,UP,301400913101,"A"
264507,78,49,0,0,DOWN,301456819201,"N"
264507,78,49,0,0,UP,301520835101,"N"
264507,68,32,0,0,DOWN,301561058201,"D"
264507,70,33,0,0,DOWN,301656933701,"F"
264507,68,32,0,0,UP,301664843901,"D"
264507,70,33,0,0,UP,301736605601,"F"
264507,72,35,0,0,DOWN,301760731701,"H"
264507,66,48,0,0,DOWN,301856833801,"B"
264507,72,35,0,0,UP,301864802901,"H"
264507,85,22,0,0,DOWN,301960886301,"U"
264507,66,48,0,0,UP,301977029301,"B"
264507,82,19,0,0,DOWN,302056912601,"R"
264507,85,22,0,0,UP,302072980301,"U"
264507,71,34,0,0,DOWN,302160852301,"G"
264507,82,19,0,0,UP,302176869901,"R"
264507,69,18,0,0,DOWN,302256609301,"E"
264507,71,34,0,0,UP,302273058401,"G"
264507,78,49,0,0,DOWN,302360824901,"N"
264507,69,18,0,0,UP,302368818401,"E"
264507,78,49,0,0,UP,302416840701,"N"
264507,76,38,0,0,DOWN,302456831101,"L"
264507,76,38,0,0,UP,302512863701,"L"
264507,65,30,0,0,DOWN,302552885501,"A"
264507,65,30,0,0,UP,302600585801,"A"
264507,78,49,0,0,DOWN,302656904401,"N"
264507,78,49,0,0,UP,302712862301,"N"
264507,68,32,0,0,DOWN,302760922601,"D"
264507,70,33,0,0,DOWN,302864938501,"F"
264507,68,32,0,0,UP,302872824301,"D"
264507,70,33,0,0,UP,302928838801,"F"
264507,72,35,0,0,DOWN,302952715001,"H"
264507,66,48,0,0,DOWN,303056803401,"B"
264507,72,35,0,0,UP,303064911701,"H"
264507,85,22,0,0,DOWN,303152890301,"U"
264507,66,48,0,0,UP,303184852901,"B"
264507,82,19,0,0,DOWN,303256653801,"R"
264507,85,22,0,0,UP,303264541601,"U"
264507,71,34,0,0,DOWN,303360899801,"G"
264507,82,19,0,0,UP,303376891601,"R"
264507,69,18,0,0,DOWN,303464894801,"E"
264507,71,34,0,0,UP,303472670701,"G"
264507,69,18,0,0,UP,303561014401,"E"
264507,78,49,0,0,DOWN,303561868201,"N"
264507,78,49,0,0,UP,303625367201,"N"
264507,76,38,0,0,DOWN,303657004601,"L"
264507,76,38,0,0,UP,303720924401,"L"
264507,65,30,0,0,DOWN,303760882601,"A"
264507,65,30,0,0,UP,303800891101,"A"
264507,78,49,0,0,DOWN,303856850301,"N"
264507,78,49,0,0,UP,303920789601,"N"
264507,68,32,0,0,DOWN,303960946901,"D"
264507,70,33,0,0,DOWN,304056931701,"F"
264507,68,32,0,0,UP,304072887201,"D"
264507,70,33,0,0,UP,304136917201,"F"
264507,72,35,0,0,DOWN,304160899001,"H"
264507,66,48,0,0,DOWN,304256889501,"B"
264507,72,35,0,0,UP,304272988301,"H"
264507,85,22,0,0,DOWN,304360871101,"U"
264507,66,48,0,0,UP,304384868601,"B"
264507,82,19,0,0,DOWN,304456915101,"R"
264507,85,22,0,0,UP,304472915501,"U"
264507,71,34,0,0,DOWN,304561015601,"G"
264507,82,19,0,0,UP,304576899201,"R"
264507,69,18,0,0,DOWN,304656861101,"E"
264507,71,34,0,0,UP,304672856501,"G"
264507,69,18,0,0,UP,304761021901,"E"
264507,78,49,0,0,DOWN,304761895301,"N"
264507,78,49,0,0,UP,304816818001,"N"
264507,76,38,0,0,DOWN,304856584601,"L"
264507,76,38,0,0,UP,304920838201,"L"
264507,65,30,0,0,DOWN,304952860901,"A"
264507,65,30,0,0,UP,305001054801,"A"
264507,78,49,0,0,DOWN,305056867601,"N"
264507,78,49,0,0,UP,305112859601,"N"
264507,68,32,0,0,DOWN,305160928801,"D"
264507,70,33,0,0,DOWN,305256646401,"F"
264507,68,32,0,0,UP,305272624101,"D"
264507,70,33,0,0,UP,305328878301,"F"
264507,72,35,0,0,DOWN,305360846501,"H"
264507,66,48,0,0,DOWN,305456853501,"B"
264507,72,35,0,0,UP,305464875201,"H"
264507,85,22,0,0,DOWN,305560952301,"U"
264507,66,48,0,0,UP,305584876101,"B"
264507,82,19,0,0,DOWN,305656889901,"R"
264507,85,22,0,0,UP,305664645001,"U"
264507,71,34,0,0,DOWN,305760904201,"G"
264507,82,19,0,0,UP,305776880301,"R"
264507,69,18,0,0,DOWN,305856888801,"E"
264507,71,34,0,0,UP,305864828101,"G"
264507,69,18,0,0,UP,305961082301,"E"
264507,78,49,0,0,DOWN,305962089901,"N"
264507,78,49,0,0,UP,306016908201,"N"
264507,76,38,0,0,DOWN,306056688101,"L"
264507,76,38,0,0,UP,306120896901,"L"
264507,65,30,0,0,DOWN,306160932101,"A"
264507,65,30,0,0,UP,306200972501,"A"
264507,78,49,0,0,DOWN,306256589201,"N"
264507,78,49,0,0,UP,306320849701,"N"
264507,68,32,0,0,DOWN,306360840501,"D"
264507,70,33,0,0,DOWN,306456714501,"F"
264507,68,32,0,0,UP,306472980501,"D"
264507,70,33,0,0,UP,306536936501,"F"
264507,72,35,0,0,DOWN,306561015901,"H"
264507,66,48,0,0,DOWN,306656552501,"B"
264507,72,35,0,0,UP,306664832901,"H"
264507,85,22,0,0,DOWN,306760934701,"U"
264507,66,48,0,0,UP,306776895701,"B"
264507,82,19,0,0,DOWN,306856625401,"R"
264507,85,22,0,0,UP,306872979501,"U"
264507,71,34,0,0,DOWN,306960971901,"G"
264507,82,19,0,0,UP,306976927201,"R"
264507,69,18,0,0,DOWN,307064864501,"E"
264507,71,34,0,0,UP,307073128301,"G"
264507,78,49,0,0,DOWN,307152782501,"N"
264507,69,18,0,0,UP,307160874901,"E"
264507,78,49,0,0,UP,307216662701,"N"
264507,76,38,0,0,DOWN,307256873101,"L"
264507,76,38,0,0,UP,307320620501,"L"
264507,65,30,0,0,DOWN,307360881901,"A"
264507,65,30,0,0,UP,307400972701,"A"
264507,78,49,0,0,DOWN,307456889901,"N"
264507,78,49,0,0,UP,307520935401,"N"
264507,68,32,0,0,DOWN,307560934401,"D"
264507,70,33,0,0,DOWN,307656976401,"F"
264507,68,32,0,0,UP,307672896601,"D"
264507,70,33,0,0,UP,307736977901,"F"
264507,72,35,0,0,DOWN,307760851701,"H"
264507,66,48,0,0,DOWN,307856960401,"B"
264507,72,35,0,0,UP,307864858801,"H"
264507,85,22,0,0,DOWN,307960908301,"U"
264507,66,48,0,0,UP,307976853301,"B"
264507,82,19,0,0,DOWN,308056878201,"R"
264507,85,22,0,0,UP,308064627301,"U"
264507,71,34,0,0,DOWN,308160905501,"G"
264507,82,19,0,0,UP,308176822101,"R"
264507,69,18,0,0,DOWN,308256707901,"E"
264507,71,34,0,0,UP,308264568901,"G"
264507,69,18,0,0,UP,308360985701,"E"
264507,78,49,0,0,DOWN,308361763101,"N"
264507,78,49,0,0,UP,308416858301,"N"
264507,76,38,0,0,DOWN,308456995901,"L"
264507,76,38,0,0,UP,308520914601,"L"
264507,65,30,0,0,DOWN,308560927401,"A"
264507,65,30,0,0,UP,308601048201,"A"
264507,78,49,0,0,DOWN,308656864401,"N"
264507,78,49,0,0,UP,308712739901,"N"
264507,68,32,0,0,DOWN,308760884201,"D"
264507,70,33,0,0,DOWN,308856849901,"F"
264507,68,32,0,0,UP,308872833001,"D"
264507,70,33,0,0,UP,308928866001,"F"
264507,72,35,0,0,DOWN,308960853501,"H"
264507,66,48,0,0,DOWN,309064909501,"B"
264507,72,35,0,0,UP,309072750301,"H"
264507,85,22,0,0,DOWN,309152991001,"U"
264507,66,48,0,0,UP,309184683701,"B"
264507,82,19,0,0,DOWN,309257051301,"R"
264507,85,22,0,0,UP,309264897001,"U"
264507,71,34,0,0,DOWN,309360945001,"G"
264507,82,19,0,0,UP,309376661001,"R"
264507,69,18,0,0,DOWN,309464928101,"E"
264507,71,34,0,0,UP,309472855101,"G"
264507,69,18,0,0,UP,309560963201,"E"
264507,78,49,0,0,DOWN,309561800801,"N"
264507,78,49,0,0,UP,309624984901,"N"
264507,76,38,0,0,DOWN,309656902801,"L"
264507,76,38,0,0,UP,309720915401,"L"
264507,65,30,0,0,DOWN,309760936101,"A"
264507,65,30,0,0,UP,309800924101,"A"
264507,78,49,0,0,DOWN,309856921301,"N"
264507,78,49,0,0,UP,309920911401,"N"
264507,68,32,0,0,DOWN,309960952601,"D"
264507,70,33,0,0,DOWN,310056921601,"F"
264507,68,32,0,0,UP,310064879801,"D"
264507,70,33,0,0,UP,310136877701,"F"
264507,72,35,0,0,DOWN,310160902301,"H"
264507,66,48,0,0,DOWN,310256922701,"B"
264507,72,35,0,0,UP,310273060801,"H"
264507,85,22,0,0,DOWN,310360965101,"U"
264507,66,48,0,0,UP,310376762101,"B"
264507,82,19,0,0,DOWN,310456938901,"R"
264507,85,22,0,0,UP,310473023601,"U"
264507,71,34,0,0,DOWN,310560856701,"G"
264507,82,19,0,0,UP,310576866801,"R"
264507,69,18,0,0,DOWN,310657060601,"E"
264507,71,34,0,0,UP,310664850801,"G"
264507,69,18,0,0,UP,310760978401,"E"
264507,78,49,0,0,DOWN,310761847601,"N"
264507,78,49,0,0,UP,310817008801,"N"
264507,76,38,0,0,DOWN,310856985501,"L"
264507,76,38,0,0,UP,310912872301,"L"
264507,65,30,0,0,DOWN,310952909901,"A"
264507,65,30,0,0,UP,311000989301,"A"
264507,78,49,0,0,DOWN,311056940301,"N"
264507,78,49,0,0,UP,311112866101,"N"
264507,68,32,0,0,DOWN,311161003201,"D"
264507,70,33,0,0,DOWN,311256887401,"F"
264507,68,32,0,0,UP,311273024101,"D"
264507,70,33,0,0,UP,311328916501,"F"
264507,72,35,0,0,DOWN,311360857201,"H"
264507,66,48,0,0,DOWN,311456718601,"B"
264507,72,35,0,0,UP,311464908001,"H"
264507,85,22,0,0,DOWN,311560920701,"U"
264507,66,48,0,0,UP,311584906001,"B"
264507,82,19,0,0,DOWN,311656951901,"R"
264507,85,22,0,0,UP,311664887301,"U"
264507,71,34,0,0,DOWN,311760913601,"G"
264507,82,19,0,0,UP,311776886301,"R"
264507,69,18,0,0,DOWN,311856900901,"E"
264507,71,34,0,0,UP,311864769101,"G"
264507,69,18,0,0,UP,311960702701,"E"
264507,78,49,0,0,DOWN,311961525201,"N"
264507,78,49,0,0,UP,312024952401,"N"
264507,76,38,0,0,DOWN,312056934701,"L"
264507,76,38,0,0,UP,312120943201,"L"
264507,65,30,0,0,DOWN,312160671501,"A"
264507,65,30,0,0,UP,312201066901,"A"
264507,78,49,0,0,DOWN,312256946901,"N"
264507,78,49,0,0,UP,312320711501,"N"
264507,68,32,0,0,DOWN,312360713801,"D"
264507,70,33,0,0,DOWN,312456961001,"F"
264507,68,32,0,0,UP,312472939601,"D"
264507,70,33,0,0,UP,312520881801,"F"
264507,72,35,0,0,DOWN,312560700601,"H"
264507,66,48,0,0,DOWN,312656988101,"B"
264507,72,35,0,0,UP,312664837901,"H"
264507,85,22,0,0,DOWN,312760931501,"U"
264507,66,48,0,0,UP,312777003201,"B"
264507,82,19,0,0,DOWN,312856961101,"R"
264507,85,22,0,0,UP,312872939501,"U"
264507,71,34,0,0,DOWN,312960879601,"G"
264507,82,19,0,0,UP,312984758001,"R"
264507,69,18,0,0,DOWN,313064987801,"E"
264507,71,34,0,0,UP,313072889101,"G"
264507,78,49,0,0,DOWN,313152931501,"N"
264507,69,18,0,0,UP,313160988901,"E"
264507,78,49,0,0,UP,313224672801,"N"
264507,76,38,0,0,DOWN,313257029601,"L"
264507,76,38,0,0,UP,313312916501,"L"
264507,65,30,0,0,DOWN,313361066701,"A"
264507,65,30,0,0,UP,313401322001,"A"
264507,78,49,0,0,DOWN,313456957401,"N"
264507,78,49,0,0,UP,313520938001,"N"
264507,68,32,0,0,DOWN,313560952601,"D"
264507,70,33,0,0,DOWN,313657018301,"F"
264507,68,32,0,0,UP,313672955501,"D"
264507,70,33,0,0,UP,313728928701,"F"
264507,72,35,0,0,DOWN,313760927501,"H"
264507,66,48,0,0,DOWN,313856911401,"B"
264507,72,35,0,0,UP,313864727601,"H"
264507,85,22,0,0,DOWN,313960973201,"U"
264507,66,48,0,0,UP,313976987401,"B"
264507,82,19,0,0,DOWN,314056778201,"R"
264507,85,22,0,0,UP,314064977901,"U"
264507,71,34,0,0,DOWN,314161019301,"G"
264507,82,19,0,0,UP,314176596201,"R"
264507,69,18,0,0,DOWN,314257000001,"E"
264507,71,34,0,0,UP,314272990501,"G"
264507,69,18,0,0,UP,314361089101,"E"
264507,78,49,0,0,DOWN,314362052701,"N"
264507,78,49,0,0,UP,314416948701,"N"
264507,76,38,0,0,DOWN,314457005501,"L"
264507,76,38,0,0,UP,314520768301,"L"
264507,65,30,0,0,DOWN,314561013101,"A"
264507,65,30,0,0,UP,314600905501,"A"
264507,78,49,0,0,DOWN,314656987501,"N"
264507,78,49,0,0,UP,314712699401,"N"
264507,68,32,0,0,DOWN,314761036901,"D"
264507,70,33,0,0,DOWN,314856954801,"F"
264507,68,32,0,0,UP,314872956901,"D"
264507,70,33,0,0,UP,314928994701,"F"
264507,72,35,0,0,DOWN,314961045201,"H"
264507,66,48,0,0,DOWN,315064943301,"B"
264507,72,35,0,0,UP,315072986501,"H"
264507,85,22,0,0,DOWN,315152977301,"U"
264507,66,48,0,0,UP,315184707701,"B"
264507,82,19,0,0,DOWN,315257106901,"R"
264507,85,22,0,0,UP,315264861001,"U"
264507,71,34,0,0,DOWN,315360962701,"G"
264507,82,19,0,0,UP,315376997901,"R"
264507,69,18,0,0,DOWN,315464941501,"E"
264507,71,34,0,0,UP,315480917701,"G"
264507,69,18,0,0,UP,315561018901,"E"
264507,78,49,0,0,DOWN,315561797501,"N"
264507,78,49,0,0,UP,315624951501,"N"
264507,76,38,0,0,DOWN,315657050001,"L"
264507,76,38,0,0,UP,315720720001,"L"
264507,65,30,0,0,DOWN,315760970201,"A"
264507,65,30,0,0,UP,315800960601,"A"
264507,78,49,0,0,DOWN,315857090401,"N"
264507,78,49,0,0,UP,315920911301,"N"
264507,68,32,0,0,DOWN,315961003601,"D"
264507,70,33,0,0,DOWN,316056957901,"F"
264507,68,32,0,0,UP,316064747401,"D"
264507,70,33,0,0,UP,316137072401,"F"
264507,72,35,0,0,DOWN,316160810501,"H"
264507,66,48,0,0,DOWN,316257119201,"B"
264507,72,35,0,0,UP,316264915601,"H"
264507,85,22,0,0,DOWN,316360999001,"U"
264507,66,48,0,0,UP,316384906401,"B"
264507,82,19,0,0,DOWN,316457039301,"R"
264507,85,22,0,0,UP,316472970101,"U"
264507,71,34,0,0,DOWN,316560942401,"G"
264507,82,19,0,0,UP,316577001401,"R"
264507,69,18,0,0,DOWN,316656958501,"E"
264507,71,34,0,0,UP,316672954901,"G"
264507,69,18,0,0,UP,316761230401,"E"
264507,78,49,0,0,DOWN,316762258601,"N"
264507,78,49,0,0,UP,316817054501,"N"
264507,76,38,0,0,DOWN,316856960601,"L"
264507,76,38,0,0,UP,316912945401,"L"
264507,65,30,0,0,DOWN,316953001601,"A"
264507,65,30,0,0,UP,317001027301,"A"
264507,78,49,0,0,DOWN,317057113101,"N"
264507,78,49,0,0,UP,317113045401,"N"
264507,68,32,0,0,DOWN,317160973501,"D"
264507,70,33,0,0,DOWN,317257099101,"F"
264507,68,32,0,0,UP,317273280301,"D"
264507,70,33,0,0,UP,317328964601,"F"
264507,72,35,0,0,DOWN,317360975201,"H"
264507,66,48,0,0,DOWN,317457106501,"B"
264507,72,35,0,0,UP,317464825401,"H"
264507,85,22,0,0,DOWN,317560933801,"U"
264507,66,48,0,0,UP,317584985801,"B"
264507,82,19,0,0,DOWN,317656964101,"R"
264507,85,22,0,0,UP,317665107101,"U"
264507,71,34,0,0,DOWN,317760997001,"G"
264507,82,19,0,0,UP,317777130501,"R"
264507,69,18,0,0,DOWN,317856982901,"E"
264507,71,34,0,0,UP,317864961101,"G"
264507,69,18,0,0,UP,317961009901,"E"
264507,78,49,0,0,DOWN,317961726301,"N"
264507,78,49,0,0,UP,318025056701,"N"
264507,76,38,0,0,DOWN,318057002101,"L"
264507,76,38,0,0,UP,318120955601,"L"
264507,65,30,0,0,DOWN,318160986901,"A"
264507,65,30,0,0,UP,318201126201,"A"
264507,78,49,0,0,DOWN,318256766601,"N"
264507,78,49,0,0,UP,318320922301,"N"
264507,68,32,0,0,DOWN,318361061701,"D"
264507,70,33,0,0,DOWN,318457179101,"F"
264507,68,32,0,0,UP,318473136401,"D"
264507,70,33,0,0,UP,318528998101,"F"
264507,72,35,0,0,DOWN,318560979901,"H"
264507,66,48,0,0,DOWN,318657023801,"B"
264507,72,35,0,0,UP,318673241401,"H"
264507,85,22,0,0,DOWN,318760992101,"U"
264507,66,48,0,0,UP,318777037501,"B"
264507,82,19,0,0,DOWN,318857048901,"R"
264507,85,22,0,0,UP,318872974801,"U"
264507,71,34,0,0,DOWN,318961064801,"G"
264507,82,19,0,0,UP,318976990501,"R"
264507,69,18,0,0,DOWN,319065078801,"E"
264507,71,34,0,0,UP,319072922901,"G"
264507,78,49,0,0,DOWN,319153031301,"N"
264507,69,18,0,0,UP,319161001701,"E"
264507,78,49,0,0,UP,319224958401,"N"
264507,76,38,0,0,DOWN,319257117301,"L"
264507,76,38,0,0,UP,319312956601,"L"
264507,65,30,0,0,DOWN,319352965301,"A"
264507,65,30,0,0,UP,319400956801,"A"
264507,78,49,0,0,DOWN,319457023401,"N"
264507,78,49,0,0,UP,319521022601,"N"
264507,68,32,0,0,DOWN,319561115401,"D"
264507,70,33,0,0,DOWN,319657075501,"F"
264507,68,32,0,0,UP,319672939701,"D"
264507,70,33,0,0,UP,319737142101,"F"
264507,72,35,0,0,DOWN,319760954601,"H"
264507,66,48,0,0,DOWN,319857036801,"B"
264507,72,35,0,0,UP,319864931501,"H"
264507,85,22,0,0,DOWN,319961066401,"U"
264507,66,48,0,0,UP,319977263801,"B"
264507,82,19,0,0,DOWN,320056810201,"R"
264507,85,22,0,0,UP,320064979901,"U"
264507,71,34,0,0,DOWN,320161180401,"G"
264507,82,19,0,0,UP,320176743601,"R"
264507,69,18,0,0,DOWN,320256969101,"E"
264507,71,34,0,0,UP,320272616901,"G"
264507,69,18,0,0,UP,320361033601,"E"
264507,78,49,0,0,DOWN,320361758001,"N"
264507,78,49,0,0,UP,320424988501,"N"
264507,76,38,0,0,DOWN,320457008201,"L"
264507,76,38,0,0,UP,320520751401,"L"
264507,65,30,0,0,DOWN,320561022501,"A"
264507,65,30,0,0,UP,320600900401,"A"
264507,78,49,0,0,DOWN,320657026101,"N"
264507,78,49,0,0,UP,320721166501,"N"
264507,68,32,0,0,DOWN,320761002301,"D"
264507,70,33,0,0,DOWN,320857016401,"F"
264507,68,32,0,0,UP,320873016901,"D"
264507,70,33,0,0,UP,320936998901,"F"
264507,72,35,0,0,DOWN,320961078501,"H"
264507,66,48,0,0,DOWN,321065030501,"B"
264507,72,35,0,0,UP,321072686201,"H"
264507,85,22,0,0,DOWN,321153012801,"U"
264507,66,48,0,0,UP,321184808401,"B"
264507,82,19,0,0,DOWN,321256973601,"R"
264507,85,22,0,0,UP,321264934001,"U"
264507,71,34,0,0,DOWN,321353067301,"G"
264507,82,19,0,0,UP,321377085001,"R"
264507,71,34,0,0,UP,321465060401,"G"
264507,69,18,0,0,DOWN,321465788601,"E"
264507,69,18,0,0,UP,321560963201,"E"
264507,78,49,0,0,DOWN,321561666801,"N"
264507,78,49,0,0,UP,321625306201,"N"
264507,76,38,0,0,DOWN,321656776501,"L"
264507,76,38,0,0,UP,321721037001,"L"
264507,65,30,0,0,DOWN,321761155101,"A"
264507,65,30,0,0,UP,321800818401,"A"
264507,78,49,0,0,DOWN,321856967201,"N"
264507,78,49,0,0,UP,321921098801,"N"
264507,68,32,0,0,DOWN,321961085101,"D"
264507,70,33,0,0,DOWN,322057039701,"F"
264507,68,32,0,0,UP,322072942501,"D"
264507,70,33,0,0,UP,322137155601,"F"
264507,72,35,0,0,DOWN,322161078401,"H"
264507,66,48,0,0,DOWN,322257067101,"B"
264507,72,35,0,0,UP,322273144301,"H"
264507,85,22,0,0,DOWN,322360927201,"U"
264507,66,48,0,0,UP,322377131501,"B"
264507,82,19,0,0,DOWN,322457013601,"R"
264507,85,22,0,0,UP,322473009301,"U"
264507,71,34,0,0,DOWN,322561063301,"G"
264507,82,19,0,0,UP,322577148201,"R"
264507,71,34,0,0,UP,322657080301,"G"
264507,69,18,0,0,DOWN,322657782801,"E"
264507,69,18,0,0,UP,322753049301,"E"
264507,78,49,0,0,DOWN,322761027001,"N"
264507,78,49,0,0,UP,322816799001,"N"
264507,76,38,0,0,DOWN,322857032101,"L"
264507,76,38,0,0,UP,322921004501,"L"
264507,65,30,0,0,DOWN,322953005901,"A"
264507,65,30,0,0,UP,323001391901,"A"
264507,78,49,0,0,DOWN,323064943201,"N"
264507,78,49,0,0,UP,323113122901,"N"
264507,68,32,0,0,DOWN,323161119801,"D"
264507,70,33,0,0,DOWN,323256777701,"F"
264507,68,32,0,0,UP,323273049501,"D"
264507,70,33,0,0,UP,323337095801,"F"
264507,72,35,0,0,DOWN,323352719901,"H"
264507,66,48,0,0,DOWN,323457032401,"B"
264507,72,35,0,0,UP,323464989301,"H"
264507,85,22,0,0,DOWN,323561022101,"U"
264507,66,48,0,0,UP,323577013301,"B"
264507,82,19,0,0,DOWN,323657050901,"R"
264507,85,22,0,0,UP,323664991301,"U"
264507,71,34,0,0,DOWN,323761185701,"G"
264507,82,19,0,0,UP,323769035001,"R"
264507,69,18,0,0,DOWN,323856980001,"E"
264507,71,34,0,0,UP,323864729901,"G"
264507,69,18,0,0,UP,323961072101,"E"
264507,78,49,0,0,DOWN,323962164101,"N"
264507,78,49,0,0,UP,324025723301,"N"
264507,76,38,0,0,DOWN,324057037201,"L"
264507,76,38,0,0,UP,324121316301,"L"
264507,65,30,0,0,DOWN,324161183401,"A"
264507,65,30,0,0,UP,324201021801,"A"
264507,78,49,0,0,DOWN,324257059701,"N"
264507,78,49,0,0,UP,324321078201,"N"
264507,68,32,0,0,DOWN,324361067201,"D"
264507,70,33,0,0,DOWN,324457030701,"F"
264507,68,32,0,0,UP,324473015101,"D"
264507,70,33,0,0,UP,324536927401,"F"
264507,72,35,0,0,DOWN,324561112501,"H"
264507,66,48,0,0,DOWN,324657071901,"B"
264507,72,35,0,0,UP,324665019901,"H"
264507,85,22,0,0,DOWN,324761043501,"U"
264507,66,48,0,0,UP,324777054601,"B"
264507,82,19,0,0,DOWN,324857074301,"R"
264507,85,22,0,0,UP,324872928401,"U"
264507,71,34,0,0,DOWN,324961156801,"G"
264507,82,19,0,0,UP,324977053601,"R"
264507,69,18,0,0,DOWN,325065025701,"E"
264507,71,34,0,0,UP,325072971601,"G"
264507,69,18,0,0,UP,325161078401,"E"
264507,78,49,0,0,DOWN,325161773801,"N"
264507,78,49,0,0,UP,325225068901,"N"
264507,76,38,0,0,DOWN,325257021401,"L"
264507,76,38,0,0,UP,325313036701,"L"
264507,65,30,0,0,DOWN,325352869401,"A"
264507,65,30,0,0,UP,325409000201,"A"
264507,78,49,0,0,DOWN,325457040601,"N"
264507,78,49,0,0,UP,325521032201,"N"
264507,68,32,0,0,DOWN,325561056901,"D"
264507,70,33,0,0,DOWN,325657063201,"F"
264507,68,32,0,0,UP,325673142401,"D"
264507,70,33,0,0,UP,325729005301,"F"
264507,72,35,0,0,DOWN,325761294501,"H"
264507,66,48,0,0,DOWN,325857049201,"B"
264507,72,35,0,0,UP,325864617201,"H"
264507,85,22,0,0,DOWN,325961059801,"U"
264507,66,48,0,0,UP,325977128601,"B"
264507,82,19,0,0,DOWN,326056969701,"R"
264507,85,22,0,0,UP,326064944201,"U"
264507,71,34,0,0,DOWN,326161167901,"G"
264507,82,19,0,0,UP,326176731201,"R"
264507,69,18,0,0,DOWN,326257013001,"E"
264507,71,34,0,0,UP,326265147601,"G"
264507,69,18,0,0,UP,326361075401,"E"
264507,78,49,0,0,DOWN,326361784501,"N"
264507,78,49,0,0,UP,326425041501,"N"
264507,76,38,0,0,DOWN,326456812501,"L"
264507,76,38,0,0,UP,326520998101,"L"
264507,65,30,0,0,DOWN,326561316101,"A"
264507,65,30,0,0,UP,326601165201,"A"
264507,78,49,0,0,DOWN,326657101101,"N"
264507,78,49,0,0,UP,326720802001,"N"
264507,68,32,0,0,DOWN,326761105701,"D"
264507,70,33,0,0,DOWN,326857065801,"F"
264507,68,32,0,0,UP,326873385801,"D"
264507,70,33,0,0,UP,326936988101,"F"
264507,72,35,0,0,DOWN,326961014101,"H"
264507,66,48,0,0,DOWN,327057002301,"B"
264507,72,35,0,0,UP,327065030401,"H"
264507,85,22,0,0,DOWN,327161020201,"U"
264507,66,48,0,0,UP,327185500401,"B"
264507,82,19,0,0,DOWN,327265217701,"R"
264507,85,22,0,0,UP,327273374901,"U"
264507,71,34,0,0,DOWN,327361060501,"G"
264507,82,19,0,0,UP,327385065401,"R"
264507,69,18,0,0,DOWN,327465068601,"E"
264507,71,34,0,0,UP,327472909501,"G"
264507,69,18,0,0,UP,327561043201,"E"
264507,78,49,0,0,DOWN,327561764601,"N"
264507,78,49,0,0,UP,327625093701,"N"
264507,76,38,0,0,DOWN,327657160001,"L"
264507,76,38,0,0,UP,327721106801,"L"
264507,65,30,0,0,DOWN,327761096101,"A"
264507,65,30,0,0,UP,327808922401,"A"
264507,78,49,0,0,DOWN,327857048501,"N"
264507,78,49,0,0,UP,327929067901,"N"
264507,68,32,0,0,DOWN,327961119901,"D"
264507,70,33,0,0,DOWN,328057118101,"F"
264507,68,32,0,0,UP,328064846801,"D"
264507,70,33,0,0,UP,328137047201,"F"
264507,72,35,0,0,DOWN,328161050301,"H"
264507,66,48,0,0,DOWN,328257020801,"B"
264507,72,35,0,0,UP,328265151901,"H"
264507,85,22,0,0,DOWN,328361088601,"U"
264507,66,48,0,0,UP,328377111301,"B"
264507,82,19,0,0,DOWN,328456844201,"R"
264507,85,22,0,0,UP,328473173201,"U"
264507,71,34,0,0,DOWN,328561098001,"G"
264507,82,19,0,0,UP,328577141901,"R"
264507,69,18,0,0,DOWN,328657061501,"E"
264507,71,34,0,0,UP,328672942901,"G"
264507,69,18,0,0,UP,328761128101,"E"
264507,78,49,0,0,DOWN,328761925101,"N"
264507,78,49,0,0,UP,328816993701,"N"
264507,76,38,0,0,DOWN,328857024501,"L"
264507,76,38,0,0,UP,328921189801,"L"
264507,65,30,0,0,DOWN,328961200701,"A"
264507,65,30,0,0,UP,329009070501,"A"
264507,78,49,0,0,DOWN,329056847801,"N"
264507,78,49,0,0,UP,329121612001,"N"
264507,68,32,0,0,DOWN,329160858301,"D"
264507,70,33,0,0,DOWN,329264918901,"F"
264507,68,32,0,0,UP,329273163701,"D"
264507,70,33,0,0,UP,329336846601,"F"
264507,72,35,0,0,DOWN,329352881701,"H"
264507,66,48,0,0,DOWN,329457074201,"B"
264507,72,35,0,0,UP,329465037401,"H"
264507,85,22,0,0,DOWN,329561067701,"U"
264507,66,48,0,0,UP,329585122601,"B"
264507,82,19,0,0,DOWN,329657055501,"R"
264507,85,22,0,0,UP,329664817001,"U"
264507,71,34,0,0,DOWN,329761128601,"G"
264507,82,19,0,0,UP,329777097801,"R"
264507,69,18,0,0,DOWN,329865115201,"E"
264507,71,34,0,0,UP,329872929501,"G"
264507,78,49,0,0,DOWN,329961111301,"N"
264507,69,18,0,0,UP,329977211201,"E"
264507,78,49,0,0,UP,330025221601,"N"
264507,76,38,0,0,DOWN,330056847701,"L"
264507,76,38,0,0,UP,330121029201,"L"
264507,65,30,0,0,DOWN,330161076701,"A"
264507,65,30,0,0,UP,330201191501,"A"
264507,78,49,0,0,DOWN,330257105401,"N"
264507,78,49,0,0,UP,330321097201,"N"
264507,68,32,0,0,DOWN,330361184701,"D"
264507,70,33,0,0,DOWN,330456848301,"F"
264507,68,32,0,0,UP,330473206901,"D"
264507,70,33,0,0,UP,330537092801,"F"
264507,72,35,0,0,DOWN,330560898401,"H"
264507,66,48,0,0,DOWN,330656958701,"B"
264507,72,35,0,0,UP,330665035401,"H"
264507,85,22,0,0,DOWN,330761138401,"U"
264507,66,48,0,0,UP,330777082001,"B"
264507,82,19,0,0,DOWN,330856957801,"R"
264507,85,22,0,0,UP,330873206501,"U"
264507,71,34,0,0,DOWN,330961141501,"G"
264507,82,19,0,0,UP,330977045601,"R"
264507,69,18,0,0,DOWN,331057031901,"E"
264507,71,34,0,0,UP,331065032801,"G"
264507,78,49,0,0,DOWN,331161160201,"N"
264507,69,18,0,0,UP,331169187601,"E"
264507,78,49,0,0,UP,331225077001,"N"
264507,76,38,0,0,DOWN,331256980101,"L"
264507,76,38,0,0,UP,331313037801,"L"
264507,65,30,0,0,DOWN,331353182101,"A"
264507,65,30,0,0,UP,331409047001,"A"
264507,78,49,0,0,DOWN,331457081701,"N"
264507,78,49,0,0,UP,331529046101,"N"
264507,68,32,0,0,DOWN,331561099101,"D"
264507,70,33,0,0,DOWN,331657176401,"F"
264507,68,32,0,0,UP,331673123901,"D"
264507,70,33,0,0,UP,331736955901,"F"
264507,72,35,0,0,DOWN,331761131101,"H"
264507,66,48,0,0,DOWN,331857228501,"B"
264507,72,35,0,0,UP,331865068601,"H"
264507,85,22,0,0,DOWN,331961120901,"U"
264507,66,48,0,0,UP,331985125101,"B"
264507,82,19,0,0,DOWN,332057119501,"R"
264507,85,22,0,0,UP,332064675201,"U"
264507,71,34,0,0,DOWN,332161151801,"G"
264507,82,19,0,0,UP,332177091301,"R"
264507,69,18,0,0,DOWN,332257102901,"E"
264507,71,34,0,0,UP,332265038501,"G"
264507,69,18,0,0,UP,332361110401,"E"
264507,78,49,0,0,DOWN,332361885001,"N"
264507,78,49,0,0,UP,332425025101,"N"
264507,76,38,0,0,DOWN,332457102901,"L"
264507,76,38,0,0,UP,332521168901,"L"
264507,65,30,0,0,DOWN,332561096201,"A"
264507,65,30,0,0,UP,332601225801,"A"
264507,78,49,0,0,DOWN,332657067801,"N"
264507,78,49,0,0,UP,332721072501,"N"
264507,68,32,0,0,DOWN,332761166101,"D"
264507,70,33,0,0,DOWN,332857158901,"F"
264507,68,32,0,0,UP,332873244701,"D"
264507,70,33,0,0,UP,332929252401,"F"
264507,72,35,0,0,DOWN,332961141501,"H"
264507,66,48,0,0,DOWN,333065148001,"B"
264507,72,35,0,0,UP,333072872001,"H"
264507,85,22,0,0,DOWN,333161067601,"U"
264507,66,48,0,0,UP,333185138601,"B"
264507,82,19,0,0,DOWN,333265081401,"R"
264507,85,22,0,0,UP,333273067901,"U"
264507,71,34,0,0,DOWN,333361258701,"G"
264507,82,19,0,0,UP,333376875801,"R"
264507,69,18,0,0,DOWN,333465170901,"E"
264507,71,34,0,0,UP,333472849501,"G"
264507,78,49,0,0,DOWN,333561200501,"N"
264507,69,18,0,0,UP,333569062401,"E"
264507,78,49,0,0,UP,333625255201,"N"
264507,76,38,0,0,DOWN,333657154101,"L"
264507,76,38,0,0,UP,333720966801,"L"
264507,65,30,0,0,DOWN,333761156901,"A"
264507,65,30,0,0,UP,333808981301,"A"
264507,78,49,0,0,DOWN,333857182201,"N"
264507,78,49,0,0,UP,333929080001,"N"
264507,68,32,0,0,DOWN,333961199401,"D"
264507,70,33,0,0,DOWN,334057087001,"F"
264507,68,32,0,0,UP,334065209901,"D"
264507,70,33,0,0,UP,334137196901,"F"
264507,72,35,0,0,DOWN,334161122701,"H"
264507,66,48,0,0,DOWN,334257214501,"B"
264507,72,35,0,0,UP,334264728601,"H"
264507,85,22,0,0,DOWN,334361171001,"U"
264507,66,48,0,0,UP,334377214301,"B"
264507,82,19,0,0,DOWN,334457076201,"R"
264507,85,22,0,0,UP,334473234201,"U"
264507,71,34,0,0,DOWN,334561062501,"G"
264507,82,19,0,0,UP,334576965801,"R"
264507,69,18,0,0,DOWN,334657108201,"E"
264507,71,34,0,0,UP,334673107001,"G"
264507,78,49,0,0,DOWN,334761067501,"N"
264507,69,18,0,0,UP,334768915401,"E"
264507,78,49,0,0,UP,334825114901,"N"
264507,76,38,0,0,DOWN,334857161501,"L"
264507,76,38,0,0,UP,334913096601,"L"
264507,65,30,0,0,DOWN,334961393001,"A"
264507,65,30,0,0,UP,335008815101,"A"
264507,78,49,0,0,DOWN,335056879701,"N"
264507,78,49,0,0,UP,335129133501,"N"
264507,68,32,0,0,DOWN,335161297001,"D"
264507,70,33,0,0,DOWN,335265177301,"F"
264507,68,32,0,0,UP,335272958301,"D"
264507,70,33,0,0,UP,335329205701,"F"
264507,72,35,0,0,DOWN,335353123801,"H"
264507,72,35,0,0,UP,335465139601,"H"
264507,66,48,0,0,DOWN,335465856101,"B"
264507,85,22,0,0,DOWN,335561157201,"U"
264507,66,48,0,0,UP,335577101101,"B"
264507,82,19,0,0,DOWN,335657103701,"R"
264507,85,22,0,0,UP,335665100301,"U"
264507,71,34,0,0,DOWN,335761146101,"G"
264507,82,19,0,0,UP,335776907201,"R"
264507,69,18,0,0,DOWN,335865219101,"E"
264507,71,34,0,0,UP,335873078801,"G"
264507,78,49,0,0,DOWN,335961066801,"N"
264507,69,18,0,0,UP,335969139801,"E"
264507,78,49,0,0,UP,336025053701,"N"
264507,76,38,0,0,DOWN,336057285901,"L"
264507,76,38,0,0,UP,336121062301,"L"
264507,65,30,0,0,DOWN,336160872801,"A"
264507,65,30,0,0,UP,336201119601,"A"
264507,78,49,0,0,DOWN,336257256701,"N"
264507,78,49,0,0,UP,336321113501,"N"
264507,68,32,0,0,DOWN,336360947801,"D"
264507,70,33,0,0,DOWN,336457120001,"F"
264507,68,32,0,0,UP,336473123201,"D"
264507,70,33,0,0,UP,336537114701,"F"
264507,72,35,0,0,DOWN,336560887701,"H"
264507,72,35,0,0,UP,336657175501,"H"
264507,66,48,0,0,DOWN,336657914301,"B"
264507,85,22,0,0,DOWN,336760963501,"U"
264507,66,48,0,0,UP,336777188801,"B"
264507,82,19,0,0,DOWN,336857122501,"R"
264507,85,22,0,0,UP,336873139501,"U"
264507,71,34,0,0,DOWN,336961027001,"G"
264507,82,19,0,0,UP,336977184301,"R"
264507,69,18,0,0,DOWN,337057182701,"E"
264507,71,34,0,0,UP,337064920301,"G"
264507,78,49,0,0,DOWN,337161262601,"N"
264507,69,18,0,0,UP,337169106901,"E"
264507,78,49,0,0,UP,337225096301,"N"
264507,76,38,0,0,DOWN,337257282001,"L"
264507,76,38,0,0,UP,337313080701,"L"
264507,65,30,0,0,DOWN,337353124601,"A"
264507,65,30,0,0,UP,337409221801,"A"
264507,78,49,0,0,DOWN,337457165101,"N"
264507,78,49,0,0,UP,337529211601,"N"
264507,68,32,0,0,DOWN,337561140801,"D"
264507,70,33,0,0,DOWN,337657106701,"F"
264507,68,32,0,0,UP,337672869701,"D"
264507,70,33,0,0,UP,337729095701,"F"
264507,72,35,0,0,DOWN,337761234301,"H"
264507,66,48,0,0,DOWN,337857267301,"B"
264507,72,35,0,0,UP,337864758201,"H"
264507,85,22,0,0,DOWN,337961186601,"U"
264507,66,48,0,0,UP,337977315801,"B"
264507,82,19,0,0,DOWN,338057148301,"R"
264507,85,22,0,0,UP,338065044901,"U"
264507,71,34,0,0,DOWN,338161103601,"G"
264507,82,19,0,0,UP,338177129301,"R"
264507,69,18,0,0,DOWN,338256758301,"E"
264507,71,34,0,0,UP,338272833201,"G"
264507,78,49,0,0,DOWN,338361297701,"N"
264507,69,18,0,0,UP,338369089601,"E"
264507,78,49,0,0,UP,338425189401,"N"
264507,76,38,0,0,DOWN,338457257901,"L"
264507,76,38,0,0,UP,338521003501,"L"
264507,65,30,0,0,DOWN,338561157001,"A"
264507,65,30,0,0,UP,338601138601,"A"
264507,78,49,0,0,DOWN,338657173101,"N"
264507,78,49,0,0,UP,338728914601,"N"
264507,68,32,0,0,DOWN,338761127601,"D"
264507,70,33,0,0,DOWN,338857097101,"F"
264507,68,32,0,0,UP,338873141801,"D"
264507,70,33,0,0,UP,338937179001,"F"
264507,72,35,0,0,DOWN,338961162401,"H"
264507,66,48,0,0,DOWN,339065114801,"B"
264507,72,35,0,0,UP,339073113101,"H"
264507,85,22,0,0,DOWN,339161304401,"U"
264507,66,48,0,0,UP,339184782801,"B"
264507,82,19,0,0,DOWN,339265119601,"R"
264507,85,22,0,0,UP,339273093801,"U"
264507,71,34,0,0,DOWN,339361183701,"G"
264507,82,19,0,0,UP,339377268601,"R"
264507,71,34,0,0,UP,339464923001,"G"
264507,69,18,0,0,DOWN,339465676501,"E"
264507,69,18,0,0,UP,339561148901,"E"
264507,78,49,0,0,DOWN,339561979101,"N"
264507,78,49,0,0,UP,339625140401,"N"
264507,76,38,0,0,DOWN,339657203001,"L"
264507,76,38,0,0,UP,339721108701,"L"
264507,65,30,0,0,DOWN,339761316001,"A"
264507,65,30,0,0,UP,339801117101,"A"
264507,78,49,0,0,DOWN,339857237901,"N"
264507,78,49,0,0,UP,339921132201,"N"
264507,68,32,0,0,DOWN,339961183101,"D"
264507,70,33,0,0,DOWN,340057203201,"F"
264507,68,32,0,0,UP,340076419601,"D"
264507,70,33,0,0,UP,340137372801,"F"
264507,72,35,0,0,DOWN,340161129501,"H"
264507,66,48,0,0,DOWN,340257324101,"B"
264507,72,35,0,0,UP,340265178001,"H"
264507,85,22,0,0,DOWN,340360968201,"U"
264507,66,48,0,0,UP,340385367001,"B"
264507,82,19,0,0,DOWN,340457202501,"R"
264507,85,22,0,0,UP,340473336901,"U"
264507,71,34,0,0,DOWN,340561168301,"G"
264507,82,19,0,0,UP,340577108601,"R"
264507,71,34,0,0,UP,340657145901,"G"
264507,69,18,0,0,DOWN,340657926301,"E"
264507,69,18,0,0,UP,340761230301,"E"
264507,78,49,0,0,DOWN,340761930301,"N"
264507,78,49,0,0,UP,340825112801,"N"
264507,76,38,0,0,DOWN,340857172801,"L"
264507,76,38,0,0,UP,340921127401,"L"
264507,65,30,0,0,DOWN,340953146201,"A"
264507,65,30,0,0,UP,341009221901,"A"
264507,78,49,0,0,DOWN,341065211201,"N"
264507,78,49,0,0,UP,341129114701,"N"
264507,68,32,0,0,DOWN,341161182801,"D"
264507,70,33,0,0,DOWN,341257161101,"F"
264507,68,32,0,0,UP,341273186201,"D"
264507,70,33,0,0,UP,341337249401,"F"
264507,72,35,0,0,DOWN,341353201301,"H"
264507,66,48,0,0,DOWN,341457134901,"B"
264507,72,35,0,0,UP,341464902701,"H"
264507,85,22,0,0,DOWN,341561291201,"U"
264507,66,48,0,0,UP,341585277301,"B"
264507,82,19,0,0,DOWN,341657227601,"R"
264507,85,22,0,0,UP,341664977601,"U"
264507,71,34,0,0,DOWN,341761264001,"G"
264507,82,19,0,0,UP,341769151601,"R"
264507,69,18,0,0,DOWN,341857236201,"E"
264507,71,34,0,0,UP,341865031501,"G"
264507,69,18,0,0,UP,341953187801,"E"
264507,78,49,0,0,DOWN,341961218201,"N"
264507,78,49,0,0,UP,342025203001,"N"
264507,76,38,0,0,DOWN,342057209601,"L"
264507,76,38,0,0,UP,342121157801,"L"
264507,65,30,0,0,DOWN,342161233801,"A"
264507,65,30,0,0,UP,342200985001,"A"
264507,78,49,0,0,DOWN,342257278201,"N"
264507,78,49,0,0,UP,342321139601,"N"
264507,68,32,0,0,DOWN,342361214401,"D"
264507,70,33,0,0,DOWN,342457211501,"F"
264507,68,32,0,0,UP,342473315701,"D"
264507,70,33,0,0,UP,342529248701,"F"
264507,72,35,0,0,DOWN,342561267501,"H"
264507,66,48,0,0,DOWN,342657178001,"B"
264507,72,35,0,0,UP,342665150101,"H"
264507,85,22,0,0,DOWN,342761183901,"U"
264507,66,48,0,0,UP,342777187901,"B"
264507,82,19,0,0,DOWN,342857244601,"R"
264507,85,22,0,0,UP,342873146401,"U"
264507,71,34,0,0,DOWN,342961192901,"G"
264507,82,19,0,0,UP,342985356501,"R"
264507,69,18,0,0,DOWN,343065273301,"E"
264507,71,34,0,0,UP,343073119301,"G"
264507,69,18,0,0,UP,343160905701,"E"
264507,78,49,0,0,DOWN,343161570201,"N"
264507,78,49,0,0,UP,343225330501,"N"
264507,76,38,0,0,DOWN,343257236501,"L"
264507,76,38,0,0,UP,343321121801,"L"
264507,65,30,0,0,DOWN,343353440501,"A"
264507,65,30,0,0,UP,343409156601,"A"
264507,78,49,0,0,DOWN,343457378501,"N"
264507,78,49,0,0,UP,343521192301,"N"
264507,68,32,0,0,DOWN,343561264201,"D"
264507,70,33,0,0,DOWN,343657268201,"F"
264507,68,32,0,0,UP,343673225401,"D"
264507,70,33,0,0,UP,343729238101,"F"
264507,72,35,0,0,DOWN,343761199001,"H"
264507,66,48,0,0,DOWN,343857235101,"B"
264507,72,35,0,0,UP,343865287801,"H"
264507,85,22,0,0,DOWN,343961204001,"U"
264507,66,48,0,0,UP,343977218201,"B"
264507,82,19,0,0,DOWN,344057184501,"R"
264507,85,22,0,0,UP,344065229601,"U"
264507,71,34,0,0,DOWN,344161241701,"G"
264507,82,19,0,0,UP,344176921501,"R"
264507,71,34,0,0,UP,344257351001,"G"
264507,69,18,0,0,DOWN,344258050701,"E"
264507,69,18,0,0,UP,344361351501,"E"
264507,78,49,0,0,DOWN,344362090601,"N"
264507,78,49,0,0,UP,344425197901,"N"
264507,76,38,0,0,DOWN,344457140801,"L"
264507,76,38,0,0,UP,344521307001,"L"
264507,65,30,0,0,DOWN,344561264801,"A"
264507,65,30,0,0,UP,344601196901,"A"
264507,78,49,0,0,DOWN,344657332701,"N"
264507,78,49,0,0,UP,344721219701,"N"
264507,68,32,0,0,DOWN,344761241201,"D"
264507,70,33,0,0,DOWN,344857325601,"F"
264507,68,32,0,0,UP,344873228701,"D"
264507,70,33,0,0,UP,344937194701,"F"
264507,72,35,0,0,DOWN,344961330201,"H"
264507,66,48,0,0,DOWN,345065320801,"B"
264507,72,35,0,0,UP,345073199401,"H"
264507,85,22,0,0,DOWN,345161215201,"U"
264507,66,48,0,0,UP,345185189301,"B"
264507,82,19,0,0,DOWN,345265196701,"R"
264507,85,22,0,0,UP,345273666301,"U"
264507,71,34,0,0,DOWN,345353016301,"G"
264507,82,19,0,0,UP,345369174701,"R"
264507,69,18,0,0,DOWN,345465219601,"E"
264507,71,34,0,0,UP,345473254001,"G"
264507,78,49,0,0,DOWN,345561329301,"N"
264507,69,18,0,0,UP,345569103301,"E"
264507,78,49,0,0,UP,345625286401,"N"
264507,76,38,0,0,DOWN,345657339801,"L"
264507,76,38,0,0,UP,345721266901,"L"
264507,65,30,0,0,DOWN,345761221101,"A"
264507,65,30,0,0,UP,345800962501,"A"
264507,78,49,0,0,DOWN,345857241601,"N"
264507,78,49,0,0,UP,345921234101,"N"
264507,68,32,0,0,DOWN,345961345901,"D"
264507,70,33,0,0,DOWN,346057205601,"F"
264507,68,32,0,0,UP,346065158501,"D"
264507,70,33,0,0,UP,346137213701,"F"
264507,72,35,0,0,DOWN,346161338301,"H"
264507,66,48,0,0,DOWN,346257205901,"B"
264507,72,35,0,0,UP,346265181001,"H"
264507,85,22,0,0,DOWN,346361385601,"U"
264507,66,48,0,0,UP,346377339101,"B"
264507,82,19,0,0,DOWN,346457225201,"R"
264507,85,22,0,0,UP,346473214401,"U"
264507,71,34,0,0,DOWN,346561289601,"G"
264507,82,19,0,0,UP,346577256701,"R"
264507,69,18,0,0,DOWN,346657054101,"E"
264507,71,34,0,0,UP,346665214101,"G"
264507,69,18,0,0,UP,346761257701,"E"
264507,78,49,0,0,DOWN,346762295501,"N"
264507,78,49,0,0,UP,346817320501,"N"
264507,76,38,0,0,DOWN,346857317201,"L"
264507,76,38,0,0,UP,346913207601,"L"
264507,65,30,0,0,DOWN,346961209101,"A"
264507,65,30,0,0,UP,347009208401,"A"
264507,78,49,0,0,DOWN,347057641901,"N"
264507,78,49,0,0,UP,347121219801,"N"
264507,68,32,0,0,DOWN,347161301601,"D"
264507,70,33,0,0,DOWN,347265328601,"F"
264507,68,32,0,0,UP,347273215501,"D"
264507,70,33,0,0,UP,347337246901,"F"
264507,72,35,0,0,DOWN,347361227601,"H"
264507,72,35,0,0,UP,347465515901,"H"
264507,66,48,0,0,DOWN,347466492601,"B"
264507,85,22,0,0,DOWN,347561373801,"U"
264507,66,48,0,0,UP,347585219401,"B"
264507,82,19,0,0,DOWN,347657295901,"R"
264507,85,22,0,0,UP,347665208501,"U"
264507,71,34,0,0,DOWN,347761222401,"G"
264507,82,19,0,0,UP,347777167101,"R"
264507,69,18,0,0,DOWN,347865291801,"E"
264507,71,34,0,0,UP,347873177401,"G"
264507,69,18,0,0,UP,347961307901,"E"
264507,78,49,0,0,DOWN,347962007701,"N"
264507,78,49,0,0,UP,348025237101,"N"
264507,76,38,0,0,DOWN,348057212701,"L"
264507,76,38,0,0,UP,348113218301,"L"
264507,65,30,0,0,DOWN,348161237101,"A"
264507,65,30,0,0,UP,348200960601,"A"
264507,78,49,0,0,DOWN,348257178501,"N"
264507,78,49,0,0,UP,348321197001,"N"
264507,68,32,0,0,DOWN,348361329401,"D"
264507,70,33,0,0,DOWN,348457317901,"F"
264507,68,32,0,0,UP,348473270801,"D"
264507,70,33,0,0,UP,348537027401,"F"
264507,72,35,0,0,DOWN,348561425301,"H"
264507,66,48,0,0,DOWN,348657260201,"B"
264507,72,35,0,0,UP,348665286401,"H"
264507,85,22,0,0,DOWN,348761140601,"U"
264507,66,48,0,0,UP,348777382501,"B"
264507,82,19,0,0,DOWN,348857263801,"R"
264507,85,22,0,0,UP,348873131201,"U"
264507,71,34,0,0,DOWN,348961295001,"G"
264507,82,19,0,0,UP,348977221201,"R"
264507,69,18,0,0,DOWN,349065313801,"E"
264507,71,34,0,0,UP,349073415301,"G"
264507,78,49,0,0,DOWN,349161350001,"N"
264507,69,18,0,0,UP,349169615101,"E"
264507,78,49,0,0,UP,349225261301,"N"
264507,76,38,0,0,DOWN,349257316501,"L"
264507,76,38,0,0,UP,349321159801,"L"
264507,65,30,0,0,DOWN,349353047301,"A"
264507,65,30,0,0,UP,349401425101,"A"
264507,78,49,0,0,DOWN,349457382701,"N"
264507,78,49,0,0,UP,349521305001,"N"
264507,68,32,0,0,DOWN,349561309301,"D"
264507,70,33,0,0,DOWN,349657370201,"F"
264507,68,32,0,0,UP,349665192301,"D"
264507,70,33,0,0,UP,349729339501,"F"
264507,72,35,0,0,DOWN,349761195501,"H"
264507,66,48,0,0,DOWN,349857094201,"B"
264507,72,35,0,0,UP,349864849901,"H"
264507,85,22,0,0,DOWN,349961276401,"U"
264507,66,48,0,0,UP,349985386801,"B"
264507,82,19,0,0,DOWN,350057121801,"R"
264507,85,22,0,0,UP,350065202401,"U"
264507,71,34,0,0,DOWN,350161276101,"G"
264507,82,19,0,0,UP,350177356801,"R"
264507,69,18,0,0,DOWN,350257404301,"E"
264507,71,34,0,0,UP,350265351201,"G"
264507,78,49,0,0,DOWN,350361225601,"N"
264507,69,18,0,0,UP,350369220401,"E"
264507,78,49,0,0,UP,350425251501,"N"
264507,76,38,0,0,DOWN,350457343701,"L"
264507,76,38,0,0,UP,350513247701,"L"
264507,65,30,0,0,DOWN,350561290601,"A"
264507,65,30,0,0,UP,350601279801,"A"
264507,78,49,0,0,DOWN,350657347301,"N"
264507,78,49,0,0,UP,350721230601,"N"
264507,68,32,0,0,DOWN,350761301401,"D"
264507,70,33,0,0,DOWN,350857322201,"F"
264507,68,32,0,0,UP,350873218101,"D"
264507,70,33,0,0,UP,350937883601,"F"
264507,72,35,0,0,DOWN,350961322301,"H"
264507,72,35,0,0,UP,351057021601,"H"
264507,66,48,0,0,DOWN,351057839901,"B"
264507,85,22,0,0,DOWN,351161263201,"U"
264507,66,48,0,0,UP,351177035001,"B"
264507,82,19,0,0,DOWN,351265312801,"R"
264507,85,22,0,0,UP,351273040901,"U"
264507,71,34,0,0,DOWN,351361391701,"G"
264507,82,19,0,0,UP,351377218501,"R"
264507,69,18,0,0,DOWN,351465341601,"E"
264507,71,34,0,0,UP,351472991701,"G"
264507,78,49,0,0,DOWN,351561460901,"N"
264507,69,18,0,0,UP,351569224501,"E"
264507,78,49,0,0,UP,351625236601,"N"
264507,76,38,0,0,DOWN,351657342901,"L"
264507,76,38,0,0,UP,351721271601,"L"
264507,65,30,0,0,DOWN,351761275401,"A"
264507,65,30,0,0,UP,351801299201,"A"
264507,78,49,0,0,DOWN,351857301201,"N"
264507,78,49,0,0,UP,351921453801,"N"
264507,68,32,0,0,DOWN,351961383401,"D"
264507,70,33,0,0,DOWN,352057196101,"F"
264507,68,32,0,0,UP,352065239901,"D"
264507,70,33,0,0,UP,352137292701,"F"
264507,72,35,0,0,DOWN,352161311501,"H"
264507,66,48,0,0,DOWN,352257391501,"B"
264507,72,35,0,0,UP,352273104201,"H"
264507,85,22,0,0,DOWN,352361218101,"U"
264507,66,48,0,0,UP,352377230201,"B"
264507,82,19,0,0,DOWN,352457048601,"R"
264507,85,22,0,0,UP,352473276801,"U"
264507,71,34,0,0,DOWN,352561234901,"G"
264507,82,19,0,0,UP,352577263301,"R"
264507,69,18,0,0,DOWN,352657243701,"E"
264507,71,34,0,0,UP,352664835601,"G"
264507,78,49,0,0,DOWN,352761243301,"N"
264507,69,18,0,0,UP,352769080001,"E"
264507,78,49,0,0,UP,352817325601,"N"
264507,76,38,0,0,DOWN,352857353501,"L"
264507,76,38,0,0,UP,352913222801,"L"
264507,65,30,0,0,DOWN,352961306201,"A"
264507,65,30,0,0,UP,353009286401,"A"
264507,78,49,0,0,DOWN,353065372501,"N"
264507,78,49,0,0,UP,353129247001,"N"
264507,68,32,0,0,DOWN,353161357801,"D"
264507,70,33,0,0,DOWN,353265028201,"F"
264507,68,32,0,0,UP,353273619501,"D"
264507,70,33,0,0,UP,353337006801,"F"
264507,72,35,0,0,DOWN,353353270701,"H"
264507,66,48,0,0,DOWN,353457009501,"B"
264507,72,35,0,0,UP,353465304401,"H"
264507,85,22,0,0,DOWN,353561259801,"U"
264507,66,48,0,0,UP,353577035201,"B"
264507,82,19,0,0,DOWN,353657265101,"R"
264507,85,22,0,0,UP,353665264301,"U"
264507,71,34,0,0,DOWN,353761283501,"G"
264507,82,19,0,0,UP,353769271401,"R"
264507,69,18,0,0,DOWN,353865265801,"E"
264507,71,34,0,0,UP,353873020901,"G"
264507,69,18,0,0,UP,353961328601,"E"
264507,78,49,0,0,DOWN,353962306601,"N"
264507,78,49,0,0,UP,354025232301,"N"
264507,76,38,0,0,DOWN,354057053901,"L"
264507,76,38,0,0,UP,354121351401,"L"
264507,65,30,0,0,DOWN,354161315101,"A"
264507,65,30,0,0,UP,354201252401,"A"
264507,78,49,0,0,DOWN,354257291701,"N"
264507,78,49,0,0,UP,354321353201,"N"
264507,68,32,0,0,DOWN,354361348101,"D"
264507,70,33,0,0,DOWN,354457091401,"F"
264507,68,32,0,0,UP,354473385101,"D"
264507,70,33,0,0,UP,354537289101,"F"
264507,72,35,0,0,DOWN,354561318701,"H"
264507,66,48,0,0,DOWN,354657147501,"B"
264507,72,35,0,0,UP,354665317501,"H"
264507,85,22,0,0,DOWN,354761235901,"U"
264507,66,48,0,0,UP,354777418801,"B"
264507,82,19,0,0,DOWN,354857070301,"R"
264507,85,22,0,0,UP,354873504301,"U"
264507,71,34,0,0,DOWN,354961297801,"G"
264507,82,19,0,0,UP,354977222701,"R"
264507,69,18,0,0,DOWN,355065283101,"E"
264507,71,34,0,0,UP,355073197301,"G"
264507,69,18,0,0,UP,355153338801,"E"
264507,78,49,0,0,DOWN,355161305501,"N"
264507,78,49,0,0,UP,355225203401,"N"
264507,76,38,0,0,DOWN,355257366201,"L"
264507,76,38,0,0,UP,355313233301,"L"
264507,65,30,0,0,DOWN,355353392701,"A"
264507,65,30,0,0,UP,355401331901,"A"
264507,78,49,0,0,DOWN,355457138401,"N"
264507,78,49,0,0,UP,355521294201,"N"
264507,68,32,0,0,DOWN,355561262901,"D"
264507,70,33,0,0,DOWN,355657436401,"F"
264507,68,32,0,0,UP,355673379901,"D"
264507,70,33,0,0,UP,355737359901,"F"
264507,72,35,0,0,DOWN,355761331301,"H"
264507,66,48,0,0,DOWN,355857443201,"B"
264507,72,35,0,0,UP,355865265801,"H"
264507,85,22,0,0,DOWN,355961361501,"U"
264507,66,48,0,0,UP,355985386701,"B"
264507,82,19,0,0,DOWN,356057358801,"R"
264507,85,22,0,0,UP,356065059601,"U"
264507,71,34,0,0,DOWN,356161468701,"G"
264507,82,19,0,0,UP,356177358001,"R"
264507,69,18,0,0,DOWN,356257332101,"E"
264507,71,34,0,0,UP,356265422201,"G"
264507,69,18,0,0,UP,356361344401,"E"
264507,78,49,0,0,DOWN,356362066501,"N"
264507,78,49,0,0,UP,356417081101,"N"
264507,76,38,0,0,DOWN,356457412001,"L"
264507,76,38,0,0,UP,356521367101,"L"
264507,65,30,0,0,DOWN,356561412801,"A"
264507,65,30,0,0,UP,356601356401,"A"
264507,78,49,0,0,DOWN,356657283201,"N"
264507,78,49,0,0,UP,356721288501,"N"
264507,68,32,0,0,DOWN,356761432501,"D"
264507,70,33,0,0,DOWN,356857317601,"F"
264507,68,32,0,0,UP,356873322201,"D"
264507,70,33,0,0,UP,356937376101,"F"
264507,72,35,0,0,DOWN,356961341101,"H"
264507,66,48,0,0,DOWN,357065336701,"B"
264507,72,35,0,0,UP,357073336901,"H"
264507,85,22,0,0,DOWN,357161334401,"U"
264507,66,48,0,0,UP,357185457001,"B"
264507,82,19,0,0,DOWN,357265282701,"R"
264507,85,22,0,0,UP,357273279501,"U"
264507,71,34,0,0,DOWN,357361413101,"G"
264507,82,19,0,0,UP,357385175701,"R"
264507,71,34,0,0,UP,357457354401,"G"
264507,69,18,0,0,DOWN,357465328101,"E"
264507,78,49,0,0,DOWN,357561327001,"N"
264507,69,18,0,0,UP,357569303801,"E"
264507,78,49,0,0,UP,357625392701,"N"
264507,76,38,0,0,DOWN,357657320101,"L"
264507,76,38,0,0,UP,357721351801,"L"
264507,65,30,0,0,DOWN,357761328501,"A"
264507,65,30,0,0,UP,357801399301,"A"
264507,78,49,0,0,DOWN,357857386601,"N"
264507,78,49,0,0,UP,357921385101,"N"
264507,68,32,0,0,DOWN,357961292401,"D"
264507,70,33,0,0,DOWN,358057344401,"F"
264507,68,32,0,0,UP,358065325201,"D"
264507,70,33,0,0,UP,358137354901,"F"
264507,72,35,0,0,DOWN,358161305701,"H"
264507,66,48,0,0,DOWN,358257406901,"B"
264507,72,35,0,0,UP,358264880401,"H"
264507,85,22,0,0,DOWN,358361142401,"U"
264507,66,48,0,0,UP,358377352701,"B"
264507,82,19,0,0,DOWN,358457321301,"R"
264507,85,22,0,0,UP,358473607901,"U"
264507,71,34,0,0,DOWN,358561323901,"G"
264507,82,19,0,0,UP,358569315901,"R"
264507,69,18,0,0,DOWN,358657108501,"E"
264507,71,34,0,0,UP,358665298801,"G"
264507,69,18,0,0,UP,358753317801,"E"
264507,78,49,0,0,DOWN,358769358201,"N"
264507,78,49,0,0,UP,358825295001,"N"
264507,76,38,0,0,DOWN,358857415501,"L"
264507,76,38,0,0,UP,358913356701,"L"
264507,65,30,0,0,DOWN,358961348401,"A"
264507,65,30,0,0,UP,359001332401,"A"
264507,78,49,0,0,DOWN,359065146701,"N"
264507,78,49,0,0,UP,359113293601,"N"
264507,68,32,0,0,DOWN,359161108201,"D"
264507,70,33,0,0,DOWN,359265305101,"F"
264507,68,32,0,0,UP,359273552601,"D"
264507,70,33,0,0,UP,359329369301,"F"
264507,72,35,0,0,DOWN,359353337601,"H"
264507,66,48,0,0,DOWN,359457486601,"B"
264507,72,35,0,0,UP,359465317101,"H"
264507,85,22,0,0,DOWN,359561374301,"U"
264507,66,48,0,0,UP,359577118601,"B"
264507,82,19,0,0,DOWN,359657499001,"R"
264507,85,22,0,0,UP,359665319201,"U"
264507,71,34,0,0,DOWN,359761364901,"G"
264507,82,19,0,0,UP,359769288901,"R"
264507,71,34,0,0,UP,359865370801,"G"
264507,69,18,0,0,DOWN,359866103901,"E"
264507,69,18,0,0,UP,359961354201,"E"
264507,78,49,0,0,DOWN,359962071801,"N"
264507,78,49,0,0,UP,360025098001,"N"
264507,76,38,0,0,DOWN,360057326301,"L"
264507,76,38,0,0,UP,360121259801,"L"
264507,65,30,0,0,DOWN,360161131901,"A"
264507,65,30,0,0,UP,360201348401,"A"
264507,78,49,0,0,DOWN,360257339901,"N"
264507,78,49,0,0,UP,360321344801,"N"
264507,68,32,0,0,DOWN,360361119801,"D"
264507,70,33,0,0,DOWN,360457360901,"F"
264507,68,32,0,0,UP,360473367401,"D"
264507,70,33,0,0,UP,360537335601,"F"
264507,72,35,0,0,DOWN,360561228601,"H"
264507,72,35,0,0,UP,360657312401,"H"
264507,66,48,0,0,DOWN,360658034101,"B"
264507,85,22,0,0,DOWN,360761224701,"U"
264507,66,48,0,0,UP,360777410201,"B"
264507,82,19,0,0,DOWN,360857357201,"R"
264507,85,22,0,0,UP,360873482701,"U"
264507,71,34,0,0,DOWN,360961205301,"G"
264507,82,19,0,0,UP,360977480601,"R"
264507,69,18,0,0,DOWN,361057396901,"E"
264507,71,34,0,0,UP,361072979801,"G"
264507,69,18,0,0,UP,361161157501,"E"
264507,78,49,0,0,DOWN,361162243401,"N"
264507,78,49,0,0,UP,361225308001,"N"
264507,76,38,0,0,DOWN,361257302201,"L"
264507,76,38,0,0,UP,361313129501,"L"
264507,65,30,0,0,DOWN,361353399901,"A"
264507,65,30,0,0,UP,361401418101,"A"
264507,78,49,0,0,DOWN,361457375301,"N"
264507,78,49,0,0,UP,361513340001,"N"
264507,68,32,0,0,DOWN,361561426301,"D"
264507,70,33,0,0,DOWN,361657474101,"F"
264507,68,32,0,0,UP,361673335101,"D"
264507,70,33,0,0,UP,361737363201,"F"
264507,72,35,0,0,DOWN,361761422501,"H"
264507,66,48,0,0,DOWN,361857384901,"B"
264507,72,35,0,0,UP,361865329301,"H"
264507,85,22,0,0,DOWN,361961471801,"U"
264507,66,48,0,0,UP,361977355001,"B"
264507,82,19,0,0,DOWN,362057121001,"R"
264507,85,22,0,0,UP,362065528501,"U"
264507,71,34,0,0,DOWN,362161394601,"G"
264507,82,19,0,0,UP,362177340701,"R"
264507,69,18,0,0,DOWN,362257393701,"E"
264507,71,34,0,0,UP,362265304901,"G"
264507,78,49,0,0,DOWN,362361313701,"N"
264507,69,18,0,0,UP,362369330401,"E"
264507,78,49,0,0,UP,362417321501,"N"
264507,76,38,0,0,DOWN,362457386801,"L"
264507,76,38,0,0,UP,362521380901,"L"
264507,65,30,0,0,DOWN,362561362901,"A"
264507,65,30,0,0,UP,362601562201,"A"
264507,78,49,0,0,DOWN,362657496501,"N"
264507,78,49,0,0,UP,362721361101,"N"
264507,68,32,0,0,DOWN,362761372201,"D"
264507,70,33,0,0,DOWN,362857494601,"F"
264507,68,32,0,0,UP,362873453501,"D"
264507,70,33,0,0,UP,362937453801,"F"
264507,72,35,0,0,DOWN,362961360901,"H"
264507,72,35,0,0,UP,363057367901,"H"
264507,66,48,0,0,DOWN,363058061301,"B"
264507,85,22,0,0,DOWN,363161363301,"U"
264507,66,48,0,0,UP,363177508901,"B"
264507,82,19,0,0,DOWN,363265295001,"R"
264507,85,22,0,0,UP,363273327401,"U"
264507,71,34,0,0,DOWN,363361318401,"G"
264507,82,19,0,0,UP,363385329001,"R"
264507,69,18,0,0,DOWN,363465331101,"E"
264507,71,34,0,0,UP,363473398101,"G"
264507,78,49,0,0,DOWN,363561321201,"N"
264507,69,18,0,0,UP,363569244101,"E"
264507,78,49,0,0,UP,363625315501,"N"
264507,76,38,0,0,DOWN,363657481701,"L"
264507,76,38,0,0,UP,363721362601,"L"
264507,65,30,0,0,DOWN,363761402301,"A"
264507,65,30,0,0,UP,363801392901,"A"
264507,78,49,0,0,DOWN,363857376501,"N"
264507,78,49,0,0,UP,363921311101,"N"
264507,68,32,0,0,DOWN,363961420001,"D"
264507,70,33,0,0,DOWN,364057446301,"F"
264507,68,32,0,0,UP,364073312301,"D"
264507,70,33,0,0,UP,364137384101,"F"
264507,72,35,0,0,DOWN,364161363601,"H"
264507,66,48,0,0,DOWN,364257404801,"B"
264507,72,35,0,0,UP,364265246601,"H"
264507,85,22,0,0,DOWN,364361523501,"U"
264507,66,48,0,0,UP,364385247601,"B"
264507,82,19,0,0,DOWN,364457355001,"R"
264507,85,22,0,0,UP,364473549001,"U"
264507,71,34,0,0,DOWN,364561414701,"G"
264507,82,19,0,0,UP,364577489001,"R"
264507,69,18,0,0,DOWN,364657365301,"E"
264507,71,34,0,0,UP,364673447201,"G"
264507,69,18,0,0,UP,364761498001,"E"
264507,78,49,0,0,DOWN,364762203101,"N"
264507,78,49,0,0,UP,364817368501,"N"
264507,76,38,0,0,DOWN,364857367901,"L"
264507,76,38,0,0,UP,364921218001,"L"
264507,65,30,0,0,DOWN,364961420601,"A"
264507,65,30,0,0,UP,365001344801,"A"
264507,78,49,0,0,DOWN,365057336801,"N"
264507,78,49,0,0,UP,365113379901,"N"
264507,68,32,0,0,DOWN,365161491501,"D"
264507,70,33,0,0,DOWN,365265418101,"F"
264507,68,32,0,0,UP,365273369201,"D"
264507,70,33,0,0,UP,365329093801,"F"
264507,72,35,0,0,DOWN,365361162901,"H"
264507,72,35,0,0,UP,365465396401,"H"
264507,66,48,0,0,DOWN,365466416001,"B"
264507,85,22,0,0,DOWN,365553383601,"U"
264507,66,48,0,0,UP,365577270401,"B"
264507,82,19,0,0,DOWN,365657130701,"R"
264507,85,22,0,0,UP,365665259001,"U"
264507,71,34,0,0,DOWN,365761395601,"G"
264507,82,19,0,0,UP,365777432801,"R"
264507,69,18,0,0,DOWN,365865353501,"E"
264507,71,34,0,0,UP,365873374401,"G"
264507,69,18,0,0,UP,365961351501,"E"
264507,78,49,0,0,DOWN,365962010001,"N"
264507,78,49,0,0,UP,366025272101,"N"
264507,76,38,0,0,DOWN,366057415601,"L"
264507,76,38,0,0,UP,366121352301,"L"
264507,65,30,0,0,DOWN,366161411001,"A"
264507,65,30,0,0,UP,366201216201,"A"
264507,78,49,0,0,DOWN,366257375301,"N"
264507,78,49,0,0,UP,366321367001,"N"
264507,68,32,0,0,DOWN,366361411201,"D"
264507,70,33,0,0,DOWN,366457394601,"F"
264507,68,32,0,0,UP,366473439501,"D"
264507,70,33,0,0,UP,366537442501,"F"
264507,72,35,0,0,DOWN,366561397601,"H"
264507,66,48,0,0,DOWN,366657441401,"B"
264507,72,35,0,0,UP,366673038501,"H"
264507,85,22,0,0,DOWN,366761414501,"U"
264507,66,48,0,0,UP,366777341001,"B"
264507,82,19,0,0,DOWN,366857484901,"R"
264507,85,22,0,0,UP,366873435201,"U"
264507,71,34,0,0,DOWN,366961460901,"G"
264507,82,19,0,0,UP,366977387901,"R"
264507,69,18,0,0,DOWN,367057424701,"E"
264507,71,34,0,0,UP,367065358201,"G"
264507,69,18,0,0,UP,367161455501,"E"
264507,78,49,0,0,DOWN,367162241501,"N"
264507,78,49,0,0,UP,367217464901,"N"
264507,76,38,0,0,DOWN,367265207401,"L"
264507,76,38,0,0,UP,367313166501,"L"
264507,65,30,0,0,DOWN,367353345301,"A"
264507,65,30,0,0,UP,367401359201,"A"
264507,78,49,0,0,DOWN,367465458201,"N"
264507,78,49,0,0,UP,367521386901,"N"
264507,68,32,0,0,DOWN,367561435901,"D"
264507,70,33,0,0,DOWN,367657399801,"F"
264507,68,32,0,0,UP,367673349001,"D"
264507,70,33,0,0,UP,367729450301,"F"
264507,72,35,0,0,DOWN,367761409201,"H"
264507,66,48,0,0,DOWN,367857337501,"B"
264507,72,35,0,0,UP,367865404601,"H"
264507,85,22,0,0,DOWN,367961450701,"U"
264507,66,48,0,0,UP,367985717901,"B"
264507,82,19,0,0,DOWN,368057402701,"R"
264507,85,22,0,0,UP,368065571701,"U"
264507,71,34,0,0,DOWN,368161452901,"G"
264507,82,19,0,0,UP,368177568101,"R"
264507,69,18,0,0,DOWN,368257197501,"E"
264507,71,34,0,0,UP,368265051601,"G"
264507,78,49,0,0,DOWN,368361478601,"N"
264507,69,18,0,0,UP,368369342901,"E"
264507,78,49,0,0,UP,368417344401,"N"
264507,76,38,0,0,DOWN,368457197001,"L"
264507,76,38,0,0,UP,368521433701,"L"
264507,65,30,0,0,DOWN,368561483401,"A"
264507,65,30,0,0,UP,368601378701,"A"
264507,78,49,0,0,DOWN,368657387001,"N"
264507,78,49,0,0,UP,368713395701,"N"
264507,68,32,0,0,DOWN,368761423401,"D"
264507,70,33,0,0,DOWN,368857344501,"F"
264507,68,32,0,0,UP,368873520201,"D"
264507,70,33,0,0,UP,368937422501,"F"
264507,72,35,0,0,DOWN,368961392401,"H"
264507,72,35,0,0,UP,369057419201,"H"
264507,66,48,0,0,DOWN,369058457401,"B"
264507,85,22,0,0,DOWN,369161417401,"U"
264507,66,48,0,0,UP,369177577501,"B"
264507,82,19,0,0,DOWN,369257343301,"R"
264507,85,22,0,0,UP,369273203701,"U"
264507,71,34,0,0,DOWN,369361423901,"G"
264507,82,19,0,0,UP,369385251101,"R"
264507,69,18,0,0,DOWN,369465258801,"E"
264507,71,34,0,0,UP,369472983901,"G"
264507,69,18,0,0,UP,369561418801,"E"
264507,78,49,0,0,DOWN,369562435901,"N"
264507,78,49,0,0,UP,369625475301,"N"
264507,76,38,0,0,DOWN,369657408801,"L"
264507,76,38,0,0,UP,369713351201,"L"
264507,65,30,0,0,DOWN,369761472001,"A"
264507,65,30,0,0,UP,369801203701,"A"
264507,78,49,0,0,DOWN,369857479101,"N"
264507,78,49,0,0,UP,369921418901,"N"
264507,68,32,0,0,DOWN,369961447701,"D"
264507,70,33,0,0,DOWN,370057367801,"F"
264507,68,32,0,0,UP,370073426201,"D"
264507,70,33,0,0,UP,370137205901,"F"
264507,72,35,0,0,DOWN,370161467901,"H"
264507,66,48,0,0,DOWN,370257553301,"B"
264507,72,35,0,0,UP,370265474501,"H"
264507,85,22,0,0,DOWN,370361423001,"U"
264507,66,48,0,0,UP,370385186501,"B"
264507,82,19,0,0,DOWN,370457408201,"R"
264507,85,22,0,0,UP,370465328001,"U"
264507,71,34,0,0,DOWN,370561447201,"G"
264507,82,19,0,0,UP,370577159201,"R"
264507,69,18,0,0,DOWN,370657568301,"E"
264507,71,34,0,0,UP,370673444101,"G"
264507,69,18,0,0,UP,370761540501,"E"
264507,78,49,0,0,DOWN,370762247701,"N"
264507,78,49,0,0,UP,370817633901,"N"
264507,76,38,0,0,DOWN,370857448001,"L"
264507,76,38,0,0,UP,370913499901,"L"
264507,65,30,0,0,DOWN,370961405401,"A"
264507,65,30,0,0,UP,371009425601,"A"
264507,78,49,0,0,DOWN,371057786601,"N"
264507,78,49,0,0,UP,371121427601,"N"
264507,68,32,0,0,DOWN,371161424601,"D"
264507,70,33,0,0,DOWN,371257471901,"F"
264507,68,32,0,0,UP,371273427001,"D"
264507,70,33,0,0,UP,371329362401,"F"
264507,72,35,0,0,DOWN,371361492401,"H"
264507,66,48,0,0,DOWN,371465463801,"B"
264507,72,35,0,0,UP,371473384201,"H"
264507,85,22,0,0,DOWN,371561442401,"U"
264507,66,48,0,0,UP,371585192901,"B"
264507,82,19,0,0,DOWN,371665435101,"R"
264507,85,22,0,0,UP,371673411801,"U"
264507,71,34,0,0,DOWN,371761522801,"G"
264507,82,19,0,0,UP,371777482401,"R"
264507,69,18,0,0,DOWN,371865420601,"E"
264507,71,34,0,0,UP,371881567901,"G"
264507,78,49,0,0,DOWN,371961508201,"N"
264507,69,18,0,0,UP,371969280301,"E"
264507,78,49,0,0,UP,372025397701,"N"
264507,76,38,0,0,DOWN,372057381201,"L"
264507,76,38,0,0,UP,372121435001,"L"
264507,65,30,0,0,DOWN,372161468301,"A"
264507,65,30,0,0,UP,372201649601,"A"
264507,78,49,0,0,DOWN,372257524701,"N"
264507,78,49,0,0,UP,372313439501,"N"
264507,68,32,0,0,DOWN,372361512901,"D"
264507,70,33,0,0,DOWN,372457119801,"F"
264507,68,32,0,0,UP,372465457901,"D"
264507,70,33,0,0,UP,372537484001,"F"
264507,72,35,0,0,DOWN,372561314501,"H"
264507,66,48,0,0,DOWN,372657548601,"B"
264507,72,35,0,0,UP,372673500201,"H"
264507,85,22,0,0,DOWN,372761522201,"U"
264507,66,48,0,0,UP,372785503601,"B"
264507,82,19,0,0,DOWN,372857355401,"R"
264507,85,22,0,0,UP,372873496601,"U"
264507,71,34,0,0,DOWN,372961614401,"G"
264507,82,19,0,0,UP,372977437201,"R"
264507,69,18,0,0,DOWN,373057389701,"E"
264507,71,34,0,0,UP,373073182901,"G"
264507,69,18,0,0,UP,373153262101,"E"
264507,78,49,0,0,DOWN,373161443401,"N"
264507,78,49,0,0,UP,373217244401,"N"
264507,76,38,0,0,DOWN,373257534101,"L"
264507,76,38,0,0,UP,373313194001,"L"
264507,65,30,0,0,DOWN,373361443101,"A"
264507,65,30,0,0,UP,373401389201,"A"
264507,78,49,0,0,DOWN,373465367401,"N"
264507,78,49,0,0,UP,373521433301,"N"
264507,68,32,0,0,DOWN,373561513801,"D"
264507,70,33,0,0,DOWN,373665427001,"F"
264507,68,32,0,0,UP,373673464101,"D"
264507,70,33,0,0,UP,373737274101,"F"
264507,72,35,0,0,DOWN,373761509501,"H"
264507,66,48,0,0,DOWN,373865505601,"B"
264507,72,35,0,0,UP,373873393201,"H"
264507,85,22,0,0,DOWN,373961481401,"U"
264507,66,48,0,0,UP,373985427801,"B"
264507,82,19,0,0,DOWN,374057562201,"R"
264507,85,22,0,0,UP,374065449901,"U"
264507,71,34,0,0,DOWN,374161358101,"G"
264507,82,19,0,0,UP,374169394601,"R"
264507,71,34,0,0,UP,374265489601,"G"
264507,69,18,0,0,DOWN,374266210001,"E"
264507,78,49,0,0,DOWN,374361219601,"N"
264507,69,18,0,0,UP,374369463801,"E"
264507,78,49,0,0,UP,374417518401,"N"
264507,76,38,0,0,DOWN,374457459201,"L"
264507,76,38,0,0,UP,374521424701,"L"
264507,65,30,0,0,DOWN,374561432001,"A"
264507,65,30,0,0,UP,374601412801,"A"
264507,78,49,0,0,DOWN,374657461301,"N"
264507,78,49,0,0,UP,374721389701,"N"
264507,68,32,0,0,DOWN,374761223201,"D"
264507,70,33,0,0,DOWN,374857427901,"F"
264507,68,32,0,0,UP,374873423301,"D"
264507,70,33,0,0,UP,374937354101,"F"
264507,72,35,0,0,DOWN,374961509101,"H"
264507,66,48,0,0,DOWN,375057551901,"B"
264507,72,35,0,0,UP,375065089101,"H"
264507,85,22,0,0,DOWN,375161572301,"U"
264507,66,48,0,0,UP,375177446101,"B"
264507,82,19,0,0,DOWN,375257506501,"R"
264507,85,22,0,0,UP,375273533101,"U"
264507,71,34,0,0,DOWN,375361576201,"G"
264507,82,19,0,0,UP,375377424001,"R"
264507,69,18,0,0,DOWN,375457620401,"E"
264507,71,34,0,0,UP,375465471601,"G"
264507,69,18,0,0,UP,375561485401,"E"
264507,78,49,0,0,DOWN,375562224701,"N"
264507,78,49,0,0,UP,375625452001,"N"
264507,76,38,0,0,DOWN,375657397001,"L"
264507,76,38,0,0,UP,375713424601,"L"
264507,65,30,0,0,DOWN,375753542401,"A"
264507,65,30,0,0,UP,375801416801,"A"
264507,78,49,0,0,DOWN,375865593601,"N"
264507,78,49,0,0,UP,375913467501,"N"
264507,68,32,0,0,DOWN,375961467901,"D"
264507,70,33,0,0,DOWN,376057430001,"F"
264507,68,32,0,0,UP,376073240801,"D"
264507,70,33,0,0,UP,376137469001,"F"
264507,72,35,0,0,DOWN,376161506601,"H"
264507,66,48,0,0,DOWN,376257483401,"B"
264507,72,35,0,0,UP,376265415701,"H"
264507,85,22,0,0,DOWN,376361349601,"U"
264507,66,48,0,0,UP,376385625401,"B"
264507,82,19,0,0,DOWN,376457503101,"R"
264507,85,22,0,0,UP,376465497101,"U"
264507,71,34,0,0,DOWN,376561436301,"G"
264507,82,19,0,0,UP,376577581501,"R"
264507,69,18,0,0,DOWN,376657491301,"E"
264507,71,34,0,0,UP,376673459201,"G"
264507,78,49,0,0,DOWN,376761510301,"N"
264507,69,18,0,0,UP,376769454701,"E"
264507,78,49,0,0,UP,376817598101,"N"
264507,76,38,0,0,DOWN,376857546101,"L"
264507,76,38,0,0,UP,376913395601,"L"
264507,65,30,0,0,DOWN,376961460201,"A"
264507,65,30,0,0,UP,377001401601,"A"
264507,78,49,0,0,DOWN,377057540001,"N"
264507,78,49,0,0,UP,377121685201,"N"
264507,68,32,0,0,DOWN,377161463601,"D"
264507,70,33,0,0,DOWN,377257200901,"F"
264507,68,32,0,0,UP,377273435101,"D"
264507,70,33,0,0,UP,377337489801,"F"
264507,72,35,0,0,DOWN,377361489701,"H"
264507,66,48,0,0,DOWN,377457460901,"B"
264507,72,35,0,0,UP,377473391601,"H"
264507,85,22,0,0,DOWN,377561528201,"U"
264507,66,48,0,0,UP,377585398001,"B"
264507,82,19,0,0,DOWN,377665556101,"R"
264507,85,22,0,0,UP,377673342701,"U"
264507,71,34,0,0,DOWN,377761516601,"G"
264507,82,19,0,0,UP,377777455401,"R"
264507,69,18,0,0,DOWN,377865242101,"E"
264507,71,34,0,0,UP,377873284801,"G"
264507,78,49,0,0,DOWN,377961468401,"N"
264507,69,18,0,0,UP,377969470301,"E"
264507,78,49,0,0,UP,378025556301,"N"
264507,76,38,0,0,DOWN,378057259901,"L"
264507,76,38,0,0,UP,378121730001,"L"
264507,65,30,0,0,DOWN,378161508201,"A"
264507,65,30,0,0,UP,378201475101,"A"
264507,78,49,0,0,DOWN,378257453301,"N"
264507,78,49,0,0,UP,378321516001,"N"
264507,68,32,0,0,DOWN,378361504701,"D"
264507,70,33,0,0,DOWN,378457412901,"F"
264507,68,32,0,0,UP,378473240901,"D"
264507,70,33,0,0,UP,378537636201,"F"
264507,72,35,0,0,DOWN,378561336101,"H"
264507,66,48,0,0,DOWN,378657300901,"B"
264507,72,35,0,0,UP,378665451701,"H"
264507,85,22,0,0,DOWN,378761487701,"U"
264507,66,48,0,0,UP,378777501801,"B"
264507,82,19,0,0,DOWN,378857311101,"R"
264507,85,22,0,0,UP,378873522201,"U"
264507,71,34,0,0,DOWN,378961630601,"G"
264507,82,19,0,0,UP,378977465801,"R"
264507,69,18,0,0,DOWN,379057372301,"E"
264507,71,34,0,0,UP,379065400101,"G"
264507,69,18,0,0,UP,379161491001,"E"
264507,78,49,0,0,DOWN,379162346801,"N"
264507,78,49,0,0,UP,379225435401,"N"
264507,76,38,0,0,DOWN,379257353901,"L"
264507,76,38,0,0,UP,379321526501,"L"
264507,65,30,0,0,DOWN,379361572501,"A"
264507,65,30,0,0,UP,379401600601,"A"
264507,78,49,0,0,DOWN,379457210301,"N"
264507,78,49,0,0,UP,379521135901,"N"
264507,68,32,0,0,DOWN,379561697801,"D"
264507,70,33,0,0,DOWN,379665463401,"F"
264507,68,32,0,0,UP,379673553901,"D"
264507,70,33,0,0,UP,379729462201,"F"
264507,72,35,0,0,DOWN,379761617101,"H"
264507,66,48,0,0,DOWN,379865566201,"B"
264507,72,35,0,0,UP,379873488701,"H"
264507,85,22,0,0,DOWN,379961617901,"U"
264507,66,48,0,0,UP,379977472001,"B"
264507,82,19,0,0,DOWN,380057659101,"R"
264507,85,22,0,0,UP,380065194001,"U"
264507,71,34,0,0,DOWN,380161499701,"G"
264507,82,19,0,0,UP,380177734101,"R"
264507,69,18,0,0,DOWN,380265567801,"E"
264507,71,34,0,0,UP,380273515201,"G"
264507,78,49,0,0,DOWN,380361543301,"N"
264507,69,18,0,0,UP,380369254401,"E"
264507,78,49,0,0,UP,380425440601,"N"
264507,76,38,0,0,DOWN,380457562001,"L"
264507,76,38,0,0,UP,380521144001,"L"
264507,65,30,0,0,DOWN,380561477501,"A"
264507,65,30,0,0,UP,380601511201,"A"
264507,78,49,0,0,DOWN,380657586701,"N"
264507,78,49,0,0,UP,380721209201,"N"
264507,68,32,0,0,DOWN,380761540701,"D"
264507,70,33,0,0,DOWN,380857455801,"F"
264507,68,32,0,0,UP,380873515701,"D"
264507,70,33,0,0,UP,380937533101,"F"
264507,72,35,0,0,DOWN,380961356301,"H"
264507,66,48,0,0,DOWN,381057668101,"B"
264507,72,35,0,0,UP,381073454801,"H"
264507,85,22,0,0,DOWN,381161523701,"U"
264507,66,48,0,0,UP,381177589601,"B"
264507,82,19,0,0,DOWN,381257361501,"R"
264507,85,22,0,0,UP,381273506501,"U"
264507,71,34,0,0,DOWN,381361539001,"G"
264507,82,19,0,0,UP,381377335401,"R"
264507,69,18,0,0,DOWN,381457570301,"E"
264507,71,34,0,0,UP,381473510101,"G"
264507,78,49,0,0,DOWN,381561546501,"N"
264507,69,18,0,0,UP,381569569901,"E"
264507,78,49,0,0,UP,381625538901,"N"
264507,76,38,0,0,DOWN,381665511801,"L"
264507,76,38,0,0,UP,381713571601,"L"
264507,65,30,0,0,DOWN,381761499801,"A"
264507,65,30,0,0,UP,381801876201,"A"
264507,78,49,0,0,DOWN,381865550601,"N"
264507,78,49,0,0,UP,381921494501,"N"
264507,68,32,0,0,DOWN,381961445301,"D"
264507,70,33,0,0,DOWN,382065536701,"F"
264507,68,32,0,0,UP,382073475101,"D"
264507,70,33,0,0,UP,382137688201,"F"
264507,72,35,0,0,DOWN,382161473101,"H"
264507,66,48,0,0,DOWN,382257546901,"B"
264507,72,35,0,0,UP,382265525501,"H"
264507,85,22,0,0,DOWN,382361462201,"U"
264507,66,48,0,0,UP,382385488501,"B"
264507,82,19,0,0,DOWN,382457578401,"R"
264507,85,22,0,0,UP,382465484501,"U"
264507,71,34,0,0,DOWN,382561429601,"G"
264507,82,19,0,0,UP,382577700701,"R"
264507,69,18,0,0,DOWN,382665601401,"E"
264507,71,34,0,0,UP,382673552701,"G"
264507,69,18,0,0,UP,382761557501,"E"
264507,78,49,0,0,DOWN,382762265501,"N"
264507,78,49,0,0,UP,382825459301,"N"
264507,76,38,0,0,DOWN,382857478401,"L"
264507,76,38,0,0,UP,382921504201,"L"
264507,65,30,0,0,DOWN,382961479501,"A"
264507,65,30,0,0,UP,383001598801,"A"
264507,78,49,0,0,DOWN,383057515201,"N"
264507,78,49,0,0,UP,383121508201,"N"
264507,68,32,0,0,DOWN,383161511601,"D"
264507,70,33,0,0,DOWN,383257269701,"F"
264507,68,32,0,0,UP,383273556901,"D"
264507,70,33,0,0,UP,383337599001,"F"
264507,72,35,0,0,DOWN,383361286501,"H"
264507,66,48,0,0,DOWN,383457612801,"B"
264507,72,35,0,0,UP,383473114801,"H"
264507,85,22,0,0,DOWN,383561564001,"U"
264507,66,48,0,0,UP,383577621701,"B"
264507,82,19,0,0,DOWN,383665549201,"R"
264507,85,22,0,0,UP,383673455701,"U"
264507,71,34,0,0,DOWN,383761524801,"G"
264507,82,19,0,0,UP,383785310501,"R"
264507,69,18,0,0,DOWN,383865685701,"E"
264507,71,34,0,0,UP,383873527601,"G"
264507,69,18,0,0,UP,383961574801,"E"
264507,78,49,0,0,DOWN,383962670001,"N"
264507,78,49,0,0,UP,384025699101,"N"
264507,76,38,0,0,DOWN,384057565001,"L"
264507,76,38,0,0,UP,384113512501,"L"
264507,65,30,0,0,DOWN,384161508601,"A"
264507,65,30,0,0,UP,384201660201,"A"
264507,78,49,0,0,DOWN,384257587801,"N"
264507,78,49,0,0,UP,384321595201,"N"
264507,68,32,0,0,DOWN,384361582701,"D"
264507,70,33,0,0,DOWN,384457594201,"F"
264507,68,32,0,0,UP,384473601401,"D"
264507,70,33,0,0,UP,384529541201,"F"
264507,72,35,0,0,DOWN,384561324001,"H"
264507,66,48,0,0,DOWN,384657560801,"B"
264507,72,35,0,0,UP,384665573101,"H"
264507,85,22,0,0,DOWN,384761381401,"U"
264507,66,48,0,0,UP,384785571401,"B"
264507,82,19,0,0,DOWN,384857596301,"R"
264507,85,22,0,0,UP,384873525901,"U"
264507,71,34,0,0,DOWN,384961343901,"G"
264507,82,19,0,0,UP,384977611701,"R"
264507,69,18,0,0,DOWN,385057603601,"E"
264507,71,34,0,0,UP,385073573001,"G"
264507,69,18,0,0,UP,385161336201,"E"
264507,78,49,0,0,DOWN,385162076501,"N"
264507,78,49,0,0,UP,385225507701,"N"
264507,76,38,0,0,DOWN,385257610401,"L"
264507,76,38,0,0,UP,385321497201,"L"
264507,65,30,0,0,DOWN,385361376201,"A"
264507,65,30,0,0,UP,385409533401,"A"
264507,78,49,0,0,DOWN,385457231201,"N"
264507,78,49,0,0,UP,385529572301,"N"
264507,68,32,0,0,DOWN,385561601301,"D"
264507,70,33,0,0,DOWN,385657606901,"F"
264507,68,32,0,0,UP,385673678901,"D"
264507,70,33,0,0,UP,385729560301,"F"
264507,72,35,0,0,DOWN,385761512901,"H"
264507,66,48,0,0,DOWN,385865618601,"B"
264507,72,35,0,0,UP,385873550301,"H"
264507,85,22,0,0,DOWN,385961575401,"U"
264507,66,48,0,0,UP,385985576201,"B"
264507,82,19,0,0,DOWN,386065597501,"R"
264507,85,22,0,0,UP,386073493301,"U"
264507,71,34,0,0,DOWN,386161540701,"G"
264507,82,19,0,0,UP,386169521801,"R"
264507,71,34,0,0,UP,386265631001,"G"
264507,69,18,0,0,DOWN,386266370701,"E"
264507,78,49,0,0,DOWN,386361509301,"N"
264507,69,18,0,0,UP,386369507101,"E"
264507,78,49,0,0,UP,386425530801,"N"
264507,76,38,0,0,DOWN,386457584601,"L"
264507,76,38,0,0,UP,386521661901,"L"
264507,65,30,0,0,DOWN,386561563401,"A"
264507,65,30,0,0,UP,386609676701,"A"
264507,78,49,0,0,DOWN,386657554801,"N"
264507,78,49,0,0,UP,386729311001,"N"
264507,68,32,0,0,DOWN,386761808801,"D"
264507,70,33,0,0,DOWN,386857545801,"F"
264507,68,32,0,0,UP,386873656901,"D"
264507,70,33,0,0,UP,386937487201,"F"
264507,72,35,0,0,DOWN,386961545401,"H"
264507,66,48,0,0,DOWN,387057556001,"B"
264507,72,35,0,0,UP,387073529901,"H"
264507,85,22,0,0,DOWN,387161717801,"U"
264507,66,48,0,0,UP,387185616401,"B"
264507,82,19,0,0,DOWN,387257582901,"R"
264507,85,22,0,0,UP,387273596001,"U"
264507,71,34,0,0,DOWN,387361711401,"G"
264507,82,19,0,0,UP,387377677701,"R"
264507,69,18,0,0,DOWN,387457615001,"E"
264507,71,34,0,0,UP,387473607701,"G"
264507,69,18,0,0,UP,387561617401,"E"
264507,78,49,0,0,DOWN,387562420701,"N"
264507,78,49,0,0,UP,387625523201,"N"
264507,76,38,0,0,DOWN,387657564801,"L"
264507,76,38,0,0,UP,387721565801,"L"
264507,65,30,0,0,DOWN,387761594801,"A"
264507,65,30,0,0,UP,387809528501,"A"
264507,78,49,0,0,DOWN,387865590901,"N"
264507,78,49,0,0,UP,387929454101,"N"
264507,68,32,0,0,DOWN,387961593201,"D"
264507,70,33,0,0,DOWN,388065549401,"F"
264507,68,32,0,0,UP,388073571601,"D"
264507,70,33,0,0,UP,388137631301,"F"
264507,72,35,0,0,DOWN,388161731701,"H"
264507,66,48,0,0,DOWN,388265375101,"B"
264507,72,35,0,0,UP,388281392601,"H"
264507,85,22,0,0,DOWN,388361601501,"U"
264507,66,48,0,0,UP,388385551301,"B"
264507,82,19,0,0,DOWN,388457554401,"R"
264507,85,22,0,0,UP,388465643401,"U"
264507,71,34,0,0,DOWN,388561560601,"G"
264507,82,19,0,0,UP,388577714701,"R"
264507,69,18,0,0,DOWN,388665628801,"E"
264507,71,34,0,0,UP,388673346201,"G"
264507,78,49,0,0,DOWN,388761589001,"N"
264507,69,18,0,0,UP,388769536101,"E"
264507,78,49,0,0,UP,388825703201,"N"
264507,76,38,0,0,DOWN,388857629901,"L"
264507,76,38,0,0,UP,388921617601,"L"
264507,65,30,0,0,DOWN,388961603801,"A"
264507,65,30,0,0,UP,389001534301,"A"
264507,78,49,0,0,DOWN,389057561701,"N"
264507,78,49,0,0,UP,389129589301,"N"
264507,68,32,0,0,DOWN,389161323801,"D"
264507,70,33,0,0,DOWN,389257559301,"F"
264507,68,32,0,0,UP,389273688101,"D"
264507,70,33,0,0,UP,389337606601,"F"
264507,72,35,0,0,DOWN,389361524701,"H"
264507,66,48,0,0,DOWN,389457723301,"B"
264507,72,35,0,0,UP,389465512101,"H"
264507,85,22,0,0,DOWN,389561541701,"U"
264507,66,48,0,0,UP,389585564101,"B"
264507,82,19,0,0,DOWN,389657667301,"R"
264507,85,22,0,0,UP,389673526701,"U"
264507,71,34,0,0,DOWN,389761586201,"G"
264507,82,19,0,0,UP,389777724901,"R"
264507,69,18,0,0,DOWN,389857368301,"E"
264507,71,34,0,0,UP,389873590001,"G"
264507,69,18,0,0,UP,389961637701,"E"
264507,78,49,0,0,DOWN,389962451901,"N"
264507,78,49,0,0,UP,390025497701,"N"
264507,76,38,0,0,DOWN,390065560401,"L"
264507,76,38,0,0,UP,390121604201,"L"
264507,65,30,0,0,DOWN,390153406301,"A"
264507,65,30,0,0,UP,390209750801,"A"
264507,78,49,0,0,DOWN,390265575901,"N"
264507,78,49,0,0,UP,390329531901,"N"
264507,68,32,0,0,DOWN,390361620901,"D"
264507,70,33,0,0,DOWN,390465333301,"F"
264507,68,32,0,0,UP,390473539001,"D"
264507,70,33,0,0,UP,390529313901,"F"
264507,72,35,0,0,DOWN,390561674401,"H"
264507,66,48,0,0,DOWN,390657601701,"B"
264507,72,35,0,0,UP,390665334201,"H"
264507,85,22,0,0,DOWN,390761585101,"U"
264507,66,48,0,0,UP,390785535501,"B"
264507,82,19,0,0,DOWN,390857620201,"R"
264507,85,22,0,0,UP,390865417701,"U"
264507,71,34,0,0,DOWN,390961613001,"G"
264507,82,19,0,0,UP,390977869101,"R"
264507,69,18,0,0,DOWN,391065401101,"E"
264507,71,34,0,0,UP,391073600401,"G"
264507,78,49,0,0,DOWN,391161658901,"N"
264507,69,18,0,0,UP,391169457901,"E"
264507,78,49,0,0,UP,391225542001,"N"
264507,76,38,0,0,DOWN,391257648001,"L"
264507,76,38,0,0,UP,391321571101,"L"
264507,65,30,0,0,DOWN,391361678101,"A"
264507,65,30,0,0,UP,391401813301,"A"
264507,78,49,0,0,DOWN,391457639401,"N"
264507,78,49,0,0,UP,391521581001,"N"
264507,68,32,0,0,DOWN,391561631501,"D"
264507,70,33,0,0,DOWN,391657631901,"F"
264507,68,32,0,0,UP,391673604201,"D"
264507,70,33,0,0,UP,391737640701,"F"
264507,72,35,0,0,DOWN,391761583801,"H"
264507,66,48,0,0,DOWN,391857618101,"B"
264507,72,35,0,0,UP,391865314401,"H"
264507,85,22,0,0,DOWN,391961660301,"U"
264507,66,48,0,0,UP,391985793201,"B"
264507,82,19,0,0,DOWN,392065675801,"R"
264507,85,22,0,0,UP,392073515701,"U"
264507,71,34,0,0,DOWN,392161605901,"G"
264507,82,19,0,0,UP,392177596901,"R"
264507,69,18,0,0,DOWN,392265683001,"E"
264507,71,34,0,0,UP,392273328501,"G"
264507,69,18,0,0,UP,392361658401,"E"
264507,78,49,0,0,DOWN,392362481101,"N"
264507,78,49,0,0,UP,392425556601,"N"
264507,76,38,0,0,DOWN,392457671701,"L"
264507,76,38,0,0,UP,392521551601,"L"
264507,65,30,0,0,DOWN,392561750101,"A"
264507,65,30,0,0,UP,392609790801,"A"
264507,78,49,0,0,DOWN,392657577401,"N"
264507,78,49,0,0,UP,392721564501,"N"
264507,68,32,0,0,DOWN,392761591601,"D"
264507,70,33,0,0,DOWN,392857546201,"F"
264507,68,32,0,0,UP,392873672401,"D"
264507,70,33,0,0,UP,392937639701,"F"
264507,72,35,0,0,DOWN,392961627001,"H"
264507,66,48,0,0,DOWN,393057595801,"B"
264507,72,35,0,0,UP,393065556101,"H"
264507,85,22,0,0,DOWN,393161649201,"U"
264507,66,48,0,0,UP,393185584301,"B"
264507,82,19,0,0,DOWN,393257330401,"R"
264507,85,22,0,0,UP,393265418401,"U"
264507,71,34,0,0,DOWN,393361665401,"G"
264507,82,19,0,0,UP,393377580401,"R"
264507,69,18,0,0,DOWN,393457599801,"E"
264507,71,34,0,0,UP,393473725901,"G"
264507,69,18,0,0,UP,393561705601,"E"
264507,78,49,0,0,DOWN,393562513801,"N"
264507,78,49,0,0,UP,393625687401,"N"
264507,76,38,0,0,DOWN,393657443701,"L"
264507,76,38,0,0,UP,393721548601,"L"
264507,65,30,0,0,DOWN,393761634301,"A"
264507,65,30,0,0,UP,393809755801,"A"
264507,78,49,0,0,DOWN,393857694401,"N"
264507,78,49,0,0,UP,393929828101,"N"
264507,68,32,0,0,DOWN,393961695901,"D"
264507,70,33,0,0,DOWN,394057632401,"F"
264507,68,32,0,0,UP,394073616401,"D"
264507,70,33,0,0,UP,394137761501,"F"
264507,72,35,0,0,DOWN,394161726001,"H"
264507,66,48,0,0,DOWN,394265777501,"B"
264507,72,35,0,0,UP,394273616801,"H"
264507,85,22,0,0,DOWN,394361663101,"U"
264507,66,48,0,0,UP,394385579601,"B"
264507,82,19,0,0,DOWN,394465659501,"R"
264507,85,22,0,0,UP,394473684301,"U"
264507,71,34,0,0,DOWN,394561690601,"G"
264507,82,19,0,0,UP,394585784401,"R"
264507,69,18,0,0,DOWN,394665708101,"E"
264507,71,34,0,0,UP,394673369201,"G"
264507,69,18,0,0,UP,394761609001,"E"
264507,78,49,0,0,DOWN,394762584901,"N"
264507,78,49,0,0,UP,394825569601,"N"
264507,76,38,0,0,DOWN,394857662901,"L"
264507,76,38,0,0,UP,394921641001,"L"
264507,65,30,0,0,DOWN,394961610001,"A"
264507,65,30,0,0,UP,395001670001,"A"
264507,78,49,0,0,DOWN,395057567601,"N"
264507,78,49,0,0,UP,395121633901,"N"
264507,68,32,0,0,DOWN,395161724901,"D"
264507,70,33,0,0,DOWN,395257577501,"F"
264507,68,32,0,0,UP,395273852801,"D"
264507,70,33,0,0,UP,395337626201,"F"
264507,72,35,0,0,DOWN,395361696901,"H"
264507,66,48,0,0,DOWN,395457782701,"B"
264507,72,35,0,0,UP,395473619301,"H"
264507,85,22,0,0,DOWN,395561691401,"U"
264507,66,48,0,0,UP,395578101301,"B"
264507,82,19,0,0,DOWN,395657674601,"R"
264507,85,22,0,0,UP,395673675401,"U"
264507,71,34,0,0,DOWN,395761785801,"G"
264507,82,19,0,0,UP,395777641601,"R"
264507,69,18,0,0,DOWN,395857639801,"E"
264507,71,34,0,0,UP,395873488301,"G"
264507,78,49,0,0,DOWN,395961684101,"N"
264507,69,18,0,0,UP,395969745501,"E"
264507,78,49,0,0,UP,396025559701,"N"
264507,76,38,0,0,DOWN,396057673901,"L"
264507,76,38,0,0,UP,396121570801,"L"
264507,65,30,0,0,DOWN,396161840801,"A"
264507,65,30,0,0,UP,396209576301,"A"
264507,78,49,0,0,DOWN,396265600201,"N"
264507,78,49,0,0,UP,396329630701,"N"
264507,68,32,0,0,DOWN,396361671701,"D"
264507,70,33,0,0,DOWN,396465699601,"F"
264507,68,32,0,0,UP,396473663001,"D"
264507,70,33,0,0,UP,396529662601,"F"
264507,72,35,0,0,DOWN,396561697501,"H"
264507,72,35,0,0,UP,396665684701,"H"
264507,66,48,0,0,DOWN,396666440101,"B"
264507,85,22,0,0,DOWN,396761347901,"U"
264507,66,48,0,0,UP,396785767701,"B"
264507,82,19,0,0,DOWN,396857623101,"R"
264507,85,22,0,0,UP,396865598601,"U"
264507,71,34,0,0,DOWN,396961694001,"G"
264507,82,19,0,0,UP,396969542501,"R"
264507,71,34,0,0,UP,397065640101,"G"
264507,69,18,0,0,DOWN,397066661201,"E"
264507,78,49,0,0,DOWN,397161654201,"N"
264507,69,18,0,0,UP,397169762101,"E"
264507,78,49,0,0,UP,397225667601,"N"
264507,76,38,0,0,DOWN,397257594701,"L"
264507,76,38,0,0,UP,397321665601,"L"
264507,65,30,0,0,DOWN,397361597001,"A"
264507,65,30,0,0,UP,397401609901,"A"
264507,78,49,0,0,DOWN,397457685001,"N"
264507,78,49,0,0,UP,397521600001,"N"
264507,68,32,0,0,DOWN,397561689701,"D"
264507,70,33,0,0,DOWN,397657718301,"F"
264507,68,32,0,0,UP,397673766401,"D"
264507,70,33,0,0,UP,397737661501,"F"
264507,72,35,0,0,DOWN,397761665901,"H"
264507,66,48,0,0,DOWN,397857779901,"B"
264507,72,35,0,0,UP,397873746401,"H"
264507,85,22,0,0,DOWN,397961651601,"U"
264507,66,48,0,0,UP,397985691101,"B"
264507,82,19,0,0,DOWN,398058142701,"R"
264507,85,22,0,0,UP,398073374101,"U"
264507,71,34,0,0,DOWN,398161654601,"G"
264507,82,19,0,0,UP,398177782501,"R"
264507,69,18,0,0,DOWN,398265349501,"E"
264507,71,34,0,0,UP,398273633101,"G"
264507,69,18,0,0,UP,398361767601,"E"
264507,78,49,0,0,DOWN,398362625001,"N"
264507,78,49,0,0,UP,398425738001,"N"
264507,76,38,0,0,DOWN,398465785201,"L"
264507,76,38,0,0,UP,398513627101,"L"
264507,65,30,0,0,DOWN,398553662001,"A"
264507,65,30,0,0,UP,398609659601,"A"
264507,78,49,0,0,DOWN,398665689401,"N"
264507,78,49,0,0,UP,398721507201,"N"
264507,68,32,0,0,DOWN,398761350001,"D"
264507,70,33,0,0,DOWN,398857620001,"F"
264507,68,32,0,0,UP,398873603101,"D"
264507,70,33,0,0,UP,398929652801,"F"
264507,72,35,0,0,DOWN,398961708901,"H"
264507,66,48,0,0,DOWN,399057558501,"B"
264507,72,35,0,0,UP,399065695801,"H"
264507,85,22,0,0,DOWN,399161648001,"U"
264507,66,48,0,0,UP,399177637601,"B"
264507,82,19,0,0,DOWN,399257675801,"R"
264507,85,22,0,0,UP,399265727201,"U"
264507,71,34,0,0,DOWN,399361679101,"G"
264507,82,19,0,0,UP,399377666101,"R"
264507,69,18,0,0,DOWN,399457683201,"E"
264507,71,34,0,0,UP,399465662001,"G"
264507,78,49,0,0,DOWN,399561768301,"N"
264507,69,18,0,0,UP,399569655601,"E"
264507,78,49,0,0,UP,399617793801,"N"
264507,76,38,0,0,DOWN,399657617301,"L"
264507,76,38,0,0,UP,399721454501,"L"
264507,65,30,0,0,DOWN,399761717101,"A"
264507,65,30,0,0,UP,399801652801,"A"
264507,78,49,0,0,DOWN,399857664501,"N"
264507,78,49,0,0,UP,399921531301,"N"
264507,68,32,0,0,DOWN,399961632201,"D"
264507,70,33,0,0,DOWN,400057659301,"F"
264507,68,32,0,0,UP,400073432101,"D"
264507,70,33,0,0,UP,400137622301,"F"
264507,72,35,0,0,DOWN,400161777301,"H"
264507,66,48,0,0,DOWN,400257774201,"B"
264507,72,35,0,0,UP,400265226301,"H"
264507,85,22,0,0,DOWN,400361795701,"U"
264507,66,48,0,0,UP,400385607901,"B"
264507,82,19,0,0,DOWN,400465702901,"R"
264507,85,22,0,0,UP,400473661101,"U"
264507,71,34,0,0,DOWN,400561742601,"G"
264507,82,19,0,0,UP,400585827501,"R"
264507,69,18,0,0,DOWN,400665883601,"E"
264507,71,34,0,0,UP,400673510701,"G"
264507,69,18,0,0,UP,400761670201,"E"
264507,78,49,0,0,DOWN,400762611901,"N"
264507,78,49,0,0,UP,400825766001,"N"
264507,76,38,0,0,DOWN,400857456601,"L"
264507,76,38,0,0,UP,400921619001,"L"
264507,65,30,0,0,DOWN,400961684601,"A"
264507,65,30,0,0,UP,401001666501,"A"
264507,78,49,0,0,DOWN,401057618401,"N"
264507,78,49,0,0,UP,401121862301,"N"
264507,68,32,0,0,DOWN,401161742001,"D"
264507,70,33,0,0,DOWN,401257669801,"F"
264507,68,32,0,0,UP,401273543901,"D"
264507,70,33,0,0,UP,401337644401,"F"
264507,72,35,0,0,DOWN,401361844001,"H"
264507,66,48,0,0,DOWN,401457676501,"B"
264507,72,35,0,0,UP,401465647601,"H"
264507,85,22,0,0,DOWN,401561370001,"U"
264507,66,48,0,0,UP,401577846301,"B"
264507,82,19,0,0,DOWN,401657616101,"R"
264507,85,22,0,0,UP,401673514801,"U"
264507,71,34,0,0,DOWN,401761826901,"G"
264507,82,19,0,0,UP,401777807701,"R"
264507,69,18,0,0,DOWN,401857643001,"E"
264507,71,34,0,0,UP,401873497601,"G"
264507,69,18,0,0,UP,401961690001,"E"
264507,78,49,0,0,DOWN,401962477501,"N"
264507,78,49,0,0,UP,402017632101,"N"
264507,76,38,0,0,DOWN,402057706201,"L"
264507,76,38,0,0,UP,402113680001,"L"
264507,65,30,0,0,DOWN,402161674901,"A"
264507,65,30,0,0,UP,402209661901,"A"
264507,78,49,0,0,DOWN,402257687301,"N"
264507,78,49,0,0,UP,402321716401,"N"
264507,68,32,0,0,DOWN,402361679401,"D"
264507,70,33,0,0,DOWN,402457819101,"F"
264507,68,32,0,0,UP,402473478501,"D"
264507,70,33,0,0,UP,402537732401,"F"
264507,72,35,0,0,DOWN,402561675201,"H"
264507,66,48,0,0,DOWN,402665719201,"B"
264507,72,35,0,0,UP,402673449901,"H"
264507,85,22,0,0,DOWN,402761735501,"U"
264507,66,48,0,0,UP,402785840001,"B"
264507,82,19,0,0,DOWN,402865384201,"R"
264507,85,22,0,0,UP,402873728501,"U"
264507,71,34,0,0,DOWN,402961692801,"G"
264507,82,19,0,0,UP,402977684301,"R"
264507,69,18,0,0,DOWN,403065693901,"E"
264507,71,34,0,0,UP,403073308401,"G"
264507,78,49,0,0,DOWN,403161790801,"N"
264507,69,18,0,0,UP,403169803701,"E"
264507,78,49,0,0,UP,403225354001,"N"
264507,76,38,0,0,DOWN,403257709001,"L"
264507,76,38,0,0,UP,403313666801,"L"
264507,65,30,0,0,DOWN,403361802301,"A"
264507,65,30,0,0,UP,403401660801,"A"
264507,78,49,0,0,DOWN,403457496101,"N"
264507,78,49,0,0,UP,403521660901,"N"
264507,68,32,0,0,DOWN,403561697901,"D"
264507,70,33,0,0,DOWN,403657538701,"F"
264507,68,32,0,0,UP,403673756301,"D"
264507,70,33,0,0,UP,403737807101,"F"
264507,72,35,0,0,DOWN,403761786301,"H"
264507,66,48,0,0,DOWN,403857527301,"B"
264507,72,35,0,0,UP,403873795901,"H"
264507,85,22,0,0,DOWN,403961773501,"U"
264507,66,48,0,0,UP,403985670401,"B"
264507,82,19,0,0,DOWN,404057694601,"R"
264507,85,22,0,0,UP,404073660101,"U"
264507,71,34,0,0,DOWN,404161748301,"G"
264507,82,19,0,0,UP,404177829601,"R"
264507,69,18,0,0,DOWN,404257801801,"E"
264507,71,34,0,0,UP,404265445501,"G"
264507,78,49,0,0,DOWN,404361710201,"N"
264507,69,18,0,0,UP,404369699301,"E"
264507,78,49,0,0,UP,404425794501,"N"
264507,76,38,0,0,DOWN,404457678101,"L"
264507,76,38,0,0,UP,404521684801,"L"
264507,65,30,0,0,DOWN,404561739701,"A"
264507,65,30,0,0,UP,404609669801,"A"
264507,78,49,0,0,DOWN,404657732601,"N"
264507,78,49,0,0,UP,404721741601,"N"
264507,68,32,0,0,DOWN,404761707801,"D"
264507,70,33,0,0,DOWN,404865746601,"F"
264507,68,32,0,0,UP,404873713901,"D"
264507,70,33,0,0,UP,404937720101,"F"
264507,72,35,0,0,DOWN,404961749401,"H"
264507,66,48,0,0,DOWN,405065838901,"B"
264507,72,35,0,0,UP,405073460901,"H"
264507,85,22,0,0,DOWN,405161709001,"U"
264507,66,48,0,0,UP,405185649301,"B"
264507,82,19,0,0,DOWN,405265723901,"R"
264507,85,22,0,0,UP,405281825601,"U"
264507,71,34,0,0,DOWN,405361772901,"G"
264507,82,19,0,0,UP,405385860901,"R"
264507,69,18,0,0,DOWN,405465865101,"E"
264507,71,34,0,0,UP,405481680101,"G"
264507,78,49,0,0,DOWN,405561695201,"N"
264507,69,18,0,0,UP,405569658801,"E"
264507,78,49,0,0,UP,405625498901,"N"
264507,76,38,0,0,DOWN,405657711701,"L"
264507,76,38,0,0,UP,405721797901,"L"
264507,65,30,0,0,DOWN,405761670401,"A"
264507,65,30,0,0,UP,405801757301,"A"
264507,78,49,0,0,DOWN,405857795201,"N"
264507,78,49,0,0,UP,405921859801,"N"
264507,68,32,0,0,DOWN,405961742301,"D"
264507,70,33,0,0,DOWN,406057751801,"F"
264507,68,32,0,0,UP,406073708601,"D"
264507,70,33,0,0,UP,406137694901,"F"
264507,72,35,0,0,DOWN,406161800501,"H"
264507,66,48,0,0,DOWN,406257691801,"B"
264507,72,35,0,0,UP,406265723601,"H"
264507,85,22,0,0,DOWN,406361720301,"U"
264507,66,48,0,0,UP,406377483901,"B"
264507,82,19,0,0,DOWN,406457722401,"R"
264507,85,22,0,0,UP,406473713601,"U"
264507,71,34,0,0,DOWN,406561729201,"G"
264507,82,19,0,0,UP,406577910701,"R"
264507,69,18,0,0,DOWN,406657471201,"E"
264507,71,34,0,0,UP,406665724701,"G"
264507,69,18,0,0,UP,406761583801,"E"
264507,78,49,0,0,DOWN,406762303001,"N"
264507,78,49,0,0,UP,406825705701,"N"
264507,76,38,0,0,DOWN,406857777401,"L"
264507,76,38,0,0,UP,406921721701,"L"
264507,65,30,0,0,DOWN,406961825101,"A"
264507,65,30,0,0,UP,407009811101,"A"
264507,78,49,0,0,DOWN,407057702601,"N"
264507,78,49,0,0,UP,407121680401,"N"
264507,68,32,0,0,DOWN,407161751801,"D"
264507,70,33,0,0,DOWN,407265681201,"F"
264507,68,32,0,0,UP,407273785701,"D"
264507,70,33,0,0,UP,407337772401,"F"
264507,72,35,0,0,DOWN,407361680001,"H"
264507,72,35,0,0,UP,407465628801,"H"
264507,66,48,0,0,DOWN,407466159901,"B"
264507,85,22,0,0,DOWN,407561688901,"U"
264507,66,48,0,0,UP,407577998701,"B"
264507,82,19,0,0,DOWN,407665725001,"R"
264507,85,22,0,0,UP,407673735501,"U"
264507,71,34,0,0,DOWN,407761724901,"G"
264507,82,19,0,0,UP,407777729201,"R"
264507,71,34,0,0,UP,407865777201,"G"
264507,69,18,0,0,DOWN,407866713201,"E"
264507,69,18,0,0,UP,407961568701,"E"
264507,78,49,0,0,DOWN,407962650501,"N"
264507,78,49,0,0,UP,408025716301,"N"
264507,76,38,0,0,DOWN,408057894901,"L"
264507,76,38,0,0,UP,408113731401,"L"
264507,65,30,0,0,DOWN,408161869801,"A"
264507,65,30,0,0,UP,408201698801,"A"
264507,78,49,0,0,DOWN,408257563801,"N"
264507,78,49,0,0,UP,408321706201,"N"
264507,68,32,0,0,DOWN,408361865701,"D"
264507,70,33,0,0,DOWN,408457824101,"F"
264507,68,32,0,0,UP,408473716301,"D"
264507,70,33,0,0,UP,408537671901,"F"
264507,72,35,0,0,DOWN,408561762101,"H"
264507,66,48,0,0,DOWN,408657765701,"B"
264507,72,35,0,0,UP,408665480701,"H"
264507,85,22,0,0,DOWN,408761688501,"U"
264507,66,48,0,0,UP,408777725801,"B"
264507,82,19,0,0,DOWN,408857719301,"R"
264507,85,22,0,0,UP,408873737101,"U"
264507,71,34,0,0,DOWN,408961609901,"G"
264507,82,19,0,0,UP,408977936101,"R"
264507,69,18,0,0,DOWN,409057773001,"E"
264507,71,34,0,0,UP,409065687501,"G"
264507,69,18,0,0,UP,409153815401,"E"
264507,78,49,0,0,DOWN,409169771501,"N"
264507,78,49,0,0,UP,409217703001,"N"
264507,76,38,0,0,DOWN,409257790001,"L"
264507,76,38,0,0,UP,409313519501,"L"
264507,65,30,0,0,DOWN,409361630301,"A"
264507,65,30,0,0,UP,409401841801,"A"
264507,78,49,0,0,DOWN,409465839901,"N"
264507,78,49,0,0,UP,409521720501,"N"
264507,68,32,0,0,DOWN,409561660701,"D"
264507,70,33,0,0,DOWN,409665717901,"F"
264507,68,32,0,0,UP,409673779301,"D"
264507,70,33,0,0,UP,409737800801,"F"
264507,72,35,0,0,DOWN,409761587601,"H"
264507,66,48,0,0,DOWN,409865820001,"B"
264507,72,35,0,0,UP,409873704001,"H"
264507,85,22,0,0,DOWN,409961860301,"U"
264507,66,48,0,0,UP,409977829601,"B"
264507,82,19,0,0,DOWN,410057976101,"R"
264507,85,22,0,0,UP,410065567301,"U"
264507,71,34,0,0,DOWN,410161750301,"G"
264507,82,19,0,0,UP,410177889301,"R"
264507,69,18,0,0,DOWN,410265800501,"E"
264507,71,34,0,0,UP,410273480001,"G"
264507,78,49,0,0,DOWN,410361849001,"N"
264507,69,18,0,0,UP,410369686401,"E"
264507,78,49,0,0,UP,410425737001,"N"
264507,76,38,0,0,DOWN,410457818401,"L"
264507,76,38,0,0,UP,410521552701,"L"
264507,65,30,0,0,DOWN,410561905001,"A"
264507,65,30,0,0,UP,410602000001,"A"
264507,78,49,0,0,DOWN,410657622101,"N"
264507,78,49,0,0,UP,410721721501,"N"
264507,68,32,0,0,DOWN,410761788301,"D"
264507,70,33,0,0,DOWN,410857765501,"F"
264507,68,32,0,0,UP,410873708301,"D"
264507,70,33,0,0,UP,410937819101,"F"
264507,72,35,0,0,DOWN,410961830901,"H"
264507,66,48,0,0,DOWN,411057723901,"B"
264507,72,35,0,0,UP,411073876501,"H"
264507,85,22,0,0,DOWN,411161769001,"U"
264507,66,48,0,0,UP,411177772501,"B"
264507,82,19,0,0,DOWN,411257827401,"R"
264507,85,22,0,0,UP,411273907801,"U"
264507,71,34,0,0,DOWN,411361653801,"G"
264507,82,19,0,0,UP,411377762301,"R"
264507,69,18,0,0,DOWN,411457763101,"E"
264507,71,34,0,0,UP,411465402601,"G"
264507,78,49,0,0,DOWN,411561523601,"N"
264507,69,18,0,0,UP,411569755401,"E"
264507,78,49,0,0,UP,411617715301,"N"
264507,76,38,0,0,DOWN,411657734701,"L"
264507,76,38,0,0,UP,411721752701,"L"
264507,65,30,0,0,DOWN,411761809101,"A"
264507,65,30,0,0,UP,411801763301,"A"
264507,78,49,0,0,DOWN,411865778801,"N"
264507,78,49,0,0,UP,411913482501,"N"
264507,68,32,0,0,DOWN,411961573601,"D"
264507,70,33,0,0,DOWN,412065743501,"F"
264507,68,32,0,0,UP,412073794001,"D"
264507,70,33,0,0,UP,412129862001,"F"
264507,72,35,0,0,DOWN,412161824301,"H"
264507,72,35,0,0,UP,412265771401,"H"
264507,66,48,0,0,DOWN,412266503401,"B"
264507,85,22,0,0,DOWN,412361818301,"U"
264507,66,48,0,0,UP,412385529401,"B"
264507,82,19,0,0,DOWN,412457764201,"R"
264507,85,22,0,0,UP,412465739801,"U"
264507,71,34,0,0,DOWN,412561821001,"G"
264507,82,19,0,0,UP,412577724101,"R"
264507,69,18,0,0,DOWN,412665909601,"E"
264507,71,34,0,0,UP,412673799601,"G"
264507,69,18,0,0,UP,412761971401,"E"
264507,78,49,0,0,DOWN,412762915001,"N"
264507,78,49,0,0,UP,412825725801,"N"
264507,76,38,0,0,DOWN,412857939801,"L"
264507,76,38,0,0,UP,412921929501,"L"
264507,65,30,0,0,DOWN,412961792001,"A"
264507,65,30,0,0,UP,413001773201,"A"
264507,78,49,0,0,DOWN,413057724401,"N"
264507,78,49,0,0,UP,413121911401,"N"
264507,68,32,0,0,DOWN,413161804501,"D"
264507,70,33,0,0,DOWN,413257756101,"F"
264507,68,32,0,0,UP,413273455801,"D"
264507,70,33,0,0,UP,413337611501,"F"
264507,72,35,0,0,DOWN,413361828601,"H"
264507,66,48,0,0,DOWN,413457773601,"B"
264507,72,35,0,0,UP,413465648601,"H"
264507,85,22,0,0,DOWN,413561759401,"U"
264507,66,48,0,0,UP,413577754301,"B"
264507,82,19,0,0,DOWN,413657711201,"R"
264507,85,22,0,0,UP,413673734501,"U"
264507,71,34,0,0,DOWN,413761769301,"G"
264507,82,19,0,0,UP,413777790501,"R"
264507,69,18,0,0,DOWN,413857634501,"E"
264507,71,34,0,0,UP,413865718301,"G"
264507,78,49,0,0,DOWN,413961829101,"N"
264507,69,18,0,0,UP,413969705501,"E"
264507,78,49,0,0,UP,414017664601,"N"
264507,76,38,0,0,DOWN,414057769701,"L"
264507,76,38,0,0,UP,414121818101,"L"
264507,65,30,0,0,DOWN,414161812001,"A"
264507,65,30,0,0,UP,414201746601,"A"
264507,78,49,0,0,DOWN,414265772801,"N"
264507,78,49,0,0,UP,414321767401,"N"
264507,68,32,0,0,DOWN,414361769901,"D"
264507,70,33,0,0,DOWN,414465716201,"F"
264507,68,32,0,0,UP,414473808901,"D"
264507,70,33,0,0,UP,414529782001,"F"
264507,72,35,0,0,DOWN,414561840601,"H"
264507,66,48,0,0,DOWN,414665701601,"B"
264507,72,35,0,0,UP,414681899701,"H"
264507,85,22,0,0,DOWN,414761634101,"U"
264507,66,48,0,0,UP,414785653601,"B"
264507,82,19,0,0,DOWN,414857751201,"R"
264507,85,22,0,0,UP,414865538801,"U"
264507,71,34,0,0,DOWN,414961855101,"G"
264507,82,19,0,0,UP,414977770701,"R"
264507,71,34,0,0,UP,415057868301,"G"
264507,69,18,0,0,DOWN,415065544801,"E"
264507,69,18,0,0,UP,415161813101,"E"
264507,78,49,0,0,DOWN,415162684001,"N"
264507,78,49,0,0,UP,415225715301,"N"
264507,76,38,0,0,DOWN,415257910001,"L"
264507,76,38,0,0,UP,415321807801,"L"
264507,65,30,0,0,DOWN,415361838101,"A"
264507,65,30,0,0,UP,415401734401,"A"
264507,78,49,0,0,DOWN,415457831801,"N"
264507,78,49,0,0,UP,415513800101,"N"
264507,68,32,0,0,DOWN,415561791901,"D"
264507,70,33,0,0,DOWN,415657802601,"F"
264507,68,32,0,0,UP,415673756501,"D"
264507,70,33,0,0,UP,415737818101,"F"
264507,72,35,0,0,DOWN,415761800901,"H"
264507,66,48,0,0,DOWN,415857944601,"B"
264507,72,35,0,0,UP,415865846601,"H"
264507,85,22,0,0,DOWN,415961766201,"U"
264507,66,48,0,0,UP,415977743401,"B"
264507,82,19,0,0,DOWN,416057708401,"R"
264507,85,22,0,0,UP,416073898501,"U"
264507,71,34,0,0,DOWN,416161870401,"G"
264507,82,19,0,0,UP,416177796601,"R"
264507,69,18,0,0,DOWN,416257772601,"E"
264507,71,34,0,0,UP,416265878201,"G"
264507,78,49,0,0,DOWN,416361529501,"N"
264507,69,18,0,0,UP,416369721301,"E"
264507,78,49,0,0,UP,416425613601,"N"
264507,76,38,0,0,DOWN,416465784201,"L"
264507,76,38,0,0,UP,416513793801,"L"
264507,65,30,0,0,DOWN,416561784701,"A"
264507,65,30,0,0,UP,416601884701,"A"
264507,78,49,0,0,DOWN,416665777501,"N"
264507,78,49,0,0,UP,416713871401,"N"
264507,68,32,0,0,DOWN,416761778901,"D"
264507,70,33,0,0,DOWN,416865845301,"F"
264507,68,32,0,0,UP,416881858401,"D"
264507,70,33,0,0,UP,416937787301,"F"
264507,72,35,0,0,DOWN,416961841201,"H"
264507,66,48,0,0,DOWN,417065860401,"B"
264507,72,35,0,0,UP,417073398601,"H"
264507,85,22,0,0,DOWN,417161873301,"U"
264507,66,48,0,0,UP,417177813401,"B"
264507,82,19,0,0,DOWN,417257889201,"R"
264507,85,22,0,0,UP,417265888201,"U"
264507,71,34,0,0,DOWN,417361822201,"G"
264507,82,19,0,0,UP,417378080401,"R"
264507,69,18,0,0,DOWN,417465767101,"E"
264507,71,34,0,0,UP,417473836701,"G"
264507,78,49,0,0,DOWN,417561964301,"N"
264507,69,18,0,0,UP,417569532901,"E"
264507,78,49,0,0,UP,417617732601,"N"
264507,76,38,0,0,DOWN,417657847601,"L"
264507,76,38,0,0,UP,417721848801,"L"
264507,65,30,0,0,DOWN,417761861401,"A"
264507,65,30,0,0,UP,417801682001,"A"
264507,78,49,0,0,DOWN,417857791001,"N"
264507,78,49,0,0,UP,417913832101,"N"
264507,68,32,0,0,DOWN,417961826801,"D"
264507,70,33,0,0,DOWN,418057554701,"F"
264507,68,32,0,0,UP,418073797301,"D"
264507,70,33,0,0,UP,418138154801,"F"
264507,72,35,0,0,DOWN,418161823201,"H"
264507,66,48,0,0,DOWN,418257867301,"B"
264507,72,35,0,0,UP,418265860801,"H"
264507,85,22,0,0,DOWN,418361560801,"U"
264507,66,48,0,0,UP,418377880001,"B"
264507,82,19,0,0,DOWN,418457886601,"R"
264507,85,22,0,0,UP,418473802401,"U"
264507,71,34,0,0,DOWN,418561854201,"G"
264507,82,19,0,0,UP,418577811201,"R"
264507,69,18,0,0,DOWN,418657844901,"E"
264507,71,34,0,0,UP,418665809601,"G"
264507,78,49,0,0,DOWN,418761844401,"N"
264507,69,18,0,0,UP,418769458101,"E"
264507,78,49,0,0,UP,418825824601,"N"
264507,76,38,0,0,DOWN,418865881001,"L"
264507,76,38,0,0,UP,418921874901,"L"
264507,65,30,0,0,DOWN,418961975201,"A"
264507,65,30,0,0,UP,419001685101,"A"
264507,78,49,0,0,DOWN,419065617201,"N"
264507,78,49,0,0,UP,419121826301,"N"
264507,68,32,0,0,DOWN,419161586901,"D"
264507,70,33,0,0,DOWN,419265859801,"F"
264507,68,32,0,0,UP,419273774401,"D"
264507,70,33,0,0,UP,419337857601,"F"
264507,72,35,0,0,DOWN,419361861801,"H"
264507,66,48,0,0,DOWN,419457879201,"B"
264507,72,35,0,0,UP,419465817701,"H"
264507,85,22,0,0,DOWN,419561970601,"U"
264507,66,48,0,0,UP,419585662601,"B"
264507,82,19,0,0,DOWN,419657770601,"R"
264507,85,22,0,0,UP,419665596401,"U"
264507,71,34,0,0,DOWN,419762008001,"G"
264507,82,19,0,0,UP,419777836301,"R"
264507,69,18,0,0,DOWN,419865862301,"E"
264507,71,34,0,0,UP,419873456501,"G"
264507,69,18,0,0,UP,419961943901,"E"
264507,78,49,0,0,DOWN,419962662401,"N"
264507,78,49,0,0,UP,420025731301,"N"
264507,76,38,0,0,DOWN,420057797601,"L"
264507,76,38,0,0,UP,420113844801,"L"
264507,65,30,0,0,DOWN,420161839901,"A"
264507,65,30,0,0,UP,420201891101,"A"
264507,78,49,0,0,DOWN,420257715801,"N"
264507,78,49,0,0,UP,420313900601,"N"
264507,68,32,0,0,DOWN,420361853001,"D"
264507,70,33,0,0,DOWN,420457863301,"F"
264507,68,32,0,0,UP,420473836401,"D"
264507,70,33,0,0,UP,420537795101,"F"
264507,72,35,0,0,DOWN,420561804501,"H"
264507,66,48,0,0,DOWN,420657830301,"B"
264507,72,35,0,0,UP,420673770501,"H"
264507,85,22,0,0,DOWN,420761893001,"U"
264507,66,48,0,0,UP,420777901301,"B"
264507,82,19,0,0,DOWN,420865870201,"R"
264507,85,22,0,0,UP,420873825501,"U"
264507,71,34,0,0,DOWN,420961886701,"G"
264507,82,19,0,0,UP,420986009701,"R"
264507,69,18,0,0,DOWN,421065921201,"E"
264507,71,34,0,0,UP,421073847701,"G"
264507,69,18,0,0,UP,421161891801,"E"
264507,78,49,0,0,DOWN,421162887301,"N"
264507,78,49,0,0,UP,421225849901,"N"
264507,76,38,0,0,DOWN,421265910001,"L"
264507,76,38,0,0,UP,421313796801,"L"
264507,65,30,0,0,DOWN,421361852001,"A"
264507,65,30,0,0,UP,421401862601,"A"
264507,78,49,0,0,DOWN,421465820201,"N"
264507,78,49,0,0,UP,421513808101,"N"
264507,68,32,0,0,DOWN,421561863101,"D"
264507,70,33,0,0,DOWN,421657886001,"F"
264507,68,32,0,0,UP,421673792601,"D"
264507,70,33,0,0,UP,421737632601,"F"
264507,72,35,0,0,DOWN,421762034701,"H"
264507,66,48,0,0,DOWN,421857890701,"B"
264507,72,35,0,0,UP,421865859301,"H"
264507,85,22,0,0,DOWN,421961922901,"U"
264507,66,48,0,0,UP,421985910701,"B"
264507,82,19,0,0,DOWN,422057897701,"R"
264507,85,22,0,0,UP,422065620601,"U"
264507,71,34,0,0,DOWN,422161833801,"G"
264507,82,19,0,0,UP,422177814101,"R"
264507,69,18,0,0,DOWN,422257856301,"E"
264507,71,34,0,0,UP,422273803201,"G"
264507,69,18,0,0,UP,422361896001,"E"
264507,78,49,0,0,DOWN,422362720901,"N"
264507,78,49,0,0,UP,422417847301,"N"
264507,76,38,0,0,DOWN,422457884601,"L"
264507,76,38,0,0,UP,422521826701,"L"
264507,65,30,0,0,DOWN,422561919601,"A"
264507,65,30,0,0,UP,422601851501,"A"
264507,78,49,0,0,DOWN,422657853301,"N"
264507,78,49,0,0,UP,422721831801,"N"
264507,68,32,0,0,DOWN,422761910901,"D"
264507,70,33,0,0,DOWN,422857859901,"F"
264507,68,32,0,0,UP,422873895601,"D"
264507,70,33,0,0,UP,422937656201,"F"
264507,72,35,0,0,DOWN,422961824601,"H"
264507,66,48,0,0,DOWN,423057927401,"B"
264507,72,35,0,0,UP,423073800401,"H"
264507,85,22,0,0,DOWN,423161880901,"U"
264507,66,48,0,0,UP,423186004301,"B"
264507,82,19,0,0,DOWN,423265833801,"R"
264507,85,22,0,0,UP,423273804801,"U"
264507,71,34,0,0,DOWN,423361915801,"G"
264507,82,19,0,0,UP,423385810001,"R"
264507,69,18,0,0,DOWN,423465912701,"E"
264507,71,34,0,0,UP,423473833201,"G"
264507,69,18,0,0,UP,423561816201,"E"
264507,78,49,0,0,DOWN,423562700601,"N"
264507,78,49,0,0,UP,423625869201,"N"
264507,76,38,0,0,DOWN,423657893001,"L"
264507,76,38,0,0,UP,423721585401,"L"
264507,65,30,0,0,DOWN,423761860201,"A"
264507,65,30,0,0,UP,423801805701,"A"
264507,78,49,0,0,DOWN,423858055601,"N"
264507,78,49,0,0,UP,423921657901,"N"
264507,68,32,0,0,DOWN,423961882801,"D"
264507,70,33,0,0,DOWN,424057974501,"F"
264507,68,32,0,0,UP,424073607001,"D"
264507,70,33,0,0,UP,424137775201,"F"
264507,72,35,0,0,DOWN,424161745501,"H"
264507,66,48,0,0,DOWN,424257905001,"B"
264507,72,35,0,0,UP,424265883401,"H"
264507,85,22,0,0,DOWN,424361598001,"U"
264507,66,48,0,0,UP,424386011601,"B"
264507,82,19,0,0,DOWN,424457899101,"R"
264507,85,22,0,0,UP,424473689901,"U"
264507,71,34,0,0,DOWN,424561853101,"G"
264507,82,19,0,0,UP,424577833201,"R"
264507,69,18,0,0,DOWN,424657808301,"E"
264507,71,34,0,0,UP,424673611001,"G"
264507,69,18,0,0,UP,424761868201,"E"
264507,78,49,0,0,DOWN,424762636201,"N"
264507,78,49,0,0,UP,424826024301,"N"
264507,76,38,0,0,DOWN,424857881901,"L"
264507,76,38,0,0,UP,424921761601,"L"
264507,65,30,0,0,DOWN,424961907701,"A"
264507,65,30,0,0,UP,425001955201,"A"
264507,78,49,0,0,DOWN,425057866401,"N"
264507,78,49,0,0,UP,425121776801,"N"
264507,68,32,0,0,DOWN,425161912001,"D"
264507,70,33,0,0,DOWN,425265905001,"F"
264507,68,32,0,0,UP,425273599401,"D"
264507,70,33,0,0,UP,425337867701,"F"
264507,72,35,0,0,DOWN,425361872001,"H"
264507,66,48,0,0,DOWN,425465917501,"B"
264507,72,35,0,0,UP,425473551601,"H"
264507,85,22,0,0,DOWN,425561893901,"U"
264507,66,48,0,0,UP,425585908001,"B"
264507,82,19,0,0,DOWN,425665898501,"R"
264507,85,22,0,0,UP,425673914901,"U"
264507,71,34,0,0,DOWN,425761897701,"G"
264507,82,19,0,0,UP,425785891401,"R"
264507,69,18,0,0,DOWN,425865954101,"E"
264507,71,34,0,0,UP,425873770901,"G"
264507,78,49,0,0,DOWN,425961611501,"N"
264507,69,18,0,0,UP,425979632301,"E"
264507,78,49,0,0,UP,426017827101,"N"
264507,76,38,0,0,DOWN,426057741501,"L"
264507,76,38,0,0,UP,426121815501,"L"
264507,65,30,0,0,DOWN,426161931301,"A"
264507,65,30,0,0,UP,426201880401,"A"
264507,78,49,0,0,DOWN,426257840601,"N"
264507,78,49,0,0,UP,426321860801,"N"
264507,68,32,0,0,DOWN,426361864701,"D"
264507,70,33,0,0,DOWN,426457912501,"F"
264507,68,32,0,0,UP,426473622801,"D"
264507,70,33,0,0,UP,426537842401,"F"
264507,72,35,0,0,DOWN,426561922401,"H"
264507,66,48,0,0,DOWN,426657937101,"B"
264507,72,35,0,0,UP,426673684501,"H"
264507,85,22,0,0,DOWN,426761933201,"U"
264507,66,48,0,0,UP,426777860001,"B"
264507,82,19,0,0,DOWN,426857889801,"R"
264507,85,22,0,0,UP,426873741801,"U"
264507,71,34,0,0,DOWN,426961908801,"G"
264507,82,19,0,0,UP,426977909601,"R"
264507,71,34,0,0,UP,427057625701,"G"
264507,69,18,0,0,DOWN,427058309201,"E"
264507,69,18,0,0,UP,427161948101,"E"
264507,78,49,0,0,DOWN,427162940601,"N"
264507,78,49,0,0,UP,427225867201,"N"
264507,76,38,0,0,DOWN,427257679801,"L"
264507,76,38,0,0,UP,427321822901,"L"
264507,65,30,0,0,DOWN,427361874701,"A"
264507,65,30,0,0,UP,427402239401,"A"
264507,78,49,0,0,DOWN,427465852701,"N"
264507,78,49,0,0,UP,427521856301,"N"
264507,68,32,0,0,DOWN,427561900301,"D"
264507,70,33,0,0,DOWN,427665885701,"F"
264507,68,32,0,0,UP,427673972901,"D"
264507,70,33,0,0,UP,427729890301,"F"
264507,72,35,0,0,DOWN,427761937401,"H"
264507,66,48,0,0,DOWN,427865883101,"B"
264507,72,35,0,0,UP,427873943801,"H"
264507,85,22,0,0,DOWN,427961915201,"U"
264507,66,48,0,0,UP,427986062401,"B"
264507,82,19,0,0,DOWN,428057767001,"R"
264507,85,22,0,0,UP,428065851001,"U"
264507,71,34,0,0,DOWN,428161902001,"G"
264507,82,19,0,0,UP,428177958501,"R"
264507,69,18,0,0,DOWN,428265578501,"E"
264507,71,34,0,0,UP,428273548901,"G"
264507,69,18,0,0,UP,428362048201,"E"
264507,78,49,0,0,DOWN,428362497301,"N"
264507,78,49,0,0,UP,428425841401,"N"
264507,76,38,0,0,DOWN,428458064301,"L"
264507,76,38,0,0,UP,428521900601,"L"
264507,65,30,0,0,DOWN,428561874301,"A"
264507,65,30,0,0,UP,428601620301,"A"
264507,78,49,0,0,DOWN,428657902801,"N"
264507,78,49,0,0,UP,428721864301,"N"
264507,68,32,0,0,DOWN,428761658201,"D"
264507,70,33,0,0,DOWN,428858001701,"F"
264507,68,32,0,0,UP,428873880601,"D"
264507,70,33,0,0,UP,428937949301,"F"
264507,72,35,0,0,DOWN,428961875901,"H"
264507,66,48,0,0,DOWN,429057987701,"B"
264507,72,35,0,0,UP,429073854701,"H"
264507,85,22,0,0,DOWN,429161952901,"U"
264507,66,48,0,0,UP,429186348101,"B"
264507,82,19,0,0,DOWN,429257868301,"R"
264507,85,22,0,0,UP,429273937301,"U"
264507,71,34,0,0,DOWN,429361876401,"G"
264507,82,19,0,0,UP,429386058201,"R"
264507,69,18,0,0,DOWN,429465691101,"E"
264507,71,34,0,0,UP,429473935301,"G"
264507,78,49,0,0,DOWN,429561872701,"N"
264507,69,18,0,0,UP,429569710301,"E"
264507,78,49,0,0,UP,429625649401,"N"
264507,76,38,0,0,DOWN,429665942601,"L"
264507,76,38,0,0,UP,429713906501,"L"
264507,65,30,0,0,DOWN,429753951201,"A"
264507,65,30,0,0,UP,429801882601,"A"
264507,78,49,0,0,DOWN,429865965701,"N"
264507,78,49,0,0,UP,429921888601,"N"
264507,68,32,0,0,DOWN,429962062901,"D"
264507,70,33,0,0,DOWN,430057910801,"F"
264507,68,32,0,0,UP,430073694101,"D"
264507,70,33,0,0,UP,430137992601,"F"
264507,72,35,0,0,DOWN,430161908301,"H"
264507,66,48,0,0,DOWN,430257956501,"B"
264507,72,35,0,0,UP,430265957201,"H"
264507,85,22,0,0,DOWN,430361626501,"U"
264507,66,48,0,0,UP,430377970501,"B"
264507,82,19,0,0,DOWN,430458006001,"R"
264507,85,22,0,0,UP,430465951501,"U"
264507,71,34,0,0,DOWN,430561903201,"G"
264507,82,19,0,0,UP,430577609701,"R"
264507,69,18,0,0,DOWN,430657757201,"E"
264507,71,34,0,0,UP,430665885101,"G"
264507,69,18,0,0,UP,430762014001,"E"
264507,78,49,0,0,DOWN,430762523001,"N"
264507,78,49,0,0,UP,430833901201,"N"
264507,76,38,0,0,DOWN,430857940201,"L"
264507,76,38,0,0,UP,430921952401,"L"
264507,65,30,0,0,DOWN,430961935201,"A"
264507,65,30,0,0,UP,431001908601,"A"
264507,78,49,0,0,DOWN,431057955301,"N"
264507,78,49,0,0,UP,431129985301,"N"
264507,68,32,0,0,DOWN,431161959901,"D"
264507,70,33,0,0,DOWN,431257953801,"F"
264507,68,32,0,0,UP,431273959301,"D"
264507,70,33,0,0,UP,431337880801,"F"
264507,72,35,0,0,DOWN,431361965601,"H"
264507,66,48,0,0,DOWN,431465753501,"B"
264507,72,35,0,0,UP,431473923501,"H"
264507,85,22,0,0,DOWN,431561856401,"U"
264507,66,48,0,0,UP,431585842701,"B"
264507,82,19,0,0,DOWN,431665927501,"R"
264507,85,22,0,0,UP,431673942101,"U"
264507,71,34,0,0,DOWN,431761926001,"G"
264507,82,19,0,0,UP,431777971001,"R"
264507,69,18,0,0,DOWN,431866010901,"E"
264507,71,34,0,0,UP,431881944901,"G"
264507,69,18,0,0,UP,431961907201,"E"
264507,78,49,0,0,DOWN,431962675401,"N"
264507,78,49,0,0,UP,432025927201,"N"
264507,76,38,0,0,DOWN,432057889301,"L"
264507,76,38,0,0,UP,432121982801,"L"
264507,65,30,0,0,DOWN,432161905601,"A"
264507,65,30,0,0,UP,432209862001,"A"
264507,78,49,0,0,DOWN,432257918901,"N"
264507,78,49,0,0,UP,432329910801,"N"
264507,68,32,0,0,DOWN,432361899001,"D"
264507,70,33,0,0,DOWN,432457770001,"F"
264507,68,32,0,0,UP,432473810601,"D"
264507,70,33,0,0,UP,432537998101,"F"
264507,72,35,0,0,DOWN,432561991301,"H"
264507,66,48,0,0,DOWN,432657958501,"B"
264507,72,35,0,0,UP,432674123301,"H"
264507,85,22,0,0,DOWN,432761974901,"U"
264507,66,48,0,0,UP,432777711201,"B"
264507,82,19,0,0,DOWN,432857908601,"R"
264507,85,22,0,0,UP,432873731801,"U"
264507,71,34,0,0,DOWN,432962044001,"G"
264507,82,19,0,0,UP,432977921501,"R"
264507,69,18,0,0,DOWN,433057926101,"E"
264507,71,34,0,0,UP,433073953501,"G"
264507,78,49,0,0,DOWN,433161752401,"N"
264507,69,18,0,0,UP,433169858501,"E"
264507,78,49,0,0,UP,433225899701,"N"
264507,76,38,0,0,DOWN,433258009901,"L"
264507,76,38,0,0,UP,433313900501,"L"
264507,65,30,0,0,DOWN,433361699201,"A"
264507,65,30,0,0,UP,433409903301,"A"
264507,78,49,0,0,DOWN,433465979901,"N"
264507,78,49,0,0,UP,433529978701,"N"
264507,68,32,0,0,DOWN,433561896901,"D"
264507,70,33,0,0,DOWN,433665901501,"F"
264507,68,32,0,0,UP,433673973001,"D"
264507,70,33,0,0,UP,433737807201,"F"
264507,72,35,0,0,DOWN,433761868501,"H"
264507,66,48,0,0,DOWN,433865981501,"B"
264507,72,35,0,0,UP,433873739801,"H"
264507,85,22,0,0,DOWN,433961955001,"U"
264507,66,48,0,0,UP,433985955201,"B"
264507,82,19,0,0,DOWN,434065978601,"R"
264507,85,22,0,0,UP,434073893101,"U"
264507,71,34,0,0,DOWN,434161863601,"G"
264507,82,19,0,0,UP,434177968101,"R"
264507,69,18,0,0,DOWN,434266007201,"E"
264507,71,34,0,0,UP,434273970201,"G"
264507,69,18,0,0,UP,434353764101,"E"
264507,78,49,0,0,DOWN,434361926001,"N"
264507,78,49,0,0,UP,434425900801,"N"
264507,76,38,0,0,DOWN,434458034901,"L"
264507,76,38,0,0,UP,434521940101,"L"
264507,65,30,0,0,DOWN,434561918501,"A"
264507,65,30,0,0,UP,434602354601,"A"
264507,78,49,0,0,DOWN,434657957301,"N"
264507,78,49,0,0,UP,434729795401,"N"
264507,68,32,0,0,DOWN,434762132101,"D"
264507,70,33,0,0,DOWN,434858045201,"F"
264507,68,32,0,0,UP,434873953401,"D"
264507,70,33,0,0,UP,434937995701,"F"
264507,72,35,0,0,DOWN,434962031301,"H"
264507,66,48,0,0,DOWN,435057955201,"B"
264507,72,35,0,0,UP,435065604801,"H"
264507,85,22,0,0,DOWN,435162077101,"U"
264507,66,48,0,0,UP,435185971501,"B"
264507,82,19,0,0,DOWN,435257970501,"R"
264507,85,22,0,0,UP,435273888701,"U"
264507,71,34,0,0,DOWN,435362155301,"G"
264507,82,19,0,0,UP,435377938301,"R"
264507,71,34,0,0,UP,435466003101,"G"
264507,69,18,0,0,DOWN,435466731001,"E"
264507,69,18,0,0,UP,435561975201,"E"
264507,78,49,0,0,DOWN,435562567401,"N"
264507,78,49,0,0,UP,435625938401,"N"
264507,76,38,0,0,DOWN,435665961401,"L"
264507,76,38,0,0,UP,435721947601,"L"
264507,65,30,0,0,DOWN,435754035401,"A"
264507,65,30,0,0,UP,435809963701,"A"
264507,78,49,0,0,DOWN,435866006301,"N"
264507,78,49,0,0,UP,435929906301,"N"
264507,68,32,0,0,DOWN,435962171001,"D"
264507,70,33,0,0,DOWN,436066051301,"F"
264507,68,32,0,0,UP,436073973301,"D"
264507,70,33,0,0,UP,436138003501,"F"
264507,72,35,0,0,DOWN,436161981101,"H"
264507,66,48,0,0,DOWN,436258015401,"B"
264507,72,35,0,0,UP,436265846201,"H"
264507,85,22,0,0,DOWN,436361988901,"U"
264507,66,48,0,0,UP,436377965101,"B"
264507,82,19,0,0,DOWN,436458035901,"R"
264507,85,22,0,0,UP,436465963501,"U"
264507,71,34,0,0,DOWN,436561953201,"G"
264507,82,19,0,0,UP,436577980701,"R"
264507,69,18,0,0,DOWN,436658019101,"E"
264507,71,34,0,0,UP,436673560401,"G"
264507,69,18,0,0,UP,436761987601,"E"
264507,78,49,0,0,DOWN,436762770001,"N"
264507,78,49,0,0,UP,436826052901,"N"
264507,76,38,0,0,DOWN,436858072301,"L"
264507,76,38,0,0,UP,436913981701,"L"
264507,65,30,0,0,DOWN,436962029101,"A"
264507,65,30,0,0,UP,437001881201,"A"
264507,78,49,0,0,DOWN,437058314501,"N"
264507,78,49,0,0,UP,437129949101,"N"
264507,68,32,0,0,DOWN,437162007901,"D"
264507,70,33,0,0,DOWN,437258148801,"F"
264507,68,32,0,0,UP,437273996401,"D"
264507,70,33,0,0,UP,437338242801,"F"
264507,72,35,0,0,DOWN,437362013701,"H"
264507,66,48,0,0,DOWN,437465970601,"B"
264507,72,35,0,0,UP,437473966301,"H"
264507,85,22,0,0,DOWN,437562165801,"U"
264507,66,48,0,0,UP,437585760201,"B"
264507,82,19,0,0,DOWN,437665783501,"R"
264507,85,22,0,0,UP,437673901401,"U"
264507,71,34,0,0,DOWN,437761990201,"G"
264507,82,19,0,0,UP,437778196601,"R"
264507,69,18,0,0,DOWN,437865971901,"E"
264507,71,34,0,0,UP,437874069901,"G"
264507,69,18,0,0,UP,437962055901,"E"
264507,78,49,0,0,DOWN,437962870101,"N"
264507,78,49,0,0,UP,438025925801,"N"
264507,76,38,0,0,DOWN,438057712901,"L"
264507,76,38,0,0,UP,438121957101,"L"
264507,65,30,0,0,DOWN,438161939001,"A"
264507,65,30,0,0,UP,438209993101,"A"
264507,78,49,0,0,DOWN,438257975101,"N"
264507,78,49,0,0,UP,438329997401,"N"
264507,68,32,0,0,DOWN,438361959501,"D"
264507,70,33,0,0,DOWN,438458172101,"F"
264507,68,32,0,0,UP,438474010101,"D"
264507,70,33,0,0,UP,438537969001,"F"
264507,72,35,0,0,DOWN,438561975501,"H"
264507,66,48,0,0,DOWN,438657992201,"B"
264507,72,35,0,0,UP,438673938301,"H"
264507,85,22,0,0,DOWN,438761791201,"U"
264507,66,48,0,0,UP,438778106101,"B"
264507,82,19,0,0,DOWN,438858031301,"R"
264507,85,22,0,0,UP,438874015401,"U"
264507,71,34,0,0,DOWN,438962031601,"G"
264507,82,19,0,0,UP,438978009901,"R"
264507,69,18,0,0,DOWN,439058105801,"E"
264507,71,34,0,0,UP,439065930201,"G"
264507,78,49,0,0,DOWN,439161878601,"N"
264507,69,18,0,0,UP,439169963101,"E"
264507,78,49,0,0,UP,439225990301,"N"
264507,76,38,0,0,DOWN,439258121801,"L"
264507,76,38,0,0,UP,439313992701,"L"
264507,65,30,0,0,DOWN,439361994801,"A"
264507,65,30,0,0,UP,439409955001,"A"
264507,78,49,0,0,DOWN,439465799801,"N"
264507,78,49,0,0,UP,439530014201,"N"
264507,68,32,0,0,DOWN,439562036101,"D"
264507,70,33,0,0,DOWN,439665712901,"F"
264507,68,32,0,0,UP,439682031401,"D"
264507,70,33,0,0,UP,439737997901,"F"
264507,72,35,0,0,DOWN,439761992501,"H"
264507,66,48,0,0,DOWN,439865882701,"B"
264507,72,35,0,0,UP,439882033601,"H"
264507,85,22,0,0,DOWN,439962066601,"U"
264507,66,48,0,0,UP,439986102501,"B"
264507,82,19,0,0,DOWN,440058170901,"R"
264507,85,22,0,0,UP,440065677401,"U"
264507,71,34,0,0,DOWN,440162020801,"G"
264507,82,19,0,0,UP,440186149501,"R"
264507,69,18,0,0,DOWN,440266121401,"E"
264507,71,34,0,0,UP,440273754201,"G"
264507,78,49,0,0,DOWN,440362213901,"N"
264507,69,18,0,0,UP,440369974801,"E"
264507,78,49,0,0,UP,440425950801,"N"
264507,76,38,0,0,DOWN,440458055801,"L"
264507,76,38,0,0,UP,440522074101,"L"
264507,65,30,0,0,DOWN,440562045701,"A"
264507,65,30,0,0,UP,440601898801,"A"
264507,78,49,0,0,DOWN,440658017901,"N"
264507,78,49,0,0,UP,440721962101,"N"
264507,68,32,0,0,DOWN,440762041901,"D"
264507,70,33,0,0,DOWN,440858127601,"F"
264507,68,32,0,0,UP,440874019301,"D"
264507,70,33,0,0,UP,440938019501,"F"
264507,72,35,0,0,DOWN,440962084401,"H"
264507,66,48,0,0,DOWN,441058001401,"B"
264507,72,35,0,0,UP,441074020401,"H"
264507,85,22,0,0,DOWN,441162007101,"U"
264507,66,48,0,0,UP,441186210401,"B"
264507,82,19,0,0,DOWN,441265702401,"R"
264507,85,22,0,0,UP,441273588301,"U"
264507,71,34,0,0,DOWN,441361985601,"G"
264507,82,19,0,0,UP,441385828201,"R"
264507,69,18,0,0,DOWN,441466055001,"E"
264507,71,34,0,0,UP,441473989701,"G"
264507,69,18,0,0,UP,441562027501,"E"
264507,78,49,0,0,DOWN,441562933801,"N"
264507,78,49,0,0,UP,441626072701,"N"
264507,76,38,0,0,DOWN,441657760001,"L"
264507,76,38,0,0,UP,441713803601,"L"
264507,65,30,0,0,DOWN,441762052301,"A"
264507,65,30,0,0,UP,441810008901,"A"
264507,78,49,0,0,DOWN,441866063001,"N"
264507,78,49,0,0,UP,441922014501,"N"
264507,68,32,0,0,DOWN,441962011101,"D"
264507,70,33,0,0,DOWN,442057981901,"F"
264507,68,32,0,0,UP,442073964701,"D"
264507,70,33,0,0,UP,442137992601,"F"
264507,72,35,0,0,DOWN,442162041501,"H"
264507,66,48,0,0,DOWN,442257989401,"B"
264507,72,35,0,0,UP,442265898301,"H"
264507,85,22,0,0,DOWN,442362013401,"U"
264507,66,48,0,0,UP,442385978901,"B"
264507,82,19,0,0,DOWN,442458060501,"R"
264507,85,22,0,0,UP,442474044701,"U"
264507,71,34,0,0,DOWN,442562047001,"G"
264507,82,19,0,0,UP,442578026501,"R"
264507,69,18,0,0,DOWN,442658074101,"E"
264507,71,34,0,0,UP,442665997501,"G"
264507,78,49,0,0,DOWN,442762121001,"N"
264507,69,18,0,0,UP,442769873801,"E"
264507,78,49,0,0,UP,442825897001,"N"
264507,76,38,0,0,DOWN,442858062201,"L"
264507,76,38,0,0,UP,442914004201,"L"
264507,65,30,0,0,DOWN,442962044901,"A"
264507,65,30,0,0,UP,443010067601,"A"
264507,78,49,0,0,DOWN,443057784701,"N"
264507,78,49,0,0,UP,443129799201,"N"
264507,68,32,0,0,DOWN,443162101401,"D"
264507,70,33,0,0,DOWN,443265770001,"F"
264507,68,32,0,0,UP,443273676401,"D"
264507,70,33,0,0,UP,443337837101,"F"
264507,72,35,0,0,DOWN,443361748501,"H"
264507,66,48,0,0,DOWN,443466165801,"B"
264507,72,35,0,0,UP,443473835401,"H"
264507,85,22,0,0,DOWN,443561807101,"U"
264507,66,48,0,0,UP,443585979501,"B"
264507,82,19,0,0,DOWN,443665926101,"R"
264507,85,22,0,0,UP,443673754801,"U"
264507,71,34,0,0,DOWN,443762071601,"G"
264507,82,19,0,0,UP,443778020901,"R"
264507,69,18,0,0,DOWN,443866167801,"E"
264507,71,34,0,0,UP,443874034901,"G"
264507,78,49,0,0,DOWN,443962132701,"N"
264507,69,18,0,0,UP,443969776601,"E"
264507,78,49,0,0,UP,444025908401,"N"
264507,76,38,0,0,DOWN,444058249601,"L"
264507,76,38,0,0,UP,444122016301,"L"
264507,65,30,0,0,DOWN,444162192201,"A"
264507,65,30,0,0,UP,444202194901,"A"
264507,78,49,0,0,DOWN,444258232001,"N"
264507,78,49,0,0,UP,444322068501,"N"
264507,68,32,0,0,DOWN,444362017701,"D"
264507,70,33,0,0,DOWN,444458069601,"F"
264507,68,32,0,0,UP,444474177901,"D"
264507,70,33,0,0,UP,444538037701,"F"
264507,72,35,0,0,DOWN,444562212801,"H"
264507,66,48,0,0,DOWN,444658075301,"B"
264507,72,35,0,0,UP,444673988001,"H"
264507,85,22,0,0,DOWN,444762228701,"U"
264507,66,48,0,0,UP,444786122901,"B"
264507,82,19,0,0,DOWN,444858019001,"R"
264507,85,22,0,0,UP,444873994601,"U"
264507,71,34,0,0,DOWN,444962052701,"G"
264507,82,19,0,0,UP,444978000301,"R"
264507,69,18,0,0,DOWN,445057757201,"E"
264507,71,34,0,0,UP,445065989601,"G"
264507,78,49,0,0,DOWN,445162045001,"N"
264507,69,18,0,0,UP,445169883401,"E"
264507,78,49,0,0,UP,445217989001,"N"
264507,76,38,0,0,DOWN,445266101101,"L"
264507,76,38,0,0,UP,445313978001,"L"
264507,65,30,0,0,DOWN,445362076201,"A"
264507,65,30,0,0,UP,445410072801,"A"
264507,78,49,0,0,DOWN,445466086001,"N"
264507,78,49,0,0,UP,445521842401,"N"
264507,68,32,0,0,DOWN,445562065301,"D"
264507,70,33,0,0,DOWN,445666019301,"F"
264507,68,32,0,0,UP,445674146201,"D"
264507,70,33,0,0,UP,445738038901,"F"
264507,72,35,0,0,DOWN,445762062401,"H"
264507,66,48,0,0,DOWN,445866077401,"B"
264507,72,35,0,0,UP,445874055101,"H"
264507,85,22,0,0,DOWN,445962095201,"U"
264507,66,48,0,0,UP,445986056501,"B"
264507,82,19,0,0,DOWN,446057875201,"R"
264507,85,22,0,0,UP,446066068401,"U"
264507,71,34,0,0,DOWN,446162067001,"G"
264507,82,19,0,0,UP,446177951201,"R"
264507,71,34,0,0,UP,446266080901,"G"
264507,69,18,0,0,DOWN,446267015301,"E"
264507,69,18,0,0,UP,446362017301,"E"
264507,78,49,0,0,DOWN,446362838001,"N"
264507,78,49,0,0,UP,446425752201,"N"
264507,76,38,0,0,DOWN,446458010601,"L"
264507,76,38,0,0,UP,446522014401,"L"
264507,65,30,0,0,DOWN,446562095601,"A"
264507,65,30,0,0,UP,446602193401,"A"
264507,78,49,0,0,DOWN,446658132801,"N"
264507,78,49,0,0,UP,446722165001,"N"
264507,68,32,0,0,DOWN,446762133401,"D"
264507,70,33,0,0,DOWN,446858121201,"F"
264507,68,32,0,0,UP,446874079101,"D"
264507,70,33,0,0,UP,446937926301,"F"
264507,72,35,0,0,DOWN,446962021801,"H"
264507,66,48,0,0,DOWN,447057941801,"B"
264507,72,35,0,0,UP,447066047001,"H"
264507,85,22,0,0,DOWN,447162197701,"U"
264507,66,48,0,0,UP,447178100801,"B"
264507,82,19,0,0,DOWN,447258042401,"R"
264507,85,22,0,0,UP,447274232401,"U"
264507,71,34,0,0,DOWN,447362146201,"G"
264507,82,19,0,0,UP,447385806301,"R"
264507,69,18,0,0,DOWN,447466104501,"E"
264507,71,34,0,0,UP,447473885001,"G"
264507,78,49,0,0,DOWN,447562098401,"N"
264507,69,18,0,0,UP,447570069101,"E"
264507,78,49,0,0,UP,447626225301,"N"
264507,76,38,0,0,DOWN,447666102001,"L"
264507,76,38,0,0,UP,447721911901,"L"
264507,65,30,0,0,DOWN,447762090101,"A"
264507,65,30,0,0,UP,447802047701,"A"
264507,78,49,0,0,DOWN,447866138901,"N"
264507,78,49,0,0,UP,447921818201,"N"
264507,68,32,0,0,DOWN,447961911601,"D"
264507,70,33,0,0,DOWN,448066085001,"F"
264507,68,32,0,0,UP,448074128101,"D"
264507,70,33,0,0,UP,448138167001,"F"
264507,72,35,0,0,DOWN,448162078301,"H"
264507,66,48,0,0,DOWN,448258063901,"B"
264507,72,35,0,0,UP,448266032701,"H"
264507,85,22,0,0,DOWN,448362049901,"U"
264507,66,48,0,0,UP,448386099501,"B"
264507,82,19,0,0,DOWN,448458104001,"R"
264507,85,22,0,0,UP,448466066701,"U"
264507,71,34,0,0,DOWN,448562099001,"G"
264507,82,19,0,0,UP,448578070001,"R"
264507,71,34,0,0,UP,448658148701,"G"
264507,69,18,0,0,DOWN,448666200001,"E"
264507,69,18,0,0,UP,448762099101,"E"
264507,78,49,0,0,DOWN,448762962801,"N"
264507,78,49,0,0,UP,448826129501,"N"
264507,76,38,0,0,DOWN,448857841301,"L"
264507,76,38,0,0,UP,448922122701,"L"
264507,65,30,0,0,DOWN,448962063601,"A"
264507,65,30,0,0,UP,449002120401,"A"
264507,78,49,0,0,DOWN,449058041801,"N"
264507,78,49,0,0,UP,449122154701,"N"
264507,68,32,0,0,DOWN,449162149301,"D"
264507,70,33,0,0,DOWN,449258197301,"F"
264507,68,32,0,0,UP,449274112601,"D"
264507,70,33,0,0,UP,449338128501,"F"
264507,72,35,0,0,DOWN,449362431601,"H"
264507,66,48,0,0,DOWN,449466094601,"B"
264507,72,35,0,0,UP,449473952001,"H"
264507,85,22,0,0,DOWN,449562247601,"U"
264507,66,48,0,0,UP,449586017401,"B"
264507,82,19,0,0,DOWN,449666088401,"R"
264507,85,22,0,0,UP,449674038301,"U"
264507,71,34,0,0,DOWN,449762093201,"G"
264507,82,19,0,0,UP,449777910201,"R"
264507,69,18,0,0,DOWN,449865781401,"E"
264507,71,34,0,0,UP,449874135001,"G"
264507,69,18,0,0,UP,449962235801,"E"
264507,78,49,0,0,DOWN,449962973401,"N"
264507,78,49,0,0,UP,450026087801,"N"
264507,76,38,0,0,DOWN,450057776901,"L"
264507,76,38,0,0,UP,450122035701,"L"
264507,65,30,0,0,DOWN,450162249401,"A"
264507,65,30,0,0,UP,450202078301,"A"
264507,78,49,0,0,DOWN,450258066901,"N"
264507,78,49,0,0,UP,450322099501,"N"
264507,68,32,0,0,DOWN,450362124501,"D"
264507,70,33,0,0,DOWN,450458097501,"F"
264507,68,32,0,0,UP,450473967801,"D"
264507,70,33,0,0,UP,450538043801,"F"
264507,72,35,0,0,DOWN,450562056301,"H"
264507,66,48,0,0,DOWN,450658030801,"B"
264507,72,35,0,0,UP,450673874601,"H"
264507,85,22,0,0,DOWN,450762158601,"U"
264507,66,48,0,0,UP,450778060401,"B"
264507,82,19,0,0,DOWN,450858082301,"R"
264507,85,22,0,0,UP,450874157001,"U"
264507,71,34,0,0,DOWN,450962267101,"G"
264507,82,19,0,0,UP,450978110601,"R"
264507,69,18,0,0,DOWN,451057852801,"E"
264507,71,34,0,0,UP,451065849901,"G"
264507,69,18,0,0,UP,451162086401,"E"
264507,78,49,0,0,DOWN,451162803901,"N"
264507,78,49,0,0,UP,451226108601,"N"
264507,76,38,0,0,DOWN,451258129401,"L"
264507,76,38,0,0,UP,451314077701,"L"
264507,65,30,0,0,DOWN,451362247501,"A"
264507,65,30,0,0,UP,451410074401,"A"
264507,78,49,0,0,DOWN,451458131401,"N"
264507,78,49,0,0,UP,451522126601,"N"
264507,68,32,0,0,DOWN,451561846801,"D"
264507,70,33,0,0,DOWN,451665822601,"F"
264507,68,32,0,0,UP,451673950801,"D"
264507,70,33,0,0,UP,451737834201,"F"
264507,72,35,0,0,DOWN,451761830501,"H"
264507,66,48,0,0,DOWN,451865852701,"B"
264507,72,35,0,0,UP,451874027501,"H"
264507,85,22,0,0,DOWN,451961849201,"U"
264507,66,48,0,0,UP,451986089801,"B"
264507,82,19,0,0,DOWN,452066158601,"R"
264507,85,22,0,0,UP,452074239501,"U"
264507,71,34,0,0,DOWN,452162120001,"G"
264507,82,19,0,0,UP,452178119801,"R"
264507,69,18,0,0,DOWN,452266129401,"E"
264507,71,34,0,0,UP,452273682701,"G"
264507,78,49,0,0,DOWN,452362099201,"N"
264507,69,18,0,0,UP,452369784501,"E"
264507,78,49,0,0,UP,452426068301,"N"
264507,76,38,0,0,DOWN,452458129501,"L"
264507,76,38,0,0,UP,452522087501,"L"
264507,65,30,0,0,DOWN,452562176901,"A"
264507,65,30,0,0,UP,452602406901,"A"
264507,78,49,0,0,DOWN,452658266101,"N"
264507,78,49,0,0,UP,452722132901,"N"
264507,68,32,0,0,DOWN,452762112101,"D"
264507,70,33,0,0,DOWN,452858263201,"F"
264507,68,32,0,0,UP,452874118301,"D"
264507,70,33,0,0,UP,452938169601,"F"
264507,72,35,0,0,DOWN,452962144701,"H"
264507,66,48,0,0,DOWN,453058136801,"B"
264507,72,35,0,0,UP,453066112101,"H"
264507,85,22,0,0,DOWN,453162099301,"U"
264507,66,48,0,0,UP,453178069501,"B"
264507,82,19,0,0,DOWN,453258006401,"R"
264507,85,22,0,0,UP,453274107201,"U"
264507,71,34,0,0,DOWN,453362110401,"G"
264507,82,19,0,0,UP,453378239401,"R"
264507,69,18,0,0,DOWN,453458111901,"E"
264507,71,34,0,0,UP,453474237601,"G"
264507,78,49,0,0,DOWN,453562148601,"N"
264507,69,18,0,0,UP,453570224801,"E"
264507,78,49,0,0,UP,453626245601,"N"
264507,76,38,0,0,DOWN,453666195001,"L"
264507,76,38,0,0,UP,453713845701,"L"
264507,65,30,0,0,DOWN,453762086201,"A"
264507,65,30,0,0,UP,453802077301,"A"
264507,78,49,0,0,DOWN,453866113401,"N"
264507,78,49,0,0,UP,453922137901,"N"
264507,68,32,0,0,DOWN,453961961501,"D"
264507,70,33,0,0,DOWN,454066182301,"F"
264507,68,32,0,0,UP,454074109601,"D"
264507,70,33,0,0,UP,454138114801,"F"
264507,72,35,0,0,DOWN,454162110501,"H"
264507,72,35,0,0,UP,454266127801,"H"
264507,66,48,0,0,DOWN,454266951901,"B"
264507,85,22,0,0,DOWN,454362257401,"U"
264507,66,48,0,0,UP,454378197401,"B"
264507,82,19,0,0,DOWN,454458163901,"R"
264507,85,22,0,0,UP,454466108101,"U"
264507,71,34,0,0,DOWN,454562115301,"G"
264507,82,19,0,0,UP,454577874401,"R"
264507,69,18,0,0,DOWN,454665976301,"E"
264507,71,34,0,0,UP,454674088601,"G"
264507,69,18,0,0,UP,454762237101,"E"
264507,78,49,0,0,DOWN,454763145201,"N"
264507,78,49,0,0,UP,454826300001,"N"
264507,76,38,0,0,DOWN,454858109701,"L"
264507,76,38,0,0,UP,454922054301,"L"
264507,65,30,0,0,DOWN,454962143801,"A"
264507,65,30,0,0,UP,455002205101,"A"
264507,78,49,0,0,DOWN,455058127801,"N"
264507,78,49,0,0,UP,455122142101,"N"
264507,68,32,0,0,DOWN,455162098601,"D"
264507,70,33,0,0,DOWN,455258054801,"F"
264507,68,32,0,0,UP,455274229901,"D"
264507,70,33,0,0,UP,455338116701,"F"
264507,72,35,0,0,DOWN,455362159201,"H"
264507,66,48,0,0,DOWN,455458100601,"B"
264507,72,35,0,0,UP,455466054101,"H"
264507,85,22,0,0,DOWN,455561919601,"U"
264507,66,48,0,0,UP,455578062501,"B"
264507,82,19,0,0,DOWN,455666240501,"R"
264507,85,22,0,0,UP,455674145201,"U"
264507,71,34,0,0,DOWN,455762135401,"G"
264507,82,19,0,0,UP,455786139901,"R"
264507,69,18,0,0,DOWN,455865977001,"E"
264507,71,34,0,0,UP,455874100601,"G"
264507,78,49,0,0,DOWN,455962172201,"N"
264507,69,18,0,0,UP,455970146101,"E"
264507,78,49,0,0,UP,456026039501,"N"
264507,76,38,0,0,DOWN,456066058001,"L"
264507,76,38,0,0,UP,456122169501,"L"
264507,65,30,0,0,DOWN,456161888701,"A"
264507,65,30,0,0,UP,456202089901,"A"
264507,78,49,0,0,DOWN,456266108001,"N"
264507,78,49,0,0,UP,456322112701,"N"
264507,68,32,0,0,DOWN,456362017201,"D"
264507,70,33,0,0,DOWN,456458128801,"F"
264507,68,32,0,0,UP,456474088801,"D"
264507,70,33,0,0,UP,456538001001,"F"
264507,72,35,0,0,DOWN,456562287801,"H"
264507,66,48,0,0,DOWN,456658210701,"B"
264507,72,35,0,0,UP,456666131001,"H"
264507,85,22,0,0,DOWN,456762171401,"U"
264507,66,48,0,0,UP,456777931801,"B"
264507,82,19,0,0,DOWN,456858154001,"R"
264507,85,22,0,0,UP,456874146001,"U"
264507,71,34,0,0,DOWN,456962272701,"G"
264507,82,19,0,0,UP,456977889701,"R"
264507,69,18,0,0,DOWN,457058378801,"E"
264507,71,34,0,0,UP,457074105101,"G"
264507,78,49,0,0,DOWN,457162201301,"N"
264507,69,18,0,0,UP,457170132501,"E"
264507,78,49,0,0,UP,457218172701,"N"
264507,76,38,0,0,DOWN,457258352101,"L"
264507,76,38,0,0,UP,457314143501,"L"
264507,65,30,0,0,DOWN,457361832701,"A"
264507,65,30,0,0,UP,457410157301,"A"
264507,78,49,0,0,DOWN,457458121801,"N"
264507,78,49,0,0,UP,457514073201,"N"
264507,68,32,0,0,DOWN,457562034401,"D"
264507,70,33,0,0,DOWN,457666199201,"F"
264507,68,32,0,0,UP,457674086001,"D"
264507,70,33,0,0,UP,457738230101,"F"
264507,72,35,0,0,DOWN,457762092501,"H"
264507,66,48,0,0,DOWN,457866099401,"B"
264507,72,35,0,0,UP,457873753801,"H"
264507,85,22,0,0,DOWN,457961976201,"U"
264507,66,48,0,0,UP,457986299701,"B"
264507,82,19,0,0,DOWN,458066200601,"R"
264507,85,22,0,0,UP,458074104501,"U"
264507,71,34,0,0,DOWN,458161882501,"G"
264507,82,19,0,0,UP,458178128501,"R"
264507,69,18,0,0,DOWN,458265829101,"E"
264507,71,34,0,0,UP,458273955401,"G"
264507,69,18,0,0,UP,458362029201,"E"
264507,78,49,0,0,DOWN,458363003201,"N"
264507,78,49,0,0,UP,458426115601,"N"
264507,76,38,0,0,DOWN,458457923001,"L"
264507,76,38,0,0,UP,458522131301,"L"
264507,65,30,0,0,DOWN,458562152401,"A"
264507,65,30,0,0,UP,458601868801,"A"
264507,78,49,0,0,DOWN,458658242201,"N"
264507,78,49,0,0,UP,458722110601,"N"
264507,68,32,0,0,DOWN,458762134601,"D"
264507,70,33,0,0,DOWN,458858091501,"F"
264507,68,32,0,0,UP,458874193001,"D"
264507,70,33,0,0,UP,458937992001,"F"
264507,72,35,0,0,DOWN,458962217001,"H"
264507,66,48,0,0,DOWN,459058250601,"B"
264507,72,35,0,0,UP,459066193701,"H"
264507,85,22,0,0,DOWN,459162205901,"U"
264507,66,48,0,0,UP,459178246601,"B"
264507,82,19,0,0,DOWN,459258297801,"R"
264507,85,22,0,0,UP,459274231901,"U"
264507,71,34,0,0,DOWN,459362195001,"G"
264507,82,19,0,0,UP,459377864501,"R"
264507,69,18,0,0,DOWN,459457960301,"E"
264507,71,34,0,0,UP,459474146401,"G"
264507,78,49,0,0,DOWN,459562279001,"N"
264507,69,18,0,0,UP,459570191601,"E"
264507,78,49,0,0,UP,459618102501,"N"
264507,76,38,0,0,DOWN,459658197201,"L"
264507,76,38,0,0,UP,459722159201,"L"
264507,65,30,0,0,DOWN,459762381801,"A"
264507,65,30,0,0,UP,459802533501,"A"
264507,78,49,0,0,DOWN,459866263601,"N"
264507,78,49,0,0,UP,459922122901,"N"
264507,68,32,0,0,DOWN,459962174801,"D"
264507,70,33,0,0,DOWN,460066116101,"F"
264507,68,32,0,0,UP,460073951601,"D"
264507,70,33,0,0,UP,460138105901,"F"
264507,72,35,0,0,DOWN,460162297601,"H"
264507,72,35,0,0,UP,460266126801,"H"
264507,66,48,0,0,DOWN,460266916001,"B"
264507,85,22,0,0,DOWN,460362184501,"U"
264507,66,48,0,0,UP,460377941401,"B"
264507,82,19,0,0,DOWN,460466214901,"R"
264507,85,22,0,0,UP,460473915601,"U"
264507,71,34,0,0,DOWN,460562566101,"G"
264507,82,19,0,0,UP,460577956501,"R"
264507,69,18,0,0,DOWN,460666287701,"E"
264507,71,34,0,0,UP,460673804801,"G"
264507,78,49,0,0,DOWN,460762224301,"N"
264507,69,18,0,0,UP,460770171201,"E"
264507,78,49,0,0,UP,460818170301,"N"
264507,76,38,0,0,DOWN,460858186601,"L"
264507,76,38,0,0,UP,460922149901,"L"
264507,65,30,0,0,DOWN,460962181501,"A"
264507,65,30,0,0,UP,461002251601,"A"
264507,78,49,0,0,DOWN,461058127701,"N"
264507,78,49,0,0,UP,461114100501,"N"
264507,68,32,0,0,DOWN,461162091801,"D"
264507,70,33,0,0,DOWN,461258202001,"F"
264507,68,32,0,0,UP,461274176701,"D"
264507,70,33,0,0,UP,461338375001,"F"
264507,72,35,0,0,DOWN,461362241301,"H"
264507,66,48,0,0,DOWN,461458192001,"B"
264507,72,35,0,0,UP,461466220901,"H"
264507,85,22,0,0,DOWN,461562124501,"U"
264507,66,48,0,0,UP,461578158301,"B"
264507,82,19,0,0,DOWN,461658131001,"R"
264507,85,22,0,0,UP,461674162901,"U"
264507,71,34,0,0,DOWN,461762193801,"G"
264507,82,19,0,0,UP,461786148001,"R"
264507,69,18,0,0,DOWN,461866189401,"E"
264507,71,34,0,0,UP,461874163801,"G"
264507,69,18,0,0,UP,461962229601,"E"
264507,78,49,0,0,DOWN,461962967101,"N"
264507,78,49,0,0,UP,462026198401,"N"
264507,76,38,0,0,DOWN,462066018301,"L"
264507,76,38,0,0,UP,462122131401,"L"
264507,65,30,0,0,DOWN,462162283001,"A"
264507,65,30,0,0,UP,462202142201,"A"
264507,78,49,0,0,DOWN,462266167501,"N"
264507,78,49,0,0,UP,462322227601,"N"
264507,68,32,0,0,DOWN,462362230301,"D"
264507,70,33,0,0,DOWN,462466130701,"F"
264507,68,32,0,0,UP,462474187801,"D"
264507,70,33,0,0,UP,462538158401,"F"
264507,72,35,0,0,DOWN,462562198701,"H"
264507,66,48,0,0,DOWN,462658226301,"B"
264507,72,35,0,0,UP,462666423801,"H"
264507,85,22,0,0,DOWN,462762211201,"U"
264507,66,48,0,0,UP,462786189801,"B"
264507,82,19,0,0,DOWN,462858209901,"R"
264507,85,22,0,0,UP,462874254101,"U"
264507,71,34,0,0,DOWN,462962184401,"G"
264507,82,19,0,0,UP,462978181201,"R"
264507,69,18,0,0,DOWN,463058362401,"E"
264507,71,34,0,0,UP,463073958701,"G"
264507,78,49,0,0,DOWN,463162336601,"N"
264507,69,18,0,0,UP,463170183801,"E"
264507,78,49,0,0,UP,463218182401,"N"
264507,76,38,0,0,DOWN,463258274001,"L"
264507,76,38,0,0,UP,463322183101,"L"
264507,65,30,0,0,DOWN,463362303001,"A"
264507,65,30,0,0,UP,463410202301,"A"
264507,78,49,0,0,DOWN,463458212801,"N"
264507,78,49,0,0,UP,463522299301,"N"
264507,68,32,0,0,DOWN,463562221301,"D"
264507,70,33,0,0,DOWN,463666012501,"F"
264507,68,32,0,0,UP,463674190001,"D"
264507,70,33,0,0,UP,463738270901,"F"
264507,72,35,0,0,DOWN,463762086601,"H"
264507,66,48,0,0,DOWN,463866123601,"B"
264507,72,35,0,0,UP,463874339301,"H"
264507,85,22,0,0,DOWN,463962246301,"U"
264507,66,48,0,0,UP,463986259601,"B"
264507,82,19,0,0,DOWN,464066228001,"R"
264507,85,22,0,0,UP,464082320901,"U"
264507,71,34,0,0,DOWN,464162013201,"G"
264507,82,19,0,0,UP,464186158801,"R"
264507,69,18,0,0,DOWN,464266152501,"E"
264507,71,34,0,0,UP,464282388201,"G"
264507,69,18,0,0,UP,464362576101,"E"
264507,78,49,0,0,DOWN,464363285001,"N"
264507,78,49,0,0,UP,464418207501,"N"
264507,76,38,0,0,DOWN,464457903001,"L"
264507,76,38,0,0,UP,464522258901,"L"
264507,65,30,0,0,DOWN,464562259501,"A"
264507,65,30,0,0,UP,464602372001,"A"
264507,78,49,0,0,DOWN,464658178201,"N"
264507,78,49,0,0,UP,464722206001,"N"
264507,68,32,0,0,DOWN,464762241201,"D"
264507,70,33,0,0,DOWN,464858249101,"F"
264507,68,32,0,0,UP,464874184601,"D"
264507,70,33,0,0,UP,464938206801,"F"
264507,72,35,0,0,DOWN,464962253801,"H"
264507,66,48,0,0,DOWN,465058277701,"B"
264507,72,35,0,0,UP,465074319201,"H"
264507,85,22,0,0,DOWN,465162214601,"U"
264507,66,48,0,0,UP,465178356901,"B"
264507,82,19,0,0,DOWN,465258377401,"R"
264507,85,22,0,0,UP,465274247101,"U"
264507,71,34,0,0,DOWN,465362227301,"G"
264507,82,19,0,0,UP,465378216101,"R"
264507,69,18,0,0,DOWN,465458193401,"E"
264507,71,34,0,0,UP,465474170101,"G"
264507,69,18,0,0,UP,465562307301,"E"
264507,78,49,0,0,DOWN,465563319201,"N"
264507,78,49,0,0,UP,465618063601,"N"
264507,76,38,0,0,DOWN,465658358501,"L"
264507,76,38,0,0,UP,465722160801,"L"
264507,65,30,0,0,DOWN,465762229101,"A"
264507,65,30,0,0,UP,465802318601,"A"
264507,78,49,0,0,DOWN,465866251901,"N"
264507,78,49,0,0,UP,465922212101,"N"
264507,68,32,0,0,DOWN,465962242601,"D"
264507,70,33,0,0,DOWN,466066226301,"F"
264507,68,32,0,0,UP,466074173101,"D"
264507,70,33,0,0,UP,466130261901,"F"
264507,72,35,0,0,DOWN,466162354301,"H"
264507,66,48,0,0,DOWN,466266212101,"B"
264507,72,35,0,0,UP,466273823301,"H"
264507,85,22,0,0,DOWN,466362204301,"U"
264507,66,48,0,0,UP,466386129701,"B"
264507,82,19,0,0,DOWN,466466165001,"R"
264507,85,22,0,0,UP,466474233901,"U"
264507,71,34,0,0,DOWN,466562206801,"G"
264507,82,19,0,0,UP,466586279301,"R"
264507,69,18,0,0,DOWN,466666238001,"E"
264507,71,34,0,0,UP,466674031701,"G"
264507,78,49,0,0,DOWN,466762225501,"N"
264507,69,18,0,0,UP,466770152501,"E"
264507,78,49,0,0,UP,466818081901,"N"
264507,76,38,0,0,DOWN,466858217101,"L"
264507,76,38,0,0,UP,466922216101,"L"
264507,65,30,0,0,DOWN,466962286901,"A"
264507,65,30,0,0,UP,467002155101,"A"
264507,78,49,0,0,DOWN,467058137001,"N"
264507,78,49,0,0,UP,467122189701,"N"
264507,68,32,0,0,DOWN,467162252201,"D"
264507,70,33,0,0,DOWN,467258209401,"F"
264507,68,32,0,0,UP,467274161101,"D"
264507,70,33,0,0,UP,467338305601,"F"
264507,72,35,0,0,DOWN,467362257901,"H"
264507,66,48,0,0,DOWN,467458289101,"B"
264507,72,35,0,0,UP,467474217501,"H"
264507,85,22,0,0,DOWN,467562328501,"U"
264507,66,48,0,0,UP,467578272101,"B"
264507,82,19,0,0,DOWN,467658372001,"R"
264507,85,22,0,0,UP,467674227501,"U"
264507,71,34,0,0,DOWN,467762242601,"G"
264507,82,19,0,0,UP,467785967001,"R"
264507,69,18,0,0,DOWN,467866227401,"E"
264507,71,34,0,0,UP,467874221301,"G"
264507,78,49,0,0,DOWN,467962237701,"N"
264507,69,18,0,0,UP,467970355301,"E"
264507,78,49,0,0,UP,468026194601,"N"
264507,76,38,0,0,DOWN,468066192101,"L"
264507,76,38,0,0,UP,468122213101,"L"
264507,65,30,0,0,DOWN,468162239701,"A"
264507,65,30,0,0,UP,468202153401,"A"
264507,78,49,0,0,DOWN,468266122501,"N"
264507,78,49,0,0,UP,468322207901,"N"
264507,68,32,0,0,DOWN,468362243301,"D"
264507,70,33,0,0,DOWN,468466267301,"F"
264507,68,32,0,0,UP,468474016801,"D"
264507,70,33,0,0,UP,468538319801,"F"
264507,72,35,0,0,DOWN,468562312801,"H"
264507,66,48,0,0,DOWN,468658289201,"B"
264507,72,35,0,0,UP,468666219601,"H"
264507,85,22,0,0,DOWN,468762308101,"U"
264507,66,48,0,0,UP,468785875801,"B"
264507,82,19,0,0,DOWN,468858269801,"R"
264507,85,22,0,0,UP,468866242001,"U"
264507,71,34,0,0,DOWN,468962437701,"G"
264507,82,19,0,0,UP,468978308901,"R"
264507,69,18,0,0,DOWN,469066157001,"E"
264507,71,34,0,0,UP,469073867101,"G"
264507,69,18,0,0,UP,469162454201,"E"
264507,78,49,0,0,DOWN,469163358801,"N"
264507,78,49,0,0,UP,469226231001,"N"
264507,76,38,0,0,DOWN,469258342801,"L"
264507,76,38,0,0,UP,469321963301,"L"
264507,65,30,0,0,DOWN,469362236401,"A"
264507,65,30,0,0,UP,469410330301,"A"
264507,78,49,0,0,DOWN,469458382101,"N"
264507,78,49,0,0,UP,469530267201,"N"
264507,68,32,0,0,DOWN,469562238401,"D"
264507,70,33,0,0,DOWN,469658224501,"F"
264507,68,32,0,0,UP,469674246601,"D"
264507,70,33,0,0,UP,469730517801,"F"
264507,72,35,0,0,DOWN,469762042201,"H"
264507,66,48,0,0,DOWN,469866225401,"B"
264507,72,35,0,0,UP,469874249501,"H"
264507,85,22,0,0,DOWN,469962207501,"U"
264507,66,48,0,0,UP,469986215201,"B"
264507,82,19,0,0,DOWN,470066257401,"R"
264507,85,22,0,0,UP,470074372701,"U"
264507,71,34,0,0,DOWN,470162351301,"G"
264507,82,19,0,0,UP,470186283801,"R"
264507,69,18,0,0,DOWN,470266186501,"E"
264507,71,34,0,0,UP,470274213601,"G"
264507,69,18,0,0,UP,470362337901,"E"
264507,78,49,0,0,DOWN,470363345101,"N"
264507,78,49,0,0,UP,470426258401,"N"
264507,76,38,0,0,DOWN,470458375201,"L"
264507,76,38,0,0,UP,470522305501,"L"
264507,65,30,0,0,DOWN,470562266001,"A"
264507,65,30,0,0,UP,470602051401,"A"
264507,78,49,0,0,DOWN,470658411701,"N"
264507,78,49,0,0,UP,470722255101,"N"
264507,68,32,0,0,DOWN,470762304401,"D"
264507,70,33,0,0,DOWN,470858283101,"F"
264507,68,32,0,0,UP,470874365401,"D"
264507,70,33,0,0,UP,470930381601,"F"
264507,72,35,0,0,DOWN,470962253201,"H"
264507,66,48,0,0,DOWN,471058026701,"B"
264507,72,35,0,0,UP,471074348801,"H"
264507,85,22,0,0,DOWN,471162295001,"U"
264507,66,48,0,0,UP,471178253101,"B"
264507,82,19,0,0,DOWN,471258225501,"R"
264507,85,22,0,0,UP,471274380101,"U"
264507,71,34,0,0,DOWN,471362326401,"G"
264507,82,19,0,0,UP,471378231401,"R"
264507,69,18,0,0,DOWN,471458290001,"E"
264507,71,34,0,0,UP,471474287101,"G"
264507,78,49,0,0,DOWN,471562299301,"N"
264507,69,18,0,0,UP,471570276101,"E"
264507,78,49,0,0,UP,471626287801,"N"
264507,76,38,0,0,DOWN,471658374601,"L"
264507,76,38,0,0,UP,471730280801,"L"
264507,65,30,0,0,DOWN,471762351801,"A"
264507,65,30,0,0,UP,471810008501,"A"
264507,78,49,0,0,DOWN,471866331101,"N"
264507,78,49,0,0,UP,471929964101,"N"
264507,68,32,0,0,DOWN,471962299301,"D"
264507,70,33,0,0,DOWN,472066223601,"F"
264507,68,32,0,0,UP,472074366201,"D"
264507,70,33,0,0,UP,472138308901,"F"
264507,72,35,0,0,DOWN,472162255801,"H"
264507,66,48,0,0,DOWN,472266239501,"B"
264507,72,35,0,0,UP,472282258801,"H"
264507,85,22,0,0,DOWN,472362058301,"U"
264507,66,48,0,0,UP,472386207001,"B"
264507,82,19,0,0,DOWN,472466301601,"R"
264507,85,22,0,0,UP,472474272201,"U"
264507,71,34,0,0,DOWN,472562274901,"G"
264507,82,19,0,0,UP,472578262801,"R"
264507,69,18,0,0,DOWN,472666310401,"E"
264507,71,34,0,0,UP,472674430601,"G"
264507,69,18,0,0,UP,472754263801,"E"
264507,78,49,0,0,DOWN,472762300501,"N"
264507,78,49,0,0,UP,472826265301,"N"
264507,76,38,0,0,DOWN,472858282801,"L"
264507,76,38,0,0,UP,472922388201,"L"
264507,65,30,0,0,DOWN,472962416201,"A"
264507,65,30,0,0,UP,473010259501,"A"
264507,78,49,0,0,DOWN,473058625701,"N"
264507,78,49,0,0,UP,473130233901,"N"
264507,68,32,0,0,DOWN,473162390301,"D"
264507,70,33,0,0,DOWN,473257997901,"F"
264507,68,32,0,0,UP,473274088901,"D"
264507,70,33,0,0,UP,473338303201,"F"
264507,72,35,0,0,DOWN,473362293101,"H"
264507,66,48,0,0,DOWN,473458411401,"B"
264507,72,35,0,0,UP,473474392201,"H"
264507,85,22,0,0,DOWN,473562336601,"U"
264507,66,48,0,0,UP,473586292301,"B"
264507,82,19,0,0,DOWN,473658327601,"R"
264507,85,22,0,0,UP,473674419201,"U"
264507,71,34,0,0,DOWN,473762239401,"G"
264507,82,19,0,0,UP,473778268201,"R"
264507,69,18,0,0,DOWN,473866377601,"E"
264507,71,34,0,0,UP,473874362901,"G"
264507,69,18,0,0,UP,473962281001,"E"
264507,78,49,0,0,DOWN,473963009401,"N"
264507,78,49,0,0,UP,474026298301,"N"
264507,76,38,0,0,DOWN,474066288801,"L"
264507,76,38,0,0,UP,474122212601,"L"
264507,65,30,0,0,DOWN,474162398901,"A"
264507,65,30,0,0,UP,474210248901,"A"
264507,78,49,0,0,DOWN,474266296201,"N"
264507,78,49,0,0,UP,474322278101,"N"
264507,68,32,0,0,DOWN,474362301401,"D"
264507,70,33,0,0,DOWN,474466301301,"F"
264507,68,32,0,0,UP,474474152301,"D"
264507,70,33,0,0,UP,474538317501,"F"
264507,72,35,0,0,DOWN,474562269101,"H"
264507,66,48,0,0,DOWN,474666284201,"B"
264507,72,35,0,0,UP,474674503401,"H"
264507,85,22,0,0,DOWN,474762282201,"U"
264507,66,48,0,0,UP,474786325501,"B"
264507,82,19,0,0,DOWN,474858258401,"R"
264507,85,22,0,0,UP,474866296501,"U"
264507,71,34,0,0,DOWN,474962331801,"G"
264507,82,19,0,0,UP,474978369801,"R"
264507,69,18,0,0,DOWN,475066239601,"E"
264507,71,34,0,0,UP,475084276801,"G"
264507,78,49,0,0,DOWN,475162355101,"N"
264507,69,18,0,0,UP,475170402801,"E"
264507,78,49,0,0,UP,475234285201,"N"
264507,76,38,0,0,DOWN,475258085001,"L"
264507,76,38,0,0,UP,475322114201,"L"
264507,65,30,0,0,DOWN,475362307901,"A"
264507,65,30,0,0,UP,475402402801,"A"
264507,78,49,0,0,DOWN,475458271601,"N"
264507,78,49,0,0,UP,475530427501,"N"
264507,68,32,0,0,DOWN,475562328601,"D"
264507,70,33,0,0,DOWN,475658331301,"F"
264507,68,32,0,0,UP,475674470701,"D"
264507,70,33,0,0,UP,475738371801,"F"
264507,72,35,0,0,DOWN,475762477501,"H"
264507,66,48,0,0,DOWN,475866329401,"B"
264507,72,35,0,0,UP,475874263401,"H"
264507,85,22,0,0,DOWN,475962373701,"U"
264507,66,48,0,0,UP,475986372901,"B"
264507,82,19,0,0,DOWN,476065994101,"R"
264507,85,22,0,0,UP,476074443501,"U"
264507,71,34,0,0,DOWN,476162320501,"G"
264507,82,19,0,0,UP,476186337801,"R"
264507,69,18,0,0,DOWN,476266373801,"E"
264507,71,34,0,0,UP,476274411501,"G"
264507,69,18,0,0,UP,476362292901,"E"
264507,78,49,0,0,DOWN,476363233401,"N"
264507,78,49,0,0,UP,476426128701,"N"
264507,76,38,0,0,DOWN,476466264001,"L"
264507,76,38,0,0,UP,476522374301,"L"
264507,65,30,0,0,DOWN,476562256701,"A"
264507,65,30,0,0,UP,476610291401,"A"
264507,78,49,0,0,DOWN,476666330701,"N"
264507,78,49,0,0,UP,476730295101,"N"
264507,68,32,0,0,DOWN,476762246701,"D"
264507,70,33,0,0,DOWN,476858531801,"F"
264507,68,32,0,0,UP,476874250201,"D"
264507,70,33,0,0,UP,476938297101,"F"
264507,72,35,0,0,DOWN,476962307301,"H"
264507,66,48,0,0,DOWN,477058346601,"B"
264507,72,35,0,0,UP,477074302101,"H"
264507,85,22,0,0,DOWN,477162366401,"U"
264507,66,48,0,0,UP,477186297501,"B"
264507,82,19,0,0,DOWN,477258468001,"R"
264507,85,22,0,0,UP,477274272001,"U"
264507,71,34,0,0,DOWN,477362319501,"G"
264507,82,19,0,0,UP,477378409301,"R"
264507,69,18,0,0,DOWN,477458332001,"E"
264507,71,34,0,0,UP,477473929901,"G"
264507,69,18,0,0,UP,477562359801,"E"
264507,78,49,0,0,DOWN,477563236901,"N"
264507,78,49,0,0,UP,477626394401,"N"
264507,76,38,0,0,DOWN,477658550401,"L"
264507,76,38,0,0,UP,477722347201,"L"
264507,65,30,0,0,DOWN,477762329101,"A"
264507,65,30,0,0,UP,477810100701,"A"
264507,78,49,0,0,DOWN,477858362801,"N"
264507,78,49,0,0,UP,477930282301,"N"
264507,68,32,0,0,DOWN,477962263301,"D"
264507,70,33,0,0,DOWN,478066269301,"F"
264507,68,32,0,0,UP,478074312001,"D"
264507,70,33,0,0,UP,478138635901,"F"
264507,72,35,0,0,DOWN,478162391901,"H"
264507,72,35,0,0,UP,478266452801,"H"
264507,66,48,0,0,DOWN,478267359801,"B"
264507,85,22,0,0,DOWN,478362459801,"U"
264507,66,48,0,0,UP,478378090601,"B"
264507,82,19,0,0,DOWN,478466451701,"R"
264507,85,22,0,0,UP,478474160701,"U"
264507,71,34,0,0,DOWN,478562383701,"G"
264507,82,19,0,0,UP,478586358901,"R"
264507,69,18,0,0,DOWN,478666117201,"E"
264507,71,34,0,0,UP,478674305501,"G"
264507,69,18,0,0,UP,478762353101,"E"
264507,78,49,0,0,DOWN,478763059001,"N"
264507,78,49,0,0,UP,478826189101,"N"
264507,76,38,0,0,DOWN,478858458301,"L"
264507,76,38,0,0,UP,478922304501,"L"
264507,65,30,0,0,DOWN,478962325601,"A"
264507,65,30,0,0,UP,479010155001,"A"
264507,78,49,0,0,DOWN,479058355201,"N"
264507,78,49,0,0,UP,479130363101,"N"
264507,68,32,0,0,DOWN,479162091001,"D"
264507,70,33,0,0,DOWN,479258288301,"F"
264507,68,32,0,0,UP,479274579801,"D"
264507,70,33,0,0,UP,479338299701,"F"
264507,72,35,0,0,DOWN,479362453001,"H"
264507,66,48,0,0,DOWN,479458375801,"B"
264507,72,35,0,0,UP,479466467801,"H"
264507,85,22,0,0,DOWN,479562390901,"U"
264507,66,48,0,0,UP,479578373401,"B"
264507,82,19,0,0,DOWN,479658341301,"R"
264507,85,22,0,0,UP,479674483601,"U"
264507,71,34,0,0,DOWN,479762315601,"G"
264507,82,19,0,0,UP,479778452001,"R"
264507,69,18,0,0,DOWN,479858323101,"E"
264507,71,34,0,0,UP,479866291301,"G"
264507,69,18,0,0,UP,479962192601,"E"
264507,78,49,0,0,DOWN,479962937201,"N"
264507,78,49,0,0,UP,480026277301,"N"
264507,76,38,0,0,DOWN,480066292401,"L"
264507,76,38,0,0,UP,480114560201,"L"
264507,65,30,0,0,DOWN,480162362901,"A"
264507,65,30,0,0,UP,480210581201,"A"
264507,78,49,0,0,DOWN,480266454801,"N"
264507,78,49,0,0,UP,480330320001,"N"
264507,68,32,0,0,DOWN,480362323801,"D"
264507,70,33,0,0,DOWN,480466314701,"F"
264507,68,32,0,0,UP,480482437801,"D"
264507,70,33,0,0,UP,480530200501,"F"
264507,72,35,0,0,DOWN,480562387201,"H"
264507,66,48,0,0,DOWN,480666434901,"B"
264507,72,35,0,0,UP,480674255201,"H"
264507,85,22,0,0,DOWN,480762353801,"U"
264507,66,48,0,0,UP,480786299201,"B"
264507,82,19,0,0,DOWN,480858465501,"R"
264507,85,22,0,0,UP,480866091101,"U"
264507,71,34,0,0,DOWN,480962409101,"G"
264507,82,19,0,0,UP,480978104801,"R"
264507,69,18,0,0,DOWN,481066198701,"E"
264507,71,34,0,0,UP,481074365901,"G"
264507,78,49,0,0,DOWN,481162373401,"N"
264507,69,18,0,0,UP,481170333701,"E"
264507,78,49,0,0,UP,481234291601,"N"
264507,76,38,0,0,DOWN,481258405301,"L"
264507,76,38,0,0,UP,481322355901,"L"
264507,65,30,0,0,DOWN,481362368901,"A"
264507,65,30,0,0,UP,481402301401,"A"
264507,78,49,0,0,DOWN,481458395401,"N"
264507,78,49,0,0,UP,481522356401,"N"
264507,68,32,0,0,DOWN,481562313001,"D"
264507,70,33,0,0,DOWN,481658346701,"F"
264507,68,32,0,0,UP,481674351601,"D"
264507,70,33,0,0,UP,481738347901,"F"
264507,72,35,0,0,DOWN,481762161901,"H"
264507,66,48,0,0,DOWN,481866495101,"B"
264507,72,35,0,0,UP,481874294701,"H"
264507,85,22,0,0,DOWN,481962114801,"U"
264507,66,48,0,0,UP,481986303001,"B"
264507,82,19,0,0,DOWN,482066140801,"R"
264507,85,22,0,0,UP,482074336301,"U"
264507,71,34,0,0,DOWN,482162038501,"G"
264507,82,19,0,0,UP,482186387601,"R"
264507,69,18,0,0,DOWN,482266323901,"E"
264507,71,34,0,0,UP,482274334701,"G"
264507,78,49,0,0,DOWN,482362177601,"N"
264507,69,18,0,0,UP,482370362501,"E"
264507,78,49,0,0,UP,482426585801,"N"
264507,76,38,0,0,DOWN,482466369101,"L"
264507,76,38,0,0,UP,482522532401,"L"
264507,65,30,0,0,DOWN,482562360401,"A"
264507,65,30,0,0,UP,482610302901,"A"
264507,78,49,0,0,DOWN,482666354101,"N"
264507,78,49,0,0,UP,482730616501,"N"
264507,68,32,0,0,DOWN,482762379601,"D"
264507,70,33,0,0,DOWN,482858327901,"F"
264507,68,32,0,0,UP,482874526801,"D"
264507,70,33,0,0,UP,482938434301,"F"
264507,72,35,0,0,DOWN,482962467001,"H"
264507,66,48,0,0,DOWN,483058363301,"B"
264507,72,35,0,0,UP,483073985801,"H"
264507,85,22,0,0,DOWN,483162443201,"U"
264507,66,48,0,0,UP,483186326101,"B"
264507,82,19,0,0,DOWN,483258160901,"R"
264507,85,22,0,0,UP,483274295501,"U"
264507,71,34,0,0,DOWN,483362377501,"G"
264507,82,19,0,0,UP,483378326701,"R"
264507,69,18,0,0,DOWN,483458427601,"E"
264507,71,34,0,0,UP,483466095701,"G"
264507,78,49,0,0,DOWN,483562346901,"N"
264507,69,18,0,0,UP,483570352901,"E"
264507,78,49,0,0,UP,483626405901,"N"
264507,76,38,0,0,DOWN,483658424101,"L"
264507,76,38,0,0,UP,483722353101,"L"
264507,65,30,0,0,DOWN,483762378401,"A"
264507,65,30,0,0,UP,483810399001,"A"
264507,78,49,0,0,DOWN,483866136101,"N"
264507,78,49,0,0,UP,483930089801,"N"
264507,68,32,0,0,DOWN,483962688801,"D"
264507,70,33,0,0,DOWN,484066336801,"F"
264507,68,32,0,0,UP,484074192201,"D"
264507,70,33,0,0,UP,484138386301,"F"
264507,72,35,0,0,DOWN,484162407701,"H"
264507,66,48,0,0,DOWN,484266347501,"B"
264507,72,35,0,0,UP,484274330901,"H"
264507,85,22,0,0,DOWN,484362390301,"U"
264507,66,48,0,0,UP,484386387901,"B"
264507,82,19,0,0,DOWN,484466481601,"R"
264507,85,22,0,0,UP,484474357001,"U"
264507,71,34,0,0,DOWN,484562376001,"G"
264507,82,19,0,0,UP,484578402101,"R"
264507,71,34,0,0,UP,484666469201,"G"
264507,69,18,0,0,DOWN,484667261301,"E"
264507,78,49,0,0,DOWN,484762436301,"N"
264507,69,18,0,0,UP,484770440001,"E"
264507,78,49,0,0,UP,484826397201,"N"
264507,76,38,0,0,DOWN,484858434101,"L"
264507,76,38,0,0,UP,484922288201,"L"
264507,65,30,0,0,DOWN,484962340401,"A"
264507,65,30,0,0,UP,485002157201,"A"
264507,78,49,0,0,DOWN,485058430801,"N"
264507,78,49,0,0,UP,485122326201,"N"
264507,68,32,0,0,DOWN,485162383701,"D"
264507,70,33,0,0,DOWN,485258528001,"F"
264507,68,32,0,0,UP,485274612901,"D"
264507,70,33,0,0,UP,485338566301,"F"
264507,72,35,0,0,DOWN,485362396301,"H"
264507,66,48,0,0,DOWN,485458518301,"B"
264507,72,35,0,0,UP,485466428501,"H"
264507,85,22,0,0,DOWN,485562520801,"U"
264507,66,48,0,0,UP,485578441001,"B"
264507,82,19,0,0,DOWN,485658477901,"R"
264507,85,22,0,0,UP,485674377801,"U"
264507,71,34,0,0,DOWN,485762397101,"G"
264507,82,19,0,0,UP,485786364001,"R"
264507,69,18,0,0,DOWN,485866198201,"E"
264507,71,34,0,0,UP,485873983101,"G"
264507,78,49,0,0,DOWN,485962416901,"N"
264507,69,18,0,0,UP,485970401101,"E"
264507,78,49,0,0,UP,486026346701,"N"
264507,76,38,0,0,DOWN,486066356201,"L"
264507,76,38,0,0,UP,486122314101,"L"
264507,65,30,0,0,DOWN,486162442601,"A"
264507,65,30,0,0,UP,486210376501,"A"
264507,78,49,0,0,DOWN,486266321301,"N"
264507,78,49,0,0,UP,486330364801,"N"
264507,68,32,0,0,DOWN,486362381301,"D"
264507,70,33,0,0,DOWN,486466350401,"F"
264507,68,32,0,0,UP,486482229101,"D"
264507,70,33,0,0,UP,486538420401,"F"
264507,72,35,0,0,DOWN,486562359101,"H"
264507,66,48,0,0,DOWN,486666447201,"B"
264507,72,35,0,0,UP,486674343401,"H"
264507,85,22,0,0,DOWN,486762507301,"U"
264507,66,48,0,0,UP,486778352201,"B"
264507,82,19,0,0,DOWN,486858442201,"R"
264507,85,22,0,0,UP,486866622901,"U"
264507,71,34,0,0,DOWN,486962355101,"G"
264507,82,19,0,0,UP,486978397101,"R"
264507,69,18,0,0,DOWN,487066094701,"E"
264507,71,34,0,0,UP,487074336801,"G"
264507,78,49,0,0,DOWN,487162452201,"N"
264507,69,18,0,0,UP,487170345701,"E"
264507,78,49,0,0,UP,487226483601,"N"
264507,76,38,0,0,DOWN,487258425901,"L"
264507,76,38,0,0,UP,487314363301,"L"
264507,65,30,0,0,DOWN,487362415601,"A"
264507,65,30,0,0,UP,487410432001,"A"
264507,78,49,0,0,DOWN,487458486901,"N"
264507,78,49,0,0,UP,487530452501,"N"
264507,68,32,0,0,DOWN,487562448201,"D"
264507,70,33,0,0,DOWN,487666155001,"F"
264507,68,32,0,0,UP,487674386301,"D"
264507,70,33,0,0,UP,487746380901,"F"
264507,72,35,0,0,DOWN,487762479501,"H"
264507,66,48,0,0,DOWN,487866240701,"B"
264507,72,35,0,0,UP,487874360001,"H"
264507,85,22,0,0,DOWN,487962387401,"U"
264507,66,48,0,0,UP,487986369001,"B"
264507,82,19,0,0,DOWN,488066304301,"R"
264507,85,22,0,0,UP,488082530601,"U"
264507,71,34,0,0,DOWN,488162456001,"G"
264507,82,19,0,0,UP,488186612001,"R"
264507,69,18,0,0,DOWN,488266505601,"E"
264507,71,34,0,0,UP,488282083101,"G"
264507,69,18,0,0,UP,488362435201,"E"
264507,78,49,0,0,DOWN,488363141201,"N"
264507,78,49,0,0,UP,488426397401,"N"
264507,76,38,0,0,DOWN,488458121501,"L"
264507,76,38,0,0,UP,488514432701,"L"
264507,65,30,0,0,DOWN,488562457101,"A"
264507,65,30,0,0,UP,488610652601,"A"
264507,78,49,0,0,DOWN,488658407001,"N"
264507,78,49,0,0,UP,488722346301,"N"
264507,68,32,0,0,DOWN,488762412001,"D"
264507,70,33,0,0,DOWN,488858399501,"F"
264507,68,32,0,0,UP,488874369801,"D"
264507,70,33,0,0,UP,488938610501,"F"
264507,72,35,0,0,DOWN,488962384101,"H"
264507,66,48,0,0,DOWN,489058465101,"B"
264507,72,35,0,0,UP,489074384201,"H"
264507,85,22,0,0,DOWN,489162458301,"U"
264507,66,48,0,0,UP,489178347101,"B"
264507,82,19,0,0,DOWN,489258429501,"R"
264507,85,22,0,0,UP,489274470901,"U"
264507,71,34,0,0,DOWN,489362281901,"G"
264507,82,19,0,0,UP,489378281101,"R"
264507,69,18,0,0,DOWN,489458377201,"E"
264507,71,34,0,0,UP,489466444401,"G"
264507,78,49,0,0,DOWN,489562476001,"N"
264507,69,18,0,0,UP,489570409201,"E"
264507,78,49,0,0,UP,489626407101,"N"
264507,76,38,0,0,DOWN,489666420201,"L"
264507,76,38,0,0,UP,489714405401,"L"
264507,65,30,0,0,DOWN,489762467901,"A"
264507,65,30,0,0,UP,489810247801,"A"
264507,78,49,0,0,DOWN,489866413201,"N"
264507,78,49,0,0,UP,489922318801,"N"
264507,68,32,0,0,DOWN,489962432101,"D"
264507,70,33,0,0,DOWN,490066309101,"F"
264507,68,32,0,0,UP,490076666201,"D"
264507,70,33,0,0,UP,490130408501,"F"
264507,72,35,0,0,DOWN,490162471701,"H"
264507,72,35,0,0,UP,490266584401,"H"
264507,66,48,0,0,DOWN,490267543901,"B"
264507,85,22,0,0,DOWN,490362247601,"U"
264507,66,48,0,0,UP,490386657601,"B"
264507,82,19,0,0,DOWN,490458542301,"R"
264507,85,22,0,0,UP,490466404601,"U"
264507,71,34,0,0,DOWN,490562303001,"G"
264507,82,19,0,0,UP,490578283801,"R"
264507,71,34,0,0,UP,490658424201,"G"
264507,69,18,0,0,DOWN,490666457101,"E"
264507,69,18,0,0,UP,490762460601,"E"
264507,78,49,0,0,DOWN,490763476501,"N"
264507,78,49,0,0,UP,490826395401,"N"
264507,76,38,0,0,DOWN,490858478601,"L"
264507,76,38,0,0,UP,490922398801,"L"
264507,65,30,0,0,DOWN,490962451001,"A"
264507,65,30,0,0,UP,491010470701,"A"
264507,78,49,0,0,DOWN,491058433701,"N"
264507,78,49,0,0,UP,491130264001,"N"
264507,68,32,0,0,DOWN,491162568701,"D"
264507,70,33,0,0,DOWN,491258528201,"F"
264507,68,32,0,0,UP,491274568301,"D"
264507,70,33,0,0,UP,491338499001,"F"
264507,72,35,0,0,DOWN,491362512001,"H"
264507,66,48,0,0,DOWN,491466393501,"B"
264507,72,35,0,0,UP,491474130201,"H"
264507,85,22,0,0,DOWN,491562495001,"U"
264507,66,48,0,0,UP,491586443701,"B"
264507,82,19,0,0,DOWN,491666227201,"R"
264507,85,22,0,0,UP,491674411201,"U"
264507,71,34,0,0,DOWN,491762551601,"G"
264507,82,19,0,0,UP,491778444401,"R"
264507,69,18,0,0,DOWN,491866441201,"E"
264507,71,34,0,0,UP,491874210201,"G"
264507,69,18,0,0,UP,491962614501,"E"
264507,78,49,0,0,DOWN,491963320301,"N"
264507,78,49,0,0,UP,492026309101,"N"
264507,76,38,0,0,DOWN,492058153501,"L"
264507,76,38,0,0,UP,492122502901,"L"
264507,65,30,0,0,DOWN,492162580001,"A"
264507,65,30,0,0,UP,492202180301,"A"
264507,78,49,0,0,DOWN,492258450101,"N"
264507,78,49,0,0,UP,492322394901,"N"
264507,68,32,0,0,DOWN,492362555701,"D"
264507,70,33,0,0,DOWN,492458500201,"F"
264507,68,32,0,0,UP,492474160401,"D"
264507,70,33,0,0,UP,492538607801,"F"
264507,72,35,0,0,DOWN,492562518801,"H"
264507,66,48,0,0,DOWN,492658444301,"B"
264507,72,35,0,0,UP,492674415101,"H"
264507,85,22,0,0,DOWN,492762404601,"U"
264507,66,48,0,0,UP,492778144701,"B"
264507,82,19,0,0,DOWN,492858528501,"R"
264507,85,22,0,0,UP,492874402801,"U"
264507,71,34,0,0,DOWN,492962529301,"G"
264507,82,19,0,0,UP,492978478501,"R"
264507,69,18,0,0,DOWN,493058350001,"E"
264507,71,34,0,0,UP,493066425601,"G"
264507,69,18,0,0,UP,493162704901,"E"
264507,78,49,0,0,DOWN,493163424301,"N"
264507,78,49,0,0,UP,493226477101,"N"
264507,76,38,0,0,DOWN,493258140701,"L"
264507,76,38,0,0,UP,493322448201,"L"
264507,65,30,0,0,DOWN,493362545001,"A"
264507,65,30,0,0,UP,493410425201,"A"
264507,78,49,0,0,DOWN,493466488501,"N"
264507,78,49,0,0,UP,493530443101,"N"
264507,68,32,0,0,DOWN,493562427501,"D"
264507,70,33,0,0,DOWN,493666555801,"F"
264507,68,32,0,0,UP,493682481801,"D"
264507,70,33,0,0,UP,493730535101,"F"
264507,72,35,0,0,DOWN,493762484101,"H"
264507,66,48,0,0,DOWN,493866421801,"B"
264507,72,35,0,0,UP,493874253801,"H"
264507,85,22,0,0,DOWN,493962485401,"U"
264507,66,48,0,0,UP,493986578101,"B"
264507,82,19,0,0,DOWN,494066446601,"R"
264507,85,22,0,0,UP,494074870001,"U"
264507,71,34,0,0,DOWN,494162229001,"G"
264507,82,19,0,0,UP,494178435801,"R"
264507,69,18,0,0,DOWN,494266481501,"E"
264507,71,34,0,0,UP,494274170001,"G"
264507,78,49,0,0,DOWN,494362544601,"N"
264507,69,18,0,0,UP,494370582501,"E"
264507,78,49,0,0,UP,494426491201,"N"
264507,76,38,0,0,DOWN,494458488901,"L"
264507,76,38,0,0,UP,494522443301,"L"
264507,65,30,0,0,DOWN,494562565001,"A"
264507,65,30,0,0,UP,494602222501,"A"
264507,78,49,0,0,DOWN,494658460701,"N"
264507,78,49,0,0,UP,494722254901,"N"
264507,68,32,0,0,DOWN,494762468301,"D"
264507,70,33,0,0,DOWN,494858484301,"F"
264507,68,32,0,0,UP,494874321101,"D"
264507,70,33,0,0,UP,494938458901,"F"
264507,72,35,0,0,DOWN,494962441101,"H"
264507,66,48,0,0,DOWN,495058641101,"B"
264507,72,35,0,0,UP,495074636101,"H"
264507,85,22,0,0,DOWN,495162607001,"U"
264507,66,48,0,0,UP,495178438701,"B"
264507,82,19,0,0,DOWN,495266491701,"R"
264507,85,22,0,0,UP,495274197801,"U"
264507,71,34,0,0,DOWN,495362586601,"G"
264507,82,19,0,0,UP,495378496501,"R"
264507,69,18,0,0,DOWN,495466589001,"E"
264507,71,34,0,0,UP,495474513601,"G"
264507,69,18,0,0,UP,495562406701,"E"
264507,78,49,0,0,DOWN,495563160501,"N"
264507,78,49,0,0,UP,495626478401,"N"
264507,76,38,0,0,DOWN,495666436701,"L"
264507,76,38,0,0,UP,495714491601,"L"
264507,65,30,0,0,DOWN,495762719401,"A"
264507,65,30,0,0,UP,495810421501,"A"
264507,78,49,0,0,DOWN,495866483201,"N"
264507,78,49,0,0,UP,495922431301,"N"
264507,68,32,0,0,DOWN,495962650201,"D"
264507,70,33,0,0,DOWN,496066442001,"F"
264507,68,32,0,0,UP,496074511501,"D"
264507,70,33,0,0,UP,496138270401,"F"
264507,72,35,0,0,DOWN,496162473901,"H"
264507,72,35,0,0,UP,496266466101,"H"
264507,66,48,0,0,DOWN,496267318501,"B"
264507,85,22,0,0,DOWN,496362513701,"U"
264507,66,48,0,0,UP,496386453601,"B"
264507,82,19,0,0,DOWN,496458523701,"R"
264507,85,22,0,0,UP,496474736101,"U"
264507,71,34,0,0,DOWN,496562443201,"G"
264507,82,19,0,0,UP,496578483301,"R"
264507,69,18,0,0,DOWN,496666478601,"E"
264507,71,34,0,0,UP,496674726301,"G"
264507,78,49,0,0,DOWN,496762544201,"N"
264507,69,18,0,0,UP,496770507801,"E"
264507,78,49,0,0,UP,496826669901,"N"
264507,76,38,0,0,DOWN,496858551601,"L"
264507,76,38,0,0,UP,496914424101,"L"
264507,65,30,0,0,DOWN,496962514901,"A"
264507,65,30,0,0,UP,497010219701,"A"
264507,78,49,0,0,DOWN,497058569101,"N"
264507,78,49,0,0,UP,497122476901,"N"
264507,68,32,0,0,DOWN,497162497901,"D"
264507,70,33,0,0,DOWN,497266539601,"F"
264507,68,32,0,0,UP,497274466701,"D"
264507,70,33,0,0,UP,497338640401,"F"
264507,72,35,0,0,DOWN,497362494101,"H"
264507,66,48,0,0,DOWN,497466522301,"B"
264507,72,35,0,0,UP,497474467601,"H"
264507,85,22,0,0,DOWN,497562596701,"U"
264507,66,48,0,0,UP,497578474601,"B"
264507,82,19,0,0,DOWN,497666483901,"R"
264507,85,22,0,0,UP,497674181601,"U"
264507,71,34,0,0,DOWN,497762543601,"G"
264507,82,19,0,0,UP,497786470901,"R"
264507,69,18,0,0,DOWN,497866542801,"E"
264507,71,34,0,0,UP,497874523201,"G"
264507,69,18,0,0,UP,497962477401,"E"
264507,78,49,0,0,DOWN,497963176901,"N"
264507,78,49,0,0,UP,498026363701,"N"
264507,76,38,0,0,DOWN,498058324501,"L"
264507,76,38,0,0,UP,498122442501,"L"
264507,65,30,0,0,DOWN,498162489901,"A"
264507,65,30,0,0,UP,498202513701,"A"
264507,78,49,0,0,DOWN,498258489601,"N"
264507,78,49,0,0,UP,498322553601,"N"
264507,68,32,0,0,DOWN,498362520801,"D"
264507,70,33,0,0,DOWN,498458515501,"F"
264507,68,32,0,0,UP,498474440101,"D"
264507,70,33,0,0,UP,498538514801,"F"
264507,72,35,0,0,DOWN,498562498901,"H"
264507,66,48,0,0,DOWN,498658638201,"B"
264507,72,35,0,0,UP,498666120001,"H"
264507,85,22,0,0,DOWN,498762454201,"U"
264507,66,48,0,0,UP,498778488901,"B"
264507,82,19,0,0,DOWN,498858219101,"R"
264507,85,22,0,0,UP,498874387501,"U"
264507,71,34,0,0,DOWN,498962476301,"G"
264507,82,19,0,0,UP,498978531001,"R"
264507,69,18,0,0,DOWN,499058212101,"E"
264507,71,34,0,0,UP,499074715501,"G"
264507,78,49,0,0,DOWN,499162529501,"N"
264507,69,18,0,0,UP,499170641001,"E"
264507,78,49,0,0,UP,499226505301,"N"
264507,76,38,0,0,DOWN,499266580901,"L"
264507,76,38,0,0,UP,499322471701,"L"
264507,65,30,0,0,DOWN,499362528401,"A"
264507,65,30,0,0,UP,499410419701,"A"
264507,78,49,0,0,DOWN,499466519201,"N"
264507,78,49,0,0,UP,499522538301,"N"
264507,68,32,0,0,DOWN,499562502801,"D"
264507,70,33,0,0,DOWN,499666444201,"F"
264507,68,32,0,0,UP,499674231701,"D"
264507,70,33,0,0,UP,499738477901,"F"
264507,72,35,0,0,DOWN,499762462801,"H"
264507,66,48,0,0,DOWN,499866541101,"B"
264507,72,35,0,0,UP,499874107801,"H"
264507,85,22,0,0,DOWN,499962529701,"U"
264507,66,48,0,0,UP,499978461201,"B"
264507,82,19,0,0,DOWN,500066918401,"R"
264507,85,22,0,0,UP,500074606501,"U"
264507,71,34,0,0,DOWN,500162571101,"G"
264507,82,19,0,0,UP,500178494901,"R"
264507,69,18,0,0,DOWN,500266530001,"E"
264507,71,34,0,0,UP,500274575101,"G"
264507,78,49,0,0,DOWN,500362533001,"N"
264507,69,18,0,0,UP,500370611301,"E"
264507,78,49,0,0,UP,500426598801,"N"
264507,76,38,0,0,DOWN,500458289001,"L"
264507,76,38,0,0,UP,500522392501,"L"
264507,65,30,0,0,DOWN,500562501201,"A"
264507,65,30,0,0,UP,500602598501,"A"
264507,78,49,0,0,DOWN,500658345201,"N"
264507,78,49,0,0,UP,500730504801,"N"
264507,68,32,0,0,DOWN,500762503001,"D"
264507,70,33,0,0,DOWN,500858324501,"F"
264507,68,32,0,0,UP,500874651401,"D"
264507,70,33,0,0,UP,500938510801,"F"
264507,72,35,0,0,DOWN,500962501501,"H"
264507,66,48,0,0,DOWN,501058549801,"B"
264507,72,35,0,0,UP,501066432201,"H"
264507,85,22,0,0,DOWN,501162480101,"U"
264507,66,48,0,0,UP,501186568901,"B"
264507,82,19,0,0,DOWN,501266309601,"R"
264507,85,22,0,0,UP,501274491001,"U"
264507,71,34,0,0,DOWN,501362507601,"G"
264507,82,19,0,0,UP,501378460201,"R"
264507,69,18,0,0,DOWN,501466508801,"E"
264507,71,34,0,0,UP,501474498001,"G"
264507,78,49,0,0,DOWN,501562555201,"N"
264507,69,18,0,0,UP,501570575201,"E"
264507,78,49,0,0,UP,501626522701,"N"
264507,76,38,0,0,DOWN,501666575701,"L"
264507,76,38,0,0,UP,501722498401,"L"
264507,65,30,0,0,DOWN,501762577001,"A"
264507,65,30,0,0,UP,501810506001,"A"
264507,78,49,0,0,DOWN,501866510901,"N"
264507,78,49,0,0,UP,501922496101,"N"
264507,68,32,0,0,DOWN,501962512301,"D"
264507,70,33,0,0,DOWN,502058249601,"F"
264507,68,32,0,0,UP,502074654801,"D"
264507,70,33,0,0,UP,502138592901,"F"
264507,72,35,0,0,DOWN,502162555901,"H"
264507,66,48,0,0,DOWN,502258531701,"B"
264507,72,35,0,0,UP,502266431401,"H"
264507,85,22,0,0,DOWN,502362603601,"U"
264507,66,48,0,0,UP,502378483901,"B"
264507,82,19,0,0,DOWN,502458272601,"R"
264507,85,22,0,0,UP,502474463801,"U"
264507,71,34,0,0,DOWN,502562533501,"G"
264507,82,19,0,0,UP,502578309001,"R"
264507,69,18,0,0,DOWN,502658556701,"E"
264507,71,34,0,0,UP,502666283701,"G"
264507,78,49,0,0,DOWN,502762543501,"N"
264507,69,18,0,0,UP,502770565401,"E"
264507,78,49,0,0,UP,502818473201,"N"
264507,76,38,0,0,DOWN,502858558501,"L"
264507,76,38,0,0,UP,502914509101,"L"
264507,65,30,0,0,DOWN,502962602801,"A"
264507,65,30,0,0,UP,503010199901,"A"
264507,78,49,0,0,DOWN,503066510101,"N"
264507,78,49,0,0,UP,503122512901,"N"
264507,68,32,0,0,DOWN,503162560101,"D"
264507,70,33,0,0,DOWN,503266232501,"F"
264507,68,32,0,0,UP,503274195801,"D"
264507,70,33,0,0,UP,503338468901,"F"
264507,72,35,0,0,DOWN,503362434901,"H"
264507,66,48,0,0,DOWN,503466490801,"B"
264507,72,35,0,0,UP,503482880601,"H"
264507,85,22,0,0,DOWN,503562492701,"U"
264507,66,48,0,0,UP,503586533801,"B"
264507,82,19,0,0,DOWN,503666747801,"R"
264507,85,22,0,0,UP,503674479101,"U"
264507,71,34,0,0,DOWN,503762632301,"G"
264507,82,19,0,0,UP,503786540701,"R"
264507,69,18,0,0,DOWN,503866517401,"E"
264507,71,34,0,0,UP,503874521801,"G"
264507,78,49,0,0,DOWN,503962683701,"N"
264507,69,18,0,0,UP,503970511301,"E"
264507,78,49,0,0,UP,504026509601,"N"
264507,76,38,0,0,DOWN,504058723501,"L"
264507,76,38,0,0,UP,504122558701,"L"
264507,65,30,0,0,DOWN,504162562801,"A"
264507,65,30,0,0,UP,504202522501,"A"
264507,78,49,0,0,DOWN,504258547401,"N"
264507,78,49,0,0,UP,504322547401,"N"
264507,68,32,0,0,DOWN,504362304701,"D"
264507,70,33,0,0,DOWN,504458661801,"F"
264507,68,32,0,0,UP,504474651901,"D"
264507,70,33,0,0,UP,504538642401,"F"
264507,72,35,0,0,DOWN,504562499801,"H"
264507,66,48,0,0,DOWN,504658235801,"B"
264507,72,35,0,0,UP,504666510601,"H"
264507,85,22,0,0,DOWN,504762655001,"U"
264507,66,48,0,0,UP,504778470401,"B"
264507,82,19,0,0,DOWN,504866578701,"R"
264507,85,22,0,0,UP,504874528201,"U"
264507,71,34,0,0,DOWN,504962418001,"G"
264507,82,19,0,0,UP,504978352401,"R"
264507,69,18,0,0,DOWN,505066685001,"E"
264507,71,34,0,0,UP,505074572401,"G"
264507,78,49,0,0,DOWN,505162557101,"N"
264507,69,18,0,0,UP,505170552901,"E"
264507,78,49,0,0,UP,505226508801,"N"
264507,76,38,0,0,DOWN,505266525501,"L"
264507,76,38,0,0,UP,505322321801,"L"
264507,65,30,0,0,DOWN,505362567901,"A"
264507,65,30,0,0,UP,505402536801,"A"
264507,78,49,0,0,DOWN,505466724901,"N"
264507,78,49,0,0,UP,505522852101,"N"
264507,68,32,0,0,DOWN,505562529401,"D"
264507,70,33,0,0,DOWN,505666334901,"F"
264507,68,32,0,0,UP,505674510601,"D"
264507,70,33,0,0,UP,505738308601,"F"
264507,72,35,0,0,DOWN,505762580501,"H"
264507,66,48,0,0,DOWN,505858593401,"B"
264507,72,35,0,0,UP,505866468601,"H"
264507,85,22,0,0,DOWN,505962351501,"U"
264507,66,48,0,0,UP,505978629301,"B"
264507,82,19,0,0,DOWN,506058235201,"R"
264507,85,22,0,0,UP,506074331401,"U"
264507,71,34,0,0,DOWN,506162331201,"G"
264507,82,19,0,0,UP,506178624301,"R"
264507,71,34,0,0,UP,506266823401,"G"
264507,69,18,0,0,DOWN,506267700301,"E"
264507,78,49,0,0,DOWN,506362302901,"N"
264507,69,18,0,0,UP,506370595601,"E"
264507,78,49,0,0,UP,506426565301,"N"
264507,76,38,0,0,DOWN,506458538901,"L"
264507,76,38,0,0,UP,506514493801,"L"
264507,65,30,0,0,DOWN,506562493901,"A"
264507,65,30,0,0,UP,506610685301,"A"
264507,78,49,0,0,DOWN,506658655401,"N"
264507,78,49,0,0,UP,506730496401,"N"
264507,68,32,0,0,DOWN,506762401701,"D"
264507,70,33,0,0,DOWN,506866598801,"F"
264507,68,32,0,0,UP,506874545501,"D"
264507,70,33,0,0,UP,506946280101,"F"
264507,72,35,0,0,DOWN,506962639301,"H"
264507,66,48,0,0,DOWN,507066546901,"B"
264507,72,35,0,0,UP,507074483001,"H"
264507,85,22,0,0,DOWN,507162693501,"U"
264507,66,48,0,0,UP,507178616001,"B"
264507,82,19,0,0,DOWN,507266565301,"R"
264507,85,22,0,0,UP,507274382201,"U"
264507,71,34,0,0,DOWN,507362720901,"G"
264507,82,19,0,0,UP,507378740401,"R"
264507,69,18,0,0,DOWN,507466541001,"E"
264507,71,34,0,0,UP,507474523301,"G"
264507,78,49,0,0,DOWN,507562637601,"N"
264507,69,18,0,0,UP,507570559501,"E"
264507,78,49,0,0,UP,507626532201,"N"
264507,76,38,0,0,DOWN,507658641101,"L"
264507,76,38,0,0,UP,507722347101,"L"
264507,65,30,0,0,DOWN,507762462701,"A"
264507,65,30,0,0,UP,507802651601,"A"
264507,78,49,0,0,DOWN,507858610601,"N"
264507,78,49,0,0,UP,507922334301,"N"
264507,68,32,0,0,DOWN,507962633501,"D"
264507,70,33,0,0,DOWN,508058492101,"F"
264507,68,32,0,0,UP,508074600501,"D"
264507,70,33,0,0,UP,508138566801,"F"
264507,72,35,0,0,DOWN,508162569101,"H"
264507,66,48,0,0,DOWN,508258582201,"B"
264507,72,35,0,0,UP,508266374101,"H"
264507,85,22,0,0,DOWN,508362618101,"U"
264507,66,48,0,0,UP,508378596201,"B"
264507,82,19,0,0,DOWN,508458671401,"R"
264507,85,22,0,0,UP,508474931001,"U"
264507,71,34,0,0,DOWN,508562630901,"G"
264507,82,19,0,0,UP,508578494901,"R"
264507,69,18,0,0,DOWN,508666683201,"E"
264507,71,34,0,0,UP,508674690101,"G"
264507,69,18,0,0,UP,508754541001,"E"
264507,78,49,0,0,DOWN,508762592001,"N"
264507,78,49,0,0,UP,508826546001,"N"
264507,76,38,0,0,DOWN,508866585501,"L"
264507,76,38,0,0,UP,508914464801,"L"
264507,65,30,0,0,DOWN,508962344301,"A"
264507,65,30,0,0,UP,509002556601,"A"
264507,78,49,0,0,DOWN,509066533201,"N"
264507,78,49,0,0,UP,509122520701,"N"
264507,68,32,0,0,DOWN,509162449101,"D"
264507,70,33,0,0,DOWN,509266586201,"F"
264507,68,32,0,0,UP,509282599701,"D"
264507,70,33,0,0,UP,509338584801,"F"
264507,72,35,0,0,DOWN,509362701401,"H"
264507,66,48,0,0,DOWN,509466578201,"B"
264507,72,35,0,0,UP,509474553901,"H"
264507,85,22,0,0,DOWN,509562697301,"U"
264507,66,48,0,0,UP,509578575501,"B"
264507,82,19,0,0,DOWN,509658530101,"R"
264507,85,22,0,0,UP,509666815701,"U"
264507,71,34,0,0,DOWN,509762558101,"G"
264507,82,19,0,0,UP,509778551901,"R"
264507,69,18,0,0,DOWN,509866605601,"E"
264507,71,34,0,0,UP,509874660201,"G"
264507,78,49,0,0,DOWN,509962574301,"N"
264507,69,18,0,0,UP,509970572801,"E"
264507,78,49,0,0,UP,510026502401,"N"
264507,76,38,0,0,DOWN,510058622301,"L"
264507,76,38,0,0,UP,510122539701,"L"
264507,65,30,0,0,DOWN,510162603401,"A"
264507,65,30,0,0,UP,510210742501,"A"
264507,78,49,0,0,DOWN,510258426401,"N"
264507,78,49,0,0,UP,510322568501,"N"
264507,68,32,0,0,DOWN,510362880601,"D"
264507,70,33,0,0,DOWN,510458729101,"F"
264507,68,32,0,0,UP,510474585701,"D"
264507,70,33,0,0,UP,510538590801,"F"
264507,72,35,0,0,DOWN,510562564001,"H"
264507,66,48,0,0,DOWN,510666632001,"B"
264507,72,35,0,0,UP,510674542601,"H"
264507,85,22,0,0,DOWN,510762687701,"U"
264507,66,48,0,0,UP,510786720101,"B"
264507,82,19,0,0,DOWN,510866412601,"R"
264507,85,22,0,0,UP,510882566501,"U"
264507,71,34,0,0,DOWN,510962635201,"G"
264507,82,19,0,0,UP,510978619901,"R"
264507,69,18,0,0,DOWN,511066554201,"E"
264507,71,34,0,0,UP,511082602801,"G"
264507,69,18,0,0,UP,511162798101,"E"
264507,78,49,0,0,DOWN,511163685501,"N"
264507,78,49,0,0,UP,511226593801,"N"
264507,76,38,0,0,DOWN,511258616801,"L"
264507,76,38,0,0,UP,511322640201,"L"
264507,65,30,0,0,DOWN,511362614501,"A"
264507,65,30,0,0,UP,511402412301,"A"
264507,78,49,0,0,DOWN,511458351801,"N"
264507,78,49,0,0,UP,511522643801,"N"
264507,68,32,0,0,DOWN,511562634901,"D"
264507,70,33,0,0,DOWN,511658709001,"F"
264507,68,32,0,0,UP,511674562201,"D"
264507,70,33,0,0,UP,511738773701,"F"
264507,72,35,0,0,DOWN,511762701601,"H"
264507,66,48,0,0,DOWN,511858608201,"B"
264507,72,35,0,0,UP,511874670201,"H"
264507,85,22,0,0,DOWN,511962643901,"U"
264507,66,48,0,0,UP,511978549501,"B"
264507,82,19,0,0,DOWN,512058685801,"R"
264507,85,22,0,0,UP,512074559801,"U"
264507,71,34,0,0,DOWN,512162632401,"G"
264507,82,19,0,0,UP,512178699201,"R"
264507,69,18,0,0,DOWN,512258709101,"E"
264507,71,34,0,0,UP,512266444401,"G"
264507,69,18,0,0,UP,512362798701,"E"
264507,78,49,0,0,DOWN,512363696501,"N"
264507,78,49,0,0,UP,512426724501,"N"
264507,76,38,0,0,DOWN,512466511101,"L"
264507,76,38,0,0,UP,512522668001,"L"
264507,65,30,0,0,DOWN,512562583001,"A"
264507,65,30,0,0,UP,512610738801,"A"
264507,78,49,0,0,DOWN,512666708201,"N"
264507,78,49,0,0,UP,512714776301,"N"
264507,68,32,0,0,DOWN,512762454001,"D"
264507,70,33,0,0,DOWN,512866754601,"F"
264507,68,32,0,0,UP,512882578001,"D"
264507,70,33,0,0,UP,512938652301,"F"
264507,72,35,0,0,DOWN,512962762901,"H"
264507,72,35,0,0,UP,513066603801,"H"
264507,66,48,0,0,DOWN,513067617301,"B"
264507,85,22,0,0,DOWN,513162672701,"U"
264507,66,48,0,0,UP,513186879501,"B"
264507,82,19,0,0,DOWN,513266528001,"R"
264507,85,22,0,0,UP,513274593401,"U"
264507,71,34,0,0,DOWN,513362605101,"G"
264507,82,19,0,0,UP,513378735101,"R"
264507,69,18,0,0,DOWN,513466865001,"E"
264507,71,34,0,0,UP,513474537001,"G"
264507,78,49,0,0,DOWN,513562667001,"N"
264507,69,18,0,0,UP,513570599101,"E"
264507,78,49,0,0,UP,513626614901,"N"
264507,76,38,0,0,DOWN,513658684201,"L"
264507,76,38,0,0,UP,513722582501,"L"
264507,65,30,0,0,DOWN,513762579601,"A"
264507,65,30,0,0,UP,513802378701,"A"
264507,78,49,0,0,DOWN,513858640301,"N"
264507,78,49,0,0,UP,513922555901,"N"
264507,68,32,0,0,DOWN,513962699001,"D"
264507,70,33,0,0,DOWN,514058608401,"F"
264507,68,32,0,0,UP,514074623301,"D"
264507,70,33,0,0,UP,514138638101,"F"
264507,72,35,0,0,DOWN,514162629701,"H"
264507,66,48,0,0,DOWN,514266559001,"B"
264507,72,35,0,0,UP,514274621401,"H"
264507,85,22,0,0,DOWN,514362664701,"U"
264507,66,48,0,0,UP,514386797801,"B"
264507,82,19,0,0,DOWN,514466531301,"R"
264507,85,22,0,0,UP,514474578901,"U"
264507,71,34,0,0,DOWN,514562657701,"G"
264507,82,19,0,0,UP,514586642501,"R"
264507,69,18,0,0,DOWN,514666697801,"E"
264507,71,34,0,0,UP,514674714501,"G"
264507,69,18,0,0,UP,514762673601,"E"
264507,78,49,0,0,DOWN,514763421801,"N"
264507,78,49,0,0,UP,514826605301,"N"
264507,76,38,0,0,DOWN,514866680301,"L"
264507,76,38,0,0,UP,514922374901,"L"
264507,65,30,0,0,DOWN,514962710601,"A"
264507,65,30,0,0,UP,515002358901,"A"
264507,78,49,0,0,DOWN,515066696401,"N"
264507,78,49,0,0,UP,515122631801,"N"
264507,68,32,0,0,DOWN,515162733801,"D"
264507,70,33,0,0,DOWN,515258680001,"F"
264507,68,32,0,0,UP,515274925901,"D"
264507,70,33,0,0,UP,515338648901,"F"
264507,72,35,0,0,DOWN,515362702201,"H"
264507,66,48,0,0,DOWN,515458743301,"B"
264507,72,35,0,0,UP,515474595901,"H"
264507,85,22,0,0,DOWN,515562808201,"U"
264507,66,48,0,0,UP,515578620301,"B"
264507,82,19,0,0,DOWN,515658674601,"R"
264507,85,22,0,0,UP,515674719501,"U"
264507,71,34,0,0,DOWN,515762746301,"G"
264507,82,19,0,0,UP,515778632701,"R"
264507,69,18,0,0,DOWN,515858543301,"E"
264507,71,34,0,0,UP,515874420401,"G"
264507,69,18,0,0,UP,515962439401,"E"
264507,78,49,0,0,DOWN,515963177501,"N"
264507,78,49,0,0,UP,516018717101,"N"
264507,76,38,0,0,DOWN,516058581601,"L"
264507,76,38,0,0,UP,516122639101,"L"
264507,65,30,0,0,DOWN,516162651301,"A"
264507,65,30,0,0,UP,516210668701,"A"
264507,78,49,0,0,DOWN,516266730501,"N"
264507,78,49,0,0,UP,516314636901,"N"
264507,68,32,0,0,DOWN,516362867701,"D"
264507,70,33,0,0,DOWN,516466767001,"F"
264507,68,32,0,0,UP,516474592701,"D"
264507,70,33,0,0,UP,516538648801,"F"
264507,72,35,0,0,DOWN,516562888001,"H"
264507,66,48,0,0,DOWN,516666750301,"B"
264507,72,35,0,0,UP,516674381901,"H"
264507,85,22,0,0,DOWN,516762677101,"U"
264507,66,48,0,0,UP,516786378901,"B"
264507,82,19,0,0,DOWN,516866651701,"R"
264507,85,22,0,0,UP,516874607101,"U"
264507,71,34,0,0,DOWN,516962733201,"G"
264507,82,19,0,0,UP,516978656301,"R"
264507,69,18,0,0,DOWN,517066844501,"E"
264507,71,34,0,0,UP,517074613201,"G"
264507,69,18,0,0,UP,517162469801,"E"
264507,78,49,0,0,DOWN,517163185801,"N"
264507,78,49,0,0,UP,517218677701,"N"
264507,76,38,0,0,DOWN,517258647001,"L"
264507,76,38,0,0,UP,517322523001,"L"
264507,65,30,0,0,DOWN,517362632701,"A"
264507,65,30,0,0,UP,517402707901,"A"
264507,78,49,0,0,DOWN,517458573001,"N"
264507,78,49,0,0,UP,517522711701,"N"
264507,68,32,0,0,DOWN,517570755801,"D"
264507,70,33,0,0,DOWN,517658699001,"F"
264507,68,32,0,0,UP,517674616801,"D"
264507,70,33,0,0,UP,517738646601,"F"
264507,72,35,0,0,DOWN,517762720301,"H"
264507,66,48,0,0,DOWN,517866703401,"B"
264507,72,35,0,0,UP,517874632901,"H"
264507,85,22,0,0,DOWN,517962740501,"U"
264507,66,48,0,0,UP,517986762801,"B"
264507,82,19,0,0,DOWN,518066671201,"R"
264507,85,22,0,0,UP,518074380901,"U"
264507,71,34,0,0,DOWN,518162724001,"G"
264507,82,19,0,0,UP,518178620801,"R"
264507,69,18,0,0,DOWN,518266323701,"E"
264507,71,34,0,0,UP,518282640101,"G"
264507,69,18,0,0,UP,518362652101,"E"
264507,78,49,0,0,DOWN,518370620301,"N"
264507,78,49,0,0,UP,518426611501,"N"
264507,76,38,0,0,DOWN,518466687301,"L"
264507,76,38,0,0,UP,518522628101,"L"
264507,65,30,0,0,DOWN,518562768701,"A"
264507,65,30,0,0,UP,518602662301,"A"
264507,78,49,0,0,DOWN,518666558001,"N"
264507,78,49,0,0,UP,518722629901,"N"
264507,68,32,0,0,DOWN,518762875901,"D"
264507,70,33,0,0,DOWN,518858627501,"F"
264507,68,32,0,0,UP,518874605701,"D"
264507,70,33,0,0,UP,518938711601,"F"
264507,72,35,0,0,DOWN,518962692201,"H"
264507,66,48,0,0,DOWN,519058554701,"B"
264507,72,35,0,0,UP,519066611101,"H"
264507,85,22,0,0,DOWN,519162768401,"U"
264507,66,48,0,0,UP,519186808401,"B"
264507,82,19,0,0,DOWN,519258758201,"R"
264507,85,22,0,0,UP,519274434201,"U"
264507,71,34,0,0,DOWN,519362667301,"G"
264507,82,19,0,0,UP,519378628601,"R"
264507,69,18,0,0,DOWN,519458704101,"E"
264507,71,34,0,0,UP,519466562501,"G"
264507,78,49,0,0,DOWN,519562598901,"N"
264507,69,18,0,0,UP,519570759301,"E"
264507,78,49,0,0,UP,519618655401,"N"
264507,76,38,0,0,DOWN,519666600401,"L"
264507,76,38,0,0,UP,519730645601,"L"
264507,65,30,0,0,DOWN,519762669301,"A"
264507,65,30,0,0,UP,519802758901,"A"
264507,78,49,0,0,DOWN,519866784701,"N"
264507,78,49,0,0,UP,519922420501,"N"
264507,68,32,0,0,DOWN,519962757301,"D"
264507,70,33,0,0,DOWN,520066642901,"F"
264507,68,32,0,0,UP,520082746501,"D"
264507,70,33,0,0,UP,520138553201,"F"
264507,72,35,0,0,DOWN,520162694501,"H"
264507,66,48,0,0,DOWN,520266641401,"B"
264507,72,35,0,0,UP,520274440301,"H"
264507,85,22,0,0,DOWN,520362656101,"U"
264507,66,48,0,0,UP,520378678901,"B"
264507,82,19,0,0,DOWN,520466784101,"R"
264507,85,22,0,0,UP,520474694701,"U"
264507,71,34,0,0,DOWN,520562442901,"G"
264507,82,19,0,0,UP,520587024201,"R"
264507,69,18,0,0,DOWN,520666670901,"E"
264507,71,34,0,0,UP,520674783501,"G"
264507,78,49,0,0,DOWN,520762671301,"N"
264507,69,18,0,0,UP,520770657601,"E"
264507,78,49,0,0,UP,520826460701,"N"
264507,76,38,0,0,DOWN,520858710001,"L"
264507,76,38,0,0,UP,520922379501,"L"
264507,65,30,0,0,DOWN,520962756001,"A"
264507,65,30,0,0,UP,521002730801,"A"
264507,78,49,0,0,DOWN,521058676501,"N"
264507,78,49,0,0,UP,521114627901,"N"
264507,68,32,0,0,DOWN,521162675001,"D"
264507,70,33,0,0,DOWN,521258658301,"F"
264507,68,32,0,0,UP,521274816601,"D"
264507,70,33,0,0,UP,521338626901,"F"
264507,72,35,0,0,DOWN,521362673401,"H"
264507,66,48,0,0,DOWN,521466675901,"B"
264507,72,35,0,0,UP,521474644801,"H"
264507,85,22,0,0,DOWN,521562650201,"U"
264507,66,48,0,0,UP,521586669301,"B"
264507,82,19,0,0,DOWN,521666798601,"R"
264507,85,22,0,0,UP,521674611501,"U"
264507,71,34,0,0,DOWN,521762691901,"G"
264507,82,19,0,0,UP,521786762901,"R"
264507,69,18,0,0,DOWN,521866679601,"E"
264507,71,34,0,0,UP,521874506401,"G"
264507,69,18,0,0,UP,521962749001,"E"
264507,78,49,0,0,DOWN,521963581001,"N"
264507,78,49,0,0,UP,522026622801,"N"
264507,76,38,0,0,DOWN,522066690601,"L"
264507,76,38,0,0,UP,522122879701,"L"
264507,65,30,0,0,DOWN,522162687001,"A"
264507,65,30,0,0,UP,522202644901,"A"
264507,78,49,0,0,DOWN,522266756801,"N"
264507,78,49,0,0,UP,522322807101,"N"
264507,68,32,0,0,DOWN,522362444701,"D"
264507,70,33,0,0,DOWN,522466653601,"F"
264507,68,32,0,0,UP,522474501601,"D"
264507,70,33,0,0,UP,522538787201,"F"
264507,72,35,0,0,DOWN,522562762101,"H"
264507,66,48,0,0,DOWN,522658796801,"B"
264507,72,35,0,0,UP,522674640601,"H"
264507,85,22,0,0,DOWN,522762698501,"U"
264507,66,48,0,0,UP,522786479601,"B"
264507,82,19,0,0,DOWN,522858718101,"R"
264507,85,22,0,0,UP,522874793901,"U"
264507,71,34,0,0,DOWN,522962758901,"G"
264507,82,19,0,0,UP,522978644401,"R"
264507,69,18,0,0,DOWN,523058666701,"E"
264507,71,34,0,0,UP,523074564701,"G"
264507,69,18,0,0,UP,523162867801,"E"
264507,78,49,0,0,DOWN,523163830501,"N"
264507,78,49,0,0,UP,523218645701,"N"
264507,76,38,0,0,DOWN,523258798601,"L"
264507,76,38,0,0,UP,523322724701,"L"
264507,65,30,0,0,DOWN,523362691301,"A"
264507,65,30,0,0,UP,523410642801,"A"
264507,78,49,0,0,DOWN,523466771001,"N"
264507,78,49,0,0,UP,523522682801,"N"
264507,68,32,0,0,DOWN,523562725101,"D"
264507,70,33,0,0,DOWN,523666695701,"F"
264507,68,32,0,0,UP,523674686501,"D"
264507,70,33,0,0,UP,523738860001,"F"
264507,72,35,0,0,DOWN,523762740801,"H"
264507,66,48,0,0,DOWN,523866701201,"B"
264507,72,35,0,0,UP,523874445901,"H"
264507,85,22,0,0,DOWN,523962757901,"U"
264507,66,48,0,0,UP,523978750701,"B"
264507,82,19,0,0,DOWN,524066879801,"R"
264507,85,22,0,0,UP,524074565701,"U"
264507,71,34,0,0,DOWN,524162736201,"G"
264507,82,19,0,0,UP,524178708701,"R"
264507,69,18,0,0,DOWN,524266750601,"E"
264507,71,34,0,0,UP,524274693501,"G"
264507,69,18,0,0,UP,524362764001,"E"
264507,78,49,0,0,DOWN,524378769301,"N"
264507,78,49,0,0,UP,524418698901,"N"
264507,76,38,0,0,DOWN,524458426901,"L"
264507,76,38,0,0,UP,524522710801,"L"
264507,65,30,0,0,DOWN,524562805001,"A"
264507,65,30,0,0,UP,524602714301,"A"
264507,78,49,0,0,DOWN,524658580101,"N"
264507,78,49,0,0,UP,524722647101,"N"
264507,68,32,0,0,DOWN,524762854401,"D"
264507,70,33,0,0,DOWN,524858553501,"F"
264507,68,32,0,0,UP,524874866401,"D"
264507,70,33,0,0,UP,524938656201,"F"
264507,72,35,0,0,DOWN,524962695301,"H"
264507,66,48,0,0,DOWN,525058611101,"B"
264507,72,35,0,0,UP,525074339701,"H"
264507,85,22,0,0,DOWN,525162827201,"U"
264507,66,48,0,0,UP,525178759401,"B"
264507,82,19,0,0,DOWN,525266804101,"R"
264507,85,22,0,0,UP,525274708501,"U"
264507,71,34,0,0,DOWN,525362729001,"G"
264507,82,19,0,0,UP,525386686001,"R"
264507,69,18,0,0,DOWN,525466789701,"E"
264507,71,34,0,0,UP,525474673301,"G"
264507,69,18,0,0,UP,525562946901,"E"
264507,78,49,0,0,DOWN,525563698001,"N"
264507,78,49,0,0,UP,525626717401,"N"
264507,76,38,0,0,DOWN,525666652001,"L"
264507,76,38,0,0,UP,525722739901,"L"
264507,65,30,0,0,DOWN,525762787301,"A"
264507,65,30,0,0,UP,525802550401,"A"
264507,78,49,0,0,DOWN,525866800101,"N"
264507,78,49,0,0,UP,525922672501,"N"
264507,68,32,0,0,DOWN,525962804701,"D"
264507,70,33,0,0,DOWN,526066683101,"F"
264507,68,32,0,0,UP,526074472501,"D"
264507,70,33,0,0,UP,526138472501,"F"
264507,72,35,0,0,DOWN,526162713401,"H"
264507,66,48,0,0,DOWN,526266732801,"B"
264507,72,35,0,0,UP,526274685401,"H"
264507,85,22,0,0,DOWN,526362742301,"U"
264507,66,48,0,0,UP,526386719001,"B"
264507,82,19,0,0,DOWN,526458852901,"R"
264507,85,22,0,0,UP,526474888501,"U"
264507,71,34,0,0,DOWN,526562731801,"G"
264507,82,19,0,0,UP,526578692701,"R"
264507,69,18,0,0,DOWN,526666512901,"E"
264507,71,34,0,0,UP,526674703801,"G"
264507,69,18,0,0,UP,526762875601,"E"
264507,78,49,0,0,DOWN,526763779001,"N"
264507,78,49,0,0,UP,526826453001,"N"
264507,76,38,0,0,DOWN,526858809501,"L"
264507,76,38,0,0,UP,526922746401,"L"
264507,65,30,0,0,DOWN,526962753401,"A"
264507,65,30,0,0,UP,527010490701,"A"
264507,78,49,0,0,DOWN,527058625601,"N"
264507,78,49,0,0,UP,527122703801,"N"
264507,68,32,0,0,DOWN,527162764201,"D"
264507,70,33,0,0,DOWN,527266758601,"F"
264507,68,32,0,0,UP,527274716401,"D"
264507,70,33,0,0,UP,527346853101,"F"
264507,72,35,0,0,DOWN,527362720101,"H"
264507,66,48,0,0,DOWN,527466760401,"B"
264507,72,35,0,0,UP,527474686901,"H"
264507,85,22,0,0,DOWN,527562572101,"U"
264507,66,48,0,0,UP,527586680601,"B"
264507,82,19,0,0,DOWN,527666790901,"R"
264507,85,22,0,0,UP,527674696801,"U"
264507,71,34,0,0,DOWN,527762870201,"G"
264507,82,19,0,0,UP,527786880501,"R"
264507,69,18,0,0,DOWN,527866816401,"E"
264507,71,34,0,0,UP,527874333501,"G"
264507,69,18,0,0,UP,527962770501,"E"
264507,78,49,0,0,DOWN,527963588701,"N"
264507,78,49,0,0,UP,528026727201,"N"
264507,76,38,0,0,DOWN,528058741801,"L"
264507,76,38,0,0,UP,528122697901,"L"
264507,65,30,0,0,DOWN,528162844901,"A"
264507,65,30,0,0,UP,528202757601,"A"
264507,78,49,0,0,DOWN,528258710501,"N"
264507,78,49,0,0,UP,528314697801,"N"
264507,68,32,0,0,DOWN,528362736401,"D"
264507,70,33,0,0,DOWN,528458722001,"F"
264507,68,32,0,0,UP,528474832101,"D"
264507,70,33,0,0,UP,528538748901,"F"
264507,72,35,0,0,DOWN,528562718501,"H"
264507,66,48,0,0,DOWN,528658757801,"B"
264507,72,35,0,0,UP,528666709401,"H"
264507,85,22,0,0,DOWN,528762684401,"U"
264507,66,48,0,0,UP,528786738401,"B"
264507,82,19,0,0,DOWN,528858740501,"R"
264507,85,22,0,0,UP,528874773401,"U"
264507,71,34,0,0,DOWN,528962717101,"G"
264507,82,19,0,0,UP,528978563401,"R"
264507,69,18,0,0,DOWN,529066625001,"E"
264507,71,34,0,0,UP,529074760401,"G"
264507,78,49,0,0,DOWN,529162781101,"N"
264507,69,18,0,0,UP,529170510401,"E"
264507,78,49,0,0,UP,529226651901,"N"
264507,76,38,0,0,DOWN,529266740701,"L"
264507,76,38,0,0,UP,529314587001,"L"
264507,65,30,0,0,DOWN,529362707601,"A"
264507,65,30,0,0,UP,529402827201,"A"
264507,78,49,0,0,DOWN,529466769901,"N"
264507,78,49,0,0,UP,529522733601,"N"
264507,68,32,0,0,DOWN,529562745601,"D"
264507,70,33,0,0,DOWN,529666731601,"F"
264507,68,32,0,0,UP,529674706001,"D"
264507,70,33,0,0,UP,529738682001,"F"
264507,72,35,0,0,DOWN,529762770101,"H"
264507,66,48,0,0,DOWN,529866822601,"B"
264507,72,35,0,0,UP,529874653501,"H"
264507,85,22,0,0,DOWN,529962736201,"U"
264507,66,48,0,0,UP,529986759901,"B"
264507,82,19,0,0,DOWN,530058798601,"R"
264507,85,22,0,0,UP,530066589201,"U"
264507,71,34,0,0,DOWN,530162501301,"G"
264507,82,19,0,0,UP,530178861501,"R"
264507,69,18,0,0,DOWN,530266733201,"E"
264507,71,34,0,0,UP,530274704901,"G"
264507,78,49,0,0,DOWN,530362520001,"N"
264507,69,18,0,0,UP,530370888401,"E"
264507,78,49,0,0,UP,530418703001,"N"
264507,76,38,0,0,DOWN,530458743001,"L"
264507,76,38,0,0,UP,530522769301,"L"
264507,65,30,0,0,DOWN,530562526001,"A"
264507,65,30,0,0,UP,530610774801,"A"
264507,78,49,0,0,DOWN,530658836301,"N"
264507,78,49,0,0,UP,530723002901,"N"
264507,68,32,0,0,DOWN,530762686701,"D"
264507,70,33,0,0,DOWN,530866767301,"F"
264507,68,32,0,0,UP,530874729201,"D"
264507,70,33,0,0,UP,530946706601,"F"
264507,72,35,0,0,DOWN,530962632201,"H"
264507,66,48,0,0,DOWN,531066774801,"B"
264507,72,35,0,0,UP,531074744301,"H"
264507,85,22,0,0,DOWN,531162752801,"U"
264507,66,48,0,0,UP,531186856701,"B"
264507,82,19,0,0,DOWN,531266801001,"R"
264507,85,22,0,0,UP,531274723101,"U"
264507,71,34,0,0,DOWN,531362889301,"G"
264507,82,19,0,0,UP,531386779701,"R"
264507,69,18,0,0,DOWN,531466811401,"E"
264507,71,34,0,0,UP,531474718801,"G"
264507,69,18,0,0,UP,531562859201,"E"
264507,78,49,0,0,DOWN,531563680201,"N"
264507,78,49,0,0,UP,531626739201,"N"
264507,76,38,0,0,DOWN,531666840301,"L"
264507,76,38,0,0,UP,531722720001,"L"
264507,65,30,0,0,DOWN,531762938501,"A"
264507,65,30,0,0,UP,531802723201,"A"
264507,78,49,0,0,DOWN,531866743101,"N"
264507,78,49,0,0,UP,531914742401,"N"
264507,68,32,0,0,DOWN,531962879401,"D"
264507,70,33,0,0,DOWN,532058779101,"F"
264507,68,32,0,0,UP,532074798101,"D"
264507,70,33,0,0,UP,532138797801,"F"
264507,72,35,0,0,DOWN,532162749501,"H"
264507,66,48,0,0,DOWN,532258732701,"B"
264507,72,35,0,0,UP,532274773101,"H"
264507,85,22,0,0,DOWN,532362770301,"U"
264507,66,48,0,0,UP,532386768501,"B"
264507,82,19,0,0,DOWN,532458892401,"R"
264507,85,22,0,0,UP,532474705501,"U"
264507,71,34,0,0,DOWN,532562746001,"G"
264507,82,19,0,0,UP,532578785901,"R"
264507,69,18,0,0,DOWN,532658558501,"E"
264507,71,34,0,0,UP,532674524201,"G"
264507,69,18,0,0,UP,532762787301,"E"
264507,78,49,0,0,DOWN,532763703301,"N"
264507,78,49,0,0,UP,532826621401,"N"
264507,76,38,0,0,DOWN,532866784101,"L"
264507,76,38,0,0,UP,532914693201,"L"
264507,65,30,0,0,DOWN,532962783401,"A"
264507,65,30,0,0,UP,533002807801,"A"
264507,78,49,0,0,DOWN,533066718101,"N"
264507,78,49,0,0,UP,533122819801,"N"
264507,68,32,0,0,DOWN,533162832801,"D"
264507,70,33,0,0,DOWN,533266439301,"F"
264507,68,32,0,0,UP,533282613001,"D"
264507,70,33,0,0,UP,533338748801,"F"
264507,72,35,0,0,DOWN,533362761201,"H"
264507,72,35,0,0,UP,533466890101,"H"
264507,66,48,0,0,DOWN,533467680901,"B"
264507,85,22,0,0,DOWN,533562751701,"U"
264507,66,48,0,0,UP,533586881501,"B"
264507,82,19,0,0,DOWN,533666818101,"R"
264507,85,22,0,0,UP,533674375301,"U"
264507,71,34,0,0,DOWN,533762766301,"G"
264507,82,19,0,0,UP,533786803301,"R"
264507,69,18,0,0,DOWN,533866824601,"E"
264507,71,34,0,0,UP,533874709601,"G"
264507,78,49,0,0,DOWN,533962792201,"N"
264507,69,18,0,0,UP,533970807801,"E"
264507,78,49,0,0,UP,534026731901,"N"
264507,76,38,0,0,DOWN,534059122301,"L"
264507,76,38,0,0,UP,534122710201,"L"
264507,65,30,0,0,DOWN,534162831101,"A"
264507,65,30,0,0,UP,534202754001,"A"
264507,78,49,0,0,DOWN,534258938501,"N"
264507,78,49,0,0,UP,534322789701,"N"
264507,68,32,0,0,DOWN,534370863201,"D"
264507,70,33,0,0,DOWN,534458801301,"F"
264507,68,32,0,0,UP,534474802301,"D"
264507,70,33,0,0,UP,534538610401,"F"
264507,72,35,0,0,DOWN,534562832501,"H"
264507,66,48,0,0,DOWN,534658762601,"B"
264507,72,35,0,0,UP,534666715201,"H"
264507,85,22,0,0,DOWN,534762940901,"U"
264507,66,48,0,0,UP,534786837301,"B"
264507,82,19,0,0,DOWN,534866644601,"R"
264507,85,22,0,0,UP,534874759701,"U"
264507,71,34,0,0,DOWN,534962943501,"G"
264507,82,19,0,0,UP,534986755201,"R"
264507,69,18,0,0,DOWN,535066535701,"E"
264507,71,34,0,0,UP,535074802201,"G"
264507,69,18,0,0,UP,535162807701,"E"
264507,78,49,0,0,DOWN,535163819401,"N"
264507,78,49,0,0,UP,535226831801,"N"
264507,76,38,0,0,DOWN,535266813801,"L"
264507,76,38,0,0,UP,535322783701,"L"
264507,65,30,0,0,DOWN,535362849701,"A"
264507,65,30,0,0,UP,535402592601,"A"
264507,78,49,0,0,DOWN,535466908701,"N"
264507,78,49,0,0,UP,535522830201,"N"
264507,68,32,0,0,DOWN,535562982301,"D"
264507,70,33,0,0,DOWN,535666592501,"F"
264507,68,32,0,0,UP,535682688701,"D"
264507,70,33,0,0,UP,535738820201,"F"
264507,72,35,0,0,DOWN,535762831101,"H"
264507,72,35,0,0,UP,535866703101,"H"
264507,66,48,0,0,DOWN,535867738301,"B"
264507,85,22,0,0,DOWN,535962841201,"U"
264507,66,48,0,0,UP,535986759201,"B"
264507,82,19,0,0,DOWN,536058765301,"R"
264507,85,22,0,0,UP,536074801401,"U"
264507,71,34,0,0,DOWN,536162826401,"G"
264507,82,19,0,0,UP,536178916301,"R"
264507,69,18,0,0,DOWN,536266602101,"E"
264507,71,34,0,0,UP,536274726001,"G"
264507,78,49,0,0,DOWN,536362842801,"N"
264507,69,18,0,0,UP,536370775001,"E"
264507,78,49,0,0,UP,536418652101,"N"
264507,76,38,0,0,DOWN,536458798601,"L"
264507,76,38,0,0,UP,536530867501,"L"
264507,65,30,0,0,DOWN,536562799501,"A"
264507,65,30,0,0,UP,536610848101,"A"
264507,78,49,0,0,DOWN,536666735101,"N"
264507,78,49,0,0,UP,536722770901,"N"
264507,68,32,0,0,DOWN,536762874801,"D"
264507,70,33,0,0,DOWN,536866838801,"F"
264507,68,32,0,0,UP,536874801401,"D"
264507,70,33,0,0,UP,536938665701,"F"
264507,72,35,0,0,DOWN,536962854001,"H"
264507,66,48,0,0,DOWN,537066877801,"B"
264507,72,35,0,0,UP,537074398101,"H"
264507,85,22,0,0,DOWN,537162878001,"U"
264507,66,48,0,0,UP,537186912201,"B"
264507,82,19,0,0,DOWN,537266897601,"R"
264507,85,22,0,0,UP,537274688601,"U"
264507,71,34,0,0,DOWN,537362808401,"G"
264507,82,19,0,0,UP,537378758301,"R"
264507,69,18,0,0,DOWN,537466907001,"E"
264507,71,34,0,0,UP,537474573901,"G"
264507,69,18,0,0,UP,537562848101,"E"
264507,78,49,0,0,DOWN,537563650101,"N"
264507,78,49,0,0,UP,537626935501,"N"
264507,76,38,0,0,DOWN,537658994901,"L"
264507,76,38,0,0,UP,537722825801,"L"
264507,65,30,0,0,DOWN,537762833801,"A"
264507,65,30,0,0,UP,537802910101,"A"
264507,78,49,0,0,DOWN,537858864901,"N"
264507,78,49,0,0,UP,537914981101,"N"
264507,68,32,0,0,DOWN,537963044501,"D"
264507,70,33,0,0,DOWN,538059022001,"F"
264507,68,32,0,0,UP,538074834201,"D"
264507,70,33,0,0,UP,538138878201,"F"
264507,72,35,0,0,DOWN,538162819301,"H"
264507,66,48,0,0,DOWN,538258938001,"B"
264507,72,35,0,0,UP,538275070801,"H"
264507,85,22,0,0,DOWN,538362894501,"U"
264507,66,48,0,0,UP,538386919501,"B"
264507,82,19,0,0,DOWN,538458902201,"R"
264507,85,22,0,0,UP,538475132001,"U"
264507,71,34,0,0,DOWN,538562887201,"G"
264507,82,19,0,0,UP,538578827801,"R"
264507,69,18,0,0,DOWN,538666789001,"E"
264507,71,34,0,0,UP,538674777101,"G"
264507,69,18,0,0,UP,538763026401,"E"
264507,78,49,0,0,DOWN,538763907701,"N"
264507,78,49,0,0,UP,538826780801,"N"
264507,76,38,0,0,DOWN,538866901801,"L"
264507,76,38,0,0,UP,538922786701,"L"
264507,65,30,0,0,DOWN,538962837901,"A"
264507,65,30,0,0,UP,539002591801,"A"
264507,78,49,0,0,DOWN,539066840301,"N"
264507,78,49,0,0,UP,539123084701,"N"
264507,68,32,0,0,DOWN,539162837201,"D"
264507,70,33,0,0,DOWN,539266952401,"F"
264507,68,32,0,0,UP,539282771601,"D"
264507,70,33,0,0,UP,539338854001,"F"
264507,72,35,0,0,DOWN,539362837101,"H"
264507,66,48,0,0,DOWN,539466843701,"B"
264507,72,35,0,0,UP,539474610801,"H"
264507,85,22,0,0,DOWN,539562803901,"U"
264507,66,48,0,0,UP,539586691901,"B"
264507,82,19,0,0,DOWN,539666871001,"R"
264507,85,22,0,0,UP,539674679801,"U"
264507,71,34,0,0,DOWN,539762968101,"G"
264507,82,19,0,0,UP,539778946901,"R"
264507,69,18,0,0,DOWN,539866904701,"E"
264507,71,34,0,0,UP,539874803601,"G"
264507,69,18,0,0,UP,539962869701,"E"
264507,78,49,0,0,DOWN,539963850801,"N"
264507,78,49,0,0,UP,540026868801,"N"
264507,76,38,0,0,DOWN,540058767401,"L"
264507,76,38,0,0,UP,540122856001,"L"
264507,65,30,0,0,DOWN,540162865201,"A"
264507,65,30,0,0,UP,540202803601,"A"
264507,78,49,0,0,DOWN,540258827501,"N"
264507,78,49,0,0,UP,540322873701,"N"
264507,68,32,0,0,DOWN,540370891301,"D"
264507,70,33,0,0,DOWN,540458917601,"F"
264507,68,32,0,0,UP,540474957401,"D"
264507,70,33,0,0,UP,540538826401,"F"
264507,72,35,0,0,DOWN,540562895701,"H"
264507,66,48,0,0,DOWN,540666856801,"B"
264507,72,35,0,0,UP,540674893901,"H"
264507,85,22,0,0,DOWN,540762856101,"U"
264507,66,48,0,0,UP,540786616701,"B"
264507,82,19,0,0,DOWN,540866993801,"R"
264507,85,22,0,0,UP,540874412601,"U"
264507,71,34,0,0,DOWN,540962903401,"G"
264507,82,19,0,0,UP,540986623301,"R"
264507,71,34,0,0,UP,541066857101,"G"
264507,69,18,0,0,DOWN,541067796601,"E"
264507,69,18,0,0,UP,541163022901,"E"
264507,78,49,0,0,DOWN,541164214601,"N"
264507,78,49,0,0,UP,541226840001,"N"
264507,76,38,0,0,DOWN,541266985401,"L"
264507,76,38,0,0,UP,541322859701,"L"
264507,65,30,0,0,DOWN,541362954601,"A"
264507,65,30,0,0,UP,541402818901,"A"
264507,78,49,0,0,DOWN,541466879201,"N"
264507,78,49,0,0,UP,541522829801,"N"
264507,68,32,0,0,DOWN,541562917501,"D"
264507,70,33,0,0,DOWN,541666854601,"F"
264507,68,32,0,0,UP,541674541601,"D"
264507,70,33,0,0,UP,541738892401,"F"
264507,72,35,0,0,DOWN,541762904201,"H"
264507,66,48,0,0,DOWN,541858887501,"B"
264507,72,35,0,0,UP,541874559101,"H"
264507,85,22,0,0,DOWN,541962966501,"U"
264507,66,48,0,0,UP,541986934701,"B"
264507,82,19,0,0,DOWN,542058816101,"R"
264507,85,22,0,0,UP,542074839601,"U"
264507,71,34,0,0,DOWN,542162877001,"G"
264507,82,19,0,0,UP,542179007801,"R"
264507,71,34,0,0,UP,542258835601,"G"
264507,69,18,0,0,DOWN,542266898101,"E"
264507,78,49,0,0,DOWN,542362851101,"N"
264507,69,18,0,0,UP,542370598301,"E"
264507,78,49,0,0,UP,542426931901,"N"
264507,76,38,0,0,DOWN,542458963401,"L"
264507,76,38,0,0,UP,542530710901,"L"
264507,65,30,0,0,DOWN,542562865201,"A"
264507,65,30,0,0,UP,542610861001,"A"
264507,78,49,0,0,DOWN,542666920701,"N"
264507,78,49,0,0,UP,542730806201,"N"
264507,68,32,0,0,DOWN,542762924501,"D"
264507,70,33,0,0,DOWN,542866885601,"F"
264507,68,32,0,0,UP,542874764801,"D"
264507,70,33,0,0,UP,542939019701,"F"
264507,72,35,0,0,DOWN,542962956001,"H"
264507,66,48,0,0,DOWN,543066895701,"B"
264507,72,35,0,0,UP,543074511901,"H"
264507,85,22,0,0,DOWN,543162921401,"U"
264507,66,48,0,0,UP,543186911301,"B"
264507,82,19,0,0,DOWN,543266913401,"R"
264507,85,22,0,0,UP,543274610001,"U"
264507,71,34,0,0,DOWN,543362896001,"G"
264507,82,19,0,0,UP,543386850901,"R"
264507,69,18,0,0,DOWN,543466954701,"E"
264507,71,34,0,0,UP,543474548001,"G"
264507,69,18,0,0,UP,543562823901,"E"
264507,78,49,0,0,DOWN,543570942001,"N"
264507,78,49,0,0,UP,543626862101,"N"
264507,76,38,0,0,DOWN,543658896901,"L"
264507,76,38,0,0,UP,543722802301,"L"
264507,65,30,0,0,DOWN,543762933401,"A"
264507,65,30,0,0,UP,543802881501,"A"
264507,78,49,0,0,DOWN,543858875201,"N"
264507,78,49,0,0,UP,543922820501,"N"
264507,68,32,0,0,DOWN,543962903201,"D"
264507,70,33,0,0,DOWN,544058886501,"F"
264507,68,32,0,0,UP,544074939101,"D"
264507,70,33,0,0,UP,544138686001,"F"
264507,72,35,0,0,DOWN,544162827801,"H"
264507,66,48,0,0,DOWN,544258659901,"B"
264507,72,35,0,0,UP,544274937801,"H"
264507,85,22,0,0,DOWN,544362948001,"U"
264507,66,48,0,0,UP,544378921401,"B"
264507,82,19,0,0,DOWN,544458959901,"R"
264507,85,22,0,0,UP,544475071601,"U"
264507,71,34,0,0,DOWN,544562850401,"G"
264507,82,19,0,0,UP,544586952601,"R"
264507,69,18,0,0,DOWN,544666849601,"E"
264507,71,34,0,0,UP,544674780101,"G"
264507,69,18,0,0,UP,544762654501,"E"
264507,78,49,0,0,DOWN,544763434701,"N"
264507,78,49,0,0,UP,544826939901,"N"
264507,76,38,0,0,DOWN,544866922401,"L"
264507,76,38,0,0,UP,544914982301,"L"
264507,65,30,0,0,DOWN,544962907301,"A"
264507,65,30,0,0,UP,545002997201,"A"
264507,78,49,0,0,DOWN,545066884401,"N"
264507,78,49,0,0,UP,545122599201,"N"
264507,68,32,0,0,DOWN,545162901601,"D"
264507,70,33,0,0,DOWN,545266832001,"F"
264507,68,32,0,0,UP,545275125001,"D"
264507,70,33,0,0,UP,545338720501,"F"
264507,72,35,0,0,DOWN,545362937101,"H"
264507,66,48,0,0,DOWN,545466892301,"B"
264507,72,35,0,0,UP,545474707001,"H"
264507,85,22,0,0,DOWN,545562943001,"U"
264507,66,48,0,0,UP,545586883401,"B"
264507,82,19,0,0,DOWN,545658861001,"R"
264507,85,22,0,0,UP,545674834201,"U"
264507,71,34,0,0,DOWN,545762930501,"G"
264507,82,19,0,0,UP,545778981101,"R"
264507,69,18,0,0,DOWN,545866875201,"E"
264507,71,34,0,0,UP,545875187601,"G"
264507,69,18,0,0,UP,545962657901,"E"
264507,78,49,0,0,DOWN,545963478701,"N"
264507,78,49,0,0,UP,546026870001,"N"
264507,76,38,0,0,DOWN,546058967101,"L"
264507,76,38,0,0,UP,546130934601,"L"
264507,65,30,0,0,DOWN,546162900901,"A"
264507,65,30,0,0,UP,546210860701,"A"
264507,78,49,0,0,DOWN,546258853201,"N"
264507,78,49,0,0,UP,546330661901,"N"
264507,68,32,0,0,DOWN,546363004901,"D"
264507,70,33,0,0,DOWN,546458630501,"F"
264507,68,32,0,0,UP,546474846101,"D"
264507,70,33,0,0,UP,546538606101,"F"
264507,72,35,0,0,DOWN,546562549101,"H"
264507,66,48,0,0,DOWN,546666615401,"B"
264507,72,35,0,0,UP,546674891701,"H"
264507,85,22,0,0,DOWN,546762857901,"U"
264507,66,48,0,0,UP,546787029401,"B"
264507,82,19,0,0,DOWN,546866864401,"R"
264507,85,22,0,0,UP,546874987301,"U"
264507,71,34,0,0,DOWN,546962825001,"G"
264507,82,19,0,0,UP,546978847401,"R"
264507,69,18,0,0,DOWN,547066885801,"E"
264507,71,34,0,0,UP,547074672201,"G"
264507,69,18,0,0,UP,547162566301,"E"
264507,78,49,0,0,DOWN,547163377901,"N"
264507,78,49,0,0,UP,547226986901,"N"
264507,76,38,0,0,DOWN,547266617701,"L"
264507,76,38,0,0,UP,547322822901,"L"
264507,65,30,0,0,DOWN,547362908001,"A"
264507,65,30,0,0,UP,547402901101,"A"
264507,78,49,0,0,DOWN,547466926601,"N"
264507,78,49,0,0,UP,547522896801,"N"
264507,68,32,0,0,DOWN,547562904701,"D"
264507,70,33,0,0,DOWN,547666716701,"F"
264507,68,32,0,0,UP,547674646401,"D"
264507,70,33,0,0,UP,547738950601,"F"
264507,72,35,0,0,DOWN,547762974901,"H"
264507,66,48,0,0,DOWN,547858924201,"B"
264507,72,35,0,0,UP,547874753801,"H"
264507,85,22,0,0,DOWN,547962891201,"U"
264507,66,48,0,0,UP,547986865901,"B"
264507,82,19,0,0,DOWN,548058629301,"R"
264507,85,22,0,0,UP,548074597401,"U"
264507,71,34,0,0,DOWN,548162926901,"G"
264507,82,19,0,0,UP,548179047901,"R"
264507,69,18,0,0,DOWN,548258597501,"E"
264507,71,34,0,0,UP,548274646801,"G"
264507,69,18,0,0,UP,548362906401,"E"
264507,78,49,0,0,DOWN,548363683101,"N"
264507,78,49,0,0,UP,548426964701,"N"
264507,76,38,0,0,DOWN,548458769101,"L"
264507,76,38,0,0,UP,548522913101,"L"
264507,65,30,0,0,DOWN,548562956701,"A"
264507,65,30,0,0,UP,548610873201,"A"
264507,78,49,0,0,DOWN,548666897201,"N"
264507,78,49,0,0,UP,548730811301,"N"
264507,68,32,0,0,DOWN,548762886201,"D"
264507,70,33,0,0,DOWN,548866912601,"F"
264507,68,32,0,0,UP,548882901801,"D"
264507,70,33,0,0,UP,548938959201,"F"
264507,72,35,0,0,DOWN,548962919101,"H"
264507,66,48,0,0,DOWN,549066936501,"B"
264507,72,35,0,0,UP,549082975601,"H"
264507,85,22,0,0,DOWN,549162954401,"U"
264507,66,48,0,0,UP,549186849601,"B"
264507,82,19,0,0,DOWN,549266910301,"R"
264507,85,22,0,0,UP,549274778001,"U"
264507,71,34,0,0,DOWN,549362929801,"G"
264507,82,19,0,0,UP,549386918701,"R"
264507,69,18,0,0,DOWN,549466917901,"E"
264507,71,34,0,0,UP,549474982801,"G"
264507,69,18,0,0,UP,549563096601,"E"
264507,78,49,0,0,DOWN,549563856201,"N"
264507,78,49,0,0,UP,549626837801,"N"
264507,76,38,0,0,DOWN,549658936601,"L"
264507,76,38,0,0,UP,549722932901,"L"
264507,65,30,0,0,DOWN,549762957401,"A"
264507,65,30,0,0,UP,549802906901,"A"
264507,78,49,0,0,DOWN,549859049401,"N"
264507,78,49,0,0,UP,549922988401,"N"
264507,68,32,0,0,DOWN,549963005301,"D"
264507,70,33,0,0,DOWN,550058752501,"F"
264507,68,32,0,0,UP,550074888801,"D"
264507,70,33,0,0,UP,550138964101,"F"
264507,72,35,0,0,DOWN,550163142401,"H"
264507,66,48,0,0,DOWN,550258874901,"B"
264507,72,35,0,0,UP,550274946601,"H"
264507,85,22,0,0,DOWN,550363106301,"U"
264507,66,48,0,0,UP,550387065201,"B"
264507,82,19,0,0,DOWN,550466923101,"R"
264507,85,22,0,0,UP,550474882801,"U"
264507,71,34,0,0,DOWN,550562925201,"G"
264507,82,19,0,0,UP,550586616001,"R"
264507,69,18,0,0,DOWN,550666893301,"E"
264507,71,34,0,0,UP,550674912301,"G"
264507,69,18,0,0,UP,550762956901,"E"
264507,78,49,0,0,DOWN,550763852801,"N"
264507,78,49,0,0,UP,550826690501,"N"
264507,76,38,0,0,DOWN,550867004301,"L"
264507,76,38,0,0,UP,550922889301,"L"
264507,65,30,0,0,DOWN,550962988301,"A"
264507,65,30,0,0,UP,551002948001,"A"
264507,78,49,0,0,DOWN,551066929501,"N"
264507,78,49,0,0,UP,551122859601,"N"
264507,68,32,0,0,DOWN,551163007501,"D"
264507,70,33,0,0,DOWN,551267048301,"F"
264507,68,32,0,0,UP,551282894001,"D"
264507,70,33,0,0,UP,551339023401,"F"
264507,72,35,0,0,DOWN,551363020101,"H"
264507,66,48,0,0,DOWN,551466996701,"B"
264507,72,35,0,0,UP,551474654801,"H"
264507,85,22,0,0,DOWN,551562950401,"U"
264507,66,48,0,0,UP,551586625401,"B"
264507,82,19,0,0,DOWN,551666900301,"R"
264507,85,22,0,0,UP,551674876301,"U"
264507,71,34,0,0,DOWN,551763004401,"G"
264507,82,19,0,0,UP,551778894301,"R"
264507,69,18,0,0,DOWN,551866885201,"E"
264507,71,34,0,0,UP,551874880901,"G"
264507,69,18,0,0,UP,551962685501,"E"
264507,78,49,0,0,DOWN,551963501601,"N"
264507,78,49,0,0,UP,552027068001,"N"
264507,76,38,0,0,DOWN,552059113501,"L"
264507,76,38,0,0,UP,552122933101,"L"
264507,65,30,0,0,DOWN,552163038301,"A"
264507,65,30,0,0,UP,552210901801,"A"
264507,78,49,0,0,DOWN,552259095501,"N"
264507,78,49,0,0,UP,552330931501,"N"
264507,68,32,0,0,DOWN,552363003501,"D"
264507,70,33,0,0,DOWN,552459000501,"F"
264507,68,32,0,0,UP,552475018001,"D"
264507,70,33,0,0,UP,552539106701,"F"
264507,72,35,0,0,DOWN,552563011201,"H"
264507,66,48,0,0,DOWN,552666931601,"B"
264507,72,35,0,0,UP,552675018401,"H"
264507,85,22,0,0,DOWN,552762721901,"U"
264507,66,48,0,0,UP,552786869101,"B"
264507,82,19,0,0,DOWN,552867010501,"R"
264507,85,22,0,0,UP,552874982801,"U"
264507,71,34,0,0,DOWN,552962928501,"G"
264507,82,19,0,0,UP,552987036901,"R"
264507,69,18,0,0,DOWN,553067042701,"E"
264507,71,34,0,0,UP,553075357801,"G"
264507,69,18,0,0,UP,553163030501,"E"
264507,78,49,0,0,DOWN,553163874601,"N"
264507,78,49,0,0,UP,553226934301,"N"
264507,76,38,0,0,DOWN,553266973501,"L"
264507,76,38,0,0,UP,553322932201,"L"
264507,65,30,0,0,DOWN,553362933701,"A"
264507,65,30,0,0,UP,553403114601,"A"
264507,78,49,0,0,DOWN,553466974901,"N"
264507,78,49,0,0,UP,553523106201,"N"
264507,68,32,0,0,DOWN,553562961801,"D"
264507,70,33,0,0,DOWN,553666947901,"F"
264507,68,32,0,0,UP,553675010701,"D"
264507,70,33,0,0,UP,553739050701,"F"
264507,72,35,0,0,DOWN,553762901201,"H"
264507,66,48,0,0,DOWN,553859106601,"B"
264507,72,35,0,0,UP,553875064601,"H"
264507,85,22,0,0,DOWN,553962988301,"U"
264507,66,48,0,0,UP,553986898701,"B"
264507,82,19,0,0,DOWN,554058988501,"R"
264507,85,22,0,0,UP,554074980801,"U"
264507,71,34,0,0,DOWN,554162704401,"G"
264507,82,19,0,0,UP,554179045201,"R"
264507,69,18,0,0,DOWN,554258968801,"E"
264507,71,34,0,0,UP,554275109301,"G"
264507,69,18,0,0,UP,554362734801,"E"
264507,78,49,0,0,DOWN,554363608901,"N"
264507,78,49,0,0,UP,554426943101,"N"
264507,76,38,0,0,DOWN,554458965601,"L"
264507,76,38,0,0,UP,554522993001,"L"
264507,65,30,0,0,DOWN,554562756801,"A"
264507,65,30,0,0,UP,554610993601,"A"
264507,78,49,0,0,DOWN,554666698101,"N"
264507,78,49,0,0,UP,554730874901,"N"
264507,68,32,0,0,DOWN,554762725701,"D"
264507,70,33,0,0,DOWN,554866999301,"F"
264507,68,32,0,0,UP,554882965101,"D"
264507,70,33,0,0,UP,554938964101,"F"
264507,72,35,0,0,DOWN,554962699201,"H"
264507,66,48,0,0,DOWN,555067058201,"B"
264507,72,35,0,0,UP,555075071301,"H"
264507,85,22,0,0,DOWN,555162962401,"U"
264507,66,48,0,0,UP,555186957101,"B"
264507,82,19,0,0,DOWN,555266930501,"R"
264507,85,22,0,0,UP,555274949801,"U"
264507,71,34,0,0,DOWN,555363058601,"G"
264507,82,19,0,0,UP,555386948601,"R"
264507,69,18,0,0,DOWN,555467027501,"E"
264507,71,34,0,0,UP,555474994901,"G"
264507,69,18,0,0,UP,555563056301,"E"
264507,78,49,0,0,DOWN,555563821501,"N"
264507,78,49,0,0,UP,555618960101,"N"
264507,76,38,0,0,DOWN,555658968501,"L"
264507,76,38,0,0,UP,555722981101,"L"
264507,65,30,0,0,DOWN,555763097901,"A"
264507,65,30,0,0,UP,555803420401,"A"
264507,78,49,0,0,DOWN,555859017801,"N"
264507,78,49,0,0,UP,555922956501,"N"
264507,68,32,0,0,DOWN,555963137901,"D"
264507,70,33,0,0,DOWN,556058978701,"F"
264507,68,32,0,0,UP,556074953501,"D"
264507,70,33,0,0,UP,556139008801,"F"
264507,72,35,0,0,DOWN,556163035901,"H"
264507,66,48,0,0,DOWN,556259071501,"B"
264507,72,35,0,0,UP,556275014401,"H"
264507,85,22,0,0,DOWN,556362974001,"U"
264507,66,48,0,0,UP,556379210401,"B"
264507,82,19,0,0,DOWN,556466960401,"R"
264507,85,22,0,0,UP,556474963901,"U"
264507,71,34,0,0,DOWN,556562909601,"G"
264507,82,19,0,0,UP,556586916801,"R"
264507,69,18,0,0,DOWN,556667017901,"E"
264507,71,34,0,0,UP,556674990601,"G"
264507,69,18,0,0,UP,556763024101,"E"
264507,78,49,0,0,DOWN,556764168901,"N"
264507,78,49,0,0,UP,556827000801,"N"
264507,76,38,0,0,DOWN,556866817101,"L"
264507,76,38,0,0,UP,556923010801,"L"
264507,65,30,0,0,DOWN,556963017801,"A"
264507,65,30,0,0,UP,557002808301,"A"
264507,78,49,0,0,DOWN,557066927201,"N"
264507,78,49,0,0,UP,557122947701,"N"
264507,68,32,0,0,DOWN,557163026801,"D"
264507,70,33,0,0,DOWN,557266987301,"F"
264507,68,32,0,0,UP,557275026201,"D"
264507,70,33,0,0,UP,557339045201,"F"
264507,72,35,0,0,DOWN,557363015401,"H"
264507,66,48,0,0,DOWN,557466926001,"B"
264507,72,35,0,0,UP,557474558401,"H"
264507,85,22,0,0,DOWN,557562897201,"U"
264507,66,48,0,0,UP,557587003601,"B"
264507,82,19,0,0,DOWN,557666988701,"R"
264507,85,22,0,0,UP,557675049701,"U"
264507,71,34,0,0,DOWN,557763049001,"G"
264507,82,19,0,0,UP,557778939401,"R"
264507,69,18,0,0,DOWN,557866974901,"E"
264507,71,34,0,0,UP,557874998701,"G"
264507,69,18,0,0,UP,557963021201,"E"
264507,78,49,0,0,DOWN,557963689101,"N"
264507,78,49,0,0,UP,558026950901,"N"
264507,76,38,0,0,DOWN,558058977201,"L"
264507,76,38,0,0,UP,558122935101,"L"
264507,65,30,0,0,DOWN,558163022401,"A"
264507,65,30,0,0,UP,558211009301,"A"
264507,78,49,0,0,DOWN,558258697201,"N"
264507,78,49,0,0,UP,558331072001,"N"
264507,68,32,0,0,DOWN,558362873701,"D"
264507,70,33,0,0,DOWN,558466987801,"F"
264507,68,32,0,0,UP,558475020101,"D"
264507,70,33,0,0,UP,558547038401,"F"
264507,72,35,0,0,DOWN,558563005401,"H"
264507,66,48,0,0,DOWN,558666937701,"B"
264507,72,35,0,0,UP,558674926901,"H"
264507,85,22,0,0,DOWN,558763001401,"U"
264507,66,48,0,0,UP,558787337601,"B"
264507,82,19,0,0,DOWN,558867023201,"R"
264507,85,22,0,0,UP,558875108201,"U"
264507,71,34,0,0,DOWN,558963037601,"G"
264507,82,19,0,0,UP,558986722401,"R"
264507,69,18,0,0,DOWN,559067009401,"E"
264507,71,34,0,0,UP,559075052401,"G"
264507,78,49,0,0,DOWN,559163028401,"N"
264507,69,18,0,0,UP,559170989001,"E"
264507,78,49,0,0,UP,559227013201,"N"
264507,76,38,0,0,DOWN,559266997401,"L"
264507,76,38,0,0,UP,559323035001,"L"
264507,65,30,0,0,DOWN,559362941201,"A"
264507,65,30,0,0,UP,559402988901,"A"
264507,78,49,0,0,DOWN,559466975501,"N"
264507,78,49,0,0,UP,559522832901,"N"
264507,68,32,0,0,DOWN,559562964101,"D"
264507,70,33,0,0,DOWN,559667023601,"F"
264507,68,32,0,0,UP,559675001001,"D"
264507,70,33,0,0,UP,559739019201,"F"
264507,72,35,0,0,DOWN,559763076301,"H"
264507,66,48,0,0,DOWN,559859040701,"B"
264507,72,35,0,0,UP,559875318701,"H"
264507,85,22,0,0,DOWN,559963064301,"U"
264507,66,48,0,0,UP,559986740601,"B"
264507,82,19,0,0,DOWN,560059413301,"R"
264507,85,22,0,0,UP,560074962101,"U"
264507,71,34,0,0,DOWN,560163026701,"G"
264507,82,19,0,0,UP,560186929401,"R"
264507,69,18,0,0,DOWN,560266842201,"E"
264507,71,34,0,0,UP,560274595201,"G"
264507,78,49,0,0,DOWN,560363010001,"N"
264507,69,18,0,0,UP,560370978401,"E"
264507,78,49,0,0,UP,560426938001,"N"
264507,76,38,0,0,DOWN,560459043001,"L"
264507,76,38,0,0,UP,560522776601,"L"
264507,65,30,0,0,DOWN,560563092001,"A"
264507,65,30,0,0,UP,560611026001,"A"
264507,78,49,0,0,DOWN,560666641501,"N"
264507,78,49,0,0,UP,560731021401,"N"
264507,68,32,0,0,DOWN,560763065101,"D"
264507,70,33,0,0,DOWN,560866971301,"F"
264507,68,32,0,0,UP,560875038601,"D"
264507,70,33,0,0,UP,560938979201,"F"
264507,72,35,0,0,DOWN,560962840801,"H"
264507,66,48,0,0,DOWN,561067000301,"B"
264507,72,35,0,0,UP,561075012201,"H"
264507,85,22,0,0,DOWN,561163035901,"U"
264507,66,48,0,0,UP,561187006201,"B"
264507,82,19,0,0,DOWN,561266975501,"R"
264507,85,22,0,0,UP,561275070701,"U"
264507,71,34,0,0,DOWN,561363007401,"G"
264507,82,19,0,0,UP,561378999501,"R"
264507,69,18,0,0,DOWN,561467107401,"E"
264507,71,34,0,0,UP,561474990101,"G"
264507,69,18,0,0,UP,561563071201,"E"
264507,78,49,0,0,DOWN,561563794201,"N"
264507,78,49,0,0,UP,561627075401,"N"
264507,76,38,0,0,DOWN,561659112701,"L"
264507,76,38,0,0,UP,561723039301,"L"
264507,65,30,0,0,DOWN,561762983901,"A"
264507,65,30,0,0,UP,561803316001,"A"
264507,78,49,0,0,DOWN,561859135101,"N"
264507,78,49,0,0,UP,561923105601,"N"
264507,68,32,0,0,DOWN,561963064601,"D"
264507,70,33,0,0,DOWN,562059032201,"F"
264507,68,32,0,0,UP,562075015901,"D"
264507,70,33,0,0,UP,562138855601,"F"
264507,72,35,0,0,DOWN,562163053001,"H"
264507,66,48,0,0,DOWN,562259058801,"B"
264507,72,35,0,0,UP,562274964501,"H"
264507,85,22,0,0,DOWN,562363108901,"U"
264507,66,48,0,0,UP,562387001301,"B"
264507,82,19,0,0,DOWN,562459142301,"R"
264507,85,22,0,0,UP,562475033601,"U"
264507,71,34,0,0,DOWN,562563103801,"G"
264507,82,19,0,0,UP,562586826301,"R"
264507,69,18,0,0,DOWN,562667088201,"E"
264507,71,34,0,0,UP,562675100301,"G"
264507,78,49,0,0,DOWN,562763043301,"N"
264507,69,18,0,0,UP,562770997501,"E"
264507,78,49,0,0,UP,562827050801,"N"
264507,76,38,0,0,DOWN,562867004301,"L"
264507,76,38,0,0,UP,562914854601,"L"
264507,65,30,0,0,DOWN,562963024901,"A"
264507,65,30,0,0,UP,563002806201,"A"
264507,78,49,0,0,DOWN,563067027501,"N"
264507,78,49,0,0,UP,563122991201,"N"
264507,68,32,0,0,DOWN,563163012501,"D"
264507,70,33,0,0,DOWN,563267103001,"F"
264507,68,32,0,0,UP,563282689301,"D"
264507,70,33,0,0,UP,563338922001,"F"
264507,72,35,0,0,DOWN,563363060401,"H"
264507,66,48,0,0,DOWN,563467136201,"B"
264507,72,35,0,0,UP,563475039501,"H"
264507,85,22,0,0,DOWN,563563241101,"U"
264507,66,48,0,0,UP,563586981301,"B"
264507,82,19,0,0,DOWN,563667063601,"R"
264507,85,22,0,0,UP,563674899301,"U"
264507,71,34,0,0,DOWN,563762982901,"G"
264507,82,19,0,0,UP,563786840101,"R"
264507,69,18,0,0,DOWN,563867090401,"E"
264507,71,34,0,0,UP,563874799801,"G"
264507,78,49,0,0,DOWN,563963079201,"N"
264507,69,18,0,0,UP,563971358601,"E"
264507,78,49,0,0,UP,564027108701,"N"
264507,76,38,0,0,DOWN,564059031601,"L"
264507,76,38,0,0,UP,564123025401,"L"
264507,65,30,0,0,DOWN,564163114401,"A"
264507,65,30,0,0,UP,564210955501,"A"
264507,78,49,0,0,DOWN,564259059601,"N"
264507,78,49,0,0,UP,564323065301,"N"
264507,68,32,0,0,DOWN,564363098301,"D"
264507,70,33,0,0,DOWN,564459125101,"F"
264507,68,32,0,0,UP,564475031001,"D"
264507,70,33,0,0,UP,564547013501,"F"
264507,72,35,0,0,DOWN,564563155301,"H"
264507,66,48,0,0,DOWN,564667101301,"B"
264507,72,35,0,0,UP,564675020801,"H"
264507,85,22,0,0,DOWN,564763069701,"U"
264507,66,48,0,0,UP,564786784901,"B"
264507,82,19,0,0,DOWN,564867050501,"R"
264507,85,22,0,0,UP,564883027401,"U"
264507,71,34,0,0,DOWN,564963104901,"G"
264507,82,19,0,0,UP,564978777101,"R"
264507,69,18,0,0,DOWN,565067114401,"E"
264507,71,34,0,0,UP,565083019301,"G"
264507,69,18,0,0,UP,565163061901,"E"
264507,78,49,0,0,DOWN,565163763901,"N"
264507,78,49,0,0,UP,565227064701,"N"
264507,76,38,0,0,DOWN,565267168001,"L"
264507,76,38,0,0,UP,565322973001,"L"
264507,65,30,0,0,DOWN,565363153901,"A"
264507,65,30,0,0,UP,565403135201,"A"
264507,78,49,0,0,DOWN,565467002701,"N"
264507,78,49,0,0,UP,565523033401,"N"
264507,68,32,0,0,DOWN,565563037101,"D"
264507,70,33,0,0,DOWN,565666943801,"F"
264507,68,32,0,0,UP,565675014001,"D"
264507,70,33,0,0,UP,565739009201,"F"
264507,72,35,0,0,DOWN,565762997501,"H"
264507,66,48,0,0,DOWN,565859092901,"B"
264507,72,35,0,0,UP,565874672801,"H"
264507,85,22,0,0,DOWN,565963041701,"U"
264507,66,48,0,0,UP,565987140201,"B"
264507,82,19,0,0,DOWN,566059206401,"R"
264507,85,22,0,0,UP,566075006601,"U"
264507,71,34,0,0,DOWN,566163083301,"G"
264507,82,19,0,0,UP,566179231301,"R"
264507,69,18,0,0,DOWN,566267067601,"E"
264507,71,34,0,0,UP,566275038401,"G"
264507,69,18,0,0,UP,566363093201,"E"
264507,78,49,0,0,DOWN,566363949801,"N"
264507,78,49,0,0,UP,566427025601,"N"
264507,76,38,0,0,DOWN,566467093001,"L"
264507,76,38,0,0,UP,566523042101,"L"
264507,65,30,0,0,DOWN,566563026001,"A"
264507,65,30,0,0,UP,566611123501,"A"
264507,78,49,0,0,DOWN,566667096101,"N"
264507,78,49,0,0,UP,566731050901,"N"
264507,68,32,0,0,DOWN,566763105701,"D"
264507,70,33,0,0,DOWN,566867037901,"F"
264507,68,32,0,0,UP,566883037801,"D"
264507,70,33,0,0,UP,566939009101,"F"
264507,72,35,0,0,DOWN,566963101401,"H"
264507,66,48,0,0,DOWN,567067034301,"B"
264507,72,35,0,0,UP,567074861701,"H"
264507,85,22,0,0,DOWN,567163102001,"U"
264507,66,48,0,0,UP,567187042401,"B"
264507,82,19,0,0,DOWN,567267101001,"R"
264507,85,22,0,0,UP,567275185801,"U"
264507,71,34,0,0,DOWN,567363073201,"G"
264507,82,19,0,0,UP,567379065601,"R"
264507,69,18,0,0,DOWN,567467086301,"E"
264507,71,34,0,0,UP,567475055501,"G"
264507,69,18,0,0,UP,567563054701,"E"
264507,78,49,0,0,DOWN,567564196501,"N"
264507,78,49,0,0,UP,567627102001,"N"
264507,76,38,0,0,DOWN,567659042601,"L"
264507,76,38,0,0,UP,567722920301,"L"
264507,65,30,0,0,DOWN,567762889101,"A"
264507,65,30,0,0,UP,567803006101,"A"
264507,78,49,0,0,DOWN,567859133501,"N"
264507,78,49,0,0,UP,567923138601,"N"
264507,68,32,0,0,DOWN,567963164001,"D"
264507,70,33,0,0,DOWN,568059100401,"F"
264507,68,32,0,0,UP,568074996301,"D"
264507,70,33,0,0,UP,568138882901,"F"
264507,72,35,0,0,DOWN,568163103901,"H"
264507,66,48,0,0,DOWN,568259079301,"B"
264507,72,35,0,0,UP,568275110001,"H"
264507,85,22,0,0,DOWN,568363059201,"U"
264507,66,48,0,0,UP,568387077201,"B"
264507,82,19,0,0,DOWN,568459204301,"R"
264507,85,22,0,0,UP,568475051301,"U"
264507,71,34,0,0,DOWN,568563061501,"G"
264507,82,19,0,0,UP,568587132901,"R"
264507,69,18,0,0,DOWN,568667012801,"E"
264507,71,34,0,0,UP,568674700601,"G"
264507,69,18,0,0,UP,568763109901,"E"
264507,78,49,0,0,DOWN,568763965401,"N"
264507,78,49,0,0,UP,568827064501,"N"
264507,76,38,0,0,DOWN,568867191801,"L"
264507,76,38,0,0,UP,568922961301,"L"
264507,65,30,0,0,DOWN,568962965001,"A"
264507,65,30,0,0,UP,569003072201,"A"
264507,78,49,0,0,DOWN,569067152801,"N"
264507,78,49,0,0,UP,569122798701,"N"
264507,68,32,0,0,DOWN,569163107301,"D"
264507,70,33,0,0,DOWN,569267024701,"F"
264507,68,32,0,0,UP,569275084201,"D"
264507,70,33,0,0,UP,569331144101,"F"
264507,72,35,0,0,DOWN,569363037301,"H"
264507,66,48,0,0,DOWN,569467179001,"B"
264507,72,35,0,0,UP,569475072601,"H"
264507,85,22,0,0,DOWN,569563034901,"U"
264507,66,48,0,0,UP,569587071301,"B"
264507,82,19,0,0,DOWN,569667128301,"R"
264507,85,22,0,0,UP,569674931001,"U"
264507,71,34,0,0,DOWN,569763209401,"G"
264507,82,19,0,0,UP,569787116101,"R"
264507,69,18,0,0,DOWN,569867147501,"E"
264507,71,34,0,0,UP,569874820601,"G"
264507,78,49,0,0,DOWN,569963160801,"N"
264507,69,18,0,0,UP,569971070601,"E"
264507,78,49,0,0,UP,570026986701,"N"
264507,76,38,0,0,DOWN,570059042001,"L"
264507,76,38,0,0,UP,570131130801,"L"
264507,65,30,0,0,DOWN,570163061201,"A"
264507,65,30,0,0,UP,570210803601,"A"
264507,78,49,0,0,DOWN,570258854901,"N"
264507,78,49,0,0,UP,570331106601,"N"
264507,68,32,0,0,DOWN,570363107401,"D"
264507,70,33,0,0,DOWN,570467127901,"F"
264507,68,32,0,0,UP,570475067601,"D"
264507,70,33,0,0,UP,570539011201,"F"
264507,72,35,0,0,DOWN,570563089501,"H"
264507,66,48,0,0,DOWN,570667035801,"B"
264507,72,35,0,0,UP,570675077701,"H"
264507,85,22,0,0,DOWN,570763091101,"U"
264507,66,48,0,0,UP,570787211801,"B"
264507,82,19,0,0,DOWN,570867011201,"R"
264507,85,22,0,0,UP,570875025301,"U"
264507,71,34,0,0,DOWN,570963100301,"G"
264507,82,19,0,0,UP,570979065101,"R"
264507,69,18,0,0,DOWN,571067169701,"E"
264507,71,34,0,0,UP,571075395501,"G"
264507,69,18,0,0,UP,571163182501,"E"
264507,78,49,0,0,DOWN,571164226401,"N"
264507,78,49,0,0,UP,571227101401,"N"
264507,76,38,0,0,DOWN,571267157801,"L"
264507,76,38,0,0,UP,571323036101,"L"
264507,65,30,0,0,DOWN,571363136301,"A"
264507,65,30,0,0,UP,571403039701,"A"
264507,78,49,0,0,DOWN,571467301601,"N"
264507,78,49,0,0,UP,571522961501,"N"
264507,68,32,0,0,DOWN,571563123801,"D"
264507,70,33,0,0,DOWN,571667137601,"F"
264507,68,32,0,0,UP,571675036901,"D"
264507,70,33,0,0,UP,571738872901,"F"
264507,72,35,0,0,DOWN,571763153801,"H"
264507,66,48,0,0,DOWN,571858991401,"B"
264507,72,35,0,0,UP,571875106301,"H"
264507,85,22,0,0,DOWN,571963132001,"U"
264507,66,48,0,0,UP,571987082501,"B"
264507,82,19,0,0,DOWN,572059073101,"R"
264507,85,22,0,0,UP,572074883501,"U"
264507,71,34,0,0,DOWN,572163152701,"G"
264507,82,19,0,0,UP,572179299101,"R"
264507,69,18,0,0,DOWN,572267121601,"E"
264507,71,34,0,0,UP,572274891101,"G"
264507,78,49,0,0,DOWN,572363152801,"N"
264507,69,18,0,0,UP,572371112801,"E"
264507,78,49,0,0,UP,572427178301,"N"
264507,76,38,0,0,DOWN,572467135201,"L"
264507,76,38,0,0,UP,572515086301,"L"
264507,65,30,0,0,DOWN,572563065501,"A"
264507,65,30,0,0,UP,572611159001,"A"
264507,78,49,0,0,DOWN,572667199101,"N"
264507,78,49,0,0,UP,572731184601,"N"
264507,68,32,0,0,DOWN,572763186301,"D"
264507,70,33,0,0,DOWN,572867190601,"F"
264507,68,32,0,0,UP,572883133201,"D"
264507,70,33,0,0,UP,572939103001,"F"
264507,72,35,0,0,DOWN,572963097001,"H"
264507,66,48,0,0,DOWN,573067202901,"B"
264507,72,35,0,0,UP,573083076001,"H"
264507,85,22,0,0,DOWN,573163197701,"U"
264507,66,48,0,0,UP,573187072501,"B"
264507,82,19,0,0,DOWN,573267113801,"R"
264507,85,22,0,0,UP,573275122201,"U"
264507,71,34,0,0,DOWN,573363132501,"G"
264507,82,19,0,0,UP,573379087201,"R"
264507,69,18,0,0,DOWN,573467215701,"E"
264507,71,34,0,0,UP,573475099101,"G"
264507,69,18,0,0,UP,573563146401,"E"
264507,78,49,0,0,DOWN,573564238401,"N"
264507,78,49,0,0,UP,573627005001,"N"
264507,76,38,0,0,DOWN,573658990001,"L"
264507,76,38,0,0,UP,573723088301,"L"
264507,65,30,0,0,DOWN,573763088601,"A"
264507,65,30,0,0,UP,573802986201,"A"
264507,78,49,0,0,DOWN,573859245801,"N"
264507,78,49,0,0,UP,573923115301,"N"
264507,68,32,0,0,DOWN,573963183801,"D"
264507,70,33,0,0,DOWN,574059209701,"F"
264507,68,32,0,0,UP,574075113701,"D"
264507,70,33,0,0,UP,574138907701,"F"
264507,72,35,0,0,DOWN,574163194901,"H"
264507,66,48,0,0,DOWN,574259027101,"B"
264507,72,35,0,0,UP,574274694701,"H"
264507,85,22,0,0,DOWN,574363135801,"U"
264507,66,48,0,0,UP,574387076001,"B"
264507,82,19,0,0,DOWN,574467250701,"R"
264507,85,22,0,0,UP,574475183801,"U"
264507,71,34,0,0,DOWN,574563181501,"G"
264507,82,19,0,0,UP,574587074301,"R"
264507,69,18,0,0,DOWN,574667140001,"E"
264507,71,34,0,0,UP,574675142001,"G"
264507,69,18,0,0,UP,574763129901,"E"
264507,78,49,0,0,DOWN,574763921001,"N"
264507,78,49,0,0,UP,574827083501,"N"
264507,76,38,0,0,DOWN,574867150401,"L"
264507,76,38,0,0,UP,574923071701,"L"
264507,65,30,0,0,DOWN,574963147501,"A"
264507,65,30,0,0,UP,575003069401,"A"
264507,78,49,0,0,DOWN,575067186201,"N"
264507,78,49,0,0,UP,575123164401,"N"
264507,68,32,0,0,DOWN,575163150201,"D"
264507,70,33,0,0,DOWN,575267173201,"F"
264507,68,32,0,0,UP,575283084901,"D"
264507,70,33,0,0,UP,575339201101,"F"
264507,72,35,0,0,DOWN,575363395701,"H"
264507,66,48,0,0,DOWN,575467303201,"B"
264507,72,35,0,0,UP,575475109801,"H"
264507,85,22,0,0,DOWN,575563253301,"U"
264507,66,48,0,0,UP,575586870801,"B"
264507,82,19,0,0,DOWN,575667178401,"R"
264507,85,22,0,0,UP,575675152501,"U"
264507,71,34,0,0,DOWN,575763197601,"G"
264507,82,19,0,0,UP,575787156701,"R"
264507,69,18,0,0,DOWN,575866947101,"E"
264507,71,34,0,0,UP,575875158901,"G"
264507,78,49,0,0,DOWN,575963230801,"N"
264507,69,18,0,0,UP,575978548701,"E"
264507,78,49,0,0,UP,576027251001,"N"
264507,76,38,0,0,DOWN,576059110101,"L"
264507,76,38,0,0,UP,576122855001,"L"
264507,65,30,0,0,DOWN,576162863001,"A"
264507,65,30,0,0,UP,576210907701,"A"
264507,78,49,0,0,DOWN,576258887701,"N"
264507,78,49,0,0,UP,576330962101,"N"
264507,68,32,0,0,DOWN,576370837101,"D"
264507,70,33,0,0,DOWN,576466826201,"F"
264507,68,32,0,0,UP,576475070501,"D"
264507,70,33,0,0,UP,576538908901,"F"
264507,72,35,0,0,DOWN,576563096401,"H"
264507,66,48,0,0,DOWN,576667160001,"B"
264507,72,35,0,0,UP,576675042101,"H"
264507,85,22,0,0,DOWN,576763235701,"U"
264507,66,48,0,0,UP,576787197901,"B"
264507,82,19,0,0,DOWN,576867201101,"R"
264507,85,22,0,0,UP,576875229001,"U"
264507,71,34,0,0,DOWN,576963260501,"G"
264507,82,19,0,0,UP,576987208201,"R"
264507,69,18,0,0,DOWN,577067137901,"E"
264507,71,34,0,0,UP,577074716701,"G"
264507,78,49,0,0,DOWN,577162864901,"N"
264507,69,18,0,0,UP,577171164301,"E"
264507,78,49,0,0,UP,577227136601,"N"
264507,76,38,0,0,DOWN,577267208601,"L"
264507,76,38,0,0,UP,577323152901,"L"
264507,65,30,0,0,DOWN,577363136401,"A"
264507,65,30,0,0,UP,577403200101,"A"
264507,78,49,0,0,DOWN,577466974301,"N"
264507,78,49,0,0,UP,577523133401,"N"
264507,68,32,0,0,DOWN,577563008201,"D"
264507,70,33,0,0,DOWN,577666985301,"F"
264507,68,32,0,0,UP,577675147001,"D"
264507,70,33,0,0,UP,577739140601,"F"
264507,72,35,0,0,DOWN,577763120201,"H"
264507,66,48,0,0,DOWN,577859181901,"B"
264507,72,35,0,0,UP,577875184301,"H"
264507,85,22,0,0,DOWN,577963247601,"U"
264507,66,48,0,0,UP,577979105701,"B"
264507,82,19,0,0,DOWN,578058987001,"R"
264507,85,22,0,0,UP,578075100901,"U"
264507,71,34,0,0,DOWN,578163163201,"G"
264507,82,19,0,0,UP,578178921501,"R"
264507,69,18,0,0,DOWN,578266822101,"E"
264507,71,34,0,0,UP,578274809301,"G"
264507,78,49,0,0,DOWN,578363186901,"N"
264507,69,18,0,0,UP,578371131201,"E"
264507,78,49,0,0,UP,578435286801,"N"
264507,76,38,0,0,DOWN,578459193501,"L"
264507,76,38,0,0,UP,578522868401,"L"
264507,65,30,0,0,DOWN,578562935401,"A"
264507,65,30,0,0,UP,578611176801,"A"
264507,78,49,0,0,DOWN,578667307101,"N"
264507,78,49,0,0,UP,578731128501,"N"
264507,68,32,0,0,DOWN,578762930801,"D"
264507,70,33,0,0,DOWN,578867143401,"F"
264507,68,32,0,0,UP,578883232101,"D"
264507,70,33,0,0,UP,578939259901,"F"
264507,72,35,0,0,DOWN,578962940901,"H"
264507,66,48,0,0,DOWN,579067516901,"B"
264507,72,35,0,0,UP,579075222201,"H"
264507,85,22,0,0,DOWN,579162983801,"U"
264507,66,48,0,0,UP,579187410401,"B"
264507,82,19,0,0,DOWN,579267155501,"R"
264507,85,22,0,0,UP,579275174901,"U"
264507,71,34,0,0,DOWN,579362978001,"G"
264507,82,19,0,0,UP,579387145301,"R"
264507,69,18,0,0,DOWN,579467207401,"E"
264507,71,34,0,0,UP,579475209001,"G"
264507,69,18,0,0,UP,579563193101,"E"
264507,78,49,0,0,DOWN,579563978801,"N"
264507,78,49,0,0,UP,579627100801,"N"
264507,76,38,0,0,DOWN,579659260701,"L"
264507,76,38,0,0,UP,579722963201,"L"
264507,65,30,0,0,DOWN,579763280901,"A"
264507,65,30,0,0,UP,579803243301,"A"
264507,78,49,0,0,DOWN,579859132701,"N"
264507,78,49,0,0,UP,579923171601,"N"
264507,68,32,0,0,DOWN,579963291101,"D"
264507,70,33,0,0,DOWN,580058975401,"F"
264507,68,32,0,0,UP,580075171401,"D"
264507,70,33,0,0,UP,580139000601,"F"
264507,72,35,0,0,DOWN,580163258501,"H"
264507,66,48,0,0,DOWN,580259231401,"B"
264507,72,35,0,0,UP,580275163201,"H"
264507,85,22,0,0,DOWN,580363243501,"U"
264507,66,48,0,0,UP,580387131401,"B"
264507,82,19,0,0,DOWN,580467266801,"R"
264507,85,22,0,0,UP,580475170401,"U"
264507,71,34,0,0,DOWN,580563189201,"G"
264507,82,19,0,0,UP,580587316301,"R"
264507,69,18,0,0,DOWN,580667224501,"E"
264507,71,34,0,0,UP,580675149701,"G"
264507,69,18,0,0,UP,580763072501,"E"
264507,78,49,0,0,DOWN,580763746801,"N"
264507,78,49,0,0,UP,580835189701,"N"
264507,76,38,0,0,DOWN,580867164801,"L"
264507,76,38,0,0,UP,580923181201,"L"
264507,65,30,0,0,DOWN,580963418801,"A"
264507,65,30,0,0,UP,581003542101,"A"
264507,78,49,0,0,DOWN,581067274601,"N"
264507,78,49,0,0,UP,581130914601,"N"
264507,68,32,0,0,DOWN,581163204401,"D"
264507,70,33,0,0,DOWN,581267239701,"F"
264507,68,32,0,0,UP,581282908401,"D"
264507,70,33,0,0,UP,581339316201,"F"
264507,72,35,0,0,DOWN,581363207701,"H"
264507,66,48,0,0,DOWN,581467196401,"B"
264507,72,35,0,0,UP,581475196101,"H"
264507,85,22,0,0,DOWN,581563227701,"U"
264507,66,48,0,0,UP,581587142701,"B"
264507,82,19,0,0,DOWN,581667263601,"R"
264507,85,22,0,0,UP,581675233901,"U"
264507,71,34,0,0,DOWN,581763152701,"G"
264507,82,19,0,0,UP,581779311801,"R"
264507,69,18,0,0,DOWN,581867237501,"E"
264507,71,34,0,0,UP,581875233001,"G"
264507,78,49,0,0,DOWN,581963179401,"N"
264507,69,18,0,0,UP,581971183601,"E"
264507,78,49,0,0,UP,582027203801,"N"
264507,76,38,0,0,DOWN,582059211601,"L"
264507,76,38,0,0,UP,582123225001,"L"
264507,65,30,0,0,DOWN,582163193101,"A"
264507,65,30,0,0,UP,582211231001,"A"
264507,78,49,0,0,DOWN,582259221301,"N"
264507,78,49,0,0,UP,582331231301,"N"
264507,68,32,0,0,DOWN,582371324101,"D"
264507,70,33,0,0,DOWN,582467163801,"F"
264507,68,32,0,0,UP,582475255901,"D"
264507,70,33,0,0,UP,582539226501,"F"
264507,72,35,0,0,DOWN,582563216201,"H"
264507,66,48,0,0,DOWN,582667226101,"B"
264507,72,35,0,0,UP,582674747801,"H"
264507,85,22,0,0,DOWN,582763313301,"U"
264507,66,48,0,0,UP,582787094901,"B"
264507,82,19,0,0,DOWN,582867219601,"R"
264507,85,22,0,0,UP,582875145001,"U"
264507,71,34,0,0,DOWN,582963262801,"G"
264507,82,19,0,0,UP,582987189601,"R"
264507,69,18,0,0,DOWN,583067210601,"E"
264507,71,34,0,0,UP,583075203801,"G"
264507,69,18,0,0,UP,583163220601,"E"
264507,78,49,0,0,DOWN,583164224901,"N"
264507,78,49,0,0,UP,583227225501,"N"
264507,76,38,0,0,DOWN,583267173301,"L"
264507,76,38,0,0,UP,583323332601,"L"
264507,65,30,0,0,DOWN,583363177901,"A"
264507,65,30,0,0,UP,583402991001,"A"
264507,78,49,0,0,DOWN,583466997401,"N"
264507,78,49,0,0,UP,583523137801,"N"
264507,68,32,0,0,DOWN,583563269501,"D"
264507,70,33,0,0,DOWN,583667070701,"F"
264507,68,32,0,0,UP,583682942201,"D"
264507,70,33,0,0,UP,583739178901,"F"
264507,72,35,0,0,DOWN,583763191401,"H"
264507,66,48,0,0,DOWN,583867301601,"B"
264507,72,35,0,0,UP,583875190801,"H"
264507,85,22,0,0,DOWN,583963194801,"U"
264507,66,48,0,0,UP,583987306701,"B"
264507,82,19,0,0,DOWN,584059193701,"R"
264507,85,22,0,0,UP,584075158201,"U"
264507,71,34,0,0,DOWN,584162930401,"G"
264507,82,19,0,0,UP,584179296101,"R"
264507,69,18,0,0,DOWN,584267245201,"E"
264507,71,34,0,0,UP,584274960601,"G"
264507,78,49,0,0,DOWN,584363238101,"N"
264507,69,18,0,0,UP,584371150001,"E"
264507,78,49,0,0,UP,584434991001,"N"
264507,76,38,0,0,DOWN,584459319901,"L"
264507,76,38,0,0,UP,584523219301,"L"
264507,65,30,0,0,DOWN,584563236601,"A"
264507,65,30,0,0,UP,584611186801,"A"
264507,78,49,0,0,DOWN,584667049601,"N"
264507,78,49,0,0,UP,584731153801,"N"
264507,68,32,0,0,DOWN,584763223101,"D"
264507,70,33,0,0,DOWN,584867063901,"F"
264507,68,32,0,0,UP,584875259701,"D"
264507,70,33,0,0,UP,584939030301,"F"
264507,72,35,0,0,DOWN,584963278701,"H"
264507,66,48,0,0,DOWN,585067058601,"B"
264507,72,35,0,0,UP,585075154101,"H"
264507,85,22,0,0,DOWN,585163237301,"U"
264507,66,48,0,0,UP,585187358701,"B"
264507,82,19,0,0,DOWN,585267221201,"R"
264507,85,22,0,0,UP,585275218401,"U"
264507,71,34,0,0,DOWN,585363259401,"G"
264507,82,19,0,0,UP,585379169501,"R"
264507,69,18,0,0,DOWN,585467383401,"E"
264507,71,34,0,0,UP,585474862501,"G"
264507,69,18,0,0,UP,585563363901,"E"
264507,78,49,0,0,DOWN,585564283701,"N"
264507,78,49,0,0,UP,585627171401,"N"
264507,76,38,0,0,DOWN,585659208901,"L"
264507,76,38,0,0,UP,585722963801,"L"
264507,65,30,0,0,DOWN,585763294201,"A"
264507,65,30,0,0,UP,585803365801,"A"
264507,78,49,0,0,DOWN,585859029101,"N"
264507,78,49,0,0,UP,585931192701,"N"
264507,68,32,0,0,DOWN,585963306901,"D"
264507,70,33,0,0,DOWN,586058945101,"F"
264507,68,32,0,0,UP,586075196401,"D"
264507,70,33,0,0,UP,586139320401,"F"
264507,72,35,0,0,DOWN,586163292301,"H"
264507,66,48,0,0,DOWN,586259213801,"B"
264507,72,35,0,0,UP,586275377701,"H"
264507,85,22,0,0,DOWN,586363418401,"U"
264507,66,48,0,0,UP,586387487501,"B"
264507,82,19,0,0,DOWN,586467183001,"R"
264507,85,22,0,0,UP,586475264801,"U"
264507,71,34,0,0,DOWN,586563223501,"G"
264507,82,19,0,0,UP,586587123401,"R"
264507,69,18,0,0,DOWN,586667321801,"E"
264507,71,34,0,0,UP,586675212001,"G"
264507,78,49,0,0,DOWN,586763271801,"N"
264507,69,18,0,0,UP,586771144301,"E"
264507,78,49,0,0,UP,586827186301,"N"
264507,76,38,0,0,DOWN,586867234401,"L"
264507,76,38,0,0,UP,586923154501,"L"
264507,65,30,0,0,DOWN,586963229401,"A"
264507,65,30,0,0,UP,587011077301,"A"
264507,78,49,0,0,DOWN,587067194201,"N"
264507,78,49,0,0,UP,587131272101,"N"
264507,68,32,0,0,DOWN,587163259301,"D"
264507,70,33,0,0,DOWN,587267182901,"F"
264507,68,32,0,0,UP,587283229901,"D"
264507,70,33,0,0,UP,587339187201,"F"
264507,72,35,0,0,DOWN,587363056401,"H"
264507,66,48,0,0,DOWN,587467224501,"B"
264507,72,35,0,0,UP,587475268401,"H"
264507,85,22,0,0,DOWN,587563278601,"U"
264507,66,48,0,0,UP,587595181701,"B"
264507,82,19,0,0,DOWN,587667267701,"R"
264507,85,22,0,0,UP,587675067401,"U"
264507,71,34,0,0,DOWN,587763310301,"G"
264507,82,19,0,0,UP,587779213601,"R"
264507,69,18,0,0,DOWN,587867284501,"E"
264507,71,34,0,0,UP,587875358301,"G"
264507,78,49,0,0,DOWN,587963342401,"N"
264507,69,18,0,0,UP,587971225701,"E"
264507,78,49,0,0,UP,588027144401,"N"
264507,76,38,0,0,DOWN,588059202601,"L"
264507,76,38,0,0,UP,588131261001,"L"
264507,65,30,0,0,DOWN,588163241901,"A"
264507,65,30,0,0,UP,588211244801,"A"
264507,78,49,0,0,DOWN,588259248701,"N"
264507,78,49,0,0,UP,588331175201,"N"
264507,68,32,0,0,DOWN,588363237901,"D"
264507,70,33,0,0,DOWN,588467238001,"F"
264507,68,32,0,0,UP,588475248901,"D"
264507,70,33,0,0,UP,588547210701,"F"
264507,72,35,0,0,DOWN,588563302301,"H"
264507,66,48,0,0,DOWN,588667241101,"B"
264507,72,35,0,0,UP,588675266001,"H"
264507,85,22,0,0,DOWN,588763243101,"U"
264507,66,48,0,0,UP,588786997501,"B"
264507,82,19,0,0,DOWN,588867358301,"R"
264507,85,22,0,0,UP,588883301501,"U"
264507,71,34,0,0,DOWN,588963301101,"G"
264507,82,19,0,0,UP,588986982401,"R"
264507,69,18,0,0,DOWN,589067246401,"E"
264507,71,34,0,0,UP,589075224201,"G"
264507,69,18,0,0,UP,589163254801,"E"
264507,78,49,0,0,DOWN,589164043901,"N"
264507,78,49,0,0,UP,589227279001,"N"
264507,76,38,0,0,DOWN,589267236701,"L"
264507,76,38,0,0,UP,589323027201,"L"
264507,65,30,0,0,DOWN,589363238601,"A"
264507,65,30,0,0,UP,589411027201,"A"
264507,78,49,0,0,DOWN,589467284801,"N"
264507,78,49,0,0,UP,589531202701,"N"
264507,68,32,0,0,DOWN,589563019501,"D"
264507,70,33,0,0,DOWN,589667285001,"F"
264507,68,32,0,0,UP,589683350401,"D"
264507,70,33,0,0,UP,589739223501,"F"
264507,72,35,0,0,DOWN,589763332101,"H"
264507,66,48,0,0,DOWN,589859373901,"B"
264507,72,35,0,0,UP,589875272701,"H"
264507,85,22,0,0,DOWN,589963277501,"U"
264507,66,48,0,0,UP,589987259001,"B"
264507,82,19,0,0,DOWN,590059242601,"R"
264507,85,22,0,0,UP,590075243601,"U"
264507,71,34,0,0,DOWN,590163306301,"G"
264507,82,19,0,0,UP,590179399501,"R"
264507,69,18,0,0,DOWN,590267381701,"E"
264507,71,34,0,0,UP,590275250101,"G"
264507,78,49,0,0,DOWN,590363193501,"N"
264507,69,18,0,0,UP,590370948901,"E"
264507,78,49,0,0,UP,590427293001,"N"
264507,76,38,0,0,DOWN,590467297301,"L"
264507,76,38,0,0,UP,590523223901,"L"
264507,65,30,0,0,DOWN,590563325601,"A"
264507,65,30,0,0,UP,590611221601,"A"
264507,78,49,0,0,DOWN,590667307701,"N"
264507,78,49,0,0,UP,590731248001,"N"
264507,68,32,0,0,DOWN,590763296601,"D"
264507,70,33,0,0,DOWN,590867358301,"F"
264507,68,32,0,0,UP,590883250201,"D"
264507,70,33,0,0,UP,590939238401,"F"
264507,72,35,0,0,DOWN,590963192801,"H"
264507,66,48,0,0,DOWN,591067650001,"B"
264507,72,35,0,0,UP,591075201501,"H"
264507,85,22,0,0,DOWN,591163321001,"U"
264507,66,48,0,0,UP,591187386501,"B"
264507,82,19,0,0,DOWN,591267278301,"R"
264507,85,22,0,0,UP,591275224201,"U"
264507,71,34,0,0,DOWN,591363339901,"G"
264507,82,19,0,0,UP,591379281901,"R"
264507,69,18,0,0,DOWN,591467258501,"E"
264507,71,34,0,0,UP,591475247801,"G"
264507,69,18,0,0,UP,591563303801,"E"
264507,78,49,0,0,DOWN,591563955101,"N"
264507,78,49,0,0,UP,591635336301,"N"
264507,76,38,0,0,DOWN,591659302701,"L"
264507,76,38,0,0,UP,591723266101,"L"
264507,65,30,0,0,DOWN,591763281101,"A"
264507,65,30,0,0,UP,591811250201,"A"
264507,78,49,0,0,DOWN,591859366201,"N"
264507,78,49,0,0,UP,591931271601,"N"
264507,68,32,0,0,DOWN,591971381801,"D"
264507,70,33,0,0,DOWN,592059210001,"F"
264507,68,32,0,0,UP,592075376201,"D"
264507,70,33,0,0,UP,592139200501,"F"
264507,72,35,0,0,DOWN,592163316501,"H"
264507,66,48,0,0,DOWN,592267313501,"B"
264507,72,35,0,0,UP,592275329101,"H"
264507,85,22,0,0,DOWN,592363319101,"U"
264507,66,48,0,0,UP,592387266601,"B"
264507,82,19,0,0,DOWN,592467263601,"R"
264507,85,22,0,0,UP,592475195701,"U"
264507,71,34,0,0,DOWN,592563359501,"G"
264507,82,19,0,0,UP,592579231901,"R"
264507,71,34,0,0,UP,592666979501,"G"
264507,69,18,0,0,DOWN,592667786301,"E"
264507,69,18,0,0,UP,592763242601,"E"
264507,78,49,0,0,DOWN,592771268401,"N"
264507,78,49,0,0,UP,592827184001,"N"
264507,76,38,0,0,DOWN,592867352801,"L"
264507,76,38,0,0,UP,592923039501,"L"
264507,65,30,0,0,DOWN,592963365901,"A"
264507,65,30,0,0,UP,593011306901,"A"
264507,78,49,0,0,DOWN,593067237701,"N"
264507,78,49,0,0,UP,593131225701,"N"
264507,68,32,0,0,DOWN,593163328101,"D"
264507,70,33,0,0,DOWN,593266959701,"F"
264507,68,32,0,0,UP,593275115801,"D"
264507,70,33,0,0,UP,593339364801,"F"
264507,72,35,0,0,DOWN,593363290201,"H"
264507,66,48,0,0,DOWN,593467456401,"B"
264507,72,35,0,0,UP,593475371401,"H"
264507,85,22,0,0,DOWN,593563418601,"U"
264507,66,48,0,0,UP,593595309901,"B"
264507,82,19,0,0,DOWN,593659103801,"R"
264507,85,22,0,0,UP,593675081201,"U"
264507,71,34,0,0,DOWN,593763345301,"G"
264507,82,19,0,0,UP,593779663801,"R"
264507,69,18,0,0,DOWN,593867358401,"E"
264507,71,34,0,0,UP,593874860701,"G"
264507,69,18,0,0,UP,593963270801,"E"
264507,78,49,0,0,DOWN,593964078701,"N"
264507,78,49,0,0,UP,594027311901,"N"
264507,76,38,0,0,DOWN,594059624501,"L"
264507,76,38,0,0,UP,594123236901,"L"
264507,65,30,0,0,DOWN,594163398201,"A"
264507,65,30,0,0,UP,594211231901,"A"
264507,78,49,0,0,DOWN,594267362401,"N"
264507,78,49,0,0,UP,594331341201,"N"
264507,68,32,0,0,DOWN,594363090701,"D"
264507,70,33,0,0,DOWN,594467298301,"F"
264507,68,32,0,0,UP,594474990501,"D"
264507,70,33,0,0,UP,594539075301,"F"
264507,72,35,0,0,DOWN,594563328901,"H"
264507,66,48,0,0,DOWN,594667146301,"B"
264507,72,35,0,0,UP,594675192601,"H"
264507,85,22,0,0,DOWN,594763325301,"U"
264507,66,48,0,0,UP,594787407901,"B"
264507,82,19,0,0,DOWN,594867308601,"R"
264507,85,22,0,0,UP,594875144401,"U"
264507,71,34,0,0,DOWN,594963296801,"G"
264507,82,19,0,0,UP,594979287701,"R"
264507,69,18,0,0,DOWN,595067009201,"E"
264507,71,34,0,0,UP,595075219101,"G"
264507,69,18,0,0,UP,595163341301,"E"
264507,78,49,0,0,DOWN,595164328801,"N"
264507,78,49,0,0,UP,595227290801,"N"
264507,76,38,0,0,DOWN,595259488401,"L"
264507,76,38,0,0,UP,595323288101,"L"
264507,65,30,0,0,DOWN,595363310901,"A"
264507,65,30,0,0,UP,595411397401,"A"
264507,78,49,0,0,DOWN,595459350901,"N"
264507,78,49,0,0,UP,595531257801,"N"
264507,68,32,0,0,DOWN,595563362801,"D"
264507,70,33,0,0,DOWN,595659352601,"F"
264507,68,32,0,0,UP,595675315601,"D"
264507,70,33,0,0,UP,595739390801,"F"
264507,72,35,0,0,DOWN,595763327301,"H"
264507,66,48,0,0,DOWN,595859293801,"B"
264507,72,35,0,0,UP,595875450601,"H"
264507,85,22,0,0,DOWN,595963338301,"U"
264507,66,48,0,0,UP,595987291101,"B"
264507,82,19,0,0,DOWN,596067300301,"R"
264507,85,22,0,0,UP,596075091301,"U"
264507,71,34,0,0,DOWN,596163311501,"G"
264507,82,19,0,0,UP,596187395701,"R"
264507,69,18,0,0,DOWN,596267299201,"E"
264507,71,34,0,0,UP,596275248801,"G"
264507,78,49,0,0,DOWN,596363378701,"N"
264507,69,18,0,0,UP,596371262301,"E"
264507,78,49,0,0,UP,596427403101,"N"
264507,76,38,0,0,DOWN,596467285901,"L"
264507,76,38,0,0,UP,596523436801,"L"
264507,65,30,0,0,DOWN,596563341501,"A"
264507,65,30,0,0,UP,596611310401,"A"
264507,78,49,0,0,DOWN,596667349701,"N"
264507,78,49,0,0,UP,596731276001,"N"
264507,68,32,0,0,DOWN,596763346301,"D"
264507,70,33,0,0,DOWN,596867274501,"F"
264507,68,32,0,0,UP,596875353201,"D"
264507,70,33,0,0,UP,596939314601,"F"
264507,72,35,0,0,DOWN,596963378301,"H"
264507,66,48,0,0,DOWN,597067260201,"B"
264507,72,35,0,0,UP,597075061501,"H"
264507,85,22,0,0,DOWN,597163343501,"U"
264507,66,48,0,0,UP,597187305401,"B"
264507,82,19,0,0,DOWN,597267336301,"R"
264507,85,22,0,0,UP,597275370301,"U"
264507,71,34,0,0,DOWN,597363320301,"G"
264507,82,19,0,0,UP,597379301401,"R"
264507,69,18,0,0,DOWN,597467320201,"E"
264507,71,34,0,0,UP,597475306601,"G"
264507,78,49,0,0,DOWN,597563340401,"N"
264507,69,18,0,0,UP,597571428401,"E"
264507,78,49,0,0,UP,597627428101,"N"
264507,76,38,0,0,DOWN,597659045101,"L"
264507,76,38,0,0,UP,597723263601,"L"
264507,65,30,0,0,DOWN,597763349401,"A"
264507,65,30,0,0,UP,597811365601,"A"
264507,78,49,0,0,DOWN,597867402001,"N"
264507,78,49,0,0,UP,597931149801,"N"
264507,68,32,0,0,DOWN,597963525701,"D"
264507,70,33,0,0,DOWN,598067342501,"F"
264507,68,32,0,0,UP,598075245201,"D"
264507,70,33,0,0,UP,598139383101,"F"
264507,72,35,0,0,DOWN,598163368201,"H"
264507,66,48,0,0,DOWN,598267375701,"B"
264507,72,35,0,0,UP,598275461301,"H"
264507,85,22,0,0,DOWN,598363352801,"U"
264507,66,48,0,0,UP,598387295501,"B"
264507,82,19,0,0,DOWN,598467434901,"R"
264507,85,22,0,0,UP,598475398701,"U"
264507,71,34,0,0,DOWN,598563301301,"G"
264507,82,19,0,0,UP,598587270801,"R"
264507,71,34,0,0,UP,598667004801,"G"
264507,69,18,0,0,DOWN,598667812001,"E"
264507,78,49,0,0,DOWN,598763388801,"N"
264507,69,18,0,0,UP,598771308801,"E"
264507,78,49,0,0,UP,598827266201,"N"
264507,76,38,0,0,DOWN,598867409201,"L"
264507,76,38,0,0,UP,598923341401,"L"
264507,65,30,0,0,DOWN,598963401501,"A"
264507,65,30,0,0,UP,599011224401,"A"
264507,78,49,0,0,DOWN,599067337101,"N"
264507,78,49,0,0,UP,599131389001,"N"
264507,68,32,0,0,DOWN,599163349201,"D"
264507,70,33,0,0,DOWN,599259338401,"F"
264507,68,32,0,0,UP,599275304101,"D"
264507,70,33,0,0,UP,599339110201,"F"
264507,72,35,0,0,DOWN,599363360001,"H"
264507,66,48,0,0,DOWN,599459368601,"B"
264507,72,35,0,0,UP,599474907301,"H"
264507,85,22,0,0,DOWN,599563409501,"U"
264507,66,48,0,0,UP,599587321301,"B"
264507,82,19,0,0,DOWN,599659318901,"R"
264507,85,22,0,0,UP,599675057901,"U"
264507,71,34,0,0,DOWN,599763348301,"G"
264507,82,19,0,0,UP,599787642201,"R"
264507,69,18,0,0,DOWN,599867133901,"E"
264507,71,34,0,0,UP,599875307501,"G"
264507,78,49,0,0,DOWN,599963368401,"N"
264507,69,18,0,0,UP,599971313301,"E"
264507,78,49,0,0,UP,600027192601,"N"
264507,76,38,0,0,DOWN,600067079401,"L"
264507,76,38,0,0,UP,600123344801,"L"
264507,65,30,0,0,DOWN,600163370101,"A"
264507,65,30,0,0,UP,600211003201,"A"
264507,78,49,0,0,DOWN,600267362901,"N"
264507,78,49,0,0,UP,600331287001,"N"
264507,68,32,0,0,DOWN,600363416201,"D"
264507,70,33,0,0,DOWN,600467342801,"F"
264507,68,32,0,0,UP,600475357201,"D"
264507,70,33,0,0,UP,600539320201,"F"
264507,72,35,0,0,DOWN,600563415501,"H"
264507,66,48,0,0,DOWN,600667212001,"B"
264507,72,35,0,0,UP,600675339601,"H"
264507,85,22,0,0,DOWN,600763345101,"U"
264507,66,48,0,0,UP,600787479601,"B"
264507,82,19,0,0,DOWN,600867355801,"R"
264507,85,22,0,0,UP,600875072501,"U"
264507,71,34,0,0,DOWN,600963271001,"G"
264507,82,19,0,0,UP,600987393801,"R"
264507,69,18,0,0,DOWN,601067317001,"E"
264507,71,34,0,0,UP,601075284701,"G"
264507,78,49,0,0,DOWN,601163416801,"N"
264507,69,18,0,0,UP,601171336401,"E"
264507,78,49,0,0,UP,601227376901,"N"
264507,76,38,0,0,DOWN,601259342801,"L"
264507,76,38,0,0,UP,601315282301,"L"
264507,65,30,0,0,DOWN,601363313301,"A"
264507,65,30,0,0,UP,601411480201,"A"
264507,78,49,0,0,DOWN,601459328101,"N"
264507,78,49,0,0,UP,601531392201,"N"
264507,68,32,0,0,DOWN,601571400601,"D"
264507,70,33,0,0,DOWN,601667393501,"F"
264507,68,32,0,0,UP,601675375101,"D"
264507,70,33,0,0,UP,601747118501,"F"
264507,72,35,0,0,DOWN,601763347401,"H"
264507,66,48,0,0,DOWN,601867182201,"B"
264507,72,35,0,0,UP,601875069001,"H"
264507,85,22,0,0,DOWN,601963396801,"U"
264507,66,48,0,0,UP,601987317001,"B"
264507,82,19,0,0,DOWN,602067193401,"R"
264507,85,22,0,0,UP,602075432901,"U"
264507,71,34,0,0,DOWN,602163313001,"G"
264507,82,19,0,0,UP,602179295001,"R"
264507,69,18,0,0,DOWN,602267333701,"E"
264507,71,34,0,0,UP,602274923801,"G"
264507,78,49,0,0,DOWN,602363379701,"N"
264507,69,18,0,0,UP,602379058101,"E"
264507,78,49,0,0,UP,602427390801,"N"
264507,76,38,0,0,DOWN,602467368001,"L"
264507,76,38,0,0,UP,602523355401,"L"
264507,65,30,0,0,DOWN,602563334201,"A"
264507,65,30,0,0,UP,602611187601,"A"
264507,78,49,0,0,DOWN,602667368201,"N"
264507,78,49,0,0,UP,602731366901,"N"
264507,68,32,0,0,DOWN,602763158801,"D"
264507,70,33,0,0,DOWN,602867336401,"F"
264507,68,32,0,0,UP,602875342801,"D"
264507,70,33,0,0,UP,602939241301,"F"
264507,72,35,0,0,DOWN,602963081301,"H"
264507,72,35,0,0,UP,603067373501,"H"
264507,66,48,0,0,DOWN,603068311101,"B"
264507,85,22,0,0,DOWN,603163126101,"U"
264507,66,48,0,0,UP,603187320101,"B"
264507,82,19,0,0,DOWN,603259518401,"R"
264507,85,22,0,0,UP,603275453101,"U"
264507,71,34,0,0,DOWN,603363145901,"G"
264507,82,19,0,0,UP,603379406801,"R"
264507,71,34,0,0,UP,603467418901,"G"
264507,69,18,0,0,DOWN,603468250401,"E"
264507,78,49,0,0,DOWN,603563180001,"N"
264507,69,18,0,0,UP,603571322101,"E"
264507,78,49,0,0,UP,603635349301,"N"
264507,76,38,0,0,DOWN,603667395001,"L"
264507,76,38,0,0,UP,603723349801,"L"
264507,65,30,0,0,DOWN,603763435301,"A"
264507,65,30,0,0,UP,603811381401,"A"
264507,78,49,0,0,DOWN,603867534701,"N"
264507,78,49,0,0,UP,603931311901,"N"
264507,68,32,0,0,DOWN,603963362901,"D"
264507,70,33,0,0,DOWN,604067426401,"F"
264507,68,32,0,0,UP,604083345501,"D"
264507,70,33,0,0,UP,604139302101,"F"
264507,72,35,0,0,DOWN,604163337301,"H"
264507,72,35,0,0,UP,604267421601,"H"
264507,66,48,0,0,DOWN,604268148601,"B"
264507,85,22,0,0,DOWN,604363477301,"U"
264507,66,48,0,0,UP,604379328801,"B"
264507,82,19,0,0,DOWN,604467431901,"R"
264507,85,22,0,0,UP,604475387501,"U"
264507,71,34,0,0,DOWN,604563397001,"G"
264507,82,19,0,0,UP,604587246401,"R"
264507,69,18,0,0,DOWN,604667447101,"E"
264507,71,34,0,0,UP,604675339401,"G"
264507,78,49,0,0,DOWN,604763458801,"N"
264507,69,18,0,0,UP,604771325701,"E"
264507,78,49,0,0,UP,604827455801,"N"
264507,76,38,0,0,DOWN,604859412501,"L"
264507,76,38,0,0,UP,604923315101,"L"
264507,65,30,0,0,DOWN,604963405701,"A"
264507,65,30,0,0,UP,605003353501,"A"
264507,78,49,0,0,DOWN,605059375201,"N"
264507,78,49,0,0,UP,605123368501,"N"
264507,68,32,0,0,DOWN,605171331801,"D"
264507,70,33,0,0,DOWN,605259429601,"F"
264507,68,32,0,0,UP,605275375601,"D"
264507,70,33,0,0,UP,605339413701,"F"
264507,72,35,0,0,DOWN,605363455901,"H"
264507,66,48,0,0,DOWN,605459389301,"B"
264507,72,35,0,0,UP,605467365101,"H"
264507,85,22,0,0,DOWN,605563413001,"U"
264507,66,48,0,0,UP,605579188101,"B"
264507,82,19,0,0,DOWN,605667428301,"R"
264507,85,22,0,0,UP,605675096201,"U"
264507,71,34,0,0,DOWN,605763502701,"G"
264507,82,19,0,0,UP,605787397801,"R"
264507,69,18,0,0,DOWN,605867143701,"E"
264507,71,34,0,0,UP,605875344601,"G"
264507,78,49,0,0,DOWN,605963049101,"N"
264507,69,18,0,0,UP,605971342701,"E"
264507,78,49,0,0,UP,606027198501,"N"
264507,76,38,0,0,DOWN,606067433101,"L"
264507,76,38,0,0,UP,606123321901,"L"
264507,65,30,0,0,DOWN,606163465301,"A"
264507,65,30,0,0,UP,606211427801,"A"
264507,78,49,0,0,DOWN,606267403901,"N"
264507,78,49,0,0,UP,606331514101,"N"
264507,68,32,0,0,DOWN,606363397201,"D"
264507,70,33,0,0,DOWN,606467394101,"F"
264507,68,32,0,0,UP,606475224101,"D"
264507,70,33,0,0,UP,606539152101,"F"
264507,72,35,0,0,DOWN,606563376301,"H"
264507,72,35,0,0,UP,606667511601,"H"
264507,66,48,0,0,DOWN,606668263401,"B"
264507,85,22,0,0,DOWN,606763590301,"U"
264507,66,48,0,0,UP,606787400901,"B"
264507,82,19,0,0,DOWN,606867442601,"R"
264507,85,22,0,0,UP,606875426001,"U"
264507,71,34,0,0,DOWN,606963383401,"G"
264507,82,19,0,0,UP,606979333401,"R"
264507,69,18,0,0,DOWN,607067337501,"E"
264507,71,34,0,0,UP,607075459801,"G"
264507,78,49,0,0,DOWN,607163435801,"N"
264507,69,18,0,0,UP,607171409401,"E"
264507,78,49,0,0,UP,607227416001,"N"
264507,76,38,0,0,DOWN,607259394301,"L"
264507,76,38,0,0,UP,607323307301,"L"
264507,65,30,0,0,DOWN,607363385101,"A"
264507,65,30,0,0,UP,607411414401,"A"
264507,78,49,0,0,DOWN,607459475201,"N"
264507,78,49,0,0,UP,607531453501,"N"
264507,68,32,0,0,DOWN,607571425501,"D"
264507,70,33,0,0,DOWN,607667389101,"F"
264507,68,32,0,0,UP,607675391101,"D"
264507,70,33,0,0,UP,607739418401,"F"
264507,72,35,0,0,DOWN,607763523301,"H"
264507,66,48,0,0,DOWN,607867416401,"B"
264507,72,35,0,0,UP,607875079501,"H"
264507,85,22,0,0,DOWN,607963446601,"U"
264507,66,48,0,0,UP,607987374501,"B"
264507,82,19,0,0,DOWN,608067384001,"R"
264507,85,22,0,0,UP,608075367401,"U"
264507,71,34,0,0,DOWN,608163333901,"G"
264507,82,19,0,0,UP,608187654901,"R"
264507,69,18,0,0,DOWN,608267088201,"E"
264507,71,34,0,0,UP,608275151301,"G"
264507,78,49,0,0,DOWN,608363384701,"N"
264507,69,18,0,0,UP,608371320801,"E"
264507,78,49,0,0,UP,608427421401,"N"
264507,76,38,0,0,DOWN,608467413101,"L"
264507,76,38,0,0,UP,608523595201,"L"
264507,65,30,0,0,DOWN,608563487101,"A"
264507,65,30,0,0,UP,608611380801,"A"
264507,78,49,0,0,DOWN,608667531501,"N"
264507,78,49,0,0,UP,608723398801,"N"
264507,68,32,0,0,DOWN,608763422001,"D"
264507,70,33,0,0,DOWN,608867326601,"F"
264507,68,32,0,0,UP,608875481301,"D"
264507,70,33,0,0,UP,608939522901,"F"
264507,72,35,0,0,DOWN,608963451001,"H"
264507,66,48,0,0,DOWN,609067153501,"B"
264507,72,35,0,0,UP,609075335901,"H"
264507,85,22,0,0,DOWN,609163420401,"U"
264507,66,48,0,0,UP,609179466801,"B"
264507,82,19,0,0,DOWN,609259619001,"R"
264507,85,22,0,0,UP,609275403201,"U"
264507,71,34,0,0,DOWN,609363446601,"G"
264507,82,19,0,0,UP,609379456801,"R"
264507,69,18,0,0,DOWN,609467531201,"E"
264507,71,34,0,0,UP,609475412101,"G"
264507,69,18,0,0,UP,609563513001,"E"
264507,78,49,0,0,DOWN,609564518601,"N"
264507,78,49,0,0,UP,609627378001,"N"
264507,76,38,0,0,DOWN,609667157901,"L"
264507,76,38,0,0,UP,609723355201,"L"
264507,65,30,0,0,DOWN,609763508801,"A"
264507,65,30,0,0,UP,609811560901,"A"
264507,78,49,0,0,DOWN,609867379701,"N"
264507,78,49,0,0,UP,609931439201,"N"
264507,68,32,0,0,DOWN,609963468101,"D"
264507,70,33,0,0,DOWN,610067521801,"F"
264507,68,32,0,0,UP,610075305401,"D"
264507,70,33,0,0,UP,610139483701,"F"
264507,72,35,0,0,DOWN,610163448701,"H"
264507,66,48,0,0,DOWN,610267656601,"B"
264507,72,35,0,0,UP,610275415101,"H"
264507,85,22,0,0,DOWN,610363504801,"U"
264507,66,48,0,0,UP,610387625101,"B"
264507,82,19,0,0,DOWN,610467501701,"R"
264507,85,22,0,0,UP,610475387001,"U"
264507,71,34,0,0,DOWN,610563528301,"G"
264507,82,19,0,0,UP,610579435401,"R"
264507,69,18,0,0,DOWN,610667399601,"E"
264507,71,34,0,0,UP,610675154401,"G"
264507,78,49,0,0,DOWN,610763397901,"N"
264507,69,18,0,0,UP,610771296301,"E"
264507,78,49,0,0,UP,610835258501,"N"
264507,76,38,0,0,DOWN,610859401601,"L"
264507,76,38,0,0,UP,610923464701,"L"
264507,65,30,0,0,DOWN,610963444301,"A"
264507,65,30,0,0,UP,611003239801,"A"
264507,78,49,0,0,DOWN,611059457801,"N"
264507,78,49,0,0,UP,611123464201,"N"
264507,68,32,0,0,DOWN,611171485501,"D"
264507,70,33,0,0,DOWN,611259174501,"F"
264507,68,32,0,0,UP,611275446801,"D"
264507,70,33,0,0,UP,611339511701,"F"
264507,72,35,0,0,DOWN,611363483901,"H"
264507,66,48,0,0,DOWN,611459375301,"B"
264507,72,35,0,0,UP,611467350601,"H"
264507,85,22,0,0,DOWN,611563379101,"U"
264507,66,48,0,0,UP,611587510501,"B"
264507,82,19,0,0,DOWN,611667114401,"R"
264507,85,22,0,0,UP,611675413701,"U"
264507,71,34,0,0,DOWN,611763488801,"G"
264507,82,19,0,0,UP,611787293101,"R"
264507,69,18,0,0,DOWN,611867578401,"E"
264507,71,34,0,0,UP,611875467001,"G"
264507,78,49,0,0,DOWN,611963613401,"N"
264507,69,18,0,0,UP,611971378301,"E"
264507,78,49,0,0,UP,612027213001,"N"
264507,76,38,0,0,DOWN,612067478101,"L"
264507,76,38,0,0,UP,612123406401,"L"
264507,65,30,0,0,DOWN,612163467501,"A"
264507,65,30,0,0,UP,612211470901,"A"
264507,78,49,0,0,DOWN,612267453201,"N"
264507,78,49,0,0,UP,612331442301,"N"
264507,68,32,0,0,DOWN,612363402001,"D"
264507,70,33,0,0,DOWN,612467483901,"F"
264507,68,32,0,0,UP,612475475801,"D"
264507,70,33,0,0,UP,612539422801,"F"
264507,72,35,0,0,DOWN,612563460601,"H"
264507,66,48,0,0,DOWN,612667456301,"B"
264507,72,35,0,0,UP,612675045301,"H"
264507,85,22,0,0,DOWN,612763450601,"U"
264507,66,48,0,0,UP,612779236801,"B"
264507,82,19,0,0,DOWN,612867450901,"R"
264507,85,22,0,0,UP,612875438201,"U"
264507,71,34,0,0,DOWN,612963504701,"G"
264507,82,19,0,0,UP,612987554701,"R"
264507,69,18,0,0,DOWN,613067175801,"E"
264507,71,34,0,0,UP,613075407601,"G"
264507,78,49,0,0,DOWN,613163501001,"N"
264507,69,18,0,0,UP,613171452301,"E"
264507,78,49,0,0,UP,613227440501,"N"
264507,76,38,0,0,DOWN,613259454601,"L"
264507,76,38,0,0,UP,613323551401,"L"
264507,65,30,0,0,DOWN,613363416001,"A"
264507,65,30,0,0,UP,613411467701,"A"
264507,78,49,0,0,DOWN,613467473301,"N"
264507,78,49,0,0,UP,613531447901,"N"
264507,68,32,0,0,DOWN,613571477901,"D"
264507,70,33,0,0,DOWN,613667462001,"F"
264507,68,32,0,0,UP,613675052201,"D"
264507,70,33,0,0,UP,613747418801,"F"
264507,72,35,0,0,DOWN,613763509701,"H"
264507,66,48,0,0,DOWN,613867444101,"B"
264507,72,35,0,0,UP,613875410901,"H"
264507,85,22,0,0,DOWN,613963675101,"U"
264507,66,48,0,0,UP,613987281101,"B"
264507,82,19,0,0,DOWN,614067440001,"R"
264507,85,22,0,0,UP,614075423601,"U"
264507,71,34,0,0,DOWN,614163432101,"G"
264507,82,19,0,0,UP,614187349001,"R"
264507,69,18,0,0,DOWN,614267448901,"E"
264507,71,34,0,0,UP,614275429301,"G"
264507,78,49,0,0,DOWN,614363475501,"N"
264507,69,18,0,0,UP,614371621201,"E"
264507,78,49,0,0,UP,614427477601,"N"
264507,76,38,0,0,DOWN,614467179001,"L"
264507,76,38,0,0,UP,614523435401,"L"
264507,65,30,0,0,DOWN,614563537001,"A"
264507,65,30,0,0,UP,614611553001,"A"
264507,78,49,0,0,DOWN,614667262101,"N"
264507,78,49,0,0,UP,614723373601,"N"
264507,68,32,0,0,DOWN,614763492901,"D"
264507,70,33,0,0,DOWN,614867435301,"F"
264507,68,32,0,0,UP,614875553001,"D"
264507,70,33,0,0,UP,614939531901,"F"
264507,72,35,0,0,DOWN,614963526701,"H"
264507,66,48,0,0,DOWN,615059190501,"B"
264507,72,35,0,0,UP,615067411601,"H"
264507,85,22,0,0,DOWN,615163525501,"U"
264507,66,48,0,0,UP,615179456901,"B"
264507,82,19,0,0,DOWN,615259433701,"R"
264507,85,22,0,0,UP,615275512501,"U"
264507,71,34,0,0,DOWN,615363512201,"G"
264507,82,19,0,0,UP,615379443201,"R"
264507,71,34,0,0,UP,615467497601,"G"
264507,69,18,0,0,DOWN,615468232801,"E"
264507,69,18,0,0,UP,615563561501,"E"
264507,78,49,0,0,DOWN,615564353401,"N"
264507,78,49,0,0,UP,615627438901,"N"
264507,76,38,0,0,DOWN,615667394601,"L"
264507,76,38,0,0,UP,615715463901,"L"
264507,65,30,0,0,DOWN,615763439501,"A"
264507,65,30,0,0,UP,615811436801,"A"
264507,78,49,0,0,DOWN,615867516601,"N"
264507,78,49,0,0,UP,615923432901,"N"
264507,68,32,0,0,DOWN,615963528901,"D"
264507,70,33,0,0,DOWN,616067440901,"F"
264507,68,32,0,0,UP,616075224001,"D"
264507,70,33,0,0,UP,616139304101,"F"
264507,72,35,0,0,DOWN,616163508701,"H"
264507,66,48,0,0,DOWN,616267643701,"B"
264507,72,35,0,0,UP,616275270101,"H"
264507,85,22,0,0,DOWN,616363624301,"U"
264507,66,48,0,0,UP,616379641001,"B"
264507,82,19,0,0,DOWN,616467473801,"R"
264507,85,22,0,0,UP,616475444801,"U"
264507,71,34,0,0,DOWN,616563516701,"G"
264507,82,19,0,0,UP,616579610601,"R"
264507,71,34,0,0,UP,616667216501,"G"
264507,69,18,0,0,DOWN,616667731201,"E"
264507,69,18,0,0,UP,616763528401,"E"
264507,78,49,0,0,DOWN,616764166701,"N"
264507,78,49,0,0,UP,616835497701,"N"
264507,76,38,0,0,DOWN,616859373501,"L"
264507,76,38,0,0,UP,616923378501,"L"
264507,65,30,0,0,DOWN,616963511001,"A"
264507,65,30,0,0,UP,617003582501,"A"
264507,78,49,0,0,DOWN,617059389501,"N"
264507,78,49,0,0,UP,617123404401,"N"
264507,68,32,0,0,DOWN,617171492501,"D"
264507,70,33,0,0,DOWN,617259521901,"F"
264507,68,32,0,0,UP,617275533201,"D"
264507,70,33,0,0,UP,617339747201,"F"
264507,72,35,0,0,DOWN,617363549201,"H"
264507,66,48,0,0,DOWN,617467471401,"B"
264507,72,35,0,0,UP,617475519601,"H"
264507,85,22,0,0,DOWN,617563471201,"U"
264507,66,48,0,0,UP,617587461701,"B"
264507,82,19,0,0,DOWN,617667129301,"R"
264507,85,22,0,0,UP,617675588001,"U"
264507,71,34,0,0,DOWN,617763457201,"G"
264507,82,19,0,0,UP,617771462801,"R"
264507,71,34,0,0,UP,617867518301,"G"
264507,69,18,0,0,DOWN,617868249901,"E"
264507,69,18,0,0,UP,617963364201,"E"
264507,78,49,0,0,DOWN,617964137401,"N"
264507,78,49,0,0,UP,618027371701,"N"
264507,76,38,0,0,DOWN,618067455101,"L"
264507,76,38,0,0,UP,618123384601,"L"
264507,65,30,0,0,DOWN,618163548001,"A"
264507,65,30,0,0,UP,618203451101,"A"
264507,78,49,0,0,DOWN,618267429901,"N"
264507,78,49,0,0,UP,618323606101,"N"
264507,68,32,0,0,DOWN,618363669201,"D"
264507,70,33,0,0,DOWN,618467531901,"F"
264507,68,32,0,0,UP,618475282001,"D"
264507,70,33,0,0,UP,618539492601,"F"
264507,72,35,0,0,DOWN,618563459701,"H"
264507,66,48,0,0,DOWN,618667464901,"B"
264507,72,35,0,0,UP,618675182401,"H"
264507,85,22,0,0,DOWN,618763532601,"U"
264507,66,48,0,0,UP,618787485801,"B"
264507,82,19,0,0,DOWN,618867515301,"R"
264507,85,22,0,0,UP,618875198401,"U"
264507,71,34,0,0,DOWN,618963530001,"G"
264507,82,19,0,0,UP,618979811001,"R"
264507,71,34,0,0,UP,619067293801,"G"
264507,69,18,0,0,DOWN,619068305001,"E"
264507,78,49,0,0,DOWN,619163558301,"N"
264507,69,18,0,0,UP,619171426001,"E"
264507,78,49,0,0,UP,619227624101,"N"
264507,76,38,0,0,DOWN,619259512601,"L"
264507,76,38,0,0,UP,619323529501,"L"
264507,65,30,0,0,DOWN,619363558301,"A"
264507,65,30,0,0,UP,619411497601,"A"
264507,78,49,0,0,DOWN,619467578701,"N"
264507,78,49,0,0,UP,619523412701,"N"
264507,68,32,0,0,DOWN,619563517801,"D"
264507,70,33,0,0,DOWN,619667312601,"F"
264507,68,32,0,0,UP,619675492101,"D"
264507,70,33,0,0,UP,619731481401,"F"
264507,72,35,0,0,DOWN,619763639801,"H"
264507,66,48,0,0,DOWN,619867502101,"B"
264507,72,35,0,0,UP,619883840501,"H"
264507,85,22,0,0,DOWN,619963522501,"U"
264507,66,48,0,0,UP,619979659201,"B"
264507,82,19,0,0,DOWN,620067497801,"R"
264507,85,22,0,0,UP,620075439601,"U"
264507,71,34,0,0,DOWN,620163537801,"G"
264507,82,19,0,0,UP,620179474701,"R"
264507,69,18,0,0,DOWN,620267531401,"E"
264507,71,34,0,0,UP,620275286401,"G"
264507,69,18,0,0,UP,620363478801,"E"
264507,78,49,0,0,DOWN,620364276801,"N"
264507,78,49,0,0,UP,620427555801,"N"
264507,76,38,0,0,DOWN,620467491501,"L"
264507,76,38,0,0,UP,620523552901,"L"
264507,65,30,0,0,DOWN,620563556901,"A"
264507,65,30,0,0,UP,620603454201,"A"
264507,78,49,0,0,DOWN,620667622301,"N"
264507,78,49,0,0,UP,620723488501,"N"
264507,68,32,0,0,DOWN,620763532301,"D"
264507,70,33,0,0,DOWN,620859531301,"F"
264507,68,32,0,0,UP,620875340301,"D"
264507,70,33,0,0,UP,620939532201,"F"
264507,72,35,0,0,DOWN,620963467001,"H"
264507,66,48,0,0,DOWN,621059255801,"B"
264507,72,35,0,0,UP,621075386501,"H"
264507,85,22,0,0,DOWN,621163566501,"U"
264507,66,48,0,0,UP,621179544201,"B"
264507,82,19,0,0,DOWN,621259303701,"R"
264507,85,22,0,0,UP,621275433101,"U"
264507,71,34,0,0,DOWN,621363572701,"G"
264507,82,19,0,0,UP,621387569601,"R"
264507,69,18,0,0,DOWN,621467629201,"E"
264507,71,34,0,0,UP,621475582601,"G"
264507,69,18,0,0,UP,621563554801,"E"
264507,78,49,0,0,DOWN,621564405801,"N"
264507,78,49,0,0,UP,621627547501,"N"
264507,76,38,0,0,DOWN,621667550301,"L"
264507,76,38,0,0,UP,621723515901,"L"
264507,65,30,0,0,DOWN,621763535801,"A"
264507,65,30,0,0,UP,621811437901,"A"
264507,78,49,0,0,DOWN,621867545201,"N"
264507,78,49,0,0,UP,621931475001,"N"
264507,68,32,0,0,DOWN,621963558201,"D"
264507,70,33,0,0,DOWN,622067568501,"F"
264507,68,32,0,0,UP,622075531101,"D"
264507,70,33,0,0,UP,622147479601,"F"
264507,72,35,0,0,DOWN,622163494101,"H"
264507,66,48,0,0,DOWN,622267518401,"B"
264507,72,35,0,0,UP,622275462201,"H"
264507,85,22,0,0,DOWN,622363486201,"U"
264507,66,48,0,0,UP,622387264101,"B"
264507,82,19,0,0,DOWN,622467495501,"R"
264507,85,22,0,0,UP,622475462401,"U"
264507,71,34,0,0,DOWN,622563532901,"G"
264507,82,19,0,0,UP,622579815201,"R"
264507,69,18,0,0,DOWN,622667572301,"E"
264507,71,34,0,0,UP,622675523801,"G"
264507,69,18,0,0,UP,622763567901,"E"
264507,78,49,0,0,DOWN,622764336201,"N"
264507,78,49,0,0,UP,622827494201,"N"
264507,76,38,0,0,DOWN,622859668001,"L"
264507,76,38,0,0,UP,622923367501,"L"
264507,65,30,0,0,DOWN,622963569301,"A"
264507,65,30,0,0,UP,623011213701,"A"
264507,78,49,0,0,DOWN,623059221801,"N"
264507,78,49,0,0,UP,623131595001,"N"
264507,68,32,0,0,DOWN,623171569501,"D"
264507,70,33,0,0,DOWN,623259377901,"F"
264507,68,32,0,0,UP,623275181001,"D"
264507,70,33,0,0,UP,623347653601,"F"
264507,72,35,0,0,DOWN,623363529401,"H"
264507,66,48,0,0,DOWN,623467538901,"B"
264507,72,35,0,0,UP,623475548001,"H"
264507,85,22,0,0,DOWN,623563614901,"U"
264507,66,48,0,0,UP,623587521001,"B"
264507,82,19,0,0,DOWN,623667606801,"R"
264507,85,22,0,0,UP,623675552701,"U"
264507,71,34,0,0,DOWN,623763257501,"G"
264507,82,19,0,0,UP,623787446301,"R"
264507,69,18,0,0,DOWN,623867684001,"E"
264507,71,34,0,0,UP,623875544601,"G"
264507,69,18,0,0,UP,623963642701,"E"
264507,78,49,0,0,DOWN,623964488101,"N"
264507,78,49,0,0,UP,624027454801,"N"
264507,76,38,0,0,DOWN,624067572701,"L"
264507,76,38,0,0,UP,624123521801,"L"
264507,65,30,0,0,DOWN,624163505701,"A"
264507,65,30,0,0,UP,624211340401,"A"
264507,78,49,0,0,DOWN,624267549201,"N"
264507,78,49,0,0,UP,624323526401,"N"
264507,68,32,0,0,DOWN,624363614201,"D"
264507,70,33,0,0,DOWN,624467574401,"F"
264507,68,32,0,0,UP,624475558501,"D"
264507,70,33,0,0,UP,624539345201,"F"
264507,72,35,0,0,DOWN,624563521001,"H"
264507,72,35,0,0,UP,624667543701,"H"
264507,66,48,0,0,DOWN,624668694701,"B"
264507,85,22,0,0,DOWN,624763426401,"U"
264507,66,48,0,0,UP,624779709501,"B"
264507,82,19,0,0,DOWN,624859586101,"R"
264507,85,22,0,0,UP,624875560901,"U"
264507,71,34,0,0,DOWN,624963506701,"G"
264507,82,19,0,0,UP,624979735101,"R"
264507,69,18,0,0,DOWN,625067309201,"E"
264507,71,34,0,0,UP,625075555701,"G"
264507,78,49,0,0,DOWN,625163537701,"N"
264507,69,18,0,0,UP,625171489301,"E"
264507,78,49,0,0,UP,625227610701,"N"
264507,76,38,0,0,DOWN,625259577101,"L"
264507,76,38,0,0,UP,625315696401,"L"
264507,65,30,0,0,DOWN,625363550101,"A"
264507,65,30,0,0,UP,625411826101,"A"
264507,78,49,0,0,DOWN,625467576801,"N"
264507,78,49,0,0,UP,625523520101,"N"
264507,68,32,0,0,DOWN,625563502701,"D"
264507,70,33,0,0,DOWN,625667584901,"F"
264507,68,32,0,0,UP,625675522001,"D"
264507,70,33,0,0,UP,625747601201,"F"
264507,72,35,0,0,DOWN,625763676901,"H"
264507,66,48,0,0,DOWN,625867577101,"B"
264507,72,35,0,0,UP,625875602301,"H"
264507,85,22,0,0,DOWN,625963586501,"U"
264507,66,48,0,0,UP,625987614701,"B"
264507,82,19,0,0,DOWN,626067581101,"R"
264507,85,22,0,0,UP,626075537701,"U"
264507,71,34,0,0,DOWN,626163606701,"G"
264507,82,19,0,0,UP,626179357801,"R"
264507,69,18,0,0,DOWN,626267534101,"E"
264507,71,34,0,0,UP,626275525501,"G"
264507,69,18,0,0,UP,626363533201,"E"
264507,78,49,0,0,DOWN,626379654901,"N"
264507,78,49,0,0,UP,626427576701,"N"
264507,76,38,0,0,DOWN,626467594501,"L"
264507,76,38,0,0,UP,626523528601,"L"
264507,65,30,0,0,DOWN,626563606401,"A"
264507,65,30,0,0,UP,626603570201,"A"
264507,78,49,0,0,DOWN,626667586001,"N"
264507,78,49,0,0,UP,626723505101,"N"
264507,68,32,0,0,DOWN,626763281401,"D"
264507,70,33,0,0,DOWN,626867679501,"F"
264507,68,32,0,0,UP,626875525601,"D"
264507,70,33,0,0,UP,626939533201,"F"
264507,72,35,0,0,DOWN,626963596801,"H"
264507,72,35,0,0,UP,627067706001,"H"
264507,66,48,0,0,DOWN,627068674701,"B"
264507,85,22,0,0,DOWN,627163331501,"U"
264507,66,48,0,0,UP,627179725001,"B"
264507,82,19,0,0,DOWN,627259629101,"R"
264507,85,22,0,0,UP,627275454601,"U"
264507,71,34,0,0,DOWN,627363336201,"G"
264507,82,19,0,0,UP,627379777601,"R"
264507,71,34,0,0,UP,627467743601,"G"
264507,69,18,0,0,DOWN,627468573601,"E"
264507,78,49,0,0,DOWN,627563336901,"N"
264507,69,18,0,0,UP,627571505901,"E"
264507,78,49,0,0,UP,627627623701,"N"
264507,76,38,0,0,DOWN,627667610601,"L"
264507,76,38,0,0,UP,627715510301,"L"
264507,65,30,0,0,DOWN,627763395401,"A"
264507,65,30,0,0,UP,627811524601,"A"
264507,78,49,0,0,DOWN,627867635601,"N"
264507,78,49,0,0,UP,627923537001,"N"
264507,68,32,0,0,DOWN,627963442401,"D"
264507,70,33,0,0,DOWN,628067621701,"F"
264507,68,32,0,0,UP,628083643501,"D"
264507,70,33,0,0,UP,628147368701,"F"
264507,72,35,0,0,DOWN,628163683301,"H"
264507,66,48,0,0,DOWN,628267633001,"B"
264507,72,35,0,0,UP,628283514401,"H"
264507,85,22,0,0,DOWN,628363841301,"U"
264507,66,48,0,0,UP,628387679501,"B"
264507,82,19,0,0,DOWN,628467608001,"R"
264507,85,22,0,0,UP,628475534901,"U"
264507,71,34,0,0,DOWN,628563432601,"G"
264507,82,19,0,0,UP,628587765401,"R"
264507,69,18,0,0,DOWN,628667339401,"E"
264507,71,34,0,0,UP,628675575001,"G"
264507,78,49,0,0,DOWN,628763415301,"N"
264507,69,18,0,0,UP,628771537401,"E"
264507,78,49,0,0,UP,628827525201,"N"
264507,76,38,0,0,DOWN,628867347801,"L"
264507,76,38,0,0,UP,628923646601,"L"
264507,65,30,0,0,DOWN,628963516201,"A"
264507,65,30,0,0,UP,629003560801,"A"
264507,78,49,0,0,DOWN,629067521801,"N"
264507,78,49,0,0,UP,629123351701,"N"
264507,68,32,0,0,DOWN,629163565801,"D"
264507,70,33,0,0,DOWN,629267528401,"F"
264507,68,32,0,0,UP,629275520101,"D"
264507,70,33,0,0,UP,629339623401,"F"
264507,72,35,0,0,DOWN,629363565201,"H"
264507,66,48,0,0,DOWN,629459573001,"B"
264507,72,35,0,0,UP,629475572401,"H"
264507,85,22,0,0,DOWN,629563305301,"U"
264507,66,48,0,0,UP,629579656601,"B"
264507,82,19,0,0,DOWN,629659735101,"R"
264507,85,22,0,0,UP,629675549101,"U"
264507,71,34,0,0,DOWN,629763250801,"G"
264507,82,19,0,0,UP,629787593501,"R"
264507,69,18,0,0,DOWN,629867612301,"E"
264507,71,34,0,0,UP,629875569501,"G"
264507,78,49,0,0,DOWN,629963621501,"N"
264507,69,18,0,0,UP,629971242201,"E"
264507,78,49,0,0,UP,630027603501,"N"
264507,76,38,0,0,DOWN,630067690101,"L"
264507,76,38,0,0,UP,630115295401,"L"
264507,65,30,0,0,DOWN,630163602001,"A"
264507,65,30,0,0,UP,630211707701,"A"
264507,78,49,0,0,DOWN,630267625501,"N"
264507,78,49,0,0,UP,630323608501,"N"
264507,68,32,0,0,DOWN,630363589201,"D"
264507,70,33,0,0,DOWN,630467604301,"F"
264507,68,32,0,0,UP,630475603301,"D"
264507,70,33,0,0,UP,630539578601,"F"
264507,72,35,0,0,DOWN,630563777501,"H"
264507,66,48,0,0,DOWN,630667534301,"B"
264507,72,35,0,0,UP,630675591301,"H"
264507,85,22,0,0,DOWN,630763651501,"U"
264507,66,48,0,0,UP,630787472101,"B"
264507,82,19,0,0,DOWN,630867516401,"R"
264507,85,22,0,0,UP,630875643401,"U"
264507,71,34,0,0,DOWN,630963585601,"G"
264507,82,19,0,0,UP,630987577201,"R"
264507,69,18,0,0,DOWN,631067361101,"E"
264507,71,34,0,0,UP,631075522201,"G"
264507,78,49,0,0,DOWN,631163610401,"N"
264507,69,18,0,0,UP,631171526701,"E"
264507,78,49,0,0,UP,631227377001,"N"
264507,76,38,0,0,DOWN,631259564101,"L"
264507,76,38,0,0,UP,631323708101,"L"
264507,65,30,0,0,DOWN,631363597601,"A"
264507,65,30,0,0,UP,631411558701,"A"
264507,78,49,0,0,DOWN,631459653101,"N"
264507,78,49,0,0,UP,631523565901,"N"
264507,68,32,0,0,DOWN,631571451501,"D"
264507,70,33,0,0,DOWN,631659604401,"F"
264507,68,32,0,0,UP,631675577401,"D"
264507,70,33,0,0,UP,631739693701,"F"
264507,72,35,0,0,DOWN,631763707201,"H"
264507,66,48,0,0,DOWN,631867357701,"B"
264507,72,35,0,0,UP,631875558201,"H"
264507,85,22,0,0,DOWN,631963579001,"U"
264507,66,48,0,0,UP,631987562101,"B"
264507,82,19,0,0,DOWN,632067587601,"R"
264507,85,22,0,0,UP,632075568401,"U"
264507,71,34,0,0,DOWN,632163587701,"G"
264507,82,19,0,0,UP,632187558901,"R"
264507,69,18,0,0,DOWN,632267578401,"E"
264507,71,34,0,0,UP,632275614701,"G"
264507,69,18,0,0,UP,632363626501,"E"
264507,78,49,0,0,DOWN,632364348701,"N"
264507,78,49,0,0,UP,632427608401,"N"
264507,76,38,0,0,DOWN,632467644001,"L"
264507,76,38,0,0,UP,632523569501,"L"
264507,65,30,0,0,DOWN,632563592801,"A"
264507,65,30,0,0,UP,632611647501,"A"
264507,78,49,0,0,DOWN,632667793601,"N"
264507,78,49,0,0,UP,632723571301,"N"
264507,68,32,0,0,DOWN,632763354201,"D"
264507,70,33,0,0,DOWN,632867432201,"F"
264507,68,32,0,0,UP,632875574401,"D"
264507,70,33,0,0,UP,632931566701,"F"
264507,72,35,0,0,DOWN,632963613901,"H"
264507,66,48,0,0,DOWN,633067371001,"B"
264507,72,35,0,0,UP,633075287801,"H"
264507,85,22,0,0,DOWN,633163638401,"U"
264507,66,48,0,0,UP,633187551601,"B"
264507,82,19,0,0,DOWN,633267376901,"R"
264507,85,22,0,0,UP,633275588401,"U"
264507,71,34,0,0,DOWN,633371645901,"G"
264507,82,19,0,0,UP,633379709101,"R"
264507,69,18,0,0,DOWN,633467480701,"E"
264507,71,34,0,0,UP,633475623401,"G"
264507,78,49,0,0,DOWN,633563747601,"N"
264507,69,18,0,0,UP,633571285001,"E"
264507,78,49,0,0,UP,633627617701,"N"
264507,76,38,0,0,DOWN,633659708501,"L"
264507,76,38,0,0,UP,633731732601,"L"
264507,65,30,0,0,DOWN,633763652801,"A"
264507,65,30,0,0,UP,633811413501,"A"
264507,78,49,0,0,DOWN,633867653901,"N"
264507,78,49,0,0,UP,633931683401,"N"
264507,68,32,0,0,DOWN,633963704201,"D"
264507,70,33,0,0,DOWN,634067718701,"F"
264507,68,32,0,0,UP,634075394501,"D"
264507,70,33,0,0,UP,634147581201,"F"
264507,72,35,0,0,DOWN,634163643301,"H"
264507,66,48,0,0,DOWN,634267733501,"B"
264507,72,35,0,0,UP,634275614601,"H"
264507,85,22,0,0,DOWN,634363561501,"U"
264507,66,48,0,0,UP,634387801301,"B"
264507,82,19,0,0,DOWN,634467735301,"R"
264507,85,22,0,0,UP,634475580601,"U"
264507,71,34,0,0,DOWN,634563612901,"G"
264507,82,19,0,0,UP,634587719801,"R"
264507,69,18,0,0,DOWN,634667657701,"E"
264507,71,34,0,0,UP,634675710301,"G"
264507,69,18,0,0,UP,634763602601,"E"
264507,78,49,0,0,DOWN,634764412301,"N"
264507,78,49,0,0,UP,634827573001,"N"
264507,76,38,0,0,DOWN,634867748101,"L"
264507,76,38,0,0,UP,634923572301,"L"
264507,65,30,0,0,DOWN,634963660201,"A"
264507,65,30,0,0,UP,635003726901,"A"
264507,78,49,0,0,DOWN,635067552201,"N"
264507,78,49,0,0,UP,635123589501,"N"
264507,68,32,0,0,DOWN,635163699201,"D"
264507,70,33,0,0,DOWN,635267607301,"F"
264507,68,32,0,0,UP,635275575901,"D"
264507,70,33,0,0,UP,635331612101,"F"
264507,72,35,0,0,DOWN,635363680401,"H"
264507,66,48,0,0,DOWN,635459690401,"B"
264507,72,35,0,0,UP,635475647601,"H"
264507,85,22,0,0,DOWN,635563704901,"U"
264507,66,48,0,0,UP,635587758701,"B"
264507,82,19,0,0,DOWN,635659695801,"R"
264507,85,22,0,0,UP,635675780901,"U"
264507,71,34,0,0,DOWN,635763691401,"G"
264507,82,19,0,0,UP,635787804901,"R"
264507,69,18,0,0,DOWN,635867671301,"E"
264507,71,34,0,0,UP,635875229801,"G"
264507,69,18,0,0,UP,635963773501,"E"
264507,78,49,0,0,DOWN,635964701601,"N"
264507,78,49,0,0,UP,636027672501,"N"
264507,76,38,0,0,DOWN,636067606301,"L"
264507,76,38,0,0,UP,636123601001,"L"
264507,65,30,0,0,DOWN,636163619201,"A"
264507,65,30,0,0,UP,636211648401,"A"
264507,78,49,0,0,DOWN,636267670301,"N"
264507,78,49,0,0,UP,636323609101,"N"
264507,68,32,0,0,DOWN,636363677801,"D"
264507,70,33,0,0,DOWN,636467655501,"F"
264507,68,32,0,0,UP,636483637101,"D"
264507,70,33,0,0,UP,636539649401,"F"
264507,72,35,0,0,DOWN,636563692901,"H"
264507,66,48,0,0,DOWN,636667727601,"B"
264507,72,35,0,0,UP,636675667501,"H"
264507,85,22,0,0,DOWN,636763712701,"U"
264507,66,48,0,0,UP,636779597501,"B"
264507,82,19,0,0,DOWN,636867652001,"R"
264507,85,22,0,0,UP,636875598401,"U"
264507,71,34,0,0,DOWN,636963661801,"G"
264507,82,19,0,0,UP,636987729701,"R"
264507,69,18,0,0,DOWN,637067713401,"E"
264507,71,34,0,0,UP,637075607801,"G"
264507,78,49,0,0,DOWN,637163740401,"N"
264507,69,18,0,0,UP,637171699501,"E"
264507,78,49,0,0,UP,637227643501,"N"
264507,76,38,0,0,DOWN,637259738401,"L"
264507,76,38,0,0,UP,637323684001,"L"
264507,65,30,0,0,DOWN,637363616701,"A"
264507,65,30,0,0,UP,637411440501,"A"
264507,78,49,0,0,DOWN,637459674901,"N"
264507,78,49,0,0,UP,637523649901,"N"
264507,68,32,0,0,DOWN,637571524801,"D"
264507,70,33,0,0,DOWN,637667596001,"F"
264507,68,32,0,0,UP,637675726001,"D"
264507,70,33,0,0,UP,637739729001,"F"
264507,72,35,0,0,DOWN,637763667801,"H"
264507,66,48,0,0,DOWN,637867599901,"B"
264507,72,35,0,0,UP,637875604701,"H"
264507,85,22,0,0,DOWN,637963660001,"U"
264507,66,48,0,0,UP,637987392101,"B"
264507,82,19,0,0,DOWN,638067644701,"R"
264507,85,22,0,0,UP,638075630601,"U"
264507,71,34,0,0,DOWN,638163650201,"G"
264507,82,19,0,0,UP,638179677801,"R"
264507,69,18,0,0,DOWN,638267336201,"E"
264507,71,34,0,0,UP,638275586401,"G"
264507,69,18,0,0,UP,638363963201,"E"
264507,78,49,0,0,DOWN,638364467601,"N"
264507,78,49,0,0,UP,638427803501,"N"
264507,76,38,0,0,DOWN,638467665401,"L"
264507,76,38,0,0,UP,638523579801,"L"
264507,65,30,0,0,DOWN,638563708501,"A"
264507,65,30,0,0,UP,638611694601,"A"
264507,78,49,0,0,DOWN,638667474201,"N"
264507,78,49,0,0,UP,638723752301,"N"
264507,68,32,0,0,DOWN,638763361401,"D"
264507,70,33,0,0,DOWN,638867642501,"F"
264507,68,32,0,0,UP,638875260401,"D"
264507,70,33,0,0,UP,638939383101,"F"
264507,72,35,0,0,DOWN,638963640001,"H"
264507,72,35,0,0,UP,639067758201,"H"
264507,66,48,0,0,DOWN,639068609801,"B"
264507,85,22,0,0,DOWN,639163704801,"U"
264507,66,48,0,0,UP,639187763001,"B"
264507,82,19,0,0,DOWN,639259722201,"R"
264507,85,22,0,0,UP,639275774601,"U"
264507,71,34,0,0,DOWN,639363742501,"G"
264507,82,19,0,0,UP,639379760001,"R"
264507,69,18,0,0,DOWN,639467694701,"E"
264507,71,34,0,0,UP,639475608801,"G"
264507,69,18,0,0,UP,639563710601,"E"
264507,78,49,0,0,DOWN,639564707701,"N"
264507,78,49,0,0,UP,639627688901,"N"
264507,76,38,0,0,DOWN,639667698001,"L"
264507,76,38,0,0,UP,639723451101,"L"
264507,65,30,0,0,DOWN,639763784601,"A"
264507,65,30,0,0,UP,639811840101,"A"
264507,78,49,0,0,DOWN,639867662901,"N"
264507,78,49,0,0,UP,639923633401,"N"
264507,68,32,0,0,DOWN,639963758001,"D"
264507,70,33,0,0,DOWN,640067640001,"F"
264507,68,32,0,0,UP,640075396101,"D"
264507,70,33,0,0,UP,640147650401,"F"
264507,72,35,0,0,DOWN,640163672001,"H"
264507,66,48,0,0,DOWN,640267706301,"B"
264507,72,35,0,0,UP,640275316101,"H"
264507,85,22,0,0,DOWN,640363748801,"U"
264507,66,48,0,0,UP,640387671601,"B"
264507,82,19,0,0,DOWN,640467710201,"R"
264507,85,22,0,0,UP,640475513901,"U"
264507,71,34,0,0,DOWN,640563818501,"G"
264507,82,19,0,0,UP,640579774601,"R"
264507,71,34,0,0,UP,640667652301,"G"
264507,69,18,0,0,DOWN,640668393401,"E"
264507,69,18,0,0,UP,640763401501,"E"
264507,78,49,0,0,DOWN,640771730701,"N"
264507,78,49,0,0,UP,640827644201,"N"
264507,76,38,0,0,DOWN,640859747901,"L"
264507,76,38,0,0,UP,640923619401,"L"
264507,65,30,0,0,DOWN,640963750201,"A"
264507,65,30,0,0,UP,641011639701,"A"
264507,78,49,0,0,DOWN,641059707201,"N"
264507,78,49,0,0,UP,641131685901,"N"
264507,68,32,0,0,DOWN,641171713201,"D"
264507,70,33,0,0,DOWN,641259682301,"F"
264507,68,32,0,0,UP,641275642201,"D"
264507,70,33,0,0,UP,641339531601,"F"
264507,72,35,0,0,DOWN,641363439701,"H"
264507,66,48,0,0,DOWN,641467735401,"B"
264507,72,35,0,0,UP,641475287701,"H"
264507,85,22,0,0,DOWN,641563680901,"U"
264507,66,48,0,0,UP,641587645301,"B"
264507,82,19,0,0,DOWN,641667709501,"R"
264507,85,22,0,0,UP,641675348401,"U"
264507,71,34,0,0,DOWN,641763680601,"G"
264507,82,19,0,0,UP,641779865201,"R"
264507,69,18,0,0,DOWN,641867704201,"E"
264507,71,34,0,0,UP,641875346301,"G"
264507,78,49,0,0,DOWN,641963654801,"N"
264507,69,18,0,0,UP,641971486301,"E"
264507,78,49,0,0,UP,642027758501,"N"
264507,76,38,0,0,DOWN,642067411101,"L"
264507,76,38,0,0,UP,642123392001,"L"
264507,65,30,0,0,DOWN,642163754701,"A"
264507,65,30,0,0,UP,642211715601,"A"
264507,78,49,0,0,DOWN,642267721201,"N"
264507,78,49,0,0,UP,642323597301,"N"
264507,68,32,0,0,DOWN,642363737501,"D"
264507,70,33,0,0,DOWN,642467654801,"F"
264507,68,32,0,0,UP,642483662701,"D"
264507,70,33,0,0,UP,642539588101,"F"
264507,72,35,0,0,DOWN,642563774501,"H"
264507,72,35,0,0,UP,642667743401,"H"
264507,66,48,0,0,DOWN,642668467601,"B"
264507,85,22,0,0,DOWN,642763494301,"U"
264507,66,48,0,0,UP,642787704201,"B"
264507,82,19,0,0,DOWN,642867793901,"R"
264507,85,22,0,0,UP,642875558801,"U"
264507,71,34,0,0,DOWN,642963691901,"G"
264507,82,19,0,0,UP,642979813001,"R"
264507,69,18,0,0,DOWN,643068500801,"E"
264507,71,34,0,0,UP,643075545601,"G"
264507,78,49,0,0,DOWN,643163761401,"N"
264507,69,18,0,0,UP,643171659501,"E"
264507,78,49,0,0,UP,643227711701,"N"
264507,76,38,0,0,DOWN,643267762701,"L"
264507,76,38,0,0,UP,643323814301,"L"
264507,65,30,0,0,DOWN,643363735901,"A"
264507,65,30,0,0,UP,643411875201,"A"
264507,78,49,0,0,DOWN,643467747501,"N"
264507,78,49,0,0,UP,643531655801,"N"
264507,68,32,0,0,DOWN,643563750101,"D"
264507,70,33,0,0,DOWN,643667722101,"F"
264507,68,32,0,0,UP,643683818701,"D"
264507,70,33,0,0,UP,643747707001,"F"
264507,72,35,0,0,DOWN,643763803201,"H"
264507,66,48,0,0,DOWN,643867851701,"B"
264507,72,35,0,0,UP,643883714301,"H"
264507,85,22,0,0,DOWN,643963707401,"U"
264507,66,48,0,0,UP,643987852301,"B"
264507,82,19,0,0,DOWN,644067740301,"R"
264507,85,22,0,0,UP,644075782701,"U"
264507,71,34,0,0,DOWN,644163747401,"G"
264507,82,19,0,0,UP,644187531701,"R"
264507,69,18,0,0,DOWN,644267694801,"E"
264507,71,34,0,0,UP,644275599001,"G"
264507,78,49,0,0,DOWN,644363649601,"N"
264507,69,18,0,0,UP,644371677201,"E"
264507,78,49,0,0,UP,644427747601,"N"
264507,76,38,0,0,DOWN,644467723001,"L"
264507,76,38,0,0,UP,644515706201,"L"
264507,65,30,0,0,DOWN,644563775201,"A"
264507,65,30,0,0,UP,644603730701,"A"
264507,78,49,0,0,DOWN,644667695001,"N"
264507,78,49,0,0,UP,644723741901,"N"
264507,68,32,0,0,DOWN,644763646001,"D"
264507,70,33,0,0,DOWN,644867804201,"F"
264507,68,32,0,0,UP,644875483101,"D"
264507,70,33,0,0,UP,644939823801,"F"
264507,72,35,0,0,DOWN,644963705501,"H"
264507,66,48,0,0,DOWN,645059512101,"B"
264507,72,35,0,0,UP,645067349301,"H"
264507,85,22,0,0,DOWN,645163885001,"U"
264507,66,48,0,0,UP,645187681401,"B"
264507,82,19,0,0,DOWN,645267712401,"R"
264507,85,22,0,0,UP,645275602401,"U"
264507,71,34,0,0,DOWN,645363744401,"G"
264507,82,19,0,0,UP,645387922901,"R"
264507,69,18,0,0,DOWN,645467534601,"E"
264507,71,34,0,0,UP,645475639101,"G"
264507,78,49,0,0,DOWN,645563789201,"N"
264507,69,18,0,0,UP,645571689401,"E"
264507,78,49,0,0,UP,645627485801,"N"
264507,76,38,0,0,DOWN,645667848101,"L"
264507,76,38,0,0,UP,645723641401,"L"
264507,65,30,0,0,DOWN,645763760701,"A"
264507,65,30,0,0,UP,645811654101,"A"
264507,78,49,0,0,DOWN,645867750101,"N"
264507,78,49,0,0,UP,645923685701,"N"
264507,68,32,0,0,DOWN,645963742001,"D"
264507,70,33,0,0,DOWN,646067689401,"F"
264507,68,32,0,0,UP,646083714501,"D"
264507,70,33,0,0,UP,646147734501,"F"
264507,72,35,0,0,DOWN,646163890401,"H"
264507,66,48,0,0,DOWN,646267782101,"B"
264507,72,35,0,0,UP,646275742001,"H"
264507,85,22,0,0,DOWN,646363748901,"U"
264507,66,48,0,0,UP,646387730401,"B"
264507,82,19,0,0,DOWN,646467778201,"R"
264507,85,22,0,0,UP,646475716501,"U"
264507,71,34,0,0,DOWN,646563705001,"G"
264507,82,19,0,0,UP,646587706401,"R"
264507,69,18,0,0,DOWN,646667570901,"E"
264507,71,34,0,0,UP,646675693101,"G"
264507,69,18,0,0,UP,646771854801,"E"
264507,78,49,0,0,DOWN,646772626601,"N"
264507,78,49,0,0,UP,646827664501,"N"
264507,76,38,0,0,DOWN,646859605601,"L"
264507,76,38,0,0,UP,646915680101,"L"
264507,65,30,0,0,DOWN,646963695801,"A"
264507,65,30,0,0,UP,647011644001,"A"
264507,78,49,0,0,DOWN,647059762801,"N"
264507,78,49,0,0,UP,647123875401,"N"
264507,68,32,0,0,DOWN,647171789601,"D"
264507,70,33,0,0,DOWN,647267675401,"F"
264507,68,32,0,0,UP,647275759601,"D"
264507,70,33,0,0,UP,647347761001,"F"
264507,72,35,0,0,DOWN,647363816701,"H"
264507,66,48,0,0,DOWN,647467791301,"B"
264507,72,35,0,0,UP,647475692401,"H"
264507,85,22,0,0,DOWN,647563472901,"U"
264507,66,48,0,0,UP,647587691101,"B"
264507,82,19,0,0,DOWN,647667861301,"R"
264507,85,22,0,0,UP,647675700401,"U"
264507,71,34,0,0,DOWN,647763724801,"G"
264507,82,19,0,0,UP,647779890501,"R"
264507,69,18,0,0,DOWN,647867810101,"E"
264507,71,34,0,0,UP,647875831401,"G"
264507,78,49,0,0,DOWN,647963716101,"N"
264507,69,18,0,0,UP,647971630801,"E"
264507,78,49,0,0,UP,648027689801,"N"
264507,76,38,0,0,DOWN,648067702101,"L"
264507,76,38,0,0,UP,648123740301,"L"
264507,65,30,0,0,DOWN,648163834301,"A"
264507,65,30,0,0,UP,648211649301,"A"
264507,78,49,0,0,DOWN,648267746101,"N"
264507,78,49,0,0,UP,648323717501,"N"
264507,68,32,0,0,DOWN,648363732801,"D"
264507,70,33,0,0,DOWN,648467782501,"F"
264507,68,32,0,0,UP,648475659801,"D"
264507,70,33,0,0,UP,648539769101,"F"
264507,72,35,0,0,DOWN,648563706901,"H"
264507,66,48,0,0,DOWN,648667915001,"B"
264507,72,35,0,0,UP,648675695801,"H"
264507,85,22,0,0,DOWN,648763762201,"U"
264507,66,48,0,0,UP,648779601501,"B"
264507,82,19,0,0,DOWN,648859795401,"R"
264507,85,22,0,0,UP,648875351801,"U"
264507,71,34,0,0,DOWN,648963789001,"G"
264507,82,19,0,0,UP,648979721101,"R"
264507,69,18,0,0,DOWN,649067827701,"E"
264507,71,34,0,0,UP,649075726901,"G"
264507,69,18,0,0,UP,649163766001,"E"
264507,78,49,0,0,DOWN,649164563601,"N"
264507,78,49,0,0,UP,649227719901,"N"
264507,76,38,0,0,DOWN,649267711401,"L"
264507,76,38,0,0,UP,649315737401,"L"
264507,65,30,0,0,DOWN,649363803501,"A"
264507,65,30,0,0,UP,649411989901,"A"
264507,78,49,0,0,DOWN,649467732301,"N"
264507,78,49,0,0,UP,649523741801,"N"
264507,68,32,0,0,DOWN,649563806701,"D"
264507,70,33,0,0,DOWN,649667765401,"F"
264507,68,32,0,0,UP,649675713701,"D"
264507,70,33,0,0,UP,649739774901,"F"
264507,72,35,0,0,DOWN,649763418601,"H"
264507,66,48,0,0,DOWN,649867741901,"B"
264507,72,35,0,0,UP,649875736301,"H"
264507,85,22,0,0,DOWN,649963751901,"U"
264507,66,48,0,0,UP,649987757201,"B"
264507,82,19,0,0,DOWN,650067737001,"R"
264507,85,22,0,0,UP,650075871101,"U"
264507,71,34,0,0,DOWN,650163794901,"G"
264507,82,19,0,0,UP,650187827001,"R"
264507,69,18,0,0,DOWN,650267759101,"E"
264507,71,34,0,0,UP,650275740401,"G"
264507,78,49,0,0,DOWN,650363785301,"N"
264507,69,18,0,0,UP,650371710601,"E"
264507,78,49,0,0,UP,650427819401,"N"
264507,76,38,0,0,DOWN,650459762401,"L"
264507,76,38,0,0,UP,650523749801,"L"
264507,65,30,0,0,DOWN,650563751301,"A"
264507,65,30,0,0,UP,650603848301,"A"
264507,78,49,0,0,DOWN,650659795901,"N"
264507,78,49,0,0,UP,650723744901,"N"
264507,68,32,0,0,DOWN,650771712001,"D"
264507,70,33,0,0,DOWN,650859845801,"F"
264507,68,32,0,0,UP,650875737201,"D"
264507,70,33,0,0,UP,650939637601,"F"
264507,72,35,0,0,DOWN,650963894401,"H"
264507,66,48,0,0,DOWN,651067663101,"B"
264507,72,35,0,0,UP,651075732901,"H"
264507,85,22,0,0,DOWN,651163719401,"U"
264507,66,48,0,0,UP,651187769601,"B"
264507,82,19,0,0,DOWN,651267792201,"R"
264507,85,22,0,0,UP,651275747301,"U"
264507,71,34,0,0,DOWN,651363531601,"G"
264507,82,19,0,0,UP,651387860501,"R"
264507,69,18,0,0,DOWN,651467769701,"E"
264507,71,34,0,0,UP,651483842801,"G"
264507,78,49,0,0,DOWN,651563551001,"N"
264507,69,18,0,0,UP,651571807001,"E"
264507,78,49,0,0,UP,651627727401,"N"
264507,76,38,0,0,DOWN,651667815001,"L"
264507,76,38,0,0,UP,651723772401,"L"
264507,65,30,0,0,DOWN,651763643801,"A"
264507,65,30,0,0,UP,651811891801,"A"
264507,78,49,0,0,DOWN,651867809901,"N"
264507,78,49,0,0,UP,651931734601,"N"
264507,68,32,0,0,DOWN,651963470801,"D"
264507,70,33,0,0,DOWN,652067830601,"F"
264507,68,32,0,0,UP,652083638801,"D"
264507,70,33,0,0,UP,652139802701,"F"
264507,72,35,0,0,DOWN,652163504201,"H"
264507,66,48,0,0,DOWN,652267837501,"B"
264507,72,35,0,0,UP,652275763801,"H"
264507,85,22,0,0,DOWN,652363698501,"U"
264507,66,48,0,0,UP,652387793201,"B"
264507,82,19,0,0,DOWN,652467725301,"R"
264507,85,22,0,0,UP,652475750001,"U"
264507,71,34,0,0,DOWN,652571863401,"G"
264507,82,19,0,0,UP,652579917401,"R"
264507,71,34,0,0,UP,652667792301,"G"
264507,69,18,0,0,DOWN,652668582001,"E"
264507,78,49,0,0,DOWN,652763785901,"N"
264507,69,18,0,0,UP,652771839401,"E"
264507,78,49,0,0,UP,652827773901,"N"
264507,76,38,0,0,DOWN,652867891401,"L"
264507,76,38,0,0,UP,652923778801,"L"
264507,65,30,0,0,DOWN,652963698801,"A"
264507,65,30,0,0,UP,653012102201,"A"
264507,78,49,0,0,DOWN,653067700701,"N"
264507,78,49,0,0,UP,653131724901,"N"
264507,68,32,0,0,DOWN,653163867301,"D"
264507,70,33,0,0,DOWN,653267840101,"F"
264507,68,32,0,0,UP,653275476001,"D"
264507,70,33,0,0,UP,653339827901,"F"
264507,72,35,0,0,DOWN,653363798801,"H"
264507,66,48,0,0,DOWN,653467814201,"B"
264507,72,35,0,0,UP,653475811701,"H"
264507,85,22,0,0,DOWN,653563811801,"U"
264507,66,48,0,0,UP,653587797201,"B"
264507,82,19,0,0,DOWN,653667902401,"R"
264507,85,22,0,0,UP,653686207201,"U"
264507,71,34,0,0,DOWN,653763799101,"G"
264507,82,19,0,0,UP,653780035901,"R"
264507,69,18,0,0,DOWN,653867753801,"E"
264507,71,34,0,0,UP,653875791401,"G"
264507,69,18,0,0,UP,653963931501,"E"
264507,78,49,0,0,DOWN,653964609801,"N"
264507,78,49,0,0,UP,654027766901,"N"
264507,76,38,0,0,DOWN,654067924501,"L"
264507,76,38,0,0,UP,654123771101,"L"
264507,65,30,0,0,DOWN,654163832501,"A"
264507,65,30,0,0,UP,654203638401,"A"
264507,78,49,0,0,DOWN,654267563301,"N"
264507,78,49,0,0,UP,654323790501,"N"
264507,68,32,0,0,DOWN,654363843301,"D"
264507,70,33,0,0,DOWN,654459850001,"F"
264507,68,32,0,0,UP,654475898901,"D"
264507,70,33,0,0,UP,654539796101,"F"
264507,72,35,0,0,DOWN,654563816101,"H"
264507,66,48,0,0,DOWN,654659540701,"B"
264507,72,35,0,0,UP,654667892101,"H"
264507,85,22,0,0,DOWN,654763792801,"U"
264507,66,48,0,0,UP,654787766601,"B"
264507,82,19,0,0,DOWN,654867855801,"R"
264507,85,22,0,0,UP,654875774401,"U"
264507,71,34,0,0,DOWN,654963795801,"G"
264507,82,19,0,0,UP,654987805301,"R"
264507,69,18,0,0,DOWN,655067764201,"E"
264507,71,34,0,0,UP,655075777401,"G"
264507,69,18,0,0,UP,655163877401,"E"
264507,78,49,0,0,DOWN,655164895001,"N"
264507,78,49,0,0,UP,655227891301,"N"
264507,76,38,0,0,DOWN,655267789301,"L"
264507,76,38,0,0,UP,655323752001,"L"
264507,65,30,0,0,DOWN,655363775801,"A"
264507,65,30,0,0,UP,655411845601,"A"
264507,78,49,0,0,DOWN,655467846401,"N"
264507,78,49,0,0,UP,655531777901,"N"
264507,68,32,0,0,DOWN,655563787301,"D"
264507,70,33,0,0,DOWN,655667801901,"F"
264507,68,32,0,0,UP,655675777901,"D"
264507,70,33,0,0,UP,655739847701,"F"
264507,72,35,0,0,DOWN,655763863101,"H"
264507,72,35,0,0,UP,655867644001,"H"
264507,66,48,0,0,DOWN,655868486701,"B"
264507,85,22,0,0,DOWN,655963824701,"U"
264507,66,48,0,0,UP,655987744401,"B"
264507,82,19,0,0,DOWN,656067872801,"R"
264507,85,22,0,0,UP,656075810801,"U"
264507,71,34,0,0,DOWN,656163834301,"G"
264507,82,19,0,0,UP,656179801701,"R"
264507,69,18,0,0,DOWN,656267894801,"E"
264507,71,34,0,0,UP,656275789701,"G"
264507,69,18,0,0,UP,656371851301,"E"
264507,78,49,0,0,DOWN,656372576801,"N"
264507,78,49,0,0,UP,656435769101,"N"
264507,76,38,0,0,DOWN,656459760601,"L"
264507,76,38,0,0,UP,656531822401,"L"
264507,65,30,0,0,DOWN,656563773901,"A"
264507,65,30,0,0,UP,656611802201,"A"
264507,78,49,0,0,DOWN,656659805701,"N"
264507,78,49,0,0,UP,656731821601,"N"
264507,68,32,0,0,DOWN,656771914301,"D"
264507,70,33,0,0,DOWN,656867792401,"F"
264507,68,32,0,0,UP,656875903401,"D"
264507,70,33,0,0,UP,656947787101,"F"
264507,72,35,0,0,DOWN,656963885501,"H"
264507,66,48,0,0,DOWN,657067557301,"B"
264507,72,35,0,0,UP,657075418801,"H"
264507,85,22,0,0,DOWN,657163972201,"U"
264507,66,48,0,0,UP,657180041101,"B"
264507,82,19,0,0,DOWN,657267569301,"R"
264507,85,22,0,0,UP,657275777201,"U"
264507,71,34,0,0,DOWN,657363800701,"G"
264507,82,19,0,0,UP,657387700001,"R"
264507,69,18,0,0,DOWN,657467648901,"E"
264507,71,34,0,0,UP,657475729401,"G"
264507,69,18,0,0,UP,657563972901,"E"
264507,78,49,0,0,DOWN,657564826701,"N"
264507,78,49,0,0,UP,657627792401,"N"
264507,76,38,0,0,DOWN,657667459301,"L"
264507,76,38,0,0,UP,657723868601,"L"
264507,65,30,0,0,DOWN,657763628201,"A"
264507,65,30,0,0,UP,657811789701,"A"
264507,78,49,0,0,DOWN,657867752601,"N"
264507,78,49,0,0,UP,657923760801,"N"
264507,68,32,0,0,DOWN,657963900001,"D"
264507,70,33,0,0,DOWN,658067776001,"F"
264507,68,32,0,0,UP,658075819801,"D"
264507,70,33,0,0,UP,658139823801,"F"
264507,72,35,0,0,DOWN,658163786601,"H"
264507,72,35,0,0,UP,658267816101,"H"
264507,66,48,0,0,DOWN,658268821901,"B"
264507,85,22,0,0,DOWN,658371778201,"U"
264507,66,48,0,0,UP,658379850801,"B"
264507,82,19,0,0,DOWN,658467879401,"R"
264507,85,22,0,0,UP,658475798701,"U"
264507,71,34,0,0,DOWN,658563859101,"G"
264507,82,19,0,0,UP,658579940001,"R"
264507,69,18,0,0,DOWN,658667798001,"E"
264507,71,34,0,0,UP,658675807901,"G"
264507,78,49,0,0,DOWN,658763550901,"N"
264507,69,18,0,0,UP,658771818401,"E"
264507,78,49,0,0,UP,658827660201,"N"
264507,76,38,0,0,DOWN,658867895901,"L"
264507,76,38,0,0,UP,658923754601,"L"
264507,65,30,0,0,DOWN,658963830101,"A"
264507,65,30,0,0,UP,659011783501,"A"
264507,78,49,0,0,DOWN,659067793201,"N"
264507,78,49,0,0,UP,659131926001,"N"
264507,68,32,0,0,DOWN,659163989701,"D"
264507,70,33,0,0,DOWN,659267826801,"F"
264507,68,32,0,0,UP,659283784301,"D"
264507,70,33,0,0,UP,659339860801,"F"
264507,72,35,0,0,DOWN,659363850601,"H"
264507,66,48,0,0,DOWN,659467871101,"B"
264507,72,35,0,0,UP,659483905201,"H"
264507,85,22,0,0,DOWN,659563904901,"U"
264507,66,48,0,0,UP,659587816501,"B"
264507,82,19,0,0,DOWN,659667879601,"R"
264507,85,22,0,0,UP,659675595601,"U"
264507,71,34,0,0,DOWN,659763820101,"G"
264507,82,19,0,0,UP,659788162501,"R"
264507,69,18,0,0,DOWN,659867925201,"E"
264507,71,34,0,0,UP,659875474801,"G"
264507,78,49,0,0,DOWN,659963915201,"N"
264507,69,18,0,0,UP,659971920701,"E"
264507,78,49,0,0,UP,660027820401,"N"
264507,76,38,0,0,DOWN,660067879601,"L"
264507,76,38,0,0,UP,660123959501,"L"
264507,65,30,0,0,DOWN,660163870601,"A"
264507,65,30,0,0,UP,660203842201,"A"
264507,78,49,0,0,DOWN,660267834001,"N"
264507,78,49,0,0,UP,660323833501,"N"
264507,68,32,0,0,DOWN,660363885901,"D"
264507,70,33,0,0,DOWN,660467811501,"F"
264507,68,32,0,0,UP,660475838101,"D"
264507,70,33,0,0,UP,660539804301,"F"
264507,72,35,0,0,DOWN,660571841501,"H"
264507,72,35,0,0,UP,660667876901,"H"
264507,66,48,0,0,DOWN,660668596101,"B"
264507,85,22,0,0,DOWN,660763544901,"U"
264507,66,48,0,0,UP,660779936901,"B"
264507,82,19,0,0,DOWN,660867856101,"R"
264507,85,22,0,0,UP,660875799501,"U"
264507,71,34,0,0,DOWN,660963889701,"G"
264507,82,19,0,0,UP,660987568601,"R"
264507,71,34,0,0,UP,661067897501,"G"
264507,69,18,0,0,DOWN,661068905801,"E"
264507,69,18,0,0,UP,661163921401,"E"
264507,78,49,0,0,DOWN,661164859401,"N"
264507,78,49,0,0,UP,661227964801,"N"
264507,76,38,0,0,DOWN,661268009901,"L"
264507,76,38,0,0,UP,661323782701,"L"
264507,65,30,0,0,DOWN,661363911101,"A"
264507,65,30,0,0,UP,661411681401,"A"
264507,78,49,0,0,DOWN,661467882601,"N"
264507,78,49,0,0,UP,661531837201,"N"
264507,68,32,0,0,DOWN,661563888401,"D"
264507,70,33,0,0,DOWN,661667820701,"F"
264507,68,32,0,0,UP,661683969701,"D"
264507,70,33,0,0,UP,661739874201,"F"
264507,72,35,0,0,DOWN,661763822301,"H"
264507,66,48,0,0,DOWN,661867945201,"B"
264507,72,35,0,0,UP,661875804601,"H"
264507,85,22,0,0,DOWN,661963817401,"U"
264507,66,48,0,0,UP,661987586601,"B"
264507,82,19,0,0,DOWN,662067899001,"R"
264507,85,22,0,0,UP,662075887101,"U"
264507,71,34,0,0,DOWN,662163884001,"G"
264507,82,19,0,0,UP,662187591601,"R"
264507,69,18,0,0,DOWN,662267860601,"E"
264507,71,34,0,0,UP,662275962201,"G"
264507,69,18,0,0,UP,662371911101,"E"
264507,78,49,0,0,DOWN,662372939101,"N"
264507,78,49,0,0,UP,662435834101,"N"
264507,76,38,0,0,DOWN,662459899401,"L"
264507,76,38,0,0,UP,662523922201,"L"
264507,65,30,0,0,DOWN,662563863101,"A"
264507,65,30,0,0,UP,662611852001,"A"
264507,78,49,0,0,DOWN,662659883601,"N"
264507,78,49,0,0,UP,662731808801,"N"
264507,68,32,0,0,DOWN,662771725501,"D"
264507,70,33,0,0,DOWN,662867813501,"F"
264507,68,32,0,0,UP,662875618201,"D"
264507,70,33,0,0,UP,662940006601,"F"
264507,72,35,0,0,DOWN,662963920301,"H"
264507,66,48,0,0,DOWN,663067913101,"B"
264507,72,35,0,0,UP,663076031801,"H"
264507,85,22,0,0,DOWN,663163892301,"U"
264507,66,48,0,0,UP,663188016701,"B"
264507,82,19,0,0,DOWN,663267838101,"R"
264507,85,22,0,0,UP,663275844401,"U"
264507,71,34,0,0,DOWN,663363825001,"G"
264507,82,19,0,0,UP,663387976801,"R"
264507,69,18,0,0,DOWN,663467933301,"E"
264507,71,34,0,0,UP,663475819101,"G"
264507,78,49,0,0,DOWN,663563997701,"N"
264507,69,18,0,0,UP,663571631101,"E"
264507,78,49,0,0,UP,663627912301,"N"
264507,76,38,0,0,DOWN,663667946701,"L"
264507,76,38,0,0,UP,663723863801,"L"
264507,65,30,0,0,DOWN,663763969101,"A"
264507,65,30,0,0,UP,663811698101,"A"
264507,78,49,0,0,DOWN,663867864601,"N"
264507,78,49,0,0,UP,663923833901,"N"
264507,68,32,0,0,DOWN,663963917101,"D"
264507,70,33,0,0,DOWN,664067867501,"F"
264507,68,32,0,0,UP,664075733801,"D"
264507,70,33,0,0,UP,664139899401,"F"
264507,72,35,0,0,DOWN,664163879401,"H"
264507,66,48,0,0,DOWN,664267902901,"B"
264507,72,35,0,0,UP,664275938901,"H"
264507,85,22,0,0,DOWN,664363856701,"U"
264507,66,48,0,0,UP,664387888701,"B"
264507,82,19,0,0,DOWN,664459879101,"R"
264507,85,22,0,0,UP,664475798801,"U"
264507,71,34,0,0,DOWN,664563668901,"G"
264507,82,19,0,0,UP,664579638501,"R"
264507,69,18,0,0,DOWN,664667873701,"E"
264507,71,34,0,0,UP,664675878401,"G"
264507,78,49,0,0,DOWN,664763951101,"N"
264507,69,18,0,0,UP,664771839401,"E"
264507,78,49,0,0,UP,664835863601,"N"
264507,76,38,0,0,DOWN,664867870401,"L"
264507,76,38,0,0,UP,664923660301,"L"
264507,65,30,0,0,DOWN,664963893301,"A"
264507,65,30,0,0,UP,665011948101,"A"
264507,78,49,0,0,DOWN,665067879001,"N"
264507,78,49,0,0,UP,665131858401,"N"
264507,68,32,0,0,DOWN,665163930601,"D"
264507,70,33,0,0,DOWN,665267895601,"F"
264507,68,32,0,0,UP,665283997801,"D"
264507,70,33,0,0,UP,665339670401,"F"
264507,72,35,0,0,DOWN,665363983901,"H"
264507,66,48,0,0,DOWN,665467899001,"B"
264507,72,35,0,0,UP,665475875401,"H"
264507,85,22,0,0,DOWN,665564126601,"U"
264507,66,48,0,0,UP,665587799601,"B"
264507,82,19,0,0,DOWN,665667952601,"R"
264507,85,22,0,0,UP,665676030701,"U"
264507,71,34,0,0,DOWN,665763750401,"G"
264507,82,19,0,0,UP,665788026001,"R"
264507,69,18,0,0,DOWN,665867996101,"E"
264507,71,34,0,0,UP,665876061901,"G"
264507,69,18,0,0,UP,665963888001,"E"
264507,78,49,0,0,DOWN,665964698601,"N"
264507,78,49,0,0,UP,666035844301,"N"
264507,76,38,0,0,DOWN,666059745501,"L"
264507,76,38,0,0,UP,666123672001,"L"
264507,65,30,0,0,DOWN,666163931801,"A"
264507,65,30,0,0,UP,666211911501,"A"
264507,78,49,0,0,DOWN,666259952701,"N"
264507,78,49,0,0,UP,666331874101,"N"
264507,68,32,0,0,DOWN,666371897501,"D"
264507,70,33,0,0,DOWN,666459999201,"F"
264507,68,32,0,0,UP,666475904501,"D"
264507,70,33,0,0,UP,666547848201,"F"
264507,72,35,0,0,DOWN,666564003201,"H"
264507,66,48,0,0,DOWN,666667882501,"B"
264507,72,35,0,0,UP,666676054101,"H"
264507,85,22,0,0,DOWN,666763955201,"U"
264507,66,48,0,0,UP,666787966401,"B"
264507,82,19,0,0,DOWN,666867797401,"R"
264507,85,22,0,0,UP,666875940501,"U"
264507,71,34,0,0,DOWN,666963985001,"G"
264507,82,19,0,0,UP,666987962301,"R"
264507,69,18,0,0,DOWN,667067933701,"E"
264507,71,34,0,0,UP,667083857901,"G"
264507,69,18,0,0,UP,667163884801,"E"
264507,78,49,0,0,DOWN,667164579901,"N"
264507,78,49,0,0,UP,667227975301,"N"
264507,76,38,0,0,DOWN,667267919401,"L"
264507,76,38,0,0,UP,667323976101,"L"
264507,65,30,0,0,DOWN,667363867401,"A"
264507,65,30,0,0,UP,667411946801,"A"
264507,78,49,0,0,DOWN,667467974401,"N"
264507,78,49,0,0,UP,667531978401,"N"
264507,68,32,0,0,DOWN,667563982401,"D"
264507,70,33,0,0,DOWN,667667916601,"F"
264507,68,32,0,0,UP,667683867301,"D"
264507,70,33,0,0,UP,667739929901,"F"
264507,72,35,0,0,DOWN,667763964001,"H"
264507,66,48,0,0,DOWN,667867937301,"B"
264507,72,35,0,0,UP,667876203401,"H"
264507,85,22,0,0,DOWN,667963929801,"U"
264507,66,48,0,0,UP,667987913401,"B"
264507,82,19,0,0,DOWN,668067885201,"R"
264507,85,22,0,0,UP,668075798401,"U"
264507,71,34,0,0,DOWN,668171942401,"G"
264507,82,19,0,0,UP,668179864101,"R"
264507,69,18,0,0,DOWN,668267569301,"E"
264507,71,34,0,0,UP,668275717401,"G"
264507,78,49,0,0,DOWN,668363946301,"N"
264507,69,18,0,0,UP,668371864901,"E"
264507,78,49,0,0,UP,668427870501,"N"
264507,76,38,0,0,DOWN,668459930001,"L"
264507,76,38,0,0,UP,668523978701,"L"
264507,65,30,0,0,DOWN,668563912901,"A"
264507,65,30,0,0,UP,668611876201,"A"
264507,78,49,0,0,DOWN,668667763101,"N"
264507,78,49,0,0,UP,668732038601,"N"
264507,68,32,0,0,DOWN,668771581801,"D"
264507,70,33,0,0,DOWN,668867871801,"F"
264507,68,32,0,0,UP,668875739301,"D"
264507,70,33,0,0,UP,668931882701,"F"
264507,72,35,0,0,DOWN,668963995701,"H"
264507,66,48,0,0,DOWN,669067908001,"B"
264507,72,35,0,0,UP,669075745801,"H"
264507,85,22,0,0,DOWN,669163931501,"U"
264507,66,48,0,0,UP,669187989601,"B"
264507,82,19,0,0,DOWN,669267931501,"R"
264507,85,22,0,0,UP,669275589201,"U"
264507,71,34,0,0,DOWN,669364033801,"G"
264507,82,19,0,0,UP,669387981901,"R"
264507,69,18,0,0,DOWN,669467686301,"E"
264507,71,34,0,0,UP,669475887601,"G"
264507,69,18,0,0,UP,669563816601,"E"
264507,78,49,0,0,DOWN,669564704801,"N"
264507,78,49,0,0,UP,669627941201,"N"
264507,76,38,0,0,DOWN,669667992201,"L"
264507,76,38,0,0,UP,669723680401,"L"
264507,65,30,0,0,DOWN,669763844001,"A"
264507,65,30,0,0,UP,669811925801,"A"
264507,78,49,0,0,DOWN,669867913701,"N"
264507,78,49,0,0,UP,669923705301,"N"
264507,68,32,0,0,DOWN,669963981801,"D"
264507,70,33,0,0,DOWN,670067875801,"F"
264507,68,32,0,0,UP,670075767501,"D"
264507,70,33,0,0,UP,670139913101,"F"
264507,72,35,0,0,DOWN,670171920501,"H"
264507,66,48,0,0,DOWN,670267874801,"B"
264507,72,35,0,0,UP,670276090501,"H"
264507,85,22,0,0,DOWN,670363972701,"U"
264507,66,48,0,0,UP,670387942301,"B"
264507,82,19,0,0,DOWN,670467918001,"R"
264507,85,22,0,0,UP,670475993101,"U"
264507,71,34,0,0,DOWN,670563941201,"G"
264507,82,19,0,0,UP,670587905301,"R"
264507,69,18,0,0,DOWN,670667942301,"E"
264507,71,34,0,0,UP,670675966501,"G"
264507,78,49,0,0,DOWN,670763659601,"N"
264507,69,18,0,0,UP,670771910001,"E"
264507,78,49,0,0,UP,670827690901,"N"
264507,76,38,0,0,DOWN,670868048301,"L"
264507,76,38,0,0,UP,670923932801,"L"
264507,65,30,0,0,DOWN,670963924701,"A"
264507,65,30,0,0,UP,671012028501,"A"
264507,78,49,0,0,DOWN,671067754201,"N"
264507,78,49,0,0,UP,671131890201,"N"
264507,68,32,0,0,DOWN,671163998201,"D"
264507,70,33,0,0,DOWN,671268114201,"F"
264507,68,32,0,0,UP,671276003501,"D"
264507,70,33,0,0,UP,671339760601,"F"
264507,72,35,0,0,DOWN,671363997901,"H"
264507,66,48,0,0,DOWN,671467860001,"B"
264507,72,35,0,0,UP,671475918201,"H"
264507,85,22,0,0,DOWN,671563932201,"U"
264507,66,48,0,0,UP,671587963201,"B"
264507,82,19,0,0,DOWN,671668022801,"R"
264507,85,22,0,0,UP,671675919901,"U"
264507,71,34,0,0,DOWN,671763689501,"G"
264507,82,19,0,0,UP,671787919701,"R"
264507,69,18,0,0,DOWN,671867933701,"E"
264507,71,34,0,0,UP,671875931301,"G"
264507,78,49,0,0,DOWN,671963956101,"N"
264507,69,18,0,0,UP,671971890001,"E"
264507,78,49,0,0,UP,672027742301,"N"
264507,76,38,0,0,DOWN,672059965201,"L"
264507,76,38,0,0,UP,672115917501,"L"
264507,65,30,0,0,DOWN,672163879701,"A"
264507,65,30,0,0,UP,672211634901,"A"
264507,78,49,0,0,DOWN,672259973001,"N"
264507,78,49,0,0,UP,672331931801,"N"
264507,68,32,0,0,DOWN,672371986901,"D"
264507,70,33,0,0,DOWN,672467929701,"F"
264507,68,32,0,0,UP,672476031601,"D"
264507,70,33,0,0,UP,672547904401,"F"
264507,72,35,0,0,DOWN,672563983901,"H"
264507,66,48,0,0,DOWN,672668075901,"B"
264507,72,35,0,0,UP,672676053301,"H"
264507,85,22,0,0,DOWN,672764015301,"U"
264507,66,48,0,0,UP,672779764301,"B"
264507,82,19,0,0,DOWN,672867949101,"R"
264507,85,22,0,0,UP,672875917701,"U"
264507,71,34,0,0,DOWN,672963922701,"G"
264507,82,19,0,0,UP,672988000901,"R"
264507,69,18,0,0,DOWN,673067804701,"E"
264507,71,34,0,0,UP,673075957701,"G"
264507,78,49,0,0,DOWN,673163926101,"N"
264507,69,18,0,0,UP,673179853401,"E"
264507,78,49,0,0,UP,673228006301,"N"
264507,76,38,0,0,DOWN,673268015501,"L"
264507,76,38,0,0,UP,673323989501,"L"
264507,65,30,0,0,DOWN,673363911101,"A"
264507,65,30,0,0,UP,673411919301,"A"
264507,78,49,0,0,DOWN,673468018901,"N"
264507,78,49,0,0,UP,673523940701,"N"
264507,68,32,0,0,DOWN,673564149301,"D"
264507,70,33,0,0,DOWN,673668046701,"F"
264507,68,32,0,0,UP,673675914301,"D"
264507,70,33,0,0,UP,673740021401,"F"
264507,72,35,0,0,DOWN,673763942001,"H"
264507,66,48,0,0,DOWN,673867944201,"B"
264507,72,35,0,0,UP,673875532701,"H"
264507,85,22,0,0,DOWN,673971948101,"U"
264507,66,48,0,0,UP,673988055801,"B"
264507,82,19,0,0,DOWN,674060023501,"R"
264507,85,22,0,0,UP,674075972701,"U"
264507,71,34,0,0,DOWN,674164072001,"G"
264507,82,19,0,0,UP,674179690201,"R"
264507,69,18,0,0,DOWN,674268016301,"E"
264507,71,34,0,0,UP,674275906701,"G"
264507,78,49,0,0,DOWN,674363742401,"N"
264507,69,18,0,0,UP,674371935501,"E"
264507,78,49,0,0,UP,674427906301,"N"
264507,76,38,0,0,DOWN,674467989201,"L"
264507,76,38,0,0,UP,674523987501,"L"
264507,65,30,0,0,DOWN,674563738001,"A"
264507,65,30,0,0,UP,674611854201,"A"
264507,78,49,0,0,DOWN,674667912301,"N"
264507,78,49,0,0,UP,674731954401,"N"
264507,68,32,0,0,DOWN,674763901601,"D"
264507,70,33,0,0,DOWN,674868023401,"F"
264507,68,32,0,0,UP,674883882501,"D"
264507,70,33,0,0,UP,674947764001,"F"
264507,72,35,0,0,DOWN,674964158101,"H"
264507,66,48,0,0,DOWN,675068046901,"B"
264507,72,35,0,0,UP,675075919901,"H"
264507,85,22,0,0,DOWN,675164017001,"U"
264507,66,48,0,0,UP,675187976601,"B"
264507,82,19,0,0,DOWN,675267938301,"R"
264507,85,22,0,0,UP,675275736001,"U"
264507,71,34,0,0,DOWN,675364000501,"G"
264507,82,19,0,0,UP,675379894701,"R"
264507,69,18,0,0,DOWN,675468002601,"E"
264507,71,34,0,0,UP,675475918801,"G"
264507,78,49,0,0,DOWN,675563950301,"N"
264507,69,18,0,0,UP,675571890501,"E"
264507,78,49,0,0,UP,675635739101,"N"
264507,76,38,0,0,DOWN,675667957901,"L"
264507,76,38,0,0,UP,675716112201,"L"
264507,65,30,0,0,DOWN,675763743801,"A"
264507,65,30,0,0,UP,675804063501,"A"
264507,78,49,0,0,DOWN,675868146701,"N"
264507,78,49,0,0,UP,675931917101,"N"
264507,68,32,0,0,DOWN,675972045201,"D"
264507,70,33,0,0,DOWN,676059964301,"F"
264507,68,32,0,0,UP,676075950101,"D"
264507,70,33,0,0,UP,676140006201,"F"
264507,72,35,0,0,DOWN,676163670501,"H"
264507,66,48,0,0,DOWN,676267978501,"B"
264507,72,35,0,0,UP,676275956701,"H"
264507,85,22,0,0,DOWN,676363936801,"U"
264507,66,48,0,0,UP,676387950501,"B"
264507,82,19,0,0,DOWN,676467981801,"R"
264507,85,22,0,0,UP,676475925101,"U"
264507,71,34,0,0,DOWN,676564032001,"G"
264507,82,19,0,0,UP,676587941701,"R"
264507,69,18,0,0,DOWN,676667995901,"E"
264507,71,34,0,0,UP,676675639401,"G"
264507,78,49,0,0,DOWN,676764087701,"N"
264507,69,18,0,0,UP,676771650201,"E"
264507,78,49,0,0,UP,676827922101,"N"
264507,76,38,0,0,DOWN,676867929901,"L"
264507,76,38,0,0,UP,676924039601,"L"
264507,65,30,0,0,DOWN,676963946101,"A"
264507,65,30,0,0,UP,677012008501,"A"
264507,78,49,0,0,DOWN,677068692801,"N"
264507,78,49,0,0,UP,677131967301,"N"
264507,68,32,0,0,DOWN,677163975901,"D"
264507,70,33,0,0,DOWN,677268084301,"F"
264507,68,32,0,0,UP,677276094301,"D"
264507,70,33,0,0,UP,677340058201,"F"
264507,72,35,0,0,DOWN,677364046501,"H"
264507,66,48,0,0,DOWN,677468134401,"B"
264507,72,35,0,0,UP,677476107701,"H"
264507,85,22,0,0,DOWN,677564043901,"U"
264507,66,48,0,0,UP,677587899301,"B"
264507,82,19,0,0,DOWN,677667994501,"R"
264507,85,22,0,0,UP,677675933001,"U"
264507,71,34,0,0,DOWN,677772042601,"G"
264507,82,19,0,0,UP,677788011101,"R"
264507,69,18,0,0,DOWN,677867777301,"E"
264507,71,34,0,0,UP,677875940001,"G"
264507,78,49,0,0,DOWN,677964015801,"N"
264507,69,18,0,0,UP,677972107301,"E"
264507,78,49,0,0,UP,678027908101,"N"
264507,76,38,0,0,DOWN,678060099901,"L"
264507,76,38,0,0,UP,678131931601,"L"
264507,65,30,0,0,DOWN,678163997101,"A"
264507,65,30,0,0,UP,678211792601,"A"
264507,78,49,0,0,DOWN,678267951601,"N"
264507,78,49,0,0,UP,678331938001,"N"
264507,68,32,0,0,DOWN,678371953701,"D"
264507,70,33,0,0,DOWN,678468047401,"F"
264507,68,32,0,0,UP,678475981501,"D"
264507,70,33,0,0,UP,678548031301,"F"
264507,72,35,0,0,DOWN,678564006701,"H"
264507,66,48,0,0,DOWN,678668028301,"B"
264507,72,35,0,0,UP,678675707701,"H"
264507,85,22,0,0,DOWN,678764075601,"U"
264507,66,48,0,0,UP,678787980101,"B"
264507,82,19,0,0,DOWN,678867998001,"R"
264507,85,22,0,0,UP,678875933101,"U"
264507,71,34,0,0,DOWN,678963993001,"G"
264507,82,19,0,0,UP,678972083501,"R"
264507,69,18,0,0,DOWN,679068049001,"E"
264507,71,34,0,0,UP,679075977701,"G"
264507,69,18,0,0,UP,679164051301,"E"
264507,78,49,0,0,DOWN,679164864301,"N"
264507,78,49,0,0,UP,679227967801,"N"
264507,76,38,0,0,DOWN,679268033101,"L"
264507,76,38,0,0,UP,679324000901,"L"
264507,65,30,0,0,DOWN,679364057901,"A"
264507,65,30,0,0,UP,679412065301,"A"
264507,78,49,0,0,DOWN,679467999501,"N"
264507,78,49,0,0,UP,679523982901,"N"
264507,68,32,0,0,DOWN,679563973401,"D"
264507,70,33,0,0,DOWN,679667988001,"F"
264507,68,32,0,0,UP,679675994101,"D"
264507,70,33,0,0,UP,679732101601,"F"
264507,72,35,0,0,DOWN,679764068501,"H"
264507,66,48,0,0,DOWN,679868067701,"B"
264507,72,35,0,0,UP,679875989701,"H"
264507,85,22,0,0,DOWN,679964041901,"U"
264507,66,48,0,0,UP,679988011101,"B"
264507,82,19,0,0,DOWN,680060047001,"R"
264507,85,22,0,0,UP,680076201701,"U"
264507,71,34,0,0,DOWN,680164058501,"G"
264507,82,19,0,0,UP,680188011601,"R"
264507,69,18,0,0,DOWN,680267911501,"E"
264507,71,34,0,0,UP,680275996801,"G"
264507,78,49,0,0,DOWN,680363990101,"N"
264507,69,18,0,0,UP,680371979101,"E"
264507,78,49,0,0,UP,680436050401,"N"
264507,76,38,0,0,DOWN,680467986401,"L"
264507,76,38,0,0,UP,680523992601,"L"
264507,65,30,0,0,DOWN,680564155601,"A"
264507,65,30,0,0,UP,680611885201,"A"
264507,78,49,0,0,DOWN,680668008301,"N"
264507,78,49,0,0,UP,680732063101,"N"
264507,68,32,0,0,DOWN,680764041501,"D"
264507,70,33,0,0,DOWN,680867986601,"F"
264507,68,32,0,0,UP,680883805501,"D"
264507,70,33,0,0,UP,680940084201,"F"
264507,72,35,0,0,DOWN,680963838901,"H"
264507,66,48,0,0,DOWN,681067745501,"B"
264507,72,35,0,0,UP,681075982701,"H"
264507,85,22,0,0,DOWN,681163830201,"U"
264507,66,48,0,0,UP,681187999901,"B"
264507,82,19,0,0,DOWN,681267846701,"R"
264507,85,22,0,0,UP,681276036401,"U"
264507,71,34,0,0,DOWN,681364044201,"G"
264507,82,19,0,0,UP,681380065701,"R"
264507,69,18,0,0,DOWN,681467720101,"E"
264507,71,34,0,0,UP,681475897101,"G"
264507,78,49,0,0,DOWN,681564129001,"N"
264507,69,18,0,0,UP,681571979601,"E"
264507,78,49,0,0,UP,681627996701,"N"
264507,76,38,0,0,DOWN,681660094001,"L"
264507,76,38,0,0,UP,681724022801,"L"
264507,65,30,0,0,DOWN,681764016501,"A"
264507,65,30,0,0,UP,681812093301,"A"
264507,78,49,0,0,DOWN,681867787201,"N"
264507,78,49,0,0,UP,681931990101,"N"
264507,68,32,0,0,DOWN,681972054301,"D"
264507,70,33,0,0,DOWN,682059698201,"F"
264507,68,32,0,0,UP,682076023801,"D"
264507,70,33,0,0,UP,682147925801,"F"
264507,72,35,0,0,DOWN,682164137601,"H"
264507,66,48,0,0,DOWN,682267905401,"B"
264507,72,35,0,0,UP,682275838001,"H"
264507,85,22,0,0,DOWN,682364036501,"U"
264507,66,48,0,0,UP,682388234501,"B"
264507,82,19,0,0,DOWN,682467929401,"R"
264507,85,22,0,0,UP,682476098501,"U"
264507,71,34,0,0,DOWN,682564136601,"G"
264507,82,19,0,0,UP,682588116201,"R"
264507,69,18,0,0,DOWN,682668188801,"E"
264507,71,34,0,0,UP,682684023101,"G"
264507,78,49,0,0,DOWN,682763989701,"N"
264507,69,18,0,0,UP,682772012001,"E"
264507,78,49,0,0,UP,682827981101,"N"
264507,76,38,0,0,DOWN,682868026301,"L"
264507,76,38,0,0,UP,682924018201,"L"
264507,65,30,0,0,DOWN,682964078101,"A"
264507,65,30,0,0,UP,683011941401,"A"
264507,78,49,0,0,DOWN,683068087501,"N"
264507,78,49,0,0,UP,683124025601,"N"
264507,68,32,0,0,DOWN,683164067301,"D"
264507,70,33,0,0,DOWN,683267719001,"F"
264507,68,32,0,0,UP,683283723701,"D"
264507,70,33,0,0,UP,683340026201,"F"
264507,72,35,0,0,DOWN,683364043901,"H"
264507,72,35,0,0,UP,683467770701,"H"
264507,66,48,0,0,DOWN,683468489201,"B"
264507,85,22,0,0,DOWN,683563804501,"U"
264507,66,48,0,0,UP,683580021101,"B"
264507,82,19,0,0,DOWN,683668044701,"R"
264507,85,22,0,0,UP,683676031001,"U"
264507,71,34,0,0,DOWN,683772108101,"G"
264507,82,19,0,0,UP,683780045201,"R"
264507,69,18,0,0,DOWN,683868108101,"E"
264507,71,34,0,0,UP,683875818501,"G"
264507,78,49,0,0,DOWN,683964181001,"N"
264507,69,18,0,0,UP,683972013201,"E"
264507,78,49,0,0,UP,684028055101,"N"
264507,76,38,0,0,DOWN,684068037001,"L"
264507,76,38,0,0,UP,684116099201,"L"
264507,65,30,0,0,DOWN,684164152001,"A"
264507,65,30,0,0,UP,684211847501,"A"
264507,78,49,0,0,DOWN,684268041201,"N"
264507,78,49,0,0,UP,684332026801,"N"
264507,68,32,0,0,DOWN,684372204501,"D"
264507,70,33,0,0,DOWN,684468069201,"F"
264507,68,32,0,0,UP,684475974301,"D"
264507,70,33,0,0,UP,684547962601,"F"
264507,72,35,0,0,DOWN,684564070801,"H"
264507,66,48,0,0,DOWN,684668226601,"B"
264507,72,35,0,0,UP,684676030801,"H"
264507,85,22,0,0,DOWN,684764109001,"U"
264507,66,48,0,0,UP,684780104301,"B"
264507,82,19,0,0,DOWN,684867801401,"R"
264507,85,22,0,0,UP,684876063601,"U"
264507,71,34,0,0,DOWN,684964065601,"G"
264507,82,19,0,0,UP,684979997501,"R"
264507,69,18,0,0,DOWN,685068102001,"E"
264507,71,34,0,0,UP,685075610701,"G"
264507,78,49,0,0,DOWN,685164102401,"N"
264507,69,18,0,0,UP,685171816201,"E"
264507,78,49,0,0,UP,685235886801,"N"
264507,76,38,0,0,DOWN,685268019101,"L"
264507,76,38,0,0,UP,685324051301,"L"
264507,65,30,0,0,DOWN,685364090801,"A"
264507,65,30,0,0,UP,685403762001,"A"
264507,78,49,0,0,DOWN,685468194901,"N"
264507,78,49,0,0,UP,685532199701,"N"
264507,68,32,0,0,DOWN,685572021601,"D"
264507,70,33,0,0,DOWN,685668044201,"F"
264507,68,32,0,0,UP,685676022201,"D"
264507,70,33,0,0,UP,685740121701,"F"
264507,72,35,0,0,DOWN,685764080901,"H"
264507,66,48,0,0,DOWN,685868013101,"B"
264507,72,35,0,0,UP,685876094701,"H"
264507,85,22,0,0,DOWN,685964087701,"U"
264507,66,48,0,0,UP,685987815901,"B"
264507,82,19,0,0,DOWN,686068167601,"R"
264507,85,22,0,0,UP,686076142201,"U"
264507,71,34,0,0,DOWN,686164055201,"G"
264507,82,19,0,0,UP,686187819401,"R"
264507,69,18,0,0,DOWN,686268101201,"E"
264507,71,34,0,0,UP,686276033701,"G"
264507,78,49,0,0,DOWN,686364101901,"N"
264507,69,18,0,0,UP,686372025501,"E"
264507,78,49,0,0,UP,686428104201,"N"
264507,76,38,0,0,DOWN,686468147901,"L"
264507,76,38,0,0,UP,686523752001,"L"
264507,65,30,0,0,DOWN,686564064101,"A"
264507,65,30,0,0,UP,686611893101,"A"
264507,78,49,0,0,DOWN,686668189101,"N"
264507,78,49,0,0,UP,686724056301,"N"
264507,68,32,0,0,DOWN,686764111101,"D"
264507,70,33,0,0,DOWN,686868023101,"F"
264507,68,32,0,0,UP,686875791701,"D"
264507,70,33,0,0,UP,686940170501,"F"
264507,72,35,0,0,DOWN,686964174701,"H"
264507,66,48,0,0,DOWN,687068264401,"B"
264507,72,35,0,0,UP,687075932501,"H"
264507,85,22,0,0,DOWN,687164088101,"U"
264507,66,48,0,0,UP,687188044201,"B"
264507,82,19,0,0,DOWN,687268045101,"R"
264507,85,22,0,0,UP,687276006101,"U"
264507,71,34,0,0,DOWN,687364164401,"G"
264507,82,19,0,0,UP,687380075601,"R"
264507,69,18,0,0,DOWN,687468181601,"E"
264507,71,34,0,0,UP,687476052301,"G"
264507,69,18,0,0,UP,687564036101,"E"
264507,78,49,0,0,DOWN,687571814501,"N"
264507,78,49,0,0,UP,687627934101,"N"
264507,76,38,0,0,DOWN,687660088601,"L"
264507,76,38,0,0,UP,687732098001,"L"
264507,65,30,0,0,DOWN,687764108501,"A"
264507,65,30,0,0,UP,687812060601,"A"
264507,78,49,0,0,DOWN,687868153301,"N"
264507,78,49,0,0,UP,687924166501,"N"
264507,68,32,0,0,DOWN,687971958401,"D"
264507,70,33,0,0,DOWN,688068100601,"F"
264507,68,32,0,0,UP,688076038001,"D"
264507,70,33,0,0,UP,688132109801,"F"
264507,72,35,0,0,DOWN,688164215201,"H"
264507,66,48,0,0,DOWN,688268064101,"B"
264507,72,35,0,0,UP,688275899701,"H"
264507,85,22,0,0,DOWN,688364077601,"U"
264507,66,48,0,0,UP,688388160201,"B"
264507,82,19,0,0,DOWN,688468083701,"R"
264507,85,22,0,0,UP,688475710601,"U"
264507,71,34,0,0,DOWN,688564108001,"G"
264507,82,19,0,0,UP,688588362101,"R"
264507,69,18,0,0,DOWN,688667901101,"E"
264507,71,34,0,0,UP,688676188501,"G"
264507,69,18,0,0,UP,688764123201,"E"
264507,78,49,0,0,DOWN,688765010201,"N"
264507,78,49,0,0,UP,688828338501,"N"
264507,76,38,0,0,DOWN,688868099901,"L"
264507,76,38,0,0,UP,688924013701,"L"
264507,65,30,0,0,DOWN,688964100801,"A"
264507,65,30,0,0,UP,689011982501,"A"
264507,78,49,0,0,DOWN,689068109201,"N"
264507,78,49,0,0,UP,689124059601,"N"
264507,68,32,0,0,DOWN,689164125801,"D"
264507,70,33,0,0,DOWN,689268055401,"F"
264507,68,32,0,0,UP,689276019201,"D"
264507,70,33,0,0,UP,689339851701,"F"
264507,72,35,0,0,DOWN,689372200101,"H"
264507,66,48,0,0,DOWN,689468098601,"B"
264507,72,35,0,0,UP,689475920201,"H"
264507,85,22,0,0,DOWN,689564104001,"U"
264507,66,48,0,0,UP,689588130001,"B"
264507,82,19,0,0,DOWN,689660189701,"R"
264507,85,22,0,0,UP,689676210701,"U"
264507,71,34,0,0,DOWN,689764086501,"G"
264507,82,19,0,0,UP,689788167601,"R"
264507,69,18,0,0,DOWN,689868050501,"E"
264507,71,34,0,0,UP,689875916001,"G"
264507,78,49,0,0,DOWN,689964320101,"N"
264507,69,18,0,0,UP,689972133901,"E"
264507,78,49,0,0,UP,690028173601,"N"
264507,76,38,0,0,DOWN,690068091801,"L"
264507,76,38,0,0,UP,690123895401,"L"
264507,65,30,0,0,DOWN,690164149901,"A"
264507,65,30,0,0,UP,690212103201,"A"
264507,78,49,0,0,DOWN,690268196801,"N"
264507,78,49,0,0,UP,690323896001,"N"
264507,68,32,0,0,DOWN,690364072401,"D"
264507,70,33,0,0,DOWN,690468119401,"F"
264507,68,32,0,0,UP,690476215301,"D"
264507,70,33,0,0,UP,690540236401,"F"
264507,72,35,0,0,DOWN,690564240001,"H"
264507,66,48,0,0,DOWN,690668093501,"B"
264507,72,35,0,0,UP,690676159601,"H"
264507,85,22,0,0,DOWN,690764118401,"U"
264507,66,48,0,0,UP,690780258501,"B"
264507,82,19,0,0,DOWN,690868235201,"R"
264507,85,22,0,0,UP,690876315301,"U"
264507,71,34,0,0,DOWN,690964297001,"G"
264507,82,19,0,0,UP,690980156501,"R"
264507,69,18,0,0,DOWN,691068170801,"E"
264507,71,34,0,0,UP,691075920401,"G"
264507,69,18,0,0,UP,691164154901,"E"
264507,78,49,0,0,DOWN,691164885301,"N"
264507,78,49,0,0,UP,691236134301,"N"
264507,76,38,0,0,DOWN,691268212501,"L"
264507,76,38,0,0,UP,691332027701,"L"
264507,65,30,0,0,DOWN,691364134701,"A"
264507,65,30,0,0,UP,691412106101,"A"
264507,78,49,0,0,DOWN,691468152701,"N"
264507,78,49,0,0,UP,691532106201,"N"
264507,68,32,0,0,DOWN,691572110801,"D"
264507,70,33,0,0,DOWN,691668167101,"F"
264507,68,32,0,0,UP,691676114901,"D"
264507,70,33,0,0,UP,691747835201,"F"
264507,72,35,0,0,DOWN,691764123201,"H"
264507,66,48,0,0,DOWN,691867895001,"B"
264507,72,35,0,0,UP,691875825401,"H"
264507,85,22,0,0,DOWN,691964116001,"U"
264507,66,48,0,0,UP,691988132901,"B"
264507,82,19,0,0,DOWN,692067814101,"R"
264507,85,22,0,0,UP,692076142601,"U"
264507,71,34,0,0,DOWN,692164111301,"G"
264507,82,19,0,0,UP,692188070701,"R"
264507,69,18,0,0,DOWN,692268188101,"E"
264507,71,34,0,0,UP,692276009801,"G"
264507,78,49,0,0,DOWN,692364139201,"N"
264507,69,18,0,0,UP,692372131901,"E"
264507,78,49,0,0,UP,692428130801,"N"
264507,76,38,0,0,DOWN,692468099401,"L"
264507,76,38,0,0,UP,692523986901,"L"
264507,65,30,0,0,DOWN,692564228301,"A"
264507,65,30,0,0,UP,692612038101,"A"
264507,78,49,0,0,DOWN,692668189101,"N"
264507,78,49,0,0,UP,692724217901,"N"
264507,68,32,0,0,DOWN,692764108801,"D"
264507,70,33,0,0,DOWN,692868240001,"F"
264507,68,32,0,0,UP,692876010801,"D"
264507,70,33,0,0,UP,692940116201,"F"
264507,72,35,0,0,DOWN,692964181401,"H"
264507,66,48,0,0,DOWN,693068051301,"B"
264507,72,35,0,0,UP,693075819301,"H"
264507,85,22,0,0,DOWN,693164107901,"U"
264507,66,48,0,0,UP,693188170001,"B"
264507,82,19,0,0,DOWN,693268102601,"R"
264507,85,22,0,0,UP,693275906101,"U"
264507,71,34,0,0,DOWN,693372062101,"G"
264507,82,19,0,0,UP,693380032801,"R"
264507,69,18,0,0,DOWN,693468143701,"E"
264507,71,34,0,0,UP,693476171401,"G"
264507,78,49,0,0,DOWN,693564144801,"N"
264507,69,18,0,0,UP,693572125601,"E"
264507,78,49,0,0,UP,693627919801,"N"
264507,76,38,0,0,DOWN,693668120301,"L"
264507,76,38,0,0,UP,693724124201,"L"
264507,65,30,0,0,DOWN,693764139801,"A"
264507,65,30,0,0,UP,693812242801,"A"
264507,78,49,0,0,DOWN,693868100101,"N"
264507,78,49,0,0,UP,693924071601,"N"
264507,68,32,0,0,DOWN,693972239101,"D"
264507,70,33,0,0,DOWN,694067838801,"F"
264507,68,32,0,0,UP,694084051201,"D"
264507,70,33,0,0,UP,694140263201,"F"
264507,72,35,0,0,DOWN,694164110101,"H"
264507,66,48,0,0,DOWN,694268229501,"B"
264507,72,35,0,0,UP,694276220901,"H"
264507,85,22,0,0,DOWN,694364261901,"U"
264507,66,48,0,0,UP,694388149401,"B"
264507,82,19,0,0,DOWN,694468152801,"R"
264507,85,22,0,0,UP,694476200801,"U"
264507,71,34,0,0,DOWN,694564140501,"G"
264507,82,19,0,0,UP,694587856201,"R"
264507,69,18,0,0,DOWN,694668120801,"E"
264507,71,34,0,0,UP,694676200701,"G"
264507,78,49,0,0,DOWN,694764100001,"N"
264507,69,18,0,0,UP,694771918601,"E"
264507,78,49,0,0,UP,694836131101,"N"
264507,76,38,0,0,DOWN,694868127701,"L"
264507,76,38,0,0,UP,694924111101,"L"
264507,65,30,0,0,DOWN,694964198301,"A"
264507,65,30,0,0,UP,695012181201,"A"
264507,78,49,0,0,DOWN,695068236401,"N"
264507,78,49,0,0,UP,695124281501,"N"
264507,68,32,0,0,DOWN,695164197801,"D"
264507,70,33,0,0,DOWN,695268141301,"F"
264507,68,32,0,0,UP,695276369301,"D"
264507,70,33,0,0,UP,695340142801,"F"
264507,72,35,0,0,DOWN,695372360401,"H"
264507,66,48,0,0,DOWN,695468179501,"B"
264507,72,35,0,0,UP,695476121601,"H"
264507,85,22,0,0,DOWN,695564167201,"U"
264507,66,48,0,0,UP,695588258501,"B"
264507,82,19,0,0,DOWN,695668158201,"R"
264507,85,22,0,0,UP,695676105801,"U"
264507,71,34,0,0,DOWN,695764139401,"G"
264507,82,19,0,0,UP,695788127901,"R"
264507,71,34,0,0,UP,695868147501,"G"
264507,69,18,0,0,DOWN,695868914301,"E"
264507,69,18,0,0,UP,695964141001,"E"
264507,78,49,0,0,DOWN,695964871901,"N"
264507,78,49,0,0,UP,696027963501,"N"
264507,76,38,0,0,DOWN,696068094301,"L"
264507,76,38,0,0,UP,696124125901,"L"
264507,65,30,0,0,DOWN,696164101101,"A"
264507,65,30,0,0,UP,696212076001,"A"
264507,78,49,0,0,DOWN,696268133501,"N"
264507,78,49,0,0,UP,696324090301,"N"
264507,68,32,0,0,DOWN,696364163601,"D"
264507,70,33,0,0,DOWN,696468184401,"F"
264507,68,32,0,0,UP,696476268101,"D"
264507,70,33,0,0,UP,696547848901,"F"
264507,72,35,0,0,DOWN,696564134301,"H"
264507,66,48,0,0,DOWN,696668183001,"B"
264507,72,35,0,0,UP,696675949701,"H"
264507,85,22,0,0,DOWN,696764180201,"U"
264507,66,48,0,0,UP,696779989601,"B"
264507,82,19,0,0,DOWN,696868193301,"R"
264507,85,22,0,0,UP,696876150001,"U"
264507,71,34,0,0,DOWN,696964088701,"G"
264507,82,19,0,0,UP,696988203901,"R"
264507,69,18,0,0,DOWN,697068097301,"E"
264507,71,34,0,0,UP,697076257401,"G"
264507,69,18,0,0,UP,697172162101,"E"
264507,78,49,0,0,DOWN,697173158201,"N"
264507,78,49,0,0,UP,697228235701,"N"
264507,76,38,0,0,DOWN,697260076401,"L"
264507,76,38,0,0,UP,697324202501,"L"
264507,65,30,0,0,DOWN,697364346801,"A"
264507,65,30,0,0,UP,697412238701,"A"
264507,78,49,0,0,DOWN,697460178901,"N"
264507,78,49,0,0,UP,697524136901,"N"
264507,68,32,0,0,DOWN,697572215301,"D"
264507,70,33,0,0,DOWN,697668171701,"F"
264507,68,32,0,0,UP,697676148201,"D"
264507,70,33,0,0,UP,697740289501,"F"
264507,72,35,0,0,DOWN,697764216001,"H"
264507,66,48,0,0,DOWN,697868188101,"B"
264507,72,35,0,0,UP,697876268901,"H"
264507,85,22,0,0,DOWN,697964133801,"U"
264507,66,48,0,0,UP,697988225701,"B"
264507,82,19,0,0,DOWN,698067945201,"R"
264507,85,22,0,0,UP,698083975901,"U"
264507,71,34,0,0,DOWN,698163920301,"G"
264507,82,19,0,0,UP,698188140301,"R"
264507,69,18,0,0,DOWN,698267885201,"E"
264507,71,34,0,0,UP,698275822001,"G"
264507,78,49,0,0,DOWN,698364238101,"N"
264507,69,18,0,0,UP,698372222201,"E"
264507,78,49,0,0,UP,698428136301,"N"
264507,76,38,0,0,DOWN,698468168801,"L"
264507,76,38,0,0,UP,698524173601,"L"
264507,65,30,0,0,DOWN,698564127201,"A"
264507,65,30,0,0,UP,698612273101,"A"
264507,78,49,0,0,DOWN,698668237701,"N"
264507,78,49,0,0,UP,698724282201,"N"
264507,68,32,0,0,DOWN,698764154301,"D"
264507,70,33,0,0,DOWN,698868161901,"F"
264507,68,32,0,0,UP,698884201401,"D"
264507,70,33,0,0,UP,698940230101,"F"
264507,72,35,0,0,DOWN,698964150201,"H"
264507,66,48,0,0,DOWN,699068028401,"B"
264507,72,35,0,0,UP,699075763901,"H"
264507,85,22,0,0,DOWN,699172170601,"U"
264507,66,48,0,0,UP,699188191501,"B"
264507,82,19,0,0,DOWN,699268170601,"R"
264507,85,22,0,0,UP,699276131701,"U"
264507,71,34,0,0,DOWN,699372271401,"G"
264507,82,19,0,0,UP,699379929601,"R"
264507,69,18,0,0,DOWN,699468176701,"E"
264507,71,34,0,0,UP,699476053501,"G"
264507,78,49,0,0,DOWN,699564183201,"N"
264507,69,18,0,0,UP,699572134301,"E"
264507,78,49,0,0,UP,699628184401,"N"
264507,76,38,0,0,DOWN,699668257601,"L"
264507,76,38,0,0,UP,699724242501,"L"
264507,65,30,0,0,DOWN,699763884601,"A"
264507,65,30,0,0,UP,699812201801,"A"
264507,78,49,0,0,DOWN,699868116201,"N"
264507,78,49,0,0,UP,699932113701,"N"
264507,68,32,0,0,DOWN,699972278801,"D"
264507,70,33,0,0,DOWN,700068142101,"F"
264507,68,32,0,0,UP,700076116101,"D"
264507,70,33,0,0,UP,700147806201,"F"
264507,72,35,0,0,DOWN,700164170001,"H"
264507,66,48,0,0,DOWN,700268179101,"B"
264507,72,35,0,0,UP,700276149701,"H"
264507,85,22,0,0,DOWN,700363788901,"U"
264507,66,48,0,0,UP,700388145601,"B"
264507,82,19,0,0,DOWN,700468208201,"R"
264507,85,22,0,0,UP,700476164201,"U"
264507,71,34,0,0,DOWN,700563941101,"G"
264507,82,19,0,0,UP,700580185701,"R"
264507,69,18,0,0,DOWN,700668299801,"E"
264507,71,34,0,0,UP,700676124901,"G"
264507,69,18,0,0,UP,700764217101,"E"
264507,78,49,0,0,DOWN,700765049501,"N"
264507,78,49,0,0,UP,700836121201,"N"
264507,76,38,0,0,DOWN,700868220001,"L"
264507,76,38,0,0,UP,700924194601,"L"
264507,65,30,0,0,DOWN,700964320801,"A"
264507,65,30,0,0,UP,701004310701,"A"
264507,78,49,0,0,DOWN,701068136201,"N"
264507,78,49,0,0,UP,701124146301,"N"
264507,68,32,0,0,DOWN,701172230601,"D"
264507,70,33,0,0,DOWN,701268126901,"F"
264507,68,32,0,0,UP,701276174601,"D"
264507,70,33,0,0,UP,701340502801,"F"
264507,72,35,0,0,DOWN,701364283201,"H"
264507,66,48,0,0,DOWN,701468303801,"B"
264507,72,35,0,0,UP,701476137801,"H"
264507,85,22,0,0,DOWN,701564343101,"U"
264507,66,48,0,0,UP,701588236101,"B"
264507,82,19,0,0,DOWN,701667978701,"R"
264507,85,22,0,0,UP,701676174701,"U"
264507,71,34,0,0,DOWN,701764388101,"G"
264507,82,19,0,0,UP,701788350001,"R"
264507,71,34,0,0,UP,701868209401,"G"
264507,69,18,0,0,DOWN,701869000101,"E"
264507,69,18,0,0,UP,701964218601,"E"
264507,78,49,0,0,DOWN,701964942901,"N"
264507,78,49,0,0,UP,702028121201,"N"
264507,76,38,0,0,DOWN,702068272101,"L"
264507,76,38,0,0,UP,702124148701,"L"
264507,65,30,0,0,DOWN,702164156401,"A"
264507,65,30,0,0,UP,702212101801,"A"
264507,78,49,0,0,DOWN,702268224401,"N"
264507,78,49,0,0,UP,702324168801,"N"
264507,68,32,0,0,DOWN,702364228001,"D"
264507,70,33,0,0,DOWN,702468196501,"F"
264507,68,32,0,0,UP,702484104601,"D"
264507,70,33,0,0,UP,702547994401,"F"
264507,72,35,0,0,DOWN,702563963701,"H"
264507,66,48,0,0,DOWN,702668331701,"B"
264507,72,35,0,0,UP,702676212901,"H"
264507,85,22,0,0,DOWN,702764229101,"U"
264507,66,48,0,0,UP,702779970301,"B"
264507,82,19,0,0,DOWN,702868155801,"R"
264507,85,22,0,0,UP,702876179101,"U"
264507,71,34,0,0,DOWN,702964185601,"G"
264507,82,19,0,0,UP,702980238401,"R"
264507,71,34,0,0,UP,703068168901,"G"
264507,69,18,0,0,DOWN,703069309601,"E"
264507,69,18,0,0,UP,703172181501,"E"
264507,78,49,0,0,DOWN,703173149601,"N"
264507,78,49,0,0,UP,703228174001,"N"
264507,76,38,0,0,DOWN,703260171201,"L"
264507,76,38,0,0,UP,703324187801,"L"
264507,65,30,0,0,DOWN,703364246201,"A"
264507,65,30,0,0,UP,703412458901,"A"
264507,78,49,0,0,DOWN,703468223901,"N"
264507,78,49,0,0,UP,703532199201,"N"
264507,68,32,0,0,DOWN,703572199601,"D"
264507,70,33,0,0,DOWN,703668233501,"F"
264507,68,32,0,0,UP,703676317601,"D"
264507,70,33,0,0,UP,703740227801,"F"
264507,72,35,0,0,DOWN,703764237801,"H"
264507,66,48,0,0,DOWN,703868044801,"B"
264507,72,35,0,0,UP,703876291501,"H"
264507,85,22,0,0,DOWN,703964056501,"U"
264507,66,48,0,0,UP,703988198601,"B"
264507,82,19,0,0,DOWN,704068153301,"R"
264507,85,22,0,0,UP,704076191601,"U"
264507,71,34,0,0,DOWN,704164164201,"G"
264507,82,19,0,0,UP,704188137401,"R"
264507,69,18,0,0,DOWN,704268179301,"E"
264507,71,34,0,0,UP,704276176001,"G"
264507,69,18,0,0,UP,704364218601,"E"
264507,78,49,0,0,DOWN,704380207301,"N"
264507,78,49,0,0,UP,704428194501,"N"
264507,76,38,0,0,DOWN,704468259701,"L"
264507,76,38,0,0,UP,704524309701,"L"
264507,65,30,0,0,DOWN,704564198401,"A"
264507,65,30,0,0,UP,704612201001,"A"
264507,78,49,0,0,DOWN,704668215001,"N"
264507,78,49,0,0,UP,704724149201,"N"
264507,68,32,0,0,DOWN,704764219401,"D"
264507,70,33,0,0,DOWN,704868040201,"F"
264507,68,32,0,0,UP,704876209601,"D"
264507,70,33,0,0,UP,704940001701,"F"
264507,72,35,0,0,DOWN,704964130501,"H"
264507,66,48,0,0,DOWN,705067951801,"B"
264507,72,35,0,0,UP,705076132101,"H"
264507,85,22,0,0,DOWN,705172257301,"U"
264507,66,48,0,0,UP,705180188001,"B"
264507,82,19,0,0,DOWN,705268169901,"R"
264507,85,22,0,0,UP,705276334901,"U"
264507,71,34,0,0,DOWN,705372386001,"G"
264507,82,19,0,0,UP,705380190101,"R"
264507,71,34,0,0,UP,705468031001,"G"
264507,69,18,0,0,DOWN,705469072701,"E"
264507,69,18,0,0,UP,705564203401,"E"
264507,78,49,0,0,DOWN,705565060201,"N"
264507,78,49,0,0,UP,705628330901,"N"
264507,76,38,0,0,DOWN,705667985501,"L"
264507,76,38,0,0,UP,705724156001,"L"
264507,65,30,0,0,DOWN,705764316101,"A"
264507,65,30,0,0,UP,705812203701,"A"
264507,78,49,0,0,DOWN,705867967401,"N"
264507,78,49,0,0,UP,705932172301,"N"
264507,68,32,0,0,DOWN,705972243001,"D"
264507,70,33,0,0,DOWN,706067998501,"F"
264507,68,32,0,0,UP,706084319201,"D"
264507,70,33,0,0,UP,706140217301,"F"
264507,72,35,0,0,DOWN,706164334901,"H"
264507,66,48,0,0,DOWN,706267970301,"B"
264507,72,35,0,0,UP,706276198501,"H"
264507,85,22,0,0,DOWN,706364187001,"U"
264507,66,48,0,0,UP,706388055201,"B"
264507,82,19,0,0,DOWN,706468133201,"R"
264507,85,22,0,0,UP,706476175701,"U"
264507,71,34,0,0,DOWN,706564323901,"G"
264507,82,19,0,0,UP,706580205801,"R"
264507,69,18,0,0,DOWN,706668182601,"E"
264507,71,34,0,0,UP,706676314301,"G"
264507,69,18,0,0,UP,706764263901,"E"
264507,78,49,0,0,DOWN,706772175801,"N"
264507,78,49,0,0,UP,706828207701,"N"
264507,76,38,0,0,DOWN,706867997701,"L"
264507,76,38,0,0,UP,706924210301,"L"
264507,65,30,0,0,DOWN,706964298301,"A"
264507,65,30,0,0,UP,707004184601,"A"
264507,78,49,0,0,DOWN,707068327401,"N"
264507,78,49,0,0,UP,707132264001,"N"
264507,68,32,0,0,DOWN,707172287301,"D"
264507,70,33,0,0,DOWN,707268251401,"F"
264507,68,32,0,0,UP,707276233901,"D"
264507,70,33,0,0,UP,707340257101,"F"
264507,72,35,0,0,DOWN,707364336301,"H"
264507,66,48,0,0,DOWN,707468228701,"B"
264507,72,35,0,0,UP,707476203201,"H"
264507,85,22,0,0,DOWN,707564322501,"U"
264507,66,48,0,0,UP,707588123001,"B"
264507,82,19,0,0,DOWN,707668205101,"R"
264507,85,22,0,0,UP,707676174801,"U"
264507,71,34,0,0,DOWN,707764290501,"G"
264507,82,19,0,0,UP,707788597601,"R"
264507,71,34,0,0,UP,707868242701,"G"
264507,69,18,0,0,DOWN,707869055101,"E"
264507,69,18,0,0,UP,707964313301,"E"
264507,78,49,0,0,DOWN,707972307401,"N"
264507,78,49,0,0,UP,708028173001,"N"
264507,76,38,0,0,DOWN,708068280301,"L"
264507,76,38,0,0,UP,708123998901,"L"
264507,65,30,0,0,DOWN,708164399501,"A"
264507,65,30,0,0,UP,708212227201,"A"
264507,78,49,0,0,DOWN,708268229401,"N"
264507,78,49,0,0,UP,708324222201,"N"
264507,68,32,0,0,DOWN,708364265001,"D"
264507,70,33,0,0,DOWN,708468273101,"F"
264507,68,32,0,0,UP,708484220401,"D"
264507,70,33,0,0,UP,708540219601,"F"
264507,72,35,0,0,DOWN,708564306101,"H"
264507,66,48,0,0,DOWN,708668429601,"B"
264507,72,35,0,0,UP,708676232801,"H"
264507,85,22,0,0,DOWN,708764302901,"U"
264507,66,48,0,0,UP,708788151501,"B"
264507,82,19,0,0,DOWN,708868377801,"R"
264507,85,22,0,0,UP,708876210901,"U"
264507,71,34,0,0,DOWN,708972242201,"G"
264507,82,19,0,0,UP,708980207301,"R"
264507,69,18,0,0,DOWN,709068210201,"E"
264507,71,34,0,0,UP,709076265601,"G"
264507,69,18,0,0,UP,709164280401,"E"
264507,78,49,0,0,DOWN,709172234301,"N"
264507,78,49,0,0,UP,709228271501,"N"
264507,76,38,0,0,DOWN,709260265001,"L"
264507,76,38,0,0,UP,709332236001,"L"
264507,65,30,0,0,DOWN,709364279501,"A"
264507,65,30,0,0,UP,709412209801,"A"
264507,78,49,0,0,DOWN,709468341101,"N"
264507,78,49,0,0,UP,709524337201,"N"
264507,68,32,0,0,DOWN,709572076401,"D"
264507,70,33,0,0,DOWN,709668257101,"F"
264507,68,32,0,0,UP,709676225401,"D"
264507,70,33,0,0,UP,709748202101,"F"
264507,72,35,0,0,DOWN,709764327601,"H"
264507,66,48,0,0,DOWN,709868333101,"B"
264507,72,35,0,0,UP,709876352601,"H"
264507,85,22,0,0,DOWN,709963980301,"U"
264507,66,48,0,0,UP,709988256401,"B"
264507,82,19,0,0,DOWN,710068347101,"R"
264507,85,22,0,0,UP,710076204501,"U"
264507,71,34,0,0,DOWN,710164310001,"G"
264507,82,19,0,0,UP,710180280301,"R"
264507,69,18,0,0,DOWN,710268307301,"E"
264507,71,34,0,0,UP,710276170101,"G"
264507,69,18,0,0,UP,710364249201,"E"
264507,78,49,0,0,DOWN,710372206701,"N"
264507,78,49,0,0,UP,710428241401,"N"
264507,76,38,0,0,DOWN,710468260101,"L"
264507,76,38,0,0,UP,710524381501,"L"
264507,65,30,0,0,DOWN,710564337501,"A"
264507,65,30,0,0,UP,710604372601,"A"
264507,78,49,0,0,DOWN,710668274901,"N"
264507,78,49,0,0,UP,710724381201,"N"
264507,68,32,0,0,DOWN,710764296001,"D"
264507,70,33,0,0,DOWN,710868237001,"F"
264507,68,32,0,0,UP,710876187101,"D"
264507,70,33,0,0,UP,710940309301,"F"
264507,72,35,0,0,DOWN,710963957801,"H"
264507,66,48,0,0,DOWN,711068263501,"B"
264507,72,35,0,0,UP,711076217501,"H"
264507,85,22,0,0,DOWN,711172285901,"U"
264507,66,48,0,0,UP,711188089001,"B"
264507,82,19,0,0,DOWN,711268338401,"R"
264507,85,22,0,0,UP,711276281801,"U"
264507,71,34,0,0,DOWN,711372043601,"G"
264507,82,19,0,0,UP,711388210301,"R"
264507,69,18,0,0,DOWN,711468274401,"E"
264507,71,34,0,0,UP,711476199401,"G"
264507,78,49,0,0,DOWN,711564301401,"N"
264507,69,18,0,0,UP,711572136201,"E"
264507,78,49,0,0,UP,711628064501,"N"
264507,76,38,0,0,DOWN,711668277001,"L"
264507,76,38,0,0,UP,711732200401,"L"
264507,65,30,0,0,DOWN,711764325501,"A"
264507,65,30,0,0,UP,711812422701,"A"
264507,78,49,0,0,DOWN,711868339101,"N"
264507,78,49,0,0,UP,711924195201,"N"
264507,68,32,0,0,DOWN,711964323301,"D"
264507,70,33,0,0,DOWN,712068248401,"F"
264507,68,32,0,0,UP,712076222501,"D"
264507,70,33,0,0,UP,712140359801,"F"
264507,72,35,0,0,DOWN,712164295701,"H"
264507,66,48,0,0,DOWN,712268294001,"B"
264507,72,35,0,0,UP,712276225601,"H"
264507,85,22,0,0,DOWN,712364248901,"U"
264507,66,48,0,0,UP,712388454801,"B"
264507,82,19,0,0,DOWN,712468307001,"R"
264507,85,22,0,0,UP,712476136201,"U"
264507,71,34,0,0,DOWN,712564294401,"G"
264507,82,19,0,0,UP,712588269001,"R"
264507,69,18,0,0,DOWN,712668301501,"E"
264507,71,34,0,0,UP,712676257201,"G"
264507,69,18,0,0,UP,712764286601,"E"
264507,78,49,0,0,DOWN,712765089401,"N"
264507,78,49,0,0,UP,712828293301,"N"
264507,76,38,0,0,DOWN,712868323501,"L"
264507,76,38,0,0,UP,712924271701,"L"
264507,65,30,0,0,DOWN,712972281901,"A"
264507,65,30,0,0,UP,713012238901,"A"
264507,78,49,0,0,DOWN,713068326001,"N"
264507,78,49,0,0,UP,713132286201,"N"
264507,68,32,0,0,DOWN,713172374301,"D"
264507,70,33,0,0,DOWN,713268017401,"F"
264507,68,32,0,0,UP,713275948701,"D"
264507,70,33,0,0,UP,713332166101,"F"
264507,72,35,0,0,DOWN,713364411001,"H"
264507,66,48,0,0,DOWN,713468329301,"B"
264507,72,35,0,0,UP,713476072101,"H"
264507,85,22,0,0,DOWN,713564399501,"U"
264507,66,48,0,0,UP,713588306201,"B"
264507,82,19,0,0,DOWN,713668217801,"R"
264507,85,22,0,0,UP,713679667701,"U"
264507,71,34,0,0,DOWN,713764313701,"G"
264507,82,19,0,0,UP,713780288501,"R"
264507,69,18,0,0,DOWN,713868320801,"E"
264507,71,34,0,0,UP,713884253101,"G"
264507,69,18,0,0,UP,713964163501,"E"
264507,78,49,0,0,DOWN,713964974401,"N"
264507,78,49,0,0,UP,714028316001,"N"
264507,76,38,0,0,DOWN,714068364901,"L"
264507,76,38,0,0,UP,714124297101,"L"
264507,65,30,0,0,DOWN,714164288401,"A"
264507,65,30,0,0,UP,714212424501,"A"
264507,78,49,0,0,DOWN,714268281801,"N"
264507,78,49,0,0,UP,714324085601,"N"
264507,68,32,0,0,DOWN,714364360501,"D"
264507,70,33,0,0,DOWN,714468326001,"F"
264507,68,32,0,0,UP,714484391201,"D"
264507,70,33,0,0,UP,714540366301,"F"
264507,72,35,0,0,DOWN,714564330901,"H"
264507,66,48,0,0,DOWN,714668390501,"B"
264507,72,35,0,0,UP,714676382301,"H"
264507,85,22,0,0,DOWN,714764308501,"U"
264507,66,48,0,0,UP,714788362301,"B"
264507,82,19,0,0,DOWN,714868345701,"R"
264507,85,22,0,0,UP,714876147401,"U"
264507,71,34,0,0,DOWN,714972194701,"G"
264507,82,19,0,0,UP,714980106001,"R"
264507,69,18,0,0,DOWN,715068422701,"E"
264507,71,34,0,0,UP,715076286301,"G"
264507,69,18,0,0,UP,715172303001,"E"
264507,78,49,0,0,DOWN,715173011601,"N"
264507,78,49,0,0,UP,715228303501,"N"
264507,76,38,0,0,DOWN,715260402401,"L"
264507,76,38,0,0,UP,715332447001,"L"
264507,65,30,0,0,DOWN,715364330501,"A"
264507,65,30,0,0,UP,715412256201,"A"
264507,78,49,0,0,DOWN,715468314101,"N"
264507,78,49,0,0,UP,715524383601,"N"
264507,68,32,0,0,DOWN,715572295701,"D"
264507,70,33,0,0,DOWN,715668452701,"F"
264507,68,32,0,0,UP,715676183501,"D"
264507,70,33,0,0,UP,715740312501,"F"
264507,72,35,0,0,DOWN,715764411301,"H"
264507,66,48,0,0,DOWN,715868307501,"B"
264507,72,35,0,0,UP,715875941101,"H"
264507,85,22,0,0,DOWN,715964289301,"U"
264507,66,48,0,0,UP,715988400601,"B"
264507,82,19,0,0,DOWN,716068395501,"R"
264507,85,22,0,0,UP,716076288101,"U"
264507,71,34,0,0,DOWN,716164331801,"G"
264507,82,19,0,0,UP,716180034301,"R"
264507,69,18,0,0,DOWN,716268443301,"E"
264507,71,34,0,0,UP,716276151001,"G"
264507,78,49,0,0,DOWN,716364347501,"N"
264507,69,18,0,0,UP,716372375301,"E"
264507,78,49,0,0,UP,716428870101,"N"
264507,76,38,0,0,DOWN,716468389201,"L"
264507,76,38,0,0,UP,716523980801,"L"
264507,65,30,0,0,DOWN,716564298001,"A"
264507,65,30,0,0,UP,716612342501,"A"
264507,78,49,0,0,DOWN,716668449601,"N"
264507,78,49,0,0,UP,716724614301,"N"
264507,68,32,0,0,DOWN,716764327701,"D"
264507,70,33,0,0,DOWN,716868334201,"F"
264507,68,32,0,0,UP,716876490001,"D"
264507,70,33,0,0,UP,716940268701,"F"
264507,72,35,0,0,DOWN,716972341301,"H"
264507,66,48,0,0,DOWN,717068411301,"B"
264507,72,35,0,0,UP,717076276401,"H"
264507,85,22,0,0,DOWN,717172327601,"U"
264507,66,48,0,0,UP,717188451701,"B"
264507,82,19,0,0,DOWN,717268299501,"R"
264507,85,22,0,0,UP,717276328001,"U"
264507,71,34,0,0,DOWN,717372436501,"G"
264507,82,19,0,0,UP,717388258801,"R"
264507,69,18,0,0,DOWN,717468362701,"E"
264507,71,34,0,0,UP,717476142901,"G"
264507,69,18,0,0,UP,717564334501,"E"
264507,78,49,0,0,DOWN,717565155201,"N"
264507,78,49,0,0,UP,717628265601,"N"
264507,76,38,0,0,DOWN,717668145701,"L"
264507,76,38,0,0,UP,717724347001,"L"
264507,65,30,0,0,DOWN,717764211201,"A"
264507,65,30,0,0,UP,717812253201,"A"
264507,78,49,0,0,DOWN,717868357101,"N"
264507,78,49,0,0,UP,717924317501,"N"
264507,68,32,0,0,DOWN,717964342601,"D"
264507,70,33,0,0,DOWN,718068456201,"F"
264507,68,32,0,0,UP,718076366401,"D"
264507,70,33,0,0,UP,718148156601,"F"
264507,72,35,0,0,DOWN,718164387101,"H"
264507,66,48,0,0,DOWN,718268306701,"B"
264507,72,35,0,0,UP,718276510901,"H"
264507,85,22,0,0,DOWN,718364345301,"U"
264507,66,48,0,0,UP,718388285901,"B"
264507,82,19,0,0,DOWN,718468354501,"R"
264507,85,22,0,0,UP,718476368501,"U"
264507,71,34,0,0,DOWN,718564380101,"G"
264507,82,19,0,0,UP,718588327201,"R"
264507,71,34,0,0,UP,718668482501,"G"
264507,69,18,0,0,DOWN,718669246501,"E"
264507,69,18,0,0,UP,718764333101,"E"
264507,78,49,0,0,DOWN,718772387501,"N"
264507,78,49,0,0,UP,718828268801,"N"
264507,76,38,0,0,DOWN,718868398001,"L"
264507,76,38,0,0,UP,718924276301,"L"
264507,65,30,0,0,DOWN,718964349401,"A"
264507,65,30,0,0,UP,719004305101,"A"
264507,78,49,0,0,DOWN,719068379301,"N"
264507,78,49,0,0,UP,719124207001,"N"
264507,68,32,0,0,DOWN,719172380901,"D"
264507,70,33,0,0,DOWN,719268422801,"F"
264507,68,32,0,0,UP,719284252401,"D"
264507,70,33,0,0,UP,719340452101,"F"
264507,72,35,0,0,DOWN,719364290501,"H"
264507,66,48,0,0,DOWN,719468314401,"B"
264507,72,35,0,0,UP,719476335401,"H"
264507,85,22,0,0,DOWN,719564396901,"U"
264507,66,48,0,0,UP,719588355601,"B"
264507,82,19,0,0,DOWN,719668358101,"R"
264507,85,22,0,0,UP,719676445501,"U"
264507,71,34,0,0,DOWN,719764368301,"G"
264507,82,19,0,0,UP,719788277301,"R"
264507,69,18,0,0,DOWN,719868472401,"E"
264507,71,34,0,0,UP,719876322901,"G"
264507,69,18,0,0,UP,719964381801,"E"
264507,78,49,0,0,DOWN,719965147101,"N"
264507,78,49,0,0,UP,720028211001,"N"
264507,76,38,0,0,DOWN,720068310501,"L"
264507,76,38,0,0,UP,720132347201,"L"
264507,65,30,0,0,DOWN,720164465001,"A"
264507,65,30,0,0,UP,720212395501,"A"
264507,78,49,0,0,DOWN,720268307501,"N"
264507,78,49,0,0,UP,720324328301,"N"
264507,68,32,0,0,DOWN,720364441001,"D"
264507,70,33,0,0,DOWN,720468323901,"F"
264507,68,32,0,0,UP,720484332901,"D"
264507,70,33,0,0,UP,720540297601,"F"
264507,72,35,0,0,DOWN,720564311601,"H"
264507,66,48,0,0,DOWN,720668340301,"B"
264507,72,35,0,0,UP,720676306301,"H"
264507,85,22,0,0,DOWN,720764317401,"U"
264507,66,48,0,0,UP,720788399601,"B"
264507,82,19,0,0,DOWN,720868440301,"R"
264507,85,22,0,0,UP,720876293901,"U"
264507,71,34,0,0,DOWN,720972394201,"G"
264507,82,19,0,0,UP,720988472301,"R"
264507,69,18,0,0,DOWN,721068177001,"E"
264507,71,34,0,0,UP,721076301001,"G"
264507,69,18,0,0,UP,721172434901,"E"
264507,78,49,0,0,DOWN,721173245401,"N"
264507,78,49,0,0,UP,721220429401,"N"
264507,76,38,0,0,DOWN,721260445001,"L"
264507,76,38,0,0,UP,721332337401,"L"
264507,65,30,0,0,DOWN,721364381401,"A"
264507,65,30,0,0,UP,721412240201,"A"
264507,78,49,0,0,DOWN,721468361301,"N"
264507,78,49,0,0,UP,721516286701,"N"
264507,68,32,0,0,DOWN,721572434401,"D"
264507,70,33,0,0,DOWN,721668358801,"F"
264507,68,32,0,0,UP,721676319001,"D"
264507,70,33,0,0,UP,721748249101,"F"
264507,72,35,0,0,DOWN,721764353101,"H"
264507,66,48,0,0,DOWN,721868386501,"B"
264507,72,35,0,0,UP,721884098201,"H"
264507,85,22,0,0,DOWN,721964400801,"U"
264507,66,48,0,0,UP,721988419701,"B"
264507,82,19,0,0,DOWN,722068106301,"R"
264507,85,22,0,0,UP,722076455001,"U"
264507,71,34,0,0,DOWN,722164385101,"G"
264507,82,19,0,0,UP,722188558301,"R"
264507,69,18,0,0,DOWN,722268419301,"E"
264507,71,34,0,0,UP,722276469501,"G"
264507,69,18,0,0,UP,722364434001,"E"
264507,78,49,0,0,DOWN,722365423101,"N"
264507,78,49,0,0,UP,722428362001,"N"
264507,76,38,0,0,DOWN,722468431201,"L"
264507,76,38,0,0,UP,722524392901,"L"
264507,65,30,0,0,DOWN,722564182401,"A"
264507,65,30,0,0,UP,722604486401,"A"
264507,78,49,0,0,DOWN,722668435201,"N"
264507,78,49,0,0,UP,722724368101,"N"
264507,68,32,0,0,DOWN,722764484201,"D"
264507,70,33,0,0,DOWN,722868354401,"F"
264507,68,32,0,0,UP,722876336901,"D"
264507,70,33,0,0,UP,722940367301,"F"
264507,72,35,0,0,DOWN,722972397401,"H"
264507,66,48,0,0,DOWN,723068321501,"B"
264507,72,35,0,0,UP,723076341501,"H"
264507,85,22,0,0,DOWN,723172378301,"U"
264507,66,48,0,0,UP,723188378701,"B"
264507,82,19,0,0,DOWN,723268392501,"R"
264507,85,22,0,0,UP,723276322101,"U"
264507,71,34,0,0,DOWN,723364335401,"G"
264507,82,19,0,0,UP,723388324001,"R"
264507,69,18,0,0,DOWN,723468155401,"E"
264507,71,34,0,0,UP,723476362101,"G"
264507,69,18,0,0,UP,723564431201,"E"
264507,78,49,0,0,DOWN,723565430601,"N"
264507,78,49,0,0,UP,723628298201,"N"
264507,76,38,0,0,DOWN,723668436701,"L"
264507,76,38,0,0,UP,723724333101,"L"
264507,65,30,0,0,DOWN,723764456801,"A"
264507,65,30,0,0,UP,723812190901,"A"
264507,78,49,0,0,DOWN,723868416701,"N"
264507,78,49,0,0,UP,723924294301,"N"
264507,68,32,0,0,DOWN,723964107501,"D"
264507,70,33,0,0,DOWN,724068407801,"F"
264507,68,32,0,0,UP,724084357201,"D"
264507,70,33,0,0,UP,724148407201,"F"
264507,72,35,0,0,DOWN,724164081001,"H"
264507,66,48,0,0,DOWN,724268391101,"B"
264507,72,35,0,0,UP,724275963101,"H"
264507,85,22,0,0,DOWN,724364271701,"U"
264507,66,48,0,0,UP,724388326501,"B"
264507,82,19,0,0,DOWN,724468396601,"R"
264507,85,22,0,0,UP,724476372901,"U"
264507,71,34,0,0,DOWN,724564112701,"G"
264507,82,19,0,0,UP,724588393101,"R"
264507,69,18,0,0,DOWN,724668445401,"E"
264507,71,34,0,0,UP,724676367701,"G"
264507,78,49,0,0,DOWN,724772359201,"N"
264507,69,18,0,0,UP,724780169601,"E"
264507,78,49,0,0,UP,724828410101,"N"
264507,76,38,0,0,DOWN,724868413801,"L"
264507,76,38,0,0,UP,724932324601,"L"
264507,65,30,0,0,DOWN,724964265601,"A"
264507,65,30,0,0,UP,725012383801,"A"
264507,78,49,0,0,DOWN,725068180501,"N"
264507,78,49,0,0,UP,725124338801,"N"
264507,68,32,0,0,DOWN,725172370701,"D"
264507,70,33,0,0,DOWN,725268451201,"F"
264507,68,32,0,0,UP,725276322801,"D"
264507,70,33,0,0,UP,725340385901,"F"
264507,72,35,0,0,DOWN,725364465101,"H"
264507,66,48,0,0,DOWN,725468311001,"B"
264507,72,35,0,0,UP,725476384301,"H"
264507,85,22,0,0,DOWN,725564531801,"U"
264507,66,48,0,0,UP,725588490001,"B"
264507,82,19,0,0,DOWN,725668257801,"R"
264507,85,22,0,0,UP,725676377001,"U"
264507,71,34,0,0,DOWN,725764363601,"G"
264507,82,19,0,0,UP,725788425401,"R"
264507,69,18,0,0,DOWN,725868270801,"E"
264507,71,34,0,0,UP,725876314801,"G"
264507,78,49,0,0,DOWN,725964090601,"N"
264507,69,18,0,0,UP,725972149901,"E"
264507,78,49,0,0,UP,726028373001,"N"
264507,76,38,0,0,DOWN,726068049001,"L"
264507,76,38,0,0,UP,726124367801,"L"
264507,65,30,0,0,DOWN,726164409801,"A"
264507,65,30,0,0,UP,726204350101,"A"
264507,78,49,0,0,DOWN,726268495901,"N"
264507,78,49,0,0,UP,726332254401,"N"
264507,68,32,0,0,DOWN,726364415101,"D"
264507,70,33,0,0,DOWN,726468478101,"F"
264507,68,32,0,0,UP,726476352201,"D"
264507,70,33,0,0,UP,726540409501,"F"
264507,72,35,0,0,DOWN,726564366401,"H"
264507,66,48,0,0,DOWN,726668439901,"B"
264507,72,35,0,0,UP,726676507401,"H"
264507,85,22,0,0,DOWN,726772472801,"U"
264507,66,48,0,0,UP,726788489701,"B"
264507,82,19,0,0,DOWN,726868354501,"R"
264507,85,22,0,0,UP,726876354301,"U"
264507,71,34,0,0,DOWN,726972364501,"G"
264507,82,19,0,0,UP,726988498801,"R"
264507,69,18,0,0,DOWN,727068431701,"E"
264507,71,34,0,0,UP,727076261301,"G"
264507,78,49,0,0,DOWN,727164536201,"N"
264507,69,18,0,0,UP,727172174801,"E"
264507,78,49,0,0,UP,727228416801,"N"
264507,76,38,0,0,DOWN,727268420601,"L"
264507,76,38,0,0,UP,727324467801,"L"
264507,65,30,0,0,DOWN,727364419101,"A"
264507,65,30,0,0,UP,727412525801,"A"
264507,78,49,0,0,DOWN,727468180301,"N"
264507,78,49,0,0,UP,727524398901,"N"
264507,68,32,0,0,DOWN,727572439701,"D"
264507,70,33,0,0,DOWN,727668282501,"F"
264507,68,32,0,0,UP,727684535001,"D"
264507,70,33,0,0,UP,727748083401,"F"
264507,72,35,0,0,DOWN,727764397601,"H"
264507,66,48,0,0,DOWN,727868479301,"B"
264507,72,35,0,0,UP,727876365901,"H"
264507,85,22,0,0,DOWN,727964481701,"U"
264507,66,48,0,0,UP,727988814401,"B"
264507,82,19,0,0,DOWN,728068374101,"R"
264507,85,22,0,0,UP,728076066901,"U"
264507,71,34,0,0,DOWN,728164516201,"G"
264507,82,19,0,0,UP,728188454501,"R"
264507,69,18,0,0,DOWN,728268261301,"E"
264507,71,34,0,0,UP,728276261901,"G"
264507,69,18,0,0,UP,728364443001,"E"
264507,78,49,0,0,DOWN,728365416401,"N"
264507,78,49,0,0,UP,728436415201,"N"
264507,76,38,0,0,DOWN,728468594101,"L"
264507,76,38,0,0,UP,728524359701,"L"
264507,65,30,0,0,DOWN,728564424801,"A"
264507,65,30,0,0,UP,728604387501,"A"
264507,78,49,0,0,DOWN,728668418501,"N"
264507,78,49,0,0,UP,728732405101,"N"
264507,68,32,0,0,DOWN,728772460501,"D"
264507,70,33,0,0,DOWN,728868500601,"F"
264507,68,32,0,0,UP,728884384601,"D"
264507,70,33,0,0,UP,728940511301,"F"
264507,72,35,0,0,DOWN,728972444601,"H"
264507,66,48,0,0,DOWN,729068383001,"B"
264507,72,35,0,0,UP,729076362001,"H"
264507,85,22,0,0,DOWN,729164475301,"U"
264507,66,48,0,0,UP,729188540501,"B"
264507,82,19,0,0,DOWN,729268425601,"R"
264507,85,22,0,0,UP,729276040301,"U"
264507,71,34,0,0,DOWN,729364138301,"G"
264507,82,19,0,0,UP,729388510601,"R"
264507,69,18,0,0,DOWN,729468457201,"E"
264507,71,34,0,0,UP,729484380101,"G"
264507,69,18,0,0,UP,729564491701,"E"
264507,78,49,0,0,DOWN,729565307101,"N"
264507,78,49,0,0,UP,729628344601,"N"
264507,76,38,0,0,DOWN,729668312801,"L"
264507,76,38,0,0,UP,729724481801,"L"
264507,65,30,0,0,DOWN,729764487801,"A"
264507,65,30,0,0,UP,729812417101,"A"
264507,78,49,0,0,DOWN,729868241301,"N"
264507,78,49,0,0,UP,729924375301,"N"
264507,68,32,0,0,DOWN,729964547901,"D"
264507,70,33,0,0,DOWN,730068176301,"F"
264507,68,32,0,0,UP,730076515201,"D"
264507,70,33,0,0,UP,730140537401,"F"
264507,72,35,0,0,DOWN,730164514301,"H"
264507,66,48,0,0,DOWN,730268163401,"B"
264507,72,35,0,0,UP,730276481501,"H"
264507,85,22,0,0,DOWN,730364494901,"U"
264507,66,48,0,0,UP,730388295901,"B"
264507,82,19,0,0,DOWN,730468384601,"R"
264507,85,22,0,0,UP,730476414701,"U"
264507,71,34,0,0,DOWN,730564552501,"G"
264507,82,19,0,0,UP,730588569701,"R"
264507,69,18,0,0,DOWN,730668504301,"E"
264507,71,34,0,0,UP,730676364901,"G"
264507,78,49,0,0,DOWN,730772501601,"N"
264507,69,18,0,0,UP,730780451301,"E"
264507,78,49,0,0,UP,730828436301,"N"
264507,76,38,0,0,DOWN,730860561701,"L"
264507,76,38,0,0,UP,730924351601,"L"
264507,65,30,0,0,DOWN,730964448901,"A"
264507,65,30,0,0,UP,731012613201,"A"
264507,78,49,0,0,DOWN,731068504701,"N"
264507,78,49,0,0,UP,731124379601,"N"
264507,68,32,0,0,DOWN,731172477201,"D"
264507,70,33,0,0,DOWN,731268560701,"F"
264507,68,32,0,0,UP,731276391401,"D"
264507,70,33,0,0,UP,731348208301,"F"
264507,72,35,0,0,DOWN,731364432701,"H"
264507,66,48,0,0,DOWN,731468578601,"B"
264507,72,35,0,0,UP,731476520501,"H"
264507,85,22,0,0,DOWN,731564428401,"U"
264507,66,48,0,0,UP,731588574701,"B"
264507,82,19,0,0,DOWN,731668479101,"R"
264507,85,22,0,0,UP,731676435501,"U"
264507,71,34,0,0,DOWN,731764496901,"G"
264507,82,19,0,0,UP,731788575501,"R"
264507,69,18,0,0,DOWN,731868451001,"E"
264507,71,34,0,0,UP,731876375501,"G"
264507,69,18,0,0,UP,731964469801,"E"
264507,78,49,0,0,DOWN,731965275501,"N"
264507,78,49,0,0,UP,732028410501,"N"
264507,76,38,0,0,DOWN,732068476401,"L"
264507,76,38,0,0,UP,732124498501,"L"
264507,65,30,0,0,DOWN,732164356901,"A"
264507,65,30,0,0,UP,732204573001,"A"
264507,78,49,0,0,DOWN,732268238001,"N"
264507,78,49,0,0,UP,732332543901,"N"
264507,68,32,0,0,DOWN,732364470101,"D"
264507,70,33,0,0,DOWN,732468202301,"F"
264507,68,32,0,0,UP,732484635201,"D"
264507,70,33,0,0,UP,732540474501,"F"
264507,72,35,0,0,DOWN,732572564901,"H"
264507,66,48,0,0,DOWN,732668509401,"B"
264507,72,35,0,0,UP,732676021301,"H"
264507,85,22,0,0,DOWN,732772435601,"U"
264507,66,48,0,0,UP,732796183601,"B"
264507,82,19,0,0,DOWN,732868469201,"R"
264507,85,22,0,0,UP,732876393701,"U"
264507,71,34,0,0,DOWN,732972481801,"G"
264507,82,19,0,0,UP,732988272801,"R"
264507,69,18,0,0,DOWN,733068417301,"E"
264507,71,34,0,0,UP,733076413501,"G"
264507,78,49,0,0,DOWN,733164458001,"N"
264507,69,18,0,0,UP,733172446401,"E"
264507,78,49,0,0,UP,733228436801,"N"
264507,76,38,0,0,DOWN,733268455501,"L"
264507,76,38,0,0,UP,733324399201,"L"
264507,65,30,0,0,DOWN,733364274701,"A"
264507,65,30,0,0,UP,733412433301,"A"
264507,78,49,0,0,DOWN,733468575601,"N"
264507,78,49,0,0,UP,733532425601,"N"
264507,68,32,0,0,DOWN,733572512101,"D"
264507,70,33,0,0,DOWN,733668466401,"F"
264507,68,32,0,0,UP,733676424001,"D"
264507,70,33,0,0,UP,733740379801,"F"
264507,72,35,0,0,DOWN,733764533601,"H"
264507,66,48,0,0,DOWN,733868479701,"B"
264507,72,35,0,0,UP,733876398701,"H"
264507,85,22,0,0,DOWN,733964601501,"U"
264507,66,48,0,0,UP,733988470301,"B"
264507,82,19,0,0,DOWN,734068249801,"R"
264507,85,22,0,0,UP,734076181801,"U"
264507,71,34,0,0,DOWN,734164437801,"G"
264507,82,19,0,0,UP,734180413401,"R"
264507,69,18,0,0,DOWN,734268494301,"E"
264507,71,34,0,0,UP,734276134001,"G"
264507,69,18,0,0,UP,734364441201,"E"
264507,78,49,0,0,DOWN,734365169401,"N"
264507,78,49,0,0,UP,734436478801,"N"
264507,76,38,0,0,DOWN,734468474401,"L"
264507,76,38,0,0,UP,734524496401,"L"
264507,65,30,0,0,DOWN,734564408501,"A"
264507,65,30,0,0,UP,734604137201,"A"
264507,78,49,0,0,DOWN,734668533501,"N"
264507,78,49,0,0,UP,734732457301,"N"
264507,68,32,0,0,DOWN,734772461801,"D"
264507,70,33,0,0,DOWN,734868441801,"F"
264507,68,32,0,0,UP,734876411001,"D"
264507,70,33,0,0,UP,734940402301,"F"
264507,72,35,0,0,DOWN,734972380401,"H"
264507,66,48,0,0,DOWN,735068559201,"B"
264507,72,35,0,0,UP,735076251501,"H"
264507,85,22,0,0,DOWN,735164576901,"U"
264507,66,48,0,0,UP,735188189401,"B"
264507,82,19,0,0,DOWN,735268466801,"R"
264507,85,22,0,0,UP,735276535001,"U"
264507,71,34,0,0,DOWN,735364471101,"G"
264507,82,19,0,0,UP,735388307101,"R"
264507,69,18,0,0,DOWN,735468534501,"E"
264507,71,34,0,0,UP,735476044201,"G"
264507,78,49,0,0,DOWN,735564633101,"N"
264507,69,18,0,0,UP,735572322501,"E"
264507,78,49,0,0,UP,735628451901,"N"
264507,76,38,0,0,DOWN,735668282401,"L"
264507,76,38,0,0,UP,735724436701,"L"
264507,65,30,0,0,DOWN,735764573301,"A"
264507,65,30,0,0,UP,735812432501,"A"
264507,78,49,0,0,DOWN,735868495301,"N"
264507,78,49,0,0,UP,735932422401,"N"
264507,68,32,0,0,DOWN,735964532501,"D"
264507,70,33,0,0,DOWN,736068505801,"F"
264507,68,32,0,0,UP,736084531701,"D"
264507,70,33,0,0,UP,736140484801,"F"
264507,72,35,0,0,DOWN,736164264101,"H"
264507,66,48,0,0,DOWN,736268510201,"B"
264507,72,35,0,0,UP,736276113701,"H"
264507,85,22,0,0,DOWN,736364491401,"U"
264507,66,48,0,0,UP,736396377101,"B"
264507,82,19,0,0,DOWN,736468460001,"R"
264507,85,22,0,0,UP,736476305601,"U"
264507,71,34,0,0,DOWN,736564435001,"G"
264507,82,19,0,0,UP,736580541201,"R"
264507,69,18,0,0,DOWN,736668511601,"E"
264507,71,34,0,0,UP,736676098301,"G"
264507,69,18,0,0,UP,736772645601,"E"
264507,78,49,0,0,DOWN,736773384501,"N"
264507,78,49,0,0,UP,736836481201,"N"
264507,76,38,0,0,DOWN,736868466401,"L"
264507,76,38,0,0,UP,736932488601,"L"
264507,65,30,0,0,DOWN,736964540101,"A"
264507,65,30,0,0,UP,737012401101,"A"
264507,78,49,0,0,DOWN,737068514801,"N"
264507,78,49,0,0,UP,737124509001,"N"
264507,68,32,0,0,DOWN,737172591601,"D"
264507,70,33,0,0,DOWN,737268527601,"F"
264507,68,32,0,0,UP,737276120001,"D"
264507,70,33,0,0,UP,737340520601,"F"
264507,72,35,0,0,DOWN,737364368001,"H"
264507,66,48,0,0,DOWN,737468541701,"B"
264507,72,35,0,0,UP,737476370401,"H"
264507,85,22,0,0,DOWN,737564442401,"U"
264507,66,48,0,0,UP,737588524001,"B"
264507,82,19,0,0,DOWN,737668520001,"R"
264507,85,22,0,0,UP,737684483401,"U"
264507,71,34,0,0,DOWN,737764501201,"G"
264507,82,19,0,0,UP,737788518901,"R"
264507,69,18,0,0,DOWN,737868321901,"E"
264507,71,34,0,0,UP,737876291901,"G"
264507,69,18,0,0,UP,737964591701,"E"
264507,78,49,0,0,DOWN,737965319901,"N"
264507,78,49,0,0,UP,738028379701,"N"
264507,76,38,0,0,DOWN,738068605901,"L"
264507,76,38,0,0,UP,738124378601,"L"
264507,65,30,0,0,DOWN,738164569301,"A"
264507,65,30,0,0,UP,738212480201,"A"
264507,78,49,0,0,DOWN,738268492301,"N"
264507,78,49,0,0,UP,738340407801,"N"
264507,68,32,0,0,DOWN,738364512601,"D"
264507,70,33,0,0,DOWN,738468501101,"F"
264507,68,32,0,0,UP,738484549901,"D"
264507,70,33,0,0,UP,738540559701,"F"
264507,72,35,0,0,DOWN,738564537001,"H"
264507,66,48,0,0,DOWN,738668538001,"B"
264507,72,35,0,0,UP,738676567801,"H"
264507,85,22,0,0,DOWN,738772477901,"U"
264507,66,48,0,0,UP,738788423201,"B"
264507,82,19,0,0,DOWN,738868503001,"R"
264507,85,22,0,0,UP,738876506801,"U"
264507,71,34,0,0,DOWN,738972515701,"G"
264507,82,19,0,0,UP,738980494101,"R"
264507,69,18,0,0,DOWN,739068582001,"E"
264507,71,34,0,0,UP,739076400501,"G"
264507,78,49,0,0,DOWN,739164543301,"N"
264507,69,18,0,0,UP,739172452701,"E"
264507,78,49,0,0,UP,739228490401,"N"
264507,76,38,0,0,DOWN,739268541401,"L"
264507,76,38,0,0,UP,739324470801,"L"
264507,65,30,0,0,DOWN,739364546101,"A"
264507,65,30,0,0,UP,739412465701,"A"
264507,78,49,0,0,DOWN,739468496601,"N"
264507,78,49,0,0,UP,739532489901,"N"
264507,68,32,0,0,DOWN,739572636601,"D"
264507,70,33,0,0,DOWN,739668488901,"F"
264507,68,32,0,0,UP,739684509001,"D"
264507,70,33,0,0,UP,739740438401,"F"
264507,72,35,0,0,DOWN,739764256801,"H"
264507,66,48,0,0,DOWN,739868614301,"B"
264507,72,35,0,0,UP,739876326301,"H"
264507,85,22,0,0,DOWN,739964533001,"U"
264507,66,48,0,0,UP,739988451701,"B"
264507,82,19,0,0,DOWN,740068522301,"R"
264507,85,22,0,0,UP,740076374401,"U"
264507,71,34,0,0,DOWN,740164536901,"G"
264507,82,19,0,0,UP,740188646501,"R"
264507,69,18,0,0,DOWN,740268647501,"E"
264507,71,34,0,0,UP,740276283101,"G"
264507,69,18,0,0,UP,740364537901,"E"
264507,78,49,0,0,DOWN,740365437601,"N"
264507,78,49,0,0,UP,740436479501,"N"
264507,76,38,0,0,DOWN,740468454201,"L"
264507,76,38,0,0,UP,740524642201,"L"
264507,65,30,0,0,DOWN,740564460701,"A"
264507,65,30,0,0,UP,740612476301,"A"
264507,78,49,0,0,DOWN,740668367201,"N"
264507,78,49,0,0,UP,740732497201,"N"
264507,68,32,0,0,DOWN,740772448401,"D"
264507,70,33,0,0,DOWN,740868214601,"F"
264507,68,32,0,0,UP,740876456401,"D"
264507,70,33,0,0,UP,740940390101,"F"
264507,72,35,0,0,DOWN,740972193901,"H"
264507,66,48,0,0,DOWN,741068451501,"B"
264507,72,35,0,0,UP,741076728701,"H"
264507,85,22,0,0,DOWN,741164262201,"U"
264507,66,48,0,0,UP,741188394101,"B"
264507,82,19,0,0,DOWN,741268566701,"R"
264507,85,22,0,0,UP,741276503601,"U"
264507,71,34,0,0,DOWN,741364230601,"G"
264507,82,19,0,0,UP,741388193201,"R"
264507,69,18,0,0,DOWN,741468504501,"E"
264507,71,34,0,0,UP,741476531801,"G"
264507,69,18,0,0,UP,741564556901,"E"
264507,78,49,0,0,DOWN,741565404601,"N"
264507,78,49,0,0,UP,741636499201,"N"
264507,76,38,0,0,DOWN,741668648701,"L"
264507,76,38,0,0,UP,741724322701,"L"
264507,65,30,0,0,DOWN,741764524101,"A"
264507,65,30,0,0,UP,741812541701,"A"
264507,78,49,0,0,DOWN,741868600801,"N"
264507,78,49,0,0,UP,741940548601,"N"
264507,68,32,0,0,DOWN,741964576401,"D"
264507,70,33,0,0,DOWN,742068626601,"F"
264507,68,32,0,0,UP,742084479301,"D"
264507,70,33,0,0,UP,742140661801,"F"
264507,72,35,0,0,DOWN,742164555101,"H"
264507,66,48,0,0,DOWN,742268609301,"B"
264507,72,35,0,0,UP,742276228101,"H"
264507,85,22,0,0,DOWN,742364514201,"U"
264507,66,48,0,0,UP,742396539201,"B"
264507,82,19,0,0,DOWN,742468564801,"R"
264507,85,22,0,0,UP,742476546001,"U"
264507,71,34,0,0,DOWN,742564608501,"G"
264507,82,19,0,0,UP,742588492001,"R"
264507,69,18,0,0,DOWN,742668651201,"E"
264507,71,34,0,0,UP,742676652601,"G"
264507,78,49,0,0,DOWN,742772574801,"N"
264507,69,18,0,0,UP,742780487901,"E"
264507,78,49,0,0,UP,742836302201,"N"
264507,76,38,0,0,DOWN,742868621201,"L"
264507,76,38,0,0,UP,742924546801,"L"
264507,65,30,0,0,DOWN,742964513201,"A"
264507,65,30,0,0,UP,743012206001,"A"
264507,78,49,0,0,DOWN,743068243601,"N"
264507,78,49,0,0,UP,743132830901,"N"
264507,68,32,0,0,DOWN,743172602001,"D"
264507,70,33,0,0,DOWN,743268604201,"F"
264507,68,32,0,0,UP,743276273901,"D"
264507,70,33,0,0,UP,743348229901,"F"
264507,72,35,0,0,DOWN,743364548601,"H"
264507,66,48,0,0,DOWN,743468558801,"B"
264507,72,35,0,0,UP,743476531701,"H"
264507,85,22,0,0,DOWN,743564587301,"U"
264507,66,48,0,0,UP,743588666101,"B"
264507,82,19,0,0,DOWN,743668356301,"R"
264507,85,22,0,0,UP,743676459901,"U"
264507,71,34,0,0,DOWN,743764476101,"G"
264507,82,19,0,0,UP,743780529301,"R"
264507,69,18,0,0,DOWN,743868562001,"E"
264507,71,34,0,0,UP,743876457301,"G"
264507,69,18,0,0,UP,743964325801,"E"
264507,78,49,0,0,DOWN,743965218301,"N"
264507,78,49,0,0,UP,744028469801,"N"
264507,76,38,0,0,DOWN,744068539101,"L"
264507,76,38,0,0,UP,744124550001,"L"
264507,65,30,0,0,DOWN,744164715301,"A"
264507,65,30,0,0,UP,744212537901,"A"
264507,78,49,0,0,DOWN,744268538601,"N"
264507,78,49,0,0,UP,744332618601,"N"
264507,68,32,0,0,DOWN,744364623901,"D"
264507,70,33,0,0,DOWN,744468564601,"F"
264507,68,32,0,0,UP,744484656401,"D"
264507,70,33,0,0,UP,744540530901,"F"
264507,72,35,0,0,DOWN,744564560801,"H"
264507,66,48,0,0,DOWN,744668591801,"B"
264507,72,35,0,0,UP,744676519601,"H"
264507,85,22,0,0,DOWN,744772570801,"U"
264507,66,48,0,0,UP,744788552901,"B"
264507,82,19,0,0,DOWN,744868577401,"R"
264507,85,22,0,0,UP,744876382701,"U"
264507,71,34,0,0,DOWN,744972536301,"G"
264507,82,19,0,0,UP,744988470401,"R"
264507,69,18,0,0,DOWN,745068273901,"E"
264507,71,34,0,0,UP,745076478601,"G"
264507,78,49,0,0,DOWN,745164622101,"N"
264507,69,18,0,0,UP,745172528001,"E"
264507,78,49,0,0,UP,745236530301,"N"
264507,76,38,0,0,DOWN,745268587301,"L"
264507,76,38,0,0,UP,745324494701,"L"
264507,65,30,0,0,DOWN,745364398401,"A"
264507,65,30,0,0,UP,745412428901,"A"
264507,78,49,0,0,DOWN,745468684201,"N"
264507,78,49,0,0,UP,745532596401,"N"
264507,68,32,0,0,DOWN,745572507701,"D"
264507,70,33,0,0,DOWN,745668661501,"F"
264507,68,32,0,0,UP,745684876601,"D"
264507,70,33,0,0,UP,745732555301,"F"
264507,72,35,0,0,DOWN,745764495101,"H"
264507,66,48,0,0,DOWN,745868505601,"B"
264507,72,35,0,0,UP,745876545501,"H"
264507,85,22,0,0,DOWN,745964599601,"U"
264507,66,48,0,0,UP,745988552801,"B"
264507,82,19,0,0,DOWN,746068600901,"R"
264507,85,22,0,0,UP,746076489101,"U"
264507,71,34,0,0,DOWN,746164520701,"G"
264507,82,19,0,0,UP,746188539801,"R"
264507,69,18,0,0,DOWN,746268626601,"E"
264507,71,34,0,0,UP,746276311701,"G"
264507,69,18,0,0,UP,746364665601,"E"
264507,78,49,0,0,DOWN,746365465901,"N"
264507,78,49,0,0,UP,746436620501,"N"
264507,76,38,0,0,DOWN,746468496201,"L"
264507,76,38,0,0,UP,746524527301,"L"
264507,65,30,0,0,DOWN,746572572201,"A"
264507,65,30,0,0,UP,746612735801,"A"
264507,78,49,0,0,DOWN,746668589101,"N"
264507,78,49,0,0,UP,746732524301,"N"
264507,68,32,0,0,DOWN,746772496701,"D"
264507,70,33,0,0,DOWN,746868518601,"F"
264507,68,32,0,0,UP,746876657201,"D"
264507,70,33,0,0,UP,746932711601,"F"
264507,72,35,0,0,DOWN,746972619301,"H"
264507,66,48,0,0,DOWN,747068587801,"B"
264507,72,35,0,0,UP,747076223401,"H"
264507,85,22,0,0,DOWN,747164614501,"U"
264507,66,48,0,0,UP,747188575401,"B"
264507,82,19,0,0,DOWN,747268500401,"R"
264507,85,22,0,0,UP,747276487901,"U"
264507,71,34,0,0,DOWN,747364483301,"G"
264507,82,19,0,0,UP,747388531401,"R"
264507,69,18,0,0,DOWN,747468655201,"E"
264507,71,34,0,0,UP,747476412401,"G"
264507,69,18,0,0,UP,747564590301,"E"
264507,78,49,0,0,DOWN,747565313101,"N"
264507,78,49,0,0,UP,747628524501,"N"
264507,76,38,0,0,DOWN,747668552801,"L"
264507,76,38,0,0,UP,747724641501,"L"
264507,65,30,0,0,DOWN,747764747001,"A"
264507,65,30,0,0,UP,747812600101,"A"
264507,78,49,0,0,DOWN,747868761801,"N"
264507,78,49,0,0,UP,747932537801,"N"
264507,68,32,0,0,DOWN,747964577401,"D"
264507,70,33,0,0,DOWN,748068543801,"F"
264507,68,32,0,0,UP,748084559001,"D"
264507,70,33,0,0,UP,748140590301,"F"
264507,72,35,0,0,DOWN,748164378901,"H"
264507,66,48,0,0,DOWN,748268329001,"B"
264507,72,35,0,0,UP,748276535101,"H"
264507,85,22,0,0,DOWN,748364291401,"U"
264507,66,48,0,0,UP,748388581801,"B"
264507,82,19,0,0,DOWN,748468405801,"R"
264507,85,22,0,0,UP,748476560501,"U"
264507,71,34,0,0,DOWN,748572651001,"G"
264507,82,19,0,0,UP,748588612301,"R"
264507,69,18,0,0,DOWN,748668384401,"E"
264507,71,34,0,0,UP,748676558001,"G"
264507,69,18,0,0,UP,748772639601,"E"
264507,78,49,0,0,DOWN,748773461001,"N"
264507,78,49,0,0,UP,748836567801,"N"
264507,76,38,0,0,DOWN,748868750101,"L"
264507,76,38,0,0,UP,748924587001,"L"
264507,65,30,0,0,DOWN,748964297201,"A"
264507,65,30,0,0,UP,749012731501,"A"
264507,78,49,0,0,DOWN,749068595001,"N"
264507,78,49,0,0,UP,749132548901,"N"
264507,68,32,0,0,DOWN,749172554101,"D"
264507,70,33,0,0,DOWN,749268730201,"F"
264507,68,32,0,0,UP,749284472301,"D"
264507,70,33,0,0,UP,749340572401,"F"
264507,72,35,0,0,DOWN,749364569701,"H"
264507,66,48,0,0,DOWN,749468575101,"B"
264507,72,35,0,0,UP,749476152401,"H"
264507,85,22,0,0,DOWN,749564694401,"U"
264507,66,48,0,0,UP,749588575801,"B"
264507,82,19,0,0,DOWN,749668592401,"R"
264507,85,22,0,0,UP,749676295201,"U"
264507,71,34,0,0,DOWN,749764644901,"G"
264507,82,19,0,0,UP,749788657901,"R"
264507,69,18,0,0,DOWN,749868592801,"E"
264507,71,34,0,0,UP,749876513501,"G"
264507,78,49,0,0,DOWN,749964519201,"N"
264507,69,18,0,0,UP,749972505101,"E"
264507,78,49,0,0,UP,750028919401,"N"
264507,76,38,0,0,DOWN,750068594101,"L"
264507,76,38,0,0,UP,750124627001,"L"
264507,65,30,0,0,DOWN,750164511201,"A"
264507,65,30,0,0,UP,750212661101,"A"
264507,78,49,0,0,DOWN,750268721501,"N"
264507,78,49,0,0,UP,750332589101,"N"
264507,68,32,0,0,DOWN,750364715001,"D"
264507,70,33,0,0,DOWN,750468775201,"F"
264507,68,32,0,0,UP,750484715201,"D"
264507,70,33,0,0,UP,750540535201,"F"
264507,72,35,0,0,DOWN,750572669701,"H"
264507,66,48,0,0,DOWN,750668608501,"B"
264507,72,35,0,0,UP,750676285201,"H"
264507,85,22,0,0,DOWN,750772630101,"U"
264507,66,48,0,0,UP,750796549701,"B"
264507,82,19,0,0,DOWN,750868567201,"R"
264507,85,22,0,0,UP,750876418101,"U"
264507,71,34,0,0,DOWN,750972611801,"G"
264507,82,19,0,0,UP,750988686601,"R"
264507,69,18,0,0,DOWN,751068361701,"E"
264507,71,34,0,0,UP,751076511401,"G"
264507,78,49,0,0,DOWN,751164613201,"N"
264507,69,18,0,0,UP,751172325901,"E"
264507,78,49,0,0,UP,751236572801,"N"
264507,76,38,0,0,DOWN,751268635501,"L"
264507,76,38,0,0,UP,751324718501,"L"
264507,65,30,0,0,DOWN,751364556301,"A"
264507,65,30,0,0,UP,751412707401,"A"
264507,78,49,0,0,DOWN,751468619401,"N"
264507,78,49,0,0,UP,751532795601,"N"
264507,68,32,0,0,DOWN,751572627901,"D"
264507,70,33,0,0,DOWN,751668635701,"F"
264507,68,32,0,0,UP,751676598401,"D"
264507,70,33,0,0,UP,751748388001,"F"
264507,72,35,0,0,DOWN,751764665001,"H"
264507,66,48,0,0,DOWN,751868501601,"B"
264507,72,35,0,0,UP,751879703001,"H"
264507,85,22,0,0,DOWN,751964626101,"U"
264507,66,48,0,0,UP,751988617901,"B"
264507,82,19,0,0,DOWN,752068404301,"R"
264507,85,22,0,0,UP,752076557101,"U"
264507,71,34,0,0,DOWN,752164597001,"G"
264507,82,19,0,0,UP,752188779901,"R"
264507,69,18,0,0,DOWN,752268670701,"E"
264507,71,34,0,0,UP,752276636101,"G"
264507,78,49,0,0,DOWN,752372353301,"N"
264507,69,18,0,0,UP,752380329101,"E"
264507,78,49,0,0,UP,752436320601,"N"
264507,76,38,0,0,DOWN,752468316401,"L"
264507,76,38,0,0,UP,752532369501,"L"
264507,65,30,0,0,DOWN,752572356401,"A"
264507,65,30,0,0,UP,752612349801,"A"
264507,78,49,0,0,DOWN,752668421001,"N"
264507,78,49,0,0,UP,752732336901,"N"
264507,68,32,0,0,DOWN,752772638101,"D"
264507,70,33,0,0,DOWN,752868708301,"F"
264507,68,32,0,0,UP,752876643901,"D"
264507,70,33,0,0,UP,752940561501,"F"
264507,72,35,0,0,DOWN,752964611701,"H"
264507,66,48,0,0,DOWN,753068672101,"B"
264507,72,35,0,0,UP,753076289701,"H"
264507,85,22,0,0,DOWN,753164696301,"U"
264507,66,48,0,0,UP,753188738001,"B"
264507,82,19,0,0,DOWN,753268592801,"R"
264507,85,22,0,0,UP,753284572701,"U"
264507,71,34,0,0,DOWN,753364721001,"G"
264507,82,19,0,0,UP,753388555801,"R"
264507,69,18,0,0,DOWN,753468680401,"E"
264507,71,34,0,0,UP,753476679401,"G"
264507,69,18,0,0,UP,753564335301,"E"
264507,78,49,0,0,DOWN,753564985501,"N"
264507,78,49,0,0,UP,753628635301,"N"
264507,76,38,0,0,DOWN,753668556901,"L"
264507,76,38,0,0,UP,753724590001,"L"
264507,65,30,0,0,DOWN,753764664801,"A"
264507,65,30,0,0,UP,753812582001,"A"
264507,78,49,0,0,DOWN,753868631101,"N"
264507,78,49,0,0,UP,753932580801,"N"
264507,68,32,0,0,DOWN,753964639201,"D"
264507,70,33,0,0,DOWN,754068374401,"F"
264507,68,32,0,0,UP,754084691101,"D"
264507,70,33,0,0,UP,754140641901,"F"
264507,72,35,0,0,DOWN,754164671701,"H"
264507,66,48,0,0,DOWN,754268548801,"B"
264507,72,35,0,0,UP,754276618601,"H"
264507,85,22,0,0,DOWN,754372610601,"U"
264507,66,48,0,0,UP,754388731001,"B"
264507,82,19,0,0,DOWN,754468512701,"R"
264507,85,22,0,0,UP,754476661201,"U"
264507,71,34,0,0,DOWN,754572728301,"G"
264507,82,19,0,0,UP,754580745801,"R"
264507,69,18,0,0,DOWN,754668500801,"E"
264507,71,34,0,0,UP,754676698701,"G"
264507,69,18,0,0,UP,754764771501,"E"
264507,78,49,0,0,DOWN,754765509701,"N"
264507,78,49,0,0,UP,754836625101,"N"
264507,76,38,0,0,DOWN,754868580401,"L"
264507,76,38,0,0,UP,754932565901,"L"
264507,65,30,0,0,DOWN,754964653501,"A"
264507,65,30,0,0,UP,755012647401,"A"
264507,78,49,0,0,DOWN,755068614901,"N"
264507,78,49,0,0,UP,755132639901,"N"
264507,68,32,0,0,DOWN,755172666501,"D"
264507,70,33,0,0,DOWN,755268645601,"F"
264507,68,32,0,0,UP,755284784401,"D"
264507,70,33,0,0,UP,755340672101,"F"
264507,72,35,0,0,DOWN,755364663801,"H"
264507,66,48,0,0,DOWN,755468806601,"B"
264507,72,35,0,0,UP,755476693301,"H"
264507,85,22,0,0,DOWN,755564711801,"U"
264507,66,48,0,0,UP,755589007801,"B"
264507,82,19,0,0,DOWN,755668775801,"R"
264507,85,22,0,0,UP,755676579301,"U"
264507,71,34,0,0,DOWN,755764464601,"G"
264507,82,19,0,0,UP,755780622201,"R"
264507,71,34,0,0,UP,755868687501,"G"
264507,69,18,0,0,DOWN,755869629701,"E"
264507,69,18,0,0,UP,755964719401,"E"
264507,78,49,0,0,DOWN,755965460701,"N"
264507,78,49,0,0,UP,756036620701,"N"
264507,76,38,0,0,DOWN,756068828001,"L"
264507,76,38,0,0,UP,756124639101,"L"
264507,65,30,0,0,DOWN,756164662101,"A"
264507,65,30,0,0,UP,756212625301,"A"
264507,78,49,0,0,DOWN,756268671101,"N"
264507,78,49,0,0,UP,756332792201,"N"
264507,68,32,0,0,DOWN,756372727201,"D"
264507,70,33,0,0,DOWN,756468720201,"F"
264507,68,32,0,0,UP,756476606401,"D"
264507,70,33,0,0,UP,756540617301,"F"
264507,72,35,0,0,DOWN,756572645701,"H"
264507,66,48,0,0,DOWN,756668671401,"B"
264507,72,35,0,0,UP,756676840701,"H"
264507,85,22,0,0,DOWN,756764670601,"U"
264507,66,48,0,0,UP,756788938301,"B"
264507,82,19,0,0,DOWN,756868727601,"R"
264507,85,22,0,0,UP,756876688201,"U"
264507,71,34,0,0,DOWN,756964646101,"G"
264507,82,19,0,0,UP,756988738301,"R"
264507,71,34,0,0,UP,757068616201,"G"
264507,69,18,0,0,DOWN,757069891101,"E"
264507,78,49,0,0,DOWN,757164684201,"N"
264507,69,18,0,0,UP,757172739201,"E"
264507,78,49,0,0,UP,757228458001,"N"
264507,76,38,0,0,DOWN,757268686801,"L"
264507,76,38,0,0,UP,757324354901,"L"
264507,65,30,0,0,DOWN,757364632101,"A"
264507,65,30,0,0,UP,757412625101,"A"
264507,78,49,0,0,DOWN,757468748601,"N"
264507,78,49,0,0,UP,757532704601,"N"
264507,68,32,0,0,DOWN,757564697401,"D"
264507,70,33,0,0,DOWN,757668684501,"F"
264507,68,32,0,0,UP,757676665401,"D"
264507,70,33,0,0,UP,757748334301,"F"
264507,72,35,0,0,DOWN,757764718001,"H"
264507,66,48,0,0,DOWN,757868821901,"B"
264507,72,35,0,0,UP,757876735901,"H"
264507,85,22,0,0,DOWN,757964675901,"U"
264507,66,48,0,0,UP,757988606401,"B"
264507,82,19,0,0,DOWN,758068691701,"R"
264507,85,22,0,0,UP,758076672601,"U"
264507,71,34,0,0,DOWN,758164708201,"G"
264507,82,19,0,0,UP,758188595101,"R"
264507,69,18,0,0,DOWN,758268339301,"E"
264507,71,34,0,0,UP,758276318401,"G"
264507,69,18,0,0,UP,758372731201,"E"
264507,78,49,0,0,DOWN,758373586901,"N"
264507,78,49,0,0,UP,758436695601,"N"
264507,76,38,0,0,DOWN,758468398301,"L"
264507,76,38,0,0,UP,758524641001,"L"
264507,65,30,0,0,DOWN,758564679601,"A"
264507,65,30,0,0,UP,758612669001,"A"
264507,78,49,0,0,DOWN,758668649701,"N"
264507,78,49,0,0,UP,758732630801,"N"
264507,68,32,0,0,DOWN,758772778901,"D"
264507,70,33,0,0,DOWN,758868679201,"F"
264507,68,32,0,0,UP,758876646701,"D"
264507,70,33,0,0,UP,758948453801,"F"
264507,72,35,0,0,DOWN,758964736501,"H"
264507,66,48,0,0,DOWN,759068557401,"B"
264507,72,35,0,0,UP,759076644901,"H"
264507,85,22,0,0,DOWN,759164799601,"U"
264507,66,48,0,0,UP,759188427701,"B"
264507,82,19,0,0,DOWN,759268674101,"R"
264507,85,22,0,0,UP,759276655101,"U"
264507,71,34,0,0,DOWN,759364677601,"G"
264507,82,19,0,0,UP,759388419901,"R"
264507,69,18,0,0,DOWN,759468736901,"E"
264507,71,34,0,0,UP,759476282001,"G"
264507,78,49,0,0,DOWN,759564688201,"N"
264507,69,18,0,0,UP,759580791501,"E"
264507,78,49,0,0,UP,759628667701,"N"
264507,76,38,0,0,DOWN,759668747301,"L"
264507,76,38,0,0,UP,759724684201,"L"
264507,65,30,0,0,DOWN,759764636101,"A"
264507,65,30,0,0,UP,759812643001,"A"
264507,78,49,0,0,DOWN,759868705601,"N"
264507,78,49,0,0,UP,759932594601,"N"
264507,68,32,0,0,DOWN,759964680501,"D"
264507,70,33,0,0,DOWN,760068496501,"F"
264507,68,32,0,0,UP,760076754601,"D"
264507,70,33,0,0,UP,760140758201,"F"
264507,72,35,0,0,DOWN,760164611501,"H"
264507,66,48,0,0,DOWN,760268656701,"B"
264507,72,35,0,0,UP,760276661101,"H"
264507,85,22,0,0,DOWN,760372426701,"U"
264507,66,48,0,0,UP,760388765801,"B"
264507,82,19,0,0,DOWN,760468486401,"R"
264507,85,22,0,0,UP,760476729501,"U"
264507,71,34,0,0,DOWN,760572608301,"G"
264507,82,19,0,0,UP,760588907701,"R"
264507,69,18,0,0,DOWN,760668808501,"E"
264507,71,34,0,0,UP,760676647601,"G"
264507,69,18,0,0,UP,760772539301,"E"
264507,78,49,0,0,DOWN,760773493001,"N"
264507,78,49,0,0,UP,760836664501,"N"
264507,76,38,0,0,DOWN,760868731701,"L"
264507,76,38,0,0,UP,760924698701,"L"
264507,65,30,0,0,DOWN,760964663101,"A"
264507,65,30,0,0,UP,761012815601,"A"
264507,78,49,0,0,DOWN,761068667301,"N"
264507,78,49,0,0,UP,761132623701,"N"
264507,68,32,0,0,DOWN,761172678801,"D"
264507,70,33,0,0,DOWN,761268724301,"F"
264507,68,32,0,0,UP,761284697601,"D"
264507,70,33,0,0,UP,761348491201,"F"
264507,72,35,0,0,DOWN,761364686401,"H"
264507,66,48,0,0,DOWN,761468643101,"B"
264507,72,35,0,0,UP,761476722601,"H"
264507,85,22,0,0,DOWN,761564645401,"U"
264507,66,48,0,0,UP,761588756001,"B"
264507,82,19,0,0,DOWN,761668729001,"R"
264507,85,22,0,0,UP,761676670601,"U"
264507,71,34,0,0,DOWN,761764712401,"G"
264507,82,19,0,0,UP,761780681101,"R"
264507,69,18,0,0,DOWN,761868700401,"E"
264507,71,34,0,0,UP,761876563001,"G"
264507,78,49,0,0,DOWN,761964738701,"N"
264507,69,18,0,0,UP,761972730001,"E"
264507,78,49,0,0,UP,762036862601,"N"
264507,76,38,0,0,DOWN,762068718901,"L"
264507,76,38,0,0,UP,762124455801,"L"
264507,65,30,0,0,DOWN,762164699201,"A"
264507,65,30,0,0,UP,762212703601,"A"
264507,78,49,0,0,DOWN,762268716401,"N"
264507,78,49,0,0,UP,762332717101,"N"
264507,68,32,0,0,DOWN,762372731501,"D"
264507,70,33,0,0,DOWN,762468679401,"F"
264507,68,32,0,0,UP,762476687201,"D"
264507,70,33,0,0,UP,762541167001,"F"
264507,72,35,0,0,DOWN,762572734801,"H"
264507,66,48,0,0,DOWN,762668709901,"B"
264507,72,35,0,0,UP,762676733201,"H"
264507,85,22,0,0,DOWN,762772598701,"U"
264507,66,48,0,0,UP,762788694501,"B"
264507,82,19,0,0,DOWN,762868502701,"R"
264507,85,22,0,0,UP,762876714901,"U"
264507,71,34,0,0,DOWN,762972680701,"G"
264507,82,19,0,0,UP,762988614501,"R"
264507,69,18,0,0,DOWN,763068697401,"E"
264507,71,34,0,0,UP,763076724601,"G"
264507,78,49,0,0,DOWN,763164699501,"N"
264507,69,18,0,0,UP,763172702601,"E"
264507,78,49,0,0,UP,763228881801,"N"
264507,76,38,0,0,DOWN,763268717701,"L"
264507,76,38,0,0,UP,763324394601,"L"
264507,65,30,0,0,DOWN,763364807201,"A"
264507,65,30,0,0,UP,763412664801,"A"
264507,78,49,0,0,DOWN,763468727301,"N"
264507,78,49,0,0,UP,763532861001,"N"
264507,68,32,0,0,DOWN,763564794301,"D"
264507,70,33,0,0,DOWN,763668726601,"F"
264507,68,32,0,0,UP,763676498301,"D"
264507,70,33,0,0,UP,763740741101,"F"
264507,72,35,0,0,DOWN,763764710601,"H"
264507,66,48,0,0,DOWN,763868855401,"B"
264507,72,35,0,0,UP,763876373701,"H"
264507,85,22,0,0,DOWN,763964776001,"U"
264507,66,48,0,0,UP,763988823101,"B"
264507,82,19,0,0,DOWN,764068754401,"R"
264507,85,22,0,0,UP,764076608501,"U"
264507,71,34,0,0,DOWN,764164645501,"G"
264507,82,19,0,0,UP,764188707101,"R"
264507,69,18,0,0,DOWN,764268509201,"E"
264507,71,34,0,0,UP,764276502901,"G"
264507,78,49,0,0,DOWN,764372655301,"N"
264507,69,18,0,0,UP,764380706001,"E"
264507,78,49,0,0,UP,764428684201,"N"
264507,76,38,0,0,DOWN,764468839201,"L"
264507,76,38,0,0,UP,764532734301,"L"
264507,65,30,0,0,DOWN,764572780201,"A"
264507,65,30,0,0,UP,764612705701,"A"
264507,78,49,0,0,DOWN,764668778501,"N"
264507,78,49,0,0,UP,764733220201,"N"
264507,68,32,0,0,DOWN,764772870901,"D"
264507,70,33,0,0,DOWN,764868913001,"F"
264507,68,32,0,0,UP,764876668201,"D"
264507,70,33,0,0,UP,764948532301,"F"
264507,72,35,0,0,DOWN,764964759701,"H"
264507,66,48,0,0,DOWN,765068738301,"B"
264507,72,35,0,0,UP,765076548101,"H"
264507,85,22,0,0,DOWN,765164758501,"U"
264507,66,48,0,0,UP,765188708801,"B"
264507,82,19,0,0,DOWN,765268693101,"R"
264507,85,22,0,0,UP,765276748201,"U"
264507,71,34,0,0,DOWN,765364775601,"G"
264507,82,19,0,0,UP,765388910901,"R"
264507,69,18,0,0,DOWN,765468741201,"E"
264507,71,34,0,0,UP,765476745001,"G"
264507,78,49,0,0,DOWN,765564840301,"N"
264507,69,18,0,0,UP,765572699901,"E"
264507,78,49,0,0,UP,765628844901,"N"
264507,76,38,0,0,DOWN,765669025301,"L"
264507,76,38,0,0,UP,765724797101,"L"
264507,65,30,0,0,DOWN,765764740301,"A"
264507,65,30,0,0,UP,765812632001,"A"
264507,78,49,0,0,DOWN,765868741901,"N"
264507,78,49,0,0,UP,765924682001,"N"
264507,68,32,0,0,DOWN,765964745601,"D"
264507,70,33,0,0,DOWN,766068744201,"F"
264507,68,32,0,0,UP,766084689701,"D"
264507,70,33,0,0,UP,766140841101,"F"
264507,72,35,0,0,DOWN,766164762001,"H"
264507,66,48,0,0,DOWN,766268766901,"B"
264507,72,35,0,0,UP,766276428901,"H"
264507,85,22,0,0,DOWN,766372788001,"U"
264507,66,48,0,0,UP,766388740801,"B"
264507,82,19,0,0,DOWN,766468704201,"R"
264507,85,22,0,0,UP,766476552901,"U"
264507,71,34,0,0,DOWN,766572723001,"G"
264507,82,19,0,0,UP,766580706801,"R"
264507,69,18,0,0,DOWN,766668870701,"E"
264507,71,34,0,0,UP,766676661801,"G"
264507,69,18,0,0,UP,766772546801,"E"
264507,78,49,0,0,DOWN,766773327701,"N"
264507,78,49,0,0,UP,766836766601,"N"
264507,76,38,0,0,DOWN,766868540901,"L"
264507,76,38,0,0,UP,766924733101,"L"
264507,65,30,0,0,DOWN,766964511001,"A"
264507,65,30,0,0,UP,767012678701,"A"
264507,78,49,0,0,DOWN,767068721301,"N"
264507,78,49,0,0,UP,767132510401,"N"
264507,68,32,0,0,DOWN,767172761201,"D"
264507,70,33,0,0,DOWN,767268728501,"F"
264507,68,32,0,0,UP,767284782901,"D"
264507,70,33,0,0,UP,767348473301,"F"
264507,72,35,0,0,DOWN,767364463401,"H"
264507,66,48,0,0,DOWN,767468683501,"B"
264507,72,35,0,0,UP,767476646801,"H"
264507,85,22,0,0,DOWN,767564774801,"U"
264507,66,48,0,0,UP,767588728601,"B"
264507,82,19,0,0,DOWN,767668506901,"R"
264507,85,22,0,0,UP,767676827601,"U"
264507,71,34,0,0,DOWN,767764848001,"G"
264507,82,19,0,0,UP,767788807001,"R"
264507,69,18,0,0,DOWN,767868659601,"E"
264507,71,34,0,0,UP,767876313801,"G"
264507,78,49,0,0,DOWN,767964848901,"N"
264507,69,18,0,0,UP,767972690001,"E"
264507,78,49,0,0,UP,768036770201,"N"
264507,76,38,0,0,DOWN,768068720201,"L"
264507,76,38,0,0,UP,768124691201,"L"
264507,65,30,0,0,DOWN,768164743601,"A"
264507,65,30,0,0,UP,768212708301,"A"
264507,78,49,0,0,DOWN,768268749501,"N"
264507,78,49,0,0,UP,768324769701,"N"
264507,68,32,0,0,DOWN,768364797901,"D"
264507,70,33,0,0,DOWN,768468785301,"F"
264507,68,32,0,0,UP,768484825801,"D"
264507,70,33,0,0,UP,768540771201,"F"
264507,72,35,0,0,DOWN,768572854501,"H"
264507,66,48,0,0,DOWN,768668747801,"B"
264507,72,35,0,0,UP,768676711501,"H"
264507,85,22,0,0,DOWN,768772827401,"U"
264507,66,48,0,0,UP,768788757301,"B"
264507,82,19,0,0,DOWN,768868810901,"R"
264507,85,22,0,0,UP,768876793001,"U"
264507,71,34,0,0,DOWN,768972844901,"G"
264507,82,19,0,0,UP,768988737101,"R"
264507,69,18,0,0,DOWN,769068813001,"E"
264507,71,34,0,0,UP,769076719401,"G"
264507,78,49,0,0,DOWN,769164814001,"N"
264507,69,18,0,0,UP,769172728601,"E"
264507,78,49,0,0,UP,769228500901,"N"
264507,76,38,0,0,DOWN,769268722101,"L"
264507,76,38,0,0,UP,769324686201,"L"
264507,65,30,0,0,DOWN,769364784201,"A"
264507,65,30,0,0,UP,769412458801,"A"
264507,78,49,0,0,DOWN,769468887801,"N"
264507,78,49,0,0,UP,769524788801,"N"
264507,68,32,0,0,DOWN,769572748701,"D"
264507,70,33,0,0,DOWN,769668758701,"F"
264507,68,32,0,0,UP,769684770201,"D"
264507,70,33,0,0,UP,769740780501,"F"
264507,72,35,0,0,DOWN,769764703101,"H"
264507,66,48,0,0,DOWN,769868779301,"B"
264507,72,35,0,0,UP,769876736301,"H"
264507,85,22,0,0,DOWN,769964570701,"U"
264507,66,48,0,0,UP,769989070801,"B"
264507,82,19,0,0,DOWN,770068857401,"R"
264507,85,22,0,0,UP,770076714901,"U"
264507,71,34,0,0,DOWN,770164804101,"G"
264507,82,19,0,0,UP,770180734601,"R"
264507,69,18,0,0,DOWN,770268795901,"E"
264507,71,34,0,0,UP,770276778801,"G"
264507,78,49,0,0,DOWN,770364873701,"N"
264507,69,18,0,0,UP,770372872401,"E"
264507,78,49,0,0,UP,770428712401,"N"
264507,76,38,0,0,DOWN,770468772001,"L"
264507,76,38,0,0,UP,770524720201,"L"
264507,65,30,0,0,DOWN,770572789201,"A"
264507,65,30,0,0,UP,770612864701,"A"
264507,78,49,0,0,DOWN,770668827001,"N"
264507,78,49,0,0,UP,770732809201,"N"
264507,68,32,0,0,DOWN,770772791701,"D"
264507,70,33,0,0,DOWN,770868780901,"F"
264507,68,32,0,0,UP,770876783401,"D"
264507,70,33,0,0,UP,770948432701,"F"
264507,72,35,0,0,DOWN,770972850601,"H"
264507,66,48,0,0,DOWN,771068723801,"B"
264507,72,35,0,0,UP,771076705501,"H"
264507,85,22,0,0,DOWN,771164796101,"U"
264507,66,48,0,0,UP,771188777001,"B"
264507,82,19,0,0,DOWN,771268806701,"R"
264507,85,22,0,0,UP,771276836701,"U"
264507,71,34,0,0,DOWN,771364826801,"G"
264507,82,19,0,0,UP,771388877501,"R"
264507,69,18,0,0,DOWN,771468878801,"E"
264507,71,34,0,0,UP,771476756601,"G"
264507,78,49,0,0,DOWN,771564573801,"N"
264507,69,18,0,0,UP,771572909201,"E"
264507,78,49,0,0,UP,771628877701,"N"
264507,76,38,0,0,DOWN,771668804501,"L"
264507,76,38,0,0,UP,771724816301,"L"
264507,65,30,0,0,DOWN,771764800901,"A"
264507,65,30,0,0,UP,771812974201,"A"
264507,78,49,0,0,DOWN,771868869201,"N"
264507,78,49,0,0,UP,771924729001,"N"
264507,68,32,0,0,DOWN,771964831501,"D"
264507,70,33,0,0,DOWN,772068734301,"F"
264507,68,32,0,0,UP,772076712101,"D"
264507,70,33,0,0,UP,772148477801,"F"
264507,72,35,0,0,DOWN,772164790601,"H"
264507,66,48,0,0,DOWN,772268733701,"B"
264507,72,35,0,0,UP,772276718001,"H"
264507,85,22,0,0,DOWN,772364812001,"U"
264507,66,48,0,0,UP,772388769301,"B"
264507,82,19,0,0,DOWN,772468812501,"R"
264507,85,22,0,0,UP,772476757401,"U"
264507,71,34,0,0,DOWN,772572960701,"G"
264507,82,19,0,0,UP,772588813001,"R"
264507,69,18,0,0,DOWN,772668945001,"E"
264507,71,34,0,0,UP,772676791201,"G"
264507,69,18,0,0,UP,772772775501,"E"
264507,78,49,0,0,DOWN,772773864401,"N"
264507,78,49,0,0,UP,772828724101,"N"
264507,76,38,0,0,DOWN,772868795701,"L"
264507,76,38,0,0,UP,772924763801,"L"
264507,65,30,0,0,DOWN,772964542301,"A"
264507,65,30,0,0,UP,773012790501,"A"
264507,78,49,0,0,DOWN,773068501001,"N"
264507,78,49,0,0,UP,773124779401,"N"
264507,68,32,0,0,DOWN,773172951901,"D"
264507,70,33,0,0,DOWN,773268567801,"F"
264507,68,32,0,0,UP,773276463601,"D"
264507,70,33,0,0,UP,773348485801,"F"
264507,72,35,0,0,DOWN,773364512201,"H"
264507,66,48,0,0,DOWN,773468868201,"B"
264507,72,35,0,0,UP,773476478301,"H"
264507,85,22,0,0,DOWN,773564844001,"U"
264507,66,48,0,0,UP,773588843201,"B"
264507,82,19,0,0,DOWN,773668829501,"R"
264507,85,22,0,0,UP,773676672601,"U"
264507,71,34,0,0,DOWN,773764921101,"G"
264507,82,19,0,0,UP,773780782801,"R"
264507,69,18,0,0,DOWN,773868857401,"E"
264507,71,34,0,0,UP,773876784801,"G"
264507,78,49,0,0,DOWN,773964949901,"N"
264507,69,18,0,0,UP,773972770201,"E"
264507,78,49,0,0,UP,774028873601,"N"
264507,76,38,0,0,DOWN,774068850601,"L"
264507,76,38,0,0,UP,774124740601,"L"
264507,65,30,0,0,DOWN,774164920101,"A"
264507,65,30,0,0,UP,774212783201,"A"
264507,78,49,0,0,DOWN,774268790001,"N"
264507,78,49,0,0,UP,774324767201,"N"
264507,68,32,0,0,DOWN,774364937401,"D"
264507,70,33,0,0,DOWN,774468794901,"F"
264507,68,32,0,0,UP,774484740001,"D"
264507,70,33,0,0,UP,774540909401,"F"
264507,72,35,0,0,DOWN,774572858401,"H"
264507,66,48,0,0,DOWN,774668954501,"B"
264507,72,35,0,0,UP,774676824001,"H"
264507,85,22,0,0,DOWN,774772805501,"U"
264507,66,48,0,0,UP,774788827501,"B"
264507,82,19,0,0,DOWN,774868844301,"R"
264507,85,22,0,0,UP,774876835801,"U"
264507,71,34,0,0,DOWN,774972955701,"G"
264507,82,19,0,0,UP,774988782801,"R"
264507,69,18,0,0,DOWN,775068865501,"E"
264507,71,34,0,0,UP,775076819801,"G"
264507,69,18,0,0,UP,775164808801,"E"
264507,78,49,0,0,DOWN,775172515201,"N"
264507,78,49,0,0,UP,775228809201,"N"
264507,76,38,0,0,DOWN,775268830901,"L"
264507,76,38,0,0,UP,775332756701,"L"
264507,65,30,0,0,DOWN,775364844301,"A"
264507,65,30,0,0,UP,775412778401,"A"
264507,78,49,0,0,DOWN,775468744201,"N"
264507,78,49,0,0,UP,775524850601,"N"
264507,68,32,0,0,DOWN,775572915101,"D"
264507,70,33,0,0,DOWN,775668793801,"F"
264507,68,32,0,0,UP,775684564001,"D"
264507,70,33,0,0,UP,775740799001,"F"
264507,72,35,0,0,DOWN,775764905501,"H"
264507,66,48,0,0,DOWN,775868839101,"B"
264507,72,35,0,0,UP,775876720601,"H"
264507,85,22,0,0,DOWN,775964847301,"U"
264507,66,48,0,0,UP,775988719101,"B"
264507,82,19,0,0,DOWN,776068824501,"R"
264507,85,22,0,0,UP,776076776201,"U"
264507,71,34,0,0,DOWN,776164846001,"G"
264507,82,19,0,0,UP,776188783001,"R"
264507,69,18,0,0,DOWN,776268715501,"E"
264507,71,34,0,0,UP,776276385101,"G"
264507,69,18,0,0,UP,776364815201,"E"
264507,78,49,0,0,DOWN,776365632101,"N"
264507,78,49,0,0,UP,776428782701,"N"
264507,76,38,0,0,DOWN,776468777201,"L"
264507,76,38,0,0,UP,776524805001,"L"
264507,65,30,0,0,DOWN,776564786701,"A"
264507,65,30,0,0,UP,776612789201,"A"
264507,78,49,0,0,DOWN,776668974901,"N"
264507,78,49,0,0,UP,776732805101,"N"
264507,68,32,0,0,DOWN,776772850201,"D"
264507,70,33,0,0,DOWN,776868633501,"F"
264507,68,32,0,0,UP,776876761901,"D"
264507,70,33,0,0,UP,776940781801,"F"
264507,72,35,0,0,DOWN,776972937701,"H"
264507,72,35,0,0,UP,777068907101,"H"
264507,66,48,0,0,DOWN,777069775301,"B"
264507,85,22,0,0,DOWN,777172831101,"U"
264507,66,48,0,0,UP,777188826801,"B"
264507,82,19,0,0,DOWN,777268772501,"R"
264507,85,22,0,0,UP,777276757901,"U"
264507,71,34,0,0,DOWN,777364812701,"G"
264507,82,19,0,0,UP,777380786301,"R"
264507,69,18,0,0,DOWN,777468830401,"E"
264507,71,34,0,0,UP,777484679101,"G"
264507,69,18,0,0,UP,777564963701,"E"
264507,78,49,0,0,DOWN,777565687301,"N"
264507,78,49,0,0,UP,777628806801,"N"
264507,76,38,0,0,DOWN,777668872701,"L"
264507,76,38,0,0,UP,777724788501,"L"
264507,65,30,0,0,DOWN,777764643801,"A"
264507,65,30,0,0,UP,777812800001,"A"
264507,78,49,0,0,DOWN,777868812801,"N"
264507,78,49,0,0,UP,777924775701,"N"
264507,68,32,0,0,DOWN,777964882701,"D"
264507,70,33,0,0,DOWN,778068814601,"F"
264507,68,32,0,0,UP,778076828901,"D"
264507,70,33,0,0,UP,778148577601,"F"
264507,72,35,0,0,DOWN,778164642101,"H"
264507,66,48,0,0,DOWN,778268601401,"B"
264507,72,35,0,0,UP,778276780201,"H"
264507,85,22,0,0,DOWN,778364946901,"U"
264507,66,48,0,0,UP,778388702901,"B"
264507,82,19,0,0,DOWN,778468544701,"R"
264507,85,22,0,0,UP,778476837801,"U"
264507,71,34,0,0,DOWN,778564839001,"G"
264507,82,19,0,0,UP,778580948501,"R"
264507,69,18,0,0,DOWN,778668731301,"E"
264507,71,34,0,0,UP,778676842901,"G"
264507,69,18,0,0,UP,778772942701,"E"
264507,78,49,0,0,DOWN,778773848001,"N"
264507,78,49,0,0,UP,778828850301,"N"
264507,76,38,0,0,DOWN,778868640301,"L"
264507,76,38,0,0,UP,778924817001,"L"
264507,65,30,0,0,DOWN,778972936001,"A"
264507,65,30,0,0,UP,779012822101,"A"
264507,78,49,0,0,DOWN,779068571201,"N"
264507,78,49,0,0,UP,779124687901,"N"
264507,68,32,0,0,DOWN,779172848801,"D"
264507,70,33,0,0,DOWN,779268809201,"F"
264507,68,32,0,0,UP,779284773101,"D"
264507,70,33,0,0,UP,779340793001,"F"
264507,72,35,0,0,DOWN,779364825201,"H"
264507,66,48,0,0,DOWN,779468904901,"B"
264507,72,35,0,0,UP,779476892201,"H"
264507,85,22,0,0,DOWN,779564863301,"U"
264507,66,48,0,0,UP,779589011601,"B"
264507,82,19,0,0,DOWN,779669133201,"R"
264507,85,22,0,0,UP,779676882001,"U"
264507,71,34,0,0,DOWN,779764912001,"G"
264507,82,19,0,0,UP,779789019801,"R"
264507,69,18,0,0,DOWN,779868872201,"E"
264507,71,34,0,0,UP,779876784001,"G"
264507,69,18,0,0,UP,779964853301,"E"
264507,78,49,0,0,DOWN,779965709401,"N"
264507,78,49,0,0,UP,780028766901,"N"
264507,76,38,0,0,DOWN,780068931001,"L"
264507,76,38,0,0,UP,780124794401,"L"
264507,65,30,0,0,DOWN,780164914201,"A"
264507,65,30,0,0,UP,780212825601,"A"
264507,78,49,0,0,DOWN,780268842701,"N"
264507,78,49,0,0,UP,780324810501,"N"
264507,68,32,0,0,DOWN,780364887801,"D"
264507,70,33,0,0,DOWN,780468919501,"F"
264507,68,32,0,0,UP,780484970801,"D"
264507,70,33,0,0,UP,780540893401,"F"
264507,72,35,0,0,DOWN,780564929701,"H"
264507,66,48,0,0,DOWN,780668916101,"B"
264507,72,35,0,0,UP,780676618901,"H"
264507,85,22,0,0,DOWN,780772871701,"U"
264507,66,48,0,0,UP,780789194701,"B"
264507,82,19,0,0,DOWN,780868877201,"R"
264507,85,22,0,0,UP,780876889601,"U"
264507,71,34,0,0,DOWN,780972821601,"G"
264507,82,19,0,0,UP,780988998501,"R"
264507,69,18,0,0,DOWN,781068850701,"E"
264507,71,34,0,0,UP,781076897301,"G"
264507,78,49,0,0,DOWN,781172958501,"N"
264507,69,18,0,0,UP,781180848801,"E"
264507,78,49,0,0,UP,781228829201,"N"
264507,76,38,0,0,DOWN,781268900701,"L"
264507,76,38,0,0,UP,781324979301,"L"
264507,65,30,0,0,DOWN,781364855401,"A"
264507,65,30,0,0,UP,781412679801,"A"
264507,78,49,0,0,DOWN,781468849701,"N"
264507,78,49,0,0,UP,781524873701,"N"
264507,68,32,0,0,DOWN,781572858901,"D"
264507,70,33,0,0,DOWN,781668662201,"F"
264507,68,32,0,0,UP,781684864901,"D"
264507,70,33,0,0,UP,781748683901,"F"
264507,72,35,0,0,DOWN,781764858501,"H"
264507,66,48,0,0,DOWN,781868842701,"B"
264507,72,35,0,0,UP,781876455801,"H"
264507,85,22,0,0,DOWN,781964862001,"U"
264507,66,48,0,0,UP,781988895801,"B"
264507,82,19,0,0,DOWN,782068917101,"R"
264507,85,22,0,0,UP,782076797201,"U"
264507,71,34,0,0,DOWN,782164881201,"G"
264507,82,19,0,0,UP,782188946301,"R"
264507,69,18,0,0,DOWN,782269327701,"E"
264507,71,34,0,0,UP,782276919301,"G"
264507,69,18,0,0,UP,782365009201,"E"
264507,78,49,0,0,DOWN,782365808001,"N"
264507,78,49,0,0,UP,782428794901,"N"
264507,76,38,0,0,DOWN,782468980101,"L"
264507,76,38,0,0,UP,782524806401,"L"
264507,65,30,0,0,DOWN,782565028801,"A"
264507,65,30,0,0,UP,782612858601,"A"
264507,78,49,0,0,DOWN,782668941601,"N"
264507,78,49,0,0,UP,782732905301,"N"
264507,68,32,0,0,DOWN,782772906501,"D"
264507,70,33,0,0,DOWN,782868915501,"F"
264507,68,32,0,0,UP,782876856101,"D"
264507,70,33,0,0,UP,782940847101,"F"
264507,72,35,0,0,DOWN,782972946501,"H"
264507,66,48,0,0,DOWN,783068903801,"B"
264507,72,35,0,0,UP,783076853301,"H"
264507,85,22,0,0,DOWN,783172848801,"U"
264507,66,48,0,0,UP,783188758101,"B"
264507,82,19,0,0,DOWN,783268917101,"R"
264507,85,22,0,0,UP,783276832301,"U"
264507,71,34,0,0,DOWN,783372838101,"G"
264507,82,19,0,0,UP,783388717801,"R"
264507,69,18,0,0,DOWN,783468851301,"E"
264507,71,34,0,0,UP,783476848201,"G"
264507,78,49,0,0,DOWN,783564889201,"N"
264507,69,18,0,0,UP,783572996201,"E"
264507,78,49,0,0,UP,783628964201,"N"
264507,76,38,0,0,DOWN,783668941101,"L"
264507,76,38,0,0,UP,783724895901,"L"
264507,65,30,0,0,DOWN,783764965601,"A"
264507,65,30,0,0,UP,783812893601,"A"
264507,78,49,0,0,DOWN,783868904901,"N"
264507,78,49,0,0,UP,783924824401,"N"
264507,68,32,0,0,DOWN,783964888301,"D"
264507,70,33,0,0,DOWN,784068906601,"F"
264507,68,32,0,0,UP,784076802401,"D"
264507,70,33,0,0,UP,784140858401,"F"
264507,72,35,0,0,DOWN,784164931501,"H"
264507,66,48,0,0,DOWN,784268910701,"B"
264507,72,35,0,0,UP,784276800101,"H"
264507,85,22,0,0,DOWN,784364913801,"U"
264507,66,48,0,0,UP,784389104201,"B"
264507,82,19,0,0,DOWN,784468834101,"R"
264507,85,22,0,0,UP,784476659001,"U"
264507,71,34,0,0,DOWN,784564920701,"G"
264507,82,19,0,0,UP,784588897901,"R"
264507,69,18,0,0,DOWN,784668938901,"E"
264507,71,34,0,0,UP,784676486301,"G"
264507,69,18,0,0,UP,784772787401,"E"
264507,78,49,0,0,DOWN,784773778301,"N"
264507,78,49,0,0,UP,784828841301,"N"
264507,76,38,0,0,DOWN,784868607001,"L"
264507,76,38,0,0,UP,784932830201,"L"
264507,65,30,0,0,DOWN,784972804901,"A"
264507,65,30,0,0,UP,785012927201,"A"
264507,78,49,0,0,DOWN,785068945901,"N"
264507,78,49,0,0,UP,785132965001,"N"
264507,68,32,0,0,DOWN,785172955601,"D"
264507,70,33,0,0,DOWN,785268908001,"F"
264507,68,32,0,0,UP,785276863601,"D"
264507,70,33,0,0,UP,785348792001,"F"
264507,72,35,0,0,DOWN,785364925801,"H"
264507,66,48,0,0,DOWN,785468817401,"B"
264507,72,35,0,0,UP,785484848901,"H"
264507,85,22,0,0,DOWN,785565043601,"U"
264507,66,48,0,0,UP,785588863201,"B"
264507,82,19,0,0,DOWN,785668962901,"R"
264507,85,22,0,0,UP,785684832201,"U"
264507,71,34,0,0,DOWN,785764876501,"G"
264507,82,19,0,0,UP,785789048501,"R"
264507,69,18,0,0,DOWN,785868948401,"E"
264507,71,34,0,0,UP,785876866501,"G"
264507,78,49,0,0,DOWN,785964934401,"N"
264507,69,18,0,0,UP,785972788201,"E"
264507,78,49,0,0,UP,786028934201,"N"
264507,76,38,0,0,DOWN,786068859201,"L"
264507,76,38,0,0,UP,786132851501,"L"
264507,65,30,0,0,DOWN,786165045701,"A"
264507,65,30,0,0,UP,786213033501,"A"
264507,78,49,0,0,DOWN,786268938201,"N"
264507,78,49,0,0,UP,786324838601,"N"
264507,68,32,0,0,DOWN,786364913001,"D"
264507,70,33,0,0,DOWN,786468890801,"F"
264507,68,32,0,0,UP,786476784901,"D"
264507,70,33,0,0,UP,786548802501,"F"
264507,72,35,0,0,DOWN,786564853501,"H"
264507,66,48,0,0,DOWN,786668954201,"B"
264507,72,35,0,0,UP,786676898601,"H"
264507,85,22,0,0,DOWN,786772950101,"U"
264507,66,48,0,0,UP,786788887601,"B"
264507,82,19,0,0,DOWN,786868958601,"R"
264507,85,22,0,0,UP,786877022701,"U"
264507,71,34,0,0,DOWN,786972890801,"G"
264507,82,19,0,0,UP,786980903001,"R"
264507,69,18,0,0,DOWN,787068991701,"E"
264507,71,34,0,0,UP,787076837001,"G"
264507,69,18,0,0,UP,787164935301,"E"
264507,78,49,0,0,DOWN,787172947101,"N"
264507,78,49,0,0,UP,787228855401,"N"
264507,76,38,0,0,DOWN,787269035701,"L"
264507,76,38,0,0,UP,787332879201,"L"
264507,65,30,0,0,DOWN,787364893501,"A"
264507,65,30,0,0,UP,787412899001,"A"
264507,78,49,0,0,DOWN,787468946401,"N"
264507,78,49,0,0,UP,787516816801,"N"
264507,68,32,0,0,DOWN,787572871701,"D"
264507,70,33,0,0,DOWN,787668951301,"F"
264507,68,32,0,0,UP,787684939001,"D"
264507,70,33,0,0,UP,787748917101,"F"
264507,72,35,0,0,DOWN,787764946601,"H"
264507,66,48,0,0,DOWN,787868928201,"B"
264507,72,35,0,0,UP,787876898501,"H"
264507,85,22,0,0,DOWN,787964963301,"U"
264507,66,48,0,0,UP,787988865201,"B"
264507,82,19,0,0,DOWN,788068936601,"R"
264507,85,22,0,0,UP,788076861701,"U"
264507,71,34,0,0,DOWN,788165003801,"G"
264507,82,19,0,0,UP,788188933101,"R"
264507,69,18,0,0,DOWN,788268918601,"E"
264507,71,34,0,0,UP,788276990601,"G"
264507,78,49,0,0,DOWN,788364839701,"N"
264507,69,18,0,0,UP,788372633401,"E"
264507,78,49,0,0,UP,788428872401,"N"
264507,76,38,0,0,DOWN,788468958701,"L"
264507,76,38,0,0,UP,788524964701,"L"
264507,65,30,0,0,DOWN,788564913601,"A"
264507,65,30,0,0,UP,788604889201,"A"
264507,78,49,0,0,DOWN,788668810101,"N"
264507,78,49,0,0,UP,788725013601,"N"
264507,68,32,0,0,DOWN,788772945701,"D"
264507,70,33,0,0,DOWN,788869413101,"F"
264507,68,32,0,0,UP,788884783401,"D"
264507,70,33,0,0,UP,788940956501,"F"
264507,72,35,0,0,DOWN,788972927501,"H"
264507,66,48,0,0,DOWN,789068913001,"B"
264507,72,35,0,0,UP,789076902201,"H"
264507,85,22,0,0,DOWN,789173024001,"U"
264507,66,48,0,0,UP,789188916601,"B"
264507,82,19,0,0,DOWN,789268952101,"R"
264507,85,22,0,0,UP,789276873701,"U"
264507,71,34,0,0,DOWN,789372974501,"G"
264507,82,19,0,0,UP,789389062301,"R"
264507,69,18,0,0,DOWN,789468901101,"E"
264507,71,34,0,0,UP,789476787201,"G"
264507,78,49,0,0,DOWN,789564918201,"N"
264507,69,18,0,0,UP,789572896901,"E"
264507,78,49,0,0,UP,789628950601,"N"
264507,76,38,0,0,DOWN,789668785001,"L"
264507,76,38,0,0,UP,789724870201,"L"
264507,65,30,0,0,DOWN,789764970801,"A"
264507,65,30,0,0,UP,789812954401,"A"
264507,78,49,0,0,DOWN,789868880801,"N"
264507,78,49,0,0,UP,789924859201,"N"
264507,68,32,0,0,DOWN,789972974001,"D"
264507,70,33,0,0,DOWN,790068946401,"F"
264507,68,32,0,0,UP,790084822101,"D"
264507,70,33,0,0,UP,790148927901,"F"
264507,72,35,0,0,DOWN,790164884201,"H"
264507,66,48,0,0,DOWN,790268948401,"B"
264507,72,35,0,0,UP,790276565601,"H"
264507,85,22,0,0,DOWN,790365003301,"U"
264507,66,48,0,0,UP,790396932201,"B"
264507,82,19,0,0,DOWN,790468743001,"R"
264507,85,22,0,0,UP,790476714901,"U"
264507,71,34,0,0,DOWN,790565028701,"G"
264507,82,19,0,0,UP,790589069401,"R"
264507,69,18,0,0,DOWN,790668816001,"E"
264507,71,34,0,0,UP,790676742901,"G"
264507,69,18,0,0,UP,790764996301,"E"
264507,78,49,0,0,DOWN,790765788001,"N"
264507,78,49,0,0,UP,790828873201,"N"
264507,76,38,0,0,DOWN,790868973001,"L"
264507,76,38,0,0,UP,790924909301,"L"
264507,65,30,0,0,DOWN,790972809501,"A"
264507,65,30,0,0,UP,791013130401,"A"
264507,78,49,0,0,DOWN,791069048601,"N"
264507,78,49,0,0,UP,791132933801,"N"
264507,68,32,0,0,DOWN,791172973201,"D"
264507,70,33,0,0,DOWN,791269002301,"F"
264507,68,32,0,0,UP,791277046601,"D"
264507,70,33,0,0,UP,791340918701,"F"
264507,72,35,0,0,DOWN,791372923601,"H"
264507,66,48,0,0,DOWN,791469022401,"B"
264507,72,35,0,0,UP,791477062701,"H"
264507,85,22,0,0,DOWN,791564927801,"U"
264507,66,48,0,0,UP,791589053001,"B"
264507,82,19,0,0,DOWN,791668935901,"R"
264507,85,22,0,0,UP,791676974801,"U"
264507,71,34,0,0,DOWN,791764821801,"G"
264507,82,19,0,0,UP,791788991801,"R"
264507,69,18,0,0,DOWN,791868994301,"E"
264507,71,34,0,0,UP,791877025401,"G"
264507,78,49,0,0,DOWN,791965128301,"N"
264507,69,18,0,0,UP,791972890201,"E"
264507,78,49,0,0,UP,792028936901,"N"
264507,76,38,0,0,DOWN,792068940601,"L"
264507,76,38,0,0,UP,792124655401,"L"
264507,65,30,0,0,DOWN,792164972601,"A"
264507,65,30,0,0,UP,792212916201,"A"
264507,78,49,0,0,DOWN,792268938201,"N"
264507,78,49,0,0,UP,792324922701,"N"
264507,68,32,0,0,DOWN,792364984501,"D"
264507,70,33,0,0,DOWN,792469024701,"F"
264507,68,32,0,0,UP,792476891501,"D"
264507,70,33,0,0,UP,792541014801,"F"
264507,72,35,0,0,DOWN,792564961301,"H"
264507,66,48,0,0,DOWN,792668806801,"B"
264507,72,35,0,0,UP,792676978301,"H"
264507,85,22,0,0,DOWN,792764899601,"U"
264507,66,48,0,0,UP,792788882201,"B"
264507,82,19,0,0,DOWN,792868962501,"R"
264507,85,22,0,0,UP,792876962401,"U"
264507,71,34,0,0,DOWN,792964979501,"G"
264507,82,19,0,0,UP,792989147101,"R"
264507,71,34,0,0,UP,793068933401,"G"
264507,69,18,0,0,DOWN,793069743601,"E"
264507,69,18,0,0,UP,793173136601,"E"
264507,78,49,0,0,DOWN,793173924001,"N"
264507,78,49,0,0,UP,793228690801,"N"
264507,76,38,0,0,DOWN,793268755901,"L"
264507,76,38,0,0,UP,793332926601,"L"
264507,65,30,0,0,DOWN,793373015101,"A"
264507,65,30,0,0,UP,793412691501,"A"
264507,78,49,0,0,DOWN,793468991001,"N"
264507,78,49,0,0,UP,793524898001,"N"
264507,68,32,0,0,DOWN,793572985001,"D"
264507,70,33,0,0,DOWN,793669095801,"F"
264507,68,32,0,0,UP,793677011401,"D"
264507,70,33,0,0,UP,793740930401,"F"
264507,72,35,0,0,DOWN,793764736801,"H"
264507,66,48,0,0,DOWN,793869065001,"B"
264507,72,35,0,0,UP,793885047101,"H"
264507,85,22,0,0,DOWN,793964981901,"U"
264507,66,48,0,0,UP,793988943201,"B"
264507,82,19,0,0,DOWN,794068995901,"R"
264507,85,22,0,0,UP,794084908701,"U"
264507,71,34,0,0,DOWN,794164913501,"G"
264507,82,19,0,0,UP,794188929201,"R"
264507,69,18,0,0,DOWN,794268987401,"E"
264507,71,34,0,0,UP,794276962601,"G"
264507,69,18,0,0,UP,794364995701,"E"
264507,78,49,0,0,DOWN,794366080501,"N"
264507,78,49,0,0,UP,794429036901,"N"
264507,76,38,0,0,DOWN,794469148001,"L"
264507,76,38,0,0,UP,794524913901,"L"
264507,65,30,0,0,DOWN,794565051901,"A"
264507,65,30,0,0,UP,794613267401,"A"
264507,78,49,0,0,DOWN,794668685401,"N"
264507,78,49,0,0,UP,794732935501,"N"
264507,68,32,0,0,DOWN,794764970501,"D"
264507,70,33,0,0,DOWN,794868940001,"F"
264507,68,32,0,0,UP,794884976401,"D"
264507,70,33,0,0,UP,794940969701,"F"
264507,72,35,0,0,DOWN,794964784501,"H"
264507,66,48,0,0,DOWN,795068941401,"B"
264507,72,35,0,0,UP,795076911901,"H"
264507,85,22,0,0,DOWN,795172969301,"U"
264507,66,48,0,0,UP,795189017401,"B"
264507,82,19,0,0,DOWN,795269010901,"R"
264507,85,22,0,0,UP,795276939701,"U"
264507,71,34,0,0,DOWN,795372991101,"G"
264507,82,19,0,0,UP,795380858601,"R"
264507,69,18,0,0,DOWN,795469017001,"E"
264507,71,34,0,0,UP,795476978301,"G"
264507,78,49,0,0,DOWN,795572836101,"N"
264507,69,18,0,0,UP,795588922901,"E"
264507,78,49,0,0,UP,795628985301,"N"
264507,76,38,0,0,DOWN,795668953101,"L"
264507,76,38,0,0,UP,795733097301,"L"
264507,65,30,0,0,DOWN,795765031801,"A"
264507,65,30,0,0,UP,795812957401,"A"
264507,78,49,0,0,DOWN,795868966901,"N"
264507,78,49,0,0,UP,795932787101,"N"
264507,68,32,0,0,DOWN,795973018201,"D"
264507,70,33,0,0,DOWN,796068830701,"F"
264507,68,32,0,0,UP,796084898801,"D"
264507,70,33,0,0,UP,796141068001,"F"
264507,72,35,0,0,DOWN,796165047801,"H"
264507,66,48,0,0,DOWN,796269035701,"B"
264507,72,35,0,0,UP,796276943401,"H"
264507,85,22,0,0,DOWN,796364983001,"U"
264507,66,48,0,0,UP,796388985301,"B"
264507,82,19,0,0,DOWN,796468991701,"R"
264507,85,22,0,0,UP,796476993001,"U"
264507,71,34,0,0,DOWN,796564814401,"G"
264507,82,19,0,0,UP,796588999001,"R"
264507,69,18,0,0,DOWN,796669040601,"E"
264507,71,34,0,0,UP,796676699101,"G"
264507,78,49,0,0,DOWN,796764746701,"N"
264507,69,18,0,0,UP,796772827501,"E"
264507,78,49,0,0,UP,796837161101,"N"
264507,76,38,0,0,DOWN,796868785101,"L"
264507,76,38,0,0,UP,796924952101,"L"
264507,65,30,0,0,DOWN,796964714701,"A"
264507,65,30,0,0,UP,797004947801,"A"
264507,78,49,0,0,DOWN,797068973801,"N"
264507,78,49,0,0,UP,797132985901,"N"
264507,68,32,0,0,DOWN,797173003201,"D"
264507,70,33,0,0,DOWN,797269072901,"F"
264507,68,32,0,0,UP,797284810601,"D"
264507,70,33,0,0,UP,797341027201,"F"
264507,72,35,0,0,DOWN,797372991901,"H"
264507,66,48,0,0,DOWN,797468992501,"B"
264507,72,35,0,0,UP,797477024301,"H"
264507,85,22,0,0,DOWN,797573111901,"U"
264507,66,48,0,0,UP,797589256201,"B"
264507,82,19,0,0,DOWN,797669024901,"R"
264507,85,22,0,0,UP,797676968301,"U"
264507,71,34,0,0,DOWN,797772990101,"G"
264507,82,19,0,0,UP,797788999501,"R"
264507,69,18,0,0,DOWN,797869017001,"E"
264507,71,34,0,0,UP,797877044601,"G"
264507,78,49,0,0,DOWN,797964955201,"N"
264507,69,18,0,0,UP,797972934301,"E"
264507,78,49,0,0,UP,798028921201,"N"
264507,76,38,0,0,DOWN,798068865901,"L"
264507,76,38,0,0,UP,798124974001,"L"
264507,65,30,0,0,DOWN,798164960001,"A"
264507,65,30,0,0,UP,798213005801,"A"
264507,78,49,0,0,DOWN,798268944501,"N"
264507,78,49,0,0,UP,798333003701,"N"
264507,68,32,0,0,DOWN,798372754201,"D"
264507,70,33,0,0,DOWN,798469024901,"F"
264507,68,32,0,0,UP,798484971401,"D"
264507,70,33,0,0,UP,798541003101,"F"
264507,72,35,0,0,DOWN,798565008401,"H"
264507,66,48,0,0,DOWN,798669061601,"B"
264507,72,35,0,0,UP,798676805801,"H"
264507,85,22,0,0,DOWN,798765124701,"U"
264507,66,48,0,0,UP,798797331301,"B"
264507,82,19,0,0,DOWN,798869063001,"R"
264507,85,22,0,0,UP,798876820401,"U"
264507,71,34,0,0,DOWN,798965033001,"G"
264507,82,19,0,0,UP,798988941701,"R"
264507,69,18,0,0,DOWN,799068906001,"E"
264507,71,34,0,0,UP,799076987801,"G"
264507,69,18,0,0,UP,799172979901,"E"
264507,78,49,0,0,DOWN,799173838501,"N"
264507,78,49,0,0,UP,799236993401,"N"
264507,76,38,0,0,DOWN,799268798701,"L"
264507,76,38,0,0,UP,799332768301,"L"
264507,65,30,0,0,DOWN,799373024601,"A"
264507,65,30,0,0,UP,799412987301,"A"
264507,78,49,0,0,DOWN,799469036401,"N"
264507,78,49,0,0,UP,799533054101,"N"
264507,68,32,0,0,DOWN,799572726101,"D"
264507,70,33,0,0,DOWN,799669013101,"F"
264507,68,32,0,0,UP,799684804401,"D"
264507,70,33,0,0,UP,799749051301,"F"
264507,72,35,0,0,DOWN,799773040101,"H"
264507,66,48,0,0,DOWN,799868981701,"B"
264507,72,35,0,0,UP,799876866901,"H"
264507,85,22,0,0,DOWN,799965036201,"U"
264507,66,48,0,0,UP,799989071701,"B"
264507,82,19,0,0,DOWN,800068973001,"R"
264507,85,22,0,0,UP,800076987401,"U"
264507,71,34,0,0,DOWN,800165043801,"G"
264507,82,19,0,0,UP,800189106601,"R"
264507,69,18,0,0,DOWN,800268927401,"E"
264507,71,34,0,0,UP,800277107301,"G"
264507,78,49,0,0,DOWN,800365020201,"N"
264507,69,18,0,0,UP,800372986401,"E"
264507,78,49,0,0,UP,800428996601,"N"
264507,76,38,0,0,DOWN,800469023401,"L"
264507,76,38,0,0,UP,800525222301,"L"
264507,65,30,0,0,DOWN,800565029001,"A"
264507,65,30,0,0,UP,800613002501,"A"
264507,78,49,0,0,DOWN,800668967401,"N"
264507,78,49,0,0,UP,800740981501,"N"
264507,68,32,0,0,DOWN,800764965601,"D"
264507,70,33,0,0,DOWN,800869021801,"F"
264507,68,32,0,0,UP,800876962901,"D"
264507,70,33,0,0,UP,800940736201,"F"
264507,72,35,0,0,DOWN,800965056601,"H"
264507,66,48,0,0,DOWN,801069025301,"B"
264507,72,35,0,0,UP,801077006601,"H"
264507,85,22,0,0,DOWN,801165011501,"U"
264507,66,48,0,0,UP,801196997701,"B"
264507,82,19,0,0,DOWN,801269034501,"R"
264507,85,22,0,0,UP,801276849401,"U"
264507,71,34,0,0,DOWN,801373025501,"G"
264507,82,19,0,0,UP,801389010001,"R"
264507,69,18,0,0,DOWN,801469032101,"E"
264507,71,34,0,0,UP,801476840501,"G"
264507,69,18,0,0,UP,801564990501,"E"
264507,78,49,0,0,DOWN,801572976001,"N"
264507,78,49,0,0,UP,801628746601,"N"
264507,76,38,0,0,DOWN,801669034101,"L"
264507,76,38,0,0,UP,801724987201,"L"
264507,65,30,0,0,DOWN,801765200001,"A"
264507,65,30,0,0,UP,801812965101,"A"
264507,78,49,0,0,DOWN,801868965001,"N"
264507,78,49,0,0,UP,801933002801,"N"
264507,68,32,0,0,DOWN,801973054701,"D"
264507,70,33,0,0,DOWN,802068799701,"F"
264507,68,32,0,0,UP,802084835901,"D"
264507,70,33,0,0,UP,802149055401,"F"
264507,72,35,0,0,DOWN,802165067801,"H"
264507,66,48,0,0,DOWN,802269037301,"B"
264507,72,35,0,0,UP,802284820601,"H"
264507,85,22,0,0,DOWN,802365021301,"U"
264507,66,48,0,0,UP,802388996001,"B"
264507,82,19,0,0,DOWN,802469003801,"R"
264507,85,22,0,0,UP,802477012801,"U"
264507,71,34,0,0,DOWN,802565109601,"G"
264507,82,19,0,0,UP,802588899101,"R"
264507,69,18,0,0,DOWN,802668798301,"E"
264507,71,34,0,0,UP,802677024901,"G"
264507,78,49,0,0,DOWN,802765028901,"N"
264507,69,18,0,0,UP,802772999201,"E"
264507,78,49,0,0,UP,802829011301,"N"
264507,76,38,0,0,DOWN,802868976001,"L"
264507,76,38,0,0,UP,802925019401,"L"
264507,65,30,0,0,DOWN,802965069901,"A"
264507,65,30,0,0,UP,803013077901,"A"
264507,78,49,0,0,DOWN,803068753301,"N"
264507,78,49,0,0,UP,803133026601,"N"
264507,68,32,0,0,DOWN,803165097201,"D"
264507,70,33,0,0,DOWN,803269093901,"F"
264507,68,32,0,0,UP,803284704001,"D"
264507,70,33,0,0,UP,803340964501,"F"
264507,72,35,0,0,DOWN,803373056701,"H"
264507,66,48,0,0,DOWN,803468921001,"B"
264507,72,35,0,0,UP,803477089701,"H"
264507,85,22,0,0,DOWN,803573090601,"U"
264507,66,48,0,0,UP,803597116101,"B"
264507,82,19,0,0,DOWN,803668847501,"R"
264507,85,22,0,0,UP,803676829701,"U"
264507,71,34,0,0,DOWN,803773102701,"G"
264507,82,19,0,0,UP,803789141201,"R"
264507,69,18,0,0,DOWN,803869188901,"E"
264507,71,34,0,0,UP,803877038601,"G"
264507,78,49,0,0,DOWN,803965225701,"N"
264507,69,18,0,0,UP,803972912401,"E"
264507,78,49,0,0,UP,804036778801,"N"
264507,76,38,0,0,DOWN,804069151601,"L"
264507,76,38,0,0,UP,804125026901,"L"
264507,65,30,0,0,DOWN,804165072801,"A"
264507,65,30,0,0,UP,804213202301,"A"
264507,78,49,0,0,DOWN,804269034201,"N"
264507,78,49,0,0,UP,804332781701,"N"
264507,68,32,0,0,DOWN,804373090401,"D"
264507,70,33,0,0,DOWN,804469141201,"F"
264507,68,32,0,0,UP,804485117901,"D"
264507,70,33,0,0,UP,804548819201,"F"
264507,72,35,0,0,DOWN,804565076801,"H"
264507,66,48,0,0,DOWN,804669043901,"B"
264507,72,35,0,0,UP,804677046901,"H"
264507,85,22,0,0,DOWN,804765064301,"U"
264507,66,48,0,0,UP,804789053401,"B"
264507,82,19,0,0,DOWN,804869265401,"R"
264507,85,22,0,0,UP,804877777101,"U"
264507,71,34,0,0,DOWN,804965174001,"G"
264507,82,19,0,0,UP,804988886801,"R"
264507,69,18,0,0,DOWN,805069058801,"E"
264507,71,34,0,0,UP,805076980401,"G"
264507,78,49,0,0,DOWN,805164981401,"N"
264507,69,18,0,0,UP,805172831501,"E"
264507,78,49,0,0,UP,805236873401,"N"
264507,76,38,0,0,DOWN,805269070101,"L"
264507,76,38,0,0,UP,805324986701,"L"
264507,65,30,0,0,DOWN,805373144901,"A"
264507,65,30,0,0,UP,805413026601,"A"
264507,78,49,0,0,DOWN,805469100801,"N"
264507,78,49,0,0,UP,805533079601,"N"
264507,68,32,0,0,DOWN,805573049201,"D"
264507,70,33,0,0,DOWN,805669132801,"F"
264507,68,32,0,0,UP,805677026701,"D"
264507,70,33,0,0,UP,805740859601,"F"
264507,72,35,0,0,DOWN,805772930601,"H"
264507,66,48,0,0,DOWN,805869100601,"B"
264507,72,35,0,0,UP,805877156501,"H"
264507,85,22,0,0,DOWN,805972989901,"U"
264507,66,48,0,0,UP,805988852101,"B"
264507,82,19,0,0,DOWN,806069291001,"R"
264507,85,22,0,0,UP,806076862201,"U"
264507,71,34,0,0,DOWN,806164765301,"G"
264507,82,19,0,0,UP,806188993701,"R"
264507,69,18,0,0,DOWN,806269146101,"E"
264507,71,34,0,0,UP,806277017701,"G"
264507,69,18,0,0,UP,806365156501,"E"
264507,78,49,0,0,DOWN,806366030801,"N"
264507,78,49,0,0,UP,806429235701,"N"
264507,76,38,0,0,DOWN,806469085801,"L"
264507,76,38,0,0,UP,806525094501,"L"
264507,65,30,0,0,DOWN,806565027201,"A"
264507,65,30,0,0,UP,806613042601,"A"
264507,78,49,0,0,DOWN,806669105001,"N"
264507,78,49,0,0,UP,806733085801,"N"
264507,68,32,0,0,DOWN,806765033701,"D"
264507,70,33,0,0,DOWN,806869057001,"F"
264507,68,32,0,0,UP,806877181401,"D"
264507,70,33,0,0,UP,806941050401,"F"
264507,72,35,0,0,DOWN,806964878101,"H"
264507,66,48,0,0,DOWN,807069183901,"B"
264507,72,35,0,0,UP,807076771001,"H"
264507,85,22,0,0,DOWN,807165108001,"U"
264507,66,48,0,0,UP,807197133701,"B"
264507,82,19,0,0,DOWN,807269071801,"R"
264507,85,22,0,0,UP,807276798301,"U"
264507,71,34,0,0,DOWN,807373111101,"G"
264507,82,19,0,0,UP,807381040401,"R"
264507,69,18,0,0,DOWN,807468980501,"E"
264507,71,34,0,0,UP,807477037601,"G"
264507,69,18,0,0,UP,807573218401,"E"
264507,78,49,0,0,DOWN,807574162701,"N"
264507,78,49,0,0,UP,807637103301,"N"
264507,76,38,0,0,DOWN,807669098501,"L"
264507,76,38,0,0,UP,807733111501,"L"
264507,65,30,0,0,DOWN,807773119001,"A"
264507,65,30,0,0,UP,807812795701,"A"
264507,78,49,0,0,DOWN,807869153701,"N"
264507,78,49,0,0,UP,807933114001,"N"
264507,68,32,0,0,DOWN,807973056501,"D"
264507,70,33,0,0,DOWN,808069032401,"F"
264507,68,32,0,0,UP,808076990901,"D"
264507,70,33,0,0,UP,808141179301,"F"
264507,72,35,0,0,DOWN,808165145701,"H"
264507,66,48,0,0,DOWN,808269222201,"B"
264507,72,35,0,0,UP,808277062001,"H"
264507,85,22,0,0,DOWN,808365093801,"U"
264507,66,48,0,0,UP,808389108901,"B"
264507,82,19,0,0,DOWN,808469025801,"R"
264507,85,22,0,0,UP,808477169301,"U"
264507,71,34,0,0,DOWN,808565057801,"G"
264507,82,19,0,0,UP,808589137401,"R"
264507,69,18,0,0,DOWN,808669044501,"E"
264507,71,34,0,0,UP,808677065201,"G"
264507,78,49,0,0,DOWN,808765124001,"N"
264507,69,18,0,0,UP,808781203801,"E"
264507,78,49,0,0,UP,808829142201,"N"
264507,76,38,0,0,DOWN,808869100601,"L"
264507,76,38,0,0,UP,808925005101,"L"
264507,65,30,0,0,DOWN,808965064301,"A"
264507,65,30,0,0,UP,809013099701,"A"
264507,78,49,0,0,DOWN,809069088201,"N"
264507,78,49,0,0,UP,809133036501,"N"
264507,68,32,0,0,DOWN,809165035301,"D"
264507,70,33,0,0,DOWN,809268998201,"F"
264507,68,32,0,0,UP,809277042101,"D"
264507,70,33,0,0,UP,809341052501,"F"
264507,72,35,0,0,DOWN,809373158701,"H"
264507,66,48,0,0,DOWN,809469054901,"B"
264507,72,35,0,0,UP,809477005701,"H"
264507,85,22,0,0,DOWN,809573175601,"U"
264507,66,48,0,0,UP,809589314301,"B"
264507,82,19,0,0,DOWN,809669085401,"R"
264507,85,22,0,0,UP,809677008001,"U"
264507,71,34,0,0,DOWN,809773053301,"G"
264507,82,19,0,0,UP,809789394601,"R"
264507,69,18,0,0,DOWN,809869108701,"E"
264507,71,34,0,0,UP,809876712301,"G"
264507,69,18,0,0,UP,809973424301,"E"
264507,78,49,0,0,DOWN,809974065401,"N"
264507,78,49,0,0,UP,810037364101,"N"
264507,76,38,0,0,DOWN,810068867201,"L"
264507,76,38,0,0,UP,810125071901,"L"
264507,65,30,0,0,DOWN,810165091001,"A"
264507,65,30,0,0,UP,810213045401,"A"
264507,78,49,0,0,DOWN,810269104301,"N"
264507,78,49,0,0,UP,810333072001,"N"
264507,68,32,0,0,DOWN,810373156701,"D"
264507,70,33,0,0,DOWN,810469125001,"F"
264507,68,32,0,0,UP,810485094001,"D"
264507,70,33,0,0,UP,810549136401,"F"
264507,72,35,0,0,DOWN,810565096501,"H"
264507,66,48,0,0,DOWN,810669121701,"B"
264507,72,35,0,0,UP,810677212001,"H"
264507,85,22,0,0,DOWN,810765102001,"U"
264507,66,48,0,0,UP,810789104001,"B"
264507,82,19,0,0,DOWN,810869074201,"R"
264507,85,22,0,0,UP,810877049501,"U"
264507,71,34,0,0,DOWN,810965127901,"G"
264507,82,19,0,0,UP,810989244401,"R"
264507,69,18,0,0,DOWN,811069049601,"E"
264507,71,34,0,0,UP,811077182301,"G"
264507,78,49,0,0,DOWN,811164953101,"N"
264507,69,18,0,0,UP,811173044801,"E"
264507,78,49,0,0,UP,811229103201,"N"
264507,76,38,0,0,DOWN,811269175501,"L"
264507,76,38,0,0,UP,811324842101,"L"
264507,65,30,0,0,DOWN,811365120901,"A"
264507,65,30,0,0,UP,811413080601,"A"
264507,78,49,0,0,DOWN,811469099201,"N"
264507,78,49,0,0,UP,811533104601,"N"
264507,68,32,0,0,DOWN,811573128501,"D"
264507,70,33,0,0,DOWN,811669168101,"F"
264507,68,32,0,0,UP,811677112801,"D"
264507,70,33,0,0,UP,811741324601,"F"
264507,72,35,0,0,DOWN,811773082301,"H"
264507,66,48,0,0,DOWN,811869070701,"B"
264507,72,35,0,0,UP,811877071901,"H"
264507,85,22,0,0,DOWN,811973219501,"U"
264507,66,48,0,0,UP,811989051901,"B"
264507,82,19,0,0,DOWN,812068863901,"R"
264507,85,22,0,0,UP,812077068801,"U"
264507,71,34,0,0,DOWN,812173157601,"G"
264507,82,19,0,0,UP,812189146001,"R"
264507,71,34,0,0,UP,812269149901,"G"
264507,69,18,0,0,DOWN,812269875901,"E"
264507,69,18,0,0,UP,812365506501,"E"
264507,78,49,0,0,DOWN,812366392501,"N"
264507,78,49,0,0,UP,812429069001,"N"
264507,76,38,0,0,DOWN,812469172001,"L"
264507,76,38,0,0,UP,812525232801,"L"
264507,65,30,0,0,DOWN,812565149701,"A"
264507,65,30,0,0,UP,812613120301,"A"
264507,78,49,0,0,DOWN,812669145901,"N"
264507,78,49,0,0,UP,812733070401,"N"
264507,68,32,0,0,DOWN,812773152001,"D"
264507,70,33,0,0,DOWN,812869192501,"F"
264507,68,32,0,0,UP,812885117001,"D"
264507,70,33,0,0,UP,812941123001,"F"
264507,72,35,0,0,DOWN,812964980601,"H"
264507,66,48,0,0,DOWN,813069136001,"B"
264507,72,35,0,0,UP,813076875801,"H"
264507,85,22,0,0,DOWN,813165106901,"U"
264507,66,48,0,0,UP,813188794601,"B"
264507,82,19,0,0,DOWN,813268901001,"R"
264507,85,22,0,0,UP,813277042801,"U"
264507,71,34,0,0,DOWN,813365097101,"G"
264507,82,19,0,0,UP,813389119901,"R"
264507,69,18,0,0,DOWN,813469200301,"E"
264507,71,34,0,0,UP,813477180701,"G"
264507,78,49,0,0,DOWN,813573107901,"N"
264507,69,18,0,0,UP,813581054501,"E"
264507,78,49,0,0,UP,813629057401,"N"
264507,76,38,0,0,DOWN,813669129801,"L"
264507,76,38,0,0,UP,813725264501,"L"
264507,65,30,0,0,DOWN,813773211601,"A"
264507,65,30,0,0,UP,813813146301,"A"
264507,78,49,0,0,DOWN,813869138201,"N"
264507,78,49,0,0,UP,813933129501,"N"
264507,68,32,0,0,DOWN,813973124701,"D"
264507,70,33,0,0,DOWN,814069100701,"F"
264507,68,32,0,0,UP,814077156201,"D"
264507,70,33,0,0,UP,814149263101,"F"
264507,72,35,0,0,DOWN,814173148501,"H"
264507,66,48,0,0,DOWN,814269135301,"B"
264507,72,35,0,0,UP,814277082101,"H"
264507,85,22,0,0,DOWN,814365109401,"U"
264507,66,48,0,0,UP,814389114401,"B"
264507,82,19,0,0,DOWN,814469141801,"R"
264507,85,22,0,0,UP,814476902901,"U"
264507,71,34,0,0,DOWN,814565202301,"G"
264507,82,19,0,0,UP,814589106301,"R"
264507,69,18,0,0,DOWN,814668900801,"E"
264507,71,34,0,0,UP,814676883601,"G"
264507,78,49,0,0,DOWN,814765129001,"N"
264507,69,18,0,0,UP,814773110101,"E"
264507,78,49,0,0,UP,814829135701,"N"
264507,76,38,0,0,DOWN,814869160301,"L"
264507,76,38,0,0,UP,814925211401,"L"
264507,65,30,0,0,DOWN,814965237701,"A"
264507,65,30,0,0,UP,815013096501,"A"
264507,78,49,0,0,DOWN,815069122901,"N"
264507,78,49,0,0,UP,815125135901,"N"
264507,68,32,0,0,DOWN,815165205601,"D"
264507,70,33,0,0,DOWN,815269105201,"F"
264507,68,32,0,0,UP,815277199101,"D"
264507,70,33,0,0,UP,815341175701,"F"
264507,72,35,0,0,DOWN,815365172801,"H"
264507,72,35,0,0,UP,815469174701,"H"
264507,66,48,0,0,DOWN,815469910401,"B"
264507,85,22,0,0,DOWN,815573246601,"U"
264507,66,48,0,0,UP,815589166301,"B"
264507,82,19,0,0,DOWN,815669227701,"R"
264507,85,22,0,0,UP,815677221201,"U"
264507,71,34,0,0,DOWN,815773218401,"G"
264507,82,19,0,0,UP,815789086901,"R"
264507,69,18,0,0,DOWN,815869109801,"E"
264507,71,34,0,0,UP,815877170501,"G"
264507,69,18,0,0,UP,815973161401,"E"
264507,78,49,0,0,DOWN,815974067701,"N"
264507,78,49,0,0,UP,816029090401,"N"
264507,76,38,0,0,DOWN,816069183701,"L"
264507,76,38,0,0,UP,816125272201,"L"
264507,65,30,0,0,DOWN,816165163401,"A"
264507,65,30,0,0,UP,816213064401,"A"
264507,78,49,0,0,DOWN,816269211601,"N"
264507,78,49,0,0,UP,816333108101,"N"
264507,68,32,0,0,DOWN,816373153601,"D"
264507,70,33,0,0,DOWN,816469157101,"F"
264507,68,32,0,0,UP,816485142801,"D"
264507,70,33,0,0,UP,816549261601,"F"
264507,72,35,0,0,DOWN,816565226201,"H"
264507,66,48,0,0,DOWN,816669120601,"B"
264507,72,35,0,0,UP,816677097001,"H"
264507,85,22,0,0,DOWN,816765146901,"U"
264507,66,48,0,0,UP,816789274001,"B"
264507,82,19,0,0,DOWN,816869052601,"R"
264507,85,22,0,0,UP,816877146301,"U"
264507,71,34,0,0,DOWN,816965127301,"G"
264507,82,19,0,0,UP,816989288401,"R"
264507,69,18,0,0,DOWN,817068851801,"E"
264507,71,34,0,0,UP,817077085401,"G"
264507,69,18,0,0,UP,817165110401,"E"
264507,78,49,0,0,DOWN,817165734801,"N"
264507,78,49,0,0,UP,817237188501,"N"
264507,76,38,0,0,DOWN,817269341301,"L"
264507,76,38,0,0,UP,817325089601,"L"
264507,65,30,0,0,DOWN,817365180701,"A"
264507,65,30,0,0,UP,817413194101,"A"
264507,78,49,0,0,DOWN,817469201301,"N"
264507,78,49,0,0,UP,817525200801,"N"
264507,68,32,0,0,DOWN,817573219301,"D"
264507,70,33,0,0,DOWN,817669204001,"F"
264507,68,32,0,0,UP,817677137601,"D"
264507,70,33,0,0,UP,817741330201,"F"
264507,72,35,0,0,DOWN,817773161101,"H"
264507,66,48,0,0,DOWN,817869114301,"B"
264507,72,35,0,0,UP,817877220401,"H"
264507,85,22,0,0,DOWN,817973191101,"U"
264507,66,48,0,0,UP,817989139301,"B"
264507,82,19,0,0,DOWN,818069104301,"R"
264507,85,22,0,0,UP,818077143501,"U"
264507,71,34,0,0,DOWN,818173198001,"G"
264507,82,19,0,0,UP,818189185701,"R"
264507,69,18,0,0,DOWN,818268837301,"E"
264507,71,34,0,0,UP,818284807001,"G"
264507,78,49,0,0,DOWN,818365082601,"N"
264507,69,18,0,0,UP,818373082701,"E"
264507,78,49,0,0,UP,818429232901,"N"
264507,76,38,0,0,DOWN,818469124601,"L"
264507,76,38,0,0,UP,818525126801,"L"
264507,65,30,0,0,DOWN,818565141801,"A"
264507,65,30,0,0,UP,818612860101,"A"
264507,78,49,0,0,DOWN,818668938901,"N"
264507,78,49,0,0,UP,818725198801,"N"
264507,68,32,0,0,DOWN,818773178701,"D"
264507,70,33,0,0,DOWN,818869286101,"F"
264507,68,32,0,0,UP,818885126301,"D"
264507,70,33,0,0,UP,818948963601,"F"
264507,72,35,0,0,DOWN,818964999101,"H"
264507,66,48,0,0,DOWN,819069123101,"B"
264507,72,35,0,0,UP,819077268201,"H"
264507,85,22,0,0,DOWN,819164844101,"U"
264507,66,48,0,0,UP,819189119001,"B"
264507,82,19,0,0,DOWN,819269306101,"R"
264507,85,22,0,0,UP,819277180201,"U"
264507,71,34,0,0,DOWN,819365283001,"G"
264507,82,19,0,0,UP,819389265001,"R"
264507,69,18,0,0,DOWN,819468978001,"E"
264507,71,34,0,0,UP,819476933701,"G"
264507,69,18,0,0,UP,819573240001,"E"
264507,78,49,0,0,DOWN,819574241101,"N"
264507,78,49,0,0,UP,819629134001,"N"
264507,76,38,0,0,DOWN,819668903401,"L"
264507,76,38,0,0,UP,819733121401,"L"
264507,65,30,0,0,DOWN,819773283401,"A"
264507,65,30,0,0,UP,819813277401,"A"
264507,78,49,0,0,DOWN,819869192001,"N"
264507,78,49,0,0,UP,819933162601,"N"
264507,68,32,0,0,DOWN,819973293001,"D"
264507,70,33,0,0,DOWN,820069144001,"F"
264507,68,32,0,0,UP,820077249201,"D"
264507,70,33,0,0,UP,820149171501,"F"
264507,72,35,0,0,DOWN,820173196801,"H"
264507,72,35,0,0,UP,820269090501,"H"
264507,66,48,0,0,DOWN,820269906301,"B"
264507,85,22,0,0,DOWN,820365190101,"U"
264507,66,48,0,0,UP,820389153701,"B"
264507,82,19,0,0,DOWN,820469215701,"R"
264507,85,22,0,0,UP,820476926201,"U"
264507,71,34,0,0,DOWN,820565167001,"G"
264507,82,19,0,0,UP,820589222401,"R"
264507,71,34,0,0,UP,820669302301,"G"
264507,69,18,0,0,DOWN,820670023801,"E"
264507,78,49,0,0,DOWN,820765104301,"N"
264507,69,18,0,0,UP,820773140801,"E"
264507,78,49,0,0,UP,820829202401,"N"
264507,76,38,0,0,DOWN,820869334501,"L"
264507,76,38,0,0,UP,820925112001,"L"
264507,65,30,0,0,DOWN,820964927901,"A"
264507,65,30,0,0,UP,821013157601,"A"
264507,78,49,0,0,DOWN,821068915301,"N"
264507,78,49,0,0,UP,821125170401,"N"
264507,68,32,0,0,DOWN,821165001001,"D"
264507,70,33,0,0,DOWN,821269220001,"F"
264507,68,32,0,0,UP,821277154101,"D"
264507,70,33,0,0,UP,821349200101,"F"
264507,72,35,0,0,DOWN,821364924901,"H"
264507,66,48,0,0,DOWN,821469217901,"B"
264507,72,35,0,0,UP,821477187701,"H"
264507,85,22,0,0,DOWN,821573157401,"U"
264507,66,48,0,0,UP,821597400101,"B"
264507,82,19,0,0,DOWN,821669253501,"R"
264507,85,22,0,0,UP,821677127301,"U"
264507,71,34,0,0,DOWN,821773331001,"G"
264507,82,19,0,0,UP,821789532601,"R"
264507,69,18,0,0,DOWN,821869253301,"E"
264507,71,34,0,0,UP,821877150401,"G"
264507,69,18,0,0,UP,821973236601,"E"
264507,78,49,0,0,DOWN,821973930301,"N"
264507,78,49,0,0,UP,822029035201,"N"
264507,76,38,0,0,DOWN,822069225801,"L"
264507,76,38,0,0,UP,822125193701,"L"
264507,65,30,0,0,DOWN,822165163701,"A"
264507,65,30,0,0,UP,822213153001,"A"
264507,78,49,0,0,DOWN,822269215101,"N"
264507,78,49,0,0,UP,822333339601,"N"
264507,68,32,0,0,DOWN,822373220301,"D"
264507,70,33,0,0,DOWN,822469116801,"F"
264507,68,32,0,0,UP,822485221301,"D"
264507,70,33,0,0,UP,822548978801,"F"
264507,72,35,0,0,DOWN,822565213101,"H"
264507,66,48,0,0,DOWN,822669196301,"B"
264507,72,35,0,0,UP,822677177701,"H"
264507,85,22,0,0,DOWN,822765194801,"U"
264507,66,48,0,0,UP,822789286601,"B"
264507,82,19,0,0,DOWN,822869060001,"R"
264507,85,22,0,0,UP,822877112601,"U"
264507,71,34,0,0,DOWN,822965115501,"G"
264507,82,19,0,0,UP,822989195701,"R"
264507,69,18,0,0,DOWN,823069198501,"E"
264507,71,34,0,0,UP,823077160501,"G"
264507,78,49,0,0,DOWN,823165028301,"N"
264507,69,18,0,0,UP,823173182501,"E"
264507,78,49,0,0,UP,823229337701,"N"
264507,76,38,0,0,DOWN,823269229501,"L"
264507,76,38,0,0,UP,823325205301,"L"
264507,65,30,0,0,DOWN,823365228801,"A"
264507,65,30,0,0,UP,823413015801,"A"
264507,78,49,0,0,DOWN,823469214001,"N"
264507,78,49,0,0,UP,823525152801,"N"
264507,68,32,0,0,DOWN,823573340601,"D"
264507,70,33,0,0,DOWN,823669226501,"F"
264507,68,32,0,0,UP,823677226501,"D"
264507,70,33,0,0,UP,823741360801,"F"
264507,72,35,0,0,DOWN,823773245601,"H"
264507,66,48,0,0,DOWN,823869295601,"B"
264507,72,35,0,0,UP,823876798601,"H"
264507,85,22,0,0,DOWN,823973324101,"U"
264507,66,48,0,0,UP,823989318901,"B"
264507,82,19,0,0,DOWN,824069159901,"R"
264507,85,22,0,0,UP,824077169201,"U"
264507,71,34,0,0,DOWN,824173249201,"G"
264507,82,19,0,0,UP,824188971801,"R"
264507,69,18,0,0,DOWN,824269214601,"E"
264507,71,34,0,0,UP,824277192301,"G"
264507,69,18,0,0,UP,824373215001,"E"
264507,78,49,0,0,DOWN,824374060801,"N"
264507,78,49,0,0,UP,824429360401,"N"
264507,76,38,0,0,DOWN,824469046701,"L"
264507,76,38,0,0,UP,824525168301,"L"
264507,65,30,0,0,DOWN,824565219601,"A"
264507,65,30,0,0,UP,824613210001,"A"
264507,78,49,0,0,DOWN,824669164701,"N"
264507,78,49,0,0,UP,824725165301,"N"
264507,68,32,0,0,DOWN,824773359801,"D"
264507,70,33,0,0,DOWN,824869249601,"F"
264507,68,32,0,0,UP,824885173101,"D"
264507,70,33,0,0,UP,824941183401,"F"
264507,72,35,0,0,DOWN,824965337201,"H"
264507,66,48,0,0,DOWN,825068869101,"B"
264507,72,35,0,0,UP,825077125201,"H"
264507,85,22,0,0,DOWN,825165335001,"U"
264507,66,48,0,0,UP,825197215801,"B"
264507,82,19,0,0,DOWN,825269212801,"R"
264507,85,22,0,0,UP,825277299301,"U"
264507,71,34,0,0,DOWN,825365331601,"G"
264507,82,19,0,0,UP,825388985801,"R"
264507,69,18,0,0,DOWN,825469092301,"E"
264507,71,34,0,0,UP,825484687601,"G"
264507,69,18,0,0,UP,825565353601,"E"
264507,78,49,0,0,DOWN,825566165501,"N"
264507,78,49,0,0,UP,825637147601,"N"
264507,76,38,0,0,DOWN,825669180501,"L"
264507,76,38,0,0,UP,825732983001,"L"
264507,65,30,0,0,DOWN,825773481701,"A"
264507,65,30,0,0,UP,825813215701,"A"
264507,78,49,0,0,DOWN,825869190801,"N"
264507,78,49,0,0,UP,825933156701,"N"
264507,68,32,0,0,DOWN,825973260101,"D"
264507,70,33,0,0,DOWN,826069221601,"F"
264507,68,32,0,0,UP,826084969901,"D"
264507,70,33,0,0,UP,826141323201,"F"
264507,72,35,0,0,DOWN,826173236401,"H"
264507,66,48,0,0,DOWN,826269372301,"B"
264507,72,35,0,0,UP,826277234401,"H"
264507,85,22,0,0,DOWN,826373258201,"U"
264507,66,48,0,0,UP,826389002301,"B"
264507,82,19,0,0,DOWN,826469028201,"R"
264507,85,22,0,0,UP,826485027401,"U"
264507,71,34,0,0,DOWN,826573208601,"G"
264507,82,19,0,0,UP,826589200701,"R"
264507,69,18,0,0,DOWN,826669038101,"E"
264507,71,34,0,0,UP,826684787601,"G"
264507,78,49,0,0,DOWN,826765215201,"N"
264507,69,18,0,0,UP,826773188701,"E"
264507,78,49,0,0,UP,826829324401,"N"
264507,76,38,0,0,DOWN,826869202201,"L"
264507,76,38,0,0,UP,826925163801,"L"
264507,65,30,0,0,DOWN,826965360801,"A"
264507,65,30,0,0,UP,827013190901,"A"
264507,78,49,0,0,DOWN,827068924101,"N"
264507,78,49,0,0,UP,827125157201,"N"
264507,68,32,0,0,DOWN,827173285601,"D"
264507,70,33,0,0,DOWN,827268964601,"F"
264507,68,32,0,0,UP,827276971301,"D"
264507,70,33,0,0,UP,827341233201,"F"
264507,72,35,0,0,DOWN,827365267501,"H"
264507,66,48,0,0,DOWN,827469081701,"B"
264507,72,35,0,0,UP,827477163601,"H"
264507,85,22,0,0,DOWN,827565469201,"U"
264507,66,48,0,0,UP,827589372201,"B"
264507,82,19,0,0,DOWN,827669101201,"R"
264507,85,22,0,0,UP,827676905701,"U"
264507,71,34,0,0,DOWN,827772943501,"G"
264507,82,19,0,0,UP,827789509801,"R"
264507,69,18,0,0,DOWN,827869263101,"E"
264507,71,34,0,0,UP,827876979701,"G"
264507,69,18,0,0,UP,827973253601,"E"
264507,78,49,0,0,DOWN,827973955301,"N"
264507,78,49,0,0,UP,828029285901,"N"
264507,76,38,0,0,DOWN,828069269901,"L"
264507,76,38,0,0,UP,828133212001,"L"
264507,65,30,0,0,DOWN,828173226501,"A"
264507,65,30,0,0,UP,828213117401,"A"
264507,78,49,0,0,DOWN,828269330101,"N"
264507,78,49,0,0,UP,828325184701,"N"
264507,68,32,0,0,DOWN,828373366501,"D"
264507,70,33,0,0,DOWN,828469186001,"F"
264507,68,32,0,0,UP,828477261401,"D"
264507,70,33,0,0,UP,828533339001,"F"
264507,72,35,0,0,DOWN,828573233201,"H"
264507,66,48,0,0,DOWN,828669313301,"B"
264507,72,35,0,0,UP,828677229101,"H"
264507,85,22,0,0,DOWN,828765248001,"U"
264507,66,48,0,0,UP,828789043701,"B"
264507,82,19,0,0,DOWN,828869353101,"R"
264507,85,22,0,0,UP,828877227001,"U"
264507,71,34,0,0,DOWN,828965319401,"G"
264507,82,19,0,0,UP,828989283601,"R"
264507,69,18,0,0,DOWN,829069235001,"E"
264507,71,34,0,0,UP,829077270501,"G"
264507,69,18,0,0,UP,829165276501,"E"
264507,78,49,0,0,DOWN,829173268401,"N"
264507,78,49,0,0,UP,829229267701,"N"
264507,76,38,0,0,DOWN,829269274501,"L"
264507,76,38,0,0,UP,829325246801,"L"
264507,65,30,0,0,DOWN,829365198201,"A"
264507,65,30,0,0,UP,829413253101,"A"
264507,78,49,0,0,DOWN,829469244701,"N"
264507,78,49,0,0,UP,829533197401,"N"
264507,68,32,0,0,DOWN,829565351301,"D"
264507,70,33,0,0,DOWN,829669262501,"F"
264507,68,32,0,0,UP,829677365001,"D"
264507,70,33,0,0,UP,829740920201,"F"
264507,72,35,0,0,DOWN,829765254201,"H"
264507,66,48,0,0,DOWN,829869375101,"B"
264507,72,35,0,0,UP,829877239801,"H"
264507,85,22,0,0,DOWN,829973270601,"U"
264507,66,48,0,0,UP,829989315101,"B"
264507,82,19,0,0,DOWN,830069225801,"R"
264507,85,22,0,0,UP,830077218001,"U"
264507,71,34,0,0,DOWN,830173330301,"G"
264507,82,19,0,0,UP,830181368401,"R"
264507,69,18,0,0,DOWN,830269221601,"E"
264507,71,34,0,0,UP,830277217801,"G"
264507,69,18,0,0,UP,830373375201,"E"
264507,78,49,0,0,DOWN,830374242101,"N"
264507,78,49,0,0,UP,830429357101,"N"
264507,76,38,0,0,DOWN,830469089401,"L"
264507,76,38,0,0,UP,830533210501,"L"
264507,65,30,0,0,DOWN,830565253301,"A"
264507,65,30,0,0,UP,830613190801,"A"
264507,78,49,0,0,DOWN,830669284101,"N"
264507,78,49,0,0,UP,830725269901,"N"
264507,68,32,0,0,DOWN,830773349101,"D"
264507,70,33,0,0,DOWN,830869328801,"F"
264507,68,32,0,0,UP,830885368501,"D"
264507,70,33,0,0,UP,830949101101,"F"
264507,72,35,0,0,DOWN,830965243201,"H"
264507,66,48,0,0,DOWN,831069289901,"B"
264507,72,35,0,0,UP,831077195001,"H"
264507,85,22,0,0,DOWN,831165278101,"U"
264507,66,48,0,0,UP,831189133301,"B"
264507,82,19,0,0,DOWN,831269254601,"R"
264507,85,22,0,0,UP,831277205401,"U"
264507,71,34,0,0,DOWN,831365097201,"G"
264507,82,19,0,0,UP,831389029901,"R"
264507,69,18,0,0,DOWN,831469303201,"E"
264507,71,34,0,0,UP,831477429701,"G"
264507,69,18,0,0,UP,831565329501,"E"
264507,78,49,0,0,DOWN,831566092101,"N"
264507,78,49,0,0,UP,831637337301,"N"
264507,76,38,0,0,DOWN,831669304501,"L"
264507,76,38,0,0,UP,831725245801,"L"
264507,65,30,0,0,DOWN,831765273701,"A"
264507,65,30,0,0,UP,831813403801,"A"
264507,78,49,0,0,DOWN,831869196701,"N"
264507,78,49,0,0,UP,831933335501,"N"
264507,68,32,0,0,DOWN,831965236001,"D"
264507,70,33,0,0,DOWN,832069269201,"F"
264507,68,32,0,0,UP,832085247701,"D"
264507,70,33,0,0,UP,832141314401,"F"
264507,72,35,0,0,DOWN,832173295601,"H"
264507,66,48,0,0,DOWN,832269223501,"B"
264507,72,35,0,0,UP,832276877501,"H"
264507,85,22,0,0,DOWN,832373397201,"U"
264507,66,48,0,0,UP,832389122401,"B"
264507,82,19,0,0,DOWN,832469316301,"R"
264507,85,22,0,0,UP,832477241901,"U"
264507,71,34,0,0,DOWN,832572995401,"G"
264507,82,19,0,0,UP,832589252201,"R"
264507,69,18,0,0,DOWN,832669407401,"E"
264507,71,34,0,0,UP,832677223601,"G"
264507,78,49,0,0,DOWN,832773071601,"N"
264507,69,18,0,0,UP,832781256501,"E"
264507,78,49,0,0,UP,832829290601,"N"
264507,76,38,0,0,DOWN,832869347701,"L"
264507,76,38,0,0,UP,832933224101,"L"
264507,65,30,0,0,DOWN,832965322001,"A"
264507,65,30,0,0,UP,833013322001,"A"
264507,78,49,0,0,DOWN,833069401701,"N"
264507,78,49,0,0,UP,833133240801,"N"
264507,68,32,0,0,DOWN,833173095501,"D"
264507,70,33,0,0,DOWN,833268968301,"F"
264507,68,32,0,0,UP,833285050401,"D"
264507,70,33,0,0,UP,833333869201,"F"
264507,72,35,0,0,DOWN,833365202701,"H"
264507,66,48,0,0,DOWN,833469233801,"B"
264507,72,35,0,0,UP,833477235301,"H"
264507,85,22,0,0,DOWN,833565199501,"U"
264507,66,48,0,0,UP,833589405701,"B"
264507,82,19,0,0,DOWN,833669283801,"R"
264507,85,22,0,0,UP,833677228101,"U"
264507,71,34,0,0,DOWN,833765285701,"G"
264507,82,19,0,0,UP,833789277801,"R"
264507,69,18,0,0,DOWN,833869291201,"E"
264507,71,34,0,0,UP,833877058201,"G"
264507,78,49,0,0,DOWN,833965366301,"N"
264507,69,18,0,0,UP,833973363001,"E"
264507,78,49,0,0,UP,834037186001,"N"
264507,76,38,0,0,DOWN,834069298901,"L"
264507,76,38,0,0,UP,834125226301,"L"
264507,65,30,0,0,DOWN,834165342101,"A"
264507,65,30,0,0,UP,834213283001,"A"
264507,78,49,0,0,DOWN,834269315601,"N"
264507,78,49,0,0,UP,834333268101,"N"
264507,68,32,0,0,DOWN,834373255401,"D"
264507,70,33,0,0,DOWN,834469305301,"F"
264507,68,32,0,0,UP,834485301801,"D"
264507,70,33,0,0,UP,834541032001,"F"
264507,72,35,0,0,DOWN,834573212201,"H"
264507,66,48,0,0,DOWN,834669289501,"B"
264507,72,35,0,0,UP,834677251701,"H"
264507,85,22,0,0,DOWN,834773329501,"U"
264507,66,48,0,0,UP,834789378801,"B"
264507,82,19,0,0,DOWN,834869084101,"R"
264507,85,22,0,0,UP,834877239101,"U"
264507,71,34,0,0,DOWN,834973481701,"G"
264507,82,19,0,0,UP,834989250901,"R"
264507,69,18,0,0,DOWN,835069335201,"E"
264507,71,34,0,0,UP,835084917601,"G"
264507,78,49,0,0,DOWN,835165427901,"N"
264507,69,18,0,0,UP,835173217701,"E"
264507,78,49,0,0,UP,835237324301,"N"
264507,76,38,0,0,DOWN,835269363601,"L"
264507,76,38,0,0,UP,835325038401,"L"
264507,65,30,0,0,DOWN,835365266601,"A"
264507,65,30,0,0,UP,835413252801,"A"
264507,78,49,0,0,DOWN,835469410201,"N"
264507,78,49,0,0,UP,835533304701,"N"
264507,68,32,0,0,DOWN,835573422301,"D"
264507,70,33,0,0,DOWN,835669421501,"F"
264507,68,32,0,0,UP,835685303001,"D"
264507,70,33,0,0,UP,835741413701,"F"
264507,72,35,0,0,DOWN,835765305701,"H"
264507,66,48,0,0,DOWN,835869455501,"B"
264507,72,35,0,0,UP,835877291401,"H"
264507,85,22,0,0,DOWN,835965334401,"U"
264507,66,48,0,0,UP,835997328801,"B"
264507,82,19,0,0,DOWN,836069299901,"R"
264507,85,22,0,0,UP,836077290701,"U"
264507,71,34,0,0,DOWN,836165024401,"G"
264507,82,19,0,0,UP,836181269701,"R"
264507,69,18,0,0,DOWN,836269297001,"E"
264507,71,34,0,0,UP,836277494101,"G"
264507,78,49,0,0,DOWN,836373097201,"N"
264507,69,18,0,0,UP,836389810501,"E"
264507,78,49,0,0,UP,836437404501,"N"
264507,76,38,0,0,DOWN,836469337701,"L"
264507,76,38,0,0,UP,836525372501,"L"
264507,65,30,0,0,DOWN,836573594601,"A"
264507,65,30,0,0,UP,836613417801,"A"
264507,78,49,0,0,DOWN,836669342501,"N"
264507,78,49,0,0,UP,836733256001,"N"
264507,68,32,0,0,DOWN,836773391601,"D"
264507,70,33,0,0,DOWN,836869322201,"F"
264507,68,32,0,0,UP,836877272801,"D"
264507,70,33,0,0,UP,836949328301,"F"
264507,72,35,0,0,DOWN,836973340201,"H"
264507,66,48,0,0,DOWN,837069248001,"B"
264507,72,35,0,0,UP,837077299301,"H"
264507,85,22,0,0,DOWN,837173297301,"U"
264507,66,48,0,0,UP,837189281501,"B"
264507,82,19,0,0,DOWN,837269324501,"R"
264507,85,22,0,0,UP,837285293801,"U"
264507,71,34,0,0,DOWN,837373336501,"G"
264507,82,19,0,0,UP,837389275901,"R"
264507,69,18,0,0,DOWN,837469362401,"E"
264507,71,34,0,0,UP,837477129701,"G"
264507,78,49,0,0,DOWN,837565262501,"N"
264507,69,18,0,0,UP,837573341801,"E"
264507,78,49,0,0,UP,837637292401,"N"
264507,76,38,0,0,DOWN,837669336401,"L"
264507,76,38,0,0,UP,837725438301,"L"
264507,65,30,0,0,DOWN,837765331101,"A"
264507,65,30,0,0,UP,837813280101,"A"
264507,78,49,0,0,DOWN,837869302001,"N"
264507,78,49,0,0,UP,837933330201,"N"
264507,68,32,0,0,DOWN,837973354101,"D"
264507,70,33,0,0,DOWN,838069362101,"F"
264507,68,32,0,0,UP,838085303701,"D"
264507,70,33,0,0,UP,838141414001,"F"
264507,72,35,0,0,DOWN,838165327301,"H"
264507,66,48,0,0,DOWN,838269347701,"B"
264507,72,35,0,0,UP,838277163301,"H"
264507,85,22,0,0,DOWN,838365334001,"U"
264507,66,48,0,0,UP,838397080901,"B"
264507,82,19,0,0,DOWN,838469521201,"R"
264507,85,22,0,0,UP,838477057001,"U"
264507,71,34,0,0,DOWN,838565443501,"G"
264507,82,19,0,0,UP,838581317501,"R"
264507,69,18,0,0,DOWN,838669324001,"E"
264507,71,34,0,0,UP,838677064501,"G"
264507,69,18,0,0,UP,838773396901,"E"
264507,78,49,0,0,DOWN,838774140601,"N"
264507,78,49,0,0,UP,838837334801,"N"
264507,76,38,0,0,DOWN,838869268001,"L"
264507,76,38,0,0,UP,838925274201,"L"
264507,65,30,0,0,DOWN,838973462501,"A"
264507,65,30,0,0,UP,839013114301,"A"
264507,78,49,0,0,DOWN,839069300801,"N"
264507,78,49,0,0,UP,839133067201,"N"
264507,68,32,0,0,DOWN,839173372701,"D"
264507,70,33,0,0,DOWN,839269279101,"F"
264507,68,32,0,0,UP,839285330501,"D"
264507,70,33,0,0,UP,839349339201,"F"
264507,72,35,0,0,DOWN,839373376901,"H"
264507,66,48,0,0,DOWN,839469299101,"B"
264507,72,35,0,0,UP,839477393001,"H"
264507,85,22,0,0,DOWN,839573325001,"U"
264507,66,48,0,0,UP,839589305801,"B"
264507,82,19,0,0,DOWN,839669394501,"R"
264507,85,22,0,0,UP,839685346001,"U"
264507,71,34,0,0,DOWN,839773377601,"G"
264507,82,19,0,0,UP,839789327401,"R"
264507,69,18,0,0,DOWN,839869378201,"E"
264507,71,34,0,0,UP,839877366501,"G"
264507,78,49,0,0,DOWN,839965295301,"N"
264507,69,18,0,0,UP,839973089501,"E"
264507,78,49,0,0,UP,840037435501,"N"
264507,76,38,0,0,DOWN,840069315301,"L"
264507,76,38,0,0,UP,840125335101,"L"
264507,65,30,0,0,DOWN,840165381801,"A"
264507,65,30,0,0,UP,840213391501,"A"
264507,78,49,0,0,DOWN,840269360201,"N"
264507,78,49,0,0,UP,840333376301,"N"
264507,68,32,0,0,DOWN,840373301701,"D"
264507,70,33,0,0,DOWN,840469201001,"F"
264507,68,32,0,0,UP,840476956801,"D"
264507,70,33,0,0,UP,840549275901,"F"
264507,72,35,0,0,DOWN,840565505301,"H"
264507,66,48,0,0,DOWN,840669336501,"B"
264507,72,35,0,0,UP,840677087501,"H"
264507,85,22,0,0,DOWN,840765418701,"U"
264507,66,48,0,0,UP,840789351201,"B"
264507,82,19,0,0,DOWN,840869165301,"R"
264507,85,22,0,0,UP,840877308401,"U"
264507,71,34,0,0,DOWN,840973330901,"G"
264507,82,19,0,0,UP,840989403401,"R"
264507,69,18,0,0,DOWN,841069346701,"E"
264507,71,34,0,0,UP,841077298601,"G"
264507,78,49,0,0,DOWN,841173347101,"N"
264507,69,18,0,0,UP,841181242801,"E"
264507,78,49,0,0,UP,841229065901,"N"
264507,76,38,0,0,DOWN,841269393101,"L"
264507,76,38,0,0,UP,841325352401,"L"
264507,65,30,0,0,DOWN,841373483601,"A"
264507,65,30,0,0,UP,841413149401,"A"
264507,78,49,0,0,DOWN,841469416901,"N"
264507,78,49,0,0,UP,841533429501,"N"
264507,68,32,0,0,DOWN,841573371301,"D"
264507,70,33,0,0,DOWN,841669363001,"F"
264507,68,32,0,0,UP,841677286201,"D"
264507,70,33,0,0,UP,841741350101,"F"
264507,72,35,0,0,DOWN,841773344001,"H"
264507,72,35,0,0,UP,841869294901,"H"
264507,66,48,0,0,DOWN,841870269801,"B"
264507,85,22,0,0,DOWN,841964958101,"U"
264507,66,48,0,0,UP,841989375801,"B"
264507,82,19,0,0,DOWN,842069332101,"R"
264507,85,22,0,0,UP,842077265301,"U"
264507,71,34,0,0,DOWN,842165390301,"G"
264507,82,19,0,0,UP,842181406301,"R"
264507,69,18,0,0,DOWN,842269341901,"E"
264507,71,34,0,0,UP,842277373701,"G"
264507,78,49,0,0,DOWN,842365417201,"N"
264507,69,18,0,0,UP,842381313701,"E"
264507,78,49,0,0,UP,842437515201,"N"
264507,76,38,0,0,DOWN,842469410001,"L"
264507,76,38,0,0,UP,842525364401,"L"
264507,65,30,0,0,DOWN,842565411801,"A"
264507,65,30,0,0,UP,842613235501,"A"
264507,78,49,0,0,DOWN,842669507601,"N"
264507,78,49,0,0,UP,842733371201,"N"
264507,68,32,0,0,DOWN,842765389301,"D"
264507,70,33,0,0,DOWN,842869460901,"F"
264507,68,32,0,0,UP,842877393201,"D"
264507,70,33,0,0,UP,842941375701,"F"
264507,72,35,0,0,DOWN,842965448301,"H"
264507,66,48,0,0,DOWN,843069352201,"B"
264507,72,35,0,0,UP,843077314001,"H"
264507,85,22,0,0,DOWN,843173386501,"U"
264507,66,48,0,0,UP,843197105001,"B"
264507,82,19,0,0,DOWN,843269395601,"R"
264507,85,22,0,0,UP,843277314201,"U"
264507,71,34,0,0,DOWN,843373415801,"G"
264507,82,19,0,0,UP,843389485601,"R"
264507,69,18,0,0,DOWN,843469350201,"E"
264507,71,34,0,0,UP,843476999601,"G"
264507,69,18,0,0,UP,843573347701,"E"
264507,78,49,0,0,DOWN,843574146101,"N"
264507,78,49,0,0,UP,843629296601,"N"
264507,76,38,0,0,DOWN,843669546401,"L"
264507,76,38,0,0,UP,843717339801,"L"
264507,65,30,0,0,DOWN,843773366201,"A"
264507,65,30,0,0,UP,843813454201,"A"
264507,78,49,0,0,DOWN,843869379101,"N"
264507,78,49,0,0,UP,843933402701,"N"
264507,68,32,0,0,DOWN,843973332901,"D"
264507,70,33,0,0,DOWN,844069374001,"F"
264507,68,32,0,0,UP,844085454301,"D"
264507,70,33,0,0,UP,844141356801,"F"
264507,72,35,0,0,DOWN,844173336901,"H"
264507,72,35,0,0,UP,844269419601,"H"
264507,66,48,0,0,DOWN,844270193701,"B"
264507,85,22,0,0,DOWN,844365484301,"U"
264507,66,48,0,0,UP,844389373901,"B"
264507,82,19,0,0,DOWN,844469425901,"R"
264507,85,22,0,0,UP,844477372901,"U"
264507,71,34,0,0,DOWN,844565157301,"G"
264507,82,19,0,0,UP,844589332301,"R"
264507,71,34,0,0,UP,844669386701,"G"
264507,69,18,0,0,DOWN,844670189301,"E"
264507,78,49,0,0,DOWN,844765436901,"N"
264507,69,18,0,0,UP,844773338001,"E"
264507,78,49,0,0,UP,844829367501,"N"
264507,76,38,0,0,DOWN,844869408201,"L"
264507,76,38,0,0,UP,844925321901,"L"
264507,65,30,0,0,DOWN,844965460601,"A"
264507,65,30,0,0,UP,845013399701,"A"
264507,78,49,0,0,DOWN,845069358001,"N"
264507,78,49,0,0,UP,845133384801,"N"
264507,68,32,0,0,DOWN,845165307801,"D"
264507,70,33,0,0,DOWN,845269392001,"F"
264507,68,32,0,0,UP,845277351901,"D"
264507,70,33,0,0,UP,845341524701,"F"
264507,72,35,0,0,DOWN,845373096101,"H"
264507,66,48,0,0,DOWN,845469354701,"B"
264507,72,35,0,0,UP,845477398901,"H"
264507,85,22,0,0,DOWN,845573400801,"U"
264507,66,48,0,0,UP,845589120701,"B"
264507,82,19,0,0,DOWN,845669218001,"R"
264507,85,22,0,0,UP,845677363301,"U"
264507,71,34,0,0,DOWN,845773424401,"G"
264507,82,19,0,0,UP,845789385101,"R"
264507,69,18,0,0,DOWN,845869375101,"E"
264507,71,34,0,0,UP,845877367801,"G"
264507,69,18,0,0,UP,845973489601,"E"
264507,78,49,0,0,DOWN,845974268601,"N"
264507,78,49,0,0,UP,846037452501,"N"
264507,76,38,0,0,DOWN,846069530301,"L"
264507,76,38,0,0,UP,846133339201,"L"
264507,65,30,0,0,DOWN,846165270501,"A"
264507,65,30,0,0,UP,846213112201,"A"
264507,78,49,0,0,DOWN,846269428201,"N"
264507,78,49,0,0,UP,846333340901,"N"
264507,68,32,0,0,DOWN,846373376301,"D"
264507,70,33,0,0,DOWN,846469404401,"F"
264507,68,32,0,0,UP,846485324501,"D"
264507,70,33,0,0,UP,846549154901,"F"
264507,72,35,0,0,DOWN,846565455401,"H"
264507,66,48,0,0,DOWN,846669509301,"B"
264507,72,35,0,0,UP,846677347701,"H"
264507,85,22,0,0,DOWN,846765379701,"U"
264507,66,48,0,0,UP,846789420101,"B"
264507,82,19,0,0,DOWN,846869432301,"R"
264507,85,22,0,0,UP,846877359601,"U"
264507,71,34,0,0,DOWN,846965366001,"G"
264507,82,19,0,0,UP,846981349501,"R"
264507,69,18,0,0,DOWN,847069362901,"E"
264507,71,34,0,0,UP,847077364801,"G"
264507,78,49,0,0,DOWN,847165308101,"N"
264507,69,18,0,0,UP,847173383801,"E"
264507,78,49,0,0,UP,847237408701,"N"
264507,76,38,0,0,DOWN,847269393901,"L"
264507,76,38,0,0,UP,847325323001,"L"
264507,65,30,0,0,DOWN,847365434701,"A"
264507,65,30,0,0,UP,847413548701,"A"
264507,78,49,0,0,DOWN,847469505401,"N"
264507,78,49,0,0,UP,847533146701,"N"
264507,68,32,0,0,DOWN,847573395301,"D"
264507,70,33,0,0,DOWN,847669415901,"F"
264507,68,32,0,0,UP,847677480801,"D"
264507,70,33,0,0,UP,847749205301,"F"
264507,72,35,0,0,DOWN,847773431701,"H"
264507,66,48,0,0,DOWN,847869431901,"B"
264507,72,35,0,0,UP,847877406801,"H"
264507,85,22,0,0,DOWN,847973424601,"U"
264507,66,48,0,0,UP,847989388101,"B"
264507,82,19,0,0,DOWN,848069343701,"R"
264507,85,22,0,0,UP,848077354101,"U"
264507,71,34,0,0,DOWN,848173400401,"G"
264507,82,19,0,0,UP,848189404001,"R"
264507,69,18,0,0,DOWN,848269133301,"E"
264507,71,34,0,0,UP,848277125501,"G"
264507,69,18,0,0,UP,848373463101,"E"
264507,78,49,0,0,DOWN,848374273601,"N"
264507,78,49,0,0,UP,848429404701,"N"
264507,76,38,0,0,DOWN,848469626901,"L"
264507,76,38,0,0,UP,848525361901,"L"
264507,65,30,0,0,DOWN,848565394101,"A"
264507,65,30,0,0,UP,848613422701,"A"
264507,78,49,0,0,DOWN,848669204001,"N"
264507,78,49,0,0,UP,848733606201,"N"
264507,68,32,0,0,DOWN,848773410601,"D"
264507,70,33,0,0,DOWN,848869533901,"F"
264507,68,32,0,0,UP,848885256401,"D"
264507,70,33,0,0,UP,848949502701,"F"
264507,72,35,0,0,DOWN,848965576001,"H"
264507,66,48,0,0,DOWN,849069432901,"B"
264507,72,35,0,0,UP,849076954001,"H"
264507,85,22,0,0,DOWN,849165427401,"U"
264507,66,48,0,0,UP,849189525501,"B"
264507,82,19,0,0,DOWN,849269516801,"R"
264507,85,22,0,0,UP,849277403601,"U"
264507,71,34,0,0,DOWN,849365419101,"G"
264507,82,19,0,0,UP,849389515301,"R"
264507,69,18,0,0,DOWN,849469385501,"E"
264507,71,34,0,0,UP,849477358601,"G"
264507,78,49,0,0,DOWN,849565497301,"N"
264507,69,18,0,0,UP,849573486001,"E"
264507,78,49,0,0,UP,849637371601,"N"
264507,76,38,0,0,DOWN,849669493601,"L"
264507,76,38,0,0,UP,849725413801,"L"
264507,65,30,0,0,DOWN,849773433001,"A"
264507,65,30,0,0,UP,849813411101,"A"
264507,78,49,0,0,DOWN,849869255601,"N"
264507,78,49,0,0,UP,849933239201,"N"
264507,68,32,0,0,DOWN,849973460401,"D"
264507,70,33,0,0,DOWN,850069419301,"F"
264507,68,32,0,0,UP,850085360101,"D"
264507,70,33,0,0,UP,850141349701,"F"
264507,72,35,0,0,DOWN,850173520201,"H"
264507,66,48,0,0,DOWN,850269415301,"B"
264507,72,35,0,0,UP,850277419501,"H"
264507,85,22,0,0,DOWN,850373446201,"U"
264507,66,48,0,0,UP,850389430701,"B"
264507,82,19,0,0,DOWN,850469435301,"R"
264507,85,22,0,0,UP,850477411901,"U"
264507,71,34,0,0,DOWN,850573289401,"G"
264507,82,19,0,0,UP,850589321401,"R"
264507,69,18,0,0,DOWN,850669362801,"E"
264507,71,34,0,0,UP,850677334801,"G"
264507,69,18,0,0,UP,850773470001,"E"
264507,78,49,0,0,DOWN,850774467901,"N"
264507,78,49,0,0,UP,850837375101,"N"
264507,76,38,0,0,DOWN,850869465501,"L"
264507,76,38,0,0,UP,850925404701,"L"
264507,65,30,0,0,DOWN,850965557101,"A"
264507,65,30,0,0,UP,851013442901,"A"
264507,78,49,0,0,DOWN,851069093501,"N"
264507,78,49,0,0,UP,851133358501,"N"
264507,68,32,0,0,DOWN,851173443101,"D"
264507,70,33,0,0,DOWN,851269146001,"F"
264507,68,32,0,0,UP,851285430601,"D"
264507,70,33,0,0,UP,851349249801,"F"
264507,72,35,0,0,DOWN,851365029701,"H"
264507,66,48,0,0,DOWN,851469189801,"B"
264507,72,35,0,0,UP,851477439901,"H"
264507,85,22,0,0,DOWN,851565510201,"U"
264507,66,48,0,0,UP,851589529801,"B"
264507,82,19,0,0,DOWN,851669224901,"R"
264507,85,22,0,0,UP,851677461401,"U"
264507,71,34,0,0,DOWN,851765445901,"G"
264507,82,19,0,0,UP,851789369601,"R"
264507,69,18,0,0,DOWN,851869220301,"E"
264507,71,34,0,0,UP,851877257701,"G"
264507,78,49,0,0,DOWN,851973444201,"N"
264507,69,18,0,0,UP,851981377101,"E"
264507,78,49,0,0,UP,852037480301,"N"
264507,76,38,0,0,DOWN,852069705501,"L"
264507,76,38,0,0,UP,852133373401,"L"
264507,65,30,0,0,DOWN,852173406501,"A"
264507,65,30,0,0,UP,852213423801,"A"
264507,78,49,0,0,DOWN,852269426301,"N"
264507,78,49,0,0,UP,852333382001,"N"
264507,68,32,0,0,DOWN,852373408501,"D"
264507,70,33,0,0,DOWN,852469451701,"F"
264507,68,32,0,0,UP,852485414801,"D"
264507,70,33,0,0,UP,852549760001,"F"
264507,72,35,0,0,DOWN,852573472501,"H"
264507,66,48,0,0,DOWN,852669397201,"B"
264507,72,35,0,0,UP,852677442801,"H"
264507,85,22,0,0,DOWN,852773525001,"U"
264507,66,48,0,0,UP,852789222901,"B"
264507,82,19,0,0,DOWN,852869480901,"R"
264507,85,22,0,0,UP,852885447101,"U"
264507,71,34,0,0,DOWN,852973482101,"G"
264507,82,19,0,0,UP,852989279901,"R"
264507,71,34,0,0,UP,853069553101,"G"
264507,69,18,0,0,DOWN,853070189101,"E"
264507,78,49,0,0,DOWN,853165387001,"N"
264507,69,18,0,0,UP,853173520901,"E"
264507,78,49,0,0,UP,853229527301,"N"
264507,76,38,0,0,DOWN,853269598001,"L"
264507,76,38,0,0,UP,853325423901,"L"
264507,65,30,0,0,DOWN,853365467001,"A"
264507,65,30,0,0,UP,853413428501,"A"
264507,78,49,0,0,DOWN,853469492801,"N"
264507,78,49,0,0,UP,853533440301,"N"
264507,68,32,0,0,DOWN,853573503301,"D"
264507,70,33,0,0,DOWN,853669434201,"F"
264507,68,32,0,0,UP,853685066301,"D"
264507,70,33,0,0,UP,853749610801,"F"
264507,72,35,0,0,DOWN,853765458301,"H"
264507,66,48,0,0,DOWN,853869421401,"B"
264507,72,35,0,0,UP,853877415801,"H"
264507,85,22,0,0,DOWN,853965537901,"U"
264507,66,48,0,0,UP,853989259201,"B"
264507,82,19,0,0,DOWN,854069484201,"R"
264507,85,22,0,0,UP,854077434901,"U"
264507,71,34,0,0,DOWN,854173466201,"G"
264507,82,19,0,0,UP,854189364801,"R"
264507,69,18,0,0,DOWN,854269149301,"E"
264507,71,34,0,0,UP,854277466801,"G"
264507,78,49,0,0,DOWN,854373442801,"N"
264507,69,18,0,0,UP,854381458601,"E"
264507,78,49,0,0,UP,854437512001,"N"
264507,76,38,0,0,DOWN,854469491201,"L"
264507,76,38,0,0,UP,854533609101,"L"
264507,65,30,0,0,DOWN,854573486601,"A"
264507,65,30,0,0,UP,854613596801,"A"
264507,78,49,0,0,DOWN,854669490401,"N"
264507,78,49,0,0,UP,854733404001,"N"
264507,68,32,0,0,DOWN,854773459801,"D"
264507,70,33,0,0,DOWN,854869594401,"F"
264507,68,32,0,0,UP,854885485601,"D"
264507,70,33,0,0,UP,854949398701,"F"
264507,72,35,0,0,DOWN,854973428001,"H"
264507,66,48,0,0,DOWN,855069476701,"B"
264507,72,35,0,0,UP,855077449801,"H"
264507,85,22,0,0,DOWN,855173254301,"U"
264507,66,48,0,0,UP,855189408901,"B"
264507,82,19,0,0,DOWN,855269454801,"R"
264507,85,22,0,0,UP,855277544301,"U"
264507,71,34,0,0,DOWN,855365464401,"G"
264507,82,19,0,0,UP,855389255501,"R"
264507,69,18,0,0,DOWN,855469216101,"E"
264507,71,34,0,0,UP,855477471201,"G"
264507,78,49,0,0,DOWN,855565607601,"N"
264507,69,18,0,0,UP,855581480901,"E"
264507,78,49,0,0,UP,855637643401,"N"
264507,76,38,0,0,DOWN,855669533701,"L"
264507,76,38,0,0,UP,855725392701,"L"
264507,65,30,0,0,DOWN,855765588001,"A"
264507,65,30,0,0,UP,855813209701,"A"
264507,78,49,0,0,DOWN,855869463701,"N"
264507,78,49,0,0,UP,855933526301,"N"
264507,68,32,0,0,DOWN,855965690301,"D"
264507,70,33,0,0,DOWN,856069517601,"F"
264507,68,32,0,0,UP,856077473601,"D"
264507,70,33,0,0,UP,856141472001,"F"
264507,72,35,0,0,DOWN,856165428301,"H"
264507,72,35,0,0,UP,856269462201,"H"
264507,66,48,0,0,DOWN,856270193401,"B"
264507,85,22,0,0,DOWN,856373541401,"U"
264507,66,48,0,0,UP,856381460901,"B"
264507,82,19,0,0,DOWN,856469451501,"R"
264507,85,22,0,0,UP,856477478401,"U"
264507,71,34,0,0,DOWN,856573468101,"G"
264507,82,19,0,0,UP,856589342001,"R"
264507,69,18,0,0,DOWN,856669271801,"E"
264507,71,34,0,0,UP,856677436401,"G"
264507,69,18,0,0,UP,856773270601,"E"
264507,78,49,0,0,DOWN,856774083301,"N"
264507,78,49,0,0,UP,856829351401,"N"
264507,76,38,0,0,DOWN,856869587401,"L"
264507,76,38,0,0,UP,856933345801,"L"
264507,65,30,0,0,DOWN,856973214501,"A"
264507,65,30,0,0,UP,857013436901,"A"
264507,78,49,0,0,DOWN,857069525001,"N"
264507,78,49,0,0,UP,857133466401,"N"
264507,68,32,0,0,DOWN,857173345901,"D"
264507,70,33,0,0,DOWN,857269454301,"F"
264507,68,32,0,0,UP,857285512101,"D"
264507,70,33,0,0,UP,857349491801,"F"
264507,72,35,0,0,DOWN,857373287301,"H"
264507,66,48,0,0,DOWN,857469485101,"B"
264507,72,35,0,0,UP,857477485501,"H"
264507,85,22,0,0,DOWN,857565636101,"U"
264507,66,48,0,0,UP,857589530101,"B"
264507,82,19,0,0,DOWN,857669475901,"R"
264507,85,22,0,0,UP,857677439501,"U"
264507,71,34,0,0,DOWN,857765468101,"G"
264507,82,19,0,0,UP,857781483201,"R"
264507,69,18,0,0,DOWN,857869525701,"E"
264507,71,34,0,0,UP,857877488101,"G"
264507,78,49,0,0,DOWN,857965635801,"N"
264507,69,18,0,0,UP,857973539901,"E"
264507,78,49,0,0,UP,858029338001,"N"
264507,76,38,0,0,DOWN,858069550201,"L"
264507,76,38,0,0,UP,858125439701,"L"
264507,65,30,0,0,DOWN,858165486201,"A"
264507,65,30,0,0,UP,858213440701,"A"
264507,78,49,0,0,DOWN,858269438301,"N"
264507,78,49,0,0,UP,858333479601,"N"
264507,68,32,0,0,DOWN,858365548301,"D"
264507,70,33,0,0,DOWN,858469546701,"F"
264507,68,32,0,0,UP,858477629501,"D"
264507,70,33,0,0,UP,858541538901,"F"
264507,72,35,0,0,DOWN,858565575801,"H"
264507,66,48,0,0,DOWN,858669521501,"B"
264507,72,35,0,0,UP,858677477201,"H"
264507,85,22,0,0,DOWN,858773693801,"U"
264507,66,48,0,0,UP,858797609001,"B"
264507,82,19,0,0,DOWN,858869505201,"R"
264507,85,22,0,0,UP,858877425901,"U"
264507,71,34,0,0,DOWN,858973641801,"G"
264507,82,19,0,0,UP,858989530001,"R"
264507,69,18,0,0,DOWN,859069422701,"E"
264507,71,34,0,0,UP,859077417401,"G"
264507,78,49,0,0,DOWN,859173536401,"N"
264507,69,18,0,0,UP,859181467101,"E"
264507,78,49,0,0,UP,859237424601,"N"
264507,76,38,0,0,DOWN,859269575801,"L"
264507,76,38,0,0,UP,859333553601,"L"
264507,65,30,0,0,DOWN,859373498401,"A"
264507,65,30,0,0,UP,859413619001,"A"
264507,78,49,0,0,DOWN,859469553701,"N"
264507,78,49,0,0,UP,859533522701,"N"
264507,68,32,0,0,DOWN,859573445201,"D"
264507,70,33,0,0,DOWN,859669495701,"F"
264507,68,32,0,0,UP,859685560101,"D"
264507,70,33,0,0,UP,859741474001,"F"
264507,72,35,0,0,DOWN,859765487701,"H"
264507,66,48,0,0,DOWN,859869535501,"B"
264507,72,35,0,0,UP,859877579001,"H"
264507,85,22,0,0,DOWN,859965461201,"U"
264507,66,48,0,0,UP,859989576501,"B"
264507,82,19,0,0,DOWN,860069522601,"R"
264507,85,22,0,0,UP,860077396301,"U"
264507,71,34,0,0,DOWN,860165519801,"G"
264507,82,19,0,0,UP,860189470801,"R"
264507,69,18,0,0,DOWN,860269514501,"E"
264507,71,34,0,0,UP,860277498301,"G"
264507,78,49,0,0,DOWN,860365440701,"N"
264507,69,18,0,0,UP,860373241001,"E"
264507,78,49,0,0,UP,860437535901,"N"
264507,76,38,0,0,DOWN,860469503601,"L"
264507,76,38,0,0,UP,860525506401,"L"
264507,65,30,0,0,DOWN,860565521201,"A"
264507,65,30,0,0,UP,860613474901,"A"
264507,78,49,0,0,DOWN,860669628601,"N"
264507,78,49,0,0,UP,860733532101,"N"
264507,68,32,0,0,DOWN,860765599101,"D"
264507,70,33,0,0,DOWN,860869493801,"F"
264507,68,32,0,0,UP,860885538501,"D"
264507,70,33,0,0,UP,860941491201,"F"
264507,72,35,0,0,DOWN,860973614401,"H"
264507,66,48,0,0,DOWN,861069580801,"B"
264507,72,35,0,0,UP,861077343001,"H"
264507,85,22,0,0,DOWN,861173557201,"U"
264507,66,48,0,0,UP,861197600901,"B"
264507,82,19,0,0,DOWN,861269551701,"R"
264507,85,22,0,0,UP,861277434701,"U"
264507,71,34,0,0,DOWN,861373553301,"G"
264507,82,19,0,0,UP,861389525901,"R"
264507,69,18,0,0,DOWN,861469560801,"E"
264507,71,34,0,0,UP,861477325301,"G"
264507,69,18,0,0,UP,861573570101,"E"
264507,78,49,0,0,DOWN,861574447801,"N"
264507,78,49,0,0,UP,861629467301,"N"
264507,76,38,0,0,DOWN,861669546801,"L"
264507,76,38,0,0,UP,861725544501,"L"
264507,65,30,0,0,DOWN,861765484201,"A"
264507,65,30,0,0,UP,861813453801,"A"
264507,78,49,0,0,DOWN,861869511401,"N"
264507,78,49,0,0,UP,861933552901,"N"
264507,68,32,0,0,DOWN,861973307201,"D"
264507,70,33,0,0,DOWN,862069522601,"F"
264507,68,32,0,0,UP,862085544101,"D"
264507,70,33,0,0,UP,862133610301,"F"
264507,72,35,0,0,DOWN,862165531801,"H"
264507,66,48,0,0,DOWN,862269489301,"B"
264507,72,35,0,0,UP,862277393101,"H"
264507,85,22,0,0,DOWN,862365593701,"U"
264507,66,48,0,0,UP,862389459701,"B"
264507,82,19,0,0,DOWN,862469553201,"R"
264507,85,22,0,0,UP,862477375401,"U"
264507,71,34,0,0,DOWN,862565527801,"G"
264507,82,19,0,0,UP,862581521001,"R"
264507,69,18,0,0,DOWN,862669506901,"E"
264507,71,34,0,0,UP,862677294801,"G"
264507,78,49,0,0,DOWN,862765650501,"N"
264507,69,18,0,0,UP,862773542301,"E"
264507,78,49,0,0,UP,862837511801,"N"
264507,76,38,0,0,DOWN,862869555501,"L"
264507,76,38,0,0,UP,862925498501,"L"
264507,65,30,0,0,DOWN,862965485101,"A"
264507,65,30,0,0,UP,863013237301,"A"
264507,78,49,0,0,DOWN,863069488201,"N"
264507,78,49,0,0,UP,863133537001,"N"
264507,68,32,0,0,DOWN,863173657101,"D"
264507,70,33,0,0,DOWN,863269250101,"F"
264507,68,32,0,0,UP,863285201601,"D"
264507,70,33,0,0,UP,863341479201,"F"
264507,72,35,0,0,DOWN,863373524801,"H"
264507,66,48,0,0,DOWN,863469328801,"B"
264507,72,35,0,0,UP,863477542901,"H"
264507,85,22,0,0,DOWN,863573494101,"U"
264507,66,48,0,0,UP,863589538601,"B"
264507,82,19,0,0,DOWN,863669544701,"R"
264507,85,22,0,0,UP,863677509301,"U"
264507,71,34,0,0,DOWN,863773605501,"G"
264507,82,19,0,0,UP,863789473801,"R"
264507,69,18,0,0,DOWN,863869512601,"E"
264507,71,34,0,0,UP,863877391901,"G"
264507,69,18,0,0,UP,863973552101,"E"
264507,78,49,0,0,DOWN,863974467001,"N"
264507,78,49,0,0,UP,864029473201,"N"
264507,76,38,0,0,DOWN,864069504501,"L"
264507,76,38,0,0,UP,864125551401,"L"
264507,65,30,0,0,DOWN,864165538901,"A"
264507,65,30,0,0,UP,864213490401,"A"
264507,78,49,0,0,DOWN,864269613801,"N"
264507,78,49,0,0,UP,864333542001,"N"
264507,68,32,0,0,DOWN,864373553401,"D"
264507,70,33,0,0,DOWN,864469596701,"F"
264507,68,32,0,0,UP,864485520401,"D"
264507,70,33,0,0,UP,864549510201,"F"
264507,72,35,0,0,DOWN,864565551601,"H"
264507,66,48,0,0,DOWN,864669454601,"B"
264507,72,35,0,0,UP,864677189501,"H"
264507,85,22,0,0,DOWN,864765508501,"U"
264507,66,48,0,0,UP,864789582201,"B"
264507,82,19,0,0,DOWN,864869591401,"R"
264507,85,22,0,0,UP,864877625101,"U"
264507,71,34,0,0,DOWN,864965622001,"G"
264507,82,19,0,0,UP,864989562901,"R"
264507,69,18,0,0,DOWN,865069486901,"E"
264507,71,34,0,0,UP,865077540401,"G"
264507,78,49,0,0,DOWN,865173571401,"N"
264507,69,18,0,0,UP,865181350401,"E"
264507,78,49,0,0,UP,865237681301,"N"
264507,76,38,0,0,DOWN,865269542801,"L"
264507,76,38,0,0,UP,865333574401,"L"
264507,65,30,0,0,DOWN,865373589401,"A"
264507,65,30,0,0,UP,865413436501,"A"
264507,78,49,0,0,DOWN,865469570701,"N"
264507,78,49,0,0,UP,865533533601,"N"
264507,68,32,0,0,DOWN,865573558001,"D"
264507,70,33,0,0,DOWN,865669623101,"F"
264507,68,32,0,0,UP,865677532701,"D"
264507,70,33,0,0,UP,865749552001,"F"
264507,72,35,0,0,DOWN,865773628201,"H"
264507,66,48,0,0,DOWN,865869611801,"B"
264507,72,35,0,0,UP,865877550601,"H"
264507,85,22,0,0,DOWN,865973526501,"U"
264507,66,48,0,0,UP,865989527201,"B"
264507,82,19,0,0,DOWN,866069410601,"R"
264507,85,22,0,0,UP,866085606701,"U"
264507,71,34,0,0,DOWN,866173674101,"G"
264507,82,19,0,0,UP,866189581201,"R"
264507,69,18,0,0,DOWN,866269590801,"E"
264507,71,34,0,0,UP,866277616901,"G"
264507,78,49,0,0,DOWN,866365567701,"N"
264507,69,18,0,0,UP,866373516901,"E"
264507,78,49,0,0,UP,866429547701,"N"
264507,76,38,0,0,DOWN,866469554601,"L"
264507,76,38,0,0,UP,866525533701,"L"
264507,65,30,0,0,DOWN,866565551001,"A"
264507,65,30,0,0,UP,866613388901,"A"
264507,78,49,0,0,DOWN,866669713401,"N"
264507,78,49,0,0,UP,866733549701,"N"
264507,68,32,0,0,DOWN,866773572001,"D"
264507,70,33,0,0,DOWN,866869589101,"F"
264507,68,32,0,0,UP,866885522901,"D"
264507,70,33,0,0,UP,866949576601,"F"
264507,72,35,0,0,DOWN,866965505701,"H"
264507,66,48,0,0,DOWN,867069577401,"B"
264507,72,35,0,0,UP,867077509101,"H"
264507,85,22,0,0,DOWN,867165595401,"U"
264507,66,48,0,0,UP,867197285401,"B"
264507,82,19,0,0,DOWN,867269569901,"R"
264507,85,22,0,0,UP,867277548401,"U"
264507,71,34,0,0,DOWN,867373623801,"G"
264507,82,19,0,0,UP,867389554701,"R"
264507,69,18,0,0,DOWN,867469340701,"E"
264507,71,34,0,0,UP,867477142601,"G"
264507,78,49,0,0,DOWN,867573621801,"N"
264507,69,18,0,0,UP,867581388301,"E"
264507,78,49,0,0,UP,867637551601,"N"
264507,76,38,0,0,DOWN,867669725801,"L"
264507,76,38,0,0,UP,867733368901,"L"
264507,65,30,0,0,DOWN,867773585901,"A"
264507,65,30,0,0,UP,867813723901,"A"
264507,78,49,0,0,DOWN,867869551101,"N"
264507,78,49,0,0,UP,867933500001,"N"
264507,68,32,0,0,DOWN,867973604501,"D"
264507,70,33,0,0,DOWN,868069530401,"F"
264507,68,32,0,0,UP,868077645601,"D"
264507,70,33,0,0,UP,868141579501,"F"
264507,72,35,0,0,DOWN,868173537301,"H"
264507,66,48,0,0,DOWN,868269553301,"B"
264507,72,35,0,0,UP,868277517901,"H"
264507,85,22,0,0,DOWN,868365535801,"U"
264507,66,48,0,0,UP,868389685201,"B"
264507,82,19,0,0,DOWN,868469575101,"R"
264507,85,22,0,0,UP,868477657101,"U"
264507,71,34,0,0,DOWN,868565742701,"G"
264507,82,19,0,0,UP,868589614001,"R"
264507,69,18,0,0,DOWN,868669716501,"E"
264507,71,34,0,0,UP,868677520501,"G"
264507,78,49,0,0,DOWN,868765321101,"N"
264507,69,18,0,0,UP,868781379001,"E"
264507,78,49,0,0,UP,868837568501,"N"
264507,76,38,0,0,DOWN,868869530301,"L"
264507,76,38,0,0,UP,868925525001,"L"
264507,65,30,0,0,DOWN,868965375101,"A"
264507,65,30,0,0,UP,869013567701,"A"
264507,78,49,0,0,DOWN,869069354101,"N"
264507,78,49,0,0,UP,869133511801,"N"
264507,68,32,0,0,DOWN,869165648601,"D"
264507,70,33,0,0,DOWN,869269552901,"F"
264507,68,32,0,0,UP,869277557201,"D"
264507,70,33,0,0,UP,869349567901,"F"
264507,72,35,0,0,DOWN,869365631401,"H"
264507,66,48,0,0,DOWN,869469589001,"B"
264507,72,35,0,0,UP,869477707201,"H"
264507,85,22,0,0,DOWN,869573579501,"U"
264507,66,48,0,0,UP,869589533901,"B"
264507,82,19,0,0,DOWN,869669394701,"R"
264507,85,22,0,0,UP,869677569001,"U"
264507,71,34,0,0,DOWN,869773588801,"G"
264507,82,19,0,0,UP,869789722301,"R"
264507,69,18,0,0,DOWN,869869577001,"E"
264507,71,34,0,0,UP,869877587001,"G"
264507,78,49,0,0,DOWN,869973583801,"N"
264507,69,18,0,0,UP,869981670901,"E"
264507,78,49,0,0,UP,870037456401,"N"
264507,76,38,0,0,DOWN,870069456001,"L"
264507,76,38,0,0,UP,870133588601,"L"
264507,65,30,0,0,DOWN,870173630601,"A"
264507,65,30,0,0,UP,870213454601,"A"
264507,78,49,0,0,DOWN,870269594401,"N"
264507,78,49,0,0,UP,870333569301,"N"
264507,68,32,0,0,DOWN,870373584501,"D"
264507,70,33,0,0,DOWN,870469619801,"F"
264507,68,32,0,0,UP,870485603001,"D"
264507,70,33,0,0,UP,870549442901,"F"
264507,72,35,0,0,DOWN,870573640001,"H"
264507,72,35,0,0,UP,870669595101,"H"
264507,66,48,0,0,DOWN,870670411501,"B"
264507,85,22,0,0,DOWN,870765422801,"U"
264507,66,48,0,0,UP,870789620001,"B"
264507,82,19,0,0,DOWN,870869608601,"R"
264507,85,22,0,0,UP,870877577601,"U"
264507,71,34,0,0,DOWN,870965661301,"G"
264507,82,19,0,0,UP,870989534301,"R"
264507,71,34,0,0,UP,871069296901,"G"
723207,17,29,0,0,DOWN,874475689301,"STRG"
723207,17,29,0,0,DOWN,874974625801,"STRG"
723207,17,29,0,0,DOWN,875005658001,"STRG"
723207,17,29,0,0,DOWN,875037374201,"STRG"
723207,17,29,0,0,DOWN,875084353801,"STRG"
723207,17,29,0,0,DOWN,875115539201,"STRG"
723207,17,29,0,0,DOWN,875142538101,"STRG"
723207,17,29,0,0,DOWN,875174891101,"STRG"
723207,17,29,0,0,DOWN,875205917801,"STRG"
723207,17,29,0,0,DOWN,875237051101,"STRG"
723207,67,46,0,0,DOWN,875255710601,"C"
