
C:/MasterarbeitFinal/Iteration 1/Thesis_Iteration1/pico/build/key_latency.elf:     file format elf32-littlearm

Sections:
Idx Name          Size      VMA       LMA       File off  Algn
  0 .boot2        00000100  10000000  10000000  00001000  2**0
                  CONTENTS, ALLOC, LOAD, READONLY, CODE
  1 .text         00006d1c  10000100  10000100  00001100  2**3
                  CONTENTS, ALLOC, LOAD, READONLY, CODE
  2 .rodata       000006ec  10006e20  10006e20  00007e20  2**3
                  CONTENTS, ALLOC, LOAD, READONLY, DATA
  3 .binary_info  00000020  1000750c  1000750c  0000850c  2**2
                  CONTENTS, ALLOC, LOAD, READONLY, DATA
  4 .ram_vector_table 000000c0  20000000  20000000  0000b000  2**2
                  ALLOC
  5 .uninitialized_data 00000000  200000c0  200000c0  0000a0b0  2**0
                  CONTENTS
  6 .data         00000ff0  200000c0  1000752c  000090c0  2**4
                  CONTENTS, ALLOC, LOAD, READONLY, CODE
  7 .tdata        00000000  200010b0  200010b0  0000a0b0  2**0
                  CONTENTS, ALLOC, LOAD, DATA, THREAD_LOCAL
  8 .tbss         00000000  200010b0  200010b0  00000000  2**0
                  ALLOC, THREAD_LOCAL
  9 .bss          00001b08  200010b0  1000851c  0000a0b0  2**3
                  ALLOC
 10 .heap         00000800  20002bb8  1000851c  0000abb8  2**2
                  ALLOC, READONLY
 11 .scratch_x    00000000  20040000  20040000  0000a0b0  2**0
                  CONTENTS
 12 .scratch_y    00000000  20041000  20041000  0000a0b0  2**0
                  CONTENTS
 13 .stack_dummy  00000800  20041000  20041000  0000b000  2**5
                  ALLOC, READONLY
 14 .ARM.attributes 00000028  00000000  00000000  0000a0b0  2**0
                  CONTENTS, READONLY
 15 .comment      00000045  00000000  00000000  0000a0d8  2**0
                  CONTENTS, READONLY
 16 .debug_info   00031596  00000000  00000000  0000a11d  2**0
                  CONTENTS, READONLY, DEBUGGING, OCTETS
 17 .debug_abbrev 000089c0  00000000  00000000  0003b6b3  2**0
                  CONTENTS, READONLY, DEBUGGING, OCTETS
 18 .debug_loclists 0001b077  00000000  00000000  00044073  2**0
                  CONTENTS, READONLY, DEBUGGING, OCTETS
 19 .debug_aranges 00001678  00000000  00000000  0005f0f0  2**3
                  CONTENTS, READONLY, DEBUGGING, OCTETS
 20 .debug_rnglists 000045ea  00000000  00000000  00060768  2**0
                  CONTENTS, READONLY, DEBUGGING, OCTETS
 21 .debug_line   000257b2  00000000  00000000  00064d52  2**0
                  CONTENTS, READONLY, DEBUGGING, OCTETS
 22 .debug_str    00008f3e  00000000  00000000  0008a504  2**0
                  CONTENTS, READONLY, DEBUGGING, OCTETS
 23 .debug_frame  00002eec  00000000  00000000  00093444  2**2
                  CONTENTS, READONLY, DEBUGGING, OCTETS
 24 .debug_line_str 00000441  00000000  00000000  00096330  2**0
                  CONTENTS, READONLY, DEBUGGING, OCTETS

C:/MasterarbeitFinal/Iteration 1/Thesis_Iteration1/pico/build/key_latency.elf:     file format elf32-littlearm


Disassembly of section .boot2:

10000000 <__boot2_start__>:
10000000:	4b32b500 	.word	0x4b32b500
10000004:	60582021 	.word	0x60582021
10000008:	21026898 	.word	0x21026898
1000000c:	60984388 	.word	0x60984388
10000010:	611860d8 	.word	0x611860d8
10000014:	4b2e6158 	.word	0x4b2e6158
10000018:	60992100 	.word	0x60992100
1000001c:	61592102 	.word	0x61592102
10000020:	22f02101 	.word	0x22f02101
10000024:	492b5099 	.word	0x492b5099
10000028:	21016019 	.word	0x21016019
1000002c:	20356099 	.word	0x20356099
10000030:	f844f000 	.word	0xf844f000
10000034:	42902202 	.word	0x42902202
10000038:	2106d014 	.word	0x2106d014
1000003c:	f0006619 	.word	0xf0006619
10000040:	6e19f834 	.word	0x6e19f834
10000044:	66192101 	.word	0x66192101
10000048:	66182000 	.word	0x66182000
1000004c:	f000661a 	.word	0xf000661a
10000050:	6e19f82c 	.word	0x6e19f82c
10000054:	6e196e19 	.word	0x6e196e19
10000058:	f0002005 	.word	0xf0002005
1000005c:	2101f82f 	.word	0x2101f82f
10000060:	d1f94208 	.word	0xd1f94208
10000064:	60992100 	.word	0x60992100
10000068:	6019491b 	.word	0x6019491b
1000006c:	60592100 	.word	0x60592100
10000070:	481b491a 	.word	0x481b491a
10000074:	21016001 	.word	0x21016001
10000078:	21eb6099 	.word	0x21eb6099
1000007c:	21a06619 	.word	0x21a06619
10000080:	f0006619 	.word	0xf0006619
10000084:	2100f812 	.word	0x2100f812
10000088:	49166099 	.word	0x49166099
1000008c:	60014814 	.word	0x60014814
10000090:	60992101 	.word	0x60992101
10000094:	2800bc01 	.word	0x2800bc01
10000098:	4700d000 	.word	0x4700d000
1000009c:	49134812 	.word	0x49134812
100000a0:	c8036008 	.word	0xc8036008
100000a4:	8808f380 	.word	0x8808f380
100000a8:	b5034708 	.word	0xb5034708
100000ac:	20046a99 	.word	0x20046a99
100000b0:	d0fb4201 	.word	0xd0fb4201
100000b4:	42012001 	.word	0x42012001
100000b8:	bd03d1f8 	.word	0xbd03d1f8
100000bc:	6618b502 	.word	0x6618b502
100000c0:	f7ff6618 	.word	0xf7ff6618
100000c4:	6e18fff2 	.word	0x6e18fff2
100000c8:	bd026e18 	.word	0xbd026e18
100000cc:	40020000 	.word	0x40020000
100000d0:	18000000 	.word	0x18000000
100000d4:	00070000 	.word	0x00070000
100000d8:	005f0300 	.word	0x005f0300
100000dc:	00002221 	.word	0x00002221
100000e0:	180000f4 	.word	0x180000f4
100000e4:	a0002022 	.word	0xa0002022
100000e8:	10000100 	.word	0x10000100
100000ec:	e000ed08 	.word	0xe000ed08
	...
100000fc:	7a4eb274 	.word	0x7a4eb274

Disassembly of section .text:

10000100 <__VECTOR_TABLE>:
10000100:	20042000 	.word	0x20042000
10000104:	100001f7 	.word	0x100001f7
10000108:	100001cb 	.word	0x100001cb
1000010c:	100001cd 	.word	0x100001cd
10000110:	100001c9 	.word	0x100001c9
10000114:	100001c9 	.word	0x100001c9
10000118:	100001c9 	.word	0x100001c9
1000011c:	100001c9 	.word	0x100001c9
10000120:	100001c9 	.word	0x100001c9
10000124:	100001c9 	.word	0x100001c9
10000128:	100001c9 	.word	0x100001c9
1000012c:	100001cf 	.word	0x100001cf
10000130:	100001c9 	.word	0x100001c9
10000134:	100001c9 	.word	0x100001c9
10000138:	100001d1 	.word	0x100001d1
1000013c:	100001d3 	.word	0x100001d3
10000140:	100001c1 	.word	0x100001c1
10000144:	100001c1 	.word	0x100001c1
10000148:	100001c1 	.word	0x100001c1
1000014c:	100001c1 	.word	0x100001c1
10000150:	100001c1 	.word	0x100001c1
10000154:	100001c1 	.word	0x100001c1
10000158:	100001c1 	.word	0x100001c1
1000015c:	100001c1 	.word	0x100001c1
10000160:	100001c1 	.word	0x100001c1
10000164:	100001c1 	.word	0x100001c1
10000168:	100001c1 	.word	0x100001c1
1000016c:	100001c1 	.word	0x100001c1
10000170:	100001c1 	.word	0x100001c1
10000174:	100001c1 	.word	0x100001c1
10000178:	100001c1 	.word	0x100001c1
1000017c:	100001c1 	.word	0x100001c1
10000180:	100001c1 	.word	0x100001c1
10000184:	100001c1 	.word	0x100001c1
10000188:	100001c1 	.word	0x100001c1
1000018c:	100001c1 	.word	0x100001c1
10000190:	100001c1 	.word	0x100001c1
10000194:	100001c1 	.word	0x100001c1
10000198:	100001c1 	.word	0x100001c1
1000019c:	100001c1 	.word	0x100001c1
100001a0:	100001c1 	.word	0x100001c1
100001a4:	100001c1 	.word	0x100001c1
100001a8:	100001c1 	.word	0x100001c1
100001ac:	100001c1 	.word	0x100001c1
100001b0:	100001c1 	.word	0x100001c1
100001b4:	100001c1 	.word	0x100001c1
100001b8:	100001c1 	.word	0x100001c1
100001bc:	100001c1 	.word	0x100001c1

100001c0 <__unhandled_user_irq>:
100001c0:	f3ef 8005 	mrs	r0, IPSR
100001c4:	3810      	subs	r0, #16

100001c6 <unhandled_user_irq_num_in_r0>:
100001c6:	be00      	bkpt	0x0000

100001c8 <isr_invalid>:
100001c8:	be00      	bkpt	0x0000

100001ca <isr_nmi>:
100001ca:	be00      	bkpt	0x0000

100001cc <isr_hardfault>:
100001cc:	be00      	bkpt	0x0000

100001ce <isr_svcall>:
100001ce:	be00      	bkpt	0x0000

100001d0 <isr_pendsv>:
100001d0:	be00      	bkpt	0x0000

100001d2 <isr_systick>:
100001d2:	be00      	bkpt	0x0000

100001d4 <__default_isrs_end>:
100001d4:	7188ebf2 	.word	0x7188ebf2
100001d8:	1000750c 	.word	0x1000750c
100001dc:	1000752c 	.word	0x1000752c
100001e0:	10000238 	.word	0x10000238
100001e4:	e71aa390 	.word	0xe71aa390

100001e8 <_entry_point>:
100001e8:	481e      	ldr	r0, [pc, #120]	@ (10000264 <data_cpy_table+0x2c>)

100001ea <_enter_vtable_in_r0>:
100001ea:	491f      	ldr	r1, [pc, #124]	@ (10000268 <data_cpy_table+0x30>)
100001ec:	6008      	str	r0, [r1, #0]
100001ee:	c806      	ldmia	r0!, {r1, r2}
100001f0:	f381 8808 	msr	MSP, r1
100001f4:	4710      	bx	r2

100001f6 <_reset_handler>:
100001f6:	481d      	ldr	r0, [pc, #116]	@ (1000026c <data_cpy_table+0x34>)
100001f8:	6800      	ldr	r0, [r0, #0]
100001fa:	2800      	cmp	r0, #0
100001fc:	d001      	beq.n	10000202 <hold_non_core0_in_bootrom+0x4>

100001fe <hold_non_core0_in_bootrom>:
100001fe:	4819      	ldr	r0, [pc, #100]	@ (10000264 <data_cpy_table+0x2c>)
10000200:	e7f3      	b.n	100001ea <_enter_vtable_in_r0>
10000202:	a40d      	add	r4, pc, #52	@ (adr r4, 10000238 <data_cpy_table>)
10000204:	cc0e      	ldmia	r4!, {r1, r2, r3}
10000206:	2900      	cmp	r1, #0
10000208:	d002      	beq.n	10000210 <hold_non_core0_in_bootrom+0x12>
1000020a:	f000 f812 	bl	10000232 <data_cpy>
1000020e:	e7f9      	b.n	10000204 <hold_non_core0_in_bootrom+0x6>
10000210:	4917      	ldr	r1, [pc, #92]	@ (10000270 <data_cpy_table+0x38>)
10000212:	4a18      	ldr	r2, [pc, #96]	@ (10000274 <data_cpy_table+0x3c>)
10000214:	2000      	movs	r0, #0
10000216:	e000      	b.n	1000021a <bss_fill_test>

10000218 <bss_fill_loop>:
10000218:	c101      	stmia	r1!, {r0}

1000021a <bss_fill_test>:
1000021a:	4291      	cmp	r1, r2
1000021c:	d1fc      	bne.n	10000218 <bss_fill_loop>

1000021e <platform_entry>:
1000021e:	4916      	ldr	r1, [pc, #88]	@ (10000278 <data_cpy_table+0x40>)
10000220:	4788      	blx	r1
10000222:	4916      	ldr	r1, [pc, #88]	@ (1000027c <data_cpy_table+0x44>)
10000224:	4788      	blx	r1
10000226:	4916      	ldr	r1, [pc, #88]	@ (10000280 <data_cpy_table+0x48>)
10000228:	4788      	blx	r1
1000022a:	be00      	bkpt	0x0000
1000022c:	e7fd      	b.n	1000022a <platform_entry+0xc>

1000022e <data_cpy_loop>:
1000022e:	c901      	ldmia	r1!, {r0}
10000230:	c201      	stmia	r2!, {r0}

10000232 <data_cpy>:
10000232:	429a      	cmp	r2, r3
10000234:	d3fb      	bcc.n	1000022e <data_cpy_loop>
10000236:	4770      	bx	lr

10000238 <data_cpy_table>:
10000238:	1000752c 	.word	0x1000752c
1000023c:	200000c0 	.word	0x200000c0
10000240:	200010b0 	.word	0x200010b0
10000244:	1000851c 	.word	0x1000851c
10000248:	20040000 	.word	0x20040000
1000024c:	20040000 	.word	0x20040000
10000250:	1000851c 	.word	0x1000851c
10000254:	20041000 	.word	0x20041000
10000258:	20041000 	.word	0x20041000
1000025c:	00000000 	.word	0x00000000
10000260:	4770      	bx	lr
10000262:	0000      	.short	0x0000
10000264:	00000000 	.word	0x00000000
10000268:	e000ed08 	.word	0xe000ed08
1000026c:	d0000000 	.word	0xd0000000
10000270:	200010b0 	.word	0x200010b0
10000274:	20002bb8 	.word	0x20002bb8
10000278:	100040d5 	.word	0x100040d5
1000027c:	100002d5 	.word	0x100002d5
10000280:	100040cd 	.word	0x100040cd

10000284 <_init>:
10000284:	b5f8      	push	{r3, r4, r5, r6, r7, lr}
10000286:	46c0      	nop			@ (mov r8, r8)

10000288 <register_tm_clones>:
10000288:	4806      	ldr	r0, [pc, #24]	@ (100002a4 <register_tm_clones+0x1c>)
1000028a:	4907      	ldr	r1, [pc, #28]	@ (100002a8 <register_tm_clones+0x20>)
1000028c:	1a09      	subs	r1, r1, r0
1000028e:	108b      	asrs	r3, r1, #2
10000290:	0fc9      	lsrs	r1, r1, #31
10000292:	18c9      	adds	r1, r1, r3
10000294:	b510      	push	{r4, lr}
10000296:	1049      	asrs	r1, r1, #1
10000298:	d003      	beq.n	100002a2 <register_tm_clones+0x1a>
1000029a:	4b04      	ldr	r3, [pc, #16]	@ (100002ac <register_tm_clones+0x24>)
1000029c:	2b00      	cmp	r3, #0
1000029e:	d000      	beq.n	100002a2 <register_tm_clones+0x1a>
100002a0:	4798      	blx	r3
100002a2:	bd10      	pop	{r4, pc}
100002a4:	200010b0 	.word	0x200010b0
100002a8:	200010b0 	.word	0x200010b0
100002ac:	00000000 	.word	0x00000000

100002b0 <frame_dummy>:
100002b0:	4b05      	ldr	r3, [pc, #20]	@ (100002c8 <frame_dummy+0x18>)
100002b2:	b510      	push	{r4, lr}
100002b4:	2b00      	cmp	r3, #0
100002b6:	d003      	beq.n	100002c0 <frame_dummy+0x10>
100002b8:	4904      	ldr	r1, [pc, #16]	@ (100002cc <frame_dummy+0x1c>)
100002ba:	4805      	ldr	r0, [pc, #20]	@ (100002d0 <frame_dummy+0x20>)
100002bc:	e000      	b.n	100002c0 <frame_dummy+0x10>
100002be:	bf00      	nop
100002c0:	f7ff ffe2 	bl	10000288 <register_tm_clones>
100002c4:	bd10      	pop	{r4, pc}
100002c6:	46c0      	nop			@ (mov r8, r8)
100002c8:	00000000 	.word	0x00000000
100002cc:	20002b4c 	.word	0x20002b4c
100002d0:	10006e1c 	.word	0x10006e1c

100002d4 <main>:
100002d4:	b5f0      	push	{r4, r5, r6, r7, lr}
100002d6:	46de      	mov	lr, fp
100002d8:	4645      	mov	r5, r8
100002da:	4657      	mov	r7, sl
100002dc:	464e      	mov	r6, r9
100002de:	b5e0      	push	{r5, r6, r7, lr}
100002e0:	b095      	sub	sp, #84	@ 0x54
100002e2:	f004 f835 	bl	10004350 <stdio_init_all>
100002e6:	489d      	ldr	r0, [pc, #628]	@ (1000055c <main+0x288>)
100002e8:	f000 ff62 	bl	100011b0 <sleep_ms>
100002ec:	4b9c      	ldr	r3, [pc, #624]	@ (10000560 <main+0x28c>)
100002ee:	25d0      	movs	r5, #208	@ 0xd0
100002f0:	001c      	movs	r4, r3
100002f2:	9313      	str	r3, [sp, #76]	@ 0x4c
100002f4:	330c      	adds	r3, #12
100002f6:	001f      	movs	r7, r3
100002f8:	2301      	movs	r3, #1
100002fa:	4698      	mov	r8, r3
100002fc:	062d      	lsls	r5, r5, #24
100002fe:	7826      	ldrb	r6, [r4, #0]
10000300:	3401      	adds	r4, #1
10000302:	0030      	movs	r0, r6
10000304:	f000 f94a 	bl	1000059c <gpio_init>
10000308:	4643      	mov	r3, r8
1000030a:	40b3      	lsls	r3, r6
1000030c:	626b      	str	r3, [r5, #36]	@ 0x24
1000030e:	61ab      	str	r3, [r5, #24]
10000310:	42bc      	cmp	r4, r7
10000312:	d1f4      	bne.n	100002fe <main+0x2a>
10000314:	2346      	movs	r3, #70	@ 0x46
10000316:	221e      	movs	r2, #30
10000318:	210c      	movs	r1, #12
1000031a:	4892      	ldr	r0, [pc, #584]	@ (10000564 <main+0x290>)
1000031c:	f004 f8ea 	bl	100044f4 <__wrap_printf>
10000320:	4891      	ldr	r0, [pc, #580]	@ (10000568 <main+0x294>)
10000322:	f004 f863 	bl	100043ec <__wrap_puts>
10000326:	f001 f859 	bl	100013dc <time_us_64>
1000032a:	2300      	movs	r3, #0
1000032c:	4a8f      	ldr	r2, [pc, #572]	@ (1000056c <main+0x298>)
1000032e:	1880      	adds	r0, r0, r2
10000330:	4159      	adcs	r1, r3
10000332:	9008      	str	r0, [sp, #32]
10000334:	9109      	str	r1, [sp, #36]	@ 0x24
10000336:	2900      	cmp	r1, #0
10000338:	da04      	bge.n	10000344 <main+0x70>
1000033a:	2301      	movs	r3, #1
1000033c:	4c8c      	ldr	r4, [pc, #560]	@ (10000570 <main+0x29c>)
1000033e:	425b      	negs	r3, r3
10000340:	9308      	str	r3, [sp, #32]
10000342:	9409      	str	r4, [sp, #36]	@ 0x24
10000344:	4b8b      	ldr	r3, [pc, #556]	@ (10000574 <main+0x2a0>)
10000346:	685c      	ldr	r4, [r3, #4]
10000348:	681b      	ldr	r3, [r3, #0]
1000034a:	930e      	str	r3, [sp, #56]	@ 0x38
1000034c:	940f      	str	r4, [sp, #60]	@ 0x3c
1000034e:	f001 f845 	bl	100013dc <time_us_64>
10000352:	2300      	movs	r3, #0
10000354:	4a88      	ldr	r2, [pc, #544]	@ (10000578 <main+0x2a4>)
10000356:	1880      	adds	r0, r0, r2
10000358:	4159      	adcs	r1, r3
1000035a:	9004      	str	r0, [sp, #16]
1000035c:	9105      	str	r1, [sp, #20]
1000035e:	2900      	cmp	r1, #0
10000360:	da04      	bge.n	1000036c <main+0x98>
10000362:	2301      	movs	r3, #1
10000364:	4c82      	ldr	r4, [pc, #520]	@ (10000570 <main+0x29c>)
10000366:	425b      	negs	r3, r3
10000368:	9304      	str	r3, [sp, #16]
1000036a:	9405      	str	r4, [sp, #20]
1000036c:	2300      	movs	r3, #0
1000036e:	469a      	mov	sl, r3
10000370:	9311      	str	r3, [sp, #68]	@ 0x44
10000372:	9310      	str	r3, [sp, #64]	@ 0x40
10000374:	930b      	str	r3, [sp, #44]	@ 0x2c
10000376:	4b81      	ldr	r3, [pc, #516]	@ (1000057c <main+0x2a8>)
10000378:	2700      	movs	r7, #0
1000037a:	469b      	mov	fp, r3
1000037c:	4b80      	ldr	r3, [pc, #512]	@ (10000580 <main+0x2ac>)
1000037e:	970a      	str	r7, [sp, #40]	@ 0x28
10000380:	9306      	str	r3, [sp, #24]
10000382:	4b80      	ldr	r3, [pc, #512]	@ (10000584 <main+0x2b0>)
10000384:	4d80      	ldr	r5, [pc, #512]	@ (10000588 <main+0x2b4>)
10000386:	4699      	mov	r9, r3
10000388:	4b80      	ldr	r3, [pc, #512]	@ (1000058c <main+0x2b8>)
1000038a:	464f      	mov	r7, r9
1000038c:	4698      	mov	r8, r3
1000038e:	4b80      	ldr	r3, [pc, #512]	@ (10000590 <main+0x2bc>)
10000390:	4c80      	ldr	r4, [pc, #512]	@ (10000594 <main+0x2c0>)
10000392:	9312      	str	r3, [sp, #72]	@ 0x48
10000394:	4653      	mov	r3, sl
10000396:	9307      	str	r3, [sp, #28]
10000398:	9b07      	ldr	r3, [sp, #28]
1000039a:	2b01      	cmp	r3, #1
1000039c:	d055      	beq.n	1000044a <main+0x176>
1000039e:	f001 f81d 	bl	100013dc <time_us_64>
100003a2:	9a08      	ldr	r2, [sp, #32]
100003a4:	9b09      	ldr	r3, [sp, #36]	@ 0x24
100003a6:	1a12      	subs	r2, r2, r0
100003a8:	418b      	sbcs	r3, r1
100003aa:	2b00      	cmp	r3, #0
100003ac:	dd70      	ble.n	10000490 <main+0x1bc>
100003ae:	6822      	ldr	r2, [r4, #0]
100003b0:	682b      	ldr	r3, [r5, #0]
100003b2:	429a      	cmp	r2, r3
100003b4:	d025      	beq.n	10000402 <main+0x12e>
100003b6:	6823      	ldr	r3, [r4, #0]
100003b8:	0058      	lsls	r0, r3, #1
100003ba:	18c0      	adds	r0, r0, r3
100003bc:	9b06      	ldr	r3, [sp, #24]
100003be:	00c0      	lsls	r0, r0, #3
100003c0:	469c      	mov	ip, r3
100003c2:	4460      	add	r0, ip
100003c4:	68c6      	ldr	r6, [r0, #12]
100003c6:	7a01      	ldrb	r1, [r0, #8]
100003c8:	46b1      	mov	r9, r6
100003ca:	6802      	ldr	r2, [r0, #0]
100003cc:	6843      	ldr	r3, [r0, #4]
100003ce:	267f      	movs	r6, #127	@ 0x7f
100003d0:	468a      	mov	sl, r1
100003d2:	7a41      	ldrb	r1, [r0, #9]
100003d4:	6900      	ldr	r0, [r0, #16]
100003d6:	4684      	mov	ip, r0
100003d8:	6820      	ldr	r0, [r4, #0]
100003da:	3001      	adds	r0, #1
100003dc:	4030      	ands	r0, r6
100003de:	6020      	str	r0, [r4, #0]
100003e0:	9202      	str	r2, [sp, #8]
100003e2:	9303      	str	r3, [sp, #12]
100003e4:	4653      	mov	r3, sl
100003e6:	9301      	str	r3, [sp, #4]
100003e8:	4643      	mov	r3, r8
100003ea:	5c5b      	ldrb	r3, [r3, r1]
100003ec:	464a      	mov	r2, r9
100003ee:	9300      	str	r3, [sp, #0]
100003f0:	0038      	movs	r0, r7
100003f2:	000b      	movs	r3, r1
100003f4:	4661      	mov	r1, ip
100003f6:	f004 f87d 	bl	100044f4 <__wrap_printf>
100003fa:	6822      	ldr	r2, [r4, #0]
100003fc:	682b      	ldr	r3, [r5, #0]
100003fe:	429a      	cmp	r2, r3
10000400:	d1d9      	bne.n	100003b6 <main+0xe2>
10000402:	f000 ffeb 	bl	100013dc <time_us_64>
10000406:	9a04      	ldr	r2, [sp, #16]
10000408:	9b05      	ldr	r3, [sp, #20]
1000040a:	1a12      	subs	r2, r2, r0
1000040c:	418b      	sbcs	r3, r1
1000040e:	2b00      	cmp	r3, #0
10000410:	dcc2      	bgt.n	10000398 <main+0xc4>
10000412:	d101      	bne.n	10000418 <main+0x144>
10000414:	2a00      	cmp	r2, #0
10000416:	d1bf      	bne.n	10000398 <main+0xc4>
10000418:	9804      	ldr	r0, [sp, #16]
1000041a:	9905      	ldr	r1, [sp, #20]
1000041c:	2300      	movs	r3, #0
1000041e:	4a56      	ldr	r2, [pc, #344]	@ (10000578 <main+0x2a4>)
10000420:	1880      	adds	r0, r0, r2
10000422:	4159      	adcs	r1, r3
10000424:	9004      	str	r0, [sp, #16]
10000426:	9105      	str	r1, [sp, #20]
10000428:	2900      	cmp	r1, #0
1000042a:	da04      	bge.n	10000436 <main+0x162>
1000042c:	2201      	movs	r2, #1
1000042e:	4b50      	ldr	r3, [pc, #320]	@ (10000570 <main+0x29c>)
10000430:	4252      	negs	r2, r2
10000432:	9204      	str	r2, [sp, #16]
10000434:	9305      	str	r3, [sp, #20]
10000436:	465b      	mov	r3, fp
10000438:	9a0a      	ldr	r2, [sp, #40]	@ 0x28
1000043a:	681b      	ldr	r3, [r3, #0]
1000043c:	990b      	ldr	r1, [sp, #44]	@ 0x2c
1000043e:	9812      	ldr	r0, [sp, #72]	@ 0x48
10000440:	f004 f858 	bl	100044f4 <__wrap_printf>
10000444:	9b07      	ldr	r3, [sp, #28]
10000446:	2b01      	cmp	r3, #1
10000448:	d1a9      	bne.n	1000039e <main+0xca>
1000044a:	f000 ffc7 	bl	100013dc <time_us_64>
1000044e:	9a0e      	ldr	r2, [sp, #56]	@ 0x38
10000450:	9b0f      	ldr	r3, [sp, #60]	@ 0x3c
10000452:	1a12      	subs	r2, r2, r0
10000454:	418b      	sbcs	r3, r1
10000456:	2b00      	cmp	r3, #0
10000458:	dca9      	bgt.n	100003ae <main+0xda>
1000045a:	d101      	bne.n	10000460 <main+0x18c>
1000045c:	2a00      	cmp	r2, #0
1000045e:	d1a6      	bne.n	100003ae <main+0xda>
10000460:	2301      	movs	r3, #1
10000462:	9a11      	ldr	r2, [sp, #68]	@ 0x44
10000464:	4093      	lsls	r3, r2
10000466:	22d0      	movs	r2, #208	@ 0xd0
10000468:	0612      	lsls	r2, r2, #24
1000046a:	6193      	str	r3, [r2, #24]
1000046c:	f000 ffb6 	bl	100013dc <time_us_64>
10000470:	2300      	movs	r3, #0
10000472:	4a3e      	ldr	r2, [pc, #248]	@ (1000056c <main+0x298>)
10000474:	1812      	adds	r2, r2, r0
10000476:	414b      	adcs	r3, r1
10000478:	9208      	str	r2, [sp, #32]
1000047a:	9309      	str	r3, [sp, #36]	@ 0x24
1000047c:	2b00      	cmp	r3, #0
1000047e:	da04      	bge.n	1000048a <main+0x1b6>
10000480:	2201      	movs	r2, #1
10000482:	4b3b      	ldr	r3, [pc, #236]	@ (10000570 <main+0x29c>)
10000484:	4252      	negs	r2, r2
10000486:	9208      	str	r2, [sp, #32]
10000488:	9309      	str	r3, [sp, #36]	@ 0x24
1000048a:	2300      	movs	r3, #0
1000048c:	9307      	str	r3, [sp, #28]
1000048e:	e78e      	b.n	100003ae <main+0xda>
10000490:	2b00      	cmp	r3, #0
10000492:	d101      	bne.n	10000498 <main+0x1c4>
10000494:	2a00      	cmp	r2, #0
10000496:	d18a      	bne.n	100003ae <main+0xda>
10000498:	9b10      	ldr	r3, [sp, #64]	@ 0x40
1000049a:	9a13      	ldr	r2, [sp, #76]	@ 0x4c
1000049c:	b2de      	uxtb	r6, r3
1000049e:	5cd2      	ldrb	r2, [r2, r3]
100004a0:	9211      	str	r2, [sp, #68]	@ 0x44
100004a2:	f000 ff9b 	bl	100013dc <time_us_64>
100004a6:	2301      	movs	r3, #1
100004a8:	9a11      	ldr	r2, [sp, #68]	@ 0x44
100004aa:	900c      	str	r0, [sp, #48]	@ 0x30
100004ac:	4093      	lsls	r3, r2
100004ae:	22d0      	movs	r2, #208	@ 0xd0
100004b0:	0612      	lsls	r2, r2, #24
100004b2:	910d      	str	r1, [sp, #52]	@ 0x34
100004b4:	6153      	str	r3, [r2, #20]
100004b6:	227f      	movs	r2, #127	@ 0x7f
100004b8:	682b      	ldr	r3, [r5, #0]
100004ba:	3301      	adds	r3, #1
100004bc:	401a      	ands	r2, r3
100004be:	6823      	ldr	r3, [r4, #0]
100004c0:	429a      	cmp	r2, r3
100004c2:	d045      	beq.n	10000550 <main+0x27c>
100004c4:	6829      	ldr	r1, [r5, #0]
100004c6:	004b      	lsls	r3, r1, #1
100004c8:	185b      	adds	r3, r3, r1
100004ca:	9906      	ldr	r1, [sp, #24]
100004cc:	00db      	lsls	r3, r3, #3
100004ce:	468c      	mov	ip, r1
100004d0:	980c      	ldr	r0, [sp, #48]	@ 0x30
100004d2:	990d      	ldr	r1, [sp, #52]	@ 0x34
100004d4:	4463      	add	r3, ip
100004d6:	6018      	str	r0, [r3, #0]
100004d8:	6059      	str	r1, [r3, #4]
100004da:	6829      	ldr	r1, [r5, #0]
100004dc:	004b      	lsls	r3, r1, #1
100004de:	185b      	adds	r3, r3, r1
100004e0:	00db      	lsls	r3, r3, #3
100004e2:	9911      	ldr	r1, [sp, #68]	@ 0x44
100004e4:	4463      	add	r3, ip
100004e6:	7219      	strb	r1, [r3, #8]
100004e8:	6829      	ldr	r1, [r5, #0]
100004ea:	004b      	lsls	r3, r1, #1
100004ec:	185b      	adds	r3, r3, r1
100004ee:	00db      	lsls	r3, r3, #3
100004f0:	6829      	ldr	r1, [r5, #0]
100004f2:	4463      	add	r3, ip
100004f4:	725e      	strb	r6, [r3, #9]
100004f6:	004b      	lsls	r3, r1, #1
100004f8:	185b      	adds	r3, r3, r1
100004fa:	00db      	lsls	r3, r3, #3
100004fc:	990b      	ldr	r1, [sp, #44]	@ 0x2c
100004fe:	4463      	add	r3, ip
10000500:	60d9      	str	r1, [r3, #12]
10000502:	6829      	ldr	r1, [r5, #0]
10000504:	602a      	str	r2, [r5, #0]
10000506:	004b      	lsls	r3, r1, #1
10000508:	185b      	adds	r3, r3, r1
1000050a:	00db      	lsls	r3, r3, #3
1000050c:	990a      	ldr	r1, [sp, #40]	@ 0x28
1000050e:	4463      	add	r3, ip
10000510:	6119      	str	r1, [r3, #16]
10000512:	2100      	movs	r1, #0
10000514:	9a0c      	ldr	r2, [sp, #48]	@ 0x30
10000516:	9b0d      	ldr	r3, [sp, #52]	@ 0x34
10000518:	481f      	ldr	r0, [pc, #124]	@ (10000598 <main+0x2c4>)
1000051a:	1812      	adds	r2, r2, r0
1000051c:	414b      	adcs	r3, r1
1000051e:	920e      	str	r2, [sp, #56]	@ 0x38
10000520:	930f      	str	r3, [sp, #60]	@ 0x3c
10000522:	2b00      	cmp	r3, #0
10000524:	da04      	bge.n	10000530 <main+0x25c>
10000526:	2201      	movs	r2, #1
10000528:	4b11      	ldr	r3, [pc, #68]	@ (10000570 <main+0x29c>)
1000052a:	4252      	negs	r2, r2
1000052c:	920e      	str	r2, [sp, #56]	@ 0x38
1000052e:	930f      	str	r3, [sp, #60]	@ 0x3c
10000530:	9b10      	ldr	r3, [sp, #64]	@ 0x40
10000532:	3301      	adds	r3, #1
10000534:	9310      	str	r3, [sp, #64]	@ 0x40
10000536:	2b0b      	cmp	r3, #11
10000538:	d904      	bls.n	10000544 <main+0x270>
1000053a:	9b0b      	ldr	r3, [sp, #44]	@ 0x2c
1000053c:	3301      	adds	r3, #1
1000053e:	930b      	str	r3, [sp, #44]	@ 0x2c
10000540:	2300      	movs	r3, #0
10000542:	9310      	str	r3, [sp, #64]	@ 0x40
10000544:	9b0a      	ldr	r3, [sp, #40]	@ 0x28
10000546:	3301      	adds	r3, #1
10000548:	930a      	str	r3, [sp, #40]	@ 0x28
1000054a:	2301      	movs	r3, #1
1000054c:	9307      	str	r3, [sp, #28]
1000054e:	e72e      	b.n	100003ae <main+0xda>
10000550:	465b      	mov	r3, fp
10000552:	465a      	mov	r2, fp
10000554:	681b      	ldr	r3, [r3, #0]
10000556:	3301      	adds	r3, #1
10000558:	6013      	str	r3, [r2, #0]
1000055a:	e7da      	b.n	10000512 <main+0x23e>
1000055c:	00004e20 	.word	0x00004e20
10000560:	10007050 	.word	0x10007050
10000564:	10006e20 	.word	0x10006e20
10000568:	10006e60 	.word	0x10006e60
1000056c:	00011170 	.word	0x00011170
10000570:	7fffffff 	.word	0x7fffffff
10000574:	10007060 	.word	0x10007060
10000578:	00124f80 	.word	0x00124f80
1000057c:	20002734 	.word	0x20002734
10000580:	20001230 	.word	0x20001230
10000584:	10006e90 	.word	0x10006e90
10000588:	20002b80 	.word	0x20002b80
1000058c:	10007044 	.word	0x10007044
10000590:	10006ea8 	.word	0x10006ea8
10000594:	20002b7c 	.word	0x20002b7c
10000598:	00007530 	.word	0x00007530

1000059c <gpio_init>:
1000059c:	2301      	movs	r3, #1
1000059e:	22d0      	movs	r2, #208	@ 0xd0
100005a0:	4083      	lsls	r3, r0
100005a2:	0612      	lsls	r2, r2, #24
100005a4:	6293      	str	r3, [r2, #40]	@ 0x28
100005a6:	6193      	str	r3, [r2, #24]
100005a8:	4a09      	ldr	r2, [pc, #36]	@ (100005d0 <gpio_init+0x34>)
100005aa:	0083      	lsls	r3, r0, #2
100005ac:	189a      	adds	r2, r3, r2
100005ae:	6811      	ldr	r1, [r2, #0]
100005b0:	2240      	movs	r2, #64	@ 0x40
100005b2:	4051      	eors	r1, r2
100005b4:	3280      	adds	r2, #128	@ 0x80
100005b6:	400a      	ands	r2, r1
100005b8:	4906      	ldr	r1, [pc, #24]	@ (100005d4 <gpio_init+0x38>)
100005ba:	00c0      	lsls	r0, r0, #3
100005bc:	468c      	mov	ip, r1
100005be:	4463      	add	r3, ip
100005c0:	601a      	str	r2, [r3, #0]
100005c2:	4b05      	ldr	r3, [pc, #20]	@ (100005d8 <gpio_init+0x3c>)
100005c4:	469c      	mov	ip, r3
100005c6:	2305      	movs	r3, #5
100005c8:	4460      	add	r0, ip
100005ca:	6043      	str	r3, [r0, #4]
100005cc:	4770      	bx	lr
100005ce:	46c0      	nop			@ (mov r8, r8)
100005d0:	4001c004 	.word	0x4001c004
100005d4:	4001d004 	.word	0x4001d004
100005d8:	40014000 	.word	0x40014000

100005dc <rp2040_chip_version>:
100005dc:	2380      	movs	r3, #128	@ 0x80
100005de:	05db      	lsls	r3, r3, #23
100005e0:	6818      	ldr	r0, [r3, #0]
100005e2:	0f00      	lsrs	r0, r0, #28
100005e4:	4770      	bx	lr
100005e6:	46c0      	nop			@ (mov r8, r8)

100005e8 <panic>:
100005e8:	b40f      	push	{r0, r1, r2, r3}
100005ea:	b500      	push	{lr}
100005ec:	4808      	ldr	r0, [pc, #32]	@ (10000610 <panic+0x28>)
100005ee:	b083      	sub	sp, #12
100005f0:	f003 fefc 	bl	100043ec <__wrap_puts>
100005f4:	9b04      	ldr	r3, [sp, #16]
100005f6:	2b00      	cmp	r3, #0
100005f8:	d007      	beq.n	1000060a <panic+0x22>
100005fa:	a905      	add	r1, sp, #20
100005fc:	0018      	movs	r0, r3
100005fe:	9101      	str	r1, [sp, #4]
10000600:	f003 fd4a 	bl	10004098 <weak_raw_vprintf>
10000604:	4803      	ldr	r0, [pc, #12]	@ (10000614 <panic+0x2c>)
10000606:	f003 fef1 	bl	100043ec <__wrap_puts>
1000060a:	2001      	movs	r0, #1
1000060c:	f003 fd5c 	bl	100040c8 <_exit>
10000610:	10006ed4 	.word	0x10006ed4
10000614:	10006ee4 	.word	0x10006ee4

10000618 <hw_claim_or_assert>:
10000618:	b570      	push	{r4, r5, r6, lr}
1000061a:	f3ef 8c10 	mrs	ip, PRIMASK
1000061e:	b672      	cpsid	i
10000620:	4d0d      	ldr	r5, [pc, #52]	@ (10000658 <hw_claim_or_assert+0x40>)
10000622:	682b      	ldr	r3, [r5, #0]
10000624:	2b00      	cmp	r3, #0
10000626:	d0fc      	beq.n	10000622 <hw_claim_or_assert+0xa>
10000628:	f3bf 8f5f 	dmb	sy
1000062c:	2407      	movs	r4, #7
1000062e:	08cb      	lsrs	r3, r1, #3
10000630:	18c6      	adds	r6, r0, r3
10000632:	5cc0      	ldrb	r0, [r0, r3]
10000634:	2301      	movs	r3, #1
10000636:	400c      	ands	r4, r1
10000638:	40a3      	lsls	r3, r4
1000063a:	001c      	movs	r4, r3
1000063c:	4004      	ands	r4, r0
1000063e:	4203      	tst	r3, r0
10000640:	d107      	bne.n	10000652 <hw_claim_or_assert+0x3a>
10000642:	4318      	orrs	r0, r3
10000644:	7030      	strb	r0, [r6, #0]
10000646:	f3bf 8f5f 	dmb	sy
1000064a:	602c      	str	r4, [r5, #0]
1000064c:	f38c 8810 	msr	PRIMASK, ip
10000650:	bd70      	pop	{r4, r5, r6, pc}
10000652:	0010      	movs	r0, r2
10000654:	f7ff ffc8 	bl	100005e8 <panic>
10000658:	d000012c 	.word	0xd000012c

1000065c <hw_claim_unused_from_range>:
1000065c:	b5f8      	push	{r3, r4, r5, r6, r7, lr}
1000065e:	4647      	mov	r7, r8
10000660:	46ce      	mov	lr, r9
10000662:	4688      	mov	r8, r1
10000664:	b580      	push	{r7, lr}
10000666:	f3ef 8c10 	mrs	ip, PRIMASK
1000066a:	b672      	cpsid	i
1000066c:	4d1c      	ldr	r5, [pc, #112]	@ (100006e0 <hw_claim_unused_from_range+0x84>)
1000066e:	682c      	ldr	r4, [r5, #0]
10000670:	2c00      	cmp	r4, #0
10000672:	d0fc      	beq.n	1000066e <hw_claim_unused_from_range+0x12>
10000674:	f3bf 8f5f 	dmb	sy
10000678:	429a      	cmp	r2, r3
1000067a:	d822      	bhi.n	100006c2 <hw_claim_unused_from_range+0x66>
1000067c:	2107      	movs	r1, #7
1000067e:	2601      	movs	r6, #1
10000680:	4689      	mov	r9, r1
10000682:	e002      	b.n	1000068a <hw_claim_unused_from_range+0x2e>
10000684:	3201      	adds	r2, #1
10000686:	4293      	cmp	r3, r2
10000688:	d318      	bcc.n	100006bc <hw_claim_unused_from_range+0x60>
1000068a:	464d      	mov	r5, r9
1000068c:	0037      	movs	r7, r6
1000068e:	4015      	ands	r5, r2
10000690:	40af      	lsls	r7, r5
10000692:	08d4      	lsrs	r4, r2, #3
10000694:	1901      	adds	r1, r0, r4
10000696:	5d04      	ldrb	r4, [r0, r4]
10000698:	4227      	tst	r7, r4
1000069a:	d1f3      	bne.n	10000684 <hw_claim_unused_from_range+0x28>
1000069c:	0010      	movs	r0, r2
1000069e:	433c      	orrs	r4, r7
100006a0:	700c      	strb	r4, [r1, #0]
100006a2:	f3bf 8f5f 	dmb	sy
100006a6:	2200      	movs	r2, #0
100006a8:	4b0d      	ldr	r3, [pc, #52]	@ (100006e0 <hw_claim_unused_from_range+0x84>)
100006aa:	601a      	str	r2, [r3, #0]
100006ac:	f38c 8810 	msr	PRIMASK, ip
100006b0:	2800      	cmp	r0, #0
100006b2:	db0e      	blt.n	100006d2 <hw_claim_unused_from_range+0x76>
100006b4:	bcc0      	pop	{r6, r7}
100006b6:	46b9      	mov	r9, r7
100006b8:	46b0      	mov	r8, r6
100006ba:	bdf8      	pop	{r3, r4, r5, r6, r7, pc}
100006bc:	2001      	movs	r0, #1
100006be:	4240      	negs	r0, r0
100006c0:	e7ef      	b.n	100006a2 <hw_claim_unused_from_range+0x46>
100006c2:	f3bf 8f5f 	dmb	sy
100006c6:	2300      	movs	r3, #0
100006c8:	602b      	str	r3, [r5, #0]
100006ca:	f38c 8810 	msr	PRIMASK, ip
100006ce:	2001      	movs	r0, #1
100006d0:	4240      	negs	r0, r0
100006d2:	4643      	mov	r3, r8
100006d4:	2b00      	cmp	r3, #0
100006d6:	d0ed      	beq.n	100006b4 <hw_claim_unused_from_range+0x58>
100006d8:	9808      	ldr	r0, [sp, #32]
100006da:	f7ff ff85 	bl	100005e8 <panic>
100006de:	46c0      	nop			@ (mov r8, r8)
100006e0:	d000012c 	.word	0xd000012c

100006e4 <next_striped_spin_lock_num>:
100006e4:	4a04      	ldr	r2, [pc, #16]	@ (100006f8 <next_striped_spin_lock_num+0x14>)
100006e6:	7810      	ldrb	r0, [r2, #0]
100006e8:	1c43      	adds	r3, r0, #1
100006ea:	b2db      	uxtb	r3, r3
100006ec:	2b17      	cmp	r3, #23
100006ee:	d900      	bls.n	100006f2 <next_striped_spin_lock_num+0xe>
100006f0:	2310      	movs	r3, #16
100006f2:	7013      	strb	r3, [r2, #0]
100006f4:	4770      	bx	lr
100006f6:	46c0      	nop			@ (mov r8, r8)
100006f8:	20000fe0 	.word	0x20000fe0

100006fc <spin_lock_claim_unused>:
100006fc:	b510      	push	{r4, lr}
100006fe:	4b06      	ldr	r3, [pc, #24]	@ (10000718 <spin_lock_claim_unused+0x1c>)
10000700:	4c06      	ldr	r4, [pc, #24]	@ (1000071c <spin_lock_claim_unused+0x20>)
10000702:	b082      	sub	sp, #8
10000704:	0001      	movs	r1, r0
10000706:	9300      	str	r3, [sp, #0]
10000708:	2218      	movs	r2, #24
1000070a:	231f      	movs	r3, #31
1000070c:	0020      	movs	r0, r4
1000070e:	f7ff ffa5 	bl	1000065c <hw_claim_unused_from_range>
10000712:	b002      	add	sp, #8
10000714:	bd10      	pop	{r4, pc}
10000716:	46c0      	nop			@ (mov r8, r8)
10000718:	10006ee8 	.word	0x10006ee8
1000071c:	200026d8 	.word	0x200026d8

10000720 <spin_locks_reset>:
10000720:	2100      	movs	r1, #0
10000722:	4b04      	ldr	r3, [pc, #16]	@ (10000734 <spin_locks_reset+0x14>)
10000724:	4a04      	ldr	r2, [pc, #16]	@ (10000738 <spin_locks_reset+0x18>)
10000726:	f3bf 8f5f 	dmb	sy
1000072a:	c302      	stmia	r3!, {r1}
1000072c:	4293      	cmp	r3, r2
1000072e:	d1fa      	bne.n	10000726 <spin_locks_reset+0x6>
10000730:	4770      	bx	lr
10000732:	46c0      	nop			@ (mov r8, r8)
10000734:	d0000100 	.word	0xd0000100
10000738:	d0000180 	.word	0xd0000180

1000073c <runtime_init_per_core_irq_priorities>:
1000073c:	4b05      	ldr	r3, [pc, #20]	@ (10000754 <runtime_init_per_core_irq_priorities+0x18>)
1000073e:	4a06      	ldr	r2, [pc, #24]	@ (10000758 <runtime_init_per_core_irq_priorities+0x1c>)
10000740:	6013      	str	r3, [r2, #0]
10000742:	4a06      	ldr	r2, [pc, #24]	@ (1000075c <runtime_init_per_core_irq_priorities+0x20>)
10000744:	6013      	str	r3, [r2, #0]
10000746:	6053      	str	r3, [r2, #4]
10000748:	6093      	str	r3, [r2, #8]
1000074a:	60d3      	str	r3, [r2, #12]
1000074c:	6113      	str	r3, [r2, #16]
1000074e:	6153      	str	r3, [r2, #20]
10000750:	6193      	str	r3, [r2, #24]
10000752:	4770      	bx	lr
10000754:	80808080 	.word	0x80808080
10000758:	e000e400 	.word	0xe000e400
1000075c:	e000e404 	.word	0xe000e404

10000760 <irq_set_enabled>:
10000760:	231f      	movs	r3, #31
10000762:	4018      	ands	r0, r3
10000764:	3b1e      	subs	r3, #30
10000766:	4083      	lsls	r3, r0
10000768:	2900      	cmp	r1, #0
1000076a:	d005      	beq.n	10000778 <irq_set_enabled+0x18>
1000076c:	21c0      	movs	r1, #192	@ 0xc0
1000076e:	4a04      	ldr	r2, [pc, #16]	@ (10000780 <irq_set_enabled+0x20>)
10000770:	0049      	lsls	r1, r1, #1
10000772:	5053      	str	r3, [r2, r1]
10000774:	6013      	str	r3, [r2, #0]
10000776:	4770      	bx	lr
10000778:	2280      	movs	r2, #128	@ 0x80
1000077a:	4901      	ldr	r1, [pc, #4]	@ (10000780 <irq_set_enabled+0x20>)
1000077c:	508b      	str	r3, [r1, r2]
1000077e:	e7fa      	b.n	10000776 <irq_set_enabled+0x16>
10000780:	e000e100 	.word	0xe000e100

10000784 <irq_is_enabled>:
10000784:	2201      	movs	r2, #1
10000786:	4082      	lsls	r2, r0
10000788:	4b03      	ldr	r3, [pc, #12]	@ (10000798 <irq_is_enabled+0x14>)
1000078a:	681b      	ldr	r3, [r3, #0]
1000078c:	4013      	ands	r3, r2
1000078e:	1e5a      	subs	r2, r3, #1
10000790:	4193      	sbcs	r3, r2
10000792:	b2d8      	uxtb	r0, r3
10000794:	4770      	bx	lr
10000796:	46c0      	nop			@ (mov r8, r8)
10000798:	e000e100 	.word	0xe000e100

1000079c <irq_set_pending>:
1000079c:	2301      	movs	r3, #1
1000079e:	4083      	lsls	r3, r0
100007a0:	4a01      	ldr	r2, [pc, #4]	@ (100007a8 <irq_set_pending+0xc>)
100007a2:	6013      	str	r3, [r2, #0]
100007a4:	4770      	bx	lr
100007a6:	46c0      	nop			@ (mov r8, r8)
100007a8:	e000e200 	.word	0xe000e200

100007ac <irq_has_shared_handler>:
100007ac:	4b06      	ldr	r3, [pc, #24]	@ (100007c8 <irq_has_shared_handler+0x1c>)
100007ae:	3010      	adds	r0, #16
100007b0:	689b      	ldr	r3, [r3, #8]
100007b2:	0080      	lsls	r0, r0, #2
100007b4:	58c3      	ldr	r3, [r0, r3]
100007b6:	4a05      	ldr	r2, [pc, #20]	@ (100007cc <irq_has_shared_handler+0x20>)
100007b8:	2000      	movs	r0, #0
100007ba:	1a9b      	subs	r3, r3, r2
100007bc:	222f      	movs	r2, #47	@ 0x2f
100007be:	429a      	cmp	r2, r3
100007c0:	4140      	adcs	r0, r0
100007c2:	b2c0      	uxtb	r0, r0
100007c4:	4770      	bx	lr
100007c6:	46c0      	nop			@ (mov r8, r8)
100007c8:	e000ed00 	.word	0xe000ed00
100007cc:	20000fe4 	.word	0x20000fe4

100007d0 <irq_set_exclusive_handler>:
100007d0:	b570      	push	{r4, r5, r6, lr}
100007d2:	000d      	movs	r5, r1
100007d4:	f3ef 8610 	mrs	r6, PRIMASK
100007d8:	b672      	cpsid	i
100007da:	4a0f      	ldr	r2, [pc, #60]	@ (10000818 <irq_set_exclusive_handler+0x48>)
100007dc:	6813      	ldr	r3, [r2, #0]
100007de:	2b00      	cmp	r3, #0
100007e0:	d0fc      	beq.n	100007dc <irq_set_exclusive_handler+0xc>
100007e2:	f3bf 8f5f 	dmb	sy
100007e6:	4b0d      	ldr	r3, [pc, #52]	@ (1000081c <irq_set_exclusive_handler+0x4c>)
100007e8:	3010      	adds	r0, #16
100007ea:	689b      	ldr	r3, [r3, #8]
100007ec:	0084      	lsls	r4, r0, #2
100007ee:	591b      	ldr	r3, [r3, r4]
100007f0:	4a0b      	ldr	r2, [pc, #44]	@ (10000820 <irq_set_exclusive_handler+0x50>)
100007f2:	4293      	cmp	r3, r2
100007f4:	d003      	beq.n	100007fe <irq_set_exclusive_handler+0x2e>
100007f6:	429d      	cmp	r5, r3
100007f8:	d001      	beq.n	100007fe <irq_set_exclusive_handler+0x2e>
100007fa:	f000 ffff 	bl	100017fc <hard_assertion_failure>
100007fe:	4b07      	ldr	r3, [pc, #28]	@ (1000081c <irq_set_exclusive_handler+0x4c>)
10000800:	689b      	ldr	r3, [r3, #8]
10000802:	511d      	str	r5, [r3, r4]
10000804:	f3bf 8f5f 	dmb	sy
10000808:	f3bf 8f5f 	dmb	sy
1000080c:	2200      	movs	r2, #0
1000080e:	4b02      	ldr	r3, [pc, #8]	@ (10000818 <irq_set_exclusive_handler+0x48>)
10000810:	601a      	str	r2, [r3, #0]
10000812:	f386 8810 	msr	PRIMASK, r6
10000816:	bd70      	pop	{r4, r5, r6, pc}
10000818:	d0000124 	.word	0xd0000124
1000081c:	e000ed00 	.word	0xe000ed00
10000820:	100001c1 	.word	0x100001c1

10000824 <irq_add_shared_handler>:
10000824:	b5f0      	push	{r4, r5, r6, r7, lr}
10000826:	4657      	mov	r7, sl
10000828:	464e      	mov	r6, r9
1000082a:	46de      	mov	lr, fp
1000082c:	4645      	mov	r5, r8
1000082e:	b5e0      	push	{r5, r6, r7, lr}
10000830:	b085      	sub	sp, #20
10000832:	0006      	movs	r6, r0
10000834:	9100      	str	r1, [sp, #0]
10000836:	0017      	movs	r7, r2
10000838:	f3ef 8b10 	mrs	fp, PRIMASK
1000083c:	b672      	cpsid	i
1000083e:	4a6a      	ldr	r2, [pc, #424]	@ (100009e8 <irq_add_shared_handler+0x1c4>)
10000840:	6813      	ldr	r3, [r2, #0]
10000842:	2b00      	cmp	r3, #0
10000844:	d0fc      	beq.n	10000840 <irq_add_shared_handler+0x1c>
10000846:	f3bf 8f5f 	dmb	sy
1000084a:	2500      	movs	r5, #0
1000084c:	4b67      	ldr	r3, [pc, #412]	@ (100009ec <irq_add_shared_handler+0x1c8>)
1000084e:	575d      	ldrsb	r5, [r3, r5]
10000850:	469a      	mov	sl, r3
10000852:	2d00      	cmp	r5, #0
10000854:	da00      	bge.n	10000858 <irq_add_shared_handler+0x34>
10000856:	e0a9      	b.n	100009ac <irq_add_shared_handler+0x188>
10000858:	006b      	lsls	r3, r5, #1
1000085a:	4c65      	ldr	r4, [pc, #404]	@ (100009f0 <irq_add_shared_handler+0x1cc>)
1000085c:	9301      	str	r3, [sp, #4]
1000085e:	195b      	adds	r3, r3, r5
10000860:	009b      	lsls	r3, r3, #2
10000862:	4698      	mov	r8, r3
10000864:	46a1      	mov	r9, r4
10000866:	44c1      	add	r9, r8
10000868:	464b      	mov	r3, r9
1000086a:	4652      	mov	r2, sl
1000086c:	799b      	ldrb	r3, [r3, #6]
1000086e:	3610      	adds	r6, #16
10000870:	7013      	strb	r3, [r2, #0]
10000872:	4b60      	ldr	r3, [pc, #384]	@ (100009f4 <irq_add_shared_handler+0x1d0>)
10000874:	00b6      	lsls	r6, r6, #2
10000876:	689b      	ldr	r3, [r3, #8]
10000878:	5999      	ldr	r1, [r3, r6]
1000087a:	1b0b      	subs	r3, r1, r4
1000087c:	2b2f      	cmp	r3, #47	@ 0x2f
1000087e:	d933      	bls.n	100008e8 <irq_add_shared_handler+0xc4>
10000880:	4b5d      	ldr	r3, [pc, #372]	@ (100009f8 <irq_add_shared_handler+0x1d4>)
10000882:	4299      	cmp	r1, r3
10000884:	d000      	beq.n	10000888 <irq_add_shared_handler+0x64>
10000886:	e0ac      	b.n	100009e2 <irq_add_shared_handler+0x1be>
10000888:	9b01      	ldr	r3, [sp, #4]
1000088a:	4642      	mov	r2, r8
1000088c:	469c      	mov	ip, r3
1000088e:	4b5b      	ldr	r3, [pc, #364]	@ (100009fc <irq_add_shared_handler+0x1d8>)
10000890:	4465      	add	r5, ip
10000892:	00ad      	lsls	r5, r5, #2
10000894:	5363      	strh	r3, [r4, r5]
10000896:	4b5a      	ldr	r3, [pc, #360]	@ (10000a00 <irq_add_shared_handler+0x1dc>)
10000898:	3202      	adds	r2, #2
1000089a:	18a2      	adds	r2, r4, r2
1000089c:	3b04      	subs	r3, #4
1000089e:	1a9b      	subs	r3, r3, r2
100008a0:	051b      	lsls	r3, r3, #20
100008a2:	4a58      	ldr	r2, [pc, #352]	@ (10000a04 <irq_add_shared_handler+0x1e0>)
100008a4:	0d5b      	lsrs	r3, r3, #21
100008a6:	1965      	adds	r5, r4, r5
100008a8:	4313      	orrs	r3, r2
100008aa:	806b      	strh	r3, [r5, #2]
100008ac:	4b56      	ldr	r3, [pc, #344]	@ (10000a08 <irq_add_shared_handler+0x1e4>)
100008ae:	2101      	movs	r1, #1
100008b0:	80ab      	strh	r3, [r5, #4]
100008b2:	23ff      	movs	r3, #255	@ 0xff
100008b4:	71ab      	strb	r3, [r5, #6]
100008b6:	9b00      	ldr	r3, [sp, #0]
100008b8:	71ef      	strb	r7, [r5, #7]
100008ba:	60ab      	str	r3, [r5, #8]
100008bc:	464b      	mov	r3, r9
100008be:	430b      	orrs	r3, r1
100008c0:	0019      	movs	r1, r3
100008c2:	4b4c      	ldr	r3, [pc, #304]	@ (100009f4 <irq_add_shared_handler+0x1d0>)
100008c4:	689b      	ldr	r3, [r3, #8]
100008c6:	5199      	str	r1, [r3, r6]
100008c8:	f3bf 8f5f 	dmb	sy
100008cc:	f3bf 8f5f 	dmb	sy
100008d0:	2200      	movs	r2, #0
100008d2:	4b45      	ldr	r3, [pc, #276]	@ (100009e8 <irq_add_shared_handler+0x1c4>)
100008d4:	601a      	str	r2, [r3, #0]
100008d6:	f38b 8810 	msr	PRIMASK, fp
100008da:	b005      	add	sp, #20
100008dc:	bcf0      	pop	{r4, r5, r6, r7}
100008de:	46bb      	mov	fp, r7
100008e0:	46b2      	mov	sl, r6
100008e2:	46a9      	mov	r9, r5
100008e4:	46a0      	mov	r8, r4
100008e6:	bdf0      	pop	{r4, r5, r6, r7, pc}
100008e8:	2001      	movs	r0, #1
100008ea:	000a      	movs	r2, r1
100008ec:	4382      	bics	r2, r0
100008ee:	79d3      	ldrb	r3, [r2, #7]
100008f0:	468c      	mov	ip, r1
100008f2:	42bb      	cmp	r3, r7
100008f4:	d831      	bhi.n	1000095a <irq_add_shared_handler+0x136>
100008f6:	4645      	mov	r5, r8
100008f8:	0013      	movs	r3, r2
100008fa:	4944      	ldr	r1, [pc, #272]	@ (10000a0c <irq_add_shared_handler+0x1e8>)
100008fc:	1b1b      	subs	r3, r3, r4
100008fe:	415b      	adcs	r3, r3
10000900:	4359      	muls	r1, r3
10000902:	0d09      	lsrs	r1, r1, #20
10000904:	4b3d      	ldr	r3, [pc, #244]	@ (100009fc <irq_add_shared_handler+0x1d8>)
10000906:	5363      	strh	r3, [r4, r5]
10000908:	4b3d      	ldr	r3, [pc, #244]	@ (10000a00 <irq_add_shared_handler+0x1dc>)
1000090a:	3502      	adds	r5, #2
1000090c:	1965      	adds	r5, r4, r5
1000090e:	3b04      	subs	r3, #4
10000910:	1b5b      	subs	r3, r3, r5
10000912:	051b      	lsls	r3, r3, #20
10000914:	4d3b      	ldr	r5, [pc, #236]	@ (10000a04 <irq_add_shared_handler+0x1e0>)
10000916:	0d5b      	lsrs	r3, r3, #21
10000918:	432b      	orrs	r3, r5
1000091a:	46aa      	mov	sl, r5
1000091c:	464d      	mov	r5, r9
1000091e:	806b      	strh	r3, [r5, #2]
10000920:	2504      	movs	r5, #4
10000922:	46ac      	mov	ip, r5
10000924:	4655      	mov	r5, sl
10000926:	44e0      	add	r8, ip
10000928:	1f13      	subs	r3, r2, #4
1000092a:	4444      	add	r4, r8
1000092c:	1b1b      	subs	r3, r3, r4
1000092e:	051b      	lsls	r3, r3, #20
10000930:	0d5b      	lsrs	r3, r3, #21
10000932:	431d      	orrs	r5, r3
10000934:	464b      	mov	r3, r9
10000936:	7199      	strb	r1, [r3, #6]
10000938:	9900      	ldr	r1, [sp, #0]
1000093a:	809d      	strh	r5, [r3, #4]
1000093c:	6099      	str	r1, [r3, #8]
1000093e:	4649      	mov	r1, r9
10000940:	71df      	strb	r7, [r3, #7]
10000942:	4b33      	ldr	r3, [pc, #204]	@ (10000a10 <irq_add_shared_handler+0x1ec>)
10000944:	4301      	orrs	r1, r0
10000946:	6013      	str	r3, [r2, #0]
10000948:	e7bb      	b.n	100008c2 <irq_add_shared_handler+0x9e>
1000094a:	0058      	lsls	r0, r3, #1
1000094c:	18c0      	adds	r0, r0, r3
1000094e:	0080      	lsls	r0, r0, #2
10000950:	1820      	adds	r0, r4, r0
10000952:	79c1      	ldrb	r1, [r0, #7]
10000954:	42b9      	cmp	r1, r7
10000956:	d92f      	bls.n	100009b8 <irq_add_shared_handler+0x194>
10000958:	0002      	movs	r2, r0
1000095a:	2306      	movs	r3, #6
1000095c:	56d3      	ldrsb	r3, [r2, r3]
1000095e:	2b00      	cmp	r3, #0
10000960:	daf3      	bge.n	1000094a <irq_add_shared_handler+0x126>
10000962:	9302      	str	r3, [sp, #8]
10000964:	4b2b      	ldr	r3, [pc, #172]	@ (10000a14 <irq_add_shared_handler+0x1f0>)
10000966:	4661      	mov	r1, ip
10000968:	9303      	str	r3, [sp, #12]
1000096a:	1d13      	adds	r3, r2, #4
1000096c:	469a      	mov	sl, r3
1000096e:	2304      	movs	r3, #4
10000970:	425b      	negs	r3, r3
10000972:	469c      	mov	ip, r3
10000974:	44e1      	add	r9, ip
10000976:	4650      	mov	r0, sl
10000978:	464b      	mov	r3, r9
1000097a:	1a1b      	subs	r3, r3, r0
1000097c:	051b      	lsls	r3, r3, #20
1000097e:	0d5b      	lsrs	r3, r3, #21
10000980:	469c      	mov	ip, r3
10000982:	4b20      	ldr	r3, [pc, #128]	@ (10000a04 <irq_add_shared_handler+0x1e0>)
10000984:	7195      	strb	r5, [r2, #6]
10000986:	4698      	mov	r8, r3
10000988:	4663      	mov	r3, ip
1000098a:	4640      	mov	r0, r8
1000098c:	4303      	orrs	r3, r0
1000098e:	8093      	strh	r3, [r2, #4]
10000990:	9b01      	ldr	r3, [sp, #4]
10000992:	195a      	adds	r2, r3, r5
10000994:	0092      	lsls	r2, r2, #2
10000996:	9b03      	ldr	r3, [sp, #12]
10000998:	18a4      	adds	r4, r4, r2
1000099a:	80a3      	strh	r3, [r4, #4]
1000099c:	9b02      	ldr	r3, [sp, #8]
1000099e:	4a1c      	ldr	r2, [pc, #112]	@ (10000a10 <irq_add_shared_handler+0x1ec>)
100009a0:	71a3      	strb	r3, [r4, #6]
100009a2:	9b00      	ldr	r3, [sp, #0]
100009a4:	6022      	str	r2, [r4, #0]
100009a6:	71e7      	strb	r7, [r4, #7]
100009a8:	60a3      	str	r3, [r4, #8]
100009aa:	e78a      	b.n	100008c2 <irq_add_shared_handler+0x9e>
100009ac:	f000 ff26 	bl	100017fc <hard_assertion_failure>
100009b0:	2500      	movs	r5, #0
100009b2:	4653      	mov	r3, sl
100009b4:	575d      	ldrsb	r5, [r3, r5]
100009b6:	e74f      	b.n	10000858 <irq_add_shared_handler+0x34>
100009b8:	8890      	ldrh	r0, [r2, #4]
100009ba:	9302      	str	r3, [sp, #8]
100009bc:	0540      	lsls	r0, r0, #21
100009be:	1d13      	adds	r3, r2, #4
100009c0:	469a      	mov	sl, r3
100009c2:	1503      	asrs	r3, r0, #20
100009c4:	4661      	mov	r1, ip
100009c6:	469c      	mov	ip, r3
100009c8:	4640      	mov	r0, r8
100009ca:	44d4      	add	ip, sl
100009cc:	4663      	mov	r3, ip
100009ce:	3004      	adds	r0, #4
100009d0:	1820      	adds	r0, r4, r0
100009d2:	1a18      	subs	r0, r3, r0
100009d4:	23e0      	movs	r3, #224	@ 0xe0
100009d6:	0500      	lsls	r0, r0, #20
100009d8:	0d40      	lsrs	r0, r0, #21
100009da:	021b      	lsls	r3, r3, #8
100009dc:	4318      	orrs	r0, r3
100009de:	9003      	str	r0, [sp, #12]
100009e0:	e7c5      	b.n	1000096e <irq_add_shared_handler+0x14a>
100009e2:	f000 ff0b 	bl	100017fc <hard_assertion_failure>
100009e6:	e74f      	b.n	10000888 <irq_add_shared_handler+0x64>
100009e8:	d0000124 	.word	0xd0000124
100009ec:	20002bb1 	.word	0x20002bb1
100009f0:	20000fe4 	.word	0x20000fe4
100009f4:	e000ed00 	.word	0xe000ed00
100009f8:	100001c1 	.word	0x100001c1
100009fc:	ffffa100 	.word	0xffffa100
10000a00:	20001014 	.word	0x20001014
10000a04:	ffffe000 	.word	0xffffe000
10000a08:	ffffbd01 	.word	0xffffbd01
10000a0c:	0000aaaa 	.word	0x0000aaaa
10000a10:	47804801 	.word	0x47804801
10000a14:	0000bd01 	.word	0x0000bd01

10000a18 <irq_add_tail_to_free_list>:
10000a18:	b570      	push	{r4, r5, r6, lr}
10000a1a:	2401      	movs	r4, #1
10000a1c:	4304      	orrs	r4, r0
10000a1e:	f3ef 8105 	mrs	r1, IPSR
10000a22:	f3ef 8c10 	mrs	ip, PRIMASK
10000a26:	b672      	cpsid	i
10000a28:	4a21      	ldr	r2, [pc, #132]	@ (10000ab0 <irq_add_tail_to_free_list+0x98>)
10000a2a:	6813      	ldr	r3, [r2, #0]
10000a2c:	2b00      	cmp	r3, #0
10000a2e:	d0fc      	beq.n	10000a2a <irq_add_tail_to_free_list+0x12>
10000a30:	f3bf 8f5f 	dmb	sy
10000a34:	4b1f      	ldr	r3, [pc, #124]	@ (10000ab4 <irq_add_tail_to_free_list+0x9c>)
10000a36:	0005      	movs	r5, r0
10000a38:	4a1f      	ldr	r2, [pc, #124]	@ (10000ab8 <irq_add_tail_to_free_list+0xa0>)
10000a3a:	1aed      	subs	r5, r5, r3
10000a3c:	416d      	adcs	r5, r5
10000a3e:	436a      	muls	r2, r5
10000a40:	0d12      	lsrs	r2, r2, #20
10000a42:	4d1e      	ldr	r5, [pc, #120]	@ (10000abc <irq_add_tail_to_free_list+0xa4>)
10000a44:	0089      	lsls	r1, r1, #2
10000a46:	68ae      	ldr	r6, [r5, #8]
10000a48:	b252      	sxtb	r2, r2
10000a4a:	5876      	ldr	r6, [r6, r1]
10000a4c:	42a6      	cmp	r6, r4
10000a4e:	d01c      	beq.n	10000a8a <irq_add_tail_to_free_list+0x72>
10000a50:	2106      	movs	r1, #6
10000a52:	5659      	ldrsb	r1, [r3, r1]
10000a54:	4291      	cmp	r1, r2
10000a56:	d01c      	beq.n	10000a92 <irq_add_tail_to_free_list+0x7a>
10000a58:	2112      	movs	r1, #18
10000a5a:	5659      	ldrsb	r1, [r3, r1]
10000a5c:	4291      	cmp	r1, r2
10000a5e:	d022      	beq.n	10000aa6 <irq_add_tail_to_free_list+0x8e>
10000a60:	211e      	movs	r1, #30
10000a62:	5659      	ldrsb	r1, [r3, r1]
10000a64:	4291      	cmp	r1, r2
10000a66:	d020      	beq.n	10000aaa <irq_add_tail_to_free_list+0x92>
10000a68:	212a      	movs	r1, #42	@ 0x2a
10000a6a:	5659      	ldrsb	r1, [r3, r1]
10000a6c:	2403      	movs	r4, #3
10000a6e:	4291      	cmp	r1, r2
10000a70:	d010      	beq.n	10000a94 <irq_add_tail_to_free_list+0x7c>
10000a72:	4b13      	ldr	r3, [pc, #76]	@ (10000ac0 <irq_add_tail_to_free_list+0xa8>)
10000a74:	7819      	ldrb	r1, [r3, #0]
10000a76:	701a      	strb	r2, [r3, #0]
10000a78:	7181      	strb	r1, [r0, #6]
10000a7a:	f3bf 8f5f 	dmb	sy
10000a7e:	2200      	movs	r2, #0
10000a80:	4b0b      	ldr	r3, [pc, #44]	@ (10000ab0 <irq_add_tail_to_free_list+0x98>)
10000a82:	601a      	str	r2, [r3, #0]
10000a84:	f38c 8810 	msr	PRIMASK, ip
10000a88:	bd70      	pop	{r4, r5, r6, pc}
10000a8a:	68ab      	ldr	r3, [r5, #8]
10000a8c:	4c0d      	ldr	r4, [pc, #52]	@ (10000ac4 <irq_add_tail_to_free_list+0xac>)
10000a8e:	505c      	str	r4, [r3, r1]
10000a90:	e7ef      	b.n	10000a72 <irq_add_tail_to_free_list+0x5a>
10000a92:	2400      	movs	r4, #0
10000a94:	0061      	lsls	r1, r4, #1
10000a96:	1909      	adds	r1, r1, r4
10000a98:	0089      	lsls	r1, r1, #2
10000a9a:	185b      	adds	r3, r3, r1
10000a9c:	21ff      	movs	r1, #255	@ 0xff
10000a9e:	7199      	strb	r1, [r3, #6]
10000aa0:	4909      	ldr	r1, [pc, #36]	@ (10000ac8 <irq_add_tail_to_free_list+0xb0>)
10000aa2:	8099      	strh	r1, [r3, #4]
10000aa4:	e7e5      	b.n	10000a72 <irq_add_tail_to_free_list+0x5a>
10000aa6:	2401      	movs	r4, #1
10000aa8:	e7f4      	b.n	10000a94 <irq_add_tail_to_free_list+0x7c>
10000aaa:	2402      	movs	r4, #2
10000aac:	e7f2      	b.n	10000a94 <irq_add_tail_to_free_list+0x7c>
10000aae:	46c0      	nop			@ (mov r8, r8)
10000ab0:	d0000124 	.word	0xd0000124
10000ab4:	20000fe4 	.word	0x20000fe4
10000ab8:	0000aaaa 	.word	0x0000aaaa
10000abc:	e000ed00 	.word	0xe000ed00
10000ac0:	20002bb1 	.word	0x20002bb1
10000ac4:	100001c1 	.word	0x100001c1
10000ac8:	ffffbd01 	.word	0xffffbd01

10000acc <user_irq_claim_unused>:
10000acc:	b510      	push	{r4, lr}
10000ace:	4b08      	ldr	r3, [pc, #32]	@ (10000af0 <user_irq_claim_unused+0x24>)
10000ad0:	4c08      	ldr	r4, [pc, #32]	@ (10000af4 <user_irq_claim_unused+0x28>)
10000ad2:	b082      	sub	sp, #8
10000ad4:	0001      	movs	r1, r0
10000ad6:	9300      	str	r3, [sp, #0]
10000ad8:	2200      	movs	r2, #0
10000ada:	2305      	movs	r3, #5
10000adc:	0020      	movs	r0, r4
10000ade:	f7ff fdbd 	bl	1000065c <hw_claim_unused_from_range>
10000ae2:	2800      	cmp	r0, #0
10000ae4:	db01      	blt.n	10000aea <user_irq_claim_unused+0x1e>
10000ae6:	231f      	movs	r3, #31
10000ae8:	1a18      	subs	r0, r3, r0
10000aea:	b002      	add	sp, #8
10000aec:	bd10      	pop	{r4, pc}
10000aee:	46c0      	nop			@ (mov r8, r8)
10000af0:	10006f04 	.word	0x10006f04
10000af4:	20002bb5 	.word	0x20002bb5

10000af8 <lock_init>:
10000af8:	4b02      	ldr	r3, [pc, #8]	@ (10000b04 <lock_init+0xc>)
10000afa:	469c      	mov	ip, r3
10000afc:	4461      	add	r1, ip
10000afe:	0089      	lsls	r1, r1, #2
10000b00:	6001      	str	r1, [r0, #0]
10000b02:	4770      	bx	lr
10000b04:	34000040 	.word	0x34000040

10000b08 <runtime_init_mutex>:
10000b08:	b570      	push	{r4, r5, r6, lr}
10000b0a:	4c11      	ldr	r4, [pc, #68]	@ (10000b50 <runtime_init_mutex+0x48>)
10000b0c:	4d11      	ldr	r5, [pc, #68]	@ (10000b54 <runtime_init_mutex+0x4c>)
10000b0e:	42ac      	cmp	r4, r5
10000b10:	d20f      	bcs.n	10000b32 <runtime_init_mutex+0x2a>
10000b12:	26ff      	movs	r6, #255	@ 0xff
10000b14:	6823      	ldr	r3, [r4, #0]
10000b16:	2b00      	cmp	r3, #0
10000b18:	d00c      	beq.n	10000b34 <runtime_init_mutex+0x2c>
10000b1a:	f7ff fde3 	bl	100006e4 <next_striped_spin_lock_num>
10000b1e:	0001      	movs	r1, r0
10000b20:	0020      	movs	r0, r4
10000b22:	f7ff ffe9 	bl	10000af8 <lock_init>
10000b26:	80a6      	strh	r6, [r4, #4]
10000b28:	f3bf 8f5f 	dmb	sy
10000b2c:	3408      	adds	r4, #8
10000b2e:	42ac      	cmp	r4, r5
10000b30:	d3f0      	bcc.n	10000b14 <runtime_init_mutex+0xc>
10000b32:	bd70      	pop	{r4, r5, r6, pc}
10000b34:	f7ff fdd6 	bl	100006e4 <next_striped_spin_lock_num>
10000b38:	0001      	movs	r1, r0
10000b3a:	0020      	movs	r0, r4
10000b3c:	f7ff ffdc 	bl	10000af8 <lock_init>
10000b40:	7126      	strb	r6, [r4, #4]
10000b42:	f3bf 8f5f 	dmb	sy
10000b46:	3408      	adds	r4, #8
10000b48:	42ac      	cmp	r4, r5
10000b4a:	d3e3      	bcc.n	10000b14 <runtime_init_mutex+0xc>
10000b4c:	e7f1      	b.n	10000b32 <runtime_init_mutex+0x2a>
10000b4e:	46c0      	nop			@ (mov r8, r8)
10000b50:	200010a8 	.word	0x200010a8
10000b54:	200010b0 	.word	0x200010b0

10000b58 <mutex_init>:
10000b58:	b510      	push	{r4, lr}
10000b5a:	0004      	movs	r4, r0
10000b5c:	f7ff fdc2 	bl	100006e4 <next_striped_spin_lock_num>
10000b60:	0001      	movs	r1, r0
10000b62:	0020      	movs	r0, r4
10000b64:	f7ff ffc8 	bl	10000af8 <lock_init>
10000b68:	23ff      	movs	r3, #255	@ 0xff
10000b6a:	7123      	strb	r3, [r4, #4]
10000b6c:	f3bf 8f5f 	dmb	sy
10000b70:	bd10      	pop	{r4, pc}
10000b72:	46c0      	nop			@ (mov r8, r8)

10000b74 <critical_section_init>:
10000b74:	b510      	push	{r4, lr}
10000b76:	0004      	movs	r4, r0
10000b78:	2001      	movs	r0, #1
10000b7a:	f7ff fdbf 	bl	100006fc <spin_lock_claim_unused>
10000b7e:	4b03      	ldr	r3, [pc, #12]	@ (10000b8c <critical_section_init+0x18>)
10000b80:	18c3      	adds	r3, r0, r3
10000b82:	009b      	lsls	r3, r3, #2
10000b84:	6023      	str	r3, [r4, #0]
10000b86:	f3bf 8f5f 	dmb	sy
10000b8a:	bd10      	pop	{r4, pc}
10000b8c:	34000040 	.word	0x34000040

10000b90 <critical_section_init_with_lock_num>:
10000b90:	4b03      	ldr	r3, [pc, #12]	@ (10000ba0 <critical_section_init_with_lock_num+0x10>)
10000b92:	469c      	mov	ip, r3
10000b94:	4461      	add	r1, ip
10000b96:	0089      	lsls	r1, r1, #2
10000b98:	6001      	str	r1, [r0, #0]
10000b9a:	f3bf 8f5f 	dmb	sy
10000b9e:	4770      	bx	lr
10000ba0:	34000040 	.word	0x34000040

10000ba4 <sleep_until_callback>:
10000ba4:	4b0a      	ldr	r3, [pc, #40]	@ (10000bd0 <sleep_until_callback+0x2c>)
10000ba6:	6819      	ldr	r1, [r3, #0]
10000ba8:	f3ef 8010 	mrs	r0, PRIMASK
10000bac:	b672      	cpsid	i
10000bae:	680a      	ldr	r2, [r1, #0]
10000bb0:	2a00      	cmp	r2, #0
10000bb2:	d0fc      	beq.n	10000bae <sleep_until_callback+0xa>
10000bb4:	f3bf 8f5f 	dmb	sy
10000bb8:	681b      	ldr	r3, [r3, #0]
10000bba:	f3bf 8f5f 	dmb	sy
10000bbe:	2200      	movs	r2, #0
10000bc0:	601a      	str	r2, [r3, #0]
10000bc2:	f380 8810 	msr	PRIMASK, r0
10000bc6:	bf40      	sev
10000bc8:	2000      	movs	r0, #0
10000bca:	2100      	movs	r1, #0
10000bcc:	4770      	bx	lr
10000bce:	46c0      	nop			@ (mov r8, r8)
10000bd0:	20002b90 	.word	0x20002b90

10000bd4 <alarm_pool_irq_handler>:
10000bd4:	b5f0      	push	{r4, r5, r6, r7, lr}
10000bd6:	46de      	mov	lr, fp
10000bd8:	4657      	mov	r7, sl
10000bda:	464e      	mov	r6, r9
10000bdc:	4645      	mov	r5, r8
10000bde:	b5e0      	push	{r5, r6, r7, lr}
10000be0:	b087      	sub	sp, #28
10000be2:	f3ef 8305 	mrs	r3, IPSR
10000be6:	2203      	movs	r2, #3
10000be8:	2501      	movs	r5, #1
10000bea:	401a      	ands	r2, r3
10000bec:	4095      	lsls	r5, r2
10000bee:	0091      	lsls	r1, r2, #2
10000bf0:	4688      	mov	r8, r1
10000bf2:	46a9      	mov	r9, r5
10000bf4:	4bb3      	ldr	r3, [pc, #716]	@ (10000ec4 <alarm_pool_irq_handler+0x2f0>)
10000bf6:	9203      	str	r2, [sp, #12]
10000bf8:	585c      	ldr	r4, [r3, r1]
10000bfa:	4bb3      	ldr	r3, [pc, #716]	@ (10000ec8 <alarm_pool_irq_handler+0x2f4>)
10000bfc:	601d      	str	r5, [r3, #0]
10000bfe:	4bb3      	ldr	r3, [pc, #716]	@ (10000ecc <alarm_pool_irq_handler+0x2f8>)
10000c00:	9304      	str	r3, [sp, #16]
10000c02:	464b      	mov	r3, r9
10000c04:	48b2      	ldr	r0, [pc, #712]	@ (10000ed0 <alarm_pool_irq_handler+0x2fc>)
10000c06:	6343      	str	r3, [r0, #52]	@ 0x34
10000c08:	2308      	movs	r3, #8
10000c0a:	5ee5      	ldrsh	r5, [r4, r3]
10000c0c:	2d00      	cmp	r5, #0
10000c0e:	da37      	bge.n	10000c80 <alarm_pool_irq_handler+0xac>
10000c10:	88a3      	ldrh	r3, [r4, #4]
10000c12:	b21b      	sxth	r3, r3
10000c14:	2b00      	cmp	r3, #0
10000c16:	db00      	blt.n	10000c1a <alarm_pool_irq_handler+0x46>
10000c18:	e0ad      	b.n	10000d76 <alarm_pool_irq_handler+0x1a2>
10000c1a:	79a3      	ldrb	r3, [r4, #6]
10000c1c:	2b00      	cmp	r3, #0
10000c1e:	d000      	beq.n	10000c22 <alarm_pool_irq_handler+0x4e>
10000c20:	e0ee      	b.n	10000e00 <alarm_pool_irq_handler+0x22c>
10000c22:	2308      	movs	r3, #8
10000c24:	5ee0      	ldrsh	r0, [r4, r3]
10000c26:	2800      	cmp	r0, #0
10000c28:	db20      	blt.n	10000c6c <alarm_pool_irq_handler+0x98>
10000c2a:	0043      	lsls	r3, r0, #1
10000c2c:	6962      	ldr	r2, [r4, #20]
10000c2e:	181b      	adds	r3, r3, r0
10000c30:	00db      	lsls	r3, r3, #3
10000c32:	18d3      	adds	r3, r2, r3
10000c34:	689e      	ldr	r6, [r3, #8]
10000c36:	68dd      	ldr	r5, [r3, #12]
10000c38:	1c73      	adds	r3, r6, #1
10000c3a:	d100      	bne.n	10000c3e <alarm_pool_irq_handler+0x6a>
10000c3c:	e111      	b.n	10000e62 <alarm_pool_irq_handler+0x28e>
10000c3e:	48a4      	ldr	r0, [pc, #656]	@ (10000ed0 <alarm_pool_irq_handler+0x2fc>)
10000c40:	0001      	movs	r1, r0
10000c42:	4441      	add	r1, r8
10000c44:	6a82      	ldr	r2, [r0, #40]	@ 0x28
10000c46:	690b      	ldr	r3, [r1, #16]
10000c48:	1ab7      	subs	r7, r6, r2
10000c4a:	1a9b      	subs	r3, r3, r2
10000c4c:	429f      	cmp	r7, r3
10000c4e:	d315      	bcc.n	10000c7c <alarm_pool_irq_handler+0xa8>
10000c50:	2301      	movs	r3, #1
10000c52:	6a02      	ldr	r2, [r0, #32]
10000c54:	9803      	ldr	r0, [sp, #12]
10000c56:	4083      	lsls	r3, r0
10000c58:	421a      	tst	r2, r3
10000c5a:	d00f      	beq.n	10000c7c <alarm_pool_irq_handler+0xa8>
10000c5c:	489c      	ldr	r0, [pc, #624]	@ (10000ed0 <alarm_pool_irq_handler+0x2fc>)
10000c5e:	f000 fbb5 	bl	100013cc <timer_time_us_64>
10000c62:	428d      	cmp	r5, r1
10000c64:	dc02      	bgt.n	10000c6c <alarm_pool_irq_handler+0x98>
10000c66:	d1cc      	bne.n	10000c02 <alarm_pool_irq_handler+0x2e>
10000c68:	4286      	cmp	r6, r0
10000c6a:	d9ca      	bls.n	10000c02 <alarm_pool_irq_handler+0x2e>
10000c6c:	bf40      	sev
10000c6e:	b007      	add	sp, #28
10000c70:	bcf0      	pop	{r4, r5, r6, r7}
10000c72:	46bb      	mov	fp, r7
10000c74:	46b2      	mov	sl, r6
10000c76:	46a9      	mov	r9, r5
10000c78:	46a0      	mov	r8, r4
10000c7a:	bdf0      	pop	{r4, r5, r6, r7, pc}
10000c7c:	610e      	str	r6, [r1, #16]
10000c7e:	e7ed      	b.n	10000c5c <alarm_pool_irq_handler+0x88>
10000c80:	6962      	ldr	r2, [r4, #20]
10000c82:	006b      	lsls	r3, r5, #1
10000c84:	4692      	mov	sl, r2
10000c86:	195b      	adds	r3, r3, r5
10000c88:	00db      	lsls	r3, r3, #3
10000c8a:	449a      	add	sl, r3
10000c8c:	4653      	mov	r3, sl
10000c8e:	689e      	ldr	r6, [r3, #8]
10000c90:	68df      	ldr	r7, [r3, #12]
10000c92:	f000 fb9b 	bl	100013cc <timer_time_us_64>
10000c96:	428f      	cmp	r7, r1
10000c98:	dcba      	bgt.n	10000c10 <alarm_pool_irq_handler+0x3c>
10000c9a:	d100      	bne.n	10000c9e <alarm_pool_irq_handler+0xca>
10000c9c:	e103      	b.n	10000ea6 <alarm_pool_irq_handler+0x2d2>
10000c9e:	2f00      	cmp	r7, #0
10000ca0:	da00      	bge.n	10000ca4 <alarm_pool_irq_handler+0xd0>
10000ca2:	e0e8      	b.n	10000e76 <alarm_pool_irq_handler+0x2a2>
10000ca4:	4652      	mov	r2, sl
10000ca6:	4653      	mov	r3, sl
10000ca8:	6952      	ldr	r2, [r2, #20]
10000caa:	691b      	ldr	r3, [r3, #16]
10000cac:	4693      	mov	fp, r2
10000cae:	9a04      	ldr	r2, [sp, #16]
10000cb0:	4293      	cmp	r3, r2
10000cb2:	d100      	bne.n	10000cb6 <alarm_pool_irq_handler+0xe2>
10000cb4:	e0d9      	b.n	10000e6a <alarm_pool_irq_handler+0x296>
10000cb6:	4652      	mov	r2, sl
10000cb8:	2108      	movs	r1, #8
10000cba:	5e60      	ldrsh	r0, [r4, r1]
10000cbc:	8852      	ldrh	r2, [r2, #2]
10000cbe:	0400      	lsls	r0, r0, #16
10000cc0:	4659      	mov	r1, fp
10000cc2:	4310      	orrs	r0, r2
10000cc4:	4798      	blx	r3
10000cc6:	9000      	str	r0, [sp, #0]
10000cc8:	9101      	str	r1, [sp, #4]
10000cca:	9900      	ldr	r1, [sp, #0]
10000ccc:	9a01      	ldr	r2, [sp, #4]
10000cce:	000b      	movs	r3, r1
10000cd0:	0010      	movs	r0, r2
10000cd2:	4313      	orrs	r3, r2
10000cd4:	d100      	bne.n	10000cd8 <alarm_pool_irq_handler+0x104>
10000cd6:	e0ce      	b.n	10000e76 <alarm_pool_irq_handler+0x2a2>
10000cd8:	0013      	movs	r3, r2
10000cda:	000a      	movs	r2, r1
10000cdc:	1ab6      	subs	r6, r6, r2
10000cde:	419f      	sbcs	r7, r3
10000ce0:	2800      	cmp	r0, #0
10000ce2:	db06      	blt.n	10000cf2 <alarm_pool_irq_handler+0x11e>
10000ce4:	487a      	ldr	r0, [pc, #488]	@ (10000ed0 <alarm_pool_irq_handler+0x2fc>)
10000ce6:	f000 fb71 	bl	100013cc <timer_time_us_64>
10000cea:	9e00      	ldr	r6, [sp, #0]
10000cec:	9f01      	ldr	r7, [sp, #4]
10000cee:	1836      	adds	r6, r6, r0
10000cf0:	414f      	adcs	r7, r1
10000cf2:	4653      	mov	r3, sl
10000cf4:	609e      	str	r6, [r3, #8]
10000cf6:	60df      	str	r7, [r3, #12]
10000cf8:	2200      	movs	r2, #0
10000cfa:	5e9a      	ldrsh	r2, [r3, r2]
10000cfc:	2a00      	cmp	r2, #0
10000cfe:	da00      	bge.n	10000d02 <alarm_pool_irq_handler+0x12e>
10000d00:	e786      	b.n	10000c10 <alarm_pool_irq_handler+0x3c>
10000d02:	0053      	lsls	r3, r2, #1
10000d04:	1899      	adds	r1, r3, r2
10000d06:	6960      	ldr	r0, [r4, #20]
10000d08:	00c9      	lsls	r1, r1, #3
10000d0a:	1841      	adds	r1, r0, r1
10000d0c:	9302      	str	r3, [sp, #8]
10000d0e:	688b      	ldr	r3, [r1, #8]
10000d10:	68c9      	ldr	r1, [r1, #12]
10000d12:	469b      	mov	fp, r3
10000d14:	42b9      	cmp	r1, r7
10000d16:	dd00      	ble.n	10000d1a <alarm_pool_irq_handler+0x146>
10000d18:	e77a      	b.n	10000c10 <alarm_pool_irq_handler+0x3c>
10000d1a:	d102      	bne.n	10000d22 <alarm_pool_irq_handler+0x14e>
10000d1c:	42b3      	cmp	r3, r6
10000d1e:	d900      	bls.n	10000d22 <alarm_pool_irq_handler+0x14e>
10000d20:	e776      	b.n	10000c10 <alarm_pool_irq_handler+0x3c>
10000d22:	2308      	movs	r3, #8
10000d24:	469c      	mov	ip, r3
10000d26:	44a4      	add	ip, r4
10000d28:	9505      	str	r5, [sp, #20]
10000d2a:	4665      	mov	r5, ip
10000d2c:	8122      	strh	r2, [r4, #8]
10000d2e:	46a4      	mov	ip, r4
10000d30:	9b02      	ldr	r3, [sp, #8]
10000d32:	002c      	movs	r4, r5
10000d34:	e006      	b.n	10000d44 <alarm_pool_irq_handler+0x170>
10000d36:	0053      	lsls	r3, r2, #1
10000d38:	1899      	adds	r1, r3, r2
10000d3a:	00c9      	lsls	r1, r1, #3
10000d3c:	1841      	adds	r1, r0, r1
10000d3e:	688d      	ldr	r5, [r1, #8]
10000d40:	68c9      	ldr	r1, [r1, #12]
10000d42:	46ab      	mov	fp, r5
10000d44:	189b      	adds	r3, r3, r2
10000d46:	00db      	lsls	r3, r3, #3
10000d48:	18c3      	adds	r3, r0, r3
10000d4a:	42b9      	cmp	r1, r7
10000d4c:	dc06      	bgt.n	10000d5c <alarm_pool_irq_handler+0x188>
10000d4e:	d100      	bne.n	10000d52 <alarm_pool_irq_handler+0x17e>
10000d50:	e0b3      	b.n	10000eba <alarm_pool_irq_handler+0x2e6>
10000d52:	001c      	movs	r4, r3
10000d54:	2300      	movs	r3, #0
10000d56:	5ee2      	ldrsh	r2, [r4, r3]
10000d58:	2a00      	cmp	r2, #0
10000d5a:	daec      	bge.n	10000d36 <alarm_pool_irq_handler+0x162>
10000d5c:	0023      	movs	r3, r4
10000d5e:	4664      	mov	r4, ip
10000d60:	469c      	mov	ip, r3
10000d62:	4653      	mov	r3, sl
10000d64:	801a      	strh	r2, [r3, #0]
10000d66:	4663      	mov	r3, ip
10000d68:	9d05      	ldr	r5, [sp, #20]
10000d6a:	801d      	strh	r5, [r3, #0]
10000d6c:	88a3      	ldrh	r3, [r4, #4]
10000d6e:	b21b      	sxth	r3, r3
10000d70:	2b00      	cmp	r3, #0
10000d72:	da00      	bge.n	10000d76 <alarm_pool_irq_handler+0x1a2>
10000d74:	e751      	b.n	10000c1a <alarm_pool_irq_handler+0x46>
10000d76:	6922      	ldr	r2, [r4, #16]
10000d78:	f3ef 8110 	mrs	r1, PRIMASK
10000d7c:	b672      	cpsid	i
10000d7e:	6813      	ldr	r3, [r2, #0]
10000d80:	2b00      	cmp	r3, #0
10000d82:	d0fc      	beq.n	10000d7e <alarm_pool_irq_handler+0x1aa>
10000d84:	f3bf 8f5f 	dmb	sy
10000d88:	2301      	movs	r3, #1
10000d8a:	88a7      	ldrh	r7, [r4, #4]
10000d8c:	425b      	negs	r3, r3
10000d8e:	80a3      	strh	r3, [r4, #4]
10000d90:	b23f      	sxth	r7, r7
10000d92:	6923      	ldr	r3, [r4, #16]
10000d94:	f3bf 8f5f 	dmb	sy
10000d98:	2200      	movs	r2, #0
10000d9a:	601a      	str	r2, [r3, #0]
10000d9c:	f381 8810 	msr	PRIMASK, r1
10000da0:	2f00      	cmp	r7, #0
10000da2:	da00      	bge.n	10000da6 <alarm_pool_irq_handler+0x1d2>
10000da4:	e739      	b.n	10000c1a <alarm_pool_irq_handler+0x46>
10000da6:	0023      	movs	r3, r4
10000da8:	3308      	adds	r3, #8
10000daa:	0022      	movs	r2, r4
10000dac:	469a      	mov	sl, r3
10000dae:	6966      	ldr	r6, [r4, #20]
10000db0:	007b      	lsls	r3, r7, #1
10000db2:	19db      	adds	r3, r3, r7
10000db4:	00db      	lsls	r3, r3, #3
10000db6:	18f3      	adds	r3, r6, r3
10000db8:	6899      	ldr	r1, [r3, #8]
10000dba:	4650      	mov	r0, sl
10000dbc:	468c      	mov	ip, r1
10000dbe:	2408      	movs	r4, #8
10000dc0:	5f11      	ldrsh	r1, [r2, r4]
10000dc2:	68dd      	ldr	r5, [r3, #12]
10000dc4:	2900      	cmp	r1, #0
10000dc6:	db10      	blt.n	10000dea <alarm_pool_irq_handler+0x216>
10000dc8:	9302      	str	r3, [sp, #8]
10000dca:	e006      	b.n	10000dda <alarm_pool_irq_handler+0x206>
10000dcc:	42ab      	cmp	r3, r5
10000dce:	d044      	beq.n	10000e5a <alarm_pool_irq_handler+0x286>
10000dd0:	2300      	movs	r3, #0
10000dd2:	5ee1      	ldrsh	r1, [r4, r3]
10000dd4:	0020      	movs	r0, r4
10000dd6:	2900      	cmp	r1, #0
10000dd8:	db06      	blt.n	10000de8 <alarm_pool_irq_handler+0x214>
10000dda:	004c      	lsls	r4, r1, #1
10000ddc:	1864      	adds	r4, r4, r1
10000dde:	00e4      	lsls	r4, r4, #3
10000de0:	1934      	adds	r4, r6, r4
10000de2:	68e3      	ldr	r3, [r4, #12]
10000de4:	42ab      	cmp	r3, r5
10000de6:	ddf1      	ble.n	10000dcc <alarm_pool_irq_handler+0x1f8>
10000de8:	9b02      	ldr	r3, [sp, #8]
10000dea:	8007      	strh	r7, [r0, #0]
10000dec:	2000      	movs	r0, #0
10000dee:	5e1f      	ldrsh	r7, [r3, r0]
10000df0:	8019      	strh	r1, [r3, #0]
10000df2:	2f00      	cmp	r7, #0
10000df4:	dadc      	bge.n	10000db0 <alarm_pool_irq_handler+0x1dc>
10000df6:	0014      	movs	r4, r2
10000df8:	79a3      	ldrb	r3, [r4, #6]
10000dfa:	2b00      	cmp	r3, #0
10000dfc:	d100      	bne.n	10000e00 <alarm_pool_irq_handler+0x22c>
10000dfe:	e710      	b.n	10000c22 <alarm_pool_irq_handler+0x4e>
10000e00:	2300      	movs	r3, #0
10000e02:	71a3      	strb	r3, [r4, #6]
10000e04:	0026      	movs	r6, r4
10000e06:	2308      	movs	r3, #8
10000e08:	5ee1      	ldrsh	r1, [r4, r3]
10000e0a:	3608      	adds	r6, #8
10000e0c:	1c4b      	adds	r3, r1, #1
10000e0e:	d100      	bne.n	10000e12 <alarm_pool_irq_handler+0x23e>
10000e10:	e72c      	b.n	10000c6c <alarm_pool_irq_handler+0x98>
10000e12:	0008      	movs	r0, r1
10000e14:	46a2      	mov	sl, r4
10000e16:	6965      	ldr	r5, [r4, #20]
10000e18:	e002      	b.n	10000e20 <alarm_pool_irq_handler+0x24c>
10000e1a:	003e      	movs	r6, r7
10000e1c:	1c4b      	adds	r3, r1, #1
10000e1e:	d01a      	beq.n	10000e56 <alarm_pool_irq_handler+0x282>
10000e20:	004b      	lsls	r3, r1, #1
10000e22:	185b      	adds	r3, r3, r1
10000e24:	00db      	lsls	r3, r3, #3
10000e26:	18ef      	adds	r7, r5, r3
10000e28:	000a      	movs	r2, r1
10000e2a:	468c      	mov	ip, r1
10000e2c:	5ee9      	ldrsh	r1, [r5, r3]
10000e2e:	887b      	ldrh	r3, [r7, #2]
10000e30:	b21b      	sxth	r3, r3
10000e32:	2b00      	cmp	r3, #0
10000e34:	daf1      	bge.n	10000e1a <alarm_pool_irq_handler+0x246>
10000e36:	2301      	movs	r3, #1
10000e38:	425b      	negs	r3, r3
10000e3a:	17dc      	asrs	r4, r3, #31
10000e3c:	60bb      	str	r3, [r7, #8]
10000e3e:	60fc      	str	r4, [r7, #12]
10000e40:	4282      	cmp	r2, r0
10000e42:	d005      	beq.n	10000e50 <alarm_pool_irq_handler+0x27c>
10000e44:	4653      	mov	r3, sl
10000e46:	8031      	strh	r1, [r6, #0]
10000e48:	891b      	ldrh	r3, [r3, #8]
10000e4a:	803b      	strh	r3, [r7, #0]
10000e4c:	4653      	mov	r3, sl
10000e4e:	811a      	strh	r2, [r3, #8]
10000e50:	4660      	mov	r0, ip
10000e52:	1c4b      	adds	r3, r1, #1
10000e54:	d1e4      	bne.n	10000e20 <alarm_pool_irq_handler+0x24c>
10000e56:	4654      	mov	r4, sl
10000e58:	e6e5      	b.n	10000c26 <alarm_pool_irq_handler+0x52>
10000e5a:	68a3      	ldr	r3, [r4, #8]
10000e5c:	4563      	cmp	r3, ip
10000e5e:	d9b7      	bls.n	10000dd0 <alarm_pool_irq_handler+0x1fc>
10000e60:	e7c2      	b.n	10000de8 <alarm_pool_irq_handler+0x214>
10000e62:	1c6b      	adds	r3, r5, #1
10000e64:	d000      	beq.n	10000e68 <alarm_pool_irq_handler+0x294>
10000e66:	e6ea      	b.n	10000c3e <alarm_pool_irq_handler+0x6a>
10000e68:	e6f8      	b.n	10000c5c <alarm_pool_irq_handler+0x88>
10000e6a:	465b      	mov	r3, fp
10000e6c:	4658      	mov	r0, fp
10000e6e:	691b      	ldr	r3, [r3, #16]
10000e70:	4798      	blx	r3
10000e72:	2800      	cmp	r0, #0
10000e74:	d11b      	bne.n	10000eae <alarm_pool_irq_handler+0x2da>
10000e76:	4653      	mov	r3, sl
10000e78:	881b      	ldrh	r3, [r3, #0]
10000e7a:	6922      	ldr	r2, [r4, #16]
10000e7c:	8123      	strh	r3, [r4, #8]
10000e7e:	f3ef 8310 	mrs	r3, PRIMASK
10000e82:	b672      	cpsid	i
10000e84:	6811      	ldr	r1, [r2, #0]
10000e86:	2900      	cmp	r1, #0
10000e88:	d0fc      	beq.n	10000e84 <alarm_pool_irq_handler+0x2b0>
10000e8a:	f3bf 8f5f 	dmb	sy
10000e8e:	4651      	mov	r1, sl
10000e90:	8862      	ldrh	r2, [r4, #2]
10000e92:	800a      	strh	r2, [r1, #0]
10000e94:	6922      	ldr	r2, [r4, #16]
10000e96:	8065      	strh	r5, [r4, #2]
10000e98:	f3bf 8f5f 	dmb	sy
10000e9c:	2100      	movs	r1, #0
10000e9e:	6011      	str	r1, [r2, #0]
10000ea0:	f383 8810 	msr	PRIMASK, r3
10000ea4:	e6b4      	b.n	10000c10 <alarm_pool_irq_handler+0x3c>
10000ea6:	4286      	cmp	r6, r0
10000ea8:	d800      	bhi.n	10000eac <alarm_pool_irq_handler+0x2d8>
10000eaa:	e6f8      	b.n	10000c9e <alarm_pool_irq_handler+0xca>
10000eac:	e6b0      	b.n	10000c10 <alarm_pool_irq_handler+0x3c>
10000eae:	465b      	mov	r3, fp
10000eb0:	681a      	ldr	r2, [r3, #0]
10000eb2:	685b      	ldr	r3, [r3, #4]
10000eb4:	9200      	str	r2, [sp, #0]
10000eb6:	9301      	str	r3, [sp, #4]
10000eb8:	e707      	b.n	10000cca <alarm_pool_irq_handler+0xf6>
10000eba:	45b3      	cmp	fp, r6
10000ebc:	d800      	bhi.n	10000ec0 <alarm_pool_irq_handler+0x2ec>
10000ebe:	e748      	b.n	10000d52 <alarm_pool_irq_handler+0x17e>
10000ec0:	e74c      	b.n	10000d5c <alarm_pool_irq_handler+0x188>
10000ec2:	46c0      	nop			@ (mov r8, r8)
10000ec4:	20002b6c 	.word	0x20002b6c
10000ec8:	4005703c 	.word	0x4005703c
10000ecc:	10000bd5 	.word	0x10000bd5
10000ed0:	40054000 	.word	0x40054000

10000ed4 <runtime_init_default_alarm_pool>:
10000ed4:	b570      	push	{r4, r5, r6, lr}
10000ed6:	4c2e      	ldr	r4, [pc, #184]	@ (10000f90 <runtime_init_default_alarm_pool+0xbc>)
10000ed8:	6925      	ldr	r5, [r4, #16]
10000eda:	2d00      	cmp	r5, #0
10000edc:	d004      	beq.n	10000ee8 <runtime_init_default_alarm_pool+0x14>
10000ede:	210a      	movs	r1, #10
10000ee0:	482c      	ldr	r0, [pc, #176]	@ (10000f94 <runtime_init_default_alarm_pool+0xc0>)
10000ee2:	f7ff fe09 	bl	10000af8 <lock_init>
10000ee6:	bd70      	pop	{r4, r5, r6, pc}
10000ee8:	4e2b      	ldr	r6, [pc, #172]	@ (10000f98 <runtime_init_default_alarm_pool+0xc4>)
10000eea:	2103      	movs	r1, #3
10000eec:	0030      	movs	r0, r6
10000eee:	f000 fa63 	bl	100013b8 <timer_hardware_alarm_claim>
10000ef2:	60e6      	str	r6, [r4, #12]
10000ef4:	f7ff fbf6 	bl	100006e4 <next_striped_spin_lock_num>
10000ef8:	4b28      	ldr	r3, [pc, #160]	@ (10000f9c <runtime_init_default_alarm_pool+0xc8>)
10000efa:	2203      	movs	r2, #3
10000efc:	469c      	mov	ip, r3
10000efe:	23d0      	movs	r3, #208	@ 0xd0
10000f00:	7022      	strb	r2, [r4, #0]
10000f02:	061b      	lsls	r3, r3, #24
10000f04:	681b      	ldr	r3, [r3, #0]
10000f06:	2101      	movs	r1, #1
10000f08:	7063      	strb	r3, [r4, #1]
10000f0a:	4b25      	ldr	r3, [pc, #148]	@ (10000fa0 <runtime_init_default_alarm_pool+0xcc>)
10000f0c:	4460      	add	r0, ip
10000f0e:	60a3      	str	r3, [r4, #8]
10000f10:	230f      	movs	r3, #15
10000f12:	0080      	lsls	r0, r0, #2
10000f14:	6120      	str	r0, [r4, #16]
10000f16:	2002      	movs	r0, #2
10000f18:	8063      	strh	r3, [r4, #2]
10000f1a:	6963      	ldr	r3, [r4, #20]
10000f1c:	4249      	negs	r1, r1
10000f1e:	80a1      	strh	r1, [r4, #4]
10000f20:	8019      	strh	r1, [r3, #0]
10000f22:	3102      	adds	r1, #2
10000f24:	8619      	strh	r1, [r3, #48]	@ 0x30
10000f26:	3147      	adds	r1, #71	@ 0x47
10000f28:	831d      	strh	r5, [r3, #24]
10000f2a:	5258      	strh	r0, [r3, r1]
10000f2c:	3118      	adds	r1, #24
10000f2e:	525a      	strh	r2, [r3, r1]
10000f30:	3275      	adds	r2, #117	@ 0x75
10000f32:	395c      	subs	r1, #92	@ 0x5c
10000f34:	5299      	strh	r1, [r3, r2]
10000f36:	3218      	adds	r2, #24
10000f38:	3101      	adds	r1, #1
10000f3a:	5299      	strh	r1, [r3, r2]
10000f3c:	3218      	adds	r2, #24
10000f3e:	3101      	adds	r1, #1
10000f40:	5299      	strh	r1, [r3, r2]
10000f42:	3218      	adds	r2, #24
10000f44:	3101      	adds	r1, #1
10000f46:	5299      	strh	r1, [r3, r2]
10000f48:	3508      	adds	r5, #8
10000f4a:	3218      	adds	r2, #24
10000f4c:	529d      	strh	r5, [r3, r2]
10000f4e:	3102      	adds	r1, #2
10000f50:	3218      	adds	r2, #24
10000f52:	5299      	strh	r1, [r3, r2]
10000f54:	3218      	adds	r2, #24
10000f56:	3101      	adds	r1, #1
10000f58:	5299      	strh	r1, [r3, r2]
10000f5a:	3218      	adds	r2, #24
10000f5c:	3101      	adds	r1, #1
10000f5e:	5299      	strh	r1, [r3, r2]
10000f60:	3218      	adds	r2, #24
10000f62:	3101      	adds	r1, #1
10000f64:	5299      	strh	r1, [r3, r2]
10000f66:	3218      	adds	r2, #24
10000f68:	3101      	adds	r1, #1
10000f6a:	5299      	strh	r1, [r3, r2]
10000f6c:	3218      	adds	r2, #24
10000f6e:	3101      	adds	r1, #1
10000f70:	5299      	strh	r1, [r3, r2]
10000f72:	4b0c      	ldr	r3, [pc, #48]	@ (10000fa4 <runtime_init_default_alarm_pool+0xd0>)
10000f74:	490c      	ldr	r1, [pc, #48]	@ (10000fa8 <runtime_init_default_alarm_pool+0xd4>)
10000f76:	60dc      	str	r4, [r3, #12]
10000f78:	3001      	adds	r0, #1
10000f7a:	6235      	str	r5, [r6, #32]
10000f7c:	f7ff fc28 	bl	100007d0 <irq_set_exclusive_handler>
10000f80:	2101      	movs	r1, #1
10000f82:	2003      	movs	r0, #3
10000f84:	f7ff fbec 	bl	10000760 <irq_set_enabled>
10000f88:	4b08      	ldr	r3, [pc, #32]	@ (10000fac <runtime_init_default_alarm_pool+0xd8>)
10000f8a:	601d      	str	r5, [r3, #0]
10000f8c:	e7a7      	b.n	10000ede <runtime_init_default_alarm_pool+0xa>
10000f8e:	46c0      	nop			@ (mov r8, r8)
10000f90:	2000102c 	.word	0x2000102c
10000f94:	20002b90 	.word	0x20002b90
10000f98:	40054000 	.word	0x40054000
10000f9c:	34000040 	.word	0x34000040
10000fa0:	0010ffff 	.word	0x0010ffff
10000fa4:	20002b6c 	.word	0x20002b6c
10000fa8:	10000bd5 	.word	0x10000bd5
10000fac:	40056038 	.word	0x40056038

10000fb0 <alarm_pool_get_default>:
10000fb0:	4800      	ldr	r0, [pc, #0]	@ (10000fb4 <alarm_pool_get_default+0x4>)
10000fb2:	4770      	bx	lr
10000fb4:	2000102c 	.word	0x2000102c

10000fb8 <alarm_pool_add_alarm_at>:
10000fb8:	b5f8      	push	{r3, r4, r5, r6, r7, lr}
10000fba:	001f      	movs	r7, r3
10000fbc:	ab08      	add	r3, sp, #32
10000fbe:	781b      	ldrb	r3, [r3, #0]
10000fc0:	0004      	movs	r4, r0
10000fc2:	0016      	movs	r6, r2
10000fc4:	2b00      	cmp	r3, #0
10000fc6:	d108      	bne.n	10000fda <alarm_pool_add_alarm_at+0x22>
10000fc8:	f000 fa08 	bl	100013dc <time_us_64>
10000fcc:	0032      	movs	r2, r6
10000fce:	003b      	movs	r3, r7
10000fd0:	1a12      	subs	r2, r2, r0
10000fd2:	418b      	sbcs	r3, r1
10000fd4:	2b00      	cmp	r3, #0
10000fd6:	da00      	bge.n	10000fda <alarm_pool_add_alarm_at+0x22>
10000fd8:	e052      	b.n	10001080 <alarm_pool_add_alarm_at+0xc8>
10000fda:	6922      	ldr	r2, [r4, #16]
10000fdc:	f3ef 8010 	mrs	r0, PRIMASK
10000fe0:	b672      	cpsid	i
10000fe2:	6813      	ldr	r3, [r2, #0]
10000fe4:	2b00      	cmp	r3, #0
10000fe6:	d0fc      	beq.n	10000fe2 <alarm_pool_add_alarm_at+0x2a>
10000fe8:	f3bf 8f5f 	dmb	sy
10000fec:	2302      	movs	r3, #2
10000fee:	5ee1      	ldrsh	r1, [r4, r3]
10000ff0:	6963      	ldr	r3, [r4, #20]
10000ff2:	004a      	lsls	r2, r1, #1
10000ff4:	1852      	adds	r2, r2, r1
10000ff6:	00d2      	lsls	r2, r2, #3
10000ff8:	189b      	adds	r3, r3, r2
10000ffa:	6922      	ldr	r2, [r4, #16]
10000ffc:	2900      	cmp	r1, #0
10000ffe:	db36      	blt.n	1000106e <alarm_pool_add_alarm_at+0xb6>
10001000:	881d      	ldrh	r5, [r3, #0]
10001002:	8065      	strh	r5, [r4, #2]
10001004:	f3bf 8f5f 	dmb	sy
10001008:	2500      	movs	r5, #0
1000100a:	6015      	str	r5, [r2, #0]
1000100c:	f380 8810 	msr	PRIMASK, r0
10001010:	9a06      	ldr	r2, [sp, #24]
10001012:	609e      	str	r6, [r3, #8]
10001014:	60df      	str	r7, [r3, #12]
10001016:	611a      	str	r2, [r3, #16]
10001018:	9a07      	ldr	r2, [sp, #28]
1000101a:	615a      	str	r2, [r3, #20]
1000101c:	885a      	ldrh	r2, [r3, #2]
1000101e:	3201      	adds	r2, #1
10001020:	0452      	lsls	r2, r2, #17
10001022:	0c52      	lsrs	r2, r2, #17
10001024:	1c10      	adds	r0, r2, #0
10001026:	2a00      	cmp	r2, #0
10001028:	d01f      	beq.n	1000106a <alarm_pool_add_alarm_at+0xb2>
1000102a:	b282      	uxth	r2, r0
1000102c:	8058      	strh	r0, [r3, #2]
1000102e:	0408      	lsls	r0, r1, #16
10001030:	4310      	orrs	r0, r2
10001032:	6926      	ldr	r6, [r4, #16]
10001034:	f3ef 8710 	mrs	r7, PRIMASK
10001038:	b672      	cpsid	i
1000103a:	6832      	ldr	r2, [r6, #0]
1000103c:	2a00      	cmp	r2, #0
1000103e:	d0fc      	beq.n	1000103a <alarm_pool_add_alarm_at+0x82>
10001040:	f3bf 8f5f 	dmb	sy
10001044:	88a2      	ldrh	r2, [r4, #4]
10001046:	801a      	strh	r2, [r3, #0]
10001048:	80a1      	strh	r1, [r4, #4]
1000104a:	6923      	ldr	r3, [r4, #16]
1000104c:	f3bf 8f5f 	dmb	sy
10001050:	2200      	movs	r2, #0
10001052:	601a      	str	r2, [r3, #0]
10001054:	f387 8810 	msr	PRIMASK, r7
10001058:	490a      	ldr	r1, [pc, #40]	@ (10001084 <alarm_pool_add_alarm_at+0xcc>)
1000105a:	7823      	ldrb	r3, [r4, #0]
1000105c:	468c      	mov	ip, r1
1000105e:	3201      	adds	r2, #1
10001060:	409a      	lsls	r2, r3
10001062:	68e3      	ldr	r3, [r4, #12]
10001064:	4463      	add	r3, ip
10001066:	601a      	str	r2, [r3, #0]
10001068:	bdf8      	pop	{r3, r4, r5, r6, r7, pc}
1000106a:	2001      	movs	r0, #1
1000106c:	e7dd      	b.n	1000102a <alarm_pool_add_alarm_at+0x72>
1000106e:	f3bf 8f5f 	dmb	sy
10001072:	2300      	movs	r3, #0
10001074:	6013      	str	r3, [r2, #0]
10001076:	f380 8810 	msr	PRIMASK, r0
1000107a:	2001      	movs	r0, #1
1000107c:	4240      	negs	r0, r0
1000107e:	e7f3      	b.n	10001068 <alarm_pool_add_alarm_at+0xb0>
10001080:	2000      	movs	r0, #0
10001082:	e7f1      	b.n	10001068 <alarm_pool_add_alarm_at+0xb0>
10001084:	0000203c 	.word	0x0000203c

10001088 <alarm_pool_add_alarm_at_force_in_context>:
10001088:	b570      	push	{r4, r5, r6, lr}
1000108a:	0001      	movs	r1, r0
1000108c:	6904      	ldr	r4, [r0, #16]
1000108e:	f3ef 8c10 	mrs	ip, PRIMASK
10001092:	b672      	cpsid	i
10001094:	6820      	ldr	r0, [r4, #0]
10001096:	2800      	cmp	r0, #0
10001098:	d0fc      	beq.n	10001094 <alarm_pool_add_alarm_at_force_in_context+0xc>
1000109a:	f3bf 8f5f 	dmb	sy
1000109e:	2002      	movs	r0, #2
100010a0:	5e0d      	ldrsh	r5, [r1, r0]
100010a2:	694c      	ldr	r4, [r1, #20]
100010a4:	0068      	lsls	r0, r5, #1
100010a6:	1940      	adds	r0, r0, r5
100010a8:	00c0      	lsls	r0, r0, #3
100010aa:	1824      	adds	r4, r4, r0
100010ac:	6908      	ldr	r0, [r1, #16]
100010ae:	2d00      	cmp	r5, #0
100010b0:	db36      	blt.n	10001120 <alarm_pool_add_alarm_at_force_in_context+0x98>
100010b2:	8826      	ldrh	r6, [r4, #0]
100010b4:	804e      	strh	r6, [r1, #2]
100010b6:	f3bf 8f5f 	dmb	sy
100010ba:	2600      	movs	r6, #0
100010bc:	6006      	str	r6, [r0, #0]
100010be:	f38c 8810 	msr	PRIMASK, ip
100010c2:	60e3      	str	r3, [r4, #12]
100010c4:	8863      	ldrh	r3, [r4, #2]
100010c6:	9804      	ldr	r0, [sp, #16]
100010c8:	3301      	adds	r3, #1
100010ca:	6120      	str	r0, [r4, #16]
100010cc:	045b      	lsls	r3, r3, #17
100010ce:	9805      	ldr	r0, [sp, #20]
100010d0:	0c5b      	lsrs	r3, r3, #17
100010d2:	60a2      	str	r2, [r4, #8]
100010d4:	6160      	str	r0, [r4, #20]
100010d6:	1c1a      	adds	r2, r3, #0
100010d8:	2b00      	cmp	r3, #0
100010da:	d01f      	beq.n	1000111c <alarm_pool_add_alarm_at_force_in_context+0x94>
100010dc:	b293      	uxth	r3, r2
100010de:	0428      	lsls	r0, r5, #16
100010e0:	8062      	strh	r2, [r4, #2]
100010e2:	4318      	orrs	r0, r3
100010e4:	690a      	ldr	r2, [r1, #16]
100010e6:	f3ef 8c10 	mrs	ip, PRIMASK
100010ea:	b672      	cpsid	i
100010ec:	6813      	ldr	r3, [r2, #0]
100010ee:	2b00      	cmp	r3, #0
100010f0:	d0fc      	beq.n	100010ec <alarm_pool_add_alarm_at_force_in_context+0x64>
100010f2:	f3bf 8f5f 	dmb	sy
100010f6:	888b      	ldrh	r3, [r1, #4]
100010f8:	8023      	strh	r3, [r4, #0]
100010fa:	808d      	strh	r5, [r1, #4]
100010fc:	690b      	ldr	r3, [r1, #16]
100010fe:	f3bf 8f5f 	dmb	sy
10001102:	2200      	movs	r2, #0
10001104:	601a      	str	r2, [r3, #0]
10001106:	f38c 8810 	msr	PRIMASK, ip
1000110a:	780b      	ldrb	r3, [r1, #0]
1000110c:	3201      	adds	r2, #1
1000110e:	409a      	lsls	r2, r3
10001110:	68cb      	ldr	r3, [r1, #12]
10001112:	4908      	ldr	r1, [pc, #32]	@ (10001134 <alarm_pool_add_alarm_at_force_in_context+0xac>)
10001114:	468c      	mov	ip, r1
10001116:	4463      	add	r3, ip
10001118:	601a      	str	r2, [r3, #0]
1000111a:	bd70      	pop	{r4, r5, r6, pc}
1000111c:	2201      	movs	r2, #1
1000111e:	e7dd      	b.n	100010dc <alarm_pool_add_alarm_at_force_in_context+0x54>
10001120:	f3bf 8f5f 	dmb	sy
10001124:	2300      	movs	r3, #0
10001126:	6003      	str	r3, [r0, #0]
10001128:	f38c 8810 	msr	PRIMASK, ip
1000112c:	2001      	movs	r0, #1
1000112e:	4240      	negs	r0, r0
10001130:	e7f3      	b.n	1000111a <alarm_pool_add_alarm_at_force_in_context+0x92>
10001132:	46c0      	nop			@ (mov r8, r8)
10001134:	0000203c 	.word	0x0000203c

10001138 <alarm_pool_cancel_alarm>:
10001138:	b510      	push	{r4, lr}
1000113a:	8943      	ldrh	r3, [r0, #10]
1000113c:	140a      	asrs	r2, r1, #16
1000113e:	4293      	cmp	r3, r2
10001140:	dd1a      	ble.n	10001178 <alarm_pool_cancel_alarm+0x40>
10001142:	0053      	lsls	r3, r2, #1
10001144:	189b      	adds	r3, r3, r2
10001146:	6942      	ldr	r2, [r0, #20]
10001148:	00db      	lsls	r3, r3, #3
1000114a:	18d3      	adds	r3, r2, r3
1000114c:	6904      	ldr	r4, [r0, #16]
1000114e:	f3ef 8c10 	mrs	ip, PRIMASK
10001152:	b672      	cpsid	i
10001154:	6822      	ldr	r2, [r4, #0]
10001156:	2a00      	cmp	r2, #0
10001158:	d0fc      	beq.n	10001154 <alarm_pool_cancel_alarm+0x1c>
1000115a:	f3bf 8f5f 	dmb	sy
1000115e:	885a      	ldrh	r2, [r3, #2]
10001160:	0409      	lsls	r1, r1, #16
10001162:	b294      	uxth	r4, r2
10001164:	0c09      	lsrs	r1, r1, #16
10001166:	428a      	cmp	r2, r1
10001168:	d008      	beq.n	1000117c <alarm_pool_cancel_alarm+0x44>
1000116a:	6903      	ldr	r3, [r0, #16]
1000116c:	f3bf 8f5f 	dmb	sy
10001170:	2200      	movs	r2, #0
10001172:	601a      	str	r2, [r3, #0]
10001174:	f38c 8810 	msr	PRIMASK, ip
10001178:	2000      	movs	r0, #0
1000117a:	bd10      	pop	{r4, pc}
1000117c:	2280      	movs	r2, #128	@ 0x80
1000117e:	0212      	lsls	r2, r2, #8
10001180:	4314      	orrs	r4, r2
10001182:	805c      	strh	r4, [r3, #2]
10001184:	2301      	movs	r3, #1
10001186:	6902      	ldr	r2, [r0, #16]
10001188:	7183      	strb	r3, [r0, #6]
1000118a:	f3bf 8f5f 	dmb	sy
1000118e:	2100      	movs	r1, #0
10001190:	6011      	str	r1, [r2, #0]
10001192:	f38c 8810 	msr	PRIMASK, ip
10001196:	4904      	ldr	r1, [pc, #16]	@ (100011a8 <alarm_pool_cancel_alarm+0x70>)
10001198:	7802      	ldrb	r2, [r0, #0]
1000119a:	468c      	mov	ip, r1
1000119c:	4093      	lsls	r3, r2
1000119e:	68c2      	ldr	r2, [r0, #12]
100011a0:	2001      	movs	r0, #1
100011a2:	4462      	add	r2, ip
100011a4:	6013      	str	r3, [r2, #0]
100011a6:	e7e8      	b.n	1000117a <alarm_pool_cancel_alarm+0x42>
100011a8:	0000203c 	.word	0x0000203c

100011ac <alarm_pool_core_num>:
100011ac:	7840      	ldrb	r0, [r0, #1]
100011ae:	4770      	bx	lr

100011b0 <sleep_ms>:
100011b0:	b5f0      	push	{r4, r5, r6, r7, lr}
100011b2:	46c6      	mov	lr, r8
100011b4:	b500      	push	{lr}
100011b6:	b082      	sub	sp, #8
100011b8:	0004      	movs	r4, r0
100011ba:	f000 f90f 	bl	100013dc <time_us_64>
100011be:	22fa      	movs	r2, #250	@ 0xfa
100011c0:	0006      	movs	r6, r0
100011c2:	000f      	movs	r7, r1
100011c4:	0020      	movs	r0, r4
100011c6:	2300      	movs	r3, #0
100011c8:	2100      	movs	r1, #0
100011ca:	0092      	lsls	r2, r2, #2
100011cc:	f001 fa8c 	bl	100026e8 <__wrap___aeabi_lmul>
100011d0:	1980      	adds	r0, r0, r6
100011d2:	4179      	adcs	r1, r7
100011d4:	0004      	movs	r4, r0
100011d6:	1e0d      	subs	r5, r1, #0
100011d8:	da02      	bge.n	100011e0 <sleep_ms+0x30>
100011da:	2401      	movs	r4, #1
100011dc:	4d2e      	ldr	r5, [pc, #184]	@ (10001298 <sleep_ms+0xe8>)
100011de:	4264      	negs	r4, r4
100011e0:	2606      	movs	r6, #6
100011e2:	4276      	negs	r6, r6
100011e4:	17f7      	asrs	r7, r6, #31
100011e6:	1936      	adds	r6, r6, r4
100011e8:	416f      	adcs	r7, r5
100011ea:	42af      	cmp	r7, r5
100011ec:	d814      	bhi.n	10001218 <sleep_ms+0x68>
100011ee:	d011      	beq.n	10001214 <sleep_ms+0x64>
100011f0:	f000 f8f4 	bl	100013dc <time_us_64>
100011f4:	0032      	movs	r2, r6
100011f6:	003b      	movs	r3, r7
100011f8:	1a12      	subs	r2, r2, r0
100011fa:	418b      	sbcs	r3, r1
100011fc:	2b00      	cmp	r3, #0
100011fe:	dc15      	bgt.n	1000122c <sleep_ms+0x7c>
10001200:	2b00      	cmp	r3, #0
10001202:	d046      	beq.n	10001292 <sleep_ms+0xe2>
10001204:	0020      	movs	r0, r4
10001206:	0029      	movs	r1, r5
10001208:	f000 f8f2 	bl	100013f0 <busy_wait_until>
1000120c:	b002      	add	sp, #8
1000120e:	bc80      	pop	{r7}
10001210:	46b8      	mov	r8, r7
10001212:	bdf0      	pop	{r4, r5, r6, r7, pc}
10001214:	42a6      	cmp	r6, r4
10001216:	d9eb      	bls.n	100011f0 <sleep_ms+0x40>
10001218:	2600      	movs	r6, #0
1000121a:	2700      	movs	r7, #0
1000121c:	f000 f8de 	bl	100013dc <time_us_64>
10001220:	0032      	movs	r2, r6
10001222:	003b      	movs	r3, r7
10001224:	1a12      	subs	r2, r2, r0
10001226:	418b      	sbcs	r3, r1
10001228:	2b00      	cmp	r3, #0
1000122a:	dde9      	ble.n	10001200 <sleep_ms+0x50>
1000122c:	f000 f8d6 	bl	100013dc <time_us_64>
10001230:	0032      	movs	r2, r6
10001232:	003b      	movs	r3, r7
10001234:	1a12      	subs	r2, r2, r0
10001236:	418b      	sbcs	r3, r1
10001238:	2b00      	cmp	r3, #0
1000123a:	db0a      	blt.n	10001252 <sleep_ms+0xa2>
1000123c:	2300      	movs	r3, #0
1000123e:	9301      	str	r3, [sp, #4]
10001240:	4b16      	ldr	r3, [pc, #88]	@ (1000129c <sleep_ms+0xec>)
10001242:	0032      	movs	r2, r6
10001244:	9300      	str	r3, [sp, #0]
10001246:	4816      	ldr	r0, [pc, #88]	@ (100012a0 <sleep_ms+0xf0>)
10001248:	003b      	movs	r3, r7
1000124a:	f7ff ff1d 	bl	10001088 <alarm_pool_add_alarm_at_force_in_context>
1000124e:	3001      	adds	r0, #1
10001250:	d0d8      	beq.n	10001204 <sleep_ms+0x54>
10001252:	2300      	movs	r3, #0
10001254:	0039      	movs	r1, r7
10001256:	46b0      	mov	r8, r6
10001258:	469c      	mov	ip, r3
1000125a:	4a12      	ldr	r2, [pc, #72]	@ (100012a4 <sleep_ms+0xf4>)
1000125c:	4812      	ldr	r0, [pc, #72]	@ (100012a8 <sleep_ms+0xf8>)
1000125e:	6a53      	ldr	r3, [r2, #36]	@ 0x24
10001260:	4299      	cmp	r1, r3
10001262:	d804      	bhi.n	1000126e <sleep_ms+0xbe>
10001264:	6a96      	ldr	r6, [r2, #40]	@ 0x28
10001266:	4546      	cmp	r6, r8
10001268:	d2cc      	bcs.n	10001204 <sleep_ms+0x54>
1000126a:	4299      	cmp	r1, r3
1000126c:	d1ca      	bne.n	10001204 <sleep_ms+0x54>
1000126e:	6806      	ldr	r6, [r0, #0]
10001270:	f3ef 8710 	mrs	r7, PRIMASK
10001274:	b672      	cpsid	i
10001276:	6833      	ldr	r3, [r6, #0]
10001278:	2b00      	cmp	r3, #0
1000127a:	d0fc      	beq.n	10001276 <sleep_ms+0xc6>
1000127c:	f3bf 8f5f 	dmb	sy
10001280:	6803      	ldr	r3, [r0, #0]
10001282:	f3bf 8f5f 	dmb	sy
10001286:	4666      	mov	r6, ip
10001288:	601e      	str	r6, [r3, #0]
1000128a:	f387 8810 	msr	PRIMASK, r7
1000128e:	bf20      	wfe
10001290:	e7e5      	b.n	1000125e <sleep_ms+0xae>
10001292:	2a00      	cmp	r2, #0
10001294:	d0b6      	beq.n	10001204 <sleep_ms+0x54>
10001296:	e7c9      	b.n	1000122c <sleep_ms+0x7c>
10001298:	7fffffff 	.word	0x7fffffff
1000129c:	10000ba5 	.word	0x10000ba5
100012a0:	2000102c 	.word	0x2000102c
100012a4:	40054000 	.word	0x40054000
100012a8:	20002b90 	.word	0x20002b90

100012ac <best_effort_wfe_or_timeout>:
100012ac:	b5f0      	push	{r4, r5, r6, r7, lr}
100012ae:	4657      	mov	r7, sl
100012b0:	464e      	mov	r6, r9
100012b2:	46de      	mov	lr, fp
100012b4:	4645      	mov	r5, r8
100012b6:	b5e0      	push	{r5, r6, r7, lr}
100012b8:	0006      	movs	r6, r0
100012ba:	000f      	movs	r7, r1
100012bc:	b085      	sub	sp, #20
100012be:	f3ef 8305 	mrs	r3, IPSR
100012c2:	4699      	mov	r9, r3
100012c4:	468b      	mov	fp, r1
100012c6:	2b00      	cmp	r3, #0
100012c8:	d012      	beq.n	100012f0 <best_effort_wfe_or_timeout+0x44>
100012ca:	4938      	ldr	r1, [pc, #224]	@ (100013ac <best_effort_wfe_or_timeout+0x100>)
100012cc:	2000      	movs	r0, #0
100012ce:	6a4b      	ldr	r3, [r1, #36]	@ 0x24
100012d0:	42bb      	cmp	r3, r7
100012d2:	d306      	bcc.n	100012e2 <best_effort_wfe_or_timeout+0x36>
100012d4:	6a8a      	ldr	r2, [r1, #40]	@ 0x28
100012d6:	1bdb      	subs	r3, r3, r7
100012d8:	1e59      	subs	r1, r3, #1
100012da:	418b      	sbcs	r3, r1
100012dc:	42b2      	cmp	r2, r6
100012de:	4140      	adcs	r0, r0
100012e0:	4318      	orrs	r0, r3
100012e2:	b005      	add	sp, #20
100012e4:	bcf0      	pop	{r4, r5, r6, r7}
100012e6:	46bb      	mov	fp, r7
100012e8:	46b2      	mov	sl, r6
100012ea:	46a9      	mov	r9, r5
100012ec:	46a0      	mov	r8, r4
100012ee:	bdf0      	pop	{r4, r5, r6, r7, pc}
100012f0:	4b2f      	ldr	r3, [pc, #188]	@ (100013b0 <best_effort_wfe_or_timeout+0x104>)
100012f2:	469a      	mov	sl, r3
100012f4:	68db      	ldr	r3, [r3, #12]
100012f6:	4698      	mov	r8, r3
100012f8:	4653      	mov	r3, sl
100012fa:	781b      	ldrb	r3, [r3, #0]
100012fc:	4640      	mov	r0, r8
100012fe:	9303      	str	r3, [sp, #12]
10001300:	f000 f864 	bl	100013cc <timer_time_us_64>
10001304:	4642      	mov	r2, r8
10001306:	9b03      	ldr	r3, [sp, #12]
10001308:	0004      	movs	r4, r0
1000130a:	3304      	adds	r3, #4
1000130c:	009b      	lsls	r3, r3, #2
1000130e:	589b      	ldr	r3, [r3, r2]
10001310:	000d      	movs	r5, r1
10001312:	1a1b      	subs	r3, r3, r0
10001314:	0039      	movs	r1, r7
10001316:	0030      	movs	r0, r6
10001318:	1b00      	subs	r0, r0, r4
1000131a:	41a9      	sbcs	r1, r5
1000131c:	4589      	cmp	r9, r1
1000131e:	dc10      	bgt.n	10001342 <best_effort_wfe_or_timeout+0x96>
10001320:	d00d      	beq.n	1000133e <best_effort_wfe_or_timeout+0x92>
10001322:	bf20      	wfe
10001324:	4a21      	ldr	r2, [pc, #132]	@ (100013ac <best_effort_wfe_or_timeout+0x100>)
10001326:	2000      	movs	r0, #0
10001328:	6a53      	ldr	r3, [r2, #36]	@ 0x24
1000132a:	455b      	cmp	r3, fp
1000132c:	d3d9      	bcc.n	100012e2 <best_effort_wfe_or_timeout+0x36>
1000132e:	6a92      	ldr	r2, [r2, #40]	@ 0x28
10001330:	1bdb      	subs	r3, r3, r7
10001332:	1e59      	subs	r1, r3, #1
10001334:	418b      	sbcs	r3, r1
10001336:	42b2      	cmp	r2, r6
10001338:	4140      	adcs	r0, r0
1000133a:	4318      	orrs	r0, r3
1000133c:	e7d1      	b.n	100012e2 <best_effort_wfe_or_timeout+0x36>
1000133e:	4283      	cmp	r3, r0
10001340:	d9ef      	bls.n	10001322 <best_effort_wfe_or_timeout+0x76>
10001342:	f000 f84b 	bl	100013dc <time_us_64>
10001346:	0032      	movs	r2, r6
10001348:	003b      	movs	r3, r7
1000134a:	1a12      	subs	r2, r2, r0
1000134c:	418b      	sbcs	r3, r1
1000134e:	2b00      	cmp	r3, #0
10001350:	db1a      	blt.n	10001388 <best_effort_wfe_or_timeout+0xdc>
10001352:	2300      	movs	r3, #0
10001354:	9301      	str	r3, [sp, #4]
10001356:	4b17      	ldr	r3, [pc, #92]	@ (100013b4 <best_effort_wfe_or_timeout+0x108>)
10001358:	0032      	movs	r2, r6
1000135a:	9300      	str	r3, [sp, #0]
1000135c:	4650      	mov	r0, sl
1000135e:	003b      	movs	r3, r7
10001360:	f7ff fe92 	bl	10001088 <alarm_pool_add_alarm_at_force_in_context>
10001364:	1e01      	subs	r1, r0, #0
10001366:	dd0f      	ble.n	10001388 <best_effort_wfe_or_timeout+0xdc>
10001368:	4b10      	ldr	r3, [pc, #64]	@ (100013ac <best_effort_wfe_or_timeout+0x100>)
1000136a:	6a5a      	ldr	r2, [r3, #36]	@ 0x24
1000136c:	455a      	cmp	r2, fp
1000136e:	d31b      	bcc.n	100013a8 <best_effort_wfe_or_timeout+0xfc>
10001370:	6a9b      	ldr	r3, [r3, #40]	@ 0x28
10001372:	42b3      	cmp	r3, r6
10001374:	d316      	bcc.n	100013a4 <best_effort_wfe_or_timeout+0xf8>
10001376:	4650      	mov	r0, sl
10001378:	f7ff fede 	bl	10001138 <alarm_pool_cancel_alarm>
1000137c:	4a0b      	ldr	r2, [pc, #44]	@ (100013ac <best_effort_wfe_or_timeout+0x100>)
1000137e:	2000      	movs	r0, #0
10001380:	6a53      	ldr	r3, [r2, #36]	@ 0x24
10001382:	455b      	cmp	r3, fp
10001384:	d3ad      	bcc.n	100012e2 <best_effort_wfe_or_timeout+0x36>
10001386:	e7d2      	b.n	1000132e <best_effort_wfe_or_timeout+0x82>
10001388:	4a08      	ldr	r2, [pc, #32]	@ (100013ac <best_effort_wfe_or_timeout+0x100>)
1000138a:	2000      	movs	r0, #0
1000138c:	6a53      	ldr	r3, [r2, #36]	@ 0x24
1000138e:	455b      	cmp	r3, fp
10001390:	d3a7      	bcc.n	100012e2 <best_effort_wfe_or_timeout+0x36>
10001392:	2000      	movs	r0, #0
10001394:	6a92      	ldr	r2, [r2, #40]	@ 0x28
10001396:	1bdb      	subs	r3, r3, r7
10001398:	42b2      	cmp	r2, r6
1000139a:	4140      	adcs	r0, r0
1000139c:	1e5a      	subs	r2, r3, #1
1000139e:	4193      	sbcs	r3, r2
100013a0:	4318      	orrs	r0, r3
100013a2:	e79e      	b.n	100012e2 <best_effort_wfe_or_timeout+0x36>
100013a4:	455a      	cmp	r2, fp
100013a6:	d1e6      	bne.n	10001376 <best_effort_wfe_or_timeout+0xca>
100013a8:	bf20      	wfe
100013aa:	e7e4      	b.n	10001376 <best_effort_wfe_or_timeout+0xca>
100013ac:	40054000 	.word	0x40054000
100013b0:	2000102c 	.word	0x2000102c
100013b4:	10000ba5 	.word	0x10000ba5

100013b8 <timer_hardware_alarm_claim>:
100013b8:	b510      	push	{r4, lr}
100013ba:	4a02      	ldr	r2, [pc, #8]	@ (100013c4 <timer_hardware_alarm_claim+0xc>)
100013bc:	4802      	ldr	r0, [pc, #8]	@ (100013c8 <timer_hardware_alarm_claim+0x10>)
100013be:	f7ff f92b 	bl	10000618 <hw_claim_or_assert>
100013c2:	bd10      	pop	{r4, pc}
100013c4:	10006f20 	.word	0x10006f20
100013c8:	200026dc 	.word	0x200026dc

100013cc <timer_time_us_64>:
100013cc:	0003      	movs	r3, r0
100013ce:	6a41      	ldr	r1, [r0, #36]	@ 0x24
100013d0:	000a      	movs	r2, r1
100013d2:	6a98      	ldr	r0, [r3, #40]	@ 0x28
100013d4:	6a59      	ldr	r1, [r3, #36]	@ 0x24
100013d6:	428a      	cmp	r2, r1
100013d8:	d1fa      	bne.n	100013d0 <timer_time_us_64+0x4>
100013da:	4770      	bx	lr

100013dc <time_us_64>:
100013dc:	4b03      	ldr	r3, [pc, #12]	@ (100013ec <time_us_64+0x10>)
100013de:	6a59      	ldr	r1, [r3, #36]	@ 0x24
100013e0:	000a      	movs	r2, r1
100013e2:	6a98      	ldr	r0, [r3, #40]	@ 0x28
100013e4:	6a59      	ldr	r1, [r3, #36]	@ 0x24
100013e6:	4291      	cmp	r1, r2
100013e8:	d1fa      	bne.n	100013e0 <time_us_64+0x4>
100013ea:	4770      	bx	lr
100013ec:	40054000 	.word	0x40054000

100013f0 <busy_wait_until>:
100013f0:	4a06      	ldr	r2, [pc, #24]	@ (1000140c <busy_wait_until+0x1c>)
100013f2:	6a53      	ldr	r3, [r2, #36]	@ 0x24
100013f4:	4299      	cmp	r1, r3
100013f6:	d8fc      	bhi.n	100013f2 <busy_wait_until+0x2>
100013f8:	d107      	bne.n	1000140a <busy_wait_until+0x1a>
100013fa:	4b04      	ldr	r3, [pc, #16]	@ (1000140c <busy_wait_until+0x1c>)
100013fc:	e002      	b.n	10001404 <busy_wait_until+0x14>
100013fe:	6a5a      	ldr	r2, [r3, #36]	@ 0x24
10001400:	4291      	cmp	r1, r2
10001402:	d102      	bne.n	1000140a <busy_wait_until+0x1a>
10001404:	6a9a      	ldr	r2, [r3, #40]	@ 0x28
10001406:	4290      	cmp	r0, r2
10001408:	d8f9      	bhi.n	100013fe <busy_wait_until+0xe>
1000140a:	4770      	bx	lr
1000140c:	40054000 	.word	0x40054000

10001410 <clock_configure_int_divider>:
10001410:	b5f8      	push	{r3, r4, r5, r6, r7, lr}
10001412:	46de      	mov	lr, fp
10001414:	464e      	mov	r6, r9
10001416:	4657      	mov	r7, sl
10001418:	4645      	mov	r5, r8
1000141a:	b5e0      	push	{r5, r6, r7, lr}
1000141c:	468b      	mov	fp, r1
1000141e:	0005      	movs	r5, r0
10001420:	990a      	ldr	r1, [sp, #40]	@ 0x28
10001422:	0018      	movs	r0, r3
10001424:	0016      	movs	r6, r2
10001426:	f000 fb3b 	bl	10001aa0 <__wrap___aeabi_uidiv>
1000142a:	9b0a      	ldr	r3, [sp, #40]	@ 0x28
1000142c:	006c      	lsls	r4, r5, #1
1000142e:	021f      	lsls	r7, r3, #8
10001430:	4b32      	ldr	r3, [pc, #200]	@ (100014fc <clock_configure_int_divider+0xec>)
10001432:	1964      	adds	r4, r4, r5
10001434:	469c      	mov	ip, r3
10001436:	00a4      	lsls	r4, r4, #2
10001438:	4464      	add	r4, ip
1000143a:	6863      	ldr	r3, [r4, #4]
1000143c:	4681      	mov	r9, r0
1000143e:	429f      	cmp	r7, r3
10001440:	d900      	bls.n	10001444 <clock_configure_int_divider+0x34>
10001442:	6067      	str	r7, [r4, #4]
10001444:	1f2b      	subs	r3, r5, #4
10001446:	b2db      	uxtb	r3, r3
10001448:	4698      	mov	r8, r3
1000144a:	2b01      	cmp	r3, #1
1000144c:	d930      	bls.n	100014b0 <clock_configure_int_divider+0xa0>
1000144e:	23c0      	movs	r3, #192	@ 0xc0
10001450:	2280      	movs	r2, #128	@ 0x80
10001452:	019b      	lsls	r3, r3, #6
10001454:	18e3      	adds	r3, r4, r3
10001456:	0112      	lsls	r2, r2, #4
10001458:	601a      	str	r2, [r3, #0]
1000145a:	4b29      	ldr	r3, [pc, #164]	@ (10001500 <clock_configure_int_divider+0xf0>)
1000145c:	00ad      	lsls	r5, r5, #2
1000145e:	5959      	ldr	r1, [r3, r5]
10001460:	469a      	mov	sl, r3
10001462:	2900      	cmp	r1, #0
10001464:	d11b      	bne.n	1000149e <clock_configure_int_divider+0x8e>
10001466:	0173      	lsls	r3, r6, #5
10001468:	26e0      	movs	r6, #224	@ 0xe0
1000146a:	6822      	ldr	r2, [r4, #0]
1000146c:	4053      	eors	r3, r2
1000146e:	401e      	ands	r6, r3
10001470:	2380      	movs	r3, #128	@ 0x80
10001472:	4642      	mov	r2, r8
10001474:	015b      	lsls	r3, r3, #5
10001476:	18e3      	adds	r3, r4, r3
10001478:	601e      	str	r6, [r3, #0]
1000147a:	2a01      	cmp	r2, #1
1000147c:	d930      	bls.n	100014e0 <clock_configure_int_divider+0xd0>
1000147e:	2380      	movs	r3, #128	@ 0x80
10001480:	2280      	movs	r2, #128	@ 0x80
10001482:	019b      	lsls	r3, r3, #6
10001484:	18e3      	adds	r3, r4, r3
10001486:	0112      	lsls	r2, r2, #4
10001488:	601a      	str	r2, [r3, #0]
1000148a:	4653      	mov	r3, sl
1000148c:	464a      	mov	r2, r9
1000148e:	6067      	str	r7, [r4, #4]
10001490:	515a      	str	r2, [r3, r5]
10001492:	bcf0      	pop	{r4, r5, r6, r7}
10001494:	46bb      	mov	fp, r7
10001496:	46b2      	mov	sl, r6
10001498:	46a9      	mov	r9, r5
1000149a:	46a0      	mov	r8, r4
1000149c:	bdf8      	pop	{r3, r4, r5, r6, r7, pc}
1000149e:	6958      	ldr	r0, [r3, #20]
100014a0:	f000 fafe 	bl	10001aa0 <__wrap___aeabi_uidiv>
100014a4:	3001      	adds	r0, #1
100014a6:	0043      	lsls	r3, r0, #1
100014a8:	181b      	adds	r3, r3, r0
100014aa:	3b03      	subs	r3, #3
100014ac:	d2fd      	bcs.n	100014aa <clock_configure_int_divider+0x9a>
100014ae:	e7da      	b.n	10001466 <clock_configure_int_divider+0x56>
100014b0:	465b      	mov	r3, fp
100014b2:	2b01      	cmp	r3, #1
100014b4:	d1cb      	bne.n	1000144e <clock_configure_int_divider+0x3e>
100014b6:	23c0      	movs	r3, #192	@ 0xc0
100014b8:	2203      	movs	r2, #3
100014ba:	019b      	lsls	r3, r3, #6
100014bc:	18e3      	adds	r3, r4, r3
100014be:	601a      	str	r2, [r3, #0]
100014c0:	3a02      	subs	r2, #2
100014c2:	68a3      	ldr	r3, [r4, #8]
100014c4:	421a      	tst	r2, r3
100014c6:	d0fc      	beq.n	100014c2 <clock_configure_int_divider+0xb2>
100014c8:	0173      	lsls	r3, r6, #5
100014ca:	26e0      	movs	r6, #224	@ 0xe0
100014cc:	6822      	ldr	r2, [r4, #0]
100014ce:	00ad      	lsls	r5, r5, #2
100014d0:	4053      	eors	r3, r2
100014d2:	401e      	ands	r6, r3
100014d4:	2380      	movs	r3, #128	@ 0x80
100014d6:	4a0a      	ldr	r2, [pc, #40]	@ (10001500 <clock_configure_int_divider+0xf0>)
100014d8:	015b      	lsls	r3, r3, #5
100014da:	4692      	mov	sl, r2
100014dc:	18e3      	adds	r3, r4, r3
100014de:	601e      	str	r6, [r3, #0]
100014e0:	465a      	mov	r2, fp
100014e2:	6821      	ldr	r1, [r4, #0]
100014e4:	4051      	eors	r1, r2
100014e6:	2203      	movs	r2, #3
100014e8:	400a      	ands	r2, r1
100014ea:	601a      	str	r2, [r3, #0]
100014ec:	2201      	movs	r2, #1
100014ee:	465b      	mov	r3, fp
100014f0:	409a      	lsls	r2, r3
100014f2:	68a3      	ldr	r3, [r4, #8]
100014f4:	421a      	tst	r2, r3
100014f6:	d0fc      	beq.n	100014f2 <clock_configure_int_divider+0xe2>
100014f8:	e7c1      	b.n	1000147e <clock_configure_int_divider+0x6e>
100014fa:	46c0      	nop			@ (mov r8, r8)
100014fc:	40008000 	.word	0x40008000
10001500:	200026e0 	.word	0x200026e0

10001504 <clock_configure_undivided>:
10001504:	b5f0      	push	{r4, r5, r6, r7, lr}
10001506:	4646      	mov	r6, r8
10001508:	464f      	mov	r7, r9
1000150a:	46d6      	mov	lr, sl
1000150c:	b5c0      	push	{r6, r7, lr}
1000150e:	001f      	movs	r7, r3
10001510:	4b34      	ldr	r3, [pc, #208]	@ (100015e4 <clock_configure_undivided+0xe0>)
10001512:	0044      	lsls	r4, r0, #1
10001514:	469c      	mov	ip, r3
10001516:	1824      	adds	r4, r4, r0
10001518:	00a4      	lsls	r4, r4, #2
1000151a:	4464      	add	r4, ip
1000151c:	6863      	ldr	r3, [r4, #4]
1000151e:	4688      	mov	r8, r1
10001520:	0016      	movs	r6, r2
10001522:	2bff      	cmp	r3, #255	@ 0xff
10001524:	d802      	bhi.n	1000152c <clock_configure_undivided+0x28>
10001526:	2380      	movs	r3, #128	@ 0x80
10001528:	005b      	lsls	r3, r3, #1
1000152a:	6063      	str	r3, [r4, #4]
1000152c:	1f03      	subs	r3, r0, #4
1000152e:	b2db      	uxtb	r3, r3
10001530:	469a      	mov	sl, r3
10001532:	2b01      	cmp	r3, #1
10001534:	d930      	bls.n	10001598 <clock_configure_undivided+0x94>
10001536:	23c0      	movs	r3, #192	@ 0xc0
10001538:	2280      	movs	r2, #128	@ 0x80
1000153a:	019b      	lsls	r3, r3, #6
1000153c:	18e3      	adds	r3, r4, r3
1000153e:	0112      	lsls	r2, r2, #4
10001540:	601a      	str	r2, [r3, #0]
10001542:	4b29      	ldr	r3, [pc, #164]	@ (100015e8 <clock_configure_undivided+0xe4>)
10001544:	0085      	lsls	r5, r0, #2
10001546:	5959      	ldr	r1, [r3, r5]
10001548:	4699      	mov	r9, r3
1000154a:	2900      	cmp	r1, #0
1000154c:	d11b      	bne.n	10001586 <clock_configure_undivided+0x82>
1000154e:	0173      	lsls	r3, r6, #5
10001550:	26e0      	movs	r6, #224	@ 0xe0
10001552:	6822      	ldr	r2, [r4, #0]
10001554:	4053      	eors	r3, r2
10001556:	401e      	ands	r6, r3
10001558:	2380      	movs	r3, #128	@ 0x80
1000155a:	4652      	mov	r2, sl
1000155c:	015b      	lsls	r3, r3, #5
1000155e:	18e3      	adds	r3, r4, r3
10001560:	601e      	str	r6, [r3, #0]
10001562:	2a01      	cmp	r2, #1
10001564:	d930      	bls.n	100015c8 <clock_configure_undivided+0xc4>
10001566:	2380      	movs	r3, #128	@ 0x80
10001568:	2280      	movs	r2, #128	@ 0x80
1000156a:	019b      	lsls	r3, r3, #6
1000156c:	18e3      	adds	r3, r4, r3
1000156e:	0112      	lsls	r2, r2, #4
10001570:	601a      	str	r2, [r3, #0]
10001572:	2380      	movs	r3, #128	@ 0x80
10001574:	005b      	lsls	r3, r3, #1
10001576:	6063      	str	r3, [r4, #4]
10001578:	464b      	mov	r3, r9
1000157a:	515f      	str	r7, [r3, r5]
1000157c:	bce0      	pop	{r5, r6, r7}
1000157e:	46ba      	mov	sl, r7
10001580:	46b1      	mov	r9, r6
10001582:	46a8      	mov	r8, r5
10001584:	bdf0      	pop	{r4, r5, r6, r7, pc}
10001586:	6958      	ldr	r0, [r3, #20]
10001588:	f000 fa8a 	bl	10001aa0 <__wrap___aeabi_uidiv>
1000158c:	3001      	adds	r0, #1
1000158e:	0043      	lsls	r3, r0, #1
10001590:	181b      	adds	r3, r3, r0
10001592:	3b03      	subs	r3, #3
10001594:	d2fd      	bcs.n	10001592 <clock_configure_undivided+0x8e>
10001596:	e7da      	b.n	1000154e <clock_configure_undivided+0x4a>
10001598:	4643      	mov	r3, r8
1000159a:	2b01      	cmp	r3, #1
1000159c:	d1cb      	bne.n	10001536 <clock_configure_undivided+0x32>
1000159e:	23c0      	movs	r3, #192	@ 0xc0
100015a0:	2203      	movs	r2, #3
100015a2:	019b      	lsls	r3, r3, #6
100015a4:	18e3      	adds	r3, r4, r3
100015a6:	601a      	str	r2, [r3, #0]
100015a8:	3a02      	subs	r2, #2
100015aa:	68a3      	ldr	r3, [r4, #8]
100015ac:	421a      	tst	r2, r3
100015ae:	d0fc      	beq.n	100015aa <clock_configure_undivided+0xa6>
100015b0:	0173      	lsls	r3, r6, #5
100015b2:	26e0      	movs	r6, #224	@ 0xe0
100015b4:	6822      	ldr	r2, [r4, #0]
100015b6:	0085      	lsls	r5, r0, #2
100015b8:	4053      	eors	r3, r2
100015ba:	401e      	ands	r6, r3
100015bc:	2380      	movs	r3, #128	@ 0x80
100015be:	4a0a      	ldr	r2, [pc, #40]	@ (100015e8 <clock_configure_undivided+0xe4>)
100015c0:	015b      	lsls	r3, r3, #5
100015c2:	4691      	mov	r9, r2
100015c4:	18e3      	adds	r3, r4, r3
100015c6:	601e      	str	r6, [r3, #0]
100015c8:	4642      	mov	r2, r8
100015ca:	6821      	ldr	r1, [r4, #0]
100015cc:	4051      	eors	r1, r2
100015ce:	2203      	movs	r2, #3
100015d0:	400a      	ands	r2, r1
100015d2:	601a      	str	r2, [r3, #0]
100015d4:	2301      	movs	r3, #1
100015d6:	4642      	mov	r2, r8
100015d8:	4093      	lsls	r3, r2
100015da:	68a2      	ldr	r2, [r4, #8]
100015dc:	4213      	tst	r3, r2
100015de:	d0fc      	beq.n	100015da <clock_configure_undivided+0xd6>
100015e0:	e7c1      	b.n	10001566 <clock_configure_undivided+0x62>
100015e2:	46c0      	nop			@ (mov r8, r8)
100015e4:	40008000 	.word	0x40008000
100015e8:	200026e0 	.word	0x200026e0

100015ec <clock_get_hz>:
100015ec:	4b01      	ldr	r3, [pc, #4]	@ (100015f4 <clock_get_hz+0x8>)
100015ee:	0080      	lsls	r0, r0, #2
100015f0:	58c0      	ldr	r0, [r0, r3]
100015f2:	4770      	bx	lr
100015f4:	200026e0 	.word	0x200026e0

100015f8 <pll_init>:
100015f8:	b5f8      	push	{r3, r4, r5, r6, r7, lr}
100015fa:	0004      	movs	r4, r0
100015fc:	4821      	ldr	r0, [pc, #132]	@ (10001684 <pll_init+0x8c>)
100015fe:	001e      	movs	r6, r3
10001600:	0017      	movs	r7, r2
10001602:	000d      	movs	r5, r1
10001604:	f000 fa4c 	bl	10001aa0 <__wrap___aeabi_uidiv>
10001608:	0001      	movs	r1, r0
1000160a:	0038      	movs	r0, r7
1000160c:	f000 fa48 	bl	10001aa0 <__wrap___aeabi_uidiv>
10001610:	9b06      	ldr	r3, [sp, #24]
10001612:	0436      	lsls	r6, r6, #16
10001614:	031b      	lsls	r3, r3, #12
10001616:	431e      	orrs	r6, r3
10001618:	6823      	ldr	r3, [r4, #0]
1000161a:	2b00      	cmp	r3, #0
1000161c:	db20      	blt.n	10001660 <pll_init+0x68>
1000161e:	4b1a      	ldr	r3, [pc, #104]	@ (10001688 <pll_init+0x90>)
10001620:	491a      	ldr	r1, [pc, #104]	@ (1000168c <pll_init+0x94>)
10001622:	18e3      	adds	r3, r4, r3
10001624:	1e5a      	subs	r2, r3, #1
10001626:	4193      	sbcs	r3, r2
10001628:	2280      	movs	r2, #128	@ 0x80
1000162a:	0192      	lsls	r2, r2, #6
1000162c:	4694      	mov	ip, r2
1000162e:	425b      	negs	r3, r3
10001630:	0b1b      	lsrs	r3, r3, #12
10001632:	4a17      	ldr	r2, [pc, #92]	@ (10001690 <pll_init+0x98>)
10001634:	031b      	lsls	r3, r3, #12
10001636:	4463      	add	r3, ip
10001638:	6013      	str	r3, [r2, #0]
1000163a:	4a16      	ldr	r2, [pc, #88]	@ (10001694 <pll_init+0x9c>)
1000163c:	6013      	str	r3, [r2, #0]
1000163e:	001f      	movs	r7, r3
10001640:	680a      	ldr	r2, [r1, #0]
10001642:	4397      	bics	r7, r2
10001644:	d1fb      	bne.n	1000163e <pll_init+0x46>
10001646:	4b14      	ldr	r3, [pc, #80]	@ (10001698 <pll_init+0xa0>)
10001648:	6025      	str	r5, [r4, #0]
1000164a:	18e2      	adds	r2, r4, r3
1000164c:	2321      	movs	r3, #33	@ 0x21
1000164e:	60a0      	str	r0, [r4, #8]
10001650:	6013      	str	r3, [r2, #0]
10001652:	6823      	ldr	r3, [r4, #0]
10001654:	2b00      	cmp	r3, #0
10001656:	dafc      	bge.n	10001652 <pll_init+0x5a>
10001658:	2308      	movs	r3, #8
1000165a:	60e6      	str	r6, [r4, #12]
1000165c:	6013      	str	r3, [r2, #0]
1000165e:	bdf8      	pop	{r3, r4, r5, r6, r7, pc}
10001660:	233f      	movs	r3, #63	@ 0x3f
10001662:	6822      	ldr	r2, [r4, #0]
10001664:	4013      	ands	r3, r2
10001666:	42ab      	cmp	r3, r5
10001668:	d1d9      	bne.n	1000161e <pll_init+0x26>
1000166a:	68a3      	ldr	r3, [r4, #8]
1000166c:	051b      	lsls	r3, r3, #20
1000166e:	0d1b      	lsrs	r3, r3, #20
10001670:	4283      	cmp	r3, r0
10001672:	d1d4      	bne.n	1000161e <pll_init+0x26>
10001674:	22ee      	movs	r2, #238	@ 0xee
10001676:	68e3      	ldr	r3, [r4, #12]
10001678:	02d2      	lsls	r2, r2, #11
1000167a:	4013      	ands	r3, r2
1000167c:	42b3      	cmp	r3, r6
1000167e:	d1ce      	bne.n	1000161e <pll_init+0x26>
10001680:	e7ed      	b.n	1000165e <pll_init+0x66>
10001682:	46c0      	nop			@ (mov r8, r8)
10001684:	00b71b00 	.word	0x00b71b00
10001688:	bffd4000 	.word	0xbffd4000
1000168c:	4000c008 	.word	0x4000c008
10001690:	4000e000 	.word	0x4000e000
10001694:	4000f000 	.word	0x4000f000
10001698:	00003004 	.word	0x00003004

1000169c <watchdog_reboot>:
1000169c:	b510      	push	{r4, lr}
1000169e:	2480      	movs	r4, #128	@ 0x80
100016a0:	4b1c      	ldr	r3, [pc, #112]	@ (10001714 <watchdog_reboot+0x78>)
100016a2:	05e4      	lsls	r4, r4, #23
100016a4:	601c      	str	r4, [r3, #0]
100016a6:	2800      	cmp	r0, #0
100016a8:	d01a      	beq.n	100016e0 <watchdog_reboot+0x44>
100016aa:	2301      	movs	r3, #1
100016ac:	4c1a      	ldr	r4, [pc, #104]	@ (10001718 <watchdog_reboot+0x7c>)
100016ae:	4318      	orrs	r0, r3
100016b0:	4b1a      	ldr	r3, [pc, #104]	@ (1000171c <watchdog_reboot+0x80>)
100016b2:	61dc      	str	r4, [r3, #28]
100016b4:	4c1a      	ldr	r4, [pc, #104]	@ (10001720 <watchdog_reboot+0x84>)
100016b6:	4044      	eors	r4, r0
100016b8:	621c      	str	r4, [r3, #32]
100016ba:	6259      	str	r1, [r3, #36]	@ 0x24
100016bc:	6298      	str	r0, [r3, #40]	@ 0x28
100016be:	2180      	movs	r1, #128	@ 0x80
100016c0:	4b14      	ldr	r3, [pc, #80]	@ (10001714 <watchdog_reboot+0x78>)
100016c2:	05c9      	lsls	r1, r1, #23
100016c4:	6019      	str	r1, [r3, #0]
100016c6:	4817      	ldr	r0, [pc, #92]	@ (10001724 <watchdog_reboot+0x88>)
100016c8:	4917      	ldr	r1, [pc, #92]	@ (10001728 <watchdog_reboot+0x8c>)
100016ca:	6008      	str	r0, [r1, #0]
100016cc:	21e0      	movs	r1, #224	@ 0xe0
100016ce:	04c9      	lsls	r1, r1, #19
100016d0:	6019      	str	r1, [r3, #0]
100016d2:	2a00      	cmp	r2, #0
100016d4:	d107      	bne.n	100016e6 <watchdog_reboot+0x4a>
100016d6:	2280      	movs	r2, #128	@ 0x80
100016d8:	4b14      	ldr	r3, [pc, #80]	@ (1000172c <watchdog_reboot+0x90>)
100016da:	0612      	lsls	r2, r2, #24
100016dc:	601a      	str	r2, [r3, #0]
100016de:	bd10      	pop	{r4, pc}
100016e0:	4b0e      	ldr	r3, [pc, #56]	@ (1000171c <watchdog_reboot+0x80>)
100016e2:	61d8      	str	r0, [r3, #28]
100016e4:	e7eb      	b.n	100016be <watchdog_reboot+0x22>
100016e6:	0153      	lsls	r3, r2, #5
100016e8:	1a9b      	subs	r3, r3, r2
100016ea:	009b      	lsls	r3, r3, #2
100016ec:	189a      	adds	r2, r3, r2
100016ee:	2380      	movs	r3, #128	@ 0x80
100016f0:	0112      	lsls	r2, r2, #4
100016f2:	045b      	lsls	r3, r3, #17
100016f4:	429a      	cmp	r2, r3
100016f6:	d209      	bcs.n	1000170c <watchdog_reboot+0x70>
100016f8:	0013      	movs	r3, r2
100016fa:	490d      	ldr	r1, [pc, #52]	@ (10001730 <watchdog_reboot+0x94>)
100016fc:	600b      	str	r3, [r1, #0]
100016fe:	4b07      	ldr	r3, [pc, #28]	@ (1000171c <watchdog_reboot+0x80>)
10001700:	605a      	str	r2, [r3, #4]
10001702:	2280      	movs	r2, #128	@ 0x80
10001704:	4b09      	ldr	r3, [pc, #36]	@ (1000172c <watchdog_reboot+0x90>)
10001706:	05d2      	lsls	r2, r2, #23
10001708:	601a      	str	r2, [r3, #0]
1000170a:	e7e8      	b.n	100016de <watchdog_reboot+0x42>
1000170c:	4b09      	ldr	r3, [pc, #36]	@ (10001734 <watchdog_reboot+0x98>)
1000170e:	001a      	movs	r2, r3
10001710:	e7f3      	b.n	100016fa <watchdog_reboot+0x5e>
10001712:	46c0      	nop			@ (mov r8, r8)
10001714:	4005b000 	.word	0x4005b000
10001718:	b007c0d3 	.word	0xb007c0d3
1000171c:	40058000 	.word	0x40058000
10001720:	4ff83f2d 	.word	0x4ff83f2d
10001724:	0001fffc 	.word	0x0001fffc
10001728:	40012008 	.word	0x40012008
1000172c:	4005a000 	.word	0x4005a000
10001730:	20002b44 	.word	0x20002b44
10001734:	00ffffff 	.word	0x00ffffff

10001738 <tick_start>:
10001738:	2380      	movs	r3, #128	@ 0x80
1000173a:	4a02      	ldr	r2, [pc, #8]	@ (10001744 <tick_start+0xc>)
1000173c:	009b      	lsls	r3, r3, #2
1000173e:	430b      	orrs	r3, r1
10001740:	62d3      	str	r3, [r2, #44]	@ 0x2c
10001742:	4770      	bx	lr
10001744:	40058000 	.word	0x40058000

10001748 <rom_func_lookup>:
10001748:	2300      	movs	r3, #0
1000174a:	b510      	push	{r4, lr}
1000174c:	0001      	movs	r1, r0
1000174e:	8a98      	ldrh	r0, [r3, #20]
10001750:	8b1b      	ldrh	r3, [r3, #24]
10001752:	4798      	blx	r3
10001754:	bd10      	pop	{r4, pc}
10001756:	46c0      	nop			@ (mov r8, r8)

10001758 <rom_data_lookup>:
10001758:	2316      	movs	r3, #22
1000175a:	b510      	push	{r4, lr}
1000175c:	0001      	movs	r1, r0
1000175e:	8818      	ldrh	r0, [r3, #0]
10001760:	3302      	adds	r3, #2
10001762:	881b      	ldrh	r3, [r3, #0]
10001764:	4798      	blx	r3
10001766:	bd10      	pop	{r4, pc}

10001768 <rom_funcs_lookup>:
10001768:	b5f8      	push	{r3, r4, r5, r6, r7, lr}
1000176a:	4647      	mov	r7, r8
1000176c:	46ce      	mov	lr, r9
1000176e:	b580      	push	{r7, lr}
10001770:	1e0f      	subs	r7, r1, #0
10001772:	d018      	beq.n	100017a6 <rom_funcs_lookup+0x3e>
10001774:	2314      	movs	r3, #20
10001776:	4699      	mov	r9, r3
10001778:	3304      	adds	r3, #4
1000177a:	0004      	movs	r4, r0
1000177c:	2500      	movs	r5, #0
1000177e:	2601      	movs	r6, #1
10001780:	4698      	mov	r8, r3
10001782:	464b      	mov	r3, r9
10001784:	8818      	ldrh	r0, [r3, #0]
10001786:	4643      	mov	r3, r8
10001788:	6821      	ldr	r1, [r4, #0]
1000178a:	881b      	ldrh	r3, [r3, #0]
1000178c:	4798      	blx	r3
1000178e:	c401      	stmia	r4!, {r0}
10001790:	1e43      	subs	r3, r0, #1
10001792:	4198      	sbcs	r0, r3
10001794:	3501      	adds	r5, #1
10001796:	4006      	ands	r6, r0
10001798:	42af      	cmp	r7, r5
1000179a:	d1f2      	bne.n	10001782 <rom_funcs_lookup+0x1a>
1000179c:	0030      	movs	r0, r6
1000179e:	bcc0      	pop	{r6, r7}
100017a0:	46b9      	mov	r9, r7
100017a2:	46b0      	mov	r8, r6
100017a4:	bdf8      	pop	{r3, r4, r5, r6, r7, pc}
100017a6:	2601      	movs	r6, #1
100017a8:	e7f8      	b.n	1000179c <rom_funcs_lookup+0x34>
100017aa:	46c0      	nop			@ (mov r8, r8)

100017ac <rom_reset_usb_boot_extra>:
100017ac:	2300      	movs	r3, #0
100017ae:	b570      	push	{r4, r5, r6, lr}
100017b0:	0004      	movs	r4, r0
100017b2:	000d      	movs	r5, r1
100017b4:	8a98      	ldrh	r0, [r3, #20]
100017b6:	4905      	ldr	r1, [pc, #20]	@ (100017cc <rom_reset_usb_boot_extra+0x20>)
100017b8:	8b1b      	ldrh	r3, [r3, #24]
100017ba:	4798      	blx	r3
100017bc:	0003      	movs	r3, r0
100017be:	2000      	movs	r0, #0
100017c0:	2c00      	cmp	r4, #0
100017c2:	db01      	blt.n	100017c8 <rom_reset_usb_boot_extra+0x1c>
100017c4:	3001      	adds	r0, #1
100017c6:	40a0      	lsls	r0, r4
100017c8:	0029      	movs	r1, r5
100017ca:	4798      	blx	r3
100017cc:	00004255 	.word	0x00004255

100017d0 <xosc_init>:
100017d0:	23aa      	movs	r3, #170	@ 0xaa
100017d2:	4a06      	ldr	r2, [pc, #24]	@ (100017ec <xosc_init+0x1c>)
100017d4:	011b      	lsls	r3, r3, #4
100017d6:	6013      	str	r3, [r2, #0]
100017d8:	238d      	movs	r3, #141	@ 0x8d
100017da:	005b      	lsls	r3, r3, #1
100017dc:	60d3      	str	r3, [r2, #12]
100017de:	4904      	ldr	r1, [pc, #16]	@ (100017f0 <xosc_init+0x20>)
100017e0:	4b04      	ldr	r3, [pc, #16]	@ (100017f4 <xosc_init+0x24>)
100017e2:	6019      	str	r1, [r3, #0]
100017e4:	6853      	ldr	r3, [r2, #4]
100017e6:	2b00      	cmp	r3, #0
100017e8:	dafc      	bge.n	100017e4 <xosc_init+0x14>
100017ea:	4770      	bx	lr
100017ec:	40024000 	.word	0x40024000
100017f0:	00fab000 	.word	0x00fab000
100017f4:	40026000 	.word	0x40026000

100017f8 <first_per_core_initializer>:
100017f8:	4770      	bx	lr
100017fa:	46c0      	nop			@ (mov r8, r8)

100017fc <hard_assertion_failure>:
100017fc:	b510      	push	{r4, lr}
100017fe:	4801      	ldr	r0, [pc, #4]	@ (10001804 <hard_assertion_failure+0x8>)
10001800:	f7fe fef2 	bl	100005e8 <panic>
10001804:	10006f44 	.word	0x10006f44

10001808 <runtime_run_initializers>:
10001808:	b570      	push	{r4, r5, r6, lr}
1000180a:	4d07      	ldr	r5, [pc, #28]	@ (10001828 <runtime_run_initializers+0x20>)
1000180c:	4e07      	ldr	r6, [pc, #28]	@ (1000182c <runtime_run_initializers+0x24>)
1000180e:	42b5      	cmp	r5, r6
10001810:	d209      	bcs.n	10001826 <runtime_run_initializers+0x1e>
10001812:	2400      	movs	r4, #0
10001814:	3e01      	subs	r6, #1
10001816:	1b76      	subs	r6, r6, r5
10001818:	08b6      	lsrs	r6, r6, #2
1000181a:	cd08      	ldmia	r5!, {r3}
1000181c:	4798      	blx	r3
1000181e:	0023      	movs	r3, r4
10001820:	3401      	adds	r4, #1
10001822:	42b3      	cmp	r3, r6
10001824:	d1f9      	bne.n	1000181a <runtime_run_initializers+0x12>
10001826:	bd70      	pop	{r4, r5, r6, pc}
10001828:	10006dd8 	.word	0x10006dd8
1000182c:	10006e14 	.word	0x10006e14

10001830 <runtime_init_early_resets>:
10001830:	4b05      	ldr	r3, [pc, #20]	@ (10001848 <runtime_init_early_resets+0x18>)
10001832:	4a06      	ldr	r2, [pc, #24]	@ (1000184c <runtime_init_early_resets+0x1c>)
10001834:	4906      	ldr	r1, [pc, #24]	@ (10001850 <runtime_init_early_resets+0x20>)
10001836:	601a      	str	r2, [r3, #0]
10001838:	4a06      	ldr	r2, [pc, #24]	@ (10001854 <runtime_init_early_resets+0x24>)
1000183a:	4b07      	ldr	r3, [pc, #28]	@ (10001858 <runtime_init_early_resets+0x28>)
1000183c:	601a      	str	r2, [r3, #0]
1000183e:	0010      	movs	r0, r2
10001840:	680b      	ldr	r3, [r1, #0]
10001842:	4398      	bics	r0, r3
10001844:	d1fb      	bne.n	1000183e <runtime_init_early_resets+0xe>
10001846:	4770      	bx	lr
10001848:	4000e000 	.word	0x4000e000
1000184c:	fefbcdbf 	.word	0xfefbcdbf
10001850:	4000c008 	.word	0x4000c008
10001854:	003c7ffe 	.word	0x003c7ffe
10001858:	4000f000 	.word	0x4000f000

1000185c <runtime_init_usb_power_down>:
1000185c:	4b04      	ldr	r3, [pc, #16]	@ (10001870 <runtime_init_usb_power_down+0x14>)
1000185e:	6cdb      	ldr	r3, [r3, #76]	@ 0x4c
10001860:	2b00      	cmp	r3, #0
10001862:	d103      	bne.n	1000186c <runtime_init_usb_power_down+0x10>
10001864:	2280      	movs	r2, #128	@ 0x80
10001866:	4b03      	ldr	r3, [pc, #12]	@ (10001874 <runtime_init_usb_power_down+0x18>)
10001868:	02d2      	lsls	r2, r2, #11
1000186a:	601a      	str	r2, [r3, #0]
1000186c:	4770      	bx	lr
1000186e:	46c0      	nop			@ (mov r8, r8)
10001870:	50110000 	.word	0x50110000
10001874:	5011204c 	.word	0x5011204c

10001878 <runtime_init_post_clock_resets>:
10001878:	4a04      	ldr	r2, [pc, #16]	@ (1000188c <runtime_init_post_clock_resets+0x14>)
1000187a:	4b05      	ldr	r3, [pc, #20]	@ (10001890 <runtime_init_post_clock_resets+0x18>)
1000187c:	601a      	str	r2, [r3, #0]
1000187e:	4a05      	ldr	r2, [pc, #20]	@ (10001894 <runtime_init_post_clock_resets+0x1c>)
10001880:	6813      	ldr	r3, [r2, #0]
10001882:	01db      	lsls	r3, r3, #7
10001884:	3380      	adds	r3, #128	@ 0x80
10001886:	d1fb      	bne.n	10001880 <runtime_init_post_clock_resets+0x8>
10001888:	4770      	bx	lr
1000188a:	46c0      	nop			@ (mov r8, r8)
1000188c:	01ffffff 	.word	0x01ffffff
10001890:	4000f000 	.word	0x4000f000
10001894:	4000c008 	.word	0x4000c008

10001898 <runtime_init_rp2040_gpio_ie_disable>:
10001898:	2240      	movs	r2, #64	@ 0x40
1000189a:	4b03      	ldr	r3, [pc, #12]	@ (100018a8 <runtime_init_rp2040_gpio_ie_disable+0x10>)
1000189c:	679a      	str	r2, [r3, #120]	@ 0x78
1000189e:	675a      	str	r2, [r3, #116]	@ 0x74
100018a0:	671a      	str	r2, [r3, #112]	@ 0x70
100018a2:	66da      	str	r2, [r3, #108]	@ 0x6c
100018a4:	4770      	bx	lr
100018a6:	46c0      	nop			@ (mov r8, r8)
100018a8:	4001f000 	.word	0x4001f000

100018ac <runtime_init_spin_locks_reset>:
100018ac:	b510      	push	{r4, lr}
100018ae:	f7fe ff37 	bl	10000720 <spin_locks_reset>
100018b2:	bd10      	pop	{r4, pc}

100018b4 <runtime_init_install_ram_vector_table>:
100018b4:	b5f8      	push	{r3, r4, r5, r6, r7, lr}
100018b6:	4927      	ldr	r1, [pc, #156]	@ (10001954 <runtime_init_install_ram_vector_table+0xa0>)
100018b8:	4c27      	ldr	r4, [pc, #156]	@ (10001958 <runtime_init_install_ram_vector_table+0xa4>)
100018ba:	4d28      	ldr	r5, [pc, #160]	@ (1000195c <runtime_init_install_ram_vector_table+0xa8>)
100018bc:	1a64      	subs	r4, r4, r1
100018be:	10a6      	asrs	r6, r4, #2
100018c0:	0032      	movs	r2, r6
100018c2:	2e30      	cmp	r6, #48	@ 0x30
100018c4:	d900      	bls.n	100018c8 <runtime_init_install_ram_vector_table+0x14>
100018c6:	2230      	movs	r2, #48	@ 0x30
100018c8:	0028      	movs	r0, r5
100018ca:	0092      	lsls	r2, r2, #2
100018cc:	f000 ff7c 	bl	100027c8 <__wrap___aeabi_memcpy>
100018d0:	2cbc      	cmp	r4, #188	@ 0xbc
100018d2:	d83b      	bhi.n	1000194c <runtime_init_install_ram_vector_table+0x98>
100018d4:	2030      	movs	r0, #48	@ 0x30
100018d6:	232f      	movs	r3, #47	@ 0x2f
100018d8:	192c      	adds	r4, r5, r4
100018da:	0764      	lsls	r4, r4, #29
100018dc:	4a20      	ldr	r2, [pc, #128]	@ (10001960 <runtime_init_install_ram_vector_table+0xac>)
100018de:	1b80      	subs	r0, r0, r6
100018e0:	0fe4      	lsrs	r4, r4, #31
100018e2:	1b9b      	subs	r3, r3, r6
100018e4:	2b05      	cmp	r3, #5
100018e6:	d916      	bls.n	10001916 <runtime_init_install_ram_vector_table+0x62>
100018e8:	0037      	movs	r7, r6
100018ea:	2c00      	cmp	r4, #0
100018ec:	d002      	beq.n	100018f4 <runtime_init_install_ram_vector_table+0x40>
100018ee:	00b3      	lsls	r3, r6, #2
100018f0:	1c77      	adds	r7, r6, #1
100018f2:	50ea      	str	r2, [r5, r3]
100018f4:	1b00      	subs	r0, r0, r4
100018f6:	1933      	adds	r3, r6, r4
100018f8:	009b      	lsls	r3, r3, #2
100018fa:	0841      	lsrs	r1, r0, #1
100018fc:	18eb      	adds	r3, r5, r3
100018fe:	00c9      	lsls	r1, r1, #3
10001900:	18c9      	adds	r1, r1, r3
10001902:	601a      	str	r2, [r3, #0]
10001904:	605a      	str	r2, [r3, #4]
10001906:	3308      	adds	r3, #8
10001908:	4299      	cmp	r1, r3
1000190a:	d1fa      	bne.n	10001902 <runtime_init_install_ram_vector_table+0x4e>
1000190c:	2301      	movs	r3, #1
1000190e:	4203      	tst	r3, r0
10001910:	d01c      	beq.n	1000194c <runtime_init_install_ram_vector_table+0x98>
10001912:	4398      	bics	r0, r3
10001914:	19c6      	adds	r6, r0, r7
10001916:	00b3      	lsls	r3, r6, #2
10001918:	50ea      	str	r2, [r5, r3]
1000191a:	1c73      	adds	r3, r6, #1
1000191c:	2e2f      	cmp	r6, #47	@ 0x2f
1000191e:	d015      	beq.n	1000194c <runtime_init_install_ram_vector_table+0x98>
10001920:	009b      	lsls	r3, r3, #2
10001922:	50ea      	str	r2, [r5, r3]
10001924:	1cb3      	adds	r3, r6, #2
10001926:	2e2e      	cmp	r6, #46	@ 0x2e
10001928:	d010      	beq.n	1000194c <runtime_init_install_ram_vector_table+0x98>
1000192a:	009b      	lsls	r3, r3, #2
1000192c:	50ea      	str	r2, [r5, r3]
1000192e:	1cf3      	adds	r3, r6, #3
10001930:	2e2d      	cmp	r6, #45	@ 0x2d
10001932:	d00b      	beq.n	1000194c <runtime_init_install_ram_vector_table+0x98>
10001934:	009b      	lsls	r3, r3, #2
10001936:	50ea      	str	r2, [r5, r3]
10001938:	1d33      	adds	r3, r6, #4
1000193a:	2e2c      	cmp	r6, #44	@ 0x2c
1000193c:	d006      	beq.n	1000194c <runtime_init_install_ram_vector_table+0x98>
1000193e:	009b      	lsls	r3, r3, #2
10001940:	50ea      	str	r2, [r5, r3]
10001942:	1d73      	adds	r3, r6, #5
10001944:	2e2b      	cmp	r6, #43	@ 0x2b
10001946:	d001      	beq.n	1000194c <runtime_init_install_ram_vector_table+0x98>
10001948:	009b      	lsls	r3, r3, #2
1000194a:	50ea      	str	r2, [r5, r3]
1000194c:	4b05      	ldr	r3, [pc, #20]	@ (10001964 <runtime_init_install_ram_vector_table+0xb0>)
1000194e:	609d      	str	r5, [r3, #8]
10001950:	bdf8      	pop	{r3, r4, r5, r6, r7, pc}
10001952:	46c0      	nop			@ (mov r8, r8)
10001954:	10000100 	.word	0x10000100
10001958:	100001c0 	.word	0x100001c0
1000195c:	20000000 	.word	0x20000000
10001960:	100001c1 	.word	0x100001c1
10001964:	e000ed00 	.word	0xe000ed00

10001968 <runtime_init_clocks>:
10001968:	2300      	movs	r3, #0
1000196a:	b510      	push	{r4, lr}
1000196c:	4c29      	ldr	r4, [pc, #164]	@ (10001a14 <runtime_init_clocks+0xac>)
1000196e:	b082      	sub	sp, #8
10001970:	67a3      	str	r3, [r4, #120]	@ 0x78
10001972:	f7ff ff2d 	bl	100017d0 <xosc_init>
10001976:	2201      	movs	r2, #1
10001978:	4b27      	ldr	r3, [pc, #156]	@ (10001a18 <runtime_init_clocks+0xb0>)
1000197a:	601a      	str	r2, [r3, #0]
1000197c:	6c63      	ldr	r3, [r4, #68]	@ 0x44
1000197e:	2b01      	cmp	r3, #1
10001980:	d1fc      	bne.n	1000197c <runtime_init_clocks+0x14>
10001982:	2203      	movs	r2, #3
10001984:	4b25      	ldr	r3, [pc, #148]	@ (10001a1c <runtime_init_clocks+0xb4>)
10001986:	601a      	str	r2, [r3, #0]
10001988:	4a22      	ldr	r2, [pc, #136]	@ (10001a14 <runtime_init_clocks+0xac>)
1000198a:	6b93      	ldr	r3, [r2, #56]	@ 0x38
1000198c:	2b01      	cmp	r3, #1
1000198e:	d1fc      	bne.n	1000198a <runtime_init_clocks+0x22>
10001990:	3301      	adds	r3, #1
10001992:	9300      	str	r3, [sp, #0]
10001994:	2101      	movs	r1, #1
10001996:	4a22      	ldr	r2, [pc, #136]	@ (10001a20 <runtime_init_clocks+0xb8>)
10001998:	4822      	ldr	r0, [pc, #136]	@ (10001a24 <runtime_init_clocks+0xbc>)
1000199a:	3304      	adds	r3, #4
1000199c:	f7ff fe2c 	bl	100015f8 <pll_init>
100019a0:	2305      	movs	r3, #5
100019a2:	2101      	movs	r1, #1
100019a4:	9300      	str	r3, [sp, #0]
100019a6:	4a20      	ldr	r2, [pc, #128]	@ (10001a28 <runtime_init_clocks+0xc0>)
100019a8:	4820      	ldr	r0, [pc, #128]	@ (10001a2c <runtime_init_clocks+0xc4>)
100019aa:	f7ff fe25 	bl	100015f8 <pll_init>
100019ae:	2200      	movs	r2, #0
100019b0:	2102      	movs	r1, #2
100019b2:	2004      	movs	r0, #4
100019b4:	4b1e      	ldr	r3, [pc, #120]	@ (10001a30 <runtime_init_clocks+0xc8>)
100019b6:	f7ff fda5 	bl	10001504 <clock_configure_undivided>
100019ba:	2200      	movs	r2, #0
100019bc:	2101      	movs	r1, #1
100019be:	2005      	movs	r0, #5
100019c0:	4b1c      	ldr	r3, [pc, #112]	@ (10001a34 <runtime_init_clocks+0xcc>)
100019c2:	f7ff fd9f 	bl	10001504 <clock_configure_undivided>
100019c6:	2200      	movs	r2, #0
100019c8:	2100      	movs	r1, #0
100019ca:	2007      	movs	r0, #7
100019cc:	4b1a      	ldr	r3, [pc, #104]	@ (10001a38 <runtime_init_clocks+0xd0>)
100019ce:	f7ff fd99 	bl	10001504 <clock_configure_undivided>
100019d2:	2200      	movs	r2, #0
100019d4:	2100      	movs	r1, #0
100019d6:	2008      	movs	r0, #8
100019d8:	4b17      	ldr	r3, [pc, #92]	@ (10001a38 <runtime_init_clocks+0xd0>)
100019da:	f7ff fd93 	bl	10001504 <clock_configure_undivided>
100019de:	2380      	movs	r3, #128	@ 0x80
100019e0:	00db      	lsls	r3, r3, #3
100019e2:	9300      	str	r3, [sp, #0]
100019e4:	2200      	movs	r2, #0
100019e6:	2100      	movs	r1, #0
100019e8:	2009      	movs	r0, #9
100019ea:	4b13      	ldr	r3, [pc, #76]	@ (10001a38 <runtime_init_clocks+0xd0>)
100019ec:	f7ff fd10 	bl	10001410 <clock_configure_int_divider>
100019f0:	2200      	movs	r2, #0
100019f2:	4b10      	ldr	r3, [pc, #64]	@ (10001a34 <runtime_init_clocks+0xcc>)
100019f4:	2100      	movs	r1, #0
100019f6:	2006      	movs	r0, #6
100019f8:	f7ff fd84 	bl	10001504 <clock_configure_undivided>
100019fc:	2004      	movs	r0, #4
100019fe:	f7ff fdf5 	bl	100015ec <clock_get_hz>
10001a02:	490e      	ldr	r1, [pc, #56]	@ (10001a3c <runtime_init_clocks+0xd4>)
10001a04:	f000 f84c 	bl	10001aa0 <__wrap___aeabi_uidiv>
10001a08:	0001      	movs	r1, r0
10001a0a:	2000      	movs	r0, #0
10001a0c:	f7ff fe94 	bl	10001738 <tick_start>
10001a10:	b002      	add	sp, #8
10001a12:	bd10      	pop	{r4, pc}
10001a14:	40008000 	.word	0x40008000
10001a18:	4000b03c 	.word	0x4000b03c
10001a1c:	4000b030 	.word	0x4000b030
10001a20:	59682f00 	.word	0x59682f00
10001a24:	40028000 	.word	0x40028000
10001a28:	47868c00 	.word	0x47868c00
10001a2c:	4002c000 	.word	0x4002c000
10001a30:	00b71b00 	.word	0x00b71b00
10001a34:	07735940 	.word	0x07735940
10001a38:	02dc6c00 	.word	0x02dc6c00
10001a3c:	000f4240 	.word	0x000f4240

10001a40 <__aeabi_bits_init>:
10001a40:	4801      	ldr	r0, [pc, #4]	@ (10001a48 <__aeabi_bits_init+0x8>)
10001a42:	2104      	movs	r1, #4
10001a44:	4b01      	ldr	r3, [pc, #4]	@ (10001a4c <__aeabi_bits_init+0xc>)
10001a46:	4718      	bx	r3
10001a48:	20001050 	.word	0x20001050
10001a4c:	10001769 	.word	0x10001769

10001a50 <__wrap___aeabi_idiv>:
10001a50:	4a12      	ldr	r2, [pc, #72]	@ (10001a9c <divmod_s32s32_savestate+0x18>)
10001a52:	6f93      	ldr	r3, [r2, #120]	@ 0x78
10001a54:	089b      	lsrs	r3, r3, #2
10001a56:	d215      	bcs.n	10001a84 <divmod_s32s32_savestate>

10001a58 <divmod_s32s32_unsafe>:
10001a58:	6690      	str	r0, [r2, #104]	@ 0x68
10001a5a:	66d1      	str	r1, [r2, #108]	@ 0x6c
10001a5c:	2900      	cmp	r1, #0
10001a5e:	d005      	beq.n	10001a6c <divmod_s32s32_unsafe+0x14>
10001a60:	e7ff      	b.n	10001a62 <divmod_s32s32_unsafe+0xa>
10001a62:	e7ff      	b.n	10001a64 <divmod_s32s32_unsafe+0xc>
10001a64:	e7ff      	b.n	10001a66 <divmod_s32s32_unsafe+0xe>
10001a66:	6f51      	ldr	r1, [r2, #116]	@ 0x74
10001a68:	6f10      	ldr	r0, [r2, #112]	@ 0x70
10001a6a:	4770      	bx	lr
10001a6c:	b504      	push	{r2, lr}
10001a6e:	2180      	movs	r1, #128	@ 0x80
10001a70:	0609      	lsls	r1, r1, #24
10001a72:	17c2      	asrs	r2, r0, #31
10001a74:	4051      	eors	r1, r2
10001a76:	2800      	cmp	r0, #0
10001a78:	d000      	beq.n	10001a7c <divmod_s32s32_unsafe+0x24>
10001a7a:	43c8      	mvns	r0, r1
10001a7c:	f005 f964 	bl	10006d48 <____aeabi_idiv0_veneer>
10001a80:	2100      	movs	r1, #0
10001a82:	bd04      	pop	{r2, pc}

10001a84 <divmod_s32s32_savestate>:
10001a84:	b5f0      	push	{r4, r5, r6, r7, lr}
10001a86:	6e14      	ldr	r4, [r2, #96]	@ 0x60
10001a88:	6e55      	ldr	r5, [r2, #100]	@ 0x64
10001a8a:	6f57      	ldr	r7, [r2, #116]	@ 0x74
10001a8c:	6f16      	ldr	r6, [r2, #112]	@ 0x70
10001a8e:	f7ff ffe3 	bl	10001a58 <divmod_s32s32_unsafe>
10001a92:	6614      	str	r4, [r2, #96]	@ 0x60
10001a94:	6655      	str	r5, [r2, #100]	@ 0x64
10001a96:	6757      	str	r7, [r2, #116]	@ 0x74
10001a98:	6716      	str	r6, [r2, #112]	@ 0x70
10001a9a:	bdf0      	pop	{r4, r5, r6, r7, pc}
10001a9c:	d0000000 	.word	0xd0000000

10001aa0 <__wrap___aeabi_uidiv>:
10001aa0:	4a11      	ldr	r2, [pc, #68]	@ (10001ae8 <divmod_u32u32_savestate+0x18>)
10001aa2:	6f93      	ldr	r3, [r2, #120]	@ 0x78
10001aa4:	089b      	lsrs	r3, r3, #2
10001aa6:	d213      	bcs.n	10001ad0 <divmod_u32u32_savestate>

10001aa8 <divmod_u32u32_unsafe>:
10001aa8:	6610      	str	r0, [r2, #96]	@ 0x60
10001aaa:	6651      	str	r1, [r2, #100]	@ 0x64
10001aac:	2900      	cmp	r1, #0
10001aae:	d005      	beq.n	10001abc <divmod_u32u32_unsafe+0x14>
10001ab0:	e7ff      	b.n	10001ab2 <divmod_u32u32_unsafe+0xa>
10001ab2:	e7ff      	b.n	10001ab4 <divmod_u32u32_unsafe+0xc>
10001ab4:	e7ff      	b.n	10001ab6 <divmod_u32u32_unsafe+0xe>
10001ab6:	6f51      	ldr	r1, [r2, #116]	@ 0x74
10001ab8:	6f10      	ldr	r0, [r2, #112]	@ 0x70
10001aba:	4770      	bx	lr
10001abc:	b504      	push	{r2, lr}
10001abe:	2800      	cmp	r0, #0
10001ac0:	d001      	beq.n	10001ac6 <divmod_u32u32_unsafe+0x1e>
10001ac2:	2000      	movs	r0, #0
10001ac4:	43c0      	mvns	r0, r0
10001ac6:	f005 f93f 	bl	10006d48 <____aeabi_idiv0_veneer>
10001aca:	2100      	movs	r1, #0
10001acc:	bd04      	pop	{r2, pc}
10001ace:	46c0      	nop			@ (mov r8, r8)

10001ad0 <divmod_u32u32_savestate>:
10001ad0:	b5f0      	push	{r4, r5, r6, r7, lr}
10001ad2:	6e14      	ldr	r4, [r2, #96]	@ 0x60
10001ad4:	6e55      	ldr	r5, [r2, #100]	@ 0x64
10001ad6:	6f57      	ldr	r7, [r2, #116]	@ 0x74
10001ad8:	6f16      	ldr	r6, [r2, #112]	@ 0x70
10001ada:	f7ff ffe5 	bl	10001aa8 <divmod_u32u32_unsafe>
10001ade:	6614      	str	r4, [r2, #96]	@ 0x60
10001ae0:	6655      	str	r5, [r2, #100]	@ 0x64
10001ae2:	6757      	str	r7, [r2, #116]	@ 0x74
10001ae4:	6716      	str	r6, [r2, #112]	@ 0x70
10001ae6:	bdf0      	pop	{r4, r5, r6, r7, pc}
10001ae8:	d0000000 	.word	0xd0000000

10001aec <__wrap___aeabi_ldivmod>:
10001aec:	4694      	mov	ip, r2
10001aee:	4a4a      	ldr	r2, [pc, #296]	@ (10001c18 <udiv0+0x1a>)
10001af0:	6f92      	ldr	r2, [r2, #120]	@ 0x78
10001af2:	0892      	lsrs	r2, r2, #2
10001af4:	4662      	mov	r2, ip
10001af6:	d201      	bcs.n	10001afc <divmod_s64s64_savestate>
10001af8:	e028      	b.n	10001b4c <divmod_s64s64_unsafe>
10001afa:	46c0      	nop			@ (mov r8, r8)

10001afc <divmod_s64s64_savestate>:
10001afc:	b5f0      	push	{r4, r5, r6, r7, lr}
10001afe:	4e46      	ldr	r6, [pc, #280]	@ (10001c18 <udiv0+0x1a>)
10001b00:	6e34      	ldr	r4, [r6, #96]	@ 0x60
10001b02:	6e75      	ldr	r5, [r6, #100]	@ 0x64
10001b04:	6f77      	ldr	r7, [r6, #116]	@ 0x74
10001b06:	6f36      	ldr	r6, [r6, #112]	@ 0x70
10001b08:	f000 f820 	bl	10001b4c <divmod_s64s64_unsafe>
10001b0c:	4694      	mov	ip, r2
10001b0e:	4a42      	ldr	r2, [pc, #264]	@ (10001c18 <udiv0+0x1a>)
10001b10:	6614      	str	r4, [r2, #96]	@ 0x60
10001b12:	6655      	str	r5, [r2, #100]	@ 0x64
10001b14:	6757      	str	r7, [r2, #116]	@ 0x74
10001b16:	6716      	str	r6, [r2, #112]	@ 0x70
10001b18:	4662      	mov	r2, ip
10001b1a:	bdf0      	pop	{r4, r5, r6, r7, pc}

10001b1c <__wrap___aeabi_uldivmod>:
10001b1c:	4694      	mov	ip, r2
10001b1e:	4a3e      	ldr	r2, [pc, #248]	@ (10001c18 <udiv0+0x1a>)
10001b20:	6f92      	ldr	r2, [r2, #120]	@ 0x78
10001b22:	0892      	lsrs	r2, r2, #2
10001b24:	4662      	mov	r2, ip
10001b26:	d201      	bcs.n	10001b2c <divmod_u64u64_savestate>
10001b28:	e054      	b.n	10001bd4 <divmod_u64u64_unsafe>
10001b2a:	46c0      	nop			@ (mov r8, r8)

10001b2c <divmod_u64u64_savestate>:
10001b2c:	b5f0      	push	{r4, r5, r6, r7, lr}
10001b2e:	4e3a      	ldr	r6, [pc, #232]	@ (10001c18 <udiv0+0x1a>)
10001b30:	6e34      	ldr	r4, [r6, #96]	@ 0x60
10001b32:	6e75      	ldr	r5, [r6, #100]	@ 0x64
10001b34:	6f77      	ldr	r7, [r6, #116]	@ 0x74
10001b36:	6f36      	ldr	r6, [r6, #112]	@ 0x70
10001b38:	f000 f84c 	bl	10001bd4 <divmod_u64u64_unsafe>
10001b3c:	4694      	mov	ip, r2
10001b3e:	4a36      	ldr	r2, [pc, #216]	@ (10001c18 <udiv0+0x1a>)
10001b40:	6614      	str	r4, [r2, #96]	@ 0x60
10001b42:	6655      	str	r5, [r2, #100]	@ 0x64
10001b44:	6757      	str	r7, [r2, #116]	@ 0x74
10001b46:	6716      	str	r6, [r2, #112]	@ 0x70
10001b48:	4662      	mov	r2, ip
10001b4a:	bdf0      	pop	{r4, r5, r6, r7, pc}

10001b4c <divmod_s64s64_unsafe>:
10001b4c:	2b00      	cmp	r3, #0
10001b4e:	db24      	blt.n	10001b9a <l42_1+0x26>
10001b50:	d011      	beq.n	10001b76 <l42_1+0x2>
10001b52:	2900      	cmp	r1, #0
10001b54:	da3e      	bge.n	10001bd4 <divmod_u64u64_unsafe>
10001b56:	b500      	push	{lr}
10001b58:	43c9      	mvns	r1, r1
10001b5a:	4240      	negs	r0, r0
10001b5c:	d100      	bne.n	10001b60 <l40_1>
10001b5e:	3101      	adds	r1, #1

10001b60 <l40_1>:
10001b60:	f000 f838 	bl	10001bd4 <divmod_u64u64_unsafe>
10001b64:	43c9      	mvns	r1, r1
10001b66:	4240      	negs	r0, r0
10001b68:	d100      	bne.n	10001b6c <l41_1>
10001b6a:	3101      	adds	r1, #1

10001b6c <l41_1>:
10001b6c:	43db      	mvns	r3, r3
10001b6e:	4252      	negs	r2, r2
10001b70:	d100      	bne.n	10001b74 <l42_1>
10001b72:	3301      	adds	r3, #1

10001b74 <l42_1>:
10001b74:	bd00      	pop	{pc}
10001b76:	2a00      	cmp	r2, #0
10001b78:	d1eb      	bne.n	10001b52 <divmod_s64s64_unsafe+0x6>
10001b7a:	2800      	cmp	r0, #0
10001b7c:	d101      	bne.n	10001b82 <l42_1+0xe>
10001b7e:	2900      	cmp	r1, #0
10001b80:	d005      	beq.n	10001b8e <l42_1+0x1a>
10001b82:	2000      	movs	r0, #0
10001b84:	0fc9      	lsrs	r1, r1, #31
10001b86:	07c9      	lsls	r1, r1, #31
10001b88:	d101      	bne.n	10001b8e <l42_1+0x1a>
10001b8a:	43c0      	mvns	r0, r0
10001b8c:	0841      	lsrs	r1, r0, #1
10001b8e:	b500      	push	{lr}
10001b90:	f005 f8d2 	bl	10006d38 <____aeabi_ldiv0_veneer>
10001b94:	2200      	movs	r2, #0
10001b96:	2300      	movs	r3, #0
10001b98:	bd00      	pop	{pc}
10001b9a:	b500      	push	{lr}
10001b9c:	2900      	cmp	r1, #0
10001b9e:	db0a      	blt.n	10001bb6 <l44_1+0x2>
10001ba0:	43db      	mvns	r3, r3
10001ba2:	4252      	negs	r2, r2
10001ba4:	d100      	bne.n	10001ba8 <l43_1>
10001ba6:	3301      	adds	r3, #1

10001ba8 <l43_1>:
10001ba8:	f000 f814 	bl	10001bd4 <divmod_u64u64_unsafe>
10001bac:	43c9      	mvns	r1, r1
10001bae:	4240      	negs	r0, r0
10001bb0:	d100      	bne.n	10001bb4 <l44_1>
10001bb2:	3101      	adds	r1, #1

10001bb4 <l44_1>:
10001bb4:	bd00      	pop	{pc}
10001bb6:	43c9      	mvns	r1, r1
10001bb8:	4240      	negs	r0, r0
10001bba:	d100      	bne.n	10001bbe <l45_1>
10001bbc:	3101      	adds	r1, #1

10001bbe <l45_1>:
10001bbe:	43db      	mvns	r3, r3
10001bc0:	4252      	negs	r2, r2
10001bc2:	d100      	bne.n	10001bc6 <l46_1>
10001bc4:	3301      	adds	r3, #1

10001bc6 <l46_1>:
10001bc6:	f000 f805 	bl	10001bd4 <divmod_u64u64_unsafe>
10001bca:	43db      	mvns	r3, r3
10001bcc:	4252      	negs	r2, r2
10001bce:	d100      	bne.n	10001bd2 <l47_1>
10001bd0:	3301      	adds	r3, #1

10001bd2 <l47_1>:
10001bd2:	bd00      	pop	{pc}

10001bd4 <divmod_u64u64_unsafe>:
10001bd4:	2900      	cmp	r1, #0
10001bd6:	d123      	bne.n	10001c20 <y64>
10001bd8:	2b00      	cmp	r3, #0
10001bda:	d118      	bne.n	10001c0e <udiv0+0x10>
10001bdc:	2a00      	cmp	r2, #0
10001bde:	d00c      	beq.n	10001bfa <divmod_u64u64_unsafe+0x26>
10001be0:	46bc      	mov	ip, r7
10001be2:	4f0d      	ldr	r7, [pc, #52]	@ (10001c18 <udiv0+0x1a>)
10001be4:	6638      	str	r0, [r7, #96]	@ 0x60
10001be6:	667a      	str	r2, [r7, #100]	@ 0x64
10001be8:	2100      	movs	r1, #0
10001bea:	2300      	movs	r3, #0
10001bec:	e7ff      	b.n	10001bee <divmod_u64u64_unsafe+0x1a>
10001bee:	e7ff      	b.n	10001bf0 <divmod_u64u64_unsafe+0x1c>
10001bf0:	e7ff      	b.n	10001bf2 <divmod_u64u64_unsafe+0x1e>
10001bf2:	6f7a      	ldr	r2, [r7, #116]	@ 0x74
10001bf4:	6f38      	ldr	r0, [r7, #112]	@ 0x70
10001bf6:	4667      	mov	r7, ip
10001bf8:	4770      	bx	lr
10001bfa:	2800      	cmp	r0, #0
10001bfc:	d001      	beq.n	10001c02 <udiv0+0x4>

10001bfe <udiv0>:
10001bfe:	4807      	ldr	r0, [pc, #28]	@ (10001c1c <udiv0+0x1e>)
10001c00:	0001      	movs	r1, r0
10001c02:	b500      	push	{lr}
10001c04:	f005 f898 	bl	10006d38 <____aeabi_ldiv0_veneer>
10001c08:	2200      	movs	r2, #0
10001c0a:	2300      	movs	r3, #0
10001c0c:	bd00      	pop	{pc}
10001c0e:	0002      	movs	r2, r0
10001c10:	000b      	movs	r3, r1
10001c12:	2000      	movs	r0, #0
10001c14:	2100      	movs	r1, #0
10001c16:	4770      	bx	lr
10001c18:	d0000000 	.word	0xd0000000
10001c1c:	ffffffff 	.word	0xffffffff

10001c20 <y64>:
10001c20:	2b00      	cmp	r3, #0
10001c22:	d000      	beq.n	10001c26 <y64+0x6>
10001c24:	e0bf      	b.n	10001da6 <y64_x48>
10001c26:	0c13      	lsrs	r3, r2, #16
10001c28:	d128      	bne.n	10001c7c <y64_x32>
10001c2a:	2a00      	cmp	r2, #0
10001c2c:	d0e7      	beq.n	10001bfe <udiv0>
10001c2e:	b480      	push	{r7}
10001c30:	4f11      	ldr	r7, [pc, #68]	@ (10001c78 <y64+0x58>)
10001c32:	6639      	str	r1, [r7, #96]	@ 0x60
10001c34:	667a      	str	r2, [r7, #100]	@ 0x64
10001c36:	e7ff      	b.n	10001c38 <y64+0x18>
10001c38:	e7ff      	b.n	10001c3a <y64+0x1a>
10001c3a:	b430      	push	{r4, r5}
10001c3c:	0c04      	lsrs	r4, r0, #16
10001c3e:	6f7b      	ldr	r3, [r7, #116]	@ 0x74
10001c40:	6f39      	ldr	r1, [r7, #112]	@ 0x70
10001c42:	041b      	lsls	r3, r3, #16
10001c44:	4323      	orrs	r3, r4
10001c46:	663b      	str	r3, [r7, #96]	@ 0x60
10001c48:	667a      	str	r2, [r7, #100]	@ 0x64
10001c4a:	e7ff      	b.n	10001c4c <y64+0x2c>
10001c4c:	e7ff      	b.n	10001c4e <y64+0x2e>
10001c4e:	e7ff      	b.n	10001c50 <y64+0x30>
10001c50:	46c0      	nop			@ (mov r8, r8)
10001c52:	b284      	uxth	r4, r0
10001c54:	6f7b      	ldr	r3, [r7, #116]	@ 0x74
10001c56:	6f3d      	ldr	r5, [r7, #112]	@ 0x70
10001c58:	041b      	lsls	r3, r3, #16
10001c5a:	4323      	orrs	r3, r4
10001c5c:	663b      	str	r3, [r7, #96]	@ 0x60
10001c5e:	667a      	str	r2, [r7, #100]	@ 0x64
10001c60:	e7ff      	b.n	10001c62 <y64+0x42>
10001c62:	e7ff      	b.n	10001c64 <y64+0x44>
10001c64:	46c0      	nop			@ (mov r8, r8)
10001c66:	2300      	movs	r3, #0
10001c68:	042c      	lsls	r4, r5, #16
10001c6a:	0c2d      	lsrs	r5, r5, #16
10001c6c:	6f7a      	ldr	r2, [r7, #116]	@ 0x74
10001c6e:	6f38      	ldr	r0, [r7, #112]	@ 0x70
10001c70:	1900      	adds	r0, r0, r4
10001c72:	4169      	adcs	r1, r5
10001c74:	bcb0      	pop	{r4, r5, r7}
10001c76:	4770      	bx	lr
10001c78:	d0000000 	.word	0xd0000000

10001c7c <y64_x32>:
10001c7c:	b5f0      	push	{r4, r5, r6, r7, lr}
10001c7e:	4694      	mov	ip, r2
10001c80:	2500      	movs	r5, #0
10001c82:	0e14      	lsrs	r4, r2, #24
10001c84:	d101      	bne.n	10001c8a <y64_x32+0xe>
10001c86:	0212      	lsls	r2, r2, #8
10001c88:	3508      	adds	r5, #8
10001c8a:	0f14      	lsrs	r4, r2, #28
10001c8c:	d101      	bne.n	10001c92 <y64_x32+0x16>
10001c8e:	0112      	lsls	r2, r2, #4
10001c90:	3504      	adds	r5, #4
10001c92:	0f94      	lsrs	r4, r2, #30
10001c94:	d101      	bne.n	10001c9a <y64_x32+0x1e>
10001c96:	0092      	lsls	r2, r2, #2
10001c98:	3502      	adds	r5, #2
10001c9a:	0fd4      	lsrs	r4, r2, #31
10001c9c:	d101      	bne.n	10001ca2 <y64_x32+0x26>
10001c9e:	0052      	lsls	r2, r2, #1
10001ca0:	3501      	adds	r5, #1
10001ca2:	0bd4      	lsrs	r4, r2, #15
10001ca4:	3401      	adds	r4, #1
10001ca6:	4f25      	ldr	r7, [pc, #148]	@ (10001d3c <y64_x32+0xc0>)
10001ca8:	667c      	str	r4, [r7, #100]	@ 0x64
10001caa:	4c25      	ldr	r4, [pc, #148]	@ (10001d40 <y64_x32+0xc4>)
10001cac:	663c      	str	r4, [r7, #96]	@ 0x60
10001cae:	0c0e      	lsrs	r6, r1, #16
10001cb0:	b293      	uxth	r3, r2
10001cb2:	e7ff      	b.n	10001cb4 <y64_x32+0x38>
10001cb4:	e7ff      	b.n	10001cb6 <y64_x32+0x3a>
10001cb6:	e7ff      	b.n	10001cb8 <y64_x32+0x3c>
10001cb8:	6f3c      	ldr	r4, [r7, #112]	@ 0x70
10001cba:	4366      	muls	r6, r4
10001cbc:	0c36      	lsrs	r6, r6, #16
10001cbe:	0377      	lsls	r7, r6, #13
10001cc0:	46be      	mov	lr, r7
10001cc2:	4373      	muls	r3, r6
10001cc4:	0bdf      	lsrs	r7, r3, #15
10001cc6:	045b      	lsls	r3, r3, #17
10001cc8:	1ac0      	subs	r0, r0, r3
10001cca:	41b9      	sbcs	r1, r7
10001ccc:	0c13      	lsrs	r3, r2, #16
10001cce:	4373      	muls	r3, r6
10001cd0:	18db      	adds	r3, r3, r3
10001cd2:	1ac9      	subs	r1, r1, r3
10001cd4:	08ce      	lsrs	r6, r1, #3
10001cd6:	4366      	muls	r6, r4
10001cd8:	0c36      	lsrs	r6, r6, #16
10001cda:	44b6      	add	lr, r6
10001cdc:	b293      	uxth	r3, r2
10001cde:	4373      	muls	r3, r6
10001ce0:	0f1f      	lsrs	r7, r3, #28
10001ce2:	011b      	lsls	r3, r3, #4
10001ce4:	1ac0      	subs	r0, r0, r3
10001ce6:	41b9      	sbcs	r1, r7
10001ce8:	0c13      	lsrs	r3, r2, #16
10001cea:	4373      	muls	r3, r6
10001cec:	0b1f      	lsrs	r7, r3, #12
10001cee:	051b      	lsls	r3, r3, #20
10001cf0:	1ac0      	subs	r0, r0, r3
10001cf2:	41b9      	sbcs	r1, r7
10001cf4:	0d86      	lsrs	r6, r0, #22
10001cf6:	028f      	lsls	r7, r1, #10
10001cf8:	433e      	orrs	r6, r7
10001cfa:	4366      	muls	r6, r4
10001cfc:	0c36      	lsrs	r6, r6, #16
10001cfe:	2d09      	cmp	r5, #9
10001d00:	db24      	blt.n	10001d4c <last0>
10001d02:	0a52      	lsrs	r2, r2, #9
10001d04:	4372      	muls	r2, r6
10001d06:	1a80      	subs	r0, r0, r2
10001d08:	0377      	lsls	r7, r6, #13
10001d0a:	0a46      	lsrs	r6, r0, #9
10001d0c:	4366      	muls	r6, r4
10001d0e:	0c36      	lsrs	r6, r6, #16
10001d10:	2316      	movs	r3, #22
10001d12:	1b5b      	subs	r3, r3, r5
10001d14:	40de      	lsrs	r6, r3
10001d16:	40df      	lsrs	r7, r3
10001d18:	19bf      	adds	r7, r7, r6
10001d1a:	4664      	mov	r4, ip
10001d1c:	4366      	muls	r6, r4
10001d1e:	1b82      	subs	r2, r0, r6
10001d20:	4670      	mov	r0, lr
10001d22:	3504      	adds	r5, #4
10001d24:	3306      	adds	r3, #6
10001d26:	0001      	movs	r1, r0
10001d28:	40d9      	lsrs	r1, r3
10001d2a:	40a8      	lsls	r0, r5
10001d2c:	19c0      	adds	r0, r0, r7
10001d2e:	d300      	bcc.n	10001d32 <y64_x32+0xb6>
10001d30:	3101      	adds	r1, #1
10001d32:	42a2      	cmp	r2, r4
10001d34:	d206      	bcs.n	10001d44 <y64_x32+0xc8>
10001d36:	2300      	movs	r3, #0
10001d38:	bdf0      	pop	{r4, r5, r6, r7, pc}
10001d3a:	0000      	.short	0x0000
10001d3c:	d0000000 	.word	0xd0000000
10001d40:	ffffffff 	.word	0xffffffff
10001d44:	1b12      	subs	r2, r2, r4
10001d46:	3001      	adds	r0, #1
10001d48:	d3f3      	bcc.n	10001d32 <y64_x32+0xb6>
10001d4a:	e7f1      	b.n	10001d30 <y64_x32+0xb4>

10001d4c <last0>:
10001d4c:	2709      	movs	r7, #9
10001d4e:	1b7f      	subs	r7, r7, r5
10001d50:	40fe      	lsrs	r6, r7
10001d52:	4664      	mov	r4, ip
10001d54:	b2a2      	uxth	r2, r4
10001d56:	4372      	muls	r2, r6
10001d58:	1a80      	subs	r0, r0, r2
10001d5a:	d200      	bcs.n	10001d5e <last0+0x12>
10001d5c:	3901      	subs	r1, #1
10001d5e:	0c22      	lsrs	r2, r4, #16
10001d60:	4372      	muls	r2, r6
10001d62:	0c13      	lsrs	r3, r2, #16
10001d64:	0412      	lsls	r2, r2, #16
10001d66:	1a82      	subs	r2, r0, r2
10001d68:	4199      	sbcs	r1, r3
10001d6a:	000b      	movs	r3, r1
10001d6c:	4670      	mov	r0, lr
10001d6e:	3504      	adds	r5, #4
10001d70:	3713      	adds	r7, #19
10001d72:	0001      	movs	r1, r0
10001d74:	40f9      	lsrs	r1, r7
10001d76:	40a8      	lsls	r0, r5
10001d78:	1980      	adds	r0, r0, r6
10001d7a:	d300      	bcc.n	10001d7e <last0+0x32>
10001d7c:	3101      	adds	r1, #1
10001d7e:	2b00      	cmp	r3, #0
10001d80:	d102      	bne.n	10001d88 <last0+0x3c>
10001d82:	42a2      	cmp	r2, r4
10001d84:	d20a      	bcs.n	10001d9c <last0+0x50>
10001d86:	bdf0      	pop	{r4, r5, r6, r7, pc}
10001d88:	3001      	adds	r0, #1
10001d8a:	d300      	bcc.n	10001d8e <last0+0x42>
10001d8c:	3101      	adds	r1, #1
10001d8e:	1b12      	subs	r2, r2, r4
10001d90:	d2fa      	bcs.n	10001d88 <last0+0x3c>
10001d92:	3b01      	subs	r3, #1
10001d94:	d1f8      	bne.n	10001d88 <last0+0x3c>
10001d96:	42a2      	cmp	r2, r4
10001d98:	d200      	bcs.n	10001d9c <last0+0x50>
10001d9a:	bdf0      	pop	{r4, r5, r6, r7, pc}
10001d9c:	3001      	adds	r0, #1
10001d9e:	d300      	bcc.n	10001da2 <last0+0x56>
10001da0:	3101      	adds	r1, #1
10001da2:	1b12      	subs	r2, r2, r4
10001da4:	e7f7      	b.n	10001d96 <last0+0x4a>

10001da6 <y64_x48>:
10001da6:	b5f0      	push	{r4, r5, r6, r7, lr}
10001da8:	0c1c      	lsrs	r4, r3, #16
10001daa:	d000      	beq.n	10001dae <y64_x48+0x8>
10001dac:	e080      	b.n	10001eb0 <y64_x64>
10001dae:	b40c      	push	{r2, r3}
10001db0:	2500      	movs	r5, #0
10001db2:	0a1c      	lsrs	r4, r3, #8
10001db4:	d104      	bne.n	10001dc0 <y64_x48+0x1a>
10001db6:	021b      	lsls	r3, r3, #8
10001db8:	0e16      	lsrs	r6, r2, #24
10001dba:	4333      	orrs	r3, r6
10001dbc:	0212      	lsls	r2, r2, #8
10001dbe:	3508      	adds	r5, #8
10001dc0:	0b1c      	lsrs	r4, r3, #12
10001dc2:	d104      	bne.n	10001dce <y64_x48+0x28>
10001dc4:	011b      	lsls	r3, r3, #4
10001dc6:	0f16      	lsrs	r6, r2, #28
10001dc8:	4333      	orrs	r3, r6
10001dca:	0112      	lsls	r2, r2, #4
10001dcc:	3504      	adds	r5, #4
10001dce:	0b9c      	lsrs	r4, r3, #14
10001dd0:	d104      	bne.n	10001ddc <y64_x48+0x36>
10001dd2:	009b      	lsls	r3, r3, #2
10001dd4:	0f96      	lsrs	r6, r2, #30
10001dd6:	4333      	orrs	r3, r6
10001dd8:	0092      	lsls	r2, r2, #2
10001dda:	3502      	adds	r5, #2
10001ddc:	0bdc      	lsrs	r4, r3, #15
10001dde:	d102      	bne.n	10001de6 <y64_x48+0x40>
10001de0:	1892      	adds	r2, r2, r2
10001de2:	415b      	adcs	r3, r3
10001de4:	3501      	adds	r5, #1
10001de6:	001c      	movs	r4, r3
10001de8:	1897      	adds	r7, r2, r2
10001dea:	4164      	adcs	r4, r4
10001dec:	3401      	adds	r4, #1
10001dee:	4f46      	ldr	r7, [pc, #280]	@ (10001f08 <y64_x64+0x58>)
10001df0:	667c      	str	r4, [r7, #100]	@ 0x64
10001df2:	4c46      	ldr	r4, [pc, #280]	@ (10001f0c <y64_x64+0x5c>)
10001df4:	663c      	str	r4, [r7, #96]	@ 0x60
10001df6:	0c0e      	lsrs	r6, r1, #16
10001df8:	e7ff      	b.n	10001dfa <y64_x48+0x54>
10001dfa:	e7ff      	b.n	10001dfc <y64_x48+0x56>
10001dfc:	e7ff      	b.n	10001dfe <y64_x48+0x58>
10001dfe:	46c0      	nop			@ (mov r8, r8)
10001e00:	6f3c      	ldr	r4, [r7, #112]	@ 0x70
10001e02:	4366      	muls	r6, r4
10001e04:	0c36      	lsrs	r6, r6, #16
10001e06:	0377      	lsls	r7, r6, #13
10001e08:	46be      	mov	lr, r7
10001e0a:	b297      	uxth	r7, r2
10001e0c:	4377      	muls	r7, r6
10001e0e:	1bc0      	subs	r0, r0, r7
10001e10:	d200      	bcs.n	10001e14 <y64_x48+0x6e>
10001e12:	3901      	subs	r1, #1
10001e14:	1bc0      	subs	r0, r0, r7
10001e16:	d200      	bcs.n	10001e1a <y64_x48+0x74>
10001e18:	3901      	subs	r1, #1
10001e1a:	b29f      	uxth	r7, r3
10001e1c:	4377      	muls	r7, r6
10001e1e:	1bc9      	subs	r1, r1, r7
10001e20:	1bc9      	subs	r1, r1, r7
10001e22:	0c17      	lsrs	r7, r2, #16
10001e24:	4377      	muls	r7, r6
10001e26:	047e      	lsls	r6, r7, #17
10001e28:	0bff      	lsrs	r7, r7, #15
10001e2a:	1b80      	subs	r0, r0, r6
10001e2c:	41b9      	sbcs	r1, r7
10001e2e:	08ce      	lsrs	r6, r1, #3
10001e30:	4366      	muls	r6, r4
10001e32:	0c36      	lsrs	r6, r6, #16
10001e34:	2d0c      	cmp	r5, #12
10001e36:	db33      	blt.n	10001ea0 <last1>
10001e38:	44b6      	add	lr, r6
10001e3a:	0b12      	lsrs	r2, r2, #12
10001e3c:	051f      	lsls	r7, r3, #20
10001e3e:	433a      	orrs	r2, r7
10001e40:	0b1b      	lsrs	r3, r3, #12
10001e42:	b297      	uxth	r7, r2
10001e44:	4377      	muls	r7, r6
10001e46:	1bc0      	subs	r0, r0, r7
10001e48:	d200      	bcs.n	10001e4c <y64_x48+0xa6>
10001e4a:	3901      	subs	r1, #1
10001e4c:	b29f      	uxth	r7, r3
10001e4e:	4377      	muls	r7, r6
10001e50:	1bc9      	subs	r1, r1, r7
10001e52:	0c17      	lsrs	r7, r2, #16
10001e54:	4377      	muls	r7, r6
10001e56:	043e      	lsls	r6, r7, #16
10001e58:	0c3f      	lsrs	r7, r7, #16
10001e5a:	1b80      	subs	r0, r0, r6
10001e5c:	41b9      	sbcs	r1, r7
10001e5e:	0d86      	lsrs	r6, r0, #22
10001e60:	028f      	lsls	r7, r1, #10
10001e62:	433e      	orrs	r6, r7
10001e64:	4366      	muls	r6, r4
10001e66:	2729      	movs	r7, #41	@ 0x29
10001e68:	1b7f      	subs	r7, r7, r5
10001e6a:	40fe      	lsrs	r6, r7
10001e6c:	3d0c      	subs	r5, #12
10001e6e:	4677      	mov	r7, lr
10001e70:	40af      	lsls	r7, r5
10001e72:	19bf      	adds	r7, r7, r6
10001e74:	bc30      	pop	{r4, r5}
10001e76:	b2a2      	uxth	r2, r4
10001e78:	b2ab      	uxth	r3, r5
10001e7a:	4372      	muls	r2, r6
10001e7c:	4373      	muls	r3, r6
10001e7e:	1a80      	subs	r0, r0, r2
10001e80:	4199      	sbcs	r1, r3
10001e82:	0c22      	lsrs	r2, r4, #16
10001e84:	4372      	muls	r2, r6
10001e86:	0c13      	lsrs	r3, r2, #16
10001e88:	0412      	lsls	r2, r2, #16
10001e8a:	1a80      	subs	r0, r0, r2
10001e8c:	4199      	sbcs	r1, r3
10001e8e:	0002      	movs	r2, r0
10001e90:	000b      	movs	r3, r1
10001e92:	3701      	adds	r7, #1
10001e94:	1b00      	subs	r0, r0, r4
10001e96:	41a9      	sbcs	r1, r5
10001e98:	d2f9      	bcs.n	10001e8e <y64_x48+0xe8>
10001e9a:	1e78      	subs	r0, r7, #1
10001e9c:	2100      	movs	r1, #0
10001e9e:	bdf0      	pop	{r4, r5, r6, r7, pc}

10001ea0 <last1>:
10001ea0:	270c      	movs	r7, #12
10001ea2:	1b7f      	subs	r7, r7, r5
10001ea4:	40fe      	lsrs	r6, r7
10001ea6:	4677      	mov	r7, lr
10001ea8:	0b7f      	lsrs	r7, r7, #13
10001eaa:	40af      	lsls	r7, r5
10001eac:	19ff      	adds	r7, r7, r7
10001eae:	e7e0      	b.n	10001e72 <y64_x48+0xcc>

10001eb0 <y64_x64>:
10001eb0:	2400      	movs	r4, #0
10001eb2:	1c5d      	adds	r5, r3, #1
10001eb4:	d007      	beq.n	10001ec6 <y64_x64+0x16>
10001eb6:	4f14      	ldr	r7, [pc, #80]	@ (10001f08 <y64_x64+0x58>)
10001eb8:	667d      	str	r5, [r7, #100]	@ 0x64
10001eba:	6639      	str	r1, [r7, #96]	@ 0x60
10001ebc:	e7ff      	b.n	10001ebe <y64_x64+0xe>
10001ebe:	e7ff      	b.n	10001ec0 <y64_x64+0x10>
10001ec0:	e7ff      	b.n	10001ec2 <y64_x64+0x12>
10001ec2:	e7ff      	b.n	10001ec4 <y64_x64+0x14>
10001ec4:	6f3c      	ldr	r4, [r7, #112]	@ 0x70
10001ec6:	b295      	uxth	r5, r2
10001ec8:	b29e      	uxth	r6, r3
10001eca:	4365      	muls	r5, r4
10001ecc:	4366      	muls	r6, r4
10001ece:	1b40      	subs	r0, r0, r5
10001ed0:	41b1      	sbcs	r1, r6
10001ed2:	0c15      	lsrs	r5, r2, #16
10001ed4:	0c1e      	lsrs	r6, r3, #16
10001ed6:	4365      	muls	r5, r4
10001ed8:	4366      	muls	r6, r4
10001eda:	0436      	lsls	r6, r6, #16
10001edc:	0c2f      	lsrs	r7, r5, #16
10001ede:	433e      	orrs	r6, r7
10001ee0:	042d      	lsls	r5, r5, #16
10001ee2:	1b40      	subs	r0, r0, r5
10001ee4:	41b1      	sbcs	r1, r6
10001ee6:	4299      	cmp	r1, r3
10001ee8:	d204      	bcs.n	10001ef4 <y64_x64+0x44>
10001eea:	0002      	movs	r2, r0
10001eec:	000b      	movs	r3, r1
10001eee:	0020      	movs	r0, r4
10001ef0:	2100      	movs	r1, #0
10001ef2:	bdf0      	pop	{r4, r5, r6, r7, pc}
10001ef4:	d101      	bne.n	10001efa <y64_x64+0x4a>
10001ef6:	4290      	cmp	r0, r2
10001ef8:	d3f7      	bcc.n	10001eea <y64_x64+0x3a>
10001efa:	1a80      	subs	r0, r0, r2
10001efc:	4199      	sbcs	r1, r3
10001efe:	3401      	adds	r4, #1
10001f00:	4299      	cmp	r1, r3
10001f02:	d3f2      	bcc.n	10001eea <y64_x64+0x3a>
10001f04:	e7f6      	b.n	10001ef4 <y64_x64+0x44>
10001f06:	0000      	.short	0x0000
10001f08:	d0000000 	.word	0xd0000000
10001f0c:	ffffffff 	.word	0xffffffff

10001f10 <__wrap___aeabi_drsub>:
10001f10:	4048      	eors	r0, r1
10001f12:	4041      	eors	r1, r0
10001f14:	4048      	eors	r0, r1

10001f16 <__wrap___aeabi_dsub>:
10001f16:	b418      	push	{r3, r4}
10001f18:	4b1b      	ldr	r3, [pc, #108]	@ (10001f88 <__wrap___aeabi_dmul+0x12>)
10001f1a:	685b      	ldr	r3, [r3, #4]
10001f1c:	46fc      	mov	ip, pc
10001f1e:	9301      	str	r3, [sp, #4]
10001f20:	bd08      	pop	{r3, pc}
10001f22:	df04      	.short	0xdf04
10001f24:	100021bb 	.word	0x100021bb

10001f28 <__wrap___aeabi_dadd>:
10001f28:	b418      	push	{r3, r4}
10001f2a:	4b17      	ldr	r3, [pc, #92]	@ (10001f88 <__wrap___aeabi_dmul+0x12>)
10001f2c:	681b      	ldr	r3, [r3, #0]
10001f2e:	46fc      	mov	ip, pc
10001f30:	9301      	str	r3, [sp, #4]
10001f32:	bd08      	pop	{r3, pc}
10001f34:	21c5df00 	.word	0x21c5df00
10001f38:	1000      	.short	0x1000

10001f3a <__wrap___aeabi_ddiv>:
10001f3a:	4694      	mov	ip, r2
10001f3c:	4a13      	ldr	r2, [pc, #76]	@ (10001f8c <__wrap___aeabi_dmul+0x16>)
10001f3e:	6f92      	ldr	r2, [r2, #120]	@ 0x78
10001f40:	0892      	lsrs	r2, r2, #2
10001f42:	d209      	bcs.n	10001f58 <ddiv_save_state>
10001f44:	4662      	mov	r2, ip

10001f46 <ddiv_shim_call>:
10001f46:	b418      	push	{r3, r4}
10001f48:	4b0f      	ldr	r3, [pc, #60]	@ (10001f88 <__wrap___aeabi_dmul+0x12>)
10001f4a:	68db      	ldr	r3, [r3, #12]
10001f4c:	46fc      	mov	ip, pc
10001f4e:	9301      	str	r3, [sp, #4]
10001f50:	bd08      	pop	{r3, pc}
10001f52:	df0c      	.short	0xdf0c
10001f54:	1000247d 	.word	0x1000247d

10001f58 <ddiv_save_state>:
10001f58:	4a0c      	ldr	r2, [pc, #48]	@ (10001f8c <__wrap___aeabi_dmul+0x16>)
10001f5a:	b5f0      	push	{r4, r5, r6, r7, lr}
10001f5c:	6e14      	ldr	r4, [r2, #96]	@ 0x60
10001f5e:	6e55      	ldr	r5, [r2, #100]	@ 0x64
10001f60:	6f57      	ldr	r7, [r2, #116]	@ 0x74
10001f62:	6f16      	ldr	r6, [r2, #112]	@ 0x70
10001f64:	4662      	mov	r2, ip
10001f66:	f7ff ffee 	bl	10001f46 <ddiv_shim_call>
10001f6a:	4a08      	ldr	r2, [pc, #32]	@ (10001f8c <__wrap___aeabi_dmul+0x16>)
10001f6c:	6614      	str	r4, [r2, #96]	@ 0x60
10001f6e:	6655      	str	r5, [r2, #100]	@ 0x64
10001f70:	6757      	str	r7, [r2, #116]	@ 0x74
10001f72:	6716      	str	r6, [r2, #112]	@ 0x70
10001f74:	bdf0      	pop	{r4, r5, r6, r7, pc}

10001f76 <__wrap___aeabi_dmul>:
10001f76:	b418      	push	{r3, r4}
10001f78:	4b03      	ldr	r3, [pc, #12]	@ (10001f88 <__wrap___aeabi_dmul+0x12>)
10001f7a:	689b      	ldr	r3, [r3, #8]
10001f7c:	46fc      	mov	ip, pc
10001f7e:	9301      	str	r3, [sp, #4]
10001f80:	bd08      	pop	{r3, pc}
10001f82:	df08      	.short	0xdf08
10001f84:	10002321 	.word	0x10002321
10001f88:	20001e38 	.word	0x20001e38
10001f8c:	d0000000 	.word	0xd0000000

10001f90 <__wrap___aeabi_cdrcmple>:
10001f90:	b5ff      	push	{r0, r1, r2, r3, r4, r5, r6, r7, lr}
10001f92:	4050      	eors	r0, r2
10001f94:	4042      	eors	r2, r0
10001f96:	4050      	eors	r0, r2
10001f98:	4059      	eors	r1, r3
10001f9a:	404b      	eors	r3, r1
10001f9c:	4059      	eors	r1, r3
10001f9e:	e000      	b.n	10001fa2 <__aeabi_dfcmple_guts>

10001fa0 <__wrap___aeabi_cdcmpeq>:
10001fa0:	b5ff      	push	{r0, r1, r2, r3, r4, r5, r6, r7, lr}

10001fa2 <__aeabi_dfcmple_guts>:
10001fa2:	4f15      	ldr	r7, [pc, #84]	@ (10001ff8 <__aeabi_dfcmple_guts+0x56>)
10001fa4:	004c      	lsls	r4, r1, #1
10001fa6:	0d64      	lsrs	r4, r4, #21
10001fa8:	d003      	beq.n	10001fb2 <__aeabi_dfcmple_guts+0x10>
10001faa:	42bc      	cmp	r4, r7
10001fac:	d104      	bne.n	10001fb8 <__aeabi_dfcmple_guts+0x16>
10001fae:	030c      	lsls	r4, r1, #12
10001fb0:	d814      	bhi.n	10001fdc <__aeabi_dfcmple_guts+0x3a>
10001fb2:	2000      	movs	r0, #0
10001fb4:	0d09      	lsrs	r1, r1, #20
10001fb6:	0509      	lsls	r1, r1, #20
10001fb8:	005c      	lsls	r4, r3, #1
10001fba:	0d64      	lsrs	r4, r4, #21
10001fbc:	d003      	beq.n	10001fc6 <__aeabi_dfcmple_guts+0x24>
10001fbe:	42bc      	cmp	r4, r7
10001fc0:	d104      	bne.n	10001fcc <__aeabi_dfcmple_guts+0x2a>
10001fc2:	031c      	lsls	r4, r3, #12
10001fc4:	d80a      	bhi.n	10001fdc <__aeabi_dfcmple_guts+0x3a>
10001fc6:	2200      	movs	r2, #0
10001fc8:	0d1b      	lsrs	r3, r3, #20
10001fca:	051b      	lsls	r3, r3, #20
10001fcc:	2601      	movs	r6, #1
10001fce:	404b      	eors	r3, r1
10001fd0:	d409      	bmi.n	10001fe6 <__aeabi_dfcmple_guts+0x44>
10001fd2:	404b      	eors	r3, r1
10001fd4:	d503      	bpl.n	10001fde <__aeabi_dfcmple_guts+0x3c>
10001fd6:	428b      	cmp	r3, r1
10001fd8:	d100      	bne.n	10001fdc <__aeabi_dfcmple_guts+0x3a>
10001fda:	4282      	cmp	r2, r0
10001fdc:	bdff      	pop	{r0, r1, r2, r3, r4, r5, r6, r7, pc}
10001fde:	4299      	cmp	r1, r3
10001fe0:	d1fc      	bne.n	10001fdc <__aeabi_dfcmple_guts+0x3a>
10001fe2:	4290      	cmp	r0, r2
10001fe4:	bdff      	pop	{r0, r1, r2, r3, r4, r5, r6, r7, pc}
10001fe6:	430b      	orrs	r3, r1
10001fe8:	18db      	adds	r3, r3, r3
10001fea:	4303      	orrs	r3, r0
10001fec:	4313      	orrs	r3, r2
10001fee:	d0f5      	beq.n	10001fdc <__aeabi_dfcmple_guts+0x3a>
10001ff0:	43c9      	mvns	r1, r1
10001ff2:	1849      	adds	r1, r1, r1
10001ff4:	bdff      	pop	{r0, r1, r2, r3, r4, r5, r6, r7, pc}
10001ff6:	0000      	.short	0x0000
10001ff8:	000007ff 	.word	0x000007ff

10001ffc <__wrap___aeabi_dcmplt>:
10001ffc:	b500      	push	{lr}
10001ffe:	f7ff ffcf 	bl	10001fa0 <__wrap___aeabi_cdcmpeq>
10002002:	4180      	sbcs	r0, r0
10002004:	bd00      	pop	{pc}
10002006:	46c0      	nop			@ (mov r8, r8)

10002008 <__wrap___aeabi_dcmple>:
10002008:	b500      	push	{lr}
1000200a:	f7ff ffc9 	bl	10001fa0 <__wrap___aeabi_cdcmpeq>
1000200e:	d901      	bls.n	10002014 <__wrap___aeabi_dcmple+0xc>
10002010:	2000      	movs	r0, #0
10002012:	bd00      	pop	{pc}
10002014:	2001      	movs	r0, #1
10002016:	bd00      	pop	{pc}

10002018 <__wrap___aeabi_dcmpge>:
10002018:	b500      	push	{lr}
1000201a:	f7ff ffb9 	bl	10001f90 <__wrap___aeabi_cdrcmple>
1000201e:	d901      	bls.n	10002024 <__wrap___aeabi_dcmpge+0xc>
10002020:	2000      	movs	r0, #0
10002022:	bd00      	pop	{pc}
10002024:	2001      	movs	r0, #1
10002026:	bd00      	pop	{pc}

10002028 <__wrap___aeabi_dcmpgt>:
10002028:	b500      	push	{lr}
1000202a:	f7ff ffb1 	bl	10001f90 <__wrap___aeabi_cdrcmple>
1000202e:	4180      	sbcs	r0, r0
10002030:	bd00      	pop	{pc}

10002032 <__wrap___aeabi_dcmpun>:
10002032:	2001      	movs	r0, #1
10002034:	0540      	lsls	r0, r0, #21
10002036:	004a      	lsls	r2, r1, #1
10002038:	1812      	adds	r2, r2, r0
1000203a:	d804      	bhi.n	10002046 <__wrap___aeabi_dcmpun+0x14>
1000203c:	005a      	lsls	r2, r3, #1
1000203e:	1812      	adds	r2, r2, r0
10002040:	d801      	bhi.n	10002046 <__wrap___aeabi_dcmpun+0x14>
10002042:	2000      	movs	r0, #0
10002044:	4770      	bx	lr
10002046:	2001      	movs	r0, #1
10002048:	4770      	bx	lr
	...

1000204c <__wrap___aeabi_ui2d>:
1000204c:	2100      	movs	r1, #0
1000204e:	2800      	cmp	r0, #0
10002050:	d105      	bne.n	1000205e <__wrap___aeabi_i2d+0xa>
10002052:	4770      	bx	lr

10002054 <__wrap___aeabi_i2d>:
10002054:	17c1      	asrs	r1, r0, #31
10002056:	4048      	eors	r0, r1
10002058:	1a40      	subs	r0, r0, r1
1000205a:	d0fa      	beq.n	10002052 <__wrap___aeabi_ui2d+0x6>
1000205c:	07c9      	lsls	r1, r1, #31
1000205e:	b513      	push	{r0, r1, r4, lr}
10002060:	4b06      	ldr	r3, [pc, #24]	@ (1000207c <__wrap___aeabi_i2d+0x28>)
10002062:	681b      	ldr	r3, [r3, #0]
10002064:	4798      	blx	r3
10002066:	bc0c      	pop	{r2, r3}
10002068:	1c44      	adds	r4, r0, #1
1000206a:	40a2      	lsls	r2, r4
1000206c:	0510      	lsls	r0, r2, #20
1000206e:	0b12      	lsrs	r2, r2, #12
10002070:	4903      	ldr	r1, [pc, #12]	@ (10002080 <__wrap___aeabi_i2d+0x2c>)
10002072:	1b09      	subs	r1, r1, r4
10002074:	0509      	lsls	r1, r1, #20
10002076:	4319      	orrs	r1, r3
10002078:	4311      	orrs	r1, r2
1000207a:	bd10      	pop	{r4, pc}
1000207c:	20002b8c 	.word	0x20002b8c
10002080:	0000041f 	.word	0x0000041f

10002084 <__wrap___aeabi_d2iz>:
10002084:	b510      	push	{r4, lr}
10002086:	004c      	lsls	r4, r1, #1
10002088:	0d62      	lsrs	r2, r4, #21
1000208a:	2380      	movs	r3, #128	@ 0x80
1000208c:	18d2      	adds	r2, r2, r3
1000208e:	00db      	lsls	r3, r3, #3
10002090:	1ad2      	subs	r2, r2, r3
10002092:	055b      	lsls	r3, r3, #21
10002094:	2a7e      	cmp	r2, #126	@ 0x7e
10002096:	dd10      	ble.n	100020ba <__wrap___aeabi_d2iz+0x36>
10002098:	3a9e      	subs	r2, #158	@ 0x9e
1000209a:	da13      	bge.n	100020c4 <__wrap___aeabi_d2iz+0x40>
1000209c:	17cc      	asrs	r4, r1, #31
1000209e:	0309      	lsls	r1, r1, #12
100020a0:	0849      	lsrs	r1, r1, #1
100020a2:	4319      	orrs	r1, r3
100020a4:	4252      	negs	r2, r2
100020a6:	40d1      	lsrs	r1, r2
100020a8:	0064      	lsls	r4, r4, #1
100020aa:	3401      	adds	r4, #1
100020ac:	3215      	adds	r2, #21
100020ae:	2a20      	cmp	r2, #32
100020b0:	da05      	bge.n	100020be <__wrap___aeabi_d2iz+0x3a>
100020b2:	40d0      	lsrs	r0, r2
100020b4:	4308      	orrs	r0, r1
100020b6:	4360      	muls	r0, r4
100020b8:	bd10      	pop	{r4, pc}
100020ba:	2000      	movs	r0, #0
100020bc:	bd10      	pop	{r4, pc}
100020be:	4608      	mov	r0, r1
100020c0:	4360      	muls	r0, r4
100020c2:	bd10      	pop	{r4, pc}
100020c4:	0fc8      	lsrs	r0, r1, #31
100020c6:	18c0      	adds	r0, r0, r3
100020c8:	3801      	subs	r0, #1
100020ca:	bd10      	pop	{r4, pc}

100020cc <__wrap___aeabi_d2uiz>:
100020cc:	b418      	push	{r3, r4}
100020ce:	4b04      	ldr	r3, [pc, #16]	@ (100020e0 <__wrap___aeabi_d2uiz+0x14>)
100020d0:	6a5b      	ldr	r3, [r3, #36]	@ 0x24
100020d2:	46fc      	mov	ip, pc
100020d4:	9301      	str	r3, [sp, #4]
100020d6:	bd08      	pop	{r3, pc}
100020d8:	262ddf24 	.word	0x262ddf24
100020dc:	00001000 	.word	0x00001000
100020e0:	20001e38 	.word	0x20001e38

100020e4 <__aeabi_double_init>:
100020e4:	2313      	movs	r3, #19
100020e6:	b570      	push	{r4, r5, r6, lr}
100020e8:	781d      	ldrb	r5, [r3, #0]
100020ea:	2d01      	cmp	r5, #1
100020ec:	d019      	beq.n	10002122 <__aeabi_double_init+0x3e>
100020ee:	dd14      	ble.n	1000211a <__aeabi_double_init+0x36>
100020f0:	481f      	ldr	r0, [pc, #124]	@ (10002170 <__aeabi_double_init+0x8c>)
100020f2:	f7ff fb31 	bl	10001758 <rom_data_lookup>
100020f6:	0006      	movs	r6, r0
100020f8:	481e      	ldr	r0, [pc, #120]	@ (10002174 <__aeabi_double_init+0x90>)
100020fa:	f7ff fb2d 	bl	10001758 <rom_data_lookup>
100020fe:	4c1e      	ldr	r4, [pc, #120]	@ (10002178 <__aeabi_double_init+0x94>)
10002100:	2280      	movs	r2, #128	@ 0x80
10002102:	0031      	movs	r1, r6
10002104:	0020      	movs	r0, r4
10002106:	f000 fb5f 	bl	100027c8 <__wrap___aeabi_memcpy>
1000210a:	2d02      	cmp	r5, #2
1000210c:	d02d      	beq.n	1000216a <__aeabi_double_init+0x86>
1000210e:	481b      	ldr	r0, [pc, #108]	@ (1000217c <__aeabi_double_init+0x98>)
10002110:	f7ff fb1a 	bl	10001748 <rom_func_lookup>
10002114:	4b1a      	ldr	r3, [pc, #104]	@ (10002180 <__aeabi_double_init+0x9c>)
10002116:	6018      	str	r0, [r3, #0]
10002118:	bd70      	pop	{r4, r5, r6, pc}
1000211a:	4b1a      	ldr	r3, [pc, #104]	@ (10002184 <__aeabi_double_init+0xa0>)
1000211c:	4c16      	ldr	r4, [pc, #88]	@ (10002178 <__aeabi_double_init+0x94>)
1000211e:	64a3      	str	r3, [r4, #72]	@ 0x48
10002120:	e7f5      	b.n	1000210e <__aeabi_double_init+0x2a>
10002122:	4b18      	ldr	r3, [pc, #96]	@ (10002184 <__aeabi_double_init+0xa0>)
10002124:	4c14      	ldr	r4, [pc, #80]	@ (10002178 <__aeabi_double_init+0x94>)
10002126:	6023      	str	r3, [r4, #0]
10002128:	6063      	str	r3, [r4, #4]
1000212a:	60a3      	str	r3, [r4, #8]
1000212c:	60e3      	str	r3, [r4, #12]
1000212e:	6123      	str	r3, [r4, #16]
10002130:	6163      	str	r3, [r4, #20]
10002132:	61a3      	str	r3, [r4, #24]
10002134:	61e3      	str	r3, [r4, #28]
10002136:	6223      	str	r3, [r4, #32]
10002138:	6263      	str	r3, [r4, #36]	@ 0x24
1000213a:	62a3      	str	r3, [r4, #40]	@ 0x28
1000213c:	62e3      	str	r3, [r4, #44]	@ 0x2c
1000213e:	6323      	str	r3, [r4, #48]	@ 0x30
10002140:	6363      	str	r3, [r4, #52]	@ 0x34
10002142:	63a3      	str	r3, [r4, #56]	@ 0x38
10002144:	63e3      	str	r3, [r4, #60]	@ 0x3c
10002146:	6423      	str	r3, [r4, #64]	@ 0x40
10002148:	6463      	str	r3, [r4, #68]	@ 0x44
1000214a:	64a3      	str	r3, [r4, #72]	@ 0x48
1000214c:	64e3      	str	r3, [r4, #76]	@ 0x4c
1000214e:	6523      	str	r3, [r4, #80]	@ 0x50
10002150:	6563      	str	r3, [r4, #84]	@ 0x54
10002152:	65a3      	str	r3, [r4, #88]	@ 0x58
10002154:	65e3      	str	r3, [r4, #92]	@ 0x5c
10002156:	6623      	str	r3, [r4, #96]	@ 0x60
10002158:	6663      	str	r3, [r4, #100]	@ 0x64
1000215a:	66a3      	str	r3, [r4, #104]	@ 0x68
1000215c:	66e3      	str	r3, [r4, #108]	@ 0x6c
1000215e:	6723      	str	r3, [r4, #112]	@ 0x70
10002160:	6763      	str	r3, [r4, #116]	@ 0x74
10002162:	67a3      	str	r3, [r4, #120]	@ 0x78
10002164:	67e3      	str	r3, [r4, #124]	@ 0x7c
10002166:	64a3      	str	r3, [r4, #72]	@ 0x48
10002168:	e7d1      	b.n	1000210e <__aeabi_double_init+0x2a>
1000216a:	4b06      	ldr	r3, [pc, #24]	@ (10002184 <__aeabi_double_init+0xa0>)
1000216c:	64a3      	str	r3, [r4, #72]	@ 0x48
1000216e:	e7ce      	b.n	1000210e <__aeabi_double_init+0x2a>
10002170:	00004453 	.word	0x00004453
10002174:	00004653 	.word	0x00004653
10002178:	20001e38 	.word	0x20001e38
1000217c:	0000334c 	.word	0x0000334c
10002180:	20002b8c 	.word	0x20002b8c
10002184:	10002189 	.word	0x10002189

10002188 <double_table_shim_on_use_helper>:
10002188:	b507      	push	{r0, r1, r2, lr}
1000218a:	4660      	mov	r0, ip
1000218c:	8801      	ldrh	r1, [r0, #0]
1000218e:	0a0a      	lsrs	r2, r1, #8
10002190:	3002      	adds	r0, #2
10002192:	2adf      	cmp	r2, #223	@ 0xdf
10002194:	d1fa      	bne.n	1000218c <double_table_shim_on_use_helper+0x4>
10002196:	b2c9      	uxtb	r1, r1
10002198:	0882      	lsrs	r2, r0, #2
1000219a:	d304      	bcc.n	100021a6 <double_table_shim_on_use_helper+0x1e>
1000219c:	8802      	ldrh	r2, [r0, #0]
1000219e:	8840      	ldrh	r0, [r0, #2]
100021a0:	0400      	lsls	r0, r0, #16
100021a2:	4310      	orrs	r0, r2
100021a4:	e000      	b.n	100021a8 <double_table_shim_on_use_helper+0x20>
100021a6:	6800      	ldr	r0, [r0, #0]
100021a8:	4a01      	ldr	r2, [pc, #4]	@ (100021b0 <double_table_shim_on_use_helper+0x28>)
100021aa:	5050      	str	r0, [r2, r1]
100021ac:	9003      	str	r0, [sp, #12]
100021ae:	bd07      	pop	{r0, r1, r2, pc}
100021b0:	20001e38 	.word	0x20001e38

100021b4 <drsub_shim>:
100021b4:	b40f      	push	{r0, r1, r2, r3}
100021b6:	bc03      	pop	{r0, r1}
100021b8:	bc0c      	pop	{r2, r3}

100021ba <dsub_shim>:
100021ba:	b5f0      	push	{r4, r5, r6, r7, lr}
100021bc:	2401      	movs	r4, #1
100021be:	07e4      	lsls	r4, r4, #31
100021c0:	4063      	eors	r3, r4
100021c2:	e000      	b.n	100021c6 <da_entry>

100021c4 <dadd_shim>:
100021c4:	b5f0      	push	{r4, r5, r6, r7, lr}

100021c6 <da_entry>:
100021c6:	0d0c      	lsrs	r4, r1, #20
100021c8:	0fcf      	lsrs	r7, r1, #31
100021ca:	1e66      	subs	r6, r4, #1
100021cc:	0536      	lsls	r6, r6, #20
100021ce:	1b89      	subs	r1, r1, r6
100021d0:	0564      	lsls	r4, r4, #21
100021d2:	d303      	bcc.n	100021dc <l8_1>
100021d4:	43c9      	mvns	r1, r1
100021d6:	4240      	negs	r0, r0
100021d8:	d300      	bcc.n	100021dc <l8_1>
100021da:	3101      	adds	r1, #1

100021dc <l8_1>:
100021dc:	0d64      	lsrs	r4, r4, #21
100021de:	d003      	beq.n	100021e8 <l8_2>
100021e0:	1c66      	adds	r6, r4, #1
100021e2:	0af6      	lsrs	r6, r6, #11
100021e4:	d007      	beq.n	100021f6 <l8_3>
100021e6:	1be4      	subs	r4, r4, r7

100021e8 <l8_2>:
100021e8:	2000      	movs	r0, #0
100021ea:	007f      	lsls	r7, r7, #1
100021ec:	1c79      	adds	r1, r7, #1
100021ee:	0789      	lsls	r1, r1, #30
100021f0:	1289      	asrs	r1, r1, #10
100021f2:	3c80      	subs	r4, #128	@ 0x80
100021f4:	0324      	lsls	r4, r4, #12

100021f6 <l8_3>:
100021f6:	0d1d      	lsrs	r5, r3, #20
100021f8:	0fdf      	lsrs	r7, r3, #31
100021fa:	1e6e      	subs	r6, r5, #1
100021fc:	0536      	lsls	r6, r6, #20
100021fe:	1b9b      	subs	r3, r3, r6
10002200:	056d      	lsls	r5, r5, #21
10002202:	d303      	bcc.n	1000220c <l9_1>
10002204:	43db      	mvns	r3, r3
10002206:	4252      	negs	r2, r2
10002208:	d300      	bcc.n	1000220c <l9_1>
1000220a:	3301      	adds	r3, #1

1000220c <l9_1>:
1000220c:	0d6d      	lsrs	r5, r5, #21
1000220e:	d003      	beq.n	10002218 <l9_2>
10002210:	1c6e      	adds	r6, r5, #1
10002212:	0af6      	lsrs	r6, r6, #11
10002214:	d007      	beq.n	10002226 <l9_3>
10002216:	1bed      	subs	r5, r5, r7

10002218 <l9_2>:
10002218:	2200      	movs	r2, #0
1000221a:	007f      	lsls	r7, r7, #1
1000221c:	1c7b      	adds	r3, r7, #1
1000221e:	079b      	lsls	r3, r3, #30
10002220:	129b      	asrs	r3, r3, #10
10002222:	3d80      	subs	r5, #128	@ 0x80
10002224:	032d      	lsls	r5, r5, #12

10002226 <l9_3>:
10002226:	1b2f      	subs	r7, r5, r4
10002228:	1b66      	subs	r6, r4, r5
1000222a:	d458      	bmi.n	100022de <da_ygtx>
1000222c:	46a4      	mov	ip, r4
1000222e:	2e20      	cmp	r6, #32
10002230:	da46      	bge.n	100022c0 <da_xrgty>
10002232:	3720      	adds	r7, #32
10002234:	0014      	movs	r4, r2
10002236:	40bc      	lsls	r4, r7

10002238 <da_xgty0>:
10002238:	001d      	movs	r5, r3
1000223a:	40bd      	lsls	r5, r7
1000223c:	40f2      	lsrs	r2, r6
1000223e:	4133      	asrs	r3, r6
10002240:	432a      	orrs	r2, r5

10002242 <da_add>:
10002242:	1880      	adds	r0, r0, r2
10002244:	4159      	adcs	r1, r3

10002246 <da_pack>:
10002246:	0fcb      	lsrs	r3, r1, #31
10002248:	d005      	beq.n	10002256 <da_pack+0x10>
1000224a:	43c9      	mvns	r1, r1
1000224c:	43c0      	mvns	r0, r0
1000224e:	2200      	movs	r2, #0
10002250:	4264      	negs	r4, r4
10002252:	4150      	adcs	r0, r2
10002254:	4151      	adcs	r1, r2
10002256:	4662      	mov	r2, ip
10002258:	0d4d      	lsrs	r5, r1, #21
1000225a:	d128      	bne.n	100022ae <da_0>
1000225c:	0d0d      	lsrs	r5, r1, #20
1000225e:	d107      	bne.n	10002270 <da_1>
10002260:	2800      	cmp	r0, #0
10002262:	d01f      	beq.n	100022a4 <da_5>

10002264 <da_2>:
10002264:	1924      	adds	r4, r4, r4
10002266:	4140      	adcs	r0, r0
10002268:	4149      	adcs	r1, r1
1000226a:	3a01      	subs	r2, #1
1000226c:	0d0d      	lsrs	r5, r1, #20
1000226e:	d0f9      	beq.n	10002264 <da_2>

10002270 <da_1>:
10002270:	0064      	lsls	r4, r4, #1
10002272:	d306      	bcc.n	10002282 <da_3>

10002274 <da_4>:
10002274:	3001      	adds	r0, #1
10002276:	d300      	bcc.n	1000227a <da_4+0x6>
10002278:	3101      	adds	r1, #1
1000227a:	2c00      	cmp	r4, #0
1000227c:	d101      	bne.n	10002282 <da_3>
1000227e:	0840      	lsrs	r0, r0, #1
10002280:	0040      	lsls	r0, r0, #1

10002282 <da_3>:
10002282:	3a01      	subs	r2, #1
10002284:	d40b      	bmi.n	1000229e <da_6>
10002286:	1c94      	adds	r4, r2, #2
10002288:	0ae4      	lsrs	r4, r4, #11
1000228a:	d104      	bne.n	10002296 <da_7>
1000228c:	0512      	lsls	r2, r2, #20
1000228e:	4411      	add	r1, r2
10002290:	07db      	lsls	r3, r3, #31
10002292:	4419      	add	r1, r3
10002294:	bdf0      	pop	{r4, r5, r6, r7, pc}

10002296 <da_7>:
10002296:	07d9      	lsls	r1, r3, #31
10002298:	4b20      	ldr	r3, [pc, #128]	@ (1000231c <da_xmgty+0x4>)
1000229a:	4319      	orrs	r1, r3
1000229c:	e000      	b.n	100022a0 <da_6+0x2>

1000229e <da_6>:
1000229e:	07d9      	lsls	r1, r3, #31
100022a0:	2000      	movs	r0, #0
100022a2:	bdf0      	pop	{r4, r5, r6, r7, pc}

100022a4 <da_5>:
100022a4:	2900      	cmp	r1, #0
100022a6:	d1dd      	bne.n	10002264 <da_2>
100022a8:	2c00      	cmp	r4, #0
100022aa:	d1db      	bne.n	10002264 <da_2>
100022ac:	bdf0      	pop	{r4, r5, r6, r7, pc}

100022ae <da_0>:
100022ae:	3201      	adds	r2, #1
100022b0:	07c6      	lsls	r6, r0, #31
100022b2:	0840      	lsrs	r0, r0, #1
100022b4:	07cd      	lsls	r5, r1, #31
100022b6:	4328      	orrs	r0, r5
100022b8:	0849      	lsrs	r1, r1, #1
100022ba:	2e00      	cmp	r6, #0
100022bc:	d0e1      	beq.n	10002282 <da_3>
100022be:	e7d9      	b.n	10002274 <da_4>

100022c0 <da_xrgty>:
100022c0:	2e3c      	cmp	r6, #60	@ 0x3c
100022c2:	da29      	bge.n	10002318 <da_xmgty>
100022c4:	3e20      	subs	r6, #32
100022c6:	3740      	adds	r7, #64	@ 0x40
100022c8:	0014      	movs	r4, r2
100022ca:	40bc      	lsls	r4, r7
100022cc:	d000      	beq.n	100022d0 <da_xrgty+0x10>
100022ce:	2401      	movs	r4, #1
100022d0:	40f2      	lsrs	r2, r6
100022d2:	4314      	orrs	r4, r2
100022d4:	001a      	movs	r2, r3
100022d6:	40bb      	lsls	r3, r7
100022d8:	431c      	orrs	r4, r3
100022da:	17d3      	asrs	r3, r2, #31
100022dc:	e7ac      	b.n	10002238 <da_xgty0>

100022de <da_ygtx>:
100022de:	46ac      	mov	ip, r5
100022e0:	2f20      	cmp	r7, #32
100022e2:	da08      	bge.n	100022f6 <da_yrgtx>
100022e4:	3620      	adds	r6, #32
100022e6:	0004      	movs	r4, r0
100022e8:	40b4      	lsls	r4, r6

100022ea <da_ygtx0>:
100022ea:	000d      	movs	r5, r1
100022ec:	40b5      	lsls	r5, r6
100022ee:	40f8      	lsrs	r0, r7
100022f0:	4139      	asrs	r1, r7
100022f2:	4328      	orrs	r0, r5
100022f4:	e7a5      	b.n	10002242 <da_add>

100022f6 <da_yrgtx>:
100022f6:	2f3c      	cmp	r7, #60	@ 0x3c
100022f8:	da0c      	bge.n	10002314 <da_ymgtx>
100022fa:	3f20      	subs	r7, #32
100022fc:	3640      	adds	r6, #64	@ 0x40
100022fe:	0004      	movs	r4, r0
10002300:	40b4      	lsls	r4, r6
10002302:	d000      	beq.n	10002306 <da_yrgtx+0x10>
10002304:	2401      	movs	r4, #1
10002306:	40f8      	lsrs	r0, r7
10002308:	4304      	orrs	r4, r0
1000230a:	0008      	movs	r0, r1
1000230c:	40b1      	lsls	r1, r6
1000230e:	430c      	orrs	r4, r1
10002310:	17c1      	asrs	r1, r0, #31
10002312:	e7ea      	b.n	100022ea <da_ygtx0>

10002314 <da_ymgtx>:
10002314:	0010      	movs	r0, r2
10002316:	0019      	movs	r1, r3

10002318 <da_xmgty>:
10002318:	2400      	movs	r4, #0
1000231a:	e794      	b.n	10002246 <da_pack>
1000231c:	7ff00000 	.word	0x7ff00000

10002320 <dmul_shim>:
10002320:	b5f0      	push	{r4, r5, r6, r7, lr}
10002322:	0d0c      	lsrs	r4, r1, #20
10002324:	1e66      	subs	r6, r4, #1
10002326:	0536      	lsls	r6, r6, #20
10002328:	1b89      	subs	r1, r1, r6
1000232a:	0ae6      	lsrs	r6, r4, #11
1000232c:	0564      	lsls	r4, r4, #21
1000232e:	0d64      	lsrs	r4, r4, #21
10002330:	d002      	beq.n	10002338 <l12_1>
10002332:	1c65      	adds	r5, r4, #1
10002334:	0aed      	lsrs	r5, r5, #11
10002336:	d004      	beq.n	10002342 <l12_2>

10002338 <l12_1>:
10002338:	2000      	movs	r0, #0
1000233a:	2101      	movs	r1, #1
1000233c:	0509      	lsls	r1, r1, #20
1000233e:	3c80      	subs	r4, #128	@ 0x80
10002340:	0324      	lsls	r4, r4, #12

10002342 <l12_2>:
10002342:	46a4      	mov	ip, r4
10002344:	0d1c      	lsrs	r4, r3, #20
10002346:	1e67      	subs	r7, r4, #1
10002348:	053f      	lsls	r7, r7, #20
1000234a:	1bdb      	subs	r3, r3, r7
1000234c:	0ae7      	lsrs	r7, r4, #11
1000234e:	0564      	lsls	r4, r4, #21
10002350:	0d64      	lsrs	r4, r4, #21
10002352:	d002      	beq.n	1000235a <l13_1>
10002354:	1c65      	adds	r5, r4, #1
10002356:	0aed      	lsrs	r5, r5, #11
10002358:	d004      	beq.n	10002364 <l13_2>

1000235a <l13_1>:
1000235a:	2200      	movs	r2, #0
1000235c:	2301      	movs	r3, #1
1000235e:	051b      	lsls	r3, r3, #20
10002360:	3c80      	subs	r4, #128	@ 0x80
10002362:	0324      	lsls	r4, r4, #12

10002364 <l13_2>:
10002364:	4077      	eors	r7, r6
10002366:	4464      	add	r4, ip
10002368:	b497      	push	{r0, r1, r2, r4, r7}
1000236a:	b284      	uxth	r4, r0
1000236c:	b296      	uxth	r6, r2
1000236e:	4374      	muls	r4, r6
10002370:	0c07      	lsrs	r7, r0, #16
10002372:	437e      	muls	r6, r7
10002374:	0c15      	lsrs	r5, r2, #16
10002376:	436f      	muls	r7, r5
10002378:	b280      	uxth	r0, r0
1000237a:	4368      	muls	r0, r5
1000237c:	1836      	adds	r6, r6, r0
1000237e:	d302      	bcc.n	10002386 <l14_1>
10002380:	2001      	movs	r0, #1
10002382:	0400      	lsls	r0, r0, #16
10002384:	183f      	adds	r7, r7, r0

10002386 <l14_1>:
10002386:	0430      	lsls	r0, r6, #16
10002388:	0c35      	lsrs	r5, r6, #16
1000238a:	1900      	adds	r0, r0, r4
1000238c:	417d      	adcs	r5, r7
1000238e:	4684      	mov	ip, r0
10002390:	b288      	uxth	r0, r1
10002392:	b29a      	uxth	r2, r3
10002394:	4350      	muls	r0, r2
10002396:	0c0c      	lsrs	r4, r1, #16
10002398:	4362      	muls	r2, r4
1000239a:	0c1f      	lsrs	r7, r3, #16
1000239c:	437c      	muls	r4, r7
1000239e:	b28e      	uxth	r6, r1
100023a0:	437e      	muls	r6, r7
100023a2:	1992      	adds	r2, r2, r6
100023a4:	d302      	bcc.n	100023ac <l15_1>
100023a6:	2601      	movs	r6, #1
100023a8:	0436      	lsls	r6, r6, #16
100023aa:	19a4      	adds	r4, r4, r6

100023ac <l15_1>:
100023ac:	0416      	lsls	r6, r2, #16
100023ae:	0c17      	lsrs	r7, r2, #16
100023b0:	1836      	adds	r6, r6, r0
100023b2:	4167      	adcs	r7, r4
100023b4:	bc01      	pop	{r0}
100023b6:	b281      	uxth	r1, r0
100023b8:	b29a      	uxth	r2, r3
100023ba:	4351      	muls	r1, r2
100023bc:	0c04      	lsrs	r4, r0, #16
100023be:	4362      	muls	r2, r4
100023c0:	0c1b      	lsrs	r3, r3, #16
100023c2:	435c      	muls	r4, r3
100023c4:	b280      	uxth	r0, r0
100023c6:	4358      	muls	r0, r3
100023c8:	1812      	adds	r2, r2, r0
100023ca:	d302      	bcc.n	100023d2 <l16_1>
100023cc:	2001      	movs	r0, #1
100023ce:	0400      	lsls	r0, r0, #16
100023d0:	1824      	adds	r4, r4, r0

100023d2 <l16_1>:
100023d2:	0410      	lsls	r0, r2, #16
100023d4:	0c13      	lsrs	r3, r2, #16
100023d6:	1840      	adds	r0, r0, r1
100023d8:	4163      	adcs	r3, r4
100023da:	182d      	adds	r5, r5, r0
100023dc:	415e      	adcs	r6, r3
100023de:	2000      	movs	r0, #0
100023e0:	4147      	adcs	r7, r0
100023e2:	bc06      	pop	{r1, r2}
100023e4:	b288      	uxth	r0, r1
100023e6:	b293      	uxth	r3, r2
100023e8:	4358      	muls	r0, r3
100023ea:	0c0c      	lsrs	r4, r1, #16
100023ec:	4363      	muls	r3, r4
100023ee:	0c12      	lsrs	r2, r2, #16
100023f0:	4354      	muls	r4, r2
100023f2:	b289      	uxth	r1, r1
100023f4:	4351      	muls	r1, r2
100023f6:	185b      	adds	r3, r3, r1
100023f8:	d302      	bcc.n	10002400 <l17_1>
100023fa:	2101      	movs	r1, #1
100023fc:	0409      	lsls	r1, r1, #16
100023fe:	1864      	adds	r4, r4, r1

10002400 <l17_1>:
10002400:	0419      	lsls	r1, r3, #16
10002402:	0c1a      	lsrs	r2, r3, #16
10002404:	1809      	adds	r1, r1, r0
10002406:	4162      	adcs	r2, r4
10002408:	186d      	adds	r5, r5, r1
1000240a:	4156      	adcs	r6, r2
1000240c:	2000      	movs	r0, #0
1000240e:	4147      	adcs	r7, r0
10002410:	bc18      	pop	{r3, r4}
10002412:	02f9      	lsls	r1, r7, #11
10002414:	0d72      	lsrs	r2, r6, #21
10002416:	4311      	orrs	r1, r2
10002418:	02f0      	lsls	r0, r6, #11
1000241a:	0d6a      	lsrs	r2, r5, #21
1000241c:	4310      	orrs	r0, r2
1000241e:	02ed      	lsls	r5, r5, #11
10002420:	0d0a      	lsrs	r2, r1, #20
10002422:	d103      	bne.n	1000242c <l17_1+0x2c>
10002424:	196d      	adds	r5, r5, r5
10002426:	4140      	adcs	r0, r0
10002428:	4149      	adcs	r1, r1
1000242a:	3b01      	subs	r3, #1
1000242c:	4e12      	ldr	r6, [pc, #72]	@ (10002478 <dm_1+0xa>)
1000242e:	1b9b      	subs	r3, r3, r6
10002430:	0076      	lsls	r6, r6, #1
10002432:	42b3      	cmp	r3, r6
10002434:	d20e      	bcs.n	10002454 <dm_0>
10002436:	006d      	lsls	r5, r5, #1
10002438:	d307      	bcc.n	1000244a <l17_1+0x4a>
1000243a:	3001      	adds	r0, #1
1000243c:	2600      	movs	r6, #0
1000243e:	4171      	adcs	r1, r6
10002440:	4666      	mov	r6, ip
10002442:	4335      	orrs	r5, r6
10002444:	d101      	bne.n	1000244a <l17_1+0x4a>
10002446:	0840      	lsrs	r0, r0, #1
10002448:	0040      	lsls	r0, r0, #1
1000244a:	051b      	lsls	r3, r3, #20
1000244c:	18c9      	adds	r1, r1, r3

1000244e <dm_2>:
1000244e:	07e4      	lsls	r4, r4, #31
10002450:	4421      	add	r1, r4
10002452:	bdf0      	pop	{r4, r5, r6, r7, pc}

10002454 <dm_0>:
10002454:	da0b      	bge.n	1000246e <dm_1>
10002456:	3301      	adds	r3, #1
10002458:	d106      	bne.n	10002468 <dm_0+0x14>
1000245a:	3001      	adds	r0, #1
1000245c:	d104      	bne.n	10002468 <dm_0+0x14>
1000245e:	3101      	adds	r1, #1
10002460:	0d4f      	lsrs	r7, r1, #21
10002462:	d001      	beq.n	10002468 <dm_0+0x14>
10002464:	0849      	lsrs	r1, r1, #1
10002466:	e7f2      	b.n	1000244e <dm_2>
10002468:	07e1      	lsls	r1, r4, #31
1000246a:	2000      	movs	r0, #0
1000246c:	bdf0      	pop	{r4, r5, r6, r7, pc}

1000246e <dm_1>:
1000246e:	3601      	adds	r6, #1
10002470:	0531      	lsls	r1, r6, #20
10002472:	2000      	movs	r0, #0
10002474:	e7eb      	b.n	1000244e <dm_2>
10002476:	0000      	.short	0x0000
10002478:	000003ff 	.word	0x000003ff

1000247c <ddiv_shim>:
1000247c:	b5f0      	push	{r4, r5, r6, r7, lr}

1000247e <ddiv0>:
1000247e:	0d1c      	lsrs	r4, r3, #20
10002480:	1e67      	subs	r7, r4, #1
10002482:	053f      	lsls	r7, r7, #20
10002484:	1bdb      	subs	r3, r3, r7
10002486:	0ae7      	lsrs	r7, r4, #11
10002488:	0564      	lsls	r4, r4, #21
1000248a:	0d64      	lsrs	r4, r4, #21
1000248c:	d002      	beq.n	10002494 <l20_1>
1000248e:	1c66      	adds	r6, r4, #1
10002490:	0af6      	lsrs	r6, r6, #11
10002492:	d004      	beq.n	1000249e <l20_2>

10002494 <l20_1>:
10002494:	2200      	movs	r2, #0
10002496:	2301      	movs	r3, #1
10002498:	051b      	lsls	r3, r3, #20
1000249a:	3c80      	subs	r4, #128	@ 0x80
1000249c:	0324      	lsls	r4, r4, #12

1000249e <l20_2>:
1000249e:	25d0      	movs	r5, #208	@ 0xd0
100024a0:	062d      	lsls	r5, r5, #24
100024a2:	2600      	movs	r6, #0
100024a4:	43f6      	mvns	r6, r6
100024a6:	662e      	str	r6, [r5, #96]	@ 0x60
100024a8:	091e      	lsrs	r6, r3, #4
100024aa:	666e      	str	r6, [r5, #100]	@ 0x64
100024ac:	0fce      	lsrs	r6, r1, #31
100024ae:	19f6      	adds	r6, r6, r7
100024b0:	46b4      	mov	ip, r6
100024b2:	0049      	lsls	r1, r1, #1
100024b4:	0d4f      	lsrs	r7, r1, #21
100024b6:	d002      	beq.n	100024be <l20_2+0x20>
100024b8:	1c7e      	adds	r6, r7, #1
100024ba:	0af6      	lsrs	r6, r6, #11
100024bc:	d003      	beq.n	100024c6 <l20_2+0x28>
100024be:	2000      	movs	r0, #0
100024c0:	2100      	movs	r1, #0
100024c2:	3f40      	subs	r7, #64	@ 0x40
100024c4:	033f      	lsls	r7, r7, #12
100024c6:	1b3e      	subs	r6, r7, r4
100024c8:	00b6      	lsls	r6, r6, #2
100024ca:	44b4      	add	ip, r6
100024cc:	3f01      	subs	r7, #1
100024ce:	057f      	lsls	r7, r7, #21
100024d0:	1bc9      	subs	r1, r1, r7
100024d2:	0849      	lsrs	r1, r1, #1
100024d4:	6f2e      	ldr	r6, [r5, #112]	@ 0x70
100024d6:	3601      	adds	r6, #1
100024d8:	0876      	lsrs	r6, r6, #1
100024da:	029c      	lsls	r4, r3, #10
100024dc:	0d95      	lsrs	r5, r2, #22
100024de:	4325      	orrs	r5, r4
100024e0:	4375      	muls	r5, r6
100024e2:	13ed      	asrs	r5, r5, #15
100024e4:	4375      	muls	r5, r6
100024e6:	13ad      	asrs	r5, r5, #14
100024e8:	3501      	adds	r5, #1
100024ea:	106d      	asrs	r5, r5, #1
100024ec:	03f6      	lsls	r6, r6, #15
100024ee:	1b76      	subs	r6, r6, r5
100024f0:	b40c      	push	{r2, r3}
100024f2:	02cc      	lsls	r4, r1, #11
100024f4:	0d45      	lsrs	r5, r0, #21
100024f6:	432c      	orrs	r4, r5
100024f8:	b2a2      	uxth	r2, r4
100024fa:	b2b3      	uxth	r3, r6
100024fc:	435a      	muls	r2, r3
100024fe:	0c27      	lsrs	r7, r4, #16
10002500:	437b      	muls	r3, r7
10002502:	0c35      	lsrs	r5, r6, #16
10002504:	436f      	muls	r7, r5
10002506:	b2a4      	uxth	r4, r4
10002508:	436c      	muls	r4, r5
1000250a:	191b      	adds	r3, r3, r4
1000250c:	d302      	bcc.n	10002514 <l21_1>
1000250e:	2401      	movs	r4, #1
10002510:	0424      	lsls	r4, r4, #16
10002512:	193f      	adds	r7, r7, r4

10002514 <l21_1>:
10002514:	041c      	lsls	r4, r3, #16
10002516:	0c1d      	lsrs	r5, r3, #16
10002518:	18a4      	adds	r4, r4, r2
1000251a:	417d      	adcs	r5, r7
1000251c:	1924      	adds	r4, r4, r4
1000251e:	416d      	adcs	r5, r5
10002520:	9a00      	ldr	r2, [sp, #0]
10002522:	b291      	uxth	r1, r2
10002524:	b2ac      	uxth	r4, r5
10002526:	4361      	muls	r1, r4
10002528:	0c17      	lsrs	r7, r2, #16
1000252a:	437c      	muls	r4, r7
1000252c:	0c2b      	lsrs	r3, r5, #16
1000252e:	435f      	muls	r7, r3
10002530:	b292      	uxth	r2, r2
10002532:	435a      	muls	r2, r3
10002534:	18a4      	adds	r4, r4, r2
10002536:	d302      	bcc.n	1000253e <l22_1>
10002538:	2201      	movs	r2, #1
1000253a:	0412      	lsls	r2, r2, #16
1000253c:	18bf      	adds	r7, r7, r2

1000253e <l22_1>:
1000253e:	0422      	lsls	r2, r4, #16
10002540:	0c23      	lsrs	r3, r4, #16
10002542:	1852      	adds	r2, r2, r1
10002544:	417b      	adcs	r3, r7
10002546:	9c01      	ldr	r4, [sp, #4]
10002548:	436c      	muls	r4, r5
1000254a:	191b      	adds	r3, r3, r4
1000254c:	0e52      	lsrs	r2, r2, #25
1000254e:	01d9      	lsls	r1, r3, #7
10002550:	430a      	orrs	r2, r1
10002552:	0144      	lsls	r4, r0, #5
10002554:	1aa0      	subs	r0, r4, r2
10002556:	b281      	uxth	r1, r0
10002558:	b2b2      	uxth	r2, r6
1000255a:	4351      	muls	r1, r2
1000255c:	1403      	asrs	r3, r0, #16
1000255e:	435a      	muls	r2, r3
10002560:	0c36      	lsrs	r6, r6, #16
10002562:	4373      	muls	r3, r6
10002564:	b287      	uxth	r7, r0
10002566:	4377      	muls	r7, r6
10002568:	17d6      	asrs	r6, r2, #31
1000256a:	19d2      	adds	r2, r2, r7
1000256c:	2700      	movs	r7, #0
1000256e:	417e      	adcs	r6, r7
10002570:	0436      	lsls	r6, r6, #16
10002572:	199b      	adds	r3, r3, r6
10002574:	0417      	lsls	r7, r2, #16
10002576:	0c16      	lsrs	r6, r2, #16
10002578:	187f      	adds	r7, r7, r1
1000257a:	415e      	adcs	r6, r3
1000257c:	1673      	asrs	r3, r6, #25
1000257e:	18ed      	adds	r5, r5, r3
10002580:	01f3      	lsls	r3, r6, #7
10002582:	2600      	movs	r6, #0
10002584:	3380      	adds	r3, #128	@ 0x80
10002586:	4175      	adcs	r5, r6
10002588:	0fa9      	lsrs	r1, r5, #30
1000258a:	d106      	bne.n	1000259a <dd_0>
1000258c:	0064      	lsls	r4, r4, #1
1000258e:	0a69      	lsrs	r1, r5, #9
10002590:	05e8      	lsls	r0, r5, #23
10002592:	0a5b      	lsrs	r3, r3, #9
10002594:	4318      	orrs	r0, r3
10002596:	d209      	bcs.n	100025ac <dd_1>
10002598:	e02f      	b.n	100025fa <dd_2>

1000259a <dd_0>:
1000259a:	2204      	movs	r2, #4
1000259c:	4494      	add	ip, r2
1000259e:	3380      	adds	r3, #128	@ 0x80
100025a0:	4175      	adcs	r5, r6
100025a2:	0aa9      	lsrs	r1, r5, #10
100025a4:	05a8      	lsls	r0, r5, #22
100025a6:	0a9b      	lsrs	r3, r3, #10
100025a8:	4318      	orrs	r0, r3
100025aa:	d326      	bcc.n	100025fa <dd_2>

100025ac <dd_1>:
100025ac:	4140      	adcs	r0, r0
100025ae:	4149      	adcs	r1, r1
100025b0:	0424      	lsls	r4, r4, #16
100025b2:	9a00      	ldr	r2, [sp, #0]
100025b4:	9b01      	ldr	r3, [sp, #4]
100025b6:	000d      	movs	r5, r1
100025b8:	4355      	muls	r5, r2
100025ba:	1b64      	subs	r4, r4, r5
100025bc:	4343      	muls	r3, r0
100025be:	1ae4      	subs	r4, r4, r3
100025c0:	b295      	uxth	r5, r2
100025c2:	b286      	uxth	r6, r0
100025c4:	4375      	muls	r5, r6
100025c6:	0c17      	lsrs	r7, r2, #16
100025c8:	437e      	muls	r6, r7
100025ca:	0c03      	lsrs	r3, r0, #16
100025cc:	435f      	muls	r7, r3
100025ce:	b292      	uxth	r2, r2
100025d0:	435a      	muls	r2, r3
100025d2:	18b6      	adds	r6, r6, r2
100025d4:	d302      	bcc.n	100025dc <l24_1>
100025d6:	2201      	movs	r2, #1
100025d8:	0412      	lsls	r2, r2, #16
100025da:	18bf      	adds	r7, r7, r2

100025dc <l24_1>:
100025dc:	0432      	lsls	r2, r6, #16
100025de:	0c33      	lsrs	r3, r6, #16
100025e0:	1952      	adds	r2, r2, r5
100025e2:	417b      	adcs	r3, r7
100025e4:	4252      	negs	r2, r2
100025e6:	419c      	sbcs	r4, r3
100025e8:	2c00      	cmp	r4, #0
100025ea:	d402      	bmi.n	100025f2 <l24_1+0x16>
100025ec:	2200      	movs	r2, #0
100025ee:	3001      	adds	r0, #1
100025f0:	4151      	adcs	r1, r2
100025f2:	0840      	lsrs	r0, r0, #1
100025f4:	07ca      	lsls	r2, r1, #31
100025f6:	4310      	orrs	r0, r2
100025f8:	0849      	lsrs	r1, r1, #1

100025fa <dd_2>:
100025fa:	b002      	add	sp, #8
100025fc:	4662      	mov	r2, ip
100025fe:	07d7      	lsls	r7, r2, #31
10002600:	1092      	asrs	r2, r2, #2
10002602:	4b08      	ldr	r3, [pc, #32]	@ (10002624 <dd_4+0x6>)
10002604:	18d2      	adds	r2, r2, r3
10002606:	4b08      	ldr	r3, [pc, #32]	@ (10002628 <dd_4+0xa>)
10002608:	429a      	cmp	r2, r3
1000260a:	d203      	bcs.n	10002614 <dd_3>
1000260c:	0512      	lsls	r2, r2, #20
1000260e:	1889      	adds	r1, r1, r2

10002610 <dd_5>:
10002610:	19c9      	adds	r1, r1, r7
10002612:	bdf0      	pop	{r4, r5, r6, r7, pc}

10002614 <dd_3>:
10002614:	2000      	movs	r0, #0
10002616:	2a00      	cmp	r2, #0
10002618:	dc01      	bgt.n	1000261e <dd_4>
1000261a:	0039      	movs	r1, r7
1000261c:	bdf0      	pop	{r4, r5, r6, r7, pc}

1000261e <dd_4>:
1000261e:	3301      	adds	r3, #1
10002620:	0519      	lsls	r1, r3, #20
10002622:	e7f5      	b.n	10002610 <dd_5>
10002624:	000003fd 	.word	0x000003fd
10002628:	000007fe 	.word	0x000007fe

1000262c <double2uint_shim>:
1000262c:	2200      	movs	r2, #0

1000262e <double2ufix_shim>:
1000262e:	b500      	push	{lr}
10002630:	3220      	adds	r2, #32
10002632:	f000 f804 	bl	1000263e <double2ufix64_shim>
10002636:	0008      	movs	r0, r1
10002638:	bd00      	pop	{pc}
	...

1000263c <double2uint64_shim>:
1000263c:	2200      	movs	r2, #0

1000263e <double2ufix64_shim>:
1000263e:	150b      	asrs	r3, r1, #20
10002640:	d40a      	bmi.n	10002658 <ret_dzero>

10002642 <d2fix>:
10002642:	b510      	push	{r4, lr}
10002644:	4694      	mov	ip, r2
10002646:	f000 f831 	bl	100026ac <dunpacks>
1000264a:	1414      	asrs	r4, r2, #16
1000264c:	3401      	adds	r4, #1
1000264e:	da00      	bge.n	10002652 <d2fix+0x10>
10002650:	2100      	movs	r1, #0
10002652:	17cb      	asrs	r3, r1, #31
10002654:	4c14      	ldr	r4, [pc, #80]	@ (100026a8 <d2fix_a+0x4a>)
10002656:	4720      	bx	r4

10002658 <ret_dzero>:
10002658:	2000      	movs	r0, #0
1000265a:	2100      	movs	r1, #0
1000265c:	4770      	bx	lr

1000265e <d2fix_a>:
1000265e:	4462      	add	r2, ip
10002660:	3a34      	subs	r2, #52	@ 0x34
10002662:	d40c      	bmi.n	1000267e <d2fix_a+0x20>
10002664:	2a0c      	cmp	r2, #12
10002666:	da07      	bge.n	10002678 <d2fix_a+0x1a>
10002668:	0004      	movs	r4, r0
1000266a:	4091      	lsls	r1, r2
1000266c:	4090      	lsls	r0, r2
1000266e:	4252      	negs	r2, r2
10002670:	3220      	adds	r2, #32
10002672:	40d4      	lsrs	r4, r2
10002674:	4321      	orrs	r1, r4
10002676:	bd10      	pop	{r4, pc}
10002678:	43d8      	mvns	r0, r3
1000267a:	43d9      	mvns	r1, r3
1000267c:	bd10      	pop	{r4, pc}
1000267e:	3220      	adds	r2, #32
10002680:	d407      	bmi.n	10002692 <d2fix_a+0x34>
10002682:	460c      	mov	r4, r1
10002684:	4094      	lsls	r4, r2
10002686:	4252      	negs	r2, r2
10002688:	3220      	adds	r2, #32
1000268a:	4111      	asrs	r1, r2
1000268c:	40d0      	lsrs	r0, r2
1000268e:	4320      	orrs	r0, r4
10002690:	bd10      	pop	{r4, pc}
10002692:	0008      	movs	r0, r1
10002694:	17c9      	asrs	r1, r1, #31
10002696:	3220      	adds	r2, #32
10002698:	d403      	bmi.n	100026a2 <d2fix_a+0x44>
1000269a:	4252      	negs	r2, r2
1000269c:	3220      	adds	r2, #32
1000269e:	4110      	asrs	r0, r2
100026a0:	bd10      	pop	{r4, pc}
100026a2:	0018      	movs	r0, r3
100026a4:	0019      	movs	r1, r3
100026a6:	bd10      	pop	{r4, pc}
100026a8:	1000265f 	.word	0x1000265f

100026ac <dunpacks>:
100026ac:	0d0a      	lsrs	r2, r1, #20
100026ae:	0fcc      	lsrs	r4, r1, #31
100026b0:	1e53      	subs	r3, r2, #1
100026b2:	051b      	lsls	r3, r3, #20
100026b4:	1ac9      	subs	r1, r1, r3
100026b6:	0552      	lsls	r2, r2, #21
100026b8:	d303      	bcc.n	100026c2 <l60_1>
100026ba:	43c9      	mvns	r1, r1
100026bc:	4240      	negs	r0, r0
100026be:	d300      	bcc.n	100026c2 <l60_1>
100026c0:	3101      	adds	r1, #1

100026c2 <l60_1>:
100026c2:	0d52      	lsrs	r2, r2, #21
100026c4:	d003      	beq.n	100026ce <l60_2>
100026c6:	1c53      	adds	r3, r2, #1
100026c8:	0adb      	lsrs	r3, r3, #11
100026ca:	d007      	beq.n	100026dc <l60_3>
100026cc:	1b12      	subs	r2, r2, r4

100026ce <l60_2>:
100026ce:	2000      	movs	r0, #0
100026d0:	0064      	lsls	r4, r4, #1
100026d2:	1c61      	adds	r1, r4, #1
100026d4:	0789      	lsls	r1, r1, #30
100026d6:	1289      	asrs	r1, r1, #10
100026d8:	3a80      	subs	r2, #128	@ 0x80
100026da:	0312      	lsls	r2, r2, #12

100026dc <l60_3>:
100026dc:	4b01      	ldr	r3, [pc, #4]	@ (100026e4 <l60_3+0x8>)
100026de:	1ad2      	subs	r2, r2, r3
100026e0:	4770      	bx	lr
100026e2:	0000      	.short	0x0000
100026e4:	000003ff 	.word	0x000003ff

100026e8 <__wrap___aeabi_lmul>:
100026e8:	4351      	muls	r1, r2
100026ea:	4343      	muls	r3, r0
100026ec:	18c9      	adds	r1, r1, r3
100026ee:	468c      	mov	ip, r1
100026f0:	0c11      	lsrs	r1, r2, #16
100026f2:	b283      	uxth	r3, r0
100026f4:	434b      	muls	r3, r1
100026f6:	b410      	push	{r4}
100026f8:	0c04      	lsrs	r4, r0, #16
100026fa:	4361      	muls	r1, r4
100026fc:	b292      	uxth	r2, r2
100026fe:	b280      	uxth	r0, r0
10002700:	4350      	muls	r0, r2
10002702:	4362      	muls	r2, r4
10002704:	041c      	lsls	r4, r3, #16
10002706:	0c1b      	lsrs	r3, r3, #16
10002708:	1900      	adds	r0, r0, r4
1000270a:	bc10      	pop	{r4}
1000270c:	4159      	adcs	r1, r3
1000270e:	0413      	lsls	r3, r2, #16
10002710:	0c12      	lsrs	r2, r2, #16
10002712:	18c0      	adds	r0, r0, r3
10002714:	4151      	adcs	r1, r2
10002716:	4461      	add	r1, ip
10002718:	4770      	bx	lr
	...

1000271c <__aeabi_float_init>:
1000271c:	2313      	movs	r3, #19
1000271e:	b510      	push	{r4, lr}
10002720:	4812      	ldr	r0, [pc, #72]	@ (1000276c <__aeabi_float_init+0x50>)
10002722:	781c      	ldrb	r4, [r3, #0]
10002724:	f7ff f818 	bl	10001758 <rom_data_lookup>
10002728:	0001      	movs	r1, r0
1000272a:	2c01      	cmp	r4, #1
1000272c:	d00a      	beq.n	10002744 <__aeabi_float_init+0x28>
1000272e:	dd03      	ble.n	10002738 <__aeabi_float_init+0x1c>
10002730:	2280      	movs	r2, #128	@ 0x80
10002732:	480f      	ldr	r0, [pc, #60]	@ (10002770 <__aeabi_float_init+0x54>)
10002734:	f000 f848 	bl	100027c8 <__wrap___aeabi_memcpy>
10002738:	480e      	ldr	r0, [pc, #56]	@ (10002774 <__aeabi_float_init+0x58>)
1000273a:	f7ff f805 	bl	10001748 <rom_func_lookup>
1000273e:	4b0e      	ldr	r3, [pc, #56]	@ (10002778 <__aeabi_float_init+0x5c>)
10002740:	6018      	str	r0, [r3, #0]
10002742:	bd10      	pop	{r4, pc}
10002744:	4c0a      	ldr	r4, [pc, #40]	@ (10002770 <__aeabi_float_init+0x54>)
10002746:	2254      	movs	r2, #84	@ 0x54
10002748:	0020      	movs	r0, r4
1000274a:	f000 f83d 	bl	100027c8 <__wrap___aeabi_memcpy>
1000274e:	4b0b      	ldr	r3, [pc, #44]	@ (1000277c <__aeabi_float_init+0x60>)
10002750:	6563      	str	r3, [r4, #84]	@ 0x54
10002752:	65a3      	str	r3, [r4, #88]	@ 0x58
10002754:	65e3      	str	r3, [r4, #92]	@ 0x5c
10002756:	6623      	str	r3, [r4, #96]	@ 0x60
10002758:	6663      	str	r3, [r4, #100]	@ 0x64
1000275a:	66a3      	str	r3, [r4, #104]	@ 0x68
1000275c:	66e3      	str	r3, [r4, #108]	@ 0x6c
1000275e:	6723      	str	r3, [r4, #112]	@ 0x70
10002760:	6763      	str	r3, [r4, #116]	@ 0x74
10002762:	67a3      	str	r3, [r4, #120]	@ 0x78
10002764:	67e3      	str	r3, [r4, #124]	@ 0x7c
10002766:	6223      	str	r3, [r4, #32]
10002768:	61e3      	str	r3, [r4, #28]
1000276a:	e7e5      	b.n	10002738 <__aeabi_float_init+0x1c>
1000276c:	00004653 	.word	0x00004653
10002770:	20001f38 	.word	0x20001f38
10002774:	0000334c 	.word	0x0000334c
10002778:	20002b8c 	.word	0x20002b8c
1000277c:	10002781 	.word	0x10002781

10002780 <float_table_shim_on_use_helper>:
10002780:	b507      	push	{r0, r1, r2, lr}
10002782:	4660      	mov	r0, ip
10002784:	8801      	ldrh	r1, [r0, #0]
10002786:	0a0a      	lsrs	r2, r1, #8
10002788:	3002      	adds	r0, #2
1000278a:	2adf      	cmp	r2, #223	@ 0xdf
1000278c:	d1fa      	bne.n	10002784 <float_table_shim_on_use_helper+0x4>
1000278e:	b2c9      	uxtb	r1, r1
10002790:	0882      	lsrs	r2, r0, #2
10002792:	d304      	bcc.n	1000279e <float_table_shim_on_use_helper+0x1e>
10002794:	8802      	ldrh	r2, [r0, #0]
10002796:	8840      	ldrh	r0, [r0, #2]
10002798:	0400      	lsls	r0, r0, #16
1000279a:	4310      	orrs	r0, r2
1000279c:	e000      	b.n	100027a0 <float_table_shim_on_use_helper+0x20>
1000279e:	6800      	ldr	r0, [r0, #0]
100027a0:	4a01      	ldr	r2, [pc, #4]	@ (100027a8 <float_table_shim_on_use_helper+0x28>)
100027a2:	5050      	str	r0, [r2, r1]
100027a4:	9003      	str	r0, [sp, #12]
100027a6:	bd07      	pop	{r0, r1, r2, pc}
100027a8:	20001f38 	.word	0x20001f38

100027ac <__aeabi_mem_init>:
100027ac:	4801      	ldr	r0, [pc, #4]	@ (100027b4 <__aeabi_mem_init+0x8>)
100027ae:	2104      	movs	r1, #4
100027b0:	4b01      	ldr	r3, [pc, #4]	@ (100027b8 <__aeabi_mem_init+0xc>)
100027b2:	4718      	bx	r3
100027b4:	20001060 	.word	0x20001060
100027b8:	10001769 	.word	0x10001769

100027bc <__wrap_memset>:
100027bc:	4b01      	ldr	r3, [pc, #4]	@ (100027c4 <__wrap_memset+0x8>)
100027be:	681b      	ldr	r3, [r3, #0]
100027c0:	4718      	bx	r3
100027c2:	0000      	.short	0x0000
100027c4:	20001060 	.word	0x20001060

100027c8 <__wrap___aeabi_memcpy>:
100027c8:	4b01      	ldr	r3, [pc, #4]	@ (100027d0 <__wrap___aeabi_memcpy+0x8>)
100027ca:	685b      	ldr	r3, [r3, #4]
100027cc:	4718      	bx	r3
100027ce:	0000      	.short	0x0000
100027d0:	20001060 	.word	0x20001060

100027d4 <_out_null>:
100027d4:	4770      	bx	lr
100027d6:	46c0      	nop			@ (mov r8, r8)

100027d8 <_out_rev>:
100027d8:	b5f8      	push	{r3, r4, r5, r6, r7, lr}
100027da:	4657      	mov	r7, sl
100027dc:	46de      	mov	lr, fp
100027de:	464e      	mov	r6, r9
100027e0:	4645      	mov	r5, r8
100027e2:	b5e0      	push	{r5, r6, r7, lr}
100027e4:	4699      	mov	r9, r3
100027e6:	9b0a      	ldr	r3, [sp, #40]	@ 0x28
100027e8:	0007      	movs	r7, r0
100027ea:	469a      	mov	sl, r3
100027ec:	9b0d      	ldr	r3, [sp, #52]	@ 0x34
100027ee:	4688      	mov	r8, r1
100027f0:	4693      	mov	fp, r2
100027f2:	9c0b      	ldr	r4, [sp, #44]	@ 0x2c
100027f4:	079b      	lsls	r3, r3, #30
100027f6:	d13b      	bne.n	10002870 <_out_rev+0x98>
100027f8:	9b0c      	ldr	r3, [sp, #48]	@ 0x30
100027fa:	429c      	cmp	r4, r3
100027fc:	d23d      	bcs.n	1000287a <_out_rev+0xa2>
100027fe:	1b1e      	subs	r6, r3, r4
10002800:	940b      	str	r4, [sp, #44]	@ 0x2c
10002802:	0015      	movs	r5, r2
10002804:	000c      	movs	r4, r1
10002806:	445e      	add	r6, fp
10002808:	002a      	movs	r2, r5
1000280a:	464b      	mov	r3, r9
1000280c:	3501      	adds	r5, #1
1000280e:	0021      	movs	r1, r4
10002810:	2020      	movs	r0, #32
10002812:	47b8      	blx	r7
10002814:	42b5      	cmp	r5, r6
10002816:	d1f7      	bne.n	10002808 <_out_rev+0x30>
10002818:	46a0      	mov	r8, r4
1000281a:	9c0b      	ldr	r4, [sp, #44]	@ 0x2c
1000281c:	2c00      	cmp	r4, #0
1000281e:	d020      	beq.n	10002862 <_out_rev+0x8a>
10002820:	4645      	mov	r5, r8
10002822:	1936      	adds	r6, r6, r4
10002824:	4653      	mov	r3, sl
10002826:	1b32      	subs	r2, r6, r4
10002828:	3c01      	subs	r4, #1
1000282a:	5d18      	ldrb	r0, [r3, r4]
1000282c:	0029      	movs	r1, r5
1000282e:	464b      	mov	r3, r9
10002830:	47b8      	blx	r7
10002832:	2c00      	cmp	r4, #0
10002834:	d1f6      	bne.n	10002824 <_out_rev+0x4c>
10002836:	002b      	movs	r3, r5
10002838:	0035      	movs	r5, r6
1000283a:	4698      	mov	r8, r3
1000283c:	9b0d      	ldr	r3, [sp, #52]	@ 0x34
1000283e:	079b      	lsls	r3, r3, #30
10002840:	d50f      	bpl.n	10002862 <_out_rev+0x8a>
10002842:	465b      	mov	r3, fp
10002844:	1aec      	subs	r4, r5, r3
10002846:	9b0c      	ldr	r3, [sp, #48]	@ 0x30
10002848:	42a3      	cmp	r3, r4
1000284a:	d90a      	bls.n	10002862 <_out_rev+0x8a>
1000284c:	4646      	mov	r6, r8
1000284e:	4698      	mov	r8, r3
10002850:	002a      	movs	r2, r5
10002852:	464b      	mov	r3, r9
10002854:	0031      	movs	r1, r6
10002856:	2020      	movs	r0, #32
10002858:	3401      	adds	r4, #1
1000285a:	47b8      	blx	r7
1000285c:	3501      	adds	r5, #1
1000285e:	4544      	cmp	r4, r8
10002860:	d3f6      	bcc.n	10002850 <_out_rev+0x78>
10002862:	0028      	movs	r0, r5
10002864:	bcf0      	pop	{r4, r5, r6, r7}
10002866:	46bb      	mov	fp, r7
10002868:	46b2      	mov	sl, r6
1000286a:	46a9      	mov	r9, r5
1000286c:	46a0      	mov	r8, r4
1000286e:	bdf8      	pop	{r3, r4, r5, r6, r7, pc}
10002870:	0016      	movs	r6, r2
10002872:	0015      	movs	r5, r2
10002874:	2c00      	cmp	r4, #0
10002876:	d1d3      	bne.n	10002820 <_out_rev+0x48>
10002878:	e7e0      	b.n	1000283c <_out_rev+0x64>
1000287a:	0016      	movs	r6, r2
1000287c:	0015      	movs	r5, r2
1000287e:	2c00      	cmp	r4, #0
10002880:	d1ce      	bne.n	10002820 <_out_rev+0x48>
10002882:	e7ee      	b.n	10002862 <_out_rev+0x8a>

10002884 <_ntoa_format>:
10002884:	b5f0      	push	{r4, r5, r6, r7, lr}
10002886:	4645      	mov	r5, r8
10002888:	46de      	mov	lr, fp
1000288a:	4657      	mov	r7, sl
1000288c:	464e      	mov	r6, r9
1000288e:	b5e0      	push	{r5, r6, r7, lr}
10002890:	b085      	sub	sp, #20
10002892:	469c      	mov	ip, r3
10002894:	ab10      	add	r3, sp, #64	@ 0x40
10002896:	781b      	ldrb	r3, [r3, #0]
10002898:	9f14      	ldr	r7, [sp, #80]	@ 0x50
1000289a:	4693      	mov	fp, r2
1000289c:	4698      	mov	r8, r3
1000289e:	9c0f      	ldr	r4, [sp, #60]	@ 0x3c
100028a0:	9e12      	ldr	r6, [sp, #72]	@ 0x48
100028a2:	9d13      	ldr	r5, [sp, #76]	@ 0x4c
100028a4:	07bb      	lsls	r3, r7, #30
100028a6:	d44c      	bmi.n	10002942 <_ntoa_format+0xbe>
100028a8:	2d00      	cmp	r5, #0
100028aa:	d142      	bne.n	10002932 <_ntoa_format+0xae>
100028ac:	42b4      	cmp	r4, r6
100028ae:	d248      	bcs.n	10002942 <_ntoa_format+0xbe>
100028b0:	2301      	movs	r3, #1
100028b2:	403b      	ands	r3, r7
100028b4:	4699      	mov	r9, r3
100028b6:	9b0e      	ldr	r3, [sp, #56]	@ 0x38
100028b8:	3b01      	subs	r3, #1
100028ba:	469a      	mov	sl, r3
100028bc:	2330      	movs	r3, #48	@ 0x30
100028be:	e004      	b.n	100028ca <_ntoa_format+0x46>
100028c0:	4652      	mov	r2, sl
100028c2:	3401      	adds	r4, #1
100028c4:	5513      	strb	r3, [r2, r4]
100028c6:	42a6      	cmp	r6, r4
100028c8:	d901      	bls.n	100028ce <_ntoa_format+0x4a>
100028ca:	2c20      	cmp	r4, #32
100028cc:	d1f8      	bne.n	100028c0 <_ntoa_format+0x3c>
100028ce:	464b      	mov	r3, r9
100028d0:	2b00      	cmp	r3, #0
100028d2:	d100      	bne.n	100028d6 <_ntoa_format+0x52>
100028d4:	e083      	b.n	100029de <_ntoa_format+0x15a>
100028d6:	9b0e      	ldr	r3, [sp, #56]	@ 0x38
100028d8:	3b01      	subs	r3, #1
100028da:	4699      	mov	r9, r3
100028dc:	2330      	movs	r3, #48	@ 0x30
100028de:	42a5      	cmp	r5, r4
100028e0:	d805      	bhi.n	100028ee <_ntoa_format+0x6a>
100028e2:	e02e      	b.n	10002942 <_ntoa_format+0xbe>
100028e4:	464a      	mov	r2, r9
100028e6:	3401      	adds	r4, #1
100028e8:	5513      	strb	r3, [r2, r4]
100028ea:	42ac      	cmp	r4, r5
100028ec:	d029      	beq.n	10002942 <_ntoa_format+0xbe>
100028ee:	2c20      	cmp	r4, #32
100028f0:	d1f8      	bne.n	100028e4 <_ntoa_format+0x60>
100028f2:	06fb      	lsls	r3, r7, #27
100028f4:	d50c      	bpl.n	10002910 <_ntoa_format+0x8c>
100028f6:	057b      	lsls	r3, r7, #21
100028f8:	d454      	bmi.n	100029a4 <_ntoa_format+0x120>
100028fa:	42a6      	cmp	r6, r4
100028fc:	d063      	beq.n	100029c6 <_ntoa_format+0x142>
100028fe:	42a5      	cmp	r5, r4
10002900:	d061      	beq.n	100029c6 <_ntoa_format+0x142>
10002902:	9b11      	ldr	r3, [sp, #68]	@ 0x44
10002904:	2b10      	cmp	r3, #16
10002906:	d050      	beq.n	100029aa <_ntoa_format+0x126>
10002908:	2b02      	cmp	r3, #2
1000290a:	d057      	beq.n	100029bc <_ntoa_format+0x138>
1000290c:	2c20      	cmp	r4, #32
1000290e:	d132      	bne.n	10002976 <_ntoa_format+0xf2>
10002910:	2320      	movs	r3, #32
10002912:	9301      	str	r3, [sp, #4]
10002914:	9b0e      	ldr	r3, [sp, #56]	@ 0x38
10002916:	465a      	mov	r2, fp
10002918:	9300      	str	r3, [sp, #0]
1000291a:	9703      	str	r7, [sp, #12]
1000291c:	4663      	mov	r3, ip
1000291e:	9502      	str	r5, [sp, #8]
10002920:	f7ff ff5a 	bl	100027d8 <_out_rev>
10002924:	b005      	add	sp, #20
10002926:	bcf0      	pop	{r4, r5, r6, r7}
10002928:	46bb      	mov	fp, r7
1000292a:	46b2      	mov	sl, r6
1000292c:	46a9      	mov	r9, r5
1000292e:	46a0      	mov	r8, r4
10002930:	bdf0      	pop	{r4, r5, r6, r7, pc}
10002932:	2301      	movs	r3, #1
10002934:	403b      	ands	r3, r7
10002936:	4699      	mov	r9, r3
10002938:	2301      	movs	r3, #1
1000293a:	423b      	tst	r3, r7
1000293c:	d12a      	bne.n	10002994 <_ntoa_format+0x110>
1000293e:	42b4      	cmp	r4, r6
10002940:	d3b9      	bcc.n	100028b6 <_ntoa_format+0x32>
10002942:	06fb      	lsls	r3, r7, #27
10002944:	d51c      	bpl.n	10002980 <_ntoa_format+0xfc>
10002946:	057b      	lsls	r3, r7, #21
10002948:	d4db      	bmi.n	10002902 <_ntoa_format+0x7e>
1000294a:	2c00      	cmp	r4, #0
1000294c:	d1d5      	bne.n	100028fa <_ntoa_format+0x76>
1000294e:	9b11      	ldr	r3, [sp, #68]	@ 0x44
10002950:	2b10      	cmp	r3, #16
10002952:	d05b      	beq.n	10002a0c <_ntoa_format+0x188>
10002954:	9b11      	ldr	r3, [sp, #68]	@ 0x44
10002956:	2b02      	cmp	r3, #2
10002958:	d06b      	beq.n	10002a32 <_ntoa_format+0x1ae>
1000295a:	2330      	movs	r3, #48	@ 0x30
1000295c:	2401      	movs	r4, #1
1000295e:	9a0e      	ldr	r2, [sp, #56]	@ 0x38
10002960:	7013      	strb	r3, [r2, #0]
10002962:	4643      	mov	r3, r8
10002964:	2b00      	cmp	r3, #0
10002966:	d110      	bne.n	1000298a <_ntoa_format+0x106>
10002968:	077b      	lsls	r3, r7, #29
1000296a:	d53e      	bpl.n	100029ea <_ntoa_format+0x166>
1000296c:	262b      	movs	r6, #43	@ 0x2b
1000296e:	9a0e      	ldr	r2, [sp, #56]	@ 0x38
10002970:	1c63      	adds	r3, r4, #1
10002972:	5516      	strb	r6, [r2, r4]
10002974:	e7cd      	b.n	10002912 <_ntoa_format+0x8e>
10002976:	0023      	movs	r3, r4
10002978:	3401      	adds	r4, #1
1000297a:	2630      	movs	r6, #48	@ 0x30
1000297c:	9a0e      	ldr	r2, [sp, #56]	@ 0x38
1000297e:	54d6      	strb	r6, [r2, r3]
10002980:	2c20      	cmp	r4, #32
10002982:	d0c5      	beq.n	10002910 <_ntoa_format+0x8c>
10002984:	4643      	mov	r3, r8
10002986:	2b00      	cmp	r3, #0
10002988:	d0ee      	beq.n	10002968 <_ntoa_format+0xe4>
1000298a:	262d      	movs	r6, #45	@ 0x2d
1000298c:	9a0e      	ldr	r2, [sp, #56]	@ 0x38
1000298e:	1c63      	adds	r3, r4, #1
10002990:	5516      	strb	r6, [r2, r4]
10002992:	e7be      	b.n	10002912 <_ntoa_format+0x8e>
10002994:	4643      	mov	r3, r8
10002996:	2b00      	cmp	r3, #0
10002998:	d02f      	beq.n	100029fa <_ntoa_format+0x176>
1000299a:	3d01      	subs	r5, #1
1000299c:	42b4      	cmp	r4, r6
1000299e:	d200      	bcs.n	100029a2 <_ntoa_format+0x11e>
100029a0:	e789      	b.n	100028b6 <_ntoa_format+0x32>
100029a2:	e798      	b.n	100028d6 <_ntoa_format+0x52>
100029a4:	9b11      	ldr	r3, [sp, #68]	@ 0x44
100029a6:	2b10      	cmp	r3, #16
100029a8:	d1b2      	bne.n	10002910 <_ntoa_format+0x8c>
100029aa:	06bb      	lsls	r3, r7, #26
100029ac:	d537      	bpl.n	10002a1e <_ntoa_format+0x19a>
100029ae:	2c20      	cmp	r4, #32
100029b0:	d0ae      	beq.n	10002910 <_ntoa_format+0x8c>
100029b2:	2358      	movs	r3, #88	@ 0x58
100029b4:	9a0e      	ldr	r2, [sp, #56]	@ 0x38
100029b6:	5513      	strb	r3, [r2, r4]
100029b8:	3401      	adds	r4, #1
100029ba:	e7a7      	b.n	1000290c <_ntoa_format+0x88>
100029bc:	2c20      	cmp	r4, #32
100029be:	d0a7      	beq.n	10002910 <_ntoa_format+0x8c>
100029c0:	0023      	movs	r3, r4
100029c2:	3401      	adds	r4, #1
100029c4:	e007      	b.n	100029d6 <_ntoa_format+0x152>
100029c6:	1e63      	subs	r3, r4, #1
100029c8:	2c01      	cmp	r4, #1
100029ca:	d0c0      	beq.n	1000294e <_ntoa_format+0xca>
100029cc:	9a11      	ldr	r2, [sp, #68]	@ 0x44
100029ce:	2a10      	cmp	r2, #16
100029d0:	d031      	beq.n	10002a36 <_ntoa_format+0x1b2>
100029d2:	2a02      	cmp	r2, #2
100029d4:	d1d1      	bne.n	1000297a <_ntoa_format+0xf6>
100029d6:	2662      	movs	r6, #98	@ 0x62
100029d8:	9a0e      	ldr	r2, [sp, #56]	@ 0x38
100029da:	54d6      	strb	r6, [r2, r3]
100029dc:	e796      	b.n	1000290c <_ntoa_format+0x88>
100029de:	06fb      	lsls	r3, r7, #27
100029e0:	d5ce      	bpl.n	10002980 <_ntoa_format+0xfc>
100029e2:	057b      	lsls	r3, r7, #21
100029e4:	d400      	bmi.n	100029e8 <_ntoa_format+0x164>
100029e6:	e788      	b.n	100028fa <_ntoa_format+0x76>
100029e8:	e78b      	b.n	10002902 <_ntoa_format+0x7e>
100029ea:	0023      	movs	r3, r4
100029ec:	073e      	lsls	r6, r7, #28
100029ee:	d590      	bpl.n	10002912 <_ntoa_format+0x8e>
100029f0:	2620      	movs	r6, #32
100029f2:	9a0e      	ldr	r2, [sp, #56]	@ 0x38
100029f4:	3301      	adds	r3, #1
100029f6:	5516      	strb	r6, [r2, r4]
100029f8:	e78b      	b.n	10002912 <_ntoa_format+0x8e>
100029fa:	230c      	movs	r3, #12
100029fc:	403b      	ands	r3, r7
100029fe:	1e5a      	subs	r2, r3, #1
10002a00:	4193      	sbcs	r3, r2
10002a02:	1aed      	subs	r5, r5, r3
10002a04:	42b4      	cmp	r4, r6
10002a06:	d200      	bcs.n	10002a0a <_ntoa_format+0x186>
10002a08:	e755      	b.n	100028b6 <_ntoa_format+0x32>
10002a0a:	e764      	b.n	100028d6 <_ntoa_format+0x52>
10002a0c:	06bb      	lsls	r3, r7, #26
10002a0e:	d40e      	bmi.n	10002a2e <_ntoa_format+0x1aa>
10002a10:	2378      	movs	r3, #120	@ 0x78
10002a12:	9a0e      	ldr	r2, [sp, #56]	@ 0x38
10002a14:	2402      	movs	r4, #2
10002a16:	7013      	strb	r3, [r2, #0]
10002a18:	2330      	movs	r3, #48	@ 0x30
10002a1a:	7053      	strb	r3, [r2, #1]
10002a1c:	e7a1      	b.n	10002962 <_ntoa_format+0xde>
10002a1e:	2c20      	cmp	r4, #32
10002a20:	d100      	bne.n	10002a24 <_ntoa_format+0x1a0>
10002a22:	e775      	b.n	10002910 <_ntoa_format+0x8c>
10002a24:	2378      	movs	r3, #120	@ 0x78
10002a26:	9a0e      	ldr	r2, [sp, #56]	@ 0x38
10002a28:	5513      	strb	r3, [r2, r4]
10002a2a:	3401      	adds	r4, #1
10002a2c:	e76e      	b.n	1000290c <_ntoa_format+0x88>
10002a2e:	2358      	movs	r3, #88	@ 0x58
10002a30:	e7ef      	b.n	10002a12 <_ntoa_format+0x18e>
10002a32:	3360      	adds	r3, #96	@ 0x60
10002a34:	e7ed      	b.n	10002a12 <_ntoa_format+0x18e>
10002a36:	9a0e      	ldr	r2, [sp, #56]	@ 0x38
10002a38:	1ea6      	subs	r6, r4, #2
10002a3a:	4691      	mov	r9, r2
10002a3c:	444e      	add	r6, r9
10002a3e:	06ba      	lsls	r2, r7, #26
10002a40:	d502      	bpl.n	10002a48 <_ntoa_format+0x1c4>
10002a42:	2258      	movs	r2, #88	@ 0x58
10002a44:	7032      	strb	r2, [r6, #0]
10002a46:	e798      	b.n	1000297a <_ntoa_format+0xf6>
10002a48:	2278      	movs	r2, #120	@ 0x78
10002a4a:	7032      	strb	r2, [r6, #0]
10002a4c:	e795      	b.n	1000297a <_ntoa_format+0xf6>
10002a4e:	46c0      	nop			@ (mov r8, r8)

10002a50 <_out_char>:
10002a50:	b510      	push	{r4, lr}
10002a52:	2800      	cmp	r0, #0
10002a54:	d100      	bne.n	10002a58 <_out_char+0x8>
10002a56:	bd10      	pop	{r4, pc}
10002a58:	f001 fc7e 	bl	10004358 <__wrap_putchar>
10002a5c:	e7fb      	b.n	10002a56 <_out_char+0x6>
10002a5e:	46c0      	nop			@ (mov r8, r8)

10002a60 <_out_fct>:
10002a60:	000b      	movs	r3, r1
10002a62:	b510      	push	{r4, lr}
10002a64:	2800      	cmp	r0, #0
10002a66:	d002      	beq.n	10002a6e <_out_fct+0xe>
10002a68:	6849      	ldr	r1, [r1, #4]
10002a6a:	681b      	ldr	r3, [r3, #0]
10002a6c:	4798      	blx	r3
10002a6e:	bd10      	pop	{r4, pc}

10002a70 <_ftoa>:
10002a70:	b5f0      	push	{r4, r5, r6, r7, lr}
10002a72:	4657      	mov	r7, sl
10002a74:	46de      	mov	lr, fp
10002a76:	464e      	mov	r6, r9
10002a78:	4645      	mov	r5, r8
10002a7a:	b5e0      	push	{r5, r6, r7, lr}
10002a7c:	b095      	sub	sp, #84	@ 0x54
10002a7e:	4683      	mov	fp, r0
10002a80:	000f      	movs	r7, r1
10002a82:	4692      	mov	sl, r2
10002a84:	4698      	mov	r8, r3
10002a86:	9a1e      	ldr	r2, [sp, #120]	@ 0x78
10002a88:	9b1f      	ldr	r3, [sp, #124]	@ 0x7c
10002a8a:	0010      	movs	r0, r2
10002a8c:	0019      	movs	r1, r3
10002a8e:	9e20      	ldr	r6, [sp, #128]	@ 0x80
10002a90:	f7ff facf 	bl	10002032 <__wrap___aeabi_dcmpun>
10002a94:	2800      	cmp	r0, #0
10002a96:	d000      	beq.n	10002a9a <_ftoa+0x2a>
10002a98:	e1ea      	b.n	10002e70 <_ftoa+0x400>
10002a9a:	981e      	ldr	r0, [sp, #120]	@ 0x78
10002a9c:	991f      	ldr	r1, [sp, #124]	@ 0x7c
10002a9e:	2201      	movs	r2, #1
10002aa0:	4bc5      	ldr	r3, [pc, #788]	@ (10002db8 <_ftoa+0x348>)
10002aa2:	4252      	negs	r2, r2
10002aa4:	f7ff faaa 	bl	10001ffc <__wrap___aeabi_dcmplt>
10002aa8:	2800      	cmp	r0, #0
10002aaa:	d000      	beq.n	10002aae <_ftoa+0x3e>
10002aac:	e114      	b.n	10002cd8 <_ftoa+0x268>
10002aae:	981e      	ldr	r0, [sp, #120]	@ 0x78
10002ab0:	991f      	ldr	r1, [sp, #124]	@ 0x7c
10002ab2:	2201      	movs	r2, #1
10002ab4:	4bc1      	ldr	r3, [pc, #772]	@ (10002dbc <_ftoa+0x34c>)
10002ab6:	4252      	negs	r2, r2
10002ab8:	f7ff fab6 	bl	10002028 <__wrap___aeabi_dcmpgt>
10002abc:	2800      	cmp	r0, #0
10002abe:	d000      	beq.n	10002ac2 <_ftoa+0x52>
10002ac0:	e0e9      	b.n	10002c96 <_ftoa+0x226>
10002ac2:	981e      	ldr	r0, [sp, #120]	@ 0x78
10002ac4:	991f      	ldr	r1, [sp, #124]	@ 0x7c
10002ac6:	2200      	movs	r2, #0
10002ac8:	4bbd      	ldr	r3, [pc, #756]	@ (10002dc0 <_ftoa+0x350>)
10002aca:	f7ff faad 	bl	10002028 <__wrap___aeabi_dcmpgt>
10002ace:	2800      	cmp	r0, #0
10002ad0:	d000      	beq.n	10002ad4 <_ftoa+0x64>
10002ad2:	e0c8      	b.n	10002c66 <_ftoa+0x1f6>
10002ad4:	981e      	ldr	r0, [sp, #120]	@ 0x78
10002ad6:	991f      	ldr	r1, [sp, #124]	@ 0x7c
10002ad8:	2200      	movs	r2, #0
10002ada:	4bba      	ldr	r3, [pc, #744]	@ (10002dc4 <_ftoa+0x354>)
10002adc:	f7ff fa8e 	bl	10001ffc <__wrap___aeabi_dcmplt>
10002ae0:	2800      	cmp	r0, #0
10002ae2:	d000      	beq.n	10002ae6 <_ftoa+0x76>
10002ae4:	e0bf      	b.n	10002c66 <_ftoa+0x1f6>
10002ae6:	981e      	ldr	r0, [sp, #120]	@ 0x78
10002ae8:	991f      	ldr	r1, [sp, #124]	@ 0x7c
10002aea:	2200      	movs	r2, #0
10002aec:	2300      	movs	r3, #0
10002aee:	f7ff fa85 	bl	10001ffc <__wrap___aeabi_dcmplt>
10002af2:	2800      	cmp	r0, #0
10002af4:	d000      	beq.n	10002af8 <_ftoa+0x88>
10002af6:	e0e4      	b.n	10002cc2 <_ftoa+0x252>
10002af8:	2300      	movs	r3, #0
10002afa:	930b      	str	r3, [sp, #44]	@ 0x2c
10002afc:	9b22      	ldr	r3, [sp, #136]	@ 0x88
10002afe:	055b      	lsls	r3, r3, #21
10002b00:	d400      	bmi.n	10002b04 <_ftoa+0x94>
10002b02:	2606      	movs	r6, #6
10002b04:	2400      	movs	r4, #0
10002b06:	2330      	movs	r3, #48	@ 0x30
10002b08:	e007      	b.n	10002b1a <_ftoa+0xaa>
10002b0a:	2117      	movs	r1, #23
10002b0c:	aa06      	add	r2, sp, #24
10002b0e:	3401      	adds	r4, #1
10002b10:	1852      	adds	r2, r2, r1
10002b12:	5513      	strb	r3, [r2, r4]
10002b14:	3e01      	subs	r6, #1
10002b16:	2c20      	cmp	r4, #32
10002b18:	d001      	beq.n	10002b1e <_ftoa+0xae>
10002b1a:	2e09      	cmp	r6, #9
10002b1c:	d8f5      	bhi.n	10002b0a <_ftoa+0x9a>
10002b1e:	981e      	ldr	r0, [sp, #120]	@ 0x78
10002b20:	991f      	ldr	r1, [sp, #124]	@ 0x7c
10002b22:	f7ff faaf 	bl	10002084 <__wrap___aeabi_d2iz>
10002b26:	4ba8      	ldr	r3, [pc, #672]	@ (10002dc8 <_ftoa+0x358>)
10002b28:	00f2      	lsls	r2, r6, #3
10002b2a:	189b      	adds	r3, r3, r2
10002b2c:	681a      	ldr	r2, [r3, #0]
10002b2e:	685b      	ldr	r3, [r3, #4]
10002b30:	0005      	movs	r5, r0
10002b32:	9208      	str	r2, [sp, #32]
10002b34:	9309      	str	r3, [sp, #36]	@ 0x24
10002b36:	f7ff fa8d 	bl	10002054 <__wrap___aeabi_i2d>
10002b3a:	0002      	movs	r2, r0
10002b3c:	000b      	movs	r3, r1
10002b3e:	981e      	ldr	r0, [sp, #120]	@ 0x78
10002b40:	991f      	ldr	r1, [sp, #124]	@ 0x7c
10002b42:	f7ff f9e8 	bl	10001f16 <__wrap___aeabi_dsub>
10002b46:	9a08      	ldr	r2, [sp, #32]
10002b48:	9b09      	ldr	r3, [sp, #36]	@ 0x24
10002b4a:	f7ff fa14 	bl	10001f76 <__wrap___aeabi_dmul>
10002b4e:	9006      	str	r0, [sp, #24]
10002b50:	9107      	str	r1, [sp, #28]
10002b52:	f7ff fabb 	bl	100020cc <__wrap___aeabi_d2uiz>
10002b56:	4681      	mov	r9, r0
10002b58:	f7ff fa78 	bl	1000204c <__wrap___aeabi_ui2d>
10002b5c:	0002      	movs	r2, r0
10002b5e:	000b      	movs	r3, r1
10002b60:	9806      	ldr	r0, [sp, #24]
10002b62:	9907      	ldr	r1, [sp, #28]
10002b64:	f7ff f9d7 	bl	10001f16 <__wrap___aeabi_dsub>
10002b68:	2200      	movs	r2, #0
10002b6a:	4b98      	ldr	r3, [pc, #608]	@ (10002dcc <_ftoa+0x35c>)
10002b6c:	9006      	str	r0, [sp, #24]
10002b6e:	9107      	str	r1, [sp, #28]
10002b70:	f7ff fa5a 	bl	10002028 <__wrap___aeabi_dcmpgt>
10002b74:	2800      	cmp	r0, #0
10002b76:	d100      	bne.n	10002b7a <_ftoa+0x10a>
10002b78:	e10d      	b.n	10002d96 <_ftoa+0x326>
10002b7a:	2301      	movs	r3, #1
10002b7c:	469c      	mov	ip, r3
10002b7e:	44e1      	add	r9, ip
10002b80:	4648      	mov	r0, r9
10002b82:	f7ff fa63 	bl	1000204c <__wrap___aeabi_ui2d>
10002b86:	0002      	movs	r2, r0
10002b88:	000b      	movs	r3, r1
10002b8a:	9808      	ldr	r0, [sp, #32]
10002b8c:	9909      	ldr	r1, [sp, #36]	@ 0x24
10002b8e:	f7ff fa3b 	bl	10002008 <__wrap___aeabi_dcmple>
10002b92:	2800      	cmp	r0, #0
10002b94:	d002      	beq.n	10002b9c <_ftoa+0x12c>
10002b96:	2300      	movs	r3, #0
10002b98:	4699      	mov	r9, r3
10002b9a:	3501      	adds	r5, #1
10002b9c:	2e00      	cmp	r6, #0
10002b9e:	d100      	bne.n	10002ba2 <_ftoa+0x132>
10002ba0:	e0d9      	b.n	10002d56 <_ftoa+0x2e6>
10002ba2:	9506      	str	r5, [sp, #24]
10002ba4:	464d      	mov	r5, r9
10002ba6:	46b9      	mov	r9, r7
10002ba8:	e014      	b.n	10002bd4 <_ftoa+0x164>
10002baa:	aa06      	add	r2, sp, #24
10002bac:	4694      	mov	ip, r2
10002bae:	2317      	movs	r3, #23
10002bb0:	210a      	movs	r1, #10
10002bb2:	4463      	add	r3, ip
10002bb4:	0028      	movs	r0, r5
10002bb6:	3401      	adds	r4, #1
10002bb8:	191f      	adds	r7, r3, r4
10002bba:	f7fe ff71 	bl	10001aa0 <__wrap___aeabi_uidiv>
10002bbe:	3130      	adds	r1, #48	@ 0x30
10002bc0:	7039      	strb	r1, [r7, #0]
10002bc2:	0028      	movs	r0, r5
10002bc4:	210a      	movs	r1, #10
10002bc6:	3e01      	subs	r6, #1
10002bc8:	f7fe ff6a 	bl	10001aa0 <__wrap___aeabi_uidiv>
10002bcc:	2d09      	cmp	r5, #9
10002bce:	d800      	bhi.n	10002bd2 <_ftoa+0x162>
10002bd0:	e117      	b.n	10002e02 <_ftoa+0x392>
10002bd2:	0005      	movs	r5, r0
10002bd4:	2c20      	cmp	r4, #32
10002bd6:	d1e8      	bne.n	10002baa <_ftoa+0x13a>
10002bd8:	464f      	mov	r7, r9
10002bda:	9d06      	ldr	r5, [sp, #24]
10002bdc:	2420      	movs	r4, #32
10002bde:	ae0c      	add	r6, sp, #48	@ 0x30
10002be0:	aa06      	add	r2, sp, #24
10002be2:	2317      	movs	r3, #23
10002be4:	4694      	mov	ip, r2
10002be6:	4463      	add	r3, ip
10002be8:	4699      	mov	r9, r3
10002bea:	465b      	mov	r3, fp
10002bec:	46b3      	mov	fp, r6
10002bee:	9306      	str	r3, [sp, #24]
10002bf0:	e00f      	b.n	10002c12 <_ftoa+0x1a2>
10002bf2:	464b      	mov	r3, r9
10002bf4:	0028      	movs	r0, r5
10002bf6:	210a      	movs	r1, #10
10002bf8:	3401      	adds	r4, #1
10002bfa:	18e6      	adds	r6, r4, r3
10002bfc:	f7fe ff28 	bl	10001a50 <__wrap___aeabi_idiv>
10002c00:	3130      	adds	r1, #48	@ 0x30
10002c02:	0028      	movs	r0, r5
10002c04:	7031      	strb	r1, [r6, #0]
10002c06:	210a      	movs	r1, #10
10002c08:	f7fe ff22 	bl	10001a50 <__wrap___aeabi_idiv>
10002c0c:	1e05      	subs	r5, r0, #0
10002c0e:	d100      	bne.n	10002c12 <_ftoa+0x1a2>
10002c10:	e0e4      	b.n	10002ddc <_ftoa+0x36c>
10002c12:	2c20      	cmp	r4, #32
10002c14:	d1ed      	bne.n	10002bf2 <_ftoa+0x182>
10002c16:	9b06      	ldr	r3, [sp, #24]
10002c18:	465e      	mov	r6, fp
10002c1a:	469b      	mov	fp, r3
10002c1c:	2303      	movs	r3, #3
10002c1e:	9a22      	ldr	r2, [sp, #136]	@ 0x88
10002c20:	4013      	ands	r3, r2
10002c22:	2b01      	cmp	r3, #1
10002c24:	d118      	bne.n	10002c58 <_ftoa+0x1e8>
10002c26:	9b21      	ldr	r3, [sp, #132]	@ 0x84
10002c28:	2b00      	cmp	r3, #0
10002c2a:	d015      	beq.n	10002c58 <_ftoa+0x1e8>
10002c2c:	9b0b      	ldr	r3, [sp, #44]	@ 0x2c
10002c2e:	2b00      	cmp	r3, #0
10002c30:	d100      	bne.n	10002c34 <_ftoa+0x1c4>
10002c32:	e0fd      	b.n	10002e30 <_ftoa+0x3c0>
10002c34:	9b21      	ldr	r3, [sp, #132]	@ 0x84
10002c36:	3b01      	subs	r3, #1
10002c38:	9321      	str	r3, [sp, #132]	@ 0x84
10002c3a:	2b20      	cmp	r3, #32
10002c3c:	d90c      	bls.n	10002c58 <_ftoa+0x1e8>
10002c3e:	2330      	movs	r3, #48	@ 0x30
10002c40:	9a21      	ldr	r2, [sp, #132]	@ 0x84
10002c42:	e007      	b.n	10002c54 <_ftoa+0x1e4>
10002c44:	2017      	movs	r0, #23
10002c46:	a906      	add	r1, sp, #24
10002c48:	3401      	adds	r4, #1
10002c4a:	1809      	adds	r1, r1, r0
10002c4c:	550b      	strb	r3, [r1, r4]
10002c4e:	4294      	cmp	r4, r2
10002c50:	d300      	bcc.n	10002c54 <_ftoa+0x1e4>
10002c52:	e0cc      	b.n	10002dee <_ftoa+0x37e>
10002c54:	2c20      	cmp	r4, #32
10002c56:	d1f5      	bne.n	10002c44 <_ftoa+0x1d4>
10002c58:	9b22      	ldr	r3, [sp, #136]	@ 0x88
10002c5a:	9401      	str	r4, [sp, #4]
10002c5c:	9303      	str	r3, [sp, #12]
10002c5e:	9b21      	ldr	r3, [sp, #132]	@ 0x84
10002c60:	9600      	str	r6, [sp, #0]
10002c62:	9302      	str	r3, [sp, #8]
10002c64:	e022      	b.n	10002cac <_ftoa+0x23c>
10002c66:	9b22      	ldr	r3, [sp, #136]	@ 0x88
10002c68:	4652      	mov	r2, sl
10002c6a:	9304      	str	r3, [sp, #16]
10002c6c:	9b21      	ldr	r3, [sp, #132]	@ 0x84
10002c6e:	0039      	movs	r1, r7
10002c70:	9303      	str	r3, [sp, #12]
10002c72:	4658      	mov	r0, fp
10002c74:	9b1e      	ldr	r3, [sp, #120]	@ 0x78
10002c76:	9c1f      	ldr	r4, [sp, #124]	@ 0x7c
10002c78:	9602      	str	r6, [sp, #8]
10002c7a:	9300      	str	r3, [sp, #0]
10002c7c:	9401      	str	r4, [sp, #4]
10002c7e:	4643      	mov	r3, r8
10002c80:	f000 f94a 	bl	10002f18 <_etoa>
10002c84:	0004      	movs	r4, r0
10002c86:	0020      	movs	r0, r4
10002c88:	b015      	add	sp, #84	@ 0x54
10002c8a:	bcf0      	pop	{r4, r5, r6, r7}
10002c8c:	46bb      	mov	fp, r7
10002c8e:	46b2      	mov	sl, r6
10002c90:	46a9      	mov	r9, r5
10002c92:	46a0      	mov	r8, r4
10002c94:	bdf0      	pop	{r4, r5, r6, r7, pc}
10002c96:	9b22      	ldr	r3, [sp, #136]	@ 0x88
10002c98:	075b      	lsls	r3, r3, #29
10002c9a:	d40f      	bmi.n	10002cbc <_ftoa+0x24c>
10002c9c:	2203      	movs	r2, #3
10002c9e:	4b4c      	ldr	r3, [pc, #304]	@ (10002dd0 <_ftoa+0x360>)
10002ca0:	9922      	ldr	r1, [sp, #136]	@ 0x88
10002ca2:	9201      	str	r2, [sp, #4]
10002ca4:	9103      	str	r1, [sp, #12]
10002ca6:	9921      	ldr	r1, [sp, #132]	@ 0x84
10002ca8:	9300      	str	r3, [sp, #0]
10002caa:	9102      	str	r1, [sp, #8]
10002cac:	4643      	mov	r3, r8
10002cae:	4652      	mov	r2, sl
10002cb0:	0039      	movs	r1, r7
10002cb2:	4658      	mov	r0, fp
10002cb4:	f7ff fd90 	bl	100027d8 <_out_rev>
10002cb8:	0004      	movs	r4, r0
10002cba:	e7e4      	b.n	10002c86 <_ftoa+0x216>
10002cbc:	2204      	movs	r2, #4
10002cbe:	4b45      	ldr	r3, [pc, #276]	@ (10002dd4 <_ftoa+0x364>)
10002cc0:	e7ee      	b.n	10002ca0 <_ftoa+0x230>
10002cc2:	9a1e      	ldr	r2, [sp, #120]	@ 0x78
10002cc4:	9b1f      	ldr	r3, [sp, #124]	@ 0x7c
10002cc6:	2000      	movs	r0, #0
10002cc8:	2100      	movs	r1, #0
10002cca:	f7ff f924 	bl	10001f16 <__wrap___aeabi_dsub>
10002cce:	2301      	movs	r3, #1
10002cd0:	901e      	str	r0, [sp, #120]	@ 0x78
10002cd2:	911f      	str	r1, [sp, #124]	@ 0x7c
10002cd4:	930b      	str	r3, [sp, #44]	@ 0x2c
10002cd6:	e711      	b.n	10002afc <_ftoa+0x8c>
10002cd8:	9b22      	ldr	r3, [sp, #136]	@ 0x88
10002cda:	4654      	mov	r4, sl
10002cdc:	079b      	lsls	r3, r3, #30
10002cde:	d111      	bne.n	10002d04 <_ftoa+0x294>
10002ce0:	9b21      	ldr	r3, [sp, #132]	@ 0x84
10002ce2:	2b04      	cmp	r3, #4
10002ce4:	d90e      	bls.n	10002d04 <_ftoa+0x294>
10002ce6:	9b21      	ldr	r3, [sp, #132]	@ 0x84
10002ce8:	4655      	mov	r5, sl
10002cea:	469c      	mov	ip, r3
10002cec:	465e      	mov	r6, fp
10002cee:	3c04      	subs	r4, #4
10002cf0:	4464      	add	r4, ip
10002cf2:	002a      	movs	r2, r5
10002cf4:	4643      	mov	r3, r8
10002cf6:	3501      	adds	r5, #1
10002cf8:	0039      	movs	r1, r7
10002cfa:	2020      	movs	r0, #32
10002cfc:	47b0      	blx	r6
10002cfe:	42a5      	cmp	r5, r4
10002d00:	d1f7      	bne.n	10002cf2 <_ftoa+0x282>
10002d02:	46b3      	mov	fp, r6
10002d04:	4d34      	ldr	r5, [pc, #208]	@ (10002dd8 <_ftoa+0x368>)
10002d06:	0026      	movs	r6, r4
10002d08:	1f2b      	subs	r3, r5, #4
10002d0a:	4699      	mov	r9, r3
10002d0c:	465b      	mov	r3, fp
10002d0e:	46a3      	mov	fp, r4
10002d10:	001c      	movs	r4, r3
10002d12:	0032      	movs	r2, r6
10002d14:	78e8      	ldrb	r0, [r5, #3]
10002d16:	4643      	mov	r3, r8
10002d18:	0039      	movs	r1, r7
10002d1a:	3d01      	subs	r5, #1
10002d1c:	47a0      	blx	r4
10002d1e:	3601      	adds	r6, #1
10002d20:	454d      	cmp	r5, r9
10002d22:	d1f6      	bne.n	10002d12 <_ftoa+0x2a2>
10002d24:	0023      	movs	r3, r4
10002d26:	465c      	mov	r4, fp
10002d28:	469b      	mov	fp, r3
10002d2a:	9b22      	ldr	r3, [sp, #136]	@ 0x88
10002d2c:	3404      	adds	r4, #4
10002d2e:	079b      	lsls	r3, r3, #30
10002d30:	d5a9      	bpl.n	10002c86 <_ftoa+0x216>
10002d32:	4653      	mov	r3, sl
10002d34:	9a21      	ldr	r2, [sp, #132]	@ 0x84
10002d36:	1ae3      	subs	r3, r4, r3
10002d38:	429a      	cmp	r2, r3
10002d3a:	d9a4      	bls.n	10002c86 <_ftoa+0x216>
10002d3c:	465e      	mov	r6, fp
10002d3e:	0015      	movs	r5, r2
10002d40:	0022      	movs	r2, r4
10002d42:	4643      	mov	r3, r8
10002d44:	0039      	movs	r1, r7
10002d46:	2020      	movs	r0, #32
10002d48:	47b0      	blx	r6
10002d4a:	4653      	mov	r3, sl
10002d4c:	3401      	adds	r4, #1
10002d4e:	1ae3      	subs	r3, r4, r3
10002d50:	429d      	cmp	r5, r3
10002d52:	d8f5      	bhi.n	10002d40 <_ftoa+0x2d0>
10002d54:	e797      	b.n	10002c86 <_ftoa+0x216>
10002d56:	0028      	movs	r0, r5
10002d58:	f7ff f97c 	bl	10002054 <__wrap___aeabi_i2d>
10002d5c:	0002      	movs	r2, r0
10002d5e:	000b      	movs	r3, r1
10002d60:	981e      	ldr	r0, [sp, #120]	@ 0x78
10002d62:	991f      	ldr	r1, [sp, #124]	@ 0x7c
10002d64:	f7ff f8d7 	bl	10001f16 <__wrap___aeabi_dsub>
10002d68:	2200      	movs	r2, #0
10002d6a:	4b18      	ldr	r3, [pc, #96]	@ (10002dcc <_ftoa+0x35c>)
10002d6c:	9006      	str	r0, [sp, #24]
10002d6e:	9107      	str	r1, [sp, #28]
10002d70:	f7ff f944 	bl	10001ffc <__wrap___aeabi_dcmplt>
10002d74:	ae0c      	add	r6, sp, #48	@ 0x30
10002d76:	2800      	cmp	r0, #0
10002d78:	d000      	beq.n	10002d7c <_ftoa+0x30c>
10002d7a:	e731      	b.n	10002be0 <_ftoa+0x170>
10002d7c:	9806      	ldr	r0, [sp, #24]
10002d7e:	9907      	ldr	r1, [sp, #28]
10002d80:	2200      	movs	r2, #0
10002d82:	4b12      	ldr	r3, [pc, #72]	@ (10002dcc <_ftoa+0x35c>)
10002d84:	f7ff f950 	bl	10002028 <__wrap___aeabi_dcmpgt>
10002d88:	2800      	cmp	r0, #0
10002d8a:	d000      	beq.n	10002d8e <_ftoa+0x31e>
10002d8c:	e728      	b.n	10002be0 <_ftoa+0x170>
10002d8e:	2301      	movs	r3, #1
10002d90:	3501      	adds	r5, #1
10002d92:	439d      	bics	r5, r3
10002d94:	e724      	b.n	10002be0 <_ftoa+0x170>
10002d96:	2200      	movs	r2, #0
10002d98:	9806      	ldr	r0, [sp, #24]
10002d9a:	9907      	ldr	r1, [sp, #28]
10002d9c:	4b0b      	ldr	r3, [pc, #44]	@ (10002dcc <_ftoa+0x35c>)
10002d9e:	f7ff f92d 	bl	10001ffc <__wrap___aeabi_dcmplt>
10002da2:	2800      	cmp	r0, #0
10002da4:	d000      	beq.n	10002da8 <_ftoa+0x338>
10002da6:	e6f9      	b.n	10002b9c <_ftoa+0x12c>
10002da8:	464b      	mov	r3, r9
10002daa:	2b00      	cmp	r3, #0
10002dac:	d15c      	bne.n	10002e68 <_ftoa+0x3f8>
10002dae:	2301      	movs	r3, #1
10002db0:	469c      	mov	ip, r3
10002db2:	44e1      	add	r9, ip
10002db4:	e6f2      	b.n	10002b9c <_ftoa+0x12c>
10002db6:	46c0      	nop			@ (mov r8, r8)
10002db8:	ffefffff 	.word	0xffefffff
10002dbc:	7fefffff 	.word	0x7fefffff
10002dc0:	41cdcd65 	.word	0x41cdcd65
10002dc4:	c1cdcd65 	.word	0xc1cdcd65
10002dc8:	10007258 	.word	0x10007258
10002dcc:	3fe00000 	.word	0x3fe00000
10002dd0:	10006f98 	.word	0x10006f98
10002dd4:	10006f90 	.word	0x10006f90
10002dd8:	10006fa0 	.word	0x10006fa0
10002ddc:	9b06      	ldr	r3, [sp, #24]
10002dde:	465e      	mov	r6, fp
10002de0:	469b      	mov	fp, r3
10002de2:	2303      	movs	r3, #3
10002de4:	9a22      	ldr	r2, [sp, #136]	@ 0x88
10002de6:	4013      	ands	r3, r2
10002de8:	2b01      	cmp	r3, #1
10002dea:	d100      	bne.n	10002dee <_ftoa+0x37e>
10002dec:	e081      	b.n	10002ef2 <_ftoa+0x482>
10002dee:	2c20      	cmp	r4, #32
10002df0:	d100      	bne.n	10002df4 <_ftoa+0x384>
10002df2:	e731      	b.n	10002c58 <_ftoa+0x1e8>
10002df4:	9b0b      	ldr	r3, [sp, #44]	@ 0x2c
10002df6:	2b00      	cmp	r3, #0
10002df8:	d027      	beq.n	10002e4a <_ftoa+0x3da>
10002dfa:	232d      	movs	r3, #45	@ 0x2d
10002dfc:	5533      	strb	r3, [r6, r4]
10002dfe:	3401      	adds	r4, #1
10002e00:	e72a      	b.n	10002c58 <_ftoa+0x1e8>
10002e02:	464f      	mov	r7, r9
10002e04:	9d06      	ldr	r5, [sp, #24]
10002e06:	2c20      	cmp	r4, #32
10002e08:	d100      	bne.n	10002e0c <_ftoa+0x39c>
10002e0a:	e6e7      	b.n	10002bdc <_ftoa+0x16c>
10002e0c:	2230      	movs	r2, #48	@ 0x30
10002e0e:	1933      	adds	r3, r6, r4
10002e10:	e007      	b.n	10002e22 <_ftoa+0x3b2>
10002e12:	2017      	movs	r0, #23
10002e14:	a906      	add	r1, sp, #24
10002e16:	3401      	adds	r4, #1
10002e18:	1809      	adds	r1, r1, r0
10002e1a:	550a      	strb	r2, [r1, r4]
10002e1c:	2c20      	cmp	r4, #32
10002e1e:	d100      	bne.n	10002e22 <_ftoa+0x3b2>
10002e20:	e6dc      	b.n	10002bdc <_ftoa+0x16c>
10002e22:	42a3      	cmp	r3, r4
10002e24:	d1f5      	bne.n	10002e12 <_ftoa+0x3a2>
10002e26:	222e      	movs	r2, #46	@ 0x2e
10002e28:	ae0c      	add	r6, sp, #48	@ 0x30
10002e2a:	3401      	adds	r4, #1
10002e2c:	54f2      	strb	r2, [r6, r3]
10002e2e:	e6d7      	b.n	10002be0 <_ftoa+0x170>
10002e30:	230c      	movs	r3, #12
10002e32:	9a22      	ldr	r2, [sp, #136]	@ 0x88
10002e34:	4213      	tst	r3, r2
10002e36:	d057      	beq.n	10002ee8 <_ftoa+0x478>
10002e38:	9b21      	ldr	r3, [sp, #132]	@ 0x84
10002e3a:	3b01      	subs	r3, #1
10002e3c:	9321      	str	r3, [sp, #132]	@ 0x84
10002e3e:	42a3      	cmp	r3, r4
10002e40:	d900      	bls.n	10002e44 <_ftoa+0x3d4>
10002e42:	e6fc      	b.n	10002c3e <_ftoa+0x1ce>
10002e44:	2c20      	cmp	r4, #32
10002e46:	d100      	bne.n	10002e4a <_ftoa+0x3da>
10002e48:	e706      	b.n	10002c58 <_ftoa+0x1e8>
10002e4a:	9b22      	ldr	r3, [sp, #136]	@ 0x88
10002e4c:	075b      	lsls	r3, r3, #29
10002e4e:	d503      	bpl.n	10002e58 <_ftoa+0x3e8>
10002e50:	232b      	movs	r3, #43	@ 0x2b
10002e52:	5533      	strb	r3, [r6, r4]
10002e54:	3401      	adds	r4, #1
10002e56:	e6ff      	b.n	10002c58 <_ftoa+0x1e8>
10002e58:	9b22      	ldr	r3, [sp, #136]	@ 0x88
10002e5a:	071b      	lsls	r3, r3, #28
10002e5c:	d400      	bmi.n	10002e60 <_ftoa+0x3f0>
10002e5e:	e6fb      	b.n	10002c58 <_ftoa+0x1e8>
10002e60:	2320      	movs	r3, #32
10002e62:	5533      	strb	r3, [r6, r4]
10002e64:	3401      	adds	r4, #1
10002e66:	e6f7      	b.n	10002c58 <_ftoa+0x1e8>
10002e68:	07db      	lsls	r3, r3, #31
10002e6a:	d400      	bmi.n	10002e6e <_ftoa+0x3fe>
10002e6c:	e696      	b.n	10002b9c <_ftoa+0x12c>
10002e6e:	e79e      	b.n	10002dae <_ftoa+0x33e>
10002e70:	9b22      	ldr	r3, [sp, #136]	@ 0x88
10002e72:	4655      	mov	r5, sl
10002e74:	079b      	lsls	r3, r3, #30
10002e76:	d111      	bne.n	10002e9c <_ftoa+0x42c>
10002e78:	9b21      	ldr	r3, [sp, #132]	@ 0x84
10002e7a:	2b03      	cmp	r3, #3
10002e7c:	d90e      	bls.n	10002e9c <_ftoa+0x42c>
10002e7e:	9b21      	ldr	r3, [sp, #132]	@ 0x84
10002e80:	4654      	mov	r4, sl
10002e82:	469c      	mov	ip, r3
10002e84:	465e      	mov	r6, fp
10002e86:	3d03      	subs	r5, #3
10002e88:	4465      	add	r5, ip
10002e8a:	0022      	movs	r2, r4
10002e8c:	4643      	mov	r3, r8
10002e8e:	3401      	adds	r4, #1
10002e90:	0039      	movs	r1, r7
10002e92:	2020      	movs	r0, #32
10002e94:	47b0      	blx	r6
10002e96:	42ac      	cmp	r4, r5
10002e98:	d1f7      	bne.n	10002e8a <_ftoa+0x41a>
10002e9a:	46b3      	mov	fp, r6
10002e9c:	46b9      	mov	r9, r7
10002e9e:	465f      	mov	r7, fp
10002ea0:	4e1c      	ldr	r6, [pc, #112]	@ (10002f14 <_ftoa+0x4a4>)
10002ea2:	1cec      	adds	r4, r5, #3
10002ea4:	002a      	movs	r2, r5
10002ea6:	78b0      	ldrb	r0, [r6, #2]
10002ea8:	4643      	mov	r3, r8
10002eaa:	4649      	mov	r1, r9
10002eac:	3501      	adds	r5, #1
10002eae:	47b8      	blx	r7
10002eb0:	3e01      	subs	r6, #1
10002eb2:	42ac      	cmp	r4, r5
10002eb4:	d1f6      	bne.n	10002ea4 <_ftoa+0x434>
10002eb6:	9b22      	ldr	r3, [sp, #136]	@ 0x88
10002eb8:	46bb      	mov	fp, r7
10002eba:	464f      	mov	r7, r9
10002ebc:	079b      	lsls	r3, r3, #30
10002ebe:	d400      	bmi.n	10002ec2 <_ftoa+0x452>
10002ec0:	e6e1      	b.n	10002c86 <_ftoa+0x216>
10002ec2:	4653      	mov	r3, sl
10002ec4:	9a21      	ldr	r2, [sp, #132]	@ 0x84
10002ec6:	1ae3      	subs	r3, r4, r3
10002ec8:	429a      	cmp	r2, r3
10002eca:	d800      	bhi.n	10002ece <_ftoa+0x45e>
10002ecc:	e6db      	b.n	10002c86 <_ftoa+0x216>
10002ece:	465e      	mov	r6, fp
10002ed0:	0015      	movs	r5, r2
10002ed2:	0022      	movs	r2, r4
10002ed4:	4643      	mov	r3, r8
10002ed6:	0039      	movs	r1, r7
10002ed8:	2020      	movs	r0, #32
10002eda:	47b0      	blx	r6
10002edc:	4653      	mov	r3, sl
10002ede:	3401      	adds	r4, #1
10002ee0:	1ae3      	subs	r3, r4, r3
10002ee2:	42ab      	cmp	r3, r5
10002ee4:	d3f5      	bcc.n	10002ed2 <_ftoa+0x462>
10002ee6:	e6ce      	b.n	10002c86 <_ftoa+0x216>
10002ee8:	9b21      	ldr	r3, [sp, #132]	@ 0x84
10002eea:	42a3      	cmp	r3, r4
10002eec:	d900      	bls.n	10002ef0 <_ftoa+0x480>
10002eee:	e6a6      	b.n	10002c3e <_ftoa+0x1ce>
10002ef0:	e6b2      	b.n	10002c58 <_ftoa+0x1e8>
10002ef2:	9b21      	ldr	r3, [sp, #132]	@ 0x84
10002ef4:	2b00      	cmp	r3, #0
10002ef6:	d100      	bne.n	10002efa <_ftoa+0x48a>
10002ef8:	e779      	b.n	10002dee <_ftoa+0x37e>
10002efa:	9b0b      	ldr	r3, [sp, #44]	@ 0x2c
10002efc:	2b00      	cmp	r3, #0
10002efe:	d097      	beq.n	10002e30 <_ftoa+0x3c0>
10002f00:	9b21      	ldr	r3, [sp, #132]	@ 0x84
10002f02:	3b01      	subs	r3, #1
10002f04:	9321      	str	r3, [sp, #132]	@ 0x84
10002f06:	429c      	cmp	r4, r3
10002f08:	d200      	bcs.n	10002f0c <_ftoa+0x49c>
10002f0a:	e698      	b.n	10002c3e <_ftoa+0x1ce>
10002f0c:	2c20      	cmp	r4, #32
10002f0e:	d000      	beq.n	10002f12 <_ftoa+0x4a2>
10002f10:	e773      	b.n	10002dfa <_ftoa+0x38a>
10002f12:	e6a1      	b.n	10002c58 <_ftoa+0x1e8>
10002f14:	10006f9c 	.word	0x10006f9c

10002f18 <_etoa>:
10002f18:	b5f0      	push	{r4, r5, r6, r7, lr}
10002f1a:	46de      	mov	lr, fp
10002f1c:	4657      	mov	r7, sl
10002f1e:	464e      	mov	r6, r9
10002f20:	4645      	mov	r5, r8
10002f22:	b5e0      	push	{r5, r6, r7, lr}
10002f24:	b099      	sub	sp, #100	@ 0x64
10002f26:	4681      	mov	r9, r0
10002f28:	468b      	mov	fp, r1
10002f2a:	4692      	mov	sl, r2
10002f2c:	4698      	mov	r8, r3
10002f2e:	9a22      	ldr	r2, [sp, #136]	@ 0x88
10002f30:	9b23      	ldr	r3, [sp, #140]	@ 0x8c
10002f32:	0010      	movs	r0, r2
10002f34:	0019      	movs	r1, r3
10002f36:	f7ff f87c 	bl	10002032 <__wrap___aeabi_dcmpun>
10002f3a:	2800      	cmp	r0, #0
10002f3c:	d000      	beq.n	10002f40 <_etoa+0x28>
10002f3e:	e0ca      	b.n	100030d6 <_etoa+0x1be>
10002f40:	9822      	ldr	r0, [sp, #136]	@ 0x88
10002f42:	9923      	ldr	r1, [sp, #140]	@ 0x8c
10002f44:	2201      	movs	r2, #1
10002f46:	4b82      	ldr	r3, [pc, #520]	@ (10003150 <_etoa+0x238>)
10002f48:	4252      	negs	r2, r2
10002f4a:	f7ff f86d 	bl	10002028 <__wrap___aeabi_dcmpgt>
10002f4e:	2800      	cmp	r0, #0
10002f50:	d000      	beq.n	10002f54 <_etoa+0x3c>
10002f52:	e0c0      	b.n	100030d6 <_etoa+0x1be>
10002f54:	9822      	ldr	r0, [sp, #136]	@ 0x88
10002f56:	9923      	ldr	r1, [sp, #140]	@ 0x8c
10002f58:	2201      	movs	r2, #1
10002f5a:	4b7e      	ldr	r3, [pc, #504]	@ (10003154 <_etoa+0x23c>)
10002f5c:	4252      	negs	r2, r2
10002f5e:	f7ff f84d 	bl	10001ffc <__wrap___aeabi_dcmplt>
10002f62:	2800      	cmp	r0, #0
10002f64:	d000      	beq.n	10002f68 <_etoa+0x50>
10002f66:	e0b6      	b.n	100030d6 <_etoa+0x1be>
10002f68:	9822      	ldr	r0, [sp, #136]	@ 0x88
10002f6a:	9923      	ldr	r1, [sp, #140]	@ 0x8c
10002f6c:	2200      	movs	r2, #0
10002f6e:	2300      	movs	r3, #0
10002f70:	f7ff f844 	bl	10001ffc <__wrap___aeabi_dcmplt>
10002f74:	2800      	cmp	r0, #0
10002f76:	d000      	beq.n	10002f7a <_etoa+0x62>
10002f78:	e1c9      	b.n	1000330e <_etoa+0x3f6>
10002f7a:	9b22      	ldr	r3, [sp, #136]	@ 0x88
10002f7c:	9c23      	ldr	r4, [sp, #140]	@ 0x8c
10002f7e:	9308      	str	r3, [sp, #32]
10002f80:	9409      	str	r4, [sp, #36]	@ 0x24
10002f82:	9808      	ldr	r0, [sp, #32]
10002f84:	9909      	ldr	r1, [sp, #36]	@ 0x24
10002f86:	2380      	movs	r3, #128	@ 0x80
10002f88:	9a26      	ldr	r2, [sp, #152]	@ 0x98
10002f8a:	00db      	lsls	r3, r3, #3
10002f8c:	401a      	ands	r2, r3
10002f8e:	920d      	str	r2, [sp, #52]	@ 0x34
10002f90:	2280      	movs	r2, #128	@ 0x80
10002f92:	9c26      	ldr	r4, [sp, #152]	@ 0x98
10002f94:	0112      	lsls	r2, r2, #4
10002f96:	4014      	ands	r4, r2
10002f98:	0022      	movs	r2, r4
10002f9a:	940b      	str	r4, [sp, #44]	@ 0x2c
10002f9c:	9c26      	ldr	r4, [sp, #152]	@ 0x98
10002f9e:	0007      	movs	r7, r0
10002fa0:	000e      	movs	r6, r1
10002fa2:	421c      	tst	r4, r3
10002fa4:	d000      	beq.n	10002fa8 <_etoa+0x90>
10002fa6:	e0ad      	b.n	10003104 <_etoa+0x1ec>
10002fa8:	000b      	movs	r3, r1
10002faa:	4303      	orrs	r3, r0
10002fac:	d000      	beq.n	10002fb0 <_etoa+0x98>
10002fae:	e0d5      	b.n	1000315c <_etoa+0x244>
10002fb0:	2a00      	cmp	r2, #0
10002fb2:	d000      	beq.n	10002fb6 <_etoa+0x9e>
10002fb4:	e20a      	b.n	100033cc <_etoa+0x4b4>
10002fb6:	0022      	movs	r2, r4
10002fb8:	3306      	adds	r3, #6
10002fba:	9324      	str	r3, [sp, #144]	@ 0x90
10002fbc:	2302      	movs	r3, #2
10002fbe:	4013      	ands	r3, r2
10002fc0:	930c      	str	r3, [sp, #48]	@ 0x30
10002fc2:	2302      	movs	r3, #2
10002fc4:	4213      	tst	r3, r2
10002fc6:	d000      	beq.n	10002fca <_etoa+0xb2>
10002fc8:	e202      	b.n	100033d0 <_etoa+0x4b8>
10002fca:	9b25      	ldr	r3, [sp, #148]	@ 0x94
10002fcc:	2b04      	cmp	r3, #4
10002fce:	d200      	bcs.n	10002fd2 <_etoa+0xba>
10002fd0:	e20f      	b.n	100033f2 <_etoa+0x4da>
10002fd2:	3b04      	subs	r3, #4
10002fd4:	930b      	str	r3, [sp, #44]	@ 0x2c
10002fd6:	2300      	movs	r3, #0
10002fd8:	2504      	movs	r5, #4
10002fda:	930a      	str	r3, [sp, #40]	@ 0x28
10002fdc:	2200      	movs	r2, #0
10002fde:	9822      	ldr	r0, [sp, #136]	@ 0x88
10002fe0:	9923      	ldr	r1, [sp, #140]	@ 0x8c
10002fe2:	2300      	movs	r3, #0
10002fe4:	f7ff f80a 	bl	10001ffc <__wrap___aeabi_dcmplt>
10002fe8:	2800      	cmp	r0, #0
10002fea:	d000      	beq.n	10002fee <_etoa+0xd6>
10002fec:	e203      	b.n	100033f6 <_etoa+0x4de>
10002fee:	4b5a      	ldr	r3, [pc, #360]	@ (10003158 <_etoa+0x240>)
10002ff0:	9a26      	ldr	r2, [sp, #152]	@ 0x98
10002ff2:	4013      	ands	r3, r2
10002ff4:	9304      	str	r3, [sp, #16]
10002ff6:	9b0b      	ldr	r3, [sp, #44]	@ 0x2c
10002ff8:	9303      	str	r3, [sp, #12]
10002ffa:	9b24      	ldr	r3, [sp, #144]	@ 0x90
10002ffc:	9302      	str	r3, [sp, #8]
10002ffe:	9b08      	ldr	r3, [sp, #32]
10003000:	9c09      	ldr	r4, [sp, #36]	@ 0x24
10003002:	9300      	str	r3, [sp, #0]
10003004:	9401      	str	r4, [sp, #4]
10003006:	4659      	mov	r1, fp
10003008:	4643      	mov	r3, r8
1000300a:	4652      	mov	r2, sl
1000300c:	4648      	mov	r0, r9
1000300e:	f7ff fd2f 	bl	10002a70 <_ftoa>
10003012:	0002      	movs	r2, r0
10003014:	2020      	movs	r0, #32
10003016:	9b26      	ldr	r3, [sp, #152]	@ 0x98
10003018:	271f      	movs	r7, #31
1000301a:	4003      	ands	r3, r0
1000301c:	4259      	negs	r1, r3
1000301e:	414b      	adcs	r3, r1
10003020:	425b      	negs	r3, r3
10003022:	4018      	ands	r0, r3
10003024:	1c53      	adds	r3, r2, #1
10003026:	9308      	str	r3, [sp, #32]
10003028:	4659      	mov	r1, fp
1000302a:	4643      	mov	r3, r8
1000302c:	3045      	adds	r0, #69	@ 0x45
1000302e:	47c8      	blx	r9
10003030:	9a0a      	ldr	r2, [sp, #40]	@ 0x28
10003032:	17d3      	asrs	r3, r2, #31
10003034:	18d4      	adds	r4, r2, r3
10003036:	405c      	eors	r4, r3
10003038:	0fd3      	lsrs	r3, r2, #31
1000303a:	930a      	str	r3, [sp, #40]	@ 0x28
1000303c:	1e6b      	subs	r3, r5, #1
1000303e:	930b      	str	r3, [sp, #44]	@ 0x2c
10003040:	ab08      	add	r3, sp, #32
10003042:	469c      	mov	ip, r3
10003044:	2500      	movs	r5, #0
10003046:	4467      	add	r7, ip
10003048:	e001      	b.n	1000304e <_etoa+0x136>
1000304a:	2d20      	cmp	r5, #32
1000304c:	d00f      	beq.n	1000306e <_etoa+0x156>
1000304e:	0020      	movs	r0, r4
10003050:	210a      	movs	r1, #10
10003052:	f7fe fd25 	bl	10001aa0 <__wrap___aeabi_uidiv>
10003056:	3501      	adds	r5, #1
10003058:	197e      	adds	r6, r7, r5
1000305a:	3130      	adds	r1, #48	@ 0x30
1000305c:	7031      	strb	r1, [r6, #0]
1000305e:	0020      	movs	r0, r4
10003060:	210a      	movs	r1, #10
10003062:	f7fe fd1d 	bl	10001aa0 <__wrap___aeabi_uidiv>
10003066:	0026      	movs	r6, r4
10003068:	0004      	movs	r4, r0
1000306a:	2e09      	cmp	r6, #9
1000306c:	d8ed      	bhi.n	1000304a <_etoa+0x132>
1000306e:	2305      	movs	r3, #5
10003070:	9306      	str	r3, [sp, #24]
10003072:	9b0b      	ldr	r3, [sp, #44]	@ 0x2c
10003074:	4659      	mov	r1, fp
10003076:	9305      	str	r3, [sp, #20]
10003078:	2300      	movs	r3, #0
1000307a:	9304      	str	r3, [sp, #16]
1000307c:	330a      	adds	r3, #10
1000307e:	9303      	str	r3, [sp, #12]
10003080:	9b0a      	ldr	r3, [sp, #40]	@ 0x28
10003082:	4648      	mov	r0, r9
10003084:	9302      	str	r3, [sp, #8]
10003086:	ab10      	add	r3, sp, #64	@ 0x40
10003088:	9300      	str	r3, [sp, #0]
1000308a:	9a08      	ldr	r2, [sp, #32]
1000308c:	4643      	mov	r3, r8
1000308e:	9501      	str	r5, [sp, #4]
10003090:	f7ff fbf8 	bl	10002884 <_ntoa_format>
10003094:	9b0c      	ldr	r3, [sp, #48]	@ 0x30
10003096:	2b00      	cmp	r3, #0
10003098:	d02d      	beq.n	100030f6 <_etoa+0x1de>
1000309a:	4653      	mov	r3, sl
1000309c:	1ac4      	subs	r4, r0, r3
1000309e:	9b25      	ldr	r3, [sp, #148]	@ 0x94
100030a0:	42a3      	cmp	r3, r4
100030a2:	d928      	bls.n	100030f6 <_etoa+0x1de>
100030a4:	464d      	mov	r5, r9
100030a6:	465f      	mov	r7, fp
100030a8:	4681      	mov	r9, r0
100030aa:	001e      	movs	r6, r3
100030ac:	4653      	mov	r3, sl
100030ae:	0039      	movs	r1, r7
100030b0:	191a      	adds	r2, r3, r4
100030b2:	2020      	movs	r0, #32
100030b4:	4643      	mov	r3, r8
100030b6:	3401      	adds	r4, #1
100030b8:	47a8      	blx	r5
100030ba:	42a6      	cmp	r6, r4
100030bc:	d8f6      	bhi.n	100030ac <_etoa+0x194>
100030be:	4653      	mov	r3, sl
100030c0:	4648      	mov	r0, r9
100030c2:	9925      	ldr	r1, [sp, #148]	@ 0x94
100030c4:	1ac2      	subs	r2, r0, r3
100030c6:	3201      	adds	r2, #1
100030c8:	2300      	movs	r3, #0
100030ca:	4291      	cmp	r1, r2
100030cc:	d300      	bcc.n	100030d0 <_etoa+0x1b8>
100030ce:	e186      	b.n	100033de <_etoa+0x4c6>
100030d0:	3001      	adds	r0, #1
100030d2:	1818      	adds	r0, r3, r0
100030d4:	e00f      	b.n	100030f6 <_etoa+0x1de>
100030d6:	9b26      	ldr	r3, [sp, #152]	@ 0x98
100030d8:	9304      	str	r3, [sp, #16]
100030da:	9b25      	ldr	r3, [sp, #148]	@ 0x94
100030dc:	9303      	str	r3, [sp, #12]
100030de:	9b24      	ldr	r3, [sp, #144]	@ 0x90
100030e0:	9302      	str	r3, [sp, #8]
100030e2:	9b22      	ldr	r3, [sp, #136]	@ 0x88
100030e4:	9c23      	ldr	r4, [sp, #140]	@ 0x8c
100030e6:	9300      	str	r3, [sp, #0]
100030e8:	9401      	str	r4, [sp, #4]
100030ea:	4643      	mov	r3, r8
100030ec:	4652      	mov	r2, sl
100030ee:	4659      	mov	r1, fp
100030f0:	4648      	mov	r0, r9
100030f2:	f7ff fcbd 	bl	10002a70 <_ftoa>
100030f6:	b019      	add	sp, #100	@ 0x64
100030f8:	bcf0      	pop	{r4, r5, r6, r7}
100030fa:	46bb      	mov	fp, r7
100030fc:	46b2      	mov	sl, r6
100030fe:	46a9      	mov	r9, r5
10003100:	46a0      	mov	r8, r4
10003102:	bdf0      	pop	{r4, r5, r6, r7, pc}
10003104:	4301      	orrs	r1, r0
10003106:	d12b      	bne.n	10003160 <_etoa+0x248>
10003108:	9b0b      	ldr	r3, [sp, #44]	@ 0x2c
1000310a:	0022      	movs	r2, r4
1000310c:	2b00      	cmp	r3, #0
1000310e:	d100      	bne.n	10003112 <_etoa+0x1fa>
10003110:	e754      	b.n	10002fbc <_etoa+0xa4>
10003112:	2300      	movs	r3, #0
10003114:	930a      	str	r3, [sp, #40]	@ 0x28
10003116:	9b24      	ldr	r3, [sp, #144]	@ 0x90
10003118:	9a0a      	ldr	r2, [sp, #40]	@ 0x28
1000311a:	2400      	movs	r4, #0
1000311c:	4293      	cmp	r3, r2
1000311e:	dd00      	ble.n	10003122 <_etoa+0x20a>
10003120:	e185      	b.n	1000342e <_etoa+0x516>
10003122:	9822      	ldr	r0, [sp, #136]	@ 0x88
10003124:	9923      	ldr	r1, [sp, #140]	@ 0x8c
10003126:	2200      	movs	r2, #0
10003128:	2300      	movs	r3, #0
1000312a:	f7fe ff67 	bl	10001ffc <__wrap___aeabi_dcmplt>
1000312e:	2800      	cmp	r0, #0
10003130:	d000      	beq.n	10003134 <_etoa+0x21c>
10003132:	e135      	b.n	100033a0 <_etoa+0x488>
10003134:	9b26      	ldr	r3, [sp, #152]	@ 0x98
10003136:	4a08      	ldr	r2, [pc, #32]	@ (10003158 <_etoa+0x240>)
10003138:	9402      	str	r4, [sp, #8]
1000313a:	401a      	ands	r2, r3
1000313c:	2380      	movs	r3, #128	@ 0x80
1000313e:	00db      	lsls	r3, r3, #3
10003140:	4313      	orrs	r3, r2
10003142:	9304      	str	r3, [sp, #16]
10003144:	9b25      	ldr	r3, [sp, #148]	@ 0x94
10003146:	9303      	str	r3, [sp, #12]
10003148:	9b08      	ldr	r3, [sp, #32]
1000314a:	9c09      	ldr	r4, [sp, #36]	@ 0x24
1000314c:	e7cb      	b.n	100030e6 <_etoa+0x1ce>
1000314e:	46c0      	nop			@ (mov r8, r8)
10003150:	7fefffff 	.word	0x7fefffff
10003154:	ffefffff 	.word	0xffefffff
10003158:	fffff7ff 	.word	0xfffff7ff
1000315c:	2306      	movs	r3, #6
1000315e:	9324      	str	r3, [sp, #144]	@ 0x90
10003160:	4bb4      	ldr	r3, [pc, #720]	@ (10003434 <_etoa+0x51c>)
10003162:	0070      	lsls	r0, r6, #1
10003164:	469c      	mov	ip, r3
10003166:	0d40      	lsrs	r0, r0, #21
10003168:	4460      	add	r0, ip
1000316a:	f7fe ff73 	bl	10002054 <__wrap___aeabi_i2d>
1000316e:	4ab2      	ldr	r2, [pc, #712]	@ (10003438 <_etoa+0x520>)
10003170:	4bb2      	ldr	r3, [pc, #712]	@ (1000343c <_etoa+0x524>)
10003172:	f7fe ff00 	bl	10001f76 <__wrap___aeabi_dmul>
10003176:	4ab2      	ldr	r2, [pc, #712]	@ (10003440 <_etoa+0x528>)
10003178:	4bb2      	ldr	r3, [pc, #712]	@ (10003444 <_etoa+0x52c>)
1000317a:	f7fe fed5 	bl	10001f28 <__wrap___aeabi_dadd>
1000317e:	0336      	lsls	r6, r6, #12
10003180:	4bb1      	ldr	r3, [pc, #708]	@ (10003448 <_etoa+0x530>)
10003182:	0b36      	lsrs	r6, r6, #12
10003184:	4333      	orrs	r3, r6
10003186:	0004      	movs	r4, r0
10003188:	000d      	movs	r5, r1
1000318a:	0038      	movs	r0, r7
1000318c:	0019      	movs	r1, r3
1000318e:	2200      	movs	r2, #0
10003190:	4bae      	ldr	r3, [pc, #696]	@ (1000344c <_etoa+0x534>)
10003192:	f7fe fec0 	bl	10001f16 <__wrap___aeabi_dsub>
10003196:	4aae      	ldr	r2, [pc, #696]	@ (10003450 <_etoa+0x538>)
10003198:	4bae      	ldr	r3, [pc, #696]	@ (10003454 <_etoa+0x53c>)
1000319a:	f7fe feec 	bl	10001f76 <__wrap___aeabi_dmul>
1000319e:	0002      	movs	r2, r0
100031a0:	000b      	movs	r3, r1
100031a2:	0020      	movs	r0, r4
100031a4:	0029      	movs	r1, r5
100031a6:	f7fe febf 	bl	10001f28 <__wrap___aeabi_dadd>
100031aa:	f7fe ff6b 	bl	10002084 <__wrap___aeabi_d2iz>
100031ae:	900a      	str	r0, [sp, #40]	@ 0x28
100031b0:	f7fe ff50 	bl	10002054 <__wrap___aeabi_i2d>
100031b4:	4aa8      	ldr	r2, [pc, #672]	@ (10003458 <_etoa+0x540>)
100031b6:	4ba9      	ldr	r3, [pc, #676]	@ (1000345c <_etoa+0x544>)
100031b8:	0004      	movs	r4, r0
100031ba:	000d      	movs	r5, r1
100031bc:	f7fe fedb 	bl	10001f76 <__wrap___aeabi_dmul>
100031c0:	2200      	movs	r2, #0
100031c2:	4ba7      	ldr	r3, [pc, #668]	@ (10003460 <_etoa+0x548>)
100031c4:	f7fe feb0 	bl	10001f28 <__wrap___aeabi_dadd>
100031c8:	f7fe ff5c 	bl	10002084 <__wrap___aeabi_d2iz>
100031cc:	4aa5      	ldr	r2, [pc, #660]	@ (10003464 <_etoa+0x54c>)
100031ce:	0006      	movs	r6, r0
100031d0:	4ba5      	ldr	r3, [pc, #660]	@ (10003468 <_etoa+0x550>)
100031d2:	0020      	movs	r0, r4
100031d4:	0029      	movs	r1, r5
100031d6:	f7fe fece 	bl	10001f76 <__wrap___aeabi_dmul>
100031da:	0004      	movs	r4, r0
100031dc:	0030      	movs	r0, r6
100031de:	000d      	movs	r5, r1
100031e0:	960c      	str	r6, [sp, #48]	@ 0x30
100031e2:	f7fe ff37 	bl	10002054 <__wrap___aeabi_i2d>
100031e6:	4aa1      	ldr	r2, [pc, #644]	@ (1000346c <_etoa+0x554>)
100031e8:	4ba1      	ldr	r3, [pc, #644]	@ (10003470 <_etoa+0x558>)
100031ea:	f7fe fec4 	bl	10001f76 <__wrap___aeabi_dmul>
100031ee:	0002      	movs	r2, r0
100031f0:	000b      	movs	r3, r1
100031f2:	0020      	movs	r0, r4
100031f4:	0029      	movs	r1, r5
100031f6:	f7fe fe8e 	bl	10001f16 <__wrap___aeabi_dsub>
100031fa:	0002      	movs	r2, r0
100031fc:	000b      	movs	r3, r1
100031fe:	0006      	movs	r6, r0
10003200:	000f      	movs	r7, r1
10003202:	f7fe feb8 	bl	10001f76 <__wrap___aeabi_dmul>
10003206:	0032      	movs	r2, r6
10003208:	0004      	movs	r4, r0
1000320a:	000d      	movs	r5, r1
1000320c:	003b      	movs	r3, r7
1000320e:	0030      	movs	r0, r6
10003210:	0039      	movs	r1, r7
10003212:	f7fe fe89 	bl	10001f28 <__wrap___aeabi_dadd>
10003216:	2200      	movs	r2, #0
10003218:	900e      	str	r0, [sp, #56]	@ 0x38
1000321a:	910f      	str	r1, [sp, #60]	@ 0x3c
1000321c:	4b95      	ldr	r3, [pc, #596]	@ (10003474 <_etoa+0x55c>)
1000321e:	0020      	movs	r0, r4
10003220:	0029      	movs	r1, r5
10003222:	f7fe fe8a 	bl	10001f3a <__wrap___aeabi_ddiv>
10003226:	2200      	movs	r2, #0
10003228:	4b93      	ldr	r3, [pc, #588]	@ (10003478 <_etoa+0x560>)
1000322a:	f7fe fe7d 	bl	10001f28 <__wrap___aeabi_dadd>
1000322e:	0002      	movs	r2, r0
10003230:	000b      	movs	r3, r1
10003232:	0020      	movs	r0, r4
10003234:	0029      	movs	r1, r5
10003236:	f7fe fe80 	bl	10001f3a <__wrap___aeabi_ddiv>
1000323a:	2200      	movs	r2, #0
1000323c:	4b8f      	ldr	r3, [pc, #572]	@ (1000347c <_etoa+0x564>)
1000323e:	f7fe fe73 	bl	10001f28 <__wrap___aeabi_dadd>
10003242:	0002      	movs	r2, r0
10003244:	000b      	movs	r3, r1
10003246:	0020      	movs	r0, r4
10003248:	0029      	movs	r1, r5
1000324a:	f7fe fe76 	bl	10001f3a <__wrap___aeabi_ddiv>
1000324e:	000d      	movs	r5, r1
10003250:	2180      	movs	r1, #128	@ 0x80
10003252:	0004      	movs	r4, r0
10003254:	0032      	movs	r2, r6
10003256:	003b      	movs	r3, r7
10003258:	2000      	movs	r0, #0
1000325a:	05c9      	lsls	r1, r1, #23
1000325c:	f7fe fe5b 	bl	10001f16 <__wrap___aeabi_dsub>
10003260:	0002      	movs	r2, r0
10003262:	000b      	movs	r3, r1
10003264:	0020      	movs	r0, r4
10003266:	0029      	movs	r1, r5
10003268:	f7fe fe5e 	bl	10001f28 <__wrap___aeabi_dadd>
1000326c:	0002      	movs	r2, r0
1000326e:	000b      	movs	r3, r1
10003270:	980e      	ldr	r0, [sp, #56]	@ 0x38
10003272:	990f      	ldr	r1, [sp, #60]	@ 0x3c
10003274:	f7fe fe61 	bl	10001f3a <__wrap___aeabi_ddiv>
10003278:	2200      	movs	r2, #0
1000327a:	4b73      	ldr	r3, [pc, #460]	@ (10003448 <_etoa+0x530>)
1000327c:	f7fe fe54 	bl	10001f28 <__wrap___aeabi_dadd>
10003280:	4b7f      	ldr	r3, [pc, #508]	@ (10003480 <_etoa+0x568>)
10003282:	9c0c      	ldr	r4, [sp, #48]	@ 0x30
10003284:	469c      	mov	ip, r3
10003286:	4464      	add	r4, ip
10003288:	2200      	movs	r2, #0
1000328a:	0523      	lsls	r3, r4, #20
1000328c:	f7fe fe73 	bl	10001f76 <__wrap___aeabi_dmul>
10003290:	0006      	movs	r6, r0
10003292:	000f      	movs	r7, r1
10003294:	0002      	movs	r2, r0
10003296:	000b      	movs	r3, r1
10003298:	9808      	ldr	r0, [sp, #32]
1000329a:	9909      	ldr	r1, [sp, #36]	@ 0x24
1000329c:	f7fe feae 	bl	10001ffc <__wrap___aeabi_dcmplt>
100032a0:	2800      	cmp	r0, #0
100032a2:	d00a      	beq.n	100032ba <_etoa+0x3a2>
100032a4:	9b0a      	ldr	r3, [sp, #40]	@ 0x28
100032a6:	0030      	movs	r0, r6
100032a8:	3b01      	subs	r3, #1
100032aa:	0039      	movs	r1, r7
100032ac:	930a      	str	r3, [sp, #40]	@ 0x28
100032ae:	2200      	movs	r2, #0
100032b0:	4b71      	ldr	r3, [pc, #452]	@ (10003478 <_etoa+0x560>)
100032b2:	f7fe fe42 	bl	10001f3a <__wrap___aeabi_ddiv>
100032b6:	0006      	movs	r6, r0
100032b8:	000f      	movs	r7, r1
100032ba:	9a0a      	ldr	r2, [sp, #40]	@ 0x28
100032bc:	0033      	movs	r3, r6
100032be:	3263      	adds	r2, #99	@ 0x63
100032c0:	0039      	movs	r1, r7
100032c2:	2ac6      	cmp	r2, #198	@ 0xc6
100032c4:	d812      	bhi.n	100032ec <_etoa+0x3d4>
100032c6:	2202      	movs	r2, #2
100032c8:	9826      	ldr	r0, [sp, #152]	@ 0x98
100032ca:	2504      	movs	r5, #4
100032cc:	4010      	ands	r0, r2
100032ce:	9a0b      	ldr	r2, [sp, #44]	@ 0x2c
100032d0:	900c      	str	r0, [sp, #48]	@ 0x30
100032d2:	2a00      	cmp	r2, #0
100032d4:	d125      	bne.n	10003322 <_etoa+0x40a>
100032d6:	9b25      	ldr	r3, [sp, #148]	@ 0x94
100032d8:	2b04      	cmp	r3, #4
100032da:	d905      	bls.n	100032e8 <_etoa+0x3d0>
100032dc:	2800      	cmp	r0, #0
100032de:	d000      	beq.n	100032e2 <_etoa+0x3ca>
100032e0:	e0a1      	b.n	10003426 <_etoa+0x50e>
100032e2:	9b25      	ldr	r3, [sp, #148]	@ 0x94
100032e4:	3b04      	subs	r3, #4
100032e6:	930b      	str	r3, [sp, #44]	@ 0x2c
100032e8:	2504      	movs	r5, #4
100032ea:	e041      	b.n	10003370 <_etoa+0x458>
100032ec:	2202      	movs	r2, #2
100032ee:	9826      	ldr	r0, [sp, #152]	@ 0x98
100032f0:	4010      	ands	r0, r2
100032f2:	9a0b      	ldr	r2, [sp, #44]	@ 0x2c
100032f4:	900c      	str	r0, [sp, #48]	@ 0x30
100032f6:	2a00      	cmp	r2, #0
100032f8:	d112      	bne.n	10003320 <_etoa+0x408>
100032fa:	9b25      	ldr	r3, [sp, #148]	@ 0x94
100032fc:	2b05      	cmp	r3, #5
100032fe:	d976      	bls.n	100033ee <_etoa+0x4d6>
10003300:	2800      	cmp	r0, #0
10003302:	d172      	bne.n	100033ea <_etoa+0x4d2>
10003304:	9b25      	ldr	r3, [sp, #148]	@ 0x94
10003306:	2505      	movs	r5, #5
10003308:	3b05      	subs	r3, #5
1000330a:	930b      	str	r3, [sp, #44]	@ 0x2c
1000330c:	e034      	b.n	10003378 <_etoa+0x460>
1000330e:	2280      	movs	r2, #128	@ 0x80
10003310:	0612      	lsls	r2, r2, #24
10003312:	4694      	mov	ip, r2
10003314:	9b22      	ldr	r3, [sp, #136]	@ 0x88
10003316:	9308      	str	r3, [sp, #32]
10003318:	9b23      	ldr	r3, [sp, #140]	@ 0x8c
1000331a:	4463      	add	r3, ip
1000331c:	9309      	str	r3, [sp, #36]	@ 0x24
1000331e:	e630      	b.n	10002f82 <_etoa+0x6a>
10003320:	2505      	movs	r5, #5
10003322:	430b      	orrs	r3, r1
10003324:	d100      	bne.n	10003328 <_etoa+0x410>
10003326:	e6f6      	b.n	10003116 <_etoa+0x1fe>
10003328:	9808      	ldr	r0, [sp, #32]
1000332a:	9909      	ldr	r1, [sp, #36]	@ 0x24
1000332c:	4a55      	ldr	r2, [pc, #340]	@ (10003484 <_etoa+0x56c>)
1000332e:	4b56      	ldr	r3, [pc, #344]	@ (10003488 <_etoa+0x570>)
10003330:	f7fe fe72 	bl	10002018 <__wrap___aeabi_dcmpge>
10003334:	2800      	cmp	r0, #0
10003336:	d008      	beq.n	1000334a <_etoa+0x432>
10003338:	9808      	ldr	r0, [sp, #32]
1000333a:	9909      	ldr	r1, [sp, #36]	@ 0x24
1000333c:	2200      	movs	r2, #0
1000333e:	4b53      	ldr	r3, [pc, #332]	@ (1000348c <_etoa+0x574>)
10003340:	f7fe fe5c 	bl	10001ffc <__wrap___aeabi_dcmplt>
10003344:	2800      	cmp	r0, #0
10003346:	d000      	beq.n	1000334a <_etoa+0x432>
10003348:	e6e5      	b.n	10003116 <_etoa+0x1fe>
1000334a:	9b24      	ldr	r3, [sp, #144]	@ 0x90
1000334c:	2b00      	cmp	r3, #0
1000334e:	d01c      	beq.n	1000338a <_etoa+0x472>
10003350:	9b0d      	ldr	r3, [sp, #52]	@ 0x34
10003352:	2b00      	cmp	r3, #0
10003354:	d019      	beq.n	1000338a <_etoa+0x472>
10003356:	9b24      	ldr	r3, [sp, #144]	@ 0x90
10003358:	3b01      	subs	r3, #1
1000335a:	9324      	str	r3, [sp, #144]	@ 0x90
1000335c:	9b25      	ldr	r3, [sp, #148]	@ 0x94
1000335e:	42ab      	cmp	r3, r5
10003360:	d904      	bls.n	1000336c <_etoa+0x454>
10003362:	9b0c      	ldr	r3, [sp, #48]	@ 0x30
10003364:	2b00      	cmp	r3, #0
10003366:	d05a      	beq.n	1000341e <_etoa+0x506>
10003368:	2302      	movs	r3, #2
1000336a:	930c      	str	r3, [sp, #48]	@ 0x30
1000336c:	2300      	movs	r3, #0
1000336e:	930b      	str	r3, [sp, #44]	@ 0x2c
10003370:	9b0a      	ldr	r3, [sp, #40]	@ 0x28
10003372:	2b00      	cmp	r3, #0
10003374:	d100      	bne.n	10003378 <_etoa+0x460>
10003376:	e631      	b.n	10002fdc <_etoa+0xc4>
10003378:	9808      	ldr	r0, [sp, #32]
1000337a:	9909      	ldr	r1, [sp, #36]	@ 0x24
1000337c:	0032      	movs	r2, r6
1000337e:	003b      	movs	r3, r7
10003380:	f7fe fddb 	bl	10001f3a <__wrap___aeabi_ddiv>
10003384:	9008      	str	r0, [sp, #32]
10003386:	9109      	str	r1, [sp, #36]	@ 0x24
10003388:	e628      	b.n	10002fdc <_etoa+0xc4>
1000338a:	9b25      	ldr	r3, [sp, #148]	@ 0x94
1000338c:	42ab      	cmp	r3, r5
1000338e:	d9ed      	bls.n	1000336c <_etoa+0x454>
10003390:	9b0c      	ldr	r3, [sp, #48]	@ 0x30
10003392:	2b00      	cmp	r3, #0
10003394:	d043      	beq.n	1000341e <_etoa+0x506>
10003396:	2300      	movs	r3, #0
10003398:	930b      	str	r3, [sp, #44]	@ 0x2c
1000339a:	3302      	adds	r3, #2
1000339c:	930c      	str	r3, [sp, #48]	@ 0x30
1000339e:	e7e7      	b.n	10003370 <_etoa+0x458>
100033a0:	2080      	movs	r0, #128	@ 0x80
100033a2:	9b26      	ldr	r3, [sp, #152]	@ 0x98
100033a4:	4a3a      	ldr	r2, [pc, #232]	@ (10003490 <_etoa+0x578>)
100033a6:	0600      	lsls	r0, r0, #24
100033a8:	401a      	ands	r2, r3
100033aa:	2380      	movs	r3, #128	@ 0x80
100033ac:	4684      	mov	ip, r0
100033ae:	9402      	str	r4, [sp, #8]
100033b0:	9c08      	ldr	r4, [sp, #32]
100033b2:	9d09      	ldr	r5, [sp, #36]	@ 0x24
100033b4:	0029      	movs	r1, r5
100033b6:	00db      	lsls	r3, r3, #3
100033b8:	4313      	orrs	r3, r2
100033ba:	9304      	str	r3, [sp, #16]
100033bc:	9b25      	ldr	r3, [sp, #148]	@ 0x94
100033be:	4461      	add	r1, ip
100033c0:	0022      	movs	r2, r4
100033c2:	9303      	str	r3, [sp, #12]
100033c4:	000b      	movs	r3, r1
100033c6:	9200      	str	r2, [sp, #0]
100033c8:	9301      	str	r3, [sp, #4]
100033ca:	e68e      	b.n	100030ea <_etoa+0x1d2>
100033cc:	2405      	movs	r4, #5
100033ce:	e6a8      	b.n	10003122 <_etoa+0x20a>
100033d0:	2300      	movs	r3, #0
100033d2:	930b      	str	r3, [sp, #44]	@ 0x2c
100033d4:	930a      	str	r3, [sp, #40]	@ 0x28
100033d6:	3302      	adds	r3, #2
100033d8:	2504      	movs	r5, #4
100033da:	930c      	str	r3, [sp, #48]	@ 0x30
100033dc:	e5fe      	b.n	10002fdc <_etoa+0xc4>
100033de:	4653      	mov	r3, sl
100033e0:	468c      	mov	ip, r1
100033e2:	3b01      	subs	r3, #1
100033e4:	4463      	add	r3, ip
100033e6:	1a1b      	subs	r3, r3, r0
100033e8:	e672      	b.n	100030d0 <_etoa+0x1b8>
100033ea:	2302      	movs	r3, #2
100033ec:	930c      	str	r3, [sp, #48]	@ 0x30
100033ee:	2505      	movs	r5, #5
100033f0:	e7c2      	b.n	10003378 <_etoa+0x460>
100033f2:	2304      	movs	r3, #4
100033f4:	e5ed      	b.n	10002fd2 <_etoa+0xba>
100033f6:	2080      	movs	r0, #128	@ 0x80
100033f8:	9e08      	ldr	r6, [sp, #32]
100033fa:	9f09      	ldr	r7, [sp, #36]	@ 0x24
100033fc:	0600      	lsls	r0, r0, #24
100033fe:	0039      	movs	r1, r7
10003400:	4684      	mov	ip, r0
10003402:	9a26      	ldr	r2, [sp, #152]	@ 0x98
10003404:	4b22      	ldr	r3, [pc, #136]	@ (10003490 <_etoa+0x578>)
10003406:	4461      	add	r1, ip
10003408:	4013      	ands	r3, r2
1000340a:	9304      	str	r3, [sp, #16]
1000340c:	9b0b      	ldr	r3, [sp, #44]	@ 0x2c
1000340e:	0032      	movs	r2, r6
10003410:	9303      	str	r3, [sp, #12]
10003412:	9b24      	ldr	r3, [sp, #144]	@ 0x90
10003414:	9302      	str	r3, [sp, #8]
10003416:	000b      	movs	r3, r1
10003418:	9200      	str	r2, [sp, #0]
1000341a:	9301      	str	r3, [sp, #4]
1000341c:	e5f3      	b.n	10003006 <_etoa+0xee>
1000341e:	9b25      	ldr	r3, [sp, #148]	@ 0x94
10003420:	1b5b      	subs	r3, r3, r5
10003422:	930b      	str	r3, [sp, #44]	@ 0x2c
10003424:	e7a4      	b.n	10003370 <_etoa+0x458>
10003426:	2302      	movs	r3, #2
10003428:	2504      	movs	r5, #4
1000342a:	930c      	str	r3, [sp, #48]	@ 0x30
1000342c:	e7a0      	b.n	10003370 <_etoa+0x458>
1000342e:	1a9c      	subs	r4, r3, r2
10003430:	3c01      	subs	r4, #1
10003432:	e676      	b.n	10003122 <_etoa+0x20a>
10003434:	fffffc01 	.word	0xfffffc01
10003438:	509f79fb 	.word	0x509f79fb
1000343c:	3fd34413 	.word	0x3fd34413
10003440:	8b60c8b3 	.word	0x8b60c8b3
10003444:	3fc68a28 	.word	0x3fc68a28
10003448:	3ff00000 	.word	0x3ff00000
1000344c:	3ff80000 	.word	0x3ff80000
10003450:	636f4361 	.word	0x636f4361
10003454:	3fd287a7 	.word	0x3fd287a7
10003458:	0979a371 	.word	0x0979a371
1000345c:	400a934f 	.word	0x400a934f
10003460:	3fe00000 	.word	0x3fe00000
10003464:	bbb55516 	.word	0xbbb55516
10003468:	40026bb1 	.word	0x40026bb1
1000346c:	fefa39ef 	.word	0xfefa39ef
10003470:	3fe62e42 	.word	0x3fe62e42
10003474:	402c0000 	.word	0x402c0000
10003478:	40240000 	.word	0x40240000
1000347c:	40180000 	.word	0x40180000
10003480:	000003ff 	.word	0x000003ff
10003484:	eb1c432d 	.word	0xeb1c432d
10003488:	3f1a36e2 	.word	0x3f1a36e2
1000348c:	412e8480 	.word	0x412e8480
10003490:	fffff7ff 	.word	0xfffff7ff

10003494 <_vsnprintf>:
10003494:	b5f0      	push	{r4, r5, r6, r7, lr}
10003496:	46de      	mov	lr, fp
10003498:	4657      	mov	r7, sl
1000349a:	464e      	mov	r6, r9
1000349c:	4645      	mov	r5, r8
1000349e:	b5e0      	push	{r5, r6, r7, lr}
100034a0:	b0a5      	sub	sp, #148	@ 0x94
100034a2:	001e      	movs	r6, r3
100034a4:	9b2e      	ldr	r3, [sp, #184]	@ 0xb8
100034a6:	4692      	mov	sl, r2
100034a8:	930c      	str	r3, [sp, #48]	@ 0x30
100034aa:	4acd      	ldr	r2, [pc, #820]	@ (100037e0 <_vsnprintf+0x34c>)
100034ac:	4bcd      	ldr	r3, [pc, #820]	@ (100037e4 <_vsnprintf+0x350>)
100034ae:	4680      	mov	r8, r0
100034b0:	468b      	mov	fp, r1
100034b2:	601a      	str	r2, [r3, #0]
100034b4:	2900      	cmp	r1, #0
100034b6:	d100      	bne.n	100034ba <_vsnprintf+0x26>
100034b8:	e1ea      	b.n	10003890 <_vsnprintf+0x3fc>
100034ba:	2300      	movs	r3, #0
100034bc:	7830      	ldrb	r0, [r6, #0]
100034be:	4699      	mov	r9, r3
100034c0:	2800      	cmp	r0, #0
100034c2:	d100      	bne.n	100034c6 <_vsnprintf+0x32>
100034c4:	e1ec      	b.n	100038a0 <_vsnprintf+0x40c>
100034c6:	4bc8      	ldr	r3, [pc, #800]	@ (100037e8 <_vsnprintf+0x354>)
100034c8:	464c      	mov	r4, r9
100034ca:	930b      	str	r3, [sp, #44]	@ 0x2c
100034cc:	4bc7      	ldr	r3, [pc, #796]	@ (100037ec <_vsnprintf+0x358>)
100034ce:	4645      	mov	r5, r8
100034d0:	4657      	mov	r7, sl
100034d2:	930e      	str	r3, [sp, #56]	@ 0x38
100034d4:	e00a      	b.n	100034ec <_vsnprintf+0x58>
100034d6:	1c63      	adds	r3, r4, #1
100034d8:	4698      	mov	r8, r3
100034da:	0022      	movs	r2, r4
100034dc:	003b      	movs	r3, r7
100034de:	4659      	mov	r1, fp
100034e0:	47a8      	blx	r5
100034e2:	4644      	mov	r4, r8
100034e4:	7830      	ldrb	r0, [r6, #0]
100034e6:	2800      	cmp	r0, #0
100034e8:	d100      	bne.n	100034ec <_vsnprintf+0x58>
100034ea:	e087      	b.n	100035fc <_vsnprintf+0x168>
100034ec:	3601      	adds	r6, #1
100034ee:	2825      	cmp	r0, #37	@ 0x25
100034f0:	d1f1      	bne.n	100034d6 <_vsnprintf+0x42>
100034f2:	2308      	movs	r3, #8
100034f4:	469a      	mov	sl, r3
100034f6:	3b04      	subs	r3, #4
100034f8:	4699      	mov	r9, r3
100034fa:	3b02      	subs	r3, #2
100034fc:	4698      	mov	r8, r3
100034fe:	3b01      	subs	r3, #1
10003500:	2200      	movs	r2, #0
10003502:	469c      	mov	ip, r3
10003504:	940d      	str	r4, [sp, #52]	@ 0x34
10003506:	7830      	ldrb	r0, [r6, #0]
10003508:	1c71      	adds	r1, r6, #1
1000350a:	0003      	movs	r3, r0
1000350c:	3b20      	subs	r3, #32
1000350e:	b2db      	uxtb	r3, r3
10003510:	2b10      	cmp	r3, #16
10003512:	d803      	bhi.n	1000351c <_vsnprintf+0x88>
10003514:	9c0b      	ldr	r4, [sp, #44]	@ 0x2c
10003516:	009b      	lsls	r3, r3, #2
10003518:	58e3      	ldr	r3, [r4, r3]
1000351a:	469f      	mov	pc, r3
1000351c:	0003      	movs	r3, r0
1000351e:	3b30      	subs	r3, #48	@ 0x30
10003520:	4689      	mov	r9, r1
10003522:	9c0d      	ldr	r4, [sp, #52]	@ 0x34
10003524:	2b09      	cmp	r3, #9
10003526:	d93a      	bls.n	1000359e <_vsnprintf+0x10a>
10003528:	2300      	movs	r3, #0
1000352a:	4698      	mov	r8, r3
1000352c:	282a      	cmp	r0, #42	@ 0x2a
1000352e:	d100      	bne.n	10003532 <_vsnprintf+0x9e>
10003530:	e0c1      	b.n	100036b6 <_vsnprintf+0x222>
10003532:	2300      	movs	r3, #0
10003534:	469a      	mov	sl, r3
10003536:	282e      	cmp	r0, #46	@ 0x2e
10003538:	d04b      	beq.n	100035d2 <_vsnprintf+0x13e>
1000353a:	0003      	movs	r3, r0
1000353c:	3b68      	subs	r3, #104	@ 0x68
1000353e:	b2db      	uxtb	r3, r3
10003540:	2b12      	cmp	r3, #18
10003542:	d81e      	bhi.n	10003582 <_vsnprintf+0xee>
10003544:	990e      	ldr	r1, [sp, #56]	@ 0x38
10003546:	009b      	lsls	r3, r3, #2
10003548:	58cb      	ldr	r3, [r1, r3]
1000354a:	469f      	mov	pc, r3
1000354c:	4663      	mov	r3, ip
1000354e:	000e      	movs	r6, r1
10003550:	431a      	orrs	r2, r3
10003552:	e7d8      	b.n	10003506 <_vsnprintf+0x72>
10003554:	4643      	mov	r3, r8
10003556:	000e      	movs	r6, r1
10003558:	431a      	orrs	r2, r3
1000355a:	e7d4      	b.n	10003506 <_vsnprintf+0x72>
1000355c:	464b      	mov	r3, r9
1000355e:	000e      	movs	r6, r1
10003560:	431a      	orrs	r2, r3
10003562:	e7d0      	b.n	10003506 <_vsnprintf+0x72>
10003564:	2310      	movs	r3, #16
10003566:	000e      	movs	r6, r1
10003568:	431a      	orrs	r2, r3
1000356a:	e7cc      	b.n	10003506 <_vsnprintf+0x72>
1000356c:	4653      	mov	r3, sl
1000356e:	000e      	movs	r6, r1
10003570:	431a      	orrs	r2, r3
10003572:	e7c8      	b.n	10003506 <_vsnprintf+0x72>
10003574:	2380      	movs	r3, #128	@ 0x80
10003576:	005b      	lsls	r3, r3, #1
10003578:	431a      	orrs	r2, r3
1000357a:	3bff      	subs	r3, #255	@ 0xff
1000357c:	469c      	mov	ip, r3
1000357e:	7870      	ldrb	r0, [r6, #1]
10003580:	44e1      	add	r9, ip
10003582:	464e      	mov	r6, r9
10003584:	2867      	cmp	r0, #103	@ 0x67
10003586:	d84f      	bhi.n	10003628 <_vsnprintf+0x194>
10003588:	2824      	cmp	r0, #36	@ 0x24
1000358a:	d9a4      	bls.n	100034d6 <_vsnprintf+0x42>
1000358c:	0003      	movs	r3, r0
1000358e:	3b25      	subs	r3, #37	@ 0x25
10003590:	b2db      	uxtb	r3, r3
10003592:	2b42      	cmp	r3, #66	@ 0x42
10003594:	d89f      	bhi.n	100034d6 <_vsnprintf+0x42>
10003596:	4996      	ldr	r1, [pc, #600]	@ (100037f0 <_vsnprintf+0x35c>)
10003598:	009b      	lsls	r3, r3, #2
1000359a:	58cb      	ldr	r3, [r1, r3]
1000359c:	469f      	mov	pc, r3
1000359e:	2300      	movs	r3, #0
100035a0:	4694      	mov	ip, r2
100035a2:	001e      	movs	r6, r3
100035a4:	e000      	b.n	100035a8 <_vsnprintf+0x114>
100035a6:	3101      	adds	r1, #1
100035a8:	00b3      	lsls	r3, r6, #2
100035aa:	199b      	adds	r3, r3, r6
100035ac:	005b      	lsls	r3, r3, #1
100035ae:	181e      	adds	r6, r3, r0
100035b0:	7808      	ldrb	r0, [r1, #0]
100035b2:	3e30      	subs	r6, #48	@ 0x30
100035b4:	0003      	movs	r3, r0
100035b6:	3b30      	subs	r3, #48	@ 0x30
100035b8:	2b09      	cmp	r3, #9
100035ba:	d9f4      	bls.n	100035a6 <_vsnprintf+0x112>
100035bc:	2301      	movs	r3, #1
100035be:	4662      	mov	r2, ip
100035c0:	4689      	mov	r9, r1
100035c2:	469c      	mov	ip, r3
100035c4:	2300      	movs	r3, #0
100035c6:	46b0      	mov	r8, r6
100035c8:	469a      	mov	sl, r3
100035ca:	000e      	movs	r6, r1
100035cc:	44e1      	add	r9, ip
100035ce:	282e      	cmp	r0, #46	@ 0x2e
100035d0:	d1b3      	bne.n	1000353a <_vsnprintf+0xa6>
100035d2:	2130      	movs	r1, #48	@ 0x30
100035d4:	2080      	movs	r0, #128	@ 0x80
100035d6:	4249      	negs	r1, r1
100035d8:	468c      	mov	ip, r1
100035da:	00c0      	lsls	r0, r0, #3
100035dc:	4302      	orrs	r2, r0
100035de:	7870      	ldrb	r0, [r6, #1]
100035e0:	464b      	mov	r3, r9
100035e2:	4484      	add	ip, r0
100035e4:	4661      	mov	r1, ip
100035e6:	2909      	cmp	r1, #9
100035e8:	d800      	bhi.n	100035ec <_vsnprintf+0x158>
100035ea:	e16c      	b.n	100038c6 <_vsnprintf+0x432>
100035ec:	282a      	cmp	r0, #42	@ 0x2a
100035ee:	d100      	bne.n	100035f2 <_vsnprintf+0x15e>
100035f0:	e17a      	b.n	100038e8 <_vsnprintf+0x454>
100035f2:	2301      	movs	r3, #1
100035f4:	469c      	mov	ip, r3
100035f6:	464e      	mov	r6, r9
100035f8:	44e1      	add	r9, ip
100035fa:	e79e      	b.n	1000353a <_vsnprintf+0xa6>
100035fc:	46a1      	mov	r9, r4
100035fe:	46a8      	mov	r8, r5
10003600:	46ba      	mov	sl, r7
10003602:	45ca      	cmp	sl, r9
10003604:	d803      	bhi.n	1000360e <_vsnprintf+0x17a>
10003606:	2301      	movs	r3, #1
10003608:	425b      	negs	r3, r3
1000360a:	4453      	add	r3, sl
1000360c:	4699      	mov	r9, r3
1000360e:	4653      	mov	r3, sl
10003610:	464a      	mov	r2, r9
10003612:	4659      	mov	r1, fp
10003614:	2000      	movs	r0, #0
10003616:	47c0      	blx	r8
10003618:	0020      	movs	r0, r4
1000361a:	b025      	add	sp, #148	@ 0x94
1000361c:	bcf0      	pop	{r4, r5, r6, r7}
1000361e:	46bb      	mov	fp, r7
10003620:	46b2      	mov	sl, r6
10003622:	46a9      	mov	r9, r5
10003624:	46a0      	mov	r8, r4
10003626:	bdf0      	pop	{r4, r5, r6, r7, pc}
10003628:	0003      	movs	r3, r0
1000362a:	3b69      	subs	r3, #105	@ 0x69
1000362c:	b2db      	uxtb	r3, r3
1000362e:	930d      	str	r3, [sp, #52]	@ 0x34
10003630:	2b0f      	cmp	r3, #15
10003632:	d900      	bls.n	10003636 <_vsnprintf+0x1a2>
10003634:	e74f      	b.n	100034d6 <_vsnprintf+0x42>
10003636:	2101      	movs	r1, #1
10003638:	4099      	lsls	r1, r3
1000363a:	468c      	mov	ip, r1
1000363c:	496d      	ldr	r1, [pc, #436]	@ (100037f4 <_vsnprintf+0x360>)
1000363e:	4689      	mov	r9, r1
10003640:	4661      	mov	r1, ip
10003642:	464b      	mov	r3, r9
10003644:	4019      	ands	r1, r3
10003646:	910f      	str	r1, [sp, #60]	@ 0x3c
10003648:	4663      	mov	r3, ip
1000364a:	4649      	mov	r1, r9
1000364c:	420b      	tst	r3, r1
1000364e:	d000      	beq.n	10003652 <_vsnprintf+0x1be>
10003650:	e128      	b.n	100038a4 <_vsnprintf+0x410>
10003652:	9b0d      	ldr	r3, [sp, #52]	@ 0x34
10003654:	2b0a      	cmp	r3, #10
10003656:	d03a      	beq.n	100036ce <_vsnprintf+0x23a>
10003658:	2b07      	cmp	r3, #7
1000365a:	d000      	beq.n	1000365e <_vsnprintf+0x1ca>
1000365c:	e73b      	b.n	100034d6 <_vsnprintf+0x42>
1000365e:	9b0c      	ldr	r3, [sp, #48]	@ 0x30
10003660:	0019      	movs	r1, r3
10003662:	c908      	ldmia	r1!, {r3}
10003664:	4688      	mov	r8, r1
10003666:	2b00      	cmp	r3, #0
10003668:	d100      	bne.n	1000366c <_vsnprintf+0x1d8>
1000366a:	e14b      	b.n	10003904 <_vsnprintf+0x470>
1000366c:	2021      	movs	r0, #33	@ 0x21
1000366e:	4302      	orrs	r2, r0
10003670:	4691      	mov	r9, r2
10003672:	a914      	add	r1, sp, #80	@ 0x50
10003674:	468c      	mov	ip, r1
10003676:	221f      	movs	r2, #31
10003678:	210f      	movs	r1, #15
1000367a:	4462      	add	r2, ip
1000367c:	468c      	mov	ip, r1
1000367e:	4651      	mov	r1, sl
10003680:	950d      	str	r5, [sp, #52]	@ 0x34
10003682:	910c      	str	r1, [sp, #48]	@ 0x30
10003684:	46a2      	mov	sl, r4
10003686:	0015      	movs	r5, r2
10003688:	990f      	ldr	r1, [sp, #60]	@ 0x3c
1000368a:	e002      	b.n	10003692 <_vsnprintf+0x1fe>
1000368c:	2920      	cmp	r1, #32
1000368e:	d00c      	beq.n	100036aa <_vsnprintf+0x216>
10003690:	0013      	movs	r3, r2
10003692:	4664      	mov	r4, ip
10003694:	401c      	ands	r4, r3
10003696:	0020      	movs	r0, r4
10003698:	3037      	adds	r0, #55	@ 0x37
1000369a:	2c09      	cmp	r4, #9
1000369c:	d800      	bhi.n	100036a0 <_vsnprintf+0x20c>
1000369e:	3807      	subs	r0, #7
100036a0:	3101      	adds	r1, #1
100036a2:	5468      	strb	r0, [r5, r1]
100036a4:	091a      	lsrs	r2, r3, #4
100036a6:	2b0f      	cmp	r3, #15
100036a8:	d8f0      	bhi.n	1000368c <_vsnprintf+0x1f8>
100036aa:	9b0c      	ldr	r3, [sp, #48]	@ 0x30
100036ac:	4654      	mov	r4, sl
100036ae:	9d0d      	ldr	r5, [sp, #52]	@ 0x34
100036b0:	469a      	mov	sl, r3
100036b2:	910f      	str	r1, [sp, #60]	@ 0x3c
100036b4:	e133      	b.n	1000391e <_vsnprintf+0x48a>
100036b6:	9b0c      	ldr	r3, [sp, #48]	@ 0x30
100036b8:	cb02      	ldmia	r3!, {r1}
100036ba:	4688      	mov	r8, r1
100036bc:	2900      	cmp	r1, #0
100036be:	db47      	blt.n	10003750 <_vsnprintf+0x2bc>
100036c0:	930c      	str	r3, [sp, #48]	@ 0x30
100036c2:	2301      	movs	r3, #1
100036c4:	469c      	mov	ip, r3
100036c6:	7870      	ldrb	r0, [r6, #1]
100036c8:	464e      	mov	r6, r9
100036ca:	44e1      	add	r9, ip
100036cc:	e731      	b.n	10003532 <_vsnprintf+0x9e>
100036ce:	9b0c      	ldr	r3, [sp, #48]	@ 0x30
100036d0:	cb02      	ldmia	r3!, {r1}
100036d2:	9314      	str	r3, [sp, #80]	@ 0x50
100036d4:	4653      	mov	r3, sl
100036d6:	2b00      	cmp	r3, #0
100036d8:	d100      	bne.n	100036dc <_vsnprintf+0x248>
100036da:	e138      	b.n	1000394e <_vsnprintf+0x4ba>
100036dc:	469c      	mov	ip, r3
100036de:	7808      	ldrb	r0, [r1, #0]
100036e0:	000b      	movs	r3, r1
100036e2:	900c      	str	r0, [sp, #48]	@ 0x30
100036e4:	448c      	add	ip, r1
100036e6:	2800      	cmp	r0, #0
100036e8:	d101      	bne.n	100036ee <_vsnprintf+0x25a>
100036ea:	f000 fc98 	bl	1000401e <_vsnprintf+0xb8a>
100036ee:	4689      	mov	r9, r1
100036f0:	4661      	mov	r1, ip
100036f2:	4694      	mov	ip, r2
100036f4:	e003      	b.n	100036fe <_vsnprintf+0x26a>
100036f6:	785a      	ldrb	r2, [r3, #1]
100036f8:	3301      	adds	r3, #1
100036fa:	2a00      	cmp	r2, #0
100036fc:	d001      	beq.n	10003702 <_vsnprintf+0x26e>
100036fe:	428b      	cmp	r3, r1
10003700:	d1f9      	bne.n	100036f6 <_vsnprintf+0x262>
10003702:	4649      	mov	r1, r9
10003704:	4662      	mov	r2, ip
10003706:	1a5b      	subs	r3, r3, r1
10003708:	900c      	str	r0, [sp, #48]	@ 0x30
1000370a:	930f      	str	r3, [sp, #60]	@ 0x3c
1000370c:	0553      	lsls	r3, r2, #21
1000370e:	d500      	bpl.n	10003712 <_vsnprintf+0x27e>
10003710:	e120      	b.n	10003954 <_vsnprintf+0x4c0>
10003712:	2302      	movs	r3, #2
10003714:	0018      	movs	r0, r3
10003716:	4010      	ands	r0, r2
10003718:	900d      	str	r0, [sp, #52]	@ 0x34
1000371a:	4213      	tst	r3, r2
1000371c:	d100      	bne.n	10003720 <_vsnprintf+0x28c>
1000371e:	e3cb      	b.n	10003eb8 <_vsnprintf+0xa24>
10003720:	930d      	str	r3, [sp, #52]	@ 0x34
10003722:	1b0b      	subs	r3, r1, r4
10003724:	46b1      	mov	r9, r6
10003726:	469a      	mov	sl, r3
10003728:	465e      	mov	r6, fp
1000372a:	980c      	ldr	r0, [sp, #48]	@ 0x30
1000372c:	0022      	movs	r2, r4
1000372e:	003b      	movs	r3, r7
10003730:	0031      	movs	r1, r6
10003732:	47a8      	blx	r5
10003734:	4653      	mov	r3, sl
10003736:	3401      	adds	r4, #1
10003738:	5d18      	ldrb	r0, [r3, r4]
1000373a:	2800      	cmp	r0, #0
1000373c:	d1f6      	bne.n	1000372c <_vsnprintf+0x298>
1000373e:	46b3      	mov	fp, r6
10003740:	464e      	mov	r6, r9
10003742:	9b0d      	ldr	r3, [sp, #52]	@ 0x34
10003744:	2b00      	cmp	r3, #0
10003746:	d000      	beq.n	1000374a <_vsnprintf+0x2b6>
10003748:	e1c7      	b.n	10003ada <_vsnprintf+0x646>
1000374a:	9b14      	ldr	r3, [sp, #80]	@ 0x50
1000374c:	930c      	str	r3, [sp, #48]	@ 0x30
1000374e:	e6c9      	b.n	100034e4 <_vsnprintf+0x50>
10003750:	930c      	str	r3, [sp, #48]	@ 0x30
10003752:	2301      	movs	r3, #1
10003754:	469c      	mov	ip, r3
10003756:	3828      	subs	r0, #40	@ 0x28
10003758:	4249      	negs	r1, r1
1000375a:	4302      	orrs	r2, r0
1000375c:	4688      	mov	r8, r1
1000375e:	7870      	ldrb	r0, [r6, #1]
10003760:	464e      	mov	r6, r9
10003762:	44e1      	add	r9, ip
10003764:	e6e5      	b.n	10003532 <_vsnprintf+0x9e>
10003766:	7870      	ldrb	r0, [r6, #1]
10003768:	286c      	cmp	r0, #108	@ 0x6c
1000376a:	d100      	bne.n	1000376e <_vsnprintf+0x2da>
1000376c:	e17f      	b.n	10003a6e <_vsnprintf+0x5da>
1000376e:	2380      	movs	r3, #128	@ 0x80
10003770:	005b      	lsls	r3, r3, #1
10003772:	431a      	orrs	r2, r3
10003774:	3bff      	subs	r3, #255	@ 0xff
10003776:	469c      	mov	ip, r3
10003778:	44e1      	add	r9, ip
1000377a:	e702      	b.n	10003582 <_vsnprintf+0xee>
1000377c:	2380      	movs	r3, #128	@ 0x80
1000377e:	009b      	lsls	r3, r3, #2
10003780:	431a      	orrs	r2, r3
10003782:	2301      	movs	r3, #1
10003784:	469c      	mov	ip, r3
10003786:	7870      	ldrb	r0, [r6, #1]
10003788:	44e1      	add	r9, ip
1000378a:	e6fa      	b.n	10003582 <_vsnprintf+0xee>
1000378c:	7870      	ldrb	r0, [r6, #1]
1000378e:	2868      	cmp	r0, #104	@ 0x68
10003790:	d100      	bne.n	10003794 <_vsnprintf+0x300>
10003792:	e173      	b.n	10003a7c <_vsnprintf+0x5e8>
10003794:	2380      	movs	r3, #128	@ 0x80
10003796:	431a      	orrs	r2, r3
10003798:	3b7f      	subs	r3, #127	@ 0x7f
1000379a:	469c      	mov	ip, r3
1000379c:	44e1      	add	r9, ip
1000379e:	e6f0      	b.n	10003582 <_vsnprintf+0xee>
100037a0:	2867      	cmp	r0, #103	@ 0x67
100037a2:	d100      	bne.n	100037a6 <_vsnprintf+0x312>
100037a4:	e103      	b.n	100039ae <_vsnprintf+0x51a>
100037a6:	2847      	cmp	r0, #71	@ 0x47
100037a8:	d100      	bne.n	100037ac <_vsnprintf+0x318>
100037aa:	e15a      	b.n	10003a62 <_vsnprintf+0x5ce>
100037ac:	2845      	cmp	r0, #69	@ 0x45
100037ae:	d100      	bne.n	100037b2 <_vsnprintf+0x31e>
100037b0:	e15a      	b.n	10003a68 <_vsnprintf+0x5d4>
100037b2:	9204      	str	r2, [sp, #16]
100037b4:	2107      	movs	r1, #7
100037b6:	4642      	mov	r2, r8
100037b8:	9b0c      	ldr	r3, [sp, #48]	@ 0x30
100037ba:	9203      	str	r2, [sp, #12]
100037bc:	3307      	adds	r3, #7
100037be:	4652      	mov	r2, sl
100037c0:	438b      	bics	r3, r1
100037c2:	0019      	movs	r1, r3
100037c4:	9202      	str	r2, [sp, #8]
100037c6:	c90c      	ldmia	r1!, {r2, r3}
100037c8:	0028      	movs	r0, r5
100037ca:	9200      	str	r2, [sp, #0]
100037cc:	9301      	str	r3, [sp, #4]
100037ce:	910c      	str	r1, [sp, #48]	@ 0x30
100037d0:	0022      	movs	r2, r4
100037d2:	003b      	movs	r3, r7
100037d4:	4659      	mov	r1, fp
100037d6:	f7ff fb9f 	bl	10002f18 <_etoa>
100037da:	0004      	movs	r4, r0
100037dc:	e682      	b.n	100034e4 <_vsnprintf+0x50>
100037de:	46c0      	nop			@ (mov r8, r8)
100037e0:	10003495 	.word	0x10003495
100037e4:	20002b40 	.word	0x20002b40
100037e8:	100070bc 	.word	0x100070bc
100037ec:	10007100 	.word	0x10007100
100037f0:	1000714c 	.word	0x1000714c
100037f4:	00009041 	.word	0x00009041
100037f8:	2846      	cmp	r0, #70	@ 0x46
100037fa:	d100      	bne.n	100037fe <_vsnprintf+0x36a>
100037fc:	e0db      	b.n	100039b6 <_vsnprintf+0x522>
100037fe:	9204      	str	r2, [sp, #16]
10003800:	2107      	movs	r1, #7
10003802:	4642      	mov	r2, r8
10003804:	9b0c      	ldr	r3, [sp, #48]	@ 0x30
10003806:	9203      	str	r2, [sp, #12]
10003808:	3307      	adds	r3, #7
1000380a:	4652      	mov	r2, sl
1000380c:	438b      	bics	r3, r1
1000380e:	0019      	movs	r1, r3
10003810:	9202      	str	r2, [sp, #8]
10003812:	c90c      	ldmia	r1!, {r2, r3}
10003814:	0028      	movs	r0, r5
10003816:	9200      	str	r2, [sp, #0]
10003818:	9301      	str	r3, [sp, #4]
1000381a:	910c      	str	r1, [sp, #48]	@ 0x30
1000381c:	0022      	movs	r2, r4
1000381e:	003b      	movs	r3, r7
10003820:	4659      	mov	r1, fp
10003822:	f7ff f925 	bl	10002a70 <_ftoa>
10003826:	0004      	movs	r4, r0
10003828:	e65c      	b.n	100034e4 <_vsnprintf+0x50>
1000382a:	1c63      	adds	r3, r4, #1
1000382c:	4698      	mov	r8, r3
1000382e:	0022      	movs	r2, r4
10003830:	003b      	movs	r3, r7
10003832:	4659      	mov	r1, fp
10003834:	2025      	movs	r0, #37	@ 0x25
10003836:	47a8      	blx	r5
10003838:	4644      	mov	r4, r8
1000383a:	e653      	b.n	100034e4 <_vsnprintf+0x50>
1000383c:	9b0c      	ldr	r3, [sp, #48]	@ 0x30
1000383e:	3304      	adds	r3, #4
10003840:	930d      	str	r3, [sp, #52]	@ 0x34
10003842:	1c63      	adds	r3, r4, #1
10003844:	4699      	mov	r9, r3
10003846:	0792      	lsls	r2, r2, #30
10003848:	d400      	bmi.n	1000384c <_vsnprintf+0x3b8>
1000384a:	e122      	b.n	10003a92 <_vsnprintf+0x5fe>
1000384c:	9b0c      	ldr	r3, [sp, #48]	@ 0x30
1000384e:	0022      	movs	r2, r4
10003850:	7818      	ldrb	r0, [r3, #0]
10003852:	4659      	mov	r1, fp
10003854:	003b      	movs	r3, r7
10003856:	47a8      	blx	r5
10003858:	4643      	mov	r3, r8
1000385a:	4444      	add	r4, r8
1000385c:	2b01      	cmp	r3, #1
1000385e:	d800      	bhi.n	10003862 <_vsnprintf+0x3ce>
10003860:	e285      	b.n	10003d6e <_vsnprintf+0x8da>
10003862:	0033      	movs	r3, r6
10003864:	46b8      	mov	r8, r7
10003866:	002e      	movs	r6, r5
10003868:	465f      	mov	r7, fp
1000386a:	0025      	movs	r5, r4
1000386c:	464c      	mov	r4, r9
1000386e:	4699      	mov	r9, r3
10003870:	0022      	movs	r2, r4
10003872:	4643      	mov	r3, r8
10003874:	3401      	adds	r4, #1
10003876:	0039      	movs	r1, r7
10003878:	2020      	movs	r0, #32
1000387a:	47b0      	blx	r6
1000387c:	42ac      	cmp	r4, r5
1000387e:	d1f7      	bne.n	10003870 <_vsnprintf+0x3dc>
10003880:	002c      	movs	r4, r5
10003882:	46bb      	mov	fp, r7
10003884:	0035      	movs	r5, r6
10003886:	4647      	mov	r7, r8
10003888:	464e      	mov	r6, r9
1000388a:	9b0d      	ldr	r3, [sp, #52]	@ 0x34
1000388c:	930c      	str	r3, [sp, #48]	@ 0x30
1000388e:	e629      	b.n	100034e4 <_vsnprintf+0x50>
10003890:	4bdb      	ldr	r3, [pc, #876]	@ (10003c00 <_vsnprintf+0x76c>)
10003892:	7830      	ldrb	r0, [r6, #0]
10003894:	4698      	mov	r8, r3
10003896:	2300      	movs	r3, #0
10003898:	4699      	mov	r9, r3
1000389a:	2800      	cmp	r0, #0
1000389c:	d000      	beq.n	100038a0 <_vsnprintf+0x40c>
1000389e:	e612      	b.n	100034c6 <_vsnprintf+0x32>
100038a0:	2400      	movs	r4, #0
100038a2:	e6ae      	b.n	10003602 <_vsnprintf+0x16e>
100038a4:	286f      	cmp	r0, #111	@ 0x6f
100038a6:	d100      	bne.n	100038aa <_vsnprintf+0x416>
100038a8:	e088      	b.n	100039bc <_vsnprintf+0x528>
100038aa:	d800      	bhi.n	100038ae <_vsnprintf+0x41a>
100038ac:	e30b      	b.n	10003ec6 <_vsnprintf+0xa32>
100038ae:	2310      	movs	r3, #16
100038b0:	2878      	cmp	r0, #120	@ 0x78
100038b2:	d100      	bne.n	100038b6 <_vsnprintf+0x422>
100038b4:	e0cf      	b.n	10003a56 <_vsnprintf+0x5c2>
100038b6:	439a      	bics	r2, r3
100038b8:	230a      	movs	r3, #10
100038ba:	469c      	mov	ip, r3
100038bc:	2300      	movs	r3, #0
100038be:	930f      	str	r3, [sp, #60]	@ 0x3c
100038c0:	330a      	adds	r3, #10
100038c2:	930d      	str	r3, [sp, #52]	@ 0x34
100038c4:	e080      	b.n	100039c8 <_vsnprintf+0x534>
100038c6:	4656      	mov	r6, sl
100038c8:	00b1      	lsls	r1, r6, #2
100038ca:	1989      	adds	r1, r1, r6
100038cc:	0049      	lsls	r1, r1, #1
100038ce:	3301      	adds	r3, #1
100038d0:	180e      	adds	r6, r1, r0
100038d2:	7818      	ldrb	r0, [r3, #0]
100038d4:	3e30      	subs	r6, #48	@ 0x30
100038d6:	0001      	movs	r1, r0
100038d8:	3930      	subs	r1, #48	@ 0x30
100038da:	2909      	cmp	r1, #9
100038dc:	d9f4      	bls.n	100038c8 <_vsnprintf+0x434>
100038de:	46b2      	mov	sl, r6
100038e0:	001e      	movs	r6, r3
100038e2:	3301      	adds	r3, #1
100038e4:	4699      	mov	r9, r3
100038e6:	e628      	b.n	1000353a <_vsnprintf+0xa6>
100038e8:	9b0c      	ldr	r3, [sp, #48]	@ 0x30
100038ea:	3602      	adds	r6, #2
100038ec:	cb02      	ldmia	r3!, {r1}
100038ee:	468a      	mov	sl, r1
100038f0:	43c9      	mvns	r1, r1
100038f2:	4650      	mov	r0, sl
100038f4:	17c9      	asrs	r1, r1, #31
100038f6:	4008      	ands	r0, r1
100038f8:	4682      	mov	sl, r0
100038fa:	930c      	str	r3, [sp, #48]	@ 0x30
100038fc:	7830      	ldrb	r0, [r6, #0]
100038fe:	1c73      	adds	r3, r6, #1
10003900:	4699      	mov	r9, r3
10003902:	e61a      	b.n	1000353a <_vsnprintf+0xa6>
10003904:	2310      	movs	r3, #16
10003906:	0010      	movs	r0, r2
10003908:	4398      	bics	r0, r3
1000390a:	3311      	adds	r3, #17
1000390c:	4318      	orrs	r0, r3
1000390e:	4681      	mov	r9, r0
10003910:	2080      	movs	r0, #128	@ 0x80
10003912:	0013      	movs	r3, r2
10003914:	00c0      	lsls	r0, r0, #3
10003916:	4003      	ands	r3, r0
10003918:	4202      	tst	r2, r0
1000391a:	d100      	bne.n	1000391e <_vsnprintf+0x48a>
1000391c:	e6a9      	b.n	10003672 <_vsnprintf+0x1de>
1000391e:	464b      	mov	r3, r9
10003920:	9306      	str	r3, [sp, #24]
10003922:	2308      	movs	r3, #8
10003924:	9305      	str	r3, [sp, #20]
10003926:	4653      	mov	r3, sl
10003928:	9304      	str	r3, [sp, #16]
1000392a:	2310      	movs	r3, #16
1000392c:	9303      	str	r3, [sp, #12]
1000392e:	2300      	movs	r3, #0
10003930:	9302      	str	r3, [sp, #8]
10003932:	9b0f      	ldr	r3, [sp, #60]	@ 0x3c
10003934:	0022      	movs	r2, r4
10003936:	9301      	str	r3, [sp, #4]
10003938:	ab1c      	add	r3, sp, #112	@ 0x70
1000393a:	9300      	str	r3, [sp, #0]
1000393c:	4659      	mov	r1, fp
1000393e:	003b      	movs	r3, r7
10003940:	0028      	movs	r0, r5
10003942:	f7fe ff9f 	bl	10002884 <_ntoa_format>
10003946:	4643      	mov	r3, r8
10003948:	0004      	movs	r4, r0
1000394a:	930c      	str	r3, [sp, #48]	@ 0x30
1000394c:	e5ca      	b.n	100034e4 <_vsnprintf+0x50>
1000394e:	2301      	movs	r3, #1
10003950:	425b      	negs	r3, r3
10003952:	e6c3      	b.n	100036dc <_vsnprintf+0x248>
10003954:	9b0f      	ldr	r3, [sp, #60]	@ 0x3c
10003956:	4553      	cmp	r3, sl
10003958:	d901      	bls.n	1000395e <_vsnprintf+0x4ca>
1000395a:	4653      	mov	r3, sl
1000395c:	930f      	str	r3, [sp, #60]	@ 0x3c
1000395e:	2302      	movs	r3, #2
10003960:	0018      	movs	r0, r3
10003962:	4010      	ands	r0, r2
10003964:	900d      	str	r0, [sp, #52]	@ 0x34
10003966:	4213      	tst	r3, r2
10003968:	d100      	bne.n	1000396c <_vsnprintf+0x4d8>
1000396a:	e1b7      	b.n	10003cdc <_vsnprintf+0x848>
1000396c:	930d      	str	r3, [sp, #52]	@ 0x34
1000396e:	46d1      	mov	r9, sl
10003970:	1b0b      	subs	r3, r1, r4
10003972:	469a      	mov	sl, r3
10003974:	0033      	movs	r3, r6
10003976:	44a1      	add	r9, r4
10003978:	002e      	movs	r6, r5
1000397a:	0022      	movs	r2, r4
1000397c:	464d      	mov	r5, r9
1000397e:	980c      	ldr	r0, [sp, #48]	@ 0x30
10003980:	46b9      	mov	r9, r7
10003982:	465f      	mov	r7, fp
10003984:	469b      	mov	fp, r3
10003986:	e008      	b.n	1000399a <_vsnprintf+0x506>
10003988:	464b      	mov	r3, r9
1000398a:	0039      	movs	r1, r7
1000398c:	1c54      	adds	r4, r2, #1
1000398e:	47b0      	blx	r6
10003990:	4653      	mov	r3, sl
10003992:	5d18      	ldrb	r0, [r3, r4]
10003994:	2800      	cmp	r0, #0
10003996:	d077      	beq.n	10003a88 <_vsnprintf+0x5f4>
10003998:	0022      	movs	r2, r4
1000399a:	4295      	cmp	r5, r2
1000399c:	d1f4      	bne.n	10003988 <_vsnprintf+0x4f4>
1000399e:	465b      	mov	r3, fp
100039a0:	46bb      	mov	fp, r7
100039a2:	464f      	mov	r7, r9
100039a4:	46a9      	mov	r9, r5
100039a6:	0035      	movs	r5, r6
100039a8:	464c      	mov	r4, r9
100039aa:	001e      	movs	r6, r3
100039ac:	e6c9      	b.n	10003742 <_vsnprintf+0x2ae>
100039ae:	2380      	movs	r3, #128	@ 0x80
100039b0:	011b      	lsls	r3, r3, #4
100039b2:	431a      	orrs	r2, r3
100039b4:	e6fd      	b.n	100037b2 <_vsnprintf+0x31e>
100039b6:	2320      	movs	r3, #32
100039b8:	431a      	orrs	r2, r3
100039ba:	e720      	b.n	100037fe <_vsnprintf+0x36a>
100039bc:	2308      	movs	r3, #8
100039be:	469c      	mov	ip, r3
100039c0:	2300      	movs	r3, #0
100039c2:	930f      	str	r3, [sp, #60]	@ 0x3c
100039c4:	3308      	adds	r3, #8
100039c6:	930d      	str	r3, [sp, #52]	@ 0x34
100039c8:	2380      	movs	r3, #128	@ 0x80
100039ca:	0011      	movs	r1, r2
100039cc:	00db      	lsls	r3, r3, #3
100039ce:	4019      	ands	r1, r3
100039d0:	421a      	tst	r2, r3
100039d2:	d100      	bne.n	100039d6 <_vsnprintf+0x542>
100039d4:	e116      	b.n	10003c04 <_vsnprintf+0x770>
100039d6:	230d      	movs	r3, #13
100039d8:	439a      	bics	r2, r3
100039da:	0010      	movs	r0, r2
100039dc:	2380      	movs	r3, #128	@ 0x80
100039de:	0002      	movs	r2, r0
100039e0:	009b      	lsls	r3, r3, #2
100039e2:	401a      	ands	r2, r3
100039e4:	9214      	str	r2, [sp, #80]	@ 0x50
100039e6:	4218      	tst	r0, r3
100039e8:	d000      	beq.n	100039ec <_vsnprintf+0x558>
100039ea:	e1c2      	b.n	10003d72 <_vsnprintf+0x8de>
100039ec:	2380      	movs	r3, #128	@ 0x80
100039ee:	0002      	movs	r2, r0
100039f0:	005b      	lsls	r3, r3, #1
100039f2:	401a      	ands	r2, r3
100039f4:	4691      	mov	r9, r2
100039f6:	9a0c      	ldr	r2, [sp, #48]	@ 0x30
100039f8:	3204      	adds	r2, #4
100039fa:	920f      	str	r2, [sp, #60]	@ 0x3c
100039fc:	4218      	tst	r0, r3
100039fe:	d000      	beq.n	10003a02 <_vsnprintf+0x56e>
10003a00:	e2b7      	b.n	10003f72 <_vsnprintf+0xade>
10003a02:	0643      	lsls	r3, r0, #25
10003a04:	d500      	bpl.n	10003a08 <_vsnprintf+0x574>
10003a06:	e19f      	b.n	10003d48 <_vsnprintf+0x8b4>
10003a08:	0603      	lsls	r3, r0, #24
10003a0a:	d400      	bmi.n	10003a0e <_vsnprintf+0x57a>
10003a0c:	e319      	b.n	10004042 <_vsnprintf+0xbae>
10003a0e:	9b0c      	ldr	r3, [sp, #48]	@ 0x30
10003a10:	881b      	ldrh	r3, [r3, #0]
10003a12:	9309      	str	r3, [sp, #36]	@ 0x24
10003a14:	2b00      	cmp	r3, #0
10003a16:	d000      	beq.n	10003a1a <_vsnprintf+0x586>
10003a18:	e1fc      	b.n	10003e14 <_vsnprintf+0x980>
10003a1a:	3310      	adds	r3, #16
10003a1c:	4398      	bics	r0, r3
10003a1e:	2900      	cmp	r1, #0
10003a20:	d100      	bne.n	10003a24 <_vsnprintf+0x590>
10003a22:	e1f7      	b.n	10003e14 <_vsnprintf+0x980>
10003a24:	2300      	movs	r3, #0
10003a26:	4699      	mov	r9, r3
10003a28:	4643      	mov	r3, r8
10003a2a:	9305      	str	r3, [sp, #20]
10003a2c:	4653      	mov	r3, sl
10003a2e:	9304      	str	r3, [sp, #16]
10003a30:	9b0d      	ldr	r3, [sp, #52]	@ 0x34
10003a32:	9006      	str	r0, [sp, #24]
10003a34:	9303      	str	r3, [sp, #12]
10003a36:	2300      	movs	r3, #0
10003a38:	e0d2      	b.n	10003be0 <_vsnprintf+0x74c>
10003a3a:	2858      	cmp	r0, #88	@ 0x58
10003a3c:	d008      	beq.n	10003a50 <_vsnprintf+0x5bc>
10003a3e:	2862      	cmp	r0, #98	@ 0x62
10003a40:	d167      	bne.n	10003b12 <_vsnprintf+0x67e>
10003a42:	2302      	movs	r3, #2
10003a44:	469c      	mov	ip, r3
10003a46:	2300      	movs	r3, #0
10003a48:	930f      	str	r3, [sp, #60]	@ 0x3c
10003a4a:	3302      	adds	r3, #2
10003a4c:	930d      	str	r3, [sp, #52]	@ 0x34
10003a4e:	e7bb      	b.n	100039c8 <_vsnprintf+0x534>
10003a50:	2320      	movs	r3, #32
10003a52:	431a      	orrs	r2, r3
10003a54:	3b10      	subs	r3, #16
10003a56:	469c      	mov	ip, r3
10003a58:	2300      	movs	r3, #0
10003a5a:	930f      	str	r3, [sp, #60]	@ 0x3c
10003a5c:	3310      	adds	r3, #16
10003a5e:	930d      	str	r3, [sp, #52]	@ 0x34
10003a60:	e7b2      	b.n	100039c8 <_vsnprintf+0x534>
10003a62:	2380      	movs	r3, #128	@ 0x80
10003a64:	011b      	lsls	r3, r3, #4
10003a66:	431a      	orrs	r2, r3
10003a68:	2320      	movs	r3, #32
10003a6a:	431a      	orrs	r2, r3
10003a6c:	e6a1      	b.n	100037b2 <_vsnprintf+0x31e>
10003a6e:	23c0      	movs	r3, #192	@ 0xc0
10003a70:	009b      	lsls	r3, r3, #2
10003a72:	431a      	orrs	r2, r3
10003a74:	1cf3      	adds	r3, r6, #3
10003a76:	4699      	mov	r9, r3
10003a78:	78b0      	ldrb	r0, [r6, #2]
10003a7a:	e582      	b.n	10003582 <_vsnprintf+0xee>
10003a7c:	23c0      	movs	r3, #192	@ 0xc0
10003a7e:	431a      	orrs	r2, r3
10003a80:	1cf3      	adds	r3, r6, #3
10003a82:	4699      	mov	r9, r3
10003a84:	78b0      	ldrb	r0, [r6, #2]
10003a86:	e57c      	b.n	10003582 <_vsnprintf+0xee>
10003a88:	0035      	movs	r5, r6
10003a8a:	465e      	mov	r6, fp
10003a8c:	46bb      	mov	fp, r7
10003a8e:	464f      	mov	r7, r9
10003a90:	e657      	b.n	10003742 <_vsnprintf+0x2ae>
10003a92:	4643      	mov	r3, r8
10003a94:	2b01      	cmp	r3, #1
10003a96:	d800      	bhi.n	10003a9a <_vsnprintf+0x606>
10003a98:	e163      	b.n	10003d62 <_vsnprintf+0x8ce>
10003a9a:	1e63      	subs	r3, r4, #1
10003a9c:	4443      	add	r3, r8
10003a9e:	469a      	mov	sl, r3
10003aa0:	0033      	movs	r3, r6
10003aa2:	46b9      	mov	r9, r7
10003aa4:	002e      	movs	r6, r5
10003aa6:	465f      	mov	r7, fp
10003aa8:	4655      	mov	r5, sl
10003aaa:	469b      	mov	fp, r3
10003aac:	46a2      	mov	sl, r4
10003aae:	0022      	movs	r2, r4
10003ab0:	464b      	mov	r3, r9
10003ab2:	3401      	adds	r4, #1
10003ab4:	0039      	movs	r1, r7
10003ab6:	2020      	movs	r0, #32
10003ab8:	47b0      	blx	r6
10003aba:	42ac      	cmp	r4, r5
10003abc:	d1f7      	bne.n	10003aae <_vsnprintf+0x61a>
10003abe:	0035      	movs	r5, r6
10003ac0:	465e      	mov	r6, fp
10003ac2:	46bb      	mov	fp, r7
10003ac4:	464f      	mov	r7, r9
10003ac6:	46a1      	mov	r9, r4
10003ac8:	4654      	mov	r4, sl
10003aca:	9b0c      	ldr	r3, [sp, #48]	@ 0x30
10003acc:	464a      	mov	r2, r9
10003ace:	7818      	ldrb	r0, [r3, #0]
10003ad0:	4659      	mov	r1, fp
10003ad2:	003b      	movs	r3, r7
10003ad4:	4444      	add	r4, r8
10003ad6:	47a8      	blx	r5
10003ad8:	e6d7      	b.n	1000388a <_vsnprintf+0x3f6>
10003ada:	46a1      	mov	r9, r4
10003adc:	9b0f      	ldr	r3, [sp, #60]	@ 0x3c
10003ade:	4598      	cmp	r8, r3
10003ae0:	d800      	bhi.n	10003ae4 <_vsnprintf+0x650>
10003ae2:	e632      	b.n	1000374a <_vsnprintf+0x2b6>
10003ae4:	4444      	add	r4, r8
10003ae6:	1ae4      	subs	r4, r4, r3
10003ae8:	0033      	movs	r3, r6
10003aea:	46b8      	mov	r8, r7
10003aec:	002e      	movs	r6, r5
10003aee:	465f      	mov	r7, fp
10003af0:	0025      	movs	r5, r4
10003af2:	464c      	mov	r4, r9
10003af4:	4699      	mov	r9, r3
10003af6:	0022      	movs	r2, r4
10003af8:	4643      	mov	r3, r8
10003afa:	3401      	adds	r4, #1
10003afc:	0039      	movs	r1, r7
10003afe:	2020      	movs	r0, #32
10003b00:	47b0      	blx	r6
10003b02:	42ac      	cmp	r4, r5
10003b04:	d1f7      	bne.n	10003af6 <_vsnprintf+0x662>
10003b06:	002c      	movs	r4, r5
10003b08:	46bb      	mov	fp, r7
10003b0a:	0035      	movs	r5, r6
10003b0c:	4647      	mov	r7, r8
10003b0e:	464e      	mov	r6, r9
10003b10:	e61b      	b.n	1000374a <_vsnprintf+0x2b6>
10003b12:	2380      	movs	r3, #128	@ 0x80
10003b14:	0010      	movs	r0, r2
10003b16:	00db      	lsls	r3, r3, #3
10003b18:	4018      	ands	r0, r3
10003b1a:	421a      	tst	r2, r3
10003b1c:	d100      	bne.n	10003b20 <_vsnprintf+0x68c>
10003b1e:	e10f      	b.n	10003d40 <_vsnprintf+0x8ac>
10003b20:	2111      	movs	r1, #17
10003b22:	0018      	movs	r0, r3
10003b24:	438a      	bics	r2, r1
10003b26:	920d      	str	r2, [sp, #52]	@ 0x34
10003b28:	9a0d      	ldr	r2, [sp, #52]	@ 0x34
10003b2a:	2380      	movs	r3, #128	@ 0x80
10003b2c:	0011      	movs	r1, r2
10003b2e:	009b      	lsls	r3, r3, #2
10003b30:	4019      	ands	r1, r3
10003b32:	468c      	mov	ip, r1
10003b34:	421a      	tst	r2, r3
10003b36:	d169      	bne.n	10003c0c <_vsnprintf+0x778>
10003b38:	2380      	movs	r3, #128	@ 0x80
10003b3a:	0011      	movs	r1, r2
10003b3c:	005b      	lsls	r3, r3, #1
10003b3e:	4019      	ands	r1, r3
10003b40:	4689      	mov	r9, r1
10003b42:	990c      	ldr	r1, [sp, #48]	@ 0x30
10003b44:	3104      	adds	r1, #4
10003b46:	910f      	str	r1, [sp, #60]	@ 0x3c
10003b48:	421a      	tst	r2, r3
10003b4a:	d000      	beq.n	10003b4e <_vsnprintf+0x6ba>
10003b4c:	e1ca      	b.n	10003ee4 <_vsnprintf+0xa50>
10003b4e:	0013      	movs	r3, r2
10003b50:	065b      	lsls	r3, r3, #25
10003b52:	d500      	bpl.n	10003b56 <_vsnprintf+0x6c2>
10003b54:	e0f0      	b.n	10003d38 <_vsnprintf+0x8a4>
10003b56:	0013      	movs	r3, r2
10003b58:	061b      	lsls	r3, r3, #24
10003b5a:	d400      	bmi.n	10003b5e <_vsnprintf+0x6ca>
10003b5c:	e259      	b.n	10004012 <_vsnprintf+0xb7e>
10003b5e:	9b0c      	ldr	r3, [sp, #48]	@ 0x30
10003b60:	2200      	movs	r2, #0
10003b62:	5e9b      	ldrsh	r3, [r3, r2]
10003b64:	17d9      	asrs	r1, r3, #31
10003b66:	185a      	adds	r2, r3, r1
10003b68:	404a      	eors	r2, r1
10003b6a:	b292      	uxth	r2, r2
10003b6c:	0fd9      	lsrs	r1, r3, #31
10003b6e:	910c      	str	r1, [sp, #48]	@ 0x30
10003b70:	2b00      	cmp	r3, #0
10003b72:	d100      	bne.n	10003b76 <_vsnprintf+0x6e2>
10003b74:	e1f9      	b.n	10003f6a <_vsnprintf+0xad6>
10003b76:	0010      	movs	r0, r2
10003b78:	aa14      	add	r2, sp, #80	@ 0x50
10003b7a:	4694      	mov	ip, r2
10003b7c:	4642      	mov	r2, r8
10003b7e:	231f      	movs	r3, #31
10003b80:	9214      	str	r2, [sp, #80]	@ 0x50
10003b82:	4652      	mov	r2, sl
10003b84:	4463      	add	r3, ip
10003b86:	46a8      	mov	r8, r5
10003b88:	9416      	str	r4, [sp, #88]	@ 0x58
10003b8a:	464d      	mov	r5, r9
10003b8c:	0004      	movs	r4, r0
10003b8e:	46b9      	mov	r9, r7
10003b90:	46b2      	mov	sl, r6
10003b92:	001f      	movs	r7, r3
10003b94:	9215      	str	r2, [sp, #84]	@ 0x54
10003b96:	e001      	b.n	10003b9c <_vsnprintf+0x708>
10003b98:	2d20      	cmp	r5, #32
10003b9a:	d00f      	beq.n	10003bbc <_vsnprintf+0x728>
10003b9c:	0020      	movs	r0, r4
10003b9e:	210a      	movs	r1, #10
10003ba0:	f7fd ff7e 	bl	10001aa0 <__wrap___aeabi_uidiv>
10003ba4:	3501      	adds	r5, #1
10003ba6:	197e      	adds	r6, r7, r5
10003ba8:	3130      	adds	r1, #48	@ 0x30
10003baa:	7031      	strb	r1, [r6, #0]
10003bac:	0020      	movs	r0, r4
10003bae:	210a      	movs	r1, #10
10003bb0:	f7fd ff76 	bl	10001aa0 <__wrap___aeabi_uidiv>
10003bb4:	0026      	movs	r6, r4
10003bb6:	0004      	movs	r4, r0
10003bb8:	2e09      	cmp	r6, #9
10003bba:	d8ed      	bhi.n	10003b98 <_vsnprintf+0x704>
10003bbc:	9b14      	ldr	r3, [sp, #80]	@ 0x50
10003bbe:	464f      	mov	r7, r9
10003bc0:	46a9      	mov	r9, r5
10003bc2:	4645      	mov	r5, r8
10003bc4:	4698      	mov	r8, r3
10003bc6:	9b15      	ldr	r3, [sp, #84]	@ 0x54
10003bc8:	4656      	mov	r6, sl
10003bca:	469a      	mov	sl, r3
10003bcc:	9c16      	ldr	r4, [sp, #88]	@ 0x58
10003bce:	9b0d      	ldr	r3, [sp, #52]	@ 0x34
10003bd0:	9306      	str	r3, [sp, #24]
10003bd2:	4643      	mov	r3, r8
10003bd4:	9305      	str	r3, [sp, #20]
10003bd6:	4653      	mov	r3, sl
10003bd8:	9304      	str	r3, [sp, #16]
10003bda:	230a      	movs	r3, #10
10003bdc:	9303      	str	r3, [sp, #12]
10003bde:	9b0c      	ldr	r3, [sp, #48]	@ 0x30
10003be0:	9302      	str	r3, [sp, #8]
10003be2:	464b      	mov	r3, r9
10003be4:	9301      	str	r3, [sp, #4]
10003be6:	ab1c      	add	r3, sp, #112	@ 0x70
10003be8:	0022      	movs	r2, r4
10003bea:	9300      	str	r3, [sp, #0]
10003bec:	4659      	mov	r1, fp
10003bee:	003b      	movs	r3, r7
10003bf0:	0028      	movs	r0, r5
10003bf2:	f7fe fe47 	bl	10002884 <_ntoa_format>
10003bf6:	9b0f      	ldr	r3, [sp, #60]	@ 0x3c
10003bf8:	0004      	movs	r4, r0
10003bfa:	930c      	str	r3, [sp, #48]	@ 0x30
10003bfc:	e472      	b.n	100034e4 <_vsnprintf+0x50>
10003bfe:	46c0      	nop			@ (mov r8, r8)
10003c00:	100027d5 	.word	0x100027d5
10003c04:	230c      	movs	r3, #12
10003c06:	439a      	bics	r2, r3
10003c08:	0010      	movs	r0, r2
10003c0a:	e6e7      	b.n	100039dc <_vsnprintf+0x548>
10003c0c:	2207      	movs	r2, #7
10003c0e:	9b0c      	ldr	r3, [sp, #48]	@ 0x30
10003c10:	3307      	adds	r3, #7
10003c12:	4393      	bics	r3, r2
10003c14:	3201      	adds	r2, #1
10003c16:	4694      	mov	ip, r2
10003c18:	449c      	add	ip, r3
10003c1a:	4662      	mov	r2, ip
10003c1c:	920c      	str	r2, [sp, #48]	@ 0x30
10003c1e:	cb0c      	ldmia	r3, {r2, r3}
10003c20:	0fd9      	lsrs	r1, r3, #31
10003c22:	910f      	str	r1, [sp, #60]	@ 0x3c
10003c24:	0011      	movs	r1, r2
10003c26:	4319      	orrs	r1, r3
10003c28:	d100      	bne.n	10003c2c <_vsnprintf+0x798>
10003c2a:	e091      	b.n	10003d50 <_vsnprintf+0x8bc>
10003c2c:	17d9      	asrs	r1, r3, #31
10003c2e:	9113      	str	r1, [sp, #76]	@ 0x4c
10003c30:	9112      	str	r1, [sp, #72]	@ 0x48
10003c32:	4051      	eors	r1, r2
10003c34:	9110      	str	r1, [sp, #64]	@ 0x40
10003c36:	9913      	ldr	r1, [sp, #76]	@ 0x4c
10003c38:	4059      	eors	r1, r3
10003c3a:	9111      	str	r1, [sp, #68]	@ 0x44
10003c3c:	9810      	ldr	r0, [sp, #64]	@ 0x40
10003c3e:	9911      	ldr	r1, [sp, #68]	@ 0x44
10003c40:	9a12      	ldr	r2, [sp, #72]	@ 0x48
10003c42:	9b13      	ldr	r3, [sp, #76]	@ 0x4c
10003c44:	1a80      	subs	r0, r0, r2
10003c46:	4199      	sbcs	r1, r3
10003c48:	9010      	str	r0, [sp, #64]	@ 0x40
10003c4a:	9111      	str	r1, [sp, #68]	@ 0x44
10003c4c:	aa14      	add	r2, sp, #80	@ 0x50
10003c4e:	2300      	movs	r3, #0
10003c50:	4694      	mov	ip, r2
10003c52:	4642      	mov	r2, r8
10003c54:	4699      	mov	r9, r3
10003c56:	9214      	str	r2, [sp, #80]	@ 0x50
10003c58:	4652      	mov	r2, sl
10003c5a:	331f      	adds	r3, #31
10003c5c:	4463      	add	r3, ip
10003c5e:	46a8      	mov	r8, r5
10003c60:	46b2      	mov	sl, r6
10003c62:	9416      	str	r4, [sp, #88]	@ 0x58
10003c64:	464e      	mov	r6, r9
10003c66:	9c10      	ldr	r4, [sp, #64]	@ 0x40
10003c68:	9d11      	ldr	r5, [sp, #68]	@ 0x44
10003c6a:	46b9      	mov	r9, r7
10003c6c:	9215      	str	r2, [sp, #84]	@ 0x54
10003c6e:	001f      	movs	r7, r3
10003c70:	e001      	b.n	10003c76 <_vsnprintf+0x7e2>
10003c72:	2e20      	cmp	r6, #32
10003c74:	d010      	beq.n	10003c98 <_vsnprintf+0x804>
10003c76:	0020      	movs	r0, r4
10003c78:	0029      	movs	r1, r5
10003c7a:	220a      	movs	r2, #10
10003c7c:	2300      	movs	r3, #0
10003c7e:	f7fd ff4d 	bl	10001b1c <__wrap___aeabi_uldivmod>
10003c82:	3601      	adds	r6, #1
10003c84:	3230      	adds	r2, #48	@ 0x30
10003c86:	002b      	movs	r3, r5
10003c88:	55ba      	strb	r2, [r7, r6]
10003c8a:	000d      	movs	r5, r1
10003c8c:	0022      	movs	r2, r4
10003c8e:	0004      	movs	r4, r0
10003c90:	2b00      	cmp	r3, #0
10003c92:	d1ee      	bne.n	10003c72 <_vsnprintf+0x7de>
10003c94:	2a09      	cmp	r2, #9
10003c96:	d8ec      	bhi.n	10003c72 <_vsnprintf+0x7de>
10003c98:	9b14      	ldr	r3, [sp, #80]	@ 0x50
10003c9a:	9410      	str	r4, [sp, #64]	@ 0x40
10003c9c:	9511      	str	r5, [sp, #68]	@ 0x44
10003c9e:	4645      	mov	r5, r8
10003ca0:	4698      	mov	r8, r3
10003ca2:	9b15      	ldr	r3, [sp, #84]	@ 0x54
10003ca4:	464f      	mov	r7, r9
10003ca6:	46b1      	mov	r9, r6
10003ca8:	4656      	mov	r6, sl
10003caa:	469a      	mov	sl, r3
10003cac:	9c16      	ldr	r4, [sp, #88]	@ 0x58
10003cae:	9b0d      	ldr	r3, [sp, #52]	@ 0x34
10003cb0:	9306      	str	r3, [sp, #24]
10003cb2:	4643      	mov	r3, r8
10003cb4:	9305      	str	r3, [sp, #20]
10003cb6:	4653      	mov	r3, sl
10003cb8:	9304      	str	r3, [sp, #16]
10003cba:	230a      	movs	r3, #10
10003cbc:	9303      	str	r3, [sp, #12]
10003cbe:	9b0f      	ldr	r3, [sp, #60]	@ 0x3c
10003cc0:	9302      	str	r3, [sp, #8]
10003cc2:	464b      	mov	r3, r9
10003cc4:	9301      	str	r3, [sp, #4]
10003cc6:	ab1c      	add	r3, sp, #112	@ 0x70
10003cc8:	0022      	movs	r2, r4
10003cca:	9300      	str	r3, [sp, #0]
10003ccc:	4659      	mov	r1, fp
10003cce:	003b      	movs	r3, r7
10003cd0:	0028      	movs	r0, r5
10003cd2:	f7fe fdd7 	bl	10002884 <_ntoa_format>
10003cd6:	0004      	movs	r4, r0
10003cd8:	f7ff fc04 	bl	100034e4 <_vsnprintf+0x50>
10003cdc:	9b0f      	ldr	r3, [sp, #60]	@ 0x3c
10003cde:	4598      	cmp	r8, r3
10003ce0:	d800      	bhi.n	10003ce4 <_vsnprintf+0x850>
10003ce2:	e1c1      	b.n	10004068 <_vsnprintf+0xbd4>
10003ce4:	2380      	movs	r3, #128	@ 0x80
10003ce6:	00db      	lsls	r3, r3, #3
10003ce8:	930d      	str	r3, [sp, #52]	@ 0x34
10003cea:	4643      	mov	r3, r8
10003cec:	9a0f      	ldr	r2, [sp, #60]	@ 0x3c
10003cee:	191b      	adds	r3, r3, r4
10003cf0:	1a9b      	subs	r3, r3, r2
10003cf2:	4699      	mov	r9, r3
10003cf4:	0033      	movs	r3, r6
10003cf6:	002e      	movs	r6, r5
10003cf8:	464d      	mov	r5, r9
10003cfa:	46b9      	mov	r9, r7
10003cfc:	465f      	mov	r7, fp
10003cfe:	469b      	mov	fp, r3
10003d00:	910c      	str	r1, [sp, #48]	@ 0x30
10003d02:	0022      	movs	r2, r4
10003d04:	464b      	mov	r3, r9
10003d06:	3401      	adds	r4, #1
10003d08:	0039      	movs	r1, r7
10003d0a:	2020      	movs	r0, #32
10003d0c:	47b0      	blx	r6
10003d0e:	42ac      	cmp	r4, r5
10003d10:	d1f7      	bne.n	10003d02 <_vsnprintf+0x86e>
10003d12:	4643      	mov	r3, r8
10003d14:	990c      	ldr	r1, [sp, #48]	@ 0x30
10003d16:	3301      	adds	r3, #1
10003d18:	930f      	str	r3, [sp, #60]	@ 0x3c
10003d1a:	780b      	ldrb	r3, [r1, #0]
10003d1c:	0035      	movs	r5, r6
10003d1e:	930c      	str	r3, [sp, #48]	@ 0x30
10003d20:	465e      	mov	r6, fp
10003d22:	46bb      	mov	fp, r7
10003d24:	464f      	mov	r7, r9
10003d26:	2b00      	cmp	r3, #0
10003d28:	d100      	bne.n	10003d2c <_vsnprintf+0x898>
10003d2a:	e50e      	b.n	1000374a <_vsnprintf+0x2b6>
10003d2c:	9b0d      	ldr	r3, [sp, #52]	@ 0x34
10003d2e:	2b00      	cmp	r3, #0
10003d30:	d100      	bne.n	10003d34 <_vsnprintf+0x8a0>
10003d32:	e4f6      	b.n	10003722 <_vsnprintf+0x28e>
10003d34:	2300      	movs	r3, #0
10003d36:	e619      	b.n	1000396c <_vsnprintf+0x4d8>
10003d38:	9b0c      	ldr	r3, [sp, #48]	@ 0x30
10003d3a:	781b      	ldrb	r3, [r3, #0]
10003d3c:	001a      	movs	r2, r3
10003d3e:	e715      	b.n	10003b6c <_vsnprintf+0x6d8>
10003d40:	2310      	movs	r3, #16
10003d42:	439a      	bics	r2, r3
10003d44:	920d      	str	r2, [sp, #52]	@ 0x34
10003d46:	e6ef      	b.n	10003b28 <_vsnprintf+0x694>
10003d48:	9b0c      	ldr	r3, [sp, #48]	@ 0x30
10003d4a:	781b      	ldrb	r3, [r3, #0]
10003d4c:	9309      	str	r3, [sp, #36]	@ 0x24
10003d4e:	e661      	b.n	10003a14 <_vsnprintf+0x580>
10003d50:	2300      	movs	r3, #0
10003d52:	4699      	mov	r9, r3
10003d54:	2800      	cmp	r0, #0
10003d56:	d1aa      	bne.n	10003cae <_vsnprintf+0x81a>
10003d58:	2200      	movs	r2, #0
10003d5a:	2300      	movs	r3, #0
10003d5c:	9210      	str	r2, [sp, #64]	@ 0x40
10003d5e:	9311      	str	r3, [sp, #68]	@ 0x44
10003d60:	e774      	b.n	10003c4c <_vsnprintf+0x7b8>
10003d62:	9b0c      	ldr	r3, [sp, #48]	@ 0x30
10003d64:	0022      	movs	r2, r4
10003d66:	7818      	ldrb	r0, [r3, #0]
10003d68:	4659      	mov	r1, fp
10003d6a:	003b      	movs	r3, r7
10003d6c:	47a8      	blx	r5
10003d6e:	464c      	mov	r4, r9
10003d70:	e58b      	b.n	1000388a <_vsnprintf+0x3f6>
10003d72:	9a0c      	ldr	r2, [sp, #48]	@ 0x30
10003d74:	3bfa      	subs	r3, #250	@ 0xfa
10003d76:	3bff      	subs	r3, #255	@ 0xff
10003d78:	3207      	adds	r2, #7
10003d7a:	439a      	bics	r2, r3
10003d7c:	3301      	adds	r3, #1
10003d7e:	4699      	mov	r9, r3
10003d80:	4491      	add	r9, r2
10003d82:	464b      	mov	r3, r9
10003d84:	930c      	str	r3, [sp, #48]	@ 0x30
10003d86:	6813      	ldr	r3, [r2, #0]
10003d88:	6852      	ldr	r2, [r2, #4]
10003d8a:	9215      	str	r2, [sp, #84]	@ 0x54
10003d8c:	431a      	orrs	r2, r3
10003d8e:	d106      	bne.n	10003d9e <_vsnprintf+0x90a>
10003d90:	3210      	adds	r2, #16
10003d92:	4390      	bics	r0, r2
10003d94:	2200      	movs	r2, #0
10003d96:	9209      	str	r2, [sp, #36]	@ 0x24
10003d98:	2900      	cmp	r1, #0
10003d9a:	d000      	beq.n	10003d9e <_vsnprintf+0x90a>
10003d9c:	e081      	b.n	10003ea2 <_vsnprintf+0xa0e>
10003d9e:	2261      	movs	r2, #97	@ 0x61
10003da0:	0681      	lsls	r1, r0, #26
10003da2:	d500      	bpl.n	10003da6 <_vsnprintf+0x912>
10003da4:	2241      	movs	r2, #65	@ 0x41
10003da6:	b2d2      	uxtb	r2, r2
10003da8:	920a      	str	r2, [sp, #40]	@ 0x28
10003daa:	aa14      	add	r2, sp, #80	@ 0x50
10003dac:	4691      	mov	r9, r2
10003dae:	9a0a      	ldr	r2, [sp, #40]	@ 0x28
10003db0:	2100      	movs	r1, #0
10003db2:	3a0a      	subs	r2, #10
10003db4:	9214      	str	r2, [sp, #80]	@ 0x50
10003db6:	4642      	mov	r2, r8
10003db8:	9217      	str	r2, [sp, #92]	@ 0x5c
10003dba:	4652      	mov	r2, sl
10003dbc:	9218      	str	r2, [sp, #96]	@ 0x60
10003dbe:	465a      	mov	r2, fp
10003dc0:	9109      	str	r1, [sp, #36]	@ 0x24
10003dc2:	46b3      	mov	fp, r6
10003dc4:	311f      	adds	r1, #31
10003dc6:	001e      	movs	r6, r3
10003dc8:	9b0f      	ldr	r3, [sp, #60]	@ 0x3c
10003dca:	4449      	add	r1, r9
10003dcc:	46ba      	mov	sl, r7
10003dce:	9419      	str	r4, [sp, #100]	@ 0x64
10003dd0:	951a      	str	r5, [sp, #104]	@ 0x68
10003dd2:	2400      	movs	r4, #0
10003dd4:	4667      	mov	r7, ip
10003dd6:	4698      	mov	r8, r3
10003dd8:	4689      	mov	r9, r1
10003dda:	9d15      	ldr	r5, [sp, #84]	@ 0x54
10003ddc:	9016      	str	r0, [sp, #88]	@ 0x58
10003dde:	921b      	str	r2, [sp, #108]	@ 0x6c
10003de0:	e00a      	b.n	10003df8 <_vsnprintf+0x964>
10003de2:	3230      	adds	r2, #48	@ 0x30
10003de4:	b2d2      	uxtb	r2, r2
10003de6:	464b      	mov	r3, r9
10003de8:	3401      	adds	r4, #1
10003dea:	551a      	strb	r2, [r3, r4]
10003dec:	45a8      	cmp	r8, r5
10003dee:	d04a      	beq.n	10003e86 <_vsnprintf+0x9f2>
10003df0:	2c20      	cmp	r4, #32
10003df2:	d04a      	beq.n	10003e8a <_vsnprintf+0x9f6>
10003df4:	0006      	movs	r6, r0
10003df6:	000d      	movs	r5, r1
10003df8:	003a      	movs	r2, r7
10003dfa:	2300      	movs	r3, #0
10003dfc:	0030      	movs	r0, r6
10003dfe:	0029      	movs	r1, r5
10003e00:	f7fd fe8c 	bl	10001b1c <__wrap___aeabi_uldivmod>
10003e04:	b2d2      	uxtb	r2, r2
10003e06:	2a09      	cmp	r2, #9
10003e08:	d9eb      	bls.n	10003de2 <_vsnprintf+0x94e>
10003e0a:	9b14      	ldr	r3, [sp, #80]	@ 0x50
10003e0c:	469c      	mov	ip, r3
10003e0e:	4462      	add	r2, ip
10003e10:	b2d2      	uxtb	r2, r2
10003e12:	e7e8      	b.n	10003de6 <_vsnprintf+0x952>
10003e14:	2361      	movs	r3, #97	@ 0x61
10003e16:	0682      	lsls	r2, r0, #26
10003e18:	d500      	bpl.n	10003e1c <_vsnprintf+0x988>
10003e1a:	2341      	movs	r3, #65	@ 0x41
10003e1c:	b2db      	uxtb	r3, r3
10003e1e:	3b0a      	subs	r3, #10
10003e20:	930c      	str	r3, [sp, #48]	@ 0x30
10003e22:	4643      	mov	r3, r8
10003e24:	a914      	add	r1, sp, #80	@ 0x50
10003e26:	221f      	movs	r2, #31
10003e28:	468c      	mov	ip, r1
10003e2a:	9315      	str	r3, [sp, #84]	@ 0x54
10003e2c:	4653      	mov	r3, sl
10003e2e:	4462      	add	r2, ip
10003e30:	46a0      	mov	r8, r4
10003e32:	46b2      	mov	sl, r6
10003e34:	464c      	mov	r4, r9
10003e36:	9717      	str	r7, [sp, #92]	@ 0x5c
10003e38:	46a9      	mov	r9, r5
10003e3a:	0017      	movs	r7, r2
10003e3c:	9d09      	ldr	r5, [sp, #36]	@ 0x24
10003e3e:	9e0d      	ldr	r6, [sp, #52]	@ 0x34
10003e40:	9014      	str	r0, [sp, #80]	@ 0x50
10003e42:	9316      	str	r3, [sp, #88]	@ 0x58
10003e44:	e008      	b.n	10003e58 <_vsnprintf+0x9c4>
10003e46:	3330      	adds	r3, #48	@ 0x30
10003e48:	b2db      	uxtb	r3, r3
10003e4a:	3401      	adds	r4, #1
10003e4c:	553b      	strb	r3, [r7, r4]
10003e4e:	42b5      	cmp	r5, r6
10003e50:	d30e      	bcc.n	10003e70 <_vsnprintf+0x9dc>
10003e52:	2c20      	cmp	r4, #32
10003e54:	d00c      	beq.n	10003e70 <_vsnprintf+0x9dc>
10003e56:	0005      	movs	r5, r0
10003e58:	0031      	movs	r1, r6
10003e5a:	0028      	movs	r0, r5
10003e5c:	f7fd fe20 	bl	10001aa0 <__wrap___aeabi_uidiv>
10003e60:	b2cb      	uxtb	r3, r1
10003e62:	2909      	cmp	r1, #9
10003e64:	d9ef      	bls.n	10003e46 <_vsnprintf+0x9b2>
10003e66:	9a0c      	ldr	r2, [sp, #48]	@ 0x30
10003e68:	4694      	mov	ip, r2
10003e6a:	4463      	add	r3, ip
10003e6c:	b2db      	uxtb	r3, r3
10003e6e:	e7ec      	b.n	10003e4a <_vsnprintf+0x9b6>
10003e70:	9b15      	ldr	r3, [sp, #84]	@ 0x54
10003e72:	464d      	mov	r5, r9
10003e74:	46a1      	mov	r9, r4
10003e76:	4644      	mov	r4, r8
10003e78:	4698      	mov	r8, r3
10003e7a:	9b16      	ldr	r3, [sp, #88]	@ 0x58
10003e7c:	4656      	mov	r6, sl
10003e7e:	9814      	ldr	r0, [sp, #80]	@ 0x50
10003e80:	469a      	mov	sl, r3
10003e82:	9f17      	ldr	r7, [sp, #92]	@ 0x5c
10003e84:	e5d0      	b.n	10003a28 <_vsnprintf+0x594>
10003e86:	42b7      	cmp	r7, r6
10003e88:	d9b2      	bls.n	10003df0 <_vsnprintf+0x95c>
10003e8a:	9b17      	ldr	r3, [sp, #92]	@ 0x5c
10003e8c:	4657      	mov	r7, sl
10003e8e:	4698      	mov	r8, r3
10003e90:	9b18      	ldr	r3, [sp, #96]	@ 0x60
10003e92:	465e      	mov	r6, fp
10003e94:	469a      	mov	sl, r3
10003e96:	9b1b      	ldr	r3, [sp, #108]	@ 0x6c
10003e98:	9409      	str	r4, [sp, #36]	@ 0x24
10003e9a:	469b      	mov	fp, r3
10003e9c:	9816      	ldr	r0, [sp, #88]	@ 0x58
10003e9e:	9c19      	ldr	r4, [sp, #100]	@ 0x64
10003ea0:	9d1a      	ldr	r5, [sp, #104]	@ 0x68
10003ea2:	4643      	mov	r3, r8
10003ea4:	9305      	str	r3, [sp, #20]
10003ea6:	4653      	mov	r3, sl
10003ea8:	9304      	str	r3, [sp, #16]
10003eaa:	9b0d      	ldr	r3, [sp, #52]	@ 0x34
10003eac:	9006      	str	r0, [sp, #24]
10003eae:	9303      	str	r3, [sp, #12]
10003eb0:	2300      	movs	r3, #0
10003eb2:	9302      	str	r3, [sp, #8]
10003eb4:	9b09      	ldr	r3, [sp, #36]	@ 0x24
10003eb6:	e705      	b.n	10003cc4 <_vsnprintf+0x830>
10003eb8:	9b0f      	ldr	r3, [sp, #60]	@ 0x3c
10003eba:	4598      	cmp	r8, r3
10003ebc:	d900      	bls.n	10003ec0 <_vsnprintf+0xa2c>
10003ebe:	e714      	b.n	10003cea <_vsnprintf+0x856>
10003ec0:	3301      	adds	r3, #1
10003ec2:	930f      	str	r3, [sp, #60]	@ 0x3c
10003ec4:	e42d      	b.n	10003722 <_vsnprintf+0x28e>
10003ec6:	2310      	movs	r3, #16
10003ec8:	0011      	movs	r1, r2
10003eca:	4399      	bics	r1, r3
10003ecc:	910d      	str	r1, [sp, #52]	@ 0x34
10003ece:	2869      	cmp	r0, #105	@ 0x69
10003ed0:	d000      	beq.n	10003ed4 <_vsnprintf+0xa40>
10003ed2:	e0ba      	b.n	1000404a <_vsnprintf+0xbb6>
10003ed4:	2380      	movs	r3, #128	@ 0x80
10003ed6:	0010      	movs	r0, r2
10003ed8:	00db      	lsls	r3, r3, #3
10003eda:	4018      	ands	r0, r3
10003edc:	421a      	tst	r2, r3
10003ede:	d100      	bne.n	10003ee2 <_vsnprintf+0xa4e>
10003ee0:	e622      	b.n	10003b28 <_vsnprintf+0x694>
10003ee2:	e61d      	b.n	10003b20 <_vsnprintf+0x68c>
10003ee4:	9b0c      	ldr	r3, [sp, #48]	@ 0x30
10003ee6:	681b      	ldr	r3, [r3, #0]
10003ee8:	0fda      	lsrs	r2, r3, #31
10003eea:	0011      	movs	r1, r2
10003eec:	2b00      	cmp	r3, #0
10003eee:	d100      	bne.n	10003ef2 <_vsnprintf+0xa5e>
10003ef0:	e08c      	b.n	1000400c <_vsnprintf+0xb78>
10003ef2:	17da      	asrs	r2, r3, #31
10003ef4:	1898      	adds	r0, r3, r2
10003ef6:	4050      	eors	r0, r2
10003ef8:	aa14      	add	r2, sp, #80	@ 0x50
10003efa:	4691      	mov	r9, r2
10003efc:	4642      	mov	r2, r8
10003efe:	231f      	movs	r3, #31
10003f00:	9214      	str	r2, [sp, #80]	@ 0x50
10003f02:	4652      	mov	r2, sl
10003f04:	444b      	add	r3, r9
10003f06:	46a0      	mov	r8, r4
10003f08:	46a9      	mov	r9, r5
10003f0a:	9716      	str	r7, [sp, #88]	@ 0x58
10003f0c:	0004      	movs	r4, r0
10003f0e:	4665      	mov	r5, ip
10003f10:	46b2      	mov	sl, r6
10003f12:	001f      	movs	r7, r3
10003f14:	910c      	str	r1, [sp, #48]	@ 0x30
10003f16:	9215      	str	r2, [sp, #84]	@ 0x54
10003f18:	e001      	b.n	10003f1e <_vsnprintf+0xa8a>
10003f1a:	2d20      	cmp	r5, #32
10003f1c:	d00f      	beq.n	10003f3e <_vsnprintf+0xaaa>
10003f1e:	0020      	movs	r0, r4
10003f20:	210a      	movs	r1, #10
10003f22:	f7fd fdbd 	bl	10001aa0 <__wrap___aeabi_uidiv>
10003f26:	3501      	adds	r5, #1
10003f28:	197e      	adds	r6, r7, r5
10003f2a:	3130      	adds	r1, #48	@ 0x30
10003f2c:	7031      	strb	r1, [r6, #0]
10003f2e:	0020      	movs	r0, r4
10003f30:	210a      	movs	r1, #10
10003f32:	f7fd fdb5 	bl	10001aa0 <__wrap___aeabi_uidiv>
10003f36:	0026      	movs	r6, r4
10003f38:	0004      	movs	r4, r0
10003f3a:	2e09      	cmp	r6, #9
10003f3c:	d8ed      	bhi.n	10003f1a <_vsnprintf+0xa86>
10003f3e:	9b14      	ldr	r3, [sp, #80]	@ 0x50
10003f40:	4644      	mov	r4, r8
10003f42:	4698      	mov	r8, r3
10003f44:	9b0c      	ldr	r3, [sp, #48]	@ 0x30
10003f46:	46ac      	mov	ip, r5
10003f48:	0019      	movs	r1, r3
10003f4a:	9b15      	ldr	r3, [sp, #84]	@ 0x54
10003f4c:	4656      	mov	r6, sl
10003f4e:	464d      	mov	r5, r9
10003f50:	469a      	mov	sl, r3
10003f52:	9f16      	ldr	r7, [sp, #88]	@ 0x58
10003f54:	9b0d      	ldr	r3, [sp, #52]	@ 0x34
10003f56:	9102      	str	r1, [sp, #8]
10003f58:	9306      	str	r3, [sp, #24]
10003f5a:	4643      	mov	r3, r8
10003f5c:	9305      	str	r3, [sp, #20]
10003f5e:	4653      	mov	r3, sl
10003f60:	9304      	str	r3, [sp, #16]
10003f62:	230a      	movs	r3, #10
10003f64:	9303      	str	r3, [sp, #12]
10003f66:	4663      	mov	r3, ip
10003f68:	e63c      	b.n	10003be4 <_vsnprintf+0x750>
10003f6a:	2800      	cmp	r0, #0
10003f6c:	d000      	beq.n	10003f70 <_vsnprintf+0xadc>
10003f6e:	e62e      	b.n	10003bce <_vsnprintf+0x73a>
10003f70:	e602      	b.n	10003b78 <_vsnprintf+0x6e4>
10003f72:	9b0c      	ldr	r3, [sp, #48]	@ 0x30
10003f74:	681b      	ldr	r3, [r3, #0]
10003f76:	4699      	mov	r9, r3
10003f78:	2b00      	cmp	r3, #0
10003f7a:	d103      	bne.n	10003f84 <_vsnprintf+0xaf0>
10003f7c:	3310      	adds	r3, #16
10003f7e:	4398      	bics	r0, r3
10003f80:	2900      	cmp	r1, #0
10003f82:	d138      	bne.n	10003ff6 <_vsnprintf+0xb62>
10003f84:	2361      	movs	r3, #97	@ 0x61
10003f86:	0682      	lsls	r2, r0, #26
10003f88:	d500      	bpl.n	10003f8c <_vsnprintf+0xaf8>
10003f8a:	2341      	movs	r3, #65	@ 0x41
10003f8c:	b2db      	uxtb	r3, r3
10003f8e:	3b0a      	subs	r3, #10
10003f90:	930c      	str	r3, [sp, #48]	@ 0x30
10003f92:	4643      	mov	r3, r8
10003f94:	9316      	str	r3, [sp, #88]	@ 0x58
10003f96:	4653      	mov	r3, sl
10003f98:	a914      	add	r1, sp, #80	@ 0x50
10003f9a:	221f      	movs	r2, #31
10003f9c:	468c      	mov	ip, r1
10003f9e:	9317      	str	r3, [sp, #92]	@ 0x5c
10003fa0:	002b      	movs	r3, r5
10003fa2:	4462      	add	r2, ip
10003fa4:	46a0      	mov	r8, r4
10003fa6:	464d      	mov	r5, r9
10003fa8:	46b2      	mov	sl, r6
10003faa:	9718      	str	r7, [sp, #96]	@ 0x60
10003fac:	4699      	mov	r9, r3
10003fae:	0017      	movs	r7, r2
10003fb0:	9c14      	ldr	r4, [sp, #80]	@ 0x50
10003fb2:	9e0d      	ldr	r6, [sp, #52]	@ 0x34
10003fb4:	9015      	str	r0, [sp, #84]	@ 0x54
10003fb6:	e008      	b.n	10003fca <_vsnprintf+0xb36>
10003fb8:	3330      	adds	r3, #48	@ 0x30
10003fba:	b2db      	uxtb	r3, r3
10003fbc:	3401      	adds	r4, #1
10003fbe:	553b      	strb	r3, [r7, r4]
10003fc0:	42b5      	cmp	r5, r6
10003fc2:	d30e      	bcc.n	10003fe2 <_vsnprintf+0xb4e>
10003fc4:	2c20      	cmp	r4, #32
10003fc6:	d00c      	beq.n	10003fe2 <_vsnprintf+0xb4e>
10003fc8:	0005      	movs	r5, r0
10003fca:	0031      	movs	r1, r6
10003fcc:	0028      	movs	r0, r5
10003fce:	f7fd fd67 	bl	10001aa0 <__wrap___aeabi_uidiv>
10003fd2:	b2cb      	uxtb	r3, r1
10003fd4:	2909      	cmp	r1, #9
10003fd6:	d9ef      	bls.n	10003fb8 <_vsnprintf+0xb24>
10003fd8:	9a0c      	ldr	r2, [sp, #48]	@ 0x30
10003fda:	4694      	mov	ip, r2
10003fdc:	4463      	add	r3, ip
10003fde:	b2db      	uxtb	r3, r3
10003fe0:	e7ec      	b.n	10003fbc <_vsnprintf+0xb28>
10003fe2:	9b16      	ldr	r3, [sp, #88]	@ 0x58
10003fe4:	9414      	str	r4, [sp, #80]	@ 0x50
10003fe6:	4644      	mov	r4, r8
10003fe8:	4698      	mov	r8, r3
10003fea:	9b17      	ldr	r3, [sp, #92]	@ 0x5c
10003fec:	4656      	mov	r6, sl
10003fee:	464d      	mov	r5, r9
10003ff0:	469a      	mov	sl, r3
10003ff2:	9815      	ldr	r0, [sp, #84]	@ 0x54
10003ff4:	9f18      	ldr	r7, [sp, #96]	@ 0x60
10003ff6:	4643      	mov	r3, r8
10003ff8:	9305      	str	r3, [sp, #20]
10003ffa:	4653      	mov	r3, sl
10003ffc:	9304      	str	r3, [sp, #16]
10003ffe:	9b0d      	ldr	r3, [sp, #52]	@ 0x34
10004000:	9006      	str	r0, [sp, #24]
10004002:	9303      	str	r3, [sp, #12]
10004004:	2300      	movs	r3, #0
10004006:	9302      	str	r3, [sp, #8]
10004008:	9b14      	ldr	r3, [sp, #80]	@ 0x50
1000400a:	e5eb      	b.n	10003be4 <_vsnprintf+0x750>
1000400c:	2800      	cmp	r0, #0
1000400e:	d1a1      	bne.n	10003f54 <_vsnprintf+0xac0>
10004010:	e772      	b.n	10003ef8 <_vsnprintf+0xa64>
10004012:	9b0c      	ldr	r3, [sp, #48]	@ 0x30
10004014:	681b      	ldr	r3, [r3, #0]
10004016:	17d9      	asrs	r1, r3, #31
10004018:	185a      	adds	r2, r3, r1
1000401a:	404a      	eors	r2, r1
1000401c:	e5a6      	b.n	10003b6c <_vsnprintf+0x6d8>
1000401e:	2380      	movs	r3, #128	@ 0x80
10004020:	0010      	movs	r0, r2
10004022:	00db      	lsls	r3, r3, #3
10004024:	4018      	ands	r0, r3
10004026:	469c      	mov	ip, r3
10004028:	900f      	str	r0, [sp, #60]	@ 0x3c
1000402a:	421a      	tst	r2, r3
1000402c:	d00f      	beq.n	1000404e <_vsnprintf+0xbba>
1000402e:	2002      	movs	r0, #2
10004030:	0003      	movs	r3, r0
10004032:	4013      	ands	r3, r2
10004034:	930f      	str	r3, [sp, #60]	@ 0x3c
10004036:	4210      	tst	r0, r2
10004038:	d019      	beq.n	1000406e <_vsnprintf+0xbda>
1000403a:	2300      	movs	r3, #0
1000403c:	46a1      	mov	r9, r4
1000403e:	930f      	str	r3, [sp, #60]	@ 0x3c
10004040:	e54c      	b.n	10003adc <_vsnprintf+0x648>
10004042:	9b0c      	ldr	r3, [sp, #48]	@ 0x30
10004044:	681b      	ldr	r3, [r3, #0]
10004046:	9309      	str	r3, [sp, #36]	@ 0x24
10004048:	e4e4      	b.n	10003a14 <_vsnprintf+0x580>
1000404a:	000a      	movs	r2, r1
1000404c:	e434      	b.n	100038b8 <_vsnprintf+0x424>
1000404e:	2302      	movs	r3, #2
10004050:	0018      	movs	r0, r3
10004052:	4010      	ands	r0, r2
10004054:	900d      	str	r0, [sp, #52]	@ 0x34
10004056:	4213      	tst	r3, r2
10004058:	d000      	beq.n	1000405c <_vsnprintf+0xbc8>
1000405a:	e53e      	b.n	10003ada <_vsnprintf+0x646>
1000405c:	4643      	mov	r3, r8
1000405e:	2b00      	cmp	r3, #0
10004060:	d000      	beq.n	10004064 <_vsnprintf+0xbd0>
10004062:	e642      	b.n	10003cea <_vsnprintf+0x856>
10004064:	f7ff fb71 	bl	1000374a <_vsnprintf+0x2b6>
10004068:	3301      	adds	r3, #1
1000406a:	930f      	str	r3, [sp, #60]	@ 0x3c
1000406c:	e47f      	b.n	1000396e <_vsnprintf+0x4da>
1000406e:	4663      	mov	r3, ip
10004070:	930d      	str	r3, [sp, #52]	@ 0x34
10004072:	e7f3      	b.n	1000405c <_vsnprintf+0xbc8>

10004074 <vfctprintf>:
10004074:	b510      	push	{r4, lr}
10004076:	000c      	movs	r4, r1
10004078:	b084      	sub	sp, #16
1000407a:	9403      	str	r4, [sp, #12]
1000407c:	2401      	movs	r4, #1
1000407e:	a902      	add	r1, sp, #8
10004080:	9002      	str	r0, [sp, #8]
10004082:	9300      	str	r3, [sp, #0]
10004084:	4803      	ldr	r0, [pc, #12]	@ (10004094 <vfctprintf+0x20>)
10004086:	0013      	movs	r3, r2
10004088:	4262      	negs	r2, r4
1000408a:	f7ff fa03 	bl	10003494 <_vsnprintf>
1000408e:	b004      	add	sp, #16
10004090:	bd10      	pop	{r4, pc}
10004092:	46c0      	nop			@ (mov r8, r8)
10004094:	10002a61 	.word	0x10002a61

10004098 <weak_raw_vprintf>:
10004098:	b510      	push	{r4, lr}
1000409a:	4a09      	ldr	r2, [pc, #36]	@ (100040c0 <weak_raw_vprintf+0x28>)
1000409c:	0003      	movs	r3, r0
1000409e:	6814      	ldr	r4, [r2, #0]
100040a0:	b084      	sub	sp, #16
100040a2:	2c00      	cmp	r4, #0
100040a4:	d008      	beq.n	100040b8 <weak_raw_vprintf+0x20>
100040a6:	2201      	movs	r2, #1
100040a8:	9100      	str	r1, [sp, #0]
100040aa:	4806      	ldr	r0, [pc, #24]	@ (100040c4 <weak_raw_vprintf+0x2c>)
100040ac:	4252      	negs	r2, r2
100040ae:	a903      	add	r1, sp, #12
100040b0:	47a0      	blx	r4
100040b2:	2001      	movs	r0, #1
100040b4:	b004      	add	sp, #16
100040b6:	bd10      	pop	{r4, pc}
100040b8:	f000 f998 	bl	100043ec <__wrap_puts>
100040bc:	2000      	movs	r0, #0
100040be:	e7f9      	b.n	100040b4 <weak_raw_vprintf+0x1c>
100040c0:	20002b40 	.word	0x20002b40
100040c4:	10002a51 	.word	0x10002a51

100040c8 <_exit>:
100040c8:	be00      	bkpt	0x0000
100040ca:	e7fd      	b.n	100040c8 <_exit>

100040cc <exit>:
100040cc:	b510      	push	{r4, lr}
100040ce:	f7ff fffb 	bl	100040c8 <_exit>
100040d2:	46c0      	nop			@ (mov r8, r8)

100040d4 <runtime_init>:
100040d4:	b570      	push	{r4, r5, r6, lr}
100040d6:	f7fd fb97 	bl	10001808 <runtime_run_initializers>
100040da:	4d07      	ldr	r5, [pc, #28]	@ (100040f8 <runtime_init+0x24>)
100040dc:	4e07      	ldr	r6, [pc, #28]	@ (100040fc <runtime_init+0x28>)
100040de:	42b5      	cmp	r5, r6
100040e0:	d209      	bcs.n	100040f6 <runtime_init+0x22>
100040e2:	2400      	movs	r4, #0
100040e4:	3e01      	subs	r6, #1
100040e6:	1b76      	subs	r6, r6, r5
100040e8:	08b6      	lsrs	r6, r6, #2
100040ea:	cd08      	ldmia	r5!, {r3}
100040ec:	4798      	blx	r3
100040ee:	0023      	movs	r3, r4
100040f0:	3401      	adds	r4, #1
100040f2:	42b3      	cmp	r3, r6
100040f4:	d1f9      	bne.n	100040ea <runtime_init+0x16>
100040f6:	bd70      	pop	{r4, r5, r6, pc}
100040f8:	10006e14 	.word	0x10006e14
100040fc:	10006e1c 	.word	0x10006e1c

10004100 <stdio_out_chars_no_crlf>:
10004100:	0003      	movs	r3, r0
10004102:	b510      	push	{r4, lr}
10004104:	0008      	movs	r0, r1
10004106:	0011      	movs	r1, r2
10004108:	681b      	ldr	r3, [r3, #0]
1000410a:	4798      	blx	r3
1000410c:	bd10      	pop	{r4, pc}
1000410e:	46c0      	nop			@ (mov r8, r8)

10004110 <stdio_out_chars_crlf>:
10004110:	b5f0      	push	{r4, r5, r6, r7, lr}
10004112:	46c6      	mov	lr, r8
10004114:	b500      	push	{lr}
10004116:	7d43      	ldrb	r3, [r0, #21]
10004118:	0007      	movs	r7, r0
1000411a:	000c      	movs	r4, r1
1000411c:	0016      	movs	r6, r2
1000411e:	2b00      	cmp	r3, #0
10004120:	d046      	beq.n	100041b0 <stdio_out_chars_crlf+0xa0>
10004122:	2a00      	cmp	r2, #0
10004124:	dd17      	ble.n	10004156 <stdio_out_chars_crlf+0x46>
10004126:	780b      	ldrb	r3, [r1, #0]
10004128:	2b0a      	cmp	r3, #10
1000412a:	d024      	beq.n	10004176 <stdio_out_chars_crlf+0x66>
1000412c:	2300      	movs	r3, #0
1000412e:	4698      	mov	r8, r3
10004130:	2e01      	cmp	r6, #1
10004132:	d013      	beq.n	1000415c <stdio_out_chars_crlf+0x4c>
10004134:	2501      	movs	r5, #1
10004136:	0029      	movs	r1, r5
10004138:	5c63      	ldrb	r3, [r4, r1]
1000413a:	3501      	adds	r5, #1
1000413c:	2b0a      	cmp	r3, #10
1000413e:	d026      	beq.n	1000418e <stdio_out_chars_crlf+0x7e>
10004140:	42b5      	cmp	r5, r6
10004142:	d1f8      	bne.n	10004136 <stdio_out_chars_crlf+0x26>
10004144:	4546      	cmp	r6, r8
10004146:	dc09      	bgt.n	1000415c <stdio_out_chars_crlf+0x4c>
10004148:	19a4      	adds	r4, r4, r6
1000414a:	3c01      	subs	r4, #1
1000414c:	7823      	ldrb	r3, [r4, #0]
1000414e:	3b0d      	subs	r3, #13
10004150:	425a      	negs	r2, r3
10004152:	4153      	adcs	r3, r2
10004154:	753b      	strb	r3, [r7, #20]
10004156:	bc80      	pop	{r7}
10004158:	46b8      	mov	r8, r7
1000415a:	bdf0      	pop	{r4, r5, r6, r7, pc}
1000415c:	4643      	mov	r3, r8
1000415e:	18e0      	adds	r0, r4, r3
10004160:	19a4      	adds	r4, r4, r6
10004162:	1af1      	subs	r1, r6, r3
10004164:	3c01      	subs	r4, #1
10004166:	683b      	ldr	r3, [r7, #0]
10004168:	4798      	blx	r3
1000416a:	7823      	ldrb	r3, [r4, #0]
1000416c:	3b0d      	subs	r3, #13
1000416e:	425a      	negs	r2, r3
10004170:	4153      	adcs	r3, r2
10004172:	753b      	strb	r3, [r7, #20]
10004174:	e7ef      	b.n	10004156 <stdio_out_chars_crlf+0x46>
10004176:	7d03      	ldrb	r3, [r0, #20]
10004178:	2b00      	cmp	r3, #0
1000417a:	d1d7      	bne.n	1000412c <stdio_out_chars_crlf+0x1c>
1000417c:	2102      	movs	r1, #2
1000417e:	480f      	ldr	r0, [pc, #60]	@ (100041bc <stdio_out_chars_crlf+0xac>)
10004180:	683b      	ldr	r3, [r7, #0]
10004182:	4798      	blx	r3
10004184:	2e01      	cmp	r6, #1
10004186:	d0df      	beq.n	10004148 <stdio_out_chars_crlf+0x38>
10004188:	2301      	movs	r3, #1
1000418a:	4698      	mov	r8, r3
1000418c:	e7d2      	b.n	10004134 <stdio_out_chars_crlf+0x24>
1000418e:	1e63      	subs	r3, r4, #1
10004190:	5c5b      	ldrb	r3, [r3, r1]
10004192:	2b0d      	cmp	r3, #13
10004194:	d0d4      	beq.n	10004140 <stdio_out_chars_crlf+0x30>
10004196:	4588      	cmp	r8, r1
10004198:	da04      	bge.n	100041a4 <stdio_out_chars_crlf+0x94>
1000419a:	4643      	mov	r3, r8
1000419c:	1ac9      	subs	r1, r1, r3
1000419e:	18e0      	adds	r0, r4, r3
100041a0:	683b      	ldr	r3, [r7, #0]
100041a2:	4798      	blx	r3
100041a4:	2102      	movs	r1, #2
100041a6:	4805      	ldr	r0, [pc, #20]	@ (100041bc <stdio_out_chars_crlf+0xac>)
100041a8:	683b      	ldr	r3, [r7, #0]
100041aa:	46a8      	mov	r8, r5
100041ac:	4798      	blx	r3
100041ae:	e7c7      	b.n	10004140 <stdio_out_chars_crlf+0x30>
100041b0:	6803      	ldr	r3, [r0, #0]
100041b2:	0011      	movs	r1, r2
100041b4:	0020      	movs	r0, r4
100041b6:	4798      	blx	r3
100041b8:	e7cd      	b.n	10004156 <stdio_out_chars_crlf+0x46>
100041ba:	46c0      	nop			@ (mov r8, r8)
100041bc:	100072a8 	.word	0x100072a8

100041c0 <stdio_buffered_printer>:
100041c0:	b5f0      	push	{r4, r5, r6, r7, lr}
100041c2:	46c6      	mov	lr, r8
100041c4:	680b      	ldr	r3, [r1, #0]
100041c6:	0006      	movs	r6, r0
100041c8:	000c      	movs	r4, r1
100041ca:	b500      	push	{lr}
100041cc:	2b80      	cmp	r3, #128	@ 0x80
100041ce:	d006      	beq.n	100041de <stdio_buffered_printer+0x1e>
100041d0:	1c5a      	adds	r2, r3, #1
100041d2:	6022      	str	r2, [r4, #0]
100041d4:	18e4      	adds	r4, r4, r3
100041d6:	7126      	strb	r6, [r4, #4]
100041d8:	bc80      	pop	{r7}
100041da:	46b8      	mov	r8, r7
100041dc:	bdf0      	pop	{r4, r5, r6, r7, pc}
100041de:	4b0f      	ldr	r3, [pc, #60]	@ (1000421c <stdio_buffered_printer+0x5c>)
100041e0:	681d      	ldr	r5, [r3, #0]
100041e2:	2d00      	cmp	r5, #0
100041e4:	d016      	beq.n	10004214 <stdio_buffered_printer+0x54>
100041e6:	1d0b      	adds	r3, r1, #4
100041e8:	4698      	mov	r8, r3
100041ea:	4f0d      	ldr	r7, [pc, #52]	@ (10004220 <stdio_buffered_printer+0x60>)
100041ec:	e002      	b.n	100041f4 <stdio_buffered_printer+0x34>
100041ee:	692d      	ldr	r5, [r5, #16]
100041f0:	2d00      	cmp	r5, #0
100041f2:	d00f      	beq.n	10004214 <stdio_buffered_printer+0x54>
100041f4:	682b      	ldr	r3, [r5, #0]
100041f6:	2b00      	cmp	r3, #0
100041f8:	d0f9      	beq.n	100041ee <stdio_buffered_printer+0x2e>
100041fa:	683b      	ldr	r3, [r7, #0]
100041fc:	2b00      	cmp	r3, #0
100041fe:	d001      	beq.n	10004204 <stdio_buffered_printer+0x44>
10004200:	42ab      	cmp	r3, r5
10004202:	d1f4      	bne.n	100041ee <stdio_buffered_printer+0x2e>
10004204:	0028      	movs	r0, r5
10004206:	4641      	mov	r1, r8
10004208:	6822      	ldr	r2, [r4, #0]
1000420a:	f7ff ff81 	bl	10004110 <stdio_out_chars_crlf>
1000420e:	692d      	ldr	r5, [r5, #16]
10004210:	2d00      	cmp	r5, #0
10004212:	d1ef      	bne.n	100041f4 <stdio_buffered_printer+0x34>
10004214:	2201      	movs	r2, #1
10004216:	2300      	movs	r3, #0
10004218:	e7db      	b.n	100041d2 <stdio_buffered_printer+0x12>
1000421a:	46c0      	nop			@ (mov r8, r8)
1000421c:	20002730 	.word	0x20002730
10004220:	2000273c 	.word	0x2000273c

10004224 <stdio_put_string>:
10004224:	b5f0      	push	{r4, r5, r6, r7, lr}
10004226:	4645      	mov	r5, r8
10004228:	46de      	mov	lr, fp
1000422a:	464e      	mov	r6, r9
1000422c:	4657      	mov	r7, sl
1000422e:	b5e0      	push	{r5, r6, r7, lr}
10004230:	b083      	sub	sp, #12
10004232:	4691      	mov	r9, r2
10004234:	001c      	movs	r4, r3
10004236:	4680      	mov	r8, r0
10004238:	000d      	movs	r5, r1
1000423a:	f7fd f8cf 	bl	100013dc <time_us_64>
1000423e:	2300      	movs	r3, #0
10004240:	4a30      	ldr	r2, [pc, #192]	@ (10004304 <stdio_put_string+0xe0>)
10004242:	1812      	adds	r2, r2, r0
10004244:	414b      	adcs	r3, r1
10004246:	2b00      	cmp	r3, #0
10004248:	da02      	bge.n	10004250 <stdio_put_string+0x2c>
1000424a:	2201      	movs	r2, #1
1000424c:	4b2e      	ldr	r3, [pc, #184]	@ (10004308 <stdio_put_string+0xe4>)
1000424e:	4252      	negs	r2, r2
10004250:	492e      	ldr	r1, [pc, #184]	@ (1000430c <stdio_put_string+0xe8>)
10004252:	0008      	movs	r0, r1
10004254:	468a      	mov	sl, r1
10004256:	f002 fd97 	bl	10006d88 <__mutex_try_enter_block_until_veneer>
1000425a:	0007      	movs	r7, r0
1000425c:	1c6b      	adds	r3, r5, #1
1000425e:	d103      	bne.n	10004268 <stdio_put_string+0x44>
10004260:	4640      	mov	r0, r8
10004262:	f002 fd27 	bl	10006cb4 <strlen>
10004266:	0005      	movs	r5, r0
10004268:	2c00      	cmp	r4, #0
1000426a:	d027      	beq.n	100042bc <stdio_put_string+0x98>
1000426c:	4e28      	ldr	r6, [pc, #160]	@ (10004310 <stdio_put_string+0xec>)
1000426e:	4b29      	ldr	r3, [pc, #164]	@ (10004314 <stdio_put_string+0xf0>)
10004270:	681c      	ldr	r4, [r3, #0]
10004272:	2c00      	cmp	r4, #0
10004274:	d018      	beq.n	100042a8 <stdio_put_string+0x84>
10004276:	464b      	mov	r3, r9
10004278:	2b00      	cmp	r3, #0
1000427a:	d121      	bne.n	100042c0 <stdio_put_string+0x9c>
1000427c:	4b26      	ldr	r3, [pc, #152]	@ (10004318 <stdio_put_string+0xf4>)
1000427e:	4699      	mov	r9, r3
10004280:	e002      	b.n	10004288 <stdio_put_string+0x64>
10004282:	6924      	ldr	r4, [r4, #16]
10004284:	2c00      	cmp	r4, #0
10004286:	d00f      	beq.n	100042a8 <stdio_put_string+0x84>
10004288:	6823      	ldr	r3, [r4, #0]
1000428a:	2b00      	cmp	r3, #0
1000428c:	d0f9      	beq.n	10004282 <stdio_put_string+0x5e>
1000428e:	464b      	mov	r3, r9
10004290:	681b      	ldr	r3, [r3, #0]
10004292:	2b00      	cmp	r3, #0
10004294:	d001      	beq.n	1000429a <stdio_put_string+0x76>
10004296:	429c      	cmp	r4, r3
10004298:	d1f3      	bne.n	10004282 <stdio_put_string+0x5e>
1000429a:	0020      	movs	r0, r4
1000429c:	002a      	movs	r2, r5
1000429e:	4641      	mov	r1, r8
100042a0:	47b0      	blx	r6
100042a2:	6924      	ldr	r4, [r4, #16]
100042a4:	2c00      	cmp	r4, #0
100042a6:	d1ef      	bne.n	10004288 <stdio_put_string+0x64>
100042a8:	2f00      	cmp	r7, #0
100042aa:	d126      	bne.n	100042fa <stdio_put_string+0xd6>
100042ac:	0028      	movs	r0, r5
100042ae:	b003      	add	sp, #12
100042b0:	bcf0      	pop	{r4, r5, r6, r7}
100042b2:	46bb      	mov	fp, r7
100042b4:	46b2      	mov	sl, r6
100042b6:	46a9      	mov	r9, r5
100042b8:	46a0      	mov	r8, r4
100042ba:	bdf0      	pop	{r4, r5, r6, r7, pc}
100042bc:	4e17      	ldr	r6, [pc, #92]	@ (1000431c <stdio_put_string+0xf8>)
100042be:	e7d6      	b.n	1000426e <stdio_put_string+0x4a>
100042c0:	4b15      	ldr	r3, [pc, #84]	@ (10004318 <stdio_put_string+0xf4>)
100042c2:	4699      	mov	r9, r3
100042c4:	230a      	movs	r3, #10
100042c6:	469b      	mov	fp, r3
100042c8:	e002      	b.n	100042d0 <stdio_put_string+0xac>
100042ca:	6924      	ldr	r4, [r4, #16]
100042cc:	2c00      	cmp	r4, #0
100042ce:	d0eb      	beq.n	100042a8 <stdio_put_string+0x84>
100042d0:	6823      	ldr	r3, [r4, #0]
100042d2:	2b00      	cmp	r3, #0
100042d4:	d0f9      	beq.n	100042ca <stdio_put_string+0xa6>
100042d6:	464b      	mov	r3, r9
100042d8:	681b      	ldr	r3, [r3, #0]
100042da:	2b00      	cmp	r3, #0
100042dc:	d001      	beq.n	100042e2 <stdio_put_string+0xbe>
100042de:	42a3      	cmp	r3, r4
100042e0:	d1f3      	bne.n	100042ca <stdio_put_string+0xa6>
100042e2:	002a      	movs	r2, r5
100042e4:	4641      	mov	r1, r8
100042e6:	0020      	movs	r0, r4
100042e8:	47b0      	blx	r6
100042ea:	466b      	mov	r3, sp
100042ec:	465a      	mov	r2, fp
100042ee:	0020      	movs	r0, r4
100042f0:	71da      	strb	r2, [r3, #7]
100042f2:	1dd9      	adds	r1, r3, #7
100042f4:	2201      	movs	r2, #1
100042f6:	47b0      	blx	r6
100042f8:	e7e7      	b.n	100042ca <stdio_put_string+0xa6>
100042fa:	4650      	mov	r0, sl
100042fc:	f002 fd14 	bl	10006d28 <__mutex_exit_veneer>
10004300:	e7d4      	b.n	100042ac <stdio_put_string+0x88>
10004302:	46c0      	nop			@ (mov r8, r8)
10004304:	000f4240 	.word	0x000f4240
10004308:	7fffffff 	.word	0x7fffffff
1000430c:	200010a8 	.word	0x200010a8
10004310:	10004111 	.word	0x10004111
10004314:	20002730 	.word	0x20002730
10004318:	2000273c 	.word	0x2000273c
1000431c:	10004101 	.word	0x10004101

10004320 <stdio_set_driver_enabled>:
10004320:	4a0a      	ldr	r2, [pc, #40]	@ (1000434c <stdio_set_driver_enabled+0x2c>)
10004322:	6813      	ldr	r3, [r2, #0]
10004324:	2b00      	cmp	r3, #0
10004326:	d105      	bne.n	10004334 <stdio_set_driver_enabled+0x14>
10004328:	e00c      	b.n	10004344 <stdio_set_driver_enabled+0x24>
1000432a:	001a      	movs	r2, r3
1000432c:	691b      	ldr	r3, [r3, #16]
1000432e:	3210      	adds	r2, #16
10004330:	2b00      	cmp	r3, #0
10004332:	d007      	beq.n	10004344 <stdio_set_driver_enabled+0x24>
10004334:	4283      	cmp	r3, r0
10004336:	d1f8      	bne.n	1000432a <stdio_set_driver_enabled+0xa>
10004338:	2900      	cmp	r1, #0
1000433a:	d102      	bne.n	10004342 <stdio_set_driver_enabled+0x22>
1000433c:	6918      	ldr	r0, [r3, #16]
1000433e:	6010      	str	r0, [r2, #0]
10004340:	6119      	str	r1, [r3, #16]
10004342:	4770      	bx	lr
10004344:	2900      	cmp	r1, #0
10004346:	d0fc      	beq.n	10004342 <stdio_set_driver_enabled+0x22>
10004348:	6010      	str	r0, [r2, #0]
1000434a:	e7fa      	b.n	10004342 <stdio_set_driver_enabled+0x22>
1000434c:	20002730 	.word	0x20002730

10004350 <stdio_init_all>:
10004350:	b510      	push	{r4, lr}
10004352:	f000 faf1 	bl	10004938 <stdio_usb_init>
10004356:	bd10      	pop	{r4, pc}

10004358 <__wrap_putchar>:
10004358:	b5f0      	push	{r4, r5, r6, r7, lr}
1000435a:	46ce      	mov	lr, r9
1000435c:	4647      	mov	r7, r8
1000435e:	b580      	push	{r7, lr}
10004360:	b083      	sub	sp, #12
10004362:	466b      	mov	r3, sp
10004364:	0006      	movs	r6, r0
10004366:	1ddd      	adds	r5, r3, #7
10004368:	7028      	strb	r0, [r5, #0]
1000436a:	f7fd f837 	bl	100013dc <time_us_64>
1000436e:	2300      	movs	r3, #0
10004370:	4a19      	ldr	r2, [pc, #100]	@ (100043d8 <__wrap_putchar+0x80>)
10004372:	1812      	adds	r2, r2, r0
10004374:	414b      	adcs	r3, r1
10004376:	2b00      	cmp	r3, #0
10004378:	da02      	bge.n	10004380 <__wrap_putchar+0x28>
1000437a:	2201      	movs	r2, #1
1000437c:	4b17      	ldr	r3, [pc, #92]	@ (100043dc <__wrap_putchar+0x84>)
1000437e:	4252      	negs	r2, r2
10004380:	4917      	ldr	r1, [pc, #92]	@ (100043e0 <__wrap_putchar+0x88>)
10004382:	0008      	movs	r0, r1
10004384:	4688      	mov	r8, r1
10004386:	f002 fcff 	bl	10006d88 <__mutex_try_enter_block_until_veneer>
1000438a:	4b16      	ldr	r3, [pc, #88]	@ (100043e4 <__wrap_putchar+0x8c>)
1000438c:	4681      	mov	r9, r0
1000438e:	681c      	ldr	r4, [r3, #0]
10004390:	2c00      	cmp	r4, #0
10004392:	d014      	beq.n	100043be <__wrap_putchar+0x66>
10004394:	4f14      	ldr	r7, [pc, #80]	@ (100043e8 <__wrap_putchar+0x90>)
10004396:	e002      	b.n	1000439e <__wrap_putchar+0x46>
10004398:	6924      	ldr	r4, [r4, #16]
1000439a:	2c00      	cmp	r4, #0
1000439c:	d00f      	beq.n	100043be <__wrap_putchar+0x66>
1000439e:	6823      	ldr	r3, [r4, #0]
100043a0:	2b00      	cmp	r3, #0
100043a2:	d0f9      	beq.n	10004398 <__wrap_putchar+0x40>
100043a4:	683b      	ldr	r3, [r7, #0]
100043a6:	2b00      	cmp	r3, #0
100043a8:	d001      	beq.n	100043ae <__wrap_putchar+0x56>
100043aa:	429c      	cmp	r4, r3
100043ac:	d1f4      	bne.n	10004398 <__wrap_putchar+0x40>
100043ae:	0020      	movs	r0, r4
100043b0:	2201      	movs	r2, #1
100043b2:	0029      	movs	r1, r5
100043b4:	f7ff feac 	bl	10004110 <stdio_out_chars_crlf>
100043b8:	6924      	ldr	r4, [r4, #16]
100043ba:	2c00      	cmp	r4, #0
100043bc:	d1ef      	bne.n	1000439e <__wrap_putchar+0x46>
100043be:	464b      	mov	r3, r9
100043c0:	2b00      	cmp	r3, #0
100043c2:	d105      	bne.n	100043d0 <__wrap_putchar+0x78>
100043c4:	0030      	movs	r0, r6
100043c6:	b003      	add	sp, #12
100043c8:	bcc0      	pop	{r6, r7}
100043ca:	46b9      	mov	r9, r7
100043cc:	46b0      	mov	r8, r6
100043ce:	bdf0      	pop	{r4, r5, r6, r7, pc}
100043d0:	4640      	mov	r0, r8
100043d2:	f002 fca9 	bl	10006d28 <__mutex_exit_veneer>
100043d6:	e7f5      	b.n	100043c4 <__wrap_putchar+0x6c>
100043d8:	000f4240 	.word	0x000f4240
100043dc:	7fffffff 	.word	0x7fffffff
100043e0:	200010a8 	.word	0x200010a8
100043e4:	20002730 	.word	0x20002730
100043e8:	2000273c 	.word	0x2000273c

100043ec <__wrap_puts>:
100043ec:	b570      	push	{r4, r5, r6, lr}
100043ee:	0004      	movs	r4, r0
100043f0:	f002 fc60 	bl	10006cb4 <strlen>
100043f4:	2301      	movs	r3, #1
100043f6:	0001      	movs	r1, r0
100043f8:	0005      	movs	r5, r0
100043fa:	2201      	movs	r2, #1
100043fc:	0020      	movs	r0, r4
100043fe:	f7ff ff11 	bl	10004224 <stdio_put_string>
10004402:	4b08      	ldr	r3, [pc, #32]	@ (10004424 <__wrap_puts+0x38>)
10004404:	681c      	ldr	r4, [r3, #0]
10004406:	2c00      	cmp	r4, #0
10004408:	d006      	beq.n	10004418 <__wrap_puts+0x2c>
1000440a:	6863      	ldr	r3, [r4, #4]
1000440c:	2b00      	cmp	r3, #0
1000440e:	d005      	beq.n	1000441c <__wrap_puts+0x30>
10004410:	4798      	blx	r3
10004412:	6924      	ldr	r4, [r4, #16]
10004414:	2c00      	cmp	r4, #0
10004416:	d1f8      	bne.n	1000440a <__wrap_puts+0x1e>
10004418:	0028      	movs	r0, r5
1000441a:	bd70      	pop	{r4, r5, r6, pc}
1000441c:	6924      	ldr	r4, [r4, #16]
1000441e:	2c00      	cmp	r4, #0
10004420:	d1f3      	bne.n	1000440a <__wrap_puts+0x1e>
10004422:	e7f9      	b.n	10004418 <__wrap_puts+0x2c>
10004424:	20002730 	.word	0x20002730

10004428 <__wrap_vprintf>:
10004428:	b5f0      	push	{r4, r5, r6, r7, lr}
1000442a:	46ce      	mov	lr, r9
1000442c:	4647      	mov	r7, r8
1000442e:	b580      	push	{r7, lr}
10004430:	b0a3      	sub	sp, #140	@ 0x8c
10004432:	0004      	movs	r4, r0
10004434:	000d      	movs	r5, r1
10004436:	f7fc ffd1 	bl	100013dc <time_us_64>
1000443a:	2300      	movs	r3, #0
1000443c:	4a27      	ldr	r2, [pc, #156]	@ (100044dc <__wrap_vprintf+0xb4>)
1000443e:	1812      	adds	r2, r2, r0
10004440:	414b      	adcs	r3, r1
10004442:	2b00      	cmp	r3, #0
10004444:	da02      	bge.n	1000444c <__wrap_vprintf+0x24>
10004446:	2201      	movs	r2, #1
10004448:	4b25      	ldr	r3, [pc, #148]	@ (100044e0 <__wrap_vprintf+0xb8>)
1000444a:	4252      	negs	r2, r2
1000444c:	4e25      	ldr	r6, [pc, #148]	@ (100044e4 <__wrap_vprintf+0xbc>)
1000444e:	0030      	movs	r0, r6
10004450:	f002 fc9a 	bl	10006d88 <__mutex_try_enter_block_until_veneer>
10004454:	2300      	movs	r3, #0
10004456:	0022      	movs	r2, r4
10004458:	9301      	str	r3, [sp, #4]
1000445a:	0007      	movs	r7, r0
1000445c:	002b      	movs	r3, r5
1000445e:	4822      	ldr	r0, [pc, #136]	@ (100044e8 <__wrap_vprintf+0xc0>)
10004460:	a901      	add	r1, sp, #4
10004462:	f7ff fe07 	bl	10004074 <vfctprintf>
10004466:	4b21      	ldr	r3, [pc, #132]	@ (100044ec <__wrap_vprintf+0xc4>)
10004468:	4680      	mov	r8, r0
1000446a:	4699      	mov	r9, r3
1000446c:	681c      	ldr	r4, [r3, #0]
1000446e:	9b01      	ldr	r3, [sp, #4]
10004470:	2b00      	cmp	r3, #0
10004472:	d01a      	beq.n	100044aa <__wrap_vprintf+0x82>
10004474:	2c00      	cmp	r4, #0
10004476:	d02f      	beq.n	100044d8 <__wrap_vprintf+0xb0>
10004478:	4d1d      	ldr	r5, [pc, #116]	@ (100044f0 <__wrap_vprintf+0xc8>)
1000447a:	e002      	b.n	10004482 <__wrap_vprintf+0x5a>
1000447c:	6924      	ldr	r4, [r4, #16]
1000447e:	2c00      	cmp	r4, #0
10004480:	d00f      	beq.n	100044a2 <__wrap_vprintf+0x7a>
10004482:	6823      	ldr	r3, [r4, #0]
10004484:	2b00      	cmp	r3, #0
10004486:	d0f9      	beq.n	1000447c <__wrap_vprintf+0x54>
10004488:	682b      	ldr	r3, [r5, #0]
1000448a:	2b00      	cmp	r3, #0
1000448c:	d001      	beq.n	10004492 <__wrap_vprintf+0x6a>
1000448e:	42a3      	cmp	r3, r4
10004490:	d1f4      	bne.n	1000447c <__wrap_vprintf+0x54>
10004492:	0020      	movs	r0, r4
10004494:	9a01      	ldr	r2, [sp, #4]
10004496:	a902      	add	r1, sp, #8
10004498:	f7ff fe3a 	bl	10004110 <stdio_out_chars_crlf>
1000449c:	6924      	ldr	r4, [r4, #16]
1000449e:	2c00      	cmp	r4, #0
100044a0:	d1ef      	bne.n	10004482 <__wrap_vprintf+0x5a>
100044a2:	464b      	mov	r3, r9
100044a4:	681c      	ldr	r4, [r3, #0]
100044a6:	2300      	movs	r3, #0
100044a8:	9301      	str	r3, [sp, #4]
100044aa:	2c00      	cmp	r4, #0
100044ac:	d006      	beq.n	100044bc <__wrap_vprintf+0x94>
100044ae:	6863      	ldr	r3, [r4, #4]
100044b0:	2b00      	cmp	r3, #0
100044b2:	d00b      	beq.n	100044cc <__wrap_vprintf+0xa4>
100044b4:	4798      	blx	r3
100044b6:	6924      	ldr	r4, [r4, #16]
100044b8:	2c00      	cmp	r4, #0
100044ba:	d1f8      	bne.n	100044ae <__wrap_vprintf+0x86>
100044bc:	2f00      	cmp	r7, #0
100044be:	d107      	bne.n	100044d0 <__wrap_vprintf+0xa8>
100044c0:	4640      	mov	r0, r8
100044c2:	b023      	add	sp, #140	@ 0x8c
100044c4:	bcc0      	pop	{r6, r7}
100044c6:	46b9      	mov	r9, r7
100044c8:	46b0      	mov	r8, r6
100044ca:	bdf0      	pop	{r4, r5, r6, r7, pc}
100044cc:	6924      	ldr	r4, [r4, #16]
100044ce:	e7ec      	b.n	100044aa <__wrap_vprintf+0x82>
100044d0:	0030      	movs	r0, r6
100044d2:	f002 fc29 	bl	10006d28 <__mutex_exit_veneer>
100044d6:	e7f3      	b.n	100044c0 <__wrap_vprintf+0x98>
100044d8:	9401      	str	r4, [sp, #4]
100044da:	e7ef      	b.n	100044bc <__wrap_vprintf+0x94>
100044dc:	000f4240 	.word	0x000f4240
100044e0:	7fffffff 	.word	0x7fffffff
100044e4:	200010a8 	.word	0x200010a8
100044e8:	100041c1 	.word	0x100041c1
100044ec:	20002730 	.word	0x20002730
100044f0:	2000273c 	.word	0x2000273c

100044f4 <__wrap_printf>:
100044f4:	b40f      	push	{r0, r1, r2, r3}
100044f6:	b500      	push	{lr}
100044f8:	b083      	sub	sp, #12
100044fa:	a904      	add	r1, sp, #16
100044fc:	c901      	ldmia	r1!, {r0}
100044fe:	9101      	str	r1, [sp, #4]
10004500:	f7ff ff92 	bl	10004428 <__wrap_vprintf>
10004504:	b003      	add	sp, #12
10004506:	bc08      	pop	{r3}
10004508:	b004      	add	sp, #16
1000450a:	4718      	bx	r3

1000450c <resetd_init>:
1000450c:	4770      	bx	lr
1000450e:	46c0      	nop			@ (mov r8, r8)

10004510 <resetd_reset>:
10004510:	2200      	movs	r2, #0
10004512:	4b01      	ldr	r3, [pc, #4]	@ (10004518 <resetd_reset+0x8>)
10004514:	701a      	strb	r2, [r3, #0]
10004516:	4770      	bx	lr
10004518:	20002bb2 	.word	0x20002bb2

1000451c <resetd_open>:
1000451c:	794b      	ldrb	r3, [r1, #5]
1000451e:	2000      	movs	r0, #0
10004520:	2bff      	cmp	r3, #255	@ 0xff
10004522:	d10b      	bne.n	1000453c <resetd_open+0x20>
10004524:	798b      	ldrb	r3, [r1, #6]
10004526:	2b00      	cmp	r3, #0
10004528:	d108      	bne.n	1000453c <resetd_open+0x20>
1000452a:	79cb      	ldrb	r3, [r1, #7]
1000452c:	2b01      	cmp	r3, #1
1000452e:	d105      	bne.n	1000453c <resetd_open+0x20>
10004530:	2a08      	cmp	r2, #8
10004532:	d903      	bls.n	1000453c <resetd_open+0x20>
10004534:	4b02      	ldr	r3, [pc, #8]	@ (10004540 <resetd_open+0x24>)
10004536:	788a      	ldrb	r2, [r1, #2]
10004538:	3009      	adds	r0, #9
1000453a:	701a      	strb	r2, [r3, #0]
1000453c:	4770      	bx	lr
1000453e:	46c0      	nop			@ (mov r8, r8)
10004540:	20002bb2 	.word	0x20002bb2

10004544 <resetd_xfer_cb>:
10004544:	2001      	movs	r0, #1
10004546:	4770      	bx	lr

10004548 <resetd_control_xfer_cb>:
10004548:	b510      	push	{r4, lr}
1000454a:	2901      	cmp	r1, #1
1000454c:	d113      	bne.n	10004576 <resetd_control_xfer_cb+0x2e>
1000454e:	4912      	ldr	r1, [pc, #72]	@ (10004598 <resetd_control_xfer_cb+0x50>)
10004550:	7953      	ldrb	r3, [r2, #5]
10004552:	7910      	ldrb	r0, [r2, #4]
10004554:	7809      	ldrb	r1, [r1, #0]
10004556:	021b      	lsls	r3, r3, #8
10004558:	4303      	orrs	r3, r0
1000455a:	2000      	movs	r0, #0
1000455c:	4299      	cmp	r1, r3
1000455e:	d000      	beq.n	10004562 <resetd_control_xfer_cb+0x1a>
10004560:	bd10      	pop	{r4, pc}
10004562:	7853      	ldrb	r3, [r2, #1]
10004564:	2b01      	cmp	r3, #1
10004566:	d008      	beq.n	1000457a <resetd_control_xfer_cb+0x32>
10004568:	2b02      	cmp	r3, #2
1000456a:	d1f9      	bne.n	10004560 <resetd_control_xfer_cb+0x18>
1000456c:	2264      	movs	r2, #100	@ 0x64
1000456e:	2100      	movs	r1, #0
10004570:	2000      	movs	r0, #0
10004572:	f7fd f893 	bl	1000169c <watchdog_reboot>
10004576:	2001      	movs	r0, #1
10004578:	e7f2      	b.n	10004560 <resetd_control_xfer_cb+0x18>
1000457a:	78d3      	ldrb	r3, [r2, #3]
1000457c:	7891      	ldrb	r1, [r2, #2]
1000457e:	021b      	lsls	r3, r3, #8
10004580:	4319      	orrs	r1, r3
10004582:	0a48      	lsrs	r0, r1, #9
10004584:	05db      	lsls	r3, r3, #23
10004586:	d401      	bmi.n	1000458c <resetd_control_xfer_cb+0x44>
10004588:	2001      	movs	r0, #1
1000458a:	4240      	negs	r0, r0
1000458c:	237f      	movs	r3, #127	@ 0x7f
1000458e:	058a      	lsls	r2, r1, #22
10004590:	0fd2      	lsrs	r2, r2, #31
10004592:	4019      	ands	r1, r3
10004594:	f7fd f90a 	bl	100017ac <rom_reset_usb_boot_extra>
10004598:	20002bb2 	.word	0x20002bb2

1000459c <tud_descriptor_bos_cb>:
1000459c:	4800      	ldr	r0, [pc, #0]	@ (100045a0 <tud_descriptor_bos_cb+0x4>)
1000459e:	4770      	bx	lr
100045a0:	10007374 	.word	0x10007374

100045a4 <tud_vendor_control_xfer_cb>:
100045a4:	b570      	push	{r4, r5, r6, lr}
100045a6:	0005      	movs	r5, r0
100045a8:	0014      	movs	r4, r2
100045aa:	2001      	movs	r0, #1
100045ac:	2901      	cmp	r1, #1
100045ae:	d109      	bne.n	100045c4 <tud_vendor_control_xfer_cb+0x20>
100045b0:	7853      	ldrb	r3, [r2, #1]
100045b2:	2000      	movs	r0, #0
100045b4:	2b01      	cmp	r3, #1
100045b6:	d105      	bne.n	100045c4 <tud_vendor_control_xfer_cb+0x20>
100045b8:	7963      	ldrb	r3, [r4, #5]
100045ba:	7912      	ldrb	r2, [r2, #4]
100045bc:	021b      	lsls	r3, r3, #8
100045be:	4313      	orrs	r3, r2
100045c0:	2b07      	cmp	r3, #7
100045c2:	d000      	beq.n	100045c6 <tud_vendor_control_xfer_cb+0x22>
100045c4:	bd70      	pop	{r4, r5, r6, pc}
100045c6:	0021      	movs	r1, r4
100045c8:	0028      	movs	r0, r5
100045ca:	4a02      	ldr	r2, [pc, #8]	@ (100045d4 <tud_vendor_control_xfer_cb+0x30>)
100045cc:	339f      	adds	r3, #159	@ 0x9f
100045ce:	f001 fa55 	bl	10005a7c <tud_control_xfer>
100045d2:	e7f7      	b.n	100045c4 <tud_vendor_control_xfer_cb+0x20>
100045d4:	100072cc 	.word	0x100072cc

100045d8 <usbd_app_driver_get_cb>:
100045d8:	2301      	movs	r3, #1
100045da:	7003      	strb	r3, [r0, #0]
100045dc:	4800      	ldr	r0, [pc, #0]	@ (100045e0 <usbd_app_driver_get_cb+0x8>)
100045de:	4770      	bx	lr
100045e0:	100072ac 	.word	0x100072ac

100045e4 <tud_cdc_line_coding_cb>:
100045e4:	784b      	ldrb	r3, [r1, #1]
100045e6:	780a      	ldrb	r2, [r1, #0]
100045e8:	021b      	lsls	r3, r3, #8
100045ea:	4313      	orrs	r3, r2
100045ec:	788a      	ldrb	r2, [r1, #2]
100045ee:	b510      	push	{r4, lr}
100045f0:	0412      	lsls	r2, r2, #16
100045f2:	431a      	orrs	r2, r3
100045f4:	78cb      	ldrb	r3, [r1, #3]
100045f6:	061b      	lsls	r3, r3, #24
100045f8:	4313      	orrs	r3, r2
100045fa:	2296      	movs	r2, #150	@ 0x96
100045fc:	00d2      	lsls	r2, r2, #3
100045fe:	4293      	cmp	r3, r2
10004600:	d000      	beq.n	10004604 <tud_cdc_line_coding_cb+0x20>
10004602:	bd10      	pop	{r4, pc}
10004604:	2200      	movs	r2, #0
10004606:	2001      	movs	r0, #1
10004608:	0011      	movs	r1, r2
1000460a:	4240      	negs	r0, r0
1000460c:	f7fd f8ce 	bl	100017ac <rom_reset_usb_boot_extra>

10004610 <stdio_usb_set_chars_available_callback>:
10004610:	4b02      	ldr	r3, [pc, #8]	@ (1000461c <stdio_usb_set_chars_available_callback+0xc>)
10004612:	6018      	str	r0, [r3, #0]
10004614:	4b02      	ldr	r3, [pc, #8]	@ (10004620 <stdio_usb_set_chars_available_callback+0x10>)
10004616:	6019      	str	r1, [r3, #0]
10004618:	4770      	bx	lr
1000461a:	46c0      	nop			@ (mov r8, r8)
1000461c:	200026d0 	.word	0x200026d0
10004620:	200026d4 	.word	0x200026d4

10004624 <usb_irq>:
10004624:	b510      	push	{r4, lr}
10004626:	4b02      	ldr	r3, [pc, #8]	@ (10004630 <usb_irq+0xc>)
10004628:	7818      	ldrb	r0, [r3, #0]
1000462a:	f7fc f8b7 	bl	1000079c <irq_set_pending>
1000462e:	bd10      	pop	{r4, pc}
10004630:	20002bb3 	.word	0x20002bb3

10004634 <timer_task>:
10004634:	4b15      	ldr	r3, [pc, #84]	@ (1000468c <timer_task+0x58>)
10004636:	b570      	push	{r4, r5, r6, lr}
10004638:	681a      	ldr	r2, [r3, #0]
1000463a:	2a00      	cmp	r2, #0
1000463c:	d022      	beq.n	10004684 <timer_task+0x50>
1000463e:	f3ef 8110 	mrs	r1, PRIMASK
10004642:	b672      	cpsid	i
10004644:	6810      	ldr	r0, [r2, #0]
10004646:	2800      	cmp	r0, #0
10004648:	d0fc      	beq.n	10004644 <timer_task+0x10>
1000464a:	f3bf 8f5f 	dmb	sy
1000464e:	2000      	movs	r0, #0
10004650:	4a0f      	ldr	r2, [pc, #60]	@ (10004690 <timer_task+0x5c>)
10004652:	6059      	str	r1, [r3, #4]
10004654:	7010      	strb	r0, [r2, #0]
10004656:	681b      	ldr	r3, [r3, #0]
10004658:	f3bf 8f5f 	dmb	sy
1000465c:	6018      	str	r0, [r3, #0]
1000465e:	f381 8810 	msr	PRIMASK, r1
10004662:	2400      	movs	r4, #0
10004664:	2500      	movs	r5, #0
10004666:	4e0b      	ldr	r6, [pc, #44]	@ (10004694 <timer_task+0x60>)
10004668:	7830      	ldrb	r0, [r6, #0]
1000466a:	f7fc f88b 	bl	10000784 <irq_is_enabled>
1000466e:	2800      	cmp	r0, #0
10004670:	d104      	bne.n	1000467c <timer_task+0x48>
10004672:	2400      	movs	r4, #0
10004674:	2500      	movs	r5, #0
10004676:	0029      	movs	r1, r5
10004678:	0020      	movs	r0, r4
1000467a:	bd70      	pop	{r4, r5, r6, pc}
1000467c:	7830      	ldrb	r0, [r6, #0]
1000467e:	f7fc f88d 	bl	1000079c <irq_set_pending>
10004682:	e7f8      	b.n	10004676 <timer_task+0x42>
10004684:	24fa      	movs	r4, #250	@ 0xfa
10004686:	2500      	movs	r5, #0
10004688:	00a4      	lsls	r4, r4, #2
1000468a:	e7ec      	b.n	10004666 <timer_task+0x32>
1000468c:	20002b64 	.word	0x20002b64
10004690:	20002bb4 	.word	0x20002bb4
10004694:	20002bb3 	.word	0x20002bb3

10004698 <stdio_usb_in_chars>:
10004698:	b570      	push	{r4, r5, r6, lr}
1000469a:	0004      	movs	r4, r0
1000469c:	2000      	movs	r0, #0
1000469e:	000e      	movs	r6, r1
100046a0:	f001 fb0a 	bl	10005cb8 <tud_cdc_n_connected>
100046a4:	2800      	cmp	r0, #0
100046a6:	d034      	beq.n	10004712 <stdio_usb_in_chars+0x7a>
100046a8:	2000      	movs	r0, #0
100046aa:	f001 fb1b 	bl	10005ce4 <tud_cdc_n_available>
100046ae:	2800      	cmp	r0, #0
100046b0:	d02f      	beq.n	10004712 <stdio_usb_in_chars+0x7a>
100046b2:	f7fc fe93 	bl	100013dc <time_us_64>
100046b6:	2300      	movs	r3, #0
100046b8:	4a17      	ldr	r2, [pc, #92]	@ (10004718 <stdio_usb_in_chars+0x80>)
100046ba:	1812      	adds	r2, r2, r0
100046bc:	414b      	adcs	r3, r1
100046be:	2b00      	cmp	r3, #0
100046c0:	db16      	blt.n	100046f0 <stdio_usb_in_chars+0x58>
100046c2:	4d16      	ldr	r5, [pc, #88]	@ (1000471c <stdio_usb_in_chars+0x84>)
100046c4:	0028      	movs	r0, r5
100046c6:	f002 fb5f 	bl	10006d88 <__mutex_try_enter_block_until_veneer>
100046ca:	2800      	cmp	r0, #0
100046cc:	d021      	beq.n	10004712 <stdio_usb_in_chars+0x7a>
100046ce:	2000      	movs	r0, #0
100046d0:	f001 faf2 	bl	10005cb8 <tud_cdc_n_connected>
100046d4:	2800      	cmp	r0, #0
100046d6:	d10f      	bne.n	100046f8 <stdio_usb_in_chars+0x60>
100046d8:	2001      	movs	r0, #1
100046da:	2100      	movs	r1, #0
100046dc:	4240      	negs	r0, r0
100046de:	f000 fd01 	bl	100050e4 <tud_task_ext>
100046e2:	2403      	movs	r4, #3
100046e4:	4264      	negs	r4, r4
100046e6:	0028      	movs	r0, r5
100046e8:	f002 fb1e 	bl	10006d28 <__mutex_exit_veneer>
100046ec:	0020      	movs	r0, r4
100046ee:	bd70      	pop	{r4, r5, r6, pc}
100046f0:	2201      	movs	r2, #1
100046f2:	4b0b      	ldr	r3, [pc, #44]	@ (10004720 <stdio_usb_in_chars+0x88>)
100046f4:	4252      	negs	r2, r2
100046f6:	e7e4      	b.n	100046c2 <stdio_usb_in_chars+0x2a>
100046f8:	2000      	movs	r0, #0
100046fa:	f001 faf3 	bl	10005ce4 <tud_cdc_n_available>
100046fe:	2800      	cmp	r0, #0
10004700:	d0ea      	beq.n	100046d8 <stdio_usb_in_chars+0x40>
10004702:	0021      	movs	r1, r4
10004704:	0032      	movs	r2, r6
10004706:	2000      	movs	r0, #0
10004708:	f001 faf6 	bl	10005cf8 <tud_cdc_n_read>
1000470c:	1e04      	subs	r4, r0, #0
1000470e:	d1ea      	bne.n	100046e6 <stdio_usb_in_chars+0x4e>
10004710:	e7e7      	b.n	100046e2 <stdio_usb_in_chars+0x4a>
10004712:	2403      	movs	r4, #3
10004714:	4264      	negs	r4, r4
10004716:	e7e9      	b.n	100046ec <stdio_usb_in_chars+0x54>
10004718:	000f4240 	.word	0x000f4240
1000471c:	20002b94 	.word	0x20002b94
10004720:	7fffffff 	.word	0x7fffffff

10004724 <stdio_usb_out_flush>:
10004724:	b510      	push	{r4, lr}
10004726:	f7fc fe59 	bl	100013dc <time_us_64>
1000472a:	2300      	movs	r3, #0
1000472c:	4a0d      	ldr	r2, [pc, #52]	@ (10004764 <stdio_usb_out_flush+0x40>)
1000472e:	1812      	adds	r2, r2, r0
10004730:	414b      	adcs	r3, r1
10004732:	2b00      	cmp	r3, #0
10004734:	da02      	bge.n	1000473c <stdio_usb_out_flush+0x18>
10004736:	2201      	movs	r2, #1
10004738:	4b0b      	ldr	r3, [pc, #44]	@ (10004768 <stdio_usb_out_flush+0x44>)
1000473a:	4252      	negs	r2, r2
1000473c:	4c0b      	ldr	r4, [pc, #44]	@ (1000476c <stdio_usb_out_flush+0x48>)
1000473e:	0020      	movs	r0, r4
10004740:	f002 fb22 	bl	10006d88 <__mutex_try_enter_block_until_veneer>
10004744:	2800      	cmp	r0, #0
10004746:	d00c      	beq.n	10004762 <stdio_usb_out_flush+0x3e>
10004748:	2001      	movs	r0, #1
1000474a:	2100      	movs	r1, #0
1000474c:	4240      	negs	r0, r0
1000474e:	f000 fcc9 	bl	100050e4 <tud_task_ext>
10004752:	2000      	movs	r0, #0
10004754:	f001 fb14 	bl	10005d80 <tud_cdc_n_write_flush>
10004758:	2800      	cmp	r0, #0
1000475a:	d1f5      	bne.n	10004748 <stdio_usb_out_flush+0x24>
1000475c:	0020      	movs	r0, r4
1000475e:	f002 fae3 	bl	10006d28 <__mutex_exit_veneer>
10004762:	bd10      	pop	{r4, pc}
10004764:	000f4240 	.word	0x000f4240
10004768:	7fffffff 	.word	0x7fffffff
1000476c:	20002b94 	.word	0x20002b94

10004770 <stdio_usb_out_chars>:
10004770:	b5f8      	push	{r3, r4, r5, r6, r7, lr}
10004772:	46de      	mov	lr, fp
10004774:	4657      	mov	r7, sl
10004776:	b580      	push	{r7, lr}
10004778:	0005      	movs	r5, r0
1000477a:	000c      	movs	r4, r1
1000477c:	f7fc fe2e 	bl	100013dc <time_us_64>
10004780:	2300      	movs	r3, #0
10004782:	4a36      	ldr	r2, [pc, #216]	@ (1000485c <stdio_usb_out_chars+0xec>)
10004784:	1812      	adds	r2, r2, r0
10004786:	414b      	adcs	r3, r1
10004788:	2b00      	cmp	r3, #0
1000478a:	da02      	bge.n	10004792 <stdio_usb_out_chars+0x22>
1000478c:	2201      	movs	r2, #1
1000478e:	4b34      	ldr	r3, [pc, #208]	@ (10004860 <stdio_usb_out_chars+0xf0>)
10004790:	4252      	negs	r2, r2
10004792:	4934      	ldr	r1, [pc, #208]	@ (10004864 <stdio_usb_out_chars+0xf4>)
10004794:	0008      	movs	r0, r1
10004796:	468a      	mov	sl, r1
10004798:	f002 faf6 	bl	10006d88 <__mutex_try_enter_block_until_veneer>
1000479c:	2800      	cmp	r0, #0
1000479e:	d103      	bne.n	100047a8 <stdio_usb_out_chars+0x38>
100047a0:	bcc0      	pop	{r6, r7}
100047a2:	46bb      	mov	fp, r7
100047a4:	46b2      	mov	sl, r6
100047a6:	bdf8      	pop	{r3, r4, r5, r6, r7, pc}
100047a8:	2000      	movs	r0, #0
100047aa:	f001 fa85 	bl	10005cb8 <tud_cdc_n_connected>
100047ae:	2800      	cmp	r0, #0
100047b0:	d04a      	beq.n	10004848 <stdio_usb_out_chars+0xd8>
100047b2:	2600      	movs	r6, #0
100047b4:	2c00      	cmp	r4, #0
100047b6:	dd43      	ble.n	10004840 <stdio_usb_out_chars+0xd0>
100047b8:	4b2b      	ldr	r3, [pc, #172]	@ (10004868 <stdio_usb_out_chars+0xf8>)
100047ba:	469b      	mov	fp, r3
100047bc:	e014      	b.n	100047e8 <stdio_usb_out_chars+0x78>
100047be:	19a9      	adds	r1, r5, r6
100047c0:	2000      	movs	r0, #0
100047c2:	f001 fb17 	bl	10005df4 <tud_cdc_n_write>
100047c6:	0007      	movs	r7, r0
100047c8:	2001      	movs	r0, #1
100047ca:	2100      	movs	r1, #0
100047cc:	4240      	negs	r0, r0
100047ce:	f000 fc89 	bl	100050e4 <tud_task_ext>
100047d2:	2000      	movs	r0, #0
100047d4:	f001 fad4 	bl	10005d80 <tud_cdc_n_write_flush>
100047d8:	f7fc fe00 	bl	100013dc <time_us_64>
100047dc:	4b22      	ldr	r3, [pc, #136]	@ (10004868 <stdio_usb_out_chars+0xf8>)
100047de:	19f6      	adds	r6, r6, r7
100047e0:	6018      	str	r0, [r3, #0]
100047e2:	6059      	str	r1, [r3, #4]
100047e4:	42b4      	cmp	r4, r6
100047e6:	dd2b      	ble.n	10004840 <stdio_usb_out_chars+0xd0>
100047e8:	2000      	movs	r0, #0
100047ea:	f001 fb23 	bl	10005e34 <tud_cdc_n_write_available>
100047ee:	1ba7      	subs	r7, r4, r6
100047f0:	0002      	movs	r2, r0
100047f2:	42b8      	cmp	r0, r7
100047f4:	dd00      	ble.n	100047f8 <stdio_usb_out_chars+0x88>
100047f6:	003a      	movs	r2, r7
100047f8:	2a00      	cmp	r2, #0
100047fa:	d1e0      	bne.n	100047be <stdio_usb_out_chars+0x4e>
100047fc:	2001      	movs	r0, #1
100047fe:	2100      	movs	r1, #0
10004800:	4240      	negs	r0, r0
10004802:	f000 fc6f 	bl	100050e4 <tud_task_ext>
10004806:	2000      	movs	r0, #0
10004808:	f001 faba 	bl	10005d80 <tud_cdc_n_write_flush>
1000480c:	2000      	movs	r0, #0
1000480e:	f001 fa53 	bl	10005cb8 <tud_cdc_n_connected>
10004812:	2800      	cmp	r0, #0
10004814:	d014      	beq.n	10004840 <stdio_usb_out_chars+0xd0>
10004816:	2000      	movs	r0, #0
10004818:	f001 fb0c 	bl	10005e34 <tud_cdc_n_write_available>
1000481c:	2800      	cmp	r0, #0
1000481e:	d1e1      	bne.n	100047e4 <stdio_usb_out_chars+0x74>
10004820:	f7fc fddc 	bl	100013dc <time_us_64>
10004824:	465b      	mov	r3, fp
10004826:	000f      	movs	r7, r1
10004828:	681a      	ldr	r2, [r3, #0]
1000482a:	685b      	ldr	r3, [r3, #4]
1000482c:	2100      	movs	r1, #0
1000482e:	4684      	mov	ip, r0
10004830:	480e      	ldr	r0, [pc, #56]	@ (1000486c <stdio_usb_out_chars+0xfc>)
10004832:	1812      	adds	r2, r2, r0
10004834:	414b      	adcs	r3, r1
10004836:	429f      	cmp	r7, r3
10004838:	d802      	bhi.n	10004840 <stdio_usb_out_chars+0xd0>
1000483a:	d1d3      	bne.n	100047e4 <stdio_usb_out_chars+0x74>
1000483c:	4594      	cmp	ip, r2
1000483e:	d9d1      	bls.n	100047e4 <stdio_usb_out_chars+0x74>
10004840:	4650      	mov	r0, sl
10004842:	f002 fa71 	bl	10006d28 <__mutex_exit_veneer>
10004846:	e7ab      	b.n	100047a0 <stdio_usb_out_chars+0x30>
10004848:	2000      	movs	r0, #0
1000484a:	2100      	movs	r1, #0
1000484c:	4b06      	ldr	r3, [pc, #24]	@ (10004868 <stdio_usb_out_chars+0xf8>)
1000484e:	6018      	str	r0, [r3, #0]
10004850:	6059      	str	r1, [r3, #4]
10004852:	4650      	mov	r0, sl
10004854:	f002 fa68 	bl	10006d28 <__mutex_exit_veneer>
10004858:	e7a2      	b.n	100047a0 <stdio_usb_out_chars+0x30>
1000485a:	46c0      	nop			@ (mov r8, r8)
1000485c:	000f4240 	.word	0x000f4240
10004860:	7fffffff 	.word	0x7fffffff
10004864:	20002b94 	.word	0x20002b94
10004868:	20001e30 	.word	0x20001e30
1000486c:	0007a120 	.word	0x0007a120

10004870 <low_priority_worker_irq>:
10004870:	b530      	push	{r4, r5, lr}
10004872:	4c2a      	ldr	r4, [pc, #168]	@ (1000491c <low_priority_worker_irq+0xac>)
10004874:	b085      	sub	sp, #20
10004876:	2100      	movs	r1, #0
10004878:	0020      	movs	r0, r4
1000487a:	f002 fa6d 	bl	10006d58 <__mutex_try_enter_veneer>
1000487e:	2800      	cmp	r0, #0
10004880:	d11c      	bne.n	100048bc <low_priority_worker_irq+0x4c>
10004882:	4b27      	ldr	r3, [pc, #156]	@ (10004920 <low_priority_worker_irq+0xb0>)
10004884:	681a      	ldr	r2, [r3, #0]
10004886:	2a00      	cmp	r2, #0
10004888:	d016      	beq.n	100048b8 <low_priority_worker_irq+0x48>
1000488a:	f3ef 8110 	mrs	r1, PRIMASK
1000488e:	b672      	cpsid	i
10004890:	6810      	ldr	r0, [r2, #0]
10004892:	2800      	cmp	r0, #0
10004894:	d0fc      	beq.n	10004890 <low_priority_worker_irq+0x20>
10004896:	f3bf 8f5f 	dmb	sy
1000489a:	2401      	movs	r4, #1
1000489c:	4821      	ldr	r0, [pc, #132]	@ (10004924 <low_priority_worker_irq+0xb4>)
1000489e:	6059      	str	r1, [r3, #4]
100048a0:	7802      	ldrb	r2, [r0, #0]
100048a2:	681b      	ldr	r3, [r3, #0]
100048a4:	b2d2      	uxtb	r2, r2
100048a6:	7004      	strb	r4, [r0, #0]
100048a8:	f3bf 8f5f 	dmb	sy
100048ac:	2000      	movs	r0, #0
100048ae:	6018      	str	r0, [r3, #0]
100048b0:	f381 8810 	msr	PRIMASK, r1
100048b4:	2a00      	cmp	r2, #0
100048b6:	d017      	beq.n	100048e8 <low_priority_worker_irq+0x78>
100048b8:	b005      	add	sp, #20
100048ba:	bd30      	pop	{r4, r5, pc}
100048bc:	2001      	movs	r0, #1
100048be:	2100      	movs	r1, #0
100048c0:	4240      	negs	r0, r0
100048c2:	f000 fc0f 	bl	100050e4 <tud_task_ext>
100048c6:	2000      	movs	r0, #0
100048c8:	f001 fa0c 	bl	10005ce4 <tud_cdc_n_available>
100048cc:	0005      	movs	r5, r0
100048ce:	0020      	movs	r0, r4
100048d0:	f002 fa2a 	bl	10006d28 <__mutex_exit_veneer>
100048d4:	2d00      	cmp	r5, #0
100048d6:	d0ef      	beq.n	100048b8 <low_priority_worker_irq+0x48>
100048d8:	4b13      	ldr	r3, [pc, #76]	@ (10004928 <low_priority_worker_irq+0xb8>)
100048da:	681b      	ldr	r3, [r3, #0]
100048dc:	2b00      	cmp	r3, #0
100048de:	d0eb      	beq.n	100048b8 <low_priority_worker_irq+0x48>
100048e0:	4a12      	ldr	r2, [pc, #72]	@ (1000492c <low_priority_worker_irq+0xbc>)
100048e2:	6810      	ldr	r0, [r2, #0]
100048e4:	4798      	blx	r3
100048e6:	e7e7      	b.n	100048b8 <low_priority_worker_irq+0x48>
100048e8:	f7fc fb62 	bl	10000fb0 <alarm_pool_get_default>
100048ec:	0004      	movs	r4, r0
100048ee:	f7fc fd75 	bl	100013dc <time_us_64>
100048f2:	22fa      	movs	r2, #250	@ 0xfa
100048f4:	2300      	movs	r3, #0
100048f6:	0092      	lsls	r2, r2, #2
100048f8:	1812      	adds	r2, r2, r0
100048fa:	414b      	adcs	r3, r1
100048fc:	2b00      	cmp	r3, #0
100048fe:	da02      	bge.n	10004906 <low_priority_worker_irq+0x96>
10004900:	2201      	movs	r2, #1
10004902:	4b0b      	ldr	r3, [pc, #44]	@ (10004930 <low_priority_worker_irq+0xc0>)
10004904:	4252      	negs	r2, r2
10004906:	2101      	movs	r1, #1
10004908:	9102      	str	r1, [sp, #8]
1000490a:	2100      	movs	r1, #0
1000490c:	9101      	str	r1, [sp, #4]
1000490e:	4909      	ldr	r1, [pc, #36]	@ (10004934 <low_priority_worker_irq+0xc4>)
10004910:	0020      	movs	r0, r4
10004912:	9100      	str	r1, [sp, #0]
10004914:	f7fc fb50 	bl	10000fb8 <alarm_pool_add_alarm_at>
10004918:	e7ce      	b.n	100048b8 <low_priority_worker_irq+0x48>
1000491a:	46c0      	nop			@ (mov r8, r8)
1000491c:	20002b94 	.word	0x20002b94
10004920:	20002b64 	.word	0x20002b64
10004924:	20002bb4 	.word	0x20002bb4
10004928:	200026d0 	.word	0x200026d0
1000492c:	200026d4 	.word	0x200026d4
10004930:	7fffffff 	.word	0x7fffffff
10004934:	10004635 	.word	0x10004635

10004938 <stdio_usb_init>:
10004938:	23d0      	movs	r3, #208	@ 0xd0
1000493a:	b510      	push	{r4, lr}
1000493c:	061b      	lsls	r3, r3, #24
1000493e:	b084      	sub	sp, #16
10004940:	681c      	ldr	r4, [r3, #0]
10004942:	f7fc fb35 	bl	10000fb0 <alarm_pool_get_default>
10004946:	f7fc fc31 	bl	100011ac <alarm_pool_core_num>
1000494a:	42a0      	cmp	r0, r4
1000494c:	d002      	beq.n	10004954 <stdio_usb_init+0x1c>
1000494e:	2000      	movs	r0, #0
10004950:	b004      	add	sp, #16
10004952:	bd10      	pop	{r4, pc}
10004954:	4b29      	ldr	r3, [pc, #164]	@ (100049fc <stdio_usb_init+0xc4>)
10004956:	2100      	movs	r1, #0
10004958:	2000      	movs	r0, #0
1000495a:	781b      	ldrb	r3, [r3, #0]
1000495c:	f001 fd5e 	bl	1000641c <tusb_rhport_init>
10004960:	4827      	ldr	r0, [pc, #156]	@ (10004a00 <stdio_usb_init+0xc8>)
10004962:	6803      	ldr	r3, [r0, #0]
10004964:	2b00      	cmp	r3, #0
10004966:	d045      	beq.n	100049f4 <stdio_usb_init+0xbc>
10004968:	2001      	movs	r0, #1
1000496a:	f7fc f8af 	bl	10000acc <user_irq_claim_unused>
1000496e:	23ff      	movs	r3, #255	@ 0xff
10004970:	4c24      	ldr	r4, [pc, #144]	@ (10004a04 <stdio_usb_init+0xcc>)
10004972:	4925      	ldr	r1, [pc, #148]	@ (10004a08 <stdio_usb_init+0xd0>)
10004974:	7020      	strb	r0, [r4, #0]
10004976:	4018      	ands	r0, r3
10004978:	f7fb ff2a 	bl	100007d0 <irq_set_exclusive_handler>
1000497c:	7820      	ldrb	r0, [r4, #0]
1000497e:	2101      	movs	r1, #1
10004980:	f7fb feee 	bl	10000760 <irq_set_enabled>
10004984:	2005      	movs	r0, #5
10004986:	f7fb ff11 	bl	100007ac <irq_has_shared_handler>
1000498a:	2800      	cmp	r0, #0
1000498c:	d124      	bne.n	100049d8 <stdio_usb_init+0xa0>
1000498e:	2208      	movs	r2, #8
10004990:	2100      	movs	r1, #0
10004992:	481e      	ldr	r0, [pc, #120]	@ (10004a0c <stdio_usb_init+0xd4>)
10004994:	f7fd ff12 	bl	100027bc <__wrap_memset>
10004998:	f7fc fb0a 	bl	10000fb0 <alarm_pool_get_default>
1000499c:	0004      	movs	r4, r0
1000499e:	f7fc fd1d 	bl	100013dc <time_us_64>
100049a2:	22fa      	movs	r2, #250	@ 0xfa
100049a4:	2300      	movs	r3, #0
100049a6:	0092      	lsls	r2, r2, #2
100049a8:	1812      	adds	r2, r2, r0
100049aa:	414b      	adcs	r3, r1
100049ac:	2b00      	cmp	r3, #0
100049ae:	da02      	bge.n	100049b6 <stdio_usb_init+0x7e>
100049b0:	2201      	movs	r2, #1
100049b2:	4b17      	ldr	r3, [pc, #92]	@ (10004a10 <stdio_usb_init+0xd8>)
100049b4:	4252      	negs	r2, r2
100049b6:	2101      	movs	r1, #1
100049b8:	9102      	str	r1, [sp, #8]
100049ba:	2100      	movs	r1, #0
100049bc:	9101      	str	r1, [sp, #4]
100049be:	4915      	ldr	r1, [pc, #84]	@ (10004a14 <stdio_usb_init+0xdc>)
100049c0:	0020      	movs	r0, r4
100049c2:	9100      	str	r1, [sp, #0]
100049c4:	f7fc faf8 	bl	10000fb8 <alarm_pool_add_alarm_at>
100049c8:	2800      	cmp	r0, #0
100049ca:	dbc0      	blt.n	1000494e <stdio_usb_init+0x16>
100049cc:	4812      	ldr	r0, [pc, #72]	@ (10004a18 <stdio_usb_init+0xe0>)
100049ce:	2101      	movs	r1, #1
100049d0:	f7ff fca6 	bl	10004320 <stdio_set_driver_enabled>
100049d4:	2001      	movs	r0, #1
100049d6:	e7bb      	b.n	10004950 <stdio_usb_init+0x18>
100049d8:	2001      	movs	r0, #1
100049da:	f7fb fe8f 	bl	100006fc <spin_lock_claim_unused>
100049de:	4b0b      	ldr	r3, [pc, #44]	@ (10004a0c <stdio_usb_init+0xd4>)
100049e0:	0001      	movs	r1, r0
100049e2:	0018      	movs	r0, r3
100049e4:	f7fc f8d4 	bl	10000b90 <critical_section_init_with_lock_num>
100049e8:	2200      	movs	r2, #0
100049ea:	2005      	movs	r0, #5
100049ec:	490b      	ldr	r1, [pc, #44]	@ (10004a1c <stdio_usb_init+0xe4>)
100049ee:	f7fb ff19 	bl	10000824 <irq_add_shared_handler>
100049f2:	e7eb      	b.n	100049cc <stdio_usb_init+0x94>
100049f4:	f7fc f8b0 	bl	10000b58 <mutex_init>
100049f8:	e7b6      	b.n	10004968 <stdio_usb_init+0x30>
100049fa:	46c0      	nop			@ (mov r8, r8)
100049fc:	10007528 	.word	0x10007528
10004a00:	20002b94 	.word	0x20002b94
10004a04:	20002bb3 	.word	0x20002bb3
10004a08:	10004871 	.word	0x10004871
10004a0c:	20002b64 	.word	0x20002b64
10004a10:	7fffffff 	.word	0x7fffffff
10004a14:	10004635 	.word	0x10004635
10004a18:	20001070 	.word	0x20001070
10004a1c:	10004625 	.word	0x10004625

10004a20 <tud_descriptor_device_cb>:
10004a20:	4800      	ldr	r0, [pc, #0]	@ (10004a24 <tud_descriptor_device_cb+0x4>)
10004a22:	4770      	bx	lr
10004a24:	10007410 	.word	0x10007410

10004a28 <tud_descriptor_configuration_cb>:
10004a28:	4800      	ldr	r0, [pc, #0]	@ (10004a2c <tud_descriptor_configuration_cb+0x4>)
10004a2a:	4770      	bx	lr
10004a2c:	100073bc 	.word	0x100073bc

10004a30 <tud_descriptor_string_cb>:
10004a30:	b510      	push	{r4, lr}
10004a32:	0004      	movs	r4, r0
10004a34:	4817      	ldr	r0, [pc, #92]	@ (10004a94 <tud_descriptor_string_cb+0x64>)
10004a36:	7803      	ldrb	r3, [r0, #0]
10004a38:	2b00      	cmp	r3, #0
10004a3a:	d020      	beq.n	10004a7e <tud_descriptor_string_cb+0x4e>
10004a3c:	2c00      	cmp	r4, #0
10004a3e:	d106      	bne.n	10004a4e <tud_descriptor_string_cb+0x1e>
10004a40:	4b15      	ldr	r3, [pc, #84]	@ (10004a98 <tud_descriptor_string_cb+0x68>)
10004a42:	4816      	ldr	r0, [pc, #88]	@ (10004a9c <tud_descriptor_string_cb+0x6c>)
10004a44:	8043      	strh	r3, [r0, #2]
10004a46:	3b06      	subs	r3, #6
10004a48:	3bff      	subs	r3, #255	@ 0xff
10004a4a:	8003      	strh	r3, [r0, #0]
10004a4c:	bd10      	pop	{r4, pc}
10004a4e:	2c05      	cmp	r4, #5
10004a50:	d81d      	bhi.n	10004a8e <tud_descriptor_string_cb+0x5e>
10004a52:	4b13      	ldr	r3, [pc, #76]	@ (10004aa0 <tud_descriptor_string_cb+0x70>)
10004a54:	00a4      	lsls	r4, r4, #2
10004a56:	58e0      	ldr	r0, [r4, r3]
10004a58:	4912      	ldr	r1, [pc, #72]	@ (10004aa4 <tud_descriptor_string_cb+0x74>)
10004a5a:	2301      	movs	r3, #1
10004a5c:	3801      	subs	r0, #1
10004a5e:	e004      	b.n	10004a6a <tud_descriptor_string_cb+0x3a>
10004a60:	3301      	adds	r3, #1
10004a62:	800a      	strh	r2, [r1, #0]
10004a64:	3102      	adds	r1, #2
10004a66:	2b14      	cmp	r3, #20
10004a68:	d00d      	beq.n	10004a86 <tud_descriptor_string_cb+0x56>
10004a6a:	5cc2      	ldrb	r2, [r0, r3]
10004a6c:	2a00      	cmp	r2, #0
10004a6e:	d1f7      	bne.n	10004a60 <tud_descriptor_string_cb+0x30>
10004a70:	22c0      	movs	r2, #192	@ 0xc0
10004a72:	b2db      	uxtb	r3, r3
10004a74:	005b      	lsls	r3, r3, #1
10004a76:	0092      	lsls	r2, r2, #2
10004a78:	4808      	ldr	r0, [pc, #32]	@ (10004a9c <tud_descriptor_string_cb+0x6c>)
10004a7a:	4313      	orrs	r3, r2
10004a7c:	e7e5      	b.n	10004a4a <tud_descriptor_string_cb+0x1a>
10004a7e:	2111      	movs	r1, #17
10004a80:	f000 f81a 	bl	10004ab8 <pico_get_unique_board_id_string>
10004a84:	e7da      	b.n	10004a3c <tud_descriptor_string_cb+0xc>
10004a86:	23ca      	movs	r3, #202	@ 0xca
10004a88:	4804      	ldr	r0, [pc, #16]	@ (10004a9c <tud_descriptor_string_cb+0x6c>)
10004a8a:	009b      	lsls	r3, r3, #2
10004a8c:	e7dd      	b.n	10004a4a <tud_descriptor_string_cb+0x1a>
10004a8e:	2000      	movs	r0, #0
10004a90:	e7dc      	b.n	10004a4c <tud_descriptor_string_cb+0x1c>
10004a92:	46c0      	nop			@ (mov r8, r8)
10004a94:	20002b9c 	.word	0x20002b9c
10004a98:	00000409 	.word	0x00000409
10004a9c:	20002708 	.word	0x20002708
10004aa0:	100073a4 	.word	0x100073a4
10004aa4:	2000270a 	.word	0x2000270a

10004aa8 <_retrieve_unique_id_on_boot>:
10004aa8:	b510      	push	{r4, lr}
10004aaa:	4802      	ldr	r0, [pc, #8]	@ (10004ab4 <_retrieve_unique_id_on_boot+0xc>)
10004aac:	f000 f8d8 	bl	10004c60 <flash_get_unique_id>
10004ab0:	bd10      	pop	{r4, pc}
10004ab2:	46c0      	nop			@ (mov r8, r8)
10004ab4:	20002b84 	.word	0x20002b84

10004ab8 <pico_get_unique_board_id_string>:
10004ab8:	b530      	push	{r4, r5, lr}
10004aba:	1e4b      	subs	r3, r1, #1
10004abc:	2901      	cmp	r1, #1
10004abe:	d100      	bne.n	10004ac2 <pico_get_unique_board_id_string+0xa>
10004ac0:	e0a7      	b.n	10004c12 <pico_get_unique_board_id_string+0x15a>
10004ac2:	4a66      	ldr	r2, [pc, #408]	@ (10004c5c <pico_get_unique_board_id_string+0x1a4>)
10004ac4:	7811      	ldrb	r1, [r2, #0]
10004ac6:	090d      	lsrs	r5, r1, #4
10004ac8:	002c      	movs	r4, r5
10004aca:	3430      	adds	r4, #48	@ 0x30
10004acc:	299f      	cmp	r1, #159	@ 0x9f
10004ace:	d900      	bls.n	10004ad2 <pico_get_unique_board_id_string+0x1a>
10004ad0:	e0a2      	b.n	10004c18 <pico_get_unique_board_id_string+0x160>
10004ad2:	7004      	strb	r4, [r0, #0]
10004ad4:	2b01      	cmp	r3, #1
10004ad6:	d100      	bne.n	10004ada <pico_get_unique_board_id_string+0x22>
10004ad8:	e0be      	b.n	10004c58 <pico_get_unique_board_id_string+0x1a0>
10004ada:	210f      	movs	r1, #15
10004adc:	7814      	ldrb	r4, [r2, #0]
10004ade:	4021      	ands	r1, r4
10004ae0:	000c      	movs	r4, r1
10004ae2:	3430      	adds	r4, #48	@ 0x30
10004ae4:	2909      	cmp	r1, #9
10004ae6:	d900      	bls.n	10004aea <pico_get_unique_board_id_string+0x32>
10004ae8:	e098      	b.n	10004c1c <pico_get_unique_board_id_string+0x164>
10004aea:	7044      	strb	r4, [r0, #1]
10004aec:	2b02      	cmp	r3, #2
10004aee:	d100      	bne.n	10004af2 <pico_get_unique_board_id_string+0x3a>
10004af0:	e0b2      	b.n	10004c58 <pico_get_unique_board_id_string+0x1a0>
10004af2:	7854      	ldrb	r4, [r2, #1]
10004af4:	0925      	lsrs	r5, r4, #4
10004af6:	0029      	movs	r1, r5
10004af8:	3130      	adds	r1, #48	@ 0x30
10004afa:	2c9f      	cmp	r4, #159	@ 0x9f
10004afc:	d900      	bls.n	10004b00 <pico_get_unique_board_id_string+0x48>
10004afe:	e090      	b.n	10004c22 <pico_get_unique_board_id_string+0x16a>
10004b00:	7081      	strb	r1, [r0, #2]
10004b02:	2b03      	cmp	r3, #3
10004b04:	d100      	bne.n	10004b08 <pico_get_unique_board_id_string+0x50>
10004b06:	e0a7      	b.n	10004c58 <pico_get_unique_board_id_string+0x1a0>
10004b08:	210f      	movs	r1, #15
10004b0a:	4021      	ands	r1, r4
10004b0c:	000c      	movs	r4, r1
10004b0e:	3430      	adds	r4, #48	@ 0x30
10004b10:	2909      	cmp	r1, #9
10004b12:	d900      	bls.n	10004b16 <pico_get_unique_board_id_string+0x5e>
10004b14:	e087      	b.n	10004c26 <pico_get_unique_board_id_string+0x16e>
10004b16:	70c4      	strb	r4, [r0, #3]
10004b18:	2b04      	cmp	r3, #4
10004b1a:	d100      	bne.n	10004b1e <pico_get_unique_board_id_string+0x66>
10004b1c:	e09c      	b.n	10004c58 <pico_get_unique_board_id_string+0x1a0>
10004b1e:	7894      	ldrb	r4, [r2, #2]
10004b20:	0925      	lsrs	r5, r4, #4
10004b22:	0029      	movs	r1, r5
10004b24:	3130      	adds	r1, #48	@ 0x30
10004b26:	2c9f      	cmp	r4, #159	@ 0x9f
10004b28:	d900      	bls.n	10004b2c <pico_get_unique_board_id_string+0x74>
10004b2a:	e07f      	b.n	10004c2c <pico_get_unique_board_id_string+0x174>
10004b2c:	7101      	strb	r1, [r0, #4]
10004b2e:	2b05      	cmp	r3, #5
10004b30:	d100      	bne.n	10004b34 <pico_get_unique_board_id_string+0x7c>
10004b32:	e091      	b.n	10004c58 <pico_get_unique_board_id_string+0x1a0>
10004b34:	210f      	movs	r1, #15
10004b36:	4021      	ands	r1, r4
10004b38:	000c      	movs	r4, r1
10004b3a:	3430      	adds	r4, #48	@ 0x30
10004b3c:	2909      	cmp	r1, #9
10004b3e:	d900      	bls.n	10004b42 <pico_get_unique_board_id_string+0x8a>
10004b40:	e076      	b.n	10004c30 <pico_get_unique_board_id_string+0x178>
10004b42:	7144      	strb	r4, [r0, #5]
10004b44:	2b06      	cmp	r3, #6
10004b46:	d100      	bne.n	10004b4a <pico_get_unique_board_id_string+0x92>
10004b48:	e086      	b.n	10004c58 <pico_get_unique_board_id_string+0x1a0>
10004b4a:	78d4      	ldrb	r4, [r2, #3]
10004b4c:	0925      	lsrs	r5, r4, #4
10004b4e:	0029      	movs	r1, r5
10004b50:	3130      	adds	r1, #48	@ 0x30
10004b52:	2c9f      	cmp	r4, #159	@ 0x9f
10004b54:	d900      	bls.n	10004b58 <pico_get_unique_board_id_string+0xa0>
10004b56:	e06e      	b.n	10004c36 <pico_get_unique_board_id_string+0x17e>
10004b58:	7181      	strb	r1, [r0, #6]
10004b5a:	2b07      	cmp	r3, #7
10004b5c:	d100      	bne.n	10004b60 <pico_get_unique_board_id_string+0xa8>
10004b5e:	e07b      	b.n	10004c58 <pico_get_unique_board_id_string+0x1a0>
10004b60:	210f      	movs	r1, #15
10004b62:	4021      	ands	r1, r4
10004b64:	000c      	movs	r4, r1
10004b66:	3430      	adds	r4, #48	@ 0x30
10004b68:	2909      	cmp	r1, #9
10004b6a:	d866      	bhi.n	10004c3a <pico_get_unique_board_id_string+0x182>
10004b6c:	71c4      	strb	r4, [r0, #7]
10004b6e:	2b08      	cmp	r3, #8
10004b70:	d100      	bne.n	10004b74 <pico_get_unique_board_id_string+0xbc>
10004b72:	e071      	b.n	10004c58 <pico_get_unique_board_id_string+0x1a0>
10004b74:	7914      	ldrb	r4, [r2, #4]
10004b76:	0925      	lsrs	r5, r4, #4
10004b78:	0029      	movs	r1, r5
10004b7a:	3130      	adds	r1, #48	@ 0x30
10004b7c:	2c9f      	cmp	r4, #159	@ 0x9f
10004b7e:	d85f      	bhi.n	10004c40 <pico_get_unique_board_id_string+0x188>
10004b80:	7201      	strb	r1, [r0, #8]
10004b82:	2b09      	cmp	r3, #9
10004b84:	d068      	beq.n	10004c58 <pico_get_unique_board_id_string+0x1a0>
10004b86:	210f      	movs	r1, #15
10004b88:	4021      	ands	r1, r4
10004b8a:	000c      	movs	r4, r1
10004b8c:	3430      	adds	r4, #48	@ 0x30
10004b8e:	2909      	cmp	r1, #9
10004b90:	d858      	bhi.n	10004c44 <pico_get_unique_board_id_string+0x18c>
10004b92:	7244      	strb	r4, [r0, #9]
10004b94:	2b0a      	cmp	r3, #10
10004b96:	d05f      	beq.n	10004c58 <pico_get_unique_board_id_string+0x1a0>
10004b98:	7954      	ldrb	r4, [r2, #5]
10004b9a:	0925      	lsrs	r5, r4, #4
10004b9c:	0029      	movs	r1, r5
10004b9e:	3130      	adds	r1, #48	@ 0x30
10004ba0:	2c9f      	cmp	r4, #159	@ 0x9f
10004ba2:	d852      	bhi.n	10004c4a <pico_get_unique_board_id_string+0x192>
10004ba4:	7281      	strb	r1, [r0, #10]
10004ba6:	2b0b      	cmp	r3, #11
10004ba8:	d056      	beq.n	10004c58 <pico_get_unique_board_id_string+0x1a0>
10004baa:	210f      	movs	r1, #15
10004bac:	4021      	ands	r1, r4
10004bae:	000c      	movs	r4, r1
10004bb0:	3430      	adds	r4, #48	@ 0x30
10004bb2:	2909      	cmp	r1, #9
10004bb4:	d84b      	bhi.n	10004c4e <pico_get_unique_board_id_string+0x196>
10004bb6:	72c4      	strb	r4, [r0, #11]
10004bb8:	2b0c      	cmp	r3, #12
10004bba:	d04d      	beq.n	10004c58 <pico_get_unique_board_id_string+0x1a0>
10004bbc:	7994      	ldrb	r4, [r2, #6]
10004bbe:	0925      	lsrs	r5, r4, #4
10004bc0:	0029      	movs	r1, r5
10004bc2:	3130      	adds	r1, #48	@ 0x30
10004bc4:	2c9f      	cmp	r4, #159	@ 0x9f
10004bc6:	d900      	bls.n	10004bca <pico_get_unique_board_id_string+0x112>
10004bc8:	3107      	adds	r1, #7
10004bca:	7301      	strb	r1, [r0, #12]
10004bcc:	2b0d      	cmp	r3, #13
10004bce:	d043      	beq.n	10004c58 <pico_get_unique_board_id_string+0x1a0>
10004bd0:	210f      	movs	r1, #15
10004bd2:	4021      	ands	r1, r4
10004bd4:	000c      	movs	r4, r1
10004bd6:	3430      	adds	r4, #48	@ 0x30
10004bd8:	2909      	cmp	r1, #9
10004bda:	d901      	bls.n	10004be0 <pico_get_unique_board_id_string+0x128>
10004bdc:	3137      	adds	r1, #55	@ 0x37
10004bde:	000c      	movs	r4, r1
10004be0:	7344      	strb	r4, [r0, #13]
10004be2:	2b0e      	cmp	r3, #14
10004be4:	d038      	beq.n	10004c58 <pico_get_unique_board_id_string+0x1a0>
10004be6:	79d1      	ldrb	r1, [r2, #7]
10004be8:	090c      	lsrs	r4, r1, #4
10004bea:	0022      	movs	r2, r4
10004bec:	3230      	adds	r2, #48	@ 0x30
10004bee:	299f      	cmp	r1, #159	@ 0x9f
10004bf0:	d900      	bls.n	10004bf4 <pico_get_unique_board_id_string+0x13c>
10004bf2:	3207      	adds	r2, #7
10004bf4:	7382      	strb	r2, [r0, #14]
10004bf6:	2b0f      	cmp	r3, #15
10004bf8:	d02e      	beq.n	10004c58 <pico_get_unique_board_id_string+0x1a0>
10004bfa:	220f      	movs	r2, #15
10004bfc:	400a      	ands	r2, r1
10004bfe:	0011      	movs	r1, r2
10004c00:	3137      	adds	r1, #55	@ 0x37
10004c02:	2a09      	cmp	r2, #9
10004c04:	d801      	bhi.n	10004c0a <pico_get_unique_board_id_string+0x152>
10004c06:	3230      	adds	r2, #48	@ 0x30
10004c08:	0011      	movs	r1, r2
10004c0a:	73c1      	strb	r1, [r0, #15]
10004c0c:	2b10      	cmp	r3, #16
10004c0e:	d023      	beq.n	10004c58 <pico_get_unique_board_id_string+0x1a0>
10004c10:	3010      	adds	r0, #16
10004c12:	2300      	movs	r3, #0
10004c14:	7003      	strb	r3, [r0, #0]
10004c16:	bd30      	pop	{r4, r5, pc}
10004c18:	3407      	adds	r4, #7
10004c1a:	e75a      	b.n	10004ad2 <pico_get_unique_board_id_string+0x1a>
10004c1c:	3137      	adds	r1, #55	@ 0x37
10004c1e:	000c      	movs	r4, r1
10004c20:	e763      	b.n	10004aea <pico_get_unique_board_id_string+0x32>
10004c22:	3107      	adds	r1, #7
10004c24:	e76c      	b.n	10004b00 <pico_get_unique_board_id_string+0x48>
10004c26:	3137      	adds	r1, #55	@ 0x37
10004c28:	000c      	movs	r4, r1
10004c2a:	e774      	b.n	10004b16 <pico_get_unique_board_id_string+0x5e>
10004c2c:	3107      	adds	r1, #7
10004c2e:	e77d      	b.n	10004b2c <pico_get_unique_board_id_string+0x74>
10004c30:	3137      	adds	r1, #55	@ 0x37
10004c32:	000c      	movs	r4, r1
10004c34:	e785      	b.n	10004b42 <pico_get_unique_board_id_string+0x8a>
10004c36:	3107      	adds	r1, #7
10004c38:	e78e      	b.n	10004b58 <pico_get_unique_board_id_string+0xa0>
10004c3a:	3137      	adds	r1, #55	@ 0x37
10004c3c:	000c      	movs	r4, r1
10004c3e:	e795      	b.n	10004b6c <pico_get_unique_board_id_string+0xb4>
10004c40:	3107      	adds	r1, #7
10004c42:	e79d      	b.n	10004b80 <pico_get_unique_board_id_string+0xc8>
10004c44:	3137      	adds	r1, #55	@ 0x37
10004c46:	000c      	movs	r4, r1
10004c48:	e7a3      	b.n	10004b92 <pico_get_unique_board_id_string+0xda>
10004c4a:	3107      	adds	r1, #7
10004c4c:	e7aa      	b.n	10004ba4 <pico_get_unique_board_id_string+0xec>
10004c4e:	3137      	adds	r1, #55	@ 0x37
10004c50:	000c      	movs	r4, r1
10004c52:	72c4      	strb	r4, [r0, #11]
10004c54:	2b0c      	cmp	r3, #12
10004c56:	d1b1      	bne.n	10004bbc <pico_get_unique_board_id_string+0x104>
10004c58:	18c0      	adds	r0, r0, r3
10004c5a:	e7da      	b.n	10004c12 <pico_get_unique_board_id_string+0x15a>
10004c5c:	20002b84 	.word	0x20002b84

10004c60 <flash_get_unique_id>:
10004c60:	b510      	push	{r4, lr}
10004c62:	b088      	sub	sp, #32
10004c64:	0004      	movs	r4, r0
10004c66:	220d      	movs	r2, #13
10004c68:	2100      	movs	r1, #0
10004c6a:	4668      	mov	r0, sp
10004c6c:	f7fd fda6 	bl	100027bc <__wrap_memset>
10004c70:	220d      	movs	r2, #13
10004c72:	2100      	movs	r1, #0
10004c74:	a804      	add	r0, sp, #16
10004c76:	f7fd fda1 	bl	100027bc <__wrap_memset>
10004c7a:	234b      	movs	r3, #75	@ 0x4b
10004c7c:	466a      	mov	r2, sp
10004c7e:	4668      	mov	r0, sp
10004c80:	7013      	strb	r3, [r2, #0]
10004c82:	a904      	add	r1, sp, #16
10004c84:	220d      	movs	r2, #13
10004c86:	f002 f847 	bl	10006d18 <__flash_do_cmd_veneer>
10004c8a:	2115      	movs	r1, #21
10004c8c:	2208      	movs	r2, #8
10004c8e:	0020      	movs	r0, r4
10004c90:	4469      	add	r1, sp
10004c92:	f7fd fd99 	bl	100027c8 <__wrap___aeabi_memcpy>
10004c96:	b008      	add	sp, #32
10004c98:	bd10      	pop	{r4, pc}
10004c9a:	46c0      	nop			@ (mov r8, r8)

10004c9c <dcd_init>:
10004c9c:	b5f8      	push	{r3, r4, r5, r6, r7, lr}
10004c9e:	f000 f947 	bl	10004f30 <rp2040_usb_init>
10004ca2:	230c      	movs	r3, #12
10004ca4:	4d19      	ldr	r5, [pc, #100]	@ (10004d0c <dcd_init+0x70>)
10004ca6:	22ff      	movs	r2, #255	@ 0xff
10004ca8:	67ab      	str	r3, [r5, #120]	@ 0x78
10004caa:	2005      	movs	r0, #5
10004cac:	4918      	ldr	r1, [pc, #96]	@ (10004d10 <dcd_init+0x74>)
10004cae:	f7fb fdb9 	bl	10000824 <irq_add_shared_handler>
10004cb2:	4c18      	ldr	r4, [pc, #96]	@ (10004d14 <dcd_init+0x78>)
10004cb4:	2240      	movs	r2, #64	@ 0x40
10004cb6:	2100      	movs	r1, #0
10004cb8:	0020      	movs	r0, r4
10004cba:	f7fd fd7f 	bl	100027bc <__wrap_memset>
10004cbe:	2740      	movs	r7, #64	@ 0x40
10004cc0:	2300      	movs	r3, #0
10004cc2:	2601      	movs	r6, #1
10004cc4:	2121      	movs	r1, #33	@ 0x21
10004cc6:	4a14      	ldr	r2, [pc, #80]	@ (10004d18 <dcd_init+0x7c>)
10004cc8:	7066      	strb	r6, [r4, #1]
10004cca:	8327      	strh	r7, [r4, #24]
10004ccc:	60a2      	str	r2, [r4, #8]
10004cce:	6013      	str	r3, [r2, #0]
10004cd0:	5463      	strb	r3, [r4, r1]
10004cd2:	315f      	adds	r1, #95	@ 0x5f
10004cd4:	8461      	strh	r1, [r4, #34]	@ 0x22
10004cd6:	3945      	subs	r1, #69	@ 0x45
10004cd8:	5463      	strb	r3, [r4, r1]
10004cda:	4a10      	ldr	r2, [pc, #64]	@ (10004d1c <dcd_init+0x80>)
10004cdc:	4910      	ldr	r1, [pc, #64]	@ (10004d20 <dcd_init+0x84>)
10004cde:	6063      	str	r3, [r4, #4]
10004ce0:	60e2      	str	r2, [r4, #12]
10004ce2:	8727      	strh	r7, [r4, #56]	@ 0x38
10004ce4:	62a1      	str	r1, [r4, #40]	@ 0x28
10004ce6:	600b      	str	r3, [r1, #0]
10004ce8:	6263      	str	r3, [r4, #36]	@ 0x24
10004cea:	62e2      	str	r2, [r4, #44]	@ 0x2c
10004cec:	f002 f844 	bl	10006d78 <__reset_non_control_endpoints_veneer>
10004cf0:	2380      	movs	r3, #128	@ 0x80
10004cf2:	059b      	lsls	r3, r3, #22
10004cf4:	642e      	str	r6, [r5, #64]	@ 0x40
10004cf6:	64eb      	str	r3, [r5, #76]	@ 0x4c
10004cf8:	2390      	movs	r3, #144	@ 0x90
10004cfa:	4a0a      	ldr	r2, [pc, #40]	@ (10004d24 <dcd_init+0x88>)
10004cfc:	2001      	movs	r0, #1
10004cfe:	50ea      	str	r2, [r5, r3]
10004d00:	2280      	movs	r2, #128	@ 0x80
10004d02:	4b09      	ldr	r3, [pc, #36]	@ (10004d28 <dcd_init+0x8c>)
10004d04:	0252      	lsls	r2, r2, #9
10004d06:	64da      	str	r2, [r3, #76]	@ 0x4c
10004d08:	bdf8      	pop	{r3, r4, r5, r6, r7, pc}
10004d0a:	46c0      	nop			@ (mov r8, r8)
10004d0c:	50110000 	.word	0x50110000
10004d10:	20000545 	.word	0x20000545
10004d14:	20002740 	.word	0x20002740
10004d18:	50100084 	.word	0x50100084
10004d1c:	50100100 	.word	0x50100100
10004d20:	50100080 	.word	0x50100080
10004d24:	0001d010 	.word	0x0001d010
10004d28:	50112000 	.word	0x50112000

10004d2c <dcd_int_enable>:
10004d2c:	b510      	push	{r4, lr}
10004d2e:	2101      	movs	r1, #1
10004d30:	2005      	movs	r0, #5
10004d32:	f7fb fd15 	bl	10000760 <irq_set_enabled>
10004d36:	bd10      	pop	{r4, pc}

10004d38 <dcd_set_address>:
10004d38:	b510      	push	{r4, lr}
10004d3a:	2200      	movs	r2, #0
10004d3c:	2100      	movs	r1, #0
10004d3e:	4802      	ldr	r0, [pc, #8]	@ (10004d48 <dcd_set_address+0x10>)
10004d40:	f000 f916 	bl	10004f70 <hw_endpoint_xfer_start>
10004d44:	bd10      	pop	{r4, pc}
10004d46:	46c0      	nop			@ (mov r8, r8)
10004d48:	20002760 	.word	0x20002760

10004d4c <dcd_sof_enable>:
10004d4c:	4b04      	ldr	r3, [pc, #16]	@ (10004d60 <dcd_sof_enable+0x14>)
10004d4e:	7019      	strb	r1, [r3, #0]
10004d50:	2900      	cmp	r1, #0
10004d52:	d004      	beq.n	10004d5e <dcd_sof_enable+0x12>
10004d54:	2180      	movs	r1, #128	@ 0x80
10004d56:	2390      	movs	r3, #144	@ 0x90
10004d58:	4a02      	ldr	r2, [pc, #8]	@ (10004d64 <dcd_sof_enable+0x18>)
10004d5a:	0289      	lsls	r1, r1, #10
10004d5c:	50d1      	str	r1, [r2, r3]
10004d5e:	4770      	bx	lr
10004d60:	20002bae 	.word	0x20002bae
10004d64:	50112000 	.word	0x50112000

10004d68 <dcd_edpt0_status_complete>:
10004d68:	780b      	ldrb	r3, [r1, #0]
10004d6a:	065b      	lsls	r3, r3, #25
10004d6c:	d102      	bne.n	10004d74 <dcd_edpt0_status_complete+0xc>
10004d6e:	784b      	ldrb	r3, [r1, #1]
10004d70:	2b05      	cmp	r3, #5
10004d72:	d000      	beq.n	10004d76 <dcd_edpt0_status_complete+0xe>
10004d74:	4770      	bx	lr
10004d76:	788a      	ldrb	r2, [r1, #2]
10004d78:	4b01      	ldr	r3, [pc, #4]	@ (10004d80 <dcd_edpt0_status_complete+0x18>)
10004d7a:	601a      	str	r2, [r3, #0]
10004d7c:	e7fa      	b.n	10004d74 <dcd_edpt0_status_complete+0xc>
10004d7e:	46c0      	nop			@ (mov r8, r8)
10004d80:	50110000 	.word	0x50110000

10004d84 <dcd_edpt_open>:
10004d84:	b5f0      	push	{r4, r5, r6, r7, lr}
10004d86:	46c6      	mov	lr, r8
10004d88:	78c8      	ldrb	r0, [r1, #3]
10004d8a:	b500      	push	{lr}
10004d8c:	0780      	lsls	r0, r0, #30
10004d8e:	0f83      	lsrs	r3, r0, #30
10004d90:	0018      	movs	r0, r3
10004d92:	2b01      	cmp	r3, #1
10004d94:	d060      	beq.n	10004e58 <dcd_edpt_open+0xd4>
10004d96:	788f      	ldrb	r7, [r1, #2]
10004d98:	790a      	ldrb	r2, [r1, #4]
10004d9a:	794b      	ldrb	r3, [r1, #5]
10004d9c:	217f      	movs	r1, #127	@ 0x7f
10004d9e:	4039      	ands	r1, r7
10004da0:	09fc      	lsrs	r4, r7, #7
10004da2:	021b      	lsls	r3, r3, #8
10004da4:	004e      	lsls	r6, r1, #1
10004da6:	4313      	orrs	r3, r2
10004da8:	4d33      	ldr	r5, [pc, #204]	@ (10004e78 <dcd_edpt_open+0xf4>)
10004daa:	1932      	adds	r2, r6, r4
10004dac:	0152      	lsls	r2, r2, #5
10004dae:	18aa      	adds	r2, r5, r2
10004db0:	7097      	strb	r7, [r2, #2]
10004db2:	2701      	movs	r7, #1
10004db4:	4067      	eors	r7, r4
10004db6:	7057      	strb	r7, [r2, #1]
10004db8:	2700      	movs	r7, #0
10004dba:	055b      	lsls	r3, r3, #21
10004dbc:	0d5b      	lsrs	r3, r3, #21
10004dbe:	70d7      	strb	r7, [r2, #3]
10004dc0:	8313      	strh	r3, [r2, #24]
10004dc2:	76d0      	strb	r0, [r2, #27]
10004dc4:	46b8      	mov	r8, r7
10004dc6:	00ca      	lsls	r2, r1, #3
10004dc8:	2c01      	cmp	r4, #1
10004dca:	d032      	beq.n	10004e32 <dcd_edpt_open+0xae>
10004dcc:	4f2b      	ldr	r7, [pc, #172]	@ (10004e7c <dcd_edpt_open+0xf8>)
10004dce:	46bc      	mov	ip, r7
10004dd0:	018f      	lsls	r7, r1, #6
10004dd2:	4462      	add	r2, ip
10004dd4:	46bc      	mov	ip, r7
10004dd6:	44ac      	add	ip, r5
10004dd8:	4667      	mov	r7, ip
10004dda:	60ba      	str	r2, [r7, #8]
10004ddc:	4647      	mov	r7, r8
10004dde:	6017      	str	r7, [r2, #0]
10004de0:	2900      	cmp	r1, #0
10004de2:	d032      	beq.n	10004e4a <dcd_edpt_open+0xc6>
10004de4:	4a26      	ldr	r2, [pc, #152]	@ (10004e80 <dcd_edpt_open+0xfc>)
10004de6:	00c9      	lsls	r1, r1, #3
10004de8:	4690      	mov	r8, r2
10004dea:	4662      	mov	r2, ip
10004dec:	4441      	add	r1, r8
10004dee:	6051      	str	r1, [r2, #4]
10004df0:	223f      	movs	r2, #63	@ 0x3f
10004df2:	333f      	adds	r3, #63	@ 0x3f
10004df4:	4393      	bics	r3, r2
10004df6:	2802      	cmp	r0, #2
10004df8:	d037      	beq.n	10004e6a <dcd_edpt_open+0xe6>
10004dfa:	4922      	ldr	r1, [pc, #136]	@ (10004e84 <dcd_edpt_open+0x100>)
10004dfc:	1937      	adds	r7, r6, r4
10004dfe:	680a      	ldr	r2, [r1, #0]
10004e00:	017f      	lsls	r7, r7, #5
10004e02:	18d3      	adds	r3, r2, r3
10004e04:	600b      	str	r3, [r1, #0]
10004e06:	4920      	ldr	r1, [pc, #128]	@ (10004e88 <dcd_edpt_open+0x104>)
10004e08:	19ef      	adds	r7, r5, r7
10004e0a:	60fa      	str	r2, [r7, #12]
10004e0c:	428b      	cmp	r3, r1
10004e0e:	d82e      	bhi.n	10004e6e <dcd_edpt_open+0xea>
10004e10:	1936      	adds	r6, r6, r4
10004e12:	0176      	lsls	r6, r6, #5
10004e14:	19ad      	adds	r5, r5, r6
10004e16:	7eeb      	ldrb	r3, [r5, #27]
10004e18:	491c      	ldr	r1, [pc, #112]	@ (10004e8c <dcd_edpt_open+0x108>)
10004e1a:	069b      	lsls	r3, r3, #26
10004e1c:	404a      	eors	r2, r1
10004e1e:	4313      	orrs	r3, r2
10004e20:	2280      	movs	r2, #128	@ 0x80
10004e22:	0612      	lsls	r2, r2, #24
10004e24:	4313      	orrs	r3, r2
10004e26:	686a      	ldr	r2, [r5, #4]
10004e28:	6013      	str	r3, [r2, #0]
10004e2a:	2001      	movs	r0, #1
10004e2c:	bc80      	pop	{r7}
10004e2e:	46b8      	mov	r8, r7
10004e30:	bdf0      	pop	{r4, r5, r6, r7, pc}
10004e32:	4f17      	ldr	r7, [pc, #92]	@ (10004e90 <dcd_edpt_open+0x10c>)
10004e34:	46bc      	mov	ip, r7
10004e36:	018f      	lsls	r7, r1, #6
10004e38:	4462      	add	r2, ip
10004e3a:	46bc      	mov	ip, r7
10004e3c:	44ac      	add	ip, r5
10004e3e:	4667      	mov	r7, ip
10004e40:	62ba      	str	r2, [r7, #40]	@ 0x28
10004e42:	4647      	mov	r7, r8
10004e44:	6017      	str	r7, [r2, #0]
10004e46:	2900      	cmp	r1, #0
10004e48:	d108      	bne.n	10004e5c <dcd_edpt_open+0xd8>
10004e4a:	2300      	movs	r3, #0
10004e4c:	0164      	lsls	r4, r4, #5
10004e4e:	192c      	adds	r4, r5, r4
10004e50:	6063      	str	r3, [r4, #4]
10004e52:	4b10      	ldr	r3, [pc, #64]	@ (10004e94 <dcd_edpt_open+0x110>)
10004e54:	60e3      	str	r3, [r4, #12]
10004e56:	e7e8      	b.n	10004e2a <dcd_edpt_open+0xa6>
10004e58:	2000      	movs	r0, #0
10004e5a:	e7e7      	b.n	10004e2c <dcd_edpt_open+0xa8>
10004e5c:	4a0b      	ldr	r2, [pc, #44]	@ (10004e8c <dcd_edpt_open+0x108>)
10004e5e:	00c9      	lsls	r1, r1, #3
10004e60:	4690      	mov	r8, r2
10004e62:	4662      	mov	r2, ip
10004e64:	4441      	add	r1, r8
10004e66:	6251      	str	r1, [r2, #36]	@ 0x24
10004e68:	e7c2      	b.n	10004df0 <dcd_edpt_open+0x6c>
10004e6a:	005b      	lsls	r3, r3, #1
10004e6c:	e7c5      	b.n	10004dfa <dcd_edpt_open+0x76>
10004e6e:	f7fc fcc5 	bl	100017fc <hard_assertion_failure>
10004e72:	68fa      	ldr	r2, [r7, #12]
10004e74:	e7cc      	b.n	10004e10 <dcd_edpt_open+0x8c>
10004e76:	46c0      	nop			@ (mov r8, r8)
10004e78:	20002740 	.word	0x20002740
10004e7c:	50100084 	.word	0x50100084
10004e80:	50100004 	.word	0x50100004
10004e84:	20002b48 	.word	0x20002b48
10004e88:	50100fff 	.word	0x50100fff
10004e8c:	50100000 	.word	0x50100000
10004e90:	50100080 	.word	0x50100080
10004e94:	50100100 	.word	0x50100100

10004e98 <dcd_edpt_close_all>:
10004e98:	b510      	push	{r4, lr}
10004e9a:	f001 ff6d 	bl	10006d78 <__reset_non_control_endpoints_veneer>
10004e9e:	bd10      	pop	{r4, pc}

10004ea0 <dcd_edpt_xfer>:
10004ea0:	b510      	push	{r4, lr}
10004ea2:	207f      	movs	r0, #127	@ 0x7f
10004ea4:	000c      	movs	r4, r1
10004ea6:	4020      	ands	r0, r4
10004ea8:	0040      	lsls	r0, r0, #1
10004eaa:	09e4      	lsrs	r4, r4, #7
10004eac:	0011      	movs	r1, r2
10004eae:	1900      	adds	r0, r0, r4
10004eb0:	001a      	movs	r2, r3
10004eb2:	4b03      	ldr	r3, [pc, #12]	@ (10004ec0 <dcd_edpt_xfer+0x20>)
10004eb4:	0140      	lsls	r0, r0, #5
10004eb6:	18c0      	adds	r0, r0, r3
10004eb8:	f000 f85a 	bl	10004f70 <hw_endpoint_xfer_start>
10004ebc:	2001      	movs	r0, #1
10004ebe:	bd10      	pop	{r4, pc}
10004ec0:	20002740 	.word	0x20002740

10004ec4 <dcd_edpt_stall>:
10004ec4:	237f      	movs	r3, #127	@ 0x7f
10004ec6:	0018      	movs	r0, r3
10004ec8:	b500      	push	{lr}
10004eca:	4008      	ands	r0, r1
10004ecc:	b083      	sub	sp, #12
10004ece:	420b      	tst	r3, r1
10004ed0:	d104      	bne.n	10004edc <dcd_edpt_stall+0x18>
10004ed2:	424b      	negs	r3, r1
10004ed4:	414b      	adcs	r3, r1
10004ed6:	4a08      	ldr	r2, [pc, #32]	@ (10004ef8 <dcd_edpt_stall+0x34>)
10004ed8:	3301      	adds	r3, #1
10004eda:	6693      	str	r3, [r2, #104]	@ 0x68
10004edc:	2280      	movs	r2, #128	@ 0x80
10004ede:	09c9      	lsrs	r1, r1, #7
10004ee0:	0040      	lsls	r0, r0, #1
10004ee2:	4b06      	ldr	r3, [pc, #24]	@ (10004efc <dcd_edpt_stall+0x38>)
10004ee4:	1840      	adds	r0, r0, r1
10004ee6:	0140      	lsls	r0, r0, #5
10004ee8:	2100      	movs	r1, #0
10004eea:	18c0      	adds	r0, r0, r3
10004eec:	0112      	lsls	r2, r2, #4
10004eee:	f001 ff63 	bl	10006db8 <___hw_endpoint_buffer_control_update32_veneer>
10004ef2:	b003      	add	sp, #12
10004ef4:	bd00      	pop	{pc}
10004ef6:	46c0      	nop			@ (mov r8, r8)
10004ef8:	50112000 	.word	0x50112000
10004efc:	20002740 	.word	0x20002740

10004f00 <dcd_edpt_clear_stall>:
10004f00:	227f      	movs	r2, #127	@ 0x7f
10004f02:	0013      	movs	r3, r2
10004f04:	b510      	push	{r4, lr}
10004f06:	400b      	ands	r3, r1
10004f08:	420a      	tst	r2, r1
10004f0a:	d100      	bne.n	10004f0e <dcd_edpt_clear_stall+0xe>
10004f0c:	bd10      	pop	{r4, pc}
10004f0e:	09c9      	lsrs	r1, r1, #7
10004f10:	005b      	lsls	r3, r3, #1
10004f12:	185b      	adds	r3, r3, r1
10004f14:	4804      	ldr	r0, [pc, #16]	@ (10004f28 <dcd_edpt_clear_stall+0x28>)
10004f16:	015b      	lsls	r3, r3, #5
10004f18:	18c0      	adds	r0, r0, r3
10004f1a:	2300      	movs	r3, #0
10004f1c:	2200      	movs	r2, #0
10004f1e:	4903      	ldr	r1, [pc, #12]	@ (10004f2c <dcd_edpt_clear_stall+0x2c>)
10004f20:	70c3      	strb	r3, [r0, #3]
10004f22:	f001 ff49 	bl	10006db8 <___hw_endpoint_buffer_control_update32_veneer>
10004f26:	e7f1      	b.n	10004f0c <dcd_edpt_clear_stall+0xc>
10004f28:	20002740 	.word	0x20002740
10004f2c:	fffff7ff 	.word	0xfffff7ff

10004f30 <rp2040_usb_init>:
10004f30:	2280      	movs	r2, #128	@ 0x80
10004f32:	4b0a      	ldr	r3, [pc, #40]	@ (10004f5c <rp2040_usb_init+0x2c>)
10004f34:	0452      	lsls	r2, r2, #17
10004f36:	b510      	push	{r4, lr}
10004f38:	601a      	str	r2, [r3, #0]
10004f3a:	4b09      	ldr	r3, [pc, #36]	@ (10004f60 <rp2040_usb_init+0x30>)
10004f3c:	4909      	ldr	r1, [pc, #36]	@ (10004f64 <rp2040_usb_init+0x34>)
10004f3e:	601a      	str	r2, [r3, #0]
10004f40:	0010      	movs	r0, r2
10004f42:	680b      	ldr	r3, [r1, #0]
10004f44:	4398      	bics	r0, r3
10004f46:	d1fb      	bne.n	10004f40 <rp2040_usb_init+0x10>
10004f48:	2280      	movs	r2, #128	@ 0x80
10004f4a:	2100      	movs	r1, #0
10004f4c:	0152      	lsls	r2, r2, #5
10004f4e:	4806      	ldr	r0, [pc, #24]	@ (10004f68 <rp2040_usb_init+0x38>)
10004f50:	f7fd fc34 	bl	100027bc <__wrap_memset>
10004f54:	2209      	movs	r2, #9
10004f56:	4b05      	ldr	r3, [pc, #20]	@ (10004f6c <rp2040_usb_init+0x3c>)
10004f58:	675a      	str	r2, [r3, #116]	@ 0x74
10004f5a:	bd10      	pop	{r4, pc}
10004f5c:	4000e000 	.word	0x4000e000
10004f60:	4000f000 	.word	0x4000f000
10004f64:	4000c008 	.word	0x4000c008
10004f68:	50100000 	.word	0x50100000
10004f6c:	50110000 	.word	0x50110000

10004f70 <hw_endpoint_xfer_start>:
10004f70:	2300      	movs	r3, #0
10004f72:	b510      	push	{r4, lr}
10004f74:	82c3      	strh	r3, [r0, #22]
10004f76:	3301      	adds	r3, #1
10004f78:	8282      	strh	r2, [r0, #20]
10004f7a:	7683      	strb	r3, [r0, #26]
10004f7c:	6101      	str	r1, [r0, #16]
10004f7e:	0004      	movs	r4, r0
10004f80:	f001 ff12 	bl	10006da8 <__e15_is_bulkin_ep_veneer>
10004f84:	2800      	cmp	r0, #0
10004f86:	d004      	beq.n	10004f92 <hw_endpoint_xfer_start+0x22>
10004f88:	2180      	movs	r1, #128	@ 0x80
10004f8a:	2390      	movs	r3, #144	@ 0x90
10004f8c:	4a07      	ldr	r2, [pc, #28]	@ (10004fac <hw_endpoint_xfer_start+0x3c>)
10004f8e:	0289      	lsls	r1, r1, #10
10004f90:	50d1      	str	r1, [r2, r3]
10004f92:	0020      	movs	r0, r4
10004f94:	f001 ff18 	bl	10006dc8 <__e15_is_critical_frame_period_veneer>
10004f98:	2800      	cmp	r0, #0
10004f9a:	d002      	beq.n	10004fa2 <hw_endpoint_xfer_start+0x32>
10004f9c:	2301      	movs	r3, #1
10004f9e:	7723      	strb	r3, [r4, #28]
10004fa0:	bd10      	pop	{r4, pc}
10004fa2:	0020      	movs	r0, r4
10004fa4:	f001 fef8 	bl	10006d98 <__hw_endpoint_start_next_buffer_veneer>
10004fa8:	e7fa      	b.n	10004fa0 <hw_endpoint_xfer_start+0x30>
10004faa:	46c0      	nop			@ (mov r8, r8)
10004fac:	50112000 	.word	0x50112000

10004fb0 <tud_event_hook_cb>:
10004fb0:	4770      	bx	lr
10004fb2:	46c0      	nop			@ (mov r8, r8)

10004fb4 <tud_sof_cb>:
10004fb4:	4770      	bx	lr
10004fb6:	46c0      	nop			@ (mov r8, r8)

10004fb8 <tud_descriptor_device_qualifier_cb>:
10004fb8:	2000      	movs	r0, #0
10004fba:	4770      	bx	lr

10004fbc <tud_descriptor_other_speed_configuration_cb>:
10004fbc:	2000      	movs	r0, #0
10004fbe:	4770      	bx	lr

10004fc0 <tud_mount_cb>:
10004fc0:	4770      	bx	lr
10004fc2:	46c0      	nop			@ (mov r8, r8)

10004fc4 <tud_umount_cb>:
10004fc4:	4770      	bx	lr
10004fc6:	46c0      	nop			@ (mov r8, r8)

10004fc8 <tud_suspend_cb>:
10004fc8:	4770      	bx	lr
10004fca:	46c0      	nop			@ (mov r8, r8)

10004fcc <tud_resume_cb>:
10004fcc:	4770      	bx	lr
10004fce:	46c0      	nop			@ (mov r8, r8)

10004fd0 <tud_mounted>:
10004fd0:	4b02      	ldr	r3, [pc, #8]	@ (10004fdc <tud_mounted+0xc>)
10004fd2:	7858      	ldrb	r0, [r3, #1]
10004fd4:	1e43      	subs	r3, r0, #1
10004fd6:	4198      	sbcs	r0, r3
10004fd8:	b2c0      	uxtb	r0, r0
10004fda:	4770      	bx	lr
10004fdc:	200021e8 	.word	0x200021e8

10004fe0 <tud_suspended>:
10004fe0:	4b02      	ldr	r3, [pc, #8]	@ (10004fec <tud_suspended+0xc>)
10004fe2:	7818      	ldrb	r0, [r3, #0]
10004fe4:	0740      	lsls	r0, r0, #29
10004fe6:	0fc0      	lsrs	r0, r0, #31
10004fe8:	4770      	bx	lr
10004fea:	46c0      	nop			@ (mov r8, r8)
10004fec:	200021e8 	.word	0x200021e8

10004ff0 <tud_rhport_init>:
10004ff0:	b5f0      	push	{r4, r5, r6, r7, lr}
10004ff2:	46d6      	mov	lr, sl
10004ff4:	464f      	mov	r7, r9
10004ff6:	4646      	mov	r6, r8
10004ff8:	b5c0      	push	{r6, r7, lr}
10004ffa:	4b2f      	ldr	r3, [pc, #188]	@ (100050b8 <tud_rhport_init+0xc8>)
10004ffc:	0007      	movs	r7, r0
10004ffe:	469a      	mov	sl, r3
10005000:	781b      	ldrb	r3, [r3, #0]
10005002:	000e      	movs	r6, r1
10005004:	2bff      	cmp	r3, #255	@ 0xff
10005006:	d150      	bne.n	100050aa <tud_rhport_init+0xba>
10005008:	2900      	cmp	r1, #0
1000500a:	d041      	beq.n	10005090 <tud_rhport_init+0xa0>
1000500c:	2100      	movs	r1, #0
1000500e:	2254      	movs	r2, #84	@ 0x54
10005010:	482a      	ldr	r0, [pc, #168]	@ (100050bc <tud_rhport_init+0xcc>)
10005012:	f7fd fbd3 	bl	100027bc <__wrap_memset>
10005016:	2200      	movs	r2, #0
10005018:	4c29      	ldr	r4, [pc, #164]	@ (100050c0 <tud_rhport_init+0xd0>)
1000501a:	4b2a      	ldr	r3, [pc, #168]	@ (100050c4 <tud_rhport_init+0xd4>)
1000501c:	0020      	movs	r0, r4
1000501e:	701a      	strb	r2, [r3, #0]
10005020:	f7fb fd9a 	bl	10000b58 <mutex_init>
10005024:	4b28      	ldr	r3, [pc, #160]	@ (100050c8 <tud_rhport_init+0xd8>)
10005026:	601c      	str	r4, [r3, #0]
10005028:	4c28      	ldr	r4, [pc, #160]	@ (100050cc <tud_rhport_init+0xdc>)
1000502a:	0020      	movs	r0, r4
1000502c:	3c14      	subs	r4, #20
1000502e:	f7fb fda1 	bl	10000b74 <critical_section_init>
10005032:	0020      	movs	r0, r4
10005034:	f001 fdfa 	bl	10006c2c <tu_fifo_clear>
10005038:	4b25      	ldr	r3, [pc, #148]	@ (100050d0 <tud_rhport_init+0xe0>)
1000503a:	4d26      	ldr	r5, [pc, #152]	@ (100050d4 <tud_rhport_init+0xe4>)
1000503c:	601c      	str	r4, [r3, #0]
1000503e:	4b26      	ldr	r3, [pc, #152]	@ (100050d8 <tud_rhport_init+0xe8>)
10005040:	2b00      	cmp	r3, #0
10005042:	d004      	beq.n	1000504e <tud_rhport_init+0x5e>
10005044:	0028      	movs	r0, r5
10005046:	f7ff fac7 	bl	100045d8 <usbd_app_driver_get_cb>
1000504a:	4b24      	ldr	r3, [pc, #144]	@ (100050dc <tud_rhport_init+0xec>)
1000504c:	6018      	str	r0, [r3, #0]
1000504e:	4924      	ldr	r1, [pc, #144]	@ (100050e0 <tud_rhport_init+0xf0>)
10005050:	2400      	movs	r4, #0
10005052:	4689      	mov	r9, r1
10005054:	4921      	ldr	r1, [pc, #132]	@ (100050dc <tud_rhport_init+0xec>)
10005056:	2300      	movs	r3, #0
10005058:	4688      	mov	r8, r1
1000505a:	782a      	ldrb	r2, [r5, #0]
1000505c:	e010      	b.n	10005080 <tud_rhport_init+0x90>
1000505e:	4643      	mov	r3, r8
10005060:	681b      	ldr	r3, [r3, #0]
10005062:	0162      	lsls	r2, r4, #5
10005064:	189b      	adds	r3, r3, r2
10005066:	2b00      	cmp	r3, #0
10005068:	d012      	beq.n	10005090 <tud_rhport_init+0xa0>
1000506a:	685b      	ldr	r3, [r3, #4]
1000506c:	2b00      	cmp	r3, #0
1000506e:	d00f      	beq.n	10005090 <tud_rhport_init+0xa0>
10005070:	4798      	blx	r3
10005072:	782a      	ldrb	r2, [r5, #0]
10005074:	3401      	adds	r4, #1
10005076:	b2e4      	uxtb	r4, r4
10005078:	1c51      	adds	r1, r2, #1
1000507a:	0023      	movs	r3, r4
1000507c:	42a1      	cmp	r1, r4
1000507e:	db09      	blt.n	10005094 <tud_rhport_init+0xa4>
10005080:	42a2      	cmp	r2, r4
10005082:	d8ec      	bhi.n	1000505e <tud_rhport_init+0x6e>
10005084:	1a9b      	subs	r3, r3, r2
10005086:	015b      	lsls	r3, r3, #5
10005088:	444b      	add	r3, r9
1000508a:	685b      	ldr	r3, [r3, #4]
1000508c:	2b00      	cmp	r3, #0
1000508e:	d1ef      	bne.n	10005070 <tud_rhport_init+0x80>
10005090:	2000      	movs	r0, #0
10005092:	e00b      	b.n	100050ac <tud_rhport_init+0xbc>
10005094:	4653      	mov	r3, sl
10005096:	0031      	movs	r1, r6
10005098:	0038      	movs	r0, r7
1000509a:	701f      	strb	r7, [r3, #0]
1000509c:	f7ff fdfe 	bl	10004c9c <dcd_init>
100050a0:	2800      	cmp	r0, #0
100050a2:	d0f5      	beq.n	10005090 <tud_rhport_init+0xa0>
100050a4:	0038      	movs	r0, r7
100050a6:	f7ff fe41 	bl	10004d2c <dcd_int_enable>
100050aa:	2001      	movs	r0, #1
100050ac:	bce0      	pop	{r5, r6, r7}
100050ae:	46ba      	mov	sl, r7
100050b0:	46b1      	mov	r9, r6
100050b2:	46a8      	mov	r8, r5
100050b4:	bdf0      	pop	{r4, r5, r6, r7, pc}
100050b6:	46c0      	nop			@ (mov r8, r8)
100050b8:	200010a4 	.word	0x200010a4
100050bc:	200021e8 	.word	0x200021e8
100050c0:	200021e0 	.word	0x200021e0
100050c4:	20002baf 	.word	0x20002baf
100050c8:	2000223c 	.word	0x2000223c
100050cc:	2000109c 	.word	0x2000109c
100050d0:	20002240 	.word	0x20002240
100050d4:	20002bad 	.word	0x20002bad
100050d8:	100045d9 	.word	0x100045d9
100050dc:	20002038 	.word	0x20002038
100050e0:	100074cc 	.word	0x100074cc

100050e4 <tud_task_ext>:
100050e4:	b5f0      	push	{r4, r5, r6, r7, lr}
100050e6:	46de      	mov	lr, fp
100050e8:	4657      	mov	r7, sl
100050ea:	464e      	mov	r6, r9
100050ec:	4645      	mov	r5, r8
100050ee:	b5e0      	push	{r5, r6, r7, lr}
100050f0:	4bc8      	ldr	r3, [pc, #800]	@ (10005414 <tud_task_ext+0x330>)
100050f2:	b091      	sub	sp, #68	@ 0x44
100050f4:	9302      	str	r3, [sp, #8]
100050f6:	781b      	ldrb	r3, [r3, #0]
100050f8:	2bff      	cmp	r3, #255	@ 0xff
100050fa:	d100      	bne.n	100050fe <tud_task_ext+0x1a>
100050fc:	e13e      	b.n	1000537c <tud_task_ext+0x298>
100050fe:	4bc6      	ldr	r3, [pc, #792]	@ (10005418 <tud_task_ext+0x334>)
10005100:	4ec6      	ldr	r6, [pc, #792]	@ (1000541c <tud_task_ext+0x338>)
10005102:	469b      	mov	fp, r3
10005104:	465f      	mov	r7, fp
10005106:	4bc6      	ldr	r3, [pc, #792]	@ (10005420 <tud_task_ext+0x33c>)
10005108:	ac0d      	add	r4, sp, #52	@ 0x34
1000510a:	9301      	str	r3, [sp, #4]
1000510c:	4bc5      	ldr	r3, [pc, #788]	@ (10005424 <tud_task_ext+0x340>)
1000510e:	9300      	str	r3, [sp, #0]
10005110:	6835      	ldr	r5, [r6, #0]
10005112:	696a      	ldr	r2, [r5, #20]
10005114:	f3ef 8110 	mrs	r1, PRIMASK
10005118:	b672      	cpsid	i
1000511a:	6813      	ldr	r3, [r2, #0]
1000511c:	2b00      	cmp	r3, #0
1000511e:	d0fc      	beq.n	1000511a <tud_task_ext+0x36>
10005120:	f3bf 8f5f 	dmb	sy
10005124:	61a9      	str	r1, [r5, #24]
10005126:	0028      	movs	r0, r5
10005128:	0021      	movs	r1, r4
1000512a:	f001 fbaf 	bl	1000688c <tu_fifo_read>
1000512e:	696a      	ldr	r2, [r5, #20]
10005130:	69ab      	ldr	r3, [r5, #24]
10005132:	f3bf 8f5f 	dmb	sy
10005136:	2100      	movs	r1, #0
10005138:	6011      	str	r1, [r2, #0]
1000513a:	f383 8810 	msr	PRIMASK, r3
1000513e:	2800      	cmp	r0, #0
10005140:	d100      	bne.n	10005144 <tud_task_ext+0x60>
10005142:	e11b      	b.n	1000537c <tud_task_ext+0x298>
10005144:	7863      	ldrb	r3, [r4, #1]
10005146:	2b08      	cmp	r3, #8
10005148:	d8e2      	bhi.n	10005110 <tud_task_ext+0x2c>
1000514a:	009b      	lsls	r3, r3, #2
1000514c:	58fb      	ldr	r3, [r7, r3]
1000514e:	469f      	mov	pc, r3
10005150:	6863      	ldr	r3, [r4, #4]
10005152:	2b00      	cmp	r3, #0
10005154:	d0dc      	beq.n	10005110 <tud_task_ext+0x2c>
10005156:	68a0      	ldr	r0, [r4, #8]
10005158:	4798      	blx	r3
1000515a:	e7d9      	b.n	10005110 <tud_task_ext+0x2c>
1000515c:	227f      	movs	r2, #127	@ 0x7f
1000515e:	7921      	ldrb	r1, [r4, #4]
10005160:	4daf      	ldr	r5, [pc, #700]	@ (10005420 <tud_task_ext+0x33c>)
10005162:	400a      	ands	r2, r1
10005164:	0053      	lsls	r3, r2, #1
10005166:	18eb      	adds	r3, r5, r3
10005168:	4698      	mov	r8, r3
1000516a:	09c8      	lsrs	r0, r1, #7
1000516c:	4480      	add	r8, r0
1000516e:	4640      	mov	r0, r8
10005170:	2301      	movs	r3, #1
10005172:	3030      	adds	r0, #48	@ 0x30
10005174:	7905      	ldrb	r5, [r0, #4]
10005176:	439d      	bics	r5, r3
10005178:	7105      	strb	r5, [r0, #4]
1000517a:	7905      	ldrb	r5, [r0, #4]
1000517c:	3303      	adds	r3, #3
1000517e:	439d      	bics	r5, r3
10005180:	7105      	strb	r5, [r0, #4]
10005182:	2a00      	cmp	r2, #0
10005184:	d100      	bne.n	10005188 <tud_task_ext+0xa4>
10005186:	e100      	b.n	1000538a <tud_task_ext+0x2a6>
10005188:	4643      	mov	r3, r8
1000518a:	4aa7      	ldr	r2, [pc, #668]	@ (10005428 <tud_task_ext+0x344>)
1000518c:	7d1b      	ldrb	r3, [r3, #20]
1000518e:	7812      	ldrb	r2, [r2, #0]
10005190:	4293      	cmp	r3, r2
10005192:	d300      	bcc.n	10005196 <tud_task_ext+0xb2>
10005194:	e0ef      	b.n	10005376 <tud_task_ext+0x292>
10005196:	4aa5      	ldr	r2, [pc, #660]	@ (1000542c <tud_task_ext+0x348>)
10005198:	015b      	lsls	r3, r3, #5
1000519a:	6815      	ldr	r5, [r2, #0]
1000519c:	18ed      	adds	r5, r5, r3
1000519e:	2d00      	cmp	r5, #0
100051a0:	d100      	bne.n	100051a4 <tud_task_ext+0xc0>
100051a2:	e0eb      	b.n	1000537c <tud_task_ext+0x298>
100051a4:	68a3      	ldr	r3, [r4, #8]
100051a6:	7962      	ldrb	r2, [r4, #5]
100051a8:	7820      	ldrb	r0, [r4, #0]
100051aa:	69ad      	ldr	r5, [r5, #24]
100051ac:	47a8      	blx	r5
100051ae:	e7af      	b.n	10005110 <tud_task_ext+0x2c>
100051b0:	4a9f      	ldr	r2, [pc, #636]	@ (10005430 <tud_task_ext+0x34c>)
100051b2:	7813      	ldrb	r3, [r2, #0]
100051b4:	2b00      	cmp	r3, #0
100051b6:	d100      	bne.n	100051ba <tud_task_ext+0xd6>
100051b8:	e0e0      	b.n	1000537c <tud_task_ext+0x298>
100051ba:	7813      	ldrb	r3, [r2, #0]
100051bc:	3b01      	subs	r3, #1
100051be:	b2db      	uxtb	r3, r3
100051c0:	7013      	strb	r3, [r2, #0]
100051c2:	7813      	ldrb	r3, [r2, #0]
100051c4:	2b00      	cmp	r3, #0
100051c6:	d1a3      	bne.n	10005110 <tud_task_ext+0x2c>
100051c8:	2201      	movs	r2, #1
100051ca:	4d95      	ldr	r5, [pc, #596]	@ (10005420 <tud_task_ext+0x33c>)
100051cc:	2101      	movs	r1, #1
100051ce:	782b      	ldrb	r3, [r5, #0]
100051d0:	2004      	movs	r0, #4
100051d2:	4313      	orrs	r3, r2
100051d4:	702b      	strb	r3, [r5, #0]
100051d6:	2334      	movs	r3, #52	@ 0x34
100051d8:	5cea      	ldrb	r2, [r5, r3]
100051da:	438a      	bics	r2, r1
100051dc:	54ea      	strb	r2, [r5, r3]
100051de:	5cea      	ldrb	r2, [r5, r3]
100051e0:	4382      	bics	r2, r0
100051e2:	54ea      	strb	r2, [r5, r3]
100051e4:	3301      	adds	r3, #1
100051e6:	5cea      	ldrb	r2, [r5, r3]
100051e8:	438a      	bics	r2, r1
100051ea:	54ea      	strb	r2, [r5, r3]
100051ec:	5cea      	ldrb	r2, [r5, r3]
100051ee:	4382      	bics	r2, r0
100051f0:	54ea      	strb	r2, [r5, r3]
100051f2:	7823      	ldrb	r3, [r4, #0]
100051f4:	2000      	movs	r0, #0
100051f6:	469b      	mov	fp, r3
100051f8:	f000 fc9e 	bl	10005b38 <usbd_control_set_complete_callback>
100051fc:	2260      	movs	r2, #96	@ 0x60
100051fe:	7923      	ldrb	r3, [r4, #4]
10005200:	401a      	ands	r2, r3
10005202:	2a60      	cmp	r2, #96	@ 0x60
10005204:	d100      	bne.n	10005208 <tud_task_ext+0x124>
10005206:	e0ef      	b.n	100053e8 <tud_task_ext+0x304>
10005208:	2a40      	cmp	r2, #64	@ 0x40
1000520a:	d100      	bne.n	1000520e <tud_task_ext+0x12a>
1000520c:	e0f5      	b.n	100053fa <tud_task_ext+0x316>
1000520e:	06db      	lsls	r3, r3, #27
10005210:	0edb      	lsrs	r3, r3, #27
10005212:	2b01      	cmp	r3, #1
10005214:	d100      	bne.n	10005218 <tud_task_ext+0x134>
10005216:	e113      	b.n	10005440 <tud_task_ext+0x35c>
10005218:	2b02      	cmp	r3, #2
1000521a:	d100      	bne.n	1000521e <tud_task_ext+0x13a>
1000521c:	e0c7      	b.n	100053ae <tud_task_ext+0x2ca>
1000521e:	2b00      	cmp	r3, #0
10005220:	d000      	beq.n	10005224 <tud_task_ext+0x140>
10005222:	e0e1      	b.n	100053e8 <tud_task_ext+0x304>
10005224:	2a20      	cmp	r2, #32
10005226:	d100      	bne.n	1000522a <tud_task_ext+0x146>
10005228:	e21c      	b.n	10005664 <tud_task_ext+0x580>
1000522a:	2a00      	cmp	r2, #0
1000522c:	d000      	beq.n	10005230 <tud_task_ext+0x14c>
1000522e:	e0db      	b.n	100053e8 <tud_task_ext+0x304>
10005230:	7963      	ldrb	r3, [r4, #5]
10005232:	2b09      	cmp	r3, #9
10005234:	d900      	bls.n	10005238 <tud_task_ext+0x154>
10005236:	e0d7      	b.n	100053e8 <tud_task_ext+0x304>
10005238:	4a7e      	ldr	r2, [pc, #504]	@ (10005434 <tud_task_ext+0x350>)
1000523a:	009b      	lsls	r3, r3, #2
1000523c:	58d3      	ldr	r3, [r2, r3]
1000523e:	469f      	mov	pc, r3
10005240:	4d77      	ldr	r5, [pc, #476]	@ (10005420 <tud_task_ext+0x33c>)
10005242:	782b      	ldrb	r3, [r5, #0]
10005244:	07db      	lsls	r3, r3, #31
10005246:	d400      	bmi.n	1000524a <tud_task_ext+0x166>
10005248:	e762      	b.n	10005110 <tud_task_ext+0x2c>
1000524a:	f7ff febf 	bl	10004fcc <tud_resume_cb>
1000524e:	e75f      	b.n	10005110 <tud_task_ext+0x2c>
10005250:	9b01      	ldr	r3, [sp, #4]
10005252:	78db      	ldrb	r3, [r3, #3]
10005254:	07db      	lsls	r3, r3, #31
10005256:	d400      	bmi.n	1000525a <tud_task_ext+0x176>
10005258:	e75a      	b.n	10005110 <tud_task_ext+0x2c>
1000525a:	6860      	ldr	r0, [r4, #4]
1000525c:	f7ff feaa 	bl	10004fb4 <tud_sof_cb>
10005260:	e756      	b.n	10005110 <tud_task_ext+0x2c>
10005262:	4d6f      	ldr	r5, [pc, #444]	@ (10005420 <tud_task_ext+0x33c>)
10005264:	782b      	ldrb	r3, [r5, #0]
10005266:	07db      	lsls	r3, r3, #31
10005268:	d400      	bmi.n	1000526c <tud_task_ext+0x188>
1000526a:	e751      	b.n	10005110 <tud_task_ext+0x2c>
1000526c:	7828      	ldrb	r0, [r5, #0]
1000526e:	0700      	lsls	r0, r0, #28
10005270:	0fc0      	lsrs	r0, r0, #31
10005272:	f7ff fea9 	bl	10004fc8 <tud_suspend_cb>
10005276:	e74b      	b.n	10005110 <tud_task_ext+0x2c>
10005278:	7823      	ldrb	r3, [r4, #0]
1000527a:	496a      	ldr	r1, [pc, #424]	@ (10005424 <tud_task_ext+0x340>)
1000527c:	4699      	mov	r9, r3
1000527e:	468b      	mov	fp, r1
10005280:	4b69      	ldr	r3, [pc, #420]	@ (10005428 <tud_task_ext+0x344>)
10005282:	496a      	ldr	r1, [pc, #424]	@ (1000542c <tud_task_ext+0x348>)
10005284:	4698      	mov	r8, r3
10005286:	468a      	mov	sl, r1
10005288:	0039      	movs	r1, r7
1000528a:	781a      	ldrb	r2, [r3, #0]
1000528c:	4647      	mov	r7, r8
1000528e:	2300      	movs	r3, #0
10005290:	46b0      	mov	r8, r6
10005292:	2500      	movs	r5, #0
10005294:	464e      	mov	r6, r9
10005296:	4689      	mov	r9, r1
10005298:	e010      	b.n	100052bc <tud_task_ext+0x1d8>
1000529a:	4653      	mov	r3, sl
1000529c:	681b      	ldr	r3, [r3, #0]
1000529e:	016a      	lsls	r2, r5, #5
100052a0:	189b      	adds	r3, r3, r2
100052a2:	2b00      	cmp	r3, #0
100052a4:	d100      	bne.n	100052a8 <tud_task_ext+0x1c4>
100052a6:	e076      	b.n	10005396 <tud_task_ext+0x2b2>
100052a8:	68db      	ldr	r3, [r3, #12]
100052aa:	0030      	movs	r0, r6
100052ac:	4798      	blx	r3
100052ae:	783a      	ldrb	r2, [r7, #0]
100052b0:	3501      	adds	r5, #1
100052b2:	b2ed      	uxtb	r5, r5
100052b4:	1c51      	adds	r1, r2, #1
100052b6:	002b      	movs	r3, r5
100052b8:	428d      	cmp	r5, r1
100052ba:	dc44      	bgt.n	10005346 <tud_task_ext+0x262>
100052bc:	4295      	cmp	r5, r2
100052be:	d3ec      	bcc.n	1000529a <tud_task_ext+0x1b6>
100052c0:	1a9b      	subs	r3, r3, r2
100052c2:	015b      	lsls	r3, r3, #5
100052c4:	445b      	add	r3, fp
100052c6:	e7ef      	b.n	100052a8 <tud_task_ext+0x1c4>
100052c8:	7823      	ldrb	r3, [r4, #0]
100052ca:	4958      	ldr	r1, [pc, #352]	@ (1000542c <tud_task_ext+0x348>)
100052cc:	4699      	mov	r9, r3
100052ce:	4b56      	ldr	r3, [pc, #344]	@ (10005428 <tud_task_ext+0x344>)
100052d0:	468a      	mov	sl, r1
100052d2:	4698      	mov	r8, r3
100052d4:	0031      	movs	r1, r6
100052d6:	46bb      	mov	fp, r7
100052d8:	464e      	mov	r6, r9
100052da:	781a      	ldrb	r2, [r3, #0]
100052dc:	2500      	movs	r5, #0
100052de:	2300      	movs	r3, #0
100052e0:	4647      	mov	r7, r8
100052e2:	4689      	mov	r9, r1
100052e4:	e00f      	b.n	10005306 <tud_task_ext+0x222>
100052e6:	4653      	mov	r3, sl
100052e8:	681b      	ldr	r3, [r3, #0]
100052ea:	016a      	lsls	r2, r5, #5
100052ec:	189b      	adds	r3, r3, r2
100052ee:	2b00      	cmp	r3, #0
100052f0:	d055      	beq.n	1000539e <tud_task_ext+0x2ba>
100052f2:	68db      	ldr	r3, [r3, #12]
100052f4:	0030      	movs	r0, r6
100052f6:	4798      	blx	r3
100052f8:	783a      	ldrb	r2, [r7, #0]
100052fa:	3501      	adds	r5, #1
100052fc:	b2ed      	uxtb	r5, r5
100052fe:	1c51      	adds	r1, r2, #1
10005300:	002b      	movs	r3, r5
10005302:	428d      	cmp	r5, r1
10005304:	dc07      	bgt.n	10005316 <tud_task_ext+0x232>
10005306:	4295      	cmp	r5, r2
10005308:	d3ed      	bcc.n	100052e6 <tud_task_ext+0x202>
1000530a:	1a9b      	subs	r3, r3, r2
1000530c:	9a00      	ldr	r2, [sp, #0]
1000530e:	015b      	lsls	r3, r3, #5
10005310:	4694      	mov	ip, r2
10005312:	4463      	add	r3, ip
10005314:	e7ed      	b.n	100052f2 <tud_task_ext+0x20e>
10005316:	9d01      	ldr	r5, [sp, #4]
10005318:	2254      	movs	r2, #84	@ 0x54
1000531a:	2100      	movs	r1, #0
1000531c:	0028      	movs	r0, r5
1000531e:	f7fd fa4d 	bl	100027bc <__wrap_memset>
10005322:	2210      	movs	r2, #16
10005324:	21ff      	movs	r1, #255	@ 0xff
10005326:	4844      	ldr	r0, [pc, #272]	@ (10005438 <tud_task_ext+0x354>)
10005328:	f7fd fa48 	bl	100027bc <__wrap_memset>
1000532c:	0028      	movs	r0, r5
1000532e:	2220      	movs	r2, #32
10005330:	21ff      	movs	r1, #255	@ 0xff
10005332:	3014      	adds	r0, #20
10005334:	464e      	mov	r6, r9
10005336:	465f      	mov	r7, fp
10005338:	f7fd fa40 	bl	100027bc <__wrap_memset>
1000533c:	f000 fbf2 	bl	10005b24 <usbd_control_reset>
10005340:	f7ff fe40 	bl	10004fc4 <tud_umount_cb>
10005344:	e6e4      	b.n	10005110 <tud_task_ext+0x2c>
10005346:	4d36      	ldr	r5, [pc, #216]	@ (10005420 <tud_task_ext+0x33c>)
10005348:	2254      	movs	r2, #84	@ 0x54
1000534a:	2100      	movs	r1, #0
1000534c:	0028      	movs	r0, r5
1000534e:	f7fd fa35 	bl	100027bc <__wrap_memset>
10005352:	2210      	movs	r2, #16
10005354:	21ff      	movs	r1, #255	@ 0xff
10005356:	1d28      	adds	r0, r5, #4
10005358:	f7fd fa30 	bl	100027bc <__wrap_memset>
1000535c:	0028      	movs	r0, r5
1000535e:	2220      	movs	r2, #32
10005360:	21ff      	movs	r1, #255	@ 0xff
10005362:	3014      	adds	r0, #20
10005364:	4646      	mov	r6, r8
10005366:	464f      	mov	r7, r9
10005368:	f7fd fa28 	bl	100027bc <__wrap_memset>
1000536c:	f000 fbda 	bl	10005b24 <usbd_control_reset>
10005370:	7923      	ldrb	r3, [r4, #4]
10005372:	70ab      	strb	r3, [r5, #2]
10005374:	e6cc      	b.n	10005110 <tud_task_ext+0x2c>
10005376:	1c50      	adds	r0, r2, #1
10005378:	4298      	cmp	r0, r3
1000537a:	da13      	bge.n	100053a4 <tud_task_ext+0x2c0>
1000537c:	b011      	add	sp, #68	@ 0x44
1000537e:	bcf0      	pop	{r4, r5, r6, r7}
10005380:	46bb      	mov	fp, r7
10005382:	46b2      	mov	sl, r6
10005384:	46a9      	mov	r9, r5
10005386:	46a0      	mov	r8, r4
10005388:	bdf0      	pop	{r4, r5, r6, r7, pc}
1000538a:	68a3      	ldr	r3, [r4, #8]
1000538c:	7962      	ldrb	r2, [r4, #5]
1000538e:	7820      	ldrb	r0, [r4, #0]
10005390:	f000 fbe6 	bl	10005b60 <usbd_control_xfer_cb>
10005394:	e6bc      	b.n	10005110 <tud_task_ext+0x2c>
10005396:	4646      	mov	r6, r8
10005398:	464f      	mov	r7, r9
1000539a:	4d21      	ldr	r5, [pc, #132]	@ (10005420 <tud_task_ext+0x33c>)
1000539c:	e7e6      	b.n	1000536c <tud_task_ext+0x288>
1000539e:	464e      	mov	r6, r9
100053a0:	465f      	mov	r7, fp
100053a2:	e7cb      	b.n	1000533c <tud_task_ext+0x258>
100053a4:	4d1f      	ldr	r5, [pc, #124]	@ (10005424 <tud_task_ext+0x340>)
100053a6:	1a9b      	subs	r3, r3, r2
100053a8:	015b      	lsls	r3, r3, #5
100053aa:	195d      	adds	r5, r3, r5
100053ac:	e6fa      	b.n	100051a4 <tud_task_ext+0xc0>
100053ae:	2370      	movs	r3, #112	@ 0x70
100053b0:	7a21      	ldrb	r1, [r4, #8]
100053b2:	420b      	tst	r3, r1
100053b4:	d118      	bne.n	100053e8 <tud_task_ext+0x304>
100053b6:	09c8      	lsrs	r0, r1, #7
100053b8:	4682      	mov	sl, r0
100053ba:	330f      	adds	r3, #15
100053bc:	400b      	ands	r3, r1
100053be:	005b      	lsls	r3, r3, #1
100053c0:	4698      	mov	r8, r3
100053c2:	4819      	ldr	r0, [pc, #100]	@ (10005428 <tud_task_ext+0x344>)
100053c4:	18eb      	adds	r3, r5, r3
100053c6:	4453      	add	r3, sl
100053c8:	7d1b      	ldrb	r3, [r3, #20]
100053ca:	7800      	ldrb	r0, [r0, #0]
100053cc:	4699      	mov	r9, r3
100053ce:	4283      	cmp	r3, r0
100053d0:	d266      	bcs.n	100054a0 <tud_task_ext+0x3bc>
100053d2:	4816      	ldr	r0, [pc, #88]	@ (1000542c <tud_task_ext+0x348>)
100053d4:	015b      	lsls	r3, r3, #5
100053d6:	6800      	ldr	r0, [r0, #0]
100053d8:	4681      	mov	r9, r0
100053da:	4499      	add	r9, r3
100053dc:	2a00      	cmp	r2, #0
100053de:	d100      	bne.n	100053e2 <tud_task_ext+0x2fe>
100053e0:	e15f      	b.n	100056a2 <tud_task_ext+0x5be>
100053e2:	464b      	mov	r3, r9
100053e4:	2b00      	cmp	r3, #0
100053e6:	d168      	bne.n	100054ba <tud_task_ext+0x3d6>
100053e8:	7820      	ldrb	r0, [r4, #0]
100053ea:	2100      	movs	r1, #0
100053ec:	f7ff fd6a 	bl	10004ec4 <dcd_edpt_stall>
100053f0:	2180      	movs	r1, #128	@ 0x80
100053f2:	7820      	ldrb	r0, [r4, #0]
100053f4:	f7ff fd66 	bl	10004ec4 <dcd_edpt_stall>
100053f8:	e68a      	b.n	10005110 <tud_task_ext+0x2c>
100053fa:	4810      	ldr	r0, [pc, #64]	@ (1000543c <tud_task_ext+0x358>)
100053fc:	f000 fb9c 	bl	10005b38 <usbd_control_set_complete_callback>
10005400:	2101      	movs	r1, #1
10005402:	4658      	mov	r0, fp
10005404:	aa0e      	add	r2, sp, #56	@ 0x38
10005406:	f7ff f8cd 	bl	100045a4 <tud_vendor_control_xfer_cb>
1000540a:	2800      	cmp	r0, #0
1000540c:	d000      	beq.n	10005410 <tud_task_ext+0x32c>
1000540e:	e67f      	b.n	10005110 <tud_task_ext+0x2c>
10005410:	e7ea      	b.n	100053e8 <tud_task_ext+0x304>
10005412:	46c0      	nop			@ (mov r8, r8)
10005414:	200010a4 	.word	0x200010a4
10005418:	10007424 	.word	0x10007424
1000541c:	20002240 	.word	0x20002240
10005420:	200021e8 	.word	0x200021e8
10005424:	100074cc 	.word	0x100074cc
10005428:	20002bad 	.word	0x20002bad
1000542c:	20002038 	.word	0x20002038
10005430:	20002baf 	.word	0x20002baf
10005434:	10007448 	.word	0x10007448
10005438:	200021ec 	.word	0x200021ec
1000543c:	100045a5 	.word	0x100045a5
10005440:	7a23      	ldrb	r3, [r4, #8]
10005442:	2b0f      	cmp	r3, #15
10005444:	d8d0      	bhi.n	100053e8 <tud_task_ext+0x304>
10005446:	4acf      	ldr	r2, [pc, #828]	@ (10005784 <tud_task_ext+0x6a0>)
10005448:	18eb      	adds	r3, r5, r3
1000544a:	791b      	ldrb	r3, [r3, #4]
1000544c:	7815      	ldrb	r5, [r2, #0]
1000544e:	42ab      	cmp	r3, r5
10005450:	d33e      	bcc.n	100054d0 <tud_task_ext+0x3ec>
10005452:	1c69      	adds	r1, r5, #1
10005454:	4299      	cmp	r1, r3
10005456:	dbc7      	blt.n	100053e8 <tud_task_ext+0x304>
10005458:	1b5d      	subs	r5, r3, r5
1000545a:	4bcb      	ldr	r3, [pc, #812]	@ (10005788 <tud_task_ext+0x6a4>)
1000545c:	016d      	lsls	r5, r5, #5
1000545e:	18ed      	adds	r5, r5, r3
10005460:	6968      	ldr	r0, [r5, #20]
10005462:	f000 fb69 	bl	10005b38 <usbd_control_set_complete_callback>
10005466:	2101      	movs	r1, #1
10005468:	4658      	mov	r0, fp
1000546a:	696b      	ldr	r3, [r5, #20]
1000546c:	aa0e      	add	r2, sp, #56	@ 0x38
1000546e:	4798      	blx	r3
10005470:	2800      	cmp	r0, #0
10005472:	d000      	beq.n	10005476 <tud_task_ext+0x392>
10005474:	e64c      	b.n	10005110 <tud_task_ext+0x2c>
10005476:	2260      	movs	r2, #96	@ 0x60
10005478:	0015      	movs	r5, r2
1000547a:	7923      	ldrb	r3, [r4, #4]
1000547c:	401d      	ands	r5, r3
1000547e:	421a      	tst	r2, r3
10005480:	d1b2      	bne.n	100053e8 <tud_task_ext+0x304>
10005482:	7963      	ldrb	r3, [r4, #5]
10005484:	3b0a      	subs	r3, #10
10005486:	2b01      	cmp	r3, #1
10005488:	d8ae      	bhi.n	100053e8 <tud_task_ext+0x304>
1000548a:	f000 fb55 	bl	10005b38 <usbd_control_set_complete_callback>
1000548e:	7963      	ldrb	r3, [r4, #5]
10005490:	2b0a      	cmp	r3, #10
10005492:	d100      	bne.n	10005496 <tud_task_ext+0x3b2>
10005494:	e199      	b.n	100057ca <tud_task_ext+0x6e6>
10005496:	4658      	mov	r0, fp
10005498:	a90e      	add	r1, sp, #56	@ 0x38
1000549a:	f000 fad9 	bl	10005a50 <tud_control_status>
1000549e:	e637      	b.n	10005110 <tud_task_ext+0x2c>
100054a0:	1c43      	adds	r3, r0, #1
100054a2:	454b      	cmp	r3, r9
100054a4:	da00      	bge.n	100054a8 <tud_task_ext+0x3c4>
100054a6:	e0f7      	b.n	10005698 <tud_task_ext+0x5b4>
100054a8:	464b      	mov	r3, r9
100054aa:	1a1b      	subs	r3, r3, r0
100054ac:	015b      	lsls	r3, r3, #5
100054ae:	4699      	mov	r9, r3
100054b0:	48b5      	ldr	r0, [pc, #724]	@ (10005788 <tud_task_ext+0x6a4>)
100054b2:	4481      	add	r9, r0
100054b4:	2a00      	cmp	r2, #0
100054b6:	d100      	bne.n	100054ba <tud_task_ext+0x3d6>
100054b8:	e0f3      	b.n	100056a2 <tud_task_ext+0x5be>
100054ba:	464b      	mov	r3, r9
100054bc:	6958      	ldr	r0, [r3, #20]
100054be:	f000 fb3b 	bl	10005b38 <usbd_control_set_complete_callback>
100054c2:	464b      	mov	r3, r9
100054c4:	2101      	movs	r1, #1
100054c6:	4658      	mov	r0, fp
100054c8:	695b      	ldr	r3, [r3, #20]
100054ca:	aa0e      	add	r2, sp, #56	@ 0x38
100054cc:	4798      	blx	r3
100054ce:	e79c      	b.n	1000540a <tud_task_ext+0x326>
100054d0:	4aae      	ldr	r2, [pc, #696]	@ (1000578c <tud_task_ext+0x6a8>)
100054d2:	015b      	lsls	r3, r3, #5
100054d4:	6815      	ldr	r5, [r2, #0]
100054d6:	18ed      	adds	r5, r5, r3
100054d8:	2d00      	cmp	r5, #0
100054da:	d1c1      	bne.n	10005460 <tud_task_ext+0x37c>
100054dc:	e784      	b.n	100053e8 <tud_task_ext+0x304>
100054de:	79a3      	ldrb	r3, [r4, #6]
100054e0:	4699      	mov	r9, r3
100054e2:	786b      	ldrb	r3, [r5, #1]
100054e4:	4599      	cmp	r9, r3
100054e6:	d0d6      	beq.n	10005496 <tud_task_ext+0x3b2>
100054e8:	786b      	ldrb	r3, [r5, #1]
100054ea:	2b00      	cmp	r3, #0
100054ec:	d000      	beq.n	100054f0 <tud_task_ext+0x40c>
100054ee:	e133      	b.n	10005758 <tud_task_ext+0x674>
100054f0:	464b      	mov	r3, r9
100054f2:	706b      	strb	r3, [r5, #1]
100054f4:	2b00      	cmp	r3, #0
100054f6:	d100      	bne.n	100054fa <tud_task_ext+0x416>
100054f8:	e12b      	b.n	10005752 <tud_task_ext+0x66e>
100054fa:	4648      	mov	r0, r9
100054fc:	3801      	subs	r0, #1
100054fe:	b2c0      	uxtb	r0, r0
10005500:	f7ff fa92 	bl	10004a28 <tud_descriptor_configuration_cb>
10005504:	2800      	cmp	r0, #0
10005506:	d100      	bne.n	1000550a <tud_task_ext+0x426>
10005508:	e17e      	b.n	10005808 <tud_task_ext+0x724>
1000550a:	7843      	ldrb	r3, [r0, #1]
1000550c:	9307      	str	r3, [sp, #28]
1000550e:	2b02      	cmp	r3, #2
10005510:	d000      	beq.n	10005514 <tud_task_ext+0x430>
10005512:	e179      	b.n	10005808 <tud_task_ext+0x724>
10005514:	2201      	movs	r2, #1
10005516:	79c1      	ldrb	r1, [r0, #7]
10005518:	46b1      	mov	r9, r6
1000551a:	118b      	asrs	r3, r1, #6
1000551c:	1149      	asrs	r1, r1, #5
1000551e:	4013      	ands	r3, r2
10005520:	400a      	ands	r2, r1
10005522:	2130      	movs	r1, #48	@ 0x30
10005524:	0112      	lsls	r2, r2, #4
10005526:	015b      	lsls	r3, r3, #5
10005528:	4313      	orrs	r3, r2
1000552a:	782a      	ldrb	r2, [r5, #0]
1000552c:	46a8      	mov	r8, r5
1000552e:	438a      	bics	r2, r1
10005530:	4313      	orrs	r3, r2
10005532:	702b      	strb	r3, [r5, #0]
10005534:	2309      	movs	r3, #9
10005536:	469a      	mov	sl, r3
10005538:	4482      	add	sl, r0
1000553a:	4656      	mov	r6, sl
1000553c:	46ba      	mov	sl, r7
1000553e:	78c3      	ldrb	r3, [r0, #3]
10005540:	7882      	ldrb	r2, [r0, #2]
10005542:	021b      	lsls	r3, r3, #8
10005544:	4313      	orrs	r3, r2
10005546:	18c3      	adds	r3, r0, r3
10005548:	9305      	str	r3, [sp, #20]
1000554a:	4b8e      	ldr	r3, [pc, #568]	@ (10005784 <tud_task_ext+0x6a0>)
1000554c:	9304      	str	r3, [sp, #16]
1000554e:	4b8e      	ldr	r3, [pc, #568]	@ (10005788 <tud_task_ext+0x6a4>)
10005550:	9308      	str	r3, [sp, #32]
10005552:	4b8e      	ldr	r3, [pc, #568]	@ (1000578c <tud_task_ext+0x6a8>)
10005554:	9309      	str	r3, [sp, #36]	@ 0x24
10005556:	4b8e      	ldr	r3, [pc, #568]	@ (10005790 <tud_task_ext+0x6ac>)
10005558:	930a      	str	r3, [sp, #40]	@ 0x28
1000555a:	9b05      	ldr	r3, [sp, #20]
1000555c:	42b3      	cmp	r3, r6
1000555e:	d800      	bhi.n	10005562 <tud_task_ext+0x47e>
10005560:	e155      	b.n	1000580e <tud_task_ext+0x72a>
10005562:	7873      	ldrb	r3, [r6, #1]
10005564:	2201      	movs	r2, #1
10005566:	2b0b      	cmp	r3, #11
10005568:	d103      	bne.n	10005572 <tud_task_ext+0x48e>
1000556a:	7833      	ldrb	r3, [r6, #0]
1000556c:	78f2      	ldrb	r2, [r6, #3]
1000556e:	18f6      	adds	r6, r6, r3
10005570:	7873      	ldrb	r3, [r6, #1]
10005572:	2b04      	cmp	r3, #4
10005574:	d000      	beq.n	10005578 <tud_task_ext+0x494>
10005576:	e144      	b.n	10005802 <tud_task_ext+0x71e>
10005578:	9b05      	ldr	r3, [sp, #20]
1000557a:	2700      	movs	r7, #0
1000557c:	1b9b      	subs	r3, r3, r6
1000557e:	b29b      	uxth	r3, r3
10005580:	9306      	str	r3, [sp, #24]
10005582:	9b04      	ldr	r3, [sp, #16]
10005584:	920b      	str	r2, [sp, #44]	@ 0x2c
10005586:	781d      	ldrb	r5, [r3, #0]
10005588:	2300      	movs	r3, #0
1000558a:	9303      	str	r3, [sp, #12]
1000558c:	e01b      	b.n	100055c6 <tud_task_ext+0x4e2>
1000558e:	9a09      	ldr	r2, [sp, #36]	@ 0x24
10005590:	017b      	lsls	r3, r7, #5
10005592:	6815      	ldr	r5, [r2, #0]
10005594:	18ed      	adds	r5, r5, r3
10005596:	2d00      	cmp	r5, #0
10005598:	d100      	bne.n	1000559c <tud_task_ext+0x4b8>
1000559a:	e132      	b.n	10005802 <tud_task_ext+0x71e>
1000559c:	0031      	movs	r1, r6
1000559e:	4658      	mov	r0, fp
100055a0:	692b      	ldr	r3, [r5, #16]
100055a2:	9a06      	ldr	r2, [sp, #24]
100055a4:	4798      	blx	r3
100055a6:	4684      	mov	ip, r0
100055a8:	2808      	cmp	r0, #8
100055aa:	d903      	bls.n	100055b4 <tud_task_ext+0x4d0>
100055ac:	9a06      	ldr	r2, [sp, #24]
100055ae:	4282      	cmp	r2, r0
100055b0:	d300      	bcc.n	100055b4 <tud_task_ext+0x4d0>
100055b2:	e113      	b.n	100057dc <tud_task_ext+0x6f8>
100055b4:	9b04      	ldr	r3, [sp, #16]
100055b6:	3701      	adds	r7, #1
100055b8:	781d      	ldrb	r5, [r3, #0]
100055ba:	b2ff      	uxtb	r7, r7
100055bc:	1c6b      	adds	r3, r5, #1
100055be:	9703      	str	r7, [sp, #12]
100055c0:	429f      	cmp	r7, r3
100055c2:	dd00      	ble.n	100055c6 <tud_task_ext+0x4e2>
100055c4:	e11d      	b.n	10005802 <tud_task_ext+0x71e>
100055c6:	42bd      	cmp	r5, r7
100055c8:	d8e1      	bhi.n	1000558e <tud_task_ext+0x4aa>
100055ca:	9b03      	ldr	r3, [sp, #12]
100055cc:	1b5d      	subs	r5, r3, r5
100055ce:	9b08      	ldr	r3, [sp, #32]
100055d0:	016d      	lsls	r5, r5, #5
100055d2:	469c      	mov	ip, r3
100055d4:	4465      	add	r5, ip
100055d6:	e7e1      	b.n	1000559c <tud_task_ext+0x4b8>
100055d8:	786b      	ldrb	r3, [r5, #1]
100055da:	aa0c      	add	r2, sp, #48	@ 0x30
100055dc:	3202      	adds	r2, #2
100055de:	7013      	strb	r3, [r2, #0]
100055e0:	4658      	mov	r0, fp
100055e2:	2301      	movs	r3, #1
100055e4:	a90e      	add	r1, sp, #56	@ 0x38
100055e6:	f000 fa49 	bl	10005a7c <tud_control_xfer>
100055ea:	e591      	b.n	10005110 <tud_task_ext+0x2c>
100055ec:	88e3      	ldrh	r3, [r4, #6]
100055ee:	0a1a      	lsrs	r2, r3, #8
100055f0:	b2d8      	uxtb	r0, r3
100055f2:	2a0f      	cmp	r2, #15
100055f4:	d900      	bls.n	100055f8 <tud_task_ext+0x514>
100055f6:	e6f7      	b.n	100053e8 <tud_task_ext+0x304>
100055f8:	4966      	ldr	r1, [pc, #408]	@ (10005794 <tud_task_ext+0x6b0>)
100055fa:	0093      	lsls	r3, r2, #2
100055fc:	58cb      	ldr	r3, [r1, r3]
100055fe:	469f      	mov	pc, r3
10005600:	a80e      	add	r0, sp, #56	@ 0x38
10005602:	f000 fa9f 	bl	10005b44 <usbd_control_set_request>
10005606:	4658      	mov	r0, fp
10005608:	79a1      	ldrb	r1, [r4, #6]
1000560a:	f7ff fb95 	bl	10004d38 <dcd_set_address>
1000560e:	2202      	movs	r2, #2
10005610:	782b      	ldrb	r3, [r5, #0]
10005612:	4313      	orrs	r3, r2
10005614:	702b      	strb	r3, [r5, #0]
10005616:	e57b      	b.n	10005110 <tud_task_ext+0x2c>
10005618:	88e3      	ldrh	r3, [r4, #6]
1000561a:	2b01      	cmp	r3, #1
1000561c:	d000      	beq.n	10005620 <tud_task_ext+0x53c>
1000561e:	e6e3      	b.n	100053e8 <tud_task_ext+0x304>
10005620:	2208      	movs	r2, #8
10005622:	782b      	ldrb	r3, [r5, #0]
10005624:	4658      	mov	r0, fp
10005626:	4393      	bics	r3, r2
10005628:	a90e      	add	r1, sp, #56	@ 0x38
1000562a:	702b      	strb	r3, [r5, #0]
1000562c:	f000 fa10 	bl	10005a50 <tud_control_status>
10005630:	e56e      	b.n	10005110 <tud_task_ext+0x2c>
10005632:	2002      	movs	r0, #2
10005634:	7829      	ldrb	r1, [r5, #0]
10005636:	ab0c      	add	r3, sp, #48	@ 0x30
10005638:	1c9a      	adds	r2, r3, #2
1000563a:	068b      	lsls	r3, r1, #26
1000563c:	0889      	lsrs	r1, r1, #2
1000563e:	0fdb      	lsrs	r3, r3, #31
10005640:	4001      	ands	r1, r0
10005642:	430b      	orrs	r3, r1
10005644:	8013      	strh	r3, [r2, #0]
10005646:	4658      	mov	r0, fp
10005648:	2302      	movs	r3, #2
1000564a:	a90e      	add	r1, sp, #56	@ 0x38
1000564c:	f000 fa16 	bl	10005a7c <tud_control_xfer>
10005650:	e55e      	b.n	10005110 <tud_task_ext+0x2c>
10005652:	88e3      	ldrh	r3, [r4, #6]
10005654:	2b01      	cmp	r3, #1
10005656:	d000      	beq.n	1000565a <tud_task_ext+0x576>
10005658:	e6c6      	b.n	100053e8 <tud_task_ext+0x304>
1000565a:	2208      	movs	r2, #8
1000565c:	782b      	ldrb	r3, [r5, #0]
1000565e:	4313      	orrs	r3, r2
10005660:	702b      	strb	r3, [r5, #0]
10005662:	e718      	b.n	10005496 <tud_task_ext+0x3b2>
10005664:	7a23      	ldrb	r3, [r4, #8]
10005666:	2b0f      	cmp	r3, #15
10005668:	d900      	bls.n	1000566c <tud_task_ext+0x588>
1000566a:	e6bd      	b.n	100053e8 <tud_task_ext+0x304>
1000566c:	18eb      	adds	r3, r5, r3
1000566e:	791d      	ldrb	r5, [r3, #4]
10005670:	4b44      	ldr	r3, [pc, #272]	@ (10005784 <tud_task_ext+0x6a0>)
10005672:	781b      	ldrb	r3, [r3, #0]
10005674:	429d      	cmp	r5, r3
10005676:	d228      	bcs.n	100056ca <tud_task_ext+0x5e6>
10005678:	4b44      	ldr	r3, [pc, #272]	@ (1000578c <tud_task_ext+0x6a8>)
1000567a:	016d      	lsls	r5, r5, #5
1000567c:	681b      	ldr	r3, [r3, #0]
1000567e:	195d      	adds	r5, r3, r5
10005680:	2d00      	cmp	r5, #0
10005682:	d100      	bne.n	10005686 <tud_task_ext+0x5a2>
10005684:	e6b0      	b.n	100053e8 <tud_task_ext+0x304>
10005686:	6968      	ldr	r0, [r5, #20]
10005688:	f000 fa56 	bl	10005b38 <usbd_control_set_complete_callback>
1000568c:	2101      	movs	r1, #1
1000568e:	4658      	mov	r0, fp
10005690:	696b      	ldr	r3, [r5, #20]
10005692:	aa0e      	add	r2, sp, #56	@ 0x38
10005694:	4798      	blx	r3
10005696:	e6b8      	b.n	1000540a <tud_task_ext+0x326>
10005698:	2a00      	cmp	r2, #0
1000569a:	d000      	beq.n	1000569e <tud_task_ext+0x5ba>
1000569c:	e6a4      	b.n	100053e8 <tud_task_ext+0x304>
1000569e:	2300      	movs	r3, #0
100056a0:	4699      	mov	r9, r3
100056a2:	7962      	ldrb	r2, [r4, #5]
100056a4:	2002      	movs	r0, #2
100056a6:	0013      	movs	r3, r2
100056a8:	9203      	str	r2, [sp, #12]
100056aa:	4383      	bics	r3, r0
100056ac:	2b01      	cmp	r3, #1
100056ae:	d015      	beq.n	100056dc <tud_task_ext+0x5f8>
100056b0:	2a00      	cmp	r2, #0
100056b2:	d000      	beq.n	100056b6 <tud_task_ext+0x5d2>
100056b4:	e698      	b.n	100053e8 <tud_task_ext+0x304>
100056b6:	002b      	movs	r3, r5
100056b8:	4443      	add	r3, r8
100056ba:	4453      	add	r3, sl
100056bc:	3330      	adds	r3, #48	@ 0x30
100056be:	791b      	ldrb	r3, [r3, #4]
100056c0:	aa0c      	add	r2, sp, #48	@ 0x30
100056c2:	079b      	lsls	r3, r3, #30
100056c4:	0fdb      	lsrs	r3, r3, #31
100056c6:	3202      	adds	r2, #2
100056c8:	e7bc      	b.n	10005644 <tud_task_ext+0x560>
100056ca:	1c5a      	adds	r2, r3, #1
100056cc:	42aa      	cmp	r2, r5
100056ce:	da00      	bge.n	100056d2 <tud_task_ext+0x5ee>
100056d0:	e68a      	b.n	100053e8 <tud_task_ext+0x304>
100056d2:	1aed      	subs	r5, r5, r3
100056d4:	4b2c      	ldr	r3, [pc, #176]	@ (10005788 <tud_task_ext+0x6a4>)
100056d6:	016d      	lsls	r5, r5, #5
100056d8:	18ed      	adds	r5, r5, r3
100056da:	e7d4      	b.n	10005686 <tud_task_ext+0x5a2>
100056dc:	88e3      	ldrh	r3, [r4, #6]
100056de:	2b00      	cmp	r3, #0
100056e0:	d112      	bne.n	10005708 <tud_task_ext+0x624>
100056e2:	9b02      	ldr	r3, [sp, #8]
100056e4:	7818      	ldrb	r0, [r3, #0]
100056e6:	9b03      	ldr	r3, [sp, #12]
100056e8:	2b01      	cmp	r3, #1
100056ea:	d023      	beq.n	10005734 <tud_task_ext+0x650>
100056ec:	f7ff fbea 	bl	10004ec4 <dcd_edpt_stall>
100056f0:	4643      	mov	r3, r8
100056f2:	2102      	movs	r1, #2
100056f4:	18eb      	adds	r3, r5, r3
100056f6:	4453      	add	r3, sl
100056f8:	3330      	adds	r3, #48	@ 0x30
100056fa:	791a      	ldrb	r2, [r3, #4]
100056fc:	430a      	orrs	r2, r1
100056fe:	2101      	movs	r1, #1
10005700:	711a      	strb	r2, [r3, #4]
10005702:	791a      	ldrb	r2, [r3, #4]
10005704:	430a      	orrs	r2, r1
10005706:	711a      	strb	r2, [r3, #4]
10005708:	464b      	mov	r3, r9
1000570a:	2b00      	cmp	r3, #0
1000570c:	d100      	bne.n	10005710 <tud_task_ext+0x62c>
1000570e:	e4ff      	b.n	10005110 <tud_task_ext+0x2c>
10005710:	6958      	ldr	r0, [r3, #20]
10005712:	f000 fa11 	bl	10005b38 <usbd_control_set_complete_callback>
10005716:	464b      	mov	r3, r9
10005718:	2101      	movs	r1, #1
1000571a:	695b      	ldr	r3, [r3, #20]
1000571c:	aa0e      	add	r2, sp, #56	@ 0x38
1000571e:	4658      	mov	r0, fp
10005720:	4798      	blx	r3
10005722:	2000      	movs	r0, #0
10005724:	f000 fa08 	bl	10005b38 <usbd_control_set_complete_callback>
10005728:	2335      	movs	r3, #53	@ 0x35
1000572a:	5ceb      	ldrb	r3, [r5, r3]
1000572c:	07db      	lsls	r3, r3, #31
1000572e:	d500      	bpl.n	10005732 <tud_task_ext+0x64e>
10005730:	e4ee      	b.n	10005110 <tud_task_ext+0x2c>
10005732:	e6b0      	b.n	10005496 <tud_task_ext+0x3b2>
10005734:	f7ff fbe4 	bl	10004f00 <dcd_edpt_clear_stall>
10005738:	4643      	mov	r3, r8
1000573a:	2102      	movs	r1, #2
1000573c:	18eb      	adds	r3, r5, r3
1000573e:	4453      	add	r3, sl
10005740:	3330      	adds	r3, #48	@ 0x30
10005742:	791a      	ldrb	r2, [r3, #4]
10005744:	438a      	bics	r2, r1
10005746:	711a      	strb	r2, [r3, #4]
10005748:	791a      	ldrb	r2, [r3, #4]
1000574a:	9903      	ldr	r1, [sp, #12]
1000574c:	438a      	bics	r2, r1
1000574e:	711a      	strb	r2, [r3, #4]
10005750:	e7da      	b.n	10005708 <tud_task_ext+0x624>
10005752:	f7ff fc37 	bl	10004fc4 <tud_umount_cb>
10005756:	e69e      	b.n	10005496 <tud_task_ext+0x3b2>
10005758:	2100      	movs	r1, #0
1000575a:	4658      	mov	r0, fp
1000575c:	f7ff faf6 	bl	10004d4c <dcd_sof_enable>
10005760:	4658      	mov	r0, fp
10005762:	f7ff fb99 	bl	10004e98 <dcd_edpt_close_all>
10005766:	78ab      	ldrb	r3, [r5, #2]
10005768:	4907      	ldr	r1, [pc, #28]	@ (10005788 <tud_task_ext+0x6a4>)
1000576a:	9303      	str	r3, [sp, #12]
1000576c:	9104      	str	r1, [sp, #16]
1000576e:	4b05      	ldr	r3, [pc, #20]	@ (10005784 <tud_task_ext+0x6a0>)
10005770:	4906      	ldr	r1, [pc, #24]	@ (1000578c <tud_task_ext+0x6a8>)
10005772:	4698      	mov	r8, r3
10005774:	781a      	ldrb	r2, [r3, #0]
10005776:	9105      	str	r1, [sp, #20]
10005778:	2300      	movs	r3, #0
1000577a:	0029      	movs	r1, r5
1000577c:	001d      	movs	r5, r3
1000577e:	468a      	mov	sl, r1
10005780:	e01b      	b.n	100057ba <tud_task_ext+0x6d6>
10005782:	46c0      	nop			@ (mov r8, r8)
10005784:	20002bad 	.word	0x20002bad
10005788:	100074cc 	.word	0x100074cc
1000578c:	20002038 	.word	0x20002038
10005790:	200021fc 	.word	0x200021fc
10005794:	10007470 	.word	0x10007470
10005798:	9b05      	ldr	r3, [sp, #20]
1000579a:	016a      	lsls	r2, r5, #5
1000579c:	681b      	ldr	r3, [r3, #0]
1000579e:	189b      	adds	r3, r3, r2
100057a0:	2b00      	cmp	r3, #0
100057a2:	d04d      	beq.n	10005840 <tud_task_ext+0x75c>
100057a4:	68db      	ldr	r3, [r3, #12]
100057a6:	4658      	mov	r0, fp
100057a8:	4798      	blx	r3
100057aa:	4643      	mov	r3, r8
100057ac:	781a      	ldrb	r2, [r3, #0]
100057ae:	3501      	adds	r5, #1
100057b0:	b2ed      	uxtb	r5, r5
100057b2:	1c51      	adds	r1, r2, #1
100057b4:	002b      	movs	r3, r5
100057b6:	428d      	cmp	r5, r1
100057b8:	dc2e      	bgt.n	10005818 <tud_task_ext+0x734>
100057ba:	4295      	cmp	r5, r2
100057bc:	d3ec      	bcc.n	10005798 <tud_task_ext+0x6b4>
100057be:	1a9b      	subs	r3, r3, r2
100057c0:	9a04      	ldr	r2, [sp, #16]
100057c2:	015b      	lsls	r3, r3, #5
100057c4:	4694      	mov	ip, r2
100057c6:	4463      	add	r3, ip
100057c8:	e7ec      	b.n	100057a4 <tud_task_ext+0x6c0>
100057ca:	ab0c      	add	r3, sp, #48	@ 0x30
100057cc:	1c9a      	adds	r2, r3, #2
100057ce:	4658      	mov	r0, fp
100057d0:	2301      	movs	r3, #1
100057d2:	a90e      	add	r1, sp, #56	@ 0x38
100057d4:	7015      	strb	r5, [r2, #0]
100057d6:	f000 f951 	bl	10005a7c <tud_control_xfer>
100057da:	e499      	b.n	10005110 <tud_task_ext+0x2c>
100057dc:	9a0b      	ldr	r2, [sp, #44]	@ 0x2c
100057de:	2a01      	cmp	r2, #1
100057e0:	d04f      	beq.n	10005882 <tud_task_ext+0x79e>
100057e2:	2a00      	cmp	r2, #0
100057e4:	d03c      	beq.n	10005860 <tud_task_ext+0x77c>
100057e6:	2300      	movs	r3, #0
100057e8:	78b0      	ldrb	r0, [r6, #2]
100057ea:	e004      	b.n	100057f6 <tud_task_ext+0x712>
100057ec:	3301      	adds	r3, #1
100057ee:	b2db      	uxtb	r3, r3
100057f0:	710f      	strb	r7, [r1, #4]
100057f2:	4293      	cmp	r3, r2
100057f4:	d234      	bcs.n	10005860 <tud_task_ext+0x77c>
100057f6:	18c1      	adds	r1, r0, r3
100057f8:	b2c9      	uxtb	r1, r1
100057fa:	4441      	add	r1, r8
100057fc:	790d      	ldrb	r5, [r1, #4]
100057fe:	2dff      	cmp	r5, #255	@ 0xff
10005800:	d0f4      	beq.n	100057ec <tud_task_ext+0x708>
10005802:	464e      	mov	r6, r9
10005804:	4645      	mov	r5, r8
10005806:	4657      	mov	r7, sl
10005808:	2300      	movs	r3, #0
1000580a:	706b      	strb	r3, [r5, #1]
1000580c:	e5ec      	b.n	100053e8 <tud_task_ext+0x304>
1000580e:	464e      	mov	r6, r9
10005810:	4657      	mov	r7, sl
10005812:	f7ff fbd5 	bl	10004fc0 <tud_mount_cb>
10005816:	e63e      	b.n	10005496 <tud_task_ext+0x3b2>
10005818:	4655      	mov	r5, sl
1000581a:	2254      	movs	r2, #84	@ 0x54
1000581c:	2100      	movs	r1, #0
1000581e:	0028      	movs	r0, r5
10005820:	f7fc ffcc 	bl	100027bc <__wrap_memset>
10005824:	2210      	movs	r2, #16
10005826:	21ff      	movs	r1, #255	@ 0xff
10005828:	1d28      	adds	r0, r5, #4
1000582a:	f7fc ffc7 	bl	100027bc <__wrap_memset>
1000582e:	0028      	movs	r0, r5
10005830:	2220      	movs	r2, #32
10005832:	21ff      	movs	r1, #255	@ 0xff
10005834:	3014      	adds	r0, #20
10005836:	f7fc ffc1 	bl	100027bc <__wrap_memset>
1000583a:	9b03      	ldr	r3, [sp, #12]
1000583c:	70ab      	strb	r3, [r5, #2]
1000583e:	e657      	b.n	100054f0 <tud_task_ext+0x40c>
10005840:	4655      	mov	r5, sl
10005842:	e7fa      	b.n	1000583a <tud_task_ext+0x756>
10005844:	f7fe feaa 	bl	1000459c <tud_descriptor_bos_cb>
10005848:	1e02      	subs	r2, r0, #0
1000584a:	d100      	bne.n	1000584e <tud_task_ext+0x76a>
1000584c:	e5cc      	b.n	100053e8 <tud_task_ext+0x304>
1000584e:	78d3      	ldrb	r3, [r2, #3]
10005850:	7891      	ldrb	r1, [r2, #2]
10005852:	021b      	lsls	r3, r3, #8
10005854:	430b      	orrs	r3, r1
10005856:	4658      	mov	r0, fp
10005858:	a90e      	add	r1, sp, #56	@ 0x38
1000585a:	f000 f90f 	bl	10005a7c <tud_control_xfer>
1000585e:	e5d4      	b.n	1000540a <tud_task_ext+0x326>
10005860:	4665      	mov	r5, ip
10005862:	003b      	movs	r3, r7
10005864:	002a      	movs	r2, r5
10005866:	0031      	movs	r1, r6
10005868:	980a      	ldr	r0, [sp, #40]	@ 0x28
1000586a:	f000 fe7f 	bl	1000656c <tu_edpt_bind_driver>
1000586e:	46ac      	mov	ip, r5
10005870:	9b04      	ldr	r3, [sp, #16]
10005872:	9a03      	ldr	r2, [sp, #12]
10005874:	781b      	ldrb	r3, [r3, #0]
10005876:	4466      	add	r6, ip
10005878:	3301      	adds	r3, #1
1000587a:	4293      	cmp	r3, r2
1000587c:	db00      	blt.n	10005880 <tud_task_ext+0x79c>
1000587e:	e66c      	b.n	1000555a <tud_task_ext+0x476>
10005880:	e7bf      	b.n	10005802 <tud_task_ext+0x71e>
10005882:	4b17      	ldr	r3, [pc, #92]	@ (100058e0 <tud_task_ext+0x7fc>)
10005884:	6929      	ldr	r1, [r5, #16]
10005886:	4299      	cmp	r1, r3
10005888:	d1ad      	bne.n	100057e6 <tud_task_ext+0x702>
1000588a:	9a07      	ldr	r2, [sp, #28]
1000588c:	e7ab      	b.n	100057e6 <tud_task_ext+0x702>
1000588e:	f7ff fb93 	bl	10004fb8 <tud_descriptor_device_qualifier_cb>
10005892:	1e02      	subs	r2, r0, #0
10005894:	d100      	bne.n	10005898 <tud_task_ext+0x7b4>
10005896:	e5a7      	b.n	100053e8 <tud_task_ext+0x304>
10005898:	4658      	mov	r0, fp
1000589a:	7813      	ldrb	r3, [r2, #0]
1000589c:	a90e      	add	r1, sp, #56	@ 0x38
1000589e:	f000 f8ed 	bl	10005a7c <tud_control_xfer>
100058a2:	e5b2      	b.n	1000540a <tud_task_ext+0x326>
100058a4:	8921      	ldrh	r1, [r4, #8]
100058a6:	f7ff f8c3 	bl	10004a30 <tud_descriptor_string_cb>
100058aa:	1e02      	subs	r2, r0, #0
100058ac:	d1f4      	bne.n	10005898 <tud_task_ext+0x7b4>
100058ae:	e59b      	b.n	100053e8 <tud_task_ext+0x304>
100058b0:	2a02      	cmp	r2, #2
100058b2:	d00f      	beq.n	100058d4 <tud_task_ext+0x7f0>
100058b4:	f7ff fb82 	bl	10004fbc <tud_descriptor_other_speed_configuration_cb>
100058b8:	1e02      	subs	r2, r0, #0
100058ba:	d1c8      	bne.n	1000584e <tud_task_ext+0x76a>
100058bc:	e594      	b.n	100053e8 <tud_task_ext+0x304>
100058be:	f7ff f8af 	bl	10004a20 <tud_descriptor_device_cb>
100058c2:	1e02      	subs	r2, r0, #0
100058c4:	d100      	bne.n	100058c8 <tud_task_ext+0x7e4>
100058c6:	e58f      	b.n	100053e8 <tud_task_ext+0x304>
100058c8:	2312      	movs	r3, #18
100058ca:	4658      	mov	r0, fp
100058cc:	a90e      	add	r1, sp, #56	@ 0x38
100058ce:	f000 f8d5 	bl	10005a7c <tud_control_xfer>
100058d2:	e59a      	b.n	1000540a <tud_task_ext+0x326>
100058d4:	f7ff f8a8 	bl	10004a28 <tud_descriptor_configuration_cb>
100058d8:	1e02      	subs	r2, r0, #0
100058da:	d1b8      	bne.n	1000584e <tud_task_ext+0x76a>
100058dc:	e584      	b.n	100053e8 <tud_task_ext+0x304>
100058de:	46c0      	nop			@ (mov r8, r8)
100058e0:	10005f35 	.word	0x10005f35

100058e4 <usbd_open_edpt_pair>:
100058e4:	b5f8      	push	{r3, r4, r5, r6, r7, lr}
100058e6:	4657      	mov	r7, sl
100058e8:	464e      	mov	r6, r9
100058ea:	46de      	mov	lr, fp
100058ec:	4645      	mov	r5, r8
100058ee:	000c      	movs	r4, r1
100058f0:	b5e0      	push	{r5, r6, r7, lr}
100058f2:	0016      	movs	r6, r2
100058f4:	001f      	movs	r7, r3
100058f6:	2a00      	cmp	r2, #0
100058f8:	d03c      	beq.n	10005974 <usbd_open_edpt_pair+0x90>
100058fa:	2370      	movs	r3, #112	@ 0x70
100058fc:	4698      	mov	r8, r3
100058fe:	4b1e      	ldr	r3, [pc, #120]	@ (10005978 <usbd_open_edpt_pair+0x94>)
10005900:	2500      	movs	r5, #0
10005902:	469b      	mov	fp, r3
10005904:	4b1d      	ldr	r3, [pc, #116]	@ (1000597c <usbd_open_edpt_pair+0x98>)
10005906:	469a      	mov	sl, r3
10005908:	e01a      	b.n	10005940 <usbd_open_edpt_pair+0x5c>
1000590a:	465b      	mov	r3, fp
1000590c:	781b      	ldrb	r3, [r3, #0]
1000590e:	0020      	movs	r0, r4
10005910:	4699      	mov	r9, r3
10005912:	4653      	mov	r3, sl
10005914:	7899      	ldrb	r1, [r3, #2]
10005916:	f000 fdeb 	bl	100064f0 <tu_edpt_validate>
1000591a:	2800      	cmp	r0, #0
1000591c:	d01c      	beq.n	10005958 <usbd_open_edpt_pair+0x74>
1000591e:	0021      	movs	r1, r4
10005920:	4648      	mov	r0, r9
10005922:	f7ff fa2f 	bl	10004d84 <dcd_edpt_open>
10005926:	2800      	cmp	r0, #0
10005928:	d016      	beq.n	10005958 <usbd_open_edpt_pair+0x74>
1000592a:	78a3      	ldrb	r3, [r4, #2]
1000592c:	09da      	lsrs	r2, r3, #7
1000592e:	2a01      	cmp	r2, #1
10005930:	d019      	beq.n	10005966 <usbd_open_edpt_pair+0x82>
10005932:	9a0a      	ldr	r2, [sp, #40]	@ 0x28
10005934:	3501      	adds	r5, #1
10005936:	7013      	strb	r3, [r2, #0]
10005938:	7823      	ldrb	r3, [r4, #0]
1000593a:	18e4      	adds	r4, r4, r3
1000593c:	42b5      	cmp	r5, r6
1000593e:	da19      	bge.n	10005974 <usbd_open_edpt_pair+0x90>
10005940:	7863      	ldrb	r3, [r4, #1]
10005942:	2b05      	cmp	r3, #5
10005944:	d108      	bne.n	10005958 <usbd_open_edpt_pair+0x74>
10005946:	78e3      	ldrb	r3, [r4, #3]
10005948:	079b      	lsls	r3, r3, #30
1000594a:	0f9b      	lsrs	r3, r3, #30
1000594c:	42bb      	cmp	r3, r7
1000594e:	d103      	bne.n	10005958 <usbd_open_edpt_pair+0x74>
10005950:	4642      	mov	r2, r8
10005952:	78a3      	ldrb	r3, [r4, #2]
10005954:	421a      	tst	r2, r3
10005956:	d0d8      	beq.n	1000590a <usbd_open_edpt_pair+0x26>
10005958:	2000      	movs	r0, #0
1000595a:	bcf0      	pop	{r4, r5, r6, r7}
1000595c:	46bb      	mov	fp, r7
1000595e:	46b2      	mov	sl, r6
10005960:	46a9      	mov	r9, r5
10005962:	46a0      	mov	r8, r4
10005964:	bdf8      	pop	{r3, r4, r5, r6, r7, pc}
10005966:	9a0b      	ldr	r2, [sp, #44]	@ 0x2c
10005968:	3501      	adds	r5, #1
1000596a:	7013      	strb	r3, [r2, #0]
1000596c:	7823      	ldrb	r3, [r4, #0]
1000596e:	18e4      	adds	r4, r4, r3
10005970:	42b5      	cmp	r5, r6
10005972:	dbe5      	blt.n	10005940 <usbd_open_edpt_pair+0x5c>
10005974:	2001      	movs	r0, #1
10005976:	e7f0      	b.n	1000595a <usbd_open_edpt_pair+0x76>
10005978:	200010a4 	.word	0x200010a4
1000597c:	200021e8 	.word	0x200021e8

10005980 <usbd_edpt_open>:
10005980:	2270      	movs	r2, #112	@ 0x70
10005982:	b570      	push	{r4, r5, r6, lr}
10005984:	788b      	ldrb	r3, [r1, #2]
10005986:	000c      	movs	r4, r1
10005988:	421a      	tst	r2, r3
1000598a:	d001      	beq.n	10005990 <usbd_edpt_open+0x10>
1000598c:	2000      	movs	r0, #0
1000598e:	bd70      	pop	{r4, r5, r6, pc}
10005990:	4b06      	ldr	r3, [pc, #24]	@ (100059ac <usbd_edpt_open+0x2c>)
10005992:	0020      	movs	r0, r4
10005994:	781d      	ldrb	r5, [r3, #0]
10005996:	4b06      	ldr	r3, [pc, #24]	@ (100059b0 <usbd_edpt_open+0x30>)
10005998:	7899      	ldrb	r1, [r3, #2]
1000599a:	f000 fda9 	bl	100064f0 <tu_edpt_validate>
1000599e:	2800      	cmp	r0, #0
100059a0:	d0f4      	beq.n	1000598c <usbd_edpt_open+0xc>
100059a2:	0021      	movs	r1, r4
100059a4:	0028      	movs	r0, r5
100059a6:	f7ff f9ed 	bl	10004d84 <dcd_edpt_open>
100059aa:	e7f0      	b.n	1000598e <usbd_edpt_open+0xe>
100059ac:	200010a4 	.word	0x200010a4
100059b0:	200021e8 	.word	0x200021e8

100059b4 <usbd_edpt_claim>:
100059b4:	000b      	movs	r3, r1
100059b6:	207f      	movs	r0, #127	@ 0x7f
100059b8:	b510      	push	{r4, lr}
100059ba:	4018      	ands	r0, r3
100059bc:	09db      	lsrs	r3, r3, #7
100059be:	3334      	adds	r3, #52	@ 0x34
100059c0:	0040      	lsls	r0, r0, #1
100059c2:	4a04      	ldr	r2, [pc, #16]	@ (100059d4 <usbd_edpt_claim+0x20>)
100059c4:	18c0      	adds	r0, r0, r3
100059c6:	4b04      	ldr	r3, [pc, #16]	@ (100059d8 <usbd_edpt_claim+0x24>)
100059c8:	6811      	ldr	r1, [r2, #0]
100059ca:	18c0      	adds	r0, r0, r3
100059cc:	f000 fd4c 	bl	10006468 <tu_edpt_claim>
100059d0:	bd10      	pop	{r4, pc}
100059d2:	46c0      	nop			@ (mov r8, r8)
100059d4:	2000223c 	.word	0x2000223c
100059d8:	200021e8 	.word	0x200021e8

100059dc <usbd_edpt_release>:
100059dc:	000b      	movs	r3, r1
100059de:	207f      	movs	r0, #127	@ 0x7f
100059e0:	b510      	push	{r4, lr}
100059e2:	4018      	ands	r0, r3
100059e4:	09db      	lsrs	r3, r3, #7
100059e6:	3334      	adds	r3, #52	@ 0x34
100059e8:	0040      	lsls	r0, r0, #1
100059ea:	4a04      	ldr	r2, [pc, #16]	@ (100059fc <usbd_edpt_release+0x20>)
100059ec:	18c0      	adds	r0, r0, r3
100059ee:	4b04      	ldr	r3, [pc, #16]	@ (10005a00 <usbd_edpt_release+0x24>)
100059f0:	6811      	ldr	r1, [r2, #0]
100059f2:	18c0      	adds	r0, r0, r3
100059f4:	f000 fd60 	bl	100064b8 <tu_edpt_release>
100059f8:	bd10      	pop	{r4, pc}
100059fa:	46c0      	nop			@ (mov r8, r8)
100059fc:	2000223c 	.word	0x2000223c
10005a00:	200021e8 	.word	0x200021e8

10005a04 <usbd_edpt_xfer>:
10005a04:	b570      	push	{r4, r5, r6, lr}
10005a06:	247f      	movs	r4, #127	@ 0x7f
10005a08:	480f      	ldr	r0, [pc, #60]	@ (10005a48 <usbd_edpt_xfer+0x44>)
10005a0a:	400c      	ands	r4, r1
10005a0c:	0064      	lsls	r4, r4, #1
10005a0e:	1904      	adds	r4, r0, r4
10005a10:	09cd      	lsrs	r5, r1, #7
10005a12:	1964      	adds	r4, r4, r5
10005a14:	3430      	adds	r4, #48	@ 0x30
10005a16:	7920      	ldrb	r0, [r4, #4]
10005a18:	07c0      	lsls	r0, r0, #31
10005a1a:	d501      	bpl.n	10005a20 <usbd_edpt_xfer+0x1c>
10005a1c:	2000      	movs	r0, #0
10005a1e:	bd70      	pop	{r4, r5, r6, pc}
10005a20:	2601      	movs	r6, #1
10005a22:	7925      	ldrb	r5, [r4, #4]
10005a24:	4809      	ldr	r0, [pc, #36]	@ (10005a4c <usbd_edpt_xfer+0x48>)
10005a26:	4335      	orrs	r5, r6
10005a28:	7800      	ldrb	r0, [r0, #0]
10005a2a:	7125      	strb	r5, [r4, #4]
10005a2c:	f7ff fa38 	bl	10004ea0 <dcd_edpt_xfer>
10005a30:	2800      	cmp	r0, #0
10005a32:	d1f4      	bne.n	10005a1e <usbd_edpt_xfer+0x1a>
10005a34:	2201      	movs	r2, #1
10005a36:	7923      	ldrb	r3, [r4, #4]
10005a38:	4393      	bics	r3, r2
10005a3a:	7123      	strb	r3, [r4, #4]
10005a3c:	7923      	ldrb	r3, [r4, #4]
10005a3e:	3203      	adds	r2, #3
10005a40:	4393      	bics	r3, r2
10005a42:	7123      	strb	r3, [r4, #4]
10005a44:	e7ea      	b.n	10005a1c <usbd_edpt_xfer+0x18>
10005a46:	46c0      	nop			@ (mov r8, r8)
10005a48:	200021e8 	.word	0x200021e8
10005a4c:	200010a4 	.word	0x200010a4

10005a50 <tud_control_status>:
10005a50:	b570      	push	{r4, r5, r6, lr}
10005a52:	4c09      	ldr	r4, [pc, #36]	@ (10005a78 <tud_control_status+0x28>)
10005a54:	0006      	movs	r6, r0
10005a56:	2208      	movs	r2, #8
10005a58:	0020      	movs	r0, r4
10005a5a:	000d      	movs	r5, r1
10005a5c:	f7fc feb4 	bl	100027c8 <__wrap___aeabi_memcpy>
10005a60:	2300      	movs	r3, #0
10005a62:	2180      	movs	r1, #128	@ 0x80
10005a64:	60e3      	str	r3, [r4, #12]
10005a66:	60a3      	str	r3, [r4, #8]
10005a68:	782b      	ldrb	r3, [r5, #0]
10005a6a:	0030      	movs	r0, r6
10005a6c:	4399      	bics	r1, r3
10005a6e:	2200      	movs	r2, #0
10005a70:	2300      	movs	r3, #0
10005a72:	f7ff ffc7 	bl	10005a04 <usbd_edpt_xfer>
10005a76:	bd70      	pop	{r4, r5, r6, pc}
10005a78:	200021c8 	.word	0x200021c8

10005a7c <tud_control_xfer>:
10005a7c:	b5f8      	push	{r3, r4, r5, r6, r7, lr}
10005a7e:	46ce      	mov	lr, r9
10005a80:	4647      	mov	r7, r8
10005a82:	4690      	mov	r8, r2
10005a84:	4e25      	ldr	r6, [pc, #148]	@ (10005b1c <tud_control_xfer+0xa0>)
10005a86:	b580      	push	{r7, lr}
10005a88:	4681      	mov	r9, r0
10005a8a:	2208      	movs	r2, #8
10005a8c:	0030      	movs	r0, r6
10005a8e:	000d      	movs	r5, r1
10005a90:	001f      	movs	r7, r3
10005a92:	f7fc fe99 	bl	100027c8 <__wrap___aeabi_memcpy>
10005a96:	4643      	mov	r3, r8
10005a98:	60b3      	str	r3, [r6, #8]
10005a9a:	2300      	movs	r3, #0
10005a9c:	81f3      	strh	r3, [r6, #14]
10005a9e:	79ec      	ldrb	r4, [r5, #7]
10005aa0:	79ab      	ldrb	r3, [r5, #6]
10005aa2:	0224      	lsls	r4, r4, #8
10005aa4:	431c      	orrs	r4, r3
10005aa6:	1c23      	adds	r3, r4, #0
10005aa8:	42bc      	cmp	r4, r7
10005aaa:	d900      	bls.n	10005aae <tud_control_xfer+0x32>
10005aac:	1c3b      	adds	r3, r7, #0
10005aae:	b29f      	uxth	r7, r3
10005ab0:	81b3      	strh	r3, [r6, #12]
10005ab2:	2c00      	cmp	r4, #0
10005ab4:	d00d      	beq.n	10005ad2 <tud_control_xfer+0x56>
10005ab6:	2f00      	cmp	r7, #0
10005ab8:	d017      	beq.n	10005aea <tud_control_xfer+0x6e>
10005aba:	4642      	mov	r2, r8
10005abc:	2a00      	cmp	r2, #0
10005abe:	d02b      	beq.n	10005b18 <tud_control_xfer+0x9c>
10005ac0:	2f40      	cmp	r7, #64	@ 0x40
10005ac2:	d81b      	bhi.n	10005afc <tud_control_xfer+0x80>
10005ac4:	b29f      	uxth	r7, r3
10005ac6:	7833      	ldrb	r3, [r6, #0]
10005ac8:	2b7f      	cmp	r3, #127	@ 0x7f
10005aca:	d81c      	bhi.n	10005b06 <tud_control_xfer+0x8a>
10005acc:	2100      	movs	r1, #0
10005ace:	4a14      	ldr	r2, [pc, #80]	@ (10005b20 <tud_control_xfer+0xa4>)
10005ad0:	e00f      	b.n	10005af2 <tud_control_xfer+0x76>
10005ad2:	2180      	movs	r1, #128	@ 0x80
10005ad4:	782b      	ldrb	r3, [r5, #0]
10005ad6:	2200      	movs	r2, #0
10005ad8:	4399      	bics	r1, r3
10005ada:	4648      	mov	r0, r9
10005adc:	2300      	movs	r3, #0
10005ade:	f7ff ff91 	bl	10005a04 <usbd_edpt_xfer>
10005ae2:	bcc0      	pop	{r6, r7}
10005ae4:	46b9      	mov	r9, r7
10005ae6:	46b0      	mov	r8, r6
10005ae8:	bdf8      	pop	{r3, r4, r5, r6, r7, pc}
10005aea:	237f      	movs	r3, #127	@ 0x7f
10005aec:	2200      	movs	r2, #0
10005aee:	7831      	ldrb	r1, [r6, #0]
10005af0:	4399      	bics	r1, r3
10005af2:	003b      	movs	r3, r7
10005af4:	4648      	mov	r0, r9
10005af6:	f7ff ff85 	bl	10005a04 <usbd_edpt_xfer>
10005afa:	e7f2      	b.n	10005ae2 <tud_control_xfer+0x66>
10005afc:	2340      	movs	r3, #64	@ 0x40
10005afe:	b29f      	uxth	r7, r3
10005b00:	7833      	ldrb	r3, [r6, #0]
10005b02:	2b7f      	cmp	r3, #127	@ 0x7f
10005b04:	d9e2      	bls.n	10005acc <tud_control_xfer+0x50>
10005b06:	4c06      	ldr	r4, [pc, #24]	@ (10005b20 <tud_control_xfer+0xa4>)
10005b08:	003a      	movs	r2, r7
10005b0a:	4641      	mov	r1, r8
10005b0c:	0020      	movs	r0, r4
10005b0e:	f7fc fe5b 	bl	100027c8 <__wrap___aeabi_memcpy>
10005b12:	2180      	movs	r1, #128	@ 0x80
10005b14:	0022      	movs	r2, r4
10005b16:	e7ec      	b.n	10005af2 <tud_control_xfer+0x76>
10005b18:	2000      	movs	r0, #0
10005b1a:	e7e2      	b.n	10005ae2 <tud_control_xfer+0x66>
10005b1c:	200021c8 	.word	0x200021c8
10005b20:	20002188 	.word	0x20002188

10005b24 <usbd_control_reset>:
10005b24:	b510      	push	{r4, lr}
10005b26:	2214      	movs	r2, #20
10005b28:	2100      	movs	r1, #0
10005b2a:	4802      	ldr	r0, [pc, #8]	@ (10005b34 <usbd_control_reset+0x10>)
10005b2c:	f7fc fe46 	bl	100027bc <__wrap_memset>
10005b30:	bd10      	pop	{r4, pc}
10005b32:	46c0      	nop			@ (mov r8, r8)
10005b34:	200021c8 	.word	0x200021c8

10005b38 <usbd_control_set_complete_callback>:
10005b38:	4b01      	ldr	r3, [pc, #4]	@ (10005b40 <usbd_control_set_complete_callback+0x8>)
10005b3a:	6118      	str	r0, [r3, #16]
10005b3c:	4770      	bx	lr
10005b3e:	46c0      	nop			@ (mov r8, r8)
10005b40:	200021c8 	.word	0x200021c8

10005b44 <usbd_control_set_request>:
10005b44:	b510      	push	{r4, lr}
10005b46:	4c05      	ldr	r4, [pc, #20]	@ (10005b5c <usbd_control_set_request+0x18>)
10005b48:	0001      	movs	r1, r0
10005b4a:	2208      	movs	r2, #8
10005b4c:	0020      	movs	r0, r4
10005b4e:	f7fc fe3b 	bl	100027c8 <__wrap___aeabi_memcpy>
10005b52:	2300      	movs	r3, #0
10005b54:	60a3      	str	r3, [r4, #8]
10005b56:	60e3      	str	r3, [r4, #12]
10005b58:	bd10      	pop	{r4, pc}
10005b5a:	46c0      	nop			@ (mov r8, r8)
10005b5c:	200021c8 	.word	0x200021c8

10005b60 <usbd_control_xfer_cb>:
10005b60:	b570      	push	{r4, r5, r6, lr}
10005b62:	4c38      	ldr	r4, [pc, #224]	@ (10005c44 <usbd_control_xfer_cb+0xe4>)
10005b64:	001d      	movs	r5, r3
10005b66:	7823      	ldrb	r3, [r4, #0]
10005b68:	0006      	movs	r6, r0
10005b6a:	09da      	lsrs	r2, r3, #7
10005b6c:	09c9      	lsrs	r1, r1, #7
10005b6e:	428a      	cmp	r2, r1
10005b70:	d010      	beq.n	10005b94 <usbd_control_xfer_cb+0x34>
10005b72:	2000      	movs	r0, #0
10005b74:	2d00      	cmp	r5, #0
10005b76:	d000      	beq.n	10005b7a <usbd_control_xfer_cb+0x1a>
10005b78:	bd70      	pop	{r4, r5, r6, pc}
10005b7a:	0021      	movs	r1, r4
10005b7c:	0030      	movs	r0, r6
10005b7e:	f7ff f8f3 	bl	10004d68 <dcd_edpt0_status_complete>
10005b82:	6923      	ldr	r3, [r4, #16]
10005b84:	2b00      	cmp	r3, #0
10005b86:	d003      	beq.n	10005b90 <usbd_control_xfer_cb+0x30>
10005b88:	0022      	movs	r2, r4
10005b8a:	2103      	movs	r1, #3
10005b8c:	0030      	movs	r0, r6
10005b8e:	4798      	blx	r3
10005b90:	2001      	movs	r0, #1
10005b92:	e7f1      	b.n	10005b78 <usbd_control_xfer_cb+0x18>
10005b94:	2b7f      	cmp	r3, #127	@ 0x7f
10005b96:	d806      	bhi.n	10005ba6 <usbd_control_xfer_cb+0x46>
10005b98:	68a0      	ldr	r0, [r4, #8]
10005b9a:	2800      	cmp	r0, #0
10005b9c:	d034      	beq.n	10005c08 <usbd_control_xfer_cb+0xa8>
10005b9e:	002a      	movs	r2, r5
10005ba0:	4929      	ldr	r1, [pc, #164]	@ (10005c48 <usbd_control_xfer_cb+0xe8>)
10005ba2:	f7fc fe11 	bl	100027c8 <__wrap___aeabi_memcpy>
10005ba6:	89e2      	ldrh	r2, [r4, #14]
10005ba8:	68a1      	ldr	r1, [r4, #8]
10005baa:	1952      	adds	r2, r2, r5
10005bac:	88e3      	ldrh	r3, [r4, #6]
10005bae:	b292      	uxth	r2, r2
10005bb0:	1949      	adds	r1, r1, r5
10005bb2:	81e2      	strh	r2, [r4, #14]
10005bb4:	60a1      	str	r1, [r4, #8]
10005bb6:	4293      	cmp	r3, r2
10005bb8:	d014      	beq.n	10005be4 <usbd_control_xfer_cb+0x84>
10005bba:	2d3f      	cmp	r5, #63	@ 0x3f
10005bbc:	d912      	bls.n	10005be4 <usbd_control_xfer_cb+0x84>
10005bbe:	89a3      	ldrh	r3, [r4, #12]
10005bc0:	1a98      	subs	r0, r3, r2
10005bc2:	1c05      	adds	r5, r0, #0
10005bc4:	b280      	uxth	r0, r0
10005bc6:	2840      	cmp	r0, #64	@ 0x40
10005bc8:	d82a      	bhi.n	10005c20 <usbd_control_xfer_cb+0xc0>
10005bca:	7820      	ldrb	r0, [r4, #0]
10005bcc:	b2ad      	uxth	r5, r5
10005bce:	287f      	cmp	r0, #127	@ 0x7f
10005bd0:	d828      	bhi.n	10005c24 <usbd_control_xfer_cb+0xc4>
10005bd2:	2100      	movs	r1, #0
10005bd4:	429a      	cmp	r2, r3
10005bd6:	d032      	beq.n	10005c3e <usbd_control_xfer_cb+0xde>
10005bd8:	4a1b      	ldr	r2, [pc, #108]	@ (10005c48 <usbd_control_xfer_cb+0xe8>)
10005bda:	002b      	movs	r3, r5
10005bdc:	0030      	movs	r0, r6
10005bde:	f7ff ff11 	bl	10005a04 <usbd_edpt_xfer>
10005be2:	e7c9      	b.n	10005b78 <usbd_control_xfer_cb+0x18>
10005be4:	6923      	ldr	r3, [r4, #16]
10005be6:	2b00      	cmp	r3, #0
10005be8:	d005      	beq.n	10005bf6 <usbd_control_xfer_cb+0x96>
10005bea:	0022      	movs	r2, r4
10005bec:	2102      	movs	r1, #2
10005bee:	0030      	movs	r0, r6
10005bf0:	4798      	blx	r3
10005bf2:	2800      	cmp	r0, #0
10005bf4:	d00a      	beq.n	10005c0c <usbd_control_xfer_cb+0xac>
10005bf6:	2180      	movs	r1, #128	@ 0x80
10005bf8:	7823      	ldrb	r3, [r4, #0]
10005bfa:	2200      	movs	r2, #0
10005bfc:	4399      	bics	r1, r3
10005bfe:	0030      	movs	r0, r6
10005c00:	2300      	movs	r3, #0
10005c02:	f7ff feff 	bl	10005a04 <usbd_edpt_xfer>
10005c06:	e7b7      	b.n	10005b78 <usbd_control_xfer_cb+0x18>
10005c08:	2000      	movs	r0, #0
10005c0a:	e7b5      	b.n	10005b78 <usbd_control_xfer_cb+0x18>
10005c0c:	2100      	movs	r1, #0
10005c0e:	0030      	movs	r0, r6
10005c10:	f7ff f958 	bl	10004ec4 <dcd_edpt_stall>
10005c14:	0030      	movs	r0, r6
10005c16:	2180      	movs	r1, #128	@ 0x80
10005c18:	f7ff f954 	bl	10004ec4 <dcd_edpt_stall>
10005c1c:	2001      	movs	r0, #1
10005c1e:	e7ab      	b.n	10005b78 <usbd_control_xfer_cb+0x18>
10005c20:	2540      	movs	r5, #64	@ 0x40
10005c22:	e7d2      	b.n	10005bca <usbd_control_xfer_cb+0x6a>
10005c24:	429a      	cmp	r2, r3
10005c26:	d007      	beq.n	10005c38 <usbd_control_xfer_cb+0xd8>
10005c28:	4c07      	ldr	r4, [pc, #28]	@ (10005c48 <usbd_control_xfer_cb+0xe8>)
10005c2a:	002a      	movs	r2, r5
10005c2c:	0020      	movs	r0, r4
10005c2e:	f7fc fdcb 	bl	100027c8 <__wrap___aeabi_memcpy>
10005c32:	2180      	movs	r1, #128	@ 0x80
10005c34:	0022      	movs	r2, r4
10005c36:	e7d0      	b.n	10005bda <usbd_control_xfer_cb+0x7a>
10005c38:	2180      	movs	r1, #128	@ 0x80
10005c3a:	2200      	movs	r2, #0
10005c3c:	e7cd      	b.n	10005bda <usbd_control_xfer_cb+0x7a>
10005c3e:	2200      	movs	r2, #0
10005c40:	e7cb      	b.n	10005bda <usbd_control_xfer_cb+0x7a>
10005c42:	46c0      	nop			@ (mov r8, r8)
10005c44:	200021c8 	.word	0x200021c8
10005c48:	20002188 	.word	0x20002188

10005c4c <_prep_out_transaction.isra.0>:
10005c4c:	b570      	push	{r4, r5, r6, lr}
10005c4e:	0004      	movs	r4, r0
10005c50:	f7ff f9be 	bl	10004fd0 <tud_mounted>
10005c54:	2800      	cmp	r0, #0
10005c56:	d100      	bne.n	10005c5a <_prep_out_transaction.isra.0+0xe>
10005c58:	bd70      	pop	{r4, r5, r6, pc}
10005c5a:	f7ff f9c1 	bl	10004fe0 <tud_suspended>
10005c5e:	2800      	cmp	r0, #0
10005c60:	d1fa      	bne.n	10005c58 <_prep_out_transaction.isra.0+0xc>
10005c62:	23c8      	movs	r3, #200	@ 0xc8
10005c64:	4363      	muls	r3, r4
10005c66:	4d12      	ldr	r5, [pc, #72]	@ (10005cb0 <_prep_out_transaction.isra.0+0x64>)
10005c68:	18ee      	adds	r6, r5, r3
10005c6a:	78f1      	ldrb	r1, [r6, #3]
10005c6c:	2900      	cmp	r1, #0
10005c6e:	d0f3      	beq.n	10005c58 <_prep_out_transaction.isra.0+0xc>
10005c70:	3310      	adds	r3, #16
10005c72:	195d      	adds	r5, r3, r5
10005c74:	0028      	movs	r0, r5
10005c76:	f000 fdf3 	bl	10006860 <tu_fifo_remaining>
10005c7a:	283f      	cmp	r0, #63	@ 0x3f
10005c7c:	d9ec      	bls.n	10005c58 <_prep_out_transaction.isra.0+0xc>
10005c7e:	2000      	movs	r0, #0
10005c80:	78f1      	ldrb	r1, [r6, #3]
10005c82:	f7ff fe97 	bl	100059b4 <usbd_edpt_claim>
10005c86:	2800      	cmp	r0, #0
10005c88:	d0e6      	beq.n	10005c58 <_prep_out_transaction.isra.0+0xc>
10005c8a:	0028      	movs	r0, r5
10005c8c:	f000 fde8 	bl	10006860 <tu_fifo_remaining>
10005c90:	78f1      	ldrb	r1, [r6, #3]
10005c92:	283f      	cmp	r0, #63	@ 0x3f
10005c94:	d907      	bls.n	10005ca6 <_prep_out_transaction.isra.0+0x5a>
10005c96:	4b07      	ldr	r3, [pc, #28]	@ (10005cb4 <_prep_out_transaction.isra.0+0x68>)
10005c98:	01e2      	lsls	r2, r4, #7
10005c9a:	18d2      	adds	r2, r2, r3
10005c9c:	2000      	movs	r0, #0
10005c9e:	2340      	movs	r3, #64	@ 0x40
10005ca0:	f7ff feb0 	bl	10005a04 <usbd_edpt_xfer>
10005ca4:	e7d8      	b.n	10005c58 <_prep_out_transaction.isra.0+0xc>
10005ca6:	2000      	movs	r0, #0
10005ca8:	f7ff fe98 	bl	100059dc <usbd_edpt_release>
10005cac:	e7d4      	b.n	10005c58 <_prep_out_transaction.isra.0+0xc>
10005cae:	46c0      	nop			@ (mov r8, r8)
10005cb0:	200020c0 	.word	0x200020c0
10005cb4:	2000203c 	.word	0x2000203c

10005cb8 <tud_cdc_n_connected>:
10005cb8:	b510      	push	{r4, lr}
10005cba:	0004      	movs	r4, r0
10005cbc:	f7ff f988 	bl	10004fd0 <tud_mounted>
10005cc0:	2800      	cmp	r0, #0
10005cc2:	d101      	bne.n	10005cc8 <tud_cdc_n_connected+0x10>
10005cc4:	2000      	movs	r0, #0
10005cc6:	bd10      	pop	{r4, pc}
10005cc8:	f7ff f98a 	bl	10004fe0 <tud_suspended>
10005ccc:	2800      	cmp	r0, #0
10005cce:	d1f9      	bne.n	10005cc4 <tud_cdc_n_connected+0xc>
10005cd0:	22c8      	movs	r2, #200	@ 0xc8
10005cd2:	4362      	muls	r2, r4
10005cd4:	4b02      	ldr	r3, [pc, #8]	@ (10005ce0 <tud_cdc_n_connected+0x28>)
10005cd6:	3001      	adds	r0, #1
10005cd8:	189b      	adds	r3, r3, r2
10005cda:	791b      	ldrb	r3, [r3, #4]
10005cdc:	4018      	ands	r0, r3
10005cde:	e7f2      	b.n	10005cc6 <tud_cdc_n_connected+0xe>
10005ce0:	200020c0 	.word	0x200020c0

10005ce4 <tud_cdc_n_available>:
10005ce4:	23c8      	movs	r3, #200	@ 0xc8
10005ce6:	b510      	push	{r4, lr}
10005ce8:	4343      	muls	r3, r0
10005cea:	4802      	ldr	r0, [pc, #8]	@ (10005cf4 <tud_cdc_n_available+0x10>)
10005cec:	1818      	adds	r0, r3, r0
10005cee:	f000 fd99 	bl	10006824 <tu_fifo_count>
10005cf2:	bd10      	pop	{r4, pc}
10005cf4:	200020d0 	.word	0x200020d0

10005cf8 <tud_cdc_n_read>:
10005cf8:	b5f8      	push	{r3, r4, r5, r6, r7, lr}
10005cfa:	24c8      	movs	r4, #200	@ 0xc8
10005cfc:	2380      	movs	r3, #128	@ 0x80
10005cfe:	4344      	muls	r4, r0
10005d00:	4f1c      	ldr	r7, [pc, #112]	@ (10005d74 <tud_cdc_n_read+0x7c>)
10005d02:	3410      	adds	r4, #16
10005d04:	0005      	movs	r5, r0
10005d06:	193c      	adds	r4, r7, r4
10005d08:	025b      	lsls	r3, r3, #9
10005d0a:	429a      	cmp	r2, r3
10005d0c:	d300      	bcc.n	10005d10 <tud_cdc_n_read+0x18>
10005d0e:	4a1a      	ldr	r2, [pc, #104]	@ (10005d78 <tud_cdc_n_read+0x80>)
10005d10:	0020      	movs	r0, r4
10005d12:	b292      	uxth	r2, r2
10005d14:	f000 fe08 	bl	10006928 <tu_fifo_read_n>
10005d18:	0006      	movs	r6, r0
10005d1a:	f7ff f959 	bl	10004fd0 <tud_mounted>
10005d1e:	2800      	cmp	r0, #0
10005d20:	d101      	bne.n	10005d26 <tud_cdc_n_read+0x2e>
10005d22:	0030      	movs	r0, r6
10005d24:	bdf8      	pop	{r3, r4, r5, r6, r7, pc}
10005d26:	f7ff f95b 	bl	10004fe0 <tud_suspended>
10005d2a:	2800      	cmp	r0, #0
10005d2c:	d1f9      	bne.n	10005d22 <tud_cdc_n_read+0x2a>
10005d2e:	23c8      	movs	r3, #200	@ 0xc8
10005d30:	436b      	muls	r3, r5
10005d32:	18ff      	adds	r7, r7, r3
10005d34:	78fb      	ldrb	r3, [r7, #3]
10005d36:	2b00      	cmp	r3, #0
10005d38:	d0f3      	beq.n	10005d22 <tud_cdc_n_read+0x2a>
10005d3a:	0020      	movs	r0, r4
10005d3c:	f000 fd90 	bl	10006860 <tu_fifo_remaining>
10005d40:	283f      	cmp	r0, #63	@ 0x3f
10005d42:	d9ee      	bls.n	10005d22 <tud_cdc_n_read+0x2a>
10005d44:	2000      	movs	r0, #0
10005d46:	78f9      	ldrb	r1, [r7, #3]
10005d48:	f7ff fe34 	bl	100059b4 <usbd_edpt_claim>
10005d4c:	2800      	cmp	r0, #0
10005d4e:	d0e8      	beq.n	10005d22 <tud_cdc_n_read+0x2a>
10005d50:	0020      	movs	r0, r4
10005d52:	f000 fd85 	bl	10006860 <tu_fifo_remaining>
10005d56:	78f9      	ldrb	r1, [r7, #3]
10005d58:	283f      	cmp	r0, #63	@ 0x3f
10005d5a:	d907      	bls.n	10005d6c <tud_cdc_n_read+0x74>
10005d5c:	4b07      	ldr	r3, [pc, #28]	@ (10005d7c <tud_cdc_n_read+0x84>)
10005d5e:	01ea      	lsls	r2, r5, #7
10005d60:	18d2      	adds	r2, r2, r3
10005d62:	2000      	movs	r0, #0
10005d64:	2340      	movs	r3, #64	@ 0x40
10005d66:	f7ff fe4d 	bl	10005a04 <usbd_edpt_xfer>
10005d6a:	e7da      	b.n	10005d22 <tud_cdc_n_read+0x2a>
10005d6c:	2000      	movs	r0, #0
10005d6e:	f7ff fe35 	bl	100059dc <usbd_edpt_release>
10005d72:	e7d6      	b.n	10005d22 <tud_cdc_n_read+0x2a>
10005d74:	200020c0 	.word	0x200020c0
10005d78:	0000ffff 	.word	0x0000ffff
10005d7c:	2000203c 	.word	0x2000203c

10005d80 <tud_cdc_n_write_flush>:
10005d80:	b5f8      	push	{r3, r4, r5, r6, r7, lr}
10005d82:	0004      	movs	r4, r0
10005d84:	f7ff f924 	bl	10004fd0 <tud_mounted>
10005d88:	2800      	cmp	r0, #0
10005d8a:	d101      	bne.n	10005d90 <tud_cdc_n_write_flush+0x10>
10005d8c:	2000      	movs	r0, #0
10005d8e:	bdf8      	pop	{r3, r4, r5, r6, r7, pc}
10005d90:	f7ff f926 	bl	10004fe0 <tud_suspended>
10005d94:	2800      	cmp	r0, #0
10005d96:	d1f9      	bne.n	10005d8c <tud_cdc_n_write_flush+0xc>
10005d98:	25c8      	movs	r5, #200	@ 0xc8
10005d9a:	4365      	muls	r5, r4
10005d9c:	002e      	movs	r6, r5
10005d9e:	4f13      	ldr	r7, [pc, #76]	@ (10005dec <tud_cdc_n_write_flush+0x6c>)
10005da0:	3624      	adds	r6, #36	@ 0x24
10005da2:	19f6      	adds	r6, r6, r7
10005da4:	0030      	movs	r0, r6
10005da6:	f000 fd3d 	bl	10006824 <tu_fifo_count>
10005daa:	2800      	cmp	r0, #0
10005dac:	d0ee      	beq.n	10005d8c <tud_cdc_n_write_flush+0xc>
10005dae:	197f      	adds	r7, r7, r5
10005db0:	2000      	movs	r0, #0
10005db2:	78b9      	ldrb	r1, [r7, #2]
10005db4:	f7ff fdfe 	bl	100059b4 <usbd_edpt_claim>
10005db8:	2800      	cmp	r0, #0
10005dba:	d0e7      	beq.n	10005d8c <tud_cdc_n_write_flush+0xc>
10005dbc:	4d0c      	ldr	r5, [pc, #48]	@ (10005df0 <tud_cdc_n_write_flush+0x70>)
10005dbe:	01e4      	lsls	r4, r4, #7
10005dc0:	1965      	adds	r5, r4, r5
10005dc2:	0029      	movs	r1, r5
10005dc4:	2240      	movs	r2, #64	@ 0x40
10005dc6:	0030      	movs	r0, r6
10005dc8:	f000 fdae 	bl	10006928 <tu_fifo_read_n>
10005dcc:	78b9      	ldrb	r1, [r7, #2]
10005dce:	1e04      	subs	r4, r0, #0
10005dd0:	d008      	beq.n	10005de4 <tud_cdc_n_write_flush+0x64>
10005dd2:	0003      	movs	r3, r0
10005dd4:	002a      	movs	r2, r5
10005dd6:	2000      	movs	r0, #0
10005dd8:	f7ff fe14 	bl	10005a04 <usbd_edpt_xfer>
10005ddc:	2800      	cmp	r0, #0
10005dde:	d0d5      	beq.n	10005d8c <tud_cdc_n_write_flush+0xc>
10005de0:	0020      	movs	r0, r4
10005de2:	e7d4      	b.n	10005d8e <tud_cdc_n_write_flush+0xe>
10005de4:	2000      	movs	r0, #0
10005de6:	f7ff fdf9 	bl	100059dc <usbd_edpt_release>
10005dea:	e7cf      	b.n	10005d8c <tud_cdc_n_write_flush+0xc>
10005dec:	200020c0 	.word	0x200020c0
10005df0:	2000207c 	.word	0x2000207c

10005df4 <tud_cdc_n_write>:
10005df4:	b570      	push	{r4, r5, r6, lr}
10005df6:	24c8      	movs	r4, #200	@ 0xc8
10005df8:	4344      	muls	r4, r0
10005dfa:	4b0c      	ldr	r3, [pc, #48]	@ (10005e2c <tud_cdc_n_write+0x38>)
10005dfc:	0005      	movs	r5, r0
10005dfe:	18e4      	adds	r4, r4, r3
10005e00:	2380      	movs	r3, #128	@ 0x80
10005e02:	025b      	lsls	r3, r3, #9
10005e04:	429a      	cmp	r2, r3
10005e06:	d300      	bcc.n	10005e0a <tud_cdc_n_write+0x16>
10005e08:	4a09      	ldr	r2, [pc, #36]	@ (10005e30 <tud_cdc_n_write+0x3c>)
10005e0a:	0020      	movs	r0, r4
10005e0c:	b292      	uxth	r2, r2
10005e0e:	f000 fe51 	bl	10006ab4 <tu_fifo_write_n>
10005e12:	0006      	movs	r6, r0
10005e14:	0020      	movs	r0, r4
10005e16:	f000 fd05 	bl	10006824 <tu_fifo_count>
10005e1a:	283f      	cmp	r0, #63	@ 0x3f
10005e1c:	d801      	bhi.n	10005e22 <tud_cdc_n_write+0x2e>
10005e1e:	0030      	movs	r0, r6
10005e20:	bd70      	pop	{r4, r5, r6, pc}
10005e22:	0028      	movs	r0, r5
10005e24:	f7ff ffac 	bl	10005d80 <tud_cdc_n_write_flush>
10005e28:	e7f9      	b.n	10005e1e <tud_cdc_n_write+0x2a>
10005e2a:	46c0      	nop			@ (mov r8, r8)
10005e2c:	200020e4 	.word	0x200020e4
10005e30:	0000ffff 	.word	0x0000ffff

10005e34 <tud_cdc_n_write_available>:
10005e34:	23c8      	movs	r3, #200	@ 0xc8
10005e36:	b510      	push	{r4, lr}
10005e38:	4343      	muls	r3, r0
10005e3a:	4802      	ldr	r0, [pc, #8]	@ (10005e44 <tud_cdc_n_write_available+0x10>)
10005e3c:	1818      	adds	r0, r3, r0
10005e3e:	f000 fd0f 	bl	10006860 <tu_fifo_remaining>
10005e42:	bd10      	pop	{r4, pc}
10005e44:	200020e4 	.word	0x200020e4

10005e48 <cdcd_init>:
10005e48:	b5f0      	push	{r4, r5, r6, r7, lr}
10005e4a:	2500      	movs	r5, #0
10005e4c:	4c18      	ldr	r4, [pc, #96]	@ (10005eb0 <cdcd_init+0x68>)
10005e4e:	b083      	sub	sp, #12
10005e50:	22c8      	movs	r2, #200	@ 0xc8
10005e52:	2100      	movs	r1, #0
10005e54:	0020      	movs	r0, r4
10005e56:	f7fc fcb1 	bl	100027bc <__wrap_memset>
10005e5a:	4b16      	ldr	r3, [pc, #88]	@ (10005eb4 <cdcd_init+0x6c>)
10005e5c:	0021      	movs	r1, r4
10005e5e:	701d      	strb	r5, [r3, #0]
10005e60:	23ff      	movs	r3, #255	@ 0xff
10005e62:	7163      	strb	r3, [r4, #5]
10005e64:	23e1      	movs	r3, #225	@ 0xe1
10005e66:	025b      	lsls	r3, r3, #9
10005e68:	60a3      	str	r3, [r4, #8]
10005e6a:	0020      	movs	r0, r4
10005e6c:	2308      	movs	r3, #8
10005e6e:	2240      	movs	r2, #64	@ 0x40
10005e70:	73a3      	strb	r3, [r4, #14]
10005e72:	3138      	adds	r1, #56	@ 0x38
10005e74:	9500      	str	r5, [sp, #0]
10005e76:	3b07      	subs	r3, #7
10005e78:	3010      	adds	r0, #16
10005e7a:	f000 fc9d 	bl	100067b8 <tu_fifo_config>
10005e7e:	0027      	movs	r7, r4
10005e80:	2301      	movs	r3, #1
10005e82:	0021      	movs	r1, r4
10005e84:	0020      	movs	r0, r4
10005e86:	0026      	movs	r6, r4
10005e88:	2240      	movs	r2, #64	@ 0x40
10005e8a:	3178      	adds	r1, #120	@ 0x78
10005e8c:	9300      	str	r3, [sp, #0]
10005e8e:	37b8      	adds	r7, #184	@ 0xb8
10005e90:	3024      	adds	r0, #36	@ 0x24
10005e92:	f000 fc91 	bl	100067b8 <tu_fifo_config>
10005e96:	36c0      	adds	r6, #192	@ 0xc0
10005e98:	0038      	movs	r0, r7
10005e9a:	f7fa fe5d 	bl	10000b58 <mutex_init>
10005e9e:	0030      	movs	r0, r6
10005ea0:	f7fa fe5a 	bl	10000b58 <mutex_init>
10005ea4:	61e5      	str	r5, [r4, #28]
10005ea6:	6227      	str	r7, [r4, #32]
10005ea8:	6326      	str	r6, [r4, #48]	@ 0x30
10005eaa:	6365      	str	r5, [r4, #52]	@ 0x34
10005eac:	b003      	add	sp, #12
10005eae:	bdf0      	pop	{r4, r5, r6, r7, pc}
10005eb0:	200020c0 	.word	0x200020c0
10005eb4:	200020bc 	.word	0x200020bc

10005eb8 <cdcd_deinit>:
10005eb8:	4a0a      	ldr	r2, [pc, #40]	@ (10005ee4 <cdcd_deinit+0x2c>)
10005eba:	6b11      	ldr	r1, [r2, #48]	@ 0x30
10005ebc:	6a13      	ldr	r3, [r2, #32]
10005ebe:	2900      	cmp	r1, #0
10005ec0:	d00c      	beq.n	10005edc <cdcd_deinit+0x24>
10005ec2:	2b00      	cmp	r3, #0
10005ec4:	d007      	beq.n	10005ed6 <cdcd_deinit+0x1e>
10005ec6:	2300      	movs	r3, #0
10005ec8:	61d3      	str	r3, [r2, #28]
10005eca:	6353      	str	r3, [r2, #52]	@ 0x34
10005ecc:	6313      	str	r3, [r2, #48]	@ 0x30
10005ece:	2300      	movs	r3, #0
10005ed0:	6213      	str	r3, [r2, #32]
10005ed2:	2001      	movs	r0, #1
10005ed4:	4770      	bx	lr
10005ed6:	6353      	str	r3, [r2, #52]	@ 0x34
10005ed8:	6313      	str	r3, [r2, #48]	@ 0x30
10005eda:	e7fa      	b.n	10005ed2 <cdcd_deinit+0x1a>
10005edc:	2b00      	cmp	r3, #0
10005ede:	d0f8      	beq.n	10005ed2 <cdcd_deinit+0x1a>
10005ee0:	61d1      	str	r1, [r2, #28]
10005ee2:	e7f4      	b.n	10005ece <cdcd_deinit+0x16>
10005ee4:	200020c0 	.word	0x200020c0

10005ee8 <cdcd_reset>:
10005ee8:	b570      	push	{r4, r5, r6, lr}
10005eea:	4c0f      	ldr	r4, [pc, #60]	@ (10005f28 <cdcd_reset+0x40>)
10005eec:	2205      	movs	r2, #5
10005eee:	2100      	movs	r1, #0
10005ef0:	0020      	movs	r0, r4
10005ef2:	f7fc fc63 	bl	100027bc <__wrap_memset>
10005ef6:	4d0d      	ldr	r5, [pc, #52]	@ (10005f2c <cdcd_reset+0x44>)
10005ef8:	782b      	ldrb	r3, [r5, #0]
10005efa:	07da      	lsls	r2, r3, #31
10005efc:	d507      	bpl.n	10005f0e <cdcd_reset+0x26>
10005efe:	4c0c      	ldr	r4, [pc, #48]	@ (10005f30 <cdcd_reset+0x48>)
10005f00:	079b      	lsls	r3, r3, #30
10005f02:	d50c      	bpl.n	10005f1e <cdcd_reset+0x36>
10005f04:	2101      	movs	r1, #1
10005f06:	0020      	movs	r0, r4
10005f08:	f000 feb0 	bl	10006c6c <tu_fifo_set_overwritable>
10005f0c:	bd70      	pop	{r4, r5, r6, pc}
10005f0e:	0020      	movs	r0, r4
10005f10:	3010      	adds	r0, #16
10005f12:	f000 fe8b 	bl	10006c2c <tu_fifo_clear>
10005f16:	782b      	ldrb	r3, [r5, #0]
10005f18:	4c05      	ldr	r4, [pc, #20]	@ (10005f30 <cdcd_reset+0x48>)
10005f1a:	079b      	lsls	r3, r3, #30
10005f1c:	d4f2      	bmi.n	10005f04 <cdcd_reset+0x1c>
10005f1e:	0020      	movs	r0, r4
10005f20:	f000 fe84 	bl	10006c2c <tu_fifo_clear>
10005f24:	e7ee      	b.n	10005f04 <cdcd_reset+0x1c>
10005f26:	46c0      	nop			@ (mov r8, r8)
10005f28:	200020c0 	.word	0x200020c0
10005f2c:	200020bc 	.word	0x200020bc
10005f30:	200020e4 	.word	0x200020e4

10005f34 <cdcd_open>:
10005f34:	b5f0      	push	{r4, r5, r6, r7, lr}
10005f36:	794b      	ldrb	r3, [r1, #5]
10005f38:	0006      	movs	r6, r0
10005f3a:	b083      	sub	sp, #12
10005f3c:	2b02      	cmp	r3, #2
10005f3e:	d102      	bne.n	10005f46 <cdcd_open+0x12>
10005f40:	798b      	ldrb	r3, [r1, #6]
10005f42:	2b02      	cmp	r3, #2
10005f44:	d003      	beq.n	10005f4e <cdcd_open+0x1a>
10005f46:	2500      	movs	r5, #0
10005f48:	0028      	movs	r0, r5
10005f4a:	b003      	add	sp, #12
10005f4c:	bdf0      	pop	{r4, r5, r6, r7, pc}
10005f4e:	4f20      	ldr	r7, [pc, #128]	@ (10005fd0 <cdcd_open+0x9c>)
10005f50:	78bb      	ldrb	r3, [r7, #2]
10005f52:	2b00      	cmp	r3, #0
10005f54:	d1f7      	bne.n	10005f46 <cdcd_open+0x12>
10005f56:	788b      	ldrb	r3, [r1, #2]
10005f58:	2509      	movs	r5, #9
10005f5a:	703b      	strb	r3, [r7, #0]
10005f5c:	780c      	ldrb	r4, [r1, #0]
10005f5e:	190c      	adds	r4, r1, r4
10005f60:	7863      	ldrb	r3, [r4, #1]
10005f62:	2b24      	cmp	r3, #36	@ 0x24
10005f64:	d007      	beq.n	10005f76 <cdcd_open+0x42>
10005f66:	e00c      	b.n	10005f82 <cdcd_open+0x4e>
10005f68:	7823      	ldrb	r3, [r4, #0]
10005f6a:	18e4      	adds	r4, r4, r3
10005f6c:	195d      	adds	r5, r3, r5
10005f6e:	7863      	ldrb	r3, [r4, #1]
10005f70:	b2ad      	uxth	r5, r5
10005f72:	2b24      	cmp	r3, #36	@ 0x24
10005f74:	d105      	bne.n	10005f82 <cdcd_open+0x4e>
10005f76:	4295      	cmp	r5, r2
10005f78:	d9f6      	bls.n	10005f68 <cdcd_open+0x34>
10005f7a:	2000      	movs	r0, #0
10005f7c:	f7ff fe66 	bl	10005c4c <_prep_out_transaction.isra.0>
10005f80:	e7e2      	b.n	10005f48 <cdcd_open+0x14>
10005f82:	001a      	movs	r2, r3
10005f84:	2b05      	cmp	r3, #5
10005f86:	d015      	beq.n	10005fb4 <cdcd_open+0x80>
10005f88:	2a04      	cmp	r2, #4
10005f8a:	d1f6      	bne.n	10005f7a <cdcd_open+0x46>
10005f8c:	7963      	ldrb	r3, [r4, #5]
10005f8e:	2b0a      	cmp	r3, #10
10005f90:	d1f3      	bne.n	10005f7a <cdcd_open+0x46>
10005f92:	4b10      	ldr	r3, [pc, #64]	@ (10005fd4 <cdcd_open+0xa0>)
10005f94:	7827      	ldrb	r7, [r4, #0]
10005f96:	9301      	str	r3, [sp, #4]
10005f98:	3301      	adds	r3, #1
10005f9a:	9300      	str	r3, [sp, #0]
10005f9c:	0030      	movs	r0, r6
10005f9e:	2302      	movs	r3, #2
10005fa0:	19e1      	adds	r1, r4, r7
10005fa2:	3a02      	subs	r2, #2
10005fa4:	f7ff fc9e 	bl	100058e4 <usbd_open_edpt_pair>
10005fa8:	2800      	cmp	r0, #0
10005faa:	d0cc      	beq.n	10005f46 <cdcd_open+0x12>
10005fac:	350e      	adds	r5, #14
10005fae:	19ed      	adds	r5, r5, r7
10005fb0:	b2ad      	uxth	r5, r5
10005fb2:	e7e2      	b.n	10005f7a <cdcd_open+0x46>
10005fb4:	0021      	movs	r1, r4
10005fb6:	0030      	movs	r0, r6
10005fb8:	f7ff fce2 	bl	10005980 <usbd_edpt_open>
10005fbc:	2800      	cmp	r0, #0
10005fbe:	d0c2      	beq.n	10005f46 <cdcd_open+0x12>
10005fc0:	78a3      	ldrb	r3, [r4, #2]
10005fc2:	707b      	strb	r3, [r7, #1]
10005fc4:	7823      	ldrb	r3, [r4, #0]
10005fc6:	195d      	adds	r5, r3, r5
10005fc8:	18e4      	adds	r4, r4, r3
10005fca:	7862      	ldrb	r2, [r4, #1]
10005fcc:	b2ad      	uxth	r5, r5
10005fce:	e7db      	b.n	10005f88 <cdcd_open+0x54>
10005fd0:	200020c0 	.word	0x200020c0
10005fd4:	200020c2 	.word	0x200020c2

10005fd8 <cdcd_control_xfer_cb>:
10005fd8:	b5f8      	push	{r3, r4, r5, r6, r7, lr}
10005fda:	2360      	movs	r3, #96	@ 0x60
10005fdc:	0014      	movs	r4, r2
10005fde:	7812      	ldrb	r2, [r2, #0]
10005fe0:	0005      	movs	r5, r0
10005fe2:	4013      	ands	r3, r2
10005fe4:	2000      	movs	r0, #0
10005fe6:	2b20      	cmp	r3, #32
10005fe8:	d107      	bne.n	10005ffa <cdcd_control_xfer_cb+0x22>
10005fea:	4a30      	ldr	r2, [pc, #192]	@ (100060ac <cdcd_control_xfer_cb+0xd4>)
10005fec:	7963      	ldrb	r3, [r4, #5]
10005fee:	7927      	ldrb	r7, [r4, #4]
10005ff0:	7816      	ldrb	r6, [r2, #0]
10005ff2:	021b      	lsls	r3, r3, #8
10005ff4:	433b      	orrs	r3, r7
10005ff6:	429e      	cmp	r6, r3
10005ff8:	d000      	beq.n	10005ffc <cdcd_control_xfer_cb+0x24>
10005ffa:	bdf8      	pop	{r3, r4, r5, r6, r7, pc}
10005ffc:	7863      	ldrb	r3, [r4, #1]
10005ffe:	2b22      	cmp	r3, #34	@ 0x22
10006000:	d01a      	beq.n	10006038 <cdcd_control_xfer_cb+0x60>
10006002:	d807      	bhi.n	10006014 <cdcd_control_xfer_cb+0x3c>
10006004:	2b20      	cmp	r3, #32
10006006:	d034      	beq.n	10006072 <cdcd_control_xfer_cb+0x9a>
10006008:	2b21      	cmp	r3, #33	@ 0x21
1000600a:	d1f6      	bne.n	10005ffa <cdcd_control_xfer_cb+0x22>
1000600c:	2901      	cmp	r1, #1
1000600e:	d03e      	beq.n	1000608e <cdcd_control_xfer_cb+0xb6>
10006010:	2001      	movs	r0, #1
10006012:	e7f2      	b.n	10005ffa <cdcd_control_xfer_cb+0x22>
10006014:	2b23      	cmp	r3, #35	@ 0x23
10006016:	d1f0      	bne.n	10005ffa <cdcd_control_xfer_cb+0x22>
10006018:	2901      	cmp	r1, #1
1000601a:	d040      	beq.n	1000609e <cdcd_control_xfer_cb+0xc6>
1000601c:	2903      	cmp	r1, #3
1000601e:	d1f7      	bne.n	10006010 <cdcd_control_xfer_cb+0x38>
10006020:	4b23      	ldr	r3, [pc, #140]	@ (100060b0 <cdcd_control_xfer_cb+0xd8>)
10006022:	2b00      	cmp	r3, #0
10006024:	d0f4      	beq.n	10006010 <cdcd_control_xfer_cb+0x38>
10006026:	78e1      	ldrb	r1, [r4, #3]
10006028:	78a3      	ldrb	r3, [r4, #2]
1000602a:	0209      	lsls	r1, r1, #8
1000602c:	2000      	movs	r0, #0
1000602e:	4319      	orrs	r1, r3
10006030:	e000      	b.n	10006034 <cdcd_control_xfer_cb+0x5c>
10006032:	bf00      	nop
10006034:	2001      	movs	r0, #1
10006036:	e7e0      	b.n	10005ffa <cdcd_control_xfer_cb+0x22>
10006038:	2901      	cmp	r1, #1
1000603a:	d030      	beq.n	1000609e <cdcd_control_xfer_cb+0xc6>
1000603c:	2903      	cmp	r1, #3
1000603e:	d1e7      	bne.n	10006010 <cdcd_control_xfer_cb+0x38>
10006040:	2501      	movs	r5, #1
10006042:	002e      	movs	r6, r5
10006044:	78a3      	ldrb	r3, [r4, #2]
10006046:	78e4      	ldrb	r4, [r4, #3]
10006048:	3902      	subs	r1, #2
1000604a:	0224      	lsls	r4, r4, #8
1000604c:	431c      	orrs	r4, r3
1000604e:	7114      	strb	r4, [r2, #4]
10006050:	4026      	ands	r6, r4
10006052:	3224      	adds	r2, #36	@ 0x24
10006054:	0010      	movs	r0, r2
10006056:	4071      	eors	r1, r6
10006058:	f000 fe08 	bl	10006c6c <tu_fifo_set_overwritable>
1000605c:	4b15      	ldr	r3, [pc, #84]	@ (100060b4 <cdcd_control_xfer_cb+0xdc>)
1000605e:	2b00      	cmp	r3, #0
10006060:	d0d6      	beq.n	10006010 <cdcd_control_xfer_cb+0x38>
10006062:	0862      	lsrs	r2, r4, #1
10006064:	2000      	movs	r0, #0
10006066:	0031      	movs	r1, r6
10006068:	402a      	ands	r2, r5
1000606a:	e000      	b.n	1000606e <cdcd_control_xfer_cb+0x96>
1000606c:	bf00      	nop
1000606e:	2001      	movs	r0, #1
10006070:	e7c3      	b.n	10005ffa <cdcd_control_xfer_cb+0x22>
10006072:	2901      	cmp	r1, #1
10006074:	d00b      	beq.n	1000608e <cdcd_control_xfer_cb+0xb6>
10006076:	2903      	cmp	r1, #3
10006078:	d1ca      	bne.n	10006010 <cdcd_control_xfer_cb+0x38>
1000607a:	4b0f      	ldr	r3, [pc, #60]	@ (100060b8 <cdcd_control_xfer_cb+0xe0>)
1000607c:	2b00      	cmp	r3, #0
1000607e:	d0c7      	beq.n	10006010 <cdcd_control_xfer_cb+0x38>
10006080:	3208      	adds	r2, #8
10006082:	2000      	movs	r0, #0
10006084:	0011      	movs	r1, r2
10006086:	f7fe faad 	bl	100045e4 <tud_cdc_line_coding_cb>
1000608a:	2001      	movs	r0, #1
1000608c:	e7b5      	b.n	10005ffa <cdcd_control_xfer_cb+0x22>
1000608e:	2307      	movs	r3, #7
10006090:	0021      	movs	r1, r4
10006092:	0028      	movs	r0, r5
10006094:	4a09      	ldr	r2, [pc, #36]	@ (100060bc <cdcd_control_xfer_cb+0xe4>)
10006096:	f7ff fcf1 	bl	10005a7c <tud_control_xfer>
1000609a:	2001      	movs	r0, #1
1000609c:	e7ad      	b.n	10005ffa <cdcd_control_xfer_cb+0x22>
1000609e:	0021      	movs	r1, r4
100060a0:	0028      	movs	r0, r5
100060a2:	f7ff fcd5 	bl	10005a50 <tud_control_status>
100060a6:	2001      	movs	r0, #1
100060a8:	e7a7      	b.n	10005ffa <cdcd_control_xfer_cb+0x22>
100060aa:	46c0      	nop			@ (mov r8, r8)
100060ac:	200020c0 	.word	0x200020c0
	...
100060b8:	100045e5 	.word	0x100045e5
100060bc:	200020c8 	.word	0x200020c8

100060c0 <cdcd_xfer_cb>:
100060c0:	b5f0      	push	{r4, r5, r6, r7, lr}
100060c2:	464f      	mov	r7, r9
100060c4:	4646      	mov	r6, r8
100060c6:	46d6      	mov	lr, sl
100060c8:	b5c0      	push	{r6, r7, lr}
100060ca:	4d36      	ldr	r5, [pc, #216]	@ (100061a4 <cdcd_xfer_cb+0xe4>)
100060cc:	4680      	mov	r8, r0
100060ce:	78ea      	ldrb	r2, [r5, #3]
100060d0:	000c      	movs	r4, r1
100060d2:	001f      	movs	r7, r3
100060d4:	428a      	cmp	r2, r1
100060d6:	d03c      	beq.n	10006152 <cdcd_xfer_cb+0x92>
100060d8:	78ab      	ldrb	r3, [r5, #2]
100060da:	428b      	cmp	r3, r1
100060dc:	d010      	beq.n	10006100 <cdcd_xfer_cb+0x40>
100060de:	2000      	movs	r0, #0
100060e0:	bce0      	pop	{r5, r6, r7}
100060e2:	46ba      	mov	sl, r7
100060e4:	46b1      	mov	r9, r6
100060e6:	46a8      	mov	r8, r5
100060e8:	bdf0      	pop	{r4, r5, r6, r7, pc}
100060ea:	4b2f      	ldr	r3, [pc, #188]	@ (100061a8 <cdcd_xfer_cb+0xe8>)
100060ec:	2b00      	cmp	r3, #0
100060ee:	d004      	beq.n	100060fa <cdcd_xfer_cb+0x3a>
100060f0:	482e      	ldr	r0, [pc, #184]	@ (100061ac <cdcd_xfer_cb+0xec>)
100060f2:	f000 fbad 	bl	10006850 <tu_fifo_empty>
100060f6:	2800      	cmp	r0, #0
100060f8:	d051      	beq.n	1000619e <cdcd_xfer_cb+0xde>
100060fa:	2000      	movs	r0, #0
100060fc:	f7ff fda6 	bl	10005c4c <_prep_out_transaction.isra.0>
10006100:	78ab      	ldrb	r3, [r5, #2]
10006102:	42a3      	cmp	r3, r4
10006104:	d001      	beq.n	1000610a <cdcd_xfer_cb+0x4a>
10006106:	2001      	movs	r0, #1
10006108:	e7ea      	b.n	100060e0 <cdcd_xfer_cb+0x20>
1000610a:	4b29      	ldr	r3, [pc, #164]	@ (100061b0 <cdcd_xfer_cb+0xf0>)
1000610c:	2b00      	cmp	r3, #0
1000610e:	d002      	beq.n	10006116 <cdcd_xfer_cb+0x56>
10006110:	2000      	movs	r0, #0
10006112:	e000      	b.n	10006116 <cdcd_xfer_cb+0x56>
10006114:	bf00      	nop
10006116:	2000      	movs	r0, #0
10006118:	f7ff fe32 	bl	10005d80 <tud_cdc_n_write_flush>
1000611c:	2800      	cmp	r0, #0
1000611e:	d1f2      	bne.n	10006106 <cdcd_xfer_cb+0x46>
10006120:	4c24      	ldr	r4, [pc, #144]	@ (100061b4 <cdcd_xfer_cb+0xf4>)
10006122:	0020      	movs	r0, r4
10006124:	f000 fb7e 	bl	10006824 <tu_fifo_count>
10006128:	2800      	cmp	r0, #0
1000612a:	d1ec      	bne.n	10006106 <cdcd_xfer_cb+0x46>
1000612c:	2f00      	cmp	r7, #0
1000612e:	d0ea      	beq.n	10006106 <cdcd_xfer_cb+0x46>
10006130:	06bf      	lsls	r7, r7, #26
10006132:	d1e8      	bne.n	10006106 <cdcd_xfer_cb+0x46>
10006134:	3c24      	subs	r4, #36	@ 0x24
10006136:	4640      	mov	r0, r8
10006138:	78a1      	ldrb	r1, [r4, #2]
1000613a:	f7ff fc3b 	bl	100059b4 <usbd_edpt_claim>
1000613e:	2800      	cmp	r0, #0
10006140:	d0e1      	beq.n	10006106 <cdcd_xfer_cb+0x46>
10006142:	2300      	movs	r3, #0
10006144:	2200      	movs	r2, #0
10006146:	4640      	mov	r0, r8
10006148:	78a1      	ldrb	r1, [r4, #2]
1000614a:	f7ff fc5b 	bl	10005a04 <usbd_edpt_xfer>
1000614e:	2001      	movs	r0, #1
10006150:	e7c6      	b.n	100060e0 <cdcd_xfer_cb+0x20>
10006152:	b29a      	uxth	r2, r3
10006154:	2310      	movs	r3, #16
10006156:	469a      	mov	sl, r3
10006158:	4e17      	ldr	r6, [pc, #92]	@ (100061b8 <cdcd_xfer_cb+0xf8>)
1000615a:	44aa      	add	sl, r5
1000615c:	0031      	movs	r1, r6
1000615e:	4650      	mov	r0, sl
10006160:	f000 fca8 	bl	10006ab4 <tu_fifo_write_n>
10006164:	4b15      	ldr	r3, [pc, #84]	@ (100061bc <cdcd_xfer_cb+0xfc>)
10006166:	2b00      	cmp	r3, #0
10006168:	d0bf      	beq.n	100060ea <cdcd_xfer_cb+0x2a>
1000616a:	796b      	ldrb	r3, [r5, #5]
1000616c:	2bff      	cmp	r3, #255	@ 0xff
1000616e:	d0bc      	beq.n	100060ea <cdcd_xfer_cb+0x2a>
10006170:	2f00      	cmp	r7, #0
10006172:	d0ba      	beq.n	100060ea <cdcd_xfer_cb+0x2a>
10006174:	19f2      	adds	r2, r6, r7
10006176:	4691      	mov	r9, r2
10006178:	e003      	b.n	10006182 <cdcd_xfer_cb+0xc2>
1000617a:	3601      	adds	r6, #1
1000617c:	454e      	cmp	r6, r9
1000617e:	d0b4      	beq.n	100060ea <cdcd_xfer_cb+0x2a>
10006180:	796b      	ldrb	r3, [r5, #5]
10006182:	7832      	ldrb	r2, [r6, #0]
10006184:	429a      	cmp	r2, r3
10006186:	d1f8      	bne.n	1000617a <cdcd_xfer_cb+0xba>
10006188:	4650      	mov	r0, sl
1000618a:	f000 fb61 	bl	10006850 <tu_fifo_empty>
1000618e:	2800      	cmp	r0, #0
10006190:	d1f3      	bne.n	1000617a <cdcd_xfer_cb+0xba>
10006192:	4653      	mov	r3, sl
10006194:	3b10      	subs	r3, #16
10006196:	7959      	ldrb	r1, [r3, #5]
10006198:	e000      	b.n	1000619c <cdcd_xfer_cb+0xdc>
1000619a:	bf00      	nop
1000619c:	e7ed      	b.n	1000617a <cdcd_xfer_cb+0xba>
1000619e:	e000      	b.n	100061a2 <cdcd_xfer_cb+0xe2>
100061a0:	bf00      	nop
100061a2:	e7aa      	b.n	100060fa <cdcd_xfer_cb+0x3a>
100061a4:	200020c0 	.word	0x200020c0
100061a8:	00000000 	.word	0x00000000
100061ac:	200020d0 	.word	0x200020d0
100061b0:	00000000 	.word	0x00000000
100061b4:	200020e4 	.word	0x200020e4
100061b8:	2000203c 	.word	0x2000203c
100061bc:	00000000 	.word	0x00000000

100061c0 <vendord_init>:
100061c0:	2293      	movs	r2, #147	@ 0x93
100061c2:	b5f0      	push	{r4, r5, r6, r7, lr}
100061c4:	4c13      	ldr	r4, [pc, #76]	@ (10006214 <vendord_init+0x54>)
100061c6:	b085      	sub	sp, #20
100061c8:	2100      	movs	r1, #0
100061ca:	0020      	movs	r0, r4
100061cc:	0092      	lsls	r2, r2, #2
100061ce:	f7fc faf5 	bl	100027bc <__wrap_memset>
100061d2:	0023      	movs	r3, r4
100061d4:	0020      	movs	r0, r4
100061d6:	2680      	movs	r6, #128	@ 0x80
100061d8:	2740      	movs	r7, #64	@ 0x40
100061da:	4d0f      	ldr	r5, [pc, #60]	@ (10006218 <vendord_init+0x58>)
100061dc:	334d      	adds	r3, #77	@ 0x4d
100061de:	0076      	lsls	r6, r6, #1
100061e0:	33ff      	adds	r3, #255	@ 0xff
100061e2:	3029      	adds	r0, #41	@ 0x29
100061e4:	9502      	str	r5, [sp, #8]
100061e6:	9300      	str	r3, [sp, #0]
100061e8:	2200      	movs	r2, #0
100061ea:	2300      	movs	r3, #0
100061ec:	2100      	movs	r1, #0
100061ee:	9703      	str	r7, [sp, #12]
100061f0:	9601      	str	r6, [sp, #4]
100061f2:	30ff      	adds	r0, #255	@ 0xff
100061f4:	f000 f9d4 	bl	100065a0 <tu_edpt_stream_init>
100061f8:	3540      	adds	r5, #64	@ 0x40
100061fa:	1d20      	adds	r0, r4, #4
100061fc:	3428      	adds	r4, #40	@ 0x28
100061fe:	2300      	movs	r3, #0
10006200:	2201      	movs	r2, #1
10006202:	2100      	movs	r1, #0
10006204:	9703      	str	r7, [sp, #12]
10006206:	9502      	str	r5, [sp, #8]
10006208:	9601      	str	r6, [sp, #4]
1000620a:	9400      	str	r4, [sp, #0]
1000620c:	f000 f9c8 	bl	100065a0 <tu_edpt_stream_init>
10006210:	b005      	add	sp, #20
10006212:	bdf0      	pop	{r4, r5, r6, r7, pc}
10006214:	20002384 	.word	0x20002384
10006218:	20002304 	.word	0x20002304

1000621c <vendord_deinit>:
1000621c:	b510      	push	{r4, lr}
1000621e:	4c05      	ldr	r4, [pc, #20]	@ (10006234 <vendord_deinit+0x18>)
10006220:	0020      	movs	r0, r4
10006222:	f000 f9f3 	bl	1000660c <tu_edpt_stream_deinit>
10006226:	0020      	movs	r0, r4
10006228:	3825      	subs	r0, #37	@ 0x25
1000622a:	38ff      	subs	r0, #255	@ 0xff
1000622c:	f000 f9ee 	bl	1000660c <tu_edpt_stream_deinit>
10006230:	2001      	movs	r0, #1
10006232:	bd10      	pop	{r4, pc}
10006234:	200024ac 	.word	0x200024ac

10006238 <vendord_reset>:
10006238:	b570      	push	{r4, r5, r6, lr}
1000623a:	4c08      	ldr	r4, [pc, #32]	@ (1000625c <vendord_reset+0x24>)
1000623c:	2500      	movs	r5, #0
1000623e:	0020      	movs	r0, r4
10006240:	3031      	adds	r0, #49	@ 0x31
10006242:	30ff      	adds	r0, #255	@ 0xff
10006244:	7025      	strb	r5, [r4, #0]
10006246:	f000 fcf1 	bl	10006c2c <tu_fifo_clear>
1000624a:	0020      	movs	r0, r4
1000624c:	300c      	adds	r0, #12
1000624e:	f000 fced 	bl	10006c2c <tu_fifo_clear>
10006252:	232a      	movs	r3, #42	@ 0x2a
10006254:	33ff      	adds	r3, #255	@ 0xff
10006256:	54e5      	strb	r5, [r4, r3]
10006258:	7165      	strb	r5, [r4, #5]
1000625a:	bd70      	pop	{r4, r5, r6, pc}
1000625c:	20002384 	.word	0x20002384

10006260 <vendord_open>:
10006260:	b5f8      	push	{r3, r4, r5, r6, r7, lr}
10006262:	4657      	mov	r7, sl
10006264:	4645      	mov	r5, r8
10006266:	46de      	mov	lr, fp
10006268:	464e      	mov	r6, r9
1000626a:	b5e0      	push	{r5, r6, r7, lr}
1000626c:	794b      	ldrb	r3, [r1, #5]
1000626e:	4680      	mov	r8, r0
10006270:	000f      	movs	r7, r1
10006272:	2bff      	cmp	r3, #255	@ 0xff
10006274:	d15b      	bne.n	1000632e <vendord_open+0xce>
10006276:	4b40      	ldr	r3, [pc, #256]	@ (10006378 <vendord_open+0x118>)
10006278:	4699      	mov	r9, r3
1000627a:	232a      	movs	r3, #42	@ 0x2a
1000627c:	4649      	mov	r1, r9
1000627e:	33ff      	adds	r3, #255	@ 0xff
10006280:	5ccb      	ldrb	r3, [r1, r3]
10006282:	2b00      	cmp	r3, #0
10006284:	d153      	bne.n	1000632e <vendord_open+0xce>
10006286:	794e      	ldrb	r6, [r1, #5]
10006288:	2e00      	cmp	r6, #0
1000628a:	d150      	bne.n	1000632e <vendord_open+0xce>
1000628c:	78bb      	ldrb	r3, [r7, #2]
1000628e:	783c      	ldrb	r4, [r7, #0]
10006290:	700b      	strb	r3, [r1, #0]
10006292:	793b      	ldrb	r3, [r7, #4]
10006294:	193c      	adds	r4, r7, r4
10006296:	2b00      	cmp	r3, #0
10006298:	d046      	beq.n	10006328 <vendord_open+0xc8>
1000629a:	2398      	movs	r3, #152	@ 0x98
1000629c:	005b      	lsls	r3, r3, #1
1000629e:	444b      	add	r3, r9
100062a0:	469a      	mov	sl, r3
100062a2:	230c      	movs	r3, #12
100062a4:	444b      	add	r3, r9
100062a6:	469b      	mov	fp, r3
100062a8:	18a5      	adds	r5, r4, r2
100062aa:	e003      	b.n	100062b4 <vendord_open+0x54>
100062ac:	42ac      	cmp	r4, r5
100062ae:	d23b      	bcs.n	10006328 <vendord_open+0xc8>
100062b0:	7823      	ldrb	r3, [r4, #0]
100062b2:	18e4      	adds	r4, r4, r3
100062b4:	7863      	ldrb	r3, [r4, #1]
100062b6:	2b05      	cmp	r3, #5
100062b8:	d1f8      	bne.n	100062ac <vendord_open+0x4c>
100062ba:	42ac      	cmp	r4, r5
100062bc:	d234      	bcs.n	10006328 <vendord_open+0xc8>
100062be:	0021      	movs	r1, r4
100062c0:	4640      	mov	r0, r8
100062c2:	f7ff fb5d 	bl	10005980 <usbd_edpt_open>
100062c6:	2800      	cmp	r0, #0
100062c8:	d031      	beq.n	1000632e <vendord_open+0xce>
100062ca:	78a3      	ldrb	r3, [r4, #2]
100062cc:	3601      	adds	r6, #1
100062ce:	b2f6      	uxtb	r6, r6
100062d0:	09db      	lsrs	r3, r3, #7
100062d2:	2b01      	cmp	r3, #1
100062d4:	d032      	beq.n	1000633c <vendord_open+0xdc>
100062d6:	4650      	mov	r0, sl
100062d8:	f000 fca8 	bl	10006c2c <tu_fifo_clear>
100062dc:	232a      	movs	r3, #42	@ 0x2a
100062de:	4649      	mov	r1, r9
100062e0:	78a2      	ldrb	r2, [r4, #2]
100062e2:	33ff      	adds	r3, #255	@ 0xff
100062e4:	54ca      	strb	r2, [r1, r3]
100062e6:	7963      	ldrb	r3, [r4, #5]
100062e8:	7922      	ldrb	r2, [r4, #4]
100062ea:	021b      	lsls	r3, r3, #8
100062ec:	4313      	orrs	r3, r2
100062ee:	4a23      	ldr	r2, [pc, #140]	@ (1000637c <vendord_open+0x11c>)
100062f0:	055b      	lsls	r3, r3, #21
100062f2:	4694      	mov	ip, r2
100062f4:	0d5b      	lsrs	r3, r3, #21
100062f6:	2194      	movs	r1, #148	@ 0x94
100062f8:	4463      	add	r3, ip
100062fa:	425a      	negs	r2, r3
100062fc:	4153      	adcs	r3, r2
100062fe:	464a      	mov	r2, r9
10006300:	2002      	movs	r0, #2
10006302:	0049      	lsls	r1, r1, #1
10006304:	5c52      	ldrb	r2, [r2, r1]
10006306:	005b      	lsls	r3, r3, #1
10006308:	4382      	bics	r2, r0
1000630a:	4313      	orrs	r3, r2
1000630c:	464a      	mov	r2, r9
1000630e:	5453      	strb	r3, [r2, r1]
10006310:	4651      	mov	r1, sl
10006312:	4640      	mov	r0, r8
10006314:	3908      	subs	r1, #8
10006316:	f000 f9e3 	bl	100066e0 <tu_edpt_stream_read_xfer>
1000631a:	2800      	cmp	r0, #0
1000631c:	d007      	beq.n	1000632e <vendord_open+0xce>
1000631e:	7823      	ldrb	r3, [r4, #0]
10006320:	18e4      	adds	r4, r4, r3
10006322:	793b      	ldrb	r3, [r7, #4]
10006324:	42b3      	cmp	r3, r6
10006326:	d8c5      	bhi.n	100062b4 <vendord_open+0x54>
10006328:	1be0      	subs	r0, r4, r7
1000632a:	b280      	uxth	r0, r0
1000632c:	e000      	b.n	10006330 <vendord_open+0xd0>
1000632e:	2000      	movs	r0, #0
10006330:	bcf0      	pop	{r4, r5, r6, r7}
10006332:	46bb      	mov	fp, r7
10006334:	46b2      	mov	sl, r6
10006336:	46a9      	mov	r9, r5
10006338:	46a0      	mov	r8, r4
1000633a:	bdf8      	pop	{r3, r4, r5, r6, r7, pc}
1000633c:	4658      	mov	r0, fp
1000633e:	f000 fc75 	bl	10006c2c <tu_fifo_clear>
10006342:	465a      	mov	r2, fp
10006344:	78a3      	ldrb	r3, [r4, #2]
10006346:	3a0c      	subs	r2, #12
10006348:	7153      	strb	r3, [r2, #5]
1000634a:	7963      	ldrb	r3, [r4, #5]
1000634c:	7921      	ldrb	r1, [r4, #4]
1000634e:	021b      	lsls	r3, r3, #8
10006350:	430b      	orrs	r3, r1
10006352:	490a      	ldr	r1, [pc, #40]	@ (1000637c <vendord_open+0x11c>)
10006354:	055b      	lsls	r3, r3, #21
10006356:	468c      	mov	ip, r1
10006358:	0d5b      	lsrs	r3, r3, #21
1000635a:	4463      	add	r3, ip
1000635c:	4259      	negs	r1, r3
1000635e:	414b      	adcs	r3, r1
10006360:	2002      	movs	r0, #2
10006362:	7911      	ldrb	r1, [r2, #4]
10006364:	005b      	lsls	r3, r3, #1
10006366:	4381      	bics	r1, r0
10006368:	430b      	orrs	r3, r1
1000636a:	4659      	mov	r1, fp
1000636c:	2000      	movs	r0, #0
1000636e:	3908      	subs	r1, #8
10006370:	7113      	strb	r3, [r2, #4]
10006372:	f000 f981 	bl	10006678 <tu_edpt_stream_write_xfer>
10006376:	e7d2      	b.n	1000631e <vendord_open+0xbe>
10006378:	20002384 	.word	0x20002384
1000637c:	fffffe00 	.word	0xfffffe00

10006380 <vendord_xfer_cb>:
10006380:	b5f8      	push	{r3, r4, r5, r6, r7, lr}
10006382:	252a      	movs	r5, #42	@ 0x2a
10006384:	0006      	movs	r6, r0
10006386:	481f      	ldr	r0, [pc, #124]	@ (10006404 <vendord_xfer_cb+0x84>)
10006388:	35ff      	adds	r5, #255	@ 0xff
1000638a:	5d45      	ldrb	r5, [r0, r5]
1000638c:	001f      	movs	r7, r3
1000638e:	428d      	cmp	r5, r1
10006390:	d015      	beq.n	100063be <vendord_xfer_cb+0x3e>
10006392:	7943      	ldrb	r3, [r0, #5]
10006394:	428b      	cmp	r3, r1
10006396:	d001      	beq.n	1000639c <vendord_xfer_cb+0x1c>
10006398:	2000      	movs	r0, #0
1000639a:	bdf8      	pop	{r3, r4, r5, r6, r7, pc}
1000639c:	4b1a      	ldr	r3, [pc, #104]	@ (10006408 <vendord_xfer_cb+0x88>)
1000639e:	2b00      	cmp	r3, #0
100063a0:	d004      	beq.n	100063ac <vendord_xfer_cb+0x2c>
100063a2:	0439      	lsls	r1, r7, #16
100063a4:	2000      	movs	r0, #0
100063a6:	0c09      	lsrs	r1, r1, #16
100063a8:	e000      	b.n	100063ac <vendord_xfer_cb+0x2c>
100063aa:	bf00      	nop
100063ac:	4c17      	ldr	r4, [pc, #92]	@ (1000640c <vendord_xfer_cb+0x8c>)
100063ae:	0030      	movs	r0, r6
100063b0:	0021      	movs	r1, r4
100063b2:	f000 f961 	bl	10006678 <tu_edpt_stream_write_xfer>
100063b6:	2800      	cmp	r0, #0
100063b8:	d01d      	beq.n	100063f6 <vendord_xfer_cb+0x76>
100063ba:	2001      	movs	r0, #1
100063bc:	e7ed      	b.n	1000639a <vendord_xfer_cb+0x1a>
100063be:	239a      	movs	r3, #154	@ 0x9a
100063c0:	005b      	lsls	r3, r3, #1
100063c2:	5ac3      	ldrh	r3, [r0, r3]
100063c4:	2b00      	cmp	r3, #0
100063c6:	d10d      	bne.n	100063e4 <vendord_xfer_cb+0x64>
100063c8:	4b11      	ldr	r3, [pc, #68]	@ (10006410 <vendord_xfer_cb+0x90>)
100063ca:	2b00      	cmp	r3, #0
100063cc:	d004      	beq.n	100063d8 <vendord_xfer_cb+0x58>
100063ce:	2000      	movs	r0, #0
100063d0:	4910      	ldr	r1, [pc, #64]	@ (10006414 <vendord_xfer_cb+0x94>)
100063d2:	b2ba      	uxth	r2, r7
100063d4:	e000      	b.n	100063d8 <vendord_xfer_cb+0x58>
100063d6:	bf00      	nop
100063d8:	0030      	movs	r0, r6
100063da:	490f      	ldr	r1, [pc, #60]	@ (10006418 <vendord_xfer_cb+0x98>)
100063dc:	f000 f980 	bl	100066e0 <tu_edpt_stream_read_xfer>
100063e0:	2001      	movs	r0, #1
100063e2:	e7da      	b.n	1000639a <vendord_xfer_cb+0x1a>
100063e4:	2396      	movs	r3, #150	@ 0x96
100063e6:	005b      	lsls	r3, r3, #1
100063e8:	58c1      	ldr	r1, [r0, r3]
100063ea:	3031      	adds	r0, #49	@ 0x31
100063ec:	b2ba      	uxth	r2, r7
100063ee:	30ff      	adds	r0, #255	@ 0xff
100063f0:	f000 fb60 	bl	10006ab4 <tu_fifo_write_n>
100063f4:	e7e8      	b.n	100063c8 <vendord_xfer_cb+0x48>
100063f6:	003a      	movs	r2, r7
100063f8:	0021      	movs	r1, r4
100063fa:	0030      	movs	r0, r6
100063fc:	f000 f908 	bl	10006610 <tu_edpt_stream_write_zlp_if_needed>
10006400:	2001      	movs	r0, #1
10006402:	e7ca      	b.n	1000639a <vendord_xfer_cb+0x1a>
10006404:	20002384 	.word	0x20002384
10006408:	00000000 	.word	0x00000000
1000640c:	20002388 	.word	0x20002388
10006410:	00000000 	.word	0x00000000
10006414:	20002304 	.word	0x20002304
10006418:	200024ac 	.word	0x200024ac

1000641c <tusb_rhport_init>:
1000641c:	b500      	push	{lr}
1000641e:	0003      	movs	r3, r0
10006420:	b083      	sub	sp, #12
10006422:	2900      	cmp	r1, #0
10006424:	d010      	beq.n	10006448 <tusb_rhport_init+0x2c>
10006426:	2000      	movs	r0, #0
10006428:	2b01      	cmp	r3, #1
1000642a:	d807      	bhi.n	1000643c <tusb_rhport_init+0x20>
1000642c:	780a      	ldrb	r2, [r1, #0]
1000642e:	2a00      	cmp	r2, #0
10006430:	d004      	beq.n	1000643c <tusb_rhport_init+0x20>
10006432:	480c      	ldr	r0, [pc, #48]	@ (10006464 <tusb_rhport_init+0x48>)
10006434:	54c2      	strb	r2, [r0, r3]
10006436:	2001      	movs	r0, #1
10006438:	2a01      	cmp	r2, #1
1000643a:	d001      	beq.n	10006440 <tusb_rhport_init+0x24>
1000643c:	b003      	add	sp, #12
1000643e:	bd00      	pop	{pc}
10006440:	0018      	movs	r0, r3
10006442:	f7fe fdd5 	bl	10004ff0 <tud_rhport_init>
10006446:	e7f9      	b.n	1000643c <tusb_rhport_init+0x20>
10006448:	2301      	movs	r3, #1
1000644a:	466a      	mov	r2, sp
1000644c:	2000      	movs	r0, #0
1000644e:	a901      	add	r1, sp, #4
10006450:	8093      	strh	r3, [r2, #4]
10006452:	f7fe fdcd 	bl	10004ff0 <tud_rhport_init>
10006456:	2800      	cmp	r0, #0
10006458:	d0f0      	beq.n	1000643c <tusb_rhport_init+0x20>
1000645a:	2201      	movs	r2, #1
1000645c:	4b01      	ldr	r3, [pc, #4]	@ (10006464 <tusb_rhport_init+0x48>)
1000645e:	701a      	strb	r2, [r3, #0]
10006460:	e7ec      	b.n	1000643c <tusb_rhport_init+0x20>
10006462:	46c0      	nop			@ (mov r8, r8)
10006464:	200021dc 	.word	0x200021dc

10006468 <tu_edpt_claim>:
10006468:	7803      	ldrb	r3, [r0, #0]
1000646a:	b570      	push	{r4, r5, r6, lr}
1000646c:	07db      	lsls	r3, r3, #31
1000646e:	0004      	movs	r4, r0
10006470:	000e      	movs	r6, r1
10006472:	0fdd      	lsrs	r5, r3, #31
10006474:	2b00      	cmp	r3, #0
10006476:	d117      	bne.n	100064a8 <tu_edpt_claim+0x40>
10006478:	7803      	ldrb	r3, [r0, #0]
1000647a:	075b      	lsls	r3, r3, #29
1000647c:	d501      	bpl.n	10006482 <tu_edpt_claim+0x1a>
1000647e:	0028      	movs	r0, r5
10006480:	bd70      	pop	{r4, r5, r6, pc}
10006482:	2101      	movs	r1, #1
10006484:	0030      	movs	r0, r6
10006486:	4249      	negs	r1, r1
10006488:	f000 fc6e 	bl	10006d68 <__mutex_enter_timeout_ms_veneer>
1000648c:	7823      	ldrb	r3, [r4, #0]
1000648e:	07db      	lsls	r3, r3, #31
10006490:	0fdd      	lsrs	r5, r3, #31
10006492:	2b00      	cmp	r3, #0
10006494:	d10a      	bne.n	100064ac <tu_edpt_claim+0x44>
10006496:	7823      	ldrb	r3, [r4, #0]
10006498:	075b      	lsls	r3, r3, #29
1000649a:	d408      	bmi.n	100064ae <tu_edpt_claim+0x46>
1000649c:	2204      	movs	r2, #4
1000649e:	7823      	ldrb	r3, [r4, #0]
100064a0:	2501      	movs	r5, #1
100064a2:	4313      	orrs	r3, r2
100064a4:	7023      	strb	r3, [r4, #0]
100064a6:	e002      	b.n	100064ae <tu_edpt_claim+0x46>
100064a8:	2500      	movs	r5, #0
100064aa:	e7e8      	b.n	1000647e <tu_edpt_claim+0x16>
100064ac:	2500      	movs	r5, #0
100064ae:	0030      	movs	r0, r6
100064b0:	f000 fc3a 	bl	10006d28 <__mutex_exit_veneer>
100064b4:	e7e3      	b.n	1000647e <tu_edpt_claim+0x16>
100064b6:	46c0      	nop			@ (mov r8, r8)

100064b8 <tu_edpt_release>:
100064b8:	b570      	push	{r4, r5, r6, lr}
100064ba:	000c      	movs	r4, r1
100064bc:	2101      	movs	r1, #1
100064be:	0006      	movs	r6, r0
100064c0:	4249      	negs	r1, r1
100064c2:	0020      	movs	r0, r4
100064c4:	f000 fc50 	bl	10006d68 <__mutex_enter_timeout_ms_veneer>
100064c8:	7833      	ldrb	r3, [r6, #0]
100064ca:	075b      	lsls	r3, r3, #29
100064cc:	0fdd      	lsrs	r5, r3, #31
100064ce:	2b00      	cmp	r3, #0
100064d0:	db04      	blt.n	100064dc <tu_edpt_release+0x24>
100064d2:	0020      	movs	r0, r4
100064d4:	f000 fc28 	bl	10006d28 <__mutex_exit_veneer>
100064d8:	0028      	movs	r0, r5
100064da:	bd70      	pop	{r4, r5, r6, pc}
100064dc:	7833      	ldrb	r3, [r6, #0]
100064de:	07db      	lsls	r3, r3, #31
100064e0:	d404      	bmi.n	100064ec <tu_edpt_release+0x34>
100064e2:	2204      	movs	r2, #4
100064e4:	7833      	ldrb	r3, [r6, #0]
100064e6:	4393      	bics	r3, r2
100064e8:	7033      	strb	r3, [r6, #0]
100064ea:	e7f2      	b.n	100064d2 <tu_edpt_release+0x1a>
100064ec:	2500      	movs	r5, #0
100064ee:	e7f0      	b.n	100064d2 <tu_edpt_release+0x1a>

100064f0 <tu_edpt_validate>:
100064f0:	7943      	ldrb	r3, [r0, #5]
100064f2:	7902      	ldrb	r2, [r0, #4]
100064f4:	021b      	lsls	r3, r3, #8
100064f6:	4313      	orrs	r3, r2
100064f8:	78c2      	ldrb	r2, [r0, #3]
100064fa:	055b      	lsls	r3, r3, #21
100064fc:	0792      	lsls	r2, r2, #30
100064fe:	0d5b      	lsrs	r3, r3, #21
10006500:	0f92      	lsrs	r2, r2, #30
10006502:	2a02      	cmp	r2, #2
10006504:	d01d      	beq.n	10006542 <tu_edpt_validate+0x52>
10006506:	2a03      	cmp	r2, #3
10006508:	d00c      	beq.n	10006524 <tu_edpt_validate+0x34>
1000650a:	2000      	movs	r0, #0
1000650c:	2a01      	cmp	r2, #1
1000650e:	d108      	bne.n	10006522 <tu_edpt_validate+0x32>
10006510:	3902      	subs	r1, #2
10006512:	424a      	negs	r2, r1
10006514:	4151      	adcs	r1, r2
10006516:	4a12      	ldr	r2, [pc, #72]	@ (10006560 <tu_edpt_validate+0x70>)
10006518:	4694      	mov	ip, r2
1000651a:	4461      	add	r1, ip
1000651c:	4299      	cmp	r1, r3
1000651e:	4140      	adcs	r0, r0
10006520:	b2c0      	uxtb	r0, r0
10006522:	4770      	bx	lr
10006524:	3902      	subs	r1, #2
10006526:	1e4a      	subs	r2, r1, #1
10006528:	4191      	sbcs	r1, r2
1000652a:	4a0e      	ldr	r2, [pc, #56]	@ (10006564 <tu_edpt_validate+0x74>)
1000652c:	4249      	negs	r1, r1
1000652e:	4011      	ands	r1, r2
10006530:	2280      	movs	r2, #128	@ 0x80
10006532:	00d2      	lsls	r2, r2, #3
10006534:	4694      	mov	ip, r2
10006536:	2000      	movs	r0, #0
10006538:	4461      	add	r1, ip
1000653a:	4299      	cmp	r1, r3
1000653c:	4140      	adcs	r0, r0
1000653e:	b2c0      	uxtb	r0, r0
10006540:	e7ef      	b.n	10006522 <tu_edpt_validate+0x32>
10006542:	2902      	cmp	r1, #2
10006544:	d005      	beq.n	10006552 <tu_edpt_validate+0x62>
10006546:	2000      	movs	r0, #0
10006548:	2240      	movs	r2, #64	@ 0x40
1000654a:	429a      	cmp	r2, r3
1000654c:	4140      	adcs	r0, r0
1000654e:	b2c0      	uxtb	r0, r0
10006550:	e7e7      	b.n	10006522 <tu_edpt_validate+0x32>
10006552:	4a05      	ldr	r2, [pc, #20]	@ (10006568 <tu_edpt_validate+0x78>)
10006554:	1898      	adds	r0, r3, r2
10006556:	4243      	negs	r3, r0
10006558:	4158      	adcs	r0, r3
1000655a:	b2c0      	uxtb	r0, r0
1000655c:	e7e1      	b.n	10006522 <tu_edpt_validate+0x32>
1000655e:	46c0      	nop			@ (mov r8, r8)
10006560:	000003ff 	.word	0x000003ff
10006564:	fffffc40 	.word	0xfffffc40
10006568:	fffffe00 	.word	0xfffffe00

1000656c <tu_edpt_bind_driver>:
1000656c:	188a      	adds	r2, r1, r2
1000656e:	b570      	push	{r4, r5, r6, lr}
10006570:	4291      	cmp	r1, r2
10006572:	d207      	bcs.n	10006584 <tu_edpt_bind_driver+0x18>
10006574:	267f      	movs	r6, #127	@ 0x7f
10006576:	784c      	ldrb	r4, [r1, #1]
10006578:	2c05      	cmp	r4, #5
1000657a:	d004      	beq.n	10006586 <tu_edpt_bind_driver+0x1a>
1000657c:	780c      	ldrb	r4, [r1, #0]
1000657e:	1909      	adds	r1, r1, r4
10006580:	428a      	cmp	r2, r1
10006582:	d8f8      	bhi.n	10006576 <tu_edpt_bind_driver+0xa>
10006584:	bd70      	pop	{r4, r5, r6, pc}
10006586:	0034      	movs	r4, r6
10006588:	788d      	ldrb	r5, [r1, #2]
1000658a:	402c      	ands	r4, r5
1000658c:	0064      	lsls	r4, r4, #1
1000658e:	1904      	adds	r4, r0, r4
10006590:	09ed      	lsrs	r5, r5, #7
10006592:	5563      	strb	r3, [r4, r5]
10006594:	780c      	ldrb	r4, [r1, #0]
10006596:	1909      	adds	r1, r1, r4
10006598:	428a      	cmp	r2, r1
1000659a:	d8ec      	bhi.n	10006576 <tu_edpt_bind_driver+0xa>
1000659c:	e7f2      	b.n	10006584 <tu_edpt_bind_driver+0x18>
1000659e:	46c0      	nop			@ (mov r8, r8)

100065a0 <tu_edpt_stream_init>:
100065a0:	b5f0      	push	{r4, r5, r6, r7, lr}
100065a2:	46c6      	mov	lr, r8
100065a4:	b500      	push	{lr}
100065a6:	b082      	sub	sp, #8
100065a8:	0015      	movs	r5, r2
100065aa:	aa08      	add	r2, sp, #32
100065ac:	ca40      	ldmia	r2!, {r6}
100065ae:	0004      	movs	r4, r0
100065b0:	8817      	ldrh	r7, [r2, #0]
100065b2:	466a      	mov	r2, sp
100065b4:	8d92      	ldrh	r2, [r2, #44]	@ 0x2c
100065b6:	2001      	movs	r0, #1
100065b8:	4690      	mov	r8, r2
100065ba:	000a      	movs	r2, r1
100065bc:	7821      	ldrb	r1, [r4, #0]
100065be:	4002      	ands	r2, r0
100065c0:	4381      	bics	r1, r0
100065c2:	0020      	movs	r0, r4
100065c4:	4311      	orrs	r1, r2
100065c6:	7021      	strb	r1, [r4, #0]
100065c8:	003a      	movs	r2, r7
100065ca:	9300      	str	r3, [sp, #0]
100065cc:	0031      	movs	r1, r6
100065ce:	2301      	movs	r3, #1
100065d0:	3008      	adds	r0, #8
100065d2:	f000 f8f1 	bl	100067b8 <tu_fifo_config>
100065d6:	2e00      	cmp	r6, #0
100065d8:	d001      	beq.n	100065de <tu_edpt_stream_init+0x3e>
100065da:	2f00      	cmp	r7, #0
100065dc:	d108      	bne.n	100065f0 <tu_edpt_stream_init+0x50>
100065de:	9b0a      	ldr	r3, [sp, #40]	@ 0x28
100065e0:	2001      	movs	r0, #1
100065e2:	6063      	str	r3, [r4, #4]
100065e4:	4643      	mov	r3, r8
100065e6:	8063      	strh	r3, [r4, #2]
100065e8:	b002      	add	sp, #8
100065ea:	bc80      	pop	{r7}
100065ec:	46b8      	mov	r8, r7
100065ee:	bdf0      	pop	{r4, r5, r6, r7, pc}
100065f0:	0026      	movs	r6, r4
100065f2:	361c      	adds	r6, #28
100065f4:	0030      	movs	r0, r6
100065f6:	f7fa faaf 	bl	10000b58 <mutex_init>
100065fa:	2300      	movs	r3, #0
100065fc:	2d00      	cmp	r5, #0
100065fe:	d001      	beq.n	10006604 <tu_edpt_stream_init+0x64>
10006600:	0033      	movs	r3, r6
10006602:	2600      	movs	r6, #0
10006604:	6163      	str	r3, [r4, #20]
10006606:	61a6      	str	r6, [r4, #24]
10006608:	e7e9      	b.n	100065de <tu_edpt_stream_init+0x3e>
1000660a:	46c0      	nop			@ (mov r8, r8)

1000660c <tu_edpt_stream_deinit>:
1000660c:	2001      	movs	r0, #1
1000660e:	4770      	bx	lr

10006610 <tu_edpt_stream_write_zlp_if_needed>:
10006610:	b5f8      	push	{r3, r4, r5, r6, r7, lr}
10006612:	2402      	movs	r4, #2
10006614:	780b      	ldrb	r3, [r1, #0]
10006616:	0007      	movs	r7, r0
10006618:	401c      	ands	r4, r3
1000661a:	4263      	negs	r3, r4
1000661c:	415c      	adcs	r4, r3
1000661e:	4b14      	ldr	r3, [pc, #80]	@ (10006670 <tu_edpt_stream_write_zlp_if_needed+0x60>)
10006620:	4264      	negs	r4, r4
10006622:	401c      	ands	r4, r3
10006624:	4b13      	ldr	r3, [pc, #76]	@ (10006674 <tu_edpt_stream_write_zlp_if_needed+0x64>)
10006626:	0008      	movs	r0, r1
10006628:	469c      	mov	ip, r3
1000662a:	3008      	adds	r0, #8
1000662c:	000d      	movs	r5, r1
1000662e:	0016      	movs	r6, r2
10006630:	4464      	add	r4, ip
10006632:	f000 f8f7 	bl	10006824 <tu_fifo_count>
10006636:	2800      	cmp	r0, #0
10006638:	d107      	bne.n	1000664a <tu_edpt_stream_write_zlp_if_needed+0x3a>
1000663a:	2e00      	cmp	r6, #0
1000663c:	d005      	beq.n	1000664a <tu_edpt_stream_write_zlp_if_needed+0x3a>
1000663e:	4234      	tst	r4, r6
10006640:	d103      	bne.n	1000664a <tu_edpt_stream_write_zlp_if_needed+0x3a>
10006642:	2401      	movs	r4, #1
10006644:	782b      	ldrb	r3, [r5, #0]
10006646:	421c      	tst	r4, r3
10006648:	d001      	beq.n	1000664e <tu_edpt_stream_write_zlp_if_needed+0x3e>
1000664a:	2000      	movs	r0, #0
1000664c:	bdf8      	pop	{r3, r4, r5, r6, r7, pc}
1000664e:	0038      	movs	r0, r7
10006650:	7869      	ldrb	r1, [r5, #1]
10006652:	f7ff f9af 	bl	100059b4 <usbd_edpt_claim>
10006656:	2800      	cmp	r0, #0
10006658:	d0f7      	beq.n	1000664a <tu_edpt_stream_write_zlp_if_needed+0x3a>
1000665a:	782b      	ldrb	r3, [r5, #0]
1000665c:	421c      	tst	r4, r3
1000665e:	d1f4      	bne.n	1000664a <tu_edpt_stream_write_zlp_if_needed+0x3a>
10006660:	2300      	movs	r3, #0
10006662:	2200      	movs	r2, #0
10006664:	0038      	movs	r0, r7
10006666:	7869      	ldrb	r1, [r5, #1]
10006668:	f7ff f9cc 	bl	10005a04 <usbd_edpt_xfer>
1000666c:	e7ee      	b.n	1000664c <tu_edpt_stream_write_zlp_if_needed+0x3c>
1000666e:	46c0      	nop			@ (mov r8, r8)
10006670:	fffffe40 	.word	0xfffffe40
10006674:	000001ff 	.word	0x000001ff

10006678 <tu_edpt_stream_write_xfer>:
10006678:	b5f8      	push	{r3, r4, r5, r6, r7, lr}
1000667a:	000d      	movs	r5, r1
1000667c:	3508      	adds	r5, #8
1000667e:	0006      	movs	r6, r0
10006680:	0028      	movs	r0, r5
10006682:	000c      	movs	r4, r1
10006684:	f000 f8ce 	bl	10006824 <tu_fifo_count>
10006688:	2800      	cmp	r0, #0
1000668a:	d003      	beq.n	10006694 <tu_edpt_stream_write_xfer+0x1c>
1000668c:	2701      	movs	r7, #1
1000668e:	7823      	ldrb	r3, [r4, #0]
10006690:	421f      	tst	r7, r3
10006692:	d001      	beq.n	10006698 <tu_edpt_stream_write_xfer+0x20>
10006694:	2000      	movs	r0, #0
10006696:	bdf8      	pop	{r3, r4, r5, r6, r7, pc}
10006698:	0030      	movs	r0, r6
1000669a:	7861      	ldrb	r1, [r4, #1]
1000669c:	f7ff f98a 	bl	100059b4 <usbd_edpt_claim>
100066a0:	2800      	cmp	r0, #0
100066a2:	d0f7      	beq.n	10006694 <tu_edpt_stream_write_xfer+0x1c>
100066a4:	0028      	movs	r0, r5
100066a6:	8862      	ldrh	r2, [r4, #2]
100066a8:	6861      	ldr	r1, [r4, #4]
100066aa:	f000 f93d 	bl	10006928 <tu_fifo_read_n>
100066ae:	7823      	ldrb	r3, [r4, #0]
100066b0:	0005      	movs	r5, r0
100066b2:	401f      	ands	r7, r3
100066b4:	2800      	cmp	r0, #0
100066b6:	d00b      	beq.n	100066d0 <tu_edpt_stream_write_xfer+0x58>
100066b8:	2f00      	cmp	r7, #0
100066ba:	d1eb      	bne.n	10006694 <tu_edpt_stream_write_xfer+0x1c>
100066bc:	0003      	movs	r3, r0
100066be:	6862      	ldr	r2, [r4, #4]
100066c0:	0030      	movs	r0, r6
100066c2:	7861      	ldrb	r1, [r4, #1]
100066c4:	f7ff f99e 	bl	10005a04 <usbd_edpt_xfer>
100066c8:	2800      	cmp	r0, #0
100066ca:	d0e3      	beq.n	10006694 <tu_edpt_stream_write_xfer+0x1c>
100066cc:	0028      	movs	r0, r5
100066ce:	e7e2      	b.n	10006696 <tu_edpt_stream_write_xfer+0x1e>
100066d0:	2f00      	cmp	r7, #0
100066d2:	d1df      	bne.n	10006694 <tu_edpt_stream_write_xfer+0x1c>
100066d4:	0030      	movs	r0, r6
100066d6:	7861      	ldrb	r1, [r4, #1]
100066d8:	f7ff f980 	bl	100059dc <usbd_edpt_release>
100066dc:	e7da      	b.n	10006694 <tu_edpt_stream_write_xfer+0x1c>
100066de:	46c0      	nop			@ (mov r8, r8)

100066e0 <tu_edpt_stream_read_xfer>:
100066e0:	b5f8      	push	{r3, r4, r5, r6, r7, lr}
100066e2:	46ce      	mov	lr, r9
100066e4:	4647      	mov	r7, r8
100066e6:	b580      	push	{r7, lr}
100066e8:	898a      	ldrh	r2, [r1, #12]
100066ea:	0006      	movs	r6, r0
100066ec:	000c      	movs	r4, r1
100066ee:	780b      	ldrb	r3, [r1, #0]
100066f0:	2a00      	cmp	r2, #0
100066f2:	d107      	bne.n	10006704 <tu_edpt_stream_read_xfer+0x24>
100066f4:	2501      	movs	r5, #1
100066f6:	421d      	tst	r5, r3
100066f8:	d040      	beq.n	1000677c <tu_edpt_stream_read_xfer+0x9c>
100066fa:	2000      	movs	r0, #0
100066fc:	bcc0      	pop	{r6, r7}
100066fe:	46b9      	mov	r9, r7
10006700:	46b0      	mov	r8, r6
10006702:	bdf8      	pop	{r3, r4, r5, r6, r7, pc}
10006704:	079b      	lsls	r3, r3, #30
10006706:	d433      	bmi.n	10006770 <tu_edpt_stream_read_xfer+0x90>
10006708:	4b2a      	ldr	r3, [pc, #168]	@ (100067b4 <tu_edpt_stream_read_xfer+0xd4>)
1000670a:	2540      	movs	r5, #64	@ 0x40
1000670c:	4699      	mov	r9, r3
1000670e:	0027      	movs	r7, r4
10006710:	3708      	adds	r7, #8
10006712:	0038      	movs	r0, r7
10006714:	f000 f8a4 	bl	10006860 <tu_fifo_remaining>
10006718:	4285      	cmp	r5, r0
1000671a:	d8ee      	bhi.n	100066fa <tu_edpt_stream_read_xfer+0x1a>
1000671c:	2201      	movs	r2, #1
1000671e:	7823      	ldrb	r3, [r4, #0]
10006720:	4690      	mov	r8, r2
10006722:	421a      	tst	r2, r3
10006724:	d1e9      	bne.n	100066fa <tu_edpt_stream_read_xfer+0x1a>
10006726:	0030      	movs	r0, r6
10006728:	7861      	ldrb	r1, [r4, #1]
1000672a:	f7ff f943 	bl	100059b4 <usbd_edpt_claim>
1000672e:	2800      	cmp	r0, #0
10006730:	d0e3      	beq.n	100066fa <tu_edpt_stream_read_xfer+0x1a>
10006732:	0038      	movs	r0, r7
10006734:	f000 f894 	bl	10006860 <tu_fifo_remaining>
10006738:	4642      	mov	r2, r8
1000673a:	7823      	ldrb	r3, [r4, #0]
1000673c:	401a      	ands	r2, r3
1000673e:	4285      	cmp	r5, r0
10006740:	d831      	bhi.n	100067a6 <tu_edpt_stream_read_xfer+0xc6>
10006742:	2a00      	cmp	r2, #0
10006744:	d1d9      	bne.n	100066fa <tu_edpt_stream_read_xfer+0x1a>
10006746:	464a      	mov	r2, r9
10006748:	8863      	ldrh	r3, [r4, #2]
1000674a:	4002      	ands	r2, r0
1000674c:	1c1d      	adds	r5, r3, #0
1000674e:	4293      	cmp	r3, r2
10006750:	d900      	bls.n	10006754 <tu_edpt_stream_read_xfer+0x74>
10006752:	1c15      	adds	r5, r2, #0
10006754:	b2ad      	uxth	r5, r5
10006756:	2200      	movs	r2, #0
10006758:	7861      	ldrb	r1, [r4, #1]
1000675a:	2d00      	cmp	r5, #0
1000675c:	d000      	beq.n	10006760 <tu_edpt_stream_read_xfer+0x80>
1000675e:	6862      	ldr	r2, [r4, #4]
10006760:	002b      	movs	r3, r5
10006762:	0030      	movs	r0, r6
10006764:	f7ff f94e 	bl	10005a04 <usbd_edpt_xfer>
10006768:	2800      	cmp	r0, #0
1000676a:	d0c6      	beq.n	100066fa <tu_edpt_stream_read_xfer+0x1a>
1000676c:	0028      	movs	r0, r5
1000676e:	e7c5      	b.n	100066fc <tu_edpt_stream_read_xfer+0x1c>
10006770:	23fe      	movs	r3, #254	@ 0xfe
10006772:	2580      	movs	r5, #128	@ 0x80
10006774:	021b      	lsls	r3, r3, #8
10006776:	4699      	mov	r9, r3
10006778:	00ad      	lsls	r5, r5, #2
1000677a:	e7c8      	b.n	1000670e <tu_edpt_stream_read_xfer+0x2e>
1000677c:	7849      	ldrb	r1, [r1, #1]
1000677e:	f7ff f919 	bl	100059b4 <usbd_edpt_claim>
10006782:	2800      	cmp	r0, #0
10006784:	d0b9      	beq.n	100066fa <tu_edpt_stream_read_xfer+0x1a>
10006786:	7823      	ldrb	r3, [r4, #0]
10006788:	421d      	tst	r5, r3
1000678a:	d1b6      	bne.n	100066fa <tu_edpt_stream_read_xfer+0x1a>
1000678c:	8863      	ldrh	r3, [r4, #2]
1000678e:	2200      	movs	r2, #0
10006790:	7861      	ldrb	r1, [r4, #1]
10006792:	2b00      	cmp	r3, #0
10006794:	d000      	beq.n	10006798 <tu_edpt_stream_read_xfer+0xb8>
10006796:	6862      	ldr	r2, [r4, #4]
10006798:	0030      	movs	r0, r6
1000679a:	f7ff f933 	bl	10005a04 <usbd_edpt_xfer>
1000679e:	2800      	cmp	r0, #0
100067a0:	d0ab      	beq.n	100066fa <tu_edpt_stream_read_xfer+0x1a>
100067a2:	8860      	ldrh	r0, [r4, #2]
100067a4:	e7aa      	b.n	100066fc <tu_edpt_stream_read_xfer+0x1c>
100067a6:	2a00      	cmp	r2, #0
100067a8:	d1a7      	bne.n	100066fa <tu_edpt_stream_read_xfer+0x1a>
100067aa:	0030      	movs	r0, r6
100067ac:	7861      	ldrb	r1, [r4, #1]
100067ae:	f7ff f915 	bl	100059dc <usbd_edpt_release>
100067b2:	e7a2      	b.n	100066fa <tu_edpt_stream_read_xfer+0x1a>
100067b4:	0000ffc0 	.word	0x0000ffc0

100067b8 <tu_fifo_config>:
100067b8:	b5f0      	push	{r4, r5, r6, r7, lr}
100067ba:	46c6      	mov	lr, r8
100067bc:	b500      	push	{lr}
100067be:	0004      	movs	r4, r0
100067c0:	4668      	mov	r0, sp
100067c2:	7e05      	ldrb	r5, [r0, #24]
100067c4:	2080      	movs	r0, #128	@ 0x80
100067c6:	4688      	mov	r8, r1
100067c8:	0017      	movs	r7, r2
100067ca:	001e      	movs	r6, r3
100067cc:	0200      	lsls	r0, r0, #8
100067ce:	4282      	cmp	r2, r0
100067d0:	d826      	bhi.n	10006820 <tu_fifo_config+0x68>
100067d2:	68e0      	ldr	r0, [r4, #12]
100067d4:	2800      	cmp	r0, #0
100067d6:	d003      	beq.n	100067e0 <tu_fifo_config+0x28>
100067d8:	2101      	movs	r1, #1
100067da:	4249      	negs	r1, r1
100067dc:	f000 fac4 	bl	10006d68 <__mutex_enter_timeout_ms_veneer>
100067e0:	6920      	ldr	r0, [r4, #16]
100067e2:	2800      	cmp	r0, #0
100067e4:	d003      	beq.n	100067ee <tu_fifo_config+0x36>
100067e6:	2101      	movs	r1, #1
100067e8:	4249      	negs	r1, r1
100067ea:	f000 fabd 	bl	10006d68 <__mutex_enter_timeout_ms_veneer>
100067ee:	4643      	mov	r3, r8
100067f0:	6023      	str	r3, [r4, #0]
100067f2:	0473      	lsls	r3, r6, #17
100067f4:	0c5b      	lsrs	r3, r3, #17
100067f6:	03ed      	lsls	r5, r5, #15
100067f8:	431d      	orrs	r5, r3
100067fa:	2300      	movs	r3, #0
100067fc:	68e0      	ldr	r0, [r4, #12]
100067fe:	8163      	strh	r3, [r4, #10]
10006800:	80a7      	strh	r7, [r4, #4]
10006802:	80e5      	strh	r5, [r4, #6]
10006804:	8123      	strh	r3, [r4, #8]
10006806:	2800      	cmp	r0, #0
10006808:	d001      	beq.n	1000680e <tu_fifo_config+0x56>
1000680a:	f000 fa8d 	bl	10006d28 <__mutex_exit_veneer>
1000680e:	6920      	ldr	r0, [r4, #16]
10006810:	2800      	cmp	r0, #0
10006812:	d001      	beq.n	10006818 <tu_fifo_config+0x60>
10006814:	f000 fa88 	bl	10006d28 <__mutex_exit_veneer>
10006818:	2001      	movs	r0, #1
1000681a:	bc80      	pop	{r7}
1000681c:	46b8      	mov	r8, r7
1000681e:	bdf0      	pop	{r4, r5, r6, r7, pc}
10006820:	2000      	movs	r0, #0
10006822:	e7fa      	b.n	1000681a <tu_fifo_config+0x62>

10006824 <tu_fifo_count>:
10006824:	b510      	push	{r4, lr}
10006826:	8904      	ldrh	r4, [r0, #8]
10006828:	8941      	ldrh	r1, [r0, #10]
1000682a:	8882      	ldrh	r2, [r0, #4]
1000682c:	b2a3      	uxth	r3, r4
1000682e:	b288      	uxth	r0, r1
10006830:	428c      	cmp	r4, r1
10006832:	d307      	bcc.n	10006844 <tu_fifo_count+0x20>
10006834:	1a1b      	subs	r3, r3, r0
10006836:	b29b      	uxth	r3, r3
10006838:	1c10      	adds	r0, r2, #0
1000683a:	429a      	cmp	r2, r3
1000683c:	d900      	bls.n	10006840 <tu_fifo_count+0x1c>
1000683e:	1c18      	adds	r0, r3, #0
10006840:	b280      	uxth	r0, r0
10006842:	bd10      	pop	{r4, pc}
10006844:	0051      	lsls	r1, r2, #1
10006846:	1a09      	subs	r1, r1, r0
10006848:	185b      	adds	r3, r3, r1
1000684a:	b29b      	uxth	r3, r3
1000684c:	e7f4      	b.n	10006838 <tu_fifo_count+0x14>
1000684e:	46c0      	nop			@ (mov r8, r8)

10006850 <tu_fifo_empty>:
10006850:	8903      	ldrh	r3, [r0, #8]
10006852:	8940      	ldrh	r0, [r0, #10]
10006854:	1a18      	subs	r0, r3, r0
10006856:	4243      	negs	r3, r0
10006858:	4158      	adcs	r0, r3
1000685a:	b2c0      	uxtb	r0, r0
1000685c:	4770      	bx	lr
1000685e:	46c0      	nop			@ (mov r8, r8)

10006860 <tu_fifo_remaining>:
10006860:	b510      	push	{r4, lr}
10006862:	8904      	ldrh	r4, [r0, #8]
10006864:	8941      	ldrh	r1, [r0, #10]
10006866:	8882      	ldrh	r2, [r0, #4]
10006868:	b2a3      	uxth	r3, r4
1000686a:	b288      	uxth	r0, r1
1000686c:	428c      	cmp	r4, r1
1000686e:	d307      	bcc.n	10006880 <tu_fifo_remaining+0x20>
10006870:	1a1b      	subs	r3, r3, r0
10006872:	b29b      	uxth	r3, r3
10006874:	2000      	movs	r0, #0
10006876:	429a      	cmp	r2, r3
10006878:	d901      	bls.n	1000687e <tu_fifo_remaining+0x1e>
1000687a:	1ad2      	subs	r2, r2, r3
1000687c:	b290      	uxth	r0, r2
1000687e:	bd10      	pop	{r4, pc}
10006880:	0051      	lsls	r1, r2, #1
10006882:	1a09      	subs	r1, r1, r0
10006884:	185b      	adds	r3, r3, r1
10006886:	b29b      	uxth	r3, r3
10006888:	e7f4      	b.n	10006874 <tu_fifo_remaining+0x14>
1000688a:	46c0      	nop			@ (mov r8, r8)

1000688c <tu_fifo_read>:
1000688c:	b570      	push	{r4, r5, r6, lr}
1000688e:	0004      	movs	r4, r0
10006890:	6900      	ldr	r0, [r0, #16]
10006892:	000e      	movs	r6, r1
10006894:	2800      	cmp	r0, #0
10006896:	d003      	beq.n	100068a0 <tu_fifo_read+0x14>
10006898:	2101      	movs	r1, #1
1000689a:	4249      	negs	r1, r1
1000689c:	f000 fa64 	bl	10006d68 <__mutex_enter_timeout_ms_veneer>
100068a0:	8925      	ldrh	r5, [r4, #8]
100068a2:	8960      	ldrh	r0, [r4, #10]
100068a4:	88a2      	ldrh	r2, [r4, #4]
100068a6:	b2a9      	uxth	r1, r5
100068a8:	b283      	uxth	r3, r0
100068aa:	4285      	cmp	r5, r0
100068ac:	d332      	bcc.n	10006914 <tu_fifo_read+0x88>
100068ae:	1acd      	subs	r5, r1, r3
100068b0:	b2ad      	uxth	r5, r5
100068b2:	2d00      	cmp	r5, #0
100068b4:	d028      	beq.n	10006908 <tu_fifo_read+0x7c>
100068b6:	42aa      	cmp	r2, r5
100068b8:	d208      	bcs.n	100068cc <tu_fifo_read+0x40>
100068ba:	4291      	cmp	r1, r2
100068bc:	d32f      	bcc.n	1000691e <tu_fifo_read+0x92>
100068be:	1a89      	subs	r1, r1, r2
100068c0:	b28b      	uxth	r3, r1
100068c2:	8163      	strh	r3, [r4, #10]
100068c4:	429a      	cmp	r2, r3
100068c6:	d803      	bhi.n	100068d0 <tu_fifo_read+0x44>
100068c8:	1a9b      	subs	r3, r3, r2
100068ca:	b29b      	uxth	r3, r3
100068cc:	429a      	cmp	r2, r3
100068ce:	d9fb      	bls.n	100068c8 <tu_fifo_read+0x3c>
100068d0:	88e2      	ldrh	r2, [r4, #6]
100068d2:	6821      	ldr	r1, [r4, #0]
100068d4:	0452      	lsls	r2, r2, #17
100068d6:	0c52      	lsrs	r2, r2, #17
100068d8:	4353      	muls	r3, r2
100068da:	0030      	movs	r0, r6
100068dc:	18c9      	adds	r1, r1, r3
100068de:	f7fb ff73 	bl	100027c8 <__wrap___aeabi_memcpy>
100068e2:	8963      	ldrh	r3, [r4, #10]
100068e4:	2501      	movs	r5, #1
100068e6:	1c59      	adds	r1, r3, #1
100068e8:	b289      	uxth	r1, r1
100068ea:	88a2      	ldrh	r2, [r4, #4]
100068ec:	428b      	cmp	r3, r1
100068ee:	d90d      	bls.n	1000690c <tu_fifo_read+0x80>
100068f0:	2100      	movs	r1, #0
100068f2:	0052      	lsls	r2, r2, #1
100068f4:	1a89      	subs	r1, r1, r2
100068f6:	b289      	uxth	r1, r1
100068f8:	6920      	ldr	r0, [r4, #16]
100068fa:	8161      	strh	r1, [r4, #10]
100068fc:	2800      	cmp	r0, #0
100068fe:	d001      	beq.n	10006904 <tu_fifo_read+0x78>
10006900:	f000 fa12 	bl	10006d28 <__mutex_exit_veneer>
10006904:	0028      	movs	r0, r5
10006906:	bd70      	pop	{r4, r5, r6, pc}
10006908:	8961      	ldrh	r1, [r4, #10]
1000690a:	b289      	uxth	r1, r1
1000690c:	0052      	lsls	r2, r2, #1
1000690e:	4291      	cmp	r1, r2
10006910:	dbf2      	blt.n	100068f8 <tu_fifo_read+0x6c>
10006912:	e7ef      	b.n	100068f4 <tu_fifo_read+0x68>
10006914:	0055      	lsls	r5, r2, #1
10006916:	1aed      	subs	r5, r5, r3
10006918:	194d      	adds	r5, r1, r5
1000691a:	b2ad      	uxth	r5, r5
1000691c:	e7c9      	b.n	100068b2 <tu_fifo_read+0x26>
1000691e:	1889      	adds	r1, r1, r2
10006920:	b28b      	uxth	r3, r1
10006922:	8163      	strh	r3, [r4, #10]
10006924:	e7ce      	b.n	100068c4 <tu_fifo_read+0x38>
10006926:	46c0      	nop			@ (mov r8, r8)

10006928 <tu_fifo_read_n>:
10006928:	b5f0      	push	{r4, r5, r6, r7, lr}
1000692a:	4646      	mov	r6, r8
1000692c:	464f      	mov	r7, r9
1000692e:	46d6      	mov	lr, sl
10006930:	b5c0      	push	{r6, r7, lr}
10006932:	0006      	movs	r6, r0
10006934:	6900      	ldr	r0, [r0, #16]
10006936:	4689      	mov	r9, r1
10006938:	4690      	mov	r8, r2
1000693a:	2800      	cmp	r0, #0
1000693c:	d003      	beq.n	10006946 <tu_fifo_read_n+0x1e>
1000693e:	2101      	movs	r1, #1
10006940:	4249      	negs	r1, r1
10006942:	f000 fa11 	bl	10006d68 <__mutex_enter_timeout_ms_veneer>
10006946:	8931      	ldrh	r1, [r6, #8]
10006948:	8972      	ldrh	r2, [r6, #10]
1000694a:	88b5      	ldrh	r5, [r6, #4]
1000694c:	b28b      	uxth	r3, r1
1000694e:	b294      	uxth	r4, r2
10006950:	4291      	cmp	r1, r2
10006952:	d354      	bcc.n	100069fe <tu_fifo_read_n+0xd6>
10006954:	1b1f      	subs	r7, r3, r4
10006956:	b2bf      	uxth	r7, r7
10006958:	2f00      	cmp	r7, #0
1000695a:	d04a      	beq.n	100069f2 <tu_fifo_read_n+0xca>
1000695c:	42bd      	cmp	r5, r7
1000695e:	d205      	bcs.n	1000696c <tu_fifo_read_n+0x44>
10006960:	42ab      	cmp	r3, r5
10006962:	d251      	bcs.n	10006a08 <tu_fifo_read_n+0xe0>
10006964:	195b      	adds	r3, r3, r5
10006966:	b29c      	uxth	r4, r3
10006968:	002f      	movs	r7, r5
1000696a:	8174      	strh	r4, [r6, #10]
1000696c:	4643      	mov	r3, r8
1000696e:	45b8      	cmp	r8, r7
10006970:	d83d      	bhi.n	100069ee <tu_fifo_read_n+0xc6>
10006972:	b29f      	uxth	r7, r3
10006974:	42a5      	cmp	r5, r4
10006976:	d803      	bhi.n	10006980 <tu_fifo_read_n+0x58>
10006978:	1b64      	subs	r4, r4, r5
1000697a:	b2a4      	uxth	r4, r4
1000697c:	42a5      	cmp	r5, r4
1000697e:	d9fb      	bls.n	10006978 <tu_fifo_read_n+0x50>
10006980:	88f2      	ldrh	r2, [r6, #6]
10006982:	6831      	ldr	r1, [r6, #0]
10006984:	0452      	lsls	r2, r2, #17
10006986:	0c52      	lsrs	r2, r2, #17
10006988:	4690      	mov	r8, r2
1000698a:	4362      	muls	r2, r4
1000698c:	1b2b      	subs	r3, r5, r4
1000698e:	b29b      	uxth	r3, r3
10006990:	1889      	adds	r1, r1, r2
10006992:	4642      	mov	r2, r8
10006994:	429f      	cmp	r7, r3
10006996:	d925      	bls.n	100069e4 <tu_fifo_read_n+0xbc>
10006998:	4353      	muls	r3, r2
1000699a:	b29b      	uxth	r3, r3
1000699c:	001a      	movs	r2, r3
1000699e:	4648      	mov	r0, r9
100069a0:	469a      	mov	sl, r3
100069a2:	f7fb ff11 	bl	100027c8 <__wrap___aeabi_memcpy>
100069a6:	4643      	mov	r3, r8
100069a8:	4648      	mov	r0, r9
100069aa:	1b7d      	subs	r5, r7, r5
100069ac:	1964      	adds	r4, r4, r5
100069ae:	435c      	muls	r4, r3
100069b0:	6831      	ldr	r1, [r6, #0]
100069b2:	4450      	add	r0, sl
100069b4:	b2a2      	uxth	r2, r4
100069b6:	f7fb ff07 	bl	100027c8 <__wrap___aeabi_memcpy>
100069ba:	8971      	ldrh	r1, [r6, #10]
100069bc:	88b5      	ldrh	r5, [r6, #4]
100069be:	19cb      	adds	r3, r1, r7
100069c0:	b29b      	uxth	r3, r3
100069c2:	006a      	lsls	r2, r5, #1
100069c4:	4299      	cmp	r1, r3
100069c6:	d916      	bls.n	100069f6 <tu_fifo_read_n+0xce>
100069c8:	1a9b      	subs	r3, r3, r2
100069ca:	b29b      	uxth	r3, r3
100069cc:	6930      	ldr	r0, [r6, #16]
100069ce:	8173      	strh	r3, [r6, #10]
100069d0:	2800      	cmp	r0, #0
100069d2:	d001      	beq.n	100069d8 <tu_fifo_read_n+0xb0>
100069d4:	f000 f9a8 	bl	10006d28 <__mutex_exit_veneer>
100069d8:	0038      	movs	r0, r7
100069da:	bce0      	pop	{r5, r6, r7}
100069dc:	46ba      	mov	sl, r7
100069de:	46b1      	mov	r9, r6
100069e0:	46a8      	mov	r8, r5
100069e2:	bdf0      	pop	{r4, r5, r6, r7, pc}
100069e4:	4648      	mov	r0, r9
100069e6:	437a      	muls	r2, r7
100069e8:	f7fb feee 	bl	100027c8 <__wrap___aeabi_memcpy>
100069ec:	e7e5      	b.n	100069ba <tu_fifo_read_n+0x92>
100069ee:	1c3b      	adds	r3, r7, #0
100069f0:	e7bf      	b.n	10006972 <tu_fifo_read_n+0x4a>
100069f2:	8973      	ldrh	r3, [r6, #10]
100069f4:	b29b      	uxth	r3, r3
100069f6:	006a      	lsls	r2, r5, #1
100069f8:	4293      	cmp	r3, r2
100069fa:	dbe7      	blt.n	100069cc <tu_fifo_read_n+0xa4>
100069fc:	e7e4      	b.n	100069c8 <tu_fifo_read_n+0xa0>
100069fe:	006f      	lsls	r7, r5, #1
10006a00:	1b3f      	subs	r7, r7, r4
10006a02:	19df      	adds	r7, r3, r7
10006a04:	b2bf      	uxth	r7, r7
10006a06:	e7a7      	b.n	10006958 <tu_fifo_read_n+0x30>
10006a08:	1b5b      	subs	r3, r3, r5
10006a0a:	b29c      	uxth	r4, r3
10006a0c:	e7ac      	b.n	10006968 <tu_fifo_read_n+0x40>
10006a0e:	46c0      	nop			@ (mov r8, r8)

10006a10 <tu_fifo_write>:
10006a10:	b5f8      	push	{r3, r4, r5, r6, r7, lr}
10006a12:	0004      	movs	r4, r0
10006a14:	68c0      	ldr	r0, [r0, #12]
10006a16:	000e      	movs	r6, r1
10006a18:	2800      	cmp	r0, #0
10006a1a:	d003      	beq.n	10006a24 <tu_fifo_write+0x14>
10006a1c:	2101      	movs	r1, #1
10006a1e:	4249      	negs	r1, r1
10006a20:	f000 f9a2 	bl	10006d68 <__mutex_enter_timeout_ms_veneer>
10006a24:	8925      	ldrh	r5, [r4, #8]
10006a26:	8920      	ldrh	r0, [r4, #8]
10006a28:	8961      	ldrh	r1, [r4, #10]
10006a2a:	88a2      	ldrh	r2, [r4, #4]
10006a2c:	b2ad      	uxth	r5, r5
10006a2e:	b283      	uxth	r3, r0
10006a30:	b28f      	uxth	r7, r1
10006a32:	4288      	cmp	r0, r1
10006a34:	d329      	bcc.n	10006a8a <tu_fifo_write+0x7a>
10006a36:	1bdb      	subs	r3, r3, r7
10006a38:	b29b      	uxth	r3, r3
10006a3a:	429a      	cmp	r2, r3
10006a3c:	d809      	bhi.n	10006a52 <tu_fifo_write+0x42>
10006a3e:	79e7      	ldrb	r7, [r4, #7]
10006a40:	09ff      	lsrs	r7, r7, #7
10006a42:	d106      	bne.n	10006a52 <tu_fifo_write+0x42>
10006a44:	68e0      	ldr	r0, [r4, #12]
10006a46:	2800      	cmp	r0, #0
10006a48:	d001      	beq.n	10006a4e <tu_fifo_write+0x3e>
10006a4a:	f000 f96d 	bl	10006d28 <__mutex_exit_veneer>
10006a4e:	0038      	movs	r0, r7
10006a50:	bdf8      	pop	{r3, r4, r5, r6, r7, pc}
10006a52:	002b      	movs	r3, r5
10006a54:	4295      	cmp	r5, r2
10006a56:	d31d      	bcc.n	10006a94 <tu_fifo_write+0x84>
10006a58:	1a9b      	subs	r3, r3, r2
10006a5a:	b29b      	uxth	r3, r3
10006a5c:	4293      	cmp	r3, r2
10006a5e:	d2fb      	bcs.n	10006a58 <tu_fifo_write+0x48>
10006a60:	88e2      	ldrh	r2, [r4, #6]
10006a62:	6820      	ldr	r0, [r4, #0]
10006a64:	0452      	lsls	r2, r2, #17
10006a66:	0c52      	lsrs	r2, r2, #17
10006a68:	4353      	muls	r3, r2
10006a6a:	0031      	movs	r1, r6
10006a6c:	18c0      	adds	r0, r0, r3
10006a6e:	f7fb feab 	bl	100027c8 <__wrap___aeabi_memcpy>
10006a72:	1c6b      	adds	r3, r5, #1
10006a74:	b29b      	uxth	r3, r3
10006a76:	88a2      	ldrh	r2, [r4, #4]
10006a78:	429d      	cmp	r5, r3
10006a7a:	d917      	bls.n	10006aac <tu_fifo_write+0x9c>
10006a7c:	2300      	movs	r3, #0
10006a7e:	0052      	lsls	r2, r2, #1
10006a80:	1a9b      	subs	r3, r3, r2
10006a82:	b29b      	uxth	r3, r3
10006a84:	2701      	movs	r7, #1
10006a86:	8123      	strh	r3, [r4, #8]
10006a88:	e7dc      	b.n	10006a44 <tu_fifo_write+0x34>
10006a8a:	0051      	lsls	r1, r2, #1
10006a8c:	1bc9      	subs	r1, r1, r7
10006a8e:	185b      	adds	r3, r3, r1
10006a90:	b29b      	uxth	r3, r3
10006a92:	e7d2      	b.n	10006a3a <tu_fifo_write+0x2a>
10006a94:	88e2      	ldrh	r2, [r4, #6]
10006a96:	6820      	ldr	r0, [r4, #0]
10006a98:	0452      	lsls	r2, r2, #17
10006a9a:	0c52      	lsrs	r2, r2, #17
10006a9c:	4353      	muls	r3, r2
10006a9e:	0031      	movs	r1, r6
10006aa0:	18c0      	adds	r0, r0, r3
10006aa2:	f7fb fe91 	bl	100027c8 <__wrap___aeabi_memcpy>
10006aa6:	3501      	adds	r5, #1
10006aa8:	88a2      	ldrh	r2, [r4, #4]
10006aaa:	b2ab      	uxth	r3, r5
10006aac:	0052      	lsls	r2, r2, #1
10006aae:	4293      	cmp	r3, r2
10006ab0:	dbe8      	blt.n	10006a84 <tu_fifo_write+0x74>
10006ab2:	e7e5      	b.n	10006a80 <tu_fifo_write+0x70>

10006ab4 <tu_fifo_write_n>:
10006ab4:	b5f0      	push	{r4, r5, r6, r7, lr}
10006ab6:	464e      	mov	r6, r9
10006ab8:	4657      	mov	r7, sl
10006aba:	46de      	mov	lr, fp
10006abc:	4645      	mov	r5, r8
10006abe:	b5e0      	push	{r5, r6, r7, lr}
10006ac0:	4689      	mov	r9, r1
10006ac2:	0006      	movs	r6, r0
10006ac4:	0017      	movs	r7, r2
10006ac6:	b083      	sub	sp, #12
10006ac8:	2a00      	cmp	r2, #0
10006aca:	d067      	beq.n	10006b9c <tu_fifo_write_n+0xe8>
10006acc:	68c0      	ldr	r0, [r0, #12]
10006ace:	2800      	cmp	r0, #0
10006ad0:	d003      	beq.n	10006ada <tu_fifo_write_n+0x26>
10006ad2:	2101      	movs	r1, #1
10006ad4:	4249      	negs	r1, r1
10006ad6:	f000 f947 	bl	10006d68 <__mutex_enter_timeout_ms_veneer>
10006ada:	8933      	ldrh	r3, [r6, #8]
10006adc:	79f2      	ldrb	r2, [r6, #7]
10006ade:	b29b      	uxth	r3, r3
10006ae0:	4698      	mov	r8, r3
10006ae2:	8973      	ldrh	r3, [r6, #10]
10006ae4:	88b5      	ldrh	r5, [r6, #4]
10006ae6:	b29b      	uxth	r3, r3
10006ae8:	09d2      	lsrs	r2, r2, #7
10006aea:	d140      	bne.n	10006b6e <tu_fifo_write_n+0xba>
10006aec:	4598      	cmp	r8, r3
10006aee:	d25e      	bcs.n	10006bae <tu_fifo_write_n+0xfa>
10006af0:	006a      	lsls	r2, r5, #1
10006af2:	1ad3      	subs	r3, r2, r3
10006af4:	4443      	add	r3, r8
10006af6:	b29b      	uxth	r3, r3
10006af8:	42ab      	cmp	r3, r5
10006afa:	d25d      	bcs.n	10006bb8 <tu_fifo_write_n+0x104>
10006afc:	1aeb      	subs	r3, r5, r3
10006afe:	1c1a      	adds	r2, r3, #0
10006b00:	b29b      	uxth	r3, r3
10006b02:	42bb      	cmp	r3, r7
10006b04:	d900      	bls.n	10006b08 <tu_fifo_write_n+0x54>
10006b06:	1c3a      	adds	r2, r7, #0
10006b08:	b297      	uxth	r7, r2
10006b0a:	1b7b      	subs	r3, r7, r5
10006b0c:	b29b      	uxth	r3, r3
10006b0e:	9301      	str	r3, [sp, #4]
10006b10:	88f3      	ldrh	r3, [r6, #6]
10006b12:	045b      	lsls	r3, r3, #17
10006b14:	0c5b      	lsrs	r3, r3, #17
10006b16:	469a      	mov	sl, r3
10006b18:	4643      	mov	r3, r8
10006b1a:	19db      	adds	r3, r3, r7
10006b1c:	b29b      	uxth	r3, r3
10006b1e:	469b      	mov	fp, r3
10006b20:	4644      	mov	r4, r8
10006b22:	45a8      	cmp	r8, r5
10006b24:	d303      	bcc.n	10006b2e <tu_fifo_write_n+0x7a>
10006b26:	1b64      	subs	r4, r4, r5
10006b28:	b2a4      	uxth	r4, r4
10006b2a:	42ac      	cmp	r4, r5
10006b2c:	d2fb      	bcs.n	10006b26 <tu_fifo_write_n+0x72>
10006b2e:	4653      	mov	r3, sl
10006b30:	4363      	muls	r3, r4
10006b32:	6830      	ldr	r0, [r6, #0]
10006b34:	1b2d      	subs	r5, r5, r4
10006b36:	b2ad      	uxth	r5, r5
10006b38:	18c0      	adds	r0, r0, r3
10006b3a:	42bd      	cmp	r5, r7
10006b3c:	d34b      	bcc.n	10006bd6 <tu_fifo_write_n+0x122>
10006b3e:	4652      	mov	r2, sl
10006b40:	4649      	mov	r1, r9
10006b42:	437a      	muls	r2, r7
10006b44:	f7fb fe40 	bl	100027c8 <__wrap___aeabi_memcpy>
10006b48:	88b3      	ldrh	r3, [r6, #4]
10006b4a:	005b      	lsls	r3, r3, #1
10006b4c:	45d8      	cmp	r8, fp
10006b4e:	d801      	bhi.n	10006b54 <tu_fifo_write_n+0xa0>
10006b50:	459b      	cmp	fp, r3
10006b52:	db03      	blt.n	10006b5c <tu_fifo_write_n+0xa8>
10006b54:	465a      	mov	r2, fp
10006b56:	1ad3      	subs	r3, r2, r3
10006b58:	b29b      	uxth	r3, r3
10006b5a:	469b      	mov	fp, r3
10006b5c:	465b      	mov	r3, fp
10006b5e:	003d      	movs	r5, r7
10006b60:	8133      	strh	r3, [r6, #8]
10006b62:	68f0      	ldr	r0, [r6, #12]
10006b64:	2800      	cmp	r0, #0
10006b66:	d01a      	beq.n	10006b9e <tu_fifo_write_n+0xea>
10006b68:	f000 f8de 	bl	10006d28 <__mutex_exit_veneer>
10006b6c:	e017      	b.n	10006b9e <tu_fifo_write_n+0xea>
10006b6e:	88f2      	ldrh	r2, [r6, #6]
10006b70:	0452      	lsls	r2, r2, #17
10006b72:	0c52      	lsrs	r2, r2, #17
10006b74:	4692      	mov	sl, r2
10006b76:	42af      	cmp	r7, r5
10006b78:	d220      	bcs.n	10006bbc <tu_fifo_write_n+0x108>
10006b7a:	4598      	cmp	r8, r3
10006b7c:	d34d      	bcc.n	10006c1a <tu_fifo_write_n+0x166>
10006b7e:	4642      	mov	r2, r8
10006b80:	1ad2      	subs	r2, r2, r3
10006b82:	b292      	uxth	r2, r2
10006b84:	0069      	lsls	r1, r5, #1
10006b86:	1b78      	subs	r0, r7, r5
10006b88:	b280      	uxth	r0, r0
10006b8a:	19d2      	adds	r2, r2, r7
10006b8c:	9001      	str	r0, [sp, #4]
10006b8e:	428a      	cmp	r2, r1
10006b90:	da33      	bge.n	10006bfa <tu_fifo_write_n+0x146>
10006b92:	4643      	mov	r3, r8
10006b94:	18fb      	adds	r3, r7, r3
10006b96:	b29b      	uxth	r3, r3
10006b98:	469b      	mov	fp, r3
10006b9a:	e7c1      	b.n	10006b20 <tu_fifo_write_n+0x6c>
10006b9c:	2500      	movs	r5, #0
10006b9e:	0028      	movs	r0, r5
10006ba0:	b003      	add	sp, #12
10006ba2:	bcf0      	pop	{r4, r5, r6, r7}
10006ba4:	46bb      	mov	fp, r7
10006ba6:	46b2      	mov	sl, r6
10006ba8:	46a9      	mov	r9, r5
10006baa:	46a0      	mov	r8, r4
10006bac:	bdf0      	pop	{r4, r5, r6, r7, pc}
10006bae:	4642      	mov	r2, r8
10006bb0:	1ad3      	subs	r3, r2, r3
10006bb2:	b29b      	uxth	r3, r3
10006bb4:	42ab      	cmp	r3, r5
10006bb6:	d3a1      	bcc.n	10006afc <tu_fifo_write_n+0x48>
10006bb8:	2500      	movs	r5, #0
10006bba:	e7d2      	b.n	10006b62 <tu_fifo_write_n+0xae>
10006bbc:	2d00      	cmp	r5, #0
10006bbe:	d0d0      	beq.n	10006b62 <tu_fifo_write_n+0xae>
10006bc0:	1b7f      	subs	r7, r7, r5
10006bc2:	4357      	muls	r7, r2
10006bc4:	4698      	mov	r8, r3
10006bc6:	195a      	adds	r2, r3, r5
10006bc8:	2300      	movs	r3, #0
10006bca:	b292      	uxth	r2, r2
10006bcc:	44b9      	add	r9, r7
10006bce:	4693      	mov	fp, r2
10006bd0:	002f      	movs	r7, r5
10006bd2:	9301      	str	r3, [sp, #4]
10006bd4:	e7a4      	b.n	10006b20 <tu_fifo_write_n+0x6c>
10006bd6:	4653      	mov	r3, sl
10006bd8:	435d      	muls	r5, r3
10006bda:	b2ad      	uxth	r5, r5
10006bdc:	002a      	movs	r2, r5
10006bde:	4649      	mov	r1, r9
10006be0:	f7fb fdf2 	bl	100027c8 <__wrap___aeabi_memcpy>
10006be4:	9b01      	ldr	r3, [sp, #4]
10006be6:	0029      	movs	r1, r5
10006be8:	18e2      	adds	r2, r4, r3
10006bea:	4653      	mov	r3, sl
10006bec:	435a      	muls	r2, r3
10006bee:	6830      	ldr	r0, [r6, #0]
10006bf0:	b292      	uxth	r2, r2
10006bf2:	4449      	add	r1, r9
10006bf4:	f7fb fde8 	bl	100027c8 <__wrap___aeabi_memcpy>
10006bf8:	e7a6      	b.n	10006b48 <tu_fifo_write_n+0x94>
10006bfa:	195a      	adds	r2, r3, r5
10006bfc:	b292      	uxth	r2, r2
10006bfe:	4693      	mov	fp, r2
10006c00:	1bd2      	subs	r2, r2, r7
10006c02:	b292      	uxth	r2, r2
10006c04:	4690      	mov	r8, r2
10006c06:	4293      	cmp	r3, r2
10006c08:	d90c      	bls.n	10006c24 <tu_fifo_write_n+0x170>
10006c0a:	4643      	mov	r3, r8
10006c0c:	1a59      	subs	r1, r3, r1
10006c0e:	b28b      	uxth	r3, r1
10006c10:	4698      	mov	r8, r3
10006c12:	18fb      	adds	r3, r7, r3
10006c14:	b29b      	uxth	r3, r3
10006c16:	469b      	mov	fp, r3
10006c18:	e782      	b.n	10006b20 <tu_fifo_write_n+0x6c>
10006c1a:	0069      	lsls	r1, r5, #1
10006c1c:	1aca      	subs	r2, r1, r3
10006c1e:	4442      	add	r2, r8
10006c20:	b292      	uxth	r2, r2
10006c22:	e7b0      	b.n	10006b86 <tu_fifo_write_n+0xd2>
10006c24:	4291      	cmp	r1, r2
10006c26:	dd00      	ble.n	10006c2a <tu_fifo_write_n+0x176>
10006c28:	e77a      	b.n	10006b20 <tu_fifo_write_n+0x6c>
10006c2a:	e7ee      	b.n	10006c0a <tu_fifo_write_n+0x156>

10006c2c <tu_fifo_clear>:
10006c2c:	b510      	push	{r4, lr}
10006c2e:	0004      	movs	r4, r0
10006c30:	68c0      	ldr	r0, [r0, #12]
10006c32:	2800      	cmp	r0, #0
10006c34:	d003      	beq.n	10006c3e <tu_fifo_clear+0x12>
10006c36:	2101      	movs	r1, #1
10006c38:	4249      	negs	r1, r1
10006c3a:	f000 f895 	bl	10006d68 <__mutex_enter_timeout_ms_veneer>
10006c3e:	6920      	ldr	r0, [r4, #16]
10006c40:	2800      	cmp	r0, #0
10006c42:	d003      	beq.n	10006c4c <tu_fifo_clear+0x20>
10006c44:	2101      	movs	r1, #1
10006c46:	4249      	negs	r1, r1
10006c48:	f000 f88e 	bl	10006d68 <__mutex_enter_timeout_ms_veneer>
10006c4c:	2300      	movs	r3, #0
10006c4e:	68e0      	ldr	r0, [r4, #12]
10006c50:	8163      	strh	r3, [r4, #10]
10006c52:	8123      	strh	r3, [r4, #8]
10006c54:	2800      	cmp	r0, #0
10006c56:	d001      	beq.n	10006c5c <tu_fifo_clear+0x30>
10006c58:	f000 f866 	bl	10006d28 <__mutex_exit_veneer>
10006c5c:	6920      	ldr	r0, [r4, #16]
10006c5e:	2800      	cmp	r0, #0
10006c60:	d001      	beq.n	10006c66 <tu_fifo_clear+0x3a>
10006c62:	f000 f861 	bl	10006d28 <__mutex_exit_veneer>
10006c66:	2001      	movs	r0, #1
10006c68:	bd10      	pop	{r4, pc}
10006c6a:	46c0      	nop			@ (mov r8, r8)

10006c6c <tu_fifo_set_overwritable>:
10006c6c:	b570      	push	{r4, r5, r6, lr}
10006c6e:	0004      	movs	r4, r0
10006c70:	68c0      	ldr	r0, [r0, #12]
10006c72:	000d      	movs	r5, r1
10006c74:	2800      	cmp	r0, #0
10006c76:	d003      	beq.n	10006c80 <tu_fifo_set_overwritable+0x14>
10006c78:	2101      	movs	r1, #1
10006c7a:	4249      	negs	r1, r1
10006c7c:	f000 f874 	bl	10006d68 <__mutex_enter_timeout_ms_veneer>
10006c80:	6920      	ldr	r0, [r4, #16]
10006c82:	2800      	cmp	r0, #0
10006c84:	d003      	beq.n	10006c8e <tu_fifo_set_overwritable+0x22>
10006c86:	2101      	movs	r1, #1
10006c88:	4249      	negs	r1, r1
10006c8a:	f000 f86d 	bl	10006d68 <__mutex_enter_timeout_ms_veneer>
10006c8e:	217f      	movs	r1, #127	@ 0x7f
10006c90:	79e3      	ldrb	r3, [r4, #7]
10006c92:	01ed      	lsls	r5, r5, #7
10006c94:	4019      	ands	r1, r3
10006c96:	68e0      	ldr	r0, [r4, #12]
10006c98:	4329      	orrs	r1, r5
10006c9a:	71e1      	strb	r1, [r4, #7]
10006c9c:	2800      	cmp	r0, #0
10006c9e:	d001      	beq.n	10006ca4 <tu_fifo_set_overwritable+0x38>
10006ca0:	f000 f842 	bl	10006d28 <__mutex_exit_veneer>
10006ca4:	6920      	ldr	r0, [r4, #16]
10006ca6:	2800      	cmp	r0, #0
10006ca8:	d001      	beq.n	10006cae <tu_fifo_set_overwritable+0x42>
10006caa:	f000 f83d 	bl	10006d28 <__mutex_exit_veneer>
10006cae:	2001      	movs	r0, #1
10006cb0:	bd70      	pop	{r4, r5, r6, pc}
10006cb2:	46c0      	nop			@ (mov r8, r8)

10006cb4 <strlen>:
10006cb4:	b510      	push	{r4, lr}
10006cb6:	0783      	lsls	r3, r0, #30
10006cb8:	d00a      	beq.n	10006cd0 <strlen+0x1c>
10006cba:	0003      	movs	r3, r0
10006cbc:	2103      	movs	r1, #3
10006cbe:	e002      	b.n	10006cc6 <strlen+0x12>
10006cc0:	3301      	adds	r3, #1
10006cc2:	420b      	tst	r3, r1
10006cc4:	d005      	beq.n	10006cd2 <strlen+0x1e>
10006cc6:	781a      	ldrb	r2, [r3, #0]
10006cc8:	2a00      	cmp	r2, #0
10006cca:	d1f9      	bne.n	10006cc0 <strlen+0xc>
10006ccc:	1a18      	subs	r0, r3, r0
10006cce:	bd10      	pop	{r4, pc}
10006cd0:	0003      	movs	r3, r0
10006cd2:	6819      	ldr	r1, [r3, #0]
10006cd4:	4a0c      	ldr	r2, [pc, #48]	@ (10006d08 <strlen+0x54>)
10006cd6:	4c0d      	ldr	r4, [pc, #52]	@ (10006d0c <strlen+0x58>)
10006cd8:	188a      	adds	r2, r1, r2
10006cda:	438a      	bics	r2, r1
10006cdc:	4222      	tst	r2, r4
10006cde:	d10f      	bne.n	10006d00 <strlen+0x4c>
10006ce0:	6859      	ldr	r1, [r3, #4]
10006ce2:	4a09      	ldr	r2, [pc, #36]	@ (10006d08 <strlen+0x54>)
10006ce4:	3304      	adds	r3, #4
10006ce6:	188a      	adds	r2, r1, r2
10006ce8:	438a      	bics	r2, r1
10006cea:	4222      	tst	r2, r4
10006cec:	d108      	bne.n	10006d00 <strlen+0x4c>
10006cee:	6859      	ldr	r1, [r3, #4]
10006cf0:	4a05      	ldr	r2, [pc, #20]	@ (10006d08 <strlen+0x54>)
10006cf2:	3304      	adds	r3, #4
10006cf4:	188a      	adds	r2, r1, r2
10006cf6:	438a      	bics	r2, r1
10006cf8:	4222      	tst	r2, r4
10006cfa:	d0f1      	beq.n	10006ce0 <strlen+0x2c>
10006cfc:	e000      	b.n	10006d00 <strlen+0x4c>
10006cfe:	3301      	adds	r3, #1
10006d00:	781a      	ldrb	r2, [r3, #0]
10006d02:	2a00      	cmp	r2, #0
10006d04:	d1fb      	bne.n	10006cfe <strlen+0x4a>
10006d06:	e7e1      	b.n	10006ccc <strlen+0x18>
10006d08:	fefefeff 	.word	0xfefefeff
10006d0c:	80808080 	.word	0x80808080

10006d10 <_fini>:
10006d10:	b5f8      	push	{r3, r4, r5, r6, r7, lr}
10006d12:	46c0      	nop			@ (mov r8, r8)
10006d14:	0000      	movs	r0, r0
	...

10006d18 <__flash_do_cmd_veneer>:
10006d18:	b401      	push	{r0}
10006d1a:	4802      	ldr	r0, [pc, #8]	@ (10006d24 <__flash_do_cmd_veneer+0xc>)
10006d1c:	4684      	mov	ip, r0
10006d1e:	bc01      	pop	{r0}
10006d20:	4760      	bx	ip
10006d22:	bf00      	nop
10006d24:	20000301 	.word	0x20000301

10006d28 <__mutex_exit_veneer>:
10006d28:	b401      	push	{r0}
10006d2a:	4802      	ldr	r0, [pc, #8]	@ (10006d34 <__mutex_exit_veneer+0xc>)
10006d2c:	4684      	mov	ip, r0
10006d2e:	bc01      	pop	{r0}
10006d30:	4760      	bx	ip
10006d32:	bf00      	nop
10006d34:	20000225 	.word	0x20000225

10006d38 <____aeabi_ldiv0_veneer>:
10006d38:	b401      	push	{r0}
10006d3a:	4802      	ldr	r0, [pc, #8]	@ (10006d44 <____aeabi_ldiv0_veneer+0xc>)
10006d3c:	4684      	mov	ip, r0
10006d3e:	bc01      	pop	{r0}
10006d40:	4760      	bx	ip
10006d42:	bf00      	nop
10006d44:	20000f5d 	.word	0x20000f5d

10006d48 <____aeabi_idiv0_veneer>:
10006d48:	b401      	push	{r0}
10006d4a:	4802      	ldr	r0, [pc, #8]	@ (10006d54 <____aeabi_idiv0_veneer+0xc>)
10006d4c:	4684      	mov	ip, r0
10006d4e:	bc01      	pop	{r0}
10006d50:	4760      	bx	ip
10006d52:	bf00      	nop
10006d54:	20000f5d 	.word	0x20000f5d

10006d58 <__mutex_try_enter_veneer>:
10006d58:	b401      	push	{r0}
10006d5a:	4802      	ldr	r0, [pc, #8]	@ (10006d64 <__mutex_try_enter_veneer+0xc>)
10006d5c:	4684      	mov	ip, r0
10006d5e:	bc01      	pop	{r0}
10006d60:	4760      	bx	ip
10006d62:	bf00      	nop
10006d64:	200000c1 	.word	0x200000c1

10006d68 <__mutex_enter_timeout_ms_veneer>:
10006d68:	b401      	push	{r0}
10006d6a:	4802      	ldr	r0, [pc, #8]	@ (10006d74 <__mutex_enter_timeout_ms_veneer+0xc>)
10006d6c:	4684      	mov	ip, r0
10006d6e:	bc01      	pop	{r0}
10006d70:	4760      	bx	ip
10006d72:	bf00      	nop
10006d74:	20000199 	.word	0x20000199

10006d78 <__reset_non_control_endpoints_veneer>:
10006d78:	b401      	push	{r0}
10006d7a:	4802      	ldr	r0, [pc, #8]	@ (10006d84 <__reset_non_control_endpoints_veneer+0xc>)
10006d7c:	4684      	mov	ip, r0
10006d7e:	bc01      	pop	{r0}
10006d80:	4760      	bx	ip
10006d82:	bf00      	nop
10006d84:	2000043d 	.word	0x2000043d

10006d88 <__mutex_try_enter_block_until_veneer>:
10006d88:	b401      	push	{r0}
10006d8a:	4802      	ldr	r0, [pc, #8]	@ (10006d94 <__mutex_try_enter_block_until_veneer+0xc>)
10006d8c:	4684      	mov	ip, r0
10006d8e:	bc01      	pop	{r0}
10006d90:	4760      	bx	ip
10006d92:	bf00      	nop
10006d94:	20000101 	.word	0x20000101

10006d98 <__hw_endpoint_start_next_buffer_veneer>:
10006d98:	b401      	push	{r0}
10006d9a:	4802      	ldr	r0, [pc, #8]	@ (10006da4 <__hw_endpoint_start_next_buffer_veneer+0xc>)
10006d9c:	4684      	mov	ip, r0
10006d9e:	bc01      	pop	{r0}
10006da0:	4760      	bx	ip
10006da2:	bf00      	nop
10006da4:	20000cd1 	.word	0x20000cd1

10006da8 <__e15_is_bulkin_ep_veneer>:
10006da8:	b401      	push	{r0}
10006daa:	4802      	ldr	r0, [pc, #8]	@ (10006db4 <__e15_is_bulkin_ep_veneer+0xc>)
10006dac:	4684      	mov	ip, r0
10006dae:	bc01      	pop	{r0}
10006db0:	4760      	bx	ip
10006db2:	bf00      	nop
10006db4:	20000c19 	.word	0x20000c19

10006db8 <___hw_endpoint_buffer_control_update32_veneer>:
10006db8:	b401      	push	{r0}
10006dba:	4802      	ldr	r0, [pc, #8]	@ (10006dc4 <___hw_endpoint_buffer_control_update32_veneer+0xc>)
10006dbc:	4684      	mov	ip, r0
10006dbe:	bc01      	pop	{r0}
10006dc0:	4760      	bx	ip
10006dc2:	bf00      	nop
10006dc4:	20000c81 	.word	0x20000c81

10006dc8 <__e15_is_critical_frame_period_veneer>:
10006dc8:	b401      	push	{r0}
10006dca:	4802      	ldr	r0, [pc, #8]	@ (10006dd4 <__e15_is_critical_frame_period_veneer+0xc>)
10006dcc:	4684      	mov	ip, r0
10006dce:	bc01      	pop	{r0}
10006dd0:	4760      	bx	ip
10006dd2:	bf00      	nop
10006dd4:	20000c41 	.word	0x20000c41

10006dd8 <__pre_init_runtime_init_early_resets>:
10006dd8:	10001831                                1...

10006ddc <__pre_init_runtime_init_usb_power_down>:
10006ddc:	1000185d 10001a41 100027ad 100020e5     ]...A....'... ..
10006dec:	1000271d                                .'..

10006df0 <__pre_init_runtime_init_clocks>:
10006df0:	10001969                                i...

10006df4 <__pre_init_runtime_init_post_clock_resets>:
10006df4:	10001879                                y...

10006df8 <__pre_init_runtime_init_rp2040_gpio_ie_disable>:
10006df8:	10001899                                ....

10006dfc <__pre_init_runtime_init_spin_locks_reset>:
10006dfc:	100018ad                                ....

10006e00 <__pre_init_runtime_init_mutex>:
10006e00:	10000b09                                ....

10006e04 <__pre_init_runtime_init_install_ram_vector_table>:
10006e04:	100018b5                                ....

10006e08 <__pre_init_runtime_init_default_alarm_pool>:
10006e08:	10000ed5                                ....

10006e0c <__pre_init_first_per_core_initializer>:
10006e0c:	100017f9                                ....

10006e10 <__pre_init_runtime_init_per_core_irq_priorities>:
10006e10:	1000073d                                =...

10006e14 <__init_array_start>:
10006e14:	10004aa9 	.word	0x10004aa9

10006e18 <__frame_dummy_init_array_entry>:
10006e18:	100002b1                                ....

Disassembly of section .data:

200000c0 <mutex_try_enter>:
200000c0:	0003      	movs	r3, r0
200000c2:	6800      	ldr	r0, [r0, #0]
200000c4:	f3ef 8c10 	mrs	ip, PRIMASK
200000c8:	b672      	cpsid	i
200000ca:	6802      	ldr	r2, [r0, #0]
200000cc:	2a00      	cmp	r2, #0
200000ce:	d0fc      	beq.n	200000ca <mutex_try_enter+0xa>
200000d0:	f3bf 8f5f 	dmb	sy
200000d4:	2204      	movs	r2, #4
200000d6:	569a      	ldrsb	r2, [r3, r2]
200000d8:	2a00      	cmp	r2, #0
200000da:	db0b      	blt.n	200000f4 <mutex_try_enter+0x34>
200000dc:	2900      	cmp	r1, #0
200000de:	d000      	beq.n	200000e2 <mutex_try_enter+0x22>
200000e0:	600a      	str	r2, [r1, #0]
200000e2:	2000      	movs	r0, #0
200000e4:	681b      	ldr	r3, [r3, #0]
200000e6:	f3bf 8f5f 	dmb	sy
200000ea:	2200      	movs	r2, #0
200000ec:	601a      	str	r2, [r3, #0]
200000ee:	f38c 8810 	msr	PRIMASK, ip
200000f2:	4770      	bx	lr
200000f4:	22d0      	movs	r2, #208	@ 0xd0
200000f6:	0612      	lsls	r2, r2, #24
200000f8:	6812      	ldr	r2, [r2, #0]
200000fa:	2001      	movs	r0, #1
200000fc:	711a      	strb	r2, [r3, #4]
200000fe:	e7f1      	b.n	200000e4 <mutex_try_enter+0x24>

20000100 <mutex_try_enter_block_until>:
20000100:	b5f0      	push	{r4, r5, r6, r7, lr}
20000102:	46c6      	mov	lr, r8
20000104:	0015      	movs	r5, r2
20000106:	b500      	push	{lr}
20000108:	0004      	movs	r4, r0
2000010a:	001e      	movs	r6, r3
2000010c:	6802      	ldr	r2, [r0, #0]
2000010e:	f3ef 8110 	mrs	r1, PRIMASK
20000112:	b672      	cpsid	i
20000114:	6813      	ldr	r3, [r2, #0]
20000116:	2b00      	cmp	r3, #0
20000118:	d0fc      	beq.n	20000114 <mutex_try_enter_block_until+0x14>
2000011a:	f3bf 8f5f 	dmb	sy
2000011e:	2304      	movs	r3, #4
20000120:	56e3      	ldrsb	r3, [r4, r3]
20000122:	6822      	ldr	r2, [r4, #0]
20000124:	2b00      	cmp	r3, #0
20000126:	db2b      	blt.n	20000180 <mutex_try_enter_block_until+0x80>
20000128:	f3bf 8f5f 	dmb	sy
2000012c:	2000      	movs	r0, #0
2000012e:	6010      	str	r0, [r2, #0]
20000130:	f381 8810 	msr	PRIMASK, r1
20000134:	22d0      	movs	r2, #208	@ 0xd0
20000136:	0612      	lsls	r2, r2, #24
20000138:	7812      	ldrb	r2, [r2, #0]
2000013a:	2700      	movs	r7, #0
2000013c:	b252      	sxtb	r2, r2
2000013e:	4690      	mov	r8, r2
20000140:	429a      	cmp	r2, r3
20000142:	d10e      	bne.n	20000162 <mutex_try_enter_block_until+0x62>
20000144:	2000      	movs	r0, #0
20000146:	bc80      	pop	{r7}
20000148:	46b8      	mov	r8, r7
2000014a:	bdf0      	pop	{r4, r5, r6, r7, pc}
2000014c:	f3bf 8f5f 	dmb	sy
20000150:	6017      	str	r7, [r2, #0]
20000152:	f381 8810 	msr	PRIMASK, r1
20000156:	0028      	movs	r0, r5
20000158:	0031      	movs	r1, r6
2000015a:	f000 ff01 	bl	20000f60 <__best_effort_wfe_or_timeout_veneer>
2000015e:	2800      	cmp	r0, #0
20000160:	d1f0      	bne.n	20000144 <mutex_try_enter_block_until+0x44>
20000162:	6822      	ldr	r2, [r4, #0]
20000164:	f3ef 8110 	mrs	r1, PRIMASK
20000168:	b672      	cpsid	i
2000016a:	6813      	ldr	r3, [r2, #0]
2000016c:	2b00      	cmp	r3, #0
2000016e:	d0fc      	beq.n	2000016a <mutex_try_enter_block_until+0x6a>
20000170:	f3bf 8f5f 	dmb	sy
20000174:	7923      	ldrb	r3, [r4, #4]
20000176:	6822      	ldr	r2, [r4, #0]
20000178:	2b7f      	cmp	r3, #127	@ 0x7f
2000017a:	d9e7      	bls.n	2000014c <mutex_try_enter_block_until+0x4c>
2000017c:	4643      	mov	r3, r8
2000017e:	e002      	b.n	20000186 <mutex_try_enter_block_until+0x86>
20000180:	23d0      	movs	r3, #208	@ 0xd0
20000182:	061b      	lsls	r3, r3, #24
20000184:	681b      	ldr	r3, [r3, #0]
20000186:	7123      	strb	r3, [r4, #4]
20000188:	f3bf 8f5f 	dmb	sy
2000018c:	2300      	movs	r3, #0
2000018e:	6013      	str	r3, [r2, #0]
20000190:	f381 8810 	msr	PRIMASK, r1
20000194:	2001      	movs	r0, #1
20000196:	e7d6      	b.n	20000146 <mutex_try_enter_block_until+0x46>

20000198 <mutex_enter_timeout_ms>:
20000198:	b5f0      	push	{r4, r5, r6, r7, lr}
2000019a:	46c6      	mov	lr, r8
2000019c:	b500      	push	{lr}
2000019e:	000d      	movs	r5, r1
200001a0:	0004      	movs	r4, r0
200001a2:	f000 ff0d 	bl	20000fc0 <__time_us_64_veneer>
200001a6:	22fa      	movs	r2, #250	@ 0xfa
200001a8:	0006      	movs	r6, r0
200001aa:	000f      	movs	r7, r1
200001ac:	2300      	movs	r3, #0
200001ae:	0028      	movs	r0, r5
200001b0:	2100      	movs	r1, #0
200001b2:	0092      	lsls	r2, r2, #2
200001b4:	f000 feec 	bl	20000f90 <____wrap___aeabi_lmul_veneer>
200001b8:	1836      	adds	r6, r6, r0
200001ba:	414f      	adcs	r7, r1
200001bc:	2f00      	cmp	r7, #0
200001be:	da02      	bge.n	200001c6 <mutex_enter_timeout_ms+0x2e>
200001c0:	2601      	movs	r6, #1
200001c2:	4f17      	ldr	r7, [pc, #92]	@ (20000220 <mutex_enter_timeout_ms+0x88>)
200001c4:	4276      	negs	r6, r6
200001c6:	23d0      	movs	r3, #208	@ 0xd0
200001c8:	061b      	lsls	r3, r3, #24
200001ca:	681b      	ldr	r3, [r3, #0]
200001cc:	2500      	movs	r5, #0
200001ce:	4698      	mov	r8, r3
200001d0:	e00a      	b.n	200001e8 <mutex_enter_timeout_ms+0x50>
200001d2:	f3bf 8f5f 	dmb	sy
200001d6:	6015      	str	r5, [r2, #0]
200001d8:	f381 8810 	msr	PRIMASK, r1
200001dc:	0030      	movs	r0, r6
200001de:	0039      	movs	r1, r7
200001e0:	f000 febe 	bl	20000f60 <__best_effort_wfe_or_timeout_veneer>
200001e4:	2800      	cmp	r0, #0
200001e6:	d118      	bne.n	2000021a <mutex_enter_timeout_ms+0x82>
200001e8:	6822      	ldr	r2, [r4, #0]
200001ea:	f3ef 8110 	mrs	r1, PRIMASK
200001ee:	b672      	cpsid	i
200001f0:	6813      	ldr	r3, [r2, #0]
200001f2:	2b00      	cmp	r3, #0
200001f4:	d0fc      	beq.n	200001f0 <mutex_enter_timeout_ms+0x58>
200001f6:	f3bf 8f5f 	dmb	sy
200001fa:	7923      	ldrb	r3, [r4, #4]
200001fc:	6822      	ldr	r2, [r4, #0]
200001fe:	2b7f      	cmp	r3, #127	@ 0x7f
20000200:	d9e7      	bls.n	200001d2 <mutex_enter_timeout_ms+0x3a>
20000202:	4643      	mov	r3, r8
20000204:	7123      	strb	r3, [r4, #4]
20000206:	f3bf 8f5f 	dmb	sy
2000020a:	2300      	movs	r3, #0
2000020c:	6013      	str	r3, [r2, #0]
2000020e:	f381 8810 	msr	PRIMASK, r1
20000212:	2001      	movs	r0, #1
20000214:	bc80      	pop	{r7}
20000216:	46b8      	mov	r8, r7
20000218:	bdf0      	pop	{r4, r5, r6, r7, pc}
2000021a:	2000      	movs	r0, #0
2000021c:	e7fa      	b.n	20000214 <mutex_enter_timeout_ms+0x7c>
2000021e:	46c0      	nop			@ (mov r8, r8)
20000220:	7fffffff 	.word	0x7fffffff

20000224 <mutex_exit>:
20000224:	6802      	ldr	r2, [r0, #0]
20000226:	f3ef 8110 	mrs	r1, PRIMASK
2000022a:	b672      	cpsid	i
2000022c:	6813      	ldr	r3, [r2, #0]
2000022e:	2b00      	cmp	r3, #0
20000230:	d0fc      	beq.n	2000022c <mutex_exit+0x8>
20000232:	f3bf 8f5f 	dmb	sy
20000236:	23ff      	movs	r3, #255	@ 0xff
20000238:	7103      	strb	r3, [r0, #4]
2000023a:	6803      	ldr	r3, [r0, #0]
2000023c:	f3bf 8f5f 	dmb	sy
20000240:	2200      	movs	r2, #0
20000242:	601a      	str	r2, [r3, #0]
20000244:	f381 8810 	msr	PRIMASK, r1
20000248:	bf40      	sev
2000024a:	4770      	bx	lr

2000024c <flash_init_boot2_copyout>:
2000024c:	b510      	push	{r4, lr}
2000024e:	4c08      	ldr	r4, [pc, #32]	@ (20000270 <flash_init_boot2_copyout+0x24>)
20000250:	7823      	ldrb	r3, [r4, #0]
20000252:	2b00      	cmp	r3, #0
20000254:	d10a      	bne.n	2000026c <flash_init_boot2_copyout+0x20>
20000256:	2380      	movs	r3, #128	@ 0x80
20000258:	4806      	ldr	r0, [pc, #24]	@ (20000274 <flash_init_boot2_copyout+0x28>)
2000025a:	4907      	ldr	r1, [pc, #28]	@ (20000278 <flash_init_boot2_copyout+0x2c>)
2000025c:	055b      	lsls	r3, r3, #21
2000025e:	681a      	ldr	r2, [r3, #0]
20000260:	50c2      	str	r2, [r0, r3]
20000262:	3304      	adds	r3, #4
20000264:	428b      	cmp	r3, r1
20000266:	d1fa      	bne.n	2000025e <flash_init_boot2_copyout+0x12>
20000268:	2301      	movs	r3, #1
2000026a:	7023      	strb	r3, [r4, #0]
2000026c:	bd10      	pop	{r4, pc}
2000026e:	46c0      	nop			@ (mov r8, r8)
20000270:	20002bb0 	.word	0x20002bb0
20000274:	100025d0 	.word	0x100025d0
20000278:	10000100 	.word	0x10000100

2000027c <flash_enable_xip_via_boot2>:
2000027c:	b510      	push	{r4, lr}
2000027e:	4b01      	ldr	r3, [pc, #4]	@ (20000284 <flash_enable_xip_via_boot2+0x8>)
20000280:	4798      	blx	r3
20000282:	bd10      	pop	{r4, pc}
20000284:	200025d1 	.word	0x200025d1

20000288 <flash_save_hardware_state>:
20000288:	4b06      	ldr	r3, [pc, #24]	@ (200002a4 <flash_save_hardware_state+0x1c>)
2000028a:	685a      	ldr	r2, [r3, #4]
2000028c:	6002      	str	r2, [r0, #0]
2000028e:	689a      	ldr	r2, [r3, #8]
20000290:	6042      	str	r2, [r0, #4]
20000292:	68da      	ldr	r2, [r3, #12]
20000294:	6082      	str	r2, [r0, #8]
20000296:	691a      	ldr	r2, [r3, #16]
20000298:	60c2      	str	r2, [r0, #12]
2000029a:	695a      	ldr	r2, [r3, #20]
2000029c:	6102      	str	r2, [r0, #16]
2000029e:	699b      	ldr	r3, [r3, #24]
200002a0:	6143      	str	r3, [r0, #20]
200002a2:	4770      	bx	lr
200002a4:	40020000 	.word	0x40020000

200002a8 <flash_restore_hardware_state>:
200002a8:	6802      	ldr	r2, [r0, #0]
200002aa:	4b06      	ldr	r3, [pc, #24]	@ (200002c4 <flash_restore_hardware_state+0x1c>)
200002ac:	605a      	str	r2, [r3, #4]
200002ae:	6842      	ldr	r2, [r0, #4]
200002b0:	609a      	str	r2, [r3, #8]
200002b2:	6882      	ldr	r2, [r0, #8]
200002b4:	60da      	str	r2, [r3, #12]
200002b6:	68c2      	ldr	r2, [r0, #12]
200002b8:	611a      	str	r2, [r3, #16]
200002ba:	6902      	ldr	r2, [r0, #16]
200002bc:	615a      	str	r2, [r3, #20]
200002be:	6942      	ldr	r2, [r0, #20]
200002c0:	619a      	str	r2, [r3, #24]
200002c2:	4770      	bx	lr
200002c4:	40020000 	.word	0x40020000

200002c8 <flash_cs_force.constprop.0>:
200002c8:	4b03      	ldr	r3, [pc, #12]	@ (200002d8 <flash_cs_force.constprop.0+0x10>)
200002ca:	681a      	ldr	r2, [r3, #0]
200002cc:	23c0      	movs	r3, #192	@ 0xc0
200002ce:	009b      	lsls	r3, r3, #2
200002d0:	4393      	bics	r3, r2
200002d2:	4a02      	ldr	r2, [pc, #8]	@ (200002dc <flash_cs_force.constprop.0+0x14>)
200002d4:	6013      	str	r3, [r2, #0]
200002d6:	4770      	bx	lr
200002d8:	4001800c 	.word	0x4001800c
200002dc:	4001900c 	.word	0x4001900c

200002e0 <flash_cs_force.constprop.1>:
200002e0:	4b05      	ldr	r3, [pc, #20]	@ (200002f8 <flash_cs_force.constprop.1+0x18>)
200002e2:	681a      	ldr	r2, [r3, #0]
200002e4:	2380      	movs	r3, #128	@ 0x80
200002e6:	009b      	lsls	r3, r3, #2
200002e8:	4053      	eors	r3, r2
200002ea:	22c0      	movs	r2, #192	@ 0xc0
200002ec:	0092      	lsls	r2, r2, #2
200002ee:	4013      	ands	r3, r2
200002f0:	4a02      	ldr	r2, [pc, #8]	@ (200002fc <flash_cs_force.constprop.1+0x1c>)
200002f2:	6013      	str	r3, [r2, #0]
200002f4:	4770      	bx	lr
200002f6:	46c0      	nop			@ (mov r8, r8)
200002f8:	4001800c 	.word	0x4001800c
200002fc:	4001900c 	.word	0x4001900c

20000300 <flash_do_cmd>:
20000300:	2300      	movs	r3, #0
20000302:	b5f0      	push	{r4, r5, r6, r7, lr}
20000304:	46de      	mov	lr, fp
20000306:	4657      	mov	r7, sl
20000308:	464e      	mov	r6, r9
2000030a:	4645      	mov	r5, r8
2000030c:	469a      	mov	sl, r3
2000030e:	b5e0      	push	{r5, r6, r7, lr}
20000310:	b089      	sub	sp, #36	@ 0x24
20000312:	9001      	str	r0, [sp, #4]
20000314:	000e      	movs	r6, r1
20000316:	8a98      	ldrh	r0, [r3, #20]
20000318:	4945      	ldr	r1, [pc, #276]	@ (20000430 <flash_do_cmd+0x130>)
2000031a:	8b1b      	ldrh	r3, [r3, #24]
2000031c:	0014      	movs	r4, r2
2000031e:	4798      	blx	r3
20000320:	4653      	mov	r3, sl
20000322:	4681      	mov	r9, r0
20000324:	4943      	ldr	r1, [pc, #268]	@ (20000434 <flash_do_cmd+0x134>)
20000326:	8a98      	ldrh	r0, [r3, #20]
20000328:	8b1b      	ldrh	r3, [r3, #24]
2000032a:	4798      	blx	r3
2000032c:	4653      	mov	r3, sl
2000032e:	4942      	ldr	r1, [pc, #264]	@ (20000438 <flash_do_cmd+0x138>)
20000330:	0005      	movs	r5, r0
20000332:	8a98      	ldrh	r0, [r3, #20]
20000334:	8b1b      	ldrh	r3, [r3, #24]
20000336:	4798      	blx	r3
20000338:	4680      	mov	r8, r0
2000033a:	f7ff ff87 	bl	2000024c <flash_init_boot2_copyout>
2000033e:	a802      	add	r0, sp, #8
20000340:	f7ff ffa2 	bl	20000288 <flash_save_hardware_state>
20000344:	47c8      	blx	r9
20000346:	47a8      	blx	r5
20000348:	f7ff ffca 	bl	200002e0 <flash_cs_force.constprop.1>
2000034c:	1e25      	subs	r5, r4, #0
2000034e:	d022      	beq.n	20000396 <flash_do_cmd+0x96>
20000350:	2308      	movs	r3, #8
20000352:	21c0      	movs	r1, #192	@ 0xc0
20000354:	469c      	mov	ip, r3
20000356:	2002      	movs	r0, #2
20000358:	0549      	lsls	r1, r1, #21
2000035a:	4662      	mov	r2, ip
2000035c:	6a8b      	ldr	r3, [r1, #40]	@ 0x28
2000035e:	401a      	ands	r2, r3
20000360:	4218      	tst	r0, r3
20000362:	d03f      	beq.n	200003e4 <flash_do_cmd+0xe4>
20000364:	1b63      	subs	r3, r4, r5
20000366:	2d00      	cmp	r5, #0
20000368:	d12f      	bne.n	200003ca <flash_do_cmd+0xca>
2000036a:	2a00      	cmp	r2, #0
2000036c:	d111      	bne.n	20000392 <flash_do_cmd+0x92>
2000036e:	2c00      	cmp	r4, #0
20000370:	d011      	beq.n	20000396 <flash_do_cmd+0x96>
20000372:	23c0      	movs	r3, #192	@ 0xc0
20000374:	055b      	lsls	r3, r3, #21
20000376:	469b      	mov	fp, r3
20000378:	2302      	movs	r3, #2
2000037a:	469a      	mov	sl, r3
2000037c:	3306      	adds	r3, #6
2000037e:	4699      	mov	r9, r3
20000380:	465b      	mov	r3, fp
20000382:	464a      	mov	r2, r9
20000384:	4657      	mov	r7, sl
20000386:	6a9b      	ldr	r3, [r3, #40]	@ 0x28
20000388:	401a      	ands	r2, r3
2000038a:	421f      	tst	r7, r3
2000038c:	d042      	beq.n	20000414 <flash_do_cmd+0x114>
2000038e:	2a00      	cmp	r2, #0
20000390:	d0f6      	beq.n	20000380 <flash_do_cmd+0x80>
20000392:	2c00      	cmp	r4, #0
20000394:	d130      	bne.n	200003f8 <flash_do_cmd+0xf8>
20000396:	f7ff ff97 	bl	200002c8 <flash_cs_force.constprop.0>
2000039a:	47c0      	blx	r8
2000039c:	f7ff ff6e 	bl	2000027c <flash_enable_xip_via_boot2>
200003a0:	a802      	add	r0, sp, #8
200003a2:	f7ff ff81 	bl	200002a8 <flash_restore_hardware_state>
200003a6:	b009      	add	sp, #36	@ 0x24
200003a8:	bcf0      	pop	{r4, r5, r6, r7}
200003aa:	46bb      	mov	fp, r7
200003ac:	46b2      	mov	sl, r6
200003ae:	46a9      	mov	r9, r5
200003b0:	46a0      	mov	r8, r4
200003b2:	bdf0      	pop	{r4, r5, r6, r7, pc}
200003b4:	2c00      	cmp	r4, #0
200003b6:	d12f      	bne.n	20000418 <flash_do_cmd+0x118>
200003b8:	22c0      	movs	r2, #192	@ 0xc0
200003ba:	0552      	lsls	r2, r2, #21
200003bc:	6a92      	ldr	r2, [r2, #40]	@ 0x28
200003be:	4691      	mov	r9, r2
200003c0:	2208      	movs	r2, #8
200003c2:	464f      	mov	r7, r9
200003c4:	403a      	ands	r2, r7
200003c6:	07bf      	lsls	r7, r7, #30
200003c8:	d52d      	bpl.n	20000426 <flash_do_cmd+0x126>
200003ca:	2b0d      	cmp	r3, #13
200003cc:	d91b      	bls.n	20000406 <flash_do_cmd+0x106>
200003ce:	2a00      	cmp	r2, #0
200003d0:	d1f0      	bne.n	200003b4 <flash_do_cmd+0xb4>
200003d2:	22c0      	movs	r2, #192	@ 0xc0
200003d4:	0552      	lsls	r2, r2, #21
200003d6:	6a92      	ldr	r2, [r2, #40]	@ 0x28
200003d8:	4691      	mov	r9, r2
200003da:	2208      	movs	r2, #8
200003dc:	464f      	mov	r7, r9
200003de:	403a      	ands	r2, r7
200003e0:	07bf      	lsls	r7, r7, #30
200003e2:	d4f2      	bmi.n	200003ca <flash_do_cmd+0xca>
200003e4:	2a00      	cmp	r2, #0
200003e6:	d104      	bne.n	200003f2 <flash_do_cmd+0xf2>
200003e8:	002b      	movs	r3, r5
200003ea:	4323      	orrs	r3, r4
200003ec:	2b00      	cmp	r3, #0
200003ee:	d1b4      	bne.n	2000035a <flash_do_cmd+0x5a>
200003f0:	e7d1      	b.n	20000396 <flash_do_cmd+0x96>
200003f2:	002b      	movs	r3, r5
200003f4:	2c00      	cmp	r4, #0
200003f6:	d0f9      	beq.n	200003ec <flash_do_cmd+0xec>
200003f8:	6e0b      	ldr	r3, [r1, #96]	@ 0x60
200003fa:	3c01      	subs	r4, #1
200003fc:	7033      	strb	r3, [r6, #0]
200003fe:	0023      	movs	r3, r4
20000400:	3601      	adds	r6, #1
20000402:	432b      	orrs	r3, r5
20000404:	e7f2      	b.n	200003ec <flash_do_cmd+0xec>
20000406:	9f01      	ldr	r7, [sp, #4]
20000408:	3d01      	subs	r5, #1
2000040a:	783b      	ldrb	r3, [r7, #0]
2000040c:	3701      	adds	r7, #1
2000040e:	660b      	str	r3, [r1, #96]	@ 0x60
20000410:	9701      	str	r7, [sp, #4]
20000412:	e7e7      	b.n	200003e4 <flash_do_cmd+0xe4>
20000414:	2500      	movs	r5, #0
20000416:	e7e5      	b.n	200003e4 <flash_do_cmd+0xe4>
20000418:	23c0      	movs	r3, #192	@ 0xc0
2000041a:	055b      	lsls	r3, r3, #21
2000041c:	6e1b      	ldr	r3, [r3, #96]	@ 0x60
2000041e:	3c01      	subs	r4, #1
20000420:	7033      	strb	r3, [r6, #0]
20000422:	3601      	adds	r6, #1
20000424:	e799      	b.n	2000035a <flash_do_cmd+0x5a>
20000426:	002b      	movs	r3, r5
20000428:	2a00      	cmp	r2, #0
2000042a:	d1df      	bne.n	200003ec <flash_do_cmd+0xec>
2000042c:	e7dc      	b.n	200003e8 <flash_do_cmd+0xe8>
2000042e:	46c0      	nop			@ (mov r8, r8)
20000430:	00004649 	.word	0x00004649
20000434:	00005845 	.word	0x00005845
20000438:	00004346 	.word	0x00004346

2000043c <reset_non_control_endpoints>:
2000043c:	2200      	movs	r2, #0
2000043e:	4b15      	ldr	r3, [pc, #84]	@ (20000494 <reset_non_control_endpoints+0x58>)
20000440:	b510      	push	{r4, lr}
20000442:	609a      	str	r2, [r3, #8]
20000444:	60da      	str	r2, [r3, #12]
20000446:	611a      	str	r2, [r3, #16]
20000448:	615a      	str	r2, [r3, #20]
2000044a:	619a      	str	r2, [r3, #24]
2000044c:	61da      	str	r2, [r3, #28]
2000044e:	621a      	str	r2, [r3, #32]
20000450:	625a      	str	r2, [r3, #36]	@ 0x24
20000452:	629a      	str	r2, [r3, #40]	@ 0x28
20000454:	62da      	str	r2, [r3, #44]	@ 0x2c
20000456:	631a      	str	r2, [r3, #48]	@ 0x30
20000458:	635a      	str	r2, [r3, #52]	@ 0x34
2000045a:	639a      	str	r2, [r3, #56]	@ 0x38
2000045c:	63da      	str	r2, [r3, #60]	@ 0x3c
2000045e:	641a      	str	r2, [r3, #64]	@ 0x40
20000460:	645a      	str	r2, [r3, #68]	@ 0x44
20000462:	649a      	str	r2, [r3, #72]	@ 0x48
20000464:	64da      	str	r2, [r3, #76]	@ 0x4c
20000466:	651a      	str	r2, [r3, #80]	@ 0x50
20000468:	655a      	str	r2, [r3, #84]	@ 0x54
2000046a:	659a      	str	r2, [r3, #88]	@ 0x58
2000046c:	65da      	str	r2, [r3, #92]	@ 0x5c
2000046e:	661a      	str	r2, [r3, #96]	@ 0x60
20000470:	665a      	str	r2, [r3, #100]	@ 0x64
20000472:	669a      	str	r2, [r3, #104]	@ 0x68
20000474:	66da      	str	r2, [r3, #108]	@ 0x6c
20000476:	671a      	str	r2, [r3, #112]	@ 0x70
20000478:	675a      	str	r2, [r3, #116]	@ 0x74
2000047a:	679a      	str	r2, [r3, #120]	@ 0x78
2000047c:	67da      	str	r2, [r3, #124]	@ 0x7c
2000047e:	32f0      	adds	r2, #240	@ 0xf0
20000480:	0092      	lsls	r2, r2, #2
20000482:	2100      	movs	r1, #0
20000484:	4804      	ldr	r0, [pc, #16]	@ (20000498 <reset_non_control_endpoints+0x5c>)
20000486:	f000 fd7b 	bl	20000f80 <____wrap_memset_veneer>
2000048a:	4b04      	ldr	r3, [pc, #16]	@ (2000049c <reset_non_control_endpoints+0x60>)
2000048c:	4a04      	ldr	r2, [pc, #16]	@ (200004a0 <reset_non_control_endpoints+0x64>)
2000048e:	601a      	str	r2, [r3, #0]
20000490:	bd10      	pop	{r4, pc}
20000492:	46c0      	nop			@ (mov r8, r8)
20000494:	50100000 	.word	0x50100000
20000498:	20002780 	.word	0x20002780
2000049c:	20002b48 	.word	0x20002b48
200004a0:	50100180 	.word	0x50100180

200004a4 <hw_handle_buff_status>:
200004a4:	b5f0      	push	{r4, r5, r6, r7, lr}
200004a6:	464e      	mov	r6, r9
200004a8:	4645      	mov	r5, r8
200004aa:	46de      	mov	lr, fp
200004ac:	4657      	mov	r7, sl
200004ae:	b5e0      	push	{r5, r6, r7, lr}
200004b0:	4b21      	ldr	r3, [pc, #132]	@ (20000538 <hw_handle_buff_status+0x94>)
200004b2:	2400      	movs	r4, #0
200004b4:	6d9e      	ldr	r6, [r3, #88]	@ 0x58
200004b6:	2501      	movs	r5, #1
200004b8:	b085      	sub	sp, #20
200004ba:	2e00      	cmp	r6, #0
200004bc:	d022      	beq.n	20000504 <hw_handle_buff_status+0x60>
200004be:	4b1f      	ldr	r3, [pc, #124]	@ (2000053c <hw_handle_buff_status+0x98>)
200004c0:	469a      	mov	sl, r3
200004c2:	2301      	movs	r3, #1
200004c4:	4699      	mov	r9, r3
200004c6:	4b1e      	ldr	r3, [pc, #120]	@ (20000540 <hw_handle_buff_status+0x9c>)
200004c8:	4698      	mov	r8, r3
200004ca:	e001      	b.n	200004d0 <hw_handle_buff_status+0x2c>
200004cc:	2c20      	cmp	r4, #32
200004ce:	d019      	beq.n	20000504 <hw_handle_buff_status+0x60>
200004d0:	002a      	movs	r2, r5
200004d2:	0023      	movs	r3, r4
200004d4:	3401      	adds	r4, #1
200004d6:	002f      	movs	r7, r5
200004d8:	4032      	ands	r2, r6
200004da:	b2e4      	uxtb	r4, r4
200004dc:	006d      	lsls	r5, r5, #1
200004de:	2a00      	cmp	r2, #0
200004e0:	d0f4      	beq.n	200004cc <hw_handle_buff_status+0x28>
200004e2:	4652      	mov	r2, sl
200004e4:	6597      	str	r7, [r2, #88]	@ 0x58
200004e6:	464a      	mov	r2, r9
200004e8:	085b      	lsrs	r3, r3, #1
200004ea:	005b      	lsls	r3, r3, #1
200004ec:	4022      	ands	r2, r4
200004ee:	189b      	adds	r3, r3, r2
200004f0:	015b      	lsls	r3, r3, #5
200004f2:	4443      	add	r3, r8
200004f4:	0018      	movs	r0, r3
200004f6:	469b      	mov	fp, r3
200004f8:	f000 fc1e 	bl	20000d38 <hw_endpoint_xfer_continue>
200004fc:	2800      	cmp	r0, #0
200004fe:	d108      	bne.n	20000512 <hw_handle_buff_status+0x6e>
20000500:	43be      	bics	r6, r7
20000502:	d1e3      	bne.n	200004cc <hw_handle_buff_status+0x28>
20000504:	b005      	add	sp, #20
20000506:	bcf0      	pop	{r4, r5, r6, r7}
20000508:	46bb      	mov	fp, r7
2000050a:	46b2      	mov	sl, r6
2000050c:	46a9      	mov	r9, r5
2000050e:	46a0      	mov	r8, r4
20000510:	bdf0      	pop	{r4, r5, r6, r7, pc}
20000512:	465b      	mov	r3, fp
20000514:	21e0      	movs	r1, #224	@ 0xe0
20000516:	789a      	ldrb	r2, [r3, #2]
20000518:	8adb      	ldrh	r3, [r3, #22]
2000051a:	a801      	add	r0, sp, #4
2000051c:	6083      	str	r3, [r0, #8]
2000051e:	2300      	movs	r3, #0
20000520:	00c9      	lsls	r1, r1, #3
20000522:	8001      	strh	r1, [r0, #0]
20000524:	2101      	movs	r1, #1
20000526:	7102      	strb	r2, [r0, #4]
20000528:	7143      	strb	r3, [r0, #5]
2000052a:	f000 fc25 	bl	20000d78 <dcd_event_handler>
2000052e:	4658      	mov	r0, fp
20000530:	f000 fba0 	bl	20000c74 <hw_endpoint_reset_transfer>
20000534:	e7e4      	b.n	20000500 <hw_handle_buff_status+0x5c>
20000536:	46c0      	nop			@ (mov r8, r8)
20000538:	50110000 	.word	0x50110000
2000053c:	50113000 	.word	0x50113000
20000540:	20002740 	.word	0x20002740

20000544 <dcd_rp2040_irq>:
20000544:	2398      	movs	r3, #152	@ 0x98
20000546:	b5f0      	push	{r4, r5, r6, r7, lr}
20000548:	46c6      	mov	lr, r8
2000054a:	4ac8      	ldr	r2, [pc, #800]	@ (2000086c <dcd_rp2040_irq+0x328>)
2000054c:	b500      	push	{lr}
2000054e:	58d5      	ldr	r5, [r2, r3]
20000550:	2380      	movs	r3, #128	@ 0x80
20000552:	002e      	movs	r6, r5
20000554:	029b      	lsls	r3, r3, #10
20000556:	2410      	movs	r4, #16
20000558:	b084      	sub	sp, #16
2000055a:	401e      	ands	r6, r3
2000055c:	421d      	tst	r5, r3
2000055e:	d074      	beq.n	2000064a <dcd_rp2040_irq+0x106>
20000560:	4bc3      	ldr	r3, [pc, #780]	@ (20000870 <dcd_rp2040_irq+0x32c>)
20000562:	4cc4      	ldr	r4, [pc, #784]	@ (20000874 <dcd_rp2040_irq+0x330>)
20000564:	6a9a      	ldr	r2, [r3, #40]	@ 0x28
20000566:	4bc4      	ldr	r3, [pc, #784]	@ (20000878 <dcd_rp2040_irq+0x334>)
20000568:	2600      	movs	r6, #0
2000056a:	601a      	str	r2, [r3, #0]
2000056c:	233b      	movs	r3, #59	@ 0x3b
2000056e:	5ce3      	ldrb	r3, [r4, r3]
20000570:	2b02      	cmp	r3, #2
20000572:	d100      	bne.n	20000576 <dcd_rp2040_irq+0x32>
20000574:	e14f      	b.n	20000816 <dcd_rp2040_irq+0x2d2>
20000576:	237b      	movs	r3, #123	@ 0x7b
20000578:	5ce3      	ldrb	r3, [r4, r3]
2000057a:	2b02      	cmp	r3, #2
2000057c:	d100      	bne.n	20000580 <dcd_rp2040_irq+0x3c>
2000057e:	e0f3      	b.n	20000768 <dcd_rp2040_irq+0x224>
20000580:	23bb      	movs	r3, #187	@ 0xbb
20000582:	5ce3      	ldrb	r3, [r4, r3]
20000584:	2b02      	cmp	r3, #2
20000586:	d100      	bne.n	2000058a <dcd_rp2040_irq+0x46>
20000588:	e0fa      	b.n	20000780 <dcd_rp2040_irq+0x23c>
2000058a:	23fb      	movs	r3, #251	@ 0xfb
2000058c:	5ce3      	ldrb	r3, [r4, r3]
2000058e:	2b02      	cmp	r3, #2
20000590:	d100      	bne.n	20000594 <dcd_rp2040_irq+0x50>
20000592:	e101      	b.n	20000798 <dcd_rp2040_irq+0x254>
20000594:	233c      	movs	r3, #60	@ 0x3c
20000596:	33ff      	adds	r3, #255	@ 0xff
20000598:	5ce3      	ldrb	r3, [r4, r3]
2000059a:	2b02      	cmp	r3, #2
2000059c:	d100      	bne.n	200005a0 <dcd_rp2040_irq+0x5c>
2000059e:	e12d      	b.n	200007fc <dcd_rp2040_irq+0x2b8>
200005a0:	237c      	movs	r3, #124	@ 0x7c
200005a2:	33ff      	adds	r3, #255	@ 0xff
200005a4:	5ce3      	ldrb	r3, [r4, r3]
200005a6:	2b02      	cmp	r3, #2
200005a8:	d100      	bne.n	200005ac <dcd_rp2040_irq+0x68>
200005aa:	e10e      	b.n	200007ca <dcd_rp2040_irq+0x286>
200005ac:	23bc      	movs	r3, #188	@ 0xbc
200005ae:	33ff      	adds	r3, #255	@ 0xff
200005b0:	5ce3      	ldrb	r3, [r4, r3]
200005b2:	2b02      	cmp	r3, #2
200005b4:	d100      	bne.n	200005b8 <dcd_rp2040_irq+0x74>
200005b6:	e13f      	b.n	20000838 <dcd_rp2040_irq+0x2f4>
200005b8:	23fc      	movs	r3, #252	@ 0xfc
200005ba:	33ff      	adds	r3, #255	@ 0xff
200005bc:	5ce3      	ldrb	r3, [r4, r3]
200005be:	2b02      	cmp	r3, #2
200005c0:	d100      	bne.n	200005c4 <dcd_rp2040_irq+0x80>
200005c2:	e0f5      	b.n	200007b0 <dcd_rp2040_irq+0x26c>
200005c4:	4bad      	ldr	r3, [pc, #692]	@ (2000087c <dcd_rp2040_irq+0x338>)
200005c6:	5ce3      	ldrb	r3, [r4, r3]
200005c8:	2b02      	cmp	r3, #2
200005ca:	d100      	bne.n	200005ce <dcd_rp2040_irq+0x8a>
200005cc:	e174      	b.n	200008b8 <dcd_rp2040_irq+0x374>
200005ce:	4bac      	ldr	r3, [pc, #688]	@ (20000880 <dcd_rp2040_irq+0x33c>)
200005d0:	5ce3      	ldrb	r3, [r4, r3]
200005d2:	2b02      	cmp	r3, #2
200005d4:	d100      	bne.n	200005d8 <dcd_rp2040_irq+0x94>
200005d6:	e105      	b.n	200007e4 <dcd_rp2040_irq+0x2a0>
200005d8:	4baa      	ldr	r3, [pc, #680]	@ (20000884 <dcd_rp2040_irq+0x340>)
200005da:	5ce3      	ldrb	r3, [r4, r3]
200005dc:	2b02      	cmp	r3, #2
200005de:	d100      	bne.n	200005e2 <dcd_rp2040_irq+0x9e>
200005e0:	e175      	b.n	200008ce <dcd_rp2040_irq+0x38a>
200005e2:	4ba9      	ldr	r3, [pc, #676]	@ (20000888 <dcd_rp2040_irq+0x344>)
200005e4:	5ce3      	ldrb	r3, [r4, r3]
200005e6:	2b02      	cmp	r3, #2
200005e8:	d100      	bne.n	200005ec <dcd_rp2040_irq+0xa8>
200005ea:	e132      	b.n	20000852 <dcd_rp2040_irq+0x30e>
200005ec:	4ba7      	ldr	r3, [pc, #668]	@ (2000088c <dcd_rp2040_irq+0x348>)
200005ee:	5ce3      	ldrb	r3, [r4, r3]
200005f0:	2b02      	cmp	r3, #2
200005f2:	d100      	bne.n	200005f6 <dcd_rp2040_irq+0xb2>
200005f4:	e1a0      	b.n	20000938 <dcd_rp2040_irq+0x3f4>
200005f6:	4ba6      	ldr	r3, [pc, #664]	@ (20000890 <dcd_rp2040_irq+0x34c>)
200005f8:	5ce3      	ldrb	r3, [r4, r3]
200005fa:	2b02      	cmp	r3, #2
200005fc:	d100      	bne.n	20000600 <dcd_rp2040_irq+0xbc>
200005fe:	e171      	b.n	200008e4 <dcd_rp2040_irq+0x3a0>
20000600:	4ba4      	ldr	r3, [pc, #656]	@ (20000894 <dcd_rp2040_irq+0x350>)
20000602:	5ce3      	ldrb	r3, [r4, r3]
20000604:	2b02      	cmp	r3, #2
20000606:	d100      	bne.n	2000060a <dcd_rp2040_irq+0xc6>
20000608:	e1a1      	b.n	2000094e <dcd_rp2040_irq+0x40a>
2000060a:	4ba3      	ldr	r3, [pc, #652]	@ (20000898 <dcd_rp2040_irq+0x354>)
2000060c:	5ce3      	ldrb	r3, [r4, r3]
2000060e:	2b02      	cmp	r3, #2
20000610:	d100      	bne.n	20000614 <dcd_rp2040_irq+0xd0>
20000612:	e17f      	b.n	20000914 <dcd_rp2040_irq+0x3d0>
20000614:	2e00      	cmp	r6, #0
20000616:	d108      	bne.n	2000062a <dcd_rp2040_irq+0xe6>
20000618:	4ba0      	ldr	r3, [pc, #640]	@ (2000089c <dcd_rp2040_irq+0x358>)
2000061a:	781b      	ldrb	r3, [r3, #0]
2000061c:	2b00      	cmp	r3, #0
2000061e:	d104      	bne.n	2000062a <dcd_rp2040_irq+0xe6>
20000620:	2180      	movs	r1, #128	@ 0x80
20000622:	4a9f      	ldr	r2, [pc, #636]	@ (200008a0 <dcd_rp2040_irq+0x35c>)
20000624:	3390      	adds	r3, #144	@ 0x90
20000626:	0289      	lsls	r1, r1, #10
20000628:	50d1      	str	r1, [r2, r3]
2000062a:	22c0      	movs	r2, #192	@ 0xc0
2000062c:	4669      	mov	r1, sp
2000062e:	4b8f      	ldr	r3, [pc, #572]	@ (2000086c <dcd_rp2040_irq+0x328>)
20000630:	0092      	lsls	r2, r2, #2
20000632:	6c9b      	ldr	r3, [r3, #72]	@ 0x48
20000634:	2680      	movs	r6, #128	@ 0x80
20000636:	055b      	lsls	r3, r3, #21
20000638:	808a      	strh	r2, [r1, #4]
2000063a:	0d5b      	lsrs	r3, r3, #21
2000063c:	2101      	movs	r1, #1
2000063e:	a801      	add	r0, sp, #4
20000640:	9302      	str	r3, [sp, #8]
20000642:	f000 fb99 	bl	20000d78 <dcd_event_handler>
20000646:	4c97      	ldr	r4, [pc, #604]	@ (200008a4 <dcd_rp2040_irq+0x360>)
20000648:	02b6      	lsls	r6, r6, #10
2000064a:	06eb      	lsls	r3, r5, #27
2000064c:	d500      	bpl.n	20000650 <dcd_rp2040_irq+0x10c>
2000064e:	e07f      	b.n	20000750 <dcd_rp2040_irq+0x20c>
20000650:	2380      	movs	r3, #128	@ 0x80
20000652:	025b      	lsls	r3, r3, #9
20000654:	421d      	tst	r5, r3
20000656:	d031      	beq.n	200006bc <dcd_rp2040_irq+0x178>
20000658:	431e      	orrs	r6, r3
2000065a:	2301      	movs	r3, #1
2000065c:	2402      	movs	r4, #2
2000065e:	4698      	mov	r8, r3
20000660:	4f84      	ldr	r7, [pc, #528]	@ (20000874 <dcd_rp2040_irq+0x330>)
20000662:	7ebb      	ldrb	r3, [r7, #26]
20000664:	2b00      	cmp	r3, #0
20000666:	d014      	beq.n	20000692 <dcd_rp2040_irq+0x14e>
20000668:	f000 fc9a 	bl	20000fa0 <__rp2040_chip_version_veneer>
2000066c:	2801      	cmp	r0, #1
2000066e:	d900      	bls.n	20000672 <dcd_rp2040_irq+0x12e>
20000670:	e072      	b.n	20000758 <dcd_rp2040_irq+0x214>
20000672:	22c0      	movs	r2, #192	@ 0xc0
20000674:	2100      	movs	r1, #0
20000676:	0038      	movs	r0, r7
20000678:	0192      	lsls	r2, r2, #6
2000067a:	f000 fb01 	bl	20000c80 <_hw_endpoint_buffer_control_update32>
2000067e:	0038      	movs	r0, r7
20000680:	f000 faf8 	bl	20000c74 <hw_endpoint_reset_transfer>
20000684:	f000 fc8c 	bl	20000fa0 <__rp2040_chip_version_veneer>
20000688:	2801      	cmp	r0, #1
2000068a:	d902      	bls.n	20000692 <dcd_rp2040_irq+0x14e>
2000068c:	4b84      	ldr	r3, [pc, #528]	@ (200008a0 <dcd_rp2040_irq+0x35c>)
2000068e:	665c      	str	r4, [r3, #100]	@ 0x64
20000690:	661c      	str	r4, [r3, #96]	@ 0x60
20000692:	4643      	mov	r3, r8
20000694:	70fb      	strb	r3, [r7, #3]
20000696:	3720      	adds	r7, #32
20000698:	2c01      	cmp	r4, #1
2000069a:	d122      	bne.n	200006e2 <dcd_rp2040_irq+0x19e>
2000069c:	23c0      	movs	r3, #192	@ 0xc0
2000069e:	466a      	mov	r2, sp
200006a0:	00db      	lsls	r3, r3, #3
200006a2:	8093      	strh	r3, [r2, #4]
200006a4:	4a80      	ldr	r2, [pc, #512]	@ (200008a8 <dcd_rp2040_irq+0x364>)
200006a6:	ab02      	add	r3, sp, #8
200006a8:	ca03      	ldmia	r2!, {r0, r1}
200006aa:	c303      	stmia	r3!, {r0, r1}
200006ac:	2101      	movs	r1, #1
200006ae:	a801      	add	r0, sp, #4
200006b0:	f000 fb62 	bl	20000d78 <dcd_event_handler>
200006b4:	2280      	movs	r2, #128	@ 0x80
200006b6:	4b7a      	ldr	r3, [pc, #488]	@ (200008a0 <dcd_rp2040_irq+0x35c>)
200006b8:	0292      	lsls	r2, r2, #10
200006ba:	651a      	str	r2, [r3, #80]	@ 0x50
200006bc:	2380      	movs	r3, #128	@ 0x80
200006be:	015b      	lsls	r3, r3, #5
200006c0:	421d      	tst	r5, r3
200006c2:	d110      	bne.n	200006e6 <dcd_rp2040_irq+0x1a2>
200006c4:	2380      	movs	r3, #128	@ 0x80
200006c6:	01db      	lsls	r3, r3, #7
200006c8:	421d      	tst	r5, r3
200006ca:	d123      	bne.n	20000714 <dcd_rp2040_irq+0x1d0>
200006cc:	2380      	movs	r3, #128	@ 0x80
200006ce:	021b      	lsls	r3, r3, #8
200006d0:	421d      	tst	r5, r3
200006d2:	d12f      	bne.n	20000734 <dcd_rp2040_irq+0x1f0>
200006d4:	42ae      	cmp	r6, r5
200006d6:	d000      	beq.n	200006da <dcd_rp2040_irq+0x196>
200006d8:	e1c0      	b.n	20000a5c <dcd_rp2040_irq+0x518>
200006da:	b004      	add	sp, #16
200006dc:	bc80      	pop	{r7}
200006de:	46b8      	mov	r8, r7
200006e0:	bdf0      	pop	{r4, r5, r6, r7, pc}
200006e2:	2401      	movs	r4, #1
200006e4:	e7bd      	b.n	20000662 <dcd_rp2040_irq+0x11e>
200006e6:	2400      	movs	r4, #0
200006e8:	431e      	orrs	r6, r3
200006ea:	4b60      	ldr	r3, [pc, #384]	@ (2000086c <dcd_rp2040_irq+0x328>)
200006ec:	601c      	str	r4, [r3, #0]
200006ee:	f7ff fea5 	bl	2000043c <reset_non_control_endpoints>
200006f2:	2380      	movs	r3, #128	@ 0x80
200006f4:	466a      	mov	r2, sp
200006f6:	005b      	lsls	r3, r3, #1
200006f8:	8093      	strh	r3, [r2, #4]
200006fa:	7214      	strb	r4, [r2, #8]
200006fc:	2101      	movs	r1, #1
200006fe:	a801      	add	r0, sp, #4
20000700:	f000 fb3a 	bl	20000d78 <dcd_event_handler>
20000704:	2280      	movs	r2, #128	@ 0x80
20000706:	4b66      	ldr	r3, [pc, #408]	@ (200008a0 <dcd_rp2040_irq+0x35c>)
20000708:	0312      	lsls	r2, r2, #12
2000070a:	651a      	str	r2, [r3, #80]	@ 0x50
2000070c:	2380      	movs	r3, #128	@ 0x80
2000070e:	01db      	lsls	r3, r3, #7
20000710:	421d      	tst	r5, r3
20000712:	d0db      	beq.n	200006cc <dcd_rp2040_irq+0x188>
20000714:	431e      	orrs	r6, r3
20000716:	2380      	movs	r3, #128	@ 0x80
20000718:	466a      	mov	r2, sp
2000071a:	00db      	lsls	r3, r3, #3
2000071c:	8093      	strh	r3, [r2, #4]
2000071e:	2101      	movs	r1, #1
20000720:	a801      	add	r0, sp, #4
20000722:	f000 fb29 	bl	20000d78 <dcd_event_handler>
20000726:	2210      	movs	r2, #16
20000728:	4b5d      	ldr	r3, [pc, #372]	@ (200008a0 <dcd_rp2040_irq+0x35c>)
2000072a:	651a      	str	r2, [r3, #80]	@ 0x50
2000072c:	2380      	movs	r3, #128	@ 0x80
2000072e:	021b      	lsls	r3, r3, #8
20000730:	421d      	tst	r5, r3
20000732:	d0cf      	beq.n	200006d4 <dcd_rp2040_irq+0x190>
20000734:	431e      	orrs	r6, r3
20000736:	23a0      	movs	r3, #160	@ 0xa0
20000738:	466a      	mov	r2, sp
2000073a:	00db      	lsls	r3, r3, #3
2000073c:	8093      	strh	r3, [r2, #4]
2000073e:	2101      	movs	r1, #1
20000740:	a801      	add	r0, sp, #4
20000742:	f000 fb19 	bl	20000d78 <dcd_event_handler>
20000746:	2280      	movs	r2, #128	@ 0x80
20000748:	4b55      	ldr	r3, [pc, #340]	@ (200008a0 <dcd_rp2040_irq+0x35c>)
2000074a:	0112      	lsls	r2, r2, #4
2000074c:	651a      	str	r2, [r3, #80]	@ 0x50
2000074e:	e7c1      	b.n	200006d4 <dcd_rp2040_irq+0x190>
20000750:	f7ff fea8 	bl	200004a4 <hw_handle_buff_status>
20000754:	0026      	movs	r6, r4
20000756:	e77b      	b.n	20000650 <dcd_rp2040_irq+0x10c>
20000758:	4b54      	ldr	r3, [pc, #336]	@ (200008ac <dcd_rp2040_irq+0x368>)
2000075a:	4a44      	ldr	r2, [pc, #272]	@ (2000086c <dcd_rp2040_irq+0x328>)
2000075c:	661c      	str	r4, [r3, #96]	@ 0x60
2000075e:	6e53      	ldr	r3, [r2, #100]	@ 0x64
20000760:	4023      	ands	r3, r4
20000762:	42a3      	cmp	r3, r4
20000764:	d1fb      	bne.n	2000075e <dcd_rp2040_irq+0x21a>
20000766:	e784      	b.n	20000672 <dcd_rp2040_irq+0x12e>
20000768:	3378      	adds	r3, #120	@ 0x78
2000076a:	5ce7      	ldrb	r7, [r4, r3]
2000076c:	2f00      	cmp	r7, #0
2000076e:	d100      	bne.n	20000772 <dcd_rp2040_irq+0x22e>
20000770:	e706      	b.n	20000580 <dcd_rp2040_irq+0x3c>
20000772:	3302      	adds	r3, #2
20000774:	5ce2      	ldrb	r2, [r4, r3]
20000776:	2a00      	cmp	r2, #0
20000778:	d000      	beq.n	2000077c <dcd_rp2040_irq+0x238>
2000077a:	e10d      	b.n	20000998 <dcd_rp2040_irq+0x454>
2000077c:	003e      	movs	r6, r7
2000077e:	e6ff      	b.n	20000580 <dcd_rp2040_irq+0x3c>
20000780:	33b8      	adds	r3, #184	@ 0xb8
20000782:	5ce7      	ldrb	r7, [r4, r3]
20000784:	2f00      	cmp	r7, #0
20000786:	d100      	bne.n	2000078a <dcd_rp2040_irq+0x246>
20000788:	e6ff      	b.n	2000058a <dcd_rp2040_irq+0x46>
2000078a:	3302      	adds	r3, #2
2000078c:	5ce2      	ldrb	r2, [r4, r3]
2000078e:	2a00      	cmp	r2, #0
20000790:	d000      	beq.n	20000794 <dcd_rp2040_irq+0x250>
20000792:	e0f9      	b.n	20000988 <dcd_rp2040_irq+0x444>
20000794:	003e      	movs	r6, r7
20000796:	e6f8      	b.n	2000058a <dcd_rp2040_irq+0x46>
20000798:	33f8      	adds	r3, #248	@ 0xf8
2000079a:	5ce7      	ldrb	r7, [r4, r3]
2000079c:	2f00      	cmp	r7, #0
2000079e:	d100      	bne.n	200007a2 <dcd_rp2040_irq+0x25e>
200007a0:	e6f8      	b.n	20000594 <dcd_rp2040_irq+0x50>
200007a2:	3302      	adds	r3, #2
200007a4:	5ce2      	ldrb	r2, [r4, r3]
200007a6:	2a00      	cmp	r2, #0
200007a8:	d000      	beq.n	200007ac <dcd_rp2040_irq+0x268>
200007aa:	e141      	b.n	20000a30 <dcd_rp2040_irq+0x4ec>
200007ac:	003e      	movs	r6, r7
200007ae:	e6f1      	b.n	20000594 <dcd_rp2040_irq+0x50>
200007b0:	33f9      	adds	r3, #249	@ 0xf9
200007b2:	33ff      	adds	r3, #255	@ 0xff
200007b4:	5ce7      	ldrb	r7, [r4, r3]
200007b6:	2f00      	cmp	r7, #0
200007b8:	d100      	bne.n	200007bc <dcd_rp2040_irq+0x278>
200007ba:	e703      	b.n	200005c4 <dcd_rp2040_irq+0x80>
200007bc:	3302      	adds	r3, #2
200007be:	5ce2      	ldrb	r2, [r4, r3]
200007c0:	2a00      	cmp	r2, #0
200007c2:	d000      	beq.n	200007c6 <dcd_rp2040_irq+0x282>
200007c4:	e12b      	b.n	20000a1e <dcd_rp2040_irq+0x4da>
200007c6:	003e      	movs	r6, r7
200007c8:	e6fc      	b.n	200005c4 <dcd_rp2040_irq+0x80>
200007ca:	3379      	adds	r3, #121	@ 0x79
200007cc:	33ff      	adds	r3, #255	@ 0xff
200007ce:	5ce7      	ldrb	r7, [r4, r3]
200007d0:	2f00      	cmp	r7, #0
200007d2:	d100      	bne.n	200007d6 <dcd_rp2040_irq+0x292>
200007d4:	e6ea      	b.n	200005ac <dcd_rp2040_irq+0x68>
200007d6:	3302      	adds	r3, #2
200007d8:	5ce2      	ldrb	r2, [r4, r3]
200007da:	2a00      	cmp	r2, #0
200007dc:	d000      	beq.n	200007e0 <dcd_rp2040_irq+0x29c>
200007de:	e115      	b.n	20000a0c <dcd_rp2040_irq+0x4c8>
200007e0:	003e      	movs	r6, r7
200007e2:	e6e3      	b.n	200005ac <dcd_rp2040_irq+0x68>
200007e4:	4b32      	ldr	r3, [pc, #200]	@ (200008b0 <dcd_rp2040_irq+0x36c>)
200007e6:	5ce7      	ldrb	r7, [r4, r3]
200007e8:	2f00      	cmp	r7, #0
200007ea:	d100      	bne.n	200007ee <dcd_rp2040_irq+0x2aa>
200007ec:	e6f4      	b.n	200005d8 <dcd_rp2040_irq+0x94>
200007ee:	3302      	adds	r3, #2
200007f0:	5ce2      	ldrb	r2, [r4, r3]
200007f2:	2a00      	cmp	r2, #0
200007f4:	d000      	beq.n	200007f8 <dcd_rp2040_irq+0x2b4>
200007f6:	e101      	b.n	200009fc <dcd_rp2040_irq+0x4b8>
200007f8:	003e      	movs	r6, r7
200007fa:	e6ed      	b.n	200005d8 <dcd_rp2040_irq+0x94>
200007fc:	3339      	adds	r3, #57	@ 0x39
200007fe:	33ff      	adds	r3, #255	@ 0xff
20000800:	5ce7      	ldrb	r7, [r4, r3]
20000802:	2f00      	cmp	r7, #0
20000804:	d100      	bne.n	20000808 <dcd_rp2040_irq+0x2c4>
20000806:	e6cb      	b.n	200005a0 <dcd_rp2040_irq+0x5c>
20000808:	3302      	adds	r3, #2
2000080a:	5ce2      	ldrb	r2, [r4, r3]
2000080c:	2a00      	cmp	r2, #0
2000080e:	d000      	beq.n	20000812 <dcd_rp2040_irq+0x2ce>
20000810:	e0eb      	b.n	200009ea <dcd_rp2040_irq+0x4a6>
20000812:	003e      	movs	r6, r7
20000814:	e6c4      	b.n	200005a0 <dcd_rp2040_irq+0x5c>
20000816:	3338      	adds	r3, #56	@ 0x38
20000818:	5ce6      	ldrb	r6, [r4, r3]
2000081a:	2e00      	cmp	r6, #0
2000081c:	d100      	bne.n	20000820 <dcd_rp2040_irq+0x2dc>
2000081e:	e6aa      	b.n	20000576 <dcd_rp2040_irq+0x32>
20000820:	3302      	adds	r3, #2
20000822:	5ce2      	ldrb	r2, [r4, r3]
20000824:	2a00      	cmp	r2, #0
20000826:	d100      	bne.n	2000082a <dcd_rp2040_irq+0x2e6>
20000828:	e6a5      	b.n	20000576 <dcd_rp2040_irq+0x32>
2000082a:	0020      	movs	r0, r4
2000082c:	2200      	movs	r2, #0
2000082e:	3020      	adds	r0, #32
20000830:	54e2      	strb	r2, [r4, r3]
20000832:	f000 fa4d 	bl	20000cd0 <hw_endpoint_start_next_buffer>
20000836:	e69e      	b.n	20000576 <dcd_rp2040_irq+0x32>
20000838:	33b9      	adds	r3, #185	@ 0xb9
2000083a:	33ff      	adds	r3, #255	@ 0xff
2000083c:	5ce7      	ldrb	r7, [r4, r3]
2000083e:	2f00      	cmp	r7, #0
20000840:	d100      	bne.n	20000844 <dcd_rp2040_irq+0x300>
20000842:	e6b9      	b.n	200005b8 <dcd_rp2040_irq+0x74>
20000844:	3302      	adds	r3, #2
20000846:	5ce2      	ldrb	r2, [r4, r3]
20000848:	2a00      	cmp	r2, #0
2000084a:	d000      	beq.n	2000084e <dcd_rp2040_irq+0x30a>
2000084c:	e0c4      	b.n	200009d8 <dcd_rp2040_irq+0x494>
2000084e:	003e      	movs	r6, r7
20000850:	e6b2      	b.n	200005b8 <dcd_rp2040_irq+0x74>
20000852:	4b18      	ldr	r3, [pc, #96]	@ (200008b4 <dcd_rp2040_irq+0x370>)
20000854:	5ce7      	ldrb	r7, [r4, r3]
20000856:	2f00      	cmp	r7, #0
20000858:	d100      	bne.n	2000085c <dcd_rp2040_irq+0x318>
2000085a:	e6c7      	b.n	200005ec <dcd_rp2040_irq+0xa8>
2000085c:	3302      	adds	r3, #2
2000085e:	5ce2      	ldrb	r2, [r4, r3]
20000860:	2a00      	cmp	r2, #0
20000862:	d000      	beq.n	20000866 <dcd_rp2040_irq+0x322>
20000864:	e0b0      	b.n	200009c8 <dcd_rp2040_irq+0x484>
20000866:	003e      	movs	r6, r7
20000868:	e6c0      	b.n	200005ec <dcd_rp2040_irq+0xa8>
2000086a:	46c0      	nop			@ (mov r8, r8)
2000086c:	50110000 	.word	0x50110000
20000870:	40054000 	.word	0x40054000
20000874:	20002740 	.word	0x20002740
20000878:	20002738 	.word	0x20002738
2000087c:	0000023b 	.word	0x0000023b
20000880:	0000027b 	.word	0x0000027b
20000884:	000002bb 	.word	0x000002bb
20000888:	000002fb 	.word	0x000002fb
2000088c:	0000033b 	.word	0x0000033b
20000890:	0000037b 	.word	0x0000037b
20000894:	000003bb 	.word	0x000003bb
20000898:	000003fb 	.word	0x000003fb
2000089c:	20002bae 	.word	0x20002bae
200008a0:	50113000 	.word	0x50113000
200008a4:	00020010 	.word	0x00020010
200008a8:	50100000 	.word	0x50100000
200008ac:	50112000 	.word	0x50112000
200008b0:	0000027a 	.word	0x0000027a
200008b4:	000002fa 	.word	0x000002fa
200008b8:	4b6b      	ldr	r3, [pc, #428]	@ (20000a68 <dcd_rp2040_irq+0x524>)
200008ba:	5ce7      	ldrb	r7, [r4, r3]
200008bc:	2f00      	cmp	r7, #0
200008be:	d100      	bne.n	200008c2 <dcd_rp2040_irq+0x37e>
200008c0:	e685      	b.n	200005ce <dcd_rp2040_irq+0x8a>
200008c2:	3302      	adds	r3, #2
200008c4:	5ce2      	ldrb	r2, [r4, r3]
200008c6:	2a00      	cmp	r2, #0
200008c8:	d176      	bne.n	200009b8 <dcd_rp2040_irq+0x474>
200008ca:	003e      	movs	r6, r7
200008cc:	e67f      	b.n	200005ce <dcd_rp2040_irq+0x8a>
200008ce:	4b67      	ldr	r3, [pc, #412]	@ (20000a6c <dcd_rp2040_irq+0x528>)
200008d0:	5ce7      	ldrb	r7, [r4, r3]
200008d2:	2f00      	cmp	r7, #0
200008d4:	d100      	bne.n	200008d8 <dcd_rp2040_irq+0x394>
200008d6:	e684      	b.n	200005e2 <dcd_rp2040_irq+0x9e>
200008d8:	3302      	adds	r3, #2
200008da:	5ce2      	ldrb	r2, [r4, r3]
200008dc:	2a00      	cmp	r2, #0
200008de:	d163      	bne.n	200009a8 <dcd_rp2040_irq+0x464>
200008e0:	003e      	movs	r6, r7
200008e2:	e67e      	b.n	200005e2 <dcd_rp2040_irq+0x9e>
200008e4:	4b62      	ldr	r3, [pc, #392]	@ (20000a70 <dcd_rp2040_irq+0x52c>)
200008e6:	5ce7      	ldrb	r7, [r4, r3]
200008e8:	2f00      	cmp	r7, #0
200008ea:	d100      	bne.n	200008ee <dcd_rp2040_irq+0x3aa>
200008ec:	e688      	b.n	20000600 <dcd_rp2040_irq+0xbc>
200008ee:	3302      	adds	r3, #2
200008f0:	5ce2      	ldrb	r2, [r4, r3]
200008f2:	2a00      	cmp	r2, #0
200008f4:	d000      	beq.n	200008f8 <dcd_rp2040_irq+0x3b4>
200008f6:	e0a3      	b.n	20000a40 <dcd_rp2040_irq+0x4fc>
200008f8:	4b5e      	ldr	r3, [pc, #376]	@ (20000a74 <dcd_rp2040_irq+0x530>)
200008fa:	5ce3      	ldrb	r3, [r4, r3]
200008fc:	2b02      	cmp	r3, #2
200008fe:	d130      	bne.n	20000962 <dcd_rp2040_irq+0x41e>
20000900:	4b5d      	ldr	r3, [pc, #372]	@ (20000a78 <dcd_rp2040_irq+0x534>)
20000902:	5ce3      	ldrb	r3, [r4, r3]
20000904:	2b00      	cmp	r3, #0
20000906:	d127      	bne.n	20000958 <dcd_rp2040_irq+0x414>
20000908:	4b5c      	ldr	r3, [pc, #368]	@ (20000a7c <dcd_rp2040_irq+0x538>)
2000090a:	5ce3      	ldrb	r3, [r4, r3]
2000090c:	2b02      	cmp	r3, #2
2000090e:	d000      	beq.n	20000912 <dcd_rp2040_irq+0x3ce>
20000910:	e68b      	b.n	2000062a <dcd_rp2040_irq+0xe6>
20000912:	003e      	movs	r6, r7
20000914:	4b5a      	ldr	r3, [pc, #360]	@ (20000a80 <dcd_rp2040_irq+0x53c>)
20000916:	5ce3      	ldrb	r3, [r4, r3]
20000918:	2b00      	cmp	r3, #0
2000091a:	d100      	bne.n	2000091e <dcd_rp2040_irq+0x3da>
2000091c:	e67a      	b.n	20000614 <dcd_rp2040_irq+0xd0>
2000091e:	23ff      	movs	r3, #255	@ 0xff
20000920:	009b      	lsls	r3, r3, #2
20000922:	5ce2      	ldrb	r2, [r4, r3]
20000924:	2a00      	cmp	r2, #0
20000926:	d100      	bne.n	2000092a <dcd_rp2040_irq+0x3e6>
20000928:	e67f      	b.n	2000062a <dcd_rp2040_irq+0xe6>
2000092a:	2200      	movs	r2, #0
2000092c:	54e2      	strb	r2, [r4, r3]
2000092e:	3b1c      	subs	r3, #28
20000930:	18e0      	adds	r0, r4, r3
20000932:	f000 f9cd 	bl	20000cd0 <hw_endpoint_start_next_buffer>
20000936:	e678      	b.n	2000062a <dcd_rp2040_irq+0xe6>
20000938:	4b52      	ldr	r3, [pc, #328]	@ (20000a84 <dcd_rp2040_irq+0x540>)
2000093a:	5ce7      	ldrb	r7, [r4, r3]
2000093c:	2f00      	cmp	r7, #0
2000093e:	d100      	bne.n	20000942 <dcd_rp2040_irq+0x3fe>
20000940:	e659      	b.n	200005f6 <dcd_rp2040_irq+0xb2>
20000942:	3302      	adds	r3, #2
20000944:	5ce2      	ldrb	r2, [r4, r3]
20000946:	2a00      	cmp	r2, #0
20000948:	d116      	bne.n	20000978 <dcd_rp2040_irq+0x434>
2000094a:	003e      	movs	r6, r7
2000094c:	e653      	b.n	200005f6 <dcd_rp2040_irq+0xb2>
2000094e:	4b4a      	ldr	r3, [pc, #296]	@ (20000a78 <dcd_rp2040_irq+0x534>)
20000950:	5ce3      	ldrb	r3, [r4, r3]
20000952:	2b00      	cmp	r3, #0
20000954:	d100      	bne.n	20000958 <dcd_rp2040_irq+0x414>
20000956:	e658      	b.n	2000060a <dcd_rp2040_irq+0xc6>
20000958:	23ef      	movs	r3, #239	@ 0xef
2000095a:	009b      	lsls	r3, r3, #2
2000095c:	5ce2      	ldrb	r2, [r4, r3]
2000095e:	2a00      	cmp	r2, #0
20000960:	d175      	bne.n	20000a4e <dcd_rp2040_irq+0x50a>
20000962:	4b46      	ldr	r3, [pc, #280]	@ (20000a7c <dcd_rp2040_irq+0x538>)
20000964:	5ce3      	ldrb	r3, [r4, r3]
20000966:	2b02      	cmp	r3, #2
20000968:	d000      	beq.n	2000096c <dcd_rp2040_irq+0x428>
2000096a:	e65e      	b.n	2000062a <dcd_rp2040_irq+0xe6>
2000096c:	4b44      	ldr	r3, [pc, #272]	@ (20000a80 <dcd_rp2040_irq+0x53c>)
2000096e:	5ce3      	ldrb	r3, [r4, r3]
20000970:	2b00      	cmp	r3, #0
20000972:	d100      	bne.n	20000976 <dcd_rp2040_irq+0x432>
20000974:	e659      	b.n	2000062a <dcd_rp2040_irq+0xe6>
20000976:	e7d2      	b.n	2000091e <dcd_rp2040_irq+0x3da>
20000978:	2200      	movs	r2, #0
2000097a:	54e2      	strb	r2, [r4, r3]
2000097c:	3b1c      	subs	r3, #28
2000097e:	18e0      	adds	r0, r4, r3
20000980:	f000 f9a6 	bl	20000cd0 <hw_endpoint_start_next_buffer>
20000984:	003e      	movs	r6, r7
20000986:	e636      	b.n	200005f6 <dcd_rp2040_irq+0xb2>
20000988:	0020      	movs	r0, r4
2000098a:	2200      	movs	r2, #0
2000098c:	30a0      	adds	r0, #160	@ 0xa0
2000098e:	54e2      	strb	r2, [r4, r3]
20000990:	003e      	movs	r6, r7
20000992:	f000 f99d 	bl	20000cd0 <hw_endpoint_start_next_buffer>
20000996:	e5f8      	b.n	2000058a <dcd_rp2040_irq+0x46>
20000998:	0020      	movs	r0, r4
2000099a:	2200      	movs	r2, #0
2000099c:	3060      	adds	r0, #96	@ 0x60
2000099e:	54e2      	strb	r2, [r4, r3]
200009a0:	003e      	movs	r6, r7
200009a2:	f000 f995 	bl	20000cd0 <hw_endpoint_start_next_buffer>
200009a6:	e5eb      	b.n	20000580 <dcd_rp2040_irq+0x3c>
200009a8:	2200      	movs	r2, #0
200009aa:	54e2      	strb	r2, [r4, r3]
200009ac:	3b1c      	subs	r3, #28
200009ae:	18e0      	adds	r0, r4, r3
200009b0:	f000 f98e 	bl	20000cd0 <hw_endpoint_start_next_buffer>
200009b4:	003e      	movs	r6, r7
200009b6:	e614      	b.n	200005e2 <dcd_rp2040_irq+0x9e>
200009b8:	2200      	movs	r2, #0
200009ba:	54e2      	strb	r2, [r4, r3]
200009bc:	3b1c      	subs	r3, #28
200009be:	18e0      	adds	r0, r4, r3
200009c0:	f000 f986 	bl	20000cd0 <hw_endpoint_start_next_buffer>
200009c4:	003e      	movs	r6, r7
200009c6:	e602      	b.n	200005ce <dcd_rp2040_irq+0x8a>
200009c8:	2200      	movs	r2, #0
200009ca:	54e2      	strb	r2, [r4, r3]
200009cc:	3b1c      	subs	r3, #28
200009ce:	18e0      	adds	r0, r4, r3
200009d0:	f000 f97e 	bl	20000cd0 <hw_endpoint_start_next_buffer>
200009d4:	003e      	movs	r6, r7
200009d6:	e609      	b.n	200005ec <dcd_rp2040_irq+0xa8>
200009d8:	0020      	movs	r0, r4
200009da:	2200      	movs	r2, #0
200009dc:	30a1      	adds	r0, #161	@ 0xa1
200009de:	30ff      	adds	r0, #255	@ 0xff
200009e0:	54e2      	strb	r2, [r4, r3]
200009e2:	003e      	movs	r6, r7
200009e4:	f000 f974 	bl	20000cd0 <hw_endpoint_start_next_buffer>
200009e8:	e5e6      	b.n	200005b8 <dcd_rp2040_irq+0x74>
200009ea:	0020      	movs	r0, r4
200009ec:	2200      	movs	r2, #0
200009ee:	3021      	adds	r0, #33	@ 0x21
200009f0:	30ff      	adds	r0, #255	@ 0xff
200009f2:	54e2      	strb	r2, [r4, r3]
200009f4:	003e      	movs	r6, r7
200009f6:	f000 f96b 	bl	20000cd0 <hw_endpoint_start_next_buffer>
200009fa:	e5d1      	b.n	200005a0 <dcd_rp2040_irq+0x5c>
200009fc:	2200      	movs	r2, #0
200009fe:	54e2      	strb	r2, [r4, r3]
20000a00:	3b1c      	subs	r3, #28
20000a02:	18e0      	adds	r0, r4, r3
20000a04:	f000 f964 	bl	20000cd0 <hw_endpoint_start_next_buffer>
20000a08:	003e      	movs	r6, r7
20000a0a:	e5e5      	b.n	200005d8 <dcd_rp2040_irq+0x94>
20000a0c:	0020      	movs	r0, r4
20000a0e:	2200      	movs	r2, #0
20000a10:	3061      	adds	r0, #97	@ 0x61
20000a12:	30ff      	adds	r0, #255	@ 0xff
20000a14:	54e2      	strb	r2, [r4, r3]
20000a16:	003e      	movs	r6, r7
20000a18:	f000 f95a 	bl	20000cd0 <hw_endpoint_start_next_buffer>
20000a1c:	e5c6      	b.n	200005ac <dcd_rp2040_irq+0x68>
20000a1e:	0020      	movs	r0, r4
20000a20:	2200      	movs	r2, #0
20000a22:	30e1      	adds	r0, #225	@ 0xe1
20000a24:	30ff      	adds	r0, #255	@ 0xff
20000a26:	54e2      	strb	r2, [r4, r3]
20000a28:	003e      	movs	r6, r7
20000a2a:	f000 f951 	bl	20000cd0 <hw_endpoint_start_next_buffer>
20000a2e:	e5c9      	b.n	200005c4 <dcd_rp2040_irq+0x80>
20000a30:	0020      	movs	r0, r4
20000a32:	2200      	movs	r2, #0
20000a34:	30e0      	adds	r0, #224	@ 0xe0
20000a36:	54e2      	strb	r2, [r4, r3]
20000a38:	003e      	movs	r6, r7
20000a3a:	f000 f949 	bl	20000cd0 <hw_endpoint_start_next_buffer>
20000a3e:	e5a9      	b.n	20000594 <dcd_rp2040_irq+0x50>
20000a40:	2200      	movs	r2, #0
20000a42:	54e2      	strb	r2, [r4, r3]
20000a44:	3b1c      	subs	r3, #28
20000a46:	18e0      	adds	r0, r4, r3
20000a48:	f000 f942 	bl	20000cd0 <hw_endpoint_start_next_buffer>
20000a4c:	e754      	b.n	200008f8 <dcd_rp2040_irq+0x3b4>
20000a4e:	2200      	movs	r2, #0
20000a50:	54e2      	strb	r2, [r4, r3]
20000a52:	3b1c      	subs	r3, #28
20000a54:	18e0      	adds	r0, r4, r3
20000a56:	f000 f93b 	bl	20000cd0 <hw_endpoint_start_next_buffer>
20000a5a:	e782      	b.n	20000962 <dcd_rp2040_irq+0x41e>
20000a5c:	0031      	movs	r1, r6
20000a5e:	480a      	ldr	r0, [pc, #40]	@ (20000a88 <dcd_rp2040_irq+0x544>)
20000a60:	4069      	eors	r1, r5
20000a62:	f000 fab5 	bl	20000fd0 <__panic_veneer>
20000a66:	46c0      	nop			@ (mov r8, r8)
20000a68:	0000023a 	.word	0x0000023a
20000a6c:	000002ba 	.word	0x000002ba
20000a70:	0000037a 	.word	0x0000037a
20000a74:	000003bb 	.word	0x000003bb
20000a78:	000003ba 	.word	0x000003ba
20000a7c:	000003fb 	.word	0x000003fb
20000a80:	000003fa 	.word	0x000003fa
20000a84:	0000033a 	.word	0x0000033a
20000a88:	10006fe8 	.word	0x10006fe8

20000a8c <prepare_ep_buffer>:
20000a8c:	b5f0      	push	{r4, r5, r6, r7, lr}
20000a8e:	46c6      	mov	lr, r8
20000a90:	b500      	push	{lr}
20000a92:	0002      	movs	r2, r0
20000a94:	8a83      	ldrh	r3, [r0, #20]
20000a96:	8b00      	ldrh	r0, [r0, #24]
20000a98:	468c      	mov	ip, r1
20000a9a:	1c01      	adds	r1, r0, #0
20000a9c:	4298      	cmp	r0, r3
20000a9e:	d900      	bls.n	20000aa2 <prepare_ep_buffer+0x16>
20000aa0:	1c19      	adds	r1, r3, #0
20000aa2:	78d4      	ldrb	r4, [r2, #3]
20000aa4:	2580      	movs	r5, #128	@ 0x80
20000aa6:	0020      	movs	r0, r4
20000aa8:	1e46      	subs	r6, r0, #1
20000aaa:	41b0      	sbcs	r0, r6
20000aac:	b289      	uxth	r1, r1
20000aae:	00ed      	lsls	r5, r5, #3
20000ab0:	430d      	orrs	r5, r1
20000ab2:	0340      	lsls	r0, r0, #13
20000ab4:	4328      	orrs	r0, r5
20000ab6:	2501      	movs	r5, #1
20000ab8:	406c      	eors	r4, r5
20000aba:	1a5b      	subs	r3, r3, r1
20000abc:	70d4      	strb	r4, [r2, #3]
20000abe:	7854      	ldrb	r4, [r2, #1]
20000ac0:	b29b      	uxth	r3, r3
20000ac2:	8293      	strh	r3, [r2, #20]
20000ac4:	2c00      	cmp	r4, #0
20000ac6:	d131      	bne.n	20000b2c <prepare_ep_buffer+0xa0>
20000ac8:	4664      	mov	r4, ip
20000aca:	68d5      	ldr	r5, [r2, #12]
20000acc:	01a4      	lsls	r4, r4, #6
20000ace:	1e4e      	subs	r6, r1, #1
20000ad0:	192d      	adds	r5, r5, r4
20000ad2:	46b0      	mov	r8, r6
20000ad4:	6914      	ldr	r4, [r2, #16]
20000ad6:	2900      	cmp	r1, #0
20000ad8:	d023      	beq.n	20000b22 <prepare_ep_buffer+0x96>
20000ada:	2e06      	cmp	r6, #6
20000adc:	d932      	bls.n	20000b44 <prepare_ep_buffer+0xb8>
20000ade:	002b      	movs	r3, r5
20000ae0:	4323      	orrs	r3, r4
20000ae2:	079b      	lsls	r3, r3, #30
20000ae4:	d12e      	bne.n	20000b44 <prepare_ep_buffer+0xb8>
20000ae6:	1c63      	adds	r3, r4, #1
20000ae8:	1aeb      	subs	r3, r5, r3
20000aea:	2b02      	cmp	r3, #2
20000aec:	d92a      	bls.n	20000b44 <prepare_ep_buffer+0xb8>
20000aee:	2300      	movs	r3, #0
20000af0:	088f      	lsrs	r7, r1, #2
20000af2:	00bf      	lsls	r7, r7, #2
20000af4:	58e6      	ldr	r6, [r4, r3]
20000af6:	50ee      	str	r6, [r5, r3]
20000af8:	3304      	adds	r3, #4
20000afa:	429f      	cmp	r7, r3
20000afc:	d1fa      	bne.n	20000af4 <prepare_ep_buffer+0x68>
20000afe:	4643      	mov	r3, r8
20000b00:	19ed      	adds	r5, r5, r7
20000b02:	1bdb      	subs	r3, r3, r7
20000b04:	19e4      	adds	r4, r4, r7
20000b06:	42b9      	cmp	r1, r7
20000b08:	d009      	beq.n	20000b1e <prepare_ep_buffer+0x92>
20000b0a:	7826      	ldrb	r6, [r4, #0]
20000b0c:	702e      	strb	r6, [r5, #0]
20000b0e:	2b00      	cmp	r3, #0
20000b10:	d005      	beq.n	20000b1e <prepare_ep_buffer+0x92>
20000b12:	7866      	ldrb	r6, [r4, #1]
20000b14:	706e      	strb	r6, [r5, #1]
20000b16:	2b01      	cmp	r3, #1
20000b18:	d001      	beq.n	20000b1e <prepare_ep_buffer+0x92>
20000b1a:	78a3      	ldrb	r3, [r4, #2]
20000b1c:	70ab      	strb	r3, [r5, #2]
20000b1e:	6914      	ldr	r4, [r2, #16]
20000b20:	8a93      	ldrh	r3, [r2, #20]
20000b22:	1864      	adds	r4, r4, r1
20000b24:	6114      	str	r4, [r2, #16]
20000b26:	2280      	movs	r2, #128	@ 0x80
20000b28:	0212      	lsls	r2, r2, #8
20000b2a:	4310      	orrs	r0, r2
20000b2c:	2b00      	cmp	r3, #0
20000b2e:	d102      	bne.n	20000b36 <prepare_ep_buffer+0xaa>
20000b30:	2380      	movs	r3, #128	@ 0x80
20000b32:	01db      	lsls	r3, r3, #7
20000b34:	4318      	orrs	r0, r3
20000b36:	4663      	mov	r3, ip
20000b38:	2b00      	cmp	r3, #0
20000b3a:	d000      	beq.n	20000b3e <prepare_ep_buffer+0xb2>
20000b3c:	0400      	lsls	r0, r0, #16
20000b3e:	bc80      	pop	{r7}
20000b40:	46b8      	mov	r8, r7
20000b42:	bdf0      	pop	{r4, r5, r6, r7, pc}
20000b44:	2300      	movs	r3, #0
20000b46:	5ce6      	ldrb	r6, [r4, r3]
20000b48:	54ee      	strb	r6, [r5, r3]
20000b4a:	3301      	adds	r3, #1
20000b4c:	4299      	cmp	r1, r3
20000b4e:	d1fa      	bne.n	20000b46 <prepare_ep_buffer+0xba>
20000b50:	e7e5      	b.n	20000b1e <prepare_ep_buffer+0x92>
20000b52:	46c0      	nop			@ (mov r8, r8)

20000b54 <sync_ep_buffer>:
20000b54:	6883      	ldr	r3, [r0, #8]
20000b56:	b5f0      	push	{r4, r5, r6, r7, lr}
20000b58:	681a      	ldr	r2, [r3, #0]
20000b5a:	0004      	movs	r4, r0
20000b5c:	2900      	cmp	r1, #0
20000b5e:	d000      	beq.n	20000b62 <sync_ep_buffer+0xe>
20000b60:	0c12      	lsrs	r2, r2, #16
20000b62:	7863      	ldrb	r3, [r4, #1]
20000b64:	0592      	lsls	r2, r2, #22
20000b66:	0d90      	lsrs	r0, r2, #22
20000b68:	2b00      	cmp	r3, #0
20000b6a:	d108      	bne.n	20000b7e <sync_ep_buffer+0x2a>
20000b6c:	8ae3      	ldrh	r3, [r4, #22]
20000b6e:	18c3      	adds	r3, r0, r3
20000b70:	82e3      	strh	r3, [r4, #22]
20000b72:	8b23      	ldrh	r3, [r4, #24]
20000b74:	4283      	cmp	r3, r0
20000b76:	d901      	bls.n	20000b7c <sync_ep_buffer+0x28>
20000b78:	2300      	movs	r3, #0
20000b7a:	82a3      	strh	r3, [r4, #20]
20000b7c:	bdf0      	pop	{r4, r5, r6, r7, pc}
20000b7e:	68e3      	ldr	r3, [r4, #12]
20000b80:	0189      	lsls	r1, r1, #6
20000b82:	6925      	ldr	r5, [r4, #16]
20000b84:	185e      	adds	r6, r3, r1
20000b86:	1e47      	subs	r7, r0, #1
20000b88:	2800      	cmp	r0, #0
20000b8a:	d022      	beq.n	20000bd2 <sync_ep_buffer+0x7e>
20000b8c:	2f06      	cmp	r7, #6
20000b8e:	d926      	bls.n	20000bde <sync_ep_buffer+0x8a>
20000b90:	3101      	adds	r1, #1
20000b92:	185b      	adds	r3, r3, r1
20000b94:	1aeb      	subs	r3, r5, r3
20000b96:	2b02      	cmp	r3, #2
20000b98:	d921      	bls.n	20000bde <sync_ep_buffer+0x8a>
20000b9a:	002b      	movs	r3, r5
20000b9c:	4333      	orrs	r3, r6
20000b9e:	079b      	lsls	r3, r3, #30
20000ba0:	d11d      	bne.n	20000bde <sync_ep_buffer+0x8a>
20000ba2:	2300      	movs	r3, #0
20000ba4:	0e12      	lsrs	r2, r2, #24
20000ba6:	0092      	lsls	r2, r2, #2
20000ba8:	58f1      	ldr	r1, [r6, r3]
20000baa:	50e9      	str	r1, [r5, r3]
20000bac:	3304      	adds	r3, #4
20000bae:	429a      	cmp	r2, r3
20000bb0:	d1fa      	bne.n	20000ba8 <sync_ep_buffer+0x54>
20000bb2:	1abf      	subs	r7, r7, r2
20000bb4:	18ad      	adds	r5, r5, r2
20000bb6:	18b6      	adds	r6, r6, r2
20000bb8:	4290      	cmp	r0, r2
20000bba:	d009      	beq.n	20000bd0 <sync_ep_buffer+0x7c>
20000bbc:	7832      	ldrb	r2, [r6, #0]
20000bbe:	702a      	strb	r2, [r5, #0]
20000bc0:	2f00      	cmp	r7, #0
20000bc2:	d005      	beq.n	20000bd0 <sync_ep_buffer+0x7c>
20000bc4:	7872      	ldrb	r2, [r6, #1]
20000bc6:	706a      	strb	r2, [r5, #1]
20000bc8:	2f01      	cmp	r7, #1
20000bca:	d001      	beq.n	20000bd0 <sync_ep_buffer+0x7c>
20000bcc:	78b2      	ldrb	r2, [r6, #2]
20000bce:	70aa      	strb	r2, [r5, #2]
20000bd0:	6925      	ldr	r5, [r4, #16]
20000bd2:	8ae3      	ldrh	r3, [r4, #22]
20000bd4:	182d      	adds	r5, r5, r0
20000bd6:	18c3      	adds	r3, r0, r3
20000bd8:	82e3      	strh	r3, [r4, #22]
20000bda:	6125      	str	r5, [r4, #16]
20000bdc:	e7c9      	b.n	20000b72 <sync_ep_buffer+0x1e>
20000bde:	2200      	movs	r2, #0
20000be0:	5cb3      	ldrb	r3, [r6, r2]
20000be2:	54ab      	strb	r3, [r5, r2]
20000be4:	3201      	adds	r2, #1
20000be6:	4290      	cmp	r0, r2
20000be8:	d1fa      	bne.n	20000be0 <sync_ep_buffer+0x8c>
20000bea:	6925      	ldr	r5, [r4, #16]
20000bec:	e7f1      	b.n	20000bd2 <sync_ep_buffer+0x7e>
20000bee:	46c0      	nop			@ (mov r8, r8)

20000bf0 <_hw_endpoint_xfer_sync>:
20000bf0:	b510      	push	{r4, lr}
20000bf2:	0004      	movs	r4, r0
20000bf4:	6883      	ldr	r3, [r0, #8]
20000bf6:	2100      	movs	r1, #0
20000bf8:	681b      	ldr	r3, [r3, #0]
20000bfa:	f7ff ffab 	bl	20000b54 <sync_ep_buffer>
20000bfe:	6863      	ldr	r3, [r4, #4]
20000c00:	681b      	ldr	r3, [r3, #0]
20000c02:	005b      	lsls	r3, r3, #1
20000c04:	d502      	bpl.n	20000c0c <_hw_endpoint_xfer_sync+0x1c>
20000c06:	8b23      	ldrh	r3, [r4, #24]
20000c08:	4283      	cmp	r3, r0
20000c0a:	d000      	beq.n	20000c0e <_hw_endpoint_xfer_sync+0x1e>
20000c0c:	bd10      	pop	{r4, pc}
20000c0e:	2101      	movs	r1, #1
20000c10:	0020      	movs	r0, r4
20000c12:	f7ff ff9f 	bl	20000b54 <sync_ep_buffer>
20000c16:	e7f9      	b.n	20000c0c <_hw_endpoint_xfer_sync+0x1c>

20000c18 <e15_is_bulkin_ep>:
20000c18:	4a08      	ldr	r2, [pc, #32]	@ (20000c3c <e15_is_bulkin_ep+0x24>)
20000c1a:	0003      	movs	r3, r0
20000c1c:	6c12      	ldr	r2, [r2, #64]	@ 0x40
20000c1e:	2000      	movs	r0, #0
20000c20:	0792      	lsls	r2, r2, #30
20000c22:	d403      	bmi.n	20000c2c <e15_is_bulkin_ep+0x14>
20000c24:	789a      	ldrb	r2, [r3, #2]
20000c26:	09d2      	lsrs	r2, r2, #7
20000c28:	2a01      	cmp	r2, #1
20000c2a:	d000      	beq.n	20000c2e <e15_is_bulkin_ep+0x16>
20000c2c:	4770      	bx	lr
20000c2e:	7ed8      	ldrb	r0, [r3, #27]
20000c30:	3802      	subs	r0, #2
20000c32:	4243      	negs	r3, r0
20000c34:	4158      	adcs	r0, r3
20000c36:	b2c0      	uxtb	r0, r0
20000c38:	e7f8      	b.n	20000c2c <e15_is_bulkin_ep+0x14>
20000c3a:	46c0      	nop			@ (mov r8, r8)
20000c3c:	50110000 	.word	0x50110000

20000c40 <e15_is_critical_frame_period>:
20000c40:	b510      	push	{r4, lr}
20000c42:	f7ff ffe9 	bl	20000c18 <e15_is_bulkin_ep>
20000c46:	2800      	cmp	r0, #0
20000c48:	d00c      	beq.n	20000c64 <e15_is_critical_frame_period+0x24>
20000c4a:	4907      	ldr	r1, [pc, #28]	@ (20000c68 <e15_is_critical_frame_period+0x28>)
20000c4c:	4b07      	ldr	r3, [pc, #28]	@ (20000c6c <e15_is_critical_frame_period+0x2c>)
20000c4e:	468c      	mov	ip, r1
20000c50:	4a07      	ldr	r2, [pc, #28]	@ (20000c70 <e15_is_critical_frame_period+0x30>)
20000c52:	6a9b      	ldr	r3, [r3, #40]	@ 0x28
20000c54:	6812      	ldr	r2, [r2, #0]
20000c56:	4463      	add	r3, ip
20000c58:	1a9b      	subs	r3, r3, r2
20000c5a:	2000      	movs	r0, #0
20000c5c:	22c6      	movs	r2, #198	@ 0xc6
20000c5e:	429a      	cmp	r2, r3
20000c60:	4140      	adcs	r0, r0
20000c62:	b2c0      	uxtb	r0, r0
20000c64:	bd10      	pop	{r4, pc}
20000c66:	46c0      	nop			@ (mov r8, r8)
20000c68:	fffffce0 	.word	0xfffffce0
20000c6c:	40054000 	.word	0x40054000
20000c70:	20002738 	.word	0x20002738

20000c74 <hw_endpoint_reset_transfer>:
20000c74:	2300      	movs	r3, #0
20000c76:	7683      	strb	r3, [r0, #26]
20000c78:	6143      	str	r3, [r0, #20]
20000c7a:	6103      	str	r3, [r0, #16]
20000c7c:	4770      	bx	lr
20000c7e:	46c0      	nop			@ (mov r8, r8)

20000c80 <_hw_endpoint_buffer_control_update32>:
20000c80:	b510      	push	{r4, lr}
20000c82:	6883      	ldr	r3, [r0, #8]
20000c84:	2900      	cmp	r1, #0
20000c86:	d001      	beq.n	20000c8c <_hw_endpoint_buffer_control_update32+0xc>
20000c88:	681c      	ldr	r4, [r3, #0]
20000c8a:	4021      	ands	r1, r4
20000c8c:	2a00      	cmp	r2, #0
20000c8e:	d012      	beq.n	20000cb6 <_hw_endpoint_buffer_control_update32+0x36>
20000c90:	2480      	movs	r4, #128	@ 0x80
20000c92:	00e4      	lsls	r4, r4, #3
20000c94:	4311      	orrs	r1, r2
20000c96:	4222      	tst	r2, r4
20000c98:	d00d      	beq.n	20000cb6 <_hw_endpoint_buffer_control_update32+0x36>
20000c9a:	681a      	ldr	r2, [r3, #0]
20000c9c:	4222      	tst	r2, r4
20000c9e:	d10c      	bne.n	20000cba <_hw_endpoint_buffer_control_update32+0x3a>
20000ca0:	4a08      	ldr	r2, [pc, #32]	@ (20000cc4 <_hw_endpoint_buffer_control_update32+0x44>)
20000ca2:	400a      	ands	r2, r1
20000ca4:	601a      	str	r2, [r3, #0]
20000ca6:	4a08      	ldr	r2, [pc, #32]	@ (20000cc8 <_hw_endpoint_buffer_control_update32+0x48>)
20000ca8:	6c12      	ldr	r2, [r2, #64]	@ 0x40
20000caa:	0792      	lsls	r2, r2, #30
20000cac:	d403      	bmi.n	20000cb6 <_hw_endpoint_buffer_control_update32+0x36>
20000cae:	230c      	movs	r3, #12
20000cb0:	3b03      	subs	r3, #3
20000cb2:	d2fd      	bcs.n	20000cb0 <_hw_endpoint_buffer_control_update32+0x30>
20000cb4:	6883      	ldr	r3, [r0, #8]
20000cb6:	6019      	str	r1, [r3, #0]
20000cb8:	bd10      	pop	{r4, pc}
20000cba:	7881      	ldrb	r1, [r0, #2]
20000cbc:	4803      	ldr	r0, [pc, #12]	@ (20000ccc <_hw_endpoint_buffer_control_update32+0x4c>)
20000cbe:	f000 f987 	bl	20000fd0 <__panic_veneer>
20000cc2:	46c0      	nop			@ (mov r8, r8)
20000cc4:	fffffbff 	.word	0xfffffbff
20000cc8:	50110000 	.word	0x50110000
20000ccc:	10006ffc 	.word	0x10006ffc

20000cd0 <hw_endpoint_start_next_buffer>:
20000cd0:	6843      	ldr	r3, [r0, #4]
20000cd2:	b570      	push	{r4, r5, r6, lr}
20000cd4:	2100      	movs	r1, #0
20000cd6:	2580      	movs	r5, #128	@ 0x80
20000cd8:	0004      	movs	r4, r0
20000cda:	681e      	ldr	r6, [r3, #0]
20000cdc:	f7ff fed6 	bl	20000a8c <prepare_ep_buffer>
20000ce0:	4b12      	ldr	r3, [pc, #72]	@ (20000d2c <hw_endpoint_start_next_buffer+0x5c>)
20000ce2:	016d      	lsls	r5, r5, #5
20000ce4:	6c1a      	ldr	r2, [r3, #64]	@ 0x40
20000ce6:	4305      	orrs	r5, r0
20000ce8:	78a3      	ldrb	r3, [r4, #2]
20000cea:	0792      	lsls	r2, r2, #30
20000cec:	d50e      	bpl.n	20000d0c <hw_endpoint_start_next_buffer+0x3c>
20000cee:	065b      	lsls	r3, r3, #25
20000cf0:	d00e      	beq.n	20000d10 <hw_endpoint_start_next_buffer+0x40>
20000cf2:	4b0f      	ldr	r3, [pc, #60]	@ (20000d30 <hw_endpoint_start_next_buffer+0x60>)
20000cf4:	401e      	ands	r6, r3
20000cf6:	2380      	movs	r3, #128	@ 0x80
20000cf8:	059b      	lsls	r3, r3, #22
20000cfa:	4333      	orrs	r3, r6
20000cfc:	6862      	ldr	r2, [r4, #4]
20000cfe:	2100      	movs	r1, #0
20000d00:	6013      	str	r3, [r2, #0]
20000d02:	0020      	movs	r0, r4
20000d04:	002a      	movs	r2, r5
20000d06:	f7ff ffbb 	bl	20000c80 <_hw_endpoint_buffer_control_update32>
20000d0a:	bd70      	pop	{r4, r5, r6, pc}
20000d0c:	09db      	lsrs	r3, r3, #7
20000d0e:	d0f0      	beq.n	20000cf2 <hw_endpoint_start_next_buffer+0x22>
20000d10:	8aa3      	ldrh	r3, [r4, #20]
20000d12:	2b00      	cmp	r3, #0
20000d14:	d0ed      	beq.n	20000cf2 <hw_endpoint_start_next_buffer+0x22>
20000d16:	2101      	movs	r1, #1
20000d18:	0020      	movs	r0, r4
20000d1a:	f7ff feb7 	bl	20000a8c <prepare_ep_buffer>
20000d1e:	23a0      	movs	r3, #160	@ 0xa0
20000d20:	4a04      	ldr	r2, [pc, #16]	@ (20000d34 <hw_endpoint_start_next_buffer+0x64>)
20000d22:	05db      	lsls	r3, r3, #23
20000d24:	4032      	ands	r2, r6
20000d26:	4305      	orrs	r5, r0
20000d28:	4313      	orrs	r3, r2
20000d2a:	e7e7      	b.n	20000cfc <hw_endpoint_start_next_buffer+0x2c>
20000d2c:	50110000 	.word	0x50110000
20000d30:	afffffff 	.word	0xafffffff
20000d34:	dfffffff 	.word	0xdfffffff

20000d38 <hw_endpoint_xfer_continue>:
20000d38:	b570      	push	{r4, r5, r6, lr}
20000d3a:	7e85      	ldrb	r5, [r0, #26]
20000d3c:	0004      	movs	r4, r0
20000d3e:	2d00      	cmp	r5, #0
20000d40:	d014      	beq.n	20000d6c <hw_endpoint_xfer_continue+0x34>
20000d42:	f7ff ff55 	bl	20000bf0 <_hw_endpoint_xfer_sync>
20000d46:	8aa3      	ldrh	r3, [r4, #20]
20000d48:	2b00      	cmp	r3, #0
20000d4a:	d101      	bne.n	20000d50 <hw_endpoint_xfer_continue+0x18>
20000d4c:	0028      	movs	r0, r5
20000d4e:	bd70      	pop	{r4, r5, r6, pc}
20000d50:	0020      	movs	r0, r4
20000d52:	f7ff ff75 	bl	20000c40 <e15_is_critical_frame_period>
20000d56:	2800      	cmp	r0, #0
20000d58:	d003      	beq.n	20000d62 <hw_endpoint_xfer_continue+0x2a>
20000d5a:	2301      	movs	r3, #1
20000d5c:	2500      	movs	r5, #0
20000d5e:	7723      	strb	r3, [r4, #28]
20000d60:	e7f4      	b.n	20000d4c <hw_endpoint_xfer_continue+0x14>
20000d62:	0020      	movs	r0, r4
20000d64:	f7ff ffb4 	bl	20000cd0 <hw_endpoint_start_next_buffer>
20000d68:	2500      	movs	r5, #0
20000d6a:	e7ef      	b.n	20000d4c <hw_endpoint_xfer_continue+0x14>
20000d6c:	7881      	ldrb	r1, [r0, #2]
20000d6e:	4801      	ldr	r0, [pc, #4]	@ (20000d74 <hw_endpoint_xfer_continue+0x3c>)
20000d70:	f000 f92e 	bl	20000fd0 <__panic_veneer>
20000d74:	1000701c 	.word	0x1000701c

20000d78 <dcd_event_handler>:
20000d78:	b5f0      	push	{r4, r5, r6, r7, lr}
20000d7a:	46ce      	mov	lr, r9
20000d7c:	4647      	mov	r7, r8
20000d7e:	b580      	push	{r7, lr}
20000d80:	7843      	ldrb	r3, [r0, #1]
20000d82:	0005      	movs	r5, r0
20000d84:	000e      	movs	r6, r1
20000d86:	b085      	sub	sp, #20
20000d88:	2b06      	cmp	r3, #6
20000d8a:	d808      	bhi.n	20000d9e <dcd_event_handler+0x26>
20000d8c:	4a6c      	ldr	r2, [pc, #432]	@ (20000f40 <dcd_event_handler+0x1c8>)
20000d8e:	009b      	lsls	r3, r3, #2
20000d90:	58d3      	ldr	r3, [r2, r3]
20000d92:	469f      	mov	pc, r3
20000d94:	4a6b      	ldr	r2, [pc, #428]	@ (20000f44 <dcd_event_handler+0x1cc>)
20000d96:	7813      	ldrb	r3, [r2, #0]
20000d98:	3301      	adds	r3, #1
20000d9a:	b2db      	uxtb	r3, r3
20000d9c:	7013      	strb	r3, [r2, #0]
20000d9e:	4b6a      	ldr	r3, [pc, #424]	@ (20000f48 <dcd_event_handler+0x1d0>)
20000da0:	681c      	ldr	r4, [r3, #0]
20000da2:	6962      	ldr	r2, [r4, #20]
20000da4:	f3ef 8110 	mrs	r1, PRIMASK
20000da8:	b672      	cpsid	i
20000daa:	6813      	ldr	r3, [r2, #0]
20000dac:	2b00      	cmp	r3, #0
20000dae:	d0fc      	beq.n	20000daa <dcd_event_handler+0x32>
20000db0:	f3bf 8f5f 	dmb	sy
20000db4:	61a1      	str	r1, [r4, #24]
20000db6:	0020      	movs	r0, r4
20000db8:	0029      	movs	r1, r5
20000dba:	f000 f8d9 	bl	20000f70 <__tu_fifo_write_veneer>
20000dbe:	6962      	ldr	r2, [r4, #20]
20000dc0:	69a3      	ldr	r3, [r4, #24]
20000dc2:	f3bf 8f5f 	dmb	sy
20000dc6:	2100      	movs	r1, #0
20000dc8:	6011      	str	r1, [r2, #0]
20000dca:	f383 8810 	msr	PRIMASK, r3
20000dce:	2800      	cmp	r0, #0
20000dd0:	d104      	bne.n	20000ddc <dcd_event_handler+0x64>
20000dd2:	b005      	add	sp, #20
20000dd4:	bcc0      	pop	{r6, r7}
20000dd6:	46b9      	mov	r9, r7
20000dd8:	46b0      	mov	r8, r6
20000dda:	bdf0      	pop	{r4, r5, r6, r7, pc}
20000ddc:	0032      	movs	r2, r6
20000dde:	7869      	ldrb	r1, [r5, #1]
20000de0:	7828      	ldrb	r0, [r5, #0]
20000de2:	f000 f8e5 	bl	20000fb0 <__tud_event_hook_cb_veneer>
20000de6:	e7f4      	b.n	20000dd2 <dcd_event_handler+0x5a>
20000de8:	2101      	movs	r1, #1
20000dea:	4b58      	ldr	r3, [pc, #352]	@ (20000f4c <dcd_event_handler+0x1d4>)
20000dec:	781a      	ldrb	r2, [r3, #0]
20000dee:	438a      	bics	r2, r1
20000df0:	701a      	strb	r2, [r3, #0]
20000df2:	781a      	ldrb	r2, [r3, #0]
20000df4:	3101      	adds	r1, #1
20000df6:	438a      	bics	r2, r1
20000df8:	701a      	strb	r2, [r3, #0]
20000dfa:	2200      	movs	r2, #0
20000dfc:	705a      	strb	r2, [r3, #1]
20000dfe:	781a      	ldrb	r2, [r3, #0]
20000e00:	3102      	adds	r1, #2
20000e02:	438a      	bics	r2, r1
20000e04:	701a      	strb	r2, [r3, #0]
20000e06:	e7ca      	b.n	20000d9e <dcd_event_handler+0x26>
20000e08:	4951      	ldr	r1, [pc, #324]	@ (20000f50 <dcd_event_handler+0x1d8>)
20000e0a:	4f52      	ldr	r7, [pc, #328]	@ (20000f54 <dcd_event_handler+0x1dc>)
20000e0c:	4689      	mov	r9, r1
20000e0e:	4952      	ldr	r1, [pc, #328]	@ (20000f58 <dcd_event_handler+0x1e0>)
20000e10:	2400      	movs	r4, #0
20000e12:	2300      	movs	r3, #0
20000e14:	4688      	mov	r8, r1
20000e16:	783a      	ldrb	r2, [r7, #0]
20000e18:	e012      	b.n	20000e40 <dcd_event_handler+0xc8>
20000e1a:	4643      	mov	r3, r8
20000e1c:	681b      	ldr	r3, [r3, #0]
20000e1e:	0161      	lsls	r1, r4, #5
20000e20:	185b      	adds	r3, r3, r1
20000e22:	2b00      	cmp	r3, #0
20000e24:	d006      	beq.n	20000e34 <dcd_event_handler+0xbc>
20000e26:	69db      	ldr	r3, [r3, #28]
20000e28:	2b00      	cmp	r3, #0
20000e2a:	d003      	beq.n	20000e34 <dcd_event_handler+0xbc>
20000e2c:	6869      	ldr	r1, [r5, #4]
20000e2e:	7828      	ldrb	r0, [r5, #0]
20000e30:	4798      	blx	r3
20000e32:	783a      	ldrb	r2, [r7, #0]
20000e34:	3401      	adds	r4, #1
20000e36:	b2e4      	uxtb	r4, r4
20000e38:	1c51      	adds	r1, r2, #1
20000e3a:	0023      	movs	r3, r4
20000e3c:	42a1      	cmp	r1, r4
20000e3e:	db17      	blt.n	20000e70 <dcd_event_handler+0xf8>
20000e40:	42a2      	cmp	r2, r4
20000e42:	d8ea      	bhi.n	20000e1a <dcd_event_handler+0xa2>
20000e44:	1a9b      	subs	r3, r3, r2
20000e46:	015b      	lsls	r3, r3, #5
20000e48:	444b      	add	r3, r9
20000e4a:	e7ec      	b.n	20000e26 <dcd_event_handler+0xae>
20000e4c:	4b3f      	ldr	r3, [pc, #252]	@ (20000f4c <dcd_event_handler+0x1d4>)
20000e4e:	781a      	ldrb	r2, [r3, #0]
20000e50:	07d2      	lsls	r2, r2, #31
20000e52:	d5be      	bpl.n	20000dd2 <dcd_event_handler+0x5a>
20000e54:	2104      	movs	r1, #4
20000e56:	781a      	ldrb	r2, [r3, #0]
20000e58:	430a      	orrs	r2, r1
20000e5a:	701a      	strb	r2, [r3, #0]
20000e5c:	e79f      	b.n	20000d9e <dcd_event_handler+0x26>
20000e5e:	4b3b      	ldr	r3, [pc, #236]	@ (20000f4c <dcd_event_handler+0x1d4>)
20000e60:	781a      	ldrb	r2, [r3, #0]
20000e62:	07d2      	lsls	r2, r2, #31
20000e64:	d5b5      	bpl.n	20000dd2 <dcd_event_handler+0x5a>
20000e66:	2104      	movs	r1, #4
20000e68:	781a      	ldrb	r2, [r3, #0]
20000e6a:	438a      	bics	r2, r1
20000e6c:	701a      	strb	r2, [r3, #0]
20000e6e:	e796      	b.n	20000d9e <dcd_event_handler+0x26>
20000e70:	4f36      	ldr	r7, [pc, #216]	@ (20000f4c <dcd_event_handler+0x1d4>)
20000e72:	783b      	ldrb	r3, [r7, #0]
20000e74:	075b      	lsls	r3, r3, #29
20000e76:	d52b      	bpl.n	20000ed0 <dcd_event_handler+0x158>
20000e78:	2204      	movs	r2, #4
20000e7a:	783b      	ldrb	r3, [r7, #0]
20000e7c:	2100      	movs	r1, #0
20000e7e:	4393      	bics	r3, r2
20000e80:	703b      	strb	r3, [r7, #0]
20000e82:	466b      	mov	r3, sp
20000e84:	3206      	adds	r2, #6
20000e86:	1d98      	adds	r0, r3, #6
20000e88:	f000 f87a 	bl	20000f80 <____wrap_memset_veneer>
20000e8c:	782b      	ldrb	r3, [r5, #0]
20000e8e:	ac01      	add	r4, sp, #4
20000e90:	7023      	strb	r3, [r4, #0]
20000e92:	2305      	movs	r3, #5
20000e94:	7063      	strb	r3, [r4, #1]
20000e96:	4b2c      	ldr	r3, [pc, #176]	@ (20000f48 <dcd_event_handler+0x1d0>)
20000e98:	681b      	ldr	r3, [r3, #0]
20000e9a:	4698      	mov	r8, r3
20000e9c:	695a      	ldr	r2, [r3, #20]
20000e9e:	f3ef 8110 	mrs	r1, PRIMASK
20000ea2:	b672      	cpsid	i
20000ea4:	6813      	ldr	r3, [r2, #0]
20000ea6:	2b00      	cmp	r3, #0
20000ea8:	d0fc      	beq.n	20000ea4 <dcd_event_handler+0x12c>
20000eaa:	f3bf 8f5f 	dmb	sy
20000eae:	4643      	mov	r3, r8
20000eb0:	4640      	mov	r0, r8
20000eb2:	6199      	str	r1, [r3, #24]
20000eb4:	0021      	movs	r1, r4
20000eb6:	f000 f85b 	bl	20000f70 <__tu_fifo_write_veneer>
20000eba:	4643      	mov	r3, r8
20000ebc:	695a      	ldr	r2, [r3, #20]
20000ebe:	699b      	ldr	r3, [r3, #24]
20000ec0:	f3bf 8f5f 	dmb	sy
20000ec4:	2100      	movs	r1, #0
20000ec6:	6011      	str	r1, [r2, #0]
20000ec8:	f383 8810 	msr	PRIMASK, r3
20000ecc:	2800      	cmp	r0, #0
20000ece:	d131      	bne.n	20000f34 <dcd_event_handler+0x1bc>
20000ed0:	78fb      	ldrb	r3, [r7, #3]
20000ed2:	07db      	lsls	r3, r3, #31
20000ed4:	d400      	bmi.n	20000ed8 <dcd_event_handler+0x160>
20000ed6:	e77c      	b.n	20000dd2 <dcd_event_handler+0x5a>
20000ed8:	466b      	mov	r3, sp
20000eda:	220a      	movs	r2, #10
20000edc:	2100      	movs	r1, #0
20000ede:	1d98      	adds	r0, r3, #6
20000ee0:	f000 f84e 	bl	20000f80 <____wrap_memset_veneer>
20000ee4:	782b      	ldrb	r3, [r5, #0]
20000ee6:	ac01      	add	r4, sp, #4
20000ee8:	7023      	strb	r3, [r4, #0]
20000eea:	2303      	movs	r3, #3
20000eec:	7063      	strb	r3, [r4, #1]
20000eee:	686b      	ldr	r3, [r5, #4]
20000ef0:	6063      	str	r3, [r4, #4]
20000ef2:	4b15      	ldr	r3, [pc, #84]	@ (20000f48 <dcd_event_handler+0x1d0>)
20000ef4:	681d      	ldr	r5, [r3, #0]
20000ef6:	696a      	ldr	r2, [r5, #20]
20000ef8:	f3ef 8110 	mrs	r1, PRIMASK
20000efc:	b672      	cpsid	i
20000efe:	6813      	ldr	r3, [r2, #0]
20000f00:	2b00      	cmp	r3, #0
20000f02:	d0fc      	beq.n	20000efe <dcd_event_handler+0x186>
20000f04:	f3bf 8f5f 	dmb	sy
20000f08:	61a9      	str	r1, [r5, #24]
20000f0a:	0028      	movs	r0, r5
20000f0c:	0021      	movs	r1, r4
20000f0e:	f000 f82f 	bl	20000f70 <__tu_fifo_write_veneer>
20000f12:	696a      	ldr	r2, [r5, #20]
20000f14:	69ab      	ldr	r3, [r5, #24]
20000f16:	f3bf 8f5f 	dmb	sy
20000f1a:	2100      	movs	r1, #0
20000f1c:	6011      	str	r1, [r2, #0]
20000f1e:	f383 8810 	msr	PRIMASK, r3
20000f22:	2800      	cmp	r0, #0
20000f24:	d100      	bne.n	20000f28 <dcd_event_handler+0x1b0>
20000f26:	e754      	b.n	20000dd2 <dcd_event_handler+0x5a>
20000f28:	0032      	movs	r2, r6
20000f2a:	7861      	ldrb	r1, [r4, #1]
20000f2c:	7820      	ldrb	r0, [r4, #0]
20000f2e:	f000 f83f 	bl	20000fb0 <__tud_event_hook_cb_veneer>
20000f32:	e74e      	b.n	20000dd2 <dcd_event_handler+0x5a>
20000f34:	0032      	movs	r2, r6
20000f36:	7861      	ldrb	r1, [r4, #1]
20000f38:	7820      	ldrb	r0, [r4, #0]
20000f3a:	f000 f839 	bl	20000fb0 <__tud_event_hook_cb_veneer>
20000f3e:	e7c7      	b.n	20000ed0 <dcd_event_handler+0x158>
20000f40:	100074b0 	.word	0x100074b0
20000f44:	20002baf 	.word	0x20002baf
20000f48:	20002240 	.word	0x20002240
20000f4c:	200021e8 	.word	0x200021e8
20000f50:	100074cc 	.word	0x100074cc
20000f54:	20002bad 	.word	0x20002bad
20000f58:	20002038 	.word	0x20002038

20000f5c <__aeabi_idiv0>:
20000f5c:	4770      	bx	lr
20000f5e:	46c0      	nop			@ (mov r8, r8)

20000f60 <__best_effort_wfe_or_timeout_veneer>:
20000f60:	b401      	push	{r0}
20000f62:	4802      	ldr	r0, [pc, #8]	@ (20000f6c <__best_effort_wfe_or_timeout_veneer+0xc>)
20000f64:	4684      	mov	ip, r0
20000f66:	bc01      	pop	{r0}
20000f68:	4760      	bx	ip
20000f6a:	bf00      	nop
20000f6c:	100012ad 	.word	0x100012ad

20000f70 <__tu_fifo_write_veneer>:
20000f70:	b401      	push	{r0}
20000f72:	4802      	ldr	r0, [pc, #8]	@ (20000f7c <__tu_fifo_write_veneer+0xc>)
20000f74:	4684      	mov	ip, r0
20000f76:	bc01      	pop	{r0}
20000f78:	4760      	bx	ip
20000f7a:	bf00      	nop
20000f7c:	10006a11 	.word	0x10006a11

20000f80 <____wrap_memset_veneer>:
20000f80:	b401      	push	{r0}
20000f82:	4802      	ldr	r0, [pc, #8]	@ (20000f8c <____wrap_memset_veneer+0xc>)
20000f84:	4684      	mov	ip, r0
20000f86:	bc01      	pop	{r0}
20000f88:	4760      	bx	ip
20000f8a:	bf00      	nop
20000f8c:	100027bd 	.word	0x100027bd

20000f90 <____wrap___aeabi_lmul_veneer>:
20000f90:	b401      	push	{r0}
20000f92:	4802      	ldr	r0, [pc, #8]	@ (20000f9c <____wrap___aeabi_lmul_veneer+0xc>)
20000f94:	4684      	mov	ip, r0
20000f96:	bc01      	pop	{r0}
20000f98:	4760      	bx	ip
20000f9a:	bf00      	nop
20000f9c:	100026e9 	.word	0x100026e9

20000fa0 <__rp2040_chip_version_veneer>:
20000fa0:	b401      	push	{r0}
20000fa2:	4802      	ldr	r0, [pc, #8]	@ (20000fac <__rp2040_chip_version_veneer+0xc>)
20000fa4:	4684      	mov	ip, r0
20000fa6:	bc01      	pop	{r0}
20000fa8:	4760      	bx	ip
20000faa:	bf00      	nop
20000fac:	100005dd 	.word	0x100005dd

20000fb0 <__tud_event_hook_cb_veneer>:
20000fb0:	b401      	push	{r0}
20000fb2:	4802      	ldr	r0, [pc, #8]	@ (20000fbc <__tud_event_hook_cb_veneer+0xc>)
20000fb4:	4684      	mov	ip, r0
20000fb6:	bc01      	pop	{r0}
20000fb8:	4760      	bx	ip
20000fba:	bf00      	nop
20000fbc:	10004fb1 	.word	0x10004fb1

20000fc0 <__time_us_64_veneer>:
20000fc0:	b401      	push	{r0}
20000fc2:	4802      	ldr	r0, [pc, #8]	@ (20000fcc <__time_us_64_veneer+0xc>)
20000fc4:	4684      	mov	ip, r0
20000fc6:	bc01      	pop	{r0}
20000fc8:	4760      	bx	ip
20000fca:	bf00      	nop
20000fcc:	100013dd 	.word	0x100013dd

20000fd0 <__panic_veneer>:
20000fd0:	b401      	push	{r0}
20000fd2:	4802      	ldr	r0, [pc, #8]	@ (20000fdc <__panic_veneer+0xc>)
20000fd4:	4684      	mov	ip, r0
20000fd6:	bc01      	pop	{r0}
20000fd8:	4760      	bx	ip
20000fda:	bf00      	nop
20000fdc:	100005e9 	.word	0x100005e9

20000fe0 <striped_spin_lock_num>:
20000fe0:	00000010                                ....

20000fe4 <irq_handler_chain_slots>:
20000fe4:	00000000 	.word	0x00000000
20000fe8:	00010000 	.word	0x00010000
	...
20000ff4:	00020000 	.word	0x00020000
	...
20001000:	00030000 	.word	0x00030000
	...
2000100c:	00ff0000 	.word	0x00ff0000
20001010:	00000000 	.word	0x00000000

20001014 <irq_handler_chain_first_slot>:
20001014:	b501      	push	{r0, lr}
20001016:	6848      	ldr	r0, [r1, #4]
20001018:	3101      	adds	r1, #1
2000101a:	468e      	mov	lr, r1
2000101c:	4700      	bx	r0

2000101e <irq_handler_chain_remove_tail>:
2000101e:	4670      	mov	r0, lr
20001020:	3809      	subs	r0, #9
20001022:	4901      	ldr	r1, [pc, #4]	@ (20001028 <irq_handler_chain_remove_tail+0xa>)
20001024:	4788      	blx	r1
20001026:	bd01      	pop	{r0, pc}
20001028:	10000a19 	.word	0x10000a19

2000102c <default_alarm_pool>:
	...
20001040:	200010b0 00000000 00000000 00000000     ... ............

20001050 <aeabi_bits_funcs>:
20001050:	00003350 	.word	0x00003350
20001054:	0000334c 	.word	0x0000334c
20001058:	00003354 	.word	0x00003354
2000105c:	00003352 	.word	0x00003352

20001060 <aeabi_bits_funcs_end>:
20001060:	0000534d 	.word	0x0000534d
20001064:	0000434d 	.word	0x0000434d
20001068:	00003453 	.word	0x00003453
2000106c:	00003443 	.word	0x00003443

20001070 <stdio_usb>:
20001070:	10004771 10004725 10004699 10004611     qG..%G...F...F..
20001080:	00000000 00000100                       ........

20001088 <_usbd_qdef>:
20001088:	20002244 000c0010 00000000 00000000     D". ............
	...

200010a4 <_usbd_rhport>:
200010a4:	000000ff                                ....

200010a8 <print_mutex>:
	...
