seq,cycle,pos,char,t0_us,t0_expected_us,delta_us
0,0,0,F,20071706,20071706,0
1,0,1,H,20171707,20171706,1
2,0,2,B,20271709,20271706,3
3,0,3,U,20371710,20371706,4
4,0,4,R,20471710,20471706,4
5,0,5,G,20571711,20571706,5
6,0,6,E,20671711,20671706,5
7,0,7,N,20771712,20771706,6
8,0,8,L,20871713,20871706,7
9,0,9,A,20971714,20971706,8
10,0,10,N,21071715,21071706,9
11,0,11,D,21171717,21171706,11
12,1,0,F,21271840,21271840,0
13,1,1,H,21371841,21371840,1
14,1,2,B,21471842,21471840,2
15,1,3,U,21571842,21571840,2
16,1,4,R,21671844,21671840,4
17,1,5,G,21771845,21771840,5
18,1,6,E,21871846,21871840,6
19,1,7,N,21971847,21971840,7
20,1,8,L,22071847,22071840,7
21,1,9,A,22171848,22171840,8
22,1,10,N,22271864,22271840,24
23,1,11,D,22371865,22371840,25
24,2,0,F,22471866,22471866,0
25,2,1,H,22571867,22571866,1
26,2,2,B,22671869,22671866,3
27,2,3,U,22771870,22771866,4
28,2,4,R,22871870,22871866,4
29,2,5,G,22971872,22971866,6
30,2,6,E,23071873,23071866,7
31,2,7,N,23171874,23171866,8
32,2,8,L,23271889,23271866,23
33,2,9,A,23371889,23371866,23
34,2,10,N,23471890,23471866,24
35,2,11,D,23571891,23571866,25
36,3,0,F,23671892,23671892,0
37,3,1,H,23771894,23771892,2
38,3,2,B,23871895,23871892,3
39,3,3,U,23971897,23971892,5
40,3,4,R,24071898,24071892,6
41,3,5,G,24171898,24171892,6
42,3,6,E,24271899,24271892,7
43,3,7,N,24371900,24371892,8
44,3,8,L,24471900,24471892,8
45,3,9,A,24571901,24571892,9
46,3,10,N,24671902,24671892,10
47,3,11,D,24771903,24771892,11
48,4,0,F,24871904,24871904,0
49,4,1,H,24971904,24971904,0
50,4,2,B,25071905,25071904,1
51,4,3,U,25171906,25171904,2
52,4,4,R,25271907,25271904,3
53,4,5,G,25371908,25371904,4
54,4,6,E,25471909,25471904,5
55,4,7,N,25571911,25571904,7
56,4,8,L,25671913,25671904,9
57,4,9,A,25771914,25771904,10
58,4,10,N,25871915,25871904,11
59,4,11,D,25971915,25971904,11
60,5,0,F,26071917,26071917,0
61,5,1,H,26171918,26171917,1
62,5,2,B,26271920,26271917,3
63,5,3,U,26371921,26371917,4
64,5,4,R,26471922,26471917,5
65,5,5,G,26571924,26571917,7
66,5,6,E,26671924,26671917,7
67,5,7,N,26771926,26771917,9
68,5,8,L,26871928,26871917,11
69,5,9,A,26971929,26971917,12
70,5,10,N,27071930,27071917,13
71,5,11,D,27171932,27171917,15
72,6,0,F,27271934,27271934,0
73,6,1,H,27371935,27371934,1
74,6,2,B,27471937,27471934,3
75,6,3,U,27571938,27571934,4
76,6,4,R,27671939,27671934,5
77,6,5,G,27771940,27771934,6
78,6,6,E,27871941,27871934,7
79,6,7,N,27971942,27971934,8
80,6,8,L,28071943,28071934,9
81,6,9,A,28171944,28171934,10
82,6,10,N,28271945,28271934,11
83,6,11,D,28371946,28371934,12
84,7,0,F,28471948,28471948,0
85,7,1,H,28571950,28571948,2
86,7,2,B,28671950,28671948,2
87,7,3,U,28771951,28771948,3
88,7,4,R,28871952,28871948,4
89,7,5,G,28971952,28971948,4
90,7,6,E,29071953,29071948,5
91,7,7,N,29171954,29171948,6
92,7,8,L,29271955,29271948,7
93,7,9,A,29371956,29371948,8
94,7,10,N,29471958,29471948,10
95,7,11,D,29571959,29571948,11
96,8,0,F,29671960,29671960,0
97,8,1,H,29771962,29771960,2
98,8,2,B,29871963,29871960,3
99,8,3,U,29971964,29971960,4
100,8,4,R,30071965,30071960,5
101,8,5,G,30171966,30171960,6
102,8,6,E,30271968,30271960,8
103,8,7,N,30371969,30371960,9
104,8,8,L,30471969,30471960,9
105,8,9,A,30571969,30571960,9
106,8,10,N,30671971,30671960,11
107,8,11,D,30771972,30771960,12
108,9,0,F,30871973,30871973,0
109,9,1,H,30971974,30971973,1
110,9,2,B,31071975,31071973,2
111,9,3,U,31171975,31171973,2
112,9,4,R,31271977,31271973,4
113,9,5,G,31371977,31371973,4
114,9,6,E,31471978,31471973,5
115,9,7,N,31571979,31571973,6
116,9,8,L,31671979,31671973,6
117,9,9,A,31771980,31771973,7
118,9,10,N,31871981,31871973,8
119,9,11,D,31971982,31971973,9
120,10,0,F,32071982,32071982,0
121,10,1,H,32171983,32171982,1
122,10,2,B,32271985,32271982,3
123,10,3,U,32371986,32371982,4
124,10,4,R,32471987,32471982,5
125,10,5,G,32571987,32571982,5
126,10,6,E,32671989,32671982,7
127,10,7,N,32771989,32771982,7
128,10,8,L,32871991,32871982,9
129,10,9,A,32971992,32971982,10
130,10,10,N,33071993,33071982,11
131,10,11,D,33171994,33171982,12
132,11,0,F,33271996,33271996,0
133,11,1,H,33371997,33371996,1
134,11,2,B,33471998,33471996,2
135,11,3,U,33572000,33571996,4
136,11,4,R,33672001,33671996,5
137,11,5,G,33772003,33771996,7
138,11,6,E,33872004,33871996,8
139,11,7,N,33972005,33971996,9
140,11,8,L,34072006,34071996,10
141,11,9,A,34172006,34171996,10
142,11,10,N,34272008,34271996,12
143,11,11,D,34372008,34371996,12
144,12,0,F,34472009,34472009,0
145,12,1,H,34572009,34572009,0
146,12,2,B,34672010,34672009,1
147,12,3,U,34772011,34772009,2
148,12,4,R,34872013,34872009,4
149,12,5,G,34972014,34972009,5
150,12,6,E,35072014,35072009,5
151,12,7,N,35172015,35172009,6
152,12,8,L,35272017,35272009,8
153,12,9,A,35372018,35372009,9
154,12,10,N,35472018,35472009,9
155,12,11,D,35572019,35572009,10
156,13,0,F,35672020,35672020,0
157,13,1,H,35772022,35772020,2
158,13,2,B,35872023,35872020,3
159,13,3,U,35972023,35972020,3
160,13,4,R,36072024,36072020,4
161,13,5,G,36172026,36172020,6
162,13,6,E,36272027,36272020,7
163,13,7,N,36372028,36372020,8
164,13,8,L,36472030,36472020,10
165,13,9,A,36572031,36572020,11
166,13,10,N,36672032,36672020,12
167,13,11,D,36772033,36772020,13
168,14,0,F,36872033,36872033,0
169,14,1,H,36972033,36972033,0
170,14,2,B,37072034,37072033,1
171,14,3,U,37172035,37172033,2
172,14,4,R,37272036,37272033,3
173,14,5,G,37372036,37372033,3
174,14,6,E,37472037,37472033,4
175,14,7,N,37572038,37572033,5
176,14,8,L,37672040,37672033,7
177,14,9,A,37772041,37772033,8
178,14,10,N,37872043,37872033,10
179,14,11,D,37972044,37972033,11
180,15,0,F,38072045,38072045,0
181,15,1,H,38172046,38172045,1
182,15,2,B,38272047,38272045,2
183,15,3,U,38372047,38372045,2
184,15,4,R,38472048,38472045,3
185,15,5,G,38572050,38572045,5
186,15,6,E,38672051,38672045,6
187,15,7,N,38772052,38772045,7
188,15,8,L,38872054,38872045,9
189,15,9,A,38972054,38972045,9
190,15,10,N,39072054,39072045,9
191,15,11,D,39172055,39172045,10
192,16,0,F,39272056,39272056,0
193,16,1,H,39372058,39372056,2
194,16,2,B,39472058,39472056,2
195,16,3,U,39572060,39572056,4
196,16,4,R,39672062,39672056,6
197,16,5,G,39772062,39772056,6
198,16,6,E,39872062,39872056,6
199,16,7,N,39972063,39972056,7
200,16,8,L,40072063,40072056,7
201,16,9,A,40172063,40172056,7
202,16,10,N,40272073,40272056,17
203,16,11,D,40372074,40372056,18
204,17,0,F,40472075,40472075,0
205,17,1,H,40572076,40572075,1
206,17,2,B,40672077,40672075,2
207,17,3,U,40772078,40772075,3
208,17,4,R,40872079,40872075,4
209,17,5,G,40972079,40972075,4
210,17,6,E,41072081,41072075,6
211,17,7,N,41172081,41172075,6
212,17,8,L,41272082,41272075,7
213,17,9,A,41372082,41372075,7
214,17,10,N,41472083,41472075,8
215,17,11,D,41572083,41572075,8
216,18,0,F,41672085,41672085,0
217,18,1,H,41772086,41772085,1
218,18,2,B,41872087,41872085,2
219,18,3,U,41972088,41972085,3
220,18,4,R,42072089,42072085,4
221,18,5,G,42172090,42172085,5
222,18,6,E,42272091,42272085,6
223,18,7,N,42372091,42372085,6
224,18,8,L,42472092,42472085,7
225,18,9,A,42572093,42572085,8
226,18,10,N,42672093,42672085,8
227,18,11,D,42772093,42772085,8
228,19,0,F,42872094,42872094,0
229,19,1,H,42972096,42972094,2
230,19,2,B,43072098,43072094,4
231,19,3,U,43172098,43172094,4
232,19,4,R,43272099,43272094,5
233,19,5,G,43372101,43372094,7
234,19,6,E,43472101,43472094,7
235,19,7,N,43572103,43572094,9
236,19,8,L,43672104,43672094,10
237,19,9,A,43772106,43772094,12
238,19,10,N,43872107,43872094,13
239,19,11,D,43972108,43972094,14
240,20,0,F,44072109,44072109,0
241,20,1,H,44172110,44172109,1
242,20,2,B,44272111,44272109,2
243,20,3,U,44372113,44372109,4
244,20,4,R,44472113,44472109,4
245,20,5,G,44572115,44572109,6
246,20,6,E,44672116,44672109,7
247,20,7,N,44772117,44772109,8
248,20,8,L,44872118,44872109,9
249,20,9,A,44972119,44972109,10
250,20,10,N,45072120,45072109,11
251,20,11,D,45172120,45172109,11
252,21,0,F,45272121,45272121,0
253,21,1,H,45372123,45372121,2
254,21,2,B,45472125,45472121,4
255,21,3,U,45572125,45572121,4
256,21,4,R,45672126,45672121,5
257,21,5,G,45772127,45772121,6
258,21,6,E,45872127,45872121,6
259,21,7,N,45972128,45972121,7
260,21,8,L,46072128,46072121,7
261,21,9,A,46172130,46172121,9
262,21,10,N,46272131,46272121,10
263,21,11,D,46372132,46372121,11
264,22,0,F,46472133,46472133,0
265,22,1,H,46572135,46572133,2
266,22,2,B,46672136,46672133,3
267,22,3,U,46772137,46772133,4
268,22,4,R,46872139,46872133,6
269,22,5,G,46972140,46972133,7
270,22,6,E,47072141,47072133,8
271,22,7,N,47172142,47172133,9
272,22,8,L,47272144,47272133,11
273,22,9,A,47372146,47372133,13
274,22,10,N,47472148,47472133,15
275,22,11,D,47572150,47572133,17
276,23,0,F,47672151,47672151,0
277,23,1,H,47772152,47772151,1
278,23,2,B,47872153,47872151,2
279,23,3,U,47972154,47972151,3
280,23,4,R,48072154,48072151,3
281,23,5,G,48172155,48172151,4
282,23,6,E,48272157,48272151,6
283,23,7,N,48372159,48372151,8
284,23,8,L,48472160,48472151,9
285,23,9,A,48572161,48572151,10
286,23,10,N,48672161,48672151,10
287,23,11,D,48772162,48772151,11
288,24,0,F,48872163,48872163,0
289,24,1,H,48972163,48972163,0
290,24,2,B,49072164,49072163,1
291,24,3,U,49172166,49172163,3
292,24,4,R,49272167,49272163,4
293,24,5,G,49372168,49372163,5
294,24,6,E,49472169,49472163,6
295,24,7,N,49572170,49572163,7
296,24,8,L,49672171,49672163,8
297,24,9,A,49772172,49772163,9
298,24,10,N,49872173,49872163,10
299,24,11,D,49972174,49972163,11
300,25,0,F,50072176,50072176,0
301,25,1,H,50172177,50172176,1
302,25,2,B,50272179,50272176,3
303,25,3,U,50372180,50372176,4
304,25,4,R,50472181,50472176,5
305,25,5,G,50572182,50572176,6
306,25,6,E,50672183,50672176,7
307,25,7,N,50772184,50772176,8
308,25,8,L,50872185,50872176,9
309,25,9,A,50972187,50972176,11
310,25,10,N,51072188,51072176,12
311,25,11,D,51172188,51172176,12
312,26,0,F,51272189,51272189,0
313,26,1,H,51372190,51372189,1
314,26,2,B,51472191,51472189,2
315,26,3,U,51572192,51572189,3
316,26,4,R,51672192,51672189,3
317,26,5,G,51772194,51772189,5
318,26,6,E,51872195,51872189,6
319,26,7,N,51972195,51972189,6
320,26,8,L,52072197,52072189,8
321,26,9,A,52172197,52172189,8
322,26,10,N,52272198,52272189,9
323,26,11,D,52372199,52372189,10
324,27,0,F,52472200,52472200,0
325,27,1,H,52572201,52572200,1
326,27,2,B,52672202,52672200,2
327,27,3,U,52772202,52772200,2
328,27,4,R,52872203,52872200,3
329,27,5,G,52972204,52972200,4
330,27,6,E,53072205,53072200,5
331,27,7,N,53172206,53172200,6
332,27,8,L,53272214,53272200,14
333,27,9,A,53372215,53372200,15
334,27,10,N,53472216,53472200,16
335,27,11,D,53572217,53572200,17
336,28,0,F,53672218,53672218,0
337,28,1,H,53772219,53772218,1
338,28,2,B,53872219,53872218,1
339,28,3,U,53972220,53972218,2
340,28,4,R,54072221,54072218,3
341,28,5,G,54172222,54172218,4
342,28,6,E,54272223,54272218,5
343,28,7,N,54372224,54372218,6
344,28,8,L,54472224,54472218,6
345,28,9,A,54572225,54572218,7
346,28,10,N,54672226,54672218,8
347,28,11,D,54772227,54772218,9
348,29,0,F,54872229,54872229,0
349,29,1,H,54972230,54972229,1
350,29,2,B,55072231,55072229,2
351,29,3,U,55172232,55172229,3
352,29,4,R,55272233,55272229,4
353,29,5,G,55372234,55372229,5
354,29,6,E,55472234,55472229,5
355,29,7,N,55572235,55572229,6
356,29,8,L,55672236,55672229,7
357,29,9,A,55772237,55772229,8
358,29,10,N,55872238,55872229,9
359,29,11,D,55972239,55972229,10
360,30,0,F,56072240,56072240,0
361,30,1,H,56172242,56172240,2
362,30,2,B,56272243,56272240,3
363,30,3,U,56372245,56372240,5
364,30,4,R,56472246,56472240,6
365,30,5,G,56572247,56572240,7
366,30,6,E,56672248,56672240,8
367,30,7,N,56772249,56772240,9
368,30,8,L,56872250,56872240,10
369,30,9,A,56972251,56972240,11
370,30,10,N,57072252,57072240,12
371,30,11,D,57172252,57172240,12
372,31,0,F,57272254,57272254,0
373,31,1,H,57372255,57372254,1
374,31,2,B,57472255,57472254,1
375,31,3,U,57572255,57572254,1
376,31,4,R,57672255,57672254,1
377,31,5,G,57772256,57772254,2
378,31,6,E,57872257,57872254,3
379,31,7,N,57972258,57972254,4
380,31,8,L,58072259,58072254,5
381,31,9,A,58172261,58172254,7
382,31,10,N,58272262,58272254,8
383,31,11,D,58372263,58372254,9
384,32,0,F,58472264,58472264,0
385,32,1,H,58572265,58572264,1
386,32,2,B,58672266,58672264,2
387,32,3,U,58772267,58772264,3
388,32,4,R,58872268,58872264,4
389,32,5,G,58972270,58972264,6
390,32,6,E,59072270,59072264,6
391,32,7,N,59172271,59172264,7
392,32,8,L,59272272,59272264,8
393,32,9,A,59372272,59372264,8
394,32,10,N,59472273,59472264,9
395,32,11,D,59572274,59572264,10
396,33,0,F,59672275,59672275,0
397,33,1,H,59772276,59772275,1
398,33,2,B,59872277,59872275,2
399,33,3,U,59972278,59972275,3
400,33,4,R,60072280,60072275,5
401,33,5,G,60172280,60172275,5
402,33,6,E,60272281,60272275,6
403,33,7,N,60372282,60372275,7
404,33,8,L,60472283,60472275,8
405,33,9,A,60572284,60572275,9
406,33,10,N,60672285,60672275,10
407,33,11,D,60772287,60772275,12
408,34,0,F,60872288,60872288,0
409,34,1,H,60972289,60972288,1
410,34,2,B,61072290,61072288,2
411,34,3,U,61172291,61172288,3
412,34,4,R,61272292,61272288,4
413,34,5,G,61372293,61372288,5
414,34,6,E,61472294,61472288,6
415,34,7,N,61572296,61572288,8
416,34,8,L,61672297,61672288,9
417,34,9,A,61772298,61772288,10
418,34,10,N,61872299,61872288,11
419,34,11,D,61972300,61972288,12
420,35,0,F,62072301,62072301,0
421,35,1,H,62172302,62172301,1
422,35,2,B,62272303,62272301,2
423,35,3,U,62372303,62372301,2
424,35,4,R,62472304,62472301,3
425,35,5,G,62572305,62572301,4
426,35,6,E,62672306,62672301,5
427,35,7,N,62772306,62772301,5
428,35,8,L,62872307,62872301,6
429,35,9,A,62972307,62972301,6
430,35,10,N,63072308,63072301,7
431,35,11,D,63172309,63172301,8
432,36,0,F,63272310,63272310,0
433,36,1,H,63372311,63372310,1
434,36,2,B,63472311,63472310,1
435,36,3,U,63572312,63572310,2
436,36,4,R,63672313,63672310,3
437,36,5,G,63772313,63772310,3
438,36,6,E,63872314,63872310,4
439,36,7,N,63972315,63972310,5
440,36,8,L,64072315,64072310,5
441,36,9,A,64172316,64172310,6
442,36,10,N,64272317,64272310,7
443,36,11,D,64372318,64372310,8
444,37,0,F,64472319,64472319,0
445,37,1,H,64572321,64572319,2
446,37,2,B,64672321,64672319,2
447,37,3,U,64772321,64772319,2
448,37,4,R,64872322,64872319,3
449,37,5,G,64972323,64972319,4
450,37,6,E,65072323,65072319,4
451,37,7,N,65172324,65172319,5
452,37,8,L,65272326,65272319,7
453,37,9,A,65372327,65372319,8
454,37,10,N,65472328,65472319,9
455,37,11,D,65572329,65572319,10
456,38,0,F,65672329,65672329,0
457,38,1,H,65772330,65772329,1
458,38,2,B,65872331,65872329,2
459,38,3,U,65972332,65972329,3
460,38,4,R,66072333,66072329,4
461,38,5,G,66172334,66172329,5
462,38,6,E,66272335,66272329,6
463,38,7,N,66372337,66372329,8
464,38,8,L,66472338,66472329,9
465,38,9,A,66572339,66572329,10
466,38,10,N,66672339,66672329,10
467,38,11,D,66772339,66772329,10
468,39,0,F,66872340,66872340,0
469,39,1,H,66972340,66972340,0
470,39,2,B,67072341,67072340,1
471,39,3,U,67172342,67172340,2
472,39,4,R,67272344,67272340,4
473,39,5,G,67372344,67372340,4
474,39,6,E,67472346,67472340,6
475,39,7,N,67572346,67572340,6
476,39,8,L,67672346,67672340,6
477,39,9,A,67772347,67772340,7
478,39,10,N,67872348,67872340,8
479,39,11,D,67972350,67972340,10
480,40,0,F,68072351,68072351,0
481,40,1,H,68172352,68172351,1
482,40,2,B,68272354,68272351,3
483,40,3,U,68372355,68372351,4
484,40,4,R,68472356,68472351,5
485,40,5,G,68572358,68572351,7
486,40,6,E,68672359,68672351,8
487,40,7,N,68772360,68772351,9
488,40,8,L,68872361,68872351,10
489,40,9,A,68972363,68972351,12
490,40,10,N,69072364,69072351,13
491,40,11,D,69172365,69172351,14
492,41,0,F,69272367,69272367,0
493,41,1,H,69372368,69372367,1
494,41,2,B,69472369,69472367,2
495,41,3,U,69572369,69572367,2
496,41,4,R,69672370,69672367,3
497,41,5,G,69772372,69772367,5
498,41,6,E,69872374,69872367,7
499,41,7,N,69972375,69972367,8
500,41,8,L,70072376,70072367,9
501,41,9,A,70172376,70172367,9
502,41,10,N,70272377,70272367,10
503,41,11,D,70372378,70372367,11
504,42,0,F,70472379,70472379,0
505,42,1,H,70572381,70572379,2
506,42,2,B,70672381,70672379,2
507,42,3,U,70772381,70772379,2
508,42,4,R,70872382,70872379,3
509,42,5,G,70972382,70972379,3
510,42,6,E,71072383,71072379,4
511,42,7,N,71172383,71172379,4
512,42,8,L,71272384,71272379,5
513,42,9,A,71372385,71372379,6
514,42,10,N,71472387,71472379,8
515,42,11,D,71572388,71572379,9
516,43,0,F,71672388,71672388,0
517,43,1,H,71772389,71772388,1
518,43,2,B,71872390,71872388,2
519,43,3,U,71972391,71972388,3
520,43,4,R,72072392,72072388,4
521,43,5,G,72172393,72172388,5
522,43,6,E,72272394,72272388,6
523,43,7,N,72372395,72372388,7
524,43,8,L,72472396,72472388,8
525,43,9,A,72572397,72572388,9
526,43,10,N,72672398,72672388,10
527,43,11,D,72772400,72772388,12
528,44,0,F,72872401,72872401,0
529,44,1,H,72972402,72972401,1
530,44,2,B,73072402,73072401,1
531,44,3,U,73172402,73172401,1
532,44,4,R,73272403,73272401,2
533,44,5,G,73372403,73372401,2
534,44,6,E,73472404,73472401,3
535,44,7,N,73572404,73572401,3
536,44,8,L,73672405,73672401,4
537,44,9,A,73772406,73772401,5
538,44,10,N,73872408,73872401,7
539,44,11,D,73972409,73972401,8
540,45,0,F,74072410,74072410,0
541,45,1,H,74172410,74172410,0
542,45,2,B,74272411,74272410,1
543,45,3,U,74372412,74372410,2
544,45,4,R,74472413,74472410,3
545,45,5,G,74572414,74572410,4
546,45,6,E,74672415,74672410,5
547,45,7,N,74772416,74772410,6
548,45,8,L,74872416,74872410,6
549,45,9,A,74972417,74972410,7
550,45,10,N,75072418,75072410,8
551,45,11,D,75172419,75172410,9
552,46,0,F,75272421,75272421,0
553,46,1,H,75372422,75372421,1
554,46,2,B,75472423,75472421,2
555,46,3,U,75572424,75572421,3
556,46,4,R,75672425,75672421,4
557,46,5,G,75772425,75772421,4
558,46,6,E,75872426,75872421,5
559,46,7,N,75972426,75972421,5
560,46,8,L,76072427,76072421,6
561,46,9,A,76172428,76172421,7
562,46,10,N,76272428,76272421,7
563,46,11,D,76372430,76372421,9
564,47,0,F,76472430,76472430,0
565,47,1,H,76572430,76572430,0
566,47,2,B,76672432,76672430,2
567,47,3,U,76772433,76772430,3
568,47,4,R,76872434,76872430,4
569,47,5,G,76972435,76972430,5
570,47,6,E,77072436,77072430,6
571,47,7,N,77172436,77172430,6
572,47,8,L,77272437,77272430,7
573,47,9,A,77372438,77372430,8
574,47,10,N,77472438,77472430,8
575,47,11,D,77572440,77572430,10
576,48,0,F,77672441,77672441,0
577,48,1,H,77772441,77772441,0
578,48,2,B,77872442,77872441,1
579,48,3,U,77972443,77972441,2
580,48,4,R,78072444,78072441,3
581,48,5,G,78172445,78172441,4
582,48,6,E,78272446,78272441,5
583,48,7,N,78372447,78372441,6
584,48,8,L,78472448,78472441,7
585,48,9,A,78572448,78572441,7
586,48,10,N,78672450,78672441,9
587,48,11,D,78772451,78772441,10
588,49,0,F,78872452,78872452,0
589,49,1,H,78972452,78972452,0
590,49,2,B,79072453,79072452,1
591,49,3,U,79172454,79172452,2
592,49,4,R,79272456,79272452,4
593,49,5,G,79372457,79372452,5
594,49,6,E,79472459,79472452,7
595,49,7,N,79572460,79572452,8
596,49,8,L,79672461,79672452,9
597,49,9,A,79772461,79772452,9
598,49,10,N,79872462,79872452,10
599,49,11,D,79972463,79972452,11
600,50,0,F,80072464,80072464,0
601,50,1,H,80172465,80172464,1
602,50,2,B,80272466,80272464,2
603,50,3,U,80372466,80372464,2
604,50,4,R,80472467,80472464,3
605,50,5,G,80572468,80572464,4
606,50,6,E,80672469,80672464,5
607,50,7,N,80772470,80772464,6
608,50,8,L,80872472,80872464,8
609,50,9,A,80972473,80972464,9
610,50,10,N,81072473,81072464,9
611,50,11,D,81172474,81172464,10
612,51,0,F,81272475,81272475,0
613,51,1,H,81372476,81372475,1
614,51,2,B,81472477,81472475,2
615,51,3,U,81572478,81572475,3
616,51,4,R,81672479,81672475,4
617,51,5,G,81772481,81772475,6
618,51,6,E,81872483,81872475,8
619,51,7,N,81972484,81972475,9
620,51,8,L,82072484,82072475,9
621,51,9,A,82172486,82172475,11
622,51,10,N,82272487,82272475,12
623,51,11,D,82372487,82372475,12
624,52,0,F,82472488,82472488,0
625,52,1,H,82572489,82572488,1
626,52,2,B,82672490,82672488,2
627,52,3,U,82772492,82772488,4
628,52,4,R,82872493,82872488,5
629,52,5,G,82972494,82972488,6
630,52,6,E,83072495,83072488,7
631,52,7,N,83172496,83172488,8
632,52,8,L,83272497,83272488,9
633,52,9,A,83372499,83372488,11
634,52,10,N,83472500,83472488,12
635,52,11,D,83572501,83572488,13
636,53,0,F,83672502,83672502,0
637,53,1,H,83772503,83772502,1
638,53,2,B,83872504,83872502,2
639,53,3,U,83972505,83972502,3
640,53,4,R,84072507,84072502,5
641,53,5,G,84172507,84172502,5
642,53,6,E,84272509,84272502,7
643,53,7,N,84372510,84372502,8
644,53,8,L,84472511,84472502,9
645,53,9,A,84572512,84572502,10
646,53,10,N,84672512,84672502,10
647,53,11,D,84772513,84772502,11
648,54,0,F,84872514,84872514,0
649,54,1,H,84972515,84972514,1
650,54,2,B,85072517,85072514,3
651,54,3,U,85172518,85172514,4
652,54,4,R,85272520,85272514,6
653,54,5,G,85372520,85372514,6
654,54,6,E,85472521,85472514,7
655,54,7,N,85572523,85572514,9
656,54,8,L,85672524,85672514,10
657,54,9,A,85772525,85772514,11
658,54,10,N,85872526,85872514,12
659,54,11,D,85972527,85972514,13
660,55,0,F,86072528,86072528,0
661,55,1,H,86172530,86172528,2
662,55,2,B,86272531,86272528,3
663,55,3,U,86372533,86372528,5
664,55,4,R,86472534,86472528,6
665,55,5,G,86572536,86572528,8
666,55,6,E,86672537,86672528,9
667,55,7,N,86772537,86772528,9
668,55,8,L,86872538,86872528,10
669,55,9,A,86972538,86972528,10
670,55,10,N,87072538,87072528,10
671,55,11,D,87172539,87172528,11
672,56,0,F,87272540,87272540,0
673,56,1,H,87372541,87372540,1
674,56,2,B,87472542,87472540,2
675,56,3,U,87572543,87572540,3
676,56,4,R,87672543,87672540,3
677,56,5,G,87772544,87772540,4
678,56,6,E,87872545,87872540,5
679,56,7,N,87972545,87972540,5
680,56,8,L,88072546,88072540,6
681,56,9,A,88172547,88172540,7
682,56,10,N,88272548,88272540,8
683,56,11,D,88372548,88372540,8
684,57,0,F,88472549,88472549,0
685,57,1,H,88572550,88572549,1
686,57,2,B,88672551,88672549,2
687,57,3,U,88772553,88772549,4
688,57,4,R,88872555,88872549,6
689,57,5,G,88972556,88972549,7
690,57,6,E,89072557,89072549,8
691,57,7,N,89172557,89172549,8
692,57,8,L,89272559,89272549,10
693,57,9,A,89372560,89372549,11
694,57,10,N,89472561,89472549,12
695,57,11,D,89572563,89572549,14
696,58,0,F,89672565,89672565,0
697,58,1,H,89772567,89772565,2
698,58,2,B,89872568,89872565,3
699,58,3,U,89972569,89972565,4
700,58,4,R,90072570,90072565,5
701,58,5,G,90172570,90172565,5
702,58,6,E,90272572,90272565,7
703,58,7,N,90372573,90372565,8
704,58,8,L,90472573,90472565,8
705,58,9,A,90572575,90572565,10
706,58,10,N,90672576,90672565,11
707,58,11,D,90772577,90772565,12
708,59,0,F,90872578,90872578,0
709,59,1,H,90972579,90972578,1
710,59,2,B,91072580,91072578,2
711,59,3,U,91172581,91172578,3
712,59,4,R,91272582,91272578,4
713,59,5,G,91372583,91372578,5
714,59,6,E,91472584,91472578,6
715,59,7,N,91572584,91572578,6
716,59,8,L,91672584,91672578,6
717,59,9,A,91772585,91772578,7
718,59,10,N,91872586,91872578,8
719,59,11,D,91972587,91972578,9
720,60,0,F,92072587,92072587,0
721,60,1,H,92172588,92172587,1
722,60,2,B,92272590,92272587,3
723,60,3,U,92372591,92372587,4
724,60,4,R,92472593,92472587,6
725,60,5,G,92572593,92572587,6
726,60,6,E,92672594,92672587,7
727,60,7,N,92772594,92772587,7
728,60,8,L,92872594,92872587,7
729,60,9,A,92972594,92972587,7
730,60,10,N,93072596,93072587,9
731,60,11,D,93172598,93172587,11
732,61,0,F,93272599,93272599,0
733,61,1,H,93372600,93372599,1
734,61,2,B,93472601,93472599,2
735,61,3,U,93572602,93572599,3
736,61,4,R,93672604,93672599,5
737,61,5,G,93772605,93772599,6
738,61,6,E,93872605,93872599,6
739,61,7,N,93972607,93972599,8
740,61,8,L,94072608,94072599,9
741,61,9,A,94172609,94172599,10
742,61,10,N,94272611,94272599,12
743,61,11,D,94372612,94372599,13
744,62,0,F,94472613,94472613,0
745,62,1,H,94572614,94572613,1
746,62,2,B,94672614,94672613,1
747,62,3,U,94772614,94772613,1
748,62,4,R,94872615,94872613,2
749,62,5,G,94972617,94972613,4
750,62,6,E,95072618,95072613,5
751,62,7,N,95172619,95172613,6
752,62,8,L,95272620,95272613,7
753,62,9,A,95372621,95372613,8
754,62,10,N,95472622,95472613,9
755,62,11,D,95572623,95572613,10
756,63,0,F,95672625,95672625,0
757,63,1,H,95772626,95772625,1
758,63,2,B,95872626,95872625,1
759,63,3,U,95972627,95972625,2
760,63,4,R,96072628,96072625,3
761,63,5,G,96172629,96172625,4
762,63,6,E,96272630,96272625,5
763,63,7,N,96372631,96372625,6
764,63,8,L,96472632,96472625,7
765,63,9,A,96572632,96572625,7
766,63,10,N,96672633,96672625,8
767,63,11,D,96772634,96772625,9
768,64,0,F,96872636,96872636,0
769,64,1,H,96972637,96972636,1
770,64,2,B,97072639,97072636,3
771,64,3,U,97172640,97172636,4
772,64,4,R,97272641,97272636,5
773,64,5,G,97372641,97372636,5
774,64,6,E,97472642,97472636,6
775,64,7,N,97572644,97572636,8
776,64,8,L,97672645,97672636,9
777,64,9,A,97772646,97772636,10
778,64,10,N,97872648,97872636,12
779,64,11,D,97972649,97972636,13
780,65,0,F,98072651,98072651,0
781,65,1,H,98172652,98172651,1
782,65,2,B,98272653,98272651,2
783,65,3,U,98372654,98372651,3
784,65,4,R,98472655,98472651,4
785,65,5,G,98572656,98572651,5
786,65,6,E,98672657,98672651,6
787,65,7,N,98772658,98772651,7
788,65,8,L,98872659,98872651,8
789,65,9,A,98972660,98972651,9
790,65,10,N,99072662,99072651,11
791,65,11,D,99172662,99172651,11
792,66,0,F,99272663,99272663,0
793,66,1,H,99372664,99372663,1
794,66,2,B,99472665,99472663,2
795,66,3,U,99572666,99572663,3
796,66,4,R,99672667,99672663,4
797,66,5,G,99772668,99772663,5
798,66,6,E,99872668,99872663,5
799,66,7,N,99972669,99972663,6
800,66,8,L,100072670,100072663,7
801,66,9,A,100172671,100172663,8
802,66,10,N,100272672,100272663,9
803,66,11,D,100372673,100372663,10
804,67,0,F,100472673,100472673,0
805,67,1,H,100572674,100572673,1
806,67,2,B,100672675,100672673,2
807,67,3,U,100772676,100772673,3
808,67,4,R,100872677,100872673,4
809,67,5,G,100972679,100972673,6
810,67,6,E,101072679,101072673,6
811,67,7,N,101172680,101172673,7
812,67,8,L,101272681,101272673,8
813,67,9,A,101372682,101372673,9
814,67,10,N,101472683,101472673,10
815,67,11,D,101572684,101572673,11
816,68,0,F,101672685,101672685,0
817,68,1,H,101772686,101772685,1
818,68,2,B,101872687,101872685,2
819,68,3,U,101972688,101972685,3
820,68,4,R,102072689,102072685,4
821,68,5,G,102172690,102172685,5
822,68,6,E,102272692,102272685,7
823,68,7,N,102372694,102372685,9
824,68,8,L,102472696,102472685,11
825,68,9,A,102572697,102572685,12
826,68,10,N,102672697,102672685,12
827,68,11,D,102772698,102772685,13
828,69,0,F,102872699,102872699,0
829,69,1,H,102972699,102972699,0
830,69,2,B,103072700,103072699,1
831,69,3,U,103172701,103172699,2
832,69,4,R,103272702,103272699,3
833,69,5,G,103372703,103372699,4
834,69,6,E,103472705,103472699,6
835,69,7,N,103572705,103572699,6
836,69,8,L,103672706,103672699,7
837,69,9,A,103772707,103772699,8
838,69,10,N,103872708,103872699,9
839,69,11,D,103972710,103972699,11
840,70,0,F,104072710,104072710,0
841,70,1,H,104172711,104172710,1
842,70,2,B,104272712,104272710,2
843,70,3,U,104372713,104372710,3
844,70,4,R,104472714,104472710,4
845,70,5,G,104572715,104572710,5
846,70,6,E,104672716,104672710,6
847,70,7,N,104772717,104772710,7
848,70,8,L,104872718,104872710,8
849,70,9,A,104972718,104972710,8
850,70,10,N,105072719,105072710,9
851,70,11,D,105172720,105172710,10
852,71,0,F,105272721,105272721,0
853,71,1,H,105372722,105372721,1
854,71,2,B,105472723,105472721,2
855,71,3,U,105572724,105572721,3
856,71,4,R,105672724,105672721,3
857,71,5,G,105772725,105772721,4
858,71,6,E,105872727,105872721,6
859,71,7,N,105972728,105972721,7
860,71,8,L,106072729,106072721,8
861,71,9,A,106172731,106172721,10
862,71,10,N,106272732,106272721,11
863,71,11,D,106372733,106372721,12
864,72,0,F,106472733,106472733,0
865,72,1,H,106572734,106572733,1
866,72,2,B,106672736,106672733,3
867,72,3,U,106772737,106772733,4
868,72,4,R,106872738,106872733,5
869,72,5,G,106972739,106972733,6
870,72,6,E,107072740,107072733,7
871,72,7,N,107172740,107172733,7
872,72,8,L,107272741,107272733,8
873,72,9,A,107372743,107372733,10
874,72,10,N,107472744,107472733,11
875,72,11,D,107572746,107572733,13
876,73,0,F,107672747,107672747,0
877,73,1,H,107772748,107772747,1
878,73,2,B,107872748,107872747,1
879,73,3,U,107972749,107972747,2
880,73,4,R,108072750,108072747,3
881,73,5,G,108172751,108172747,4
882,73,6,E,108272752,108272747,5
883,73,7,N,108372753,108372747,6
884,73,8,L,108472755,108472747,8
885,73,9,A,108572755,108572747,8
886,73,10,N,108672756,108672747,9
887,73,11,D,108772756,108772747,9
888,74,0,F,108872757,108872757,0
889,74,1,H,108972758,108972757,1
890,74,2,B,109072759,109072757,2
891,74,3,U,109172760,109172757,3
892,74,4,R,109272762,109272757,5
893,74,5,G,109372763,109372757,6
894,74,6,E,109472764,109472757,7
895,74,7,N,109572765,109572757,8
896,74,8,L,109672766,109672757,9
897,74,9,A,109772766,109772757,9
898,74,10,N,109872767,109872757,10
899,74,11,D,109972767,109972757,10
900,75,0,F,110072769,110072769,0
901,75,1,H,110172771,110172769,2
902,75,2,B,110272772,110272769,3
903,75,3,U,110372774,110372769,5
904,75,4,R,110472776,110472769,7
905,75,5,G,110572777,110572769,8
906,75,6,E,110672778,110672769,9
907,75,7,N,110772779,110772769,10
908,75,8,L,110872780,110872769,11
909,75,9,A,110972781,110972769,12
910,75,10,N,111072782,111072769,13
911,75,11,D,111172784,111172769,15
912,76,0,F,111272785,111272785,0
913,76,1,H,111372786,111372785,1
914,76,2,B,111472787,111472785,2
915,76,3,U,111572789,111572785,4
916,76,4,R,111672790,111672785,5
917,76,5,G,111772792,111772785,7
918,76,6,E,111872792,111872785,7
919,76,7,N,111972794,111972785,9
920,76,8,L,112072795,112072785,10
921,76,9,A,112172795,112172785,10
922,76,10,N,112272796,112272785,11
923,76,11,D,112372796,112372785,11
924,77,0,F,112472796,112472796,0
925,77,1,H,112572797,112572796,1
926,77,2,B,112672798,112672796,2
927,77,3,U,112772799,112772796,3
928,77,4,R,112872799,112872796,3
929,77,5,G,112972800,112972796,4
930,77,6,E,113072801,113072796,5
931,77,7,N,113172801,113172796,5
932,77,8,L,113272802,113272796,6
933,77,9,A,113372804,113372796,8
934,77,10,N,113472806,113472796,10
935,77,11,D,113572806,113572796,10
936,78,0,F,113672807,113672807,0
937,78,1,H,113772808,113772807,1
938,78,2,B,113872808,113872807,1
939,78,3,U,113972810,113972807,3
940,78,4,R,114072811,114072807,4
941,78,5,G,114172812,114172807,5
942,78,6,E,114272813,114272807,6
943,78,7,N,114372814,114372807,7
944,78,8,L,114472815,114472807,8
945,78,9,A,114572816,114572807,9
946,78,10,N,114672817,114672807,10
947,78,11,D,114772818,114772807,11
948,79,0,F,114872819,114872819,0
949,79,1,H,114972820,114972819,1
950,79,2,B,115072822,115072819,3
951,79,3,U,115172823,115172819,4
952,79,4,R,115272824,115272819,5
953,79,5,G,115372824,115372819,5
954,79,6,E,115472825,115472819,6
955,79,7,N,115572827,115572819,8
956,79,8,L,115672828,115672819,9
957,79,9,A,115772829,115772819,10
958,79,10,N,115872830,115872819,11
959,79,11,D,115972832,115972819,13
960,80,0,F,116072833,116072833,0
961,80,1,H,116172833,116172833,0
962,80,2,B,116272833,116272833,0
963,80,3,U,116372834,116372833,1
964,80,4,R,116472835,116472833,2
965,80,5,G,116572836,116572833,3
966,80,6,E,116672837,116672833,4
967,80,7,N,116772838,116772833,5
968,80,8,L,116872840,116872833,7
969,80,9,A,116972841,116972833,8
970,80,10,N,117072842,117072833,9
971,80,11,D,117172843,117172833,10
972,81,0,F,117272845,117272845,0
973,81,1,H,117372845,117372845,0
974,81,2,B,117472846,117472845,1
975,81,3,U,117572846,117572845,1
976,81,4,R,117672847,117672845,2
977,81,5,G,117772847,117772845,2
978,81,6,E,117872848,117872845,3
979,81,7,N,117972849,117972845,4
980,81,8,L,118072850,118072845,5
981,81,9,A,118172851,118172845,6
982,81,10,N,118272852,118272845,7
983,81,11,D,118372852,118372845,7
984,82,0,F,118472852,118472852,0
985,82,1,H,118572852,118572852,0
986,82,2,B,118672853,118672852,1
987,82,3,U,118772853,118772852,1
988,82,4,R,118872855,118872852,3
989,82,5,G,118972857,118972852,5
990,82,6,E,119072859,119072852,7
991,82,7,N,119172860,119172852,8
992,82,8,L,119272861,119272852,9
993,82,9,A,119372862,119372852,10
994,82,10,N,119472863,119472852,11
995,82,11,D,119572865,119572852,13
996,83,0,F,119672866,119672866,0
997,83,1,H,119772867,119772866,1
998,83,2,B,119872868,119872866,2
999,83,3,U,119972869,119972866,3
1000,83,4,R,120072870,120072866,4
1001,83,5,G,120172871,120172866,5
1002,83,6,E,120272872,120272866,6
1003,83,7,N,120372873,120372866,7
1004,83,8,L,120472874,120472866,8
1005,83,9,A,120572874,120572866,8
1006,83,10,N,120672875,120672866,9
1007,83,11,D,120772876,120772866,10
1008,84,0,F,120872876,120872876,0
1009,84,1,H,120972877,120972876,1
1010,84,2,B,121072878,121072876,2
1011,84,3,U,121172878,121172876,2
1012,84,4,R,121272879,121272876,3
1013,84,5,G,121372880,121372876,4
1014,84,6,E,121472881,121472876,5
1015,84,7,N,121572882,121572876,6
1016,84,8,L,121672883,121672876,7
1017,84,9,A,121772884,121772876,8
1018,84,10,N,121872884,121872876,8
1019,84,11,D,121972885,121972876,9
1020,85,0,F,122072885,122072885,0
1021,85,1,H,122172885,122172885,0
1022,85,2,B,122272887,122272885,2
1023,85,3,U,122372888,122372885,3
1024,85,4,R,122472889,122472885,4
1025,85,5,G,122572890,122572885,5
1026,85,6,E,122672891,122672885,6
1027,85,7,N,122772892,122772885,7
1028,85,8,L,122872892,122872885,7
1029,85,9,A,122972893,122972885,8
1030,85,10,N,123072894,123072885,9
1031,85,11,D,123172895,123172885,10
1032,86,0,F,123272896,123272896,0
1033,86,1,H,123372897,123372896,1
1034,86,2,B,123472898,123472896,2
1035,86,3,U,123572899,123572896,3
1036,86,4,R,123672901,123672896,5
1037,86,5,G,123772902,123772896,6
1038,86,6,E,123872903,123872896,7
1039,86,7,N,123972903,123972896,7
1040,86,8,L,124072904,124072896,8
1041,86,9,A,124172905,124172896,9
1042,86,10,N,124272906,124272896,10
1043,86,11,D,124372907,124372896,11
1044,87,0,F,124472908,124472908,0
1045,87,1,H,124572909,124572908,1
1046,87,2,B,124672910,124672908,2
1047,87,3,U,124772911,124772908,3
1048,87,4,R,124872911,124872908,3
1049,87,5,G,124972912,124972908,4
1050,87,6,E,125072912,125072908,4
1051,87,7,N,125172913,125172908,5
1052,87,8,L,125272914,125272908,6
1053,87,9,A,125372914,125372908,6
1054,87,10,N,125472915,125472908,7
1055,87,11,D,125572916,125572908,8
1056,88,0,F,125672917,125672917,0
1057,88,1,H,125772918,125772917,1
1058,88,2,B,125872919,125872917,2
1059,88,3,U,125972920,125972917,3
1060,88,4,R,126072921,126072917,4
1061,88,5,G,126172922,126172917,5
1062,88,6,E,126272924,126272917,7
1063,88,7,N,126372925,126372917,8
1064,88,8,L,126472926,126472917,9
1065,88,9,A,126572927,126572917,10
1066,88,10,N,126672929,126672917,12
1067,88,11,D,126772930,126772917,13
1068,89,0,F,126872931,126872931,0
1069,89,1,H,126972932,126972931,1
1070,89,2,B,127072932,127072931,1
1071,89,3,U,127172934,127172931,3
1072,89,4,R,127272934,127272931,3
1073,89,5,G,127372935,127372931,4
1074,89,6,E,127472937,127472931,6
1075,89,7,N,127572939,127572931,8
1076,89,8,L,127672940,127672931,9
1077,89,9,A,127772940,127772931,9
1078,89,10,N,127872941,127872931,10
1079,89,11,D,127972942,127972931,11
1080,90,0,F,128072943,128072943,0
1081,90,1,H,128172943,128172943,0
1082,90,2,B,128272945,128272943,2
1083,90,3,U,128372946,128372943,3
1084,90,4,R,128472947,128472943,4
1085,90,5,G,128572948,128572943,5
1086,90,6,E,128672949,128672943,6
1087,90,7,N,128772950,128772943,7
1088,90,8,L,128872952,128872943,9
1089,90,9,A,128972953,128972943,10
1090,90,10,N,129072954,129072943,11
1091,90,11,D,129172954,129172943,11
1092,91,0,F,129272955,129272955,0
1093,91,1,H,129372955,129372955,0
1094,91,2,B,129472956,129472955,1
1095,91,3,U,129572957,129572955,2
1096,91,4,R,129672959,129672955,4
1097,91,5,G,129772961,129772955,6
1098,91,6,E,129872962,129872955,7
1099,91,7,N,129972963,129972955,8
1100,91,8,L,130072964,130072955,9
1101,91,9,A,130172965,130172955,10
1102,91,10,N,130272966,130272955,11
1103,91,11,D,130372967,130372955,12
1104,92,0,F,130472968,130472968,0
1105,92,1,H,130572969,130572968,1
1106,92,2,B,130672970,130672968,2
1107,92,3,U,130772971,130772968,3
1108,92,4,R,130872971,130872968,3
1109,92,5,G,130972973,130972968,5
1110,92,6,E,131072975,131072968,7
1111,92,7,N,131172976,131172968,8
1112,92,8,L,131272978,131272968,10
1113,92,9,A,131372979,131372968,11
1114,92,10,N,131472980,131472968,12
1115,92,11,D,131572980,131572968,12
1116,93,0,F,131672981,131672981,0
1117,93,1,H,131772981,131772981,0
1118,93,2,B,131872983,131872981,2
1119,93,3,U,131972984,131972981,3
1120,93,4,R,132072985,132072981,4
1121,93,5,G,132172986,132172981,5
1122,93,6,E,132272988,132272981,7
1123,93,7,N,132372989,132372981,8
1124,93,8,L,132472990,132472981,9
1125,93,9,A,132572990,132572981,9
1126,93,10,N,132672991,132672981,10
1127,93,11,D,132772992,132772981,11
1128,94,0,F,132872993,132872993,0
1129,94,1,H,132972993,132972993,0
1130,94,2,B,133072993,133072993,0
1131,94,3,U,133172994,133172993,1
1132,94,4,R,133272996,133272993,3
1133,94,5,G,133372997,133372993,4
1134,94,6,E,133472999,133472993,6
1135,94,7,N,133573001,133572993,8
1136,94,8,L,133673002,133672993,9
1137,94,9,A,133773002,133772993,9
1138,94,10,N,133873003,133872993,10
1139,94,11,D,133973004,133972993,11
1140,95,0,F,134073005,134073005,0
1141,95,1,H,134173006,134173005,1
1142,95,2,B,134273007,134273005,2
1143,95,3,U,134373008,134373005,3
1144,95,4,R,134473009,134473005,4
1145,95,5,G,134573010,134573005,5
1146,95,6,E,134673012,134673005,7
1147,95,7,N,134773013,134773005,8
1148,95,8,L,134873015,134873005,10
1149,95,9,A,134973016,134973005,11
1150,95,10,N,135073016,135073005,11
1151,95,11,D,135173017,135173005,12
1152,96,0,F,135273018,135273018,0
1153,96,1,H,135373020,135373018,2
1154,96,2,B,135473020,135473018,2
1155,96,3,U,135573021,135573018,3
1156,96,4,R,135673023,135673018,5
1157,96,5,G,135773025,135773018,7
1158,96,6,E,135873026,135873018,8
1159,96,7,N,135973027,135973018,9
1160,96,8,L,136073028,136073018,10
1161,96,9,A,136173030,136173018,12
1162,96,10,N,136273031,136273018,13
1163,96,11,D,136373032,136373018,14
1164,97,0,F,136473033,136473033,0
1165,97,1,H,136573035,136573033,2
1166,97,2,B,136673035,136673033,2
1167,97,3,U,136773036,136773033,3
1168,97,4,R,136873037,136873033,4
1169,97,5,G,136973038,136973033,5
1170,97,6,E,137073040,137073033,7
1171,97,7,N,137173040,137173033,7
1172,97,8,L,137273041,137273033,8
1173,97,9,A,137373042,137373033,9
1174,97,10,N,137473043,137473033,10
1175,97,11,D,137573043,137573033,10
1176,98,0,F,137673043,137673043,0
1177,98,1,H,137773043,137773043,0
1178,98,2,B,137873044,137873043,1
1179,98,3,U,137973045,137973043,2
1180,98,4,R,138073046,138073043,3
1181,98,5,G,138173047,138173043,4
1182,98,6,E,138273048,138273043,5
1183,98,7,N,138373049,138373043,6
1184,98,8,L,138473049,138473043,6
1185,98,9,A,138573049,138573043,6
1186,98,10,N,138673050,138673043,7
1187,98,11,D,138773052,138773043,9
1188,99,0,F,138873054,138873054,0
1189,99,1,H,138973054,138973054,0
1190,99,2,B,139073055,139073054,1
1191,99,3,U,139173056,139173054,2
1192,99,4,R,139273057,139273054,3
1193,99,5,G,139373057,139373054,3
1194,99,6,E,139473058,139473054,4
1195,99,7,N,139573059,139573054,5
1196,99,8,L,139673060,139673054,6
1197,99,9,A,139773061,139773054,7
1198,99,10,N,139873062,139873054,8
1199,99,11,D,139973063,139973054,9
1200,100,0,F,140073063,140073063,0
1201,100,1,H,140173064,140173063,1
1202,100,2,B,140273066,140273063,3
1203,100,3,U,140373066,140373063,3
1204,100,4,R,140473067,140473063,4
1205,100,5,G,140573067,140573063,4
1206,100,6,E,140673068,140673063,5
1207,100,7,N,140773070,140773063,7
1208,100,8,L,140873070,140873063,7
1209,100,9,A,140973071,140973063,8
1210,100,10,N,141073072,141073063,9
1211,100,11,D,141173073,141173063,10
1212,101,0,F,141273074,141273074,0
1213,101,1,H,141373074,141373074,0
1214,101,2,B,141473074,141473074,0
1215,101,3,U,141573076,141573074,2
1216,101,4,R,141673076,141673074,2
1217,101,5,G,141773077,141773074,3
1218,101,6,E,141873078,141873074,4
1219,101,7,N,141973080,141973074,6
1220,101,8,L,142073082,142073074,8
1221,101,9,A,142173084,142173074,10
1222,101,10,N,142273086,142273074,12
1223,101,11,D,142373086,142373074,12
1224,102,0,F,142473087,142473087,0
1225,102,1,H,142573088,142573087,1
1226,102,2,B,142673089,142673087,2
1227,102,3,U,142773090,142773087,3
1228,102,4,R,142873092,142873087,5
1229,102,5,G,142973092,142973087,5
1230,102,6,E,143073093,143073087,6
1231,102,7,N,143173094,143173087,7
1232,102,8,L,143273095,143273087,8
1233,102,9,A,143373096,143373087,9
1234,102,10,N,143473097,143473087,10
1235,102,11,D,143573097,143573087,10
1236,103,0,F,143673098,143673098,0
1237,103,1,H,143773099,143773098,1
1238,103,2,B,143873101,143873098,3
1239,103,3,U,143973102,143973098,4
1240,103,4,R,144073102,144073098,4
1241,103,5,G,144173102,144173098,4
1242,103,6,E,144273103,144273098,5
1243,103,7,N,144373104,144373098,6
1244,103,8,L,144473105,144473098,7
1245,103,9,A,144573105,144573098,7
1246,103,10,N,144673106,144673098,8
1247,103,11,D,144773107,144773098,9
1248,104,0,F,144873108,144873108,0
1249,104,1,H,144973109,144973108,1
1250,104,2,B,145073110,145073108,2
1251,104,3,U,145173111,145173108,3
1252,104,4,R,145273113,145273108,5
1253,104,5,G,145373113,145373108,5
1254,104,6,E,145473114,145473108,6
1255,104,7,N,145573114,145573108,6
1256,104,8,L,145673115,145673108,7
1257,104,9,A,145773116,145773108,8
1258,104,10,N,145873116,145873108,8
1259,104,11,D,145973118,145973108,10
1260,105,0,F,146073120,146073120,0
1261,105,1,H,146173121,146173120,1
1262,105,2,B,146273122,146273120,2
1263,105,3,U,146373122,146373120,2
1264,105,4,R,146473123,146473120,3
1265,105,5,G,146573124,146573120,4
1266,105,6,E,146673126,146673120,6
1267,105,7,N,146773126,146773120,6
1268,105,8,L,146873127,146873120,7
1269,105,9,A,146973127,146973120,7
1270,105,10,N,147073129,147073120,9
1271,105,11,D,147173130,147173120,10
1272,106,0,F,147273131,147273131,0
1273,106,1,H,147373131,147373131,0
1274,106,2,B,147473132,147473131,1
1275,106,3,U,147573132,147573131,1
1276,106,4,R,147673133,147673131,2
1277,106,5,G,147773135,147773131,4
1278,106,6,E,147873136,147873131,5
1279,106,7,N,147973137,147973131,6
1280,106,8,L,148073138,148073131,7
1281,106,9,A,148173139,148173131,8
1282,106,10,N,148273140,148273131,9
1283,106,11,D,148373142,148373131,11
1284,107,0,F,148473143,148473143,0
1285,107,1,H,148573143,148573143,0
1286,107,2,B,148673144,148673143,1
1287,107,3,U,148773146,148773143,3
1288,107,4,R,148873147,148873143,4
1289,107,5,G,148973147,148973143,4
1290,107,6,E,149073147,149073143,4
1291,107,7,N,149173149,149173143,6
1292,107,8,L,149273151,149273143,8
1293,107,9,A,149373152,149373143,9
1294,107,10,N,149473153,149473143,10
1295,107,11,D,149573153,149573143,10
1296,108,0,F,149673154,149673154,0
1297,108,1,H,149773155,149773154,1
1298,108,2,B,149873156,149873154,2
1299,108,3,U,149973158,149973154,4
1300,108,4,R,150073159,150073154,5
1301,108,5,G,150173161,150173154,7
1302,108,6,E,150273162,150273154,8
1303,108,7,N,150373163,150373154,9
1304,108,8,L,150473164,150473154,10
1305,108,9,A,150573165,150573154,11
1306,108,10,N,150673167,150673154,13
1307,108,11,D,150773168,150773154,14
1308,109,0,F,150873168,150873168,0
1309,109,1,H,150973168,150973168,0
1310,109,2,B,151073169,151073168,1
1311,109,3,U,151173170,151173168,2
1312,109,4,R,151273172,151273168,4
1313,109,5,G,151373173,151373168,5
1314,109,6,E,151473173,151473168,5
1315,109,7,N,151573175,151573168,7
1316,109,8,L,151673175,151673168,7
1317,109,9,A,151773176,151773168,8
1318,109,10,N,151873177,151873168,9
1319,109,11,D,151973178,151973168,10
1320,110,0,F,152073178,152073178,0
1321,110,1,H,152173179,152173178,1
1322,110,2,B,152273181,152273178,3
1323,110,3,U,152373181,152373178,3
1324,110,4,R,152473182,152473178,4
1325,110,5,G,152573183,152573178,5
1326,110,6,E,152673184,152673178,6
1327,110,7,N,152773185,152773178,7
1328,110,8,L,152873185,152873178,7
1329,110,9,A,152973187,152973178,9
1330,110,10,N,153073187,153073178,9
1331,110,11,D,153173188,153173178,10
1332,111,0,F,153273190,153273190,0
1333,111,1,H,153373191,153373190,1
1334,111,2,B,153473192,153473190,2
1335,111,3,U,153573193,153573190,3
1336,111,4,R,153673194,153673190,4
1337,111,5,G,153773195,153773190,5
1338,111,6,E,153873196,153873190,6
1339,111,7,N,153973198,153973190,8
1340,111,8,L,154073199,154073190,9
1341,111,9,A,154173200,154173190,10
1342,111,10,N,154273201,154273190,11
1343,111,11,D,154373202,154373190,12
1344,112,0,F,154473202,154473202,0
1345,112,1,H,154573204,154573202,2
1346,112,2,B,154673205,154673202,3
1347,112,3,U,154773206,154773202,4
1348,112,4,R,154873206,154873202,4
1349,112,5,G,154973206,154973202,4
1350,112,6,E,155073207,155073202,5
1351,112,7,N,155173208,155173202,6
1352,112,8,L,155273210,155273202,8
1353,112,9,A,155373211,155373202,9
1354,112,10,N,155473212,155473202,10
1355,112,11,D,155573213,155573202,11
1356,113,0,F,155673214,155673214,0
1357,113,1,H,155773215,155773214,1
1358,113,2,B,155873217,155873214,3
1359,113,3,U,155973218,155973214,4
1360,113,4,R,156073219,156073214,5
1361,113,5,G,156173220,156173214,6
1362,113,6,E,156273221,156273214,7
1363,113,7,N,156373221,156373214,7
1364,113,8,L,156473222,156473214,8
1365,113,9,A,156573224,156573214,10
1366,113,10,N,156673225,156673214,11
1367,113,11,D,156773225,156773214,11
1368,114,0,F,156873225,156873225,0
1369,114,1,H,156973226,156973225,1
1370,114,2,B,157073227,157073225,2
1371,114,3,U,157173228,157173225,3
1372,114,4,R,157273229,157273225,4
1373,114,5,G,157373230,157373225,5
1374,114,6,E,157473230,157473225,5
1375,114,7,N,157573232,157573225,7
1376,114,8,L,157673233,157673225,8
1377,114,9,A,157773234,157773225,9
1378,114,10,N,157873235,157873225,10
1379,114,11,D,157973236,157973225,11
1380,115,0,F,158073236,158073236,0
1381,115,1,H,158173237,158173236,1
1382,115,2,B,158273239,158273236,3
1383,115,3,U,158373239,158373236,3
1384,115,4,R,158473241,158473236,5
1385,115,5,G,158573242,158573236,6
1386,115,6,E,158673244,158673236,8
1387,115,7,N,158773244,158773236,8
1388,115,8,L,158873245,158873236,9
1389,115,9,A,158973246,158973236,10
1390,115,10,N,159073247,159073236,11
1391,115,11,D,159173248,159173236,12
1392,116,0,F,159273250,159273250,0
1393,116,1,H,159373251,159373250,1
1394,116,2,B,159473253,159473250,3
1395,116,3,U,159573254,159573250,4
1396,116,4,R,159673256,159673250,6
1397,116,5,G,159773257,159773250,7
1398,116,6,E,159873258,159873250,8
1399,116,7,N,159973259,159973250,9
1400,116,8,L,160073260,160073250,10
1401,116,9,A,160173260,160173250,10
1402,116,10,N,160273261,160273250,11
1403,116,11,D,160373262,160373250,12
1404,117,0,F,160473263,160473263,0
1405,117,1,H,160573264,160573263,1
1406,117,2,B,160673265,160673263,2
1407,117,3,U,160773266,160773263,3
1408,117,4,R,160873268,160873263,5
1409,117,5,G,160973269,160973263,6
1410,117,6,E,161073271,161073263,8
1411,117,7,N,161173273,161173263,10
1412,117,8,L,161273274,161273263,11
1413,117,9,A,161373274,161373263,11
1414,117,10,N,161473274,161473263,11
1415,117,11,D,161573275,161573263,12
1416,118,0,F,161673277,161673277,0
1417,118,1,H,161773278,161773277,1
1418,118,2,B,161873279,161873277,2
1419,118,3,U,161973281,161973277,4
1420,118,4,R,162073282,162073277,5
1421,118,5,G,162173282,162173277,5
1422,118,6,E,162273283,162273277,6
1423,118,7,N,162373284,162373277,7
1424,118,8,L,162473285,162473277,8
1425,118,9,A,162573287,162573277,10
1426,118,10,N,162673288,162673277,11
1427,118,11,D,162773288,162773277,11
1428,119,0,F,162873289,162873289,0
1429,119,1,H,162973291,162973289,2
1430,119,2,B,163073291,163073289,2
1431,119,3,U,163173293,163173289,4
1432,119,4,R,163273294,163273289,5
1433,119,5,G,163373296,163373289,7
1434,119,6,E,163473296,163473289,7
1435,119,7,N,163573297,163573289,8
1436,119,8,L,163673297,163673289,8
1437,119,9,A,163773298,163773289,9
1438,119,10,N,163873299,163873289,10
1439,119,11,D,163973300,163973289,11
1440,120,0,F,164073302,164073302,0
1441,120,1,H,164173303,164173302,1
1442,120,2,B,164273304,164273302,2
1443,120,3,U,164373305,164373302,3
1444,120,4,R,164473306,164473302,4
1445,120,5,G,164573306,164573302,4
1446,120,6,E,164673306,164673302,4
1447,120,7,N,164773307,164773302,5
1448,120,8,L,164873309,164873302,7
1449,120,9,A,164973310,164973302,8
1450,120,10,N,165073311,165073302,9
1451,120,11,D,165173312,165173302,10
1452,121,0,F,165273314,165273314,0
1453,121,1,H,165373316,165373314,2
1454,121,2,B,165473317,165473314,3
1455,121,3,U,165573317,165573314,3
1456,121,4,R,165673317,165673314,3
1457,121,5,G,165773317,165773314,3
1458,121,6,E,165873318,165873314,4
1459,121,7,N,165973319,165973314,5
1460,121,8,L,166073320,166073314,6
1461,121,9,A,166173321,166173314,7
1462,121,10,N,166273322,166273314,8
1463,121,11,D,166373323,166373314,9
1464,122,0,F,166473323,166473323,0
1465,122,1,H,166573324,166573323,1
1466,122,2,B,166673324,166673323,1
1467,122,3,U,166773326,166773323,3
1468,122,4,R,166873328,166873323,5
1469,122,5,G,166973329,166973323,6
1470,122,6,E,167073331,167073323,8
1471,122,7,N,167173331,167173323,8
1472,122,8,L,167273331,167273323,8
1473,122,9,A,167373333,167373323,10
1474,122,10,N,167473334,167473323,11
1475,122,11,D,167573334,167573323,11
1476,123,0,F,167673335,167673335,0
1477,123,1,H,167773336,167773335,1
1478,123,2,B,167873337,167873335,2
1479,123,3,U,167973338,167973335,3
1480,123,4,R,168073339,168073335,4
1481,123,5,G,168173340,168173335,5
1482,123,6,E,168273341,168273335,6
1483,123,7,N,168373342,168373335,7
1484,123,8,L,168473342,168473335,7
1485,123,9,A,168573343,168573335,8
1486,123,10,N,168673344,168673335,9
1487,123,11,D,168773345,168773335,10
1488,124,0,F,168873345,168873345,0
1489,124,1,H,168973346,168973345,1
1490,124,2,B,169073347,169073345,2
1491,124,3,U,169173348,169173345,3
1492,124,4,R,169273350,169273345,5
1493,124,5,G,169373352,169373345,7
1494,124,6,E,169473354,169473345,9
1495,124,7,N,169573355,169573345,10
1496,124,8,L,169673355,169673345,10
1497,124,9,A,169773355,169773345,10
1498,124,10,N,169873356,169873345,11
1499,124,11,D,169973357,169973345,12
1500,125,0,F,170073357,170073357,0
1501,125,1,H,170173358,170173357,1
1502,125,2,B,170273360,170273357,3
1503,125,3,U,170373361,170373357,4
1504,125,4,R,170473361,170473357,4
1505,125,5,G,170573361,170573357,4
1506,125,6,E,170673362,170673357,5
1507,125,7,N,170773362,170773357,5
1508,125,8,L,170873363,170873357,6
1509,125,9,A,170973364,170973357,7
1510,125,10,N,171073364,171073357,7
1511,125,11,D,171173365,171173357,8
1512,126,0,F,171273367,171273367,0
1513,126,1,H,171373368,171373367,1
1514,126,2,B,171473369,171473367,2
1515,126,3,U,171573369,171573367,2
1516,126,4,R,171673370,171673367,3
1517,126,5,G,171773372,171773367,5
1518,126,6,E,171873374,171873367,7
1519,126,7,N,171973375,171973367,8
1520,126,8,L,172073375,172073367,8
1521,126,9,A,172173376,172173367,9
1522,126,10,N,172273377,172273367,10
1523,126,11,D,172373377,172373367,10
1524,127,0,F,172473377,172473377,0
1525,127,1,H,172573378,172573377,1
1526,127,2,B,172673380,172673377,3
1527,127,3,U,172773380,172773377,3
1528,127,4,R,172873381,172873377,4
1529,127,5,G,172973381,172973377,4
1530,127,6,E,173073381,173073377,4
1531,127,7,N,173173382,173173377,5
1532,127,8,L,173273383,173273377,6
1533,127,9,A,173373385,173373377,8
1534,127,10,N,173473385,173473377,8
1535,127,11,D,173573386,173573377,9
1536,128,0,F,173673387,173673387,0
1537,128,1,H,173773388,173773387,1
1538,128,2,B,173873389,173873387,2
1539,128,3,U,173973390,173973387,3
1540,128,4,R,174073391,174073387,4
1541,128,5,G,174173393,174173387,6
1542,128,6,E,174273394,174273387,7
1543,128,7,N,174373394,174373387,7
1544,128,8,L,174473394,174473387,7
1545,128,9,A,174573395,174573387,8
1546,128,10,N,174673396,174673387,9
1547,128,11,D,174773396,174773387,9
1548,129,0,F,174873397,174873397,0
1549,129,1,H,174973398,174973397,1
1550,129,2,B,175073399,175073397,2
1551,129,3,U,175173400,175173397,3
1552,129,4,R,175273402,175273397,5
1553,129,5,G,175373404,175373397,7
1554,129,6,E,175473405,175473397,8
1555,129,7,N,175573406,175573397,9
1556,129,8,L,175673407,175673397,10
1557,129,9,A,175773408,175773397,11
1558,129,10,N,175873409,175873397,12
1559,129,11,D,175973409,175973397,12
1560,130,0,F,176073410,176073410,0
1561,130,1,H,176173411,176173410,1
1562,130,2,B,176273413,176273410,3
1563,130,3,U,176373414,176373410,4
1564,130,4,R,176473415,176473410,5
1565,130,5,G,176573416,176573410,6
1566,130,6,E,176673416,176673410,6
1567,130,7,N,176773418,176773410,8
1568,130,8,L,176873419,176873410,9
1569,130,9,A,176973420,176973410,10
1570,130,10,N,177073421,177073410,11
1571,130,11,D,177173422,177173410,12
1572,131,0,F,177273423,177273423,0
1573,131,1,H,177373424,177373423,1
1574,131,2,B,177473426,177473423,3
1575,131,3,U,177573426,177573423,3
1576,131,4,R,177673427,177673423,4
1577,131,5,G,177773427,177773423,4
1578,131,6,E,177873428,177873423,5
1579,131,7,N,177973429,177973423,6
1580,131,8,L,178073430,178073423,7
1581,131,9,A,178173431,178173423,8
1582,131,10,N,178273432,178273423,9
1583,131,11,D,178373433,178373423,10
1584,132,0,F,178473434,178473434,0
1585,132,1,H,178573435,178573434,1
1586,132,2,B,178673435,178673434,1
1587,132,3,U,178773437,178773434,3
1588,132,4,R,178873437,178873434,3
1589,132,5,G,178973438,178973434,4
1590,132,6,E,179073439,179073434,5
1591,132,7,N,179173440,179173434,6
1592,132,8,L,179273441,179273434,7
1593,132,9,A,179373441,179373434,7
1594,132,10,N,179473443,179473434,9
1595,132,11,D,179573444,179573434,10
1596,133,0,F,179673445,179673445,0
1597,133,1,H,179773446,179773445,1
1598,133,2,B,179873447,179873445,2
1599,133,3,U,179973447,179973445,2
1600,133,4,R,180073448,180073445,3
1601,133,5,G,180173449,180173445,4
1602,133,6,E,180273450,180273445,5
1603,133,7,N,180373452,180373445,7
1604,133,8,L,180473454,180473445,9
1605,133,9,A,180573456,180573445,11
1606,133,10,N,180673457,180673445,12
1607,133,11,D,180773458,180773445,13
1608,134,0,F,180873459,180873459,0
1609,134,1,H,180973460,180973459,1
1610,134,2,B,181073461,181073459,2
1611,134,3,U,181173462,181173459,3
1612,134,4,R,181273463,181273459,4
1613,134,5,G,181373464,181373459,5
1614,134,6,E,181473464,181473459,5
1615,134,7,N,181573465,181573459,6
1616,134,8,L,181673466,181673459,7
1617,134,9,A,181773467,181773459,8
1618,134,10,N,181873468,181873459,9
1619,134,11,D,181973469,181973459,10
1620,135,0,F,182073471,182073471,0
1621,135,1,H,182173472,182173471,1
1622,135,2,B,182273472,182273471,1
1623,135,3,U,182373473,182373471,2
1624,135,4,R,182473474,182473471,3
1625,135,5,G,182573475,182573471,4
1626,135,6,E,182673476,182673471,5
1627,135,7,N,182773477,182773471,6
1628,135,8,L,182873477,182873471,6
1629,135,9,A,182973478,182973471,7
1630,135,10,N,183073479,183073471,8
1631,135,11,D,183173480,183173471,9
1632,136,0,F,183273481,183273481,0
1633,136,1,H,183373482,183373481,1
1634,136,2,B,183473483,183473481,2
1635,136,3,U,183573483,183573481,2
1636,136,4,R,183673485,183673481,4
1637,136,5,G,183773486,183773481,5
1638,136,6,E,183873487,183873481,6
1639,136,7,N,183973488,183973481,7
1640,136,8,L,184073488,184073481,7
1641,136,9,A,184173489,184173481,8
1642,136,10,N,184273491,184273481,10
1643,136,11,D,184373491,184373481,10
1644,137,0,F,184473492,184473492,0
1645,137,1,H,184573493,184573492,1
1646,137,2,B,184673494,184673492,2
1647,137,3,U,184773494,184773492,2
1648,137,4,R,184873494,184873492,2
1649,137,5,G,184973494,184973492,2
1650,137,6,E,185073494,185073492,2
1651,137,7,N,185173495,185173492,3
1652,137,8,L,185273496,185273492,4
1653,137,9,A,185373496,185373492,4
1654,137,10,N,185473497,185473492,5
1655,137,11,D,185573497,185573492,5
1656,138,0,F,185673498,185673498,0
1657,138,1,H,185773499,185773498,1
1658,138,2,B,185873500,185873498,2
1659,138,3,U,185973501,185973498,3
1660,138,4,R,186073502,186073498,4
1661,138,5,G,186173502,186173498,4
1662,138,6,E,186273503,186273498,5
1663,138,7,N,186373504,186373498,6
1664,138,8,L,186473505,186473498,7
1665,138,9,A,186573506,186573498,8
1666,138,10,N,186673508,186673498,10
1667,138,11,D,186773508,186773498,10
1668,139,0,F,186873509,186873509,0
1669,139,1,H,186973509,186973509,0
1670,139,2,B,187073510,187073509,1
1671,139,3,U,187173510,187173509,1
1672,139,4,R,187273512,187273509,3
1673,139,5,G,187373513,187373509,4
1674,139,6,E,187473515,187473509,6
1675,139,7,N,187573515,187573509,6
1676,139,8,L,187673516,187673509,7
1677,139,9,A,187773516,187773509,7
1678,139,10,N,187873516,187873509,7
1679,139,11,D,187973518,187973509,9
1680,140,0,F,188073519,188073519,0
1681,140,1,H,188173520,188173519,1
1682,140,2,B,188273521,188273519,2
1683,140,3,U,188373522,188373519,3
1684,140,4,R,188473523,188473519,4
1685,140,5,G,188573524,188573519,5
1686,140,6,E,188673524,188673519,5
1687,140,7,N,188773525,188773519,6
1688,140,8,L,188873526,188873519,7
1689,140,9,A,188973526,188973519,7
1690,140,10,N,189073527,189073519,8
1691,140,11,D,189173528,189173519,9
1692,141,0,F,189273530,189273530,0
1693,141,1,H,189373532,189373530,2
1694,141,2,B,189473533,189473530,3
1695,141,3,U,189573533,189573530,3
1696,141,4,R,189673534,189673530,4
1697,141,5,G,189773535,189773530,5
1698,141,6,E,189873536,189873530,6
1699,141,7,N,189973537,189973530,7
1700,141,8,L,190073539,190073530,9
1701,141,9,A,190173541,190173530,11
1702,141,10,N,190273543,190273530,13
1703,141,11,D,190373543,190373530,13
1704,142,0,F,190473544,190473544,0
1705,142,1,H,190573545,190573544,1
1706,142,2,B,190673546,190673544,2
1707,142,3,U,190773547,190773544,3
1708,142,4,R,190873548,190873544,4
1709,142,5,G,190973549,190973544,5
1710,142,6,E,191073550,191073544,6
1711,142,7,N,191173552,191173544,8
1712,142,8,L,191273554,191273544,10
1713,142,9,A,191373555,191373544,11
1714,142,10,N,191473555,191473544,11
1715,142,11,D,191573556,191573544,12
1716,143,0,F,191673557,191673557,0
1717,143,1,H,191773558,191773557,1
1718,143,2,B,191873559,191873557,2
1719,143,3,U,191973560,191973557,3
1720,143,4,R,192073562,192073557,5
1721,143,5,G,192173563,192173557,6
1722,143,6,E,192273565,192273557,8
1723,143,7,N,192373565,192373557,8
1724,143,8,L,192473565,192473557,8
1725,143,9,A,192573566,192573557,9
1726,143,10,N,192673567,192673557,10
1727,143,11,D,192773569,192773557,12
1728,144,0,F,192873570,192873570,0
1729,144,1,H,192973571,192973570,1
1730,144,2,B,193073572,193073570,2
1731,144,3,U,193173573,193173570,3
1732,144,4,R,193273575,193273570,5
1733,144,5,G,193373576,193373570,6
1734,144,6,E,193473577,193473570,7
1735,144,7,N,193573578,193573570,8
1736,144,8,L,193673579,193673570,9
1737,144,9,A,193773580,193773570,10
1738,144,10,N,193873581,193873570,11
1739,144,11,D,193973582,193973570,12
1740,145,0,F,194073583,194073583,0
1741,145,1,H,194173584,194173583,1
1742,145,2,B,194273585,194273583,2
1743,145,3,U,194373586,194373583,3
1744,145,4,R,194473587,194473583,4
1745,145,5,G,194573587,194573583,4
1746,145,6,E,194673587,194673583,4
1747,145,7,N,194773588,194773583,5
1748,145,8,L,194873590,194873583,7
1749,145,9,A,194973591,194973583,8
1750,145,10,N,195073592,195073583,9
1751,145,11,D,195173593,195173583,10
1752,146,0,F,195273595,195273595,0
1753,146,1,H,195373596,195373595,1
1754,146,2,B,195473597,195473595,2
1755,146,3,U,195573598,195573595,3
1756,146,4,R,195673599,195673595,4
1757,146,5,G,195773601,195773595,6
1758,146,6,E,195873602,195873595,7
1759,146,7,N,195973603,195973595,8
1760,146,8,L,196073604,196073595,9
1761,146,9,A,196173604,196173595,9
1762,146,10,N,196273605,196273595,10
1763,146,11,D,196373606,196373595,11
1764,147,0,F,196473606,196473606,0
1765,147,1,H,196573607,196573606,1
1766,147,2,B,196673609,196673606,3
1767,147,3,U,196773610,196773606,4
1768,147,4,R,196873611,196873606,5
1769,147,5,G,196973613,196973606,7
1770,147,6,E,197073613,197073606,7
1771,147,7,N,197173614,197173606,8
1772,147,8,L,197273615,197273606,9
1773,147,9,A,197373616,197373606,10
1774,147,10,N,197473617,197473606,11
1775,147,11,D,197573617,197573606,11
1776,148,0,F,197673618,197673618,0
1777,148,1,H,197773619,197773618,1
1778,148,2,B,197873620,197873618,2
1779,148,3,U,197973620,197973618,2
1780,148,4,R,198073621,198073618,3
1781,148,5,G,198173623,198173618,5
1782,148,6,E,198273625,198273618,7
1783,148,7,N,198373625,198373618,7
1784,148,8,L,198473626,198473618,8
1785,148,9,A,198573626,198573618,8
1786,148,10,N,198673627,198673618,9
1787,148,11,D,198773627,198773618,9
1788,149,0,F,198873628,198873628,0
1789,149,1,H,198973629,198973628,1
1790,149,2,B,199073630,199073628,2
1791,149,3,U,199173631,199173628,3
1792,149,4,R,199273632,199273628,4
1793,149,5,G,199373632,199373628,4
1794,149,6,E,199473633,199473628,5
1795,149,7,N,199573634,199573628,6
1796,149,8,L,199673634,199673628,6
1797,149,9,A,199773635,199773628,7
1798,149,10,N,199873636,199873628,8
1799,149,11,D,199973637,199973628,9
1800,150,0,F,200073638,200073638,0
1801,150,1,H,200173639,200173638,1
1802,150,2,B,200273640,200273638,2
1803,150,3,U,200373640,200373638,2
1804,150,4,R,200473641,200473638,3
1805,150,5,G,200573641,200573638,3
1806,150,6,E,200673642,200673638,4
1807,150,7,N,200773643,200773638,5
1808,150,8,L,200873644,200873638,6
1809,150,9,A,200973645,200973638,7
1810,150,10,N,201073646,201073638,8
1811,150,11,D,201173647,201173638,9
1812,151,0,F,201273648,201273648,0
1813,151,1,H,201373648,201373648,0
1814,151,2,B,201473649,201473648,1
1815,151,3,U,201573650,201573648,2
1816,151,4,R,201673651,201673648,3
1817,151,5,G,201773652,201773648,4
1818,151,6,E,201873653,201873648,5
1819,151,7,N,201973654,201973648,6
1820,151,8,L,202073655,202073648,7
1821,151,9,A,202173655,202173648,7
1822,151,10,N,202273656,202273648,8
1823,151,11,D,202373657,202373648,9
1824,152,0,F,202473658,202473658,0
1825,152,1,H,202573659,202573658,1
1826,152,2,B,202673660,202673658,2
1827,152,3,U,202773660,202773658,2
1828,152,4,R,202873662,202873658,4
1829,152,5,G,202973663,202973658,5
1830,152,6,E,203073665,203073658,7
1831,152,7,N,203173665,203173658,7
1832,152,8,L,203273667,203273658,9
1833,152,9,A,203373667,203373658,9
1834,152,10,N,203473668,203473658,10
1835,152,11,D,203573669,203573658,11
1836,153,0,F,203673670,203673670,0
1837,153,1,H,203773670,203773670,0
1838,153,2,B,203873671,203873670,1
1839,153,3,U,203973672,203973670,2
1840,153,4,R,204073673,204073670,3
1841,153,5,G,204173674,204173670,4
1842,153,6,E,204273675,204273670,5
1843,153,7,N,204373676,204373670,6
1844,153,8,L,204473678,204473670,8
1845,153,9,A,204573680,204573670,10
1846,153,10,N,204673680,204673670,10
1847,153,11,D,204773681,204773670,11
1848,154,0,F,204873682,204873682,0
1849,154,1,H,204973683,204973682,1
1850,154,2,B,205073684,205073682,2
1851,154,3,U,205173686,205173682,4
1852,154,4,R,205273686,205273682,4
1853,154,5,G,205373686,205373682,4
1854,154,6,E,205473687,205473682,5
1855,154,7,N,205573688,205573682,6
1856,154,8,L,205673688,205673682,6
1857,154,9,A,205773688,205773682,6
1858,154,10,N,205873689,205873682,7
1859,154,11,D,205973690,205973682,8
1860,155,0,F,206073691,206073691,0
1861,155,1,H,206173692,206173691,1
1862,155,2,B,206273693,206273691,2
1863,155,3,U,206373694,206373691,3
1864,155,4,R,206473695,206473691,4
1865,155,5,G,206573696,206573691,5
1866,155,6,E,206673697,206673691,6
1867,155,7,N,206773698,206773691,7
1868,155,8,L,206873700,206873691,9
1869,155,9,A,206973701,206973691,10
1870,155,10,N,207073702,207073691,11
1871,155,11,D,207173704,207173691,13
1872,156,0,F,207273705,207273705,0
1873,156,1,H,207373706,207373705,1
1874,156,2,B,207473707,207473705,2
1875,156,3,U,207573707,207573705,2
1876,156,4,R,207673708,207673705,3
1877,156,5,G,207773709,207773705,4
1878,156,6,E,207873709,207873705,4
1879,156,7,N,207973710,207973705,5
1880,156,8,L,208073711,208073705,6
1881,156,9,A,208173712,208173705,7
1882,156,10,N,208273713,208273705,8
1883,156,11,D,208373713,208373705,8
1884,157,0,F,208473714,208473714,0
1885,157,1,H,208573715,208573714,1
1886,157,2,B,208673716,208673714,2
1887,157,3,U,208773717,208773714,3
1888,157,4,R,208873717,208873714,3
1889,157,5,G,208973719,208973714,5
1890,157,6,E,209073720,209073714,6
1891,157,7,N,209173721,209173714,7
1892,157,8,L,209273722,209273714,8
1893,157,9,A,209373723,209373714,9
1894,157,10,N,209473725,209473714,11
1895,157,11,D,209573726,209573714,12
1896,158,0,F,209673726,209673726,0
1897,158,1,H,209773726,209773726,0
1898,158,2,B,209873727,209873726,1
1899,158,3,U,209973728,209973726,2
1900,158,4,R,210073729,210073726,3
1901,158,5,G,210173730,210173726,4
1902,158,6,E,210273731,210273726,5
1903,158,7,N,210373732,210373726,6
1904,158,8,L,210473732,210473726,6
1905,158,9,A,210573734,210573726,8
1906,158,10,N,210673735,210673726,9
1907,158,11,D,210773736,210773726,10
1908,159,0,F,210873737,210873737,0
1909,159,1,H,210973738,210973737,1
1910,159,2,B,211073738,211073737,1
1911,159,3,U,211173740,211173737,3
1912,159,4,R,211273741,211273737,4
1913,159,5,G,211373742,211373737,5
1914,159,6,E,211473743,211473737,6
1915,159,7,N,211573744,211573737,7
1916,159,8,L,211673745,211673737,8
1917,159,9,A,211773746,211773737,9
1918,159,10,N,211873747,211873737,10
1919,159,11,D,211973748,211973737,11
1920,160,0,F,212073749,212073749,0
1921,160,1,H,212173750,212173749,1
1922,160,2,B,212273751,212273749,2
1923,160,3,U,212373751,212373749,2
1924,160,4,R,212473751,212473749,2
1925,160,5,G,212573753,212573749,4
1926,160,6,E,212673754,212673749,5
1927,160,7,N,212773754,212773749,5
1928,160,8,L,212873755,212873749,6
1929,160,9,A,212973756,212973749,7
1930,160,10,N,213073757,213073749,8
1931,160,11,D,213173757,213173749,8
1932,161,0,F,213273758,213273758,0
1933,161,1,H,213373759,213373758,1
1934,161,2,B,213473759,213473758,1
1935,161,3,U,213573759,213573758,1
1936,161,4,R,213673760,213673758,2
1937,161,5,G,213773761,213773758,3
1938,161,6,E,213873762,213873758,4
1939,161,7,N,213973763,213973758,5
1940,161,8,L,214073763,214073758,5
1941,161,9,A,214173763,214173758,5
1942,161,10,N,214273765,214273758,7
1943,161,11,D,214373766,214373758,8
1944,162,0,F,214473766,214473766,0
1945,162,1,H,214573767,214573766,1
1946,162,2,B,214673768,214673766,2
1947,162,3,U,214773769,214773766,3
1948,162,4,R,214873770,214873766,4
1949,162,5,G,214973771,214973766,5
1950,162,6,E,215073772,215073766,6
1951,162,7,N,215173773,215173766,7
1952,162,8,L,215273774,215273766,8
1953,162,9,A,215373775,215373766,9
1954,162,10,N,215473777,215473766,11
1955,162,11,D,215573778,215573766,12
1956,163,0,F,215673778,215673778,0
1957,163,1,H,215773779,215773778,1
1958,163,2,B,215873779,215873778,1
1959,163,3,U,215973779,215973778,1
1960,163,4,R,216073780,216073778,2
1961,163,5,G,216173780,216173778,2
1962,163,6,E,216273781,216273778,3
1963,163,7,N,216373782,216373778,4
1964,163,8,L,216473782,216473778,4
1965,163,9,A,216573782,216573778,4
1966,163,10,N,216673783,216673778,5
1967,163,11,D,216773784,216773778,6
1968,164,0,F,216873785,216873785,0
1969,164,1,H,216973786,216973785,1
1970,164,2,B,217073788,217073785,3
1971,164,3,U,217173788,217173785,3
1972,164,4,R,217273789,217273785,4
1973,164,5,G,217373790,217373785,5
1974,164,6,E,217473791,217473785,6
1975,164,7,N,217573792,217573785,7
1976,164,8,L,217673792,217673785,7
1977,164,9,A,217773794,217773785,9
1978,164,10,N,217873795,217873785,10
1979,164,11,D,217973796,217973785,11
1980,165,0,F,218073797,218073797,0
1981,165,1,H,218173798,218173797,1
1982,165,2,B,218273798,218273797,1
1983,165,3,U,218373799,218373797,2
1984,165,4,R,218473799,218473797,2
1985,165,5,G,218573800,218573797,3
1986,165,6,E,218673801,218673797,4
1987,165,7,N,218773802,218773797,5
1988,165,8,L,218873803,218873797,6
1989,165,9,A,218973804,218973797,7
1990,165,10,N,219073804,219073797,7
1991,165,11,D,219173805,219173797,8
1992,166,0,F,219273806,219273806,0
1993,166,1,H,219373808,219373806,2
1994,166,2,B,219473809,219473806,3
1995,166,3,U,219573810,219573806,4
1996,166,4,R,219673811,219673806,5
1997,166,5,G,219773813,219773806,7
1998,166,6,E,219873813,219873806,7
1999,166,7,N,219973814,219973806,8
2000,166,8,L,220073815,220073806,9
2001,166,9,A,220173816,220173806,10
2002,166,10,N,220273817,220273806,11
2003,166,11,D,220373818,220373806,12
2004,167,0,F,220473818,220473818,0
2005,167,1,H,220573820,220573818,2
2006,167,2,B,220673821,220673818,3
2007,167,3,U,220773822,220773818,4
2008,167,4,R,220873823,220873818,5
2009,167,5,G,220973824,220973818,6
2010,167,6,E,221073825,221073818,7
2011,167,7,N,221173826,221173818,8
2012,167,8,L,221273828,221273818,10
2013,167,9,A,221373829,221373818,11
2014,167,10,N,221473830,221473818,12
2015,167,11,D,221573831,221573818,13
2016,168,0,F,221673832,221673832,0
2017,168,1,H,221773833,221773832,1
2018,168,2,B,221873833,221873832,1
2019,168,3,U,221973834,221973832,2
2020,168,4,R,222073834,222073832,2
2021,168,5,G,222173835,222173832,3
2022,168,6,E,222273837,222273832,5
2023,168,7,N,222373838,222373832,6
2024,168,8,L,222473840,222473832,8
2025,168,9,A,222573841,222573832,9
2026,168,10,N,222673842,222673832,10
2027,168,11,D,222773843,222773832,11
2028,169,0,F,222873844,222873844,0
2029,169,1,H,222973845,222973844,1
2030,169,2,B,223073846,223073844,2
2031,169,3,U,223173847,223173844,3
2032,169,4,R,223273848,223273844,4
2033,169,5,G,223373849,223373844,5
2034,169,6,E,223473850,223473844,6
2035,169,7,N,223573851,223573844,7
2036,169,8,L,223673851,223673844,7
2037,169,9,A,223773852,223773844,8
2038,169,10,N,223873853,223873844,9
2039,169,11,D,223973854,223973844,10
2040,170,0,F,224073856,224073856,0
2041,170,1,H,224173857,224173856,1
2042,170,2,B,224273858,224273856,2
2043,170,3,U,224373859,224373856,3
2044,170,4,R,224473861,224473856,5
2045,170,5,G,224573862,224573856,6
2046,170,6,E,224673863,224673856,7
2047,170,7,N,224773863,224773856,7
2048,170,8,L,224873864,224873856,8
2049,170,9,A,224973865,224973856,9
2050,170,10,N,225073866,225073856,10
2051,170,11,D,225173868,225173856,12
2052,171,0,F,225273869,225273869,0
2053,171,1,H,225373870,225373869,1
2054,171,2,B,225473871,225473869,2
2055,171,3,U,225573872,225573869,3
2056,171,4,R,225673873,225673869,4
2057,171,5,G,225773874,225773869,5
2058,171,6,E,225873874,225873869,5
2059,171,7,N,225973875,225973869,6
2060,171,8,L,226073876,226073869,7
2061,171,9,A,226173876,226173869,7
2062,171,10,N,226273877,226273869,8
2063,171,11,D,226373878,226373869,9
2064,172,0,F,226473879,226473879,0
2065,172,1,H,226573880,226573879,1
2066,172,2,B,226673881,226673879,2
2067,172,3,U,226773882,226773879,3
2068,172,4,R,226873882,226873879,3
2069,172,5,G,226973883,226973879,4
2070,172,6,E,227073885,227073879,6
2071,172,7,N,227173886,227173879,7
2072,172,8,L,227273887,227273879,8
2073,172,9,A,227373887,227373879,8
2074,172,10,N,227473889,227473879,10
2075,172,11,D,227573890,227573879,11
2076,173,0,F,227673892,227673892,0
2077,173,1,H,227773894,227773892,2
2078,173,2,B,227873894,227873892,2
2079,173,3,U,227973895,227973892,3
2080,173,4,R,228073896,228073892,4
2081,173,5,G,228173896,228173892,4
2082,173,6,E,228273897,228273892,5
2083,173,7,N,228373899,228373892,7
2084,173,8,L,228473900,228473892,8
2085,173,9,A,228573901,228573892,9
2086,173,10,N,228673902,228673892,10
2087,173,11,D,228773903,228773892,11
2088,174,0,F,228873904,228873904,0
2089,174,1,H,228973904,228973904,0
2090,174,2,B,229073905,229073904,1
2091,174,3,U,229173905,229173904,1
2092,174,4,R,229273906,229273904,2
2093,174,5,G,229373907,229373904,3
2094,174,6,E,229473907,229473904,3
2095,174,7,N,229573909,229573904,5
2096,174,8,L,229673911,229673904,7
2097,174,9,A,229773912,229773904,8
2098,174,10,N,229873913,229873904,9
2099,174,11,D,229973913,229973904,9
2100,175,0,F,230073914,230073914,0
2101,175,1,H,230173915,230173914,1
2102,175,2,B,230273917,230273914,3
2103,175,3,U,230373918,230373914,4
2104,175,4,R,230473919,230473914,5
2105,175,5,G,230573920,230573914,6
2106,175,6,E,230673921,230673914,7
2107,175,7,N,230773922,230773914,8
2108,175,8,L,230873924,230873914,10
2109,175,9,A,230973924,230973914,10
2110,175,10,N,231073926,231073914,12
2111,175,11,D,231173927,231173914,13
2112,176,0,F,231273928,231273928,0
2113,176,1,H,231373928,231373928,0
2114,176,2,B,231473929,231473928,1
2115,176,3,U,231573929,231573928,1
2116,176,4,R,231673930,231673928,2
2117,176,5,G,231773931,231773928,3
2118,176,6,E,231873932,231873928,4
2119,176,7,N,231973933,231973928,5
2120,176,8,L,232073934,232073928,6
2121,176,9,A,232173935,232173928,7
2122,176,10,N,232273935,232273928,7
2123,176,11,D,232373936,232373928,8
2124,177,0,F,232473936,232473936,0
2125,177,1,H,232573937,232573936,1
2126,177,2,B,232673938,232673936,2
2127,177,3,U,232773940,232773936,4
2128,177,4,R,232873941,232873936,5
2129,177,5,G,232973942,232973936,6
2130,177,6,E,233073942,233073936,6
2131,177,7,N,233173944,233173936,8
2132,177,8,L,233273945,233273936,9
2133,177,9,A,233373946,233373936,10
2134,177,10,N,233473947,233473936,11
2135,177,11,D,233573949,233573936,13
2136,178,0,F,233673951,233673951,0
2137,178,1,H,233773953,233773951,2
2138,178,2,B,233873954,233873951,3
2139,178,3,U,233973955,233973951,4
2140,178,4,R,234073956,234073951,5
2141,178,5,G,234173958,234173951,7
2142,178,6,E,234273960,234273951,9
2143,178,7,N,234373961,234373951,10
2144,178,8,L,234473961,234473951,10
2145,178,9,A,234573963,234573951,12
2146,178,10,N,234673963,234673951,12
2147,178,11,D,234773964,234773951,13
2148,179,0,F,234873965,234873965,0
2149,179,1,H,234973966,234973965,1
2150,179,2,B,235073967,235073965,2
2151,179,3,U,235173968,235173965,3
2152,179,4,R,235273969,235273965,4
2153,179,5,G,235373970,235373965,5
2154,179,6,E,235473971,235473965,6
2155,179,7,N,235573972,235573965,7
2156,179,8,L,235673973,235673965,8
2157,179,9,A,235773974,235773965,9
2158,179,10,N,235873975,235873965,10
2159,179,11,D,235973975,235973965,10
2160,180,0,F,236073976,236073976,0
2161,180,1,H,236173977,236173976,1
2162,180,2,B,236273979,236273976,3
2163,180,3,U,236373980,236373976,4
2164,180,4,R,236473981,236473976,5
2165,180,5,G,236573982,236573976,6
2166,180,6,E,236673983,236673976,7
2167,180,7,N,236773983,236773976,7
2168,180,8,L,236873985,236873976,9
2169,180,9,A,236973986,236973976,10
2170,180,10,N,237073987,237073976,11
2171,180,11,D,237173987,237173976,11
2172,181,0,F,237273988,237273988,0
2173,181,1,H,237373989,237373988,1
2174,181,2,B,237473991,237473988,3
2175,181,3,U,237573991,237573988,3
2176,181,4,R,237673992,237673988,4
2177,181,5,G,237773993,237773988,5
2178,181,6,E,237873993,237873988,5
2179,181,7,N,237973995,237973988,7
2180,181,8,L,238073996,238073988,8
2181,181,9,A,238173998,238173988,10
2182,181,10,N,238273999,238273988,11
2183,181,11,D,238374000,238373988,12
2184,182,0,F,238474001,238474001,0
2185,182,1,H,238574002,238574001,1
2186,182,2,B,238674002,238674001,1
2187,182,3,U,238774003,238774001,2
2188,182,4,R,238874004,238874001,3
2189,182,5,G,238974005,238974001,4
2190,182,6,E,239074005,239074001,4
2191,182,7,N,239174006,239174001,5
2192,182,8,L,239274007,239274001,6
2193,182,9,A,239374008,239374001,7
2194,182,10,N,239474009,239474001,8
2195,182,11,D,239574010,239574001,9
2196,183,0,F,239674011,239674011,0
2197,183,1,H,239774012,239774011,1
2198,183,2,B,239874013,239874011,2
2199,183,3,U,239974013,239974011,2
2200,183,4,R,240074014,240074011,3
2201,183,5,G,240174016,240174011,5
2202,183,6,E,240274018,240274011,7
2203,183,7,N,240374019,240374011,8
2204,183,8,L,240474020,240474011,9
2205,183,9,A,240574022,240574011,11
2206,183,10,N,240674023,240674011,12
2207,183,11,D,240774024,240774011,13
2208,184,0,F,240874024,240874024,0
2209,184,1,H,240974025,240974024,1
2210,184,2,B,241074026,241074024,2
2211,184,3,U,241174027,241174024,3
2212,184,4,R,241274028,241274024,4
2213,184,5,G,241374029,241374024,5
2214,184,6,E,241474030,241474024,6
2215,184,7,N,241574030,241574024,6
2216,184,8,L,241674030,241674024,6
2217,184,9,A,241774031,241774024,7
2218,184,10,N,241874031,241874024,7
2219,184,11,D,241974032,241974024,8
2220,185,0,F,242074032,242074032,0
2221,185,1,H,242174033,242174032,1
2222,185,2,B,242274034,242274032,2
2223,185,3,U,242374034,242374032,2
2224,185,4,R,242474035,242474032,3
2225,185,5,G,242574036,242574032,4
2226,185,6,E,242674038,242674032,6
2227,185,7,N,242774040,242774032,8
2228,185,8,L,242874042,242874032,10
2229,185,9,A,242974043,242974032,11
2230,185,10,N,243074044,243074032,12
2231,185,11,D,243174045,243174032,13
2232,186,0,F,243274047,243274047,0
2233,186,1,H,243374047,243374047,0
2234,186,2,B,243474048,243474047,1
2235,186,3,U,243574049,243574047,2
2236,186,4,R,243674050,243674047,3
2237,186,5,G,243774050,243774047,3
2238,186,6,E,243874051,243874047,4
2239,186,7,N,243974051,243974047,4
2240,186,8,L,244074053,244074047,6
2241,186,9,A,244174054,244174047,7
2242,186,10,N,244274056,244274047,9
2243,186,11,D,244374057,244374047,10
2244,187,0,F,244474058,244474058,0
2245,187,1,H,244574058,244574058,0
2246,187,2,B,244674058,244674058,0
2247,187,3,U,244774059,244774058,1
2248,187,4,R,244874059,244874058,1
2249,187,5,G,244974060,244974058,2
2250,187,6,E,245074061,245074058,3
2251,187,7,N,245174062,245174058,4
2252,187,8,L,245274063,245274058,5
2253,187,9,A,245374064,245374058,6
2254,187,10,N,245474064,245474058,6
2255,187,11,D,245574065,245574058,7
2256,188,0,F,245674066,245674066,0
2257,188,1,H,245774068,245774066,2
2258,188,2,B,245874070,245874066,4
2259,188,3,U,245974072,245974066,6
2260,188,4,R,246074073,246074066,7
2261,188,5,G,246174073,246174066,7
2262,188,6,E,246274074,246274066,8
2263,188,7,N,246374075,246374066,9
2264,188,8,L,246474076,246474066,10
2265,188,9,A,246574077,246574066,11
2266,188,10,N,246674077,246674066,11
2267,188,11,D,246774077,246774066,11
2268,189,0,F,246874078,246874078,0
2269,189,1,H,246974079,246974078,1
2270,189,2,B,247074080,247074078,2
2271,189,3,U,247174082,247174078,4
2272,189,4,R,247274083,247274078,5
2273,189,5,G,247374085,247374078,7
2274,189,6,E,247474086,247474078,8
2275,189,7,N,247574088,247574078,10
2276,189,8,L,247674089,247674078,11
2277,189,9,A,247774090,247774078,12
2278,189,10,N,247874091,247874078,13
2279,189,11,D,247974092,247974078,14
2280,190,0,F,248074092,248074092,0
2281,190,1,H,248174092,248174092,0
2282,190,2,B,248274093,248274092,1
2283,190,3,U,248374094,248374092,2
2284,190,4,R,248474096,248474092,4
2285,190,5,G,248574097,248574092,5
2286,190,6,E,248674098,248674092,6
2287,190,7,N,248774099,248774092,7
2288,190,8,L,248874101,248874092,9
2289,190,9,A,248974102,248974092,10
2290,190,10,N,249074104,249074092,12
2291,190,11,D,249174105,249174092,13
2292,191,0,F,249274106,249274106,0
2293,191,1,H,249374107,249374106,1
2294,191,2,B,249474108,249474106,2
2295,191,3,U,249574109,249574106,3
2296,191,4,R,249674110,249674106,4
2297,191,5,G,249774111,249774106,5
2298,191,6,E,249874112,249874106,6
2299,191,7,N,249974113,249974106,7
2300,191,8,L,250074114,250074106,8
2301,191,9,A,250174115,250174106,9
2302,191,10,N,250274116,250274106,10
2303,191,11,D,250374117,250374106,11
2304,192,0,F,250474117,250474117,0
2305,192,1,H,250574117,250574117,0
2306,192,2,B,250674118,250674117,1
2307,192,3,U,250774119,250774117,2
2308,192,4,R,250874121,250874117,4
2309,192,5,G,250974122,250974117,5
2310,192,6,E,251074123,251074117,6
2311,192,7,N,251174124,251174117,7
2312,192,8,L,251274126,251274117,9
2313,192,9,A,251374127,251374117,10
2314,192,10,N,251474128,251474117,11
2315,192,11,D,251574129,251574117,12
2316,193,0,F,251674130,251674130,0
2317,193,1,H,251774131,251774130,1
2318,193,2,B,251874132,251874130,2
2319,193,3,U,251974133,251974130,3
2320,193,4,R,252074134,252074130,4
2321,193,5,G,252174135,252174130,5
2322,193,6,E,252274136,252274130,6
2323,193,7,N,252374137,252374130,7
2324,193,8,L,252474139,252474130,9
2325,193,9,A,252574140,252574130,10
2326,193,10,N,252674141,252674130,11
2327,193,11,D,252774142,252774130,12
2328,194,0,F,252874142,252874142,0
2329,194,1,H,252974143,252974142,1
2330,194,2,B,253074143,253074142,1
2331,194,3,U,253174144,253174142,2
2332,194,4,R,253274146,253274142,4
2333,194,5,G,253374147,253374142,5
2334,194,6,E,253474148,253474142,6
2335,194,7,N,253574149,253574142,7
2336,194,8,L,253674150,253674142,8
2337,194,9,A,253774151,253774142,9
2338,194,10,N,253874153,253874142,11
2339,194,11,D,253974153,253974142,11
2340,195,0,F,254074154,254074154,0
2341,195,1,H,254174154,254174154,0
2342,195,2,B,254274156,254274154,2
2343,195,3,U,254374157,254374154,3
2344,195,4,R,254474159,254474154,5
2345,195,5,G,254574159,254574154,5
2346,195,6,E,254674160,254674154,6
2347,195,7,N,254774162,254774154,8
2348,195,8,L,254874163,254874154,9
2349,195,9,A,254974164,254974154,10
2350,195,10,N,255074165,255074154,11
2351,195,11,D,255174166,255174154,12
2352,196,0,F,255274167,255274167,0
2353,196,1,H,255374168,255374167,1
2354,196,2,B,255474169,255474167,2
2355,196,3,U,255574170,255574167,3
2356,196,4,R,255674171,255674167,4
2357,196,5,G,255774173,255774167,6
2358,196,6,E,255874174,255874167,7
2359,196,7,N,255974175,255974167,8
2360,196,8,L,256074176,256074167,9
2361,196,9,A,256174177,256174167,10
2362,196,10,N,256274178,256274167,11
2363,196,11,D,256374179,256374167,12
2364,197,0,F,256474179,256474179,0
2365,197,1,H,256574180,256574179,1
2366,197,2,B,256674180,256674179,1
2367,197,3,U,256774181,256774179,2
2368,197,4,R,256874182,256874179,3
2369,197,5,G,256974184,256974179,5
2370,197,6,E,257074184,257074179,5
2371,197,7,N,257174185,257174179,6
2372,197,8,L,257274187,257274179,8
2373,197,9,A,257374187,257374179,8
2374,197,10,N,257474188,257474179,9
2375,197,11,D,257574189,257574179,10
2376,198,0,F,257674190,257674190,0
2377,198,1,H,257774191,257774190,1
2378,198,2,B,257874192,257874190,2
2379,198,3,U,257974192,257974190,2
2380,198,4,R,258074193,258074190,3
2381,198,5,G,258174193,258174190,3
2382,198,6,E,258274195,258274190,5
2383,198,7,N,258374196,258374190,6
2384,198,8,L,258474196,258474190,6
2385,198,9,A,258574197,258574190,7
2386,198,10,N,258674198,258674190,8
2387,198,11,D,258774199,258774190,9
2388,199,0,F,258874200,258874200,0
2389,199,1,H,258974201,258974200,1
2390,199,2,B,259074203,259074200,3
2391,199,3,U,259174204,259174200,4
2392,199,4,R,259274206,259274200,6
2393,199,5,G,259374206,259374200,6
2394,199,6,E,259474208,259474200,8
2395,199,7,N,259574209,259574200,9
2396,199,8,L,259674209,259674200,9
2397,199,9,A,259774210,259774200,10
2398,199,10,N,259874211,259874200,11
2399,199,11,D,259974212,259974200,12
2400,200,0,F,260074212,260074212,0
2401,200,1,H,260174213,260174212,1
2402,200,2,B,260274215,260274212,3
2403,200,3,U,260374216,260374212,4
2404,200,4,R,260474217,260474212,5
2405,200,5,G,260574217,260574212,5
2406,200,6,E,260674218,260674212,6
2407,200,7,N,260774219,260774212,7
2408,200,8,L,260874220,260874212,8
2409,200,9,A,260974222,260974212,10
2410,200,10,N,261074224,261074212,12
2411,200,11,D,261174225,261174212,13
2412,201,0,F,261274226,261274226,0
2413,201,1,H,261374227,261374226,1
2414,201,2,B,261474228,261474226,2
2415,201,3,U,261574229,261574226,3
2416,201,4,R,261674229,261674226,3
2417,201,5,G,261774229,261774226,3
2418,201,6,E,261874230,261874226,4
2419,201,7,N,261974231,261974226,5
2420,201,8,L,262074233,262074226,7
2421,201,9,A,262174234,262174226,8
2422,201,10,N,262274235,262274226,9
2423,201,11,D,262374236,262374226,10
2424,202,0,F,262474237,262474237,0
2425,202,1,H,262574238,262574237,1
2426,202,2,B,262674238,262674237,1
2427,202,3,U,262774239,262774237,2
2428,202,4,R,262874240,262874237,3
2429,202,5,G,262974241,262974237,4
2430,202,6,E,263074243,263074237,6
2431,202,7,N,263174245,263174237,8
2432,202,8,L,263274247,263274237,10
2433,202,9,A,263374248,263374237,11
2434,202,10,N,263474248,263474237,11
2435,202,11,D,263574250,263574237,13
2436,203,0,F,263674250,263674250,0
2437,203,1,H,263774251,263774250,1
2438,203,2,B,263874252,263874250,2
2439,203,3,U,263974253,263974250,3
2440,203,4,R,264074254,264074250,4
2441,203,5,G,264174255,264174250,5
2442,203,6,E,264274256,264274250,6
2443,203,7,N,264374257,264374250,7
2444,203,8,L,264474259,264474250,9
2445,203,9,A,264574260,264574250,10
2446,203,10,N,264674261,264674250,11
2447,203,11,D,264774262,264774250,12
2448,204,0,F,264874263,264874263,0
2449,204,1,H,264974264,264974263,1
2450,204,2,B,265074266,265074263,3
2451,204,3,U,265174267,265174263,4
2452,204,4,R,265274268,265274263,5
2453,204,5,G,265374269,265374263,6
2454,204,6,E,265474270,265474263,7
2455,204,7,N,265574271,265574263,8
2456,204,8,L,265674272,265674263,9
2457,204,9,A,265774273,265774263,10
2458,204,10,N,265874274,265874263,11
2459,204,11,D,265974274,265974263,11
2460,205,0,F,266074275,266074275,0
2461,205,1,H,266174276,266174275,1
2462,205,2,B,266274278,266274275,3
2463,205,3,U,266374279,266374275,4
2464,205,4,R,266474280,266474275,5
2465,205,5,G,266574280,266574275,5
2466,205,6,E,266674280,266674275,5
2467,205,7,N,266774281,266774275,6
2468,205,8,L,266874282,266874275,7
2469,205,9,A,266974282,266974275,7
2470,205,10,N,267074282,267074275,7
2471,205,11,D,267174283,267174275,8
2472,206,0,F,267274284,267274284,0
2473,206,1,H,267374284,267374284,0
2474,206,2,B,267474285,267474284,1
2475,206,3,U,267574286,267574284,2
2476,206,4,R,267674286,267674284,2
2477,206,5,G,267774287,267774284,3
2478,206,6,E,267874288,267874284,4
2479,206,7,N,267974289,267974284,5
2480,206,8,L,268074291,268074284,7
2481,206,9,A,268174292,268174284,8
2482,206,10,N,268274294,268274284,10
2483,206,11,D,268374296,268374284,12
2484,207,0,F,268474296,268474296,0
2485,207,1,H,268574296,268574296,0
2486,207,2,B,268674298,268674296,2
2487,207,3,U,268774299,268774296,3
2488,207,4,R,268874300,268874296,4
2489,207,5,G,268974301,268974296,5
2490,207,6,E,269074302,269074296,6
2491,207,7,N,269174303,269174296,7
2492,207,8,L,269274304,269274296,8
2493,207,9,A,269374306,269374296,10
2494,207,10,N,269474308,269474296,12
2495,207,11,D,269574309,269574296,13
2496,208,0,F,269674310,269674310,0
2497,208,1,H,269774310,269774310,0
2498,208,2,B,269874311,269874310,1
2499,208,3,U,269974311,269974310,1
2500,208,4,R,270074313,270074310,3
2501,208,5,G,270174314,270174310,4
2502,208,6,E,270274315,270274310,5
2503,208,7,N,270374317,270374310,7
2504,208,8,L,270474319,270474310,9
2505,208,9,A,270574320,270574310,10
2506,208,10,N,270674320,270674310,10
2507,208,11,D,270774321,270774310,11
2508,209,0,F,270874322,270874322,0
2509,209,1,H,270974323,270974322,1
2510,209,2,B,271074323,271074322,1
2511,209,3,U,271174324,271174322,2
2512,209,4,R,271274326,271274322,4
2513,209,5,G,271374327,271374322,5
2514,209,6,E,271474328,271474322,6
2515,209,7,N,271574329,271574322,7
2516,209,8,L,271674330,271674322,8
2517,209,9,A,271774331,271774322,9
2518,209,10,N,271874332,271874322,10
2519,209,11,D,271974333,271974322,11
2520,210,0,F,272074333,272074333,0
2521,210,1,H,272174333,272174333,0
2522,210,2,B,272274334,272274333,1
2523,210,3,U,272374335,272374333,2
2524,210,4,R,272474336,272474333,3
2525,210,5,G,272574336,272574333,3
2526,210,6,E,272674337,272674333,4
2527,210,7,N,272774339,272774333,6
2528,210,8,L,272874340,272874333,7
2529,210,9,A,272974341,272974333,8
2530,210,10,N,273074342,273074333,9
2531,210,11,D,273174344,273174333,11
2532,211,0,F,273274345,273274345,0
2533,211,1,H,273374346,273374345,1
2534,211,2,B,273474347,273474345,2
2535,211,3,U,273574348,273574345,3
2536,211,4,R,273674349,273674345,4
2537,211,5,G,273774350,273774345,5
2538,211,6,E,273874351,273874345,6
2539,211,7,N,273974351,273974345,6
2540,211,8,L,274074352,274074345,7
2541,211,9,A,274174353,274174345,8
2542,211,10,N,274274354,274274345,9
2543,211,11,D,274374355,274374345,10
2544,212,0,F,274474357,274474357,0
2545,212,1,H,274574358,274574357,1
2546,212,2,B,274674359,274674357,2
2547,212,3,U,274774361,274774357,4
2548,212,4,R,274874362,274874357,5
2549,212,5,G,274974363,274974357,6
2550,212,6,E,275074364,275074357,7
2551,212,7,N,275174365,275174357,8
2552,212,8,L,275274367,275274357,10
2553,212,9,A,275374368,275374357,11
2554,212,10,N,275474369,275474357,12
2555,212,11,D,275574371,275574357,14
2556,213,0,F,275674372,275674372,0
2557,213,1,H,275774373,275774372,1
2558,213,2,B,275874374,275874372,2
2559,213,3,U,275974375,275974372,3
2560,213,4,R,276074377,276074372,5
2561,213,5,G,276174378,276174372,6
2562,213,6,E,276274379,276274372,7
2563,213,7,N,276374380,276374372,8
2564,213,8,L,276474381,276474372,9
2565,213,9,A,276574381,276574372,9
2566,213,10,N,276674383,276674372,11
2567,213,11,D,276774384,276774372,12
2568,214,0,F,276874385,276874385,0
2569,214,1,H,276974386,276974385,1
2570,214,2,B,277074387,277074385,2
2571,214,3,U,277174388,277174385,3
2572,214,4,R,277274388,277274385,3
2573,214,5,G,277374389,277374385,4
2574,214,6,E,277474390,277474385,5
2575,214,7,N,277574390,277574385,5
2576,214,8,L,277674391,277674385,6
2577,214,9,A,277774392,277774385,7
2578,214,10,N,277874393,277874385,8
2579,214,11,D,277974395,277974385,10
2580,215,0,F,278074396,278074396,0
2581,215,1,H,278174397,278174396,1
2582,215,2,B,278274399,278274396,3
2583,215,3,U,278374400,278374396,4
2584,215,4,R,278474401,278474396,5
2585,215,5,G,278574402,278574396,6
2586,215,6,E,278674402,278674396,6
2587,215,7,N,278774404,278774396,8
2588,215,8,L,278874405,278874396,9
2589,215,9,A,278974406,278974396,10
2590,215,10,N,279074407,279074396,11
2591,215,11,D,279174408,279174396,12
2592,216,0,F,279274409,279274409,0
2593,216,1,H,279374410,279374409,1
2594,216,2,B,279474411,279474409,2
2595,216,3,U,279574412,279574409,3
2596,216,4,R,279674413,279674409,4
2597,216,5,G,279774414,279774409,5
2598,216,6,E,279874415,279874409,6
2599,216,7,N,279974416,279974409,7
2600,216,8,L,280074417,280074409,8
2601,216,9,A,280174418,280174409,9
2602,216,10,N,280274419,280274409,10
2603,216,11,D,280374421,280374409,12
2604,217,0,F,280474422,280474422,0
2605,217,1,H,280574423,280574422,1
2606,217,2,B,280674423,280674422,1
2607,217,3,U,280774425,280774422,3
2608,217,4,R,280874426,280874422,4
2609,217,5,G,280974428,280974422,6
2610,217,6,E,281074428,281074422,6
2611,217,7,N,281174429,281174422,7
2612,217,8,L,281274430,281274422,8
2613,217,9,A,281374431,281374422,9
2614,217,10,N,281474432,281474422,10
2615,217,11,D,281574433,281574422,11
2616,218,0,F,281674434,281674434,0
2617,218,1,H,281774434,281774434,0
2618,218,2,B,281874436,281874434,2
2619,218,3,U,281974436,281974434,2
2620,218,4,R,282074438,282074434,4
2621,218,5,G,282174439,282174434,5
2622,218,6,E,282274440,282274434,6
2623,218,7,N,282374440,282374434,6
2624,218,8,L,282474441,282474434,7
2625,218,9,A,282574443,282574434,9
2626,218,10,N,282674445,282674434,11
2627,218,11,D,282774447,282774434,13
2628,219,0,F,282874449,282874449,0
2629,219,1,H,282974450,282974449,1
2630,219,2,B,283074451,283074449,2
2631,219,3,U,283174452,283174449,3
2632,219,4,R,283274453,283274449,4
2633,219,5,G,283374454,283374449,5
2634,219,6,E,283474455,283474449,6
2635,219,7,N,283574457,283574449,8
2636,219,8,L,283674458,283674449,9
2637,219,9,A,283774459,283774449,10
2638,219,10,N,283874459,283874449,10
2639,219,11,D,283974461,283974449,12
2640,220,0,F,284074463,284074463,0
2641,220,1,H,284174464,284174463,1
2642,220,2,B,284274465,284274463,2
2643,220,3,U,284374467,284374463,4
2644,220,4,R,284474467,284474463,4
2645,220,5,G,284574469,284574463,6
2646,220,6,E,284674470,284674463,7
2647,220,7,N,284774471,284774463,8
2648,220,8,L,284874471,284874463,8
2649,220,9,A,284974471,284974463,8
2650,220,10,N,285074471,285074463,8
2651,220,11,D,285174472,285174463,9
2652,221,0,F,285274473,285274473,0
2653,221,1,H,285374474,285374473,1
2654,221,2,B,285474476,285474473,3
2655,221,3,U,285574478,285574473,5
2656,221,4,R,285674480,285674473,7
2657,221,5,G,285774481,285774473,8
2658,221,6,E,285874482,285874473,9
2659,221,7,N,285974483,285974473,10
2660,221,8,L,286074483,286074473,10
2661,221,9,A,286174484,286174473,11
2662,221,10,N,286274486,286274473,13
2663,221,11,D,286374487,286374473,14
2664,222,0,F,286474488,286474488,0
2665,222,1,H,286574490,286574488,2
2666,222,2,B,286674492,286674488,4
2667,222,3,U,286774492,286774488,4
2668,222,4,R,286874493,286874488,5
2669,222,5,G,286974494,286974488,6
2670,222,6,E,287074495,287074488,7
2671,222,7,N,287174495,287174488,7
2672,222,8,L,287274497,287274488,9
2673,222,9,A,287374497,287374488,9
2674,222,10,N,287474498,287474488,10
2675,222,11,D,287574499,287574488,11
2676,223,0,F,287674499,287674499,0
2677,223,1,H,287774500,287774499,1
2678,223,2,B,287874500,287874499,1
2679,223,3,U,287974501,287974499,2
2680,223,4,R,288074502,288074499,3
2681,223,5,G,288174502,288174499,3
2682,223,6,E,288274504,288274499,5
2683,223,7,N,288374506,288374499,7
2684,223,8,L,288474507,288474499,8
2685,223,9,A,288574508,288574499,9
2686,223,10,N,288674509,288674499,10
2687,223,11,D,288774510,288774499,11
2688,224,0,F,288874510,288874510,0
2689,224,1,H,288974511,288974510,1
2690,224,2,B,289074511,289074510,1
2691,224,3,U,289174513,289174510,3
2692,224,4,R,289274514,289274510,4
2693,224,5,G,289374515,289374510,5
2694,224,6,E,289474516,289474510,6
2695,224,7,N,289574517,289574510,7
2696,224,8,L,289674518,289674510,8
2697,224,9,A,289774518,289774510,8
2698,224,10,N,289874519,289874510,9
2699,224,11,D,289974520,289974510,10
2700,225,0,F,290074521,290074521,0
2701,225,1,H,290174522,290174521,1
2702,225,2,B,290274523,290274521,2
2703,225,3,U,290374524,290374521,3
2704,225,4,R,290474524,290474521,3
2705,225,5,G,290574525,290574521,4
2706,225,6,E,290674525,290674521,4
2707,225,7,N,290774525,290774521,4
2708,225,8,L,290874525,290874521,4
2709,225,9,A,290974526,290974521,5
2710,225,10,N,291074527,291074521,6
2711,225,11,D,291174528,291174521,7
2712,226,0,F,291274529,291274529,0
2713,226,1,H,291374530,291374529,1
2714,226,2,B,291474530,291474529,1
2715,226,3,U,291574531,291574529,2
2716,226,4,R,291674532,291674529,3
2717,226,5,G,291774533,291774529,4
2718,226,6,E,291874533,291874529,4
2719,226,7,N,291974534,291974529,5
2720,226,8,L,292074534,292074529,5
2721,226,9,A,292174535,292174529,6
2722,226,10,N,292274536,292274529,7
2723,226,11,D,292374538,292374529,9
2724,227,0,F,292474538,292474538,0
2725,227,1,H,292574540,292574538,2
2726,227,2,B,292674541,292674538,3
2727,227,3,U,292774543,292774538,5
2728,227,4,R,292874544,292874538,6
2729,227,5,G,292974546,292974538,8
2730,227,6,E,293074547,293074538,9
2731,227,7,N,293174547,293174538,9
2732,227,8,L,293274548,293274538,10
2733,227,9,A,293374549,293374538,11
2734,227,10,N,293474550,293474538,12
2735,227,11,D,293574550,293574538,12
2736,228,0,F,293674551,293674551,0
2737,228,1,H,293774551,293774551,0
2738,228,2,B,293874552,293874551,1
2739,228,3,U,293974553,293974551,2
2740,228,4,R,294074555,294074551,4
2741,228,5,G,294174555,294174551,4
2742,228,6,E,294274555,294274551,4
2743,228,7,N,294374556,294374551,5
2744,228,8,L,294474557,294474551,6
2745,228,9,A,294574558,294574551,7
2746,228,10,N,294674559,294674551,8
2747,228,11,D,294774559,294774551,8
2748,229,0,F,294874559,294874559,0
2749,229,1,H,294974561,294974559,2
2750,229,2,B,295074562,295074559,3
2751,229,3,U,295174563,295174559,4
2752,229,4,R,295274565,295274559,6
2753,229,5,G,295374565,295374559,6
2754,229,6,E,295474566,295474559,7
2755,229,7,N,295574567,295574559,8
2756,229,8,L,295674568,295674559,9
2757,229,9,A,295774568,295774559,9
2758,229,10,N,295874569,295874559,10
2759,229,11,D,295974569,295974559,10
2760,230,0,F,296074570,296074570,0
2761,230,1,H,296174570,296174570,0
2762,230,2,B,296274572,296274570,2
2763,230,3,U,296374572,296374570,2
2764,230,4,R,296474572,296474570,2
2765,230,5,G,296574572,296574570,2
2766,230,6,E,296674573,296674570,3
2767,230,7,N,296774575,296774570,5
2768,230,8,L,296874576,296874570,6
2769,230,9,A,296974577,296974570,7
2770,230,10,N,297074577,297074570,7
2771,230,11,D,297174578,297174570,8
2772,231,0,F,297274580,297274580,0
2773,231,1,H,297374580,297374580,0
2774,231,2,B,297474581,297474580,1
2775,231,3,U,297574582,297574580,2
2776,231,4,R,297674583,297674580,3
2777,231,5,G,297774584,297774580,4
2778,231,6,E,297874585,297874580,5
2779,231,7,N,297974586,297974580,6
2780,231,8,L,298074586,298074580,6
2781,231,9,A,298174586,298174580,6
2782,231,10,N,298274587,298274580,7
2783,231,11,D,298374587,298374580,7
2784,232,0,F,298474588,298474588,0
2785,232,1,H,298574589,298574588,1
2786,232,2,B,298674589,298674588,1
2787,232,3,U,298774590,298774588,2
2788,232,4,R,298874591,298874588,3
2789,232,5,G,298974592,298974588,4
2790,232,6,E,299074593,299074588,5
2791,232,7,N,299174593,299174588,5
2792,232,8,L,299274594,299274588,6
2793,232,9,A,299374596,299374588,8
2794,232,10,N,299474597,299474588,9
2795,232,11,D,299574598,299574588,10
2796,233,0,F,299674600,299674600,0
2797,233,1,H,299774600,299774600,0
2798,233,2,B,299874601,299874600,1
2799,233,3,U,299974601,299974600,1
2800,233,4,R,300074602,300074600,2
2801,233,5,G,300174603,300174600,3
2802,233,6,E,300274604,300274600,4
2803,233,7,N,300374604,300374600,4
2804,233,8,L,300474605,300474600,5
2805,233,9,A,300574606,300574600,6
2806,233,10,N,300674606,300674600,6
2807,233,11,D,300774607,300774600,7
2808,234,0,F,300874608,300874608,0
2809,234,1,H,300974609,300974608,1
2810,234,2,B,301074610,301074608,2
2811,234,3,U,301174611,301174608,3
2812,234,4,R,301274612,301274608,4
2813,234,5,G,301374613,301374608,5
2814,234,6,E,301474614,301474608,6
2815,234,7,N,301574615,301574608,7
2816,234,8,L,301674617,301674608,9
2817,234,9,A,301774617,301774608,9
2818,234,10,N,301874619,301874608,11
2819,234,11,D,301974620,301974608,12
2820,235,0,F,302074620,302074620,0
2821,235,1,H,302174620,302174620,0
2822,235,2,B,302274621,302274620,1
2823,235,3,U,302374622,302374620,2
2824,235,4,R,302474622,302474620,2
2825,235,5,G,302574622,302574620,2
2826,235,6,E,302674624,302674620,4
2827,235,7,N,302774625,302774620,5
2828,235,8,L,302874626,302874620,6
2829,235,9,A,302974627,302974620,7
2830,235,10,N,303074628,303074620,8
2831,235,11,D,303174628,303174620,8
2832,236,0,F,303274629,303274629,0
2833,236,1,H,303374630,303374629,1
2834,236,2,B,303474632,303474629,3
2835,236,3,U,303574633,303574629,4
2836,236,4,R,303674634,303674629,5
2837,236,5,G,303774635,303774629,6
2838,236,6,E,303874635,303874629,6
2839,236,7,N,303974636,303974629,7
2840,236,8,L,304074637,304074629,8
2841,236,9,A,304174638,304174629,9
2842,236,10,N,304274640,304274629,11
2843,236,11,D,304374641,304374629,12
2844,237,0,F,304474642,304474642,0
2845,237,1,H,304574643,304574642,1
2846,237,2,B,304674644,304674642,2
2847,237,3,U,304774645,304774642,3
2848,237,4,R,304874646,304874642,4
2849,237,5,G,304974647,304974642,5
2850,237,6,E,305074648,305074642,6
2851,237,7,N,305174649,305174642,7
2852,237,8,L,305274650,305274642,8
2853,237,9,A,305374651,305374642,9
2854,237,10,N,305474652,305474642,10
2855,237,11,D,305574653,305574642,11
2856,238,0,F,305674654,305674654,0
2857,238,1,H,305774656,305774654,2
2858,238,2,B,305874657,305874654,3
2859,238,3,U,305974658,305974654,4
2860,238,4,R,306074658,306074654,4
2861,238,5,G,306174659,306174654,5
2862,238,6,E,306274661,306274654,7
2863,238,7,N,306374661,306374654,7
2864,238,8,L,306474661,306474654,7
2865,238,9,A,306574662,306574654,8
2866,238,10,N,306674662,306674654,8
2867,238,11,D,306774663,306774654,9
2868,239,0,F,306874664,306874664,0
2869,239,1,H,306974666,306974664,2
2870,239,2,B,307074666,307074664,2
2871,239,3,U,307174667,307174664,3
2872,239,4,R,307274668,307274664,4
2873,239,5,G,307374669,307374664,5
2874,239,6,E,307474670,307474664,6
2875,239,7,N,307574671,307574664,7
2876,239,8,L,307674672,307674664,8
2877,239,9,A,307774672,307774664,8
2878,239,10,N,307874673,307874664,9
2879,239,11,D,307974674,307974664,10
2880,240,0,F,308074675,308074675,0
2881,240,1,H,308174677,308174675,2
2882,240,2,B,308274678,308274675,3
2883,240,3,U,308374680,308374675,5
2884,240,4,R,308474681,308474675,6
2885,240,5,G,308574682,308574675,7
2886,240,6,E,308674683,308674675,8
2887,240,7,N,308774683,308774675,8
2888,240,8,L,308874684,308874675,9
2889,240,9,A,308974685,308974675,10
2890,240,10,N,309074686,309074675,11
2891,240,11,D,309174686,309174675,11
2892,241,0,F,309274687,309274687,0
2893,241,1,H,309374689,309374687,2
2894,241,2,B,309474690,309474687,3
2895,241,3,U,309574691,309574687,4
2896,241,4,R,309674692,309674687,5
2897,241,5,G,309774693,309774687,6
2898,241,6,E,309874694,309874687,7
2899,241,7,N,309974694,309974687,7
2900,241,8,L,310074694,310074687,7
2901,241,9,A,310174695,310174687,8
2902,241,10,N,310274696,310274687,9
2903,241,11,D,310374696,310374687,9
2904,242,0,F,310474697,310474697,0
2905,242,1,H,310574697,310574697,0
2906,242,2,B,310674699,310674697,2
2907,242,3,U,310774699,310774697,2
2908,242,4,R,310874700,310874697,3
2909,242,5,G,310974701,310974697,4
2910,242,6,E,311074701,311074697,4
2911,242,7,N,311174702,311174697,5
2912,242,8,L,311274703,311274697,6
2913,242,9,A,311374704,311374697,7
2914,242,10,N,311474705,311474697,8
2915,242,11,D,311574707,311574697,10
2916,243,0,F,311674707,311674707,0
2917,243,1,H,311774708,311774707,1
2918,243,2,B,311874709,311874707,2
2919,243,3,U,311974711,311974707,4
2920,243,4,R,312074712,312074707,5
2921,243,5,G,312174713,312174707,6
2922,243,6,E,312274715,312274707,8
2923,243,7,N,312374716,312374707,9
2924,243,8,L,312474717,312474707,10
2925,243,9,A,312574717,312574707,10
2926,243,10,N,312674718,312674707,11
2927,243,11,D,312774718,312774707,11
2928,244,0,F,312874719,312874719,0
2929,244,1,H,312974719,312974719,0
2930,244,2,B,313074720,313074719,1
2931,244,3,U,313174721,313174719,2
2932,244,4,R,313274722,313274719,3
2933,244,5,G,313374722,313374719,3
2934,244,6,E,313474723,313474719,4
2935,244,7,N,313574725,313574719,6
2936,244,8,L,313674726,313674719,7
2937,244,9,A,313774727,313774719,8
2938,244,10,N,313874729,313874719,10
2939,244,11,D,313974729,313974719,10
2940,245,0,F,314074729,314074729,0
2941,245,1,H,314174729,314174729,0
2942,245,2,B,314274730,314274729,1
2943,245,3,U,314374731,314374729,2
2944,245,4,R,314474732,314474729,3
2945,245,5,G,314574733,314574729,4
2946,245,6,E,314674734,314674729,5
2947,245,7,N,314774735,314774729,6
2948,245,8,L,314874736,314874729,7
2949,245,9,A,314974737,314974729,8
2950,245,10,N,315074738,315074729,9
2951,245,11,D,315174739,315174729,10
2952,246,0,F,315274741,315274741,0
2953,246,1,H,315374742,315374741,1
2954,246,2,B,315474743,315474741,2
2955,246,3,U,315574744,315574741,3
2956,246,4,R,315674745,315674741,4
2957,246,5,G,315774746,315774741,5
2958,246,6,E,315874747,315874741,6
2959,246,7,N,315974748,315974741,7
2960,246,8,L,316074748,316074741,7
2961,246,9,A,316174749,316174741,8
2962,246,10,N,316274751,316274741,10
2963,246,11,D,316374753,316374741,12
2964,247,0,F,316474753,316474753,0
2965,247,1,H,316574754,316574753,1
2966,247,2,B,316674754,316674753,1
2967,247,3,U,316774755,316774753,2
2968,247,4,R,316874756,316874753,3
2969,247,5,G,316974757,316974753,4
2970,247,6,E,317074759,317074753,6
2971,247,7,N,317174760,317174753,7
2972,247,8,L,317274761,317274753,8
2973,247,9,A,317374762,317374753,9
2974,247,10,N,317474763,317474753,10
2975,247,11,D,317574765,317574753,12
2976,248,0,F,317674766,317674766,0
2977,248,1,H,317774767,317774766,1
2978,248,2,B,317874767,317874766,1
2979,248,3,U,317974768,317974766,2
2980,248,4,R,318074769,318074766,3
2981,248,5,G,318174770,318174766,4
2982,248,6,E,318274772,318274766,6
2983,248,7,N,318374774,318374766,8
2984,248,8,L,318474775,318474766,9
2985,248,9,A,318574776,318574766,10
2986,248,10,N,318674777,318674766,11
2987,248,11,D,318774779,318774766,13
2988,249,0,F,318874780,318874780,0
2989,249,1,H,318974781,318974780,1
2990,249,2,B,319074782,319074780,2
2991,249,3,U,319174783,319174780,3
2992,249,4,R,319274784,319274780,4
2993,249,5,G,319374786,319374780,6
2994,249,6,E,319474787,319474780,7
2995,249,7,N,319574789,319574780,9
2996,249,8,L,319674790,319674780,10
2997,249,9,A,319774792,319774780,12
2998,249,10,N,319874793,319874780,13
2999,249,11,D,319974795,319974780,15
3000,250,0,F,320074796,320074796,0
3001,250,1,H,320174796,320174796,0
3002,250,2,B,320274797,320274796,1
3003,250,3,U,320374798,320374796,2
3004,250,4,R,320474799,320474796,3
3005,250,5,G,320574801,320574796,5
3006,250,6,E,320674802,320674796,6
3007,250,7,N,320774804,320774796,8
3008,250,8,L,320874805,320874796,9
3009,250,9,A,320974807,320974796,11
3010,250,10,N,321074808,321074796,12
3011,250,11,D,321174809,321174796,13
3012,251,0,F,321274811,321274811,0
3013,251,1,H,321374812,321374811,1
3014,251,2,B,321474814,321474811,3
3015,251,3,U,321574815,321574811,4
3016,251,4,R,321674816,321674811,5
3017,251,5,G,321774817,321774811,6
3018,251,6,E,321874818,321874811,7
3019,251,7,N,321974819,321974811,8
3020,251,8,L,322074820,322074811,9
3021,251,9,A,322174821,322174811,10
3022,251,10,N,322274822,322274811,11
3023,251,11,D,322374822,322374811,11
3024,252,0,F,322474822,322474822,0
3025,252,1,H,322574823,322574822,1
3026,252,2,B,322674825,322674822,3
3027,252,3,U,322774826,322774822,4
3028,252,4,R,322874828,322874822,6
3029,252,5,G,322974828,322974822,6
3030,252,6,E,323074829,323074822,7
3031,252,7,N,323174830,323174822,8
3032,252,8,L,323274832,323274822,10
3033,252,9,A,323374833,323374822,11
3034,252,10,N,323474835,323474822,13
3035,252,11,D,323574836,323574822,14
3036,253,0,F,323674837,323674837,0
3037,253,1,H,323774838,323774837,1
3038,253,2,B,323874839,323874837,2
3039,253,3,U,323974840,323974837,3
3040,253,4,R,324074841,324074837,4
3041,253,5,G,324174843,324174837,6
3042,253,6,E,324274844,324274837,7
3043,253,7,N,324374845,324374837,8
3044,253,8,L,324474846,324474837,9
3045,253,9,A,324574847,324574837,10
3046,253,10,N,324674848,324674837,11
3047,253,11,D,324774850,324774837,13
3048,254,0,F,324874851,324874851,0
3049,254,1,H,324974852,324974851,1
3050,254,2,B,325074852,325074851,1
3051,254,3,U,325174853,325174851,2
3052,254,4,R,325274854,325274851,3
3053,254,5,G,325374854,325374851,3
3054,254,6,E,325474855,325474851,4
3055,254,7,N,325574856,325574851,5
3056,254,8,L,325674858,325674851,7
3057,254,9,A,325774859,325774851,8
3058,254,10,N,325874859,325874851,8
3059,254,11,D,325974860,325974851,9
3060,255,0,F,326074861,326074861,0
3061,255,1,H,326174862,326174861,1
3062,255,2,B,326274863,326274861,2
3063,255,3,U,326374864,326374861,3
3064,255,4,R,326474866,326474861,5
3065,255,5,G,326574866,326574861,5
3066,255,6,E,326674867,326674861,6
3067,255,7,N,326774868,326774861,7
3068,255,8,L,326874870,326874861,9
3069,255,9,A,326974872,326974861,11
3070,255,10,N,327074872,327074861,11
3071,255,11,D,327174872,327174861,11
3072,256,0,F,327274873,327274873,0
3073,256,1,H,327374873,327374873,0
3074,256,2,B,327474874,327474873,1
3075,256,3,U,327574875,327574873,2
3076,256,4,R,327674875,327674873,2
3077,256,5,G,327774876,327774873,3
3078,256,6,E,327874877,327874873,4
3079,256,7,N,327974878,327974873,5
3080,256,8,L,328074879,328074873,6
3081,256,9,A,328174880,328174873,7
3082,256,10,N,328274882,328274873,9
3083,256,11,D,328374883,328374873,10
3084,257,0,F,328474883,328474883,0
3085,257,1,H,328574884,328574883,1
3086,257,2,B,328674885,328674883,2
3087,257,3,U,328774885,328774883,2
3088,257,4,R,328874885,328874883,2
3089,257,5,G,328974887,328974883,4
3090,257,6,E,329074888,329074883,5
3091,257,7,N,329174889,329174883,6
3092,257,8,L,329274890,329274883,7
3093,257,9,A,329374891,329374883,8
3094,257,10,N,329474892,329474883,9
3095,257,11,D,329574894,329574883,11
3096,258,0,F,329674895,329674895,0
3097,258,1,H,329774896,329774895,1
3098,258,2,B,329874896,329874895,1
3099,258,3,U,329974897,329974895,2
3100,258,4,R,330074897,330074895,2
3101,258,5,G,330174898,330174895,3
3102,258,6,E,330274900,330274895,5
3103,258,7,N,330374901,330374895,6
3104,258,8,L,330474903,330474895,8
3105,258,9,A,330574904,330574895,9
3106,258,10,N,330674905,330674895,10
3107,258,11,D,330774905,330774895,10
3108,259,0,F,330874906,330874906,0
3109,259,1,H,330974908,330974906,2
3110,259,2,B,331074908,331074906,2
3111,259,3,U,331174910,331174906,4
3112,259,4,R,331274911,331274906,5
3113,259,5,G,331374913,331374906,7
3114,259,6,E,331474914,331474906,8
3115,259,7,N,331574914,331574906,8
3116,259,8,L,331674915,331674906,9
3117,259,9,A,331774916,331774906,10
3118,259,10,N,331874916,331874906,10
3119,259,11,D,331974918,331974906,12
3120,260,0,F,332074920,332074920,0
3121,260,1,H,332174921,332174920,1
3122,260,2,B,332274922,332274920,2
3123,260,3,U,332374922,332374920,2
3124,260,4,R,332474924,332474920,4
3125,260,5,G,332574925,332574920,5
3126,260,6,E,332674926,332674920,6
3127,260,7,N,332774926,332774920,6
3128,260,8,L,332874927,332874920,7
3129,260,9,A,332974928,332974920,8
3130,260,10,N,333074929,333074920,9
3131,260,11,D,333174930,333174920,10
3132,261,0,F,333274932,333274932,0
3133,261,1,H,333374933,333374932,1
3134,261,2,B,333474934,333474932,2
3135,261,3,U,333574935,333574932,3
3136,261,4,R,333674936,333674932,4
3137,261,5,G,333774937,333774932,5
3138,261,6,E,333874938,333874932,6
3139,261,7,N,333974938,333974932,6
3140,261,8,L,334074939,334074932,7
3141,261,9,A,334174939,334174932,7
3142,261,10,N,334274940,334274932,8
3143,261,11,D,334374941,334374932,9
3144,262,0,F,334474942,334474942,0
3145,262,1,H,334574943,334574942,1
3146,262,2,B,334674944,334674942,2
3147,262,3,U,334774945,334774942,3
3148,262,4,R,334874946,334874942,4
3149,262,5,G,334974947,334974942,5
3150,262,6,E,335074948,335074942,6
3151,262,7,N,335174950,335174942,8
3152,262,8,L,335274951,335274942,9
3153,262,9,A,335374952,335374942,10
3154,262,10,N,335474954,335474942,12
3155,262,11,D,335574956,335574942,14
3156,263,0,F,335674957,335674957,0
3157,263,1,H,335774958,335774957,1
3158,263,2,B,335874959,335874957,2
3159,263,3,U,335974960,335974957,3
3160,263,4,R,336074961,336074957,4
3161,263,5,G,336174961,336174957,4
3162,263,6,E,336274962,336274957,5
3163,263,7,N,336374963,336374957,6
3164,263,8,L,336474965,336474957,8
3165,263,9,A,336574965,336574957,8
3166,263,10,N,336674966,336674957,9
3167,263,11,D,336774967,336774957,10
3168,264,0,F,336874967,336874967,0
3169,264,1,H,336974968,336974967,1
3170,264,2,B,337074969,337074967,2
3171,264,3,U,337174970,337174967,3
3172,264,4,R,337274972,337274967,5
3173,264,5,G,337374974,337374967,7
3174,264,6,E,337474976,337474967,9
3175,264,7,N,337574977,337574967,10
3176,264,8,L,337674978,337674967,11
3177,264,9,A,337774979,337774967,12
3178,264,10,N,337874980,337874967,13
3179,264,11,D,337974982,337974967,15
3180,265,0,F,338074984,338074984,0
3181,265,1,H,338174984,338174984,0
3182,265,2,B,338274986,338274984,2
3183,265,3,U,338374987,338374984,3
3184,265,4,R,338474988,338474984,4
3185,265,5,G,338574989,338574984,5
3186,265,6,E,338674991,338674984,7
3187,265,7,N,338774992,338774984,8
3188,265,8,L,338874993,338874984,9
3189,265,9,A,338974993,338974984,9
3190,265,10,N,339074993,339074984,9
3191,265,11,D,339174994,339174984,10
3192,266,0,F,339274995,339274995,0
3193,266,1,H,339374996,339374995,1
3194,266,2,B,339474997,339474995,2
3195,266,3,U,339574998,339574995,3
3196,266,4,R,339674999,339674995,4
3197,266,5,G,339775001,339774995,6
3198,266,6,E,339875002,339874995,7
3199,266,7,N,339975003,339974995,8
3200,266,8,L,340075004,340074995,9
3201,266,9,A,340175004,340174995,9
3202,266,10,N,340275005,340274995,10
3203,266,11,D,340375006,340374995,11
3204,267,0,F,340475007,340475007,0
3205,267,1,H,340575007,340575007,0
3206,267,2,B,340675008,340675007,1
3207,267,3,U,340775009,340775007,2
3208,267,4,R,340875010,340875007,3
3209,267,5,G,340975011,340975007,4
3210,267,6,E,341075012,341075007,5
3211,267,7,N,341175012,341175007,5
3212,267,8,L,341275013,341275007,6
3213,267,9,A,341375014,341375007,7
3214,267,10,N,341475015,341475007,8
3215,267,11,D,341575015,341575007,8
3216,268,0,F,341675016,341675016,0
3217,268,1,H,341775017,341775016,1
3218,268,2,B,341875017,341875016,1
3219,268,3,U,341975018,341975016,2
3220,268,4,R,342075019,342075016,3
3221,268,5,G,342175020,342175016,4
3222,268,6,E,342275022,342275016,6
3223,268,7,N,342375023,342375016,7
3224,268,8,L,342475025,342475016,9
3225,268,9,A,342575025,342575016,9
3226,268,10,N,342675026,342675016,10
3227,268,11,D,342775027,342775016,11
3228,269,0,F,342875028,342875028,0
3229,269,1,H,342975030,342975028,2
3230,269,2,B,343075031,343075028,3
3231,269,3,U,343175031,343175028,3
3232,269,4,R,343275033,343275028,5
3233,269,5,G,343375034,343375028,6
3234,269,6,E,343475035,343475028,7
3235,269,7,N,343575036,343575028,8
3236,269,8,L,343675037,343675028,9
3237,269,9,A,343775037,343775028,9
3238,269,10,N,343875039,343875028,11
3239,269,11,D,343975041,343975028,13
3240,270,0,F,344075042,344075042,0
3241,270,1,H,344175043,344175042,1
3242,270,2,B,344275044,344275042,2
3243,270,3,U,344375045,344375042,3
3244,270,4,R,344475046,344475042,4
3245,270,5,G,344575047,344575042,5
3246,270,6,E,344675049,344675042,7
3247,270,7,N,344775050,344775042,8
3248,270,8,L,344875051,344875042,9
3249,270,9,A,344975052,344975042,10
3250,270,10,N,345075053,345075042,11
3251,270,11,D,345175054,345175042,12
3252,271,0,F,345275055,345275055,0
3253,271,1,H,345375056,345375055,1
3254,271,2,B,345475057,345475055,2
3255,271,3,U,345575058,345575055,3
3256,271,4,R,345675059,345675055,4
3257,271,5,G,345775060,345775055,5
3258,271,6,E,345875060,345875055,5
3259,271,7,N,345975061,345975055,6
3260,271,8,L,346075061,346075055,6
3261,271,9,A,346175063,346175055,8
3262,271,10,N,346275065,346275055,10
3263,271,11,D,346375066,346375055,11
3264,272,0,F,346475067,346475067,0
3265,272,1,H,346575067,346575067,0
3266,272,2,B,346675068,346675067,1
3267,272,3,U,346775069,346775067,2
3268,272,4,R,346875069,346875067,2
3269,272,5,G,346975069,346975067,2
3270,272,6,E,347075070,347075067,3
3271,272,7,N,347175071,347175067,4
3272,272,8,L,347275072,347275067,5
3273,272,9,A,347375073,347375067,6
3274,272,10,N,347475075,347475067,8
3275,272,11,D,347575077,347575067,10
3276,273,0,F,347675078,347675078,0
3277,273,1,H,347775079,347775078,1
3278,273,2,B,347875080,347875078,2
3279,273,3,U,347975082,347975078,4
3280,273,4,R,348075082,348075078,4
3281,273,5,G,348175083,348175078,5
3282,273,6,E,348275084,348275078,6
3283,273,7,N,348375084,348375078,6
3284,273,8,L,348475086,348475078,8
3285,273,9,A,348575086,348575078,8
3286,273,10,N,348675087,348675078,9
3287,273,11,D,348775088,348775078,10
3288,274,0,F,348875088,348875088,0
3289,274,1,H,348975090,348975088,2
3290,274,2,B,349075090,349075088,2
3291,274,3,U,349175091,349175088,3
3292,274,4,R,349275093,349275088,5
3293,274,5,G,349375094,349375088,6
3294,274,6,E,349475095,349475088,7
3295,274,7,N,349575096,349575088,8
3296,274,8,L,349675097,349675088,9
3297,274,9,A,349775098,349775088,10
3298,274,10,N,349875099,349875088,11
3299,274,11,D,349975100,349975088,12
3300,275,0,F,350075100,350075100,0
3301,275,1,H,350175101,350175100,1
3302,275,2,B,350275101,350275100,1
3303,275,3,U,350375102,350375100,2
3304,275,4,R,350475103,350475100,3
3305,275,5,G,350575104,350575100,4
3306,275,6,E,350675105,350675100,5
3307,275,7,N,350775106,350775100,6
3308,275,8,L,350875107,350875100,7
3309,275,9,A,350975108,350975100,8
3310,275,10,N,351075109,351075100,9
3311,275,11,D,351175110,351175100,10
3312,276,0,F,351275111,351275111,0
3313,276,1,H,351375111,351375111,0
3314,276,2,B,351475113,351475111,2
3315,276,3,U,351575113,351575111,2
3316,276,4,R,351675114,351675111,3
3317,276,5,G,351775116,351775111,5
3318,276,6,E,351875118,351875111,7
3319,276,7,N,351975120,351975111,9
3320,276,8,L,352075120,352075111,9
3321,276,9,A,352175121,352175111,10
3322,276,10,N,352275123,352275111,12
3323,276,11,D,352375123,352375111,12
3324,277,0,F,352475124,352475124,0
3325,277,1,H,352575126,352575124,2
3326,277,2,B,352675128,352675124,4
3327,277,3,U,352775130,352775124,6
3328,277,4,R,352875131,352875124,7
3329,277,5,G,352975132,352975124,8
3330,277,6,E,353075134,353075124,10
3331,277,7,N,353175135,353175124,11
3332,277,8,L,353275137,353275124,13
3333,277,9,A,353375139,353375124,15
3334,277,10,N,353475140,353475124,16
3335,277,11,D,353575141,353575124,17
3336,278,0,F,353675141,353675141,0
3337,278,1,H,353775141,353775141,0
3338,278,2,B,353875142,353875141,1
3339,278,3,U,353975143,353975141,2
3340,278,4,R,354075145,354075141,4
3341,278,5,G,354175146,354175141,5
3342,278,6,E,354275147,354275141,6
3343,278,7,N,354375147,354375141,6
3344,278,8,L,354475147,354475141,6
3345,278,9,A,354575148,354575141,7
3346,278,10,N,354675149,354675141,8
3347,278,11,D,354775150,354775141,9
3348,279,0,F,354875152,354875152,0
3349,279,1,H,354975153,354975152,1
3350,279,2,B,355075154,355075152,2
3351,279,3,U,355175155,355175152,3
3352,279,4,R,355275157,355275152,5
3353,279,5,G,355375158,355375152,6
3354,279,6,E,355475159,355475152,7
3355,279,7,N,355575160,355575152,8
3356,279,8,L,355675161,355675152,9
3357,279,9,A,355775162,355775152,10
3358,279,10,N,355875163,355875152,11
3359,279,11,D,355975164,355975152,12
3360,280,0,F,356075164,356075164,0
3361,280,1,H,356175165,356175164,1
3362,280,2,B,356275166,356275164,2
3363,280,3,U,356375167,356375164,3
3364,280,4,R,356475168,356475164,4
3365,280,5,G,356575170,356575164,6
3366,280,6,E,356675170,356675164,6
3367,280,7,N,356775171,356775164,7
3368,280,8,L,356875172,356875164,8
3369,280,9,A,356975173,356975164,9
3370,280,10,N,357075173,357075164,9
3371,280,11,D,357175174,357175164,10
3372,281,0,F,357275175,357275175,0
3373,281,1,H,357375176,357375175,1
3374,281,2,B,357475177,357475175,2
3375,281,3,U,357575177,357575175,2
3376,281,4,R,357675178,357675175,3
3377,281,5,G,357775180,357775175,5
3378,281,6,E,357875181,357875175,6
3379,281,7,N,357975182,357975175,7
3380,281,8,L,358075183,358075175,8
3381,281,9,A,358175184,358175175,9
3382,281,10,N,358275185,358275175,10
3383,281,11,D,358375187,358375175,12
3384,282,0,F,358475188,358475188,0
3385,282,1,H,358575189,358575188,1
3386,282,2,B,358675190,358675188,2
3387,282,3,U,358775192,358775188,4
3388,282,4,R,358875194,358875188,6
3389,282,5,G,358975196,358975188,8
3390,282,6,E,359075197,359075188,9
3391,282,7,N,359175198,359175188,10
3392,282,8,L,359275199,359275188,11
3393,282,9,A,359375200,359375188,12
3394,282,10,N,359475201,359475188,13
3395,282,11,D,359575202,359575188,14
3396,283,0,F,359675202,359675202,0
3397,283,1,H,359775203,359775202,1
3398,283,2,B,359875204,359875202,2
3399,283,3,U,359975204,359975202,2
3400,283,4,R,360075205,360075202,3
3401,283,5,G,360175205,360175202,3
3402,283,6,E,360275206,360275202,4
3403,283,7,N,360375207,360375202,5
3404,283,8,L,360475208,360475202,6
3405,283,9,A,360575209,360575202,7
3406,283,10,N,360675210,360675202,8
3407,283,11,D,360775211,360775202,9
3408,284,0,F,360875212,360875212,0
3409,284,1,H,360975213,360975212,1
3410,284,2,B,361075214,361075212,2
3411,284,3,U,361175216,361175212,4
3412,284,4,R,361275218,361275212,6
3413,284,5,G,361375219,361375212,7
3414,284,6,E,361475219,361475212,7
3415,284,7,N,361575220,361575212,8
3416,284,8,L,361675221,361675212,9
3417,284,9,A,361775222,361775212,10
3418,284,10,N,361875223,361875212,11
3419,284,11,D,361975224,361975212,12
3420,285,0,F,362075224,362075224,0
3421,285,1,H,362175225,362175224,1
3422,285,2,B,362275226,362275224,2
3423,285,3,U,362375227,362375224,3
3424,285,4,R,362475227,362475224,3
3425,285,5,G,362575228,362575224,4
3426,285,6,E,362675229,362675224,5
3427,285,7,N,362775230,362775224,6
3428,285,8,L,362875231,362875224,7
3429,285,9,A,362975232,362975224,8
3430,285,10,N,363075233,363075224,9
3431,285,11,D,363175234,363175224,10
3432,286,0,F,363275235,363275235,0
3433,286,1,H,363375237,363375235,2
3434,286,2,B,363475239,363475235,4
3435,286,3,U,363575239,363575235,4
3436,286,4,R,363675240,363675235,5
3437,286,5,G,363775241,363775235,6
3438,286,6,E,363875241,363875235,6
3439,286,7,N,363975242,363975235,7
3440,286,8,L,364075242,364075235,7
3441,286,9,A,364175243,364175235,8
3442,286,10,N,364275244,364275235,9
3443,286,11,D,364375245,364375235,10
3444,287,0,F,364475247,364475247,0
3445,287,1,H,364575247,364575247,0
3446,287,2,B,364675248,364675247,1
3447,287,3,U,364775249,364775247,2
3448,287,4,R,364875249,364875247,2
3449,287,5,G,364975250,364975247,3
3450,287,6,E,365075251,365075247,4
3451,287,7,N,365175251,365175247,4
3452,287,8,L,365275253,365275247,6
3453,287,9,A,365375255,365375247,8
3454,287,10,N,365475256,365475247,9
3455,287,11,D,365575257,365575247,10
3456,288,0,F,365675258,365675258,0
3457,288,1,H,365775259,365775258,1
3458,288,2,B,365875259,365875258,1
3459,288,3,U,365975260,365975258,2
3460,288,4,R,366075261,366075258,3
3461,288,5,G,366175262,366175258,4
3462,288,6,E,366275263,366275258,5
3463,288,7,N,366375264,366375258,6
3464,288,8,L,366475265,366475258,7
3465,288,9,A,366575266,366575258,8
3466,288,10,N,366675267,366675258,9
3467,288,11,D,366775268,366775258,10
3468,289,0,F,366875269,366875269,0
3469,289,1,H,366975269,366975269,0
3470,289,2,B,367075270,367075269,1
3471,289,3,U,367175271,367175269,2
3472,289,4,R,367275273,367275269,4
3473,289,5,G,367375275,367375269,6
3474,289,6,E,367475275,367475269,6
3475,289,7,N,367575277,367575269,8
3476,289,8,L,367675277,367675269,8
3477,289,9,A,367775278,367775269,9
3478,289,10,N,367875279,367875269,10
3479,289,11,D,367975280,367975269,11
3480,290,0,F,368075280,368075280,0
3481,290,1,H,368175281,368175280,1
3482,290,2,B,368275283,368275280,3
3483,290,3,U,368375284,368375280,4
3484,290,4,R,368475284,368475280,4
3485,290,5,G,368575285,368575280,5
3486,290,6,E,368675286,368675280,6
3487,290,7,N,368775287,368775280,7
3488,290,8,L,368875288,368875280,8
3489,290,9,A,368975289,368975280,9
3490,290,10,N,369075290,369075280,10
3491,290,11,D,369175291,369175280,11
3492,291,0,F,369275292,369275292,0
3493,291,1,H,369375293,369375292,1
3494,291,2,B,369475294,369475292,2
3495,291,3,U,369575295,369575292,3
3496,291,4,R,369675296,369675292,4
3497,291,5,G,369775296,369775292,4
3498,291,6,E,369875297,369875292,5
3499,291,7,N,369975299,369975292,7
3500,291,8,L,370075300,370075292,8
3501,291,9,A,370175302,370175292,10
3502,291,10,N,370275303,370275292,11
3503,291,11,D,370375304,370375292,12
3504,292,0,F,370475305,370475305,0
3505,292,1,H,370575306,370575305,1
3506,292,2,B,370675307,370675305,2
3507,292,3,U,370775308,370775305,3
3508,292,4,R,370875309,370875305,4
3509,292,5,G,370975310,370975305,5
3510,292,6,E,371075311,371075305,6
3511,292,7,N,371175312,371175305,7
3512,292,8,L,371275313,371275305,8
3513,292,9,A,371375315,371375305,10
3514,292,10,N,371475316,371475305,11
3515,292,11,D,371575318,371575305,13
3516,293,0,F,371675319,371675319,0
3517,293,1,H,371775320,371775319,1
3518,293,2,B,371875320,371875319,1
3519,293,3,U,371975322,371975319,3
3520,293,4,R,372075323,372075319,4
3521,293,5,G,372175324,372175319,5
3522,293,6,E,372275325,372275319,6
3523,293,7,N,372375326,372375319,7
3524,293,8,L,372475326,372475319,7
3525,293,9,A,372575327,372575319,8
3526,293,10,N,372675328,372675319,9
3527,293,11,D,372775330,372775319,11
3528,294,0,F,372875330,372875330,0
3529,294,1,H,372975331,372975330,1
3530,294,2,B,373075332,373075330,2
3531,294,3,U,373175333,373175330,3
3532,294,4,R,373275335,373275330,5
3533,294,5,G,373375336,373375330,6
3534,294,6,E,373475337,373475330,7
3535,294,7,N,373575339,373575330,9
3536,294,8,L,373675340,373675330,10
3537,294,9,A,373775342,373775330,12
3538,294,10,N,373875343,373875330,13
3539,294,11,D,373975344,373975330,14
3540,295,0,F,374075345,374075345,0
3541,295,1,H,374175346,374175345,1
3542,295,2,B,374275347,374275345,2
3543,295,3,U,374375347,374375345,2
3544,295,4,R,374475348,374475345,3
3545,295,5,G,374575349,374575345,4
3546,295,6,E,374675349,374675345,4
3547,295,7,N,374775351,374775345,6
3548,295,8,L,374875352,374875345,7
3549,295,9,A,374975353,374975345,8
3550,295,10,N,375075355,375075345,10
3551,295,11,D,375175355,375175345,10
3552,296,0,F,375275356,375275356,0
3553,296,1,H,375375357,375375356,1
3554,296,2,B,375475358,375475356,2
3555,296,3,U,375575359,375575356,3
3556,296,4,R,375675360,375675356,4
3557,296,5,G,375775362,375775356,6
3558,296,6,E,375875364,375875356,8
3559,296,7,N,375975365,375975356,9
3560,296,8,L,376075365,376075356,9
3561,296,9,A,376175366,376175356,10
3562,296,10,N,376275367,376275356,11
3563,296,11,D,376375368,376375356,12
3564,297,0,F,376475369,376475369,0
3565,297,1,H,376575370,376575369,1
3566,297,2,B,376675370,376675369,1
3567,297,3,U,376775370,376775369,1
3568,297,4,R,376875371,376875369,2
3569,297,5,G,376975371,376975369,2
3570,297,6,E,377075372,377075369,3
3571,297,7,N,377175373,377175369,4
3572,297,8,L,377275374,377275369,5
3573,297,9,A,377375374,377375369,5
3574,297,10,N,377475375,377475369,6
3575,297,11,D,377575375,377575369,6
3576,298,0,F,377675377,377675377,0
3577,298,1,H,377775377,377775377,0
3578,298,2,B,377875378,377875377,1
3579,298,3,U,377975379,377975377,2
3580,298,4,R,378075379,378075377,2
3581,298,5,G,378175380,378175377,3
3582,298,6,E,378275381,378275377,4
3583,298,7,N,378375383,378375377,6
3584,298,8,L,378475385,378475377,8
3585,298,9,A,378575386,378575377,9
3586,298,10,N,378675387,378675377,10
3587,298,11,D,378775388,378775377,11
3588,299,0,F,378875390,378875390,0
3589,299,1,H,378975391,378975390,1
3590,299,2,B,379075392,379075390,2
3591,299,3,U,379175393,379175390,3
3592,299,4,R,379275395,379275390,5
3593,299,5,G,379375396,379375390,6
3594,299,6,E,379475397,379475390,7
3595,299,7,N,379575399,379575390,9
3596,299,8,L,379675400,379675390,10
3597,299,9,A,379775400,379775390,10
3598,299,10,N,379875401,379875390,11
3599,299,11,D,379975402,379975390,12
3600,300,0,F,380075403,380075403,0
3601,300,1,H,380175404,380175403,1
3602,300,2,B,380275405,380275403,2
3603,300,3,U,380375407,380375403,4
3604,300,4,R,380475407,380475403,4
3605,300,5,G,380575408,380575403,5
3606,300,6,E,380675409,380675403,6
3607,300,7,N,380775410,380775403,7
3608,300,8,L,380875411,380875403,8
3609,300,9,A,380975412,380975403,9
3610,300,10,N,381075413,381075403,10
3611,300,11,D,381175414,381175403,11
3612,301,0,F,381275415,381275415,0
3613,301,1,H,381375415,381375415,0
3614,301,2,B,381475415,381475415,0
3615,301,3,U,381575415,381575415,0
3616,301,4,R,381675416,381675415,1
3617,301,5,G,381775417,381775415,2
3618,301,6,E,381875418,381875415,3
3619,301,7,N,381975420,381975415,5
3620,301,8,L,382075421,382075415,6
3621,301,9,A,382175423,382175415,8
3622,301,10,N,382275425,382275415,10
3623,301,11,D,382375426,382375415,11
3624,302,0,F,382475428,382475428,0
3625,302,1,H,382575429,382575428,1
3626,302,2,B,382675429,382675428,1
3627,302,3,U,382775430,382775428,2
3628,302,4,R,382875431,382875428,3
3629,302,5,G,382975432,382975428,4
3630,302,6,E,383075432,383075428,4
3631,302,7,N,383175433,383175428,5
3632,302,8,L,383275434,383275428,6
3633,302,9,A,383375434,383375428,6
3634,302,10,N,383475434,383475428,6
3635,302,11,D,383575436,383575428,8
3636,303,0,F,383675437,383675437,0
3637,303,1,H,383775438,383775437,1
3638,303,2,B,383875439,383875437,2
3639,303,3,U,383975441,383975437,4
3640,303,4,R,384075441,384075437,4
3641,303,5,G,384175442,384175437,5
3642,303,6,E,384275444,384275437,7
3643,303,7,N,384375445,384375437,8
3644,303,8,L,384475446,384475437,9
3645,303,9,A,384575447,384575437,10
3646,303,10,N,384675448,384675437,11
3647,303,11,D,384775449,384775437,12
3648,304,0,F,384875450,384875450,0
3649,304,1,H,384975451,384975450,1
3650,304,2,B,385075451,385075450,1
3651,304,3,U,385175452,385175450,2
3652,304,4,R,385275454,385275450,4
3653,304,5,G,385375455,385375450,5
3654,304,6,E,385475456,385475450,6
3655,304,7,N,385575458,385575450,8
3656,304,8,L,385675459,385675450,9
3657,304,9,A,385775460,385775450,10
3658,304,10,N,385875461,385875450,11
3659,304,11,D,385975461,385975450,11
3660,305,0,F,386075463,386075463,0
3661,305,1,H,386175464,386175463,1
3662,305,2,B,386275466,386275463,3
3663,305,3,U,386375468,386375463,5
3664,305,4,R,386475470,386475463,7
3665,305,5,G,386575470,386575463,7
3666,305,6,E,386675471,386675463,8
3667,305,7,N,386775472,386775463,9
3668,305,8,L,386875473,386875463,10
3669,305,9,A,386975475,386975463,12
3670,305,10,N,387075476,387075463,13
3671,305,11,D,387175477,387175463,14
3672,306,0,F,387275478,387275478,0
3673,306,1,H,387375478,387375478,0
3674,306,2,B,387475479,387475478,1
3675,306,3,U,387575480,387575478,2
3676,306,4,R,387675481,387675478,3
3677,306,5,G,387775482,387775478,4
3678,306,6,E,387875483,387875478,5
3679,306,7,N,387975484,387975478,6
3680,306,8,L,388075485,388075478,7
3681,306,9,A,388175486,388175478,8
3682,306,10,N,388275487,388275478,9
3683,306,11,D,388375488,388375478,10
3684,307,0,F,388475489,388475489,0
3685,307,1,H,388575490,388575489,1
3686,307,2,B,388675490,388675489,1
3687,307,3,U,388775492,388775489,3
3688,307,4,R,388875493,388875489,4
3689,307,5,G,388975493,388975489,4
3690,307,6,E,389075494,389075489,5
3691,307,7,N,389175495,389175489,6
3692,307,8,L,389275496,389275489,7
3693,307,9,A,389375497,389375489,8
3694,307,10,N,389475498,389475489,9
3695,307,11,D,389575499,389575489,10
3696,308,0,F,389675499,389675499,0
3697,308,1,H,389775501,389775499,2
3698,308,2,B,389875502,389875499,3
3699,308,3,U,389975503,389975499,4
3700,308,4,R,390075504,390075499,5
3701,308,5,G,390175505,390175499,6
3702,308,6,E,390275505,390275499,6
3703,308,7,N,390375506,390375499,7
3704,308,8,L,390475508,390475499,9
3705,308,9,A,390575509,390575499,10
3706,308,10,N,390675510,390675499,11
3707,308,11,D,390775511,390775499,12
3708,309,0,F,390875512,390875512,0
3709,309,1,H,390975513,390975512,1
3710,309,2,B,391075514,391075512,2
3711,309,3,U,391175515,391175512,3
3712,309,4,R,391275517,391275512,5
3713,309,5,G,391375518,391375512,6
3714,309,6,E,391475519,391475512,7
3715,309,7,N,391575520,391575512,8
3716,309,8,L,391675521,391675512,9
3717,309,9,A,391775521,391775512,9
3718,309,10,N,391875522,391875512,10
3719,309,11,D,391975523,391975512,11
3720,310,0,F,392075524,392075524,0
3721,310,1,H,392175526,392175524,2
3722,310,2,B,392275528,392275524,4
3723,310,3,U,392375529,392375524,5
3724,310,4,R,392475530,392475524,6
3725,310,5,G,392575530,392575524,6
3726,310,6,E,392675531,392675524,7
3727,310,7,N,392775532,392775524,8
3728,310,8,L,392875534,392875524,10
3729,310,9,A,392975534,392975524,10
3730,310,10,N,393075535,393075524,11
3731,310,11,D,393175536,393175524,12
3732,311,0,F,393275538,393275538,0
3733,311,1,H,393375539,393375538,1
3734,311,2,B,393475540,393475538,2
3735,311,3,U,393575541,393575538,3
3736,311,4,R,393675541,393675538,3
3737,311,5,G,393775542,393775538,4
3738,311,6,E,393875543,393875538,5
3739,311,7,N,393975544,393975538,6
3740,311,8,L,394075545,394075538,7
3741,311,9,A,394175546,394175538,8
3742,311,10,N,394275547,394275538,9
3743,311,11,D,394375548,394375538,10
3744,312,0,F,394475549,394475549,0
3745,312,1,H,394575550,394575549,1
3746,312,2,B,394675552,394675549,3
3747,312,3,U,394775554,394775549,5
3748,312,4,R,394875555,394875549,6
3749,312,5,G,394975555,394975549,6
3750,312,6,E,395075556,395075549,7
3751,312,7,N,395175557,395175549,8
3752,312,8,L,395275558,395275549,9
3753,312,9,A,395375558,395375549,9
3754,312,10,N,395475558,395475549,9
3755,312,11,D,395575559,395575549,10
3756,313,0,F,395675560,395675560,0
3757,313,1,H,395775561,395775560,1
3758,313,2,B,395875563,395875560,3
3759,313,3,U,395975564,395975560,4
3760,313,4,R,396075565,396075560,5
3761,313,5,G,396175567,396175560,7
3762,313,6,E,396275568,396275560,8
3763,313,7,N,396375568,396375560,8
3764,313,8,L,396475569,396475560,9
3765,313,9,A,396575570,396575560,10
3766,313,10,N,396675571,396675560,11
3767,313,11,D,396775572,396775560,12
3768,314,0,F,396875572,396875572,0
3769,314,1,H,396975573,396975572,1
3770,314,2,B,397075574,397075572,2
3771,314,3,U,397175574,397175572,2
3772,314,4,R,397275575,397275572,3
3773,314,5,G,397375576,397375572,4
3774,314,6,E,397475577,397475572,5
3775,314,7,N,397575577,397575572,5
3776,314,8,L,397675578,397675572,6
3777,314,9,A,397775578,397775572,6
3778,314,10,N,397875579,397875572,7
3779,314,11,D,397975581,397975572,9
3780,315,0,F,398075581,398075581,0
3781,315,1,H,398175581,398175581,0
3782,315,2,B,398275582,398275581,1
3783,315,3,U,398375583,398375581,2
3784,315,4,R,398475584,398475581,3
3785,315,5,G,398575584,398575581,3
3786,315,6,E,398675585,398675581,4
3787,315,7,N,398775586,398775581,5
3788,315,8,L,398875587,398875581,6
3789,315,9,A,398975589,398975581,8
3790,315,10,N,399075590,399075581,9
3791,315,11,D,399175590,399175581,9
3792,316,0,F,399275592,399275592,0
3793,316,1,H,399375594,399375592,2
3794,316,2,B,399475595,399475592,3
3795,316,3,U,399575596,399575592,4
3796,316,4,R,399675598,399675592,6
3797,316,5,G,399775600,399775592,8
3798,316,6,E,399875601,399875592,9
3799,316,7,N,399975602,399975592,10
3800,316,8,L,400075604,400075592,12
3801,316,9,A,400175605,400175592,13
3802,316,10,N,400275606,400275592,14
3803,316,11,D,400375607,400375592,15
3804,317,0,F,400475607,400475607,0
3805,317,1,H,400575608,400575607,1
3806,317,2,B,400675609,400675607,2
3807,317,3,U,400775610,400775607,3
3808,317,4,R,400875611,400875607,4
3809,317,5,G,400975612,400975607,5
3810,317,6,E,401075612,401075607,5
3811,317,7,N,401175614,401175607,7
3812,317,8,L,401275616,401275607,9
3813,317,9,A,401375616,401375607,9
3814,317,10,N,401475618,401475607,11
3815,317,11,D,401575619,401575607,12
3816,318,0,F,401675620,401675620,0
3817,318,1,H,401775621,401775620,1
3818,318,2,B,401875622,401875620,2
3819,318,3,U,401975623,401975620,3
3820,318,4,R,402075624,402075620,4
3821,318,5,G,402175625,402175620,5
3822,318,6,E,402275626,402275620,6
3823,318,7,N,402375626,402375620,6
3824,318,8,L,402475627,402475620,7
3825,318,9,A,402575628,402575620,8
3826,318,10,N,402675629,402675620,9
3827,318,11,D,402775630,402775620,10
3828,319,0,F,402875630,402875630,0
3829,319,1,H,402975631,402975630,1
3830,319,2,B,403075632,403075630,2
3831,319,3,U,403175632,403175630,2
3832,319,4,R,403275633,403275630,3
3833,319,5,G,403375634,403375630,4
3834,319,6,E,403475634,403475630,4
3835,319,7,N,403575636,403575630,6
3836,319,8,L,403675637,403675630,7
3837,319,9,A,403775638,403775630,8
3838,319,10,N,403875640,403875630,10
3839,319,11,D,403975640,403975630,10
3840,320,0,F,404075641,404075641,0
3841,320,1,H,404175642,404175641,1
3842,320,2,B,404275644,404275641,3
3843,320,3,U,404375644,404375641,3
3844,320,4,R,404475645,404475641,4
3845,320,5,G,404575646,404575641,5
3846,320,6,E,404675647,404675641,6
3847,320,7,N,404775649,404775641,8
3848,320,8,L,404875650,404875641,9
3849,320,9,A,404975651,404975641,10
3850,320,10,N,405075653,405075641,12
3851,320,11,D,405175655,405175641,14
3852,321,0,F,405275656,405275656,0
3853,321,1,H,405375657,405375656,1
3854,321,2,B,405475658,405475656,2
3855,321,3,U,405575659,405575656,3
3856,321,4,R,405675660,405675656,4
3857,321,5,G,405775662,405775656,6
3858,321,6,E,405875662,405875656,6
3859,321,7,N,405975663,405975656,7
3860,321,8,L,406075664,406075656,8
3861,321,9,A,406175665,406175656,9
3862,321,10,N,406275666,406275656,10
3863,321,11,D,406375667,406375656,11
3864,322,0,F,406475669,406475669,0
3865,322,1,H,406575669,406575669,0
3866,322,2,B,406675670,406675669,1
3867,322,3,U,406775671,406775669,2
3868,322,4,R,406875672,406875669,3
3869,322,5,G,406975672,406975669,3
3870,322,6,E,407075672,407075669,3
3871,322,7,N,407175673,407175669,4
3872,322,8,L,407275674,407275669,5
3873,322,9,A,407375675,407375669,6
3874,322,10,N,407475676,407475669,7
3875,322,11,D,407575678,407575669,9
3876,323,0,F,407675679,407675679,0
3877,323,1,H,407775680,407775679,1
3878,323,2,B,407875681,407875679,2
3879,323,3,U,407975682,407975679,3
3880,323,4,R,408075683,408075679,4
3881,323,5,G,408175684,408175679,5
3882,323,6,E,408275686,408275679,7
3883,323,7,N,408375687,408375679,8
3884,323,8,L,408475688,408475679,9
3885,323,9,A,408575689,408575679,10
3886,323,10,N,408675690,408675679,11
3887,323,11,D,408775691,408775679,12
3888,324,0,F,408875691,408875691,0
3889,324,1,H,408975692,408975691,1
3890,324,2,B,409075692,409075691,1
3891,324,3,U,409175692,409175691,1
3892,324,4,R,409275693,409275691,2
3893,324,5,G,409375694,409375691,3
3894,324,6,E,409475695,409475691,4
3895,324,7,N,409575697,409575691,6
3896,324,8,L,409675699,409675691,8
3897,324,9,A,409775700,409775691,9
3898,324,10,N,409875701,409875691,10
3899,324,11,D,409975701,409975691,10
3900,325,0,F,410075702,410075702,0
3901,325,1,H,410175703,410175702,1
3902,325,2,B,410275705,410275702,3
3903,325,3,U,410375706,410375702,4
3904,325,4,R,410475708,410475702,6
3905,325,5,G,410575709,410575702,7
3906,325,6,E,410675709,410675702,7
3907,325,7,N,410775711,410775702,9
3908,325,8,L,410875712,410875702,10
3909,325,9,A,410975712,410975702,10
3910,325,10,N,411075714,411075702,12
3911,325,11,D,411175715,411175702,13
3912,326,0,F,411275717,411275717,0
3913,326,1,H,411375718,411375717,1
3914,326,2,B,411475720,411475717,3
3915,326,3,U,411575721,411575717,4
3916,326,4,R,411675722,411675717,5
3917,326,5,G,411775723,411775717,6
3918,326,6,E,411875724,411875717,7
3919,326,7,N,411975725,411975717,8
3920,326,8,L,412075726,412075717,9
3921,326,9,A,412175728,412175717,11
3922,326,10,N,412275729,412275717,12
3923,326,11,D,412375729,412375717,12
3924,327,0,F,412475730,412475730,0
3925,327,1,H,412575731,412575730,1
3926,327,2,B,412675732,412675730,2
3927,327,3,U,412775733,412775730,3
3928,327,4,R,412875734,412875730,4
3929,327,5,G,412975735,412975730,5
3930,327,6,E,413075736,413075730,6
3931,327,7,N,413175737,413175730,7
3932,327,8,L,413275739,413275730,9
3933,327,9,A,413375740,413375730,10
3934,327,10,N,413475741,413475730,11
3935,327,11,D,413575742,413575730,12
3936,328,0,F,413675743,413675743,0
3937,328,1,H,413775744,413775743,1
3938,328,2,B,413875745,413875743,2
3939,328,3,U,413975746,413975743,3
3940,328,4,R,414075748,414075743,5
3941,328,5,G,414175749,414175743,6
3942,328,6,E,414275751,414275743,8
3943,328,7,N,414375752,414375743,9
3944,328,8,L,414475753,414475743,10
3945,328,9,A,414575754,414575743,11
3946,328,10,N,414675755,414675743,12
3947,328,11,D,414775756,414775743,13
3948,329,0,F,414875757,414875757,0
3949,329,1,H,414975758,414975757,1
3950,329,2,B,415075759,415075757,2
3951,329,3,U,415175761,415175757,4
3952,329,4,R,415275762,415275757,5
3953,329,5,G,415375764,415375757,7
3954,329,6,E,415475764,415475757,7
3955,329,7,N,415575765,415575757,8
3956,329,8,L,415675765,415675757,8
3957,329,9,A,415775766,415775757,9
3958,329,10,N,415875767,415875757,10
3959,329,11,D,415975768,415975757,11
3960,330,0,F,416075769,416075769,0
3961,330,1,H,416175771,416175769,2
3962,330,2,B,416275772,416275769,3
3963,330,3,U,416375773,416375769,4
3964,330,4,R,416475774,416475769,5
3965,330,5,G,416575776,416575769,7
3966,330,6,E,416675776,416675769,7
3967,330,7,N,416775777,416775769,8
3968,330,8,L,416875777,416875769,8
3969,330,9,A,416975779,416975769,10
3970,330,10,N,417075780,417075769,11
3971,330,11,D,417175781,417175769,12
3972,331,0,F,417275783,417275783,0
3973,331,1,H,417375784,417375783,1
3974,331,2,B,417475784,417475783,1
3975,331,3,U,417575785,417575783,2
3976,331,4,R,417675786,417675783,3
3977,331,5,G,417775787,417775783,4
3978,331,6,E,417875787,417875783,4
3979,331,7,N,417975789,417975783,6
3980,331,8,L,418075790,418075783,7
3981,331,9,A,418175791,418175783,8
3982,331,10,N,418275793,418275783,10
3983,331,11,D,418375794,418375783,11
3984,332,0,F,418475795,418475795,0
3985,332,1,H,418575795,418575795,0
3986,332,2,B,418675796,418675795,1
3987,332,3,U,418775797,418775795,2
3988,332,4,R,418875798,418875795,3
3989,332,5,G,418975799,418975795,4
3990,332,6,E,419075799,419075795,4
3991,332,7,N,419175800,419175795,5
3992,332,8,L,419275801,419275795,6
3993,332,9,A,419375803,419375795,8
3994,332,10,N,419475804,419475795,9
3995,332,11,D,419575805,419575795,10
3996,333,0,F,419675806,419675806,0
3997,333,1,H,419775807,419775806,1
3998,333,2,B,419875808,419875806,2
3999,333,3,U,419975809,419975806,3
4000,333,4,R,420075810,420075806,4
4001,333,5,G,420175811,420175806,5
4002,333,6,E,420275813,420275806,7
4003,333,7,N,420375814,420375806,8
4004,333,8,L,420475815,420475806,9
4005,333,9,A,420575815,420575806,9
4006,333,10,N,420675816,420675806,10
4007,333,11,D,420775817,420775806,11
4008,334,0,F,420875818,420875818,0
4009,334,1,H,420975818,420975818,0
4010,334,2,B,421075819,421075818,1
4011,334,3,U,421175820,421175818,2
4012,334,4,R,421275821,421275818,3
4013,334,5,G,421375822,421375818,4
4014,334,6,E,421475824,421475818,6
4015,334,7,N,421575825,421575818,7
4016,334,8,L,421675827,421675818,9
4017,334,9,A,421775827,421775818,9
4018,334,10,N,421875829,421875818,11
4019,334,11,D,421975830,421975818,12
4020,335,0,F,422075831,422075831,0
4021,335,1,H,422175832,422175831,1
4022,335,2,B,422275833,422275831,2
4023,335,3,U,422375834,422375831,3
4024,335,4,R,422475835,422475831,4
4025,335,5,G,422575835,422575831,4
4026,335,6,E,422675836,422675831,5
4027,335,7,N,422775837,422775831,6
4028,335,8,L,422875838,422875831,7
4029,335,9,A,422975839,422975831,8
4030,335,10,N,423075840,423075831,9
4031,335,11,D,423175841,423175831,10
4032,336,0,F,423275842,423275842,0
4033,336,1,H,423375844,423375842,2
4034,336,2,B,423475846,423475842,4
4035,336,3,U,423575847,423575842,5
4036,336,4,R,423675847,423675842,5
4037,336,5,G,423775848,423775842,6
4038,336,6,E,423875849,423875842,7
4039,336,7,N,423975850,423975842,8
4040,336,8,L,424075851,424075842,9
4041,336,9,A,424175852,424175842,10
4042,336,10,N,424275853,424275842,11
4043,336,11,D,424375853,424375842,11
4044,337,0,F,424475853,424475853,0
4045,337,1,H,424575854,424575853,1
4046,337,2,B,424675855,424675853,2
4047,337,3,U,424775856,424775853,3
4048,337,4,R,424875857,424875853,4
4049,337,5,G,424975858,424975853,5
4050,337,6,E,425075859,425075853,6
4051,337,7,N,425175860,425175853,7
4052,337,8,L,425275861,425275853,8
4053,337,9,A,425375863,425375853,10
4054,337,10,N,425475863,425475853,10
4055,337,11,D,425575864,425575853,11
4056,338,0,F,425675865,425675865,0
4057,338,1,H,425775865,425775865,0
4058,338,2,B,425875866,425875865,1
4059,338,3,U,425975867,425975865,2
4060,338,4,R,426075867,426075865,2
4061,338,5,G,426175869,426175865,4
4062,338,6,E,426275871,426275865,6
4063,338,7,N,426375872,426375865,7
4064,338,8,L,426475873,426475865,8
4065,338,9,A,426575874,426575865,9
4066,338,10,N,426675875,426675865,10
4067,338,11,D,426775875,426775865,10
4068,339,0,F,426875875,426875875,0
4069,339,1,H,426975877,426975875,2
4070,339,2,B,427075878,427075875,3
4071,339,3,U,427175879,427175875,4
4072,339,4,R,427275881,427275875,6
4073,339,5,G,427375882,427375875,7
4074,339,6,E,427475883,427475875,8
4075,339,7,N,427575884,427575875,9
4076,339,8,L,427675885,427675875,10
4077,339,9,A,427775885,427775875,10
4078,339,10,N,427875886,427875875,11
4079,339,11,D,427975886,427975875,11
4080,340,0,F,428075887,428075887,0
4081,340,1,H,428175888,428175887,1
4082,340,2,B,428275889,428275887,2
4083,340,3,U,428375889,428375887,2
4084,340,4,R,428475891,428475887,4
4085,340,5,G,428575891,428575887,4
4086,340,6,E,428675892,428675887,5
4087,340,7,N,428775893,428775887,6
4088,340,8,L,428875895,428875887,8
4089,340,9,A,428975896,428975887,9
4090,340,10,N,429075897,429075887,10
4091,340,11,D,429175898,429175887,11
4092,341,0,F,429275899,429275899,0
4093,341,1,H,429375901,429375899,2
4094,341,2,B,429475901,429475899,2
4095,341,3,U,429575902,429575899,3
4096,341,4,R,429675903,429675899,4
4097,341,5,G,429775903,429775899,4
4098,341,6,E,429875904,429875899,5
4099,341,7,N,429975906,429975899,7
4100,341,8,L,430075908,430075899,9
4101,341,9,A,430175908,430175899,9
4102,341,10,N,430275910,430275899,11
4103,341,11,D,430375911,430375899,12
4104,342,0,F,430475912,430475912,0
4105,342,1,H,430575913,430575912,1
4106,342,2,B,430675914,430675912,2
4107,342,3,U,430775915,430775912,3
4108,342,4,R,430875916,430875912,4
4109,342,5,G,430975917,430975912,5
4110,342,6,E,431075918,431075912,6
4111,342,7,N,431175918,431175912,6
4112,342,8,L,431275920,431275912,8
4113,342,9,A,431375921,431375912,9
4114,342,10,N,431475923,431475912,11
4115,342,11,D,431575924,431575912,12
4116,343,0,F,431675925,431675925,0
4117,343,1,H,431775926,431775925,1
4118,343,2,B,431875927,431875925,2
4119,343,3,U,431975928,431975925,3
4120,343,4,R,432075929,432075925,4
4121,343,5,G,432175930,432175925,5
4122,343,6,E,432275931,432275925,6
4123,343,7,N,432375932,432375925,7
4124,343,8,L,432475934,432475925,9
4125,343,9,A,432575936,432575925,11
4126,343,10,N,432675937,432675925,12
4127,343,11,D,432775938,432775925,13
4128,344,0,F,432875939,432875939,0
4129,344,1,H,432975940,432975939,1
4130,344,2,B,433075941,433075939,2
4131,344,3,U,433175942,433175939,3
4132,344,4,R,433275943,433275939,4
4133,344,5,G,433375945,433375939,6
4134,344,6,E,433475946,433475939,7
4135,344,7,N,433575947,433575939,8
4136,344,8,L,433675948,433675939,9
4137,344,9,A,433775949,433775939,10
4138,344,10,N,433875950,433875939,11
4139,344,11,D,433975951,433975939,12
4140,345,0,F,434075952,434075952,0
4141,345,1,H,434175953,434175952,1
4142,345,2,B,434275954,434275952,2
4143,345,3,U,434375955,434375952,3
4144,345,4,R,434475955,434475952,3
4145,345,5,G,434575957,434575952,5
4146,345,6,E,434675957,434675952,5
4147,345,7,N,434775958,434775952,6
4148,345,8,L,434875959,434875952,7
4149,345,9,A,434975961,434975952,9
4150,345,10,N,435075962,435075952,10
4151,345,11,D,435175962,435175952,10
4152,346,0,F,435275963,435275963,0
4153,346,1,H,435375963,435375963,0
4154,346,2,B,435475964,435475963,1
4155,346,3,U,435575965,435575963,2
4156,346,4,R,435675966,435675963,3
4157,346,5,G,435775967,435775963,4
4158,346,6,E,435875969,435875963,6
4159,346,7,N,435975970,435975963,7
4160,346,8,L,436075971,436075963,8
4161,346,9,A,436175972,436175963,9
4162,346,10,N,436275972,436275963,9
4163,346,11,D,436375974,436375963,11
4164,347,0,F,436475976,436475976,0
4165,347,1,H,436575977,436575976,1
4166,347,2,B,436675979,436675976,3
4167,347,3,U,436775980,436775976,4
4168,347,4,R,436875981,436875976,5
4169,347,5,G,436975981,436975976,5
4170,347,6,E,437075983,437075976,7
4171,347,7,N,437175983,437175976,7
4172,347,8,L,437275984,437275976,8
4173,347,9,A,437375985,437375976,9
4174,347,10,N,437475985,437475976,9
4175,347,11,D,437575985,437575976,9
4176,348,0,F,437675987,437675987,0
4177,348,1,H,437775989,437775987,2
4178,348,2,B,437875989,437875987,2
4179,348,3,U,437975989,437975987,2
4180,348,4,R,438075991,438075987,4
4181,348,5,G,438175991,438175987,4
4182,348,6,E,438275992,438275987,5
4183,348,7,N,438375993,438375987,6
4184,348,8,L,438475994,438475987,7
4185,348,9,A,438575994,438575987,7
4186,348,10,N,438675995,438675987,8
4187,348,11,D,438775995,438775987,8
4188,349,0,F,438875996,438875996,0
4189,349,1,H,438975997,438975996,1
4190,349,2,B,439075998,439075996,2
4191,349,3,U,439175999,439175996,3
4192,349,4,R,439276000,439275996,4
4193,349,5,G,439376001,439375996,5
4194,349,6,E,439476002,439475996,6
4195,349,7,N,439576002,439575996,6
4196,349,8,L,439676003,439675996,7
4197,349,9,A,439776004,439775996,8
4198,349,10,N,439876005,439875996,9
4199,349,11,D,439976006,439975996,10
4200,350,0,F,440076007,440076007,0
4201,350,1,H,440176008,440176007,1
4202,350,2,B,440276009,440276007,2
4203,350,3,U,440376010,440376007,3
4204,350,4,R,440476011,440476007,4
4205,350,5,G,440576013,440576007,6
4206,350,6,E,440676014,440676007,7
4207,350,7,N,440776015,440776007,8
4208,350,8,L,440876016,440876007,9
4209,350,9,A,440976017,440976007,10
4210,350,10,N,441076017,441076007,10
4211,350,11,D,441176019,441176007,12
4212,351,0,F,441276021,441276021,0
4213,351,1,H,441376021,441376021,0
4214,351,2,B,441476021,441476021,0
4215,351,3,U,441576022,441576021,1
4216,351,4,R,441676022,441676021,1
4217,351,5,G,441776024,441776021,3
4218,351,6,E,441876025,441876021,4
4219,351,7,N,441976027,441976021,6
4220,351,8,L,442076028,442076021,7
4221,351,9,A,442176029,442176021,8
4222,351,10,N,442276030,442276021,9
4223,351,11,D,442376031,442376021,10
4224,352,0,F,442476033,442476033,0
4225,352,1,H,442576034,442576033,1
4226,352,2,B,442676034,442676033,1
4227,352,3,U,442776036,442776033,3
4228,352,4,R,442876036,442876033,3
4229,352,5,G,442976037,442976033,4
4230,352,6,E,443076039,443076033,6
4231,352,7,N,443176040,443176033,7
4232,352,8,L,443276041,443276033,8
4233,352,9,A,443376042,443376033,9
4234,352,10,N,443476044,443476033,11
4235,352,11,D,443576044,443576033,11
4236,353,0,F,443676045,443676045,0
4237,353,1,H,443776047,443776045,2
4238,353,2,B,443876047,443876045,2
4239,353,3,U,443976048,443976045,3
4240,353,4,R,444076049,444076045,4
4241,353,5,G,444176050,444176045,5
4242,353,6,E,444276051,444276045,6
4243,353,7,N,444376052,444376045,7
4244,353,8,L,444476054,444476045,9
4245,353,9,A,444576056,444576045,11
4246,353,10,N,444676057,444676045,12
4247,353,11,D,444776058,444776045,13
4248,354,0,F,444876059,444876059,0
4249,354,1,H,444976061,444976059,2
4250,354,2,B,445076062,445076059,3
4251,354,3,U,445176063,445176059,4
4252,354,4,R,445276064,445276059,5
4253,354,5,G,445376064,445376059,5
4254,354,6,E,445476065,445476059,6
4255,354,7,N,445576066,445576059,7
4256,354,8,L,445676066,445676059,7
4257,354,9,A,445776067,445776059,8
4258,354,10,N,445876068,445876059,9
4259,354,11,D,445976070,445976059,11
4260,355,0,F,446076071,446076071,0
4261,355,1,H,446176072,446176071,1
4262,355,2,B,446276074,446276071,3
4263,355,3,U,446376075,446376071,4
4264,355,4,R,446476076,446476071,5
4265,355,5,G,446576077,446576071,6
4266,355,6,E,446676078,446676071,7
4267,355,7,N,446776079,446776071,8
4268,355,8,L,446876080,446876071,9
4269,355,9,A,446976081,446976071,10
4270,355,10,N,447076082,447076071,11
4271,355,11,D,447176082,447176071,11
4272,356,0,F,447276083,447276083,0
4273,356,1,H,447376084,447376083,1
4274,356,2,B,447476084,447476083,1
4275,356,3,U,447576086,447576083,3
4276,356,4,R,447676087,447676083,4
4277,356,5,G,447776088,447776083,5
4278,356,6,E,447876089,447876083,6
4279,356,7,N,447976090,447976083,7
4280,356,8,L,448076092,448076083,9
4281,356,9,A,448176093,448176083,10
4282,356,10,N,448276095,448276083,12
4283,356,11,D,448376097,448376083,14
4284,357,0,F,448476098,448476098,0
4285,357,1,H,448576099,448576098,1
4286,357,2,B,448676100,448676098,2
4287,357,3,U,448776102,448776098,4
4288,357,4,R,448876103,448876098,5
4289,357,5,G,448976103,448976098,5
4290,357,6,E,449076104,449076098,6
4291,357,7,N,449176105,449176098,7
4292,357,8,L,449276106,449276098,8
4293,357,9,A,449376107,449376098,9
4294,357,10,N,449476108,449476098,10
4295,357,11,D,449576109,449576098,11
4296,358,0,F,449676110,449676110,0
4297,358,1,H,449776111,449776110,1
4298,358,2,B,449876111,449876110,1
4299,358,3,U,449976112,449976110,2
4300,358,4,R,450076113,450076110,3
4301,358,5,G,450176114,450176110,4
4302,358,6,E,450276115,450276110,5
4303,358,7,N,450376115,450376110,5
4304,358,8,L,450476116,450476110,6
4305,358,9,A,450576116,450576110,6
4306,358,10,N,450676117,450676110,7
4307,358,11,D,450776118,450776110,8
4308,359,0,F,450876119,450876119,0
4309,359,1,H,450976121,450976119,2
4310,359,2,B,451076121,451076119,2
4311,359,3,U,451176122,451176119,3
4312,359,4,R,451276124,451276119,5
4313,359,5,G,451376125,451376119,6
4314,359,6,E,451476126,451476119,7
4315,359,7,N,451576127,451576119,8
4316,359,8,L,451676128,451676119,9
4317,359,9,A,451776129,451776119,10
4318,359,10,N,451876130,451876119,11
4319,359,11,D,451976131,451976119,12
4320,360,0,F,452076132,452076132,0
4321,360,1,H,452176133,452176132,1
4322,360,2,B,452276134,452276132,2
4323,360,3,U,452376135,452376132,3
4324,360,4,R,452476136,452476132,4
4325,360,5,G,452576137,452576132,5
4326,360,6,E,452676139,452676132,7
4327,360,7,N,452776139,452776132,7
4328,360,8,L,452876140,452876132,8
4329,360,9,A,452976141,452976132,9
4330,360,10,N,453076141,453076132,9
4331,360,11,D,453176143,453176132,11
4332,361,0,F,453276144,453276144,0
4333,361,1,H,453376144,453376144,0
4334,361,2,B,453476145,453476144,1
4335,361,3,U,453576146,453576144,2
4336,361,4,R,453676147,453676144,3
4337,361,5,G,453776148,453776144,4
4338,361,6,E,453876149,453876144,5
4339,361,7,N,453976151,453976144,7
4340,361,8,L,454076152,454076144,8
4341,361,9,A,454176154,454176144,10
4342,361,10,N,454276154,454276144,10
4343,361,11,D,454376155,454376144,11
4344,362,0,F,454476157,454476157,0
4345,362,1,H,454576158,454576157,1
4346,362,2,B,454676160,454676157,3
4347,362,3,U,454776161,454776157,4
4348,362,4,R,454876162,454876157,5
4349,362,5,G,454976163,454976157,6
4350,362,6,E,455076163,455076157,6
4351,362,7,N,455176164,455176157,7
4352,362,8,L,455276165,455276157,8
4353,362,9,A,455376167,455376157,10
4354,362,10,N,455476169,455476157,12
4355,362,11,D,455576170,455576157,13
4356,363,0,F,455676171,455676171,0
4357,363,1,H,455776172,455776171,1
4358,363,2,B,455876173,455876171,2
4359,363,3,U,455976174,455976171,3
4360,363,4,R,456076174,456076171,3
4361,363,5,G,456176174,456176171,3
4362,363,6,E,456276175,456276171,4
4363,363,7,N,456376176,456376171,5
4364,363,8,L,456476176,456476171,5
4365,363,9,A,456576177,456576171,6
4366,363,10,N,456676179,456676171,8
4367,363,11,D,456776180,456776171,9
4368,364,0,F,456876181,456876181,0
4369,364,1,H,456976182,456976181,1
4370,364,2,B,457076184,457076181,3
4371,364,3,U,457176186,457176181,5
4372,364,4,R,457276187,457276181,6
4373,364,5,G,457376188,457376181,7
4374,364,6,E,457476190,457476181,9
4375,364,7,N,457576192,457576181,11
4376,364,8,L,457676194,457676181,13
4377,364,9,A,457776194,457776181,13
4378,364,10,N,457876195,457876181,14
4379,364,11,D,457976196,457976181,15
4380,365,0,F,458076197,458076197,0
4381,365,1,H,458176199,458176197,2
4382,365,2,B,458276200,458276197,3
4383,365,3,U,458376201,458376197,4
4384,365,4,R,458476202,458476197,5
4385,365,5,G,458576203,458576197,6
4386,365,6,E,458676204,458676197,7
4387,365,7,N,458776205,458776197,8
4388,365,8,L,458876206,458876197,9
4389,365,9,A,458976207,458976197,10
4390,365,10,N,459076208,459076197,11
4391,365,11,D,459176209,459176197,12
4392,366,0,F,459276210,459276210,0
4393,366,1,H,459376211,459376210,1
4394,366,2,B,459476212,459476210,2
4395,366,3,U,459576213,459576210,3
4396,366,4,R,459676214,459676210,4
4397,366,5,G,459776216,459776210,6
4398,366,6,E,459876216,459876210,6
4399,366,7,N,459976217,459976210,7
4400,366,8,L,460076218,460076210,8
4401,366,9,A,460176220,460176210,10
4402,366,10,N,460276221,460276210,11
4403,366,11,D,460376222,460376210,12
4404,367,0,F,460476223,460476223,0
4405,367,1,H,460576224,460576223,1
4406,367,2,B,460676225,460676223,2
4407,367,3,U,460776225,460776223,2
4408,367,4,R,460876226,460876223,3
4409,367,5,G,460976228,460976223,5
4410,367,6,E,461076229,461076223,6
4411,367,7,N,461176230,461176223,7
4412,367,8,L,461276231,461276223,8
4413,367,9,A,461376232,461376223,9
4414,367,10,N,461476232,461476223,9
4415,367,11,D,461576234,461576223,11
4416,368,0,F,461676234,461676234,0
4417,368,1,H,461776236,461776234,2
4418,368,2,B,461876236,461876234,2
4419,368,3,U,461976237,461976234,3
4420,368,4,R,462076238,462076234,4
4421,368,5,G,462176239,462176234,5
4422,368,6,E,462276240,462276234,6
4423,368,7,N,462376241,462376234,7
4424,368,8,L,462476242,462476234,8
4425,368,9,A,462576243,462576234,9
4426,368,10,N,462676244,462676234,10
4427,368,11,D,462776244,462776234,10
4428,369,0,F,462876245,462876245,0
4429,369,1,H,462976245,462976245,0
4430,369,2,B,463076247,463076245,2
4431,369,3,U,463176248,463176245,3
4432,369,4,R,463276250,463276245,5
4433,369,5,G,463376251,463376245,6
4434,369,6,E,463476252,463476245,7
4435,369,7,N,463576253,463576245,8
4436,369,8,L,463676253,463676245,8
4437,369,9,A,463776254,463776245,9
4438,369,10,N,463876255,463876245,10
4439,369,11,D,463976256,463976245,11
4440,370,0,F,464076257,464076257,0
4441,370,1,H,464176259,464176257,2
4442,370,2,B,464276260,464276257,3
4443,370,3,U,464376261,464376257,4
4444,370,4,R,464476263,464476257,6
4445,370,5,G,464576264,464576257,7
4446,370,6,E,464676266,464676257,9
4447,370,7,N,464776268,464776257,11
4448,370,8,L,464876269,464876257,12
4449,370,9,A,464976270,464976257,13
4450,370,10,N,465076271,465076257,14
4451,370,11,D,465176272,465176257,15
4452,371,0,F,465276274,465276274,0
4453,371,1,H,465376276,465376274,2
4454,371,2,B,465476277,465476274,3
4455,371,3,U,465576277,465576274,3
4456,371,4,R,465676279,465676274,5
4457,371,5,G,465776280,465776274,6
4458,371,6,E,465876281,465876274,7
4459,371,7,N,465976282,465976274,8
4460,371,8,L,466076282,466076274,8
4461,371,9,A,466176282,466176274,8
4462,371,10,N,466276284,466276274,10
4463,371,11,D,466376285,466376274,11
4464,372,0,F,466476285,466476285,0
4465,372,1,H,466576286,466576285,1
4466,372,2,B,466676286,466676285,1
4467,372,3,U,466776288,466776285,3
4468,372,4,R,466876289,466876285,4
4469,372,5,G,466976290,466976285,5
4470,372,6,E,467076291,467076285,6
4471,372,7,N,467176292,467176285,7
4472,372,8,L,467276293,467276285,8
4473,372,9,A,467376294,467376285,9
4474,372,10,N,467476295,467476285,10
4475,372,11,D,467576296,467576285,11
4476,373,0,F,467676297,467676297,0
4477,373,1,H,467776298,467776297,1
4478,373,2,B,467876300,467876297,3
4479,373,3,U,467976301,467976297,4
4480,373,4,R,468076301,468076297,4
4481,373,5,G,468176301,468176297,4
4482,373,6,E,468276302,468276297,5
4483,373,7,N,468376303,468376297,6
4484,373,8,L,468476304,468476297,7
4485,373,9,A,468576306,468576297,9
4486,373,10,N,468676307,468676297,10
4487,373,11,D,468776309,468776297,12
4488,374,0,F,468876309,468876309,0
4489,374,1,H,468976311,468976309,2
4490,374,2,B,469076312,469076309,3
4491,374,3,U,469176313,469176309,4
4492,374,4,R,469276315,469276309,6
4493,374,5,G,469376317,469376309,8
4494,374,6,E,469476319,469476309,10
4495,374,7,N,469576321,469576309,12
4496,374,8,L,469676322,469676309,13
4497,374,9,A,469776322,469776309,13
4498,374,10,N,469876322,469876309,13
4499,374,11,D,469976323,469976309,14
4500,375,0,F,470076324,470076324,0
4501,375,1,H,470176325,470176324,1
4502,375,2,B,470276326,470276324,2
4503,375,3,U,470376328,470376324,4
4504,375,4,R,470476330,470476324,6
4505,375,5,G,470576332,470576324,8
4506,375,6,E,470676332,470676324,8
4507,375,7,N,470776333,470776324,9
4508,375,8,L,470876334,470876324,10
4509,375,9,A,470976335,470976324,11
4510,375,10,N,471076335,471076324,11
4511,375,11,D,471176335,471176324,11
4512,376,0,F,471276336,471276336,0
4513,376,1,H,471376337,471376336,1
4514,376,2,B,471476338,471476336,2
4515,376,3,U,471576339,471576336,3
4516,376,4,R,471676340,471676336,4
4517,376,5,G,471776340,471776336,4
4518,376,6,E,471876341,471876336,5
4519,376,7,N,471976342,471976336,6
4520,376,8,L,472076342,472076336,6
4521,376,9,A,472176343,472176336,7
4522,376,10,N,472276344,472276336,8
4523,376,11,D,472376345,472376336,9
4524,377,0,F,472476346,472476346,0
4525,377,1,H,472576347,472576346,1
4526,377,2,B,472676347,472676346,1
4527,377,3,U,472776348,472776346,2
4528,377,4,R,472876349,472876346,3
4529,377,5,G,472976349,472976346,3
4530,377,6,E,473076350,473076346,4
4531,377,7,N,473176352,473176346,6
4532,377,8,L,473276353,473276346,7
4533,377,9,A,473376354,473376346,8
4534,377,10,N,473476355,473476346,9
4535,377,11,D,473576355,473576346,9
4536,378,0,F,473676355,473676355,0
4537,378,1,H,473776356,473776355,1
4538,378,2,B,473876357,473876355,2
4539,378,3,U,473976359,473976355,4
4540,378,4,R,474076360,474076355,5
4541,378,5,G,474176361,474176355,6
4542,378,6,E,474276362,474276355,7
4543,378,7,N,474376362,474376355,7
4544,378,8,L,474476363,474476355,8
4545,378,9,A,474576365,474576355,10
4546,378,10,N,474676367,474676355,12
4547,378,11,D,474776368,474776355,13
4548,379,0,F,474876370,474876370,0
4549,379,1,H,474976371,474976370,1
4550,379,2,B,475076372,475076370,2
4551,379,3,U,475176372,475176370,2
4552,379,4,R,475276373,475276370,3
4553,379,5,G,475376375,475376370,5
4554,379,6,E,475476377,475476370,7
4555,379,7,N,475576379,475576370,9
4556,379,8,L,475676380,475676370,10
4557,379,9,A,475776380,475776370,10
4558,379,10,N,475876380,475876370,10
4559,379,11,D,475976381,475976370,11
4560,380,0,F,476076382,476076382,0
4561,380,1,H,476176383,476176382,1
4562,380,2,B,476276384,476276382,2
4563,380,3,U,476376386,476376382,4
4564,380,4,R,476476388,476476382,6
4565,380,5,G,476576389,476576382,7
4566,380,6,E,476676390,476676382,8
4567,380,7,N,476776391,476776382,9
4568,380,8,L,476876391,476876382,9
4569,380,9,A,476976392,476976382,10
4570,380,10,N,477076393,477076382,11
4571,380,11,D,477176394,477176382,12
4572,381,0,F,477276395,477276395,0
4573,381,1,H,477376396,477376395,1
4574,381,2,B,477476396,477476395,1
4575,381,3,U,477576396,477576395,1
4576,381,4,R,477676397,477676395,2
4577,381,5,G,477776398,477776395,3
4578,381,6,E,477876399,477876395,4
4579,381,7,N,477976401,477976395,6
4580,381,8,L,478076402,478076395,7
4581,381,9,A,478176402,478176395,7
4582,381,10,N,478276404,478276395,9
4583,381,11,D,478376406,478376395,11
4584,382,0,F,478476406,478476406,0
4585,382,1,H,478576407,478576406,1
4586,382,2,B,478676409,478676406,3
4587,382,3,U,478776410,478776406,4
4588,382,4,R,478876411,478876406,5
4589,382,5,G,478976411,478976406,5
4590,382,6,E,479076411,479076406,5
4591,382,7,N,479176412,479176406,6
4592,382,8,L,479276413,479276406,7
4593,382,9,A,479376413,479376406,7
4594,382,10,N,479476414,479476406,8
4595,382,11,D,479576415,479576406,9
4596,383,0,F,479676416,479676416,0
4597,383,1,H,479776417,479776416,1
4598,383,2,B,479876418,479876416,2
4599,383,3,U,479976419,479976416,3
4600,383,4,R,480076419,480076416,3
4601,383,5,G,480176420,480176416,4
4602,383,6,E,480276422,480276416,6
4603,383,7,N,480376424,480376416,8
4604,383,8,L,480476424,480476416,8
4605,383,9,A,480576424,480576416,8
4606,383,10,N,480676425,480676416,9
4607,383,11,D,480776426,480776416,10
4608,384,0,F,480876427,480876427,0
4609,384,1,H,480976428,480976427,1
4610,384,2,B,481076429,481076427,2
4611,384,3,U,481176429,481176427,2
4612,384,4,R,481276430,481276427,3
4613,384,5,G,481376431,481376427,4
4614,384,6,E,481476433,481476427,6
4615,384,7,N,481576434,481576427,7
4616,384,8,L,481676435,481676427,8
4617,384,9,A,481776436,481776427,9
4618,384,10,N,481876437,481876427,10
4619,384,11,D,481976438,481976427,11
4620,385,0,F,482076439,482076439,0
4621,385,1,H,482176441,482176439,2
4622,385,2,B,482276442,482276439,3
4623,385,3,U,482376443,482376439,4
4624,385,4,R,482476444,482476439,5
4625,385,5,G,482576445,482576439,6
4626,385,6,E,482676447,482676439,8
4627,385,7,N,482776449,482776439,10
4628,385,8,L,482876450,482876439,11
4629,385,9,A,482976451,482976439,12
4630,385,10,N,483076452,483076439,13
4631,385,11,D,483176453,483176439,14
4632,386,0,F,483276454,483276454,0
4633,386,1,H,483376455,483376454,1
4634,386,2,B,483476455,483476454,1
4635,386,3,U,483576455,483576454,1
4636,386,4,R,483676456,483676454,2
4637,386,5,G,483776457,483776454,3
4638,386,6,E,483876458,483876454,4
4639,386,7,N,483976458,483976454,4
4640,386,8,L,484076459,484076454,5
4641,386,9,A,484176460,484176454,6
4642,386,10,N,484276462,484276454,8
4643,386,11,D,484376462,484376454,8
4644,387,0,F,484476462,484476462,0
4645,387,1,H,484576463,484576462,1
4646,387,2,B,484676465,484676462,3
4647,387,3,U,484776465,484776462,3
4648,387,4,R,484876466,484876462,4
4649,387,5,G,484976467,484976462,5
4650,387,6,E,485076468,485076462,6
4651,387,7,N,485176469,485176462,7
4652,387,8,L,485276470,485276462,8
4653,387,9,A,485376471,485376462,9
4654,387,10,N,485476471,485476462,9
4655,387,11,D,485576472,485576462,10
4656,388,0,F,485676473,485676473,0
4657,388,1,H,485776474,485776473,1
4658,388,2,B,485876475,485876473,2
4659,388,3,U,485976476,485976473,3
4660,388,4,R,486076477,486076473,4
4661,388,5,G,486176478,486176473,5
4662,388,6,E,486276479,486276473,6
4663,388,7,N,486376480,486376473,7
4664,388,8,L,486476481,486476473,8
4665,388,9,A,486576482,486576473,9
4666,388,10,N,486676483,486676473,10
4667,388,11,D,486776484,486776473,11
4668,389,0,F,486876485,486876485,0
4669,389,1,H,486976486,486976485,1
4670,389,2,B,487076487,487076485,2
4671,389,3,U,487176488,487176485,3
4672,389,4,R,487276489,487276485,4
4673,389,5,G,487376491,487376485,6
4674,389,6,E,487476492,487476485,7
4675,389,7,N,487576493,487576485,8
4676,389,8,L,487676494,487676485,9
4677,389,9,A,487776494,487776485,9
4678,389,10,N,487876495,487876485,10
4679,389,11,D,487976496,487976485,11
4680,390,0,F,488076497,488076497,0
4681,390,1,H,488176498,488176497,1
4682,390,2,B,488276499,488276497,2
4683,390,3,U,488376500,488376497,3
4684,390,4,R,488476501,488476497,4
4685,390,5,G,488576502,488576497,5
4686,390,6,E,488676502,488676497,5
4687,390,7,N,488776503,488776497,6
4688,390,8,L,488876504,488876497,7
4689,390,9,A,488976505,488976497,8
4690,390,10,N,489076506,489076497,9
4691,390,11,D,489176507,489176497,10
4692,391,0,F,489276509,489276509,0
4693,391,1,H,489376509,489376509,0
4694,391,2,B,489476511,489476509,2
4695,391,3,U,489576512,489576509,3
4696,391,4,R,489676513,489676509,4
4697,391,5,G,489776514,489776509,5
4698,391,6,E,489876516,489876509,7
4699,391,7,N,489976518,489976509,9
4700,391,8,L,490076519,490076509,10
4701,391,9,A,490176520,490176509,11
4702,391,10,N,490276521,490276509,12
4703,391,11,D,490376522,490376509,13
4704,392,0,F,490476522,490476522,0
4705,392,1,H,490576523,490576522,1
4706,392,2,B,490676524,490676522,2
4707,392,3,U,490776525,490776522,3
4708,392,4,R,490876526,490876522,4
4709,392,5,G,490976527,490976522,5
4710,392,6,E,491076528,491076522,6
4711,392,7,N,491176529,491176522,7
4712,392,8,L,491276530,491276522,8
4713,392,9,A,491376531,491376522,9
4714,392,10,N,491476532,491476522,10
4715,392,11,D,491576533,491576522,11
4716,393,0,F,491676534,491676534,0
4717,393,1,H,491776534,491776534,0
4718,393,2,B,491876535,491876534,1
4719,393,3,U,491976535,491976534,1
4720,393,4,R,492076537,492076534,3
4721,393,5,G,492176538,492176534,4
4722,393,6,E,492276539,492276534,5
4723,393,7,N,492376540,492376534,6
4724,393,8,L,492476541,492476534,7
4725,393,9,A,492576542,492576534,8
4726,393,10,N,492676543,492676534,9
4727,393,11,D,492776544,492776534,10
4728,394,0,F,492876545,492876545,0
4729,394,1,H,492976546,492976545,1
4730,394,2,B,493076547,493076545,2
4731,394,3,U,493176547,493176545,2
4732,394,4,R,493276548,493276545,3
4733,394,5,G,493376549,493376545,4
4734,394,6,E,493476549,493476545,4
4735,394,7,N,493576550,493576545,5
4736,394,8,L,493676551,493676545,6
4737,394,9,A,493776552,493776545,7
4738,394,10,N,493876554,493876545,9
4739,394,11,D,493976555,493976545,10
4740,395,0,F,494076555,494076555,0
4741,395,1,H,494176556,494176555,1
4742,395,2,B,494276557,494276555,2
4743,395,3,U,494376558,494376555,3
4744,395,4,R,494476559,494476555,4
4745,395,5,G,494576560,494576555,5
4746,395,6,E,494676560,494676555,5
4747,395,7,N,494776560,494776555,5
4748,395,8,L,494876562,494876555,7
4749,395,9,A,494976563,494976555,8
4750,395,10,N,495076564,495076555,9
4751,395,11,D,495176565,495176555,10
4752,396,0,F,495276566,495276566,0
4753,396,1,H,495376568,495376566,2
4754,396,2,B,495476569,495476566,3
4755,396,3,U,495576570,495576566,4
4756,396,4,R,495676571,495676566,5
4757,396,5,G,495776571,495776566,5
4758,396,6,E,495876572,495876566,6
4759,396,7,N,495976574,495976566,8
4760,396,8,L,496076574,496076566,8
4761,396,9,A,496176574,496176566,8
4762,396,10,N,496276576,496276566,10
4763,396,11,D,496376576,496376566,10
4764,397,0,F,496476577,496476577,0
4765,397,1,H,496576578,496576577,1
4766,397,2,B,496676578,496676577,1
4767,397,3,U,496776579,496776577,2
4768,397,4,R,496876579,496876577,2
4769,397,5,G,496976580,496976577,3
4770,397,6,E,497076581,497076577,4
4771,397,7,N,497176581,497176577,4
4772,397,8,L,497276582,497276577,5
4773,397,9,A,497376583,497376577,6
4774,397,10,N,497476583,497476577,6
4775,397,11,D,497576584,497576577,7
4776,398,0,F,497676586,497676586,0
4777,398,1,H,497776588,497776586,2
4778,398,2,B,497876589,497876586,3
4779,398,3,U,497976590,497976586,4
4780,398,4,R,498076590,498076586,4
4781,398,5,G,498176591,498176586,5
4782,398,6,E,498276592,498276586,6
4783,398,7,N,498376593,498376586,7
4784,398,8,L,498476595,498476586,9
4785,398,9,A,498576595,498576586,9
4786,398,10,N,498676596,498676586,10
4787,398,11,D,498776597,498776586,11
4788,399,0,F,498876598,498876598,0
4789,399,1,H,498976599,498976598,1
4790,399,2,B,499076600,499076598,2
4791,399,3,U,499176601,499176598,3
4792,399,4,R,499276602,499276598,4
4793,399,5,G,499376604,499376598,6
4794,399,6,E,499476604,499476598,6
4795,399,7,N,499576605,499576598,7
4796,399,8,L,499676606,499676598,8
4797,399,9,A,499776607,499776598,9
4798,399,10,N,499876608,499876598,10
4799,399,11,D,499976609,499976598,11
4800,400,0,F,500076611,500076611,0
4801,400,1,H,500176612,500176611,1
4802,400,2,B,500276613,500276611,2
4803,400,3,U,500376613,500376611,2
4804,400,4,R,500476613,500476611,2
4805,400,5,G,500576614,500576611,3
4806,400,6,E,500676615,500676611,4
4807,400,7,N,500776615,500776611,4
4808,400,8,L,500876616,500876611,5
4809,400,9,A,500976617,500976611,6
4810,400,10,N,501076617,501076611,6
4811,400,11,D,501176618,501176611,7
4812,401,0,F,501276619,501276619,0
4813,401,1,H,501376621,501376619,2
4814,401,2,B,501476621,501476619,2
4815,401,3,U,501576622,501576619,3
4816,401,4,R,501676623,501676619,4
4817,401,5,G,501776624,501776619,5
4818,401,6,E,501876625,501876619,6
4819,401,7,N,501976625,501976619,6
4820,401,8,L,502076626,502076619,7
4821,401,9,A,502176628,502176619,9
4822,401,10,N,502276630,502276619,11
4823,401,11,D,502376631,502376619,12
4824,402,0,F,502476632,502476632,0
4825,402,1,H,502576633,502576632,1
4826,402,2,B,502676634,502676632,2
4827,402,3,U,502776635,502776632,3
4828,402,4,R,502876636,502876632,4
4829,402,5,G,502976637,502976632,5
4830,402,6,E,503076638,503076632,6
4831,402,7,N,503176638,503176632,6
4832,402,8,L,503276639,503276632,7
4833,402,9,A,503376640,503376632,8
4834,402,10,N,503476640,503476632,8
4835,402,11,D,503576641,503576632,9
4836,403,0,F,503676641,503676641,0
4837,403,1,H,503776643,503776641,2
4838,403,2,B,503876644,503876641,3
4839,403,3,U,503976644,503976641,3
4840,403,4,R,504076645,504076641,4
4841,403,5,G,504176647,504176641,6
4842,403,6,E,504276648,504276641,7
4843,403,7,N,504376649,504376641,8
4844,403,8,L,504476650,504476641,9
4845,403,9,A,504576651,504576641,10
4846,403,10,N,504676652,504676641,11
4847,403,11,D,504776654,504776641,13
4848,404,0,F,504876654,504876654,0
4849,404,1,H,504976655,504976654,1
4850,404,2,B,505076656,505076654,2
4851,404,3,U,505176657,505176654,3
4852,404,4,R,505276659,505276654,5
4853,404,5,G,505376660,505376654,6
4854,404,6,E,505476661,505476654,7
4855,404,7,N,505576663,505576654,9
4856,404,8,L,505676664,505676654,10
4857,404,9,A,505776665,505776654,11
4858,404,10,N,505876666,505876654,12
4859,404,11,D,505976667,505976654,13
4860,405,0,F,506076668,506076668,0
4861,405,1,H,506176669,506176668,1
4862,405,2,B,506276671,506276668,3
4863,405,3,U,506376672,506376668,4
4864,405,4,R,506476673,506476668,5
4865,405,5,G,506576673,506576668,5
4866,405,6,E,506676674,506676668,6
4867,405,7,N,506776675,506776668,7
4868,405,8,L,506876676,506876668,8
4869,405,9,A,506976676,506976668,8
4870,405,10,N,507076676,507076668,8
4871,405,11,D,507176677,507176668,9
4872,406,0,F,507276679,507276679,0
4873,406,1,H,507376681,507376679,2
4874,406,2,B,507476682,507476679,3
4875,406,3,U,507576683,507576679,4
4876,406,4,R,507676684,507676679,5
4877,406,5,G,507776685,507776679,6
4878,406,6,E,507876686,507876679,7
4879,406,7,N,507976686,507976679,7
4880,406,8,L,508076687,508076679,8
4881,406,9,A,508176687,508176679,8
4882,406,10,N,508276688,508276679,9
4883,406,11,D,508376689,508376679,10
4884,407,0,F,508476691,508476691,0
4885,407,1,H,508576691,508576691,0
4886,407,2,B,508676692,508676691,1
4887,407,3,U,508776693,508776691,2
4888,407,4,R,508876694,508876691,3
4889,407,5,G,508976695,508976691,4
4890,407,6,E,509076696,509076691,5
4891,407,7,N,509176697,509176691,6
4892,407,8,L,509276699,509276691,8
4893,407,9,A,509376700,509376691,9
4894,407,10,N,509476701,509476691,10
4895,407,11,D,509576703,509576691,12
4896,408,0,F,509676704,509676704,0
4897,408,1,H,509776705,509776704,1
4898,408,2,B,509876705,509876704,1
4899,408,3,U,509976705,509976704,1
4900,408,4,R,510076706,510076704,2
4901,408,5,G,510176707,510176704,3
4902,408,6,E,510276708,510276704,4
4903,408,7,N,510376710,510376704,6
4904,408,8,L,510476711,510476704,7
4905,408,9,A,510576712,510576704,8
4906,408,10,N,510676714,510676704,10
4907,408,11,D,510776714,510776704,10
4908,409,0,F,510876715,510876715,0
4909,409,1,H,510976715,510976715,0
4910,409,2,B,511076716,511076715,1
4911,409,3,U,511176717,511176715,2
4912,409,4,R,511276718,511276715,3
4913,409,5,G,511376719,511376715,4
4914,409,6,E,511476720,511476715,5
4915,409,7,N,511576721,511576715,6
4916,409,8,L,511676723,511676715,8
4917,409,9,A,511776724,511776715,9
4918,409,10,N,511876726,511876715,11
4919,409,11,D,511976726,511976715,11
4920,410,0,F,512076726,512076726,0
4921,410,1,H,512176727,512176726,1
4922,410,2,B,512276728,512276726,2
4923,410,3,U,512376729,512376726,3
4924,410,4,R,512476729,512476726,3
4925,410,5,G,512576730,512576726,4
4926,410,6,E,512676731,512676726,5
4927,410,7,N,512776732,512776726,6
4928,410,8,L,512876732,512876726,6
4929,410,9,A,512976733,512976726,7
4930,410,10,N,513076734,513076726,8
4931,410,11,D,513176735,513176726,9
4932,411,0,F,513276737,513276737,0
4933,411,1,H,513376737,513376737,0
4934,411,2,B,513476738,513476737,1
4935,411,3,U,513576739,513576737,2
4936,411,4,R,513676740,513676737,3
4937,411,5,G,513776741,513776737,4
4938,411,6,E,513876742,513876737,5
4939,411,7,N,513976743,513976737,6
4940,411,8,L,514076744,514076737,7
4941,411,9,A,514176744,514176737,7
4942,411,10,N,514276746,514276737,9
4943,411,11,D,514376746,514376737,9
4944,412,0,F,514476747,514476747,0
4945,412,1,H,514576748,514576747,1
4946,412,2,B,514676749,514676747,2
4947,412,3,U,514776750,514776747,3
4948,412,4,R,514876750,514876747,3
4949,412,5,G,514976751,514976747,4
4950,412,6,E,515076752,515076747,5
4951,412,7,N,515176753,515176747,6
4952,412,8,L,515276754,515276747,7
4953,412,9,A,515376755,515376747,8
4954,412,10,N,515476755,515476747,8
4955,412,11,D,515576756,515576747,9
4956,413,0,F,515676756,515676756,0
4957,413,1,H,515776757,515776756,1
4958,413,2,B,515876758,515876756,2
4959,413,3,U,515976759,515976756,3
4960,413,4,R,516076760,516076756,4
4961,413,5,G,516176762,516176756,6
4962,413,6,E,516276764,516276756,8
4963,413,7,N,516376765,516376756,9
4964,413,8,L,516476766,516476756,10
4965,413,9,A,516576767,516576756,11
4966,413,10,N,516676768,516676756,12
4967,413,11,D,516776770,516776756,14
4968,414,0,F,516876771,516876771,0
4969,414,1,H,516976772,516976771,1
4970,414,2,B,517076773,517076771,2
4971,414,3,U,517176774,517176771,3
4972,414,4,R,517276776,517276771,5
4973,414,5,G,517376777,517376771,6
4974,414,6,E,517476777,517476771,6
4975,414,7,N,517576779,517576771,8
4976,414,8,L,517676780,517676771,9
4977,414,9,A,517776781,517776771,10
4978,414,10,N,517876781,517876771,10
4979,414,11,D,517976782,517976771,11
4980,415,0,F,518076783,518076783,0
4981,415,1,H,518176784,518176783,1
4982,415,2,B,518276785,518276783,2
4983,415,3,U,518376786,518376783,3
4984,415,4,R,518476787,518476783,4
4985,415,5,G,518576788,518576783,5
4986,415,6,E,518676789,518676783,6
4987,415,7,N,518776790,518776783,7
4988,415,8,L,518876791,518876783,8
4989,415,9,A,518976792,518976783,9
4990,415,10,N,519076793,519076783,10
4991,415,11,D,519176794,519176783,11
4992,416,0,F,519276796,519276796,0
4993,416,1,H,519376796,519376796,0
4994,416,2,B,519476797,519476796,1
4995,416,3,U,519576797,519576796,1
4996,416,4,R,519676799,519676796,3
4997,416,5,G,519776799,519776796,3
4998,416,6,E,519876801,519876796,5
4999,416,7,N,519976803,519976796,7
5000,416,8,L,520076804,520076796,8
5001,416,9,A,520176806,520176796,10
5002,416,10,N,520276807,520276796,11
5003,416,11,D,520376808,520376796,12
5004,417,0,F,520476809,520476809,0
5005,417,1,H,520576810,520576809,1
5006,417,2,B,520676812,520676809,3
5007,417,3,U,520776813,520776809,4
5008,417,4,R,520876814,520876809,5
5009,417,5,G,520976815,520976809,6
5010,417,6,E,521076816,521076809,7
5011,417,7,N,521176817,521176809,8
5012,417,8,L,521276817,521276809,8
5013,417,9,A,521376818,521376809,9
5014,417,10,N,521476819,521476809,10
5015,417,11,D,521576821,521576809,12
5016,418,0,F,521676822,521676822,0
5017,418,1,H,521776823,521776822,1
5018,418,2,B,521876824,521876822,2
5019,418,3,U,521976825,521976822,3
5020,418,4,R,522076826,522076822,4
5021,418,5,G,522176827,522176822,5
5022,418,6,E,522276828,522276822,6
5023,418,7,N,522376829,522376822,7
5024,418,8,L,522476829,522476822,7
5025,418,9,A,522576830,522576822,8
5026,418,10,N,522676831,522676822,9
5027,418,11,D,522776832,522776822,10
5028,419,0,F,522876832,522876832,0
5029,419,1,H,522976833,522976832,1
5030,419,2,B,523076833,523076832,1
5031,419,3,U,523176834,523176832,2
5032,419,4,R,523276835,523276832,3
5033,419,5,G,523376837,523376832,5
5034,419,6,E,523476838,523476832,6
5035,419,7,N,523576839,523576832,7
5036,419,8,L,523676840,523676832,8
5037,419,9,A,523776841,523776832,9
5038,419,10,N,523876842,523876832,10
5039,419,11,D,523976843,523976832,11
5040,420,0,F,524076844,524076844,0
5041,420,1,H,524176845,524176844,1
5042,420,2,B,524276846,524276844,2
5043,420,3,U,524376846,524376844,2
5044,420,4,R,524476847,524476844,3
5045,420,5,G,524576847,524576844,3
5046,420,6,E,524676849,524676844,5
5047,420,7,N,524776850,524776844,6
5048,420,8,L,524876851,524876844,7
5049,420,9,A,524976852,524976844,8
5050,420,10,N,525076852,525076844,8
5051,420,11,D,525176854,525176844,10
5052,421,0,F,525276856,525276856,0
5053,421,1,H,525376857,525376856,1
5054,421,2,B,525476859,525476856,3
5055,421,3,U,525576859,525576856,3
5056,421,4,R,525676860,525676856,4
5057,421,5,G,525776861,525776856,5
5058,421,6,E,525876863,525876856,7
5059,421,7,N,525976864,525976856,8
5060,421,8,L,526076865,526076856,9
5061,421,9,A,526176866,526176856,10
5062,421,10,N,526276868,526276856,12
5063,421,11,D,526376869,526376856,13
5064,422,0,F,526476870,526476870,0
5065,422,1,H,526576870,526576870,0
5066,422,2,B,526676871,526676870,1
5067,422,3,U,526776872,526776870,2
5068,422,4,R,526876873,526876870,3
5069,422,5,G,526976874,526976870,4
5070,422,6,E,527076876,527076870,6
5071,422,7,N,527176877,527176870,7
5072,422,8,L,527276879,527276870,9
5073,422,9,A,527376880,527376870,10
5074,422,10,N,527476881,527476870,11
5075,422,11,D,527576882,527576870,12
5076,423,0,F,527676882,527676882,0
5077,423,1,H,527776883,527776882,1
5078,423,2,B,527876884,527876882,2
5079,423,3,U,527976884,527976882,2
5080,423,4,R,528076885,528076882,3
5081,423,5,G,528176886,528176882,4
5082,423,6,E,528276887,528276882,5
5083,423,7,N,528376888,528376882,6
5084,423,8,L,528476890,528476882,8
5085,423,9,A,528576890,528576882,8
5086,423,10,N,528676891,528676882,9
5087,423,11,D,528776892,528776882,10
5088,424,0,F,528876893,528876893,0
5089,424,1,H,528976893,528976893,0
5090,424,2,B,529076894,529076893,1
5091,424,3,U,529176895,529176893,2
5092,424,4,R,529276895,529276893,2
5093,424,5,G,529376897,529376893,4
5094,424,6,E,529476898,529476893,5
5095,424,7,N,529576898,529576893,5
5096,424,8,L,529676899,529676893,6
5097,424,9,A,529776900,529776893,7
5098,424,10,N,529876901,529876893,8
5099,424,11,D,529976902,529976893,9
5100,425,0,F,530076903,530076903,0
5101,425,1,H,530176904,530176903,1
5102,425,2,B,530276905,530276903,2
5103,425,3,U,530376906,530376903,3
5104,425,4,R,530476907,530476903,4
5105,425,5,G,530576908,530576903,5
5106,425,6,E,530676910,530676903,7
5107,425,7,N,530776911,530776903,8
5108,425,8,L,530876912,530876903,9
5109,425,9,A,530976913,530976903,10
5110,425,10,N,531076914,531076903,11
5111,425,11,D,531176915,531176903,12
5112,426,0,F,531276916,531276916,0
5113,426,1,H,531376917,531376916,1
5114,426,2,B,531476918,531476916,2
5115,426,3,U,531576919,531576916,3
5116,426,4,R,531676920,531676916,4
5117,426,5,G,531776921,531776916,5
5118,426,6,E,531876922,531876916,6
5119,426,7,N,531976924,531976916,8
5120,426,8,L,532076925,532076916,9
5121,426,9,A,532176926,532176916,10
5122,426,10,N,532276928,532276916,12
5123,426,11,D,532376929,532376916,13
5124,427,0,F,532476930,532476930,0
5125,427,1,H,532576931,532576930,1
5126,427,2,B,532676932,532676930,2
5127,427,3,U,532776932,532776930,2
5128,427,4,R,532876933,532876930,3
5129,427,5,G,532976934,532976930,4
5130,427,6,E,533076935,533076930,5
5131,427,7,N,533176936,533176930,6
5132,427,8,L,533276937,533276930,7
5133,427,9,A,533376939,533376930,9
5134,427,10,N,533476941,533476930,11
5135,427,11,D,533576942,533576930,12
5136,428,0,F,533676944,533676944,0
5137,428,1,H,533776945,533776944,1
5138,428,2,B,533876946,533876944,2
5139,428,3,U,533976947,533976944,3
5140,428,4,R,534076948,534076944,4
5141,428,5,G,534176949,534176944,5
5142,428,6,E,534276950,534276944,6
5143,428,7,N,534376951,534376944,7
5144,428,8,L,534476952,534476944,8
5145,428,9,A,534576953,534576944,9
5146,428,10,N,534676953,534676944,9
5147,428,11,D,534776954,534776944,10
5148,429,0,F,534876956,534876956,0
5149,429,1,H,534976957,534976956,1
5150,429,2,B,535076958,535076956,2
5151,429,3,U,535176959,535176956,3
5152,429,4,R,535276960,535276956,4
5153,429,5,G,535376961,535376956,5
5154,429,6,E,535476962,535476956,6
5155,429,7,N,535576963,535576956,7
5156,429,8,L,535676964,535676956,8
5157,429,9,A,535776965,535776956,9
5158,429,10,N,535876966,535876956,10
5159,429,11,D,535976967,535976956,11
5160,430,0,F,536076968,536076968,0
5161,430,1,H,536176969,536176968,1
5162,430,2,B,536276970,536276968,2
5163,430,3,U,536376971,536376968,3
5164,430,4,R,536476972,536476968,4
5165,430,5,G,536576972,536576968,4
5166,430,6,E,536676974,536676968,6
5167,430,7,N,536776976,536776968,8
5168,430,8,L,536876977,536876968,9
5169,430,9,A,536976978,536976968,10
5170,430,10,N,537076980,537076968,12
5171,430,11,D,537176980,537176968,12
5172,431,0,F,537276982,537276982,0
5173,431,1,H,537376983,537376982,1
5174,431,2,B,537476983,537476982,1
5175,431,3,U,537576984,537576982,2
5176,431,4,R,537676984,537676982,2
5177,431,5,G,537776986,537776982,4
5178,431,6,E,537876988,537876982,6
5179,431,7,N,537976988,537976982,6
5180,431,8,L,538076989,538076982,7
5181,431,9,A,538176989,538176982,7
5182,431,10,N,538276990,538276982,8
5183,431,11,D,538376990,538376982,8
5184,432,0,F,538476991,538476991,0
5185,432,1,H,538576992,538576991,1
5186,432,2,B,538676993,538676991,2
5187,432,3,U,538776994,538776991,3
5188,432,4,R,538876995,538876991,4
5189,432,5,G,538976996,538976991,5
5190,432,6,E,539076997,539076991,6
5191,432,7,N,539176998,539176991,7
5192,432,8,L,539276999,539276991,8
5193,432,9,A,539376999,539376991,8
5194,432,10,N,539477000,539476991,9
5195,432,11,D,539577001,539576991,10
5196,433,0,F,539677002,539677002,0
5197,433,1,H,539777003,539777002,1
5198,433,2,B,539877004,539877002,2
5199,433,3,U,539977006,539977002,4
5200,433,4,R,540077008,540077002,6
5201,433,5,G,540177009,540177002,7
5202,433,6,E,540277010,540277002,8
5203,433,7,N,540377011,540377002,9
5204,433,8,L,540477012,540477002,10
5205,433,9,A,540577013,540577002,11
5206,433,10,N,540677015,540677002,13
5207,433,11,D,540777016,540777002,14
5208,434,0,F,540877018,540877018,0
5209,434,1,H,540977019,540977018,1
5210,434,2,B,541077020,541077018,2
5211,434,3,U,541177022,541177018,4
5212,434,4,R,541277022,541277018,4
5213,434,5,G,541377023,541377018,5
5214,434,6,E,541477024,541477018,6
5215,434,7,N,541577024,541577018,6
5216,434,8,L,541677026,541677018,8
5217,434,9,A,541777027,541777018,9
5218,434,10,N,541877029,541877018,11
5219,434,11,D,541977029,541977018,11
5220,435,0,F,542077030,542077030,0
5221,435,1,H,542177031,542177030,1
5222,435,2,B,542277033,542277030,3
5223,435,3,U,542377034,542377030,4
5224,435,4,R,542477035,542477030,5
5225,435,5,G,542577036,542577030,6
5226,435,6,E,542677038,542677030,8
5227,435,7,N,542777039,542777030,9
5228,435,8,L,542877040,542877030,10
5229,435,9,A,542977041,542977030,11
5230,435,10,N,543077042,543077030,12
5231,435,11,D,543177042,543177030,12
5232,436,0,F,543277044,543277044,0
5233,436,1,H,543377045,543377044,1
5234,436,2,B,543477046,543477044,2
5235,436,3,U,543577047,543577044,3
5236,436,4,R,543677049,543677044,5
5237,436,5,G,543777049,543777044,5
5238,436,6,E,543877051,543877044,7
5239,436,7,N,543977052,543977044,8
5240,436,8,L,544077053,544077044,9
5241,436,9,A,544177054,544177044,10
5242,436,10,N,544277056,544277044,12
5243,436,11,D,544377057,544377044,13
5244,437,0,F,544477058,544477058,0
5245,437,1,H,544577059,544577058,1
5246,437,2,B,544677060,544677058,2
5247,437,3,U,544777060,544777058,2
5248,437,4,R,544877061,544877058,3
5249,437,5,G,544977062,544977058,4
5250,437,6,E,545077063,545077058,5
5251,437,7,N,545177063,545177058,5
5252,437,8,L,545277063,545277058,5
5253,437,9,A,545377064,545377058,6
5254,437,10,N,545477064,545477058,6
5255,437,11,D,545577065,545577058,7
5256,438,0,F,545677066,545677066,0
5257,438,1,H,545777068,545777066,2
5258,438,2,B,545877069,545877066,3
5259,438,3,U,545977070,545977066,4
5260,438,4,R,546077071,546077066,5
5261,438,5,G,546177073,546177066,7
5262,438,6,E,546277074,546277066,8
5263,438,7,N,546377075,546377066,9
5264,438,8,L,546477075,546477066,9
5265,438,9,A,546577076,546577066,10
5266,438,10,N,546677077,546677066,11
5267,438,11,D,546777077,546777066,11
5268,439,0,F,546877078,546877078,0
5269,439,1,H,546977078,546977078,0
5270,439,2,B,547077079,547077078,1
5271,439,3,U,547177080,547177078,2
5272,439,4,R,547277082,547277078,4
5273,439,5,G,547377083,547377078,5
5274,439,6,E,547477083,547477078,5
5275,439,7,N,547577084,547577078,6
5276,439,8,L,547677085,547677078,7
5277,439,9,A,547777085,547777078,7
5278,439,10,N,547877085,547877078,7
5279,439,11,D,547977087,547977078,9
5280,440,0,F,548077088,548077088,0
5281,440,1,H,548177090,548177088,2
5282,440,2,B,548277091,548277088,3
5283,440,3,U,548377092,548377088,4
5284,440,4,R,548477093,548477088,5
5285,440,5,G,548577093,548577088,5
5286,440,6,E,548677094,548677088,6
5287,440,7,N,548777095,548777088,7
5288,440,8,L,548877096,548877088,8
5289,440,9,A,548977097,548977088,9
5290,440,10,N,549077099,549077088,11
5291,440,11,D,549177100,549177088,12
5292,441,0,F,549277101,549277101,0
5293,441,1,H,549377101,549377101,0
5294,441,2,B,549477102,549477101,1
5295,441,3,U,549577102,549577101,1
5296,441,4,R,549677103,549677101,2
5297,441,5,G,549777104,549777101,3
5298,441,6,E,549877106,549877101,5
5299,441,7,N,549977107,549977101,6
5300,441,8,L,550077108,550077101,7
5301,441,9,A,550177109,550177101,8
5302,441,10,N,550277110,550277101,9
5303,441,11,D,550377111,550377101,10
5304,442,0,F,550477112,550477112,0
5305,442,1,H,550577114,550577112,2
5306,442,2,B,550677115,550677112,3
5307,442,3,U,550777116,550777112,4
5308,442,4,R,550877116,550877112,4
5309,442,5,G,550977117,550977112,5
5310,442,6,E,551077119,551077112,7
5311,442,7,N,551177120,551177112,8
5312,442,8,L,551277121,551277112,9
5313,442,9,A,551377122,551377112,10
5314,442,10,N,551477124,551477112,12
5315,442,11,D,551577125,551577112,13
5316,443,0,F,551677127,551677127,0
5317,443,1,H,551777127,551777127,0
5318,443,2,B,551877129,551877127,2
5319,443,3,U,551977131,551977127,4
5320,443,4,R,552077131,552077127,4
5321,443,5,G,552177132,552177127,5
5322,443,6,E,552277134,552277127,7
5323,443,7,N,552377135,552377127,8
5324,443,8,L,552477136,552477127,9
5325,443,9,A,552577137,552577127,10
5326,443,10,N,552677138,552677127,11
5327,443,11,D,552777139,552777127,12
5328,444,0,F,552877139,552877139,0
5329,444,1,H,552977141,552977139,2
5330,444,2,B,553077142,553077139,3
5331,444,3,U,553177143,553177139,4
5332,444,4,R,553277145,553277139,6
5333,444,5,G,553377146,553377139,7
5334,444,6,E,553477146,553477139,7
5335,444,7,N,553577147,553577139,8
5336,444,8,L,553677147,553677139,8
5337,444,9,A,553777148,553777139,9
5338,444,10,N,553877149,553877139,10
5339,444,11,D,553977150,553977139,11
5340,445,0,F,554077151,554077151,0
5341,445,1,H,554177152,554177151,1
5342,445,2,B,554277154,554277151,3
5343,445,3,U,554377154,554377151,3
5344,445,4,R,554477154,554477151,3
5345,445,5,G,554577154,554577151,3
5346,445,6,E,554677155,554677151,4
5347,445,7,N,554777156,554777151,5
5348,445,8,L,554877156,554877151,5
5349,445,9,A,554977157,554977151,6
5350,445,10,N,555077158,555077151,7
5351,445,11,D,555177159,555177151,8
5352,446,0,F,555277161,555277161,0
5353,446,1,H,555377162,555377161,1
5354,446,2,B,555477163,555477161,2
5355,446,3,U,555577164,555577161,3
5356,446,4,R,555677166,555677161,5
5357,446,5,G,555777167,555777161,6
5358,446,6,E,555877167,555877161,6
5359,446,7,N,555977168,555977161,7
5360,446,8,L,556077169,556077161,8
5361,446,9,A,556177170,556177161,9
5362,446,10,N,556277171,556277161,10
5363,446,11,D,556377171,556377161,10
5364,447,0,F,556477172,556477172,0
5365,447,1,H,556577172,556577172,0
5366,447,2,B,556677173,556677172,1
5367,447,3,U,556777174,556777172,2
5368,447,4,R,556877174,556877172,2
5369,447,5,G,556977174,556977172,2
5370,447,6,E,557077175,557077172,3
5371,447,7,N,557177175,557177172,3
5372,447,8,L,557277176,557277172,4
5373,447,9,A,557377177,557377172,5
5374,447,10,N,557477178,557477172,6
5375,447,11,D,557577178,557577172,6
5376,448,0,F,557677179,557677179,0
5377,448,1,H,557777180,557777179,1
5378,448,2,B,557877181,557877179,2
5379,448,3,U,557977182,557977179,3
5380,448,4,R,558077182,558077179,3
5381,448,5,G,558177183,558177179,4
5382,448,6,E,558277185,558277179,6
5383,448,7,N,558377185,558377179,6
5384,448,8,L,558477187,558477179,8
5385,448,9,A,558577187,558577179,8
5386,448,10,N,558677188,558677179,9
5387,448,11,D,558777189,558777179,10
5388,449,0,F,558877189,558877189,0
5389,449,1,H,558977189,558977189,0
5390,449,2,B,559077190,559077189,1
5391,449,3,U,559177191,559177189,2
5392,449,4,R,559277192,559277189,3
5393,449,5,G,559377193,559377189,4
5394,449,6,E,559477194,559477189,5
5395,449,7,N,559577195,559577189,6
5396,449,8,L,559677196,559677189,7
5397,449,9,A,559777197,559777189,8
5398,449,10,N,559877198,559877189,9
5399,449,11,D,559977199,559977189,10
5400,450,0,F,560077200,560077200,0
5401,450,1,H,560177200,560177200,0
5402,450,2,B,560277202,560277200,2
5403,450,3,U,560377203,560377200,3
5404,450,4,R,560477204,560477200,4
5405,450,5,G,560577204,560577200,4
5406,450,6,E,560677205,560677200,5
5407,450,7,N,560777206,560777200,6
5408,450,8,L,560877207,560877200,7
5409,450,9,A,560977208,560977200,8
5410,450,10,N,561077209,561077200,9
5411,450,11,D,561177211,561177200,11
5412,451,0,F,561277212,561277212,0
5413,451,1,H,561377213,561377212,1
5414,451,2,B,561477214,561477212,2
5415,451,3,U,561577216,561577212,4
5416,451,4,R,561677217,561677212,5
5417,451,5,G,561777218,561777212,6
5418,451,6,E,561877219,561877212,7
5419,451,7,N,561977220,561977212,8
5420,451,8,L,562077221,562077212,9
5421,451,9,A,562177222,562177212,10
5422,451,10,N,562277223,562277212,11
5423,451,11,D,562377223,562377212,11
5424,452,0,F,562477224,562477224,0
5425,452,1,H,562577225,562577224,1
5426,452,2,B,562677226,562677224,2
5427,452,3,U,562777228,562777224,4
5428,452,4,R,562877228,562877224,4
5429,452,5,G,562977229,562977224,5
5430,452,6,E,563077230,563077224,6
5431,452,7,N,563177231,563177224,7
5432,452,8,L,563277233,563277224,9
5433,452,9,A,563377234,563377224,10
5434,452,10,N,563477235,563477224,11
5435,452,11,D,563577237,563577224,13
5436,453,0,F,563677239,563677239,0
5437,453,1,H,563777240,563777239,1
5438,453,2,B,563877241,563877239,2
5439,453,3,U,563977242,563977239,3
5440,453,4,R,564077243,564077239,4
5441,453,5,G,564177244,564177239,5
5442,453,6,E,564277244,564277239,5
5443,453,7,N,564377245,564377239,6
5444,453,8,L,564477246,564477239,7
5445,453,9,A,564577248,564577239,9
5446,453,10,N,564677248,564677239,9
5447,453,11,D,564777250,564777239,11
5448,454,0,F,564877251,564877251,0
5449,454,1,H,564977252,564977251,1
5450,454,2,B,565077253,565077251,2
5451,454,3,U,565177253,565177251,2
5452,454,4,R,565277254,565277251,3
5453,454,5,G,565377255,565377251,4
5454,454,6,E,565477256,565477251,5
5455,454,7,N,565577256,565577251,5
5456,454,8,L,565677256,565677251,5
5457,454,9,A,565777256,565777251,5
5458,454,10,N,565877257,565877251,6
5459,454,11,D,565977258,565977251,7
5460,455,0,F,566077258,566077258,0
5461,455,1,H,566177259,566177258,1
5462,455,2,B,566277260,566277258,2
5463,455,3,U,566377260,566377258,2
5464,455,4,R,566477262,566477258,4
5465,455,5,G,566577264,566577258,6
5466,455,6,E,566677265,566677258,7
5467,455,7,N,566777266,566777258,8
5468,455,8,L,566877266,566877258,8
5469,455,9,A,566977267,566977258,9
5470,455,10,N,567077268,567077258,10
5471,455,11,D,567177268,567177258,10
5472,456,0,F,567277269,567277269,0
5473,456,1,H,567377271,567377269,2
5474,456,2,B,567477271,567477269,2
5475,456,3,U,567577273,567577269,4
5476,456,4,R,567677273,567677269,4
5477,456,5,G,567777275,567777269,6
5478,456,6,E,567877276,567877269,7
5479,456,7,N,567977277,567977269,8
5480,456,8,L,568077277,568077269,8
5481,456,9,A,568177279,568177269,10
5482,456,10,N,568277280,568277269,11
5483,456,11,D,568377281,568377269,12
5484,457,0,F,568477282,568477282,0
5485,457,1,H,568577283,568577282,1
5486,457,2,B,568677283,568677282,1
5487,457,3,U,568777284,568777282,2
5488,457,4,R,568877286,568877282,4
5489,457,5,G,568977287,568977282,5
5490,457,6,E,569077288,569077282,6
5491,457,7,N,569177290,569177282,8
5492,457,8,L,569277291,569277282,9
5493,457,9,A,569377292,569377282,10
5494,457,10,N,569477293,569477282,11
5495,457,11,D,569577294,569577282,12
5496,458,0,F,569677294,569677294,0
5497,458,1,H,569777295,569777294,1
5498,458,2,B,569877295,569877294,1
5499,458,3,U,569977296,569977294,2
5500,458,4,R,570077297,570077294,3
5501,458,5,G,570177298,570177294,4
5502,458,6,E,570277300,570277294,6
5503,458,7,N,570377301,570377294,7
5504,458,8,L,570477302,570477294,8
5505,458,9,A,570577302,570577294,8
5506,458,10,N,570677304,570677294,10
5507,458,11,D,570777304,570777294,10
5508,459,0,F,570877305,570877305,0
5509,459,1,H,570977305,570977305,0
5510,459,2,B,571077307,571077305,2
5511,459,3,U,571177308,571177305,3
5512,459,4,R,571277309,571277305,4
5513,459,5,G,571377311,571377305,6
5514,459,6,E,571477312,571477305,7
5515,459,7,N,571577313,571577305,8
5516,459,8,L,571677314,571677305,9
5517,459,9,A,571777315,571777305,10
5518,459,10,N,571877316,571877305,11
5519,459,11,D,571977316,571977305,11
5520,460,0,F,572077317,572077317,0
5521,460,1,H,572177319,572177317,2
5522,460,2,B,572277320,572277317,3
5523,460,3,U,572377322,572377317,5
5524,460,4,R,572477323,572477317,6
5525,460,5,G,572577324,572577317,7
5526,460,6,E,572677325,572677317,8
5527,460,7,N,572777326,572777317,9
5528,460,8,L,572877328,572877317,11
5529,460,9,A,572977329,572977317,12
5530,460,10,N,573077331,573077317,14
5531,460,11,D,573177332,573177317,15
5532,461,0,F,573277334,573277334,0
5533,461,1,H,573377335,573377334,1
5534,461,2,B,573477336,573477334,2
5535,461,3,U,573577337,573577334,3
5536,461,4,R,573677337,573677334,3
5537,461,5,G,573777339,573777334,5
5538,461,6,E,573877339,573877334,5
5539,461,7,N,573977341,573977334,7
5540,461,8,L,574077343,574077334,9
5541,461,9,A,574177344,574177334,10
5542,461,10,N,574277345,574277334,11
5543,461,11,D,574377346,574377334,12
5544,462,0,F,574477347,574477347,0
5545,462,1,H,574577348,574577347,1
5546,462,2,B,574677349,574677347,2
5547,462,3,U,574777351,574777347,4
5548,462,4,R,574877352,574877347,5
5549,462,5,G,574977353,574977347,6
5550,462,6,E,575077355,575077347,8
5551,462,7,N,575177356,575177347,9
5552,462,8,L,575277357,575277347,10
5553,462,9,A,575377358,575377347,11
5554,462,10,N,575477359,575477347,12
5555,462,11,D,575577361,575577347,14
5556,463,0,F,575677362,575677362,0
5557,463,1,H,575777363,575777362,1
5558,463,2,B,575877364,575877362,2
5559,463,3,U,575977364,575977362,2
5560,463,4,R,576077366,576077362,4
5561,463,5,G,576177367,576177362,5
5562,463,6,E,576277369,576277362,7
5563,463,7,N,576377370,576377362,8
5564,463,8,L,576477372,576477362,10
5565,463,9,A,576577373,576577362,11
5566,463,10,N,576677374,576677362,12
5567,463,11,D,576777375,576777362,13
5568,464,0,F,576877376,576877376,0
5569,464,1,H,576977377,576977376,1
5570,464,2,B,577077378,577077376,2
5571,464,3,U,577177379,577177376,3
5572,464,4,R,577277380,577277376,4
5573,464,5,G,577377380,577377376,4
5574,464,6,E,577477381,577477376,5
5575,464,7,N,577577382,577577376,6
5576,464,8,L,577677384,577677376,8
5577,464,9,A,577777385,577777376,9
5578,464,10,N,577877387,577877376,11
5579,464,11,D,577977387,577977376,11
5580,465,0,F,578077388,578077388,0
5581,465,1,H,578177389,578177388,1
5582,465,2,B,578277391,578277388,3
5583,465,3,U,578377392,578377388,4
5584,465,4,R,578477392,578477388,4
5585,465,5,G,578577393,578577388,5
5586,465,6,E,578677394,578677388,6
5587,465,7,N,578777395,578777388,7
5588,465,8,L,578877396,578877388,8
5589,465,9,A,578977398,578977388,10
5590,465,10,N,579077399,579077388,11
5591,465,11,D,579177400,579177388,12
5592,466,0,F,579277401,579277401,0
5593,466,1,H,579377402,579377401,1
5594,466,2,B,579477403,579477401,2
5595,466,3,U,579577404,579577401,3
5596,466,4,R,579677405,579677401,4
5597,466,5,G,579777406,579777401,5
5598,466,6,E,579877408,579877401,7
5599,466,7,N,579977409,579977401,8
5600,466,8,L,580077409,580077401,8
5601,466,9,A,580177411,580177401,10
5602,466,10,N,580277412,580277401,11
5603,466,11,D,580377413,580377401,12
5604,467,0,F,580477414,580477414,0
5605,467,1,H,580577416,580577414,2
5606,467,2,B,580677417,580677414,3
5607,467,3,U,580777418,580777414,4
5608,467,4,R,580877418,580877414,4
5609,467,5,G,580977418,580977414,4
5610,467,6,E,581077419,581077414,5
5611,467,7,N,581177420,581177414,6
5612,467,8,L,581277421,581277414,7
5613,467,9,A,581377422,581377414,8
5614,467,10,N,581477423,581477414,9
5615,467,11,D,581577424,581577414,10
5616,468,0,F,581677425,581677425,0
5617,468,1,H,581777426,581777425,1
5618,468,2,B,581877426,581877425,1
5619,468,3,U,581977428,581977425,3
5620,468,4,R,582077428,582077425,3
5621,468,5,G,582177429,582177425,4
5622,468,6,E,582277430,582277425,5
5623,468,7,N,582377430,582377425,5
5624,468,8,L,582477431,582477425,6
5625,468,9,A,582577432,582577425,7
5626,468,10,N,582677433,582677425,8
5627,468,11,D,582777434,582777425,9
5628,469,0,F,582877434,582877434,0
5629,469,1,H,582977435,582977434,1
5630,469,2,B,583077437,583077434,3
5631,469,3,U,583177438,583177434,4
5632,469,4,R,583277439,583277434,5
5633,469,5,G,583377440,583377434,6
5634,469,6,E,583477440,583477434,6
5635,469,7,N,583577441,583577434,7
5636,469,8,L,583677442,583677434,8
5637,469,9,A,583777443,583777434,9
5638,469,10,N,583877444,583877434,10
5639,469,11,D,583977444,583977434,10
5640,470,0,F,584077446,584077446,0
5641,470,1,H,584177446,584177446,0
5642,470,2,B,584277448,584277446,2
5643,470,3,U,584377448,584377446,2
5644,470,4,R,584477450,584477446,4
5645,470,5,G,584577451,584577446,5
5646,470,6,E,584677451,584677446,5
5647,470,7,N,584777452,584777446,6
5648,470,8,L,584877453,584877446,7
5649,470,9,A,584977454,584977446,8
5650,470,10,N,585077455,585077446,9
5651,470,11,D,585177457,585177446,11
5652,471,0,F,585277458,585277458,0
5653,471,1,H,585377459,585377458,1
5654,471,2,B,585477460,585477458,2
5655,471,3,U,585577460,585577458,2
5656,471,4,R,585677461,585677458,3
5657,471,5,G,585777462,585777458,4
5658,471,6,E,585877463,585877458,5
5659,471,7,N,585977464,585977458,6
5660,471,8,L,586077465,586077458,7
5661,471,9,A,586177465,586177458,7
5662,471,10,N,586277467,586277458,9
5663,471,11,D,586377469,586377458,11
5664,472,0,F,586477470,586477470,0
5665,472,1,H,586577471,586577470,1
5666,472,2,B,586677472,586677470,2
5667,472,3,U,586777473,586777470,3
5668,472,4,R,586877474,586877470,4
5669,472,5,G,586977475,586977470,5
5670,472,6,E,587077476,587077470,6
5671,472,7,N,587177476,587177470,6
5672,472,8,L,587277477,587277470,7
5673,472,9,A,587377478,587377470,8
5674,472,10,N,587477479,587477470,9
5675,472,11,D,587577481,587577470,11
5676,473,0,F,587677481,587677481,0
5677,473,1,H,587777482,587777481,1
5678,473,2,B,587877483,587877481,2
5679,473,3,U,587977484,587977481,3
5680,473,4,R,588077485,588077481,4
5681,473,5,G,588177486,588177481,5
5682,473,6,E,588277488,588277481,7
5683,473,7,N,588377488,588377481,7
5684,473,8,L,588477489,588477481,8
5685,473,9,A,588577490,588577481,9
5686,473,10,N,588677491,588677481,10
5687,473,11,D,588777491,588777481,10
5688,474,0,F,588877492,588877492,0
5689,474,1,H,588977492,588977492,0
5690,474,2,B,589077493,589077492,1
5691,474,3,U,589177495,589177492,3
5692,474,4,R,589277496,589277492,4
5693,474,5,G,589377496,589377492,4
5694,474,6,E,589477497,589477492,5
5695,474,7,N,589577499,589577492,7
5696,474,8,L,589677501,589677492,9
5697,474,9,A,589777502,589777492,10
5698,474,10,N,589877504,589877492,12
5699,474,11,D,589977505,589977492,13
5700,475,0,F,590077506,590077506,0
5701,475,1,H,590177507,590177506,1
5702,475,2,B,590277508,590277506,2
5703,475,3,U,590377508,590377506,2
5704,475,4,R,590477509,590477506,3
5705,475,5,G,590577510,590577506,4
5706,475,6,E,590677511,590677506,5
5707,475,7,N,590777511,590777506,5
5708,475,8,L,590877511,590877506,5
5709,475,9,A,590977511,590977506,5
5710,475,10,N,591077512,591077506,6
5711,475,11,D,591177513,591177506,7
5712,476,0,F,591277514,591277514,0
5713,476,1,H,591377514,591377514,0
5714,476,2,B,591477516,591477514,2
5715,476,3,U,591577518,591577514,4
5716,476,4,R,591677519,591677514,5
5717,476,5,G,591777519,591777514,5
5718,476,6,E,591877520,591877514,6
5719,476,7,N,591977521,591977514,7
5720,476,8,L,592077522,592077514,8
5721,476,9,A,592177524,592177514,10
5722,476,10,N,592277525,592277514,11
5723,476,11,D,592377526,592377514,12
5724,477,0,F,592477526,592477526,0
5725,477,1,H,592577526,592577526,0
5726,477,2,B,592677527,592677526,1
5727,477,3,U,592777528,592777526,2
5728,477,4,R,592877529,592877526,3
5729,477,5,G,592977529,592977526,3
5730,477,6,E,593077531,593077526,5
5731,477,7,N,593177531,593177526,5
5732,477,8,L,593277532,593277526,6
5733,477,9,A,593377533,593377526,7
5734,477,10,N,593477534,593477526,8
5735,477,11,D,593577535,593577526,9
5736,478,0,F,593677537,593677537,0
5737,478,1,H,593777538,593777537,1
5738,478,2,B,593877540,593877537,3
5739,478,3,U,593977541,593977537,4
5740,478,4,R,594077543,594077537,6
5741,478,5,G,594177544,594177537,7
5742,478,6,E,594277545,594277537,8
5743,478,7,N,594377546,594377537,9
5744,478,8,L,594477547,594477537,10
5745,478,9,A,594577548,594577537,11
5746,478,10,N,594677550,594677537,13
5747,478,11,D,594777550,594777537,13
5748,479,0,F,594877551,594877551,0
5749,479,1,H,594977552,594977551,1
5750,479,2,B,595077553,595077551,2
5751,479,3,U,595177553,595177551,2
5752,479,4,R,595277554,595277551,3
5753,479,5,G,595377556,595377551,5
5754,479,6,E,595477557,595477551,6
5755,479,7,N,595577558,595577551,7
5756,479,8,L,595677558,595677551,7
5757,479,9,A,595777559,595777551,8
5758,479,10,N,595877561,595877551,10
5759,479,11,D,595977562,595977551,11
5760,480,0,F,596077563,596077563,0
5761,480,1,H,596177564,596177563,1
5762,480,2,B,596277565,596277563,2
5763,480,3,U,596377566,596377563,3
5764,480,4,R,596477567,596477563,4
5765,480,5,G,596577568,596577563,5
5766,480,6,E,596677570,596677563,7
5767,480,7,N,596777571,596777563,8
5768,480,8,L,596877572,596877563,9
5769,480,9,A,596977573,596977563,10
5770,480,10,N,597077574,597077563,11
5771,480,11,D,597177574,597177563,11
5772,481,0,F,597277576,597277576,0
5773,481,1,H,597377577,597377576,1
5774,481,2,B,597477579,597477576,3
5775,481,3,U,597577580,597577576,4
5776,481,4,R,597677582,597677576,6
5777,481,5,G,597777584,597777576,8
5778,481,6,E,597877585,597877576,9
5779,481,7,N,597977586,597977576,10
5780,481,8,L,598077587,598077576,11
5781,481,9,A,598177587,598177576,11
5782,481,10,N,598277588,598277576,12
5783,481,11,D,598377590,598377576,14
5784,482,0,F,598477591,598477591,0
5785,482,1,H,598577592,598577591,1
5786,482,2,B,598677592,598677591,1
5787,482,3,U,598777593,598777591,2
5788,482,4,R,598877594,598877591,3
5789,482,5,G,598977594,598977591,3
5790,482,6,E,599077595,599077591,4
5791,482,7,N,599177596,599177591,5
5792,482,8,L,599277597,599277591,6
5793,482,9,A,599377598,599377591,7
5794,482,10,N,599477599,599477591,8
5795,482,11,D,599577600,599577591,9
5796,483,0,F,599677601,599677601,0
5797,483,1,H,599777602,599777601,1
5798,483,2,B,599877603,599877601,2
5799,483,3,U,599977604,599977601,3
5800,483,4,R,600077605,600077601,4
5801,483,5,G,600177607,600177601,6
5802,483,6,E,600277608,600277601,7
5803,483,7,N,600377609,600377601,8
5804,483,8,L,600477609,600477601,8
5805,483,9,A,600577609,600577601,8
5806,483,10,N,600677610,600677601,9
5807,483,11,D,600777611,600777601,10
5808,484,0,F,600877613,600877613,0
5809,484,1,H,600977614,600977613,1
5810,484,2,B,601077615,601077613,2
5811,484,3,U,601177616,601177613,3
5812,484,4,R,601277617,601277613,4
5813,484,5,G,601377618,601377613,5
5814,484,6,E,601477620,601477613,7
5815,484,7,N,601577621,601577613,8
5816,484,8,L,601677621,601677613,8
5817,484,9,A,601777622,601777613,9
5818,484,10,N,601877623,601877613,10
5819,484,11,D,601977624,601977613,11
5820,485,0,F,602077625,602077625,0
5821,485,1,H,602177625,602177625,0
5822,485,2,B,602277626,602277625,1
5823,485,3,U,602377627,602377625,2
5824,485,4,R,602477628,602477625,3
5825,485,5,G,602577629,602577625,4
5826,485,6,E,602677630,602677625,5
5827,485,7,N,602777630,602777625,5
5828,485,8,L,602877631,602877625,6
5829,485,9,A,602977633,602977625,8
5830,485,10,N,603077634,603077625,9
5831,485,11,D,603177635,603177625,10
5832,486,0,F,603277636,603277636,0
5833,486,1,H,603377636,603377636,0
5834,486,2,B,603477636,603477636,0
5835,486,3,U,603577638,603577636,2
5836,486,4,R,603677640,603677636,4
5837,486,5,G,603777640,603777636,4
5838,486,6,E,603877640,603877636,4
5839,486,7,N,603977641,603977636,5
5840,486,8,L,604077643,604077636,7
5841,486,9,A,604177644,604177636,8
5842,486,10,N,604277645,604277636,9
5843,486,11,D,604377645,604377636,9
5844,487,0,F,604477646,604477646,0
5845,487,1,H,604577646,604577646,0
5846,487,2,B,604677647,604677646,1
5847,487,3,U,604777647,604777646,1
5848,487,4,R,604877648,604877646,2
5849,487,5,G,604977649,604977646,3
5850,487,6,E,605077650,605077646,4
5851,487,7,N,605177651,605177646,5
5852,487,8,L,605277653,605277646,7
5853,487,9,A,605377655,605377646,9
5854,487,10,N,605477656,605477646,10
5855,487,11,D,605577656,605577646,10
5856,488,0,F,605677657,605677657,0
5857,488,1,H,605777659,605777657,2
5858,488,2,B,605877659,605877657,2
5859,488,3,U,605977661,605977657,4
5860,488,4,R,606077662,606077657,5
5861,488,5,G,606177664,606177657,7
5862,488,6,E,606277665,606277657,8
5863,488,7,N,606377666,606377657,9
5864,488,8,L,606477667,606477657,10
5865,488,9,A,606577667,606577657,10
5866,488,10,N,606677669,606677657,12
5867,488,11,D,606777669,606777657,12
5868,489,0,F,606877669,606877669,0
5869,489,1,H,606977670,606977669,1
5870,489,2,B,607077670,607077669,1
5871,489,3,U,607177671,607177669,2
5872,489,4,R,607277673,607277669,4
5873,489,5,G,607377674,607377669,5
5874,489,6,E,607477674,607477669,5
5875,489,7,N,607577675,607577669,6
5876,489,8,L,607677676,607677669,7
5877,489,9,A,607777677,607777669,8
5878,489,10,N,607877679,607877669,10
5879,489,11,D,607977681,607977669,12
5880,490,0,F,608077683,608077683,0
5881,490,1,H,608177683,608177683,0
5882,490,2,B,608277684,608277683,1
5883,490,3,U,608377685,608377683,2
5884,490,4,R,608477686,608477683,3
5885,490,5,G,608577687,608577683,4
5886,490,6,E,608677688,608677683,5
5887,490,7,N,608777689,608777683,6
5888,490,8,L,608877691,608877683,8
5889,490,9,A,608977692,608977683,9
5890,490,10,N,609077693,609077683,10
5891,490,11,D,609177693,609177683,10
5892,491,0,F,609277695,609277695,0
5893,491,1,H,609377696,609377695,1
5894,491,2,B,609477696,609477695,1
5895,491,3,U,609577697,609577695,2
5896,491,4,R,609677698,609677695,3
5897,491,5,G,609777699,609777695,4
5898,491,6,E,609877699,609877695,4
5899,491,7,N,609977701,609977695,6
5900,491,8,L,610077702,610077695,7
5901,491,9,A,610177704,610177695,9
5902,491,10,N,610277704,610277695,9
5903,491,11,D,610377705,610377695,10
5904,492,0,F,610477705,610477705,0
5905,492,1,H,610577706,610577705,1
5906,492,2,B,610677707,610677705,2
5907,492,3,U,610777708,610777705,3
5908,492,4,R,610877708,610877705,3
5909,492,5,G,610977709,610977705,4
5910,492,6,E,611077710,611077705,5
5911,492,7,N,611177711,611177705,6
5912,492,8,L,611277712,611277705,7
5913,492,9,A,611377713,611377705,8
5914,492,10,N,611477714,611477705,9
5915,492,11,D,611577716,611577705,11
5916,493,0,F,611677717,611677717,0
5917,493,1,H,611777718,611777717,1
5918,493,2,B,611877718,611877717,1
5919,493,3,U,611977719,611977717,2
5920,493,4,R,612077720,612077717,3
5921,493,5,G,612177721,612177717,4
5922,493,6,E,612277722,612277717,5
5923,493,7,N,612377723,612377717,6
5924,493,8,L,612477723,612477717,6
5925,493,9,A,612577724,612577717,7
5926,493,10,N,612677725,612677717,8
5927,493,11,D,612777727,612777717,10
5928,494,0,F,612877728,612877728,0
5929,494,1,H,612977729,612977728,1
5930,494,2,B,613077730,613077728,2
5931,494,3,U,613177731,613177728,3
5932,494,4,R,613277732,613277728,4
5933,494,5,G,613377733,613377728,5
5934,494,6,E,613477734,613477728,6
5935,494,7,N,613577735,613577728,7
5936,494,8,L,613677736,613677728,8
5937,494,9,A,613777737,613777728,9
5938,494,10,N,613877737,613877728,9
5939,494,11,D,613977738,613977728,10
5940,495,0,F,614077740,614077740,0
5941,495,1,H,614177741,614177740,1
5942,495,2,B,614277743,614277740,3
5943,495,3,U,614377744,614377740,4
5944,495,4,R,614477745,614477740,5
5945,495,5,G,614577747,614577740,7
5946,495,6,E,614677748,614677740,8
5947,495,7,N,614777750,614777740,10
5948,495,8,L,614877751,614877740,11
5949,495,9,A,614977752,614977740,12
5950,495,10,N,615077753,615077740,13
5951,495,11,D,615177753,615177740,13
5952,496,0,F,615277755,615277755,0
5953,496,1,H,615377756,615377755,1
5954,496,2,B,615477757,615477755,2
5955,496,3,U,615577758,615577755,3
5956,496,4,R,615677759,615677755,4
5957,496,5,G,615777759,615777755,4
5958,496,6,E,615877761,615877755,6
5959,496,7,N,615977762,615977755,7
5960,496,8,L,616077763,616077755,8
5961,496,9,A,616177764,616177755,9
5962,496,10,N,616277766,616277755,11
5963,496,11,D,616377767,616377755,12
5964,497,0,F,616477768,616477768,0
5965,497,1,H,616577768,616577768,0
5966,497,2,B,616677769,616677768,1
5967,497,3,U,616777769,616777768,1
5968,497,4,R,616877771,616877768,3
5969,497,5,G,616977773,616977768,5
5970,497,6,E,617077774,617077768,6
5971,497,7,N,617177775,617177768,7
5972,497,8,L,617277777,617277768,9
5973,497,9,A,617377778,617377768,10
5974,497,10,N,617477779,617477768,11
5975,497,11,D,617577781,617577768,13
5976,498,0,F,617677782,617677782,0
5977,498,1,H,617777783,617777782,1
5978,498,2,B,617877783,617877782,1
5979,498,3,U,617977784,617977782,2
5980,498,4,R,618077784,618077782,2
5981,498,5,G,618177785,618177782,3
5982,498,6,E,618277786,618277782,4
5983,498,7,N,618377787,618377782,5
5984,498,8,L,618477787,618477782,5
5985,498,9,A,618577787,618577782,5
5986,498,10,N,618677788,618677782,6
5987,498,11,D,618777789,618777782,7
5988,499,0,F,618877790,618877790,0
5989,499,1,H,618977791,618977790,1
5990,499,2,B,619077793,619077790,3
5991,499,3,U,619177794,619177790,4
5992,499,4,R,619277795,619277790,5
5993,499,5,G,619377797,619377790,7
5994,499,6,E,619477799,619477790,9
5995,499,7,N,619577800,619577790,10
5996,499,8,L,619677801,619677790,11
5997,499,9,A,619777802,619777790,12
5998,499,10,N,619877802,619877790,12
5999,499,11,D,619977803,619977790,13
6000,500,0,F,620077804,620077804,0
6001,500,1,H,620177805,620177804,1
6002,500,2,B,620277807,620277804,3
6003,500,3,U,620377808,620377804,4
6004,500,4,R,620477809,620477804,5
6005,500,5,G,620577810,620577804,6
6006,500,6,E,620677811,620677804,7
6007,500,7,N,620777813,620777804,9
6008,500,8,L,620877814,620877804,10
6009,500,9,A,620977815,620977804,11
6010,500,10,N,621077816,621077804,12
6011,500,11,D,621177817,621177804,13
6012,501,0,F,621277818,621277818,0
6013,501,1,H,621377818,621377818,0
6014,501,2,B,621477819,621477818,1
6015,501,3,U,621577819,621577818,1
6016,501,4,R,621677821,621677818,3
6017,501,5,G,621777822,621777818,4
6018,501,6,E,621877824,621877818,6
6019,501,7,N,621977825,621977818,7
6020,501,8,L,622077826,622077818,8
6021,501,9,A,622177827,622177818,9
6022,501,10,N,622277828,622277818,10
6023,501,11,D,622377829,622377818,11
6024,502,0,F,622477829,622477829,0
6025,502,1,H,622577831,622577829,2
6026,502,2,B,622677831,622677829,2
6027,502,3,U,622777832,622777829,3
6028,502,4,R,622877832,622877829,3
6029,502,5,G,622977833,622977829,4
6030,502,6,E,623077834,623077829,5
6031,502,7,N,623177835,623177829,6
6032,502,8,L,623277836,623277829,7
6033,502,9,A,623377838,623377829,9
6034,502,10,N,623477840,623477829,11
6035,502,11,D,623577841,623577829,12
6036,503,0,F,623677842,623677842,0
6037,503,1,H,623777844,623777842,2
6038,503,2,B,623877844,623877842,2
6039,503,3,U,623977846,623977842,4
6040,503,4,R,624077847,624077842,5
6041,503,5,G,624177848,624177842,6
6042,503,6,E,624277850,624277842,8
6043,503,7,N,624377852,624377842,10
6044,503,8,L,624477854,624477842,12
6045,503,9,A,624577854,624577842,12
6046,503,10,N,624677855,624677842,13
6047,503,11,D,624777857,624777842,15
6048,504,0,F,624877858,624877858,0
6049,504,1,H,624977858,624977858,0
6050,504,2,B,625077858,625077858,0
6051,504,3,U,625177860,625177858,2
6052,504,4,R,625277862,625277858,4
6053,504,5,G,625377864,625377858,6
6054,504,6,E,625477865,625477858,7
6055,504,7,N,625577866,625577858,8
6056,504,8,L,625677866,625677858,8
6057,504,9,A,625777867,625777858,9
6058,504,10,N,625877868,625877858,10
6059,504,11,D,625977869,625977858,11
6060,505,0,F,626077870,626077870,0
6061,505,1,H,626177871,626177870,1
6062,505,2,B,626277872,626277870,2
6063,505,3,U,626377873,626377870,3
6064,505,4,R,626477874,626477870,4
6065,505,5,G,626577874,626577870,4
6066,505,6,E,626677875,626677870,5
6067,505,7,N,626777876,626777870,6
6068,505,8,L,626877877,626877870,7
6069,505,9,A,626977879,626977870,9
6070,505,10,N,627077879,627077870,9
6071,505,11,D,627177879,627177870,9
6072,506,0,F,627277880,627277880,0
6073,506,1,H,627377881,627377880,1
6074,506,2,B,627477882,627477880,2
6075,506,3,U,627577883,627577880,3
6076,506,4,R,627677884,627677880,4
6077,506,5,G,627777885,627777880,5
6078,506,6,E,627877886,627877880,6
6079,506,7,N,627977887,627977880,7
6080,506,8,L,628077888,628077880,8
6081,506,9,A,628177889,628177880,9
6082,506,10,N,628277890,628277880,10
6083,506,11,D,628377890,628377880,10
6084,507,0,F,628477891,628477891,0
6085,507,1,H,628577892,628577891,1
6086,507,2,B,628677893,628677891,2
6087,507,3,U,628777894,628777891,3
6088,507,4,R,628877895,628877891,4
6089,507,5,G,628977896,628977891,5
6090,507,6,E,629077898,629077891,7
6091,507,7,N,629177899,629177891,8
6092,507,8,L,629277900,629277891,9
6093,507,9,A,629377901,629377891,10
6094,507,10,N,629477902,629477891,11
6095,507,11,D,629577903,629577891,12
6096,508,0,F,629677904,629677904,0
6097,508,1,H,629777905,629777904,1
6098,508,2,B,629877906,629877904,2
6099,508,3,U,629977908,629977904,4
6100,508,4,R,630077909,630077904,5
6101,508,5,G,630177909,630177904,5
6102,508,6,E,630277911,630277904,7
6103,508,7,N,630377912,630377904,8
6104,508,8,L,630477914,630477904,10
6105,508,9,A,630577915,630577904,11
6106,508,10,N,630677916,630677904,12
6107,508,11,D,630777916,630777904,12
6108,509,0,F,630877917,630877917,0
6109,509,1,H,630977918,630977917,1
6110,509,2,B,631077920,631077917,3
6111,509,3,U,631177921,631177917,4
6112,509,4,R,631277923,631277917,6
6113,509,5,G,631377924,631377917,7
6114,509,6,E,631477925,631477917,8
6115,509,7,N,631577926,631577917,9
6116,509,8,L,631677927,631677917,10
6117,509,9,A,631777927,631777917,10
6118,509,10,N,631877928,631877917,11
6119,509,11,D,631977929,631977917,12
6120,510,0,F,632077930,632077930,0
6121,510,1,H,632177930,632177930,0
6122,510,2,B,632277932,632277930,2
6123,510,3,U,632377933,632377930,3
6124,510,4,R,632477934,632477930,4
6125,510,5,G,632577934,632577930,4
6126,510,6,E,632677935,632677930,5
6127,510,7,N,632777936,632777930,6
6128,510,8,L,632877937,632877930,7
6129,510,9,A,632977938,632977930,8
6130,510,10,N,633077938,633077930,8
6131,510,11,D,633177939,633177930,9
6132,511,0,F,633277940,633277940,0
6133,511,1,H,633377941,633377940,1
6134,511,2,B,633477942,633477940,2
6135,511,3,U,633577944,633577940,4
6136,511,4,R,633677945,633677940,5
6137,511,5,G,633777945,633777940,5
6138,511,6,E,633877946,633877940,6
6139,511,7,N,633977947,633977940,7
6140,511,8,L,634077947,634077940,7
6141,511,9,A,634177948,634177940,8
6142,511,10,N,634277950,634277940,10
6143,511,11,D,634377950,634377940,10
6144,512,0,F,634477952,634477952,0
6145,512,1,H,634577953,634577952,1
6146,512,2,B,634677954,634677952,2
6147,512,3,U,634777955,634777952,3
6148,512,4,R,634877957,634877952,5
6149,512,5,G,634977958,634977952,6
6150,512,6,E,635077959,635077952,7
6151,512,7,N,635177959,635177952,7
6152,512,8,L,635277960,635277952,8
6153,512,9,A,635377961,635377952,9
6154,512,10,N,635477962,635477952,10
6155,512,11,D,635577962,635577952,10
6156,513,0,F,635677963,635677963,0
6157,513,1,H,635777964,635777963,1
6158,513,2,B,635877964,635877963,1
6159,513,3,U,635977966,635977963,3
6160,513,4,R,636077967,636077963,4
6161,513,5,G,636177968,636177963,5
6162,513,6,E,636277969,636277963,6
6163,513,7,N,636377970,636377963,7
6164,513,8,L,636477972,636477963,9
6165,513,9,A,636577973,636577963,10
6166,513,10,N,636677974,636677963,11
6167,513,11,D,636777975,636777963,12
6168,514,0,F,636877975,636877975,0
6169,514,1,H,636977976,636977975,1
6170,514,2,B,637077977,637077975,2
6171,514,3,U,637177978,637177975,3
6172,514,4,R,637277979,637277975,4
6173,514,5,G,637377980,637377975,5
6174,514,6,E,637477982,637477975,7
6175,514,7,N,637577983,637577975,8
6176,514,8,L,637677984,637677975,9
6177,514,9,A,637777985,637777975,10
6178,514,10,N,637877986,637877975,11
6179,514,11,D,637977987,637977975,12
6180,515,0,F,638077988,638077988,0
6181,515,1,H,638177989,638177988,1
6182,515,2,B,638277990,638277988,2
6183,515,3,U,638377990,638377988,2
6184,515,4,R,638477991,638477988,3
6185,515,5,G,638577991,638577988,3
6186,515,6,E,638677993,638677988,5
6187,515,7,N,638777994,638777988,6
6188,515,8,L,638877994,638877988,6
6189,515,9,A,638977995,638977988,7
6190,515,10,N,639077996,639077988,8
6191,515,11,D,639177997,639177988,9
6192,516,0,F,639277999,639277999,0
6193,516,1,H,639378000,639377999,1
6194,516,2,B,639478001,639477999,2
6195,516,3,U,639578001,639577999,2
6196,516,4,R,639678002,639677999,3
6197,516,5,G,639778003,639777999,4
6198,516,6,E,639878004,639877999,5
6199,516,7,N,639978004,639977999,5
6200,516,8,L,640078005,640077999,6
6201,516,9,A,640178005,640177999,6
6202,516,10,N,640278007,640277999,8
6203,516,11,D,640378008,640377999,9
6204,517,0,F,640478009,640478009,0
6205,517,1,H,640578011,640578009,2
6206,517,2,B,640678012,640678009,3
6207,517,3,U,640778013,640778009,4
6208,517,4,R,640878014,640878009,5
6209,517,5,G,640978015,640978009,6
6210,517,6,E,641078016,641078009,7
6211,517,7,N,641178017,641178009,8
6212,517,8,L,641278018,641278009,9
6213,517,9,A,641378019,641378009,10
6214,517,10,N,641478020,641478009,11
6215,517,11,D,641578022,641578009,13
6216,518,0,F,641678024,641678024,0
6217,518,1,H,641778025,641778024,1
6218,518,2,B,641878026,641878024,2
6219,518,3,U,641978027,641978024,3
6220,518,4,R,642078027,642078024,3
6221,518,5,G,642178028,642178024,4
6222,518,6,E,642278029,642278024,5
6223,518,7,N,642378030,642378024,6
6224,518,8,L,642478031,642478024,7
6225,518,9,A,642578033,642578024,9
6226,518,10,N,642678033,642678024,9
6227,518,11,D,642778033,642778024,9
6228,519,0,F,642878033,642878033,0
6229,519,1,H,642978033,642978033,0
6230,519,2,B,643078034,643078033,1
6231,519,3,U,643178035,643178033,2
6232,519,4,R,643278036,643278033,3
6233,519,5,G,643378037,643378033,4
6234,519,6,E,643478038,643478033,5
6235,519,7,N,643578040,643578033,7
6236,519,8,L,643678041,643678033,8
6237,519,9,A,643778042,643778033,9
6238,519,10,N,643878043,643878033,10
6239,519,11,D,643978044,643978033,11
6240,520,0,F,644078045,644078045,0
6241,520,1,H,644178046,644178045,1
6242,520,2,B,644278048,644278045,3
6243,520,3,U,644378048,644378045,3
6244,520,4,R,644478049,644478045,4
6245,520,5,G,644578050,644578045,5
6246,520,6,E,644678051,644678045,6
6247,520,7,N,644778052,644778045,7
6248,520,8,L,644878052,644878045,7
6249,520,9,A,644978053,644978045,8
6250,520,10,N,645078055,645078045,10
6251,520,11,D,645178056,645178045,11
6252,521,0,F,645278058,645278058,0
6253,521,1,H,645378060,645378058,2
6254,521,2,B,645478060,645478058,2
6255,521,3,U,645578061,645578058,3
6256,521,4,R,645678062,645678058,4
6257,521,5,G,645778064,645778058,6
6258,521,6,E,645878065,645878058,7
6259,521,7,N,645978066,645978058,8
6260,521,8,L,646078067,646078058,9
6261,521,9,A,646178067,646178058,9
6262,521,10,N,646278068,646278058,10
6263,521,11,D,646378069,646378058,11
6264,522,0,F,646478069,646478069,0
6265,522,1,H,646578070,646578069,1
6266,522,2,B,646678070,646678069,1
6267,522,3,U,646778070,646778069,1
6268,522,4,R,646878072,646878069,3
6269,522,5,G,646978072,646978069,3
6270,522,6,E,647078073,647078069,4
6271,522,7,N,647178074,647178069,5
6272,522,8,L,647278075,647278069,6
6273,522,9,A,647378075,647378069,6
6274,522,10,N,647478076,647478069,7
6275,522,11,D,647578077,647578069,8
6276,523,0,F,647678078,647678078,0
6277,523,1,H,647778078,647778078,0
6278,523,2,B,647878078,647878078,0
6279,523,3,U,647978079,647978078,1
6280,523,4,R,648078079,648078078,1
6281,523,5,G,648178080,648178078,2
6282,523,6,E,648278081,648278078,3
6283,523,7,N,648378082,648378078,4
6284,523,8,L,648478083,648478078,5
6285,523,9,A,648578085,648578078,7
6286,523,10,N,648678086,648678078,8
6287,523,11,D,648778087,648778078,9
6288,524,0,F,648878088,648878088,0
6289,524,1,H,648978088,648978088,0
6290,524,2,B,649078089,649078088,1
6291,524,3,U,649178090,649178088,2
6292,524,4,R,649278091,649278088,3
6293,524,5,G,649378093,649378088,5
6294,524,6,E,649478094,649478088,6
6295,524,7,N,649578095,649578088,7
6296,524,8,L,649678097,649678088,9
6297,524,9,A,649778099,649778088,11
6298,524,10,N,649878100,649878088,12
6299,524,11,D,649978101,649978088,13
6300,525,0,F,650078102,650078102,0
6301,525,1,H,650178103,650178102,1
6302,525,2,B,650278105,650278102,3
6303,525,3,U,650378106,650378102,4
6304,525,4,R,650478107,650478102,5
6305,525,5,G,650578108,650578102,6
6306,525,6,E,650678110,650678102,8
6307,525,7,N,650778110,650778102,8
6308,525,8,L,650878111,650878102,9
6309,525,9,A,650978111,650978102,9
6310,525,10,N,651078112,651078102,10
6311,525,11,D,651178113,651178102,11
6312,526,0,F,651278114,651278114,0
6313,526,1,H,651378115,651378114,1
6314,526,2,B,651478116,651478114,2
6315,526,3,U,651578117,651578114,3
6316,526,4,R,651678118,651678114,4
6317,526,5,G,651778119,651778114,5
6318,526,6,E,651878120,651878114,6
6319,526,7,N,651978120,651978114,6
6320,526,8,L,652078121,652078114,7
6321,526,9,A,652178122,652178114,8
6322,526,10,N,652278123,652278114,9
6323,526,11,D,652378124,652378114,10
6324,527,0,F,652478125,652478125,0
6325,527,1,H,652578127,652578125,2
6326,527,2,B,652678128,652678125,3
6327,527,3,U,652778129,652778125,4
6328,527,4,R,652878130,652878125,5
6329,527,5,G,652978131,652978125,6
6330,527,6,E,653078132,653078125,7
6331,527,7,N,653178133,653178125,8
6332,527,8,L,653278135,653278125,10
6333,527,9,A,653378136,653378125,11
6334,527,10,N,653478136,653478125,11
6335,527,11,D,653578137,653578125,12
6336,528,0,F,653678138,653678138,0
6337,528,1,H,653778140,653778138,2
6338,528,2,B,653878142,653878138,4
6339,528,3,U,653978143,653978138,5
6340,528,4,R,654078143,654078138,5
6341,528,5,G,654178144,654178138,6
6342,528,6,E,654278145,654278138,7
6343,528,7,N,654378146,654378138,8
6344,528,8,L,654478147,654478138,9
6345,528,9,A,654578147,654578138,9
6346,528,10,N,654678148,654678138,10
6347,528,11,D,654778150,654778138,12
6348,529,0,F,654878150,654878150,0
6349,529,1,H,654978152,654978150,2
6350,529,2,B,655078153,655078150,3
6351,529,3,U,655178155,655178150,5
6352,529,4,R,655278157,655278150,7
6353,529,5,G,655378158,655378150,8
6354,529,6,E,655478160,655478150,10
6355,529,7,N,655578161,655578150,11
6356,529,8,L,655678161,655678150,11
6357,529,9,A,655778163,655778150,13
6358,529,10,N,655878164,655878150,14
6359,529,11,D,655978165,655978150,15
6360,530,0,F,656078166,656078166,0
6361,530,1,H,656178167,656178166,1
6362,530,2,B,656278169,656278166,3
6363,530,3,U,656378171,656378166,5
6364,530,4,R,656478172,656478166,6
6365,530,5,G,656578173,656578166,7
6366,530,6,E,656678173,656678166,7
6367,530,7,N,656778173,656778166,7
6368,530,8,L,656878174,656878166,8
6369,530,9,A,656978174,656978166,8
6370,530,10,N,657078175,657078166,9
6371,530,11,D,657178176,657178166,10
6372,531,0,F,657278177,657278177,0
6373,531,1,H,657378178,657378177,1
6374,531,2,B,657478179,657478177,2
6375,531,3,U,657578180,657578177,3
6376,531,4,R,657678182,657678177,5
6377,531,5,G,657778183,657778177,6
6378,531,6,E,657878184,657878177,7
6379,531,7,N,657978185,657978177,8
6380,531,8,L,658078186,658078177,9
6381,531,9,A,658178186,658178177,9
6382,531,10,N,658278187,658278177,10
6383,531,11,D,658378188,658378177,11
6384,532,0,F,658478189,658478189,0
6385,532,1,H,658578191,658578189,2
6386,532,2,B,658678192,658678189,3
6387,532,3,U,658778192,658778189,3
6388,532,4,R,658878194,658878189,5
6389,532,5,G,658978194,658978189,5
6390,532,6,E,659078195,659078189,6
6391,532,7,N,659178196,659178189,7
6392,532,8,L,659278197,659278189,8
6393,532,9,A,659378198,659378189,9
6394,532,10,N,659478199,659478189,10
6395,532,11,D,659578199,659578189,10
6396,533,0,F,659678200,659678200,0
6397,533,1,H,659778201,659778200,1
6398,533,2,B,659878202,659878200,2
6399,533,3,U,659978203,659978200,3
6400,533,4,R,660078204,660078200,4
6401,533,5,G,660178205,660178200,5
6402,533,6,E,660278206,660278200,6
6403,533,7,N,660378207,660378200,7
6404,533,8,L,660478208,660478200,8
6405,533,9,A,660578209,660578200,9
6406,533,10,N,660678209,660678200,9
6407,533,11,D,660778209,660778200,9
6408,534,0,F,660878209,660878209,0
6409,534,1,H,660978209,660978209,0
6410,534,2,B,661078211,661078209,2
6411,534,3,U,661178212,661178209,3
6412,534,4,R,661278214,661278209,5
6413,534,5,G,661378215,661378209,6
6414,534,6,E,661478216,661478209,7
6415,534,7,N,661578217,661578209,8
6416,534,8,L,661678218,661678209,9
6417,534,9,A,661778219,661778209,10
6418,534,10,N,661878219,661878209,10
6419,534,11,D,661978219,661978209,10
6420,535,0,F,662078221,662078221,0
6421,535,1,H,662178221,662178221,0
6422,535,2,B,662278222,662278221,1
6423,535,3,U,662378223,662378221,2
6424,535,4,R,662478224,662478221,3
6425,535,5,G,662578225,662578221,4
6426,535,6,E,662678226,662678221,5
6427,535,7,N,662778227,662778221,6
6428,535,8,L,662878228,662878221,7
6429,535,9,A,662978229,662978221,8
6430,535,10,N,663078230,663078221,9
6431,535,11,D,663178231,663178221,10
6432,536,0,F,663278232,663278232,0
6433,536,1,H,663378234,663378232,2
6434,536,2,B,663478234,663478232,2
6435,536,3,U,663578235,663578232,3
6436,536,4,R,663678236,663678232,4
6437,536,5,G,663778237,663778232,5
6438,536,6,E,663878238,663878232,6
6439,536,7,N,663978240,663978232,8
6440,536,8,L,664078241,664078232,9
6441,536,9,A,664178242,664178232,10
6442,536,10,N,664278244,664278232,12
6443,536,11,D,664378245,664378232,13
6444,537,0,F,664478246,664478246,0
6445,537,1,H,664578247,664578246,1
6446,537,2,B,664678248,664678246,2
6447,537,3,U,664778249,664778246,3
6448,537,4,R,664878250,664878246,4
6449,537,5,G,664978250,664978246,4
6450,537,6,E,665078251,665078246,5
6451,537,7,N,665178252,665178246,6
6452,537,8,L,665278253,665278246,7
6453,537,9,A,665378253,665378246,7
6454,537,10,N,665478254,665478246,8
6455,537,11,D,665578255,665578246,9
6456,538,0,F,665678255,665678255,0
6457,538,1,H,665778257,665778255,2
6458,538,2,B,665878258,665878255,3
6459,538,3,U,665978259,665978255,4
6460,538,4,R,666078260,666078255,5
6461,538,5,G,666178261,666178255,6
6462,538,6,E,666278261,666278255,6
6463,538,7,N,666378261,666378255,6
6464,538,8,L,666478262,666478255,7
6465,538,9,A,666578263,666578255,8
6466,538,10,N,666678264,666678255,9
6467,538,11,D,666778266,666778255,11
6468,539,0,F,666878267,666878267,0
6469,539,1,H,666978268,666978267,1
6470,539,2,B,667078269,667078267,2
6471,539,3,U,667178269,667178267,2
6472,539,4,R,667278270,667278267,3
6473,539,5,G,667378270,667378267,3
6474,539,6,E,667478271,667478267,4
6475,539,7,N,667578273,667578267,6
6476,539,8,L,667678274,667678267,7
6477,539,9,A,667778275,667778267,8
6478,539,10,N,667878277,667878267,10
6479,539,11,D,667978278,667978267,11
6480,540,0,F,668078278,668078278,0
6481,540,1,H,668178280,668178278,2
6482,540,2,B,668278281,668278278,3
6483,540,3,U,668378282,668378278,4
6484,540,4,R,668478282,668478278,4
6485,540,5,G,668578282,668578278,4
6486,540,6,E,668678284,668678278,6
6487,540,7,N,668778284,668778278,6
6488,540,8,L,668878285,668878278,7
6489,540,9,A,668978286,668978278,8
6490,540,10,N,669078287,669078278,9
6491,540,11,D,669178287,669178278,9
6492,541,0,F,669278288,669278288,0
6493,541,1,H,669378289,669378288,1
6494,541,2,B,669478290,669478288,2
6495,541,3,U,669578291,669578288,3
6496,541,4,R,669678293,669678288,5
6497,541,5,G,669778294,669778288,6
6498,541,6,E,669878295,669878288,7
6499,541,7,N,669978295,669978288,7
6500,541,8,L,670078296,670078288,8
6501,541,9,A,670178297,670178288,9
6502,541,10,N,670278298,670278288,10
6503,541,11,D,670378298,670378288,10
6504,542,0,F,670478300,670478300,0
6505,542,1,H,670578302,670578300,2
6506,542,2,B,670678303,670678300,3
6507,542,3,U,670778304,670778300,4
6508,542,4,R,670878305,670878300,5
6509,542,5,G,670978306,670978300,6
6510,542,6,E,671078307,671078300,7
6511,542,7,N,671178308,671178300,8
6512,542,8,L,671278310,671278300,10
6513,542,9,A,671378311,671378300,11
6514,542,10,N,671478313,671478300,13
6515,542,11,D,671578313,671578300,13
6516,543,0,F,671678315,671678315,0
6517,543,1,H,671778316,671778315,1
6518,543,2,B,671878317,671878315,2
6519,543,3,U,671978317,671978315,2
6520,543,4,R,672078318,672078315,3
6521,543,5,G,672178319,672178315,4
6522,543,6,E,672278320,672278315,5
6523,543,7,N,672378321,672378315,6
6524,543,8,L,672478322,672478315,7
6525,543,9,A,672578322,672578315,7
6526,543,10,N,672678323,672678315,8
6527,543,11,D,672778324,672778315,9
6528,544,0,F,672878325,672878325,0
6529,544,1,H,672978326,672978325,1
6530,544,2,B,673078326,673078325,1
6531,544,3,U,673178328,673178325,3
6532,544,4,R,673278329,673278325,4
6533,544,5,G,673378330,673378325,5
6534,544,6,E,673478332,673478325,7
6535,544,7,N,673578333,673578325,8
6536,544,8,L,673678333,673678325,8
6537,544,9,A,673778334,673778325,9
6538,544,10,N,673878335,673878325,10
6539,544,11,D,673978335,673978325,10
6540,545,0,F,674078336,674078336,0
6541,545,1,H,674178336,674178336,0
6542,545,2,B,674278337,674278336,1
6543,545,3,U,674378337,674378336,1
6544,545,4,R,674478339,674478336,3
6545,545,5,G,674578340,674578336,4
6546,545,6,E,674678341,674678336,5
6547,545,7,N,674778341,674778336,5
6548,545,8,L,674878343,674878336,7
6549,545,9,A,674978345,674978336,9
6550,545,10,N,675078346,675078336,10
6551,545,11,D,675178347,675178336,11
6552,546,0,F,675278348,675278348,0
6553,546,1,H,675378350,675378348,2
6554,546,2,B,675478351,675478348,3
6555,546,3,U,675578352,675578348,4
6556,546,4,R,675678352,675678348,4
6557,546,5,G,675778353,675778348,5
6558,546,6,E,675878354,675878348,6
6559,546,7,N,675978355,675978348,7
6560,546,8,L,676078355,676078348,7
6561,546,9,A,676178355,676178348,7
6562,546,10,N,676278356,676278348,8
6563,546,11,D,676378358,676378348,10
6564,547,0,F,676478359,676478359,0
6565,547,1,H,676578360,676578359,1
6566,547,2,B,676678361,676678359,2
6567,547,3,U,676778362,676778359,3
6568,547,4,R,676878364,676878359,5
6569,547,5,G,676978365,676978359,6
6570,547,6,E,677078366,677078359,7
6571,547,7,N,677178367,677178359,8
6572,547,8,L,677278368,677278359,9
6573,547,9,A,677378369,677378359,10
6574,547,10,N,677478370,677478359,11
6575,547,11,D,677578372,677578359,13
6576,548,0,F,677678372,677678372,0
6577,548,1,H,677778373,677778372,1
6578,548,2,B,677878374,677878372,2
6579,548,3,U,677978375,677978372,3
6580,548,4,R,678078376,678078372,4
6581,548,5,G,678178377,678178372,5
6582,548,6,E,678278379,678278372,7
6583,548,7,N,678378380,678378372,8
6584,548,8,L,678478381,678478372,9
6585,548,9,A,678578382,678578372,10
6586,548,10,N,678678383,678678372,11
6587,548,11,D,678778383,678778372,11
6588,549,0,F,678878384,678878384,0
6589,549,1,H,678978384,678978384,0
6590,549,2,B,679078386,679078384,2
6591,549,3,U,679178387,679178384,3
6592,549,4,R,679278389,679278384,5
6593,549,5,G,679378391,679378384,7
6594,549,6,E,679478392,679478384,8
6595,549,7,N,679578392,679578384,8
6596,549,8,L,679678392,679678384,8
6597,549,9,A,679778393,679778384,9
6598,549,10,N,679878394,679878384,10
6599,549,11,D,679978395,679978384,11
6600,550,0,F,680078395,680078395,0
6601,550,1,H,680178396,680178395,1
6602,550,2,B,680278397,680278395,2
6603,550,3,U,680378397,680378395,2
6604,550,4,R,680478398,680478395,3
6605,550,5,G,680578398,680578395,3
6606,550,6,E,680678398,680678395,3
6607,550,7,N,680778400,680778395,5
6608,550,8,L,680878401,680878395,6
6609,550,9,A,680978402,680978395,7
6610,550,10,N,681078403,681078395,8
6611,550,11,D,681178404,681178395,9
6612,551,0,F,681278406,681278406,0
6613,551,1,H,681378407,681378406,1
6614,551,2,B,681478407,681478406,1
6615,551,3,U,681578408,681578406,2
6616,551,4,R,681678409,681678406,3
6617,551,5,G,681778410,681778406,4
6618,551,6,E,681878411,681878406,5
6619,551,7,N,681978412,681978406,6
6620,551,8,L,682078412,682078406,6
6621,551,9,A,682178413,682178406,7
6622,551,10,N,682278415,682278406,9
6623,551,11,D,682378416,682378406,10
6624,552,0,F,682478417,682478417,0
6625,552,1,H,682578418,682578417,1
6626,552,2,B,682678420,682678417,3
6627,552,3,U,682778421,682778417,4
6628,552,4,R,682878422,682878417,5
6629,552,5,G,682978423,682978417,6
6630,552,6,E,683078424,683078417,7
6631,552,7,N,683178424,683178417,7
6632,552,8,L,683278425,683278417,8
6633,552,9,A,683378426,683378417,9
6634,552,10,N,683478426,683478417,9
6635,552,11,D,683578427,683578417,10
6636,553,0,F,683678428,683678428,0
6637,553,1,H,683778429,683778428,1
6638,553,2,B,683878430,683878428,2
6639,553,3,U,683978431,683978428,3
6640,553,4,R,684078432,684078428,4
6641,553,5,G,684178434,684178428,6
6642,553,6,E,684278436,684278428,8
6643,553,7,N,684378437,684378428,9
6644,553,8,L,684478439,684478428,11
6645,553,9,A,684578441,684578428,13
6646,553,10,N,684678442,684678428,14
6647,553,11,D,684778443,684778428,15
6648,554,0,F,684878444,684878444,0
6649,554,1,H,684978445,684978444,1
6650,554,2,B,685078446,685078444,2
6651,554,3,U,685178447,685178444,3
6652,554,4,R,685278448,685278444,4
6653,554,5,G,685378448,685378444,4
6654,554,6,E,685478449,685478444,5
6655,554,7,N,685578450,685578444,6
6656,554,8,L,685678451,685678444,7
6657,554,9,A,685778451,685778444,7
6658,554,10,N,685878453,685878444,9
6659,554,11,D,685978453,685978444,9
6660,555,0,F,686078455,686078455,0
6661,555,1,H,686178456,686178455,1
6662,555,2,B,686278457,686278455,2
6663,555,3,U,686378458,686378455,3
6664,555,4,R,686478460,686478455,5
6665,555,5,G,686578461,686578455,6
6666,555,6,E,686678462,686678455,7
6667,555,7,N,686778463,686778455,8
6668,555,8,L,686878464,686878455,9
6669,555,9,A,686978466,686978455,11
6670,555,10,N,687078467,687078455,12
6671,555,11,D,687178469,687178455,14
6672,556,0,F,687278470,687278470,0
6673,556,1,H,687378471,687378470,1
6674,556,2,B,687478472,687478470,2
6675,556,3,U,687578472,687578470,2
6676,556,4,R,687678473,687678470,3
6677,556,5,G,687778474,687778470,4
6678,556,6,E,687878474,687878470,4
6679,556,7,N,687978475,687978470,5
6680,556,8,L,688078475,688078470,5
6681,556,9,A,688178476,688178470,6
6682,556,10,N,688278477,688278470,7
6683,556,11,D,688378478,688378470,8
6684,557,0,F,688478479,688478479,0
6685,557,1,H,688578480,688578479,1
6686,557,2,B,688678481,688678479,2
6687,557,3,U,688778482,688778479,3
6688,557,4,R,688878483,688878479,4
6689,557,5,G,688978484,688978479,5
6690,557,6,E,689078485,689078479,6
6691,557,7,N,689178485,689178479,6
6692,557,8,L,689278487,689278479,8
6693,557,9,A,689378488,689378479,9
6694,557,10,N,689478489,689478479,10
6695,557,11,D,689578490,689578479,11
6696,558,0,F,689678491,689678491,0
6697,558,1,H,689778493,689778491,2
6698,558,2,B,689878494,689878491,3
6699,558,3,U,689978495,689978491,4
6700,558,4,R,690078495,690078491,4
6701,558,5,G,690178496,690178491,5
6702,558,6,E,690278497,690278491,6
6703,558,7,N,690378498,690378491,7
6704,558,8,L,690478499,690478491,8
6705,558,9,A,690578501,690578491,10
6706,558,10,N,690678503,690678491,12
6707,558,11,D,690778503,690778491,12
6708,559,0,F,690878504,690878504,0
6709,559,1,H,690978506,690978504,2
6710,559,2,B,691078507,691078504,3
6711,559,3,U,691178508,691178504,4
6712,559,4,R,691278509,691278504,5
6713,559,5,G,691378510,691378504,6
6714,559,6,E,691478511,691478504,7
6715,559,7,N,691578512,691578504,8
6716,559,8,L,691678513,691678504,9
6717,559,9,A,691778514,691778504,10
6718,559,10,N,691878515,691878504,11
6719,559,11,D,691978516,691978504,12
6720,560,0,F,692078517,692078517,0
6721,560,1,H,692178519,692178517,2
6722,560,2,B,692278520,692278517,3
6723,560,3,U,692378521,692378517,4
6724,560,4,R,692478521,692478517,4
6725,560,5,G,692578523,692578517,6
6726,560,6,E,692678524,692678517,7
6727,560,7,N,692778526,692778517,9
6728,560,8,L,692878526,692878517,9
6729,560,9,A,692978527,692978517,10
6730,560,10,N,693078528,693078517,11
6731,560,11,D,693178528,693178517,11
6732,561,0,F,693278529,693278529,0
6733,561,1,H,693378530,693378529,1
6734,561,2,B,693478531,693478529,2
6735,561,3,U,693578532,693578529,3
6736,561,4,R,693678533,693678529,4
6737,561,5,G,693778534,693778529,5
6738,561,6,E,693878534,693878529,5
6739,561,7,N,693978535,693978529,6
6740,561,8,L,694078535,694078529,6
6741,561,9,A,694178536,694178529,7
6742,561,10,N,694278537,694278529,8
6743,561,11,D,694378538,694378529,9
6744,562,0,F,694478540,694478540,0
6745,562,1,H,694578541,694578540,1
6746,562,2,B,694678541,694678540,1
6747,562,3,U,694778542,694778540,2
6748,562,4,R,694878543,694878540,3
6749,562,5,G,694978544,694978540,4
6750,562,6,E,695078546,695078540,6
6751,562,7,N,695178547,695178540,7
6752,562,8,L,695278549,695278540,9
6753,562,9,A,695378550,695378540,10
6754,562,10,N,695478550,695478540,10
6755,562,11,D,695578552,695578540,12
6756,563,0,F,695678554,695678554,0
6757,563,1,H,695778554,695778554,0
6758,563,2,B,695878555,695878554,1
6759,563,3,U,695978555,695978554,1
6760,563,4,R,696078555,696078554,1
6761,563,5,G,696178556,696178554,2
6762,563,6,E,696278557,696278554,3
6763,563,7,N,696378557,696378554,3
6764,563,8,L,696478559,696478554,5
6765,563,9,A,696578559,696578554,5
6766,563,10,N,696678560,696678554,6
6767,563,11,D,696778562,696778554,8
6768,564,0,F,696878562,696878562,0
6769,564,1,H,696978563,696978562,1
6770,564,2,B,697078564,697078562,2
6771,564,3,U,697178564,697178562,2
6772,564,4,R,697278566,697278562,4
6773,564,5,G,697378567,697378562,5
6774,564,6,E,697478567,697478562,5
6775,564,7,N,697578567,697578562,5
6776,564,8,L,697678568,697678562,6
6777,564,9,A,697778569,697778562,7
6778,564,10,N,697878570,697878562,8
6779,564,11,D,697978571,697978562,9
6780,565,0,F,698078572,698078572,0
6781,565,1,H,698178573,698178572,1
6782,565,2,B,698278574,698278572,2
6783,565,3,U,698378575,698378572,3
6784,565,4,R,698478576,698478572,4
6785,565,5,G,698578576,698578572,4
6786,565,6,E,698678577,698678572,5
6787,565,7,N,698778578,698778572,6
6788,565,8,L,698878580,698878572,8
6789,565,9,A,698978581,698978572,9
6790,565,10,N,699078582,699078572,10
6791,565,11,D,699178582,699178572,10
6792,566,0,F,699278583,699278583,0
6793,566,1,H,699378585,699378583,2
6794,566,2,B,699478585,699478583,2
6795,566,3,U,699578586,699578583,3
6796,566,4,R,699678588,699678583,5
6797,566,5,G,699778589,699778583,6
6798,566,6,E,699878590,699878583,7
6799,566,7,N,699978590,699978583,7
6800,566,8,L,700078591,700078583,8
6801,566,9,A,700178592,700178583,9
6802,566,10,N,700278594,700278583,11
6803,566,11,D,700378595,700378583,12
6804,567,0,F,700478596,700478596,0
6805,567,1,H,700578598,700578596,2
6806,567,2,B,700678599,700678596,3
6807,567,3,U,700778600,700778596,4
6808,567,4,R,700878600,700878596,4
6809,567,5,G,700978601,700978596,5
6810,567,6,E,701078602,701078596,6
6811,567,7,N,701178603,701178596,7
6812,567,8,L,701278604,701278596,8
6813,567,9,A,701378605,701378596,9
6814,567,10,N,701478607,701478596,11
6815,567,11,D,701578608,701578596,12
6816,568,0,F,701678608,701678608,0
6817,568,1,H,701778609,701778608,1
6818,568,2,B,701878609,701878608,1
6819,568,3,U,701978610,701978608,2
6820,568,4,R,702078611,702078608,3
6821,568,5,G,702178612,702178608,4
6822,568,6,E,702278613,702278608,5
6823,568,7,N,702378614,702378608,6
6824,568,8,L,702478615,702478608,7
6825,568,9,A,702578616,702578608,8
6826,568,10,N,702678617,702678608,9
6827,568,11,D,702778618,702778608,10
6828,569,0,F,702878619,702878619,0
6829,569,1,H,702978619,702978619,0
6830,569,2,B,703078620,703078619,1
6831,569,3,U,703178621,703178619,2
6832,569,4,R,703278622,703278619,3
6833,569,5,G,703378623,703378619,4
6834,569,6,E,703478625,703478619,6
6835,569,7,N,703578626,703578619,7
6836,569,8,L,703678627,703678619,8
6837,569,9,A,703778628,703778619,9
6838,569,10,N,703878628,703878619,9
6839,569,11,D,703978628,703978619,9
6840,570,0,F,704078629,704078629,0
6841,570,1,H,704178629,704178629,0
6842,570,2,B,704278631,704278629,2
6843,570,3,U,704378631,704378629,2
6844,570,4,R,704478632,704478629,3
6845,570,5,G,704578632,704578629,3
6846,570,6,E,704678633,704678629,4
6847,570,7,N,704778634,704778629,5
6848,570,8,L,704878635,704878629,6
6849,570,9,A,704978636,704978629,7
6850,570,10,N,705078638,705078629,9
6851,570,11,D,705178639,705178629,10
6852,571,0,F,705278640,705278640,0
6853,571,1,H,705378641,705378640,1
6854,571,2,B,705478643,705478640,3
6855,571,3,U,705578644,705578640,4
6856,571,4,R,705678645,705678640,5
6857,571,5,G,705778645,705778640,5
6858,571,6,E,705878646,705878640,6
6859,571,7,N,705978646,705978640,6
6860,571,8,L,706078648,706078640,8
6861,571,9,A,706178648,706178640,8
6862,571,10,N,706278649,706278640,9
6863,571,11,D,706378650,706378640,10
6864,572,0,F,706478652,706478652,0
6865,572,1,H,706578653,706578652,1
6866,572,2,B,706678654,706678652,2
6867,572,3,U,706778656,706778652,4
6868,572,4,R,706878656,706878652,4
6869,572,5,G,706978658,706978652,6
6870,572,6,E,707078659,707078652,7
6871,572,7,N,707178660,707178652,8
6872,572,8,L,707278661,707278652,9
6873,572,9,A,707378663,707378652,11
6874,572,10,N,707478664,707478652,12
6875,572,11,D,707578665,707578652,13
6876,573,0,F,707678665,707678665,0
6877,573,1,H,707778667,707778665,2
6878,573,2,B,707878668,707878665,3
6879,573,3,U,707978670,707978665,5
6880,573,4,R,708078671,708078665,6
6881,573,5,G,708178672,708178665,7
6882,573,6,E,708278673,708278665,8
6883,573,7,N,708378673,708378665,8
6884,573,8,L,708478673,708478665,8
6885,573,9,A,708578675,708578665,10
6886,573,10,N,708678676,708678665,11
6887,573,11,D,708778677,708778665,12
6888,574,0,F,708878678,708878678,0
6889,574,1,H,708978678,708978678,0
6890,574,2,B,709078679,709078678,1
6891,574,3,U,709178680,709178678,2
6892,574,4,R,709278681,709278678,3
6893,574,5,G,709378682,709378678,4
6894,574,6,E,709478683,709478678,5
6895,574,7,N,709578685,709578678,7
6896,574,8,L,709678685,709678678,7
6897,574,9,A,709778686,709778678,8
6898,574,10,N,709878687,709878678,9
6899,574,11,D,709978688,709978678,10
6900,575,0,F,710078688,710078688,0
6901,575,1,H,710178688,710178688,0
6902,575,2,B,710278689,710278688,1
6903,575,3,U,710378690,710378688,2
6904,575,4,R,710478690,710478688,2
6905,575,5,G,710578691,710578688,3
6906,575,6,E,710678693,710678688,5
6907,575,7,N,710778694,710778688,6
6908,575,8,L,710878695,710878688,7
6909,575,9,A,710978695,710978688,7
6910,575,10,N,711078696,711078688,8
6911,575,11,D,711178698,711178688,10
6912,576,0,F,711278699,711278699,0
6913,576,1,H,711378701,711378699,2
6914,576,2,B,711478702,711478699,3
6915,576,3,U,711578704,711578699,5
6916,576,4,R,711678705,711678699,6
6917,576,5,G,711778706,711778699,7
6918,576,6,E,711878707,711878699,8
6919,576,7,N,711978709,711978699,10
6920,576,8,L,712078710,712078699,11
6921,576,9,A,712178711,712178699,12
6922,576,10,N,712278712,712278699,13
6923,576,11,D,712378714,712378699,15
6924,577,0,F,712478714,712478714,0
6925,577,1,H,712578716,712578714,2
6926,577,2,B,712678717,712678714,3
6927,577,3,U,712778717,712778714,3
6928,577,4,R,712878719,712878714,5
6929,577,5,G,712978719,712978714,5
6930,577,6,E,713078719,713078714,5
6931,577,7,N,713178719,713178714,5
6932,577,8,L,713278720,713278714,6
6933,577,9,A,713378720,713378714,6
6934,577,10,N,713478721,713478714,7
6935,577,11,D,713578722,713578714,8
6936,578,0,F,713678723,713678723,0
6937,578,1,H,713778724,713778723,1
6938,578,2,B,713878725,713878723,2
6939,578,3,U,713978726,713978723,3
6940,578,4,R,714078727,714078723,4
6941,578,5,G,714178727,714178723,4
6942,578,6,E,714278729,714278723,6
6943,578,7,N,714378730,714378723,7
6944,578,8,L,714478730,714478723,7
6945,578,9,A,714578731,714578723,8
6946,578,10,N,714678733,714678723,10
6947,578,11,D,714778734,714778723,11
6948,579,0,F,714878736,714878736,0
6949,579,1,H,714978738,714978736,2
6950,579,2,B,715078739,715078736,3
6951,579,3,U,715178740,715178736,4
6952,579,4,R,715278742,715278736,6
6953,579,5,G,715378743,715378736,7
6954,579,6,E,715478745,715478736,9
6955,579,7,N,715578747,715578736,11
6956,579,8,L,715678748,715678736,12
6957,579,9,A,715778748,715778736,12
6958,579,10,N,715878749,715878736,13
6959,579,11,D,715978750,715978736,14
6960,580,0,F,716078752,716078752,0
6961,580,1,H,716178752,716178752,0
6962,580,2,B,716278753,716278752,1
6963,580,3,U,716378754,716378752,2
6964,580,4,R,716478755,716478752,3
6965,580,5,G,716578755,716578752,3
6966,580,6,E,716678756,716678752,4
6967,580,7,N,716778758,716778752,6
6968,580,8,L,716878759,716878752,7
6969,580,9,A,716978760,716978752,8
6970,580,10,N,717078761,717078752,9
6971,580,11,D,717178761,717178752,9
6972,581,0,F,717278763,717278763,0
6973,581,1,H,717378763,717378763,0
6974,581,2,B,717478764,717478763,1
6975,581,3,U,717578765,717578763,2
6976,581,4,R,717678765,717678763,2
6977,581,5,G,717778765,717778763,2
6978,581,6,E,717878766,717878763,3
6979,581,7,N,717978767,717978763,4
6980,581,8,L,718078768,718078763,5
6981,581,9,A,718178769,718178763,6
6982,581,10,N,718278770,718278763,7
6983,581,11,D,718378770,718378763,7
6984,582,0,F,718478770,718478770,0
6985,582,1,H,718578771,718578770,1
6986,582,2,B,718678772,718678770,2
6987,582,3,U,718778774,718778770,4
6988,582,4,R,718878775,718878770,5
6989,582,5,G,718978776,718978770,6
6990,582,6,E,719078777,719078770,7
6991,582,7,N,719178779,719178770,9
6992,582,8,L,719278780,719278770,10
6993,582,9,A,719378780,719378770,10
6994,582,10,N,719478781,719478770,11
6995,582,11,D,719578782,719578770,12
6996,583,0,F,719678783,719678783,0
6997,583,1,H,719778784,719778783,1
6998,583,2,B,719878785,719878783,2
6999,583,3,U,719978785,719978783,2
7000,583,4,R,720078786,720078783,3
7001,583,5,G,720178787,720178783,4
7002,583,6,E,720278788,720278783,5
7003,583,7,N,720378789,720378783,6
7004,583,8,L,720478790,720478783,7
7005,583,9,A,720578790,720578783,7
7006,583,10,N,720678790,720678783,7
7007,583,11,D,720778791,720778783,8
7008,584,0,F,720878792,720878792,0
7009,584,1,H,720978794,720978792,2
7010,584,2,B,721078795,721078792,3
7011,584,3,U,721178797,721178792,5
7012,584,4,R,721278798,721278792,6
7013,584,5,G,721378799,721378792,7
7014,584,6,E,721478800,721478792,8
7015,584,7,N,721578801,721578792,9
7016,584,8,L,721678802,721678792,10
7017,584,9,A,721778804,721778792,12
7018,584,10,N,721878804,721878792,12
7019,584,11,D,721978806,721978792,14
7020,585,0,F,722078806,722078806,0
7021,585,1,H,722178807,722178806,1
7022,585,2,B,722278809,722278806,3
7023,585,3,U,722378810,722378806,4
7024,585,4,R,722478810,722478806,4
7025,585,5,G,722578811,722578806,5
7026,585,6,E,722678812,722678806,6
7027,585,7,N,722778813,722778806,7
7028,585,8,L,722878814,722878806,8
7029,585,9,A,722978815,722978806,9
7030,585,10,N,723078817,723078806,11
7031,585,11,D,723178818,723178806,12
7032,586,0,F,723278819,723278819,0
7033,586,1,H,723378820,723378819,1
7034,586,2,B,723478821,723478819,2
7035,586,3,U,723578822,723578819,3
7036,586,4,R,723678823,723678819,4
7037,586,5,G,723778824,723778819,5
7038,586,6,E,723878825,723878819,6
7039,586,7,N,723978825,723978819,6
7040,586,8,L,724078826,724078819,7
7041,586,9,A,724178827,724178819,8
7042,586,10,N,724278829,724278819,10
7043,586,11,D,724378830,724378819,11
7044,587,0,F,724478831,724478831,0
7045,587,1,H,724578832,724578831,1
7046,587,2,B,724678833,724678831,2
7047,587,3,U,724778834,724778831,3
7048,587,4,R,724878836,724878831,5
7049,587,5,G,724978836,724978831,5
7050,587,6,E,725078837,725078831,6
7051,587,7,N,725178838,725178831,7
7052,587,8,L,725278839,725278831,8
7053,587,9,A,725378840,725378831,9
7054,587,10,N,725478841,725478831,10
7055,587,11,D,725578842,725578831,11
7056,588,0,F,725678843,725678843,0
7057,588,1,H,725778843,725778843,0
7058,588,2,B,725878844,725878843,1
7059,588,3,U,725978845,725978843,2
7060,588,4,R,726078846,726078843,3
7061,588,5,G,726178847,726178843,4
7062,588,6,E,726278848,726278843,5
7063,588,7,N,726378849,726378843,6
7064,588,8,L,726478850,726478843,7
7065,588,9,A,726578851,726578843,8
7066,588,10,N,726678852,726678843,9
7067,588,11,D,726778853,726778843,10
7068,589,0,F,726878854,726878854,0
7069,589,1,H,726978856,726978854,2
7070,589,2,B,727078857,727078854,3
7071,589,3,U,727178857,727178854,3
7072,589,4,R,727278858,727278854,4
7073,589,5,G,727378859,727378854,5
7074,589,6,E,727478860,727478854,6
7075,589,7,N,727578861,727578854,7
7076,589,8,L,727678861,727678854,7
7077,589,9,A,727778862,727778854,8
7078,589,10,N,727878863,727878854,9
7079,589,11,D,727978864,727978854,10
7080,590,0,F,728078865,728078865,0
7081,590,1,H,728178866,728178865,1
7082,590,2,B,728278867,728278865,2
7083,590,3,U,728378868,728378865,3
7084,590,4,R,728478868,728478865,3
7085,590,5,G,728578869,728578865,4
7086,590,6,E,728678870,728678865,5
7087,590,7,N,728778871,728778865,6
7088,590,8,L,728878872,728878865,7
7089,590,9,A,728978873,728978865,8
7090,590,10,N,729078875,729078865,10
7091,590,11,D,729178876,729178865,11
7092,591,0,F,729278877,729278877,0
7093,591,1,H,729378877,729378877,0
7094,591,2,B,729478878,729478877,1
7095,591,3,U,729578879,729578877,2
7096,591,4,R,729678880,729678877,3
7097,591,5,G,729778881,729778877,4
7098,591,6,E,729878882,729878877,5
7099,591,7,N,729978883,729978877,6
7100,591,8,L,730078884,730078877,7
7101,591,9,A,730178885,730178877,8
7102,591,10,N,730278887,730278877,10
7103,591,11,D,730378889,730378877,12
7104,592,0,F,730478889,730478889,0
7105,592,1,H,730578891,730578889,2
7106,592,2,B,730678892,730678889,3
7107,592,3,U,730778893,730778889,4
7108,592,4,R,730878894,730878889,5
7109,592,5,G,730978895,730978889,6
7110,592,6,E,731078896,731078889,7
7111,592,7,N,731178897,731178889,8
7112,592,8,L,731278898,731278889,9
7113,592,9,A,731378898,731378889,9
7114,592,10,N,731478899,731478889,10
7115,592,11,D,731578901,731578889,12
7116,593,0,F,731678901,731678901,0
7117,593,1,H,731778902,731778901,1
7118,593,2,B,731878902,731878901,1
7119,593,3,U,731978903,731978901,2
7120,593,4,R,732078903,732078901,2
7121,593,5,G,732178904,732178901,3
7122,593,6,E,732278905,732278901,4
7123,593,7,N,732378905,732378901,4
7124,593,8,L,732478905,732478901,4
7125,593,9,A,732578906,732578901,5
7126,593,10,N,732678907,732678901,6
7127,593,11,D,732778908,732778901,7
7128,594,0,F,732878909,732878909,0
7129,594,1,H,732978910,732978909,1
7130,594,2,B,733078911,733078909,2
7131,594,3,U,733178911,733178909,2
7132,594,4,R,733278912,733278909,3
7133,594,5,G,733378913,733378909,4
7134,594,6,E,733478914,733478909,5
7135,594,7,N,733578915,733578909,6
7136,594,8,L,733678915,733678909,6
7137,594,9,A,733778916,733778909,7
7138,594,10,N,733878917,733878909,8
7139,594,11,D,733978918,733978909,9
7140,595,0,F,734078919,734078919,0
7141,595,1,H,734178920,734178919,1
7142,595,2,B,734278921,734278919,2
7143,595,3,U,734378921,734378919,2
7144,595,4,R,734478923,734478919,4
7145,595,5,G,734578923,734578919,4
7146,595,6,E,734678924,734678919,5
7147,595,7,N,734778925,734778919,6
7148,595,8,L,734878926,734878919,7
7149,595,9,A,734978927,734978919,8
7150,595,10,N,735078928,735078919,9
7151,595,11,D,735178929,735178919,10
7152,596,0,F,735278930,735278930,0
7153,596,1,H,735378932,735378930,2
7154,596,2,B,735478933,735478930,3
7155,596,3,U,735578933,735578930,3
7156,596,4,R,735678934,735678930,4
7157,596,5,G,735778935,735778930,5
7158,596,6,E,735878935,735878930,5
7159,596,7,N,735978936,735978930,6
7160,596,8,L,736078937,736078930,7
7161,596,9,A,736178938,736178930,8
7162,596,10,N,736278939,736278930,9
7163,596,11,D,736378940,736378930,10
7164,597,0,F,736478941,736478941,0
7165,597,1,H,736578942,736578941,1
7166,597,2,B,736678943,736678941,2
7167,597,3,U,736778944,736778941,3
7168,597,4,R,736878944,736878941,3
7169,597,5,G,736978945,736978941,4
7170,597,6,E,737078946,737078941,5
7171,597,7,N,737178947,737178941,6
7172,597,8,L,737278948,737278941,7
7173,597,9,A,737378950,737378941,9
7174,597,10,N,737478951,737478941,10
7175,597,11,D,737578953,737578941,12
7176,598,0,F,737678954,737678954,0
7177,598,1,H,737778956,737778954,2
7178,598,2,B,737878957,737878954,3
7179,598,3,U,737978958,737978954,4
7180,598,4,R,738078959,738078954,5
7181,598,5,G,738178960,738178954,6
7182,598,6,E,738278961,738278954,7
7183,598,7,N,738378962,738378954,8
7184,598,8,L,738478964,738478954,10
7185,598,9,A,738578965,738578954,11
7186,598,10,N,738678965,738678954,11
7187,598,11,D,738778966,738778954,12
7188,599,0,F,738878966,738878966,0
7189,599,1,H,738978967,738978966,1
7190,599,2,B,739078968,739078966,2
7191,599,3,U,739178969,739178966,3
7192,599,4,R,739278970,739278966,4
7193,599,5,G,739378971,739378966,5
7194,599,6,E,739478972,739478966,6
7195,599,7,N,739578973,739578966,7
7196,599,8,L,739678974,739678966,8
7197,599,9,A,739778974,739778966,8
7198,599,10,N,739878975,739878966,9
7199,599,11,D,739978976,739978966,10
7200,600,0,F,740078977,740078977,0
7201,600,1,H,740178978,740178977,1
7202,600,2,B,740278979,740278977,2
7203,600,3,U,740378980,740378977,3
7204,600,4,R,740478980,740478977,3
7205,600,5,G,740578982,740578977,5
7206,600,6,E,740678983,740678977,6
7207,600,7,N,740778983,740778977,6
7208,600,8,L,740878984,740878977,7
7209,600,9,A,740978985,740978977,8
7210,600,10,N,741078986,741078977,9
7211,600,11,D,741178987,741178977,10
7212,601,0,F,741278989,741278989,0
7213,601,1,H,741378989,741378989,0
7214,601,2,B,741478990,741478989,1
7215,601,3,U,741578991,741578989,2
7216,601,4,R,741678991,741678989,2
7217,601,5,G,741778992,741778989,3
7218,601,6,E,741878993,741878989,4
7219,601,7,N,741978994,741978989,5
7220,601,8,L,742078995,742078989,6
7221,601,9,A,742178995,742178989,6
7222,601,10,N,742278996,742278989,7
7223,601,11,D,742378997,742378989,8
7224,602,0,F,742478998,742478998,0
7225,602,1,H,742579000,742578998,2
7226,602,2,B,742679000,742678998,2
7227,602,3,U,742779001,742778998,3
7228,602,4,R,742879001,742878998,3
7229,602,5,G,742979002,742978998,4
7230,602,6,E,743079003,743078998,5
7231,602,7,N,743179004,743178998,6
7232,602,8,L,743279005,743278998,7
7233,602,9,A,743379005,743378998,7
7234,602,10,N,743479006,743478998,8
7235,602,11,D,743579007,743578998,9
7236,603,0,F,743679008,743679008,0
7237,603,1,H,743779009,743779008,1
7238,603,2,B,743879010,743879008,2
7239,603,3,U,743979010,743979008,2
7240,603,4,R,744079011,744079008,3
7241,603,5,G,744179012,744179008,4
7242,603,6,E,744279013,744279008,5
7243,603,7,N,744379014,744379008,6
7244,603,8,L,744479016,744479008,8
7245,603,9,A,744579017,744579008,9
7246,603,10,N,744679018,744679008,10
7247,603,11,D,744779018,744779008,10
7248,604,0,F,744879019,744879019,0
7249,604,1,H,744979019,744979019,0
7250,604,2,B,745079020,745079019,1
7251,604,3,U,745179021,745179019,2
7252,604,4,R,745279022,745279019,3
7253,604,5,G,745379023,745379019,4
7254,604,6,E,745479024,745479019,5
7255,604,7,N,745579025,745579019,6
7256,604,8,L,745679026,745679019,7
7257,604,9,A,745779027,745779019,8
7258,604,10,N,745879028,745879019,9
7259,604,11,D,745979029,745979019,10
7260,605,0,F,746079030,746079030,0
7261,605,1,H,746179032,746179030,2
7262,605,2,B,746279033,746279030,3
7263,605,3,U,746379034,746379030,4
7264,605,4,R,746479036,746479030,6
7265,605,5,G,746579037,746579030,7
7266,605,6,E,746679037,746679030,7
7267,605,7,N,746779038,746779030,8
7268,605,8,L,746879040,746879030,10
7269,605,9,A,746979041,746979030,11
7270,605,10,N,747079042,747079030,12
7271,605,11,D,747179044,747179030,14
7272,606,0,F,747279045,747279045,0
7273,606,1,H,747379046,747379045,1
7274,606,2,B,747479047,747479045,2
7275,606,3,U,747579048,747579045,3
7276,606,4,R,747679048,747679045,3
7277,606,5,G,747779049,747779045,4
7278,606,6,E,747879050,747879045,5
7279,606,7,N,747979051,747979045,6
7280,606,8,L,748079052,748079045,7
7281,606,9,A,748179054,748179045,9
7282,606,10,N,748279056,748279045,11
7283,606,11,D,748379056,748379045,11
7284,607,0,F,748479057,748479057,0
7285,607,1,H,748579058,748579057,1
7286,607,2,B,748679060,748679057,3
7287,607,3,U,748779060,748779057,3
7288,607,4,R,748879062,748879057,5
7289,607,5,G,748979063,748979057,6
7290,607,6,E,749079064,749079057,7
7291,607,7,N,749179065,749179057,8
7292,607,8,L,749279066,749279057,9
7293,607,9,A,749379067,749379057,10
7294,607,10,N,749479068,749479057,11
7295,607,11,D,749579069,749579057,12
7296,608,0,F,749679070,749679070,0
7297,608,1,H,749779070,749779070,0
7298,608,2,B,749879071,749879070,1
7299,608,3,U,749979072,749979070,2
7300,608,4,R,750079073,750079070,3
7301,608,5,G,750179074,750179070,4
7302,608,6,E,750279075,750279070,5
7303,608,7,N,750379076,750379070,6
7304,608,8,L,750479077,750479070,7
7305,608,9,A,750579078,750579070,8
7306,608,10,N,750679079,750679070,9
7307,608,11,D,750779080,750779070,10
7308,609,0,F,750879081,750879081,0
7309,609,1,H,750979083,750979081,2
7310,609,2,B,751079085,751079081,4
7311,609,3,U,751179086,751179081,5
7312,609,4,R,751279087,751279081,6
7313,609,5,G,751379089,751379081,8
7314,609,6,E,751479090,751479081,9
7315,609,7,N,751579091,751579081,10
7316,609,8,L,751679092,751679081,11
7317,609,9,A,751779093,751779081,12
7318,609,10,N,751879094,751879081,13
7319,609,11,D,751979094,751979081,13
7320,610,0,F,752079095,752079095,0
7321,610,1,H,752179096,752179095,1
7322,610,2,B,752279097,752279095,2
7323,610,3,U,752379097,752379095,2
7324,610,4,R,752479098,752479095,3
7325,610,5,G,752579099,752579095,4
7326,610,6,E,752679100,752679095,5
7327,610,7,N,752779101,752779095,6
7328,610,8,L,752879102,752879095,7
7329,610,9,A,752979103,752979095,8
7330,610,10,N,753079104,753079095,9
7331,610,11,D,753179105,753179095,10
7332,611,0,F,753279107,753279107,0
7333,611,1,H,753379108,753379107,1
7334,611,2,B,753479109,753479107,2
7335,611,3,U,753579110,753579107,3
7336,611,4,R,753679112,753679107,5
7337,611,5,G,753779113,753779107,6
7338,611,6,E,753879113,753879107,6
7339,611,7,N,753979114,753979107,7
7340,611,8,L,754079115,754079107,8
7341,611,9,A,754179115,754179107,8
7342,611,10,N,754279116,754279107,9
7343,611,11,D,754379117,754379107,10
7344,612,0,F,754479117,754479117,0
7345,612,1,H,754579119,754579117,2
7346,612,2,B,754679120,754679117,3
7347,612,3,U,754779122,754779117,5
7348,612,4,R,754879122,754879117,5
7349,612,5,G,754979124,754979117,7
7350,612,6,E,755079124,755079117,7
7351,612,7,N,755179125,755179117,8
7352,612,8,L,755279126,755279117,9
7353,612,9,A,755379128,755379117,11
7354,612,10,N,755479129,755479117,12
7355,612,11,D,755579131,755579117,14
7356,613,0,F,755679131,755679131,0
7357,613,1,H,755779132,755779131,1
7358,613,2,B,755879133,755879131,2
7359,613,3,U,755979134,755979131,3
7360,613,4,R,756079134,756079131,3
7361,613,5,G,756179135,756179131,4
7362,613,6,E,756279136,756279131,5
7363,613,7,N,756379137,756379131,6
7364,613,8,L,756479138,756479131,7
7365,613,9,A,756579139,756579131,8
7366,613,10,N,756679139,756679131,8
7367,613,11,D,756779140,756779131,9
7368,614,0,F,756879141,756879141,0
7369,614,1,H,756979142,756979141,1
7370,614,2,B,757079143,757079141,2
7371,614,3,U,757179144,757179141,3
7372,614,4,R,757279146,757279141,5
7373,614,5,G,757379146,757379141,5
7374,614,6,E,757479147,757479141,6
7375,614,7,N,757579148,757579141,7
7376,614,8,L,757679148,757679141,7
7377,614,9,A,757779149,757779141,8
7378,614,10,N,757879150,757879141,9
7379,614,11,D,757979151,757979141,10
7380,615,0,F,758079151,758079151,0
7381,615,1,H,758179152,758179151,1
7382,615,2,B,758279153,758279151,2
7383,615,3,U,758379154,758379151,3
7384,615,4,R,758479155,758479151,4
7385,615,5,G,758579156,758579151,5
7386,615,6,E,758679157,758679151,6
7387,615,7,N,758779158,758779151,7
7388,615,8,L,758879159,758879151,8
7389,615,9,A,758979160,758979151,9
7390,615,10,N,759079161,759079151,10
7391,615,11,D,759179161,759179151,10
7392,616,0,F,759279162,759279162,0
7393,616,1,H,759379163,759379162,1
7394,616,2,B,759479164,759479162,2
7395,616,3,U,759579164,759579162,2
7396,616,4,R,759679165,759679162,3
7397,616,5,G,759779166,759779162,4
7398,616,6,E,759879167,759879162,5
7399,616,7,N,759979168,759979162,6
7400,616,8,L,760079169,760079162,7
7401,616,9,A,760179170,760179162,8
7402,616,10,N,760279172,760279162,10
7403,616,11,D,760379173,760379162,11
7404,617,0,F,760479173,760479173,0
7405,617,1,H,760579174,760579173,1
7406,617,2,B,760679175,760679173,2
7407,617,3,U,760779176,760779173,3
7408,617,4,R,760879177,760879173,4
7409,617,5,G,760979178,760979173,5
7410,617,6,E,761079179,761079173,6
7411,617,7,N,761179181,761179173,8
7412,617,8,L,761279182,761279173,9
7413,617,9,A,761379183,761379173,10
7414,617,10,N,761479183,761479173,10
7415,617,11,D,761579184,761579173,11
7416,618,0,F,761679185,761679185,0
7417,618,1,H,761779186,761779185,1
7418,618,2,B,761879187,761879185,2
7419,618,3,U,761979188,761979185,3
7420,618,4,R,762079189,762079185,4
7421,618,5,G,762179189,762179185,4
7422,618,6,E,762279190,762279185,5
7423,618,7,N,762379192,762379185,7
7424,618,8,L,762479192,762479185,7
7425,618,9,A,762579193,762579185,8
7426,618,10,N,762679194,762679185,9
7427,618,11,D,762779195,762779185,10
7428,619,0,F,762879195,762879195,0
7429,619,1,H,762979196,762979195,1
7430,619,2,B,763079197,763079195,2
7431,619,3,U,763179198,763179195,3
7432,619,4,R,763279200,763279195,5
7433,619,5,G,763379202,763379195,7
7434,619,6,E,763479203,763479195,8
7435,619,7,N,763579204,763579195,9
7436,619,8,L,763679205,763679195,10
7437,619,9,A,763779206,763779195,11
7438,619,10,N,763879207,763879195,12
7439,619,11,D,763979208,763979195,13
7440,620,0,F,764079209,764079209,0
7441,620,1,H,764179210,764179209,1
7442,620,2,B,764279211,764279209,2
7443,620,3,U,764379212,764379209,3
7444,620,4,R,764479214,764479209,5
7445,620,5,G,764579215,764579209,6
7446,620,6,E,764679217,764679209,8
7447,620,7,N,764779217,764779209,8
7448,620,8,L,764879217,764879209,8
7449,620,9,A,764979218,764979209,9
7450,620,10,N,765079220,765079209,11
7451,620,11,D,765179221,765179209,12
7452,621,0,F,765279222,765279222,0
7453,621,1,H,765379223,765379222,1
7454,621,2,B,765479225,765479222,3
7455,621,3,U,765579226,765579222,4
7456,621,4,R,765679227,765679222,5
7457,621,5,G,765779229,765779222,7
7458,621,6,E,765879230,765879222,8
7459,621,7,N,765979230,765979222,8
7460,621,8,L,766079232,766079222,10
7461,621,9,A,766179233,766179222,11
7462,621,10,N,766279235,766279222,13
7463,621,11,D,766379237,766379222,15
7464,622,0,F,766479238,766479238,0
7465,622,1,H,766579239,766579238,1
7466,622,2,B,766679241,766679238,3
7467,622,3,U,766779242,766779238,4
7468,622,4,R,766879244,766879238,6
7469,622,5,G,766979245,766979238,7
7470,622,6,E,767079247,767079238,9
7471,622,7,N,767179248,767179238,10
7472,622,8,L,767279249,767279238,11
7473,622,9,A,767379250,767379238,12
7474,622,10,N,767479251,767479238,13
7475,622,11,D,767579252,767579238,14
7476,623,0,F,767679253,767679253,0
7477,623,1,H,767779254,767779253,1
7478,623,2,B,767879254,767879253,1
7479,623,3,U,767979255,767979253,2
7480,623,4,R,768079257,768079253,4
7481,623,5,G,768179258,768179253,5
7482,623,6,E,768279259,768279253,6
7483,623,7,N,768379259,768379253,6
7484,623,8,L,768479260,768479253,7
7485,623,9,A,768579261,768579253,8
7486,623,10,N,768679262,768679253,9
7487,623,11,D,768779262,768779253,9
7488,624,0,F,768879263,768879263,0
7489,624,1,H,768979265,768979263,2
7490,624,2,B,769079266,769079263,3
7491,624,3,U,769179267,769179263,4
7492,624,4,R,769279269,769279263,6
7493,624,5,G,769379270,769379263,7
7494,624,6,E,769479271,769479263,8
7495,624,7,N,769579272,769579263,9
7496,624,8,L,769679272,769679263,9
7497,624,9,A,769779273,769779263,10
7498,624,10,N,769879274,769879263,11
7499,624,11,D,769979275,769979263,12
7500,625,0,F,770079276,770079276,0
7501,625,1,H,770179276,770179276,0
7502,625,2,B,770279277,770279276,1
7503,625,3,U,770379278,770379276,2
7504,625,4,R,770479278,770479276,2
7505,625,5,G,770579280,770579276,4
7506,625,6,E,770679280,770679276,4
7507,625,7,N,770779280,770779276,4
7508,625,8,L,770879280,770879276,4
7509,625,9,A,770979280,770979276,4
7510,625,10,N,771079282,771079276,6
7511,625,11,D,771179283,771179276,7
7512,626,0,F,771279285,771279285,0
7513,626,1,H,771379285,771379285,0
7514,626,2,B,771479286,771479285,1
7515,626,3,U,771579287,771579285,2
7516,626,4,R,771679287,771679285,2
7517,626,5,G,771779287,771779285,2
7518,626,6,E,771879288,771879285,3
7519,626,7,N,771979289,771979285,4
7520,626,8,L,772079290,772079285,5
7521,626,9,A,772179290,772179285,5
7522,626,10,N,772279291,772279285,6
7523,626,11,D,772379293,772379285,8
7524,627,0,F,772479294,772479294,0
7525,627,1,H,772579296,772579294,2
7526,627,2,B,772679297,772679294,3
7527,627,3,U,772779297,772779294,3
7528,627,4,R,772879297,772879294,3
7529,627,5,G,772979299,772979294,5
7530,627,6,E,773079300,773079294,6
7531,627,7,N,773179301,773179294,7
7532,627,8,L,773279303,773279294,9
7533,627,9,A,773379303,773379294,9
7534,627,10,N,773479304,773479294,10
7535,627,11,D,773579305,773579294,11
7536,628,0,F,773679306,773679306,0
7537,628,1,H,773779307,773779306,1
7538,628,2,B,773879308,773879306,2
7539,628,3,U,773979310,773979306,4
7540,628,4,R,774079311,774079306,5
7541,628,5,G,774179312,774179306,6
7542,628,6,E,774279314,774279306,8
7543,628,7,N,774379315,774379306,9
7544,628,8,L,774479316,774479306,10
7545,628,9,A,774579317,774579306,11
7546,628,10,N,774679318,774679306,12
7547,628,11,D,774779319,774779306,13
7548,629,0,F,774879319,774879319,0
7549,629,1,H,774979320,774979319,1
7550,629,2,B,775079321,775079319,2
7551,629,3,U,775179322,775179319,3
7552,629,4,R,775279323,775279319,4
7553,629,5,G,775379324,775379319,5
7554,629,6,E,775479325,775479319,6
7555,629,7,N,775579326,775579319,7
7556,629,8,L,775679326,775679319,7
7557,629,9,A,775779328,775779319,9
7558,629,10,N,775879329,775879319,10
7559,629,11,D,775979329,775979319,10
7560,630,0,F,776079330,776079330,0
7561,630,1,H,776179330,776179330,0
7562,630,2,B,776279331,776279330,1
7563,630,3,U,776379332,776379330,2
7564,630,4,R,776479333,776479330,3
7565,630,5,G,776579333,776579330,3
7566,630,6,E,776679335,776679330,5
7567,630,7,N,776779335,776779330,5
7568,630,8,L,776879335,776879330,5
7569,630,9,A,776979336,776979330,6
7570,630,10,N,777079336,777079330,6
7571,630,11,D,777179338,777179330,8
7572,631,0,F,777279339,777279339,0
7573,631,1,H,777379340,777379339,1
7574,631,2,B,777479341,777479339,2
7575,631,3,U,777579342,777579339,3
7576,631,4,R,777679342,777679339,3
7577,631,5,G,777779343,777779339,4
7578,631,6,E,777879344,777879339,5
7579,631,7,N,777979345,777979339,6
7580,631,8,L,778079345,778079339,6
7581,631,9,A,778179345,778179339,6
7582,631,10,N,778279346,778279339,7
7583,631,11,D,778379347,778379339,8
7584,632,0,F,778479347,778479347,0
7585,632,1,H,778579348,778579347,1
7586,632,2,B,778679348,778679347,1
7587,632,3,U,778779349,778779347,2
7588,632,4,R,778879350,778879347,3
7589,632,5,G,778979351,778979347,4
7590,632,6,E,779079353,779079347,6
7591,632,7,N,779179354,779179347,7
7592,632,8,L,779279355,779279347,8
7593,632,9,A,779379356,779379347,9
7594,632,10,N,779479357,779479347,10
7595,632,11,D,779579358,779579347,11
7596,633,0,F,779679359,779679359,0
7597,633,1,H,779779361,779779359,2
7598,633,2,B,779879362,779879359,3
7599,633,3,U,779979363,779979359,4
7600,633,4,R,780079364,780079359,5
7601,633,5,G,780179365,780179359,6
7602,633,6,E,780279367,780279359,8
7603,633,7,N,780379368,780379359,9
7604,633,8,L,780479369,780479359,10
7605,633,9,A,780579369,780579359,10
7606,633,10,N,780679370,780679359,11
7607,633,11,D,780779371,780779359,12
7608,634,0,F,780879372,780879372,0
7609,634,1,H,780979372,780979372,0
7610,634,2,B,781079373,781079372,1
7611,634,3,U,781179373,781179372,1
7612,634,4,R,781279375,781279372,3
7613,634,5,G,781379376,781379372,4
7614,634,6,E,781479378,781479372,6
7615,634,7,N,781579378,781579372,6
7616,634,8,L,781679379,781679372,7
7617,634,9,A,781779380,781779372,8
7618,634,10,N,781879381,781879372,9
7619,634,11,D,781979382,781979372,10
7620,635,0,F,782079384,782079384,0
7621,635,1,H,782179385,782179384,1
7622,635,2,B,782279386,782279384,2
7623,635,3,U,782379387,782379384,3
7624,635,4,R,782479387,782479384,3
7625,635,5,G,782579388,782579384,4
7626,635,6,E,782679388,782679384,4
7627,635,7,N,782779389,782779384,5
7628,635,8,L,782879390,782879384,6
7629,635,9,A,782979391,782979384,7
7630,635,10,N,783079391,783079384,7
7631,635,11,D,783179392,783179384,8
7632,636,0,F,783279393,783279393,0
7633,636,1,H,783379394,783379393,1
7634,636,2,B,783479395,783479393,2
7635,636,3,U,783579397,783579393,4
7636,636,4,R,783679399,783679393,6
7637,636,5,G,783779400,783779393,7
7638,636,6,E,783879402,783879393,9
7639,636,7,N,783979403,783979393,10
7640,636,8,L,784079404,784079393,11
7641,636,9,A,784179404,784179393,11
7642,636,10,N,784279405,784279393,12
7643,636,11,D,784379407,784379393,14
7644,637,0,F,784479408,784479408,0
7645,637,1,H,784579408,784579408,0
7646,637,2,B,784679409,784679408,1
7647,637,3,U,784779411,784779408,3
7648,637,4,R,784879412,784879408,4
7649,637,5,G,784979412,784979408,4
7650,637,6,E,785079413,785079408,5
7651,637,7,N,785179414,785179408,6
7652,637,8,L,785279415,785279408,7
7653,637,9,A,785379416,785379408,8
7654,637,10,N,785479416,785479408,8
7655,637,11,D,785579417,785579408,9
7656,638,0,F,785679418,785679418,0
7657,638,1,H,785779420,785779418,2
7658,638,2,B,785879421,785879418,3
7659,638,3,U,785979422,785979418,4
7660,638,4,R,786079422,786079418,4
7661,638,5,G,786179423,786179418,5
7662,638,6,E,786279424,786279418,6
7663,638,7,N,786379424,786379418,6
7664,638,8,L,786479425,786479418,7
7665,638,9,A,786579426,786579418,8
7666,638,10,N,786679426,786679418,8
7667,638,11,D,786779427,786779418,9
7668,639,0,F,786879428,786879428,0
7669,639,1,H,786979429,786979428,1
7670,639,2,B,787079429,787079428,1
7671,639,3,U,787179430,787179428,2
7672,639,4,R,787279431,787279428,3
7673,639,5,G,787379432,787379428,4
7674,639,6,E,787479433,787479428,5
7675,639,7,N,787579434,787579428,6
7676,639,8,L,787679435,787679428,7
7677,639,9,A,787779435,787779428,7
7678,639,10,N,787879436,787879428,8
7679,639,11,D,787979437,787979428,9
7680,640,0,F,788079439,788079439,0
7681,640,1,H,788179440,788179439,1
7682,640,2,B,788279441,788279439,2
7683,640,3,U,788379442,788379439,3
7684,640,4,R,788479443,788479439,4
7685,640,5,G,788579443,788579439,4
7686,640,6,E,788679444,788679439,5
7687,640,7,N,788779445,788779439,6
7688,640,8,L,788879446,788879439,7
7689,640,9,A,788979447,788979439,8
7690,640,10,N,789079448,789079439,9
7691,640,11,D,789179449,789179439,10
7692,641,0,F,789279450,789279450,0
7693,641,1,H,789379451,789379450,1
7694,641,2,B,789479452,789479450,2
7695,641,3,U,789579452,789579450,2
7696,641,4,R,789679453,789679450,3
7697,641,5,G,789779454,789779450,4
7698,641,6,E,789879455,789879450,5
7699,641,7,N,789979457,789979450,7
7700,641,8,L,790079458,790079450,8
7701,641,9,A,790179458,790179450,8
7702,641,10,N,790279459,790279450,9
7703,641,11,D,790379460,790379450,10
7704,642,0,F,790479462,790479462,0
7705,642,1,H,790579463,790579462,1
7706,642,2,B,790679463,790679462,1
7707,642,3,U,790779463,790779462,1
7708,642,4,R,790879465,790879462,3
7709,642,5,G,790979465,790979462,3
7710,642,6,E,791079466,791079462,4
7711,642,7,N,791179467,791179462,5
7712,642,8,L,791279469,791279462,7
7713,642,9,A,791379470,791379462,8
7714,642,10,N,791479471,791479462,9
7715,642,11,D,791579472,791579462,10
7716,643,0,F,791679473,791679473,0
7717,643,1,H,791779474,791779473,1
7718,643,2,B,791879475,791879473,2
7719,643,3,U,791979476,791979473,3
7720,643,4,R,792079477,792079473,4
7721,643,5,G,792179478,792179473,5
7722,643,6,E,792279480,792279473,7
7723,643,7,N,792379481,792379473,8
7724,643,8,L,792479482,792479473,9
7725,643,9,A,792579483,792579473,10
7726,643,10,N,792679483,792679473,10
7727,643,11,D,792779484,792779473,11
7728,644,0,F,792879484,792879484,0
7729,644,1,H,792979485,792979484,1
7730,644,2,B,793079486,793079484,2
7731,644,3,U,793179487,793179484,3
7732,644,4,R,793279488,793279484,4
7733,644,5,G,793379489,793379484,5
7734,644,6,E,793479490,793479484,6
7735,644,7,N,793579491,793579484,7
7736,644,8,L,793679492,793679484,8
7737,644,9,A,793779494,793779484,10
7738,644,10,N,793879494,793879484,10
7739,644,11,D,793979495,793979484,11
7740,645,0,F,794079495,794079495,0
7741,645,1,H,794179496,794179495,1
7742,645,2,B,794279498,794279495,3
7743,645,3,U,794379499,794379495,4
7744,645,4,R,794479501,794479495,6
7745,645,5,G,794579502,794579495,7
7746,645,6,E,794679502,794679495,7
7747,645,7,N,794779503,794779495,8
7748,645,8,L,794879504,794879495,9
7749,645,9,A,794979504,794979495,9
7750,645,10,N,795079505,795079495,10
7751,645,11,D,795179507,795179495,12
7752,646,0,F,795279508,795279508,0
7753,646,1,H,795379509,795379508,1
7754,646,2,B,795479510,795479508,2
7755,646,3,U,795579511,795579508,3
7756,646,4,R,795679512,795679508,4
7757,646,5,G,795779513,795779508,5
7758,646,6,E,795879514,795879508,6
7759,646,7,N,795979515,795979508,7
7760,646,8,L,796079516,796079508,8
7761,646,9,A,796179517,796179508,9
7762,646,10,N,796279518,796279508,10
7763,646,11,D,796379519,796379508,11
7764,647,0,F,796479520,796479520,0
7765,647,1,H,796579520,796579520,0
7766,647,2,B,796679521,796679520,1
7767,647,3,U,796779522,796779520,2
7768,647,4,R,796879524,796879520,4
7769,647,5,G,796979526,796979520,6
7770,647,6,E,797079527,797079520,7
7771,647,7,N,797179528,797179520,8
7772,647,8,L,797279529,797279520,9
7773,647,9,A,797379530,797379520,10
7774,647,10,N,797479531,797479520,11
7775,647,11,D,797579533,797579520,13
7776,648,0,F,797679534,797679534,0
7777,648,1,H,797779535,797779534,1
7778,648,2,B,797879535,797879534,1
7779,648,3,U,797979535,797979534,1
7780,648,4,R,798079536,798079534,2
7781,648,5,G,798179537,798179534,3
7782,648,6,E,798279538,798279534,4
7783,648,7,N,798379540,798379534,6
7784,648,8,L,798479541,798479534,7
7785,648,9,A,798579542,798579534,8
7786,648,10,N,798679544,798679534,10
7787,648,11,D,798779545,798779534,11
7788,649,0,F,798879546,798879546,0
7789,649,1,H,798979547,798979546,1
7790,649,2,B,799079548,799079546,2
7791,649,3,U,799179550,799179546,4
7792,649,4,R,799279552,799279546,6
7793,649,5,G,799379553,799379546,7
7794,649,6,E,799479554,799479546,8
7795,649,7,N,799579555,799579546,9
7796,649,8,L,799679556,799679546,10
7797,649,9,A,799779557,799779546,11
7798,649,10,N,799879559,799879546,13
7799,649,11,D,799979561,799979546,15
7800,650,0,F,800079563,800079563,0
7801,650,1,H,800179564,800179563,1
7802,650,2,B,800279565,800279563,2
7803,650,3,U,800379566,800379563,3
7804,650,4,R,800479567,800479563,4
7805,650,5,G,800579568,800579563,5
7806,650,6,E,800679569,800679563,6
7807,650,7,N,800779570,800779563,7
7808,650,8,L,800879572,800879563,9
7809,650,9,A,800979572,800979563,9
7810,650,10,N,801079574,801079563,11
7811,650,11,D,801179575,801179563,12
7812,651,0,F,801279576,801279576,0
7813,651,1,H,801379577,801379576,1
7814,651,2,B,801479578,801479576,2
7815,651,3,U,801579579,801579576,3
7816,651,4,R,801679581,801679576,5
7817,651,5,G,801779582,801779576,6
7818,651,6,E,801879583,801879576,7
7819,651,7,N,801979584,801979576,8
7820,651,8,L,802079586,802079576,10
7821,651,9,A,802179587,802179576,11
7822,651,10,N,802279588,802279576,12
7823,651,11,D,802379588,802379576,12
7824,652,0,F,802479590,802479590,0
7825,652,1,H,802579591,802579590,1
7826,652,2,B,802679592,802679590,2
7827,652,3,U,802779592,802779590,2
7828,652,4,R,802879593,802879590,3
7829,652,5,G,802979595,802979590,5
7830,652,6,E,803079596,803079590,6
7831,652,7,N,803179596,803179590,6
7832,652,8,L,803279597,803279590,7
7833,652,9,A,803379598,803379590,8
7834,652,10,N,803479599,803479590,9
7835,652,11,D,803579601,803579590,11
7836,653,0,F,803679602,803679602,0
7837,653,1,H,803779604,803779602,2
7838,653,2,B,803879604,803879602,2
7839,653,3,U,803979605,803979602,3
7840,653,4,R,804079606,804079602,4
7841,653,5,G,804179608,804179602,6
7842,653,6,E,804279609,804279602,7
7843,653,7,N,804379611,804379602,9
7844,653,8,L,804479613,804479602,11
7845,653,9,A,804579614,804579602,12
7846,653,10,N,804679615,804679602,13
7847,653,11,D,804779615,804779602,13
7848,654,0,F,804879617,804879617,0
7849,654,1,H,804979618,804979617,1
7850,654,2,B,805079619,805079617,2
7851,654,3,U,805179619,805179617,2
7852,654,4,R,805279621,805279617,4
7853,654,5,G,805379623,805379617,6
7854,654,6,E,805479625,805479617,8
7855,654,7,N,805579625,805579617,8
7856,654,8,L,805679626,805679617,9
7857,654,9,A,805779627,805779617,10
7858,654,10,N,805879629,805879617,12
7859,654,11,D,805979631,805979617,14
7860,655,0,F,806079632,806079632,0
7861,655,1,H,806179633,806179632,1
7862,655,2,B,806279634,806279632,2
7863,655,3,U,806379634,806379632,2
7864,655,4,R,806479634,806479632,2
7865,655,5,G,806579635,806579632,3
7866,655,6,E,806679636,806679632,4
7867,655,7,N,806779637,806779632,5
7868,655,8,L,806879637,806879632,5
7869,655,9,A,806979639,806979632,7
7870,655,10,N,807079640,807079632,8
7871,655,11,D,807179641,807179632,9
7872,656,0,F,807279642,807279642,0
7873,656,1,H,807379644,807379642,2
7874,656,2,B,807479645,807479642,3
7875,656,3,U,807579646,807579642,4
7876,656,4,R,807679647,807679642,5
7877,656,5,G,807779648,807779642,6
7878,656,6,E,807879648,807879642,6
7879,656,7,N,807979649,807979642,7
7880,656,8,L,808079650,808079642,8
7881,656,9,A,808179650,808179642,8
7882,656,10,N,808279651,808279642,9
7883,656,11,D,808379651,808379642,9
7884,657,0,F,808479652,808479652,0
7885,657,1,H,808579653,808579652,1
7886,657,2,B,808679655,808679652,3
7887,657,3,U,808779656,808779652,4
7888,657,4,R,808879656,808879652,4
7889,657,5,G,808979657,808979652,5
7890,657,6,E,809079657,809079652,5
7891,657,7,N,809179657,809179652,5
7892,657,8,L,809279658,809279652,6
7893,657,9,A,809379659,809379652,7
7894,657,10,N,809479660,809479652,8
7895,657,11,D,809579661,809579652,9
7896,658,0,F,809679661,809679661,0
7897,658,1,H,809779662,809779661,1
7898,658,2,B,809879663,809879661,2
7899,658,3,U,809979664,809979661,3
7900,658,4,R,810079664,810079661,3
7901,658,5,G,810179665,810179661,4
7902,658,6,E,810279666,810279661,5
7903,658,7,N,810379667,810379661,6
7904,658,8,L,810479668,810479661,7
7905,658,9,A,810579669,810579661,8
7906,658,10,N,810679669,810679661,8
7907,658,11,D,810779670,810779661,9
7908,659,0,F,810879672,810879672,0
7909,659,1,H,810979673,810979672,1
7910,659,2,B,811079674,811079672,2
7911,659,3,U,811179674,811179672,2
7912,659,4,R,811279675,811279672,3
7913,659,5,G,811379676,811379672,4
7914,659,6,E,811479677,811479672,5
7915,659,7,N,811579679,811579672,7
7916,659,8,L,811679680,811679672,8
7917,659,9,A,811779682,811779672,10
7918,659,10,N,811879683,811879672,11
7919,659,11,D,811979683,811979672,11
7920,660,0,F,812079685,812079685,0
7921,660,1,H,812179685,812179685,0
7922,660,2,B,812279686,812279685,1
7923,660,3,U,812379688,812379685,3
7924,660,4,R,812479690,812479685,5
7925,660,5,G,812579692,812579685,7
7926,660,6,E,812679692,812679685,7
7927,660,7,N,812779692,812779685,7
7928,660,8,L,812879693,812879685,8
7929,660,9,A,812979695,812979685,10
7930,660,10,N,813079695,813079685,10
7931,660,11,D,813179696,813179685,11
7932,661,0,F,813279698,813279698,0
7933,661,1,H,813379699,813379698,1
7934,661,2,B,813479701,813479698,3
7935,661,3,U,813579701,813579698,3
7936,661,4,R,813679701,813679698,3
7937,661,5,G,813779702,813779698,4
7938,661,6,E,813879702,813879698,4
7939,661,7,N,813979703,813979698,5
7940,661,8,L,814079705,814079698,7
7941,661,9,A,814179706,814179698,8
7942,661,10,N,814279707,814279698,9
7943,661,11,D,814379707,814379698,9
7944,662,0,F,814479708,814479708,0
7945,662,1,H,814579709,814579708,1
7946,662,2,B,814679710,814679708,2
7947,662,3,U,814779711,814779708,3
7948,662,4,R,814879712,814879708,4
7949,662,5,G,814979713,814979708,5
7950,662,6,E,815079713,815079708,5
7951,662,7,N,815179715,815179708,7
7952,662,8,L,815279716,815279708,8
7953,662,9,A,815379718,815379708,10
7954,662,10,N,815479719,815479708,11
7955,662,11,D,815579720,815579708,12
7956,663,0,F,815679722,815679722,0
7957,663,1,H,815779722,815779722,0
7958,663,2,B,815879723,815879722,1
7959,663,3,U,815979724,815979722,2
7960,663,4,R,816079724,816079722,2
7961,663,5,G,816179726,816179722,4
7962,663,6,E,816279728,816279722,6
7963,663,7,N,816379729,816379722,7
7964,663,8,L,816479730,816479722,8
7965,663,9,A,816579731,816579722,9
7966,663,10,N,816679732,816679722,10
7967,663,11,D,816779733,816779722,11
7968,664,0,F,816879733,816879733,0
7969,664,1,H,816979734,816979733,1
7970,664,2,B,817079735,817079733,2
7971,664,3,U,817179736,817179733,3
7972,664,4,R,817279737,817279733,4
7973,664,5,G,817379738,817379733,5
7974,664,6,E,817479740,817479733,7
7975,664,7,N,817579741,817579733,8
7976,664,8,L,817679742,817679733,9
7977,664,9,A,817779744,817779733,11
7978,664,10,N,817879744,817879733,11
7979,664,11,D,817979745,817979733,12
7980,665,0,F,818079746,818079746,0
7981,665,1,H,818179746,818179746,0
7982,665,2,B,818279747,818279746,1
7983,665,3,U,818379747,818379746,1
7984,665,4,R,818479749,818479746,3
7985,665,5,G,818579750,818579746,4
7986,665,6,E,818679751,818679746,5
7987,665,7,N,818779752,818779746,6
7988,665,8,L,818879753,818879746,7
7989,665,9,A,818979754,818979746,8
7990,665,10,N,819079755,819079746,9
7991,665,11,D,819179756,819179746,10
7992,666,0,F,819279758,819279758,0
7993,666,1,H,819379759,819379758,1
7994,666,2,B,819479760,819479758,2
7995,666,3,U,819579761,819579758,3
7996,666,4,R,819679763,819679758,5
7997,666,5,G,819779764,819779758,6
7998,666,6,E,819879765,819879758,7
7999,666,7,N,819979766,819979758,8
8000,666,8,L,820079767,820079758,9
8001,666,9,A,820179768,820179758,10
8002,666,10,N,820279769,820279758,11
8003,666,11,D,820379771,820379758,13
8004,667,0,F,820479772,820479772,0
8005,667,1,H,820579772,820579772,0
8006,667,2,B,820679773,820679772,1
8007,667,3,U,820779773,820779772,1
8008,667,4,R,820879774,820879772,2
8009,667,5,G,820979775,820979772,3
8010,667,6,E,821079776,821079772,4
8011,667,7,N,821179776,821179772,4
8012,667,8,L,821279777,821279772,5
8013,667,9,A,821379777,821379772,5
8014,667,10,N,821479778,821479772,6
8015,667,11,D,821579779,821579772,7
8016,668,0,F,821679780,821679780,0
8017,668,1,H,821779781,821779780,1
8018,668,2,B,821879783,821879780,3
8019,668,3,U,821979783,821979780,3
8020,668,4,R,822079784,822079780,4
8021,668,5,G,822179785,822179780,5
8022,668,6,E,822279786,822279780,6
8023,668,7,N,822379786,822379780,6
8024,668,8,L,822479787,822479780,7
8025,668,9,A,822579788,822579780,8
8026,668,10,N,822679790,822679780,10
8027,668,11,D,822779790,822779780,10
8028,669,0,F,822879792,822879792,0
8029,669,1,H,822979793,822979792,1
8030,669,2,B,823079794,823079792,2
8031,669,3,U,823179794,823179792,2
8032,669,4,R,823279795,823279792,3
8033,669,5,G,823379796,823379792,4
8034,669,6,E,823479797,823479792,5
8035,669,7,N,823579798,823579792,6
8036,669,8,L,823679798,823679792,6
8037,669,9,A,823779799,823779792,7
8038,669,10,N,823879799,823879792,7
8039,669,11,D,823979801,823979792,9
8040,670,0,F,824079801,824079801,0
8041,670,1,H,824179802,824179801,1
8042,670,2,B,824279803,824279801,2
8043,670,3,U,824379804,824379801,3
8044,670,4,R,824479806,824479801,5
8045,670,5,G,824579807,824579801,6
8046,670,6,E,824679808,824679801,7
8047,670,7,N,824779808,824779801,7
8048,670,8,L,824879810,824879801,9
8049,670,9,A,824979812,824979801,11
8050,670,10,N,825079812,825079801,11
8051,670,11,D,825179813,825179801,12
8052,671,0,F,825279815,825279815,0
8053,671,1,H,825379815,825379815,0
8054,671,2,B,825479816,825479815,1
8055,671,3,U,825579816,825579815,1
8056,671,4,R,825679817,825679815,2
8057,671,5,G,825779818,825779815,3
8058,671,6,E,825879819,825879815,4
8059,671,7,N,825979821,825979815,6
8060,671,8,L,826079821,826079815,6
8061,671,9,A,826179823,826179815,8
8062,671,10,N,826279824,826279815,9
8063,671,11,D,826379825,826379815,10
8064,672,0,F,826479826,826479826,0
8065,672,1,H,826579826,826579826,0
8066,672,2,B,826679827,826679826,1
8067,672,3,U,826779828,826779826,2
8068,672,4,R,826879829,826879826,3
8069,672,5,G,826979830,826979826,4
8070,672,6,E,827079831,827079826,5
8071,672,7,N,827179832,827179826,6
8072,672,8,L,827279834,827279826,8
8073,672,9,A,827379834,827379826,8
8074,672,10,N,827479834,827479826,8
8075,672,11,D,827579835,827579826,9
8076,673,0,F,827679836,827679836,0
8077,673,1,H,827779837,827779836,1
8078,673,2,B,827879838,827879836,2
8079,673,3,U,827979839,827979836,3
8080,673,4,R,828079840,828079836,4
8081,673,5,G,828179841,828179836,5
8082,673,6,E,828279842,828279836,6
8083,673,7,N,828379843,828379836,7
8084,673,8,L,828479844,828479836,8
8085,673,9,A,828579845,828579836,9
8086,673,10,N,828679846,828679836,10
8087,673,11,D,828779847,828779836,11
8088,674,0,F,828879849,828879849,0
8089,674,1,H,828979850,828979849,1
8090,674,2,B,829079852,829079849,3
8091,674,3,U,829179852,829179849,3
8092,674,4,R,829279854,829279849,5
8093,674,5,G,829379856,829379849,7
8094,674,6,E,829479856,829479849,7
8095,674,7,N,829579857,829579849,8
8096,674,8,L,829679858,829679849,9
8097,674,9,A,829779858,829779849,9
8098,674,10,N,829879860,829879849,11
8099,674,11,D,829979860,829979849,11
8100,675,0,F,830079861,830079861,0
8101,675,1,H,830179862,830179861,1
8102,675,2,B,830279864,830279861,3
8103,675,3,U,830379864,830379861,3
8104,675,4,R,830479865,830479861,4
8105,675,5,G,830579866,830579861,5
8106,675,6,E,830679868,830679861,7
8107,675,7,N,830779869,830779861,8
8108,675,8,L,830879871,830879861,10
8109,675,9,A,830979871,830979861,10
8110,675,10,N,831079872,831079861,11
8111,675,11,D,831179873,831179861,12
8112,676,0,F,831279874,831279874,0
8113,676,1,H,831379874,831379874,0
8114,676,2,B,831479874,831479874,0
8115,676,3,U,831579875,831579874,1
8116,676,4,R,831679876,831679874,2
8117,676,5,G,831779877,831779874,3
8118,676,6,E,831879878,831879874,4
8119,676,7,N,831979880,831979874,6
8120,676,8,L,832079880,832079874,6
8121,676,9,A,832179881,832179874,7
8122,676,10,N,832279882,832279874,8
8123,676,11,D,832379884,832379874,10
8124,677,0,F,832479884,832479884,0
8125,677,1,H,832579885,832579884,1
8126,677,2,B,832679886,832679884,2
8127,677,3,U,832779886,832779884,2
8128,677,4,R,832879887,832879884,3
8129,677,5,G,832979888,832979884,4
8130,677,6,E,833079889,833079884,5
8131,677,7,N,833179890,833179884,6
8132,677,8,L,833279891,833279884,7
8133,677,9,A,833379891,833379884,7
8134,677,10,N,833479892,833479884,8
8135,677,11,D,833579892,833579884,8
8136,678,0,F,833679893,833679893,0
8137,678,1,H,833779893,833779893,0
8138,678,2,B,833879894,833879893,1
8139,678,3,U,833979895,833979893,2
8140,678,4,R,834079896,834079893,3
8141,678,5,G,834179897,834179893,4
8142,678,6,E,834279898,834279893,5
8143,678,7,N,834379899,834379893,6
8144,678,8,L,834479900,834479893,7
8145,678,9,A,834579900,834579893,7
8146,678,10,N,834679901,834679893,8
8147,678,11,D,834779902,834779893,9
8148,679,0,F,834879903,834879903,0
8149,679,1,H,834979904,834979903,1
8150,679,2,B,835079906,835079903,3
8151,679,3,U,835179906,835179903,3
8152,679,4,R,835279907,835279903,4
8153,679,5,G,835379908,835379903,5
8154,679,6,E,835479908,835479903,5
8155,679,7,N,835579909,835579903,6
8156,679,8,L,835679911,835679903,8
8157,679,9,A,835779913,835779903,10
8158,679,10,N,835879913,835879903,10
8159,679,11,D,835979914,835979903,11
8160,680,0,F,836079914,836079914,0
8161,680,1,H,836179915,836179914,1
8162,680,2,B,836279916,836279914,2
8163,680,3,U,836379918,836379914,4
8164,680,4,R,836479920,836479914,6
8165,680,5,G,836579920,836579914,6
8166,680,6,E,836679921,836679914,7
8167,680,7,N,836779922,836779914,8
8168,680,8,L,836879924,836879914,10
8169,680,9,A,836979924,836979914,10
8170,680,10,N,837079925,837079914,11
8171,680,11,D,837179926,837179914,12
8172,681,0,F,837279927,837279927,0
8173,681,1,H,837379928,837379927,1
8174,681,2,B,837479929,837479927,2
8175,681,3,U,837579931,837579927,4
8176,681,4,R,837679931,837679927,4
8177,681,5,G,837779933,837779927,6
8178,681,6,E,837879934,837879927,7
8179,681,7,N,837979935,837979927,8
8180,681,8,L,838079935,838079927,8
8181,681,9,A,838179936,838179927,9
8182,681,10,N,838279937,838279927,10
8183,681,11,D,838379938,838379927,11
8184,682,0,F,838479938,838479938,0
8185,682,1,H,838579939,838579938,1
8186,682,2,B,838679939,838679938,1
8187,682,3,U,838779940,838779938,2
8188,682,4,R,838879941,838879938,3
8189,682,5,G,838979941,838979938,3
8190,682,6,E,839079943,839079938,5
8191,682,7,N,839179944,839179938,6
8192,682,8,L,839279945,839279938,7
8193,682,9,A,839379946,839379938,8
8194,682,10,N,839479948,839479938,10
8195,682,11,D,839579949,839579938,11
8196,683,0,F,839679950,839679950,0
8197,683,1,H,839779951,839779950,1
8198,683,2,B,839879951,839879950,1
8199,683,3,U,839979952,839979950,2
8200,683,4,R,840079954,840079950,4
8201,683,5,G,840179955,840179950,5
8202,683,6,E,840279957,840279950,7
8203,683,7,N,840379958,840379950,8
8204,683,8,L,840479959,840479950,9
8205,683,9,A,840579959,840579950,9
8206,683,10,N,840679960,840679950,10
8207,683,11,D,840779961,840779950,11
8208,684,0,F,840879962,840879962,0
8209,684,1,H,840979963,840979962,1
8210,684,2,B,841079963,841079962,1
8211,684,3,U,841179963,841179962,1
8212,684,4,R,841279964,841279962,2
8213,684,5,G,841379965,841379962,3
8214,684,6,E,841479967,841479962,5
8215,684,7,N,841579968,841579962,6
8216,684,8,L,841679969,841679962,7
8217,684,9,A,841779970,841779962,8
8218,684,10,N,841879971,841879962,9
8219,684,11,D,841979971,841979962,9
8220,685,0,F,842079973,842079973,0
8221,685,1,H,842179974,842179973,1
8222,685,2,B,842279975,842279973,2
8223,685,3,U,842379977,842379973,4
8224,685,4,R,842479978,842479973,5
8225,685,5,G,842579979,842579973,6
8226,685,6,E,842679980,842679973,7
8227,685,7,N,842779981,842779973,8
8228,685,8,L,842879982,842879973,9
8229,685,9,A,842979983,842979973,10
8230,685,10,N,843079984,843079973,11
8231,685,11,D,843179985,843179973,12
8232,686,0,F,843279986,843279986,0
8233,686,1,H,843379987,843379986,1
8234,686,2,B,843479989,843479986,3
8235,686,3,U,843579991,843579986,5
8236,686,4,R,843679991,843679986,5
8237,686,5,G,843779992,843779986,6
8238,686,6,E,843879993,843879986,7
8239,686,7,N,843979994,843979986,8
8240,686,8,L,844079995,844079986,9
8241,686,9,A,844179996,844179986,10
8242,686,10,N,844279997,844279986,11
8243,686,11,D,844379998,844379986,12
8244,687,0,F,844479999,844479999,0
8245,687,1,H,844580000,844579999,1
8246,687,2,B,844680001,844679999,2
8247,687,3,U,844780001,844779999,2
8248,687,4,R,844880003,844879999,4
8249,687,5,G,844980004,844979999,5
8250,687,6,E,845080004,845079999,5
8251,687,7,N,845180004,845179999,5
8252,687,8,L,845280005,845279999,6
8253,687,9,A,845380005,845379999,6
8254,687,10,N,845480006,845479999,7
8255,687,11,D,845580006,845579999,7
8256,688,0,F,845680007,845680007,0
8257,688,1,H,845780008,845780007,1
8258,688,2,B,845880010,845880007,3
8259,688,3,U,845980011,845980007,4
8260,688,4,R,846080011,846080007,4
8261,688,5,G,846180012,846180007,5
8262,688,6,E,846280014,846280007,7
8263,688,7,N,846380015,846380007,8
8264,688,8,L,846480015,846480007,8
8265,688,9,A,846580016,846580007,9
8266,688,10,N,846680017,846680007,10
8267,688,11,D,846780017,846780007,10
8268,689,0,F,846880019,846880019,0
8269,689,1,H,846980019,846980019,0
8270,689,2,B,847080019,847080019,0
8271,689,3,U,847180020,847180019,1
8272,689,4,R,847280021,847280019,2
8273,689,5,G,847380022,847380019,3
8274,689,6,E,847480023,847480019,4
8275,689,7,N,847580023,847580019,4
8276,689,8,L,847680025,847680019,6
8277,689,9,A,847780025,847780019,6
8278,689,10,N,847880025,847880019,6
8279,689,11,D,847980026,847980019,7
8280,690,0,F,848080026,848080026,0
8281,690,1,H,848180026,848180026,0
8282,690,2,B,848280028,848280026,2
8283,690,3,U,848380029,848380026,3
8284,690,4,R,848480031,848480026,5
8285,690,5,G,848580032,848580026,6
8286,690,6,E,848680033,848680026,7
8287,690,7,N,848780034,848780026,8
8288,690,8,L,848880035,848880026,9
8289,690,9,A,848980036,848980026,10
8290,690,10,N,849080036,849080026,10
8291,690,11,D,849180037,849180026,11
8292,691,0,F,849280038,849280038,0
8293,691,1,H,849380039,849380038,1
8294,691,2,B,849480040,849480038,2
8295,691,3,U,849580041,849580038,3
8296,691,4,R,849680042,849680038,4
8297,691,5,G,849780043,849780038,5
8298,691,6,E,849880043,849880038,5
8299,691,7,N,849980045,849980038,7
8300,691,8,L,850080046,850080038,8
8301,691,9,A,850180047,850180038,9
8302,691,10,N,850280048,850280038,10
8303,691,11,D,850380048,850380038,10
8304,692,0,F,850480050,850480050,0
8305,692,1,H,850580051,850580050,1
8306,692,2,B,850680052,850680050,2
8307,692,3,U,850780052,850780050,2
8308,692,4,R,850880053,850880050,3
8309,692,5,G,850980055,850980050,5
8310,692,6,E,851080056,851080050,6
8311,692,7,N,851180057,851180050,7
8312,692,8,L,851280058,851280050,8
8313,692,9,A,851380058,851380050,8
8314,692,10,N,851480060,851480050,10
8315,692,11,D,851580061,851580050,11
8316,693,0,F,851680061,851680061,0
8317,693,1,H,851780062,851780061,1
8318,693,2,B,851880063,851880061,2
8319,693,3,U,851980064,851980061,3
8320,693,4,R,852080065,852080061,4
8321,693,5,G,852180067,852180061,6
8322,693,6,E,852280068,852280061,7
8323,693,7,N,852380069,852380061,8
8324,693,8,L,852480070,852480061,9
8325,693,9,A,852580071,852580061,10
8326,693,10,N,852680072,852680061,11
8327,693,11,D,852780073,852780061,12
8328,694,0,F,852880074,852880074,0
8329,694,1,H,852980075,852980074,1
8330,694,2,B,853080075,853080074,1
8331,694,3,U,853180076,853180074,2
8332,694,4,R,853280077,853280074,3
8333,694,5,G,853380079,853380074,5
8334,694,6,E,853480081,853480074,7
8335,694,7,N,853580082,853580074,8
8336,694,8,L,853680082,853680074,8
8337,694,9,A,853780082,853780074,8
8338,694,10,N,853880084,853880074,10
8339,694,11,D,853980085,853980074,11
8340,695,0,F,854080086,854080086,0
8341,695,1,H,854180087,854180086,1
8342,695,2,B,854280089,854280086,3
8343,695,3,U,854380090,854380086,4
8344,695,4,R,854480091,854480086,5
8345,695,5,G,854580092,854580086,6
8346,695,6,E,854680093,854680086,7
8347,695,7,N,854780095,854780086,9
8348,695,8,L,854880096,854880086,10
8349,695,9,A,854980097,854980086,11
8350,695,10,N,855080098,855080086,12
8351,695,11,D,855180099,855180086,13
8352,696,0,F,855280101,855280101,0
8353,696,1,H,855380102,855380101,1
8354,696,2,B,855480102,855480101,1
8355,696,3,U,855580102,855580101,1
8356,696,4,R,855680102,855680101,1
8357,696,5,G,855780102,855780101,1
8358,696,6,E,855880103,855880101,2
8359,696,7,N,855980104,855980101,3
8360,696,8,L,856080105,856080101,4
8361,696,9,A,856180106,856180101,5
8362,696,10,N,856280107,856280101,6
8363,696,11,D,856380109,856380101,8
8364,697,0,F,856480110,856480110,0
8365,697,1,H,856580111,856580110,1
8366,697,2,B,856680112,856680110,2
8367,697,3,U,856780113,856780110,3
8368,697,4,R,856880114,856880110,4
8369,697,5,G,856980115,856980110,5
8370,697,6,E,857080116,857080110,6
8371,697,7,N,857180117,857180110,7
8372,697,8,L,857280119,857280110,9
8373,697,9,A,857380120,857380110,10
8374,697,10,N,857480121,857480110,11
8375,697,11,D,857580123,857580110,13
8376,698,0,F,857680124,857680124,0
8377,698,1,H,857780124,857780124,0
8378,698,2,B,857880125,857880124,1
8379,698,3,U,857980126,857980124,2
8380,698,4,R,858080127,858080124,3
8381,698,5,G,858180128,858180124,4
8382,698,6,E,858280130,858280124,6
8383,698,7,N,858380131,858380124,7
8384,698,8,L,858480132,858480124,8
8385,698,9,A,858580133,858580124,9
8386,698,10,N,858680134,858680124,10
8387,698,11,D,858780135,858780124,11
8388,699,0,F,858880136,858880136,0
8389,699,1,H,858980137,858980136,1
8390,699,2,B,859080139,859080136,3
8391,699,3,U,859180140,859180136,4
8392,699,4,R,859280141,859280136,5
8393,699,5,G,859380142,859380136,6
8394,699,6,E,859480143,859480136,7
8395,699,7,N,859580144,859580136,8
8396,699,8,L,859680145,859680136,9
8397,699,9,A,859780146,859780136,10
8398,699,10,N,859880146,859880136,10
8399,699,11,D,859980147,859980136,11
8400,700,0,F,860080147,860080147,0
8401,700,1,H,860180148,860180147,1
8402,700,2,B,860280150,860280147,3
8403,700,3,U,860380151,860380147,4
8404,700,4,R,860480151,860480147,4
8405,700,5,G,860580152,860580147,5
8406,700,6,E,860680154,860680147,7
8407,700,7,N,860780154,860780147,7
8408,700,8,L,860880155,860880147,8
8409,700,9,A,860980156,860980147,9
8410,700,10,N,861080156,861080147,9
8411,700,11,D,861180157,861180147,10
8412,701,0,F,861280158,861280158,0
8413,701,1,H,861380160,861380158,2
8414,701,2,B,861480161,861480158,3
8415,701,3,U,861580162,861580158,4
8416,701,4,R,861680162,861680158,4
8417,701,5,G,861780163,861780158,5
8418,701,6,E,861880163,861880158,5
8419,701,7,N,861980164,861980158,6
8420,701,8,L,862080165,862080158,7
8421,701,9,A,862180166,862180158,8
8422,701,10,N,862280168,862280158,10
8423,701,11,D,862380170,862380158,12
8424,702,0,F,862480171,862480171,0
8425,702,1,H,862580172,862580171,1
8426,702,2,B,862680173,862680171,2
8427,702,3,U,862780174,862780171,3
8428,702,4,R,862880175,862880171,4
8429,702,5,G,862980175,862980171,4
8430,702,6,E,863080175,863080171,4
8431,702,7,N,863180176,863180171,5
8432,702,8,L,863280177,863280171,6
8433,702,9,A,863380178,863380171,7
8434,702,10,N,863480180,863480171,9
8435,702,11,D,863580182,863580171,11
8436,703,0,F,863680183,863680183,0
8437,703,1,H,863780184,863780183,1
8438,703,2,B,863880185,863880183,2
8439,703,3,U,863980185,863980183,2
8440,703,4,R,864080186,864080183,3
8441,703,5,G,864180187,864180183,4
8442,703,6,E,864280188,864280183,5
8443,703,7,N,864380188,864380183,5
8444,703,8,L,864480189,864480183,6
8445,703,9,A,864580191,864580183,8
8446,703,10,N,864680192,864680183,9
8447,703,11,D,864780193,864780183,10
8448,704,0,F,864880195,864880195,0
8449,704,1,H,864980197,864980195,2
8450,704,2,B,865080197,865080195,2
8451,704,3,U,865180198,865180195,3
8452,704,4,R,865280199,865280195,4
8453,704,5,G,865380200,865380195,5
8454,704,6,E,865480200,865480195,5
8455,704,7,N,865580201,865580195,6
8456,704,8,L,865680202,865680195,7
8457,704,9,A,865780203,865780195,8
8458,704,10,N,865880204,865880195,9
8459,704,11,D,865980205,865980195,10
8460,705,0,F,866080206,866080206,0
8461,705,1,H,866180207,866180206,1
8462,705,2,B,866280208,866280206,2
8463,705,3,U,866380209,866380206,3
8464,705,4,R,866480210,866480206,4
8465,705,5,G,866580211,866580206,5
8466,705,6,E,866680212,866680206,6
8467,705,7,N,866780214,866780206,8
8468,705,8,L,866880216,866880206,10
8469,705,9,A,866980216,866980206,10
8470,705,10,N,867080217,867080206,11
8471,705,11,D,867180218,867180206,12
8472,706,0,F,867280219,867280219,0
8473,706,1,H,867380220,867380219,1
8474,706,2,B,867480221,867480219,2
8475,706,3,U,867580222,867580219,3
8476,706,4,R,867680223,867680219,4
8477,706,5,G,867780223,867780219,4
8478,706,6,E,867880225,867880219,6
8479,706,7,N,867980226,867980219,7
8480,706,8,L,868080227,868080219,8
8481,706,9,A,868180228,868180219,9
8482,706,10,N,868280229,868280219,10
8483,706,11,D,868380230,868380219,11
8484,707,0,F,868480231,868480231,0
8485,707,1,H,868580232,868580231,1
8486,707,2,B,868680232,868680231,1
8487,707,3,U,868780233,868780231,2
8488,707,4,R,868880234,868880231,3
8489,707,5,G,868980234,868980231,3
8490,707,6,E,869080234,869080231,3
8491,707,7,N,869180235,869180231,4
8492,707,8,L,869280237,869280231,6
8493,707,9,A,869380238,869380231,7
8494,707,10,N,869480238,869480231,7
8495,707,11,D,869580239,869580231,8
8496,708,0,F,869680239,869680239,0
8497,708,1,H,869780240,869780239,1
8498,708,2,B,869880241,869880239,2
8499,708,3,U,869980241,869980239,2
8500,708,4,R,870080243,870080239,4
8501,708,5,G,870180244,870180239,5
8502,708,6,E,870280246,870280239,7
8503,708,7,N,870380248,870380239,9
8504,708,8,L,870480249,870480239,10
8505,708,9,A,870580250,870580239,11
8506,708,10,N,870680252,870680239,13
8507,708,11,D,870780253,870780239,14
8508,709,0,F,870880254,870880254,0
8509,709,1,H,870980255,870980254,1
8510,709,2,B,871080256,871080254,2
8511,709,3,U,871180257,871180254,3
8512,709,4,R,871280258,871280254,4
8513,709,5,G,871380259,871380254,5
8514,709,6,E,871480259,871480254,5
8515,709,7,N,871580260,871580254,6
8516,709,8,L,871680261,871680254,7
8517,709,9,A,871780262,871780254,8
8518,709,10,N,871880262,871880254,8
8519,709,11,D,871980264,871980254,10
8520,710,0,F,872080265,872080265,0
8521,710,1,H,872180265,872180265,0
8522,710,2,B,872280267,872280265,2
8523,710,3,U,872380268,872380265,3
8524,710,4,R,872480268,872480265,3
8525,710,5,G,872580269,872580265,4
8526,710,6,E,872680270,872680265,5
8527,710,7,N,872780271,872780265,6
8528,710,8,L,872880273,872880265,8
8529,710,9,A,872980274,872980265,9
8530,710,10,N,873080275,873080265,10
8531,710,11,D,873180276,873180265,11
8532,711,0,F,873280278,873280278,0
8533,711,1,H,873380279,873380278,1
8534,711,2,B,873480279,873480278,1
8535,711,3,U,873580280,873580278,2
8536,711,4,R,873680282,873680278,4
8537,711,5,G,873780282,873780278,4
8538,711,6,E,873880283,873880278,5
8539,711,7,N,873980284,873980278,6
8540,711,8,L,874080286,874080278,8
8541,711,9,A,874180287,874180278,9
8542,711,10,N,874280287,874280278,9
8543,711,11,D,874380288,874380278,10
8544,712,0,F,874480288,874480288,0
8545,712,1,H,874580289,874580288,1
8546,712,2,B,874680291,874680288,3
8547,712,3,U,874780292,874780288,4
8548,712,4,R,874880293,874880288,5
8549,712,5,G,874980294,874980288,6
8550,712,6,E,875080296,875080288,8
8551,712,7,N,875180296,875180288,8
8552,712,8,L,875280297,875280288,9
8553,712,9,A,875380298,875380288,10
8554,712,10,N,875480299,875480288,11
8555,712,11,D,875580300,875580288,12
8556,713,0,F,875680302,875680302,0
8557,713,1,H,875780303,875780302,1
8558,713,2,B,875880305,875880302,3
8559,713,3,U,875980306,875980302,4
8560,713,4,R,876080307,876080302,5
8561,713,5,G,876180308,876180302,6
8562,713,6,E,876280309,876280302,7
8563,713,7,N,876380309,876380302,7
8564,713,8,L,876480310,876480302,8
8565,713,9,A,876580312,876580302,10
8566,713,10,N,876680313,876680302,11
8567,713,11,D,876780314,876780302,12
8568,714,0,F,876880315,876880315,0
8569,714,1,H,876980317,876980315,2
8570,714,2,B,877080318,877080315,3
8571,714,3,U,877180320,877180315,5
8572,714,4,R,877280321,877280315,6
8573,714,5,G,877380322,877380315,7
8574,714,6,E,877480323,877480315,8
8575,714,7,N,877580324,877580315,9
8576,714,8,L,877680325,877680315,10
8577,714,9,A,877780325,877780315,10
8578,714,10,N,877880326,877880315,11
8579,714,11,D,877980327,877980315,12
8580,715,0,F,878080329,878080329,0
8581,715,1,H,878180331,878180329,2
8582,715,2,B,878280333,878280329,4
8583,715,3,U,878380333,878380329,4
8584,715,4,R,878480335,878480329,6
8585,715,5,G,878580336,878580329,7
8586,715,6,E,878680336,878680329,7
8587,715,7,N,878780338,878780329,9
8588,715,8,L,878880339,878880329,10
8589,715,9,A,878980339,878980329,10
8590,715,10,N,879080339,879080329,10
8591,715,11,D,879180340,879180329,11
8592,716,0,F,879280341,879280341,0
8593,716,1,H,879380342,879380341,1
8594,716,2,B,879480343,879480341,2
8595,716,3,U,879580343,879580341,2
8596,716,4,R,879680345,879680341,4
8597,716,5,G,879780345,879780341,4
8598,716,6,E,879880346,879880341,5
8599,716,7,N,879980348,879980341,7
8600,716,8,L,880080349,880080341,8
8601,716,9,A,880180350,880180341,9
8602,716,10,N,880280351,880280341,10
8603,716,11,D,880380351,880380341,10
8604,717,0,F,880480352,880480352,0
8605,717,1,H,880580353,880580352,1
8606,717,2,B,880680354,880680352,2
8607,717,3,U,880780354,880780352,2
8608,717,4,R,880880355,880880352,3
8609,717,5,G,880980357,880980352,5
8610,717,6,E,881080358,881080352,6
8611,717,7,N,881180359,881180352,7
8612,717,8,L,881280360,881280352,8
8613,717,9,A,881380360,881380352,8
8614,717,10,N,881480362,881480352,10
8615,717,11,D,881580364,881580352,12
8616,718,0,F,881680364,881680364,0
8617,718,1,H,881780364,881780364,0
8618,718,2,B,881880365,881880364,1
8619,718,3,U,881980366,881980364,2
8620,718,4,R,882080367,882080364,3
8621,718,5,G,882180368,882180364,4
8622,718,6,E,882280369,882280364,5
8623,718,7,N,882380370,882380364,6
8624,718,8,L,882480371,882480364,7
8625,718,9,A,882580372,882580364,8
8626,718,10,N,882680372,882680364,8
8627,718,11,D,882780374,882780364,10
8628,719,0,F,882880374,882880374,0
8629,719,1,H,882980375,882980374,1
8630,719,2,B,883080376,883080374,2
8631,719,3,U,883180377,883180374,3
8632,719,4,R,883280378,883280374,4
8633,719,5,G,883380379,883380374,5
8634,719,6,E,883480381,883480374,7
8635,719,7,N,883580382,883580374,8
8636,719,8,L,883680383,883680374,9
8637,719,9,A,883780383,883780374,9
8638,719,10,N,883880385,883880374,11
8639,719,11,D,883980386,883980374,12
8640,720,0,F,884080387,884080387,0
8641,720,1,H,884180388,884180387,1
8642,720,2,B,884280388,884280387,1
8643,720,3,U,884380390,884380387,3
8644,720,4,R,884480391,884480387,4
8645,720,5,G,884580392,884580387,5
8646,720,6,E,884680392,884680387,5
8647,720,7,N,884780393,884780387,6
8648,720,8,L,884880395,884880387,8
8649,720,9,A,884980396,884980387,9
8650,720,10,N,885080397,885080387,10
8651,720,11,D,885180398,885180387,11
8652,721,0,F,885280399,885280399,0
8653,721,1,H,885380400,885380399,1
8654,721,2,B,885480401,885480399,2
8655,721,3,U,885580402,885580399,3
8656,721,4,R,885680404,885680399,5
8657,721,5,G,885780405,885780399,6
8658,721,6,E,885880407,885880399,8
8659,721,7,N,885980408,885980399,9
8660,721,8,L,886080409,886080399,10
8661,721,9,A,886180410,886180399,11
8662,721,10,N,886280411,886280399,12
8663,721,11,D,886380412,886380399,13
8664,722,0,F,886480413,886480413,0
8665,722,1,H,886580414,886580413,1
8666,722,2,B,886680415,886680413,2
8667,722,3,U,886780416,886780413,3
8668,722,4,R,886880417,886880413,4
8669,722,5,G,886980418,886980413,5
8670,722,6,E,887080420,887080413,7
8671,722,7,N,887180420,887180413,7
8672,722,8,L,887280421,887280413,8
8673,722,9,A,887380422,887380413,9
8674,722,10,N,887480422,887480413,9
8675,722,11,D,887580422,887580413,9
8676,723,0,F,887680423,887680423,0
8677,723,1,H,887780423,887780423,0
8678,723,2,B,887880424,887880423,1
8679,723,3,U,887980425,887980423,2
8680,723,4,R,888080426,888080423,3
8681,723,5,G,888180427,888180423,4
8682,723,6,E,888280428,888280423,5
8683,723,7,N,888380429,888380423,6
8684,723,8,L,888480429,888480423,6
8685,723,9,A,888580430,888580423,7
8686,723,10,N,888680430,888680423,7
8687,723,11,D,888780430,888780423,7
8688,724,0,F,888880431,888880431,0
8689,724,1,H,888980431,888980431,0
8690,724,2,B,889080432,889080431,1
8691,724,3,U,889180433,889180431,2
8692,724,4,R,889280434,889280431,3
8693,724,5,G,889380435,889380431,4
8694,724,6,E,889480437,889480431,6
8695,724,7,N,889580439,889580431,8
8696,724,8,L,889680439,889680431,8
8697,724,9,A,889780440,889780431,9
8698,724,10,N,889880441,889880431,10
8699,724,11,D,889980442,889980431,11
8700,725,0,F,890080444,890080444,0
8701,725,1,H,890180445,890180444,1
8702,725,2,B,890280446,890280444,2
8703,725,3,U,890380446,890380444,2
8704,725,4,R,890480447,890480444,3
8705,725,5,G,890580448,890580444,4
8706,725,6,E,890680449,890680444,5
8707,725,7,N,890780450,890780444,6
8708,725,8,L,890880451,890880444,7
8709,725,9,A,890980452,890980444,8
8710,725,10,N,891080453,891080444,9
8711,725,11,D,891180454,891180444,10
8712,726,0,F,891280455,891280455,0
8713,726,1,H,891380456,891380455,1
8714,726,2,B,891480457,891480455,2
8715,726,3,U,891580457,891580455,2
8716,726,4,R,891680457,891680455,2
8717,726,5,G,891780458,891780455,3
8718,726,6,E,891880458,891880455,3
8719,726,7,N,891980459,891980455,4
8720,726,8,L,892080460,892080455,5
8721,726,9,A,892180461,892180455,6
8722,726,10,N,892280462,892280455,7
8723,726,11,D,892380463,892380455,8
8724,727,0,F,892480464,892480464,0
8725,727,1,H,892580465,892580464,1
8726,727,2,B,892680467,892680464,3
8727,727,3,U,892780468,892780464,4
8728,727,4,R,892880468,892880464,4
8729,727,5,G,892980469,892980464,5
8730,727,6,E,893080470,893080464,6
8731,727,7,N,893180471,893180464,7
8732,727,8,L,893280472,893280464,8
8733,727,9,A,893380473,893380464,9
8734,727,10,N,893480474,893480464,10
8735,727,11,D,893580475,893580464,11
8736,728,0,F,893680476,893680476,0
8737,728,1,H,893780477,893780476,1
8738,728,2,B,893880478,893880476,2
8739,728,3,U,893980479,893980476,3
8740,728,4,R,894080481,894080476,5
8741,728,5,G,894180483,894180476,7
8742,728,6,E,894280485,894280476,9
8743,728,7,N,894380486,894380476,10
8744,728,8,L,894480487,894480476,11
8745,728,9,A,894580488,894580476,12
8746,728,10,N,894680489,894680476,13
8747,728,11,D,894780490,894780476,14
8748,729,0,F,894880491,894880491,0
8749,729,1,H,894980493,894980491,2
8750,729,2,B,895080493,895080491,2
8751,729,3,U,895180494,895180491,3
8752,729,4,R,895280496,895280491,5
8753,729,5,G,895380497,895380491,6
8754,729,6,E,895480498,895480491,7
8755,729,7,N,895580499,895580491,8
8756,729,8,L,895680500,895680491,9
8757,729,9,A,895780501,895780491,10
8758,729,10,N,895880501,895880491,10
8759,729,11,D,895980502,895980491,11
8760,730,0,F,896080502,896080502,0
8761,730,1,H,896180503,896180502,1
8762,730,2,B,896280504,896280502,2
8763,730,3,U,896380505,896380502,3
8764,730,4,R,896480506,896480502,4
8765,730,5,G,896580507,896580502,5
8766,730,6,E,896680508,896680502,6
8767,730,7,N,896780508,896780502,6
8768,730,8,L,896880510,896880502,8
8769,730,9,A,896980511,896980502,9
8770,730,10,N,897080511,897080502,9
8771,730,11,D,897180512,897180502,10
8772,731,0,F,897280514,897280514,0
8773,731,1,H,897380515,897380514,1
8774,731,2,B,897480516,897480514,2
8775,731,3,U,897580517,897580514,3
8776,731,4,R,897680518,897680514,4
8777,731,5,G,897780519,897780514,5
8778,731,6,E,897880519,897880514,5
8779,731,7,N,897980521,897980514,7
8780,731,8,L,898080521,898080514,7
8781,731,9,A,898180521,898180514,7
8782,731,10,N,898280522,898280514,8
8783,731,11,D,898380522,898380514,8
8784,732,0,F,898480523,898480523,0
8785,732,1,H,898580523,898580523,0
8786,732,2,B,898680524,898680523,1
8787,732,3,U,898780525,898780523,2
8788,732,4,R,898880525,898880523,2
8789,732,5,G,898980526,898980523,3
8790,732,6,E,899080527,899080523,4
8791,732,7,N,899180528,899180523,5
8792,732,8,L,899280530,899280523,7
8793,732,9,A,899380530,899380523,7
8794,732,10,N,899480532,899480523,9
8795,732,11,D,899580533,899580523,10
8796,733,0,F,899680534,899680534,0
8797,733,1,H,899780536,899780534,2
8798,733,2,B,899880537,899880534,3
8799,733,3,U,899980538,899980534,4
8800,733,4,R,900080538,900080534,4
8801,733,5,G,900180539,900180534,5
8802,733,6,E,900280541,900280534,7
8803,733,7,N,900380543,900380534,9
8804,733,8,L,900480544,900480534,10
8805,733,9,A,900580546,900580534,12
8806,733,10,N,900680547,900680534,13
8807,733,11,D,900780548,900780534,14
8808,734,0,F,900880549,900880549,0
8809,734,1,H,900980549,900980549,0
8810,734,2,B,901080550,901080549,1
8811,734,3,U,901180552,901180549,3
8812,734,4,R,901280553,901280549,4
8813,734,5,G,901380553,901380549,4
8814,734,6,E,901480555,901480549,6
8815,734,7,N,901580556,901580549,7
8816,734,8,L,901680558,901680549,9
8817,734,9,A,901780558,901780549,9
8818,734,10,N,901880560,901880549,11
8819,734,11,D,901980560,901980549,11
8820,735,0,F,902080561,902080561,0
8821,735,1,H,902180561,902180561,0
8822,735,2,B,902280562,902280561,1
8823,735,3,U,902380563,902380561,2
8824,735,4,R,902480565,902480561,4
8825,735,5,G,902580567,902580561,6
8826,735,6,E,902680568,902680561,7
8827,735,7,N,902780569,902780561,8
8828,735,8,L,902880570,902880561,9
8829,735,9,A,902980572,902980561,11
8830,735,10,N,903080573,903080561,12
8831,735,11,D,903180573,903180561,12
8832,736,0,F,903280574,903280574,0
8833,736,1,H,903380575,903380574,1
8834,736,2,B,903480576,903480574,2
8835,736,3,U,903580577,903580574,3
8836,736,4,R,903680578,903680574,4
8837,736,5,G,903780579,903780574,5
8838,736,6,E,903880580,903880574,6
8839,736,7,N,903980582,903980574,8
8840,736,8,L,904080583,904080574,9
8841,736,9,A,904180584,904180574,10
8842,736,10,N,904280585,904280574,11
8843,736,11,D,904380586,904380574,12
8844,737,0,F,904480587,904480587,0
8845,737,1,H,904580588,904580587,1
8846,737,2,B,904680590,904680587,3
8847,737,3,U,904780591,904780587,4
8848,737,4,R,904880593,904880587,6
8849,737,5,G,904980594,904980587,7
8850,737,6,E,905080595,905080587,8
8851,737,7,N,905180596,905180587,9
8852,737,8,L,905280597,905280587,10
8853,737,9,A,905380598,905380587,11
8854,737,10,N,905480598,905480587,11
8855,737,11,D,905580599,905580587,12
8856,738,0,F,905680600,905680600,0
8857,738,1,H,905780602,905780600,2
8858,738,2,B,905880603,905880600,3
8859,738,3,U,905980605,905980600,5
8860,738,4,R,906080605,906080600,5
8861,738,5,G,906180606,906180600,6
8862,738,6,E,906280607,906280600,7
8863,738,7,N,906380608,906380600,8
8864,738,8,L,906480609,906480600,9
8865,738,9,A,906580610,906580600,10
8866,738,10,N,906680611,906680600,11
8867,738,11,D,906780613,906780600,13
8868,739,0,F,906880614,906880614,0
8869,739,1,H,906980615,906980614,1
8870,739,2,B,907080616,907080614,2
8871,739,3,U,907180617,907180614,3
8872,739,4,R,907280618,907280614,4
8873,739,5,G,907380619,907380614,5
8874,739,6,E,907480620,907480614,6
8875,739,7,N,907580622,907580614,8
8876,739,8,L,907680623,907680614,9
8877,739,9,A,907780624,907780614,10
8878,739,10,N,907880625,907880614,11
8879,739,11,D,907980627,907980614,13
8880,740,0,F,908080628,908080628,0
8881,740,1,H,908180629,908180628,1
8882,740,2,B,908280631,908280628,3
8883,740,3,U,908380632,908380628,4
8884,740,4,R,908480633,908480628,5
8885,740,5,G,908580634,908580628,6
8886,740,6,E,908680635,908680628,7
8887,740,7,N,908780636,908780628,8
8888,740,8,L,908880637,908880628,9
8889,740,9,A,908980638,908980628,10
8890,740,10,N,909080638,909080628,10
8891,740,11,D,909180639,909180628,11
8892,741,0,F,909280641,909280641,0
8893,741,1,H,909380641,909380641,0
8894,741,2,B,909480642,909480641,1
8895,741,3,U,909580642,909580641,1
8896,741,4,R,909680643,909680641,2
8897,741,5,G,909780644,909780641,3
8898,741,6,E,909880645,909880641,4
8899,741,7,N,909980645,909980641,4
8900,741,8,L,910080647,910080641,6
8901,741,9,A,910180648,910180641,7
8902,741,10,N,910280649,910280641,8
8903,741,11,D,910380650,910380641,9
8904,742,0,F,910480652,910480652,0
8905,742,1,H,910580653,910580652,1
8906,742,2,B,910680654,910680652,2
8907,742,3,U,910780655,910780652,3
8908,742,4,R,910880655,910880652,3
8909,742,5,G,910980656,910980652,4
8910,742,6,E,911080657,911080652,5
8911,742,7,N,911180658,911180652,6
8912,742,8,L,911280659,911280652,7
8913,742,9,A,911380660,911380652,8
8914,742,10,N,911480662,911480652,10
8915,742,11,D,911580663,911580652,11
8916,743,0,F,911680664,911680664,0
8917,743,1,H,911780665,911780664,1
8918,743,2,B,911880666,911880664,2
8919,743,3,U,911980667,911980664,3
8920,743,4,R,912080668,912080664,4
8921,743,5,G,912180670,912180664,6
8922,743,6,E,912280672,912280664,8
8923,743,7,N,912380672,912380664,8
8924,743,8,L,912480674,912480664,10
8925,743,9,A,912580676,912580664,12
8926,743,10,N,912680677,912680664,13
8927,743,11,D,912780679,912780664,15
8928,744,0,F,912880680,912880680,0
8929,744,1,H,912980681,912980680,1
8930,744,2,B,913080683,913080680,3
8931,744,3,U,913180685,913180680,5
8932,744,4,R,913280686,913280680,6
8933,744,5,G,913380687,913380680,7
8934,744,6,E,913480689,913480680,9
8935,744,7,N,913580690,913580680,10
8936,744,8,L,913680690,913680680,10
8937,744,9,A,913780691,913780680,11
8938,744,10,N,913880692,913880680,12
8939,744,11,D,913980694,913980680,14
8940,745,0,F,914080695,914080695,0
8941,745,1,H,914180695,914180695,0
8942,745,2,B,914280696,914280695,1
8943,745,3,U,914380697,914380695,2
8944,745,4,R,914480698,914480695,3
8945,745,5,G,914580699,914580695,4
8946,745,6,E,914680700,914680695,5
8947,745,7,N,914780701,914780695,6
8948,745,8,L,914880702,914880695,7
8949,745,9,A,914980703,914980695,8
8950,745,10,N,915080704,915080695,9
8951,745,11,D,915180705,915180695,10
8952,746,0,F,915280706,915280706,0
8953,746,1,H,915380707,915380706,1
8954,746,2,B,915480708,915480706,2
8955,746,3,U,915580709,915580706,3
8956,746,4,R,915680709,915680706,3
8957,746,5,G,915780710,915780706,4
8958,746,6,E,915880710,915880706,4
8959,746,7,N,915980711,915980706,5
8960,746,8,L,916080711,916080706,5
8961,746,9,A,916180712,916180706,6
8962,746,10,N,916280714,916280706,8
8963,746,11,D,916380715,916380706,9
8964,747,0,F,916480716,916480716,0
8965,747,1,H,916580718,916580716,2
8966,747,2,B,916680719,916680716,3
8967,747,3,U,916780721,916780716,5
8968,747,4,R,916880721,916880716,5
8969,747,5,G,916980722,916980716,6
8970,747,6,E,917080723,917080716,7
8971,747,7,N,917180724,917180716,8
8972,747,8,L,917280725,917280716,9
8973,747,9,A,917380725,917380716,9
8974,747,10,N,917480726,917480716,10
8975,747,11,D,917580726,917580716,10
8976,748,0,F,917680728,917680728,0
8977,748,1,H,917780729,917780728,1
8978,748,2,B,917880729,917880728,1
8979,748,3,U,917980730,917980728,2
8980,748,4,R,918080732,918080728,4
8981,748,5,G,918180732,918180728,4
8982,748,6,E,918280733,918280728,5
8983,748,7,N,918380734,918380728,6
8984,748,8,L,918480735,918480728,7
8985,748,9,A,918580736,918580728,8
8986,748,10,N,918680736,918680728,8
8987,748,11,D,918780737,918780728,9
8988,749,0,F,918880738,918880738,0
8989,749,1,H,918980739,918980738,1
8990,749,2,B,919080740,919080738,2
8991,749,3,U,919180741,919180738,3
8992,749,4,R,919280742,919280738,4
8993,749,5,G,919380743,919380738,5
8994,749,6,E,919480744,919480738,6
8995,749,7,N,919580745,919580738,7
8996,749,8,L,919680747,919680738,9
8997,749,9,A,919780747,919780738,9
8998,749,10,N,919880748,919880738,10
8999,749,11,D,919980750,919980738,12
9000,750,0,F,920080751,920080751,0
9001,750,1,H,920180751,920180751,0
9002,750,2,B,920280751,920280751,0
9003,750,3,U,920380753,920380751,2
9004,750,4,R,920480754,920480751,3
9005,750,5,G,920580755,920580751,4
9006,750,6,E,920680755,920680751,4
9007,750,7,N,920780756,920780751,5
9008,750,8,L,920880756,920880751,5
9009,750,9,A,920980758,920980751,7
9010,750,10,N,921080759,921080751,8
9011,750,11,D,921180759,921180751,8
9012,751,0,F,921280760,921280760,0
9013,751,1,H,921380761,921380760,1
9014,751,2,B,921480762,921480760,2
9015,751,3,U,921580763,921580760,3
9016,751,4,R,921680764,921680760,4
9017,751,5,G,921780765,921780760,5
9018,751,6,E,921880766,921880760,6
9019,751,7,N,921980767,921980760,7
9020,751,8,L,922080768,922080760,8
9021,751,9,A,922180768,922180760,8
9022,751,10,N,922280769,922280760,9
9023,751,11,D,922380769,922380760,9
9024,752,0,F,922480770,922480770,0
9025,752,1,H,922580771,922580770,1
9026,752,2,B,922680771,922680770,1
9027,752,3,U,922780771,922780770,1
9028,752,4,R,922880772,922880770,2
9029,752,5,G,922980772,922980770,2
9030,752,6,E,923080773,923080770,3
9031,752,7,N,923180774,923180770,4
9032,752,8,L,923280775,923280770,5
9033,752,9,A,923380776,923380770,6
9034,752,10,N,923480778,923480770,8
9035,752,11,D,923580779,923580770,9
9036,753,0,F,923680780,923680780,0
9037,753,1,H,923780781,923780780,1
9038,753,2,B,923880782,923880780,2
9039,753,3,U,923980783,923980780,3
9040,753,4,R,924080784,924080780,4
9041,753,5,G,924180784,924180780,4
9042,753,6,E,924280786,924280780,6
9043,753,7,N,924380786,924380780,6
9044,753,8,L,924480787,924480780,7
9045,753,9,A,924580788,924580780,8
9046,753,10,N,924680788,924680780,8
9047,753,11,D,924780789,924780780,9
9048,754,0,F,924880791,924880791,0
9049,754,1,H,924980793,924980791,2
9050,754,2,B,925080795,925080791,4
9051,754,3,U,925180796,925180791,5
9052,754,4,R,925280796,925280791,5
9053,754,5,G,925380797,925380791,6
9054,754,6,E,925480798,925480791,7
9055,754,7,N,925580799,925580791,8
9056,754,8,L,925680801,925680791,10
9057,754,9,A,925780801,925780791,10
9058,754,10,N,925880803,925880791,12
9059,754,11,D,925980805,925980791,14
9060,755,0,F,926080806,926080806,0
9061,755,1,H,926180807,926180806,1
9062,755,2,B,926280809,926280806,3
9063,755,3,U,926380810,926380806,4
9064,755,4,R,926480811,926480806,5
9065,755,5,G,926580811,926580806,5
9066,755,6,E,926680813,926680806,7
9067,755,7,N,926780814,926780806,8
9068,755,8,L,926880815,926880806,9
9069,755,9,A,926980816,926980806,10
9070,755,10,N,927080818,927080806,12
9071,755,11,D,927180819,927180806,13
9072,756,0,F,927280820,927280820,0
9073,756,1,H,927380821,927380820,1
9074,756,2,B,927480821,927480820,1
9075,756,3,U,927580822,927580820,2
9076,756,4,R,927680824,927680820,4
9077,756,5,G,927780825,927780820,5
9078,756,6,E,927880827,927880820,7
9079,756,7,N,927980827,927980820,7
9080,756,8,L,928080828,928080820,8
9081,756,9,A,928180829,928180820,9
9082,756,10,N,928280830,928280820,10
9083,756,11,D,928380831,928380820,11
9084,757,0,F,928480833,928480833,0
9085,757,1,H,928580834,928580833,1
9086,757,2,B,928680835,928680833,2
9087,757,3,U,928780836,928780833,3
9088,757,4,R,928880837,928880833,4
9089,757,5,G,928980838,928980833,5
9090,757,6,E,929080838,929080833,5
9091,757,7,N,929180839,929180833,6
9092,757,8,L,929280841,929280833,8
9093,757,9,A,929380841,929380833,8
9094,757,10,N,929480842,929480833,9
9095,757,11,D,929580843,929580833,10
9096,758,0,F,929680845,929680845,0
9097,758,1,H,929780846,929780845,1
9098,758,2,B,929880847,929880845,2
9099,758,3,U,929980848,929980845,3
9100,758,4,R,930080848,930080845,3
9101,758,5,G,930180849,930180845,4
9102,758,6,E,930280850,930280845,5
9103,758,7,N,930380851,930380845,6
9104,758,8,L,930480853,930480845,8
9105,758,9,A,930580853,930580845,8
9106,758,10,N,930680854,930680845,9
9107,758,11,D,930780855,930780845,10
9108,759,0,F,930880856,930880856,0
9109,759,1,H,930980857,930980856,1
9110,759,2,B,931080857,931080856,1
9111,759,3,U,931180858,931180856,2
9112,759,4,R,931280860,931280856,4
9113,759,5,G,931380861,931380856,5
9114,759,6,E,931480862,931480856,6
9115,759,7,N,931580863,931580856,7
9116,759,8,L,931680864,931680856,8
9117,759,9,A,931780865,931780856,9
9118,759,10,N,931880866,931880856,10
9119,759,11,D,931980867,931980856,11
9120,760,0,F,932080868,932080868,0
9121,760,1,H,932180869,932180868,1
9122,760,2,B,932280870,932280868,2
9123,760,3,U,932380872,932380868,4
9124,760,4,R,932480873,932480868,5
9125,760,5,G,932580874,932580868,6
9126,760,6,E,932680875,932680868,7
9127,760,7,N,932780876,932780868,8
9128,760,8,L,932880877,932880868,9
9129,760,9,A,932980878,932980868,10
9130,760,10,N,933080878,933080868,10
9131,760,11,D,933180879,933180868,11
9132,761,0,F,933280881,933280881,0
9133,761,1,H,933380882,933380881,1
9134,761,2,B,933480884,933480881,3
9135,761,3,U,933580884,933580881,3
9136,761,4,R,933680885,933680881,4
9137,761,5,G,933780886,933780881,5
9138,761,6,E,933880887,933880881,6
9139,761,7,N,933980888,933980881,7
9140,761,8,L,934080889,934080881,8
9141,761,9,A,934180890,934180881,9
9142,761,10,N,934280891,934280881,10
9143,761,11,D,934380892,934380881,11
9144,762,0,F,934480893,934480893,0
9145,762,1,H,934580893,934580893,0
9146,762,2,B,934680894,934680893,1
9147,762,3,U,934780895,934780893,2
9148,762,4,R,934880896,934880893,3
9149,762,5,G,934980898,934980893,5
9150,762,6,E,935080899,935080893,6
9151,762,7,N,935180900,935180893,7
9152,762,8,L,935280902,935280893,9
9153,762,9,A,935380904,935380893,11
9154,762,10,N,935480905,935480893,12
9155,762,11,D,935580906,935580893,13
9156,763,0,F,935680907,935680907,0
9157,763,1,H,935780908,935780907,1
9158,763,2,B,935880909,935880907,2
9159,763,3,U,935980910,935980907,3
9160,763,4,R,936080910,936080907,3
9161,763,5,G,936180911,936180907,4
9162,763,6,E,936280913,936280907,6
9163,763,7,N,936380914,936380907,7
9164,763,8,L,936480915,936480907,8
9165,763,9,A,936580916,936580907,9
9166,763,10,N,936680917,936680907,10
9167,763,11,D,936780918,936780907,11
9168,764,0,F,936880919,936880919,0
9169,764,1,H,936980920,936980919,1
9170,764,2,B,937080921,937080919,2
9171,764,3,U,937180921,937180919,2
9172,764,4,R,937280922,937280919,3
9173,764,5,G,937380923,937380919,4
9174,764,6,E,937480924,937480919,5
9175,764,7,N,937580925,937580919,6
9176,764,8,L,937680925,937680919,6
9177,764,9,A,937780926,937780919,7
9178,764,10,N,937880927,937880919,8
9179,764,11,D,937980928,937980919,9
9180,765,0,F,938080929,938080929,0
9181,765,1,H,938180930,938180929,1
9182,765,2,B,938280931,938280929,2
9183,765,3,U,938380932,938380929,3
9184,765,4,R,938480933,938480929,4
9185,765,5,G,938580934,938580929,5
9186,765,6,E,938680935,938680929,6
9187,765,7,N,938780936,938780929,7
9188,765,8,L,938880937,938880929,8
9189,765,9,A,938980939,938980929,10
9190,765,10,N,939080939,939080929,10
9191,765,11,D,939180940,939180929,11
9192,766,0,F,939280942,939280942,0
9193,766,1,H,939380944,939380942,2
9194,766,2,B,939480945,939480942,3
9195,766,3,U,939580946,939580942,4
9196,766,4,R,939680947,939680942,5
9197,766,5,G,939780948,939780942,6
9198,766,6,E,939880949,939880942,7
9199,766,7,N,939980950,939980942,8
9200,766,8,L,940080951,940080942,9
9201,766,9,A,940180952,940180942,10
9202,766,10,N,940280953,940280942,11
9203,766,11,D,940380955,940380942,13
9204,767,0,F,940480956,940480956,0
9205,767,1,H,940580956,940580956,0
9206,767,2,B,940680957,940680956,1
9207,767,3,U,940780959,940780956,3
9208,767,4,R,940880960,940880956,4
9209,767,5,G,940980960,940980956,4
9210,767,6,E,941080961,941080956,5
9211,767,7,N,941180962,941180956,6
9212,767,8,L,941280963,941280956,7
9213,767,9,A,941380963,941380956,7
9214,767,10,N,941480964,941480956,8
9215,767,11,D,941580965,941580956,9
9216,768,0,F,941680965,941680965,0
9217,768,1,H,941780966,941780965,1
9218,768,2,B,941880967,941880965,2
9219,768,3,U,941980969,941980965,4
9220,768,4,R,942080970,942080965,5
9221,768,5,G,942180971,942180965,6
9222,768,6,E,942280972,942280965,7
9223,768,7,N,942380972,942380965,7
9224,768,8,L,942480972,942480965,7
9225,768,9,A,942580973,942580965,8
9226,768,10,N,942680974,942680965,9
9227,768,11,D,942780975,942780965,10
9228,769,0,F,942880976,942880976,0
9229,769,1,H,942980978,942980976,2
9230,769,2,B,943080979,943080976,3
9231,769,3,U,943180980,943180976,4
9232,769,4,R,943280982,943280976,6
9233,769,5,G,943380983,943380976,7
9234,769,6,E,943480984,943480976,8
9235,769,7,N,943580986,943580976,10
9236,769,8,L,943680986,943680976,10
9237,769,9,A,943780986,943780976,10
9238,769,10,N,943880987,943880976,11
9239,769,11,D,943980988,943980976,12
9240,770,0,F,944080989,944080989,0
9241,770,1,H,944180990,944180989,1
9242,770,2,B,944280991,944280989,2
9243,770,3,U,944380992,944380989,3
9244,770,4,R,944480993,944480989,4
9245,770,5,G,944580995,944580989,6
9246,770,6,E,944680995,944680989,6
9247,770,7,N,944780997,944780989,8
9248,770,8,L,944880998,944880989,9
9249,770,9,A,944981000,944980989,11
9250,770,10,N,945081000,945080989,11
9251,770,11,D,945181000,945180989,11
9252,771,0,F,945281001,945281001,0
9253,771,1,H,945381002,945381001,1
9254,771,2,B,945481003,945481001,2
9255,771,3,U,945581004,945581001,3
9256,771,4,R,945681005,945681001,4
9257,771,5,G,945781005,945781001,4
9258,771,6,E,945881006,945881001,5
9259,771,7,N,945981007,945981001,6
9260,771,8,L,946081009,946081001,8
9261,771,9,A,946181010,946181001,9
9262,771,10,N,946281012,946281001,11
9263,771,11,D,946381013,946381001,12
9264,772,0,F,946481015,946481015,0
9265,772,1,H,946581016,946581015,1
9266,772,2,B,946681017,946681015,2
9267,772,3,U,946781019,946781015,4
9268,772,4,R,946881020,946881015,5
9269,772,5,G,946981021,946981015,6
9270,772,6,E,947081022,947081015,7
9271,772,7,N,947181023,947181015,8
9272,772,8,L,947281025,947281015,10
9273,772,9,A,947381026,947381015,11
9274,772,10,N,947481027,947481015,12
9275,772,11,D,947581027,947581015,12
9276,773,0,F,947681028,947681028,0
9277,773,1,H,947781028,947781028,0
9278,773,2,B,947881028,947881028,0
9279,773,3,U,947981030,947981028,2
9280,773,4,R,948081031,948081028,3
9281,773,5,G,948181031,948181028,3
9282,773,6,E,948281033,948281028,5
9283,773,7,N,948381034,948381028,6
9284,773,8,L,948481035,948481028,7
9285,773,9,A,948581035,948581028,7
9286,773,10,N,948681036,948681028,8
9287,773,11,D,948781037,948781028,9
9288,774,0,F,948881038,948881038,0
9289,774,1,H,948981039,948981038,1
9290,774,2,B,949081040,949081038,2
9291,774,3,U,949181041,949181038,3
9292,774,4,R,949281042,949281038,4
9293,774,5,G,949381042,949381038,4
9294,774,6,E,949481043,949481038,5
9295,774,7,N,949581045,949581038,7
9296,774,8,L,949681046,949681038,8
9297,774,9,A,949781048,949781038,10
9298,774,10,N,949881049,949881038,11
9299,774,11,D,949981050,949981038,12
9300,775,0,F,950081051,950081051,0
9301,775,1,H,950181052,950181051,1
9302,775,2,B,950281053,950281051,2
9303,775,3,U,950381054,950381051,3
9304,775,4,R,950481054,950481051,3
9305,775,5,G,950581055,950581051,4
9306,775,6,E,950681056,950681051,5
9307,775,7,N,950781057,950781051,6
9308,775,8,L,950881058,950881051,7
9309,775,9,A,950981059,950981051,8
9310,775,10,N,951081060,951081051,9
9311,775,11,D,951181062,951181051,11
9312,776,0,F,951281063,951281063,0
9313,776,1,H,951381064,951381063,1
9314,776,2,B,951481065,951481063,2
9315,776,3,U,951581067,951581063,4
9316,776,4,R,951681068,951681063,5
9317,776,5,G,951781069,951781063,6
9318,776,6,E,951881070,951881063,7
9319,776,7,N,951981071,951981063,8
9320,776,8,L,952081072,952081063,9
9321,776,9,A,952181073,952181063,10
9322,776,10,N,952281075,952281063,12
9323,776,11,D,952381076,952381063,13
9324,777,0,F,952481077,952481077,0
9325,777,1,H,952581078,952581077,1
9326,777,2,B,952681079,952681077,2
9327,777,3,U,952781080,952781077,3
9328,777,4,R,952881082,952881077,5
9329,777,5,G,952981083,952981077,6
9330,777,6,E,953081084,953081077,7
9331,777,7,N,953181086,953181077,9
9332,777,8,L,953281086,953281077,9
9333,777,9,A,953381087,953381077,10
9334,777,10,N,953481088,953481077,11
9335,777,11,D,953581089,953581077,12
9336,778,0,F,953681090,953681090,0
9337,778,1,H,953781090,953781090,0
9338,778,2,B,953881091,953881090,1
9339,778,3,U,953981091,953981090,1
9340,778,4,R,954081092,954081090,2
9341,778,5,G,954181093,954181090,3
9342,778,6,E,954281094,954281090,4
9343,778,7,N,954381096,954381090,6
9344,778,8,L,954481096,954481090,6
9345,778,9,A,954581098,954581090,8
9346,778,10,N,954681099,954681090,9
9347,778,11,D,954781100,954781090,10
9348,779,0,F,954881101,954881101,0
9349,779,1,H,954981101,954981101,0
9350,779,2,B,955081102,955081101,1
9351,779,3,U,955181104,955181101,3
9352,779,4,R,955281105,955281101,4
9353,779,5,G,955381106,955381101,5
9354,779,6,E,955481107,955481101,6
9355,779,7,N,955581108,955581101,7
9356,779,8,L,955681110,955681101,9
9357,779,9,A,955781111,955781101,10
9358,779,10,N,955881112,955881101,11
9359,779,11,D,955981113,955981101,12
9360,780,0,F,956081113,956081113,0
9361,780,1,H,956181114,956181113,1
9362,780,2,B,956281116,956281113,3
9363,780,3,U,956381117,956381113,4
9364,780,4,R,956481119,956481113,6
9365,780,5,G,956581120,956581113,7
9366,780,6,E,956681122,956681113,9
9367,780,7,N,956781123,956781113,10
9368,780,8,L,956881125,956881113,12
9369,780,9,A,956981126,956981113,13
9370,780,10,N,957081127,957081113,14
9371,780,11,D,957181127,957181113,14
9372,781,0,F,957281128,957281128,0
9373,781,1,H,957381128,957381128,0
9374,781,2,B,957481130,957481128,2
9375,781,3,U,957581130,957581128,2
9376,781,4,R,957681132,957681128,4
9377,781,5,G,957781134,957781128,6
9378,781,6,E,957881135,957881128,7
9379,781,7,N,957981135,957981128,7
9380,781,8,L,958081136,958081128,8
9381,781,9,A,958181137,958181128,9
9382,781,10,N,958281138,958281128,10
9383,781,11,D,958381139,958381128,11
9384,782,0,F,958481140,958481140,0
9385,782,1,H,958581141,958581140,1
9386,782,2,B,958681141,958681140,1
9387,782,3,U,958781143,958781140,3
9388,782,4,R,958881143,958881140,3
9389,782,5,G,958981144,958981140,4
9390,782,6,E,959081145,959081140,5
9391,782,7,N,959181145,959181140,5
9392,782,8,L,959281146,959281140,6
9393,782,9,A,959381146,959381140,6
9394,782,10,N,959481147,959481140,7
9395,782,11,D,959581147,959581140,7
9396,783,0,F,959681147,959681147,0
9397,783,1,H,959781149,959781147,2
9398,783,2,B,959881151,959881147,4
9399,783,3,U,959981152,959981147,5
9400,783,4,R,960081153,960081147,6
9401,783,5,G,960181154,960181147,7
9402,783,6,E,960281156,960281147,9
9403,783,7,N,960381156,960381147,9
9404,783,8,L,960481157,960481147,10
9405,783,9,A,960581158,960581147,11
9406,783,10,N,960681158,960681147,11
9407,783,11,D,960781159,960781147,12
9408,784,0,F,960881160,960881160,0
9409,784,1,H,960981161,960981160,1
9410,784,2,B,961081162,961081160,2
9411,784,3,U,961181164,961181160,4
9412,784,4,R,961281165,961281160,5
9413,784,5,G,961381167,961381160,7
9414,784,6,E,961481168,961481160,8
9415,784,7,N,961581168,961581160,8
9416,784,8,L,961681169,961681160,9
9417,784,9,A,961781170,961781160,10
9418,784,10,N,961881171,961881160,11
9419,784,11,D,961981173,961981160,13
9420,785,0,F,962081174,962081174,0
9421,785,1,H,962181174,962181174,0
9422,785,2,B,962281176,962281174,2
9423,785,3,U,962381177,962381174,3
9424,785,4,R,962481177,962481174,3
9425,785,5,G,962581179,962581174,5
9426,785,6,E,962681180,962681174,6
9427,785,7,N,962781181,962781174,7
9428,785,8,L,962881182,962881174,8
9429,785,9,A,962981182,962981174,8
9430,785,10,N,963081184,963081174,10
9431,785,11,D,963181184,963181174,10
9432,786,0,F,963281185,963281185,0
9433,786,1,H,963381186,963381185,1
9434,786,2,B,963481187,963481185,2
9435,786,3,U,963581187,963581185,2
9436,786,4,R,963681188,963681185,3
9437,786,5,G,963781189,963781185,4
9438,786,6,E,963881190,963881185,5
9439,786,7,N,963981191,963981185,6
9440,786,8,L,964081192,964081185,7
9441,786,9,A,964181193,964181185,8
9442,786,10,N,964281194,964281185,9
9443,786,11,D,964381194,964381185,9
9444,787,0,F,964481195,964481195,0
9445,787,1,H,964581196,964581195,1
9446,787,2,B,964681197,964681195,2
9447,787,3,U,964781198,964781195,3
9448,787,4,R,964881199,964881195,4
9449,787,5,G,964981200,964981195,5
9450,787,6,E,965081201,965081195,6
9451,787,7,N,965181201,965181195,6
9452,787,8,L,965281202,965281195,7
9453,787,9,A,965381204,965381195,9
9454,787,10,N,965481205,965481195,10
9455,787,11,D,965581205,965581195,10
9456,788,0,F,965681206,965681206,0
9457,788,1,H,965781207,965781206,1
9458,788,2,B,965881208,965881206,2
9459,788,3,U,965981210,965981206,4
9460,788,4,R,966081211,966081206,5
9461,788,5,G,966181212,966181206,6
9462,788,6,E,966281213,966281206,7
9463,788,7,N,966381214,966381206,8
9464,788,8,L,966481215,966481206,9
9465,788,9,A,966581216,966581206,10
9466,788,10,N,966681217,966681206,11
9467,788,11,D,966781219,966781206,13
9468,789,0,F,966881220,966881220,0
9469,789,1,H,966981222,966981220,2
9470,789,2,B,967081222,967081220,2
9471,789,3,U,967181224,967181220,4
9472,789,4,R,967281225,967281220,5
9473,789,5,G,967381226,967381220,6
9474,789,6,E,967481227,967481220,7
9475,789,7,N,967581228,967581220,8
9476,789,8,L,967681229,967681220,9
9477,789,9,A,967781229,967781220,9
9478,789,10,N,967881230,967881220,10
9479,789,11,D,967981231,967981220,11
9480,790,0,F,968081232,968081232,0
9481,790,1,H,968181232,968181232,0
9482,790,2,B,968281234,968281232,2
9483,790,3,U,968381235,968381232,3
9484,790,4,R,968481236,968481232,4
9485,790,5,G,968581237,968581232,5
9486,790,6,E,968681239,968681232,7
9487,790,7,N,968781240,968781232,8
9488,790,8,L,968881242,968881232,10
9489,790,9,A,968981243,968981232,11
9490,790,10,N,969081244,969081232,12
9491,790,11,D,969181245,969181232,13
9492,791,0,F,969281246,969281246,0
9493,791,1,H,969381247,969381246,1
9494,791,2,B,969481248,969481246,2
9495,791,3,U,969581249,969581246,3
9496,791,4,R,969681250,969681246,4
9497,791,5,G,969781251,969781246,5
9498,791,6,E,969881251,969881246,5
9499,791,7,N,969981252,969981246,6
9500,791,8,L,970081253,970081246,7
9501,791,9,A,970181254,970181246,8
9502,791,10,N,970281256,970281246,10
9503,791,11,D,970381257,970381246,11
9504,792,0,F,970481258,970481258,0
9505,792,1,H,970581260,970581258,2
9506,792,2,B,970681260,970681258,2
9507,792,3,U,970781260,970781258,2
9508,792,4,R,970881261,970881258,3
9509,792,5,G,970981261,970981258,3
9510,792,6,E,971081262,971081258,4
9511,792,7,N,971181263,971181258,5
9512,792,8,L,971281264,971281258,6
9513,792,9,A,971381264,971381258,6
9514,792,10,N,971481264,971481258,6
9515,792,11,D,971581265,971581258,7
9516,793,0,F,971681265,971681265,0
9517,793,1,H,971781266,971781265,1
9518,793,2,B,971881268,971881265,3
9519,793,3,U,971981269,971981265,4
9520,793,4,R,972081270,972081265,5
9521,793,5,G,972181271,972181265,6
9522,793,6,E,972281272,972281265,7
9523,793,7,N,972381273,972381265,8
9524,793,8,L,972481275,972481265,10
9525,793,9,A,972581275,972581265,10
9526,793,10,N,972681276,972681265,11
9527,793,11,D,972781277,972781265,12
9528,794,0,F,972881278,972881278,0
9529,794,1,H,972981279,972981278,1
9530,794,2,B,973081280,973081278,2
9531,794,3,U,973181282,973181278,4
9532,794,4,R,973281283,973281278,5
9533,794,5,G,973381283,973381278,5
9534,794,6,E,973481284,973481278,6
9535,794,7,N,973581285,973581278,7
9536,794,8,L,973681285,973681278,7
9537,794,9,A,973781286,973781278,8
9538,794,10,N,973881286,973881278,8
9539,794,11,D,973981287,973981278,9
9540,795,0,F,974081289,974081289,0
9541,795,1,H,974181291,974181289,2
9542,795,2,B,974281292,974281289,3
9543,795,3,U,974381293,974381289,4
9544,795,4,R,974481293,974481289,4
9545,795,5,G,974581293,974581289,4
9546,795,6,E,974681294,974681289,5
9547,795,7,N,974781295,974781289,6
9548,795,8,L,974881296,974881289,7
9549,795,9,A,974981297,974981289,8
9550,795,10,N,975081298,975081289,9
9551,795,11,D,975181299,975181289,10
9552,796,0,F,975281300,975281300,0
9553,796,1,H,975381300,975381300,0
9554,796,2,B,975481300,975481300,0
9555,796,3,U,975581301,975581300,1
9556,796,4,R,975681302,975681300,2
9557,796,5,G,975781303,975781300,3
9558,796,6,E,975881304,975881300,4
9559,796,7,N,975981306,975981300,6
9560,796,8,L,976081307,976081300,7
9561,796,9,A,976181307,976181300,7
9562,796,10,N,976281308,976281300,8
9563,796,11,D,976381309,976381300,9
9564,797,0,F,976481311,976481311,0
9565,797,1,H,976581312,976581311,1
9566,797,2,B,976681313,976681311,2
9567,797,3,U,976781315,976781311,4
9568,797,4,R,976881316,976881311,5
9569,797,5,G,976981316,976981311,5
9570,797,6,E,977081317,977081311,6
9571,797,7,N,977181317,977181311,6
9572,797,8,L,977281318,977281311,7
9573,797,9,A,977381319,977381311,8
9574,797,10,N,977481320,977481311,9
9575,797,11,D,977581321,977581311,10
9576,798,0,F,977681321,977681321,0
9577,798,1,H,977781322,977781321,1
9578,798,2,B,977881324,977881321,3
9579,798,3,U,977981325,977981321,4
9580,798,4,R,978081326,978081321,5
9581,798,5,G,978181326,978181321,5
9582,798,6,E,978281328,978281321,7
9583,798,7,N,978381330,978381321,9
9584,798,8,L,978481332,978481321,11
9585,798,9,A,978581333,978581321,12
9586,798,10,N,978681334,978681321,13
9587,798,11,D,978781335,978781321,14
9588,799,0,F,978881337,978881337,0
9589,799,1,H,978981338,978981337,1
9590,799,2,B,979081339,979081337,2
9591,799,3,U,979181340,979181337,3
9592,799,4,R,979281342,979281337,5
9593,799,5,G,979381343,979381337,6
9594,799,6,E,979481344,979481337,7
9595,799,7,N,979581345,979581337,8
9596,799,8,L,979681346,979681337,9
9597,799,9,A,979781347,979781337,10
9598,799,10,N,979881348,979881337,11
9599,799,11,D,979981349,979981337,12
9600,800,0,F,980081350,980081350,0
9601,800,1,H,980181351,980181350,1
9602,800,2,B,980281353,980281350,3
9603,800,3,U,980381353,980381350,3
9604,800,4,R,980481354,980481350,4
9605,800,5,G,980581355,980581350,5
9606,800,6,E,980681357,980681350,7
9607,800,7,N,980781357,980781350,7
9608,800,8,L,980881359,980881350,9
9609,800,9,A,980981361,980981350,11
9610,800,10,N,981081363,981081350,13
9611,800,11,D,981181363,981181350,13
9612,801,0,F,981281364,981281364,0
9613,801,1,H,981381365,981381364,1
9614,801,2,B,981481367,981481364,3
9615,801,3,U,981581367,981581364,3
9616,801,4,R,981681367,981681364,3
9617,801,5,G,981781369,981781364,5
9618,801,6,E,981881370,981881364,6
9619,801,7,N,981981371,981981364,7
9620,801,8,L,982081372,982081364,8
9621,801,9,A,982181374,982181364,10
9622,801,10,N,982281376,982281364,12
9623,801,11,D,982381376,982381364,12
9624,802,0,F,982481378,982481378,0
9625,802,1,H,982581379,982581378,1
9626,802,2,B,982681381,982681378,3
9627,802,3,U,982781382,982781378,4
9628,802,4,R,982881384,982881378,6
9629,802,5,G,982981385,982981378,7
9630,802,6,E,983081387,983081378,9
9631,802,7,N,983181388,983181378,10
9632,802,8,L,983281389,983281378,11
9633,802,9,A,983381389,983381378,11
9634,802,10,N,983481391,983481378,13
9635,802,11,D,983581392,983581378,14
9636,803,0,F,983681393,983681393,0
9637,803,1,H,983781394,983781393,1
9638,803,2,B,983881395,983881393,2
9639,803,3,U,983981396,983981393,3
9640,803,4,R,984081398,984081393,5
9641,803,5,G,984181398,984181393,5
9642,803,6,E,984281399,984281393,6
9643,803,7,N,984381401,984381393,8
9644,803,8,L,984481401,984481393,8
9645,803,9,A,984581402,984581393,9
9646,803,10,N,984681403,984681393,10
9647,803,11,D,984781404,984781393,11
9648,804,0,F,984881404,984881404,0
9649,804,1,H,984981404,984981404,0
9650,804,2,B,985081405,985081404,1
9651,804,3,U,985181405,985181404,1
9652,804,4,R,985281407,985281404,3
9653,804,5,G,985381408,985381404,4
9654,804,6,E,985481408,985481404,4
9655,804,7,N,985581409,985581404,5
9656,804,8,L,985681411,985681404,7
9657,804,9,A,985781412,985781404,8
9658,804,10,N,985881413,985881404,9
9659,804,11,D,985981414,985981404,10
9660,805,0,F,986081415,986081415,0
9661,805,1,H,986181416,986181415,1
9662,805,2,B,986281417,986281415,2
9663,805,3,U,986381418,986381415,3
9664,805,4,R,986481419,986481415,4
9665,805,5,G,986581420,986581415,5
9666,805,6,E,986681421,986681415,6
9667,805,7,N,986781422,986781415,7
9668,805,8,L,986881423,986881415,8
9669,805,9,A,986981423,986981415,8
9670,805,10,N,987081425,987081415,10
9671,805,11,D,987181425,987181415,10
9672,806,0,F,987281426,987281426,0
9673,806,1,H,987381428,987381426,2
9674,806,2,B,987481429,987481426,3
9675,806,3,U,987581429,987581426,3
9676,806,4,R,987681431,987681426,5
9677,806,5,G,987781431,987781426,5
9678,806,6,E,987881431,987881426,5
9679,806,7,N,987981432,987981426,6
9680,806,8,L,988081432,988081426,6
9681,806,9,A,988181433,988181426,7
9682,806,10,N,988281433,988281426,7
9683,806,11,D,988381434,988381426,8
9684,807,0,F,988481434,988481434,0
9685,807,1,H,988581435,988581434,1
9686,807,2,B,988681437,988681434,3
9687,807,3,U,988781438,988781434,4
9688,807,4,R,988881440,988881434,6
9689,807,5,G,988981441,988981434,7
9690,807,6,E,989081442,989081434,8
9691,807,7,N,989181443,989181434,9
9692,807,8,L,989281444,989281434,10
9693,807,9,A,989381445,989381434,11
9694,807,10,N,989481446,989481434,12
9695,807,11,D,989581447,989581434,13
9696,808,0,F,989681448,989681448,0
9697,808,1,H,989781449,989781448,1
9698,808,2,B,989881451,989881448,3
9699,808,3,U,989981452,989981448,4
9700,808,4,R,990081453,990081448,5
9701,808,5,G,990181453,990181448,5
9702,808,6,E,990281455,990281448,7
9703,808,7,N,990381456,990381448,8
9704,808,8,L,990481456,990481448,8
9705,808,9,A,990581458,990581448,10
9706,808,10,N,990681459,990681448,11
9707,808,11,D,990781460,990781448,12
9708,809,0,F,990881461,990881461,0
9709,809,1,H,990981462,990981461,1
9710,809,2,B,991081463,991081461,2
9711,809,3,U,991181464,991181461,3
9712,809,4,R,991281465,991281461,4
9713,809,5,G,991381466,991381461,5
9714,809,6,E,991481466,991481461,5
9715,809,7,N,991581467,991581461,6
9716,809,8,L,991681467,991681461,6
9717,809,9,A,991781467,991781461,6
9718,809,10,N,991881469,991881461,8
9719,809,11,D,991981471,991981461,10
9720,810,0,F,992081472,992081472,0
9721,810,1,H,992181474,992181472,2
9722,810,2,B,992281475,992281472,3
9723,810,3,U,992381476,992381472,4
9724,810,4,R,992481476,992481472,4
9725,810,5,G,992581477,992581472,5
9726,810,6,E,992681477,992681472,5
9727,810,7,N,992781478,992781472,6
9728,810,8,L,992881479,992881472,7
9729,810,9,A,992981480,992981472,8
9730,810,10,N,993081480,993081472,8
9731,810,11,D,993181482,993181472,10
9732,811,0,F,993281483,993281483,0
9733,811,1,H,993381484,993381483,1
9734,811,2,B,993481484,993481483,1
9735,811,3,U,993581485,993581483,2
9736,811,4,R,993681485,993681483,2
9737,811,5,G,993781486,993781483,3
9738,811,6,E,993881487,993881483,4
9739,811,7,N,993981488,993981483,5
9740,811,8,L,994081490,994081483,7
9741,811,9,A,994181491,994181483,8
9742,811,10,N,994281493,994281483,10
9743,811,11,D,994381494,994381483,11
9744,812,0,F,994481495,994481495,0
9745,812,1,H,994581497,994581495,2
9746,812,2,B,994681497,994681495,2
9747,812,3,U,994781497,994781495,2
9748,812,4,R,994881497,994881495,2
9749,812,5,G,994981498,994981495,3
9750,812,6,E,995081498,995081495,3
9751,812,7,N,995181499,995181495,4
9752,812,8,L,995281500,995281495,5
9753,812,9,A,995381501,995381495,6
9754,812,10,N,995481502,995481495,7
9755,812,11,D,995581503,995581495,8
9756,813,0,F,995681504,995681504,0
9757,813,1,H,995781505,995781504,1
9758,813,2,B,995881506,995881504,2
9759,813,3,U,995981506,995981504,2
9760,813,4,R,996081508,996081504,4
9761,813,5,G,996181510,996181504,6
9762,813,6,E,996281512,996281504,8
9763,813,7,N,996381512,996381504,8
9764,813,8,L,996481513,996481504,9
9765,813,9,A,996581514,996581504,10
9766,813,10,N,996681515,996681504,11
9767,813,11,D,996781516,996781504,12
9768,814,0,F,996881517,996881517,0
9769,814,1,H,996981518,996981517,1
9770,814,2,B,997081519,997081517,2
9771,814,3,U,997181520,997181517,3
9772,814,4,R,997281521,997281517,4
9773,814,5,G,997381522,997381517,5
9774,814,6,E,997481523,997481517,6
9775,814,7,N,997581523,997581517,6
9776,814,8,L,997681524,997681517,7
9777,814,9,A,997781526,997781517,9
9778,814,10,N,997881527,997881517,10
9779,814,11,D,997981529,997981517,12
9780,815,0,F,998081529,998081529,0
9781,815,1,H,998181530,998181529,1
9782,815,2,B,998281532,998281529,3
9783,815,3,U,998381532,998381529,3
9784,815,4,R,998481533,998481529,4
9785,815,5,G,998581535,998581529,6
9786,815,6,E,998681537,998681529,8
9787,815,7,N,998781539,998781529,10
9788,815,8,L,998881540,998881529,11
9789,815,9,A,998981541,998981529,12
9790,815,10,N,999081542,999081529,13
9791,815,11,D,999181544,999181529,15
9792,816,0,F,999281545,999281545,0
9793,816,1,H,999381545,999381545,0
9794,816,2,B,999481546,999481545,1
9795,816,3,U,999581547,999581545,2
9796,816,4,R,999681548,999681545,3
9797,816,5,G,999781549,999781545,4
9798,816,6,E,999881550,999881545,5
9799,816,7,N,999981551,999981545,6
9800,816,8,L,1000081552,1000081545,7
9801,816,9,A,1000181553,1000181545,8
9802,816,10,N,1000281554,1000281545,9
9803,816,11,D,1000381556,1000381545,11
9804,817,0,F,1000481558,1000481558,0
9805,817,1,H,1000581559,1000581558,1
9806,817,2,B,1000681560,1000681558,2
9807,817,3,U,1000781561,1000781558,3
9808,817,4,R,1000881562,1000881558,4
9809,817,5,G,1000981564,1000981558,6
9810,817,6,E,1001081565,1001081558,7
9811,817,7,N,1001181567,1001181558,9
9812,817,8,L,1001281568,1001281558,10
9813,817,9,A,1001381569,1001381558,11
9814,817,10,N,1001481570,1001481558,12
9815,817,11,D,1001581571,1001581558,13
9816,818,0,F,1001681572,1001681572,0
9817,818,1,H,1001781573,1001781572,1
9818,818,2,B,1001881574,1001881572,2
9819,818,3,U,1001981576,1001981572,4
9820,818,4,R,1002081577,1002081572,5
9821,818,5,G,1002181579,1002181572,7
9822,818,6,E,1002281580,1002281572,8
9823,818,7,N,1002381581,1002381572,9
9824,818,8,L,1002481582,1002481572,10
9825,818,9,A,1002581584,1002581572,12
9826,818,10,N,1002681585,1002681572,13
9827,818,11,D,1002781586,1002781572,14
9828,819,0,F,1002881588,1002881588,0
9829,819,1,H,1002981589,1002981588,1
9830,819,2,B,1003081589,1003081588,1
9831,819,3,U,1003181590,1003181588,2
9832,819,4,R,1003281591,1003281588,3
9833,819,5,G,1003381592,1003381588,4
9834,819,6,E,1003481593,1003481588,5
9835,819,7,N,1003581594,1003581588,6
9836,819,8,L,1003681595,1003681588,7
9837,819,9,A,1003781596,1003781588,8
9838,819,10,N,1003881597,1003881588,9
9839,819,11,D,1003981597,1003981588,9
9840,820,0,F,1004081598,1004081598,0
9841,820,1,H,1004181599,1004181598,1
9842,820,2,B,1004281600,1004281598,2
9843,820,3,U,1004381601,1004381598,3
9844,820,4,R,1004481603,1004481598,5
9845,820,5,G,1004581603,1004581598,5
9846,820,6,E,1004681604,1004681598,6
9847,820,7,N,1004781606,1004781598,8
9848,820,8,L,1004881607,1004881598,9
9849,820,9,A,1004981608,1004981598,10
9850,820,10,N,1005081608,1005081598,10
9851,820,11,D,1005181609,1005181598,11
9852,821,0,F,1005281610,1005281610,0
9853,821,1,H,1005381610,1005381610,0
9854,821,2,B,1005481611,1005481610,1
9855,821,3,U,1005581612,1005581610,2
9856,821,4,R,1005681613,1005681610,3
9857,821,5,G,1005781614,1005781610,4
9858,821,6,E,1005881615,1005881610,5
9859,821,7,N,1005981615,1005981610,5
9860,821,8,L,1006081616,1006081610,6
9861,821,9,A,1006181617,1006181610,7
9862,821,10,N,1006281619,1006281610,9
9863,821,11,D,1006381620,1006381610,10
9864,822,0,F,1006481621,1006481621,0
9865,822,1,H,1006581621,1006581621,0
9866,822,2,B,1006681622,1006681621,1
9867,822,3,U,1006781624,1006781621,3
9868,822,4,R,1006881625,1006881621,4
9869,822,5,G,1006981626,1006981621,5
9870,822,6,E,1007081627,1007081621,6
9871,822,7,N,1007181628,1007181621,7
9872,822,8,L,1007281630,1007281621,9
9873,822,9,A,1007381631,1007381621,10
9874,822,10,N,1007481632,1007481621,11
9875,822,11,D,1007581633,1007581621,12
9876,823,0,F,1007681634,1007681634,0
9877,823,1,H,1007781635,1007781634,1
9878,823,2,B,1007881636,1007881634,2
9879,823,3,U,1007981636,1007981634,2
9880,823,4,R,1008081637,1008081634,3
9881,823,5,G,1008181638,1008181634,4
9882,823,6,E,1008281640,1008281634,6
9883,823,7,N,1008381641,1008381634,7
9884,823,8,L,1008481643,1008481634,9
9885,823,9,A,1008581644,1008581634,10
9886,823,10,N,1008681645,1008681634,11
9887,823,11,D,1008781646,1008781634,12
9888,824,0,F,1008881646,1008881646,0
9889,824,1,H,1008981647,1008981646,1
9890,824,2,B,1009081647,1009081646,1
9891,824,3,U,1009181648,1009181646,2
9892,824,4,R,1009281650,1009281646,4
9893,824,5,G,1009381651,1009381646,5
9894,824,6,E,1009481651,1009481646,5
9895,824,7,N,1009581652,1009581646,6
9896,824,8,L,1009681653,1009681646,7
9897,824,9,A,1009781654,1009781646,8
9898,824,10,N,1009881655,1009881646,9
9899,824,11,D,1009981656,1009981646,10
9900,825,0,F,1010081656,1010081656,0
9901,825,1,H,1010181657,1010181656,1
9902,825,2,B,1010281659,1010281656,3
9903,825,3,U,1010381660,1010381656,4
9904,825,4,R,1010481661,1010481656,5
9905,825,5,G,1010581661,1010581656,5
9906,825,6,E,1010681661,1010681656,5
9907,825,7,N,1010781662,1010781656,6
9908,825,8,L,1010881662,1010881656,6
9909,825,9,A,1010981663,1010981656,7
9910,825,10,N,1011081665,1011081656,9
9911,825,11,D,1011181666,1011181656,10
9912,826,0,F,1011281667,1011281667,0
9913,826,1,H,1011381668,1011381667,1
9914,826,2,B,1011481669,1011481667,2
9915,826,3,U,1011581670,1011581667,3
9916,826,4,R,1011681671,1011681667,4
9917,826,5,G,1011781671,1011781667,4
9918,826,6,E,1011881672,1011881667,5
9919,826,7,N,1011981673,1011981667,6
9920,826,8,L,1012081674,1012081667,7
9921,826,9,A,1012181675,1012181667,8
9922,826,10,N,1012281676,1012281667,9
9923,826,11,D,1012381677,1012381667,10
9924,827,0,F,1012481678,1012481678,0
9925,827,1,H,1012581679,1012581678,1
9926,827,2,B,1012681680,1012681678,2
9927,827,3,U,1012781682,1012781678,4
9928,827,4,R,1012881682,1012881678,4
9929,827,5,G,1012981683,1012981678,5
9930,827,6,E,1013081684,1013081678,6
9931,827,7,N,1013181685,1013181678,7
9932,827,8,L,1013281687,1013281678,9
9933,827,9,A,1013381688,1013381678,10
9934,827,10,N,1013481688,1013481678,10
9935,827,11,D,1013581690,1013581678,12
9936,828,0,F,1013681690,1013681690,0
9937,828,1,H,1013781691,1013781690,1
9938,828,2,B,1013881692,1013881690,2
9939,828,3,U,1013981692,1013981690,2
9940,828,4,R,1014081692,1014081690,2
9941,828,5,G,1014181693,1014181690,3
9942,828,6,E,1014281695,1014281690,5
9943,828,7,N,1014381696,1014381690,6
9944,828,8,L,1014481697,1014481690,7
9945,828,9,A,1014581698,1014581690,8
9946,828,10,N,1014681698,1014681690,8
9947,828,11,D,1014781699,1014781690,9
9948,829,0,F,1014881700,1014881700,0
9949,829,1,H,1014981700,1014981700,0
9950,829,2,B,1015081702,1015081700,2
9951,829,3,U,1015181704,1015181700,4
9952,829,4,R,1015281705,1015281700,5
9953,829,5,G,1015381706,1015381700,6
9954,829,6,E,1015481706,1015481700,6
9955,829,7,N,1015581707,1015581700,7
9956,829,8,L,1015681708,1015681700,8
9957,829,9,A,1015781709,1015781700,9
9958,829,10,N,1015881710,1015881700,10
9959,829,11,D,1015981711,1015981700,11
9960,830,0,F,1016081713,1016081713,0
9961,830,1,H,1016181714,1016181713,1
9962,830,2,B,1016281715,1016281713,2
9963,830,3,U,1016381715,1016381713,2
9964,830,4,R,1016481716,1016481713,3
9965,830,5,G,1016581717,1016581713,4
9966,830,6,E,1016681718,1016681713,5
9967,830,7,N,1016781719,1016781713,6
9968,830,8,L,1016881719,1016881713,6
9969,830,9,A,1016981720,1016981713,7
9970,830,10,N,1017081721,1017081713,8
9971,830,11,D,1017181721,1017181713,8
9972,831,0,F,1017281723,1017281723,0
9973,831,1,H,1017381724,1017381723,1
9974,831,2,B,1017481726,1017481723,3
9975,831,3,U,1017581727,1017581723,4
9976,831,4,R,1017681728,1017681723,5
9977,831,5,G,1017781730,1017781723,7
9978,831,6,E,1017881730,1017881723,7
9979,831,7,N,1017981731,1017981723,8
9980,831,8,L,1018081733,1018081723,10
9981,831,9,A,1018181734,1018181723,11
9982,831,10,N,1018281736,1018281723,13
9983,831,11,D,1018381737,1018381723,14
9984,832,0,F,1018481739,1018481739,0
9985,832,1,H,1018581740,1018581739,1
9986,832,2,B,1018681741,1018681739,2
9987,832,3,U,1018781743,1018781739,4
9988,832,4,R,1018881744,1018881739,5
9989,832,5,G,1018981744,1018981739,5
9990,832,6,E,1019081745,1019081739,6
9991,832,7,N,1019181747,1019181739,8
9992,832,8,L,1019281748,1019281739,9
9993,832,9,A,1019381749,1019381739,10
9994,832,10,N,1019481749,1019481739,10
9995,832,11,D,1019581749,1019581739,10
9996,833,0,F,1019681750,1019681750,0
9997,833,1,H,1019781751,1019781750,1
9998,833,2,B,1019881752,1019881750,2
9999,833,3,U,1019981753,1019981750,3
10000,833,4,R,1020081754,1020081750,4
10001,833,5,G,1020181754,1020181750,4
10002,833,6,E,1020281756,1020281750,6
10003,833,7,N,1020381757,1020381750,7
10004,833,8,L,1020481758,1020481750,8
10005,833,9,A,1020581760,1020581750,10
10006,833,10,N,1020681761,1020681750,11
10007,833,11,D,1020781763,1020781750,13
10008,834,0,F,1020881765,1020881765,0
10009,834,1,H,1020981765,1020981765,0
10010,834,2,B,1021081766,1021081765,1
10011,834,3,U,1021181767,1021181765,2
10012,834,4,R,1021281769,1021281765,4
10013,834,5,G,1021381770,1021381765,5
10014,834,6,E,1021481770,1021481765,5
10015,834,7,N,1021581772,1021581765,7
10016,834,8,L,1021681773,1021681765,8
10017,834,9,A,1021781775,1021781765,10
10018,834,10,N,1021881776,1021881765,11
10019,834,11,D,1021981777,1021981765,12
10020,835,0,F,1022081777,1022081777,0
10021,835,1,H,1022181778,1022181777,1
10022,835,2,B,1022281780,1022281777,3
10023,835,3,U,1022381782,1022381777,5
10024,835,4,R,1022481783,1022481777,6
10025,835,5,G,1022581784,1022581777,7
10026,835,6,E,1022681784,1022681777,7
10027,835,7,N,1022781785,1022781777,8
10028,835,8,L,1022881785,1022881777,8
10029,835,9,A,1022981785,1022981777,8
10030,835,10,N,1023081786,1023081777,9
10031,835,11,D,1023181787,1023181777,10
10032,836,0,F,1023281788,1023281788,0
10033,836,1,H,1023381789,1023381788,1
10034,836,2,B,1023481790,1023481788,2
10035,836,3,U,1023581791,1023581788,3
10036,836,4,R,1023681792,1023681788,4
10037,836,5,G,1023781793,1023781788,5
10038,836,6,E,1023881794,1023881788,6
10039,836,7,N,1023981795,1023981788,7
10040,836,8,L,1024081796,1024081788,8
10041,836,9,A,1024181797,1024181788,9
10042,836,10,N,1024281799,1024281788,11
10043,836,11,D,1024381800,1024381788,12
10044,837,0,F,1024481802,1024481802,0
10045,837,1,H,1024581803,1024581802,1
10046,837,2,B,1024681803,1024681802,1
10047,837,3,U,1024781805,1024781802,3
10048,837,4,R,1024881807,1024881802,5
10049,837,5,G,1024981809,1024981802,7
10050,837,6,E,1025081809,1025081802,7
10051,837,7,N,1025181810,1025181802,8
10052,837,8,L,1025281811,1025281802,9
10053,837,9,A,1025381812,1025381802,10
10054,837,10,N,1025481813,1025481802,11
10055,837,11,D,1025581814,1025581802,12
10056,838,0,F,1025681814,1025681814,0
10057,838,1,H,1025781814,1025781814,0
10058,838,2,B,1025881815,1025881814,1
10059,838,3,U,1025981815,1025981814,1
10060,838,4,R,1026081816,1026081814,2
10061,838,5,G,1026181817,1026181814,3
10062,838,6,E,1026281818,1026281814,4
10063,838,7,N,1026381819,1026381814,5
10064,838,8,L,1026481820,1026481814,6
10065,838,9,A,1026581820,1026581814,6
10066,838,10,N,1026681821,1026681814,7
10067,838,11,D,1026781822,1026781814,8
10068,839,0,F,1026881823,1026881823,0
10069,839,1,H,1026981824,1026981823,1
10070,839,2,B,1027081825,1027081823,2
10071,839,3,U,1027181826,1027181823,3
10072,839,4,R,1027281827,1027281823,4
10073,839,5,G,1027381827,1027381823,4
10074,839,6,E,1027481828,1027481823,5
10075,839,7,N,1027581828,1027581823,5
10076,839,8,L,1027681828,1027681823,5
10077,839,9,A,1027781829,1027781823,6
10078,839,10,N,1027881830,1027881823,7
10079,839,11,D,1027981831,1027981823,8
10080,840,0,F,1028081832,1028081832,0
10081,840,1,H,1028181833,1028181832,1
10082,840,2,B,1028281833,1028281832,1
10083,840,3,U,1028381834,1028381832,2
10084,840,4,R,1028481836,1028481832,4
10085,840,5,G,1028581837,1028581832,5
10086,840,6,E,1028681838,1028681832,6
10087,840,7,N,1028781839,1028781832,7
10088,840,8,L,1028881840,1028881832,8
10089,840,9,A,1028981840,1028981832,8
10090,840,10,N,1029081841,1029081832,9
10091,840,11,D,1029181842,1029181832,10
10092,841,0,F,1029281843,1029281843,0
10093,841,1,H,1029381844,1029381843,1
10094,841,2,B,1029481845,1029481843,2
10095,841,3,U,1029581845,1029581843,2
10096,841,4,R,1029681847,1029681843,4
10097,841,5,G,1029781848,1029781843,5
10098,841,6,E,1029881849,1029881843,6
10099,841,7,N,1029981850,1029981843,7
10100,841,8,L,1030081852,1030081843,9
10101,841,9,A,1030181854,1030181843,11
10102,841,10,N,1030281855,1030281843,12
10103,841,11,D,1030381855,1030381843,12
10104,842,0,F,1030481856,1030481856,0
10105,842,1,H,1030581856,1030581856,0
10106,842,2,B,1030681858,1030681856,2
10107,842,3,U,1030781858,1030781856,2
10108,842,4,R,1030881859,1030881856,3
10109,842,5,G,1030981861,1030981856,5
10110,842,6,E,1031081863,1031081856,7
10111,842,7,N,1031181863,1031181856,7
10112,842,8,L,1031281864,1031281856,8
10113,842,9,A,1031381864,1031381856,8
10114,842,10,N,1031481865,1031481856,9
10115,842,11,D,1031581866,1031581856,10
10116,843,0,F,1031681866,1031681866,0
10117,843,1,H,1031781868,1031781866,2
10118,843,2,B,1031881870,1031881866,4
10119,843,3,U,1031981870,1031981866,4
10120,843,4,R,1032081871,1032081866,5
10121,843,5,G,1032181873,1032181866,7
10122,843,6,E,1032281874,1032281866,8
10123,843,7,N,1032381876,1032381866,10
10124,843,8,L,1032481876,1032481866,10
10125,843,9,A,1032581877,1032581866,11
10126,843,10,N,1032681878,1032681866,12
10127,843,11,D,1032781878,1032781866,12
10128,844,0,F,1032881879,1032881879,0
10129,844,1,H,1032981880,1032981879,1
10130,844,2,B,1033081882,1033081879,3
10131,844,3,U,1033181883,1033181879,4
10132,844,4,R,1033281885,1033281879,6
10133,844,5,G,1033381886,1033381879,7
10134,844,6,E,1033481887,1033481879,8
10135,844,7,N,1033581888,1033581879,9
10136,844,8,L,1033681889,1033681879,10
10137,844,9,A,1033781889,1033781879,10
10138,844,10,N,1033881890,1033881879,11
10139,844,11,D,1033981891,1033981879,12
10140,845,0,F,1034081892,1034081892,0
10141,845,1,H,1034181892,1034181892,0
10142,845,2,B,1034281893,1034281892,1
10143,845,3,U,1034381893,1034381892,1
10144,845,4,R,1034481894,1034481892,2
10145,845,5,G,1034581895,1034581892,3
10146,845,6,E,1034681896,1034681892,4
10147,845,7,N,1034781896,1034781892,4
10148,845,8,L,1034881897,1034881892,5
10149,845,9,A,1034981899,1034981892,7
10150,845,10,N,1035081900,1035081892,8
10151,845,11,D,1035181900,1035181892,8
10152,846,0,F,1035281901,1035281901,0
10153,846,1,H,1035381902,1035381901,1
10154,846,2,B,1035481903,1035481901,2
10155,846,3,U,1035581904,1035581901,3
10156,846,4,R,1035681905,1035681901,4
10157,846,5,G,1035781906,1035781901,5
10158,846,6,E,1035881907,1035881901,6
10159,846,7,N,1035981908,1035981901,7
10160,846,8,L,1036081908,1036081901,7
10161,846,9,A,1036181909,1036181901,8
10162,846,10,N,1036281910,1036281901,9
10163,846,11,D,1036381912,1036381901,11
10164,847,0,F,1036481913,1036481913,0
10165,847,1,H,1036581915,1036581913,2
10166,847,2,B,1036681916,1036681913,3
10167,847,3,U,1036781917,1036781913,4
10168,847,4,R,1036881918,1036881913,5
10169,847,5,G,1036981919,1036981913,6
10170,847,6,E,1037081920,1037081913,7
10171,847,7,N,1037181920,1037181913,7
10172,847,8,L,1037281921,1037281913,8
10173,847,9,A,1037381922,1037381913,9
10174,847,10,N,1037481922,1037481913,9
10175,847,11,D,1037581922,1037581913,9
10176,848,0,F,1037681923,1037681923,0
10177,848,1,H,1037781925,1037781923,2
10178,848,2,B,1037881925,1037881923,2
10179,848,3,U,1037981927,1037981923,4
10180,848,4,R,1038081929,1038081923,6
10181,848,5,G,1038181930,1038181923,7
10182,848,6,E,1038281931,1038281923,8
10183,848,7,N,1038381932,1038381923,9
10184,848,8,L,1038481933,1038481923,10
10185,848,9,A,1038581935,1038581923,12
10186,848,10,N,1038681937,1038681923,14
10187,848,11,D,1038781938,1038781923,15
10188,849,0,F,1038881940,1038881940,0
10189,849,1,H,1038981941,1038981940,1
10190,849,2,B,1039081943,1039081940,3
10191,849,3,U,1039181944,1039181940,4
10192,849,4,R,1039281945,1039281940,5
10193,849,5,G,1039381946,1039381940,6
10194,849,6,E,1039481947,1039481940,7
10195,849,7,N,1039581948,1039581940,8
10196,849,8,L,1039681949,1039681940,9
10197,849,9,A,1039781950,1039781940,10
10198,849,10,N,1039881952,1039881940,12
10199,849,11,D,1039981953,1039981940,13
10200,850,0,F,1040081954,1040081954,0
10201,850,1,H,1040181954,1040181954,0
10202,850,2,B,1040281955,1040281954,1
10203,850,3,U,1040381957,1040381954,3
10204,850,4,R,1040481957,1040481954,3
10205,850,5,G,1040581959,1040581954,5
10206,850,6,E,1040681960,1040681954,6
10207,850,7,N,1040781961,1040781954,7
10208,850,8,L,1040881962,1040881954,8
10209,850,9,A,1040981963,1040981954,9
10210,850,10,N,1041081965,1041081954,11
10211,850,11,D,1041181966,1041181954,12
10212,851,0,F,1041281968,1041281968,0
10213,851,1,H,1041381968,1041381968,0
10214,851,2,B,1041481969,1041481968,1
10215,851,3,U,1041581971,1041581968,3
10216,851,4,R,1041681972,1041681968,4
10217,851,5,G,1041781973,1041781968,5
10218,851,6,E,1041881974,1041881968,6
10219,851,7,N,1041981975,1041981968,7
10220,851,8,L,1042081976,1042081968,8
10221,851,9,A,1042181977,1042181968,9
10222,851,10,N,1042281978,1042281968,10
10223,851,11,D,1042381979,1042381968,11
10224,852,0,F,1042481980,1042481980,0
10225,852,1,H,1042581981,1042581980,1
10226,852,2,B,1042681982,1042681980,2
10227,852,3,U,1042781982,1042781980,2
10228,852,4,R,1042881983,1042881980,3
10229,852,5,G,1042981983,1042981980,3
10230,852,6,E,1043081984,1043081980,4
10231,852,7,N,1043181985,1043181980,5
10232,852,8,L,1043281987,1043281980,7
10233,852,9,A,1043381988,1043381980,8
10234,852,10,N,1043481989,1043481980,9
10235,852,11,D,1043581991,1043581980,11
10236,853,0,F,1043681993,1043681993,0
10237,853,1,H,1043781994,1043781993,1
10238,853,2,B,1043881996,1043881993,3
10239,853,3,U,1043981997,1043981993,4
10240,853,4,R,1044081998,1044081993,5
10241,853,5,G,1044181999,1044181993,6
10242,853,6,E,1044282000,1044281993,7
10243,853,7,N,1044382001,1044381993,8
10244,853,8,L,1044482003,1044481993,10
10245,853,9,A,1044582005,1044581993,12
10246,853,10,N,1044682006,1044681993,13
10247,853,11,D,1044782007,1044781993,14
10248,854,0,F,1044882008,1044882008,0
10249,854,1,H,1044982009,1044982008,1
10250,854,2,B,1045082010,1045082008,2
10251,854,3,U,1045182011,1045182008,3
10252,854,4,R,1045282012,1045282008,4
10253,854,5,G,1045382012,1045382008,4
10254,854,6,E,1045482012,1045482008,4
10255,854,7,N,1045582013,1045582008,5
10256,854,8,L,1045682014,1045682008,6
10257,854,9,A,1045782015,1045782008,7
10258,854,10,N,1045882016,1045882008,8
10259,854,11,D,1045982017,1045982008,9
10260,855,0,F,1046082018,1046082018,0
10261,855,1,H,1046182018,1046182018,0
10262,855,2,B,1046282019,1046282018,1
10263,855,3,U,1046382020,1046382018,2
10264,855,4,R,1046482021,1046482018,3
10265,855,5,G,1046582022,1046582018,4
10266,855,6,E,1046682023,1046682018,5
10267,855,7,N,1046782024,1046782018,6
10268,855,8,L,1046882025,1046882018,7
10269,855,9,A,1046982025,1046982018,7
10270,855,10,N,1047082026,1047082018,8
10271,855,11,D,1047182026,1047182018,8
10272,856,0,F,1047282027,1047282027,0
10273,856,1,H,1047382028,1047382027,1
10274,856,2,B,1047482029,1047482027,2
10275,856,3,U,1047582030,1047582027,3
10276,856,4,R,1047682031,1047682027,4
10277,856,5,G,1047782031,1047782027,4
10278,856,6,E,1047882032,1047882027,5
10279,856,7,N,1047982034,1047982027,7
10280,856,8,L,1048082035,1048082027,8
10281,856,9,A,1048182036,1048182027,9
10282,856,10,N,1048282037,1048282027,10
10283,856,11,D,1048382038,1048382027,11
10284,857,0,F,1048482039,1048482039,0
10285,857,1,H,1048582040,1048582039,1
10286,857,2,B,1048682041,1048682039,2
10287,857,3,U,1048782041,1048782039,2
10288,857,4,R,1048882041,1048882039,2
10289,857,5,G,1048982041,1048982039,2
10290,857,6,E,1049082042,1049082039,3
10291,857,7,N,1049182043,1049182039,4
10292,857,8,L,1049282044,1049282039,5
10293,857,9,A,1049382044,1049382039,5
10294,857,10,N,1049482045,1049482039,6
10295,857,11,D,1049582046,1049582039,7
10296,858,0,F,1049682047,1049682047,0
10297,858,1,H,1049782048,1049782047,1
10298,858,2,B,1049882049,1049882047,2
10299,858,3,U,1049982050,1049982047,3
10300,858,4,R,1050082051,1050082047,4
10301,858,5,G,1050182052,1050182047,5
10302,858,6,E,1050282053,1050282047,6
10303,858,7,N,1050382055,1050382047,8
10304,858,8,L,1050482056,1050482047,9
10305,858,9,A,1050582058,1050582047,11
10306,858,10,N,1050682059,1050682047,12
10307,858,11,D,1050782060,1050782047,13
10308,859,0,F,1050882061,1050882061,0
10309,859,1,H,1050982062,1050982061,1
10310,859,2,B,1051082063,1051082061,2
10311,859,3,U,1051182064,1051182061,3
10312,859,4,R,1051282065,1051282061,4
10313,859,5,G,1051382065,1051382061,4
10314,859,6,E,1051482066,1051482061,5
10315,859,7,N,1051582067,1051582061,6
10316,859,8,L,1051682068,1051682061,7
10317,859,9,A,1051782069,1051782061,8
10318,859,10,N,1051882071,1051882061,10
10319,859,11,D,1051982072,1051982061,11
10320,860,0,F,1052082073,1052082073,0
10321,860,1,H,1052182074,1052182073,1
10322,860,2,B,1052282075,1052282073,2
10323,860,3,U,1052382076,1052382073,3
10324,860,4,R,1052482078,1052482073,5
10325,860,5,G,1052582079,1052582073,6
10326,860,6,E,1052682081,1052682073,8
10327,860,7,N,1052782082,1052782073,9
10328,860,8,L,1052882083,1052882073,10
10329,860,9,A,1052982083,1052982073,10
10330,860,10,N,1053082084,1053082073,11
10331,860,11,D,1053182084,1053182073,11
10332,861,0,F,1053282086,1053282086,0
10333,861,1,H,1053382087,1053382086,1
10334,861,2,B,1053482088,1053482086,2
10335,861,3,U,1053582088,1053582086,2
10336,861,4,R,1053682089,1053682086,3
10337,861,5,G,1053782089,1053782086,3
10338,861,6,E,1053882090,1053882086,4
10339,861,7,N,1053982091,1053982086,5
10340,861,8,L,1054082091,1054082086,5
10341,861,9,A,1054182092,1054182086,6
10342,861,10,N,1054282093,1054282086,7
10343,861,11,D,1054382094,1054382086,8
10344,862,0,F,1054482094,1054482094,0
10345,862,1,H,1054582095,1054582094,1
10346,862,2,B,1054682097,1054682094,3
10347,862,3,U,1054782098,1054782094,4
10348,862,4,R,1054882100,1054882094,6
10349,862,5,G,1054982101,1054982094,7
10350,862,6,E,1055082102,1055082094,8
10351,862,7,N,1055182102,1055182094,8
10352,862,8,L,1055282103,1055282094,9
10353,862,9,A,1055382103,1055382094,9
10354,862,10,N,1055482104,1055482094,10
10355,862,11,D,1055582104,1055582094,10
10356,863,0,F,1055682105,1055682105,0
10357,863,1,H,1055782106,1055782105,1
10358,863,2,B,1055882106,1055882105,1
10359,863,3,U,1055982107,1055982105,2
10360,863,4,R,1056082108,1056082105,3
10361,863,5,G,1056182109,1056182105,4
10362,863,6,E,1056282110,1056282105,5
10363,863,7,N,1056382112,1056382105,7
10364,863,8,L,1056482113,1056482105,8
10365,863,9,A,1056582115,1056582105,10
10366,863,10,N,1056682115,1056682105,10
10367,863,11,D,1056782116,1056782105,11
10368,864,0,F,1056882117,1056882117,0
10369,864,1,H,1056982118,1056982117,1
10370,864,2,B,1057082118,1057082117,1
10371,864,3,U,1057182119,1057182117,2
10372,864,4,R,1057282120,1057282117,3
10373,864,5,G,1057382121,1057382117,4
10374,864,6,E,1057482121,1057482117,4
10375,864,7,N,1057582123,1057582117,6
10376,864,8,L,1057682124,1057682117,7
10377,864,9,A,1057782125,1057782117,8
10378,864,10,N,1057882126,1057882117,9
10379,864,11,D,1057982127,1057982117,10
10380,865,0,F,1058082127,1058082127,0
10381,865,1,H,1058182128,1058182127,1
10382,865,2,B,1058282129,1058282127,2
10383,865,3,U,1058382129,1058382127,2
10384,865,4,R,1058482130,1058482127,3
10385,865,5,G,1058582131,1058582127,4
10386,865,6,E,1058682132,1058682127,5
10387,865,7,N,1058782133,1058782127,6
10388,865,8,L,1058882133,1058882127,6
10389,865,9,A,1058982133,1058982127,6
10390,865,10,N,1059082134,1059082127,7
10391,865,11,D,1059182136,1059182127,9
10392,866,0,F,1059282137,1059282137,0
10393,866,1,H,1059382138,1059382137,1
10394,866,2,B,1059482138,1059482137,1
10395,866,3,U,1059582138,1059582137,1
10396,866,4,R,1059682138,1059682137,1
10397,866,5,G,1059782139,1059782137,2
10398,866,6,E,1059882139,1059882137,2
10399,866,7,N,1059982140,1059982137,3
10400,866,8,L,1060082141,1060082137,4
10401,866,9,A,1060182142,1060182137,5
10402,866,10,N,1060282143,1060282137,6
10403,866,11,D,1060382143,1060382137,6
10404,867,0,F,1060482145,1060482145,0
10405,867,1,H,1060582146,1060582145,1
10406,867,2,B,1060682148,1060682145,3
10407,867,3,U,1060782149,1060782145,4
10408,867,4,R,1060882150,1060882145,5
10409,867,5,G,1060982151,1060982145,6
10410,867,6,E,1061082152,1061082145,7
10411,867,7,N,1061182154,1061182145,9
10412,867,8,L,1061282156,1061282145,11
10413,867,9,A,1061382157,1061382145,12
10414,867,10,N,1061482158,1061482145,13
10415,867,11,D,1061582159,1061582145,14
10416,868,0,F,1061682159,1061682159,0
10417,868,1,H,1061782160,1061782159,1
10418,868,2,B,1061882160,1061882159,1
10419,868,3,U,1061982160,1061982159,1
10420,868,4,R,1062082161,1062082159,2
10421,868,5,G,1062182163,1062182159,4
10422,868,6,E,1062282164,1062282159,5
10423,868,7,N,1062382164,1062382159,5
10424,868,8,L,1062482165,1062482159,6
10425,868,9,A,1062582166,1062582159,7
10426,868,10,N,1062682167,1062682159,8
10427,868,11,D,1062782168,1062782159,9
10428,869,0,F,1062882168,1062882168,0
10429,869,1,H,1062982169,1062982168,1
10430,869,2,B,1063082170,1063082168,2
10431,869,3,U,1063182171,1063182168,3
10432,869,4,R,1063282173,1063282168,5
10433,869,5,G,1063382174,1063382168,6
10434,869,6,E,1063482175,1063482168,7
10435,869,7,N,1063582176,1063582168,8
10436,869,8,L,1063682178,1063682168,10
10437,869,9,A,1063782178,1063782168,10
10438,869,10,N,1063882179,1063882168,11
10439,869,11,D,1063982180,1063982168,12
10440,870,0,F,1064082181,1064082181,0
10441,870,1,H,1064182182,1064182181,1
10442,870,2,B,1064282183,1064282181,2
10443,870,3,U,1064382183,1064382181,2
10444,870,4,R,1064482183,1064482181,2
10445,870,5,G,1064582184,1064582181,3
10446,870,6,E,1064682184,1064682181,3
10447,870,7,N,1064782186,1064782181,5
10448,870,8,L,1064882187,1064882181,6
10449,870,9,A,1064982188,1064982181,7
10450,870,10,N,1065082190,1065082181,9
10451,870,11,D,1065182191,1065182181,10
10452,871,0,F,1065282192,1065282192,0
10453,871,1,H,1065382193,1065382192,1
10454,871,2,B,1065482194,1065482192,2
10455,871,3,U,1065582195,1065582192,3
10456,871,4,R,1065682196,1065682192,4
10457,871,5,G,1065782196,1065782192,4
10458,871,6,E,1065882197,1065882192,5
10459,871,7,N,1065982198,1065982192,6
10460,871,8,L,1066082199,1066082192,7
10461,871,9,A,1066182200,1066182192,8
10462,871,10,N,1066282201,1066282192,9
10463,871,11,D,1066382202,1066382192,10
10464,872,0,F,1066482203,1066482203,0
10465,872,1,H,1066582204,1066582203,1
10466,872,2,B,1066682205,1066682203,2
10467,872,3,U,1066782206,1066782203,3
10468,872,4,R,1066882208,1066882203,5
10469,872,5,G,1066982209,1066982203,6
10470,872,6,E,1067082210,1067082203,7
10471,872,7,N,1067182211,1067182203,8
10472,872,8,L,1067282213,1067282203,10
10473,872,9,A,1067382214,1067382203,11
10474,872,10,N,1067482215,1067482203,12
10475,872,11,D,1067582216,1067582203,13
10476,873,0,F,1067682217,1067682217,0
10477,873,1,H,1067782218,1067782217,1
10478,873,2,B,1067882219,1067882217,2
10479,873,3,U,1067982220,1067982217,3
10480,873,4,R,1068082220,1068082217,3
10481,873,5,G,1068182221,1068182217,4
10482,873,6,E,1068282222,1068282217,5
10483,873,7,N,1068382222,1068382217,5
10484,873,8,L,1068482224,1068482217,7
10485,873,9,A,1068582224,1068582217,7
10486,873,10,N,1068682225,1068682217,8
10487,873,11,D,1068782226,1068782217,9
10488,874,0,F,1068882227,1068882227,0
10489,874,1,H,1068982227,1068982227,0
10490,874,2,B,1069082228,1069082227,1
10491,874,3,U,1069182229,1069182227,2
10492,874,4,R,1069282230,1069282227,3
10493,874,5,G,1069382230,1069382227,3
10494,874,6,E,1069482230,1069482227,3
10495,874,7,N,1069582232,1069582227,5
10496,874,8,L,1069682233,1069682227,6
10497,874,9,A,1069782233,1069782227,6
10498,874,10,N,1069882234,1069882227,7
10499,874,11,D,1069982235,1069982227,8
10500,875,0,F,1070082235,1070082235,0
10501,875,1,H,1070182236,1070182235,1
10502,875,2,B,1070282237,1070282235,2
10503,875,3,U,1070382237,1070382235,2
10504,875,4,R,1070482239,1070482235,4
10505,875,5,G,1070582241,1070582235,6
10506,875,6,E,1070682242,1070682235,7
10507,875,7,N,1070782243,1070782235,8
10508,875,8,L,1070882244,1070882235,9
10509,875,9,A,1070982244,1070982235,9
10510,875,10,N,1071082245,1071082235,10
10511,875,11,D,1071182246,1071182235,11
10512,876,0,F,1071282247,1071282247,0
10513,876,1,H,1071382248,1071382247,1
10514,876,2,B,1071482249,1071482247,2
10515,876,3,U,1071582249,1071582247,2
10516,876,4,R,1071682250,1071682247,3
10517,876,5,G,1071782251,1071782247,4
10518,876,6,E,1071882252,1071882247,5
10519,876,7,N,1071982253,1071982247,6
10520,876,8,L,1072082253,1072082247,6
10521,876,9,A,1072182254,1072182247,7
10522,876,10,N,1072282256,1072282247,9
10523,876,11,D,1072382257,1072382247,10
10524,877,0,F,1072482258,1072482258,0
10525,877,1,H,1072582259,1072582258,1
10526,877,2,B,1072682259,1072682258,1
10527,877,3,U,1072782260,1072782258,2
10528,877,4,R,1072882261,1072882258,3
10529,877,5,G,1072982262,1072982258,4
10530,877,6,E,1073082263,1073082258,5
10531,877,7,N,1073182264,1073182258,6
10532,877,8,L,1073282266,1073282258,8
10533,877,9,A,1073382267,1073382258,9
10534,877,10,N,1073482268,1073482258,10
10535,877,11,D,1073582269,1073582258,11
10536,878,0,F,1073682271,1073682271,0
10537,878,1,H,1073782272,1073782271,1
10538,878,2,B,1073882273,1073882271,2
10539,878,3,U,1073982273,1073982271,2
10540,878,4,R,1074082275,1074082271,4
10541,878,5,G,1074182276,1074182271,5
10542,878,6,E,1074282278,1074282271,7
10543,878,7,N,1074382278,1074382271,7
10544,878,8,L,1074482279,1074482271,8
10545,878,9,A,1074582279,1074582271,8
10546,878,10,N,1074682280,1074682271,9
10547,878,11,D,1074782281,1074782271,10
10548,879,0,F,1074882282,1074882282,0
10549,879,1,H,1074982283,1074982282,1
10550,879,2,B,1075082283,1075082282,1
10551,879,3,U,1075182285,1075182282,3
10552,879,4,R,1075282286,1075282282,4
10553,879,5,G,1075382287,1075382282,5
10554,879,6,E,1075482288,1075482282,6
10555,879,7,N,1075582288,1075582282,6
10556,879,8,L,1075682290,1075682282,8
10557,879,9,A,1075782290,1075782282,8
10558,879,10,N,1075882290,1075882282,8
10559,879,11,D,1075982291,1075982282,9
10560,880,0,F,1076082293,1076082293,0
10561,880,1,H,1076182294,1076182293,1
10562,880,2,B,1076282295,1076282293,2
10563,880,3,U,1076382296,1076382293,3
10564,880,4,R,1076482296,1076482293,3
10565,880,5,G,1076582297,1076582293,4
10566,880,6,E,1076682297,1076682293,4
10567,880,7,N,1076782298,1076782293,5
10568,880,8,L,1076882299,1076882293,6
10569,880,9,A,1076982300,1076982293,7
10570,880,10,N,1077082300,1077082293,7
10571,880,11,D,1077182301,1077182293,8
10572,881,0,F,1077282301,1077282301,0
10573,881,1,H,1077382302,1077382301,1
10574,881,2,B,1077482303,1077482301,2
10575,881,3,U,1077582305,1077582301,4
10576,881,4,R,1077682306,1077682301,5
10577,881,5,G,1077782307,1077782301,6
10578,881,6,E,1077882307,1077882301,6
10579,881,7,N,1077982307,1077982301,6
10580,881,8,L,1078082308,1078082301,7
10581,881,9,A,1078182309,1078182301,8
10582,881,10,N,1078282311,1078282301,10
10583,881,11,D,1078382312,1078382301,11
10584,882,0,F,1078482313,1078482313,0
10585,882,1,H,1078582314,1078582313,1
10586,882,2,B,1078682316,1078682313,3
10587,882,3,U,1078782317,1078782313,4
10588,882,4,R,1078882319,1078882313,6
10589,882,5,G,1078982319,1078982313,6
10590,882,6,E,1079082321,1079082313,8
10591,882,7,N,1079182322,1079182313,9
10592,882,8,L,1079282323,1079282313,10
10593,882,9,A,1079382325,1079382313,12
10594,882,10,N,1079482327,1079482313,14
10595,882,11,D,1079582328,1079582313,15
10596,883,0,F,1079682329,1079682329,0
10597,883,1,H,1079782329,1079782329,0
10598,883,2,B,1079882330,1079882329,1
10599,883,3,U,1079982331,1079982329,2
10600,883,4,R,1080082332,1080082329,3
10601,883,5,G,1080182333,1080182329,4
10602,883,6,E,1080282334,1080282329,5
10603,883,7,N,1080382334,1080382329,5
10604,883,8,L,1080482334,1080482329,5
10605,883,9,A,1080582335,1080582329,6
10606,883,10,N,1080682336,1080682329,7
10607,883,11,D,1080782337,1080782329,8
10608,884,0,F,1080882338,1080882338,0
10609,884,1,H,1080982338,1080982338,0
10610,884,2,B,1081082339,1081082338,1
10611,884,3,U,1081182340,1081182338,2
10612,884,4,R,1081282341,1081282338,3
10613,884,5,G,1081382342,1081382338,4
10614,884,6,E,1081482343,1081482338,5
10615,884,7,N,1081582344,1081582338,6
10616,884,8,L,1081682345,1081682338,7
10617,884,9,A,1081782346,1081782338,8
10618,884,10,N,1081882347,1081882338,9
10619,884,11,D,1081982348,1081982338,10
10620,885,0,F,1082082349,1082082349,0
10621,885,1,H,1082182350,1082182349,1
10622,885,2,B,1082282351,1082282349,2
10623,885,3,U,1082382352,1082382349,3
10624,885,4,R,1082482352,1082482349,3
10625,885,5,G,1082582354,1082582349,5
10626,885,6,E,1082682355,1082682349,6
10627,885,7,N,1082782356,1082782349,7
10628,885,8,L,1082882357,1082882349,8
10629,885,9,A,1082982358,1082982349,9
10630,885,10,N,1083082359,1083082349,10
10631,885,11,D,1083182360,1083182349,11
10632,886,0,F,1083282360,1083282360,0
10633,886,1,H,1083382361,1083382360,1
10634,886,2,B,1083482362,1083482360,2
10635,886,3,U,1083582363,1083582360,3
10636,886,4,R,1083682365,1083682360,5
10637,886,5,G,1083782366,1083782360,6
10638,886,6,E,1083882368,1083882360,8
10639,886,7,N,1083982369,1083982360,9
10640,886,8,L,1084082370,1084082360,10
10641,886,9,A,1084182372,1084182360,12
10642,886,10,N,1084282373,1084282360,13
10643,886,11,D,1084382374,1084382360,14
10644,887,0,F,1084482375,1084482375,0
10645,887,1,H,1084582377,1084582375,2
10646,887,2,B,1084682378,1084682375,3
10647,887,3,U,1084782379,1084782375,4
10648,887,4,R,1084882380,1084882375,5
10649,887,5,G,1084982381,1084982375,6
10650,887,6,E,1085082381,1085082375,6
10651,887,7,N,1085182382,1085182375,7
10652,887,8,L,1085282383,1085282375,8
10653,887,9,A,1085382383,1085382375,8
10654,887,10,N,1085482384,1085482375,9
10655,887,11,D,1085582385,1085582375,10
10656,888,0,F,1085682386,1085682386,0
10657,888,1,H,1085782387,1085782386,1
10658,888,2,B,1085882388,1085882386,2
10659,888,3,U,1085982388,1085982386,2
10660,888,4,R,1086082389,1086082386,3
10661,888,5,G,1086182389,1086182386,3
10662,888,6,E,1086282390,1086282386,4
10663,888,7,N,1086382390,1086382386,4
10664,888,8,L,1086482391,1086482386,5
10665,888,9,A,1086582392,1086582386,6
10666,888,10,N,1086682393,1086682386,7
10667,888,11,D,1086782394,1086782386,8
10668,889,0,F,1086882395,1086882395,0
10669,889,1,H,1086982397,1086982395,2
10670,889,2,B,1087082398,1087082395,3
10671,889,3,U,1087182400,1087182395,5
10672,889,4,R,1087282401,1087282395,6
10673,889,5,G,1087382402,1087382395,7
10674,889,6,E,1087482402,1087482395,7
10675,889,7,N,1087582402,1087582395,7
10676,889,8,L,1087682403,1087682395,8
10677,889,9,A,1087782404,1087782395,9
10678,889,10,N,1087882405,1087882395,10
10679,889,11,D,1087982406,1087982395,11
10680,890,0,F,1088082408,1088082408,0
10681,890,1,H,1088182408,1088182408,0
10682,890,2,B,1088282408,1088282408,0
10683,890,3,U,1088382409,1088382408,1
10684,890,4,R,1088482411,1088482408,3
10685,890,5,G,1088582412,1088582408,4
10686,890,6,E,1088682412,1088682408,4
10687,890,7,N,1088782413,1088782408,5
10688,890,8,L,1088882414,1088882408,6
10689,890,9,A,1088982415,1088982408,7
10690,890,10,N,1089082416,1089082408,8
10691,890,11,D,1089182417,1089182408,9
10692,891,0,F,1089282418,1089282418,0
10693,891,1,H,1089382418,1089382418,0
10694,891,2,B,1089482419,1089482418,1
10695,891,3,U,1089582420,1089582418,2
10696,891,4,R,1089682420,1089682418,2
10697,891,5,G,1089782420,1089782418,2
10698,891,6,E,1089882421,1089882418,3
10699,891,7,N,1089982421,1089982418,3
10700,891,8,L,1090082421,1090082418,3
10701,891,9,A,1090182422,1090182418,4
10702,891,10,N,1090282423,1090282418,5
10703,891,11,D,1090382424,1090382418,6
10704,892,0,F,1090482426,1090482426,0
10705,892,1,H,1090582427,1090582426,1
10706,892,2,B,1090682429,1090682426,3
10707,892,3,U,1090782430,1090782426,4
10708,892,4,R,1090882431,1090882426,5
10709,892,5,G,1090982431,1090982426,5
10710,892,6,E,1091082432,1091082426,6
10711,892,7,N,1091182433,1091182426,7
10712,892,8,L,1091282434,1091282426,8
10713,892,9,A,1091382436,1091382426,10
10714,892,10,N,1091482437,1091482426,11
10715,892,11,D,1091582437,1091582426,11
10716,893,0,F,1091682438,1091682438,0
10717,893,1,H,1091782439,1091782438,1
10718,893,2,B,1091882439,1091882438,1
10719,893,3,U,1091982440,1091982438,2
10720,893,4,R,1092082440,1092082438,2
10721,893,5,G,1092182441,1092182438,3
10722,893,6,E,1092282442,1092282438,4
10723,893,7,N,1092382442,1092382438,4
10724,893,8,L,1092482443,1092482438,5
10725,893,9,A,1092582444,1092582438,6
10726,893,10,N,1092682444,1092682438,6
10727,893,11,D,1092782445,1092782438,7
10728,894,0,F,1092882446,1092882446,0
10729,894,1,H,1092982447,1092982446,1
10730,894,2,B,1093082449,1093082446,3
10731,894,3,U,1093182450,1093182446,4
10732,894,4,R,1093282450,1093282446,4
10733,894,5,G,1093382451,1093382446,5
10734,894,6,E,1093482453,1093482446,7
10735,894,7,N,1093582454,1093582446,8
10736,894,8,L,1093682455,1093682446,9
10737,894,9,A,1093782456,1093782446,10
10738,894,10,N,1093882456,1093882446,10
10739,894,11,D,1093982457,1093982446,11
10740,895,0,F,1094082458,1094082458,0
10741,895,1,H,1094182459,1094182458,1
10742,895,2,B,1094282460,1094282458,2
10743,895,3,U,1094382461,1094382458,3
10744,895,4,R,1094482463,1094482458,5
10745,895,5,G,1094582464,1094582458,6
10746,895,6,E,1094682465,1094682458,7
10747,895,7,N,1094782467,1094782458,9
10748,895,8,L,1094882468,1094882458,10
10749,895,9,A,1094982469,1094982458,11
10750,895,10,N,1095082470,1095082458,12
10751,895,11,D,1095182471,1095182458,13
10752,896,0,F,1095282472,1095282472,0
10753,896,1,H,1095382473,1095382472,1
10754,896,2,B,1095482475,1095482472,3
10755,896,3,U,1095582476,1095582472,4
10756,896,4,R,1095682477,1095682472,5
10757,896,5,G,1095782479,1095782472,7
10758,896,6,E,1095882479,1095882472,7
10759,896,7,N,1095982480,1095982472,8
10760,896,8,L,1096082482,1096082472,10
10761,896,9,A,1096182483,1096182472,11
10762,896,10,N,1096282484,1096282472,12
10763,896,11,D,1096382485,1096382472,13
10764,897,0,F,1096482485,1096482485,0
10765,897,1,H,1096582486,1096582485,1
10766,897,2,B,1096682487,1096682485,2
10767,897,3,U,1096782488,1096782485,3
10768,897,4,R,1096882488,1096882485,3
10769,897,5,G,1096982489,1096982485,4
10770,897,6,E,1097082491,1097082485,6
10771,897,7,N,1097182492,1097182485,7
10772,897,8,L,1097282493,1097282485,8
10773,897,9,A,1097382494,1097382485,9
10774,897,10,N,1097482495,1097482485,10
10775,897,11,D,1097582496,1097582485,11
10776,898,0,F,1097682497,1097682497,0
10777,898,1,H,1097782498,1097782497,1
10778,898,2,B,1097882499,1097882497,2
10779,898,3,U,1097982500,1097982497,3
10780,898,4,R,1098082501,1098082497,4
10781,898,5,G,1098182502,1098182497,5
10782,898,6,E,1098282503,1098282497,6
10783,898,7,N,1098382504,1098382497,7
10784,898,8,L,1098482506,1098482497,9
10785,898,9,A,1098582507,1098582497,10
10786,898,10,N,1098682508,1098682497,11
10787,898,11,D,1098782509,1098782497,12
10788,899,0,F,1098882509,1098882509,0
10789,899,1,H,1098982510,1098982509,1
10790,899,2,B,1099082511,1099082509,2
10791,899,3,U,1099182511,1099182509,2
10792,899,4,R,1099282512,1099282509,3
10793,899,5,G,1099382512,1099382509,3
10794,899,6,E,1099482513,1099482509,4
10795,899,7,N,1099582513,1099582509,4
10796,899,8,L,1099682514,1099682509,5
10797,899,9,A,1099782515,1099782509,6
10798,899,10,N,1099882515,1099882509,6
10799,899,11,D,1099982517,1099982509,8
10800,900,0,F,1100082517,1100082517,0
10801,900,1,H,1100182518,1100182517,1
10802,900,2,B,1100282519,1100282517,2
10803,900,3,U,1100382520,1100382517,3
10804,900,4,R,1100482520,1100482517,3
10805,900,5,G,1100582521,1100582517,4
10806,900,6,E,1100682522,1100682517,5
10807,900,7,N,1100782523,1100782517,6
10808,900,8,L,1100882524,1100882517,7
10809,900,9,A,1100982526,1100982517,9
10810,900,10,N,1101082527,1101082517,10
10811,900,11,D,1101182528,1101182517,11
10812,901,0,F,1101282530,1101282530,0
10813,901,1,H,1101382531,1101382530,1
10814,901,2,B,1101482532,1101482530,2
10815,901,3,U,1101582533,1101582530,3
10816,901,4,R,1101682534,1101682530,4
10817,901,5,G,1101782535,1101782530,5
10818,901,6,E,1101882537,1101882530,7
10819,901,7,N,1101982538,1101982530,8
10820,901,8,L,1102082539,1102082530,9
10821,901,9,A,1102182540,1102182530,10
10822,901,10,N,1102282541,1102282530,11
10823,901,11,D,1102382543,1102382530,13
10824,902,0,F,1102482544,1102482544,0
10825,902,1,H,1102582545,1102582544,1
10826,902,2,B,1102682546,1102682544,2
10827,902,3,U,1102782546,1102782544,2
10828,902,4,R,1102882547,1102882544,3
10829,902,5,G,1102982549,1102982544,5
10830,902,6,E,1103082551,1103082544,7
10831,902,7,N,1103182552,1103182544,8
10832,902,8,L,1103282553,1103282544,9
10833,902,9,A,1103382553,1103382544,9
10834,902,10,N,1103482554,1103482544,10
10835,902,11,D,1103582555,1103582544,11
10836,903,0,F,1103682557,1103682557,0
10837,903,1,H,1103782557,1103782557,0
10838,903,2,B,1103882557,1103882557,0
10839,903,3,U,1103982557,1103982557,0
10840,903,4,R,1104082558,1104082557,1
10841,903,5,G,1104182559,1104182557,2
10842,903,6,E,1104282561,1104282557,4
10843,903,7,N,1104382562,1104382557,5
10844,903,8,L,1104482562,1104482557,5
10845,903,9,A,1104582564,1104582557,7
10846,903,10,N,1104682565,1104682557,8
10847,903,11,D,1104782566,1104782557,9
10848,904,0,F,1104882568,1104882568,0
10849,904,1,H,1104982569,1104982568,1
10850,904,2,B,1105082570,1105082568,2
10851,904,3,U,1105182572,1105182568,4
10852,904,4,R,1105282573,1105282568,5
10853,904,5,G,1105382574,1105382568,6
10854,904,6,E,1105482574,1105482568,6
10855,904,7,N,1105582575,1105582568,7
10856,904,8,L,1105682575,1105682568,7
10857,904,9,A,1105782576,1105782568,8
10858,904,10,N,1105882576,1105882568,8
10859,904,11,D,1105982577,1105982568,9
10860,905,0,F,1106082578,1106082578,0
10861,905,1,H,1106182579,1106182578,1
10862,905,2,B,1106282579,1106282578,1
10863,905,3,U,1106382581,1106382578,3
10864,905,4,R,1106482582,1106482578,4
10865,905,5,G,1106582583,1106582578,5
10866,905,6,E,1106682583,1106682578,5
10867,905,7,N,1106782584,1106782578,6
10868,905,8,L,1106882585,1106882578,7
10869,905,9,A,1106982587,1106982578,9
10870,905,10,N,1107082588,1107082578,10
10871,905,11,D,1107182588,1107182578,10
10872,906,0,F,1107282589,1107282589,0
10873,906,1,H,1107382590,1107382589,1
10874,906,2,B,1107482590,1107482589,1
10875,906,3,U,1107582591,1107582589,2
10876,906,4,R,1107682592,1107682589,3
10877,906,5,G,1107782593,1107782589,4
10878,906,6,E,1107882593,1107882589,4
10879,906,7,N,1107982595,1107982589,6
10880,906,8,L,1108082596,1108082589,7
10881,906,9,A,1108182597,1108182589,8
10882,906,10,N,1108282599,1108282589,10
10883,906,11,D,1108382601,1108382589,12
10884,907,0,F,1108482602,1108482602,0
10885,907,1,H,1108582604,1108582602,2
10886,907,2,B,1108682604,1108682602,2
10887,907,3,U,1108782605,1108782602,3
10888,907,4,R,1108882606,1108882602,4
10889,907,5,G,1108982608,1108982602,6
10890,907,6,E,1109082608,1109082602,6
10891,907,7,N,1109182609,1109182602,7
10892,907,8,L,1109282610,1109282602,8
10893,907,9,A,1109382610,1109382602,8
10894,907,10,N,1109482611,1109482602,9
10895,907,11,D,1109582611,1109582602,9
10896,908,0,F,1109682612,1109682612,0
10897,908,1,H,1109782613,1109782612,1
10898,908,2,B,1109882613,1109882612,1
10899,908,3,U,1109982614,1109982612,2
10900,908,4,R,1110082616,1110082612,4
10901,908,5,G,1110182616,1110182612,4
10902,908,6,E,1110282618,1110282612,6
10903,908,7,N,1110382619,1110382612,7
10904,908,8,L,1110482621,1110482612,9
10905,908,9,A,1110582622,1110582612,10
10906,908,10,N,1110682623,1110682612,11
10907,908,11,D,1110782623,1110782612,11
10908,909,0,F,1110882624,1110882624,0
10909,909,1,H,1110982625,1110982624,1
10910,909,2,B,1111082626,1111082624,2
10911,909,3,U,1111182628,1111182624,4
10912,909,4,R,1111282630,1111282624,6
10913,909,5,G,1111382630,1111382624,6
10914,909,6,E,1111482631,1111482624,7
10915,909,7,N,1111582632,1111582624,8
10916,909,8,L,1111682633,1111682624,9
10917,909,9,A,1111782633,1111782624,9
10918,909,10,N,1111882634,1111882624,10
10919,909,11,D,1111982635,1111982624,11
10920,910,0,F,1112082636,1112082636,0
10921,910,1,H,1112182636,1112182636,0
10922,910,2,B,1112282637,1112282636,1
10923,910,3,U,1112382637,1112382636,1
10924,910,4,R,1112482638,1112482636,2
10925,910,5,G,1112582639,1112582636,3
10926,910,6,E,1112682640,1112682636,4
10927,910,7,N,1112782641,1112782636,5
10928,910,8,L,1112882642,1112882636,6
10929,910,9,A,1112982643,1112982636,7
10930,910,10,N,1113082644,1113082636,8
10931,910,11,D,1113182646,1113182636,10
10932,911,0,F,1113282647,1113282647,0
10933,911,1,H,1113382648,1113382647,1
10934,911,2,B,1113482649,1113482647,2
10935,911,3,U,1113582651,1113582647,4
10936,911,4,R,1113682652,1113682647,5
10937,911,5,G,1113782653,1113782647,6
10938,911,6,E,1113882654,1113882647,7
10939,911,7,N,1113982655,1113982647,8
10940,911,8,L,1114082655,1114082647,8
10941,911,9,A,1114182657,1114182647,10
10942,911,10,N,1114282658,1114282647,11
10943,911,11,D,1114382658,1114382647,11
10944,912,0,F,1114482658,1114482658,0
10945,912,1,H,1114582659,1114582658,1
10946,912,2,B,1114682659,1114682658,1
10947,912,3,U,1114782660,1114782658,2
10948,912,4,R,1114882660,1114882658,2
10949,912,5,G,1114982661,1114982658,3
10950,912,6,E,1115082661,1115082658,3
10951,912,7,N,1115182662,1115182658,4
10952,912,8,L,1115282663,1115282658,5
10953,912,9,A,1115382664,1115382658,6
10954,912,10,N,1115482665,1115482658,7
10955,912,11,D,1115582666,1115582658,8
10956,913,0,F,1115682666,1115682666,0
10957,913,1,H,1115782668,1115782666,2
10958,913,2,B,1115882669,1115882666,3
10959,913,3,U,1115982670,1115982666,4
10960,913,4,R,1116082672,1116082666,6
10961,913,5,G,1116182674,1116182666,8
10962,913,6,E,1116282675,1116282666,9
10963,913,7,N,1116382676,1116382666,10
10964,913,8,L,1116482677,1116482666,11
10965,913,9,A,1116582678,1116582666,12
10966,913,10,N,1116682679,1116682666,13
10967,913,11,D,1116782680,1116782666,14
10968,914,0,F,1116882681,1116882681,0
10969,914,1,H,1116982682,1116982681,1
10970,914,2,B,1117082683,1117082681,2
10971,914,3,U,1117182685,1117182681,4
10972,914,4,R,1117282686,1117282681,5
10973,914,5,G,1117382687,1117382681,6
10974,914,6,E,1117482688,1117482681,7
10975,914,7,N,1117582688,1117582681,7
10976,914,8,L,1117682689,1117682681,8
10977,914,9,A,1117782690,1117782681,9
10978,914,10,N,1117882692,1117882681,11
10979,914,11,D,1117982693,1117982681,12
10980,915,0,F,1118082694,1118082694,0
10981,915,1,H,1118182695,1118182694,1
10982,915,2,B,1118282696,1118282694,2
10983,915,3,U,1118382697,1118382694,3
10984,915,4,R,1118482697,1118482694,3
10985,915,5,G,1118582697,1118582694,3
10986,915,6,E,1118682697,1118682694,3
10987,915,7,N,1118782697,1118782694,3
10988,915,8,L,1118882698,1118882694,4
10989,915,9,A,1118982698,1118982694,4
10990,915,10,N,1119082699,1119082694,5
10991,915,11,D,1119182699,1119182694,5
10992,916,0,F,1119282701,1119282701,0
10993,916,1,H,1119382703,1119382701,2
10994,916,2,B,1119482704,1119482701,3
10995,916,3,U,1119582704,1119582701,3
10996,916,4,R,1119682705,1119682701,4
10997,916,5,G,1119782706,1119782701,5
10998,916,6,E,1119882707,1119882701,6
10999,916,7,N,1119982708,1119982701,7
11000,916,8,L,1120082709,1120082701,8
11001,916,9,A,1120182710,1120182701,9
11002,916,10,N,1120282711,1120282701,10
11003,916,11,D,1120382712,1120382701,11
11004,917,0,F,1120482713,1120482713,0
11005,917,1,H,1120582714,1120582713,1
11006,917,2,B,1120682715,1120682713,2
11007,917,3,U,1120782716,1120782713,3
11008,917,4,R,1120882716,1120882713,3
11009,917,5,G,1120982717,1120982713,4
11010,917,6,E,1121082718,1121082713,5
11011,917,7,N,1121182718,1121182713,5
11012,917,8,L,1121282719,1121282713,6
11013,917,9,A,1121382719,1121382713,6
11014,917,10,N,1121482721,1121482713,8
11015,917,11,D,1121582722,1121582713,9
11016,918,0,F,1121682724,1121682724,0
11017,918,1,H,1121782725,1121782724,1
11018,918,2,B,1121882725,1121882724,1
11019,918,3,U,1121982725,1121982724,1
11020,918,4,R,1122082726,1122082724,2
11021,918,5,G,1122182727,1122182724,3
11022,918,6,E,1122282729,1122282724,5
11023,918,7,N,1122382729,1122382724,5
11024,918,8,L,1122482730,1122482724,6
11025,918,9,A,1122582731,1122582724,7
11026,918,10,N,1122682731,1122682724,7
11027,918,11,D,1122782732,1122782724,8
11028,919,0,F,1122882733,1122882733,0
11029,919,1,H,1122982735,1122982733,2
11030,919,2,B,1123082735,1123082733,2
11031,919,3,U,1123182736,1123182733,3
11032,919,4,R,1123282737,1123282733,4
11033,919,5,G,1123382738,1123382733,5
11034,919,6,E,1123482739,1123482733,6
11035,919,7,N,1123582740,1123582733,7
11036,919,8,L,1123682741,1123682733,8
11037,919,9,A,1123782742,1123782733,9
11038,919,10,N,1123882743,1123882733,10
11039,919,11,D,1123982744,1123982733,11
11040,920,0,F,1124082745,1124082745,0
11041,920,1,H,1124182746,1124182745,1
11042,920,2,B,1124282748,1124282745,3
11043,920,3,U,1124382749,1124382745,4
11044,920,4,R,1124482749,1124482745,4
11045,920,5,G,1124582750,1124582745,5
11046,920,6,E,1124682751,1124682745,6
11047,920,7,N,1124782752,1124782745,7
11048,920,8,L,1124882753,1124882745,8
11049,920,9,A,1124982755,1124982745,10
11050,920,10,N,1125082756,1125082745,11
11051,920,11,D,1125182757,1125182745,12
11052,921,0,F,1125282758,1125282758,0
11053,921,1,H,1125382758,1125382758,0
11054,921,2,B,1125482759,1125482758,1
11055,921,3,U,1125582761,1125582758,3
11056,921,4,R,1125682762,1125682758,4
11057,921,5,G,1125782763,1125782758,5
11058,921,6,E,1125882765,1125882758,7
11059,921,7,N,1125982766,1125982758,8
11060,921,8,L,1126082766,1126082758,8
11061,921,9,A,1126182768,1126182758,10
11062,921,10,N,1126282768,1126282758,10
11063,921,11,D,1126382769,1126382758,11
11064,922,0,F,1126482770,1126482770,0
11065,922,1,H,1126582771,1126582770,1
11066,922,2,B,1126682772,1126682770,2
11067,922,3,U,1126782773,1126782770,3
11068,922,4,R,1126882774,1126882770,4
11069,922,5,G,1126982774,1126982770,4
11070,922,6,E,1127082776,1127082770,6
11071,922,7,N,1127182776,1127182770,6
11072,922,8,L,1127282778,1127282770,8
11073,922,9,A,1127382779,1127382770,9
11074,922,10,N,1127482780,1127482770,10
11075,922,11,D,1127582781,1127582770,11
11076,923,0,F,1127682782,1127682782,0
11077,923,1,H,1127782783,1127782782,1
11078,923,2,B,1127882783,1127882782,1
11079,923,3,U,1127982783,1127982782,1
11080,923,4,R,1128082784,1128082782,2
11081,923,5,G,1128182785,1128182782,3
11082,923,6,E,1128282786,1128282782,4
11083,923,7,N,1128382787,1128382782,5
11084,923,8,L,1128482787,1128482782,5
11085,923,9,A,1128582788,1128582782,6
11086,923,10,N,1128682788,1128682782,6
11087,923,11,D,1128782790,1128782782,8
11088,924,0,F,1128882790,1128882790,0
11089,924,1,H,1128982790,1128982790,0
11090,924,2,B,1129082791,1129082790,1
11091,924,3,U,1129182792,1129182790,2
11092,924,4,R,1129282793,1129282790,3
11093,924,5,G,1129382794,1129382790,4
11094,924,6,E,1129482795,1129482790,5
11095,924,7,N,1129582796,1129582790,6
11096,924,8,L,1129682797,1129682790,7
11097,924,9,A,1129782799,1129782790,9
11098,924,10,N,1129882800,1129882790,10
11099,924,11,D,1129982801,1129982790,11
11100,925,0,F,1130082802,1130082802,0
11101,925,1,H,1130182803,1130182802,1
11102,925,2,B,1130282804,1130282802,2
11103,925,3,U,1130382805,1130382802,3
11104,925,4,R,1130482807,1130482802,5
11105,925,5,G,1130582808,1130582802,6
11106,925,6,E,1130682809,1130682802,7
11107,925,7,N,1130782810,1130782802,8
11108,925,8,L,1130882811,1130882802,9
11109,925,9,A,1130982812,1130982802,10
11110,925,10,N,1131082813,1131082802,11
11111,925,11,D,1131182814,1131182802,12
11112,926,0,F,1131282816,1131282816,0
11113,926,1,H,1131382817,1131382816,1
11114,926,2,B,1131482818,1131482816,2
11115,926,3,U,1131582819,1131582816,3
11116,926,4,R,1131682819,1131682816,3
11117,926,5,G,1131782820,1131782816,4
11118,926,6,E,1131882820,1131882816,4
11119,926,7,N,1131982821,1131982816,5
11120,926,8,L,1132082823,1132082816,7
11121,926,9,A,1132182823,1132182816,7
11122,926,10,N,1132282825,1132282816,9
11123,926,11,D,1132382825,1132382816,9
11124,927,0,F,1132482826,1132482826,0
11125,927,1,H,1132582827,1132582826,1
11126,927,2,B,1132682829,1132682826,3
11127,927,3,U,1132782830,1132782826,4
11128,927,4,R,1132882831,1132882826,5
11129,927,5,G,1132982832,1132982826,6
11130,927,6,E,1133082833,1133082826,7
11131,927,7,N,1133182833,1133182826,7
11132,927,8,L,1133282834,1133282826,8
11133,927,9,A,1133382835,1133382826,9
11134,927,10,N,1133482836,1133482826,10
11135,927,11,D,1133582837,1133582826,11
11136,928,0,F,1133682839,1133682839,0
11137,928,1,H,1133782839,1133782839,0
11138,928,2,B,1133882841,1133882839,2
11139,928,3,U,1133982843,1133982839,4
11140,928,4,R,1134082844,1134082839,5
11141,928,5,G,1134182845,1134182839,6
11142,928,6,E,1134282847,1134282839,8
11143,928,7,N,1134382848,1134382839,9
11144,928,8,L,1134482848,1134482839,9
11145,928,9,A,1134582850,1134582839,11
11146,928,10,N,1134682850,1134682839,11
11147,928,11,D,1134782851,1134782839,12
11148,929,0,F,1134882852,1134882852,0
11149,929,1,H,1134982853,1134982852,1
11150,929,2,B,1135082853,1135082852,1
11151,929,3,U,1135182854,1135182852,2
11152,929,4,R,1135282855,1135282852,3
11153,929,5,G,1135382856,1135382852,4
11154,929,6,E,1135482857,1135482852,5
11155,929,7,N,1135582859,1135582852,7
11156,929,8,L,1135682860,1135682852,8
11157,929,9,A,1135782860,1135782852,8
11158,929,10,N,1135882861,1135882852,9
11159,929,11,D,1135982863,1135982852,11
11160,930,0,F,1136082863,1136082863,0
11161,930,1,H,1136182864,1136182863,1
11162,930,2,B,1136282865,1136282863,2
11163,930,3,U,1136382866,1136382863,3
11164,930,4,R,1136482867,1136482863,4
11165,930,5,G,1136582868,1136582863,5
11166,930,6,E,1136682870,1136682863,7
11167,930,7,N,1136782872,1136782863,9
11168,930,8,L,1136882872,1136882863,9
11169,930,9,A,1136982873,1136982863,10
11170,930,10,N,1137082874,1137082863,11
11171,930,11,D,1137182875,1137182863,12
11172,931,0,F,1137282876,1137282876,0
11173,931,1,H,1137382877,1137382876,1
11174,931,2,B,1137482878,1137482876,2
11175,931,3,U,1137582880,1137582876,4
11176,931,4,R,1137682881,1137682876,5
11177,931,5,G,1137782881,1137782876,5
11178,931,6,E,1137882881,1137882876,5
11179,931,7,N,1137982883,1137982876,7
11180,931,8,L,1138082884,1138082876,8
11181,931,9,A,1138182885,1138182876,9
11182,931,10,N,1138282886,1138282876,10
11183,931,11,D,1138382888,1138382876,12
11184,932,0,F,1138482890,1138482890,0
11185,932,1,H,1138582892,1138582890,2
11186,932,2,B,1138682894,1138682890,4
11187,932,3,U,1138782896,1138782890,6
11188,932,4,R,1138882897,1138882890,7
11189,932,5,G,1138982898,1138982890,8
11190,932,6,E,1139082899,1139082890,9
11191,932,7,N,1139182900,1139182890,10
11192,932,8,L,1139282901,1139282890,11
11193,932,9,A,1139382902,1139382890,12
11194,932,10,N,1139482903,1139482890,13
11195,932,11,D,1139582904,1139582890,14
11196,933,0,F,1139682904,1139682904,0
11197,933,1,H,1139782905,1139782904,1
11198,933,2,B,1139882906,1139882904,2
11199,933,3,U,1139982907,1139982904,3
11200,933,4,R,1140082909,1140082904,5
11201,933,5,G,1140182910,1140182904,6
11202,933,6,E,1140282911,1140282904,7
11203,933,7,N,1140382912,1140382904,8
11204,933,8,L,1140482912,1140482904,8
11205,933,9,A,1140582913,1140582904,9
11206,933,10,N,1140682914,1140682904,10
11207,933,11,D,1140782915,1140782904,11
11208,934,0,F,1140882916,1140882916,0
11209,934,1,H,1140982916,1140982916,0
11210,934,2,B,1141082917,1141082916,1
11211,934,3,U,1141182918,1141182916,2
11212,934,4,R,1141282920,1141282916,4
11213,934,5,G,1141382921,1141382916,5
11214,934,6,E,1141482921,1141482916,5
11215,934,7,N,1141582923,1141582916,7
11216,934,8,L,1141682924,1141682916,8
11217,934,9,A,1141782925,1141782916,9
11218,934,10,N,1141882927,1141882916,11
11219,934,11,D,1141982929,1141982916,13
11220,935,0,F,1142082930,1142082930,0
11221,935,1,H,1142182931,1142182930,1
11222,935,2,B,1142282933,1142282930,3
11223,935,3,U,1142382933,1142382930,3
11224,935,4,R,1142482935,1142482930,5
11225,935,5,G,1142582936,1142582930,6
11226,935,6,E,1142682937,1142682930,7
11227,935,7,N,1142782939,1142782930,9
11228,935,8,L,1142882940,1142882930,10
11229,935,9,A,1142982941,1142982930,11
11230,935,10,N,1143082942,1143082930,12
11231,935,11,D,1143182943,1143182930,13
11232,936,0,F,1143282944,1143282944,0
11233,936,1,H,1143382944,1143382944,0
11234,936,2,B,1143482944,1143482944,0
11235,936,3,U,1143582946,1143582944,2
11236,936,4,R,1143682947,1143682944,3
11237,936,5,G,1143782948,1143782944,4
11238,936,6,E,1143882949,1143882944,5
11239,936,7,N,1143982949,1143982944,5
11240,936,8,L,1144082950,1144082944,6
11241,936,9,A,1144182951,1144182944,7
11242,936,10,N,1144282953,1144282944,9
11243,936,11,D,1144382954,1144382944,10
11244,937,0,F,1144482954,1144482954,0
11245,937,1,H,1144582955,1144582954,1
11246,937,2,B,1144682955,1144682954,1
11247,937,3,U,1144782957,1144782954,3
11248,937,4,R,1144882958,1144882954,4
11249,937,5,G,1144982959,1144982954,5
11250,937,6,E,1145082960,1145082954,6
11251,937,7,N,1145182961,1145182954,7
11252,937,8,L,1145282962,1145282954,8
11253,937,9,A,1145382963,1145382954,9
11254,937,10,N,1145482964,1145482954,10
11255,937,11,D,1145582965,1145582954,11
11256,938,0,F,1145682966,1145682966,0
11257,938,1,H,1145782967,1145782966,1
11258,938,2,B,1145882967,1145882966,1
11259,938,3,U,1145982967,1145982966,1
11260,938,4,R,1146082967,1146082966,1
11261,938,5,G,1146182968,1146182966,2
11262,938,6,E,1146282969,1146282966,3
11263,938,7,N,1146382969,1146382966,3
11264,938,8,L,1146482970,1146482966,4
11265,938,9,A,1146582971,1146582966,5
11266,938,10,N,1146682973,1146682966,7
11267,938,11,D,1146782974,1146782966,8
11268,939,0,F,1146882974,1146882974,0
11269,939,1,H,1146982975,1146982974,1
11270,939,2,B,1147082975,1147082974,1
11271,939,3,U,1147182976,1147182974,2
11272,939,4,R,1147282978,1147282974,4
11273,939,5,G,1147382979,1147382974,5
11274,939,6,E,1147482980,1147482974,6
11275,939,7,N,1147582981,1147582974,7
11276,939,8,L,1147682982,1147682974,8
11277,939,9,A,1147782983,1147782974,9
11278,939,10,N,1147882983,1147882974,9
11279,939,11,D,1147982984,1147982974,10
11280,940,0,F,1148082985,1148082985,0
11281,940,1,H,1148182986,1148182985,1
11282,940,2,B,1148282987,1148282985,2
11283,940,3,U,1148382987,1148382985,2
11284,940,4,R,1148482988,1148482985,3
11285,940,5,G,1148582989,1148582985,4
11286,940,6,E,1148682991,1148682985,6
11287,940,7,N,1148782992,1148782985,7
11288,940,8,L,1148882993,1148882985,8
11289,940,9,A,1148982993,1148982985,8
11290,940,10,N,1149082995,1149082985,10
11291,940,11,D,1149182996,1149182985,11
11292,941,0,F,1149282998,1149282998,0
11293,941,1,H,1149382999,1149382998,1
11294,941,2,B,1149482999,1149482998,1
11295,941,3,U,1149582999,1149582998,1
11296,941,4,R,1149683000,1149682998,2
11297,941,5,G,1149783001,1149782998,3
11298,941,6,E,1149883002,1149882998,4
11299,941,7,N,1149983003,1149982998,5
11300,941,8,L,1150083005,1150082998,7
11301,941,9,A,1150183007,1150182998,9
11302,941,10,N,1150283008,1150282998,10
11303,941,11,D,1150383009,1150382998,11
11304,942,0,F,1150483010,1150483010,0
11305,942,1,H,1150583011,1150583010,1
11306,942,2,B,1150683012,1150683010,2
11307,942,3,U,1150783013,1150783010,3
11308,942,4,R,1150883014,1150883010,4
11309,942,5,G,1150983015,1150983010,5
11310,942,6,E,1151083015,1151083010,5
11311,942,7,N,1151183016,1151183010,6
11312,942,8,L,1151283017,1151283010,7
11313,942,9,A,1151383019,1151383010,9
11314,942,10,N,1151483019,1151483010,9
11315,942,11,D,1151583020,1151583010,10
11316,943,0,F,1151683020,1151683020,0
11317,943,1,H,1151783021,1151783020,1
11318,943,2,B,1151883022,1151883020,2
11319,943,3,U,1151983022,1151983020,2
11320,943,4,R,1152083023,1152083020,3
11321,943,5,G,1152183024,1152183020,4
11322,943,6,E,1152283024,1152283020,4
11323,943,7,N,1152383024,1152383020,4
11324,943,8,L,1152483024,1152483020,4
11325,943,9,A,1152583025,1152583020,5
11326,943,10,N,1152683027,1152683020,7
11327,943,11,D,1152783027,1152783020,7
11328,944,0,F,1152883029,1152883029,0
11329,944,1,H,1152983030,1152983029,1
11330,944,2,B,1153083031,1153083029,2
11331,944,3,U,1153183032,1153183029,3
11332,944,4,R,1153283033,1153283029,4
11333,944,5,G,1153383033,1153383029,4
11334,944,6,E,1153483033,1153483029,4
11335,944,7,N,1153583033,1153583029,4
11336,944,8,L,1153683034,1153683029,5
11337,944,9,A,1153783035,1153783029,6
11338,944,10,N,1153883036,1153883029,7
11339,944,11,D,1153983037,1153983029,8
11340,945,0,F,1154083038,1154083038,0
11341,945,1,H,1154183039,1154183038,1
11342,945,2,B,1154283040,1154283038,2
11343,945,3,U,1154383042,1154383038,4
11344,945,4,R,1154483043,1154483038,5
11345,945,5,G,1154583044,1154583038,6
11346,945,6,E,1154683045,1154683038,7
11347,945,7,N,1154783046,1154783038,8
11348,945,8,L,1154883047,1154883038,9
11349,945,9,A,1154983048,1154983038,10
11350,945,10,N,1155083049,1155083038,11
11351,945,11,D,1155183050,1155183038,12
11352,946,0,F,1155283051,1155283051,0
11353,946,1,H,1155383053,1155383051,2
11354,946,2,B,1155483054,1155483051,3
11355,946,3,U,1155583055,1155583051,4
11356,946,4,R,1155683056,1155683051,5
11357,946,5,G,1155783056,1155783051,5
11358,946,6,E,1155883056,1155883051,5
11359,946,7,N,1155983057,1155983051,6
11360,946,8,L,1156083057,1156083051,6
11361,946,9,A,1156183058,1156183051,7
11362,946,10,N,1156283059,1156283051,8
11363,946,11,D,1156383061,1156383051,10
11364,947,0,F,1156483063,1156483063,0
11365,947,1,H,1156583064,1156583063,1
11366,947,2,B,1156683066,1156683063,3
11367,947,3,U,1156783067,1156783063,4
11368,947,4,R,1156883067,1156883063,4
11369,947,5,G,1156983069,1156983063,6
11370,947,6,E,1157083071,1157083063,8
11371,947,7,N,1157183072,1157183063,9
11372,947,8,L,1157283072,1157283063,9
11373,947,9,A,1157383073,1157383063,10
11374,947,10,N,1157483074,1157483063,11
11375,947,11,D,1157583074,1157583063,11
11376,948,0,F,1157683075,1157683075,0
11377,948,1,H,1157783076,1157783075,1
11378,948,2,B,1157883077,1157883075,2
11379,948,3,U,1157983078,1157983075,3
11380,948,4,R,1158083079,1158083075,4
11381,948,5,G,1158183080,1158183075,5
11382,948,6,E,1158283080,1158283075,5
11383,948,7,N,1158383082,1158383075,7
11384,948,8,L,1158483083,1158483075,8
11385,948,9,A,1158583083,1158583075,8
11386,948,10,N,1158683085,1158683075,10
11387,948,11,D,1158783086,1158783075,11
11388,949,0,F,1158883086,1158883086,0
11389,949,1,H,1158983087,1158983086,1
11390,949,2,B,1159083088,1159083086,2
11391,949,3,U,1159183088,1159183086,2
11392,949,4,R,1159283089,1159283086,3
11393,949,5,G,1159383090,1159383086,4
11394,949,6,E,1159483091,1159483086,5
11395,949,7,N,1159583092,1159583086,6
11396,949,8,L,1159683093,1159683086,7
11397,949,9,A,1159783094,1159783086,8
11398,949,10,N,1159883095,1159883086,9
11399,949,11,D,1159983095,1159983086,9
11400,950,0,F,1160083096,1160083096,0
11401,950,1,H,1160183097,1160183096,1
11402,950,2,B,1160283098,1160283096,2
11403,950,3,U,1160383099,1160383096,3
11404,950,4,R,1160483099,1160483096,3
11405,950,5,G,1160583100,1160583096,4
11406,950,6,E,1160683101,1160683096,5
11407,950,7,N,1160783102,1160783096,6
11408,950,8,L,1160883102,1160883096,6
11409,950,9,A,1160983103,1160983096,7
11410,950,10,N,1161083104,1161083096,8
11411,950,11,D,1161183105,1161183096,9
11412,951,0,F,1161283106,1161283106,0
11413,951,1,H,1161383107,1161383106,1
11414,951,2,B,1161483108,1161483106,2
11415,951,3,U,1161583109,1161583106,3
11416,951,4,R,1161683110,1161683106,4
11417,951,5,G,1161783111,1161783106,5
11418,951,6,E,1161883112,1161883106,6
11419,951,7,N,1161983114,1161983106,8
11420,951,8,L,1162083115,1162083106,9
11421,951,9,A,1162183115,1162183106,9
11422,951,10,N,1162283116,1162283106,10
11423,951,11,D,1162383116,1162383106,10
11424,952,0,F,1162483117,1162483117,0
11425,952,1,H,1162583118,1162583117,1
11426,952,2,B,1162683119,1162683117,2
11427,952,3,U,1162783119,1162783117,2
11428,952,4,R,1162883120,1162883117,3
11429,952,5,G,1162983121,1162983117,4
11430,952,6,E,1163083121,1163083117,4
11431,952,7,N,1163183122,1163183117,5
11432,952,8,L,1163283124,1163283117,7
11433,952,9,A,1163383125,1163383117,8
11434,952,10,N,1163483126,1163483117,9
11435,952,11,D,1163583128,1163583117,11
11436,953,0,F,1163683129,1163683129,0
11437,953,1,H,1163783130,1163783129,1
11438,953,2,B,1163883131,1163883129,2
11439,953,3,U,1163983132,1163983129,3
11440,953,4,R,1164083133,1164083129,4
11441,953,5,G,1164183133,1164183129,4
11442,953,6,E,1164283135,1164283129,6
11443,953,7,N,1164383136,1164383129,7
11444,953,8,L,1164483137,1164483129,8
11445,953,9,A,1164583139,1164583129,10
11446,953,10,N,1164683140,1164683129,11
11447,953,11,D,1164783141,1164783129,12
11448,954,0,F,1164883141,1164883141,0
11449,954,1,H,1164983142,1164983141,1
11450,954,2,B,1165083143,1165083141,2
11451,954,3,U,1165183144,1165183141,3
11452,954,4,R,1165283145,1165283141,4
11453,954,5,G,1165383147,1165383141,6
11454,954,6,E,1165483148,1165483141,7
11455,954,7,N,1165583148,1165583141,7
11456,954,8,L,1165683149,1165683141,8
11457,954,9,A,1165783151,1165783141,10
11458,954,10,N,1165883151,1165883141,10
11459,954,11,D,1165983152,1165983141,11
11460,955,0,F,1166083153,1166083153,0
11461,955,1,H,1166183154,1166183153,1
11462,955,2,B,1166283155,1166283153,2
11463,955,3,U,1166383156,1166383153,3
11464,955,4,R,1166483157,1166483153,4
11465,955,5,G,1166583158,1166583153,5
11466,955,6,E,1166683158,1166683153,5
11467,955,7,N,1166783159,1166783153,6
11468,955,8,L,1166883160,1166883153,7
11469,955,9,A,1166983161,1166983153,8
11470,955,10,N,1167083162,1167083153,9
11471,955,11,D,1167183163,1167183153,10
11472,956,0,F,1167283164,1167283164,0
11473,956,1,H,1167383165,1167383164,1
11474,956,2,B,1167483166,1167483164,2
11475,956,3,U,1167583166,1167583164,2
11476,956,4,R,1167683167,1167683164,3
11477,956,5,G,1167783168,1167783164,4
11478,956,6,E,1167883168,1167883164,4
11479,956,7,N,1167983169,1167983164,5
11480,956,8,L,1168083170,1168083164,6
11481,956,9,A,1168183171,1168183164,7
11482,956,10,N,1168283172,1168283164,8
11483,956,11,D,1168383173,1168383164,9
11484,957,0,F,1168483174,1168483174,0
11485,957,1,H,1168583175,1168583174,1
11486,957,2,B,1168683177,1168683174,3
11487,957,3,U,1168783178,1168783174,4
11488,957,4,R,1168883179,1168883174,5
11489,957,5,G,1168983180,1168983174,6
11490,957,6,E,1169083182,1169083174,8
11491,957,7,N,1169183183,1169183174,9
11492,957,8,L,1169283184,1169283174,10
11493,957,9,A,1169383184,1169383174,10
11494,957,10,N,1169483185,1169483174,11
11495,957,11,D,1169583186,1169583174,12
11496,958,0,F,1169683187,1169683187,0
11497,958,1,H,1169783189,1169783187,2
11498,958,2,B,1169883190,1169883187,3
11499,958,3,U,1169983191,1169983187,4
11500,958,4,R,1170083192,1170083187,5
11501,958,5,G,1170183193,1170183187,6
11502,958,6,E,1170283194,1170283187,7
11503,958,7,N,1170383195,1170383187,8
11504,958,8,L,1170483196,1170483187,9
11505,958,9,A,1170583196,1170583187,9
11506,958,10,N,1170683197,1170683187,10
11507,958,11,D,1170783198,1170783187,11
11508,959,0,F,1170883199,1170883199,0
11509,959,1,H,1170983199,1170983199,0
11510,959,2,B,1171083200,1171083199,1
11511,959,3,U,1171183200,1171183199,1
11512,959,4,R,1171283201,1171283199,2
11513,959,5,G,1171383201,1171383199,2
11514,959,6,E,1171483202,1171483199,3
11515,959,7,N,1171583203,1171583199,4
11516,959,8,L,1171683204,1171683199,5
11517,959,9,A,1171783206,1171783199,7
11518,959,10,N,1171883207,1171883199,8
11519,959,11,D,1171983208,1171983199,9
11520,960,0,F,1172083210,1172083210,0
11521,960,1,H,1172183211,1172183210,1
11522,960,2,B,1172283212,1172283210,2
11523,960,3,U,1172383214,1172383210,4
11524,960,4,R,1172483215,1172483210,5
11525,960,5,G,1172583216,1172583210,6
11526,960,6,E,1172683216,1172683210,6
11527,960,7,N,1172783217,1172783210,7
11528,960,8,L,1172883217,1172883210,7
11529,960,9,A,1172983218,1172983210,8
11530,960,10,N,1173083218,1173083210,8
11531,960,11,D,1173183219,1173183210,9
11532,961,0,F,1173283220,1173283220,0
11533,961,1,H,1173383220,1173383220,0
11534,961,2,B,1173483222,1173483220,2
11535,961,3,U,1173583223,1173583220,3
11536,961,4,R,1173683224,1173683220,4
11537,961,5,G,1173783224,1173783220,4
11538,961,6,E,1173883225,1173883220,5
11539,961,7,N,1173983226,1173983220,6
11540,961,8,L,1174083227,1174083220,7
11541,961,9,A,1174183228,1174183220,8
11542,961,10,N,1174283229,1174283220,9
11543,961,11,D,1174383231,1174383220,11
11544,962,0,F,1174483232,1174483232,0
11545,962,1,H,1174583233,1174583232,1
11546,962,2,B,1174683234,1174683232,2
11547,962,3,U,1174783235,1174783232,3
11548,962,4,R,1174883236,1174883232,4
11549,962,5,G,1174983237,1174983232,5
11550,962,6,E,1175083238,1175083232,6
11551,962,7,N,1175183239,1175183232,7
11552,962,8,L,1175283241,1175283232,9
11553,962,9,A,1175383242,1175383232,10
11554,962,10,N,1175483243,1175483232,11
11555,962,11,D,1175583243,1175583232,11
11556,963,0,F,1175683244,1175683244,0
11557,963,1,H,1175783245,1175783244,1
11558,963,2,B,1175883246,1175883244,2
11559,963,3,U,1175983247,1175983244,3
11560,963,4,R,1176083248,1176083244,4
11561,963,5,G,1176183249,1176183244,5
11562,963,6,E,1176283250,1176283244,6
11563,963,7,N,1176383251,1176383244,7
11564,963,8,L,1176483251,1176483244,7
11565,963,9,A,1176583251,1176583244,7
11566,963,10,N,1176683252,1176683244,8
11567,963,11,D,1176783254,1176783244,10
11568,964,0,F,1176883254,1176883254,0
11569,964,1,H,1176983256,1176983254,2
11570,964,2,B,1177083257,1177083254,3
11571,964,3,U,1177183258,1177183254,4
11572,964,4,R,1177283259,1177283254,5
11573,964,5,G,1177383259,1177383254,5
11574,964,6,E,1177483260,1177483254,6
11575,964,7,N,1177583261,1177583254,7
11576,964,8,L,1177683262,1177683254,8
11577,964,9,A,1177783263,1177783254,9
11578,964,10,N,1177883265,1177883254,11
11579,964,11,D,1177983265,1177983254,11
11580,965,0,F,1178083265,1178083265,0
11581,965,1,H,1178183266,1178183265,1
11582,965,2,B,1178283267,1178283265,2
11583,965,3,U,1178383268,1178383265,3
11584,965,4,R,1178483270,1178483265,5
11585,965,5,G,1178583270,1178583265,5
11586,965,6,E,1178683271,1178683265,6
11587,965,7,N,1178783272,1178783265,7
11588,965,8,L,1178883272,1178883265,7
11589,965,9,A,1178983273,1178983265,8
11590,965,10,N,1179083274,1179083265,9
11591,965,11,D,1179183276,1179183265,11
11592,966,0,F,1179283278,1179283278,0
11593,966,1,H,1179383280,1179383278,2
11594,966,2,B,1179483281,1179483278,3
11595,966,3,U,1179583283,1179583278,5
11596,966,4,R,1179683283,1179683278,5
11597,966,5,G,1179783284,1179783278,6
11598,966,6,E,1179883284,1179883278,6
11599,966,7,N,1179983284,1179983278,6
11600,966,8,L,1180083285,1180083278,7
11601,966,9,A,1180183287,1180183278,9
11602,966,10,N,1180283288,1180283278,10
11603,966,11,D,1180383289,1180383278,11
11604,967,0,F,1180483290,1180483290,0
11605,967,1,H,1180583291,1180583290,1
11606,967,2,B,1180683292,1180683290,2
11607,967,3,U,1180783292,1180783290,2
11608,967,4,R,1180883294,1180883290,4
11609,967,5,G,1180983296,1180983290,6
11610,967,6,E,1181083297,1181083290,7
11611,967,7,N,1181183298,1181183290,8
11612,967,8,L,1181283300,1181283290,10
11613,967,9,A,1181383300,1181383290,10
11614,967,10,N,1181483301,1181483290,11
11615,967,11,D,1181583302,1181583290,12
11616,968,0,F,1181683302,1181683302,0
11617,968,1,H,1181783303,1181783302,1
11618,968,2,B,1181883304,1181883302,2
11619,968,3,U,1181983305,1181983302,3
11620,968,4,R,1182083306,1182083302,4
11621,968,5,G,1182183307,1182183302,5
11622,968,6,E,1182283308,1182283302,6
11623,968,7,N,1182383310,1182383302,8
11624,968,8,L,1182483311,1182483302,9
11625,968,9,A,1182583312,1182583302,10
11626,968,10,N,1182683313,1182683302,11
11627,968,11,D,1182783314,1182783302,12
11628,969,0,F,1182883315,1182883315,0
11629,969,1,H,1182983316,1182983315,1
11630,969,2,B,1183083317,1183083315,2
11631,969,3,U,1183183318,1183183315,3
11632,969,4,R,1183283320,1183283315,5
11633,969,5,G,1183383321,1183383315,6
11634,969,6,E,1183483322,1183483315,7
11635,969,7,N,1183583323,1183583315,8
11636,969,8,L,1183683325,1183683315,10
11637,969,9,A,1183783326,1183783315,11
11638,969,10,N,1183883327,1183883315,12
11639,969,11,D,1183983327,1183983315,12
11640,970,0,F,1184083327,1184083327,0
11641,970,1,H,1184183328,1184183327,1
11642,970,2,B,1184283329,1184283327,2
11643,970,3,U,1184383331,1184383327,4
11644,970,4,R,1184483332,1184483327,5
11645,970,5,G,1184583332,1184583327,5
11646,970,6,E,1184683332,1184683327,5
11647,970,7,N,1184783333,1184783327,6
11648,970,8,L,1184883334,1184883327,7
11649,970,9,A,1184983335,1184983327,8
11650,970,10,N,1185083337,1185083327,10
11651,970,11,D,1185183337,1185183327,10
11652,971,0,F,1185283338,1185283338,0
11653,971,1,H,1185383338,1185383338,0
11654,971,2,B,1185483339,1185483338,1
11655,971,3,U,1185583341,1185583338,3
11656,971,4,R,1185683342,1185683338,4
11657,971,5,G,1185783342,1185783338,4
11658,971,6,E,1185883343,1185883338,5
11659,971,7,N,1185983344,1185983338,6
11660,971,8,L,1186083345,1186083338,7
11661,971,9,A,1186183345,1186183338,7
11662,971,10,N,1186283346,1186283338,8
11663,971,11,D,1186383347,1186383338,9
11664,972,0,F,1186483348,1186483348,0
11665,972,1,H,1186583349,1186583348,1
11666,972,2,B,1186683350,1186683348,2
11667,972,3,U,1186783351,1186783348,3
11668,972,4,R,1186883352,1186883348,4
11669,972,5,G,1186983354,1186983348,6
11670,972,6,E,1187083355,1187083348,7
11671,972,7,N,1187183356,1187183348,8
11672,972,8,L,1187283357,1187283348,9
11673,972,9,A,1187383357,1187383348,9
11674,972,10,N,1187483358,1187483348,10
11675,972,11,D,1187583359,1187583348,11
11676,973,0,F,1187683360,1187683360,0
11677,973,1,H,1187783360,1187783360,0
11678,973,2,B,1187883361,1187883360,1
11679,973,3,U,1187983362,1187983360,2
11680,973,4,R,1188083363,1188083360,3
11681,973,5,G,1188183363,1188183360,3
11682,973,6,E,1188283365,1188283360,5
11683,973,7,N,1188383367,1188383360,7
11684,973,8,L,1188483368,1188483360,8
11685,973,9,A,1188583369,1188583360,9
11686,973,10,N,1188683370,1188683360,10
11687,973,11,D,1188783371,1188783360,11
11688,974,0,F,1188883372,1188883372,0
11689,974,1,H,1188983373,1188983372,1
11690,974,2,B,1189083374,1189083372,2
11691,974,3,U,1189183375,1189183372,3
11692,974,4,R,1189283377,1189283372,5
11693,974,5,G,1189383378,1189383372,6
11694,974,6,E,1189483379,1189483372,7
11695,974,7,N,1189583380,1189583372,8
11696,974,8,L,1189683381,1189683372,9
11697,974,9,A,1189783382,1189783372,10
11698,974,10,N,1189883383,1189883372,11
11699,974,11,D,1189983384,1189983372,12
11700,975,0,F,1190083385,1190083385,0
11701,975,1,H,1190183386,1190183385,1
11702,975,2,B,1190283387,1190283385,2
11703,975,3,U,1190383388,1190383385,3
11704,975,4,R,1190483389,1190483385,4
11705,975,5,G,1190583390,1190583385,5
11706,975,6,E,1190683390,1190683385,5
11707,975,7,N,1190783392,1190783385,7
11708,975,8,L,1190883393,1190883385,8
11709,975,9,A,1190983394,1190983385,9
11710,975,10,N,1191083395,1191083385,10
11711,975,11,D,1191183397,1191183385,12
11712,976,0,F,1191283397,1191283397,0
11713,976,1,H,1191383398,1191383397,1
11714,976,2,B,1191483399,1191483397,2
11715,976,3,U,1191583401,1191583397,4
11716,976,4,R,1191683402,1191683397,5
11717,976,5,G,1191783404,1191783397,7
11718,976,6,E,1191883404,1191883397,7
11719,976,7,N,1191983405,1191983397,8
11720,976,8,L,1192083406,1192083397,9
11721,976,9,A,1192183407,1192183397,10
11722,976,10,N,1192283409,1192283397,12
11723,976,11,D,1192383410,1192383397,13
11724,977,0,F,1192483411,1192483411,0
11725,977,1,H,1192583413,1192583411,2
11726,977,2,B,1192683415,1192683411,4
11727,977,3,U,1192783416,1192783411,5
11728,977,4,R,1192883417,1192883411,6
11729,977,5,G,1192983418,1192983411,7
11730,977,6,E,1193083419,1193083411,8
11731,977,7,N,1193183420,1193183411,9
11732,977,8,L,1193283421,1193283411,10
11733,977,9,A,1193383421,1193383411,10
11734,977,10,N,1193483423,1193483411,12
11735,977,11,D,1193583424,1193583411,13
11736,978,0,F,1193683425,1193683425,0
11737,978,1,H,1193783426,1193783425,1
11738,978,2,B,1193883427,1193883425,2
11739,978,3,U,1193983428,1193983425,3
11740,978,4,R,1194083428,1194083425,3
11741,978,5,G,1194183429,1194183425,4
11742,978,6,E,1194283430,1194283425,5
11743,978,7,N,1194383432,1194383425,7
11744,978,8,L,1194483433,1194483425,8
11745,978,9,A,1194583434,1194583425,9
11746,978,10,N,1194683434,1194683425,9
11747,978,11,D,1194783436,1194783425,11
11748,979,0,F,1194883437,1194883437,0
11749,979,1,H,1194983438,1194983437,1
11750,979,2,B,1195083440,1195083437,3
11751,979,3,U,1195183440,1195183437,3
11752,979,4,R,1195283442,1195283437,5
11753,979,5,G,1195383443,1195383437,6
11754,979,6,E,1195483444,1195483437,7
11755,979,7,N,1195583445,1195583437,8
11756,979,8,L,1195683446,1195683437,9
11757,979,9,A,1195783447,1195783437,10
11758,979,10,N,1195883447,1195883437,10
11759,979,11,D,1195983447,1195983437,10
11760,980,0,F,1196083448,1196083448,0
11761,980,1,H,1196183450,1196183448,2
11762,980,2,B,1196283451,1196283448,3
11763,980,3,U,1196383452,1196383448,4
11764,980,4,R,1196483453,1196483448,5
11765,980,5,G,1196583455,1196583448,7
11766,980,6,E,1196683457,1196683448,9
11767,980,7,N,1196783457,1196783448,9
11768,980,8,L,1196883459,1196883448,11
11769,980,9,A,1196983460,1196983448,12
11770,980,10,N,1197083461,1197083448,13
11771,980,11,D,1197183461,1197183448,13
11772,981,0,F,1197283463,1197283463,0
11773,981,1,H,1197383464,1197383463,1
11774,981,2,B,1197483465,1197483463,2
11775,981,3,U,1197583466,1197583463,3
11776,981,4,R,1197683466,1197683463,3
11777,981,5,G,1197783467,1197783463,4
11778,981,6,E,1197883467,1197883463,4
11779,981,7,N,1197983469,1197983463,6
11780,981,8,L,1198083471,1198083463,8
11781,981,9,A,1198183473,1198183463,10
11782,981,10,N,1198283474,1198283463,11
11783,981,11,D,1198383475,1198383463,12
11784,982,0,F,1198483476,1198483476,0
11785,982,1,H,1198583477,1198583476,1
11786,982,2,B,1198683478,1198683476,2
11787,982,3,U,1198783479,1198783476,3
11788,982,4,R,1198883480,1198883476,4
11789,982,5,G,1198983481,1198983476,5
11790,982,6,E,1199083483,1199083476,7
11791,982,7,N,1199183483,1199183476,7
11792,982,8,L,1199283485,1199283476,9
11793,982,9,A,1199383486,1199383476,10
11794,982,10,N,1199483488,1199483476,12
11795,982,11,D,1199583489,1199583476,13
11796,983,0,F,1199683490,1199683490,0
11797,983,1,H,1199783491,1199783490,1
11798,983,2,B,1199883492,1199883490,2
11799,983,3,U,1199983493,1199983490,3
11800,983,4,R,1200083494,1200083490,4
11801,983,5,G,1200183495,1200183490,5
11802,983,6,E,1200283496,1200283490,6
11803,983,7,N,1200383497,1200383490,7
11804,983,8,L,1200483498,1200483490,8
11805,983,9,A,1200583498,1200583490,8
11806,983,10,N,1200683499,1200683490,9
11807,983,11,D,1200783500,1200783490,10
11808,984,0,F,1200883501,1200883501,0
11809,984,1,H,1200983501,1200983501,0
11810,984,2,B,1201083502,1201083501,1
11811,984,3,U,1201183503,1201183501,2
11812,984,4,R,1201283505,1201283501,4
11813,984,5,G,1201383507,1201383501,6
11814,984,6,E,1201483508,1201483501,7
11815,984,7,N,1201583509,1201583501,8
11816,984,8,L,1201683510,1201683501,9
11817,984,9,A,1201783511,1201783501,10
11818,984,10,N,1201883511,1201883501,10
11819,984,11,D,1201983512,1201983501,11
11820,985,0,F,1202083513,1202083513,0
11821,985,1,H,1202183514,1202183513,1
11822,985,2,B,1202283516,1202283513,3
11823,985,3,U,1202383517,1202383513,4
11824,985,4,R,1202483518,1202483513,5
11825,985,5,G,1202583519,1202583513,6
11826,985,6,E,1202683520,1202683513,7
11827,985,7,N,1202783521,1202783513,8
11828,985,8,L,1202883522,1202883513,9
11829,985,9,A,1202983523,1202983513,10
11830,985,10,N,1203083524,1203083513,11
11831,985,11,D,1203183524,1203183513,11
11832,986,0,F,1203283525,1203283525,0
11833,986,1,H,1203383526,1203383525,1
11834,986,2,B,1203483526,1203483525,1
11835,986,3,U,1203583527,1203583525,2
11836,986,4,R,1203683528,1203683525,3
11837,986,5,G,1203783529,1203783525,4
11838,986,6,E,1203883530,1203883525,5
11839,986,7,N,1203983531,1203983525,6
11840,986,8,L,1204083532,1204083525,7
11841,986,9,A,1204183534,1204183525,9
11842,986,10,N,1204283535,1204283525,10
11843,986,11,D,1204383537,1204383525,12
11844,987,0,F,1204483538,1204483538,0
11845,987,1,H,1204583539,1204583538,1
11846,987,2,B,1204683540,1204683538,2
11847,987,3,U,1204783542,1204783538,4
11848,987,4,R,1204883543,1204883538,5
11849,987,5,G,1204983544,1204983538,6
11850,987,6,E,1205083546,1205083538,8
11851,987,7,N,1205183547,1205183538,9
11852,987,8,L,1205283548,1205283538,10
11853,987,9,A,1205383549,1205383538,11
11854,987,10,N,1205483550,1205483538,12
11855,987,11,D,1205583551,1205583538,13
11856,988,0,F,1205683553,1205683553,0
11857,988,1,H,1205783553,1205783553,0
11858,988,2,B,1205883554,1205883553,1
11859,988,3,U,1205983554,1205983553,1
11860,988,4,R,1206083555,1206083553,2
11861,988,5,G,1206183556,1206183553,3
11862,988,6,E,1206283557,1206283553,4
11863,988,7,N,1206383557,1206383553,4
11864,988,8,L,1206483559,1206483553,6
11865,988,9,A,1206583560,1206583553,7
11866,988,10,N,1206683561,1206683553,8
11867,988,11,D,1206783562,1206783553,9
11868,989,0,F,1206883562,1206883562,0
11869,989,1,H,1206983563,1206983562,1
11870,989,2,B,1207083564,1207083562,2
11871,989,3,U,1207183565,1207183562,3
11872,989,4,R,1207283566,1207283562,4
11873,989,5,G,1207383567,1207383562,5
11874,989,6,E,1207483568,1207483562,6
11875,989,7,N,1207583569,1207583562,7
11876,989,8,L,1207683570,1207683562,8
11877,989,9,A,1207783571,1207783562,9
11878,989,10,N,1207883572,1207883562,10
11879,989,11,D,1207983573,1207983562,11
11880,990,0,F,1208083574,1208083574,0
11881,990,1,H,1208183575,1208183574,1
11882,990,2,B,1208283576,1208283574,2
11883,990,3,U,1208383576,1208383574,2
11884,990,4,R,1208483577,1208483574,3
11885,990,5,G,1208583578,1208583574,4
11886,990,6,E,1208683579,1208683574,5
11887,990,7,N,1208783581,1208783574,7
11888,990,8,L,1208883582,1208883574,8
11889,990,9,A,1208983583,1208983574,9
11890,990,10,N,1209083584,1209083574,10
11891,990,11,D,1209183586,1209183574,12
11892,991,0,F,1209283587,1209283587,0
11893,991,1,H,1209383587,1209383587,0
11894,991,2,B,1209483588,1209483587,1
11895,991,3,U,1209583589,1209583587,2
11896,991,4,R,1209683589,1209683587,2
11897,991,5,G,1209783590,1209783587,3
11898,991,6,E,1209883591,1209883587,4
11899,991,7,N,1209983591,1209983587,4
11900,991,8,L,1210083591,1210083587,4
11901,991,9,A,1210183592,1210183587,5
11902,991,10,N,1210283593,1210283587,6
11903,991,11,D,1210383594,1210383587,7
11904,992,0,F,1210483595,1210483595,0
11905,992,1,H,1210583596,1210583595,1
11906,992,2,B,1210683596,1210683595,1
11907,992,3,U,1210783597,1210783595,2
11908,992,4,R,1210883598,1210883595,3
11909,992,5,G,1210983599,1210983595,4
11910,992,6,E,1211083600,1211083595,5
11911,992,7,N,1211183601,1211183595,6
11912,992,8,L,1211283601,1211283595,6
11913,992,9,A,1211383603,1211383595,8
11914,992,10,N,1211483605,1211483595,10
11915,992,11,D,1211583606,1211583595,11
11916,993,0,F,1211683607,1211683607,0
11917,993,1,H,1211783607,1211783607,0
11918,993,2,B,1211883608,1211883607,1
11919,993,3,U,1211983609,1211983607,2
11920,993,4,R,1212083610,1212083607,3
11921,993,5,G,1212183611,1212183607,4
11922,993,6,E,1212283612,1212283607,5
11923,993,7,N,1212383613,1212383607,6
11924,993,8,L,1212483614,1212483607,7
11925,993,9,A,1212583615,1212583607,8
11926,993,10,N,1212683616,1212683607,9
11927,993,11,D,1212783618,1212783607,11
11928,994,0,F,1212883619,1212883619,0
11929,994,1,H,1212983620,1212983619,1
11930,994,2,B,1213083621,1213083619,2
11931,994,3,U,1213183623,1213183619,4
11932,994,4,R,1213283624,1213283619,5
11933,994,5,G,1213383624,1213383619,5
11934,994,6,E,1213483625,1213483619,6
11935,994,7,N,1213583625,1213583619,6
11936,994,8,L,1213683626,1213683619,7
11937,994,9,A,1213783627,1213783619,8
11938,994,10,N,1213883628,1213883619,9
11939,994,11,D,1213983630,1213983619,11
11940,995,0,F,1214083630,1214083630,0
11941,995,1,H,1214183631,1214183630,1
11942,995,2,B,1214283632,1214283630,2
11943,995,3,U,1214383632,1214383630,2
11944,995,4,R,1214483633,1214483630,3
11945,995,5,G,1214583634,1214583630,4
11946,995,6,E,1214683635,1214683630,5
11947,995,7,N,1214783636,1214783630,6
11948,995,8,L,1214883637,1214883630,7
11949,995,9,A,1214983638,1214983630,8
11950,995,10,N,1215083639,1215083630,9
11951,995,11,D,1215183640,1215183630,10
11952,996,0,F,1215283642,1215283642,0
11953,996,1,H,1215383644,1215383642,2
11954,996,2,B,1215483645,1215483642,3
11955,996,3,U,1215583646,1215583642,4
11956,996,4,R,1215683648,1215683642,6
11957,996,5,G,1215783649,1215783642,7
11958,996,6,E,1215883650,1215883642,8
11959,996,7,N,1215983652,1215983642,10
11960,996,8,L,1216083652,1216083642,10
11961,996,9,A,1216183652,1216183642,10
11962,996,10,N,1216283654,1216283642,12
11963,996,11,D,1216383655,1216383642,13
11964,997,0,F,1216483656,1216483656,0
11965,997,1,H,1216583657,1216583656,1
11966,997,2,B,1216683658,1216683656,2
11967,997,3,U,1216783658,1216783656,2
11968,997,4,R,1216883659,1216883656,3
11969,997,5,G,1216983660,1216983656,4
11970,997,6,E,1217083662,1217083656,6
11971,997,7,N,1217183663,1217183656,7
11972,997,8,L,1217283664,1217283656,8
11973,997,9,A,1217383665,1217383656,9
11974,997,10,N,1217483666,1217483656,10
11975,997,11,D,1217583667,1217583656,11
11976,998,0,F,1217683668,1217683668,0
11977,998,1,H,1217783670,1217783668,2
11978,998,2,B,1217883671,1217883668,3
11979,998,3,U,1217983673,1217983668,5
11980,998,4,R,1218083674,1218083668,6
11981,998,5,G,1218183676,1218183668,8
11982,998,6,E,1218283678,1218283668,10
11983,998,7,N,1218383678,1218383668,10
11984,998,8,L,1218483680,1218483668,12
11985,998,9,A,1218583682,1218583668,14
11986,998,10,N,1218683683,1218683668,15
11987,998,11,D,1218783685,1218783668,17
11988,999,0,F,1218883686,1218883686,0
11989,999,1,H,1218983686,1218983686,0
11990,999,2,B,1219083686,1219083686,0
11991,999,3,U,1219183687,1219183686,1
11992,999,4,R,1219283688,1219283686,2
11993,999,5,G,1219383689,1219383686,3
11994,999,6,E,1219483691,1219483686,5
11995,999,7,N,1219583691,1219583686,5
11996,999,8,L,1219683692,1219683686,6
11997,999,9,A,1219783693,1219783686,7
11998,999,10,N,1219883694,1219883686,8
11999,999,11,D,1219983695,1219983686,9
12000,1000,0,F,1220083696,1220083696,0
12001,1000,1,H,1220183696,1220183696,0
12002,1000,2,B,1220283698,1220283696,2
12003,1000,3,U,1220383699,1220383696,3
12004,1000,4,R,1220483700,1220483696,4
12005,1000,5,G,1220583700,1220583696,4
12006,1000,6,E,1220683700,1220683696,4
12007,1000,7,N,1220783701,1220783696,5
12008,1000,8,L,1220883702,1220883696,6
12009,1000,9,A,1220983702,1220983696,6
12010,1000,10,N,1221083703,1221083696,7
12011,1000,11,D,1221183703,1221183696,7
12012,1001,0,F,1221283704,1221283704,0
12013,1001,1,H,1221383705,1221383704,1
12014,1001,2,B,1221483706,1221483704,2
12015,1001,3,U,1221583708,1221583704,4
12016,1001,4,R,1221683708,1221683704,4
12017,1001,5,G,1221783710,1221783704,6
12018,1001,6,E,1221883711,1221883704,7
12019,1001,7,N,1221983712,1221983704,8
12020,1001,8,L,1222083714,1222083704,10
12021,1001,9,A,1222183715,1222183704,11
12022,1001,10,N,1222283716,1222283704,12
12023,1001,11,D,1222383717,1222383704,13
12024,1002,0,F,1222483719,1222483719,0
12025,1002,1,H,1222583719,1222583719,0
12026,1002,2,B,1222683720,1222683719,1
12027,1002,3,U,1222783720,1222783719,1
12028,1002,4,R,1222883720,1222883719,1
12029,1002,5,G,1222983721,1222983719,2
12030,1002,6,E,1223083722,1223083719,3
12031,1002,7,N,1223183722,1223183719,3
12032,1002,8,L,1223283723,1223283719,4
12033,1002,9,A,1223383723,1223383719,4
12034,1002,10,N,1223483724,1223483719,5
12035,1002,11,D,1223583726,1223583719,7
12036,1003,0,F,1223683727,1223683727,0
