down_idx,char,down_t_ns,up_t_ns,dwell_ms
0,F,1478887882414,1478984210714,96.3283
2,H,1478992077414,1479104208114,112.1307
3,B,1479087844014,1479208153014,120.309
5,U,1479192103414,1479304156514,112.0531
7,R,1479288054114,1479416069614,128.0155
9,G,1479392127414,1479496128714,104.0013
12,E,1479497320714,1479592114514,94.7938
14,N,1479593032514,1479647817014,54.7845
16,L,1479696061114,1479744047614,47.9865
18,A,1479792153014,1479840100314,47.9473
20,N,1479896114414,1479936152814,40.0384
22,D,1479992150914,1480104081214,111.9303
23,F,1480096065614,1480160079814,64.0142
26,H,1480192091414,1480288250914,96.1595
28,B,1480296101914,1480416154114,120.0522
29,U,1480392141814,1480488217614,96.0758
32,R,1480496132414,1480608142814,112.0104
33,G,1480592145714,1480696135114,103.9894
36,E,1480697035314,1480800088914,103.0536
37,N,1480792125814,1480848081014,55.9552
40,L,1480888114014,1480952148114,64.0341
42,A,1480992127214,1481039901914,47.7747
44,N,1481088163214,1481144109314,55.9461
46,D,1481200125014,1481304136014,104.011
47,F,1481288133114,1481368180314,80.0472
50,H,1481392190814,1481503837614,111.6468
51,B,1481496146414,1481608068814,111.9224
53,U,1481591878614,1481704167114,112.2885
55,R,1481696217414,1481808080214,111.8628
57,G,1481792132814,1481912091514,119.9587
59,E,1481896234014,1481992080214,95.8462
62,N,1481993036014,1482048151714,55.1157
64,L,1482096068514,1482144130814,48.0623
66,A,1482192161614,1482240100514,47.9389
68,N,1482296083614,1482344079814,47.9962
70,D,1482392098014,1482504117014,112.019
71,F,1482496121214,1482568108214,71.987
74,H,1482592104714,1482688189614,96.0849
76,B,1482696077914,1482807883314,111.8054
77,U,1482792212814,1482896123714,103.9109
79,R,1482888205914,1483000137614,111.9317
81,G,1482992107014,1483096124414,104.0174
84,E,1483096876114,1483192096014,95.2199
86,N,1483192834114,1483248094914,55.2608
88,L,1483296130214,1483344087414,47.9572
90,A,1483392090614,1483440150014,48.0594
92,N,1483496201114,1483544161214,47.9601
94,D,1483592152614,1483704171614,112.019
95,F,1483696141314,1483760127614,63.9863
98,H,1483791913014,1483896093114,104.1801
100,B,1483896787914,1484007941514,111.1536
101,U,1483991822614,1484096180614,104.358
104,R,1484097302214,1484208169214,110.867
105,G,1484191881114,1484303784114,111.903
107,E,1484295842614,1484391750214,95.9076
110,N,1484392091914,1484447781414,55.6895
112,L,1484495738414,1484551597614,55.8592
114,A,1484591621414,1484631636214,40.0148
116,N,1484696000214,1484744170614,48.1704
118,D,1484791841014,1484904111314,112.2703
119,F,1484888114814,1484968204114,80.0893
122,H,1484991958314,1485088229814,96.2715
124,B,1485089109214,1485208219914,119.1107
125,U,1485192103814,1485304167214,112.0634
127,R,1485296125614,1485408184614,112.059
129,G,1485392201114,1485503886714,111.6856
131,E,1485496137714,1485591950114,95.8124
134,N,1485592721714,1485656103214,63.3815
136,L,1485696160714,1485752114614,55.9539
138,A,1485792321914,1485840322014,48.0001
140,N,1485896221414,1485944149714,47.9283
142,D,1485992274014,1486104098314,111.8243
143,F,1486096119014,1486168161214,72.0422
146,H,1486192203914,1486288167514,95.9636
148,B,1486296161614,1486408193914,112.0323
149,U,1486392159514,1486496197414,104.0379
152,R,1486496769114,1486608171514,111.4024
153,G,1486592150814,1486696178214,104.0274
156,E,1486697078614,1486800170414,103.0918
157,N,1486792125214,1486848187114,56.0619
160,L,1486888128714,1486952235314,64.1066
162,A,1486992155814,1487040135314,47.9795
164,N,1487088182414,1487143901614,55.7192
166,D,1487200072614,1487304163314,104.0907
167,F,1487296293414,1487368185914,71.8925
170,H,1487392217614,1487496105314,103.8877
172,B,1487496967014,1487616197614,119.2306
173,U,1487592021014,1487704189714,112.1687
175,R,1487695919714,1487808148714,112.229
177,G,1487792199314,1487904157114,111.9578
179,E,1487896175314,1487992263914,96.0886
182,N,1487993329714,1488048189514,54.8598
184,L,1488096140814,1488152135114,55.9943
186,A,1488192165814,1488240187514,48.0217
188,N,1488296182214,1488336181214,39.999
190,D,1488392235714,1488504117914,111.8822
191,F,1488496156314,1488568194814,72.0385
194,H,1488591876314,1488688135914,96.2596
196,B,1488695948314,1488808150714,112.2024
197,U,1488792181014,1488895987814,103.8068
199,R,1488888206714,1488999938814,111.7321
201,G,1488992184314,1489096167914,103.9836
204,E,1489097134014,1489200135614,103.0016
205,N,1489192198814,1489255876614,63.6778
208,L,1489296170514,1489344136114,47.9656
210,A,1489392168314,1489440187414,48.0191
212,N,1489496034814,1489544208114,48.1733
214,D,1489592206914,1489711911914,119.705
215,F,1489695944014,1489768170014,72.226
218,H,1489792185214,1489896002614,103.8174
220,B,1489896965414,1490008143714,111.1783
221,U,1489992212614,1490095949414,103.7368
224,R,1490096871714,1490208188014,111.3163
225,G,1490192242414,1490304154514,111.9121
227,E,1490295969814,1490400175114,104.2053
229,N,1490391910614,1490448146014,56.2354
232,L,1490488203014,1490544172714,55.9697
234,A,1490592184614,1490632029014,39.8444
236,N,1490695907014,1490744187114,48.2801
238,D,1490792224514,1490904167714,111.9432
239,F,1490888180314,1490968173214,79.9929
242,H,1490992186114,1491088043814,95.8577
244,B,1491089121614,1491208201714,119.0801
245,U,1491192202214,1491304192914,111.9907
247,R,1491296275114,1491408215614,111.9405
249,G,1491392244214,1491504158414,111.9142
251,E,1491496379114,1491591981414,95.6023
254,N,1491592869414,1491648185214,55.3158
256,L,1491696364514,1491752168014,55.8035
258,A,1491792219714,1491840261314,48.0416
260,N,1491896248814,1491936202614,39.9538
262,D,1491992189014,1492104084814,111.8958
263,F,1492096211514,1492168233614,72.0221
266,H,1492192196914,1492296284414,104.0875
268,B,1492297307914,1492408183714,110.8758
269,U,1492392229714,1492496171214,103.9415
272,R,1492497123814,1492608181214,111.0574
273,G,1492592046014,1492696261614,104.2156
276,E,1492697334914,1492799991114,102.6562
277,N,1492792199314,1492847956914,55.7576
280,L,1492888219714,1492944193614,55.9739
282,A,1492992235614,1493040208414,47.9728
284,N,1493088233514,1493144185514,55.952
286,D,1493200234414,1493303976314,103.7419
287,F,1493296206314,1493375960214,79.7539
290,H,1493392281314,1493496265514,103.9842
292,B,1493497159314,1493608202114,111.0428
293,U,1493592235314,1493704182814,111.9475
295,R,1493696179214,1493808143414,111.9642
297,G,1493792187914,1493896192814,104.0049
300,E,1493896903214,1493992208114,95.3049
302,N,1493993016014,1494048234814,55.2188
304,L,1494095916414,1494144187714,48.2713
306,A,1494192224114,1494231986414,39.7623
308,N,1494296259314,1494336224914,39.9656
310,D,1494392244214,1494504189614,111.9454
311,F,1494496234414,1494568217414,71.983
314,H,1494592239514,1494688232814,95.9933
316,B,1494696207114,1494808185714,111.9786
317,U,1494792311714,1494903960814,111.6491
319,R,1494888059814,1495008229214,120.1694
321,G,1494992272314,1495096324014,104.0517
324,E,1495097115614,1495192237914,95.1223
326,N,1495193127514,1495256259914,63.1324
328,L,1495296231014,1495352223314,55.9923
330,A,1495392289914,1495440268314,47.9784
332,N,1495496247714,1495544302614,48.0549
334,D,1495592137314,1495704246514,112.1092
335,F,1495696274214,1495768236614,71.9624
338,H,1495792234414,1495896335514,104.1011
340,B,1495896955314,1496008242214,111.2869
341,U,1495992247014,1496096266014,104.019
344,R,1496097186514,1496208223314,111.0368
345,G,1496192276814,1496296226714,103.9499
348,E,1496297106014,1496399993114,102.8871
349,N,1496392240314,1496448213514,55.9732
352,L,1496488223214,1496552176814,63.9536
354,A,1496592254314,1496632227714,39.9734
356,N,1496688222314,1496752182414,63.9601
358,D,1496800134714,1496896244514,96.1098
359,F,1496888274114,1496968188714,79.9146
362,H,1496992248714,1497088247214,95.9985
364,B,1497089103414,1497208179414,119.076
365,U,1497192010514,1497304250414,112.2399
367,R,1497296257714,1497408009514,111.7518
369,G,1497391940814,1497496252514,104.3117
372,E,1497497166914,1497592303314,95.1364
374,N,1497593136714,1497648233114,55.0964
376,L,1497696275214,1497752230314,55.9551
378,A,1497792262614,1497840247014,47.9844
380,N,1497896249014,1497936159914,39.9109
382,D,1497992278114,1498104118814,111.8407
383,F,1498096198114,1498168042914,71.8448
386,H,1498192248514,1498288237614,95.9891
388,B,1498296243414,1498416251414,120.008
389,U,1498392026714,1498496284114,104.2574
392,R,1498497299714,1498608216014,110.9163
393,G,1498592288314,1498696283214,103.9949
396,E,1498697258414,1498800196114,102.9377
397,N,1498792258714,1498856303814,64.0451
400,L,1498888302614,1498952014014,63.7114
402,A,1498992294414,1499040238714,47.9443
404,N,1499088248014,1499144284914,56.0369
406,D,1499200271814,1499304103814,103.832
407,F,1499296233214,1499376002714,79.7695
410,H,1499392235814,1499503980914,111.7451
411,B,1499496297014,1499608265314,111.9683
413,U,1499592278314,1499696255014,103.9767
416,R,1499696844014,1499808259114,111.4151
417,G,1499792321114,1499904026514,111.7054
419,E,1499896275614,1500000215714,103.9401
421,N,1499992309814,1500048259014,55.9492
424,L,1500096243514,1500152533114,56.2896
426,A,1500192299214,1500232017214,39.718
428,N,1500296271314,1500344242214,47.9709
430,D,1500392273214,1500504009214,111.736
431,F,1500496278814,1500568276914,71.9981
434,H,1500592132814,1500696318114,104.1853
436,B,1500697201014,1500808239714,111.0387
437,U,1500792262914,1500903998914,111.736
439,R,1500888203014,1501008088614,119.8856
441,G,1500992376914,1501088020214,95.6433
444,E,1501096237714,1501192303914,96.0662
446,N,1501193316614,1501256263814,62.9472
448,L,1501296280314,1501352321214,56.0409
450,A,1501392295914,1501440280414,47.9845
452,N,1501496260214,1501536313314,40.0531
454,D,1501592291714,1501703891414,111.5997
455,F,1501696117514,1501768295214,72.1777
458,H,1501792290714,1501896330914,104.0402
460,B,1501897382914,1502016261414,118.8785
461,U,1501992253314,1502096268714,104.0154
464,R,1502097429314,1502208248214,110.8189
465,G,1502192242514,1502304137314,111.8948
467,E,1502296284214,1502392267614,95.9834
470,N,1502400284614,1502456260414,55.9758
472,L,1502488008314,1502552258914,64.2506
474,A,1502592277814,1502632420314,40.1425
476,N,1502688088214,1502752281614,64.1934
478,D,1502800363814,1502896283514,95.9197
479,F,1502888073314,1502967968414,79.8951
482,H,1502992289514,1503095969714,103.6802
483,B,1503088167414,1503208174414,120.007
485,U,1503192309514,1503304297814,111.9883
487,R,1503295991414,1503408071414,112.08
489,G,1503392290014,1503504143714,111.8537
491,E,1503496353114,1503592295114,95.942
494,N,1503593103014,1503648287914,55.1849
496,L,1503696299214,1503752302314,56.0031
498,A,1503792312314,1503840262814,47.9505
500,N,1503896354814,1503936331714,39.9769
502,D,1503992331114,1504104301414,111.9703
503,F,1504096288614,1504168399314,72.1107
506,H,1504192286314,1504296320214,104.0339
508,B,1504297235514,1504408150414,110.9149
509,U,1504392096914,1504504101214,112.0043
511,R,1504496331014,1504608136314,111.8053
513,G,1504592298814,1504688360714,96.0619
516,E,1504696268914,1504784257914,87.989
518,N,1504792277914,1504848283014,56.0051
520,L,1504888297714,1504952275114,63.9774
522,A,1504992309614,1505040047214,47.7376
524,N,1505096293614,1505144292114,47.9985
526,D,1505192342014,1505304283114,111.9411
527,F,1505296289714,1505360317814,64.0281
530,H,1505392295114,1505496428714,104.1336
532,B,1505497464414,1505616337014,118.8726
533,U,1505592015614,1505688312914,96.2973
536,R,1505696320814,1505808062214,111.7414
537,G,1505792290614,1505904009414,111.7188
539,E,1505896420814,1506000242514,103.8217
541,N,1505992225014,1506048296814,56.0718
544,L,1506096104514,1506152280414,56.1759
546,A,1506192317314,1506232316114,39.9988
548,N,1506296281914,1506352175814,55.8939
550,D,1506392326014,1506504003214,111.6772
551,F,1506496325614,1506568358414,72.0328
554,H,1506592289614,1506696013714,103.7241
555,B,1506688378614,1506808078514,119.6999
557,U,1506792309014,1506904259914,111.9509
559,R,1506896079014,1507008084214,112.0052
561,G,1506992289914,1507096372014,104.0821
564,E,1507097185114,1507200256114,103.071
565,N,1507192285114,1507248287514,56.0024
568,L,1507296325514,1507352322914,55.9974
570,A,1507392290114,1507440355714,48.0656
572,N,1507496291114,1507536278114,39.987
574,D,1507592288614,1507704036514,111.7479
575,F,1507696325114,1507768339414,72.0143
578,H,1507792219514,1507888340214,96.1207
580,B,1507896335414,1508008145414,111.81
581,U,1507992072214,1508096309314,104.2371
584,R,1508097030014,1508207996814,110.9668
585,G,1508192090314,1508296091814,104.0015
588,E,1508297087514,1508392148114,95.0606
590,N,1508392853214,1508456321114,63.4679
592,L,1508488311714,1508552354514,64.0428
594,A,1508592153714,1508640201314,48.0476
596,N,1508688338014,1508744356114,56.0181
598,D,1508800316314,1508904149914,103.8336
599,F,1508896369914,1508976127814,79.7579
602,H,1508992229614,1509104017514,111.7879
603,B,1509096378314,1509216332314,119.954
605,U,1509192068714,1509304061514,111.9928
607,R,1509296371914,1509408272514,111.9006
609,G,1509392295214,1509496340914,104.0457
612,E,1509497257614,1509592109714,94.8521
614,N,1509592768014,1509648362214,55.5942
616,L,1509696327214,1509752356714,56.0295
618,A,1509792246414,1509832368914,40.1225
620,N,1509896333814,1509936309814,39.976
622,D,1509992517214,1510104116114,111.5989
623,F,1510096323914,1510168354614,72.0307
626,H,1510192398714,1510288040714,95.642
628,B,1510304184414,1510408301114,104.1167
629,U,1510392442614,1510496237014,103.7944
631,R,1510488359414,1510600078414,111.719
633,G,1510592356014,1510696333014,103.977
636,E,1510697290814,1510792369214,95.0784
638,N,1510793276214,1510848348814,55.0726
640,L,1510896351314,1510952365014,56.0137
642,A,1510992399214,1511040368714,47.9695
644,N,1511096335414,1511144122614,47.7872
646,D,1511192370414,1511304356614,111.9862
647,F,1511296345614,1511368383714,72.0381
650,H,1511392388214,1511496394514,104.0063
652,B,1511497276114,1511616345414,119.0693
653,U,1511592333014,1511696396014,104.063
656,R,1511697318714,1511808364214,111.0455
657,G,1511792388914,1511904236614,111.8477
659,E,1511896368714,1512008407514,112.0388
661,N,1511992395914,1512048098614,55.7027
664,L,1512096349614,1512152327414,55.9778
666,A,1512192349314,1512232396714,40.0474
668,N,1512296342814,1512344297614,47.9548
670,D,1512392422014,1512504353514,111.9315
671,F,1512496363014,1512568379914,72.0169
674,H,1512592177014,1512688396414,96.2194
676,B,1512689410714,1512808331514,118.9208
677,U,1512792378514,1512896093414,103.7149
679,R,1512888348314,1513000214014,111.8657
681,G,1512992359014,1513096248414,103.8894
684,E,1513097096714,1513200231114,103.1344
685,N,1513192399014,1513256364514,63.9655
688,L,1513296357114,1513344376314,48.0192
690,A,1513392407314,1513440384214,47.9769
692,N,1513496360714,1513544428114,48.0674
694,D,1513592360014,1513704239214,111.8792
695,F,1513696166114,1513768393314,72.2272
698,H,1513792383614,1513896144914,103.7613
700,B,1513896868314,1514008094714,111.2264
701,U,1513992334814,1514104031314,111.6965
703,R,1514096159114,1514208126814,111.9677
705,G,1514192400514,1514304070914,111.6704
707,E,1514296113414,1514392340514,96.2271
710,N,1514393310514,1514448326814,55.0163
712,L,1514488389614,1514552130814,63.7412
714,A,1514592422714,1514632125814,39.7031
716,N,1514688398114,1514752376414,63.9783
718,D,1514800389914,1514904308514,103.9186
719,F,1514888534814,1514968391814,79.857
722,H,1514992373314,1515104047714,111.6744
723,B,1515096313214,1515208421014,112.1078
725,U,1515192370114,1515304093814,111.7237
727,R,1515296352214,1515408325514,111.9733
729,G,1515392343914,1515504111114,111.7672
731,E,1515496430114,1515600214614,103.7845
733,N,1515592360014,1515648380214,56.0202
736,L,1515696434614,1515752353714,55.9191
738,A,1515792405214,1515840406814,48.0016
740,N,1515896456014,1515944488614,48.0326
742,D,1515992420814,1516104129314,111.7085
743,F,1516096481814,1516168247614,71.7658
746,H,1516192401014,1516288421514,96.0205
748,B,1516296401514,1516408397214,111.9957
749,U,1516392432314,1516496394014,103.9617
752,R,1516497582614,1516608400214,110.8176
753,G,1516592135114,1516696452714,104.3176
756,E,1516697516514,1516800121214,102.6047
757,N,1516792387614,1516848176514,55.7889
760,L,1516888413314,1516944412314,55.999
762,A,1516992383214,1517040158914,47.7757
764,N,1517088383014,1517152371514,63.9885
766,D,1517200362614,1517304244214,103.8816
767,F,1517296367514,1517376413814,80.0463
770,H,1517392439914,1517496408814,103.9689
772,B,1517497403214,1517608378414,110.9752
773,U,1517592395514,1517704212914,111.8174
775,R,1517696442014,1517808387814,111.9458
777,G,1517792428814,1517896404014,103.9752
780,E,1517897417814,1517992488514,95.0707
782,N,1517993532214,1518048398214,54.866
784,L,1518096420214,1518152443714,56.0235
786,A,1518192371814,1518232319514,39.9477
788,N,1518296444914,1518336364814,39.9199
790,D,1518392390214,1518504443314,112.0531
791,F,1518496380714,1518568372514,71.9918
794,H,1518592380914,1518688441814,96.0609
796,B,1518696206714,1518808400914,112.1942
797,U,1518792474214,1518896239114,103.7649
799,R,1518888408514,1519000304514,111.896
801,G,1518992466914,1519096466214,103.9993
804,E,1519097535914,1519200324014,102.7881
805,N,1519192393414,1519256402314,64.0089
808,L,1519296445214,1519352186814,55.7416
810,A,1519392433814,1519440376714,47.9429
812,N,1519496389014,1519552389514,56.0005
814,D,1519592447014,1519696457114,104.0101
816,F,1519697230414,1519768391614,71.1612
818,H,1519792402914,1519896393814,103.9909
820,B,1519896991014,1520008491714,111.5007
821,U,1519992456014,1520104281914,111.8259
823,R,1520096452214,1520208416314,111.9641
825,G,1520192453714,1520304137714,111.684
827,E,1520296253314,1520400196614,103.9433
829,N,1520392416014,1520448429514,56.0135
832,L,1520488454914,1520544435914,55.981
834,A,1520592589814,1520632451814,39.862
836,N,1520688432714,1520744487414,56.0547
838,D,1520800286414,1520904142814,103.8564
839,F,1520888448714,1520968208014,79.7593
842,H,1520992461614,1521096424214,103.9626
844,B,1521097244014,1521216418414,119.1744
845,U,1521192450814,1521304330114,111.8793
847,R,1521296427714,1521408489714,112.062
849,G,1521392484314,1521496457214,103.9729
852,E,1521497158914,1521600151814,102.9929
853,N,1521592273914,1521656468314,64.1944
856,L,1521696437714,1521752425614,55.9879
858,A,1521792400514,1521840455214,48.0547
860,N,1521896453614,1521952423614,55.97
862,D,1521992444814,1522104259214,111.8144
863,F,1522096445514,1522168342114,71.8966
866,H,1522192421014,1522296462814,104.0418
868,B,1522297168414,1522408408714,111.2403
869,U,1522392472014,1522504406114,111.9341
871,R,1522496427814,1522608288914,111.8611
873,G,1522600204914,1522696511614,96.3067
876,E,1522697199014,1522800478914,103.2799
877,N,1522792502814,1522848458614,55.9558
880,L,1522888546014,1522944444114,55.8981
882,A,1522992482014,1523040444314,47.9623
884,N,1523096478614,1523152258814,55.7802
886,D,1523200508114,1523304176414,103.6683
887,F,1523296483914,1523376151514,79.6676
890,H,1523392436514,1523504263314,111.8268
891,B,1523496495414,1523616458314,119.9629
893,U,1523592471414,1523704553314,112.0819
895,R,1523696455514,1523808437814,111.9823
897,G,1523792420314,1523904198314,111.778
899,E,1523896447414,1524000427814,103.9804
901,N,1523992436114,1524056471814,64.0357
904,L,1524096447314,1524144454614,48.0073
906,A,1524192451414,1524232428514,39.9771
908,N,1524296467314,1524344467514,48.0002
910,D,1524392461414,1524504137214,111.6758
911,F,1524496421914,1524568519114,72.0972
914,H,1524592176514,1524688526614,96.3501
916,B,1524689432314,1524808534014,119.1017
917,U,1524792534114,1524896519914,103.9858
920,R,1524897509814,1525008308814,110.799
921,G,1524992440014,1525104394414,111.9544
923,E,1525096454914,1525200169814,103.7149
925,N,1525192441314,1525256474314,64.033
928,L,1525296571614,1525352508114,55.9365
930,A,1525392454914,1525440223514,47.7686
932,N,1525496479314,1525552469714,55.9904
934,D,1525592507814,1525704449614,111.9418
935,F,1525696493214,1525768550814,72.0576
938,H,1525792497814,1525896530714,104.0329
940,B,1525897363914,1526016447514,119.0836
941,U,1525992529814,1526104060814,111.531
943,R,1526096478314,1526208443514,111.9652
945,G,1526192451414,1526296470214,104.0188
948,E,1526297358714,1526400293814,102.9351
949,N,1526392462814,1526448451014,55.9882
952,L,1526488270914,1526552445614,64.1747
954,A,1526592450314,1526640235314,47.785
956,N,1526688342614,1526744482314,56.1397
958,D,1526800495114,1526904184814,103.6897
959,F,1526896509114,1526976469714,79.9606
962,H,1526992478014,1527096404214,103.9262
964,B,1527097196314,1527208416314,111.22
965,U,1527192472414,1527304339214,111.8668
967,R,1527296376914,1527408264814,111.8879
969,G,1527392490614,1527496540314,104.0497
972,E,1527497429914,1527592728014,95.2981
974,N,1527593348814,1527648554214,55.2054
976,L,1527696482314,1527752514114,56.0318
978,A,1527792587114,1527840523314,47.9362
980,N,1527896493514,1527944506714,48.0132
982,D,1527992504514,1528104297014,111.7925
983,F,1528096499914,1528168501114,72.0012
986,H,1528192539414,1528288567614,96.0282
988,B,1528296484114,1528416383214,119.8991
989,U,1528392508614,1528496381714,103.8731
991,R,1528488604814,1528600376814,111.772
993,G,1528592222314,1528704209014,111.9867
995,E,1528696465014,1528800318714,103.8537
997,N,1528792466714,1528856268114,63.8014
1000,L,1528896520614,1528952470614,55.95
1002,A,1528992502514,1529040329314,47.8268
1004,N,1529096473714,1529144501514,48.0278
1006,D,1529192527114,1529312486914,119.9598
1007,F,1529296509714,1529368443514,71.9338
1010,H,1529392445714,1529496512214,104.0665
1012,B,1529497225614,1529608276614,111.051
1013,U,1529592471814,1529704470014,111.9982
1015,R,1529696531714,1529808246714,111.715
1017,G,1529792492114,1529904399314,111.9072
1019,E,1529896247214,1530000316014,104.0688
1021,N,1529992509714,1530048518614,56.0089
1024,L,1530096506814,1530152520414,56.0136
1026,A,1530192592614,1530232501914,39.9093
1028,N,1530296540814,1530344520414,47.9796
1030,D,1530400512714,1530504501014,103.9883
1031,F,1530488487314,1530568509314,80.022
1034,H,1530592509214,1530696479414,103.9702
1036,B,1530697174314,1530816227414,119.0531
1037,U,1530792491414,1530904439214,111.9478
1039,R,1530896613114,1531008256614,111.6435
1041,G,1530992502714,1531104433514,111.9308
1043,E,1531096474714,1531200337714,103.863
1045,N,1531192483214,1531256507014,64.0238
1048,L,1531296276614,1531352585914,56.3093
1050,A,1531392479514,1531440691514,48.212
1052,N,1531496525914,1531552518014,55.9921
1054,D,1531592401514,1531704236214,111.8347
1055,F,1531696538114,1531768515414,71.9773
1058,H,1531792473714,1531888543614,96.0699
1060,B,1531896556014,1532008234914,111.6789
1061,U,1531992264814,1532096462614,104.1978
1064,R,1532097103014,1532208344414,111.2414
1065,G,1532200329614,1532288528514,88.1989
1068,E,1532296500014,1532392247614,95.7476
1070,N,1532393137914,1532448276114,55.1382
1072,L,1532488567714,1532552570014,64.0023
1074,A,1532592278614,1532640499314,48.2207
1076,N,1532696500714,1532752525714,56.025
1078,D,1532800559614,1532904231314,103.6717
1079,F,1532896540214,1532976403914,79.8637
1082,H,1532992388914,1533104224914,111.836
1083,B,1533096512914,1533208615614,112.1027
1085,U,1533192303414,1533304807814,112.5044
1087,R,1533296549814,1533408544014,111.9942
1089,G,1533392364214,1533504269614,111.9054
1091,E,1533496494114,1533592411814,95.9177
1094,N,1533600300714,1533648503014,48.2023
1096,L,1533696527614,1533752521314,55.9937
1098,A,1533792533714,1533840544814,48.0111
1100,N,1533896516414,1533944515814,47.9994
1102,D,1533992585714,1534104285214,111.6995
1103,F,1534096528214,1534160289914,63.7617
1106,H,1534200566814,1534288524014,87.9572
1108,B,1534296566314,1534408569114,112.0028
1109,U,1534392659114,1534504552814,111.8937
1111,R,1534488530214,1534600291314,111.7611
1113,G,1534592778314,1534696530814,103.7525
1116,E,1534697271914,1534800562914,103.291
1117,N,1534792540014,1534856522114,63.9821
1120,L,1534896532514,1534952326814,55.7943
1122,A,1534992552214,1535040565214,48.013
1124,N,1535096513414,1535152553814,56.0404
1126,D,1535192532614,1535304609214,112.0766
1127,F,1535296521414,1535368560314,72.0389
1130,H,1535392567014,1535496576614,104.0096
1132,B,1535497130414,1535608579814,111.4494
1133,U,1535592370114,1535696534214,104.1641
1136,R,1535697225714,1535808487314,111.2616
1137,G,1535792539614,1535896584714,104.0451
1140,E,1535897578414,1536000378314,102.7999
1141,N,1535992567914,1536048528114,55.9602
1144,L,1536088519214,1536152294014,63.7748
1146,A,1536192354514,1536240325414,47.9709
1148,N,1536288511214,1536352362414,63.8512
1150,D,1536400536914,1536504268914,103.732
1151,F,1536488637514,1536568309514,79.672
1154,H,1536592562814,1536704280014,111.7172
1155,B,1536696530014,1536808631714,112.1017
1157,U,1536792556514,1536904384214,111.8277
1159,R,1536896333414,1537016553014,120.2196
1161,G,1536992569814,1537112258814,119.689
1163,E,1537096538114,1537200425114,103.887
1165,N,1537192629314,1537248172714,55.5434
1168,L,1537296382014,1537352262514,55.8805
1170,A,1537392225814,1537440492214,48.2664
1172,N,1537496526814,1537536565714,40.0389
1174,D,1537592549414,1537704300914,111.7515
1175,F,1537696582214,1537768587414,72.0052
1178,H,1537792589914,1537896408014,103.8181
1180,B,1537897387514,1538008331914,110.9444
1181,U,1537992558114,1538096572614,104.0145
1184,R,1538097574014,1538208288914,110.7149
1185,G,1538200584314,1538296338614,95.7543
1188,E,1538297051014,1538392584814,95.5338
1190,N,1538393480314,1538456566314,63.086
1192,L,1538488599714,1538552560114,63.9604
1194,A,1538592426314,1538640571114,48.1448
1196,N,1538696478714,1538744598914,48.1202
1198,D,1538800569514,1538904443214,103.8737
1199,F,1538896387514,1538968556714,72.1692
1202,H,1538992554814,1539096371014,103.8162
1204,B,1539097250014,1539208568714,111.3187
1205,U,1539192592614,1539304304414,111.7118
1207,R,1539296517614,1539408623214,112.1056
1209,G,1539392589314,1539504314414,111.7251
1211,E,1539496632914,1539600342714,103.7098
1213,N,1539592621914,1539648355914,55.734
1216,L,1539696651914,1539752574214,55.9223
1218,A,1539792576714,1539832481514,39.9048
1220,N,1539896640014,1539944831314,48.1913
1222,D,1539992617714,1540104306614,111.6889
1223,F,1540096750114,1540168574114,71.824
1226,H,1540192537514,1540296570914,104.0334
1227,B,1540288462014,1540408328714,119.8667
1229,U,1540392650914,1540504312914,111.662
1231,R,1540496721514,1540608666914,111.9454
1233,G,1540592630414,1540704310214,111.6798
1235,E,1540696600814,1540792600414,95.9996
1238,N,1540793263714,1540856692614,63.4289
1240,L,1540896575914,1540952603214,56.0273
1242,A,1540992588614,1541040630914,48.0423
1244,N,1541096581914,1541136613114,40.0312
1246,D,1541192582614,1541304368214,111.7856
1247,F,1541296624214,1541368570914,71.9467
1250,H,1541392632714,1541496646014,104.0133
1252,B,1541497357814,1541616377214,119.0194
1253,U,1541592616214,1541704297814,111.6816
1255,R,1541696601714,1541808589014,111.9873
1257,G,1541792637514,1541904419214,111.7817
1259,E,1541896609614,1541992608514,95.9989
1262,N,1541993550914,1542048317314,54.7664
1264,L,1542088409514,1542152579814,64.1703
1266,A,1542192576814,1542240584514,48.0077
1268,N,1542288591614,1542344576514,55.9849
1270,D,1542400604914,1542504318014,103.7131
1271,F,1542496613214,1542576581514,79.9683
1274,H,1542592339714,1542704310314,111.9706
1275,B,1542696692314,1542816425014,119.7327
1277,U,1542792670214,1542904340014,111.6698
1279,R,1542896587514,1543016414114,119.8266
1281,G,1542992595414,1543104267814,111.6724
1283,E,1543096612714,1543200379814,103.7671
1285,N,1543192633714,1543248646714,56.013
1288,L,1543296315014,1543352599814,56.2848
1290,A,1543392597214,1543432551614,39.9544
1292,N,1543496613214,1543552707014,56.0938
1294,D,1543592649014,1543704352914,111.7039
1295,F,1543696626114,1543768615114,71.989
1298,H,1543792609614,1543896632114,104.0225
1300,B,1543897527714,1544008676114,111.1484
1301,U,1543992607814,1544104355914,111.7481
1303,R,1544096640314,1544208293114,111.6528
1305,G,1544200427014,1544304344214,103.9172
1307,E,1544296607614,1544400377414,103.7698
1309,N,1544392601714,1544448614714,56.013
1312,L,1544496652614,1544552602214,55.9496
1314,A,1544592628714,1544640614614,47.9859
1316,N,1544696369714,1544744627114,48.2574
1318,D,1544800587814,1544912602614,112.0148
1319,F,1544896629714,1544968626114,71.9964
1322,H,1544992649714,1545096501314,103.8516
1324,B,1545097420114,1545216749914,119.3298
1325,U,1545192646914,1545304492514,111.8456
1327,R,1545296671914,1545408782214,112.1103
1329,G,1545392652014,1545504367014,111.715
1331,E,1545496649914,1545592612414,95.9625
1334,N,1545593206914,1545656631514,63.4246
1336,L,1545696645214,1545752418514,55.7733
1338,A,1545792610014,1545832585814,39.9758
1340,N,1545896611714,1545944645714,48.034
1342,D,1546000654314,1546104614614,103.9603
1343,F,1546096640414,1546168383614,71.7432
1346,H,1546192642014,1546288691714,96.0497
1348,B,1546289475714,1546416633014,127.1573
1349,U,1546392628914,1546504352614,111.7237
1351,R,1546496690314,1546616674314,119.984
1353,G,1546592473314,1546704359714,111.8864
1355,E,1546696677914,1546800343714,103.6658
1357,N,1546792607814,1546848647814,56.04
1360,L,1546896674614,1546952554614,55.88
1362,A,1546992636914,1547032603514,39.9666
1364,N,1547096611314,1547152415714,55.8044
1366,D,1547192618314,1547304362714,111.7444
1367,F,1547296617814,1547368642414,72.0246
1370,H,1547392651414,1547504376514,111.7251
1371,B,1547496675614,1547616563314,119.8877
1373,U,1547592641314,1547704649214,112.0079
1375,R,1547696621714,1547808606414,111.9847
1377,G,1547792649914,1547904616014,111.9661
1379,E,1547896523714,1548000678914,104.1552
1382,N,1548001386014,1548048677914,47.2919
1384,L,1548088644114,1548152529414,63.8853
1386,A,1548192668814,1548240394814,47.726
1388,N,1548288448714,1548344732114,56.2834
1390,D,1548400636714,1548504405414,103.7687
1391,F,1548496655214,1548576617614,79.9624
1394,H,1548592650014,1548696712714,104.0627
1396,B,1548697721614,1548816441314,118.7197
1397,U,1548792647514,1548904661614,112.0141
1399,R,1548896701314,1549008481014,111.7797
1401,G,1548992696414,1549104406614,111.7102
1403,E,1549096705914,1549192737314,96.0314
1406,N,1549193441214,1549256681214,63.24
1408,L,1549296680914,1549352604914,55.924
1410,A,1549392640814,1549432687314,40.0465
1412,N,1549496702414,1549544686514,47.9841
1414,D,1549592513714,1549704580314,112.0666
1415,F,1549696682014,1549768723814,72.0418
1418,H,1549792641614,1549888447514,95.8059
1420,B,1549896634714,1550008378714,111.744
1421,U,1550000656714,1550096676814,96.0201
1424,R,1550097663914,1550208388414,110.7245
1425,G,1550200739614,1550304425414,103.6858
1427,E,1550296689814,1550392698814,96.009
1430,N,1550393316714,1550456628514,63.3118
1432,L,1550496687114,1550552672014,55.9849
1434,A,1550592415714,1550640656714,48.241
1436,N,1550696511314,1550744665914,48.1546
1438,D,1550800691914,1550904409814,103.7179
1439,F,1550896644214,1550968627814,71.9836
1442,H,1550992859114,1551104377414,111.5183
1443,B,1551096494214,1551216670814,120.1766
1445,U,1551192679714,1551304436514,111.7568
1447,R,1551296678514,1551416611814,119.9333
1449,G,1551392712314,1551504378814,111.6665
1451,E,1551496681614,1551608645414,111.9638
1453,N,1551592661114,1551656677214,64.0161
1456,L,1551696648214,1551752696614,56.0484
1458,A,1551792705314,1551832458814,39.7535
1460,N,1551896689914,1551952675414,55.9855
1462,D,1551992716614,1552104389714,111.6731
1463,F,1552096687914,1552168660814,71.9729
1466,H,1552200666114,1552296735014,96.0689
1468,B,1552297462314,1552408396314,110.934
1469,U,1552392841914,1552504381014,111.5391
1471,R,1552488655514,1552616572914,127.9174
1473,G,1552592666014,1552696743214,104.0772
1476,E,1552697695114,1552784694514,86.9994
1478,N,1552792693214,1552856463314,63.7701
1480,L,1552896729014,1552952715614,55.9866
1482,A,1552992732014,1553040818314,48.0863
1484,N,1553096740114,1553160756614,64.0165
1486,D,1553192742814,1553312432414,119.6896
1487,F,1553296488114,1553360668114,64.18
1490,H,1553392715014,1553496747514,104.0325
1492,B,1553497789914,1553608738514,110.9486
1493,U,1553592691114,1553704424414,111.7333
1495,R,1553696730214,1553808443814,111.7136
1497,G,1553792645514,1553904378314,111.7328
1499,E,1553896664514,1554000415314,103.7508
1501,N,1553992658714,1554056636514,63.9778
1504,L,1554096716614,1554152479414,55.7628
1506,A,1554192716014,1554232702914,39.9869
1508,N,1554296746514,1554344718114,47.9716
1510,D,1554400738714,1554504412114,103.6734
1511,F,1554488711214,1554568491814,79.7806
1514,H,1554592449814,1554704401714,111.9519
1515,B,1554696788614,1554816720314,119.9317
1517,U,1554792721114,1554904432814,111.7117
1519,R,1554896759114,1555016740914,119.9818
1521,G,1554992689514,1555104398214,111.7087
1523,E,1555096742014,1555200498714,103.7567
1525,N,1555192678414,1555256856114,64.1777
1528,L,1555296683714,1555352687814,56.0041
1530,A,1555392705614,1555432679514,39.9739
1532,N,1555496849614,1555560706114,63.8565
1534,D,1555592748814,1555712771514,120.0227
1535,F,1555696688414,1555768704714,72.0163
1538,H,1555792697114,1555896733214,104.0361
1540,B,1555897433714,1556016752314,119.3186
1541,U,1555992708014,1556104419214,111.7112
1543,R,1556096466114,1556208538514,112.0724
1545,G,1556192713214,1556304436214,111.723
1547,E,1556296665214,1556400668714,104.0035
1550,N,1556401540114,1556456472314,54.9322
1552,L,1556488694314,1556552701114,64.0068
1554,A,1556592503214,1556640738914,48.2357
1556,N,1556688504214,1556760725514,72.2213
1558,D,1556800751714,1556904517714,103.766
1559,F,1556896770414,1556968780314,72.0099
1562,H,1556992506514,1557104437914,111.9314
1563,B,1557096734214,1557216665414,119.9312
1565,U,1557192528514,1557304398514,111.87
1567,R,1557296511514,1557408854014,112.3425
1569,G,1557392552414,1557504429414,111.877
1571,E,1557496616314,1557608778614,112.1623
1573,N,1557592495914,1557656732514,64.2366
1576,L,1557696732214,1557752696314,55.9641
1578,A,1557792740414,1557832755314,40.0149
1580,N,1557896685714,1557952766914,56.0812
1582,D,1557992777014,1558104539514,111.7625
1583,F,1558096723414,1558168757414,72.034
1586,H,1558192839514,1558296804414,103.9649
1588,B,1558297738614,1558416687514,118.9489
1589,U,1558400714914,1558504429114,103.7142
1591,R,1558496745314,1558608441414,111.6961
1593,G,1558600721914,1558696647914,95.926
1596,E,1558697949114,1558800487814,102.5387
1597,N,1558792771614,1558856795214,64.0236
1600,L,1558896745514,1558952733214,55.9877
1602,A,1558992733814,1559040737414,48.0036
1604,N,1559096732914,1559160544714,63.8118
1606,D,1559200743714,1559304438914,103.6952
1607,F,1559296684714,1559368685614,72.0009
1610,H,1559392712214,1559504466614,111.7544
1611,B,1559496799214,1559616480614,119.6814
1613,U,1559592790314,1559704455414,111.6651
1615,R,1559696792514,1559816777014,119.9845
1617,G,1559792769614,1559904462014,111.6924
1619,E,1559896753714,1559992745314,95.9916
1622,N,1559993623014,1560056825314,63.2023
1624,L,1560096744914,1560152752214,56.0073
1626,A,1560192762214,1560240716914,47.9547
1628,N,1560296890314,1560352763914,55.8736
1630,D,1560392745614,1560504495814,111.7502
1631,F,1560496765614,1560568728014,71.9624
1634,H,1560600697214,1560704470814,103.7736
1635,B,1560696725914,1560808733614,112.0077
1637,U,1560792566614,1560904765014,112.1984
1639,R,1560888622514,1561016735714,128.1132
1641,G,1560992787914,1561104507414,111.7195
1643,E,1561096807314,1561200600014,103.7927
1645,N,1561192813714,1561256759114,63.9454
1648,L,1561296749814,1561352766714,56.0169
1650,A,1561392765114,1561440594314,47.8292
1652,N,1561496748114,1561560763214,64.0151
1654,D,1561592835914,1561712462214,119.6263
1655,F,1561696749914,1561769100314,72.3504
1658,H,1561792773414,1561904517914,111.7445
1659,B,1561896758214,1562016610114,119.8519
1661,U,1561992752914,1562104475614,111.7227
1663,R,1562096543314,1562208497014,111.9537
1665,G,1562192750414,1562296755514,104.0051
1668,E,1562297425314,1562400662114,103.2368
1669,N,1562392779714,1562456773814,63.9941
1672,L,1562496536214,1562552773214,56.237
1674,A,1562592659714,1562640782414,48.1227
1676,N,1562696520814,1562760821014,64.3002
1678,D,1562800805614,1562904740914,103.9353
1679,F,1562888856914,1562968795314,79.9384
1682,H,1562992798614,1563104453014,111.6544
1683,B,1563096649914,1563216703414,120.0535
1685,U,1563192790514,1563304497314,111.7068
1687,R,1563296587214,1563408490414,111.9032
1689,G,1563392763314,1563504762514,111.9992
1691,E,1563496556814,1563592798414,96.2416
1694,N,1563593715514,1563656773814,63.0583
1696,L,1563696992314,1563752757614,55.7653
1698,A,1563792794414,1563840803214,48.0088
1700,N,1563896660114,1563960772614,64.1125
1702,D,1563992775614,1564104672614,111.897
1703,F,1564096930114,1564168834614,71.9045
1706,H,1564192492914,1564304762514,112.2696
1707,B,1564296957114,1564416510014,119.5529
1709,U,1564392821914,1564504520114,111.6982
1711,R,1564496862714,1564608518114,111.6554
1713,G,1564592803414,1564704495814,111.6924
1715,E,1564696766414,1564808675014,111.9086
1717,N,1564800784114,1564856747914,55.9638
1720,L,1564888773014,1564952779914,64.0069
1722,A,1564992792714,1565040787814,47.9951
1724,N,1565088807314,1565160852314,72.045
1726,D,1565200852014,1565304498914,103.6469
1727,F,1565296877414,1565368858314,71.9809
1730,H,1565392847114,1565504580114,111.733
1731,B,1565496893414,1565616601014,119.7076
1733,U,1565592845214,1565704634414,111.7892
1735,R,1565696773514,1565808768014,111.9945
1737,G,1565792828714,1565904623614,111.7949
1739,E,1565896823514,1565992860914,96.0374
1742,N,1565993889314,1566056869114,62.9798
1744,L,1566096599714,1566152534814,55.9351
1746,A,1566192787214,1566240847214,48.06
1748,N,1566296803514,1566352805814,56.0023
1750,D,1566392827414,1566504548114,111.7207
1751,F,1566496331514,1566568695214,72.3637
1754,H,1566592532014,1566696849314,104.3173
1756,B,1566697747014,1566808732014,110.985
1757,U,1566792809414,1566904657914,111.8485
1759,R,1566896572214,1567008812914,112.2407
1761,G,1567000805014,1567104591814,103.7868
1763,E,1567096850014,1567200803014,103.953
1765,N,1567192822214,1567264797414,71.9752
1768,L,1567288861914,1567352775214,63.9133
1770,A,1567392852214,1567440791114,47.9389
1772,N,1567496786014,1567560798714,64.0127
1774,D,1567600618314,1567704556114,103.9378
1775,F,1567696800614,1567768794614,71.994
1778,H,1567792801414,1567904541514,111.7401
1779,B,1567896815614,1568016673314,119.8577
1781,U,1567992834714,1568104531014,111.6963
1783,R,1568096818014,1568208836814,112.0188
1785,G,1568192835514,1568304732814,111.8973
1787,E,1568296855514,1568408815614,111.9601
1789,N,1568392845414,1568456873314,64.0279
1792,L,1568496839814,1568552622814,55.783
1794,A,1568592849714,1568640649314,47.7996
1796,N,1568696772514,1568752601314,55.8288
1798,D,1568792900714,1568904530414,111.6297
1799,F,1568896801614,1568968811414,72.0098
1802,H,1569000636314,1569096904914,96.2686
1804,B,1569097830914,1569216998114,119.1672
1805,U,1569192865514,1569304742314,111.8768
1807,R,1569296842214,1569416972214,120.13
1809,G,1569392858414,1569504578714,111.7203
1811,E,1569496830614,1569600443114,103.6125
1813,N,1569592683114,1569656871214,64.1881
1816,L,1569696860914,1569752703014,55.8421
1818,A,1569792867914,1569840597714,47.7298
1820,N,1569896695214,1569952791014,56.0958
1822,D,1569992813514,1570104609514,111.796
1823,F,1570096846614,1570168629214,71.7826
1826,H,1570192810314,1570304851914,112.0416
1827,B,1570296841414,1570408843614,112.0022
1829,U,1570392877714,1570504599214,111.7215
1831,R,1570496831914,1570608570914,111.739
1833,G,1570592861614,1570704744714,111.8831
1835,E,1570696834414,1570792876514,96.0421
1838,N,1570793651614,1570864831314,71.1797
1840,L,1570896849214,1570952604514,55.7553
1842,A,1570992880414,1571040831014,47.9506
1844,N,1571096863814,1571160833914,63.9701
1846,D,1571200865814,1571304771614,103.9058
1847,F,1571288861414,1571360848614,71.9872
1850,H,1571392836514,1571504572814,111.7363
1851,B,1571496846014,1571616799514,119.9535
1853,U,1571592873314,1571704673514,111.8002
1855,R,1571696814014,1571808821814,112.0078
1857,G,1571792832514,1571904686914,111.8544
1859,E,1571896899314,1572000562514,103.6632
1861,N,1571992891714,1572056823714,63.932
1864,L,1572096920314,1572152671314,55.751
1866,A,1572192827714,1572240784414,47.9567
1868,N,1572296890714,1572352835214,55.9445
1870,D,1572392871714,1572504567314,111.6956
1871,F,1572496827414,1572568868514,72.0411
1874,H,1572592599314,1572696907014,104.3077
1876,B,1572697848114,1572808635214,110.7871
1877,U,1572792876214,1572904607814,111.7316
1879,R,1572896841014,1573016830814,119.9898
1881,G,1572992922414,1573096911414,103.989
1884,E,1573097914314,1573192654014,94.7397
1886,N,1573200898914,1573256840614,55.9417
1888,L,1573288875014,1573352937514,64.0625
1890,A,1573392884114,1573440814214,47.9301
1892,N,1573496896514,1573552860914,55.9644
1894,D,1573600736214,1573704944914,104.2087
1895,F,1573696866414,1573768862314,71.9959
1898,H,1573792876714,1573904887314,112.0106
1899,B,1573896908514,1574016695014,119.7865
1901,U,1573992908214,1574104837414,111.9292
1903,R,1574096860714,1574208678214,111.8175
1905,G,1574193000714,1574296865714,103.865
1908,E,1574297888414,1574400765514,102.8771
1909,N,1574392883814,1574456835014,63.9512
1912,L,1574496595414,1574552896514,56.3011
1914,A,1574592705014,1574640855114,48.1501
1916,N,1574696928814,1574760875914,63.9471
1918,D,1574792867414,1574904823314,111.9559
1919,F,1574896898014,1574968868214,71.9702
1922,H,1574992918614,1575096906814,103.9882
1924,B,1575097834914,1575216911214,119.0763
1925,U,1575200868014,1575304652414,103.7844
1927,R,1575296911014,1575408624214,111.7132
1929,G,1575400892914,1575504631714,103.7388
1931,E,1575496881414,1575600729414,103.848
1933,N,1575592882114,1575656878914,63.9968
1936,L,1575696858114,1575744870314,48.0122
1938,A,1575792873814,1575840879014,48.0052
1940,N,1575896892414,1575952941914,56.0495
1942,D,1575992858214,1576104848014,111.9898
1943,F,1576096815314,1576168870414,72.0551
1946,H,1576192898314,1576296921214,104.0229
1948,B,1576297843214,1576416864614,119.0214
1949,U,1576392894014,1576504674514,111.7805
1951,R,1576496901214,1576608660814,111.7596
1953,G,1576592901814,1576704619214,111.7174
1955,E,1576696898914,1576792885114,95.9862
1958,N,1576800862714,1576856656614,55.7939
1960,L,1576896893414,1576944846214,47.9528
1962,A,1576992871914,1577040883414,48.0115
1964,N,1577096869514,1577160858614,63.9891
1966,D,1577200946814,1577304642914,103.6961
1967,F,1577296898414,1577368859914,71.9615
1970,H,1577392872214,1577496937114,104.0649
1971,B,1577488919014,1577617012414,128.0934
1973,U,1577592749314,1577704879214,112.1299
1975,R,1577696912414,1577800843014,103.9306
1977,G,1577792907114,1577896936014,104.0289
1980,E,1577897944514,1578000875814,102.9313
1981,N,1577992921314,1578056815414,63.8941
1984,L,1578096898614,1578152890114,55.9915
1986,A,1578192912114,1578240697314,47.7852
1988,N,1578296898614,1578352898814,56.0002
1990,D,1578392877914,1578504624814,111.7469
1991,F,1578496896114,1578568907814,72.0117
1994,H,1578592922714,1578704616914,111.6942
1995,B,1578696689814,1578816945514,120.2557
1997,U,1578792921714,1578904719514,111.7978
1999,R,1578896925914,1579016941314,120.0154
2001,G,1578992899614,1579104604714,111.7051
2003,E,1579096911814,1579208850914,111.9391
2005,N,1579200938414,1579257065914,56.1275
2008,L,1579288927014,1579352950714,64.0237
2010,A,1579392922714,1579440999814,48.0771
2012,N,1579488928314,1579552864314,63.936
2014,D,1579600784714,1579704616314,103.8316
2015,F,1579696853914,1579768910914,72.057
2018,H,1579792903214,1579888902114,95.9989
2020,B,1579896885514,1580008619514,111.734
2021,U,1579992904514,1580104624414,111.7199
2023,R,1580096934514,1580208766814,111.8323
2025,G,1580192900514,1580304629714,111.7292
2027,E,1580296981014,1580400915814,103.9348
2029,N,1580392702214,1580456908914,64.2067
2032,L,1580496953214,1580552944114,55.9909
2034,A,1580592688414,1580640849814,48.1614
2036,N,1580696965414,1580752884114,55.9187
2038,D,1580792647214,1580904626514,111.9793
2039,F,1580896841914,1580968915314,72.0734
2042,H,1580992664814,1581104876214,112.2114
2043,B,1581096705414,1581208612514,111.9071
2045,U,1581200921814,1581304743814,103.822
2047,R,1581296895814,1581409012714,112.1169
2049,G,1581400845214,1581496922814,96.0776
2052,E,1581497753414,1581600621614,102.8682
2053,N,1581592729114,1581656948314,64.2192
2056,L,1581696936814,1581752909214,55.9724
2058,A,1581792822614,1581841002614,48.18
2060,N,1581896921614,1581952905114,55.9835
2062,D,1582000961914,1582112914014,111.9521
2063,F,1582096943114,1582168913214,71.9701
2066,H,1582192743914,1582304950214,112.2063
2067,B,1582296839314,1582416912914,120.0736
2069,U,1582392877914,1582504934614,112.0567
2071,R,1582496953414,1582608947214,111.9938
2073,G,1582593031114,1582704937714,111.9066
2075,E,1582696994414,1582793014214,96.0198
2078,N,1582794035414,1582856933214,62.8978
2080,L,1582896980614,1582952938314,55.9577
2082,A,1582993107414,1583040983714,47.8763
2084,N,1583096918114,1583152941514,56.0234
2086,D,1583192953814,1583304961314,112.0075
2087,F,1583296942314,1583369055514,72.1132
2090,H,1583401027614,1583496975914,95.9483
2092,B,1583497981514,1583617009214,119.0277
2093,U,1583592682014,1583704957914,112.2759
2095,R,1583696939714,1583816953614,120.0139
2097,G,1583792933914,1583896951514,104.0176
2100,E,1583897856614,1584000923814,103.0672
2101,N,1583992932414,1584056961114,64.0287
2104,L,1584096897514,1584152692514,55.795
2106,A,1584192997214,1584240970814,47.9736
2108,N,1584296746214,1584352966214,56.22
2110,D,1584392976514,1584504965914,111.9894
2111,F,1584496703214,1584568990614,72.2874
2114,H,1584593006214,1584696752514,103.7463
2116,B,1584697603014,1584816978914,119.3759
2117,U,1584792993614,1584904974114,111.9805
2119,R,1584896962414,1585008729114,111.7667
2121,G,1584992941714,1585104982914,112.0412
2123,E,1585097027814,1585200926714,103.8989
2125,N,1585193007714,1585256936214,63.9285
2128,L,1585296931114,1585352942314,56.0112
2130,A,1585392984614,1585440949914,47.9653
2132,N,1585496982614,1585560935914,63.9533
2134,D,1585600981614,1585704940614,103.959
2135,F,1585696935214,1585768998214,72.063
2138,H,1585792981314,1585904979014,111.9977
2139,B,1585896945514,1586016973614,120.0281
2141,U,1585993002514,1586104907214,111.9047
2143,R,1586096943814,1586208977214,112.0334
2145,G,1586192987514,1586296955214,103.9677
2148,E,1586312783214,1586400984214,88.201
2149,N,1586392983114,1586456964314,63.9812
2152,L,1586496830314,1586552745314,55.915
2154,A,1586592935314,1586640938114,48.0028
2156,N,1586696720814,1586752965614,56.2448
2158,D,1586792987414,1586904972214,111.9848
2159,F,1586896739414,1586968989714,72.2503
2162,H,1586992965414,1587096807414,103.842
2164,B,1587097601914,1587208964414,111.3625
2165,U,1587192793614,1587304942114,112.1485
2167,R,1587296829714,1587408939014,112.1093
2169,G,1587392963914,1587504981214,112.0173
2171,E,1587496867514,1587601045714,104.1782
2174,N,1587602035814,1587656941514,54.9057
2176,L,1587688993414,1587744998114,56.0047
2178,A,1587792997914,1587840966514,47.9686
2180,N,1587888958914,1587960961114,72.0022
2182,D,1588000737814,1588104929714,104.1919
2183,F,1588097008014,1588168992314,71.9843
2186,H,1588192991014,1588297068914,104.0779
2188,B,1588297835514,1588416756714,118.9212
2189,U,1588392983114,1588504999114,112.016
2191,R,1588496758814,1588608981114,112.2223
2193,G,1588593001114,1588704992414,111.9913
2195,E,1588697100514,1588800984814,103.8843
2197,N,1588793061014,1588856959614,63.8986
2200,L,1588897166014,1588952993814,55.8278
2202,A,1588993018614,1589040767114,47.7485
2204,N,1589097010414,1589152774014,55.7636
2206,D,1589193086314,1589304964314,111.878
2207,F,1589296959114,1589368949914,71.9908
2210,H,1589392989614,1589497026814,104.0372
2212,B,1589498064814,1589609002714,110.9379
2213,U,1589592992414,1589704982714,111.9903
2215,R,1589697005014,1589816802914,119.7979
2217,G,1589800987214,1589904990814,104.0036
2219,E,1589897017014,1590001010114,103.9931
2221,N,1589993041914,1590056775814,63.7339
2224,L,1590097056614,1590145048614,47.992
2226,A,1590193064814,1590241001914,47.9371
2228,N,1590297008914,1590361004014,63.9951
2230,D,1590401001914,1590512965614,111.9637
2231,F,1590497021714,1590568956914,71.9352
2234,H,1590592993014,1590704988714,111.9957
2235,B,1590696985414,1590816785514,119.8001
2237,U,1590793002714,1590905002714,112.0
2239,R,1590897009914,1591009035614,112.0257
2241,G,1590992835214,1591105003414,112.1682
2243,E,1591096860414,1591200943514,104.0831
2245,N,1591193058714,1591257033714,63.975
2248,L,1591297073514,1591353006414,55.9329
2250,A,1591393088614,1591441002414,47.9138
2252,N,1591497065314,1591553069114,56.0038
2254,D,1591592819114,1591705045614,112.2265
2255,F,1591697083114,1591769028214,71.9451
2258,H,1591793078814,1591897062414,103.9836
2260,B,1591897969414,1592008803014,110.8336
2261,U,1592001013314,1592104968714,103.9554
2263,R,1592097022214,1592208984914,111.9627
2265,G,1592200931114,1592305003714,104.0726
2267,E,1592297053314,1592392993014,95.9397
2270,N,1592393465314,1592456985014,63.5197
2272,L,1592497001414,1592553026414,56.025
2274,A,1592593004014,1592640996814,47.9928
2276,N,1592697088114,1592760993014,63.9049
2278,D,1592800780914,1592905039614,104.2587
2279,F,1592897045814,1592969000614,71.9548
2282,H,1592993048014,1593105000814,111.9528
2283,B,1593097083814,1593217090314,120.0065
2285,U,1593193083914,1593304998414,111.9145
2287,R,1593297015614,1593409039414,112.0238
2289,G,1593393031614,1593505119014,112.0874
2291,E,1593497019214,1593609034014,112.0148
2293,N,1593592989914,1593657038214,64.0483
2296,L,1593697023514,1593753158814,56.1353
2298,A,1593793056214,1593841027014,47.9708
2300,N,1593897023214,1593953005414,55.9822
2302,D,1594001207914,1594105004914,103.797
2303,F,1594097050014,1594168913214,71.8632
2306,H,1594201151814,1594297057614,95.9058
2308,B,1594298026214,1594417043814,119.0176
2309,U,1594393070514,1594505057114,111.9866
2311,R,1594497078014,1594609048714,111.9707
2313,G,1594593051714,1594697026014,103.9743
2316,E,1594697974914,1594801174314,103.1994
2317,N,1594793083014,1594857011914,63.9289
2320,L,1594897018714,1594953015214,55.9965
2322,A,1594993050014,1595041038214,47.9882
2324,N,1595097035214,1595161039814,64.0046
2326,D,1595193081314,1595305020414,111.9391
2327,F,1595297128914,1595368828014,71.6991
2330,H,1595393050814,1595505110214,112.0594
2331,B,1595496859414,1595617055414,120.196
2333,U,1595593056014,1595705039314,111.9833
2335,R,1595697079114,1595808841714,111.7626
2337,G,1595792879314,1595905052914,112.1736
2339,E,1595897086214,1596001055714,103.9695
2341,N,1595993045714,1596057051314,64.0056
2344,L,1596096771314,1596152730514,55.9592
2346,A,1596193060314,1596241046714,47.9864
2348,N,1596297032214,1596352825514,55.7933
2350,D,1596401098514,1596505071214,103.9727
2351,F,1596496804914,1596569095214,72.2903
2354,H,1596593060014,1596705036714,111.9767
2355,B,1596697066014,1596817050914,119.9849
2357,U,1596793083714,1596905031214,111.9475
2359,R,1596897137814,1597017063814,119.926
2361,G,1596993090714,1597105038414,111.9477
2363,E,1597097061814,1597193056414,95.9946
2366,N,1597194035814,1597257016314,62.9805
2368,L,1597297044314,1597352986514,55.9422
2370,A,1597393044314,1597441046614,48.0023
2372,N,1597497038114,1597561028514,63.9904
2374,D,1597593034514,1597704735714,111.7012
2375,F,1597697118614,1597769078614,71.96
2378,H,1597793066414,1597904716414,111.65
2379,B,1597897056814,1598017080114,120.0233
2381,U,1597993096214,1598104836714,111.7405
2383,R,1598097068614,1598209114414,112.0458
2385,G,1598201062014,1598304947314,103.8853
2387,E,1598297090014,1598408815214,111.7252
2389,N,1598401101014,1598456861314,55.7603
2392,L,1598488963614,1598553066514,64.1029
2394,A,1598593066214,1598641077914,48.0117
2396,N,1598697152514,1598753025614,55.8731
2398,D,1598801062814,1598905017814,103.955
2399,F,1598897071314,1598969069514,71.9982
2402,H,1598993067014,1599104844514,111.7775
2403,B,1599097113514,1599216852914,119.7394
2405,U,1599193091014,1599304880914,111.7899
2407,R,1599297087114,1599409066814,111.9797
2409,G,1599393081414,1599497131614,104.0502
2412,E,1599498099514,1599593162014,95.0625
2414,N,1599594126214,1599657092014,62.9658
2416,L,1599696864314,1599753060714,56.1964
2418,A,1599793088914,1599833102014,40.0131
2420,N,1599897111914,1599953150014,56.0381
2422,D,1599993268314,1600105123514,111.8552
2423,F,1600097105614,1600169048414,71.9428
2426,H,1600193067214,1600305109914,112.0427
2427,B,1600297061514,1600417118414,120.0569
2429,U,1600400972314,1600505122814,104.1505
2431,R,1600497101914,1600609089814,111.9879
2433,G,1600601107914,1600704968314,103.8604
2435,E,1600697080114,1600801053114,103.973
2437,N,1600793108014,1600857092114,63.9841
2440,L,1600896812514,1600953089414,56.2769
2442,A,1600993103714,1601041087614,47.9839
2444,N,1601097089714,1601160980114,63.8904
2446,D,1601201114514,1601313058414,111.9439
2447,F,1601297099414,1601361109114,64.0097
2450,H,1601393119914,1601497139814,104.0199
2452,B,1601497959014,1601617070814,119.1118
2453,U,1601593082814,1601705091514,112.0087
2455,R,1601697096914,1601808871714,111.7748
2457,G,1601793134014,1601905081314,111.9473
2459,E,1601897156814,1601993163314,96.0065
2462,N,1601993951214,1602056955414,63.0042
2464,L,1602097064214,1602153088614,56.0244
2466,A,1602193082414,1602233087414,40.005
2468,N,1602296865014,1602353082514,56.2175
2470,D,1602401092914,1602505110514,104.0176
2471,F,1602497172514,1602569176214,72.0037
2474,H,1602601099014,1602697178514,96.0795
2476,B,1602698135714,1602817105914,118.9702
2477,U,1602792910314,1602905077714,112.1674
2479,R,1602897078814,1603017090814,120.012
2481,G,1602993123014,1603104830614,111.7076
2483,E,1603097088314,1603193148914,96.0606
2486,N,1603194160514,1603257239314,63.0788
2488,L,1603297119414,1603353108914,55.9895
2490,A,1603393126714,1603441136714,48.01
2492,N,1603497172014,1603553116414,55.9444
2494,D,1603593093714,1603705123914,112.0302
2495,F,1603697142414,1603769154314,72.0119
2498,H,1603793108214,1603905076714,111.9685
2499,B,1603897176014,1604017119614,119.9436
2501,U,1603993081414,1604105126014,112.0446
2503,R,1604097106714,1604208939714,111.833
2505,G,1604193079314,1604305125814,112.0465
2507,E,1604297102014,1604393126914,96.0249
2510,N,1604394005614,1604457175314,63.1697
2512,L,1604497131614,1604553191114,56.0595
2514,A,1604593106114,1604641132514,48.0264
2516,N,1604697121414,1604753095114,55.9737
2518,D,1604801132514,1604904883614,103.7511
2519,F,1604897144714,1604969172214,72.0275
2522,H,1604992891014,1605105347314,112.4563
2523,B,1605097104214,1605217160414,120.0562
2525,U,1605192910414,1605305110314,112.1999
2527,R,1605297172814,1605417171114,119.9983
2529,G,1605392956014,1605505172914,112.2169
2531,E,1605497154314,1605601070714,103.9164
2533,N,1605592875514,1605657055314,64.1798
2536,L,1605697142614,1605753098014,55.9554
2538,A,1605792943014,1605833175714,40.2327
2540,N,1605897121414,1605953129314,56.0079
2542,D,1605992906314,1606105090514,112.1842
2543,F,1606097139714,1606169346314,72.2066
2546,H,1606192993814,1606297185514,104.1917
2548,B,1606297990714,1606417143614,119.1529
2549,U,1606393168914,1606505138214,111.9693
2551,R,1606497201314,1606617173514,119.9722
2553,G,1606601152514,1606705141014,103.9885
2555,E,1606697118314,1606801168914,104.0506
2558,N,1606802060414,1606849196314,47.1359
2560,L,1606897163414,1606953164514,56.0011
2562,A,1606992914514,1607041121014,48.2065
2564,N,1607097105714,1607153107114,56.0014
2566,D,1607201122014,1607313092114,111.9701
2567,F,1607297122614,1607376828814,79.7062
2570,H,1607393171314,1607505145614,111.9743
2571,B,1607497150014,1607617134914,119.9849
2573,U,1607593221514,1607705106614,111.8851
2575,R,1607696886714,1607809095914,112.2092
2577,G,1607793130514,1607905071214,111.9407
2579,E,1607897107914,1607993148714,96.0408
2582,N,1607994085314,1608056919514,62.8342
2584,L,1608097134314,1608153150414,56.0161
2586,A,1608193185414,1608233167314,39.9819
2588,N,1608297126114,1608353120814,55.9947
2590,D,1608393191014,1608505112614,111.9216
2591,F,1608497141114,1608569157014,72.0159
2594,H,1608601162014,1608705150514,103.9885
2595,B,1608697206914,1608809160814,111.9539
2597,U,1608801156614,1608905158314,104.0017
2599,R,1608897159214,1609017172014,120.0128
2601,G,1609001151214,1609105057714,103.9065
2603,E,1609097124714,1609193263514,96.1388
2606,N,1609194146214,1609257171114,63.0249
2608,L,1609297227614,1609353146714,55.9191
2610,A,1609393168414,1609441174814,48.0064
2612,N,1609497127814,1609553161314,56.0335
2614,D,1609593162414,1609705160614,111.9982
2615,F,1609697118314,1609769199114,72.0808
2618,H,1609793151314,1609897184014,104.0327
2620,B,1609898218414,1610017190414,118.972
2621,U,1609993223714,1610105174814,111.9511
2623,R,1610097157514,1610208940414,111.7829
2625,G,1610193161114,1610305140214,111.9791
2627,E,1610297148314,1610401158414,104.0101
2629,N,1610393177614,1610457188314,64.0107
2632,L,1610497150714,1610552917114,55.7664
2634,A,1610601219514,1610641190914,39.9714
2636,N,1610696925714,1610745181014,48.2553
2638,D,1610801169714,1610905165714,103.996
2639,F,1610896985714,1610961148114,64.1624
2642,H,1610993170214,1611104958814,111.7886
2643,B,1611097006414,1611217145014,120.1386
2645,U,1611193125614,1611305188914,112.0633
2647,R,1611296987914,1611417193014,120.2051
2649,G,1611393162814,1611513279614,120.1168
2651,E,1611497030914,1611593247814,96.2169
2654,N,1611594263014,1611657183414,62.9204
2656,L,1611697062214,1611753239014,56.1768
2658,A,1611793303614,1611833155614,39.852
2660,N,1611896921114,1611961310014,64.3889
2662,D,1611993200714,1612113279014,120.0783
2663,F,1612097180314,1612169439014,72.2587
2666,H,1612193135214,1612297208014,104.0728
2668,B,1612298026914,1612417155614,119.1287
2669,U,1612393160914,1612505218514,112.0576
2671,R,1612497127514,1612609150614,112.0231
2673,G,1612601170614,1612705241614,104.071
2675,E,1612697354014,1612801206214,103.8522
2678,N,1612802218914,1612849162214,46.9433
2680,L,1612889250614,1612953196514,63.9459
2682,A,1612993190114,1613041201914,48.0118
2684,N,1613097320714,1613153170814,55.8501
2686,D,1613201227014,1613305163814,103.9368
2687,F,1613297251014,1613369184114,71.9331
2690,H,1613393226514,1613505196914,111.9704
2691,B,1613497189914,1613616973514,119.7836
2693,U,1613593197814,1613705186514,111.9887
2695,R,1613697192114,1613816879614,119.6875
2697,G,1613793162914,1613905151114,111.9882
2699,E,1613897186714,1614008950914,111.7642
2701,N,1613993232514,1614057057914,63.8254
2704,L,1614097203514,1614153273114,56.0696
2706,A,1614193201814,1614233003714,39.8019
2708,N,1614297238014,1614353192714,55.9547
2710,D,1614393223614,1614505196414,111.9728
2711,F,1614497213014,1614569179214,71.9662
2714,H,1614593228014,1614705125614,111.8976
2715,B,1614697246414,1614817050114,119.8037
2717,U,1614801061414,1614905173014,104.1116
2719,R,1614897234514,1615009296814,112.0623
2721,G,1615001174614,1615105204614,104.03
2723,E,1615097218514,1615193215714,95.9972
2726,N,1615194115814,1615257199214,63.0834
2728,L,1615296969514,1615353170814,56.2013
2730,A,1615393227914,1615441200714,47.9728
2732,N,1615497296714,1615553200814,55.9041
2734,D,1615601183714,1615713237914,112.0542
2735,F,1615697252514,1615769210014,71.9575
2738,H,1615793237214,1615897236514,103.9993
2740,B,1615898210914,1616016988114,118.7772
2741,U,1615993259714,1616104927614,111.6679
2743,R,1616097208914,1616209251414,112.0425
2745,G,1616193251014,1616305250614,111.9996
2747,E,1616297198614,1616393217214,96.0186
2750,N,1616393786514,1616465012914,71.2264
2752,L,1616497221014,1616553254714,56.0337
2754,A,1616593215114,1616633403014,40.1879
2756,N,1616697215614,1616753202314,55.9867
2758,D,1616800939314,1616905229714,104.2904
2759,F,1616897249114,1616969218914,71.9698
2762,H,1617001012614,1617105162914,104.1503
2763,B,1617097276614,1617217251314,119.9747
2765,U,1617193199814,1617305247214,112.0474
2767,R,1617297207114,1617409210814,112.0037
2769,G,1617393308014,1617504945514,111.6375
2771,E,1617497227214,1617593094714,95.8675
2774,N,1617593703114,1617657084514,63.3814
2776,L,1617696844614,1617752753714,55.9091
2778,A,1617792742314,1617840981114,48.2388
2780,N,1617896752814,1617960830114,64.0773
2782,D,1617992745814,1618112827914,120.0821
2783,F,1618096940414,1618168933414,71.993
2786,H,1618192773814,1618296756914,103.9831
2788,B,1618296984314,1618424783514,127.7992
2789,U,1618392786514,1618504759014,111.9725
2791,R,1618496797714,1618608754014,111.9563
2793,G,1618592755414,1618705323114,112.5677
2795,E,1618697262014,1618793269114,96.0071
2798,N,1618801343914,1618857217114,55.8732
2800,L,1618889213214,1618953226714,64.0135
2802,A,1618993219414,1619041211514,47.9921
2804,N,1619097022414,1619153218214,56.1958
2806,D,1619201228014,1619305297714,104.0697
2807,F,1619297237014,1619369112114,71.8751
2810,H,1619393238114,1619513269114,120.031
2811,B,1619497240414,1619617268014,120.0276
2813,U,1619593267014,1619713213614,119.9466
2815,R,1619697289614,1619817242914,119.9533
2817,G,1619793278414,1619905183114,111.9047
2819,E,1619897284914,1620008992014,111.7071
2821,N,1619993254914,1620057293514,64.0386
2824,L,1620097244214,1620153127014,55.8828
2826,A,1620193248614,1620241277314,48.0287
2828,N,1620297267514,1620361192914,63.9254
2830,D,1620393268714,1620505219214,111.9505
2831,F,1620497274114,1620569291714,72.0176
2834,H,1620593217414,1620705222514,112.0051
2835,B,1620697236114,1620809220214,111.9841
2837,U,1620801231614,1620904940214,103.7086
2839,R,1620897265514,1621009028414,111.7629
2841,G,1621001286514,1621105236714,103.9502
2843,E,1621097267314,1621193286414,96.0191
2846,N,1621194187314,1621257276914,63.0896
2848,L,1621297249314,1621353283814,56.0345
2850,A,1621393278114,1621441235914,47.9578
2852,N,1621497263114,1621553336114,56.073
2854,D,1621601300014,1621705007314,103.7073
2855,F,1621697054714,1621769302414,72.2477
2858,H,1621793254214,1621897320014,104.0658
2860,B,1621898331214,1622017239714,118.9085
2861,U,1621993236814,1622105128014,111.8912
2863,R,1622097263314,1622209110814,111.8475
2865,G,1622193065814,1622305058614,111.9928
2867,E,1622297294614,1622393247414,95.9528
2870,N,1622394244314,1622465257814,71.0135
2872,L,1622497294514,1622553274614,55.9801
2874,A,1622593277114,1622633276014,39.9989
2876,N,1622697310014,1622753283514,55.9735
2878,D,1622793273114,1622905000814,111.7277
2879,F,1622897274314,1622969285914,72.0116
2882,H,1623001253014,1623097283614,96.0306
2884,B,1623098232314,1623217292514,119.0602
2885,U,1623201305114,1623305134914,103.8298
2887,R,1623297136414,1623417292914,120.1565
2889,G,1623393243714,1623505030014,111.7863
2891,E,1623497244414,1623601290314,104.0459
2893,N,1623593298114,1623657026714,63.7286
2896,L,1623697304314,1623753370114,56.0658
2898,A,1623793275014,1623841026314,47.7513
2900,N,1623897305714,1623953310114,56.0044
2902,D,1623993290314,1624105188614,111.8983
2903,F,1624097343314,1624169262414,71.9191
2906,H,1624193269514,1624305352714,112.0832
2907,B,1624297297314,1624417491414,120.1941
2909,U,1624393294014,1624505335814,112.0418
2911,R,1624497273314,1624617304114,120.0308
2913,G,1624593308614,1624705339914,112.0313
2915,E,1624697284214,1624793260514,95.9763
2918,N,1624801269414,1624865271314,64.0019
2920,L,1624897271514,1624953268814,55.9973
2922,A,1625001348014,1625041202614,39.8546
2924,N,1625097297014,1625161280714,63.9837
2926,D,1625201291814,1625305241614,103.9498
2927,F,1625297326614,1625369280814,71.9542
2930,H,1625393279914,1625505264614,111.9847
2931,B,1625497329314,1625617272014,119.9427
2933,U,1625593308214,1625705296014,111.9878
2935,R,1625697307114,1625809257414,111.9503
2937,G,1625793299714,1625904996514,111.6968
2939,E,1625897367914,1626001064014,103.6961
2941,N,1625993322414,1626057026214,63.7038
2944,L,1626097179214,1626152897214,55.718
2946,A,1626193224914,1626241182214,47.9573
2948,N,1626297282714,1626361304714,64.022
2950,D,1626393046714,1626505294614,112.2479
2951,F,1626497302814,1626569350914,72.0481
2954,H,1626593319014,1626705234014,111.915
2955,B,1626697300514,1626817313414,120.0129
2957,U,1626793320614,1626905279914,111.9593
2959,R,1626897268114,1627009105814,111.8377
2961,G,1627001308114,1627105311414,104.0033
2963,E,1627097326014,1627201339814,104.0138
2966,N,1627202493814,1627257467214,54.9734
2968,L,1627289270714,1627353294414,64.0237
2970,A,1627393305414,1627441181514,47.8761
2972,N,1627497275214,1627553288714,56.0135
2974,D,1627601295314,1627713284514,111.9892
2975,F,1627697318514,1627769127614,71.8091
2978,H,1627793122514,1627913040814,119.9183
2979,B,1627896997814,1628017250014,120.2522
2981,U,1627993261414,1628105030814,111.7694
2983,R,1628097294314,1628217340614,120.0463
2985,G,1628193321914,1628305305314,111.9834
2987,E,1628297386014,1628393334214,95.9482
2990,N,1628394206214,1628457328414,63.1222
2992,L,1628497312314,1628553322314,56.01
2994,A,1628593300214,1628641402114,48.1019
2996,N,1628697355414,1628753027814,55.6724
2998,D,1628793327514,1628905303314,111.9758
2999,F,1628897308314,1628969299214,71.9909
3002,H,1629001358414,1629097324714,95.9663
3004,B,1629097938814,1629217348514,119.4097
3005,U,1629201361414,1629305290714,103.9293
3007,R,1629297345314,1629417338714,119.9934
3009,G,1629401349214,1629505381314,104.0321
3011,E,1629497340414,1629601269214,103.9288
3013,N,1629593093314,1629657329514,64.2362
3016,L,1629697319514,1629753296814,55.9773
3018,A,1629793126214,1629841338514,48.2123
3020,N,1629897308714,1629961316914,64.0082
3022,D,1630001332814,1630105361214,104.0284
3023,F,1630097327714,1630169312314,71.9846
3026,H,1630193130714,1630305279814,112.1491
3027,B,1630297335714,1630417342114,120.0064
3029,U,1630393210914,1630505460014,112.2491
3031,R,1630497364014,1630609068014,111.704
3033,G,1630593323714,1630705105514,111.7818
3035,E,1630697307314,1630793363814,96.0565
3038,N,1630794369814,1630857314514,62.9447
3040,L,1630897351214,1630953321114,55.9699
3042,A,1631001429614,1631041338814,39.9092
3044,N,1631097315914,1631161082814,63.7669
3046,D,1631201095714,1631305371414,104.2757
3047,F,1631297355914,1631369328814,71.9729
3050,H,1631393467614,1631497123314,103.6557
3052,B,1631498127114,1631617292814,119.1657
3053,U,1631593485014,1631705026214,111.5412
3055,R,1631697314814,1631817397114,120.0823
3057,G,1631793386514,1631905297314,111.9108
3059,E,1631897329914,1632001315014,103.9851
3061,N,1631993392214,1632057354514,63.9623
3064,L,1632097256614,1632153451614,56.195
3066,A,1632193324014,1632241383914,48.0599
3068,N,1632297408314,1632361187614,63.7793
3070,D,1632393341414,1632505438714,112.0973
3071,F,1632497325014,1632569355114,72.0301
3074,H,1632593350614,1632705363114,112.0125
3075,B,1632697178314,1632825352914,128.1746
3077,U,1632793384714,1632905139514,111.7548
3079,R,1632897321814,1633009347114,112.0253
3081,G,1633001335014,1633105393514,104.0585
3083,E,1633097422814,1633209343514,111.9207
3085,N,1633201372714,1633257335314,55.9626
3088,L,1633289370514,1633353396314,64.0258
3090,A,1633393408314,1633441335814,47.9275
3092,N,1633497383514,1633561380414,63.9969
3094,D,1633601391214,1633705367414,103.9762
3095,F,1633697351514,1633769362814,72.0113
3098,H,1633793373114,1633905430614,112.0575
3099,B,1633897342114,1634017381314,120.0392
3101,U,1633993400314,1634105312614,111.9123
3103,R,1634097393114,1634209363314,111.9702
3105,G,1634193336514,1634305057614,111.7211
3107,E,1634297338714,1634409370214,112.0315
3109,N,1634393333314,1634457339514,64.0062
3112,L,1634497361614,1634553351714,55.9901
3114,A,1634593154014,1634641249614,48.0956
3116,N,1634697416214,1634753360014,55.9438
3118,D,1634793398714,1634905404014,112.0053
3119,F,1634897156114,1634969376914,72.2208
3122,H,1635001413214,1635105392614,103.9794
3123,B,1635097121414,1635225362114,128.2407
3125,U,1635201416614,1635305377814,103.9612
3127,R,1635297108114,1635417367714,120.2596
3129,G,1635401185014,1635505383814,104.1988
3131,E,1635497215614,1635601352314,104.1367
3133,N,1635593387914,1635657385714,63.9978
3136,L,1635697129414,1635753439914,56.3105
3138,A,1635793351714,1635841384814,48.0331
3140,N,1635897177514,1635961383614,64.2061
3142,D,1636001405214,1636105346214,103.941
3143,F,1636097108814,1636169401014,72.2922
3146,H,1636193512714,1636305412514,111.8998
3147,B,1636297257514,1636417392514,120.135
3149,U,1636393437314,1636505412714,111.9754
3151,R,1636497354514,1636609389314,112.0348
3153,G,1636593430814,1636705447414,112.0166
3155,E,1636697537514,1636793438514,95.901
3158,N,1636794453114,1636857383814,62.9307
3160,L,1636897562514,1636953387814,55.8253
3162,A,1637001360914,1637041370514,40.0096
3164,N,1637097477214,1637153394914,55.9177
3166,D,1637201363214,1637305357114,103.9939
3167,F,1637297511714,1637361127214,63.6155
3170,H,1637401356814,1637497410814,96.054
3172,B,1637505371114,1637617194814,111.8237
3173,U,1637593439314,1637705176414,111.7371
3175,R,1637697409614,1637817175114,119.7655
3177,G,1637793414114,1637905401014,111.9869
3179,E,1637897468314,1638001486514,104.0182
3181,N,1637993405214,1638057449614,64.0444
3184,L,1638097378714,1638153400714,56.022
3186,A,1638193387114,1638241438714,48.0516
3188,N,1638297383614,1638369379214,71.9956
3190,D,1638393382714,1638505398214,112.0155
3191,F,1638497136114,1638569393314,72.2572
3194,H,1638593401014,1638705414514,112.0135
3195,B,1638697440814,1638817302914,119.8621
3197,U,1638793516614,1638905420614,111.904
3199,R,1638897402014,1639009152114,111.7501
3201,G,1639001391614,1639105330414,103.9388
3203,E,1639097412614,1639209388014,111.9754
3205,N,1639201229314,1639249283714,48.0544
3208,L,1639289442514,1639353463714,64.0212
3210,A,1639393454914,1639441410714,47.9558
3212,N,1639497475814,1639553465714,55.9899
3214,D,1639601417614,1639705402014,103.9844
3215,F,1639697381114,1639769395614,72.0145
3218,H,1639793415614,1639897397314,103.9817
3220,B,1639898159114,1640017310414,119.1513
3221,U,1639993170414,1640105424414,112.254
3223,R,1640097464914,1640209181014,111.7161
3225,G,1640193486114,1640305494714,112.0086
3227,E,1640297392014,1640393457914,96.0659
3230,N,1640394381414,1640457489214,63.1078
3232,L,1640497392114,1640553403014,56.0109
3234,A,1640593457314,1640641476514,48.0192
3236,N,1640697436614,1640761405214,63.9686
3238,D,1640793423914,1640905444014,112.0201
3239,F,1640897430914,1640969438414,72.0075
3242,H,1640993422314,1641105256014,111.8337
3243,B,1641097210514,1641217282514,120.072
3245,U,1641201093514,1641305400614,104.3071
3247,R,1641297256114,1641417565014,120.3089
3249,G,1641401306714,1641505429014,104.1223
3251,E,1641497458214,1641601227614,103.7694
3253,N,1641593410914,1641657409814,63.9989
3256,L,1641697496214,1641753424514,55.9283
3258,A,1641793459414,1641841409614,47.9502
3260,N,1641897420914,1641953188614,55.7677
3262,D,1642001321214,1642113504714,112.1835
3263,F,1642097420914,1642161438514,64.0176
3266,H,1642193467714,1642305400714,111.933
3267,B,1642297401614,1642417156014,119.7544
3269,U,1642393416514,1642505354314,111.9378
3271,R,1642497420914,1642617453414,120.0325
3273,G,1642593413314,1642705268114,111.8548
3275,E,1642697485114,1642793411814,95.9267
3278,N,1642794013914,1642865455314,71.4414
3280,L,1642897474914,1642953422214,55.9473
3282,A,1643001515414,1643041469814,39.9544
3284,N,1643097454014,1643161429314,63.9753
3286,D,1643201543114,1643305454414,103.9113
3287,F,1643297449214,1643369214514,71.7653
3290,H,1643401475814,1643505487214,104.0114
3291,B,1643497452614,1643617435714,119.9831
3293,U,1643593454814,1643713432614,119.9778
3295,R,1643697451114,1643817419714,119.9686
3297,G,1643793449014,1643913388414,119.9394
3299,E,1643897196114,1644001415814,104.2197
3301,N,1643993417414,1644057236414,63.819
3304,L,1644097493614,1644153225314,55.7317
3306,A,1644193516514,1644249476814,55.9603
3308,N,1644297476714,1644361318414,63.8417
3310,D,1644393174914,1644505440414,112.2655
3311,F,1644497495014,1644569531614,72.0366
3314,H,1644593456714,1644705227614,111.7709
3315,B,1644697510314,1644817461914,119.9516
3317,U,1644793489014,1644905454514,111.9655
3319,R,1644897474314,1645009109814,111.6355
3321,G,1645001559214,1645105238114,103.6789
3323,E,1645097166814,1645201460914,104.2941
3326,N,1645202338614,1645249439014,47.1004
3328,L,1645289446614,1645353567214,64.1206
3330,A,1645393460214,1645441479414,48.0192
3332,N,1645497186314,1645561442714,64.2564
3334,D,1645601586314,1645705428114,103.8418
3335,F,1645697509714,1645769478414,71.9687
3338,H,1645793487614,1645897515914,104.0283
3340,B,1645898260114,1646017429814,119.1697
3341,U,1645993461314,1646105171814,111.7105
3343,R,1646097488014,1646209497714,112.0097
3345,G,1646193473114,1646305189614,111.7165
3347,E,1646297483714,1646409477114,111.9934
3349,N,1646393498314,1646457460614,63.9623
3352,L,1646497442514,1646553478314,56.0358
3354,A,1646593469014,1646633287214,39.8182
3356,N,1646697495214,1646753499214,56.004
3358,D,1646793481014,1646905269714,111.7887
3359,F,1646897496914,1646969492714,71.9958
3362,H,1647001483314,1647105262614,103.7793
3363,B,1647097475214,1647217482214,120.007
3365,U,1647201506014,1647305278614,103.7726
3367,R,1647297471314,1647417463014,119.9917
3369,G,1647401444414,1647505202614,103.7582
3371,E,1647497446614,1647601525614,104.079
3373,N,1647593468814,1647657521414,64.0526
3376,L,1647697487614,1647753524314,56.0367
3378,A,1647793486914,1647841450314,47.9634
3380,N,1647897445714,1647953458014,56.0123
3382,D,1648001470314,1648113336014,111.8657
3383,F,1648097373614,1648169499714,72.1261
3386,H,1648193478214,1648297573714,104.0955
3388,B,1648298372614,1648417508914,119.1363
3389,U,1648393546414,1648505126314,111.5799
3391,R,1648497534914,1648617464014,119.9291
3393,G,1648593233514,1648705680014,112.4465
3395,E,1648697569514,1648809516614,111.9471
3397,N,1648793510714,1648857482314,63.9716
3400,L,1648897523714,1648953455214,55.9315
3402,A,1649001495014,1649041226714,39.7317
3404,N,1649097478714,1649153479614,56.0009
3406,D,1649201467714,1649305469514,104.0018
3407,F,1649297470614,1649369497714,72.0271
3410,H,1649401202814,1649505464014,104.2612
3411,B,1649497486714,1649617510514,120.0238
3413,U,1649593494914,1649705505014,112.0101
3415,R,1649697486814,1649817509014,120.0222
3417,G,1649793517114,1649905547814,112.0307
3419,E,1649897502014,1649993529314,96.0273
3422,N,1649994542714,1650057324214,62.7815
3424,L,1650097492714,1650153488314,55.9956
3426,A,1650193507314,1650241484014,47.9767
3428,N,1650297529014,1650361500914,63.9719
3430,D,1650393526714,1650505432514,111.9058
3431,F,1650497525314,1650561486014,63.9607
3434,H,1650593484114,1650697491114,104.007
3436,B,1650698080614,1650817517614,119.437
3437,U,1650793488414,1650905194914,111.7065
3439,R,1650897657014,1651017551314,119.8943
3441,G,1651001527814,1651105202914,103.6751
3443,E,1651097485114,1651201523014,104.0379
3446,N,1651202438814,1651249561314,47.1225
3448,L,1651297219514,1651353168914,55.9494
3450,A,1651393298114,1651441264814,47.9667
3452,N,1651497516114,1651545531614,48.0155
3454,D,1651601494314,1651705502514,104.0082
3455,F,1651697525514,1651769498014,71.9725
3458,H,1651793344814,1651913485014,120.1402
3459,B,1651897533514,1652017463014,119.9295
3461,U,1651993290214,1652113281814,119.9916
3463,R,1652097485414,1652209417014,111.9316
3465,G,1652193513814,1652305468414,111.9546
3467,E,1652297604314,1652401526214,103.9219
3469,N,1652393270714,1652457482914,64.2122
3472,L,1652497487014,1652553490014,56.003
3474,A,1652593495614,1652633540614,40.045
3476,N,1652697547114,1652753575514,56.0284
3478,D,1652793550714,1652913555514,120.0048
3479,F,1652897618414,1652969342414,71.724
3482,H,1652993521814,1653097568614,104.0468
3484,B,1653098374014,1653217554914,119.1809
3485,U,1653201529114,1653305494514,103.9654
3487,R,1653297236614,1653409332814,112.0962
3489,G,1653401504314,1653505479114,103.9748
3491,E,1653497493914,1653601299314,103.8054
3494,N,1653602224514,1653657327114,55.1026
3496,L,1653697544114,1653761320014,63.7759
3498,A,1653793330414,1653841550614,48.2202
3500,N,1653897516614,1653953539014,56.0224
3502,D,1654001564314,1654113469714,111.9054
3503,F,1654097515614,1654169542214,72.0266
3506,H,1654193431114,1654305543014,112.1119
3507,B,1654297542414,1654417520014,119.9776
3509,U,1654393405314,1654505542114,112.1368
3511,R,1654497564414,1654609757614,112.1932
3513,G,1654593316314,1654705511614,112.1953
3515,E,1654697508114,1654793513714,96.0056
3518,N,1654794417614,1654857499914,63.0823
3520,L,1654897531214,1654953602414,56.0712
3522,A,1654993651414,1655033559014,39.9076
3524,N,1655097561014,1655153526014,55.965
3526,D,1655201530314,1655305506314,103.976
3527,F,1655297577514,1655369566914,71.9894
3530,H,1655401522814,1655497541014,96.0182
3532,B,1655498410214,1655617512314,119.1021
3533,U,1655601555114,1655705386714,103.8316
3535,R,1655697749314,1655817558414,119.8091
3537,G,1655793660014,1655905547314,111.8873
3539,E,1655897624914,1655993577014,95.9521
3542,N,1655994257914,1656057583314,63.3254
3544,L,1656097297214,1656153495914,56.1987
3546,A,1656193504114,1656241539214,48.0351
3548,N,1656297544914,1656353535314,55.9904
3550,D,1656393406114,1656505523014,112.1169
3551,F,1656497546114,1656569585914,72.0398
3554,H,1656593583214,1656697614614,104.0314
3556,B,1656698450914,1656817641014,119.1901
3557,U,1656793609614,1656905628214,112.0186
3559,R,1656897617914,1657009319014,111.7011
3561,G,1656993650314,1657105627214,111.9769
3563,E,1657097527214,1657209692614,112.1654
3565,N,1657201596114,1657257666814,56.0707
3568,L,1657297573114,1657361645314,64.0722
3570,A,1657393589914,1657441608214,48.0183
3572,N,1657497601714,1657545367614,47.7659
3574,D,1657601563514,1657705528214,103.9647
3575,F,1657697558814,1657777273314,79.7145
3578,H,1657793553914,1657905566214,112.0123
3579,B,1657897540914,1658017571214,120.0303
3581,U,1657993429914,1658105517514,112.0876
3583,R,1658097543514,1658209603614,112.0601
3585,G,1658193573814,1658305649614,112.0758
3587,E,1658297595614,1658393636414,96.0408
3590,N,1658409616114,1658457593414,47.9773
3592,L,1658497548214,1658553554714,56.0065
3594,A,1658593590814,1658633577314,39.9865
3596,N,1658697532814,1658753558714,56.0259
3598,D,1658793579114,1658905534314,111.9552
3599,F,1658897561114,1658969557414,71.9963
3602,H,1658993569814,1659097621114,104.0513
3604,B,1659098500314,1659217567714,119.0674
3605,U,1659201611114,1659305555214,103.9441
3607,R,1659297344714,1659409585214,112.2405
3609,G,1659401614914,1659505387714,103.7728
3611,E,1659497430914,1659593548814,96.1179
3614,N,1659601568514,1659649536614,47.9681
3616,L,1659697363514,1659761579914,64.2164
3618,A,1659793601614,1659841604514,48.0029
3620,N,1659897493614,1659953358114,55.8645
3622,D,1660001598214,1660113656014,112.0578
3623,F,1660097452314,1660169557914,72.1056
3626,H,1660193575014,1660305553114,111.9781
3627,B,1660297300514,1660417684314,120.3838
3629,U,1660393554814,1660505280914,111.7261
3631,R,1660497504814,1660609556114,112.0513
3633,G,1660593584314,1660705591614,112.0073
3635,E,1660697547514,1660801555914,104.0084
3637,N,1660793391814,1660857572514,64.1807
3640,L,1660897683114,1660953629414,55.9463
3642,A,1660993632214,1661033376114,39.7439
3644,N,1661097682514,1661153570414,55.8879
3646,D,1661201551614,1661305604314,104.0527
3647,F,1661297675714,1661369600714,71.925
3650,H,1661401645214,1661497545314,95.9001
3652,B,1661498632614,1661617358914,118.7263
3653,U,1661601603114,1661705529514,103.9264
3655,R,1661697738214,1661817419414,119.6812
3657,G,1661801621114,1661905599514,103.9784
3659,E,1661897717114,1662001577114,103.86
3661,N,1661993616914,1662057361714,63.7448
3664,L,1662097632314,1662153640914,56.0086
3666,A,1662193665514,1662241440714,47.7752
3668,N,1662297576314,1662353537814,55.9615
3670,D,1662393598414,1662505536114,111.9377
3671,F,1662497661814,1662569483514,71.8217
3674,H,1662593616414,1662697643214,104.0268
3676,B,1662698273714,1662817366914,119.0932
3677,U,1662793630014,1662905573814,111.9438
3679,R,1662897571414,1663017712414,120.141
3681,G,1662993581614,1663105551814,111.9702
3683,E,1663097439614,1663209616014,112.1764
3685,N,1663201599114,1663257604014,56.0049
3688,L,1663297310114,1663353572614,56.2625
3690,A,1663401567314,1663441589714,40.0224
3692,N,1663497617814,1663545631814,48.014
3694,D,1663601572414,1663705636614,104.0642
3695,F,1663697649014,1663777364714,79.7157
3698,H,1663793632014,1663905457014,111.825
3699,B,1663897640214,1664017400014,119.7598
3701,U,1663993600414,1664105564114,111.9637
3703,R,1664097651614,1664217486814,119.8352
3705,G,1664193624114,1664305579314,111.9552
3707,E,1664297580114,1664393594914,96.0148
3710,N,1664394253614,1664457643414,63.3898
3712,L,1664497654214,1664553592114,55.9379
3714,A,1664593623614,1664633571514,39.9479
3716,N,1664697650314,1664753585314,55.935
3718,D,1664793626214,1664913617014,119.9908
3719,F,1664897646014,1664969708714,72.0627
3722,H,1664993549114,1665089649614,96.1005
3724,B,1665097692114,1665209592114,111.9
3725,U,1665201398514,1665305675514,104.277
3727,R,1665297638114,1665409589814,111.9517
3729,G,1665401394814,1665505688314,104.2935
3731,E,1665497627914,1665609598414,111.9705
3733,N,1665601371914,1665657603414,56.2315
3736,L,1665697575314,1665753627914,56.0526
3738,A,1665793607514,1665841605914,47.9984
3740,N,1665897653914,1665945631814,47.9779
3742,D,1666001530914,1666113712414,112.1815
3743,F,1666097603714,1666177353814,79.7501
3746,H,1666193696114,1666305648914,111.9528
3747,B,1666297653214,1666417715114,120.0619
3749,U,1666393629114,1666505410514,111.7814
3751,R,1666497644114,1666617630514,119.9864
3753,G,1666593730614,1666705639914,111.9093
3755,E,1666697705014,1666801716114,104.0111
3757,N,1666793623614,1666857648314,64.0247
3760,L,1666897669714,1666953331514,55.6618
3762,A,1666993628614,1667033612314,39.9837
3764,N,1667097746214,1667153593014,55.8468
3766,D,1667193618314,1667305615314,111.997
3767,F,1667297529314,1667369378814,71.8495
3770,H,1667401745114,1667497687914,95.9428
3772,B,1667498605714,1667617642214,119.0365
3773,U,1667601642814,1667705606314,103.9635
3775,R,1667697681914,1667817702914,120.021
3777,G,1667801652014,1667905496014,103.844
3779,E,1667897654614,1668001607714,103.9531
3781,N,1667993699814,1668057689814,63.99
3784,L,1668097694814,1668153421914,55.7271
3786,A,1668193679714,1668241624914,47.9452
3788,N,1668297693614,1668353416614,55.723
3790,D,1668401620014,1668513616214,111.9962
3791,F,1668497604614,1668569720514,72.1159
3794,H,1668593641714,1668697686314,104.0446
3796,B,1668698636414,1668817670114,119.0337
3797,U,1668793670214,1668905666314,111.9961
3799,R,1668897451214,1669009438914,111.9877
3801,G,1668993650814,1669105607614,111.9568
3803,E,1669097694714,1669201621614,103.9269
3805,N,1669193705414,1669257684814,63.9794
3808,L,1669297660814,1669361420314,63.7595
3810,A,1669401694414,1669441677614,39.9832
3812,N,1669497681214,1669553696314,56.0151
3814,D,1669601677514,1669705415314,103.7378
3815,F,1669697661214,1669777405514,79.7443
3818,H,1669801646014,1669897686714,96.0407
3820,B,1669898511414,1670017641914,119.1305
3821,U,1669993789014,1670105614214,111.8252
3823,R,1670097692014,1670217723414,120.0314
3825,G,1670193681014,1670305628014,111.947
3827,E,1670297675514,1670393720814,96.0453
3830,N,1670394551814,1670457660714,63.1089
3832,L,1670497455714,1670553745014,56.2893
3834,A,1670593670714,1670641659514,47.9888
3836,N,1670697692114,1670761621014,63.9289
3838,D,1670793681614,1670905383314,111.7017
3839,F,1670897686214,1670969619314,71.9331
3842,H,1670993442214,1671097423214,103.981
3844,B,1671098558814,1671217400614,118.8418
3845,U,1671193670314,1671305387014,111.7167
3847,R,1671297715314,1671417666614,119.9513
3849,G,1671401681814,1671505423614,103.7418
3851,E,1671497688714,1671601795714,104.107
3854,N,1671602736214,1671649676914,46.9407
3856,L,1671697689014,1671753696714,56.0077
3858,A,1671793700614,1671841693514,47.9929
3860,N,1671897668914,1671945657614,47.9887
3862,D,1672001724414,1672105366514,103.6421
3863,F,1672097629614,1672169721114,72.0915
3866,H,1672193716214,1672305355814,111.6396
3867,B,1672297703814,1672417616514,119.9127
3869,U,1672393681714,1672505672514,111.9908
3871,R,1672497668114,1672609659314,111.9912
3873,G,1672593677614,1672705772114,112.0945
3875,E,1672697703214,1672801650514,103.9473
3877,N,1672793721314,1672857670914,63.9496
3880,L,1672897682214,1672953670014,55.9878
3882,A,1672993700714,1673033708614,40.0079
3884,N,1673097683514,1673161721814,64.0383
3886,D,1673193709614,1673305701714,111.9921
3887,F,1673297670714,1673361696414,64.0257
3890,H,1673401729114,1673505396914,103.6678
3891,B,1673497714214,1673617449914,119.7357
3893,U,1673601656414,1673705698214,104.0418
3895,R,1673697747514,1673817675214,119.9277
3897,G,1673801689614,1673905634914,103.9453
3899,E,1673897683914,1674001636214,103.9523
3901,N,1673993700714,1674057685014,63.9843
3904,L,1674097664814,1674153725514,56.0607
3906,A,1674193715214,1674241663214,47.948
3908,N,1674297705614,1674361699114,63.9935
3910,D,1674401760214,1674513666114,111.9059
3911,F,1674497689914,1674561689414,63.9995
3914,H,1674593716014,1674705669514,111.9535
3915,B,1674697774114,1674817673614,119.8995
3917,U,1674793739014,1674905717914,111.9789
3919,R,1674897707714,1675017795514,120.0878
3921,G,1674993718214,1675105399514,111.6813
3923,E,1675097699914,1675201659314,103.9594
3925,N,1675193672614,1675265708014,72.0354
3928,L,1675297709814,1675353716214,56.0064
3930,A,1675401702814,1675441542114,39.8393
3932,N,1675497758614,1675561738314,63.9797
3934,D,1675601731614,1675705739614,104.008
3935,F,1675697881414,1675769728414,71.847
3938,H,1675801768914,1675905632114,103.8632
3939,B,1675897719214,1676025528114,127.8089
3941,U,1675993724714,1676105686414,111.9617
3943,R,1676097458614,1676217728014,120.2694
3945,G,1676193687914,1676313431814,119.7439
3947,E,1676297744814,1676393524414,95.7796
3950,N,1676394352014,1676457473914,63.1219
3952,L,1676497700014,1676553760314,56.0603
3954,A,1676593696614,1676649691814,55.9952
3956,N,1676697673414,1676761725214,64.0518
3958,D,1676793725514,1676905486214,111.7607
3959,F,1676897730514,1676961728714,63.9982
3962,H,1676993691114,1677105660714,111.9696
3963,B,1677097719614,1677217464014,119.7444
3965,U,1677193706414,1677305697714,111.9913
3967,R,1677297501114,1677417717314,120.2162
3969,G,1677401739514,1677505454914,103.7154
3971,E,1677497753214,1677593597014,95.8438
3974,N,1677601704414,1677657593514,55.8891
3976,L,1677697730914,1677753738914,56.008
3978,A,1677793511014,1677841677814,48.1668
3980,N,1677897681014,1677961768714,64.0877
3982,D,1678001728514,1678105457914,103.7294
3983,F,1678097698014,1678169771814,72.0738
3986,H,1678193514914,1678305729514,112.2146
3987,B,1678297739814,1678417537814,119.798
3989,U,1678393541714,1678505728314,112.1866
3991,R,1678497603314,1678609664914,112.0616
3993,G,1678593673014,1678705420814,111.7478
3995,E,1678697717814,1678801766614,104.0488
3997,N,1678793596814,1678857720714,64.1239
4000,L,1678897432514,1678953736714,56.3042
4002,A,1678993592914,1679041756714,48.1638
4004,N,1679097735814,1679161724314,63.9885
4006,D,1679193840914,1679305694314,111.8534
4007,F,1679297748914,1679369708814,71.9599
4010,H,1679401775514,1679505727814,103.9523
4011,B,1679497759714,1679609721414,111.9617
4013,U,1679601758814,1679705729014,103.9702
4015,R,1679697750814,1679817799814,120.049
4017,G,1679801759114,1679905768914,104.0098
4019,E,1679897779014,1680001689314,103.9103
4021,N,1679993890914,1680057763214,63.8723
4024,L,1680097500214,1680153740014,56.2398
4026,A,1680193890814,1680241751214,47.8604
4028,N,1680297784014,1680353729514,55.9455
4030,D,1680401708914,1680513855614,112.1467
4031,F,1680497764514,1680569704414,71.9399
4034,H,1680593705914,1680697732514,104.0266
4036,B,1680698614614,1680817468814,118.8542
4037,U,1680793820714,1680905490814,111.6701
4039,R,1680897777514,1681017767014,119.9895
4041,G,1680993803114,1681105862314,112.0592
4043,E,1681097678714,1681193878914,96.2002
4046,N,1681194731614,1681257825914,63.0943
4048,L,1681297839914,1681353883814,56.0439
4050,A,1681401882114,1681441796714,39.9146
4052,N,1681497757214,1681561650714,63.8935
4054,D,1681601852514,1681705783814,103.9313
4055,F,1681697791914,1681769801014,72.0091
4058,H,1681801780214,1681905455414,103.6752
4059,B,1681897751414,1682025602914,127.8515
4061,U,1681993769114,1682105747714,111.9786
4063,R,1682097748614,1682217783914,120.0353
4065,G,1682193820914,1682305781214,111.9603
4067,E,1682297745914,1682401471314,103.7254
4069,N,1682393770314,1682457783114,64.0128
4072,L,1682497744314,1682553755014,56.0107
4074,A,1682593742914,1682649776814,56.0339
4076,N,1682697589414,1682761747514,64.1581
4078,D,1682793761814,1682905714614,111.9528
4079,F,1682897753514,1682969803314,72.0498
4082,H,1682993767114,1683105714414,111.9473
4083,B,1683097772014,1683217772614,120.0006
4085,U,1683193748414,1683305700514,111.9521
4087,R,1683297730314,1683417857414,120.1271
4089,G,1683401757614,1683505539314,103.7817
4091,E,1683497654214,1683593780214,96.126
4094,N,1683601785314,1683657824914,56.0396
4096,L,1683697548914,1683753899514,56.3506
4098,A,1683793808714,1683841809614,48.0009
4100,N,1683897536514,1683961767814,64.2313
4102,D,1684001818014,1684105783814,103.9658
4103,F,1684097700314,1684169785714,72.0854
4106,H,1684193775014,1684297697614,103.9226
4108,B,1684298581714,1684417764814,119.1831
4109,U,1684393782314,1684505789814,112.0075
4111,R,1684497587114,1684609877314,112.2902
4113,G,1684593786614,1684705748814,111.9622
4115,E,1684697665914,1684793774614,96.1087
4118,N,1684794593014,1684865528014,70.935
4120,L,1684897830014,1684953772814,55.9428
4122,A,1684993809214,1685041782814,47.9736
4124,N,1685097897414,1685169818114,71.9207
4126,D,1685193863114,1685305777414,111.9143
4127,F,1685297996014,1685369812314,71.8163
4130,H,1685393780414,1685505812414,112.032
4131,B,1685497857414,1685617823514,119.9661
4133,U,1685601808514,1685705800214,103.9917
4135,R,1685697934414,1685809786814,111.8524
4137,G,1685801825214,1685905802014,103.9768
4139,E,1685897934814,1686001791814,103.857
4142,N,1686002447214,1686057533414,55.0862
4144,L,1686097595314,1686153535414,55.9401
4146,A,1686193727414,1686241710014,47.9826
4148,N,1686297779714,1686353790914,56.0112
4150,D,1686401776614,1686513808914,112.0323
4151,F,1686497816414,1686569906814,72.0904
4154,H,1686593826314,1686697826914,104.0006
4156,B,1686698795514,1686817699414,118.9039
4157,U,1686793796314,1686905804814,112.0085
4159,R,1686897854514,1687009717114,111.8626
4161,G,1686993809214,1687105761814,111.9526
4163,E,1687097798714,1687201790914,103.9922
4165,N,1687193791014,1687265981414,72.1904
4168,L,1687297839714,1687353792814,55.9531
4170,A,1687393578914,1687441774714,48.1958
4172,N,1687497852114,1687561793714,63.9416
4174,D,1687601799014,1687705895714,104.0967
4175,F,1687697836014,1687769786714,71.9507
4178,H,1687801821614,1687905821014,103.9994
4179,B,1687897816014,1688025819314,128.0033
4181,U,1688001829414,1688105786514,103.9571
4183,R,1688097881214,1688217770014,119.8888
4185,G,1688201648314,1688305826414,104.1781
4187,E,1688297816114,1688401759014,103.9429
4189,N,1688393813714,1688457576514,63.7628
4192,L,1688497843714,1688553800614,55.9569
4194,A,1688593809914,1688641810114,48.0002
4196,N,1688697872714,1688753778014,55.9053
4198,D,1688801827114,1688913793414,111.9663
4199,F,1688897799914,1688969863014,72.0631
4202,H,1688993835114,1689105811614,111.9765
4203,B,1689097850514,1689217676214,119.8257
4205,U,1689193860614,1689305804314,111.9437
4207,R,1689297868814,1689409850214,111.9814
4209,G,1689393836914,1689506002514,112.1656
4211,E,1689497813214,1689593878514,96.0653
4214,N,1689594809014,1689665881914,71.0729
4216,L,1689697583914,1689753835814,56.2519
4218,A,1689801603014,1689841836414,40.2334
4220,N,1689897867814,1689961837914,63.9701
4222,D,1690001737114,1690105793814,104.0567
4223,F,1690097803314,1690177780214,79.9769
4226,H,1690201719414,1690305980814,104.2614
4227,B,1690297807914,1690425845414,128.0375
4229,U,1690393859214,1690505559614,111.7004
4231,R,1690497842714,1690617887114,120.0444
4233,G,1690593850314,1690705830814,111.9805
4235,E,1690697871014,1690801712314,103.8413
4237,N,1690793858214,1690857851214,63.993
4240,L,1690897844914,1690953818614,55.9737
4242,A,1690993845214,1691049837014,55.9918
4244,N,1691097934114,1691161831614,63.8975
4246,D,1691193862314,1691305847614,111.9853
4247,F,1691297643014,1691369607114,71.9641
4250,H,1691393835014,1691505810914,111.9759
4251,B,1691497823114,1691617820614,119.9975
4253,U,1691593825714,1691705843614,112.0179
4255,R,1691697843114,1691809873014,112.0299
4257,G,1691801859914,1691905744014,103.8841
4259,E,1691897861014,1692001829614,103.9686
4262,N,1692002762814,1692057843714,55.0809
4264,L,1692097838314,1692153838614,56.0003
4266,A,1692201857814,1692241890114,40.0323
4268,N,1692297836114,1692361826814,63.9907
4270,D,1692401871414,1692505813014,103.9416
4271,F,1692497872714,1692569794214,71.9215
4274,H,1692593814414,1692713861914,120.0475
4275,B,1692697883014,1692817832914,119.9499
4277,U,1692793835514,1692913823214,119.9877
4279,R,1692897843714,1693009821214,111.9775
4281,G,1692993826214,1693105801114,111.9749
4283,E,1693097946714,1693201857014,103.9103
4285,N,1693193971514,1693257606514,63.635
4288,L,1693297878314,1693353809014,55.9307
4290,A,1693393917914,1693449857914,55.94
4292,N,1693497905314,1693561893314,63.988
4294,D,1693593893414,1693705680914,111.7875
4295,F,1693697885114,1693769916614,72.0315
4298,H,1693793896114,1693897974314,104.0782
4300,B,1693898861014,1694017876214,119.0152
4301,U,1694001895114,1694105837214,103.9421
4303,R,1694097873214,1694217894314,120.0211
4305,G,1694201840914,1694305580814,103.7399
4307,E,1694297842214,1694401854914,104.0127
4310,N,1694402732314,1694457853014,55.1207
4312,L,1694497896114,1694553960314,56.0642
4314,A,1694593875914,1694641848614,47.9727
4316,N,1694697926814,1694753877214,55.9504
4318,D,1694801856614,1694913893314,112.0367
4319,F,1694897887114,1694969909414,72.0223
4322,H,1694993879714,1695105791214,111.9115
4323,B,1695097681814,1695217644914,119.9631
4325,U,1695193907214,1695305694114,111.7869
4327,R,1695297875214,1695417904114,120.0289
4329,G,1695393947414,1695505748014,111.8006
4331,E,1695497932714,1695601863914,103.9312
4333,N,1695593851914,1695657876414,64.0245
4336,L,1695697869214,1695753852814,55.9836
4338,A,1695793901314,1695833877214,39.9759
4340,N,1695897912314,1695953842214,55.9299
4342,D,1695993939314,1696105682414,111.7431
4343,F,1696097587514,1696169906514,72.319
4346,H,1696201889514,1696297907114,96.0176
4348,B,1696298911514,1696417883814,118.9723
4349,U,1696401880214,1696505843214,103.963
4351,R,1696497919114,1696617863614,119.9445
4353,G,1696601871614,1696706025514,104.1539
4355,E,1696697886714,1696793906314,96.0196
4358,N,1696794911514,1696857864914,62.9534
4360,L,1696897853214,1696953881214,56.028
4362,A,1696993863314,1697041844214,47.9809
4364,N,1697097750214,1697153868414,56.1182
4366,D,1697201911814,1697313898714,111.9869
4367,F,1697297898114,1697369879514,71.9814
4370,H,1697393912914,1697505677414,111.7645
4371,B,1697497890114,1697617937414,120.0473
4373,U,1697593892814,1697705882114,111.9893
4375,R,1697697896214,1697817887514,119.9913
4377,G,1697793910514,1697905844914,111.9344
4379,E,1697897925514,1698001875714,103.9502
4381,N,1697993912514,1698057821014,63.9085
4384,L,1698097884314,1698161919314,64.035
4386,A,1698201918914,1698241861614,39.9427
4388,N,1698297874114,1698353871514,55.9974
4390,D,1698401661014,1698505911514,104.2505
4391,F,1698497857114,1698569939114,72.082
4394,H,1698601942814,1698698017514,96.0747
4396,B,1698699105414,1698817941414,118.836
4397,U,1698793877514,1698905966514,112.089
4399,R,1698897937114,1699017949314,120.0122
4401,G,1698993914014,1699105873914,111.9599
4403,E,1699097871614,1699193942914,96.0713
4406,N,1699194936014,1699257730714,62.7947
4408,L,1699297915814,1699353898714,55.9829
4410,A,1699393915814,1699441688414,47.7726
4412,N,1699497926314,1699553891314,55.965
4414,D,1699593971914,1699705877114,111.9052
4415,F,1699697892514,1699769761614,71.8691
4418,H,1699793909914,1699905833614,111.9237
4419,B,1699897873714,1700017877614,120.0039
4421,U,1699993922014,1700105903214,111.9812
4423,R,1700097899514,1700217883614,119.9841
4425,G,1700201665514,1700305835714,104.1702
4427,E,1700297946714,1700409659014,111.7123
4429,N,1700401934614,1700457928114,55.9935
4432,L,1700497931814,1700561588514,63.6567
4434,A,1700593782414,1700641901114,48.1187
4436,N,1700697742314,1700745729214,47.9869
4438,D,1700801912814,1700913930414,112.0176
4439,F,1700897910014,1700969895014,71.985
4442,H,1700993848814,1701113899014,120.0502
4443,B,1701097699814,1701217900514,120.2007
4445,U,1701193842914,1701305910714,112.0678
4447,R,1701297938114,1701417901114,119.963
4449,G,1701393923614,1701505692314,111.7687
4451,E,1701497928514,1701593951414,96.0229
4454,N,1701594838714,1701657909914,63.0712
4456,L,1701697974114,1701753996914,56.0228
4458,A,1701793712514,1701833730414,40.0179
4460,N,1701897929214,1701953932414,56.0032
4462,D,1701993690014,1702105940214,112.2502
4463,F,1702097967414,1702169932314,71.9649
4466,H,1702201926714,1702297940014,96.0133
4468,B,1702298889114,1702409879214,110.9901
4469,U,1702401934214,1702505900014,103.9658
4471,R,1702497897014,1702617891814,119.9948
4473,G,1702601918814,1702705941814,104.023
4475,E,1702697998014,1702810087814,112.0898
4477,N,1702801955014,1702849973814,48.0188
4480,L,1702898036414,1702961950914,63.9145
4482,A,1702993863514,1703041949014,48.0855
4484,N,1703097917414,1703145935614,48.0182
4486,D,1703201929614,1703313928214,111.9986
4487,F,1703297941114,1703369937614,71.9965
4490,H,1703393994414,1703498001714,104.0073
4492,B,1703498899114,1703617908014,119.0089
4493,U,1703594129614,1703705948214,111.8186
4495,R,1703697979514,1703817914014,119.9345
4497,G,1703793950214,1703905933514,111.9833
4499,E,1703897948914,1703994127014,96.1781
4502,N,1703994977314,1704058012814,63.0355
4504,L,1704097757214,1704153925914,56.1687
4506,A,1704201948314,1704241974014,40.0257
4508,N,1704297999814,1704353997614,55.9978
4510,D,1704401955214,1704505976614,104.0214
4511,F,1704497976614,1704569975014,71.9984
4514,H,1704601833714,1704698011614,96.1779
4516,B,1704698998314,1704817953314,118.955
4517,U,1704793942214,1704905929114,111.9869
4519,R,1704897943714,1705009936614,111.9929
4521,G,1704993977314,1705097950214,103.9729
4524,E,1705098901314,1705201913914,103.0126
4525,N,1705193999314,1705249948414,55.9491
4528,L,1705297923914,1705353960214,56.0363
4530,A,1705393950314,1705441720414,47.7701
4532,N,1705497967014,1705545800714,47.8337
4534,D,1705593989214,1705705957714,111.9685
4535,F,1705697981614,1705769766814,71.7852
4538,H,1705793960714,1705897974614,104.0139
4540,B,1705898633514,1706009943914,111.3104
4541,U,1706002012814,1706105952414,103.9396
4543,R,1706097711614,1706218061614,120.35
4545,G,1706201992014,1706305930314,103.9383
4547,E,1706297955714,1706394004214,96.0485
4550,N,1706402006014,1706457933614,55.9276
4552,L,1706497933514,1706562093214,64.1597
4554,A,1706593966314,1706641928814,47.9625
4556,N,1706698014114,1706746101814,48.0877
4558,D,1706802005514,1706913915214,111.9097
4559,F,1706897949514,1706969974114,72.0246
4562,H,1706993994214,1707097959614,103.9654
4564,B,1707098573914,1707209937314,111.3634
4565,U,1707193982714,1707306019814,112.0371
4567,R,1707297995414,1707417933514,119.9381
4569,G,1707393966514,1707505962614,111.9961
4571,E,1707497945814,1707601945214,103.9994
4573,N,1707593950714,1707649963114,56.0124
4576,L,1707697845814,1707753988314,56.1425
4578,A,1707793963714,1707833972714,40.009
4580,N,1707897715714,1707953942614,56.2269
4582,D,1708001959514,1708105982214,104.0227
4583,F,1708097752514,1708170022314,72.2698
4586,H,1708202013914,1708297819414,95.8055
4588,B,1708298787614,1708417992414,119.2048
4589,U,1708402014614,1708506063614,104.049
4591,R,1708497796414,1708618018014,120.2216
4593,G,1708601992714,1708697793614,95.8009
4596,E,1708698562714,1708802007914,103.4452
4597,N,1708794013414,1708857986314,63.9729
4600,L,1708897717214,1708953977614,56.2604
4602,A,1708993996814,1709041983814,47.987
4604,N,1709097796214,1709138015914,40.2197
4606,D,1709202000314,1709314005214,112.0049
4607,F,1709297987314,1709369959314,71.972
4610,H,1709393979014,1709498196614,104.2176
4612,B,1709499261614,1709617977614,118.716
4613,U,1709594025614,1709705960614,111.935
4615,R,1709698181214,1709810012114,111.8309
4617,G,1709794023414,1709906072814,112.0494
4619,E,1709898116114,1709993984014,95.8679
4622,N,1710001680614,1710049759214,48.0786
4624,L,1710098118914,1710153977914,55.859
4626,A,1710202010114,1710242003214,39.9931
4628,N,1710298136414,1710353969914,55.8335
4630,D,1710401993214,1710505977614,103.9844
4631,F,1710497776014,1710577997614,80.2216
4634,H,1710601980614,1710697991514,96.0109
4636,B,1710698723114,1710817787214,119.0641
4637,U,1710793796614,1710906003114,112.2065
4639,R,1710898020314,1711010019814,111.9995
4641,G,1710994018814,1711098022014,104.0032
4644,E,1711098873414,1711202027314,103.1539
4645,N,1711194036914,1711249783914,55.747
4648,L,1711298005014,1711353996814,55.9918
4650,A,1711394030914,1711441957814,47.9269
4652,N,1711498040314,1711545981714,47.9414
4654,D,1711594020814,1711705985814,111.965
4655,F,1711698023914,1711770022614,71.9987
4658,H,1711802023414,1711898040414,96.017
4660,B,1711898651314,1712009951514,111.3002
4661,U,1712001999214,1712098000014,96.0008
4664,R,1712098542014,1712209983614,111.4416
4665,G,1712201997614,1712305959214,103.9616
4667,E,1712298035114,1712401989914,103.9548
4670,N,1712402554314,1712457966214,55.4119
4672,L,1712497995914,1712554002514,56.0066
4674,A,1712594018914,1712642004414,47.9855
4676,N,1712698032014,1712753753014,55.721
4678,D,1712802016314,1712914030614,112.0143
4679,F,1712898007814,1712970068514,72.0607
4682,H,1712994036414,1713105965114,111.9287
4683,B,1713097925114,1713217923714,119.9986
4685,U,1713194040114,1713305969314,111.9292
4687,R,1713298005314,1713417996814,119.9915
4689,G,1713394017414,1713506085014,112.0676
4691,E,1713498017414,1713601830514,103.8131
4693,N,1713594029214,1713650015814,55.9866
4696,L,1713698024514,1713754020814,55.9963
4698,A,1713801747214,1713842057014,40.3098
4700,N,1713898049514,1713946027014,47.9775
4702,D,1714001814514,1714106034714,104.2202
4703,F,1714098037914,1714162018614,63.9807
4706,H,1714201828414,1714298050214,96.2218
4708,B,1714306043714,1714417599414,111.5557
4709,U,1714401777714,1714498029814,96.2521
4712,R,1714498976814,1714610032214,111.0554
4713,G,1714601917914,1714698034014,96.1161
4716,E,1714699021114,1714801830514,102.8094
4717,N,1714794006114,1714858016414,64.0103
4720,L,1714898058314,1714953917114,55.8588
4722,A,1714994061914,1715042063214,48.0013
4724,N,1715098013514,1715154016514,56.003
4726,D,1715202157114,1715306038014,103.8809
4727,F,1715298138514,1715370085014,71.9465
4730,H,1715394068514,1715506034514,111.966
4731,B,1715497862914,1715610040314,112.1774
4733,U,1715594062914,1715698081914,104.019
4736,R,1715698719214,1715809784314,111.0651
4737,G,1715802207014,1715906035214,103.8282
4739,E,1715898050414,1716010053214,112.0028
4741,N,1716002156314,1716050035914,47.8796
4744,L,1716097850614,1716145837114,47.9865
4746,A,1716201976614,1716241999914,40.0233
4748,N,1716298038714,1716346075014,48.0363
4750,D,1716402079314,1716514054414,111.9751
4751,F,1716498059314,1716569951014,71.8917
4754,H,1716594092014,1716714040514,119.9485
4755,B,1716698066914,1716818094614,120.0277
4757,U,1716794054614,1716906022914,111.9683
4759,R,1716898080114,1717010080614,112.0005
4761,G,1716994068314,1717098078814,104.0105
4764,E,1717098824714,1717202035014,103.2103
4765,N,1717194134414,1717258085714,63.9513
4768,L,1717298086614,1717353807514,55.7209
4770,A,1717394032414,1717442026114,47.9937
4772,N,1717498040014,1717546040814,48.0008
4774,D,1717594048314,1717705813814,111.7655
4775,F,1717697858914,1717770087414,72.2285
4778,H,1717801924814,1717898075714,96.1509
4780,B,1717898875514,1718010088014,111.2125
4781,U,1718002096014,1718097954314,95.8583
4784,R,1718099055314,1718218058114,119.0028
4785,G,1718202094814,1718298105514,96.0107
4788,E,1718299102414,1718409951814,110.8494
4789,N,1718402064814,1718458041314,55.9765
4792,L,1718498042414,1718554198614,56.1562
4794,A,1718594062314,1718641822814,47.7605
4796,N,1718698073714,1718754093514,56.0198
4798,D,1718802139914,1718914085714,111.9458
4799,F,1718898062114,1718978104314,80.0422
4802,H,1718994153714,1719105795514,111.6418
4803,B,1719098061414,1719218072714,120.0113
4805,U,1719194146314,1719305853214,111.7069
4807,R,1719298064714,1719410107214,112.0425
4809,G,1719394097414,1719505867814,111.7704
4811,E,1719498085214,1719602157714,104.0725
4814,N,1719602853014,1719650035514,47.1825
4816,L,1719697848914,1719754045014,56.1961
4818,A,1719802055714,1719842086114,40.0304
4820,N,1719898187014,1719946146814,47.9598
4822,D,1720002129314,1720105827414,103.6981
4823,F,1720098072214,1720170055714,71.9835
4826,H,1720202040514,1720298059314,96.0188
4828,B,1720305833114,1720418122414,112.2893
4829,U,1720394124714,1720505784114,111.6594
4831,R,1720498101914,1720618131014,120.0291
4833,G,1720594086714,1720698124414,104.0377
4836,E,1720698749214,1720802095314,103.3461
4837,N,1720794094414,1720857936914,63.8425
4840,L,1720898173814,1720954094514,55.9207
4842,A,1720994078814,1721042155214,48.0764
4844,N,1721098083514,1721154086814,56.0033
4846,D,1721194092014,1721306218214,112.1262
4847,F,1721298113614,1721378132714,80.0191
4850,H,1721394118814,1721498108714,103.9899
4852,B,1721499046514,1721618057814,119.0113
4853,U,1721602102914,1721705888714,103.7858
4855,R,1721698079714,1721810084814,112.0051
4857,G,1721802104614,1721906111914,104.0073
4859,E,1721898103614,1722002161614,104.058
4862,N,1722002862814,1722058075914,55.2131
4864,L,1722097803414,1722146088714,48.2853
4866,A,1722194117914,1722242097114,47.9792
4868,N,1722298110014,1722346132114,48.0221
4870,D,1722402089014,1722514078614,111.9896
4871,F,1722498072714,1722570098214,72.0255
4874,H,1722594079714,1722698155614,104.0759
4876,B,1722698997914,1722818105814,119.1079
4877,U,1722794180414,1722906092914,111.9125
4879,R,1722898108014,1723010150014,112.042
4881,G,1722994132614,1723106101714,111.9691
4883,E,1723098103614,1723201989014,103.8854
4885,N,1723194096614,1723257989914,63.8933
4888,L,1723298105414,1723354079114,55.9737
4890,A,1723394116814,1723441892114,47.7753
4892,N,1723497891014,1723554099814,56.2088
4894,D,1723594120814,1723706186314,112.0655
4895,F,1723698102514,1723770182514,72.08
4898,H,1723802128314,1723906103714,103.9754
4899,B,1723898120414,1724010082414,111.962
4901,U,1724002122514,1724105949114,103.8266
4903,R,1724098160914,1724218143414,119.9825
4905,G,1724202181114,1724306094214,103.9131
4907,E,1724298100714,1724410122114,112.0214
4909,N,1724402087414,1724458261414,56.174
4912,L,1724498143514,1724554174114,56.0306
4914,A,1724594133414,1724642056114,47.9227
4916,N,1724698160814,1724746104114,47.9433
4918,D,1724802119014,1724906092214,103.9732
4919,F,1724898137114,1724970141914,72.0048
4922,H,1724994102614,1725090122014,96.0194
4924,B,1725098220014,1725218136014,119.916
4925,U,1725194147314,1725306119414,111.9721
4927,R,1725298169614,1725410062414,111.8928
4929,G,1725394142114,1725505805714,111.6636
4931,E,1725498127814,1725594154314,96.0265
4934,N,1725594971114,1725658153014,63.1819
4936,L,1725698109614,1725754098514,55.9889
4938,A,1725802150514,1725842157414,40.0069
4940,N,1725898192514,1725962115914,63.9234
4942,D,1726002097914,1726106092614,103.9947
4943,F,1726098135314,1726178126214,79.9909
4946,H,1726202167214,1726297962214,95.795
4948,B,1726298753714,1726418149814,119.3961
4949,U,1726402139114,1726506138014,103.9989
4951,R,1726498138614,1726618109514,119.9709
4953,G,1726602165014,1726706129314,103.9643
4955,E,1726698171014,1726802127314,103.9563
4957,N,1726793911714,1726857900414,63.9887
4960,L,1726898149914,1726954122414,55.9725
4962,A,1726993969714,1727042151914,48.1822
4964,N,1727098174114,1727146124714,47.9506
4966,D,1727202160714,1727314130614,111.9699
4967,F,1727298155914,1727370160014,72.0041
4970,H,1727393914214,1727498147914,104.2337
4972,B,1727499052114,1727618146514,119.0944
4973,U,1727594039514,1727706167414,112.1279
4975,R,1727698128614,1727810168214,112.0396
4977,G,1727794170714,1727897921414,103.7507
4980,E,1727898903714,1728010148114,111.2444
4981,N,1728002158214,1728066131114,63.9729
4984,L,1728098135714,1728154159714,56.024
4986,A,1728202182614,1728241933914,39.7513
4988,N,1728298127814,1728361926314,63.7985
4990,D,1728402136714,1728506151014,104.0143
4991,F,1728498143214,1728570163614,72.0204
4994,H,1728602154114,1728698085214,95.9311
4996,B,1728698519714,1728818100614,119.5809
4997,U,1728794105314,1728906120814,112.0155
4999,R,1728898131714,1729018146314,120.0146
5001,G,1728994179314,1729106147814,111.9685
5003,E,1729098035414,1729202194914,104.1595
5005,N,1729194168014,1729258165614,63.9976
5008,L,1729298188314,1729354170114,55.9818
5010,A,1729393935714,1729442168914,48.2332
5012,N,1729498185714,1729545936314,47.7506
5014,D,1729594191814,1729706149114,111.9573
5015,F,1729698189514,1729770129814,71.9403
5018,H,1729794133414,1729890124414,95.991
5020,B,1729898156014,1730018249214,120.0932
5021,U,1730002151414,1730106160914,104.0095
5023,R,1730098079914,1730210132414,112.0525
5025,G,1730202036714,1730306160514,104.1238
5027,E,1730298196614,1730410156114,111.9595
5029,N,1730402207614,1730458201414,55.9938
5032,L,1730498240214,1730554167614,55.9274
5034,A,1730602226314,1730642164514,39.9382
5036,N,1730698192714,1730762167114,63.9744
5038,D,1730802215714,1730905875114,103.6594
5039,F,1730898153014,1730978417314,80.2643
5042,H,1731002172214,1731097896814,95.7246
5044,B,1731098922414,1731218127314,119.2049
5045,U,1731194162214,1731306300514,112.1383
5047,R,1731298162714,1731418186314,120.0236
5049,G,1731394214814,1731498173814,103.959
5052,E,1731498893714,1731610208014,111.3143
5053,N,1731594173214,1731658216714,64.0435
5056,L,1731698084714,1731754157114,56.0724
5058,A,1731794209714,1731842189414,47.9797
5060,N,1731897952914,1731954164614,56.2117
5062,D,1731994243314,1732106137914,111.8946
5063,F,1732097906214,1732170191214,72.285
5066,H,1732194239314,1732297977314,103.738
5068,B,1732298758914,1732418147314,119.3884
5069,U,1732402195614,1732506154814,103.9592
5071,R,1732497969214,1732610213114,112.2439
5073,G,1732602211514,1732706173514,103.962
5075,E,1732698112714,1732810156114,112.0434
5077,N,1732802183414,1732858177814,55.9944
5080,L,1732897983314,1732953951414,55.9681
5082,A,1732994209014,1733042189514,47.9805
5084,N,1733097915414,1733154159314,56.2439
5086,D,1733202203914,1733314208114,112.0042
5087,F,1733298042914,1733370200814,72.1579
5090,H,1733394208714,1733506203714,111.995
5091,B,1733498185814,1733618174514,119.9887
5093,U,1733594241514,1733705860014,111.6185
5095,R,1733698353114,1733810146714,111.7936
5097,G,1733794165014,1733905902314,111.7373
5099,E,1733898284914,1734001903714,103.6188
5101,N,1733994147814,1734058310914,64.1631
5104,L,1734098323314,1734146241914,47.9186
5106,A,1734194206614,1734242200614,47.994
5108,N,1734298229014,1734354169614,55.9406
5110,D,1734402211914,1734506234914,104.023
5111,F,1734498195214,1734570216114,72.0209
5114,H,1734602266714,1734698249514,95.9828
5116,B,1734698925114,1734818163714,119.2386
5117,U,1734802208014,1734898180914,95.9729
5120,R,1734899236814,1735018216314,118.9795
5121,G,1735002249714,1735098224614,95.9749
5124,E,1735099044114,1735210182114,111.138
5125,N,1735202169114,1735258278514,56.1094
5128,L,1735298192914,1735354179314,55.9864
5130,A,1735394211414,1735442204914,47.9935
5132,N,1735498186214,1735562190214,64.004
5134,D,1735602212414,1735713944014,111.7316
5135,F,1735698276714,1735770190614,71.9139
5138,H,1735794281614,1735898202814,103.9212
5140,B,1735898785714,1736010195514,111.4098
5141,U,1735994186514,1736106209614,112.0231
5143,R,1736098263814,1736217977014,119.7132
5145,G,1736194209914,1736306200214,111.9903
5147,E,1736298299814,1736410229614,111.9298
5149,N,1736402185314,1736458196114,56.0108
5152,L,1736498198614,1736554173314,55.9747
5154,A,1736602237814,1736642185914,39.9481
5156,N,1736698227114,1736754233114,56.006
5158,D,1736802205514,1736906189714,103.9842
5159,F,1736898225814,1736970274914,72.0491
5162,H,1737002266814,1737098016414,95.7496
5164,B,1737099278914,1737218018914,118.74
5165,U,1737202216814,1737306210214,103.9934
5167,R,1737298254114,1737418038614,119.7845
5169,G,1737402188914,1737498234214,96.0453
5172,E,1737499114814,1737601999414,102.8846
5173,N,1737594261414,1737658233614,63.9722
5176,L,1737698241414,1737754248514,56.0071
5178,A,1737794209114,1737842239714,48.0306
5180,N,1737898225814,1737954081514,55.8557
5182,D,1738002204314,1738106298614,104.0943
5183,F,1738098241214,1738170228714,71.9875
5186,H,1738194190014,1738306246914,112.0569
5187,B,1738298270314,1738418239914,119.9696
5189,U,1738394282414,1738506224014,111.9416
5191,R,1738498256714,1738610241914,111.9852
5193,G,1738594229114,1738706235914,112.0068
5195,E,1738698266314,1738802139514,103.8732
5198,N,1738803119914,1738858236814,55.1169
5200,L,1738898273314,1738954236214,55.9629
5202,A,1739002157514,1739042249114,40.0916
5204,N,1739098241714,1739162218914,63.9772
5206,D,1739202201614,1739306207114,104.0055
5207,F,1739298226214,1739370258414,72.0322
5210,H,1739402301314,1739498283714,95.9824
5212,B,1739506259414,1739618281614,112.0222
5213,U,1739602302614,1739714239014,111.9364
5215,R,1739698265414,1739809919614,111.6542
5217,G,1739801944314,1739905755714,103.8114
5219,E,1739897847914,1740001815714,103.9678
5221,N,1739993838014,1740057751714,63.9137
5224,L,1740097825914,1740153946414,56.1205
5226,A,1740193801014,1740241798714,47.9977
5228,N,1740298149114,1740354060014,55.9109
5230,D,1740402047414,1740506263414,104.216
5231,F,1740498261714,1740570018414,71.7567
5234,H,1740594228014,1740706223014,111.995
5235,B,1740698302814,1740818262414,119.9596
5237,U,1740794234714,1740906283414,112.0487
5239,R,1740898297314,1741018202714,119.9054
5241,G,1741002273314,1741106049214,103.7759
5243,E,1741098285814,1741202300714,104.0149
5246,N,1741203102814,1741258226714,55.1239
5248,L,1741298295614,1741346274114,47.9785
5250,A,1741402263014,1741442260414,39.9974
5252,N,1741498301614,1741562267314,63.9657
5254,D,1741602292914,1741705985614,103.6927
5255,F,1741698248314,1741770380814,72.1325
5258,H,1741802285314,1741898013114,95.7278
5260,B,1741899050714,1742018298614,119.2479
5261,U,1741994305114,1742106034714,111.7296
5263,R,1742098049614,1742218282214,120.2326
5265,G,1742194309314,1742306065714,111.7564
5267,E,1742298279314,1742402302114,104.0228
5269,N,1742394065114,1742458225214,64.1601
5272,L,1742498243514,1742554411914,56.1684
5274,A,1742594261914,1742642244614,47.9827
5276,N,1742698271614,1742754436514,56.1649
5278,D,1742794291714,1742906033614,111.7419
5279,F,1742898275914,1742970261814,71.9859
5282,H,1742994270614,1743098304014,104.0334
5284,B,1743099073014,1743218035714,118.9627
5285,U,1743202098714,1743306154414,104.0557
5287,R,1743298251314,1743410248414,111.9971
5289,G,1743402242014,1743506145914,103.9039
5291,E,1743498265714,1743602296114,104.0304
5294,N,1743603218614,1743658265114,55.0465
5296,L,1743698291514,1743754320914,56.0294
5298,A,1743794287114,1743842501814,48.2147
5300,N,1743898271514,1743962264014,63.9925
5302,D,1744002290014,1744114298914,112.0089
5303,F,1744098258214,1744178356414,80.0982
5306,H,1744194314114,1744298302414,103.9883
5308,B,1744299276614,1744418281314,119.0047
5309,U,1744394299414,1744506210114,111.9107
5311,R,1744498272614,1744610256114,111.9835
5313,G,1744594305114,1744706050314,111.7452
5315,E,1744698254714,1744810243614,111.9889
5317,N,1744794276814,1744858002414,63.7256
5320,L,1744898312414,1744954296514,55.9841
5322,A,1744994276514,1745042328714,48.0522
5324,N,1745098342714,1745154330214,55.9875
5326,D,1745194262914,1745306347514,112.0846
5327,F,1745298264814,1745370286214,72.0214
5330,H,1745402260314,1745498323714,96.0634
5332,B,1745499179614,1745610292214,111.1126
5333,U,1745602297814,1745706409414,104.1116
5335,R,1745697971214,1745818270614,120.2994
5337,G,1745802276614,1745905989414,103.7128
5339,E,1745898300114,1746002297214,103.9971
5342,N,1746003176214,1746058182614,55.0064
5344,L,1746098049014,1746154028914,55.9799
5346,A,1746194221414,1746242243314,48.0219
5348,N,1746298314514,1746362307614,63.9931
5350,D,1746402312514,1746514316714,112.0042
5351,F,1746498315514,1746578435614,80.1201
5354,H,1746594313614,1746706271614,111.958
5355,B,1746698105314,1746818372414,120.2671
5357,U,1746794289914,1746906312814,112.0229
5359,R,1746898369014,1747010306614,111.9376
5361,G,1746994008114,1747106246114,112.238
5363,E,1747098206714,1747209805514,111.5988
5365,N,1747193937414,1747258035914,64.0985
5368,L,1747298016314,1747354027814,56.0115
5370,A,1747402067414,1747442075914,40.0085
5372,N,1747497919714,1747562093314,64.1736
5374,D,1747602040814,1747705971914,103.9311
5375,F,1747697986514,1747762294914,64.3084
5378,H,1747802056714,1747898189814,96.1331
5380,B,1747899119414,1748018084214,118.9648
5381,U,1748002329514,1748106319914,103.9904
5383,R,1748098330614,1748210102514,111.7719
5385,G,1748202368614,1748298313114,95.9445
5388,E,1748299311614,1748402346114,103.0345
5389,N,1748394093714,1748458466914,64.3732
5392,L,1748498376114,1748554331814,55.9557
5394,A,1748594338114,1748642155914,47.8178
5396,N,1748698284514,1748762296214,64.0117
5398,D,1748802304414,1748914291114,111.9867
5399,F,1748898324914,1748970125314,71.8004
5402,H,1748994305714,1749106251714,111.946
5403,B,1749098300714,1749218332914,120.0322
5405,U,1749194302014,1749306351414,112.0494
5407,R,1749298345214,1749418370814,120.0256
5409,G,1749394306214,1749506333914,112.0277
5411,E,1749498302714,1749610175414,111.8727
5413,N,1749602337714,1749658311414,55.9737
5416,L,1749698338414,1749754379614,56.0412
5418,A,1749802336814,1749842442814,40.106
5420,N,1749898342014,1749962301114,63.9591
5422,D,1750002362114,1750106295914,103.9338
5423,F,1750098265814,1750170307414,72.0416
5426,H,1750202356714,1750298307814,95.9511
5428,B,1750298984314,1750418346114,119.3618
5429,U,1750402352714,1750514341314,111.9886
5431,R,1750498341814,1750618339814,119.998
5433,G,1750602342214,1750714181414,111.8392
5435,E,1750698305114,1750802273114,103.968
5437,N,1750794036314,1750858309814,64.2735
5440,L,1750898397614,1750954396814,55.9992
5442,A,1750994145014,1751050394214,56.2492
5444,N,1751098085114,1751162314814,64.2297
5446,D,1751202349714,1751314132914,111.7832
5447,F,1751298353914,1751370351614,71.9977
5450,H,1751394149014,1751506300214,112.1512
5451,B,1751498372114,1751618300814,119.9287
5453,U,1751594211114,1751706403914,112.1928
5455,R,1751698429114,1751810397014,111.9679
5457,G,1751802344014,1751906398414,104.0544
5459,E,1751898346814,1752010372514,112.0257
5461,N,1752002376614,1752058336614,55.96
5464,L,1752098146614,1752154340314,56.1937
5466,A,1752202164914,1752242356614,40.1917
5468,N,1752298342614,1752362156214,63.8136
5470,D,1752402360714,1752506364714,104.004
5471,F,1752498352514,1752570332014,71.9795
5474,H,1752602335414,1752698384814,96.0494
5476,B,1752699386914,1752818313714,118.9268
5477,U,1752802368514,1752906190214,103.8217
5479,R,1752898318514,1753018314914,119.9964
5481,G,1752994336514,1753106355814,112.0193
5483,E,1753098340714,1753194374014,96.0333
5486,N,1753195387214,1753258361714,62.9745
5488,L,1753298377814,1753354066814,55.689
5490,A,1753394373914,1753442363814,47.9899
5492,N,1753498379814,1753554303514,55.9237
5494,D,1753594392014,1753706389714,111.9977
5495,F,1753698371514,1753770361814,71.9903
5498,H,1753794374214,1753890367314,95.9931
5500,B,1753898374414,1754010235314,111.8609
5501,U,1754002313014,1754106387214,104.0742
5503,R,1754098404314,1754210315614,111.9113
5505,G,1754202331314,1754306302514,103.9712
5507,E,1754298347714,1754410407514,112.0598
5509,N,1754402368914,1754458280814,55.9119
5512,L,1754498370714,1754562473914,64.1032
5514,A,1754602380414,1754642399114,40.0187
5516,N,1754698339914,1754762399214,64.0593
5518,D,1754802381214,1754914135814,111.7546
5519,F,1754898487714,1754970130414,71.6427
5522,H,1755002414914,1755098387414,95.9725
5524,B,1755099189514,1755218386114,119.1966
5525,U,1755194393514,1755306377214,111.9837
5527,R,1755298416014,1755418422514,120.0065
5529,G,1755394382514,1755506384314,112.0018
5531,E,1755498407414,1755594386814,95.9794
5534,N,1755595298214,1755658130014,62.8318
5536,L,1755698341114,1755754354414,56.0133
5538,A,1755794388814,1755842406814,48.018
5540,N,1755898363914,1755954439014,56.0751
5542,D,1755994155814,1756114138914,119.9831
5543,F,1756098116114,1756170391014,72.2749
5546,H,1756202389114,1756298164014,95.7749
5548,B,1756298919714,1756426370514,127.4508
5549,U,1756402381414,1756506125914,103.7445
5551,R,1756498164614,1756618360914,120.1963
5553,G,1756602402014,1756706091514,103.6895
5555,E,1756698186914,1756810322414,112.1355
5557,N,1756802402014,1756858157814,55.7558
5560,L,1756898136814,1756954375614,56.2388
5562,A,1756994378314,1757042395014,48.0167
5564,N,1757098171314,1757162482614,64.3113
5566,D,1757202407414,1757314486614,112.0792
5567,F,1757298153114,1757362383014,64.2299
5570,H,1757394412914,1757506385714,111.9728
5571,B,1757498190014,1757618354614,120.1646
5573,U,1757594383114,1757706375714,111.9926
5575,R,1757698309714,1757810424414,112.1147
5577,G,1757794397814,1757906354714,111.9569
5579,E,1757898598814,1757994414414,95.8156
5582,N,1757995430814,1758066335714,70.9049
5584,L,1758098569814,1758154462314,55.8925
5586,A,1758194433914,1758242397914,47.964
5588,N,1758298535414,1758354444114,55.9087
5590,D,1758402367614,1758506403814,104.0362
5591,F,1758498485614,1758570403714,71.9181
5594,H,1758602415314,1758698410614,95.9953
5596,B,1758706497414,1758818434614,111.9372
5597,U,1758802396214,1758906412314,104.0161
5599,R,1758898412414,1759018493114,120.0807
5601,G,1759002396714,1759114361214,111.9645
5603,E,1759098286414,1759210423314,112.1369
5605,N,1759202493514,1759258410614,55.9171
5608,L,1759298400014,1759354414114,56.0141
5610,A,1759394421814,1759442463614,48.0418
5612,N,1759498418214,1759562371814,63.9536
5614,D,1759602410014,1759714388814,111.9788
5615,F,1759698379214,1759770397214,72.018
5618,H,1759794383914,1759906261214,111.8773
5619,B,1759898378814,1760018205314,119.8265
5621,U,1759994442814,1760106361014,111.9182
5623,R,1760098417914,1760210602414,112.1845
5625,G,1760194397114,1760306380714,111.9836
5627,E,1760298454214,1760402394814,103.9406
5629,N,1760394427114,1760458408614,63.9815
5632,L,1760498429814,1760554469114,56.0393
5634,A,1760602390014,1760642428714,40.0387
5636,N,1760698191414,1760762395714,64.2043
5638,D,1760802397614,1760906420414,104.0228
5639,F,1760898454614,1760978436414,79.9818
5642,H,1761002378514,1761098337014,95.9585
5644,B,1761098806014,1761218074614,119.2686
5645,U,1761202345614,1761306330614,103.985
5647,R,1761298446314,1761418222414,119.7761
5649,G,1761402204014,1761506395114,104.1911
5651,E,1761498441814,1761602160414,103.7186
5653,N,1761594415414,1761658442414,64.027
5656,L,1761698453614,1761754433014,55.9794
5658,A,1761794423514,1761842423314,47.9998
5660,N,1761898432214,1761962683214,64.251
5662,D,1762002171914,1762114418814,112.2469
5663,F,1762098404014,1762170387414,71.9834
5666,H,1762194435714,1762306370814,111.9351
5667,B,1762298417214,1762426524814,128.1076
5669,U,1762394463814,1762506391714,111.9279
5671,R,1762498464914,1762610396114,111.9312
5673,G,1762594418914,1762706403414,111.9845
5675,E,1762698488414,1762810472914,111.9845
5677,N,1762802243414,1762858429414,56.186
5680,L,1762898450814,1762954413814,55.963
5682,A,1763002338414,1763042473114,40.1347
5684,N,1763098635214,1763162272414,63.6372
5686,D,1763202331814,1763306421914,104.0901
5687,F,1763298431214,1763370442914,72.0117
5690,H,1763402348414,1763498508414,96.16
5692,B,1763499416614,1763618553914,119.1373
5693,U,1763602444114,1763714431014,111.9869
5695,R,1763698421014,1763818448014,120.027
5697,G,1763802476814,1763906510714,104.0339
5699,E,1763898433814,1764002544714,104.1109
5701,N,1763994488914,1764058470614,63.9817
5704,L,1764098428514,1764154439614,56.0111
5706,A,1764194457414,1764242418214,47.9608
5708,N,1764298519214,1764354435114,55.9159
5710,D,1764394503714,1764506542714,112.039
5711,F,1764498465614,1764570220214,71.7546
5714,H,1764594471914,1764690471714,95.9998
5716,B,1764698231514,1764810426414,112.1949
5717,U,1764802457914,1764906422814,103.9649
5719,R,1764898478514,1765010440214,111.9617
5721,G,1765002457014,1765106187014,103.73
5723,E,1765098462314,1765210127514,111.6652
5725,N,1765202429814,1765266430714,64.0009
5728,L,1765298462514,1765354239314,55.7768
5730,A,1765402444814,1765442443514,39.9987
5732,N,1765498478314,1765562453514,63.9752
5734,D,1765602454914,1765714449714,111.9948
5735,F,1765698475914,1765770662314,72.1864
5738,H,1765802468114,1765906215514,103.7474
5739,B,1765898523514,1766018468514,119.945
5741,U,1765994486714,1766106236014,111.7493
5743,R,1766098506014,1766210649414,112.1434
5745,G,1766194477214,1766306240914,111.7637
5747,E,1766298491314,1766410456114,111.9648
5749,N,1766394498814,1766458471814,63.973
5752,L,1766498471914,1766554472514,56.0006
5754,A,1766594429914,1766642438714,48.0088
5756,N,1766698231014,1766754513114,56.2821
5758,D,1766794508814,1766906304814,111.796
5759,F,1766898507514,1766962455314,63.9478
5762,H,1767002525914,1767098505714,95.9798
5764,B,1767099363714,1767226473514,127.1098
5765,U,1767202485614,1767306394414,103.9088
5767,R,1767298487414,1767410446814,111.9594
5769,G,1767402446814,1767506280914,103.8341
5771,E,1767498456414,1767610420714,111.9643
5773,N,1767602446614,1767666465914,64.0193
5776,L,1767698459614,1767754463514,56.0039
5778,A,1767802463114,1767842430714,39.9676
5780,N,1767898435014,1767962471114,64.0361
5782,D,1768002456714,1768098501514,96.0448
5784,F,1768099405014,1768170471014,71.066
5786,H,1768194456114,1768306412814,111.9567
5787,B,1768298486314,1768418506714,120.0204
5789,U,1768394481414,1768506277014,111.7956
5791,R,1768498449314,1768618517814,120.0685
5793,G,1768594486914,1768706169714,111.6828
5795,E,1768698635114,1768794278214,95.6431
5798,N,1768794896314,1768866481614,71.5853
5800,L,1768898495414,1768954649514,56.1541
5802,A,1768994485214,1769042454014,47.9688
5804,N,1769098482914,1769154495514,56.0126
5806,D,1769194492814,1769306300014,111.8072
5807,F,1769298470414,1769370465014,71.9946
5810,H,1769402478914,1769498485714,96.0068
5812,B,1769499489714,1769618506014,119.0163
5813,U,1769602525014,1769706559014,104.034
5815,R,1769698541214,1769818209914,119.6687
5817,G,1769802575014,1769906647114,104.0721
5819,E,1769898489714,1770002510014,104.0203
5822,N,1770003199814,1770066487014,63.2872
5824,L,1770098518114,1770162487014,63.9689
5826,A,1770194510814,1770242503414,47.9926
5828,N,1770298508014,1770362492014,63.984
5830,D,1770402515314,1770514513414,111.9981
5831,F,1770498515214,1770570413614,71.8984
5834,H,1770594456214,1770706544914,112.0887
5835,B,1770698470214,1770818510514,120.0403
5837,U,1770794504214,1770906513614,112.0094
5839,R,1770898473714,1771010547014,112.0733
5841,G,1770994503914,1771098503314,103.9994
5844,E,1771106267614,1771194510314,88.2427
5846,N,1771195090014,1771258341214,63.2512
5848,L,1771298548114,1771354528414,55.9803
5850,A,1771394493214,1771442473214,47.98
5852,N,1771498522214,1771554529414,56.0072
5854,D,1771602548114,1771706521414,103.9733
5855,F,1771698521714,1771770520114,71.9984
5858,H,1771802520614,1771890515114,87.9945
5860,B,1771898494814,1772018482714,119.9879
5861,U,1772002489314,1772106457814,103.9685
5863,R,1772098482014,1772218520514,120.0385
5865,G,1772202511814,1772306526014,104.0142
5867,E,1772298511514,1772410380714,111.8692
5869,N,1772402533114,1772466507014,63.9739
5872,L,1772498548014,1772554522014,55.974
5874,A,1772594482614,1772642386114,47.9035
5876,N,1772698476514,1772762491714,64.0152
5878,D,1772802551114,1772914514414,111.9633
5879,F,1772898590614,1772978346814,79.7562
5882,H,1772994520114,1773106234714,111.7146
5883,B,1773098529914,1773218588914,120.059
5885,U,1773194518914,1773306299114,111.7802
5887,R,1773298514514,1773418507314,119.9928
5889,G,1773394500914,1773506518614,112.0177
5891,E,1773498514814,1773602484714,103.9699
5893,N,1773594560314,1773658519614,63.9593
5896,L,1773698553514,1773754415914,55.8624
5898,A,1773802543314,1773842719114,40.1758
5900,N,1773898539214,1773954518614,55.9794
5902,D,1774002552714,1774114311514,111.7588
5903,F,1774098401114,1774170564614,72.1635
5906,H,1774202593214,1774298553714,95.9605
5908,B,1774306525514,1774418569714,112.0442
5909,U,1774402540614,1774506545714,104.0051
5911,R,1774498544914,1774618679214,120.1343
5913,G,1774602509414,1774706515814,104.0064
5915,E,1774698528914,1774802528214,103.9993
5918,N,1774803542214,1774866473314,62.9311
5920,L,1774898538814,1774954507114,55.9683
5922,A,1774994298314,1775042550914,48.2526
5924,N,1775098642414,1775162548114,63.9057
5926,D,1775202581714,1775314501714,111.92
5927,F,1775298516314,1775378436314,79.92
5930,H,1775394306914,1775506561514,112.2546
5931,B,1775498536214,1775626549414,128.0132
5933,U,1775594408814,1775706676914,112.2681
5935,R,1775698550114,1775818521314,119.9712
5937,G,1775794432914,1775906394514,111.9616
5939,E,1775898540014,1776010677214,112.1372
5941,N,1776002508714,1776058483714,55.975
5944,L,1776098303014,1776154460614,56.1576
5946,A,1776202515914,1776242513114,39.9972
5948,N,1776298549314,1776354524214,55.9749
5950,D,1776402344514,1776514511314,112.1668
5951,F,1776498525414,1776570532314,72.0069
5954,H,1776602563814,1776698598714,96.0349
5956,B,1776699540114,1776818523214,118.9831
5957,U,1776802574614,1776914321914,111.7473
5959,R,1776898544414,1777018582814,120.0384
5961,G,1777002563214,1777114371714,111.8085
5963,E,1777098547614,1777202603914,104.0563
5965,N,1777194645614,1777266546114,71.9005
5968,L,1777298574814,1777354560814,55.986
5970,A,1777394563514,1777450333114,55.7696
5972,N,1777498265414,1777562326014,64.0606
5974,D,1777602537914,1777714253014,111.7151
5975,F,1777698561214,1777770582914,72.0217
5978,H,1777794603014,1777906607014,112.004
5979,B,1777898557514,1778018325514,119.768
5981,U,1777994660314,1778106612014,111.9517
5983,R,1778098535014,1778210566114,112.0311
5985,G,1778202604214,1778306524814,103.9206
5987,E,1778298456014,1778402609914,104.1539
5990,N,1778403521414,1778466595314,63.0739
5992,L,1778498313614,1778554564114,56.2505
5994,A,1778602616514,1778642577114,39.9606
5996,N,1778698254114,1778762617314,64.3632
5998,D,1778802523014,1778906561814,104.0388
5999,F,1778898550214,1778970573714,72.0235
6002,H,1779002611514,1779098557614,95.9461
6004,B,1779099547514,1779218530214,118.9827
6005,U,1779202551114,1779314497614,111.9465
6007,R,1779298560714,1779410334114,111.7734
6009,G,1779402666414,1779506614214,103.9478
6011,E,1779498350714,1779594654814,96.3041
6014,N,1779595640014,1779658573514,62.9335
6016,L,1779698582014,1779754562714,55.9807
6018,A,1779794569814,1779850595214,56.0254
6020,N,1779898561314,1779970572014,72.0107
6022,D,1780002630114,1780106562114,103.932
6023,F,1780098561914,1780178555214,79.9933
6026,H,1780194570914,1780306325514,111.7546
6027,B,1780298558314,1780418553314,119.995
6029,U,1780402611114,1780506574514,103.9634
6031,R,1780498336114,1780610560214,112.2241
6033,G,1780602610114,1780706551114,103.941
6035,E,1780698316914,1780802602814,104.2859
6038,N,1780803398214,1780858563414,55.1652
6040,L,1780898351214,1780954582314,56.2311
6042,A,1781002561614,1781042592014,40.0304
6044,N,1781098572014,1781162626014,64.054
6046,D,1781202575314,1781306615614,104.0403
6047,F,1781298495714,1781370634714,72.139
6050,H,1781402609114,1781498462114,95.853
6052,B,1781506565014,1781618525614,111.9606
6053,U,1781594276314,1781706548114,112.2718
6055,R,1781698486914,1781818504314,120.0174
6057,G,1781794641314,1781906730614,112.0893
6059,E,1781898544814,1781994648014,96.1032
6062,N,1781995323714,1782066335314,71.0116
6064,L,1782098673214,1782154724314,56.0511
6066,A,1782194591314,1782250429014,55.8377
6068,N,1782298651914,1782362582014,63.9301
6070,D,1782394596614,1782506622114,112.0255
6071,F,1782498756814,1782578657614,79.9008
6074,H,1782602600414,1782706307514,103.7071
6075,B,1782698598814,1782818532114,119.9333
6077,U,1782802582314,1782906620614,104.0383
6079,R,1782898730014,1783018630114,119.9001
6081,G,1783002592014,1783106363414,103.7714
6083,E,1783098609214,1783194622314,96.0131
6086,N,1783202595814,1783258590514,55.9947
6088,L,1783298504914,1783354552014,56.0471
6090,A,1783402647714,1783442636214,39.9885
6092,N,1783498602214,1783562625914,64.0237
6094,D,1783602638114,1783714572914,111.9348
6095,F,1783698624114,1783770604514,71.9804
6098,H,1783802621214,1783906632114,104.0109
6099,B,1783898363914,1784018507914,120.144
6101,U,1783994586814,1784106343614,111.7568
6103,R,1784098615814,1784218458414,119.8426
6105,G,1784194602214,1784306508814,111.9066
6107,E,1784298693814,1784410614714,111.9209
6109,N,1784394626714,1784466689514,72.0628
6112,L,1784498638014,1784554523614,55.8856
6114,A,1784594631314,1784650463714,55.8324
6116,N,1784698651114,1784762630714,63.9796
6118,D,1784794642714,1784906640214,111.9975
6119,F,1784898637814,1784970632614,71.9948
6122,H,1785002615214,1785106644014,104.0288
6123,B,1785098306614,1785226597314,128.2907
6125,U,1785202617214,1785306676414,104.0592
6127,R,1785298639614,1785418521414,119.8818
6129,G,1785402616314,1785506340914,103.7246
6131,E,1785498670114,1785602614714,103.9446
6134,N,1785603311914,1785658590914,55.279
6136,L,1785698624914,1785754599314,55.9744
6138,A,1785794574614,1785842382814,47.8082
6140,N,1785898696714,1785962615514,63.9188
6142,D,1786002601314,1786114609614,112.0083
6143,F,1786098638714,1786170567514,71.9288
6146,H,1786194636314,1786298654114,104.0178
6148,B,1786299642714,1786418398814,118.7561
6149,U,1786394620714,1786506643014,112.0223
6151,R,1786498633514,1786618630114,119.9966
6153,G,1786594402314,1786714419914,120.0176
6155,E,1786706651714,1786810640414,103.9887
6157,N,1786794622014,1786866642114,72.0201
6160,L,1786898623014,1786954590014,55.967
6162,A,1786994635714,1787042644814,48.0091
6164,N,1787098612914,1787162644214,64.0313
6166,D,1787202396314,1787306658114,104.2618
6167,F,1787298629714,1787370700414,72.0707
6170,H,1787402456514,1787506642714,104.1862
6171,B,1787498610114,1787618730714,120.1206
6173,U,1787602574614,1787706624914,104.0503
6175,R,1787698707914,1787818671214,119.9633
6177,G,1787802628314,1787914639514,112.0112
6179,E,1787898624314,1787994679414,96.0551
6182,N,1788002742814,1788058569714,55.8269
6184,L,1788098661014,1788154636014,55.975
6186,A,1788194437214,1788242624414,48.1872
6188,N,1788298633214,1788362640114,64.0069
6190,D,1788402653514,1788514659314,112.0058
6191,F,1788498650814,1788570508714,71.8579
6194,H,1788594653414,1788706623414,111.97
6195,B,1788698630914,1788818622914,119.992
6197,U,1788794713014,1788906651414,111.9384
6199,R,1788898669614,1789010670814,112.0012
6201,G,1788994703414,1789106500014,111.7966
6203,E,1789098620414,1789210661214,112.0408
6205,N,1789202683214,1789258645314,55.9621
6208,L,1789298701714,1789362676914,63.9752
6210,A,1789402684514,1789442651014,39.9665
6212,N,1789498689014,1789562690014,64.001
6214,D,1789602667014,1789706428614,103.7616
6215,F,1789698635714,1789770662314,72.0266
6218,H,1789802646314,1789898695614,96.0493
6220,B,1789899623114,1790018657314,119.0342
6221,U,1790002712814,1790114655614,111.9428
6223,R,1790098666214,1790218666914,120.0007
6225,G,1790202653214,1790314729414,112.0762
6227,E,1790298422514,1790402683214,104.2607
6230,N,1790403599314,1790458657614,55.0583
6232,L,1790498677414,1790554625414,55.948
6234,A,1790594706714,1790642660014,47.9533
6236,N,1790698763814,1790754657414,55.8936
6238,D,1790802689714,1790914710314,112.0206
6239,F,1790898693114,1790970656314,71.9632
6242,H,1790994649214,1791098502314,103.8531
6244,B,1791099440014,1791218604514,119.1645
6245,U,1791194605614,1791306459214,111.8536
6247,R,1791298670714,1791418664814,119.9941
6249,G,1791394687814,1791506450014,111.7622
6251,E,1791498733314,1791610704514,111.9712
6253,N,1791602564314,1791658664414,56.1001
6256,L,1791698673014,1791762680914,64.0079
6258,A,1791802693114,1791842687414,39.9943
6260,N,1791898686714,1791962670214,63.9835
6262,D,1792002676214,1792106491414,103.8152
6263,F,1792098581114,1792178558514,79.9774
6266,H,1792202720414,1792298717814,95.9974
6268,B,1792299723314,1792418665914,118.9426
6269,U,1792402677914,1792514649714,111.9718
6271,R,1792498670314,1792618661314,119.991
6273,G,1792602665514,1792714669514,112.004
6275,E,1792698674014,1792802705414,104.0314
6278,N,1792803427414,1792858590814,55.1634
6280,L,1792898727214,1792954674514,55.9473
6282,A,1792994725814,1793042646214,47.9204
6284,N,1793098727714,1793154745814,56.0181
6286,D,1793202878214,1793314683214,111.805
6287,F,1793298721014,1793378696714,79.9757
6290,H,1793394689714,1793506674014,111.9843
6291,B,1793498685214,1793626669014,127.9838
6293,U,1793594701514,1793706699214,111.9977
6295,R,1793698663814,1793818705814,120.042
6297,G,1793794715014,1793906790214,112.0752
6299,E,1793898671814,1794002695414,104.0236
6302,N,1794003659314,1794058737314,55.078
6304,L,1794098717014,1794162736314,64.0193
6306,A,1794202737714,1794242682414,39.9447
6308,N,1794298712614,1794362691114,63.9785
6310,D,1794402627114,1794506800814,104.1737
6311,F,1794498711914,1794570795714,72.0838
6314,H,1794602738714,1794698752514,96.0138
6316,B,1794699494514,1794818708514,119.214
6317,U,1794802734814,1794898692414,95.9576
6320,R,1794899654214,1795018770714,119.1165
6321,G,1795002732014,1795098705114,95.9731
6324,E,1795099577114,1795202693314,103.1162
6326,N,1795203578114,1795258695214,55.1171
6328,L,1795298737614,1795362748914,64.0113
6330,A,1795394708614,1795442698214,47.9896
6332,N,1795498750414,1795546705914,47.9555
6334,D,1795602701914,1795706780014,104.0781
6335,F,1795698731014,1795778747214,80.0162
6338,H,1795794751014,1795906682914,111.9319
6339,B,1795898730614,1796018616614,119.886
6341,U,1795994713714,1796106717414,112.0037
6343,R,1796098767314,1796218720214,119.9529
6345,G,1796194712414,1796306725814,112.0134
6347,E,1796298726014,1796394527914,95.8019
6350,N,1796402727814,1796458733814,56.006
6352,L,1796498685014,1796562725614,64.0406
6354,A,1796602712814,1796642494814,39.782
6356,N,1796698500114,1796762729414,64.2293
6358,D,1796802716814,1796906724714,104.0079
6359,F,1796898743414,1796962730714,63.9873
6362,H,1797002789114,1797098740314,95.9512
6364,B,1797099626014,1797218712014,119.086
6365,U,1797202721914,1797306730214,104.0083
6367,R,1797298765014,1797418768814,120.0038
6369,G,1797402697514,1797498807214,96.1097
6372,E,1797499983614,1797602767614,102.784
6374,N,1797603657714,1797650808214,47.1505
6376,L,1797698733414,1797762716214,63.9828
6378,A,1797794697414,1797842826314,48.1289
6380,N,1797898797414,1797946689914,47.8925
6382,D,1798002707314,1798106746414,104.0391
6383,F,1798098717914,1798178709114,79.9912
6386,H,1798194718114,1798306825314,112.1072
6387,B,1798298748214,1798418752814,120.0046
6389,U,1798394709514,1798506732614,112.0231
6391,R,1798498746814,1798618807714,120.0609
6393,G,1798594773114,1798706796714,112.0236
6395,E,1798698816514,1798794557014,95.7405
6398,N,1798795391114,1798858506814,63.1157
6400,L,1798898760014,1798954758414,55.9984
6402,A,1799002669514,1799042734214,40.0647
6404,N,1799098747814,1799162681314,63.9335
6406,D,1799202717614,1799306708414,103.9908
6407,F,1799298728114,1799370742914,72.0148
6410,H,1799402743014,1799498805714,96.0627
6412,B,1799499725714,1799618915214,119.1895
6413,U,1799602750414,1799706799614,104.0492
6415,R,1799698774714,1799818897214,120.1225
6417,G,1799802775114,1799906467314,103.6922
6419,E,1799898740014,1800010822414,112.0824
6421,N,1800002507314,1800058738214,56.2309
6424,L,1800098720514,1800162751914,64.0314
6426,A,1800194580914,1800242793014,48.2121
6428,N,1800298807214,1800338763614,39.9564
6430,D,1800402788914,1800514690814,111.9019
6431,F,1800498818814,1800570728114,71.9093
6434,H,1800594953814,1800698765114,103.8113
6436,B,1800699377114,1800818751414,119.3743
6437,U,1800794936914,1800906718614,111.7817
6439,R,1800898780314,1801010812414,112.0321
6441,G,1800994929314,1801106711414,111.7821
6443,E,1801098747614,1801202752214,104.0046
6446,N,1801203230414,1801258766914,55.5365
6448,L,1801298758014,1801362531714,63.7737
6450,A,1801402746414,1801442541214,39.7948
6452,N,1801498743914,1801562644514,63.9006
6454,D,1801602767314,1801706768514,104.0012
6455,F,1801698795414,1801770747914,71.9525
6458,H,1801802769314,1801898767514,95.9982
6460,B,1801899716814,1802018741514,119.0247
6461,U,1802002751114,1802106753614,104.0025
6463,R,1802098738614,1802218826014,120.0874
6465,G,1802202761414,1802306713114,103.9517
6467,E,1802298789114,1802410776714,111.9876
6469,N,1802402800814,1802458772114,55.9713
6472,L,1802498792314,1802562917214,64.1249
6474,A,1802594766814,1802642801214,48.0344
6476,N,1802698759614,1802738740714,39.9811
6478,D,1802802788914,1802914504714,111.7158
6479,F,1802898872314,1802970791614,71.9193
6482,H,1802994759214,1803098595314,103.8361
6484,B,1803099439914,1803218799514,119.3596
6485,U,1803194782914,1803298752714,103.9698
6488,R,1803299659914,1803410803314,111.1434
6489,G,1803402803614,1803506831514,104.0279
6491,E,1803498863414,1803610741814,111.8784
6493,N,1803602805714,1803658829814,56.0241
6496,L,1803698768814,1803762749114,63.9803
6498,A,1803802875414,1803842815814,39.9404
6500,N,1803898761614,1803954765514,56.0039
6502,D,1804002789414,1804106792714,104.0033
6503,F,1804098735514,1804170800614,72.0651
6506,H,1804202799914,1804298770714,95.9708
6508,B,1804299667714,1804418750514,119.0828
6509,U,1804402771314,1804514613114,111.8418
6511,R,1804498570414,1804610765114,112.1947
6513,G,1804602754014,1804706771514,104.0175
6515,E,1804698556614,1804810737514,112.1809
6517,N,1804794763614,1804850781914,56.0183
6520,L,1804898550014,1804962769214,64.2192
6522,A,1804994791314,1805042808814,48.0175
6524,N,1805098551714,1805146844514,48.2928
6526,D,1805202801914,1805314793114,111.9912
6527,F,1805298576214,1805370828214,72.252
6530,H,1805394794014,1805498555614,103.7616
6532,B,1805499227414,1805618790614,119.5632
6533,U,1805602824514,1805706793814,103.9693
6535,R,1805698567414,1805818849314,120.2819
6537,G,1805802782914,1805906804714,104.0218
6539,E,1805898624914,1806002802714,104.1778
6542,N,1806003774614,1806058840314,55.0657
6544,L,1806098557414,1806154494414,55.937
6546,A,1806202526114,1806242772214,40.2461
6548,N,1806298891014,1806346834214,47.9432
6550,D,1806402827614,1806514807314,111.9797
6551,F,1806498879114,1806578723614,79.8445
6554,H,1806602851014,1806698901514,96.0505
6556,B,1806706829114,1806818601114,111.772
6557,U,1806794818814,1806906763914,111.9451
6559,R,1806898850114,1807018890914,120.0408
6561,G,1806994820914,1807106796214,111.9753
6563,E,1807098848214,1807202756514,103.9083
6565,N,1807194806114,1807250842114,56.036
6568,L,1807298788314,1807354722614,55.9343
6570,A,1807394786414,1807442804014,48.0176
6572,N,1807498849214,1807546766014,47.9168
6574,D,1807594782514,1807706847514,112.065
6575,F,1807698848014,1807770782014,71.934
6578,H,1807802792014,1807906820514,104.0285
6579,B,1807898829214,1808018615214,119.786
6581,U,1808002852814,1808106734314,103.8815
6583,R,1808098811714,1808218802714,119.991
6585,G,1808202914414,1808306563014,103.6486
6587,E,1808298853414,1808402810914,103.9575
6590,N,1808403506014,1808458784214,55.2782
6592,L,1808498837414,1808562846014,64.0086
6594,A,1808602821914,1808642810414,39.9885
6596,N,1808698873214,1808754814814,55.9416
6598,D,1808802809514,1808914792614,111.9831
6599,F,1808898801514,1808970828014,72.0265
6602,H,1809002819814,1809098808414,95.9886
6604,B,1809099491314,1809218656714,119.1654
6605,U,1809194841714,1809306835514,111.9938
6607,R,1809298859514,1809410830914,111.9714
6609,G,1809394836114,1809514883814,120.0477
6611,E,1809506840514,1809602615214,95.7747
6613,N,1809594856414,1809651043214,56.1868
6616,L,1809698862014,1809754801414,55.9394
6618,A,1809794867114,1809842820214,47.9531
6620,N,1809898905014,1809946848514,47.9435
6622,D,1810002800314,1810106939414,104.1391
6623,F,1810098825114,1810170592814,71.7677
6626,H,1810202587614,1810298812714,96.2251
6628,B,1810299482414,1810418594014,119.1116
6629,U,1810402600414,1810506843014,104.2426
6631,R,1810498812314,1810618795814,119.9835
6633,G,1810602643514,1810706830614,104.1871
6635,E,1810698883214,1810802596114,103.7129
6638,N,1810803525814,1810858578514,55.0527
6640,L,1810898835114,1810962848814,64.0137
6642,A,1810994873414,1811042894714,48.0213
6644,N,1811098783114,1811154739314,55.9562
6646,D,1811202509114,1811314842414,112.3333
6647,F,1811298861914,1811370877414,72.0155
6650,H,1811394822814,1811506812014,111.9892
6651,B,1811498655614,1811618931714,120.2761
6653,U,1811594809214,1811706812014,112.0028
6655,R,1811698822614,1811818894014,120.0714
6657,G,1811794867114,1811914842714,119.9756
6659,E,1811906648114,1812002786814,96.1387
6661,N,1811994862214,1812050835814,55.9736
6664,L,1812098943114,1812154896014,55.9529
6666,A,1812202910614,1812242846214,39.9356
6668,N,1812298875014,1812346882614,48.0076
6670,D,1812402931314,1812506860914,103.9296
6671,F,1812498862314,1812570604814,71.7425
6674,H,1812603077914,1812698872614,95.7947
6676,B,1812699490214,1812818824814,119.3346
6677,U,1812802862314,1812898871914,96.0096
6680,R,1812899825014,1813018851714,119.0267
6681,G,1813002894114,1813114836514,111.9424
6683,E,1813098878214,1813194820814,95.9426
6686,N,1813202860114,1813258829014,55.9689
6688,L,1813298840914,1813362831714,63.9908
6690,A,1813394829514,1813442858914,48.0294
6692,N,1813498829214,1813546853414,48.0242
6694,D,1813602833614,1813714891714,112.0581
6695,F,1813698869114,1813770787014,71.9179
6698,H,1813794858314,1813906526814,111.6685
6699,B,1813898927614,1814026884814,127.9572
6701,U,1813994962114,1814106859914,111.8978
6703,R,1814098873414,1814210844514,111.9711
6705,G,1814194845214,1814306859314,112.0141
6707,E,1814298586614,1814410867314,112.2807
6709,N,1814402843114,1814450924914,48.0818
6712,L,1814498918114,1814554570114,55.652
6714,A,1814602866714,1814642843514,39.9768
6716,N,1814698878614,1814746859614,47.981
6718,D,1814802856814,1814906880214,104.0234
6719,F,1814898883414,1814970874314,71.9909
6722,H,1815002863614,1815098879914,96.0163
6724,B,1815099427014,1815218843214,119.4162
6725,U,1815202870414,1815314839614,111.9692
6727,R,1815298868414,1815418904014,120.0356
6729,G,1815402911614,1815498612114,95.7005
6732,E,1815499542214,1815594844914,95.3027
6734,N,1815602844514,1815658842814,55.9983
6736,L,1815698846214,1815754941114,56.0949
6738,A,1815794854114,1815842920514,48.0664
6740,N,1815898899614,1815954969114,56.0695
6742,D,1816002926714,1816114830614,111.9039
6743,F,1816098893214,1816170901014,72.0078
6746,H,1816194889814,1816298909414,104.0196
6748,B,1816299921914,1816410957014,111.0351
6749,U,1816402873414,1816506845314,103.9719
6751,R,1816498929714,1816610862014,111.9323
6753,G,1816602891114,1816706521914,103.6308
6755,E,1816698907414,1816810921514,112.0141
6757,N,1816802901714,1816858856914,55.9552
6760,L,1816898733914,1816954856314,56.1224
6762,A,1817002864914,1817042845614,39.9807
6764,N,1817098923514,1817146868114,47.9446
6766,D,1817202903614,1817314895714,111.9921
6767,F,1817298918914,1817378599814,79.6809
6770,H,1817402910914,1817498917714,96.0068
6772,B,1817499630114,1817618887914,119.2578
6773,U,1817602912014,1817706809714,103.8977
6775,R,1817698899614,1817810912414,112.0128
6777,G,1817794910014,1817906812014,111.902
6779,E,1817898909114,1818002907814,103.9987
6781,N,1817994895214,1818058894114,63.9989
6784,L,1818098625614,1818154878914,56.2533
6786,A,1818194917314,1818242874314,47.957
6788,N,1818298897614,1818346895114,47.9975
6790,D,1818394885614,1818506991414,112.1058
6791,F,1818498903714,1818570911014,72.0073
6794,H,1818602921414,1818707009714,104.0883
6795,B,1818698963114,1818818902414,119.9393
6797,U,1818802907414,1818906989714,104.0823
6799,R,1818898961914,1819018924214,119.9623
6801,G,1819002969814,1819098902614,95.9328
6804,E,1819099874414,1819210900114,111.0257
6805,N,1819202884214,1819258670014,55.7858
6808,L,1819298912814,1819354889714,55.9769
6810,A,1819402910314,1819442632414,39.7221
6812,N,1819498920614,1819554925114,56.0045
6814,D,1819602903814,1819714872214,111.9684
6815,F,1819698896814,1819770895014,71.9982
6818,H,1819794886714,1819906927814,112.0411
6819,B,1819898900214,1820018878514,119.9783
6821,U,1819994632414,1820106912814,112.2804
6823,R,1820098876914,1820210680614,111.8037
6825,G,1820194907814,1820314910514,120.0027
6827,E,1820306899514,1820402901814,96.0023
6829,N,1820394994414,1820458797114,63.8027
6832,L,1820498928214,1820554914014,55.9858
6834,A,1820602903714,1820642673314,39.7696
6836,N,1820698917714,1820746905814,47.9881
6838,D,1820802701014,1820906942114,104.2411
6839,F,1820898931814,1820978940014,80.0082
6842,H,1821002909914,1821098746214,95.8363
6844,B,1821099656714,1821218877214,119.2205
6845,U,1821202857014,1821298885014,96.028
6848,R,1821299686614,1821418903314,119.2167
6849,G,1821402955514,1821514711314,111.7558
6851,E,1821498937714,1821610682414,111.7447
6853,N,1821602947214,1821658950214,56.003
6856,L,1821698955014,1821754936714,55.9817
6858,A,1821794898814,1821843008614,48.1098
6860,N,1821898928014,1821954904014,55.976
6862,D,1822002925014,1822114913714,111.9887
6863,F,1822098947614,1822170948414,72.0008
6866,H,1822194904614,1822298952214,104.0476
6868,B,1822299672714,1822418651814,118.9791
6869,U,1822394863614,1822506870714,112.0071
6871,R,1822498893514,1822610693214,111.7997
6873,G,1822602919314,1822706938114,104.0188
6875,E,1822698999014,1822810702214,111.7032
6877,N,1822802951014,1822858889214,55.9382
6880,L,1822898925514,1822954917314,55.9918
6882,A,1823002920114,1823042945414,40.0253
6884,N,1823098917714,1823154896314,55.9786
6886,D,1823202937514,1823306720814,103.7833
6887,F,1823298953614,1823378934614,79.981
6890,H,1823402919614,1823498943414,96.0238
6892,B,1823499693814,1823618936814,119.243
6893,U,1823602951514,1823698942314,95.9908
6896,R,1823706940214,1823818922414,111.9822
6897,G,1823802969014,1823906920814,103.9518
6899,E,1823898861614,1824011013114,112.1515
6901,N,1823994759514,1824058781414,64.0219
6904,L,1824098940614,1824154932614,55.992
6906,A,1824194811414,1824242927314,48.1159
6908,N,1824298964414,1824354966014,56.0016
6910,D,1824402963814,1824506953314,103.9895
6911,F,1824498946814,1824570968314,72.0215
6914,H,1824595016814,1824698962114,103.9453
6916,B,1824699974414,1824818983314,119.0089
6917,U,1824802960514,1824907001314,104.0408
6919,R,1824898969414,1825010967914,111.9985
6921,G,1825003074914,1825106671514,103.5966
6923,E,1825098956914,1825202926014,103.9691
6926,N,1825203591114,1825258927414,55.3363
6928,L,1825298929714,1825362647914,63.7182
6930,A,1825402998714,1825442941414,39.9427
6932,N,1825498815014,1825554956314,56.1413
6934,D,1825602962614,1825707005014,104.0424
6935,F,1825699005014,1825779150714,80.1457
6938,H,1825803009814,1825899001314,95.9915
6940,B,1825899599814,1826018932514,119.3327
6941,U,1826002973214,1826098972914,95.9997
6944,R,1826099683314,1826218959614,119.2763
6945,G,1826194975314,1826306968914,111.9936
6947,E,1826298972414,1826402913914,103.9415
6949,N,1826394710814,1826458938814,64.228
6952,L,1826498951814,1826554943214,55.9914
6954,A,1826594942614,1826642923214,47.9806
6956,N,1826699020514,1826746751114,47.7306
6958,D,1826795020714,1826906984114,111.9634
6959,F,1826898974814,1826970980214,72.0054
6962,H,1827002924314,1827098985214,96.0609
6964,B,1827099968214,1827219001914,119.0337
6965,U,1827202968614,1827306720014,103.7514
6967,R,1827298967514,1827419034714,120.0672
6969,G,1827402944114,1827506955314,104.0112
6971,E,1827498914714,1827611043214,112.1285
6973,N,1827602986914,1827658969614,55.9827
6976,L,1827698966814,1827754950114,55.9833
6978,A,1827802989814,1827842838014,39.8482
6980,N,1827898961914,1827955022614,56.0607
6982,D,1828002958614,1828114821714,111.8631
6983,F,1828098731214,1828178973214,80.242
6986,H,1828202960414,1828298963814,96.0034
6988,B,1828299898414,1828418876614,118.9782
6989,U,1828394970914,1828498991214,104.0203
6992,R,1828499800414,1828619025714,119.2253
6993,G,1828594978714,1828707024714,112.046
6996,E,1828707908214,1828802868214,94.96
6997,N,1828794999314,1828858753714,63.7544
7000,L,1828898768714,1828954963214,56.1945
7002,A,1829003024814,1829042968214,39.9434
7004,N,1829098749814,1829154970614,56.2208
7006,D,1829202971014,1829307011014,104.04
7007,F,1829298910914,1829370985314,72.0744
7010,H,1829402986114,1829498771214,95.7851
7012,B,1829506733014,1829618980614,112.2476
7013,U,1829603006514,1829706966514,103.96
7015,R,1829698865214,1829818766514,119.9013
7017,G,1829802941714,1829899001814,96.0601
7020,E,1829899733814,1830003019614,103.2858
7022,N,1830003988014,1830058723814,54.7358
7024,L,1830098741014,1830155041714,56.3007
7026,A,1830194990614,1830242998614,48.008
7028,N,1830298960314,1830363064414,64.1041
7030,D,1830402987414,1830506732214,103.7448
7031,F,1830499071114,1830578964214,79.8931
7034,H,1830595014114,1830706689014,111.6749
7035,B,1830699139114,1830818962114,119.823
7037,U,1830794981814,1830907038814,112.057
7039,R,1830899178214,1831018828014,119.6498
7041,G,1830995038614,1831106955914,111.9173
7043,E,1831099080114,1831203049914,103.9698
7046,N,1831203857114,1831259127314,55.2702
7048,L,1831298818114,1831355020114,56.202
7050,A,1831403004614,1831443098814,40.0942
7052,N,1831499029614,1831547031614,48.002
7054,D,1831603003914,1831706990414,103.9865
7055,F,1831699049914,1831779053514,80.0036
7058,H,1831803060514,1831898998714,95.9382
7060,B,1831906990914,1832010950514,103.9596
7061,U,1832003037514,1832099006814,95.9693
7064,R,1832099752714,1832219021014,119.2683
7065,G,1832203019814,1832307029614,104.0098
7067,E,1832299011014,1832411091414,112.0804
7069,N,1832403106214,1832459062314,55.9561
7072,L,1832499029314,1832554848414,55.8191
7074,A,1832595041114,1832643035014,47.9939
7076,N,1832699024914,1832755077214,56.0523
7078,D,1832803091114,1832906987014,103.8959
7079,F,1832898744614,1832979031014,80.2864
7082,H,1832995031014,1833106986614,111.9556
7083,B,1833099082914,1833211013414,111.9305
7085,U,1833195074914,1833306921714,111.8468
7087,R,1833299004314,1833419045414,120.0411
7089,G,1833403047914,1833506767414,103.7195
7091,E,1833499045514,1833603011614,103.9661
7094,N,1833603892814,1833659007614,55.1148
7096,L,1833699031814,1833754818714,55.7869
7098,A,1833803005814,1833843067114,40.0613
7100,N,1833899093014,1833955009514,55.9165
7102,D,1834003112914,1834107012814,103.8999
7103,F,1834098913614,1834163022214,64.1086
7106,H,1834203026814,1834299052514,96.0257
7108,B,1834300014914,1834418876314,118.8614
7109,U,1834403011514,1834498809714,95.7982
7112,R,1834499765114,1834610987814,111.2227
7113,G,1834602991714,1834699043214,96.0515
7116,E,1834699614214,1834811171414,111.5572
7117,N,1834795062614,1834858773714,63.7111
7120,L,1834899020114,1834954910114,55.89
7122,A,1834995097214,1835043050114,47.9529
7124,N,1835099079314,1835155029214,55.9499
7126,D,1835202830614,1835315068514,112.2379
7127,F,1835299081614,1835379060114,79.9785
7130,H,1835395071314,1835507092814,112.0215
7131,B,1835499092314,1835618775814,119.6835
7133,U,1835602823514,1835707072914,104.2494
7135,R,1835699074514,1835811055014,111.9805
7137,G,1835802950014,1835907043414,104.0934
7139,E,1835899062414,1836002940414,103.878
7142,N,1836003755714,1836058716814,54.9611
7144,L,1836098808714,1836154765514,55.9568
7146,A,1836202998114,1836243043014,40.0449
7148,N,1836299082414,1836354924814,55.8424
7150,D,1836402932914,1836507035614,104.1027
7151,F,1836499085214,1836579096514,80.0113
7154,H,1836603192614,1836699057714,95.8651
7156,B,1836707068814,1836819035914,111.9671
7157,U,1836803217114,1836915052514,111.8354
7159,R,1836898850914,1837011093714,112.2428
7161,G,1837003286614,1837107006914,103.7203
7163,E,1837099085114,1837203151814,104.0667
7165,N,1837194910814,1837259059714,64.1489
7168,L,1837299105914,1837355023814,55.9179
7170,A,1837395064714,1837443068514,48.0038
7172,N,1837499035714,1837555023214,55.9875
7174,D,1837603102814,1837707049114,103.9463
7175,F,1837699093514,1837770828814,71.7353
7178,H,1837803065714,1837907046914,103.9812
7179,B,1837899073814,1838019080914,120.0071
7181,U,1838002887114,1838107041914,104.1548
7183,R,1838099073414,1838218799814,119.7264
7185,G,1838203071214,1838307076814,104.0056
7187,E,1838299109114,1838403073414,103.9643
7190,N,1838403986014,1838459066914,55.0809
7192,L,1838499243014,1838554961514,55.7185
7194,A,1838603103314,1838643055314,39.952
7196,N,1838699114314,1838763150514,64.0362
7198,D,1838803090114,1838915075914,111.9858
7199,F,1838899067914,1838979105914,80.038
7202,H,1839003089714,1839106976414,103.8867
7203,B,1839099106414,1839219075014,119.9686
7205,U,1839203067714,1839307056014,103.9883
7207,R,1839299094814,1839419249414,120.1546
7209,G,1839395088414,1839499088514,104.0001
7212,E,1839500092314,1839602803214,102.7109
7213,N,1839595081414,1839667068114,71.9867
7216,L,1839699093214,1839755204514,56.1113
7218,A,1839795088414,1839843111914,48.0235
7220,N,1839899205214,1839955206514,56.0013
7222,D,1840003101414,1840106820414,103.719
7223,F,1840099092114,1840171064514,71.9724
7226,H,1840203070814,1840291061814,87.991
7228,B,1840299076914,1840419047814,119.9709
7229,U,1840403081014,1840506964014,103.883
7231,R,1840499088614,1840619102414,120.0138
7233,G,1840603115414,1840706877514,103.7621
7235,E,1840699118914,1840811078814,111.9599
7237,N,1840803110214,1840867101414,63.9912
7240,L,1840899094414,1840955116314,56.0219
7242,A,1841002874614,1841042875214,40.0006
7244,N,1841099154214,1841163107714,63.9535
7246,D,1841203070714,1841315109914,112.0392
7247,F,1841299084914,1841363129014,64.0441
7250,H,1841403125714,1841506996414,103.8707
7251,B,1841498881614,1841619016614,120.135
7253,U,1841595065914,1841706811014,111.7451
7255,R,1841699073314,1841819118514,120.0452
7257,G,1841795105714,1841907044714,111.939
7260,E,1841907974014,1841995131614,87.1576
7262,N,1842003144414,1842067081914,63.9375
7264,L,1842099088014,1842155080714,55.9927
7266,A,1842195117914,1842243095314,47.9774
7268,N,1842299117414,1842355077114,55.9597
7270,D,1842403092214,1842507229014,104.1368
7271,F,1842499137914,1842571139314,72.0014
7274,H,1842603116714,1842690777814,87.6611
7276,B,1842699117914,1842827256314,128.1384
7277,U,1842803068214,1842907133614,104.0654
7279,R,1842899083714,1843018827414,119.7437
7281,G,1843003119314,1843107334714,104.2154
7283,E,1843099033714,1843211076614,112.0429
7285,N,1843203129614,1843267086114,63.9565
7288,L,1843299114714,1843363072814,63.9581
7290,A,1843403114314,1843443027614,39.9133
7292,N,1843499118214,1843562884614,63.7664
7294,D,1843603114314,1843707103514,103.9892
7295,F,1843699149514,1843771101814,71.9523
7298,H,1843795112814,1843906865914,111.7531
7299,B,1843899119414,1844027039614,127.9202
7301,U,1843995142114,1844107120014,111.9779
7303,R,1844099106414,1844219158014,120.0516
7305,G,1844195086314,1844315079414,119.9931
7307,E,1844307103414,1844395121714,88.0183
7310,N,1844395645814,1844467151914,71.5061
7312,L,1844499081514,1844555170714,56.0892
7314,A,1844603175614,1844642903114,39.7275
7316,N,1844742903114,1844806822714,63.9196
7318,D,1844846886214,1844958894214,112.008
7319,F,1844942910014,1845014868614,71.9586
7322,H,1845046879314,1845142884114,96.0048
7324,B,1845143865314,1845262874714,119.0094
7325,U,1845246892814,1845358902114,112.0093
7327,R,1845342955814,1845462889314,119.9335
7329,G,1845446930514,1845550917214,103.9867
7331,E,1845542862014,1845654554914,111.6929
7333,N,1845646883414,1845710854214,63.9708
7336,L,1845742843514,1845798867014,56.0235
7338,A,1845838928914,1845894637614,55.7087
7340,N,1845942881214,1846014928114,72.0469
7342,D,1846046890614,1846158859914,111.9693
7343,F,1846142839214,1846214900714,72.0615
7346,H,1846238656214,1846350854414,112.1982
7347,B,1846342915714,1846470814214,127.8985
7349,U,1846438891014,1846550640214,111.7492
7351,R,1846542890614,1846662910814,120.0202
7353,G,1846646954114,1846750843914,103.8898
7355,E,1846742933714,1846854840714,111.907
7357,N,1846846917614,1846902887514,55.9699
7360,L,1846942869914,1846998948314,56.0784
7362,A,1847046880714,1847086881714,40.001
7364,N,1847142864414,1847198900014,56.0356
7366,D,1847246920514,1847358672014,111.7515
7367,F,1847342912714,1847414906814,71.9941
7370,H,1847446946414,1847542907014,95.9606
7372,B,1847558912914,1847662871114,103.9582
7373,U,1847646912114,1847758852214,111.9401
7375,R,1847742865714,1847862883514,120.0178
7377,G,1847846899314,1847950919014,104.0197
7379,E,1847942898514,1848054982114,112.0836
7381,N,1848038822414,1848102906014,64.0836
7384,L,1848142886314,1848198800414,55.9141
7386,A,1848238675014,1848294933414,56.2584
7388,N,1848342981214,1848406872414,63.8912
7390,D,1848446929714,1848558913614,111.9839
7391,F,1848542884014,1848614938814,72.0548
7394,H,1848646904014,1848750980214,104.0762
7395,B,1848742683914,1848870908614,128.2247
7397,U,1848846946314,1848950879114,103.9328
7399,R,1848942980314,1849063061114,120.0808
7401,G,1849047001214,1849150945714,103.9445
7403,E,1849142668114,1849262916014,120.2479
7405,N,1849246926414,1849302970214,56.0438
7408,L,1849342935314,1849398919014,55.9837
7410,A,1849446907214,1849486926614,40.0194
7412,N,1849542937614,1849606672714,63.7351
7414,D,1849646900614,1849758816014,111.9154
7415,F,1849742888514,1849814899214,72.0107
7418,H,1849846906914,1849942593714,95.6868
7420,B,1849943255114,1850062894814,119.6397
7421,U,1850046931614,1850150897114,103.9655
7423,R,1850142895514,1850254955914,112.0604
7425,G,1850238918814,1850358987314,120.0685
7427,E,1850350968014,1850446896814,95.9288
7429,N,1850438938714,1850510949714,72.011
7432,L,1850542779214,1850598928514,56.1493
7434,A,1850638950014,1850686944314,47.9943
7436,N,1850742947014,1850806905614,63.9586
7438,D,1850846958114,1850950908014,103.9499
7439,F,1850942959914,1851014911014,71.9511
7442,H,1851046952514,1851150837814,103.8853
7443,B,1851142741914,1851270889814,128.1479
7445,U,1851246890914,1851350810014,103.9191
7447,R,1851342907614,1851462923214,120.0156
7449,G,1851447004714,1851550910114,103.9054
7451,E,1851542914014,1851654950614,112.0366
7453,N,1851646952814,1851702930814,55.978
7456,L,1851742929014,1851799072614,56.1436
7458,A,1851846920814,1851886930414,40.0096
7460,N,1851942970014,1852007032814,64.0628
7462,D,1852046991614,1852158719014,111.7274
7463,F,1852142801914,1852214995914,72.194
7466,H,1852246943914,1852342941114,95.9972
7468,B,1852343875214,1852462889114,119.0139
7469,U,1852438932214,1852550726814,111.7946
7471,R,1852542920814,1852662936614,120.0158
7473,G,1852638923814,1852758658314,119.7345
7475,E,1852750949314,1852846911914,95.9626
7477,N,1852838983514,1852910929614,71.9461
7480,L,1852942950614,1853006955514,64.0049
7482,A,1853046927814,1853086966914,40.0391
7484,N,1853142710414,1853206919314,64.2089
7486,D,1853246938014,1853350893614,103.9556
7487,F,1853342684714,1853414953114,72.2684
7490,H,1853446926014,1853542745814,95.8198
7492,B,1853543400214,1853670979214,127.579
7493,U,1853646968714,1853750915914,103.9472
7495,R,1853742727914,1853862916614,120.1887
7497,G,1853846981014,1853950934914,103.9539
7499,E,1853942733814,1854054928414,112.1946
7501,N,1854046930014,1854110708714,63.7787
7504,L,1854142731514,1854198945314,56.2138
7506,A,1854238978414,1854294708714,55.7303
7508,N,1854342861714,1854406918414,64.0567
7510,D,1854446989914,1854558929214,111.9393
7511,F,1854542953114,1854615082014,72.1289
7514,H,1854638948314,1854750991214,112.0429
7515,B,1854743064714,1854870979214,127.9145
7517,U,1854838957314,1854950950514,111.9932
7519,R,1854943145614,1855062826114,119.6805
7521,G,1855039001814,1855150732514,111.7307
7523,E,1855142984814,1855238937714,95.9529
7526,N,1855246938514,1855302957914,56.0194
7528,L,1855343026414,1855406961214,63.9348
7530,A,1855446944014,1855486970514,40.0265
7532,N,1855543053614,1855606960514,63.9069
7534,D,1855646964514,1855758665214,111.7007
7535,F,1855742924714,1855822939314,80.0146
7538,H,1855846979314,1855943006814,96.0275
7540,B,1855943989314,1856062755314,118.766
7541,U,1856046970714,1856158941914,111.9712
7543,R,1856142986114,1856262963914,119.9778
7545,G,1856247058614,1856350940814,103.8822
7547,E,1856342950014,1856454911914,111.9619
7549,N,1856446975114,1856510829914,63.8548
7552,L,1856543058814,1856598999614,55.9408
7554,A,1856638706914,1856694751314,56.0444
7556,N,1856742982214,1856806998914,64.0167
7558,D,1856847006814,1856959020714,112.0139
7559,F,1856942969814,1857023010514,80.0407
7562,H,1857038998214,1857150783014,111.7848
7563,B,1857142979714,1857262824514,119.8448
7565,U,1857239036914,1857351001514,111.9646
7567,R,1857343010714,1857454960314,111.9496
7569,G,1857446781314,1857550962114,104.1808
7571,E,1857543010714,1857654996214,111.9855
7573,N,1857646992214,1857710988614,63.9964
7576,L,1857743004914,1857799006314,56.0014
7578,A,1857846983414,1857886946514,39.9631
7580,N,1857943046114,1858006860114,63.814
7582,D,1858046979514,1858158958514,111.979
7583,F,1858142984614,1858214948314,71.9637
7586,H,1858246944414,1858350728714,103.7843
7587,B,1858343026914,1858470974914,127.948
7589,U,1858446970014,1858551004514,104.0345
7591,R,1858543041514,1858654963614,111.9221
7593,G,1858647162214,1858742825514,95.6633
7596,E,1858743559314,1858838764014,95.2047
7598,N,1858846798614,1858910996114,64.1975
7600,L,1858943041414,1859006997114,63.9557
7602,A,1859038991314,1859094988914,55.9976
7604,N,1859142971214,1859214956014,71.9848
7606,D,1859246751314,1859358994414,112.2431
7607,F,1859343035514,1859422981914,79.9464
7610,H,1859438980114,1859551077014,112.0969
7611,B,1859543018914,1859663146314,120.1274
7613,U,1859646809414,1859751070814,104.2614
7615,R,1859743014814,1859854710614,111.6958
7617,G,1859846804714,1859951014814,104.2101
7619,E,1859942972614,1860046912114,103.9395
7622,N,1860047739814,1860102986814,55.247
7624,L,1860142822914,1860198983314,56.1604
7626,A,1860246808714,1860287015214,40.2065
7628,N,1860343073314,1860399027914,55.9546
7630,D,1860446926814,1860558965814,112.039
7631,F,1860542989214,1860623023714,80.0345
7634,H,1860647003314,1860742988814,95.9855
7636,B,1860751110414,1860863014014,111.9036
7637,U,1860847098214,1860951061614,103.9634
7639,R,1860943040614,1861062731814,119.6912
7641,G,1861047092914,1861150988414,103.8955
7643,E,1861142787214,1861255047614,112.2604
7645,N,1861239018814,1861303127914,64.1091
7648,L,1861343058714,1861398820514,55.7618
7650,A,1861439032714,1861495011314,55.9786
7652,N,1861543033514,1861614902414,71.8689
7654,D,1861647039514,1861759032414,111.9929
7655,F,1861743009814,1861814853014,71.8432
7658,H,1861847028314,1861950799414,103.7711
7659,B,1861942998114,1862071021114,128.023
7661,U,1862047006114,1862150983514,103.9774
7663,R,1862143006214,1862263155914,120.1497
7665,G,1862247081914,1862351018914,103.937
7667,E,1862342999414,1862455020314,112.0209
7669,N,1862447061314,1862503011514,55.9502
7672,L,1862543033114,1862598786414,55.7533
7674,A,1862647009514,1862687000014,39.9905
7676,N,1862743055714,1862807053214,63.9975
7678,D,1862847019214,1862958971414,111.9522
7679,F,1862943039314,1863015076414,72.0371
7682,H,1863047045814,1863143052114,96.0063
7684,B,1863143922814,1863262997914,119.0751
7685,U,1863247015514,1863359025714,112.0102
7687,R,1863343010314,1863462993614,119.9833
7689,G,1863446785614,1863559105514,112.3199
7691,E,1863551014114,1863647044714,96.0306
7693,N,1863639036814,1863711137814,72.101
7696,L,1863742818214,1863799170614,56.3524
7698,A,1863839029514,1863895032214,56.0027
7700,N,1863943071914,1864007073914,64.002
7702,D,1864047023514,1864150987014,103.9635
7703,F,1864143037314,1864215066314,72.029
7706,H,1864247041014,1864351080814,104.0398
7707,B,1864343132314,1864463010914,119.8786
7709,U,1864447073714,1864550894514,103.8208
7711,R,1864543056814,1864663018514,119.9617
7713,G,1864647027114,1864750822314,103.7952
7715,E,1864743036214,1864855002114,111.9659
7717,N,1864847021714,1864903047014,56.0253
7720,L,1864943046514,1864999097514,56.051
7722,A,1865046752414,1865087076114,40.3237
7724,N,1865143091014,1865207090514,63.9995
7726,D,1865247097114,1865358860614,111.7635
7727,F,1865343133414,1865415071414,71.938
7730,H,1865447054014,1865543092914,96.0389
7732,B,1865550889214,1865663044314,112.1551
7733,U,1865639050014,1865750830814,111.7808
7735,R,1865743063114,1865863043014,119.9799
7737,G,1865839062614,1865950969814,111.9072
7740,E,1865951927714,1866039043414,87.1157
7742,N,1866039813414,1866111049014,71.2356
7744,L,1866142903014,1866199034914,56.1319
7746,A,1866239002014,1866287045014,48.043
7748,N,1866343146214,1866407133814,63.9876
7750,D,1866447096914,1866551090914,103.994
7751,F,1866543087714,1866615045614,71.9579
7754,H,1866647084814,1866751078414,103.9936
7755,B,1866743072114,1866863055414,119.9833
7757,U,1866847063414,1866951249414,104.186
7759,R,1866943103814,1867063088414,119.9846
7761,G,1867047078414,1867150964614,103.8862
7763,E,1867143055014,1867255038114,111.9831
7765,N,1867247062914,1867311131214,64.0683
7768,L,1867343066214,1867399037514,55.9713
7770,A,1867447063614,1867486952414,39.8888
7772,N,1867543075714,1867607052314,63.9766
7774,D,1867647111914,1867759038914,111.927
7775,F,1867743086414,1867823075514,79.9891
7778,H,1867847100214,1867943104114,96.0039
7780,B,1867943800514,1868063134214,119.3337
7781,U,1868039098114,1868151084714,111.9866
7783,R,1868143005014,1868262878214,119.8732
7785,G,1868239075114,1868359073614,119.9985
7787,E,1868351106814,1868446764014,95.6572
7790,N,1868447674614,1868510813014,63.1384
7792,L,1868542895714,1868598706214,55.8105
7794,A,1868646792414,1868686590814,39.7984
7796,N,1868742655814,1868806879714,64.2239
7798,D,1868846772914,1868959029314,112.2564
7799,F,1868943051114,1869015060814,72.0097
7802,H,1869047088514,1869151014514,103.926
7803,B,1869143043414,1869262988714,119.9453
7805,U,1869247094414,1869351018614,103.9242
7807,R,1869343120914,1869463080214,119.9593
7809,G,1869447101614,1869551103414,104.0018
7811,E,1869543077514,1869647120914,104.0434
7814,N,1869647929714,1869710883614,62.9539
7816,L,1869743087614,1869799088414,56.0008
7818,A,1869839095714,1869895093914,55.9982
7820,N,1869943102414,1870007138114,64.0357
7822,D,1870047074314,1870158783714,111.7094
7823,F,1870143089014,1870215087814,71.9988
7826,H,1870239051314,1870351130714,112.0794
7827,B,1870343110814,1870463101514,119.9907
7829,U,1870439080914,1870551097114,112.0162
7831,R,1870543143214,1870654661614,111.5184
7833,G,1870646665714,1870750630414,103.9647
7835,E,1870742623814,1870854811514,112.1877
7837,N,1870846787114,1870902812714,56.0256
7840,L,1870943083714,1870998903014,55.8193
7842,A,1871047091114,1871087253714,40.1626
7844,N,1871142927214,1871199096514,56.1693
7846,D,1871247105114,1871351134914,104.0298
7847,F,1871343155414,1871415159014,72.0036
7850,H,1871447134114,1871543101614,95.9675
7852,B,1871544179514,1871663077514,118.898
7853,U,1871647082914,1871751111514,104.0286
7855,R,1871743129114,1871863172914,120.0438
7857,G,1871847107014,1871943132114,96.0251
7860,E,1871944117914,1872047176014,103.0581
7862,N,1872048112914,1872103089814,54.9769
7864,L,1872143090314,1872199118714,56.0284
7866,A,1872238905314,1872295115414,56.2101
7868,N,1872343101014,1872407100614,63.9996
7870,D,1872447121814,1872558823214,111.7014
7871,F,1872543192914,1872622870114,79.6772
7874,H,1872638861114,1872751108914,112.2478
7875,B,1872743136114,1872863089014,119.9529
7877,U,1872847072214,1872950957114,103.8849
7879,R,1872943051714,1873055135114,112.0834
7881,G,1873047095914,1873151054514,103.9586
7883,E,1873143104614,1873255137914,112.0333
7885,N,1873247117514,1873303163514,56.046
7888,L,1873343094714,1873399006314,55.9116
7890,A,1873447110114,1873487110614,40.0005
7892,N,1873543128714,1873606901914,63.7732
7894,D,1873647106314,1873758882014,111.7757
7895,F,1873742903214,1873822866914,79.9637
7898,H,1873847153914,1873943203714,96.0498
7900,B,1873943979214,1874063117114,119.1379
7901,U,1874047117614,1874159102414,111.9848
7903,R,1874143075414,1874263137414,120.062
7905,G,1874247106714,1874351062814,103.9561
7907,E,1874343112514,1874446860114,103.7476
7909,N,1874439181214,1874503172514,63.9913
7912,L,1874543116314,1874599140214,56.0239
7914,A,1874639150714,1874695104214,55.9535
7916,N,1874743121814,1874799123314,56.0015
7918,D,1874847181314,1874959076014,111.8947
7919,F,1874943020114,1875015139214,72.1191
7922,H,1875047150514,1875151214514,104.064
7923,B,1875142987914,1875263136414,120.1485
7925,U,1875247138314,1875351112914,103.9746
7927,R,1875342951314,1875463153414,120.2021
7929,G,1875447162814,1875550881314,103.7185
7931,E,1875543104814,1875655195814,112.091
7933,N,1875647092814,1875703152514,56.0597
7936,L,1875743156814,1875799086714,55.9299
7938,A,1875847142614,1875887164014,40.0214
7940,N,1875943160514,1876007298514,64.138
7942,D,1876047130914,1876158869014,111.7381
7943,F,1876143105714,1876207141214,64.0355
7946,H,1876247196214,1876351214714,104.0185
7947,B,1876343125514,1876463187214,120.0617
7949,U,1876447187314,1876558949514,111.7622
7951,R,1876543126614,1876663156214,120.0296
7953,G,1876647155914,1876758997914,111.842
7955,E,1876751137414,1876839128914,87.9915
7958,N,1876840025414,1876911120614,71.0952
7960,L,1876943120314,1876999103314,55.983
7962,A,1877047127814,1877087137314,40.0095
7964,N,1877143168114,1877207257614,64.0895
7966,D,1877247147514,1877350962014,103.8145
7967,F,1877342928414,1877415145314,72.2169
7970,H,1877447197614,1877542953614,95.756
7972,B,1877543826614,1877662931114,119.1045
7973,U,1877647171614,1877751165814,103.9942
7975,R,1877742878714,1877863249414,120.3707
7977,G,1877847153514,1877951127414,103.9739
7979,E,1877943077314,1878055180214,112.1029
7981,N,1878047157514,1878102925314,55.7678
7984,L,1878142937714,1878207162514,64.2248
7986,A,1878247129214,1878287128014,39.9988
7988,N,1878343016114,1878415182014,72.1659
7990,D,1878447207414,1878559216614,112.0092
7991,F,1878543030614,1878623186414,80.1558
7994,H,1878647183014,1878742996814,95.8138
7996,B,1878743999514,1878863123014,119.1235
7997,U,1878839188314,1878951141914,111.9536
7999,R,1878943199214,1879071214114,128.0149
8001,G,1879038988314,1879151171614,112.1833
8004,E,1879151994814,1879247183114,95.1883
8006,N,1879248088014,1879311042314,62.9543
8008,L,1879343299514,1879399146014,55.8465
8010,A,1879447177214,1879487192514,40.0153
8012,N,1879543255114,1879607157914,63.9028
8014,D,1879647137314,1879759140314,112.003
8015,F,1879743269414,1879815151614,71.8822
8018,H,1879847153114,1879943201814,96.0487
8020,B,1879944184214,1880062909214,118.725
8021,U,1880047185214,1880159152214,111.967
8023,R,1880143206014,1880262968514,119.7625
8025,G,1880247198514,1880351161814,103.9633
8027,E,1880343234014,1880455133714,111.8997
8029,N,1880447184314,1880503156214,55.9719
8032,L,1880543206014,1880599175214,55.9692
8034,A,1880639225114,1880694933414,55.7083
8036,N,1880743179414,1880807200014,64.0206
8038,D,1880847179714,1880959150714,111.971
8039,F,1880943183514,1881023161414,79.9779
8042,H,1881039165214,1881150893714,111.7285
8043,B,1881143029914,1881263076514,120.0466
8045,U,1881239129614,1881351148914,112.0193
8047,R,1881343148514,1881455139514,111.991
8049,G,1881447233214,1881551214314,103.9811
8051,E,1881543067314,1881655184014,112.1167
8053,N,1881647181714,1881703170314,55.9886
8056,L,1881743198714,1881799157114,55.9584
8058,A,1881847188314,1881887168214,39.9799
8060,N,1881943228114,1882007189314,63.9612
8062,D,1882047194214,1882159156414,111.9622
8063,F,1882143179814,1882223203314,80.0235
8066,H,1882247187714,1882343169914,95.9822
8068,B,1882359187814,1882463050914,103.8631
8069,U,1882447169414,1882559186914,112.0175
8071,R,1882543184114,1882663044114,119.86
8073,G,1882647147814,1882751148114,104.0003
8075,E,1882743187014,1882847186714,103.9997
8078,N,1882847780714,1882903188214,55.4075
8080,L,1882943231014,1882999232914,56.0019
8082,A,1883039197814,1883095221914,56.0241
8084,N,1883143211814,1883207226814,64.015
8086,D,1883246974814,1883358950514,111.9757
8087,F,1883343179214,1883415181314,72.0021
8090,H,1883439182514,1883551138114,111.9556
8091,B,1883543201114,1883671195414,127.9943
8093,U,1883646976314,1883751171114,104.1948
8095,R,1883743216214,1883855172414,111.9562
8097,G,1883846969914,1883950938414,103.9685
8099,E,1883943179214,1884063325114,120.1459
8101,N,1884047045214,1884103243314,56.1981
8104,L,1884143020214,1884199181214,56.161
8106,A,1884247096414,1884287216914,40.1205
8108,N,1884343236714,1884399194614,55.9579
8110,D,1884447082114,1884558958414,111.8763
8111,F,1884543236614,1884623073114,79.8365
8114,H,1884647186214,1884743233914,96.0477
8116,B,1884744052314,1884863227614,119.1753
8117,U,1884847312314,1884959228114,111.9158
8119,R,1884943221314,1885063256014,120.0347
8121,G,1885047455314,1885151196214,103.7409
8123,E,1885143188814,1885255167014,111.9782
8125,N,1885247424614,1885303189614,55.765
8128,L,1885343227814,1885399115614,55.8878
8130,A,1885439243514,1885495201114,55.9576
8132,N,1885543236514,1885607205814,63.9693
8134,D,1885647301114,1885759223114,111.922
8135,F,1885742911514,1885823205514,80.294
8138,H,1885839227514,1885951246914,112.0194
8139,B,1885943257314,1886070950614,127.6933
8141,U,1886047214414,1886151204614,103.9902
8143,R,1886143197314,1886263284414,120.0871
8145,G,1886247230314,1886351234814,104.0045
8147,E,1886343245714,1886455191714,111.946
8149,N,1886447228614,1886503210914,55.9823
8152,L,1886543246114,1886599010514,55.7644
8154,A,1886647196014,1886687221414,40.0254
8156,N,1886743046314,1886807242514,64.1962
8158,D,1886847300714,1886951206314,103.9056
8159,F,1886943249114,1887023235314,79.9862
8162,H,1887047234314,1887143224214,95.9899
8164,B,1887151150814,1887263224214,112.0734
8165,U,1887247248314,1887359017414,111.7691
8167,R,1887343241014,1887463261614,120.0206
8169,G,1887447270514,1887551238814,103.9683
8171,E,1887543279214,1887647279614,104.0004
8173,N,1887639260214,1887711279314,72.0191
8176,L,1887743262914,1887799225814,55.9629
8178,A,1887839245114,1887895207814,55.9627
8180,N,1887943231014,1888007226414,63.9954
8182,D,1888047272514,1888159232714,111.9602
8183,F,1888143255214,1888215230714,71.9755
8186,H,1888247266414,1888351213314,103.9469
8187,B,1888343360614,1888463188414,119.8278
8189,U,1888447220314,1888551090114,103.8698
8191,R,1888543099114,1888663255814,120.1567
8193,G,1888647255614,1888751028914,103.7733
8195,E,1888743265014,1888855259914,111.9949
8197,N,1888847243914,1888902974114,55.7302
8200,L,1888943297814,1888999276414,55.9786
8202,A,1889047270014,1889087220314,39.9503
8204,N,1889143029814,1889207273814,64.244
8206,D,1889247257414,1889359294414,112.037
8207,F,1889343277414,1889415311814,72.0344
8210,H,1889447244014,1889543275814,96.0318
8212,B,1889544080214,1889663242414,119.1622
8213,U,1889647099414,1889759262014,112.1626
8215,R,1889743327214,1889863271814,119.9446
8217,G,1889847269614,1889951111414,103.8418
8220,E,1889952085314,1890047278414,95.1931
8221,N,1890039263014,1890111324514,72.0615
8224,L,1890143269714,1890199355014,56.0853
8226,A,1890239263414,1890287097314,47.8339
8228,N,1890343281614,1890407355414,64.0738
8230,D,1890447272114,1890559242914,111.9708
8231,F,1890543257814,1890615231614,71.9738
8234,H,1890647263614,1890751333514,104.0699
8235,B,1890743255614,1890863281414,120.0258
8237,U,1890847279714,1890951345114,104.0654
8239,R,1890943301614,1891063348514,120.0469
8241,G,1891047335414,1891151387214,104.0518
8243,E,1891143348614,1891255267814,111.9192
8245,N,1891247265814,1891303252014,55.9862
8248,L,1891343266414,1891399038314,55.7719
8250,A,1891447285314,1891487250414,39.9651
8252,N,1891543285114,1891607279614,63.9945
8254,D,1891647038414,1891759279814,112.2414
8255,F,1891743287714,1891815297114,72.0094
8258,H,1891847304414,1891943262014,95.9576
8260,B,1891951327914,1892063254914,111.927
8261,U,1892039243814,1892151316714,112.0729
8263,R,1892143271614,1892263268214,119.9966
8265,G,1892239341314,1892359314314,119.973
8267,E,1892351307114,1892439218914,87.9118
8270,N,1892440237814,1892511269314,71.0315
8272,L,1892543273814,1892607280914,64.0071
8274,A,1892647298414,1892687267714,39.9693
8276,N,1892743280214,1892807294014,64.0138
8278,D,1892847276514,1892951270914,103.9944
8279,F,1892943304414,1893023305714,80.0013
8282,H,1893047309614,1893143177314,95.8677
8284,B,1893144148214,1893271028814,126.8806
8285,U,1893247263014,1893351264014,104.001
8287,R,1893343030114,1893463307214,120.2771
8289,G,1893447278214,1893551265614,103.9874
8291,E,1893543282914,1893655266514,111.9836
8293,N,1893647315314,1893711295514,63.9802
8296,L,1893743332214,1893799266414,55.9342
8298,A,1893839309014,1893895281514,55.9725
8300,N,1893943301014,1894007308014,64.007
8302,D,1894047317114,1894159287914,111.9708
8303,F,1894143297414,1894223313114,80.0157
8306,H,1894239298014,1894351323514,112.0255
8307,B,1894343290414,1894463300314,120.0099
8309,U,1894439269214,1894551347714,112.0785
8311,R,1894543312314,1894655047914,111.7356
8313,G,1894647275214,1894751266214,103.991
8315,E,1894742990614,1894847291914,104.3013
8318,N,1894848273214,1894903016214,54.743
8320,L,1894943309914,1894999282014,55.9721
8322,A,1895047319414,1895087498314,40.1789
8324,N,1895143362914,1895207288914,63.926
8326,D,1895247305914,1895359289914,111.984
8327,F,1895343312214,1895423279914,79.9677
8330,H,1895447393414,1895543320614,95.9272
8332,B,1895544227714,1895663330414,119.1027
8333,U,1895647367014,1895751325814,103.9588
8335,R,1895743387914,1895863198014,119.8101
8337,G,1895847397414,1895951334214,103.9368
8339,E,1895943331414,1896055035814,111.7044
8341,N,1896047291414,1896111301014,64.0096
8344,L,1896143043314,1896199259214,56.2159
8346,A,1896239078514,1896295326014,56.2475
8348,N,1896343261114,1896415274314,72.0132
8350,D,1896447360714,1896559331714,111.971
8351,F,1896543317514,1896615271714,71.9542
8354,H,1896647351614,1896751077014,103.7254
8355,B,1896743316714,1896863286514,119.9698
8357,U,1896847324714,1896951278614,103.9539
8359,R,1896943320414,1897063284514,119.9641
8361,G,1897047288614,1897151362714,104.0741
8363,E,1897143122814,1897255463514,112.3407
8365,N,1897247327614,1897303520614,56.193
8368,L,1897343061814,1897399331214,56.2694
8370,A,1897447329714,1897487319614,39.9899
8372,N,1897543318114,1897607294814,63.9767
8374,D,1897647338514,1897759329014,111.9905
8375,F,1897743357714,1897807118414,63.7607
8378,H,1897847325514,1897943374014,96.0485
8380,B,1897944167214,1898063332614,119.1654
8381,U,1898047358614,1898151009014,103.6504
8383,R,1898143161614,1898255298114,112.1365
8385,G,1898247430114,1898359196514,111.7664
8387,E,1898351337314,1898455355714,104.0184
8389,N,1898439316014,1898511305814,71.9898
8392,L,1898543295914,1898599334314,56.0384
8394,A,1898639351714,1898695285414,55.9337
8396,N,1898743335914,1898807281814,63.9459
8398,D,1898847303514,1898959196614,111.8931
8399,F,1898943321714,1899015316014,71.9943
8402,H,1899047379914,1899151315314,103.9354
8403,B,1899143429514,1899263375714,119.9462
8405,U,1899247343614,1899351376614,104.033
8407,R,1899343312914,1899463364514,120.0516
8409,G,1899447419214,1899551424114,104.0049
8411,E,1899543276114,1899647415614,104.1395
8414,N,1899647989514,1899703345214,55.3557
8416,L,1899743094414,1899799341614,56.2472
8418,A,1899847344914,1899887377614,40.0327
8420,N,1899943343414,1900007374114,64.0307
8422,D,1900047351414,1900159169614,111.8182
8423,F,1900143285814,1900215386714,72.1009
8426,H,1900247108514,1900343320014,96.2115
8428,B,1900351371314,1900463363914,111.9926
8429,U,1900439429414,1900551333814,111.9044
8431,R,1900543373514,1900663344014,119.9705
8433,G,1900639337214,1900759232214,119.895
8435,E,1900751385914,1900855351614,103.9657
8437,N,1900839347814,1900911353014,72.0052
8440,L,1900943328414,1901007339114,64.0107
8442,A,1901047370714,1901095335914,47.9652
8444,N,1901143352314,1901215356714,72.0044
8446,D,1901247364414,1901351343514,103.9791
8447,F,1901343334714,1901423340914,80.0062
8450,H,1901447319414,1901551077914,103.7585
8451,B,1901543337914,1901663333114,119.9952
8453,U,1901647341914,1901751363314,104.0214
8455,R,1901743130014,1901863349714,120.2197
8457,G,1901847044814,1901959168814,112.124
8459,E,1901943152314,1902047378714,104.2264
8462,N,1902048362914,1902103155514,54.7926
8464,L,1902143142014,1902199312714,56.1707
8466,A,1902247346814,1902295442614,48.0958
8468,N,1902343134614,1902407345514,64.2109
8470,D,1902447331914,1902559456814,112.1249
8471,F,1902543244014,1902615401014,72.157
8474,H,1902647377614,1902751317414,103.9398
8476,B,1902752317114,1902863340514,111.0234
8477,U,1902839415114,1902951357414,111.9423
8479,R,1902943132514,1903063453414,120.3209
8481,G,1903047370814,1903167397814,120.027
8483,E,1903151379314,1903255371814,103.9925
8485,N,1903247394614,1903311339014,63.9444
8488,L,1903343506014,1903407277814,63.7718
8490,A,1903447353114,1903487337514,39.9844
8492,N,1903543552714,1903615444414,71.8917
8494,D,1903647188214,1903751454014,104.2658
8495,F,1903743514814,1903823414714,79.8999
8498,H,1903847381414,1903951360714,103.9793
8499,B,1903943499414,1904071389414,127.89
8501,U,1904047372714,1904159409114,112.0364
8503,R,1904143349714,1904263337814,119.9881
8505,G,1904247143914,1904343421614,96.2777
8508,E,1904344147614,1904439367014,95.2194
8510,N,1904447374614,1904503411214,56.0366
8512,L,1904543368814,1904599438314,56.0695
8514,A,1904639377314,1904695094814,55.7175
8516,N,1904743150514,1904799383914,56.2334
8518,D,1904847360814,1904959376314,112.0155
8519,F,1904943426314,1905015384914,71.9586
8522,H,1905039381414,1905151116814,111.7354
8523,B,1905143386914,1905263335014,119.9481
8525,U,1905247410314,1905351173314,103.763
8527,R,1905343400014,1905455405514,112.0055
8529,G,1905447431114,1905551361014,103.9299
8531,E,1905543369914,1905655355414,111.9855
8533,N,1905647363214,1905711534514,64.1713
8536,L,1905743404814,1905807367014,63.9622
8538,A,1905847429514,1905887448014,40.0185
8540,N,1905943403914,1906007400114,63.9962
8542,D,1906047365714,1906159137414,111.7717
8543,F,1906143280614,1906223376514,80.0959
8546,H,1906247426714,1906351379514,103.9528
8547,B,1906343424814,1906463200914,119.7761
8549,U,1906447374914,1906559404414,112.0295
8551,R,1906543415414,1906663164214,119.7488
8553,G,1906647378914,1906759401014,112.0221
8555,E,1906751462114,1906847174214,95.7121
8557,N,1906839436014,1906903569114,64.1331
8560,L,1906943389714,1906999361714,55.972
8562,A,1907039382114,1907095506814,56.1247
8564,N,1907143375314,1907207388014,64.0127
8566,D,1907247381814,1907359371714,111.9899
8567,F,1907343418814,1907415410514,71.9917
8570,H,1907447172714,1907551344914,104.1722
8571,B,1907543370614,1907663177314,119.8067
8573,U,1907647165114,1907751449214,104.2841
8575,R,1907743082014,1907863288814,120.2068
8577,G,1907847197714,1907951159614,103.9619
8579,E,1907943421614,1908055303714,111.8821
8581,N,1908047175514,1908111423514,64.248
8584,L,1908143403414,1908199393714,55.9903
8586,A,1908247158914,1908287411314,40.2524
8588,N,1908343379314,1908407389414,64.0101
8590,D,1908447172014,1908559408514,112.2365
8591,F,1908543402414,1908623440014,80.0376
8594,H,1908647240814,1908751436214,104.1954
8595,B,1908743437814,1908871446814,128.009
8597,U,1908839453314,1908951410714,111.9574
8599,R,1908943413314,1909063422214,120.0089
8601,G,1909039448814,1909159347514,119.8987
8603,E,1909151411514,1909247608214,96.1967
8606,N,1909248532314,1909311423514,62.8912
8608,L,1909343440614,1909407420614,63.98
8610,A,1909447590814,1909487408614,39.8178
8612,N,1909543418114,1909607406414,63.9883
8614,D,1909647507814,1909751399014,103.8912
8615,F,1909743434814,1909815210214,71.7754
8618,H,1909847530514,1909943520314,95.9898
8620,B,1909944360014,1910063414914,119.0549
8621,U,1910047576614,1910151406014,103.8294
8623,R,1910143434414,1910263452214,120.0178
8625,G,1910247424714,1910351413014,103.9883
8627,E,1910343302114,1910455485014,112.1829
8629,N,1910447453114,1910503430314,55.9772
8632,L,1910543458914,1910607433214,63.9743
8634,A,1910639459714,1910687444614,47.9849
8636,N,1910743438914,1910799204214,55.7653
8638,D,1910847458114,1910959220914,111.7628
8639,F,1910951441614,1911023452014,72.0104
8642,H,1911039423314,1911151255614,111.8323
8643,B,1911143195414,1911263390314,120.1949
8645,U,1911239380014,1911351176014,111.796
8647,R,1911343461514,1911463446614,119.9851
8649,G,1911447435314,1911567258614,119.8233
8651,E,1911551227814,1911647486114,96.2583
8654,N,1911648338914,1911703471014,55.1321
8656,L,1911743465214,1911807444514,63.9793
8658,A,1911847438314,1911887451814,40.0135
8660,N,1911943449014,1912007443314,63.9943
8662,D,1912047421914,1912159452814,112.0309
8663,F,1912143437314,1912215468814,72.0315
8666,H,1912247458714,1912343359714,95.901
8668,B,1912344212014,1912463459814,119.2478
8669,U,1912447437214,1912551167914,103.7307
8671,R,1912543442314,1912663450914,120.0086
8673,G,1912647486814,1912751375014,103.8882
8675,E,1912743456614,1912855424014,111.9674
8677,N,1912847506814,1912903299214,55.7924
8680,L,1912943468314,1913007457114,63.9888
8682,A,1913039459314,1913087507514,48.0482
8684,N,1913143473314,1913199467214,55.9939
8686,D,1913247460814,1913359424414,111.9636
8687,F,1913343432814,1913415435214,72.0024
8690,H,1913447466814,1913551298714,103.8319
8691,B,1913543452014,1913671478114,128.0261
8693,U,1913647490914,1913751281714,103.7908
8695,R,1913743463914,1913863462114,119.9982
8697,G,1913847441514,1913951284614,103.8431
8699,E,1913943716214,1914047530814,103.8146
8702,N,1914048301614,1914103214814,54.9132
8704,L,1914143500914,1914207472514,63.9716
8706,A,1914247476814,1914287479414,40.0026
8708,N,1914343485514,1914399457814,55.9723
8710,D,1914447454614,1914559478114,112.0235
8711,F,1914543493414,1914615485814,71.9924
8714,H,1914647390814,1914743490614,96.0998
8716,B,1914744504914,1914863461614,118.9567
8717,U,1914847470114,1914943478414,96.0083
8720,R,1914944475514,1915063444114,118.9686
8721,G,1915047497514,1915159431114,111.9336
8723,E,1915151589414,1915247483714,95.8943
8725,N,1915239425414,1915295465614,56.0402
8728,L,1915343534514,1915407473414,63.9389
8730,A,1915447484814,1915487359714,39.8749
8732,N,1915543471214,1915591461714,47.9905
8734,D,1915647460714,1915751601814,104.1411
8735,F,1915743480714,1915823513314,80.0326
8738,H,1915847489314,1915943485114,95.9958
8740,B,1915944141314,1916063492914,119.3516
8741,U,1916047469414,1916159526514,112.0571
8743,R,1916143497314,1916263243614,119.7463
8745,G,1916247559214,1916359451414,111.8922
8747,E,1916343551414,1916439455914,95.9045
8750,N,1916447455914,1916503220414,55.7645
8752,L,1916543453114,1916599459814,56.0067
8754,A,1916647463214,1916687454814,39.9916
8756,N,1916743579314,1916799484514,55.9052
8758,D,1916847514414,1916959504014,111.9896
8759,F,1916943506514,1917015480814,71.9743
8762,H,1917047473414,1917151529414,104.056
8764,B,1917152478214,1917271261814,118.7836
8765,U,1917239487914,1917351508614,112.0207
8767,R,1917343508414,1917455479214,111.9708
8769,G,1917447269514,1917551543914,104.2744
8772,E,1917552364314,1917655363514,102.9992
8773,N,1917647575114,1917703413814,55.8387
8776,L,1917743502514,1917807220514,63.718
8778,A,1917847197514,1917887324014,40.1265
8780,N,1917943175514,1917999474514,56.299
8782,D,1918047497314,1918151503814,104.0065
8783,F,1918143484614,1918223478014,79.9934
8786,H,1918247486114,1918351481114,103.995
8787,B,1918343499914,1918463504014,120.0041
8789,U,1918447558614,1918551465814,103.9072
8791,R,1918543479014,1918663489814,120.0108
8793,G,1918647471414,1918743531514,96.0601
8796,E,1918744537114,1918847518314,102.9812
8798,N,1918848187114,1918903511014,55.3239
8800,L,1918943494414,1919007513414,64.019
8802,A,1919039494014,1919087573214,48.0792
8804,N,1919143221014,1919191514614,48.2936
8806,D,1919247507714,1919359518514,112.0108
8807,F,1919343580914,1919415481714,71.9008
8810,H,1919439492014,1919543521314,104.0293
8812,B,1919544082714,1919671518414,127.4357
8813,U,1919647546714,1919751307914,103.7612
8815,R,1919743510314,1919855365514,111.8552
8817,G,1919847515514,1919951486414,103.9709
8819,E,1919943584014,1920055420414,111.8364
8821,N,1920047502414,1920103540214,56.0378
8824,L,1920143501014,1920207508914,64.0079
8826,A,1920247306314,1920287530314,40.224
8828,N,1920343552814,1920399522214,55.9694
8830,D,1920447554014,1920559506414,111.9524
8831,F,1920543522814,1920623514614,79.9918
8834,H,1920647527114,1920751480714,103.9536
8835,B,1920743531614,1920863541414,120.0098
8837,U,1920847523714,1920959519014,111.9953
8839,R,1920943528714,1921063534514,120.0058
8841,G,1921047514214,1921143526314,96.0121
8844,E,1921144318714,1921247537114,103.2184
8846,N,1921248482114,1921303535514,55.0534
8848,L,1921343524914,1921407497814,63.9729
8850,A,1921439353514,1921487520614,48.1671
8852,N,1921543534714,1921591484014,47.9493
8854,D,1921647577514,1921759521414,111.9439
8855,F,1921743515014,1921815594914,72.0799
8858,H,1921847550114,1921951231414,103.6813
8859,B,1921943419714,1922063508614,120.0889
8861,U,1922047508514,1922143574114,96.0656
8864,R,1922144365414,1922263544414,119.179
8865,G,1922247544114,1922351576214,104.0321
8867,E,1922343562814,1922439666514,96.1037
8870,N,1922447516414,1922503553714,56.0373
8872,L,1922543520114,1922607282214,63.7621
8874,A,1922647521114,1922687520414,39.9993
8876,N,1922743528614,1922799521814,55.9932
8878,D,1922847551014,1922959327514,111.7765
8879,F,1922943587314,1923023693914,80.1066
8882,H,1923047541814,1923143583614,96.0418
8884,B,1923144413314,1923263486014,119.0727
8885,U,1923247508314,1923359348714,111.8404
8887,R,1923343515814,1923463513414,119.9976
8889,G,1923447585414,1923551511814,103.9264
8892,E,1923552190314,1923639536614,87.3463
8894,N,1923640406614,1923695525014,55.1184
8896,L,1923743544314,1923807692314,64.148
8898,A,1923839548214,1923887540414,47.9922
8900,N,1923943555114,1923991442914,47.8878
8902,D,1924047565514,1924151536114,103.9706
8903,F,1924143447314,1924215556214,72.1089
8906,H,1924247538814,1924343579714,96.0409
8908,B,1924344477214,1924463570414,119.0932
8909,U,1924447547214,1924551510314,103.9631
8911,R,1924543526714,1924663590114,120.0634
8913,G,1924647541214,1924751437614,103.8964
8915,E,1924743524314,1924855617614,112.0933
8917,N,1924847551614,1924903550214,55.9986
8920,L,1924943532014,1925007542114,64.0101
8922,A,1925047658414,1925087583614,39.9252
8924,N,1925143364914,1925199551714,56.1868
8926,D,1925247286414,1925359564214,112.2778
8927,F,1925343544414,1925423582314,80.0379
8930,H,1925447556014,1925543536014,95.98
8932,B,1925544464214,1925663544914,119.0807
8933,U,1925647567814,1925751570614,104.0028
8935,R,1925743379714,1925863567214,120.1875
8937,G,1925847635514,1925951601714,103.9662
8940,E,1925952565514,1926047529714,94.9642
8941,N,1926039553714,1926103575414,64.0217
8944,L,1926143316014,1926199555014,56.239
8946,A,1926239564814,1926287593614,48.0288
8948,N,1926343294114,1926391656114,48.362
8950,D,1926447585414,1926559449214,111.8638
8951,F,1926543332514,1926615557314,72.2248
8954,H,1926647601414,1926751583314,103.9819
8955,B,1926743271214,1926863573114,120.3019
8957,U,1926847596014,1926951574414,103.9784
8959,R,1926943320714,1927063635614,120.3149
8961,G,1927047624714,1927151525114,103.9004
8963,E,1927143347314,1927255613414,112.2661
8965,N,1927247576414,1927303541314,55.9649
8968,L,1927343478714,1927407542114,64.0634
8970,A,1927447555514,1927487559814,40.0043
8972,N,1927543565714,1927599585914,56.0202
8974,D,1927647546914,1927759538214,111.9913
8975,F,1927743638414,1927823572314,79.9339
8978,H,1927847524314,1927943787614,96.2633
8980,B,1927944704914,1928063587014,118.8821
8981,U,1928047556114,1928159587114,112.031
8983,R,1928151576414,1928263294514,111.7181
8985,G,1928247607314,1928351589114,103.9818
8988,E,1928352581314,1928447515314,94.934
8989,N,1928439553714,1928503549014,63.9953
8992,L,1928543580414,1928607562214,63.9818
8994,A,1928647594014,1928687580514,39.9865
8996,N,1928743605914,1928791593714,47.9878
8998,D,1928847580114,1928959604014,112.0239
8999,F,1928943588814,1929015656014,72.0672
9002,H,1929047419614,1929143662914,96.2433
9004,B,1929144276714,1929263586714,119.31
9005,U,1929247596014,1929343612314,96.0163
9008,R,1929344511714,1929463422814,118.9111
9009,G,1929447611014,1929559681014,112.07
9011,E,1929543583714,1929655699614,112.1159
9013,N,1929647574714,1929703595414,56.0207
9016,L,1929743657014,1929807335914,63.6789
9018,A,1929847604314,1929887600314,39.996
9020,N,1929943616214,1929999588214,55.972
9022,D,1930047570414,1930159573614,112.0032
9023,F,1930143557514,1930223637814,80.0803
9026,H,1930247566114,1930351644414,104.0783
9028,B,1930352563114,1930463396314,110.8332
9029,U,1930439621714,1930551607314,111.9856
9031,R,1930543634614,1930655615414,111.9808
9033,G,1930639614114,1930743593914,103.9798
9036,E,1930751626014,1930847582014,95.956
9038,N,1930848243314,1930903590614,55.3473
9040,L,1930943295414,1931007560814,64.2654
9042,A,1931047574414,1931087614014,40.0396
9044,N,1931143590114,1931191678314,48.0882
9046,D,1931247599814,1931351592514,103.9927
9047,F,1931343633314,1931423309314,79.676
9050,H,1931447629214,1931543670414,96.0412
9052,B,1931544592914,1931663477414,118.8845
9053,U,1931647611714,1931751385014,103.7733
9055,R,1931743594914,1931863473314,119.8784
9057,G,1931847370114,1931943613414,96.2433
9060,E,1931944492814,1932055532114,111.0393
9061,N,1932047393214,1932103608314,56.2151
9064,L,1932143679314,1932199666114,55.9868
9066,A,1932239654014,1932287633514,47.9795
9068,N,1932351633314,1932399610614,47.9773
9070,D,1932447422914,1932559316014,111.8931
9071,F,1932543609414,1932623609014,79.9996
9074,H,1932639674514,1932751599714,111.9252
9075,B,1932743671414,1932855582714,111.9113
9077,U,1932847515614,1932951487414,103.9718
9079,R,1932943601314,1933063633214,120.0319
9081,G,1933047508014,1933151500914,103.9929
9083,E,1933143710514,1933255584514,111.874
9085,N,1933247450714,1933303613014,56.1623
9088,L,1933343638214,1933407609014,63.9708
9090,A,1933447753814,1933487616314,39.8625
9092,N,1933543576214,1933591680214,48.104
9094,D,1933647811514,1933759643214,111.8317
9095,F,1933743604414,1933815387514,71.7831
9098,H,1933847800114,1933943732814,95.9327
9100,B,1933951620014,1934063591814,111.9718
9101,U,1934047423314,1934143646614,96.2233
9104,R,1934144522014,1934263575314,119.0533
9105,G,1934247643414,1934351653614,104.0102
9107,E,1934343632814,1934447620914,103.9881
9110,N,1934448684814,1934511635714,62.9509
9112,L,1934543643514,1934607712114,64.0686
9114,A,1934639626814,1934687624714,47.9979
9116,N,1934743639014,1934799349514,55.7105
9118,D,1934847461914,1934959653214,112.1913
9119,F,1934943639614,1935015414214,71.7746
9122,H,1935047617014,1935151444414,103.8274
9123,B,1935143623014,1935263347814,119.7248
9125,U,1935247649914,1935351562214,103.9123
9127,R,1935343645514,1935463674614,120.0291
9129,G,1935447701814,1935551357914,103.6561
9131,E,1935543653414,1935655471514,111.8181
9133,N,1935647615214,1935703732314,56.1171
9136,L,1935743666914,1935807409114,63.7422
9138,A,1935847659014,1935887687314,40.0283
9140,N,1935943642814,1935999448914,55.8061
9142,D,1936047653814,1936159644914,111.9911
9143,F,1936143648214,1936215748514,72.1003
9146,H,1936247635914,1936343650414,96.0145
9148,B,1936351659914,1936463402714,111.7428
9149,U,1936447535114,1936551674114,104.139
9152,R,1936552465314,1936663726214,111.2609
9153,G,1936647661114,1936751641414,103.9803
9156,E,1936752162214,1936855341914,103.1797
9157,N,1936847667814,1936903619214,55.9514
9160,L,1936943570614,1937007629214,64.0586
9162,A,1937047659614,1937087690214,40.0306
9164,N,1937143654214,1937191646914,47.9927
9166,D,1937247682414,1937351491714,103.8093
9167,F,1937343675014,1937423769714,80.0947
9170,H,1937447693814,1937543674514,95.9807
9172,B,1937551435414,1937663661614,112.2262
9173,U,1937647662714,1937751541014,103.8783
9175,R,1937743651114,1937863389914,119.7388
9177,G,1937847696014,1937951464514,103.7685
9179,E,1937943627314,1938055668914,112.0416
9181,N,1938047681914,1938103598714,55.9168
9184,L,1938143548614,1938199694414,56.1458
9186,A,1938247640114,1938287434114,39.794
9188,N,1938343692114,1938399643214,55.9511
9190,D,1938447662614,1938559452814,111.7902
9191,F,1938551473714,1938623698114,72.2244
9194,H,1938647635214,1938751472314,103.8371
9196,B,1938752327614,1938863694414,111.3668
9197,U,1938839746414,1938951548514,111.8021
9199,R,1938943815014,1939055658714,111.8437
9201,G,1939047421514,1939159689214,112.2677
9203,E,1939151640914,1939247590914,95.95
9206,N,1939248392614,1939295680414,47.2878
9208,L,1939343673414,1939407678714,64.0053
9210,A,1939447725914,1939487471114,39.7452
9212,N,1939543414314,1939591680114,48.2658
9214,D,1939647651914,1939759698514,112.0466
9215,F,1939743653514,1939823659014,80.0055
9218,H,1939847662814,1939943667414,96.0046
9220,B,1939951734314,1940063665414,111.9311
9221,U,1940047683514,1940151640714,103.9572
9223,R,1940143670914,1940263711714,120.0408
9225,G,1940247677514,1940343737214,96.0597
9228,E,1940344458214,1940447671414,103.2132
9230,N,1940448365214,1940503441314,55.0761
9232,L,1940543673114,1940607673114,64.0
9234,A,1940639698114,1940687674614,47.9765
9236,N,1940743703214,1940799708114,56.0049
9238,D,1940847706114,1940959650414,111.9443
9239,F,1940943701414,1941015660314,71.9589
9242,H,1941047723714,1941143688114,95.9644
9244,B,1941144665814,1941255520214,110.8544
9245,U,1941247529814,1941351723614,104.1938
9247,R,1941343671214,1941463688414,120.0172
9249,G,1941447682014,1941551416514,103.7345
9251,E,1941543710414,1941655638214,111.9278
9253,N,1941647722614,1941695690814,47.9682
9256,L,1941743686414,1941799547814,55.8614
9258,A,1941847687414,1941887619114,39.9317
9260,N,1941943685914,1941991709614,48.0237
9262,D,1942047731514,1942159462414,111.7309
9263,F,1942143607914,1942215713114,72.1052
9266,H,1942247807314,1942343666314,95.859
9268,B,1942344324714,1942463698914,119.3742
9269,U,1942447663514,1942559662914,111.9994
9271,R,1942543714114,1942663701714,119.9876
9273,G,1942647704714,1942759709414,112.0047
9275,E,1942751736814,1942847719014,95.9822
9277,N,1942839730114,1942903884414,64.1543
9280,L,1942943744014,1943007706014,63.962
9282,A,1943047728014,1943087851714,40.1237
9284,N,1943143757314,1943191712414,47.9551
9286,D,1943247715214,1943359700514,111.9853
9287,F,1943343712814,1943423669314,79.9565
9290,H,1943447674714,1943543689514,96.0148
9292,B,1943544688114,1943663711014,119.0229
9293,U,1943647685614,1943751672214,103.9866
9295,R,1943743481914,1943863692214,120.2103
9297,G,1943847686614,1943951701114,104.0145
9299,E,1943943705214,1944055627814,111.9226
9301,N,1944047734614,1944103712414,55.9778
9304,L,1944143720414,1944199728814,56.0084
9306,A,1944247728714,1944287713414,39.9847
9308,N,1944343702614,1944399771914,56.0693
9310,D,1944447733714,1944559722414,111.9887
9311,F,1944543743614,1944615728814,71.9852
9314,H,1944647747114,1944751734114,103.987
9316,B,1944752741614,1944863686514,110.9449
9317,U,1944839477314,1944951417614,111.9403
9319,R,1944943758114,1945063670714,119.9126
9321,G,1945047687614,1945167674914,119.9873
9323,E,1945151697414,1945239593514,87.8961
9326,N,1945247741214,1945303711114,55.9699
9328,L,1945343728414,1945407720114,63.9917
9330,A,1945447734814,1945487735014,40.0002
9332,N,1945543737214,1945591756014,48.0188
9334,D,1945647727414,1945751713214,103.9858
9335,F,1945743427814,1945823496514,80.0687
9338,H,1945847816514,1945943803614,95.9871
9340,B,1945944796114,1946063731714,118.9356
9341,U,1946047471314,1946143474014,96.0027
9344,R,1946144197114,1946263757514,119.5604
9345,G,1946247719414,1946351743514,104.0241
9347,E,1946343734214,1946455674114,111.9399
9349,N,1946447713314,1946503733014,56.0197
9352,L,1946543733314,1946599441014,55.7077
9354,A,1946647696914,1946687737214,40.0403
9356,N,1946751774214,1946799754914,47.9807
9358,D,1946847741914,1946959590414,111.8485
9359,F,1946951785514,1947015728014,63.9425
9362,H,1947039743914,1947151464714,111.7208
9363,B,1947143570514,1947271441214,127.8707
9365,U,1947247747514,1947351705714,103.9582
9367,R,1947343757014,1947455745914,111.9889
9369,G,1947447777414,1947551750314,103.9729
9372,E,1947552686114,1947655772314,103.0862
9373,N,1947647761114,1947703747214,55.9861
9376,L,1947743737014,1947807728614,63.9916
9378,A,1947847749014,1947887726514,39.9775
9380,N,1947943738814,1947991543814,47.805
9382,D,1948047738914,1948159611114,111.8722
9383,F,1948143701314,1948215845014,72.1437
9386,H,1948247774714,1948343763314,95.9886
9388,B,1948344329014,1948463715514,119.3865
9389,U,1948447769114,1948543788314,96.0192
9392,R,1948544859114,1948663763714,118.9046
9393,G,1948647731014,1948759389314,111.6583
9395,E,1948751740114,1948847776514,96.0364
9398,N,1948848559814,1948903750714,55.1909
9400,L,1948943773014,1948999729714,55.9567
9402,A,1949039766714,1949087776014,48.0093
9404,N,1949143486814,1949191906214,48.4194
9406,D,1949247801914,1949359517814,111.7159
9407,F,1949343770014,1949415507314,71.7373
9410,H,1949447780514,1949543765414,95.9849
9412,B,1949544710614,1949663444714,118.7341
9413,U,1949647811614,1949751770214,103.9586
9415,R,1949743464714,1949863728914,120.2642
9417,G,1949847759814,1949959506214,111.7464
9419,E,1949943620814,1950055732214,112.1114
9421,N,1950047802414,1950103565814,55.7634
9424,L,1950143564914,1950199826614,56.2617
9426,A,1950247773014,1950287788014,40.015
9428,N,1950343516814,1950399771814,56.255
9430,D,1950447772814,1950551867014,104.0942
9431,F,1950543519814,1950623747914,80.2281
9434,H,1950647739314,1950743538614,95.7993
9436,B,1950744388714,1950863778714,119.39
9437,U,1950847756214,1950959737114,111.9809
9439,R,1950951778114,1951063832214,112.0541
9441,G,1951047767014,1951159979914,112.2129
9443,E,1951151768714,1951247793114,96.0244
9446,N,1951248700014,1951303790514,55.0905
9448,L,1951343474014,1951407757414,64.2834
9450,A,1951447819814,1951487776614,39.9568
9452,N,1951543729314,1951591774914,48.0456
9454,D,1951647778614,1951751579514,103.8009
9455,F,1951743843514,1951823801214,79.9577
9458,H,1951847747314,1951943912814,96.1655
9460,B,1951945012514,1952063477014,118.4645
9461,U,1952047762514,1952143933014,96.1705
9464,R,1952144887514,1952263755114,118.8676
9465,G,1952247822814,1952359797014,111.9742
9467,E,1952343972814,1952447809714,103.8369
9470,N,1952448561314,1952503907814,55.3465
9472,L,1952543521014,1952599776414,56.2554
9474,A,1952647788214,1952687797114,40.0089
9476,N,1952743810914,1952799765514,55.9546
9478,D,1952847814814,1952959750014,111.9352
9479,F,1952951789414,1953023811214,72.0218
9482,H,1953047817414,1953151809114,103.9917
9484,B,1953152837614,1953263580114,110.7425
9485,U,1953239748514,1953351729314,111.9808
9487,R,1953343789114,1953463750714,119.9616
9489,G,1953447806314,1953551835114,104.0288
9492,E,1953552758314,1953655819314,103.061
9493,N,1953647761014,1953703815714,56.0547
9496,L,1953743786514,1953807773114,63.9866
9498,A,1953847794014,1953887803414,40.0094
9500,N,1953943828214,1953991976614,48.1484
9502,D,1954047842114,1954151762914,103.9208
9503,F,1954143791114,1954215790014,71.9989
9506,H,1954247794114,1954343794814,96.0007
9508,B,1954344805814,1954463556414,118.7506
9509,U,1954447788314,1954543815714,96.0274
9512,R,1954551782714,1954655741014,103.9583
9513,G,1954647822114,1954751811914,103.9898
9515,E,1954743797514,1954855853014,112.0555
9517,N,1954847549314,1954903784814,56.2355
9520,L,1954943832614,1955007775814,63.9432
9522,A,1955039789914,1955087806114,48.0162
9524,N,1955151832914,1955199774714,47.9418
9526,D,1955247782114,1955359769714,111.9876
9527,F,1955343820714,1955423799014,79.9783
9530,H,1955439816814,1955551728714,111.9119
9531,B,1955543865914,1955663635414,119.7695
9533,U,1955647817114,1955751913114,104.096
9535,R,1955743789114,1955855771914,111.9828
9537,G,1955847620714,1955951886014,104.2653
9540,E,1955952847114,1956055794814,102.9477
9541,N,1956047765514,1956103834914,56.0694
9544,L,1956143584814,1956199740514,56.1557
9546,A,1956247563414,1956287764314,40.2009
9548,N,1956343809014,1956391877414,48.0684
9550,D,1956448016014,1956559645114,111.6291
9551,F,1956543832214,1956623802814,79.9706
9554,H,1956647599614,1956743874814,96.2752
9556,B,1956744689314,1956863856014,119.1667
9557,U,1956847647614,1956943872314,96.2247
9560,R,1956944702614,1957063855614,119.153
9561,G,1957047718714,1957151598714,103.88
9563,E,1957143825614,1957255870414,112.0448
9565,N,1957247756114,1957303803714,56.0476
9568,L,1957343799614,1957399771614,55.972
9570,A,1957439804614,1957487802014,47.9974
9572,N,1957543813014,1957599675414,55.8624
9574,D,1957647961914,1957759798614,111.8367
9575,F,1957743831414,1957823860514,80.0291
9578,H,1957847896214,1957951822214,103.926
9579,B,1957943540514,1958063848914,120.3084
9581,U,1958047996914,1958151562314,103.5654
9583,R,1958143829514,1958263833314,120.0038
9585,G,1958247854214,1958351728814,103.8746
9587,E,1958343850014,1958447901814,104.0518
9590,N,1958448788414,1958503817014,55.0286
9592,L,1958543855714,1958607808714,63.953
9594,A,1958647802114,1958687841714,40.0396
9596,N,1958743835314,1958791833214,47.9979
9598,D,1958847806314,1958959871214,112.0649
9599,F,1958943814914,1959023830614,80.0157
9602,H,1959047913514,1959143764514,95.851
9604,B,1959144799914,1959263838414,119.0385
9605,U,1959247876014,1959351841514,103.9655
9608,R,1959352448714,1959463943314,111.4946
9609,G,1959447879114,1959559901714,112.0226
9611,E,1959551833814,1959647810514,95.9767
9613,N,1959639845014,1959703942714,64.0977
9616,L,1959743869314,1959807852314,63.983
9618,A,1959847837214,1959887897114,40.0599
9620,N,1959943922814,1960007843614,63.9208
9622,D,1960047836914,1960159818814,111.9819
9623,F,1960143835814,1960223815614,79.9798
9626,H,1960247835714,1960351622414,103.7867
9627,B,1960343845614,1960463605414,119.7598
9629,U,1960447866714,1960551695814,103.8291
9631,R,1960543869414,1960663867614,119.9982
9633,G,1960647884214,1960751694114,103.8099
9635,E,1960743882314,1960855861614,111.9793
9637,N,1960847868014,1960903835014,55.967
9640,L,1960943872214,1960999926614,56.0544
9642,A,1961047933614,1961095830014,47.8964
9644,N,1961143903114,1961199964614,56.0615
9646,D,1961247614414,1961359828914,112.2145
9647,F,1961343860014,1961415810414,71.9504
9650,H,1961447821714,1961551829814,104.0081
9652,B,1961552693814,1961671833714,119.1399
9653,U,1961647821814,1961759874614,112.0528
9655,R,1961751605114,1961863759814,112.1547
9657,G,1961847645414,1961951761814,104.1164
9660,E,1961952167814,1962055812314,103.6445
9661,N,1962047896114,1962103895714,55.9996
9664,L,1962143916314,1962207852614,63.9363
9666,A,1962247894614,1962287629114,39.7345
9668,N,1962343901614,1962407882714,63.9811
9670,D,1962447875514,1962551650714,103.7752
9671,F,1962543905114,1962623874214,79.9691
9674,H,1962647884314,1962743913414,96.0291
9676,B,1962744987714,1962863841514,118.8538
9677,U,1962847847014,1962951707814,103.8608
9679,R,1962943902314,1963063873914,119.9716
9681,G,1963047899814,1963143900514,96.0007
9684,E,1963151853114,1963247921514,96.0684
9686,N,1963248729614,1963303880814,55.1512
9688,L,1963343875114,1963399901414,56.0263
9690,A,1963447879814,1963487649814,39.77
9692,N,1963551799714,1963599880814,48.0811
9694,D,1963647865314,1963759847814,111.9825
9695,F,1963752046714,1963815863014,63.8163
9698,H,1963839635914,1963943941214,104.3053
9700,B,1963944515714,1964071636014,127.1203
9701,U,1964047854114,1964151719214,103.8651
9703,R,1964143901814,1964263857214,119.9554
9705,G,1964247851014,1964359863214,112.0122
9707,E,1964351872114,1964455876114,104.004
9709,N,1964447902614,1964503758714,55.8561
9712,L,1964543885114,1964599959614,56.0745
9714,A,1964647914914,1964687833614,39.9187
9716,N,1964743922414,1964799862214,55.9398
9718,D,1964847914214,1964959667814,111.7536
9719,F,1964943863914,1965023889714,80.0258
9722,H,1965047955814,1965143888114,95.9323
9724,B,1965144811414,1965263867014,119.0556
9725,U,1965247889114,1965351822314,103.9332
9727,R,1965343865514,1965463898414,120.0329
9729,G,1965447850714,1965551872314,104.0216
9731,E,1965543931614,1965655999314,112.0677
9733,N,1965647881614,1965711871314,63.9897
9736,L,1965743881614,1965799865514,55.9839
9738,A,1965839901814,1965887689814,47.788
9740,N,1965943902914,1965999895814,55.9929
9742,D,1966047920614,1966151919914,103.9993
9743,F,1966143816214,1966223882214,80.066
9746,H,1966247935014,1966343962514,96.0275
9748,B,1966344837914,1966463892414,119.0545
9749,U,1966447910914,1966543933414,96.0225
9752,R,1966544574514,1966663928614,119.3541
9753,G,1966647908614,1966751622514,103.7139
9755,E,1966743919514,1966855750614,111.8311
9757,N,1966847922314,1966904020314,56.098
9760,L,1966943873514,1966999932114,56.0586
9762,A,1967047870514,1967087767714,39.8972
9764,N,1967143875914,1967199937214,56.0613
9766,D,1967247888214,1967359925614,112.0374
9767,F,1967343912414,1967423895414,79.983
9770,H,1967447927214,1967543935914,96.0087
9772,B,1967544749614,1967663909214,119.1596
9773,U,1967647937614,1967759712714,111.7751
9775,R,1967751882814,1967863909014,112.0262
9777,G,1967847923314,1967951905914,103.9826
9780,E,1967952896314,1968047946914,95.0506
9781,N,1968039904314,1968103707114,63.8028
9784,L,1968143917714,1968199946714,56.029
9786,A,1968247880414,1968287899414,40.019
9788,N,1968343888314,1968399968414,56.0801
9790,D,1968447879414,1968551902914,104.0235
9791,F,1968543930614,1968623876114,79.9455
9794,H,1968647876514,1968743927014,96.0505
9796,B,1968744771514,1968863977714,119.2062
9797,U,1968847943314,1968951890214,103.9469
9799,R,1968943920514,1969063959414,120.0389
9801,G,1969047951414,1969151654514,103.7031
9803,E,1969144154614,1969256029414,111.8748
9805,N,1969247936714,1969303945414,56.0087
9808,L,1969343959214,1969399903814,55.9446
9810,A,1969447932014,1969495916614,47.9846
9812,N,1969543941814,1969599957514,56.0157
9814,D,1969647910014,1969759889214,111.9792
9815,F,1969743903614,1969815956814,72.0532
9818,H,1969847932314,1969951941814,104.0095
9820,B,1969952897614,1970071941714,119.0441
9821,U,1970047950314,1970159698614,111.7483
9823,R,1970151937714,1970255992114,104.0544
9825,G,1970247929514,1970367865614,119.9361
9827,E,1970351975714,1970447954114,95.9784
9830,N,1970448618014,1970503909114,55.2911
9832,L,1970543937614,1970599917614,55.98
9834,A,1970647928514,1970687940514,40.012
9836,N,1970743938514,1970807685214,63.7467
9838,D,1970847930914,1970951930014,103.9991
9839,F,1970943927414,1971023966114,80.0387
9842,H,1971047930314,1971143839714,95.9094
9844,B,1971145070514,1971263919614,118.8491
9845,U,1971247982014,1971343997014,96.015
9848,R,1971344801914,1971455939014,111.1371
9849,G,1971447724414,1971551946314,104.2219
9851,E,1971543929314,1971655892314,111.963
9853,N,1971647971814,1971703945014,55.9732
9856,L,1971744022314,1971799703314,55.681
9858,A,1971847933914,1971887886714,39.9528
9860,N,1971951856814,1971999962614,48.1058
9862,D,1972047961414,1972159769014,111.8076
9863,F,1972151953314,1972215952714,63.9994
9866,H,1972240027014,1972351793314,111.7663
9867,B,1972343978314,1972463894814,119.9165
9869,U,1972447894514,1972551920414,104.0259
9871,R,1972543932514,1972655910014,111.9775
9873,G,1972647988614,1972751863314,103.8747
9876,E,1972752800914,1972855959914,103.159
9877,N,1972847974614,1972911940414,63.9658
9880,L,1972943946514,1972999947014,56.0005
9882,A,1973048014814,1973087970614,39.9558
9884,N,1973143693614,1973207924414,64.2308
9886,D,1973247947214,1973359793114,111.8459
9887,F,1973343939514,1973423769214,79.8297
9890,H,1973447946314,1973551884414,103.9381
9891,B,1973543925414,1973663928514,120.0031
9893,U,1973647968114,1973751995014,104.0269
9895,R,1973743951914,1973863967714,120.0158
9897,G,1973847940614,1973959650514,111.7099
9899,E,1973951945514,1974055964914,104.0194
9901,N,1974047973614,1974111870014,63.8964
9904,L,1974143708414,1974200032614,56.3242
9906,A,1974239951814,1974287955214,48.0034
9908,N,1974343970914,1974399956214,55.9853
9910,D,1974447972614,1974552044014,104.0714
9911,F,1974543730114,1974615981614,72.2515
9914,H,1974648013514,1974751995214,103.9817
9915,B,1974743750014,1974863985514,120.2355
9917,U,1974848001714,1974951676814,103.6751
9919,R,1974943752014,1975064018614,120.2666
9921,G,1975047908614,1975151761314,103.8527
9923,E,1975143747714,1975247943314,104.1956
9926,N,1975248619114,1975303924214,55.3051
9928,L,1975343776414,1975399756714,55.9803
9930,A,1975447961814,1975487998314,40.0365
9932,N,1975543668114,1975607950414,64.2823
9934,D,1975647993114,1975759976114,111.983
9935,F,1975743814714,1975823967714,80.153
9938,H,1975848202914,1975944056714,95.8538
9940,B,1975944904714,1976071979814,127.0751
9941,U,1976048038114,1976160138914,112.1008
9943,R,1976152039014,1976264006514,111.9675
9945,G,1976248015514,1976359986914,111.9714
9947,E,1976351983714,1976455757514,103.7738
9949,N,1976440004814,1976511748214,71.7434
9952,L,1976543993914,1976599959514,55.9656
9954,A,1976647947014,1976687798614,39.8516
9956,N,1976744007814,1976799956114,55.9483
9958,D,1976848020514,1976959953214,111.9327
9959,F,1976944064414,1977023971914,79.9075
9962,H,1977047980014,1977144050314,96.0703
9964,B,1977145108514,1977263690914,118.5824
9965,U,1977248041914,1977359672514,111.6306
9967,R,1977343896114,1977463945414,120.0493
9969,G,1977448018014,1977559698714,111.6807
9971,E,1977544015314,1977647988614,103.9733
9974,N,1977648760114,1977703962714,55.2026
9976,L,1977744004314,1977799964314,55.96
9978,A,1977848012414,1977895743114,47.7307
9980,N,1977943983414,1978008073214,64.0898
9982,D,1978047999614,1978159688814,111.6892
9983,F,1978151982114,1978216061214,64.0791
9986,H,1978247780114,1978352006714,104.2266
9988,B,1978352687214,1978471924314,119.2371
9989,U,1978447939614,1978559712814,111.7732
9991,R,1978551954314,1978656029414,104.0751
9993,G,1978647964414,1978752051614,104.0872
9996,E,1978752958814,1978855970114,103.0113
9997,N,1978848034514,1978911993314,63.9588
10000,L,1978944160614,1978999979514,55.8189
10002,A,1979048001414,1979088008814,40.0074
10004,N,1979144010414,1979199964714,55.9543
10006,D,1979247967314,1979351949414,103.9821
10007,F,1979343982314,1979423987114,80.0048
10010,H,1979447971714,1979543993514,96.0218
10012,B,1979544710114,1979663672514,118.9624
10013,U,1979647996814,1979751986414,103.9896
10015,R,1979744021414,1979856017014,111.9956
10017,G,1979847778114,1979951995014,104.2169
10019,E,1979944000214,1980055720114,111.7199
10021,N,1980047908214,1980104021314,56.1131
10024,L,1980144113514,1980200035314,55.9218
10026,A,1980247796114,1980296020114,48.224
10028,N,1980352034514,1980408006914,55.9724
10030,D,1980447748214,1980559703214,111.955
10031,F,1980551985614,1980623946714,71.9611
10034,H,1980640013114,1980752041914,112.0288
10036,B,1980752638014,1980871998314,119.3603
10037,U,1980848114214,1980951982414,103.8682
10039,R,1980944039614,1981064047414,120.0078
10041,G,1981047767814,1981152019414,104.2516
10044,E,1981152813514,1981255973914,103.1604
10045,N,1981247923814,1981304031114,56.1073
10048,L,1981344088414,1981400004914,55.9165
10050,A,1981447887614,1981488091614,40.204
10052,N,1981544060714,1981608022314,63.9616
10054,D,1981647993414,1981760044214,112.0508
10055,F,1981744030114,1981816039314,72.0092
10058,H,1981848107914,1981944024214,95.9163
10060,B,1981944792514,1982064053814,119.2613
10061,U,1982047862214,1982160034214,112.172
10063,R,1982144040514,1982264046914,120.0064
10065,G,1982248111714,1982351971814,103.8601
10067,E,1982343783514,1982448147014,104.3635
10070,N,1982448972314,1982512022514,63.0502
10072,L,1982552027714,1982600033314,48.0056
10074,A,1982640082114,1982696077414,55.9953
10076,N,1982752095414,1982808047414,55.952
10078,D,1982848069114,1982960115614,112.0465
10079,F,1982944093714,1983015817714,71.724
10082,H,1983048200414,1983152058914,103.8585
10083,B,1983144111014,1983263751014,119.64
10085,U,1983248104114,1983351973714,103.8696
10087,R,1983343862114,1983464055314,120.1932
10089,G,1983448039014,1983551772214,103.7332
10091,E,1983544068814,1983656297814,112.229
10093,N,1983648077914,1983712038114,63.9602
10096,L,1983744050514,1983799856514,55.806
10098,A,1983848035014,1983888048814,40.0138
10100,N,1983944047714,1983999839614,55.7919
10102,D,1984048079614,1984160056714,111.9771
10103,F,1984144094814,1984224078014,79.9832
10106,H,1984248101014,1984344058114,95.9571
10108,B,1984344991214,1984464063714,119.0725
10109,U,1984447801614,1984559727314,111.9257
10111,R,1984552049314,1984663984014,111.9347
10113,G,1984648078714,1984759981114,111.9024
10115,E,1984752007114,1984848094214,96.0871
10118,N,1984849038914,1984912040014,63.0011
10120,L,1984944146814,1985008049114,63.9023
10122,A,1985048094714,1985096080914,47.9862
10124,N,1985144180714,1985208081314,63.9006
10126,D,1985248072814,1985360050114,111.9773
10127,F,1985344039514,1985424063214,80.0237
10130,H,1985448060914,1985551886714,103.8258
10131,B,1985544059714,1985664162214,120.1025
10133,U,1985648086114,1985751814314,103.7282
10135,R,1985744052414,1985864074414,120.022
10137,G,1985848075214,1985960024614,111.9494
10139,E,1985944003614,1986056059914,112.0563
10141,N,1986048059814,1986104054014,55.9942
10144,L,1986143825814,1986199951714,56.1259
10146,A,1986248091014,1986296113814,48.0228
10148,N,1986344071614,1986408073714,64.0021
10150,D,1986448035314,1986560062414,112.0271
10151,F,1986544149214,1986616072414,71.9232
10154,H,1986648064914,1986744084114,96.0192
10156,B,1986751842214,1986864061914,112.2197
10157,U,1986848063914,1986960102114,112.0382
10159,R,1986951894914,1987063836614,111.9417
10161,G,1987048067014,1987151986514,103.9195
10164,E,1987152887814,1987248093514,95.2057
10166,N,1987248992314,1987312063214,63.0709
10168,L,1987344045514,1987400102914,56.0574
10170,A,1987448092114,1987496074314,47.9822
10172,N,1987543959614,1987608142514,64.1829
10174,D,1987648102114,1987760079014,111.9769
10175,F,1987744085314,1987824100914,80.0156
10178,H,1987848283814,1987952106514,103.8227
10179,B,1987944084614,1988064053614,119.969
10181,U,1988048118114,1988160049414,111.9313
10183,R,1988144121914,1988263808714,119.6868
10185,G,1988248056014,1988360119814,112.0638
10187,E,1988344137314,1988456041214,111.9039
10189,N,1988447857014,1988504064214,56.2072
10192,L,1988544066914,1988600074914,56.008
10194,A,1988647932814,1988696039614,48.1068
10196,N,1988744053914,1988800063214,56.0093
10198,D,1988847850914,1988960028514,112.1776
10199,F,1988952087514,1989016108114,64.0206
10202,H,1989048092814,1989143931914,95.8391
10204,B,1989152051514,1989264105014,112.0535
10205,U,1989248106214,1989351787414,103.6812
10207,R,1989344110514,1989455818514,111.708
10209,G,1989448058814,1989560063514,112.0047
10211,E,1989552100814,1989656114214,104.0134
10213,N,1989648078114,1989712072014,63.9939
10216,L,1989744083714,1989808100714,64.017
10218,A,1989848081014,1989887963114,39.8821
10220,N,1989944149114,1990008211414,64.0623
10222,D,1990048122614,1990160041714,111.9191
10223,F,1990144141714,1990224094014,79.9523
10226,H,1990248027214,1990352064314,104.0371
10227,B,1990344107414,1990471858114,127.7507
10229,U,1990448112714,1990560106214,111.9935
10231,R,1990544099014,1990664137714,120.0387
10233,G,1990648177514,1990760126314,111.9488
10235,E,1990744114714,1990848113514,103.9988
10238,N,1990849022714,1990904149114,55.1264
10240,L,1990944130214,1991000135514,56.0053
10242,A,1991048107614,1991096083014,47.9754
10244,N,1991152140614,1991200090914,47.9503
10246,D,1991248132914,1991360108014,111.9751
10247,F,1991352129314,1991415929714,63.8004
10250,H,1991448091814,1991552139214,104.0474
10252,B,1991553122014,1991664114114,110.9921
10253,U,1991648136314,1991752111414,103.9751
10255,R,1991743988014,1991864140914,120.1529
10257,G,1991848104314,1991960108614,112.0043
10259,E,1991952104314,1992055916114,103.8118
10261,N,1992048133814,1992112097814,63.964
10264,L,1992144127214,1992208277214,64.15
10266,A,1992248124814,1992296097214,47.9724
10268,N,1992344106814,1992408142714,64.0359
10270,D,1992448117214,1992560119714,112.0025
10271,F,1992544120714,1992624090914,79.9702
10274,H,1992648096314,1992760157614,112.0613
10275,B,1992744098514,1992864132714,120.0342
10277,U,1992848099214,1992960080614,111.9814
10279,R,1992944091014,1993063875314,119.7843
10281,G,1993048132814,1993160104414,111.9716
10283,E,1993144098514,1993248215914,104.1174
10286,N,1993249316214,1993312135914,62.8197
10288,L,1993352123314,1993400138514,48.0152
10290,A,1993439888814,1993496078814,56.19
10292,N,1993552095114,1993608107614,56.0125
10294,D,1993648116814,1993760114114,111.9973
10295,F,1993744091614,1993816174514,72.0829
10298,H,1993848159814,1993952131414,103.9716
10299,B,1993944157414,1994072164214,128.0068
10301,U,1994048192914,1994152200814,104.0079
10303,R,1994144129814,1994264176714,120.0469
10305,G,1994248144014,1994352118714,103.9747
10307,E,1994344143614,1994456141714,111.9981
10309,N,1994448128914,1994512132314,64.0034
10312,L,1994544124714,1994608122414,63.9977
10314,A,1994648133514,1994688133814,40.0003
10316,N,1994744122614,1994807906414,63.7838
10318,D,1994848135214,1994960139114,112.0039
10319,F,1994944161214,1995024062714,79.9015
10322,H,1995048142214,1995152117814,103.9756
10323,B,1995144131914,1995264170614,120.0387
10325,U,1995248151314,1995360153714,112.0024
10327,R,1995352159514,1995472119714,119.9602
10329,G,1995448169014,1995560148714,111.9797
10331,E,1995552142014,1995648183914,96.0419
10334,N,1995648965014,1995704170514,55.2055
10336,L,1995744106514,1995800145714,56.0392
10338,A,1995848131614,1995888165514,40.0339
10340,N,1995944174814,1996007852514,63.6777
10342,D,1996048151014,1996160119914,111.9689
10343,F,1996144042614,1996216206614,72.164
10346,H,1996248136214,1996352112014,103.9758
10347,B,1996344217314,1996464190914,119.9736
10349,U,1996448137314,1996552149914,104.0126
10351,R,1996544186514,1996664181714,119.9952
10353,G,1996648176014,1996744147214,95.9712
10356,E,1996744891214,1996856139614,111.2484
10357,N,1996847943214,1996904151114,56.2079
10360,L,1996944153314,1997008169514,64.0162
10362,A,1997048208814,1997088155414,39.9466
10364,N,1997144059214,1997208212514,64.1533
10366,D,1997248174414,1997359880414,111.706
10367,F,1997344152814,1997424149814,79.997
10370,H,1997448159514,1997552164014,104.0045
10372,B,1997553216614,1997672151214,118.9346
10373,U,1997648195914,1997759928114,111.7322
10375,R,1997752147414,1997864195614,112.0482
10377,G,1997848243314,1997959984014,111.7407
10379,E,1997952176714,1998048208014,96.0313
10382,N,1998048995614,1998096134814,47.1392
10384,L,1998143985214,1998208176114,64.1909
10386,A,1998248183314,1998288170514,39.9872
10388,N,1998344122514,1998408232014,64.1095
10390,D,1998448192014,1998559998614,111.8066
10391,F,1998543981014,1998624150914,80.1699
10394,H,1998648139414,1998752172714,104.0333
10395,B,1998744021114,1998864174114,120.153
10397,U,1998848160314,1998959935314,111.775
10399,R,1998943951814,1999064179114,120.2273
10401,G,1999048170714,1999160048214,111.8775
10403,E,1999144001714,1999248243714,104.242
10406,N,1999249158714,1999303883114,54.7244
10408,L,1999343994914,1999408150714,64.1558
10410,A,1999448180214,1999488184814,40.0046
10412,N,1999543937214,1999600224914,56.2877
10414,D,1999648170314,1999760274114,112.1038
10415,F,1999744031214,1999816163614,72.1324
10418,H,1999848137314,1999944359414,96.2221
10420,B,1999952181914,2000072187114,120.0052
10421,U,2000048169814,2000152193014,104.0232
10424,R,2000153131314,2000264239614,111.1083
10425,G,2000248222814,2000344246714,96.0239
10428,E,2000352184514,2000456053914,103.8694
10429,N,2000448216014,2000496181714,47.9657
10432,L,2000544375414,2000608193814,63.8184
10434,A,2000648212214,2000688204714,39.9925
10436,N,2000744247314,2000792234414,47.9871
10438,D,2000848228114,2000952197614,103.9695
10439,F,2000944182914,2001024204214,80.0213
10442,H,2001048277114,2001144152214,95.8751
10444,B,2001144893714,2001263907214,119.0135
10445,U,2001247935814,2001359977014,112.0412
10447,R,2001343972314,2001463757514,119.7852
10449,G,2001447918714,2001559888314,111.9696
10451,E,2001543826214,2001648153714,104.3275
10454,N,2001648901914,2001704158714,55.2568
10456,L,2001744215314,2001808190914,63.9756
10458,A,2001848198414,2001888254514,40.0561
10460,N,2001944182714,2002000171014,55.9883
10462,D,2002048220314,2002160159914,111.9396
10463,F,2002152196014,2002216205814,64.0098
10466,H,2002248213014,2002344201414,95.9884
10468,B,2002352208614,2002472161914,119.9533
10469,U,2002448248514,2002552188714,103.9402
10471,R,2002544171614,2002656203714,112.0321
10473,G,2002648207514,2002760188414,111.9809
10475,E,2002752239714,2002856222214,103.9825
10477,N,2002848192714,2002896140614,47.9479
10480,L,2002944216614,2003000262714,56.0461
10482,A,2003048196714,2003088198314,40.0016
10484,N,2003144273214,2003192242514,47.9693
10486,D,2003248234414,2003360208714,111.9743
10487,F,2003344234814,2003424306714,80.0719
10490,H,2003448192514,2003544191714,95.9992
10492,B,2003545124914,2003664017014,118.8921
10493,U,2003648164014,2003760214914,112.0509
10495,R,2003744213814,2003864175914,119.9621
10497,G,2003847964314,2003952186714,104.2224
10499,E,2003944168214,2004048200214,104.032
10502,N,2004048906014,2004104199914,55.2939
10504,L,2004144222714,2004200193314,55.9706
10506,A,2004248180314,2004288222714,40.0424
10508,N,2004352216314,2004400194114,47.9778
10510,D,2004447988714,2004560232714,112.244
10511,F,2004552223214,2004616256314,64.0331
10514,H,2004648017114,2004752213514,104.1964
10516,B,2004752834014,2004864113514,111.2795
10517,U,2004847937514,2004952222114,104.2846
10519,R,2004944228714,2005064221314,119.9926
10521,G,2005047957814,2005160339214,112.3814
10523,E,2005152201614,2005256272814,104.0712
10525,N,2005248040514,2005304271714,56.2312
10528,L,2005344288114,2005408278514,63.9904
10530,A,2005448001314,2005488248414,40.2471
10532,N,2005544243314,2005600210914,55.9676
10534,D,2005648048814,2005760246814,112.198
10535,F,2005744240614,2005816264814,72.0242
10538,H,2005848181414,2005944264314,96.0829
10540,B,2005945077314,2006064009614,118.9323
10541,U,2006048302614,2006144314714,96.0121
10544,R,2006145040614,2006264392314,119.3517
10545,G,2006248317914,2006360260414,111.9425
10547,E,2006352131914,2006440249414,88.1175
10550,N,2006448269614,2006512269214,63.9996
10552,L,2006544236014,2006600185514,55.9495
10554,A,2006640279614,2006688241314,47.9617
10556,N,2006744291214,2006808269314,63.9781
10558,D,2006848292514,2006960214214,111.9217
10559,F,2006944315714,2007015993514,71.6778
10562,H,2007048250714,2007144095614,95.8449
10564,B,2007145097514,2007264316414,119.2189
10565,U,2007248325714,2007352259314,103.9336
10567,R,2007344317914,2007464281014,119.9631
10569,G,2007448295414,2007551924814,103.6294
10571,E,2007544278914,2007656259914,111.981
10573,N,2007648204814,2007704231014,56.0262
10576,L,2007744232914,2007808217014,63.9841
10578,A,2007848219714,2007888251914,40.0322
10580,N,2007944218314,2007992220414,48.0021
10582,D,2008048258514,2008160304614,112.0461
10583,F,2008144249514,2008224328114,80.0786
10586,H,2008248353214,2008352322914,103.9697
10588,B,2008353157814,2008464340414,111.1826
10589,U,2008448377914,2008552309914,103.932
10592,R,2008553185714,2008656252114,103.0664
10593,G,2008648308414,2008752233814,103.9254
10596,E,2008753006914,2008856251714,103.2448
10597,N,2008848285814,2008912245114,63.9593
10600,L,2008944242814,2009000260514,56.0177
10602,A,2009048236414,2009088237314,40.0009
10604,N,2009144268214,2009200422914,56.1547
10606,D,2009248261614,2009360212514,111.9509
10607,F,2009344214414,2009424269014,80.0546
10610,H,2009448011914,2009560249614,112.2377
10611,B,2009544253014,2009664271314,120.0183
10613,U,2009648263914,2009760203314,111.9394
10615,R,2009744304814,2009864261414,119.9566
10617,G,2009848279614,2009951976614,103.697
10619,E,2009944347714,2010056223014,111.8753
10621,N,2010048299814,2010104104514,55.8047
10624,L,2010144294914,2010200257114,55.9622
10626,A,2010248265314,2010296261614,47.9963
10628,N,2010344282014,2010392318314,48.0363
10630,D,2010448257914,2010560005014,111.7471
10631,F,2010552016114,2010624264614,72.2485
10634,H,2010648243014,2010744255214,96.0122
10636,B,2010752024414,2010864301214,112.2768
10637,U,2010848289114,2010952036614,103.7475
10639,R,2010944018214,2011056273914,112.2557
10641,G,2011048294214,2011152196714,103.9025
10644,E,2011152784414,2011248333514,95.5491
10646,N,2011249275414,2011304333014,55.0576
10648,L,2011344394614,2011408053814,63.6592
10650,A,2011447976214,2011487908714,39.9325
10652,N,2011544127414,2011599988214,55.8608
10654,D,2011648248814,2011760278014,112.0292
10655,F,2011744263714,2011824267714,80.004
10658,H,2011848249214,2011952500014,104.2508
10659,B,2011944266614,2012064248114,119.9815
10661,U,2012048293514,2012152382514,104.089
10663,R,2012144271714,2012264304414,120.0327
10665,G,2012248301914,2012352406614,104.1047
10667,E,2012344263614,2012456312114,112.0485
10669,N,2012448319814,2012512269014,63.9492
10672,L,2012552448914,2012600287914,47.839
10674,A,2012648277114,2012696309614,48.0325
10676,N,2012752286314,2012792295414,40.0091
10678,D,2012848282614,2012968069714,119.7871
10679,F,2012952352614,2013024281114,71.9285
10682,H,2013048288614,2013144346914,96.0583
10684,B,2013145314714,2013272255614,126.9409
10685,U,2013248262914,2013352223414,103.9605
10687,R,2013344265114,2013464298414,120.0333
10689,G,2013448255114,2013552341514,104.0864
10692,E,2013553316114,2013656306714,102.9906
10693,N,2013648313014,2013704060014,55.747
10696,L,2013744262814,2013800284414,56.0216
10698,A,2013848315614,2013888267714,39.9521
10700,N,2013944307414,2014008297914,63.9905
10702,D,2014048320914,2014160345014,112.0241
10703,F,2014144313614,2014224102714,79.7891
10706,H,2014248312714,2014352322514,104.0098
10707,B,2014344327514,2014464313114,119.9856
10709,U,2014448294114,2014560276214,111.9821
10711,R,2014544347114,2014664304214,119.9571
10713,G,2014648312714,2014760301714,111.989
10715,E,2014752250814,2014856171414,103.9206
10717,N,2014848329614,2014904463014,56.1334
10720,L,2014944311914,2015000298914,55.987
10722,A,2015040309514,2015088200114,47.8906
10724,N,2015152322114,2015200310914,47.9888
10726,D,2015248348214,2015352313314,103.9651
10727,F,2015344189714,2015416314914,72.1252
10730,H,2015448335714,2015544327814,95.9921
10732,B,2015545125414,2015664338214,119.2128
10733,U,2015648399714,2015752386714,103.987
10735,R,2015744334514,2015856211114,111.8766
10737,G,2015848354614,2015952021314,103.6667
10739,E,2015944292214,2016048329914,104.0377
10742,N,2016049191114,2016104264114,55.073
10744,L,2016144082514,2016208337214,64.2547
10746,A,2016248345514,2016288091914,39.7464
10748,N,2016344342214,2016408373314,64.0311
10750,D,2016448331714,2016560343514,112.0118
10751,F,2016544325014,2016624331614,80.0066
10754,H,2016648341314,2016752368314,104.027
10756,B,2016753379414,2016864327114,110.9477
10757,U,2016848321114,2016960297614,111.9765
10759,R,2016952315014,2017064332314,112.0173
10761,G,2017048345714,2017152343614,103.9979
10764,E,2017153332414,2017248340214,95.0078
10766,N,2017249019114,2017304295814,55.2767
10768,L,2017344313214,2017408352314,64.0391
10770,A,2017448321814,2017488309714,39.9879
10772,N,2017544298514,2017600064114,55.7656
10774,D,2017648401614,2017760340314,111.9387
10775,F,2017744360814,2017824210314,79.8495
10778,H,2017848416814,2017944378214,95.9614
10780,B,2017945171414,2018064322914,119.1515
10781,U,2018048368314,2018160261514,111.8932
10783,R,2018144321114,2018264340214,120.0191
10785,G,2018248340014,2018360366014,112.026
10787,E,2018344327414,2018456378514,112.0511
10789,N,2018448370414,2018504267714,55.8973
10792,L,2018544313714,2018600307414,55.9937
10794,A,2018648423314,2018696316414,47.8931
10796,N,2018744366414,2018808240014,63.8736
10798,D,2018848159114,2018960340214,112.1811
10799,F,2018952346614,2019024226214,71.8796
10802,H,2019048384914,2019152391714,104.0068
10804,B,2019153176714,2019272366614,119.1899
10805,U,2019248408814,2019360130614,111.7218
10807,R,2019352400614,2019464345714,111.9451
10809,G,2019448353414,2019560331314,111.9779
10811,E,2019552343214,2019656028114,103.6849
10813,N,2019648352514,2019704365214,56.0127
10816,L,2019744349314,2019800318214,55.9689
10818,A,2019848379014,2019888057314,39.6783
10820,N,2019944350714,2020000379414,56.0287
10822,D,2020048341014,2020160295214,111.9542
10823,F,2020144336414,2020224545814,80.2094
10826,H,2020248390314,2020344392814,96.0025
10828,B,2020345413814,2020464082214,118.6684
10829,U,2020448229814,2020552330314,104.1005
10831,R,2020544355714,2020656414314,112.0586
10833,G,2020648357114,2020744360514,96.0034
10836,E,2020745071814,2020856350314,111.2785
10837,N,2020848367114,2020904368214,56.0011
10840,L,2020944342414,2021000342614,56.0002
10842,A,2021048358714,2021096348814,47.9901
10844,N,2021152373914,2021200340114,47.9662
10846,D,2021248367914,2021360071614,111.7037
10847,F,2021352439114,2021416309314,63.8702
10850,H,2021448331914,2021552155614,103.8237
10852,B,2021553006914,2021664360514,111.3536
10853,U,2021648333414,2021752348314,104.0149
10855,R,2021744351714,2021864340614,119.9889
10857,G,2021848532414,2021960098914,111.5665
10859,E,2021952368514,2022056433914,104.0654
10861,N,2022048372214,2022104359414,55.9872
10864,L,2022144335614,2022208188214,63.8526
10866,A,2022248402714,2022288356614,39.9539
10868,N,2022344351714,2022400368414,56.0167
10870,D,2022448368214,2022560236314,111.8681
10871,F,2022544342914,2022624393414,80.0505
10874,H,2022648395014,2022744295014,95.9
10876,B,2022744866014,2022864357314,119.4913
10877,U,2022848363414,2022952337414,103.974
10879,R,2022944138714,2023064124614,119.9859
10881,G,2023048126214,2023152457214,104.331
10884,E,2023153278814,2023256352614,103.0738
10885,N,2023248363814,2023312384214,64.0204
10888,L,2023352372014,2023400361814,47.9898
10890,A,2023440306014,2023496338414,56.0324
10892,N,2023552348814,2023608449414,56.1006
10894,D,2023648372714,2023760360314,111.9876
10895,F,2023752370814,2023824397214,72.0264
10898,H,2023848378814,2023952175114,103.7963
10899,B,2023944267214,2024072385114,128.1179
10901,U,2024048356114,2024152314014,103.9579
10903,R,2024144288414,2024264098914,119.8105
10905,G,2024248411814,2024352396014,103.9842
10908,E,2024353393514,2024448387114,94.9936
10910,N,2024449229414,2024504398114,55.1687
10912,L,2024544501614,2024600445414,55.9438
10914,A,2024648369514,2024688399814,40.0303
10916,N,2024744450714,2024800396114,55.9454
10918,D,2024848403814,2024960406814,112.003
10919,F,2024944591114,2025024388514,79.7974
10922,H,2025048408214,2025144416714,96.0085
10924,B,2025145327814,2025264375014,119.0472
10925,U,2025248450914,2025352357614,103.9067
10927,R,2025344426114,2025456395514,111.9694
10929,G,2025448410914,2025560395114,111.9842
10931,E,2025552381814,2025656421314,104.0395
10933,N,2025648382814,2025712161614,63.7788
10936,L,2025752421414,2025800393014,47.9716
10938,A,2025840382314,2025888420314,48.038
10940,N,2025952413214,2026008362914,55.9497
10942,D,2026048395014,2026152362114,103.9671
10943,F,2026144402414,2026224413814,80.0114
10946,H,2026248424114,2026352485514,104.0614
10947,B,2026344428814,2026464242314,119.8135
10949,U,2026448412514,2026552374614,103.9621
10951,R,2026544430214,2026664290414,119.8602
10953,G,2026648392614,2026760407014,112.0144
10955,E,2026744427214,2026848202414,103.7752
10958,N,2026848789614,2026904382514,55.5929
10960,L,2026944413314,2027000440614,56.0273
10962,A,2027048389414,2027088355014,39.9656
10964,N,2027144151814,2027200409114,56.2573
10966,D,2027248418114,2027360142314,111.7242
10967,F,2027344422014,2027424177514,79.7555
10970,H,2027448369714,2027552386414,104.0167
10972,B,2027553355314,2027672400514,119.0452
10973,U,2027648422814,2027760372514,111.9497
10975,R,2027752418614,2027856426614,104.008
10977,G,2027848387914,2027960410614,112.0227
10979,E,2027952383314,2028056379814,103.9965
10981,N,2028048406214,2028112286614,63.8804
10984,L,2028144426014,2028200487314,56.0613
10986,A,2028248107014,2028288415414,40.3084
10988,N,2028344378214,2028408401014,64.0228
10990,D,2028448379714,2028560413614,112.0339
10991,F,2028544415114,2028624408514,79.9934
10994,H,2028648216314,2028752386814,104.1705
10995,B,2028744405714,2028864280714,119.875
10997,U,2028848168914,2028960511214,112.3423
10999,R,2028944426114,2029064291314,119.8652
11001,G,2029048191514,2029152295214,104.1037
11003,E,2029144464414,2029248225314,103.7609
11006,N,2029249009614,2029304444114,55.4345
11008,L,2029344430314,2029400138414,55.7081
11010,A,2029448161014,2029496482914,48.3219
11012,N,2029544430414,2029600175214,55.7448
11014,D,2029648315014,2029760449414,112.1344
11015,F,2029752432214,2029816223414,63.7912
11018,H,2029848150014,2029944400214,96.2502
11020,B,2029952428614,2030056501514,104.0729
11021,U,2030048287114,2030168206214,119.9191
11023,R,2030152431314,2030256453214,104.0219
11025,G,2030248477214,2030360402314,111.9251
11027,E,2030352451114,2030456404714,103.9536
11029,N,2030448630114,2030512525614,63.8955
11032,L,2030544499914,2030600475214,55.9753
11034,A,2030648483014,2030688437314,39.9543
11036,N,2030744422114,2030808432714,64.0106
11038,D,2030848480714,2030952398114,103.9174
11039,F,2030944431314,2031024446014,80.0147
11042,H,2031048527814,2031144199314,95.6715
11044,B,2031144857814,2031264385514,119.5277
11045,U,2031248413514,2031360449314,112.0358
11047,R,2031344444514,2031464476814,120.0323
11049,G,2031448540014,2031552457014,103.917
11051,E,2031544473814,2031656437114,111.9633
11053,N,2031648457814,2031704412814,55.955
11056,L,2031752470514,2031800216914,47.7464
11058,A,2031848436814,2031888420614,39.9838
11060,N,2031952342414,2032000217114,47.8747
11062,D,2032048446814,2032160470014,112.0232
11063,F,2032152477814,2032216630114,64.1523
11066,H,2032248199614,2032344440814,96.2412
11068,B,2032345284414,2032464465214,119.1808
11069,U,2032448454814,2032552391014,103.9362
11071,R,2032544445514,2032664149014,119.7035
11073,G,2032648471214,2032760143414,111.6722
11075,E,2032752456414,2032856458114,104.0017
11077,N,2032848432314,2032912490014,64.0577
11080,L,2032944469414,2033008403614,63.9342
11082,A,2033048468014,2033088461814,39.9938
11084,N,2033144437814,2033208457214,64.0194
11086,D,2033248450414,2033360449114,111.9987
11087,F,2033344451214,2033424478114,80.0269
11090,H,2033448469914,2033544447514,95.9776
11092,B,2033545479814,2033672435314,126.9555
11093,U,2033648457314,2033760461714,112.0044
11095,R,2033752427214,2033864535514,112.1083
11097,G,2033848449314,2033952449714,104.0004
11100,E,2033953142614,2034056477214,103.3346
11101,N,2034048463414,2034104438514,55.9751
11104,L,2034144474914,2034208331714,63.8568
11106,A,2034248468814,2034288436614,39.9678
11108,N,2034344506914,2034400449014,55.9421
11110,D,2034448480414,2034560407014,111.9266
11111,F,2034544482814,2034624474814,79.992
11114,H,2034648472914,2034752310314,103.8374
11115,B,2034744491814,2034864455714,119.9639
11117,U,2034848461614,2034960472514,112.0109
11119,R,2034944459614,2035064410414,119.9508
11121,G,2035048431014,2035160402714,111.9717
11123,E,2035144456414,2035256458914,112.0025
11125,N,2035248511314,2035304418814,55.9075
11128,L,2035344394514,2035400497014,56.1025
11130,A,2035448564914,2035496464614,47.8997
11132,N,2035544505614,2035608424314,63.9187
11134,D,2035648498514,2035760441814,111.9433
11135,F,2035752226414,2035816485914,64.2595
11138,H,2035848503014,2035952434114,103.9311
11140,B,2035953314314,2036064481114,111.1668
11141,U,2036048485514,2036160447714,111.9622
11143,R,2036152567714,2036256459614,103.8919
11145,G,2036248472114,2036360463814,111.9917
11147,E,2036352642314,2036456462214,103.8199
11149,N,2036448474814,2036512470614,63.9958
11152,L,2036544481214,2036600471914,55.9907
11154,A,2036648455214,2036688312614,39.8574
11156,N,2036744473414,2036808484314,64.0109
11158,D,2036848510014,2036960341114,111.8311
11159,F,2036944557614,2037024505214,79.9476
11162,H,2037048543914,2037144557314,96.0134
11164,B,2037145365514,2037264502814,119.1373
11165,U,2037248491714,2037352524514,104.0328
11167,R,2037344496314,2037464492814,119.9965
11169,G,2037448511014,2037552253214,103.7422
11171,E,2037544523214,2037656470814,111.9476
11173,N,2037648485214,2037704286414,55.8012
11176,L,2037744519814,2037800566414,56.0466
11178,A,2037848523914,2037896500514,47.9766
11180,N,2037952531614,2038008504614,55.973
11182,D,2038048536114,2038160307914,111.7718
11183,F,2038152574614,2038216484614,63.91
11186,H,2038248508714,2038368170914,119.6622
11187,B,2038352489214,2038472479414,119.9902
11189,U,2038448509514,2038552570814,104.0613
11191,R,2038544503514,2038664512914,120.0094
11193,G,2038648515314,2038760460314,111.945
11195,E,2038752490214,2038856211414,103.7212
11197,N,2038848496114,2038904419714,55.9236
11200,L,2038944487814,2039000474814,55.987
11202,A,2039048505914,2039088298014,39.7921
11204,N,2039144484514,2039208501314,64.0168
11206,D,2039248482214,2039360466014,111.9838
11207,F,2039344473914,2039424501714,80.0278
11210,H,2039448591214,2039544507314,95.9161
11212,B,2039552512514,2039664512114,111.9996
11213,U,2039648553414,2039760498414,111.945
11215,R,2039744258714,2039864517714,120.259
11217,G,2039848531914,2039960424114,111.8922
11219,E,2039952456814,2040048465214,96.0084
11222,N,2040048881314,2040112424614,63.5433
11224,L,2040152506414,2040200558014,48.0516
11226,A,2040248601414,2040296526514,47.9251
11228,N,2040352517314,2040408531414,56.0141
11230,D,2040448550414,2040560404314,111.8539
11231,F,2040552521914,2040624521114,71.9992
11234,H,2040648532214,2040752491014,103.9588
11235,B,2040744236014,2040872474414,128.2384
11237,U,2040848534614,2040952492514,103.9579
11239,R,2040944513214,2041064536114,120.0229
11241,G,2041048609814,2041160237814,111.628
11243,E,2041152559514,2041256415014,103.8555
11245,N,2041248495614,2041304518414,56.0228
11248,L,2041344586314,2041400245514,55.6592
11250,A,2041448530614,2041488540614,40.01
11252,N,2041544514414,2041600307414,55.793
11254,D,2041648534414,2041760555414,112.021
11255,F,2041744520114,2041824537414,80.0173
11258,H,2041848600514,2041944527014,95.9265
11260,B,2041952540414,2042064608414,112.068
11261,U,2042048516014,2042160529014,112.013
11263,R,2042152513914,2042264539514,112.0256
11265,G,2042248554414,2042360538514,111.9841
11267,E,2042352542314,2042448544914,96.0026
11270,N,2042449548714,2042512522714,62.974
11272,L,2042544544714,2042608532314,63.9876
11274,A,2042648547114,2042696515914,47.9688
11276,N,2042744565514,2042808514414,63.9489
11278,D,2042848546414,2042960549714,112.0033
11279,F,2042944574114,2043024402914,79.8288
11282,H,2043048493614,2043152502314,104.0087
11283,B,2043144326114,2043272545614,128.2195
11285,U,2043248544114,2043360334614,111.7905
11287,R,2043344414414,2043464515214,120.1008
11289,G,2043448557914,2043560558814,112.0009
11291,E,2043544618414,2043656556714,111.9383
11293,N,2043648561514,2043704582014,56.0205
11296,L,2043744506814,2043800578514,56.0717
11298,A,2043848533414,2043896593614,48.0602
11300,N,2043944582214,2044000580314,55.9981
11302,D,2044048508014,2044160541014,112.033
11303,F,2044144494114,2044216562014,72.0679
11306,H,2044248538014,2044352288414,103.7504
11308,B,2044353279414,2044472579814,119.3004
11309,U,2044448552714,2044552559514,104.0068
11312,R,2044553568914,2044664522814,110.9539
11313,G,2044648541114,2044760578814,112.0377
11315,E,2044752541914,2044856398614,103.8567
11317,N,2044848540214,2044912567114,64.0269
11320,L,2044944591414,2045008632414,64.041
11322,A,2045048609514,2045096548714,47.9392
11324,N,2045144453114,2045208614414,64.1613
11326,D,2045248548914,2045360365614,111.8167
11327,F,2045344554714,2045424562214,80.0075
11330,H,2045448368014,2045560359614,111.9916
11331,B,2045544570914,2045672578314,128.0074
11333,U,2045648584014,2045760243214,111.6592
11335,R,2045744542814,2045864398214,119.8554
11337,G,2045848550014,2045960296014,111.746
11339,E,2045944325214,2046056558514,112.2333
11341,N,2046048554614,2046104600514,56.0459
11344,L,2046144393414,2046200305014,55.9116
11346,A,2046248249014,2046296489314,48.2403
11348,N,2046344523214,2046400346314,55.8231
11350,D,2046448577614,2046560405214,111.8276
11351,F,2046552592014,2046616547514,63.9555
11354,H,2046648577114,2046752383514,103.8064
11356,B,2046753332714,2046872584914,119.2522
11357,U,2046848537714,2046968309614,119.7719
11359,R,2046952584614,2047064285014,111.7004
11361,G,2047048502914,2047160494614,111.9917
11363,E,2047152613214,2047256551714,103.9385
11365,N,2047248582914,2047312564914,63.982
11368,L,2047344326714,2047408502014,64.1753
11370,A,2047448520214,2047496577914,48.0577
11372,N,2047544372814,2047608569414,64.1966
11374,D,2047648605114,2047752562614,103.9575
11375,F,2047744348414,2047824582514,80.2341
11378,H,2047848600414,2047952610314,104.0099
11379,B,2047944368914,2048064567514,120.1986
11381,U,2048048572414,2048160649214,112.0768
11383,R,2048144378214,2048264364214,119.986
11385,G,2048248563314,2048352584714,104.0214
11387,E,2048344343014,2048456540514,112.1975
11389,N,2048448603314,2048512639914,64.0366
11392,L,2048552612014,2048600549414,47.9374
11394,A,2048648356314,2048696541014,48.1847
11396,N,2048752581014,2048800553814,47.9728
11398,D,2048848559414,2048960421714,111.8623
11399,F,2048952620114,2049016610414,63.9903
11402,H,2049048600714,2049144682814,96.0821
11404,B,2049152801214,2049264357214,111.556
11405,U,2049248564314,2049352634014,104.0697
11407,R,2049344692414,2049464317514,119.6251
11409,G,2049448630414,2049560281114,111.6507
11411,E,2049552601414,2049656546514,103.9451
11413,N,2049648559914,2049712328714,63.7688
11416,L,2049744599114,2049808560614,63.9615
11418,A,2049848584714,2049888576014,39.9913
11420,N,2049944696614,2050016581814,71.8852
11422,D,2050048568414,2050160400214,111.8318
11423,F,2050144408114,2050224338714,79.9306
11426,H,2050248401314,2050360304014,111.9027
11427,B,2050344340714,2050472261614,127.9209
11429,U,2050448411814,2050560374914,111.9631
11431,R,2050544164814,2050672167914,128.0031
11433,G,2050648254314,2050760231814,111.9775
11435,E,2050752349114,2050848589514,96.2404
11438,N,2050849509614,2050912450114,62.9405
11440,L,2050952642214,2051000379914,47.7377
11442,A,2051048592114,2051096462414,47.8703
11444,N,2051152582714,2051208632014,56.0493
11446,D,2051248655614,2051360630014,111.9744
11447,F,2051344618714,2051416646314,72.0276
11450,H,2051448576414,2051544684614,96.1082
11452,B,2051545467714,2051672616014,127.1483
11453,U,2051648587214,2051752651414,104.0642
11455,R,2051744627814,2051864558114,119.9303
11457,G,2051848588314,2051960579114,111.9908
11459,E,2051944604514,2052056611614,112.0071
11461,N,2052048708514,2052112424514,63.716
11464,L,2052144606714,2052200595714,55.989
11466,A,2052248484114,2052296450614,47.9665
11468,N,2052344765414,2052416566914,71.8015
11470,D,2052448600414,2052560618914,112.0185
11471,F,2052544639614,2052624659714,80.0201
11474,H,2052648596514,2052760547014,111.9505
11475,B,2052752342514,2052872393014,120.0505
11477,U,2052848596914,2052960615314,112.0184
11479,R,2052952579114,2053064436414,111.8573
11481,G,2053048385714,2053160558514,112.1728
11483,E,2053152616014,2053256611214,103.9952
11485,N,2053248398814,2053312490214,64.0914
11488,L,2053344526414,2053408650014,64.1236
11490,A,2053448411514,2053496669414,48.2579
11492,N,2053544638214,2053608616614,63.9784
11494,D,2053648379914,2053760755514,112.3756
11495,F,2053744651514,2053824311814,79.6603
11498,H,2053848245314,2053952630014,104.3847
11499,B,2053944544414,2054064821914,120.2775
11501,U,2054048464414,2054160585414,112.121
11503,R,2054144614214,2054264758314,120.1441
11505,G,2054248517714,2054360619114,112.1014
11507,E,2054344667414,2054448667014,103.9996
11510,N,2054449475414,2054512646714,63.1713
11512,L,2054544706014,2054608654414,63.9484
11514,A,2054648642214,2054688646714,40.0045
11516,N,2054744662414,2054816642214,71.9798
11518,D,2054848420414,2054960613414,112.193
11519,F,2054952662614,2055024685314,72.0227
11522,H,2055048781914,2055160301614,111.5197
11523,B,2055152658514,2055272613414,119.9549
11525,U,2055248781214,2055368624614,119.8434
11527,R,2055352624714,2055464632214,112.0075
11529,G,2055448664214,2055560628714,111.9645
11531,E,2055552628614,2055656607814,103.9792
11533,N,2055648632414,2055712636214,64.0038
11536,L,2055744683214,2055808614014,63.9308
11538,A,2055848641714,2055896716914,48.0752
11540,N,2055944640114,2056008665814,64.0257
11542,D,2056048645614,2056160702814,112.0572
11543,F,2056144728114,2056224681014,79.9529
11546,H,2056248771614,2056344736814,95.9652
11548,B,2056345526814,2056464698314,119.1715
11549,U,2056448683114,2056560693814,112.0107
11551,R,2056544718914,2056664645614,119.9267
11553,G,2056648630914,2056760617914,111.987
11555,E,2056744642514,2056848633514,103.991
11558,N,2056849304914,2056912642414,63.3375
11560,L,2056952638014,2057000556314,47.9183
11562,A,2057048639214,2057088349414,39.7102
11564,N,2057152678814,2057200517814,47.839
11566,D,2057248739214,2057360663914,111.9247
11567,F,2057352722914,2057416691014,63.9681
11570,H,2057448663714,2057560552214,111.8885
11571,B,2057552640014,2057672421014,119.781
11573,U,2057648677514,2057752630314,103.9528
11575,R,2057744654614,2057864647714,119.9931
11577,G,2057848652314,2057960371114,111.7188
11579,E,2057952790914,2058048678514,95.8876
11582,N,2058049536314,2058112400914,62.8646
11584,L,2058144691914,2058208659614,63.9677
11586,A,2058248653614,2058296648214,47.9946
11588,N,2058344682714,2058408686114,64.0034
11590,D,2058448727914,2058560715414,111.9875
11591,F,2058544690414,2058616672914,71.9825
11594,H,2058648662714,2058744667314,96.0046
11596,B,2058745523714,2058864832314,119.3086
11597,U,2058848664614,2058960725914,112.0613
11599,R,2058952427014,2059064775214,112.3482
11601,G,2059048383914,2059160677214,112.2933
11603,E,2059152457914,2059256671314,104.2134
11605,N,2059248676914,2059304462114,55.7852
11608,L,2059352465014,2059400665914,48.2009
11610,A,2059448683214,2059488673614,39.9904
11612,N,2059552595214,2059600393314,47.7981
11614,D,2059648642714,2059760662814,112.0201
11615,F,2059752452314,2059824692514,72.2402
11618,H,2059848674214,2059952323914,103.6497
11619,B,2059944691414,2060064635314,119.9439
11621,U,2060048777814,2060152660214,103.8824
11623,R,2060144701214,2060264665514,119.9643
11625,G,2060248702514,2060360714814,112.0123
11627,E,2060352769514,2060448739414,95.9699
11630,N,2060449691114,2060504701714,55.0106
11632,L,2060544706314,2060608702514,63.9962
11634,A,2060648694914,2060688510814,39.8159
11636,N,2060744698614,2060816717914,72.0193
11638,D,2060848680514,2060960691714,112.0112
11639,F,2060944673314,2061016696214,72.0229
11642,H,2061048693114,2061152357614,103.6645
11644,B,2061152795114,2061272467414,119.6723
11645,U,2061248673714,2061360660114,111.9864
11647,R,2061352689714,2061464450114,111.7604
11649,G,2061448711614,2061560496314,111.7847
11651,E,2061552706914,2061656679114,103.9722
11653,N,2061648727114,2061704517214,55.7901
11656,L,2061744715914,2061808698914,63.983
11658,A,2061848695214,2061888512514,39.8173
11660,N,2061944706114,2062000721214,56.0151
11662,D,2062048731514,2062152716914,103.9854
11663,F,2062144772814,2062224747714,79.9749
11666,H,2062248737114,2062352715514,103.9784
11667,B,2062344683614,2062464681214,119.9976
11669,U,2062448662914,2062560676014,112.0131
11671,R,2062544747014,2062664458014,119.711
11673,G,2062648737814,2062752709614,103.9718
11675,E,2062744722214,2062840746314,96.0241
11678,N,2062848753814,2062904465214,55.7114
11680,L,2062944722414,2063008721314,63.9989
11682,A,2063048707514,2063088589114,39.8816
11684,N,2063144718414,2063200709214,55.9908
11686,D,2063248723014,2063360743314,112.0203
11687,F,2063352700414,2063416697614,63.9972
11690,H,2063448718914,2063552698714,103.9798
11692,B,2063553394214,2063672591614,119.1974
11693,U,2063648748114,2063768387614,119.6395
11695,R,2063752722214,2063864592614,111.8704
11697,G,2063848517114,2063960677314,112.1602
11699,E,2063952728214,2064056624114,103.8959
11701,N,2064048734314,2064104724214,55.9899
11704,L,2064144674814,2064208801014,64.1262
11706,A,2064248730814,2064288801014,40.0702
11708,N,2064344484614,2064400736214,56.2516
11710,D,2064448744214,2064560483014,111.7388
11711,F,2064544722614,2064624724914,80.0023
11714,H,2064648728114,2064744749714,96.0216
11716,B,2064745736614,2064864780814,119.0442
11717,U,2064848763414,2064960799614,112.0362
11719,R,2064944752414,2065064724714,119.9723
11721,G,2065048772214,2065152734214,103.962
11723,E,2065144542514,2065248728214,104.1857
11726,N,2065249604114,2065312781314,63.1772
11728,L,2065352756514,2065408705714,55.9492
11730,A,2065448723514,2065488751714,40.0282
11732,N,2065552776014,2065592536114,39.7601
11734,D,2065648774214,2065760725714,111.9515
11735,F,2065752720014,2065816824614,64.1046
11738,H,2065848743714,2065952714114,103.9704
11740,B,2065953692514,2066072721014,119.0285
11741,U,2066048697114,2066152760414,104.0633
11743,R,2066144709014,2066264804614,120.0956
11745,G,2066248748814,2066360450014,111.7012
11747,E,2066352440814,2066456759914,104.3191
11749,N,2066448716814,2066504734414,56.0176
11752,L,2066544722714,2066608702014,63.9793
11754,A,2066648485314,2066688784814,40.2995
11756,N,2066744792514,2066808789214,63.9967
11758,D,2066848754914,2066960608714,111.8538
11759,F,2066944764014,2067024492714,79.7287
11762,H,2067048747814,2067152765914,104.0181
11763,B,2067144618014,2067264748214,120.1302
11765,U,2067248747614,2067352763514,104.0159
11767,R,2067344741114,2067464768114,120.027
11769,G,2067448735614,2067560768314,112.0327
11771,E,2067552760914,2067648772914,96.012
11774,N,2067649736814,2067704815514,55.0787
11776,L,2067752745114,2067808522714,55.7776
11778,A,2067848715714,2067888732714,40.017
11780,N,2067952728514,2067992537414,39.8089
11782,D,2068048760714,2068160725214,111.9645
11783,F,2068152793314,2068216744114,63.9508
11786,H,2068248775314,2068352781314,104.006
11787,B,2068344733614,2068472755214,128.0216
11789,U,2068448823114,2068552762314,103.9392
11791,R,2068544793114,2068664763114,119.97
11793,G,2068648782914,2068752733414,103.9505
11796,E,2068753480714,2068848771014,95.2903
11798,N,2068849505014,2068904940714,55.4357
11800,L,2068944785914,2069008812514,64.0266
11802,A,2069048763314,2069088501214,39.7379
11804,N,2069144727814,2069208926714,64.1989
11806,D,2069248742714,2069360736714,111.994
11807,F,2069344724814,2069424753414,80.0286
11810,H,2069448756614,2069544779814,96.0232
11812,B,2069545752014,2069672754514,127.0025
11813,U,2069648782814,2069760738614,111.9558
11815,R,2069752771814,2069864794814,112.023
11817,G,2069848757214,2069960493414,111.7362
11819,E,2069952766514,2070048802814,96.0363
11822,N,2070049812014,2070104694514,54.8825
11824,L,2070144789914,2070208907414,64.1175
11826,A,2070248784514,2070288821214,40.0367
11828,N,2070352781314,2070392860514,40.0792
11830,D,2070448784414,2070560482514,111.6981
11831,F,2070544735914,2070624751014,80.0151
11834,H,2070648806314,2070752773814,103.9675
11835,B,2070744729714,2070864763114,120.0334
11837,U,2070848823314,2070952815914,103.9926
11839,R,2070944797814,2071064789914,119.9921
11841,G,2071048781714,2071160487814,111.7061
11843,E,2071144528614,2071256815214,112.2866
11845,N,2071248788414,2071304761714,55.9733
11848,L,2071344549614,2071400774614,56.225
11850,A,2071448879914,2071488729914,39.85
11852,N,2071544554714,2071600833614,56.2789
11854,D,2071648790214,2071760740814,111.9506
11855,F,2071752780814,2071816814214,64.0334
11858,H,2071848761114,2071952780414,104.0193
11860,B,2071953393514,2072072752614,119.3591
11861,U,2072048494214,2072168852514,120.3583
11863,R,2072152569914,2072264751414,112.1815
11865,G,2072248787114,2072368796114,120.009
11867,E,2072352831814,2072456796914,103.9651
11869,N,2072448805714,2072496859814,48.0541
11872,L,2072544545914,2072608760614,64.2147
11874,A,2072648828014,2072688779514,39.9515
11876,N,2072744646514,2072792808314,48.1618
11878,D,2072848801014,2072960809114,112.0081
11879,F,2072944851414,2073024819914,79.9685
11882,H,2073048813514,2073144869814,96.0563
11884,B,2073145661114,2073264611714,118.9506
11885,U,2073248850114,2073352595714,103.7456
11887,R,2073344891614,2073464863514,119.9719
11889,G,2073448865314,2073552818114,103.9528
11891,E,2073544913614,2073656833314,111.9197
11893,N,2073648868514,2073704857514,55.989
11896,L,2073744817214,2073808810414,63.9932
11898,A,2073848774214,2073888819914,40.0457
11900,N,2073952834514,2074000839914,48.0054
11902,D,2074048834014,2074160575614,111.7416
11903,F,2074152835914,2074216806414,63.9705
11906,H,2074248835314,2074352800414,103.9651
11908,B,2074353497114,2074472512314,119.0152
11909,U,2074448794114,2074560786914,111.9928
11911,R,2074552820214,2074664589314,111.7691
11913,G,2074648819514,2074760505814,111.6863
11915,E,2074752771414,2074856840214,104.0688
11917,N,2074848624514,2074904826814,56.2023
11920,L,2074944816514,2075008819414,64.0029
11922,A,2075048833814,2075088812014,39.9782
11924,N,2075144969114,2075192808914,47.8398
11926,D,2075248996414,2075360812114,111.8157
11927,F,2075344823014,2075424823814,80.0008
11930,H,2075448864114,2075544831514,95.9674
11932,B,2075545802114,2075664736714,118.9346
11933,U,2075648848414,2075752805314,103.9569
11935,R,2075744858014,2075864592814,119.7348
11937,G,2075848795114,2075960804014,112.0089
11939,E,2075944803514,2076048811914,104.0084
11942,N,2076049889614,2076104789714,54.9001
11944,L,2076144508514,2076200531714,56.0232
11946,A,2076248885114,2076288797514,39.9124
11948,N,2076352831414,2076400843514,48.0121
11950,D,2076448782914,2076560841114,112.0582
11951,F,2076552826214,2076624808614,71.9824
11954,H,2076648820214,2076752855514,104.0353
11956,B,2076753876014,2076864681014,110.805
11957,U,2076848830814,2076960855814,112.025
11959,R,2076952833514,2077056927814,104.0943
11961,G,2077048805014,2077152826214,104.0212
11964,E,2077153811914,2077256938514,103.1266
11965,N,2077248634614,2077304910814,56.2762
11968,L,2077344832414,2077408841314,64.0089
11970,A,2077448599214,2077488826914,40.2277
11972,N,2077544868714,2077592784114,47.9154
11974,D,2077648615114,2077760855914,112.2408
11975,F,2077744849814,2077824839314,79.9895
11978,H,2077848606214,2077944639814,96.0336
11980,B,2077945674614,2078065024314,119.3497
11981,U,2078048658014,2078160808514,112.1505
11983,R,2078144853214,2078265002514,120.1493
11985,G,2078248641314,2078360841514,112.2002
11987,E,2078344845814,2078448747714,103.9019
11990,N,2078449738914,2078512866414,63.1275
11992,L,2078552851614,2078608913314,56.0617
11994,A,2078648543414,2078688807114,40.2637
11996,N,2078752568214,2078800856614,48.2884
11998,D,2078848848614,2078960835314,111.9867
11999,F,2078952877514,2079016850314,63.9728
12002,H,2079049132614,2079152851814,103.7192
12004,B,2079153694314,2079272891714,119.1974
12005,U,2079248734614,2079360829114,112.0945
12007,R,2079352898614,2079464853614,111.955
12009,G,2079448990914,2079560592714,111.6018
12011,E,2079552920514,2079648906714,95.9862
12014,N,2079649956314,2079704839314,54.883
12016,L,2079744867514,2079808839514,63.972
12018,A,2079848837414,2079888608514,39.7711
12020,N,2079944865914,2079992850414,47.9845
12022,D,2080048816714,2080160892614,112.0759
12023,F,2080144849214,2080216696914,71.8477
12026,H,2080248598314,2080344892914,96.2946
12028,B,2080345877614,2080464856214,118.9786
12029,U,2080448916114,2080552886114,103.97
12031,R,2080544863414,2080664875014,120.0116
12033,G,2080648860914,2080760676714,111.8158
12035,E,2080752853414,2080840844414,87.991
12038,N,2080848870014,2080912878614,64.0086
12040,L,2080952855514,2081000627714,47.7722
12042,A,2081048897714,2081088844014,39.9463
12044,N,2081152890814,2081208819314,55.9285
12046,D,2081248860314,2081368598114,119.7378
12047,F,2081352869914,2081424824614,71.9547
12050,H,2081448904814,2081544840814,95.936
12052,B,2081552635214,2081664818714,112.1835
12053,U,2081648828514,2081752847614,104.0191
12055,R,2081744872314,2081864805014,119.9327
12057,G,2081848919814,2081952884314,103.9645
12060,E,2081953873014,2082056815514,102.9425
12061,N,2082048883614,2082104876314,55.9927
12064,L,2082144895514,2082208755414,63.8599
12066,A,2082248875614,2082288892714,40.0171
12068,N,2082344925614,2082400875214,55.9496
12070,D,2082448884714,2082560559414,111.6747
12071,F,2082544726214,2082624877114,80.1509
12074,H,2082648852514,2082752799214,103.9467
12076,B,2082753779314,2082872970914,119.1916
12077,U,2082848864514,2082960810014,111.9455
12079,R,2082952647514,2083064861914,112.2144
12081,G,2083048882414,2083152722014,103.8396
12084,E,2083153703914,2083248836514,95.1326
12086,N,2083249699414,2083312897214,63.1978
12088,L,2083352745814,2083408989214,56.2434
12090,A,2083448944714,2083488929214,39.9845
12092,N,2083552665214,2083592914914,40.2497
12094,D,2083648904614,2083760879114,111.9745
12095,F,2083744918614,2083824902414,79.9838
12098,H,2083848920614,2083952667614,103.747
12099,B,2083944957614,2084064898814,119.9412
12101,U,2084048916114,2084152666714,103.7506
12103,R,2084144877014,2084264907114,120.0301
12105,G,2084248876514,2084352832814,103.9563
12108,E,2084353654914,2084456850414,103.1955
12109,N,2084448913414,2084504688014,55.7746
12112,L,2084544908214,2084608884214,63.976
12114,A,2084648918214,2084696912614,47.9944
12116,N,2084744890814,2084800894514,56.0037
12118,D,2084848928014,2084960859014,111.931
12119,F,2084944893414,2085024917814,80.0244
12122,H,2085048888214,2085153043314,104.1551
12124,B,2085154008114,2085272890814,118.8827
12125,U,2085248896814,2085360888714,111.9919
12127,R,2085352983414,2085472845614,119.8622
12129,G,2085448909714,2085560886314,111.9766
12131,E,2085552961914,2085648895714,95.9338
12134,N,2085649531614,2085704664414,55.1328
12136,L,2085744905514,2085808889414,63.9839
12138,A,2085848893214,2085888751214,39.858
12140,N,2085944936814,2085992886714,47.9499
12142,D,2086048934914,2086160904214,111.9693
12143,F,2086144919014,2086224962114,80.0431
12146,H,2086248943814,2086344896814,95.953
12148,B,2086345629214,2086464904314,119.2751
12149,U,2086448697814,2086560915114,112.2173
12151,R,2086544916214,2086664949214,120.033
12153,G,2086648971914,2086745021014,96.0491
12156,E,2086746006714,2086848891414,102.8847
12158,N,2086849615814,2086904737914,55.1221
12160,L,2086944881514,2087008863814,63.9823
12162,A,2087048897914,2087088809114,39.9112
12164,N,2087152882714,2087200767614,47.8849
12166,D,2087248895514,2087360876214,111.9807
12167,F,2087352932214,2087416932114,63.9999
12170,H,2087448946214,2087552600414,103.6542
12172,B,2087553635114,2087664931814,111.2967
12173,U,2087648931314,2087760888814,111.9575
12175,R,2087752911414,2087865169614,112.2582
12177,G,2087848911314,2087960878414,111.9671
12179,E,2087952893514,2088048961014,96.0675
12182,N,2088049993914,2088104955514,54.9616
12184,L,2088144930014,2088208818114,63.8881
12186,A,2088248914214,2088288902814,39.9886
12188,N,2088344903214,2088400925214,56.022
12190,D,2088448938614,2088560973714,112.0351
12191,F,2088544997614,2088624932814,79.9352
12194,H,2088648935114,2088744956214,96.0211
12196,B,2088745878814,2088864881214,119.0024
12197,U,2088848921514,2088960925514,112.004
12199,R,2088944957414,2089064934914,119.9775
12201,G,2089048912714,2089160918614,112.0059
12203,E,2089152951114,2089248930914,95.9798
12206,N,2089249784514,2089304606914,54.8224
12208,L,2089352893614,2089400922514,48.0289
12210,A,2089448924114,2089488947814,40.0237
12212,N,2089552722114,2089600899714,48.1776
12214,D,2089648931014,2089769012414,120.0814
12215,F,2089752990614,2089816952414,63.9618
12218,H,2089848938214,2089952987014,104.0488
12220,B,2089953993814,2090073133714,119.1399
12221,U,2090048960014,2090152691814,103.7318
12223,R,2090144775914,2090264943314,120.1674
12225,G,2090248926614,2090352935014,104.0084
12228,E,2090353960214,2090456977514,103.0173
12229,N,2090448941814,2090504958814,56.017
12232,L,2090544961714,2090608702514,63.7408
12234,A,2090648947014,2090688957114,40.0101
12236,N,2090745001514,2090800955014,55.9535
12238,D,2090848945114,2090960914814,111.9697
12239,F,2090944985514,2091024708414,79.7229
12242,H,2091048965414,2091152650714,103.6853
12244,B,2091153184414,2091272970814,119.7864
12245,U,2091248941314,2091360949214,112.0079
12247,R,2091352979714,2091464916814,111.9371
12249,G,2091448995414,2091560689614,111.6942
12251,E,2091552993314,2091648973114,95.9798
12254,N,2091656989314,2091704977114,47.9878
12256,L,2091752967214,2091808739614,55.7724
12258,A,2091848969314,2091888954714,39.9854
12260,N,2091952959014,2091992716214,39.7572
12262,D,2092048974014,2092160921614,111.9476
12263,F,2092144929314,2092224851714,79.9224
12266,H,2092248978814,2092344977314,95.9985
12268,B,2092345828514,2092464954014,119.1255
12269,U,2092448921814,2092552693714,103.7719
12271,R,2092544929114,2092664976614,120.0475
12273,G,2092648976214,2092752958514,103.9823
12275,E,2092745043414,2092856948714,111.9053
12277,N,2092849007014,2092904959214,55.9522
12280,L,2092944921314,2093000968814,56.0475
12282,A,2093048974714,2093088951714,39.977
12284,N,2093144992614,2093200981014,55.9884
12286,D,2093249003114,2093360990914,111.9878
12287,F,2093352953914,2093424985414,72.0315
12290,H,2093448973114,2093560884514,111.9114
12291,B,2093552967714,2093673071014,120.1033
12293,U,2093648979214,2093760826814,111.8476
12295,R,2093752956514,2093864969614,112.0131
12297,G,2093848977414,2093960759514,111.7821
12299,E,2093952999514,2094056996814,103.9973
12301,N,2094048975914,2094105014614,56.0387
12304,L,2094144848414,2094208961414,64.113
12306,A,2094249007014,2094288984114,39.9771
12308,N,2094344890914,2094392997714,48.1068
12310,D,2094449008214,2094560795014,111.7868
12311,F,2094544948314,2094624959414,80.0111
12314,H,2094648984214,2094745013414,96.0292
12316,B,2094745950614,2094864958014,119.0074
12317,U,2094848968114,2094960819414,111.8513
12319,R,2094944980514,2095064943614,119.9631
12321,G,2095048947314,2095152756214,103.8089
12323,E,2095144975914,2095240954714,95.9788
12326,N,2095248940814,2095312955414,64.0146
12328,L,2095353016314,2095400974514,47.9582
12330,A,2095448981814,2095489016814,40.035
12332,N,2095552983114,2095601042814,48.0597
12334,D,2095648963514,2095760837414,111.8739
12335,F,2095752987414,2095816991914,64.0045
12338,H,2095849025814,2095953010214,103.9844
12340,B,2095953810514,2096064995514,111.185
12341,U,2096049008214,2096152972814,103.9646
12343,R,2096144745914,2096265006514,120.2606
12345,G,2096248980714,2096361105714,112.125
12347,E,2096352998214,2096457048214,104.05
12349,N,2096448989914,2096504966114,55.9762
12352,L,2096544844514,2096609005114,64.1606
12354,A,2096648994714,2096688987614,39.9929
12356,N,2096744870614,2096800977714,56.1071
12358,D,2096848987814,2096952999714,104.0119
12359,F,2096944911014,2097025017514,80.1065
12362,H,2097049010814,2097145018114,96.0073
12364,B,2097146241314,2097273058214,126.8169
12365,U,2097249048614,2097360980814,111.9322
12367,R,2097353004614,2097472812214,119.8076
12369,G,2097448984614,2097560978714,111.9941
12371,E,2097553018714,2097649055914,96.0372
12374,N,2097650022814,2097705026214,55.0034
12376,L,2097752954714,2097808978414,56.0237
12378,A,2097848979614,2097889030114,40.0505
12380,N,2097953021914,2097992976914,39.955
12382,D,2098049012614,2098161037214,112.0246
12383,F,2098153004214,2098225015414,72.0112
12386,H,2098248992414,2098344722314,95.7299
12388,B,2098345417014,2098464979314,119.5623
12389,U,2098449030614,2098552994614,103.964
12391,R,2098545088314,2098665033714,119.9454
12393,G,2098649010514,2098761008114,111.9976
12395,E,2098753009014,2098857006314,103.9973
12397,N,2098849022214,2098905025114,56.0029
12400,L,2098945037114,2099009036814,63.9997
12402,A,2099049057914,2099089023914,39.966
12404,N,2099145020814,2099200773714,55.7529
12406,D,2099248785914,2099361051914,112.266
12407,F,2099353016614,2099425033014,72.0164
12410,H,2099449018914,2099560757214,111.7383
12411,B,2099553000914,2099664755414,111.7545
12413,U,2099649173914,2099761019914,111.846
12415,R,2099753030914,2099873050614,120.0197
12417,G,2099849056514,2099953042814,103.9863
12420,E,2099954057414,2100049009014,94.9516
12422,N,2100050000314,2100104801514,54.8012
12424,L,2100145027714,2100209022714,63.995
12426,A,2100249022014,2100289036514,40.0145
12428,N,2100345029514,2100393065014,48.0355
12430,D,2100448984914,2100561007014,112.0221
12431,F,2100545001814,2100625029514,80.0277
12434,H,2100648983114,2100745067714,96.0846
12436,B,2100745948914,2100873129714,127.1808
12437,U,2100849062014,2100952791214,103.7292
12439,R,2100945074214,2101064840114,119.7659
12441,G,2101049002514,2101145027814,96.0253
12444,E,2101145725514,2101256614414,110.8889
12445,N,2101248683614,2101304844414,56.1608
12448,L,2101344803614,2101408544614,63.741
12450,A,2101448570814,2101488583314,40.0125
12452,N,2101553016114,2101600804414,47.7883
12454,D,2101648778714,2101760988414,112.2097
12455,F,2101753025814,2101824999114,71.9733
12458,H,2101848733714,2101953047614,104.3139
12460,B,2101954009914,2102073050014,119.0401
12461,U,2102048837314,2102161044414,112.2071
12463,R,2102153010114,2102265132814,112.1227
12465,G,2102248830814,2102353077314,104.2465
12468,E,2102354061814,2102457023714,102.9619
12469,N,2102448839314,2102505011814,56.1725
12472,L,2102545049414,2102609030014,63.9806
12474,A,2102648945914,2102689040014,40.0941
12476,N,2102745065114,2102793084514,48.0194
12478,D,2102848941014,2102961092614,112.1516
12479,F,2102945069114,2103025059214,79.9901
12482,H,2103049025014,2103145073414,96.0484
12484,B,2103146054214,2103265012014,118.9578
12485,U,2103249098914,2103353013114,103.9142
12487,R,2103345013614,2103465028014,120.0144
12489,G,2103449113614,2103560866914,111.7533
12491,E,2103544810514,2103649196114,104.3856
12494,N,2103650179814,2103713060614,62.8808
12496,L,2103753044414,2103801112114,48.0677
12498,A,2103849197014,2103889081914,39.8849
12500,N,2103953080614,2104008870114,55.7895
12502,D,2104049071114,2104161018514,111.9474
12503,F,2104153068714,2104216818114,63.7494
12506,H,2104249120514,2104352943714,103.8232
12508,B,2104353961114,2104465025914,111.0648
12509,U,2104449025914,2104561064314,112.0384
12511,R,2104553027514,2104665023514,111.996
12513,G,2104649078514,2104761024014,111.9455
12515,E,2104753092814,2104865040714,111.9479
12517,N,2104849017414,2104905062814,56.0454
12520,L,2104945053114,2105009063014,64.0099
12522,A,2105049082514,2105089044314,39.9618
12524,N,2105144886814,2105200899314,56.0125
12526,D,2105249084214,2105361068314,111.9841
12527,F,2105345085914,2105417222714,72.1368
12530,H,2105449098414,2105545088114,95.9897
12532,B,2105545866614,2105664950614,119.084
12533,U,2105649106214,2105761100214,111.994
12535,R,2105744832214,2105865060514,120.2283
12537,G,2105849053114,2105961083914,112.0308
12539,E,2105952887214,2106049065714,96.1785
12542,N,2106049970314,2106112822014,62.8517
12544,L,2106152860614,2106200937614,48.077
12546,A,2106248785014,2106289094914,40.3099
12548,N,2106353050614,2106409056914,56.0063
12550,D,2106449099314,2106568803114,119.7038
12551,F,2106552825214,2106625077914,72.2527
12554,H,2106649084314,2106753075514,103.9912
12556,B,2106753752314,2106873066314,119.314
12557,U,2106849091014,2106952784814,103.6938
12559,R,2106945057214,2107065075214,120.018
12561,G,2107049064914,2107160778814,111.7139
12563,E,2107152827014,2107257079714,104.2527
12565,N,2107249075514,2107305020114,55.9446
12568,L,2107345110214,2107401145914,56.0357
12570,A,2107449187614,2107489036114,39.8485
12572,N,2107545066514,2107593047014,47.9805
12574,D,2107649088614,2107761080214,111.9916
12575,F,2107745092614,2107825072114,79.9795
12578,H,2107849137214,2107944827714,95.6905
12580,B,2107945837214,2108073096914,127.2597
12581,U,2108049095314,2108161070114,111.9748
12583,R,2108152899314,2108265085714,112.1864
12585,G,2108249094914,2108361102814,112.0079
12587,E,2108352861014,2108449135114,96.2741
12590,N,2108450142214,2108505078314,54.9361
12592,L,2108552942114,2108609074414,56.1323
12594,A,2108649052114,2108689065714,40.0136
12596,N,2108753039314,2108801056214,48.0169
12598,D,2108849146914,2108961099714,111.9528
12599,F,2108953149814,2109017139314,63.9895
12602,H,2109049024414,2109145123014,96.0986
12604,B,2109153147914,2109272965814,119.8179
12605,U,2109249110414,2109353236414,104.126
12607,R,2109345114414,2109465128314,120.0139
12609,G,2109449091314,2109561069314,111.978
12611,E,2109553117714,2109657151214,104.0335
12613,N,2109649146114,2109705165714,56.0196
12616,L,2109745153414,2109809117514,63.9641
12618,A,2109849193514,2109897123614,47.9301
12620,N,2109945109514,2109993310914,48.2014
12622,D,2110049049114,2110161161014,112.1119
12623,F,2110145109114,2110216837514,71.7284
12626,H,2110249088014,2110353131514,104.0435
12628,B,2110354087214,2110472967714,118.8805
12629,U,2110449107614,2110561097014,111.9894
12631,R,2110553191414,2110672971214,119.7798
12633,G,2110649129814,2110761142614,112.0128
12635,E,2110753121914,2110849175214,96.0533
12638,N,2110849974114,2110913101214,63.1271
12640,L,2110953104014,2111009109914,56.0059
12642,A,2111049135814,2111088932114,39.7963
12644,N,2111153121814,2111201124414,48.0026
12646,D,2111249123814,2111361102014,111.9782
12647,F,2111353150514,2111425140214,71.9897
12650,H,2111449094914,2111553083214,103.9883
12651,B,2111545077814,2111672954514,127.8767
12653,U,2111648898214,2111761118914,112.2207
12655,R,2111745153314,2111865135414,119.9821
12657,G,2111849132214,2111961107014,111.9748
12659,E,2111953144614,2112057128314,103.9837
12661,N,2112049155114,2112105008214,55.8531
12664,L,2112145122814,2112209106714,63.9839
12666,A,2112249140414,2112297080814,47.9404
12668,N,2112345161914,2112393171314,48.0094
12670,D,2112449160214,2112561145014,111.9848
12671,F,2112545175514,2112617139614,71.9641
12674,H,2112649157014,2112753142014,103.985
12676,B,2112753756214,2112872979914,119.2237
12677,U,2112849090114,2112961112114,112.022
12679,R,2112953104914,2113065118014,112.0131
12681,G,2113049156514,2113161114014,111.9575
12683,E,2113153187014,2113249142214,95.9552
12686,N,2113249773714,2113313193814,63.4201
12688,L,2113353125114,2113409152814,56.0277
12690,A,2113449132214,2113489259314,40.1271
12692,N,2113552854614,2113601098314,48.2437
12694,D,2113649134914,2113761137514,112.0026
12695,F,2113753151614,2113825135014,71.9834
12698,H,2113849158314,2113953136414,103.9781
12699,B,2113945169514,2114065151314,119.9818
12701,U,2114049135314,2114161117314,111.982
12703,R,2114145160514,2114265130614,119.9701
12705,G,2114249225814,2114360893414,111.6676
12707,E,2114353112414,2114457025414,103.913
12709,N,2114449127714,2114505121814,55.9941
12712,L,2114545118114,2114609124914,64.0068
12714,A,2114649132314,2114697124014,47.9917
12716,N,2114745084014,2114801149714,56.0657
12718,D,2114849152614,2114961172214,112.0196
12719,F,2114953162014,2115017180614,64.0186
12722,H,2115049175014,2115153112414,103.9374
12724,B,2115154041614,2115265178614,111.137
12725,U,2115249197314,2115369182914,119.9856
12727,R,2115353191514,2115465212014,112.0205
12729,G,2115449192814,2115568911414,119.7186
12731,E,2115553204614,2115649125614,95.921
12734,N,2115656926514,2115705123814,48.1973
12736,L,2115745114814,2115809201714,64.0869
12738,A,2115849155914,2115889163114,40.0072
12740,N,2115953151014,2116001188314,48.0373
12742,D,2116049163214,2116160954014,111.7908
12743,F,2116145143714,2116224850114,79.7064
12746,H,2116249357214,2116353145214,103.788
12747,B,2116345144414,2116465171414,120.027
12749,U,2116449147814,2116553215714,104.0679
12751,R,2116545146314,2116665143814,119.9975
12753,G,2116648942414,2116753159214,104.2168
12755,E,2116745165914,2116857204414,112.0385
12757,N,2116849213914,2116905150914,55.937
12760,L,2116945128614,2117008962014,63.8334
12762,A,2117049184514,2117097216314,48.0318
12764,N,2117145114714,2117192976514,47.8618
12766,D,2117249229514,2117360951714,111.7222
12767,F,2117353210314,2117425232714,72.0224
12770,H,2117449199314,2117545190214,95.9909
12772,B,2117553160414,2117665177814,112.0174
12773,U,2117649184314,2117761075714,111.8914
12775,R,2117753235314,2117865195214,111.9599
12777,G,2117849185914,2117960984614,111.7987
12779,E,2117953213014,2118049206914,95.9939
12782,N,2118050145414,2118105174114,55.0287
12784,L,2118145140314,2118209390814,64.2505
12786,A,2118249143314,2118289170114,40.0268
12788,N,2118345131214,2118401178514,56.0473
12790,D,2118449171114,2118560912714,111.7416
12791,F,2118545174314,2118625194414,80.0201
12794,H,2118649203614,2118745214814,96.0112
12796,B,2118746130014,2118865195914,119.0659
12797,U,2118849193414,2118953208914,104.0155
12799,R,2118945173114,2119065191614,120.0185
12801,G,2119049157714,2119153214114,104.0564
12803,E,2119145222814,2119257229614,112.0068
12805,N,2119249190814,2119305166314,55.9755
12808,L,2119345148814,2119409185914,64.0371
12810,A,2119449153014,2119497131314,47.9783
12812,N,2119553155014,2119593145814,39.9908
12814,D,2119649220214,2119761014514,111.7943
12815,F,2119753278814,2119825182714,71.9039
12818,H,2119849180414,2119944941614,95.7612
12820,B,2119953199914,2120065192814,111.9929
12821,U,2120049219114,2120160969214,111.7501
12823,R,2120153238514,2120265192414,111.9539
12825,G,2120249207514,2120361118714,111.9112
12827,E,2120353261614,2120449267914,96.0063
12830,N,2120450081014,2120513205514,63.1245
12832,L,2120544979414,2120609180014,64.2006
12834,A,2120649207814,2120689197614,39.9898
12836,N,2120745127014,2120801173314,56.0463
12838,D,2120849195014,2120961368014,112.173
12839,F,2120945048314,2121025172814,80.1245
12842,H,2121049178314,2121160924114,111.7458
12843,B,2121144994714,2121265192314,120.1976
12845,U,2121249115114,2121353191314,104.0762
12847,R,2121345219214,2121465219914,120.0007
12849,G,2121449220514,2121553217614,103.9971
12851,E,2121544926814,2121657227014,112.3002
12853,N,2121649201014,2121705214714,56.0137
12856,L,2121745257114,2121809199914,63.9428
12858,A,2121849272014,2121897198214,47.9262
12860,N,2121953205214,2122001196414,47.9912
12862,D,2122049343814,2122161163214,111.8194
12863,F,2122153265214,2122225206114,71.9409
12866,H,2122249206814,2122353201914,103.9951
12868,B,2122354115314,2122473179914,119.0646
12869,U,2122449171514,2122561157214,111.9857
12871,R,2122553251114,2122665209014,111.9579
12873,G,2122649214514,2122761219514,112.005
12875,E,2122753037814,2122849213414,96.1756
12878,N,2122865240314,2122913049814,47.8095
12880,L,2122945226814,2123009221414,63.9946
12882,A,2123049206414,2123089214714,40.0083
12884,N,2123145231414,2123201253014,56.0216
12886,D,2123249026714,2123361250314,112.2236
12887,F,2123345216614,2123425201014,79.9844
12890,H,2123449204514,2123553240514,104.036
12891,B,2123545057614,2123665228514,120.1709
12893,U,2123649163214,2123753155614,103.9924
12895,R,2123745200414,2123865073214,119.8728
12897,G,2123849218414,2123952886414,103.668
12899,E,2123945282314,2124057016914,111.7346
12901,N,2124049261914,2124105226014,55.9641
12904,L,2124153224814,2124209224314,55.9995
12906,A,2124249242614,2124297183414,47.9408
12908,N,2124353108314,2124401208614,48.1003
12910,D,2124449198414,2124569242814,120.0444
12911,F,2124553210314,2124625221814,72.0115
12914,H,2124649241114,2124753250914,104.0098
12916,B,2124754272814,2124873280514,119.0077
12917,U,2124849243214,2124961244714,112.0015
12919,R,2124953264514,2125065100114,111.8356
12921,G,2125049243714,2125153236214,103.9925
12924,E,2125154017914,2125249218514,95.2006
12926,N,2125250121514,2125305193114,55.0716
12928,L,2125345231114,2125409247214,64.0161
12930,A,2125449209214,2125489184514,39.9753
12932,N,2125545235614,2125601191414,55.9558
12934,D,2125649031714,2125761227314,112.1956
12935,F,2125745213914,2125825229614,80.0157
12938,H,2125849041014,2125945252014,96.211
12940,B,2125945967314,2126065091514,119.1242
12941,U,2126048957714,2126153360014,104.4023
12943,R,2126145261114,2126265323514,120.0624
12945,G,2126249009914,2126360963014,111.9531
12947,E,2126353252114,2126457286114,104.034
12949,N,2126448992414,2126505214814,56.2224
12952,L,2126553218114,2126609264314,56.0462
12954,A,2126649044714,2126689221314,40.1766
12956,N,2126753011214,2126801156814,48.1456
12958,D,2126849089314,2126961300314,112.211
12959,F,2126953296314,2127025255614,71.9593
12962,H,2127049097214,2127153256214,104.159
12964,B,2127154103214,2127273237514,119.1343
12965,U,2127249257914,2127361358314,112.1004
12967,R,2127353237514,2127465249814,112.0123
12969,G,2127449312414,2127561230614,111.9182
12971,E,2127553273514,2127657033214,103.7597
12973,N,2127649389614,2127705247114,55.8575
12976,L,2127745297814,2127809223114,63.9253
12978,A,2127849047814,2127889279914,40.2321
12980,N,2127945259514,2128001205514,55.946
12982,D,2128049228014,2128161248914,112.0209
12983,F,2128145228914,2128225253514,80.0246
12986,H,2128249259514,2128345244514,95.985
12988,B,2128346305614,2128465002814,118.6972
12989,U,2128448973814,2128553290814,104.317
12992,R,2128554246914,2128664995414,110.7485
12993,G,2128649264514,2128761430614,112.1661
12995,E,2128753239414,2128849316414,96.077
12998,N,2128850331214,2128905232414,54.9012
13000,L,2128953310014,2129009242414,55.9324
13002,A,2129049275714,2129089297214,40.0215
13004,N,2129153222514,2129209232714,56.0102
13006,D,2129249273514,2129361237414,111.9639
13007,F,2129353258814,2129425245914,71.9871
13010,H,2129449241114,2129553295814,104.0547
13012,B,2129554157114,2129665229214,111.0721
13013,U,2129649286914,2129753036014,103.7491
13015,R,2129745281514,2129865015014,119.7335
13017,G,2129849297214,2129953296114,103.9989
13020,E,2129954208914,2130057269114,103.0602
13021,N,2130049315214,2130105261114,55.9459
13024,L,2130145265914,2130209286714,64.0208
13026,A,2130249250914,2130289263014,40.0121
13028,N,2130345306314,2130401369314,56.063
13030,D,2130449276114,2130561232414,111.9563
13031,F,2130545242714,2130625251214,80.0085
13034,H,2130649244114,2130753264514,104.0204
13036,B,2130754035814,2130873316214,119.2804
13037,U,2130849273914,2130961301814,112.0279
13039,R,2130953302214,2131065080714,111.7785
13041,G,2131049188514,2131161280814,112.0923
13043,E,2131153251014,2131249258614,96.0076
13046,N,2131249773714,2131313278214,63.5045
13048,L,2131353197414,2131409304814,56.1074
13050,A,2131449300414,2131489257914,39.9575
13052,N,2131553029014,2131609311114,56.2821
13054,D,2131649302014,2131761285814,111.9838
13055,F,2131752996414,2131825282914,72.2865
13058,H,2131849280614,2131945327214,96.0466
13060,B,2131946184214,2132073268514,127.0843
13061,U,2132049249114,2132161294714,112.0456
13063,R,2132145284914,2132265276214,119.9913
13065,G,2132249270114,2132360991514,111.7214
13067,E,2132353097814,2132457319714,104.2219
13069,N,2132449293014,2132505354914,56.0619
13072,L,2132545295414,2132609288814,63.9934
13074,A,2132649353314,2132697265214,47.9119
13076,N,2132745304014,2132801292514,55.9885
13078,D,2132849310714,2132961324314,112.0136
13079,F,2132953207614,2133025318114,72.1105
13082,H,2133049367414,2133153319214,103.9518
13084,B,2133154112014,2133265464314,111.3523
13085,U,2133249306014,2133369290014,119.984
13087,R,2133353329814,2133465301214,111.9714
13089,G,2133449333714,2133569323014,119.9893
13091,E,2133553362014,2133649279614,95.9176
13094,N,2133657280114,2133705304914,48.0248
13096,L,2133745315214,2133809300614,63.9854
13098,A,2133849263114,2133889104414,39.8413
13100,N,2133953311014,2133993309414,39.9984
13102,D,2134049318414,2134161315614,111.9972
13103,F,2134145304514,2134225344714,80.0402
13106,H,2134249341614,2134353237814,103.8962
13107,B,2134345170314,2134465330014,120.1597
13109,U,2134449370514,2134553271114,103.9006
13111,R,2134545323114,2134665352714,120.0296
13113,G,2134649288714,2134753301314,104.0126
13115,E,2134745305014,2134857312014,112.007
13117,N,2134849298314,2134905078014,55.7797
13120,L,2134945309014,2135009301414,63.9924
13122,A,2135049296714,2135089176714,39.88
13124,N,2135153102414,2135201329814,48.2274
13126,D,2135249320114,2135361272614,111.9525
13127,F,2135353329414,2135433043514,79.7141
13130,H,2135449372214,2135553319714,103.9475
13132,B,2135554237814,2135665329414,111.0916
13133,U,2135649326914,2135761104814,111.7779
13135,R,2135753310214,2135865328514,112.0183
13137,G,2135849292614,2135961326414,112.0338
13139,E,2135953296114,2136049452814,96.1567
13142,N,2136050385414,2136105287214,54.9018
13144,L,2136144991314,2136209276814,64.2855
13146,A,2136249312214,2136289091514,39.7793
13148,N,2136345324014,2136393289814,47.9658
13150,D,2136449320014,2136561351914,112.0319
13151,F,2136545363814,2136625310114,79.9463
13154,H,2136649325514,2136745363814,96.0383
13156,B,2136746377814,2136865342114,118.9643
13157,U,2136849508214,2136953396214,103.888
13159,R,2136945335514,2137065326314,119.9908
13161,G,2137049344914,2137161312614,111.9677
13163,E,2137145335214,2137257071114,111.7359
13165,N,2137249316614,2137313330414,64.0138
13168,L,2137353319314,2137409068714,55.7494
13170,A,2137449310914,2137489374914,40.064
13172,N,2137553338114,2137601326814,47.9887
13174,D,2137649339414,2137761337814,111.9984
13175,F,2137753354914,2137825308514,71.9536
13178,H,2137849318014,2137961092614,111.7746
13179,B,2137953403514,2138073483714,120.0802
13181,U,2138049357514,2138161315014,111.9575
13183,R,2138153300114,2138265309814,112.0097
13185,G,2138249341714,2138353374414,104.0327
13188,E,2138354372314,2138457053314,102.681
13189,N,2138449367614,2138505363014,55.9954
13192,L,2138545052014,2138609337814,64.2858
13194,A,2138649324314,2138689326714,40.0024
13196,N,2138745329814,2138801320614,55.9908
13198,D,2138849285914,2138961360114,112.0742
13199,F,2138945379414,2139025254014,79.8746
13202,H,2139049380814,2139145367114,95.9863
13204,B,2139146273214,2139265344014,119.0708
13205,U,2139249345614,2139353156214,103.8106
13207,R,2139345396514,2139465299714,119.9032
13209,G,2139449335114,2139553351614,104.0165
13211,E,2139545394514,2139649351914,103.9574
13214,N,2139650249514,2139713335714,63.0862
13216,L,2139753357014,2139809344514,55.9875
13218,A,2139849366314,2139889381014,40.0147
13220,N,2139953344514,2140001392014,48.0475
13222,D,2140049361214,2140161344014,111.9828
13223,F,2140153359714,2140225132114,71.7724
13226,H,2140249503914,2140353381614,103.8777
13228,B,2140354276914,2140465367514,111.0906
13229,U,2140449374414,2140561328514,111.9541
13231,R,2140553366114,2140665357314,111.9912
13233,G,2140649333714,2140761084414,111.7507
13235,E,2140753364214,2140857376414,104.0122
13237,N,2140849391314,2140905392714,56.0014
13240,L,2140945357914,2141009125414,63.7675
13242,A,2141049394614,2141089352514,39.9579
13244,N,2141145255014,2141193297914,48.0429
13246,D,2141249326314,2141361129514,111.8032
13247,F,2141345340414,2141425357814,80.0174
13250,H,2141449379314,2141545386314,96.007
13252,B,2141546331014,2141665372714,119.0417
13253,U,2141649396614,2141761204114,111.8075
13255,R,2141745347814,2141873399514,128.0517
13257,G,2141849440414,2141961157214,111.7168
13259,E,2141953458414,2142049363514,95.9051
13262,N,2142050058514,2142113123514,63.065
13264,L,2142153366914,2142209439214,56.0723
13266,A,2142249359514,2142289397714,40.0382
13268,N,2142353400314,2142409375114,55.9748
13270,D,2142449115714,2142569368314,120.2526
13271,F,2142553360014,2142625372514,72.0125
13274,H,2142649450114,2142753473214,104.0231
13276,B,2142754325914,2142865380514,111.0546
13277,U,2142849377814,2142953379414,104.0016
13280,R,2142954367314,2143065379014,111.0117
13281,G,2143049397214,2143161308214,111.911
13283,E,2143153343114,2143257215314,103.8722
13285,N,2143249379914,2143305386714,56.0068
13288,L,2143345378714,2143409135514,63.7568
13290,A,2143449409814,2143489364214,39.9544
13292,N,2143545360114,2143593527114,48.167
13294,D,2143649373514,2143761119614,111.7461
13295,F,2143745359914,2143825364314,80.0044
13298,H,2143849411614,2143945198714,95.7871
13300,B,2143946194914,2144073365914,127.171
13301,U,2144049401014,2144161217114,111.8161
13303,R,2144153374214,2144273347614,119.9734
13305,G,2144249383614,2144361265514,111.8819
13307,E,2144353419314,2144449377514,95.9582
13310,N,2144450003014,2144513353914,63.3509
13312,L,2144553356714,2144609392414,56.0357
13314,A,2144649395814,2144689392714,39.9969
13316,N,2144753384314,2144809363414,55.9791
13318,D,2144849397314,2144961593114,112.1958
13319,F,2144953383214,2145025404514,72.0213
13322,H,2145049536614,2145153429914,103.8933
13324,B,2145154354414,2145273417014,119.0626
13325,U,2145249414314,2145353357114,103.9428
13327,R,2145345286914,2145465184614,119.8977
13329,G,2145449359214,2145561474914,112.1157
13331,E,2145553390014,2145657355814,103.9658
13333,N,2145649371514,2145705400914,56.0294
13336,L,2145745528414,2145809413914,63.8855
13338,A,2145849402414,2145889341414,39.939
13340,N,2145945580914,2146001365314,55.7844
13342,D,2146049404914,2146161383714,111.9788
13343,F,2146145454614,2146225427614,79.973
13346,H,2146249418514,2146353429914,104.0114
13348,B,2146354440914,2146473430614,118.9897
13349,U,2146449104514,2146561406214,112.3017
13351,R,2146553561014,2146673361614,119.8006
13353,G,2146649420214,2146761373614,111.9534
13355,E,2146753415714,2146849428114,96.0124
13358,N,2146850329414,2146913283714,62.9543
13360,L,2146953397514,2147009410614,56.0131
13362,A,2147049442914,2147089480014,40.0371
13364,N,2147153429614,2147201417114,47.9875
13366,D,2147249476514,2147361409914,111.9334
13367,F,2147353420614,2147425430914,72.0103
13370,H,2147449407714,2147545465714,96.058
13372,B,2147553566414,2147673689814,120.1234
13373,U,2147649403514,2147761451714,112.0482
13375,R,2147745420914,2147865139614,119.7187
13377,G,2147849394314,2147961414414,112.0201
13379,E,2147953430114,2148057388214,103.9581
13381,N,2148049440114,2148105467214,56.0271
13384,L,2148145435014,2148209390714,63.9557
13386,A,2148249404614,2148297330614,47.926
13388,N,2148345408014,2148401377714,55.9697
13390,D,2148449381314,2148561319014,111.9377
13391,F,2148545422014,2148625411114,79.9891
13394,H,2148649404014,2148753436514,104.0325
13396,B,2148754447514,2148873437014,118.9895
13397,U,2148849391914,2148961427914,112.036
13399,R,2148953412914,2149065034014,111.6211
13401,G,2149049163614,2149161230814,112.0672
13403,E,2149153412214,2149249446914,96.0347
13406,N,2149250124414,2149305426114,55.3017
13408,L,2149353422214,2149409423214,56.001
13410,A,2149449399314,2149489390814,39.9915
13412,N,2149553404814,2149593462214,40.0574
13414,D,2149649382614,2149761399314,112.0167
13415,F,2149753488814,2149825499114,72.0103
13418,H,2149849214214,2149945452714,96.2385
13420,B,2149953455014,2150073347314,119.8923
13421,U,2150049197414,2150153420514,104.2231
13423,R,2150145444014,2150265281914,119.8379
13425,G,2150249198214,2150361435714,112.2375
13427,E,2150353211614,2150457494714,104.2831
13429,N,2150449200114,2150505480814,56.2807
13432,L,2150545446814,2150609420714,63.9739
13434,A,2150649232914,2150697422314,48.1894
13436,N,2150745425714,2150801422914,55.9972
13438,D,2150849333414,2150961414814,112.0814
13439,F,2150945442214,2151017411314,71.9691
13442,H,2151049219114,2151153090714,103.8716
13444,B,2151154075614,2151273429314,119.3537
13445,U,2151249259914,2151361444814,112.1849
13447,R,2151353447614,2151457476914,104.0293
13449,G,2151449388414,2151569545114,120.1567
13451,E,2151553431914,2151649622214,96.1903
13454,N,2151657448514,2151713434514,55.986
13456,L,2151753487014,2151809420214,55.9332
13458,A,2151850023014,2151889468614,39.4456
13460,N,2151953459414,2151993569314,40.1099
13462,D,2152049495514,2152161216614,111.7211
13463,F,2152153400414,2152225279314,71.8789
13466,H,2152249466914,2152345479514,96.0126
13468,B,2152353448514,2152473425014,119.9765
13469,U,2152449430614,2152553432414,104.0018
13471,R,2152545459514,2152665540314,120.0808
13473,G,2152649471814,2152761455014,111.9832
13475,E,2152753446214,2152857461214,104.015
13477,N,2152849452014,2152905432314,55.9803
13480,L,2152945465114,2153009454114,63.989
13482,A,2153049490114,2153097443814,47.9537
13484,N,2153145465714,2153201255214,55.7895
13486,D,2153249470214,2153361437114,111.9669
13487,F,2153353467414,2153425470614,72.0032
13490,H,2153449250614,2153553477214,104.2266
13492,B,2153554086214,2153665414214,111.328
13493,U,2153649457614,2153761497114,112.0395
13495,R,2153753448314,2153873430514,119.9822
13497,G,2153849553814,2153961443914,111.8901
13499,E,2153953459314,2154049463814,96.0045
13502,N,2154057503814,2154105441814,47.938
13504,L,2154153463914,2154209494814,56.0309
13506,A,2154249491414,2154289529614,40.0382
13508,N,2154353478914,2154393448214,39.9693
13510,D,2154449469714,2154561400314,111.9306
13511,F,2154553445314,2154625447714,72.0024
13514,H,2154649511014,2154753471614,103.9606
13516,B,2154754473914,2154873668914,119.195
13517,U,2154849437414,2154953313614,103.8762
13519,R,2154945521814,2155065432414,119.9106
13521,G,2155049459914,2155153442314,103.9824
13524,E,2155154157614,2155257427214,103.2696
13525,N,2155249436714,2155305515714,56.079
13528,L,2155345466214,2155409490714,64.0245
13530,A,2155449499514,2155497533514,48.034
13532,N,2155545463514,2155601494514,56.031
13534,D,2155649520114,2155761501014,111.9809
13535,F,2155753241314,2155825479214,72.2379
13538,H,2155849552114,2155953295514,103.7434
13540,B,2155954153714,2156073529614,119.3759
13541,U,2156049508314,2156161491314,111.983
13543,R,2156153306814,2156265505214,112.1984
13545,G,2156249516714,2156361288214,111.7715
13547,E,2156353237014,2156449485014,96.248
13550,N,2156450277114,2156513504014,63.2269
13552,L,2156553268714,2156609489514,56.2208
13554,A,2156649451714,2156689318514,39.8668
13556,N,2156753366114,2156801500814,48.1347
13558,D,2156849493614,2156961519114,112.0255
13559,F,2156953338714,2157025499114,72.1604
13562,H,2157049253714,2157153441014,104.1873
13564,B,2157154427314,2157265527614,111.1003
13565,U,2157249531614,2157361467214,111.9356
13567,R,2157345567114,2157465561314,119.9942
13569,G,2157449488314,2157553650614,104.1623
13572,E,2157554407214,2157657305214,102.898
13573,N,2157649538514,2157705513714,55.9752
13576,L,2157745471714,2157801494514,56.0228
13578,A,2157849470814,2157897515114,48.0443
13580,N,2157945468014,2157993542314,48.0743
13582,D,2158049540514,2158161441014,111.9005
13583,F,2158153586314,2158225586714,72.0004
13586,H,2158249311514,2158345541314,96.2298
13588,B,2158353587314,2158473397114,119.8098
13589,U,2158449558714,2158553571314,104.0126
13592,R,2158554554714,2158665503714,110.949
13593,G,2158649525614,2158761283914,111.7583
13595,E,2158753514614,2158849546314,96.0317
13598,N,2158850365614,2158905264214,54.8986
13600,L,2158953490814,2159009503914,56.0131
13602,A,2159049553614,2159089246914,39.6933
13604,N,2159153539814,2159209475714,55.9359
13606,D,2159249541714,2159361484814,111.9431
13607,F,2159353532214,2159425576014,72.0438
13610,H,2159449507814,2159553483814,103.976
13611,B,2159545499214,2159665488214,119.989
13613,U,2159649528514,2159753516814,103.9883
13615,R,2159745499714,2159865534314,120.0346
13617,G,2159849530814,2159961513914,111.9831
13619,E,2159953520914,2160057289414,103.7685
13621,N,2160049552514,2160105278514,55.726
13624,L,2160145581914,2160201495414,55.9135
13626,A,2160249519114,2160297505514,47.9864
13628,N,2160345571814,2160401511214,55.9394
13630,D,2160449507614,2160561301514,111.7939
13631,F,2160553480114,2160625508914,72.0288
13634,H,2160649548714,2160753566114,104.0174
13636,B,2160754489014,2160865688514,111.1995
13637,U,2160849283914,2160969527214,120.2433
13639,R,2160953545814,2161065255514,111.7097
13641,G,2161049554114,2161169536614,119.9825
13643,E,2161153528114,2161257293714,103.7656
13645,N,2161249546414,2161305544314,55.9979
13648,L,2161353556214,2161409534214,55.978
13650,A,2161449446114,2161489567614,40.1215
13652,N,2161553527914,2161609557114,56.0292
13654,D,2161649532514,2161761656614,112.1241
13655,F,2161753536814,2161825517814,71.981
13658,H,2161849555414,2161953527714,103.9723
13659,B,2161945527514,2162065486814,119.9593
13661,U,2162049497114,2162161490514,111.9934
13663,R,2162145499514,2162265570014,120.0705
13665,G,2162249611014,2162353619114,104.0081
13668,E,2162354457014,2162449552214,95.0952
13670,N,2162450395614,2162505549514,55.1539
13672,L,2162545674714,2162601540514,55.8658
13674,A,2162649570614,2162697514214,47.9436
13676,N,2162745542414,2162801525814,55.9834
13678,D,2162849553814,2162961521714,111.9679
13679,F,2162953532014,2163025536414,72.0044
13682,H,2163049555114,2163145531914,95.9768
13684,B,2163153528514,2163273492114,119.9636
13685,U,2163249509114,2163353568614,104.0595
13688,R,2163354525314,2163465283014,110.7577
13689,G,2163449342514,2163553541014,104.1985
13692,E,2163554302814,2163657657914,103.3551
13693,N,2163649532614,2163705525714,55.9931
13696,L,2163753578614,2163801544614,47.966
13698,A,2163849550814,2163889535014,39.9842
13700,N,2163953537914,2164001570314,48.0324
13702,D,2164049552514,2164161322614,111.7701
13703,F,2164153521214,2164225317614,71.7964
13706,H,2164249543914,2164345612914,96.069
13708,B,2164346442314,2164465493014,119.0507
13709,U,2164449519714,2164553497614,103.9779
13711,R,2164545521314,2164657524014,112.0027
13713,G,2164649546014,2164745545314,95.9993
13716,E,2164753309014,2164849338814,96.0298
13718,N,2164850205014,2164913559314,63.3543
13720,L,2164945623514,2165009292014,63.6685
13722,A,2165049561014,2165097507014,47.946
13724,N,2165153567714,2165201592414,48.0247
13726,D,2165249593214,2165361333714,111.7405
13727,F,2165353561314,2165425704514,72.1432
13730,H,2165449554714,2165553572014,104.0173
13732,B,2165554379414,2165665347714,110.9683
13733,U,2165649592414,2165761256914,111.6645
13735,R,2165753568114,2165865594014,112.0259
13737,G,2165849604814,2165961324114,111.7193
13739,E,2165953567214,2166057556514,103.9893
13741,N,2166049530114,2166105297314,55.7672
13744,L,2166153336314,2166201390514,48.0542
13746,A,2166249570014,2166289569714,39.9997
13748,N,2166353582714,2166393449014,39.8663
13750,D,2166449592714,2166561305214,111.7125
13751,F,2166545342814,2166625566814,80.224
13754,H,2166649584614,2166745612714,96.0281
13756,B,2166746183614,2166865559514,119.3759
13757,U,2166849565214,2166953576714,104.0115
13759,R,2166945545214,2167065648914,120.1037
13761,G,2167049610814,2167153567714,103.9569
13764,E,2167154176714,2167257552714,103.376
13765,N,2167249590614,2167305568614,55.978
13768,L,2167345548414,2167401551614,56.0032
13770,A,2167449616614,2167497551914,47.9353
13772,N,2167553596114,2167601351914,47.7558
13774,D,2167649614814,2167761382014,111.7672
13775,F,2167753590614,2167817648414,64.0578
13778,H,2167849350314,2167961455814,112.1055
13779,B,2167953598614,2168065586714,111.9881
13781,U,2168049574114,2168161365114,111.791
13783,R,2168153571214,2168265572414,112.0012
13785,G,2168249618314,2168345387614,95.7693
13788,E,2168353639114,2168465610114,111.971
13789,N,2168449614814,2168505269914,55.6551
13792,L,2168545336414,2168609573314,64.2369
13794,A,2168649563014,2168689626114,40.0631
13796,N,2168745367114,2168801584314,56.2172
13798,D,2168849561814,2168961573414,112.0116
13799,F,2168945349114,2169025622814,80.2737
13802,H,2169049709914,2169145425014,95.7151
13804,B,2169146093914,2169265577814,119.4839
13805,U,2169249581014,2169353576614,103.9956
13807,R,2169345372214,2169465574114,120.2019
13809,G,2169449625414,2169553625214,103.9998
13811,E,2169545353414,2169657619214,112.2658
13813,N,2169649606214,2169713621514,64.0153
13816,L,2169753728514,2169801649114,47.9206
13818,A,2169849758114,2169897587514,47.8294
13820,N,2169953604214,2170009600514,55.9963
13822,D,2170049597214,2170169594114,119.9969
13823,F,2170153563814,2170225600114,72.0363
13826,H,2170249613814,2170353693714,104.0799
13828,B,2170354289114,2170465366214,111.0771
13829,U,2170449314214,2170561736714,112.4225
13831,R,2170553642514,2170665671014,112.0285
13833,G,2170649430914,2170761616714,112.1858
13835,E,2170753620414,2170857313314,103.6929
13837,N,2170849599714,2170905598814,55.9991
13840,L,2170945606214,2171009552314,63.9461
13842,A,2171049601614,2171089642614,40.041
13844,N,2171145660614,2171201596114,55.9355
13846,D,2171249639414,2171361632314,111.9929
13847,F,2171345590914,2171425646114,80.0552
13850,H,2171449654614,2171545619514,95.9649
13852,B,2171546556014,2171665568314,119.0123
13853,U,2171649616414,2171753351214,103.7348
13855,R,2171745597314,2171865561714,119.9644
13857,G,2171849599314,2171961569914,111.9706
13859,E,2171953676514,2172057653414,103.9769
13861,N,2172049504214,2172113471014,63.9668
13864,L,2172153627214,2172201582714,47.9555
13866,A,2172249642714,2172297501314,47.8586
13868,N,2172353619114,2172409373314,55.7542
13870,D,2172449641614,2172561591014,111.9494
13871,F,2172553692214,2172625642514,71.9503
13874,H,2172649651214,2172753635314,103.9841
13876,B,2172754663614,2172865319914,110.6563
13877,U,2172849595814,2172961661114,112.0653
13879,R,2172953595814,2173065454414,111.8586
13881,G,2173049670514,2173161594314,111.9238
13883,E,2173153642214,2173257590214,103.948
13885,N,2173249598014,2173305620414,56.0224
13888,L,2173345623414,2173401628314,56.0049
13890,A,2173449601314,2173489639314,40.038
13892,N,2173545419414,2173601621414,56.202
13894,D,2173657679814,2173761611714,103.9319
13895,F,2173745665014,2173825616414,79.9514
13898,H,2173849611814,2173945712814,96.101
13900,B,2173946671414,2174065562814,118.8914
13901,U,2174049470314,2174153686814,104.2165
13904,R,2174154706014,2174265385514,110.6795
13905,G,2174249441114,2174361337614,111.8965
13907,E,2174353543514,2174457608814,104.0653
13909,N,2174449374614,2174513626914,64.2523
13912,L,2174553602414,2174609625314,56.0229
13914,A,2174649422314,2174697416514,47.9942
13916,N,2174753663314,2174809662214,55.9989
13918,D,2174849415114,2174961666014,112.2509
13919,F,2174953643714,2175017674214,64.0305
13922,H,2175049505714,2175153644614,104.1389
13924,B,2175154452714,2175273354714,118.902
13925,U,2175249538514,2175361597514,112.059
13927,R,2175353625714,2175465624414,111.9987
13929,G,2175449477614,2175553681714,104.2041
13932,E,2175554557114,2175657641614,103.0845
13933,N,2175649593814,2175713635514,64.0417
13936,L,2175745700714,2175801527214,55.8265
13938,A,2175849801714,2175889637714,39.836
13940,N,2175945669514,2176009647614,63.9781
13942,D,2176057665814,2176161647314,103.9815
13943,F,2176145646814,2176225682014,80.0352
13946,H,2176249800914,2176345695914,95.895
13948,B,2176346746714,2176473674314,126.9276
13949,U,2176449775114,2176561645414,111.8703
13951,R,2176553681914,2176665621214,111.9393
13953,G,2176649695014,2176761493814,111.7988
13955,E,2176753676514,2176857683114,104.0066
13957,N,2176849682814,2176913673114,63.9903
13960,L,2176953682214,2177009649914,55.9677
13962,A,2177049631614,2177097662814,48.0312
13964,N,2177153656914,2177209601414,55.9445
13966,D,2177249668614,2177361383614,111.715
13967,F,2177353670014,2177425666114,71.9961
13970,H,2177449689114,2177553700514,104.0114
13972,B,2177554680614,2177665371814,110.6912
13973,U,2177649681614,2177761332014,111.6504
13975,R,2177753622214,2177857716714,104.0945
13977,G,2177849666814,2177953707114,104.0403
13980,E,2177954750414,2178057691414,102.941
13981,N,2178049693214,2178113706114,64.0129
13984,L,2178145669514,2178201452214,55.7827
13986,A,2178249657214,2178297682914,48.0257
13988,N,2178345672814,2178401495114,55.8223
13990,D,2178457673914,2178561649514,103.9756
13991,F,2178545686114,2178617703714,72.0176
13994,H,2178649705214,2178753655214,103.95
13996,B,2178754691114,2178873639614,118.9485
13997,U,2178849681914,2178961365614,111.6837
13999,R,2178953656614,2179057696514,104.0399
14001,G,2179049427714,2179153703314,104.2756
14004,E,2179154679214,2179249714914,95.0357
14006,N,2179250765514,2179313388114,62.6226
14008,L,2179353755514,2179409687214,55.9317
14010,A,2179449666014,2179497671614,48.0056
14012,N,2179553634814,2179609744214,56.1094
14014,D,2179649680514,2179761668114,111.9876
14015,F,2179753430714,2179825675514,72.2448
14018,H,2179849680214,2179953522914,103.8427
14020,B,2179954389614,2180065703414,111.3138
14021,U,2180049706814,2180161696814,111.99
14023,R,2180145694414,2180265703014,120.0086
14025,G,2180249664914,2180361342314,111.6774
14027,E,2180353582514,2180449414214,95.8317
14030,N,2180450160914,2180505433714,55.2728
14032,L,2180545718714,2180601654414,55.9357
14034,A,2180649709714,2180697702614,47.9929
14036,N,2180745712814,2180801692614,55.9798
14038,D,2180849664714,2180961686614,112.0219
14039,F,2180953563514,2181025669414,72.1059
14042,H,2181049682514,2181153444814,103.7623
14044,B,2181154497914,2181273685614,119.1877
14045,U,2181249477114,2181361713714,112.2366
14047,R,2181353661014,2181465664514,112.0035
14049,G,2181449684914,2181561401514,111.7166
14051,E,2181553658414,2181657657914,103.9995
14053,N,2181649452314,2181713707514,64.2552
14056,L,2181753761514,2181809699014,55.9375
14058,A,2181849470414,2181889516014,40.0456
14060,N,2181953860414,2182009684414,55.824
14062,D,2182049737014,2182161464314,111.7273
14063,F,2182153821514,2182225682114,71.8606
14066,H,2182249746414,2182353831614,104.0852
14067,B,2182345705414,2182465671314,119.9659
14069,U,2182449692714,2182561718814,112.0261
14071,R,2182545720614,2182665690014,119.9694
14073,G,2182649766114,2182761441314,111.6752
14075,E,2182753694914,2182849666914,95.972
14078,N,2182850636014,2182913762214,63.1262
14080,L,2182945742714,2183001687814,55.9451
14082,A,2183049698414,2183097733014,48.0346
14084,N,2183153715114,2183201710014,47.9949
14086,D,2183249795814,2183361735214,111.9394
14087,F,2183353759014,2183425694214,71.9352
14090,H,2183449743614,2183545758814,96.0152
14092,B,2183553743314,2183673680914,119.9376
14093,U,2183649733014,2183753683914,103.9509
14096,R,2183754633814,2183865732014,111.0982
14097,G,2183849748314,2183961650314,111.902
14099,E,2183953719014,2184057712114,103.9931
14101,N,2184049723014,2184113765014,64.042
14104,L,2184145710714,2184201764714,56.054
14106,A,2184249786614,2184297733714,47.9471
14108,N,2184353717814,2184409716714,55.9989
14110,D,2184449647914,2184561767014,112.1191
14111,F,2184545731414,2184625699814,79.9684
14114,H,2184649745014,2184753721014,103.976
14115,B,2184745481114,2184865751814,120.2707
14117,U,2184849746014,2184961724714,111.9787
14119,R,2184945709714,2185065733314,120.0236
14121,G,2185049738114,2185161754914,112.0168
14123,E,2185145759414,2185257664914,111.9055
14125,N,2185249730614,2185313687414,63.9568
14128,L,2185353756614,2185401724814,47.9682
14130,A,2185449758214,2185497732314,47.9741
14132,N,2185553500014,2185601675614,48.1756
14134,D,2185649737314,2185761437014,111.6997
14135,F,2185753750814,2185825750114,71.9993
14138,H,2185849898114,2185945760814,95.8627
14140,B,2185953756914,2186065678214,111.9213
14141,U,2186049770914,2186153789014,104.0181
14144,R,2186154657314,2186265912714,111.2554
14145,G,2186249731314,2186353772714,104.0414
14148,E,2186354759914,2186457443814,102.6839
14149,N,2186449771314,2186513781414,64.0101
14152,L,2186545793614,2186601741414,55.9478
14154,A,2186649763914,2186689487014,39.7231
14156,N,2186745732314,2186809749014,64.0167
14158,D,2186849734014,2186961727014,111.993
14159,F,2186945755014,2187025730414,79.9754
14162,H,2187049749514,2187153926514,104.177
14163,B,2187145728114,2187265777314,120.0492
14165,U,2187249727214,2187361683914,111.9567
14167,R,2187345726914,2187473773914,128.047
14169,G,2187449713914,2187561448714,111.7348
14171,E,2187553730314,2187657871214,104.1409
14173,N,2187649813914,2187705700614,55.8867
14176,L,2187753747014,2187801712814,47.9658
14178,A,2187849759314,2187897711314,47.952
14180,N,2187953713314,2188001794214,48.0809
14182,D,2188049756414,2188161692514,111.9361
14183,F,2188153775314,2188217780314,64.005
14186,H,2188249771214,2188345772714,96.0015
14188,B,2188353750014,2188465692414,111.9424
14189,U,2188449766714,2188561685014,111.9183
14191,R,2188553753314,2188665753614,112.0003
14193,G,2188649769914,2188745788614,96.0187
14196,E,2188753759014,2188857722814,103.9638
14197,N,2188849775714,2188913751014,63.9753
14200,L,2188945765114,2189009518114,63.753
14202,A,2189049819614,2189089726714,39.9071
14204,N,2189145725614,2189209450014,63.7244
14206,D,2189257505814,2189361520714,104.0149
14207,F,2189345786414,2189425809814,80.0234
14210,H,2189449716414,2189545766914,96.0505
14212,B,2189546745914,2189673893614,127.1477
14213,U,2189649837514,2189761482314,111.6448
14215,R,2189753779014,2189865846014,112.067
14217,G,2189849784114,2189961478414,111.6943
14219,E,2189953768914,2190057721314,103.9524
14221,N,2190049775614,2190113502214,63.7266
14224,L,2190153771514,2190209780414,56.0089
14226,A,2190249790014,2190297766214,47.9762
14228,N,2190353772814,2190401803014,48.0302
14230,D,2190449744314,2190561584014,111.8397
14231,F,2190553741214,2190625746014,72.0048
14234,H,2190649775514,2190753801914,104.0264
14236,B,2190754493614,2190865782014,111.2884
14237,U,2190849810414,2190961574514,111.7641
14239,R,2190953798414,2191065784914,111.9865
14241,G,2191049793114,2191153842914,104.0498
14244,E,2191154819214,2191257735614,102.9164
14245,N,2191249773214,2191305559814,55.7866
14248,L,2191345752214,2191401743814,55.9916
14250,A,2191449777014,2191497810714,48.0337
14252,N,2191545767914,2191609778114,64.0102
14254,D,2191657770114,2191761619514,103.8494
14255,F,2191745784814,2191817789314,72.0045
14258,H,2191849748914,2191953776914,104.028
14260,B,2191954670114,2192073808814,119.1387
14261,U,2192049775914,2192153818214,104.0423
14264,R,2192154802414,2192265806514,111.0041
14265,G,2192249778314,2192361573614,111.7953
14267,E,2192353783214,2192449811214,96.028
14270,N,2192450808614,2192513792014,62.9834
14272,L,2192553778614,2192601783714,48.0051
14274,A,2192649800714,2192697749914,47.9492
14276,N,2192753846314,2192801805614,47.9593
14278,D,2192849761714,2192961516214,111.7545
14279,F,2192953800514,2193025765114,71.9646
14282,H,2193049905114,2193153815914,103.9108
14284,B,2193154758814,2193265537314,110.7785
14285,U,2193249693014,2193361853714,112.1607
14287,R,2193345543914,2193465829914,120.286
14289,G,2193449837614,2193553796914,103.9593
14292,E,2193554655014,2193657845214,103.1902
14293,N,2193649814814,2193705758414,55.9436
14296,L,2193745477814,2193801779414,56.3016
14298,A,2193849824714,2193897774214,47.9495
14300,N,2193945731214,2194001784414,56.0532
14302,D,2194049806414,2194161916914,112.1105
14303,F,2194153800514,2194225839214,72.0387
14306,H,2194249787714,2194353800814,104.0131
14308,B,2194354453014,2194473776314,119.3233
14309,U,2194449652814,2194553779014,104.1262
14312,R,2194554424214,2194665921814,111.4976
14313,G,2194649768314,2194761546714,111.7784
14315,E,2194753787314,2194857811914,104.0246
14317,N,2194849834314,2194913515914,63.6816
14320,L,2194953841214,2195001803914,47.9627
14322,A,2195049821314,2195097779614,47.9583
14324,N,2195153844514,2195209626914,55.7824
14326,D,2195249802914,2195361756314,111.9534
14327,F,2195353883614,2195425825114,71.9415
14330,H,2195449840214,2195545815414,95.9752
14332,B,2195553583914,2195665803514,112.2196
14333,U,2195649798514,2195761569714,111.7712
14335,R,2195745838114,2195865620614,119.7825
14337,G,2195849916714,2195953800514,103.8838
14340,E,2195954511314,2196049807314,95.296
14342,N,2196050718114,2196105810414,55.0923
14344,L,2196145764314,2196201617714,55.8534
14346,A,2196249544614,2196297657014,48.1124
14348,N,2196345571914,2196401818414,56.2465
14350,D,2196449855614,2196561815514,111.9599
14351,F,2196553855514,2196625836614,71.9811
14354,H,2196649831014,2196753834514,104.0035
14356,B,2196754538814,2196865645614,111.1068
14357,U,2196849822114,2196953872614,104.0505
14360,R,2196954823114,2197065708814,110.8857
14361,G,2197049800514,2197161919414,112.1189
14363,E,2197153565014,2197257515414,103.9504
14365,N,2197249809314,2197305815514,56.0062
14368,L,2197353855014,2197401771714,47.9167
14370,A,2197449999914,2197489803614,39.8037
14372,N,2197553827114,2197609796514,55.9694
14374,D,2197649859214,2197761858014,111.9988
14375,F,2197753858514,2197825568214,71.7097
14378,H,2197849838914,2197945853614,96.0147
14380,B,2197953818914,2198065593714,111.7748
14381,U,2198049828214,2198161830114,112.0019
14383,R,2198145855014,2198265739014,119.884
14385,G,2198249682314,2198353846114,104.1638
14388,E,2198354747314,2198449636714,94.8894
14390,N,2198450481714,2198505837014,55.3553
14392,L,2198545865214,2198601860914,55.9957
14394,A,2198649592514,2198697849814,48.2573
14396,N,2198753866914,2198801827714,47.9608
14398,D,2198849588414,2198961878714,112.2903
14399,F,2198953862314,2199025843114,71.9808
14402,H,2199049599814,2199153836314,104.2365
14404,B,2199154642214,2199265997014,111.3548
14405,U,2199249733014,2199353840914,104.1079
14408,R,2199354692114,2199465947314,111.2552
14409,G,2199449733814,2199553823414,104.0896
14412,E,2199554729514,2199657841814,103.1123
14413,N,2199649710314,2199713828914,64.1186
14416,L,2199745829814,2199809827014,63.9972
14418,A,2199849740714,2199889838614,40.0979
14420,N,2199953850314,2200009863114,56.0128
14422,D,2200049840414,2200161816614,111.9762
14423,F,2200145840714,2200225876814,80.0361
14426,H,2200249775514,2200353838614,104.0631
14427,B,2200345844014,2200465864214,120.0202
14429,U,2200450145214,2200561927014,111.7818
14431,R,2200545868014,2200665851714,119.9837
14433,G,2200649887114,2200761889014,112.0019
14435,E,2200753887614,2200857917514,104.0299
14437,N,2200849869114,2200913880314,64.0112
14440,L,2200953846914,2201001657314,47.8104
14442,A,2201049847214,2201097859014,48.0118
14444,N,2201153662914,2201201659514,47.9966
14446,D,2201249870714,2201361861914,111.9912
14447,F,2201353843714,2201425895214,72.0515
14450,H,2201449886714,2201553838914,103.9522
14452,B,2201554663514,2201673868514,119.205
14453,U,2201649891714,2201761842714,111.951
14455,R,2201753913714,2201865879914,111.9662
14457,G,2201849919414,2201961827114,111.9077
14459,E,2201953852914,2202057823114,103.9702
14461,N,2202049899014,2202113931514,64.0325
14464,L,2202145914914,2202201731614,55.8167
14466,A,2202249905014,2202289884014,39.979
14468,N,2202345905214,2202409894714,63.9895
14470,D,2202457965014,2202561863314,103.8983
14471,F,2202545883314,2202625869214,79.9859
14474,H,2202649872614,2202753836414,103.9638
14475,B,2202745846914,2202873826414,127.9795
14477,U,2202849896314,2202961859514,111.9632
14479,R,2202953862514,2203073860814,119.9983
14481,G,2203049896114,2203161876114,111.98
14483,E,2203153854414,2203257915514,104.0611
14485,N,2203249973914,2203313881414,63.9075
14488,L,2203353905914,2203401958814,48.0529
14490,A,2203449973114,2203497932114,47.959
14492,N,2203553881714,2203601918014,48.0363
14494,D,2203649892514,2203761963114,112.0706
14495,F,2203753692414,2203825932014,72.2396
14498,H,2203849887614,2203953910414,104.0228
14500,B,2203954857414,2204073857714,119.0003
14501,U,2204049891414,2204161889714,111.9983
14503,R,2204153650614,2204265870914,112.2203
14505,G,2204249864414,2204353677614,103.8132
14508,E,2204354494114,2204457858914,103.3648
14509,N,2204450159114,2204513864314,63.7052
14512,L,2204545856414,2204601879214,56.0228
14514,A,2204649874514,2204689869214,39.9947
14516,N,2204745858414,2204817907614,72.0492
14518,D,2204857895514,2204961932714,104.0372
14519,F,2204945918314,2205025920714,80.0024
14522,H,2205049901114,2205153754414,103.8533
14523,B,2205145957814,2205265907114,119.9493
14525,U,2205249912714,2205361898614,111.9859
14527,R,2205353696014,2205473876214,120.1802
14529,G,2205449879714,2205561914514,112.0348
14531,E,2205553753614,2205650052914,96.2993
14534,N,2205651018414,2205713851714,62.8333
14536,L,2205753879314,2205809937514,56.0582
14538,A,2205849914714,2205897936314,48.0216
14540,N,2205954061814,2206009741014,55.6792
14542,D,2206049911314,2206161861614,111.9503
14543,F,2206153948014,2206225902414,71.9544
14546,H,2206249933914,2206354034314,104.1004
14548,B,2206354822314,2206473719414,118.8971
14549,U,2206449898914,2206561736914,111.838
14551,R,2206554095914,2206665923414,111.8275
14553,G,2206649897614,2206754042414,104.1448
14556,E,2206754897814,2206857877714,102.9799
14557,N,2206849905114,2206913860714,63.9556
14560,L,2206945866914,2207009881914,64.015
14562,A,2207049911014,2207089896614,39.9856
14564,N,2207145832214,2207217923314,72.0911
14566,D,2207257929814,2207361891414,103.9616
14567,F,2207345914514,2207425966414,80.0519
14570,H,2207449952114,2207561862314,111.9102
14571,B,2207553952714,2207673850514,119.8978
14573,U,2207649915214,2207761866114,111.9509
14575,R,2207753784914,2207865909014,112.1241
14577,G,2207849917914,2207961958514,112.0406
14579,E,2207953765814,2208057656514,103.8907
14581,N,2208049926814,2208113694514,63.7677
14584,L,2208153949414,2208201903514,47.9541
14586,A,2208249983714,2208297879814,47.8961
14588,N,2208353902814,2208401985314,48.0825
14590,D,2208449900314,2208561897714,111.9974
14591,F,2208553996814,2208625946314,71.9495
14594,H,2208649977514,2208753934514,103.957
14596,B,2208754939914,2208873690314,118.7504
14597,U,2208849939714,2208961936214,111.9965
14599,R,2208953956214,2209065888314,111.9321
14601,G,2209049925014,2209153933914,104.0089
14604,E,2209154828414,2209257709214,102.8808
14605,N,2209249977414,2209313746014,63.7686
14608,L,2209345929914,2209410003614,64.0737
14610,A,2209449944514,2209497932014,47.9875
14612,N,2209545979314,2209618016214,72.0369
14614,D,2209657902714,2209761899114,103.9964
14615,F,2209745965114,2209825944414,79.9793
14618,H,2209849929014,2209961938314,112.0093
14619,B,2209953639414,2210073740614,120.1012
14621,U,2210049941814,2210161937614,111.9958
14623,R,2210153927814,2210273653214,119.7254
14625,G,2210249915714,2210361923114,112.0074
14627,E,2210353957014,2210457876514,103.9195
14629,N,2210449913214,2210513916414,64.0032
14632,L,2210553940414,2210601978514,48.0381
14634,A,2210649992614,2210697919614,47.927
14636,N,2210753937014,2210809709914,55.7729
14638,D,2210849959114,2210961981114,112.022
14639,F,2210953977914,2211025935714,71.9578
14642,H,2211049936414,2211145785114,95.8487
14644,B,2211153560514,2211265915914,112.3554
14645,U,2211249899014,2211361920714,112.0217
14647,R,2211353938114,2211465965414,112.0273
14649,G,2211449941214,2211561675914,111.7347
14651,E,2211554009714,2211657993314,103.9836
14653,N,2211649970014,2211713949414,63.9794
14656,L,2211745941514,2211809951214,64.0097
14658,A,2211849978714,2211897818614,47.8399
14660,N,2211945943814,2212009914414,63.9706
14662,D,2212058108614,2212161954114,103.8455
14663,F,2212146005814,2212225954314,79.9485
14666,H,2212249924214,2212361711814,111.7876
14667,B,2212353925314,2212473967814,120.0425
14669,U,2212449924214,2212561941314,112.0171
14671,R,2212553968714,2212673963514,119.9948
14673,G,2212649993714,2212761978314,111.9846
14675,E,2212753983314,2212857971414,103.9881
14677,N,2212849947314,2212913987814,64.0405
14680,L,2212953990414,2213001983114,47.9927
14682,A,2213049905514,2213097961114,48.0556
14684,N,2213153980214,2213201967614,47.9874
14686,D,2213249984514,2213361964714,111.9802
14687,F,2213354011514,2213425829714,71.8182
14690,H,2213449977814,2213545739614,95.7618
14692,B,2213553965414,2213673961614,119.9962
14693,U,2213650001314,2213761945714,111.9444
14695,R,2213745935414,2213866014414,120.079
14697,G,2213850129514,2213953990914,103.8614
14700,E,2213954782914,2214058035514,103.2526
14701,N,2214050036814,2214113715714,63.6789
14704,L,2214145814414,2214201741914,55.9275
14706,A,2214250019414,2214297707114,47.6877
14708,N,2214345977814,2214409875314,63.8975
14710,D,2214457982014,2214561940514,103.9585
14711,F,2214553986214,2214625943514,71.9573
14714,H,2214650056314,2214761945814,111.8895
14715,B,2214753997114,2214873973414,119.9763
14717,U,2214849964314,2214969968214,120.0039
14719,R,2214953994314,2215065995614,112.0013
14721,G,2215049969214,2215170064714,120.0955
14723,E,2215153976514,2215257996614,104.0201
14725,N,2215250032814,2215306057914,56.0251
14728,L,2215354071314,2215401993714,47.9224
14730,A,2215449975214,2215489887514,39.9123
14732,N,2215553981014,2215610011914,56.0309
14734,D,2215649987914,2215761807714,111.8198
14735,F,2215753979614,2215817738114,63.7585
14738,H,2215849990014,2215945998514,96.0085
14740,B,2215954022314,2216073967014,119.9447
14741,U,2216050022014,2216161775314,111.7533
14743,R,2216145879914,2216265976614,120.0967
14745,G,2216249991714,2216345971014,95.9793
14748,E,2216354000714,2216450012914,96.0122
14750,N,2216450895514,2216513947814,63.0523
14752,L,2216545977314,2216601968514,55.9912
14754,A,2216650057914,2216698028714,47.9708
14756,N,2216753986814,2216809975014,55.9882
14758,D,2216849997314,2216961752414,111.7551
14759,F,2216953785614,2217025995514,72.2099
14762,H,2217049983514,2217161829514,111.846
14763,B,2217154008914,2217274068114,120.0592
14765,U,2217250071614,2217362057914,111.9863
14767,R,2217354008914,2217474007814,119.9989
14769,G,2217449868014,2217561830714,111.9627
14771,E,2217553996614,2217658008914,104.0123
14773,N,2217650009014,2217705848714,55.8397
14776,L,2217753972114,2217809749014,55.7769
14778,A,2217850074114,2217897820714,47.7466
14780,N,2217953705214,2218009710014,56.0048
14782,D,2218050023614,2218162253914,112.2303
14783,F,2218153999514,2218226006314,72.0068
14786,H,2218250038814,2218346069714,96.0309
14788,B,2218354027614,2218466071614,112.044
14789,U,2218450037114,2218553968014,103.9309
14791,R,2218546145414,2218665962414,119.817
14793,G,2218649987314,2218754005114,104.0178
14796,E,2218754727914,2218850043414,95.3155
14798,N,2218850939814,2218913820614,62.8808
14800,L,2218945742514,2219009984514,64.242
14802,A,2219050037114,2219097969614,47.9325
14804,N,2219154003014,2219218046614,64.0436
14806,D,2219250014614,2219361972714,111.9581
14807,F,2219354011414,2219426044614,72.0332
14810,H,2219450027414,2219562004014,111.9766
14811,B,2219554033214,2219665837414,111.8042
14813,U,2219650017614,2219762014314,111.9967
14815,R,2219753820914,2219874013414,120.1925
14817,G,2219850021514,2219962043114,112.0216
14819,E,2219954082714,2220058040914,103.9582
14821,N,2220050084814,2220113803014,63.7182
14824,L,2220154006614,2220209994514,55.9879
14826,A,2220250065214,2220297810214,47.745
14828,N,2220354030014,2220402051614,48.0216
14830,D,2220449981214,2220561785314,111.8041
14831,F,2220553990714,2220626000814,72.0101
14834,H,2220649973214,2220746021414,96.0482
14836,B,2220762031814,2220865786514,103.7547
14837,U,2220850147514,2220962037014,111.8895
14839,R,2220946039914,2221065829114,119.7892
14841,G,2221050017314,2221162032214,112.0149
14843,E,2221154052914,2221249828814,95.7759
14846,N,2221250813914,2221314158214,63.3443
14848,L,2221346049914,2221409997014,63.9471
14850,A,2221450017914,2221498070814,48.0529
14852,N,2221554045914,2221618057014,64.0111
14854,D,2221650018314,2221762018214,111.9999
14855,F,2221754042014,2221825999714,71.9577
14858,H,2221850069414,2221962018214,111.9488
14859,B,2221954043614,2222074041114,119.9975
14861,U,2222050070914,2222162060514,111.9896
14863,R,2222154053414,2222265746014,111.6926
14865,G,2222250035414,2222361947114,111.9117
14867,E,2222353685214,2222465733714,112.0485
14869,N,2222450056914,2222514121614,64.0647
14872,L,2222554041814,2222610017614,55.9758
14874,A,2222649817414,2222698049414,48.232
14876,N,2222754083614,2222802149214,48.0656
14878,D,2222849843014,2222962047214,112.2042
14879,F,2222954076214,2223026076814,72.0006
14882,H,2223049806814,2223154016514,104.2097
14884,B,2223154898114,2223274001214,119.1031
14885,U,2223249818514,2223354039414,104.2209
14887,R,2223346018814,2223458019114,112.0003
14889,G,2223449922314,2223554060414,104.1381
14892,E,2223554700514,2223657995414,103.2949
14893,N,2223649841214,2223714031914,64.1907
14896,L,2223754051614,2223802011014,47.9594
14898,A,2223849797614,2223898069314,48.2717
14900,N,2223954010614,2224018041414,64.0308
14902,D,2224049957414,2224170061014,120.1036
14903,F,2224154054214,2224233844114,79.7899
14906,H,2224250027014,2224370074214,120.0472
14907,B,2224354111714,2224474053814,119.9421
14909,U,2224450152614,2224561844814,111.6922
14911,R,2224554022614,2224674049014,120.0264
14913,G,2224650217914,2224762023014,111.8051
14915,E,2224754083314,2224850139414,96.0561
14918,N,2224851108314,2224906036714,54.9284
14920,L,2224954099614,2225002096514,47.9969
14922,A,2225050053014,2225090029214,39.9762
14924,N,2225154036114,2225210071814,56.0357
14926,D,2225250068114,2225362073714,112.0056
14927,F,2225346039114,2225417906414,71.8673
14930,H,2225450075614,2225553827114,103.7515
14931,B,2225546062214,2225666029714,119.9675
14933,U,2225650030714,2225754079214,104.0485
14935,R,2225746058014,2225858065614,112.0076
14937,G,2225850090814,2225962109314,112.0185
14939,E,2225954090514,2226058024114,103.9336
14941,N,2226050069914,2226114227914,64.158
14944,L,2226153633514,2226201806414,48.1729
14946,A,2226250030714,2226298129714,48.099
14948,N,2226354069714,2226418138714,64.069
14950,D,2226450055614,2226561851814,111.7962
14951,F,2226554112914,2226626072714,71.9598
14954,H,2226650088814,2226762099014,112.0102
14955,B,2226754100514,2226874070114,119.9696
14957,U,2226850091114,2226962105914,112.0148
14959,R,2226954036214,2227066188514,112.1523
14961,G,2227050087714,2227162002714,111.915
14963,E,2227154040114,2227258025814,103.9857
14965,N,2227249738214,2227314049414,64.3112
14968,L,2227346145714,2227410080314,63.9346
14970,A,2227450049814,2227498080414,48.0306
14972,N,2227546113014,2227602192214,56.0792
14974,D,2227658127414,2227762060914,103.9335
14975,F,2227745889114,2227826075314,80.1862
14978,H,2227850114614,2227946121214,96.0066
14980,B,2227946923214,2228066086014,119.1628
14981,U,2228050085514,2228162106014,112.0205
14983,R,2228154078014,2228266113114,112.0351
14985,G,2228250175114,2228362070214,111.8951
14987,E,2228353865614,2228458053214,104.1876
14989,N,2228450128914,2228514072614,63.9437
14992,L,2228553847514,2228610111414,56.2639
14994,A,2228650058814,2228698161414,48.1026
14996,N,2228753832114,2228818083314,64.2512
14998,D,2228850063814,2228962128714,112.0649
14999,F,2228953881714,2229018090614,64.2089
15002,H,2229050142014,2229161814814,111.6728
15003,B,2229153972114,2229274118514,120.1464
15005,U,2229250005814,2229362078514,112.0727
15007,R,2229353868114,2229466137614,112.2695
15009,G,2229450064014,2229561878414,111.8144
15011,E,2229553835914,2229658115714,104.2798
15013,N,2229650114514,2229713937614,63.8231
15016,L,2229746107314,2229802117514,56.0102
15018,A,2229850126414,2229889898014,39.7716
15020,N,2229946117814,2230010092914,63.9751
15022,D,2230057965214,2230162038814,104.0736
15023,F,2230145827914,2230226094414,80.2665
15026,H,2230250091714,2230346282614,96.1909
15028,B,2230346910414,2230473962614,127.0522
15029,U,2230449988714,2230561967714,111.979
15031,R,2230554193714,2230673914414,119.7207
15033,G,2230650015814,2230762118214,112.1024
15035,E,2230754117614,2230858132314,104.0147
15037,N,2230850269414,2230914106414,63.837
15040,L,2230954251114,2231010153014,55.9019
15042,A,2231050123814,2231098159914,48.0361
15044,N,2231154134214,2231218141114,64.0069
15046,D,2231250140014,2231362090814,111.9508
15047,F,2231354104414,2231426134014,72.0296
15050,H,2231450093014,2231562081814,111.9888
15051,B,2231554186114,2231673953514,119.7674
15053,U,2231650081114,2231762113514,112.0324
15055,R,2231754121714,2231873972714,119.851
15057,G,2231850129214,2231961845914,111.7167
15059,E,2231954136614,2232057842214,103.7056
15061,N,2232049789814,2232113906714,64.1169
15064,L,2232146098714,2232202174414,56.0757
15066,A,2232250167114,2232298136614,47.9695
15068,N,2232346145614,2232410105814,63.9602
15070,D,2232457813614,2232561888814,104.0752
15071,F,2232546146614,2232618104214,71.9576
15074,H,2232650176414,2232754134314,103.9579
15076,B,2232754935714,2232866153514,111.2178
15077,U,2232850101114,2232962102114,112.001
15079,R,2232954170814,2233066129314,111.9585
15081,G,2233050117714,2233169829214,119.7115
15083,E,2233154122614,2233258039714,103.9171
15085,N,2233249922514,2233314124114,64.2016
15088,L,2233354141914,2233410171214,56.0293
15090,A,2233450142714,2233498124414,47.9817
15092,N,2233554133514,2233618147814,64.0143
15094,D,2233650133914,2233762136914,112.003
15095,F,2233754157514,2233826012514,71.855
15098,H,2233850151314,2233962125614,111.9743
15099,B,2233954113714,2234066194114,112.0804
15101,U,2234050101914,2234162169414,112.0675
15103,R,2234154176614,2234266109514,111.9329
15105,G,2234250118214,2234354178814,104.0606
15108,E,2234354964414,2234457921314,102.9569
15109,N,2234450214314,2234514147814,63.9335
15112,L,2234545921014,2234602122214,56.2012
15114,A,2234650141414,2234698015214,47.8738
15116,N,2234746146914,2234802171014,56.0241
15118,D,2234857989814,2234962163514,104.1737
15119,F,2234954120214,2235025955014,71.8348
15122,H,2235050120514,2235146038614,95.9181
15124,B,2235154123014,2235266145114,112.0221
15125,U,2235250100314,2235362145214,112.0449
15127,R,2235354119514,2235466131414,112.0119
15129,G,2235450139114,2235561878014,111.7389
15131,E,2235554169314,2235657970314,103.801
15133,N,2235650112614,2235713942314,63.8297
15136,L,2235754169514,2235810132114,55.9626
15138,A,2235850125914,2235898116014,47.9901
15140,N,2235954166514,2236010143614,55.9771
15142,D,2236050159514,2236162137014,111.9775
15143,F,2236154207614,2236225923214,71.7156
15146,H,2236250157214,2236354159714,104.0025
15148,B,2236354864514,2236473977514,119.113
15149,U,2236450164014,2236561895814,111.7318
15151,R,2236546147814,2236666162714,120.0149
15153,G,2236650156314,2236762344014,112.1877
15155,E,2236754229014,2236858165714,103.9367
15157,N,2236850167014,2236914195814,64.0288
15160,L,2236946135514,2237002163414,56.0279
15162,A,2237050130814,2237098133014,48.0022
15164,N,2237154154814,2237209925314,55.7705
15166,D,2237250187114,2237361931614,111.7445
15167,F,2237354182214,2237418161214,63.979
15170,H,2237450186614,2237554184014,103.9974
15172,B,2237555194014,2237674017014,118.823
15173,U,2237650133314,2237762183914,112.0506
15175,R,2237754168814,2237874149314,119.9805
15177,G,2237850221514,2237962171014,111.9495
15179,E,2237954166414,2238050205614,96.0392
15182,N,2238051126914,2238114155214,63.0283
15184,L,2238154133114,2238209955514,55.8224
15186,A,2238250160314,2238290145214,39.9849
15188,N,2238354142114,2238410004214,55.8621
15190,D,2238450180614,2238562049614,111.869
15191,F,2238554247914,2238626359914,72.112
15194,H,2238650184714,2238754138814,103.9541
15195,B,2238746068014,2238874204814,128.1368
15197,U,2238850219914,2238962148314,111.9284
15199,R,2238945983014,2239066199614,120.2166
15201,G,2239050176614,2239162232514,112.0559
15203,E,2239154183314,2239258168914,103.9856
15205,N,2239250205514,2239314159514,63.954
15208,L,2239354187314,2239402151714,47.9644
15210,A,2239450229514,2239498185014,47.9555
15212,N,2239554109714,2239610319914,56.2102
15214,D,2239650212914,2239761888014,111.6751
15215,F,2239754210814,2239826248614,72.0378
15218,H,2239849985814,2239954184314,104.1985
15220,B,2239955139414,2240074173614,119.0342
15221,U,2240049936914,2240161986014,112.0491
15223,R,2240154151314,2240274193714,120.0424
15225,G,2240250218814,2240361855914,111.6371
15227,E,2240354226514,2240458117414,103.8909
15229,N,2240450203714,2240514172914,63.9692
15232,L,2240546236214,2240602177114,55.9409
15234,A,2240650217014,2240698171114,47.9541
15236,N,2240746162914,2240810197914,64.035
15238,D,2240850234614,2240962072614,111.838
15239,F,2240946018214,2241026180214,80.162
15242,H,2241050163714,2241153905714,103.742
15243,B,2241145943514,2241274126914,128.1834
15245,U,2241249845114,2241362012914,112.1678
15247,R,2241354240514,2241465953414,111.7129
15249,G,2241450181514,2241562167314,111.9858
15251,E,2241554191114,2241658152714,103.9616
15253,N,2241650187814,2241714176114,63.9883
15256,L,2241754192614,2241810328314,56.1357
15258,A,2241850224714,2241898198714,47.974
15260,N,2241954239514,2242010190514,55.951
15262,D,2242050205614,2242162322614,112.117
15263,F,2242154190014,2242226248714,72.0587
15266,H,2242250206814,2242362219314,112.0125
15267,B,2242354160614,2242474319014,120.1584
15269,U,2242450185914,2242562000714,111.8148
15271,R,2242554262114,2242674208714,119.9466
15273,G,2242649960414,2242762207014,112.2466
15275,E,2242754210514,2242858265014,104.0545
15277,N,2242849969214,2242913978814,64.0096
15280,L,2242946305814,2243002232414,55.9266
15282,A,2243050250214,2243098050714,47.8005
15284,N,2243145975114,2243202171714,56.1966
15286,D,2243258259214,2243361952414,103.6932
15287,F,2243346258014,2243418236514,71.9785
15290,H,2243450204514,2243562195514,111.991
15291,B,2243554212214,2243674223514,120.0113
15293,U,2243650287414,2243754203814,103.9164
15296,R,2243755100614,2243858188414,103.0878
15297,G,2243850317714,2243961957614,111.6399
15299,E,2243954226714,2244050192014,95.9653
15302,N,2244058255014,2244114066314,55.8113
15304,L,2244154241514,2244210222214,55.9807
15306,A,2244250245814,2244298035314,47.7895
15308,N,2244354213514,2244410254514,56.041
15310,D,2244450291014,2244561994014,111.703
15311,F,2244554207414,2244626273914,72.0665
15314,H,2244649984214,2244754286514,104.3023
15316,B,2244755285114,2244866163214,110.8781
15317,U,2244850250514,2244962247914,111.9974
15319,R,2244954235914,2245074209014,119.9731
15321,G,2245050187114,2245162159914,111.9728
15323,E,2245154226414,2245258237514,104.0111
15325,N,2245250206814,2245314275814,64.069
15328,L,2245346233214,2245402216514,55.9833
15330,A,2245450210514,2245498323114,48.1126
15332,N,2245546273714,2245610218414,63.9447
15334,D,2245658224414,2245762246014,104.0216
15335,F,2245753950714,2245818210514,64.2598
15338,H,2245850300614,2245961945514,111.6449
15339,B,2245954206714,2246074213614,120.0069
15341,U,2246050259514,2246162270014,112.0105
15343,R,2246154335214,2246266096014,111.7608
15345,G,2246250288614,2246362018214,111.7296
15347,E,2246354169014,2246458206114,104.0371
15349,N,2246450205114,2246514250314,64.0452
15352,L,2246554211514,2246610274414,56.0629
15354,A,2246650203614,2246698256414,48.0528
15356,N,2246754233214,2246818235314,64.0021
15358,D,2246850026314,2246962205414,112.1791
15359,F,2246954297714,2247026234014,71.9363
15362,H,2247049981414,2247154232814,104.2514
15364,B,2247155212214,2247274287114,119.0749
15365,U,2247249963914,2247362225114,112.2612
15367,R,2247346241914,2247466235514,119.9936
15369,G,2247450050314,2247562020014,111.9697
15371,E,2247554282614,2247658269814,103.9872
15373,N,2247650041614,2247706192414,56.1508
15376,L,2247746252314,2247802245214,55.9929
15378,A,2247850069614,2247898255714,48.1861
15380,N,2247954286714,2248002255414,47.9687
15382,D,2248049927614,2248162197414,112.2698
15383,F,2248154257414,2248218278214,64.0208
15386,H,2248250138214,2248354291414,104.1532
15388,B,2248355169614,2248466240814,111.0712
15389,U,2248450215214,2248562187114,111.9719
15391,R,2248554191214,2248666397114,112.2059
15393,G,2248650350814,2248761994314,111.6435
15395,E,2248754260314,2248850317214,96.0569
15398,N,2248851067714,2248914300614,63.2329
15400,L,2248954310514,2249010273414,55.9629
15402,A,2249050131614,2249098237314,48.1057
15404,N,2249154262714,2249210253514,55.9908
15406,D,2249250249414,2249362196214,111.9468
15407,F,2249354230814,2249425973114,71.7423
15410,H,2249450258614,2249554394114,104.1355
15411,B,2249546285214,2249674284214,127.999
15413,U,2249650270914,2249762284714,112.0138
15415,R,2249746279114,2249866274914,119.9958
15417,G,2249850313314,2249954405114,104.0918
15420,E,2249955308814,2250058268014,102.9592
15421,N,2250050268514,2250114275814,64.0073
15424,L,2250154202014,2250202061814,47.8598
15426,A,2250250300914,2250298256114,47.9552
15428,N,2250354227114,2250410271114,56.044
15430,D,2250449956814,2250570238514,120.2817
15431,F,2250554329314,2250626276814,71.9475
15434,H,2250650255214,2250746332914,96.0777
15436,B,2250754293714,2250866295614,112.0019
15437,U,2250850313314,2250962295414,111.9821
15439,R,2250954272614,2251066296514,112.0239
15441,G,2251050280314,2251162298614,112.0183
15443,E,2251154284514,2251250290714,96.0062
15446,N,2251251255314,2251314265414,63.0101
15448,L,2251354284714,2251402358814,48.0741
15450,A,2251450275114,2251498338014,48.0629
15452,N,2251554273614,2251610116714,55.8431
15454,D,2251650242714,2251762410714,112.168
15455,F,2251746266514,2251826282414,80.0159
15458,H,2251850306314,2251954237414,103.9311
15459,B,2251946298914,2252074290414,127.9915
15461,U,2252050471314,2252162287014,111.8157
15463,R,2252154264814,2252266289014,112.0242
15465,G,2252250312414,2252362350614,112.0382
15467,E,2252354308814,2252458318014,104.0092
15469,N,2252450339814,2252514372714,64.0329
15472,L,2252554194614,2252610296014,56.1014
15474,A,2252650278314,2252698340514,48.0622
15476,N,2252754048314,2252818286214,64.2379
15478,D,2252850300514,2252962334114,112.0336
15479,F,2252954040414,2253018282114,64.2417
15482,H,2253050283614,2253162024714,111.7411
15483,B,2253154038914,2253274242414,120.2035
15485,U,2253250323614,2253362367414,112.0438
15487,R,2253354100314,2253474274614,120.1743
15489,G,2253450342014,2253562238414,111.8964
15491,E,2253554054714,2253658289614,104.2349
15493,N,2253650314014,2253706275114,55.9611
15496,L,2253746283914,2253802267914,55.984
15498,A,2253850366014,2253898290914,47.9249
15500,N,2253946301914,2254002345814,56.0439
15502,D,2254058047814,2254162328614,104.2808
15503,F,2254146313614,2254226290014,79.9764
15506,H,2254250343514,2254346307414,95.9639
15508,B,2254354043014,2254474266114,120.2231
15509,U,2254450255214,2254562069214,111.814
15511,R,2254554386414,2254666240014,111.8536
15513,G,2254650438614,2254754488014,104.0494
15516,E,2254755387014,2254850360714,94.9737
15518,N,2254851162514,2254914330114,63.1676
15520,L,2254954327114,2255010081114,55.754
15522,A,2255050338214,2255098354914,48.0167
15524,N,2255154296514,2255210279214,55.9827
15526,D,2255250322314,2255362149314,111.827
15527,F,2255354335214,2255426337114,72.0019
15530,H,2255450296814,2255562106114,111.8093
15531,B,2255554168414,2255674103714,119.9353
15533,U,2255650324614,2255754351414,104.0268
15536,R,2255755287214,2255866023214,110.736
15537,G,2255850359914,2255962287314,111.9274
15539,E,2255954314814,2256058231414,103.9166
15541,N,2256050363614,2256114102314,63.7387
15544,L,2256146003314,2256210348114,64.3448
15546,A,2256250331414,2256298330814,47.9994
15548,N,2256346077014,2256410422314,64.3453
15550,D,2256458378614,2256562096014,103.7174
15551,F,2256554304614,2256626319014,72.0144
15554,H,2256650337914,2256762284614,111.9467
15555,B,2256754366214,2256874155014,119.7888
15557,U,2256850318914,2256962322314,112.0034
15559,R,2256954347114,2257074124414,119.7773
15561,G,2257050320314,2257162342514,112.0222
15563,E,2257154123214,2257266349614,112.2264
15565,N,2257250316814,2257314317614,64.0008
15568,L,2257354341414,2257410339614,55.9982
15570,A,2257450423314,2257498328514,47.9052
15572,N,2257554349114,2257602362514,48.0134
15574,D,2257650346814,2257762322514,111.9757
15575,F,2257754339714,2257826131614,71.7919
15578,H,2257850397014,2257954368214,103.9712
15580,B,2257955347214,2258066323014,110.9758
15581,U,2258050338314,2258154363814,104.0255
15583,R,2258146329214,2258266340614,120.0114
15585,G,2258250320714,2258362375814,112.0551
15587,E,2258354373214,2258458077414,103.7042
15589,N,2258450341914,2258514332414,63.9905
15592,L,2258554369014,2258602449414,48.0804
15594,A,2258650296314,2258698288214,47.9919
15596,N,2258754326514,2258810310814,55.9843
15598,D,2258850345314,2258970309114,119.9638
15599,F,2258954348814,2259026303714,71.9549
15602,H,2259050385014,2259170348814,119.9638
15603,B,2259154379314,2259274438514,120.0592
15605,U,2259250316514,2259362404414,112.0879
15607,R,2259354425314,2259466344714,111.9194
15609,G,2259450363814,2259562160214,111.7964
15611,E,2259554385614,2259650352014,95.9664
15614,N,2259651081614,2259714382414,63.3008
15616,L,2259754145514,2259810350514,56.205
15618,A,2259850342814,2259890363614,40.0208
15620,N,2259954317114,2260010192014,55.8749
15622,D,2260050326714,2260162310714,111.984
15623,F,2260146091114,2260226358914,80.2678
15626,H,2260250242814,2260346357814,96.115
15628,B,2260347305914,2260466340514,119.0346
15629,U,2260450260214,2260562068714,111.8085
15631,R,2260546385914,2260658410214,112.0243
15633,G,2260650371514,2260754352214,103.9807
15636,E,2260755291314,2260858096514,102.8052
15637,N,2260850425714,2260914387514,63.9618
15640,L,2260954445214,2261002385314,47.9401
15642,A,2261050435814,2261098116014,47.6802
15644,N,2261154449714,2261210310614,55.8609
15646,D,2261250118914,2261362337314,112.2184
15647,F,2261354348614,2261426082614,71.734
15650,H,2261450393514,2261554376614,103.9831
15652,B,2261555314914,2261674348314,119.0334
15653,U,2261650371714,2261754379014,104.0073
15656,R,2261755307814,2261866378314,111.0705
15657,G,2261850426614,2261962378514,111.9519
15659,E,2261954379214,2262058373914,103.9947
15661,N,2262050348214,2262114292914,63.9447
15664,L,2262146335114,2262210221614,63.8865
15666,A,2262250407614,2262290382514,39.9749
15668,N,2262346391514,2262418233814,71.8423
15670,D,2262458405414,2262562304814,103.8994
15671,F,2262546403814,2262626573414,80.1696
15674,H,2262650376914,2262762038014,111.6611
15675,B,2262754322714,2262874241414,119.9187
15677,U,2262850473314,2262962388014,111.9147
15679,R,2262954366614,2263074367714,120.0011
15681,G,2263050390314,2263162368614,111.9783
15683,E,2263154365514,2263258388214,104.0227
15685,N,2263250406114,2263306405614,55.9995
15688,L,2263354332214,2263402135514,47.8033
15690,A,2263450332614,2263498191614,47.859
15692,N,2263554294514,2263602348414,48.0539
15694,D,2263650349814,2263762083114,111.7333
15695,F,2263754399314,2263826367214,71.9679
15698,H,2263850084314,2263946377014,96.2927
15700,B,2263954392014,2264066376514,111.9845
15701,U,2264050381114,2264162066014,111.6849
15703,R,2264154414614,2264266345414,111.9308
15705,G,2264250374314,2264354427214,104.0529
15708,E,2264355226614,2264458411914,103.1853
15709,N,2264450421514,2264514487714,64.0662
15712,L,2264546414614,2264610359614,63.945
15714,A,2264650405614,2264698411414,48.0058
15716,N,2264746376814,2264810415714,64.0389
15718,D,2264858444514,2264962255814,103.8113
15719,F,2264954439814,2265026392514,71.9527
15722,H,2265050375414,2265162140414,111.765
15723,B,2265154442914,2265274411814,119.9689
15725,U,2265250395714,2265362123414,111.7277
15727,R,2265354379214,2265466202314,111.8231
15729,G,2265450439314,2265562121314,111.682
15731,E,2265554394814,2265658376214,103.9814
15733,N,2265650431014,2265714450214,64.0192
15736,L,2265754424114,2265810118514,55.6944
15738,A,2265850404514,2265898435214,48.0307
15740,N,2265954381714,2266010460614,56.0789
15742,D,2266050412514,2266162528314,112.1158
15743,F,2266154167914,2266218440614,64.2727
15746,H,2266250397614,2266354473014,104.0754
15748,B,2266355328414,2266474403014,119.0746
15749,U,2266450413414,2266562142014,111.7286
15751,R,2266554410214,2266666406414,111.9962
15753,G,2266650391814,2266762356214,111.9644
15755,E,2266754457714,2266850469314,96.0116
15758,N,2266851255214,2266914435614,63.1804
15760,L,2266946185914,2267010408514,64.2226
15762,A,2267050393614,2267098385314,47.9917
15764,N,2267154377014,2267202422114,48.0451
15766,D,2267258429914,2267362391014,103.9611
15767,F,2267354413714,2267426175714,71.762
15770,H,2267450397214,2267554449014,104.0518
15772,B,2267555481514,2267674478814,118.9973
15773,U,2267650430014,2267770149114,119.7191
15775,R,2267754240014,2267874575714,120.3357
15777,G,2267850424114,2267962375814,111.9517
15779,E,2267954415014,2268058418014,104.003
15781,N,2268050464314,2268114166014,63.7017
15784,L,2268154413114,2268210408314,55.9952
15786,A,2268250443514,2268298410814,47.9673
15788,N,2268354388914,2268410370314,55.9814
15790,D,2268450352714,2268562152414,111.7997
15791,F,2268554418214,2268626416814,71.9986
15794,H,2268650435014,2268746484714,96.0497
15796,B,2268754429714,2268866101914,111.6722
15797,U,2268850430414,2268962408714,111.9783
15799,R,2268946434414,2269066352214,119.9178
15801,G,2269050471514,2269154462414,103.9909
15804,E,2269155409714,2269250459214,95.0495
15806,N,2269251055514,2269314331214,63.2757
15808,L,2269354423414,2269402509614,48.0862
15810,A,2269450424414,2269498330114,47.9057
15812,N,2269554444114,2269602380214,47.9361
15814,D,2269650422414,2269762434014,112.0116
15815,F,2269754446114,2269826440814,71.9947
15818,H,2269850421014,2269946416414,95.9954
15820,B,2269954437514,2270066337214,111.8997
15821,U,2270050187314,2270162414314,112.227
15823,R,2270154451914,2270266241214,111.7893
15825,G,2270250454314,2270362396214,111.9419
15827,E,2270354411514,2270458427314,104.0158
15829,N,2270450468614,2270514304114,63.8355
15832,L,2270554489614,2270602496614,48.007
15834,A,2270650417314,2270698442914,48.0256
15836,N,2270754425714,2270810463414,56.0377
15838,D,2270850422714,2270962450114,112.0274
15839,F,2270954425714,2271026435014,72.0093
15842,H,2271050228614,2271146374814,96.1462
15844,B,2271147078514,2271266281514,119.203
15845,U,2271250190314,2271354436014,104.2457
15847,R,2271346479114,2271474462414,127.9833
15849,G,2271450207414,2271554505714,104.2983
15852,E,2271555426614,2271658450414,103.0238
15853,N,2271650236014,2271714433914,64.1979
15856,L,2271754465814,2271802461014,47.9952
15858,A,2271850289314,2271898440414,48.1511
15860,N,2271954444114,2272010206914,55.7628
15862,D,2272050276114,2272162523014,112.2469
15863,F,2272154470814,2272226427814,71.957
15866,H,2272250227214,2272346460614,96.2334
15868,B,2272354467614,2272466497914,112.0303
15869,U,2272450337214,2272562214714,111.8775
15871,R,2272554446614,2272666471314,112.0247
15873,G,2272650424614,2272746465114,96.0405
15876,E,2272762443614,2272850558314,88.1147
15878,N,2272851489914,2272914468214,62.9783
15880,L,2272946443014,2273010462014,64.019
15882,A,2273050588814,2273090480514,39.8917
15884,N,2273146318314,2273210421014,64.1027
15886,D,2273258464814,2273362211614,103.7468
15887,F,2273346469014,2273426302514,79.8335
15890,H,2273450473514,2273562214914,111.7414
15891,B,2273554474814,2273674447914,119.9731
15893,U,2273650446914,2273762463114,112.0162
15895,R,2273754497014,2273866466014,111.969
15897,G,2273850458614,2273962257514,111.7989
15899,E,2273954466914,2274058490414,104.0235
15901,N,2274050457914,2274106477414,56.0195
15904,L,2274154497914,2274210523614,56.0257
15906,A,2274250503714,2274298442014,47.9383
15908,N,2274354485314,2274410462714,55.9774
15910,D,2274450498014,2274562266314,111.7683
15911,F,2274554520914,2274626475914,71.955
15914,H,2274650475914,2274754501514,104.0256
15916,B,2274755492614,2274866501114,111.0085
15917,U,2274850502014,2274962487314,111.9853
15919,R,2274954459214,2275066481214,112.022
15921,G,2275050466114,2275162440514,111.9744
15923,E,2275154451814,2275250514314,96.0625
15926,N,2275251322914,2275306507914,55.185
15928,L,2275346451214,2275402411414,55.9602
15930,A,2275450507914,2275498516014,48.0081
15932,N,2275546543514,2275602551814,56.0083
15934,D,2275658486714,2275762497114,104.0104
15935,F,2275746467814,2275818515314,72.0475
15938,H,2275850496514,2275954480314,103.9838
15940,B,2275955049314,2276074485314,119.436
15941,U,2276050503114,2276162443814,111.9407
15943,R,2276154230414,2276258341914,104.1115
15945,G,2276250494714,2276354476714,103.982
15948,E,2276355255314,2276458422514,103.1672
15949,N,2276450498014,2276514490614,63.9926
15952,L,2276554460014,2276610474914,56.0149
15954,A,2276650474914,2276698505014,48.0301
15956,N,2276754456114,2276810240014,55.7839
15958,D,2276850428414,2276962494814,112.0664
15959,F,2276954287914,2277026498414,72.2105
15962,H,2277050293614,2277162475414,112.1818
15963,B,2277154246714,2277266206414,111.9597
15965,U,2277250531714,2277362466614,111.9349
15967,R,2277354185714,2277466525914,112.3402
15969,G,2277450513014,2277562279014,111.766
15971,E,2277554250014,2277658515514,104.2655
15974,N,2277659095014,2277706446514,47.3515
15976,L,2277746523014,2277810502714,63.9797
15978,A,2277850500014,2277898584314,48.0843
15980,N,2277946627614,2278002465914,55.8383
15982,D,2278058483914,2278162488514,104.0046
15983,F,2278154242114,2278234499014,80.2569
15986,H,2278250581514,2278354485314,103.9038
15988,B,2278355431514,2278474489814,119.0583
15989,U,2278450566914,2278562172714,111.6058
15991,R,2278554595414,2278666253714,111.6583
15993,G,2278650531214,2278762187114,111.6559
15995,E,2278754650214,2278858457414,103.8072
15997,N,2278850483914,2278914538814,64.0549
16000,L,2278954546314,2279010492914,55.9466
16002,A,2279050503814,2279098505614,48.0018
16004,N,2279154577014,2279210365214,55.7882
16006,D,2279250479714,2279362464614,111.9849
16007,F,2279354529814,2279434561014,80.0312
16010,H,2279450611914,2279562411914,111.8
16011,B,2279554503514,2279674319614,119.8161
16013,U,2279650537314,2279762486514,111.9492
16015,R,2279754498714,2279866513014,112.0143
16017,G,2279850521614,2279962513014,111.9914
16019,E,2279954522514,2280058494514,103.972
16021,N,2280050521414,2280106278814,55.7574
16024,L,2280146537414,2280202491714,55.9543
16026,A,2280250498914,2280298489914,47.991
16028,N,2280346262614,2280402448014,56.1854
16030,D,2280458531614,2280562259914,103.7283
16031,F,2280554496214,2280626487614,71.9914
16034,H,2280650500214,2280754541614,104.0414
16036,B,2280755495314,2280874314114,118.8188
16037,U,2280850550014,2280962530514,111.9805
16039,R,2280954547014,2281066445814,111.8988
16041,G,2281050569714,2281162532614,111.9629
16043,E,2281154321514,2281258268314,103.9468
16045,N,2281250522614,2281314522814,64.0002
16048,L,2281354580014,2281410501014,55.921
16050,A,2281450552914,2281498554214,48.0013
16052,N,2281554575114,2281610576814,56.0017
16054,D,2281650524214,2281762489614,111.9654
16055,F,2281754557914,2281826491714,71.9338
16058,H,2281850538914,2281954523514,103.9846
16060,B,2281955119914,2282074391014,119.2711
16061,U,2282050577614,2282162521914,111.9443
16063,R,2282154544014,2282266575714,112.0317
16065,G,2282250562614,2282354537114,103.9745
16068,E,2282355473114,2282458324914,102.8518
16069,N,2282450494014,2282506572614,56.0786
16072,L,2282546510114,2282610547714,64.0376
16074,A,2282650564714,2282698541114,47.9764
16076,N,2282746526114,2282802527114,56.001
16078,D,2282858284814,2282962501414,104.2166
16079,F,2282954578114,2283034564514,79.9864
16082,H,2283050606114,2283154613914,104.0078
16084,B,2283155544014,2283274588314,119.0443
16085,U,2283250525714,2283362519414,111.9937
16087,R,2283354531614,2283466544614,112.013
16089,G,2283450580414,2283562313814,111.7334
16091,E,2283554571014,2283658372114,103.8011
16093,N,2283650571314,2283714551214,63.9799
16096,L,2283754549314,2283810511114,55.9618
16098,A,2283850552114,2283898569014,48.0169
16100,N,2283954550414,2284010530314,55.9799
16102,D,2284050629014,2284162487814,111.8588
16103,F,2284154624514,2284226557914,71.9334
16106,H,2284250377914,2284362549314,112.1714
16107,B,2284354608314,2284466409914,111.8016
16109,U,2284450562114,2284562330414,111.7683
16111,R,2284554533814,2284666372314,111.8385
16113,G,2284650534514,2284746523514,95.989
16116,E,2284754561314,2284850593714,96.0324
16118,N,2284851593114,2284906572114,54.979
16120,L,2284946341214,2285002570814,56.2296
16122,A,2285050630514,2285098544814,47.9143
16124,N,2285154540114,2285202669914,48.1298
16126,D,2285258546814,2285362517614,103.9708
16127,F,2285354630614,2285426281314,71.6507
16130,H,2285450513414,2285554550114,104.0367
16132,B,2285555601214,2285674583514,118.9823
16133,U,2285650566714,2285770589914,120.0232
16135,R,2285754599414,2285874577714,119.9783
16137,G,2285850475614,2285970561814,120.0862
16139,E,2285954555014,2286058539814,103.9848
16141,N,2286050566314,2286114603314,64.037
16144,L,2286154399814,2286210184014,55.7842
16146,A,2286250532814,2286298507814,47.975
16148,N,2286354577414,2286410379714,55.8023
16150,D,2286450601814,2286562336614,111.7348
16151,F,2286554571614,2286626689014,72.1174
16154,H,2286650541114,2286754545714,104.0046
16156,B,2286755479814,2286874617514,119.1377
16157,U,2286850594714,2286954577614,103.9829
16160,R,2286955249014,2287066532614,111.2836
16161,G,2287058565214,2287162476714,103.9115
16163,E,2287154560514,2287258540014,103.9795
16165,N,2287250593514,2287314587514,63.994
16168,L,2287346543114,2287402579614,56.0365
16170,A,2287450555414,2287498330614,47.7752
16172,N,2287554602114,2287602577414,47.9753
16174,D,2287658592814,2287762553114,103.9603
16175,F,2287754599714,2287826584414,71.9847
16178,H,2287850605514,2287962744714,112.1392
16179,B,2287954467314,2288074591214,120.1239
16181,U,2288050577414,2288162395714,111.8183
16183,R,2288154641814,2288266589814,111.948
16185,G,2288250593214,2288362530414,111.9372
16187,E,2288354563114,2288458608014,104.0449
16189,N,2288450608114,2288514594714,63.9866
16192,L,2288554602314,2288610596014,55.9937
16194,A,2288650531814,2288698561714,48.0299
16196,N,2288754621714,2288810557714,55.936
16198,D,2288850555414,2288962397814,111.8424
16199,F,2288954605114,2289026581914,71.9768
16202,H,2289050597414,2289154607214,104.0098
16204,B,2289155593714,2289274580614,118.9869
16205,U,2289250609714,2289362407614,111.7979
16207,R,2289354588214,2289466578114,111.9899
16209,G,2289458343414,2289554617314,96.2739
16212,E,2289555415014,2289658549314,103.1343
16213,N,2289650610214,2289706577814,55.9676
16216,L,2289746358414,2289810611614,64.2532
16218,A,2289850612414,2289898600214,47.9878
16220,N,2289954355114,2290010624214,56.2691
16222,D,2290058626114,2290162577714,103.9516
16223,F,2290154564614,2290234331814,79.7672
16226,H,2290250584314,2290354640214,104.0559
16228,B,2290355654714,2290474517514,118.8628
16229,U,2290450601514,2290562305114,111.7036
16231,R,2290554586314,2290666551814,111.9655
16233,G,2290650584014,2290762458614,111.8746
16235,E,2290754618214,2290858547214,103.929
16237,N,2290850635414,2290914586714,63.9513
16240,L,2290954609514,2291010731314,56.1218
16242,A,2291050643814,2291098649314,48.0055
16244,N,2291154616914,2291202596014,47.9791
16246,D,2291250596514,2291362569614,111.9731
16247,F,2291354631014,2291426593214,71.9622
16250,H,2291450580414,2291546758614,96.1782
16252,B,2291562398114,2291674590014,112.1919
16253,U,2291650605014,2291762318514,111.7135
16255,R,2291754630114,2291866598414,111.9683
16257,G,2291858579114,2291962615214,104.0361
16259,E,2291954633114,2292058628714,103.9956
16261,N,2292050671014,2292114355114,63.6841
16264,L,2292146825414,2292210581714,63.7563
16266,A,2292250627414,2292298390514,47.7631
16268,N,2292354601814,2292410590114,55.9883
16270,D,2292458646814,2292562405114,103.7583
16271,F,2292554598714,2292626640714,72.042
16274,H,2292650610314,2292762553614,111.9433
16275,B,2292754578714,2292866388214,111.8095
16277,U,2292850583114,2292962595414,112.0123
16279,R,2292954642914,2293066498714,111.8558
16281,G,2293050386614,2293162601214,112.2146
16283,E,2293154708814,2293266466814,111.758
16285,N,2293250617414,2293314685514,64.0681
16288,L,2293354628614,2293410603014,55.9744
16290,A,2293450638314,2293498556714,47.9184
16292,N,2293554540914,2293610664114,56.1232
16294,D,2293650652714,2293762634014,111.9813
16295,F,2293754665114,2293826568614,71.9035
16298,H,2293850640014,2293946640114,96.0001
16300,B,2293954640914,2294066553414,111.9125
16301,U,2294050593614,2294162629914,112.0363
16303,R,2294154704014,2294266458014,111.754
16305,G,2294250705614,2294354723914,104.0183
16308,E,2294355592514,2294450626514,95.034
16310,N,2294451401914,2294514627614,63.2257
16312,L,2294546646714,2294602672714,56.026
16314,A,2294650625014,2294698748314,48.1233
16316,N,2294746674914,2294818652914,71.978
16318,D,2294858665514,2294962333214,103.6677
16319,F,2294954634614,2295034352714,79.7181
16322,H,2295050397614,2295162584814,112.1872
16323,B,2295154636014,2295266415814,111.7798
16325,U,2295250639014,2295370649414,120.0104
16327,R,2295354608914,2295474638414,120.0295
16329,G,2295450550014,2295570590814,120.0408
16331,E,2295554672814,2295650403714,95.7309
16334,N,2295651195914,2295714648114,63.4522
16336,L,2295754677814,2295802625614,47.9478
16338,A,2295850415214,2295898657814,48.2426
16340,N,2295954672414,2296002631014,47.9586
16342,D,2296050427414,2296162655414,112.228
16343,F,2296154705514,2296226667014,71.9615
16346,H,2296250537614,2296346650814,96.1132
16348,B,2296354686614,2296466783114,112.0965
16349,U,2296450871814,2296554664914,103.7931
16352,R,2296555398114,2296666743314,111.3452
16353,G,2296650457914,2296762612414,112.1545
16355,E,2296754668314,2296858628414,103.9601
16357,N,2296850673514,2296914655114,63.9816
16360,L,2296946692414,2297010617614,63.9252
16362,A,2297050805514,2297098674714,47.8692
16364,N,2297146706914,2297210659414,63.9525
16366,D,2297258693814,2297362677714,103.9839
16367,F,2297354694714,2297426657214,71.9625
16370,H,2297450812114,2297554687214,103.8751
16372,B,2297555609214,2297674690414,119.0812
16373,U,2297650443114,2297762322814,111.8797
16375,R,2297754697914,2297874693514,119.9956
16377,G,2297850675614,2297962682914,112.0073
16379,E,2297954692014,2298050700914,96.0089
16382,N,2298051250714,2298114421514,63.1708
16384,L,2298154673614,2298210633914,55.9603
16386,A,2298250642814,2298298740514,48.0977
16388,N,2298354665514,2298410654314,55.9888
16390,D,2298450707814,2298562417314,111.7095
16391,F,2298554711014,2298626732114,72.0211
16394,H,2298650659214,2298754642014,103.9828
16396,B,2298755553614,2298874671214,119.1176
16397,U,2298850694314,2298962714414,112.0201
16399,R,2298954421214,2299066698214,112.277
16401,G,2299050698514,2299154737114,104.0386
16404,E,2299155731814,2299258710714,102.9789
16405,N,2299250945714,2299314655314,63.7096
16408,L,2299346669714,2299402550814,55.8811
16410,A,2299450686314,2299498655814,47.9695
16412,N,2299546715414,2299610482314,63.7669
16414,D,2299658659314,2299762373514,103.7142
16415,F,2299754639914,2299826666714,72.0268
16418,H,2299850668014,2299954671314,104.0033
16420,B,2299955633714,2300066702014,111.0683
16421,U,2300050679814,2300162693114,112.0133
16423,R,2300154700814,2300274649514,119.9487
16425,G,2300250686314,2300362677114,111.9908
16427,E,2300354694314,2300458717614,104.0233
16429,N,2300450648714,2300514742514,64.0938
16432,L,2300554699914,2300610662914,55.963
16434,A,2300650701414,2300698702814,48.0014
16436,N,2300754680214,2300810703014,56.0228
16438,D,2300850719814,2300962706114,111.9863
16439,F,2300954655114,2301026707514,72.0524
16442,H,2301050679514,2301162687414,112.0079
16443,B,2301154409514,2301266741414,112.3319
16445,U,2301250693114,2301354524314,103.8312
16448,R,2301355488914,2301474861914,119.373
16449,G,2301458688714,2301562475514,103.7868
16451,E,2301554551314,2301658681714,104.1304
16453,N,2301650716714,2301714727514,64.0108
16456,L,2301746686114,2301802697214,56.0111
16458,A,2301850718414,2301898732114,48.0137
16460,N,2301954539714,2302002558814,48.0191
16462,D,2302058457814,2302162536614,104.0788
16463,F,2302154417114,2302226506514,72.0894
16466,H,2302250408814,2302354426914,104.0181
16468,B,2302355165814,2302474669314,119.5035
16469,U,2302450678714,2302562481814,111.8031
16471,R,2302554659414,2302666693314,112.0339
16473,G,2302650705514,2302762692314,111.9868
16475,E,2302754478414,2302858703214,104.2248
16477,N,2302850826714,2302914724814,63.8981
16480,L,2302954749914,2303010789214,56.0393
16482,A,2303050696914,2303098716814,48.0199
16484,N,2303154796814,2303210703814,55.907
16486,D,2303250475614,2303362724214,112.2486
16487,F,2303354885014,2303426700514,71.8155
16490,H,2303450733014,2303554803314,104.0703
16492,B,2303555875114,2303674474414,118.5993
16493,U,2303650708814,2303762747314,112.0385
16495,R,2303754881914,2303866723614,111.8417
16497,G,2303858806214,2303962786314,103.9801
16499,E,2303954710314,2304058444714,103.7344
16501,N,2304050699814,2304114719014,64.0192
16504,L,2304146728214,2304210710714,63.9825
16506,A,2304250752314,2304298740814,47.9885
16508,N,2304354734414,2304418579314,63.8449
16510,D,2304458733114,2304562480914,103.7478
16511,F,2304554745214,2304626734114,71.9889
16514,H,2304650742414,2304770728114,119.9857
16515,B,2304754740214,2304874587714,119.8475
16517,U,2304850860214,2304970696114,119.8359
16519,R,2304954773614,2305074595714,119.8221
16521,G,2305050758414,2305162696414,111.938
16523,E,2305154699614,2305266697114,111.9975
16525,N,2305250744214,2305314709714,63.9655
16528,L,2305354707514,2305410699614,55.9921
16530,A,2305450703414,2305498716214,48.0128
16532,N,2305554731214,2305610778314,56.0471
16534,D,2305650715314,2305762719514,112.0042
16535,F,2305754741214,2305826720614,71.9794
16538,H,2305850757514,2305954799214,104.0417
16540,B,2305955601014,2306066719914,111.1189
16541,U,2306058575214,2306162700114,104.1249
16543,R,2306154772914,2306266768514,111.9956
16545,G,2306258767014,2306362488014,103.721
16547,E,2306354799314,2306458558214,103.7589
16549,N,2306450732814,2306514699414,63.9666
16552,L,2306554729914,2306610707814,55.9779
16554,A,2306650771114,2306698777914,48.0068
16556,N,2306754746914,2306818735214,63.9883
16558,D,2306850756014,2306962739914,111.9839
16559,F,2306954748814,2307026463214,71.7144
16562,H,2307050762514,2307162787314,112.0248
16563,B,2307154791014,2307274506014,119.715
16565,U,2307250750914,2307362750614,111.9997
16567,R,2307354757714,2307466744514,111.9868
16569,G,2307450754614,2307562612914,111.8583
16571,E,2307554790214,2307658613714,103.8235
16573,N,2307650769114,2307714731014,63.9619
16576,L,2307754725814,2307810724714,55.9989
16578,A,2307850725414,2307898757614,48.0322
16580,N,2307954803914,2308010498014,55.6941
16582,D,2308050778714,2308162731114,111.9524
16583,F,2308154736814,2308226718314,71.9815
16586,H,2308258522414,2308354513414,95.991
16588,B,2308355516414,2308474897314,119.3809
16589,U,2308450784914,2308562506014,111.7211
16591,R,2308546744114,2308674742514,127.9984
16593,G,2308650881214,2308762771814,111.8906
16595,E,2308754785914,2308850764614,95.9787
16598,N,2308851805314,2308922803914,70.9986
16600,L,2308954796114,2309002763314,47.9672
16602,A,2309050809014,2309098725914,47.9169
16604,N,2309154761114,2309218797314,64.0362
16606,D,2309250714414,2309362786514,112.0721
16607,F,2309354783314,2309426528314,71.745
16610,H,2309450783314,2309562553814,111.7705
16611,B,2309554731714,2309674788714,120.057
16613,U,2309650791714,2309762734614,111.9429
16615,R,2309754766814,2309874762114,119.9953
16617,G,2309850588414,2309962735714,112.1473
16619,E,2309954815514,2310058734114,103.9186
16621,N,2310050724814,2310114522814,63.798
16624,L,2310154734414,2310210530914,55.7965
16626,A,2310250861814,2310298794814,47.933
16628,N,2310354858114,2310410496914,55.6388
16630,D,2310458801314,2310562597714,103.7964
16631,F,2310554865714,2310618772814,63.9071
16634,H,2310650785614,2310746832014,96.0464
16636,B,2310747841914,2310874787614,126.9457
16637,U,2310850757514,2310962585414,111.8279
16639,R,2310954796814,2311066767414,111.9706
16641,G,2311050779914,2311162719114,111.9392
16643,E,2311154753714,2311250814814,96.0611
16646,N,2311251527314,2311314760414,63.2331
16648,L,2311354794314,2311410720114,55.9258
16650,A,2311450751114,2311498826514,48.0754
16652,N,2311554784114,2311618815314,64.0312
16654,D,2311650787614,2311770823114,120.0355
16655,F,2311754775314,2311826790514,72.0152
16658,H,2311850886714,2311962437814,111.5511
16659,B,2311954794214,2312074809414,120.0152
16661,U,2312050795514,2312162558214,111.7627
16663,R,2312154834414,2312266806414,111.972
16665,G,2312250845914,2312362582714,111.7368
16667,E,2312354817414,2312458810514,103.9931
16669,N,2312450796914,2312514790614,63.9937
16672,L,2312546823914,2312610768514,63.9446
16674,A,2312650788214,2312698869614,48.0814
16676,N,2312746757314,2312810762414,64.0051
16678,D,2312858836914,2312962683214,103.8463
16679,F,2312954804914,2313026777814,71.9729
16682,H,2313050774414,2313162553214,111.7788
16683,B,2313154768914,2313274766714,119.9978
16685,U,2313250795814,2313370814514,120.0187
16687,R,2313354839814,2313466942914,112.1031
16689,G,2313450645614,2313570825714,120.1801
16691,E,2313554824214,2313658816814,103.9926
16693,N,2313650813914,2313714800514,63.9866
16696,L,2313754799414,2313810833314,56.0339
16698,A,2313850881714,2313898777214,47.8955
16700,N,2313954823914,2314010856314,56.0324
16702,D,2314050820614,2314162687114,111.8665
16703,F,2314154820514,2314218787114,63.9666
16706,H,2314250915714,2314362770314,111.8546
16707,B,2314354926014,2314474823814,119.8978
16709,U,2314450864214,2314562635814,111.7716
16711,R,2314554845414,2314666814114,111.9687
16713,G,2314650816914,2314762467414,111.6505
16715,E,2314754794714,2314858639914,103.8452
16718,N,2314859581614,2314914832614,55.251
16720,L,2314946592714,2315010547914,63.9552
16722,A,2315050799314,2315098792614,47.9933
16724,N,2315154822514,2315218812114,63.9896
16726,D,2315258809814,2315362805314,103.9955
16727,F,2315354847914,2315426801914,71.954
16730,H,2315450878014,2315562816414,111.9384
16731,B,2315554855714,2315674842814,119.9871
16733,U,2315650890714,2315762813814,111.9231
16735,R,2315754801014,2315874857314,120.0563
16737,G,2315850777514,2315962883314,112.1058
16739,E,2315954822114,2316050862814,96.0407
16742,N,2316051649714,2316114566714,62.917
16744,L,2316154702014,2316210718914,56.0169
16746,A,2316250836614,2316298769614,47.933
16748,N,2316354824914,2316410802514,55.9776
16750,D,2316450830914,2316570869714,120.0388
16751,F,2316554828514,2316626833414,72.0049
16754,H,2316650830214,2316762828314,111.9981
16755,B,2316754823614,2316882748114,127.9245
16757,U,2316850779414,2316962855614,112.0762
16759,R,2316954857414,2317066793914,111.9365
16761,G,2317058823314,2317162825214,104.0019
16763,E,2317154818414,2317258816014,103.9976
16765,N,2317250939514,2317314881214,63.9417
16768,L,2317346794514,2317410779914,63.9854
16770,A,2317450796314,2317498717814,47.9215
16772,N,2317554860114,2317610553214,55.6931
16774,D,2317658847914,2317762859314,104.0114
16775,F,2317754858014,2317826847214,71.9892
16778,H,2317850865114,2317962815414,111.9503
16779,B,2317954644514,2318074851714,120.2072
16781,U,2318050819714,2318162830914,112.0112
16783,R,2318154857614,2318274841514,119.9839
16785,G,2318250895514,2318362887414,111.9919
16787,E,2318354854514,2318450871314,96.0168
16790,N,2318451580714,2318514856714,63.276
16792,L,2318554926514,2318610870414,55.9439
16794,A,2318650801614,2318698901114,48.0995
16796,N,2318754890114,2318810854014,55.9639
16798,D,2318850861614,2318962891114,112.0295
16799,F,2318954869314,2319026865014,71.9957
16802,H,2319050805914,2319162866214,112.0603
16803,B,2319154855014,2319274877714,120.0227
16805,U,2319250970514,2319362831314,111.8608
16807,R,2319354845814,2319466717514,111.8717
16809,G,2319458848414,2319562739214,103.8908
16811,E,2319554720914,2319658931214,104.2103
16813,N,2319650613314,2319714892514,64.2792
16816,L,2319746862714,2319810903614,64.0409
16818,A,2319850579514,2319898567614,47.9881
16820,N,2319954845014,2320018843414,63.9984
16822,D,2320058867314,2320162834914,103.9676
16823,F,2320154811514,2320226848514,72.037
16826,H,2320250719514,2320362578314,111.8588
16827,B,2320354885514,2320474861514,119.976
16829,U,2320450572414,2320562593814,112.0214
16831,R,2320554826914,2320667054814,112.2279
16833,G,2320650616214,2320762877614,112.2614
16835,E,2320754883814,2320850610714,95.7269
16838,N,2320866946414,2320914878214,47.9318
16840,L,2320954846214,2321010849814,56.0036
16842,A,2321050740414,2321098871614,48.1312
16844,N,2321154840214,2321210906214,56.066
16846,D,2321250647414,2321362804414,112.157
16847,F,2321354911314,2321426856614,71.9453
16850,H,2321450990514,2321562749814,111.7593
16851,B,2321554844714,2321674882514,120.0378
16853,U,2321658865014,2321762861214,103.9962
16855,R,2321754875014,2321866948114,112.0731
16857,G,2321858885114,2321962865514,103.9804
16859,E,2321954913014,2322058909014,103.996
16861,N,2322050995714,2322122689614,71.6939
16864,L,2322154899714,2322210912614,56.0129
16866,A,2322250910414,2322298929114,48.0187
16868,N,2322354897414,2322418698614,63.8012
16870,D,2322458932014,2322570776214,111.8442
16871,F,2322554955614,2322626617314,71.6617
16874,H,2322650876714,2322770752214,119.8755
16875,B,2322754849214,2322874891914,120.0427
16877,U,2322850892714,2322962892514,111.9998
16879,R,2322954662414,2323066828614,112.1662
16881,G,2323050866114,2323162595014,111.7289
16883,E,2323154658314,2323258915414,104.2571
16885,N,2323250959114,2323314896614,63.9375
16888,L,2323354896114,2323410860414,55.9643
16890,A,2323450644414,2323498866014,48.2216
16892,N,2323554938614,2323610884614,55.946
16894,D,2323650900214,2323762897214,111.997
16895,F,2323754906314,2323826867614,71.9613
16898,H,2323850900614,2323954884814,103.9842
16900,B,2323955453514,2324074914414,119.4609
16901,U,2324058853814,2324162853214,103.9994
16903,R,2324154877814,2324266850814,111.973
16905,G,2324258634614,2324362884914,104.2503
16907,E,2324354877614,2324458875314,103.9977
16909,N,2324450874214,2324514885414,64.0112
16912,L,2324554937414,2324610883314,55.9459
16914,A,2324650884314,2324698925814,48.0415
16916,N,2324754855414,2324818868614,64.0132
16918,D,2324858891414,2324962824114,103.9327
16919,F,2324954869414,2325026874314,72.0049
16922,H,2325050898614,2325154700814,103.8022
16924,B,2325155625714,2325274651614,119.0259
16925,U,2325250951714,2325362858214,111.9065
16927,R,2325354856914,2325474638914,119.782
16929,G,2325450905214,2325562652814,111.7476
16931,E,2325554657114,2325650877614,96.2205
16934,N,2325651694814,2325714909914,63.2151
16936,L,2325754739514,2325810890114,56.1506
16938,A,2325850886714,2325898904814,48.0181
16940,N,2325954636714,2326010870814,56.2341
16942,D,2326050903614,2326162847514,111.9439
16943,F,2326154664914,2326218905914,64.241
16946,H,2326258912014,2326362930214,104.0182
16947,B,2326354684114,2326474880714,120.1966
16949,U,2326451074214,2326562587914,111.5137
16951,R,2326546905914,2326666935614,120.0297
16953,G,2326650972014,2326754789214,103.8172
16956,E,2326755790614,2326858872114,103.0815
16957,N,2326850902614,2326914915214,64.0126
16960,L,2326954807514,2327010889214,56.0817
16962,A,2327050906714,2327098945814,48.0391
16964,N,2327155100714,2327218909914,63.8092
16966,D,2327250926514,2327362935714,112.0092
16967,F,2327355058314,2327426943314,71.885
16970,H,2327450881114,2327562916014,112.0349
16971,B,2327555109314,2327666900614,111.7913
16973,U,2327650933814,2327762681714,111.7479
16975,R,2327755036414,2327866900314,111.8639
16977,G,2327850895414,2327962862914,111.9675
16979,E,2327954941214,2328050945514,96.0043
16982,N,2328051931114,2328114886014,62.9549
16984,L,2328154884314,2328210914914,56.0306
16986,A,2328250895514,2328298895514,48.0
16988,N,2328354885014,2328410885414,56.0004
16990,D,2328450900914,2328570881014,119.9801
16991,F,2328555014214,2328626976714,71.9625
16994,H,2328658995514,2328754962514,95.967
16996,B,2328755994114,2328874884214,118.8901
16997,U,2328850925414,2328962935314,112.0099
16999,R,2328946954314,2329074943114,127.9888
17001,G,2329050935014,2329162886614,111.9516
17003,E,2329154920814,2329258912914,103.9921
17005,N,2329250934514,2329323016914,72.0824
17008,L,2329354965514,2329410668714,55.7032
17010,A,2329450961314,2329498975314,48.014
17012,N,2329554957714,2329618925814,63.9681
17014,D,2329650907614,2329762915114,112.0075
17015,F,2329754896214,2329826961914,72.0657
17018,H,2329850943914,2329962914314,111.9704
17019,B,2329954950214,2330074722014,119.7718
17021,U,2330050671514,2330162874514,112.203
17023,R,2330154949414,2330266834414,111.885
17025,G,2330250666214,2330362869914,112.2037
17027,E,2330354941614,2330450969614,96.028
17030,N,2330458911814,2330514926014,56.0142
17032,L,2330554943214,2330610956914,56.0137
17034,A,2330650960714,2330698950514,47.9898
17036,N,2330754944314,2330818942814,63.9985
17038,D,2330858948514,2330962902714,103.9542
17039,F,2330954908214,2331026907314,71.9991
17042,H,2331050944114,2331146708614,95.7645
17044,B,2331154660814,2331274673914,120.0131
17045,U,2331250919114,2331362933314,112.0142
17047,R,2331354966314,2331474666214,119.6999
17049,G,2331451015014,2331554993414,103.9784
17052,E,2331556036814,2331658805614,102.7688
17053,N,2331650913514,2331722957514,72.044
17056,L,2331754972714,2331810937714,55.965
17058,A,2331850952614,2331899005614,48.053
17060,N,2331954699914,2332018913614,64.2137
17062,D,2332050949514,2332162951414,112.0019
17063,F,2332154958514,2332226942614,71.9841
17066,H,2332250934914,2332362919514,111.9846
17067,B,2332354947514,2332475019914,120.0724
17069,U,2332450942414,2332562732014,111.7896
17071,R,2332554954314,2332675061014,120.1067
17073,G,2332650992714,2332762724114,111.7314
17075,E,2332754980314,2332859040314,104.06
17077,N,2332850955514,2332922973114,72.0176
17080,L,2332954947214,2333010971214,56.024
17082,A,2333050979514,2333098978414,47.9989
17084,N,2333154768814,2333218983814,64.215
17086,D,2333258878314,2333362961714,104.0834
17087,F,2333354977314,2333426733214,71.7559
17090,H,2333450953914,2333554947214,103.9933
17092,B,2333555894514,2333674937714,119.0432
17093,U,2333650987314,2333762923314,111.936
17095,R,2333754938314,2333866975714,112.0374
17097,G,2333850963614,2333962950514,111.9869
17099,E,2333954987314,2334058924314,103.937
17101,N,2334050986214,2334114962614,63.9764
17104,L,2334154936014,2334210888414,55.9524
17106,A,2334250985214,2334298954514,47.9693
17108,N,2334354979814,2334419036914,64.0571
17110,D,2334450929914,2334562734314,111.8044
17111,F,2334554979314,2334626920314,71.941
17114,H,2334650993414,2334762952214,111.9588
17115,B,2334754960414,2334875061514,120.1011
17117,U,2334850958614,2334962659714,111.7011
17119,R,2334955005814,2335066678514,111.6727
17121,G,2335050782614,2335162622314,111.8397
17123,E,2335154946514,2335258966414,104.0199
17125,N,2335250979814,2335315044014,64.0642
17128,L,2335354981114,2335410726614,55.7455
17130,A,2335451008814,2335499013814,48.005
17132,N,2335555007614,2335610880414,55.8728
17134,D,2335658984314,2335762817714,103.8334
17135,F,2335754963314,2335826999714,72.0364
17138,H,2335850997914,2335962812714,111.8148
17139,B,2335954986514,2336074774114,119.7876
17141,U,2336050982914,2336162912514,111.9296
17143,R,2336154999314,2336266982414,111.9831
17145,G,2336250949114,2336362813914,111.8648
17147,E,2336354969214,2336458923114,103.9539
17149,N,2336451047614,2336515013514,63.9659
17152,L,2336554951914,2336611083114,56.1312
17154,A,2336651001214,2336699061114,48.0599
17156,N,2336754962114,2336818993214,64.0311
17158,D,2336850984714,2336971003814,120.0191
17159,F,2336955009814,2337027015314,72.0055
17162,H,2337051003114,2337162636014,111.6329
17163,B,2337155044314,2337267002314,111.958
17165,U,2337251068114,2337362753414,111.6853
17167,R,2337355001214,2337467098614,112.0974
17169,G,2337451016714,2337562921814,111.9051
17171,E,2337555003714,2337666984114,111.9804
17173,N,2337659055814,2337714989014,55.9332
17176,L,2337746957914,2337811048014,64.0901
17178,A,2337851009814,2337898969714,47.9599
17180,N,2337947071014,2338018998314,71.9273
17182,D,2338059009214,2338162890414,103.8812
17183,F,2338155008114,2338234810614,79.8025
17186,H,2338251026214,2338362855414,111.8292
17187,B,2338355049814,2338474997114,119.9473
17189,U,2338450905614,2338562841514,111.9359
17191,R,2338555008814,2338675007714,119.9989
17193,G,2338651105614,2338763071814,111.9662
17195,E,2338755005614,2338859011014,104.0054
17197,N,2338851029314,2338915006614,63.9773
17200,L,2338955021514,2339010992214,55.9707
17202,A,2339050976014,2339098973014,47.997
17204,N,2339154987714,2339210971114,55.9834
17206,D,2339250685714,2339363111214,112.4255
17207,F,2339355240314,2339427058714,71.8184
17210,H,2339451127514,2339555018714,103.8912
17212,B,2339555964914,2339675051914,119.087
17213,U,2339651044014,2339762980714,111.9367
17215,R,2339755051514,2339867136714,112.0852
17217,G,2339858995714,2339955036114,96.0404
17220,E,2339955823614,2340059065514,103.2419
17222,N,2340059922914,2340114825814,54.9029
17224,L,2340147240214,2340211019114,63.7789
17226,A,2340251002514,2340299025214,48.0227
17228,N,2340355003314,2340418988914,63.9856
17230,D,2340459033814,2340562703714,103.6699
17231,F,2340555011714,2340627007814,71.9961
17234,H,2340651048314,2340771040314,119.992
17235,B,2340755038014,2340875043514,120.0055
17237,U,2340850785314,2340971019214,120.2339
17239,R,2340955028014,2341075042014,120.014
17241,G,2341051069714,2341163190014,112.1203
17243,E,2341155039314,2341251057714,96.0184
17246,N,2341251907314,2341314937714,63.0304
17248,L,2341355033414,2341410993214,55.9598
17250,A,2341451014414,2341498843014,47.8286
17252,N,2341555031514,2341611047414,56.0159
17254,D,2341651070214,2341763024414,111.9542
17255,F,2341754986714,2341827020114,72.0334
17258,H,2341850991914,2341947023514,96.0316
17260,B,2341955011014,2342075039714,120.0287
17261,U,2342059075414,2342162999814,103.9244
17263,R,2342155040914,2342266805314,111.7644
17265,G,2342259045714,2342362732614,103.6869
17267,E,2342355058414,2342451096614,96.0382
17270,N,2342451821314,2342523070514,71.2492
17272,L,2342555092214,2342611026814,55.9346
17274,A,2342651016314,2342699199114,48.1828
17276,N,2342755094114,2342819046914,63.9528
17278,D,2342859027414,2342971062314,112.0349
17279,F,2342955041314,2343034827214,79.7859
17282,H,2343051054214,2343162962014,111.9078
17283,B,2343154978414,2343275040214,120.0618
17285,U,2343251043114,2343362726414,111.6833
17287,R,2343355105314,2343466773914,111.6686
17289,G,2343450902214,2343562773514,111.8713
17291,E,2343555109914,2343659005914,103.896
17293,N,2343650922914,2343715021514,64.0986
17296,L,2343755103714,2343811076914,55.9732
17298,A,2343850813414,2343899082414,48.269
17300,N,2343955053914,2344011037114,55.9832
17302,D,2344050828114,2344163004414,112.1763
17303,F,2344155102814,2344227077114,71.9743
17306,H,2344259052514,2344355107414,96.0549
17308,B,2344356038214,2344474979014,118.9408
17309,U,2344450822014,2344563021414,112.1994
17311,R,2344555087014,2344675049214,119.9622
17313,G,2344650898114,2344763092114,112.194
17315,E,2344755063014,2344850849414,95.7864
17318,N,2344851668314,2344915069314,63.401
17320,L,2344955046114,2345011058514,56.0124
17322,A,2345050800714,2345098926014,48.1253
17324,N,2345155103214,2345211070614,55.9674
17326,D,2345250949014,2345363058614,112.1096
17327,F,2345355075714,2345427034814,71.9591
17330,H,2345451025814,2345562786014,111.7602
17331,B,2345555080714,2345675026514,119.9458
17333,U,2345651188514,2345763066614,111.8781
17335,R,2345755069014,2345875381714,120.3127
17337,G,2345851220414,2345963031814,111.8114
17339,E,2345955087114,2346059039414,103.9523
17341,N,2346051103014,2346114992814,63.8898
17344,L,2346154722714,2346210991114,56.2684
17346,A,2346250839014,2346299097814,48.2588
17348,N,2346355092514,2346418827314,63.7348
17350,D,2346459120714,2346563074314,103.9536
17351,F,2346555084814,2346627087714,72.0029
17354,H,2346651089814,2346763056014,111.9662
17355,B,2346755085014,2346875088414,120.0034
17357,U,2346851090314,2346963095714,112.0054
17359,R,2346955109414,2347067110714,112.0013
17361,G,2347051097714,2347163118514,112.0208
17363,E,2347155126814,2347251065514,95.9387
17366,N,2347252148314,2347314888914,62.7406
17368,L,2347355062214,2347411070514,56.0083
17370,A,2347450981814,2347499111314,48.1295
17372,N,2347554850714,2347611162714,56.312
17374,D,2347651078714,2347762829414,111.7507
17375,F,2347755085014,2347826859914,71.7749
17378,H,2347850727714,2347962643814,111.9161
17379,B,2347954670614,2348074828314,120.1577
17381,U,2348050930514,2348162860714,111.9302
17383,R,2348154879014,2348266739714,111.8607
17385,G,2348250821214,2348362645314,111.8241
17387,E,2348354656714,2348466664914,112.0082
17389,N,2348458723114,2348514876114,56.153
17392,L,2348546740114,2348611048714,64.3086
17394,A,2348651005514,2348699086214,48.0807
17396,N,2348755037914,2348819055114,64.0172
17398,D,2348859098614,2348962952914,103.8543
17399,F,2348955122614,2349035092714,79.9701
17402,H,2349051066614,2349163033514,111.9669
17403,B,2349155058814,2349275023714,119.9649
17405,U,2349251030014,2349370837614,119.8076
17407,R,2349355074114,2349475030814,119.9567
17409,G,2349451044714,2349570798014,119.7533
17411,E,2349555079914,2349651173814,96.0939
17414,N,2349652014314,2349715069614,63.0553
17416,L,2349754852314,2349811067114,56.2148
17418,A,2349850707014,2349899058414,48.3514
17420,N,2349954834414,2350011107214,56.2728
17422,D,2350051095714,2350163058514,111.9628
17423,F,2350154805514,2350227096614,72.2911
17426,H,2350251107614,2350354891414,103.7838
17428,B,2350355847914,2350475076514,119.2286
17429,U,2350451065314,2350562852314,111.787
17431,R,2350554851714,2350667169214,112.3175
17433,G,2350659093414,2350763094414,104.001
17435,E,2350754913814,2350867162614,112.2488
17437,N,2350859336314,2350915081614,55.7453
17440,L,2350946864614,2351011129014,64.2644
17442,A,2351051118314,2351099135114,48.0168
17444,N,2351155047614,2351218992014,63.9444
17446,D,2351259103114,2351362893514,103.7904
17447,F,2351355274514,2351427135814,71.8613
17450,H,2351451199614,2351562816414,111.6168
17451,B,2351555275714,2351675142714,119.867
17453,U,2351651170114,2351763106014,111.9359
17455,R,2351755301914,2351867181314,111.8794
17457,G,2351851134614,2351963106514,111.9719
17459,E,2351955256314,2352051175414,95.9191
17462,N,2352052190114,2352115101414,62.9113
17464,L,2352155214414,2352211151514,55.9371
17466,A,2352251129114,2352299151114,48.022
17468,N,2352355017814,2352411116014,56.0982
17470,D,2352450989514,2352562841714,111.8522
17471,F,2352554928014,2352627108314,72.1803
17474,H,2352650847614,2352747097514,96.2499
17476,B,2352755138614,2352866942514,111.8039
17477,U,2352858980914,2352962809214,103.8283
17479,R,2352954920514,2353066737914,111.8174
17481,G,2353058816714,2353162844514,104.0278
17483,E,2353155119314,2353258978014,103.8587
17485,N,2353251106314,2353314964214,63.8579
17488,L,2353355150314,2353411182114,56.0318
17490,A,2353451144414,2353499179614,48.0352
17492,N,2353555123114,2353619160014,64.0369
17494,D,2353658952914,2353771100614,112.1477
17495,F,2353755124014,2353827112614,71.9886
17498,H,2353851138114,2353955237114,104.099
17500,B,2353956131014,2354075020614,118.8896
17501,U,2354050876514,2354163095914,112.2194
17503,R,2354155115314,2354267122314,112.007
17505,G,2354251118814,2354362869514,111.7507
17507,E,2354355127414,2354467144414,112.017
17509,N,2354451157814,2354515169114,64.0113
17512,L,2354555133114,2354611107014,55.9739
17514,A,2354651142914,2354699130014,47.9871
17516,N,2354755136314,2354811126314,55.99
17518,D,2354851127014,2354963160114,112.0331
17519,F,2354955129514,2355027169814,72.0403
17522,H,2355059120414,2355155181414,96.061
17524,B,2355156080314,2355275208414,119.1281
17525,U,2355259187314,2355363108614,103.9213
17527,R,2355355149114,2355474904014,119.7549
17529,G,2355459124914,2355562902714,103.7778
17531,E,2355555124014,2355651178114,96.0541
17534,N,2355651946514,2355715140914,63.1944
17536,L,2355755161514,2355811130014,55.9685
17538,A,2355851205114,2355899180214,47.9751
17540,N,2355955160314,2356011269914,56.1096
17542,D,2356058902914,2356163089614,104.1867
17543,F,2356155188614,2356219242114,64.0535
17546,H,2356251178914,2356363159314,111.9804
17547,B,2356354897214,2356475077014,120.1798
17549,U,2356450893114,2356562862114,111.969
17551,R,2356555167514,2356667167714,112.0002
17553,G,2356651248814,2356762864814,111.616
17555,E,2356755152914,2356867105214,111.9523
17557,N,2356851059414,2356915117714,64.0583
17560,L,2356955192114,2357011156814,55.9647
17562,A,2357051150714,2357099124014,47.9733
17564,N,2357155212314,2357219185814,63.9735
17566,D,2357259316014,2357363186014,103.87
17567,F,2357355151514,2357426970314,71.8188
17570,H,2357459342914,2357555173114,95.8302
17572,B,2357556210614,2357675247414,119.0368
17573,U,2357651175714,2357763170514,111.9948
17575,R,2357755142114,2357867166514,112.0244
17577,G,2357851236314,2357963134314,111.898
17579,E,2357955194814,2358059174114,103.9793
17581,N,2358051154714,2358115007914,63.8532
17584,L,2358155188714,2358211044414,55.8557
17586,A,2358251144614,2358299012414,47.8678
17588,N,2358355162914,2358411003714,55.8408
17590,D,2358451186714,2358562945214,111.7585
17591,F,2358555170814,2358627068914,71.8981
17594,H,2358651177314,2358755189514,104.0122
17596,B,2358756171414,2358875184014,119.0126
17597,U,2358851183214,2358963147014,111.9638
17599,R,2358955171614,2359067177914,112.0063
17601,G,2359051210414,2359162893414,111.683
17603,E,2359155208014,2359259160314,103.9523
17605,N,2359250986014,2359323188014,72.202
17608,L,2359355156214,2359419190414,64.0342
17610,A,2359451176314,2359499173214,47.9969
17612,N,2359555162514,2359619154014,63.9915
17614,D,2359659143414,2359762861514,103.7181
17615,F,2359755170414,2359819173014,64.0026
17618,H,2359851190914,2359962979614,111.7887
17619,B,2359955179914,2360075111614,119.9317
17621,U,2360051197014,2360163052214,111.8552
17623,R,2360155266414,2360267175914,111.9095
17625,G,2360251176314,2360363150514,111.9742
17627,E,2360355198314,2360459165314,103.967
17629,N,2360451178614,2360515152414,63.9738
17632,L,2360555209414,2360611319314,56.1099
17634,A,2360651199314,2360699194814,47.9955
17636,N,2360755205514,2360811229714,56.0242
17638,D,2360851153714,2360971194714,120.041
17639,F,2360955220614,2361027196714,71.9761
17642,H,2361051224214,2361147038614,95.8144
17644,B,2361155048214,2361275125114,120.0769
17645,U,2361251155514,2361363021614,111.8661
17647,R,2361355188514,2361467160914,111.9724
17649,G,2361451189614,2361555138014,103.9484
17652,E,2361556164314,2361659223514,103.0592
17654,N,2361659878614,2361715187714,55.3091
17656,L,2361747200114,2361811244914,64.0448
17658,A,2361851195314,2361899199214,48.0039
17660,N,2361955226714,2362019248314,64.0216
17662,D,2362059249914,2362162920414,103.6705
17663,F,2362155227914,2362227171714,71.9438
17666,H,2362251241914,2362363017514,111.7756
17667,B,2362355173314,2362475200614,120.0273
17669,U,2362451184814,2362562981014,111.7962
17671,R,2362555209014,2362667175114,111.9661
17673,G,2362651289314,2362763127314,111.838
17675,E,2362755238914,2362859031614,103.7927
17677,N,2362851206014,2362915193414,63.9874
17680,L,2362955222314,2363011210614,55.9883
17682,A,2363051238014,2363099207114,47.9691
17684,N,2363155190714,2363211213014,56.0223
17686,D,2363251209214,2363363387514,112.1783
17687,F,2363355240914,2363427287714,72.0468
17690,H,2363451292914,2363555191014,103.8981
17692,B,2363555896414,2363667151414,111.255
17693,U,2363651196014,2363763246514,112.0505
17695,R,2363755212914,2363867234014,112.0211
17697,G,2363859250114,2363963205314,103.9552
17699,E,2363955226514,2364059223614,103.9971
17702,N,2364059937614,2364115122314,55.1847
17704,L,2364147336514,2364211203414,63.8669
17706,A,2364251207014,2364298965514,47.7585
17708,N,2364354915514,2364419217714,64.3022
17710,D,2364459254514,2364563023914,103.7694
17711,F,2364555232414,2364627247614,72.0152
17714,H,2364651255914,2364763187314,111.9314
17715,B,2364755223614,2364875226214,120.0026
17717,U,2364851006414,2364963205914,112.1995
17719,R,2364955264714,2365067236014,111.9713
17721,G,2365051236014,2365162917114,111.6811
17723,E,2365155264914,2365267128014,111.8631
17725,N,2365251196514,2365315076014,63.8795
17728,L,2365355229614,2365411240614,56.011
17730,A,2365451191014,2365499022314,47.8313
17732,N,2365555257914,2365611281314,56.0234
17734,D,2365651201314,2365763238014,112.0367
17735,F,2365755253514,2365827235114,71.9816
17738,H,2365851251914,2365955123514,103.8716
17740,B,2365955796914,2366075208414,119.4115
17741,U,2366059241014,2366162925414,103.6844
17743,R,2366155259714,2366267000214,111.7405
17745,G,2366259240014,2366363223914,103.9839
17747,E,2366355226414,2366451244714,96.0183
17750,N,2366451943114,2366515292314,63.3492
17752,L,2366555295414,2366611248914,55.9535
17754,A,2366651265814,2366699198014,47.9322
17756,N,2366755257214,2366811243914,55.9867
17758,D,2366859267214,2366971318714,112.0515
17759,F,2366955274814,2367027288214,72.0134
17762,H,2367051246114,2367171282414,120.0363
17763,B,2367155005814,2367275292714,120.2869
17765,U,2367251240014,2367362968014,111.728
17767,R,2367355284814,2367467086014,111.8012
17769,G,2367451287814,2367563053514,111.7657
17771,E,2367555274914,2367659258814,103.9839
17773,N,2367651224314,2367715220114,63.9958
17776,L,2367755210314,2367811242814,56.0325
17778,A,2367851228814,2367899506114,48.2773
17780,N,2367955268714,2368011187714,55.919
17782,D,2368051102814,2368163222214,112.1194
17783,F,2368155265014,2368227568514,72.3035
17786,H,2368258997014,2368355286314,96.2893
17788,B,2368356305814,2368475066814,118.761
17789,U,2368459239014,2368563183414,103.9444
17791,R,2368555373214,2368675317314,119.9441
17793,G,2368659245914,2368763253314,104.0074
17795,E,2368755295214,2368859360514,104.0653
17797,N,2368851083514,2368915255414,64.1719
17800,L,2368955284914,2369003067814,47.7829
17802,A,2369051173114,2369099250714,48.0776
17804,N,2369155249414,2369219043714,63.7943
17806,D,2369259254014,2369363270214,104.0162
17807,F,2369355054114,2369427267714,72.2136
17810,H,2369451191814,2369563082514,111.8907
17811,B,2369555304214,2369675281914,119.9777
17813,U,2369651223014,2369763217514,111.9945
17815,R,2369755263814,2369867213614,111.9498
17817,G,2369851463814,2369963231714,111.7679
17819,E,2369955263214,2370066995714,111.7325
17821,N,2370051390914,2370115285014,63.8941
17824,L,2370155030914,2370211255414,56.2245
17826,A,2370251393914,2370299356814,47.9629
17828,N,2370355015014,2370411229314,56.2143
17830,D,2370459238114,2370563062314,103.8242
17831,F,2370555253714,2370627314014,72.0603
17834,H,2370659328714,2370747277314,87.9486
17836,B,2370754964314,2370875039514,120.0752
17837,U,2370851219114,2370963288014,112.0689
17839,R,2370955241014,2371075288714,120.0477
17841,G,2371051360014,2371163298514,111.9385
17843,E,2371155241914,2371251261014,96.0191
17846,N,2371252048814,2371315284314,63.2355
17848,L,2371355290214,2371411264414,55.9742
17850,A,2371451315014,2371499298114,47.9831
17852,N,2371555262914,2371619209014,63.9461
17854,D,2371651297114,2371763288914,111.9918
17855,F,2371755295714,2371827262114,71.9664
17858,H,2371851335014,2371963032514,111.6975
17859,B,2371955251714,2372075243014,119.9913
17861,U,2372051257414,2372163038214,111.7808
17863,R,2372155323214,2372267270614,111.9474
17865,G,2372251259014,2372363256014,111.997
17867,E,2372355037014,2372451272414,96.2354
17870,N,2372452249014,2372515276714,63.0277
17872,L,2372555284314,2372611242314,55.958
17874,A,2372659375114,2372699251714,39.8766
17876,N,2372755251014,2372811269714,56.0187
17878,D,2372859258614,2372963281014,104.0224
17879,F,2372955411914,2373027269714,71.8578
17882,H,2373059264414,2373155303614,96.0392
17884,B,2373163303514,2373275254314,111.9508
17885,U,2373251303614,2373363276014,111.9724
17887,R,2373355276114,2373475153614,119.8775
17889,G,2373451428414,2373563205714,111.7773
17891,E,2373555067714,2373651346914,96.2792
17894,N,2373652219714,2373715279114,63.0594
17896,L,2373755150514,2373811293214,56.1427
17898,A,2373850973614,2373899334914,48.3613
17900,N,2373955124714,2374019300214,64.1755
17902,D,2374051287214,2374162999414,111.7122
17903,F,2374155087114,2374227300214,72.2131
17906,H,2374251299014,2374363306614,112.0076
17907,B,2374355106014,2374475261014,120.155
17909,U,2374451333214,2374563259814,111.9266
17911,R,2374555050814,2374667290114,112.2393
17913,G,2374651295514,2374763312514,112.017
17915,E,2374755196414,2374859319814,104.1234
17918,N,2374859998814,2374915297014,55.2982
17920,L,2374947303714,2375011317814,64.0141
17922,A,2375051339614,2375099353014,48.0134
17924,N,2375155061914,2375219292614,64.2307
17926,D,2375259357114,2375363261314,103.9042
17927,F,2375355211714,2375427319014,72.1073
17930,H,2375451303714,2375571302414,119.9987
17931,B,2375555417414,2375675263514,119.8461
17933,U,2375651338914,2375771286614,119.9477
17935,R,2375755496414,2375867294614,111.7982
17937,G,2375851290114,2375963344814,112.0547
17939,E,2375955363914,2376051426314,96.0624
17942,N,2376052312414,2376115315914,63.0035
17944,L,2376155140114,2376211049614,55.9095
17946,A,2376251292114,2376299311614,48.0195
17948,N,2376355394514,2376419318714,63.9242
17950,D,2376451294714,2376563344314,112.0496
17951,F,2376555345414,2376627347314,72.0019
17954,H,2376651311314,2376755351914,104.0406
17956,B,2376756474514,2376883325114,126.8506
17957,U,2376859378714,2376963349614,103.9709
17959,R,2376955342214,2377067244214,111.902
17961,G,2377059392314,2377163325214,103.9329
17963,E,2377155385514,2377267272814,111.8873
17965,N,2377259330614,2377315369714,56.0391
17968,L,2377355307314,2377411276414,55.9691
17970,A,2377451363314,2377499401114,48.0378
17972,N,2377555325314,2377611340114,56.0148
17974,D,2377659163214,2377771336414,112.1732
17975,F,2377755340514,2377827384714,72.0442
17978,H,2377851334914,2377955393914,104.059
17980,B,2377956394914,2378075177714,118.7828
17981,U,2378051354314,2378163356914,112.0026
17983,R,2378155353614,2378267304914,111.9513
17985,G,2378251323214,2378363294614,111.9714
17987,E,2378355364514,2378459302414,103.9379
17989,N,2378451459214,2378515317414,63.8582
17992,L,2378555320614,2378611042314,55.7217
17994,A,2378651322214,2378691160714,39.8385
17996,N,2378755301614,2378811138314,55.8367
17998,D,2378851368814,2378963027414,111.6586
17999,F,2378955367014,2379027221314,71.8543
18002,H,2379059308414,2379163114614,103.8062
18003,B,2379155372114,2379275100714,119.7286
18005,U,2379259414714,2379363355414,103.9407
18007,R,2379355331214,2379475240314,119.9091
18009,G,2379459324814,2379563099414,103.7746
18011,E,2379555349014,2379643364514,88.0155
18014,N,2379651369514,2379715375214,64.0057
18016,L,2379755363314,2379811332814,55.9695
18018,A,2379851362114,2379899299014,47.9369
18020,N,2379955385214,2380011346814,55.9616
18022,D,2380059022714,2380171342414,112.3197
18023,F,2380155365714,2380227367214,72.0015
18026,H,2380251411414,2380355357114,103.9457
18028,B,2380355975214,2380475446514,119.4713
18029,U,2380451351314,2380563282514,111.9312
18031,R,2380555378514,2380667367714,111.9892
18033,G,2380651376414,2380763347314,111.9709
18035,E,2380755343914,2380867380314,112.0364
18037,N,2380851363414,2380915341114,63.9777
18040,L,2380955361714,2381011301514,55.9398
18042,A,2381051348914,2381091352414,40.0035
18044,N,2381155386214,2381211318614,55.9324
18046,D,2381259342714,2381363342914,104.0002
18047,F,2381355349814,2381427329314,71.9795
18050,H,2381459387614,2381563162314,103.7747
18051,B,2381555336614,2381675558214,120.2216
18053,U,2381651376414,2381763288414,111.912
18055,R,2381755352914,2381875500514,120.1476
18057,G,2381851370814,2381963079414,111.7086
18059,E,2381955343214,2382051394814,96.0516
18062,N,2382052361414,2382115368514,63.0071
18064,L,2382155441814,2382211373414,55.9316
18066,A,2382251375614,2382299355514,47.9799
18068,N,2382355407014,2382419440314,64.0333
18070,D,2382451425914,2382563248714,111.8228
18071,F,2382555425214,2382627124014,71.6988
18074,H,2382651340714,2382755377514,104.0368
18076,B,2382756330214,2382875320814,118.9906
18077,U,2382851369314,2382963262214,111.8929
18079,R,2382955380614,2383075402314,120.0217
18081,G,2383051392414,2383163112214,111.7198
18083,E,2383155511114,2383259389814,103.8787
18085,N,2383251361314,2383315382614,64.0213
18088,L,2383355401314,2383411090714,55.6894
18090,A,2383459374414,2383499352714,39.9783
18092,N,2383555330714,2383603370114,48.0394
18094,D,2383659360314,2383763011714,103.6514
18095,F,2383755353814,2383819350414,63.9966
18098,H,2383859372314,2383955380314,96.008
18100,B,2383956218514,2384075341614,119.1231
18101,U,2384051361914,2384163144814,111.7829
18103,R,2384155414414,2384275344914,119.9305
18105,G,2384251396614,2384371366214,119.9696
18107,E,2384355412114,2384451409114,95.997
18110,N,2384452228414,2384515384814,63.1564
18112,L,2384555417014,2384611566214,56.1492
18114,A,2384651381014,2384691380014,39.999
18116,N,2384755421714,2384811562614,56.1409
18118,D,2384851400514,2384963294814,111.8943
18119,F,2384955465714,2385027386914,71.9212
18122,H,2385051443714,2385155468114,104.0244
18124,B,2385156458114,2385275360814,118.9027
18125,U,2385251429314,2385363169814,111.7405
18127,R,2385355391214,2385475381314,119.9901
18129,G,2385451376314,2385563368014,111.9917
18131,E,2385555364614,2385667411414,112.0468
18133,N,2385659480014,2385707413914,47.9339
18136,L,2385755414614,2385819159214,63.7446
18138,A,2385851432314,2385899413014,47.9807
18140,N,2385955415814,2386003462514,48.0467
18142,D,2386059371814,2386163162214,103.7904
18143,F,2386155369914,2386227387614,72.0177
18146,H,2386251366014,2386355416514,104.0505
18148,B,2386356426114,2386475391314,118.9652
18149,U,2386451400814,2386563195614,111.7948
18151,R,2386555452014,2386675428214,119.9762
18153,G,2386651406314,2386755393714,103.9874
18156,E,2386755970514,2386859426314,103.4558
18157,N,2386851369514,2386915437514,64.068
18160,L,2386955192514,2387011445114,56.2526
18162,A,2387051415014,2387091425314,40.0103
18164,N,2387155390214,2387211430014,56.0398
18166,D,2387251422814,2387363169514,111.7467
18167,F,2387355437614,2387427447914,72.0103
18170,H,2387451250614,2387563117614,111.867
18171,B,2387555410714,2387667121414,111.7107
18173,U,2387651426414,2387763124714,111.6983
18175,R,2387755470514,2387875376214,119.9057
18177,G,2387859400414,2387963505514,104.1051
18179,E,2387955455914,2388059410614,103.9547
18182,N,2388060441514,2388107412114,46.9706
18184,L,2388147418014,2388211398114,63.9801
18186,A,2388251372614,2388299405914,48.0333
18188,N,2388355376014,2388395436014,40.06
18190,D,2388459450814,2388563077014,103.6262
18191,F,2388555427114,2388627388014,71.9609
18194,H,2388651365914,2388755523014,104.1571
18196,B,2388756316314,2388875411814,119.0955
18197,U,2388851470314,2388963183314,111.713
18199,R,2388955404414,2389067439114,112.0347
18201,G,2389051486814,2389163127914,111.6411
18203,E,2389155231414,2389251465614,96.2342
18206,N,2389252446614,2389315235114,62.7885
18208,L,2389355436414,2389411490414,56.054
18210,A,2389451396114,2389491389214,39.9931
18212,N,2389555403014,2389611402914,55.9999
18214,D,2389651387414,2389763494214,112.1068
18215,F,2389755467014,2389827447914,71.9809
18218,H,2389851439814,2389955463814,104.024
18220,B,2389956280914,2390075410114,119.1292
18221,U,2390051421314,2390163428414,112.0071
18223,R,2390155440914,2390267407014,111.9661
18225,G,2390259475014,2390355476814,96.0018
18228,E,2390356376814,2390459432214,103.0554
18230,N,2390460408414,2390507478014,47.0696
18232,L,2390555487114,2390611668614,56.1815
18234,A,2390651431614,2390699356414,47.9248
18236,N,2390755494314,2390795464714,39.9704
18238,D,2390859424814,2390971111914,111.6871
18239,F,2390955425314,2391027405714,71.9804
18242,H,2391051409314,2391155150614,103.7413
18244,B,2391156048414,2391275387014,119.3386
18245,U,2391251425614,2391355516514,104.0909
18248,R,2391356442114,2391475485214,119.0431
18249,G,2391451161914,2391563319514,112.1576
18251,E,2391555445414,2391651435014,95.9896
18254,N,2391652391514,2391707432814,55.0413
18256,L,2391755454214,2391811414514,55.9603
18258,A,2391851458714,2391891428214,39.9695
18260,N,2391955515814,2392003443914,47.9281
18262,D,2392051439414,2392163409814,111.9704
18263,F,2392155445214,2392227472414,72.0272
18266,H,2392251476914,2392355426914,103.95
18268,B,2392356151614,2392467263514,111.1119
18269,U,2392459518414,2392563398914,103.8805
18271,R,2392555507414,2392667230414,111.723
18273,G,2392659442614,2392763428414,103.9858
18275,E,2392755452914,2392851218214,95.7653
18278,N,2392852212014,2392915513314,63.3013
18280,L,2392955450214,2393019459214,64.009
18282,A,2393051349614,2393099485114,48.1355
18284,N,2393155467514,2393203269614,47.8021
18286,D,2393259460614,2393371460614,112.0
18287,F,2393355519014,2393427347714,71.8287
18290,H,2393451241014,2393555489114,104.2481
18292,B,2393556222314,2393675624514,119.4022
18293,U,2393651389114,2393763462914,112.0738
18295,R,2393755191614,2393875472114,120.2805
18297,G,2393851484614,2393963406714,111.9221
18299,E,2393955460114,2394059417514,103.9574
18301,N,2394051541914,2394107290714,55.7488
18304,L,2394155485514,2394211307014,55.8215
18306,A,2394251526614,2394291480714,39.9541
18308,N,2394355485214,2394411479414,55.9942
18310,D,2394451537014,2394563466614,111.9296
18311,F,2394555469914,2394627484814,72.0149
18314,H,2394659488814,2394755536214,96.0474
18316,B,2394756587914,2394875552114,118.9642
18317,U,2394859470314,2394963443914,103.9736
18319,R,2394955466614,2395075626114,120.1595
18321,G,2395059442414,2395155456914,96.0145
18324,E,2395156435714,2395259432914,102.9972
18325,N,2395251475214,2395315343814,63.8686
18328,L,2395355507814,2395411454614,55.9468
18330,A,2395451509414,2395499486614,47.9772
18332,N,2395555533214,2395595484514,39.9513
18334,D,2395659259414,2395763478014,104.2186
18335,F,2395755505614,2395827535514,72.0299
18338,H,2395851498314,2395955541714,104.0434
18340,B,2395956397014,2396075427614,119.0306
18341,U,2396051428214,2396155469514,104.0413
18344,R,2396156421414,2396275459314,119.0379
18345,G,2396251481514,2396355472914,103.9914
18348,E,2396356372514,2396459443414,103.0709
18349,N,2396451305714,2396507462614,56.1569
18352,L,2396555463514,2396611459714,55.9962
18354,A,2396659502914,2396699510214,40.0073
18356,N,2396755473114,2396811459514,55.9864
18358,D,2396859482714,2396963488014,104.0053
18359,F,2396955462214,2397027536414,72.0742
18362,H,2397059493314,2397155216714,95.7234
18364,B,2397163497014,2397275231414,111.7344
18365,U,2397251515114,2397363514914,111.9998
18367,R,2397355486414,2397475636614,120.1502
18369,G,2397451489414,2397555496914,104.0075
18372,E,2397556461514,2397659452014,102.9905
18373,N,2397651240714,2397715196614,63.9559
18376,L,2397755464914,2397811556614,56.0917
18378,A,2397851536214,2397899490514,47.9543
18380,N,2397955424514,2398003512714,48.0882
18382,D,2398051535114,2398163508414,111.9733
18383,F,2398155310114,2398227514914,72.2048
18386,H,2398251499814,2398355408814,103.909
18388,B,2398355979914,2398467537014,111.5571
18389,U,2398451506514,2398563508614,112.0021
18391,R,2398555266014,2398667518214,112.2522
18393,G,2398651507214,2398763411914,111.9047
18395,E,2398755294814,2398867467914,112.1731
18397,N,2398859530114,2398907541214,48.0111
18400,L,2398955338314,2399011471614,56.1333
18402,A,2399059482314,2399099495114,40.0128
18404,N,2399155263914,2399211465014,56.2011
18406,D,2399259606014,2399363447314,103.8413
18407,F,2399355320714,2399435223914,79.9032
18410,H,2399451525414,2399563472914,111.9475
18411,B,2399555441914,2399675521714,120.0798
18413,U,2399651535714,2399763467214,111.9315
18415,R,2399755599214,2399867489214,111.89
18417,G,2399851545214,2399963518314,111.9731
18419,E,2399955397314,2400059565314,104.168
18421,N,2400051511914,2400115278614,63.7667
18424,L,2400155683314,2400211512314,55.829
18426,A,2400251580914,2400299517014,47.9361
18428,N,2400355607414,2400403506514,47.8991
18430,D,2400451351414,2400563246814,111.8954
18431,F,2400555505214,2400627550514,72.0453
18434,H,2400651502914,2400755581614,104.0787
18436,B,2400756480214,2400875348914,118.8687
18437,U,2400851565114,2400955544714,103.9796
18440,R,2400956308714,2401067492214,111.1835
18441,G,2401059536014,2401163539414,104.0034
18443,E,2401155549814,2401267511014,111.9612
18445,N,2401259350514,2401307278414,47.9279
18448,L,2401347560614,2401403635214,56.0746
18450,A,2401451593814,2401499599114,48.0053
18452,N,2401555603414,2401603549314,47.9459
18454,D,2401659536014,2401763492314,103.9563
18455,F,2401755488014,2401819485614,63.9976
18458,H,2401851492614,2401955609014,104.1164
18460,B,2401956599014,2402075367514,118.7685
18461,U,2402051381714,2402163556014,112.1743
18463,R,2402155516414,2402275383714,119.8673
18465,G,2402251553614,2402363571814,112.0182
18467,E,2402355538314,2402459379814,103.8415
18469,N,2402451591114,2402515659014,64.0679
18472,L,2402555545914,2402611554614,56.0087
18474,A,2402651644114,2402699523114,47.879
18476,N,2402755525114,2402803569014,48.0439
18478,D,2402851551014,2402963545014,111.994
18479,F,2402955537114,2403027588214,72.0511
18482,H,2403051569814,2403155580114,104.0103
18484,B,2403156513214,2403275297814,118.7846
18485,U,2403259495314,2403355405314,95.91
18488,R,2403356391514,2403467534914,111.1434
18489,G,2403459556214,2403563572114,104.0159
18491,E,2403555579214,2403675376314,119.7971
18493,N,2403659533214,2403715266114,55.7329
18496,L,2403755556514,2403803537614,47.9811
18498,A,2403851576714,2403899532214,47.9555
18500,N,2403955543814,2404011281714,55.7379
18502,D,2404059528214,2404171546014,112.0178
18503,F,2404155601114,2404227542314,71.9412
18506,H,2404251552214,2404355554814,104.0026
18508,B,2404356209514,2404475475014,119.2655
18509,U,2404451516514,2404563564014,112.0475
18511,R,2404555507214,2404667525114,112.0179
18513,G,2404651526614,2404763539314,112.0127
18515,E,2404755580414,2404859426614,103.8462
18517,N,2404851558514,2404915580514,64.022
18520,L,2404955578514,2405011513014,55.9345
18522,A,2405051588714,2405099545014,47.9563
18524,N,2405155594914,2405203599114,48.0042
18526,D,2405259355714,2405363625114,104.2694
18527,F,2405355600514,2405427627114,72.0266
18530,H,2405459541414,2405555626814,96.0854
18532,B,2405556443514,2405675641014,119.1975
18533,U,2405659572914,2405763623014,104.0501
18535,R,2405755645114,2405875521714,119.8766
18537,G,2405859715614,2405963552314,103.8367
18539,E,2405955571714,2406059663714,104.092
18541,N,2406051561314,2406115559614,63.9983
18544,L,2406155274714,2406211478414,56.2037
18546,A,2406251555314,2406299519514,47.9642
18548,N,2406355587314,2406411556014,55.9687
18550,D,2406451593714,2406563608314,112.0146
18551,F,2406555611314,2406627501014,71.8897
18554,H,2406651593314,2406755748314,104.155
18556,B,2406756465714,2406875557614,119.0919
18557,U,2406851589314,2406963345014,111.7557
18559,R,2406955591614,2407067605514,112.0139
18561,G,2407051608914,2407163572014,111.9631
18563,E,2407155551914,2407251574914,96.023
18566,N,2407252578414,2407307563614,54.9852
18568,L,2407355540114,2407403605414,48.0653
18570,A,2407459593314,2407499596814,40.0035
18572,N,2407555636314,2407603577514,47.9412
18574,D,2407659611514,2407763566114,103.9546
18575,F,2407755561614,2407835337414,79.7758
18578,H,2407859637314,2407955582014,95.9447
18580,B,2407963572814,2408075598614,112.0258
18581,U,2408051558814,2408163580914,112.0221
18583,R,2408155653414,2408275576714,119.9233
18585,G,2408251646314,2408355615714,103.9694
18588,E,2408356551914,2408459600514,103.0486
18589,N,2408451595014,2408515709714,64.1147
18592,L,2408555601414,2408603568814,47.9674
18594,A,2408651567114,2408699553314,47.9862
18596,N,2408755612514,2408812015514,56.403
18598,D,2408851601814,2408963576114,111.9743
18599,F,2408955581714,2409027599214,72.0175
18602,H,2409051591614,2409155640714,104.0491
18604,B,2409156647614,2409267580714,110.9331
18605,U,2409251574414,2409363316914,111.7425
18607,R,2409355594314,2409467650414,112.0561
18609,G,2409459605214,2409555615414,96.0102
18612,E,2409556219414,2409667540214,111.3208
18613,N,2409659592014,2409715318914,55.7269
18616,L,2409755658214,2409811574714,55.9165
18618,A,2409851595114,2409899554714,47.9596
18620,N,2409955578214,2410003582214,48.004
18622,D,2410059551314,2410163272814,103.7215
18623,F,2410155588714,2410219612314,64.0236
18626,H,2410251597214,2410355637314,104.0401
18628,B,2410356294914,2410475298114,119.0032
18629,U,2410451612814,2410555602114,103.9893
18632,R,2410556654814,2410667590614,110.9358
18633,G,2410651592114,2410763413114,111.821
18635,E,2410755624214,2410859645514,104.0213
18637,N,2410851585014,2410915593914,64.0089
18640,L,2410955611214,2411011614814,56.0036
18642,A,2411051578914,2411099587714,48.0088
18644,N,2411155576114,2411211587914,56.0118
18646,D,2411251652914,2411363545914,111.893
18647,F,2411355622514,2411427592914,71.9704
18650,H,2411451630314,2411555438914,103.8086
18652,B,2411556412614,2411667617814,111.2052
18653,U,2411659621314,2411763763514,104.1422
18655,R,2411755376914,2411867376314,111.9994
18657,G,2411859610014,2411955426114,95.8161
18660,E,2411956439714,2412059654014,103.2143
18662,N,2412060553514,2412115412814,54.8593
18664,L,2412155691114,2412211671014,55.9799
18666,A,2412251685514,2412299379314,47.6938
18668,N,2412355636814,2412403614414,47.9776
18670,D,2412459604814,2412571641314,112.0365
18671,F,2412555624914,2412627592114,71.9672
18674,H,2412651634814,2412755604214,103.9694
18676,B,2412756567114,2412875599714,119.0326
18677,U,2412851609214,2412955686014,104.0768
18680,R,2412956398714,2413075660414,119.2617
18681,G,2413051371914,2413163595714,112.2238
18683,E,2413155610914,2413267462614,111.8517
18685,N,2413251563014,2413315397714,63.8347
18688,L,2413355628614,2413403674414,48.0458
18690,A,2413451661014,2413499674314,48.0133
18692,N,2413555399314,2413611618014,56.2187
18694,D,2413651639314,2413763393214,111.7539
18695,F,2413755686214,2413827629914,71.9437
18698,H,2413859641214,2413955662214,96.021
18700,B,2413956465914,2414075325714,118.8598
18701,U,2414059602414,2414163598914,103.9965
18703,R,2414155629114,2414275597714,119.9686
18705,G,2414259611614,2414355659014,96.0474
18708,E,2414356657614,2414459399214,102.7416
18709,N,2414451568414,2414515753514,64.1851
18712,L,2414555606414,2414603665214,48.0588
18714,A,2414651660114,2414699433414,47.7733
18716,N,2414755674814,2414811631414,55.9566
18718,D,2414859633914,2414963654414,104.0205
18719,F,2414955607514,2415027666414,72.0589
18722,H,2415051666414,2415155688714,104.0223
18724,B,2415156724814,2415275649914,118.9251
18725,U,2415251604114,2415355620714,104.0166
18728,R,2415356231914,2415467388414,111.1565
18729,G,2415451609214,2415563641814,112.0326
18731,E,2415555620914,2415659667614,104.0467
18733,N,2415651649614,2415715780814,64.1312
18736,L,2415755679014,2415811620114,55.9411
18738,A,2415851621814,2415899724414,48.1026
18740,N,2415955686814,2416019660614,63.9738
18742,D,2416059575314,2416163681214,104.1059
18743,F,2416155605914,2416227655414,72.0495
18746,H,2416259682214,2416355665214,95.983
18748,B,2416356231514,2416475714514,119.483
18749,U,2416459656914,2416563621514,103.9646
18751,R,2416555430914,2416659632514,104.2016
18753,G,2416651411314,2416755664914,104.2536
18756,E,2416756631714,2416859642914,103.0112
18757,N,2416851409714,2416915390314,63.9806
18760,L,2416955731214,2417011620114,55.8889
18762,A,2417051384414,2417099635914,48.2515
18764,N,2417155634514,2417211437914,55.8034
18766,D,2417251465014,2417363666214,112.2012
18767,F,2417355663314,2417435477214,79.8139
18770,H,2417451558614,2417547704614,96.146
18772,B,2417555372314,2417675701114,120.3288
18773,U,2417651399914,2417763662814,112.2629
18775,R,2417755728214,2417867756714,112.0285
18777,G,2417851589614,2417955732314,104.1427
18780,E,2417956678714,2418067420014,110.7413
18781,N,2418059667514,2418115440614,55.7731
18784,L,2418155703314,2418211635014,55.9317
18786,A,2418259668914,2418299759714,40.0908
18788,N,2418355635614,2418419658914,64.0233
18790,D,2418459678314,2418563706914,104.0286
18791,F,2418555719714,2418635379914,79.6602
18794,H,2418659701914,2418755680614,95.9787
18796,B,2418756304414,2418867664314,111.3599
18797,U,2418851698914,2418971738014,120.0391
18799,R,2418955678614,2419075371714,119.6931
18801,G,2419051687414,2419155665214,103.9778
18804,E,2419156596314,2419251700214,95.1039
18806,N,2419252567614,2419315689214,63.1216
18808,L,2419355665214,2419403491614,47.8264
18810,A,2419451726114,2419499434914,47.7088
18812,N,2419555646114,2419603446614,47.8005
18814,D,2419651701914,2419763611014,111.9091
18815,F,2419755684214,2419827667914,71.9837
18818,H,2419851673714,2419955715614,104.0419
18820,B,2419956634714,2420075643714,119.009
18821,U,2420051684114,2420163691814,112.0077
18823,R,2420155451214,2420267695514,112.2443
18825,G,2420259720914,2420363719314,103.9984
18827,E,2420355473514,2420459725714,104.2522
18830,N,2420460534714,2420515744014,55.2093
18832,L,2420555703614,2420603578614,47.875
18834,A,2420651701214,2420699696114,47.9949
18836,N,2420755693314,2420811662514,55.9692
18838,D,2420859679314,2420963705814,104.0265
18839,F,2420955695014,2421035568614,79.8736
18842,H,2421051675914,2421163473414,111.7975
18843,B,2421155400414,2421275350014,119.9496
18845,U,2421251308014,2421363685614,112.3776
18847,R,2421355684414,2421475506814,119.8224
18849,G,2421451679514,2421563726114,112.0466
18851,E,2421555574314,2421667714414,112.1401
18853,N,2421651725014,2421707673814,55.9488
18856,L,2421755679314,2421811709714,56.0304
18858,A,2421851754714,2421899693814,47.9391
18860,N,2421955666114,2422011707814,56.0417
18862,D,2422051722014,2422163564514,111.8425
18863,F,2422155639214,2422227841914,72.2027
18866,H,2422251720414,2422355728514,104.0081
18868,B,2422356668614,2422467722714,111.0541
18869,U,2422459764414,2422563755114,103.9907
18871,R,2422555526614,2422667692114,112.1655
18873,G,2422659716214,2422763466814,103.7506
18875,E,2422755598714,2422859756814,104.1581
18878,N,2422860706014,2422915700014,54.994
18880,L,2422955483514,2423003724514,48.241
18882,A,2423051729214,2423099793814,48.0646
18884,N,2423155514914,2423203741614,48.2267
18886,D,2423259725914,2423363775914,104.05
18887,F,2423355572614,2423427712614,72.14
18890,H,2423451696514,2423555540814,103.8443
18892,B,2423556319614,2423667724614,111.405
18893,U,2423651729214,2423763699614,111.9704
18895,R,2423755526714,2423867721714,112.195
18897,G,2423851732114,2423963709214,111.9771
18899,E,2423955660114,2424059715814,104.0557
18901,N,2424051709914,2424115518814,63.8089
18904,L,2424155791214,2424211771414,55.9802
18906,A,2424251729514,2424299747014,48.0175
18908,N,2424355783114,2424411730714,55.9476
18910,D,2424451733714,2424563724114,111.9904
18911,F,2424555829514,2424627741414,71.9119
18914,H,2424659693714,2424755785014,96.0913
18916,B,2424756594914,2424875787614,119.1927
18917,U,2424859801114,2424963695614,103.8945
18919,R,2424955712114,2425075396514,119.6844
18921,G,2425059754714,2425155686514,95.9318
18924,E,2425156614314,2425259438214,102.8239
18925,N,2425251731014,2425315727014,63.996
18928,L,2425355754914,2425403538614,47.7837
18930,A,2425451705314,2425499756114,48.0508
18932,N,2425555769614,2425611744214,55.9746
18934,D,2425659854214,2425763686614,103.8324
18935,F,2425755802214,2425827759914,71.9577
18938,H,2425851858014,2425955746514,103.8885
18940,B,2425956648014,2426075617614,118.9696
18941,U,2426051793914,2426155760414,103.9665
18944,R,2426156875114,2426275573814,118.6987
18945,G,2426251747314,2426363754414,112.0071
18947,E,2426355737814,2426459509614,103.7718
18949,N,2426451704814,2426515717914,64.0131
18952,L,2426555776214,2426603493414,47.7172
18954,A,2426651556614,2426699648914,48.0923
18956,N,2426755663614,2426811758014,56.0944
18958,D,2426859754114,2426963757514,104.0034
18959,F,2426955713814,2427027752914,72.0391
18962,H,2427059743514,2427155779014,96.0355
18964,B,2427156847314,2427275618014,118.7707
18965,U,2427259647914,2427363652814,104.0049
18967,R,2427355772614,2427475587014,119.8144
18969,G,2427459558514,2427563752514,104.194
18971,E,2427555772214,2427659508814,103.7366
18973,N,2427651745514,2427715759414,64.0139
18976,L,2427755734214,2427811715914,55.9817
18978,A,2427851747114,2427899734114,47.987
18980,N,2427955762014,2428011747114,55.9851
18982,D,2428059555514,2428163809614,104.2541
18983,F,2428155760514,2428227529814,71.7693
18986,H,2428251740214,2428355784714,104.0445
18988,B,2428356697814,2428475628014,118.9302
18989,U,2428451722914,2428563765514,112.0426
18991,R,2428555755314,2428667745114,111.9898
18993,G,2428651747314,2428755814714,104.0674
18996,E,2428756461214,2428867792814,111.3316
18997,N,2428851764214,2428915794314,64.0301
19000,L,2428955755214,2429003762914,48.0077
19002,A,2429051793814,2429099755914,47.9621
19004,N,2429155753914,2429211712714,55.9588
19006,D,2429259651414,2429363767614,104.1162
19007,F,2429355522614,2429427738014,72.2154
19010,H,2429459639414,2429547769614,88.1302
19012,B,2429555783014,2429675890114,120.1071
19013,U,2429659647414,2429763753414,104.106
19015,R,2429755791514,2429875807414,120.0159
19017,G,2429859777914,2429963751414,103.9735
19019,E,2429955785314,2430059902414,104.1171
19021,N,2430051808214,2430115782714,63.9745
19024,L,2430155813014,2430211740814,55.9278
19026,A,2430251795614,2430299827714,48.0321
19028,N,2430355743214,2430411744414,56.0012
19030,D,2430459820614,2430571724014,111.9034
19031,F,2430555820414,2430635654814,79.8344
19034,H,2430651753114,2430763978414,112.2253
19035,B,2430755775514,2430875830514,120.055
19037,U,2430851759414,2430955646814,103.8874
19040,R,2430956479214,2431067947214,111.468
19041,G,2431051802714,2431163475414,111.6727
19043,E,2431155469714,2431267813314,112.3436
19045,N,2431251815514,2431315734914,63.9194
19048,L,2431355804814,2431411571314,55.7665
19050,A,2431459772814,2431499795714,40.0229
19052,N,2431555798914,2431611744914,55.946
19054,D,2431659779314,2431763560414,103.7811
19055,F,2431755789714,2431827790114,72.0004
19058,H,2431859741614,2431955785614,96.044
19060,B,2431956566914,2432075875314,119.3084
19061,U,2432059928714,2432163638614,103.7099
19063,R,2432155507014,2432275799614,120.2926
19065,G,2432259792814,2432355812114,96.0193
19068,E,2432356710614,2432459771014,103.0604
19069,N,2432451778114,2432515783514,64.0054
19072,L,2432555805414,2432611855914,56.0505
19074,A,2432651846214,2432699777414,47.9312
19076,N,2432755838414,2432811896714,56.0583
19078,D,2432859791014,2432963622014,103.831
19079,F,2432955828514,2433027804214,71.9757
19082,H,2433051826714,2433155807514,103.9808
19084,B,2433156546814,2433267805314,111.2585
19085,U,2433251762614,2433355791514,104.0289
19088,R,2433356859714,2433475856614,118.9969
19089,G,2433451785614,2433563557514,111.7719
19091,E,2433555747314,2433659802414,104.0551
19093,N,2433651792914,2433715695914,63.903
19096,L,2433755801114,2433811817014,56.0159
19098,A,2433859849014,2433899827114,39.9781
19100,N,2433955850314,2434011798114,55.9478
19102,D,2434059789214,2434163595114,103.8059
19103,F,2434155838514,2434235673314,79.8348
19106,H,2434259813814,2434355800414,95.9866
19108,B,2434363615314,2434475802514,112.1872
19109,U,2434451828714,2434563512414,111.6837
19111,R,2434555769414,2434675821114,120.0517
19113,G,2434651784614,2434763715014,111.9304
19115,E,2434755775114,2434851886014,96.1109
19118,N,2434852458814,2434915832914,63.3741
19120,L,2434955813914,2435011787814,55.9739
19122,A,2435051797114,2435099787614,47.9905
19124,N,2435155908914,2435211783814,55.8749
19126,D,2435251821414,2435363609714,111.7883
19127,F,2435355850314,2435427846714,71.9964
19130,H,2435451811414,2435555878614,104.0672
19132,B,2435556665214,2435675989514,119.3243
19133,U,2435651817214,2435755821514,104.0043
19136,R,2435756447214,2435867777714,111.3305
19137,G,2435851835714,2435963849414,112.0137
19139,E,2435955807314,2436067558314,111.751
19141,N,2436059853714,2436115562114,55.7084
19144,L,2436155654714,2436211810614,56.1559
19146,A,2436259777514,2436299659814,39.8823
19148,N,2436355792914,2436411828414,56.0355
19150,D,2436459819214,2436563873514,104.0543
19151,F,2436555817314,2436627819214,72.0019
19154,H,2436659819214,2436755836214,96.017
19156,B,2436756827014,2436875864814,119.0378
19157,U,2436851847214,2436971817814,119.9706
19159,R,2436955672814,2437075830714,120.1579
19161,G,2437051823714,2437155865614,104.0419
19164,E,2437156718814,2437251814014,95.0952
19166,N,2437252605014,2437315600814,62.9958
19168,L,2437355830714,2437411812514,55.9818
19170,A,2437451790414,2437499802514,48.0121
19172,N,2437555839314,2437611614814,55.7755
19174,D,2437651821814,2437763844814,112.023
19175,F,2437755833714,2437827844614,72.0109
19178,H,2437851848314,2437955823914,103.9756
19180,B,2437956404814,2438075915614,119.5108
19181,U,2438051864514,2438155648414,103.7839
19184,R,2438156319014,2438275866214,119.5472
19185,G,2438259851914,2438363530914,103.679
19187,E,2438355846114,2438467710714,111.8646
19189,N,2438459818014,2438515645014,55.827
19192,L,2438555555914,2438603830214,48.2743
19194,A,2438659805914,2438699728714,39.9228
19196,N,2438755807614,2438803877314,48.0697
19198,D,2438859842914,2438963829614,103.9867
19199,F,2438955846614,2439035729314,79.8827
19202,H,2439059896814,2439155938614,96.0418
19204,B,2439156780114,2439275807014,119.0269
19205,U,2439251884114,2439363618014,111.7339
19207,R,2439355869614,2439459849314,103.9797
19209,G,2439451857614,2439563555514,111.6979
19211,E,2439555887014,2439659824414,103.9374
19213,N,2439651831214,2439715848014,64.0168
19216,L,2439755835214,2439811865914,56.0307
19218,A,2439851822914,2439899998014,48.1751
19220,N,2439955831114,2440011870114,56.039
19222,D,2440051823214,2440163875914,112.0527
19223,F,2440155666714,2440235832514,80.1658
19226,H,2440251727514,2440363842814,112.1153
19227,B,2440355848314,2440475845214,119.9969
19229,U,2440451897414,2440563838714,111.9413
19231,R,2440555852914,2440675853314,120.0004
19233,G,2440659902814,2440763861614,103.9588
19235,E,2440755880114,2440867738314,111.8582
19237,N,2440859833814,2440907909014,48.0752
19240,L,2440955871114,2441011825514,55.9544
19242,A,2441051664914,2441099862014,48.1971
19244,N,2441155821914,2441203820914,47.999
19246,D,2441259856514,2441363810614,103.9541
19247,F,2441355847914,2441435798514,79.9506
19250,H,2441451602614,2441555865714,104.2631
19252,B,2441556585514,2441675867014,119.2815
19253,U,2441651612214,2441763887914,112.2757
19255,R,2441755934014,2441875886414,119.9524
19257,G,2441851768114,2441963834714,112.0666
19259,E,2441955930314,2442051576514,95.6462
19262,N,2442059864214,2442115727114,55.8629
19264,L,2442155840014,2442211923514,56.0835
19266,A,2442251781314,2442299871414,48.0901
19268,N,2442355924714,2442419911614,63.9869
19270,D,2442451877314,2442563914014,112.0367
19271,F,2442555913814,2442635740414,79.8266
19274,H,2442652036414,2442763861914,111.8255
19275,B,2442755833914,2442875879414,120.0455
19277,U,2442859845614,2442963872714,104.0271
19279,R,2442955854614,2443075861014,120.0064
19281,G,2443059868514,2443163838114,103.9696
19283,E,2443155647114,2443267872514,112.2254
19285,N,2443259904714,2443315846014,55.9413
19288,L,2443355888914,2443411935714,56.0468
19290,A,2443451899614,2443499929414,48.0298
19292,N,2443555864314,2443611859614,55.9953
19294,D,2443659881714,2443764002314,104.1206
19295,F,2443755833314,2443827870414,72.0371
19298,H,2443851893414,2443963946614,112.0532
19299,B,2443955909714,2444067658814,111.7491
19301,U,2444051876914,2444163821814,111.9449
19303,R,2444155840914,2444267919214,112.0783
19305,G,2444251868014,2444363951314,112.0833
19307,E,2444355917314,2444459885014,103.9677
19309,N,2444451874614,2444515876114,64.0015
19312,L,2444555907914,2444611885214,55.9773
19314,A,2444651908014,2444700115714,48.2077
19316,N,2444755896314,2444811856914,55.9606
19318,D,2444851904614,2444963654514,111.7499
19319,F,2444955916014,2445027879614,71.9636
19322,H,2445059898514,2445155877814,95.9793
19324,B,2445156473614,2445275866814,119.3932
19325,U,2445259902714,2445363825414,103.9227
19327,R,2445355845514,2445475662214,119.8167
19329,G,2445459867514,2445563891514,104.024
19331,E,2445555714414,2445659923314,104.2089
19333,N,2445651910314,2445715727914,63.8176
19336,L,2445755942314,2445811907114,55.9648
19338,A,2445851878014,2445899875314,47.9973
19340,N,2445955883514,2446012003114,56.1196
19342,D,2446059906914,2446171901014,111.9941
19343,F,2446155854914,2446227903014,72.0481
19346,H,2446251933114,2446355871914,103.9388
19348,B,2446356731614,2446475885114,119.1535
19349,U,2446451890914,2446563935614,112.0447
19351,R,2446555682914,2446675618214,119.9353
19353,G,2446651987114,2446763931514,111.9444
19355,E,2446755718314,2446867856714,112.1384
19357,N,2446851879814,2446915881014,64.0012
19360,L,2446955714814,2447011896114,56.1813
19362,A,2447051921714,2447099906714,47.985
19364,N,2447155912914,2447219886214,63.9733
19366,D,2447259925014,2447363995314,104.0703
19367,F,2447355789214,2447427951214,72.162
19370,H,2447459908714,2447555748114,95.8394
19372,B,2447556493314,2447675885414,119.3921
19373,U,2447659953414,2447763917014,103.9636
19375,R,2447755832514,2447876024114,120.1916
19377,G,2447859906814,2447963614514,103.7077
19379,E,2447955816014,2448060015714,104.1997
19381,N,2448051945314,2448115973614,64.0283
19384,L,2448155968214,2448211902914,55.9347
19386,A,2448251940214,2448299980614,48.0404
19388,N,2448356070114,2448411935014,55.8649
19390,D,2448459926014,2448571718314,111.7923
19391,F,2448556087314,2448627931114,71.8438
19394,H,2448651940714,2448756007914,104.0672
19396,B,2448756981514,2448883936614,126.9551
19397,U,2448851914414,2448963677814,111.7634
19399,R,2448956015814,2449067959114,111.9433
19401,G,2449051956814,2449163674014,111.7172
19403,E,2449155981114,2449259924314,103.9432
19405,N,2449251944914,2449315907514,63.9626
19408,L,2449355918514,2449411946914,56.0284
19410,A,2449460054714,2449499913314,39.8586
19412,N,2449555911014,2449619901714,63.9907
19414,D,2449659969314,2449763706214,103.7369
19415,F,2449755970814,2449828049014,72.0782
19418,H,2449859954014,2449955955914,96.0019
19420,B,2449956697714,2450075775414,119.0777
19421,U,2450059927614,2450163896014,103.9684
19423,R,2450155952114,2450275798314,119.8462
19425,G,2450259924914,2450363924914,104.0
19427,E,2450355938514,2450451981014,96.0425
19430,N,2450452988214,2450516001014,63.0128
19432,L,2450555942414,2450611957114,56.0147
19434,A,2450651953514,2450699971614,48.0181
19436,N,2450755972914,2450819939014,63.9661
19438,D,2450859929214,2450963882314,103.9531
19439,F,2450955696314,2451027903414,72.2071
19442,H,2451051910514,2451163604214,111.6937
19443,B,2451155726114,2451283880714,128.1546
19445,U,2451251740214,2451363973014,112.2328
19447,R,2451355931114,2451475795414,119.8643
19449,G,2451451961614,2451563957414,111.9958
19451,E,2451555947014,2451667975614,112.0286
19453,N,2451659861414,2451716029214,56.1678
19456,L,2451755972414,2451811918414,55.946
19458,A,2451859979314,2451899968714,39.9894
19460,N,2451956023914,2452011916414,55.8925
19462,D,2452059932014,2452163917214,103.9852
19463,F,2452155722014,2452235967614,80.2456
19466,H,2452259943314,2452355943514,96.0002
19468,B,2452356993014,2452475839914,118.8469
19469,U,2452451976014,2452563959114,111.9831
19471,R,2452555960014,2452675759214,119.7992
19473,G,2452651975214,2452763944814,111.9696
19475,E,2452755995414,2452859878314,103.8829
19477,N,2452851957314,2452915980014,64.0227
19480,L,2452955965314,2453012003214,56.0379
19482,A,2453052052514,2453107946014,55.8935
19484,N,2453156024314,2453219976714,63.9524
19486,D,2453251969414,2453363949614,111.9802
19487,F,2453355930514,2453427941514,72.011
19490,H,2453451966914,2453563675214,111.7083
19491,B,2453555943614,2453676039214,120.0956
19493,U,2453651712814,2453763945114,112.2323
19495,R,2453756034114,2453867965514,111.9314
19497,G,2453852004014,2453963848814,111.8448
19499,E,2453955985414,2454067970914,111.9855
19501,N,2454059988714,2454115783214,55.7945
19504,L,2454156045614,2454212030114,55.9845
19506,A,2454260018114,2454300039714,40.0216
19508,N,2454356053814,2454412052514,55.9987
19510,D,2454459747214,2454563954614,104.2074
19511,F,2454555977114,2454627716614,71.7395
19514,H,2454660100314,2454756046814,95.9465
19516,B,2454757017014,2454876031214,119.0142
19517,U,2454851976814,2454971999314,120.0225
19519,R,2454955951514,2455075993014,120.0415
19521,G,2455051953014,2455163913414,111.9604
19523,E,2455155993314,2455251996414,96.0031
19526,N,2455252826514,2455315983014,63.1565
19528,L,2455355976514,2455411756814,55.7803
19530,A,2455451985214,2455499959014,47.9738
19532,N,2455555974114,2455627854914,71.8808
19534,D,2455651987714,2455763991414,112.0037
19535,F,2455755970714,2455827879714,71.909
19538,H,2455851983214,2455963968114,111.9849
19539,B,2455955752614,2456083969514,128.2169
19541,U,2456051991014,2456163970314,111.9793
19543,R,2456155720614,2456275933314,120.2127
19545,G,2456260003714,2456363670614,103.6669
19547,E,2456356022014,2456459776514,103.7545
19550,N,2456460563314,2456516014214,55.4509
19552,L,2456556033614,2456612342714,56.3091
19554,A,2456651974214,2456699978014,48.0038
19556,N,2456755814914,2456819999314,64.1844
19558,D,2456860019814,2456971761614,111.7418
19559,F,2456955776814,2457028023914,72.2471
19562,H,2457052039414,2457163993914,111.9545
19563,B,2457155792614,2457276099614,120.307
19565,U,2457252116514,2457364053114,111.9366
19567,R,2457356071014,2457476063314,119.9923
19569,G,2457451825914,2457556058614,104.2327
19572,E,2457556888114,2457659666814,102.7787
19573,N,2457651957314,2457723973414,72.0161
19576,L,2457756033014,2457812103014,56.07
19578,A,2457851975314,2457899977214,48.0019
19580,N,2457956007714,2458020014614,64.0069
19582,D,2458052002714,2458163816714,111.814
19583,F,2458156007914,2458228076014,72.0681
19586,H,2458252009614,2458363725514,111.7159
19587,B,2458356017714,2458476037714,120.02
19589,U,2458460020414,2458563780314,103.7599
19591,R,2458556018514,2458667798014,111.7795
19593,G,2458660012914,2458763816314,103.8034
19595,E,2458756118314,2458867978714,111.8604
19597,N,2458860012414,2458915987014,55.9746
19600,L,2458955832814,2459011985414,56.1526
19602,A,2459051993614,2459099980114,47.9865
19604,N,2459155979114,2459212083514,56.1044
19606,D,2459260002814,2459371770814,111.768
19607,F,2459356003514,2459428016814,72.0133
19610,H,2459451740814,2459563783814,112.043
19611,B,2459556018014,2459676015314,119.9973
19613,U,2459652029514,2459763969614,111.9401
19615,R,2459756053614,2459868037314,111.9837
19617,G,2459852012114,2459964036214,112.0241
19619,E,2459956030514,2460060004914,103.9744
19621,N,2460052014214,2460123787114,71.7729
19624,L,2460155964514,2460212035114,56.0706
19626,A,2460252054414,2460300021014,47.9666
19628,N,2460355974014,2460420040514,64.0665
19630,D,2460452019414,2460564041614,112.0222
19631,F,2460555989914,2460628007314,72.0174
19634,H,2460660054414,2460764005314,103.9509
19635,B,2460756030914,2460876035214,120.0043
19637,U,2460860106614,2460964004314,103.8977
19639,R,2460956040314,2461076074914,120.0346
19641,G,2461060016214,2461163990314,103.9741
19643,E,2461155995014,2461268002314,112.0073
19645,N,2461260024714,2461315789014,55.7643
19648,L,2461356041314,2461412021214,55.9799
19650,A,2461452045714,2461500011914,47.9662
19652,N,2461556032614,2461612040014,56.0074
19654,D,2461660046114,2461772040214,111.9941
19655,F,2461756013414,2461828055214,72.0418
19658,H,2461852025314,2461956053714,104.0284
19660,B,2461956959214,2462076090014,119.1308
19661,U,2462051852614,2462163974714,112.1221
19663,R,2462156092214,2462267964014,111.8718
19665,G,2462252032814,2462364106814,112.074
19667,E,2462356145014,2462452115014,95.97
19670,N,2462460108914,2462524148714,64.0398
19672,L,2462556134714,2462612049214,55.9145
19674,A,2462652054614,2462699832814,47.7782
19676,N,2462756059514,2462820076514,64.017
19678,D,2462859981614,2462964090014,104.1084
19679,F,2462956054814,2463028084014,72.0292
19682,H,2463060031514,2463164030914,103.9994
19683,B,2463156056314,2463283818714,127.7624
19685,U,2463260094714,2463364013814,103.9191
19687,R,2463355826814,2463476035814,120.209
19689,G,2463460048514,2463563755414,103.7069
19691,E,2463556053414,2463660026014,103.9726
19693,N,2463651830614,2463715889814,64.0592
19696,L,2463756054414,2463812102514,56.0481
19698,A,2463852051914,2463900083714,48.0318
19700,N,2463956018714,2464012029314,56.0106
19702,D,2464059998614,2464172012514,112.0139
19703,F,2464156081414,2464228083614,72.0022
19706,H,2464252058314,2464356065214,104.0069
19708,B,2464357029714,2464475766214,118.7365
19709,U,2464452016314,2464564061814,112.0455
19711,R,2464556035814,2464676137214,120.1014
19713,G,2464652029914,2464763783514,111.7536
19715,E,2464756071714,2464860065214,103.9935
19717,N,2464852034914,2464924063814,72.0289
19720,L,2464956110714,2465012068314,55.9576
19722,A,2465051812114,2465100162714,48.3506
19724,N,2465156023714,2465220060414,64.0367
19726,D,2465260090414,2465364072414,103.982
19727,F,2465356177114,2465428058214,71.8811
19730,H,2465460098514,2465564101514,104.003
19731,B,2465556107814,2465676061914,119.9541
19733,U,2465660027114,2465764085114,104.058
19735,R,2465756125514,2465875838314,119.7128
19737,G,2465860092414,2465964028514,103.9361
19739,E,2465955812514,2466051860914,96.0484
19742,N,2466052712714,2466115822114,63.1094
19744,L,2466155756714,2466212006314,56.2496
19746,A,2466251900714,2466300017514,48.1168
19748,N,2466356034214,2466420146614,64.1124
19750,D,2466460136214,2466572086214,111.95
19751,F,2466556114914,2466628080414,71.9655
19754,H,2466652038314,2466756068514,104.0302
19756,B,2466756761314,2466876076714,119.3154
19757,U,2466852140314,2466964079714,111.9394
19759,R,2466956081714,2467076100014,120.0183
19761,G,2467052229714,2467164017714,111.788
19763,E,2467156008914,2467268027814,112.0189
19765,N,2467252101114,2467324080914,71.9798
19768,L,2467356035514,2467412070614,56.0351
19770,A,2467460063414,2467500106414,40.043
19772,N,2467556084314,2467619864914,63.7806
19774,D,2467660108314,2467764044914,103.9366
19775,F,2467756121714,2467828078214,71.9565
19778,H,2467860078014,2467956101814,96.0238
19780,B,2467956797414,2468076043214,119.2458
19781,U,2468060165114,2468164161414,103.9963
19783,R,2468155996114,2468275881814,119.8857
19785,G,2468260041014,2468364066414,104.0254
19787,E,2468356073614,2468452114214,96.0406
19790,N,2468453133414,2468516055214,62.9218
19792,L,2468556140614,2468612079014,55.9384
19794,A,2468652058114,2468700070014,48.0119
19796,N,2468755934114,2468820155814,64.2217
19798,D,2468860075214,2468971818314,111.7431
19799,F,2468956072114,2469028075314,72.0032
19802,H,2469052107514,2469164091114,111.9836
19803,B,2469156032114,2469276086614,120.0545
19805,U,2469252130014,2469364096214,111.9662
19807,R,2469356094614,2469468122914,112.0283
19809,G,2469452114014,2469564033914,111.9199
19811,E,2469556074814,2469668143814,112.069
19813,N,2469660087214,2469716103114,56.0159
19816,L,2469756266514,2469820144214,63.8777
19818,A,2469860138514,2469900117914,39.9794
19820,N,2469956070014,2470012053614,55.9836
19822,D,2470060067914,2470164092314,104.0244
19823,F,2470156063714,2470228134514,72.0708
19826,H,2470260113914,2470356132514,96.0186
19828,B,2470364100714,2470476126414,112.0257
19829,U,2470452134814,2470564082414,111.9476
19831,R,2470556099814,2470676114714,120.0149
19833,G,2470652141014,2470764043514,111.9025
19835,E,2470755895314,2470852133114,96.2378
19838,N,2470853032214,2470916098914,63.0667
19840,L,2470955880214,2471012125014,56.2448
19842,A,2471052166414,2471100143314,47.9769
19844,N,2471155922614,2471212069614,56.147
19846,D,2471252063314,2471364075614,112.0123
19847,F,2471355870014,2471428134614,72.2646
19850,H,2471452066614,2471564116414,112.0498
19851,B,2471555938114,2471676169014,120.2309
19853,U,2471652096214,2471764087114,111.9909
19855,R,2471755995814,2471876114414,120.1186
19857,G,2471860127214,2471964105414,103.9782
19859,E,2471955940414,2472068117214,112.1768
19861,N,2472060116914,2472116109614,55.9927
19864,L,2472156019014,2472220151614,64.1326
19866,A,2472260104414,2472300158114,40.0537
19868,N,2472356097014,2472404137314,48.0403
19870,D,2472460148414,2472564167514,104.0191
19871,F,2472556149214,2472628097414,71.9482
19874,H,2472660119714,2472756199414,96.0797
19876,B,2472757026214,2472876122014,119.0958
19877,U,2472852161914,2472972115514,119.9536
19879,R,2472956249714,2473075895714,119.646
19881,G,2473052074714,2473164104614,112.0299
19883,E,2473156155414,2473252196614,96.0412
19886,N,2473253174414,2473316118414,62.944
19888,L,2473356195914,2473412125314,55.9294
19890,A,2473452107814,2473500264014,48.1562
19892,N,2473556127914,2473612094214,55.9663
19894,D,2473652158314,2473764127114,111.9688
19895,F,2473756141714,2473828216414,72.0747
19898,H,2473852115014,2473956121314,104.0063
19900,B,2473956789214,2474067833314,111.0441
19901,U,2474060154114,2474164067714,103.9136
19903,R,2474156070814,2474268083114,112.0123
19905,G,2474260148014,2474364160814,104.0128
19907,E,2474356158714,2474460194814,104.0361
19910,N,2474461153214,2474516089214,54.936
19912,L,2474556213114,2474612175614,55.9625
19914,A,2474660172514,2474700111214,39.9387
19916,N,2474756163014,2474804186114,48.0231
19918,D,2474860162114,2474972152814,111.9907
19919,F,2474956135214,2475028188714,72.0535
19922,H,2475052163814,2475156185514,104.0217
19924,B,2475156991014,2475275913214,118.9222
19925,U,2475252179414,2475364140714,111.9613
19927,R,2475356121414,2475475947214,119.8258
19929,G,2475452131614,2475564248414,112.1168
19931,E,2475556128314,2475652212314,96.084
19934,N,2475653200414,2475708250314,55.0499
19936,L,2475756167414,2475812129514,55.9621
19938,A,2475852161914,2475891851514,39.6896
19940,N,2475956166014,2476012045414,55.8794
19942,D,2476052169814,2476163943014,111.7732
19943,F,2476156127614,2476228153514,72.0259
19946,H,2476260117614,2476364112914,103.9953
19947,B,2476356126914,2476476014914,119.888
19949,U,2476460140014,2476564147114,104.0071
19951,R,2476556140914,2476668170614,112.0297
19953,G,2476660128314,2476764286514,104.1582
19955,E,2476756141314,2476852156914,96.0156
19958,N,2476859915114,2476916148314,56.2332
19960,L,2476956109314,2477012138114,56.0288
19962,A,2477052185814,2477100137314,47.9515
19964,N,2477156142114,2477204201014,48.0589
19966,D,2477259929914,2477372240214,112.3103
19967,F,2477356186414,2477428130214,71.9438
19970,H,2477451906514,2477564212114,112.3056
19971,B,2477556190514,2477676326114,120.1356
19973,U,2477652190114,2477763978214,111.7881
19975,R,2477756158414,2477876216614,120.0582
19977,G,2477852175414,2477964171014,111.9956
19979,E,2477956171614,2478052197014,96.0254
19982,N,2478053218714,2478107921514,54.7028
19984,L,2478155906814,2478212153314,56.2465
19986,A,2478252134714,2478292168814,40.0341
19988,N,2478356164914,2478412122414,55.9575
19990,D,2478452052514,2478564152414,112.0999
19991,F,2478556399514,2478627943214,71.5437
19994,H,2478660284214,2478756230014,95.9458
19996,B,2478757154914,2478868176514,111.0216
19997,U,2478860229614,2478964134314,103.9047
19999,R,2478956173214,2479076205214,120.032
20001,G,2479060185014,2479164116814,103.9318
20003,E,2479156193514,2479260304414,104.1109
20006,N,2479261430214,2479316174814,54.7446
20008,L,2479356203114,2479412202314,55.9992
20010,A,2479452209514,2479500161014,47.9515
20012,N,2479556252414,2479596110514,39.8581
20014,D,2479660163914,2479772258414,112.0945
20015,F,2479756198714,2479828077114,71.8784
20018,H,2479852214414,2479964204214,111.9898
20019,B,2479956169214,2480076160514,119.9913
20021,U,2480052199314,2480164140914,111.9416
20023,R,2480156185414,2480268202614,112.0172
20025,G,2480252192814,2480364192414,111.9996
20027,E,2480356073914,2480460232914,104.159
20029,N,2480452194614,2480508015014,55.8204
20032,L,2480556181114,2480612072614,55.8915
20034,A,2480652201214,2480700211614,48.0104
20036,N,2480756218514,2480804171614,47.9531
20038,D,2480860218514,2480964194314,103.9758
20039,F,2480956209814,2481036179214,79.9694
20042,H,2481060172914,2481147938314,87.7654
20044,B,2481155995414,2481276139314,120.1439
20045,U,2481260133014,2481364129914,103.9969
20047,R,2481356180814,2481476228214,120.0474
20049,G,2481460193414,2481564000614,103.8072
20051,E,2481556204114,2481660343514,104.1394
20054,N,2481661211314,2481716202914,54.9916
20056,L,2481756198014,2481812329914,56.1319
20058,A,2481852210114,2481900205614,47.9955
20060,N,2481956233714,2482012298814,56.0651
20062,D,2482060221714,2482172147314,111.9256
20063,F,2482156136614,2482236207514,80.0709
20066,H,2482252206814,2482356188514,103.9817
20068,B,2482356872114,2482476188314,119.3162
20069,U,2482452231814,2482556216214,103.9844
20072,R,2482556800214,2482676227614,119.4274
20073,G,2482652206614,2482764073214,111.8666
20075,E,2482756203514,2482852224914,96.0214
20078,N,2482852964614,2482908189514,55.2249
20080,L,2482956256514,2483012205014,55.9485
20082,A,2483052248614,2483100294914,48.0463
20084,N,2483156279414,2483204182214,47.9028
20086,D,2483260228614,2483364101614,103.873
20087,F,2483356226614,2483428191814,71.9652
20090,H,2483460199714,2483548088314,87.8886
20092,B,2483556183014,2483676170514,119.9875
20093,U,2483660180614,2483764115914,103.9353
20095,R,2483756261714,2483876238614,119.9769
20097,G,2483860258414,2483964095814,103.8374
20099,E,2483956242914,2484052236514,95.9936
20102,N,2484060226014,2484116187014,55.961
20104,L,2484156218514,2484212266114,56.0476
20106,A,2484252223414,2484300197214,47.9738
20108,N,2484356270914,2484412177614,55.9067
20110,D,2484460203214,2484572257114,112.0539
20111,F,2484556207314,2484628238214,72.0309
20114,H,2484652256414,2484764417914,112.1615
20115,B,2484756225914,2484876205314,119.9794
20117,U,2484852225814,2484964195014,111.9692
20119,R,2484956214314,2485076230514,120.0162
20121,G,2485052194214,2485163970014,111.7758
20123,E,2485156195514,2485260214814,104.0193
20125,N,2485252243414,2485308272214,56.0288
20128,L,2485356257114,2485412214014,55.9569
20130,A,2485460189314,2485499937014,39.7477
20132,N,2485556221914,2485604219114,47.9972
20134,D,2485660231514,2485764238414,104.0069
20135,F,2485756246314,2485828298614,72.0523
20138,H,2485860247514,2485956315014,96.0675
20140,B,2485957239814,2486076247214,119.0074
20141,U,2486060217714,2486164196614,103.9789
20143,R,2486156212214,2486276257614,120.0454
20145,G,2486260209014,2486356209814,96.0008
20148,E,2486364203314,2486452202214,87.9989
20150,N,2486452834214,2486516013014,63.1788
20152,L,2486556312114,2486612260514,55.9484
20154,A,2486652243514,2486700064514,47.821
20156,N,2486756203714,2486812198314,55.9946
20158,D,2486860251114,2486972249814,111.9987
20159,F,2486956240414,2487028255614,72.0152
20162,H,2487052271714,2487164006314,111.7346
20163,B,2487156010814,2487268108914,112.0981
20165,U,2487252230914,2487364211014,111.9801
20167,R,2487356253414,2487468093714,111.8403
20169,G,2487452036414,2487564249914,112.2135
20171,E,2487556309614,2487668106514,111.7969
20173,N,2487660309614,2487708253114,47.9435
20176,L,2487756221014,2487812283914,56.0629
20178,A,2487860230014,2487900299314,40.0693
20180,N,2487956306114,2488004328414,48.0223
20182,D,2488060229114,2488164295914,104.0668
20183,F,2488156335114,2488236295014,79.9599
20186,H,2488260324114,2488356274414,95.9503
20188,B,2488364275714,2488476346014,112.0703
20189,U,2488460281114,2488556282514,96.0014
20192,R,2488557151514,2488667972614,110.8211
20193,G,2488660264614,2488756018014,95.7534
20196,E,2488756846514,2488860228914,103.3824
20197,N,2488852298814,2488916232014,63.9332
20200,L,2488956296114,2489012228914,55.9328
20202,A,2489052253614,2489100274714,48.0211
20204,N,2489156261914,2489212206814,55.9449
20206,D,2489260270614,2489364231614,103.961
20207,F,2489356288214,2489436303414,80.0152
20210,H,2489451970414,2489564188014,112.2176
20211,B,2489556278514,2489668232514,111.954
20213,U,2489652055614,2489764295714,112.2401
20215,R,2489756277614,2489868141214,111.8636
20217,G,2489860268914,2489963876214,103.6073
20219,E,2489956047614,2490060328514,104.2809
20222,N,2490061160814,2490108294214,47.1334
20224,L,2490156264014,2490212257914,55.9939
20226,A,2490260304414,2490300278014,39.9736
20228,N,2490356229514,2490404027314,47.7978
20230,D,2490460229914,2490564248014,104.0181
20231,F,2490556237714,2490620121614,63.8839
20234,H,2490660285314,2490756268114,95.9828
20236,B,2490772301214,2490876272514,103.9713
20237,U,2490852280414,2490964214114,111.9337
20239,R,2490956271014,2491076277814,120.0068
20241,G,2491052463114,2491156259814,103.7967
20244,E,2491156988414,2491260251314,103.2629
20245,N,2491252463714,2491316311714,63.848
20248,L,2491356243814,2491412256614,56.0128
20250,A,2491452473314,2491500262114,47.7888
20252,N,2491556310814,2491612247714,55.9369
20254,D,2491652098414,2491764268414,112.17
20255,F,2491756255314,2491828254914,71.9996
20258,H,2491852303814,2491956324014,104.0202
20260,B,2491957129514,2492068280914,111.1514
20261,U,2492060343914,2492164220714,103.8768
20263,R,2492156380514,2492268280314,111.8998
20265,G,2492260327514,2492364283414,103.9559
20267,E,2492356304114,2492476311014,120.0069
20269,N,2492460295814,2492516268214,55.9724
20272,L,2492556348514,2492612341214,55.9927
20274,A,2492652047414,2492700277114,48.2297
20276,N,2492756145414,2492804001814,47.8564
20278,D,2492860306614,2492972244914,111.9383
20279,F,2492956400214,2493028307914,71.9077
20282,H,2493052307414,2493156302614,103.9952
20284,B,2493157272614,2493268240114,110.9675
20285,U,2493252272414,2493364307814,112.0354
20287,R,2493356310714,2493468315114,112.0044
20289,G,2493452299514,2493564255414,111.9559
20291,E,2493556281614,2493660294014,104.0124
20293,N,2493652282214,2493716290514,64.0083
20296,L,2493756274514,2493804246714,47.9722
20298,A,2493852365814,2493900329814,47.964
20300,N,2493956269714,2494012306214,56.0365
20302,D,2494052287414,2494164006514,111.7191
20303,F,2494156278014,2494228241114,71.9631
20306,H,2494260336614,2494356315314,95.9787
20308,B,2494357019114,2494476259414,119.2403
20309,U,2494460284214,2494564376414,104.0922
20311,R,2494556250614,2494676270214,120.0196
20313,G,2494660268914,2494764025814,103.7569
20315,E,2494756340414,2494860364514,104.0241
20318,N,2494861272014,2494916248014,54.976
20320,L,2494956204714,2495012296314,56.0916
20322,A,2495052293514,2495100346014,48.0525
20324,N,2495156313514,2495212318114,56.0046
20326,D,2495260304814,2495372171614,111.8668
20327,F,2495356137814,2495436302614,80.1648
20330,H,2495452322714,2495556131614,103.8089
20332,B,2495556846414,2495676105714,119.2593
20333,U,2495652333914,2495764258914,111.925
20335,R,2495756080614,2495876275614,120.195
20337,G,2495852068214,2495964299214,112.231
20339,E,2495956083114,2496052351514,96.2684
20342,N,2496053261014,2496108111514,54.8505
20344,L,2496156129914,2496212049214,55.9193
20346,A,2496251972614,2496300278014,48.3054
20348,N,2496356039314,2496404294214,48.2549
20350,D,2496460309014,2496564338514,104.0295
20351,F,2496556327014,2496628363714,72.0367
20354,H,2496660074614,2496756295114,96.2205
20356,B,2496764341014,2496876322014,111.981
20357,U,2496860311914,2496964270814,103.9589
20359,R,2496956521014,2497076300414,119.7794
20361,G,2497060323414,2497156393514,96.0701
20364,E,2497157305114,2497268295414,110.9903
20365,N,2497260355514,2497316393214,56.0377
20368,L,2497356387414,2497412282314,55.8949
20370,A,2497452345314,2497500362914,48.0176
20372,N,2497556338514,2497612326614,55.9881
20374,D,2497660134314,2497772327814,112.1935
20375,F,2497756428814,2497828079714,71.6509
20378,H,2497852385114,2497956345014,103.9599
20380,B,2497957360914,2498076180814,118.8199
20381,U,2498052373514,2498164043114,111.6696
20383,R,2498156146114,2498268264814,112.1187
20385,G,2498252351214,2498364275814,111.9246
20387,E,2498356292614,2498468340714,112.0481
20389,N,2498460305114,2498516323714,56.0186
20392,L,2498556433114,2498612300614,55.8675
20394,A,2498660346214,2498700320414,39.9742
20396,N,2498756309214,2498812265614,55.9564
20398,D,2498860366914,2498964275014,103.9081
20399,F,2498956323614,2499028372814,72.0492
20402,H,2499060376314,2499156333514,95.9572
20404,B,2499164299714,2499276319614,112.0199
20405,U,2499260416914,2499372348614,111.9317
20407,R,2499356365414,2499476180514,119.8151
20409,G,2499460349914,2499556355714,96.0058
20412,E,2499557112514,2499660173714,103.0612
20413,N,2499652364014,2499716347514,63.9835
20416,L,2499756354914,2499812443014,56.0881
20418,A,2499852363614,2499900315214,47.9516
20420,N,2499956410814,2500020345014,63.9342
20422,D,2500060134914,2500164337014,104.2021
20423,F,2500156367714,2500228354614,71.9869
20426,H,2500252392014,2500364320814,111.9288
20427,B,2500356166414,2500468341814,112.1754
20429,U,2500452358614,2500564305914,111.9473
20431,R,2500556358014,2500668299614,111.9416
20433,G,2500660408714,2500764376714,103.968
20435,E,2500756357014,2500868133514,111.7765
20437,N,2500860265814,2500908373314,48.1075
20440,L,2500956368714,2501004361114,47.9924
20442,A,2501060136314,2501100410514,40.2742
20444,N,2501156360014,2501204315414,47.9554
20446,D,2501260103414,2501372314514,112.2111
20447,F,2501356370214,2501428399014,72.0288
20450,H,2501460116014,2501556343514,96.2275
20452,B,2501557092414,2501676519614,119.4272
20453,U,2501652351114,2501764333714,111.9826
20455,R,2501756379314,2501868407514,112.0282
20457,G,2501852377814,2501956490314,104.1125
20460,E,2501957625614,2502060175214,102.5496
20461,N,2502052373914,2502116106514,63.7326
20464,L,2502156347414,2502212298214,55.9508
20466,A,2502252381114,2502300509814,48.1287
20468,N,2502356377214,2502412335414,55.9582
20470,D,2502452457414,2502564319214,111.8618
20471,F,2502556370114,2502636360614,79.9905
20474,H,2502660235214,2502756354614,96.1194
20476,B,2502757360314,2502876508514,119.1482
20477,U,2502860547614,2502964093414,103.5458
20479,R,2502956358414,2503076351114,119.9927
20481,G,2503060524114,2503164342914,103.8188
20483,E,2503156235414,2503260519914,104.2845
20486,N,2503261517214,2503316367014,54.8498
20488,L,2503356387914,2503404392414,48.0045
20490,A,2503452121014,2503500312914,48.1919
20492,N,2503556369214,2503612384114,56.0149
20494,D,2503660414614,2503772224114,111.8095
20495,F,2503756390214,2503828169514,71.7793
20498,H,2503852395814,2503964344814,111.949
20499,B,2503956413714,2504076447614,120.0339
20501,U,2504052456514,2504164104014,111.6475
20503,R,2504156349114,2504268410714,112.0616
20505,G,2504252427814,2504356414814,103.987
20508,E,2504357364114,2504460380514,103.0164
20509,N,2504452408714,2504524414314,72.0056
20512,L,2504556431714,2504612223614,55.7919
20514,A,2504652380914,2504700408314,48.0274
20516,N,2504756465814,2504820397314,63.9315
20518,D,2504860422114,2504964197314,103.7752
20519,F,2504956428214,2505028444214,72.016
20522,H,2505060399414,2505156418914,96.0195
20524,B,2505157257814,2505276394414,119.1366
20525,U,2505260404214,2505364209114,103.8049
20527,R,2505356375214,2505476381414,120.0062
20529,G,2505460381914,2505564223914,103.842
20531,E,2505556420814,2505660444714,104.0239
20534,N,2505661447714,2505716398714,54.951
20536,L,2505756397314,2505812582514,56.1852
20538,A,2505852388214,2505900383414,47.9952
20540,N,2505956360614,2506012456814,56.0962
20542,D,2506060412014,2506164136914,103.7249
20543,F,2506156399614,2506228394414,71.9948
20546,H,2506252390514,2506364321114,111.9306
20547,B,2506356373414,2506468439314,112.0659
20549,U,2506452418714,2506564254614,111.8359
20551,R,2506556419714,2506668433114,112.0134
20553,G,2506652454214,2506764337314,111.8831
20555,E,2506756371514,2506868411414,112.0399
20557,N,2506860430414,2506924376814,63.9464
20560,L,2506956408614,2507020437614,64.029
20562,A,2507060451914,2507100442814,39.9909
20564,N,2507156440714,2507220446514,64.0058
20566,D,2507260433214,2507364345614,103.9124
20567,F,2507356148614,2507428427714,72.2791
20570,H,2507460413614,2507556451614,96.038
20572,B,2507557370414,2507676467714,119.0973
20573,U,2507660417214,2507772470214,112.053
20575,R,2507756425814,2507876407514,119.9817
20577,G,2507860407114,2507972442814,112.0357
20579,E,2507956423714,2508060396414,103.9727
20581,N,2508052397014,2508116409914,64.0129
20584,L,2508156423014,2508212419714,55.9967
20586,A,2508252403914,2508300365614,47.9617
20588,N,2508356445014,2508412407314,55.9623
20590,D,2508460450314,2508572459814,112.0095
20591,F,2508556407314,2508628440714,72.0334
20594,H,2508652468114,2508756435014,103.9669
20596,B,2508757325714,2508876449414,119.1237
20597,U,2508852225414,2508964572814,112.3474
20599,R,2508956499114,2509076363314,119.8642
20601,G,2509060427014,2509164417714,103.9907
20603,E,2509156508614,2509268498814,111.9902
20605,N,2509260509814,2509316458314,55.9485
20608,L,2509356457014,2509412173614,55.7166
20610,A,2509460388114,2509500397614,40.0095
20612,N,2509556461014,2509620443814,63.9828
20614,D,2509660591614,2509764432614,103.841
20615,F,2509756435114,2509820432814,63.9977
20618,H,2509860463414,2509956447214,95.9838
20620,B,2509957176114,2510076440514,119.2644
20621,U,2510052443814,2510164512614,112.0688
20623,R,2510156367714,2510276483714,120.116
20625,G,2510252428514,2510364498914,112.0704
20627,E,2510356437914,2510452453614,96.0157
20630,N,2510453188214,2510516192514,63.0043
20632,L,2510556437814,2510612419414,55.9816
20634,A,2510652427514,2510700182114,47.7546
20636,N,2510756460614,2510812284214,55.8236
20638,D,2510852398314,2510964198514,111.8002
20639,F,2510956418314,2511028430714,72.0124
20642,H,2511060402114,2511156133414,95.7313
20644,B,2511156708814,2511284235414,127.5266
20645,U,2511260425414,2511356478114,96.0527
20648,R,2511357216514,2511476482114,119.2656
20649,G,2511460451114,2511564459514,104.0084
20651,E,2511556479214,2511668325814,111.8466
20653,N,2511660455714,2511724454114,63.9984
20656,L,2511756489514,2511812430014,55.9405
20658,A,2511852502814,2511900407114,47.9043
20660,N,2511956449614,2512020449814,64.0002
20662,D,2512060439314,2512172413214,111.9739
20663,F,2512156431014,2512228276714,71.8457
20666,H,2512252272414,2512364415414,112.143
20667,B,2512356421314,2512476439314,120.018
20669,U,2512452488914,2512564480814,111.9919
20671,R,2512556443614,2512668321714,111.8781
20673,G,2512652482714,2512764469714,111.987
20675,E,2512756459214,2512852441614,95.9824
20678,N,2512853008414,2512916453514,63.4451
20680,L,2512956406214,2513012477014,56.0708
20682,A,2513052520514,2513100460814,47.9403
20684,N,2513156471714,2513220483214,64.0115
20686,D,2513260499914,2513364403714,103.9038
20687,F,2513356498914,2513428451914,71.953
20690,H,2513460468814,2513564587514,104.1187
20691,B,2513556444414,2513676439114,119.9947
20693,U,2513660485114,2513764462414,103.9773
20695,R,2513756518014,2513876468414,119.9504
20697,G,2513860464914,2513964186014,103.7211
20699,E,2513956280914,2514068458114,112.1772
20701,N,2514060153914,2514116457214,56.3033
20704,L,2514156450714,2514212484814,56.0341
20706,A,2514252290714,2514300502414,48.2117
20708,N,2514356519614,2514420454414,63.9348
20710,D,2514460485014,2514572447914,111.9629
20711,F,2514556520214,2514636254514,79.7343
20714,H,2514652263714,2514764447614,112.1839
20715,B,2514756469514,2514876441814,119.9723
20717,U,2514852246514,2514964491214,112.2447
20719,R,2514956509514,2515076497714,119.9882
20721,G,2515052554214,2515164472214,111.918
20723,E,2515156491614,2515252541814,96.0502
20726,N,2515260524214,2515324525214,64.001
20728,L,2515356489414,2515412501614,56.0122
20730,A,2515460492414,2515500512714,40.0203
20732,N,2515556225014,2515620254514,64.0295
20734,D,2515660501114,2515764507714,104.0066
20735,F,2515756517614,2515836415914,79.8983
20738,H,2515860511014,2515964563114,104.0521
20739,B,2515956495314,2516076456314,119.961
20741,U,2516060445114,2516172269914,111.8248
20743,R,2516156527114,2516276440214,119.9131
20745,G,2516260464914,2516364465314,104.0004
20747,E,2516356487014,2516460447814,103.9608
20749,N,2516452504514,2516516318014,63.8135
20752,L,2516556463914,2516612462014,55.9981
20754,A,2516652474814,2516708531014,56.0562
20756,N,2516756452214,2516812464714,56.0125
20758,D,2516860286614,2516964487814,104.2012
20759,F,2516956512914,2517028288814,71.7759
20762,H,2517052562114,2517156505914,103.9438
20764,B,2517157358614,2517284509614,127.151
20765,U,2517260542614,2517364520214,103.9776
20767,R,2517356301114,2517468524214,112.2231
20769,G,2517460519114,2517564498914,103.9798
20771,E,2517556517014,2517660543514,104.0265
20774,N,2517661545814,2517716271914,54.7261
20776,L,2517756582914,2517820551914,63.969
20778,A,2517860462614,2517900512714,40.0501
20780,N,2517956505014,2518012198914,55.6939
20782,D,2518060376814,2518172263114,111.8863
20783,F,2518156444914,2518228496214,72.0513
20786,H,2518260466414,2518356517014,96.0506
20788,B,2518364490514,2518476535014,112.0445
20789,U,2518452526714,2518564539014,112.0123
20791,R,2518556540314,2518668460414,111.9201
20793,G,2518652493314,2518764616514,112.1232
20795,E,2518756533414,2518860507314,103.9739
20797,N,2518852359814,2518924498414,72.1386
20800,L,2518956510414,2519012517614,56.0072
20802,A,2519052279514,2519100515914,48.2364
20804,N,2519156518314,2519220505914,63.9876
20806,D,2519260559414,2519364551314,103.9919
20807,F,2519356320014,2519428512214,72.1922
20810,H,2519460534414,2519564244114,103.7097
20811,B,2519556321114,2519676225214,119.9041
20813,U,2519660505314,2519764513214,104.0079
20815,R,2519756239514,2519876499314,120.2598
20817,G,2519860522614,2519964501014,103.9784
20819,E,2519956398414,2520060611514,104.2131
20822,N,2520061415614,2520116499114,55.0835
20824,L,2520156195614,2520212563514,56.3679
20826,A,2520252507314,2520300519614,48.0123
20828,N,2520356303914,2520412562114,56.2582
20830,D,2520460512214,2520572681114,112.1689
20831,F,2520556263714,2520628537914,72.2742
20834,H,2520652548614,2520756386514,103.8379
20836,B,2520757436314,2520876484514,119.0482
20837,U,2520852540014,2520964534114,111.9941
20839,R,2520956490814,2521068528014,112.0372
20841,G,2521052523314,2521164329514,111.8062
20843,E,2521156629614,2521268507914,111.8783
20845,N,2521260486914,2521316510514,56.0236
20848,L,2521356589114,2521420518714,63.9296
20850,A,2521460513414,2521500524914,40.0115
20852,N,2521556424014,2521612564714,56.1407
20854,D,2521660517214,2521764527514,104.0103
20855,F,2521756680714,2521836569214,79.8885
20858,H,2521860565914,2521956525314,95.9594
20860,B,2521964537414,2522076573914,112.0365
20861,U,2522060519114,2522172542914,112.0238
20863,R,2522156554014,2522276533614,119.9796
20865,G,2522260557414,2522364313714,103.7563
20867,E,2522356529814,2522452584614,96.0548
20870,N,2522453507714,2522516551714,63.044
20872,L,2522556563014,2522612529314,55.9663
20874,A,2522652539314,2522700552614,48.0133
20876,N,2522756529514,2522812550914,56.0214
20878,D,2522860554214,2522964566414,104.0122
20879,F,2522956559014,2523028572014,72.013
20882,H,2523052547514,2523156550014,104.0025
20884,B,2523157480714,2523268580014,111.0993
20885,U,2523260467814,2523364549814,104.082
20887,R,2523356526514,2523468589814,112.0633
20889,G,2523460539714,2523564521314,103.9816
20891,E,2523556557214,2523668547014,111.9898
20893,N,2523660325914,2523716538914,56.213
20896,L,2523756550614,2523820540414,63.9898
20898,A,2523860521214,2523900559714,40.0385
20900,N,2523956327314,2524004522014,48.1947
20902,D,2524060532014,2524172543614,112.0116
20903,F,2524156274114,2524228319414,72.0453
20906,H,2524260539314,2524356565914,96.0266
20908,B,2524357550314,2524476332014,118.7817
20909,U,2524452531814,2524564519014,111.9872
20911,R,2524556555714,2524676422414,119.8667
20913,G,2524652570614,2524764337114,111.7665
20915,E,2524756557514,2524852604514,96.047
20918,N,2524853582914,2524916557614,62.9747
20920,L,2524956628414,2525012543914,55.9155
20922,A,2525052558714,2525092400614,39.8419
20924,N,2525156284914,2525212362814,56.0779
20926,D,2525252563514,2525364562814,111.9993
20927,F,2525356562514,2525428586614,72.0241
20930,H,2525460331614,2525564607614,104.276
20931,B,2525556488114,2525676521914,120.0338
20933,U,2525660312214,2525764559314,104.2471
20935,R,2525756386014,2525876745014,120.359
20937,G,2525860334714,2525964551214,104.2165
20939,E,2525956575514,2526060453914,103.8784
20942,N,2526061204814,2526116333714,55.1289
20944,L,2526156299114,2526212516114,56.217
20946,A,2526252375414,2526300530414,48.155
20948,N,2526356599114,2526396531114,39.932
20950,D,2526460352314,2526572571814,112.2195
20951,F,2526556563514,2526628336714,71.7732
20954,H,2526652518214,2526764557514,112.0393
20955,B,2526756599714,2526876619214,120.0195
20957,U,2526852583314,2526964564114,111.9808
20959,R,2526956564114,2527076586514,120.0224
20961,G,2527052601614,2527164291014,111.6894
20963,E,2527156423314,2527252547914,96.1246
20966,N,2527260770014,2527308381414,47.6114
20968,L,2527356559514,2527412553614,55.9941
20970,A,2527452635414,2527492625414,39.99
20972,N,2527556613414,2527612616414,56.003
20974,D,2527660670414,2527764556814,103.8864
20975,F,2527756572714,2527828365314,71.7926
20978,H,2527860594514,2527964277614,103.6831
20979,B,2527956574814,2528076591514,120.0167
20981,U,2528060593714,2528164548014,103.9543
20983,R,2528156649014,2528276613614,119.9646
20985,G,2528260573914,2528364614014,104.0401
20987,E,2528356650514,2528452655314,96.0048
20990,N,2528460619414,2528516552314,55.9329
20992,L,2528556563714,2528620597214,64.0335
20994,A,2528652562014,2528700562314,48.0003
20996,N,2528756401014,2528796562314,40.1613
20998,D,2528860621114,2528972581314,111.9602
20999,F,2528956618714,2529028655814,72.0371
21002,H,2529052601914,2529164415314,111.8134
21003,B,2529156597214,2529276602314,120.0051
21005,U,2529252309714,2529364369714,112.06
21007,R,2529356647214,2529476610914,119.9637
21009,G,2529452634314,2529564443014,111.8087
21011,E,2529556586214,2529660566714,103.9805
21013,N,2529652597114,2529708574214,55.9771
21016,L,2529756582614,2529812697414,56.1148
21018,A,2529852629914,2529900574414,47.9445
21020,N,2529956564814,2530012745614,56.1808
21022,D,2530060601014,2530164454814,103.8538
21023,F,2530156584514,2530228599514,72.015
21026,H,2530260607114,2530356635214,96.0281
21028,B,2530357633114,2530476619414,118.9863
21029,U,2530460648714,2530564553714,103.905
21031,R,2530556633214,2530676612614,119.9794
21033,G,2530660591414,2530756642014,96.0506
21036,E,2530757206814,2530860577114,103.3703
21038,N,2530861197614,2530916575314,55.3777
21040,L,2530956619614,2531020619114,63.9995
21042,A,2531052603114,2531100679514,48.0764
21044,N,2531156596114,2531196820914,40.2248
21046,D,2531260570114,2531372600514,112.0304
21047,F,2531356378014,2531428624714,72.2467
21050,H,2531452588514,2531564668514,112.08
21051,B,2531556589314,2531676803114,120.2138
21053,U,2531652611214,2531764420614,111.8094
21055,R,2531756632314,2531868638214,112.0059
21057,G,2531852386314,2531964540014,112.1537
21059,E,2531956623214,2532060665114,104.0419
21061,N,2532052671614,2532108627314,55.9557
21064,L,2532156723714,2532212596014,55.8723
21066,A,2532260641314,2532300445014,39.8037
21068,N,2532356648914,2532404642114,47.9932
21070,D,2532460642014,2532564567614,103.9256
21071,F,2532556604814,2532628648014,72.0432
21074,H,2532660410314,2532756653514,96.2432
21076,B,2532757455114,2532876677214,119.2221
21077,U,2532860645414,2532964717014,104.0716
21079,R,2532956733014,2533076667514,119.9345
21081,G,2533060657514,2533156681714,96.0242
21084,E,2533157550914,2533260649414,103.0985
21086,N,2533261588914,2533316355314,54.7664
21088,L,2533356696214,2533412672314,55.9761
21090,A,2533452359714,2533500666214,48.3065
21092,N,2533556658914,2533604669514,48.0106
21094,D,2533660644714,2533772654814,112.0101
21095,F,2533756665614,2533828634114,71.9685
21098,H,2533852688414,2533956640214,103.9518
21100,B,2533957480914,2534076605014,119.1241
21101,U,2534052395714,2534164594214,112.1985
21103,R,2534156667614,2534268623414,111.9558
21105,G,2534252636414,2534364650714,112.0143
21107,E,2534356686014,2534460722414,104.0364
21110,N,2534461456814,2534508652514,47.1957
21112,L,2534556708514,2534620657314,63.9488
21114,A,2534660653514,2534700512814,39.8593
21116,N,2534756638914,2534812786414,56.1475
21118,D,2534860632814,2534964643314,104.0105
21119,F,2534956655314,2535036661314,80.006
21122,H,2535060640914,2535156646214,96.0053
21124,B,2535157626514,2535276664314,119.0378
21125,U,2535260378414,2535372622414,112.244
21127,R,2535356687014,2535476661014,119.974
21129,G,2535460677214,2535556619514,95.9423
21132,E,2535557364314,2535660614114,103.2498
21133,N,2535652649514,2535716792614,64.1431
21136,L,2535756419114,2535812698614,56.2795
21138,A,2535852640114,2535900457314,47.8172
21140,N,2535956659414,2535996697114,40.0377
21142,D,2536060652914,2536172658314,112.0054
21143,F,2536156672914,2536228646414,71.9735
21146,H,2536252609714,2536348687714,96.078
21148,B,2536356653914,2536468378514,111.7246
21149,U,2536460712814,2536564414714,103.7019
21151,R,2536556710614,2536676627814,119.9172
21153,G,2536660663614,2536756703514,96.0399
21156,E,2536757378614,2536868503514,111.1249
21157,N,2536860678214,2536916684614,56.0064
21160,L,2536956627814,2537020678614,64.0508
21162,A,2537060687014,2537100760514,40.0735
21164,N,2537156651014,2537204638914,47.9879
21166,D,2537260720814,2537372685414,111.9646
21167,F,2537356659514,2537428672814,72.0133
21170,H,2537460681014,2537556692014,96.011
21172,B,2537557513714,2537676663214,119.1495
21173,U,2537652588914,2537764623814,112.0349
21175,R,2537756713414,2537876666614,119.9532
21177,G,2537852429214,2537964669514,112.2403
21179,E,2537956662114,2538060639014,103.9769
21181,N,2538052429714,2538116660614,64.2309
21184,L,2538156648114,2538212701014,56.0529
21186,A,2538252451914,2538300647714,48.1958
21188,N,2538356455414,2538404482214,48.0268
21190,D,2538452458314,2538564688614,112.2303
21191,F,2538556697414,2538628690314,71.9929
21194,H,2538660716814,2538756722214,96.0054
21196,B,2538757594714,2538876703214,119.1085
21197,U,2538860691914,2538964710014,104.0181
21199,R,2538956705314,2539068679314,111.974
21201,G,2539060704914,2539164342914,103.638
21203,E,2539156659614,2539260697114,104.0375
21206,N,2539261425314,2539316689114,55.2638
21208,L,2539356666014,2539412680714,56.0147
21210,A,2539460657614,2539500683714,40.0261
21212,N,2539556711414,2539612818814,56.1074
21214,D,2539660413314,2539772720014,112.3067
21215,F,2539756638214,2539836897214,80.259
21218,H,2539860705014,2539956570714,95.8657
21220,B,2539957501714,2540076693314,119.1916
21221,U,2540052799414,2540164689614,111.8902
21223,R,2540156720114,2540276655314,119.9352
21225,G,2540252828414,2540356737414,103.909
21228,E,2540357595714,2540452500914,94.9052
21230,N,2540453390214,2540516685314,63.2951
21232,L,2540556723614,2540612684614,55.961
21234,A,2540652704914,2540700680614,47.9757
21236,N,2540756675314,2540804552414,47.8771
21238,D,2540852684414,2540964611414,111.927
21239,F,2540956691414,2541028662214,71.9708
21242,H,2541060681614,2541156350714,95.6691
21244,B,2541157235114,2541268635314,111.4002
21245,U,2541260657114,2541364398514,103.7414
21247,R,2541356636914,2541476706114,120.0692
21249,G,2541460702914,2541564706014,104.0031
21251,E,2541556756614,2541668724914,111.9683
21253,N,2541660706314,2541716667314,55.961
21256,L,2541756697314,2541812697914,56.0006
21258,A,2541852720514,2541900520014,47.7995
21260,N,2541956684214,2542012818914,56.1347
21262,D,2542060726414,2542172391214,111.6648
21263,F,2542156661814,2542236748414,80.0866
21266,H,2542252681314,2542364719514,112.0382
21267,B,2542356707314,2542476741714,120.0344
21269,U,2542452724414,2542564716214,111.9918
21271,R,2542556725914,2542676713614,119.9877
21273,G,2542652719414,2542764751014,112.0316
21276,E,2542765742014,2542852703614,86.9616
21278,N,2542860726714,2542916682114,55.9554
21280,L,2542956730214,2543012720314,55.9901
21282,A,2543052474814,2543100736014,48.2612
21284,N,2543156687414,2543204840814,48.1534
21286,D,2543260711214,2543364617214,103.906
21287,F,2543356759614,2543428697914,71.9383
21290,H,2543460742914,2543556696414,95.9535
21292,B,2543557384614,2543676687714,119.3031
21293,U,2543660701914,2543756530014,95.8281
21296,R,2543757305814,2543876709114,119.4033
21297,G,2543860624814,2543964704714,104.0799
21299,E,2543956428614,2544068413214,111.9846
21301,N,2544060719614,2544116711914,55.9923
21304,L,2544156483214,2544212712714,56.2295
21306,A,2544252704614,2544300705514,48.0009
21308,N,2544356492814,2544412724614,56.2318
21310,D,2544460716414,2544572747814,112.0314
21311,F,2544556485914,2544628724414,72.2385
21314,H,2544652598514,2544756485214,103.8867
21316,B,2544757409414,2544876737714,119.3283
21317,U,2544852710514,2544964711614,112.0011
21319,R,2544956559414,2545068709414,112.15
21321,G,2545052715814,2545164743414,112.0276
21324,E,2545165498814,2545260651214,95.1524
21325,N,2545252699414,2545316724014,64.0246
21328,L,2545356843414,2545412710514,55.8671
21330,A,2545460788014,2545500710014,39.922
21332,N,2545556587214,2545612724414,56.1372
21334,D,2545660789814,2545764744914,103.9551
21335,F,2545756798314,2545828742914,71.9446
21338,H,2545860753814,2545956863214,96.1094
21340,B,2545957791914,2546076719714,118.9278
21341,U,2546060772914,2546156775514,96.0026
21344,R,2546157369814,2546276675014,119.3052
21345,G,2546260724314,2546364708614,103.9843
21347,E,2546356718614,2546468710114,111.9915
21349,N,2546460627514,2546516733314,56.1058
21352,L,2546556789114,2546612508014,55.7189
21354,A,2546652770314,2546700760914,47.9906
21356,N,2546756722014,2546804713914,47.9919
21358,D,2546860735814,2546964731714,103.9959
21359,F,2546956735214,2547036798614,80.0634
21362,H,2547052746914,2547148770614,96.0237
21364,B,2547156747914,2547276687214,119.9393
21365,U,2547252735114,2547364772714,112.0376
21367,R,2547356771114,2547468783714,112.0126
21369,G,2547452753414,2547564493814,111.7404
21371,E,2547556763714,2547660755214,103.9915
21373,N,2547652804414,2547716731514,63.9271
21376,L,2547756779114,2547804485414,47.7063
21378,A,2547860704414,2547900755814,40.0514
21380,N,2547956783814,2548012734614,55.9508
21382,D,2548060780314,2548164820414,104.0401
21383,F,2548156761814,2548236808514,80.0467
21386,H,2548260732414,2548356742714,96.0103
21388,B,2548357353214,2548476489214,119.136
21389,U,2548460565314,2548564751314,104.186
21391,R,2548556772514,2548676494714,119.7222
21393,G,2548660762114,2548764829914,104.0678
21395,E,2548756766314,2548868723814,111.9575
21397,N,2548860742314,2548916744514,56.0022
21400,L,2548956726914,2549012747714,56.0208
21402,A,2549052734214,2549100720514,47.9863
21404,N,2549156739114,2549204755114,48.016
21406,D,2549260554614,2549372782014,112.2274
21407,F,2549356794714,2549436781914,79.9872
21410,H,2549452756014,2549556792814,104.0368
21412,B,2549557813014,2549676635814,118.8228
21413,U,2549652789914,2549764751014,111.9611
21415,R,2549756830314,2549868767514,111.9372
21417,G,2549852775014,2549964773914,111.9989
21419,E,2549956769214,2550060568614,103.7994
21422,N,2550061394214,2550116776714,55.3825
21424,L,2550156762614,2550212731614,55.969
21426,A,2550260630414,2550300757314,40.1269
21428,N,2550356795514,2550420452214,63.6567
21430,D,2550460583014,2550556781914,96.1989
21432,F,2550557805214,2550636544714,78.7395
21434,H,2550660511914,2550756833614,96.3217
21436,B,2550757637614,2550876869414,119.2318
21437,U,2550860782914,2550972760914,111.978
21439,R,2550956799414,2551076737814,119.9384
21441,G,2551060887514,2551172764014,111.8765
21443,E,2551156769114,2551260591614,103.8225
21445,N,2551252780514,2551316752514,63.972
21448,L,2551356824014,2551404842814,48.0188
21450,A,2551452756414,2551500736214,47.9798
21452,N,2551556579014,2551604780414,48.2014
21454,D,2551660928514,2551772804214,111.8757
21455,F,2551756796414,2551828510014,71.7136
21458,H,2551852805214,2551956821114,104.0159
21460,B,2551957743214,2552076783814,119.0406
21461,U,2552052832014,2552164565014,111.733
21463,R,2552156807414,2552268832514,112.0251
21465,G,2552260799614,2552356792314,95.9927
21468,E,2552357727214,2552468786514,111.0593
21469,N,2552460782114,2552516795414,56.0133
21472,L,2552556781714,2552612575014,55.7933
21474,A,2552660823614,2552700771514,39.9479
21476,N,2552756843714,2552820848814,64.0051
21478,D,2552860815214,2552964786514,103.9713
21479,F,2552956801414,2553028804314,72.0029
21482,H,2553060759714,2553156817314,96.0576
21484,B,2553157728614,2553276760814,119.0322
21485,U,2553260811614,2553364563514,103.7519
21487,R,2553356773114,2553468953714,112.1806
21489,G,2553460804014,2553556822514,96.0185
21492,E,2553564554814,2553652860114,88.3053
21494,N,2553653839314,2553716775214,62.9359
21496,L,2553756880814,2553812702814,55.822
21498,A,2553852804814,2553900588314,47.7835
21500,N,2553956861814,2554012853714,55.9919
21502,D,2554060787514,2554172828714,112.0412
21503,F,2554156838414,2554228824714,71.9863
21506,H,2554252812314,2554356821514,104.0092
21508,B,2554357617414,2554476835514,119.2181
21509,U,2554460783814,2554564436014,103.6522
21511,R,2554556839214,2554668646614,111.8074
21513,G,2554660799814,2554756832714,96.0329
21516,E,2554757434214,2554868819614,111.3854
21517,N,2554860806314,2554916794214,55.9879
21520,L,2554956833114,2555012818414,55.9853
21522,A,2555060821814,2555100836914,40.0151
21524,N,2555156794614,2555212784614,55.99
21526,D,2555260793614,2555372808114,112.0145
21527,F,2555356830214,2555436836614,80.0064
21530,H,2555460493314,2555556816714,96.3234
21532,B,2555564639014,2555676824414,112.1854
21533,U,2555652845114,2555764536414,111.6913
21535,R,2555756804914,2555876830314,120.0254
21537,G,2555852794214,2555956820614,104.0264
21540,E,2555957820014,2556060863914,103.0439
21541,N,2556052810314,2556116587814,63.7775
21544,L,2556156529414,2556204746214,48.2168
21546,A,2556252875114,2556300806114,47.931
21548,N,2556356842814,2556412797614,55.9548
21550,D,2556452788714,2556564672914,111.8842
21551,F,2556556795414,2556628780914,71.9855
21554,H,2556660822514,2556756849514,96.027
21556,B,2556757606414,2556868835414,111.229
21557,U,2556860899114,2556965002814,104.1037
21559,R,2556956815914,2557076947314,120.1314
21561,G,2557060856214,2557164865714,104.0095
21563,E,2557156583814,2557252873414,96.2896
21566,N,2557260805214,2557316812414,56.0072
21568,L,2557356805914,2557412811214,56.0053
21570,A,2557460841314,2557500620614,39.7793
21572,N,2557556850514,2557612814014,55.9635
21574,D,2557660901014,2557772821214,111.9202
21575,F,2557756833014,2557836862914,80.0299
21578,H,2557860859114,2557956856514,95.9974
21580,B,2557957886914,2558076901114,119.0142
21581,U,2558052846214,2558164832014,111.9858
21583,R,2558156849914,2558276735814,119.8859
21585,G,2558252835214,2558364848214,112.013
21587,E,2558356883614,2558460851914,103.9683
21589,N,2558452853914,2558516579514,63.7256
21592,L,2558556863614,2558612845914,55.9823
21594,A,2558652804914,2558700574314,47.7694
21596,N,2558756575814,2558804558114,47.9823
21598,D,2558852627414,2558964834614,112.2072
21599,F,2558956888114,2559028842414,71.9543
21602,H,2559060836314,2559148664914,87.8286
21604,B,2559156861914,2559276830014,119.9681
21605,U,2559260854614,2559364823614,103.969
21607,R,2559356933514,2559476827014,119.8935
21609,G,2559460869414,2559556844214,95.9748
21612,E,2559557884314,2559668527214,110.6429
21613,N,2559660854514,2559716901914,56.0474
21616,L,2559756807914,2559812820814,56.0129
21618,A,2559860845714,2559900683214,39.8375
21620,N,2559956848614,2560012860814,56.0122
21622,D,2560060828614,2560164866314,104.0377
21623,F,2560156840114,2560236813814,79.9737
21626,H,2560252716014,2560356890214,104.1742
21628,B,2560357620514,2560476862414,119.2419
21629,U,2560452867114,2560556889114,104.022
21632,R,2560557869714,2560676848814,118.9791
21633,G,2560652845714,2560764889014,112.0433
21636,E,2560765918014,2560860785914,94.8679
21637,N,2560852843114,2560916884114,64.041
21640,L,2560956864514,2561012814514,55.95
21642,A,2561052888614,2561100943414,48.0548
21644,N,2561156880514,2561212858214,55.9777
21646,D,2561260899814,2561364823014,103.9232
21647,F,2561356951014,2561436846314,79.8953
21650,H,2561460908514,2561548853714,87.9452
21652,B,2561556863014,2561676858614,119.9956
21653,U,2561660928414,2561764652414,103.724
21655,R,2561756866614,2561876842914,119.9763
21657,G,2561860866414,2561964824614,103.9582
21659,E,2561956839614,2562060908214,104.0686
21662,N,2562061821314,2562116842214,55.0209
21664,L,2562156842414,2562212685814,55.8434
21666,A,2562252583114,2562300881414,48.2983
21668,N,2562356876614,2562412922114,56.0455
21670,D,2562460927214,2562564857814,103.9306
21671,F,2562556893214,2562628905914,72.0127
21674,H,2562652623714,2562764564314,111.9406
21675,B,2562756933114,2562877060714,120.1276
21677,U,2562852733114,2562964899814,112.1667
21679,R,2562956882714,2563076880814,119.9981
21681,G,2563052754014,2563172946714,120.1927
21683,E,2563164874814,2563260586714,95.7119
21685,N,2563252673414,2563316817614,64.1442
21688,L,2563356979114,2563412862414,55.8833
21690,A,2563460835014,2563500894214,40.0592
21692,N,2563556894014,2563620864214,63.9702
21694,D,2563660777014,2563764907214,104.1302
21695,F,2563756870014,2563829267814,72.3978
21698,H,2563860676314,2563964900214,104.2239
21699,B,2563956773014,2564076589314,119.8163
21701,U,2564060872014,2564164873714,104.0017
21703,R,2564156935714,2564276913714,119.978
21705,G,2564260894314,2564364692114,103.7978
21707,E,2564356913014,2564460970514,104.0575
21710,N,2564461755414,2564516680114,54.9247
21712,L,2564556908814,2564612880514,55.9717
21714,A,2564652905214,2564700911714,48.0065
21716,N,2564756882914,2564812881214,55.9983
21718,D,2564860954914,2564964935114,103.9802
21719,F,2564956982914,2565036971114,79.9882
21722,H,2565052919414,2565156883814,103.9644
21724,B,2565157382114,2565276860114,119.478
21725,U,2565252926514,2565364881814,111.9553
21727,R,2565356759914,2565476864014,120.1041
21729,G,2565452899414,2565564870514,111.9711
21731,E,2565556873314,2565668682214,111.8089
21733,N,2565652719614,2565708874014,56.1544
21736,L,2565756945514,2565812961814,56.0163
21738,A,2565860920414,2565900919814,39.9994
21740,N,2565956924714,2566021058114,64.1334
21742,D,2566060894014,2566164692914,103.7989
21743,F,2566156859914,2566236918114,80.0582
21746,H,2566260922514,2566356947214,96.0247
21748,B,2566357875314,2566476665014,118.7897
21749,U,2566460759614,2566564947414,104.1878
21751,R,2566556926214,2566676722514,119.7963
21753,G,2566660945614,2566764890114,103.9445
21755,E,2566756854514,2566852898714,96.0442
21758,N,2566860871914,2566916886114,56.0142
21760,L,2566956656814,2567012934914,56.2781
21762,A,2567052943314,2567100918114,47.9748
21764,N,2567156908814,2567212749114,55.8403
21766,D,2567260884814,2567372918614,112.0338
21767,F,2567356874314,2567428905114,72.0308
21770,H,2567452925114,2567556897114,103.972
21772,B,2567557521914,2567676963114,119.4412
21773,U,2567652961514,2567764857314,111.8958
21775,R,2567756743614,2567876938914,120.1953
21777,G,2567852939014,2567964939514,112.0005
21779,E,2567956661214,2568068886714,112.2255
21781,N,2568060965914,2568116900914,55.935
21784,L,2568156885314,2568212941814,56.0565
21786,A,2568260907014,2568300910114,40.0031
21788,N,2568356729714,2568420676914,63.9472
21790,D,2568460930614,2568564921814,103.9912
21791,F,2568556800914,2568636969514,80.1686
21794,H,2568660938414,2568756784214,95.8458
21796,B,2568757784714,2568876952114,119.1674
21797,U,2568861000214,2568973008914,112.0087
21799,R,2568956823714,2569076927514,120.1038
21801,G,2569060925314,2569156834014,95.9087
21804,E,2569157744114,2569260908714,103.1646
21806,N,2569261717914,2569316927814,55.2099
21808,L,2569356873714,2569412920114,56.0464
21810,A,2569452892814,2569500987314,48.0945
21812,N,2569556769214,2569604910714,48.1415
21814,D,2569660932614,2569764686914,103.7543
21815,F,2569757109214,2569828915714,71.8065
21818,H,2569852968614,2569957126614,104.158
21820,B,2569957866414,2570076931814,119.0654
21821,U,2570052904614,2570164938814,112.0342
21823,R,2570157068314,2570268948714,111.8804
21825,G,2570260940314,2570364575814,103.6355
21827,E,2570357093214,2570468965314,111.8721
21829,N,2570460950014,2570516714014,55.764
21832,L,2570556684914,2570612976314,56.2914
21834,A,2570660884514,2570700940014,40.0555
21836,N,2570756955614,2570820971914,64.0163
21838,D,2570860996914,2570964905514,103.9086
21839,F,2570956971814,2571036915814,79.944
21842,H,2571060979314,2571164707114,103.7278
21843,B,2571156788614,2571276874814,120.0862
21845,U,2571260965814,2571356981814,96.016
21848,R,2571358051414,2571476965514,118.9141
21849,G,2571460944414,2571556994814,96.0504
21852,E,2571558030214,2571668939614,110.9094
21853,N,2571652999014,2571716950714,63.9517
21856,L,2571756944914,2571812923114,55.9782
21858,A,2571852963514,2571900968514,48.005
21860,N,2571956951414,2572004965414,48.014
21862,D,2572060940814,2572172877114,111.9363
21863,F,2572156992614,2572229158014,72.1654
21866,H,2572252926114,2572356933014,104.0069
21868,B,2572357970914,2572476619914,118.649
21869,U,2572460931814,2572564949714,104.0179
21871,R,2572557020814,2572668925614,111.9048
21873,G,2572660939514,2572764826714,103.8872
21875,E,2572756972814,2572860921814,103.949
21878,N,2572861887814,2572916657614,54.7698
21880,L,2572957009114,2573013000014,55.9909
21882,A,2573060940714,2573100951814,40.0111
21884,N,2573156951614,2573212979114,56.0275
21886,D,2573260971714,2573365046714,104.075
21887,F,2573356961014,2573436993114,80.0321
21890,H,2573460763614,2573556936414,96.1728
21892,B,2573564970314,2573676670214,111.6999
21893,U,2573660856414,2573757013314,96.1569
21896,R,2573757813414,2573876749314,118.9359
21897,G,2573852975114,2573964974514,111.9994
21899,E,2573957000114,2574068934514,111.9344
21901,N,2574052970914,2574116754114,63.7832
21904,L,2574156989414,2574205000414,48.011
21906,A,2574252958614,2574300992914,48.0343
21908,N,2574356955214,2574404974714,48.0195
21910,D,2574452975214,2574564948814,111.9736
21911,F,2574556920414,2574636977114,80.0567
21914,H,2574660771514,2574756984614,96.2131
21916,B,2574757825914,2574869025614,111.1997
21917,U,2574860668814,2574964929814,104.261
21919,R,2574956943314,2575077065814,120.1225
21921,G,2575060813414,2575164906814,104.0934
21923,E,2575156952714,2575269003414,112.0507
21925,N,2575260931514,2575316978914,56.0474
21928,L,2575356957614,2575404973914,48.0163
21930,A,2575461132514,2575500975314,39.8428
21932,N,2575556976614,2575612713614,55.737
21934,D,2575661274514,2575772966414,111.6919
21935,F,2575756973214,2575836984714,80.0115
21938,H,2575861089914,2575956989714,95.8998
21940,B,2575965002314,2576076998414,111.9961
21941,U,2576052969314,2576164967814,111.9985
21943,R,2576157006314,2576276970614,119.9643
21945,G,2576252998814,2576357020814,104.022
21948,E,2576358061514,2576468929814,110.8683
21949,N,2576452961514,2576516732914,63.7714
21952,L,2576557002214,2576612778114,55.7759
21954,A,2576653002014,2576700978014,47.976
21956,N,2576756990214,2576812737014,55.7468
21958,D,2576861037914,2576964968714,103.9308
21959,F,2576957017214,2577028808314,71.7911
21962,H,2577060998414,2577157011914,96.0135
21964,B,2577157979114,2577268958714,110.9796
21965,U,2577261013314,2577364961114,103.9478
21967,R,2577356978214,2577477013414,120.0352
21969,G,2577461045314,2577564723314,103.678
21971,E,2577556992714,2577668970514,111.9778
21973,N,2577660987714,2577716842114,55.8544
21976,L,2577757001614,2577812720514,55.7189
21978,A,2577861022314,2577900993014,39.9707
21980,N,2577957039114,2578013047014,56.0079
21982,D,2578061018414,2578173008314,111.9899
21983,F,2578157067214,2578237060714,79.9935
21986,H,2578261064814,2578357031014,95.9662
21988,B,2578357940714,2578476977014,119.0363
21989,U,2578452969814,2578564975914,112.0061
21991,R,2578557042814,2578669011014,111.9682
21993,G,2578653019714,2578765014914,111.9952
21996,E,2578765957214,2578868935414,102.9782
21997,N,2578852801214,2578917001714,64.2005
22000,L,2578957032714,2579013054814,56.0221
22002,A,2579052984114,2579101103414,48.1193
22004,N,2579156993714,2579212974314,55.9806
22006,D,2579261071014,2579364796014,103.725
22007,F,2579357034214,2579428998814,71.9646
22010,H,2579461000014,2579557053014,96.053
22012,B,2579557752014,2579676982914,119.2309
22013,U,2579660715914,2579764733814,104.0179
22015,R,2579757005914,2579877041414,120.0355
22017,G,2579861040714,2579957109214,96.0685
22020,E,2579958088814,2580069022014,110.9332
22021,N,2580061021014,2580117050214,56.0292
22024,L,2580156985714,2580213134814,56.1491
22026,A,2580253001214,2580301009514,48.0083
22028,N,2580356990814,2580404963014,47.9722
22030,D,2580460990014,2580573015714,112.0257
22031,F,2580557010914,2580637076014,80.0651
22034,H,2580653042214,2580764890014,111.8478
22035,B,2580757038814,2580876983614,119.9448
22037,U,2580853042114,2580965093614,112.0515
22039,R,2580957034814,2581068992014,111.9572
22041,G,2581053049614,2581165143714,112.0941
22044,E,2581166188614,2581269048014,102.8594
22045,N,2581253044214,2581316988914,63.9447
22048,L,2581356987814,2581413027914,56.0401
22050,A,2581461067614,2581500805714,39.7381
22052,N,2581557038814,2581621075314,64.0365
22054,D,2581661051814,2581765024414,103.9726
22055,F,2581757010514,2581829080614,72.0701
22058,H,2581861029214,2581957112214,96.083
22060,B,2581958018414,2582077050714,119.0323
22061,U,2582061091714,2582164980714,103.889
22063,R,2582156923614,2582269031814,112.1082
22065,G,2582261039314,2582357082514,96.0432
22068,E,2582358086414,2582469029514,110.9431
22069,N,2582461024814,2582516789014,55.7642
22072,L,2582557040414,2582613026114,55.9857
22074,A,2582653029614,2582701010914,47.9813
22076,N,2582756732014,2582813089214,56.3572
22078,D,2582861046514,2582973049514,112.003
22079,F,2582957058214,2583029050114,71.9919
22082,H,2583053174914,2583157111214,103.9363
22084,B,2583158259614,2583277236214,118.9766
22085,U,2583252850414,2583365051614,112.2012
22087,R,2583357072814,2583468768414,111.6956
22089,G,2583453004914,2583564965914,111.961
22091,E,2583557062414,2583669060614,111.9982
22093,N,2583661043414,2583716986714,55.9433
22096,L,2583757060214,2583821060714,64.0005
22098,A,2583861136514,2583900804614,39.6681
22100,N,2583957037414,2584013001114,55.9637
22102,D,2584061016714,2584164988514,103.9718
22103,F,2584156993714,2584237054914,80.0612
22106,H,2584261049514,2584356886214,95.8367
22108,B,2584365091214,2584477050914,111.9597
22109,U,2584461041614,2584557059214,96.0176
22112,R,2584557934214,2584677094014,119.1598
22113,G,2584661068014,2584757104914,96.0369
22116,E,2584757991914,2584868826714,110.8348
22117,N,2584861061714,2584917093514,56.0318
22120,L,2584957138814,2585013055914,55.9171
22122,A,2585053139614,2585101147414,48.0078
22124,N,2585157048014,2585213058914,56.0109
22126,D,2585261097814,2585373102714,112.0049
22127,F,2585357095414,2585437088314,79.9929
22130,H,2585453051714,2585565095714,112.044
22131,B,2585557059514,2585668857814,111.7983
22133,U,2585661081014,2585764783214,103.7022
22135,R,2585757072214,2585877367114,120.2949
22137,G,2585861189114,2585965058914,103.8698
22139,E,2585957044414,2586061084914,104.0405
22142,N,2586061999214,2586109126714,47.1275
22144,L,2586156710614,2586204878814,48.1682
22146,A,2586261092514,2586300855314,39.7628
22148,N,2586357033214,2586405078514,48.0453
22150,D,2586461051914,2586573073014,112.0211
22151,F,2586557076914,2586628943414,71.8665
22154,H,2586661046014,2586757067014,96.021
22156,B,2586773053514,2586877015314,103.9618
22157,U,2586861049414,2586957008814,95.9594
22160,R,2586957648914,2587077123214,119.4743
22161,G,2587061083514,2587157140114,96.0566
22164,E,2587158120014,2587261001814,102.8818
22165,N,2587252876014,2587317060314,64.1843
22168,L,2587357039014,2587413059014,56.02
22170,A,2587452845114,2587501067814,48.2227
22172,N,2587557077814,2587613111114,56.0333
22174,D,2587661079014,2587773111014,112.032
22175,F,2587757135714,2587829083014,71.9473
22178,H,2587861108214,2587957107614,95.9994
22180,B,2587958008714,2588069132814,111.1241
22181,U,2588061121514,2588165113014,103.9915
22183,R,2588156954414,2588276872114,119.9177
22185,G,2588260815314,2588365063014,104.2477
22187,E,2588357112814,2588476795314,119.6825
22189,N,2588461114014,2588517034614,55.9206
22192,L,2588556829014,2588613056914,56.2279
22194,A,2588661083514,2588700918114,39.8346
22196,N,2588757053514,2588813115414,56.0619
22198,D,2588861089814,2588972827314,111.7375
22199,F,2588957122314,2589037183714,80.0614
22202,H,2589061106314,2589157094614,95.9883
22204,B,2589157763914,2589277132214,119.3683
22205,U,2589253103714,2589365144214,112.0405
22207,R,2589357107814,2589469310414,112.2026
22209,G,2589453111014,2589557133514,104.0225
22212,E,2589558157314,2589661090314,102.933
22213,N,2589653068514,2589724861914,71.7934
22216,L,2589756862214,2589813086614,56.2244
22218,A,2589853134214,2589900909014,47.7748
22220,N,2589957064614,2590013071114,56.0065
22222,D,2590060839314,2590165082214,104.2429
22223,F,2590157078914,2590229107014,72.0281
22226,H,2590261123114,2590357106514,95.9834
22228,B,2590358166714,2590477147214,118.9805
22229,U,2590461107714,2590557139214,96.0315
22232,R,2590557758114,2590677118114,119.36
22233,G,2590661133514,2590765072214,103.9387
22235,E,2590757141314,2590868858614,111.7173
22237,N,2590861149314,2590917131314,55.982
22240,L,2590956916214,2591013255014,56.3388
22242,A,2591061067514,2591101111814,40.0443
22244,N,2591157130814,2591213079614,55.9488
22246,D,2591261115714,2591372994514,111.8788
22247,F,2591357140414,2591437057114,79.9167
22250,H,2591461151014,2591557119214,95.9682
22252,B,2591565083114,2591669145514,104.0624
22253,U,2591653128614,2591764873214,111.7446
22255,R,2591757123514,2591877101814,119.9783
22257,G,2591853135714,2591965157414,112.0217
22260,E,2591965914114,2592061095114,95.181
22261,N,2592053161114,2592117104814,63.9437
22264,L,2592157186414,2592221096314,63.9099
22266,A,2592261123614,2592301143614,40.02
22268,N,2592356872914,2592404955114,48.0822
22270,D,2592461136514,2592565118514,103.982
22271,F,2592556864814,2592629129514,72.2647
22274,H,2592661105014,2592756927114,95.8221
22276,B,2592765099914,2592877078814,111.9789
22277,U,2592861122714,2592956922214,95.7995
22280,R,2592965126614,2593077091014,111.9644
22281,G,2593061144314,2593165112714,103.9684
22283,E,2593156878214,2593261112814,104.2346
22286,N,2593261990614,2593317176114,55.1855
22288,L,2593356981814,2593413203114,56.2213
22290,A,2593453164414,2593501116414,47.952
22292,N,2593556851114,2593613140214,56.2891
22294,D,2593661106314,2593765092214,103.9859
22295,F,2593757096514,2593829123014,72.0265
22298,H,2593853097014,2593965109814,112.0128
22299,B,2593957314214,2594084984614,127.6704
22301,U,2594053119514,2594165105414,111.9859
22303,R,2594157168714,2594277098914,119.9302
22305,G,2594261166414,2594365084814,103.9184
22307,E,2594357166114,2594469093114,111.927
22309,N,2594461155414,2594509117814,47.9624
22312,L,2594557157614,2594613170514,56.0129
22314,A,2594661144714,2594701165114,40.0204
22316,N,2594757126614,2594805164714,48.0381
22318,D,2594861284414,2594965087814,103.8034
22319,F,2594957138714,2595037147114,80.0084
22322,H,2595061143614,2595157182514,96.0389
22324,B,2595158146114,2595277117614,118.9715
22325,U,2595261152514,2595356904614,95.7521
22328,R,2595357622314,2595469105514,111.4832
22329,G,2595461175714,2595565141014,103.9653
22331,E,2595557185014,2595653122414,95.9374
22334,N,2595661103314,2595716893814,55.7905
22336,L,2595757179614,2595813121814,55.9422
22338,A,2595853165414,2595901167014,48.0016
22340,N,2595957019714,2596005162814,48.1431
22342,D,2596061178814,2596173200214,112.0214
22343,F,2596157143514,2596229163314,72.0198
22346,H,2596253211714,2596357167514,103.9558
22348,B,2596357957414,2596476885214,118.9278
22349,U,2596460922414,2596565118714,104.1963
22351,R,2596557107314,2596668830914,111.7236
22353,G,2596661146514,2596764878114,103.7316
22355,E,2596757157714,2596876930414,119.7727
22357,N,2596861119014,2596916915414,55.7964
22360,L,2596957135714,2597021178114,64.0424
22362,A,2597061125814,2597101172614,40.0468
22364,N,2597157150114,2597213184614,56.0345
22366,D,2597261146014,2597373121614,111.9756
22367,F,2597357147614,2597437182614,80.035
22370,H,2597460929014,2597557211514,96.2825
22372,B,2597558250514,2597676994714,118.7442
22373,U,2597661184414,2597765137514,103.9531
22375,R,2597757184414,2597876983014,119.7986
22377,G,2597860956414,2597964860314,103.9039
22379,E,2597957191014,2598060902214,103.7112
22381,N,2598053139114,2598109120914,55.9818
22384,L,2598157149214,2598213176114,56.0269
22386,A,2598253173414,2598301113814,47.9404
22388,N,2598357175214,2598405185614,48.0104
22390,D,2598460923314,2598565199014,104.2757
22391,F,2598557227314,2598629150114,71.9228
22394,H,2598661053214,2598757174114,96.1209
22396,B,2598757736614,2598877326614,119.59
22397,U,2598860949714,2598965203514,104.2538
22399,R,2598957198314,2599076884814,119.6865
22401,G,2599060912814,2599165141814,104.229
22403,E,2599157143614,2599260970814,103.8272
22406,N,2599261719414,2599317184314,55.4649
22408,L,2599357242914,2599412874014,55.6311
22410,A,2599461206014,2599501144714,39.9387
22412,N,2599557214514,2599605148014,47.9335
22414,D,2599661350314,2599773167514,111.8172
22415,F,2599757060214,2599829179214,72.119
22418,H,2599853220214,2599965162814,111.9426
22419,B,2599957213414,2600077184614,119.9712
22421,U,2600053186014,2600165127414,111.9414
22423,R,2600157226614,2600269186814,111.9602
22425,G,2600253214114,2600365272314,112.0582
22428,E,2600366157414,2600469208214,103.0508
22429,N,2600453192914,2600509243714,56.0508
22432,L,2600557212114,2600613184414,55.9723
22434,A,2600661183414,2600701283414,40.1
22436,N,2600757179714,2600812946414,55.7667
22438,D,2600861219314,2600965135814,103.9165
22439,F,2600957209914,2601037226814,80.0169
22442,H,2601061206214,2601157036414,95.8302
22444,B,2601157577014,2601277185114,119.6081
22445,U,2601261163114,2601373142814,111.9797
22447,R,2601357217614,2601477145914,119.9283
22449,G,2601461192514,2601557218314,96.0258
22452,E,2601557859514,2601661216914,103.3574
22454,N,2601662126614,2601717177114,55.0505
22456,L,2601757205914,2601812979914,55.774
22458,A,2601853226414,2601901234514,48.0081
22460,N,2601957213414,2601997096814,39.8834
22462,D,2602061190714,2602173169114,111.9784
22463,F,2602157178014,2602229183914,72.0059
22466,H,2602253173814,2602357122514,103.9487
22468,B,2602358005214,2602477120514,119.1153
22469,U,2602453222314,2602564962014,111.7397
22471,R,2602557182814,2602669271814,112.089
22473,G,2602653199814,2602757095414,103.8956
22476,E,2602757733414,2602860908614,103.1752
22478,N,2602861450214,2602909017114,47.5669
22480,L,2602956902314,2603020999614,64.0973
22482,A,2603061019814,2603101231914,40.2121
22484,N,2603157260614,2603213241714,55.9811
22486,D,2603261199814,2603364955114,103.7553
22487,F,2603357221514,2603437244614,80.0231
22490,H,2603461292914,2603557225614,95.9327
22492,B,2603558208714,2603677150914,118.9422
22493,U,2603661146614,2603773325414,112.1788
22495,R,2603757212414,2603876953814,119.7414
22497,G,2603861255014,2603965158514,103.9035
22499,E,2603956909014,2604061198014,104.289
22502,N,2604061876914,2604116958514,55.0816
22504,L,2604157183714,2604213219114,56.0354
22506,A,2604253199814,2604301087014,47.8872
22508,N,2604357246514,2604405186614,47.9401
22510,D,2604461214014,2604573236214,112.0222
22511,F,2604557219214,2604629213914,71.9947
22514,H,2604653230614,2604765009414,111.7788
22515,B,2604757236214,2604877028514,119.7923
22517,U,2604853262114,2604964877414,111.6153
22519,R,2604957207114,2605076954014,119.7469
22521,G,2605061214714,2605165045114,103.8304
22523,E,2605157087214,2605269178814,112.0916
22525,N,2605261233614,2605317213514,55.9799
22528,L,2605357260414,2605421183214,63.9228
22530,A,2605461234314,2605501216614,39.9823
22532,N,2605557237414,2605613242414,56.005
22534,D,2605661241514,2605773258114,112.0166
22535,F,2605757236714,2605837230414,79.9937
22538,H,2605861254214,2605957257814,96.0036
22540,B,2605957902914,2606077223114,119.3202
22541,U,2606061246714,2606165318914,104.0722
22543,R,2606157297114,2606277224114,119.927
22545,G,2606261249114,2606365195214,103.9461
22547,E,2606356994714,2606461262314,104.2676
22549,N,2606453204914,2606509218814,56.0139
22552,L,2606557248314,2606613212014,55.9637
22554,A,2606653227514,2606700911514,47.684
22556,N,2606756992814,2606805290014,48.2972
22558,D,2606861227414,2606973251414,112.024
22559,F,2606957211114,2607029278614,72.0675
22562,H,2607053235414,2607157341714,104.1063
22564,B,2607158382414,2607277277714,118.8953
22565,U,2607261246414,2607365271514,104.0251
22567,R,2607357235814,2607477241414,120.0056
22569,G,2607461233414,2607565251514,104.0181
22571,E,2607557281814,2607669002114,111.7203
22573,N,2607661224214,2607717016514,55.7923
22576,L,2607757257914,2607813211214,55.9533
22578,A,2607861222814,2607901000614,39.7778
22580,N,2607957290114,2608013222214,55.9321
22582,D,2608061327214,2608173292114,111.9649
22583,F,2608157233714,2608229280614,72.0469
22586,H,2608261262214,2608357243614,95.9814
22588,B,2608358092914,2608477263214,119.1703
22589,U,2608461264714,2608565238914,103.9742
22591,R,2608557291514,2608677282814,119.9913
22593,G,2608661338014,2608765313414,103.9754
22595,E,2608757307414,2608869152814,111.8454
22597,N,2608853293314,2608909246414,55.9531
22600,L,2608957255914,2609013228614,55.9727
22602,A,2609053312514,2609101264514,47.952
22604,N,2609157244314,2609205237114,47.9928
22606,D,2609261259414,2609365348014,104.0886
22607,F,2609357271214,2609429253314,71.9821
22610,H,2609461237614,2609557275114,96.0375
22612,B,2609558199614,2609677278114,119.0785
22613,U,2609661248214,2609765312314,104.0641
22615,R,2609757278714,2609877283314,120.0046
22617,G,2609861266614,2609965272714,104.0061
22619,E,2609957238714,2610061283114,104.0444
22622,N,2610062260114,2610117162014,54.9019
22624,L,2610157323114,2610213248914,55.9258
22626,A,2610261302914,2610301288114,39.9852
22628,N,2610357237414,2610413239814,56.0024
22630,D,2610461239414,2610573274614,112.0352
22631,F,2610557240614,2610637255214,80.0146
22634,H,2610661283514,2610757333814,96.0503
22636,B,2610758108214,2610877328114,119.2199
22637,U,2610853051714,2610957291014,104.2393
22640,R,2610958206214,2611069289014,111.0828
22641,G,2611053055114,2611173258314,120.2032
22643,E,2611165319414,2611261346814,96.0274
22645,N,2611253088414,2611309330214,56.2418
22648,L,2611357322414,2611413045214,55.7228
22650,A,2611460966014,2611501158714,40.1927
22652,N,2611557027014,2611605034514,48.0075
22654,D,2611661280314,2611765253914,103.9736
22655,F,2611757263814,2611829259614,71.9958
22658,H,2611861325214,2611965281014,103.9558
22659,B,2611957259114,2612077306714,120.0476
22661,U,2612061281614,2612165253714,103.9721
22663,R,2612157262414,2612277317714,120.0553
22665,G,2612261278114,2612373294714,112.0166
22667,E,2612357314814,2612461317014,104.0022
22670,N,2612462092914,2612517279914,55.187
22672,L,2612557286914,2612621039014,63.7521
22674,A,2612653374414,2612701303814,47.9294
22676,N,2612757296914,2612805259314,47.9624
22678,D,2612861069014,2612973300114,112.2311
22679,F,2612957308614,2613029300614,71.992
22682,H,2613053445614,2613165256314,111.8107
22683,B,2613157091014,2613277261114,120.1701
22685,U,2613253368814,2613365276914,111.9081
22687,R,2613357285014,2613477307014,120.022
22689,G,2613453356914,2613564958714,111.6018
22691,E,2613557366514,2613661267514,103.901
22694,N,2613661799114,2613717295814,55.4967
22696,L,2613757314814,2613813317914,56.0031
22698,A,2613861341514,2613901077714,39.7362
22700,N,2613957330414,2614013064514,55.7341
22702,D,2614061325714,2614165286014,103.9603
22703,F,2614157279914,2614237305614,80.0257
22706,H,2614261301514,2614357127314,95.8258
22708,B,2614357977414,2614477284414,119.307
22709,U,2614461274614,2614573176714,111.9021
22711,R,2614557326114,2614677273514,119.9474
22713,G,2614661289714,2614765382614,104.0929
22715,E,2614757323014,2614861382714,104.0597
22718,N,2614862205214,2614917268914,55.0637
22720,L,2614957341914,2615021393414,64.0515
22722,A,2615053329314,2615101317614,47.9883
22724,N,2615157055214,2615205425814,48.3706
22726,D,2615261366214,2615365316114,103.9499
22727,F,2615357342614,2615429318114,71.9755
22730,H,2615453296714,2615557309914,104.0132
22732,B,2615558287414,2615677321514,119.0341
22733,U,2615661325814,2615765318714,103.9929
22735,R,2615757292414,2615877280914,119.9885
22737,G,2615861305614,2615965313014,104.0074
22739,E,2615956991514,2616061301214,104.3097
22742,N,2616062293814,2616117149314,54.8555
22744,L,2616157117114,2616213262114,56.145
22746,A,2616261270014,2616301319814,40.0498
22748,N,2616357112814,2616413309614,56.1968
22750,D,2616461284314,2616573069514,111.7852
22751,F,2616557100214,2616637369814,80.2696
22754,H,2616661412314,2616757147214,95.7349
22756,B,2616758035114,2616877459814,119.4247
22757,U,2616861342414,2616957267714,95.9253
22760,R,2616958096114,2617077070214,118.9741
22761,G,2617061396414,2617165347814,103.9514
22763,E,2617157071814,2617261282414,104.2106
22765,N,2617253300114,2617309291814,55.9917
22768,L,2617357168714,2617413324214,56.1555
22770,A,2617453363914,2617501373414,48.0095
22772,N,2617557103314,2617605322814,48.2195
22774,D,2617661301114,2617765389514,104.0884
22775,F,2617757209714,2617837349814,80.1401
22778,H,2617861356014,2617965351914,103.9959
22779,B,2617957430714,2618077284714,119.854
22781,U,2618061343614,2618165379314,104.0357
22783,R,2618157377614,2618277113814,119.7362
22785,G,2618261354914,2618365349114,103.9942
22787,E,2618357516914,2618461396614,103.8797
22790,N,2618462383814,2618517372614,54.9888
22792,L,2618557390314,2618621330014,63.9397
22794,A,2618661296614,2618701299814,40.0032
22796,N,2618757431014,2618813387214,55.9562
22798,D,2618861346414,2618973356714,112.0103
22799,F,2618957365214,2619029374614,72.0094
22802,H,2619061374914,2619157314714,95.9398
22804,B,2619158119914,2619277107414,118.9875
22805,U,2619253339814,2619357448714,104.1089
22808,R,2619358515414,2619477236214,118.7208
22809,G,2619453332914,2619573342614,120.0097
22811,E,2619565370614,2619661160814,95.7902
22813,N,2619653349914,2619709112914,55.763
22816,L,2619757369414,2619813336614,55.9672
22818,A,2619853364014,2619901459214,48.0952
22820,N,2619957366614,2620013365114,55.9985
22822,D,2620061395214,2620165344514,103.9493
22823,F,2620157328914,2620229419914,72.091
22826,H,2620261152214,2620365380314,104.2281
22827,B,2620357346314,2620477142314,119.796
22829,U,2620461394514,2620565399514,104.005
22831,R,2620557437914,2620677523814,120.0859
22833,G,2620661368914,2620773369414,112.0005
22835,E,2620757352814,2620861365414,104.0126
22838,N,2620862336214,2620917156014,54.8198
22840,L,2620957048014,2621021427214,64.3792
22842,A,2621061132314,2621101339214,40.2069
22844,N,2621157455614,2621213393714,55.9381
22846,D,2621261097914,2621373369614,112.2717
22847,F,2621357320314,2621437451714,80.1314
22850,H,2621453386214,2621565381014,111.9948
22851,B,2621557322314,2621685319414,127.9971
22853,U,2621653340614,2621765367514,112.0269
22855,R,2621757435814,2621877175014,119.7392
22857,G,2621853357214,2621973045314,119.6881
22859,E,2621965377514,2622061165614,95.7881
22862,N,2622061998114,2622125434314,63.4362
22864,L,2622157382414,2622221350014,63.9676
22866,A,2622261151114,2622301393114,40.242
22868,N,2622357415514,2622421367314,63.9518
22870,D,2622461158914,2622565431414,104.2725
22871,F,2622557380214,2622629378614,71.9984
22874,H,2622661110214,2622757376414,96.2662
22876,B,2622765346214,2622877575814,112.2296
22877,U,2622861127614,2622973372714,112.2451
22879,R,2622957386314,2623077488514,120.1022
22881,G,2623061141414,2623173374214,112.2328
22883,E,2623157372814,2623269384614,112.0118
22885,N,2623261199414,2623317366314,56.1669
22888,L,2623357136214,2623421146214,64.01
22890,A,2623453299514,2623501343614,48.0441
22892,N,2623557456014,2623613473414,56.0174
22894,D,2623661413614,2623773397614,111.984
22895,F,2623757161714,2623837486114,80.3244
22898,H,2623853152714,2623965202614,112.0499
22899,B,2623957410514,2624077440114,120.0296
22901,U,2624053403914,2624165345014,111.9411
22903,R,2624157429114,2624277415714,119.9866
22905,G,2624261509914,2624365422614,103.9127
22907,E,2624357374914,2624461415014,104.0401
22910,N,2624462596214,2624525266914,62.6707
22912,L,2624557407614,2624621362114,63.9545
22914,A,2624661415314,2624701421014,40.0057
22916,N,2624757409714,2624821367414,63.9577
22918,D,2624861402214,2624973404514,112.0023
22919,F,2624957430214,2625037389314,79.9591
22922,H,2625061420614,2625157434314,96.0137
22924,B,2625158299914,2625277443714,119.1438
22925,U,2625261410214,2625373405214,111.995
22927,R,2625357402814,2625477397014,119.9942
22929,G,2625461407814,2625565345414,103.9376
22931,E,2625557380514,2625661247714,103.8672
22934,N,2625662251014,2625717442414,55.1914
22936,L,2625757392814,2625813150914,55.7581
22938,A,2625853388514,2625901380814,47.9923
22940,N,2625957396714,2626013241314,55.8446
22942,D,2626061432414,2626173380314,111.9479
22943,F,2626157280314,2626229460814,72.1805
22946,H,2626253391514,2626357420214,104.0287
22948,B,2626358318214,2626477420614,119.1024
22949,U,2626461464414,2626565417814,103.9534
22951,R,2626557413414,2626677376714,119.9633
22953,G,2626661386414,2626765377614,103.9912
22955,E,2626757395314,2626869380314,111.985
22957,N,2626861387114,2626925414914,64.0278
22960,L,2626957418714,2627021397614,63.9789
22962,A,2627061406114,2627101424114,40.018
22964,N,2627157433014,2627221427014,63.994
22966,D,2627261410214,2627373397814,111.9876
22967,F,2627357381514,2627437405714,80.0242
22970,H,2627461451914,2627565066014,103.6141
22971,B,2627557452414,2627685188914,127.7365
22973,U,2627661466214,2627773414214,111.948
22975,R,2627757450214,2627877432014,119.9818
22977,G,2627861421914,2627973451714,112.0298
22979,E,2627957432314,2628061474114,104.0418
22982,N,2628062435814,2628117152914,54.7171
22984,L,2628157398414,2628213385814,55.9874
22986,A,2628253421014,2628309422814,56.0018
22988,N,2628357428914,2628421428214,63.9993
22990,D,2628461166014,2628573406214,112.2402
22991,F,2628557421914,2628629437414,72.0155
22994,H,2628653424814,2628765215214,111.7904
22995,B,2628757471414,2628877393114,119.9217
22997,U,2628861415314,2628965227814,103.8125
22999,R,2628957456414,2629069430814,111.9744
23001,G,2629061422414,2629165121714,103.6993
23003,E,2629157444914,2629261402114,103.9572
23006,N,2629262328014,2629317420514,55.0925
23008,L,2629357399514,2629413468914,56.0694
23010,A,2629461147214,2629501292114,40.1449
23012,N,2629557391014,2629621408914,64.0179
23014,D,2629661408114,2629773440914,112.0328
23015,F,2629757526414,2629837431614,79.9052
23018,H,2629861479914,2629973440814,111.9609
23019,B,2629957485614,2630077419514,119.9339
23021,U,2630061415814,2630165421514,104.0057
23023,R,2630157419914,2630277461314,120.0414
23025,G,2630261452914,2630365169314,103.7164
23027,E,2630357432514,2630469443114,112.0106
23029,N,2630453483614,2630517419914,63.9363
23032,L,2630557509014,2630613494314,55.9853
23034,A,2630653482714,2630709436114,55.9534
23036,N,2630757494514,2630829415714,71.9212
23038,D,2630861420314,2630973464814,112.0445
23039,F,2630957433814,2631037452314,80.0185
23042,H,2631061423714,2631165140314,103.7166
23043,B,2631157285114,2631285402414,128.1173
23045,U,2631261483614,2631365453014,103.9694
23047,R,2631357466214,2631477416714,119.9505
23049,G,2631461417514,2631565427814,104.0103
23051,E,2631557415314,2631653412314,95.997
23054,N,2631661423014,2631717223514,55.8005
23056,L,2631757493514,2631813217714,55.7242
23058,A,2631861453614,2631901241714,39.7881
23060,N,2631957466814,2632013426614,55.9598
23062,D,2632061494814,2632173455514,111.9607
23063,F,2632157429914,2632229507714,72.0778
23066,H,2632261460714,2632357449814,95.9891
23068,B,2632358259814,2632477455514,119.1957
23069,U,2632461473614,2632565496714,104.0231
23071,R,2632557485914,2632677476214,119.9903
23073,G,2632661479114,2632765483014,104.0039
23075,E,2632757505014,2632869209014,111.704
23077,N,2632853469514,2632925462514,71.993
23080,L,2632957471014,2633013507014,56.036
23082,A,2633053482614,2633109461914,55.9793
23084,N,2633157502314,2633221427114,63.9248
23086,D,2633261453714,2633373482514,112.0288
23087,F,2633357500214,2633429187614,71.6874
23090,H,2633461452214,2633565463314,104.0111
23091,B,2633557461614,2633685341214,127.8796
23093,U,2633661496414,2633765471814,103.9754
23095,R,2633757486014,2633877465314,119.9793
23097,G,2633861483314,2633965538714,104.0554
23099,E,2633957538214,2634069129014,111.5908
23101,N,2634061474114,2634117367314,55.8932
23104,L,2634157502814,2634213517314,56.0145
23106,A,2634261462814,2634301590414,40.1276
23108,N,2634357457714,2634421507314,64.0496
23110,D,2634461534014,2634573462214,111.9282
23111,F,2634557523014,2634637445114,79.9221
23114,H,2634661482614,2634757505614,96.023
23116,B,2634758332414,2634877453714,119.1213
23117,U,2634861456014,2634973471714,112.0157
23119,R,2634957494014,2635077257514,119.7635
23121,G,2635061236914,2635173459014,112.2221
23123,E,2635165529814,2635253261914,87.7321
23126,N,2635254255614,2635325480014,71.2244
23128,L,2635357539014,2635413475014,55.936
23130,A,2635453249614,2635509468714,56.2191
23132,N,2635557466814,2635613530314,56.0635
23134,D,2635661515714,2635765428014,103.9123
23135,F,2635757512214,2635829465214,71.953
23138,H,2635861493414,2635957407814,95.9144
23140,B,2635958035514,2636077459414,119.4239
23141,U,2636061430514,2636165446214,104.0157
23143,R,2636157443414,2636277458014,120.0146
23145,G,2636261466214,2636365459014,103.9928
23147,E,2636357333414,2636469513514,112.1801
23149,N,2636461466914,2636517506514,56.0396
23152,L,2636557250214,2636613533314,56.2831
23154,A,2636661480714,2636701267914,39.7872
23156,N,2636757568314,2636821264214,63.6959
23158,D,2636861553014,2636973493514,111.9405
23159,F,2636957468014,2637029334414,71.8664
23162,H,2637061508814,2637157500714,95.9919
23164,B,2637158425614,2637277495714,119.0701
23165,U,2637261480414,2637373482314,112.0019
23167,R,2637357528514,2637469516014,111.9875
23169,G,2637461529214,2637573499314,111.9701
23171,E,2637565556514,2637669524214,103.9677
23173,N,2637653493914,2637725572214,72.0783
23176,L,2637757557214,2637813478914,55.9217
23178,A,2637853504014,2637901341114,47.8371
23180,N,2637957495214,2638013466614,55.9714
23182,D,2638061544414,2638165476014,103.9316
23183,F,2638157536914,2638229497214,71.9603
23186,H,2638261532514,2638357520914,95.9884
23188,B,2638358261314,2638485529914,127.2686
23189,U,2638461499714,2638565491314,103.9916
23191,R,2638557531314,2638677235314,119.704
23193,G,2638661539514,2638765243114,103.7036
23195,E,2638757515014,2638869504714,111.9897
23197,N,2638861512314,2638925489414,63.9771
23200,L,2638957556314,2639013552414,55.9961
23202,A,2639061486514,2639101480214,39.9937
23204,N,2639157227414,2639221525114,64.2977
23206,D,2639261490114,2639373302014,111.8119
23207,F,2639357493414,2639429517014,72.0236
23210,H,2639461585914,2639565515614,103.9297
23211,B,2639557519614,2639677519014,119.9994
23213,U,2639653531314,2639765553714,112.0224
23215,R,2639757531014,2639869527514,111.9965
23217,G,2639853595614,2639965559214,111.9636
23220,E,2639966501014,2640069516514,103.0155
23221,N,2640053523314,2640117546514,64.0232
23224,L,2640157306914,2640213541414,56.2345
23226,A,2640261636614,2640301589414,39.9528
23228,N,2640357482414,2640421486314,64.0039
23230,D,2640461550214,2640565481114,103.9309
23231,F,2640557476614,2640637552114,80.0755
23234,H,2640661540314,2640757273114,95.7328
23236,B,2640758088514,2640877562014,119.4735
23237,U,2640861579114,2640965496814,103.9177
23239,R,2640957259314,2641077494014,120.2347
23241,G,2641061389014,2641173510814,112.1218
23243,E,2641157277314,2641261564214,104.2869
23246,N,2641262583414,2641317538114,54.9547
23248,L,2641357435214,2641413446914,56.0117
23250,A,2641461544114,2641501558814,40.0147
23252,N,2641557393214,2641613472514,56.0793
23254,D,2641661495114,2641773636714,112.1416
23255,F,2641757312514,2641829502514,72.19
23258,H,2641861554714,2641965581014,104.0263
23260,B,2641966580414,2642077576414,110.996
23261,U,2642053552314,2642165499314,111.947
23263,R,2642157503314,2642269484914,111.9816
23265,G,2642253560814,2642381550714,127.9899
23267,E,2642365545914,2642469565614,104.0197
23269,N,2642461576314,2642525441314,63.865
23272,L,2642557709214,2642613554114,55.8449
23274,A,2642661509314,2642701612614,40.1033
23276,N,2642757718014,2642821545614,63.8276
23278,D,2642861628714,2642965572514,103.9438
23279,F,2642957583114,2643037542014,79.9589
23282,H,2643061551814,2643165551314,103.9995
23283,B,2643157508414,2643277288414,119.78
23285,U,2643261503814,2643365551214,104.0474
23287,R,2643357324714,2643469547414,112.2227
23289,G,2643461583214,2643565564814,103.9816
23291,E,2643557540114,2643669559914,112.0198
23293,N,2643661580314,2643717573214,55.9929
23296,L,2643757532214,2643813594314,56.0621
23298,A,2643853549014,2643901303014,47.754
23300,N,2643957565514,2644013538714,55.9732
23302,D,2644061564414,2644173519014,111.9546
23303,F,2644157544614,2644229542414,71.9978
23306,H,2644253588814,2644365356414,111.7676
23307,B,2644357570214,2644477477214,119.907
23309,U,2644453503114,2644565521014,112.0179
23311,R,2644557608314,2644677328714,119.7204
23313,G,2644661533214,2644765563014,104.0298
23315,E,2644757551314,2644861571414,104.0201
23318,N,2644862583114,2644917548414,54.9653
23320,L,2644957559714,2645013531814,55.9721
23322,A,2645061597814,2645101582814,39.985
23324,N,2645157567714,2645213543714,55.976
23326,D,2645261574714,2645365534714,103.96
23327,F,2645357295114,2645429569214,72.2741
23330,H,2645461539014,2645557585214,96.0462
23332,B,2645558324314,2645677416814,119.0925
23333,U,2645661540514,2645757637114,96.0966
23336,R,2645758585014,2645877466014,118.881
23337,G,2645861536214,2645957599814,96.0636
23340,E,2645958561314,2646069629914,111.0686
23341,N,2646061550314,2646117553414,56.0031
23344,L,2646157276914,2646213517114,56.2402
23346,A,2646253573014,2646301596714,48.0237
23348,N,2646357573514,2646421551414,63.9779
23350,D,2646461595114,2646565559414,103.9643
23351,F,2646557598614,2646629576714,71.9781
23354,H,2646653581214,2646765580714,111.9995
23355,B,2646757608914,2646869576614,111.9677
23357,U,2646861329914,2646965555114,104.2252
23359,R,2646957625514,2647077643514,120.018
23361,G,2647061357414,2647165382514,104.0251
23363,E,2647157550514,2647269480314,111.9298
23365,N,2647261357914,2647317564414,56.2065
23368,L,2647357605114,2647405585614,47.9805
23370,A,2647461482214,2647501596414,40.1142
23372,N,2647557604614,2647605578814,47.9742
23374,D,2647661479714,2647773562214,112.0825
23375,F,2647757580814,2647837575614,79.9948
23378,H,2647861618214,2647957287914,95.6697
23380,B,2647973581614,2648077589814,104.0082
23381,U,2648061603414,2648165300714,103.6973
23383,R,2648157596414,2648277582614,119.9862
23385,G,2648261658014,2648365556314,103.8983
23387,E,2648357615814,2648469551614,111.9358
23389,N,2648461764514,2648517545214,55.7807
23392,L,2648557620814,2648613564714,55.9439
23394,A,2648653334714,2648701566114,48.2314
23396,N,2648757597014,2648813557714,55.9607
23398,D,2648861799814,2648965615314,103.8155
23399,F,2648957624514,2649037606114,79.9816
23402,H,2649061735514,2649165601114,103.8656
23403,B,2649157474914,2649277507314,120.0324
23405,U,2649261387014,2649357619514,96.2325
23408,R,2649358410214,2649477611814,119.2016
23409,G,2649461595814,2649565648014,104.0522
23411,E,2649557476514,2649677614914,120.1384
23413,N,2649661611714,2649717563414,55.9517
23416,L,2649757594314,2649813339714,55.7454
23418,A,2649861561314,2649901495014,39.9337
23420,N,2649957574314,2650013453814,55.8795
23422,D,2650061585314,2650173589814,112.0045
23423,F,2650157574814,2650237598214,80.0234
23426,H,2650261597414,2650357612814,96.0154
23428,B,2650358179914,2650477602314,119.4224
23429,U,2650461611914,2650565577614,103.9657
23431,R,2650557594014,2650677732014,120.138
23433,G,2650661643414,2650773574014,111.9306
23435,E,2650765624114,2650869597214,103.9731
23437,N,2650853595014,2650917304014,63.709
23440,L,2650957632514,2651013669014,56.0365
23442,A,2651053493814,2651101714914,48.2211
23444,N,2651157620414,2651213670514,56.0501
23446,D,2651261585714,2651373703914,112.1182
23447,F,2651357592014,2651429577114,71.9851
23450,H,2651461586914,2651557590414,96.0035
23452,B,2651558191114,2651677629414,119.4383
23453,U,2651661612714,2651757624314,96.0116
23456,R,2651758202414,2651877591414,119.389
23457,G,2651861628914,2651965456614,103.8277
23459,E,2651957628014,2652069326614,111.6986
23461,N,2652061592614,2652117481114,55.8885
23464,L,2652157725814,2652213616914,55.8911
23466,A,2652261646814,2652301610914,39.9641
23468,N,2652357608314,2652421632914,64.0246
23470,D,2652461634114,2652565348014,103.7139
23471,F,2652557661514,2652629614714,71.9532
23474,H,2652661622914,2652757658414,96.0355
23476,B,2652758674114,2652877587014,118.9129
23477,U,2652853564614,2652965436214,111.8716
23479,R,2652957630214,2653077622614,119.9924
23481,G,2653053633214,2653165403014,111.7698
23484,E,2653166128914,2653261661514,95.5326
23485,N,2653253638814,2653317623814,63.985
23488,L,2653357642314,2653405629514,47.9872
23490,A,2653461410514,2653501621514,40.211
23492,N,2653557630914,2653605608814,47.9779
23494,D,2653661642314,2653765606814,103.9645
23495,F,2653757778814,2653837627014,79.8482
23498,H,2653861647514,2653957628714,95.9812
23500,B,2653958625714,2654077633514,119.0078
23501,U,2654061603214,2654165675514,104.0723
23503,R,2654157629414,2654277699214,120.0698
23505,G,2654261629814,2654365722314,104.0925
23507,E,2654357705914,2654469596314,111.8904
23509,N,2654461669114,2654517701714,56.0326
23512,L,2654557710314,2654613663614,55.9533
23514,A,2654661679014,2654701488914,39.8099
23516,N,2654757647214,2654813715214,56.068
23518,D,2654861694314,2654965665214,103.9709
23519,F,2654957709214,2655029731314,72.0221
23522,H,2655053699814,2655165692614,111.9928
23524,B,2655166777014,2655277682814,110.9058
23525,U,2655253519414,2655365604714,112.0853
23527,R,2655357669914,2655469456614,111.7867
23529,G,2655453653814,2655573361214,119.7074
23531,E,2655565614214,2655669588514,103.9743
23533,N,2655661626314,2655717436914,55.8106
23536,L,2655757660314,2655813679714,56.0194
23538,A,2655861689014,2655901568814,39.8798
23540,N,2655957663314,2656013659114,55.9958
23542,D,2656061563314,2656165644514,104.0812
23543,F,2656157648814,2656229678914,72.0301
23546,H,2656261671414,2656357669114,95.9977
23548,B,2656358428814,2656477626614,119.1978
23549,U,2656461635014,2656573676614,112.0416
23551,R,2656557417314,2656677629814,120.2125
23553,G,2656661651314,2656757722314,96.071
23556,E,2656758811314,2656861697814,102.8865
23558,N,2656862530014,2656917770414,55.2404
23560,L,2656957684114,2657013685814,56.0017
23562,A,2657053734014,2657101449814,47.7158
23564,N,2657157656014,2657213406614,55.7506
23566,D,2657261640014,2657365477914,103.8379
23567,F,2657357660114,2657429653114,71.993
23570,H,2657453695014,2657557690014,103.995
23572,B,2657558705214,2657685468014,126.7628
23573,U,2657653670714,2657757497714,103.827
23576,R,2657758525114,2657877701014,119.1759
23577,G,2657861741014,2657973677614,111.9366
23579,E,2657965660714,2658069396914,103.7362
23581,N,2658061665014,2658109692714,48.0277
23584,L,2658157648114,2658213636314,55.9882
23586,A,2658261641214,2658301734014,40.0928
23588,N,2658357662214,2658413668614,56.0064
23590,D,2658461670514,2658565424414,103.7539
23591,F,2658557694114,2658629658514,71.9644
23594,H,2658661665714,2658757684314,96.0186
23596,B,2658758732014,2658877445214,118.7132
23597,U,2658861799114,2658965721614,103.9225
23599,R,2658957675414,2659069595514,111.9201
23601,G,2659061680814,2659157730814,96.05
23604,E,2659158671714,2659253523314,94.8516
23606,N,2659261763514,2659317724814,55.9613
23608,L,2659357792814,2659413698914,55.9061
23610,A,2659453505714,2659501679814,48.1741
23612,N,2659565683314,2659613650414,47.9671
23614,D,2659661681314,2659765682514,104.0012
23615,F,2659757709314,2659829684714,71.9754
23618,H,2659853439214,2659965677814,112.2386
23619,B,2659957719114,2660077701214,119.9821
23621,U,2660061659114,2660165476314,103.8172
23623,R,2660157689414,2660277663214,119.9738
23625,G,2660261673214,2660365688914,104.0157
23627,E,2660357701614,2660469730114,112.0285
23629,N,2660461694214,2660517751514,56.0573
23632,L,2660557710114,2660613788514,56.0784
23634,A,2660661719914,2660701727514,40.0076
23636,N,2660757674214,2660805658214,47.984
23638,D,2660861700814,2660973512414,111.8116
23639,F,2660957459914,2661029706914,72.247
23642,H,2661061726114,2661149328014,87.6019
23644,B,2661157273814,2661269723014,112.4492
23645,U,2661261734214,2661365389614,103.6554
23647,R,2661357731914,2661477696214,119.9643
23649,G,2661461695314,2661565640014,103.9447
23651,E,2661557701514,2661661667314,103.9658
23653,N,2661653677814,2661717714914,64.0371
23656,L,2661757723214,2661813667714,55.9445
23658,A,2661853703614,2661901741014,48.0374
23660,N,2661957706514,2662005458414,47.7519
23662,D,2662061718914,2662165625514,103.9066
23663,F,2662157412914,2662229742114,72.3292
23666,H,2662261729014,2662357697314,95.9683
23668,B,2662358566914,2662477711814,119.1449
23669,U,2662461707214,2662557735214,96.028
23672,R,2662558745714,2662677705014,118.9593
23673,G,2662661706714,2662765731014,104.0243
23675,E,2662757724214,2662869666814,111.9426
23677,N,2662861712414,2662917469514,55.7571
23680,L,2662957730414,2663013680914,55.9505
23682,A,2663061694914,2663101715414,40.0205
23684,N,2663157672614,2663213858714,56.1861
23686,D,2663261708414,2663373426014,111.7176
23687,F,2663357726714,2663437715714,79.989
23690,H,2663461743214,2663557699514,95.9563
23692,B,2663558383714,2663677665314,119.2816
23693,U,2663661763714,2663765752314,103.9886
23696,R,2663766748614,2663869728914,102.9803
23697,G,2663853729014,2663965718414,111.9894
23700,E,2663966388714,2664061683814,95.2951
23701,N,2664053484914,2664117496314,64.0114
23704,L,2664157845914,2664213724414,55.8785
23706,A,2664261714314,2664301736114,40.0218
23708,N,2664357689214,2664405854414,48.1652
23710,D,2664461706914,2664565666214,103.9593
23711,F,2664557706214,2664637742314,80.0361
23714,H,2664661729514,2664757523214,95.7937
23716,B,2664765722614,2664877520714,111.7981
23717,U,2664861424614,2664957530214,96.1056
23720,R,2664965720114,2665069759614,104.0395
23721,G,2665061720714,2665157469214,95.7485
23724,E,2665158683514,2665261765814,103.0823
23726,N,2665262724914,2665317702614,54.9777
23728,L,2665357539514,2665413715914,56.1764
23730,A,2665461753214,2665501746714,39.9935
23732,N,2665557650014,2665613736714,56.0867
23734,D,2665661707714,2665773817514,112.1098
23735,F,2665757591914,2665837737414,80.1455
23738,H,2665861750114,2665957558314,95.8082
23740,B,2665965844514,2666077720714,111.8762
23741,U,2666053755814,2666165696514,111.9407
23743,R,2666157609414,2666277739014,120.1296
23745,G,2666253686114,2666365760414,112.0743
23748,E,2666366788414,2666469508114,102.7197
23749,N,2666461722714,2666517721414,55.9987
23752,L,2666557578514,2666605707114,48.1286
23754,A,2666661747114,2666701721214,39.9741
23756,N,2666757482214,2666805458214,47.976
23758,D,2666861719414,2666965731514,104.0121
23759,F,2666957818214,2667037792514,79.9743
23762,H,2667061748814,2667149611414,87.8626
23764,B,2667157858214,2667269774914,111.9167
23765,U,2667261748614,2667357766614,96.018
23768,R,2667365734714,2667469757714,104.023
23769,G,2667461543814,2667565754814,104.211
23771,E,2667557747114,2667669690614,111.9435
23773,N,2667661729914,2667717743514,56.0136
23776,L,2667757744114,2667813759414,56.0153
23778,A,2667853748214,2667909515114,55.7669
23780,N,2667957776114,2668013764414,55.9883
23782,D,2668061797614,2668173725614,111.928
23783,F,2668165742514,2668237779714,72.0372
23786,H,2668253795214,2668357748214,103.953
23788,B,2668358652714,2668477732514,119.0798
23789,U,2668453786414,2668565743514,111.9571
23791,R,2668557764914,2668669741214,111.9763
23793,G,2668661866014,2668781457814,119.5918
23795,E,2668765933614,2668861774114,95.8405
23798,N,2668862765614,2668917754014,54.9884
23800,L,2668957895714,2669005765914,47.8702
23802,A,2669061712014,2669101727814,40.0158
23804,N,2669157725314,2669205755514,48.0302
23806,D,2669261780314,2669365751414,103.9711
23807,F,2669357767014,2669421720414,63.9534
23810,H,2669461741214,2669557768914,96.0277
23812,B,2669565767614,2669677562714,111.7951
23813,U,2669661743714,2669757870214,96.1265
23816,R,2669758811114,2669877641514,118.8304
23817,G,2669861796114,2669957780114,95.984
23820,E,2669965796214,2670061783114,95.9869
23822,N,2670062389414,2670117706714,55.3173
23824,L,2670157758414,2670213823314,56.0649
23826,A,2670253775214,2670301770014,47.9948
23828,N,2670365762114,2670413793714,48.0316
23830,D,2670461656014,2670573775614,112.1196
23831,F,2670557795914,2670629508014,71.7121
23834,H,2670653832314,2670757822714,103.9904
23836,B,2670758737414,2670877370314,118.6329
23837,U,2670861530614,2670965769314,104.2387
23839,R,2670957501114,2671077607714,120.1066
23841,G,2671061773714,2671165737114,103.9634
23843,E,2671157816314,2671261662614,103.8463
23846,N,2671262355014,2671317750714,55.3957
23848,L,2671357805714,2671413765814,55.9601
23850,A,2671461638814,2671501796514,40.1577
23852,N,2671557773714,2671605757114,47.9834
23854,D,2671661667014,2671773760914,112.0939
23855,F,2671757755914,2671837753314,79.9974
23858,H,2671861506814,2671957815214,96.3084
23860,B,2671965782914,2672077794614,112.0117
23861,U,2672061592514,2672157552014,95.9595
23864,R,2672158406714,2672269811414,111.4047
23865,G,2672261888214,2672365499514,103.6113
23867,E,2672357815614,2672469762314,111.9467
23869,N,2672461916414,2672517742114,55.8257
23872,L,2672557821414,2672613765314,55.9439
23874,A,2672653581714,2672701802614,48.2209
23876,N,2672757855014,2672813776314,55.9213
23878,D,2672861993514,2672965566714,103.5732
23879,F,2672957816414,2673029551614,71.7352
23882,H,2673061885014,2673165760414,103.8754
23883,B,2673157797614,2673277519114,119.7215
23885,U,2673261887614,2673365826914,103.9393
23887,R,2673357806814,2673477830214,120.0234
23889,G,2673461826814,2673565809814,103.983
23891,E,2673557830114,2673669830514,112.0004
23893,N,2673661835814,2673717809914,55.9741
23896,L,2673757994414,2673813584614,55.5902
23898,A,2673861815114,2673901665914,39.8508
23900,N,2673957802014,2674013561114,55.7591
23902,D,2674061782614,2674173836914,112.0543
23903,F,2674157821914,2674237811714,79.9898
23906,H,2674261817714,2674357795414,95.9777
23908,B,2674358359414,2674477733914,119.3745
23909,U,2674461758014,2674549765914,88.0079
23912,R,2674557779114,2674669780814,112.0017
23913,G,2674661787114,2674765826214,104.0391
23916,E,2674766608514,2674869834714,103.2262
23917,N,2674853810614,2674917832514,64.0219
23920,L,2674957801614,2675013768614,55.967
23922,A,2675053798114,2675101809714,48.0116
23924,N,2675157805114,2675221798714,63.9936
23926,D,2675261838814,2675365760714,103.9219
23927,F,2675357905014,2675429797814,71.8928
23930,H,2675461805014,2675557820214,96.0152
23932,B,2675558532514,2675677808814,119.2763
23933,U,2675661820914,2675765620214,103.7993
23935,R,2675757837214,2675877776614,119.9394
23937,G,2675861810014,2675965616114,103.8061
23939,E,2675957819014,2676069785014,111.966
23941,N,2676061786014,2676117596014,55.81
23944,L,2676157567114,2676213764414,56.1973
23946,A,2676261818414,2676301765714,39.9473
23948,N,2676357843714,2676413943014,56.0993
23950,D,2676461832814,2676573845514,112.0127
23951,F,2676557870614,2676637799714,79.9291
23954,H,2676661793114,2676757829314,96.0362
23956,B,2676765634614,2676885577214,119.9426
23957,U,2676861845814,2676965606514,103.7607
23960,R,2676966485314,2677069844014,103.3587
23961,G,2677053850914,2677173816514,119.9656
23963,E,2677165638214,2677269799314,104.1611
23965,N,2677261795014,2677317803214,56.0082
23968,L,2677357818914,2677413826814,56.0079
23970,A,2677461848214,2677501705814,39.8576
23972,N,2677557854314,2677621858514,64.0042
23974,D,2677661861714,2677765615514,103.7538
23975,F,2677757856114,2677837836014,79.9799
23978,H,2677861863414,2677957897314,96.0339
23980,B,2677958479414,2678077864814,119.3854
23981,U,2678061869814,2678173795914,111.9261
23983,R,2678157797014,2678277828814,120.0318
23985,G,2678261823214,2678365886614,104.0634
23987,E,2678357876214,2678461864014,103.9878
23990,N,2678462646814,2678517787414,55.1406
23992,L,2678557798414,2678613836114,56.0377
23994,A,2678661814214,2678709675514,47.8613
23996,N,2678757856814,2678813971414,56.1146
23998,D,2678861673014,2678973850014,112.177
23999,F,2678965986614,2679029848514,63.8619
24002,H,2679053903514,2679157995214,104.0917
24004,B,2679159299614,2679277877014,118.5774
24005,U,2679253823114,2679365842414,112.0193
24007,R,2679357915114,2679469862814,111.9477
24009,G,2679461862214,2679565879214,104.017
24012,E,2679566829714,2679670004414,103.1747
24013,N,2679661877314,2679717588114,55.7108
24016,L,2679757878814,2679813821414,55.9426
24018,A,2679861826314,2679901651514,39.8252
24020,N,2679957843214,2680021825214,63.982
24022,D,2680061823214,2680165782914,103.9597
24023,F,2680157842714,2680221894014,64.0513
24026,H,2680261881414,2680357887514,96.0061
24028,B,2680358856914,2680477843514,118.9866
24029,U,2680461856014,2680565862814,104.0068
24031,R,2680557865914,2680669618714,111.7528
24033,G,2680661844514,2680765551614,103.7071
24035,E,2680758044714,2680853833814,95.7891
24038,N,2680869865014,2680917657814,47.7928
24040,L,2680957632814,2681013811314,56.1785
24042,A,2681053648114,2681109643614,55.9955
24044,N,2681165480014,2681213356514,47.8765
24046,D,2681261546914,2681373831814,112.2849
24047,F,2681357869414,2681429850814,71.9814
24050,H,2681453831314,2681565728414,111.8971
24051,B,2681557887014,2681677833614,119.9466
24053,U,2681661833914,2681765857314,104.0234
24055,R,2681757838614,2681877864714,120.0261
24057,G,2681861864114,2681965915814,104.0517
24059,E,2681957871014,2682061851814,103.9808
24062,N,2682062808314,2682125626014,62.8177
24064,L,2682157898614,2682221877214,63.9786
24066,A,2682261896314,2682301977514,40.0812
24068,N,2682357637514,2682421872014,64.2345
24070,D,2682461937114,2682573587714,111.6506
24071,F,2682557908914,2682637941514,80.0326
24074,H,2682661610814,2682717541914,55.9311
