keyname,t1_ns,flight_ms
H,1478992077414,104.195
B,1479087844014,95.7666
U,1479192103414,104.2594
R,1479288054114,95.9507
G,1479392127414,104.0733
E,1479497320714,105.1933
N,1479593032514,95.7118
L,1479696061114,103.0286
A,1479792153014,96.0919
N,1479896114414,103.9614
D,1479992150914,96.0365
F,1480096065614,103.9147
H,1480192091414,96.0258
B,1480296101914,104.0105
U,1480392141814,96.0399
R,1480496132414,103.9906
G,1480592145714,96.0133
E,1480697035314,104.8896
N,1480792125814,95.0905
L,1480888114014,95.9882
A,1480992127214,104.0132
N,1481088163214,96.036
D,1481200125014,111.9618
F,1481288133114,88.0081
H,1481392190814,104.0577
B,1481496146414,103.9556
U,1481591878614,95.7322
R,1481696217414,104.3388
G,1481792132814,95.9154
E,1481896234014,104.1012
N,1481993036014,96.802
L,1482096068514,103.0325
A,1482192161614,96.0931
N,1482296083614,103.922
D,1482392098014,96.0144
F,1482496121214,104.0232
H,1482592104714,95.9835
B,1482696077914,103.9732
U,1482792212814,96.1349
R,1482888205914,95.9931
G,1482992107014,103.9011
E,1483096876114,104.7691
N,1483192834114,95.958
L,1483296130214,103.2961
A,1483392090614,95.9604
N,1483496201114,104.1105
D,1483592152614,95.9515
F,1483696141314,103.9887
H,1483791913014,95.7717
B,1483896787914,104.8749
U,1483991822614,95.0347
R,1484097302214,105.4796
G,1484191881114,94.5789
E,1484295842614,103.9615
N,1484392091914,96.2493
L,1484495738414,103.6465
A,1484591621414,95.883
N,1484696000214,104.3788
D,1484791841014,95.8408
F,1484888114814,96.2738
H,1484991958314,103.8435
B,1485089109214,97.1509
U,1485192103814,102.9946
R,1485296125614,104.0218
G,1485392201114,96.0755
E,1485496137714,103.9366
N,1485592721714,96.584
L,1485696160714,103.439
A,1485792321914,96.1612
N,1485896221414,103.8995
D,1485992274014,96.0526
F,1486096119014,103.845
H,1486192203914,96.0849
B,1486296161614,103.9577
U,1486392159514,95.9979
R,1486496769114,104.6096
G,1486592150814,95.3817
E,1486697078614,104.9278
N,1486792125214,95.0466
L,1486888128714,96.0035
A,1486992155814,104.0271
N,1487088182414,96.0266
D,1487200072614,111.8902
F,1487296293414,96.2208
H,1487392217614,95.9242
B,1487496967014,104.7494
U,1487592021014,95.054
R,1487695919714,103.8987
G,1487792199314,96.2796
E,1487896175314,103.976
N,1487993329714,97.1544
L,1488096140814,102.8111
A,1488192165814,96.025
N,1488296182214,104.0164
D,1488392235714,96.0535
F,1488496156314,103.9206
H,1488591876314,95.72
B,1488695948314,104.072
U,1488792181014,96.2327
R,1488888206714,96.0257
G,1488992184314,103.9776
E,1489097134014,104.9497
N,1489192198814,95.0648
L,1489296170514,103.9717
A,1489392168314,95.9978
N,1489496034814,103.8665
D,1489592206914,96.1721
F,1489695944014,103.7371
H,1489792185214,96.2412
B,1489896965414,104.7802
U,1489992212614,95.2472
R,1490096871714,104.6591
G,1490192242414,95.3707
E,1490295969814,103.7274
N,1490391910614,95.9408
L,1490488203014,96.2924
A,1490592184614,103.9816
N,1490695907014,103.7224
D,1490792224514,96.3175
F,1490888180314,95.9558
H,1490992186114,104.0058
B,1491089121614,96.9355
U,1491192202214,103.0806
R,1491296275114,104.0729
G,1491392244214,95.9691
E,1491496379114,104.1349
N,1491592869414,96.4903
L,1491696364514,103.4951
A,1491792219714,95.8552
N,1491896248814,104.0291
D,1491992189014,95.9402
F,1492096211514,104.0225
H,1492192196914,95.9854
B,1492297307914,105.111
U,1492392229714,94.9218
R,1492497123814,104.8941
G,1492592046014,94.9222
E,1492697334914,105.2889
N,1492792199314,94.8644
L,1492888219714,96.0204
A,1492992235614,104.0159
N,1493088233514,95.9979
D,1493200234414,112.0009
F,1493296206314,95.9719
H,1493392281314,96.075
B,1493497159314,104.878
U,1493592235314,95.076
R,1493696179214,103.9439
G,1493792187914,96.0087
E,1493896903214,104.7153
N,1493993016014,96.1128
L,1494095916414,102.9004
A,1494192224114,96.3077
N,1494296259314,104.0352
D,1494392244214,95.9849
F,1494496234414,103.9902
H,1494592239514,96.0051
B,1494696207114,103.9676
U,1494792311714,96.1046
R,1494888059814,95.7481
G,1494992272314,104.2125
E,1495097115614,104.8433
N,1495193127514,96.0119
L,1495296231014,103.1035
A,1495392289914,96.0589
N,1495496247714,103.9578
D,1495592137314,95.8896
F,1495696274214,104.1369
H,1495792234414,95.9602
B,1495896955314,104.7209
U,1495992247014,95.2917
R,1496097186514,104.9395
G,1496192276814,95.0903
E,1496297106014,104.8292
N,1496392240314,95.1343
L,1496488223214,95.9829
A,1496592254314,104.0311
N,1496688222314,95.968
D,1496800134714,111.9124
F,1496888274114,88.1394
H,1496992248714,103.9746
B,1497089103414,96.8547
U,1497192010514,102.9071
R,1497296257714,104.2472
G,1497391940814,95.6831
E,1497497166914,105.2261
N,1497593136714,95.9698
L,1497696275214,103.1385
A,1497792262614,95.9874
N,1497896249014,103.9864
D,1497992278114,96.0291
F,1498096198114,103.92
H,1498192248514,96.0504
B,1498296243414,103.9949
U,1498392026714,95.7833
R,1498497299714,105.273
G,1498592288314,94.9886
E,1498697258414,104.9701
N,1498792258714,95.0003
L,1498888302614,96.0439
A,1498992294414,103.9918
N,1499088248014,95.9536
D,1499200271814,112.0238
F,1499296233214,95.9614
H,1499392235814,96.0026
B,1499496297014,104.0612
U,1499592278314,95.9813
R,1499696844014,104.5657
G,1499792321114,95.4771
E,1499896275614,103.9545
N,1499992309814,96.0342
L,1500096243514,103.9337
A,1500192299214,96.0557
N,1500296271314,103.9721
D,1500392273214,96.0019
F,1500496278814,104.0056
H,1500592132814,95.854
B,1500697201014,105.0682
U,1500792262914,95.0619
R,1500888203014,95.9401
G,1500992376914,104.1739
E,1501096237714,103.8608
N,1501193316614,97.0789
L,1501296280314,102.9637
A,1501392295914,96.0156
N,1501496260214,103.9643
D,1501592291714,96.0315
F,1501696117514,103.8258
H,1501792290714,96.1732
B,1501897382914,105.0922
U,1501992253314,94.8704
R,1502097429314,105.176
G,1502192242514,94.8132
E,1502296284214,104.0417
N,1502400284614,104.0004
L,1502488008314,87.7237
A,1502592277814,104.2695
N,1502688088214,95.8104
D,1502800363814,112.2756
F,1502888073314,87.7095
H,1502992289514,104.2162
B,1503088167414,95.8779
U,1503192309514,104.1421
R,1503295991414,103.6819
G,1503392290014,96.2986
E,1503496353114,104.0631
N,1503593103014,96.7499
L,1503696299214,103.1962
A,1503792312314,96.0131
N,1503896354814,104.0425
D,1503992331114,95.9763
F,1504096288614,103.9575
H,1504192286314,95.9977
B,1504297235514,104.9492
U,1504392096914,94.8614
R,1504496331014,104.2341
G,1504592298814,95.9678
E,1504696268914,103.9701
N,1504792277914,96.009
L,1504888297714,96.0198
A,1504992309614,104.0119
N,1505096293614,103.984
D,1505192342014,96.0484
F,1505296289714,103.9477
H,1505392295114,96.0054
B,1505497464414,105.1693
U,1505592015614,94.5512
R,1505696320814,104.3052
G,1505792290614,95.9698
E,1505896420814,104.1302
N,1505992225014,95.8042
L,1506096104514,103.8795
A,1506192317314,96.2128
N,1506296281914,103.9646
D,1506392326014,96.0441
F,1506496325614,103.9996
H,1506592289614,95.964
B,1506688378614,96.089
U,1506792309014,103.9304
R,1506896079014,103.77
G,1506992289914,96.2109
E,1507097185114,104.8952
N,1507192285114,95.1
L,1507296325514,104.0404
A,1507392290114,95.9646
N,1507496291114,104.001
D,1507592288614,95.9975
F,1507696325114,104.0365
H,1507792219514,95.8944
B,1507896335414,104.1159
U,1507992072214,95.7368
R,1508097030014,104.9578
G,1508192090314,95.0603
E,1508297087514,104.9972
N,1508392853214,95.7657
L,1508488311714,95.4585
A,1508592153714,103.842
N,1508688338014,96.1843
D,1508800316314,111.9783
F,1508896369914,96.0536
H,1508992229614,95.8597
B,1509096378314,104.1487
U,1509192068714,95.6904
R,1509296371914,104.3032
G,1509392295214,95.9233
E,1509497257614,104.9624
N,1509592768014,95.5104
L,1509696327214,103.5592
A,1509792246414,95.9192
N,1509896333814,104.0874
D,1509992517214,96.1834
F,1510096323914,103.8067
H,1510192398714,96.0748
B,1510304184414,111.7857
U,1510392442614,88.2582
R,1510488359414,95.9168
G,1510592356014,103.9966
E,1510697290814,104.9348
N,1510793276214,95.9854
L,1510896351314,103.0751
A,1510992399214,96.0479
N,1511096335414,103.9362
D,1511192370414,96.035
F,1511296345614,103.9752
H,1511392388214,96.0426
B,1511497276114,104.8879
U,1511592333014,95.0569
R,1511697318714,104.9857
G,1511792388914,95.0702
E,1511896368714,103.9798
N,1511992395914,96.0272
L,1512096349614,103.9537
A,1512192349314,95.9997
N,1512296342814,103.9935
D,1512392422014,96.0792
F,1512496363014,103.941
H,1512592177014,95.814
B,1512689410714,97.2337
U,1512792378514,102.9678
R,1512888348314,95.9698
G,1512992359014,104.0107
E,1513097096714,104.7377
N,1513192399014,95.3023
L,1513296357114,103.9581
A,1513392407314,96.0502
N,1513496360714,103.9534
D,1513592360014,95.9993
F,1513696166114,103.8061
H,1513792383614,96.2175
B,1513896868314,104.4847
U,1513992334814,95.4665
R,1514096159114,103.8243
G,1514192400514,96.2414
E,1514296113414,103.7129
N,1514393310514,97.1971
L,1514488389614,95.0791
A,1514592422714,104.0331
N,1514688398114,95.9754
D,1514800389914,111.9918
F,1514888534814,88.1449
H,1514992373314,103.8385
B,1515096313214,103.9399
U,1515192370114,96.0569
R,1515296352214,103.9821
G,1515392343914,95.9917
E,1515496430114,104.0862
N,1515592360014,95.9299
L,1515696434614,104.0746
A,1515792405214,95.9706
N,1515896456014,104.0508
D,1515992420814,95.9648
F,1516096481814,104.061
H,1516192401014,95.9192
B,1516296401514,104.0005
U,1516392432314,96.0308
R,1516497582614,105.1503
G,1516592135114,94.5525
E,1516697516514,105.3814
N,1516792387614,94.8711
L,1516888413314,96.0257
A,1516992383214,103.9699
N,1517088383014,95.9998
D,1517200362614,111.9796
F,1517296367514,96.0049
H,1517392439914,96.0724
B,1517497403214,104.9633
U,1517592395514,94.9923
R,1517696442014,104.0465
G,1517792428814,95.9868
E,1517897417814,104.989
N,1517993532214,96.1144
L,1518096420214,102.888
A,1518192371814,95.9516
N,1518296444914,104.0731
D,1518392390214,95.9453
F,1518496380714,103.9905
H,1518592380914,96.0002
B,1518696206714,103.8258
U,1518792474214,96.2675
R,1518888408514,95.9343
G,1518992466914,104.0584
E,1519097535914,105.069
N,1519192393414,94.8575
L,1519296445214,104.0518
A,1519392433814,95.9886
N,1519496389014,103.9552
D,1519592447014,96.058
F,1519697230414,104.7834
H,1519792402914,95.1725
B,1519896991014,104.5881
U,1519992456014,95.465
R,1520096452214,103.9962
G,1520192453714,96.0015
E,1520296253314,103.7996
N,1520392416014,96.1627
L,1520488454914,96.0389
A,1520592589814,104.1349
N,1520688432714,95.8429
D,1520800286414,111.8537
F,1520888448714,88.1623
H,1520992461614,104.0129
B,1521097244014,104.7824
U,1521192450814,95.2068
R,1521296427714,103.9769
G,1521392484314,96.0566
E,1521497158914,104.6746
N,1521592273914,95.115
L,1521696437714,104.1638
A,1521792400514,95.9628
N,1521896453614,104.0531
D,1521992444814,95.9912
F,1522096445514,104.0007
H,1522192421014,95.9755
B,1522297168414,104.7474
U,1522392472014,95.3036
R,1522496427814,103.9558
G,1522600204914,103.7771
E,1522697199014,96.9941
N,1522792502814,95.3038
L,1522888546014,96.0432
A,1522992482014,103.936
N,1523096478614,103.9966
D,1523200508114,104.0295
F,1523296483914,95.9758
H,1523392436514,95.9526
B,1523496495414,104.0589
U,1523592471414,95.976
R,1523696455514,103.9841
G,1523792420314,95.9648
E,1523896447414,104.0271
N,1523992436114,95.9887
L,1524096447314,104.0112
A,1524192451414,96.0041
N,1524296467314,104.0159
D,1524392461414,95.9941
F,1524496421914,103.9605
H,1524592176514,95.7546
B,1524689432314,97.2558
U,1524792534114,103.1018
R,1524897509814,104.9757
G,1524992440014,94.9302
E,1525096454914,104.0149
N,1525192441314,95.9864
L,1525296571614,104.1303
A,1525392454914,95.8833
N,1525496479314,104.0244
D,1525592507814,96.0285
F,1525696493214,103.9854
H,1525792497814,96.0046
B,1525897363914,104.8661
U,1525992529814,95.1659
R,1526096478314,103.9485
G,1526192451414,95.9731
E,1526297358714,104.9073
N,1526392462814,95.1041
L,1526488270914,95.8081
A,1526592450314,104.1794
N,1526688342614,95.8923
D,1526800495114,112.1525
F,1526896509114,96.014
H,1526992478014,95.9689
B,1527097196314,104.7183
U,1527192472414,95.2761
R,1527296376914,103.9045
G,1527392490614,96.1137
E,1527497429914,104.9393
N,1527593348814,95.9189
L,1527696482314,103.1335
A,1527792587114,96.1048
N,1527896493514,103.9064
D,1527992504514,96.011
F,1528096499914,103.9954
H,1528192539414,96.0395
B,1528296484114,103.9447
U,1528392508614,96.0245
R,1528488604814,96.0962
G,1528592222314,103.6175
E,1528696465014,104.2427
N,1528792466714,96.0017
L,1528896520614,104.0539
A,1528992502514,95.9819
N,1529096473714,103.9712
D,1529192527114,96.0534
F,1529296509714,103.9826
H,1529392445714,95.936
B,1529497225614,104.7799
U,1529592471814,95.2462
R,1529696531714,104.0599
G,1529792492114,95.9604
E,1529896247214,103.7551
N,1529992509714,96.2625
L,1530096506814,103.9971
A,1530192592614,96.0858
N,1530296540814,103.9482
D,1530400512714,103.9719
F,1530488487314,87.9746
H,1530592509214,104.0219
B,1530697174314,104.6651
U,1530792491414,95.3171
R,1530896613114,104.1217
G,1530992502714,95.8896
E,1531096474714,103.972
N,1531192483214,96.0085
L,1531296276614,103.7934
A,1531392479514,96.2029
N,1531496525914,104.0464
D,1531592401514,95.8756
F,1531696538114,104.1366
H,1531792473714,95.9356
B,1531896556014,104.0823
U,1531992264814,95.7088
R,1532097103014,104.8382
G,1532200329614,103.2266
E,1532296500014,96.1704
N,1532393137914,96.6379
L,1532488567714,95.4298
A,1532592278614,103.7109
N,1532696500714,104.2221
D,1532800559614,104.0589
F,1532896540214,95.9806
H,1532992388914,95.8487
B,1533096512914,104.124
U,1533192303414,95.7905
R,1533296549814,104.2464
G,1533392364214,95.8144
E,1533496494114,104.1299
N,1533600300714,103.8066
L,1533696527614,96.2269
A,1533792533714,96.0061
N,1533896516414,103.9827
D,1533992585714,96.0693
F,1534096528214,103.9425
H,1534200566814,104.0386
B,1534296566314,95.9995
U,1534392659114,96.0928
R,1534488530214,95.8711
G,1534592778314,104.2481
E,1534697271914,104.4936
N,1534792540014,95.2681
L,1534896532514,103.9925
A,1534992552214,96.0197
N,1535096513414,103.9612
D,1535192532614,96.0192
F,1535296521414,103.9888
H,1535392567014,96.0456
B,1535497130414,104.5634
U,1535592370114,95.2397
R,1535697225714,104.8556
G,1535792539614,95.3139
E,1535897578414,105.0388
N,1535992567914,94.9895
L,1536088519214,95.9513
A,1536192354514,103.8353
N,1536288511214,96.1567
D,1536400536914,112.0257
F,1536488637514,88.1006
H,1536592562814,103.9253
B,1536696530014,103.9672
U,1536792556514,96.0265
R,1536896333414,103.7769
G,1536992569814,96.2364
E,1537096538114,103.9683
N,1537192629314,96.0912
L,1537296382014,103.7527
A,1537392225814,95.8438
N,1537496526814,104.301
D,1537592549414,96.0226
F,1537696582214,104.0328
H,1537792589914,96.0077
B,1537897387514,104.7976
U,1537992558114,95.1706
R,1538097574014,105.0159
G,1538200584314,103.0103
E,1538297051014,96.4667
N,1538393480314,96.4293
L,1538488599714,95.1194
A,1538592426314,103.8266
N,1538696478714,104.0524
D,1538800569514,104.0908
F,1538896387514,95.818
H,1538992554814,96.1673
B,1539097250014,104.6952
U,1539192592614,95.3426
R,1539296517614,103.925
G,1539392589314,96.0717
E,1539496632914,104.0436
N,1539592621914,95.989
L,1539696651914,104.03
A,1539792576714,95.9248
N,1539896640014,104.0633
D,1539992617714,95.9777
F,1540096750114,104.1324
H,1540192537514,95.7874
B,1540288462014,95.9245
U,1540392650914,104.1889
R,1540496721514,104.0706
G,1540592630414,95.9089
E,1540696600814,103.9704
N,1540793263714,96.6629
L,1540896575914,103.3122
A,1540992588614,96.0127
N,1541096581914,103.9933
D,1541192582614,96.0007
F,1541296624214,104.0416
H,1541392632714,96.0085
B,1541497357814,104.7251
U,1541592616214,95.2584
R,1541696601714,103.9855
G,1541792637514,96.0358
E,1541896609614,103.9721
N,1541993550914,96.9413
L,1542088409514,94.8586
A,1542192576814,104.1673
N,1542288591614,96.0148
D,1542400604914,112.0133
F,1542496613214,96.0083
H,1542592339714,95.7265
B,1542696692314,104.3526
U,1542792670214,95.9779
R,1542896587514,103.9173
G,1542992595414,96.0079
E,1543096612714,104.0173
N,1543192633714,96.021
L,1543296315014,103.6813
A,1543392597214,96.2822
N,1543496613214,104.016
D,1543592649014,96.0358
F,1543696626114,103.9771
H,1543792609614,95.9835
B,1543897527714,104.9181
U,1543992607814,95.0801
R,1544096640314,104.0325
G,1544200427014,103.7867
E,1544296607614,96.1806
N,1544392601714,95.9941
L,1544496652614,104.0509
A,1544592628714,95.9761
N,1544696369714,103.741
D,1544800587814,104.2181
F,1544896629714,96.0419
H,1544992649714,96.02
B,1545097420114,104.7704
U,1545192646914,95.2268
R,1545296671914,104.025
G,1545392652014,95.9801
E,1545496649914,103.9979
N,1545593206914,96.557
L,1545696645214,103.4383
A,1545792610014,95.9648
N,1545896611714,104.0017
D,1546000654314,104.0426
F,1546096640414,95.9861
H,1546192642014,96.0016
B,1546289475714,96.8337
U,1546392628914,103.1532
R,1546496690314,104.0614
G,1546592473314,95.783
E,1546696677914,104.2046
N,1546792607814,95.9299
L,1546896674614,104.0668
A,1546992636914,95.9623
N,1547096611314,103.9744
D,1547192618314,96.007
F,1547296617814,103.9995
H,1547392651414,96.0336
B,1547496675614,104.0242
U,1547592641314,95.9657
R,1547696621714,103.9804
G,1547792649914,96.0282
E,1547896523714,103.8738
N,1548001386014,104.8623
L,1548088644114,87.2581
A,1548192668814,104.0247
N,1548288448714,95.7799
D,1548400636714,112.188
F,1548496655214,96.0185
H,1548592650014,95.9948
B,1548697721614,105.0716
U,1548792647514,94.9259
R,1548896701314,104.0538
G,1548992696414,95.9951
E,1549096705914,104.0095
N,1549193441214,96.7353
L,1549296680914,103.2397
A,1549392640814,95.9599
N,1549496702414,104.0616
D,1549592513714,95.8113
F,1549696682014,104.1683
H,1549792641614,95.9596
B,1549896634714,103.9931
U,1550000656714,104.022
R,1550097663914,97.0072
G,1550200739614,103.0757
E,1550296689814,95.9502
N,1550393316714,96.6269
L,1550496687114,103.3704
A,1550592415714,95.7286
N,1550696511314,104.0956
D,1550800691914,104.1806
F,1550896644214,95.9523
H,1550992859114,96.2149
B,1551096494214,103.6351
U,1551192679714,96.1855
R,1551296678514,103.9988
G,1551392712314,96.0338
E,1551496681614,103.9693
N,1551592661114,95.9795
L,1551696648214,103.9871
A,1551792705314,96.0571
N,1551896689914,103.9846
D,1551992716614,96.0267
F,1552096687914,103.9713
H,1552200666114,103.9782
B,1552297462314,96.7962
U,1552392841914,95.3796
R,1552488655514,95.8136
G,1552592666014,104.0105
E,1552697695114,105.0291
N,1552792693214,94.9981
L,1552896729014,104.0358
A,1552992732014,96.003
N,1553096740114,104.0081
D,1553192742814,96.0027
F,1553296488114,103.7453
H,1553392715014,96.2269
B,1553497789914,105.0749
U,1553592691114,94.9012
R,1553696730214,104.0391
G,1553792645514,95.9153
E,1553896664514,104.019
N,1553992658714,95.9942
L,1554096716614,104.0579
A,1554192716014,95.9994
N,1554296746514,104.0305
D,1554400738714,103.9922
F,1554488711214,87.9725
H,1554592449814,103.7386
B,1554696788614,104.3388
U,1554792721114,95.9325
R,1554896759114,104.038
G,1554992689514,95.9304
E,1555096742014,104.0525
N,1555192678414,95.9364
L,1555296683714,104.0053
A,1555392705614,96.0219
N,1555496849614,104.144
D,1555592748814,95.8992
F,1555696688414,103.9396
H,1555792697114,96.0087
B,1555897433714,104.7366
U,1555992708014,95.2743
R,1556096466114,103.7581
G,1556192713214,96.2471
E,1556296665214,103.952
N,1556401540114,104.8749
L,1556488694314,87.1542
A,1556592503214,103.8089
N,1556688504214,96.001
D,1556800751714,112.2475
F,1556896770414,96.0187
H,1556992506514,95.7361
B,1557096734214,104.2277
U,1557192528514,95.7943
R,1557296511514,103.983
G,1557392552414,96.0409
E,1557496616314,104.0639
N,1557592495914,95.8796
L,1557696732214,104.2363
A,1557792740414,96.0082
N,1557896685714,103.9453
D,1557992777014,96.0913
F,1558096723414,103.9464
H,1558192839514,96.1161
B,1558297738614,104.8991
U,1558400714914,102.9763
R,1558496745314,96.0304
G,1558600721914,103.9766
E,1558697949114,97.2272
N,1558792771614,94.8225
L,1558896745514,103.9739
A,1558992733814,95.9883
N,1559096732914,103.9991
D,1559200743714,104.0108
F,1559296684714,95.941
H,1559392712214,96.0275
B,1559496799214,104.087
U,1559592790314,95.9911
R,1559696792514,104.0022
G,1559792769614,95.9771
E,1559896753714,103.9841
N,1559993623014,96.8693
L,1560096744914,103.1219
A,1560192762214,96.0173
N,1560296890314,104.1281
D,1560392745614,95.8553
F,1560496765614,104.02
H,1560600697214,103.9316
B,1560696725914,96.0287
U,1560792566614,95.8407
R,1560888622514,96.0559
G,1560992787914,104.1654
E,1561096807314,104.0194
N,1561192813714,96.0064
L,1561296749814,103.9361
A,1561392765114,96.0153
N,1561496748114,103.983
D,1561592835914,96.0878
F,1561696749914,103.914
H,1561792773414,96.0235
B,1561896758214,103.9848
U,1561992752914,95.9947
R,1562096543314,103.7904
G,1562192750414,96.2071
E,1562297425314,104.6749
N,1562392779714,95.3544
L,1562496536214,103.7565
A,1562592659714,96.1235
N,1562696520814,103.8611
D,1562800805614,104.2848
F,1562888856914,88.0513
H,1562992798614,103.9417
B,1563096649914,103.8513
U,1563192790514,96.1406
R,1563296587214,103.7967
G,1563392763314,96.1761
E,1563496556814,103.7935
N,1563593715514,97.1587
L,1563696992314,103.2768
A,1563792794414,95.8021
N,1563896660114,103.8657
D,1563992775614,96.1155
F,1564096930114,104.1545
H,1564192492914,95.5628
B,1564296957114,104.4642
U,1564392821914,95.8648
R,1564496862714,104.0408
G,1564592803414,95.9407
E,1564696766414,103.963
N,1564800784114,104.0177
L,1564888773014,87.9889
A,1564992792714,104.0197
N,1565088807314,96.0146
D,1565200852014,112.0447
F,1565296877414,96.0254
H,1565392847114,95.9697
B,1565496893414,104.0463
U,1565592845214,95.9518
R,1565696773514,103.9283
G,1565792828714,96.0552
E,1565896823514,103.9948
N,1565993889314,97.0658
L,1566096599714,102.7104
A,1566192787214,96.1875
N,1566296803514,104.0163
D,1566392827414,96.0239
F,1566496331514,103.5041
H,1566592532014,96.2005
B,1566697747014,105.215
U,1566792809414,95.0624
R,1566896572214,103.7628
G,1567000805014,104.2328
E,1567096850014,96.045
N,1567192822214,95.9722
L,1567288861914,96.0397
A,1567392852214,103.9903
N,1567496786014,103.9338
D,1567600618314,103.8323
F,1567696800614,96.1823
H,1567792801414,96.0008
B,1567896815614,104.0142
U,1567992834714,96.0191
R,1568096818014,103.9833
G,1568192835514,96.0175
E,1568296855514,104.02
N,1568392845414,95.9899
L,1568496839814,103.9944
A,1568592849714,96.0099
N,1568696772514,103.9228
D,1568792900714,96.1282
F,1568896801614,103.9009
H,1569000636314,103.8347
B,1569097830914,97.1946
U,1569192865514,95.0346
R,1569296842214,103.9767
G,1569392858414,96.0162
E,1569496830614,103.9722
N,1569592683114,95.8525
L,1569696860914,104.1778
A,1569792867914,96.007
N,1569896695214,103.8273
D,1569992813514,96.1183
F,1570096846614,104.0331
H,1570192810314,95.9637
B,1570296841414,104.0311
U,1570392877714,96.0363
R,1570496831914,103.9542
G,1570592861614,96.0297
E,1570696834414,103.9728
N,1570793651614,96.8172
L,1570896849214,103.1976
A,1570992880414,96.0312
N,1571096863814,103.9834
D,1571200865814,104.002
F,1571288861414,87.9956
H,1571392836514,103.9751
B,1571496846014,104.0095
U,1571592873314,96.0273
R,1571696814014,103.9407
G,1571792832514,96.0185
E,1571896899314,104.0668
N,1571992891714,95.9924
L,1572096920314,104.0286
A,1572192827714,95.9074
N,1572296890714,104.063
D,1572392871714,95.981
F,1572496827414,103.9557
H,1572592599314,95.7719
B,1572697848114,105.2488
U,1572792876214,95.0281
R,1572896841014,103.9648
G,1572992922414,96.0814
E,1573097914314,104.9919
N,1573200898914,102.9846
L,1573288875014,87.9761
A,1573392884114,104.0091
N,1573496896514,104.0124
D,1573600736214,103.8397
F,1573696866414,96.1302
H,1573792876714,96.0103
B,1573896908514,104.0318
U,1573992908214,95.9997
R,1574096860714,103.9525
G,1574193000714,96.14
E,1574297888414,104.8877
N,1574392883814,94.9954
L,1574496595414,103.7116
A,1574592705014,96.1096
N,1574696928814,104.2238
D,1574792867414,95.9386
F,1574896898014,104.0306
H,1574992918614,96.0206
B,1575097834914,104.9163
U,1575200868014,103.0331
R,1575296911014,96.043
G,1575400892914,103.9819
E,1575496881414,95.9885
N,1575592882114,96.0007
L,1575696858114,103.976
A,1575792873814,96.0157
N,1575896892414,104.0186
D,1575992858214,95.9658
F,1576096815314,103.9571
H,1576192898314,96.083
B,1576297843214,104.9449
U,1576392894014,95.0508
R,1576496901214,104.0072
G,1576592901814,96.0006
E,1576696898914,103.9971
N,1576800862714,103.9638
L,1576896893414,96.0307
A,1576992871914,95.9785
N,1577096869514,103.9976
D,1577200946814,104.0773
F,1577296898414,95.9516
H,1577392872214,95.9738
B,1577488919014,96.0468
U,1577592749314,103.8303
R,1577696912414,104.1631
G,1577792907114,95.9947
E,1577897944514,105.0374
N,1577992921314,94.9768
L,1578096898614,103.9773
A,1578192912114,96.0135
N,1578296898614,103.9865
D,1578392877914,95.9793
F,1578496896114,104.0182
H,1578592922714,96.0266
B,1578696689814,103.7671
U,1578792921714,96.2319
R,1578896925914,104.0042
G,1578992899614,95.9737
E,1579096911814,104.0122
N,1579200938414,104.0266
L,1579288927014,87.9886
A,1579392922714,103.9957
N,1579488928314,96.0056
D,1579600784714,111.8564
F,1579696853914,96.0692
H,1579792903214,96.0493
B,1579896885514,103.9823
U,1579992904514,96.019
R,1580096934514,104.03
G,1580192900514,95.966
E,1580296981014,104.0805
N,1580392702214,95.7212
L,1580496953214,104.251
A,1580592688414,95.7352
N,1580696965414,104.277
D,1580792647214,95.6818
F,1580896841914,104.1947
H,1580992664814,95.8229
B,1581096705414,104.0406
U,1581200921814,104.2164
R,1581296895814,95.974
G,1581400845214,103.9494
E,1581497753414,96.9082
N,1581592729114,94.9757
L,1581696936814,104.2077
A,1581792822614,95.8858
N,1581896921614,104.099
D,1582000961914,104.0403
F,1582096943114,95.9812
H,1582192743914,95.8008
B,1582296839314,104.0954
U,1582392877914,96.0386
R,1582496953414,104.0755
G,1582593031114,96.0777
E,1582696994414,103.9633
N,1582794035414,97.041
L,1582896980614,102.9452
A,1582993107414,96.1268
N,1583096918114,103.8107
D,1583192953814,96.0357
F,1583296942314,103.9885
H,1583401027614,104.0853
B,1583497981514,96.9539
U,1583592682014,94.7005
R,1583696939714,104.2577
G,1583792933914,95.9942
E,1583897856614,104.9227
N,1583992932414,95.0758
L,1584096897514,103.9651
A,1584192997214,96.0997
N,1584296746214,103.749
D,1584392976514,96.2303
F,1584496703214,103.7267
H,1584593006214,96.303
B,1584697603014,104.5968
U,1584792993614,95.3906
R,1584896962414,103.9688
G,1584992941714,95.9793
E,1585097027814,104.0861
N,1585193007714,95.9799
L,1585296931114,103.9234
A,1585392984614,96.0535
N,1585496982614,103.998
D,1585600981614,103.999
F,1585696935214,95.9536
H,1585792981314,96.0461
B,1585896945514,103.9642
U,1585993002514,96.057
R,1586096943814,103.9413
G,1586192987514,96.0437
E,1586312783214,119.7957
N,1586392983114,80.1999
L,1586496830314,103.8472
A,1586592935314,96.105
N,1586696720814,103.7855
D,1586792987414,96.2666
F,1586896739414,103.752
H,1586992965414,96.226
B,1587097601914,104.6365
U,1587192793614,95.1917
R,1587296829714,104.0361
G,1587392963914,96.1342
E,1587496867514,103.9036
N,1587602035814,105.1683
L,1587688993414,86.9576
A,1587792997914,104.0045
N,1587888958914,95.961
D,1588000737814,111.7789
F,1588097008014,96.2702
H,1588192991014,95.983
B,1588297835514,104.8445
U,1588392983114,95.1476
R,1588496758814,103.7757
G,1588593001114,96.2423
E,1588697100514,104.0994
N,1588793061014,95.9605
L,1588897166014,104.105
A,1588993018614,95.8526
N,1589097010414,103.9918
D,1589193086314,96.0759
F,1589296959114,103.8728
H,1589392989614,96.0305
B,1589498064814,105.0752
U,1589592992414,94.9276
R,1589697005014,104.0126
G,1589800987214,103.9822
E,1589897017014,96.0298
N,1589993041914,96.0249
L,1590097056614,104.0147
A,1590193064814,96.0082
N,1590297008914,103.9441
D,1590401001914,103.993
F,1590497021714,96.0198
H,1590592993014,95.9713
B,1590696985414,103.9924
U,1590793002714,96.0173
R,1590897009914,104.0072
G,1590992835214,95.8253
E,1591096860414,104.0252
N,1591193058714,96.1983
L,1591297073514,104.0148
A,1591393088614,96.0151
N,1591497065314,103.9767
D,1591592819114,95.7538
F,1591697083114,104.264
H,1591793078814,95.9957
B,1591897969414,104.8906
U,1592001013314,103.0439
R,1592097022214,96.0089
G,1592200931114,103.9089
E,1592297053314,96.1222
N,1592393465314,96.412
L,1592497001414,103.5361
A,1592593004014,96.0026
N,1592697088114,104.0841
D,1592800780914,103.6928
F,1592897045814,96.2649
H,1592993048014,96.0022
B,1593097083814,104.0358
U,1593193083914,96.0001
R,1593297015614,103.9317
G,1593393031614,96.016
E,1593497019214,103.9876
N,1593592989914,95.9707
L,1593697023514,104.0336
A,1593793056214,96.0327
N,1593897023214,103.967
D,1594001207914,104.1847
F,1594097050014,95.8421
H,1594201151814,104.1018
B,1594298026214,96.8744
U,1594393070514,95.0443
R,1594497078014,104.0075
G,1594593051714,95.9737
E,1594697974914,104.9232
N,1594793083014,95.1081
L,1594897018714,103.9357
A,1594993050014,96.0313
N,1595097035214,103.9852
D,1595193081314,96.0461
F,1595297128914,104.0476
H,1595393050814,95.9219
B,1595496859414,103.8086
U,1595593056014,96.1966
R,1595697079114,104.0231
G,1595792879314,95.8002
E,1595897086214,104.2069
N,1595993045714,95.9595
L,1596096771314,103.7256
A,1596193060314,96.289
N,1596297032214,103.9719
D,1596401098514,104.0663
F,1596496804914,95.7064
H,1596593060014,96.2551
B,1596697066014,104.006
U,1596793083714,96.0177
R,1596897137814,104.0541
G,1596993090714,95.9529
E,1597097061814,103.9711
N,1597194035814,96.974
L,1597297044314,103.0085
A,1597393044314,96.0
N,1597497038114,103.9938
D,1597593034514,95.9964
F,1597697118614,104.0841
H,1597793066414,95.9478
B,1597897056814,103.9904
U,1597993096214,96.0394
R,1598097068614,103.9724
G,1598201062014,103.9934
E,1598297090014,96.028
N,1598401101014,104.011
L,1598488963614,87.8626
A,1598593066214,104.1026
N,1598697152514,104.0863
D,1598801062814,103.9103
F,1598897071314,96.0085
H,1598993067014,95.9957
B,1599097113514,104.0465
U,1599193091014,95.9775
R,1599297087114,103.9961
G,1599393081414,95.9943
E,1599498099514,105.0181
N,1599594126214,96.0267
L,1599696864314,102.7381
A,1599793088914,96.2246
N,1599897111914,104.023
D,1599993268314,96.1564
F,1600097105614,103.8373
H,1600193067214,95.9616
B,1600297061514,103.9943
U,1600400972314,103.9108
R,1600497101914,96.1296
G,1600601107914,104.006
E,1600697080114,95.9722
N,1600793108014,96.0279
L,1600896812514,103.7045
A,1600993103714,96.2912
N,1601097089714,103.986
D,1601201114514,104.0248
F,1601297099414,95.9849
H,1601393119914,96.0205
B,1601497959014,104.8391
U,1601593082814,95.1238
R,1601697096914,104.0141
G,1601793134014,96.0371
E,1601897156814,104.0228
N,1601993951214,96.7944
L,1602097064214,103.113
A,1602193082414,96.0182
N,1602296865014,103.7826
D,1602401092914,104.2279
F,1602497172514,96.0796
H,1602601099014,103.9265
B,1602698135714,97.0367
U,1602792910314,94.7746
R,1602897078814,104.1685
G,1602993123014,96.0442
E,1603097088314,103.9653
N,1603194160514,97.0722
L,1603297119414,102.9589
A,1603393126714,96.0073
N,1603497172014,104.0453
D,1603593093714,95.9217
F,1603697142414,104.0487
H,1603793108214,95.9658
B,1603897176014,104.0678
U,1603993081414,95.9054
R,1604097106714,104.0253
G,1604193079314,95.9726
E,1604297102014,104.0227
N,1604394005614,96.9036
L,1604497131614,103.126
A,1604593106114,95.9745
N,1604697121414,104.0153
D,1604801132514,104.0111
F,1604897144714,96.0122
H,1604992891014,95.7463
B,1605097104214,104.2132
U,1605192910414,95.8062
R,1605297172814,104.2624
G,1605392956014,95.7832
E,1605497154314,104.1983
N,1605592875514,95.7212
L,1605697142614,104.2671
A,1605792943014,95.8004
N,1605897121414,104.1784
D,1605992906314,95.7849
F,1606097139714,104.2334
H,1606192993814,95.8541
B,1606297990714,104.9969
U,1606393168914,95.1782
R,1606497201314,104.0324
G,1606601152514,103.9512
E,1606697118314,95.9658
N,1606802060414,104.9421
L,1606897163414,95.103
A,1606992914514,95.7511
N,1607097105714,104.1912
D,1607201122014,104.0163
F,1607297122614,96.0006
H,1607393171314,96.0487
B,1607497150014,103.9787
U,1607593221514,96.0715
R,1607696886714,103.6652
G,1607793130514,96.2438
E,1607897107914,103.9774
N,1607994085314,96.9774
L,1608097134314,103.049
A,1608193185414,96.0511
N,1608297126114,103.9407
D,1608393191014,96.0649
F,1608497141114,103.9501
H,1608601162014,104.0209
B,1608697206914,96.0449
U,1608801156614,103.9497
R,1608897159214,96.0026
G,1609001151214,103.992
E,1609097124714,95.9735
N,1609194146214,97.0215
L,1609297227614,103.0814
A,1609393168414,95.9408
N,1609497127814,103.9594
D,1609593162414,96.0346
F,1609697118314,103.9559
H,1609793151314,96.033
B,1609898218414,105.0671
U,1609993223714,95.0053
R,1610097157514,103.9338
G,1610193161114,96.0036
E,1610297148314,103.9872
N,1610393177614,96.0293
L,1610497150714,103.9731
A,1610601219514,104.0688
N,1610696925714,95.7062
D,1610801169714,104.244
F,1610896985714,95.816
H,1610993170214,96.1845
B,1611097006414,103.8362
U,1611193125614,96.1192
R,1611296987914,103.8623
G,1611393162814,96.1749
E,1611497030914,103.8681
N,1611594263014,97.2321
L,1611697062214,102.7992
A,1611793303614,96.2414
N,1611896921114,103.6175
D,1611993200714,96.2796
F,1612097180314,103.9796
H,1612193135214,95.9549
B,1612298026914,104.8917
U,1612393160914,95.134
R,1612497127514,103.9666
G,1612601170614,104.0431
E,1612697354014,96.1834
N,1612802218914,104.8649
L,1612889250614,87.0317
A,1612993190114,103.9395
N,1613097320714,104.1306
D,1613201227014,103.9063
F,1613297251014,96.024
H,1613393226514,95.9755
B,1613497189914,103.9634
U,1613593197814,96.0079
R,1613697192114,103.9943
G,1613793162914,95.9708
E,1613897186714,104.0238
N,1613993232514,96.0458
L,1614097203514,103.971
A,1614193201814,95.9983
N,1614297238014,104.0362
D,1614393223614,95.9856
F,1614497213014,103.9894
H,1614593228014,96.015
B,1614697246414,104.0184
U,1614801061414,103.815
R,1614897234514,96.1731
G,1615001174614,103.9401
E,1615097218514,96.0439
N,1615194115814,96.8973
L,1615296969514,102.8537
A,1615393227914,96.2584
N,1615497296714,104.0688
D,1615601183714,103.887
F,1615697252514,96.0688
H,1615793237214,95.9847
B,1615898210914,104.9737
U,1615993259714,95.0488
R,1616097208914,103.9492
G,1616193251014,96.0421
E,1616297198614,103.9476
N,1616393786514,96.5879
L,1616497221014,103.4345
A,1616593215114,95.9941
N,1616697215614,104.0005
D,1616800939314,103.7237
F,1616897249114,96.3098
H,1617001012614,103.7635
B,1617097276614,96.264
U,1617193199814,95.9232
R,1617297207114,104.0073
G,1617393308014,96.1009
E,1617497227214,103.9192
N,1617593703114,96.4759
L,1617696844614,103.1415
A,1617792742314,95.8977
N,1617896752814,104.0105
D,1617992745814,95.993
F,1618096940414,104.1946
H,1618192773814,95.8334
B,1618296984314,104.2105
U,1618392786514,95.8022
R,1618496797714,104.0112
G,1618592755414,95.9577
E,1618697262014,104.5066
N,1618801343914,104.0819
L,1618889213214,87.8693
A,1618993219414,104.0062
N,1619097022414,103.803
D,1619201228014,104.2056
F,1619297237014,96.009
H,1619393238114,96.0011
B,1619497240414,104.0023
U,1619593267014,96.0266
R,1619697289614,104.0226
G,1619793278414,95.9888
E,1619897284914,104.0065
N,1619993254914,95.97
L,1620097244214,103.9893
A,1620193248614,96.0044
N,1620297267514,104.0189
D,1620393268714,96.0012
F,1620497274114,104.0054
H,1620593217414,95.9433
B,1620697236114,104.0187
U,1620801231614,103.9955
R,1620897265514,96.0339
G,1621001286514,104.021
E,1621097267314,95.9808
N,1621194187314,96.92
L,1621297249314,103.062
A,1621393278114,96.0288
N,1621497263114,103.985
D,1621601300014,104.0369
F,1621697054714,95.7547
H,1621793254214,96.1995
B,1621898331214,105.077
U,1621993236814,94.9056
R,1622097263314,104.0265
G,1622193065814,95.8025
E,1622297294614,104.2288
N,1622394244314,96.9497
L,1622497294514,103.0502
A,1622593277114,95.9826
N,1622697310014,104.0329
D,1622793273114,95.9631
F,1622897274314,104.0012
H,1623001253014,103.9787
B,1623098232314,96.9793
U,1623201305114,103.0728
R,1623297136414,95.8313
G,1623393243714,96.1073
E,1623497244414,104.0007
N,1623593298114,96.0537
L,1623697304314,104.0062
A,1623793275014,95.9707
N,1623897305714,104.0307
D,1623993290314,95.9846
F,1624097343314,104.053
H,1624193269514,95.9262
B,1624297297314,104.0278
U,1624393294014,95.9967
R,1624497273314,103.9793
G,1624593308614,96.0353
E,1624697284214,103.9756
N,1624801269414,103.9852
L,1624897271514,96.0021
A,1625001348014,104.0765
N,1625097297014,95.949
D,1625201291814,103.9948
F,1625297326614,96.0348
H,1625393279914,95.9533
B,1625497329314,104.0494
U,1625593308214,95.9789
R,1625697307114,103.9989
G,1625793299714,95.9926
E,1625897367914,104.0682
N,1625993322414,95.9545
L,1626097179214,103.8568
A,1626193224914,96.0457
N,1626297282714,104.0578
D,1626393046714,95.764
F,1626497302814,104.2561
H,1626593319014,96.0162
B,1626697300514,103.9815
U,1626793320614,96.0201
R,1626897268114,103.9475
G,1627001308114,104.04
E,1627097326014,96.0179
N,1627202493814,105.1678
L,1627289270714,86.7769
A,1627393305414,104.0347
N,1627497275214,103.9698
D,1627601295314,104.0201
F,1627697318514,96.0232
H,1627793122514,95.804
B,1627896997814,103.8753
U,1627993261414,96.2636
R,1628097294314,104.0329
G,1628193321914,96.0276
E,1628297386014,104.0641
N,1628394206214,96.8202
L,1628497312314,103.1061
A,1628593300214,95.9879
N,1628697355414,104.0552
D,1628793327514,95.9721
F,1628897308314,103.9808
H,1629001358414,104.0501
B,1629097938814,96.5804
U,1629201361414,103.4226
R,1629297345314,95.9839
G,1629401349214,104.0039
E,1629497340414,95.9912
N,1629593093314,95.7529
L,1629697319514,104.2262
A,1629793126214,95.8067
N,1629897308714,104.1825
D,1630001332814,104.0241
F,1630097327714,95.9949
H,1630193130714,95.803
B,1630297335714,104.205
U,1630393210914,95.8752
R,1630497364014,104.1531
G,1630593323714,95.9597
E,1630697307314,103.9836
N,1630794369814,97.0625
L,1630897351214,102.9814
A,1631001429614,104.0784
N,1631097315914,95.8863
D,1631201095714,103.7798
F,1631297355914,96.2602
H,1631393467614,96.1117
B,1631498127114,104.6595
U,1631593485014,95.3579
R,1631697314814,103.8298
G,1631793386514,96.0717
E,1631897329914,103.9434
N,1631993392214,96.0623
L,1632097256614,103.8644
A,1632193324014,96.0674
N,1632297408314,104.0843
D,1632393341414,95.9331
F,1632497325014,103.9836
H,1632593350614,96.0256
B,1632697178314,103.8277
U,1632793384714,96.2064
R,1632897321814,103.9371
G,1633001335014,104.0132
E,1633097422814,96.0878
N,1633201372714,103.9499
L,1633289370514,87.9978
A,1633393408314,104.0378
N,1633497383514,103.9752
D,1633601391214,104.0077
F,1633697351514,95.9603
H,1633793373114,96.0216
B,1633897342114,103.969
U,1633993400314,96.0582
R,1634097393114,103.9928
G,1634193336514,95.9434
E,1634297338714,104.0022
N,1634393333314,95.9946
L,1634497361614,104.0283
A,1634593154014,95.7924
N,1634697416214,104.2622
D,1634793398714,95.9825
F,1634897156114,103.7574
H,1635001413214,104.2571
B,1635097121414,95.7082
U,1635201416614,104.2952
R,1635297108114,95.6915
G,1635401185014,104.0769
E,1635497215614,96.0306
N,1635593387914,96.1723
L,1635697129414,103.7415
A,1635793351714,96.2223
N,1635897177514,103.8258
D,1636001405214,104.2277
F,1636097108814,95.7036
H,1636193512714,96.4039
B,1636297257514,103.7448
U,1636393437314,96.1798
R,1636497354514,103.9172
G,1636593430814,96.0763
E,1636697537514,104.1067
N,1636794453114,96.9156
L,1636897562514,103.1094
A,1637001360914,103.7984
N,1637097477214,96.1163
D,1637201363214,103.886
F,1637297511714,96.1485
H,1637401356814,103.8451
B,1637505371114,104.0143
U,1637593439314,88.0682
R,1637697409614,103.9703
G,1637793414114,96.0045
E,1637897468314,104.0542
N,1637993405214,95.9369
L,1638097378714,103.9735
A,1638193387114,96.0084
N,1638297383614,103.9965
D,1638393382714,95.9991
F,1638497136114,103.7534
H,1638593401014,96.2649
B,1638697440814,104.0398
U,1638793516614,96.0758
R,1638897402014,103.8854
G,1639001391614,103.9896
E,1639097412614,96.021
N,1639201229314,103.8167
L,1639289442514,88.2132
A,1639393454914,104.0124
N,1639497475814,104.0209
D,1639601417614,103.9418
F,1639697381114,95.9635
H,1639793415614,96.0345
B,1639898159114,104.7435
U,1639993170414,95.0113
R,1640097464914,104.2945
G,1640193486114,96.0212
E,1640297392014,103.9059
N,1640394381414,96.9894
L,1640497392114,103.0107
A,1640593457314,96.0652
N,1640697436614,103.9793
D,1640793423914,95.9873
F,1640897430914,104.007
H,1640993422314,95.9914
B,1641097210514,103.7882
U,1641201093514,103.883
R,1641297256114,96.1626
G,1641401306714,104.0506
E,1641497458214,96.1515
N,1641593410914,95.9527
L,1641697496214,104.0853
A,1641793459414,95.9632
N,1641897420914,103.9615
D,1642001321214,103.9003
F,1642097420914,96.0997
H,1642193467714,96.0468
B,1642297401614,103.9339
U,1642393416514,96.0149
R,1642497420914,104.0044
G,1642593413314,95.9924
E,1642697485114,104.0718
N,1642794013914,96.5288
L,1642897474914,103.461
A,1643001515414,104.0405
N,1643097454014,95.9386
D,1643201543114,104.0891
F,1643297449214,95.9061
H,1643401475814,104.0266
B,1643497452614,95.9768
U,1643593454814,96.0022
R,1643697451114,103.9963
G,1643793449014,95.9979
E,1643897196114,103.7471
N,1643993417414,96.2213
L,1644097493614,104.0762
A,1644193516514,96.0229
N,1644297476714,103.9602
D,1644393174914,95.6982
F,1644497495014,104.3201
H,1644593456714,95.9617
B,1644697510314,104.0536
U,1644793489014,95.9787
R,1644897474314,103.9853
G,1645001559214,104.0849
E,1645097166814,95.6076
N,1645202338614,105.1718
L,1645289446614,87.108
A,1645393460214,104.0136
N,1645497186314,103.7261
D,1645601586314,104.4
F,1645697509714,95.9234
H,1645793487614,95.9779
B,1645898260114,104.7725
U,1645993461314,95.2012
R,1646097488014,104.0267
G,1646193473114,95.9851
E,1646297483714,104.0106
N,1646393498314,96.0146
L,1646497442514,103.9442
A,1646593469014,96.0265
N,1646697495214,104.0262
D,1646793481014,95.9858
F,1646897496914,104.0159
H,1647001483314,103.9864
B,1647097475214,95.9919
U,1647201506014,104.0308
R,1647297471314,95.9653
G,1647401444414,103.9731
E,1647497446614,96.0022
N,1647593468814,96.0222
L,1647697487614,104.0188
A,1647793486914,95.9993
N,1647897445714,103.9588
D,1648001470314,104.0246
F,1648097373614,95.9033
H,1648193478214,96.1046
B,1648298372614,104.8944
U,1648393546414,95.1738
R,1648497534914,103.9885
G,1648593233514,95.6986
E,1648697569514,104.336
N,1648793510714,95.9412
L,1648897523714,104.013
A,1649001495014,103.9713
N,1649097478714,95.9837
D,1649201467714,103.989
F,1649297470614,96.0029
H,1649401202814,103.7322
B,1649497486714,96.2839
U,1649593494914,96.0082
R,1649697486814,103.9919
G,1649793517114,96.0303
E,1649897502014,103.9849
N,1649994542714,97.0407
L,1650097492714,102.95
A,1650193507314,96.0146
N,1650297529014,104.0217
D,1650393526714,95.9977
F,1650497525314,103.9986
H,1650593484114,95.9588
B,1650698080614,104.5965
U,1650793488414,95.4078
R,1650897657014,104.1686
G,1651001527814,103.8708
E,1651097485114,95.9573
N,1651202438814,104.9537
L,1651297219514,94.7807
A,1651393298114,96.0786
N,1651497516114,104.218
D,1651601494314,103.9782
F,1651697525514,96.0312
H,1651793344814,95.8193
B,1651897533514,104.1887
U,1651993290214,95.7567
R,1652097485414,104.1952
G,1652193513814,96.0284
E,1652297604314,104.0905
N,1652393270714,95.6664
L,1652497487014,104.2163
A,1652593495614,96.0086
N,1652697547114,104.0515
D,1652793550714,96.0036
F,1652897618414,104.0677
H,1652993521814,95.9034
B,1653098374014,104.8522
U,1653201529114,103.1551
R,1653297236614,95.7075
G,1653401504314,104.2677
E,1653497493914,95.9896
N,1653602224514,104.7306
L,1653697544114,95.3196
A,1653793330414,95.7863
N,1653897516614,104.1862
D,1654001564314,104.0477
F,1654097515614,95.9513
H,1654193431114,95.9155
B,1654297542414,104.1113
U,1654393405314,95.8629
R,1654497564414,104.1591
G,1654593316314,95.7519
E,1654697508114,104.1918
N,1654794417614,96.9095
L,1654897531214,103.1136
A,1654993651414,96.1202
N,1655097561014,103.9096
D,1655201530314,103.9693
F,1655297577514,96.0472
H,1655401522814,103.9453
B,1655498410214,96.8874
U,1655601555114,103.1449
R,1655697749314,96.1942
G,1655793660014,95.9107
E,1655897624914,103.9649
N,1655994257914,96.633
L,1656097297214,103.0393
A,1656193504114,96.2069
N,1656297544914,104.0408
D,1656393406114,95.8612
F,1656497546114,104.14
H,1656593583214,96.0371
B,1656698450914,104.8677
U,1656793609614,95.1587
R,1656897617914,104.0083
G,1656993650314,96.0324
E,1657097527214,103.8769
N,1657201596114,104.0689
L,1657297573114,95.977
A,1657393589914,96.0168
N,1657497601714,104.0118
D,1657601563514,103.9618
F,1657697558814,95.9953
H,1657793553914,95.9951
B,1657897540914,103.987
U,1657993429914,95.889
R,1658097543514,104.1136
G,1658193573814,96.0303
E,1658297595614,104.0218
N,1658409616114,112.0205
L,1658497548214,87.9321
A,1658593590814,96.0426
N,1658697532814,103.942
D,1658793579114,96.0463
F,1658897561114,103.982
H,1658993569814,96.0087
B,1659098500314,104.9305
U,1659201611114,103.1108
R,1659297344714,95.7336
G,1659401614914,104.2702
E,1659497430914,95.816
N,1659601568514,104.1376
L,1659697363514,95.795
A,1659793601614,96.2381
N,1659897493614,103.892
D,1660001598214,104.1046
F,1660097452314,95.8541
H,1660193575014,96.1227
B,1660297300514,103.7255
U,1660393554814,96.2543
R,1660497504814,103.95
G,1660593584314,96.0795
E,1660697547514,103.9632
N,1660793391814,95.8443
L,1660897683114,104.2913
A,1660993632214,95.9491
N,1661097682514,104.0503
D,1661201551614,103.8691
F,1661297675714,96.1241
H,1661401645214,103.9695
B,1661498632614,96.9874
U,1661601603114,102.9705
R,1661697738214,96.1351
G,1661801621114,103.8829
E,1661897717114,96.096
N,1661993616914,95.8998
L,1662097632314,104.0154
A,1662193665514,96.0332
N,1662297576314,103.9108
D,1662393598414,96.0221
F,1662497661814,104.0634
H,1662593616414,95.9546
B,1662698273714,104.6573
U,1662793630014,95.3563
R,1662897571414,103.9414
G,1662993581614,96.0102
E,1663097439614,103.858
N,1663201599114,104.1595
L,1663297310114,95.711
A,1663401567314,104.2572
N,1663497617814,96.0505
D,1663601572414,103.9546
F,1663697649014,96.0766
H,1663793632014,95.983
B,1663897640214,104.0082
U,1663993600414,95.9602
R,1664097651614,104.0512
G,1664193624114,95.9725
E,1664297580114,103.956
N,1664394253614,96.6735
L,1664497654214,103.4006
A,1664593623614,95.9694
N,1664697650314,104.0267
D,1664793626214,95.9759
F,1664897646014,104.0198
H,1664993549114,95.9031
B,1665097692114,104.143
U,1665201398514,103.7064
R,1665297638114,96.2396
G,1665401394814,103.7567
E,1665497627914,96.2331
N,1665601371914,103.744
L,1665697575314,96.2034
A,1665793607514,96.0322
N,1665897653914,104.0464
D,1666001530914,103.877
F,1666097603714,96.0728
H,1666193696114,96.0924
B,1666297653214,103.9571
U,1666393629114,95.9759
R,1666497644114,104.015
G,1666593730614,96.0865
E,1666697705014,103.9744
N,1666793623614,95.9186
L,1666897669714,104.0461
A,1666993628614,95.9589
N,1667097746214,104.1176
D,1667193618314,95.8721
F,1667297529314,103.911
H,1667401745114,104.2158
B,1667498605714,96.8606
U,1667601642814,103.0371
R,1667697681914,96.0391
G,1667801652014,103.9701
E,1667897654614,96.0026
N,1667993699814,96.0452
L,1668097694814,103.995
A,1668193679714,95.9849
N,1668297693614,104.0139
D,1668401620014,103.9264
F,1668497604614,95.9846
H,1668593641714,96.0371
B,1668698636414,104.9947
U,1668793670214,95.0338
R,1668897451214,103.781
G,1668993650814,96.1996
E,1669097694714,104.0439
N,1669193705414,96.0107
L,1669297660814,103.9554
A,1669401694414,104.0336
N,1669497681214,95.9868
D,1669601677514,103.9963
F,1669697661214,95.9837
H,1669801646014,103.9848
B,1669898511414,96.8654
U,1669993789014,95.2776
R,1670097692014,103.903
G,1670193681014,95.989
E,1670297675514,103.9945
N,1670394551814,96.8763
L,1670497455714,102.9039
A,1670593670714,96.215
N,1670697692114,104.0214
D,1670793681614,95.9895
F,1670897686214,104.0046
H,1670993442214,95.756
B,1671098558814,105.1166
U,1671193670314,95.1115
R,1671297715314,104.045
G,1671401681814,103.9665
E,1671497688714,96.0069
N,1671602736214,105.0475
L,1671697689014,94.9528
A,1671793700614,96.0116
N,1671897668914,103.9683
D,1672001724414,104.0555
F,1672097629614,95.9052
H,1672193716214,96.0866
B,1672297703814,103.9876
U,1672393681714,95.9779
R,1672497668114,103.9864
G,1672593677614,96.0095
E,1672697703214,104.0256
N,1672793721314,96.0181
L,1672897682214,103.9609
A,1672993700714,96.0185
N,1673097683514,103.9828
D,1673193709614,96.0261
F,1673297670714,103.9611
H,1673401729114,104.0584
B,1673497714214,95.9851
U,1673601656414,103.9422
R,1673697747514,96.0911
G,1673801689614,103.9421
E,1673897683914,95.9943
N,1673993700714,96.0168
L,1674097664814,103.9641
A,1674193715214,96.0504
N,1674297705614,103.9904
D,1674401760214,104.0546
F,1674497689914,95.9297
H,1674593716014,96.0261
B,1674697774114,104.0581
U,1674793739014,95.9649
R,1674897707714,103.9687
G,1674993718214,96.0105
E,1675097699914,103.9817
N,1675193672614,95.9727
L,1675297709814,104.0372
A,1675401702814,103.993
N,1675497758614,96.0558
D,1675601731614,103.973
F,1675697881414,96.1498
H,1675801768914,103.8875
B,1675897719214,95.9503
U,1675993724714,96.0055
R,1676097458614,103.7339
G,1676193687914,96.2293
E,1676297744814,104.0569
N,1676394352014,96.6072
L,1676497700014,103.348
A,1676593696614,95.9966
N,1676697673414,103.9768
D,1676793725514,96.0521
F,1676897730514,104.005
H,1676993691114,95.9606
B,1677097719614,104.0285
U,1677193706414,95.9868
R,1677297501114,103.7947
G,1677401739514,104.2384
E,1677497753214,96.0137
N,1677601704414,103.9512
L,1677697730914,96.0265
A,1677793511014,95.7801
N,1677897681014,104.17
D,1678001728514,104.0475
F,1678097698014,95.9695
H,1678193514914,95.8169
B,1678297739814,104.2249
U,1678393541714,95.8019
R,1678497603314,104.0616
G,1678593673014,96.0697
E,1678697717814,104.0448
N,1678793596814,95.879
L,1678897432514,103.8357
A,1678993592914,96.1604
N,1679097735814,104.1429
D,1679193840914,96.1051
F,1679297748914,103.908
H,1679401775514,104.0266
B,1679497759714,95.9842
U,1679601758814,103.9991
R,1679697750814,95.992
G,1679801759114,104.0083
E,1679897779014,96.0199
N,1679993890914,96.1119
L,1680097500214,103.6093
A,1680193890814,96.3906
N,1680297784014,103.8932
D,1680401708914,103.9249
F,1680497764514,96.0556
H,1680593705914,95.9414
B,1680698614614,104.9087
U,1680793820714,95.2061
R,1680897777514,103.9568
G,1680993803114,96.0256
E,1681097678714,103.8756
N,1681194731614,97.0529
L,1681297839914,103.1083
A,1681401882114,104.0422
N,1681497757214,95.8751
D,1681601852514,104.0953
F,1681697791914,95.9394
H,1681801780214,103.9883
B,1681897751414,95.9712
U,1681993769114,96.0177
R,1682097748614,103.9795
G,1682193820914,96.0723
E,1682297745914,103.925
N,1682393770314,96.0244
L,1682497744314,103.974
A,1682593742914,95.9986
N,1682697589414,103.8465
D,1682793761814,96.1724
F,1682897753514,103.9917
H,1682993767114,96.0136
B,1683097772014,104.0049
U,1683193748414,95.9764
R,1683297730314,103.9819
G,1683401757614,104.0273
E,1683497654214,95.8966
N,1683601785314,104.1311
L,1683697548914,95.7636
A,1683793808714,96.2598
N,1683897536514,103.7278
D,1684001818014,104.2815
F,1684097700314,95.8823
H,1684193775014,96.0747
B,1684298581714,104.8067
U,1684393782314,95.2006
R,1684497587114,103.8048
G,1684593786614,96.1995
E,1684697665914,103.8793
N,1684794593014,96.9271
L,1684897830014,103.237
A,1684993809214,95.9792
N,1685097897414,104.0882
D,1685193863114,95.9657
F,1685297996014,104.1329
H,1685393780414,95.7844
B,1685497857414,104.077
U,1685601808514,103.9511
R,1685697934414,96.1259
G,1685801825214,103.8908
E,1685897934814,96.1096
N,1686002447214,104.5124
L,1686097595314,95.1481
A,1686193727414,96.1321
N,1686297779714,104.0523
D,1686401776614,103.9969
F,1686497816414,96.0398
H,1686593826314,96.0099
B,1686698795514,104.9692
U,1686793796314,95.0008
R,1686897854514,104.0582
G,1686993809214,95.9547
E,1687097798714,103.9895
N,1687193791014,95.9923
L,1687297839714,104.0487
A,1687393578914,95.7392
N,1687497852114,104.2732
D,1687601799014,103.9469
F,1687697836014,96.037
H,1687801821614,103.9856
B,1687897816014,95.9944
U,1688001829414,104.0134
R,1688097881214,96.0518
G,1688201648314,103.7671
E,1688297816114,96.1678
N,1688393813714,95.9976
L,1688497843714,104.03
A,1688593809914,95.9662
N,1688697872714,104.0628
D,1688801827114,103.9544
F,1688897799914,95.9728
H,1688993835114,96.0352
B,1689097850514,104.0154
U,1689193860614,96.0101
R,1689297868814,104.0082
G,1689393836914,95.9681
E,1689497813214,103.9763
N,1689594809014,96.9958
L,1689697583914,102.7749
A,1689801603014,104.0191
N,1689897867814,96.2648
D,1690001737114,103.8693
F,1690097803314,96.0662
H,1690201719414,103.9161
B,1690297807914,96.0885
U,1690393859214,96.0513
R,1690497842714,103.9835
G,1690593850314,96.0076
E,1690697871014,104.0207
N,1690793858214,95.9872
L,1690897844914,103.9867
A,1690993845214,96.0003
N,1691097934114,104.0889
D,1691193862314,95.9282
F,1691297643014,103.7807
H,1691393835014,96.192
B,1691497823114,103.9881
U,1691593825714,96.0026
R,1691697843114,104.0174
G,1691801859914,104.0168
E,1691897861014,96.0011
N,1692002762814,104.9018
L,1692097838314,95.0755
A,1692201857814,104.0195
N,1692297836114,95.9783
D,1692401871414,104.0353
F,1692497872714,96.0013
H,1692593814414,95.9417
B,1692697883014,104.0686
U,1692793835514,95.9525
R,1692897843714,104.0082
G,1692993826214,95.9825
E,1693097946714,104.1205
N,1693193971514,96.0248
L,1693297878314,103.9068
A,1693393917914,96.0396
N,1693497905314,103.9874
D,1693593893414,95.9881
F,1693697885114,103.9917
H,1693793896114,96.011
B,1693898861014,104.9649
U,1694001895114,103.0341
R,1694097873214,95.9781
G,1694201840914,103.9677
E,1694297842214,96.0013
N,1694402732314,104.8901
L,1694497896114,95.1638
A,1694593875914,95.9798
N,1694697926814,104.0509
D,1694801856614,103.9298
F,1694897887114,96.0305
H,1694993879714,95.9926
B,1695097681814,103.8021
U,1695193907214,96.2254
R,1695297875214,103.968
G,1695393947414,96.0722
E,1695497932714,103.9853
N,1695593851914,95.9192
L,1695697869214,104.0173
A,1695793901314,96.0321
N,1695897912314,104.011
D,1695993939314,96.027
F,1696097587514,103.6482
H,1696201889514,104.302
B,1696298911514,97.022
U,1696401880214,102.9687
R,1696497919114,96.0389
G,1696601871614,103.9525
E,1696697886714,96.0151
N,1696794911514,97.0248
L,1696897853214,102.9417
A,1696993863314,96.0101
N,1697097750214,103.8869
D,1697201911814,104.1616
F,1697297898114,95.9863
H,1697393912914,96.0148
B,1697497890114,103.9772
U,1697593892814,96.0027
R,1697697896214,104.0034
G,1697793910514,96.0143
E,1697897925514,104.015
N,1697993912514,95.987
L,1698097884314,103.9718
A,1698201918914,104.0346
N,1698297874114,95.9552
D,1698401661014,103.7869
F,1698497857114,96.1961
H,1698601942814,104.0857
B,1698699105414,97.1626
U,1698793877514,94.7721
R,1698897937114,104.0596
G,1698993914014,95.9769
E,1699097871614,103.9576
N,1699194936014,97.0644
L,1699297915814,102.9798
A,1699393915814,96.0
N,1699497926314,104.0105
D,1699593971914,96.0456
F,1699697892514,103.9206
H,1699793909914,96.0174
B,1699897873714,103.9638
U,1699993922014,96.0483
R,1700097899514,103.9775
G,1700201665514,103.766
E,1700297946714,96.2812
N,1700401934614,103.9879
L,1700497931814,95.9972
A,1700593782414,95.8506
N,1700697742314,103.9599
D,1700801912814,104.1705
F,1700897910014,95.9972
H,1700993848814,95.9388
B,1701097699814,103.851
U,1701193842914,96.1431
R,1701297938114,104.0952
G,1701393923614,95.9855
E,1701497928514,104.0049
N,1701594838714,96.9102
L,1701697974114,103.1354
A,1701793712514,95.7384
N,1701897929214,104.2167
D,1701993690014,95.7608
F,1702097967414,104.2774
H,1702201926714,103.9593
B,1702298889114,96.9624
U,1702401934214,103.0451
R,1702497897014,95.9628
G,1702601918814,104.0218
E,1702697998014,96.0792
N,1702801955014,103.957
L,1702898036414,96.0814
A,1702993863514,95.8271
N,1703097917414,104.0539
D,1703201929614,104.0122
F,1703297941114,96.0115
H,1703393994414,96.0533
B,1703498899114,104.9047
U,1703594129614,95.2305
R,1703697979514,103.8499
G,1703793950214,95.9707
E,1703897948914,103.9987
N,1703994977314,97.0284
L,1704097757214,102.7799
A,1704201948314,104.1911
N,1704297999814,96.0515
D,1704401955214,103.9554
F,1704497976614,96.0214
H,1704601833714,103.8571
B,1704698998314,97.1646
U,1704793942214,94.9439
R,1704897943714,104.0015
G,1704993977314,96.0336
E,1705098901314,104.924
N,1705193999314,95.098
L,1705297923914,103.9246
A,1705393950314,96.0264
N,1705497967014,104.0167
D,1705593989214,96.0222
F,1705697981614,103.9924
H,1705793960714,95.9791
B,1705898633514,104.6728
U,1706002012814,103.3793
R,1706097711614,95.6988
G,1706201992014,104.2804
E,1706297955714,95.9637
N,1706402006014,104.0503
L,1706497933514,95.9275
A,1706593966314,96.0328
N,1706698014114,104.0478
D,1706802005514,103.9914
F,1706897949514,95.944
H,1706993994214,96.0447
B,1707098573914,104.5797
U,1707193982714,95.4088
R,1707297995414,104.0127
G,1707393966514,95.9711
E,1707497945814,103.9793
N,1707593950714,96.0049
L,1707697845814,103.8951
A,1707793963714,96.1179
N,1707897715714,103.752
D,1708001959514,104.2438
F,1708097752514,95.793
H,1708202013914,104.2614
B,1708298787614,96.7737
U,1708402014614,103.227
R,1708497796414,95.7818
G,1708601992714,104.1963
E,1708698562714,96.57
N,1708794013414,95.4507
L,1708897717214,103.7038
A,1708993996814,96.2796
N,1709097796214,103.7994
D,1709202000314,104.2041
F,1709297987314,95.987
H,1709393979014,95.9917
B,1709499261614,105.2826
U,1709594025614,94.764
R,1709698181214,104.1556
G,1709794023414,95.8422
E,1709898116114,104.0927
N,1710001680614,103.5645
L,1710098118914,96.4383
A,1710202010114,103.8912
N,1710298136414,96.1263
D,1710401993214,103.8568
F,1710497776014,95.7828
H,1710601980614,104.2046
B,1710698723114,96.7425
U,1710793796614,95.0735
R,1710898020314,104.2237
G,1710994018814,95.9985
E,1711098873414,104.8546
N,1711194036914,95.1635
L,1711298005014,103.9681
A,1711394030914,96.0259
N,1711498040314,104.0094
D,1711594020814,95.9805
F,1711698023914,104.0031
H,1711802023414,103.9995
B,1711898651314,96.6279
U,1712001999214,103.3479
R,1712098542014,96.5428
G,1712201997614,103.4556
E,1712298035114,96.0375
N,1712402554314,104.5192
L,1712497995914,95.4416
A,1712594018914,96.023
N,1712698032014,104.0131
D,1712802016314,103.9843
F,1712898007814,95.9915
H,1712994036414,96.0286
B,1713097925114,103.8887
U,1713194040114,96.115
R,1713298005314,103.9652
G,1713394017414,96.0121
E,1713498017414,104.0
N,1713594029214,96.0118
L,1713698024514,103.9953
A,1713801747214,103.7227
N,1713898049514,96.3023
D,1714001814514,103.765
F,1714098037914,96.2234
H,1714201828414,103.7905
B,1714306043714,104.2153
U,1714401777714,95.734
R,1714498976814,97.1991
G,1714601917914,102.9411
E,1714699021114,97.1032
N,1714794006114,94.985
L,1714898058314,104.0522
A,1714994061914,96.0036
N,1715098013514,103.9516
D,1715202157114,104.1436
F,1715298138514,95.9814
H,1715394068514,95.93
B,1715497862914,103.7944
U,1715594062914,96.2
R,1715698719214,104.6563
G,1715802207014,103.4878
E,1715898050414,95.8434
N,1716002156314,104.1059
L,1716097850614,95.6943
A,1716201976614,104.126
N,1716298038714,96.0621
D,1716402079314,104.0406
F,1716498059314,95.98
H,1716594092014,96.0327
B,1716698066914,103.9749
U,1716794054614,95.9877
R,1716898080114,104.0255
G,1716994068314,95.9882
E,1717098824714,104.7564
N,1717194134414,95.3097
L,1717298086614,103.9522
A,1717394032414,95.9458
N,1717498040014,104.0076
D,1717594048314,96.0083
F,1717697858914,103.8106
H,1717801924814,104.0659
B,1717898875514,96.9507
U,1718002096014,103.2205
R,1718099055314,96.9593
G,1718202094814,103.0395
E,1718299102414,97.0076
N,1718402064814,102.9624
L,1718498042414,95.9776
A,1718594062314,96.0199
N,1718698073714,104.0114
D,1718802139914,104.0662
F,1718898062114,95.9222
H,1718994153714,96.0916
B,1719098061414,103.9077
U,1719194146314,96.0849
R,1719298064714,103.9184
G,1719394097414,96.0327
E,1719498085214,103.9878
N,1719602853014,104.7678
L,1719697848914,94.9959
A,1719802055714,104.2068
N,1719898187014,96.1313
D,1720002129314,103.9423
F,1720098072214,95.9429
H,1720202040514,103.9683
B,1720305833114,103.7926
U,1720394124714,88.2916
R,1720498101914,103.9772
G,1720594086714,95.9848
E,1720698749214,104.6625
N,1720794094414,95.3452
L,1720898173814,104.0794
A,1720994078814,95.905
N,1721098083514,104.0047
D,1721194092014,96.0085
F,1721298113614,104.0216
H,1721394118814,96.0052
B,1721499046514,104.9277
U,1721602102914,103.0564
R,1721698079714,95.9768
G,1721802104614,104.0249
E,1721898103614,95.999
N,1722002862814,104.7592
L,1722097803414,94.9406
A,1722194117914,96.3145
N,1722298110014,103.9921
D,1722402089014,103.979
F,1722498072714,95.9837
H,1722594079714,96.007
B,1722698997914,104.9182
U,1722794180414,95.1825
R,1722898108014,103.9276
G,1722994132614,96.0246
E,1723098103614,103.971
N,1723194096614,95.993
L,1723298105414,104.0088
A,1723394116814,96.0114
N,1723497891014,103.7742
D,1723594120814,96.2298
F,1723698102514,103.9817
H,1723802128314,104.0258
B,1723898120414,95.9921
U,1724002122514,104.0021
R,1724098160914,96.0384
G,1724202181114,104.0202
E,1724298100714,95.9196
N,1724402087414,103.9867
L,1724498143514,96.0561
A,1724594133414,95.9899
N,1724698160814,104.0274
D,1724802119014,103.9582
F,1724898137114,96.0181
H,1724994102614,95.9655
B,1725098220014,104.1174
U,1725194147314,95.9273
R,1725298169614,104.0223
G,1725394142114,95.9725
E,1725498127814,103.9857
N,1725594971114,96.8433
L,1725698109614,103.1385
A,1725802150514,104.0409
N,1725898192514,96.042
D,1726002097914,103.9054
F,1726098135314,96.0374
H,1726202167214,104.0319
B,1726298753714,96.5865
U,1726402139114,103.3854
R,1726498138614,95.9995
G,1726602165014,104.0264
E,1726698171014,96.006
N,1726793911714,95.7407
L,1726898149914,104.2382
A,1726993969714,95.8198
N,1727098174114,104.2044
D,1727202160714,103.9866
F,1727298155914,95.9952
H,1727393914214,95.7583
B,1727499052114,105.1379
U,1727594039514,94.9874
R,1727698128614,104.0891
G,1727794170714,96.0421
E,1727898903714,104.733
N,1728002158214,103.2545
L,1728098135714,95.9775
A,1728202182614,104.0469
N,1728298127814,95.9452
D,1728402136714,104.0089
F,1728498143214,96.0065
H,1728602154114,104.0109
B,1728698519714,96.3656
U,1728794105314,95.5856
R,1728898131714,104.0264
G,1728994179314,96.0476
E,1729098035414,103.8561
N,1729194168014,96.1326
L,1729298188314,104.0203
A,1729393935714,95.7474
N,1729498185714,104.25
D,1729594191814,96.0061
F,1729698189514,103.9977
H,1729794133414,95.9439
B,1729898156014,104.0226
U,1730002151414,103.9954
R,1730098079914,95.9285
G,1730202036714,103.9568
E,1730298196614,96.1599
N,1730402207614,104.011
L,1730498240214,96.0326
A,1730602226314,103.9861
N,1730698192714,95.9664
D,1730802215714,104.023
F,1730898153014,95.9373
H,1731002172214,104.0192
B,1731098922414,96.7502
U,1731194162214,95.2398
R,1731298162714,104.0005
G,1731394214814,96.0521
E,1731498893714,104.6789
N,1731594173214,95.2795
L,1731698084714,103.9115
A,1731794209714,96.125
N,1731897952914,103.7432
D,1731994243314,96.2904
F,1732097906214,103.6629
H,1732194239314,96.3331
B,1732298758914,104.5196
U,1732402195614,103.4367
R,1732497969214,95.7736
G,1732602211514,104.2423
E,1732698112714,95.9012
N,1732802183414,104.0707
L,1732897983314,95.7999
A,1732994209014,96.2257
N,1733097915414,103.7064
D,1733202203914,104.2885
F,1733298042914,95.839
H,1733394208714,96.1658
B,1733498185814,103.9771
U,1733594241514,96.0557
R,1733698353114,104.1116
G,1733794165014,95.8119
E,1733898284914,104.1199
N,1733994147814,95.8629
L,1734098323314,104.1755
A,1734194206614,95.8833
N,1734298229014,104.0224
D,1734402211914,103.9829
F,1734498195214,95.9833
H,1734602266714,104.0715
B,1734698925114,96.6584
U,1734802208014,103.2829
R,1734899236814,97.0288
G,1735002249714,103.0129
E,1735099044114,96.7944
N,1735202169114,103.125
L,1735298192914,96.0238
A,1735394211414,96.0185
N,1735498186214,103.9748
D,1735602212414,104.0262
F,1735698276714,96.0643
H,1735794281614,96.0049
B,1735898785714,104.5041
U,1735994186514,95.4008
R,1736098263814,104.0773
G,1736194209914,95.9461
E,1736298299814,104.0899
N,1736402185314,103.8855
L,1736498198614,96.0133
A,1736602237814,104.0392
N,1736698227114,95.9893
D,1736802205514,103.9784
F,1736898225814,96.0203
H,1737002266814,104.041
B,1737099278914,97.0121
U,1737202216814,102.9379
R,1737298254114,96.0373
G,1737402188914,103.9348
E,1737499114814,96.9259
N,1737594261414,95.1466
L,1737698241414,103.98
A,1737794209114,95.9677
N,1737898225814,104.0167
D,1738002204314,103.9785
F,1738098241214,96.0369
H,1738194190014,95.9488
B,1738298270314,104.0803
U,1738394282414,96.0121
R,1738498256714,103.9743
G,1738594229114,95.9724
E,1738698266314,104.0372
N,1738803119914,104.8536
L,1738898273314,95.1534
A,1739002157514,103.8842
N,1739098241714,96.0842
D,1739202201614,103.9599
F,1739298226214,96.0246
H,1739402301314,104.0751
B,1739506259414,103.9581
U,1739602302614,96.0432
R,1739698265414,95.9628
G,1739801944314,103.6789
E,1739897847914,95.9036
N,1739993838014,95.9901
L,1740097825914,103.9879
A,1740193801014,95.9751
N,1740298149114,104.3481
D,1740402047414,103.8983
F,1740498261714,96.2143
H,1740594228014,95.9663
B,1740698302814,104.0748
U,1740794234714,95.9319
R,1740898297314,104.0626
G,1741002273314,103.976
E,1741098285814,96.0125
N,1741203102814,104.817
L,1741298295614,95.1928
A,1741402263014,103.9674
N,1741498301614,96.0386
D,1741602292914,103.9913
F,1741698248314,95.9554
H,1741802285314,104.037
B,1741899050714,96.7654
U,1741994305114,95.2544
R,1742098049614,103.7445
G,1742194309314,96.2597
E,1742298279314,103.97
N,1742394065114,95.7858
L,1742498243514,104.1784
A,1742594261914,96.0184
N,1742698271614,104.0097
D,1742794291714,96.0201
F,1742898275914,103.9842
H,1742994270614,95.9947
B,1743099073014,104.8024
U,1743202098714,103.0257
R,1743298251314,96.1526
G,1743402242014,103.9907
E,1743498265714,96.0237
N,1743603218614,104.9529
L,1743698291514,95.0729
A,1743794287114,95.9956
N,1743898271514,103.9844
D,1744002290014,104.0185
F,1744098258214,95.9682
H,1744194314114,96.0559
B,1744299276614,104.9625
U,1744394299414,95.0228
R,1744498272614,103.9732
G,1744594305114,96.0325
E,1744698254714,103.9496
N,1744794276814,96.0221
L,1744898312414,104.0356
A,1744994276514,95.9641
N,1745098342714,104.0662
D,1745194262914,95.9202
F,1745298264814,104.0019
H,1745402260314,103.9955
B,1745499179614,96.9193
U,1745602297814,103.1182
R,1745697971214,95.6734
G,1745802276614,104.3054
E,1745898300114,96.0235
N,1746003176214,104.8761
L,1746098049014,94.8728
A,1746194221414,96.1724
N,1746298314514,104.0931
D,1746402312514,103.998
F,1746498315514,96.003
H,1746594313614,95.9981
B,1746698105314,103.7917
U,1746794289914,96.1846
R,1746898369014,104.0791
G,1746994008114,95.6391
E,1747098206714,104.1986
N,1747193937414,95.7307
L,1747298016314,104.0789
A,1747402067414,104.0511
N,1747497919714,95.8523
D,1747602040814,104.1211
F,1747697986514,95.9457
H,1747802056714,104.0702
B,1747899119414,97.0627
U,1748002329514,103.2101
R,1748098330614,96.0011
G,1748202368614,104.038
E,1748299311614,96.943
N,1748394093714,94.7821
L,1748498376114,104.2824
A,1748594338114,95.962
N,1748698284514,103.9464
D,1748802304414,104.0199
F,1748898324914,96.0205
H,1748994305714,95.9808
B,1749098300714,103.995
U,1749194302014,96.0013
R,1749298345214,104.0432
G,1749394306214,95.961
E,1749498302714,103.9965
N,1749602337714,104.035
L,1749698338414,96.0007
A,1749802336814,103.9984
N,1749898342014,96.0052
D,1750002362114,104.0201
F,1750098265814,95.9037
H,1750202356714,104.0909
B,1750298984314,96.6276
U,1750402352714,103.3684
R,1750498341814,95.9891
G,1750602342214,104.0004
E,1750698305114,95.9629
N,1750794036314,95.7312
L,1750898397614,104.3613
A,1750994145014,95.7474
N,1751098085114,103.9401
D,1751202349714,104.2646
F,1751298353914,96.0042
H,1751394149014,95.7951
B,1751498372114,104.2231
U,1751594211114,95.839
R,1751698429114,104.218
G,1751802344014,103.9149
E,1751898346814,96.0028
N,1752002376614,104.0298
L,1752098146614,95.77
A,1752202164914,104.0183
N,1752298342614,96.1777
D,1752402360714,104.0181
F,1752498352514,95.9918
H,1752602335414,103.9829
B,1752699386914,97.0515
U,1752802368514,102.9816
R,1752898318514,95.95
G,1752994336514,96.018
E,1753098340714,104.0042
N,1753195387214,97.0465
L,1753298377814,102.9906
A,1753394373914,95.9961
N,1753498379814,104.0059
D,1753594392014,96.0122
F,1753698371514,103.9795
H,1753794374214,96.0027
B,1753898374414,104.0002
U,1754002313014,103.9386
R,1754098404314,96.0913
G,1754202331314,103.927
E,1754298347714,96.0164
N,1754402368914,104.0212
L,1754498370714,96.0018
A,1754602380414,104.0097
N,1754698339914,95.9595
D,1754802381214,104.0413
F,1754898487714,96.1065
H,1755002414914,103.9272
B,1755099189514,96.7746
U,1755194393514,95.204
R,1755298416014,104.0225
G,1755394382514,95.9665
E,1755498407414,104.0249
N,1755595298214,96.8908
L,1755698341114,103.0429
A,1755794388814,96.0477
N,1755898363914,103.9751
D,1755994155814,95.7919
F,1756098116114,103.9603
H,1756202389114,104.273
B,1756298919714,96.5306
U,1756402381414,103.4617
R,1756498164614,95.7832
G,1756602402014,104.2374
E,1756698186914,95.7849
N,1756802402014,104.2151
L,1756898136814,95.7348
A,1756994378314,96.2415
N,1757098171314,103.793
D,1757202407414,104.2361
F,1757298153114,95.7457
H,1757394412914,96.2598
B,1757498190014,103.7771
U,1757594383114,96.1931
R,1757698309714,103.9266
G,1757794397814,96.0881
E,1757898598814,104.201
N,1757995430814,96.832
L,1758098569814,103.139
A,1758194433914,95.8641
N,1758298535414,104.1015
D,1758402367614,103.8322
F,1758498485614,96.118
H,1758602415314,103.9297
B,1758706497414,104.0821
U,1758802396214,95.8988
R,1758898412414,96.0162
G,1759002396714,103.9843
E,1759098286414,95.8897
N,1759202493514,104.2071
L,1759298400014,95.9065
A,1759394421814,96.0218
N,1759498418214,103.9964
D,1759602410014,103.9918
F,1759698379214,95.9692
H,1759794383914,96.0047
B,1759898378814,103.9949
U,1759994442814,96.064
R,1760098417914,103.9751
G,1760194397114,95.9792
E,1760298454214,104.0571
N,1760394427114,95.9729
L,1760498429814,104.0027
A,1760602390014,103.9602
N,1760698191414,95.8014
D,1760802397614,104.2062
F,1760898454614,96.057
H,1761002378514,103.9239
B,1761098806014,96.4275
U,1761202345614,103.5396
R,1761298446314,96.1007
G,1761402204014,103.7577
E,1761498441814,96.2378
N,1761594415414,95.9736
L,1761698453614,104.0382
A,1761794423514,95.9699
N,1761898432214,104.0087
D,1762002171914,103.7397
F,1762098404014,96.2321
H,1762194435714,96.0317
B,1762298417214,103.9815
U,1762394463814,96.0466
R,1762498464914,104.0011
G,1762594418914,95.954
E,1762698488414,104.0695
N,1762802243414,103.755
L,1762898450814,96.2074
A,1763002338414,103.8876
N,1763098635214,96.2968
D,1763202331814,103.6966
F,1763298431214,96.0994
H,1763402348414,103.9172
B,1763499416614,97.0682
U,1763602444114,103.0275
R,1763698421014,95.9769
G,1763802476814,104.0558
E,1763898433814,95.957
N,1763994488914,96.0551
L,1764098428514,103.9396
A,1764194457414,96.0289
N,1764298519214,104.0618
D,1764394503714,95.9845
F,1764498465614,103.9619
H,1764594471914,96.0063
B,1764698231514,103.7596
U,1764802457914,104.2264
R,1764898478514,96.0206
G,1765002457014,103.9785
E,1765098462314,96.0053
N,1765202429814,103.9675
L,1765298462514,96.0327
A,1765402444814,103.9823
N,1765498478314,96.0335
D,1765602454914,103.9766
F,1765698475914,96.021
H,1765802468114,103.9922
B,1765898523514,96.0554
U,1765994486714,95.9632
R,1766098506014,104.0193
G,1766194477214,95.9712
E,1766298491314,104.0141
N,1766394498814,96.0075
L,1766498471914,103.9731
A,1766594429914,95.958
N,1766698231014,103.8011
D,1766794508814,96.2778
F,1766898507514,103.9987
H,1767002525914,104.0184
B,1767099363714,96.8378
U,1767202485614,103.1219
R,1767298487414,96.0018
G,1767402446814,103.9594
E,1767498456414,96.0096
N,1767602446614,103.9902
L,1767698459614,96.013
A,1767802463114,104.0035
N,1767898435014,95.9719
D,1768002456714,104.0217
F,1768099405014,96.9483
H,1768194456114,95.0511
B,1768298486314,104.0302
U,1768394481414,95.9951
R,1768498449314,103.9679
G,1768594486914,96.0376
E,1768698635114,104.1482
N,1768794896314,96.2612
L,1768898495414,103.5991
A,1768994485214,95.9898
N,1769098482914,103.9977
D,1769194492814,96.0099
F,1769298470414,103.9776
H,1769402478914,104.0085
B,1769499489714,97.0108
U,1769602525014,103.0353
R,1769698541214,96.0162
G,1769802575014,104.0338
E,1769898489714,95.9147
N,1770003199814,104.7101
L,1770098518114,95.3183
A,1770194510814,95.9927
N,1770298508014,103.9972
D,1770402515314,104.0073
F,1770498515214,95.9999
H,1770594456214,95.941
B,1770698470214,104.014
U,1770794504214,96.034
R,1770898473714,103.9695
G,1770994503914,96.0302
E,1771106267614,111.7637
N,1771195090014,88.8224
L,1771298548114,103.4581
A,1771394493214,95.9451
N,1771498522214,104.029
D,1771602548114,104.0259
F,1771698521714,95.9736
H,1771802520614,103.9989
B,1771898494814,95.9742
U,1772002489314,103.9945
R,1772098482014,95.9927
G,1772202511814,104.0298
E,1772298511514,95.9997
N,1772402533114,104.0216
L,1772498548014,96.0149
A,1772594482614,95.9346
N,1772698476514,103.9939
D,1772802551114,104.0746
F,1772898590614,96.0395
H,1772994520114,95.9295
B,1773098529914,104.0098
U,1773194518914,95.989
R,1773298514514,103.9956
G,1773394500914,95.9864
E,1773498514814,104.0139
N,1773594560314,96.0455
L,1773698553514,103.9932
A,1773802543314,103.9898
N,1773898539214,95.9959
D,1774002552714,104.0135
F,1774098401114,95.8484
H,1774202593214,104.1921
B,1774306525514,103.9323
U,1774402540614,96.0151
R,1774498544914,96.0043
G,1774602509414,103.9645
E,1774698528914,96.0195
N,1774803542214,105.0133
L,1774898538814,94.9966
A,1774994298314,95.7595
N,1775098642414,104.3441
D,1775202581714,103.9393
F,1775298516314,95.9346
H,1775394306914,95.7906
B,1775498536214,104.2293
U,1775594408814,95.8726
R,1775698550114,104.1413
G,1775794432914,95.8828
E,1775898540014,104.1071
N,1776002508714,103.9687
L,1776098303014,95.7943
A,1776202515914,104.2129
N,1776298549314,96.0334
D,1776402344514,103.7952
F,1776498525414,96.1809
H,1776602563814,104.0384
B,1776699540114,96.9763
U,1776802574614,103.0345
R,1776898544414,95.9698
G,1777002563214,104.0188
E,1777098547614,95.9844
N,1777194645614,96.098
L,1777298574814,103.9292
A,1777394563514,95.9887
N,1777498265414,103.7019
D,1777602537914,104.2725
F,1777698561214,96.0233
H,1777794603014,96.0418
B,1777898557514,103.9545
U,1777994660314,96.1028
R,1778098535014,103.8747
G,1778202604214,104.0692
E,1778298456014,95.8518
N,1778403521414,105.0654
L,1778498313614,94.7922
A,1778602616514,104.3029
N,1778698254114,95.6376
D,1778802523014,104.2689
F,1778898550214,96.0272
H,1779002611514,104.0613
B,1779099547514,96.936
U,1779202551114,103.0036
R,1779298560714,96.0096
G,1779402666414,104.1057
E,1779498350714,95.6843
N,1779595640014,97.2893
L,1779698582014,102.942
A,1779794569814,95.9878
N,1779898561314,103.9915
D,1780002630114,104.0688
F,1780098561914,95.9318
H,1780194570914,96.009
B,1780298558314,103.9874
U,1780402611114,104.0528
R,1780498336114,95.725
G,1780602610114,104.274
E,1780698316914,95.7068
N,1780803398214,105.0813
L,1780898351214,94.953
A,1781002561614,104.2104
N,1781098572014,96.0104
D,1781202575314,104.0033
F,1781298495714,95.9204
H,1781402609114,104.1134
B,1781506565014,103.9559
U,1781594276314,87.7113
R,1781698486914,104.2106
G,1781794641314,96.1544
E,1781898544814,103.9035
N,1781995323714,96.7789
L,1782098673214,103.3495
A,1782194591314,95.9181
N,1782298651914,104.0606
D,1782394596614,95.9447
F,1782498756814,104.1602
H,1782602600414,103.8436
B,1782698598814,95.9984
U,1782802582314,103.9835
R,1782898730014,96.1477
G,1783002592014,103.862
E,1783098609214,96.0172
N,1783202595814,103.9866
L,1783298504914,95.9091
A,1783402647714,104.1428
N,1783498602214,95.9545
D,1783602638114,104.0359
F,1783698624114,95.986
H,1783802621214,103.9971
B,1783898363914,95.7427
U,1783994586814,96.2229
R,1784098615814,104.029
G,1784194602214,95.9864
E,1784298693814,104.0916
N,1784394626714,95.9329
L,1784498638014,104.0113
A,1784594631314,95.9933
N,1784698651114,104.0198
D,1784794642714,95.9916
F,1784898637814,103.9951
H,1785002615214,103.9774
B,1785098306614,95.6914
U,1785202617214,104.3106
R,1785298639614,96.0224
G,1785402616314,103.9767
E,1785498670114,96.0538
N,1785603311914,104.6418
L,1785698624914,95.313
A,1785794574614,95.9497
N,1785898696714,104.1221
D,1786002601314,103.9046
F,1786098638714,96.0374
H,1786194636314,95.9976
B,1786299642714,105.0064
U,1786394620714,94.978
R,1786498633514,104.0128
G,1786594402314,95.7688
E,1786706651714,112.2494
N,1786794622014,87.9703
L,1786898623014,104.001
A,1786994635714,96.0127
N,1787098612914,103.9772
D,1787202396314,103.7834
F,1787298629714,96.2334
H,1787402456514,103.8268
B,1787498610114,96.1536
U,1787602574614,103.9645
R,1787698707914,96.1333
G,1787802628314,103.9204
E,1787898624314,95.996
N,1788002742814,104.1185
L,1788098661014,95.9182
A,1788194437214,95.7762
N,1788298633214,104.196
D,1788402653514,104.0203
F,1788498650814,95.9973
H,1788594653414,96.0026
B,1788698630914,103.9775
U,1788794713014,96.0821
R,1788898669614,103.9566
G,1788994703414,96.0338
E,1789098620414,103.917
N,1789202683214,104.0628
L,1789298701714,96.0185
A,1789402684514,103.9828
N,1789498689014,96.0045
D,1789602667014,103.978
F,1789698635714,95.9687
H,1789802646314,104.0106
B,1789899623114,96.9768
U,1790002712814,103.0897
R,1790098666214,95.9534
G,1790202653214,103.987
E,1790298422514,95.7693
N,1790403599314,105.1768
L,1790498677414,95.0781
A,1790594706714,96.0293
N,1790698763814,104.0571
D,1790802689714,103.9259
F,1790898693114,96.0034
H,1790994649214,95.9561
B,1791099440014,104.7908
U,1791194605614,95.1656
R,1791298670714,104.0651
G,1791394687814,96.0171
E,1791498733314,104.0455
N,1791602564314,103.831
L,1791698673014,96.1087
A,1791802693114,104.0201
N,1791898686714,95.9936
D,1792002676214,103.9895
F,1792098581114,95.9049
H,1792202720414,104.1393
B,1792299723314,97.0029
U,1792402677914,102.9546
R,1792498670314,95.9924
G,1792602665514,103.9952
E,1792698674014,96.0085
N,1792803427414,104.7534
L,1792898727214,95.2998
A,1792994725814,95.9986
N,1793098727714,104.0019
D,1793202878214,104.1505
F,1793298721014,95.8428
H,1793394689714,95.9687
B,1793498685214,103.9955
U,1793594701514,96.0163
R,1793698663814,103.9623
G,1793794715014,96.0512
E,1793898671814,103.9568
N,1794003659314,104.9875
L,1794098717014,95.0577
A,1794202737714,104.0207
N,1794298712614,95.9749
D,1794402627114,103.9145
F,1794498711914,96.0848
H,1794602738714,104.0268
B,1794699494514,96.7558
U,1794802734814,103.2403
R,1794899654214,96.9194
G,1795002732014,103.0778
E,1795099577114,96.8451
N,1795203578114,104.001
L,1795298737614,95.1595
A,1795394708614,95.971
N,1795498750414,104.0418
D,1795602701914,103.9515
F,1795698731014,96.0291
H,1795794751014,96.02
B,1795898730614,103.9796
U,1795994713714,95.9831
R,1796098767314,104.0536
G,1796194712414,95.9451
E,1796298726014,104.0136
N,1796402727814,104.0018
L,1796498685014,95.9572
A,1796602712814,104.0278
N,1796698500114,95.7873
D,1796802716814,104.2167
F,1796898743414,96.0266
H,1797002789114,104.0457
B,1797099626014,96.8369
U,1797202721914,103.0959
R,1797298765014,96.0431
G,1797402697514,103.9325
E,1797499983614,97.2861
N,1797603657714,103.6741
L,1797698733414,95.0757
A,1797794697414,95.964
N,1797898797414,104.1
D,1798002707314,103.9099
F,1798098717914,96.0106
H,1798194718114,96.0002
B,1798298748214,104.0301
U,1798394709514,95.9613
R,1798498746814,104.0373
G,1798594773114,96.0263
E,1798698816514,104.0434
N,1798795391114,96.5746
L,1798898760014,103.3689
A,1799002669514,103.9095
N,1799098747814,96.0783
D,1799202717614,103.9698
F,1799298728114,96.0105
H,1799402743014,104.0149
B,1799499725714,96.9827
U,1799602750414,103.0247
R,1799698774714,96.0243
G,1799802775114,104.0004
E,1799898740014,95.9649
N,1800002507314,103.7673
L,1800098720514,96.2132
A,1800194580914,95.8604
N,1800298807214,104.2263
D,1800402788914,103.9817
F,1800498818814,96.0299
H,1800594953814,96.135
B,1800699377114,104.4233
U,1800794936914,95.5598
R,1800898780314,103.8434
G,1800994929314,96.149
E,1801098747614,103.8183
N,1801203230414,104.4828
L,1801298758014,95.5276
A,1801402746414,103.9884
N,1801498743914,95.9975
D,1801602767314,104.0234
F,1801698795414,96.0281
H,1801802769314,103.9739
B,1801899716814,96.9475
U,1802002751114,103.0343
R,1802098738614,95.9875
G,1802202761414,104.0228
E,1802298789114,96.0277
N,1802402800814,104.0117
L,1802498792314,95.9915
A,1802594766814,95.9745
N,1802698759614,103.9928
D,1802802788914,104.0293
F,1802898872314,96.0834
H,1802994759214,95.8869
B,1803099439914,104.6807
U,1803194782914,95.343
R,1803299659914,104.877
G,1803402803614,103.1437
E,1803498863414,96.0598
N,1803602805714,103.9423
L,1803698768814,95.9631
A,1803802875414,104.1066
N,1803898761614,95.8862
D,1804002789414,104.0278
F,1804098735514,95.9461
H,1804202799914,104.0644
B,1804299667714,96.8678
U,1804402771314,103.1036
R,1804498570414,95.7991
G,1804602754014,104.1836
E,1804698556614,95.8026
N,1804794763614,96.207
L,1804898550014,103.7864
A,1804994791314,96.2413
N,1805098551714,103.7604
D,1805202801914,104.2502
F,1805298576214,95.7743
H,1805394794014,96.2178
B,1805499227414,104.4334
U,1805602824514,103.5971
R,1805698567414,95.7429
G,1805802782914,104.2155
E,1805898624914,95.842
N,1806003774614,105.1497
L,1806098557414,94.7828
A,1806202526114,103.9687
N,1806298891014,96.3649
D,1806402827614,103.9366
F,1806498879114,96.0515
H,1806602851014,103.9719
B,1806706829114,103.9781
U,1806794818814,87.9897
R,1806898850114,104.0313
G,1806994820914,95.9708
E,1807098848214,104.0273
N,1807194806114,95.9579
L,1807298788314,103.9822
A,1807394786414,95.9981
N,1807498849214,104.0628
D,1807594782514,95.9333
F,1807698848014,104.0655
H,1807802792014,103.944
B,1807898829214,96.0372
U,1808002852814,104.0236
R,1808098811714,95.9589
G,1808202914414,104.1027
E,1808298853414,95.939
N,1808403506014,104.6526
L,1808498837414,95.3314
A,1808602821914,103.9845
N,1808698873214,96.0513
D,1808802809514,103.9363
F,1808898801514,95.992
H,1809002819814,104.0183
B,1809099491314,96.6715
U,1809194841714,95.3504
R,1809298859514,104.0178
G,1809394836114,95.9766
E,1809506840514,112.0044
N,1809594856414,88.0159
L,1809698862014,104.0056
A,1809794867114,96.0051
N,1809898905014,104.0379
D,1810002800314,103.8953
F,1810098825114,96.0248
H,1810202587614,103.7625
B,1810299482414,96.8948
U,1810402600414,103.118
R,1810498812314,96.2119
G,1810602643514,103.8312
E,1810698883214,96.2397
N,1810803525814,104.6426
L,1810898835114,95.3093
A,1810994873414,96.0383
N,1811098783114,103.9097
D,1811202509114,103.726
F,1811298861914,96.3528
H,1811394822814,95.9609
B,1811498655614,103.8328
U,1811594809214,96.1536
R,1811698822614,104.0134
G,1811794867114,96.0445
E,1811906648114,111.781
N,1811994862214,88.2141
L,1812098943114,104.0809
A,1812202910614,103.9675
N,1812298875014,95.9644
D,1812402931314,104.0563
F,1812498862314,95.931
H,1812603077914,104.2156
B,1812699490214,96.4123
U,1812802862314,103.3721
R,1812899825014,96.9627
G,1813002894114,103.0691
E,1813098878214,95.9841
N,1813202860114,103.9819
L,1813298840914,95.9808
A,1813394829514,95.9886
N,1813498829214,103.9997
D,1813602833614,104.0044
F,1813698869114,96.0355
H,1813794858314,95.9892
B,1813898927614,104.0693
U,1813994962114,96.0345
R,1814098873414,103.9113
G,1814194845214,95.9718
E,1814298586614,103.7414
N,1814402843114,104.2565
L,1814498918114,96.075
A,1814602866714,103.9486
N,1814698878614,96.0119
D,1814802856814,103.9782
F,1814898883414,96.0266
H,1815002863614,103.9802
B,1815099427014,96.5634
U,1815202870414,103.4434
R,1815298868414,95.998
G,1815402911614,104.0432
E,1815499542214,96.6306
N,1815602844514,103.3023
L,1815698846214,96.0017
A,1815794854114,96.0079
N,1815898899614,104.0455
D,1816002926714,104.0271
F,1816098893214,95.9665
H,1816194889814,95.9966
B,1816299921914,105.0321
U,1816402873414,102.9515
R,1816498929714,96.0563
G,1816602891114,103.9614
E,1816698907414,96.0163
N,1816802901714,103.9943
L,1816898733914,95.8322
A,1817002864914,104.131
N,1817098923514,96.0586
D,1817202903614,103.9801
F,1817298918914,96.0153
H,1817402910914,103.992
B,1817499630114,96.7192
U,1817602912014,103.2819
R,1817698899614,95.9876
G,1817794910014,96.0104
E,1817898909114,103.9991
N,1817994895214,95.9861
L,1818098625614,103.7304
A,1818194917314,96.2917
N,1818298897614,103.9803
D,1818394885614,95.988
F,1818498903714,104.0181
H,1818602921414,104.0177
B,1818698963114,96.0417
U,1818802907414,103.9443
R,1818898961914,96.0545
G,1819002969814,104.0079
E,1819099874414,96.9046
N,1819202884214,103.0098
L,1819298912814,96.0286
A,1819402910314,103.9975
N,1819498920614,96.0103
D,1819602903814,103.9832
F,1819698896814,95.993
H,1819794886714,95.9899
B,1819898900214,104.0135
U,1819994632414,95.7322
R,1820098876914,104.2445
G,1820194907814,96.0309
E,1820306899514,111.9917
N,1820394994414,88.0949
L,1820498928214,103.9338
A,1820602903714,103.9755
N,1820698917714,96.014
D,1820802701014,103.7833
F,1820898931814,96.2308
H,1821002909914,103.9781
B,1821099656714,96.7468
U,1821202857014,103.2003
R,1821299686614,96.8296
G,1821402955514,103.2689
E,1821498937714,95.9822
N,1821602947214,104.0095
L,1821698955014,96.0078
A,1821794898814,95.9438
N,1821898928014,104.0292
D,1822002925014,103.997
F,1822098947614,96.0226
H,1822194904614,95.957
B,1822299672714,104.7681
U,1822394863614,95.1909
R,1822498893514,104.0299
G,1822602919314,104.0258
E,1822698999014,96.0797
N,1822802951014,103.952
L,1822898925514,95.9745
A,1823002920114,103.9946
N,1823098917714,95.9976
D,1823202937514,104.0198
F,1823298953614,96.0161
H,1823402919614,103.966
B,1823499693814,96.7742
U,1823602951514,103.2577
R,1823706940214,103.9887
G,1823802969014,96.0288
E,1823898861614,95.8926
N,1823994759514,95.8979
L,1824098940614,104.1811
A,1824194811414,95.8708
N,1824298964414,104.153
D,1824402963814,103.9994
F,1824498946814,95.983
H,1824595016814,96.07
B,1824699974414,104.9576
U,1824802960514,102.9861
R,1824898969414,96.0089
G,1825003074914,104.1055
E,1825098956914,95.882
N,1825203591114,104.6342
L,1825298929714,95.3386
A,1825402998714,104.069
N,1825498815014,95.8163
D,1825602962614,104.1476
F,1825699005014,96.0424
H,1825803009814,104.0048
B,1825899599814,96.59
U,1826002973214,103.3734
R,1826099683314,96.7101
G,1826194975314,95.292
E,1826298972414,103.9971
N,1826394710814,95.7384
L,1826498951814,104.241
A,1826594942614,95.9908
N,1826699020514,104.0779
D,1826795020714,96.0002
F,1826898974814,103.9541
H,1827002924314,103.9495
B,1827099968214,97.0439
U,1827202968614,103.0004
R,1827298967514,95.9989
G,1827402944114,103.9766
E,1827498914714,95.9706
N,1827602986914,104.0722
L,1827698966814,95.9799
A,1827802989814,104.023
N,1827898961914,95.9721
D,1828002958614,103.9967
F,1828098731214,95.7726
H,1828202960414,104.2292
B,1828299898414,96.938
U,1828394970914,95.0725
R,1828499800414,104.8295
G,1828594978714,95.1783
E,1828707908214,112.9295
N,1828794999314,87.0911
L,1828898768714,103.7694
A,1829003024814,104.2561
N,1829098749814,95.725
D,1829202971014,104.2212
F,1829298910914,95.9399
H,1829402986114,104.0752
B,1829506733014,103.7469
U,1829603006514,96.2735
R,1829698865214,95.8587
G,1829802941714,104.0765
E,1829899733814,96.7921
N,1830003988014,104.2542
L,1830098741014,94.753
A,1830194990614,96.2496
N,1830298960314,103.9697
D,1830402987414,104.0271
F,1830499071114,96.0837
H,1830595014114,95.943
B,1830699139114,104.125
U,1830794981814,95.8427
R,1830899178214,104.1964
G,1830995038614,95.8604
E,1831099080114,104.0415
N,1831203857114,104.777
L,1831298818114,94.961
A,1831403004614,104.1865
N,1831499029614,96.025
D,1831603003914,103.9743
F,1831699049914,96.046
H,1831803060514,104.0106
B,1831906990914,103.9304
U,1832003037514,96.0466
R,1832099752714,96.7152
G,1832203019814,103.2671
E,1832299011014,95.9912
N,1832403106214,104.0952
L,1832499029314,95.9231
A,1832595041114,96.0118
N,1832699024914,103.9838
D,1832803091114,104.0662
F,1832898744614,95.6535
H,1832995031014,96.2864
B,1833099082914,104.0519
U,1833195074914,95.992
R,1833299004314,103.9294
G,1833403047914,104.0436
E,1833499045514,95.9976
N,1833603892814,104.8473
L,1833699031814,95.139
A,1833803005814,103.974
N,1833899093014,96.0872
D,1834003112914,104.0199
F,1834098913614,95.8007
H,1834203026814,104.1132
B,1834300014914,96.9881
U,1834403011514,102.9966
R,1834499765114,96.7536
G,1834602991714,103.2266
E,1834699614214,96.6225
N,1834795062614,95.4484
L,1834899020114,103.9575
A,1834995097214,96.0771
N,1835099079314,103.9821
D,1835202830614,103.7513
F,1835299081614,96.251
H,1835395071314,95.9897
B,1835499092314,104.021
U,1835602823514,103.7312
R,1835699074514,96.251
G,1835802950014,103.8755
E,1835899062414,96.1124
N,1836003755714,104.6933
L,1836098808714,95.053
A,1836202998114,104.1894
N,1836299082414,96.0843
D,1836402932914,103.8505
F,1836499085214,96.1523
H,1836603192614,104.1074
B,1836707068814,103.8762
U,1836803217114,96.1483
R,1836898850914,95.6338
G,1837003286614,104.4357
E,1837099085114,95.7985
N,1837194910814,95.8257
L,1837299105914,104.1951
A,1837395064714,95.9588
N,1837499035714,103.971
D,1837603102814,104.0671
F,1837699093514,95.9907
H,1837803065714,103.9722
B,1837899073814,96.0081
U,1838002887114,103.8133
R,1838099073414,96.1863
G,1838203071214,103.9978
E,1838299109114,96.0379
N,1838403986014,104.8769
L,1838499243014,95.257
A,1838603103314,103.8603
N,1838699114314,96.011
D,1838803090114,103.9758
F,1838899067914,95.9778
H,1839003089714,104.0218
B,1839099106414,96.0167
U,1839203067714,103.9613
R,1839299094814,96.0271
G,1839395088414,95.9936
E,1839500092314,105.0039
N,1839595081414,94.9891
L,1839699093214,104.0118
A,1839795088414,95.9952
N,1839899205214,104.1168
D,1840003101414,103.8962
F,1840099092114,95.9907
H,1840203070814,103.9787
B,1840299076914,96.0061
U,1840403081014,104.0041
R,1840499088614,96.0076
G,1840603115414,104.0268
E,1840699118914,96.0035
N,1840803110214,103.9913
L,1840899094414,95.9842
A,1841002874614,103.7802
N,1841099154214,96.2796
D,1841203070714,103.9165
F,1841299084914,96.0142
H,1841403125714,104.0408
B,1841498881614,95.7559
U,1841595065914,96.1843
R,1841699073314,104.0074
G,1841795105714,96.0324
E,1841907974014,112.8683
N,1842003144414,95.1704
L,1842099088014,95.9436
A,1842195117914,96.0299
N,1842299117414,103.9995
D,1842403092214,103.9748
F,1842499137914,96.0457
H,1842603116714,103.9788
B,1842699117914,96.0012
U,1842803068214,103.9503
R,1842899083714,96.0155
G,1843003119314,104.0356
E,1843099033714,95.9144
N,1843203129614,104.0959
L,1843299114714,95.9851
A,1843403114314,103.9996
N,1843499118214,96.0039
D,1843603114314,103.9961
F,1843699149514,96.0352
H,1843795112814,95.9633
B,1843899119414,104.0066
U,1843995142114,96.0227
R,1844099106414,103.9643
G,1844195086314,95.9799
E,1844307103414,112.0171
N,1844395645814,88.5424
L,1844499081514,103.4357
A,1844603175614,104.0941
N,1844742903114,139.7275
D,1844846886214,103.9831
F,1844942910014,96.0238
H,1845046879314,103.9693
B,1845143865314,96.986
U,1845246892814,103.0275
R,1845342955814,96.063
G,1845446930514,103.9747
E,1845542862014,95.9315
N,1845646883414,104.0214
L,1845742843514,95.9601
A,1845838928914,96.0854
N,1845942881214,103.9523
D,1846046890614,104.0094
F,1846142839214,95.9486
H,1846238656214,95.817
B,1846342915714,104.2595
U,1846438891014,95.9753
R,1846542890614,103.9996
G,1846646954114,104.0635
E,1846742933714,95.9796
N,1846846917614,103.9839
L,1846942869914,95.9523
A,1847046880714,104.0108
N,1847142864414,95.9837
D,1847246920514,104.0561
F,1847342912714,95.9922
H,1847446946414,104.0337
B,1847558912914,111.9665
U,1847646912114,87.9992
R,1847742865714,95.9536
G,1847846899314,104.0336
E,1847942898514,95.9992
N,1848038822414,95.9239
L,1848142886314,104.0639
A,1848238675014,95.7887
N,1848342981214,104.3062
D,1848446929714,103.9485
F,1848542884014,95.9543
H,1848646904014,104.02
B,1848742683914,95.7799
U,1848846946314,104.2624
R,1848942980314,96.034
G,1849047001214,104.0209
E,1849142668114,95.6669
N,1849246926414,104.2583
L,1849342935314,96.0089
A,1849446907214,103.9719
N,1849542937614,96.0304
D,1849646900614,103.963
F,1849742888514,95.9879
H,1849846906914,104.0184
B,1849943255114,96.3482
U,1850046931614,103.6765
R,1850142895514,95.9639
G,1850238918814,96.0233
E,1850350968014,112.0492
N,1850438938714,87.9707
L,1850542779214,103.8405
A,1850638950014,96.1708
N,1850742947014,103.997
D,1850846958114,104.0111
F,1850942959914,96.0018
H,1851046952514,103.9926
B,1851142741914,95.7894
U,1851246890914,104.149
R,1851342907614,96.0167
G,1851447004714,104.0971
E,1851542914014,95.9093
N,1851646952814,104.0388
L,1851742929014,95.9762
A,1851846920814,103.9918
N,1851942970014,96.0492
D,1852046991614,104.0216
F,1852142801914,95.8103
H,1852246943914,104.142
B,1852343875214,96.9313
U,1852438932214,95.057
R,1852542920814,103.9886
G,1852638923814,96.003
E,1852750949314,112.0255
N,1852838983514,88.0342
L,1852942950614,103.9671
A,1853046927814,103.9772
N,1853142710414,95.7826
D,1853246938014,104.2276
F,1853342684714,95.7467
H,1853446926014,104.2413
B,1853543400214,96.4742
U,1853646968714,103.5685
R,1853742727914,95.7592
G,1853846981014,104.2531
E,1853942733814,95.7528
N,1854046930014,104.1962
L,1854142731514,95.8015
A,1854238978414,96.2469
N,1854342861714,103.8833
D,1854446989914,104.1282
F,1854542953114,95.9632
H,1854638948314,95.9952
B,1854743064714,104.1164
U,1854838957314,95.8926
R,1854943145614,104.1883
G,1855039001814,95.8562
E,1855142984814,103.983
N,1855246938514,103.9537
L,1855343026414,96.0879
A,1855446944014,103.9176
N,1855543053614,96.1096
D,1855646964514,103.9109
F,1855742924714,95.9602
H,1855846979314,104.0546
B,1855943989314,97.01
U,1856046970714,102.9814
R,1856142986114,96.0154
G,1856247058614,104.0725
E,1856342950014,95.8914
N,1856446975114,104.0251
L,1856543058814,96.0837
A,1856638706914,95.6481
N,1856742982214,104.2753
D,1856847006814,104.0246
F,1856942969814,95.963
H,1857038998214,96.0284
B,1857142979714,103.9815
U,1857239036914,96.0572
R,1857343010714,103.9738
G,1857446781314,103.7706
E,1857543010714,96.2294
N,1857646992214,103.9815
L,1857743004914,96.0127
A,1857846983414,103.9785
N,1857943046114,96.0627
D,1858046979514,103.9334
F,1858142984614,96.0051
H,1858246944414,103.9598
B,1858343026914,96.0825
U,1858446970014,103.9431
R,1858543041514,96.0715
G,1858647162214,104.1207
E,1858743559314,96.3971
N,1858846798614,103.2393
L,1858943041414,96.2428
A,1859038991314,95.9499
N,1859142971214,103.9799
D,1859246751314,103.7801
F,1859343035514,96.2842
H,1859438980114,95.9446
B,1859543018914,104.0388
U,1859646809414,103.7905
R,1859743014814,96.2054
G,1859846804714,103.7899
E,1859942972614,96.1679
N,1860047739814,104.7672
L,1860142822914,95.0831
A,1860246808714,103.9858
N,1860343073314,96.2646
D,1860446926814,103.8535
F,1860542989214,96.0624
H,1860647003314,104.0141
B,1860751110414,104.1071
U,1860847098214,95.9878
R,1860943040614,95.9424
G,1861047092914,104.0523
E,1861142787214,95.6943
N,1861239018814,96.2316
L,1861343058714,104.0399
A,1861439032714,95.974
N,1861543033514,104.0008
D,1861647039514,104.006
F,1861743009814,95.9703
H,1861847028314,104.0185
B,1861942998114,95.9698
U,1862047006114,104.008
R,1862143006214,96.0001
G,1862247081914,104.0757
E,1862342999414,95.9175
N,1862447061314,104.0619
L,1862543033114,95.9718
A,1862647009514,103.9764
N,1862743055714,96.0462
D,1862847019214,103.9635
F,1862943039314,96.0201
H,1863047045814,104.0065
B,1863143922814,96.877
U,1863247015514,103.0927
R,1863343010314,95.9948
G,1863446785614,103.7753
E,1863551014114,104.2285
N,1863639036814,88.0227
L,1863742818214,103.7814
A,1863839029514,96.2113
N,1863943071914,104.0424
D,1864047023514,103.9516
F,1864143037314,96.0138
H,1864247041014,104.0037
B,1864343132314,96.0913
U,1864447073714,103.9414
R,1864543056814,95.9831
G,1864647027114,103.9703
E,1864743036214,96.0091
N,1864847021714,103.9855
L,1864943046514,96.0248
A,1865046752414,103.7059
N,1865143091014,96.3386
D,1865247097114,104.0061
F,1865343133414,96.0363
H,1865447054014,103.9206
B,1865550889214,103.8352
U,1865639050014,88.1608
R,1865743063114,104.0131
G,1865839062614,95.9995
E,1865951927714,112.8651
N,1866039813414,87.8857
L,1866142903014,103.0896
A,1866239002014,96.099
N,1866343146214,104.1442
D,1866447096914,103.9507
F,1866543087714,95.9908
H,1866647084814,103.9971
B,1866743072114,95.9873
U,1866847063414,103.9913
R,1866943103814,96.0404
G,1867047078414,103.9746
E,1867143055014,95.9766
N,1867247062914,104.0079
L,1867343066214,96.0033
A,1867447063614,103.9974
N,1867543075714,96.0121
D,1867647111914,104.0362
F,1867743086414,95.9745
H,1867847100214,104.0138
B,1867943800514,96.7003
U,1868039098114,95.2976
R,1868143005014,103.9069
G,1868239075114,96.0701
E,1868351106814,112.0317
N,1868447674614,96.5678
L,1868542895714,95.2211
A,1868646792414,103.8967
N,1868742655814,95.8634
D,1868846772914,104.1171
F,1868943051114,96.2782
H,1869047088514,104.0374
B,1869143043414,95.9549
U,1869247094414,104.051
R,1869343120914,96.0265
G,1869447101614,103.9807
E,1869543077514,95.9759
N,1869647929714,104.8522
L,1869743087614,95.1579
A,1869839095714,96.0081
N,1869943102414,104.0067
D,1870047074314,103.9719
F,1870143089014,96.0147
H,1870239051314,95.9623
B,1870343110814,104.0595
U,1870439080914,95.9701
R,1870543143214,104.0623
G,1870646665714,103.5225
E,1870742623814,95.9581
N,1870846787114,104.1633
L,1870943083714,96.2966
A,1871047091114,104.0074
N,1871142927214,95.8361
D,1871247105114,104.1779
F,1871343155414,96.0503
H,1871447134114,103.9787
B,1871544179514,97.0454
U,1871647082914,102.9034
R,1871743129114,96.0462
G,1871847107014,103.9779
E,1871944117914,97.0109
N,1872048112914,103.995
L,1872143090314,94.9774
A,1872238905314,95.815
N,1872343101014,104.1957
D,1872447121814,104.0208
F,1872543192914,96.0711
H,1872638861114,95.6682
B,1872743136114,104.275
U,1872847072214,103.9361
R,1872943051714,95.9795
G,1873047095914,104.0442
E,1873143104614,96.0087
N,1873247117514,104.0129
L,1873343094714,95.9772
A,1873447110114,104.0154
N,1873543128714,96.0186
D,1873647106314,103.9776
F,1873742903214,95.7969
H,1873847153914,104.2507
B,1873943979214,96.8253
U,1874047117614,103.1384
R,1874143075414,95.9578
G,1874247106714,104.0313
E,1874343112514,96.0058
N,1874439181214,96.0687
L,1874543116314,103.9351
A,1874639150714,96.0344
N,1874743121814,103.9711
D,1874847181314,104.0595
F,1874943020114,95.8388
H,1875047150514,104.1304
B,1875142987914,95.8374
U,1875247138314,104.1504
R,1875342951314,95.813
G,1875447162814,104.2115
E,1875543104814,95.942
N,1875647092814,103.988
L,1875743156814,96.064
A,1875847142614,103.9858
N,1875943160514,96.0179
D,1876047130914,103.9704
F,1876143105714,95.9748
H,1876247196214,104.0905
B,1876343125514,95.9293
U,1876447187314,104.0618
R,1876543126614,95.9393
G,1876647155914,104.0293
E,1876751137414,103.9815
N,1876840025414,88.888
L,1876943120314,103.0949
A,1877047127814,104.0075
N,1877143168114,96.0403
D,1877247147514,103.9794
F,1877342928414,95.7809
H,1877447197614,104.2692
B,1877543826614,96.629
U,1877647171614,103.345
R,1877742878714,95.7071
G,1877847153514,104.2748
E,1877943077314,95.9238
N,1878047157514,104.0802
L,1878142937714,95.7802
A,1878247129214,104.1915
N,1878343016114,95.8869
D,1878447207414,104.1913
F,1878543030614,95.8232
H,1878647183014,104.1524
B,1878743999514,96.8165
U,1878839188314,95.1888
R,1878943199214,104.0109
G,1879038988314,95.7891
E,1879151994814,113.0065
N,1879248088014,96.0932
L,1879343299514,95.2115
A,1879447177214,103.8777
N,1879543255114,96.0779
D,1879647137314,103.8822
F,1879743269414,96.1321
H,1879847153114,103.8837
B,1879944184214,97.0311
U,1880047185214,103.001
R,1880143206014,96.0208
G,1880247198514,103.9925
E,1880343234014,96.0355
N,1880447184314,103.9503
L,1880543206014,96.0217
A,1880639225114,96.0191
N,1880743179414,103.9543
D,1880847179714,104.0003
F,1880943183514,96.0038
H,1881039165214,95.9817
B,1881143029914,103.8647
U,1881239129614,96.0997
R,1881343148514,104.0189
G,1881447233214,104.0847
E,1881543067314,95.8341
N,1881647181714,104.1144
L,1881743198714,96.017
A,1881847188314,103.9896
N,1881943228114,96.0398
D,1882047194214,103.9661
F,1882143179814,95.9856
H,1882247187714,104.0079
B,1882359187814,112.0001
U,1882447169414,87.9816
R,1882543184114,96.0147
G,1882647147814,103.9637
E,1882743187014,96.0392
N,1882847780714,104.5937
L,1882943231014,95.4503
A,1883039197814,95.9668
N,1883143211814,104.014
D,1883246974814,103.763
F,1883343179214,96.2044
H,1883439182514,96.0033
B,1883543201114,104.0186
U,1883646976314,103.7752
R,1883743216214,96.2399
G,1883846969914,103.7537
E,1883943179214,96.2093
N,1884047045214,103.866
L,1884143020214,95.975
A,1884247096414,104.0762
N,1884343236714,96.1403
D,1884447082114,103.8454
F,1884543236614,96.1545
H,1884647186214,103.9496
B,1884744052314,96.8661
U,1884847312314,103.26
R,1884943221314,95.909
G,1885047455314,104.234
E,1885143188814,95.7335
N,1885247424614,104.2358
L,1885343227814,95.8032
A,1885439243514,96.0157
N,1885543236514,103.993
D,1885647301114,104.0646
F,1885742911514,95.6104
H,1885839227514,96.316
B,1885943257314,104.0298
U,1886047214414,103.9571
R,1886143197314,95.9829
G,1886247230314,104.033
E,1886343245714,96.0154
N,1886447228614,103.9829
L,1886543246114,96.0175
A,1886647196014,103.9499
N,1886743046314,95.8503
D,1886847300714,104.2544
F,1886943249114,95.9484
H,1887047234314,103.9852
B,1887151150814,103.9165
U,1887247248314,96.0975
R,1887343241014,95.9927
G,1887447270514,104.0295
E,1887543279214,96.0087
N,1887639260214,95.981
L,1887743262914,104.0027
A,1887839245114,95.9822
N,1887943231014,103.9859
D,1888047272514,104.0415
F,1888143255214,95.9827
H,1888247266414,104.0112
B,1888343360614,96.0942
U,1888447220314,103.8597
R,1888543099114,95.8788
G,1888647255614,104.1565
E,1888743265014,96.0094
N,1888847243914,103.9789
L,1888943297814,96.0539
A,1889047270014,103.9722
N,1889143029814,95.7598
D,1889247257414,104.2276
F,1889343277414,96.02
H,1889447244014,103.9666
B,1889544080214,96.8362
U,1889647099414,103.0192
R,1889743327214,96.2278
G,1889847269614,103.9424
E,1889952085314,104.8157
N,1890039263014,87.1777
L,1890143269714,104.0067
A,1890239263414,95.9937
N,1890343281614,104.0182
D,1890447272114,103.9905
F,1890543257814,95.9857
H,1890647263614,104.0058
B,1890743255614,95.992
U,1890847279714,104.0241
R,1890943301614,96.0219
G,1891047335414,104.0338
E,1891143348614,96.0132
N,1891247265814,103.9172
L,1891343266414,96.0006
A,1891447285314,104.0189
N,1891543285114,95.9998
D,1891647038414,103.7533
F,1891743287714,96.2493
H,1891847304414,104.0167
B,1891951327914,104.0235
U,1892039243814,87.9159
R,1892143271614,104.0278
G,1892239341314,96.0697
E,1892351307114,111.9658
N,1892440237814,88.9307
L,1892543273814,103.036
A,1892647298414,104.0246
N,1892743280214,95.9818
D,1892847276514,103.9963
F,1892943304414,96.0279
H,1893047309614,104.0052
B,1893144148214,96.8386
U,1893247263014,103.1148
R,1893343030114,95.7671
G,1893447278214,104.2481
E,1893543282914,96.0047
N,1893647315314,104.0324
L,1893743332214,96.0169
A,1893839309014,95.9768
N,1893943301014,103.992
D,1894047317114,104.0161
F,1894143297414,95.9803
H,1894239298014,96.0006
B,1894343290414,103.9924
U,1894439269214,95.9788
R,1894543312314,104.0431
G,1894647275214,103.9629
E,1894742990614,95.7154
N,1894848273214,105.2826
L,1894943309914,95.0367
A,1895047319414,104.0095
N,1895143362914,96.0435
D,1895247305914,103.943
F,1895343312214,96.0063
H,1895447393414,104.0812
B,1895544227714,96.8343
U,1895647367014,103.1393
R,1895743387914,96.0209
G,1895847397414,104.0095
E,1895943331414,95.934
N,1896047291414,103.96
L,1896143043314,95.7519
A,1896239078514,96.0352
N,1896343261114,104.1826
D,1896447360714,104.0996
F,1896543317514,95.9568
H,1896647351614,104.0341
B,1896743316714,95.9651
U,1896847324714,104.008
R,1896943320414,95.9957
G,1897047288614,103.9682
E,1897143122814,95.8342
N,1897247327614,104.2048
L,1897343061814,95.7342
A,1897447329714,104.2679
N,1897543318114,95.9884
D,1897647338514,104.0204
F,1897743357714,96.0192
H,1897847325514,103.9678
B,1897944167214,96.8417
U,1898047358614,103.1914
R,1898143161614,95.803
G,1898247430114,104.2685
E,1898351337314,103.9072
N,1898439316014,87.9787
L,1898543295914,103.9799
A,1898639351714,96.0558
N,1898743335914,103.9842
D,1898847303514,103.9676
F,1898943321714,96.0182
H,1899047379914,104.0582
B,1899143429514,96.0496
U,1899247343614,103.9141
R,1899343312914,95.9693
G,1899447419214,104.1063
E,1899543276114,95.8569
N,1899647989514,104.7134
L,1899743094414,95.1049
A,1899847344914,104.2505
N,1899943343414,95.9985
D,1900047351414,104.008
F,1900143285814,95.9344
H,1900247108514,103.8227
B,1900351371314,104.2628
U,1900439429414,88.0581
R,1900543373514,103.9441
G,1900639337214,95.9637
E,1900751385914,112.0487
N,1900839347814,87.9619
L,1900943328414,103.9806
A,1901047370714,104.0423
N,1901143352314,95.9816
D,1901247364414,104.0121
F,1901343334714,95.9703
H,1901447319414,103.9847
B,1901543337914,96.0185
U,1901647341914,104.004
R,1901743130014,95.7881
G,1901847044814,103.9148
E,1901943152314,96.1075
N,1902048362914,105.2106
L,1902143142014,94.7791
A,1902247346814,104.2048
N,1902343134614,95.7878
D,1902447331914,104.1973
F,1902543244014,95.9121
H,1902647377614,104.1336
B,1902752317114,104.9395
U,1902839415114,87.098
R,1902943132514,103.7174
G,1903047370814,104.2383
E,1903151379314,104.0085
N,1903247394614,96.0153
L,1903343506014,96.1114
A,1903447353114,103.8471
N,1903543552714,96.1996
D,1903647188214,103.6355
F,1903743514814,96.3266
H,1903847381414,103.8666
B,1903943499414,96.118
U,1904047372714,103.8733
R,1904143349714,95.977
G,1904247143914,103.7942
E,1904344147614,97.0037
N,1904447374614,103.227
L,1904543368814,95.9942
A,1904639377314,96.0085
N,1904743150514,103.7732
D,1904847360814,104.2103
F,1904943426314,96.0655
H,1905039381414,95.9551
B,1905143386914,104.0055
U,1905247410314,104.0234
R,1905343400014,95.9897
G,1905447431114,104.0311
E,1905543369914,95.9388
N,1905647363214,103.9933
L,1905743404814,96.0416
A,1905847429514,104.0247
N,1905943403914,95.9744
D,1906047365714,103.9618
F,1906143280614,95.9149
H,1906247426714,104.1461
B,1906343424814,95.9981
U,1906447374914,103.9501
R,1906543415414,96.0405
G,1906647378914,103.9635
E,1906751462114,104.0832
N,1906839436014,87.9739
L,1906943389714,103.9537
A,1907039382114,95.9924
N,1907143375314,103.9932
D,1907247381814,104.0065
F,1907343418814,96.037
H,1907447172714,103.7539
B,1907543370614,96.1979
U,1907647165114,103.7945
R,1907743082014,95.9169
G,1907847197714,104.1157
E,1907943421614,96.2239
N,1908047175514,103.7539
L,1908143403414,96.2279
A,1908247158914,103.7555
N,1908343379314,96.2204
D,1908447172014,103.7927
F,1908543402414,96.2304
H,1908647240814,103.8384
B,1908743437814,96.197
U,1908839453314,96.0155
R,1908943413314,103.96
G,1909039448814,96.0355
E,1909151411514,111.9627
N,1909248532314,97.1208
L,1909343440614,94.9083
A,1909447590814,104.1502
N,1909543418114,95.8273
D,1909647507814,104.0897
F,1909743434814,95.927
H,1909847530514,104.0957
B,1909944360014,96.8295
U,1910047576614,103.2166
R,1910143434414,95.8578
G,1910247424714,103.9903
E,1910343302114,95.8774
N,1910447453114,104.151
L,1910543458914,96.0058
A,1910639459714,96.0008
N,1910743438914,103.9792
D,1910847458114,104.0192
F,1910951441614,103.9835
H,1911039423314,87.9817
B,1911143195414,103.7721
U,1911239380014,96.1846
R,1911343461514,104.0815
G,1911447435314,103.9738
E,1911551227814,103.7925
N,1911648338914,97.1111
L,1911743465214,95.1263
A,1911847438314,103.9731
N,1911943449014,96.0107
D,1912047421914,103.9729
F,1912143437314,96.0154
H,1912247458714,104.0214
B,1912344212014,96.7533
U,1912447437214,103.2252
R,1912543442314,96.0051
G,1912647486814,104.0445
E,1912743456614,95.9698
N,1912847506814,104.0502
L,1912943468314,95.9615
A,1913039459314,95.991
N,1913143473314,104.014
D,1913247460814,103.9875
F,1913343432814,95.972
H,1913447466814,104.034
B,1913543452014,95.9852
U,1913647490914,104.0389
R,1913743463914,95.973
G,1913847441514,103.9776
E,1913943716214,96.2747
N,1914048301614,104.5854
L,1914143500914,95.1993
A,1914247476814,103.9759
N,1914343485514,96.0087
D,1914447454614,103.9691
F,1914543493414,96.0388
H,1914647390814,103.8974
B,1914744504914,97.1141
U,1914847470114,102.9652
R,1914944475514,97.0054
G,1915047497514,103.022
E,1915151589414,104.0919
N,1915239425414,87.836
L,1915343534514,104.1091
A,1915447484814,103.9503
N,1915543471214,95.9864
D,1915647460714,103.9895
F,1915743480714,96.02
H,1915847489314,104.0086
B,1915944141314,96.652
U,1916047469414,103.3281
R,1916143497314,96.0279
G,1916247559214,104.0619
E,1916343551414,95.9922
N,1916447455914,103.9045
L,1916543453114,95.9972
A,1916647463214,104.0101
N,1916743579314,96.1161
D,1916847514414,103.9351
F,1916943506514,95.9921
H,1917047473414,103.9669
B,1917152478214,105.0048
U,1917239487914,87.0097
R,1917343508414,104.0205
G,1917447269514,103.7611
E,1917552364314,105.0948
N,1917647575114,95.2108
L,1917743502514,95.9274
A,1917847197514,103.695
N,1917943175514,95.978
D,1918047497314,104.3218
F,1918143484614,95.9873
H,1918247486114,104.0015
B,1918343499914,96.0138
U,1918447558614,104.0587
R,1918543479014,95.9204
G,1918647471414,103.9924
E,1918744537114,97.0657
N,1918848187114,103.65
L,1918943494414,95.3073
A,1919039494014,95.9996
N,1919143221014,103.727
D,1919247507714,104.2867
F,1919343580914,96.0732
H,1919439492014,95.9111
B,1919544082714,104.5907
U,1919647546714,103.464
R,1919743510314,95.9636
G,1919847515514,104.0052
E,1919943584014,96.0685
N,1920047502414,103.9184
L,1920143501014,95.9986
A,1920247306314,103.8053
N,1920343552814,96.2465
D,1920447554014,104.0012
F,1920543522814,95.9688
H,1920647527114,104.0043
B,1920743531614,96.0045
U,1920847523714,103.9921
R,1920943528714,96.005
G,1921047514214,103.9855
E,1921144318714,96.8045
N,1921248482114,104.1634
L,1921343524914,95.0428
A,1921439353514,95.8286
N,1921543534714,104.1812
D,1921647577514,104.0428
F,1921743515014,95.9375
H,1921847550114,104.0351
B,1921943419714,95.8696
U,1922047508514,104.0888
R,1922144365414,96.8569
G,1922247544114,103.1787
E,1922343562814,96.0187
N,1922447516414,103.9536
L,1922543520114,96.0037
A,1922647521114,104.001
N,1922743528614,96.0075
D,1922847551014,104.0224
F,1922943587314,96.0363
H,1923047541814,103.9545
B,1923144413314,96.8715
U,1923247508314,103.095
R,1923343515814,96.0075
G,1923447585414,104.0696
E,1923552190314,104.6049
N,1923640406614,88.2163
L,1923743544314,103.1377
A,1923839548214,96.0039
N,1923943555114,104.0069
D,1924047565514,104.0104
F,1924143447314,95.8818
H,1924247538814,104.0915
B,1924344477214,96.9384
U,1924447547214,103.07
R,1924543526714,95.9795
G,1924647541214,104.0145
E,1924743524314,95.9831
N,1924847551614,104.0273
L,1924943532014,95.9804
A,1925047658414,104.1264
N,1925143364914,95.7065
D,1925247286414,103.9215
F,1925343544414,96.258
H,1925447556014,104.0116
B,1925544464214,96.9082
U,1925647567814,103.1036
R,1925743379714,95.8119
G,1925847635514,104.2558
E,1925952565514,104.93
N,1926039553714,86.9882
L,1926143316014,103.7623
A,1926239564814,96.2488
N,1926343294114,103.7293
D,1926447585414,104.2913
F,1926543332514,95.7471
H,1926647601414,104.2689
B,1926743271214,95.6698
U,1926847596014,104.3248
R,1926943320714,95.7247
G,1927047624714,104.304
E,1927143347314,95.7226
N,1927247576414,104.2291
L,1927343478714,95.9023
A,1927447555514,104.0768
N,1927543565714,96.0102
D,1927647546914,103.9812
F,1927743638414,96.0915
H,1927847524314,103.8859
B,1927944704914,97.1806
U,1928047556114,102.8512
R,1928151576414,104.0203
G,1928247607314,96.0309
E,1928352581314,104.974
N,1928439553714,86.9724
L,1928543580414,104.0267
A,1928647594014,104.0136
N,1928743605914,96.0119
D,1928847580114,103.9742
F,1928943588814,96.0087
H,1929047419614,103.8308
B,1929144276714,96.8571
U,1929247596014,103.3193
R,1929344511714,96.9157
G,1929447611014,103.0993
E,1929543583714,95.9727
N,1929647574714,103.991
L,1929743657014,96.0823
A,1929847604314,103.9473
N,1929943616214,96.0119
D,1930047570414,103.9542
F,1930143557514,95.9871
H,1930247566114,104.0086
B,1930352563114,104.997
U,1930439621714,87.0586
R,1930543634614,104.0129
G,1930639614114,95.9795
E,1930751626014,112.0119
N,1930848243314,96.6173
L,1930943295414,95.0521
A,1931047574414,104.279
N,1931143590114,96.0157
D,1931247599814,104.0097
F,1931343633314,96.0335
H,1931447629214,103.9959
B,1931544592914,96.9637
U,1931647611714,103.0188
R,1931743594914,95.9832
G,1931847370114,103.7752
E,1931944492814,97.1227
N,1932047393214,102.9004
L,1932143679314,96.2861
A,1932239654014,95.9747
N,1932351633314,111.9793
D,1932447422914,95.7896
F,1932543609414,96.1865
H,1932639674514,96.0651
B,1932743671414,103.9969
U,1932847515614,103.8442
R,1932943601314,96.0857
G,1933047508014,103.9067
E,1933143710514,96.2025
N,1933247450714,103.7402
L,1933343638214,96.1875
A,1933447753814,104.1156
N,1933543576214,95.8224
D,1933647811514,104.2353
F,1933743604414,95.7929
H,1933847800114,104.1957
B,1933951620014,103.8199
U,1934047423314,95.8033
R,1934144522014,97.0987
G,1934247643414,103.1214
E,1934343632814,95.9894
N,1934448684814,105.052
L,1934543643514,94.9587
A,1934639626814,95.9833
N,1934743639014,104.0122
D,1934847461914,103.8229
F,1934943639614,96.1777
H,1935047617014,103.9774
B,1935143623014,96.006
U,1935247649914,104.0269
R,1935343645514,95.9956
G,1935447701814,104.0563
E,1935543653414,95.9516
N,1935647615214,103.9618
L,1935743666914,96.0517
A,1935847659014,103.9921
N,1935943642814,95.9838
D,1936047653814,104.011
F,1936143648214,95.9944
H,1936247635914,103.9877
B,1936351659914,104.024
U,1936447535114,95.8752
R,1936552465314,104.9302
G,1936647661114,95.1958
E,1936752162214,104.5011
N,1936847667814,95.5056
L,1936943570614,95.9028
A,1937047659614,104.089
N,1937143654214,95.9946
D,1937247682414,104.0282
F,1937343675014,95.9926
H,1937447693814,104.0188
B,1937551435414,103.7416
U,1937647662714,96.2273
R,1937743651114,95.9884
G,1937847696014,104.0449
E,1937943627314,95.9313
N,1938047681914,104.0546
L,1938143548614,95.8667
A,1938247640114,104.0915
N,1938343692114,96.052
D,1938447662614,103.9705
F,1938551473714,103.8111
H,1938647635214,96.1615
B,1938752327614,104.6924
U,1938839746414,87.4188
R,1938943815014,104.0686
G,1939047421514,103.6065
E,1939151640914,104.2194
N,1939248392614,96.7517
L,1939343673414,95.2808
A,1939447725914,104.0525
N,1939543414314,95.6884
D,1939647651914,104.2376
F,1939743653514,96.0016
H,1939847662814,104.0093
B,1939951734314,104.0715
U,1940047683514,95.9492
R,1940143670914,95.9874
G,1940247677514,104.0066
E,1940344458214,96.7807
N,1940448365214,103.907
L,1940543673114,95.3079
A,1940639698114,96.025
N,1940743703214,104.0051
D,1940847706114,104.0029
F,1940943701414,95.9953
H,1941047723714,104.0223
B,1941144665814,96.9421
U,1941247529814,102.864
R,1941343671214,96.1414
G,1941447682014,104.0108
E,1941543710414,96.0284
N,1941647722614,104.0122
L,1941743686414,95.9638
A,1941847687414,104.001
N,1941943685914,95.9985
D,1942047731514,104.0456
F,1942143607914,95.8764
H,1942247807314,104.1994
B,1942344324714,96.5174
U,1942447663514,103.3388
R,1942543714114,96.0506
G,1942647704714,103.9906
E,1942751736814,104.0321
N,1942839730114,87.9933
L,1942943744014,104.0139
A,1943047728014,103.984
N,1943143757314,96.0293
D,1943247715214,103.9579
F,1943343712814,95.9976
H,1943447674714,103.9619
B,1943544688114,97.0134
U,1943647685614,102.9975
R,1943743481914,95.7963
G,1943847686614,104.2047
E,1943943705214,96.0186
N,1944047734614,104.0294
L,1944143720414,95.9858
A,1944247728714,104.0083
N,1944343702614,95.9739
D,1944447733714,104.0311
F,1944543743614,96.0099
H,1944647747114,104.0035
B,1944752741614,104.9945
U,1944839477314,86.7357
R,1944943758114,104.2808
G,1945047687614,103.9295
E,1945151697414,104.0098
N,1945247741214,96.0438
L,1945343728414,95.9872
A,1945447734814,104.0064
N,1945543737214,96.0024
D,1945647727414,103.9902
F,1945743427814,95.7004
H,1945847816514,104.3887
B,1945944796114,96.9796
U,1946047471314,102.6752
R,1946144197114,96.7258
G,1946247719414,103.5223
E,1946343734214,96.0148
N,1946447713314,103.9791
L,1946543733314,96.02
A,1946647696914,103.9636
N,1946751774214,104.0773
D,1946847741914,95.9677
F,1946951785514,104.0436
H,1947039743914,87.9584
B,1947143570514,103.8266
U,1947247747514,104.177
R,1947343757014,96.0095
G,1947447777414,104.0204
E,1947552686114,104.9087
N,1947647761114,95.075
L,1947743737014,95.9759
A,1947847749014,104.012
N,1947943738814,95.9898
D,1948047738914,104.0001
F,1948143701314,95.9624
H,1948247774714,104.0734
B,1948344329014,96.5543
U,1948447769114,103.4401
R,1948544859114,97.09
G,1948647731014,102.8719
E,1948751740114,104.0091
N,1948848559814,96.8197
L,1948943773014,95.2132
A,1949039766714,95.9937
N,1949143486814,103.7201
D,1949247801914,104.3151
F,1949343770014,95.9681
H,1949447780514,104.0105
B,1949544710614,96.9301
U,1949647811614,103.101
R,1949743464714,95.6531
G,1949847759814,104.2951
E,1949943620814,95.861
N,1950047802414,104.1816
L,1950143564914,95.7625
A,1950247773014,104.2081
N,1950343516814,95.7438
D,1950447772814,104.256
F,1950543519814,95.747
H,1950647739314,104.2195
B,1950744388714,96.6494
U,1950847756214,103.3675
R,1950951778114,104.0219
G,1951047767014,95.9889
E,1951151768714,104.0017
N,1951248700014,96.9313
L,1951343474014,94.774
A,1951447819814,104.3458
N,1951543729314,95.9095
D,1951647778614,104.0493
F,1951743843514,96.0649
H,1951847747314,103.9038
B,1951945012514,97.2652
U,1952047762514,102.75
R,1952144887514,97.125
G,1952247822814,102.9353
E,1952343972814,96.15
N,1952448561314,104.5885
L,1952543521014,94.9597
A,1952647788214,104.2672
N,1952743810914,96.0227
D,1952847814814,104.0039
F,1952951789414,103.9746
H,1953047817414,96.028
B,1953152837614,105.0202
U,1953239748514,86.9109
R,1953343789114,104.0406
G,1953447806314,104.0172
E,1953552758314,104.952
N,1953647761014,95.0027
L,1953743786514,96.0255
A,1953847794014,104.0075
N,1953943828214,96.0342
D,1954047842114,104.0139
F,1954143791114,95.949
H,1954247794114,104.003
B,1954344805814,97.0117
U,1954447788314,102.9825
R,1954551782714,103.9944
G,1954647822114,96.0394
E,1954743797514,95.9754
N,1954847549314,103.7518
L,1954943832614,96.2833
A,1955039789914,95.9573
N,1955151832914,112.043
D,1955247782114,95.9492
F,1955343820714,96.0386
H,1955439816814,95.9961
B,1955543865914,104.0491
U,1955647817114,103.9512
R,1955743789114,95.972
G,1955847620714,103.8316
E,1955952847114,105.2264
N,1956047765514,94.9184
L,1956143584814,95.8193
A,1956247563414,103.9786
N,1956343809014,96.2456
D,1956448016014,104.207
F,1956543832214,95.8162
H,1956647599614,103.7674
B,1956744689314,97.0897
U,1956847647614,102.9583
R,1956944702614,97.055
G,1957047718714,103.0161
E,1957143825614,96.1069
N,1957247756114,103.9305
L,1957343799614,96.0435
A,1957439804614,96.005
N,1957543813014,104.0084
D,1957647961914,104.1489
F,1957743831414,95.8695
H,1957847896214,104.0648
B,1957943540514,95.6443
U,1958047996914,104.4564
R,1958143829514,95.8326
G,1958247854214,104.0247
E,1958343850014,95.9958
N,1958448788414,104.9384
L,1958543855714,95.0673
A,1958647802114,103.9464
N,1958743835314,96.0332
D,1958847806314,103.971
F,1958943814914,96.0086
H,1959047913514,104.0986
B,1959144799914,96.8864
U,1959247876014,103.0761
R,1959352448714,104.5727
G,1959447879114,95.4304
E,1959551833814,103.9547
N,1959639845014,88.0112
L,1959743869314,104.0243
A,1959847837214,103.9679
N,1959943922814,96.0856
D,1960047836914,103.9141
F,1960143835814,95.9989
H,1960247835714,103.9999
B,1960343845614,96.0099
U,1960447866714,104.0211
R,1960543869414,96.0027
G,1960647884214,104.0148
E,1960743882314,95.9981
N,1960847868014,103.9857
L,1960943872214,96.0042
A,1961047933614,104.0614
N,1961143903114,95.9695
D,1961247614414,103.7113
F,1961343860014,96.2456
H,1961447821714,103.9617
B,1961552693814,104.8721
U,1961647821814,95.128
R,1961751605114,103.7833
G,1961847645414,96.0403
E,1961952167814,104.5224
N,1962047896114,95.7283
L,1962143916314,96.0202
A,1962247894614,103.9783
N,1962343901614,96.007
D,1962447875514,103.9739
F,1962543905114,96.0296
H,1962647884314,103.9792
B,1962744987714,97.1034
U,1962847847014,102.8593
R,1962943902314,96.0553
G,1963047899814,103.9975
E,1963151853114,103.9533
N,1963248729614,96.8765
L,1963343875114,95.1455
A,1963447879814,104.0047
N,1963551799714,103.9199
D,1963647865314,96.0656
F,1963752046714,104.1814
H,1963839635914,87.5892
B,1963944515714,104.8798
U,1964047854114,103.3384
R,1964143901814,96.0477
G,1964247851014,103.9492
E,1964351872114,104.0211
N,1964447902614,96.0305
L,1964543885114,95.9825
A,1964647914914,104.0298
N,1964743922414,96.0075
D,1964847914214,103.9918
F,1964943863914,95.9497
H,1965047955814,104.0919
B,1965144811414,96.8556
U,1965247889114,103.0777
R,1965343865514,95.9764
G,1965447850714,103.9852
E,1965543931614,96.0809
N,1965647881614,103.95
L,1965743881614,96.0
A,1965839901814,96.0202
N,1965943902914,104.0011
D,1966047920614,104.0177
F,1966143816214,95.8956
H,1966247935014,104.1188
B,1966344837914,96.9029
U,1966447910914,103.073
R,1966544574514,96.6636
G,1966647908614,103.3341
E,1966743919514,96.0109
N,1966847922314,104.0028
L,1966943873514,95.9512
A,1967047870514,103.997
N,1967143875914,96.0054
D,1967247888214,104.0123
F,1967343912414,96.0242
H,1967447927214,104.0148
B,1967544749614,96.8224
U,1967647937614,103.188
R,1967751882814,103.9452
G,1967847923314,96.0405
E,1967952896314,104.973
N,1968039904314,87.008
L,1968143917714,104.0134
A,1968247880414,103.9627
N,1968343888314,96.0079
D,1968447879414,103.9911
F,1968543930614,96.0512
H,1968647876514,103.9459
B,1968744771514,96.895
U,1968847943314,103.1718
R,1968943920514,95.9772
G,1969047951414,104.0309
E,1969144154614,96.2032
N,1969247936714,103.7821
L,1969343959214,96.0225
A,1969447932014,103.9728
N,1969543941814,96.0098
D,1969647910014,103.9682
F,1969743903614,95.9936
H,1969847932314,104.0287
B,1969952897614,104.9653
U,1970047950314,95.0527
R,1970151937714,103.9874
G,1970247929514,95.9918
E,1970351975714,104.0462
N,1970448618014,96.6423
L,1970543937614,95.3196
A,1970647928514,103.9909
N,1970743938514,96.01
D,1970847930914,103.9924
F,1970943927414,95.9965
H,1971047930314,104.0029
B,1971145070514,97.1402
U,1971247982014,102.9115
R,1971344801914,96.8199
G,1971447724414,102.9225
E,1971543929314,96.2049
N,1971647971814,104.0425
L,1971744022314,96.0505
A,1971847933914,103.9116
N,1971951856814,103.9229
D,1972047961414,96.1046
F,1972151953314,103.9919
H,1972240027014,88.0737
B,1972343978314,103.9513
U,1972447894514,103.9162
R,1972543932514,96.038
G,1972647988614,104.0561
E,1972752800914,104.8123
N,1972847974614,95.1737
L,1972943946514,95.9719
A,1973048014814,104.0683
N,1973143693614,95.6788
D,1973247947214,104.2536
F,1973343939514,95.9923
H,1973447946314,104.0068
B,1973543925414,95.9791
U,1973647968114,104.0427
R,1973743951914,95.9838
G,1973847940614,103.9887
E,1973951945514,104.0049
N,1974047973614,96.0281
L,1974143708414,95.7348
A,1974239951814,96.2434
N,1974343970914,104.0191
D,1974447972614,104.0017
F,1974543730114,95.7575
H,1974648013514,104.2834
B,1974743750014,95.7365
U,1974848001714,104.2517
R,1974943752014,95.7503
G,1975047908614,104.1566
E,1975143747714,95.8391
N,1975248619114,104.8714
L,1975343776414,95.1573
A,1975447961814,104.1854
N,1975543668114,95.7063
D,1975647993114,104.325
F,1975743814714,95.8216
H,1975848202914,104.3882
B,1975944904714,96.7018
U,1976048038114,103.1334
R,1976152039014,104.0009
G,1976248015514,95.9765
E,1976351983714,103.9682
N,1976440004814,88.0211
L,1976543993914,103.9891
A,1976647947014,103.9531
N,1976744007814,96.0608
D,1976848020514,104.0127
F,1976944064414,96.0439
H,1977047980014,103.9156
B,1977145108514,97.1285
U,1977248041914,102.9334
R,1977343896114,95.8542
G,1977448018014,104.1219
E,1977544015314,95.9973
N,1977648760114,104.7448
L,1977744004314,95.2442
A,1977848012414,104.0081
N,1977943983414,95.971
D,1978047999614,104.0162
F,1978151982114,103.9825
H,1978247780114,95.798
B,1978352687214,104.9071
U,1978447939614,95.2524
R,1978551954314,104.0147
G,1978647964414,96.0101
E,1978752958814,104.9944
N,1978848034514,95.0757
L,1978944160614,96.1261
A,1979048001414,103.8408
N,1979144010414,96.009
D,1979247967314,103.9569
F,1979343982314,96.015
H,1979447971714,103.9894
B,1979544710114,96.7384
U,1979647996814,103.2867
R,1979744021414,96.0246
G,1979847778114,103.7567
E,1979944000214,96.2221
N,1980047908214,103.908
L,1980144113514,96.2053
A,1980247796114,103.6826
N,1980352034514,104.2384
D,1980447748214,95.7137
F,1980551985614,104.2374
H,1980640013114,88.0275
B,1980752638014,112.6249
U,1980848114214,95.4762
R,1980944039614,95.9254
G,1981047767814,103.7282
E,1981152813514,105.0457
N,1981247923814,95.1103
L,1981344088414,96.1646
A,1981447887614,103.7992
N,1981544060714,96.1731
D,1981647993414,103.9327
F,1981744030114,96.0367
H,1981848107914,104.0778
B,1981944792514,96.6846
U,1982047862214,103.0697
R,1982144040514,96.1783
G,1982248111714,104.0712
E,1982343783514,95.6718
N,1982448972314,105.1888
L,1982552027714,103.0554
A,1982640082114,88.0544
N,1982752095414,112.0133
D,1982848069114,95.9737
F,1982944093714,96.0246
H,1983048200414,104.1067
B,1983144111014,95.9106
U,1983248104114,103.9931
R,1983343862114,95.758
G,1983448039014,104.1769
E,1983544068814,96.0298
N,1983648077914,104.0091
L,1983744050514,95.9726
A,1983848035014,103.9845
N,1983944047714,96.0127
D,1984048079614,104.0319
F,1984144094814,96.0152
H,1984248101014,104.0062
B,1984344991214,96.8902
U,1984447801614,102.8104
R,1984552049314,104.2477
G,1984648078714,96.0294
E,1984752007114,103.9284
N,1984849038914,97.0318
L,1984944146814,95.1079
A,1985048094714,103.9479
N,1985144180714,96.086
D,1985248072814,103.8921
F,1985344039514,95.9667
H,1985448060914,104.0214
B,1985544059714,95.9988
U,1985648086114,104.0264
R,1985744052414,95.9663
G,1985848075214,104.0228
E,1985944003614,95.9284
N,1986048059814,104.0562
L,1986143825814,95.766
A,1986248091014,104.2652
N,1986344071614,95.9806
D,1986448035314,103.9637
F,1986544149214,96.1139
H,1986648064914,103.9157
B,1986751842214,103.7773
U,1986848063914,96.2217
R,1986951894914,103.831
G,1987048067014,96.1721
E,1987152887814,104.8208
N,1987248992314,96.1045
L,1987344045514,95.0532
A,1987448092114,104.0466
N,1987543959614,95.8675
D,1987648102114,104.1425
F,1987744085314,95.9832
H,1987848283814,104.1985
B,1987944084614,95.8008
U,1988048118114,104.0335
R,1988144121914,96.0038
G,1988248056014,103.9341
E,1988344137314,96.0813
N,1988447857014,103.7197
L,1988544066914,96.2099
A,1988647932814,103.8659
N,1988744053914,96.1211
D,1988847850914,103.797
F,1988952087514,104.2366
H,1989048092814,96.0053
B,1989152051514,103.9587
U,1989248106214,96.0547
R,1989344110514,96.0043
G,1989448058814,103.9483
E,1989552100814,104.042
N,1989648078114,95.9773
L,1989744083714,96.0056
A,1989848081014,103.9973
N,1989944149114,96.0681
D,1990048122614,103.9735
F,1990144141714,96.0191
H,1990248027214,103.8855
B,1990344107414,96.0802
U,1990448112714,104.0053
R,1990544099014,95.9863
G,1990648177514,104.0785
E,1990744114714,95.9372
N,1990849022714,104.908
L,1990944130214,95.1075
A,1991048107614,103.9774
N,1991152140614,104.033
D,1991248132914,95.9923
F,1991352129314,103.9964
H,1991448091814,95.9625
B,1991553122014,105.0302
U,1991648136314,95.0143
R,1991743988014,95.8517
G,1991848104314,104.1163
E,1991952104314,104.0
N,1992048133814,96.0295
L,1992144127214,95.9934
A,1992248124814,103.9976
N,1992344106814,95.982
D,1992448117214,104.0104
F,1992544120714,96.0035
H,1992648096314,103.9756
B,1992744098514,96.0022
U,1992848099214,104.0007
R,1992944091014,95.9918
G,1993048132814,104.0418
E,1993144098514,95.9657
N,1993249316214,105.2177
L,1993352123314,102.8071
A,1993439888814,87.7655
N,1993552095114,112.2063
D,1993648116814,96.0217
F,1993744091614,95.9748
H,1993848159814,104.0682
B,1993944157414,95.9976
U,1994048192914,104.0355
R,1994144129814,95.9369
G,1994248144014,104.0142
E,1994344143614,95.9996
N,1994448128914,103.9853
L,1994544124714,95.9958
A,1994648133514,104.0088
N,1994744122614,95.9891
D,1994848135214,104.0126
F,1994944161214,96.026
H,1995048142214,103.981
B,1995144131914,95.9897
U,1995248151314,104.0194
R,1995352159514,104.0082
G,1995448169014,96.0095
E,1995552142014,103.973
N,1995648965014,96.823
L,1995744106514,95.1415
A,1995848131614,104.0251
N,1995944174814,96.0432
D,1996048151014,103.9762
F,1996144042614,95.8916
H,1996248136214,104.0936
B,1996344217314,96.0811
U,1996448137314,103.92
R,1996544186514,96.0492
G,1996648176014,103.9895
E,1996744891214,96.7152
N,1996847943214,103.052
L,1996944153314,96.2101
A,1997048208814,104.0555
N,1997144059214,95.8504
D,1997248174414,104.1152
F,1997344152814,95.9784
H,1997448159514,104.0067
B,1997553216614,105.0571
U,1997648195914,94.9793
R,1997752147414,103.9515
G,1997848243314,96.0959
E,1997952176714,103.9334
N,1998048995614,96.8189
L,1998143985214,94.9896
A,1998248183314,104.1981
N,1998344122514,95.9392
D,1998448192014,104.0695
F,1998543981014,95.789
H,1998648139414,104.1584
B,1998744021114,95.8817
U,1998848160314,104.1392
R,1998943951814,95.7915
G,1999048170714,104.2189
E,1999144001714,95.831
N,1999249158714,105.157
L,1999343994914,94.8362
A,1999448180214,104.1853
N,1999543937214,95.757
D,1999648170314,104.2331
F,1999744031214,95.8609
H,1999848137314,104.1061
B,1999952181914,104.0446
U,2000048169814,95.9879
R,2000153131314,104.9615
G,2000248222814,95.0915
E,2000352184514,103.9617
N,2000448216014,96.0315
L,2000544375414,96.1594
A,2000648212214,103.8368
N,2000744247314,96.0351
D,2000848228114,103.9808
F,2000944182914,95.9548
H,2001048277114,104.0942
B,2001144893714,96.6166
U,2001247935814,103.0421
R,2001343972314,96.0365
G,2001447918714,103.9464
E,2001543826214,95.9075
N,2001648901914,105.0757
L,2001744215314,95.3134
A,2001848198414,103.9831
N,2001944182714,95.9843
D,2002048220314,104.0376
F,2002152196014,103.9757
H,2002248213014,96.017
B,2002352208614,103.9956
U,2002448248514,96.0399
R,2002544171614,95.9231
G,2002648207514,104.0359
E,2002752239714,104.0322
N,2002848192714,95.953
L,2002944216614,96.0239
A,2003048196714,103.9801
N,2003144273214,96.0765
D,2003248234414,103.9612
F,2003344234814,96.0004
H,2003448192514,103.9577
B,2003545124914,96.9324
U,2003648164014,103.0391
R,2003744213814,96.0498
G,2003847964314,103.7505
E,2003944168214,96.2039
N,2004048906014,104.7378
L,2004144222714,95.3167
A,2004248180314,103.9576
N,2004352216314,104.036
D,2004447988714,95.7724
F,2004552223214,104.2345
H,2004648017114,95.7939
B,2004752834014,104.8169
U,2004847937514,95.1035
R,2004944228714,96.2912
G,2005047957814,103.7291
E,2005152201614,104.2438
N,2005248040514,95.8389
L,2005344288114,96.2476
A,2005448001314,103.7132
N,2005544243314,96.242
D,2005648048814,103.8055
F,2005744240614,96.1918
H,2005848181414,103.9408
B,2005945077314,96.8959
U,2006048302614,103.2253
R,2006145040614,96.738
G,2006248317914,103.2773
E,2006352131914,103.814
N,2006448269614,96.1377
L,2006544236014,95.9664
A,2006640279614,96.0436
N,2006744291214,104.0116
D,2006848292514,104.0013
F,2006944315714,96.0232
H,2007048250714,103.935
B,2007145097514,96.8468
U,2007248325714,103.2282
R,2007344317914,95.9922
G,2007448295414,103.9775
E,2007544278914,95.9835
N,2007648204814,103.9259
L,2007744232914,96.0281
A,2007848219714,103.9868
N,2007944218314,95.9986
D,2008048258514,104.0402
F,2008144249514,95.991
H,2008248353214,104.1037
B,2008353157814,104.8046
U,2008448377914,95.2201
R,2008553185714,104.8078
G,2008648308414,95.1227
E,2008753006914,104.6985
N,2008848285814,95.2789
L,2008944242814,95.957
A,2009048236414,103.9936
N,2009144268214,96.0318
D,2009248261614,103.9934
F,2009344214414,95.9528
H,2009448011914,103.7975
B,2009544253014,96.2411
U,2009648263914,104.0109
R,2009744304814,96.0409
G,2009848279614,103.9748
E,2009944347714,96.0681
N,2010048299814,103.9521
L,2010144294914,95.9951
A,2010248265314,103.9704
N,2010344282014,96.0167
D,2010448257914,103.9759
F,2010552016114,103.7582
H,2010648243014,96.2269
B,2010752024414,103.7814
U,2010848289114,96.2647
R,2010944018214,95.7291
G,2011048294214,104.276
E,2011152784414,104.4902
N,2011249275414,96.491
L,2011344394614,95.1192
A,2011447976214,103.5816
N,2011544127414,96.1512
D,2011648248814,104.1214
F,2011744263714,96.0149
H,2011848249214,103.9855
B,2011944266614,96.0174
U,2012048293514,104.0269
R,2012144271714,95.9782
G,2012248301914,104.0302
E,2012344263614,95.9617
N,2012448319814,104.0562
L,2012552448914,104.1291
A,2012648277114,95.8282
N,2012752286314,104.0092
D,2012848282614,95.9963
F,2012952352614,104.07
H,2013048288614,95.936
B,2013145314714,97.0261
U,2013248262914,102.9482
R,2013344265114,96.0022
G,2013448255114,103.99
E,2013553316114,105.061
N,2013648313014,94.9969
L,2013744262814,95.9498
A,2013848315614,104.0528
N,2013944307414,95.9918
D,2014048320914,104.0135
F,2014144313614,95.9927
H,2014248312714,103.9991
B,2014344327514,96.0148
U,2014448294114,103.9666
R,2014544347114,96.053
G,2014648312714,103.9656
E,2014752250814,103.9381
N,2014848329614,96.0788
L,2014944311914,95.9823
A,2015040309514,95.9976
N,2015152322114,112.0126
D,2015248348214,96.0261
F,2015344189714,95.8415
H,2015448335714,104.146
B,2015545125414,96.7897
U,2015648399714,103.2743
R,2015744334514,95.9348
G,2015848354614,104.0201
E,2015944292214,95.9376
N,2016049191114,104.8989
L,2016144082514,94.8914
A,2016248345514,104.263
N,2016344342214,95.9967
D,2016448331714,103.9895
F,2016544325014,95.9933
H,2016648341314,104.0163
B,2016753379414,105.0381
U,2016848321114,94.9417
R,2016952315014,103.9939
G,2017048345714,96.0307
E,2017153332414,104.9867
N,2017249019114,95.6867
L,2017344313214,95.2941
A,2017448321814,104.0086
N,2017544298514,95.9767
D,2017648401614,104.1031
F,2017744360814,95.9592
H,2017848416814,104.056
B,2017945171414,96.7546
U,2018048368314,103.1969
R,2018144321114,95.9528
G,2018248340014,104.0189
E,2018344327414,95.9874
N,2018448370414,104.043
L,2018544313714,95.9433
A,2018648423314,104.1096
N,2018744366414,95.9431
D,2018848159114,103.7927
F,2018952346614,104.1875
H,2019048384914,96.0383
B,2019153176714,104.7918
U,2019248408814,95.2321
R,2019352400614,103.9918
G,2019448353414,95.9528
E,2019552343214,103.9898
N,2019648352514,96.0093
L,2019744349314,95.9968
A,2019848379014,104.0297
N,2019944350714,95.9717
D,2020048341014,103.9903
F,2020144336414,95.9954
H,2020248390314,104.0539
B,2020345413814,97.0235
U,2020448229814,102.816
R,2020544355714,96.1259
G,2020648357114,104.0014
E,2020745071814,96.7147
N,2020848367114,103.2953
L,2020944342414,95.9753
A,2021048358714,104.0163
N,2021152373914,104.0152
D,2021248367914,95.994
F,2021352439114,104.0712
H,2021448331914,95.8928
B,2021553006914,104.675
U,2021648333414,95.3265
R,2021744351714,96.0183
G,2021848532414,104.1807
E,2021952368514,103.8361
N,2022048372214,96.0037
L,2022144335614,95.9634
A,2022248402714,104.0671
N,2022344351714,95.949
D,2022448368214,104.0165
F,2022544342914,95.9747
H,2022648395014,104.0521
B,2022744866014,96.471
U,2022848363414,103.4974
R,2022944138714,95.7753
G,2023048126214,103.9875
E,2023153278814,105.1526
N,2023248363814,95.085
L,2023352372014,104.0082
A,2023440306014,87.934
N,2023552348814,112.0428
D,2023648372714,96.0239
F,2023752370814,103.9981
H,2023848378814,96.008
B,2023944267214,95.8884
U,2024048356114,104.0889
R,2024144288414,95.9323
G,2024248411814,104.1234
E,2024353393514,104.9817
N,2024449229414,95.8359
L,2024544501614,95.2722
A,2024648369514,103.8679
N,2024744450714,96.0812
D,2024848403814,103.9531
F,2024944591114,96.1873
H,2025048408214,103.8171
B,2025145327814,96.9196
U,2025248450914,103.1231
R,2025344426114,95.9752
G,2025448410914,103.9848
E,2025552381814,103.9709
N,2025648382814,96.001
L,2025752421414,104.0386
A,2025840382314,87.9609
N,2025952413214,112.0309
D,2026048395014,95.9818
F,2026144402414,96.0074
H,2026248424114,104.0217
B,2026344428814,96.0047
U,2026448412514,103.9837
R,2026544430214,96.0177
G,2026648392614,103.9624
E,2026744427214,96.0346
N,2026848789614,104.3624
L,2026944413314,95.6237
A,2027048389414,103.9761
N,2027144151814,95.7624
D,2027248418114,104.2663
F,2027344422014,96.0039
H,2027448369714,103.9477
B,2027553355314,104.9856
U,2027648422814,95.0675
R,2027752418614,103.9958
G,2027848387914,95.9693
E,2027952383314,103.9954
N,2028048406214,96.0229
L,2028144426014,96.0198
A,2028248107014,103.681
N,2028344378214,96.2712
D,2028448379714,104.0015
F,2028544415114,96.0354
H,2028648216314,103.8012
B,2028744405714,96.1894
U,2028848168914,103.7632
R,2028944426114,96.2572
G,2029048191514,103.7654
E,2029144464414,96.2729
N,2029249009614,104.5452
L,2029344430314,95.4207
A,2029448161014,103.7307
N,2029544430414,96.2694
D,2029648315014,103.8846
F,2029752432214,104.1172
H,2029848150014,95.7178
B,2029952428614,104.2786
U,2030048287114,95.8585
R,2030152431314,104.1442
G,2030248477214,96.0459
E,2030352451114,103.9739
N,2030448630114,96.179
L,2030544499914,95.8698
A,2030648483014,103.9831
N,2030744422114,95.9391
D,2030848480714,104.0586
F,2030944431314,95.9506
H,2031048527814,104.0965
B,2031144857814,96.33
U,2031248413514,103.5557
R,2031344444514,96.031
G,2031448540014,104.0955
E,2031544473814,95.9338
N,2031648457814,103.984
L,2031752470514,104.0127
A,2031848436814,95.9663
N,2031952342414,103.9056
D,2032048446814,96.1044
F,2032152477814,104.031
H,2032248199614,95.7218
B,2032345284414,97.0848
U,2032448454814,103.1704
R,2032544445514,95.9907
G,2032648471214,104.0257
E,2032752456414,103.9852
N,2032848432314,95.9759
L,2032944469414,96.0371
A,2033048468014,103.9986
N,2033144437814,95.9698
D,2033248450414,104.0126
F,2033344451214,96.0008
H,2033448469914,104.0187
B,2033545479814,97.0099
U,2033648457314,102.9775
R,2033752427214,103.9699
G,2033848449314,96.0221
E,2033953142614,104.6933
N,2034048463414,95.3208
L,2034144474914,96.0115
A,2034248468814,103.9939
N,2034344506914,96.0381
D,2034448480414,103.9735
F,2034544482814,96.0024
H,2034648472914,103.9901
B,2034744491814,96.0189
U,2034848461614,103.9698
R,2034944459614,95.998
G,2035048431014,103.9714
E,2035144456414,96.0254
N,2035248511314,104.0549
L,2035344394514,95.8832
A,2035448564914,104.1704
N,2035544505614,95.9407
D,2035648498514,103.9929
F,2035752226414,103.7279
H,2035848503014,96.2766
B,2035953314314,104.8113
U,2036048485514,95.1712
R,2036152567714,104.0822
G,2036248472114,95.9044
E,2036352642314,104.1702
N,2036448474814,95.8325
L,2036544481214,96.0064
A,2036648455214,103.974
N,2036744473414,96.0182
D,2036848510014,104.0366
F,2036944557614,96.0476
H,2037048543914,103.9863
B,2037145365514,96.8216
U,2037248491714,103.1262
R,2037344496314,96.0046
G,2037448511014,104.0147
E,2037544523214,96.0122
N,2037648485214,103.962
L,2037744519814,96.0346
A,2037848523914,104.0041
N,2037952531614,104.0077
D,2038048536114,96.0045
F,2038152574614,104.0385
H,2038248508714,95.9341
B,2038352489214,103.9805
U,2038448509514,96.0203
R,2038544503514,95.994
G,2038648515314,104.0118
E,2038752490214,103.9749
N,2038848496114,96.0059
L,2038944487814,95.9917
A,2039048505914,104.0181
N,2039144484514,95.9786
D,2039248482214,103.9977
F,2039344473914,95.9917
H,2039448591214,104.1173
B,2039552512514,103.9213
U,2039648553414,96.0409
R,2039744258714,95.7053
G,2039848531914,104.2732
E,2039952456814,103.9249
N,2040048881314,96.4245
L,2040152506414,103.6251
A,2040248601414,96.095
N,2040352517314,103.9159
D,2040448550414,96.0331
F,2040552521914,103.9715
H,2040648532214,96.0103
B,2040744236014,95.7038
U,2040848534614,104.2986
R,2040944513214,95.9786
G,2041048609814,104.0966
E,2041152559514,103.9497
N,2041248495614,95.9361
L,2041344586314,96.0907
A,2041448530614,103.9443
N,2041544514414,95.9838
D,2041648534414,104.02
F,2041744520114,95.9857
H,2041848600514,104.0804
B,2041952540414,103.9399
U,2042048516014,95.9756
R,2042152513914,103.9979
G,2042248554414,96.0405
E,2042352542314,103.9879
N,2042449548714,97.0064
L,2042544544714,94.996
A,2042648547114,104.0024
N,2042744565514,96.0184
D,2042848546414,103.9809
F,2042944574114,96.0277
H,2043048493614,103.9195
B,2043144326114,95.8325
U,2043248544114,104.218
R,2043344414414,95.8703
G,2043448557914,104.1435
E,2043544618414,96.0605
N,2043648561514,103.9431
L,2043744506814,95.9453
A,2043848533414,104.0266
N,2043944582214,96.0488
D,2044048508014,103.9258
F,2044144494114,95.9861
H,2044248538014,104.0439
B,2044353279414,104.7414
U,2044448552714,95.2733
R,2044553568914,105.0162
G,2044648541114,94.9722
E,2044752541914,104.0008
N,2044848540214,95.9983
L,2044944591414,96.0512
A,2045048609514,104.0181
N,2045144453114,95.8436
D,2045248548914,104.0958
F,2045344554714,96.0058
H,2045448368014,103.8133
B,2045544570914,96.2029
U,2045648584014,104.0131
R,2045744542814,95.9588
G,2045848550014,104.0072
E,2045944325214,95.7752
N,2046048554614,104.2294
L,2046144393414,95.8388
A,2046248249014,103.8556
N,2046344523214,96.2742
D,2046448577614,104.0544
F,2046552592014,104.0144
H,2046648577114,95.9851
B,2046753332714,104.7556
U,2046848537714,95.205
R,2046952584614,104.0469
G,2047048502914,95.9183
E,2047152613214,104.1103
N,2047248582914,95.9697
L,2047344326714,95.7438
A,2047448520214,104.1935
N,2047544372814,95.8526
D,2047648605114,104.2323
F,2047744348414,95.7433
H,2047848600414,104.252
B,2047944368914,95.7685
U,2048048572414,104.2035
R,2048144378214,95.8058
G,2048248563314,104.1851
E,2048344343014,95.7797
N,2048448603314,104.2603
L,2048552612014,104.0087
A,2048648356314,95.7443
N,2048752581014,104.2247
D,2048848559414,95.9784
F,2048952620114,104.0607
H,2049048600714,95.9806
B,2049152801214,104.2005
U,2049248564314,95.7631
R,2049344692414,96.1281
G,2049448630414,103.938
E,2049552601414,103.971
N,2049648559914,95.9585
L,2049744599114,96.0392
A,2049848584714,103.9856
N,2049944696614,96.1119
D,2050048568414,103.8718
F,2050144408114,95.8397
H,2050248401314,103.9932
B,2050344340714,95.9394
U,2050448411814,104.0711
R,2050544164814,95.753
G,2050648254314,104.0895
E,2050752349114,104.0948
N,2050849509614,97.1605
L,2050952642214,103.1326
A,2051048592114,95.9499
N,2051152582714,103.9906
D,2051248655614,96.0729
F,2051344618714,95.9631
H,2051448576414,103.9577
B,2051545467714,96.8913
U,2051648587214,103.1195
R,2051744627814,96.0406
G,2051848588314,103.9605
E,2051944604514,96.0162
N,2052048708514,104.104
L,2052144606714,95.8982
A,2052248484114,103.8774
N,2052344765414,96.2813
D,2052448600414,103.835
F,2052544639614,96.0392
H,2052648596514,103.9569
B,2052752342514,103.746
U,2052848596914,96.2544
R,2052952579114,103.9822
G,2053048385714,95.8066
E,2053152616014,104.2303
N,2053248398814,95.7828
L,2053344526414,96.1276
A,2053448411514,103.8851
N,2053544638214,96.2267
D,2053648379914,103.7417
F,2053744651514,96.2716
H,2053848245314,103.5938
B,2053944544414,96.2991
U,2054048464414,103.92
R,2054144614214,96.1498
G,2054248517714,103.9035
E,2054344667414,96.1497
N,2054449475414,104.808
L,2054544706014,95.2306
A,2054648642214,103.9362
N,2054744662414,96.0202
D,2054848420414,103.758
F,2054952662614,104.2422
H,2055048781914,96.1193
B,2055152658514,103.8766
U,2055248781214,96.1227
R,2055352624714,103.8435
G,2055448664214,96.0395
E,2055552628614,103.9644
N,2055648632414,96.0038
L,2055744683214,96.0508
A,2055848641714,103.9585
N,2055944640114,95.9984
D,2056048645614,104.0055
F,2056144728114,96.0825
H,2056248771614,104.0435
B,2056345526814,96.7552
U,2056448683114,103.1563
R,2056544718914,96.0358
G,2056648630914,103.912
E,2056744642514,96.0116
N,2056849304914,104.6624
L,2056952638014,103.3331
A,2057048639214,96.0012
N,2057152678814,104.0396
D,2057248739214,96.0604
F,2057352722914,103.9837
H,2057448663714,95.9408
B,2057552640014,103.9763
U,2057648677514,96.0375
R,2057744654614,95.9771
G,2057848652314,103.9977
E,2057952790914,104.1386
N,2058049536314,96.7454
L,2058144691914,95.1556
A,2058248653614,103.9617
N,2058344682714,96.0291
D,2058448727914,104.0452
F,2058544690414,95.9625
H,2058648662714,103.9723
B,2058745523714,96.861
U,2058848664614,103.1409
R,2058952427014,103.7624
G,2059048383914,95.9569
E,2059152457914,104.074
N,2059248676914,96.219
L,2059352465014,103.7881
A,2059448683214,96.2182
N,2059552595214,103.912
D,2059648642714,96.0475
F,2059752452314,103.8096
H,2059848674214,96.2219
B,2059944691414,96.0172
U,2060048777814,104.0864
R,2060144701214,95.9234
G,2060248702514,104.0013
E,2060352769514,104.067
N,2060449691114,96.9216
L,2060544706314,95.0152
A,2060648694914,103.9886
N,2060744698614,96.0037
D,2060848680514,103.9819
F,2060944673314,95.9928
H,2061048693114,104.0198
B,2061152795114,104.102
U,2061248673714,95.8786
R,2061352689714,104.016
G,2061448711614,96.0219
E,2061552706914,103.9953
N,2061648727114,96.0202
L,2061744715914,95.9888
A,2061848695214,103.9793
N,2061944706114,96.0109
D,2062048731514,104.0254
F,2062144772814,96.0413
H,2062248737114,103.9643
B,2062344683614,95.9465
U,2062448662914,103.9793
R,2062544747014,96.0841
G,2062648737814,103.9908
E,2062744722214,95.9844
N,2062848753814,104.0316
L,2062944722414,95.9686
A,2063048707514,103.9851
N,2063144718414,96.0109
D,2063248723014,104.0046
F,2063352700414,103.9774
H,2063448718914,96.0185
B,2063553394214,104.6753
U,2063648748114,95.3539
R,2063752722214,103.9741
G,2063848517114,95.7949
E,2063952728214,104.2111
N,2064048734314,96.0061
L,2064144674814,95.9405
A,2064248730814,104.056
N,2064344484614,95.7538
D,2064448744214,104.2596
F,2064544722614,95.9784
H,2064648728114,104.0055
B,2064745736614,97.0085
U,2064848763414,103.0268
R,2064944752414,95.989
G,2065048772214,104.0198
E,2065144542514,95.7703
N,2065249604114,105.0616
L,2065352756514,103.1524
A,2065448723514,95.967
N,2065552776014,104.0525
D,2065648774214,95.9982
F,2065752720014,103.9458
H,2065848743714,96.0237
B,2065953692514,104.9488
U,2066048697114,95.0046
R,2066144709014,96.0119
G,2066248748814,104.0398
E,2066352440814,103.692
N,2066448716814,96.276
L,2066544722714,96.0059
A,2066648485314,103.7626
N,2066744792514,96.3072
D,2066848754914,103.9624
F,2066944764014,96.0091
H,2067048747814,103.9838
B,2067144618014,95.8702
U,2067248747614,104.1296
R,2067344741114,95.9935
G,2067448735614,103.9945
E,2067552760914,104.0253
N,2067649736814,96.9759
L,2067752745114,103.0083
A,2067848715714,95.9706
N,2067952728514,104.0128
D,2068048760714,96.0322
F,2068152793314,104.0326
H,2068248775314,95.982
B,2068344733614,95.9583
U,2068448823114,104.0895
R,2068544793114,95.97
G,2068648782914,103.9898
E,2068753480714,104.6978
N,2068849505014,96.0243
L,2068944785914,95.2809
A,2069048763314,103.9774
N,2069144727814,95.9645
D,2069248742714,104.0149
F,2069344724814,95.9821
H,2069448756614,104.0318
B,2069545752014,96.9954
U,2069648782814,103.0308
R,2069752771814,103.989
G,2069848757214,95.9854
E,2069952766514,104.0093
N,2070049812014,97.0455
L,2070144789914,94.9779
A,2070248784514,103.9946
N,2070352781314,103.9968
D,2070448784414,96.0031
F,2070544735914,95.9515
H,2070648806314,104.0704
B,2070744729714,95.9234
U,2070848823314,104.0936
R,2070944797814,95.9745
G,2071048781714,103.9839
E,2071144528614,95.7469
N,2071248788414,104.2598
L,2071344549614,95.7612
A,2071448879914,104.3303
N,2071544554714,95.6748
D,2071648790214,104.2355
F,2071752780814,103.9906
H,2071848761114,95.9803
B,2071953393514,104.6324
U,2072048494214,95.1007
R,2072152569914,104.0757
G,2072248787114,96.2172
E,2072352831814,104.0447
N,2072448805714,95.9739
L,2072544545914,95.7402
A,2072648828014,104.2821
N,2072744646514,95.8185
D,2072848801014,104.1545
F,2072944851414,96.0504
H,2073048813514,103.9621
B,2073145661114,96.8476
U,2073248850114,103.189
R,2073344891614,96.0415
G,2073448865314,103.9737
E,2073544913614,96.0483
N,2073648868514,103.9549
L,2073744817214,95.9487
A,2073848774214,103.957
N,2073952834514,104.0603
D,2074048834014,95.9995
F,2074152835914,104.0019
H,2074248835314,95.9994
B,2074353497114,104.6618
U,2074448794114,95.297
R,2074552820214,104.0261
G,2074648819514,95.9993
E,2074752771414,103.9519
N,2074848624514,95.8531
L,2074944816514,96.192
A,2075048833814,104.0173
N,2075144969114,96.1353
D,2075248996414,104.0273
F,2075344823014,95.8266
H,2075448864114,104.0411
B,2075545802114,96.938
U,2075648848414,103.0463
R,2075744858014,96.0096
G,2075848795114,103.9371
E,2075944803514,96.0084
N,2076049889614,105.0861
L,2076144508514,94.6189
A,2076248885114,104.3766
N,2076352831414,103.9463
D,2076448782914,95.9515
F,2076552826214,104.0433
H,2076648820214,95.994
B,2076753876014,105.0558
U,2076848830814,94.9548
R,2076952833514,104.0027
G,2077048805014,95.9715
E,2077153811914,105.0069
N,2077248634614,94.8227
L,2077344832414,96.1978
A,2077448599214,103.7668
N,2077544868714,96.2695
D,2077648615114,103.7464
F,2077744849814,96.2347
H,2077848606214,103.7564
B,2077945674614,97.0684
U,2078048658014,102.9834
R,2078144853214,96.1952
G,2078248641314,103.7881
E,2078344845814,96.2045
N,2078449738914,104.8931
L,2078552851614,103.1127
A,2078648543414,95.6918
N,2078752568214,104.0248
D,2078848848614,96.2804
F,2078952877514,104.0289
H,2079049132614,96.2551
B,2079153694314,104.5617
U,2079248734614,95.0403
R,2079352898614,104.164
G,2079448990914,96.0923
E,2079552920514,103.9296
N,2079649956314,97.0358
L,2079744867514,94.9112
A,2079848837414,103.9699
N,2079944865914,96.0285
D,2080048816714,103.9508
F,2080144849214,96.0325
H,2080248598314,103.7491
B,2080345877614,97.2793
U,2080448916114,103.0385
R,2080544863414,95.9473
G,2080648860914,103.9975
E,2080752853414,103.9925
N,2080848870014,96.0166
L,2080952855514,103.9855
A,2081048897714,96.0422
N,2081152890814,103.9931
D,2081248860314,95.9695
F,2081352869914,104.0096
H,2081448904814,96.0349
B,2081552635214,103.7304
U,2081648828514,96.1933
R,2081744872314,96.0438
G,2081848919814,104.0475
E,2081953873014,104.9532
N,2082048883614,95.0106
L,2082144895514,96.0119
A,2082248875614,103.9801
N,2082344925614,96.05
D,2082448884714,103.9591
F,2082544726214,95.8415
H,2082648852514,104.1263
B,2082753779314,104.9268
U,2082848864514,95.0852
R,2082952647514,103.783
G,2083048882414,96.2349
E,2083153703914,104.8215
N,2083249699414,95.9955
L,2083352745814,103.0464
A,2083448944714,96.1989
N,2083552665214,103.7205
D,2083648904614,96.2394
F,2083744918614,96.014
H,2083848920614,104.002
B,2083944957614,96.037
U,2084048916114,103.9585
R,2084144877014,95.9609
G,2084248876514,103.9995
E,2084353654914,104.7784
N,2084448913414,95.2585
L,2084544908214,95.9948
A,2084648918214,104.01
N,2084744890814,95.9726
D,2084848928014,104.0372
F,2084944893414,95.9654
H,2085048888214,103.9948
B,2085154008114,105.1199
U,2085248896814,94.8887
R,2085352983414,104.0866
G,2085448909714,95.9263
E,2085552961914,104.0522
N,2085649531614,96.5697
L,2085744905514,95.3739
A,2085848893214,103.9877
N,2085944936814,96.0436
D,2086048934914,103.9981
F,2086144919014,95.9841
H,2086248943814,104.0248
B,2086345629214,96.6854
U,2086448697814,103.0686
R,2086544916214,96.2184
G,2086648971914,104.0557
E,2086746006714,97.0348
N,2086849615814,103.6091
L,2086944881514,95.2657
A,2087048897914,104.0164
N,2087152882714,103.9848
D,2087248895514,96.0128
F,2087352932214,104.0367
H,2087448946214,96.014
B,2087553635114,104.6889
U,2087648931314,95.2962
R,2087752911414,103.9801
G,2087848911314,95.9999
E,2087952893514,103.9822
N,2088049993914,97.1004
L,2088144930014,94.9361
A,2088248914214,103.9842
N,2088344903214,95.989
D,2088448938614,104.0354
F,2088544997614,96.059
H,2088648935114,103.9375
B,2088745878814,96.9437
U,2088848921514,103.0427
R,2088944957414,96.0359
G,2089048912714,103.9553
E,2089152951114,104.0384
N,2089249784514,96.8334
L,2089352893614,103.1091
A,2089448924114,96.0305
N,2089552722114,103.798
D,2089648931014,96.2089
F,2089752990614,104.0596
H,2089848938214,95.9476
B,2089953993814,105.0556
U,2090048960014,94.9662
R,2090144775914,95.8159
G,2090248926614,104.1507
E,2090353960214,105.0336
N,2090448941814,94.9816
L,2090544961714,96.0199
A,2090648947014,103.9853
N,2090745001514,96.0545
D,2090848945114,103.9436
F,2090944985514,96.0404
H,2091048965414,103.9799
B,2091153184414,104.219
U,2091248941314,95.7569
R,2091352979714,104.0384
G,2091448995414,96.0157
E,2091552993314,103.9979
N,2091656989314,103.996
L,2091752967214,95.9779
A,2091848969314,96.0021
N,2091952959014,103.9897
D,2092048974014,96.015
F,2092144929314,95.9553
H,2092248978814,104.0495
B,2092345828514,96.8497
U,2092448921814,103.0933
R,2092544929114,96.0073
G,2092648976214,104.0471
E,2092745043414,96.0672
N,2092849007014,103.9636
L,2092944921314,95.9143
A,2093048974714,104.0534
N,2093144992614,96.0179
D,2093249003114,104.0105
F,2093352953914,103.9508
H,2093448973114,96.0192
B,2093552967714,103.9946
U,2093648979214,96.0115
R,2093752956514,103.9773
G,2093848977414,96.0209
E,2093952999514,104.0221
N,2094048975914,95.9764
L,2094144848414,95.8725
A,2094249007014,104.1586
N,2094344890914,95.8839
D,2094449008214,104.1173
F,2094544948314,95.9401
H,2094648984214,104.0359
B,2094745950614,96.9664
U,2094848968114,103.0175
R,2094944980514,96.0124
G,2095048947314,103.9668
E,2095144975914,96.0286
N,2095248940814,103.9649
L,2095353016314,104.0755
A,2095448981814,95.9655
N,2095552983114,104.0013
D,2095648963514,95.9804
F,2095752987414,104.0239
H,2095849025814,96.0384
B,2095953810514,104.7847
U,2096049008214,95.1977
R,2096144745914,95.7377
G,2096248980714,104.2348
E,2096352998214,104.0175
N,2096448989914,95.9917
L,2096544844514,95.8546
A,2096648994714,104.1502
N,2096744870614,95.8759
D,2096848987814,104.1172
F,2096944911014,95.9232
H,2097049010814,104.0998
B,2097146241314,97.2305
U,2097249048614,102.8073
R,2097353004614,103.956
G,2097448984614,95.98
E,2097553018714,104.0341
N,2097650022814,97.0041
L,2097752954714,102.9319
A,2097848979614,96.0249
N,2097953021914,104.0423
D,2098049012614,95.9907
F,2098153004214,103.9916
H,2098248992414,95.9882
B,2098345417014,96.4246
U,2098449030614,103.6136
R,2098545088314,96.0577
G,2098649010514,103.9222
E,2098753009014,103.9985
N,2098849022214,96.0132
L,2098945037114,96.0149
A,2099049057914,104.0208
N,2099145020814,95.9629
D,2099248785914,103.7651
F,2099353016614,104.2307
H,2099449018914,96.0023
B,2099553000914,103.982
U,2099649173914,96.173
R,2099753030914,103.857
G,2099849056514,96.0256
E,2099954057414,105.0009
N,2100050000314,95.9429
L,2100145027714,95.0274
A,2100249022014,103.9943
N,2100345029514,96.0075
D,2100448984914,103.9554
F,2100545001814,96.0169
H,2100648983114,103.9813
B,2100745948914,96.9658
U,2100849062014,103.1131
R,2100945074214,96.0122
G,2101049002514,103.9283
E,2101145725514,96.723
N,2101248683614,102.9581
L,2101344803614,96.12
A,2101448570814,103.7672
N,2101553016114,104.4453
D,2101648778714,95.7626
F,2101753025814,104.2471
H,2101848733714,95.7079
B,2101954009914,105.2762
U,2102048837314,94.8274
R,2102153010114,104.1728
G,2102248830814,95.8207
E,2102354061814,105.231
N,2102448839314,94.7775
L,2102545049414,96.2101
A,2102648945914,103.8965
N,2102745065114,96.1192
D,2102848941014,103.8759
F,2102945069114,96.1281
H,2103049025014,103.9559
B,2103146054214,97.0292
U,2103249098914,103.0447
R,2103345013614,95.9147
G,2103449113614,104.1
E,2103544810514,95.6969
N,2103650179814,105.3693
L,2103753044414,102.8646
A,2103849197014,96.1526
N,2103953080614,103.8836
D,2104049071114,95.9905
F,2104153068714,103.9976
H,2104249120514,96.0518
B,2104353961114,104.8406
U,2104449025914,95.0648
R,2104553027514,104.0016
G,2104649078514,96.051
E,2104753092814,104.0143
N,2104849017414,95.9246
L,2104945053114,96.0357
A,2105049082514,104.0294
N,2105144886814,95.8043
D,2105249084214,104.1974
F,2105345085914,96.0017
H,2105449098414,104.0125
B,2105545866614,96.7682
U,2105649106214,103.2396
R,2105744832214,95.726
G,2105849053114,104.2209
E,2105952887214,103.8341
N,2106049970314,97.0831
L,2106152860614,102.8903
A,2106248785014,95.9244
N,2106353050614,104.2656
D,2106449099314,96.0487
F,2106552825214,103.7259
H,2106649084314,96.2591
B,2106753752314,104.668
U,2106849091014,95.3387
R,2106945057214,95.9662
G,2107049064914,104.0077
E,2107152827014,103.7621
N,2107249075514,96.2485
L,2107345110214,96.0347
A,2107449187614,104.0774
N,2107545066514,95.8789
D,2107649088614,104.0221
F,2107745092614,96.004
H,2107849137214,104.0446
B,2107945837214,96.7
U,2108049095314,103.2581
R,2108152899314,103.804
G,2108249094914,96.1956
E,2108352861014,103.7661
N,2108450142214,97.2812
L,2108552942114,102.7999
A,2108649052114,96.11
N,2108753039314,103.9872
D,2108849146914,96.1076
F,2108953149814,104.0029
H,2109049024414,95.8746
B,2109153147914,104.1235
U,2109249110414,95.9625
R,2109345114414,96.004
G,2109449091314,103.9769
E,2109553117714,104.0264
N,2109649146114,96.0284
L,2109745153414,96.0073
A,2109849193514,104.0401
N,2109945109514,95.916
D,2110049049114,103.9396
F,2110145109114,96.06
H,2110249088014,103.9789
B,2110354087214,104.9992
U,2110449107614,95.0204
R,2110553191414,104.0838
G,2110649129814,95.9384
E,2110753121914,103.9921
N,2110849974114,96.8522
L,2110953104014,103.1299
A,2111049135814,96.0318
N,2111153121814,103.986
D,2111249123814,96.002
F,2111353150514,104.0267
H,2111449094914,95.9444
B,2111545077814,95.9829
U,2111648898214,103.8204
R,2111745153314,96.2551
G,2111849132214,103.9789
E,2111953144614,104.0124
N,2112049155114,96.0105
L,2112145122814,95.9677
A,2112249140414,104.0176
N,2112345161914,96.0215
D,2112449160214,103.9983
F,2112545175514,96.0153
H,2112649157014,103.9815
B,2112753756214,104.5992
U,2112849090114,95.3339
R,2112953104914,104.0148
G,2113049156514,96.0516
E,2113153187014,104.0305
N,2113249773714,96.5867
L,2113353125114,103.3514
A,2113449132214,96.0071
N,2113552854614,103.7224
D,2113649134914,96.2803
F,2113753151614,104.0167
H,2113849158314,96.0067
B,2113945169514,96.0112
U,2114049135314,103.9658
R,2114145160514,96.0252
G,2114249225814,104.0653
E,2114353112414,103.8866
N,2114449127714,96.0153
L,2114545118114,95.9904
A,2114649132314,104.0142
N,2114745084014,95.9517
D,2114849152614,104.0686
F,2114953162014,104.0094
H,2115049175014,96.013
B,2115154041614,104.8666
U,2115249197314,95.1557
R,2115353191514,103.9942
G,2115449192814,96.0013
E,2115553204614,104.0118
N,2115656926514,103.7219
L,2115745114814,88.1883
A,2115849155914,104.0411
N,2115953151014,103.9951
D,2116049163214,96.0122
F,2116145143714,95.9805
H,2116249357214,104.2135
B,2116345144414,95.7872
U,2116449147814,104.0034
R,2116545146314,95.9985
G,2116648942414,103.7961
E,2116745165914,96.2235
N,2116849213914,104.048
L,2116945128614,95.9147
A,2117049184514,104.0559
N,2117145114714,95.9302
D,2117249229514,104.1148
F,2117353210314,103.9808
H,2117449199314,95.989
B,2117553160414,103.9611
U,2117649184314,96.0239
R,2117753235314,104.051
G,2117849185914,95.9506
E,2117953213014,104.0271
N,2118050145414,96.9324
L,2118145140314,94.9949
A,2118249143314,104.003
N,2118345131214,95.9879
D,2118449171114,104.0399
F,2118545174314,96.0032
H,2118649203614,104.0293
B,2118746130014,96.9264
U,2118849193414,103.0634
R,2118945173114,95.9797
G,2119049157714,103.9846
E,2119145222814,96.0651
N,2119249190814,103.968
L,2119345148814,95.958
A,2119449153014,104.0042
N,2119553155014,104.002
D,2119649220214,96.0652
F,2119753278814,104.0586
H,2119849180414,95.9016
B,2119953199914,104.0195
U,2120049219114,96.0192
R,2120153238514,104.0194
G,2120249207514,95.969
E,2120353261614,104.0541
N,2120450081014,96.8194
L,2120544979414,94.8984
A,2120649207814,104.2284
N,2120745127014,95.9192
D,2120849195014,104.068
F,2120945048314,95.8533
H,2121049178314,104.13
B,2121144994714,95.8164
U,2121249115114,104.1204
R,2121345219214,96.1041
G,2121449220514,104.0013
E,2121544926814,95.7063
N,2121649201014,104.2742
L,2121745257114,96.0561
A,2121849272014,104.0149
N,2121953205214,103.9332
D,2122049343814,96.1386
F,2122153265214,103.9214
H,2122249206814,95.9416
B,2122354115314,104.9085
U,2122449171514,95.0562
R,2122553251114,104.0796
G,2122649214514,95.9634
E,2122753037814,103.8233
N,2122865240314,112.2025
L,2122945226814,79.9865
A,2123049206414,103.9796
N,2123145231414,96.025
D,2123249026714,103.7953
F,2123345216614,96.1899
H,2123449204514,103.9879
B,2123545057614,95.8531
U,2123649163214,104.1056
R,2123745200414,96.0372
G,2123849218414,104.018
E,2123945282314,96.0639
N,2124049261914,103.9796
L,2124153224814,103.9629
A,2124249242614,96.0178
N,2124353108314,103.8657
D,2124449198414,96.0901
F,2124553210314,104.0119
H,2124649241114,96.0308
B,2124754272814,105.0317
U,2124849243214,94.9704
R,2124953264514,104.0213
G,2125049243714,95.9792
E,2125154017914,104.7742
N,2125250121514,96.1036
L,2125345231114,95.1096
A,2125449209214,103.9781
N,2125545235614,96.0264
D,2125649031714,103.7961
F,2125745213914,96.1822
H,2125849041014,103.8271
B,2125945967314,96.9263
U,2126048957714,102.9904
R,2126145261114,96.3034
G,2126249009914,103.7488
E,2126353252114,104.2422
N,2126448992414,95.7403
L,2126553218114,104.2257
A,2126649044714,95.8266
N,2126753011214,103.9665
D,2126849089314,96.0781
F,2126953296314,104.207
H,2127049097214,95.8009
B,2127154103214,105.006
U,2127249257914,95.1547
R,2127353237514,103.9796
G,2127449312414,96.0749
E,2127553273514,103.9611
N,2127649389614,96.1161
L,2127745297814,95.9082
A,2127849047814,103.75
N,2127945259514,96.2117
D,2128049228014,103.9685
F,2128145228914,96.0009
H,2128249259514,104.0306
B,2128346305614,97.0461
U,2128448973814,102.6682
R,2128554246914,105.2731
G,2128649264514,95.0176
E,2128753239414,103.9749
N,2128850331214,97.0918
L,2128953310014,102.9788
A,2129049275714,95.9657
N,2129153222514,103.9468
D,2129249273514,96.051
F,2129353258814,103.9853
H,2129449241114,95.9823
B,2129554157114,104.916
U,2129649286914,95.1298
R,2129745281514,95.9946
G,2129849297214,104.0157
E,2129954208914,104.9117
N,2130049315214,95.1063
L,2130145265914,95.9507
A,2130249250914,103.985
N,2130345306314,96.0554
D,2130449276114,103.9698
F,2130545242714,95.9666
H,2130649244114,104.0014
B,2130754035814,104.7917
U,2130849273914,95.2381
R,2130953302214,104.0283
G,2131049188514,95.8863
E,2131153251014,104.0625
N,2131249773714,96.5227
L,2131353197414,103.4237
A,2131449300414,96.103
N,2131553029014,103.7286
D,2131649302014,96.273
F,2131752996414,103.6944
H,2131849280614,96.2842
B,2131946184214,96.9036
U,2132049249114,103.0649
R,2132145284914,96.0358
G,2132249270114,103.9852
E,2132353097814,103.8277
N,2132449293014,96.1952
L,2132545295414,96.0024
A,2132649353314,104.0579
N,2132745304014,95.9507
D,2132849310714,104.0067
F,2132953207614,103.8969
H,2133049367414,96.1598
B,2133154112014,104.7446
U,2133249306014,95.194
R,2133353329814,104.0238
G,2133449333714,96.0039
E,2133553362014,104.0283
N,2133657280114,103.9181
L,2133745315214,88.0351
A,2133849263114,103.9479
N,2133953311014,104.0479
D,2134049318414,96.0074
F,2134145304514,95.9861
H,2134249341614,104.0371
B,2134345170314,95.8287
U,2134449370514,104.2002
R,2134545323114,95.9526
G,2134649288714,103.9656
E,2134745305014,96.0163
N,2134849298314,103.9933
L,2134945309014,96.0107
A,2135049296714,103.9877
N,2135153102414,103.8057
D,2135249320114,96.2177
F,2135353329414,104.0093
H,2135449372214,96.0428
B,2135554237814,104.8656
U,2135649326914,95.0891
R,2135753310214,103.9833
G,2135849292614,95.9824
E,2135953296114,104.0035
N,2136050385414,97.0893
L,2136144991314,94.6059
A,2136249312214,104.3209
N,2136345324014,96.0118
D,2136449320014,103.996
F,2136545363814,96.0438
H,2136649325514,103.9617
B,2136746377814,97.0523
U,2136849508214,103.1304
R,2136945335514,95.8273
G,2137049344914,104.0094
E,2137145335214,95.9903
N,2137249316614,103.9814
L,2137353319314,104.0027
A,2137449310914,95.9916
N,2137553338114,104.0272
D,2137649339414,96.0013
F,2137753354914,104.0155
H,2137849318014,95.9631
B,2137953403514,104.0855
U,2138049357514,95.954
R,2138153300114,103.9426
G,2138249341714,96.0416
E,2138354372314,105.0306
N,2138449367614,94.9953
L,2138545052014,95.6844
A,2138649324314,104.2723
N,2138745329814,96.0055
D,2138849285914,103.9561
F,2138945379414,96.0935
H,2139049380814,104.0014
B,2139146273214,96.8924
U,2139249345614,103.0724
R,2139345396514,96.0509
G,2139449335114,103.9386
E,2139545394514,96.0594
N,2139650249514,104.855
L,2139753357014,103.1075
A,2139849366314,96.0093
N,2139953344514,103.9782
D,2140049361214,96.0167
F,2140153359714,103.9985
H,2140249503914,96.1442
B,2140354276914,104.773
U,2140449374414,95.0975
R,2140553366114,103.9917
G,2140649333714,95.9676
E,2140753364214,104.0305
N,2140849391314,96.0271
L,2140945357914,95.9666
A,2141049394614,104.0367
N,2141145255014,95.8604
D,2141249326314,104.0713
F,2141345340414,96.0141
H,2141449379314,104.0389
B,2141546331014,96.9517
U,2141649396614,103.0656
R,2141745347814,95.9512
G,2141849440414,104.0926
E,2141953458414,104.018
N,2142050058514,96.6001
L,2142153366914,103.3084
A,2142249359514,95.9926
N,2142353400314,104.0408
D,2142449115714,95.7154
F,2142553360014,104.2443
H,2142649450114,96.0901
B,2142754325914,104.8758
U,2142849377814,95.0519
R,2142954367314,104.9895
G,2143049397214,95.0299
E,2143153343114,103.9459
N,2143249379914,96.0368
L,2143345378714,95.9988
A,2143449409814,104.0311
N,2143545360114,95.9503
D,2143649373514,104.0134
F,2143745359914,95.9864
H,2143849411614,104.0517
B,2143946194914,96.7833
U,2144049401014,103.2061
R,2144153374214,103.9732
G,2144249383614,96.0094
E,2144353419314,104.0357
N,2144450003014,96.5837
L,2144553356714,103.3537
A,2144649395814,96.0391
N,2144753384314,103.9885
D,2144849397314,96.013
F,2144953383214,103.9859
H,2145049536614,96.1534
B,2145154354414,104.8178
U,2145249414314,95.0599
R,2145345286914,95.8726
G,2145449359214,104.0723
E,2145553390014,104.0308
N,2145649371514,95.9815
L,2145745528414,96.1569
A,2145849402414,103.874
N,2145945580914,96.1785
D,2146049404914,103.824
F,2146145454614,96.0497
H,2146249418514,103.9639
B,2146354440914,105.0224
U,2146449104514,94.6636
R,2146553561014,104.4565
G,2146649420214,95.8592
E,2146753415714,103.9955
N,2146850329414,96.9137
L,2146953397514,103.0681
A,2147049442914,96.0454
N,2147153429614,103.9867
D,2147249476514,96.0469
F,2147353420614,103.9441
H,2147449407714,95.9871
B,2147553566414,104.1587
U,2147649403514,95.8371
R,2147745420914,96.0174
G,2147849394314,103.9734
E,2147953430114,104.0358
N,2148049440114,96.01
L,2148145435014,95.9949
A,2148249404614,103.9696
N,2148345408014,96.0034
D,2148449381314,103.9733
F,2148545422014,96.0407
H,2148649404014,103.982
B,2148754447514,105.0435
U,2148849391914,94.9444
R,2148953412914,104.021
G,2149049163614,95.7507
E,2149153412214,104.2486
N,2149250124414,96.7122
L,2149353422214,103.2978
A,2149449399314,95.9771
N,2149553404814,104.0055
D,2149649382614,95.9778
F,2149753488814,104.1062
H,2149849214214,95.7254
B,2149953455014,104.2408
U,2150049197414,95.7424
R,2150145444014,96.2466
G,2150249198214,103.7542
E,2150353211614,104.0134
N,2150449200114,95.9885
L,2150545446814,96.2467
A,2150649232914,103.7861
N,2150745425714,96.1928
D,2150849333414,103.9077
F,2150945442214,96.1088
H,2151049219114,103.7769
B,2151154075614,104.8565
U,2151249259914,95.1843
R,2151353447614,104.1877
G,2151449388414,95.9408
E,2151553431914,104.0435
N,2151657448514,104.0166
L,2151753487014,96.0385
A,2151850023014,96.536
N,2151953459414,103.4364
D,2152049495514,96.0361
F,2152153400414,103.9049
H,2152249466914,96.0665
B,2152353448514,103.9816
U,2152449430614,95.9821
R,2152545459514,96.0289
G,2152649471814,104.0123
E,2152753446214,103.9744
N,2152849452014,96.0058
L,2152945465114,96.0131
A,2153049490114,104.025
N,2153145465714,95.9756
D,2153249470214,104.0045
F,2153353467414,103.9972
H,2153449250614,95.7832
B,2153554086214,104.8356
U,2153649457614,95.3714
R,2153753448314,103.9907
G,2153849553814,96.1055
E,2153953459314,103.9055
N,2154057503814,104.0445
L,2154153463914,95.9601
A,2154249491414,96.0275
N,2154353478914,103.9875
D,2154449469714,95.9908
F,2154553445314,103.9756
H,2154649511014,96.0657
B,2154754473914,104.9629
U,2154849437414,94.9635
R,2154945521814,96.0844
G,2155049459914,103.9381
E,2155154157614,104.6977
N,2155249436714,95.2791
L,2155345466214,96.0295
A,2155449499514,104.0333
N,2155545463514,95.964
D,2155649520114,104.0566
F,2155753241314,103.7212
H,2155849552114,96.3108
B,2155954153714,104.6016
U,2156049508314,95.3546
R,2156153306814,103.7985
G,2156249516714,96.2099
E,2156353237014,103.7203
N,2156450277114,97.0401
L,2156553268714,102.9916
A,2156649451714,96.183
N,2156753366114,103.9144
D,2156849493614,96.1275
F,2156953338714,103.8451
H,2157049253714,95.915
B,2157154427314,105.1736
U,2157249531614,95.1043
R,2157345567114,96.0355
G,2157449488314,103.9212
E,2157554407214,104.9189
N,2157649538514,95.1313
L,2157745471714,95.9332
A,2157849470814,103.9991
N,2157945468014,95.9972
D,2158049540514,104.0725
F,2158153586314,104.0458
H,2158249311514,95.7252
B,2158353587314,104.2758
U,2158449558714,95.9714
R,2158554554714,104.996
G,2158649525614,94.9709
E,2158753514614,103.989
N,2158850365614,96.851
L,2158953490814,103.1252
A,2159049553614,96.0628
N,2159153539814,103.9862
D,2159249541714,96.0019
F,2159353532214,103.9905
H,2159449507814,95.9756
B,2159545499214,95.9914
U,2159649528514,104.0293
R,2159745499714,95.9712
G,2159849530814,104.0311
E,2159953520914,103.9901
N,2160049552514,96.0316
L,2160145581914,96.0294
A,2160249519114,103.9372
N,2160345571814,96.0527
D,2160449507614,103.9358
F,2160553480114,103.9725
H,2160649548714,96.0686
B,2160754489014,104.9403
U,2160849283914,94.7949
R,2160953545814,104.2619
G,2161049554114,96.0083
E,2161153528114,103.974
N,2161249546414,96.0183
L,2161353556214,104.0098
A,2161449446114,95.8899
N,2161553527914,104.0818
D,2161649532514,96.0046
F,2161753536814,104.0043
H,2161849555414,96.0186
B,2161945527514,95.9721
U,2162049497114,103.9696
R,2162145499514,96.0024
G,2162249611014,104.1115
E,2162354457014,104.846
N,2162450395614,95.9386
L,2162545674714,95.2791
A,2162649570614,103.8959
N,2162745542414,95.9718
D,2162849553814,104.0114
F,2162953532014,103.9782
H,2163049555114,96.0231
B,2163153528514,103.9734
U,2163249509114,95.9806
R,2163354525314,105.0162
G,2163449342514,94.8172
E,2163554302814,104.9603
N,2163649532614,95.2298
L,2163753578614,104.046
A,2163849550814,95.9722
N,2163953537914,103.9871
D,2164049552514,96.0146
F,2164153521214,103.9687
H,2164249543914,96.0227
B,2164346442314,96.8984
U,2164449519714,103.0774
R,2164545521314,96.0016
G,2164649546014,104.0247
E,2164753309014,103.763
N,2164850205014,96.896
L,2164945623514,95.4185
A,2165049561014,103.9375
N,2165153567714,104.0067
D,2165249593214,96.0255
F,2165353561314,103.9681
H,2165449554714,95.9934
B,2165554379414,104.8247
U,2165649592414,95.213
R,2165753568114,103.9757
G,2165849604814,96.0367
E,2165953567214,103.9624
N,2166049530114,95.9629
L,2166153336314,103.8062
A,2166249570014,96.2337
N,2166353582714,104.0127
D,2166449592714,96.01
F,2166545342814,95.7501
H,2166649584614,104.2418
B,2166746183614,96.599
U,2166849565214,103.3816
R,2166945545214,95.98
G,2167049610814,104.0656
E,2167154176714,104.5659
N,2167249590614,95.4139
L,2167345548414,95.9578
A,2167449616614,104.0682
N,2167553596114,103.9795
D,2167649614814,96.0187
F,2167753590614,103.9758
H,2167849350314,95.7597
B,2167953598614,104.2483
U,2168049574114,95.9755
R,2168153571214,103.9971
G,2168249618314,96.0471
E,2168353639114,104.0208
N,2168449614814,95.9757
L,2168545336414,95.7216
A,2168649563014,104.2266
N,2168745367114,95.8041
D,2168849561814,104.1947
F,2168945349114,95.7873
H,2169049709914,104.3608
B,2169146093914,96.384
U,2169249581014,103.4871
R,2169345372214,95.7912
G,2169449625414,104.2532
E,2169545353414,95.728
N,2169649606214,104.2528
L,2169753728514,104.1223
A,2169849758114,96.0296
N,2169953604214,103.8461
D,2170049597214,95.993
F,2170153563814,103.9666
H,2170249613814,96.05
B,2170354289114,104.6753
U,2170449314214,95.0251
R,2170553642514,104.3283
G,2170649430914,95.7884
E,2170753620414,104.1895
N,2170849599714,95.9793
L,2170945606214,96.0065
A,2171049601614,103.9954
N,2171145660614,96.059
D,2171249639414,103.9788
F,2171345590914,95.9515
H,2171449654614,104.0637
B,2171546556014,96.9014
U,2171649616414,103.0604
R,2171745597314,95.9809
G,2171849599314,104.002
E,2171953676514,104.0772
N,2172049504214,95.8277
L,2172153627214,104.123
A,2172249642714,96.0155
N,2172353619114,103.9764
D,2172449641614,96.0225
F,2172553692214,104.0506
H,2172649651214,95.959
B,2172754663614,105.0124
U,2172849595814,94.9322
R,2172953595814,104.0
G,2173049670514,96.0747
E,2173153642214,103.9717
N,2173249598014,95.9558
L,2173345623414,96.0254
A,2173449601314,103.9779
N,2173545419414,95.8181
D,2173657679814,112.2604
F,2173745665014,87.9852
H,2173849611814,103.9468
B,2173946671414,97.0596
U,2174049470314,102.7989
R,2174154706014,105.2357
G,2174249441114,94.7351
E,2174353543514,104.1024
N,2174449374614,95.8311
L,2174553602414,104.2278
A,2174649422314,95.8199
N,2174753663314,104.241
D,2174849415114,95.7518
F,2174953643714,104.2286
H,2175049505714,95.862
B,2175154452714,104.947
U,2175249538514,95.0858
R,2175353625714,104.0872
G,2175449477614,95.8519
E,2175554557114,105.0795
N,2175649593814,95.0367
L,2175745700714,96.1069
A,2175849801714,104.101
N,2175945669514,95.8678
D,2176057665814,111.9963
F,2176145646814,87.981
H,2176249800914,104.1541
B,2176346746714,96.9458
U,2176449775114,103.0284
R,2176553681914,103.9068
G,2176649695014,96.0131
E,2176753676514,103.9815
N,2176849682814,96.0063
L,2176953682214,103.9994
A,2177049631614,95.9494
N,2177153656914,104.0253
D,2177249668614,96.0117
F,2177353670014,104.0014
H,2177449689114,96.0191
B,2177554680614,104.9915
U,2177649681614,95.001
R,2177753622214,103.9406
G,2177849666814,96.0446
E,2177954750414,105.0836
N,2178049693214,94.9428
L,2178145669514,95.9763
A,2178249657214,103.9877
N,2178345672814,96.0156
D,2178457673914,112.0011
F,2178545686114,88.0122
H,2178649705214,104.0191
B,2178754691114,104.9859
U,2178849681914,94.9908
R,2178953656614,103.9747
G,2179049427714,95.7711
E,2179154679214,105.2515
N,2179250765514,96.0863
L,2179353755514,102.99
A,2179449666014,95.9105
N,2179553634814,103.9688
D,2179649680514,96.0457
F,2179753430714,103.7502
H,2179849680214,96.2495
B,2179954389614,104.7094
U,2180049706814,95.3172
R,2180145694414,95.9876
G,2180249664914,103.9705
E,2180353582514,103.9176
N,2180450160914,96.5784
L,2180545718714,95.5578
A,2180649709714,103.991
N,2180745712814,96.0031
D,2180849664714,103.9519
F,2180953563514,103.8988
H,2181049682514,96.119
B,2181154497914,104.8154
U,2181249477114,94.9792
R,2181353661014,104.1839
G,2181449684914,96.0239
E,2181553658414,103.9735
N,2181649452314,95.7939
L,2181753761514,104.3092
A,2181849470414,95.7089
N,2181953860414,104.39
D,2182049737014,95.8766
F,2182153821514,104.0845
H,2182249746414,95.9249
B,2182345705414,95.959
U,2182449692714,103.9873
R,2182545720614,96.0279
G,2182649766114,104.0455
E,2182753694914,103.9288
N,2182850636014,96.9411
L,2182945742714,95.1067
A,2183049698414,103.9557
N,2183153715114,104.0167
D,2183249795814,96.0807
F,2183353759014,103.9632
H,2183449743614,95.9846
B,2183553743314,103.9997
U,2183649733014,95.9897
R,2183754633814,104.9008
G,2183849748314,95.1145
E,2183953719014,103.9707
N,2184049723014,96.004
L,2184145710714,95.9877
A,2184249786614,104.0759
N,2184353717814,103.9312
D,2184449647914,95.9301
F,2184545731414,96.0835
H,2184649745014,104.0136
B,2184745481114,95.7361
U,2184849746014,104.2649
R,2184945709714,95.9637
G,2185049738114,104.0284
E,2185145759414,96.0213
N,2185249730614,103.9712
L,2185353756614,104.026
A,2185449758214,96.0016
N,2185553500014,103.7418
D,2185649737314,96.2373
F,2185753750814,104.0135
H,2185849898114,96.1473
B,2185953756914,103.8588
U,2186049770914,96.014
R,2186154657314,104.8864
G,2186249731314,95.074
E,2186354759914,105.0286
N,2186449771314,95.0114
L,2186545793614,96.0223
A,2186649763914,103.9703
N,2186745732314,95.9684
D,2186849734014,104.0017
F,2186945755014,96.021
H,2187049749514,103.9945
B,2187145728114,95.9786
U,2187249727214,103.9991
R,2187345726914,95.9997
G,2187449713914,103.987
E,2187553730314,104.0164
N,2187649813914,96.0836
L,2187753747014,103.9331
A,2187849759314,96.0123
N,2187953713314,103.954
D,2188049756414,96.0431
F,2188153775314,104.0189
H,2188249771214,95.9959
B,2188353750014,103.9788
U,2188449766714,96.0167
R,2188553753314,103.9866
G,2188649769914,96.0166
E,2188753759014,103.9891
N,2188849775714,96.0167
L,2188945765114,95.9894
A,2189049819614,104.0545
N,2189145725614,95.906
D,2189257505814,111.7802
F,2189345786414,88.2806
H,2189449716414,103.93
B,2189546745914,97.0295
U,2189649837514,103.0916
R,2189753779014,103.9415
G,2189849784114,96.0051
E,2189953768914,103.9848
N,2190049775614,96.0067
L,2190153771514,103.9959
A,2190249790014,96.0185
N,2190353772814,103.9828
D,2190449744314,95.9715
F,2190553741214,103.9969
H,2190649775514,96.0343
B,2190754493614,104.7181
U,2190849810414,95.3168
R,2190953798414,103.988
G,2191049793114,95.9947
E,2191154819214,105.0261
N,2191249773214,94.954
L,2191345752214,95.979
A,2191449777014,104.0248
N,2191545767914,95.9909
D,2191657770114,112.0022
F,2191745784814,88.0147
H,2191849748914,103.9641
B,2191954670114,104.9212
U,2192049775914,95.1058
R,2192154802414,105.0265
G,2192249778314,94.9759
E,2192353783214,104.0049
N,2192450808614,97.0254
L,2192553778614,102.97
A,2192649800714,96.0221
N,2192753846314,104.0456
D,2192849761714,95.9154
F,2192953800514,104.0388
H,2193049905114,96.1046
B,2193154758814,104.8537
U,2193249693014,94.9342
R,2193345543914,95.8509
G,2193449837614,104.2937
E,2193554655014,104.8174
N,2193649814814,95.1598
L,2193745477814,95.663
A,2193849824714,104.3469
N,2193945731214,95.9065
D,2194049806414,104.0752
F,2194153800514,103.9941
H,2194249787714,95.9872
B,2194354453014,104.6653
U,2194449652814,95.1998
R,2194554424214,104.7714
G,2194649768314,95.3441
E,2194753787314,104.019
N,2194849834314,96.047
L,2194953841214,104.0069
A,2195049821314,95.9801
N,2195153844514,104.0232
D,2195249802914,95.9584
F,2195353883614,104.0807
H,2195449840214,95.9566
B,2195553583914,103.7437
U,2195649798514,96.2146
R,2195745838114,96.0396
G,2195849916714,104.0786
E,2195954511314,104.5946
N,2196050718114,96.2068
L,2196145764314,95.0462
A,2196249544614,103.7803
N,2196345571914,96.0273
D,2196449855614,104.2837
F,2196553855514,103.9999
H,2196649831014,95.9755
B,2196754538814,104.7078
U,2196849822114,95.2833
R,2196954823114,105.001
G,2197049800514,94.9774
E,2197153565014,103.7645
N,2197249809314,96.2443
L,2197353855014,104.0457
A,2197449999914,96.1449
N,2197553827114,103.8272
D,2197649859214,96.0321
F,2197753858514,103.9993
H,2197849838914,95.9804
B,2197953818914,103.98
U,2198049828214,96.0093
R,2198145855014,96.0268
G,2198249682314,103.8273
E,2198354747314,105.065
N,2198450481714,95.7344
L,2198545865214,95.3835
A,2198649592514,103.7273
N,2198753866914,104.2744
D,2198849588414,95.7215
F,2198953862314,104.2739
H,2199049599814,95.7375
B,2199154642214,105.0424
U,2199249733014,95.0908
R,2199354692114,104.9591
G,2199449733814,95.0417
E,2199554729514,104.9957
N,2199649710314,94.9808
L,2199745829814,96.1195
A,2199849740714,103.9109
N,2199953850314,104.1096
D,2200049840414,95.9901
F,2200145840714,96.0003
H,2200249775514,103.9348
B,2200345844014,96.0685
U,2200450145214,104.3012
R,2200545868014,95.7228
G,2200649887114,104.0191
E,2200753887614,104.0005
N,2200849869114,95.9815
L,2200953846914,103.9778
A,2201049847214,96.0003
N,2201153662914,103.8157
D,2201249870714,96.2078
F,2201353843714,103.973
H,2201449886714,96.043
B,2201554663514,104.7768
U,2201649891714,95.2282
R,2201753913714,104.022
G,2201849919414,96.0057
E,2201953852914,103.9335
N,2202049899014,96.0461
L,2202145914914,96.0159
A,2202249905014,103.9901
N,2202345905214,96.0002
D,2202457965014,112.0598
F,2202545883314,87.9183
H,2202649872614,103.9893
B,2202745846914,95.9743
U,2202849896314,104.0494
R,2202953862514,103.9662
G,2203049896114,96.0336
E,2203153854414,103.9583
N,2203249973914,96.1195
L,2203353905914,103.932
A,2203449973114,96.0672
N,2203553881714,103.9086
D,2203649892514,96.0108
F,2203753692414,103.7999
H,2203849887614,96.1952
B,2203954857414,104.9698
U,2204049891414,95.034
R,2204153650614,103.7592
G,2204249864414,96.2138
E,2204354494114,104.6297
N,2204450159114,95.665
L,2204545856414,95.6973
A,2204649874514,104.0181
N,2204745858414,95.9839
D,2204857895514,112.0371
F,2204945918314,88.0228
H,2205049901114,103.9828
B,2205145957814,96.0567
U,2205249912714,103.9549
R,2205353696014,103.7833
G,2205449879714,96.1837
E,2205553753614,103.8739
N,2205651018414,97.2648
L,2205753879314,102.8609
A,2205849914714,96.0354
N,2205954061814,104.1471
D,2206049911314,95.8495
F,2206153948014,104.0367
H,2206249933914,95.9859
B,2206354822314,104.8884
U,2206449898914,95.0766
R,2206554095914,104.197
G,2206649897614,95.8017
E,2206754897814,105.0002
N,2206849905114,95.0073
L,2206945866914,95.9618
A,2207049911014,104.0441
N,2207145832214,95.9212
D,2207257929814,112.0976
F,2207345914514,87.9847
H,2207449952114,104.0376
B,2207553952714,104.0006
U,2207649915214,95.9625
R,2207753784914,103.8697
G,2207849917914,96.133
E,2207953765814,103.8479
N,2208049926814,96.161
L,2208153949414,104.0226
A,2208249983714,96.0343
N,2208353902814,103.9191
D,2208449900314,95.9975
F,2208553996814,104.0965
H,2208649977514,95.9807
B,2208754939914,104.9624
U,2208849939714,94.9998
R,2208953956214,104.0165
G,2209049925014,95.9688
E,2209154828414,104.9034
N,2209249977414,95.149
L,2209345929914,95.9525
A,2209449944514,104.0146
N,2209545979314,96.0348
D,2209657902714,111.9234
F,2209745965114,88.0624
H,2209849929014,103.9639
B,2209953639414,103.7104
U,2210049941814,96.3024
R,2210153927814,103.986
G,2210249915714,95.9879
E,2210353957014,104.0413
N,2210449913214,95.9562
L,2210553940414,104.0272
A,2210649992614,96.0522
N,2210753937014,103.9444
D,2210849959114,96.0221
F,2210953977914,104.0188
H,2211049936414,95.9585
B,2211153560514,103.6241
U,2211249899014,96.3385
R,2211353938114,104.0391
G,2211449941214,96.0031
E,2211554009714,104.0685
N,2211649970014,95.9603
L,2211745941514,95.9715
A,2211849978714,104.0372
N,2211945943814,95.9651
D,2212058108614,112.1648
F,2212146005814,87.8972
H,2212249924214,103.9184
B,2212353925314,104.0011
U,2212449924214,95.9989
R,2212553968714,104.0445
G,2212649993714,96.025
E,2212753983314,103.9896
N,2212849947314,95.964
L,2212953990414,104.0431
A,2213049905514,95.9151
N,2213153980214,104.0747
D,2213249984514,96.0043
F,2213354011514,104.027
H,2213449977814,95.9663
B,2213553965414,103.9876
U,2213650001314,96.0359
R,2213745935414,95.9341
G,2213850129514,104.1941
E,2213954782914,104.6534
N,2214050036814,95.2539
L,2214145814414,95.7776
A,2214250019414,104.205
N,2214345977814,95.9584
D,2214457982014,112.0042
F,2214553986214,96.0042
H,2214650056314,96.0701
B,2214753997114,103.9408
U,2214849964314,95.9672
R,2214953994314,104.03
G,2215049969214,95.9749
E,2215153976514,104.0073
N,2215250032814,96.0563
L,2215354071314,104.0385
A,2215449975214,95.9039
N,2215553981014,104.0058
D,2215649987914,96.0069
F,2215753979614,103.9917
H,2215849990014,96.0104
B,2215954022314,104.0323
U,2216050022014,95.9997
R,2216145879914,95.8579
G,2216249991714,104.1118
E,2216354000714,104.009
N,2216450895514,96.8948
L,2216545977314,95.0818
A,2216650057914,104.0806
N,2216753986814,103.9289
D,2216849997314,96.0105
F,2216953785614,103.7883
H,2217049983514,96.1979
B,2217154008914,104.0254
U,2217250071614,96.0627
R,2217354008914,103.9373
G,2217449868014,95.8591
E,2217553996614,104.1286
N,2217650009014,96.0124
L,2217753972114,103.9631
A,2217850074114,96.102
N,2217953705214,103.6311
D,2218050023614,96.3184
F,2218153999514,103.9759
H,2218250038814,96.0393
B,2218354027614,103.9888
U,2218450037114,96.0095
R,2218546145414,96.1083
G,2218649987314,103.8419
E,2218754727914,104.7406
N,2218850939814,96.2119
L,2218945742514,94.8027
A,2219050037114,104.2946
N,2219154003014,103.9659
D,2219250014614,96.0116
F,2219354011414,103.9968
H,2219450027414,96.016
B,2219554033214,104.0058
U,2219650017614,95.9844
R,2219753820914,103.8033
G,2219850021514,96.2006
E,2219954082714,104.0612
N,2220050084814,96.0021
L,2220154006614,103.9218
A,2220250065214,96.0586
N,2220354030014,103.9648
D,2220449981214,95.9512
F,2220553990714,104.0095
H,2220649973214,95.9825
B,2220762031814,112.0586
U,2220850147514,88.1157
R,2220946039914,95.8924
G,2221050017314,103.9774
E,2221154052914,104.0356
N,2221250813914,96.761
L,2221346049914,95.236
A,2221450017914,103.968
N,2221554045914,104.028
D,2221650018314,95.9724
F,2221754042014,104.0237
H,2221850069414,96.0274
B,2221954043614,103.9742
U,2222050070914,96.0273
R,2222154053414,103.9825
G,2222250035414,95.982
E,2222353685214,103.6498
N,2222450056914,96.3717
L,2222554041814,103.9849
A,2222649817414,95.7756
N,2222754083614,104.2662
D,2222849843014,95.7594
F,2222954076214,104.2332
H,2223049806814,95.7306
B,2223154898114,105.0913
U,2223249818514,94.9204
R,2223346018814,96.2003
G,2223449922314,103.9035
E,2223554700514,104.7782
N,2223649841214,95.1407
L,2223754051614,104.2104
A,2223849797614,95.746
N,2223954010614,104.213
D,2224049957414,95.9468
F,2224154054214,104.0968
H,2224250027014,95.9728
B,2224354111714,104.0847
U,2224450152614,96.0409
R,2224554022614,103.87
G,2224650217914,96.1953
E,2224754083314,103.8654
N,2224851108314,97.025
L,2224954099614,102.9913
A,2225050053014,95.9534
N,2225154036114,103.9831
D,2225250068114,96.032
F,2225346039114,95.971
H,2225450075614,104.0365
B,2225546062214,95.9866
U,2225650030714,103.9685
R,2225746058014,96.0273
G,2225850090814,104.0328
E,2225954090514,103.9997
N,2226050069914,95.9794
L,2226153633514,103.5636
A,2226250030714,96.3972
N,2226354069714,104.039
D,2226450055614,95.9859
F,2226554112914,104.0573
H,2226650088814,95.9759
B,2226754100514,104.0117
U,2226850091114,95.9906
R,2226954036214,103.9451
G,2227050087714,96.0515
E,2227154040114,103.9524
N,2227249738214,95.6981
L,2227346145714,96.4075
A,2227450049814,103.9041
N,2227546113014,96.0632
D,2227658127414,112.0144
F,2227745889114,87.7617
H,2227850114614,104.2255
B,2227946923214,96.8086
U,2228050085514,103.1623
R,2228154078014,103.9925
G,2228250175114,96.0971
E,2228353865614,103.6905
N,2228450128914,96.2633
L,2228553847514,103.7186
A,2228650058814,96.2113
N,2228753832114,103.7733
D,2228850063814,96.2317
F,2228953881714,103.8179
H,2229050142014,96.2603
B,2229153972114,103.8301
U,2229250005814,96.0337
R,2229353868114,103.8623
G,2229450064014,96.1959
E,2229553835914,103.7719
N,2229650114514,96.2786
L,2229746107314,95.9928
A,2229850126414,104.0191
N,2229946117814,95.9914
D,2230057965214,111.8474
F,2230145827914,87.8627
H,2230250091714,104.2638
B,2230346910414,96.8187
U,2230449988714,103.0783
R,2230554193714,104.205
G,2230650015814,95.8221
E,2230754117614,104.1018
N,2230850269414,96.1518
L,2230954251114,103.9817
A,2231050123814,95.8727
N,2231154134214,104.0104
D,2231250140014,96.0058
F,2231354104414,103.9644
H,2231450093014,95.9886
B,2231554186114,104.0931
U,2231650081114,95.895
R,2231754121714,104.0406
G,2231850129214,96.0075
E,2231954136614,104.0074
N,2232049789814,95.6532
L,2232146098714,96.3089
A,2232250167114,104.0684
N,2232346145614,95.9785
D,2232457813614,111.668
F,2232546146614,88.333
H,2232650176414,104.0298
B,2232754935714,104.7593
U,2232850101114,95.1654
R,2232954170814,104.0697
G,2233050117714,95.9469
E,2233154122614,104.0049
N,2233249922514,95.7999
L,2233354141914,104.2194
A,2233450142714,96.0008
N,2233554133514,103.9908
D,2233650133914,96.0004
F,2233754157514,104.0236
H,2233850151314,95.9938
B,2233954113714,103.9624
U,2234050101914,95.9882
R,2234154176614,104.0747
G,2234250118214,95.9416
E,2234354964414,104.8462
N,2234450214314,95.2499
L,2234545921014,95.7067
A,2234650141414,104.2204
N,2234746146914,96.0055
D,2234857989814,111.8429
F,2234954120214,96.1304
H,2235050120514,96.0003
B,2235154123014,104.0025
U,2235250100314,95.9773
R,2235354119514,104.0192
G,2235450139114,96.0196
E,2235554169314,104.0302
N,2235650112614,95.9433
L,2235754169514,104.0569
A,2235850125914,95.9564
N,2235954166514,104.0406
D,2236050159514,95.993
F,2236154207614,104.0481
H,2236250157214,95.9496
B,2236354864514,104.7073
U,2236450164014,95.2995
R,2236546147814,95.9838
G,2236650156314,104.0085
E,2236754229014,104.0727
N,2236850167014,95.938
L,2236946135514,95.9685
A,2237050130814,103.9953
N,2237154154814,104.024
D,2237250187114,96.0323
F,2237354182214,103.9951
H,2237450186614,96.0044
B,2237555194014,105.0074
U,2237650133314,94.9393
R,2237754168814,104.0355
G,2237850221514,96.0527
E,2237954166414,103.9449
N,2238051126914,96.9605
L,2238154133114,103.0062
A,2238250160314,96.0272
N,2238354142114,103.9818
D,2238450180614,96.0385
F,2238554247914,104.0673
H,2238650184714,95.9368
B,2238746068014,95.8833
U,2238850219914,104.1519
R,2238945983014,95.7631
G,2239050176614,104.1936
E,2239154183314,104.0067
N,2239250205514,96.0222
L,2239354187314,103.9818
A,2239450229514,96.0422
N,2239554109714,103.8802
D,2239650212914,96.1032
F,2239754210814,103.9979
H,2239849985814,95.775
B,2239955139414,105.1536
U,2240049936914,94.7975
R,2240154151314,104.2144
G,2240250218814,96.0675
E,2240354226514,104.0077
N,2240450203714,95.9772
L,2240546236214,96.0325
A,2240650217014,103.9808
N,2240746162914,95.9459
D,2240850234614,104.0717
F,2240946018214,95.7836
H,2241050163714,104.1455
B,2241145943514,95.7798
U,2241249845114,103.9016
R,2241354240514,104.3954
G,2241450181514,95.941
E,2241554191114,104.0096
N,2241650187814,95.9967
L,2241754192614,104.0048
A,2241850224714,96.0321
N,2241954239514,104.0148
D,2242050205614,95.9661
F,2242154190014,103.9844
H,2242250206814,96.0168
B,2242354160614,103.9538
U,2242450185914,96.0253
R,2242554262114,104.0762
G,2242649960414,95.6983
E,2242754210514,104.2501
N,2242849969214,95.7587
L,2242946305814,96.3366
A,2243050250214,103.9444
N,2243145975114,95.7249
D,2243258259214,112.2841
F,2243346258014,87.9988
H,2243450204514,103.9465
B,2243554212214,104.0077
U,2243650287414,96.0752
R,2243755100614,104.8132
G,2243850317714,95.2171
E,2243954226714,103.909
N,2244058255014,104.0283
L,2244154241514,95.9865
A,2244250245814,96.0043
N,2244354213514,103.9677
D,2244450291014,96.0775
F,2244554207414,103.9164
H,2244649984214,95.7768
B,2244755285114,105.3009
U,2244850250514,94.9654
R,2244954235914,103.9854
G,2245050187114,95.9512
E,2245154226414,104.0393
N,2245250206814,95.9804
L,2245346233214,96.0264
A,2245450210514,103.9773
N,2245546273714,96.0632
D,2245658224414,111.9507
F,2245753950714,95.7263
H,2245850300614,96.3499
B,2245954206714,103.9061
U,2246050259514,96.0528
R,2246154335214,104.0757
G,2246250288614,95.9534
E,2246354169014,103.8804
N,2246450205114,96.0361
L,2246554211514,104.0064
A,2246650203614,95.9921
N,2246754233214,104.0296
D,2246850026314,95.7931
F,2246954297714,104.2714
H,2247049981414,95.6837
B,2247155212214,105.2308
U,2247249963914,94.7517
R,2247346241914,96.278
G,2247450050314,103.8084
E,2247554282614,104.2323
N,2247650041614,95.759
L,2247746252314,96.2107
A,2247850069614,103.8173
N,2247954286714,104.2171
D,2248049927614,95.6409
F,2248154257414,104.3298
H,2248250138214,95.8808
B,2248355169614,105.0314
U,2248450215214,95.0456
R,2248554191214,103.976
G,2248650350814,96.1596
E,2248754260314,103.9095
N,2248851067714,96.8074
L,2248954310514,103.2428
A,2249050131614,95.8211
N,2249154262714,104.1311
D,2249250249414,95.9867
F,2249354230814,103.9814
H,2249450258614,96.0278
B,2249546285214,96.0266
U,2249650270914,103.9857
R,2249746279114,96.0082
G,2249850313314,104.0342
E,2249955308814,104.9955
N,2250050268514,94.9597
L,2250154202014,103.9335
A,2250250300914,96.0989
N,2250354227114,103.9262
D,2250449956814,95.7297
F,2250554329314,104.3725
H,2250650255214,95.9259
B,2250754293714,104.0385
U,2250850313314,96.0196
R,2250954272614,103.9593
G,2251050280314,96.0077
E,2251154284514,104.0042
N,2251251255314,96.9708
L,2251354284714,103.0294
A,2251450275114,95.9904
N,2251554273614,103.9985
D,2251650242714,95.9691
F,2251746266514,96.0238
H,2251850306314,104.0398
B,2251946298914,95.9926
U,2252050471314,104.1724
R,2252154264814,103.7935
G,2252250312414,96.0476
E,2252354308814,103.9964
N,2252450339814,96.031
L,2252554194614,103.8548
A,2252650278314,96.0837
N,2252754048314,103.77
D,2252850300514,96.2522
F,2252954040414,103.7399
H,2253050283614,96.2432
B,2253154038914,103.7553
U,2253250323614,96.2847
R,2253354100314,103.7767
G,2253450342014,96.2417
E,2253554054714,103.7127
N,2253650314014,96.2593
L,2253746283914,95.9699
A,2253850366014,104.0821
N,2253946301914,95.9359
D,2254058047814,111.7459
F,2254146313614,88.2658
H,2254250343514,104.0299
B,2254354043014,103.6995
U,2254450255214,96.2122
R,2254554386414,104.1312
G,2254650438614,96.0522
E,2254755387014,104.9484
N,2254851162514,95.7755
L,2254954327114,103.1646
A,2255050338214,96.0111
N,2255154296514,103.9583
D,2255250322314,96.0258
F,2255354335214,104.0129
H,2255450296814,95.9616
B,2255554168414,103.8716
U,2255650324614,96.1562
R,2255755287214,104.9626
G,2255850359914,95.0727
E,2255954314814,103.9549
N,2256050363614,96.0488
L,2256146003314,95.6397
A,2256250331414,104.3281
N,2256346077014,95.7456
D,2256458378614,112.3016
F,2256554304614,95.926
H,2256650337914,96.0333
B,2256754366214,104.0283
U,2256850318914,95.9527
R,2256954347114,104.0282
G,2257050320314,95.9732
E,2257154123214,103.8029
N,2257250316814,96.1936
L,2257354341414,104.0246
A,2257450423314,96.0819
N,2257554349114,103.9258
D,2257650346814,95.9977
F,2257754339714,103.9929
H,2257850397014,96.0573
B,2257955347214,104.9502
U,2258050338314,94.9911
R,2258146329214,95.9909
G,2258250320714,103.9915
E,2258354373214,104.0525
N,2258450341914,95.9687
L,2258554369014,104.0271
A,2258650296314,95.9273
N,2258754326514,104.0302
D,2258850345314,96.0188
F,2258954348814,104.0035
H,2259050385014,96.0362
B,2259154379314,103.9943
U,2259250316514,95.9372
R,2259354425314,104.1088
G,2259450363814,95.9385
E,2259554385614,104.0218
N,2259651081614,96.696
L,2259754145514,103.0639
A,2259850342814,96.1973
N,2259954317114,103.9743
D,2260050326714,96.0096
F,2260146091114,95.7644
H,2260250242814,104.1517
B,2260347305914,97.0631
U,2260450260214,102.9543
R,2260546385914,96.1257
G,2260650371514,103.9856
E,2260755291314,104.9198
N,2260850425714,95.1344
L,2260954445214,104.0195
A,2261050435814,95.9906
N,2261154449714,104.0139
D,2261250118914,95.6692
F,2261354348614,104.2297
H,2261450393514,96.0449
B,2261555314914,104.9214
U,2261650371714,95.0568
R,2261755307814,104.9361
G,2261850426614,95.1188
E,2261954379214,103.9526
N,2262050348214,95.969
L,2262146335114,95.9869
A,2262250407614,104.0725
N,2262346391514,95.9839
D,2262458405414,112.0139
F,2262546403814,87.9984
H,2262650376914,103.9731
B,2262754322714,103.9458
U,2262850473314,96.1506
R,2262954366614,103.8933
G,2263050390314,96.0237
E,2263154365514,103.9752
N,2263250406114,96.0406
L,2263354332214,103.9261
A,2263450332614,96.0004
N,2263554294514,103.9619
D,2263650349814,96.0553
F,2263754399314,104.0495
H,2263850084314,95.685
B,2263954392014,104.3077
U,2264050381114,95.9891
R,2264154414614,104.0335
G,2264250374314,95.9597
E,2264355226614,104.8523
N,2264450421514,95.1949
L,2264546414614,95.9931
A,2264650405614,103.991
N,2264746376814,95.9712
D,2264858444514,112.0677
F,2264954439814,95.9953
H,2265050375414,95.9356
B,2265154442914,104.0675
U,2265250395714,95.9528
R,2265354379214,103.9835
G,2265450439314,96.0601
E,2265554394814,103.9555
N,2265650431014,96.0362
L,2265754424114,103.9931
A,2265850404514,95.9804
N,2265954381714,103.9772
D,2266050412514,96.0308
F,2266154167914,103.7554
H,2266250397614,96.2297
B,2266355328414,104.9308
U,2266450413414,95.085
R,2266554410214,103.9968
G,2266650391814,95.9816
E,2266754457714,104.0659
N,2266851255214,96.7975
L,2266946185914,94.9307
A,2267050393614,104.2077
N,2267154377014,103.9834
D,2267258429914,104.0529
F,2267354413714,95.9838
H,2267450397214,95.9835
B,2267555481514,105.0843
U,2267650430014,94.9485
R,2267754240014,103.81
G,2267850424114,96.1841
E,2267954415014,103.9909
N,2268050464314,96.0493
L,2268154413114,103.9488
A,2268250443514,96.0304
N,2268354388914,103.9454
D,2268450352714,95.9638
F,2268554418214,104.0655
H,2268650435014,96.0168
B,2268754429714,103.9947
U,2268850430414,96.0007
R,2268946434414,96.004
G,2269050471514,104.0371
E,2269155409714,104.9382
N,2269251055514,95.6458
L,2269354423414,103.3679
A,2269450424414,96.001
N,2269554444114,104.0197
D,2269650422414,95.9783
F,2269754446114,104.0237
H,2269850421014,95.9749
B,2269954437514,104.0165
U,2270050187314,95.7498
R,2270154451914,104.2646
G,2270250454314,96.0024
E,2270354411514,103.9572
N,2270450468614,96.0571
L,2270554489614,104.021
A,2270650417314,95.9277
N,2270754425714,104.0084
D,2270850422714,95.997
F,2270954425714,104.003
H,2271050228614,95.8029
B,2271147078514,96.8499
U,2271250190314,103.1118
R,2271346479114,96.2888
G,2271450207414,103.7283
E,2271555426614,105.2192
N,2271650236014,94.8094
L,2271754465814,104.2298
A,2271850289314,95.8235
N,2271954444114,104.1548
D,2272050276114,95.832
F,2272154470814,104.1947
H,2272250227214,95.7564
B,2272354467614,104.2404
U,2272450337214,95.8696
R,2272554446614,104.1094
G,2272650424614,95.978
E,2272762443614,112.019
N,2272851489914,89.0463
L,2272946443014,94.9531
A,2273050588814,104.1458
N,2273146318314,95.7295
D,2273258464814,112.1465
F,2273346469014,88.0042
H,2273450473514,104.0045
B,2273554474814,104.0013
U,2273650446914,95.9721
R,2273754497014,104.0501
G,2273850458614,95.9616
E,2273954466914,104.0083
N,2274050457914,95.991
L,2274154497914,104.04
A,2274250503714,96.0058
N,2274354485314,103.9816
D,2274450498014,96.0127
F,2274554520914,104.0229
H,2274650475914,95.955
B,2274755492614,105.0167
U,2274850502014,95.0094
R,2274954459214,103.9572
G,2275050466114,96.0069
E,2275154451814,103.9857
N,2275251322914,96.8711
L,2275346451214,95.1283
A,2275450507914,104.0567
N,2275546543514,96.0356
D,2275658486714,111.9432
F,2275746467814,87.9811
H,2275850496514,104.0287
B,2275955049314,104.5528
U,2276050503114,95.4538
R,2276154230414,103.7273
G,2276250494714,96.2643
E,2276355255314,104.7606
N,2276450498014,95.2427
L,2276554460014,103.962
A,2276650474914,96.0149
N,2276754456114,103.9812
D,2276850428414,95.9723
F,2276954287914,103.8595
H,2277050293614,96.0057
B,2277154246714,103.9531
U,2277250531714,96.285
R,2277354185714,103.654
G,2277450513014,96.3273
E,2277554250014,103.737
N,2277659095014,104.845
L,2277746523014,87.428
A,2277850500014,103.977
N,2277946627614,96.1276
D,2278058483914,111.8563
F,2278154242114,95.7582
H,2278250581514,96.3394
B,2278355431514,104.85
U,2278450566914,95.1354
R,2278554595414,104.0285
G,2278650531214,95.9358
E,2278754650214,104.119
N,2278850483914,95.8337
L,2278954546314,104.0624
A,2279050503814,95.9575
N,2279154577014,104.0732
D,2279250479714,95.9027
F,2279354529814,104.0501
H,2279450611914,96.0821
B,2279554503514,103.8916
U,2279650537314,96.0338
R,2279754498714,103.9614
G,2279850521614,96.0229
E,2279954522514,104.0009
N,2280050521414,95.9989
L,2280146537414,96.016
A,2280250498914,103.9615
N,2280346262614,95.7637
D,2280458531614,112.269
F,2280554496214,95.9646
H,2280650500214,96.004
B,2280755495314,104.9951
U,2280850550014,95.0547
R,2280954547014,103.997
G,2281050569714,96.0227
E,2281154321514,103.7518
N,2281250522614,96.2011
L,2281354580014,104.0574
A,2281450552914,95.9729
N,2281554575114,104.0222
D,2281650524214,95.9491
F,2281754557914,104.0337
H,2281850538914,95.981
B,2281955119914,104.581
U,2282050577614,95.4577
R,2282154544014,103.9664
G,2282250562614,96.0186
E,2282355473114,104.9105
N,2282450494014,95.0209
L,2282546510114,96.0161
A,2282650564714,104.0546
N,2282746526114,95.9614
D,2282858284814,111.7587
F,2282954578114,96.2933
H,2283050606114,96.028
B,2283155544014,104.9379
U,2283250525714,94.9817
R,2283354531614,104.0059
G,2283450580414,96.0488
E,2283554571014,103.9906
N,2283650571314,96.0003
L,2283754549314,103.978
A,2283850552114,96.0028
N,2283954550414,103.9983
D,2284050629014,96.0786
F,2284154624514,103.9955
H,2284250377914,95.7534
B,2284354608314,104.2304
U,2284450562114,95.9538
R,2284554533814,103.9717
G,2284650534514,96.0007
E,2284754561314,104.0268
N,2284851593114,97.0318
L,2284946341214,94.7481
A,2285050630514,104.2893
N,2285154540114,103.9096
D,2285258546814,104.0067
F,2285354630614,96.0838
H,2285450513414,95.8828
B,2285555601214,105.0878
U,2285650566714,94.9655
R,2285754599414,104.0327
G,2285850475614,95.8762
E,2285954555014,104.0794
N,2286050566314,96.0113
L,2286154399814,103.8335
A,2286250532814,96.133
N,2286354577414,104.0446
D,2286450601814,96.0244
F,2286554571614,103.9698
H,2286650541114,95.9695
B,2286755479814,104.9387
U,2286850594714,95.1149
R,2286955249014,104.6543
G,2287058565214,103.3162
E,2287154560514,95.9953
N,2287250593514,96.033
L,2287346543114,95.9496
A,2287450555414,104.0123
N,2287554602114,104.0467
D,2287658592814,103.9907
F,2287754599714,96.0069
H,2287850605514,96.0058
B,2287954467314,103.8618
U,2288050577414,96.1101
R,2288154641814,104.0644
G,2288250593214,95.9514
E,2288354563114,103.9699
N,2288450608114,96.045
L,2288554602314,103.9942
A,2288650531814,95.9295
N,2288754621714,104.0899
D,2288850555414,95.9337
F,2288954605114,104.0497
H,2289050597414,95.9923
B,2289155593714,104.9963
U,2289250609714,95.016
R,2289354588214,103.9785
G,2289458343414,103.7552
E,2289555415014,97.0716
N,2289650610214,95.1952
L,2289746358414,95.7482
A,2289850612414,104.254
N,2289954355114,103.7427
D,2290058626114,104.271
F,2290154564614,95.9385
H,2290250584314,96.0197
B,2290355654714,105.0704
U,2290450601514,94.9468
R,2290554586314,103.9848
G,2290650584014,95.9977
E,2290754618214,104.0342
N,2290850635414,96.0172
L,2290954609514,103.9741
A,2291050643814,96.0343
N,2291154616914,103.9731
D,2291250596514,95.9796
F,2291354631014,104.0345
H,2291450580414,95.9494
B,2291562398114,111.8177
U,2291650605014,88.2069
R,2291754630114,104.0251
G,2291858579114,103.949
E,2291954633114,96.054
N,2292050671014,96.0379
L,2292146825414,96.1544
A,2292250627414,103.802
N,2292354601814,103.9744
D,2292458646814,104.045
F,2292554598714,95.9519
H,2292650610314,96.0116
B,2292754578714,103.9684
U,2292850583114,96.0044
R,2292954642914,104.0598
G,2293050386614,95.7437
E,2293154708814,104.3222
N,2293250617414,95.9086
L,2293354628614,104.0112
A,2293450638314,96.0097
N,2293554540914,103.9026
D,2293650652714,96.1118
F,2293754665114,104.0124
H,2293850640014,95.9749
B,2293954640914,104.0009
U,2294050593614,95.9527
R,2294154704014,104.1104
G,2294250705614,96.0016
E,2294355592514,104.8869
N,2294451401914,95.8094
L,2294546646714,95.2448
A,2294650625014,103.9783
N,2294746674914,96.0499
D,2294858665514,111.9906
F,2294954634614,95.9691
H,2295050397614,95.763
B,2295154636014,104.2384
U,2295250639014,96.003
R,2295354608914,103.9699
G,2295450550014,95.9411
E,2295554672814,104.1228
N,2295651195914,96.5231
L,2295754677814,103.4819
A,2295850415214,95.7374
N,2295954672414,104.2572
D,2296050427414,95.755
F,2296154705514,104.2781
H,2296250537614,95.8321
B,2296354686614,104.149
U,2296450871814,96.1852
R,2296555398114,104.5263
G,2296650457914,95.0598
E,2296754668314,104.2104
N,2296850673514,96.0052
L,2296946692414,96.0189
A,2297050805514,104.1131
N,2297146706914,95.9014
D,2297258693814,111.9869
F,2297354694714,96.0009
H,2297450812114,96.1174
B,2297555609214,104.7971
U,2297650443114,94.8339
R,2297754697914,104.2548
G,2297850675614,95.9777
E,2297954692014,104.0164
N,2298051250714,96.5587
L,2298154673614,103.4229
A,2298250642814,95.9692
N,2298354665514,104.0227
D,2298450707814,96.0423
F,2298554711014,104.0032
H,2298650659214,95.9482
B,2298755553614,104.8944
U,2298850694314,95.1407
R,2298954421214,103.7269
G,2299050698514,96.2773
E,2299155731814,105.0333
N,2299250945714,95.2139
L,2299346669714,95.724
A,2299450686314,104.0166
N,2299546715414,96.0291
D,2299658659314,111.9439
F,2299754639914,95.9806
H,2299850668014,96.0281
B,2299955633714,104.9657
U,2300050679814,95.0461
R,2300154700814,104.021
G,2300250686314,95.9855
E,2300354694314,104.008
N,2300450648714,95.9544
L,2300554699914,104.0512
A,2300650701414,96.0015
N,2300754680214,103.9788
D,2300850719814,96.0396
F,2300954655114,103.9353
H,2301050679514,96.0244
B,2301154409514,103.73
U,2301250693114,96.2836
R,2301355488914,104.7958
G,2301458688714,103.1998
E,2301554551314,95.8626
N,2301650716714,96.1654
L,2301746686114,95.9694
A,2301850718414,104.0323
N,2301954539714,103.8213
D,2302058457814,103.9181
F,2302154417114,95.9593
H,2302250408814,95.9917
B,2302355165814,104.757
U,2302450678714,95.5129
R,2302554659414,103.9807
G,2302650705514,96.0461
E,2302754478414,103.7729
N,2302850826714,96.3483
L,2302954749914,103.9232
A,2303050696914,95.947
N,2303154796814,104.0999
D,2303250475614,95.6788
F,2303354885014,104.4094
H,2303450733014,95.848
B,2303555875114,105.1421
U,2303650708814,94.8337
R,2303754881914,104.1731
G,2303858806214,103.9243
E,2303954710314,95.9041
N,2304050699814,95.9895
L,2304146728214,96.0284
A,2304250752314,104.0241
N,2304354734414,103.9821
D,2304458733114,103.9987
F,2304554745214,96.0121
H,2304650742414,95.9972
B,2304754740214,103.9978
U,2304850860214,96.12
R,2304954773614,103.9134
G,2305050758414,95.9848
E,2305154699614,103.9412
N,2305250744214,96.0446
L,2305354707514,103.9633
A,2305450703414,95.9959
N,2305554731214,104.0278
D,2305650715314,95.9841
F,2305754741214,104.0259
H,2305850757514,96.0163
B,2305955601014,104.8435
U,2306058575214,102.9742
R,2306154772914,96.1977
G,2306258767014,103.9941
E,2306354799314,96.0323
N,2306450732814,95.9335
L,2306554729914,103.9971
A,2306650771114,96.0412
N,2306754746914,103.9758
D,2306850756014,96.0091
F,2306954748814,103.9928
H,2307050762514,96.0137
B,2307154791014,104.0285
U,2307250750914,95.9599
R,2307354757714,104.0068
G,2307450754614,95.9969
E,2307554790214,104.0356
N,2307650769114,95.9789
L,2307754725814,103.9567
A,2307850725414,95.9996
N,2307954803914,104.0785
D,2308050778714,95.9748
F,2308154736814,103.9581
H,2308258522414,103.7856
B,2308355516414,96.994
U,2308450784914,95.2685
R,2308546744114,95.9592
G,2308650881214,104.1371
E,2308754785914,103.9047
N,2308851805314,97.0194
L,2308954796114,102.9908
A,2309050809014,96.0129
N,2309154761114,103.9521
D,2309250714414,95.9533
F,2309354783314,104.0689
H,2309450783314,96.0
B,2309554731714,103.9484
U,2309650791714,96.06
R,2309754766814,103.9751
G,2309850588414,95.8216
E,2309954815514,104.2271
N,2310050724814,95.9093
L,2310154734414,104.0096
A,2310250861814,96.1274
N,2310354858114,103.9963
D,2310458801314,103.9432
F,2310554865714,96.0644
H,2310650785614,95.9199
B,2310747841914,97.0563
U,2310850757514,102.9156
R,2310954796814,104.0393
G,2311050779914,95.9831
E,2311154753714,103.9738
N,2311251527314,96.7736
L,2311354794314,103.267
A,2311450751114,95.9568
N,2311554784114,104.033
D,2311650787614,96.0035
F,2311754775314,103.9877
H,2311850886714,96.1114
B,2311954794214,103.9075
U,2312050795514,96.0013
R,2312154834414,104.0389
G,2312250845914,96.0115
E,2312354817414,103.9715
N,2312450796914,95.9795
L,2312546823914,96.027
A,2312650788214,103.9643
N,2312746757314,95.9691
D,2312858836914,112.0796
F,2312954804914,95.968
H,2313050774414,95.9695
B,2313154768914,103.9945
U,2313250795814,96.0269
R,2313354839814,104.044
G,2313450645614,95.8058
E,2313554824214,104.1786
N,2313650813914,95.9897
L,2313754799414,103.9855
A,2313850881714,96.0823
N,2313954823914,103.9422
D,2314050820614,95.9967
F,2314154820514,103.9999
H,2314250915714,96.0952
B,2314354926014,104.0103
U,2314450864214,95.9382
R,2314554845414,103.9812
G,2314650816914,95.9715
E,2314754794714,103.9778
N,2314859581614,104.7869
L,2314946592714,87.0111
A,2315050799314,104.2066
N,2315154822514,104.0232
D,2315258809814,103.9873
F,2315354847914,96.0381
H,2315450878014,96.0301
B,2315554855714,103.9777
U,2315650890714,96.035
R,2315754801014,103.9103
G,2315850777514,95.9765
E,2315954822114,104.0446
N,2316051649714,96.8276
L,2316154702014,103.0523
A,2316250836614,96.1346
N,2316354824914,103.9883
D,2316450830914,96.006
F,2316554828514,103.9976
H,2316650830214,96.0017
B,2316754823614,103.9934
U,2316850779414,95.9558
R,2316954857414,104.078
G,2317058823314,103.9659
E,2317154818414,95.9951
N,2317250939514,96.1211
L,2317346794514,95.855
A,2317450796314,104.0018
N,2317554860114,104.0638
D,2317658847914,103.9878
F,2317754858014,96.0101
H,2317850865114,96.0071
B,2317954644514,103.7794
U,2318050819714,96.1752
R,2318154857614,104.0379
G,2318250895514,96.0379
E,2318354854514,103.959
N,2318451580714,96.7262
L,2318554926514,103.3458
A,2318650801614,95.8751
N,2318754890114,104.0885
D,2318850861614,95.9715
F,2318954869314,104.0077
H,2319050805914,95.9366
B,2319154855014,104.0491
U,2319250970514,96.1155
R,2319354845814,103.8753
G,2319458848414,104.0026
E,2319554720914,95.8725
N,2319650613314,95.8924
L,2319746862714,96.2494
A,2319850579514,103.7168
N,2319954845014,104.2655
D,2320058867314,104.0223
F,2320154811514,95.9442
H,2320250719514,95.908
B,2320354885514,104.166
U,2320450572414,95.6869
R,2320554826914,104.2545
G,2320650616214,95.7893
E,2320754883814,104.2676
N,2320866946414,112.0626
L,2320954846214,87.8998
A,2321050740414,95.8942
N,2321154840214,104.0998
D,2321250647414,95.8072
F,2321354911314,104.2639
H,2321450990514,96.0792
B,2321554844714,103.8542
U,2321658865014,104.0203
R,2321754875014,96.01
G,2321858885114,104.0101
E,2321954913014,96.0279
N,2322050995714,96.0827
L,2322154899714,103.904
A,2322250910414,96.0107
N,2322354897414,103.987
D,2322458932014,104.0346
F,2322554955614,96.0236
H,2322650876714,95.9211
B,2322754849214,103.9725
U,2322850892714,96.0435
R,2322954662414,103.7697
G,2323050866114,96.2037
E,2323154658314,103.7922
N,2323250959114,96.3008
L,2323354896114,103.937
A,2323450644414,95.7483
N,2323554938614,104.2942
D,2323650900214,95.9616
F,2323754906314,104.0061
H,2323850900614,95.9943
B,2323955453514,104.5529
U,2324058853814,103.4003
R,2324154877814,96.024
G,2324258634614,103.7568
E,2324354877614,96.243
N,2324450874214,95.9966
L,2324554937414,104.0632
A,2324650884314,95.9469
N,2324754855414,103.9711
D,2324858891414,104.036
F,2324954869414,95.978
H,2325050898614,96.0292
B,2325155625714,104.7271
U,2325250951714,95.326
R,2325354856914,103.9052
G,2325450905214,96.0483
E,2325554657114,103.7519
N,2325651694814,97.0377
L,2325754739514,103.0447
A,2325850886714,96.1472
N,2325954636714,103.75
D,2326050903614,96.2669
F,2326154664914,103.7613
H,2326258912014,104.2471
B,2326354684114,95.7721
U,2326451074214,96.3901
R,2326546905914,95.8317
G,2326650972014,104.0661
E,2326755790614,104.8186
N,2326850902614,95.112
L,2326954807514,103.9049
A,2327050906714,96.0992
N,2327155100714,104.194
D,2327250926514,95.8258
F,2327355058314,104.1318
H,2327450881114,95.8228
B,2327555109314,104.2282
U,2327650933814,95.8245
R,2327755036414,104.1026
G,2327850895414,95.859
E,2327954941214,104.0458
N,2328051931114,96.9899
L,2328154884314,102.9532
A,2328250895514,96.0112
N,2328354885014,103.9895
D,2328450900914,96.0159
F,2328555014214,104.1133
H,2328658995514,103.9813
B,2328755994114,96.9986
U,2328850925414,94.9313
R,2328946954314,96.0289
G,2329050935014,103.9807
E,2329154920814,103.9858
N,2329250934514,96.0137
L,2329354965514,104.031
A,2329450961314,95.9958
N,2329554957714,103.9964
D,2329650907614,95.9499
F,2329754896214,103.9886
H,2329850943914,96.0477
B,2329954950214,104.0063
U,2330050671514,95.7213
R,2330154949414,104.2779
G,2330250666214,95.7168
E,2330354941614,104.2754
N,2330458911814,103.9702
L,2330554943214,96.0314
A,2330650960714,96.0175
N,2330754944314,103.9836
D,2330858948514,104.0042
F,2330954908214,95.9597
H,2331050944114,96.0359
B,2331154660814,103.7167
U,2331250919114,96.2583
R,2331354966314,104.0472
G,2331451015014,96.0487
E,2331556036814,105.0218
N,2331650913514,94.8767
L,2331754972714,104.0592
A,2331850952614,95.9799
N,2331954699914,103.7473
D,2332050949514,96.2496
F,2332154958514,104.009
H,2332250934914,95.9764
B,2332354947514,104.0126
U,2332450942414,95.9949
R,2332554954314,104.0119
G,2332650992714,96.0384
E,2332754980314,103.9876
N,2332850955514,95.9752
L,2332954947214,103.9917
A,2333050979514,96.0323
N,2333154768814,103.7893
D,2333258878314,104.1095
F,2333354977314,96.099
H,2333450953914,95.9766
B,2333555894514,104.9406
U,2333650987314,95.0928
R,2333754938314,103.951
G,2333850963614,96.0253
E,2333954987314,104.0237
N,2334050986214,95.9989
L,2334154936014,103.9498
A,2334250985214,96.0492
N,2334354979814,103.9946
D,2334450929914,95.9501
F,2334554979314,104.0494
H,2334650993414,96.0141
B,2334754960414,103.967
U,2334850958614,95.9982
R,2334955005814,104.0472
G,2335050782614,95.7768
E,2335154946514,104.1639
N,2335250979814,96.0333
L,2335354981114,104.0013
A,2335451008814,96.0277
N,2335555007614,103.9988
D,2335658984314,103.9767
F,2335754963314,95.979
H,2335850997914,96.0346
B,2335954986514,103.9886
U,2336050982914,95.9964
R,2336154999314,104.0164
G,2336250949114,95.9498
E,2336354969214,104.0201
N,2336451047614,96.0784
L,2336554951914,103.9043
A,2336651001214,96.0493
N,2336754962114,103.9609
D,2336850984714,96.0226
F,2336955009814,104.0251
H,2337051003114,95.9933
B,2337155044314,104.0412
U,2337251068114,96.0238
R,2337355001214,103.9331
G,2337451016714,96.0155
E,2337555003714,103.987
N,2337659055814,104.0521
L,2337746957914,87.9021
A,2337851009814,104.0519
N,2337947071014,96.0612
D,2338059009214,111.9382
F,2338155008114,95.9989
H,2338251026214,96.0181
B,2338355049814,104.0236
U,2338450905614,95.8558
R,2338555008814,104.1032
G,2338651105614,96.0968
E,2338755005614,103.9
N,2338851029314,96.0237
L,2338955021514,103.9922
A,2339050976014,95.9545
N,2339154987714,104.0117
D,2339250685714,95.698
F,2339355240314,104.5546
H,2339451127514,95.8872
B,2339555964914,104.8374
U,2339651044014,95.0791
R,2339755051514,104.0075
G,2339858995714,103.9442
E,2339955823614,96.8279
N,2340059922914,104.0993
L,2340147240214,87.3173
A,2340251002514,103.7623
N,2340355003314,104.0008
D,2340459033814,104.0305
F,2340555011714,95.9779
H,2340651048314,96.0366
B,2340755038014,103.9897
U,2340850785314,95.7473
R,2340955028014,104.2427
G,2341051069714,96.0417
E,2341155039314,103.9696
N,2341251907314,96.868
L,2341355033414,103.1261
A,2341451014414,95.981
N,2341555031514,104.0171
D,2341651070214,96.0387
F,2341754986714,103.9165
H,2341850991914,96.0052
B,2341955011014,104.0191
U,2342059075414,104.0644
R,2342155040914,95.9655
G,2342259045714,104.0048
E,2342355058414,96.0127
N,2342451821314,96.7629
L,2342555092214,103.2709
A,2342651016314,95.9241
N,2342755094114,104.0778
D,2342859027414,103.9333
F,2342955041314,96.0139
H,2343051054214,96.0129
B,2343154978414,103.9242
U,2343251043114,96.0647
R,2343355105314,104.0622
G,2343450902214,95.7969
E,2343555109914,104.2077
N,2343650922914,95.813
L,2343755103714,104.1808
A,2343850813414,95.7097
N,2343955053914,104.2405
D,2344050828114,95.7742
F,2344155102814,104.2747
H,2344259052514,103.9497
B,2344356038214,96.9857
U,2344450822014,94.7838
R,2344555087014,104.265
G,2344650898114,95.8111
E,2344755063014,104.1649
N,2344851668314,96.6053
L,2344955046114,103.3778
A,2345050800714,95.7546
N,2345155103214,104.3025
D,2345250949014,95.8458
F,2345355075714,104.1267
H,2345451025814,95.9501
B,2345555080714,104.0549
U,2345651188514,96.1078
R,2345755069014,103.8805
G,2345851220414,96.1514
E,2345955087114,103.8667
N,2346051103014,96.0159
L,2346154722714,103.6197
A,2346250839014,96.1163
N,2346355092514,104.2535
D,2346459120714,104.0282
F,2346555084814,95.9641
H,2346651089814,96.005
B,2346755085014,103.9952
U,2346851090314,96.0053
R,2346955109414,104.0191
G,2347051097714,95.9883
E,2347155126814,104.0291
N,2347252148314,97.0215
L,2347355062214,102.9139
A,2347450981814,95.9196
N,2347554850714,103.8689
D,2347651078714,96.228
F,2347755085014,104.0063
H,2347850727714,95.6427
B,2347954670614,103.9429
U,2348050930514,96.2599
R,2348154879014,103.9485
G,2348250821214,95.9422
E,2348354656714,103.8355
N,2348458723114,104.0664
L,2348546740114,88.017
A,2348651005514,104.2654
N,2348755037914,104.0324
D,2348859098614,104.0607
F,2348955122614,96.024
H,2349051066614,95.944
B,2349155058814,103.9922
U,2349251030014,95.9712
R,2349355074114,104.0441
G,2349451044714,95.9706
E,2349555079914,104.0352
N,2349652014314,96.9344
L,2349754852314,102.838
A,2349850707014,95.8547
N,2349954834414,104.1274
D,2350051095714,96.2613
F,2350154805514,103.7098
H,2350251107614,96.3021
B,2350355847914,104.7403
U,2350451065314,95.2174
R,2350554851714,103.7864
G,2350659093414,104.2417
E,2350754913814,95.8204
N,2350859336314,104.4225
L,2350946864614,87.5283
A,2351051118314,104.2537
N,2351155047614,103.9293
D,2351259103114,104.0555
F,2351355274514,96.1714
H,2351451199614,95.9251
B,2351555275714,104.0761
U,2351651170114,95.8944
R,2351755301914,104.1318
G,2351851134614,95.8327
E,2351955256314,104.1217
N,2352052190114,96.9338
L,2352155214414,103.0243
A,2352251129114,95.9147
N,2352355017814,103.8887
D,2352450989514,95.9717
F,2352554928014,103.9385
H,2352650847614,95.9196
B,2352755138614,104.291
U,2352858980914,103.8423
R,2352954920514,95.9396
G,2353058816714,103.8962
E,2353155119314,96.3026
N,2353251106314,95.987
L,2353355150314,104.044
A,2353451144414,95.9941
N,2353555123114,103.9787
D,2353658952914,103.8298
F,2353755124014,96.1711
H,2353851138114,96.0141
B,2353956131014,104.9929
U,2354050876514,94.7455
R,2354155115314,104.2388
G,2354251118814,96.0035
E,2354355127414,104.0086
N,2354451157814,96.0304
L,2354555133114,103.9753
A,2354651142914,96.0098
N,2354755136314,103.9934
D,2354851127014,95.9907
F,2354955129514,104.0025
H,2355059120414,103.9909
B,2355156080314,96.9599
U,2355259187314,103.107
R,2355355149114,95.9618
G,2355459124914,103.9758
E,2355555124014,95.9991
N,2355651946514,96.8225
L,2355755161514,103.215
A,2355851205114,96.0436
N,2355955160314,103.9552
D,2356058902914,103.7426
F,2356155188614,96.2857
H,2356251178914,95.9903
B,2356354897214,103.7183
U,2356450893114,95.9959
R,2356555167514,104.2744
G,2356651248814,96.0813
E,2356755152914,103.9041
N,2356851059414,95.9065
L,2356955192114,104.1327
A,2357051150714,95.9586
N,2357155212314,104.0616
D,2357259316014,104.1037
F,2357355151514,95.8355
H,2357459342914,104.1914
B,2357556210614,96.8677
U,2357651175714,94.9651
R,2357755142114,103.9664
G,2357851236314,96.0942
E,2357955194814,103.9585
N,2358051154714,95.9599
L,2358155188714,104.034
A,2358251144614,95.9559
N,2358355162914,104.0183
D,2358451186714,96.0238
F,2358555170814,103.9841
H,2358651177314,96.0065
B,2358756171414,104.9941
U,2358851183214,95.0118
R,2358955171614,103.9884
G,2359051210414,96.0388
E,2359155208014,103.9976
N,2359250986014,95.778
L,2359355156214,104.1702
A,2359451176314,96.0201
N,2359555162514,103.9862
D,2359659143414,103.9809
F,2359755170414,96.027
H,2359851190914,96.0205
B,2359955179914,103.989
U,2360051197014,96.0171
R,2360155266414,104.0694
G,2360251176314,95.9099
E,2360355198314,104.022
N,2360451178614,95.9803
L,2360555209414,104.0308
A,2360651199314,95.9899
N,2360755205514,104.0062
D,2360851153714,95.9482
F,2360955220614,104.0669
H,2361051224214,96.0036
B,2361155048214,103.824
U,2361251155514,96.1073
R,2361355188514,104.033
G,2361451189614,96.0011
E,2361556164314,104.9747
N,2361659878614,103.7143
L,2361747200114,87.3215
A,2361851195314,103.9952
N,2361955226714,104.0314
D,2362059249914,104.0232
F,2362155227914,95.978
H,2362251241914,96.014
B,2362355173314,103.9314
U,2362451184814,96.0115
R,2362555209014,104.0242
G,2362651289314,96.0803
E,2362755238914,103.9496
N,2362851206014,95.9671
L,2362955222314,104.0163
A,2363051238014,96.0157
N,2363155190714,103.9527
D,2363251209214,96.0185
F,2363355240914,104.0317
H,2363451292914,96.052
B,2363555896414,104.6035
U,2363651196014,95.2996
R,2363755212914,104.0169
G,2363859250114,104.0372
E,2363955226514,95.9764
N,2364059937614,104.7111
L,2364147336514,87.3989
A,2364251207014,103.8705
N,2364354915514,103.7085
D,2364459254514,104.339
F,2364555232414,95.9779
H,2364651255914,96.0235
B,2364755223614,103.9677
U,2364851006414,95.7828
R,2364955264714,104.2583
G,2365051236014,95.9713
E,2365155264914,104.0289
N,2365251196514,95.9316
L,2365355229614,104.0331
A,2365451191014,95.9614
N,2365555257914,104.0669
D,2365651201314,95.9434
F,2365755253514,104.0522
H,2365851251914,95.9984
B,2365955796914,104.545
U,2366059241014,103.4441
R,2366155259714,96.0187
G,2366259240014,103.9803
E,2366355226414,95.9864
N,2366451943114,96.7167
L,2366555295414,103.3523
A,2366651265814,95.9704
N,2366755257214,103.9914
D,2366859267214,104.01
F,2366955274814,96.0076
H,2367051246114,95.9713
B,2367155005814,103.7597
U,2367251240014,96.2342
R,2367355284814,104.0448
G,2367451287814,96.003
E,2367555274914,103.9871
N,2367651224314,95.9494
L,2367755210314,103.986
A,2367851228814,96.0185
N,2367955268714,104.0399
D,2368051102814,95.8341
F,2368155265014,104.1622
H,2368258997014,103.732
B,2368356305814,97.3088
U,2368459239014,102.9332
R,2368555373214,96.1342
G,2368659245914,103.8727
E,2368755295214,96.0493
N,2368851083514,95.7883
L,2368955284914,104.2014
A,2369051173114,95.8882
N,2369155249414,104.0763
D,2369259254014,104.0046
F,2369355054114,95.8001
H,2369451191814,96.1377
B,2369555304214,104.1124
U,2369651223014,95.9188
R,2369755263814,104.0408
G,2369851463814,96.2
E,2369955263214,103.7994
N,2370051390914,96.1277
L,2370155030914,103.64
A,2370251393914,96.363
N,2370355015014,103.6211
D,2370459238114,104.2231
F,2370555253714,96.0156
H,2370659328714,104.075
B,2370754964314,95.6356
U,2370851219114,96.2548
R,2370955241014,104.0219
G,2371051360014,96.119
E,2371155241914,103.8819
N,2371252048814,96.8069
L,2371355290214,103.2414
A,2371451315014,96.0248
N,2371555262914,103.9479
D,2371651297114,96.0342
F,2371755295714,103.9986
H,2371851335014,96.0393
B,2371955251714,103.9167
U,2372051257414,96.0057
R,2372155323214,104.0658
G,2372251259014,95.9358
E,2372355037014,103.778
N,2372452249014,97.212
L,2372555284314,103.0353
A,2372659375114,104.0908
N,2372755251014,95.8759
D,2372859258614,104.0076
F,2372955411914,96.1533
H,2373059264414,103.8525
B,2373163303514,104.0391
U,2373251303614,88.0001
R,2373355276114,103.9725
G,2373451428414,96.1523
E,2373555067714,103.6393
N,2373652219714,97.152
L,2373755150514,102.9308
A,2373850973614,95.8231
N,2373955124714,104.1511
D,2374051287214,96.1625
F,2374155087114,103.7999
H,2374251299014,96.2119
B,2374355106014,103.807
U,2374451333214,96.2272
R,2374555050814,103.7176
G,2374651295514,96.2447
E,2374755196414,103.9009
N,2374859998814,104.8024
L,2374947303714,87.3049
A,2375051339614,104.0359
N,2375155061914,103.7223
D,2375259357114,104.2952
F,2375355211714,95.8546
H,2375451303714,96.092
B,2375555417414,104.1137
U,2375651338914,95.9215
R,2375755496414,104.1575
G,2375851290114,95.7937
E,2375955363914,104.0738
N,2376052312414,96.9485
L,2376155140114,102.8277
A,2376251292114,96.152
N,2376355394514,104.1024
D,2376451294714,95.9002
F,2376555345414,104.0507
H,2376651311314,95.9659
B,2376756474514,105.1632
U,2376859378714,102.9042
R,2376955342214,95.9635
G,2377059392314,104.0501
E,2377155385514,95.9932
N,2377259330614,103.9451
L,2377355307314,95.9767
A,2377451363314,96.056
N,2377555325314,103.962
D,2377659163214,103.8379
F,2377755340514,96.1773
H,2377851334914,95.9944
B,2377956394914,105.06
U,2378051354314,94.9594
R,2378155353614,103.9993
G,2378251323214,95.9696
E,2378355364514,104.0413
N,2378451459214,96.0947
L,2378555320614,103.8614
A,2378651322214,96.0016
N,2378755301614,103.9794
D,2378851368814,96.0672
F,2378955367014,103.9982
H,2379059308414,103.9414
B,2379155372114,96.0637
U,2379259414714,104.0426
R,2379355331214,95.9165
G,2379459324814,103.9936
E,2379555349014,96.0242
N,2379651369514,96.0205
L,2379755363314,103.9938
A,2379851362114,95.9988
N,2379955385214,104.0231
D,2380059022714,103.6375
F,2380155365714,96.343
H,2380251411414,96.0457
B,2380355975214,104.5638
U,2380451351314,95.3761
R,2380555378514,104.0272
G,2380651376414,95.9979
E,2380755343914,103.9675
N,2380851363414,96.0195
L,2380955361714,103.9983
A,2381051348914,95.9872
N,2381155386214,104.0373
D,2381259342714,103.9565
F,2381355349814,96.0071
H,2381459387614,104.0378
B,2381555336614,95.949
U,2381651376414,96.0398
R,2381755352914,103.9765
G,2381851370814,96.0179
E,2381955343214,103.9724
N,2382052361414,97.0182
L,2382155441814,103.0804
A,2382251375614,95.9338
N,2382355407014,104.0314
D,2382451425914,96.0189
F,2382555425214,103.9993
H,2382651340714,95.9155
B,2382756330214,104.9895
U,2382851369314,95.0391
R,2382955380614,104.0113
G,2383051392414,96.0118
E,2383155511114,104.1187
N,2383251361314,95.8502
L,2383355401314,104.04
A,2383459374414,103.9731
N,2383555330714,95.9563
D,2383659360314,104.0296
F,2383755353814,95.9935
H,2383859372314,104.0185
B,2383956218514,96.8462
U,2384051361914,95.1434
R,2384155414414,104.0525
G,2384251396614,95.9822
E,2384355412114,104.0155
N,2384452228414,96.8163
L,2384555417014,103.1886
A,2384651381014,95.964
N,2384755421714,104.0407
D,2384851400514,95.9788
F,2384955465714,104.0652
H,2385051443714,95.978
B,2385156458114,105.0144
U,2385251429314,94.9712
R,2385355391214,103.9619
G,2385451376314,95.9851
E,2385555364614,103.9883
N,2385659480014,104.1154
L,2385755414614,95.9346
A,2385851432314,96.0177
N,2385955415814,103.9835
D,2386059371814,103.956
F,2386155369914,95.9981
H,2386251366014,95.9961
B,2386356426114,105.0601
U,2386451400814,94.9747
R,2386555452014,104.0512
G,2386651406314,95.9543
E,2386755970514,104.5642
N,2386851369514,95.399
L,2386955192514,103.823
A,2387051415014,96.2225
N,2387155390214,103.9752
D,2387251422814,96.0326
F,2387355437614,104.0148
H,2387451250614,95.813
B,2387555410714,104.1601
U,2387651426414,96.0157
R,2387755470514,104.0441
G,2387859400414,103.9299
E,2387955455914,96.0555
N,2388060441514,104.9856
L,2388147418014,86.9765
A,2388251372614,103.9546
N,2388355376014,104.0034
D,2388459450814,104.0748
F,2388555427114,95.9763
H,2388651365914,95.9388
B,2388756316314,104.9504
U,2388851470314,95.154
R,2388955404414,103.9341
G,2389051486814,96.0824
E,2389155231414,103.7446
N,2389252446614,97.2152
L,2389355436414,102.9898
A,2389451396114,95.9597
N,2389555403014,104.0069
D,2389651387414,95.9844
F,2389755467014,104.0796
H,2389851439814,95.9728
B,2389956280914,104.8411
U,2390051421314,95.1404
R,2390155440914,104.0196
G,2390259475014,104.0341
E,2390356376814,96.9018
N,2390460408414,104.0316
L,2390555487114,95.0787
A,2390651431614,95.9445
N,2390755494314,104.0627
D,2390859424814,103.9305
F,2390955425314,96.0005
H,2391051409314,95.984
B,2391156048414,104.6391
U,2391251425614,95.3772
R,2391356442114,105.0165
G,2391451161914,94.7198
E,2391555445414,104.2835
N,2391652391514,96.9461
L,2391755454214,103.0627
A,2391851458714,96.0045
N,2391955515814,104.0571
D,2392051439414,95.9236
F,2392155445214,104.0058
H,2392251476914,96.0317
B,2392356151614,104.6747
U,2392459518414,103.3668
R,2392555507414,95.989
G,2392659442614,103.9352
E,2392755452914,96.0103
N,2392852212014,96.7591
L,2392955450214,103.2382
A,2393051349614,95.8994
N,2393155467514,104.1179
D,2393259460614,103.9931
F,2393355519014,96.0584
H,2393451241014,95.722
B,2393556222314,104.9813
U,2393651389114,95.1668
R,2393755191614,103.8025
G,2393851484614,96.293
E,2393955460114,103.9755
N,2394051541914,96.0818
L,2394155485514,103.9436
A,2394251526614,96.0411
N,2394355485214,103.9586
D,2394451537014,96.0518
F,2394555469914,103.9329
H,2394659488814,104.0189
B,2394756587914,97.0991
U,2394859470314,102.8824
R,2394955466614,95.9963
G,2395059442414,103.9758
E,2395156435714,96.9933
N,2395251475214,95.0395
L,2395355507814,104.0326
A,2395451509414,96.0016
N,2395555533214,104.0238
D,2395659259414,103.7262
F,2395755505614,96.2462
H,2395851498314,95.9927
B,2395956397014,104.8987
U,2396051428214,95.0312
R,2396156421414,104.9932
G,2396251481514,95.0601
E,2396356372514,104.891
N,2396451305714,94.9332
L,2396555463514,104.1578
A,2396659502914,104.0394
N,2396755473114,95.9702
D,2396859482714,104.0096
F,2396955462214,95.9795
H,2397059493314,104.0311
B,2397163497014,104.0037
U,2397251515114,88.0181
R,2397355486414,103.9713
G,2397451489414,96.003
E,2397556461514,104.9721
N,2397651240714,94.7792
L,2397755464914,104.2242
A,2397851536214,96.0713
N,2397955424514,103.8883
D,2398051535114,96.1106
F,2398155310114,103.775
H,2398251499814,96.1897
B,2398355979914,104.4801
U,2398451506514,95.5266
R,2398555266014,103.7595
G,2398651507214,96.2412
E,2398755294814,103.7876
N,2398859530114,104.2353
L,2398955338314,95.8082
A,2399059482314,104.144
N,2399155263914,95.7816
D,2399259606014,104.3421
F,2399355320714,95.7147
H,2399451525414,96.2047
B,2399555441914,103.9165
U,2399651535714,96.0938
R,2399755599214,104.0635
G,2399851545214,95.946
E,2399955397314,103.8521
N,2400051511914,96.1146
L,2400155683314,104.1714
A,2400251580914,95.8976
N,2400355607414,104.0265
D,2400451351414,95.744
F,2400555505214,104.1538
H,2400651502914,95.9977
B,2400756480214,104.9773
U,2400851565114,95.0849
R,2400956308714,104.7436
G,2401059536014,103.2273
E,2401155549814,96.0138
N,2401259350514,103.8007
L,2401347560614,88.2101
A,2401451593814,104.0332
N,2401555603414,104.0096
D,2401659536014,103.9326
F,2401755488014,95.952
H,2401851492614,96.0046
B,2401956599014,105.1064
U,2402051381714,94.7827
R,2402155516414,104.1347
G,2402251553614,96.0372
E,2402355538314,103.9847
N,2402451591114,96.0528
L,2402555545914,103.9548
A,2402651644114,96.0982
N,2402755525114,103.881
D,2402851551014,96.0259
F,2402955537114,103.9861
H,2403051569814,96.0327
B,2403156513214,104.9434
U,2403259495314,102.9821
R,2403356391514,96.8962
G,2403459556214,103.1647
E,2403555579214,96.023
N,2403659533214,103.954
L,2403755556514,96.0233
A,2403851576714,96.0202
N,2403955543814,103.9671
D,2404059528214,103.9844
F,2404155601114,96.0729
H,2404251552214,95.9511
B,2404356209514,104.6573
U,2404451516514,95.307
R,2404555507214,103.9907
G,2404651526614,96.0194
E,2404755580414,104.0538
N,2404851558514,95.9781
L,2404955578514,104.02
A,2405051588714,96.0102
N,2405155594914,104.0062
D,2405259355714,103.7608
F,2405355600514,96.2448
H,2405459541414,103.9409
B,2405556443514,96.9021
U,2405659572914,103.1294
R,2405755645114,96.0722
G,2405859715614,104.0705
E,2405955571714,95.8561
N,2406051561314,95.9896
L,2406155274714,103.7134
A,2406251555314,96.2806
N,2406355587314,104.032
D,2406451593714,96.0064
F,2406555611314,104.0176
H,2406651593314,95.982
B,2406756465714,104.8724
U,2406851589314,95.1236
R,2406955591614,104.0023
G,2407051608914,96.0173
E,2407155551914,103.943
N,2407252578414,97.0265
L,2407355540114,102.9617
A,2407459593314,104.0532
N,2407555636314,96.043
D,2407659611514,103.9752
F,2407755561614,95.9501
H,2407859637314,104.0757
B,2407963572814,103.9355
U,2408051558814,87.986
R,2408155653414,104.0946
G,2408251646314,95.9929
E,2408356551914,104.9056
N,2408451595014,95.0431
L,2408555601414,104.0064
A,2408651567114,95.9657
N,2408755612514,104.0454
D,2408851601814,95.9893
F,2408955581714,103.9799
H,2409051591614,96.0099
B,2409156647614,105.056
U,2409251574414,94.9268
R,2409355594314,104.0199
G,2409459605214,104.0109
E,2409556219414,96.6142
N,2409659592014,103.3726
L,2409755658214,96.0662
A,2409851595114,95.9369
N,2409955578214,103.9831
D,2410059551314,103.9731
F,2410155588714,96.0374
H,2410251597214,96.0085
B,2410356294914,104.6977
U,2410451612814,95.3179
R,2410556654814,105.042
G,2410651592114,94.9373
E,2410755624214,104.0321
N,2410851585014,95.9608
L,2410955611214,104.0262
A,2411051578914,95.9677
N,2411155576114,103.9972
D,2411251652914,96.0768
F,2411355622514,103.9696
H,2411451630314,96.0078
B,2411556412614,104.7823
U,2411659621314,103.2087
R,2411755376914,95.7556
G,2411859610014,104.2331
E,2411956439714,96.8297
N,2412060553514,104.1138
L,2412155691114,95.1376
A,2412251685514,95.9944
N,2412355636814,103.9513
D,2412459604814,103.968
F,2412555624914,96.0201
H,2412651634814,96.0099
B,2412756567114,104.9323
U,2412851609214,95.0421
R,2412956398714,104.7895
G,2413051371914,94.9732
E,2413155610914,104.239
N,2413251563014,95.9521
L,2413355628614,104.0656
A,2413451661014,96.0324
N,2413555399314,103.7383
D,2413651639314,96.24
F,2413755686214,104.0469
H,2413859641214,103.955
B,2413956465914,96.8247
U,2414059602414,103.1365
R,2414155629114,96.0267
G,2414259611614,103.9825
E,2414356657614,97.046
N,2414451568414,94.9108
L,2414555606414,104.038
A,2414651660114,96.0537
N,2414755674814,104.0147
D,2414859633914,103.9591
F,2414955607514,95.9736
H,2415051666414,96.0589
B,2415156724814,105.0584
U,2415251604114,94.8793
R,2415356231914,104.6278
G,2415451609214,95.3773
E,2415555620914,104.0117
N,2415651649614,96.0287
L,2415755679014,104.0294
A,2415851621814,95.9428
N,2415955686814,104.065
D,2416059575314,103.8885
F,2416155605914,96.0306
H,2416259682214,104.0763
B,2416356231514,96.5493
U,2416459656914,103.4254
R,2416555430914,95.774
G,2416651411314,95.9804
E,2416756631714,105.2204
N,2416851409714,94.778
L,2416955731214,104.3215
A,2417051384414,95.6532
N,2417155634514,104.2501
D,2417251465014,95.8305
F,2417355663314,104.1983
H,2417451558614,95.8953
B,2417555372314,103.8137
U,2417651399914,96.0276
R,2417755728214,104.3283
G,2417851589614,95.8614
E,2417956678714,105.0891
N,2418059667514,102.9888
L,2418155703314,96.0358
A,2418259668914,103.9656
N,2418355635614,95.9667
D,2418459678314,104.0427
F,2418555719714,96.0414
H,2418659701914,103.9822
B,2418756304414,96.6025
U,2418851698914,95.3945
R,2418955678614,103.9797
G,2419051687414,96.0088
E,2419156596314,104.9089
N,2419252567614,95.9713
L,2419355665214,103.0976
A,2419451726114,96.0609
N,2419555646114,103.92
D,2419651701914,96.0558
F,2419755684214,103.9823
H,2419851673714,95.9895
B,2419956634714,104.961
U,2420051684114,95.0494
R,2420155451214,103.7671
G,2420259720914,104.2697
E,2420355473514,95.7526
N,2420460534714,105.0612
L,2420555703614,95.1689
A,2420651701214,95.9976
N,2420755693314,103.9921
D,2420859679314,103.986
F,2420955695014,96.0157
H,2421051675914,95.9809
B,2421155400414,103.7245
U,2421251308014,95.9076
R,2421355684414,104.3764
G,2421451679514,95.9951
E,2421555574314,103.8948
N,2421651725014,96.1507
L,2421755679314,103.9543
A,2421851754714,96.0754
N,2421955666114,103.9114
D,2422051722014,96.0559
F,2422155639214,103.9172
H,2422251720414,96.0812
B,2422356668614,104.9482
U,2422459764414,103.0958
R,2422555526614,95.7622
G,2422659716214,104.1896
E,2422755598714,95.8825
N,2422860706014,105.1073
L,2422955483514,94.7775
A,2423051729214,96.2457
N,2423155514914,103.7857
D,2423259725914,104.211
F,2423355572614,95.8467
H,2423451696514,96.1239
B,2423556319614,104.6231
U,2423651729214,95.4096
R,2423755526714,103.7975
G,2423851732114,96.2054
E,2423955660114,103.928
N,2424051709914,96.0498
L,2424155791214,104.0813
A,2424251729514,95.9383
N,2424355783114,104.0536
D,2424451733714,95.9506
F,2424555829514,104.0958
H,2424659693714,103.8642
B,2424756594914,96.9012
U,2424859801114,103.2062
R,2424955712114,95.911
G,2425059754714,104.0426
E,2425156614314,96.8596
N,2425251731014,95.1167
L,2425355754914,104.0239
A,2425451705314,95.9504
N,2425555769614,104.0643
D,2425659854214,104.0846
F,2425755802214,95.948
H,2425851858014,96.0558
B,2425956648014,104.79
U,2426051793914,95.1459
R,2426156875114,105.0812
G,2426251747314,94.8722
E,2426355737814,103.9905
N,2426451704814,95.967
L,2426555776214,104.0714
A,2426651556614,95.7804
N,2426755663614,104.107
D,2426859754114,104.0905
F,2426955713814,95.9597
H,2427059743514,104.0297
B,2427156847314,97.1038
U,2427259647914,102.8006
R,2427355772614,96.1247
G,2427459558514,103.7859
E,2427555772214,96.2137
N,2427651745514,95.9733
L,2427755734214,103.9887
A,2427851747114,96.0129
N,2427955762014,104.0149
D,2428059555514,103.7935
F,2428155760514,96.205
H,2428251740214,95.9797
B,2428356697814,104.9576
U,2428451722914,95.0251
R,2428555755314,104.0324
G,2428651747314,95.992
E,2428756461214,104.7139
N,2428851764214,95.303
L,2428955755214,103.991
A,2429051793814,96.0386
N,2429155753914,103.9601
D,2429259651414,103.8975
F,2429355522614,95.8712
H,2429459639414,104.1168
B,2429555783014,96.1436
U,2429659647414,103.8644
R,2429755791514,96.1441
G,2429859777914,103.9864
E,2429955785314,96.0074
N,2430051808214,96.0229
L,2430155813014,104.0048
A,2430251795614,95.9826
N,2430355743214,103.9476
D,2430459820614,104.0774
F,2430555820414,95.9998
H,2430651753114,95.9327
B,2430755775514,104.0224
U,2430851759414,95.9839
R,2430956479214,104.7198
G,2431051802714,95.3235
E,2431155469714,103.667
N,2431251815514,96.3458
L,2431355804814,103.9893
A,2431459772814,103.968
N,2431555798914,96.0261
D,2431659779314,103.9804
F,2431755789714,96.0104
H,2431859741614,103.9519
B,2431956566914,96.8253
U,2432059928714,103.3618
R,2432155507014,95.5783
G,2432259792814,104.2858
E,2432356710614,96.9178
N,2432451778114,95.0675
L,2432555805414,104.0273
A,2432651846214,96.0408
N,2432755838414,103.9922
D,2432859791014,103.9526
F,2432955828514,96.0375
H,2433051826714,95.9982
B,2433156546814,104.7201
U,2433251762614,95.2158
R,2433356859714,105.0971
G,2433451785614,94.9259
E,2433555747314,103.9617
N,2433651792914,96.0456
L,2433755801114,104.0082
A,2433859849014,104.0479
N,2433955850314,96.0013
D,2434059789214,103.9389
F,2434155838514,96.0493
H,2434259813814,103.9753
B,2434363615314,103.8015
U,2434451828714,88.2134
R,2434555769414,103.9407
G,2434651784614,96.0152
E,2434755775114,103.9905
N,2434852458814,96.6837
L,2434955813914,103.3551
A,2435051797114,95.9832
N,2435155908914,104.1118
D,2435251821414,95.9125
F,2435355850314,104.0289
H,2435451811414,95.9611
B,2435556665214,104.8538
U,2435651817214,95.152
R,2435756447214,104.63
G,2435851835714,95.3885
E,2435955807314,103.9716
N,2436059853714,104.0464
L,2436155654714,95.801
A,2436259777514,104.1228
N,2436355792914,96.0154
D,2436459819214,104.0263
F,2436555817314,95.9981
H,2436659819214,104.0019
B,2436756827014,97.0078
U,2436851847214,95.0202
R,2436955672814,103.8256
G,2437051823714,96.1509
E,2437156718814,104.8951
N,2437252605014,95.8862
L,2437355830714,103.2257
A,2437451790414,95.9597
N,2437555839314,104.0489
D,2437651821814,95.9825
F,2437755833714,104.0119
H,2437851848314,96.0146
B,2437956404814,104.5565
U,2438051864514,95.4597
R,2438156319014,104.4545
G,2438259851914,103.5329
E,2438355846114,95.9942
N,2438459818014,103.9719
L,2438555555914,95.7379
A,2438659805914,104.25
N,2438755807614,96.0017
D,2438859842914,104.0353
F,2438955846614,96.0037
H,2439059896814,104.0502
B,2439156780114,96.8833
U,2439251884114,95.104
R,2439355869614,103.9855
G,2439451857614,95.988
E,2439555887014,104.0294
N,2439651831214,95.9442
L,2439755835214,104.004
A,2439851822914,95.9877
N,2439955831114,104.0082
D,2440051823214,95.9921
F,2440155666714,103.8435
H,2440251727514,96.0608
B,2440355848314,104.1208
U,2440451897414,96.0491
R,2440555852914,103.9555
G,2440659902814,104.0499
E,2440755880114,95.9773
N,2440859833814,103.9537
L,2440955871114,96.0373
A,2441051664914,95.7938
N,2441155821914,104.157
D,2441259856514,104.0346
F,2441355847914,95.9914
H,2441451602614,95.7547
B,2441556585514,104.9829
U,2441651612214,95.0267
R,2441755934014,104.3218
G,2441851768114,95.8341
E,2441955930314,104.1622
N,2442059864214,103.9339
L,2442155840014,95.9758
A,2442251781314,95.9413
N,2442355924714,104.1434
D,2442451877314,95.9526
F,2442555913814,104.0365
H,2442652036414,96.1226
B,2442755833914,103.7975
U,2442859845614,104.0117
R,2442955854614,96.009
G,2443059868514,104.0139
E,2443155647114,95.7786
N,2443259904714,104.2576
L,2443355888914,95.9842
A,2443451899614,96.0107
N,2443555864314,103.9647
D,2443659881714,104.0174
F,2443755833314,95.9516
H,2443851893414,96.0601
B,2443955909714,104.0163
U,2444051876914,95.9672
R,2444155840914,103.964
G,2444251868014,96.0271
E,2444355917314,104.0493
N,2444451874614,95.9573
L,2444555907914,104.0333
A,2444651908014,96.0001
N,2444755896314,103.9883
D,2444851904614,96.0083
F,2444955916014,104.0114
H,2445059898514,103.9825
B,2445156473614,96.5751
U,2445259902714,103.4291
R,2445355845514,95.9428
G,2445459867514,104.022
E,2445555714414,95.8469
N,2445651910314,96.1959
L,2445755942314,104.032
A,2445851878014,95.9357
N,2445955883514,104.0055
D,2446059906914,104.0234
F,2446155854914,95.948
H,2446251933114,96.0782
B,2446356731614,104.7985
U,2446451890914,95.1593
R,2446555682914,103.792
G,2446651987114,96.3042
E,2446755718314,103.7312
N,2446851879814,96.1615
L,2446955714814,103.835
A,2447051921714,96.2069
N,2447155912914,103.9912
D,2447259925014,104.0121
F,2447355789214,95.8642
H,2447459908714,104.1195
B,2447556493314,96.5846
U,2447659953414,103.4601
R,2447755832514,95.8791
G,2447859906814,104.0743
E,2447955816014,95.9092
N,2448051945314,96.1293
L,2448155968214,104.0229
A,2448251940214,95.972
N,2448356070114,104.1299
D,2448459926014,103.8559
F,2448556087314,96.1613
H,2448651940714,95.8534
B,2448756981514,105.0408
U,2448851914414,94.9329
R,2448956015814,104.1014
G,2449051956814,95.941
E,2449155981114,104.0243
N,2449251944914,95.9638
L,2449355918514,103.9736
A,2449460054714,104.1362
N,2449555911014,95.8563
D,2449659969314,104.0583
F,2449755970814,96.0015
H,2449859954014,103.9832
B,2449956697714,96.7437
U,2450059927614,103.2299
R,2450155952114,96.0245
G,2450259924914,103.9728
E,2450355938514,96.0136
N,2450452988214,97.0497
L,2450555942414,102.9542
A,2450651953514,96.0111
N,2450755972914,104.0194
D,2450859929214,103.9563
F,2450955696314,95.7671
H,2451051910514,96.2142
B,2451155726114,103.8156
U,2451251740214,96.0141
R,2451355931114,104.1909
G,2451451961614,96.0305
E,2451555947014,103.9854
N,2451659861414,103.9144
L,2451755972414,96.111
A,2451859979314,104.0069
N,2451956023914,96.0446
D,2452059932014,103.9081
F,2452155722014,95.79
H,2452259943314,104.2213
B,2452356993014,97.0497
U,2452451976014,94.983
R,2452555960014,103.984
G,2452651975214,96.0152
E,2452755995414,104.0202
N,2452851957314,95.9619
L,2452955965314,104.008
A,2453052052514,96.0872
N,2453156024314,103.9718
D,2453251969414,95.9451
F,2453355930514,103.9611
H,2453451966914,96.0364
B,2453555943614,103.9767
U,2453651712814,95.7692
R,2453756034114,104.3213
G,2453852004014,95.9699
E,2453955985414,103.9814
N,2454059988714,104.0033
L,2454156045614,96.0569
A,2454260018114,103.9725
N,2454356053814,96.0357
D,2454459747214,103.6934
F,2454555977114,96.2299
H,2454660100314,104.1232
B,2454757017014,96.9167
U,2454851976814,94.9598
R,2454955951514,103.9747
G,2455051953014,96.0015
E,2455155993314,104.0403
N,2455252826514,96.8332
L,2455355976514,103.15
A,2455451985214,96.0087
N,2455555974114,103.9889
D,2455651987714,96.0136
F,2455755970714,103.983
H,2455851983214,96.0125
B,2455955752614,103.7694
U,2456051991014,96.2384
R,2456155720614,103.7296
G,2456260003714,104.2831
E,2456356022014,96.0183
N,2456460563314,104.5413
L,2456556033614,95.4703
A,2456651974214,95.9406
N,2456755814914,103.8407
D,2456860019814,104.2049
F,2456955776814,95.757
H,2457052039414,96.2626
B,2457155792614,103.7532
U,2457252116514,96.3239
R,2457356071014,103.9545
G,2457451825914,95.7549
E,2457556888114,105.0622
N,2457651957314,95.0692
L,2457756033014,104.0757
A,2457851975314,95.9423
N,2457956007714,104.0324
D,2458052002714,95.995
F,2458156007914,104.0052
H,2458252009614,96.0017
B,2458356017714,104.0081
U,2458460020414,104.0027
R,2458556018514,95.9981
G,2458660012914,103.9944
E,2458756118314,96.1054
N,2458860012414,103.8941
L,2458955832814,95.8204
A,2459051993614,96.1608
N,2459155979114,103.9855
D,2459260002814,104.0237
F,2459356003514,96.0007
H,2459451740814,95.7373
B,2459556018014,104.2772
U,2459652029514,96.0115
R,2459756053614,104.0241
G,2459852012114,95.9585
E,2459956030514,104.0184
N,2460052014214,95.9837
L,2460155964514,103.9503
A,2460252054414,96.0899
N,2460355974014,103.9196
D,2460452019414,96.0454
F,2460555989914,103.9705
H,2460660054414,104.0645
B,2460756030914,95.9765
U,2460860106614,104.0757
R,2460956040314,95.9337
G,2461060016214,103.9759
E,2461155995014,95.9788
N,2461260024714,104.0297
L,2461356041314,96.0166
A,2461452045714,96.0044
N,2461556032614,103.9869
D,2461660046114,104.0135
F,2461756013414,95.9673
H,2461852025314,96.0119
B,2461956959214,104.9339
U,2462051852614,94.8934
R,2462156092214,104.2396
G,2462252032814,95.9406
E,2462356145014,104.1122
N,2462460108914,103.9639
L,2462556134714,96.0258
A,2462652054614,95.9199
N,2462756059514,104.0049
D,2462859981614,103.9221
F,2462956054814,96.0732
H,2463060031514,103.9767
B,2463156056314,96.0248
U,2463260094714,104.0384
R,2463355826814,95.7321
G,2463460048514,104.2217
E,2463556053414,96.0049
N,2463651830614,95.7772
L,2463756054414,104.2238
A,2463852051914,95.9975
N,2463956018714,103.9668
D,2464059998614,103.9799
F,2464156081414,96.0828
H,2464252058314,95.9769
B,2464357029714,104.9714
U,2464452016314,94.9866
R,2464556035814,104.0195
G,2464652029914,95.9941
E,2464756071714,104.0418
N,2464852034914,95.9632
L,2464956110714,104.0758
A,2465051812114,95.7014
N,2465156023714,104.2116
D,2465260090414,104.0667
F,2465356177114,96.0867
H,2465460098514,103.9214
B,2465556107814,96.0093
U,2465660027114,103.9193
R,2465756125514,96.0984
G,2465860092414,103.9669
E,2465955812514,95.7201
N,2466052712714,96.9002
L,2466155756714,103.044
A,2466251900714,96.144
N,2466356034214,104.1335
D,2466460136214,104.102
F,2466556114914,95.9787
H,2466652038314,95.9234
B,2466756761314,104.723
U,2466852140314,95.379
R,2466956081714,103.9414
G,2467052229714,96.148
E,2467156008914,103.7792
N,2467252101114,96.0922
L,2467356035514,103.9344
A,2467460063414,104.0279
N,2467556084314,96.0209
D,2467660108314,104.024
F,2467756121714,96.0134
H,2467860078014,103.9563
B,2467956797414,96.7194
U,2468060165114,103.3677
R,2468155996114,95.831
G,2468260041014,104.0449
E,2468356073614,96.0326
N,2468453133414,97.0598
L,2468556140614,103.0072
A,2468652058114,95.9175
N,2468755934114,103.876
D,2468860075214,104.1411
F,2468956072114,95.9969
H,2469052107514,96.0354
B,2469156032114,103.9246
U,2469252130014,96.0979
R,2469356094614,103.9646
G,2469452114014,96.0194
E,2469556074814,103.9608
N,2469660087214,104.0124
L,2469756266514,96.1793
A,2469860138514,103.872
N,2469956070014,95.9315
D,2470060067914,103.9979
F,2470156063714,95.9958
H,2470260113914,104.0502
B,2470364100714,103.9868
U,2470452134814,88.0341
R,2470556099814,103.965
G,2470652141014,96.0412
E,2470755895314,103.7543
N,2470853032214,97.1369
L,2470955880214,102.848
A,2471052166414,96.2862
N,2471155922614,103.7562
D,2471252063314,96.1407
F,2471355870014,103.8067
H,2471452066614,96.1966
B,2471555938114,103.8715
U,2471652096214,96.1581
R,2471755995814,103.8996
G,2471860127214,104.1314
E,2471955940414,95.8132
N,2472060116914,104.1765
L,2472156019014,95.9021
A,2472260104414,104.0854
N,2472356097014,95.9926
D,2472460148414,104.0514
F,2472556149214,96.0008
H,2472660119714,103.9705
B,2472757026214,96.9065
U,2472852161914,95.1357
R,2472956249714,104.0878
G,2473052074714,95.825
E,2473156155414,104.0807
N,2473253174414,97.019
L,2473356195914,103.0215
A,2473452107814,95.9119
N,2473556127914,104.0201
D,2473652158314,96.0304
F,2473756141714,103.9834
H,2473852115014,95.9733
B,2473956789214,104.6742
U,2474060154114,103.3649
R,2474156070814,95.9167
G,2474260148014,104.0772
E,2474356158714,96.0107
N,2474461153214,104.9945
L,2474556213114,95.0599
A,2474660172514,103.9594
N,2474756163014,95.9905
D,2474860162114,103.9991
F,2474956135214,95.9731
H,2475052163814,96.0286
B,2475156991014,104.8272
U,2475252179414,95.1884
R,2475356121414,103.942
G,2475452131614,96.0102
E,2475556128314,103.9967
N,2475653200414,97.0721
L,2475756167414,102.967
A,2475852161914,95.9945
N,2475956166014,104.0041
D,2476052169814,96.0038
F,2476156127614,103.9578
H,2476260117614,103.99
B,2476356126914,96.0093
U,2476460140014,104.0131
R,2476556140914,96.0009
G,2476660128314,103.9874
E,2476756141314,96.013
N,2476859915114,103.7738
L,2476956109314,96.1942
A,2477052185814,96.0765
N,2477156142114,103.9563
D,2477259929914,103.7878
F,2477356186414,96.2565
H,2477451906514,95.7201
B,2477556190514,104.284
U,2477652190114,95.9996
R,2477756158414,103.9683
G,2477852175414,96.017
E,2477956171614,103.9962
N,2478053218714,97.0471
L,2478155906814,102.6881
A,2478252134714,96.2279
N,2478356164914,104.0302
D,2478452052514,95.8876
F,2478556399514,104.347
H,2478660284214,103.8847
B,2478757154914,96.8707
U,2478860229614,103.0747
R,2478956173214,95.9436
G,2479060185014,104.0118
E,2479156193514,96.0085
N,2479261430214,105.2367
L,2479356203114,94.7729
A,2479452209514,96.0064
N,2479556252414,104.0429
D,2479660163914,103.9115
F,2479756198714,96.0348
H,2479852214414,96.0157
B,2479956169214,103.9548
U,2480052199314,96.0301
R,2480156185414,103.9861
G,2480252192814,96.0074
E,2480356073914,103.8811
N,2480452194614,96.1207
L,2480556181114,103.9865
A,2480652201214,96.0201
N,2480756218514,104.0173
D,2480860218514,104.0
F,2480956209814,95.9913
H,2481060172914,103.9631
B,2481155995414,95.8225
U,2481260133014,104.1376
R,2481356180814,96.0478
G,2481460193414,104.0126
E,2481556204114,96.0107
N,2481661211314,105.0072
L,2481756198014,94.9867
A,2481852210114,96.0121
N,2481956233714,104.0236
D,2482060221714,103.988
F,2482156136614,95.9149
H,2482252206814,96.0702
B,2482356872114,104.6653
U,2482452231814,95.3597
R,2482556800214,104.5684
G,2482652206614,95.4064
E,2482756203514,103.9969
N,2482852964614,96.7611
L,2482956256514,103.2919
A,2483052248614,95.9921
N,2483156279414,104.0308
D,2483260228614,103.9492
F,2483356226614,95.998
H,2483460199714,103.9731
B,2483556183014,95.9833
U,2483660180614,103.9976
R,2483756261714,96.0811
G,2483860258414,103.9967
E,2483956242914,95.9845
N,2484060226014,103.9831
L,2484156218514,95.9925
A,2484252223414,96.0049
N,2484356270914,104.0475
D,2484460203214,103.9323
F,2484556207314,96.0041
H,2484652256414,96.0491
B,2484756225914,103.9695
U,2484852225814,95.9999
R,2484956214314,103.9885
G,2485052194214,95.9799
E,2485156195514,104.0013
N,2485252243414,96.0479
L,2485356257114,104.0137
A,2485460189314,103.9322
N,2485556221914,96.0326
D,2485660231514,104.0096
F,2485756246314,96.0148
H,2485860247514,104.0012
B,2485957239814,96.9923
U,2486060217714,102.9779
R,2486156212214,95.9945
G,2486260209014,103.9968
E,2486364203314,103.9943
N,2486452834214,88.6309
L,2486556312114,103.4779
A,2486652243514,95.9314
N,2486756203714,103.9602
D,2486860251114,104.0474
F,2486956240414,95.9893
H,2487052271714,96.0313
B,2487156010814,103.7391
U,2487252230914,96.2201
R,2487356253414,104.0225
G,2487452036414,95.783
E,2487556309614,104.2732
N,2487660309614,104.0
L,2487756221014,95.9114
A,2487860230014,104.009
N,2487956306114,96.0761
D,2488060229114,103.923
F,2488156335114,96.106
H,2488260324114,103.989
B,2488364275714,103.9516
U,2488460281114,96.0054
R,2488557151514,96.8704
G,2488660264614,103.1131
E,2488756846514,96.5819
N,2488852298814,95.4523
L,2488956296114,103.9973
A,2489052253614,95.9575
N,2489156261914,104.0083
D,2489260270614,104.0087
F,2489356288214,96.0176
H,2489451970414,95.6822
B,2489556278514,104.3081
U,2489652055614,95.7771
R,2489756277614,104.222
G,2489860268914,103.9913
E,2489956047614,95.7787
N,2490061160814,105.1132
L,2490156264014,95.1032
A,2490260304414,104.0404
N,2490356229514,95.9251
D,2490460229914,104.0004
F,2490556237714,96.0078
H,2490660285314,104.0476
B,2490772301214,112.0159
U,2490852280414,79.9792
R,2490956271014,103.9906
G,2491052463114,96.1921
E,2491156988414,104.5253
N,2491252463714,95.4753
L,2491356243814,103.7801
A,2491452473314,96.2295
N,2491556310814,103.8375
D,2491652098414,95.7876
F,2491756255314,104.1569
H,2491852303814,96.0485
B,2491957129514,104.8257
U,2492060343914,103.2144
R,2492156380514,96.0366
G,2492260327514,103.947
E,2492356304114,95.9766
N,2492460295814,103.9917
L,2492556348514,96.0527
A,2492652047414,95.6989
N,2492756145414,104.098
D,2492860306614,104.1612
F,2492956400214,96.0936
H,2493052307414,95.9072
B,2493157272614,104.9652
U,2493252272414,94.9998
R,2493356310714,104.0383
G,2493452299514,95.9888
E,2493556281614,103.9821
N,2493652282214,96.0006
L,2493756274514,103.9923
A,2493852365814,96.0913
N,2493956269714,103.9039
D,2494052287414,96.0177
F,2494156278014,103.9906
H,2494260336614,104.0586
B,2494357019114,96.6825
U,2494460284214,103.2651
R,2494556250614,95.9664
G,2494660268914,104.0183
E,2494756340414,96.0715
N,2494861272014,104.9316
L,2494956204714,94.9327
A,2495052293514,96.0888
N,2495156313514,104.02
D,2495260304814,103.9913
F,2495356137814,95.833
H,2495452322714,96.1849
B,2495556846414,104.5237
U,2495652333914,95.4875
R,2495756080614,103.7467
G,2495852068214,95.9876
E,2495956083114,104.0149
N,2496053261014,97.1779
L,2496156129914,102.8689
A,2496251972614,95.8427
N,2496356039314,104.0667
D,2496460309014,104.2697
F,2496556327014,96.018
H,2496660074614,103.7476
B,2496764341014,104.2664
U,2496860311914,95.9709
R,2496956521014,96.2091
G,2497060323414,103.8024
E,2497157305114,96.9817
N,2497260355514,103.0504
L,2497356387414,96.0319
A,2497452345314,95.9579
N,2497556338514,103.9932
D,2497660134314,103.7958
F,2497756428814,96.2945
H,2497852385114,95.9563
B,2497957360914,104.9758
U,2498052373514,95.0126
R,2498156146114,103.7726
G,2498252351214,96.2051
E,2498356292614,103.9414
N,2498460305114,104.0125
L,2498556433114,96.128
A,2498660346214,103.9131
N,2498756309214,95.963
D,2498860366914,104.0577
F,2498956323614,95.9567
H,2499060376314,104.0527
B,2499164299714,103.9234
U,2499260416914,96.1172
R,2499356365414,95.9485
G,2499460349914,103.9845
E,2499557112514,96.7626
N,2499652364014,95.2515
L,2499756354914,103.9909
A,2499852363614,96.0087
N,2499956410814,104.0472
D,2500060134914,103.7241
F,2500156367714,96.2328
H,2500252392014,96.0243
B,2500356166414,103.7744
U,2500452358614,96.1922
R,2500556358014,103.9994
G,2500660408714,104.0507
E,2500756357014,95.9483
N,2500860265814,103.9088
L,2500956368714,96.1029
A,2501060136314,103.7676
N,2501156360014,96.2237
D,2501260103414,103.7434
F,2501356370214,96.2668
H,2501460116014,103.7458
B,2501557092414,96.9764
U,2501652351114,95.2587
R,2501756379314,104.0282
G,2501852377814,95.9985
E,2501957625614,105.2478
N,2502052373914,94.7483
L,2502156347414,103.9735
A,2502252381114,96.0337
N,2502356377214,103.9961
D,2502452457414,96.0802
F,2502556370114,103.9127
H,2502660235214,103.8651
B,2502757360314,97.1251
U,2502860547614,103.1873
R,2502956358414,95.8108
G,2503060524114,104.1657
E,2503156235414,95.7113
N,2503261517214,105.2818
L,2503356387914,94.8707
A,2503452121014,95.7331
N,2503556369214,104.2482
D,2503660414614,104.0454
F,2503756390214,95.9756
H,2503852395814,96.0056
B,2503956413714,104.0179
U,2504052456514,96.0428
R,2504156349114,103.8926
G,2504252427814,96.0787
E,2504357364114,104.9363
N,2504452408714,95.0446
L,2504556431714,104.023
A,2504652380914,95.9492
N,2504756465814,104.0849
D,2504860422114,103.9563
F,2504956428214,96.0061
H,2505060399414,103.9712
B,2505157257814,96.8584
U,2505260404214,103.1464
R,2505356375214,95.971
G,2505460381914,104.0067
E,2505556420814,96.0389
N,2505661447714,105.0269
L,2505756397314,94.9496
A,2505852388214,95.9909
N,2505956360614,103.9724
D,2506060412014,104.0514
F,2506156399614,95.9876
H,2506252390514,95.9909
B,2506356373414,103.9829
U,2506452418714,96.0453
R,2506556419714,104.001
G,2506652454214,96.0345
E,2506756371514,103.9173
N,2506860430414,104.0589
L,2506956408614,95.9782
A,2507060451914,104.0433
N,2507156440714,95.9888
D,2507260433214,103.9925
F,2507356148614,95.7154
H,2507460413614,104.265
B,2507557370414,96.9568
U,2507660417214,103.0468
R,2507756425814,96.0086
G,2507860407114,103.9813
E,2507956423714,96.0166
N,2508052397014,95.9733
L,2508156423014,104.026
A,2508252403914,95.9809
N,2508356445014,104.0411
D,2508460450314,104.0053
F,2508556407314,95.957
H,2508652468114,96.0608
B,2508757325714,104.8576
U,2508852225414,94.8997
R,2508956499114,104.2737
G,2509060427014,103.9279
E,2509156508614,96.0816
N,2509260509814,104.0012
L,2509356457014,95.9472
A,2509460388114,103.9311
N,2509556461014,96.0729
D,2509660591614,104.1306
F,2509756435114,95.8435
H,2509860463414,104.0283
B,2509957176114,96.7127
U,2510052443814,95.2677
R,2510156367714,103.9239
G,2510252428514,96.0608
E,2510356437914,104.0094
N,2510453188214,96.7503
L,2510556437814,103.2496
A,2510652427514,95.9897
N,2510756460614,104.0331
D,2510852398314,95.9377
F,2510956418314,104.02
H,2511060402114,103.9838
B,2511156708814,96.3067
U,2511260425414,103.7166
R,2511357216514,96.7911
G,2511460451114,103.2346
E,2511556479214,96.0281
N,2511660455714,103.9765
L,2511756489514,96.0338
A,2511852502814,96.0133
N,2511956449614,103.9468
D,2512060439314,103.9897
F,2512156431014,95.9917
H,2512252272414,95.8414
B,2512356421314,104.1489
U,2512452488914,96.0676
R,2512556443614,103.9547
G,2512652482714,96.0391
E,2512756459214,103.9765
N,2512853008414,96.5492
L,2512956406214,103.3978
A,2513052520514,96.1143
N,2513156471714,103.9512
D,2513260499914,104.0282
F,2513356498914,95.999
H,2513460468814,103.9699
B,2513556444414,95.9756
U,2513660485114,104.0407
R,2513756518014,96.0329
G,2513860464914,103.9469
E,2513956280914,95.816
N,2514060153914,103.873
L,2514156450714,96.2968
A,2514252290714,95.84
N,2514356519614,104.2289
D,2514460485014,103.9654
F,2514556520214,96.0352
H,2514652263714,95.7435
B,2514756469514,104.2058
U,2514852246514,95.777
R,2514956509514,104.263
G,2515052554214,96.0447
E,2515156491614,103.9374
N,2515260524214,104.0326
L,2515356489414,95.9652
A,2515460492414,104.003
N,2515556225014,95.7326
D,2515660501114,104.2761
F,2515756517614,96.0165
H,2515860511014,103.9934
B,2515956495314,95.9843
U,2516060445114,103.9498
R,2516156527114,96.082
G,2516260464914,103.9378
E,2516356487014,96.0221
N,2516452504514,96.0175
L,2516556463914,103.9594
A,2516652474814,96.0109
N,2516756452214,103.9774
D,2516860286614,103.8344
F,2516956512914,96.2263
H,2517052562114,96.0492
B,2517157358614,104.7965
U,2517260542614,103.184
R,2517356301114,95.7585
G,2517460519114,104.218
E,2517556517014,95.9979
N,2517661545814,105.0288
L,2517756582914,95.0371
A,2517860462614,103.8797
N,2517956505014,96.0424
D,2518060376814,103.8718
F,2518156444914,96.0681
H,2518260466414,104.0215
B,2518364490514,104.0241
U,2518452526714,88.0362
R,2518556540314,104.0136
G,2518652493314,95.953
E,2518756533414,104.0401
N,2518852359814,95.8264
L,2518956510414,104.1506
A,2519052279514,95.7691
N,2519156518314,104.2388
D,2519260559414,104.0411
F,2519356320014,95.7606
H,2519460534414,104.2144
B,2519556321114,95.7867
U,2519660505314,104.1842
R,2519756239514,95.7342
G,2519860522614,104.2831
E,2519956398414,95.8758
N,2520061415614,105.0172
L,2520156195614,94.78
A,2520252507314,96.3117
N,2520356303914,103.7966
D,2520460512214,104.2083
F,2520556263714,95.7515
H,2520652548614,96.2849
B,2520757436314,104.8877
U,2520852540014,95.1037
R,2520956490814,103.9508
G,2521052523314,96.0325
E,2521156629614,104.1063
N,2521260486914,103.8573
L,2521356589114,96.1022
A,2521460513414,103.9243
N,2521556424014,95.9106
D,2521660517214,104.0932
F,2521756680714,96.1635
H,2521860565914,103.8852
B,2521964537414,103.9715
U,2522060519114,95.9817
R,2522156554014,96.0349
G,2522260557414,104.0034
E,2522356529814,95.9724
N,2522453507714,96.9779
L,2522556563014,103.0553
A,2522652539314,95.9763
N,2522756529514,103.9902
D,2522860554214,104.0247
F,2522956559014,96.0048
H,2523052547514,95.9885
B,2523157480714,104.9332
U,2523260467814,102.9871
R,2523356526514,96.0587
G,2523460539714,104.0132
E,2523556557214,96.0175
N,2523660325914,103.7687
L,2523756550614,96.2247
A,2523860521214,103.9706
N,2523956327314,95.8061
D,2524060532014,104.2047
F,2524156274114,95.7421
H,2524260539314,104.2652
B,2524357550314,97.011
U,2524452531814,94.9815
R,2524556555714,104.0239
G,2524652570614,96.0149
E,2524756557514,103.9869
N,2524853582914,97.0254
L,2524956628414,103.0455
A,2525052558714,95.9303
N,2525156284914,103.7262
D,2525252563514,96.2786
F,2525356562514,103.999
H,2525460331614,103.7691
B,2525556488114,96.1565
U,2525660312214,103.8241
R,2525756386014,96.0738
G,2525860334714,103.9487
E,2525956575514,96.2408
N,2526061204814,104.6293
L,2526156299114,95.0943
A,2526252375414,96.0763
N,2526356599114,104.2237
D,2526460352314,103.7532
F,2526556563514,96.2112
H,2526652518214,95.9547
B,2526756599714,104.0815
U,2526852583314,95.9836
R,2526956564114,103.9808
G,2527052601614,96.0375
E,2527156423314,103.8217
N,2527260770014,104.3467
L,2527356559514,95.7895
A,2527452635414,96.0759
N,2527556613414,103.978
D,2527660670414,104.057
F,2527756572714,95.9023
H,2527860594514,104.0218
B,2527956574814,95.9803
U,2528060593714,104.0189
R,2528156649014,96.0553
G,2528260573914,103.9249
E,2528356650514,96.0766
N,2528460619414,103.9689
L,2528556563714,95.9443
A,2528652562014,95.9983
N,2528756401014,103.839
D,2528860621114,104.2201
F,2528956618714,95.9976
H,2529052601914,95.9832
B,2529156597214,103.9953
U,2529252309714,95.7125
R,2529356647214,104.3375
G,2529452634314,95.9871
E,2529556586214,103.9519
N,2529652597114,96.0109
L,2529756582614,103.9855
A,2529852629914,96.0473
N,2529956564814,103.9349
D,2530060601014,104.0362
F,2530156584514,95.9835
H,2530260607114,104.0226
B,2530357633114,97.026
U,2530460648714,103.0156
R,2530556633214,95.9845
G,2530660591414,103.9582
E,2530757206814,96.6154
N,2530861197614,103.9908
L,2530956619614,95.422
A,2531052603114,95.9835
N,2531156596114,103.993
D,2531260570114,103.974
F,2531356378014,95.8079
H,2531452588514,96.2105
B,2531556589314,104.0008
U,2531652611214,96.0219
R,2531756632314,104.0211
G,2531852386314,95.754
E,2531956623214,104.2369
N,2532052671614,96.0484
L,2532156723714,104.0521
A,2532260641314,103.9176
N,2532356648914,96.0076
D,2532460642014,103.9931
F,2532556604814,95.9628
H,2532660410314,103.8055
B,2532757455114,97.0448
U,2532860645414,103.1903
R,2532956733014,96.0876
G,2533060657514,103.9245
E,2533157550914,96.8934
N,2533261588914,104.038
L,2533356696214,95.1073
A,2533452359714,95.6635
N,2533556658914,104.2992
D,2533660644714,103.9858
F,2533756665614,96.0209
H,2533852688414,96.0228
B,2533957480914,104.7925
U,2534052395714,94.9148
R,2534156667614,104.2719
G,2534252636414,95.9688
E,2534356686014,104.0496
N,2534461456814,104.7708
L,2534556708514,95.2517
A,2534660653514,103.945
N,2534756638914,95.9854
D,2534860632814,103.9939
F,2534956655314,96.0225
H,2535060640914,103.9856
B,2535157626514,96.9856
U,2535260378414,102.7519
R,2535356687014,96.3086
G,2535460677214,103.9902
E,2535557364314,96.6871
N,2535652649514,95.2852
L,2535756419114,103.7696
A,2535852640114,96.221
N,2535956659414,104.0193
D,2536060652914,103.9935
F,2536156672914,96.02
H,2536252609714,95.9368
B,2536356653914,104.0442
U,2536460712814,104.0589
R,2536556710614,95.9978
G,2536660663614,103.953
E,2536757378614,96.715
N,2536860678214,103.2996
L,2536956627814,95.9496
A,2537060687014,104.0592
N,2537156651014,95.964
D,2537260720814,104.0698
F,2537356659514,95.9387
H,2537460681014,104.0215
B,2537557513714,96.8327
U,2537652588914,95.0752
R,2537756713414,104.1245
G,2537852429214,95.7158
E,2537956662114,104.2329
N,2538052429714,95.7676
L,2538156648114,104.2184
A,2538252451914,95.8038
N,2538356455414,104.0035
D,2538452458314,96.0029
F,2538556697414,104.2391
H,2538660716814,104.0194
B,2538757594714,96.8779
U,2538860691914,103.0972
R,2538956705314,96.0134
G,2539060704914,103.9996
E,2539156659614,95.9547
N,2539261425314,104.7657
L,2539356666014,95.2407
A,2539460657614,103.9916
N,2539556711414,96.0538
D,2539660413314,103.7019
F,2539756638214,96.2249
H,2539860705014,104.0668
B,2539957501714,96.7967
U,2540052799414,95.2977
R,2540156720114,103.9207
G,2540252828414,96.1083
E,2540357595714,104.7673
N,2540453390214,95.7945
L,2540556723614,103.3334
A,2540652704914,95.9813
N,2540756675314,103.9704
D,2540852684414,96.0091
F,2540956691414,104.007
H,2541060681614,103.9902
B,2541157235114,96.5535
U,2541260657114,103.422
R,2541356636914,95.9798
G,2541460702914,104.066
E,2541556756614,96.0537
N,2541660706314,103.9497
L,2541756697314,95.991
A,2541852720514,96.0232
N,2541956684214,103.9637
D,2542060726414,104.0422
F,2542156661814,95.9354
H,2542252681314,96.0195
B,2542356707314,104.026
U,2542452724414,96.0171
R,2542556725914,104.0015
G,2542652719414,95.9935
E,2542765742014,113.0226
N,2542860726714,94.9847
L,2542956730214,96.0035
A,2543052474814,95.7446
N,2543156687414,104.2126
D,2543260711214,104.0238
F,2543356759614,96.0484
H,2543460742914,103.9833
B,2543557384614,96.6417
U,2543660701914,103.3173
R,2543757305814,96.6039
G,2543860624814,103.319
E,2543956428614,95.8038
N,2544060719614,104.291
L,2544156483214,95.7636
A,2544252704614,96.2214
N,2544356492814,103.7882
D,2544460716414,104.2236
F,2544556485914,95.7695
H,2544652598514,96.1126
B,2544757409414,104.8109
U,2544852710514,95.3011
R,2544956559414,103.8489
G,2545052715814,96.1564
E,2545165498814,112.783
N,2545252699414,87.2006
L,2545356843414,104.144
A,2545460788014,103.9446
N,2545556587214,95.7992
D,2545660789814,104.2026
F,2545756798314,96.0085
H,2545860753814,103.9555
B,2545957791914,97.0381
U,2546060772914,102.981
R,2546157369814,96.5969
G,2546260724314,103.3545
E,2546356718614,95.9943
N,2546460627514,103.9089
L,2546556789114,96.1616
A,2546652770314,95.9812
N,2546756722014,103.9517
D,2546860735814,104.0138
F,2546956735214,95.9994
H,2547052746914,96.0117
B,2547156747914,104.001
U,2547252735114,95.9872
R,2547356771114,104.036
G,2547452753414,95.9823
E,2547556763714,104.0103
N,2547652804414,96.0407
L,2547756779114,103.9747
A,2547860704414,103.9253
N,2547956783814,96.0794
D,2548060780314,103.9965
F,2548156761814,95.9815
H,2548260732414,103.9706
B,2548357353214,96.6208
U,2548460565314,103.2121
R,2548556772514,96.2072
G,2548660762114,103.9896
E,2548756766314,96.0042
N,2548860742314,103.976
L,2548956726914,95.9846
A,2549052734214,96.0073
N,2549156739114,104.0049
D,2549260554614,103.8155
F,2549356794714,96.2401
H,2549452756014,95.9613
B,2549557813014,105.057
U,2549652789914,94.9769
R,2549756830314,104.0404
G,2549852775014,95.9447
E,2549956769214,103.9942
N,2550061394214,104.625
L,2550156762614,95.3684
A,2550260630414,103.8678
N,2550356795514,96.1651
D,2550460583014,103.7875
F,2550557805214,97.2222
H,2550660511914,102.7067
B,2550757637614,97.1257
U,2550860782914,103.1453
R,2550956799414,96.0165
G,2551060887514,104.0881
E,2551156769114,95.8816
N,2551252780514,96.0114
L,2551356824014,104.0435
A,2551452756414,95.9324
N,2551556579014,103.8226
D,2551660928514,104.3495
F,2551756796414,95.8679
H,2551852805214,96.0088
B,2551957743214,104.938
U,2552052832014,95.0888
R,2552156807414,103.9754
G,2552260799614,103.9922
E,2552357727214,96.9276
N,2552460782114,103.0549
L,2552556781714,95.9996
A,2552660823614,104.0419
N,2552756843714,96.0201
D,2552860815214,103.9715
F,2552956801414,95.9862
H,2553060759714,103.9583
B,2553157728614,96.9689
U,2553260811614,103.083
R,2553356773114,95.9615
G,2553460804014,104.0309
E,2553564554814,103.7508
N,2553653839314,89.2845
L,2553756880814,103.0415
A,2553852804814,95.924
N,2553956861814,104.057
D,2554060787514,103.9257
F,2554156838414,96.0509
H,2554252812314,95.9739
B,2554357617414,104.8051
U,2554460783814,103.1664
R,2554556839214,96.0554
G,2554660799814,103.9606
E,2554757434214,96.6344
N,2554860806314,103.3721
L,2554956833114,96.0268
A,2555060821814,103.9887
N,2555156794614,95.9728
D,2555260793614,103.999
F,2555356830214,96.0366
H,2555460493314,103.6631
B,2555564639014,104.1457
U,2555652845114,88.2061
R,2555756804914,103.9598
G,2555852794214,95.9893
E,2555957820014,105.0258
N,2556052810314,94.9903
L,2556156529414,103.7191
A,2556252875114,96.3457
N,2556356842814,103.9677
D,2556452788714,95.9459
F,2556556795414,104.0067
H,2556660822514,104.0271
B,2556757606414,96.7839
U,2556860899114,103.2927
R,2556956815914,95.9168
G,2557060856214,104.0403
E,2557156583814,95.7276
N,2557260805214,104.2214
L,2557356805914,96.0007
A,2557460841314,104.0354
N,2557556850514,96.0092
D,2557660901014,104.0505
F,2557756833014,95.932
H,2557860859114,104.0261
B,2557957886914,97.0278
U,2558052846214,94.9593
R,2558156849914,104.0037
G,2558252835214,95.9853
E,2558356883614,104.0484
N,2558452853914,95.9703
L,2558556863614,104.0097
A,2558652804914,95.9413
N,2558756575814,103.7709
D,2558852627414,96.0516
F,2558956888114,104.2607
H,2559060836314,103.9482
B,2559156861914,96.0256
U,2559260854614,103.9927
R,2559356933514,96.0789
G,2559460869414,103.9359
E,2559557884314,97.0149
N,2559660854514,102.9702
L,2559756807914,95.9534
A,2559860845714,104.0378
N,2559956848614,96.0029
D,2560060828614,103.98
F,2560156840114,96.0115
H,2560252716014,95.8759
B,2560357620514,104.9045
U,2560452867114,95.2466
R,2560557869714,105.0026
G,2560652845714,94.976
E,2560765918014,113.0723
N,2560852843114,86.9251
L,2560956864514,104.0214
A,2561052888614,96.0241
N,2561156880514,103.9919
D,2561260899814,104.0193
F,2561356951014,96.0512
H,2561460908514,103.9575
B,2561556863014,95.9545
U,2561660928414,104.0654
R,2561756866614,95.9382
G,2561860866414,103.9998
E,2561956839614,95.9732
N,2562061821314,104.9817
L,2562156842414,95.0211
A,2562252583114,95.7407
N,2562356876614,104.2935
D,2562460927214,104.0506
F,2562556893214,95.966
H,2562652623714,95.7305
B,2562756933114,104.3094
U,2562852733114,95.8
R,2562956882714,104.1496
G,2563052754014,95.8713
E,2563164874814,112.1208
N,2563252673414,87.7986
L,2563356979114,104.3057
A,2563460835014,103.8559
N,2563556894014,96.059
D,2563660777014,103.883
F,2563756870014,96.093
H,2563860676314,103.8063
B,2563956773014,96.0967
U,2564060872014,104.099
R,2564156935714,96.0637
G,2564260894314,103.9586
E,2564356913014,96.0187
N,2564461755414,104.8424
L,2564556908814,95.1534
A,2564652905214,95.9964
N,2564756882914,103.9777
D,2564860954914,104.072
F,2564956982914,96.028
H,2565052919414,95.9365
B,2565157382114,104.4627
U,2565252926514,95.5444
R,2565356759914,103.8334
G,2565452899414,96.1395
E,2565556873314,103.9739
N,2565652719614,95.8463
L,2565756945514,104.2259
A,2565860920414,103.9749
N,2565956924714,96.0043
D,2566060894014,103.9693
F,2566156859914,95.9659
H,2566260922514,104.0626
B,2566357875314,96.9528
U,2566460759614,102.8843
R,2566556926214,96.1666
G,2566660945614,104.0194
E,2566756854514,95.9089
N,2566860871914,104.0174
L,2566956656814,95.7849
A,2567052943314,96.2865
N,2567156908814,103.9655
D,2567260884814,103.976
F,2567356874314,95.9895
H,2567452925114,96.0508
B,2567557521914,104.5968
U,2567652961514,95.4396
R,2567756743614,103.7821
G,2567852939014,96.1954
E,2567956661214,103.7222
N,2568060965914,104.3047
L,2568156885314,95.9194
A,2568260907014,104.0217
N,2568356729714,95.8227
D,2568460930614,104.2009
F,2568556800914,95.8703
H,2568660938414,104.1375
B,2568757784714,96.8463
U,2568861000214,103.2155
R,2568956823714,95.8235
G,2569060925314,104.1016
E,2569157744114,96.8188
N,2569261717914,103.9738
L,2569356873714,95.1558
A,2569452892814,96.0191
N,2569556769214,103.8764
D,2569660932614,104.1634
F,2569757109214,96.1766
H,2569852968614,95.8594
B,2569957866414,104.8978
U,2570052904614,95.0382
R,2570157068314,104.1637
G,2570260940314,103.872
E,2570357093214,96.1529
N,2570460950014,103.8568
L,2570556684914,95.7349
A,2570660884514,104.1996
N,2570756955614,96.0711
D,2570860996914,104.0413
F,2570956971814,95.9749
H,2571060979314,104.0075
B,2571156788614,95.8093
U,2571260965814,104.1772
R,2571358051414,97.0856
G,2571460944414,102.893
E,2571558030214,97.0858
N,2571652999014,94.9688
L,2571756944914,103.9459
A,2571852963514,96.0186
N,2571956951414,103.9879
D,2572060940814,103.9894
F,2572156992614,96.0518
H,2572252926114,95.9335
B,2572357970914,105.0448
U,2572460931814,102.9609
R,2572557020814,96.089
G,2572660939514,103.9187
E,2572756972814,96.0333
N,2572861887814,104.915
L,2572957009114,95.1213
A,2573060940714,103.9316
N,2573156951614,96.0109
D,2573260971714,104.0201
F,2573356961014,95.9893
H,2573460763614,103.8026
B,2573564970314,104.2067
U,2573660856414,95.8861
R,2573757813414,96.957
G,2573852975114,95.1617
E,2573957000114,104.025
N,2574052970914,95.9708
L,2574156989414,104.0185
A,2574252958614,95.9692
N,2574356955214,103.9966
D,2574452975214,96.02
F,2574556920414,103.9452
H,2574660771514,103.8511
B,2574757825914,97.0544
U,2574860668814,102.8429
R,2574956943314,96.2745
G,2575060813414,103.8701
E,2575156952714,96.1393
N,2575260931514,103.9788
L,2575356957614,96.0261
A,2575461132514,104.1749
N,2575556976614,95.8441
D,2575661274514,104.2979
F,2575756973214,95.6987
H,2575861089914,104.1167
B,2575965002314,103.9124
U,2576052969314,87.967
R,2576157006314,104.037
G,2576252998814,95.9925
E,2576358061514,105.0627
N,2576452961514,94.9
L,2576557002214,104.0407
A,2576653002014,95.9998
N,2576756990214,103.9882
D,2576861037914,104.0477
F,2576957017214,95.9793
H,2577060998414,103.9812
B,2577157979114,96.9807
U,2577261013314,103.0342
R,2577356978214,95.9649
G,2577461045314,104.0671
E,2577556992714,95.9474
N,2577660987714,103.995
L,2577757001614,96.0139
A,2577861022314,104.0207
N,2577957039114,96.0168
D,2578061018414,103.9793
F,2578157067214,96.0488
H,2578261064814,103.9976
B,2578357940714,96.8759
U,2578452969814,95.0291
R,2578557042814,104.073
G,2578653019714,95.9769
E,2578765957214,112.9375
N,2578852801214,86.844
L,2578957032714,104.2315
A,2579052984114,95.9514
N,2579156993714,104.0096
D,2579261071014,104.0773
F,2579357034214,95.9632
H,2579461000014,103.9658
B,2579557752014,96.752
U,2579660715914,102.9639
R,2579757005914,96.29
G,2579861040714,104.0348
E,2579958088814,97.0481
N,2580061021014,102.9322
L,2580156985714,95.9647
A,2580253001214,96.0155
N,2580356990814,103.9896
D,2580460990014,103.9992
F,2580557010914,96.0209
H,2580653042214,96.0313
B,2580757038814,103.9966
U,2580853042114,96.0033
R,2580957034814,103.9927
G,2581053049614,96.0148
E,2581166188614,113.139
N,2581253044214,86.8556
L,2581356987814,103.9436
A,2581461067614,104.0798
N,2581557038814,95.9712
D,2581661051814,104.013
F,2581757010514,95.9587
H,2581861029214,104.0187
B,2581958018414,96.9892
U,2582061091714,103.0733
R,2582156923614,95.8319
G,2582261039314,104.1157
E,2582358086414,97.0471
N,2582461024814,102.9384
L,2582557040414,96.0156
A,2582653029614,95.9892
N,2582756732014,103.7024
D,2582861046514,104.3145
F,2582957058214,96.0117
H,2583053174914,96.1167
B,2583158259614,105.0847
U,2583252850414,94.5908
R,2583357072814,104.2224
G,2583453004914,95.9321
E,2583557062414,104.0575
N,2583661043414,103.981
L,2583757060214,96.0168
A,2583861136514,104.0763
N,2583957037414,95.9009
D,2584061016714,103.9793
F,2584156993714,95.977
H,2584261049514,104.0558
B,2584365091214,104.0417
U,2584461041614,95.9504
R,2584557934214,96.8926
G,2584661068014,103.1338
E,2584757991914,96.9239
N,2584861061714,103.0698
L,2584957138814,96.0771
A,2585053139614,96.0008
N,2585157048014,103.9084
D,2585261097814,104.0498
F,2585357095414,95.9976
H,2585453051714,95.9563
B,2585557059514,104.0078
U,2585661081014,104.0215
R,2585757072214,95.9912
G,2585861189114,104.1169
E,2585957044414,95.8553
N,2586061999214,104.9548
L,2586156710614,94.7114
A,2586261092514,104.3819
N,2586357033214,95.9407
D,2586461051914,104.0187
F,2586557076914,96.025
H,2586661046014,103.9691
B,2586773053514,112.0075
U,2586861049414,87.9959
R,2586957648914,96.5995
G,2587061083514,103.4346
E,2587158120014,97.0365
N,2587252876014,94.756
L,2587357039014,104.163
A,2587452845114,95.8061
N,2587557077814,104.2327
D,2587661079014,104.0012
F,2587757135714,96.0567
H,2587861108214,103.9725
B,2587958008714,96.9005
U,2588061121514,103.1128
R,2588156954414,95.8329
G,2588260815314,103.8609
E,2588357112814,96.2975
N,2588461114014,104.0012
L,2588556829014,95.715
A,2588661083514,104.2545
N,2588757053514,95.97
D,2588861089814,104.0363
F,2588957122314,96.0325
H,2589061106314,103.984
B,2589157763914,96.6576
U,2589253103714,95.3398
R,2589357107814,104.0041
G,2589453111014,96.0032
E,2589558157314,105.0463
N,2589653068514,94.9112
L,2589756862214,103.7937
A,2589853134214,96.272
N,2589957064614,103.9304
D,2590060839314,103.7747
F,2590157078914,96.2396
H,2590261123114,104.0442
B,2590358166714,97.0436
U,2590461107714,102.941
R,2590557758114,96.6504
G,2590661133514,103.3754
E,2590757141314,96.0078
N,2590861149314,104.008
L,2590956916214,95.7669
A,2591061067514,104.1513
N,2591157130814,96.0633
D,2591261115714,103.9849
F,2591357140414,96.0247
H,2591461151014,104.0106
B,2591565083114,103.9321
U,2591653128614,88.0455
R,2591757123514,103.9949
G,2591853135714,96.0122
E,2591965914114,112.7784
N,2592053161114,87.247
L,2592157186414,104.0253
A,2592261123614,103.9372
N,2592356872914,95.7493
D,2592461136514,104.2636
F,2592556864814,95.7283
H,2592661105014,104.2402
B,2592765099914,103.9949
U,2592861122714,96.0228
R,2592965126614,104.0039
G,2593061144314,96.0177
E,2593156878214,95.7339
N,2593261990614,105.1124
L,2593356981814,94.9912
A,2593453164414,96.1826
N,2593556851114,103.6867
D,2593661106314,104.2552
F,2593757096514,95.9902
H,2593853097014,96.0005
B,2593957314214,104.2172
U,2594053119514,95.8053
R,2594157168714,104.0492
G,2594261166414,103.9977
E,2594357166114,95.9997
N,2594461155414,103.9893
L,2594557157614,96.0022
A,2594661144714,103.9871
N,2594757126614,95.9819
D,2594861284414,104.1578
F,2594957138714,95.8543
H,2595061143614,104.0049
B,2595158146114,97.0025
U,2595261152514,103.0064
R,2595357622314,96.4698
G,2595461175714,103.5534
E,2595557185014,96.0093
N,2595661103314,103.9183
L,2595757179614,96.0763
A,2595853165414,95.9858
N,2595957019714,103.8543
D,2596061178814,104.1591
F,2596157143514,95.9647
H,2596253211714,96.0682
B,2596357957414,104.7457
U,2596460922414,102.965
R,2596557107314,96.1849
G,2596661146514,104.0392
E,2596757157714,96.0112
N,2596861119014,103.9613
L,2596957135714,96.0167
A,2597061125814,103.9901
N,2597157150114,96.0243
D,2597261146014,103.9959
F,2597357147614,96.0016
H,2597460929014,103.7814
B,2597558250514,97.3215
U,2597661184414,102.9339
R,2597757184414,96.0
G,2597860956414,103.772
E,2597957191014,96.2346
N,2598053139114,95.9481
L,2598157149214,104.0101
A,2598253173414,96.0242
N,2598357175214,104.0018
D,2598460923314,103.7481
F,2598557227314,96.304
H,2598661053214,103.8259
B,2598757736614,96.6834
U,2598860949714,103.2131
R,2598957198314,96.2486
G,2599060912814,103.7145
E,2599157143614,96.2308
N,2599261719414,104.5758
L,2599357242914,95.5235
A,2599461206014,103.9631
N,2599557214514,96.0085
D,2599661350314,104.1358
F,2599757060214,95.7099
H,2599853220214,96.16
B,2599957213414,103.9932
U,2600053186014,95.9726
R,2600157226614,104.0406
G,2600253214114,95.9875
E,2600366157414,112.9433
N,2600453192914,87.0355
L,2600557212114,104.0192
A,2600661183414,103.9713
N,2600757179714,95.9963
D,2600861219314,104.0396
F,2600957209914,95.9906
H,2601061206214,103.9963
B,2601157577014,96.3708
U,2601261163114,103.5861
R,2601357217614,96.0545
G,2601461192514,103.9749
E,2601557859514,96.667
N,2601662126614,104.2671
L,2601757205914,95.0793
A,2601853226414,96.0205
N,2601957213414,103.987
D,2602061190714,103.9773
F,2602157178014,95.9873
H,2602253173814,95.9958
B,2602358005214,104.8314
U,2602453222314,95.2171
R,2602557182814,103.9605
G,2602653199814,96.017
E,2602757733414,104.5336
N,2602861450214,103.7168
L,2602956902314,95.4521
A,2603061019814,104.1175
N,2603157260614,96.2408
D,2603261199814,103.9392
F,2603357221514,96.0217
H,2603461292914,104.0714
B,2603558208714,96.9158
U,2603661146614,102.9379
R,2603757212414,96.0658
G,2603861255014,104.0426
E,2603956909014,95.654
N,2604061876914,104.9679
L,2604157183714,95.3068
A,2604253199814,96.0161
N,2604357246514,104.0467
D,2604461214014,103.9675
F,2604557219214,96.0052
H,2604653230614,96.0114
B,2604757236214,104.0056
U,2604853262114,96.0259
R,2604957207114,103.945
G,2605061214714,104.0076
E,2605157087214,95.8725
N,2605261233614,104.1464
L,2605357260414,96.0268
A,2605461234314,103.9739
N,2605557237414,96.0031
D,2605661241514,104.0041
F,2605757236714,95.9952
H,2605861254214,104.0175
B,2605957902914,96.6487
U,2606061246714,103.3438
R,2606157297114,96.0504
G,2606261249114,103.952
E,2606356994714,95.7456
N,2606453204914,96.2102
L,2606557248314,104.0434
A,2606653227514,95.9792
N,2606756992814,103.7653
D,2606861227414,104.2346
F,2606957211114,95.9837
H,2607053235414,96.0243
B,2607158382414,105.147
U,2607261246414,102.864
R,2607357235814,95.9894
G,2607461233414,103.9976
E,2607557281814,96.0484
N,2607661224214,103.9424
L,2607757257914,96.0337
A,2607861222814,103.9649
N,2607957290114,96.0673
D,2608061327214,104.0371
F,2608157233714,95.9065
H,2608261262214,104.0285
B,2608358092914,96.8307
U,2608461264714,103.1718
R,2608557291514,96.0268
G,2608661338014,104.0465
E,2608757307414,95.9694
N,2608853293314,95.9859
L,2608957255914,103.9626
A,2609053312514,96.0566
N,2609157244314,103.9318
D,2609261259414,104.0151
F,2609357271214,96.0118
H,2609461237614,103.9664
B,2609558199614,96.962
U,2609661248214,103.0486
R,2609757278714,96.0305
G,2609861266614,103.9879
E,2609957238714,95.9721
N,2610062260114,105.0214
L,2610157323114,95.063
A,2610261302914,103.9798
N,2610357237414,95.9345
D,2610461239414,104.002
F,2610557240614,96.0012
H,2610661283514,104.0429
B,2610758108214,96.8247
U,2610853051714,94.9435
R,2610958206214,105.1545
G,2611053055114,94.8489
E,2611165319414,112.2643
N,2611253088414,87.769
L,2611357322414,104.234
A,2611460966014,103.6436
N,2611557027014,96.061
D,2611661280314,104.2533
F,2611757263814,95.9835
H,2611861325214,104.0614
B,2611957259114,95.9339
U,2612061281614,104.0225
R,2612157262414,95.9808
G,2612261278114,104.0157
E,2612357314814,96.0367
N,2612462092914,104.7781
L,2612557286914,95.194
A,2612653374414,96.0875
N,2612757296914,103.9225
D,2612861069014,103.7721
F,2612957308614,96.2396
H,2613053445614,96.137
B,2613157091014,103.6454
U,2613253368814,96.2778
R,2613357285014,103.9162
G,2613453356914,96.0719
E,2613557366514,104.0096
N,2613661799114,104.4326
L,2613757314814,95.5157
A,2613861341514,104.0267
N,2613957330414,95.9889
D,2614061325714,103.9953
F,2614157279914,95.9542
H,2614261301514,104.0216
B,2614357977414,96.6759
U,2614461274614,103.2972
R,2614557326114,96.0515
G,2614661289714,103.9636
E,2614757323014,96.0333
N,2614862205214,104.8822
L,2614957341914,95.1367
A,2615053329314,95.9874
N,2615157055214,103.7259
D,2615261366214,104.311
F,2615357342614,95.9764
H,2615453296714,95.9541
B,2615558287414,104.9907
U,2615661325814,103.0384
R,2615757292414,95.9666
G,2615861305614,104.0132
E,2615956991514,95.6859
N,2616062293814,105.3023
L,2616157117114,94.8233
A,2616261270014,104.1529
N,2616357112814,95.8428
D,2616461284314,104.1715
F,2616557100214,95.8159
H,2616661412314,104.3121
B,2616758035114,96.6228
U,2616861342414,103.3073
R,2616958096114,96.7537
G,2617061396414,103.3003
E,2617157071814,95.6754
N,2617253300114,96.2283
L,2617357168714,103.8686
A,2617453363914,96.1952
N,2617557103314,103.7394
D,2617661301114,104.1978
F,2617757209714,95.9086
H,2617861356014,104.1463
B,2617957430714,96.0747
U,2618061343614,103.9129
R,2618157377614,96.034
G,2618261354914,103.9773
E,2618357516914,96.162
N,2618462383814,104.8669
L,2618557390314,95.0065
A,2618661296614,103.9063
N,2618757431014,96.1344
D,2618861346414,103.9154
F,2618957365214,96.0188
H,2619061374914,104.0097
B,2619158119914,96.745
U,2619253339814,95.2199
R,2619358515414,105.1756
G,2619453332914,94.8175
E,2619565370614,112.0377
N,2619653349914,87.9793
L,2619757369414,104.0195
A,2619853364014,95.9946
N,2619957366614,104.0026
D,2620061395214,104.0286
F,2620157328914,95.9337
H,2620261152214,103.8233
B,2620357346314,96.1941
U,2620461394514,104.0482
R,2620557437914,96.0434
G,2620661368914,103.931
E,2620757352814,95.9839
N,2620862336214,104.9834
L,2620957048014,94.7118
A,2621061132314,104.0843
N,2621157455614,96.3233
D,2621261097914,103.6423
F,2621357320314,96.2224
H,2621453386214,96.0659
B,2621557322314,103.9361
U,2621653340614,96.0183
R,2621757435814,104.0952
G,2621853357214,95.9214
E,2621965377514,112.0203
N,2622061998114,96.6206
L,2622157382414,95.3843
A,2622261151114,103.7687
N,2622357415514,96.2644
D,2622461158914,103.7434
F,2622557380214,96.2213
H,2622661110214,103.73
B,2622765346214,104.236
U,2622861127614,95.7814
R,2622957386314,96.2587
G,2623061141414,103.7551
E,2623157372814,96.2314
N,2623261199414,103.8266
L,2623357136214,95.9368
A,2623453299514,96.1633
N,2623557456014,104.1565
D,2623661413614,103.9576
F,2623757161714,95.7481
H,2623853152714,95.991
B,2623957410514,104.2578
U,2624053403914,95.9934
R,2624157429114,104.0252
G,2624261509914,104.0808
E,2624357374914,95.865
N,2624462596214,105.2213
L,2624557407614,94.8114
A,2624661415314,104.0077
N,2624757409714,95.9944
D,2624861402214,103.9925
F,2624957430214,96.028
H,2625061420614,103.9904
B,2625158299914,96.8793
U,2625261410214,103.1103
R,2625357402814,95.9926
G,2625461407814,104.005
E,2625557380514,95.9727
N,2625662251014,104.8705
L,2625757392814,95.1418
A,2625853388514,95.9957
N,2625957396714,104.0082
D,2626061432414,104.0357
F,2626157280314,95.8479
H,2626253391514,96.1112
B,2626358318214,104.9267
U,2626461464414,103.1462
R,2626557413414,95.949
G,2626661386414,103.973
E,2626757395314,96.0089
N,2626861387114,103.9918
L,2626957418714,96.0316
A,2627061406114,103.9874
N,2627157433014,96.0269
D,2627261410214,103.9772
F,2627357381514,95.9713
H,2627461451914,104.0704
B,2627557452414,96.0005
U,2627661466214,104.0138
R,2627757450214,95.984
G,2627861421914,103.9717
E,2627957432314,96.0104
N,2628062435814,105.0035
L,2628157398414,94.9626
A,2628253421014,96.0226
N,2628357428914,104.0079
D,2628461166014,103.7371
F,2628557421914,96.2559
H,2628653424814,96.0029
B,2628757471414,104.0466
U,2628861415314,103.9439
R,2628957456414,96.0411
G,2629061422414,103.966
E,2629157444914,96.0225
N,2629262328014,104.8831
L,2629357399514,95.0715
A,2629461147214,103.7477
N,2629557391014,96.2438
D,2629661408114,104.0171
F,2629757526414,96.1183
H,2629861479914,103.9535
B,2629957485614,96.0057
U,2630061415814,103.9302
R,2630157419914,96.0041
G,2630261452914,104.033
E,2630357432514,95.9796
N,2630453483614,96.0511
L,2630557509014,104.0254
A,2630653482714,95.9737
N,2630757494514,104.0118
D,2630861420314,103.9258
F,2630957433814,96.0135
H,2631061423714,103.9899
B,2631157285114,95.8614
U,2631261483614,104.1985
R,2631357466214,95.9826
G,2631461417514,103.9513
E,2631557415314,95.9978
N,2631661423014,104.0077
L,2631757493514,96.0705
A,2631861453614,103.9601
N,2631957466814,96.0132
D,2632061494814,104.028
F,2632157429914,95.9351
H,2632261460714,104.0308
B,2632358259814,96.7991
U,2632461473614,103.2138
R,2632557485914,96.0123
G,2632661479114,103.9932
E,2632757505014,96.0259
N,2632853469514,95.9645
L,2632957471014,104.0015
A,2633053482614,96.0116
N,2633157502314,104.0197
D,2633261453714,103.9514
F,2633357500214,96.0465
H,2633461452214,103.952
B,2633557461614,96.0094
U,2633661496414,104.0348
R,2633757486014,95.9896
G,2633861483314,103.9973
E,2633957538214,96.0549
N,2634061474114,103.9359
L,2634157502814,96.0287
A,2634261462814,103.96
N,2634357457714,95.9949
D,2634461534014,104.0763
F,2634557523014,95.989
H,2634661482614,103.9596
B,2634758332414,96.8498
U,2634861456014,103.1236
R,2634957494014,96.038
G,2635061236914,103.7429
E,2635165529814,104.2929
N,2635254255614,88.7258
L,2635357539014,103.2834
A,2635453249614,95.7106
N,2635557466814,104.2172
D,2635661515714,104.0489
F,2635757512214,95.9965
H,2635861493414,103.9812
B,2635958035514,96.5421
U,2636061430514,103.395
R,2636157443414,96.0129
G,2636261466214,104.0228
E,2636357333414,95.8672
N,2636461466914,104.1335
L,2636557250214,95.7833
A,2636661480714,104.2305
N,2636757568314,96.0876
D,2636861553014,103.9847
F,2636957468014,95.915
H,2637061508814,104.0408
B,2637158425614,96.9168
U,2637261480414,103.0548
R,2637357528514,96.0481
G,2637461529214,104.0007
E,2637565556514,104.0273
N,2637653493914,87.9374
L,2637757557214,104.0633
A,2637853504014,95.9468
N,2637957495214,103.9912
D,2638061544414,104.0492
F,2638157536914,95.9925
H,2638261532514,103.9956
B,2638358261314,96.7288
U,2638461499714,103.2384
R,2638557531314,96.0316
G,2638661539514,104.0082
E,2638757515014,95.9755
N,2638861512314,103.9973
L,2638957556314,96.044
A,2639061486514,103.9302
N,2639157227414,95.7409
D,2639261490114,104.2627
F,2639357493414,96.0033
H,2639461585914,104.0925
B,2639557519614,95.9337
U,2639653531314,96.0117
R,2639757531014,103.9997
G,2639853595614,96.0646
E,2639966501014,112.9054
N,2640053523314,87.0223
L,2640157306914,103.7836
A,2640261636614,104.3297
N,2640357482414,95.8458
D,2640461550214,104.0678
F,2640557476614,95.9264
H,2640661540314,104.0637
B,2640758088514,96.5482
U,2640861579114,103.4906
R,2640957259314,95.6802
G,2641061389014,104.1297
E,2641157277314,95.8883
N,2641262583414,105.3061
L,2641357435214,94.8518
A,2641461544114,104.1089
N,2641557393214,95.8491
D,2641661495114,104.1019
F,2641757312514,95.8174
H,2641861554714,104.2422
B,2641966580414,105.0257
U,2642053552314,86.9719
R,2642157503314,103.951
G,2642253560814,96.0575
E,2642365545914,111.9851
N,2642461576314,96.0304
L,2642557709214,96.1329
A,2642661509314,103.8001
N,2642757718014,96.2087
D,2642861628714,103.9107
F,2642957583114,95.9544
H,2643061551814,103.9687
B,2643157508414,95.9566
U,2643261503814,103.9954
R,2643357324714,95.8209
G,2643461583214,104.2585
E,2643557540114,95.9569
N,2643661580314,104.0402
L,2643757532214,95.9519
A,2643853549014,96.0168
N,2643957565514,104.0165
D,2644061564414,103.9989
F,2644157544614,95.9802
H,2644253588814,96.0442
B,2644357570214,103.9814
U,2644453503114,95.9329
R,2644557608314,104.1052
G,2644661533214,103.9249
E,2644757551314,96.0181
N,2644862583114,105.0318
L,2644957559714,94.9766
A,2645061597814,104.0381
N,2645157567714,95.9699
D,2645261574714,104.007
F,2645357295114,95.7204
H,2645461539014,104.2439
B,2645558324314,96.7853
U,2645661540514,103.2162
R,2645758585014,97.0445
G,2645861536214,102.9512
E,2645958561314,97.0251
N,2646061550314,102.989
L,2646157276914,95.7266
A,2646253573014,96.2961
N,2646357573514,104.0005
D,2646461595114,104.0216
F,2646557598614,96.0035
H,2646653581214,95.9826
B,2646757608914,104.0277
U,2646861329914,103.721
R,2646957625514,96.2956
G,2647061357414,103.7319
E,2647157550514,96.1931
N,2647261357914,103.8074
L,2647357605114,96.2472
A,2647461482214,103.8771
N,2647557604614,96.1224
D,2647661479714,103.8751
F,2647757580814,96.1011
H,2647861618214,104.0374
B,2647973581614,111.9634
U,2648061603414,88.0218
R,2648157596414,95.993
G,2648261658014,104.0616
E,2648357615814,95.9578
N,2648461764514,104.1487
L,2648557620814,95.8563
A,2648653334714,95.7139
N,2648757597014,104.2623
D,2648861799814,104.2028
F,2648957624514,95.8247
H,2649061735514,104.111
B,2649157474914,95.7394
U,2649261387014,103.9121
R,2649358410214,97.0232
G,2649461595814,103.1856
E,2649557476514,95.8807
N,2649661611714,104.1352
L,2649757594314,95.9826
A,2649861561314,103.967
N,2649957574314,96.013
D,2650061585314,104.011
F,2650157574814,95.9895
H,2650261597414,104.0226
B,2650358179914,96.5825
U,2650461611914,103.432
R,2650557594014,95.9821
G,2650661643414,104.0494
E,2650765624114,103.9807
N,2650853595014,87.9709
L,2650957632514,104.0375
A,2651053493814,95.8613
N,2651157620414,104.1266
D,2651261585714,103.9653
F,2651357592014,96.0063
H,2651461586914,103.9949
B,2651558191114,96.6042
U,2651661612714,103.4216
R,2651758202414,96.5897
G,2651861628914,103.4265
E,2651957628014,95.9991
N,2652061592614,103.9646
L,2652157725814,96.1332
A,2652261646814,103.921
N,2652357608314,95.9615
D,2652461634114,104.0258
F,2652557661514,96.0274
H,2652661622914,103.9614
B,2652758674114,97.0512
U,2652853564614,94.8905
R,2652957630214,104.0656
G,2653053633214,96.003
E,2653166128914,112.4957
N,2653253638814,87.5099
L,2653357642314,104.0035
A,2653461410514,103.7682
N,2653557630914,96.2204
D,2653661642314,104.0114
F,2653757778814,96.1365
H,2653861647514,103.8687
B,2653958625714,96.9782
U,2654061603214,102.9775
R,2654157629414,96.0262
G,2654261629814,104.0004
E,2654357705914,96.0761
N,2654461669114,103.9632
L,2654557710314,96.0412
A,2654661679014,103.9687
N,2654757647214,95.9682
D,2654861694314,104.0471
F,2654957709214,96.0149
H,2655053699814,95.9906
B,2655166777014,113.0772
U,2655253519414,86.7424
R,2655357669914,104.1505
G,2655453653814,95.9839
E,2655565614214,111.9604
N,2655661626314,96.0121
L,2655757660314,96.034
A,2655861689014,104.0287
N,2655957663314,95.9743
D,2656061563314,103.9
F,2656157648814,96.0855
H,2656261671414,104.0226
B,2656358428814,96.7574
U,2656461635014,103.2062
R,2656557417314,95.7823
G,2656661651314,104.234
E,2656758811314,97.16
N,2656862530014,103.7187
L,2656957684114,95.1541
A,2657053734014,96.0499
N,2657157656014,103.922
D,2657261640014,103.984
F,2657357660114,96.0201
H,2657453695014,96.0349
B,2657558705214,105.0102
U,2657653670714,94.9655
R,2657758525114,104.8544
G,2657861741014,103.2159
E,2657965660714,103.9197
N,2658061665014,96.0043
L,2658157648114,95.9831
A,2658261641214,103.9931
N,2658357662214,96.021
D,2658461670514,104.0083
F,2658557694114,96.0236
H,2658661665714,103.9716
B,2658758732014,97.0663
U,2658861799114,103.0671
R,2658957675414,95.8763
G,2659061680814,104.0054
E,2659158671714,96.9909
N,2659261763514,103.0918
L,2659357792814,96.0293
A,2659453505714,95.7129
N,2659565683314,112.1776
D,2659661681314,95.998
F,2659757709314,96.028
H,2659853439214,95.7299
B,2659957719114,104.2799
U,2660061659114,103.94
R,2660157689414,96.0303
G,2660261673214,103.9838
E,2660357701614,96.0284
N,2660461694214,103.9926
L,2660557710114,96.0159
A,2660661719914,104.0098
N,2660757674214,95.9543
D,2660861700814,104.0266
F,2660957459914,95.7591
H,2661061726114,104.2662
B,2661157273814,95.5477
U,2661261734214,104.4604
R,2661357731914,95.9977
G,2661461695314,103.9634
E,2661557701514,96.0062
N,2661653677814,95.9763
L,2661757723214,104.0454
A,2661853703614,95.9804
N,2661957706514,104.0029
D,2662061718914,104.0124
F,2662157412914,95.694
H,2662261729014,104.3161
B,2662358566914,96.8379
U,2662461707214,103.1403
R,2662558745714,97.0385
G,2662661706714,102.961
E,2662757724214,96.0175
N,2662861712414,103.9882
L,2662957730414,96.018
A,2663061694914,103.9645
N,2663157672614,95.9777
D,2663261708414,104.0358
F,2663357726714,96.0183
H,2663461743214,104.0165
B,2663558383714,96.6405
U,2663661763714,103.38
R,2663766748614,104.9849
G,2663853729014,86.9804
E,2663966388714,112.6597
N,2664053484914,87.0962
L,2664157845914,104.361
A,2664261714314,103.8684
N,2664357689214,95.9749
D,2664461706914,104.0177
F,2664557706214,95.9993
H,2664661729514,104.0233
B,2664765722614,103.9931
U,2664861424614,95.702
R,2664965720114,104.2955
G,2665061720714,96.0006
E,2665158683514,96.9628
N,2665262724914,104.0414
L,2665357539514,94.8146
A,2665461753214,104.2137
N,2665557650014,95.8968
D,2665661707714,104.0577
F,2665757591914,95.8842
H,2665861750114,104.1582
B,2665965844514,104.0944
U,2666053755814,87.9113
R,2666157609414,103.8536
G,2666253686114,96.0767
E,2666366788414,113.1023
N,2666461722714,94.9343
L,2666557578514,95.8558
A,2666661747114,104.1686
N,2666757482214,95.7351
D,2666861719414,104.2372
F,2666957818214,96.0988
H,2667061748814,103.9306
B,2667157858214,96.1094
U,2667261748614,103.8904
R,2667365734714,103.9861
G,2667461543814,95.8091
E,2667557747114,96.2033
N,2667661729914,103.9828
L,2667757744114,96.0142
A,2667853748214,96.0041
N,2667957776114,104.0279
D,2668061797614,104.0215
F,2668165742514,103.9449
H,2668253795214,88.0527
B,2668358652714,104.8575
U,2668453786414,95.1337
R,2668557764914,103.9785
G,2668661866014,104.1011
E,2668765933614,104.0676
N,2668862765614,96.832
L,2668957895714,95.1301
A,2669061712014,103.8163
N,2669157725314,96.0133
D,2669261780314,104.055
F,2669357767014,95.9867
H,2669461741214,103.9742
B,2669565767614,104.0264
U,2669661743714,95.9761
R,2669758811114,97.0674
G,2669861796114,102.985
E,2669965796214,104.0001
N,2670062389414,96.5932
L,2670157758414,95.369
A,2670253775214,96.0168
N,2670365762114,111.9869
D,2670461656014,95.8939
F,2670557795914,96.1399
H,2670653832314,96.0364
B,2670758737414,104.9051
U,2670861530614,102.7932
R,2670957501114,95.9705
G,2671061773714,104.2726
E,2671157816314,96.0426
N,2671262355014,104.5387
L,2671357805714,95.4507
A,2671461638814,103.8331
N,2671557773714,96.1349
D,2671661667014,103.8933
F,2671757755914,96.0889
H,2671861506814,103.7509
B,2671965782914,104.2761
U,2672061592514,95.8096
R,2672158406714,96.8142
G,2672261888214,103.4815
E,2672357815614,95.9274
N,2672461916414,104.1008
L,2672557821414,95.905
A,2672653581714,95.7603
N,2672757855014,104.2733
D,2672861993514,104.1385
F,2672957816414,95.8229
H,2673061885014,104.0686
B,2673157797614,95.9126
U,2673261887614,104.09
R,2673357806814,95.9192
G,2673461826814,104.02
E,2673557830114,96.0033
N,2673661835814,104.0057
L,2673757994414,96.1586
A,2673861815114,103.8207
N,2673957802014,95.9869
D,2674061782614,103.9806
F,2674157821914,96.0393
H,2674261817714,103.9958
B,2674358359414,96.5417
U,2674461758014,103.3986
R,2674557779114,96.0211
G,2674661787114,104.008
E,2674766608514,104.8214
N,2674853810614,87.2021
L,2674957801614,103.991
A,2675053798114,95.9965
N,2675157805114,104.007
D,2675261838814,104.0337
F,2675357905014,96.0662
H,2675461805014,103.9
B,2675558532514,96.7275
U,2675661820914,103.2884
R,2675757837214,96.0163
G,2675861810014,103.9728
E,2675957819014,96.009
N,2676061786014,103.967
L,2676157567114,95.7811
A,2676261818414,104.2513
N,2676357843714,96.0253
D,2676461832814,103.9891
F,2676557870614,96.0378
H,2676661793114,103.9225
B,2676765634614,103.8415
U,2676861845814,96.2112
R,2676966485314,104.6395
G,2677053850914,87.3656
E,2677165638214,111.7873
N,2677261795014,96.1568
L,2677357818914,96.0239
A,2677461848214,104.0293
N,2677557854314,96.0061
D,2677661861714,104.0074
F,2677757856114,95.9944
H,2677861863414,104.0073
B,2677958479414,96.616
U,2678061869814,103.3904
R,2678157797014,95.9272
G,2678261823214,104.0262
E,2678357876214,96.053
N,2678462646814,104.7706
L,2678557798414,95.1516
A,2678661814214,104.0158
N,2678757856814,96.0426
D,2678861673014,103.8162
F,2678965986614,104.3136
H,2679053903514,87.9169
B,2679159299614,105.3961
U,2679253823114,94.5235
R,2679357915114,104.092
G,2679461862214,103.9471
E,2679566829714,104.9675
N,2679661877314,95.0476
L,2679757878814,96.0015
A,2679861826314,103.9475
N,2679957843214,96.0169
D,2680061823214,103.98
F,2680157842714,96.0195
H,2680261881414,104.0387
B,2680358856914,96.9755
U,2680461856014,102.9991
R,2680557865914,96.0099
G,2680661844514,103.9786
E,2680758044714,96.2002
N,2680869865014,111.8203
L,2680957632814,87.7678
A,2681053648114,96.0153
N,2681165480014,111.8319
D,2681261546914,96.0669
F,2681357869414,96.3225
H,2681453831314,95.9619
B,2681557887014,104.0557
U,2681661833914,103.9469
R,2681757838614,96.0047
G,2681861864114,104.0255
E,2681957871014,96.0069
N,2682062808314,104.9373
L,2682157898614,95.0903
A,2682261896314,103.9977
N,2682357637514,95.7412
D,2682461937114,104.2996
F,2682557908914,95.9718
H,2682661610814,103.7019
