device,vkey,scancode,e0,e1,edge,t1_ns,keyname
723207,38,72,1,0,DOWN,1462639903014,"NACH-OBEN"
723207,38,72,1,0,UP,1462720030914,"NACH-OBEN"
723207,13,28,0,0,DOWN,1463329904414,"EINGABE"
723207,13,28,0,0,UP,1463409720114,"EINGABE"
264507,70,33,0,0,DOWN,1478887882414,"F"
264507,70,33,0,0,UP,1478984210714,"F"
264507,72,35,0,0,DOWN,1478992077414,"H"
264507,66,48,0,0,DOWN,1479087844014,"B"
264507,72,35,0,0,UP,1479104208114,"H"
264507,85,22,0,0,DOWN,1479192103414,"U"
264507,66,48,0,0,UP,1479208153014,"B"
264507,82,19,0,0,DOWN,1479288054114,"R"
264507,85,22,0,0,UP,1479304156514,"U"
264507,71,34,0,0,DOWN,1479392127414,"G"
264507,82,19,0,0,UP,1479416069614,"R"
264507,71,34,0,0,UP,1479496128714,"G"
264507,69,18,0,0,DOWN,1479497320714,"E"
264507,69,18,0,0,UP,1479592114514,"E"
264507,78,49,0,0,DOWN,1479593032514,"N"
264507,78,49,0,0,UP,1479647817014,"N"
264507,76,38,0,0,DOWN,1479696061114,"L"
264507,76,38,0,0,UP,1479744047614,"L"
264507,65,30,0,0,DOWN,1479792153014,"A"
264507,65,30,0,0,UP,1479840100314,"A"
264507,78,49,0,0,DOWN,1479896114414,"N"
264507,78,49,0,0,UP,1479936152814,"N"
264507,68,32,0,0,DOWN,1479992150914,"D"
264507,70,33,0,0,DOWN,1480096065614,"F"
264507,68,32,0,0,UP,1480104081214,"D"
264507,70,33,0,0,UP,1480160079814,"F"
264507,72,35,0,0,DOWN,1480192091414,"H"
264507,72,35,0,0,UP,1480288250914,"H"
264507,66,48,0,0,DOWN,1480296101914,"B"
264507,85,22,0,0,DOWN,1480392141814,"U"
264507,66,48,0,0,UP,1480416154114,"B"
264507,85,22,0,0,UP,1480488217614,"U"
264507,82,19,0,0,DOWN,1480496132414,"R"
264507,71,34,0,0,DOWN,1480592145714,"G"
264507,82,19,0,0,UP,1480608142814,"R"
264507,71,34,0,0,UP,1480696135114,"G"
264507,69,18,0,0,DOWN,1480697035314,"E"
264507,78,49,0,0,DOWN,1480792125814,"N"
264507,69,18,0,0,UP,1480800088914,"E"
264507,78,49,0,0,UP,1480848081014,"N"
264507,76,38,0,0,DOWN,1480888114014,"L"
264507,76,38,0,0,UP,1480952148114,"L"
264507,65,30,0,0,DOWN,1480992127214,"A"
264507,65,30,0,0,UP,1481039901914,"A"
264507,78,49,0,0,DOWN,1481088163214,"N"
264507,78,49,0,0,UP,1481144109314,"N"
264507,68,32,0,0,DOWN,1481200125014,"D"
264507,70,33,0,0,DOWN,1481288133114,"F"
264507,68,32,0,0,UP,1481304136014,"D"
264507,70,33,0,0,UP,1481368180314,"F"
264507,72,35,0,0,DOWN,1481392190814,"H"
264507,66,48,0,0,DOWN,1481496146414,"B"
264507,72,35,0,0,UP,1481503837614,"H"
264507,85,22,0,0,DOWN,1481591878614,"U"
264507,66,48,0,0,UP,1481608068814,"B"
264507,82,19,0,0,DOWN,1481696217414,"R"
264507,85,22,0,0,UP,1481704167114,"U"
264507,71,34,0,0,DOWN,1481792132814,"G"
264507,82,19,0,0,UP,1481808080214,"R"
264507,69,18,0,0,DOWN,1481896234014,"E"
264507,71,34,0,0,UP,1481912091514,"G"
264507,69,18,0,0,UP,1481992080214,"E"
264507,78,49,0,0,DOWN,1481993036014,"N"
264507,78,49,0,0,UP,1482048151714,"N"
264507,76,38,0,0,DOWN,1482096068514,"L"
264507,76,38,0,0,UP,1482144130814,"L"
264507,65,30,0,0,DOWN,1482192161614,"A"
264507,65,30,0,0,UP,1482240100514,"A"
264507,78,49,0,0,DOWN,1482296083614,"N"
264507,78,49,0,0,UP,1482344079814,"N"
264507,68,32,0,0,DOWN,1482392098014,"D"
264507,70,33,0,0,DOWN,1482496121214,"F"
264507,68,32,0,0,UP,1482504117014,"D"
264507,70,33,0,0,UP,1482568108214,"F"
264507,72,35,0,0,DOWN,1482592104714,"H"
264507,72,35,0,0,UP,1482688189614,"H"
264507,66,48,0,0,DOWN,1482696077914,"B"
264507,85,22,0,0,DOWN,1482792212814,"U"
264507,66,48,0,0,UP,1482807883314,"B"
264507,82,19,0,0,DOWN,1482888205914,"R"
264507,85,22,0,0,UP,1482896123714,"U"
264507,71,34,0,0,DOWN,1482992107014,"G"
264507,82,19,0,0,UP,1483000137614,"R"
264507,71,34,0,0,UP,1483096124414,"G"
264507,69,18,0,0,DOWN,1483096876114,"E"
264507,69,18,0,0,UP,1483192096014,"E"
264507,78,49,0,0,DOWN,1483192834114,"N"
264507,78,49,0,0,UP,1483248094914,"N"
264507,76,38,0,0,DOWN,1483296130214,"L"
264507,76,38,0,0,UP,1483344087414,"L"
264507,65,30,0,0,DOWN,1483392090614,"A"
264507,65,30,0,0,UP,1483440150014,"A"
264507,78,49,0,0,DOWN,1483496201114,"N"
264507,78,49,0,0,UP,1483544161214,"N"
264507,68,32,0,0,DOWN,1483592152614,"D"
264507,70,33,0,0,DOWN,1483696141314,"F"
264507,68,32,0,0,UP,1483704171614,"D"
264507,70,33,0,0,UP,1483760127614,"F"
264507,72,35,0,0,DOWN,1483791913014,"H"
264507,72,35,0,0,UP,1483896093114,"H"
264507,66,48,0,0,DOWN,1483896787914,"B"
264507,85,22,0,0,DOWN,1483991822614,"U"
264507,66,48,0,0,UP,1484007941514,"B"
264507,85,22,0,0,UP,1484096180614,"U"
264507,82,19,0,0,DOWN,1484097302214,"R"
264507,71,34,0,0,DOWN,1484191881114,"G"
264507,82,19,0,0,UP,1484208169214,"R"
264507,69,18,0,0,DOWN,1484295842614,"E"
264507,71,34,0,0,UP,1484303784114,"G"
264507,69,18,0,0,UP,1484391750214,"E"
264507,78,49,0,0,DOWN,1484392091914,"N"
264507,78,49,0,0,UP,1484447781414,"N"
264507,76,38,0,0,DOWN,1484495738414,"L"
264507,76,38,0,0,UP,1484551597614,"L"
264507,65,30,0,0,DOWN,1484591621414,"A"
264507,65,30,0,0,UP,1484631636214,"A"
264507,78,49,0,0,DOWN,1484696000214,"N"
264507,78,49,0,0,UP,1484744170614,"N"
264507,68,32,0,0,DOWN,1484791841014,"D"
264507,70,33,0,0,DOWN,1484888114814,"F"
264507,68,32,0,0,UP,1484904111314,"D"
264507,70,33,0,0,UP,1484968204114,"F"
264507,72,35,0,0,DOWN,1484991958314,"H"
264507,72,35,0,0,UP,1485088229814,"H"
264507,66,48,0,0,DOWN,1485089109214,"B"
264507,85,22,0,0,DOWN,1485192103814,"U"
264507,66,48,0,0,UP,1485208219914,"B"
264507,82,19,0,0,DOWN,1485296125614,"R"
264507,85,22,0,0,UP,1485304167214,"U"
264507,71,34,0,0,DOWN,1485392201114,"G"
264507,82,19,0,0,UP,1485408184614,"R"
264507,69,18,0,0,DOWN,1485496137714,"E"
264507,71,34,0,0,UP,1485503886714,"G"
264507,69,18,0,0,UP,1485591950114,"E"
264507,78,49,0,0,DOWN,1485592721714,"N"
264507,78,49,0,0,UP,1485656103214,"N"
264507,76,38,0,0,DOWN,1485696160714,"L"
264507,76,38,0,0,UP,1485752114614,"L"
264507,65,30,0,0,DOWN,1485792321914,"A"
264507,65,30,0,0,UP,1485840322014,"A"
264507,78,49,0,0,DOWN,1485896221414,"N"
264507,78,49,0,0,UP,1485944149714,"N"
264507,68,32,0,0,DOWN,1485992274014,"D"
264507,70,33,0,0,DOWN,1486096119014,"F"
264507,68,32,0,0,UP,1486104098314,"D"
264507,70,33,0,0,UP,1486168161214,"F"
264507,72,35,0,0,DOWN,1486192203914,"H"
264507,72,35,0,0,UP,1486288167514,"H"
264507,66,48,0,0,DOWN,1486296161614,"B"
264507,85,22,0,0,DOWN,1486392159514,"U"
264507,66,48,0,0,UP,1486408193914,"B"
264507,85,22,0,0,UP,1486496197414,"U"
264507,82,19,0,0,DOWN,1486496769114,"R"
264507,71,34,0,0,DOWN,1486592150814,"G"
264507,82,19,0,0,UP,1486608171514,"R"
264507,71,34,0,0,UP,1486696178214,"G"
264507,69,18,0,0,DOWN,1486697078614,"E"
264507,78,49,0,0,DOWN,1486792125214,"N"
264507,69,18,0,0,UP,1486800170414,"E"
264507,78,49,0,0,UP,1486848187114,"N"
264507,76,38,0,0,DOWN,1486888128714,"L"
264507,76,38,0,0,UP,1486952235314,"L"
264507,65,30,0,0,DOWN,1486992155814,"A"
264507,65,30,0,0,UP,1487040135314,"A"
264507,78,49,0,0,DOWN,1487088182414,"N"
264507,78,49,0,0,UP,1487143901614,"N"
264507,68,32,0,0,DOWN,1487200072614,"D"
264507,70,33,0,0,DOWN,1487296293414,"F"
264507,68,32,0,0,UP,1487304163314,"D"
264507,70,33,0,0,UP,1487368185914,"F"
264507,72,35,0,0,DOWN,1487392217614,"H"
264507,72,35,0,0,UP,1487496105314,"H"
264507,66,48,0,0,DOWN,1487496967014,"B"
264507,85,22,0,0,DOWN,1487592021014,"U"
264507,66,48,0,0,UP,1487616197614,"B"
264507,82,19,0,0,DOWN,1487695919714,"R"
264507,85,22,0,0,UP,1487704189714,"U"
264507,71,34,0,0,DOWN,1487792199314,"G"
264507,82,19,0,0,UP,1487808148714,"R"
264507,69,18,0,0,DOWN,1487896175314,"E"
264507,71,34,0,0,UP,1487904157114,"G"
264507,69,18,0,0,UP,1487992263914,"E"
264507,78,49,0,0,DOWN,1487993329714,"N"
264507,78,49,0,0,UP,1488048189514,"N"
264507,76,38,0,0,DOWN,1488096140814,"L"
264507,76,38,0,0,UP,1488152135114,"L"
264507,65,30,0,0,DOWN,1488192165814,"A"
264507,65,30,0,0,UP,1488240187514,"A"
264507,78,49,0,0,DOWN,1488296182214,"N"
264507,78,49,0,0,UP,1488336181214,"N"
264507,68,32,0,0,DOWN,1488392235714,"D"
264507,70,33,0,0,DOWN,1488496156314,"F"
264507,68,32,0,0,UP,1488504117914,"D"
264507,70,33,0,0,UP,1488568194814,"F"
264507,72,35,0,0,DOWN,1488591876314,"H"
264507,72,35,0,0,UP,1488688135914,"H"
264507,66,48,0,0,DOWN,1488695948314,"B"
264507,85,22,0,0,DOWN,1488792181014,"U"
264507,66,48,0,0,UP,1488808150714,"B"
264507,82,19,0,0,DOWN,1488888206714,"R"
264507,85,22,0,0,UP,1488895987814,"U"
264507,71,34,0,0,DOWN,1488992184314,"G"
264507,82,19,0,0,UP,1488999938814,"R"
264507,71,34,0,0,UP,1489096167914,"G"
264507,69,18,0,0,DOWN,1489097134014,"E"
264507,78,49,0,0,DOWN,1489192198814,"N"
264507,69,18,0,0,UP,1489200135614,"E"
264507,78,49,0,0,UP,1489255876614,"N"
264507,76,38,0,0,DOWN,1489296170514,"L"
264507,76,38,0,0,UP,1489344136114,"L"
264507,65,30,0,0,DOWN,1489392168314,"A"
264507,65,30,0,0,UP,1489440187414,"A"
264507,78,49,0,0,DOWN,1489496034814,"N"
264507,78,49,0,0,UP,1489544208114,"N"
264507,68,32,0,0,DOWN,1489592206914,"D"
264507,70,33,0,0,DOWN,1489695944014,"F"
264507,68,32,0,0,UP,1489711911914,"D"
264507,70,33,0,0,UP,1489768170014,"F"
264507,72,35,0,0,DOWN,1489792185214,"H"
264507,72,35,0,0,UP,1489896002614,"H"
264507,66,48,0,0,DOWN,1489896965414,"B"
264507,85,22,0,0,DOWN,1489992212614,"U"
264507,66,48,0,0,UP,1490008143714,"B"
264507,85,22,0,0,UP,1490095949414,"U"
264507,82,19,0,0,DOWN,1490096871714,"R"
264507,71,34,0,0,DOWN,1490192242414,"G"
264507,82,19,0,0,UP,1490208188014,"R"
264507,69,18,0,0,DOWN,1490295969814,"E"
264507,71,34,0,0,UP,1490304154514,"G"
264507,78,49,0,0,DOWN,1490391910614,"N"
264507,69,18,0,0,UP,1490400175114,"E"
264507,78,49,0,0,UP,1490448146014,"N"
264507,76,38,0,0,DOWN,1490488203014,"L"
264507,76,38,0,0,UP,1490544172714,"L"
264507,65,30,0,0,DOWN,1490592184614,"A"
264507,65,30,0,0,UP,1490632029014,"A"
264507,78,49,0,0,DOWN,1490695907014,"N"
264507,78,49,0,0,UP,1490744187114,"N"
264507,68,32,0,0,DOWN,1490792224514,"D"
264507,70,33,0,0,DOWN,1490888180314,"F"
264507,68,32,0,0,UP,1490904167714,"D"
264507,70,33,0,0,UP,1490968173214,"F"
264507,72,35,0,0,DOWN,1490992186114,"H"
264507,72,35,0,0,UP,1491088043814,"H"
264507,66,48,0,0,DOWN,1491089121614,"B"
264507,85,22,0,0,DOWN,1491192202214,"U"
264507,66,48,0,0,UP,1491208201714,"B"
264507,82,19,0,0,DOWN,1491296275114,"R"
264507,85,22,0,0,UP,1491304192914,"U"
264507,71,34,0,0,DOWN,1491392244214,"G"
264507,82,19,0,0,UP,1491408215614,"R"
264507,69,18,0,0,DOWN,1491496379114,"E"
264507,71,34,0,0,UP,1491504158414,"G"
264507,69,18,0,0,UP,1491591981414,"E"
264507,78,49,0,0,DOWN,1491592869414,"N"
264507,78,49,0,0,UP,1491648185214,"N"
264507,76,38,0,0,DOWN,1491696364514,"L"
264507,76,38,0,0,UP,1491752168014,"L"
264507,65,30,0,0,DOWN,1491792219714,"A"
264507,65,30,0,0,UP,1491840261314,"A"
264507,78,49,0,0,DOWN,1491896248814,"N"
264507,78,49,0,0,UP,1491936202614,"N"
264507,68,32,0,0,DOWN,1491992189014,"D"
264507,70,33,0,0,DOWN,1492096211514,"F"
264507,68,32,0,0,UP,1492104084814,"D"
264507,70,33,0,0,UP,1492168233614,"F"
264507,72,35,0,0,DOWN,1492192196914,"H"
264507,72,35,0,0,UP,1492296284414,"H"
264507,66,48,0,0,DOWN,1492297307914,"B"
264507,85,22,0,0,DOWN,1492392229714,"U"
264507,66,48,0,0,UP,1492408183714,"B"
264507,85,22,0,0,UP,1492496171214,"U"
264507,82,19,0,0,DOWN,1492497123814,"R"
264507,71,34,0,0,DOWN,1492592046014,"G"
264507,82,19,0,0,UP,1492608181214,"R"
264507,71,34,0,0,UP,1492696261614,"G"
264507,69,18,0,0,DOWN,1492697334914,"E"
264507,78,49,0,0,DOWN,1492792199314,"N"
264507,69,18,0,0,UP,1492799991114,"E"
264507,78,49,0,0,UP,1492847956914,"N"
264507,76,38,0,0,DOWN,1492888219714,"L"
264507,76,38,0,0,UP,1492944193614,"L"
264507,65,30,0,0,DOWN,1492992235614,"A"
264507,65,30,0,0,UP,1493040208414,"A"
264507,78,49,0,0,DOWN,1493088233514,"N"
264507,78,49,0,0,UP,1493144185514,"N"
264507,68,32,0,0,DOWN,1493200234414,"D"
264507,70,33,0,0,DOWN,1493296206314,"F"
264507,68,32,0,0,UP,1493303976314,"D"
264507,70,33,0,0,UP,1493375960214,"F"
264507,72,35,0,0,DOWN,1493392281314,"H"
264507,72,35,0,0,UP,1493496265514,"H"
264507,66,48,0,0,DOWN,1493497159314,"B"
264507,85,22,0,0,DOWN,1493592235314,"U"
264507,66,48,0,0,UP,1493608202114,"B"
264507,82,19,0,0,DOWN,1493696179214,"R"
264507,85,22,0,0,UP,1493704182814,"U"
264507,71,34,0,0,DOWN,1493792187914,"G"
264507,82,19,0,0,UP,1493808143414,"R"
264507,71,34,0,0,UP,1493896192814,"G"
264507,69,18,0,0,DOWN,1493896903214,"E"
264507,69,18,0,0,UP,1493992208114,"E"
264507,78,49,0,0,DOWN,1493993016014,"N"
264507,78,49,0,0,UP,1494048234814,"N"
264507,76,38,0,0,DOWN,1494095916414,"L"
264507,76,38,0,0,UP,1494144187714,"L"
264507,65,30,0,0,DOWN,1494192224114,"A"
264507,65,30,0,0,UP,1494231986414,"A"
264507,78,49,0,0,DOWN,1494296259314,"N"
264507,78,49,0,0,UP,1494336224914,"N"
264507,68,32,0,0,DOWN,1494392244214,"D"
264507,70,33,0,0,DOWN,1494496234414,"F"
264507,68,32,0,0,UP,1494504189614,"D"
264507,70,33,0,0,UP,1494568217414,"F"
264507,72,35,0,0,DOWN,1494592239514,"H"
264507,72,35,0,0,UP,1494688232814,"H"
264507,66,48,0,0,DOWN,1494696207114,"B"
264507,85,22,0,0,DOWN,1494792311714,"U"
264507,66,48,0,0,UP,1494808185714,"B"
264507,82,19,0,0,DOWN,1494888059814,"R"
264507,85,22,0,0,UP,1494903960814,"U"
264507,71,34,0,0,DOWN,1494992272314,"G"
264507,82,19,0,0,UP,1495008229214,"R"
264507,71,34,0,0,UP,1495096324014,"G"
264507,69,18,0,0,DOWN,1495097115614,"E"
264507,69,18,0,0,UP,1495192237914,"E"
264507,78,49,0,0,DOWN,1495193127514,"N"
264507,78,49,0,0,UP,1495256259914,"N"
264507,76,38,0,0,DOWN,1495296231014,"L"
264507,76,38,0,0,UP,1495352223314,"L"
264507,65,30,0,0,DOWN,1495392289914,"A"
264507,65,30,0,0,UP,1495440268314,"A"
264507,78,49,0,0,DOWN,1495496247714,"N"
264507,78,49,0,0,UP,1495544302614,"N"
264507,68,32,0,0,DOWN,1495592137314,"D"
264507,70,33,0,0,DOWN,1495696274214,"F"
264507,68,32,0,0,UP,1495704246514,"D"
264507,70,33,0,0,UP,1495768236614,"F"
264507,72,35,0,0,DOWN,1495792234414,"H"
264507,72,35,0,0,UP,1495896335514,"H"
264507,66,48,0,0,DOWN,1495896955314,"B"
264507,85,22,0,0,DOWN,1495992247014,"U"
264507,66,48,0,0,UP,1496008242214,"B"
264507,85,22,0,0,UP,1496096266014,"U"
264507,82,19,0,0,DOWN,1496097186514,"R"
264507,71,34,0,0,DOWN,1496192276814,"G"
264507,82,19,0,0,UP,1496208223314,"R"
264507,71,34,0,0,UP,1496296226714,"G"
264507,69,18,0,0,DOWN,1496297106014,"E"
264507,78,49,0,0,DOWN,1496392240314,"N"
264507,69,18,0,0,UP,1496399993114,"E"
264507,78,49,0,0,UP,1496448213514,"N"
264507,76,38,0,0,DOWN,1496488223214,"L"
264507,76,38,0,0,UP,1496552176814,"L"
264507,65,30,0,0,DOWN,1496592254314,"A"
264507,65,30,0,0,UP,1496632227714,"A"
264507,78,49,0,0,DOWN,1496688222314,"N"
264507,78,49,0,0,UP,1496752182414,"N"
264507,68,32,0,0,DOWN,1496800134714,"D"
264507,70,33,0,0,DOWN,1496888274114,"F"
264507,68,32,0,0,UP,1496896244514,"D"
264507,70,33,0,0,UP,1496968188714,"F"
264507,72,35,0,0,DOWN,1496992248714,"H"
264507,72,35,0,0,UP,1497088247214,"H"
264507,66,48,0,0,DOWN,1497089103414,"B"
264507,85,22,0,0,DOWN,1497192010514,"U"
264507,66,48,0,0,UP,1497208179414,"B"
264507,82,19,0,0,DOWN,1497296257714,"R"
264507,85,22,0,0,UP,1497304250414,"U"
264507,71,34,0,0,DOWN,1497391940814,"G"
264507,82,19,0,0,UP,1497408009514,"R"
264507,71,34,0,0,UP,1497496252514,"G"
264507,69,18,0,0,DOWN,1497497166914,"E"
264507,69,18,0,0,UP,1497592303314,"E"
264507,78,49,0,0,DOWN,1497593136714,"N"
264507,78,49,0,0,UP,1497648233114,"N"
264507,76,38,0,0,DOWN,1497696275214,"L"
264507,76,38,0,0,UP,1497752230314,"L"
264507,65,30,0,0,DOWN,1497792262614,"A"
264507,65,30,0,0,UP,1497840247014,"A"
264507,78,49,0,0,DOWN,1497896249014,"N"
264507,78,49,0,0,UP,1497936159914,"N"
264507,68,32,0,0,DOWN,1497992278114,"D"
264507,70,33,0,0,DOWN,1498096198114,"F"
264507,68,32,0,0,UP,1498104118814,"D"
264507,70,33,0,0,UP,1498168042914,"F"
264507,72,35,0,0,DOWN,1498192248514,"H"
264507,72,35,0,0,UP,1498288237614,"H"
264507,66,48,0,0,DOWN,1498296243414,"B"
264507,85,22,0,0,DOWN,1498392026714,"U"
264507,66,48,0,0,UP,1498416251414,"B"
264507,85,22,0,0,UP,1498496284114,"U"
264507,82,19,0,0,DOWN,1498497299714,"R"
264507,71,34,0,0,DOWN,1498592288314,"G"
264507,82,19,0,0,UP,1498608216014,"R"
264507,71,34,0,0,UP,1498696283214,"G"
264507,69,18,0,0,DOWN,1498697258414,"E"
264507,78,49,0,0,DOWN,1498792258714,"N"
264507,69,18,0,0,UP,1498800196114,"E"
264507,78,49,0,0,UP,1498856303814,"N"
264507,76,38,0,0,DOWN,1498888302614,"L"
264507,76,38,0,0,UP,1498952014014,"L"
264507,65,30,0,0,DOWN,1498992294414,"A"
264507,65,30,0,0,UP,1499040238714,"A"
264507,78,49,0,0,DOWN,1499088248014,"N"
264507,78,49,0,0,UP,1499144284914,"N"
264507,68,32,0,0,DOWN,1499200271814,"D"
264507,70,33,0,0,DOWN,1499296233214,"F"
264507,68,32,0,0,UP,1499304103814,"D"
264507,70,33,0,0,UP,1499376002714,"F"
264507,72,35,0,0,DOWN,1499392235814,"H"
264507,66,48,0,0,DOWN,1499496297014,"B"
264507,72,35,0,0,UP,1499503980914,"H"
264507,85,22,0,0,DOWN,1499592278314,"U"
264507,66,48,0,0,UP,1499608265314,"B"
264507,85,22,0,0,UP,1499696255014,"U"
264507,82,19,0,0,DOWN,1499696844014,"R"
264507,71,34,0,0,DOWN,1499792321114,"G"
264507,82,19,0,0,UP,1499808259114,"R"
264507,69,18,0,0,DOWN,1499896275614,"E"
264507,71,34,0,0,UP,1499904026514,"G"
264507,78,49,0,0,DOWN,1499992309814,"N"
264507,69,18,0,0,UP,1500000215714,"E"
264507,78,49,0,0,UP,1500048259014,"N"
264507,76,38,0,0,DOWN,1500096243514,"L"
264507,76,38,0,0,UP,1500152533114,"L"
264507,65,30,0,0,DOWN,1500192299214,"A"
264507,65,30,0,0,UP,1500232017214,"A"
264507,78,49,0,0,DOWN,1500296271314,"N"
264507,78,49,0,0,UP,1500344242214,"N"
264507,68,32,0,0,DOWN,1500392273214,"D"
264507,70,33,0,0,DOWN,1500496278814,"F"
264507,68,32,0,0,UP,1500504009214,"D"
264507,70,33,0,0,UP,1500568276914,"F"
264507,72,35,0,0,DOWN,1500592132814,"H"
264507,72,35,0,0,UP,1500696318114,"H"
264507,66,48,0,0,DOWN,1500697201014,"B"
264507,85,22,0,0,DOWN,1500792262914,"U"
264507,66,48,0,0,UP,1500808239714,"B"
264507,82,19,0,0,DOWN,1500888203014,"R"
264507,85,22,0,0,UP,1500903998914,"U"
264507,71,34,0,0,DOWN,1500992376914,"G"
264507,82,19,0,0,UP,1501008088614,"R"
264507,71,34,0,0,UP,1501088020214,"G"
264507,69,18,0,0,DOWN,1501096237714,"E"
264507,69,18,0,0,UP,1501192303914,"E"
264507,78,49,0,0,DOWN,1501193316614,"N"
264507,78,49,0,0,UP,1501256263814,"N"
264507,76,38,0,0,DOWN,1501296280314,"L"
264507,76,38,0,0,UP,1501352321214,"L"
264507,65,30,0,0,DOWN,1501392295914,"A"
264507,65,30,0,0,UP,1501440280414,"A"
264507,78,49,0,0,DOWN,1501496260214,"N"
264507,78,49,0,0,UP,1501536313314,"N"
264507,68,32,0,0,DOWN,1501592291714,"D"
264507,70,33,0,0,DOWN,1501696117514,"F"
264507,68,32,0,0,UP,1501703891414,"D"
264507,70,33,0,0,UP,1501768295214,"F"
264507,72,35,0,0,DOWN,1501792290714,"H"
264507,72,35,0,0,UP,1501896330914,"H"
264507,66,48,0,0,DOWN,1501897382914,"B"
264507,85,22,0,0,DOWN,1501992253314,"U"
264507,66,48,0,0,UP,1502016261414,"B"
264507,85,22,0,0,UP,1502096268714,"U"
264507,82,19,0,0,DOWN,1502097429314,"R"
264507,71,34,0,0,DOWN,1502192242514,"G"
264507,82,19,0,0,UP,1502208248214,"R"
264507,69,18,0,0,DOWN,1502296284214,"E"
264507,71,34,0,0,UP,1502304137314,"G"
264507,69,18,0,0,UP,1502392267614,"E"
264507,78,49,0,0,DOWN,1502400284614,"N"
264507,78,49,0,0,UP,1502456260414,"N"
264507,76,38,0,0,DOWN,1502488008314,"L"
264507,76,38,0,0,UP,1502552258914,"L"
264507,65,30,0,0,DOWN,1502592277814,"A"
264507,65,30,0,0,UP,1502632420314,"A"
264507,78,49,0,0,DOWN,1502688088214,"N"
264507,78,49,0,0,UP,1502752281614,"N"
264507,68,32,0,0,DOWN,1502800363814,"D"
264507,70,33,0,0,DOWN,1502888073314,"F"
264507,68,32,0,0,UP,1502896283514,"D"
264507,70,33,0,0,UP,1502967968414,"F"
264507,72,35,0,0,DOWN,1502992289514,"H"
264507,66,48,0,0,DOWN,1503088167414,"B"
264507,72,35,0,0,UP,1503095969714,"H"
264507,85,22,0,0,DOWN,1503192309514,"U"
264507,66,48,0,0,UP,1503208174414,"B"
264507,82,19,0,0,DOWN,1503295991414,"R"
264507,85,22,0,0,UP,1503304297814,"U"
264507,71,34,0,0,DOWN,1503392290014,"G"
264507,82,19,0,0,UP,1503408071414,"R"
264507,69,18,0,0,DOWN,1503496353114,"E"
264507,71,34,0,0,UP,1503504143714,"G"
264507,69,18,0,0,UP,1503592295114,"E"
264507,78,49,0,0,DOWN,1503593103014,"N"
264507,78,49,0,0,UP,1503648287914,"N"
264507,76,38,0,0,DOWN,1503696299214,"L"
264507,76,38,0,0,UP,1503752302314,"L"
264507,65,30,0,0,DOWN,1503792312314,"A"
264507,65,30,0,0,UP,1503840262814,"A"
264507,78,49,0,0,DOWN,1503896354814,"N"
264507,78,49,0,0,UP,1503936331714,"N"
264507,68,32,0,0,DOWN,1503992331114,"D"
264507,70,33,0,0,DOWN,1504096288614,"F"
264507,68,32,0,0,UP,1504104301414,"D"
264507,70,33,0,0,UP,1504168399314,"F"
264507,72,35,0,0,DOWN,1504192286314,"H"
264507,72,35,0,0,UP,1504296320214,"H"
264507,66,48,0,0,DOWN,1504297235514,"B"
264507,85,22,0,0,DOWN,1504392096914,"U"
264507,66,48,0,0,UP,1504408150414,"B"
264507,82,19,0,0,DOWN,1504496331014,"R"
264507,85,22,0,0,UP,1504504101214,"U"
264507,71,34,0,0,DOWN,1504592298814,"G"
264507,82,19,0,0,UP,1504608136314,"R"
264507,71,34,0,0,UP,1504688360714,"G"
264507,69,18,0,0,DOWN,1504696268914,"E"
264507,69,18,0,0,UP,1504784257914,"E"
264507,78,49,0,0,DOWN,1504792277914,"N"
264507,78,49,0,0,UP,1504848283014,"N"
264507,76,38,0,0,DOWN,1504888297714,"L"
264507,76,38,0,0,UP,1504952275114,"L"
264507,65,30,0,0,DOWN,1504992309614,"A"
264507,65,30,0,0,UP,1505040047214,"A"
264507,78,49,0,0,DOWN,1505096293614,"N"
264507,78,49,0,0,UP,1505144292114,"N"
264507,68,32,0,0,DOWN,1505192342014,"D"
264507,70,33,0,0,DOWN,1505296289714,"F"
264507,68,32,0,0,UP,1505304283114,"D"
264507,70,33,0,0,UP,1505360317814,"F"
264507,72,35,0,0,DOWN,1505392295114,"H"
264507,72,35,0,0,UP,1505496428714,"H"
264507,66,48,0,0,DOWN,1505497464414,"B"
264507,85,22,0,0,DOWN,1505592015614,"U"
264507,66,48,0,0,UP,1505616337014,"B"
264507,85,22,0,0,UP,1505688312914,"U"
264507,82,19,0,0,DOWN,1505696320814,"R"
264507,71,34,0,0,DOWN,1505792290614,"G"
264507,82,19,0,0,UP,1505808062214,"R"
264507,69,18,0,0,DOWN,1505896420814,"E"
264507,71,34,0,0,UP,1505904009414,"G"
264507,78,49,0,0,DOWN,1505992225014,"N"
264507,69,18,0,0,UP,1506000242514,"E"
264507,78,49,0,0,UP,1506048296814,"N"
264507,76,38,0,0,DOWN,1506096104514,"L"
264507,76,38,0,0,UP,1506152280414,"L"
264507,65,30,0,0,DOWN,1506192317314,"A"
264507,65,30,0,0,UP,1506232316114,"A"
264507,78,49,0,0,DOWN,1506296281914,"N"
264507,78,49,0,0,UP,1506352175814,"N"
264507,68,32,0,0,DOWN,1506392326014,"D"
264507,70,33,0,0,DOWN,1506496325614,"F"
264507,68,32,0,0,UP,1506504003214,"D"
264507,70,33,0,0,UP,1506568358414,"F"
264507,72,35,0,0,DOWN,1506592289614,"H"
264507,66,48,0,0,DOWN,1506688378614,"B"
264507,72,35,0,0,UP,1506696013714,"H"
264507,85,22,0,0,DOWN,1506792309014,"U"
264507,66,48,0,0,UP,1506808078514,"B"
264507,82,19,0,0,DOWN,1506896079014,"R"
264507,85,22,0,0,UP,1506904259914,"U"
264507,71,34,0,0,DOWN,1506992289914,"G"
264507,82,19,0,0,UP,1507008084214,"R"
264507,71,34,0,0,UP,1507096372014,"G"
264507,69,18,0,0,DOWN,1507097185114,"E"
264507,78,49,0,0,DOWN,1507192285114,"N"
264507,69,18,0,0,UP,1507200256114,"E"
264507,78,49,0,0,UP,1507248287514,"N"
264507,76,38,0,0,DOWN,1507296325514,"L"
264507,76,38,0,0,UP,1507352322914,"L"
264507,65,30,0,0,DOWN,1507392290114,"A"
264507,65,30,0,0,UP,1507440355714,"A"
264507,78,49,0,0,DOWN,1507496291114,"N"
264507,78,49,0,0,UP,1507536278114,"N"
264507,68,32,0,0,DOWN,1507592288614,"D"
264507,70,33,0,0,DOWN,1507696325114,"F"
264507,68,32,0,0,UP,1507704036514,"D"
264507,70,33,0,0,UP,1507768339414,"F"
264507,72,35,0,0,DOWN,1507792219514,"H"
264507,72,35,0,0,UP,1507888340214,"H"
264507,66,48,0,0,DOWN,1507896335414,"B"
264507,85,22,0,0,DOWN,1507992072214,"U"
264507,66,48,0,0,UP,1508008145414,"B"
264507,85,22,0,0,UP,1508096309314,"U"
264507,82,19,0,0,DOWN,1508097030014,"R"
264507,71,34,0,0,DOWN,1508192090314,"G"
264507,82,19,0,0,UP,1508207996814,"R"
264507,71,34,0,0,UP,1508296091814,"G"
264507,69,18,0,0,DOWN,1508297087514,"E"
264507,69,18,0,0,UP,1508392148114,"E"
264507,78,49,0,0,DOWN,1508392853214,"N"
264507,78,49,0,0,UP,1508456321114,"N"
264507,76,38,0,0,DOWN,1508488311714,"L"
264507,76,38,0,0,UP,1508552354514,"L"
264507,65,30,0,0,DOWN,1508592153714,"A"
264507,65,30,0,0,UP,1508640201314,"A"
264507,78,49,0,0,DOWN,1508688338014,"N"
264507,78,49,0,0,UP,1508744356114,"N"
264507,68,32,0,0,DOWN,1508800316314,"D"
264507,70,33,0,0,DOWN,1508896369914,"F"
264507,68,32,0,0,UP,1508904149914,"D"
264507,70,33,0,0,UP,1508976127814,"F"
264507,72,35,0,0,DOWN,1508992229614,"H"
264507,66,48,0,0,DOWN,1509096378314,"B"
264507,72,35,0,0,UP,1509104017514,"H"
264507,85,22,0,0,DOWN,1509192068714,"U"
264507,66,48,0,0,UP,1509216332314,"B"
264507,82,19,0,0,DOWN,1509296371914,"R"
264507,85,22,0,0,UP,1509304061514,"U"
264507,71,34,0,0,DOWN,1509392295214,"G"
264507,82,19,0,0,UP,1509408272514,"R"
264507,71,34,0,0,UP,1509496340914,"G"
264507,69,18,0,0,DOWN,1509497257614,"E"
264507,69,18,0,0,UP,1509592109714,"E"
264507,78,49,0,0,DOWN,1509592768014,"N"
264507,78,49,0,0,UP,1509648362214,"N"
264507,76,38,0,0,DOWN,1509696327214,"L"
264507,76,38,0,0,UP,1509752356714,"L"
264507,65,30,0,0,DOWN,1509792246414,"A"
264507,65,30,0,0,UP,1509832368914,"A"
264507,78,49,0,0,DOWN,1509896333814,"N"
264507,78,49,0,0,UP,1509936309814,"N"
264507,68,32,0,0,DOWN,1509992517214,"D"
264507,70,33,0,0,DOWN,1510096323914,"F"
264507,68,32,0,0,UP,1510104116114,"D"
264507,70,33,0,0,UP,1510168354614,"F"
264507,72,35,0,0,DOWN,1510192398714,"H"
264507,72,35,0,0,UP,1510288040714,"H"
264507,66,48,0,0,DOWN,1510304184414,"B"
264507,85,22,0,0,DOWN,1510392442614,"U"
264507,66,48,0,0,UP,1510408301114,"B"
264507,82,19,0,0,DOWN,1510488359414,"R"
264507,85,22,0,0,UP,1510496237014,"U"
264507,71,34,0,0,DOWN,1510592356014,"G"
264507,82,19,0,0,UP,1510600078414,"R"
264507,71,34,0,0,UP,1510696333014,"G"
264507,69,18,0,0,DOWN,1510697290814,"E"
264507,69,18,0,0,UP,1510792369214,"E"
264507,78,49,0,0,DOWN,1510793276214,"N"
264507,78,49,0,0,UP,1510848348814,"N"
264507,76,38,0,0,DOWN,1510896351314,"L"
264507,76,38,0,0,UP,1510952365014,"L"
264507,65,30,0,0,DOWN,1510992399214,"A"
264507,65,30,0,0,UP,1511040368714,"A"
264507,78,49,0,0,DOWN,1511096335414,"N"
264507,78,49,0,0,UP,1511144122614,"N"
264507,68,32,0,0,DOWN,1511192370414,"D"
264507,70,33,0,0,DOWN,1511296345614,"F"
264507,68,32,0,0,UP,1511304356614,"D"
264507,70,33,0,0,UP,1511368383714,"F"
264507,72,35,0,0,DOWN,1511392388214,"H"
264507,72,35,0,0,UP,1511496394514,"H"
264507,66,48,0,0,DOWN,1511497276114,"B"
264507,85,22,0,0,DOWN,1511592333014,"U"
264507,66,48,0,0,UP,1511616345414,"B"
264507,85,22,0,0,UP,1511696396014,"U"
264507,82,19,0,0,DOWN,1511697318714,"R"
264507,71,34,0,0,DOWN,1511792388914,"G"
264507,82,19,0,0,UP,1511808364214,"R"
264507,69,18,0,0,DOWN,1511896368714,"E"
264507,71,34,0,0,UP,1511904236614,"G"
264507,78,49,0,0,DOWN,1511992395914,"N"
264507,69,18,0,0,UP,1512008407514,"E"
264507,78,49,0,0,UP,1512048098614,"N"
264507,76,38,0,0,DOWN,1512096349614,"L"
264507,76,38,0,0,UP,1512152327414,"L"
264507,65,30,0,0,DOWN,1512192349314,"A"
264507,65,30,0,0,UP,1512232396714,"A"
264507,78,49,0,0,DOWN,1512296342814,"N"
264507,78,49,0,0,UP,1512344297614,"N"
264507,68,32,0,0,DOWN,1512392422014,"D"
264507,70,33,0,0,DOWN,1512496363014,"F"
264507,68,32,0,0,UP,1512504353514,"D"
264507,70,33,0,0,UP,1512568379914,"F"
264507,72,35,0,0,DOWN,1512592177014,"H"
264507,72,35,0,0,UP,1512688396414,"H"
264507,66,48,0,0,DOWN,1512689410714,"B"
264507,85,22,0,0,DOWN,1512792378514,"U"
264507,66,48,0,0,UP,1512808331514,"B"
264507,82,19,0,0,DOWN,1512888348314,"R"
264507,85,22,0,0,UP,1512896093414,"U"
264507,71,34,0,0,DOWN,1512992359014,"G"
264507,82,19,0,0,UP,1513000214014,"R"
264507,71,34,0,0,UP,1513096248414,"G"
264507,69,18,0,0,DOWN,1513097096714,"E"
264507,78,49,0,0,DOWN,1513192399014,"N"
264507,69,18,0,0,UP,1513200231114,"E"
264507,78,49,0,0,UP,1513256364514,"N"
264507,76,38,0,0,DOWN,1513296357114,"L"
264507,76,38,0,0,UP,1513344376314,"L"
264507,65,30,0,0,DOWN,1513392407314,"A"
264507,65,30,0,0,UP,1513440384214,"A"
264507,78,49,0,0,DOWN,1513496360714,"N"
264507,78,49,0,0,UP,1513544428114,"N"
264507,68,32,0,0,DOWN,1513592360014,"D"
264507,70,33,0,0,DOWN,1513696166114,"F"
264507,68,32,0,0,UP,1513704239214,"D"
264507,70,33,0,0,UP,1513768393314,"F"
264507,72,35,0,0,DOWN,1513792383614,"H"
264507,72,35,0,0,UP,1513896144914,"H"
264507,66,48,0,0,DOWN,1513896868314,"B"
264507,85,22,0,0,DOWN,1513992334814,"U"
264507,66,48,0,0,UP,1514008094714,"B"
264507,82,19,0,0,DOWN,1514096159114,"R"
264507,85,22,0,0,UP,1514104031314,"U"
264507,71,34,0,0,DOWN,1514192400514,"G"
264507,82,19,0,0,UP,1514208126814,"R"
264507,69,18,0,0,DOWN,1514296113414,"E"
264507,71,34,0,0,UP,1514304070914,"G"
264507,69,18,0,0,UP,1514392340514,"E"
264507,78,49,0,0,DOWN,1514393310514,"N"
264507,78,49,0,0,UP,1514448326814,"N"
264507,76,38,0,0,DOWN,1514488389614,"L"
264507,76,38,0,0,UP,1514552130814,"L"
264507,65,30,0,0,DOWN,1514592422714,"A"
264507,65,30,0,0,UP,1514632125814,"A"
264507,78,49,0,0,DOWN,1514688398114,"N"
264507,78,49,0,0,UP,1514752376414,"N"
264507,68,32,0,0,DOWN,1514800389914,"D"
264507,70,33,0,0,DOWN,1514888534814,"F"
264507,68,32,0,0,UP,1514904308514,"D"
264507,70,33,0,0,UP,1514968391814,"F"
264507,72,35,0,0,DOWN,1514992373314,"H"
264507,66,48,0,0,DOWN,1515096313214,"B"
264507,72,35,0,0,UP,1515104047714,"H"
264507,85,22,0,0,DOWN,1515192370114,"U"
264507,66,48,0,0,UP,1515208421014,"B"
264507,82,19,0,0,DOWN,1515296352214,"R"
264507,85,22,0,0,UP,1515304093814,"U"
264507,71,34,0,0,DOWN,1515392343914,"G"
264507,82,19,0,0,UP,1515408325514,"R"
264507,69,18,0,0,DOWN,1515496430114,"E"
264507,71,34,0,0,UP,1515504111114,"G"
264507,78,49,0,0,DOWN,1515592360014,"N"
264507,69,18,0,0,UP,1515600214614,"E"
264507,78,49,0,0,UP,1515648380214,"N"
264507,76,38,0,0,DOWN,1515696434614,"L"
264507,76,38,0,0,UP,1515752353714,"L"
264507,65,30,0,0,DOWN,1515792405214,"A"
264507,65,30,0,0,UP,1515840406814,"A"
264507,78,49,0,0,DOWN,1515896456014,"N"
264507,78,49,0,0,UP,1515944488614,"N"
264507,68,32,0,0,DOWN,1515992420814,"D"
264507,70,33,0,0,DOWN,1516096481814,"F"
264507,68,32,0,0,UP,1516104129314,"D"
264507,70,33,0,0,UP,1516168247614,"F"
264507,72,35,0,0,DOWN,1516192401014,"H"
264507,72,35,0,0,UP,1516288421514,"H"
264507,66,48,0,0,DOWN,1516296401514,"B"
264507,85,22,0,0,DOWN,1516392432314,"U"
264507,66,48,0,0,UP,1516408397214,"B"
264507,85,22,0,0,UP,1516496394014,"U"
264507,82,19,0,0,DOWN,1516497582614,"R"
264507,71,34,0,0,DOWN,1516592135114,"G"
264507,82,19,0,0,UP,1516608400214,"R"
264507,71,34,0,0,UP,1516696452714,"G"
264507,69,18,0,0,DOWN,1516697516514,"E"
264507,78,49,0,0,DOWN,1516792387614,"N"
264507,69,18,0,0,UP,1516800121214,"E"
264507,78,49,0,0,UP,1516848176514,"N"
264507,76,38,0,0,DOWN,1516888413314,"L"
264507,76,38,0,0,UP,1516944412314,"L"
264507,65,30,0,0,DOWN,1516992383214,"A"
264507,65,30,0,0,UP,1517040158914,"A"
264507,78,49,0,0,DOWN,1517088383014,"N"
264507,78,49,0,0,UP,1517152371514,"N"
264507,68,32,0,0,DOWN,1517200362614,"D"
264507,70,33,0,0,DOWN,1517296367514,"F"
264507,68,32,0,0,UP,1517304244214,"D"
264507,70,33,0,0,UP,1517376413814,"F"
264507,72,35,0,0,DOWN,1517392439914,"H"
264507,72,35,0,0,UP,1517496408814,"H"
264507,66,48,0,0,DOWN,1517497403214,"B"
264507,85,22,0,0,DOWN,1517592395514,"U"
264507,66,48,0,0,UP,1517608378414,"B"
264507,82,19,0,0,DOWN,1517696442014,"R"
264507,85,22,0,0,UP,1517704212914,"U"
264507,71,34,0,0,DOWN,1517792428814,"G"
264507,82,19,0,0,UP,1517808387814,"R"
264507,71,34,0,0,UP,1517896404014,"G"
264507,69,18,0,0,DOWN,1517897417814,"E"
264507,69,18,0,0,UP,1517992488514,"E"
264507,78,49,0,0,DOWN,1517993532214,"N"
264507,78,49,0,0,UP,1518048398214,"N"
264507,76,38,0,0,DOWN,1518096420214,"L"
264507,76,38,0,0,UP,1518152443714,"L"
264507,65,30,0,0,DOWN,1518192371814,"A"
264507,65,30,0,0,UP,1518232319514,"A"
264507,78,49,0,0,DOWN,1518296444914,"N"
264507,78,49,0,0,UP,1518336364814,"N"
264507,68,32,0,0,DOWN,1518392390214,"D"
264507,70,33,0,0,DOWN,1518496380714,"F"
264507,68,32,0,0,UP,1518504443314,"D"
264507,70,33,0,0,UP,1518568372514,"F"
264507,72,35,0,0,DOWN,1518592380914,"H"
264507,72,35,0,0,UP,1518688441814,"H"
264507,66,48,0,0,DOWN,1518696206714,"B"
264507,85,22,0,0,DOWN,1518792474214,"U"
264507,66,48,0,0,UP,1518808400914,"B"
264507,82,19,0,0,DOWN,1518888408514,"R"
264507,85,22,0,0,UP,1518896239114,"U"
264507,71,34,0,0,DOWN,1518992466914,"G"
264507,82,19,0,0,UP,1519000304514,"R"
264507,71,34,0,0,UP,1519096466214,"G"
264507,69,18,0,0,DOWN,1519097535914,"E"
264507,78,49,0,0,DOWN,1519192393414,"N"
264507,69,18,0,0,UP,1519200324014,"E"
264507,78,49,0,0,UP,1519256402314,"N"
264507,76,38,0,0,DOWN,1519296445214,"L"
264507,76,38,0,0,UP,1519352186814,"L"
264507,65,30,0,0,DOWN,1519392433814,"A"
264507,65,30,0,0,UP,1519440376714,"A"
264507,78,49,0,0,DOWN,1519496389014,"N"
264507,78,49,0,0,UP,1519552389514,"N"
264507,68,32,0,0,DOWN,1519592447014,"D"
264507,68,32,0,0,UP,1519696457114,"D"
264507,70,33,0,0,DOWN,1519697230414,"F"
264507,70,33,0,0,UP,1519768391614,"F"
264507,72,35,0,0,DOWN,1519792402914,"H"
264507,72,35,0,0,UP,1519896393814,"H"
264507,66,48,0,0,DOWN,1519896991014,"B"
264507,85,22,0,0,DOWN,1519992456014,"U"
264507,66,48,0,0,UP,1520008491714,"B"
264507,82,19,0,0,DOWN,1520096452214,"R"
264507,85,22,0,0,UP,1520104281914,"U"
264507,71,34,0,0,DOWN,1520192453714,"G"
264507,82,19,0,0,UP,1520208416314,"R"
264507,69,18,0,0,DOWN,1520296253314,"E"
264507,71,34,0,0,UP,1520304137714,"G"
264507,78,49,0,0,DOWN,1520392416014,"N"
264507,69,18,0,0,UP,1520400196614,"E"
264507,78,49,0,0,UP,1520448429514,"N"
264507,76,38,0,0,DOWN,1520488454914,"L"
264507,76,38,0,0,UP,1520544435914,"L"
264507,65,30,0,0,DOWN,1520592589814,"A"
264507,65,30,0,0,UP,1520632451814,"A"
264507,78,49,0,0,DOWN,1520688432714,"N"
264507,78,49,0,0,UP,1520744487414,"N"
264507,68,32,0,0,DOWN,1520800286414,"D"
264507,70,33,0,0,DOWN,1520888448714,"F"
264507,68,32,0,0,UP,1520904142814,"D"
264507,70,33,0,0,UP,1520968208014,"F"
264507,72,35,0,0,DOWN,1520992461614,"H"
264507,72,35,0,0,UP,1521096424214,"H"
264507,66,48,0,0,DOWN,1521097244014,"B"
264507,85,22,0,0,DOWN,1521192450814,"U"
264507,66,48,0,0,UP,1521216418414,"B"
264507,82,19,0,0,DOWN,1521296427714,"R"
264507,85,22,0,0,UP,1521304330114,"U"
264507,71,34,0,0,DOWN,1521392484314,"G"
264507,82,19,0,0,UP,1521408489714,"R"
264507,71,34,0,0,UP,1521496457214,"G"
264507,69,18,0,0,DOWN,1521497158914,"E"
264507,78,49,0,0,DOWN,1521592273914,"N"
264507,69,18,0,0,UP,1521600151814,"E"
264507,78,49,0,0,UP,1521656468314,"N"
264507,76,38,0,0,DOWN,1521696437714,"L"
264507,76,38,0,0,UP,1521752425614,"L"
264507,65,30,0,0,DOWN,1521792400514,"A"
264507,65,30,0,0,UP,1521840455214,"A"
264507,78,49,0,0,DOWN,1521896453614,"N"
264507,78,49,0,0,UP,1521952423614,"N"
264507,68,32,0,0,DOWN,1521992444814,"D"
264507,70,33,0,0,DOWN,1522096445514,"F"
264507,68,32,0,0,UP,1522104259214,"D"
264507,70,33,0,0,UP,1522168342114,"F"
264507,72,35,0,0,DOWN,1522192421014,"H"
264507,72,35,0,0,UP,1522296462814,"H"
264507,66,48,0,0,DOWN,1522297168414,"B"
264507,85,22,0,0,DOWN,1522392472014,"U"
264507,66,48,0,0,UP,1522408408714,"B"
264507,82,19,0,0,DOWN,1522496427814,"R"
264507,85,22,0,0,UP,1522504406114,"U"
264507,71,34,0,0,DOWN,1522600204914,"G"
264507,82,19,0,0,UP,1522608288914,"R"
264507,71,34,0,0,UP,1522696511614,"G"
264507,69,18,0,0,DOWN,1522697199014,"E"
264507,78,49,0,0,DOWN,1522792502814,"N"
264507,69,18,0,0,UP,1522800478914,"E"
264507,78,49,0,0,UP,1522848458614,"N"
264507,76,38,0,0,DOWN,1522888546014,"L"
264507,76,38,0,0,UP,1522944444114,"L"
264507,65,30,0,0,DOWN,1522992482014,"A"
264507,65,30,0,0,UP,1523040444314,"A"
264507,78,49,0,0,DOWN,1523096478614,"N"
264507,78,49,0,0,UP,1523152258814,"N"
264507,68,32,0,0,DOWN,1523200508114,"D"
264507,70,33,0,0,DOWN,1523296483914,"F"
264507,68,32,0,0,UP,1523304176414,"D"
264507,70,33,0,0,UP,1523376151514,"F"
264507,72,35,0,0,DOWN,1523392436514,"H"
264507,66,48,0,0,DOWN,1523496495414,"B"
264507,72,35,0,0,UP,1523504263314,"H"
264507,85,22,0,0,DOWN,1523592471414,"U"
264507,66,48,0,0,UP,1523616458314,"B"
264507,82,19,0,0,DOWN,1523696455514,"R"
264507,85,22,0,0,UP,1523704553314,"U"
264507,71,34,0,0,DOWN,1523792420314,"G"
264507,82,19,0,0,UP,1523808437814,"R"
264507,69,18,0,0,DOWN,1523896447414,"E"
264507,71,34,0,0,UP,1523904198314,"G"
264507,78,49,0,0,DOWN,1523992436114,"N"
264507,69,18,0,0,UP,1524000427814,"E"
264507,78,49,0,0,UP,1524056471814,"N"
264507,76,38,0,0,DOWN,1524096447314,"L"
264507,76,38,0,0,UP,1524144454614,"L"
264507,65,30,0,0,DOWN,1524192451414,"A"
264507,65,30,0,0,UP,1524232428514,"A"
264507,78,49,0,0,DOWN,1524296467314,"N"
264507,78,49,0,0,UP,1524344467514,"N"
264507,68,32,0,0,DOWN,1524392461414,"D"
264507,70,33,0,0,DOWN,1524496421914,"F"
264507,68,32,0,0,UP,1524504137214,"D"
264507,70,33,0,0,UP,1524568519114,"F"
264507,72,35,0,0,DOWN,1524592176514,"H"
264507,72,35,0,0,UP,1524688526614,"H"
264507,66,48,0,0,DOWN,1524689432314,"B"
264507,85,22,0,0,DOWN,1524792534114,"U"
264507,66,48,0,0,UP,1524808534014,"B"
264507,85,22,0,0,UP,1524896519914,"U"
264507,82,19,0,0,DOWN,1524897509814,"R"
264507,71,34,0,0,DOWN,1524992440014,"G"
264507,82,19,0,0,UP,1525008308814,"R"
264507,69,18,0,0,DOWN,1525096454914,"E"
264507,71,34,0,0,UP,1525104394414,"G"
264507,78,49,0,0,DOWN,1525192441314,"N"
264507,69,18,0,0,UP,1525200169814,"E"
264507,78,49,0,0,UP,1525256474314,"N"
264507,76,38,0,0,DOWN,1525296571614,"L"
264507,76,38,0,0,UP,1525352508114,"L"
264507,65,30,0,0,DOWN,1525392454914,"A"
264507,65,30,0,0,UP,1525440223514,"A"
264507,78,49,0,0,DOWN,1525496479314,"N"
264507,78,49,0,0,UP,1525552469714,"N"
264507,68,32,0,0,DOWN,1525592507814,"D"
264507,70,33,0,0,DOWN,1525696493214,"F"
264507,68,32,0,0,UP,1525704449614,"D"
264507,70,33,0,0,UP,1525768550814,"F"
264507,72,35,0,0,DOWN,1525792497814,"H"
264507,72,35,0,0,UP,1525896530714,"H"
264507,66,48,0,0,DOWN,1525897363914,"B"
264507,85,22,0,0,DOWN,1525992529814,"U"
264507,66,48,0,0,UP,1526016447514,"B"
264507,82,19,0,0,DOWN,1526096478314,"R"
264507,85,22,0,0,UP,1526104060814,"U"
264507,71,34,0,0,DOWN,1526192451414,"G"
264507,82,19,0,0,UP,1526208443514,"R"
264507,71,34,0,0,UP,1526296470214,"G"
264507,69,18,0,0,DOWN,1526297358714,"E"
264507,78,49,0,0,DOWN,1526392462814,"N"
264507,69,18,0,0,UP,1526400293814,"E"
264507,78,49,0,0,UP,1526448451014,"N"
264507,76,38,0,0,DOWN,1526488270914,"L"
264507,76,38,0,0,UP,1526552445614,"L"
264507,65,30,0,0,DOWN,1526592450314,"A"
264507,65,30,0,0,UP,1526640235314,"A"
264507,78,49,0,0,DOWN,1526688342614,"N"
264507,78,49,0,0,UP,1526744482314,"N"
264507,68,32,0,0,DOWN,1526800495114,"D"
264507,70,33,0,0,DOWN,1526896509114,"F"
264507,68,32,0,0,UP,1526904184814,"D"
264507,70,33,0,0,UP,1526976469714,"F"
264507,72,35,0,0,DOWN,1526992478014,"H"
264507,72,35,0,0,UP,1527096404214,"H"
264507,66,48,0,0,DOWN,1527097196314,"B"
264507,85,22,0,0,DOWN,1527192472414,"U"
264507,66,48,0,0,UP,1527208416314,"B"
264507,82,19,0,0,DOWN,1527296376914,"R"
264507,85,22,0,0,UP,1527304339214,"U"
264507,71,34,0,0,DOWN,1527392490614,"G"
264507,82,19,0,0,UP,1527408264814,"R"
264507,71,34,0,0,UP,1527496540314,"G"
264507,69,18,0,0,DOWN,1527497429914,"E"
264507,69,18,0,0,UP,1527592728014,"E"
264507,78,49,0,0,DOWN,1527593348814,"N"
264507,78,49,0,0,UP,1527648554214,"N"
264507,76,38,0,0,DOWN,1527696482314,"L"
264507,76,38,0,0,UP,1527752514114,"L"
264507,65,30,0,0,DOWN,1527792587114,"A"
264507,65,30,0,0,UP,1527840523314,"A"
264507,78,49,0,0,DOWN,1527896493514,"N"
264507,78,49,0,0,UP,1527944506714,"N"
264507,68,32,0,0,DOWN,1527992504514,"D"
264507,70,33,0,0,DOWN,1528096499914,"F"
264507,68,32,0,0,UP,1528104297014,"D"
264507,70,33,0,0,UP,1528168501114,"F"
264507,72,35,0,0,DOWN,1528192539414,"H"
264507,72,35,0,0,UP,1528288567614,"H"
264507,66,48,0,0,DOWN,1528296484114,"B"
264507,85,22,0,0,DOWN,1528392508614,"U"
264507,66,48,0,0,UP,1528416383214,"B"
264507,82,19,0,0,DOWN,1528488604814,"R"
264507,85,22,0,0,UP,1528496381714,"U"
264507,71,34,0,0,DOWN,1528592222314,"G"
264507,82,19,0,0,UP,1528600376814,"R"
264507,69,18,0,0,DOWN,1528696465014,"E"
264507,71,34,0,0,UP,1528704209014,"G"
264507,78,49,0,0,DOWN,1528792466714,"N"
264507,69,18,0,0,UP,1528800318714,"E"
264507,78,49,0,0,UP,1528856268114,"N"
264507,76,38,0,0,DOWN,1528896520614,"L"
264507,76,38,0,0,UP,1528952470614,"L"
264507,65,30,0,0,DOWN,1528992502514,"A"
264507,65,30,0,0,UP,1529040329314,"A"
264507,78,49,0,0,DOWN,1529096473714,"N"
264507,78,49,0,0,UP,1529144501514,"N"
264507,68,32,0,0,DOWN,1529192527114,"D"
264507,70,33,0,0,DOWN,1529296509714,"F"
264507,68,32,0,0,UP,1529312486914,"D"
264507,70,33,0,0,UP,1529368443514,"F"
264507,72,35,0,0,DOWN,1529392445714,"H"
264507,72,35,0,0,UP,1529496512214,"H"
264507,66,48,0,0,DOWN,1529497225614,"B"
264507,85,22,0,0,DOWN,1529592471814,"U"
264507,66,48,0,0,UP,1529608276614,"B"
264507,82,19,0,0,DOWN,1529696531714,"R"
264507,85,22,0,0,UP,1529704470014,"U"
264507,71,34,0,0,DOWN,1529792492114,"G"
264507,82,19,0,0,UP,1529808246714,"R"
264507,69,18,0,0,DOWN,1529896247214,"E"
264507,71,34,0,0,UP,1529904399314,"G"
264507,78,49,0,0,DOWN,1529992509714,"N"
264507,69,18,0,0,UP,1530000316014,"E"
264507,78,49,0,0,UP,1530048518614,"N"
264507,76,38,0,0,DOWN,1530096506814,"L"
264507,76,38,0,0,UP,1530152520414,"L"
264507,65,30,0,0,DOWN,1530192592614,"A"
264507,65,30,0,0,UP,1530232501914,"A"
264507,78,49,0,0,DOWN,1530296540814,"N"
264507,78,49,0,0,UP,1530344520414,"N"
264507,68,32,0,0,DOWN,1530400512714,"D"
264507,70,33,0,0,DOWN,1530488487314,"F"
264507,68,32,0,0,UP,1530504501014,"D"
264507,70,33,0,0,UP,1530568509314,"F"
264507,72,35,0,0,DOWN,1530592509214,"H"
264507,72,35,0,0,UP,1530696479414,"H"
264507,66,48,0,0,DOWN,1530697174314,"B"
264507,85,22,0,0,DOWN,1530792491414,"U"
264507,66,48,0,0,UP,1530816227414,"B"
264507,82,19,0,0,DOWN,1530896613114,"R"
264507,85,22,0,0,UP,1530904439214,"U"
264507,71,34,0,0,DOWN,1530992502714,"G"
264507,82,19,0,0,UP,1531008256614,"R"
264507,69,18,0,0,DOWN,1531096474714,"E"
264507,71,34,0,0,UP,1531104433514,"G"
264507,78,49,0,0,DOWN,1531192483214,"N"
264507,69,18,0,0,UP,1531200337714,"E"
264507,78,49,0,0,UP,1531256507014,"N"
264507,76,38,0,0,DOWN,1531296276614,"L"
264507,76,38,0,0,UP,1531352585914,"L"
264507,65,30,0,0,DOWN,1531392479514,"A"
264507,65,30,0,0,UP,1531440691514,"A"
264507,78,49,0,0,DOWN,1531496525914,"N"
264507,78,49,0,0,UP,1531552518014,"N"
264507,68,32,0,0,DOWN,1531592401514,"D"
264507,70,33,0,0,DOWN,1531696538114,"F"
264507,68,32,0,0,UP,1531704236214,"D"
264507,70,33,0,0,UP,1531768515414,"F"
264507,72,35,0,0,DOWN,1531792473714,"H"
264507,72,35,0,0,UP,1531888543614,"H"
264507,66,48,0,0,DOWN,1531896556014,"B"
264507,85,22,0,0,DOWN,1531992264814,"U"
264507,66,48,0,0,UP,1532008234914,"B"
264507,85,22,0,0,UP,1532096462614,"U"
264507,82,19,0,0,DOWN,1532097103014,"R"
264507,71,34,0,0,DOWN,1532200329614,"G"
264507,82,19,0,0,UP,1532208344414,"R"
264507,71,34,0,0,UP,1532288528514,"G"
264507,69,18,0,0,DOWN,1532296500014,"E"
264507,69,18,0,0,UP,1532392247614,"E"
264507,78,49,0,0,DOWN,1532393137914,"N"
264507,78,49,0,0,UP,1532448276114,"N"
264507,76,38,0,0,DOWN,1532488567714,"L"
264507,76,38,0,0,UP,1532552570014,"L"
264507,65,30,0,0,DOWN,1532592278614,"A"
264507,65,30,0,0,UP,1532640499314,"A"
264507,78,49,0,0,DOWN,1532696500714,"N"
264507,78,49,0,0,UP,1532752525714,"N"
264507,68,32,0,0,DOWN,1532800559614,"D"
264507,70,33,0,0,DOWN,1532896540214,"F"
264507,68,32,0,0,UP,1532904231314,"D"
264507,70,33,0,0,UP,1532976403914,"F"
264507,72,35,0,0,DOWN,1532992388914,"H"
264507,66,48,0,0,DOWN,1533096512914,"B"
264507,72,35,0,0,UP,1533104224914,"H"
264507,85,22,0,0,DOWN,1533192303414,"U"
264507,66,48,0,0,UP,1533208615614,"B"
264507,82,19,0,0,DOWN,1533296549814,"R"
264507,85,22,0,0,UP,1533304807814,"U"
264507,71,34,0,0,DOWN,1533392364214,"G"
264507,82,19,0,0,UP,1533408544014,"R"
264507,69,18,0,0,DOWN,1533496494114,"E"
264507,71,34,0,0,UP,1533504269614,"G"
264507,69,18,0,0,UP,1533592411814,"E"
264507,78,49,0,0,DOWN,1533600300714,"N"
264507,78,49,0,0,UP,1533648503014,"N"
264507,76,38,0,0,DOWN,1533696527614,"L"
264507,76,38,0,0,UP,1533752521314,"L"
264507,65,30,0,0,DOWN,1533792533714,"A"
264507,65,30,0,0,UP,1533840544814,"A"
264507,78,49,0,0,DOWN,1533896516414,"N"
264507,78,49,0,0,UP,1533944515814,"N"
264507,68,32,0,0,DOWN,1533992585714,"D"
264507,70,33,0,0,DOWN,1534096528214,"F"
264507,68,32,0,0,UP,1534104285214,"D"
264507,70,33,0,0,UP,1534160289914,"F"
264507,72,35,0,0,DOWN,1534200566814,"H"
264507,72,35,0,0,UP,1534288524014,"H"
264507,66,48,0,0,DOWN,1534296566314,"B"
264507,85,22,0,0,DOWN,1534392659114,"U"
264507,66,48,0,0,UP,1534408569114,"B"
264507,82,19,0,0,DOWN,1534488530214,"R"
264507,85,22,0,0,UP,1534504552814,"U"
264507,71,34,0,0,DOWN,1534592778314,"G"
264507,82,19,0,0,UP,1534600291314,"R"
264507,71,34,0,0,UP,1534696530814,"G"
264507,69,18,0,0,DOWN,1534697271914,"E"
264507,78,49,0,0,DOWN,1534792540014,"N"
264507,69,18,0,0,UP,1534800562914,"E"
264507,78,49,0,0,UP,1534856522114,"N"
264507,76,38,0,0,DOWN,1534896532514,"L"
264507,76,38,0,0,UP,1534952326814,"L"
264507,65,30,0,0,DOWN,1534992552214,"A"
264507,65,30,0,0,UP,1535040565214,"A"
264507,78,49,0,0,DOWN,1535096513414,"N"
264507,78,49,0,0,UP,1535152553814,"N"
264507,68,32,0,0,DOWN,1535192532614,"D"
264507,70,33,0,0,DOWN,1535296521414,"F"
264507,68,32,0,0,UP,1535304609214,"D"
264507,70,33,0,0,UP,1535368560314,"F"
264507,72,35,0,0,DOWN,1535392567014,"H"
264507,72,35,0,0,UP,1535496576614,"H"
264507,66,48,0,0,DOWN,1535497130414,"B"
264507,85,22,0,0,DOWN,1535592370114,"U"
264507,66,48,0,0,UP,1535608579814,"B"
264507,85,22,0,0,UP,1535696534214,"U"
264507,82,19,0,0,DOWN,1535697225714,"R"
264507,71,34,0,0,DOWN,1535792539614,"G"
264507,82,19,0,0,UP,1535808487314,"R"
264507,71,34,0,0,UP,1535896584714,"G"
264507,69,18,0,0,DOWN,1535897578414,"E"
264507,78,49,0,0,DOWN,1535992567914,"N"
264507,69,18,0,0,UP,1536000378314,"E"
264507,78,49,0,0,UP,1536048528114,"N"
264507,76,38,0,0,DOWN,1536088519214,"L"
264507,76,38,0,0,UP,1536152294014,"L"
264507,65,30,0,0,DOWN,1536192354514,"A"
264507,65,30,0,0,UP,1536240325414,"A"
264507,78,49,0,0,DOWN,1536288511214,"N"
264507,78,49,0,0,UP,1536352362414,"N"
264507,68,32,0,0,DOWN,1536400536914,"D"
264507,70,33,0,0,DOWN,1536488637514,"F"
264507,68,32,0,0,UP,1536504268914,"D"
264507,70,33,0,0,UP,1536568309514,"F"
264507,72,35,0,0,DOWN,1536592562814,"H"
264507,66,48,0,0,DOWN,1536696530014,"B"
264507,72,35,0,0,UP,1536704280014,"H"
264507,85,22,0,0,DOWN,1536792556514,"U"
264507,66,48,0,0,UP,1536808631714,"B"
264507,82,19,0,0,DOWN,1536896333414,"R"
264507,85,22,0,0,UP,1536904384214,"U"
264507,71,34,0,0,DOWN,1536992569814,"G"
264507,82,19,0,0,UP,1537016553014,"R"
264507,69,18,0,0,DOWN,1537096538114,"E"
264507,71,34,0,0,UP,1537112258814,"G"
264507,78,49,0,0,DOWN,1537192629314,"N"
264507,69,18,0,0,UP,1537200425114,"E"
264507,78,49,0,0,UP,1537248172714,"N"
264507,76,38,0,0,DOWN,1537296382014,"L"
264507,76,38,0,0,UP,1537352262514,"L"
264507,65,30,0,0,DOWN,1537392225814,"A"
264507,65,30,0,0,UP,1537440492214,"A"
264507,78,49,0,0,DOWN,1537496526814,"N"
264507,78,49,0,0,UP,1537536565714,"N"
264507,68,32,0,0,DOWN,1537592549414,"D"
264507,70,33,0,0,DOWN,1537696582214,"F"
264507,68,32,0,0,UP,1537704300914,"D"
264507,70,33,0,0,UP,1537768587414,"F"
264507,72,35,0,0,DOWN,1537792589914,"H"
264507,72,35,0,0,UP,1537896408014,"H"
264507,66,48,0,0,DOWN,1537897387514,"B"
264507,85,22,0,0,DOWN,1537992558114,"U"
264507,66,48,0,0,UP,1538008331914,"B"
264507,85,22,0,0,UP,1538096572614,"U"
264507,82,19,0,0,DOWN,1538097574014,"R"
264507,71,34,0,0,DOWN,1538200584314,"G"
264507,82,19,0,0,UP,1538208288914,"R"
264507,71,34,0,0,UP,1538296338614,"G"
264507,69,18,0,0,DOWN,1538297051014,"E"
264507,69,18,0,0,UP,1538392584814,"E"
264507,78,49,0,0,DOWN,1538393480314,"N"
264507,78,49,0,0,UP,1538456566314,"N"
264507,76,38,0,0,DOWN,1538488599714,"L"
264507,76,38,0,0,UP,1538552560114,"L"
264507,65,30,0,0,DOWN,1538592426314,"A"
264507,65,30,0,0,UP,1538640571114,"A"
264507,78,49,0,0,DOWN,1538696478714,"N"
264507,78,49,0,0,UP,1538744598914,"N"
264507,68,32,0,0,DOWN,1538800569514,"D"
264507,70,33,0,0,DOWN,1538896387514,"F"
264507,68,32,0,0,UP,1538904443214,"D"
264507,70,33,0,0,UP,1538968556714,"F"
264507,72,35,0,0,DOWN,1538992554814,"H"
264507,72,35,0,0,UP,1539096371014,"H"
264507,66,48,0,0,DOWN,1539097250014,"B"
264507,85,22,0,0,DOWN,1539192592614,"U"
264507,66,48,0,0,UP,1539208568714,"B"
264507,82,19,0,0,DOWN,1539296517614,"R"
264507,85,22,0,0,UP,1539304304414,"U"
264507,71,34,0,0,DOWN,1539392589314,"G"
264507,82,19,0,0,UP,1539408623214,"R"
264507,69,18,0,0,DOWN,1539496632914,"E"
264507,71,34,0,0,UP,1539504314414,"G"
264507,78,49,0,0,DOWN,1539592621914,"N"
264507,69,18,0,0,UP,1539600342714,"E"
264507,78,49,0,0,UP,1539648355914,"N"
264507,76,38,0,0,DOWN,1539696651914,"L"
264507,76,38,0,0,UP,1539752574214,"L"
264507,65,30,0,0,DOWN,1539792576714,"A"
264507,65,30,0,0,UP,1539832481514,"A"
264507,78,49,0,0,DOWN,1539896640014,"N"
264507,78,49,0,0,UP,1539944831314,"N"
264507,68,32,0,0,DOWN,1539992617714,"D"
264507,70,33,0,0,DOWN,1540096750114,"F"
264507,68,32,0,0,UP,1540104306614,"D"
264507,70,33,0,0,UP,1540168574114,"F"
264507,72,35,0,0,DOWN,1540192537514,"H"
264507,66,48,0,0,DOWN,1540288462014,"B"
264507,72,35,0,0,UP,1540296570914,"H"
264507,85,22,0,0,DOWN,1540392650914,"U"
264507,66,48,0,0,UP,1540408328714,"B"
264507,82,19,0,0,DOWN,1540496721514,"R"
264507,85,22,0,0,UP,1540504312914,"U"
264507,71,34,0,0,DOWN,1540592630414,"G"
264507,82,19,0,0,UP,1540608666914,"R"
264507,69,18,0,0,DOWN,1540696600814,"E"
264507,71,34,0,0,UP,1540704310214,"G"
264507,69,18,0,0,UP,1540792600414,"E"
264507,78,49,0,0,DOWN,1540793263714,"N"
264507,78,49,0,0,UP,1540856692614,"N"
264507,76,38,0,0,DOWN,1540896575914,"L"
264507,76,38,0,0,UP,1540952603214,"L"
264507,65,30,0,0,DOWN,1540992588614,"A"
264507,65,30,0,0,UP,1541040630914,"A"
264507,78,49,0,0,DOWN,1541096581914,"N"
264507,78,49,0,0,UP,1541136613114,"N"
264507,68,32,0,0,DOWN,1541192582614,"D"
264507,70,33,0,0,DOWN,1541296624214,"F"
264507,68,32,0,0,UP,1541304368214,"D"
264507,70,33,0,0,UP,1541368570914,"F"
264507,72,35,0,0,DOWN,1541392632714,"H"
264507,72,35,0,0,UP,1541496646014,"H"
264507,66,48,0,0,DOWN,1541497357814,"B"
264507,85,22,0,0,DOWN,1541592616214,"U"
264507,66,48,0,0,UP,1541616377214,"B"
264507,82,19,0,0,DOWN,1541696601714,"R"
264507,85,22,0,0,UP,1541704297814,"U"
264507,71,34,0,0,DOWN,1541792637514,"G"
264507,82,19,0,0,UP,1541808589014,"R"
264507,69,18,0,0,DOWN,1541896609614,"E"
264507,71,34,0,0,UP,1541904419214,"G"
264507,69,18,0,0,UP,1541992608514,"E"
264507,78,49,0,0,DOWN,1541993550914,"N"
264507,78,49,0,0,UP,1542048317314,"N"
264507,76,38,0,0,DOWN,1542088409514,"L"
264507,76,38,0,0,UP,1542152579814,"L"
264507,65,30,0,0,DOWN,1542192576814,"A"
264507,65,30,0,0,UP,1542240584514,"A"
264507,78,49,0,0,DOWN,1542288591614,"N"
264507,78,49,0,0,UP,1542344576514,"N"
264507,68,32,0,0,DOWN,1542400604914,"D"
264507,70,33,0,0,DOWN,1542496613214,"F"
264507,68,32,0,0,UP,1542504318014,"D"
264507,70,33,0,0,UP,1542576581514,"F"
264507,72,35,0,0,DOWN,1542592339714,"H"
264507,66,48,0,0,DOWN,1542696692314,"B"
264507,72,35,0,0,UP,1542704310314,"H"
264507,85,22,0,0,DOWN,1542792670214,"U"
264507,66,48,0,0,UP,1542816425014,"B"
264507,82,19,0,0,DOWN,1542896587514,"R"
264507,85,22,0,0,UP,1542904340014,"U"
264507,71,34,0,0,DOWN,1542992595414,"G"
264507,82,19,0,0,UP,1543016414114,"R"
264507,69,18,0,0,DOWN,1543096612714,"E"
264507,71,34,0,0,UP,1543104267814,"G"
264507,78,49,0,0,DOWN,1543192633714,"N"
264507,69,18,0,0,UP,1543200379814,"E"
264507,78,49,0,0,UP,1543248646714,"N"
264507,76,38,0,0,DOWN,1543296315014,"L"
264507,76,38,0,0,UP,1543352599814,"L"
264507,65,30,0,0,DOWN,1543392597214,"A"
264507,65,30,0,0,UP,1543432551614,"A"
264507,78,49,0,0,DOWN,1543496613214,"N"
264507,78,49,0,0,UP,1543552707014,"N"
264507,68,32,0,0,DOWN,1543592649014,"D"
264507,70,33,0,0,DOWN,1543696626114,"F"
264507,68,32,0,0,UP,1543704352914,"D"
264507,70,33,0,0,UP,1543768615114,"F"
264507,72,35,0,0,DOWN,1543792609614,"H"
264507,72,35,0,0,UP,1543896632114,"H"
264507,66,48,0,0,DOWN,1543897527714,"B"
264507,85,22,0,0,DOWN,1543992607814,"U"
264507,66,48,0,0,UP,1544008676114,"B"
264507,82,19,0,0,DOWN,1544096640314,"R"
264507,85,22,0,0,UP,1544104355914,"U"
264507,71,34,0,0,DOWN,1544200427014,"G"
264507,82,19,0,0,UP,1544208293114,"R"
264507,69,18,0,0,DOWN,1544296607614,"E"
264507,71,34,0,0,UP,1544304344214,"G"
264507,78,49,0,0,DOWN,1544392601714,"N"
264507,69,18,0,0,UP,1544400377414,"E"
264507,78,49,0,0,UP,1544448614714,"N"
264507,76,38,0,0,DOWN,1544496652614,"L"
264507,76,38,0,0,UP,1544552602214,"L"
264507,65,30,0,0,DOWN,1544592628714,"A"
264507,65,30,0,0,UP,1544640614614,"A"
264507,78,49,0,0,DOWN,1544696369714,"N"
264507,78,49,0,0,UP,1544744627114,"N"
264507,68,32,0,0,DOWN,1544800587814,"D"
264507,70,33,0,0,DOWN,1544896629714,"F"
264507,68,32,0,0,UP,1544912602614,"D"
264507,70,33,0,0,UP,1544968626114,"F"
264507,72,35,0,0,DOWN,1544992649714,"H"
264507,72,35,0,0,UP,1545096501314,"H"
264507,66,48,0,0,DOWN,1545097420114,"B"
264507,85,22,0,0,DOWN,1545192646914,"U"
264507,66,48,0,0,UP,1545216749914,"B"
264507,82,19,0,0,DOWN,1545296671914,"R"
264507,85,22,0,0,UP,1545304492514,"U"
264507,71,34,0,0,DOWN,1545392652014,"G"
264507,82,19,0,0,UP,1545408782214,"R"
264507,69,18,0,0,DOWN,1545496649914,"E"
264507,71,34,0,0,UP,1545504367014,"G"
264507,69,18,0,0,UP,1545592612414,"E"
264507,78,49,0,0,DOWN,1545593206914,"N"
264507,78,49,0,0,UP,1545656631514,"N"
264507,76,38,0,0,DOWN,1545696645214,"L"
264507,76,38,0,0,UP,1545752418514,"L"
264507,65,30,0,0,DOWN,1545792610014,"A"
264507,65,30,0,0,UP,1545832585814,"A"
264507,78,49,0,0,DOWN,1545896611714,"N"
264507,78,49,0,0,UP,1545944645714,"N"
264507,68,32,0,0,DOWN,1546000654314,"D"
264507,70,33,0,0,DOWN,1546096640414,"F"
264507,68,32,0,0,UP,1546104614614,"D"
264507,70,33,0,0,UP,1546168383614,"F"
264507,72,35,0,0,DOWN,1546192642014,"H"
264507,72,35,0,0,UP,1546288691714,"H"
264507,66,48,0,0,DOWN,1546289475714,"B"
264507,85,22,0,0,DOWN,1546392628914,"U"
264507,66,48,0,0,UP,1546416633014,"B"
264507,82,19,0,0,DOWN,1546496690314,"R"
264507,85,22,0,0,UP,1546504352614,"U"
264507,71,34,0,0,DOWN,1546592473314,"G"
264507,82,19,0,0,UP,1546616674314,"R"
264507,69,18,0,0,DOWN,1546696677914,"E"
264507,71,34,0,0,UP,1546704359714,"G"
264507,78,49,0,0,DOWN,1546792607814,"N"
264507,69,18,0,0,UP,1546800343714,"E"
264507,78,49,0,0,UP,1546848647814,"N"
264507,76,38,0,0,DOWN,1546896674614,"L"
264507,76,38,0,0,UP,1546952554614,"L"
264507,65,30,0,0,DOWN,1546992636914,"A"
264507,65,30,0,0,UP,1547032603514,"A"
264507,78,49,0,0,DOWN,1547096611314,"N"
264507,78,49,0,0,UP,1547152415714,"N"
264507,68,32,0,0,DOWN,1547192618314,"D"
264507,70,33,0,0,DOWN,1547296617814,"F"
264507,68,32,0,0,UP,1547304362714,"D"
264507,70,33,0,0,UP,1547368642414,"F"
264507,72,35,0,0,DOWN,1547392651414,"H"
264507,66,48,0,0,DOWN,1547496675614,"B"
264507,72,35,0,0,UP,1547504376514,"H"
264507,85,22,0,0,DOWN,1547592641314,"U"
264507,66,48,0,0,UP,1547616563314,"B"
264507,82,19,0,0,DOWN,1547696621714,"R"
264507,85,22,0,0,UP,1547704649214,"U"
264507,71,34,0,0,DOWN,1547792649914,"G"
264507,82,19,0,0,UP,1547808606414,"R"
264507,69,18,0,0,DOWN,1547896523714,"E"
264507,71,34,0,0,UP,1547904616014,"G"
264507,69,18,0,0,UP,1548000678914,"E"
264507,78,49,0,0,DOWN,1548001386014,"N"
264507,78,49,0,0,UP,1548048677914,"N"
264507,76,38,0,0,DOWN,1548088644114,"L"
264507,76,38,0,0,UP,1548152529414,"L"
264507,65,30,0,0,DOWN,1548192668814,"A"
264507,65,30,0,0,UP,1548240394814,"A"
264507,78,49,0,0,DOWN,1548288448714,"N"
264507,78,49,0,0,UP,1548344732114,"N"
264507,68,32,0,0,DOWN,1548400636714,"D"
264507,70,33,0,0,DOWN,1548496655214,"F"
264507,68,32,0,0,UP,1548504405414,"D"
264507,70,33,0,0,UP,1548576617614,"F"
264507,72,35,0,0,DOWN,1548592650014,"H"
264507,72,35,0,0,UP,1548696712714,"H"
264507,66,48,0,0,DOWN,1548697721614,"B"
264507,85,22,0,0,DOWN,1548792647514,"U"
264507,66,48,0,0,UP,1548816441314,"B"
264507,82,19,0,0,DOWN,1548896701314,"R"
264507,85,22,0,0,UP,1548904661614,"U"
264507,71,34,0,0,DOWN,1548992696414,"G"
264507,82,19,0,0,UP,1549008481014,"R"
264507,69,18,0,0,DOWN,1549096705914,"E"
264507,71,34,0,0,UP,1549104406614,"G"
264507,69,18,0,0,UP,1549192737314,"E"
264507,78,49,0,0,DOWN,1549193441214,"N"
264507,78,49,0,0,UP,1549256681214,"N"
264507,76,38,0,0,DOWN,1549296680914,"L"
264507,76,38,0,0,UP,1549352604914,"L"
264507,65,30,0,0,DOWN,1549392640814,"A"
264507,65,30,0,0,UP,1549432687314,"A"
264507,78,49,0,0,DOWN,1549496702414,"N"
264507,78,49,0,0,UP,1549544686514,"N"
264507,68,32,0,0,DOWN,1549592513714,"D"
264507,70,33,0,0,DOWN,1549696682014,"F"
264507,68,32,0,0,UP,1549704580314,"D"
264507,70,33,0,0,UP,1549768723814,"F"
264507,72,35,0,0,DOWN,1549792641614,"H"
264507,72,35,0,0,UP,1549888447514,"H"
264507,66,48,0,0,DOWN,1549896634714,"B"
264507,85,22,0,0,DOWN,1550000656714,"U"
264507,66,48,0,0,UP,1550008378714,"B"
264507,85,22,0,0,UP,1550096676814,"U"
264507,82,19,0,0,DOWN,1550097663914,"R"
264507,71,34,0,0,DOWN,1550200739614,"G"
264507,82,19,0,0,UP,1550208388414,"R"
264507,69,18,0,0,DOWN,1550296689814,"E"
264507,71,34,0,0,UP,1550304425414,"G"
264507,69,18,0,0,UP,1550392698814,"E"
264507,78,49,0,0,DOWN,1550393316714,"N"
264507,78,49,0,0,UP,1550456628514,"N"
264507,76,38,0,0,DOWN,1550496687114,"L"
264507,76,38,0,0,UP,1550552672014,"L"
264507,65,30,0,0,DOWN,1550592415714,"A"
264507,65,30,0,0,UP,1550640656714,"A"
264507,78,49,0,0,DOWN,1550696511314,"N"
264507,78,49,0,0,UP,1550744665914,"N"
264507,68,32,0,0,DOWN,1550800691914,"D"
264507,70,33,0,0,DOWN,1550896644214,"F"
264507,68,32,0,0,UP,1550904409814,"D"
264507,70,33,0,0,UP,1550968627814,"F"
264507,72,35,0,0,DOWN,1550992859114,"H"
264507,66,48,0,0,DOWN,1551096494214,"B"
264507,72,35,0,0,UP,1551104377414,"H"
264507,85,22,0,0,DOWN,1551192679714,"U"
264507,66,48,0,0,UP,1551216670814,"B"
264507,82,19,0,0,DOWN,1551296678514,"R"
264507,85,22,0,0,UP,1551304436514,"U"
264507,71,34,0,0,DOWN,1551392712314,"G"
264507,82,19,0,0,UP,1551416611814,"R"
264507,69,18,0,0,DOWN,1551496681614,"E"
264507,71,34,0,0,UP,1551504378814,"G"
264507,78,49,0,0,DOWN,1551592661114,"N"
264507,69,18,0,0,UP,1551608645414,"E"
264507,78,49,0,0,UP,1551656677214,"N"
264507,76,38,0,0,DOWN,1551696648214,"L"
264507,76,38,0,0,UP,1551752696614,"L"
264507,65,30,0,0,DOWN,1551792705314,"A"
264507,65,30,0,0,UP,1551832458814,"A"
264507,78,49,0,0,DOWN,1551896689914,"N"
264507,78,49,0,0,UP,1551952675414,"N"
264507,68,32,0,0,DOWN,1551992716614,"D"
264507,70,33,0,0,DOWN,1552096687914,"F"
264507,68,32,0,0,UP,1552104389714,"D"
264507,70,33,0,0,UP,1552168660814,"F"
264507,72,35,0,0,DOWN,1552200666114,"H"
264507,72,35,0,0,UP,1552296735014,"H"
264507,66,48,0,0,DOWN,1552297462314,"B"
264507,85,22,0,0,DOWN,1552392841914,"U"
264507,66,48,0,0,UP,1552408396314,"B"
264507,82,19,0,0,DOWN,1552488655514,"R"
264507,85,22,0,0,UP,1552504381014,"U"
264507,71,34,0,0,DOWN,1552592666014,"G"
264507,82,19,0,0,UP,1552616572914,"R"
264507,71,34,0,0,UP,1552696743214,"G"
264507,69,18,0,0,DOWN,1552697695114,"E"
264507,69,18,0,0,UP,1552784694514,"E"
264507,78,49,0,0,DOWN,1552792693214,"N"
264507,78,49,0,0,UP,1552856463314,"N"
264507,76,38,0,0,DOWN,1552896729014,"L"
264507,76,38,0,0,UP,1552952715614,"L"
264507,65,30,0,0,DOWN,1552992732014,"A"
264507,65,30,0,0,UP,1553040818314,"A"
264507,78,49,0,0,DOWN,1553096740114,"N"
264507,78,49,0,0,UP,1553160756614,"N"
264507,68,32,0,0,DOWN,1553192742814,"D"
264507,70,33,0,0,DOWN,1553296488114,"F"
264507,68,32,0,0,UP,1553312432414,"D"
264507,70,33,0,0,UP,1553360668114,"F"
264507,72,35,0,0,DOWN,1553392715014,"H"
264507,72,35,0,0,UP,1553496747514,"H"
264507,66,48,0,0,DOWN,1553497789914,"B"
264507,85,22,0,0,DOWN,1553592691114,"U"
264507,66,48,0,0,UP,1553608738514,"B"
264507,82,19,0,0,DOWN,1553696730214,"R"
264507,85,22,0,0,UP,1553704424414,"U"
264507,71,34,0,0,DOWN,1553792645514,"G"
264507,82,19,0,0,UP,1553808443814,"R"
264507,69,18,0,0,DOWN,1553896664514,"E"
264507,71,34,0,0,UP,1553904378314,"G"
264507,78,49,0,0,DOWN,1553992658714,"N"
264507,69,18,0,0,UP,1554000415314,"E"
264507,78,49,0,0,UP,1554056636514,"N"
264507,76,38,0,0,DOWN,1554096716614,"L"
264507,76,38,0,0,UP,1554152479414,"L"
264507,65,30,0,0,DOWN,1554192716014,"A"
264507,65,30,0,0,UP,1554232702914,"A"
264507,78,49,0,0,DOWN,1554296746514,"N"
264507,78,49,0,0,UP,1554344718114,"N"
264507,68,32,0,0,DOWN,1554400738714,"D"
264507,70,33,0,0,DOWN,1554488711214,"F"
264507,68,32,0,0,UP,1554504412114,"D"
264507,70,33,0,0,UP,1554568491814,"F"
264507,72,35,0,0,DOWN,1554592449814,"H"
264507,66,48,0,0,DOWN,1554696788614,"B"
264507,72,35,0,0,UP,1554704401714,"H"
264507,85,22,0,0,DOWN,1554792721114,"U"
264507,66,48,0,0,UP,1554816720314,"B"
264507,82,19,0,0,DOWN,1554896759114,"R"
264507,85,22,0,0,UP,1554904432814,"U"
264507,71,34,0,0,DOWN,1554992689514,"G"
264507,82,19,0,0,UP,1555016740914,"R"
264507,69,18,0,0,DOWN,1555096742014,"E"
264507,71,34,0,0,UP,1555104398214,"G"
264507,78,49,0,0,DOWN,1555192678414,"N"
264507,69,18,0,0,UP,1555200498714,"E"
264507,78,49,0,0,UP,1555256856114,"N"
264507,76,38,0,0,DOWN,1555296683714,"L"
264507,76,38,0,0,UP,1555352687814,"L"
264507,65,30,0,0,DOWN,1555392705614,"A"
264507,65,30,0,0,UP,1555432679514,"A"
264507,78,49,0,0,DOWN,1555496849614,"N"
264507,78,49,0,0,UP,1555560706114,"N"
264507,68,32,0,0,DOWN,1555592748814,"D"
264507,70,33,0,0,DOWN,1555696688414,"F"
264507,68,32,0,0,UP,1555712771514,"D"
264507,70,33,0,0,UP,1555768704714,"F"
264507,72,35,0,0,DOWN,1555792697114,"H"
264507,72,35,0,0,UP,1555896733214,"H"
264507,66,48,0,0,DOWN,1555897433714,"B"
264507,85,22,0,0,DOWN,1555992708014,"U"
264507,66,48,0,0,UP,1556016752314,"B"
264507,82,19,0,0,DOWN,1556096466114,"R"
264507,85,22,0,0,UP,1556104419214,"U"
264507,71,34,0,0,DOWN,1556192713214,"G"
264507,82,19,0,0,UP,1556208538514,"R"
264507,69,18,0,0,DOWN,1556296665214,"E"
264507,71,34,0,0,UP,1556304436214,"G"
264507,69,18,0,0,UP,1556400668714,"E"
264507,78,49,0,0,DOWN,1556401540114,"N"
264507,78,49,0,0,UP,1556456472314,"N"
264507,76,38,0,0,DOWN,1556488694314,"L"
264507,76,38,0,0,UP,1556552701114,"L"
264507,65,30,0,0,DOWN,1556592503214,"A"
264507,65,30,0,0,UP,1556640738914,"A"
264507,78,49,0,0,DOWN,1556688504214,"N"
264507,78,49,0,0,UP,1556760725514,"N"
264507,68,32,0,0,DOWN,1556800751714,"D"
264507,70,33,0,0,DOWN,1556896770414,"F"
264507,68,32,0,0,UP,1556904517714,"D"
264507,70,33,0,0,UP,1556968780314,"F"
264507,72,35,0,0,DOWN,1556992506514,"H"
264507,66,48,0,0,DOWN,1557096734214,"B"
264507,72,35,0,0,UP,1557104437914,"H"
264507,85,22,0,0,DOWN,1557192528514,"U"
264507,66,48,0,0,UP,1557216665414,"B"
264507,82,19,0,0,DOWN,1557296511514,"R"
264507,85,22,0,0,UP,1557304398514,"U"
264507,71,34,0,0,DOWN,1557392552414,"G"
264507,82,19,0,0,UP,1557408854014,"R"
264507,69,18,0,0,DOWN,1557496616314,"E"
264507,71,34,0,0,UP,1557504429414,"G"
264507,78,49,0,0,DOWN,1557592495914,"N"
264507,69,18,0,0,UP,1557608778614,"E"
264507,78,49,0,0,UP,1557656732514,"N"
264507,76,38,0,0,DOWN,1557696732214,"L"
264507,76,38,0,0,UP,1557752696314,"L"
264507,65,30,0,0,DOWN,1557792740414,"A"
264507,65,30,0,0,UP,1557832755314,"A"
264507,78,49,0,0,DOWN,1557896685714,"N"
264507,78,49,0,0,UP,1557952766914,"N"
264507,68,32,0,0,DOWN,1557992777014,"D"
264507,70,33,0,0,DOWN,1558096723414,"F"
264507,68,32,0,0,UP,1558104539514,"D"
264507,70,33,0,0,UP,1558168757414,"F"
264507,72,35,0,0,DOWN,1558192839514,"H"
264507,72,35,0,0,UP,1558296804414,"H"
264507,66,48,0,0,DOWN,1558297738614,"B"
264507,85,22,0,0,DOWN,1558400714914,"U"
264507,66,48,0,0,UP,1558416687514,"B"
264507,82,19,0,0,DOWN,1558496745314,"R"
264507,85,22,0,0,UP,1558504429114,"U"
264507,71,34,0,0,DOWN,1558600721914,"G"
264507,82,19,0,0,UP,1558608441414,"R"
264507,71,34,0,0,UP,1558696647914,"G"
264507,69,18,0,0,DOWN,1558697949114,"E"
264507,78,49,0,0,DOWN,1558792771614,"N"
264507,69,18,0,0,UP,1558800487814,"E"
264507,78,49,0,0,UP,1558856795214,"N"
264507,76,38,0,0,DOWN,1558896745514,"L"
264507,76,38,0,0,UP,1558952733214,"L"
264507,65,30,0,0,DOWN,1558992733814,"A"
264507,65,30,0,0,UP,1559040737414,"A"
264507,78,49,0,0,DOWN,1559096732914,"N"
264507,78,49,0,0,UP,1559160544714,"N"
264507,68,32,0,0,DOWN,1559200743714,"D"
264507,70,33,0,0,DOWN,1559296684714,"F"
264507,68,32,0,0,UP,1559304438914,"D"
264507,70,33,0,0,UP,1559368685614,"F"
264507,72,35,0,0,DOWN,1559392712214,"H"
264507,66,48,0,0,DOWN,1559496799214,"B"
264507,72,35,0,0,UP,1559504466614,"H"
264507,85,22,0,0,DOWN,1559592790314,"U"
264507,66,48,0,0,UP,1559616480614,"B"
264507,82,19,0,0,DOWN,1559696792514,"R"
264507,85,22,0,0,UP,1559704455414,"U"
264507,71,34,0,0,DOWN,1559792769614,"G"
264507,82,19,0,0,UP,1559816777014,"R"
264507,69,18,0,0,DOWN,1559896753714,"E"
264507,71,34,0,0,UP,1559904462014,"G"
264507,69,18,0,0,UP,1559992745314,"E"
264507,78,49,0,0,DOWN,1559993623014,"N"
264507,78,49,0,0,UP,1560056825314,"N"
264507,76,38,0,0,DOWN,1560096744914,"L"
264507,76,38,0,0,UP,1560152752214,"L"
264507,65,30,0,0,DOWN,1560192762214,"A"
264507,65,30,0,0,UP,1560240716914,"A"
264507,78,49,0,0,DOWN,1560296890314,"N"
264507,78,49,0,0,UP,1560352763914,"N"
264507,68,32,0,0,DOWN,1560392745614,"D"
264507,70,33,0,0,DOWN,1560496765614,"F"
264507,68,32,0,0,UP,1560504495814,"D"
264507,70,33,0,0,UP,1560568728014,"F"
264507,72,35,0,0,DOWN,1560600697214,"H"
264507,66,48,0,0,DOWN,1560696725914,"B"
264507,72,35,0,0,UP,1560704470814,"H"
264507,85,22,0,0,DOWN,1560792566614,"U"
264507,66,48,0,0,UP,1560808733614,"B"
264507,82,19,0,0,DOWN,1560888622514,"R"
264507,85,22,0,0,UP,1560904765014,"U"
264507,71,34,0,0,DOWN,1560992787914,"G"
264507,82,19,0,0,UP,1561016735714,"R"
264507,69,18,0,0,DOWN,1561096807314,"E"
264507,71,34,0,0,UP,1561104507414,"G"
264507,78,49,0,0,DOWN,1561192813714,"N"
264507,69,18,0,0,UP,1561200600014,"E"
264507,78,49,0,0,UP,1561256759114,"N"
264507,76,38,0,0,DOWN,1561296749814,"L"
264507,76,38,0,0,UP,1561352766714,"L"
264507,65,30,0,0,DOWN,1561392765114,"A"
264507,65,30,0,0,UP,1561440594314,"A"
264507,78,49,0,0,DOWN,1561496748114,"N"
264507,78,49,0,0,UP,1561560763214,"N"
264507,68,32,0,0,DOWN,1561592835914,"D"
264507,70,33,0,0,DOWN,1561696749914,"F"
264507,68,32,0,0,UP,1561712462214,"D"
264507,70,33,0,0,UP,1561769100314,"F"
264507,72,35,0,0,DOWN,1561792773414,"H"
264507,66,48,0,0,DOWN,1561896758214,"B"
264507,72,35,0,0,UP,1561904517914,"H"
264507,85,22,0,0,DOWN,1561992752914,"U"
264507,66,48,0,0,UP,1562016610114,"B"
264507,82,19,0,0,DOWN,1562096543314,"R"
264507,85,22,0,0,UP,1562104475614,"U"
264507,71,34,0,0,DOWN,1562192750414,"G"
264507,82,19,0,0,UP,1562208497014,"R"
264507,71,34,0,0,UP,1562296755514,"G"
264507,69,18,0,0,DOWN,1562297425314,"E"
264507,78,49,0,0,DOWN,1562392779714,"N"
264507,69,18,0,0,UP,1562400662114,"E"
264507,78,49,0,0,UP,1562456773814,"N"
264507,76,38,0,0,DOWN,1562496536214,"L"
264507,76,38,0,0,UP,1562552773214,"L"
264507,65,30,0,0,DOWN,1562592659714,"A"
264507,65,30,0,0,UP,1562640782414,"A"
264507,78,49,0,0,DOWN,1562696520814,"N"
264507,78,49,0,0,UP,1562760821014,"N"
264507,68,32,0,0,DOWN,1562800805614,"D"
264507,70,33,0,0,DOWN,1562888856914,"F"
264507,68,32,0,0,UP,1562904740914,"D"
264507,70,33,0,0,UP,1562968795314,"F"
264507,72,35,0,0,DOWN,1562992798614,"H"
264507,66,48,0,0,DOWN,1563096649914,"B"
264507,72,35,0,0,UP,1563104453014,"H"
264507,85,22,0,0,DOWN,1563192790514,"U"
264507,66,48,0,0,UP,1563216703414,"B"
264507,82,19,0,0,DOWN,1563296587214,"R"
264507,85,22,0,0,UP,1563304497314,"U"
264507,71,34,0,0,DOWN,1563392763314,"G"
264507,82,19,0,0,UP,1563408490414,"R"
264507,69,18,0,0,DOWN,1563496556814,"E"
264507,71,34,0,0,UP,1563504762514,"G"
264507,69,18,0,0,UP,1563592798414,"E"
264507,78,49,0,0,DOWN,1563593715514,"N"
264507,78,49,0,0,UP,1563656773814,"N"
264507,76,38,0,0,DOWN,1563696992314,"L"
264507,76,38,0,0,UP,1563752757614,"L"
264507,65,30,0,0,DOWN,1563792794414,"A"
264507,65,30,0,0,UP,1563840803214,"A"
264507,78,49,0,0,DOWN,1563896660114,"N"
264507,78,49,0,0,UP,1563960772614,"N"
264507,68,32,0,0,DOWN,1563992775614,"D"
264507,70,33,0,0,DOWN,1564096930114,"F"
264507,68,32,0,0,UP,1564104672614,"D"
264507,70,33,0,0,UP,1564168834614,"F"
264507,72,35,0,0,DOWN,1564192492914,"H"
264507,66,48,0,0,DOWN,1564296957114,"B"
264507,72,35,0,0,UP,1564304762514,"H"
264507,85,22,0,0,DOWN,1564392821914,"U"
264507,66,48,0,0,UP,1564416510014,"B"
264507,82,19,0,0,DOWN,1564496862714,"R"
264507,85,22,0,0,UP,1564504520114,"U"
264507,71,34,0,0,DOWN,1564592803414,"G"
264507,82,19,0,0,UP,1564608518114,"R"
264507,69,18,0,0,DOWN,1564696766414,"E"
264507,71,34,0,0,UP,1564704495814,"G"
264507,78,49,0,0,DOWN,1564800784114,"N"
264507,69,18,0,0,UP,1564808675014,"E"
264507,78,49,0,0,UP,1564856747914,"N"
264507,76,38,0,0,DOWN,1564888773014,"L"
264507,76,38,0,0,UP,1564952779914,"L"
264507,65,30,0,0,DOWN,1564992792714,"A"
264507,65,30,0,0,UP,1565040787814,"A"
264507,78,49,0,0,DOWN,1565088807314,"N"
264507,78,49,0,0,UP,1565160852314,"N"
264507,68,32,0,0,DOWN,1565200852014,"D"
264507,70,33,0,0,DOWN,1565296877414,"F"
264507,68,32,0,0,UP,1565304498914,"D"
264507,70,33,0,0,UP,1565368858314,"F"
264507,72,35,0,0,DOWN,1565392847114,"H"
264507,66,48,0,0,DOWN,1565496893414,"B"
264507,72,35,0,0,UP,1565504580114,"H"
264507,85,22,0,0,DOWN,1565592845214,"U"
264507,66,48,0,0,UP,1565616601014,"B"
264507,82,19,0,0,DOWN,1565696773514,"R"
264507,85,22,0,0,UP,1565704634414,"U"
264507,71,34,0,0,DOWN,1565792828714,"G"
264507,82,19,0,0,UP,1565808768014,"R"
264507,69,18,0,0,DOWN,1565896823514,"E"
264507,71,34,0,0,UP,1565904623614,"G"
264507,69,18,0,0,UP,1565992860914,"E"
264507,78,49,0,0,DOWN,1565993889314,"N"
264507,78,49,0,0,UP,1566056869114,"N"
264507,76,38,0,0,DOWN,1566096599714,"L"
264507,76,38,0,0,UP,1566152534814,"L"
264507,65,30,0,0,DOWN,1566192787214,"A"
264507,65,30,0,0,UP,1566240847214,"A"
264507,78,49,0,0,DOWN,1566296803514,"N"
264507,78,49,0,0,UP,1566352805814,"N"
264507,68,32,0,0,DOWN,1566392827414,"D"
264507,70,33,0,0,DOWN,1566496331514,"F"
264507,68,32,0,0,UP,1566504548114,"D"
264507,70,33,0,0,UP,1566568695214,"F"
264507,72,35,0,0,DOWN,1566592532014,"H"
264507,72,35,0,0,UP,1566696849314,"H"
264507,66,48,0,0,DOWN,1566697747014,"B"
264507,85,22,0,0,DOWN,1566792809414,"U"
264507,66,48,0,0,UP,1566808732014,"B"
264507,82,19,0,0,DOWN,1566896572214,"R"
264507,85,22,0,0,UP,1566904657914,"U"
264507,71,34,0,0,DOWN,1567000805014,"G"
264507,82,19,0,0,UP,1567008812914,"R"
264507,69,18,0,0,DOWN,1567096850014,"E"
264507,71,34,0,0,UP,1567104591814,"G"
264507,78,49,0,0,DOWN,1567192822214,"N"
264507,69,18,0,0,UP,1567200803014,"E"
264507,78,49,0,0,UP,1567264797414,"N"
264507,76,38,0,0,DOWN,1567288861914,"L"
264507,76,38,0,0,UP,1567352775214,"L"
264507,65,30,0,0,DOWN,1567392852214,"A"
264507,65,30,0,0,UP,1567440791114,"A"
264507,78,49,0,0,DOWN,1567496786014,"N"
264507,78,49,0,0,UP,1567560798714,"N"
264507,68,32,0,0,DOWN,1567600618314,"D"
264507,70,33,0,0,DOWN,1567696800614,"F"
264507,68,32,0,0,UP,1567704556114,"D"
264507,70,33,0,0,UP,1567768794614,"F"
264507,72,35,0,0,DOWN,1567792801414,"H"
264507,66,48,0,0,DOWN,1567896815614,"B"
264507,72,35,0,0,UP,1567904541514,"H"
264507,85,22,0,0,DOWN,1567992834714,"U"
264507,66,48,0,0,UP,1568016673314,"B"
264507,82,19,0,0,DOWN,1568096818014,"R"
264507,85,22,0,0,UP,1568104531014,"U"
264507,71,34,0,0,DOWN,1568192835514,"G"
264507,82,19,0,0,UP,1568208836814,"R"
264507,69,18,0,0,DOWN,1568296855514,"E"
264507,71,34,0,0,UP,1568304732814,"G"
264507,78,49,0,0,DOWN,1568392845414,"N"
264507,69,18,0,0,UP,1568408815614,"E"
264507,78,49,0,0,UP,1568456873314,"N"
264507,76,38,0,0,DOWN,1568496839814,"L"
264507,76,38,0,0,UP,1568552622814,"L"
264507,65,30,0,0,DOWN,1568592849714,"A"
264507,65,30,0,0,UP,1568640649314,"A"
264507,78,49,0,0,DOWN,1568696772514,"N"
264507,78,49,0,0,UP,1568752601314,"N"
264507,68,32,0,0,DOWN,1568792900714,"D"
264507,70,33,0,0,DOWN,1568896801614,"F"
264507,68,32,0,0,UP,1568904530414,"D"
264507,70,33,0,0,UP,1568968811414,"F"
264507,72,35,0,0,DOWN,1569000636314,"H"
264507,72,35,0,0,UP,1569096904914,"H"
264507,66,48,0,0,DOWN,1569097830914,"B"
264507,85,22,0,0,DOWN,1569192865514,"U"
264507,66,48,0,0,UP,1569216998114,"B"
264507,82,19,0,0,DOWN,1569296842214,"R"
264507,85,22,0,0,UP,1569304742314,"U"
264507,71,34,0,0,DOWN,1569392858414,"G"
264507,82,19,0,0,UP,1569416972214,"R"
264507,69,18,0,0,DOWN,1569496830614,"E"
264507,71,34,0,0,UP,1569504578714,"G"
264507,78,49,0,0,DOWN,1569592683114,"N"
264507,69,18,0,0,UP,1569600443114,"E"
264507,78,49,0,0,UP,1569656871214,"N"
264507,76,38,0,0,DOWN,1569696860914,"L"
264507,76,38,0,0,UP,1569752703014,"L"
264507,65,30,0,0,DOWN,1569792867914,"A"
264507,65,30,0,0,UP,1569840597714,"A"
264507,78,49,0,0,DOWN,1569896695214,"N"
264507,78,49,0,0,UP,1569952791014,"N"
264507,68,32,0,0,DOWN,1569992813514,"D"
264507,70,33,0,0,DOWN,1570096846614,"F"
264507,68,32,0,0,UP,1570104609514,"D"
264507,70,33,0,0,UP,1570168629214,"F"
264507,72,35,0,0,DOWN,1570192810314,"H"
264507,66,48,0,0,DOWN,1570296841414,"B"
264507,72,35,0,0,UP,1570304851914,"H"
264507,85,22,0,0,DOWN,1570392877714,"U"
264507,66,48,0,0,UP,1570408843614,"B"
264507,82,19,0,0,DOWN,1570496831914,"R"
264507,85,22,0,0,UP,1570504599214,"U"
264507,71,34,0,0,DOWN,1570592861614,"G"
264507,82,19,0,0,UP,1570608570914,"R"
264507,69,18,0,0,DOWN,1570696834414,"E"
264507,71,34,0,0,UP,1570704744714,"G"
264507,69,18,0,0,UP,1570792876514,"E"
264507,78,49,0,0,DOWN,1570793651614,"N"
264507,78,49,0,0,UP,1570864831314,"N"
264507,76,38,0,0,DOWN,1570896849214,"L"
264507,76,38,0,0,UP,1570952604514,"L"
264507,65,30,0,0,DOWN,1570992880414,"A"
264507,65,30,0,0,UP,1571040831014,"A"
264507,78,49,0,0,DOWN,1571096863814,"N"
264507,78,49,0,0,UP,1571160833914,"N"
264507,68,32,0,0,DOWN,1571200865814,"D"
264507,70,33,0,0,DOWN,1571288861414,"F"
264507,68,32,0,0,UP,1571304771614,"D"
264507,70,33,0,0,UP,1571360848614,"F"
264507,72,35,0,0,DOWN,1571392836514,"H"
264507,66,48,0,0,DOWN,1571496846014,"B"
264507,72,35,0,0,UP,1571504572814,"H"
264507,85,22,0,0,DOWN,1571592873314,"U"
264507,66,48,0,0,UP,1571616799514,"B"
264507,82,19,0,0,DOWN,1571696814014,"R"
264507,85,22,0,0,UP,1571704673514,"U"
264507,71,34,0,0,DOWN,1571792832514,"G"
264507,82,19,0,0,UP,1571808821814,"R"
264507,69,18,0,0,DOWN,1571896899314,"E"
264507,71,34,0,0,UP,1571904686914,"G"
264507,78,49,0,0,DOWN,1571992891714,"N"
264507,69,18,0,0,UP,1572000562514,"E"
264507,78,49,0,0,UP,1572056823714,"N"
264507,76,38,0,0,DOWN,1572096920314,"L"
264507,76,38,0,0,UP,1572152671314,"L"
264507,65,30,0,0,DOWN,1572192827714,"A"
264507,65,30,0,0,UP,1572240784414,"A"
264507,78,49,0,0,DOWN,1572296890714,"N"
264507,78,49,0,0,UP,1572352835214,"N"
264507,68,32,0,0,DOWN,1572392871714,"D"
264507,70,33,0,0,DOWN,1572496827414,"F"
264507,68,32,0,0,UP,1572504567314,"D"
264507,70,33,0,0,UP,1572568868514,"F"
264507,72,35,0,0,DOWN,1572592599314,"H"
264507,72,35,0,0,UP,1572696907014,"H"
264507,66,48,0,0,DOWN,1572697848114,"B"
264507,85,22,0,0,DOWN,1572792876214,"U"
264507,66,48,0,0,UP,1572808635214,"B"
264507,82,19,0,0,DOWN,1572896841014,"R"
264507,85,22,0,0,UP,1572904607814,"U"
264507,71,34,0,0,DOWN,1572992922414,"G"
264507,82,19,0,0,UP,1573016830814,"R"
264507,71,34,0,0,UP,1573096911414,"G"
264507,69,18,0,0,DOWN,1573097914314,"E"
264507,69,18,0,0,UP,1573192654014,"E"
264507,78,49,0,0,DOWN,1573200898914,"N"
264507,78,49,0,0,UP,1573256840614,"N"
264507,76,38,0,0,DOWN,1573288875014,"L"
264507,76,38,0,0,UP,1573352937514,"L"
264507,65,30,0,0,DOWN,1573392884114,"A"
264507,65,30,0,0,UP,1573440814214,"A"
264507,78,49,0,0,DOWN,1573496896514,"N"
264507,78,49,0,0,UP,1573552860914,"N"
264507,68,32,0,0,DOWN,1573600736214,"D"
264507,70,33,0,0,DOWN,1573696866414,"F"
264507,68,32,0,0,UP,1573704944914,"D"
264507,70,33,0,0,UP,1573768862314,"F"
264507,72,35,0,0,DOWN,1573792876714,"H"
264507,66,48,0,0,DOWN,1573896908514,"B"
264507,72,35,0,0,UP,1573904887314,"H"
264507,85,22,0,0,DOWN,1573992908214,"U"
264507,66,48,0,0,UP,1574016695014,"B"
264507,82,19,0,0,DOWN,1574096860714,"R"
264507,85,22,0,0,UP,1574104837414,"U"
264507,71,34,0,0,DOWN,1574193000714,"G"
264507,82,19,0,0,UP,1574208678214,"R"
264507,71,34,0,0,UP,1574296865714,"G"
264507,69,18,0,0,DOWN,1574297888414,"E"
264507,78,49,0,0,DOWN,1574392883814,"N"
264507,69,18,0,0,UP,1574400765514,"E"
264507,78,49,0,0,UP,1574456835014,"N"
264507,76,38,0,0,DOWN,1574496595414,"L"
264507,76,38,0,0,UP,1574552896514,"L"
264507,65,30,0,0,DOWN,1574592705014,"A"
264507,65,30,0,0,UP,1574640855114,"A"
264507,78,49,0,0,DOWN,1574696928814,"N"
264507,78,49,0,0,UP,1574760875914,"N"
264507,68,32,0,0,DOWN,1574792867414,"D"
264507,70,33,0,0,DOWN,1574896898014,"F"
264507,68,32,0,0,UP,1574904823314,"D"
264507,70,33,0,0,UP,1574968868214,"F"
264507,72,35,0,0,DOWN,1574992918614,"H"
264507,72,35,0,0,UP,1575096906814,"H"
264507,66,48,0,0,DOWN,1575097834914,"B"
264507,85,22,0,0,DOWN,1575200868014,"U"
264507,66,48,0,0,UP,1575216911214,"B"
264507,82,19,0,0,DOWN,1575296911014,"R"
264507,85,22,0,0,UP,1575304652414,"U"
264507,71,34,0,0,DOWN,1575400892914,"G"
264507,82,19,0,0,UP,1575408624214,"R"
264507,69,18,0,0,DOWN,1575496881414,"E"
264507,71,34,0,0,UP,1575504631714,"G"
264507,78,49,0,0,DOWN,1575592882114,"N"
264507,69,18,0,0,UP,1575600729414,"E"
264507,78,49,0,0,UP,1575656878914,"N"
264507,76,38,0,0,DOWN,1575696858114,"L"
264507,76,38,0,0,UP,1575744870314,"L"
264507,65,30,0,0,DOWN,1575792873814,"A"
264507,65,30,0,0,UP,1575840879014,"A"
264507,78,49,0,0,DOWN,1575896892414,"N"
264507,78,49,0,0,UP,1575952941914,"N"
264507,68,32,0,0,DOWN,1575992858214,"D"
264507,70,33,0,0,DOWN,1576096815314,"F"
264507,68,32,0,0,UP,1576104848014,"D"
264507,70,33,0,0,UP,1576168870414,"F"
264507,72,35,0,0,DOWN,1576192898314,"H"
264507,72,35,0,0,UP,1576296921214,"H"
264507,66,48,0,0,DOWN,1576297843214,"B"
264507,85,22,0,0,DOWN,1576392894014,"U"
264507,66,48,0,0,UP,1576416864614,"B"
264507,82,19,0,0,DOWN,1576496901214,"R"
264507,85,22,0,0,UP,1576504674514,"U"
264507,71,34,0,0,DOWN,1576592901814,"G"
264507,82,19,0,0,UP,1576608660814,"R"
264507,69,18,0,0,DOWN,1576696898914,"E"
264507,71,34,0,0,UP,1576704619214,"G"
264507,69,18,0,0,UP,1576792885114,"E"
264507,78,49,0,0,DOWN,1576800862714,"N"
264507,78,49,0,0,UP,1576856656614,"N"
264507,76,38,0,0,DOWN,1576896893414,"L"
264507,76,38,0,0,UP,1576944846214,"L"
264507,65,30,0,0,DOWN,1576992871914,"A"
264507,65,30,0,0,UP,1577040883414,"A"
264507,78,49,0,0,DOWN,1577096869514,"N"
264507,78,49,0,0,UP,1577160858614,"N"
264507,68,32,0,0,DOWN,1577200946814,"D"
264507,70,33,0,0,DOWN,1577296898414,"F"
264507,68,32,0,0,UP,1577304642914,"D"
264507,70,33,0,0,UP,1577368859914,"F"
264507,72,35,0,0,DOWN,1577392872214,"H"
264507,66,48,0,0,DOWN,1577488919014,"B"
264507,72,35,0,0,UP,1577496937114,"H"
264507,85,22,0,0,DOWN,1577592749314,"U"
264507,66,48,0,0,UP,1577617012414,"B"
264507,82,19,0,0,DOWN,1577696912414,"R"
264507,85,22,0,0,UP,1577704879214,"U"
264507,71,34,0,0,DOWN,1577792907114,"G"
264507,82,19,0,0,UP,1577800843014,"R"
264507,71,34,0,0,UP,1577896936014,"G"
264507,69,18,0,0,DOWN,1577897944514,"E"
264507,78,49,0,0,DOWN,1577992921314,"N"
264507,69,18,0,0,UP,1578000875814,"E"
264507,78,49,0,0,UP,1578056815414,"N"
264507,76,38,0,0,DOWN,1578096898614,"L"
264507,76,38,0,0,UP,1578152890114,"L"
264507,65,30,0,0,DOWN,1578192912114,"A"
264507,65,30,0,0,UP,1578240697314,"A"
264507,78,49,0,0,DOWN,1578296898614,"N"
264507,78,49,0,0,UP,1578352898814,"N"
264507,68,32,0,0,DOWN,1578392877914,"D"
264507,70,33,0,0,DOWN,1578496896114,"F"
264507,68,32,0,0,UP,1578504624814,"D"
264507,70,33,0,0,UP,1578568907814,"F"
264507,72,35,0,0,DOWN,1578592922714,"H"
264507,66,48,0,0,DOWN,1578696689814,"B"
264507,72,35,0,0,UP,1578704616914,"H"
264507,85,22,0,0,DOWN,1578792921714,"U"
264507,66,48,0,0,UP,1578816945514,"B"
264507,82,19,0,0,DOWN,1578896925914,"R"
264507,85,22,0,0,UP,1578904719514,"U"
264507,71,34,0,0,DOWN,1578992899614,"G"
264507,82,19,0,0,UP,1579016941314,"R"
264507,69,18,0,0,DOWN,1579096911814,"E"
264507,71,34,0,0,UP,1579104604714,"G"
264507,78,49,0,0,DOWN,1579200938414,"N"
264507,69,18,0,0,UP,1579208850914,"E"
264507,78,49,0,0,UP,1579257065914,"N"
264507,76,38,0,0,DOWN,1579288927014,"L"
264507,76,38,0,0,UP,1579352950714,"L"
264507,65,30,0,0,DOWN,1579392922714,"A"
264507,65,30,0,0,UP,1579440999814,"A"
264507,78,49,0,0,DOWN,1579488928314,"N"
264507,78,49,0,0,UP,1579552864314,"N"
264507,68,32,0,0,DOWN,1579600784714,"D"
264507,70,33,0,0,DOWN,1579696853914,"F"
264507,68,32,0,0,UP,1579704616314,"D"
264507,70,33,0,0,UP,1579768910914,"F"
264507,72,35,0,0,DOWN,1579792903214,"H"
264507,72,35,0,0,UP,1579888902114,"H"
264507,66,48,0,0,DOWN,1579896885514,"B"
264507,85,22,0,0,DOWN,1579992904514,"U"
264507,66,48,0,0,UP,1580008619514,"B"
264507,82,19,0,0,DOWN,1580096934514,"R"
264507,85,22,0,0,UP,1580104624414,"U"
264507,71,34,0,0,DOWN,1580192900514,"G"
264507,82,19,0,0,UP,1580208766814,"R"
264507,69,18,0,0,DOWN,1580296981014,"E"
264507,71,34,0,0,UP,1580304629714,"G"
264507,78,49,0,0,DOWN,1580392702214,"N"
264507,69,18,0,0,UP,1580400915814,"E"
264507,78,49,0,0,UP,1580456908914,"N"
264507,76,38,0,0,DOWN,1580496953214,"L"
264507,76,38,0,0,UP,1580552944114,"L"
264507,65,30,0,0,DOWN,1580592688414,"A"
264507,65,30,0,0,UP,1580640849814,"A"
264507,78,49,0,0,DOWN,1580696965414,"N"
264507,78,49,0,0,UP,1580752884114,"N"
264507,68,32,0,0,DOWN,1580792647214,"D"
264507,70,33,0,0,DOWN,1580896841914,"F"
264507,68,32,0,0,UP,1580904626514,"D"
264507,70,33,0,0,UP,1580968915314,"F"
264507,72,35,0,0,DOWN,1580992664814,"H"
264507,66,48,0,0,DOWN,1581096705414,"B"
264507,72,35,0,0,UP,1581104876214,"H"
264507,85,22,0,0,DOWN,1581200921814,"U"
264507,66,48,0,0,UP,1581208612514,"B"
264507,82,19,0,0,DOWN,1581296895814,"R"
264507,85,22,0,0,UP,1581304743814,"U"
264507,71,34,0,0,DOWN,1581400845214,"G"
264507,82,19,0,0,UP,1581409012714,"R"
264507,71,34,0,0,UP,1581496922814,"G"
264507,69,18,0,0,DOWN,1581497753414,"E"
264507,78,49,0,0,DOWN,1581592729114,"N"
264507,69,18,0,0,UP,1581600621614,"E"
264507,78,49,0,0,UP,1581656948314,"N"
264507,76,38,0,0,DOWN,1581696936814,"L"
264507,76,38,0,0,UP,1581752909214,"L"
264507,65,30,0,0,DOWN,1581792822614,"A"
264507,65,30,0,0,UP,1581841002614,"A"
264507,78,49,0,0,DOWN,1581896921614,"N"
264507,78,49,0,0,UP,1581952905114,"N"
264507,68,32,0,0,DOWN,1582000961914,"D"
264507,70,33,0,0,DOWN,1582096943114,"F"
264507,68,32,0,0,UP,1582112914014,"D"
264507,70,33,0,0,UP,1582168913214,"F"
264507,72,35,0,0,DOWN,1582192743914,"H"
264507,66,48,0,0,DOWN,1582296839314,"B"
264507,72,35,0,0,UP,1582304950214,"H"
264507,85,22,0,0,DOWN,1582392877914,"U"
264507,66,48,0,0,UP,1582416912914,"B"
264507,82,19,0,0,DOWN,1582496953414,"R"
264507,85,22,0,0,UP,1582504934614,"U"
264507,71,34,0,0,DOWN,1582593031114,"G"
264507,82,19,0,0,UP,1582608947214,"R"
264507,69,18,0,0,DOWN,1582696994414,"E"
264507,71,34,0,0,UP,1582704937714,"G"
264507,69,18,0,0,UP,1582793014214,"E"
264507,78,49,0,0,DOWN,1582794035414,"N"
264507,78,49,0,0,UP,1582856933214,"N"
264507,76,38,0,0,DOWN,1582896980614,"L"
264507,76,38,0,0,UP,1582952938314,"L"
264507,65,30,0,0,DOWN,1582993107414,"A"
264507,65,30,0,0,UP,1583040983714,"A"
264507,78,49,0,0,DOWN,1583096918114,"N"
264507,78,49,0,0,UP,1583152941514,"N"
264507,68,32,0,0,DOWN,1583192953814,"D"
264507,70,33,0,0,DOWN,1583296942314,"F"
264507,68,32,0,0,UP,1583304961314,"D"
264507,70,33,0,0,UP,1583369055514,"F"
264507,72,35,0,0,DOWN,1583401027614,"H"
264507,72,35,0,0,UP,1583496975914,"H"
264507,66,48,0,0,DOWN,1583497981514,"B"
264507,85,22,0,0,DOWN,1583592682014,"U"
264507,66,48,0,0,UP,1583617009214,"B"
264507,82,19,0,0,DOWN,1583696939714,"R"
264507,85,22,0,0,UP,1583704957914,"U"
264507,71,34,0,0,DOWN,1583792933914,"G"
264507,82,19,0,0,UP,1583816953614,"R"
264507,71,34,0,0,UP,1583896951514,"G"
264507,69,18,0,0,DOWN,1583897856614,"E"
264507,78,49,0,0,DOWN,1583992932414,"N"
264507,69,18,0,0,UP,1584000923814,"E"
264507,78,49,0,0,UP,1584056961114,"N"
264507,76,38,0,0,DOWN,1584096897514,"L"
264507,76,38,0,0,UP,1584152692514,"L"
264507,65,30,0,0,DOWN,1584192997214,"A"
264507,65,30,0,0,UP,1584240970814,"A"
264507,78,49,0,0,DOWN,1584296746214,"N"
264507,78,49,0,0,UP,1584352966214,"N"
264507,68,32,0,0,DOWN,1584392976514,"D"
264507,70,33,0,0,DOWN,1584496703214,"F"
264507,68,32,0,0,UP,1584504965914,"D"
264507,70,33,0,0,UP,1584568990614,"F"
264507,72,35,0,0,DOWN,1584593006214,"H"
264507,72,35,0,0,UP,1584696752514,"H"
264507,66,48,0,0,DOWN,1584697603014,"B"
264507,85,22,0,0,DOWN,1584792993614,"U"
264507,66,48,0,0,UP,1584816978914,"B"
264507,82,19,0,0,DOWN,1584896962414,"R"
264507,85,22,0,0,UP,1584904974114,"U"
264507,71,34,0,0,DOWN,1584992941714,"G"
264507,82,19,0,0,UP,1585008729114,"R"
264507,69,18,0,0,DOWN,1585097027814,"E"
264507,71,34,0,0,UP,1585104982914,"G"
264507,78,49,0,0,DOWN,1585193007714,"N"
264507,69,18,0,0,UP,1585200926714,"E"
264507,78,49,0,0,UP,1585256936214,"N"
264507,76,38,0,0,DOWN,1585296931114,"L"
264507,76,38,0,0,UP,1585352942314,"L"
264507,65,30,0,0,DOWN,1585392984614,"A"
264507,65,30,0,0,UP,1585440949914,"A"
264507,78,49,0,0,DOWN,1585496982614,"N"
264507,78,49,0,0,UP,1585560935914,"N"
264507,68,32,0,0,DOWN,1585600981614,"D"
264507,70,33,0,0,DOWN,1585696935214,"F"
264507,68,32,0,0,UP,1585704940614,"D"
264507,70,33,0,0,UP,1585768998214,"F"
264507,72,35,0,0,DOWN,1585792981314,"H"
264507,66,48,0,0,DOWN,1585896945514,"B"
264507,72,35,0,0,UP,1585904979014,"H"
264507,85,22,0,0,DOWN,1585993002514,"U"
264507,66,48,0,0,UP,1586016973614,"B"
264507,82,19,0,0,DOWN,1586096943814,"R"
264507,85,22,0,0,UP,1586104907214,"U"
264507,71,34,0,0,DOWN,1586192987514,"G"
264507,82,19,0,0,UP,1586208977214,"R"
264507,71,34,0,0,UP,1586296955214,"G"
264507,69,18,0,0,DOWN,1586312783214,"E"
264507,78,49,0,0,DOWN,1586392983114,"N"
264507,69,18,0,0,UP,1586400984214,"E"
264507,78,49,0,0,UP,1586456964314,"N"
264507,76,38,0,0,DOWN,1586496830314,"L"
264507,76,38,0,0,UP,1586552745314,"L"
264507,65,30,0,0,DOWN,1586592935314,"A"
264507,65,30,0,0,UP,1586640938114,"A"
264507,78,49,0,0,DOWN,1586696720814,"N"
264507,78,49,0,0,UP,1586752965614,"N"
264507,68,32,0,0,DOWN,1586792987414,"D"
264507,70,33,0,0,DOWN,1586896739414,"F"
264507,68,32,0,0,UP,1586904972214,"D"
264507,70,33,0,0,UP,1586968989714,"F"
264507,72,35,0,0,DOWN,1586992965414,"H"
264507,72,35,0,0,UP,1587096807414,"H"
264507,66,48,0,0,DOWN,1587097601914,"B"
264507,85,22,0,0,DOWN,1587192793614,"U"
264507,66,48,0,0,UP,1587208964414,"B"
264507,82,19,0,0,DOWN,1587296829714,"R"
264507,85,22,0,0,UP,1587304942114,"U"
264507,71,34,0,0,DOWN,1587392963914,"G"
264507,82,19,0,0,UP,1587408939014,"R"
264507,69,18,0,0,DOWN,1587496867514,"E"
264507,71,34,0,0,UP,1587504981214,"G"
264507,69,18,0,0,UP,1587601045714,"E"
264507,78,49,0,0,DOWN,1587602035814,"N"
264507,78,49,0,0,UP,1587656941514,"N"
264507,76,38,0,0,DOWN,1587688993414,"L"
264507,76,38,0,0,UP,1587744998114,"L"
264507,65,30,0,0,DOWN,1587792997914,"A"
264507,65,30,0,0,UP,1587840966514,"A"
264507,78,49,0,0,DOWN,1587888958914,"N"
264507,78,49,0,0,UP,1587960961114,"N"
264507,68,32,0,0,DOWN,1588000737814,"D"
264507,70,33,0,0,DOWN,1588097008014,"F"
264507,68,32,0,0,UP,1588104929714,"D"
264507,70,33,0,0,UP,1588168992314,"F"
264507,72,35,0,0,DOWN,1588192991014,"H"
264507,72,35,0,0,UP,1588297068914,"H"
264507,66,48,0,0,DOWN,1588297835514,"B"
264507,85,22,0,0,DOWN,1588392983114,"U"
264507,66,48,0,0,UP,1588416756714,"B"
264507,82,19,0,0,DOWN,1588496758814,"R"
264507,85,22,0,0,UP,1588504999114,"U"
264507,71,34,0,0,DOWN,1588593001114,"G"
264507,82,19,0,0,UP,1588608981114,"R"
264507,69,18,0,0,DOWN,1588697100514,"E"
264507,71,34,0,0,UP,1588704992414,"G"
264507,78,49,0,0,DOWN,1588793061014,"N"
264507,69,18,0,0,UP,1588800984814,"E"
264507,78,49,0,0,UP,1588856959614,"N"
264507,76,38,0,0,DOWN,1588897166014,"L"
264507,76,38,0,0,UP,1588952993814,"L"
264507,65,30,0,0,DOWN,1588993018614,"A"
264507,65,30,0,0,UP,1589040767114,"A"
264507,78,49,0,0,DOWN,1589097010414,"N"
264507,78,49,0,0,UP,1589152774014,"N"
264507,68,32,0,0,DOWN,1589193086314,"D"
264507,70,33,0,0,DOWN,1589296959114,"F"
264507,68,32,0,0,UP,1589304964314,"D"
264507,70,33,0,0,UP,1589368949914,"F"
264507,72,35,0,0,DOWN,1589392989614,"H"
264507,72,35,0,0,UP,1589497026814,"H"
264507,66,48,0,0,DOWN,1589498064814,"B"
264507,85,22,0,0,DOWN,1589592992414,"U"
264507,66,48,0,0,UP,1589609002714,"B"
264507,82,19,0,0,DOWN,1589697005014,"R"
264507,85,22,0,0,UP,1589704982714,"U"
264507,71,34,0,0,DOWN,1589800987214,"G"
264507,82,19,0,0,UP,1589816802914,"R"
264507,69,18,0,0,DOWN,1589897017014,"E"
264507,71,34,0,0,UP,1589904990814,"G"
264507,78,49,0,0,DOWN,1589993041914,"N"
264507,69,18,0,0,UP,1590001010114,"E"
264507,78,49,0,0,UP,1590056775814,"N"
264507,76,38,0,0,DOWN,1590097056614,"L"
264507,76,38,0,0,UP,1590145048614,"L"
264507,65,30,0,0,DOWN,1590193064814,"A"
264507,65,30,0,0,UP,1590241001914,"A"
264507,78,49,0,0,DOWN,1590297008914,"N"
264507,78,49,0,0,UP,1590361004014,"N"
264507,68,32,0,0,DOWN,1590401001914,"D"
264507,70,33,0,0,DOWN,1590497021714,"F"
264507,68,32,0,0,UP,1590512965614,"D"
264507,70,33,0,0,UP,1590568956914,"F"
264507,72,35,0,0,DOWN,1590592993014,"H"
264507,66,48,0,0,DOWN,1590696985414,"B"
264507,72,35,0,0,UP,1590704988714,"H"
264507,85,22,0,0,DOWN,1590793002714,"U"
264507,66,48,0,0,UP,1590816785514,"B"
264507,82,19,0,0,DOWN,1590897009914,"R"
264507,85,22,0,0,UP,1590905002714,"U"
264507,71,34,0,0,DOWN,1590992835214,"G"
264507,82,19,0,0,UP,1591009035614,"R"
264507,69,18,0,0,DOWN,1591096860414,"E"
264507,71,34,0,0,UP,1591105003414,"G"
264507,78,49,0,0,DOWN,1591193058714,"N"
264507,69,18,0,0,UP,1591200943514,"E"
264507,78,49,0,0,UP,1591257033714,"N"
264507,76,38,0,0,DOWN,1591297073514,"L"
264507,76,38,0,0,UP,1591353006414,"L"
264507,65,30,0,0,DOWN,1591393088614,"A"
264507,65,30,0,0,UP,1591441002414,"A"
264507,78,49,0,0,DOWN,1591497065314,"N"
264507,78,49,0,0,UP,1591553069114,"N"
264507,68,32,0,0,DOWN,1591592819114,"D"
264507,70,33,0,0,DOWN,1591697083114,"F"
264507,68,32,0,0,UP,1591705045614,"D"
264507,70,33,0,0,UP,1591769028214,"F"
264507,72,35,0,0,DOWN,1591793078814,"H"
264507,72,35,0,0,UP,1591897062414,"H"
264507,66,48,0,0,DOWN,1591897969414,"B"
264507,85,22,0,0,DOWN,1592001013314,"U"
264507,66,48,0,0,UP,1592008803014,"B"
264507,82,19,0,0,DOWN,1592097022214,"R"
264507,85,22,0,0,UP,1592104968714,"U"
264507,71,34,0,0,DOWN,1592200931114,"G"
264507,82,19,0,0,UP,1592208984914,"R"
264507,69,18,0,0,DOWN,1592297053314,"E"
264507,71,34,0,0,UP,1592305003714,"G"
264507,69,18,0,0,UP,1592392993014,"E"
264507,78,49,0,0,DOWN,1592393465314,"N"
264507,78,49,0,0,UP,1592456985014,"N"
264507,76,38,0,0,DOWN,1592497001414,"L"
264507,76,38,0,0,UP,1592553026414,"L"
264507,65,30,0,0,DOWN,1592593004014,"A"
264507,65,30,0,0,UP,1592640996814,"A"
264507,78,49,0,0,DOWN,1592697088114,"N"
264507,78,49,0,0,UP,1592760993014,"N"
264507,68,32,0,0,DOWN,1592800780914,"D"
264507,70,33,0,0,DOWN,1592897045814,"F"
264507,68,32,0,0,UP,1592905039614,"D"
264507,70,33,0,0,UP,1592969000614,"F"
264507,72,35,0,0,DOWN,1592993048014,"H"
264507,66,48,0,0,DOWN,1593097083814,"B"
264507,72,35,0,0,UP,1593105000814,"H"
264507,85,22,0,0,DOWN,1593193083914,"U"
264507,66,48,0,0,UP,1593217090314,"B"
264507,82,19,0,0,DOWN,1593297015614,"R"
264507,85,22,0,0,UP,1593304998414,"U"
264507,71,34,0,0,DOWN,1593393031614,"G"
264507,82,19,0,0,UP,1593409039414,"R"
264507,69,18,0,0,DOWN,1593497019214,"E"
264507,71,34,0,0,UP,1593505119014,"G"
264507,78,49,0,0,DOWN,1593592989914,"N"
264507,69,18,0,0,UP,1593609034014,"E"
264507,78,49,0,0,UP,1593657038214,"N"
264507,76,38,0,0,DOWN,1593697023514,"L"
264507,76,38,0,0,UP,1593753158814,"L"
264507,65,30,0,0,DOWN,1593793056214,"A"
264507,65,30,0,0,UP,1593841027014,"A"
264507,78,49,0,0,DOWN,1593897023214,"N"
264507,78,49,0,0,UP,1593953005414,"N"
264507,68,32,0,0,DOWN,1594001207914,"D"
264507,70,33,0,0,DOWN,1594097050014,"F"
264507,68,32,0,0,UP,1594105004914,"D"
264507,70,33,0,0,UP,1594168913214,"F"
264507,72,35,0,0,DOWN,1594201151814,"H"
264507,72,35,0,0,UP,1594297057614,"H"
264507,66,48,0,0,DOWN,1594298026214,"B"
264507,85,22,0,0,DOWN,1594393070514,"U"
264507,66,48,0,0,UP,1594417043814,"B"
264507,82,19,0,0,DOWN,1594497078014,"R"
264507,85,22,0,0,UP,1594505057114,"U"
264507,71,34,0,0,DOWN,1594593051714,"G"
264507,82,19,0,0,UP,1594609048714,"R"
264507,71,34,0,0,UP,1594697026014,"G"
264507,69,18,0,0,DOWN,1594697974914,"E"
264507,78,49,0,0,DOWN,1594793083014,"N"
264507,69,18,0,0,UP,1594801174314,"E"
264507,78,49,0,0,UP,1594857011914,"N"
264507,76,38,0,0,DOWN,1594897018714,"L"
264507,76,38,0,0,UP,1594953015214,"L"
264507,65,30,0,0,DOWN,1594993050014,"A"
264507,65,30,0,0,UP,1595041038214,"A"
264507,78,49,0,0,DOWN,1595097035214,"N"
264507,78,49,0,0,UP,1595161039814,"N"
264507,68,32,0,0,DOWN,1595193081314,"D"
264507,70,33,0,0,DOWN,1595297128914,"F"
264507,68,32,0,0,UP,1595305020414,"D"
264507,70,33,0,0,UP,1595368828014,"F"
264507,72,35,0,0,DOWN,1595393050814,"H"
264507,66,48,0,0,DOWN,1595496859414,"B"
264507,72,35,0,0,UP,1595505110214,"H"
264507,85,22,0,0,DOWN,1595593056014,"U"
264507,66,48,0,0,UP,1595617055414,"B"
264507,82,19,0,0,DOWN,1595697079114,"R"
264507,85,22,0,0,UP,1595705039314,"U"
264507,71,34,0,0,DOWN,1595792879314,"G"
264507,82,19,0,0,UP,1595808841714,"R"
264507,69,18,0,0,DOWN,1595897086214,"E"
264507,71,34,0,0,UP,1595905052914,"G"
264507,78,49,0,0,DOWN,1595993045714,"N"
264507,69,18,0,0,UP,1596001055714,"E"
264507,78,49,0,0,UP,1596057051314,"N"
264507,76,38,0,0,DOWN,1596096771314,"L"
264507,76,38,0,0,UP,1596152730514,"L"
264507,65,30,0,0,DOWN,1596193060314,"A"
264507,65,30,0,0,UP,1596241046714,"A"
264507,78,49,0,0,DOWN,1596297032214,"N"
264507,78,49,0,0,UP,1596352825514,"N"
264507,68,32,0,0,DOWN,1596401098514,"D"
264507,70,33,0,0,DOWN,1596496804914,"F"
264507,68,32,0,0,UP,1596505071214,"D"
264507,70,33,0,0,UP,1596569095214,"F"
264507,72,35,0,0,DOWN,1596593060014,"H"
264507,66,48,0,0,DOWN,1596697066014,"B"
264507,72,35,0,0,UP,1596705036714,"H"
264507,85,22,0,0,DOWN,1596793083714,"U"
264507,66,48,0,0,UP,1596817050914,"B"
264507,82,19,0,0,DOWN,1596897137814,"R"
264507,85,22,0,0,UP,1596905031214,"U"
264507,71,34,0,0,DOWN,1596993090714,"G"
264507,82,19,0,0,UP,1597017063814,"R"
264507,69,18,0,0,DOWN,1597097061814,"E"
264507,71,34,0,0,UP,1597105038414,"G"
264507,69,18,0,0,UP,1597193056414,"E"
264507,78,49,0,0,DOWN,1597194035814,"N"
264507,78,49,0,0,UP,1597257016314,"N"
264507,76,38,0,0,DOWN,1597297044314,"L"
264507,76,38,0,0,UP,1597352986514,"L"
264507,65,30,0,0,DOWN,1597393044314,"A"
264507,65,30,0,0,UP,1597441046614,"A"
264507,78,49,0,0,DOWN,1597497038114,"N"
264507,78,49,0,0,UP,1597561028514,"N"
264507,68,32,0,0,DOWN,1597593034514,"D"
264507,70,33,0,0,DOWN,1597697118614,"F"
264507,68,32,0,0,UP,1597704735714,"D"
264507,70,33,0,0,UP,1597769078614,"F"
264507,72,35,0,0,DOWN,1597793066414,"H"
264507,66,48,0,0,DOWN,1597897056814,"B"
264507,72,35,0,0,UP,1597904716414,"H"
264507,85,22,0,0,DOWN,1597993096214,"U"
264507,66,48,0,0,UP,1598017080114,"B"
264507,82,19,0,0,DOWN,1598097068614,"R"
264507,85,22,0,0,UP,1598104836714,"U"
264507,71,34,0,0,DOWN,1598201062014,"G"
264507,82,19,0,0,UP,1598209114414,"R"
264507,69,18,0,0,DOWN,1598297090014,"E"
264507,71,34,0,0,UP,1598304947314,"G"
264507,78,49,0,0,DOWN,1598401101014,"N"
264507,69,18,0,0,UP,1598408815214,"E"
264507,78,49,0,0,UP,1598456861314,"N"
264507,76,38,0,0,DOWN,1598488963614,"L"
264507,76,38,0,0,UP,1598553066514,"L"
264507,65,30,0,0,DOWN,1598593066214,"A"
264507,65,30,0,0,UP,1598641077914,"A"
264507,78,49,0,0,DOWN,1598697152514,"N"
264507,78,49,0,0,UP,1598753025614,"N"
264507,68,32,0,0,DOWN,1598801062814,"D"
264507,70,33,0,0,DOWN,1598897071314,"F"
264507,68,32,0,0,UP,1598905017814,"D"
264507,70,33,0,0,UP,1598969069514,"F"
264507,72,35,0,0,DOWN,1598993067014,"H"
264507,66,48,0,0,DOWN,1599097113514,"B"
264507,72,35,0,0,UP,1599104844514,"H"
264507,85,22,0,0,DOWN,1599193091014,"U"
264507,66,48,0,0,UP,1599216852914,"B"
264507,82,19,0,0,DOWN,1599297087114,"R"
264507,85,22,0,0,UP,1599304880914,"U"
264507,71,34,0,0,DOWN,1599393081414,"G"
264507,82,19,0,0,UP,1599409066814,"R"
264507,71,34,0,0,UP,1599497131614,"G"
264507,69,18,0,0,DOWN,1599498099514,"E"
264507,69,18,0,0,UP,1599593162014,"E"
264507,78,49,0,0,DOWN,1599594126214,"N"
264507,78,49,0,0,UP,1599657092014,"N"
264507,76,38,0,0,DOWN,1599696864314,"L"
264507,76,38,0,0,UP,1599753060714,"L"
264507,65,30,0,0,DOWN,1599793088914,"A"
264507,65,30,0,0,UP,1599833102014,"A"
264507,78,49,0,0,DOWN,1599897111914,"N"
264507,78,49,0,0,UP,1599953150014,"N"
264507,68,32,0,0,DOWN,1599993268314,"D"
264507,70,33,0,0,DOWN,1600097105614,"F"
264507,68,32,0,0,UP,1600105123514,"D"
264507,70,33,0,0,UP,1600169048414,"F"
264507,72,35,0,0,DOWN,1600193067214,"H"
264507,66,48,0,0,DOWN,1600297061514,"B"
264507,72,35,0,0,UP,1600305109914,"H"
264507,85,22,0,0,DOWN,1600400972314,"U"
264507,66,48,0,0,UP,1600417118414,"B"
264507,82,19,0,0,DOWN,1600497101914,"R"
264507,85,22,0,0,UP,1600505122814,"U"
264507,71,34,0,0,DOWN,1600601107914,"G"
264507,82,19,0,0,UP,1600609089814,"R"
264507,69,18,0,0,DOWN,1600697080114,"E"
264507,71,34,0,0,UP,1600704968314,"G"
264507,78,49,0,0,DOWN,1600793108014,"N"
264507,69,18,0,0,UP,1600801053114,"E"
264507,78,49,0,0,UP,1600857092114,"N"
264507,76,38,0,0,DOWN,1600896812514,"L"
264507,76,38,0,0,UP,1600953089414,"L"
264507,65,30,0,0,DOWN,1600993103714,"A"
264507,65,30,0,0,UP,1601041087614,"A"
264507,78,49,0,0,DOWN,1601097089714,"N"
264507,78,49,0,0,UP,1601160980114,"N"
264507,68,32,0,0,DOWN,1601201114514,"D"
264507,70,33,0,0,DOWN,1601297099414,"F"
264507,68,32,0,0,UP,1601313058414,"D"
264507,70,33,0,0,UP,1601361109114,"F"
264507,72,35,0,0,DOWN,1601393119914,"H"
264507,72,35,0,0,UP,1601497139814,"H"
264507,66,48,0,0,DOWN,1601497959014,"B"
264507,85,22,0,0,DOWN,1601593082814,"U"
264507,66,48,0,0,UP,1601617070814,"B"
264507,82,19,0,0,DOWN,1601697096914,"R"
264507,85,22,0,0,UP,1601705091514,"U"
264507,71,34,0,0,DOWN,1601793134014,"G"
264507,82,19,0,0,UP,1601808871714,"R"
264507,69,18,0,0,DOWN,1601897156814,"E"
264507,71,34,0,0,UP,1601905081314,"G"
264507,69,18,0,0,UP,1601993163314,"E"
264507,78,49,0,0,DOWN,1601993951214,"N"
264507,78,49,0,0,UP,1602056955414,"N"
264507,76,38,0,0,DOWN,1602097064214,"L"
264507,76,38,0,0,UP,1602153088614,"L"
264507,65,30,0,0,DOWN,1602193082414,"A"
264507,65,30,0,0,UP,1602233087414,"A"
264507,78,49,0,0,DOWN,1602296865014,"N"
264507,78,49,0,0,UP,1602353082514,"N"
264507,68,32,0,0,DOWN,1602401092914,"D"
264507,70,33,0,0,DOWN,1602497172514,"F"
264507,68,32,0,0,UP,1602505110514,"D"
264507,70,33,0,0,UP,1602569176214,"F"
264507,72,35,0,0,DOWN,1602601099014,"H"
264507,72,35,0,0,UP,1602697178514,"H"
264507,66,48,0,0,DOWN,1602698135714,"B"
264507,85,22,0,0,DOWN,1602792910314,"U"
264507,66,48,0,0,UP,1602817105914,"B"
264507,82,19,0,0,DOWN,1602897078814,"R"
264507,85,22,0,0,UP,1602905077714,"U"
264507,71,34,0,0,DOWN,1602993123014,"G"
264507,82,19,0,0,UP,1603017090814,"R"
264507,69,18,0,0,DOWN,1603097088314,"E"
264507,71,34,0,0,UP,1603104830614,"G"
264507,69,18,0,0,UP,1603193148914,"E"
264507,78,49,0,0,DOWN,1603194160514,"N"
264507,78,49,0,0,UP,1603257239314,"N"
264507,76,38,0,0,DOWN,1603297119414,"L"
264507,76,38,0,0,UP,1603353108914,"L"
264507,65,30,0,0,DOWN,1603393126714,"A"
264507,65,30,0,0,UP,1603441136714,"A"
264507,78,49,0,0,DOWN,1603497172014,"N"
264507,78,49,0,0,UP,1603553116414,"N"
264507,68,32,0,0,DOWN,1603593093714,"D"
264507,70,33,0,0,DOWN,1603697142414,"F"
264507,68,32,0,0,UP,1603705123914,"D"
264507,70,33,0,0,UP,1603769154314,"F"
264507,72,35,0,0,DOWN,1603793108214,"H"
264507,66,48,0,0,DOWN,1603897176014,"B"
264507,72,35,0,0,UP,1603905076714,"H"
264507,85,22,0,0,DOWN,1603993081414,"U"
264507,66,48,0,0,UP,1604017119614,"B"
264507,82,19,0,0,DOWN,1604097106714,"R"
264507,85,22,0,0,UP,1604105126014,"U"
264507,71,34,0,0,DOWN,1604193079314,"G"
264507,82,19,0,0,UP,1604208939714,"R"
264507,69,18,0,0,DOWN,1604297102014,"E"
264507,71,34,0,0,UP,1604305125814,"G"
264507,69,18,0,0,UP,1604393126914,"E"
264507,78,49,0,0,DOWN,1604394005614,"N"
264507,78,49,0,0,UP,1604457175314,"N"
264507,76,38,0,0,DOWN,1604497131614,"L"
264507,76,38,0,0,UP,1604553191114,"L"
264507,65,30,0,0,DOWN,1604593106114,"A"
264507,65,30,0,0,UP,1604641132514,"A"
264507,78,49,0,0,DOWN,1604697121414,"N"
264507,78,49,0,0,UP,1604753095114,"N"
264507,68,32,0,0,DOWN,1604801132514,"D"
264507,70,33,0,0,DOWN,1604897144714,"F"
264507,68,32,0,0,UP,1604904883614,"D"
264507,70,33,0,0,UP,1604969172214,"F"
264507,72,35,0,0,DOWN,1604992891014,"H"
264507,66,48,0,0,DOWN,1605097104214,"B"
264507,72,35,0,0,UP,1605105347314,"H"
264507,85,22,0,0,DOWN,1605192910414,"U"
264507,66,48,0,0,UP,1605217160414,"B"
264507,82,19,0,0,DOWN,1605297172814,"R"
264507,85,22,0,0,UP,1605305110314,"U"
264507,71,34,0,0,DOWN,1605392956014,"G"
264507,82,19,0,0,UP,1605417171114,"R"
264507,69,18,0,0,DOWN,1605497154314,"E"
264507,71,34,0,0,UP,1605505172914,"G"
264507,78,49,0,0,DOWN,1605592875514,"N"
264507,69,18,0,0,UP,1605601070714,"E"
264507,78,49,0,0,UP,1605657055314,"N"
264507,76,38,0,0,DOWN,1605697142614,"L"
264507,76,38,0,0,UP,1605753098014,"L"
264507,65,30,0,0,DOWN,1605792943014,"A"
264507,65,30,0,0,UP,1605833175714,"A"
264507,78,49,0,0,DOWN,1605897121414,"N"
264507,78,49,0,0,UP,1605953129314,"N"
264507,68,32,0,0,DOWN,1605992906314,"D"
264507,70,33,0,0,DOWN,1606097139714,"F"
264507,68,32,0,0,UP,1606105090514,"D"
264507,70,33,0,0,UP,1606169346314,"F"
264507,72,35,0,0,DOWN,1606192993814,"H"
264507,72,35,0,0,UP,1606297185514,"H"
264507,66,48,0,0,DOWN,1606297990714,"B"
264507,85,22,0,0,DOWN,1606393168914,"U"
264507,66,48,0,0,UP,1606417143614,"B"
264507,82,19,0,0,DOWN,1606497201314,"R"
264507,85,22,0,0,UP,1606505138214,"U"
264507,71,34,0,0,DOWN,1606601152514,"G"
264507,82,19,0,0,UP,1606617173514,"R"
264507,69,18,0,0,DOWN,1606697118314,"E"
264507,71,34,0,0,UP,1606705141014,"G"
264507,69,18,0,0,UP,1606801168914,"E"
264507,78,49,0,0,DOWN,1606802060414,"N"
264507,78,49,0,0,UP,1606849196314,"N"
264507,76,38,0,0,DOWN,1606897163414,"L"
264507,76,38,0,0,UP,1606953164514,"L"
264507,65,30,0,0,DOWN,1606992914514,"A"
264507,65,30,0,0,UP,1607041121014,"A"
264507,78,49,0,0,DOWN,1607097105714,"N"
264507,78,49,0,0,UP,1607153107114,"N"
264507,68,32,0,0,DOWN,1607201122014,"D"
264507,70,33,0,0,DOWN,1607297122614,"F"
264507,68,32,0,0,UP,1607313092114,"D"
264507,70,33,0,0,UP,1607376828814,"F"
264507,72,35,0,0,DOWN,1607393171314,"H"
264507,66,48,0,0,DOWN,1607497150014,"B"
264507,72,35,0,0,UP,1607505145614,"H"
264507,85,22,0,0,DOWN,1607593221514,"U"
264507,66,48,0,0,UP,1607617134914,"B"
264507,82,19,0,0,DOWN,1607696886714,"R"
264507,85,22,0,0,UP,1607705106614,"U"
264507,71,34,0,0,DOWN,1607793130514,"G"
264507,82,19,0,0,UP,1607809095914,"R"
264507,69,18,0,0,DOWN,1607897107914,"E"
264507,71,34,0,0,UP,1607905071214,"G"
264507,69,18,0,0,UP,1607993148714,"E"
264507,78,49,0,0,DOWN,1607994085314,"N"
264507,78,49,0,0,UP,1608056919514,"N"
264507,76,38,0,0,DOWN,1608097134314,"L"
264507,76,38,0,0,UP,1608153150414,"L"
264507,65,30,0,0,DOWN,1608193185414,"A"
264507,65,30,0,0,UP,1608233167314,"A"
264507,78,49,0,0,DOWN,1608297126114,"N"
264507,78,49,0,0,UP,1608353120814,"N"
264507,68,32,0,0,DOWN,1608393191014,"D"
264507,70,33,0,0,DOWN,1608497141114,"F"
264507,68,32,0,0,UP,1608505112614,"D"
264507,70,33,0,0,UP,1608569157014,"F"
264507,72,35,0,0,DOWN,1608601162014,"H"
264507,66,48,0,0,DOWN,1608697206914,"B"
264507,72,35,0,0,UP,1608705150514,"H"
264507,85,22,0,0,DOWN,1608801156614,"U"
264507,66,48,0,0,UP,1608809160814,"B"
264507,82,19,0,0,DOWN,1608897159214,"R"
264507,85,22,0,0,UP,1608905158314,"U"
264507,71,34,0,0,DOWN,1609001151214,"G"
264507,82,19,0,0,UP,1609017172014,"R"
264507,69,18,0,0,DOWN,1609097124714,"E"
264507,71,34,0,0,UP,1609105057714,"G"
264507,69,18,0,0,UP,1609193263514,"E"
264507,78,49,0,0,DOWN,1609194146214,"N"
264507,78,49,0,0,UP,1609257171114,"N"
264507,76,38,0,0,DOWN,1609297227614,"L"
264507,76,38,0,0,UP,1609353146714,"L"
264507,65,30,0,0,DOWN,1609393168414,"A"
264507,65,30,0,0,UP,1609441174814,"A"
264507,78,49,0,0,DOWN,1609497127814,"N"
264507,78,49,0,0,UP,1609553161314,"N"
264507,68,32,0,0,DOWN,1609593162414,"D"
264507,70,33,0,0,DOWN,1609697118314,"F"
264507,68,32,0,0,UP,1609705160614,"D"
264507,70,33,0,0,UP,1609769199114,"F"
264507,72,35,0,0,DOWN,1609793151314,"H"
264507,72,35,0,0,UP,1609897184014,"H"
264507,66,48,0,0,DOWN,1609898218414,"B"
264507,85,22,0,0,DOWN,1609993223714,"U"
264507,66,48,0,0,UP,1610017190414,"B"
264507,82,19,0,0,DOWN,1610097157514,"R"
264507,85,22,0,0,UP,1610105174814,"U"
264507,71,34,0,0,DOWN,1610193161114,"G"
264507,82,19,0,0,UP,1610208940414,"R"
264507,69,18,0,0,DOWN,1610297148314,"E"
264507,71,34,0,0,UP,1610305140214,"G"
264507,78,49,0,0,DOWN,1610393177614,"N"
264507,69,18,0,0,UP,1610401158414,"E"
264507,78,49,0,0,UP,1610457188314,"N"
264507,76,38,0,0,DOWN,1610497150714,"L"
264507,76,38,0,0,UP,1610552917114,"L"
264507,65,30,0,0,DOWN,1610601219514,"A"
264507,65,30,0,0,UP,1610641190914,"A"
264507,78,49,0,0,DOWN,1610696925714,"N"
264507,78,49,0,0,UP,1610745181014,"N"
264507,68,32,0,0,DOWN,1610801169714,"D"
264507,70,33,0,0,DOWN,1610896985714,"F"
264507,68,32,0,0,UP,1610905165714,"D"
264507,70,33,0,0,UP,1610961148114,"F"
264507,72,35,0,0,DOWN,1610993170214,"H"
264507,66,48,0,0,DOWN,1611097006414,"B"
264507,72,35,0,0,UP,1611104958814,"H"
264507,85,22,0,0,DOWN,1611193125614,"U"
264507,66,48,0,0,UP,1611217145014,"B"
264507,82,19,0,0,DOWN,1611296987914,"R"
264507,85,22,0,0,UP,1611305188914,"U"
264507,71,34,0,0,DOWN,1611393162814,"G"
264507,82,19,0,0,UP,1611417193014,"R"
264507,69,18,0,0,DOWN,1611497030914,"E"
264507,71,34,0,0,UP,1611513279614,"G"
264507,69,18,0,0,UP,1611593247814,"E"
264507,78,49,0,0,DOWN,1611594263014,"N"
264507,78,49,0,0,UP,1611657183414,"N"
264507,76,38,0,0,DOWN,1611697062214,"L"
264507,76,38,0,0,UP,1611753239014,"L"
264507,65,30,0,0,DOWN,1611793303614,"A"
264507,65,30,0,0,UP,1611833155614,"A"
264507,78,49,0,0,DOWN,1611896921114,"N"
264507,78,49,0,0,UP,1611961310014,"N"
264507,68,32,0,0,DOWN,1611993200714,"D"
264507,70,33,0,0,DOWN,1612097180314,"F"
264507,68,32,0,0,UP,1612113279014,"D"
264507,70,33,0,0,UP,1612169439014,"F"
264507,72,35,0,0,DOWN,1612193135214,"H"
264507,72,35,0,0,UP,1612297208014,"H"
264507,66,48,0,0,DOWN,1612298026914,"B"
264507,85,22,0,0,DOWN,1612393160914,"U"
264507,66,48,0,0,UP,1612417155614,"B"
264507,82,19,0,0,DOWN,1612497127514,"R"
264507,85,22,0,0,UP,1612505218514,"U"
264507,71,34,0,0,DOWN,1612601170614,"G"
264507,82,19,0,0,UP,1612609150614,"R"
264507,69,18,0,0,DOWN,1612697354014,"E"
264507,71,34,0,0,UP,1612705241614,"G"
264507,69,18,0,0,UP,1612801206214,"E"
264507,78,49,0,0,DOWN,1612802218914,"N"
264507,78,49,0,0,UP,1612849162214,"N"
264507,76,38,0,0,DOWN,1612889250614,"L"
264507,76,38,0,0,UP,1612953196514,"L"
264507,65,30,0,0,DOWN,1612993190114,"A"
264507,65,30,0,0,UP,1613041201914,"A"
264507,78,49,0,0,DOWN,1613097320714,"N"
264507,78,49,0,0,UP,1613153170814,"N"
264507,68,32,0,0,DOWN,1613201227014,"D"
264507,70,33,0,0,DOWN,1613297251014,"F"
264507,68,32,0,0,UP,1613305163814,"D"
264507,70,33,0,0,UP,1613369184114,"F"
264507,72,35,0,0,DOWN,1613393226514,"H"
264507,66,48,0,0,DOWN,1613497189914,"B"
264507,72,35,0,0,UP,1613505196914,"H"
264507,85,22,0,0,DOWN,1613593197814,"U"
264507,66,48,0,0,UP,1613616973514,"B"
264507,82,19,0,0,DOWN,1613697192114,"R"
264507,85,22,0,0,UP,1613705186514,"U"
264507,71,34,0,0,DOWN,1613793162914,"G"
264507,82,19,0,0,UP,1613816879614,"R"
264507,69,18,0,0,DOWN,1613897186714,"E"
264507,71,34,0,0,UP,1613905151114,"G"
264507,78,49,0,0,DOWN,1613993232514,"N"
264507,69,18,0,0,UP,1614008950914,"E"
264507,78,49,0,0,UP,1614057057914,"N"
264507,76,38,0,0,DOWN,1614097203514,"L"
264507,76,38,0,0,UP,1614153273114,"L"
264507,65,30,0,0,DOWN,1614193201814,"A"
264507,65,30,0,0,UP,1614233003714,"A"
264507,78,49,0,0,DOWN,1614297238014,"N"
264507,78,49,0,0,UP,1614353192714,"N"
264507,68,32,0,0,DOWN,1614393223614,"D"
264507,70,33,0,0,DOWN,1614497213014,"F"
264507,68,32,0,0,UP,1614505196414,"D"
264507,70,33,0,0,UP,1614569179214,"F"
264507,72,35,0,0,DOWN,1614593228014,"H"
264507,66,48,0,0,DOWN,1614697246414,"B"
264507,72,35,0,0,UP,1614705125614,"H"
264507,85,22,0,0,DOWN,1614801061414,"U"
264507,66,48,0,0,UP,1614817050114,"B"
264507,82,19,0,0,DOWN,1614897234514,"R"
264507,85,22,0,0,UP,1614905173014,"U"
264507,71,34,0,0,DOWN,1615001174614,"G"
264507,82,19,0,0,UP,1615009296814,"R"
264507,69,18,0,0,DOWN,1615097218514,"E"
264507,71,34,0,0,UP,1615105204614,"G"
264507,69,18,0,0,UP,1615193215714,"E"
264507,78,49,0,0,DOWN,1615194115814,"N"
264507,78,49,0,0,UP,1615257199214,"N"
264507,76,38,0,0,DOWN,1615296969514,"L"
264507,76,38,0,0,UP,1615353170814,"L"
264507,65,30,0,0,DOWN,1615393227914,"A"
264507,65,30,0,0,UP,1615441200714,"A"
264507,78,49,0,0,DOWN,1615497296714,"N"
264507,78,49,0,0,UP,1615553200814,"N"
264507,68,32,0,0,DOWN,1615601183714,"D"
264507,70,33,0,0,DOWN,1615697252514,"F"
264507,68,32,0,0,UP,1615713237914,"D"
264507,70,33,0,0,UP,1615769210014,"F"
264507,72,35,0,0,DOWN,1615793237214,"H"
264507,72,35,0,0,UP,1615897236514,"H"
264507,66,48,0,0,DOWN,1615898210914,"B"
264507,85,22,0,0,DOWN,1615993259714,"U"
264507,66,48,0,0,UP,1616016988114,"B"
264507,82,19,0,0,DOWN,1616097208914,"R"
264507,85,22,0,0,UP,1616104927614,"U"
264507,71,34,0,0,DOWN,1616193251014,"G"
264507,82,19,0,0,UP,1616209251414,"R"
264507,69,18,0,0,DOWN,1616297198614,"E"
264507,71,34,0,0,UP,1616305250614,"G"
264507,69,18,0,0,UP,1616393217214,"E"
264507,78,49,0,0,DOWN,1616393786514,"N"
264507,78,49,0,0,UP,1616465012914,"N"
264507,76,38,0,0,DOWN,1616497221014,"L"
264507,76,38,0,0,UP,1616553254714,"L"
264507,65,30,0,0,DOWN,1616593215114,"A"
264507,65,30,0,0,UP,1616633403014,"A"
264507,78,49,0,0,DOWN,1616697215614,"N"
264507,78,49,0,0,UP,1616753202314,"N"
264507,68,32,0,0,DOWN,1616800939314,"D"
264507,70,33,0,0,DOWN,1616897249114,"F"
264507,68,32,0,0,UP,1616905229714,"D"
264507,70,33,0,0,UP,1616969218914,"F"
264507,72,35,0,0,DOWN,1617001012614,"H"
264507,66,48,0,0,DOWN,1617097276614,"B"
264507,72,35,0,0,UP,1617105162914,"H"
264507,85,22,0,0,DOWN,1617193199814,"U"
264507,66,48,0,0,UP,1617217251314,"B"
264507,82,19,0,0,DOWN,1617297207114,"R"
264507,85,22,0,0,UP,1617305247214,"U"
264507,71,34,0,0,DOWN,1617393308014,"G"
264507,82,19,0,0,UP,1617409210814,"R"
264507,69,18,0,0,DOWN,1617497227214,"E"
264507,71,34,0,0,UP,1617504945514,"G"
264507,69,18,0,0,UP,1617593094714,"E"
264507,78,49,0,0,DOWN,1617593703114,"N"
264507,78,49,0,0,UP,1617657084514,"N"
264507,76,38,0,0,DOWN,1617696844614,"L"
264507,76,38,0,0,UP,1617752753714,"L"
264507,65,30,0,0,DOWN,1617792742314,"A"
264507,65,30,0,0,UP,1617840981114,"A"
264507,78,49,0,0,DOWN,1617896752814,"N"
264507,78,49,0,0,UP,1617960830114,"N"
264507,68,32,0,0,DOWN,1617992745814,"D"
264507,70,33,0,0,DOWN,1618096940414,"F"
264507,68,32,0,0,UP,1618112827914,"D"
264507,70,33,0,0,UP,1618168933414,"F"
264507,72,35,0,0,DOWN,1618192773814,"H"
264507,72,35,0,0,UP,1618296756914,"H"
264507,66,48,0,0,DOWN,1618296984314,"B"
264507,85,22,0,0,DOWN,1618392786514,"U"
264507,66,48,0,0,UP,1618424783514,"B"
264507,82,19,0,0,DOWN,1618496797714,"R"
264507,85,22,0,0,UP,1618504759014,"U"
264507,71,34,0,0,DOWN,1618592755414,"G"
264507,82,19,0,0,UP,1618608754014,"R"
264507,69,18,0,0,DOWN,1618697262014,"E"
264507,71,34,0,0,UP,1618705323114,"G"
264507,69,18,0,0,UP,1618793269114,"E"
264507,78,49,0,0,DOWN,1618801343914,"N"
264507,78,49,0,0,UP,1618857217114,"N"
264507,76,38,0,0,DOWN,1618889213214,"L"
264507,76,38,0,0,UP,1618953226714,"L"
264507,65,30,0,0,DOWN,1618993219414,"A"
264507,65,30,0,0,UP,1619041211514,"A"
264507,78,49,0,0,DOWN,1619097022414,"N"
264507,78,49,0,0,UP,1619153218214,"N"
264507,68,32,0,0,DOWN,1619201228014,"D"
264507,70,33,0,0,DOWN,1619297237014,"F"
264507,68,32,0,0,UP,1619305297714,"D"
264507,70,33,0,0,UP,1619369112114,"F"
264507,72,35,0,0,DOWN,1619393238114,"H"
264507,66,48,0,0,DOWN,1619497240414,"B"
264507,72,35,0,0,UP,1619513269114,"H"
264507,85,22,0,0,DOWN,1619593267014,"U"
264507,66,48,0,0,UP,1619617268014,"B"
264507,82,19,0,0,DOWN,1619697289614,"R"
264507,85,22,0,0,UP,1619713213614,"U"
264507,71,34,0,0,DOWN,1619793278414,"G"
264507,82,19,0,0,UP,1619817242914,"R"
264507,69,18,0,0,DOWN,1619897284914,"E"
264507,71,34,0,0,UP,1619905183114,"G"
264507,78,49,0,0,DOWN,1619993254914,"N"
264507,69,18,0,0,UP,1620008992014,"E"
264507,78,49,0,0,UP,1620057293514,"N"
264507,76,38,0,0,DOWN,1620097244214,"L"
264507,76,38,0,0,UP,1620153127014,"L"
264507,65,30,0,0,DOWN,1620193248614,"A"
264507,65,30,0,0,UP,1620241277314,"A"
264507,78,49,0,0,DOWN,1620297267514,"N"
264507,78,49,0,0,UP,1620361192914,"N"
264507,68,32,0,0,DOWN,1620393268714,"D"
264507,70,33,0,0,DOWN,1620497274114,"F"
264507,68,32,0,0,UP,1620505219214,"D"
264507,70,33,0,0,UP,1620569291714,"F"
264507,72,35,0,0,DOWN,1620593217414,"H"
264507,66,48,0,0,DOWN,1620697236114,"B"
264507,72,35,0,0,UP,1620705222514,"H"
264507,85,22,0,0,DOWN,1620801231614,"U"
264507,66,48,0,0,UP,1620809220214,"B"
264507,82,19,0,0,DOWN,1620897265514,"R"
264507,85,22,0,0,UP,1620904940214,"U"
264507,71,34,0,0,DOWN,1621001286514,"G"
264507,82,19,0,0,UP,1621009028414,"R"
264507,69,18,0,0,DOWN,1621097267314,"E"
264507,71,34,0,0,UP,1621105236714,"G"
264507,69,18,0,0,UP,1621193286414,"E"
264507,78,49,0,0,DOWN,1621194187314,"N"
264507,78,49,0,0,UP,1621257276914,"N"
264507,76,38,0,0,DOWN,1621297249314,"L"
264507,76,38,0,0,UP,1621353283814,"L"
264507,65,30,0,0,DOWN,1621393278114,"A"
264507,65,30,0,0,UP,1621441235914,"A"
264507,78,49,0,0,DOWN,1621497263114,"N"
264507,78,49,0,0,UP,1621553336114,"N"
264507,68,32,0,0,DOWN,1621601300014,"D"
264507,70,33,0,0,DOWN,1621697054714,"F"
264507,68,32,0,0,UP,1621705007314,"D"
264507,70,33,0,0,UP,1621769302414,"F"
264507,72,35,0,0,DOWN,1621793254214,"H"
264507,72,35,0,0,UP,1621897320014,"H"
264507,66,48,0,0,DOWN,1621898331214,"B"
264507,85,22,0,0,DOWN,1621993236814,"U"
264507,66,48,0,0,UP,1622017239714,"B"
264507,82,19,0,0,DOWN,1622097263314,"R"
264507,85,22,0,0,UP,1622105128014,"U"
264507,71,34,0,0,DOWN,1622193065814,"G"
264507,82,19,0,0,UP,1622209110814,"R"
264507,69,18,0,0,DOWN,1622297294614,"E"
264507,71,34,0,0,UP,1622305058614,"G"
264507,69,18,0,0,UP,1622393247414,"E"
264507,78,49,0,0,DOWN,1622394244314,"N"
264507,78,49,0,0,UP,1622465257814,"N"
264507,76,38,0,0,DOWN,1622497294514,"L"
264507,76,38,0,0,UP,1622553274614,"L"
264507,65,30,0,0,DOWN,1622593277114,"A"
264507,65,30,0,0,UP,1622633276014,"A"
264507,78,49,0,0,DOWN,1622697310014,"N"
264507,78,49,0,0,UP,1622753283514,"N"
264507,68,32,0,0,DOWN,1622793273114,"D"
264507,70,33,0,0,DOWN,1622897274314,"F"
264507,68,32,0,0,UP,1622905000814,"D"
264507,70,33,0,0,UP,1622969285914,"F"
264507,72,35,0,0,DOWN,1623001253014,"H"
264507,72,35,0,0,UP,1623097283614,"H"
264507,66,48,0,0,DOWN,1623098232314,"B"
264507,85,22,0,0,DOWN,1623201305114,"U"
264507,66,48,0,0,UP,1623217292514,"B"
264507,82,19,0,0,DOWN,1623297136414,"R"
264507,85,22,0,0,UP,1623305134914,"U"
264507,71,34,0,0,DOWN,1623393243714,"G"
264507,82,19,0,0,UP,1623417292914,"R"
264507,69,18,0,0,DOWN,1623497244414,"E"
264507,71,34,0,0,UP,1623505030014,"G"
264507,78,49,0,0,DOWN,1623593298114,"N"
264507,69,18,0,0,UP,1623601290314,"E"
264507,78,49,0,0,UP,1623657026714,"N"
264507,76,38,0,0,DOWN,1623697304314,"L"
264507,76,38,0,0,UP,1623753370114,"L"
264507,65,30,0,0,DOWN,1623793275014,"A"
264507,65,30,0,0,UP,1623841026314,"A"
264507,78,49,0,0,DOWN,1623897305714,"N"
264507,78,49,0,0,UP,1623953310114,"N"
264507,68,32,0,0,DOWN,1623993290314,"D"
264507,70,33,0,0,DOWN,1624097343314,"F"
264507,68,32,0,0,UP,1624105188614,"D"
264507,70,33,0,0,UP,1624169262414,"F"
264507,72,35,0,0,DOWN,1624193269514,"H"
264507,66,48,0,0,DOWN,1624297297314,"B"
264507,72,35,0,0,UP,1624305352714,"H"
264507,85,22,0,0,DOWN,1624393294014,"U"
264507,66,48,0,0,UP,1624417491414,"B"
264507,82,19,0,0,DOWN,1624497273314,"R"
264507,85,22,0,0,UP,1624505335814,"U"
264507,71,34,0,0,DOWN,1624593308614,"G"
264507,82,19,0,0,UP,1624617304114,"R"
264507,69,18,0,0,DOWN,1624697284214,"E"
264507,71,34,0,0,UP,1624705339914,"G"
264507,69,18,0,0,UP,1624793260514,"E"
264507,78,49,0,0,DOWN,1624801269414,"N"
264507,78,49,0,0,UP,1624865271314,"N"
264507,76,38,0,0,DOWN,1624897271514,"L"
264507,76,38,0,0,UP,1624953268814,"L"
264507,65,30,0,0,DOWN,1625001348014,"A"
264507,65,30,0,0,UP,1625041202614,"A"
264507,78,49,0,0,DOWN,1625097297014,"N"
264507,78,49,0,0,UP,1625161280714,"N"
264507,68,32,0,0,DOWN,1625201291814,"D"
264507,70,33,0,0,DOWN,1625297326614,"F"
264507,68,32,0,0,UP,1625305241614,"D"
264507,70,33,0,0,UP,1625369280814,"F"
264507,72,35,0,0,DOWN,1625393279914,"H"
264507,66,48,0,0,DOWN,1625497329314,"B"
264507,72,35,0,0,UP,1625505264614,"H"
264507,85,22,0,0,DOWN,1625593308214,"U"
264507,66,48,0,0,UP,1625617272014,"B"
264507,82,19,0,0,DOWN,1625697307114,"R"
264507,85,22,0,0,UP,1625705296014,"U"
264507,71,34,0,0,DOWN,1625793299714,"G"
264507,82,19,0,0,UP,1625809257414,"R"
264507,69,18,0,0,DOWN,1625897367914,"E"
264507,71,34,0,0,UP,1625904996514,"G"
264507,78,49,0,0,DOWN,1625993322414,"N"
264507,69,18,0,0,UP,1626001064014,"E"
264507,78,49,0,0,UP,1626057026214,"N"
264507,76,38,0,0,DOWN,1626097179214,"L"
264507,76,38,0,0,UP,1626152897214,"L"
264507,65,30,0,0,DOWN,1626193224914,"A"
264507,65,30,0,0,UP,1626241182214,"A"
264507,78,49,0,0,DOWN,1626297282714,"N"
264507,78,49,0,0,UP,1626361304714,"N"
264507,68,32,0,0,DOWN,1626393046714,"D"
264507,70,33,0,0,DOWN,1626497302814,"F"
264507,68,32,0,0,UP,1626505294614,"D"
264507,70,33,0,0,UP,1626569350914,"F"
264507,72,35,0,0,DOWN,1626593319014,"H"
264507,66,48,0,0,DOWN,1626697300514,"B"
264507,72,35,0,0,UP,1626705234014,"H"
264507,85,22,0,0,DOWN,1626793320614,"U"
264507,66,48,0,0,UP,1626817313414,"B"
264507,82,19,0,0,DOWN,1626897268114,"R"
264507,85,22,0,0,UP,1626905279914,"U"
264507,71,34,0,0,DOWN,1627001308114,"G"
264507,82,19,0,0,UP,1627009105814,"R"
264507,69,18,0,0,DOWN,1627097326014,"E"
264507,71,34,0,0,UP,1627105311414,"G"
264507,69,18,0,0,UP,1627201339814,"E"
264507,78,49,0,0,DOWN,1627202493814,"N"
264507,78,49,0,0,UP,1627257467214,"N"
264507,76,38,0,0,DOWN,1627289270714,"L"
264507,76,38,0,0,UP,1627353294414,"L"
264507,65,30,0,0,DOWN,1627393305414,"A"
264507,65,30,0,0,UP,1627441181514,"A"
264507,78,49,0,0,DOWN,1627497275214,"N"
264507,78,49,0,0,UP,1627553288714,"N"
264507,68,32,0,0,DOWN,1627601295314,"D"
264507,70,33,0,0,DOWN,1627697318514,"F"
264507,68,32,0,0,UP,1627713284514,"D"
264507,70,33,0,0,UP,1627769127614,"F"
264507,72,35,0,0,DOWN,1627793122514,"H"
264507,66,48,0,0,DOWN,1627896997814,"B"
264507,72,35,0,0,UP,1627913040814,"H"
264507,85,22,0,0,DOWN,1627993261414,"U"
264507,66,48,0,0,UP,1628017250014,"B"
264507,82,19,0,0,DOWN,1628097294314,"R"
264507,85,22,0,0,UP,1628105030814,"U"
264507,71,34,0,0,DOWN,1628193321914,"G"
264507,82,19,0,0,UP,1628217340614,"R"
264507,69,18,0,0,DOWN,1628297386014,"E"
264507,71,34,0,0,UP,1628305305314,"G"
264507,69,18,0,0,UP,1628393334214,"E"
264507,78,49,0,0,DOWN,1628394206214,"N"
264507,78,49,0,0,UP,1628457328414,"N"
264507,76,38,0,0,DOWN,1628497312314,"L"
264507,76,38,0,0,UP,1628553322314,"L"
264507,65,30,0,0,DOWN,1628593300214,"A"
264507,65,30,0,0,UP,1628641402114,"A"
264507,78,49,0,0,DOWN,1628697355414,"N"
264507,78,49,0,0,UP,1628753027814,"N"
264507,68,32,0,0,DOWN,1628793327514,"D"
264507,70,33,0,0,DOWN,1628897308314,"F"
264507,68,32,0,0,UP,1628905303314,"D"
264507,70,33,0,0,UP,1628969299214,"F"
264507,72,35,0,0,DOWN,1629001358414,"H"
264507,72,35,0,0,UP,1629097324714,"H"
264507,66,48,0,0,DOWN,1629097938814,"B"
264507,85,22,0,0,DOWN,1629201361414,"U"
264507,66,48,0,0,UP,1629217348514,"B"
264507,82,19,0,0,DOWN,1629297345314,"R"
264507,85,22,0,0,UP,1629305290714,"U"
264507,71,34,0,0,DOWN,1629401349214,"G"
264507,82,19,0,0,UP,1629417338714,"R"
264507,69,18,0,0,DOWN,1629497340414,"E"
264507,71,34,0,0,UP,1629505381314,"G"
264507,78,49,0,0,DOWN,1629593093314,"N"
264507,69,18,0,0,UP,1629601269214,"E"
264507,78,49,0,0,UP,1629657329514,"N"
264507,76,38,0,0,DOWN,1629697319514,"L"
264507,76,38,0,0,UP,1629753296814,"L"
264507,65,30,0,0,DOWN,1629793126214,"A"
264507,65,30,0,0,UP,1629841338514,"A"
264507,78,49,0,0,DOWN,1629897308714,"N"
264507,78,49,0,0,UP,1629961316914,"N"
264507,68,32,0,0,DOWN,1630001332814,"D"
264507,70,33,0,0,DOWN,1630097327714,"F"
264507,68,32,0,0,UP,1630105361214,"D"
264507,70,33,0,0,UP,1630169312314,"F"
264507,72,35,0,0,DOWN,1630193130714,"H"
264507,66,48,0,0,DOWN,1630297335714,"B"
264507,72,35,0,0,UP,1630305279814,"H"
264507,85,22,0,0,DOWN,1630393210914,"U"
264507,66,48,0,0,UP,1630417342114,"B"
264507,82,19,0,0,DOWN,1630497364014,"R"
264507,85,22,0,0,UP,1630505460014,"U"
264507,71,34,0,0,DOWN,1630593323714,"G"
264507,82,19,0,0,UP,1630609068014,"R"
264507,69,18,0,0,DOWN,1630697307314,"E"
264507,71,34,0,0,UP,1630705105514,"G"
264507,69,18,0,0,UP,1630793363814,"E"
264507,78,49,0,0,DOWN,1630794369814,"N"
264507,78,49,0,0,UP,1630857314514,"N"
264507,76,38,0,0,DOWN,1630897351214,"L"
264507,76,38,0,0,UP,1630953321114,"L"
264507,65,30,0,0,DOWN,1631001429614,"A"
264507,65,30,0,0,UP,1631041338814,"A"
264507,78,49,0,0,DOWN,1631097315914,"N"
264507,78,49,0,0,UP,1631161082814,"N"
264507,68,32,0,0,DOWN,1631201095714,"D"
264507,70,33,0,0,DOWN,1631297355914,"F"
264507,68,32,0,0,UP,1631305371414,"D"
264507,70,33,0,0,UP,1631369328814,"F"
264507,72,35,0,0,DOWN,1631393467614,"H"
264507,72,35,0,0,UP,1631497123314,"H"
264507,66,48,0,0,DOWN,1631498127114,"B"
264507,85,22,0,0,DOWN,1631593485014,"U"
264507,66,48,0,0,UP,1631617292814,"B"
264507,82,19,0,0,DOWN,1631697314814,"R"
264507,85,22,0,0,UP,1631705026214,"U"
264507,71,34,0,0,DOWN,1631793386514,"G"
264507,82,19,0,0,UP,1631817397114,"R"
264507,69,18,0,0,DOWN,1631897329914,"E"
264507,71,34,0,0,UP,1631905297314,"G"
264507,78,49,0,0,DOWN,1631993392214,"N"
264507,69,18,0,0,UP,1632001315014,"E"
264507,78,49,0,0,UP,1632057354514,"N"
264507,76,38,0,0,DOWN,1632097256614,"L"
264507,76,38,0,0,UP,1632153451614,"L"
264507,65,30,0,0,DOWN,1632193324014,"A"
264507,65,30,0,0,UP,1632241383914,"A"
264507,78,49,0,0,DOWN,1632297408314,"N"
264507,78,49,0,0,UP,1632361187614,"N"
264507,68,32,0,0,DOWN,1632393341414,"D"
264507,70,33,0,0,DOWN,1632497325014,"F"
264507,68,32,0,0,UP,1632505438714,"D"
264507,70,33,0,0,UP,1632569355114,"F"
264507,72,35,0,0,DOWN,1632593350614,"H"
264507,66,48,0,0,DOWN,1632697178314,"B"
264507,72,35,0,0,UP,1632705363114,"H"
264507,85,22,0,0,DOWN,1632793384714,"U"
264507,66,48,0,0,UP,1632825352914,"B"
264507,82,19,0,0,DOWN,1632897321814,"R"
264507,85,22,0,0,UP,1632905139514,"U"
264507,71,34,0,0,DOWN,1633001335014,"G"
264507,82,19,0,0,UP,1633009347114,"R"
264507,69,18,0,0,DOWN,1633097422814,"E"
264507,71,34,0,0,UP,1633105393514,"G"
264507,78,49,0,0,DOWN,1633201372714,"N"
264507,69,18,0,0,UP,1633209343514,"E"
264507,78,49,0,0,UP,1633257335314,"N"
264507,76,38,0,0,DOWN,1633289370514,"L"
264507,76,38,0,0,UP,1633353396314,"L"
264507,65,30,0,0,DOWN,1633393408314,"A"
264507,65,30,0,0,UP,1633441335814,"A"
264507,78,49,0,0,DOWN,1633497383514,"N"
264507,78,49,0,0,UP,1633561380414,"N"
264507,68,32,0,0,DOWN,1633601391214,"D"
264507,70,33,0,0,DOWN,1633697351514,"F"
264507,68,32,0,0,UP,1633705367414,"D"
264507,70,33,0,0,UP,1633769362814,"F"
264507,72,35,0,0,DOWN,1633793373114,"H"
264507,66,48,0,0,DOWN,1633897342114,"B"
264507,72,35,0,0,UP,1633905430614,"H"
264507,85,22,0,0,DOWN,1633993400314,"U"
264507,66,48,0,0,UP,1634017381314,"B"
264507,82,19,0,0,DOWN,1634097393114,"R"
264507,85,22,0,0,UP,1634105312614,"U"
264507,71,34,0,0,DOWN,1634193336514,"G"
264507,82,19,0,0,UP,1634209363314,"R"
264507,69,18,0,0,DOWN,1634297338714,"E"
264507,71,34,0,0,UP,1634305057614,"G"
264507,78,49,0,0,DOWN,1634393333314,"N"
264507,69,18,0,0,UP,1634409370214,"E"
264507,78,49,0,0,UP,1634457339514,"N"
264507,76,38,0,0,DOWN,1634497361614,"L"
264507,76,38,0,0,UP,1634553351714,"L"
264507,65,30,0,0,DOWN,1634593154014,"A"
264507,65,30,0,0,UP,1634641249614,"A"
264507,78,49,0,0,DOWN,1634697416214,"N"
264507,78,49,0,0,UP,1634753360014,"N"
264507,68,32,0,0,DOWN,1634793398714,"D"
264507,70,33,0,0,DOWN,1634897156114,"F"
264507,68,32,0,0,UP,1634905404014,"D"
264507,70,33,0,0,UP,1634969376914,"F"
264507,72,35,0,0,DOWN,1635001413214,"H"
264507,66,48,0,0,DOWN,1635097121414,"B"
264507,72,35,0,0,UP,1635105392614,"H"
264507,85,22,0,0,DOWN,1635201416614,"U"
264507,66,48,0,0,UP,1635225362114,"B"
264507,82,19,0,0,DOWN,1635297108114,"R"
264507,85,22,0,0,UP,1635305377814,"U"
264507,71,34,0,0,DOWN,1635401185014,"G"
264507,82,19,0,0,UP,1635417367714,"R"
264507,69,18,0,0,DOWN,1635497215614,"E"
264507,71,34,0,0,UP,1635505383814,"G"
264507,78,49,0,0,DOWN,1635593387914,"N"
264507,69,18,0,0,UP,1635601352314,"E"
264507,78,49,0,0,UP,1635657385714,"N"
264507,76,38,0,0,DOWN,1635697129414,"L"
264507,76,38,0,0,UP,1635753439914,"L"
264507,65,30,0,0,DOWN,1635793351714,"A"
264507,65,30,0,0,UP,1635841384814,"A"
264507,78,49,0,0,DOWN,1635897177514,"N"
264507,78,49,0,0,UP,1635961383614,"N"
264507,68,32,0,0,DOWN,1636001405214,"D"
264507,70,33,0,0,DOWN,1636097108814,"F"
264507,68,32,0,0,UP,1636105346214,"D"
264507,70,33,0,0,UP,1636169401014,"F"
264507,72,35,0,0,DOWN,1636193512714,"H"
264507,66,48,0,0,DOWN,1636297257514,"B"
264507,72,35,0,0,UP,1636305412514,"H"
264507,85,22,0,0,DOWN,1636393437314,"U"
264507,66,48,0,0,UP,1636417392514,"B"
264507,82,19,0,0,DOWN,1636497354514,"R"
264507,85,22,0,0,UP,1636505412714,"U"
264507,71,34,0,0,DOWN,1636593430814,"G"
264507,82,19,0,0,UP,1636609389314,"R"
264507,69,18,0,0,DOWN,1636697537514,"E"
264507,71,34,0,0,UP,1636705447414,"G"
264507,69,18,0,0,UP,1636793438514,"E"
264507,78,49,0,0,DOWN,1636794453114,"N"
264507,78,49,0,0,UP,1636857383814,"N"
264507,76,38,0,0,DOWN,1636897562514,"L"
264507,76,38,0,0,UP,1636953387814,"L"
264507,65,30,0,0,DOWN,1637001360914,"A"
264507,65,30,0,0,UP,1637041370514,"A"
264507,78,49,0,0,DOWN,1637097477214,"N"
264507,78,49,0,0,UP,1637153394914,"N"
264507,68,32,0,0,DOWN,1637201363214,"D"
264507,70,33,0,0,DOWN,1637297511714,"F"
264507,68,32,0,0,UP,1637305357114,"D"
264507,70,33,0,0,UP,1637361127214,"F"
264507,72,35,0,0,DOWN,1637401356814,"H"
264507,72,35,0,0,UP,1637497410814,"H"
264507,66,48,0,0,DOWN,1637505371114,"B"
264507,85,22,0,0,DOWN,1637593439314,"U"
264507,66,48,0,0,UP,1637617194814,"B"
264507,82,19,0,0,DOWN,1637697409614,"R"
264507,85,22,0,0,UP,1637705176414,"U"
264507,71,34,0,0,DOWN,1637793414114,"G"
264507,82,19,0,0,UP,1637817175114,"R"
264507,69,18,0,0,DOWN,1637897468314,"E"
264507,71,34,0,0,UP,1637905401014,"G"
264507,78,49,0,0,DOWN,1637993405214,"N"
264507,69,18,0,0,UP,1638001486514,"E"
264507,78,49,0,0,UP,1638057449614,"N"
264507,76,38,0,0,DOWN,1638097378714,"L"
264507,76,38,0,0,UP,1638153400714,"L"
264507,65,30,0,0,DOWN,1638193387114,"A"
264507,65,30,0,0,UP,1638241438714,"A"
264507,78,49,0,0,DOWN,1638297383614,"N"
264507,78,49,0,0,UP,1638369379214,"N"
264507,68,32,0,0,DOWN,1638393382714,"D"
264507,70,33,0,0,DOWN,1638497136114,"F"
264507,68,32,0,0,UP,1638505398214,"D"
264507,70,33,0,0,UP,1638569393314,"F"
264507,72,35,0,0,DOWN,1638593401014,"H"
264507,66,48,0,0,DOWN,1638697440814,"B"
264507,72,35,0,0,UP,1638705414514,"H"
264507,85,22,0,0,DOWN,1638793516614,"U"
264507,66,48,0,0,UP,1638817302914,"B"
264507,82,19,0,0,DOWN,1638897402014,"R"
264507,85,22,0,0,UP,1638905420614,"U"
264507,71,34,0,0,DOWN,1639001391614,"G"
264507,82,19,0,0,UP,1639009152114,"R"
264507,69,18,0,0,DOWN,1639097412614,"E"
264507,71,34,0,0,UP,1639105330414,"G"
264507,78,49,0,0,DOWN,1639201229314,"N"
264507,69,18,0,0,UP,1639209388014,"E"
264507,78,49,0,0,UP,1639249283714,"N"
264507,76,38,0,0,DOWN,1639289442514,"L"
264507,76,38,0,0,UP,1639353463714,"L"
264507,65,30,0,0,DOWN,1639393454914,"A"
264507,65,30,0,0,UP,1639441410714,"A"
264507,78,49,0,0,DOWN,1639497475814,"N"
264507,78,49,0,0,UP,1639553465714,"N"
264507,68,32,0,0,DOWN,1639601417614,"D"
264507,70,33,0,0,DOWN,1639697381114,"F"
264507,68,32,0,0,UP,1639705402014,"D"
264507,70,33,0,0,UP,1639769395614,"F"
264507,72,35,0,0,DOWN,1639793415614,"H"
264507,72,35,0,0,UP,1639897397314,"H"
264507,66,48,0,0,DOWN,1639898159114,"B"
264507,85,22,0,0,DOWN,1639993170414,"U"
264507,66,48,0,0,UP,1640017310414,"B"
264507,82,19,0,0,DOWN,1640097464914,"R"
264507,85,22,0,0,UP,1640105424414,"U"
264507,71,34,0,0,DOWN,1640193486114,"G"
264507,82,19,0,0,UP,1640209181014,"R"
264507,69,18,0,0,DOWN,1640297392014,"E"
264507,71,34,0,0,UP,1640305494714,"G"
264507,69,18,0,0,UP,1640393457914,"E"
264507,78,49,0,0,DOWN,1640394381414,"N"
264507,78,49,0,0,UP,1640457489214,"N"
264507,76,38,0,0,DOWN,1640497392114,"L"
264507,76,38,0,0,UP,1640553403014,"L"
264507,65,30,0,0,DOWN,1640593457314,"A"
264507,65,30,0,0,UP,1640641476514,"A"
264507,78,49,0,0,DOWN,1640697436614,"N"
264507,78,49,0,0,UP,1640761405214,"N"
264507,68,32,0,0,DOWN,1640793423914,"D"
264507,70,33,0,0,DOWN,1640897430914,"F"
264507,68,32,0,0,UP,1640905444014,"D"
264507,70,33,0,0,UP,1640969438414,"F"
264507,72,35,0,0,DOWN,1640993422314,"H"
264507,66,48,0,0,DOWN,1641097210514,"B"
264507,72,35,0,0,UP,1641105256014,"H"
264507,85,22,0,0,DOWN,1641201093514,"U"
264507,66,48,0,0,UP,1641217282514,"B"
264507,82,19,0,0,DOWN,1641297256114,"R"
264507,85,22,0,0,UP,1641305400614,"U"
264507,71,34,0,0,DOWN,1641401306714,"G"
264507,82,19,0,0,UP,1641417565014,"R"
264507,69,18,0,0,DOWN,1641497458214,"E"
264507,71,34,0,0,UP,1641505429014,"G"
264507,78,49,0,0,DOWN,1641593410914,"N"
264507,69,18,0,0,UP,1641601227614,"E"
264507,78,49,0,0,UP,1641657409814,"N"
264507,76,38,0,0,DOWN,1641697496214,"L"
264507,76,38,0,0,UP,1641753424514,"L"
264507,65,30,0,0,DOWN,1641793459414,"A"
264507,65,30,0,0,UP,1641841409614,"A"
264507,78,49,0,0,DOWN,1641897420914,"N"
264507,78,49,0,0,UP,1641953188614,"N"
264507,68,32,0,0,DOWN,1642001321214,"D"
264507,70,33,0,0,DOWN,1642097420914,"F"
264507,68,32,0,0,UP,1642113504714,"D"
264507,70,33,0,0,UP,1642161438514,"F"
264507,72,35,0,0,DOWN,1642193467714,"H"
264507,66,48,0,0,DOWN,1642297401614,"B"
264507,72,35,0,0,UP,1642305400714,"H"
264507,85,22,0,0,DOWN,1642393416514,"U"
264507,66,48,0,0,UP,1642417156014,"B"
264507,82,19,0,0,DOWN,1642497420914,"R"
264507,85,22,0,0,UP,1642505354314,"U"
264507,71,34,0,0,DOWN,1642593413314,"G"
264507,82,19,0,0,UP,1642617453414,"R"
264507,69,18,0,0,DOWN,1642697485114,"E"
264507,71,34,0,0,UP,1642705268114,"G"
264507,69,18,0,0,UP,1642793411814,"E"
264507,78,49,0,0,DOWN,1642794013914,"N"
264507,78,49,0,0,UP,1642865455314,"N"
264507,76,38,0,0,DOWN,1642897474914,"L"
264507,76,38,0,0,UP,1642953422214,"L"
264507,65,30,0,0,DOWN,1643001515414,"A"
264507,65,30,0,0,UP,1643041469814,"A"
264507,78,49,0,0,DOWN,1643097454014,"N"
264507,78,49,0,0,UP,1643161429314,"N"
264507,68,32,0,0,DOWN,1643201543114,"D"
264507,70,33,0,0,DOWN,1643297449214,"F"
264507,68,32,0,0,UP,1643305454414,"D"
264507,70,33,0,0,UP,1643369214514,"F"
264507,72,35,0,0,DOWN,1643401475814,"H"
264507,66,48,0,0,DOWN,1643497452614,"B"
264507,72,35,0,0,UP,1643505487214,"H"
264507,85,22,0,0,DOWN,1643593454814,"U"
264507,66,48,0,0,UP,1643617435714,"B"
264507,82,19,0,0,DOWN,1643697451114,"R"
264507,85,22,0,0,UP,1643713432614,"U"
264507,71,34,0,0,DOWN,1643793449014,"G"
264507,82,19,0,0,UP,1643817419714,"R"
264507,69,18,0,0,DOWN,1643897196114,"E"
264507,71,34,0,0,UP,1643913388414,"G"
264507,78,49,0,0,DOWN,1643993417414,"N"
264507,69,18,0,0,UP,1644001415814,"E"
264507,78,49,0,0,UP,1644057236414,"N"
264507,76,38,0,0,DOWN,1644097493614,"L"
264507,76,38,0,0,UP,1644153225314,"L"
264507,65,30,0,0,DOWN,1644193516514,"A"
264507,65,30,0,0,UP,1644249476814,"A"
264507,78,49,0,0,DOWN,1644297476714,"N"
264507,78,49,0,0,UP,1644361318414,"N"
264507,68,32,0,0,DOWN,1644393174914,"D"
264507,70,33,0,0,DOWN,1644497495014,"F"
264507,68,32,0,0,UP,1644505440414,"D"
264507,70,33,0,0,UP,1644569531614,"F"
264507,72,35,0,0,DOWN,1644593456714,"H"
264507,66,48,0,0,DOWN,1644697510314,"B"
264507,72,35,0,0,UP,1644705227614,"H"
264507,85,22,0,0,DOWN,1644793489014,"U"
264507,66,48,0,0,UP,1644817461914,"B"
264507,82,19,0,0,DOWN,1644897474314,"R"
264507,85,22,0,0,UP,1644905454514,"U"
264507,71,34,0,0,DOWN,1645001559214,"G"
264507,82,19,0,0,UP,1645009109814,"R"
264507,69,18,0,0,DOWN,1645097166814,"E"
264507,71,34,0,0,UP,1645105238114,"G"
264507,69,18,0,0,UP,1645201460914,"E"
264507,78,49,0,0,DOWN,1645202338614,"N"
264507,78,49,0,0,UP,1645249439014,"N"
264507,76,38,0,0,DOWN,1645289446614,"L"
264507,76,38,0,0,UP,1645353567214,"L"
264507,65,30,0,0,DOWN,1645393460214,"A"
264507,65,30,0,0,UP,1645441479414,"A"
264507,78,49,0,0,DOWN,1645497186314,"N"
264507,78,49,0,0,UP,1645561442714,"N"
264507,68,32,0,0,DOWN,1645601586314,"D"
264507,70,33,0,0,DOWN,1645697509714,"F"
264507,68,32,0,0,UP,1645705428114,"D"
264507,70,33,0,0,UP,1645769478414,"F"
264507,72,35,0,0,DOWN,1645793487614,"H"
264507,72,35,0,0,UP,1645897515914,"H"
264507,66,48,0,0,DOWN,1645898260114,"B"
264507,85,22,0,0,DOWN,1645993461314,"U"
264507,66,48,0,0,UP,1646017429814,"B"
264507,82,19,0,0,DOWN,1646097488014,"R"
264507,85,22,0,0,UP,1646105171814,"U"
264507,71,34,0,0,DOWN,1646193473114,"G"
264507,82,19,0,0,UP,1646209497714,"R"
264507,69,18,0,0,DOWN,1646297483714,"E"
264507,71,34,0,0,UP,1646305189614,"G"
264507,78,49,0,0,DOWN,1646393498314,"N"
264507,69,18,0,0,UP,1646409477114,"E"
264507,78,49,0,0,UP,1646457460614,"N"
264507,76,38,0,0,DOWN,1646497442514,"L"
264507,76,38,0,0,UP,1646553478314,"L"
264507,65,30,0,0,DOWN,1646593469014,"A"
264507,65,30,0,0,UP,1646633287214,"A"
264507,78,49,0,0,DOWN,1646697495214,"N"
264507,78,49,0,0,UP,1646753499214,"N"
264507,68,32,0,0,DOWN,1646793481014,"D"
264507,70,33,0,0,DOWN,1646897496914,"F"
264507,68,32,0,0,UP,1646905269714,"D"
264507,70,33,0,0,UP,1646969492714,"F"
264507,72,35,0,0,DOWN,1647001483314,"H"
264507,66,48,0,0,DOWN,1647097475214,"B"
264507,72,35,0,0,UP,1647105262614,"H"
264507,85,22,0,0,DOWN,1647201506014,"U"
264507,66,48,0,0,UP,1647217482214,"B"
264507,82,19,0,0,DOWN,1647297471314,"R"
264507,85,22,0,0,UP,1647305278614,"U"
264507,71,34,0,0,DOWN,1647401444414,"G"
264507,82,19,0,0,UP,1647417463014,"R"
264507,69,18,0,0,DOWN,1647497446614,"E"
264507,71,34,0,0,UP,1647505202614,"G"
264507,78,49,0,0,DOWN,1647593468814,"N"
264507,69,18,0,0,UP,1647601525614,"E"
264507,78,49,0,0,UP,1647657521414,"N"
264507,76,38,0,0,DOWN,1647697487614,"L"
264507,76,38,0,0,UP,1647753524314,"L"
264507,65,30,0,0,DOWN,1647793486914,"A"
264507,65,30,0,0,UP,1647841450314,"A"
264507,78,49,0,0,DOWN,1647897445714,"N"
264507,78,49,0,0,UP,1647953458014,"N"
264507,68,32,0,0,DOWN,1648001470314,"D"
264507,70,33,0,0,DOWN,1648097373614,"F"
264507,68,32,0,0,UP,1648113336014,"D"
264507,70,33,0,0,UP,1648169499714,"F"
264507,72,35,0,0,DOWN,1648193478214,"H"
264507,72,35,0,0,UP,1648297573714,"H"
264507,66,48,0,0,DOWN,1648298372614,"B"
264507,85,22,0,0,DOWN,1648393546414,"U"
264507,66,48,0,0,UP,1648417508914,"B"
264507,82,19,0,0,DOWN,1648497534914,"R"
264507,85,22,0,0,UP,1648505126314,"U"
264507,71,34,0,0,DOWN,1648593233514,"G"
264507,82,19,0,0,UP,1648617464014,"R"
264507,69,18,0,0,DOWN,1648697569514,"E"
264507,71,34,0,0,UP,1648705680014,"G"
264507,78,49,0,0,DOWN,1648793510714,"N"
264507,69,18,0,0,UP,1648809516614,"E"
264507,78,49,0,0,UP,1648857482314,"N"
264507,76,38,0,0,DOWN,1648897523714,"L"
264507,76,38,0,0,UP,1648953455214,"L"
264507,65,30,0,0,DOWN,1649001495014,"A"
264507,65,30,0,0,UP,1649041226714,"A"
264507,78,49,0,0,DOWN,1649097478714,"N"
264507,78,49,0,0,UP,1649153479614,"N"
264507,68,32,0,0,DOWN,1649201467714,"D"
264507,70,33,0,0,DOWN,1649297470614,"F"
264507,68,32,0,0,UP,1649305469514,"D"
264507,70,33,0,0,UP,1649369497714,"F"
264507,72,35,0,0,DOWN,1649401202814,"H"
264507,66,48,0,0,DOWN,1649497486714,"B"
264507,72,35,0,0,UP,1649505464014,"H"
264507,85,22,0,0,DOWN,1649593494914,"U"
264507,66,48,0,0,UP,1649617510514,"B"
264507,82,19,0,0,DOWN,1649697486814,"R"
264507,85,22,0,0,UP,1649705505014,"U"
264507,71,34,0,0,DOWN,1649793517114,"G"
264507,82,19,0,0,UP,1649817509014,"R"
264507,69,18,0,0,DOWN,1649897502014,"E"
264507,71,34,0,0,UP,1649905547814,"G"
264507,69,18,0,0,UP,1649993529314,"E"
264507,78,49,0,0,DOWN,1649994542714,"N"
264507,78,49,0,0,UP,1650057324214,"N"
264507,76,38,0,0,DOWN,1650097492714,"L"
264507,76,38,0,0,UP,1650153488314,"L"
264507,65,30,0,0,DOWN,1650193507314,"A"
264507,65,30,0,0,UP,1650241484014,"A"
264507,78,49,0,0,DOWN,1650297529014,"N"
264507,78,49,0,0,UP,1650361500914,"N"
264507,68,32,0,0,DOWN,1650393526714,"D"
264507,70,33,0,0,DOWN,1650497525314,"F"
264507,68,32,0,0,UP,1650505432514,"D"
264507,70,33,0,0,UP,1650561486014,"F"
264507,72,35,0,0,DOWN,1650593484114,"H"
264507,72,35,0,0,UP,1650697491114,"H"
264507,66,48,0,0,DOWN,1650698080614,"B"
264507,85,22,0,0,DOWN,1650793488414,"U"
264507,66,48,0,0,UP,1650817517614,"B"
264507,82,19,0,0,DOWN,1650897657014,"R"
264507,85,22,0,0,UP,1650905194914,"U"
264507,71,34,0,0,DOWN,1651001527814,"G"
264507,82,19,0,0,UP,1651017551314,"R"
264507,69,18,0,0,DOWN,1651097485114,"E"
264507,71,34,0,0,UP,1651105202914,"G"
264507,69,18,0,0,UP,1651201523014,"E"
264507,78,49,0,0,DOWN,1651202438814,"N"
264507,78,49,0,0,UP,1651249561314,"N"
264507,76,38,0,0,DOWN,1651297219514,"L"
264507,76,38,0,0,UP,1651353168914,"L"
264507,65,30,0,0,DOWN,1651393298114,"A"
264507,65,30,0,0,UP,1651441264814,"A"
264507,78,49,0,0,DOWN,1651497516114,"N"
264507,78,49,0,0,UP,1651545531614,"N"
264507,68,32,0,0,DOWN,1651601494314,"D"
264507,70,33,0,0,DOWN,1651697525514,"F"
264507,68,32,0,0,UP,1651705502514,"D"
264507,70,33,0,0,UP,1651769498014,"F"
264507,72,35,0,0,DOWN,1651793344814,"H"
264507,66,48,0,0,DOWN,1651897533514,"B"
264507,72,35,0,0,UP,1651913485014,"H"
264507,85,22,0,0,DOWN,1651993290214,"U"
264507,66,48,0,0,UP,1652017463014,"B"
264507,82,19,0,0,DOWN,1652097485414,"R"
264507,85,22,0,0,UP,1652113281814,"U"
264507,71,34,0,0,DOWN,1652193513814,"G"
264507,82,19,0,0,UP,1652209417014,"R"
264507,69,18,0,0,DOWN,1652297604314,"E"
264507,71,34,0,0,UP,1652305468414,"G"
264507,78,49,0,0,DOWN,1652393270714,"N"
264507,69,18,0,0,UP,1652401526214,"E"
264507,78,49,0,0,UP,1652457482914,"N"
264507,76,38,0,0,DOWN,1652497487014,"L"
264507,76,38,0,0,UP,1652553490014,"L"
264507,65,30,0,0,DOWN,1652593495614,"A"
264507,65,30,0,0,UP,1652633540614,"A"
264507,78,49,0,0,DOWN,1652697547114,"N"
264507,78,49,0,0,UP,1652753575514,"N"
264507,68,32,0,0,DOWN,1652793550714,"D"
264507,70,33,0,0,DOWN,1652897618414,"F"
264507,68,32,0,0,UP,1652913555514,"D"
264507,70,33,0,0,UP,1652969342414,"F"
264507,72,35,0,0,DOWN,1652993521814,"H"
264507,72,35,0,0,UP,1653097568614,"H"
264507,66,48,0,0,DOWN,1653098374014,"B"
264507,85,22,0,0,DOWN,1653201529114,"U"
264507,66,48,0,0,UP,1653217554914,"B"
264507,82,19,0,0,DOWN,1653297236614,"R"
264507,85,22,0,0,UP,1653305494514,"U"
264507,71,34,0,0,DOWN,1653401504314,"G"
264507,82,19,0,0,UP,1653409332814,"R"
264507,69,18,0,0,DOWN,1653497493914,"E"
264507,71,34,0,0,UP,1653505479114,"G"
264507,69,18,0,0,UP,1653601299314,"E"
264507,78,49,0,0,DOWN,1653602224514,"N"
264507,78,49,0,0,UP,1653657327114,"N"
264507,76,38,0,0,DOWN,1653697544114,"L"
264507,76,38,0,0,UP,1653761320014,"L"
264507,65,30,0,0,DOWN,1653793330414,"A"
264507,65,30,0,0,UP,1653841550614,"A"
264507,78,49,0,0,DOWN,1653897516614,"N"
264507,78,49,0,0,UP,1653953539014,"N"
264507,68,32,0,0,DOWN,1654001564314,"D"
264507,70,33,0,0,DOWN,1654097515614,"F"
264507,68,32,0,0,UP,1654113469714,"D"
264507,70,33,0,0,UP,1654169542214,"F"
264507,72,35,0,0,DOWN,1654193431114,"H"
264507,66,48,0,0,DOWN,1654297542414,"B"
264507,72,35,0,0,UP,1654305543014,"H"
264507,85,22,0,0,DOWN,1654393405314,"U"
264507,66,48,0,0,UP,1654417520014,"B"
264507,82,19,0,0,DOWN,1654497564414,"R"
264507,85,22,0,0,UP,1654505542114,"U"
264507,71,34,0,0,DOWN,1654593316314,"G"
264507,82,19,0,0,UP,1654609757614,"R"
264507,69,18,0,0,DOWN,1654697508114,"E"
264507,71,34,0,0,UP,1654705511614,"G"
264507,69,18,0,0,UP,1654793513714,"E"
264507,78,49,0,0,DOWN,1654794417614,"N"
264507,78,49,0,0,UP,1654857499914,"N"
264507,76,38,0,0,DOWN,1654897531214,"L"
264507,76,38,0,0,UP,1654953602414,"L"
264507,65,30,0,0,DOWN,1654993651414,"A"
264507,65,30,0,0,UP,1655033559014,"A"
264507,78,49,0,0,DOWN,1655097561014,"N"
264507,78,49,0,0,UP,1655153526014,"N"
264507,68,32,0,0,DOWN,1655201530314,"D"
264507,70,33,0,0,DOWN,1655297577514,"F"
264507,68,32,0,0,UP,1655305506314,"D"
264507,70,33,0,0,UP,1655369566914,"F"
264507,72,35,0,0,DOWN,1655401522814,"H"
264507,72,35,0,0,UP,1655497541014,"H"
264507,66,48,0,0,DOWN,1655498410214,"B"
264507,85,22,0,0,DOWN,1655601555114,"U"
264507,66,48,0,0,UP,1655617512314,"B"
264507,82,19,0,0,DOWN,1655697749314,"R"
264507,85,22,0,0,UP,1655705386714,"U"
264507,71,34,0,0,DOWN,1655793660014,"G"
264507,82,19,0,0,UP,1655817558414,"R"
264507,69,18,0,0,DOWN,1655897624914,"E"
264507,71,34,0,0,UP,1655905547314,"G"
264507,69,18,0,0,UP,1655993577014,"E"
264507,78,49,0,0,DOWN,1655994257914,"N"
264507,78,49,0,0,UP,1656057583314,"N"
264507,76,38,0,0,DOWN,1656097297214,"L"
264507,76,38,0,0,UP,1656153495914,"L"
264507,65,30,0,0,DOWN,1656193504114,"A"
264507,65,30,0,0,UP,1656241539214,"A"
264507,78,49,0,0,DOWN,1656297544914,"N"
264507,78,49,0,0,UP,1656353535314,"N"
264507,68,32,0,0,DOWN,1656393406114,"D"
264507,70,33,0,0,DOWN,1656497546114,"F"
264507,68,32,0,0,UP,1656505523014,"D"
264507,70,33,0,0,UP,1656569585914,"F"
264507,72,35,0,0,DOWN,1656593583214,"H"
264507,72,35,0,0,UP,1656697614614,"H"
264507,66,48,0,0,DOWN,1656698450914,"B"
264507,85,22,0,0,DOWN,1656793609614,"U"
264507,66,48,0,0,UP,1656817641014,"B"
264507,82,19,0,0,DOWN,1656897617914,"R"
264507,85,22,0,0,UP,1656905628214,"U"
264507,71,34,0,0,DOWN,1656993650314,"G"
264507,82,19,0,0,UP,1657009319014,"R"
264507,69,18,0,0,DOWN,1657097527214,"E"
264507,71,34,0,0,UP,1657105627214,"G"
264507,78,49,0,0,DOWN,1657201596114,"N"
264507,69,18,0,0,UP,1657209692614,"E"
264507,78,49,0,0,UP,1657257666814,"N"
264507,76,38,0,0,DOWN,1657297573114,"L"
264507,76,38,0,0,UP,1657361645314,"L"
264507,65,30,0,0,DOWN,1657393589914,"A"
264507,65,30,0,0,UP,1657441608214,"A"
264507,78,49,0,0,DOWN,1657497601714,"N"
264507,78,49,0,0,UP,1657545367614,"N"
264507,68,32,0,0,DOWN,1657601563514,"D"
264507,70,33,0,0,DOWN,1657697558814,"F"
264507,68,32,0,0,UP,1657705528214,"D"
264507,70,33,0,0,UP,1657777273314,"F"
264507,72,35,0,0,DOWN,1657793553914,"H"
264507,66,48,0,0,DOWN,1657897540914,"B"
264507,72,35,0,0,UP,1657905566214,"H"
264507,85,22,0,0,DOWN,1657993429914,"U"
264507,66,48,0,0,UP,1658017571214,"B"
264507,82,19,0,0,DOWN,1658097543514,"R"
264507,85,22,0,0,UP,1658105517514,"U"
264507,71,34,0,0,DOWN,1658193573814,"G"
264507,82,19,0,0,UP,1658209603614,"R"
264507,69,18,0,0,DOWN,1658297595614,"E"
264507,71,34,0,0,UP,1658305649614,"G"
264507,69,18,0,0,UP,1658393636414,"E"
264507,78,49,0,0,DOWN,1658409616114,"N"
264507,78,49,0,0,UP,1658457593414,"N"
264507,76,38,0,0,DOWN,1658497548214,"L"
264507,76,38,0,0,UP,1658553554714,"L"
264507,65,30,0,0,DOWN,1658593590814,"A"
264507,65,30,0,0,UP,1658633577314,"A"
264507,78,49,0,0,DOWN,1658697532814,"N"
264507,78,49,0,0,UP,1658753558714,"N"
264507,68,32,0,0,DOWN,1658793579114,"D"
264507,70,33,0,0,DOWN,1658897561114,"F"
264507,68,32,0,0,UP,1658905534314,"D"
264507,70,33,0,0,UP,1658969557414,"F"
264507,72,35,0,0,DOWN,1658993569814,"H"
264507,72,35,0,0,UP,1659097621114,"H"
264507,66,48,0,0,DOWN,1659098500314,"B"
264507,85,22,0,0,DOWN,1659201611114,"U"
264507,66,48,0,0,UP,1659217567714,"B"
264507,82,19,0,0,DOWN,1659297344714,"R"
264507,85,22,0,0,UP,1659305555214,"U"
264507,71,34,0,0,DOWN,1659401614914,"G"
264507,82,19,0,0,UP,1659409585214,"R"
264507,69,18,0,0,DOWN,1659497430914,"E"
264507,71,34,0,0,UP,1659505387714,"G"
264507,69,18,0,0,UP,1659593548814,"E"
264507,78,49,0,0,DOWN,1659601568514,"N"
264507,78,49,0,0,UP,1659649536614,"N"
264507,76,38,0,0,DOWN,1659697363514,"L"
264507,76,38,0,0,UP,1659761579914,"L"
264507,65,30,0,0,DOWN,1659793601614,"A"
264507,65,30,0,0,UP,1659841604514,"A"
264507,78,49,0,0,DOWN,1659897493614,"N"
264507,78,49,0,0,UP,1659953358114,"N"
264507,68,32,0,0,DOWN,1660001598214,"D"
264507,70,33,0,0,DOWN,1660097452314,"F"
264507,68,32,0,0,UP,1660113656014,"D"
264507,70,33,0,0,UP,1660169557914,"F"
264507,72,35,0,0,DOWN,1660193575014,"H"
264507,66,48,0,0,DOWN,1660297300514,"B"
264507,72,35,0,0,UP,1660305553114,"H"
264507,85,22,0,0,DOWN,1660393554814,"U"
264507,66,48,0,0,UP,1660417684314,"B"
264507,82,19,0,0,DOWN,1660497504814,"R"
264507,85,22,0,0,UP,1660505280914,"U"
264507,71,34,0,0,DOWN,1660593584314,"G"
264507,82,19,0,0,UP,1660609556114,"R"
264507,69,18,0,0,DOWN,1660697547514,"E"
264507,71,34,0,0,UP,1660705591614,"G"
264507,78,49,0,0,DOWN,1660793391814,"N"
264507,69,18,0,0,UP,1660801555914,"E"
264507,78,49,0,0,UP,1660857572514,"N"
264507,76,38,0,0,DOWN,1660897683114,"L"
264507,76,38,0,0,UP,1660953629414,"L"
264507,65,30,0,0,DOWN,1660993632214,"A"
264507,65,30,0,0,UP,1661033376114,"A"
264507,78,49,0,0,DOWN,1661097682514,"N"
264507,78,49,0,0,UP,1661153570414,"N"
264507,68,32,0,0,DOWN,1661201551614,"D"
264507,70,33,0,0,DOWN,1661297675714,"F"
264507,68,32,0,0,UP,1661305604314,"D"
264507,70,33,0,0,UP,1661369600714,"F"
264507,72,35,0,0,DOWN,1661401645214,"H"
264507,72,35,0,0,UP,1661497545314,"H"
264507,66,48,0,0,DOWN,1661498632614,"B"
264507,85,22,0,0,DOWN,1661601603114,"U"
264507,66,48,0,0,UP,1661617358914,"B"
264507,82,19,0,0,DOWN,1661697738214,"R"
264507,85,22,0,0,UP,1661705529514,"U"
264507,71,34,0,0,DOWN,1661801621114,"G"
264507,82,19,0,0,UP,1661817419414,"R"
264507,69,18,0,0,DOWN,1661897717114,"E"
264507,71,34,0,0,UP,1661905599514,"G"
264507,78,49,0,0,DOWN,1661993616914,"N"
264507,69,18,0,0,UP,1662001577114,"E"
264507,78,49,0,0,UP,1662057361714,"N"
264507,76,38,0,0,DOWN,1662097632314,"L"
264507,76,38,0,0,UP,1662153640914,"L"
264507,65,30,0,0,DOWN,1662193665514,"A"
264507,65,30,0,0,UP,1662241440714,"A"
264507,78,49,0,0,DOWN,1662297576314,"N"
264507,78,49,0,0,UP,1662353537814,"N"
264507,68,32,0,0,DOWN,1662393598414,"D"
264507,70,33,0,0,DOWN,1662497661814,"F"
264507,68,32,0,0,UP,1662505536114,"D"
264507,70,33,0,0,UP,1662569483514,"F"
264507,72,35,0,0,DOWN,1662593616414,"H"
264507,72,35,0,0,UP,1662697643214,"H"
264507,66,48,0,0,DOWN,1662698273714,"B"
264507,85,22,0,0,DOWN,1662793630014,"U"
264507,66,48,0,0,UP,1662817366914,"B"
264507,82,19,0,0,DOWN,1662897571414,"R"
264507,85,22,0,0,UP,1662905573814,"U"
264507,71,34,0,0,DOWN,1662993581614,"G"
264507,82,19,0,0,UP,1663017712414,"R"
264507,69,18,0,0,DOWN,1663097439614,"E"
264507,71,34,0,0,UP,1663105551814,"G"
264507,78,49,0,0,DOWN,1663201599114,"N"
264507,69,18,0,0,UP,1663209616014,"E"
264507,78,49,0,0,UP,1663257604014,"N"
264507,76,38,0,0,DOWN,1663297310114,"L"
264507,76,38,0,0,UP,1663353572614,"L"
264507,65,30,0,0,DOWN,1663401567314,"A"
264507,65,30,0,0,UP,1663441589714,"A"
264507,78,49,0,0,DOWN,1663497617814,"N"
264507,78,49,0,0,UP,1663545631814,"N"
264507,68,32,0,0,DOWN,1663601572414,"D"
264507,70,33,0,0,DOWN,1663697649014,"F"
264507,68,32,0,0,UP,1663705636614,"D"
264507,70,33,0,0,UP,1663777364714,"F"
264507,72,35,0,0,DOWN,1663793632014,"H"
264507,66,48,0,0,DOWN,1663897640214,"B"
264507,72,35,0,0,UP,1663905457014,"H"
264507,85,22,0,0,DOWN,1663993600414,"U"
264507,66,48,0,0,UP,1664017400014,"B"
264507,82,19,0,0,DOWN,1664097651614,"R"
264507,85,22,0,0,UP,1664105564114,"U"
264507,71,34,0,0,DOWN,1664193624114,"G"
264507,82,19,0,0,UP,1664217486814,"R"
264507,69,18,0,0,DOWN,1664297580114,"E"
264507,71,34,0,0,UP,1664305579314,"G"
264507,69,18,0,0,UP,1664393594914,"E"
264507,78,49,0,0,DOWN,1664394253614,"N"
264507,78,49,0,0,UP,1664457643414,"N"
264507,76,38,0,0,DOWN,1664497654214,"L"
264507,76,38,0,0,UP,1664553592114,"L"
264507,65,30,0,0,DOWN,1664593623614,"A"
264507,65,30,0,0,UP,1664633571514,"A"
264507,78,49,0,0,DOWN,1664697650314,"N"
264507,78,49,0,0,UP,1664753585314,"N"
264507,68,32,0,0,DOWN,1664793626214,"D"
264507,70,33,0,0,DOWN,1664897646014,"F"
264507,68,32,0,0,UP,1664913617014,"D"
264507,70,33,0,0,UP,1664969708714,"F"
264507,72,35,0,0,DOWN,1664993549114,"H"
264507,72,35,0,0,UP,1665089649614,"H"
264507,66,48,0,0,DOWN,1665097692114,"B"
264507,85,22,0,0,DOWN,1665201398514,"U"
264507,66,48,0,0,UP,1665209592114,"B"
264507,82,19,0,0,DOWN,1665297638114,"R"
264507,85,22,0,0,UP,1665305675514,"U"
264507,71,34,0,0,DOWN,1665401394814,"G"
264507,82,19,0,0,UP,1665409589814,"R"
264507,69,18,0,0,DOWN,1665497627914,"E"
264507,71,34,0,0,UP,1665505688314,"G"
264507,78,49,0,0,DOWN,1665601371914,"N"
264507,69,18,0,0,UP,1665609598414,"E"
264507,78,49,0,0,UP,1665657603414,"N"
264507,76,38,0,0,DOWN,1665697575314,"L"
264507,76,38,0,0,UP,1665753627914,"L"
264507,65,30,0,0,DOWN,1665793607514,"A"
264507,65,30,0,0,UP,1665841605914,"A"
264507,78,49,0,0,DOWN,1665897653914,"N"
264507,78,49,0,0,UP,1665945631814,"N"
264507,68,32,0,0,DOWN,1666001530914,"D"
264507,70,33,0,0,DOWN,1666097603714,"F"
264507,68,32,0,0,UP,1666113712414,"D"
264507,70,33,0,0,UP,1666177353814,"F"
264507,72,35,0,0,DOWN,1666193696114,"H"
264507,66,48,0,0,DOWN,1666297653214,"B"
264507,72,35,0,0,UP,1666305648914,"H"
264507,85,22,0,0,DOWN,1666393629114,"U"
264507,66,48,0,0,UP,1666417715114,"B"
264507,82,19,0,0,DOWN,1666497644114,"R"
264507,85,22,0,0,UP,1666505410514,"U"
264507,71,34,0,0,DOWN,1666593730614,"G"
264507,82,19,0,0,UP,1666617630514,"R"
264507,69,18,0,0,DOWN,1666697705014,"E"
264507,71,34,0,0,UP,1666705639914,"G"
264507,78,49,0,0,DOWN,1666793623614,"N"
264507,69,18,0,0,UP,1666801716114,"E"
264507,78,49,0,0,UP,1666857648314,"N"
264507,76,38,0,0,DOWN,1666897669714,"L"
264507,76,38,0,0,UP,1666953331514,"L"
264507,65,30,0,0,DOWN,1666993628614,"A"
264507,65,30,0,0,UP,1667033612314,"A"
264507,78,49,0,0,DOWN,1667097746214,"N"
264507,78,49,0,0,UP,1667153593014,"N"
264507,68,32,0,0,DOWN,1667193618314,"D"
264507,70,33,0,0,DOWN,1667297529314,"F"
264507,68,32,0,0,UP,1667305615314,"D"
264507,70,33,0,0,UP,1667369378814,"F"
264507,72,35,0,0,DOWN,1667401745114,"H"
264507,72,35,0,0,UP,1667497687914,"H"
264507,66,48,0,0,DOWN,1667498605714,"B"
264507,85,22,0,0,DOWN,1667601642814,"U"
264507,66,48,0,0,UP,1667617642214,"B"
264507,82,19,0,0,DOWN,1667697681914,"R"
264507,85,22,0,0,UP,1667705606314,"U"
264507,71,34,0,0,DOWN,1667801652014,"G"
264507,82,19,0,0,UP,1667817702914,"R"
264507,69,18,0,0,DOWN,1667897654614,"E"
264507,71,34,0,0,UP,1667905496014,"G"
264507,78,49,0,0,DOWN,1667993699814,"N"
264507,69,18,0,0,UP,1668001607714,"E"
264507,78,49,0,0,UP,1668057689814,"N"
264507,76,38,0,0,DOWN,1668097694814,"L"
264507,76,38,0,0,UP,1668153421914,"L"
264507,65,30,0,0,DOWN,1668193679714,"A"
264507,65,30,0,0,UP,1668241624914,"A"
264507,78,49,0,0,DOWN,1668297693614,"N"
264507,78,49,0,0,UP,1668353416614,"N"
264507,68,32,0,0,DOWN,1668401620014,"D"
264507,70,33,0,0,DOWN,1668497604614,"F"
264507,68,32,0,0,UP,1668513616214,"D"
264507,70,33,0,0,UP,1668569720514,"F"
264507,72,35,0,0,DOWN,1668593641714,"H"
264507,72,35,0,0,UP,1668697686314,"H"
264507,66,48,0,0,DOWN,1668698636414,"B"
264507,85,22,0,0,DOWN,1668793670214,"U"
264507,66,48,0,0,UP,1668817670114,"B"
264507,82,19,0,0,DOWN,1668897451214,"R"
264507,85,22,0,0,UP,1668905666314,"U"
264507,71,34,0,0,DOWN,1668993650814,"G"
264507,82,19,0,0,UP,1669009438914,"R"
264507,69,18,0,0,DOWN,1669097694714,"E"
264507,71,34,0,0,UP,1669105607614,"G"
264507,78,49,0,0,DOWN,1669193705414,"N"
264507,69,18,0,0,UP,1669201621614,"E"
264507,78,49,0,0,UP,1669257684814,"N"
264507,76,38,0,0,DOWN,1669297660814,"L"
264507,76,38,0,0,UP,1669361420314,"L"
264507,65,30,0,0,DOWN,1669401694414,"A"
264507,65,30,0,0,UP,1669441677614,"A"
264507,78,49,0,0,DOWN,1669497681214,"N"
264507,78,49,0,0,UP,1669553696314,"N"
264507,68,32,0,0,DOWN,1669601677514,"D"
264507,70,33,0,0,DOWN,1669697661214,"F"
264507,68,32,0,0,UP,1669705415314,"D"
264507,70,33,0,0,UP,1669777405514,"F"
264507,72,35,0,0,DOWN,1669801646014,"H"
264507,72,35,0,0,UP,1669897686714,"H"
264507,66,48,0,0,DOWN,1669898511414,"B"
264507,85,22,0,0,DOWN,1669993789014,"U"
264507,66,48,0,0,UP,1670017641914,"B"
264507,82,19,0,0,DOWN,1670097692014,"R"
264507,85,22,0,0,UP,1670105614214,"U"
264507,71,34,0,0,DOWN,1670193681014,"G"
264507,82,19,0,0,UP,1670217723414,"R"
264507,69,18,0,0,DOWN,1670297675514,"E"
264507,71,34,0,0,UP,1670305628014,"G"
264507,69,18,0,0,UP,1670393720814,"E"
264507,78,49,0,0,DOWN,1670394551814,"N"
264507,78,49,0,0,UP,1670457660714,"N"
264507,76,38,0,0,DOWN,1670497455714,"L"
264507,76,38,0,0,UP,1670553745014,"L"
264507,65,30,0,0,DOWN,1670593670714,"A"
264507,65,30,0,0,UP,1670641659514,"A"
264507,78,49,0,0,DOWN,1670697692114,"N"
264507,78,49,0,0,UP,1670761621014,"N"
264507,68,32,0,0,DOWN,1670793681614,"D"
264507,70,33,0,0,DOWN,1670897686214,"F"
264507,68,32,0,0,UP,1670905383314,"D"
264507,70,33,0,0,UP,1670969619314,"F"
264507,72,35,0,0,DOWN,1670993442214,"H"
264507,72,35,0,0,UP,1671097423214,"H"
264507,66,48,0,0,DOWN,1671098558814,"B"
264507,85,22,0,0,DOWN,1671193670314,"U"
264507,66,48,0,0,UP,1671217400614,"B"
264507,82,19,0,0,DOWN,1671297715314,"R"
264507,85,22,0,0,UP,1671305387014,"U"
264507,71,34,0,0,DOWN,1671401681814,"G"
264507,82,19,0,0,UP,1671417666614,"R"
264507,69,18,0,0,DOWN,1671497688714,"E"
264507,71,34,0,0,UP,1671505423614,"G"
264507,69,18,0,0,UP,1671601795714,"E"
264507,78,49,0,0,DOWN,1671602736214,"N"
264507,78,49,0,0,UP,1671649676914,"N"
264507,76,38,0,0,DOWN,1671697689014,"L"
264507,76,38,0,0,UP,1671753696714,"L"
264507,65,30,0,0,DOWN,1671793700614,"A"
264507,65,30,0,0,UP,1671841693514,"A"
264507,78,49,0,0,DOWN,1671897668914,"N"
264507,78,49,0,0,UP,1671945657614,"N"
264507,68,32,0,0,DOWN,1672001724414,"D"
264507,70,33,0,0,DOWN,1672097629614,"F"
264507,68,32,0,0,UP,1672105366514,"D"
264507,70,33,0,0,UP,1672169721114,"F"
264507,72,35,0,0,DOWN,1672193716214,"H"
264507,66,48,0,0,DOWN,1672297703814,"B"
264507,72,35,0,0,UP,1672305355814,"H"
264507,85,22,0,0,DOWN,1672393681714,"U"
264507,66,48,0,0,UP,1672417616514,"B"
264507,82,19,0,0,DOWN,1672497668114,"R"
264507,85,22,0,0,UP,1672505672514,"U"
264507,71,34,0,0,DOWN,1672593677614,"G"
264507,82,19,0,0,UP,1672609659314,"R"
264507,69,18,0,0,DOWN,1672697703214,"E"
264507,71,34,0,0,UP,1672705772114,"G"
264507,78,49,0,0,DOWN,1672793721314,"N"
264507,69,18,0,0,UP,1672801650514,"E"
264507,78,49,0,0,UP,1672857670914,"N"
264507,76,38,0,0,DOWN,1672897682214,"L"
264507,76,38,0,0,UP,1672953670014,"L"
264507,65,30,0,0,DOWN,1672993700714,"A"
264507,65,30,0,0,UP,1673033708614,"A"
264507,78,49,0,0,DOWN,1673097683514,"N"
264507,78,49,0,0,UP,1673161721814,"N"
264507,68,32,0,0,DOWN,1673193709614,"D"
264507,70,33,0,0,DOWN,1673297670714,"F"
264507,68,32,0,0,UP,1673305701714,"D"
264507,70,33,0,0,UP,1673361696414,"F"
264507,72,35,0,0,DOWN,1673401729114,"H"
264507,66,48,0,0,DOWN,1673497714214,"B"
264507,72,35,0,0,UP,1673505396914,"H"
264507,85,22,0,0,DOWN,1673601656414,"U"
264507,66,48,0,0,UP,1673617449914,"B"
264507,82,19,0,0,DOWN,1673697747514,"R"
264507,85,22,0,0,UP,1673705698214,"U"
264507,71,34,0,0,DOWN,1673801689614,"G"
264507,82,19,0,0,UP,1673817675214,"R"
264507,69,18,0,0,DOWN,1673897683914,"E"
264507,71,34,0,0,UP,1673905634914,"G"
264507,78,49,0,0,DOWN,1673993700714,"N"
264507,69,18,0,0,UP,1674001636214,"E"
264507,78,49,0,0,UP,1674057685014,"N"
264507,76,38,0,0,DOWN,1674097664814,"L"
264507,76,38,0,0,UP,1674153725514,"L"
264507,65,30,0,0,DOWN,1674193715214,"A"
264507,65,30,0,0,UP,1674241663214,"A"
264507,78,49,0,0,DOWN,1674297705614,"N"
264507,78,49,0,0,UP,1674361699114,"N"
264507,68,32,0,0,DOWN,1674401760214,"D"
264507,70,33,0,0,DOWN,1674497689914,"F"
264507,68,32,0,0,UP,1674513666114,"D"
264507,70,33,0,0,UP,1674561689414,"F"
264507,72,35,0,0,DOWN,1674593716014,"H"
264507,66,48,0,0,DOWN,1674697774114,"B"
264507,72,35,0,0,UP,1674705669514,"H"
264507,85,22,0,0,DOWN,1674793739014,"U"
264507,66,48,0,0,UP,1674817673614,"B"
264507,82,19,0,0,DOWN,1674897707714,"R"
264507,85,22,0,0,UP,1674905717914,"U"
264507,71,34,0,0,DOWN,1674993718214,"G"
264507,82,19,0,0,UP,1675017795514,"R"
264507,69,18,0,0,DOWN,1675097699914,"E"
264507,71,34,0,0,UP,1675105399514,"G"
264507,78,49,0,0,DOWN,1675193672614,"N"
264507,69,18,0,0,UP,1675201659314,"E"
264507,78,49,0,0,UP,1675265708014,"N"
264507,76,38,0,0,DOWN,1675297709814,"L"
264507,76,38,0,0,UP,1675353716214,"L"
264507,65,30,0,0,DOWN,1675401702814,"A"
264507,65,30,0,0,UP,1675441542114,"A"
264507,78,49,0,0,DOWN,1675497758614,"N"
264507,78,49,0,0,UP,1675561738314,"N"
264507,68,32,0,0,DOWN,1675601731614,"D"
264507,70,33,0,0,DOWN,1675697881414,"F"
264507,68,32,0,0,UP,1675705739614,"D"
264507,70,33,0,0,UP,1675769728414,"F"
264507,72,35,0,0,DOWN,1675801768914,"H"
264507,66,48,0,0,DOWN,1675897719214,"B"
264507,72,35,0,0,UP,1675905632114,"H"
264507,85,22,0,0,DOWN,1675993724714,"U"
264507,66,48,0,0,UP,1676025528114,"B"
264507,82,19,0,0,DOWN,1676097458614,"R"
264507,85,22,0,0,UP,1676105686414,"U"
264507,71,34,0,0,DOWN,1676193687914,"G"
264507,82,19,0,0,UP,1676217728014,"R"
264507,69,18,0,0,DOWN,1676297744814,"E"
264507,71,34,0,0,UP,1676313431814,"G"
264507,69,18,0,0,UP,1676393524414,"E"
264507,78,49,0,0,DOWN,1676394352014,"N"
264507,78,49,0,0,UP,1676457473914,"N"
264507,76,38,0,0,DOWN,1676497700014,"L"
264507,76,38,0,0,UP,1676553760314,"L"
264507,65,30,0,0,DOWN,1676593696614,"A"
264507,65,30,0,0,UP,1676649691814,"A"
264507,78,49,0,0,DOWN,1676697673414,"N"
264507,78,49,0,0,UP,1676761725214,"N"
264507,68,32,0,0,DOWN,1676793725514,"D"
264507,70,33,0,0,DOWN,1676897730514,"F"
264507,68,32,0,0,UP,1676905486214,"D"
264507,70,33,0,0,UP,1676961728714,"F"
264507,72,35,0,0,DOWN,1676993691114,"H"
264507,66,48,0,0,DOWN,1677097719614,"B"
264507,72,35,0,0,UP,1677105660714,"H"
264507,85,22,0,0,DOWN,1677193706414,"U"
264507,66,48,0,0,UP,1677217464014,"B"
264507,82,19,0,0,DOWN,1677297501114,"R"
264507,85,22,0,0,UP,1677305697714,"U"
264507,71,34,0,0,DOWN,1677401739514,"G"
264507,82,19,0,0,UP,1677417717314,"R"
264507,69,18,0,0,DOWN,1677497753214,"E"
264507,71,34,0,0,UP,1677505454914,"G"
264507,69,18,0,0,UP,1677593597014,"E"
264507,78,49,0,0,DOWN,1677601704414,"N"
264507,78,49,0,0,UP,1677657593514,"N"
264507,76,38,0,0,DOWN,1677697730914,"L"
264507,76,38,0,0,UP,1677753738914,"L"
264507,65,30,0,0,DOWN,1677793511014,"A"
264507,65,30,0,0,UP,1677841677814,"A"
264507,78,49,0,0,DOWN,1677897681014,"N"
264507,78,49,0,0,UP,1677961768714,"N"
264507,68,32,0,0,DOWN,1678001728514,"D"
264507,70,33,0,0,DOWN,1678097698014,"F"
264507,68,32,0,0,UP,1678105457914,"D"
264507,70,33,0,0,UP,1678169771814,"F"
264507,72,35,0,0,DOWN,1678193514914,"H"
264507,66,48,0,0,DOWN,1678297739814,"B"
264507,72,35,0,0,UP,1678305729514,"H"
264507,85,22,0,0,DOWN,1678393541714,"U"
264507,66,48,0,0,UP,1678417537814,"B"
264507,82,19,0,0,DOWN,1678497603314,"R"
264507,85,22,0,0,UP,1678505728314,"U"
264507,71,34,0,0,DOWN,1678593673014,"G"
264507,82,19,0,0,UP,1678609664914,"R"
264507,69,18,0,0,DOWN,1678697717814,"E"
264507,71,34,0,0,UP,1678705420814,"G"
264507,78,49,0,0,DOWN,1678793596814,"N"
264507,69,18,0,0,UP,1678801766614,"E"
264507,78,49,0,0,UP,1678857720714,"N"
264507,76,38,0,0,DOWN,1678897432514,"L"
264507,76,38,0,0,UP,1678953736714,"L"
264507,65,30,0,0,DOWN,1678993592914,"A"
264507,65,30,0,0,UP,1679041756714,"A"
264507,78,49,0,0,DOWN,1679097735814,"N"
264507,78,49,0,0,UP,1679161724314,"N"
264507,68,32,0,0,DOWN,1679193840914,"D"
264507,70,33,0,0,DOWN,1679297748914,"F"
264507,68,32,0,0,UP,1679305694314,"D"
264507,70,33,0,0,UP,1679369708814,"F"
264507,72,35,0,0,DOWN,1679401775514,"H"
264507,66,48,0,0,DOWN,1679497759714,"B"
264507,72,35,0,0,UP,1679505727814,"H"
264507,85,22,0,0,DOWN,1679601758814,"U"
264507,66,48,0,0,UP,1679609721414,"B"
264507,82,19,0,0,DOWN,1679697750814,"R"
264507,85,22,0,0,UP,1679705729014,"U"
264507,71,34,0,0,DOWN,1679801759114,"G"
264507,82,19,0,0,UP,1679817799814,"R"
264507,69,18,0,0,DOWN,1679897779014,"E"
264507,71,34,0,0,UP,1679905768914,"G"
264507,78,49,0,0,DOWN,1679993890914,"N"
264507,69,18,0,0,UP,1680001689314,"E"
264507,78,49,0,0,UP,1680057763214,"N"
264507,76,38,0,0,DOWN,1680097500214,"L"
264507,76,38,0,0,UP,1680153740014,"L"
264507,65,30,0,0,DOWN,1680193890814,"A"
264507,65,30,0,0,UP,1680241751214,"A"
264507,78,49,0,0,DOWN,1680297784014,"N"
264507,78,49,0,0,UP,1680353729514,"N"
264507,68,32,0,0,DOWN,1680401708914,"D"
264507,70,33,0,0,DOWN,1680497764514,"F"
264507,68,32,0,0,UP,1680513855614,"D"
264507,70,33,0,0,UP,1680569704414,"F"
264507,72,35,0,0,DOWN,1680593705914,"H"
264507,72,35,0,0,UP,1680697732514,"H"
264507,66,48,0,0,DOWN,1680698614614,"B"
264507,85,22,0,0,DOWN,1680793820714,"U"
264507,66,48,0,0,UP,1680817468814,"B"
264507,82,19,0,0,DOWN,1680897777514,"R"
264507,85,22,0,0,UP,1680905490814,"U"
264507,71,34,0,0,DOWN,1680993803114,"G"
264507,82,19,0,0,UP,1681017767014,"R"
264507,69,18,0,0,DOWN,1681097678714,"E"
264507,71,34,0,0,UP,1681105862314,"G"
264507,69,18,0,0,UP,1681193878914,"E"
264507,78,49,0,0,DOWN,1681194731614,"N"
264507,78,49,0,0,UP,1681257825914,"N"
264507,76,38,0,0,DOWN,1681297839914,"L"
264507,76,38,0,0,UP,1681353883814,"L"
264507,65,30,0,0,DOWN,1681401882114,"A"
264507,65,30,0,0,UP,1681441796714,"A"
264507,78,49,0,0,DOWN,1681497757214,"N"
264507,78,49,0,0,UP,1681561650714,"N"
264507,68,32,0,0,DOWN,1681601852514,"D"
264507,70,33,0,0,DOWN,1681697791914,"F"
264507,68,32,0,0,UP,1681705783814,"D"
264507,70,33,0,0,UP,1681769801014,"F"
264507,72,35,0,0,DOWN,1681801780214,"H"
264507,66,48,0,0,DOWN,1681897751414,"B"
264507,72,35,0,0,UP,1681905455414,"H"
264507,85,22,0,0,DOWN,1681993769114,"U"
264507,66,48,0,0,UP,1682025602914,"B"
264507,82,19,0,0,DOWN,1682097748614,"R"
264507,85,22,0,0,UP,1682105747714,"U"
264507,71,34,0,0,DOWN,1682193820914,"G"
264507,82,19,0,0,UP,1682217783914,"R"
264507,69,18,0,0,DOWN,1682297745914,"E"
264507,71,34,0,0,UP,1682305781214,"G"
264507,78,49,0,0,DOWN,1682393770314,"N"
264507,69,18,0,0,UP,1682401471314,"E"
264507,78,49,0,0,UP,1682457783114,"N"
264507,76,38,0,0,DOWN,1682497744314,"L"
264507,76,38,0,0,UP,1682553755014,"L"
264507,65,30,0,0,DOWN,1682593742914,"A"
264507,65,30,0,0,UP,1682649776814,"A"
264507,78,49,0,0,DOWN,1682697589414,"N"
264507,78,49,0,0,UP,1682761747514,"N"
264507,68,32,0,0,DOWN,1682793761814,"D"
264507,70,33,0,0,DOWN,1682897753514,"F"
264507,68,32,0,0,UP,1682905714614,"D"
264507,70,33,0,0,UP,1682969803314,"F"
264507,72,35,0,0,DOWN,1682993767114,"H"
264507,66,48,0,0,DOWN,1683097772014,"B"
264507,72,35,0,0,UP,1683105714414,"H"
264507,85,22,0,0,DOWN,1683193748414,"U"
264507,66,48,0,0,UP,1683217772614,"B"
264507,82,19,0,0,DOWN,1683297730314,"R"
264507,85,22,0,0,UP,1683305700514,"U"
264507,71,34,0,0,DOWN,1683401757614,"G"
264507,82,19,0,0,UP,1683417857414,"R"
264507,69,18,0,0,DOWN,1683497654214,"E"
264507,71,34,0,0,UP,1683505539314,"G"
264507,69,18,0,0,UP,1683593780214,"E"
264507,78,49,0,0,DOWN,1683601785314,"N"
264507,78,49,0,0,UP,1683657824914,"N"
264507,76,38,0,0,DOWN,1683697548914,"L"
264507,76,38,0,0,UP,1683753899514,"L"
264507,65,30,0,0,DOWN,1683793808714,"A"
264507,65,30,0,0,UP,1683841809614,"A"
264507,78,49,0,0,DOWN,1683897536514,"N"
264507,78,49,0,0,UP,1683961767814,"N"
264507,68,32,0,0,DOWN,1684001818014,"D"
264507,70,33,0,0,DOWN,1684097700314,"F"
264507,68,32,0,0,UP,1684105783814,"D"
264507,70,33,0,0,UP,1684169785714,"F"
264507,72,35,0,0,DOWN,1684193775014,"H"
264507,72,35,0,0,UP,1684297697614,"H"
264507,66,48,0,0,DOWN,1684298581714,"B"
264507,85,22,0,0,DOWN,1684393782314,"U"
264507,66,48,0,0,UP,1684417764814,"B"
264507,82,19,0,0,DOWN,1684497587114,"R"
264507,85,22,0,0,UP,1684505789814,"U"
264507,71,34,0,0,DOWN,1684593786614,"G"
264507,82,19,0,0,UP,1684609877314,"R"
264507,69,18,0,0,DOWN,1684697665914,"E"
264507,71,34,0,0,UP,1684705748814,"G"
264507,69,18,0,0,UP,1684793774614,"E"
264507,78,49,0,0,DOWN,1684794593014,"N"
264507,78,49,0,0,UP,1684865528014,"N"
264507,76,38,0,0,DOWN,1684897830014,"L"
264507,76,38,0,0,UP,1684953772814,"L"
264507,65,30,0,0,DOWN,1684993809214,"A"
264507,65,30,0,0,UP,1685041782814,"A"
264507,78,49,0,0,DOWN,1685097897414,"N"
264507,78,49,0,0,UP,1685169818114,"N"
264507,68,32,0,0,DOWN,1685193863114,"D"
264507,70,33,0,0,DOWN,1685297996014,"F"
264507,68,32,0,0,UP,1685305777414,"D"
264507,70,33,0,0,UP,1685369812314,"F"
264507,72,35,0,0,DOWN,1685393780414,"H"
264507,66,48,0,0,DOWN,1685497857414,"B"
264507,72,35,0,0,UP,1685505812414,"H"
264507,85,22,0,0,DOWN,1685601808514,"U"
264507,66,48,0,0,UP,1685617823514,"B"
264507,82,19,0,0,DOWN,1685697934414,"R"
264507,85,22,0,0,UP,1685705800214,"U"
264507,71,34,0,0,DOWN,1685801825214,"G"
264507,82,19,0,0,UP,1685809786814,"R"
264507,69,18,0,0,DOWN,1685897934814,"E"
264507,71,34,0,0,UP,1685905802014,"G"
264507,69,18,0,0,UP,1686001791814,"E"
264507,78,49,0,0,DOWN,1686002447214,"N"
264507,78,49,0,0,UP,1686057533414,"N"
264507,76,38,0,0,DOWN,1686097595314,"L"
264507,76,38,0,0,UP,1686153535414,"L"
264507,65,30,0,0,DOWN,1686193727414,"A"
264507,65,30,0,0,UP,1686241710014,"A"
264507,78,49,0,0,DOWN,1686297779714,"N"
264507,78,49,0,0,UP,1686353790914,"N"
264507,68,32,0,0,DOWN,1686401776614,"D"
264507,70,33,0,0,DOWN,1686497816414,"F"
264507,68,32,0,0,UP,1686513808914,"D"
264507,70,33,0,0,UP,1686569906814,"F"
264507,72,35,0,0,DOWN,1686593826314,"H"
264507,72,35,0,0,UP,1686697826914,"H"
264507,66,48,0,0,DOWN,1686698795514,"B"
264507,85,22,0,0,DOWN,1686793796314,"U"
264507,66,48,0,0,UP,1686817699414,"B"
264507,82,19,0,0,DOWN,1686897854514,"R"
264507,85,22,0,0,UP,1686905804814,"U"
264507,71,34,0,0,DOWN,1686993809214,"G"
264507,82,19,0,0,UP,1687009717114,"R"
264507,69,18,0,0,DOWN,1687097798714,"E"
264507,71,34,0,0,UP,1687105761814,"G"
264507,78,49,0,0,DOWN,1687193791014,"N"
264507,69,18,0,0,UP,1687201790914,"E"
264507,78,49,0,0,UP,1687265981414,"N"
264507,76,38,0,0,DOWN,1687297839714,"L"
264507,76,38,0,0,UP,1687353792814,"L"
264507,65,30,0,0,DOWN,1687393578914,"A"
264507,65,30,0,0,UP,1687441774714,"A"
264507,78,49,0,0,DOWN,1687497852114,"N"
264507,78,49,0,0,UP,1687561793714,"N"
264507,68,32,0,0,DOWN,1687601799014,"D"
264507,70,33,0,0,DOWN,1687697836014,"F"
264507,68,32,0,0,UP,1687705895714,"D"
264507,70,33,0,0,UP,1687769786714,"F"
264507,72,35,0,0,DOWN,1687801821614,"H"
264507,66,48,0,0,DOWN,1687897816014,"B"
264507,72,35,0,0,UP,1687905821014,"H"
264507,85,22,0,0,DOWN,1688001829414,"U"
264507,66,48,0,0,UP,1688025819314,"B"
264507,82,19,0,0,DOWN,1688097881214,"R"
264507,85,22,0,0,UP,1688105786514,"U"
264507,71,34,0,0,DOWN,1688201648314,"G"
264507,82,19,0,0,UP,1688217770014,"R"
264507,69,18,0,0,DOWN,1688297816114,"E"
264507,71,34,0,0,UP,1688305826414,"G"
264507,78,49,0,0,DOWN,1688393813714,"N"
264507,69,18,0,0,UP,1688401759014,"E"
264507,78,49,0,0,UP,1688457576514,"N"
264507,76,38,0,0,DOWN,1688497843714,"L"
264507,76,38,0,0,UP,1688553800614,"L"
264507,65,30,0,0,DOWN,1688593809914,"A"
264507,65,30,0,0,UP,1688641810114,"A"
264507,78,49,0,0,DOWN,1688697872714,"N"
264507,78,49,0,0,UP,1688753778014,"N"
264507,68,32,0,0,DOWN,1688801827114,"D"
264507,70,33,0,0,DOWN,1688897799914,"F"
264507,68,32,0,0,UP,1688913793414,"D"
264507,70,33,0,0,UP,1688969863014,"F"
264507,72,35,0,0,DOWN,1688993835114,"H"
264507,66,48,0,0,DOWN,1689097850514,"B"
264507,72,35,0,0,UP,1689105811614,"H"
264507,85,22,0,0,DOWN,1689193860614,"U"
264507,66,48,0,0,UP,1689217676214,"B"
264507,82,19,0,0,DOWN,1689297868814,"R"
264507,85,22,0,0,UP,1689305804314,"U"
264507,71,34,0,0,DOWN,1689393836914,"G"
264507,82,19,0,0,UP,1689409850214,"R"
264507,69,18,0,0,DOWN,1689497813214,"E"
264507,71,34,0,0,UP,1689506002514,"G"
264507,69,18,0,0,UP,1689593878514,"E"
264507,78,49,0,0,DOWN,1689594809014,"N"
264507,78,49,0,0,UP,1689665881914,"N"
264507,76,38,0,0,DOWN,1689697583914,"L"
264507,76,38,0,0,UP,1689753835814,"L"
264507,65,30,0,0,DOWN,1689801603014,"A"
264507,65,30,0,0,UP,1689841836414,"A"
264507,78,49,0,0,DOWN,1689897867814,"N"
264507,78,49,0,0,UP,1689961837914,"N"
264507,68,32,0,0,DOWN,1690001737114,"D"
264507,70,33,0,0,DOWN,1690097803314,"F"
264507,68,32,0,0,UP,1690105793814,"D"
264507,70,33,0,0,UP,1690177780214,"F"
264507,72,35,0,0,DOWN,1690201719414,"H"
264507,66,48,0,0,DOWN,1690297807914,"B"
264507,72,35,0,0,UP,1690305980814,"H"
264507,85,22,0,0,DOWN,1690393859214,"U"
264507,66,48,0,0,UP,1690425845414,"B"
264507,82,19,0,0,DOWN,1690497842714,"R"
264507,85,22,0,0,UP,1690505559614,"U"
264507,71,34,0,0,DOWN,1690593850314,"G"
264507,82,19,0,0,UP,1690617887114,"R"
264507,69,18,0,0,DOWN,1690697871014,"E"
264507,71,34,0,0,UP,1690705830814,"G"
264507,78,49,0,0,DOWN,1690793858214,"N"
264507,69,18,0,0,UP,1690801712314,"E"
264507,78,49,0,0,UP,1690857851214,"N"
264507,76,38,0,0,DOWN,1690897844914,"L"
264507,76,38,0,0,UP,1690953818614,"L"
264507,65,30,0,0,DOWN,1690993845214,"A"
264507,65,30,0,0,UP,1691049837014,"A"
264507,78,49,0,0,DOWN,1691097934114,"N"
264507,78,49,0,0,UP,1691161831614,"N"
264507,68,32,0,0,DOWN,1691193862314,"D"
264507,70,33,0,0,DOWN,1691297643014,"F"
264507,68,32,0,0,UP,1691305847614,"D"
264507,70,33,0,0,UP,1691369607114,"F"
264507,72,35,0,0,DOWN,1691393835014,"H"
264507,66,48,0,0,DOWN,1691497823114,"B"
264507,72,35,0,0,UP,1691505810914,"H"
264507,85,22,0,0,DOWN,1691593825714,"U"
264507,66,48,0,0,UP,1691617820614,"B"
264507,82,19,0,0,DOWN,1691697843114,"R"
264507,85,22,0,0,UP,1691705843614,"U"
264507,71,34,0,0,DOWN,1691801859914,"G"
264507,82,19,0,0,UP,1691809873014,"R"
264507,69,18,0,0,DOWN,1691897861014,"E"
264507,71,34,0,0,UP,1691905744014,"G"
264507,69,18,0,0,UP,1692001829614,"E"
264507,78,49,0,0,DOWN,1692002762814,"N"
264507,78,49,0,0,UP,1692057843714,"N"
264507,76,38,0,0,DOWN,1692097838314,"L"
264507,76,38,0,0,UP,1692153838614,"L"
264507,65,30,0,0,DOWN,1692201857814,"A"
264507,65,30,0,0,UP,1692241890114,"A"
264507,78,49,0,0,DOWN,1692297836114,"N"
264507,78,49,0,0,UP,1692361826814,"N"
264507,68,32,0,0,DOWN,1692401871414,"D"
264507,70,33,0,0,DOWN,1692497872714,"F"
264507,68,32,0,0,UP,1692505813014,"D"
264507,70,33,0,0,UP,1692569794214,"F"
264507,72,35,0,0,DOWN,1692593814414,"H"
264507,66,48,0,0,DOWN,1692697883014,"B"
264507,72,35,0,0,UP,1692713861914,"H"
264507,85,22,0,0,DOWN,1692793835514,"U"
264507,66,48,0,0,UP,1692817832914,"B"
264507,82,19,0,0,DOWN,1692897843714,"R"
264507,85,22,0,0,UP,1692913823214,"U"
264507,71,34,0,0,DOWN,1692993826214,"G"
264507,82,19,0,0,UP,1693009821214,"R"
264507,69,18,0,0,DOWN,1693097946714,"E"
264507,71,34,0,0,UP,1693105801114,"G"
264507,78,49,0,0,DOWN,1693193971514,"N"
264507,69,18,0,0,UP,1693201857014,"E"
264507,78,49,0,0,UP,1693257606514,"N"
264507,76,38,0,0,DOWN,1693297878314,"L"
264507,76,38,0,0,UP,1693353809014,"L"
264507,65,30,0,0,DOWN,1693393917914,"A"
264507,65,30,0,0,UP,1693449857914,"A"
264507,78,49,0,0,DOWN,1693497905314,"N"
264507,78,49,0,0,UP,1693561893314,"N"
264507,68,32,0,0,DOWN,1693593893414,"D"
264507,70,33,0,0,DOWN,1693697885114,"F"
264507,68,32,0,0,UP,1693705680914,"D"
264507,70,33,0,0,UP,1693769916614,"F"
264507,72,35,0,0,DOWN,1693793896114,"H"
264507,72,35,0,0,UP,1693897974314,"H"
264507,66,48,0,0,DOWN,1693898861014,"B"
264507,85,22,0,0,DOWN,1694001895114,"U"
264507,66,48,0,0,UP,1694017876214,"B"
264507,82,19,0,0,DOWN,1694097873214,"R"
264507,85,22,0,0,UP,1694105837214,"U"
264507,71,34,0,0,DOWN,1694201840914,"G"
264507,82,19,0,0,UP,1694217894314,"R"
264507,69,18,0,0,DOWN,1694297842214,"E"
264507,71,34,0,0,UP,1694305580814,"G"
264507,69,18,0,0,UP,1694401854914,"E"
264507,78,49,0,0,DOWN,1694402732314,"N"
264507,78,49,0,0,UP,1694457853014,"N"
264507,76,38,0,0,DOWN,1694497896114,"L"
264507,76,38,0,0,UP,1694553960314,"L"
264507,65,30,0,0,DOWN,1694593875914,"A"
264507,65,30,0,0,UP,1694641848614,"A"
264507,78,49,0,0,DOWN,1694697926814,"N"
264507,78,49,0,0,UP,1694753877214,"N"
264507,68,32,0,0,DOWN,1694801856614,"D"
264507,70,33,0,0,DOWN,1694897887114,"F"
264507,68,32,0,0,UP,1694913893314,"D"
264507,70,33,0,0,UP,1694969909414,"F"
264507,72,35,0,0,DOWN,1694993879714,"H"
264507,66,48,0,0,DOWN,1695097681814,"B"
264507,72,35,0,0,UP,1695105791214,"H"
264507,85,22,0,0,DOWN,1695193907214,"U"
264507,66,48,0,0,UP,1695217644914,"B"
264507,82,19,0,0,DOWN,1695297875214,"R"
264507,85,22,0,0,UP,1695305694114,"U"
264507,71,34,0,0,DOWN,1695393947414,"G"
264507,82,19,0,0,UP,1695417904114,"R"
264507,69,18,0,0,DOWN,1695497932714,"E"
264507,71,34,0,0,UP,1695505748014,"G"
264507,78,49,0,0,DOWN,1695593851914,"N"
264507,69,18,0,0,UP,1695601863914,"E"
264507,78,49,0,0,UP,1695657876414,"N"
264507,76,38,0,0,DOWN,1695697869214,"L"
264507,76,38,0,0,UP,1695753852814,"L"
264507,65,30,0,0,DOWN,1695793901314,"A"
264507,65,30,0,0,UP,1695833877214,"A"
264507,78,49,0,0,DOWN,1695897912314,"N"
264507,78,49,0,0,UP,1695953842214,"N"
264507,68,32,0,0,DOWN,1695993939314,"D"
264507,70,33,0,0,DOWN,1696097587514,"F"
264507,68,32,0,0,UP,1696105682414,"D"
264507,70,33,0,0,UP,1696169906514,"F"
264507,72,35,0,0,DOWN,1696201889514,"H"
264507,72,35,0,0,UP,1696297907114,"H"
264507,66,48,0,0,DOWN,1696298911514,"B"
264507,85,22,0,0,DOWN,1696401880214,"U"
264507,66,48,0,0,UP,1696417883814,"B"
264507,82,19,0,0,DOWN,1696497919114,"R"
264507,85,22,0,0,UP,1696505843214,"U"
264507,71,34,0,0,DOWN,1696601871614,"G"
264507,82,19,0,0,UP,1696617863614,"R"
264507,69,18,0,0,DOWN,1696697886714,"E"
264507,71,34,0,0,UP,1696706025514,"G"
264507,69,18,0,0,UP,1696793906314,"E"
264507,78,49,0,0,DOWN,1696794911514,"N"
264507,78,49,0,0,UP,1696857864914,"N"
264507,76,38,0,0,DOWN,1696897853214,"L"
264507,76,38,0,0,UP,1696953881214,"L"
264507,65,30,0,0,DOWN,1696993863314,"A"
264507,65,30,0,0,UP,1697041844214,"A"
264507,78,49,0,0,DOWN,1697097750214,"N"
264507,78,49,0,0,UP,1697153868414,"N"
264507,68,32,0,0,DOWN,1697201911814,"D"
264507,70,33,0,0,DOWN,1697297898114,"F"
264507,68,32,0,0,UP,1697313898714,"D"
264507,70,33,0,0,UP,1697369879514,"F"
264507,72,35,0,0,DOWN,1697393912914,"H"
264507,66,48,0,0,DOWN,1697497890114,"B"
264507,72,35,0,0,UP,1697505677414,"H"
264507,85,22,0,0,DOWN,1697593892814,"U"
264507,66,48,0,0,UP,1697617937414,"B"
264507,82,19,0,0,DOWN,1697697896214,"R"
264507,85,22,0,0,UP,1697705882114,"U"
264507,71,34,0,0,DOWN,1697793910514,"G"
264507,82,19,0,0,UP,1697817887514,"R"
264507,69,18,0,0,DOWN,1697897925514,"E"
264507,71,34,0,0,UP,1697905844914,"G"
264507,78,49,0,0,DOWN,1697993912514,"N"
264507,69,18,0,0,UP,1698001875714,"E"
264507,78,49,0,0,UP,1698057821014,"N"
264507,76,38,0,0,DOWN,1698097884314,"L"
264507,76,38,0,0,UP,1698161919314,"L"
264507,65,30,0,0,DOWN,1698201918914,"A"
264507,65,30,0,0,UP,1698241861614,"A"
264507,78,49,0,0,DOWN,1698297874114,"N"
264507,78,49,0,0,UP,1698353871514,"N"
264507,68,32,0,0,DOWN,1698401661014,"D"
264507,70,33,0,0,DOWN,1698497857114,"F"
264507,68,32,0,0,UP,1698505911514,"D"
264507,70,33,0,0,UP,1698569939114,"F"
264507,72,35,0,0,DOWN,1698601942814,"H"
264507,72,35,0,0,UP,1698698017514,"H"
264507,66,48,0,0,DOWN,1698699105414,"B"
264507,85,22,0,0,DOWN,1698793877514,"U"
264507,66,48,0,0,UP,1698817941414,"B"
264507,82,19,0,0,DOWN,1698897937114,"R"
264507,85,22,0,0,UP,1698905966514,"U"
264507,71,34,0,0,DOWN,1698993914014,"G"
264507,82,19,0,0,UP,1699017949314,"R"
264507,69,18,0,0,DOWN,1699097871614,"E"
264507,71,34,0,0,UP,1699105873914,"G"
264507,69,18,0,0,UP,1699193942914,"E"
264507,78,49,0,0,DOWN,1699194936014,"N"
264507,78,49,0,0,UP,1699257730714,"N"
264507,76,38,0,0,DOWN,1699297915814,"L"
264507,76,38,0,0,UP,1699353898714,"L"
264507,65,30,0,0,DOWN,1699393915814,"A"
264507,65,30,0,0,UP,1699441688414,"A"
264507,78,49,0,0,DOWN,1699497926314,"N"
264507,78,49,0,0,UP,1699553891314,"N"
264507,68,32,0,0,DOWN,1699593971914,"D"
264507,70,33,0,0,DOWN,1699697892514,"F"
264507,68,32,0,0,UP,1699705877114,"D"
264507,70,33,0,0,UP,1699769761614,"F"
264507,72,35,0,0,DOWN,1699793909914,"H"
264507,66,48,0,0,DOWN,1699897873714,"B"
264507,72,35,0,0,UP,1699905833614,"H"
264507,85,22,0,0,DOWN,1699993922014,"U"
264507,66,48,0,0,UP,1700017877614,"B"
264507,82,19,0,0,DOWN,1700097899514,"R"
264507,85,22,0,0,UP,1700105903214,"U"
264507,71,34,0,0,DOWN,1700201665514,"G"
264507,82,19,0,0,UP,1700217883614,"R"
264507,69,18,0,0,DOWN,1700297946714,"E"
264507,71,34,0,0,UP,1700305835714,"G"
264507,78,49,0,0,DOWN,1700401934614,"N"
264507,69,18,0,0,UP,1700409659014,"E"
264507,78,49,0,0,UP,1700457928114,"N"
264507,76,38,0,0,DOWN,1700497931814,"L"
264507,76,38,0,0,UP,1700561588514,"L"
264507,65,30,0,0,DOWN,1700593782414,"A"
264507,65,30,0,0,UP,1700641901114,"A"
264507,78,49,0,0,DOWN,1700697742314,"N"
264507,78,49,0,0,UP,1700745729214,"N"
264507,68,32,0,0,DOWN,1700801912814,"D"
264507,70,33,0,0,DOWN,1700897910014,"F"
264507,68,32,0,0,UP,1700913930414,"D"
264507,70,33,0,0,UP,1700969895014,"F"
264507,72,35,0,0,DOWN,1700993848814,"H"
264507,66,48,0,0,DOWN,1701097699814,"B"
264507,72,35,0,0,UP,1701113899014,"H"
264507,85,22,0,0,DOWN,1701193842914,"U"
264507,66,48,0,0,UP,1701217900514,"B"
264507,82,19,0,0,DOWN,1701297938114,"R"
264507,85,22,0,0,UP,1701305910714,"U"
264507,71,34,0,0,DOWN,1701393923614,"G"
264507,82,19,0,0,UP,1701417901114,"R"
264507,69,18,0,0,DOWN,1701497928514,"E"
264507,71,34,0,0,UP,1701505692314,"G"
264507,69,18,0,0,UP,1701593951414,"E"
264507,78,49,0,0,DOWN,1701594838714,"N"
264507,78,49,0,0,UP,1701657909914,"N"
264507,76,38,0,0,DOWN,1701697974114,"L"
264507,76,38,0,0,UP,1701753996914,"L"
264507,65,30,0,0,DOWN,1701793712514,"A"
264507,65,30,0,0,UP,1701833730414,"A"
264507,78,49,0,0,DOWN,1701897929214,"N"
264507,78,49,0,0,UP,1701953932414,"N"
264507,68,32,0,0,DOWN,1701993690014,"D"
264507,70,33,0,0,DOWN,1702097967414,"F"
264507,68,32,0,0,UP,1702105940214,"D"
264507,70,33,0,0,UP,1702169932314,"F"
264507,72,35,0,0,DOWN,1702201926714,"H"
264507,72,35,0,0,UP,1702297940014,"H"
264507,66,48,0,0,DOWN,1702298889114,"B"
264507,85,22,0,0,DOWN,1702401934214,"U"
264507,66,48,0,0,UP,1702409879214,"B"
264507,82,19,0,0,DOWN,1702497897014,"R"
264507,85,22,0,0,UP,1702505900014,"U"
264507,71,34,0,0,DOWN,1702601918814,"G"
264507,82,19,0,0,UP,1702617891814,"R"
264507,69,18,0,0,DOWN,1702697998014,"E"
264507,71,34,0,0,UP,1702705941814,"G"
264507,78,49,0,0,DOWN,1702801955014,"N"
264507,69,18,0,0,UP,1702810087814,"E"
264507,78,49,0,0,UP,1702849973814,"N"
264507,76,38,0,0,DOWN,1702898036414,"L"
264507,76,38,0,0,UP,1702961950914,"L"
264507,65,30,0,0,DOWN,1702993863514,"A"
264507,65,30,0,0,UP,1703041949014,"A"
264507,78,49,0,0,DOWN,1703097917414,"N"
264507,78,49,0,0,UP,1703145935614,"N"
264507,68,32,0,0,DOWN,1703201929614,"D"
264507,70,33,0,0,DOWN,1703297941114,"F"
264507,68,32,0,0,UP,1703313928214,"D"
264507,70,33,0,0,UP,1703369937614,"F"
264507,72,35,0,0,DOWN,1703393994414,"H"
264507,72,35,0,0,UP,1703498001714,"H"
264507,66,48,0,0,DOWN,1703498899114,"B"
264507,85,22,0,0,DOWN,1703594129614,"U"
264507,66,48,0,0,UP,1703617908014,"B"
264507,82,19,0,0,DOWN,1703697979514,"R"
264507,85,22,0,0,UP,1703705948214,"U"
264507,71,34,0,0,DOWN,1703793950214,"G"
264507,82,19,0,0,UP,1703817914014,"R"
264507,69,18,0,0,DOWN,1703897948914,"E"
264507,71,34,0,0,UP,1703905933514,"G"
264507,69,18,0,0,UP,1703994127014,"E"
264507,78,49,0,0,DOWN,1703994977314,"N"
264507,78,49,0,0,UP,1704058012814,"N"
264507,76,38,0,0,DOWN,1704097757214,"L"
264507,76,38,0,0,UP,1704153925914,"L"
264507,65,30,0,0,DOWN,1704201948314,"A"
264507,65,30,0,0,UP,1704241974014,"A"
264507,78,49,0,0,DOWN,1704297999814,"N"
264507,78,49,0,0,UP,1704353997614,"N"
264507,68,32,0,0,DOWN,1704401955214,"D"
264507,70,33,0,0,DOWN,1704497976614,"F"
264507,68,32,0,0,UP,1704505976614,"D"
264507,70,33,0,0,UP,1704569975014,"F"
264507,72,35,0,0,DOWN,1704601833714,"H"
264507,72,35,0,0,UP,1704698011614,"H"
264507,66,48,0,0,DOWN,1704698998314,"B"
264507,85,22,0,0,DOWN,1704793942214,"U"
264507,66,48,0,0,UP,1704817953314,"B"
264507,82,19,0,0,DOWN,1704897943714,"R"
264507,85,22,0,0,UP,1704905929114,"U"
264507,71,34,0,0,DOWN,1704993977314,"G"
264507,82,19,0,0,UP,1705009936614,"R"
264507,71,34,0,0,UP,1705097950214,"G"
264507,69,18,0,0,DOWN,1705098901314,"E"
264507,78,49,0,0,DOWN,1705193999314,"N"
264507,69,18,0,0,UP,1705201913914,"E"
264507,78,49,0,0,UP,1705249948414,"N"
264507,76,38,0,0,DOWN,1705297923914,"L"
264507,76,38,0,0,UP,1705353960214,"L"
264507,65,30,0,0,DOWN,1705393950314,"A"
264507,65,30,0,0,UP,1705441720414,"A"
264507,78,49,0,0,DOWN,1705497967014,"N"
264507,78,49,0,0,UP,1705545800714,"N"
264507,68,32,0,0,DOWN,1705593989214,"D"
264507,70,33,0,0,DOWN,1705697981614,"F"
264507,68,32,0,0,UP,1705705957714,"D"
264507,70,33,0,0,UP,1705769766814,"F"
264507,72,35,0,0,DOWN,1705793960714,"H"
264507,72,35,0,0,UP,1705897974614,"H"
264507,66,48,0,0,DOWN,1705898633514,"B"
264507,85,22,0,0,DOWN,1706002012814,"U"
264507,66,48,0,0,UP,1706009943914,"B"
264507,82,19,0,0,DOWN,1706097711614,"R"
264507,85,22,0,0,UP,1706105952414,"U"
264507,71,34,0,0,DOWN,1706201992014,"G"
264507,82,19,0,0,UP,1706218061614,"R"
264507,69,18,0,0,DOWN,1706297955714,"E"
264507,71,34,0,0,UP,1706305930314,"G"
264507,69,18,0,0,UP,1706394004214,"E"
264507,78,49,0,0,DOWN,1706402006014,"N"
264507,78,49,0,0,UP,1706457933614,"N"
264507,76,38,0,0,DOWN,1706497933514,"L"
264507,76,38,0,0,UP,1706562093214,"L"
264507,65,30,0,0,DOWN,1706593966314,"A"
264507,65,30,0,0,UP,1706641928814,"A"
264507,78,49,0,0,DOWN,1706698014114,"N"
264507,78,49,0,0,UP,1706746101814,"N"
264507,68,32,0,0,DOWN,1706802005514,"D"
264507,70,33,0,0,DOWN,1706897949514,"F"
264507,68,32,0,0,UP,1706913915214,"D"
264507,70,33,0,0,UP,1706969974114,"F"
264507,72,35,0,0,DOWN,1706993994214,"H"
264507,72,35,0,0,UP,1707097959614,"H"
264507,66,48,0,0,DOWN,1707098573914,"B"
264507,85,22,0,0,DOWN,1707193982714,"U"
264507,66,48,0,0,UP,1707209937314,"B"
264507,82,19,0,0,DOWN,1707297995414,"R"
264507,85,22,0,0,UP,1707306019814,"U"
264507,71,34,0,0,DOWN,1707393966514,"G"
264507,82,19,0,0,UP,1707417933514,"R"
264507,69,18,0,0,DOWN,1707497945814,"E"
264507,71,34,0,0,UP,1707505962614,"G"
264507,78,49,0,0,DOWN,1707593950714,"N"
264507,69,18,0,0,UP,1707601945214,"E"
264507,78,49,0,0,UP,1707649963114,"N"
264507,76,38,0,0,DOWN,1707697845814,"L"
264507,76,38,0,0,UP,1707753988314,"L"
264507,65,30,0,0,DOWN,1707793963714,"A"
264507,65,30,0,0,UP,1707833972714,"A"
264507,78,49,0,0,DOWN,1707897715714,"N"
264507,78,49,0,0,UP,1707953942614,"N"
264507,68,32,0,0,DOWN,1708001959514,"D"
264507,70,33,0,0,DOWN,1708097752514,"F"
264507,68,32,0,0,UP,1708105982214,"D"
264507,70,33,0,0,UP,1708170022314,"F"
264507,72,35,0,0,DOWN,1708202013914,"H"
264507,72,35,0,0,UP,1708297819414,"H"
264507,66,48,0,0,DOWN,1708298787614,"B"
264507,85,22,0,0,DOWN,1708402014614,"U"
264507,66,48,0,0,UP,1708417992414,"B"
264507,82,19,0,0,DOWN,1708497796414,"R"
264507,85,22,0,0,UP,1708506063614,"U"
264507,71,34,0,0,DOWN,1708601992714,"G"
264507,82,19,0,0,UP,1708618018014,"R"
264507,71,34,0,0,UP,1708697793614,"G"
264507,69,18,0,0,DOWN,1708698562714,"E"
264507,78,49,0,0,DOWN,1708794013414,"N"
264507,69,18,0,0,UP,1708802007914,"E"
264507,78,49,0,0,UP,1708857986314,"N"
264507,76,38,0,0,DOWN,1708897717214,"L"
264507,76,38,0,0,UP,1708953977614,"L"
264507,65,30,0,0,DOWN,1708993996814,"A"
264507,65,30,0,0,UP,1709041983814,"A"
264507,78,49,0,0,DOWN,1709097796214,"N"
264507,78,49,0,0,UP,1709138015914,"N"
264507,68,32,0,0,DOWN,1709202000314,"D"
264507,70,33,0,0,DOWN,1709297987314,"F"
264507,68,32,0,0,UP,1709314005214,"D"
264507,70,33,0,0,UP,1709369959314,"F"
264507,72,35,0,0,DOWN,1709393979014,"H"
264507,72,35,0,0,UP,1709498196614,"H"
264507,66,48,0,0,DOWN,1709499261614,"B"
264507,85,22,0,0,DOWN,1709594025614,"U"
264507,66,48,0,0,UP,1709617977614,"B"
264507,82,19,0,0,DOWN,1709698181214,"R"
264507,85,22,0,0,UP,1709705960614,"U"
264507,71,34,0,0,DOWN,1709794023414,"G"
264507,82,19,0,0,UP,1709810012114,"R"
264507,69,18,0,0,DOWN,1709898116114,"E"
264507,71,34,0,0,UP,1709906072814,"G"
264507,69,18,0,0,UP,1709993984014,"E"
264507,78,49,0,0,DOWN,1710001680614,"N"
264507,78,49,0,0,UP,1710049759214,"N"
264507,76,38,0,0,DOWN,1710098118914,"L"
264507,76,38,0,0,UP,1710153977914,"L"
264507,65,30,0,0,DOWN,1710202010114,"A"
264507,65,30,0,0,UP,1710242003214,"A"
264507,78,49,0,0,DOWN,1710298136414,"N"
264507,78,49,0,0,UP,1710353969914,"N"
264507,68,32,0,0,DOWN,1710401993214,"D"
264507,70,33,0,0,DOWN,1710497776014,"F"
264507,68,32,0,0,UP,1710505977614,"D"
264507,70,33,0,0,UP,1710577997614,"F"
264507,72,35,0,0,DOWN,1710601980614,"H"
264507,72,35,0,0,UP,1710697991514,"H"
264507,66,48,0,0,DOWN,1710698723114,"B"
264507,85,22,0,0,DOWN,1710793796614,"U"
264507,66,48,0,0,UP,1710817787214,"B"
264507,82,19,0,0,DOWN,1710898020314,"R"
264507,85,22,0,0,UP,1710906003114,"U"
264507,71,34,0,0,DOWN,1710994018814,"G"
264507,82,19,0,0,UP,1711010019814,"R"
264507,71,34,0,0,UP,1711098022014,"G"
264507,69,18,0,0,DOWN,1711098873414,"E"
264507,78,49,0,0,DOWN,1711194036914,"N"
264507,69,18,0,0,UP,1711202027314,"E"
264507,78,49,0,0,UP,1711249783914,"N"
264507,76,38,0,0,DOWN,1711298005014,"L"
264507,76,38,0,0,UP,1711353996814,"L"
264507,65,30,0,0,DOWN,1711394030914,"A"
264507,65,30,0,0,UP,1711441957814,"A"
264507,78,49,0,0,DOWN,1711498040314,"N"
264507,78,49,0,0,UP,1711545981714,"N"
264507,68,32,0,0,DOWN,1711594020814,"D"
264507,70,33,0,0,DOWN,1711698023914,"F"
264507,68,32,0,0,UP,1711705985814,"D"
264507,70,33,0,0,UP,1711770022614,"F"
264507,72,35,0,0,DOWN,1711802023414,"H"
264507,72,35,0,0,UP,1711898040414,"H"
264507,66,48,0,0,DOWN,1711898651314,"B"
264507,85,22,0,0,DOWN,1712001999214,"U"
264507,66,48,0,0,UP,1712009951514,"B"
264507,85,22,0,0,UP,1712098000014,"U"
264507,82,19,0,0,DOWN,1712098542014,"R"
264507,71,34,0,0,DOWN,1712201997614,"G"
264507,82,19,0,0,UP,1712209983614,"R"
264507,69,18,0,0,DOWN,1712298035114,"E"
264507,71,34,0,0,UP,1712305959214,"G"
264507,69,18,0,0,UP,1712401989914,"E"
264507,78,49,0,0,DOWN,1712402554314,"N"
264507,78,49,0,0,UP,1712457966214,"N"
264507,76,38,0,0,DOWN,1712497995914,"L"
264507,76,38,0,0,UP,1712554002514,"L"
264507,65,30,0,0,DOWN,1712594018914,"A"
264507,65,30,0,0,UP,1712642004414,"A"
264507,78,49,0,0,DOWN,1712698032014,"N"
264507,78,49,0,0,UP,1712753753014,"N"
264507,68,32,0,0,DOWN,1712802016314,"D"
264507,70,33,0,0,DOWN,1712898007814,"F"
264507,68,32,0,0,UP,1712914030614,"D"
264507,70,33,0,0,UP,1712970068514,"F"
264507,72,35,0,0,DOWN,1712994036414,"H"
264507,66,48,0,0,DOWN,1713097925114,"B"
264507,72,35,0,0,UP,1713105965114,"H"
264507,85,22,0,0,DOWN,1713194040114,"U"
264507,66,48,0,0,UP,1713217923714,"B"
264507,82,19,0,0,DOWN,1713298005314,"R"
264507,85,22,0,0,UP,1713305969314,"U"
264507,71,34,0,0,DOWN,1713394017414,"G"
264507,82,19,0,0,UP,1713417996814,"R"
264507,69,18,0,0,DOWN,1713498017414,"E"
264507,71,34,0,0,UP,1713506085014,"G"
264507,78,49,0,0,DOWN,1713594029214,"N"
264507,69,18,0,0,UP,1713601830514,"E"
264507,78,49,0,0,UP,1713650015814,"N"
264507,76,38,0,0,DOWN,1713698024514,"L"
264507,76,38,0,0,UP,1713754020814,"L"
264507,65,30,0,0,DOWN,1713801747214,"A"
264507,65,30,0,0,UP,1713842057014,"A"
264507,78,49,0,0,DOWN,1713898049514,"N"
264507,78,49,0,0,UP,1713946027014,"N"
264507,68,32,0,0,DOWN,1714001814514,"D"
264507,70,33,0,0,DOWN,1714098037914,"F"
264507,68,32,0,0,UP,1714106034714,"D"
264507,70,33,0,0,UP,1714162018614,"F"
264507,72,35,0,0,DOWN,1714201828414,"H"
264507,72,35,0,0,UP,1714298050214,"H"
264507,66,48,0,0,DOWN,1714306043714,"B"
264507,85,22,0,0,DOWN,1714401777714,"U"
264507,66,48,0,0,UP,1714417599414,"B"
264507,85,22,0,0,UP,1714498029814,"U"
264507,82,19,0,0,DOWN,1714498976814,"R"
264507,71,34,0,0,DOWN,1714601917914,"G"
264507,82,19,0,0,UP,1714610032214,"R"
264507,71,34,0,0,UP,1714698034014,"G"
264507,69,18,0,0,DOWN,1714699021114,"E"
264507,78,49,0,0,DOWN,1714794006114,"N"
264507,69,18,0,0,UP,1714801830514,"E"
264507,78,49,0,0,UP,1714858016414,"N"
264507,76,38,0,0,DOWN,1714898058314,"L"
264507,76,38,0,0,UP,1714953917114,"L"
264507,65,30,0,0,DOWN,1714994061914,"A"
264507,65,30,0,0,UP,1715042063214,"A"
264507,78,49,0,0,DOWN,1715098013514,"N"
264507,78,49,0,0,UP,1715154016514,"N"
264507,68,32,0,0,DOWN,1715202157114,"D"
264507,70,33,0,0,DOWN,1715298138514,"F"
264507,68,32,0,0,UP,1715306038014,"D"
264507,70,33,0,0,UP,1715370085014,"F"
264507,72,35,0,0,DOWN,1715394068514,"H"
264507,66,48,0,0,DOWN,1715497862914,"B"
264507,72,35,0,0,UP,1715506034514,"H"
264507,85,22,0,0,DOWN,1715594062914,"U"
264507,66,48,0,0,UP,1715610040314,"B"
264507,85,22,0,0,UP,1715698081914,"U"
264507,82,19,0,0,DOWN,1715698719214,"R"
264507,71,34,0,0,DOWN,1715802207014,"G"
264507,82,19,0,0,UP,1715809784314,"R"
264507,69,18,0,0,DOWN,1715898050414,"E"
264507,71,34,0,0,UP,1715906035214,"G"
264507,78,49,0,0,DOWN,1716002156314,"N"
264507,69,18,0,0,UP,1716010053214,"E"
264507,78,49,0,0,UP,1716050035914,"N"
264507,76,38,0,0,DOWN,1716097850614,"L"
264507,76,38,0,0,UP,1716145837114,"L"
264507,65,30,0,0,DOWN,1716201976614,"A"
264507,65,30,0,0,UP,1716241999914,"A"
264507,78,49,0,0,DOWN,1716298038714,"N"
264507,78,49,0,0,UP,1716346075014,"N"
264507,68,32,0,0,DOWN,1716402079314,"D"
264507,70,33,0,0,DOWN,1716498059314,"F"
264507,68,32,0,0,UP,1716514054414,"D"
264507,70,33,0,0,UP,1716569951014,"F"
264507,72,35,0,0,DOWN,1716594092014,"H"
264507,66,48,0,0,DOWN,1716698066914,"B"
264507,72,35,0,0,UP,1716714040514,"H"
264507,85,22,0,0,DOWN,1716794054614,"U"
264507,66,48,0,0,UP,1716818094614,"B"
264507,82,19,0,0,DOWN,1716898080114,"R"
264507,85,22,0,0,UP,1716906022914,"U"
264507,71,34,0,0,DOWN,1716994068314,"G"
264507,82,19,0,0,UP,1717010080614,"R"
264507,71,34,0,0,UP,1717098078814,"G"
264507,69,18,0,0,DOWN,1717098824714,"E"
264507,78,49,0,0,DOWN,1717194134414,"N"
264507,69,18,0,0,UP,1717202035014,"E"
264507,78,49,0,0,UP,1717258085714,"N"
264507,76,38,0,0,DOWN,1717298086614,"L"
264507,76,38,0,0,UP,1717353807514,"L"
264507,65,30,0,0,DOWN,1717394032414,"A"
264507,65,30,0,0,UP,1717442026114,"A"
264507,78,49,0,0,DOWN,1717498040014,"N"
264507,78,49,0,0,UP,1717546040814,"N"
264507,68,32,0,0,DOWN,1717594048314,"D"
264507,70,33,0,0,DOWN,1717697858914,"F"
264507,68,32,0,0,UP,1717705813814,"D"
264507,70,33,0,0,UP,1717770087414,"F"
264507,72,35,0,0,DOWN,1717801924814,"H"
264507,72,35,0,0,UP,1717898075714,"H"
264507,66,48,0,0,DOWN,1717898875514,"B"
264507,85,22,0,0,DOWN,1718002096014,"U"
264507,66,48,0,0,UP,1718010088014,"B"
264507,85,22,0,0,UP,1718097954314,"U"
264507,82,19,0,0,DOWN,1718099055314,"R"
264507,71,34,0,0,DOWN,1718202094814,"G"
264507,82,19,0,0,UP,1718218058114,"R"
264507,71,34,0,0,UP,1718298105514,"G"
264507,69,18,0,0,DOWN,1718299102414,"E"
264507,78,49,0,0,DOWN,1718402064814,"N"
264507,69,18,0,0,UP,1718409951814,"E"
264507,78,49,0,0,UP,1718458041314,"N"
264507,76,38,0,0,DOWN,1718498042414,"L"
264507,76,38,0,0,UP,1718554198614,"L"
264507,65,30,0,0,DOWN,1718594062314,"A"
264507,65,30,0,0,UP,1718641822814,"A"
264507,78,49,0,0,DOWN,1718698073714,"N"
264507,78,49,0,0,UP,1718754093514,"N"
264507,68,32,0,0,DOWN,1718802139914,"D"
264507,70,33,0,0,DOWN,1718898062114,"F"
264507,68,32,0,0,UP,1718914085714,"D"
264507,70,33,0,0,UP,1718978104314,"F"
264507,72,35,0,0,DOWN,1718994153714,"H"
264507,66,48,0,0,DOWN,1719098061414,"B"
264507,72,35,0,0,UP,1719105795514,"H"
264507,85,22,0,0,DOWN,1719194146314,"U"
264507,66,48,0,0,UP,1719218072714,"B"
264507,82,19,0,0,DOWN,1719298064714,"R"
264507,85,22,0,0,UP,1719305853214,"U"
264507,71,34,0,0,DOWN,1719394097414,"G"
264507,82,19,0,0,UP,1719410107214,"R"
264507,69,18,0,0,DOWN,1719498085214,"E"
264507,71,34,0,0,UP,1719505867814,"G"
264507,69,18,0,0,UP,1719602157714,"E"
264507,78,49,0,0,DOWN,1719602853014,"N"
264507,78,49,0,0,UP,1719650035514,"N"
264507,76,38,0,0,DOWN,1719697848914,"L"
264507,76,38,0,0,UP,1719754045014,"L"
264507,65,30,0,0,DOWN,1719802055714,"A"
264507,65,30,0,0,UP,1719842086114,"A"
264507,78,49,0,0,DOWN,1719898187014,"N"
264507,78,49,0,0,UP,1719946146814,"N"
264507,68,32,0,0,DOWN,1720002129314,"D"
264507,70,33,0,0,DOWN,1720098072214,"F"
264507,68,32,0,0,UP,1720105827414,"D"
264507,70,33,0,0,UP,1720170055714,"F"
264507,72,35,0,0,DOWN,1720202040514,"H"
264507,72,35,0,0,UP,1720298059314,"H"
264507,66,48,0,0,DOWN,1720305833114,"B"
264507,85,22,0,0,DOWN,1720394124714,"U"
264507,66,48,0,0,UP,1720418122414,"B"
264507,82,19,0,0,DOWN,1720498101914,"R"
264507,85,22,0,0,UP,1720505784114,"U"
264507,71,34,0,0,DOWN,1720594086714,"G"
264507,82,19,0,0,UP,1720618131014,"R"
264507,71,34,0,0,UP,1720698124414,"G"
264507,69,18,0,0,DOWN,1720698749214,"E"
264507,78,49,0,0,DOWN,1720794094414,"N"
264507,69,18,0,0,UP,1720802095314,"E"
264507,78,49,0,0,UP,1720857936914,"N"
264507,76,38,0,0,DOWN,1720898173814,"L"
264507,76,38,0,0,UP,1720954094514,"L"
264507,65,30,0,0,DOWN,1720994078814,"A"
264507,65,30,0,0,UP,1721042155214,"A"
264507,78,49,0,0,DOWN,1721098083514,"N"
264507,78,49,0,0,UP,1721154086814,"N"
264507,68,32,0,0,DOWN,1721194092014,"D"
264507,70,33,0,0,DOWN,1721298113614,"F"
264507,68,32,0,0,UP,1721306218214,"D"
264507,70,33,0,0,UP,1721378132714,"F"
264507,72,35,0,0,DOWN,1721394118814,"H"
264507,72,35,0,0,UP,1721498108714,"H"
264507,66,48,0,0,DOWN,1721499046514,"B"
264507,85,22,0,0,DOWN,1721602102914,"U"
264507,66,48,0,0,UP,1721618057814,"B"
264507,82,19,0,0,DOWN,1721698079714,"R"
264507,85,22,0,0,UP,1721705888714,"U"
264507,71,34,0,0,DOWN,1721802104614,"G"
264507,82,19,0,0,UP,1721810084814,"R"
264507,69,18,0,0,DOWN,1721898103614,"E"
264507,71,34,0,0,UP,1721906111914,"G"
264507,69,18,0,0,UP,1722002161614,"E"
264507,78,49,0,0,DOWN,1722002862814,"N"
264507,78,49,0,0,UP,1722058075914,"N"
264507,76,38,0,0,DOWN,1722097803414,"L"
264507,76,38,0,0,UP,1722146088714,"L"
264507,65,30,0,0,DOWN,1722194117914,"A"
264507,65,30,0,0,UP,1722242097114,"A"
264507,78,49,0,0,DOWN,1722298110014,"N"
264507,78,49,0,0,UP,1722346132114,"N"
264507,68,32,0,0,DOWN,1722402089014,"D"
264507,70,33,0,0,DOWN,1722498072714,"F"
264507,68,32,0,0,UP,1722514078614,"D"
264507,70,33,0,0,UP,1722570098214,"F"
264507,72,35,0,0,DOWN,1722594079714,"H"
264507,72,35,0,0,UP,1722698155614,"H"
264507,66,48,0,0,DOWN,1722698997914,"B"
264507,85,22,0,0,DOWN,1722794180414,"U"
264507,66,48,0,0,UP,1722818105814,"B"
264507,82,19,0,0,DOWN,1722898108014,"R"
264507,85,22,0,0,UP,1722906092914,"U"
264507,71,34,0,0,DOWN,1722994132614,"G"
264507,82,19,0,0,UP,1723010150014,"R"
264507,69,18,0,0,DOWN,1723098103614,"E"
264507,71,34,0,0,UP,1723106101714,"G"
264507,78,49,0,0,DOWN,1723194096614,"N"
264507,69,18,0,0,UP,1723201989014,"E"
264507,78,49,0,0,UP,1723257989914,"N"
264507,76,38,0,0,DOWN,1723298105414,"L"
264507,76,38,0,0,UP,1723354079114,"L"
264507,65,30,0,0,DOWN,1723394116814,"A"
264507,65,30,0,0,UP,1723441892114,"A"
264507,78,49,0,0,DOWN,1723497891014,"N"
264507,78,49,0,0,UP,1723554099814,"N"
264507,68,32,0,0,DOWN,1723594120814,"D"
264507,70,33,0,0,DOWN,1723698102514,"F"
264507,68,32,0,0,UP,1723706186314,"D"
264507,70,33,0,0,UP,1723770182514,"F"
264507,72,35,0,0,DOWN,1723802128314,"H"
264507,66,48,0,0,DOWN,1723898120414,"B"
264507,72,35,0,0,UP,1723906103714,"H"
264507,85,22,0,0,DOWN,1724002122514,"U"
264507,66,48,0,0,UP,1724010082414,"B"
264507,82,19,0,0,DOWN,1724098160914,"R"
264507,85,22,0,0,UP,1724105949114,"U"
264507,71,34,0,0,DOWN,1724202181114,"G"
264507,82,19,0,0,UP,1724218143414,"R"
264507,69,18,0,0,DOWN,1724298100714,"E"
264507,71,34,0,0,UP,1724306094214,"G"
264507,78,49,0,0,DOWN,1724402087414,"N"
264507,69,18,0,0,UP,1724410122114,"E"
264507,78,49,0,0,UP,1724458261414,"N"
264507,76,38,0,0,DOWN,1724498143514,"L"
264507,76,38,0,0,UP,1724554174114,"L"
264507,65,30,0,0,DOWN,1724594133414,"A"
264507,65,30,0,0,UP,1724642056114,"A"
264507,78,49,0,0,DOWN,1724698160814,"N"
264507,78,49,0,0,UP,1724746104114,"N"
264507,68,32,0,0,DOWN,1724802119014,"D"
264507,70,33,0,0,DOWN,1724898137114,"F"
264507,68,32,0,0,UP,1724906092214,"D"
264507,70,33,0,0,UP,1724970141914,"F"
264507,72,35,0,0,DOWN,1724994102614,"H"
264507,72,35,0,0,UP,1725090122014,"H"
264507,66,48,0,0,DOWN,1725098220014,"B"
264507,85,22,0,0,DOWN,1725194147314,"U"
264507,66,48,0,0,UP,1725218136014,"B"
264507,82,19,0,0,DOWN,1725298169614,"R"
264507,85,22,0,0,UP,1725306119414,"U"
264507,71,34,0,0,DOWN,1725394142114,"G"
264507,82,19,0,0,UP,1725410062414,"R"
264507,69,18,0,0,DOWN,1725498127814,"E"
264507,71,34,0,0,UP,1725505805714,"G"
264507,69,18,0,0,UP,1725594154314,"E"
264507,78,49,0,0,DOWN,1725594971114,"N"
264507,78,49,0,0,UP,1725658153014,"N"
264507,76,38,0,0,DOWN,1725698109614,"L"
264507,76,38,0,0,UP,1725754098514,"L"
264507,65,30,0,0,DOWN,1725802150514,"A"
264507,65,30,0,0,UP,1725842157414,"A"
264507,78,49,0,0,DOWN,1725898192514,"N"
264507,78,49,0,0,UP,1725962115914,"N"
264507,68,32,0,0,DOWN,1726002097914,"D"
264507,70,33,0,0,DOWN,1726098135314,"F"
264507,68,32,0,0,UP,1726106092614,"D"
264507,70,33,0,0,UP,1726178126214,"F"
264507,72,35,0,0,DOWN,1726202167214,"H"
264507,72,35,0,0,UP,1726297962214,"H"
264507,66,48,0,0,DOWN,1726298753714,"B"
264507,85,22,0,0,DOWN,1726402139114,"U"
264507,66,48,0,0,UP,1726418149814,"B"
264507,82,19,0,0,DOWN,1726498138614,"R"
264507,85,22,0,0,UP,1726506138014,"U"
264507,71,34,0,0,DOWN,1726602165014,"G"
264507,82,19,0,0,UP,1726618109514,"R"
264507,69,18,0,0,DOWN,1726698171014,"E"
264507,71,34,0,0,UP,1726706129314,"G"
264507,78,49,0,0,DOWN,1726793911714,"N"
264507,69,18,0,0,UP,1726802127314,"E"
264507,78,49,0,0,UP,1726857900414,"N"
264507,76,38,0,0,DOWN,1726898149914,"L"
264507,76,38,0,0,UP,1726954122414,"L"
264507,65,30,0,0,DOWN,1726993969714,"A"
264507,65,30,0,0,UP,1727042151914,"A"
264507,78,49,0,0,DOWN,1727098174114,"N"
264507,78,49,0,0,UP,1727146124714,"N"
264507,68,32,0,0,DOWN,1727202160714,"D"
264507,70,33,0,0,DOWN,1727298155914,"F"
264507,68,32,0,0,UP,1727314130614,"D"
264507,70,33,0,0,UP,1727370160014,"F"
264507,72,35,0,0,DOWN,1727393914214,"H"
264507,72,35,0,0,UP,1727498147914,"H"
264507,66,48,0,0,DOWN,1727499052114,"B"
264507,85,22,0,0,DOWN,1727594039514,"U"
264507,66,48,0,0,UP,1727618146514,"B"
264507,82,19,0,0,DOWN,1727698128614,"R"
264507,85,22,0,0,UP,1727706167414,"U"
264507,71,34,0,0,DOWN,1727794170714,"G"
264507,82,19,0,0,UP,1727810168214,"R"
264507,71,34,0,0,UP,1727897921414,"G"
264507,69,18,0,0,DOWN,1727898903714,"E"
264507,78,49,0,0,DOWN,1728002158214,"N"
264507,69,18,0,0,UP,1728010148114,"E"
264507,78,49,0,0,UP,1728066131114,"N"
264507,76,38,0,0,DOWN,1728098135714,"L"
264507,76,38,0,0,UP,1728154159714,"L"
264507,65,30,0,0,DOWN,1728202182614,"A"
264507,65,30,0,0,UP,1728241933914,"A"
264507,78,49,0,0,DOWN,1728298127814,"N"
264507,78,49,0,0,UP,1728361926314,"N"
264507,68,32,0,0,DOWN,1728402136714,"D"
264507,70,33,0,0,DOWN,1728498143214,"F"
264507,68,32,0,0,UP,1728506151014,"D"
264507,70,33,0,0,UP,1728570163614,"F"
264507,72,35,0,0,DOWN,1728602154114,"H"
264507,72,35,0,0,UP,1728698085214,"H"
264507,66,48,0,0,DOWN,1728698519714,"B"
264507,85,22,0,0,DOWN,1728794105314,"U"
264507,66,48,0,0,UP,1728818100614,"B"
264507,82,19,0,0,DOWN,1728898131714,"R"
264507,85,22,0,0,UP,1728906120814,"U"
264507,71,34,0,0,DOWN,1728994179314,"G"
264507,82,19,0,0,UP,1729018146314,"R"
264507,69,18,0,0,DOWN,1729098035414,"E"
264507,71,34,0,0,UP,1729106147814,"G"
264507,78,49,0,0,DOWN,1729194168014,"N"
264507,69,18,0,0,UP,1729202194914,"E"
264507,78,49,0,0,UP,1729258165614,"N"
264507,76,38,0,0,DOWN,1729298188314,"L"
264507,76,38,0,0,UP,1729354170114,"L"
264507,65,30,0,0,DOWN,1729393935714,"A"
264507,65,30,0,0,UP,1729442168914,"A"
264507,78,49,0,0,DOWN,1729498185714,"N"
264507,78,49,0,0,UP,1729545936314,"N"
264507,68,32,0,0,DOWN,1729594191814,"D"
264507,70,33,0,0,DOWN,1729698189514,"F"
264507,68,32,0,0,UP,1729706149114,"D"
264507,70,33,0,0,UP,1729770129814,"F"
264507,72,35,0,0,DOWN,1729794133414,"H"
264507,72,35,0,0,UP,1729890124414,"H"
264507,66,48,0,0,DOWN,1729898156014,"B"
264507,85,22,0,0,DOWN,1730002151414,"U"
264507,66,48,0,0,UP,1730018249214,"B"
264507,82,19,0,0,DOWN,1730098079914,"R"
264507,85,22,0,0,UP,1730106160914,"U"
264507,71,34,0,0,DOWN,1730202036714,"G"
264507,82,19,0,0,UP,1730210132414,"R"
264507,69,18,0,0,DOWN,1730298196614,"E"
264507,71,34,0,0,UP,1730306160514,"G"
264507,78,49,0,0,DOWN,1730402207614,"N"
264507,69,18,0,0,UP,1730410156114,"E"
264507,78,49,0,0,UP,1730458201414,"N"
264507,76,38,0,0,DOWN,1730498240214,"L"
264507,76,38,0,0,UP,1730554167614,"L"
264507,65,30,0,0,DOWN,1730602226314,"A"
264507,65,30,0,0,UP,1730642164514,"A"
264507,78,49,0,0,DOWN,1730698192714,"N"
264507,78,49,0,0,UP,1730762167114,"N"
264507,68,32,0,0,DOWN,1730802215714,"D"
264507,70,33,0,0,DOWN,1730898153014,"F"
264507,68,32,0,0,UP,1730905875114,"D"
264507,70,33,0,0,UP,1730978417314,"F"
264507,72,35,0,0,DOWN,1731002172214,"H"
264507,72,35,0,0,UP,1731097896814,"H"
264507,66,48,0,0,DOWN,1731098922414,"B"
264507,85,22,0,0,DOWN,1731194162214,"U"
264507,66,48,0,0,UP,1731218127314,"B"
264507,82,19,0,0,DOWN,1731298162714,"R"
264507,85,22,0,0,UP,1731306300514,"U"
264507,71,34,0,0,DOWN,1731394214814,"G"
264507,82,19,0,0,UP,1731418186314,"R"
264507,71,34,0,0,UP,1731498173814,"G"
264507,69,18,0,0,DOWN,1731498893714,"E"
264507,78,49,0,0,DOWN,1731594173214,"N"
264507,69,18,0,0,UP,1731610208014,"E"
264507,78,49,0,0,UP,1731658216714,"N"
264507,76,38,0,0,DOWN,1731698084714,"L"
264507,76,38,0,0,UP,1731754157114,"L"
264507,65,30,0,0,DOWN,1731794209714,"A"
264507,65,30,0,0,UP,1731842189414,"A"
264507,78,49,0,0,DOWN,1731897952914,"N"
264507,78,49,0,0,UP,1731954164614,"N"
264507,68,32,0,0,DOWN,1731994243314,"D"
264507,70,33,0,0,DOWN,1732097906214,"F"
264507,68,32,0,0,UP,1732106137914,"D"
264507,70,33,0,0,UP,1732170191214,"F"
264507,72,35,0,0,DOWN,1732194239314,"H"
264507,72,35,0,0,UP,1732297977314,"H"
264507,66,48,0,0,DOWN,1732298758914,"B"
264507,85,22,0,0,DOWN,1732402195614,"U"
264507,66,48,0,0,UP,1732418147314,"B"
264507,82,19,0,0,DOWN,1732497969214,"R"
264507,85,22,0,0,UP,1732506154814,"U"
264507,71,34,0,0,DOWN,1732602211514,"G"
264507,82,19,0,0,UP,1732610213114,"R"
264507,69,18,0,0,DOWN,1732698112714,"E"
264507,71,34,0,0,UP,1732706173514,"G"
264507,78,49,0,0,DOWN,1732802183414,"N"
264507,69,18,0,0,UP,1732810156114,"E"
264507,78,49,0,0,UP,1732858177814,"N"
264507,76,38,0,0,DOWN,1732897983314,"L"
264507,76,38,0,0,UP,1732953951414,"L"
264507,65,30,0,0,DOWN,1732994209014,"A"
264507,65,30,0,0,UP,1733042189514,"A"
264507,78,49,0,0,DOWN,1733097915414,"N"
264507,78,49,0,0,UP,1733154159314,"N"
264507,68,32,0,0,DOWN,1733202203914,"D"
264507,70,33,0,0,DOWN,1733298042914,"F"
264507,68,32,0,0,UP,1733314208114,"D"
264507,70,33,0,0,UP,1733370200814,"F"
264507,72,35,0,0,DOWN,1733394208714,"H"
264507,66,48,0,0,DOWN,1733498185814,"B"
264507,72,35,0,0,UP,1733506203714,"H"
264507,85,22,0,0,DOWN,1733594241514,"U"
264507,66,48,0,0,UP,1733618174514,"B"
264507,82,19,0,0,DOWN,1733698353114,"R"
264507,85,22,0,0,UP,1733705860014,"U"
264507,71,34,0,0,DOWN,1733794165014,"G"
264507,82,19,0,0,UP,1733810146714,"R"
264507,69,18,0,0,DOWN,1733898284914,"E"
264507,71,34,0,0,UP,1733905902314,"G"
264507,78,49,0,0,DOWN,1733994147814,"N"
264507,69,18,0,0,UP,1734001903714,"E"
264507,78,49,0,0,UP,1734058310914,"N"
264507,76,38,0,0,DOWN,1734098323314,"L"
264507,76,38,0,0,UP,1734146241914,"L"
264507,65,30,0,0,DOWN,1734194206614,"A"
264507,65,30,0,0,UP,1734242200614,"A"
264507,78,49,0,0,DOWN,1734298229014,"N"
264507,78,49,0,0,UP,1734354169614,"N"
264507,68,32,0,0,DOWN,1734402211914,"D"
264507,70,33,0,0,DOWN,1734498195214,"F"
264507,68,32,0,0,UP,1734506234914,"D"
264507,70,33,0,0,UP,1734570216114,"F"
264507,72,35,0,0,DOWN,1734602266714,"H"
264507,72,35,0,0,UP,1734698249514,"H"
264507,66,48,0,0,DOWN,1734698925114,"B"
264507,85,22,0,0,DOWN,1734802208014,"U"
264507,66,48,0,0,UP,1734818163714,"B"
264507,85,22,0,0,UP,1734898180914,"U"
264507,82,19,0,0,DOWN,1734899236814,"R"
264507,71,34,0,0,DOWN,1735002249714,"G"
264507,82,19,0,0,UP,1735018216314,"R"
264507,71,34,0,0,UP,1735098224614,"G"
264507,69,18,0,0,DOWN,1735099044114,"E"
264507,78,49,0,0,DOWN,1735202169114,"N"
264507,69,18,0,0,UP,1735210182114,"E"
264507,78,49,0,0,UP,1735258278514,"N"
264507,76,38,0,0,DOWN,1735298192914,"L"
264507,76,38,0,0,UP,1735354179314,"L"
264507,65,30,0,0,DOWN,1735394211414,"A"
264507,65,30,0,0,UP,1735442204914,"A"
264507,78,49,0,0,DOWN,1735498186214,"N"
264507,78,49,0,0,UP,1735562190214,"N"
264507,68,32,0,0,DOWN,1735602212414,"D"
264507,70,33,0,0,DOWN,1735698276714,"F"
264507,68,32,0,0,UP,1735713944014,"D"
264507,70,33,0,0,UP,1735770190614,"F"
264507,72,35,0,0,DOWN,1735794281614,"H"
264507,72,35,0,0,UP,1735898202814,"H"
264507,66,48,0,0,DOWN,1735898785714,"B"
264507,85,22,0,0,DOWN,1735994186514,"U"
264507,66,48,0,0,UP,1736010195514,"B"
264507,82,19,0,0,DOWN,1736098263814,"R"
264507,85,22,0,0,UP,1736106209614,"U"
264507,71,34,0,0,DOWN,1736194209914,"G"
264507,82,19,0,0,UP,1736217977014,"R"
264507,69,18,0,0,DOWN,1736298299814,"E"
264507,71,34,0,0,UP,1736306200214,"G"
264507,78,49,0,0,DOWN,1736402185314,"N"
264507,69,18,0,0,UP,1736410229614,"E"
264507,78,49,0,0,UP,1736458196114,"N"
264507,76,38,0,0,DOWN,1736498198614,"L"
264507,76,38,0,0,UP,1736554173314,"L"
264507,65,30,0,0,DOWN,1736602237814,"A"
264507,65,30,0,0,UP,1736642185914,"A"
264507,78,49,0,0,DOWN,1736698227114,"N"
264507,78,49,0,0,UP,1736754233114,"N"
264507,68,32,0,0,DOWN,1736802205514,"D"
264507,70,33,0,0,DOWN,1736898225814,"F"
264507,68,32,0,0,UP,1736906189714,"D"
264507,70,33,0,0,UP,1736970274914,"F"
264507,72,35,0,0,DOWN,1737002266814,"H"
264507,72,35,0,0,UP,1737098016414,"H"
264507,66,48,0,0,DOWN,1737099278914,"B"
264507,85,22,0,0,DOWN,1737202216814,"U"
264507,66,48,0,0,UP,1737218018914,"B"
264507,82,19,0,0,DOWN,1737298254114,"R"
264507,85,22,0,0,UP,1737306210214,"U"
264507,71,34,0,0,DOWN,1737402188914,"G"
264507,82,19,0,0,UP,1737418038614,"R"
264507,71,34,0,0,UP,1737498234214,"G"
264507,69,18,0,0,DOWN,1737499114814,"E"
264507,78,49,0,0,DOWN,1737594261414,"N"
264507,69,18,0,0,UP,1737601999414,"E"
264507,78,49,0,0,UP,1737658233614,"N"
264507,76,38,0,0,DOWN,1737698241414,"L"
264507,76,38,0,0,UP,1737754248514,"L"
264507,65,30,0,0,DOWN,1737794209114,"A"
264507,65,30,0,0,UP,1737842239714,"A"
264507,78,49,0,0,DOWN,1737898225814,"N"
264507,78,49,0,0,UP,1737954081514,"N"
264507,68,32,0,0,DOWN,1738002204314,"D"
264507,70,33,0,0,DOWN,1738098241214,"F"
264507,68,32,0,0,UP,1738106298614,"D"
264507,70,33,0,0,UP,1738170228714,"F"
264507,72,35,0,0,DOWN,1738194190014,"H"
264507,66,48,0,0,DOWN,1738298270314,"B"
264507,72,35,0,0,UP,1738306246914,"H"
264507,85,22,0,0,DOWN,1738394282414,"U"
264507,66,48,0,0,UP,1738418239914,"B"
264507,82,19,0,0,DOWN,1738498256714,"R"
264507,85,22,0,0,UP,1738506224014,"U"
264507,71,34,0,0,DOWN,1738594229114,"G"
264507,82,19,0,0,UP,1738610241914,"R"
264507,69,18,0,0,DOWN,1738698266314,"E"
264507,71,34,0,0,UP,1738706235914,"G"
264507,69,18,0,0,UP,1738802139514,"E"
264507,78,49,0,0,DOWN,1738803119914,"N"
264507,78,49,0,0,UP,1738858236814,"N"
264507,76,38,0,0,DOWN,1738898273314,"L"
264507,76,38,0,0,UP,1738954236214,"L"
264507,65,30,0,0,DOWN,1739002157514,"A"
264507,65,30,0,0,UP,1739042249114,"A"
264507,78,49,0,0,DOWN,1739098241714,"N"
264507,78,49,0,0,UP,1739162218914,"N"
264507,68,32,0,0,DOWN,1739202201614,"D"
264507,70,33,0,0,DOWN,1739298226214,"F"
264507,68,32,0,0,UP,1739306207114,"D"
264507,70,33,0,0,UP,1739370258414,"F"
264507,72,35,0,0,DOWN,1739402301314,"H"
264507,72,35,0,0,UP,1739498283714,"H"
264507,66,48,0,0,DOWN,1739506259414,"B"
264507,85,22,0,0,DOWN,1739602302614,"U"
264507,66,48,0,0,UP,1739618281614,"B"
264507,82,19,0,0,DOWN,1739698265414,"R"
264507,85,22,0,0,UP,1739714239014,"U"
264507,71,34,0,0,DOWN,1739801944314,"G"
264507,82,19,0,0,UP,1739809919614,"R"
264507,69,18,0,0,DOWN,1739897847914,"E"
264507,71,34,0,0,UP,1739905755714,"G"
264507,78,49,0,0,DOWN,1739993838014,"N"
264507,69,18,0,0,UP,1740001815714,"E"
264507,78,49,0,0,UP,1740057751714,"N"
264507,76,38,0,0,DOWN,1740097825914,"L"
264507,76,38,0,0,UP,1740153946414,"L"
264507,65,30,0,0,DOWN,1740193801014,"A"
264507,65,30,0,0,UP,1740241798714,"A"
264507,78,49,0,0,DOWN,1740298149114,"N"
264507,78,49,0,0,UP,1740354060014,"N"
264507,68,32,0,0,DOWN,1740402047414,"D"
264507,70,33,0,0,DOWN,1740498261714,"F"
264507,68,32,0,0,UP,1740506263414,"D"
264507,70,33,0,0,UP,1740570018414,"F"
264507,72,35,0,0,DOWN,1740594228014,"H"
264507,66,48,0,0,DOWN,1740698302814,"B"
264507,72,35,0,0,UP,1740706223014,"H"
264507,85,22,0,0,DOWN,1740794234714,"U"
264507,66,48,0,0,UP,1740818262414,"B"
264507,82,19,0,0,DOWN,1740898297314,"R"
264507,85,22,0,0,UP,1740906283414,"U"
264507,71,34,0,0,DOWN,1741002273314,"G"
264507,82,19,0,0,UP,1741018202714,"R"
264507,69,18,0,0,DOWN,1741098285814,"E"
264507,71,34,0,0,UP,1741106049214,"G"
264507,69,18,0,0,UP,1741202300714,"E"
264507,78,49,0,0,DOWN,1741203102814,"N"
264507,78,49,0,0,UP,1741258226714,"N"
264507,76,38,0,0,DOWN,1741298295614,"L"
264507,76,38,0,0,UP,1741346274114,"L"
264507,65,30,0,0,DOWN,1741402263014,"A"
264507,65,30,0,0,UP,1741442260414,"A"
264507,78,49,0,0,DOWN,1741498301614,"N"
264507,78,49,0,0,UP,1741562267314,"N"
264507,68,32,0,0,DOWN,1741602292914,"D"
264507,70,33,0,0,DOWN,1741698248314,"F"
264507,68,32,0,0,UP,1741705985614,"D"
264507,70,33,0,0,UP,1741770380814,"F"
264507,72,35,0,0,DOWN,1741802285314,"H"
264507,72,35,0,0,UP,1741898013114,"H"
264507,66,48,0,0,DOWN,1741899050714,"B"
264507,85,22,0,0,DOWN,1741994305114,"U"
264507,66,48,0,0,UP,1742018298614,"B"
264507,82,19,0,0,DOWN,1742098049614,"R"
264507,85,22,0,0,UP,1742106034714,"U"
264507,71,34,0,0,DOWN,1742194309314,"G"
264507,82,19,0,0,UP,1742218282214,"R"
264507,69,18,0,0,DOWN,1742298279314,"E"
264507,71,34,0,0,UP,1742306065714,"G"
264507,78,49,0,0,DOWN,1742394065114,"N"
264507,69,18,0,0,UP,1742402302114,"E"
264507,78,49,0,0,UP,1742458225214,"N"
264507,76,38,0,0,DOWN,1742498243514,"L"
264507,76,38,0,0,UP,1742554411914,"L"
264507,65,30,0,0,DOWN,1742594261914,"A"
264507,65,30,0,0,UP,1742642244614,"A"
264507,78,49,0,0,DOWN,1742698271614,"N"
264507,78,49,0,0,UP,1742754436514,"N"
264507,68,32,0,0,DOWN,1742794291714,"D"
264507,70,33,0,0,DOWN,1742898275914,"F"
264507,68,32,0,0,UP,1742906033614,"D"
264507,70,33,0,0,UP,1742970261814,"F"
264507,72,35,0,0,DOWN,1742994270614,"H"
264507,72,35,0,0,UP,1743098304014,"H"
264507,66,48,0,0,DOWN,1743099073014,"B"
264507,85,22,0,0,DOWN,1743202098714,"U"
264507,66,48,0,0,UP,1743218035714,"B"
264507,82,19,0,0,DOWN,1743298251314,"R"
264507,85,22,0,0,UP,1743306154414,"U"
264507,71,34,0,0,DOWN,1743402242014,"G"
264507,82,19,0,0,UP,1743410248414,"R"
264507,69,18,0,0,DOWN,1743498265714,"E"
264507,71,34,0,0,UP,1743506145914,"G"
264507,69,18,0,0,UP,1743602296114,"E"
264507,78,49,0,0,DOWN,1743603218614,"N"
264507,78,49,0,0,UP,1743658265114,"N"
264507,76,38,0,0,DOWN,1743698291514,"L"
264507,76,38,0,0,UP,1743754320914,"L"
264507,65,30,0,0,DOWN,1743794287114,"A"
264507,65,30,0,0,UP,1743842501814,"A"
264507,78,49,0,0,DOWN,1743898271514,"N"
264507,78,49,0,0,UP,1743962264014,"N"
264507,68,32,0,0,DOWN,1744002290014,"D"
264507,70,33,0,0,DOWN,1744098258214,"F"
264507,68,32,0,0,UP,1744114298914,"D"
264507,70,33,0,0,UP,1744178356414,"F"
264507,72,35,0,0,DOWN,1744194314114,"H"
264507,72,35,0,0,UP,1744298302414,"H"
264507,66,48,0,0,DOWN,1744299276614,"B"
264507,85,22,0,0,DOWN,1744394299414,"U"
264507,66,48,0,0,UP,1744418281314,"B"
264507,82,19,0,0,DOWN,1744498272614,"R"
264507,85,22,0,0,UP,1744506210114,"U"
264507,71,34,0,0,DOWN,1744594305114,"G"
264507,82,19,0,0,UP,1744610256114,"R"
264507,69,18,0,0,DOWN,1744698254714,"E"
264507,71,34,0,0,UP,1744706050314,"G"
264507,78,49,0,0,DOWN,1744794276814,"N"
264507,69,18,0,0,UP,1744810243614,"E"
264507,78,49,0,0,UP,1744858002414,"N"
264507,76,38,0,0,DOWN,1744898312414,"L"
264507,76,38,0,0,UP,1744954296514,"L"
264507,65,30,0,0,DOWN,1744994276514,"A"
264507,65,30,0,0,UP,1745042328714,"A"
264507,78,49,0,0,DOWN,1745098342714,"N"
264507,78,49,0,0,UP,1745154330214,"N"
264507,68,32,0,0,DOWN,1745194262914,"D"
264507,70,33,0,0,DOWN,1745298264814,"F"
264507,68,32,0,0,UP,1745306347514,"D"
264507,70,33,0,0,UP,1745370286214,"F"
264507,72,35,0,0,DOWN,1745402260314,"H"
264507,72,35,0,0,UP,1745498323714,"H"
264507,66,48,0,0,DOWN,1745499179614,"B"
264507,85,22,0,0,DOWN,1745602297814,"U"
264507,66,48,0,0,UP,1745610292214,"B"
264507,82,19,0,0,DOWN,1745697971214,"R"
264507,85,22,0,0,UP,1745706409414,"U"
264507,71,34,0,0,DOWN,1745802276614,"G"
264507,82,19,0,0,UP,1745818270614,"R"
264507,69,18,0,0,DOWN,1745898300114,"E"
264507,71,34,0,0,UP,1745905989414,"G"
264507,69,18,0,0,UP,1746002297214,"E"
264507,78,49,0,0,DOWN,1746003176214,"N"
264507,78,49,0,0,UP,1746058182614,"N"
264507,76,38,0,0,DOWN,1746098049014,"L"
264507,76,38,0,0,UP,1746154028914,"L"
264507,65,30,0,0,DOWN,1746194221414,"A"
264507,65,30,0,0,UP,1746242243314,"A"
264507,78,49,0,0,DOWN,1746298314514,"N"
264507,78,49,0,0,UP,1746362307614,"N"
264507,68,32,0,0,DOWN,1746402312514,"D"
264507,70,33,0,0,DOWN,1746498315514,"F"
264507,68,32,0,0,UP,1746514316714,"D"
264507,70,33,0,0,UP,1746578435614,"F"
264507,72,35,0,0,DOWN,1746594313614,"H"
264507,66,48,0,0,DOWN,1746698105314,"B"
264507,72,35,0,0,UP,1746706271614,"H"
264507,85,22,0,0,DOWN,1746794289914,"U"
264507,66,48,0,0,UP,1746818372414,"B"
264507,82,19,0,0,DOWN,1746898369014,"R"
264507,85,22,0,0,UP,1746906312814,"U"
264507,71,34,0,0,DOWN,1746994008114,"G"
264507,82,19,0,0,UP,1747010306614,"R"
264507,69,18,0,0,DOWN,1747098206714,"E"
264507,71,34,0,0,UP,1747106246114,"G"
264507,78,49,0,0,DOWN,1747193937414,"N"
264507,69,18,0,0,UP,1747209805514,"E"
264507,78,49,0,0,UP,1747258035914,"N"
264507,76,38,0,0,DOWN,1747298016314,"L"
264507,76,38,0,0,UP,1747354027814,"L"
264507,65,30,0,0,DOWN,1747402067414,"A"
264507,65,30,0,0,UP,1747442075914,"A"
264507,78,49,0,0,DOWN,1747497919714,"N"
264507,78,49,0,0,UP,1747562093314,"N"
264507,68,32,0,0,DOWN,1747602040814,"D"
264507,70,33,0,0,DOWN,1747697986514,"F"
264507,68,32,0,0,UP,1747705971914,"D"
264507,70,33,0,0,UP,1747762294914,"F"
264507,72,35,0,0,DOWN,1747802056714,"H"
264507,72,35,0,0,UP,1747898189814,"H"
264507,66,48,0,0,DOWN,1747899119414,"B"
264507,85,22,0,0,DOWN,1748002329514,"U"
264507,66,48,0,0,UP,1748018084214,"B"
264507,82,19,0,0,DOWN,1748098330614,"R"
264507,85,22,0,0,UP,1748106319914,"U"
264507,71,34,0,0,DOWN,1748202368614,"G"
264507,82,19,0,0,UP,1748210102514,"R"
264507,71,34,0,0,UP,1748298313114,"G"
264507,69,18,0,0,DOWN,1748299311614,"E"
264507,78,49,0,0,DOWN,1748394093714,"N"
264507,69,18,0,0,UP,1748402346114,"E"
264507,78,49,0,0,UP,1748458466914,"N"
264507,76,38,0,0,DOWN,1748498376114,"L"
264507,76,38,0,0,UP,1748554331814,"L"
264507,65,30,0,0,DOWN,1748594338114,"A"
264507,65,30,0,0,UP,1748642155914,"A"
264507,78,49,0,0,DOWN,1748698284514,"N"
264507,78,49,0,0,UP,1748762296214,"N"
264507,68,32,0,0,DOWN,1748802304414,"D"
264507,70,33,0,0,DOWN,1748898324914,"F"
264507,68,32,0,0,UP,1748914291114,"D"
264507,70,33,0,0,UP,1748970125314,"F"
264507,72,35,0,0,DOWN,1748994305714,"H"
264507,66,48,0,0,DOWN,1749098300714,"B"
264507,72,35,0,0,UP,1749106251714,"H"
264507,85,22,0,0,DOWN,1749194302014,"U"
264507,66,48,0,0,UP,1749218332914,"B"
264507,82,19,0,0,DOWN,1749298345214,"R"
264507,85,22,0,0,UP,1749306351414,"U"
264507,71,34,0,0,DOWN,1749394306214,"G"
264507,82,19,0,0,UP,1749418370814,"R"
264507,69,18,0,0,DOWN,1749498302714,"E"
264507,71,34,0,0,UP,1749506333914,"G"
264507,78,49,0,0,DOWN,1749602337714,"N"
264507,69,18,0,0,UP,1749610175414,"E"
264507,78,49,0,0,UP,1749658311414,"N"
264507,76,38,0,0,DOWN,1749698338414,"L"
264507,76,38,0,0,UP,1749754379614,"L"
264507,65,30,0,0,DOWN,1749802336814,"A"
264507,65,30,0,0,UP,1749842442814,"A"
264507,78,49,0,0,DOWN,1749898342014,"N"
264507,78,49,0,0,UP,1749962301114,"N"
264507,68,32,0,0,DOWN,1750002362114,"D"
264507,70,33,0,0,DOWN,1750098265814,"F"
264507,68,32,0,0,UP,1750106295914,"D"
264507,70,33,0,0,UP,1750170307414,"F"
264507,72,35,0,0,DOWN,1750202356714,"H"
264507,72,35,0,0,UP,1750298307814,"H"
264507,66,48,0,0,DOWN,1750298984314,"B"
264507,85,22,0,0,DOWN,1750402352714,"U"
264507,66,48,0,0,UP,1750418346114,"B"
264507,82,19,0,0,DOWN,1750498341814,"R"
264507,85,22,0,0,UP,1750514341314,"U"
264507,71,34,0,0,DOWN,1750602342214,"G"
264507,82,19,0,0,UP,1750618339814,"R"
264507,69,18,0,0,DOWN,1750698305114,"E"
264507,71,34,0,0,UP,1750714181414,"G"
264507,78,49,0,0,DOWN,1750794036314,"N"
264507,69,18,0,0,UP,1750802273114,"E"
264507,78,49,0,0,UP,1750858309814,"N"
264507,76,38,0,0,DOWN,1750898397614,"L"
264507,76,38,0,0,UP,1750954396814,"L"
264507,65,30,0,0,DOWN,1750994145014,"A"
264507,65,30,0,0,UP,1751050394214,"A"
264507,78,49,0,0,DOWN,1751098085114,"N"
264507,78,49,0,0,UP,1751162314814,"N"
264507,68,32,0,0,DOWN,1751202349714,"D"
264507,70,33,0,0,DOWN,1751298353914,"F"
264507,68,32,0,0,UP,1751314132914,"D"
264507,70,33,0,0,UP,1751370351614,"F"
264507,72,35,0,0,DOWN,1751394149014,"H"
264507,66,48,0,0,DOWN,1751498372114,"B"
264507,72,35,0,0,UP,1751506300214,"H"
264507,85,22,0,0,DOWN,1751594211114,"U"
264507,66,48,0,0,UP,1751618300814,"B"
264507,82,19,0,0,DOWN,1751698429114,"R"
264507,85,22,0,0,UP,1751706403914,"U"
264507,71,34,0,0,DOWN,1751802344014,"G"
264507,82,19,0,0,UP,1751810397014,"R"
264507,69,18,0,0,DOWN,1751898346814,"E"
264507,71,34,0,0,UP,1751906398414,"G"
264507,78,49,0,0,DOWN,1752002376614,"N"
264507,69,18,0,0,UP,1752010372514,"E"
264507,78,49,0,0,UP,1752058336614,"N"
264507,76,38,0,0,DOWN,1752098146614,"L"
264507,76,38,0,0,UP,1752154340314,"L"
264507,65,30,0,0,DOWN,1752202164914,"A"
264507,65,30,0,0,UP,1752242356614,"A"
264507,78,49,0,0,DOWN,1752298342614,"N"
264507,78,49,0,0,UP,1752362156214,"N"
264507,68,32,0,0,DOWN,1752402360714,"D"
264507,70,33,0,0,DOWN,1752498352514,"F"
264507,68,32,0,0,UP,1752506364714,"D"
264507,70,33,0,0,UP,1752570332014,"F"
264507,72,35,0,0,DOWN,1752602335414,"H"
264507,72,35,0,0,UP,1752698384814,"H"
264507,66,48,0,0,DOWN,1752699386914,"B"
264507,85,22,0,0,DOWN,1752802368514,"U"
264507,66,48,0,0,UP,1752818313714,"B"
264507,82,19,0,0,DOWN,1752898318514,"R"
264507,85,22,0,0,UP,1752906190214,"U"
264507,71,34,0,0,DOWN,1752994336514,"G"
264507,82,19,0,0,UP,1753018314914,"R"
264507,69,18,0,0,DOWN,1753098340714,"E"
264507,71,34,0,0,UP,1753106355814,"G"
264507,69,18,0,0,UP,1753194374014,"E"
264507,78,49,0,0,DOWN,1753195387214,"N"
264507,78,49,0,0,UP,1753258361714,"N"
264507,76,38,0,0,DOWN,1753298377814,"L"
264507,76,38,0,0,UP,1753354066814,"L"
264507,65,30,0,0,DOWN,1753394373914,"A"
264507,65,30,0,0,UP,1753442363814,"A"
264507,78,49,0,0,DOWN,1753498379814,"N"
264507,78,49,0,0,UP,1753554303514,"N"
264507,68,32,0,0,DOWN,1753594392014,"D"
264507,70,33,0,0,DOWN,1753698371514,"F"
264507,68,32,0,0,UP,1753706389714,"D"
264507,70,33,0,0,UP,1753770361814,"F"
264507,72,35,0,0,DOWN,1753794374214,"H"
264507,72,35,0,0,UP,1753890367314,"H"
264507,66,48,0,0,DOWN,1753898374414,"B"
264507,85,22,0,0,DOWN,1754002313014,"U"
264507,66,48,0,0,UP,1754010235314,"B"
264507,82,19,0,0,DOWN,1754098404314,"R"
264507,85,22,0,0,UP,1754106387214,"U"
264507,71,34,0,0,DOWN,1754202331314,"G"
264507,82,19,0,0,UP,1754210315614,"R"
264507,69,18,0,0,DOWN,1754298347714,"E"
264507,71,34,0,0,UP,1754306302514,"G"
264507,78,49,0,0,DOWN,1754402368914,"N"
264507,69,18,0,0,UP,1754410407514,"E"
264507,78,49,0,0,UP,1754458280814,"N"
264507,76,38,0,0,DOWN,1754498370714,"L"
264507,76,38,0,0,UP,1754562473914,"L"
264507,65,30,0,0,DOWN,1754602380414,"A"
264507,65,30,0,0,UP,1754642399114,"A"
264507,78,49,0,0,DOWN,1754698339914,"N"
264507,78,49,0,0,UP,1754762399214,"N"
264507,68,32,0,0,DOWN,1754802381214,"D"
264507,70,33,0,0,DOWN,1754898487714,"F"
264507,68,32,0,0,UP,1754914135814,"D"
264507,70,33,0,0,UP,1754970130414,"F"
264507,72,35,0,0,DOWN,1755002414914,"H"
264507,72,35,0,0,UP,1755098387414,"H"
264507,66,48,0,0,DOWN,1755099189514,"B"
264507,85,22,0,0,DOWN,1755194393514,"U"
264507,66,48,0,0,UP,1755218386114,"B"
264507,82,19,0,0,DOWN,1755298416014,"R"
264507,85,22,0,0,UP,1755306377214,"U"
264507,71,34,0,0,DOWN,1755394382514,"G"
264507,82,19,0,0,UP,1755418422514,"R"
264507,69,18,0,0,DOWN,1755498407414,"E"
264507,71,34,0,0,UP,1755506384314,"G"
264507,69,18,0,0,UP,1755594386814,"E"
264507,78,49,0,0,DOWN,1755595298214,"N"
264507,78,49,0,0,UP,1755658130014,"N"
264507,76,38,0,0,DOWN,1755698341114,"L"
264507,76,38,0,0,UP,1755754354414,"L"
264507,65,30,0,0,DOWN,1755794388814,"A"
264507,65,30,0,0,UP,1755842406814,"A"
264507,78,49,0,0,DOWN,1755898363914,"N"
264507,78,49,0,0,UP,1755954439014,"N"
264507,68,32,0,0,DOWN,1755994155814,"D"
264507,70,33,0,0,DOWN,1756098116114,"F"
264507,68,32,0,0,UP,1756114138914,"D"
264507,70,33,0,0,UP,1756170391014,"F"
264507,72,35,0,0,DOWN,1756202389114,"H"
264507,72,35,0,0,UP,1756298164014,"H"
264507,66,48,0,0,DOWN,1756298919714,"B"
264507,85,22,0,0,DOWN,1756402381414,"U"
264507,66,48,0,0,UP,1756426370514,"B"
264507,82,19,0,0,DOWN,1756498164614,"R"
264507,85,22,0,0,UP,1756506125914,"U"
264507,71,34,0,0,DOWN,1756602402014,"G"
264507,82,19,0,0,UP,1756618360914,"R"
264507,69,18,0,0,DOWN,1756698186914,"E"
264507,71,34,0,0,UP,1756706091514,"G"
264507,78,49,0,0,DOWN,1756802402014,"N"
264507,69,18,0,0,UP,1756810322414,"E"
264507,78,49,0,0,UP,1756858157814,"N"
264507,76,38,0,0,DOWN,1756898136814,"L"
264507,76,38,0,0,UP,1756954375614,"L"
264507,65,30,0,0,DOWN,1756994378314,"A"
264507,65,30,0,0,UP,1757042395014,"A"
264507,78,49,0,0,DOWN,1757098171314,"N"
264507,78,49,0,0,UP,1757162482614,"N"
264507,68,32,0,0,DOWN,1757202407414,"D"
264507,70,33,0,0,DOWN,1757298153114,"F"
264507,68,32,0,0,UP,1757314486614,"D"
264507,70,33,0,0,UP,1757362383014,"F"
264507,72,35,0,0,DOWN,1757394412914,"H"
264507,66,48,0,0,DOWN,1757498190014,"B"
264507,72,35,0,0,UP,1757506385714,"H"
264507,85,22,0,0,DOWN,1757594383114,"U"
264507,66,48,0,0,UP,1757618354614,"B"
264507,82,19,0,0,DOWN,1757698309714,"R"
264507,85,22,0,0,UP,1757706375714,"U"
264507,71,34,0,0,DOWN,1757794397814,"G"
264507,82,19,0,0,UP,1757810424414,"R"
264507,69,18,0,0,DOWN,1757898598814,"E"
264507,71,34,0,0,UP,1757906354714,"G"
264507,69,18,0,0,UP,1757994414414,"E"
264507,78,49,0,0,DOWN,1757995430814,"N"
264507,78,49,0,0,UP,1758066335714,"N"
264507,76,38,0,0,DOWN,1758098569814,"L"
264507,76,38,0,0,UP,1758154462314,"L"
264507,65,30,0,0,DOWN,1758194433914,"A"
264507,65,30,0,0,UP,1758242397914,"A"
264507,78,49,0,0,DOWN,1758298535414,"N"
264507,78,49,0,0,UP,1758354444114,"N"
264507,68,32,0,0,DOWN,1758402367614,"D"
264507,70,33,0,0,DOWN,1758498485614,"F"
264507,68,32,0,0,UP,1758506403814,"D"
264507,70,33,0,0,UP,1758570403714,"F"
264507,72,35,0,0,DOWN,1758602415314,"H"
264507,72,35,0,0,UP,1758698410614,"H"
264507,66,48,0,0,DOWN,1758706497414,"B"
264507,85,22,0,0,DOWN,1758802396214,"U"
264507,66,48,0,0,UP,1758818434614,"B"
264507,82,19,0,0,DOWN,1758898412414,"R"
264507,85,22,0,0,UP,1758906412314,"U"
264507,71,34,0,0,DOWN,1759002396714,"G"
264507,82,19,0,0,UP,1759018493114,"R"
264507,69,18,0,0,DOWN,1759098286414,"E"
264507,71,34,0,0,UP,1759114361214,"G"
264507,78,49,0,0,DOWN,1759202493514,"N"
264507,69,18,0,0,UP,1759210423314,"E"
264507,78,49,0,0,UP,1759258410614,"N"
264507,76,38,0,0,DOWN,1759298400014,"L"
264507,76,38,0,0,UP,1759354414114,"L"
264507,65,30,0,0,DOWN,1759394421814,"A"
264507,65,30,0,0,UP,1759442463614,"A"
264507,78,49,0,0,DOWN,1759498418214,"N"
264507,78,49,0,0,UP,1759562371814,"N"
264507,68,32,0,0,DOWN,1759602410014,"D"
264507,70,33,0,0,DOWN,1759698379214,"F"
264507,68,32,0,0,UP,1759714388814,"D"
264507,70,33,0,0,UP,1759770397214,"F"
264507,72,35,0,0,DOWN,1759794383914,"H"
264507,66,48,0,0,DOWN,1759898378814,"B"
264507,72,35,0,0,UP,1759906261214,"H"
264507,85,22,0,0,DOWN,1759994442814,"U"
264507,66,48,0,0,UP,1760018205314,"B"
264507,82,19,0,0,DOWN,1760098417914,"R"
264507,85,22,0,0,UP,1760106361014,"U"
264507,71,34,0,0,DOWN,1760194397114,"G"
264507,82,19,0,0,UP,1760210602414,"R"
264507,69,18,0,0,DOWN,1760298454214,"E"
264507,71,34,0,0,UP,1760306380714,"G"
264507,78,49,0,0,DOWN,1760394427114,"N"
264507,69,18,0,0,UP,1760402394814,"E"
264507,78,49,0,0,UP,1760458408614,"N"
264507,76,38,0,0,DOWN,1760498429814,"L"
264507,76,38,0,0,UP,1760554469114,"L"
264507,65,30,0,0,DOWN,1760602390014,"A"
264507,65,30,0,0,UP,1760642428714,"A"
264507,78,49,0,0,DOWN,1760698191414,"N"
264507,78,49,0,0,UP,1760762395714,"N"
264507,68,32,0,0,DOWN,1760802397614,"D"
264507,70,33,0,0,DOWN,1760898454614,"F"
264507,68,32,0,0,UP,1760906420414,"D"
264507,70,33,0,0,UP,1760978436414,"F"
264507,72,35,0,0,DOWN,1761002378514,"H"
264507,72,35,0,0,UP,1761098337014,"H"
264507,66,48,0,0,DOWN,1761098806014,"B"
264507,85,22,0,0,DOWN,1761202345614,"U"
264507,66,48,0,0,UP,1761218074614,"B"
264507,82,19,0,0,DOWN,1761298446314,"R"
264507,85,22,0,0,UP,1761306330614,"U"
264507,71,34,0,0,DOWN,1761402204014,"G"
264507,82,19,0,0,UP,1761418222414,"R"
264507,69,18,0,0,DOWN,1761498441814,"E"
264507,71,34,0,0,UP,1761506395114,"G"
264507,78,49,0,0,DOWN,1761594415414,"N"
264507,69,18,0,0,UP,1761602160414,"E"
264507,78,49,0,0,UP,1761658442414,"N"
264507,76,38,0,0,DOWN,1761698453614,"L"
264507,76,38,0,0,UP,1761754433014,"L"
264507,65,30,0,0,DOWN,1761794423514,"A"
264507,65,30,0,0,UP,1761842423314,"A"
264507,78,49,0,0,DOWN,1761898432214,"N"
264507,78,49,0,0,UP,1761962683214,"N"
264507,68,32,0,0,DOWN,1762002171914,"D"
264507,70,33,0,0,DOWN,1762098404014,"F"
264507,68,32,0,0,UP,1762114418814,"D"
264507,70,33,0,0,UP,1762170387414,"F"
264507,72,35,0,0,DOWN,1762194435714,"H"
264507,66,48,0,0,DOWN,1762298417214,"B"
264507,72,35,0,0,UP,1762306370814,"H"
264507,85,22,0,0,DOWN,1762394463814,"U"
264507,66,48,0,0,UP,1762426524814,"B"
264507,82,19,0,0,DOWN,1762498464914,"R"
264507,85,22,0,0,UP,1762506391714,"U"
264507,71,34,0,0,DOWN,1762594418914,"G"
264507,82,19,0,0,UP,1762610396114,"R"
264507,69,18,0,0,DOWN,1762698488414,"E"
264507,71,34,0,0,UP,1762706403414,"G"
264507,78,49,0,0,DOWN,1762802243414,"N"
264507,69,18,0,0,UP,1762810472914,"E"
264507,78,49,0,0,UP,1762858429414,"N"
264507,76,38,0,0,DOWN,1762898450814,"L"
264507,76,38,0,0,UP,1762954413814,"L"
264507,65,30,0,0,DOWN,1763002338414,"A"
264507,65,30,0,0,UP,1763042473114,"A"
264507,78,49,0,0,DOWN,1763098635214,"N"
264507,78,49,0,0,UP,1763162272414,"N"
264507,68,32,0,0,DOWN,1763202331814,"D"
264507,70,33,0,0,DOWN,1763298431214,"F"
264507,68,32,0,0,UP,1763306421914,"D"
264507,70,33,0,0,UP,1763370442914,"F"
264507,72,35,0,0,DOWN,1763402348414,"H"
264507,72,35,0,0,UP,1763498508414,"H"
264507,66,48,0,0,DOWN,1763499416614,"B"
264507,85,22,0,0,DOWN,1763602444114,"U"
264507,66,48,0,0,UP,1763618553914,"B"
264507,82,19,0,0,DOWN,1763698421014,"R"
264507,85,22,0,0,UP,1763714431014,"U"
264507,71,34,0,0,DOWN,1763802476814,"G"
264507,82,19,0,0,UP,1763818448014,"R"
264507,69,18,0,0,DOWN,1763898433814,"E"
264507,71,34,0,0,UP,1763906510714,"G"
264507,78,49,0,0,DOWN,1763994488914,"N"
264507,69,18,0,0,UP,1764002544714,"E"
264507,78,49,0,0,UP,1764058470614,"N"
264507,76,38,0,0,DOWN,1764098428514,"L"
264507,76,38,0,0,UP,1764154439614,"L"
264507,65,30,0,0,DOWN,1764194457414,"A"
264507,65,30,0,0,UP,1764242418214,"A"
264507,78,49,0,0,DOWN,1764298519214,"N"
264507,78,49,0,0,UP,1764354435114,"N"
264507,68,32,0,0,DOWN,1764394503714,"D"
264507,70,33,0,0,DOWN,1764498465614,"F"
264507,68,32,0,0,UP,1764506542714,"D"
264507,70,33,0,0,UP,1764570220214,"F"
264507,72,35,0,0,DOWN,1764594471914,"H"
264507,72,35,0,0,UP,1764690471714,"H"
264507,66,48,0,0,DOWN,1764698231514,"B"
264507,85,22,0,0,DOWN,1764802457914,"U"
264507,66,48,0,0,UP,1764810426414,"B"
264507,82,19,0,0,DOWN,1764898478514,"R"
264507,85,22,0,0,UP,1764906422814,"U"
264507,71,34,0,0,DOWN,1765002457014,"G"
264507,82,19,0,0,UP,1765010440214,"R"
264507,69,18,0,0,DOWN,1765098462314,"E"
264507,71,34,0,0,UP,1765106187014,"G"
264507,78,49,0,0,DOWN,1765202429814,"N"
264507,69,18,0,0,UP,1765210127514,"E"
264507,78,49,0,0,UP,1765266430714,"N"
264507,76,38,0,0,DOWN,1765298462514,"L"
264507,76,38,0,0,UP,1765354239314,"L"
264507,65,30,0,0,DOWN,1765402444814,"A"
264507,65,30,0,0,UP,1765442443514,"A"
264507,78,49,0,0,DOWN,1765498478314,"N"
264507,78,49,0,0,UP,1765562453514,"N"
264507,68,32,0,0,DOWN,1765602454914,"D"
264507,70,33,0,0,DOWN,1765698475914,"F"
264507,68,32,0,0,UP,1765714449714,"D"
264507,70,33,0,0,UP,1765770662314,"F"
264507,72,35,0,0,DOWN,1765802468114,"H"
264507,66,48,0,0,DOWN,1765898523514,"B"
264507,72,35,0,0,UP,1765906215514,"H"
264507,85,22,0,0,DOWN,1765994486714,"U"
264507,66,48,0,0,UP,1766018468514,"B"
264507,82,19,0,0,DOWN,1766098506014,"R"
264507,85,22,0,0,UP,1766106236014,"U"
264507,71,34,0,0,DOWN,1766194477214,"G"
264507,82,19,0,0,UP,1766210649414,"R"
264507,69,18,0,0,DOWN,1766298491314,"E"
264507,71,34,0,0,UP,1766306240914,"G"
264507,78,49,0,0,DOWN,1766394498814,"N"
264507,69,18,0,0,UP,1766410456114,"E"
264507,78,49,0,0,UP,1766458471814,"N"
264507,76,38,0,0,DOWN,1766498471914,"L"
264507,76,38,0,0,UP,1766554472514,"L"
264507,65,30,0,0,DOWN,1766594429914,"A"
264507,65,30,0,0,UP,1766642438714,"A"
264507,78,49,0,0,DOWN,1766698231014,"N"
264507,78,49,0,0,UP,1766754513114,"N"
264507,68,32,0,0,DOWN,1766794508814,"D"
264507,70,33,0,0,DOWN,1766898507514,"F"
264507,68,32,0,0,UP,1766906304814,"D"
264507,70,33,0,0,UP,1766962455314,"F"
264507,72,35,0,0,DOWN,1767002525914,"H"
264507,72,35,0,0,UP,1767098505714,"H"
264507,66,48,0,0,DOWN,1767099363714,"B"
264507,85,22,0,0,DOWN,1767202485614,"U"
264507,66,48,0,0,UP,1767226473514,"B"
264507,82,19,0,0,DOWN,1767298487414,"R"
264507,85,22,0,0,UP,1767306394414,"U"
264507,71,34,0,0,DOWN,1767402446814,"G"
264507,82,19,0,0,UP,1767410446814,"R"
264507,69,18,0,0,DOWN,1767498456414,"E"
264507,71,34,0,0,UP,1767506280914,"G"
264507,78,49,0,0,DOWN,1767602446614,"N"
264507,69,18,0,0,UP,1767610420714,"E"
264507,78,49,0,0,UP,1767666465914,"N"
264507,76,38,0,0,DOWN,1767698459614,"L"
264507,76,38,0,0,UP,1767754463514,"L"
264507,65,30,0,0,DOWN,1767802463114,"A"
264507,65,30,0,0,UP,1767842430714,"A"
264507,78,49,0,0,DOWN,1767898435014,"N"
264507,78,49,0,0,UP,1767962471114,"N"
264507,68,32,0,0,DOWN,1768002456714,"D"
264507,68,32,0,0,UP,1768098501514,"D"
264507,70,33,0,0,DOWN,1768099405014,"F"
264507,70,33,0,0,UP,1768170471014,"F"
264507,72,35,0,0,DOWN,1768194456114,"H"
264507,66,48,0,0,DOWN,1768298486314,"B"
264507,72,35,0,0,UP,1768306412814,"H"
264507,85,22,0,0,DOWN,1768394481414,"U"
264507,66,48,0,0,UP,1768418506714,"B"
264507,82,19,0,0,DOWN,1768498449314,"R"
264507,85,22,0,0,UP,1768506277014,"U"
264507,71,34,0,0,DOWN,1768594486914,"G"
264507,82,19,0,0,UP,1768618517814,"R"
264507,69,18,0,0,DOWN,1768698635114,"E"
264507,71,34,0,0,UP,1768706169714,"G"
264507,69,18,0,0,UP,1768794278214,"E"
264507,78,49,0,0,DOWN,1768794896314,"N"
264507,78,49,0,0,UP,1768866481614,"N"
264507,76,38,0,0,DOWN,1768898495414,"L"
264507,76,38,0,0,UP,1768954649514,"L"
264507,65,30,0,0,DOWN,1768994485214,"A"
264507,65,30,0,0,UP,1769042454014,"A"
264507,78,49,0,0,DOWN,1769098482914,"N"
264507,78,49,0,0,UP,1769154495514,"N"
264507,68,32,0,0,DOWN,1769194492814,"D"
264507,70,33,0,0,DOWN,1769298470414,"F"
264507,68,32,0,0,UP,1769306300014,"D"
264507,70,33,0,0,UP,1769370465014,"F"
264507,72,35,0,0,DOWN,1769402478914,"H"
264507,72,35,0,0,UP,1769498485714,"H"
264507,66,48,0,0,DOWN,1769499489714,"B"
264507,85,22,0,0,DOWN,1769602525014,"U"
264507,66,48,0,0,UP,1769618506014,"B"
264507,82,19,0,0,DOWN,1769698541214,"R"
264507,85,22,0,0,UP,1769706559014,"U"
264507,71,34,0,0,DOWN,1769802575014,"G"
264507,82,19,0,0,UP,1769818209914,"R"
264507,69,18,0,0,DOWN,1769898489714,"E"
264507,71,34,0,0,UP,1769906647114,"G"
264507,69,18,0,0,UP,1770002510014,"E"
264507,78,49,0,0,DOWN,1770003199814,"N"
264507,78,49,0,0,UP,1770066487014,"N"
264507,76,38,0,0,DOWN,1770098518114,"L"
264507,76,38,0,0,UP,1770162487014,"L"
264507,65,30,0,0,DOWN,1770194510814,"A"
264507,65,30,0,0,UP,1770242503414,"A"
264507,78,49,0,0,DOWN,1770298508014,"N"
264507,78,49,0,0,UP,1770362492014,"N"
264507,68,32,0,0,DOWN,1770402515314,"D"
264507,70,33,0,0,DOWN,1770498515214,"F"
264507,68,32,0,0,UP,1770514513414,"D"
264507,70,33,0,0,UP,1770570413614,"F"
264507,72,35,0,0,DOWN,1770594456214,"H"
264507,66,48,0,0,DOWN,1770698470214,"B"
264507,72,35,0,0,UP,1770706544914,"H"
264507,85,22,0,0,DOWN,1770794504214,"U"
264507,66,48,0,0,UP,1770818510514,"B"
264507,82,19,0,0,DOWN,1770898473714,"R"
264507,85,22,0,0,UP,1770906513614,"U"
264507,71,34,0,0,DOWN,1770994503914,"G"
264507,82,19,0,0,UP,1771010547014,"R"
264507,71,34,0,0,UP,1771098503314,"G"
264507,69,18,0,0,DOWN,1771106267614,"E"
264507,69,18,0,0,UP,1771194510314,"E"
264507,78,49,0,0,DOWN,1771195090014,"N"
264507,78,49,0,0,UP,1771258341214,"N"
264507,76,38,0,0,DOWN,1771298548114,"L"
264507,76,38,0,0,UP,1771354528414,"L"
264507,65,30,0,0,DOWN,1771394493214,"A"
264507,65,30,0,0,UP,1771442473214,"A"
264507,78,49,0,0,DOWN,1771498522214,"N"
264507,78,49,0,0,UP,1771554529414,"N"
264507,68,32,0,0,DOWN,1771602548114,"D"
264507,70,33,0,0,DOWN,1771698521714,"F"
264507,68,32,0,0,UP,1771706521414,"D"
264507,70,33,0,0,UP,1771770520114,"F"
264507,72,35,0,0,DOWN,1771802520614,"H"
264507,72,35,0,0,UP,1771890515114,"H"
264507,66,48,0,0,DOWN,1771898494814,"B"
264507,85,22,0,0,DOWN,1772002489314,"U"
264507,66,48,0,0,UP,1772018482714,"B"
264507,82,19,0,0,DOWN,1772098482014,"R"
264507,85,22,0,0,UP,1772106457814,"U"
264507,71,34,0,0,DOWN,1772202511814,"G"
264507,82,19,0,0,UP,1772218520514,"R"
264507,69,18,0,0,DOWN,1772298511514,"E"
264507,71,34,0,0,UP,1772306526014,"G"
264507,78,49,0,0,DOWN,1772402533114,"N"
264507,69,18,0,0,UP,1772410380714,"E"
264507,78,49,0,0,UP,1772466507014,"N"
264507,76,38,0,0,DOWN,1772498548014,"L"
264507,76,38,0,0,UP,1772554522014,"L"
264507,65,30,0,0,DOWN,1772594482614,"A"
264507,65,30,0,0,UP,1772642386114,"A"
264507,78,49,0,0,DOWN,1772698476514,"N"
264507,78,49,0,0,UP,1772762491714,"N"
264507,68,32,0,0,DOWN,1772802551114,"D"
264507,70,33,0,0,DOWN,1772898590614,"F"
264507,68,32,0,0,UP,1772914514414,"D"
264507,70,33,0,0,UP,1772978346814,"F"
264507,72,35,0,0,DOWN,1772994520114,"H"
264507,66,48,0,0,DOWN,1773098529914,"B"
264507,72,35,0,0,UP,1773106234714,"H"
264507,85,22,0,0,DOWN,1773194518914,"U"
264507,66,48,0,0,UP,1773218588914,"B"
264507,82,19,0,0,DOWN,1773298514514,"R"
264507,85,22,0,0,UP,1773306299114,"U"
264507,71,34,0,0,DOWN,1773394500914,"G"
264507,82,19,0,0,UP,1773418507314,"R"
264507,69,18,0,0,DOWN,1773498514814,"E"
264507,71,34,0,0,UP,1773506518614,"G"
264507,78,49,0,0,DOWN,1773594560314,"N"
264507,69,18,0,0,UP,1773602484714,"E"
264507,78,49,0,0,UP,1773658519614,"N"
264507,76,38,0,0,DOWN,1773698553514,"L"
264507,76,38,0,0,UP,1773754415914,"L"
264507,65,30,0,0,DOWN,1773802543314,"A"
264507,65,30,0,0,UP,1773842719114,"A"
264507,78,49,0,0,DOWN,1773898539214,"N"
264507,78,49,0,0,UP,1773954518614,"N"
264507,68,32,0,0,DOWN,1774002552714,"D"
264507,70,33,0,0,DOWN,1774098401114,"F"
264507,68,32,0,0,UP,1774114311514,"D"
264507,70,33,0,0,UP,1774170564614,"F"
264507,72,35,0,0,DOWN,1774202593214,"H"
264507,72,35,0,0,UP,1774298553714,"H"
264507,66,48,0,0,DOWN,1774306525514,"B"
264507,85,22,0,0,DOWN,1774402540614,"U"
264507,66,48,0,0,UP,1774418569714,"B"
264507,82,19,0,0,DOWN,1774498544914,"R"
264507,85,22,0,0,UP,1774506545714,"U"
264507,71,34,0,0,DOWN,1774602509414,"G"
264507,82,19,0,0,UP,1774618679214,"R"
264507,69,18,0,0,DOWN,1774698528914,"E"
264507,71,34,0,0,UP,1774706515814,"G"
264507,69,18,0,0,UP,1774802528214,"E"
264507,78,49,0,0,DOWN,1774803542214,"N"
264507,78,49,0,0,UP,1774866473314,"N"
264507,76,38,0,0,DOWN,1774898538814,"L"
264507,76,38,0,0,UP,1774954507114,"L"
264507,65,30,0,0,DOWN,1774994298314,"A"
264507,65,30,0,0,UP,1775042550914,"A"
264507,78,49,0,0,DOWN,1775098642414,"N"
264507,78,49,0,0,UP,1775162548114,"N"
264507,68,32,0,0,DOWN,1775202581714,"D"
264507,70,33,0,0,DOWN,1775298516314,"F"
264507,68,32,0,0,UP,1775314501714,"D"
264507,70,33,0,0,UP,1775378436314,"F"
264507,72,35,0,0,DOWN,1775394306914,"H"
264507,66,48,0,0,DOWN,1775498536214,"B"
264507,72,35,0,0,UP,1775506561514,"H"
264507,85,22,0,0,DOWN,1775594408814,"U"
264507,66,48,0,0,UP,1775626549414,"B"
264507,82,19,0,0,DOWN,1775698550114,"R"
264507,85,22,0,0,UP,1775706676914,"U"
264507,71,34,0,0,DOWN,1775794432914,"G"
264507,82,19,0,0,UP,1775818521314,"R"
264507,69,18,0,0,DOWN,1775898540014,"E"
264507,71,34,0,0,UP,1775906394514,"G"
264507,78,49,0,0,DOWN,1776002508714,"N"
264507,69,18,0,0,UP,1776010677214,"E"
264507,78,49,0,0,UP,1776058483714,"N"
264507,76,38,0,0,DOWN,1776098303014,"L"
264507,76,38,0,0,UP,1776154460614,"L"
264507,65,30,0,0,DOWN,1776202515914,"A"
264507,65,30,0,0,UP,1776242513114,"A"
264507,78,49,0,0,DOWN,1776298549314,"N"
264507,78,49,0,0,UP,1776354524214,"N"
264507,68,32,0,0,DOWN,1776402344514,"D"
264507,70,33,0,0,DOWN,1776498525414,"F"
264507,68,32,0,0,UP,1776514511314,"D"
264507,70,33,0,0,UP,1776570532314,"F"
264507,72,35,0,0,DOWN,1776602563814,"H"
264507,72,35,0,0,UP,1776698598714,"H"
264507,66,48,0,0,DOWN,1776699540114,"B"
264507,85,22,0,0,DOWN,1776802574614,"U"
264507,66,48,0,0,UP,1776818523214,"B"
264507,82,19,0,0,DOWN,1776898544414,"R"
264507,85,22,0,0,UP,1776914321914,"U"
264507,71,34,0,0,DOWN,1777002563214,"G"
264507,82,19,0,0,UP,1777018582814,"R"
264507,69,18,0,0,DOWN,1777098547614,"E"
264507,71,34,0,0,UP,1777114371714,"G"
264507,78,49,0,0,DOWN,1777194645614,"N"
264507,69,18,0,0,UP,1777202603914,"E"
264507,78,49,0,0,UP,1777266546114,"N"
264507,76,38,0,0,DOWN,1777298574814,"L"
264507,76,38,0,0,UP,1777354560814,"L"
264507,65,30,0,0,DOWN,1777394563514,"A"
264507,65,30,0,0,UP,1777450333114,"A"
264507,78,49,0,0,DOWN,1777498265414,"N"
264507,78,49,0,0,UP,1777562326014,"N"
264507,68,32,0,0,DOWN,1777602537914,"D"
264507,70,33,0,0,DOWN,1777698561214,"F"
264507,68,32,0,0,UP,1777714253014,"D"
264507,70,33,0,0,UP,1777770582914,"F"
264507,72,35,0,0,DOWN,1777794603014,"H"
264507,66,48,0,0,DOWN,1777898557514,"B"
264507,72,35,0,0,UP,1777906607014,"H"
264507,85,22,0,0,DOWN,1777994660314,"U"
264507,66,48,0,0,UP,1778018325514,"B"
264507,82,19,0,0,DOWN,1778098535014,"R"
264507,85,22,0,0,UP,1778106612014,"U"
264507,71,34,0,0,DOWN,1778202604214,"G"
264507,82,19,0,0,UP,1778210566114,"R"
264507,69,18,0,0,DOWN,1778298456014,"E"
264507,71,34,0,0,UP,1778306524814,"G"
264507,69,18,0,0,UP,1778402609914,"E"
264507,78,49,0,0,DOWN,1778403521414,"N"
264507,78,49,0,0,UP,1778466595314,"N"
264507,76,38,0,0,DOWN,1778498313614,"L"
264507,76,38,0,0,UP,1778554564114,"L"
264507,65,30,0,0,DOWN,1778602616514,"A"
264507,65,30,0,0,UP,1778642577114,"A"
264507,78,49,0,0,DOWN,1778698254114,"N"
264507,78,49,0,0,UP,1778762617314,"N"
264507,68,32,0,0,DOWN,1778802523014,"D"
264507,70,33,0,0,DOWN,1778898550214,"F"
264507,68,32,0,0,UP,1778906561814,"D"
264507,70,33,0,0,UP,1778970573714,"F"
264507,72,35,0,0,DOWN,1779002611514,"H"
264507,72,35,0,0,UP,1779098557614,"H"
264507,66,48,0,0,DOWN,1779099547514,"B"
264507,85,22,0,0,DOWN,1779202551114,"U"
264507,66,48,0,0,UP,1779218530214,"B"
264507,82,19,0,0,DOWN,1779298560714,"R"
264507,85,22,0,0,UP,1779314497614,"U"
264507,71,34,0,0,DOWN,1779402666414,"G"
264507,82,19,0,0,UP,1779410334114,"R"
264507,69,18,0,0,DOWN,1779498350714,"E"
264507,71,34,0,0,UP,1779506614214,"G"
264507,69,18,0,0,UP,1779594654814,"E"
264507,78,49,0,0,DOWN,1779595640014,"N"
264507,78,49,0,0,UP,1779658573514,"N"
264507,76,38,0,0,DOWN,1779698582014,"L"
264507,76,38,0,0,UP,1779754562714,"L"
264507,65,30,0,0,DOWN,1779794569814,"A"
264507,65,30,0,0,UP,1779850595214,"A"
264507,78,49,0,0,DOWN,1779898561314,"N"
264507,78,49,0,0,UP,1779970572014,"N"
264507,68,32,0,0,DOWN,1780002630114,"D"
264507,70,33,0,0,DOWN,1780098561914,"F"
264507,68,32,0,0,UP,1780106562114,"D"
264507,70,33,0,0,UP,1780178555214,"F"
264507,72,35,0,0,DOWN,1780194570914,"H"
264507,66,48,0,0,DOWN,1780298558314,"B"
264507,72,35,0,0,UP,1780306325514,"H"
264507,85,22,0,0,DOWN,1780402611114,"U"
264507,66,48,0,0,UP,1780418553314,"B"
264507,82,19,0,0,DOWN,1780498336114,"R"
264507,85,22,0,0,UP,1780506574514,"U"
264507,71,34,0,0,DOWN,1780602610114,"G"
264507,82,19,0,0,UP,1780610560214,"R"
264507,69,18,0,0,DOWN,1780698316914,"E"
264507,71,34,0,0,UP,1780706551114,"G"
264507,69,18,0,0,UP,1780802602814,"E"
264507,78,49,0,0,DOWN,1780803398214,"N"
264507,78,49,0,0,UP,1780858563414,"N"
264507,76,38,0,0,DOWN,1780898351214,"L"
264507,76,38,0,0,UP,1780954582314,"L"
264507,65,30,0,0,DOWN,1781002561614,"A"
264507,65,30,0,0,UP,1781042592014,"A"
264507,78,49,0,0,DOWN,1781098572014,"N"
264507,78,49,0,0,UP,1781162626014,"N"
264507,68,32,0,0,DOWN,1781202575314,"D"
264507,70,33,0,0,DOWN,1781298495714,"F"
264507,68,32,0,0,UP,1781306615614,"D"
264507,70,33,0,0,UP,1781370634714,"F"
264507,72,35,0,0,DOWN,1781402609114,"H"
264507,72,35,0,0,UP,1781498462114,"H"
264507,66,48,0,0,DOWN,1781506565014,"B"
264507,85,22,0,0,DOWN,1781594276314,"U"
264507,66,48,0,0,UP,1781618525614,"B"
264507,82,19,0,0,DOWN,1781698486914,"R"
264507,85,22,0,0,UP,1781706548114,"U"
264507,71,34,0,0,DOWN,1781794641314,"G"
264507,82,19,0,0,UP,1781818504314,"R"
264507,69,18,0,0,DOWN,1781898544814,"E"
264507,71,34,0,0,UP,1781906730614,"G"
264507,69,18,0,0,UP,1781994648014,"E"
264507,78,49,0,0,DOWN,1781995323714,"N"
264507,78,49,0,0,UP,1782066335314,"N"
264507,76,38,0,0,DOWN,1782098673214,"L"
264507,76,38,0,0,UP,1782154724314,"L"
264507,65,30,0,0,DOWN,1782194591314,"A"
264507,65,30,0,0,UP,1782250429014,"A"
264507,78,49,0,0,DOWN,1782298651914,"N"
264507,78,49,0,0,UP,1782362582014,"N"
264507,68,32,0,0,DOWN,1782394596614,"D"
264507,70,33,0,0,DOWN,1782498756814,"F"
264507,68,32,0,0,UP,1782506622114,"D"
264507,70,33,0,0,UP,1782578657614,"F"
264507,72,35,0,0,DOWN,1782602600414,"H"
264507,66,48,0,0,DOWN,1782698598814,"B"
264507,72,35,0,0,UP,1782706307514,"H"
264507,85,22,0,0,DOWN,1782802582314,"U"
264507,66,48,0,0,UP,1782818532114,"B"
264507,82,19,0,0,DOWN,1782898730014,"R"
264507,85,22,0,0,UP,1782906620614,"U"
264507,71,34,0,0,DOWN,1783002592014,"G"
264507,82,19,0,0,UP,1783018630114,"R"
264507,69,18,0,0,DOWN,1783098609214,"E"
264507,71,34,0,0,UP,1783106363414,"G"
264507,69,18,0,0,UP,1783194622314,"E"
264507,78,49,0,0,DOWN,1783202595814,"N"
264507,78,49,0,0,UP,1783258590514,"N"
264507,76,38,0,0,DOWN,1783298504914,"L"
264507,76,38,0,0,UP,1783354552014,"L"
264507,65,30,0,0,DOWN,1783402647714,"A"
264507,65,30,0,0,UP,1783442636214,"A"
264507,78,49,0,0,DOWN,1783498602214,"N"
264507,78,49,0,0,UP,1783562625914,"N"
264507,68,32,0,0,DOWN,1783602638114,"D"
264507,70,33,0,0,DOWN,1783698624114,"F"
264507,68,32,0,0,UP,1783714572914,"D"
264507,70,33,0,0,UP,1783770604514,"F"
264507,72,35,0,0,DOWN,1783802621214,"H"
264507,66,48,0,0,DOWN,1783898363914,"B"
264507,72,35,0,0,UP,1783906632114,"H"
264507,85,22,0,0,DOWN,1783994586814,"U"
264507,66,48,0,0,UP,1784018507914,"B"
264507,82,19,0,0,DOWN,1784098615814,"R"
264507,85,22,0,0,UP,1784106343614,"U"
264507,71,34,0,0,DOWN,1784194602214,"G"
264507,82,19,0,0,UP,1784218458414,"R"
264507,69,18,0,0,DOWN,1784298693814,"E"
264507,71,34,0,0,UP,1784306508814,"G"
264507,78,49,0,0,DOWN,1784394626714,"N"
264507,69,18,0,0,UP,1784410614714,"E"
264507,78,49,0,0,UP,1784466689514,"N"
264507,76,38,0,0,DOWN,1784498638014,"L"
264507,76,38,0,0,UP,1784554523614,"L"
264507,65,30,0,0,DOWN,1784594631314,"A"
264507,65,30,0,0,UP,1784650463714,"A"
264507,78,49,0,0,DOWN,1784698651114,"N"
264507,78,49,0,0,UP,1784762630714,"N"
264507,68,32,0,0,DOWN,1784794642714,"D"
264507,70,33,0,0,DOWN,1784898637814,"F"
264507,68,32,0,0,UP,1784906640214,"D"
264507,70,33,0,0,UP,1784970632614,"F"
264507,72,35,0,0,DOWN,1785002615214,"H"
264507,66,48,0,0,DOWN,1785098306614,"B"
264507,72,35,0,0,UP,1785106644014,"H"
264507,85,22,0,0,DOWN,1785202617214,"U"
264507,66,48,0,0,UP,1785226597314,"B"
264507,82,19,0,0,DOWN,1785298639614,"R"
264507,85,22,0,0,UP,1785306676414,"U"
264507,71,34,0,0,DOWN,1785402616314,"G"
264507,82,19,0,0,UP,1785418521414,"R"
264507,69,18,0,0,DOWN,1785498670114,"E"
264507,71,34,0,0,UP,1785506340914,"G"
264507,69,18,0,0,UP,1785602614714,"E"
264507,78,49,0,0,DOWN,1785603311914,"N"
264507,78,49,0,0,UP,1785658590914,"N"
264507,76,38,0,0,DOWN,1785698624914,"L"
264507,76,38,0,0,UP,1785754599314,"L"
264507,65,30,0,0,DOWN,1785794574614,"A"
264507,65,30,0,0,UP,1785842382814,"A"
264507,78,49,0,0,DOWN,1785898696714,"N"
264507,78,49,0,0,UP,1785962615514,"N"
264507,68,32,0,0,DOWN,1786002601314,"D"
264507,70,33,0,0,DOWN,1786098638714,"F"
264507,68,32,0,0,UP,1786114609614,"D"
264507,70,33,0,0,UP,1786170567514,"F"
264507,72,35,0,0,DOWN,1786194636314,"H"
264507,72,35,0,0,UP,1786298654114,"H"
264507,66,48,0,0,DOWN,1786299642714,"B"
264507,85,22,0,0,DOWN,1786394620714,"U"
264507,66,48,0,0,UP,1786418398814,"B"
264507,82,19,0,0,DOWN,1786498633514,"R"
264507,85,22,0,0,UP,1786506643014,"U"
264507,71,34,0,0,DOWN,1786594402314,"G"
264507,82,19,0,0,UP,1786618630114,"R"
264507,69,18,0,0,DOWN,1786706651714,"E"
264507,71,34,0,0,UP,1786714419914,"G"
264507,78,49,0,0,DOWN,1786794622014,"N"
264507,69,18,0,0,UP,1786810640414,"E"
264507,78,49,0,0,UP,1786866642114,"N"
264507,76,38,0,0,DOWN,1786898623014,"L"
264507,76,38,0,0,UP,1786954590014,"L"
264507,65,30,0,0,DOWN,1786994635714,"A"
264507,65,30,0,0,UP,1787042644814,"A"
264507,78,49,0,0,DOWN,1787098612914,"N"
264507,78,49,0,0,UP,1787162644214,"N"
264507,68,32,0,0,DOWN,1787202396314,"D"
264507,70,33,0,0,DOWN,1787298629714,"F"
264507,68,32,0,0,UP,1787306658114,"D"
264507,70,33,0,0,UP,1787370700414,"F"
264507,72,35,0,0,DOWN,1787402456514,"H"
264507,66,48,0,0,DOWN,1787498610114,"B"
264507,72,35,0,0,UP,1787506642714,"H"
264507,85,22,0,0,DOWN,1787602574614,"U"
264507,66,48,0,0,UP,1787618730714,"B"
264507,82,19,0,0,DOWN,1787698707914,"R"
264507,85,22,0,0,UP,1787706624914,"U"
264507,71,34,0,0,DOWN,1787802628314,"G"
264507,82,19,0,0,UP,1787818671214,"R"
264507,69,18,0,0,DOWN,1787898624314,"E"
264507,71,34,0,0,UP,1787914639514,"G"
264507,69,18,0,0,UP,1787994679414,"E"
264507,78,49,0,0,DOWN,1788002742814,"N"
264507,78,49,0,0,UP,1788058569714,"N"
264507,76,38,0,0,DOWN,1788098661014,"L"
264507,76,38,0,0,UP,1788154636014,"L"
264507,65,30,0,0,DOWN,1788194437214,"A"
264507,65,30,0,0,UP,1788242624414,"A"
264507,78,49,0,0,DOWN,1788298633214,"N"
264507,78,49,0,0,UP,1788362640114,"N"
264507,68,32,0,0,DOWN,1788402653514,"D"
264507,70,33,0,0,DOWN,1788498650814,"F"
264507,68,32,0,0,UP,1788514659314,"D"
264507,70,33,0,0,UP,1788570508714,"F"
264507,72,35,0,0,DOWN,1788594653414,"H"
264507,66,48,0,0,DOWN,1788698630914,"B"
264507,72,35,0,0,UP,1788706623414,"H"
264507,85,22,0,0,DOWN,1788794713014,"U"
264507,66,48,0,0,UP,1788818622914,"B"
264507,82,19,0,0,DOWN,1788898669614,"R"
264507,85,22,0,0,UP,1788906651414,"U"
264507,71,34,0,0,DOWN,1788994703414,"G"
264507,82,19,0,0,UP,1789010670814,"R"
264507,69,18,0,0,DOWN,1789098620414,"E"
264507,71,34,0,0,UP,1789106500014,"G"
264507,78,49,0,0,DOWN,1789202683214,"N"
264507,69,18,0,0,UP,1789210661214,"E"
264507,78,49,0,0,UP,1789258645314,"N"
264507,76,38,0,0,DOWN,1789298701714,"L"
264507,76,38,0,0,UP,1789362676914,"L"
264507,65,30,0,0,DOWN,1789402684514,"A"
264507,65,30,0,0,UP,1789442651014,"A"
264507,78,49,0,0,DOWN,1789498689014,"N"
264507,78,49,0,0,UP,1789562690014,"N"
264507,68,32,0,0,DOWN,1789602667014,"D"
264507,70,33,0,0,DOWN,1789698635714,"F"
264507,68,32,0,0,UP,1789706428614,"D"
264507,70,33,0,0,UP,1789770662314,"F"
264507,72,35,0,0,DOWN,1789802646314,"H"
264507,72,35,0,0,UP,1789898695614,"H"
264507,66,48,0,0,DOWN,1789899623114,"B"
264507,85,22,0,0,DOWN,1790002712814,"U"
264507,66,48,0,0,UP,1790018657314,"B"
264507,82,19,0,0,DOWN,1790098666214,"R"
264507,85,22,0,0,UP,1790114655614,"U"
264507,71,34,0,0,DOWN,1790202653214,"G"
264507,82,19,0,0,UP,1790218666914,"R"
264507,69,18,0,0,DOWN,1790298422514,"E"
264507,71,34,0,0,UP,1790314729414,"G"
264507,69,18,0,0,UP,1790402683214,"E"
264507,78,49,0,0,DOWN,1790403599314,"N"
264507,78,49,0,0,UP,1790458657614,"N"
264507,76,38,0,0,DOWN,1790498677414,"L"
264507,76,38,0,0,UP,1790554625414,"L"
264507,65,30,0,0,DOWN,1790594706714,"A"
264507,65,30,0,0,UP,1790642660014,"A"
264507,78,49,0,0,DOWN,1790698763814,"N"
264507,78,49,0,0,UP,1790754657414,"N"
264507,68,32,0,0,DOWN,1790802689714,"D"
264507,70,33,0,0,DOWN,1790898693114,"F"
264507,68,32,0,0,UP,1790914710314,"D"
264507,70,33,0,0,UP,1790970656314,"F"
264507,72,35,0,0,DOWN,1790994649214,"H"
264507,72,35,0,0,UP,1791098502314,"H"
264507,66,48,0,0,DOWN,1791099440014,"B"
264507,85,22,0,0,DOWN,1791194605614,"U"
264507,66,48,0,0,UP,1791218604514,"B"
264507,82,19,0,0,DOWN,1791298670714,"R"
264507,85,22,0,0,UP,1791306459214,"U"
264507,71,34,0,0,DOWN,1791394687814,"G"
264507,82,19,0,0,UP,1791418664814,"R"
264507,69,18,0,0,DOWN,1791498733314,"E"
264507,71,34,0,0,UP,1791506450014,"G"
264507,78,49,0,0,DOWN,1791602564314,"N"
264507,69,18,0,0,UP,1791610704514,"E"
264507,78,49,0,0,UP,1791658664414,"N"
264507,76,38,0,0,DOWN,1791698673014,"L"
264507,76,38,0,0,UP,1791762680914,"L"
264507,65,30,0,0,DOWN,1791802693114,"A"
264507,65,30,0,0,UP,1791842687414,"A"
264507,78,49,0,0,DOWN,1791898686714,"N"
264507,78,49,0,0,UP,1791962670214,"N"
264507,68,32,0,0,DOWN,1792002676214,"D"
264507,70,33,0,0,DOWN,1792098581114,"F"
264507,68,32,0,0,UP,1792106491414,"D"
264507,70,33,0,0,UP,1792178558514,"F"
264507,72,35,0,0,DOWN,1792202720414,"H"
264507,72,35,0,0,UP,1792298717814,"H"
264507,66,48,0,0,DOWN,1792299723314,"B"
264507,85,22,0,0,DOWN,1792402677914,"U"
264507,66,48,0,0,UP,1792418665914,"B"
264507,82,19,0,0,DOWN,1792498670314,"R"
264507,85,22,0,0,UP,1792514649714,"U"
264507,71,34,0,0,DOWN,1792602665514,"G"
264507,82,19,0,0,UP,1792618661314,"R"
264507,69,18,0,0,DOWN,1792698674014,"E"
264507,71,34,0,0,UP,1792714669514,"G"
264507,69,18,0,0,UP,1792802705414,"E"
264507,78,49,0,0,DOWN,1792803427414,"N"
264507,78,49,0,0,UP,1792858590814,"N"
264507,76,38,0,0,DOWN,1792898727214,"L"
264507,76,38,0,0,UP,1792954674514,"L"
264507,65,30,0,0,DOWN,1792994725814,"A"
264507,65,30,0,0,UP,1793042646214,"A"
264507,78,49,0,0,DOWN,1793098727714,"N"
264507,78,49,0,0,UP,1793154745814,"N"
264507,68,32,0,0,DOWN,1793202878214,"D"
264507,70,33,0,0,DOWN,1793298721014,"F"
264507,68,32,0,0,UP,1793314683214,"D"
264507,70,33,0,0,UP,1793378696714,"F"
264507,72,35,0,0,DOWN,1793394689714,"H"
264507,66,48,0,0,DOWN,1793498685214,"B"
264507,72,35,0,0,UP,1793506674014,"H"
264507,85,22,0,0,DOWN,1793594701514,"U"
264507,66,48,0,0,UP,1793626669014,"B"
264507,82,19,0,0,DOWN,1793698663814,"R"
264507,85,22,0,0,UP,1793706699214,"U"
264507,71,34,0,0,DOWN,1793794715014,"G"
264507,82,19,0,0,UP,1793818705814,"R"
264507,69,18,0,0,DOWN,1793898671814,"E"
264507,71,34,0,0,UP,1793906790214,"G"
264507,69,18,0,0,UP,1794002695414,"E"
264507,78,49,0,0,DOWN,1794003659314,"N"
264507,78,49,0,0,UP,1794058737314,"N"
264507,76,38,0,0,DOWN,1794098717014,"L"
264507,76,38,0,0,UP,1794162736314,"L"
264507,65,30,0,0,DOWN,1794202737714,"A"
264507,65,30,0,0,UP,1794242682414,"A"
264507,78,49,0,0,DOWN,1794298712614,"N"
264507,78,49,0,0,UP,1794362691114,"N"
264507,68,32,0,0,DOWN,1794402627114,"D"
264507,70,33,0,0,DOWN,1794498711914,"F"
264507,68,32,0,0,UP,1794506800814,"D"
264507,70,33,0,0,UP,1794570795714,"F"
264507,72,35,0,0,DOWN,1794602738714,"H"
264507,72,35,0,0,UP,1794698752514,"H"
264507,66,48,0,0,DOWN,1794699494514,"B"
264507,85,22,0,0,DOWN,1794802734814,"U"
264507,66,48,0,0,UP,1794818708514,"B"
264507,85,22,0,0,UP,1794898692414,"U"
264507,82,19,0,0,DOWN,1794899654214,"R"
264507,71,34,0,0,DOWN,1795002732014,"G"
264507,82,19,0,0,UP,1795018770714,"R"
264507,71,34,0,0,UP,1795098705114,"G"
264507,69,18,0,0,DOWN,1795099577114,"E"
264507,69,18,0,0,UP,1795202693314,"E"
264507,78,49,0,0,DOWN,1795203578114,"N"
264507,78,49,0,0,UP,1795258695214,"N"
264507,76,38,0,0,DOWN,1795298737614,"L"
264507,76,38,0,0,UP,1795362748914,"L"
264507,65,30,0,0,DOWN,1795394708614,"A"
264507,65,30,0,0,UP,1795442698214,"A"
264507,78,49,0,0,DOWN,1795498750414,"N"
264507,78,49,0,0,UP,1795546705914,"N"
264507,68,32,0,0,DOWN,1795602701914,"D"
264507,70,33,0,0,DOWN,1795698731014,"F"
264507,68,32,0,0,UP,1795706780014,"D"
264507,70,33,0,0,UP,1795778747214,"F"
264507,72,35,0,0,DOWN,1795794751014,"H"
264507,66,48,0,0,DOWN,1795898730614,"B"
264507,72,35,0,0,UP,1795906682914,"H"
264507,85,22,0,0,DOWN,1795994713714,"U"
264507,66,48,0,0,UP,1796018616614,"B"
264507,82,19,0,0,DOWN,1796098767314,"R"
264507,85,22,0,0,UP,1796106717414,"U"
264507,71,34,0,0,DOWN,1796194712414,"G"
264507,82,19,0,0,UP,1796218720214,"R"
264507,69,18,0,0,DOWN,1796298726014,"E"
264507,71,34,0,0,UP,1796306725814,"G"
264507,69,18,0,0,UP,1796394527914,"E"
264507,78,49,0,0,DOWN,1796402727814,"N"
264507,78,49,0,0,UP,1796458733814,"N"
264507,76,38,0,0,DOWN,1796498685014,"L"
264507,76,38,0,0,UP,1796562725614,"L"
264507,65,30,0,0,DOWN,1796602712814,"A"
264507,65,30,0,0,UP,1796642494814,"A"
264507,78,49,0,0,DOWN,1796698500114,"N"
264507,78,49,0,0,UP,1796762729414,"N"
264507,68,32,0,0,DOWN,1796802716814,"D"
264507,70,33,0,0,DOWN,1796898743414,"F"
264507,68,32,0,0,UP,1796906724714,"D"
264507,70,33,0,0,UP,1796962730714,"F"
264507,72,35,0,0,DOWN,1797002789114,"H"
264507,72,35,0,0,UP,1797098740314,"H"
264507,66,48,0,0,DOWN,1797099626014,"B"
264507,85,22,0,0,DOWN,1797202721914,"U"
264507,66,48,0,0,UP,1797218712014,"B"
264507,82,19,0,0,DOWN,1797298765014,"R"
264507,85,22,0,0,UP,1797306730214,"U"
264507,71,34,0,0,DOWN,1797402697514,"G"
264507,82,19,0,0,UP,1797418768814,"R"
264507,71,34,0,0,UP,1797498807214,"G"
264507,69,18,0,0,DOWN,1797499983614,"E"
264507,69,18,0,0,UP,1797602767614,"E"
264507,78,49,0,0,DOWN,1797603657714,"N"
264507,78,49,0,0,UP,1797650808214,"N"
264507,76,38,0,0,DOWN,1797698733414,"L"
264507,76,38,0,0,UP,1797762716214,"L"
264507,65,30,0,0,DOWN,1797794697414,"A"
264507,65,30,0,0,UP,1797842826314,"A"
264507,78,49,0,0,DOWN,1797898797414,"N"
264507,78,49,0,0,UP,1797946689914,"N"
264507,68,32,0,0,DOWN,1798002707314,"D"
264507,70,33,0,0,DOWN,1798098717914,"F"
264507,68,32,0,0,UP,1798106746414,"D"
264507,70,33,0,0,UP,1798178709114,"F"
264507,72,35,0,0,DOWN,1798194718114,"H"
264507,66,48,0,0,DOWN,1798298748214,"B"
264507,72,35,0,0,UP,1798306825314,"H"
264507,85,22,0,0,DOWN,1798394709514,"U"
264507,66,48,0,0,UP,1798418752814,"B"
264507,82,19,0,0,DOWN,1798498746814,"R"
264507,85,22,0,0,UP,1798506732614,"U"
264507,71,34,0,0,DOWN,1798594773114,"G"
264507,82,19,0,0,UP,1798618807714,"R"
264507,69,18,0,0,DOWN,1798698816514,"E"
264507,71,34,0,0,UP,1798706796714,"G"
264507,69,18,0,0,UP,1798794557014,"E"
264507,78,49,0,0,DOWN,1798795391114,"N"
264507,78,49,0,0,UP,1798858506814,"N"
264507,76,38,0,0,DOWN,1798898760014,"L"
264507,76,38,0,0,UP,1798954758414,"L"
264507,65,30,0,0,DOWN,1799002669514,"A"
264507,65,30,0,0,UP,1799042734214,"A"
264507,78,49,0,0,DOWN,1799098747814,"N"
264507,78,49,0,0,UP,1799162681314,"N"
264507,68,32,0,0,DOWN,1799202717614,"D"
264507,70,33,0,0,DOWN,1799298728114,"F"
264507,68,32,0,0,UP,1799306708414,"D"
264507,70,33,0,0,UP,1799370742914,"F"
264507,72,35,0,0,DOWN,1799402743014,"H"
264507,72,35,0,0,UP,1799498805714,"H"
264507,66,48,0,0,DOWN,1799499725714,"B"
264507,85,22,0,0,DOWN,1799602750414,"U"
264507,66,48,0,0,UP,1799618915214,"B"
264507,82,19,0,0,DOWN,1799698774714,"R"
264507,85,22,0,0,UP,1799706799614,"U"
264507,71,34,0,0,DOWN,1799802775114,"G"
264507,82,19,0,0,UP,1799818897214,"R"
264507,69,18,0,0,DOWN,1799898740014,"E"
264507,71,34,0,0,UP,1799906467314,"G"
264507,78,49,0,0,DOWN,1800002507314,"N"
264507,69,18,0,0,UP,1800010822414,"E"
264507,78,49,0,0,UP,1800058738214,"N"
264507,76,38,0,0,DOWN,1800098720514,"L"
264507,76,38,0,0,UP,1800162751914,"L"
264507,65,30,0,0,DOWN,1800194580914,"A"
264507,65,30,0,0,UP,1800242793014,"A"
264507,78,49,0,0,DOWN,1800298807214,"N"
264507,78,49,0,0,UP,1800338763614,"N"
264507,68,32,0,0,DOWN,1800402788914,"D"
264507,70,33,0,0,DOWN,1800498818814,"F"
264507,68,32,0,0,UP,1800514690814,"D"
264507,70,33,0,0,UP,1800570728114,"F"
264507,72,35,0,0,DOWN,1800594953814,"H"
264507,72,35,0,0,UP,1800698765114,"H"
264507,66,48,0,0,DOWN,1800699377114,"B"
264507,85,22,0,0,DOWN,1800794936914,"U"
264507,66,48,0,0,UP,1800818751414,"B"
264507,82,19,0,0,DOWN,1800898780314,"R"
264507,85,22,0,0,UP,1800906718614,"U"
264507,71,34,0,0,DOWN,1800994929314,"G"
264507,82,19,0,0,UP,1801010812414,"R"
264507,69,18,0,0,DOWN,1801098747614,"E"
264507,71,34,0,0,UP,1801106711414,"G"
264507,69,18,0,0,UP,1801202752214,"E"
264507,78,49,0,0,DOWN,1801203230414,"N"
264507,78,49,0,0,UP,1801258766914,"N"
264507,76,38,0,0,DOWN,1801298758014,"L"
264507,76,38,0,0,UP,1801362531714,"L"
264507,65,30,0,0,DOWN,1801402746414,"A"
264507,65,30,0,0,UP,1801442541214,"A"
264507,78,49,0,0,DOWN,1801498743914,"N"
264507,78,49,0,0,UP,1801562644514,"N"
264507,68,32,0,0,DOWN,1801602767314,"D"
264507,70,33,0,0,DOWN,1801698795414,"F"
264507,68,32,0,0,UP,1801706768514,"D"
264507,70,33,0,0,UP,1801770747914,"F"
264507,72,35,0,0,DOWN,1801802769314,"H"
264507,72,35,0,0,UP,1801898767514,"H"
264507,66,48,0,0,DOWN,1801899716814,"B"
264507,85,22,0,0,DOWN,1802002751114,"U"
264507,66,48,0,0,UP,1802018741514,"B"
264507,82,19,0,0,DOWN,1802098738614,"R"
264507,85,22,0,0,UP,1802106753614,"U"
264507,71,34,0,0,DOWN,1802202761414,"G"
264507,82,19,0,0,UP,1802218826014,"R"
264507,69,18,0,0,DOWN,1802298789114,"E"
264507,71,34,0,0,UP,1802306713114,"G"
264507,78,49,0,0,DOWN,1802402800814,"N"
264507,69,18,0,0,UP,1802410776714,"E"
264507,78,49,0,0,UP,1802458772114,"N"
264507,76,38,0,0,DOWN,1802498792314,"L"
264507,76,38,0,0,UP,1802562917214,"L"
264507,65,30,0,0,DOWN,1802594766814,"A"
264507,65,30,0,0,UP,1802642801214,"A"
264507,78,49,0,0,DOWN,1802698759614,"N"
264507,78,49,0,0,UP,1802738740714,"N"
264507,68,32,0,0,DOWN,1802802788914,"D"
264507,70,33,0,0,DOWN,1802898872314,"F"
264507,68,32,0,0,UP,1802914504714,"D"
264507,70,33,0,0,UP,1802970791614,"F"
264507,72,35,0,0,DOWN,1802994759214,"H"
264507,72,35,0,0,UP,1803098595314,"H"
264507,66,48,0,0,DOWN,1803099439914,"B"
264507,85,22,0,0,DOWN,1803194782914,"U"
264507,66,48,0,0,UP,1803218799514,"B"
264507,85,22,0,0,UP,1803298752714,"U"
264507,82,19,0,0,DOWN,1803299659914,"R"
264507,71,34,0,0,DOWN,1803402803614,"G"
264507,82,19,0,0,UP,1803410803314,"R"
264507,69,18,0,0,DOWN,1803498863414,"E"
264507,71,34,0,0,UP,1803506831514,"G"
264507,78,49,0,0,DOWN,1803602805714,"N"
264507,69,18,0,0,UP,1803610741814,"E"
264507,78,49,0,0,UP,1803658829814,"N"
264507,76,38,0,0,DOWN,1803698768814,"L"
264507,76,38,0,0,UP,1803762749114,"L"
264507,65,30,0,0,DOWN,1803802875414,"A"
264507,65,30,0,0,UP,1803842815814,"A"
264507,78,49,0,0,DOWN,1803898761614,"N"
264507,78,49,0,0,UP,1803954765514,"N"
264507,68,32,0,0,DOWN,1804002789414,"D"
264507,70,33,0,0,DOWN,1804098735514,"F"
264507,68,32,0,0,UP,1804106792714,"D"
264507,70,33,0,0,UP,1804170800614,"F"
264507,72,35,0,0,DOWN,1804202799914,"H"
264507,72,35,0,0,UP,1804298770714,"H"
264507,66,48,0,0,DOWN,1804299667714,"B"
264507,85,22,0,0,DOWN,1804402771314,"U"
264507,66,48,0,0,UP,1804418750514,"B"
264507,82,19,0,0,DOWN,1804498570414,"R"
264507,85,22,0,0,UP,1804514613114,"U"
264507,71,34,0,0,DOWN,1804602754014,"G"
264507,82,19,0,0,UP,1804610765114,"R"
264507,69,18,0,0,DOWN,1804698556614,"E"
264507,71,34,0,0,UP,1804706771514,"G"
264507,78,49,0,0,DOWN,1804794763614,"N"
264507,69,18,0,0,UP,1804810737514,"E"
264507,78,49,0,0,UP,1804850781914,"N"
264507,76,38,0,0,DOWN,1804898550014,"L"
264507,76,38,0,0,UP,1804962769214,"L"
264507,65,30,0,0,DOWN,1804994791314,"A"
264507,65,30,0,0,UP,1805042808814,"A"
264507,78,49,0,0,DOWN,1805098551714,"N"
264507,78,49,0,0,UP,1805146844514,"N"
264507,68,32,0,0,DOWN,1805202801914,"D"
264507,70,33,0,0,DOWN,1805298576214,"F"
264507,68,32,0,0,UP,1805314793114,"D"
264507,70,33,0,0,UP,1805370828214,"F"
264507,72,35,0,0,DOWN,1805394794014,"H"
264507,72,35,0,0,UP,1805498555614,"H"
264507,66,48,0,0,DOWN,1805499227414,"B"
264507,85,22,0,0,DOWN,1805602824514,"U"
264507,66,48,0,0,UP,1805618790614,"B"
264507,82,19,0,0,DOWN,1805698567414,"R"
264507,85,22,0,0,UP,1805706793814,"U"
264507,71,34,0,0,DOWN,1805802782914,"G"
264507,82,19,0,0,UP,1805818849314,"R"
264507,69,18,0,0,DOWN,1805898624914,"E"
264507,71,34,0,0,UP,1805906804714,"G"
264507,69,18,0,0,UP,1806002802714,"E"
264507,78,49,0,0,DOWN,1806003774614,"N"
264507,78,49,0,0,UP,1806058840314,"N"
264507,76,38,0,0,DOWN,1806098557414,"L"
264507,76,38,0,0,UP,1806154494414,"L"
264507,65,30,0,0,DOWN,1806202526114,"A"
264507,65,30,0,0,UP,1806242772214,"A"
264507,78,49,0,0,DOWN,1806298891014,"N"
264507,78,49,0,0,UP,1806346834214,"N"
264507,68,32,0,0,DOWN,1806402827614,"D"
264507,70,33,0,0,DOWN,1806498879114,"F"
264507,68,32,0,0,UP,1806514807314,"D"
264507,70,33,0,0,UP,1806578723614,"F"
264507,72,35,0,0,DOWN,1806602851014,"H"
264507,72,35,0,0,UP,1806698901514,"H"
264507,66,48,0,0,DOWN,1806706829114,"B"
264507,85,22,0,0,DOWN,1806794818814,"U"
264507,66,48,0,0,UP,1806818601114,"B"
264507,82,19,0,0,DOWN,1806898850114,"R"
264507,85,22,0,0,UP,1806906763914,"U"
264507,71,34,0,0,DOWN,1806994820914,"G"
264507,82,19,0,0,UP,1807018890914,"R"
264507,69,18,0,0,DOWN,1807098848214,"E"
264507,71,34,0,0,UP,1807106796214,"G"
264507,78,49,0,0,DOWN,1807194806114,"N"
264507,69,18,0,0,UP,1807202756514,"E"
264507,78,49,0,0,UP,1807250842114,"N"
264507,76,38,0,0,DOWN,1807298788314,"L"
264507,76,38,0,0,UP,1807354722614,"L"
264507,65,30,0,0,DOWN,1807394786414,"A"
264507,65,30,0,0,UP,1807442804014,"A"
264507,78,49,0,0,DOWN,1807498849214,"N"
264507,78,49,0,0,UP,1807546766014,"N"
264507,68,32,0,0,DOWN,1807594782514,"D"
264507,70,33,0,0,DOWN,1807698848014,"F"
264507,68,32,0,0,UP,1807706847514,"D"
264507,70,33,0,0,UP,1807770782014,"F"
264507,72,35,0,0,DOWN,1807802792014,"H"
264507,66,48,0,0,DOWN,1807898829214,"B"
264507,72,35,0,0,UP,1807906820514,"H"
264507,85,22,0,0,DOWN,1808002852814,"U"
264507,66,48,0,0,UP,1808018615214,"B"
264507,82,19,0,0,DOWN,1808098811714,"R"
264507,85,22,0,0,UP,1808106734314,"U"
264507,71,34,0,0,DOWN,1808202914414,"G"
264507,82,19,0,0,UP,1808218802714,"R"
264507,69,18,0,0,DOWN,1808298853414,"E"
264507,71,34,0,0,UP,1808306563014,"G"
264507,69,18,0,0,UP,1808402810914,"E"
264507,78,49,0,0,DOWN,1808403506014,"N"
264507,78,49,0,0,UP,1808458784214,"N"
264507,76,38,0,0,DOWN,1808498837414,"L"
264507,76,38,0,0,UP,1808562846014,"L"
264507,65,30,0,0,DOWN,1808602821914,"A"
264507,65,30,0,0,UP,1808642810414,"A"
264507,78,49,0,0,DOWN,1808698873214,"N"
264507,78,49,0,0,UP,1808754814814,"N"
264507,68,32,0,0,DOWN,1808802809514,"D"
264507,70,33,0,0,DOWN,1808898801514,"F"
264507,68,32,0,0,UP,1808914792614,"D"
264507,70,33,0,0,UP,1808970828014,"F"
264507,72,35,0,0,DOWN,1809002819814,"H"
264507,72,35,0,0,UP,1809098808414,"H"
264507,66,48,0,0,DOWN,1809099491314,"B"
264507,85,22,0,0,DOWN,1809194841714,"U"
264507,66,48,0,0,UP,1809218656714,"B"
264507,82,19,0,0,DOWN,1809298859514,"R"
264507,85,22,0,0,UP,1809306835514,"U"
264507,71,34,0,0,DOWN,1809394836114,"G"
264507,82,19,0,0,UP,1809410830914,"R"
264507,69,18,0,0,DOWN,1809506840514,"E"
264507,71,34,0,0,UP,1809514883814,"G"
264507,78,49,0,0,DOWN,1809594856414,"N"
264507,69,18,0,0,UP,1809602615214,"E"
264507,78,49,0,0,UP,1809651043214,"N"
264507,76,38,0,0,DOWN,1809698862014,"L"
264507,76,38,0,0,UP,1809754801414,"L"
264507,65,30,0,0,DOWN,1809794867114,"A"
264507,65,30,0,0,UP,1809842820214,"A"
264507,78,49,0,0,DOWN,1809898905014,"N"
264507,78,49,0,0,UP,1809946848514,"N"
264507,68,32,0,0,DOWN,1810002800314,"D"
264507,70,33,0,0,DOWN,1810098825114,"F"
264507,68,32,0,0,UP,1810106939414,"D"
264507,70,33,0,0,UP,1810170592814,"F"
264507,72,35,0,0,DOWN,1810202587614,"H"
264507,72,35,0,0,UP,1810298812714,"H"
264507,66,48,0,0,DOWN,1810299482414,"B"
264507,85,22,0,0,DOWN,1810402600414,"U"
264507,66,48,0,0,UP,1810418594014,"B"
264507,82,19,0,0,DOWN,1810498812314,"R"
264507,85,22,0,0,UP,1810506843014,"U"
264507,71,34,0,0,DOWN,1810602643514,"G"
264507,82,19,0,0,UP,1810618795814,"R"
264507,69,18,0,0,DOWN,1810698883214,"E"
264507,71,34,0,0,UP,1810706830614,"G"
264507,69,18,0,0,UP,1810802596114,"E"
264507,78,49,0,0,DOWN,1810803525814,"N"
264507,78,49,0,0,UP,1810858578514,"N"
264507,76,38,0,0,DOWN,1810898835114,"L"
264507,76,38,0,0,UP,1810962848814,"L"
264507,65,30,0,0,DOWN,1810994873414,"A"
264507,65,30,0,0,UP,1811042894714,"A"
264507,78,49,0,0,DOWN,1811098783114,"N"
264507,78,49,0,0,UP,1811154739314,"N"
264507,68,32,0,0,DOWN,1811202509114,"D"
264507,70,33,0,0,DOWN,1811298861914,"F"
264507,68,32,0,0,UP,1811314842414,"D"
264507,70,33,0,0,UP,1811370877414,"F"
264507,72,35,0,0,DOWN,1811394822814,"H"
264507,66,48,0,0,DOWN,1811498655614,"B"
264507,72,35,0,0,UP,1811506812014,"H"
264507,85,22,0,0,DOWN,1811594809214,"U"
264507,66,48,0,0,UP,1811618931714,"B"
264507,82,19,0,0,DOWN,1811698822614,"R"
264507,85,22,0,0,UP,1811706812014,"U"
264507,71,34,0,0,DOWN,1811794867114,"G"
264507,82,19,0,0,UP,1811818894014,"R"
264507,69,18,0,0,DOWN,1811906648114,"E"
264507,71,34,0,0,UP,1811914842714,"G"
264507,78,49,0,0,DOWN,1811994862214,"N"
264507,69,18,0,0,UP,1812002786814,"E"
264507,78,49,0,0,UP,1812050835814,"N"
264507,76,38,0,0,DOWN,1812098943114,"L"
264507,76,38,0,0,UP,1812154896014,"L"
264507,65,30,0,0,DOWN,1812202910614,"A"
264507,65,30,0,0,UP,1812242846214,"A"
264507,78,49,0,0,DOWN,1812298875014,"N"
264507,78,49,0,0,UP,1812346882614,"N"
264507,68,32,0,0,DOWN,1812402931314,"D"
264507,70,33,0,0,DOWN,1812498862314,"F"
264507,68,32,0,0,UP,1812506860914,"D"
264507,70,33,0,0,UP,1812570604814,"F"
264507,72,35,0,0,DOWN,1812603077914,"H"
264507,72,35,0,0,UP,1812698872614,"H"
264507,66,48,0,0,DOWN,1812699490214,"B"
264507,85,22,0,0,DOWN,1812802862314,"U"
264507,66,48,0,0,UP,1812818824814,"B"
264507,85,22,0,0,UP,1812898871914,"U"
264507,82,19,0,0,DOWN,1812899825014,"R"
264507,71,34,0,0,DOWN,1813002894114,"G"
264507,82,19,0,0,UP,1813018851714,"R"
264507,69,18,0,0,DOWN,1813098878214,"E"
264507,71,34,0,0,UP,1813114836514,"G"
264507,69,18,0,0,UP,1813194820814,"E"
264507,78,49,0,0,DOWN,1813202860114,"N"
264507,78,49,0,0,UP,1813258829014,"N"
264507,76,38,0,0,DOWN,1813298840914,"L"
264507,76,38,0,0,UP,1813362831714,"L"
264507,65,30,0,0,DOWN,1813394829514,"A"
264507,65,30,0,0,UP,1813442858914,"A"
264507,78,49,0,0,DOWN,1813498829214,"N"
264507,78,49,0,0,UP,1813546853414,"N"
264507,68,32,0,0,DOWN,1813602833614,"D"
264507,70,33,0,0,DOWN,1813698869114,"F"
264507,68,32,0,0,UP,1813714891714,"D"
264507,70,33,0,0,UP,1813770787014,"F"
264507,72,35,0,0,DOWN,1813794858314,"H"
264507,66,48,0,0,DOWN,1813898927614,"B"
264507,72,35,0,0,UP,1813906526814,"H"
264507,85,22,0,0,DOWN,1813994962114,"U"
264507,66,48,0,0,UP,1814026884814,"B"
264507,82,19,0,0,DOWN,1814098873414,"R"
264507,85,22,0,0,UP,1814106859914,"U"
264507,71,34,0,0,DOWN,1814194845214,"G"
264507,82,19,0,0,UP,1814210844514,"R"
264507,69,18,0,0,DOWN,1814298586614,"E"
264507,71,34,0,0,UP,1814306859314,"G"
264507,78,49,0,0,DOWN,1814402843114,"N"
264507,69,18,0,0,UP,1814410867314,"E"
264507,78,49,0,0,UP,1814450924914,"N"
264507,76,38,0,0,DOWN,1814498918114,"L"
264507,76,38,0,0,UP,1814554570114,"L"
264507,65,30,0,0,DOWN,1814602866714,"A"
264507,65,30,0,0,UP,1814642843514,"A"
264507,78,49,0,0,DOWN,1814698878614,"N"
264507,78,49,0,0,UP,1814746859614,"N"
264507,68,32,0,0,DOWN,1814802856814,"D"
264507,70,33,0,0,DOWN,1814898883414,"F"
264507,68,32,0,0,UP,1814906880214,"D"
264507,70,33,0,0,UP,1814970874314,"F"
264507,72,35,0,0,DOWN,1815002863614,"H"
264507,72,35,0,0,UP,1815098879914,"H"
264507,66,48,0,0,DOWN,1815099427014,"B"
264507,85,22,0,0,DOWN,1815202870414,"U"
264507,66,48,0,0,UP,1815218843214,"B"
264507,82,19,0,0,DOWN,1815298868414,"R"
264507,85,22,0,0,UP,1815314839614,"U"
264507,71,34,0,0,DOWN,1815402911614,"G"
264507,82,19,0,0,UP,1815418904014,"R"
264507,71,34,0,0,UP,1815498612114,"G"
264507,69,18,0,0,DOWN,1815499542214,"E"
264507,69,18,0,0,UP,1815594844914,"E"
264507,78,49,0,0,DOWN,1815602844514,"N"
264507,78,49,0,0,UP,1815658842814,"N"
264507,76,38,0,0,DOWN,1815698846214,"L"
264507,76,38,0,0,UP,1815754941114,"L"
264507,65,30,0,0,DOWN,1815794854114,"A"
264507,65,30,0,0,UP,1815842920514,"A"
264507,78,49,0,0,DOWN,1815898899614,"N"
264507,78,49,0,0,UP,1815954969114,"N"
264507,68,32,0,0,DOWN,1816002926714,"D"
264507,70,33,0,0,DOWN,1816098893214,"F"
264507,68,32,0,0,UP,1816114830614,"D"
264507,70,33,0,0,UP,1816170901014,"F"
264507,72,35,0,0,DOWN,1816194889814,"H"
264507,72,35,0,0,UP,1816298909414,"H"
264507,66,48,0,0,DOWN,1816299921914,"B"
264507,85,22,0,0,DOWN,1816402873414,"U"
264507,66,48,0,0,UP,1816410957014,"B"
264507,82,19,0,0,DOWN,1816498929714,"R"
264507,85,22,0,0,UP,1816506845314,"U"
264507,71,34,0,0,DOWN,1816602891114,"G"
264507,82,19,0,0,UP,1816610862014,"R"
264507,69,18,0,0,DOWN,1816698907414,"E"
264507,71,34,0,0,UP,1816706521914,"G"
264507,78,49,0,0,DOWN,1816802901714,"N"
264507,69,18,0,0,UP,1816810921514,"E"
264507,78,49,0,0,UP,1816858856914,"N"
264507,76,38,0,0,DOWN,1816898733914,"L"
264507,76,38,0,0,UP,1816954856314,"L"
264507,65,30,0,0,DOWN,1817002864914,"A"
264507,65,30,0,0,UP,1817042845614,"A"
264507,78,49,0,0,DOWN,1817098923514,"N"
264507,78,49,0,0,UP,1817146868114,"N"
264507,68,32,0,0,DOWN,1817202903614,"D"
264507,70,33,0,0,DOWN,1817298918914,"F"
264507,68,32,0,0,UP,1817314895714,"D"
264507,70,33,0,0,UP,1817378599814,"F"
264507,72,35,0,0,DOWN,1817402910914,"H"
264507,72,35,0,0,UP,1817498917714,"H"
264507,66,48,0,0,DOWN,1817499630114,"B"
264507,85,22,0,0,DOWN,1817602912014,"U"
264507,66,48,0,0,UP,1817618887914,"B"
264507,82,19,0,0,DOWN,1817698899614,"R"
264507,85,22,0,0,UP,1817706809714,"U"
264507,71,34,0,0,DOWN,1817794910014,"G"
264507,82,19,0,0,UP,1817810912414,"R"
264507,69,18,0,0,DOWN,1817898909114,"E"
264507,71,34,0,0,UP,1817906812014,"G"
264507,78,49,0,0,DOWN,1817994895214,"N"
264507,69,18,0,0,UP,1818002907814,"E"
264507,78,49,0,0,UP,1818058894114,"N"
264507,76,38,0,0,DOWN,1818098625614,"L"
264507,76,38,0,0,UP,1818154878914,"L"
264507,65,30,0,0,DOWN,1818194917314,"A"
264507,65,30,0,0,UP,1818242874314,"A"
264507,78,49,0,0,DOWN,1818298897614,"N"
264507,78,49,0,0,UP,1818346895114,"N"
264507,68,32,0,0,DOWN,1818394885614,"D"
264507,70,33,0,0,DOWN,1818498903714,"F"
264507,68,32,0,0,UP,1818506991414,"D"
264507,70,33,0,0,UP,1818570911014,"F"
264507,72,35,0,0,DOWN,1818602921414,"H"
264507,66,48,0,0,DOWN,1818698963114,"B"
264507,72,35,0,0,UP,1818707009714,"H"
264507,85,22,0,0,DOWN,1818802907414,"U"
264507,66,48,0,0,UP,1818818902414,"B"
264507,82,19,0,0,DOWN,1818898961914,"R"
264507,85,22,0,0,UP,1818906989714,"U"
264507,71,34,0,0,DOWN,1819002969814,"G"
264507,82,19,0,0,UP,1819018924214,"R"
264507,71,34,0,0,UP,1819098902614,"G"
264507,69,18,0,0,DOWN,1819099874414,"E"
264507,78,49,0,0,DOWN,1819202884214,"N"
264507,69,18,0,0,UP,1819210900114,"E"
264507,78,49,0,0,UP,1819258670014,"N"
264507,76,38,0,0,DOWN,1819298912814,"L"
264507,76,38,0,0,UP,1819354889714,"L"
264507,65,30,0,0,DOWN,1819402910314,"A"
264507,65,30,0,0,UP,1819442632414,"A"
264507,78,49,0,0,DOWN,1819498920614,"N"
264507,78,49,0,0,UP,1819554925114,"N"
264507,68,32,0,0,DOWN,1819602903814,"D"
264507,70,33,0,0,DOWN,1819698896814,"F"
264507,68,32,0,0,UP,1819714872214,"D"
264507,70,33,0,0,UP,1819770895014,"F"
264507,72,35,0,0,DOWN,1819794886714,"H"
264507,66,48,0,0,DOWN,1819898900214,"B"
264507,72,35,0,0,UP,1819906927814,"H"
264507,85,22,0,0,DOWN,1819994632414,"U"
264507,66,48,0,0,UP,1820018878514,"B"
264507,82,19,0,0,DOWN,1820098876914,"R"
264507,85,22,0,0,UP,1820106912814,"U"
264507,71,34,0,0,DOWN,1820194907814,"G"
264507,82,19,0,0,UP,1820210680614,"R"
264507,69,18,0,0,DOWN,1820306899514,"E"
264507,71,34,0,0,UP,1820314910514,"G"
264507,78,49,0,0,DOWN,1820394994414,"N"
264507,69,18,0,0,UP,1820402901814,"E"
264507,78,49,0,0,UP,1820458797114,"N"
264507,76,38,0,0,DOWN,1820498928214,"L"
264507,76,38,0,0,UP,1820554914014,"L"
264507,65,30,0,0,DOWN,1820602903714,"A"
264507,65,30,0,0,UP,1820642673314,"A"
264507,78,49,0,0,DOWN,1820698917714,"N"
264507,78,49,0,0,UP,1820746905814,"N"
264507,68,32,0,0,DOWN,1820802701014,"D"
264507,70,33,0,0,DOWN,1820898931814,"F"
264507,68,32,0,0,UP,1820906942114,"D"
264507,70,33,0,0,UP,1820978940014,"F"
264507,72,35,0,0,DOWN,1821002909914,"H"
264507,72,35,0,0,UP,1821098746214,"H"
264507,66,48,0,0,DOWN,1821099656714,"B"
264507,85,22,0,0,DOWN,1821202857014,"U"
264507,66,48,0,0,UP,1821218877214,"B"
264507,85,22,0,0,UP,1821298885014,"U"
264507,82,19,0,0,DOWN,1821299686614,"R"
264507,71,34,0,0,DOWN,1821402955514,"G"
264507,82,19,0,0,UP,1821418903314,"R"
264507,69,18,0,0,DOWN,1821498937714,"E"
264507,71,34,0,0,UP,1821514711314,"G"
264507,78,49,0,0,DOWN,1821602947214,"N"
264507,69,18,0,0,UP,1821610682414,"E"
264507,78,49,0,0,UP,1821658950214,"N"
264507,76,38,0,0,DOWN,1821698955014,"L"
264507,76,38,0,0,UP,1821754936714,"L"
264507,65,30,0,0,DOWN,1821794898814,"A"
264507,65,30,0,0,UP,1821843008614,"A"
264507,78,49,0,0,DOWN,1821898928014,"N"
264507,78,49,0,0,UP,1821954904014,"N"
264507,68,32,0,0,DOWN,1822002925014,"D"
264507,70,33,0,0,DOWN,1822098947614,"F"
264507,68,32,0,0,UP,1822114913714,"D"
264507,70,33,0,0,UP,1822170948414,"F"
264507,72,35,0,0,DOWN,1822194904614,"H"
264507,72,35,0,0,UP,1822298952214,"H"
264507,66,48,0,0,DOWN,1822299672714,"B"
264507,85,22,0,0,DOWN,1822394863614,"U"
264507,66,48,0,0,UP,1822418651814,"B"
264507,82,19,0,0,DOWN,1822498893514,"R"
264507,85,22,0,0,UP,1822506870714,"U"
264507,71,34,0,0,DOWN,1822602919314,"G"
264507,82,19,0,0,UP,1822610693214,"R"
264507,69,18,0,0,DOWN,1822698999014,"E"
264507,71,34,0,0,UP,1822706938114,"G"
264507,78,49,0,0,DOWN,1822802951014,"N"
264507,69,18,0,0,UP,1822810702214,"E"
264507,78,49,0,0,UP,1822858889214,"N"
264507,76,38,0,0,DOWN,1822898925514,"L"
264507,76,38,0,0,UP,1822954917314,"L"
264507,65,30,0,0,DOWN,1823002920114,"A"
264507,65,30,0,0,UP,1823042945414,"A"
264507,78,49,0,0,DOWN,1823098917714,"N"
264507,78,49,0,0,UP,1823154896314,"N"
264507,68,32,0,0,DOWN,1823202937514,"D"
264507,70,33,0,0,DOWN,1823298953614,"F"
264507,68,32,0,0,UP,1823306720814,"D"
264507,70,33,0,0,UP,1823378934614,"F"
264507,72,35,0,0,DOWN,1823402919614,"H"
264507,72,35,0,0,UP,1823498943414,"H"
264507,66,48,0,0,DOWN,1823499693814,"B"
264507,85,22,0,0,DOWN,1823602951514,"U"
264507,66,48,0,0,UP,1823618936814,"B"
264507,85,22,0,0,UP,1823698942314,"U"
264507,82,19,0,0,DOWN,1823706940214,"R"
264507,71,34,0,0,DOWN,1823802969014,"G"
264507,82,19,0,0,UP,1823818922414,"R"
264507,69,18,0,0,DOWN,1823898861614,"E"
264507,71,34,0,0,UP,1823906920814,"G"
264507,78,49,0,0,DOWN,1823994759514,"N"
264507,69,18,0,0,UP,1824011013114,"E"
264507,78,49,0,0,UP,1824058781414,"N"
264507,76,38,0,0,DOWN,1824098940614,"L"
264507,76,38,0,0,UP,1824154932614,"L"
264507,65,30,0,0,DOWN,1824194811414,"A"
264507,65,30,0,0,UP,1824242927314,"A"
264507,78,49,0,0,DOWN,1824298964414,"N"
264507,78,49,0,0,UP,1824354966014,"N"
264507,68,32,0,0,DOWN,1824402963814,"D"
264507,70,33,0,0,DOWN,1824498946814,"F"
264507,68,32,0,0,UP,1824506953314,"D"
264507,70,33,0,0,UP,1824570968314,"F"
264507,72,35,0,0,DOWN,1824595016814,"H"
264507,72,35,0,0,UP,1824698962114,"H"
264507,66,48,0,0,DOWN,1824699974414,"B"
264507,85,22,0,0,DOWN,1824802960514,"U"
264507,66,48,0,0,UP,1824818983314,"B"
264507,82,19,0,0,DOWN,1824898969414,"R"
264507,85,22,0,0,UP,1824907001314,"U"
264507,71,34,0,0,DOWN,1825003074914,"G"
264507,82,19,0,0,UP,1825010967914,"R"
264507,69,18,0,0,DOWN,1825098956914,"E"
264507,71,34,0,0,UP,1825106671514,"G"
264507,69,18,0,0,UP,1825202926014,"E"
264507,78,49,0,0,DOWN,1825203591114,"N"
264507,78,49,0,0,UP,1825258927414,"N"
264507,76,38,0,0,DOWN,1825298929714,"L"
264507,76,38,0,0,UP,1825362647914,"L"
264507,65,30,0,0,DOWN,1825402998714,"A"
264507,65,30,0,0,UP,1825442941414,"A"
264507,78,49,0,0,DOWN,1825498815014,"N"
264507,78,49,0,0,UP,1825554956314,"N"
264507,68,32,0,0,DOWN,1825602962614,"D"
264507,70,33,0,0,DOWN,1825699005014,"F"
264507,68,32,0,0,UP,1825707005014,"D"
264507,70,33,0,0,UP,1825779150714,"F"
264507,72,35,0,0,DOWN,1825803009814,"H"
264507,72,35,0,0,UP,1825899001314,"H"
264507,66,48,0,0,DOWN,1825899599814,"B"
264507,85,22,0,0,DOWN,1826002973214,"U"
264507,66,48,0,0,UP,1826018932514,"B"
264507,85,22,0,0,UP,1826098972914,"U"
264507,82,19,0,0,DOWN,1826099683314,"R"
264507,71,34,0,0,DOWN,1826194975314,"G"
264507,82,19,0,0,UP,1826218959614,"R"
264507,69,18,0,0,DOWN,1826298972414,"E"
264507,71,34,0,0,UP,1826306968914,"G"
264507,78,49,0,0,DOWN,1826394710814,"N"
264507,69,18,0,0,UP,1826402913914,"E"
264507,78,49,0,0,UP,1826458938814,"N"
264507,76,38,0,0,DOWN,1826498951814,"L"
264507,76,38,0,0,UP,1826554943214,"L"
264507,65,30,0,0,DOWN,1826594942614,"A"
264507,65,30,0,0,UP,1826642923214,"A"
264507,78,49,0,0,DOWN,1826699020514,"N"
264507,78,49,0,0,UP,1826746751114,"N"
264507,68,32,0,0,DOWN,1826795020714,"D"
264507,70,33,0,0,DOWN,1826898974814,"F"
264507,68,32,0,0,UP,1826906984114,"D"
264507,70,33,0,0,UP,1826970980214,"F"
264507,72,35,0,0,DOWN,1827002924314,"H"
264507,72,35,0,0,UP,1827098985214,"H"
264507,66,48,0,0,DOWN,1827099968214,"B"
264507,85,22,0,0,DOWN,1827202968614,"U"
264507,66,48,0,0,UP,1827219001914,"B"
264507,82,19,0,0,DOWN,1827298967514,"R"
264507,85,22,0,0,UP,1827306720014,"U"
264507,71,34,0,0,DOWN,1827402944114,"G"
264507,82,19,0,0,UP,1827419034714,"R"
264507,69,18,0,0,DOWN,1827498914714,"E"
264507,71,34,0,0,UP,1827506955314,"G"
264507,78,49,0,0,DOWN,1827602986914,"N"
264507,69,18,0,0,UP,1827611043214,"E"
264507,78,49,0,0,UP,1827658969614,"N"
264507,76,38,0,0,DOWN,1827698966814,"L"
264507,76,38,0,0,UP,1827754950114,"L"
264507,65,30,0,0,DOWN,1827802989814,"A"
264507,65,30,0,0,UP,1827842838014,"A"
264507,78,49,0,0,DOWN,1827898961914,"N"
264507,78,49,0,0,UP,1827955022614,"N"
264507,68,32,0,0,DOWN,1828002958614,"D"
264507,70,33,0,0,DOWN,1828098731214,"F"
264507,68,32,0,0,UP,1828114821714,"D"
264507,70,33,0,0,UP,1828178973214,"F"
264507,72,35,0,0,DOWN,1828202960414,"H"
264507,72,35,0,0,UP,1828298963814,"H"
264507,66,48,0,0,DOWN,1828299898414,"B"
264507,85,22,0,0,DOWN,1828394970914,"U"
264507,66,48,0,0,UP,1828418876614,"B"
264507,85,22,0,0,UP,1828498991214,"U"
264507,82,19,0,0,DOWN,1828499800414,"R"
264507,71,34,0,0,DOWN,1828594978714,"G"
264507,82,19,0,0,UP,1828619025714,"R"
264507,71,34,0,0,UP,1828707024714,"G"
264507,69,18,0,0,DOWN,1828707908214,"E"
264507,78,49,0,0,DOWN,1828794999314,"N"
264507,69,18,0,0,UP,1828802868214,"E"
264507,78,49,0,0,UP,1828858753714,"N"
264507,76,38,0,0,DOWN,1828898768714,"L"
264507,76,38,0,0,UP,1828954963214,"L"
264507,65,30,0,0,DOWN,1829003024814,"A"
264507,65,30,0,0,UP,1829042968214,"A"
264507,78,49,0,0,DOWN,1829098749814,"N"
264507,78,49,0,0,UP,1829154970614,"N"
264507,68,32,0,0,DOWN,1829202971014,"D"
264507,70,33,0,0,DOWN,1829298910914,"F"
264507,68,32,0,0,UP,1829307011014,"D"
264507,70,33,0,0,UP,1829370985314,"F"
264507,72,35,0,0,DOWN,1829402986114,"H"
264507,72,35,0,0,UP,1829498771214,"H"
264507,66,48,0,0,DOWN,1829506733014,"B"
264507,85,22,0,0,DOWN,1829603006514,"U"
264507,66,48,0,0,UP,1829618980614,"B"
264507,82,19,0,0,DOWN,1829698865214,"R"
264507,85,22,0,0,UP,1829706966514,"U"
264507,71,34,0,0,DOWN,1829802941714,"G"
264507,82,19,0,0,UP,1829818766514,"R"
264507,71,34,0,0,UP,1829899001814,"G"
264507,69,18,0,0,DOWN,1829899733814,"E"
264507,69,18,0,0,UP,1830003019614,"E"
264507,78,49,0,0,DOWN,1830003988014,"N"
264507,78,49,0,0,UP,1830058723814,"N"
264507,76,38,0,0,DOWN,1830098741014,"L"
264507,76,38,0,0,UP,1830155041714,"L"
264507,65,30,0,0,DOWN,1830194990614,"A"
264507,65,30,0,0,UP,1830242998614,"A"
264507,78,49,0,0,DOWN,1830298960314,"N"
264507,78,49,0,0,UP,1830363064414,"N"
264507,68,32,0,0,DOWN,1830402987414,"D"
264507,70,33,0,0,DOWN,1830499071114,"F"
264507,68,32,0,0,UP,1830506732214,"D"
264507,70,33,0,0,UP,1830578964214,"F"
264507,72,35,0,0,DOWN,1830595014114,"H"
264507,66,48,0,0,DOWN,1830699139114,"B"
264507,72,35,0,0,UP,1830706689014,"H"
264507,85,22,0,0,DOWN,1830794981814,"U"
264507,66,48,0,0,UP,1830818962114,"B"
264507,82,19,0,0,DOWN,1830899178214,"R"
264507,85,22,0,0,UP,1830907038814,"U"
264507,71,34,0,0,DOWN,1830995038614,"G"
264507,82,19,0,0,UP,1831018828014,"R"
264507,69,18,0,0,DOWN,1831099080114,"E"
264507,71,34,0,0,UP,1831106955914,"G"
264507,69,18,0,0,UP,1831203049914,"E"
264507,78,49,0,0,DOWN,1831203857114,"N"
264507,78,49,0,0,UP,1831259127314,"N"
264507,76,38,0,0,DOWN,1831298818114,"L"
264507,76,38,0,0,UP,1831355020114,"L"
264507,65,30,0,0,DOWN,1831403004614,"A"
264507,65,30,0,0,UP,1831443098814,"A"
264507,78,49,0,0,DOWN,1831499029614,"N"
264507,78,49,0,0,UP,1831547031614,"N"
264507,68,32,0,0,DOWN,1831603003914,"D"
264507,70,33,0,0,DOWN,1831699049914,"F"
264507,68,32,0,0,UP,1831706990414,"D"
264507,70,33,0,0,UP,1831779053514,"F"
264507,72,35,0,0,DOWN,1831803060514,"H"
264507,72,35,0,0,UP,1831898998714,"H"
264507,66,48,0,0,DOWN,1831906990914,"B"
264507,85,22,0,0,DOWN,1832003037514,"U"
264507,66,48,0,0,UP,1832010950514,"B"
264507,85,22,0,0,UP,1832099006814,"U"
264507,82,19,0,0,DOWN,1832099752714,"R"
264507,71,34,0,0,DOWN,1832203019814,"G"
264507,82,19,0,0,UP,1832219021014,"R"
264507,69,18,0,0,DOWN,1832299011014,"E"
264507,71,34,0,0,UP,1832307029614,"G"
264507,78,49,0,0,DOWN,1832403106214,"N"
264507,69,18,0,0,UP,1832411091414,"E"
264507,78,49,0,0,UP,1832459062314,"N"
264507,76,38,0,0,DOWN,1832499029314,"L"
264507,76,38,0,0,UP,1832554848414,"L"
264507,65,30,0,0,DOWN,1832595041114,"A"
264507,65,30,0,0,UP,1832643035014,"A"
264507,78,49,0,0,DOWN,1832699024914,"N"
264507,78,49,0,0,UP,1832755077214,"N"
264507,68,32,0,0,DOWN,1832803091114,"D"
264507,70,33,0,0,DOWN,1832898744614,"F"
264507,68,32,0,0,UP,1832906987014,"D"
264507,70,33,0,0,UP,1832979031014,"F"
264507,72,35,0,0,DOWN,1832995031014,"H"
264507,66,48,0,0,DOWN,1833099082914,"B"
264507,72,35,0,0,UP,1833106986614,"H"
264507,85,22,0,0,DOWN,1833195074914,"U"
264507,66,48,0,0,UP,1833211013414,"B"
264507,82,19,0,0,DOWN,1833299004314,"R"
264507,85,22,0,0,UP,1833306921714,"U"
264507,71,34,0,0,DOWN,1833403047914,"G"
264507,82,19,0,0,UP,1833419045414,"R"
264507,69,18,0,0,DOWN,1833499045514,"E"
264507,71,34,0,0,UP,1833506767414,"G"
264507,69,18,0,0,UP,1833603011614,"E"
264507,78,49,0,0,DOWN,1833603892814,"N"
264507,78,49,0,0,UP,1833659007614,"N"
264507,76,38,0,0,DOWN,1833699031814,"L"
264507,76,38,0,0,UP,1833754818714,"L"
264507,65,30,0,0,DOWN,1833803005814,"A"
264507,65,30,0,0,UP,1833843067114,"A"
264507,78,49,0,0,DOWN,1833899093014,"N"
264507,78,49,0,0,UP,1833955009514,"N"
264507,68,32,0,0,DOWN,1834003112914,"D"
264507,70,33,0,0,DOWN,1834098913614,"F"
264507,68,32,0,0,UP,1834107012814,"D"
264507,70,33,0,0,UP,1834163022214,"F"
264507,72,35,0,0,DOWN,1834203026814,"H"
264507,72,35,0,0,UP,1834299052514,"H"
264507,66,48,0,0,DOWN,1834300014914,"B"
264507,85,22,0,0,DOWN,1834403011514,"U"
264507,66,48,0,0,UP,1834418876314,"B"
264507,85,22,0,0,UP,1834498809714,"U"
264507,82,19,0,0,DOWN,1834499765114,"R"
264507,71,34,0,0,DOWN,1834602991714,"G"
264507,82,19,0,0,UP,1834610987814,"R"
264507,71,34,0,0,UP,1834699043214,"G"
264507,69,18,0,0,DOWN,1834699614214,"E"
264507,78,49,0,0,DOWN,1834795062614,"N"
264507,69,18,0,0,UP,1834811171414,"E"
264507,78,49,0,0,UP,1834858773714,"N"
264507,76,38,0,0,DOWN,1834899020114,"L"
264507,76,38,0,0,UP,1834954910114,"L"
264507,65,30,0,0,DOWN,1834995097214,"A"
264507,65,30,0,0,UP,1835043050114,"A"
264507,78,49,0,0,DOWN,1835099079314,"N"
264507,78,49,0,0,UP,1835155029214,"N"
264507,68,32,0,0,DOWN,1835202830614,"D"
264507,70,33,0,0,DOWN,1835299081614,"F"
264507,68,32,0,0,UP,1835315068514,"D"
264507,70,33,0,0,UP,1835379060114,"F"
264507,72,35,0,0,DOWN,1835395071314,"H"
264507,66,48,0,0,DOWN,1835499092314,"B"
264507,72,35,0,0,UP,1835507092814,"H"
264507,85,22,0,0,DOWN,1835602823514,"U"
264507,66,48,0,0,UP,1835618775814,"B"
264507,82,19,0,0,DOWN,1835699074514,"R"
264507,85,22,0,0,UP,1835707072914,"U"
264507,71,34,0,0,DOWN,1835802950014,"G"
264507,82,19,0,0,UP,1835811055014,"R"
264507,69,18,0,0,DOWN,1835899062414,"E"
264507,71,34,0,0,UP,1835907043414,"G"
264507,69,18,0,0,UP,1836002940414,"E"
264507,78,49,0,0,DOWN,1836003755714,"N"
264507,78,49,0,0,UP,1836058716814,"N"
264507,76,38,0,0,DOWN,1836098808714,"L"
264507,76,38,0,0,UP,1836154765514,"L"
264507,65,30,0,0,DOWN,1836202998114,"A"
264507,65,30,0,0,UP,1836243043014,"A"
264507,78,49,0,0,DOWN,1836299082414,"N"
264507,78,49,0,0,UP,1836354924814,"N"
264507,68,32,0,0,DOWN,1836402932914,"D"
264507,70,33,0,0,DOWN,1836499085214,"F"
264507,68,32,0,0,UP,1836507035614,"D"
264507,70,33,0,0,UP,1836579096514,"F"
264507,72,35,0,0,DOWN,1836603192614,"H"
264507,72,35,0,0,UP,1836699057714,"H"
264507,66,48,0,0,DOWN,1836707068814,"B"
264507,85,22,0,0,DOWN,1836803217114,"U"
264507,66,48,0,0,UP,1836819035914,"B"
264507,82,19,0,0,DOWN,1836898850914,"R"
264507,85,22,0,0,UP,1836915052514,"U"
264507,71,34,0,0,DOWN,1837003286614,"G"
264507,82,19,0,0,UP,1837011093714,"R"
264507,69,18,0,0,DOWN,1837099085114,"E"
264507,71,34,0,0,UP,1837107006914,"G"
264507,78,49,0,0,DOWN,1837194910814,"N"
264507,69,18,0,0,UP,1837203151814,"E"
264507,78,49,0,0,UP,1837259059714,"N"
264507,76,38,0,0,DOWN,1837299105914,"L"
264507,76,38,0,0,UP,1837355023814,"L"
264507,65,30,0,0,DOWN,1837395064714,"A"
264507,65,30,0,0,UP,1837443068514,"A"
264507,78,49,0,0,DOWN,1837499035714,"N"
264507,78,49,0,0,UP,1837555023214,"N"
264507,68,32,0,0,DOWN,1837603102814,"D"
264507,70,33,0,0,DOWN,1837699093514,"F"
264507,68,32,0,0,UP,1837707049114,"D"
264507,70,33,0,0,UP,1837770828814,"F"
264507,72,35,0,0,DOWN,1837803065714,"H"
264507,66,48,0,0,DOWN,1837899073814,"B"
264507,72,35,0,0,UP,1837907046914,"H"
264507,85,22,0,0,DOWN,1838002887114,"U"
264507,66,48,0,0,UP,1838019080914,"B"
264507,82,19,0,0,DOWN,1838099073414,"R"
264507,85,22,0,0,UP,1838107041914,"U"
264507,71,34,0,0,DOWN,1838203071214,"G"
264507,82,19,0,0,UP,1838218799814,"R"
264507,69,18,0,0,DOWN,1838299109114,"E"
264507,71,34,0,0,UP,1838307076814,"G"
264507,69,18,0,0,UP,1838403073414,"E"
264507,78,49,0,0,DOWN,1838403986014,"N"
264507,78,49,0,0,UP,1838459066914,"N"
264507,76,38,0,0,DOWN,1838499243014,"L"
264507,76,38,0,0,UP,1838554961514,"L"
264507,65,30,0,0,DOWN,1838603103314,"A"
264507,65,30,0,0,UP,1838643055314,"A"
264507,78,49,0,0,DOWN,1838699114314,"N"
264507,78,49,0,0,UP,1838763150514,"N"
264507,68,32,0,0,DOWN,1838803090114,"D"
264507,70,33,0,0,DOWN,1838899067914,"F"
264507,68,32,0,0,UP,1838915075914,"D"
264507,70,33,0,0,UP,1838979105914,"F"
264507,72,35,0,0,DOWN,1839003089714,"H"
264507,66,48,0,0,DOWN,1839099106414,"B"
264507,72,35,0,0,UP,1839106976414,"H"
264507,85,22,0,0,DOWN,1839203067714,"U"
264507,66,48,0,0,UP,1839219075014,"B"
264507,82,19,0,0,DOWN,1839299094814,"R"
264507,85,22,0,0,UP,1839307056014,"U"
264507,71,34,0,0,DOWN,1839395088414,"G"
264507,82,19,0,0,UP,1839419249414,"R"
264507,71,34,0,0,UP,1839499088514,"G"
264507,69,18,0,0,DOWN,1839500092314,"E"
264507,78,49,0,0,DOWN,1839595081414,"N"
264507,69,18,0,0,UP,1839602803214,"E"
264507,78,49,0,0,UP,1839667068114,"N"
264507,76,38,0,0,DOWN,1839699093214,"L"
264507,76,38,0,0,UP,1839755204514,"L"
264507,65,30,0,0,DOWN,1839795088414,"A"
264507,65,30,0,0,UP,1839843111914,"A"
264507,78,49,0,0,DOWN,1839899205214,"N"
264507,78,49,0,0,UP,1839955206514,"N"
264507,68,32,0,0,DOWN,1840003101414,"D"
264507,70,33,0,0,DOWN,1840099092114,"F"
264507,68,32,0,0,UP,1840106820414,"D"
264507,70,33,0,0,UP,1840171064514,"F"
264507,72,35,0,0,DOWN,1840203070814,"H"
264507,72,35,0,0,UP,1840291061814,"H"
264507,66,48,0,0,DOWN,1840299076914,"B"
264507,85,22,0,0,DOWN,1840403081014,"U"
264507,66,48,0,0,UP,1840419047814,"B"
264507,82,19,0,0,DOWN,1840499088614,"R"
264507,85,22,0,0,UP,1840506964014,"U"
264507,71,34,0,0,DOWN,1840603115414,"G"
264507,82,19,0,0,UP,1840619102414,"R"
264507,69,18,0,0,DOWN,1840699118914,"E"
264507,71,34,0,0,UP,1840706877514,"G"
264507,78,49,0,0,DOWN,1840803110214,"N"
264507,69,18,0,0,UP,1840811078814,"E"
264507,78,49,0,0,UP,1840867101414,"N"
264507,76,38,0,0,DOWN,1840899094414,"L"
264507,76,38,0,0,UP,1840955116314,"L"
264507,65,30,0,0,DOWN,1841002874614,"A"
264507,65,30,0,0,UP,1841042875214,"A"
264507,78,49,0,0,DOWN,1841099154214,"N"
264507,78,49,0,0,UP,1841163107714,"N"
264507,68,32,0,0,DOWN,1841203070714,"D"
264507,70,33,0,0,DOWN,1841299084914,"F"
264507,68,32,0,0,UP,1841315109914,"D"
264507,70,33,0,0,UP,1841363129014,"F"
264507,72,35,0,0,DOWN,1841403125714,"H"
264507,66,48,0,0,DOWN,1841498881614,"B"
264507,72,35,0,0,UP,1841506996414,"H"
264507,85,22,0,0,DOWN,1841595065914,"U"
264507,66,48,0,0,UP,1841619016614,"B"
264507,82,19,0,0,DOWN,1841699073314,"R"
264507,85,22,0,0,UP,1841706811014,"U"
264507,71,34,0,0,DOWN,1841795105714,"G"
264507,82,19,0,0,UP,1841819118514,"R"
264507,71,34,0,0,UP,1841907044714,"G"
264507,69,18,0,0,DOWN,1841907974014,"E"
264507,69,18,0,0,UP,1841995131614,"E"
264507,78,49,0,0,DOWN,1842003144414,"N"
264507,78,49,0,0,UP,1842067081914,"N"
264507,76,38,0,0,DOWN,1842099088014,"L"
264507,76,38,0,0,UP,1842155080714,"L"
264507,65,30,0,0,DOWN,1842195117914,"A"
264507,65,30,0,0,UP,1842243095314,"A"
264507,78,49,0,0,DOWN,1842299117414,"N"
264507,78,49,0,0,UP,1842355077114,"N"
264507,68,32,0,0,DOWN,1842403092214,"D"
264507,70,33,0,0,DOWN,1842499137914,"F"
264507,68,32,0,0,UP,1842507229014,"D"
264507,70,33,0,0,UP,1842571139314,"F"
264507,72,35,0,0,DOWN,1842603116714,"H"
264507,72,35,0,0,UP,1842690777814,"H"
264507,66,48,0,0,DOWN,1842699117914,"B"
264507,85,22,0,0,DOWN,1842803068214,"U"
264507,66,48,0,0,UP,1842827256314,"B"
264507,82,19,0,0,DOWN,1842899083714,"R"
264507,85,22,0,0,UP,1842907133614,"U"
264507,71,34,0,0,DOWN,1843003119314,"G"
264507,82,19,0,0,UP,1843018827414,"R"
264507,69,18,0,0,DOWN,1843099033714,"E"
264507,71,34,0,0,UP,1843107334714,"G"
264507,78,49,0,0,DOWN,1843203129614,"N"
264507,69,18,0,0,UP,1843211076614,"E"
264507,78,49,0,0,UP,1843267086114,"N"
264507,76,38,0,0,DOWN,1843299114714,"L"
264507,76,38,0,0,UP,1843363072814,"L"
264507,65,30,0,0,DOWN,1843403114314,"A"
264507,65,30,0,0,UP,1843443027614,"A"
264507,78,49,0,0,DOWN,1843499118214,"N"
264507,78,49,0,0,UP,1843562884614,"N"
264507,68,32,0,0,DOWN,1843603114314,"D"
264507,70,33,0,0,DOWN,1843699149514,"F"
264507,68,32,0,0,UP,1843707103514,"D"
264507,70,33,0,0,UP,1843771101814,"F"
264507,72,35,0,0,DOWN,1843795112814,"H"
264507,66,48,0,0,DOWN,1843899119414,"B"
264507,72,35,0,0,UP,1843906865914,"H"
264507,85,22,0,0,DOWN,1843995142114,"U"
264507,66,48,0,0,UP,1844027039614,"B"
264507,82,19,0,0,DOWN,1844099106414,"R"
264507,85,22,0,0,UP,1844107120014,"U"
264507,71,34,0,0,DOWN,1844195086314,"G"
264507,82,19,0,0,UP,1844219158014,"R"
264507,69,18,0,0,DOWN,1844307103414,"E"
264507,71,34,0,0,UP,1844315079414,"G"
264507,69,18,0,0,UP,1844395121714,"E"
264507,78,49,0,0,DOWN,1844395645814,"N"
264507,78,49,0,0,UP,1844467151914,"N"
264507,76,38,0,0,DOWN,1844499081514,"L"
264507,76,38,0,0,UP,1844555170714,"L"
264507,65,30,0,0,DOWN,1844603175614,"A"
264507,65,30,0,0,UP,1844642903114,"A"
264507,78,49,0,0,DOWN,24735243,"N"
264507,78,49,0,0,UP,88654843,"N"
264507,68,32,0,0,DOWN,128718343,"D"
264507,70,33,0,0,DOWN,224742143,"F"
264507,68,32,0,0,UP,240726343,"D"
264507,70,33,0,0,UP,296700743,"F"
264507,72,35,0,0,DOWN,328711443,"H"
264507,72,35,0,0,UP,424716243,"H"
264507,66,48,0,0,DOWN,425697443,"B"
264507,85,22,0,0,DOWN,528724943,"U"
264507,66,48,0,0,UP,544706843,"B"
264507,82,19,0,0,DOWN,624787943,"R"
264507,85,22,0,0,UP,640734243,"U"
264507,71,34,0,0,DOWN,728762643,"G"
264507,82,19,0,0,UP,744721443,"R"
264507,69,18,0,0,DOWN,824694143,"E"
264507,71,34,0,0,UP,832749343,"G"
264507,78,49,0,0,DOWN,928715543,"N"
264507,69,18,0,0,UP,936387043,"E"
264507,78,49,0,0,UP,992686343,"N"
264507,76,38,0,0,DOWN,1024675643,"L"
264507,76,38,0,0,UP,1080699143,"L"
264507,65,30,0,0,DOWN,1120761043,"A"
264507,65,30,0,0,UP,1176469743,"A"
264507,78,49,0,0,DOWN,1224713343,"N"
264507,78,49,0,0,UP,1296760243,"N"
264507,68,32,0,0,DOWN,1328722743,"D"
264507,70,33,0,0,DOWN,1424671343,"F"
264507,68,32,0,0,UP,1440692043,"D"
264507,70,33,0,0,UP,1496732843,"F"
264507,72,35,0,0,DOWN,1520488343,"H"
264507,66,48,0,0,DOWN,1624747843,"B"
264507,72,35,0,0,UP,1632686543,"H"
264507,85,22,0,0,DOWN,1720723143,"U"
264507,66,48,0,0,UP,1752646343,"B"
264507,82,19,0,0,DOWN,1824722743,"R"
264507,85,22,0,0,UP,1832472343,"U"
264507,71,34,0,0,DOWN,1928786243,"G"
264507,82,19,0,0,UP,1944742943,"R"
264507,69,18,0,0,DOWN,2024765843,"E"
264507,71,34,0,0,UP,2032676043,"G"
264507,78,49,0,0,DOWN,2128749743,"N"
264507,69,18,0,0,UP,2136672843,"E"
264507,78,49,0,0,UP,2184719643,"N"
264507,76,38,0,0,DOWN,2224702043,"L"
264507,76,38,0,0,UP,2280780443,"L"
264507,65,30,0,0,DOWN,2328712843,"A"
264507,65,30,0,0,UP,2368713843,"A"
264507,78,49,0,0,DOWN,2424696543,"N"
264507,78,49,0,0,UP,2480732143,"N"
264507,68,32,0,0,DOWN,2528752643,"D"
264507,70,33,0,0,DOWN,2624744843,"F"
264507,68,32,0,0,UP,2640504143,"D"
264507,70,33,0,0,UP,2696738943,"F"
264507,72,35,0,0,DOWN,2728778543,"H"
264507,72,35,0,0,UP,2824739143,"H"
264507,66,48,0,0,DOWN,2840745043,"B"
264507,85,22,0,0,DOWN,2928744243,"U"
264507,66,48,0,0,UP,2944703243,"B"
264507,82,19,0,0,DOWN,3024697843,"R"
264507,85,22,0,0,UP,3040684343,"U"
264507,71,34,0,0,DOWN,3128731443,"G"
264507,82,19,0,0,UP,3144715643,"R"
264507,69,18,0,0,DOWN,3224730643,"E"
264507,71,34,0,0,UP,3232751143,"G"
264507,78,49,0,0,DOWN,3320654543,"N"
264507,69,18,0,0,UP,3336814243,"E"
264507,78,49,0,0,UP,3384738143,"N"
264507,76,38,0,0,DOWN,3424718443,"L"
264507,76,38,0,0,UP,3480632543,"L"
264507,65,30,0,0,DOWN,3520507143,"A"
264507,65,30,0,0,UP,3576765543,"A"
264507,78,49,0,0,DOWN,3624813343,"N"
264507,78,49,0,0,UP,3688704543,"N"
264507,68,32,0,0,DOWN,3728761843,"D"
264507,70,33,0,0,DOWN,3824716143,"F"
264507,68,32,0,0,UP,3840745743,"D"
264507,70,33,0,0,UP,3896770943,"F"
264507,72,35,0,0,DOWN,3928736143,"H"
264507,66,48,0,0,DOWN,4024516043,"B"
264507,72,35,0,0,UP,4032812343,"H"
264507,85,22,0,0,DOWN,4128778443,"U"
264507,66,48,0,0,UP,4152740743,"B"
264507,82,19,0,0,DOWN,4224812443,"R"
264507,85,22,0,0,UP,4232711243,"U"
264507,71,34,0,0,DOWN,4328833343,"G"
264507,82,19,0,0,UP,4344893243,"R"
264507,69,18,0,0,DOWN,4424500243,"E"
264507,71,34,0,0,UP,4432777843,"G"
264507,78,49,0,0,DOWN,4528758543,"N"
264507,69,18,0,0,UP,4544748143,"E"
264507,78,49,0,0,UP,4584802343,"N"
264507,76,38,0,0,DOWN,4624767443,"L"
264507,76,38,0,0,UP,4680751143,"L"
264507,65,30,0,0,DOWN,4728739343,"A"
264507,65,30,0,0,UP,4768758743,"A"
264507,78,49,0,0,DOWN,4824769743,"N"
264507,78,49,0,0,UP,4888504843,"N"
264507,68,32,0,0,DOWN,4928732743,"D"
264507,70,33,0,0,DOWN,5024720643,"F"
264507,68,32,0,0,UP,5040648143,"D"
264507,70,33,0,0,UP,5096731343,"F"
264507,72,35,0,0,DOWN,5128739043,"H"
264507,72,35,0,0,UP,5224425843,"H"
264507,66,48,0,0,DOWN,5225087243,"B"
264507,85,22,0,0,DOWN,5328763743,"U"
264507,66,48,0,0,UP,5344726943,"B"
264507,82,19,0,0,DOWN,5424727643,"R"
264507,85,22,0,0,UP,5432729243,"U"
264507,71,34,0,0,DOWN,5520750943,"G"
264507,82,19,0,0,UP,5536788043,"R"
264507,69,18,0,0,DOWN,5632800143,"E"
264507,71,34,0,0,UP,5640819443,"G"
264507,78,49,0,0,DOWN,5720770843,"N"
264507,69,18,0,0,UP,5728728943,"E"
264507,78,49,0,0,UP,5792781843,"N"
264507,76,38,0,0,DOWN,5824611343,"L"
264507,76,38,0,0,UP,5880760643,"L"
264507,65,30,0,0,DOWN,5920782143,"A"
264507,65,30,0,0,UP,5968776443,"A"
264507,78,49,0,0,DOWN,6024779143,"N"
264507,78,49,0,0,UP,6088737743,"N"
264507,68,32,0,0,DOWN,6128790243,"D"
264507,70,33,0,0,DOWN,6224792043,"F"
264507,68,32,0,0,UP,6232740143,"D"
264507,70,33,0,0,UP,6296743143,"F"
264507,72,35,0,0,DOWN,6328784643,"H"
264507,66,48,0,0,DOWN,6424574043,"B"
264507,72,35,0,0,UP,6432669943,"H"
264507,85,22,0,0,DOWN,6528723043,"U"
264507,66,48,0,0,UP,6552721943,"B"
264507,82,19,0,0,DOWN,6624739743,"R"
264507,85,22,0,0,UP,6632642143,"U"
264507,71,34,0,0,DOWN,6728836843,"G"
264507,82,19,0,0,UP,6744755343,"R"
264507,69,18,0,0,DOWN,6824746143,"E"
264507,71,34,0,0,UP,6832742243,"G"
264507,78,49,0,0,DOWN,6928784943,"N"
264507,69,18,0,0,UP,6936782743,"E"
264507,78,49,0,0,UP,6984762943,"N"
264507,76,38,0,0,DOWN,7024761143,"L"
264507,76,38,0,0,UP,7080904743,"L"
264507,65,30,0,0,DOWN,7128752943,"A"
264507,65,30,0,0,UP,7168762543,"A"
264507,78,49,0,0,DOWN,7224802143,"N"
264507,78,49,0,0,UP,7288864943,"N"
264507,68,32,0,0,DOWN,7328823743,"D"
264507,70,33,0,0,DOWN,7424634043,"F"
264507,68,32,0,0,UP,7440551143,"D"
264507,70,33,0,0,UP,7496828043,"F"
264507,72,35,0,0,DOWN,7528776043,"H"
264507,72,35,0,0,UP,7624773243,"H"
264507,66,48,0,0,DOWN,7625707343,"B"
264507,85,22,0,0,DOWN,7720764343,"U"
264507,66,48,0,0,UP,7744721243,"B"
264507,82,19,0,0,DOWN,7824752943,"R"
264507,85,22,0,0,UP,7832558943,"U"
264507,71,34,0,0,DOWN,7920755943,"G"
264507,82,19,0,0,UP,7944768743,"R"
264507,69,18,0,0,DOWN,8032781443,"E"
264507,71,34,0,0,UP,8040490443,"G"
264507,78,49,0,0,DOWN,8120815643,"N"
264507,69,18,0,0,UP,8128744043,"E"
264507,78,49,0,0,UP,8192761743,"N"
264507,76,38,0,0,DOWN,8224782743,"L"
264507,76,38,0,0,UP,8288787643,"L"
264507,65,30,0,0,DOWN,8328759943,"A"
264507,65,30,0,0,UP,8368799043,"A"
264507,78,49,0,0,DOWN,8424542543,"N"
264507,78,49,0,0,UP,8488751443,"N"
264507,68,32,0,0,DOWN,8528770143,"D"
264507,70,33,0,0,DOWN,8624516843,"F"
264507,68,32,0,0,UP,8632725743,"D"
264507,70,33,0,0,UP,8696785243,"F"
264507,72,35,0,0,DOWN,8728758143,"H"
264507,72,35,0,0,UP,8824577943,"H"
264507,66,48,0,0,DOWN,8825232343,"B"
264507,85,22,0,0,DOWN,8928800843,"U"
264507,66,48,0,0,UP,8952811343,"B"
264507,82,19,0,0,DOWN,9024560043,"R"
264507,85,22,0,0,UP,9032748043,"U"
264507,71,34,0,0,DOWN,9128813143,"G"
264507,82,19,0,0,UP,9144748743,"R"
264507,69,18,0,0,DOWN,9224565943,"E"
264507,71,34,0,0,UP,9232767043,"G"
264507,78,49,0,0,DOWN,9328762143,"N"
264507,69,18,0,0,UP,9336760543,"E"
264507,78,49,0,0,UP,9392540843,"N"
264507,76,38,0,0,DOWN,9424563643,"L"
264507,76,38,0,0,UP,9480777443,"L"
264507,65,30,0,0,DOWN,9520810543,"A"
264507,65,30,0,0,UP,9576540843,"A"
264507,78,49,0,0,DOWN,9624693843,"N"
264507,78,49,0,0,UP,9688750543,"N"
264507,68,32,0,0,DOWN,9728822043,"D"
264507,70,33,0,0,DOWN,9824785243,"F"
264507,68,32,0,0,UP,9840761343,"D"
264507,70,33,0,0,UP,9896914143,"F"
264507,72,35,0,0,DOWN,9920780443,"H"
264507,66,48,0,0,DOWN,10024896843,"B"
264507,72,35,0,0,UP,10032823343,"H"
264507,85,22,0,0,DOWN,10120789443,"U"
264507,66,48,0,0,UP,10152811343,"B"
264507,82,19,0,0,DOWN,10224977743,"R"
264507,85,22,0,0,UP,10232782643,"U"
264507,71,34,0,0,DOWN,10320833943,"G"
264507,82,19,0,0,UP,10344658243,"R"
264507,69,18,0,0,DOWN,10424816943,"E"
264507,71,34,0,0,UP,10432564643,"G"
264507,69,18,0,0,UP,10520769843,"E"
264507,78,49,0,0,DOWN,10528770643,"N"
264507,78,49,0,0,UP,10584790043,"N"
264507,76,38,0,0,DOWN,10624858543,"L"
264507,76,38,0,0,UP,10688793343,"L"
264507,65,30,0,0,DOWN,10728776143,"A"
264507,65,30,0,0,UP,10768802643,"A"
264507,78,49,0,0,DOWN,10824885743,"N"
264507,78,49,0,0,UP,10888792643,"N"
264507,68,32,0,0,DOWN,10928796643,"D"
264507,70,33,0,0,DOWN,11024756843,"F"
264507,68,32,0,0,UP,11040497343,"D"
264507,70,33,0,0,UP,11104771443,"F"
264507,72,35,0,0,DOWN,11128811443,"H"
264507,72,35,0,0,UP,11224838943,"H"
264507,66,48,0,0,DOWN,11225821443,"B"
264507,85,22,0,0,DOWN,11328802843,"U"
264507,66,48,0,0,UP,11344587443,"B"
264507,82,19,0,0,DOWN,11424818243,"R"
264507,85,22,0,0,UP,11440774043,"U"
264507,71,34,0,0,DOWN,11528890743,"G"
264507,82,19,0,0,UP,11544796043,"R"
264507,69,18,0,0,DOWN,11624782143,"E"
264507,71,34,0,0,UP,11632772943,"G"
264507,78,49,0,0,DOWN,11728807243,"N"
264507,69,18,0,0,UP,11736744043,"E"
264507,78,49,0,0,UP,11792662043,"N"
264507,76,38,0,0,DOWN,11824890943,"L"
264507,76,38,0,0,UP,11880831743,"L"
264507,65,30,0,0,DOWN,11920539043,"A"
264507,65,30,0,0,UP,11976583443,"A"
264507,78,49,0,0,DOWN,12024814343,"N"
264507,78,49,0,0,UP,12088831043,"N"
264507,68,32,0,0,DOWN,12128838943,"D"
264507,70,33,0,0,DOWN,12224801943,"F"
264507,68,32,0,0,UP,12240852843,"D"
264507,70,33,0,0,UP,12304842643,"F"
264507,72,35,0,0,DOWN,12320830343,"H"
264507,66,48,0,0,DOWN,12424811843,"B"
264507,72,35,0,0,UP,12432615143,"H"
264507,85,22,0,0,DOWN,12520869043,"U"
264507,66,48,0,0,UP,12544656643,"B"
264507,82,19,0,0,DOWN,12624842843,"R"
264507,85,22,0,0,UP,12632833643,"U"
264507,71,34,0,0,DOWN,12728613443,"G"
264507,82,19,0,0,UP,12736792443,"R"
264507,69,18,0,0,DOWN,12824842843,"E"
264507,71,34,0,0,UP,12832794243,"G"
264507,78,49,0,0,DOWN,12928824343,"N"
264507,69,18,0,0,UP,12936828343,"E"
264507,78,49,0,0,UP,12992820743,"N"
264507,76,38,0,0,DOWN,13024837043,"L"
264507,76,38,0,0,UP,13080838443,"L"
264507,65,30,0,0,DOWN,13128815543,"A"
264507,65,30,0,0,UP,13168778643,"A"
264507,78,49,0,0,DOWN,13224878243,"N"
264507,78,49,0,0,UP,13288692243,"N"
264507,68,32,0,0,DOWN,13328811643,"D"
264507,70,33,0,0,DOWN,13424816743,"F"
264507,68,32,0,0,UP,13440790643,"D"
264507,70,33,0,0,UP,13496780443,"F"
264507,72,35,0,0,DOWN,13528776543,"H"
264507,66,48,0,0,DOWN,13624859043,"B"
264507,72,35,0,0,UP,13632560843,"H"
264507,85,22,0,0,DOWN,13728802143,"U"
264507,66,48,0,0,UP,13752807043,"B"
264507,82,19,0,0,DOWN,13824873643,"R"
264507,85,22,0,0,UP,13832836643,"U"
264507,71,34,0,0,DOWN,13928994343,"G"
264507,82,19,0,0,UP,13936795743,"R"
264507,71,34,0,0,UP,14024657643,"G"
264507,69,18,0,0,DOWN,14025391443,"E"
264507,69,18,0,0,UP,14120596143,"E"
264507,78,49,0,0,DOWN,14128630743,"N"
264507,78,49,0,0,UP,14192828243,"N"
264507,76,38,0,0,DOWN,14224873543,"L"
264507,76,38,0,0,UP,14288829243,"L"
264507,65,30,0,0,DOWN,14320823443,"A"
264507,65,30,0,0,UP,14376821043,"A"
264507,78,49,0,0,DOWN,14424803343,"N"
264507,78,49,0,0,UP,14496788143,"N"
264507,68,32,0,0,DOWN,14528583443,"D"
264507,70,33,0,0,DOWN,14624867643,"F"
264507,68,32,0,0,UP,14640826543,"D"
264507,70,33,0,0,UP,14704814043,"F"
264507,72,35,0,0,DOWN,14720812243,"H"
264507,66,48,0,0,DOWN,14824851043,"B"
264507,72,35,0,0,UP,14832909143,"H"
264507,85,22,0,0,DOWN,14928641543,"U"
264507,66,48,0,0,UP,14944978443,"B"
264507,82,19,0,0,DOWN,15024846943,"R"
264507,85,22,0,0,UP,15032902943,"U"
264507,71,34,0,0,DOWN,15128636843,"G"
264507,82,19,0,0,UP,15136542743,"R"
264507,69,18,0,0,DOWN,15224804743,"E"
264507,71,34,0,0,UP,15232846943,"G"
264507,69,18,0,0,UP,15328744243,"E"
264507,78,49,0,0,DOWN,15329571943,"N"
264507,78,49,0,0,UP,15384818943,"N"
264507,76,38,0,0,DOWN,15424655043,"L"
264507,76,38,0,0,UP,15480815443,"L"
264507,65,30,0,0,DOWN,15528640843,"A"
264507,65,30,0,0,UP,15568847343,"A"
264507,78,49,0,0,DOWN,15624905443,"N"
264507,78,49,0,0,UP,15680860043,"N"
264507,68,32,0,0,DOWN,15728758943,"D"
264507,70,33,0,0,DOWN,15824821343,"F"
264507,68,32,0,0,UP,15840797943,"D"
264507,70,33,0,0,UP,15904855843,"F"
264507,72,35,0,0,DOWN,15928835443,"H"
264507,72,35,0,0,UP,16024820943,"H"
264507,66,48,0,0,DOWN,16032942543,"B"
264507,85,22,0,0,DOWN,16128930343,"U"
264507,66,48,0,0,UP,16144846143,"B"
264507,82,19,0,0,DOWN,16224872743,"R"
264507,85,22,0,0,UP,16232893743,"U"
264507,71,34,0,0,DOWN,16328925043,"G"
264507,82,19,0,0,UP,16344563943,"R"
264507,69,18,0,0,DOWN,16424619343,"E"
264507,71,34,0,0,UP,16432820543,"G"
264507,78,49,0,0,DOWN,16520850943,"N"
264507,69,18,0,0,UP,16536879743,"E"
264507,78,49,0,0,UP,16584960043,"N"
264507,76,38,0,0,DOWN,16624890843,"L"
264507,76,38,0,0,UP,16680652643,"L"
264507,65,30,0,0,DOWN,16720864843,"A"
264507,65,30,0,0,UP,16776843443,"A"
264507,78,49,0,0,DOWN,16824865643,"N"
264507,78,49,0,0,UP,16896734543,"N"
264507,68,32,0,0,DOWN,16928871643,"D"
264507,70,33,0,0,DOWN,17024841943,"F"
264507,68,32,0,0,UP,17040864543,"D"
264507,70,33,0,0,UP,17096685143,"F"
264507,72,35,0,0,DOWN,17128860443,"H"
264507,66,48,0,0,DOWN,17224830243,"B"
264507,72,35,0,0,UP,17232631543,"H"
264507,85,22,0,0,DOWN,17328838243,"U"
264507,66,48,0,0,UP,17352853243,"B"
264507,82,19,0,0,DOWN,17424838343,"R"
264507,85,22,0,0,UP,17432815643,"U"
264507,71,34,0,0,DOWN,17528914043,"G"
264507,82,19,0,0,UP,17544988043,"R"
264507,69,18,0,0,DOWN,17624831543,"E"
264507,71,34,0,0,UP,17632851043,"G"
264507,78,49,0,0,DOWN,17728893443,"N"
264507,69,18,0,0,UP,17736852443,"E"
264507,78,49,0,0,UP,17784843643,"N"
264507,76,38,0,0,DOWN,17824865243,"L"
264507,76,38,0,0,UP,17880618543,"L"
264507,65,30,0,0,DOWN,17928841643,"A"
264507,65,30,0,0,UP,17968832143,"A"
264507,78,49,0,0,DOWN,18024887843,"N"
264507,78,49,0,0,UP,18088885343,"N"
264507,68,32,0,0,DOWN,18128851343,"D"
264507,70,33,0,0,DOWN,18224871443,"F"
264507,68,32,0,0,UP,18240803543,"D"
264507,70,33,0,0,UP,18296908543,"F"
264507,72,35,0,0,DOWN,18328877943,"H"
264507,72,35,0,0,UP,18424884243,"H"
264507,66,48,0,0,DOWN,18425754943,"B"
264507,85,22,0,0,DOWN,18528847643,"U"
264507,66,48,0,0,UP,18544830043,"B"
264507,82,19,0,0,DOWN,18624842443,"R"
264507,85,22,0,0,UP,18640857843,"U"
264507,71,34,0,0,DOWN,18728617743,"G"
264507,82,19,0,0,UP,18744825743,"R"
264507,69,18,0,0,DOWN,18832846243,"E"
264507,71,34,0,0,UP,18840937643,"G"
264507,78,49,0,0,DOWN,18920868943,"N"
264507,69,18,0,0,UP,18928876843,"E"
264507,78,49,0,0,UP,18992969943,"N"
264507,76,38,0,0,DOWN,19024650343,"L"
264507,76,38,0,0,UP,19081002743,"L"
264507,65,30,0,0,DOWN,19120861643,"A"
264507,65,30,0,0,UP,19176864343,"A"
264507,78,49,0,0,DOWN,19224904043,"N"
264507,78,49,0,0,UP,19288906043,"N"
264507,68,32,0,0,DOWN,19328855643,"D"
264507,70,33,0,0,DOWN,19424869443,"F"
264507,68,32,0,0,UP,19432819143,"D"
264507,70,33,0,0,UP,19496898443,"F"
264507,72,35,0,0,DOWN,19528873143,"H"
264507,66,48,0,0,DOWN,19624964443,"B"
264507,72,35,0,0,UP,19632912943,"H"
264507,85,22,0,0,DOWN,19728905843,"U"
264507,66,48,0,0,UP,19744843043,"B"
264507,82,19,0,0,DOWN,19824888943,"R"
264507,85,22,0,0,UP,19832726643,"U"
264507,71,34,0,0,DOWN,19928859243,"G"
264507,82,19,0,0,UP,19944850643,"R"
264507,69,18,0,0,DOWN,20024868343,"E"
264507,71,34,0,0,UP,20032654443,"G"
264507,78,49,0,0,DOWN,20128853843,"N"
264507,69,18,0,0,UP,20136834243,"E"
264507,78,49,0,0,UP,20184879143,"N"
264507,76,38,0,0,DOWN,20224878643,"L"
264507,76,38,0,0,UP,20280929643,"L"
264507,65,30,0,0,DOWN,20328584543,"A"
264507,65,30,0,0,UP,20368908243,"A"
264507,78,49,0,0,DOWN,20424923143,"N"
264507,78,49,0,0,UP,20488922643,"N"
264507,68,32,0,0,DOWN,20528929243,"D"
264507,70,33,0,0,DOWN,20624965543,"F"
264507,68,32,0,0,UP,20640692743,"D"
264507,70,33,0,0,UP,20696903543,"F"
264507,72,35,0,0,DOWN,20728886143,"H"
264507,72,35,0,0,UP,20824925043,"H"
264507,66,48,0,0,DOWN,20832721343,"B"
264507,85,22,0,0,DOWN,20920882143,"U"
264507,66,48,0,0,UP,20944876443,"B"
264507,82,19,0,0,DOWN,21024895243,"R"
264507,85,22,0,0,UP,21032662943,"U"
264507,71,34,0,0,DOWN,21120894743,"G"
264507,82,19,0,0,UP,21144875143,"R"
264507,71,34,0,0,UP,21232801943,"G"
264507,69,18,0,0,DOWN,21233759843,"E"
264507,69,18,0,0,UP,21320875543,"E"
264507,78,49,0,0,DOWN,21321645543,"N"
264507,78,49,0,0,UP,21392881143,"N"
264507,76,38,0,0,DOWN,21424735143,"L"
264507,76,38,0,0,UP,21480867043,"L"
264507,65,30,0,0,DOWN,21520834143,"A"
264507,65,30,0,0,UP,21568877143,"A"
264507,78,49,0,0,DOWN,21624978343,"N"
264507,78,49,0,0,UP,21688965943,"N"
264507,68,32,0,0,DOWN,21728929043,"D"
264507,70,33,0,0,DOWN,21824919843,"F"
264507,68,32,0,0,UP,21832923043,"D"
264507,70,33,0,0,UP,21896877743,"F"
264507,72,35,0,0,DOWN,21928916943,"H"
264507,66,48,0,0,DOWN,22024904243,"B"
264507,72,35,0,0,UP,22032910543,"H"
264507,85,22,0,0,DOWN,22128895543,"U"
264507,66,48,0,0,UP,22144887543,"B"
264507,82,19,0,0,DOWN,22224935943,"R"
264507,85,22,0,0,UP,22233081543,"U"
264507,71,34,0,0,DOWN,22328910543,"G"
264507,82,19,0,0,UP,22344920543,"R"
264507,69,18,0,0,DOWN,22424887143,"E"
264507,71,34,0,0,UP,22432796743,"G"
264507,78,49,0,0,DOWN,22528895043,"N"
264507,69,18,0,0,UP,22536870243,"E"
264507,78,49,0,0,UP,22592963343,"N"
264507,76,38,0,0,DOWN,22624898343,"L"
264507,76,38,0,0,UP,22680869643,"L"
264507,65,30,0,0,DOWN,22728895743,"A"
264507,65,30,0,0,UP,22768784543,"A"
264507,78,49,0,0,DOWN,22824907843,"N"
264507,78,49,0,0,UP,22888884443,"N"
264507,68,32,0,0,DOWN,22928944043,"D"
264507,70,33,0,0,DOWN,23024918543,"F"
264507,68,32,0,0,UP,23040871043,"D"
264507,70,33,0,0,UP,23104907643,"F"
264507,72,35,0,0,DOWN,23128932343,"H"
264507,72,35,0,0,UP,23224936243,"H"
264507,66,48,0,0,DOWN,23225632643,"B"
264507,85,22,0,0,DOWN,23320930243,"U"
264507,66,48,0,0,UP,23344966343,"B"
264507,82,19,0,0,DOWN,23424837143,"R"
264507,85,22,0,0,UP,23432916843,"U"
264507,71,34,0,0,DOWN,23520907243,"G"
264507,82,19,0,0,UP,23544710343,"R"
264507,69,18,0,0,DOWN,23632938943,"E"
264507,71,34,0,0,UP,23640905743,"G"
264507,69,18,0,0,UP,23728596143,"E"
264507,78,49,0,0,DOWN,23729506743,"N"
264507,78,49,0,0,UP,23792645143,"N"
264507,76,38,0,0,DOWN,23824727843,"L"
264507,76,38,0,0,UP,23880538343,"L"
264507,65,30,0,0,DOWN,23928624543,"A"
264507,65,30,0,0,UP,23968422943,"A"
264507,78,49,0,0,DOWN,24024487943,"N"
264507,78,49,0,0,UP,24088711843,"N"
264507,68,32,0,0,DOWN,24128605043,"D"
264507,70,33,0,0,DOWN,24224883243,"F"
264507,68,32,0,0,UP,24240861443,"D"
264507,70,33,0,0,UP,24296892943,"F"
264507,72,35,0,0,DOWN,24328920643,"H"
264507,66,48,0,0,DOWN,24424875543,"B"
264507,72,35,0,0,UP,24432846643,"H"
264507,85,22,0,0,DOWN,24528926543,"U"
264507,66,48,0,0,UP,24544820843,"B"
264507,82,19,0,0,DOWN,24624953043,"R"
264507,85,22,0,0,UP,24632850743,"U"
264507,71,34,0,0,DOWN,24728933743,"G"
264507,82,19,0,0,UP,24744912343,"R"
264507,69,18,0,0,DOWN,24824909643,"E"
264507,71,34,0,0,UP,24832935543,"G"
264507,69,18,0,0,UP,24928953043,"E"
264507,78,49,0,0,DOWN,24929761843,"N"
264507,78,49,0,0,UP,24992715743,"N"
264507,76,38,0,0,DOWN,25024919743,"L"
264507,76,38,0,0,UP,25080920543,"L"
264507,65,30,0,0,DOWN,25120927843,"A"
264507,65,30,0,0,UP,25176926043,"A"
264507,78,49,0,0,DOWN,25224934543,"N"
264507,78,49,0,0,UP,25288970243,"N"
264507,68,32,0,0,DOWN,25328906443,"D"
264507,70,33,0,0,DOWN,25424921143,"F"
264507,68,32,0,0,UP,25440615843,"D"
264507,70,33,0,0,UP,25496919943,"F"
264507,72,35,0,0,DOWN,25520883443,"H"
264507,66,48,0,0,DOWN,25624942943,"B"
264507,72,35,0,0,UP,25632962843,"H"
264507,85,22,0,0,DOWN,25720913043,"U"
264507,66,48,0,0,UP,25744933643,"B"
264507,82,19,0,0,DOWN,25824975343,"R"
264507,85,22,0,0,UP,25832929243,"U"
264507,71,34,0,0,DOWN,25928497843,"G"
264507,82,19,0,0,UP,25936493743,"R"
264507,69,18,0,0,DOWN,26024455943,"E"
264507,71,34,0,0,UP,26032462543,"G"
264507,78,49,0,0,DOWN,26128619243,"N"
264507,69,18,0,0,UP,26136643643,"E"
264507,78,49,0,0,UP,26184644843,"N"
264507,76,38,0,0,DOWN,26224915843,"L"
264507,76,38,0,0,UP,26280735143,"L"
264507,65,30,0,0,DOWN,26328923243,"A"
264507,65,30,0,0,UP,26369085843,"A"
264507,78,49,0,0,DOWN,26424759343,"N"
264507,78,49,0,0,UP,26480928643,"N"
264507,68,32,0,0,DOWN,26528937243,"D"
264507,70,33,0,0,DOWN,26624987543,"F"
264507,68,32,0,0,UP,26632967043,"D"
264507,70,33,0,0,UP,26696991143,"F"
264507,72,35,0,0,DOWN,26728966243,"H"
264507,72,35,0,0,UP,26824933743,"H"
264507,66,48,0,0,DOWN,26826011643,"B"
264507,85,22,0,0,DOWN,26928915043,"U"
264507,66,48,0,0,UP,26944909643,"B"
264507,82,19,0,0,DOWN,27024961243,"R"
264507,85,22,0,0,UP,27032943643,"U"
264507,71,34,0,0,DOWN,27128939143,"G"
264507,82,19,0,0,UP,27145005043,"R"
264507,71,34,0,0,UP,27224964243,"G"
264507,69,18,0,0,DOWN,27225950043,"E"
264507,69,18,0,0,UP,27329008143,"E"
264507,78,49,0,0,DOWN,27329945043,"N"
264507,78,49,0,0,UP,27384921943,"N"
264507,76,38,0,0,DOWN,27424922443,"L"
264507,76,38,0,0,UP,27480950843,"L"
264507,65,30,0,0,DOWN,27520737443,"A"
264507,65,30,0,0,UP,27576947543,"A"
264507,78,49,0,0,DOWN,27624933143,"N"
264507,78,49,0,0,UP,27688932743,"N"
264507,68,32,0,0,DOWN,27728953943,"D"
264507,70,33,0,0,DOWN,27825025043,"F"
264507,68,32,0,0,UP,27840655343,"D"
264507,70,33,0,0,UP,27904702243,"F"
264507,72,35,0,0,DOWN,27920693243,"H"
264507,66,48,0,0,DOWN,28024968243,"B"
264507,72,35,0,0,UP,28032941043,"H"
264507,85,22,0,0,DOWN,28128904343,"U"
264507,66,48,0,0,UP,28144921143,"B"
264507,82,19,0,0,DOWN,28224883843,"R"
264507,85,22,0,0,UP,28232789243,"U"
264507,71,34,0,0,DOWN,28328928043,"G"
264507,82,19,0,0,UP,28336967243,"R"
264507,69,18,0,0,DOWN,28424936743,"E"
264507,71,34,0,0,UP,28432886643,"G"
264507,78,49,0,0,DOWN,28528949643,"N"
264507,69,18,0,0,UP,28536970043,"E"
264507,78,49,0,0,UP,28584995643,"N"
264507,76,38,0,0,DOWN,28624926843,"L"
264507,76,38,0,0,UP,28680838443,"L"
264507,65,30,0,0,DOWN,28728942243,"A"
264507,65,30,0,0,UP,28768942743,"A"
264507,78,49,0,0,DOWN,28824960843,"N"
264507,78,49,0,0,UP,28888734043,"N"
264507,68,32,0,0,DOWN,28928938443,"D"
264507,70,33,0,0,DOWN,29024735343,"F"
264507,68,32,0,0,UP,29040714143,"D"
264507,70,33,0,0,UP,29104699043,"F"
264507,72,35,0,0,DOWN,29128986043,"H"
264507,72,35,0,0,UP,29225035843,"H"
264507,66,48,0,0,DOWN,29225811343,"B"
264507,85,22,0,0,DOWN,29328949743,"U"
264507,66,48,0,0,UP,29344949243,"B"
264507,82,19,0,0,DOWN,29424907543,"R"
264507,85,22,0,0,UP,29440934543,"U"
264507,71,34,0,0,DOWN,29528938843,"G"
264507,82,19,0,0,UP,29544969543,"R"
264507,69,18,0,0,DOWN,29624944643,"E"
264507,71,34,0,0,UP,29632894943,"G"
264507,78,49,0,0,DOWN,29721013343,"N"
264507,69,18,0,0,UP,29728692243,"E"
264507,78,49,0,0,UP,29785004643,"N"
264507,76,38,0,0,DOWN,29824948443,"L"
264507,76,38,0,0,UP,29880972343,"L"
264507,65,30,0,0,DOWN,29920982843,"A"
264507,65,30,0,0,UP,29976936343,"A"
264507,78,49,0,0,DOWN,30024953943,"N"
264507,78,49,0,0,UP,30080955443,"N"
264507,68,32,0,0,DOWN,30129013443,"D"
264507,70,33,0,0,DOWN,30224852243,"F"
264507,68,32,0,0,UP,30240908143,"D"
264507,70,33,0,0,UP,30296971343,"F"
264507,72,35,0,0,DOWN,30328982643,"H"
264507,66,48,0,0,DOWN,30424820043,"B"
264507,72,35,0,0,UP,30433046643,"H"
264507,85,22,0,0,DOWN,30528970443,"U"
264507,66,48,0,0,UP,30544968543,"B"
264507,82,19,0,0,DOWN,30624783443,"R"
264507,85,22,0,0,UP,30632945043,"U"
264507,71,34,0,0,DOWN,30728994943,"G"
264507,82,19,0,0,UP,30744985543,"R"
264507,69,18,0,0,DOWN,30824936943,"E"
264507,71,34,0,0,UP,30832713443,"G"
264507,78,49,0,0,DOWN,30928924943,"N"
264507,69,18,0,0,UP,30937027943,"E"
264507,78,49,0,0,UP,30984984643,"N"
264507,76,38,0,0,DOWN,31024988943,"L"
264507,76,38,0,0,UP,31080918843,"L"
264507,65,30,0,0,DOWN,31128974743,"A"
264507,65,30,0,0,UP,31168996143,"A"
264507,78,49,0,0,DOWN,31224992643,"N"
264507,78,49,0,0,UP,31289130643,"N"
264507,68,32,0,0,DOWN,31328963043,"D"
264507,70,33,0,0,DOWN,31424937843,"F"
264507,68,32,0,0,UP,31440701143,"D"
264507,70,33,0,0,UP,31488973343,"F"
264507,72,35,0,0,DOWN,31529028343,"H"
264507,66,48,0,0,DOWN,31624957643,"B"
264507,72,35,0,0,UP,31633046843,"H"
264507,85,22,0,0,DOWN,31729019443,"U"
264507,66,48,0,0,UP,31745019343,"B"
264507,82,19,0,0,DOWN,31824958743,"R"
264507,85,22,0,0,UP,31840781643,"U"
264507,71,34,0,0,DOWN,31928988043,"G"
264507,82,19,0,0,UP,31944988343,"R"
264507,69,18,0,0,DOWN,32032969543,"E"
264507,71,34,0,0,UP,32040830043,"G"
264507,69,18,0,0,UP,32120961043,"E"
264507,78,49,0,0,DOWN,32121857543,"N"
264507,78,49,0,0,UP,32192952743,"N"
264507,76,38,0,0,DOWN,32224952443,"L"
264507,76,38,0,0,UP,32280935443,"L"
264507,65,30,0,0,DOWN,32328959943,"A"
264507,65,30,0,0,UP,32368969443,"A"
264507,78,49,0,0,DOWN,32425000243,"N"
264507,78,49,0,0,UP,32489089743,"N"
264507,68,32,0,0,DOWN,32528979643,"D"
264507,70,33,0,0,DOWN,32624760543,"F"
264507,68,32,0,0,UP,32632794143,"D"
264507,70,33,0,0,UP,32696977443,"F"
264507,72,35,0,0,DOWN,32729029743,"H"
264507,72,35,0,0,UP,32824785743,"H"
264507,66,48,0,0,DOWN,32825658743,"B"
264507,85,22,0,0,DOWN,32929003743,"U"
264507,66,48,0,0,UP,32944763243,"B"
264507,82,19,0,0,DOWN,33024710843,"R"
264507,85,22,0,0,UP,33032997943,"U"
264507,71,34,0,0,DOWN,33128985643,"G"
264507,82,19,0,0,UP,33145081543,"R"
264507,69,18,0,0,DOWN,33224909443,"E"
264507,71,34,0,0,UP,33232959543,"G"
264507,78,49,0,0,DOWN,33328989643,"N"
264507,69,18,0,0,UP,33337012343,"E"
264507,78,49,0,0,UP,33384757443,"N"
264507,76,38,0,0,DOWN,33424769843,"L"
264507,76,38,0,0,UP,33488994643,"L"
264507,65,30,0,0,DOWN,33528961343,"A"
264507,65,30,0,0,UP,33568960143,"A"
264507,78,49,0,0,DOWN,33624848243,"N"
264507,78,49,0,0,UP,33697014143,"N"
264507,68,32,0,0,DOWN,33729039543,"D"
264507,70,33,0,0,DOWN,33824862743,"F"
264507,68,32,0,0,UP,33841048743,"D"
264507,70,33,0,0,UP,33905018543,"F"
264507,72,35,0,0,DOWN,33929015143,"H"
264507,72,35,0,0,UP,34024828943,"H"
264507,66,48,0,0,DOWN,34025831643,"B"
264507,85,22,0,0,DOWN,34121020443,"U"
264507,66,48,0,0,UP,34144955143,"B"
264507,82,19,0,0,DOWN,34225031343,"R"
264507,85,22,0,0,UP,34232974043,"U"
264507,71,34,0,0,DOWN,34320820443,"G"
264507,82,19,0,0,UP,34353046243,"R"
264507,71,34,0,0,UP,34433003743,"G"
264507,69,18,0,0,DOWN,34433826943,"E"
264507,69,18,0,0,UP,34529015243,"E"
264507,78,49,0,0,DOWN,34529920143,"N"
264507,78,49,0,0,UP,34592874443,"N"
264507,76,38,0,0,DOWN,34625131643,"L"
264507,76,38,0,0,UP,34680978143,"L"
264507,65,30,0,0,DOWN,34729009343,"A"
264507,65,30,0,0,UP,34769024643,"A"
264507,78,49,0,0,DOWN,34825087243,"N"
264507,78,49,0,0,UP,34888990043,"N"
264507,68,32,0,0,DOWN,34928969443,"D"
264507,70,33,0,0,DOWN,35025101543,"F"
264507,68,32,0,0,UP,35040972443,"D"
264507,70,33,0,0,UP,35096983743,"F"
264507,72,35,0,0,DOWN,35128985243,"H"
264507,72,35,0,0,UP,35225033943,"H"
264507,66,48,0,0,DOWN,35226016343,"B"
264507,85,22,0,0,DOWN,35329017343,"U"
264507,66,48,0,0,UP,35344741343,"B"
264507,82,19,0,0,DOWN,35425038143,"R"
264507,85,22,0,0,UP,35440984343,"U"
264507,71,34,0,0,DOWN,35529030643,"G"
264507,82,19,0,0,UP,35544800643,"R"
264507,69,18,0,0,DOWN,35625066143,"E"
264507,71,34,0,0,UP,35632993943,"G"
264507,78,49,0,0,DOWN,35729016443,"N"
264507,69,18,0,0,UP,35736965843,"E"
264507,78,49,0,0,UP,35784988343,"N"
264507,76,38,0,0,DOWN,35825038143,"L"
264507,76,38,0,0,UP,35881007343,"L"
264507,65,30,0,0,DOWN,35921057243,"A"
264507,65,30,0,0,UP,35976765543,"A"
264507,78,49,0,0,DOWN,36025011543,"N"
264507,78,49,0,0,UP,36089032143,"N"
264507,68,32,0,0,DOWN,36129011843,"D"
264507,70,33,0,0,DOWN,36225015643,"F"
264507,68,32,0,0,UP,36240982843,"D"
264507,70,33,0,0,UP,36304993543,"F"
264507,72,35,0,0,DOWN,36320997343,"H"
264507,66,48,0,0,DOWN,36424862043,"B"
264507,72,35,0,0,UP,36432725843,"H"
264507,85,22,0,0,DOWN,36520961743,"U"
264507,66,48,0,0,UP,36544908643,"B"
264507,82,19,0,0,DOWN,36624980643,"R"
264507,85,22,0,0,UP,36632981043,"U"
264507,71,34,0,0,DOWN,36729065343,"G"
264507,82,19,0,0,UP,36736971643,"R"
264507,69,18,0,0,DOWN,36824899443,"E"
264507,71,34,0,0,UP,36833046443,"G"
264507,78,49,0,0,DOWN,36929013843,"N"
264507,69,18,0,0,UP,36937016143,"E"
264507,78,49,0,0,UP,36985002443,"N"
264507,76,38,0,0,DOWN,37025030843,"L"
264507,76,38,0,0,UP,37080989243,"L"
264507,65,30,0,0,DOWN,37129020443,"A"
264507,65,30,0,0,UP,37169000343,"A"
264507,78,49,0,0,DOWN,37225060243,"N"
264507,78,49,0,0,UP,37289021443,"N"
264507,68,32,0,0,DOWN,37329026343,"D"
264507,70,33,0,0,DOWN,37425011943,"F"
264507,68,32,0,0,UP,37440988543,"D"
264507,70,33,0,0,UP,37505035443,"F"
264507,72,35,0,0,DOWN,37529019843,"H"
264507,72,35,0,0,UP,37625002043,"H"
264507,66,48,0,0,DOWN,37641019943,"B"
264507,85,22,0,0,DOWN,37729001543,"U"
264507,66,48,0,0,UP,37744883043,"B"
264507,82,19,0,0,DOWN,37825016243,"R"
264507,85,22,0,0,UP,37841019043,"U"
264507,71,34,0,0,DOWN,37928979943,"G"
264507,82,19,0,0,UP,37944876243,"R"
264507,69,18,0,0,DOWN,38025019143,"E"
264507,71,34,0,0,UP,38032980243,"G"
264507,69,18,0,0,UP,38129018843,"E"
264507,78,49,0,0,DOWN,38129612843,"N"
264507,78,49,0,0,UP,38185020343,"N"
264507,76,38,0,0,DOWN,38225063143,"L"
264507,76,38,0,0,UP,38281065043,"L"
264507,65,30,0,0,DOWN,38321029943,"A"
264507,65,30,0,0,UP,38377054043,"A"
264507,78,49,0,0,DOWN,38425043943,"N"
264507,78,49,0,0,UP,38489058943,"N"
264507,68,32,0,0,DOWN,38528806943,"D"
264507,70,33,0,0,DOWN,38625011343,"F"
264507,68,32,0,0,UP,38640782643,"D"
264507,70,33,0,0,UP,38697013443,"F"
264507,72,35,0,0,DOWN,38721014643,"H"
264507,66,48,0,0,DOWN,38825033243,"B"
264507,72,35,0,0,UP,38832970243,"H"
264507,85,22,0,0,DOWN,38928808443,"U"
264507,66,48,0,0,UP,38953027543,"B"
264507,82,19,0,0,DOWN,39025048343,"R"
264507,85,22,0,0,UP,39033003243,"U"
264507,71,34,0,0,DOWN,39128802043,"G"
264507,82,19,0,0,UP,39137004543,"R"
264507,69,18,0,0,DOWN,39225011343,"E"
264507,71,34,0,0,UP,39232770543,"G"
264507,78,49,0,0,DOWN,39328877343,"N"
264507,69,18,0,0,UP,39345157243,"E"
264507,78,49,0,0,UP,39385075443,"N"
264507,76,38,0,0,DOWN,39424852343,"L"
264507,76,38,0,0,UP,39481013343,"L"
264507,65,30,0,0,DOWN,39528928543,"A"
264507,65,30,0,0,UP,39569049043,"A"
264507,78,49,0,0,DOWN,39625068843,"N"
264507,78,49,0,0,UP,39681026743,"N"
264507,68,32,0,0,DOWN,39728914243,"D"
264507,70,33,0,0,DOWN,39825068743,"F"
264507,68,32,0,0,UP,39840790543,"D"
264507,70,33,0,0,UP,39904905243,"F"
264507,72,35,0,0,DOWN,39929018343,"H"
264507,72,35,0,0,UP,40025066043,"H"
264507,66,48,0,0,DOWN,40025884443,"B"
264507,85,22,0,0,DOWN,40129144443,"U"
264507,66,48,0,0,UP,40145059743,"B"
264507,82,19,0,0,DOWN,40225053443,"R"
264507,85,22,0,0,UP,40241060243,"U"
264507,71,34,0,0,DOWN,40329287443,"G"
264507,82,19,0,0,UP,40345088143,"R"
264507,69,18,0,0,DOWN,40425020943,"E"
264507,71,34,0,0,UP,40433028343,"G"
264507,78,49,0,0,DOWN,40529256743,"N"
264507,69,18,0,0,UP,40536999143,"E"
264507,78,49,0,0,UP,40585021743,"N"
264507,76,38,0,0,DOWN,40625059943,"L"
264507,76,38,0,0,UP,40680947743,"L"
264507,65,30,0,0,DOWN,40721075643,"A"
264507,65,30,0,0,UP,40777033243,"A"
264507,78,49,0,0,DOWN,40825068643,"N"
264507,78,49,0,0,UP,40889037943,"N"
264507,68,32,0,0,DOWN,40929133243,"D"
264507,70,33,0,0,DOWN,41024743643,"F"
264507,68,32,0,0,UP,41041055243,"D"
264507,70,33,0,0,UP,41105037643,"F"
264507,72,35,0,0,DOWN,41121059643,"H"
264507,66,48,0,0,DOWN,41225089443,"B"
264507,72,35,0,0,UP,41233079043,"H"
264507,85,22,0,0,DOWN,41329046543,"U"
264507,66,48,0,0,UP,41352782743,"B"
264507,82,19,0,0,DOWN,41425029443,"R"
264507,85,22,0,0,UP,41433036743,"U"
264507,71,34,0,0,DOWN,41529062443,"G"
264507,82,19,0,0,UP,41545116543,"R"
264507,69,18,0,0,DOWN,41625077843,"E"
264507,71,34,0,0,UP,41633066943,"G"
264507,78,49,0,0,DOWN,41729060743,"N"
264507,69,18,0,0,UP,41737023843,"E"
264507,78,49,0,0,UP,41785043043,"N"
264507,76,38,0,0,DOWN,41825078243,"L"
264507,76,38,0,0,UP,41880842643,"L"
264507,65,30,0,0,DOWN,41929028143,"A"
264507,65,30,0,0,UP,41969053543,"A"
264507,78,49,0,0,DOWN,42024878443,"N"
264507,78,49,0,0,UP,42089074643,"N"
264507,68,32,0,0,DOWN,42129132843,"D"
264507,70,33,0,0,DOWN,42225081243,"F"
264507,68,32,0,0,UP,42233038443,"D"
264507,70,33,0,0,UP,42305067443,"F"
264507,72,35,0,0,DOWN,42329066443,"H"
264507,72,35,0,0,UP,42425056343,"H"
264507,66,48,0,0,DOWN,42432982943,"B"
264507,85,22,0,0,DOWN,42529080443,"U"
264507,66,48,0,0,UP,42545056343,"B"
264507,82,19,0,0,DOWN,42625073143,"R"
264507,85,22,0,0,UP,42640849543,"U"
264507,71,34,0,0,DOWN,42729102643,"G"
264507,82,19,0,0,UP,42745093743,"R"
264507,69,18,0,0,DOWN,42825111343,"E"
264507,71,34,0,0,UP,42833070943,"G"
264507,78,49,0,0,DOWN,42921092343,"N"
264507,69,18,0,0,UP,42929111743,"E"
264507,78,49,0,0,UP,42993111443,"N"
264507,76,38,0,0,DOWN,43025095043,"L"
264507,76,38,0,0,UP,43081057943,"L"
264507,65,30,0,0,DOWN,43121077243,"A"
264507,65,30,0,0,UP,43177039943,"A"
264507,78,49,0,0,DOWN,43225063143,"N"
264507,78,49,0,0,UP,43289058543,"N"
264507,68,32,0,0,DOWN,43329104643,"D"
264507,70,33,0,0,DOWN,43425087343,"F"
264507,68,32,0,0,UP,43441064843,"D"
264507,70,33,0,0,UP,43497062843,"F"
264507,72,35,0,0,DOWN,43529098543,"H"
264507,66,48,0,0,DOWN,43625192743,"B"
264507,72,35,0,0,UP,43633045443,"H"
264507,85,22,0,0,DOWN,43729052443,"U"
264507,66,48,0,0,UP,43745020543,"B"
264507,82,19,0,0,DOWN,43824931243,"R"
264507,85,22,0,0,UP,43832922243,"U"
264507,71,34,0,0,DOWN,43929087743,"G"
264507,82,19,0,0,UP,43945087943,"R"
264507,69,18,0,0,DOWN,44025097143,"E"
264507,71,34,0,0,UP,44032861043,"G"
264507,78,49,0,0,DOWN,44129076043,"N"
264507,69,18,0,0,UP,44137092043,"E"
264507,78,49,0,0,UP,44184806243,"N"
264507,76,38,0,0,DOWN,44225129943,"L"
264507,76,38,0,0,UP,44281108543,"L"
264507,65,30,0,0,DOWN,44329102143,"A"
264507,65,30,0,0,UP,44369052443,"A"
264507,78,49,0,0,DOWN,44424861943,"N"
264507,78,49,0,0,UP,44489105943,"N"
264507,68,32,0,0,DOWN,44529089543,"D"
264507,70,33,0,0,DOWN,44625109543,"F"
264507,68,32,0,0,UP,44641126543,"D"
264507,70,33,0,0,UP,44697143943,"F"
264507,72,35,0,0,DOWN,44729076143,"H"
264507,72,35,0,0,UP,44825107943,"H"
264507,66,48,0,0,DOWN,44825912343,"B"
264507,85,22,0,0,DOWN,44928931543,"U"
264507,66,48,0,0,UP,44945074543,"B"
264507,82,19,0,0,DOWN,45025159343,"R"
264507,85,22,0,0,UP,45041094143,"U"
264507,71,34,0,0,DOWN,45129101743,"G"
264507,82,19,0,0,UP,45145103943,"R"
264507,71,34,0,0,UP,45232943543,"G"
264507,69,18,0,0,DOWN,45233917443,"E"
264507,78,49,0,0,DOWN,45321095143,"N"
264507,69,18,0,0,UP,45329110543,"E"
264507,78,49,0,0,UP,45393156643,"N"
264507,76,38,0,0,DOWN,45425101843,"L"
264507,76,38,0,0,UP,45481187143,"L"
264507,65,30,0,0,DOWN,45521095543,"A"
264507,65,30,0,0,UP,45568929443,"A"
264507,78,49,0,0,DOWN,45625113743,"N"
264507,78,49,0,0,UP,45689187543,"N"
264507,68,32,0,0,DOWN,45729104243,"D"
264507,70,33,0,0,DOWN,45825089943,"F"
264507,68,32,0,0,UP,45841075043,"D"
264507,70,33,0,0,UP,45897063743,"F"
264507,72,35,0,0,DOWN,45929095743,"H"
264507,66,48,0,0,DOWN,46025087743,"B"
264507,72,35,0,0,UP,46033165643,"H"
264507,85,22,0,0,DOWN,46129111843,"U"
264507,66,48,0,0,UP,46145113543,"B"
264507,82,19,0,0,DOWN,46225133743,"R"
264507,85,22,0,0,UP,46233177243,"U"
264507,71,34,0,0,DOWN,46329167543,"G"
264507,82,19,0,0,UP,46345180643,"R"
264507,69,18,0,0,DOWN,46425180743,"E"
264507,71,34,0,0,UP,46433219343,"G"
264507,78,49,0,0,DOWN,46529097943,"N"
264507,69,18,0,0,UP,46537099943,"E"
264507,78,49,0,0,UP,46585084143,"N"
264507,76,38,0,0,DOWN,46625098543,"L"
264507,76,38,0,0,UP,46680870443,"L"
264507,65,30,0,0,DOWN,46729117443,"A"
264507,65,30,0,0,UP,46769082543,"A"
264507,78,49,0,0,DOWN,46825117243,"N"
264507,78,49,0,0,UP,46889111743,"N"
264507,68,32,0,0,DOWN,46928870543,"D"
264507,70,33,0,0,DOWN,47025119843,"F"
264507,68,32,0,0,UP,47041111943,"D"
264507,70,33,0,0,UP,47097129243,"F"
264507,72,35,0,0,DOWN,47129136543,"H"
264507,72,35,0,0,UP,47225094143,"H"
264507,66,48,0,0,DOWN,47233160043,"B"
264507,85,22,0,0,DOWN,47321075943,"U"
264507,66,48,0,0,UP,47345087043,"B"
264507,82,19,0,0,DOWN,47425103743,"R"
264507,85,22,0,0,UP,47433148843,"U"
264507,71,34,0,0,DOWN,47521173443,"G"
264507,82,19,0,0,UP,47545100343,"R"
264507,69,18,0,0,DOWN,47633139243,"E"
264507,71,34,0,0,UP,47641146443,"G"
264507,69,18,0,0,UP,47721051043,"E"
264507,78,49,0,0,DOWN,47722069943,"N"
264507,78,49,0,0,UP,47793101443,"N"
264507,76,38,0,0,DOWN,47825105943,"L"
264507,76,38,0,0,UP,47889113043,"L"
264507,65,30,0,0,DOWN,47929130543,"A"
264507,65,30,0,0,UP,47969099843,"A"
264507,78,49,0,0,DOWN,48025112343,"N"
264507,78,49,0,0,UP,48089126143,"N"
264507,68,32,0,0,DOWN,48129108643,"D"
264507,70,33,0,0,DOWN,48225136543,"F"
264507,68,32,0,0,UP,48233103043,"D"
264507,70,33,0,0,UP,48305137843,"F"
264507,72,35,0,0,DOWN,48329141743,"H"
264507,72,35,0,0,UP,48425009443,"H"
264507,66,48,0,0,DOWN,48425980343,"B"
264507,85,22,0,0,DOWN,48529095143,"U"
264507,66,48,0,0,UP,48552860943,"B"
264507,82,19,0,0,DOWN,48624862243,"R"
264507,85,22,0,0,UP,48633096143,"U"
264507,71,34,0,0,DOWN,48729110343,"G"
264507,82,19,0,0,UP,48745139343,"R"
264507,69,18,0,0,DOWN,48825115043,"E"
264507,71,34,0,0,UP,48833097743,"G"
264507,78,49,0,0,DOWN,48929147443,"N"
264507,69,18,0,0,UP,48937098643,"E"
264507,78,49,0,0,UP,48993127643,"N"
264507,76,38,0,0,DOWN,49025164343,"L"
264507,76,38,0,0,UP,49081098543,"L"
264507,65,30,0,0,DOWN,49121141143,"A"
264507,65,30,0,0,UP,49177113643,"A"
264507,78,49,0,0,DOWN,49225133143,"N"
264507,78,49,0,0,UP,49289140143,"N"
264507,68,32,0,0,DOWN,49329149243,"D"
264507,70,33,0,0,DOWN,49425129543,"F"
264507,68,32,0,0,UP,49441120043,"D"
264507,70,33,0,0,UP,49505145243,"F"
264507,72,35,0,0,DOWN,49521130143,"H"
264507,66,48,0,0,DOWN,49625122543,"B"
264507,72,35,0,0,UP,49633155643,"H"
264507,85,22,0,0,DOWN,49721101343,"U"
264507,66,48,0,0,UP,49745132443,"B"
264507,82,19,0,0,DOWN,49825144443,"R"
264507,85,22,0,0,UP,49833179843,"U"
264507,71,34,0,0,DOWN,49929107343,"G"
264507,82,19,0,0,UP,49936880043,"R"
264507,69,18,0,0,DOWN,50024822743,"E"
264507,71,34,0,0,UP,50033098343,"G"
264507,69,18,0,0,UP,50129124043,"E"
264507,78,49,0,0,DOWN,50130105343,"N"
264507,78,49,0,0,UP,50184848343,"N"
264507,76,38,0,0,DOWN,50225142043,"L"
264507,76,38,0,0,UP,50281114143,"L"
264507,65,30,0,0,DOWN,50329151543,"A"
264507,65,30,0,0,UP,50369330443,"A"
264507,78,49,0,0,DOWN,50425195043,"N"
264507,78,49,0,0,UP,50489121043,"N"
264507,68,32,0,0,DOWN,50529138043,"D"
264507,70,33,0,0,DOWN,50625144343,"F"
264507,68,32,0,0,UP,50641122043,"D"
264507,70,33,0,0,UP,50705112043,"F"
264507,72,35,0,0,DOWN,50729225543,"H"
264507,72,35,0,0,UP,50825152743,"H"
264507,66,48,0,0,DOWN,50826059843,"B"
264507,85,22,0,0,DOWN,50929199143,"U"
264507,66,48,0,0,UP,50945162543,"B"
264507,82,19,0,0,DOWN,51025220043,"R"
264507,85,22,0,0,UP,51033157943,"U"
264507,71,34,0,0,DOWN,51129229543,"G"
264507,82,19,0,0,UP,51145030143,"R"
264507,69,18,0,0,DOWN,51225163543,"E"
264507,71,34,0,0,UP,51233166343,"G"
264507,78,49,0,0,DOWN,51329123543,"N"
264507,69,18,0,0,UP,51336867943,"E"
264507,78,49,0,0,UP,51393133143,"N"
264507,76,38,0,0,DOWN,51424875443,"L"
264507,76,38,0,0,UP,51481091343,"L"
264507,65,30,0,0,DOWN,51520910643,"A"
264507,65,30,0,0,UP,51577158143,"A"
264507,78,49,0,0,DOWN,51625093243,"N"
264507,78,49,0,0,UP,51697106443,"N"
264507,68,32,0,0,DOWN,51729192843,"D"
264507,70,33,0,0,DOWN,51825149643,"F"
264507,68,32,0,0,UP,51841163843,"D"
264507,70,33,0,0,UP,51897103843,"F"
264507,72,35,0,0,DOWN,51929183743,"H"
264507,66,48,0,0,DOWN,52025148843,"B"
264507,72,35,0,0,UP,52032909143,"H"
264507,85,22,0,0,DOWN,52129156843,"U"
264507,66,48,0,0,UP,52145118643,"B"
264507,82,19,0,0,DOWN,52225152543,"R"
264507,85,22,0,0,UP,52233110743,"U"
264507,71,34,0,0,DOWN,52329120743,"G"
264507,82,19,0,0,UP,52345116643,"R"
264507,69,18,0,0,DOWN,52424954943,"E"
264507,71,34,0,0,UP,52433194843,"G"
264507,78,49,0,0,DOWN,52529159743,"N"
264507,69,18,0,0,UP,52537295643,"E"
264507,78,49,0,0,UP,52585352743,"N"
264507,76,38,0,0,DOWN,52624893943,"L"
264507,76,38,0,0,UP,52681163343,"L"
264507,65,30,0,0,DOWN,52729161843,"A"
264507,65,30,0,0,UP,52769151743,"A"
264507,78,49,0,0,DOWN,52825150243,"N"
264507,78,49,0,0,UP,52889126943,"N"
264507,68,32,0,0,DOWN,52929170643,"D"
264507,70,33,0,0,DOWN,53025189843,"F"
264507,68,32,0,0,UP,53041161143,"D"
264507,70,33,0,0,UP,53088950543,"F"
264507,72,35,0,0,DOWN,53129157643,"H"
264507,72,35,0,0,UP,53225206143,"H"
264507,66,48,0,0,DOWN,53225999343,"B"
264507,85,22,0,0,DOWN,53329190743,"U"
264507,66,48,0,0,UP,53345164743,"B"
264507,82,19,0,0,DOWN,53424993743,"R"
264507,85,22,0,0,UP,53432841143,"U"
264507,71,34,0,0,DOWN,53529262243,"G"
264507,82,19,0,0,UP,53537130243,"R"
264507,69,18,0,0,DOWN,53633169443,"E"
264507,71,34,0,0,UP,53641028643,"G"
264507,78,49,0,0,DOWN,53721148143,"N"
264507,69,18,0,0,UP,53737187843,"E"
264507,78,49,0,0,UP,53793137943,"N"
264507,76,38,0,0,DOWN,53825128043,"L"
264507,76,38,0,0,UP,53881166443,"L"
264507,65,30,0,0,DOWN,53921183843,"A"
264507,65,30,0,0,UP,53977117543,"A"
264507,78,49,0,0,DOWN,54025168043,"N"
264507,78,49,0,0,UP,54089113943,"N"
264507,68,32,0,0,DOWN,54129135643,"D"
264507,70,33,0,0,DOWN,54225153843,"F"
264507,68,32,0,0,UP,54241028743,"D"
264507,70,33,0,0,UP,54297148143,"F"
264507,72,35,0,0,DOWN,54329212043,"H"
264507,66,48,0,0,DOWN,54425261643,"B"
264507,72,35,0,0,UP,54433147443,"H"
264507,85,22,0,0,DOWN,54529175743,"U"
264507,66,48,0,0,UP,54545207843,"B"
264507,82,19,0,0,DOWN,54625145043,"R"
264507,85,22,0,0,UP,54633208743,"U"
264507,71,34,0,0,DOWN,54729251343,"G"
264507,82,19,0,0,UP,54745196643,"R"
264507,69,18,0,0,DOWN,54825108243,"E"
264507,71,34,0,0,UP,54833256243,"G"
264507,69,18,0,0,UP,54929247743,"E"
264507,78,49,0,0,DOWN,54929821643,"N"
264507,78,49,0,0,UP,54985177343,"N"
264507,76,38,0,0,DOWN,55024926543,"L"
264507,76,38,0,0,UP,55081173743,"L"
264507,65,30,0,0,DOWN,55129177043,"A"
264507,65,30,0,0,UP,55169209743,"A"
264507,78,49,0,0,DOWN,55225175543,"N"
264507,78,49,0,0,UP,55289206243,"N"
264507,68,32,0,0,DOWN,55329183543,"D"
264507,70,33,0,0,DOWN,55425117943,"F"
264507,68,32,0,0,UP,55441001743,"D"
264507,70,33,0,0,UP,55497218843,"F"
264507,72,35,0,0,DOWN,55528940643,"H"
264507,72,35,0,0,UP,55625152143,"H"
264507,66,48,0,0,DOWN,55633203443,"B"
264507,85,22,0,0,DOWN,55721261543,"U"
264507,66,48,0,0,UP,55745196043,"B"
264507,82,19,0,0,DOWN,55825205643,"R"
264507,85,22,0,0,UP,55833165943,"U"
264507,71,34,0,0,DOWN,55921169343,"G"
264507,82,19,0,0,UP,55945176143,"R"
264507,69,18,0,0,DOWN,56033218043,"E"
264507,71,34,0,0,UP,56041064343,"G"
264507,78,49,0,0,DOWN,56121179943,"N"
264507,69,18,0,0,UP,56137183743,"E"
264507,78,49,0,0,UP,56193185143,"N"
264507,76,38,0,0,DOWN,56225160543,"L"
264507,76,38,0,0,UP,56289171243,"L"
264507,65,30,0,0,DOWN,56329202843,"A"
264507,65,30,0,0,UP,56377168043,"A"
264507,78,49,0,0,DOWN,56425184443,"N"
264507,78,49,0,0,UP,56497188843,"N"
264507,68,32,0,0,DOWN,56529196543,"D"
264507,70,33,0,0,DOWN,56625166843,"F"
264507,68,32,0,0,UP,56633175643,"D"
264507,70,33,0,0,UP,56705173043,"F"
264507,72,35,0,0,DOWN,56729151543,"H"
264507,66,48,0,0,DOWN,56825170043,"B"
264507,72,35,0,0,UP,56832910043,"H"
264507,85,22,0,0,DOWN,56929174043,"U"
264507,66,48,0,0,UP,56945165243,"B"
264507,82,19,0,0,DOWN,57024962143,"R"
264507,85,22,0,0,UP,57033195443,"U"
264507,71,34,0,0,DOWN,57128876943,"G"
264507,82,19,0,0,UP,57145181843,"R"
264507,69,18,0,0,DOWN,57224984443,"E"
264507,71,34,0,0,UP,57241000943,"G"
264507,69,18,0,0,UP,57329210843,"E"
264507,78,49,0,0,DOWN,57330195043,"N"
264507,78,49,0,0,UP,57384987643,"N"
264507,76,38,0,0,DOWN,57424974143,"L"
264507,76,38,0,0,UP,57481144843,"L"
264507,65,30,0,0,DOWN,57529178943,"A"
264507,65,30,0,0,UP,57577274743,"A"
264507,78,49,0,0,DOWN,57624966743,"N"
264507,78,49,0,0,UP,57689177643,"N"
264507,68,32,0,0,DOWN,57729164043,"D"
264507,70,33,0,0,DOWN,57825076143,"F"
264507,68,32,0,0,UP,57841288943,"D"
264507,70,33,0,0,UP,57897233143,"F"
264507,72,35,0,0,DOWN,57929209743,"H"
264507,72,35,0,0,UP,58033149543,"H"
264507,66,48,0,0,DOWN,58034149243,"B"
264507,85,22,0,0,DOWN,58121247243,"U"
264507,66,48,0,0,UP,58145172643,"B"
264507,82,19,0,0,DOWN,58224964643,"R"
264507,85,22,0,0,UP,58233189543,"U"
264507,71,34,0,0,DOWN,58329202943,"G"
264507,82,19,0,0,UP,58345285543,"R"
264507,69,18,0,0,DOWN,58433211443,"E"
264507,71,34,0,0,UP,58449229943,"G"
264507,78,49,0,0,DOWN,58529226743,"N"
264507,69,18,0,0,UP,58537203943,"E"
264507,78,49,0,0,UP,58593171143,"N"
264507,76,38,0,0,DOWN,58625338143,"L"
264507,76,38,0,0,UP,58689109943,"L"
264507,65,30,0,0,DOWN,58729185243,"A"
264507,65,30,0,0,UP,58769169643,"A"
264507,78,49,0,0,DOWN,58825384843,"N"
264507,78,49,0,0,UP,58897276543,"N"
264507,68,32,0,0,DOWN,58929020343,"D"
264507,70,33,0,0,DOWN,59025346943,"F"
264507,68,32,0,0,UP,59033286143,"D"
264507,70,33,0,0,UP,59105246843,"F"
264507,72,35,0,0,DOWN,59129213543,"H"
264507,66,48,0,0,DOWN,59225331543,"B"
264507,72,35,0,0,UP,59233192843,"H"
264507,85,22,0,0,DOWN,59329204843,"U"
264507,66,48,0,0,UP,59353221543,"B"
264507,82,19,0,0,DOWN,59425181843,"R"
264507,85,22,0,0,UP,59441241243,"U"
264507,71,34,0,0,DOWN,59528976043,"G"
264507,82,19,0,0,UP,59545169943,"R"
264507,71,34,0,0,UP,59625253743,"G"
264507,69,18,0,0,DOWN,59625979743,"E"
264507,69,18,0,0,UP,59721199143,"E"
264507,78,49,0,0,DOWN,59729206743,"N"
264507,78,49,0,0,UP,59785243343,"N"
264507,76,38,0,0,DOWN,59825200943,"L"
264507,76,38,0,0,UP,59881270443,"L"
264507,65,30,0,0,DOWN,59921209443,"A"
264507,65,30,0,0,UP,59976926943,"A"
264507,78,49,0,0,DOWN,60024982643,"N"
264507,78,49,0,0,UP,60081216043,"N"
264507,68,32,0,0,DOWN,60129192943,"D"
264507,70,33,0,0,DOWN,60225258443,"F"
264507,68,32,0,0,UP,60241208443,"D"
264507,70,33,0,0,UP,60297217043,"F"
264507,72,35,0,0,DOWN,60321213543,"H"
264507,66,48,0,0,DOWN,60425219043,"B"
264507,72,35,0,0,UP,60432948943,"H"
264507,85,22,0,0,DOWN,60529242443,"U"
264507,66,48,0,0,UP,60545167143,"B"
264507,82,19,0,0,DOWN,60625232143,"R"
264507,85,22,0,0,UP,60633005443,"U"
264507,71,34,0,0,DOWN,60729263243,"G"
264507,82,19,0,0,UP,60737237643,"R"
264507,69,18,0,0,DOWN,60825202043,"E"
264507,71,34,0,0,UP,60833193143,"G"
264507,78,49,0,0,DOWN,60929195343,"N"
264507,69,18,0,0,UP,60937187543,"E"
264507,78,49,0,0,UP,60993366643,"N"
264507,76,38,0,0,DOWN,61025236943,"L"
264507,76,38,0,0,UP,61089199143,"L"
264507,65,30,0,0,DOWN,61129261643,"A"
264507,65,30,0,0,UP,61169280143,"A"
264507,78,49,0,0,DOWN,61225236043,"N"
264507,78,49,0,0,UP,61289232243,"N"
264507,68,32,0,0,DOWN,61329197843,"D"
264507,70,33,0,0,DOWN,61425112743,"F"
264507,68,32,0,0,UP,61440969543,"D"
264507,70,33,0,0,UP,61505208643,"F"
264507,72,35,0,0,DOWN,61529258843,"H"
264507,66,48,0,0,DOWN,61625256943,"B"
264507,72,35,0,0,UP,61633211643,"H"
264507,85,22,0,0,DOWN,61729207043,"U"
264507,66,48,0,0,UP,61745033043,"B"
264507,82,19,0,0,DOWN,61825247543,"R"
264507,85,22,0,0,UP,61841236543,"U"
264507,71,34,0,0,DOWN,61929211043,"G"
264507,82,19,0,0,UP,61944996343,"R"
264507,69,18,0,0,DOWN,62033294243,"E"
264507,71,34,0,0,UP,62041233143,"G"
264507,78,49,0,0,DOWN,62121268143,"N"
264507,69,18,0,0,UP,62129006343,"E"
264507,78,49,0,0,UP,62185401243,"N"
264507,76,38,0,0,DOWN,62225221843,"L"
264507,76,38,0,0,UP,62281193843,"L"
264507,65,30,0,0,DOWN,62321214243,"A"
264507,65,30,0,0,UP,62377338943,"A"
264507,78,49,0,0,DOWN,62425207443,"N"
264507,78,49,0,0,UP,62489220143,"N"
264507,68,32,0,0,DOWN,62529213943,"D"
264507,70,33,0,0,DOWN,62625250943,"F"
264507,68,32,0,0,UP,62641203843,"D"
264507,70,33,0,0,UP,62697242643,"F"
264507,72,35,0,0,DOWN,62729004843,"H"
264507,66,48,0,0,DOWN,62825202743,"B"
264507,72,35,0,0,UP,62833177043,"H"
264507,85,22,0,0,DOWN,62928997243,"U"
264507,66,48,0,0,UP,62945009443,"B"
264507,82,19,0,0,DOWN,63024914143,"R"
264507,85,22,0,0,UP,63033281343,"U"
264507,71,34,0,0,DOWN,63129029843,"G"
264507,82,19,0,0,UP,63145120943,"R"
264507,69,18,0,0,DOWN,63225253743,"E"
264507,71,34,0,0,UP,63232991743,"G"
264507,78,49,0,0,DOWN,63329007643,"N"
264507,69,18,0,0,UP,63337135843,"E"
264507,78,49,0,0,UP,63393255643,"N"
264507,76,38,0,0,DOWN,63425235543,"L"
264507,76,38,0,0,UP,63481225843,"L"
264507,65,30,0,0,DOWN,63528991043,"A"
264507,65,30,0,0,UP,63569243443,"A"
264507,78,49,0,0,DOWN,63625211443,"N"
264507,78,49,0,0,UP,63689221543,"N"
264507,68,32,0,0,DOWN,63729004143,"D"
264507,70,33,0,0,DOWN,63825234543,"F"
264507,68,32,0,0,UP,63841240643,"D"
264507,70,33,0,0,UP,63905272143,"F"
264507,72,35,0,0,DOWN,63929072943,"H"
264507,66,48,0,0,DOWN,64025269943,"B"
264507,72,35,0,0,UP,64033268343,"H"
264507,85,22,0,0,DOWN,64121285443,"U"
264507,66,48,0,0,UP,64153278943,"B"
264507,82,19,0,0,DOWN,64225245443,"R"
264507,85,22,0,0,UP,64233242843,"U"
264507,71,34,0,0,DOWN,64321280943,"G"
264507,82,19,0,0,UP,64345254343,"R"
264507,69,18,0,0,DOWN,64433243643,"E"
264507,71,34,0,0,UP,64441179643,"G"
264507,69,18,0,0,UP,64529440343,"E"
264507,78,49,0,0,DOWN,64530364443,"N"
264507,78,49,0,0,UP,64593255643,"N"
264507,76,38,0,0,DOWN,64625272743,"L"
264507,76,38,0,0,UP,64689252743,"L"
264507,65,30,0,0,DOWN,64729422943,"A"
264507,65,30,0,0,UP,64769240743,"A"
264507,78,49,0,0,DOWN,64825250243,"N"
264507,78,49,0,0,UP,64889238543,"N"
264507,68,32,0,0,DOWN,64929339943,"D"
264507,70,33,0,0,DOWN,65025266943,"F"
264507,68,32,0,0,UP,65033231143,"D"
264507,70,33,0,0,UP,65097042343,"F"
264507,72,35,0,0,DOWN,65129362643,"H"
264507,72,35,0,0,UP,65225352443,"H"
264507,66,48,0,0,DOWN,65226192143,"B"
264507,85,22,0,0,DOWN,65329408743,"U"
264507,66,48,0,0,UP,65345247043,"B"
264507,82,19,0,0,DOWN,65425266543,"R"
264507,85,22,0,0,UP,65433238143,"U"
264507,71,34,0,0,DOWN,65529256843,"G"
264507,82,19,0,0,UP,65545284343,"R"
264507,69,18,0,0,DOWN,65625134243,"E"
264507,71,34,0,0,UP,65633245143,"G"
264507,78,49,0,0,DOWN,65729285243,"N"
264507,69,18,0,0,UP,65737317143,"E"
264507,78,49,0,0,UP,65785262443,"N"
264507,76,38,0,0,DOWN,65825291043,"L"
264507,76,38,0,0,UP,65889265343,"L"
264507,65,30,0,0,DOWN,65921291843,"A"
264507,65,30,0,0,UP,65969276743,"A"
264507,78,49,0,0,DOWN,66025271043,"N"
264507,78,49,0,0,UP,66081036343,"N"
264507,68,32,0,0,DOWN,66129290243,"D"
264507,70,33,0,0,DOWN,66233273743,"F"
264507,68,32,0,0,UP,66241053043,"D"
264507,70,33,0,0,UP,66305284143,"F"
264507,72,35,0,0,DOWN,66321255443,"H"
264507,66,48,0,0,DOWN,66425027543,"B"
264507,72,35,0,0,UP,66433087743,"H"
264507,85,22,0,0,DOWN,66521212143,"U"
264507,66,48,0,0,UP,66545222443,"B"
264507,82,19,0,0,DOWN,66625293643,"R"
264507,85,22,0,0,UP,66633008143,"U"
264507,71,34,0,0,DOWN,66729267443,"G"
264507,82,19,0,0,UP,66745278743,"R"
264507,69,18,0,0,DOWN,66833059943,"E"
264507,71,34,0,0,UP,66849090743,"G"
264507,69,18,0,0,UP,66929318243,"E"
264507,78,49,0,0,DOWN,66930171043,"N"
264507,78,49,0,0,UP,66985303143,"N"
264507,76,38,0,0,DOWN,67025297343,"L"
264507,76,38,0,0,UP,67089276643,"L"
264507,65,30,0,0,DOWN,67129270443,"A"
264507,65,30,0,0,UP,67169283943,"A"
264507,78,49,0,0,DOWN,67225281143,"N"
264507,78,49,0,0,UP,67289275443,"N"
264507,68,32,0,0,DOWN,67329254043,"D"
264507,70,33,0,0,DOWN,67425269443,"F"
264507,68,32,0,0,UP,67441284943,"D"
264507,70,33,0,0,UP,67497300943,"F"
264507,72,35,0,0,DOWN,67529290843,"H"
264507,72,35,0,0,UP,67625191843,"H"
264507,66,48,0,0,DOWN,67626044143,"B"
264507,85,22,0,0,DOWN,67729269343,"U"
264507,66,48,0,0,UP,67745291943,"B"
264507,82,19,0,0,DOWN,67825274443,"R"
264507,85,22,0,0,UP,67833000043,"U"
264507,71,34,0,0,DOWN,67929318943,"G"
264507,82,19,0,0,UP,67945283043,"R"
264507,69,18,0,0,DOWN,68025288743,"E"
264507,71,34,0,0,UP,68033207143,"G"
264507,78,49,0,0,DOWN,68129338943,"N"
264507,69,18,0,0,UP,68137256143,"E"
264507,78,49,0,0,UP,68185131343,"N"
264507,76,38,0,0,DOWN,68225300443,"L"
264507,76,38,0,0,UP,68289289243,"L"
264507,65,30,0,0,DOWN,68321291443,"A"
264507,65,30,0,0,UP,68369339643,"A"
264507,78,49,0,0,DOWN,68425305443,"N"
264507,78,49,0,0,UP,68481299343,"N"
264507,68,32,0,0,DOWN,68529292943,"D"
264507,70,33,0,0,DOWN,68625264943,"F"
264507,68,32,0,0,UP,68641256543,"D"
264507,70,33,0,0,UP,68697267343,"F"
264507,72,35,0,0,DOWN,68729298943,"H"
264507,66,48,0,0,DOWN,68825284143,"B"
264507,72,35,0,0,UP,68833130843,"H"
264507,85,22,0,0,DOWN,68929323043,"U"
264507,66,48,0,0,UP,68953310243,"B"
264507,82,19,0,0,DOWN,69025296043,"R"
264507,85,22,0,0,UP,69033113843,"U"
264507,71,34,0,0,DOWN,69129273643,"G"
264507,82,19,0,0,UP,69145294243,"R"
264507,69,18,0,0,DOWN,69225548343,"E"
264507,71,34,0,0,UP,69233116743,"G"
264507,69,18,0,0,UP,69329362943,"E"
264507,78,49,0,0,DOWN,69330133743,"N"
264507,78,49,0,0,UP,69385046943,"N"
264507,76,38,0,0,DOWN,69425333043,"L"
264507,76,38,0,0,UP,69489304643,"L"
264507,65,30,0,0,DOWN,69529308943,"A"
264507,65,30,0,0,UP,69569311543,"A"
264507,78,49,0,0,DOWN,69625317643,"N"
264507,78,49,0,0,UP,69681289943,"N"
264507,68,32,0,0,DOWN,69729286743,"D"
264507,70,33,0,0,DOWN,69825325543,"F"
264507,68,32,0,0,UP,69841310243,"D"
264507,70,33,0,0,UP,69897317943,"F"
264507,72,35,0,0,DOWN,69929222943,"H"
264507,72,35,0,0,UP,70025322743,"H"
264507,66,48,0,0,DOWN,70026337043,"B"
264507,85,22,0,0,DOWN,70129302243,"U"
264507,66,48,0,0,UP,70145293743,"B"
264507,85,22,0,0,UP,70225310543,"U"
264507,82,19,0,0,DOWN,70226307643,"R"
264507,71,34,0,0,DOWN,70329329643,"G"
264507,82,19,0,0,UP,70345276243,"R"
264507,69,18,0,0,DOWN,70433421543,"E"
264507,71,34,0,0,UP,70441263243,"G"
264507,78,49,0,0,DOWN,70521257543,"N"
264507,69,18,0,0,UP,70529315843,"E"
264507,78,49,0,0,UP,70577297743,"N"
264507,76,38,0,0,DOWN,70625366643,"L"
264507,76,38,0,0,UP,70689305543,"L"
264507,65,30,0,0,DOWN,70729316943,"A"
264507,65,30,0,0,UP,70769191843,"A"
264507,78,49,0,0,DOWN,70825303343,"N"
264507,78,49,0,0,UP,70873293843,"N"
264507,68,32,0,0,DOWN,70929292843,"D"
264507,70,33,0,0,DOWN,71025312843,"F"
264507,68,32,0,0,UP,71033433943,"D"
264507,70,33,0,0,UP,71105345443,"F"
264507,72,35,0,0,DOWN,71129321443,"H"
264507,72,35,0,0,UP,71225317243,"H"
264507,66,48,0,0,DOWN,71225973443,"B"
264507,85,22,0,0,DOWN,71329301543,"U"
264507,66,48,0,0,UP,71345325043,"B"
264507,82,19,0,0,DOWN,71425329443,"R"
264507,85,22,0,0,UP,71441358643,"U"
264507,71,34,0,0,DOWN,71529391343,"G"
264507,82,19,0,0,UP,71545075743,"R"
264507,69,18,0,0,DOWN,71625383543,"E"
264507,71,34,0,0,UP,71641283543,"G"
264507,69,18,0,0,UP,71721288043,"E"
264507,78,49,0,0,DOWN,71729288043,"N"
264507,78,49,0,0,UP,71785052543,"N"
264507,76,38,0,0,DOWN,71825285243,"L"
264507,76,38,0,0,UP,71881291943,"L"
264507,65,30,0,0,DOWN,71929295343,"A"
264507,65,30,0,0,UP,71969286943,"A"
264507,78,49,0,0,DOWN,72025411443,"N"
264507,78,49,0,0,UP,72081316643,"N"
264507,68,32,0,0,DOWN,72129346543,"D"
264507,70,33,0,0,DOWN,72225338643,"F"
264507,68,32,0,0,UP,72241336143,"D"
264507,70,33,0,0,UP,72297312943,"F"
264507,72,35,0,0,DOWN,72329305543,"H"
264507,72,35,0,0,UP,72433361543,"H"
264507,66,48,0,0,DOWN,72434310343,"B"
264507,85,22,0,0,DOWN,72521320043,"U"
264507,66,48,0,0,UP,72553093943,"B"
264507,82,19,0,0,DOWN,72625340543,"R"
264507,85,22,0,0,UP,72633340743,"U"
264507,71,34,0,0,DOWN,72729101643,"G"
264507,82,19,0,0,UP,72737311343,"R"
264507,71,34,0,0,UP,72833376043,"G"
264507,69,18,0,0,DOWN,72834196443,"E"
264507,78,49,0,0,DOWN,72929407243,"N"
264507,69,18,0,0,UP,72937195643,"E"
264507,78,49,0,0,UP,72985245943,"N"
264507,76,38,0,0,DOWN,73025334643,"L"
264507,76,38,0,0,UP,73089052643,"L"
264507,65,30,0,0,DOWN,73129029643,"A"
264507,65,30,0,0,UP,73169156143,"A"
264507,78,49,0,0,DOWN,73225007643,"N"
264507,78,49,0,0,UP,73281306643,"N"
264507,68,32,0,0,DOWN,73329329443,"D"
264507,70,33,0,0,DOWN,73425316743,"F"
264507,68,32,0,0,UP,73433335943,"D"
264507,70,33,0,0,UP,73505310143,"F"
264507,72,35,0,0,DOWN,73529318243,"H"
264507,66,48,0,0,DOWN,73625332043,"B"
264507,72,35,0,0,UP,73633313243,"H"
264507,85,22,0,0,DOWN,73729390743,"U"
264507,66,48,0,0,UP,73745336143,"B"
264507,82,19,0,0,DOWN,73825311143,"R"
264507,85,22,0,0,UP,73833297943,"U"
264507,71,34,0,0,DOWN,73929303543,"G"
264507,82,19,0,0,UP,73945321943,"R"
264507,71,34,0,0,UP,74025363643,"G"
264507,69,18,0,0,DOWN,74026369243,"E"
264507,69,18,0,0,UP,74129350443,"E"
264507,78,49,0,0,DOWN,74130019243,"N"
264507,78,49,0,0,UP,74185343143,"N"
264507,76,38,0,0,DOWN,74225326543,"L"
264507,76,38,0,0,UP,74289345543,"L"
264507,65,30,0,0,DOWN,74321326143,"A"
264507,65,30,0,0,UP,74369405343,"A"
264507,78,49,0,0,DOWN,74425053143,"N"
264507,78,49,0,0,UP,74473346743,"N"
264507,68,32,0,0,DOWN,74529339843,"D"
264507,70,33,0,0,DOWN,74625413043,"F"
264507,68,32,0,0,UP,74641350643,"D"
264507,70,33,0,0,UP,74697313843,"F"
264507,72,35,0,0,DOWN,74721324143,"H"
264507,72,35,0,0,UP,74825353443,"H"
264507,66,48,0,0,DOWN,74825914843,"B"
264507,85,22,0,0,DOWN,74929378843,"U"
264507,66,48,0,0,UP,74953350543,"B"
264507,82,19,0,0,DOWN,75025342443,"R"
264507,85,22,0,0,UP,75033140043,"U"
264507,71,34,0,0,DOWN,75129347643,"G"
264507,82,19,0,0,UP,75137197643,"R"
264507,69,18,0,0,DOWN,75225416143,"E"
264507,71,34,0,0,UP,75233318543,"G"
264507,78,49,0,0,DOWN,75329334543,"N"
264507,69,18,0,0,UP,75337252543,"E"
264507,78,49,0,0,UP,75385372343,"N"
264507,76,38,0,0,DOWN,75425333143,"L"
264507,76,38,0,0,UP,75489341043,"L"
264507,65,30,0,0,DOWN,75529138443,"A"
264507,65,30,0,0,UP,75569362443,"A"
264507,78,49,0,0,DOWN,75625384943,"N"
264507,78,49,0,0,UP,75681354343,"N"
264507,68,32,0,0,DOWN,75729386143,"D"
264507,70,33,0,0,DOWN,75825354943,"F"
264507,68,32,0,0,UP,75841338543,"D"
264507,70,33,0,0,UP,75905346743,"F"
264507,72,35,0,0,DOWN,75929359243,"H"
264507,66,48,0,0,DOWN,76025363743,"B"
264507,72,35,0,0,UP,76033312843,"H"
264507,85,22,0,0,DOWN,76129355843,"U"
264507,66,48,0,0,UP,76145373543,"B"
264507,82,19,0,0,DOWN,76225360843,"R"
264507,85,22,0,0,UP,76241351143,"U"
264507,71,34,0,0,DOWN,76329346343,"G"
264507,82,19,0,0,UP,76345366643,"R"
264507,71,34,0,0,UP,76425358443,"G"
264507,69,18,0,0,DOWN,76426150843,"E"
264507,69,18,0,0,UP,76529369243,"E"
264507,78,49,0,0,DOWN,76530314243,"N"
264507,78,49,0,0,UP,76585367643,"N"
264507,76,38,0,0,DOWN,76625357043,"L"
264507,76,38,0,0,UP,76689329943,"L"
264507,65,30,0,0,DOWN,76721185643,"A"
264507,65,30,0,0,UP,76769352743,"A"
264507,78,49,0,0,DOWN,76825366843,"N"
264507,78,49,0,0,UP,76873316143,"N"
264507,68,32,0,0,DOWN,76929409643,"D"
264507,70,33,0,0,DOWN,77025347143,"F"
264507,68,32,0,0,UP,77041353543,"D"
264507,70,33,0,0,UP,77097427043,"F"
264507,72,35,0,0,DOWN,77129382243,"H"
264507,66,48,0,0,DOWN,77225251843,"B"
264507,72,35,0,0,UP,77233063543,"H"
264507,85,22,0,0,DOWN,77329340643,"U"
264507,66,48,0,0,UP,77345340743,"B"
264507,85,22,0,0,UP,77425406243,"U"
264507,82,19,0,0,DOWN,77426197543,"R"
264507,71,34,0,0,DOWN,77529376243,"G"
264507,82,19,0,0,UP,77545376543,"R"
264507,69,18,0,0,DOWN,77625394943,"E"
264507,71,34,0,0,UP,77633408343,"G"
264507,69,18,0,0,UP,77721498643,"E"
264507,78,49,0,0,DOWN,77729348543,"N"
264507,78,49,0,0,UP,77785385843,"N"
264507,76,38,0,0,DOWN,77825352243,"L"
264507,76,38,0,0,UP,77889114343,"L"
264507,65,30,0,0,DOWN,77929353243,"A"
264507,65,30,0,0,UP,77969352543,"A"
264507,78,49,0,0,DOWN,78025360743,"N"
264507,78,49,0,0,UP,78081353943,"N"
264507,68,32,0,0,DOWN,78129383143,"D"
264507,70,33,0,0,DOWN,78225419443,"F"
264507,68,32,0,0,UP,78241159643,"D"
264507,70,33,0,0,UP,78305526043,"F"
264507,72,35,0,0,DOWN,78329373943,"H"
264507,72,35,0,0,UP,78425415743,"H"
264507,66,48,0,0,DOWN,78426245443,"B"
264507,85,22,0,0,DOWN,78529340443,"U"
264507,66,48,0,0,UP,78545318143,"B"
264507,82,19,0,0,DOWN,78625347943,"R"
264507,85,22,0,0,UP,78641180843,"U"
264507,71,34,0,0,DOWN,78729417543,"G"
264507,82,19,0,0,UP,78745345543,"R"
264507,71,34,0,0,UP,78833343943,"G"
264507,69,18,0,0,DOWN,78834022443,"E"
264507,69,18,0,0,UP,78921368743,"E"
264507,78,49,0,0,DOWN,78922238743,"N"
264507,78,49,0,0,UP,78977357143,"N"
264507,76,38,0,0,DOWN,79025376443,"L"
264507,76,38,0,0,UP,79089524443,"L"
264507,65,30,0,0,DOWN,79121380343,"A"
264507,65,30,0,0,UP,79169372543,"A"
264507,78,49,0,0,DOWN,79225387243,"N"
264507,78,49,0,0,UP,79273275043,"N"
264507,68,32,0,0,DOWN,79329397643,"D"
264507,70,33,0,0,DOWN,79425279443,"F"
264507,68,32,0,0,UP,79433368243,"D"
264507,70,33,0,0,UP,79497388343,"F"
264507,72,35,0,0,DOWN,79529370943,"H"
264507,72,35,0,0,UP,79625411843,"H"
264507,66,48,0,0,DOWN,79626309343,"B"
264507,85,22,0,0,DOWN,79729379343,"U"
264507,66,48,0,0,UP,79745402543,"B"
264507,82,19,0,0,DOWN,79825358843,"R"
264507,85,22,0,0,UP,79833342443,"U"
264507,71,34,0,0,DOWN,79929373343,"G"
264507,82,19,0,0,UP,79945422243,"R"
264507,69,18,0,0,DOWN,80025356443,"E"
264507,71,34,0,0,UP,80033269743,"G"
264507,78,49,0,0,DOWN,80129383743,"N"
264507,69,18,0,0,UP,80137449743,"E"
264507,78,49,0,0,UP,80185382343,"N"
264507,76,38,0,0,DOWN,80225364143,"L"
264507,76,38,0,0,UP,80289374243,"L"
264507,65,30,0,0,DOWN,80329490543,"A"
264507,65,30,0,0,UP,80369415743,"A"
264507,78,49,0,0,DOWN,80425197043,"N"
264507,78,49,0,0,UP,80481383843,"N"
264507,68,32,0,0,DOWN,80529118543,"D"
264507,70,33,0,0,DOWN,80625376543,"F"
264507,68,32,0,0,UP,80641396343,"D"
264507,70,33,0,0,UP,80705414443,"F"
264507,72,35,0,0,DOWN,80729388143,"H"
264507,72,35,0,0,UP,80825368143,"H"
264507,66,48,0,0,DOWN,80826296343,"B"
264507,85,22,0,0,DOWN,80929399943,"U"
264507,66,48,0,0,UP,80945377043,"B"
264507,82,19,0,0,DOWN,81025211843,"R"
264507,85,22,0,0,UP,81033402743,"U"
264507,71,34,0,0,DOWN,81129467643,"G"
264507,82,19,0,0,UP,81145399343,"R"
264507,71,34,0,0,UP,81233433843,"G"
264507,69,18,0,0,DOWN,81234397643,"E"
264507,78,49,0,0,DOWN,81321385843,"N"
264507,69,18,0,0,UP,81329361843,"E"
264507,78,49,0,0,UP,81385407543,"N"
264507,76,38,0,0,DOWN,81425148143,"L"
264507,76,38,0,0,UP,81481387143,"L"
264507,65,30,0,0,DOWN,81521396943,"A"
264507,65,30,0,0,UP,81569425743,"A"
264507,78,49,0,0,DOWN,81625126243,"N"
264507,78,49,0,0,UP,81673488243,"N"
264507,68,32,0,0,DOWN,81729417543,"D"
264507,70,33,0,0,DOWN,81825164643,"F"
264507,68,32,0,0,UP,81841281343,"D"
264507,70,33,0,0,UP,81897389443,"F"
264507,72,35,0,0,DOWN,81929433543,"H"
264507,66,48,0,0,DOWN,82025103343,"B"
264507,72,35,0,0,UP,82033415443,"H"
264507,85,22,0,0,DOWN,82129428143,"U"
264507,66,48,0,0,UP,82145405243,"B"
264507,82,19,0,0,DOWN,82225152843,"R"
264507,85,22,0,0,UP,82233406543,"U"
264507,71,34,0,0,DOWN,82329456843,"G"
264507,82,19,0,0,UP,82345467743,"R"
264507,69,18,0,0,DOWN,82425179443,"E"
264507,71,34,0,0,UP,82433357243,"G"
264507,78,49,0,0,DOWN,82529408543,"N"
264507,69,18,0,0,UP,82537445543,"E"
264507,78,49,0,0,UP,82585373443,"N"
264507,76,38,0,0,DOWN,82625310843,"L"
264507,76,38,0,0,UP,82689374243,"L"
264507,65,30,0,0,DOWN,82729387643,"A"
264507,65,30,0,0,UP,82769391943,"A"
264507,78,49,0,0,DOWN,82825397843,"N"
264507,78,49,0,0,UP,82881418043,"N"
264507,68,32,0,0,DOWN,82929379043,"D"
264507,70,33,0,0,DOWN,83025470543,"F"
264507,68,32,0,0,UP,83041370343,"D"
264507,70,33,0,0,UP,83105404443,"F"
264507,72,35,0,0,DOWN,83129356443,"H"
264507,72,35,0,0,UP,83225619743,"H"
264507,66,48,0,0,DOWN,83226537043,"B"
264507,85,22,0,0,DOWN,83329388243,"U"
264507,66,48,0,0,UP,83345419143,"B"
264507,82,19,0,0,DOWN,83433408543,"R"
264507,85,22,0,0,UP,83441419243,"U"
264507,71,34,0,0,DOWN,83529439443,"G"
264507,82,19,0,0,UP,83545126643,"R"
264507,71,34,0,0,UP,83633421243,"G"
264507,69,18,0,0,DOWN,83634413443,"E"
264507,78,49,0,0,DOWN,83721385843,"N"
264507,69,18,0,0,UP,83729347443,"E"
264507,78,49,0,0,UP,83785381143,"N"
264507,76,38,0,0,DOWN,83825412543,"L"
264507,76,38,0,0,UP,83889394343,"L"
264507,65,30,0,0,DOWN,83929426143,"A"
264507,65,30,0,0,UP,83969412643,"A"
264507,78,49,0,0,DOWN,84025438043,"N"
264507,78,49,0,0,UP,84073425843,"N"
264507,68,32,0,0,DOWN,84129412243,"D"
264507,70,33,0,0,DOWN,84225420943,"F"
264507,68,32,0,0,UP,84241436143,"D"
264507,70,33,0,0,UP,84297488143,"F"
264507,72,35,0,0,DOWN,84329251743,"H"
264507,72,35,0,0,UP,84425495043,"H"
264507,66,48,0,0,DOWN,84426108843,"B"
264507,85,22,0,0,DOWN,84529428143,"U"
264507,66,48,0,0,UP,84545418843,"B"
264507,85,22,0,0,UP,84625444443,"U"
264507,82,19,0,0,DOWN,84626343843,"R"
264507,71,34,0,0,DOWN,84729443143,"G"
264507,82,19,0,0,UP,84745254943,"R"
264507,69,18,0,0,DOWN,84825415843,"E"
264507,71,34,0,0,UP,84841513143,"G"
264507,78,49,0,0,DOWN,84929406843,"N"
264507,69,18,0,0,UP,84937531743,"E"
264507,78,49,0,0,UP,84985427543,"N"
264507,76,38,0,0,DOWN,85025489143,"L"
264507,76,38,0,0,UP,85089168043,"L"
264507,65,30,0,0,DOWN,85129436443,"A"
264507,65,30,0,0,UP,85169432443,"A"
264507,78,49,0,0,DOWN,85225448343,"N"
264507,78,49,0,0,UP,85281420343,"N"
264507,68,32,0,0,DOWN,85329402543,"D"
264507,70,33,0,0,DOWN,85425389643,"F"
264507,68,32,0,0,UP,85441405743,"D"
264507,70,33,0,0,UP,85505469943,"F"
264507,72,35,0,0,DOWN,85529398243,"H"
264507,72,35,0,0,UP,85633476543,"H"
264507,66,48,0,0,DOWN,85634395243,"B"
264507,85,22,0,0,DOWN,85721453843,"U"
264507,66,48,0,0,UP,85745228443,"B"
264507,82,19,0,0,DOWN,85825466743,"R"
264507,85,22,0,0,UP,85833439443,"U"
264507,71,34,0,0,DOWN,85921446243,"G"
264507,82,19,0,0,UP,85937447543,"R"
264507,71,34,0,0,UP,86025426043,"G"
264507,69,18,0,0,DOWN,86033458143,"E"
264507,69,18,0,0,UP,86129414143,"E"
264507,78,49,0,0,DOWN,86130075443,"N"
264507,78,49,0,0,UP,86185422743,"N"
264507,76,38,0,0,DOWN,86225127543,"L"
264507,76,38,0,0,UP,86289392943,"L"
264507,65,30,0,0,DOWN,86329406543,"A"
264507,65,30,0,0,UP,86369446143,"A"
264507,78,49,0,0,DOWN,86425422243,"N"
264507,78,49,0,0,UP,86473510443,"N"
264507,68,32,0,0,DOWN,86529431943,"D"
264507,70,33,0,0,DOWN,86625465443,"F"
264507,68,32,0,0,UP,86633424643,"D"
264507,70,33,0,0,UP,86705141443,"F"
264507,72,35,0,0,DOWN,86729461343,"H"
264507,72,35,0,0,UP,86825502543,"H"
264507,66,48,0,0,DOWN,86826425043,"B"
264507,85,22,0,0,DOWN,86929443843,"U"
264507,66,48,0,0,UP,86945309543,"B"
264507,82,19,0,0,DOWN,87025427043,"R"
264507,85,22,0,0,UP,87033217143,"U"
264507,71,34,0,0,DOWN,87129202243,"G"
264507,82,19,0,0,UP,87145305443,"R"
264507,71,34,0,0,UP,87225445543,"G"
264507,69,18,0,0,DOWN,87226324943,"E"
264507,78,49,0,0,DOWN,87329225343,"N"
264507,69,18,0,0,UP,87337364243,"E"
264507,78,49,0,0,UP,87385440443,"N"
264507,76,38,0,0,DOWN,87425511443,"L"
264507,76,38,0,0,UP,87481498243,"L"
264507,65,30,0,0,DOWN,87521486143,"A"
264507,65,30,0,0,UP,87569465643,"A"
264507,78,49,0,0,DOWN,87633465443,"N"
264507,78,49,0,0,UP,87681442743,"N"
264507,68,32,0,0,DOWN,87729255043,"D"
264507,70,33,0,0,DOWN,87825441543,"F"
264507,68,32,0,0,UP,87841148143,"D"
264507,70,33,0,0,UP,87905441143,"F"
264507,72,35,0,0,DOWN,87921506643,"H"
264507,66,48,0,0,DOWN,88025503543,"B"
264507,72,35,0,0,UP,88033431843,"H"
264507,85,22,0,0,DOWN,88129347743,"U"
264507,66,48,0,0,UP,88137414843,"B"
264507,82,19,0,0,DOWN,88225433443,"R"
264507,85,22,0,0,UP,88233319543,"U"
264507,71,34,0,0,DOWN,88329340143,"G"
264507,82,19,0,0,UP,88345465343,"R"
264507,69,18,0,0,DOWN,88425542643,"E"
264507,71,34,0,0,UP,88433333043,"G"
264507,78,49,0,0,DOWN,88529282843,"N"
264507,69,18,0,0,UP,88537416643,"E"
264507,78,49,0,0,UP,88585445143,"N"
264507,76,38,0,0,DOWN,88625470343,"L"
264507,76,38,0,0,UP,88689441143,"L"
264507,65,30,0,0,DOWN,88729585943,"A"
264507,65,30,0,0,UP,88769448443,"A"
264507,78,49,0,0,DOWN,88825408343,"N"
264507,78,49,0,0,UP,88873512343,"N"
264507,68,32,0,0,DOWN,88929643643,"D"
264507,70,33,0,0,DOWN,89025436543,"F"
264507,68,32,0,0,UP,89041475343,"D"
264507,70,33,0,0,UP,89097219643,"F"
264507,72,35,0,0,DOWN,89129632243,"H"
264507,72,35,0,0,UP,89225564943,"H"
264507,66,48,0,0,DOWN,89233452143,"B"
264507,85,22,0,0,DOWN,89329255443,"U"
264507,66,48,0,0,UP,89345423943,"B"
264507,85,22,0,0,UP,89425478743,"U"
264507,82,19,0,0,DOWN,89426354143,"R"
264507,71,34,0,0,DOWN,89529475543,"G"
264507,82,19,0,0,UP,89545407443,"R"
264507,69,18,0,0,DOWN,89625464943,"E"
264507,71,34,0,0,UP,89633485743,"G"
264507,69,18,0,0,UP,89729453043,"E"
264507,78,49,0,0,DOWN,89730516943,"N"
264507,78,49,0,0,UP,89793467843,"N"
264507,76,38,0,0,DOWN,89825475643,"L"
264507,76,38,0,0,UP,89889544243,"L"
264507,65,30,0,0,DOWN,89921458943,"A"
264507,65,30,0,0,UP,89969456843,"A"
264507,78,49,0,0,DOWN,90025471143,"N"
264507,78,49,0,0,UP,90081181643,"N"
264507,68,32,0,0,DOWN,90129294043,"D"
264507,70,33,0,0,DOWN,90225471743,"F"
264507,68,32,0,0,UP,90241485343,"D"
264507,70,33,0,0,UP,90297246343,"F"
264507,72,35,0,0,DOWN,90329449143,"H"
264507,66,48,0,0,DOWN,90425455143,"B"
264507,72,35,0,0,UP,90433276543,"H"
264507,85,22,0,0,DOWN,90529482043,"U"
264507,66,48,0,0,UP,90545179943,"B"
264507,82,19,0,0,DOWN,90625477643,"R"
264507,85,22,0,0,UP,90633394343,"U"
264507,71,34,0,0,DOWN,90729533943,"G"
264507,82,19,0,0,UP,90745506743,"R"
264507,69,18,0,0,DOWN,90825485543,"E"
264507,71,34,0,0,UP,90833190043,"G"
264507,78,49,0,0,DOWN,90929447343,"N"
264507,69,18,0,0,UP,90937303643,"E"
264507,78,49,0,0,UP,90985564443,"N"
264507,76,38,0,0,DOWN,91025499043,"L"
264507,76,38,0,0,UP,91089241243,"L"
264507,65,30,0,0,DOWN,91129491143,"A"
264507,65,30,0,0,UP,91169519443,"A"
264507,78,49,0,0,DOWN,91225474943,"N"
264507,78,49,0,0,UP,91281281043,"N"
264507,68,32,0,0,DOWN,91329485943,"D"
264507,70,33,0,0,DOWN,91425480343,"F"
264507,68,32,0,0,UP,91441477043,"D"
264507,70,33,0,0,UP,91497580643,"F"
264507,72,35,0,0,DOWN,91529468043,"H"
264507,72,35,0,0,UP,91625482543,"H"
264507,66,48,0,0,DOWN,91633492043,"B"
264507,85,22,0,0,DOWN,91729367243,"U"
264507,66,48,0,0,UP,91745234843,"B"
264507,85,22,0,0,UP,91833506243,"U"
264507,82,19,0,0,DOWN,91834297443,"R"
264507,71,34,0,0,DOWN,91929493243,"G"
264507,82,19,0,0,UP,91945558343,"R"
264507,71,34,0,0,UP,92033473543,"G"
264507,69,18,0,0,DOWN,92033994343,"E"
264507,78,49,0,0,DOWN,92129499943,"N"
264507,69,18,0,0,UP,92137174043,"E"
264507,78,49,0,0,UP,92185451343,"N"
264507,76,38,0,0,DOWN,92225402743,"L"
264507,76,38,0,0,UP,92289461343,"L"
264507,65,30,0,0,DOWN,92329491743,"A"
264507,65,30,0,0,UP,92369522343,"A"
264507,78,49,0,0,DOWN,92425486343,"N"
264507,78,49,0,0,UP,92473479043,"N"
264507,68,32,0,0,DOWN,92529514543,"D"
264507,70,33,0,0,DOWN,92625507143,"F"
264507,68,32,0,0,UP,92633323843,"D"
264507,70,33,0,0,UP,92705601843,"F"
264507,72,35,0,0,DOWN,92729525943,"H"
264507,72,35,0,0,UP,92825506643,"H"
264507,66,48,0,0,DOWN,92833267543,"B"
264507,85,22,0,0,DOWN,92929494843,"U"
264507,66,48,0,0,UP,92945493743,"B"
264507,82,19,0,0,DOWN,93025483243,"R"
264507,85,22,0,0,UP,93033373143,"U"
264507,71,34,0,0,DOWN,93129528143,"G"
264507,82,19,0,0,UP,93145222043,"R"
264507,69,18,0,0,DOWN,93225459443,"E"
264507,71,34,0,0,UP,93233296643,"G"
264507,78,49,0,0,DOWN,93329514043,"N"
264507,69,18,0,0,UP,93337501043,"E"
264507,78,49,0,0,UP,93385430843,"N"
264507,76,38,0,0,DOWN,93425380743,"L"
264507,76,38,0,0,UP,93481526543,"L"
264507,65,30,0,0,DOWN,93529472243,"A"
264507,65,30,0,0,UP,93569266243,"A"
264507,78,49,0,0,DOWN,93625524243,"N"
264507,78,49,0,0,UP,93681475343,"N"
264507,68,32,0,0,DOWN,93729494743,"D"
264507,70,33,0,0,DOWN,93833305843,"F"
264507,68,32,0,0,UP,93841284943,"D"
264507,70,33,0,0,UP,93905530243,"F"
264507,72,35,0,0,DOWN,93929467343,"H"
264507,72,35,0,0,UP,94033304443,"H"
264507,66,48,0,0,DOWN,94034159743,"B"
264507,85,22,0,0,DOWN,94121578543,"U"
264507,66,48,0,0,UP,94145526543,"B"
264507,82,19,0,0,DOWN,94225647143,"R"
264507,85,22,0,0,UP,94233380643,"U"
264507,71,34,0,0,DOWN,94329253643,"G"
264507,82,19,0,0,UP,94337490843,"R"
264507,69,18,0,0,DOWN,94433473043,"E"
264507,71,34,0,0,UP,94441521343,"G"
264507,69,18,0,0,UP,94529423043,"E"
264507,78,49,0,0,DOWN,94530224743,"N"
264507,78,49,0,0,UP,94577512543,"N"
264507,76,38,0,0,DOWN,94625505543,"L"
264507,76,38,0,0,UP,94689510843,"L"
264507,65,30,0,0,DOWN,94729558043,"A"
264507,65,30,0,0,UP,94769303243,"A"
264507,78,49,0,0,DOWN,94825246443,"N"
264507,78,49,0,0,UP,94873512243,"N"
264507,68,32,0,0,DOWN,94929484043,"D"
264507,70,33,0,0,DOWN,95025485643,"F"
264507,68,32,0,0,UP,95041530643,"D"
264507,70,33,0,0,UP,95105491143,"F"
264507,72,35,0,0,DOWN,95129494943,"H"
264507,72,35,0,0,UP,95225499543,"H"
264507,66,48,0,0,DOWN,95233566443,"B"
264507,85,22,0,0,DOWN,95329515643,"U"
264507,66,48,0,0,UP,95345497543,"B"
264507,82,19,0,0,DOWN,95425503043,"R"
264507,85,22,0,0,UP,95433472843,"U"
264507,71,34,0,0,DOWN,95529509643,"G"
264507,82,19,0,0,UP,95545543843,"R"
264507,71,34,0,0,UP,95625569343,"G"
264507,69,18,0,0,DOWN,95626290343,"E"
264507,69,18,0,0,UP,95729503543,"E"
264507,78,49,0,0,DOWN,95730197343,"N"
264507,78,49,0,0,UP,95785273443,"N"
264507,76,38,0,0,DOWN,95825505243,"L"
264507,76,38,0,0,UP,95889505243,"L"
264507,65,30,0,0,DOWN,95921530243,"A"
264507,65,30,0,0,UP,95969506743,"A"
264507,78,49,0,0,DOWN,96025535343,"N"
264507,78,49,0,0,UP,96081540243,"N"
264507,68,32,0,0,DOWN,96129538243,"D"
264507,70,33,0,0,DOWN,96225533543,"F"
264507,68,32,0,0,UP,96241482543,"D"
264507,70,33,0,0,UP,96297492443,"F"
264507,72,35,0,0,DOWN,96329555843,"H"
264507,72,35,0,0,UP,96425520243,"H"
264507,66,48,0,0,DOWN,96426497943,"B"
264507,85,22,0,0,DOWN,96529361943,"U"
264507,66,48,0,0,UP,96537352343,"B"
264507,82,19,0,0,DOWN,96625503343,"R"
264507,85,22,0,0,UP,96633555743,"U"
264507,71,34,0,0,DOWN,96729514143,"G"
264507,82,19,0,0,UP,96745520543,"R"
264507,69,18,0,0,DOWN,96825542543,"E"
264507,71,34,0,0,UP,96833248643,"G"
264507,78,49,0,0,DOWN,96929554743,"N"
264507,69,18,0,0,UP,96937470343,"E"
264507,78,49,0,0,UP,96977522943,"N"
264507,76,38,0,0,DOWN,97025518543,"L"
264507,76,38,0,0,UP,97081379943,"L"
264507,65,30,0,0,DOWN,97129519543,"A"
264507,65,30,0,0,UP,97169451243,"A"
264507,78,49,0,0,DOWN,97225518043,"N"
264507,78,49,0,0,UP,97273541743,"N"
264507,68,32,0,0,DOWN,97329563643,"D"
264507,70,33,0,0,DOWN,97425440043,"F"
264507,68,32,0,0,UP,97441294543,"D"
264507,70,33,0,0,UP,97497545243,"F"
264507,72,35,0,0,DOWN,97529639443,"H"
264507,72,35,0,0,UP,97625498443,"H"
264507,66,48,0,0,DOWN,97626156843,"B"
264507,85,22,0,0,DOWN,97729495643,"U"
264507,66,48,0,0,UP,97745531043,"B"
264507,82,19,0,0,DOWN,97825546243,"R"
264507,85,22,0,0,UP,97841495043,"U"
264507,71,34,0,0,DOWN,97929536843,"G"
264507,82,19,0,0,UP,97945533843,"R"
264507,69,18,0,0,DOWN,98033568943,"E"
264507,71,34,0,0,UP,98041541543,"G"
264507,78,49,0,0,DOWN,98121562243,"N"
264507,69,18,0,0,UP,98129551143,"E"
264507,78,49,0,0,UP,98185716543,"N"
264507,76,38,0,0,DOWN,98225576143,"L"
264507,76,38,0,0,UP,98289538143,"L"
264507,65,30,0,0,DOWN,98329560143,"A"
264507,65,30,0,0,UP,98369683843,"A"
264507,78,49,0,0,DOWN,98425589443,"N"
264507,78,49,0,0,UP,98473544543,"N"
264507,68,32,0,0,DOWN,98529547343,"D"
264507,70,33,0,0,DOWN,98625544943,"F"
264507,68,32,0,0,UP,98641532643,"D"
264507,70,33,0,0,UP,98705501443,"F"
264507,72,35,0,0,DOWN,98729506843,"H"
264507,72,35,0,0,UP,98825521643,"H"
264507,66,48,0,0,DOWN,98826520243,"B"
264507,85,22,0,0,DOWN,98929517743,"U"
264507,66,48,0,0,UP,98945543143,"B"
264507,82,19,0,0,DOWN,99025314043,"R"
264507,85,22,0,0,UP,99033504343,"U"
264507,71,34,0,0,DOWN,99129518743,"G"
264507,82,19,0,0,UP,99145524343,"R"
264507,69,18,0,0,DOWN,99225537343,"E"
264507,71,34,0,0,UP,99233533243,"G"
264507,78,49,0,0,DOWN,99329566743,"N"
264507,69,18,0,0,UP,99337459943,"E"
264507,78,49,0,0,UP,99385544543,"N"
264507,76,38,0,0,DOWN,99425552543,"L"
264507,76,38,0,0,UP,99481560943,"L"
264507,65,30,0,0,DOWN,99529560843,"A"
264507,65,30,0,0,UP,99569545543,"A"
264507,78,49,0,0,DOWN,99625534743,"N"
264507,78,49,0,0,UP,99681604043,"N"
264507,68,32,0,0,DOWN,99729565843,"D"
264507,70,33,0,0,DOWN,99825575743,"F"
264507,68,32,0,0,UP,99841554543,"D"
264507,70,33,0,0,UP,99897560943,"F"
264507,72,35,0,0,DOWN,99929579243,"H"
264507,72,35,0,0,UP,100033566243,"H"
264507,66,48,0,0,DOWN,100034573743,"B"
264507,85,22,0,0,DOWN,100121309443,"U"
264507,66,48,0,0,UP,100145518643,"B"
264507,82,19,0,0,DOWN,100225590243,"R"
264507,85,22,0,0,UP,100233249743,"U"
264507,71,34,0,0,DOWN,100329519743,"G"
264507,82,19,0,0,UP,100345502843,"R"
264507,69,18,0,0,DOWN,100433529543,"E"
264507,71,34,0,0,UP,100449507043,"G"
264507,69,18,0,0,UP,100521425643,"E"
264507,78,49,0,0,DOWN,100529573343,"N"
264507,78,49,0,0,UP,100585543243,"N"
264507,76,38,0,0,DOWN,100625560543,"L"
264507,76,38,0,0,UP,100689552243,"L"
264507,65,30,0,0,DOWN,100729566943,"A"
264507,65,30,0,0,UP,100769567143,"A"
264507,78,49,0,0,DOWN,100825569343,"N"
264507,78,49,0,0,UP,100873588143,"N"
264507,68,32,0,0,DOWN,100929559543,"D"
264507,70,33,0,0,DOWN,101025259943,"F"
264507,68,32,0,0,UP,101033545343,"D"
264507,70,33,0,0,UP,101105328643,"F"
264507,72,35,0,0,DOWN,101129648643,"H"
264507,72,35,0,0,UP,101225635743,"H"
264507,66,48,0,0,DOWN,101226628243,"B"
264507,85,22,0,0,DOWN,101329303443,"U"
264507,66,48,0,0,UP,101345563843,"B"
264507,85,22,0,0,UP,101425306143,"U"
264507,82,19,0,0,DOWN,101426029243,"R"
264507,71,34,0,0,DOWN,101529551543,"G"
264507,82,19,0,0,UP,101545589643,"R"
264507,69,18,0,0,DOWN,101625566343,"E"
264507,71,34,0,0,UP,101633575643,"G"
264507,78,49,0,0,DOWN,101729545443,"N"
264507,69,18,0,0,UP,101737506243,"E"
264507,78,49,0,0,UP,101785565143,"N"
264507,76,38,0,0,DOWN,101825565443,"L"
264507,76,38,0,0,UP,101881273143,"L"
264507,65,30,0,0,DOWN,101929529043,"A"
264507,65,30,0,0,UP,101969569343,"A"
264507,78,49,0,0,DOWN,102033606343,"N"
264507,78,49,0,0,UP,102081587043,"N"
264507,68,32,0,0,DOWN,102129574043,"D"
264507,70,33,0,0,DOWN,102233617643,"F"
264507,68,32,0,0,UP,102241422543,"D"
264507,70,33,0,0,UP,102297560143,"F"
264507,72,35,0,0,DOWN,102321576043,"H"
264507,66,48,0,0,DOWN,102425402643,"B"
264507,72,35,0,0,UP,102433296843,"H"
264507,85,22,0,0,DOWN,102529579643,"U"
264507,66,48,0,0,UP,102553273343,"B"
264507,82,19,0,0,DOWN,102625589143,"R"
264507,85,22,0,0,UP,102633537843,"U"
264507,71,34,0,0,DOWN,102729609543,"G"
264507,82,19,0,0,UP,102737578043,"R"
264507,71,34,0,0,UP,102833582443,"G"
264507,69,18,0,0,DOWN,102834518243,"E"
264507,78,49,0,0,DOWN,102929593243,"N"
264507,69,18,0,0,UP,102937604443,"E"
264507,78,49,0,0,UP,102985579343,"N"
264507,76,38,0,0,DOWN,103025569143,"L"
264507,76,38,0,0,UP,103089560743,"L"
264507,65,30,0,0,DOWN,103129581143,"A"
264507,65,30,0,0,UP,103169558643,"A"
264507,78,49,0,0,DOWN,103225570943,"N"
264507,78,49,0,0,UP,103273375943,"N"
264507,68,32,0,0,DOWN,103329571043,"D"
264507,70,33,0,0,DOWN,103425533443,"F"
264507,68,32,0,0,UP,103441443243,"D"
264507,70,33,0,0,UP,103497677143,"F"
264507,72,35,0,0,DOWN,103529606843,"H"
264507,72,35,0,0,UP,103625595443,"H"
264507,66,48,0,0,DOWN,103626161143,"B"
264507,85,22,0,0,DOWN,103729601243,"U"
264507,66,48,0,0,UP,103745547643,"B"
264507,85,22,0,0,UP,103825620443,"U"
264507,82,19,0,0,DOWN,103826691243,"R"
264507,71,34,0,0,DOWN,103929563143,"G"
264507,82,19,0,0,UP,103945595843,"R"
264507,69,18,0,0,DOWN,104033572243,"E"
264507,71,34,0,0,UP,104041221443,"G"
264507,69,18,0,0,UP,104129608643,"E"
264507,78,49,0,0,DOWN,104130391943,"N"
264507,78,49,0,0,UP,104185582843,"N"
264507,76,38,0,0,DOWN,104225605143,"L"
264507,76,38,0,0,UP,104281561843,"L"
264507,65,30,0,0,DOWN,104321598843,"A"
264507,65,30,0,0,UP,104369608143,"A"
264507,78,49,0,0,DOWN,104425318943,"N"
264507,78,49,0,0,UP,104473738343,"N"
264507,68,32,0,0,DOWN,104529634043,"D"
264507,70,33,0,0,DOWN,104625602143,"F"
264507,68,32,0,0,UP,104641349943,"D"
264507,70,33,0,0,UP,104697339443,"F"
264507,72,35,0,0,DOWN,104729612643,"H"
264507,72,35,0,0,UP,104825597543,"H"
264507,66,48,0,0,DOWN,104826542743,"B"
264507,85,22,0,0,DOWN,104929643743,"U"
264507,66,48,0,0,UP,104945276843,"B"
264507,82,19,0,0,DOWN,105025296843,"R"
264507,85,22,0,0,UP,105033602343,"U"
264507,71,34,0,0,DOWN,105129591943,"G"
264507,82,19,0,0,UP,105145561043,"R"
264507,69,18,0,0,DOWN,105225452943,"E"
264507,71,34,0,0,UP,105241338343,"G"
264507,78,49,0,0,DOWN,105329634543,"N"
264507,69,18,0,0,UP,105337564343,"E"
264507,78,49,0,0,UP,105385397943,"N"
264507,76,38,0,0,DOWN,105425397043,"L"
264507,76,38,0,0,UP,105481658743,"L"
264507,65,30,0,0,DOWN,105529605143,"A"
264507,65,30,0,0,UP,105569620143,"A"
264507,78,49,0,0,DOWN,105625348943,"N"
264507,78,49,0,0,UP,105681603943,"N"
264507,68,32,0,0,DOWN,105729604943,"D"
264507,70,33,0,0,DOWN,105825351943,"F"
264507,68,32,0,0,UP,105833699143,"D"
264507,70,33,0,0,UP,105905580043,"F"
264507,72,35,0,0,DOWN,105929571443,"H"
264507,72,35,0,0,UP,106025370743,"H"
264507,66,48,0,0,DOWN,106026220843,"B"
264507,85,22,0,0,DOWN,106129588343,"U"
264507,66,48,0,0,UP,106145610843,"B"
264507,82,19,0,0,DOWN,106233610243,"R"
264507,85,22,0,0,UP,106241569243,"U"
264507,71,34,0,0,DOWN,106329599143,"G"
264507,82,19,0,0,UP,106345664343,"R"
264507,69,18,0,0,DOWN,106433600843,"E"
264507,71,34,0,0,UP,106441812043,"G"
264507,69,18,0,0,UP,106529625243,"E"
264507,78,49,0,0,DOWN,106530532143,"N"
264507,78,49,0,0,UP,106585622643,"N"
264507,76,38,0,0,DOWN,106625306143,"L"
264507,76,38,0,0,UP,106689589543,"L"
264507,65,30,0,0,DOWN,106729651943,"A"
264507,65,30,0,0,UP,106769608743,"A"
264507,78,49,0,0,DOWN,106825561443,"N"
264507,78,49,0,0,UP,106873607043,"N"
264507,68,32,0,0,DOWN,106929610743,"D"
264507,70,33,0,0,DOWN,107025675643,"F"
264507,68,32,0,0,UP,107033411643,"D"
264507,70,33,0,0,UP,107105633343,"F"
264507,72,35,0,0,DOWN,107129579443,"H"
264507,72,35,0,0,UP,107225744943,"H"
264507,66,48,0,0,DOWN,107226844643,"B"
264507,85,22,0,0,DOWN,107329594643,"U"
264507,66,48,0,0,UP,107345309143,"B"
264507,85,22,0,0,UP,107425765143,"U"
264507,82,19,0,0,DOWN,107426719643,"R"
264507,71,34,0,0,DOWN,107529654943,"G"
264507,82,19,0,0,UP,107545587243,"R"
264507,69,18,0,0,DOWN,107625804943,"E"
264507,71,34,0,0,UP,107641629143,"G"
264507,69,18,0,0,UP,107729641843,"E"
264507,78,49,0,0,DOWN,107730393443,"N"
264507,78,49,0,0,UP,107785739943,"N"
264507,76,38,0,0,DOWN,107825353143,"L"
264507,76,38,0,0,UP,107881608543,"L"
264507,65,30,0,0,DOWN,107929620343,"A"
264507,65,30,0,0,UP,107969629243,"A"
264507,78,49,0,0,DOWN,108025643043,"N"
264507,78,49,0,0,UP,108081597643,"N"
264507,68,32,0,0,DOWN,108129646943,"D"
264507,70,33,0,0,DOWN,108233621543,"F"
264507,68,32,0,0,UP,108241582143,"D"
264507,70,33,0,0,UP,108305643343,"F"
264507,72,35,0,0,DOWN,108329649543,"H"
264507,72,35,0,0,UP,108433641243,"H"
264507,66,48,0,0,DOWN,108434669743,"B"
264507,85,22,0,0,DOWN,108521580643,"U"
264507,66,48,0,0,UP,108545412243,"B"
264507,82,19,0,0,DOWN,108625621243,"R"
264507,85,22,0,0,UP,108633561443,"U"
264507,71,34,0,0,DOWN,108729638443,"G"
264507,82,19,0,0,UP,108745582843,"R"
264507,71,34,0,0,UP,108833667243,"G"
264507,69,18,0,0,DOWN,108834590443,"E"
264507,78,49,0,0,DOWN,108929593143,"N"
264507,69,18,0,0,UP,108937651443,"E"
264507,78,49,0,0,UP,108985647843,"N"
264507,76,38,0,0,DOWN,109025618643,"L"
264507,76,38,0,0,UP,109089605243,"L"
264507,65,30,0,0,DOWN,109129626143,"A"
264507,65,30,0,0,UP,109169635543,"A"
264507,78,49,0,0,DOWN,109225660343,"N"
264507,78,49,0,0,UP,109273808743,"N"
264507,68,32,0,0,DOWN,109329674243,"D"
264507,70,33,0,0,DOWN,109425623243,"F"
264507,68,32,0,0,UP,109433595043,"D"
264507,70,33,0,0,UP,109497622143,"F"
264507,72,35,0,0,DOWN,109529626243,"H"
264507,72,35,0,0,UP,109625626943,"H"
264507,66,48,0,0,DOWN,109626637943,"B"
264507,85,22,0,0,DOWN,109729620443,"U"
264507,66,48,0,0,UP,109745388543,"B"
264507,85,22,0,0,UP,109825647843,"U"
264507,82,19,0,0,DOWN,109833614843,"R"
264507,71,34,0,0,DOWN,109929654243,"G"
264507,82,19,0,0,UP,109937573143,"R"
264507,69,18,0,0,DOWN,110025629643,"E"
264507,71,34,0,0,UP,110033644043,"G"
264507,78,49,0,0,DOWN,110129381443,"N"
264507,69,18,0,0,UP,110137685143,"E"
264507,78,49,0,0,UP,110185616943,"N"
264507,76,38,0,0,DOWN,110225664743,"L"
264507,76,38,0,0,UP,110289607943,"L"
264507,65,30,0,0,DOWN,110321622043,"A"
264507,65,30,0,0,UP,110369638243,"A"
264507,78,49,0,0,DOWN,110433665043,"N"
264507,78,49,0,0,UP,110481606843,"N"
264507,68,32,0,0,DOWN,110529614243,"D"
264507,70,33,0,0,DOWN,110625652843,"F"
264507,68,32,0,0,UP,110641601843,"D"
264507,70,33,0,0,UP,110705631143,"F"
264507,72,35,0,0,DOWN,110721648943,"H"
264507,66,48,0,0,DOWN,110825698043,"B"
264507,72,35,0,0,UP,110833560843,"H"
264507,85,22,0,0,DOWN,110929649243,"U"
264507,66,48,0,0,UP,110945467543,"B"
264507,82,19,0,0,DOWN,111025621243,"R"
264507,85,22,0,0,UP,111033745243,"U"
264507,71,34,0,0,DOWN,111129452843,"G"
264507,82,19,0,0,UP,111137604043,"R"
264507,71,34,0,0,UP,111233718143,"G"
264507,69,18,0,0,DOWN,111234679243,"E"
264507,78,49,0,0,DOWN,111329597643,"N"
264507,69,18,0,0,UP,111337626943,"E"
264507,78,49,0,0,UP,111385667043,"N"
264507,76,38,0,0,DOWN,111425416943,"L"
264507,76,38,0,0,UP,111481572643,"L"
264507,65,30,0,0,DOWN,111529395543,"A"
264507,65,30,0,0,UP,111569596443,"A"
264507,78,49,0,0,DOWN,111625641143,"N"
264507,78,49,0,0,UP,111673709543,"N"
264507,68,32,0,0,DOWN,111729848143,"D"
264507,70,33,0,0,DOWN,111825664343,"F"
264507,68,32,0,0,UP,111841477243,"D"
264507,70,33,0,0,UP,111905634943,"F"
264507,72,35,0,0,DOWN,111929431743,"H"
264507,72,35,0,0,UP,112025706943,"H"
264507,66,48,0,0,DOWN,112026521443,"B"
264507,85,22,0,0,DOWN,112129479743,"U"
264507,66,48,0,0,UP,112145688143,"B"
264507,85,22,0,0,UP,112225704443,"U"
264507,82,19,0,0,DOWN,112226534743,"R"
264507,71,34,0,0,DOWN,112329550843,"G"
264507,82,19,0,0,UP,112345687743,"R"
264507,69,18,0,0,DOWN,112425657743,"E"
264507,71,34,0,0,UP,112433430843,"G"
264507,78,49,0,0,DOWN,112529588243,"N"
264507,69,18,0,0,UP,112537702543,"E"
264507,78,49,0,0,UP,112585635843,"N"
264507,76,38,0,0,DOWN,112625631743,"L"
264507,76,38,0,0,UP,112681603743,"L"
264507,65,30,0,0,DOWN,112721636743,"A"
264507,65,30,0,0,UP,112769634143,"A"
264507,78,49,0,0,DOWN,112825645143,"N"
264507,78,49,0,0,UP,112881507543,"N"
264507,68,32,0,0,DOWN,112929794043,"D"
264507,70,33,0,0,DOWN,113025663543,"F"
264507,68,32,0,0,UP,113041630743,"D"
264507,70,33,0,0,UP,113105692643,"F"
264507,72,35,0,0,DOWN,113129728343,"H"
264507,66,48,0,0,DOWN,113225372643,"B"
264507,72,35,0,0,UP,113233654343,"H"
264507,85,22,0,0,DOWN,113329829043,"U"
264507,66,48,0,0,UP,113345681043,"B"
264507,82,19,0,0,DOWN,113425661643,"R"
264507,85,22,0,0,UP,113433394443,"U"
264507,71,34,0,0,DOWN,113529686343,"G"
264507,82,19,0,0,UP,113545665443,"R"
264507,69,18,0,0,DOWN,113625682143,"E"
264507,71,34,0,0,UP,113633560943,"G"
264507,69,18,0,0,UP,113729733943,"E"
264507,78,49,0,0,DOWN,113730620543,"N"
264507,78,49,0,0,UP,113785649143,"N"
264507,76,38,0,0,DOWN,113825687843,"L"
264507,76,38,0,0,UP,113889640843,"L"
264507,65,30,0,0,DOWN,113929634243,"A"
264507,65,30,0,0,UP,113969673843,"A"
264507,78,49,0,0,DOWN,114025667443,"N"
264507,78,49,0,0,UP,114073665343,"N"
264507,68,32,0,0,DOWN,114129638443,"D"
264507,70,33,0,0,DOWN,114225647043,"F"
264507,68,32,0,0,UP,114241703343,"D"
264507,70,33,0,0,UP,114305662743,"F"
264507,72,35,0,0,DOWN,114329745643,"H"
264507,72,35,0,0,UP,114425596643,"H"
264507,66,48,0,0,DOWN,114426632043,"B"
264507,85,22,0,0,DOWN,114529708143,"U"
264507,66,48,0,0,UP,114545670543,"B"
264507,85,22,0,0,UP,114633673643,"U"
264507,82,19,0,0,DOWN,114634280843,"R"
264507,71,34,0,0,DOWN,114729711243,"G"
264507,82,19,0,0,UP,114745775443,"R"
264507,69,18,0,0,DOWN,114833665943,"E"
264507,71,34,0,0,UP,114841733843,"G"
264507,78,49,0,0,DOWN,114921677143,"N"
264507,69,18,0,0,UP,114929642643,"E"
264507,78,49,0,0,UP,114985774843,"N"
264507,76,38,0,0,DOWN,115025701443,"L"
264507,76,38,0,0,UP,115089684443,"L"
264507,65,30,0,0,DOWN,115129669343,"A"
264507,65,30,0,0,UP,115169729243,"A"
264507,78,49,0,0,DOWN,115225754943,"N"
264507,78,49,0,0,UP,115289675743,"N"
264507,68,32,0,0,DOWN,115329669043,"D"
264507,70,33,0,0,DOWN,115425667943,"F"
264507,68,32,0,0,UP,115441650943,"D"
264507,70,33,0,0,UP,115505647743,"F"
264507,72,35,0,0,DOWN,115529667843,"H"
264507,66,48,0,0,DOWN,115625677743,"B"
264507,72,35,0,0,UP,115633454543,"H"
264507,85,22,0,0,DOWN,115729698843,"U"
264507,66,48,0,0,UP,115745437543,"B"
264507,82,19,0,0,DOWN,115825701543,"R"
264507,85,22,0,0,UP,115833527943,"U"
264507,71,34,0,0,DOWN,115929716343,"G"
264507,82,19,0,0,UP,115945699743,"R"
264507,69,18,0,0,DOWN,116025714443,"E"
264507,71,34,0,0,UP,116033526243,"G"
264507,78,49,0,0,DOWN,116129700143,"N"
264507,69,18,0,0,UP,116137693743,"E"
264507,78,49,0,0,UP,116185667143,"N"
264507,76,38,0,0,DOWN,116225704343,"L"
264507,76,38,0,0,UP,116281758743,"L"
264507,65,30,0,0,DOWN,116329765743,"A"
264507,65,30,0,0,UP,116377662143,"A"
264507,78,49,0,0,DOWN,116425735243,"N"
264507,78,49,0,0,UP,116481796743,"N"
264507,68,32,0,0,DOWN,116529446543,"D"
264507,70,33,0,0,DOWN,116625692143,"F"
264507,68,32,0,0,UP,116641661043,"D"
264507,70,33,0,0,UP,116697642543,"F"
264507,72,35,0,0,DOWN,116729653843,"H"
264507,72,35,0,0,UP,116833661943,"H"
264507,66,48,0,0,DOWN,116834525943,"B"
264507,85,22,0,0,DOWN,116929653943,"U"
264507,66,48,0,0,UP,116953665843,"B"
264507,82,19,0,0,DOWN,117033437243,"R"
264507,85,22,0,0,UP,117041706743,"U"
264507,71,34,0,0,DOWN,117129477543,"G"
264507,82,19,0,0,UP,117145591943,"R"
264507,71,34,0,0,UP,117233593943,"G"
264507,69,18,0,0,DOWN,117233999943,"E"
264507,78,49,0,0,DOWN,117329728243,"N"
264507,69,18,0,0,UP,117337644443,"E"
264507,78,49,0,0,UP,117385727843,"N"
264507,76,38,0,0,DOWN,117425748443,"L"
264507,76,38,0,0,UP,117489684743,"L"
264507,65,30,0,0,DOWN,117529726743,"A"
264507,65,30,0,0,UP,117569461243,"A"
264507,78,49,0,0,DOWN,117625733743,"N"
264507,78,49,0,0,UP,117689714843,"N"
264507,68,32,0,0,DOWN,117729707643,"D"
264507,70,33,0,0,DOWN,117825737243,"F"
264507,68,32,0,0,UP,117833482843,"D"
264507,70,33,0,0,UP,117905706343,"F"
264507,72,35,0,0,DOWN,117929716443,"H"
264507,72,35,0,0,UP,118025745543,"H"
264507,66,48,0,0,DOWN,118026819843,"B"
264507,85,22,0,0,DOWN,118129679143,"U"
264507,66,48,0,0,UP,118145673643,"B"
264507,82,19,0,0,DOWN,118225734443,"R"
264507,85,22,0,0,UP,118233539943,"U"
264507,71,34,0,0,DOWN,118329731943,"G"
264507,82,19,0,0,UP,118345706043,"R"
264507,71,34,0,0,UP,118425732643,"G"
264507,69,18,0,0,DOWN,118433685243,"E"
264507,69,18,0,0,UP,118529753643,"E"
264507,78,49,0,0,DOWN,118530561743,"N"
264507,78,49,0,0,UP,118585712943,"N"
264507,76,38,0,0,DOWN,118625707243,"L"
264507,76,38,0,0,UP,118681733543,"L"
264507,65,30,0,0,DOWN,118729711943,"A"
264507,65,30,0,0,UP,118769481943,"A"
264507,78,49,0,0,DOWN,118833631843,"N"
264507,78,49,0,0,UP,118881712943,"N"
264507,68,32,0,0,DOWN,118929697443,"D"
264507,70,33,0,0,DOWN,119033878843,"F"
264507,68,32,0,0,UP,119041679943,"D"
264507,70,33,0,0,UP,119097695143,"F"
264507,72,35,0,0,DOWN,119121468043,"H"
264507,72,35,0,0,UP,119225773343,"H"
264507,66,48,0,0,DOWN,119226347843,"B"
264507,85,22,0,0,DOWN,119329686243,"U"
264507,66,48,0,0,UP,119353468143,"B"
264507,82,19,0,0,DOWN,119425733943,"R"
264507,85,22,0,0,UP,119433551343,"U"
264507,71,34,0,0,DOWN,119529683143,"G"
264507,82,19,0,0,UP,119545689343,"R"
264507,69,18,0,0,DOWN,119633704243,"E"
264507,71,34,0,0,UP,119641695343,"G"
264507,78,49,0,0,DOWN,119729734743,"N"
264507,69,18,0,0,UP,119737708243,"E"
264507,78,49,0,0,UP,119785590843,"N"
264507,76,38,0,0,DOWN,119825717243,"L"
264507,76,38,0,0,UP,119881791743,"L"
264507,65,30,0,0,DOWN,119929747043,"A"
264507,65,30,0,0,UP,119969665743,"A"
264507,78,49,0,0,DOWN,120025754543,"N"
264507,78,49,0,0,UP,120081694343,"N"
264507,68,32,0,0,DOWN,120129746343,"D"
264507,70,33,0,0,DOWN,120225696043,"F"
264507,68,32,0,0,UP,120241499943,"D"
264507,70,33,0,0,UP,120305721843,"F"
264507,72,35,0,0,DOWN,120329787943,"H"
264507,72,35,0,0,UP,120425720243,"H"
264507,66,48,0,0,DOWN,120426643543,"B"
264507,85,22,0,0,DOWN,120529721243,"U"
264507,66,48,0,0,UP,120545699143,"B"
264507,82,19,0,0,DOWN,120625697643,"R"
264507,85,22,0,0,UP,120633654443,"U"
264507,71,34,0,0,DOWN,120729682843,"G"
264507,82,19,0,0,UP,120745730543,"R"
264507,69,18,0,0,DOWN,120825763743,"E"
264507,71,34,0,0,UP,120833704443,"G"
264507,78,49,0,0,DOWN,120929713743,"N"
264507,69,18,0,0,UP,120937831443,"E"
264507,78,49,0,0,UP,120993703443,"N"
264507,76,38,0,0,DOWN,121025713743,"L"
264507,76,38,0,0,UP,121081697643,"L"
264507,65,30,0,0,DOWN,121121733943,"A"
264507,65,30,0,0,UP,121169521943,"A"
264507,78,49,0,0,DOWN,121225735043,"N"
264507,78,49,0,0,UP,121281727943,"N"
264507,68,32,0,0,DOWN,121329752743,"D"
264507,70,33,0,0,DOWN,121425648343,"F"
264507,68,32,0,0,UP,121433752043,"D"
264507,70,33,0,0,UP,121505714343,"F"
264507,72,35,0,0,DOWN,121529767143,"H"
264507,72,35,0,0,UP,121625794643,"H"
264507,66,48,0,0,DOWN,121626670043,"B"
264507,85,22,0,0,DOWN,121729743043,"U"
264507,66,48,0,0,UP,121745724543,"B"
264507,85,22,0,0,UP,121825765543,"U"
264507,82,19,0,0,DOWN,121826406643,"R"
264507,71,34,0,0,DOWN,121929740743,"G"
264507,82,19,0,0,UP,121945760743,"R"
264507,69,18,0,0,DOWN,122025751643,"E"
264507,71,34,0,0,UP,122033454643,"G"
264507,78,49,0,0,DOWN,122129754443,"N"
264507,69,18,0,0,UP,122137582743,"E"
264507,78,49,0,0,UP,122185852443,"N"
264507,76,38,0,0,DOWN,122225705643,"L"
264507,76,38,0,0,UP,122281764243,"L"
264507,65,30,0,0,DOWN,122329702643,"A"
264507,65,30,0,0,UP,122369599843,"A"
264507,78,49,0,0,DOWN,122425708043,"N"
264507,78,49,0,0,UP,122481769343,"N"
264507,68,32,0,0,DOWN,122529720343,"D"
264507,70,33,0,0,DOWN,122625744543,"F"
264507,68,32,0,0,UP,122641757743,"D"
264507,70,33,0,0,UP,122705727543,"F"
264507,72,35,0,0,DOWN,122729759343,"H"
264507,72,35,0,0,UP,122825768043,"H"
264507,66,48,0,0,DOWN,122826581743,"B"
264507,85,22,0,0,DOWN,122929769743,"U"
264507,66,48,0,0,UP,122945741343,"B"
264507,82,19,0,0,DOWN,123033714943,"R"
264507,85,22,0,0,UP,123041544843,"U"
264507,71,34,0,0,DOWN,123129755443,"G"
264507,82,19,0,0,UP,123145741143,"R"
264507,71,34,0,0,UP,123233738043,"G"
264507,69,18,0,0,DOWN,123234728443,"E"
264507,78,49,0,0,DOWN,123321736443,"N"
264507,69,18,0,0,UP,123329779043,"E"
264507,78,49,0,0,UP,123385539243,"N"
264507,76,38,0,0,DOWN,123425749843,"L"
264507,76,38,0,0,UP,123481778843,"L"
264507,65,30,0,0,DOWN,123529712543,"A"
264507,65,30,0,0,UP,123569731543,"A"
264507,78,49,0,0,DOWN,123625720443,"N"
264507,78,49,0,0,UP,123681800543,"N"
264507,68,32,0,0,DOWN,123729711543,"D"
264507,70,33,0,0,DOWN,123825762743,"F"
264507,68,32,0,0,UP,123833735043,"D"
264507,70,33,0,0,UP,123905708243,"F"
264507,72,35,0,0,DOWN,123929708643,"H"
264507,72,35,0,0,UP,124025759143,"H"
264507,66,48,0,0,DOWN,124026603643,"B"
264507,85,22,0,0,DOWN,124129775443,"U"
264507,66,48,0,0,UP,124145809843,"B"
264507,82,19,0,0,DOWN,124225752643,"R"
264507,85,22,0,0,UP,124233722343,"U"
264507,71,34,0,0,DOWN,124329783543,"G"
264507,82,19,0,0,UP,124345791543,"R"
264507,69,18,0,0,DOWN,124425986743,"E"
264507,71,34,0,0,UP,124433486643,"G"
264507,78,49,0,0,DOWN,124529768843,"N"
264507,69,18,0,0,UP,124537861543,"E"
264507,78,49,0,0,UP,124585777543,"N"
264507,76,38,0,0,DOWN,124625791343,"L"
264507,76,38,0,0,UP,124681735943,"L"
264507,65,30,0,0,DOWN,124729764143,"A"
264507,65,30,0,0,UP,124777748743,"A"
264507,78,49,0,0,DOWN,124825773943,"N"
264507,78,49,0,0,UP,124881789643,"N"
264507,68,32,0,0,DOWN,124929742143,"D"
264507,70,33,0,0,DOWN,125025735743,"F"
264507,68,32,0,0,UP,125041721343,"D"
264507,70,33,0,0,UP,125097788943,"F"
264507,72,35,0,0,DOWN,125129764443,"H"
264507,72,35,0,0,UP,125233773943,"H"
264507,66,48,0,0,DOWN,125234729743,"B"
264507,85,22,0,0,DOWN,125329782443,"U"
264507,66,48,0,0,UP,125353773843,"B"
264507,82,19,0,0,DOWN,125433769843,"R"
264507,85,22,0,0,UP,125441530743,"U"
264507,71,34,0,0,DOWN,125529761643,"G"
264507,82,19,0,0,UP,125537824243,"R"
264507,69,18,0,0,DOWN,125633807843,"E"
264507,71,34,0,0,UP,125649697743,"G"
264507,69,18,0,0,UP,125729786243,"E"
264507,78,49,0,0,DOWN,125730450143,"N"
264507,78,49,0,0,UP,125785741243,"N"
264507,76,38,0,0,DOWN,125825769743,"L"
264507,76,38,0,0,UP,125881749743,"L"
264507,65,30,0,0,DOWN,125929760643,"A"
264507,65,30,0,0,UP,125969772643,"A"
264507,78,49,0,0,DOWN,126025770643,"N"
264507,78,49,0,0,UP,126089517343,"N"
264507,68,32,0,0,DOWN,126129763043,"D"
264507,70,33,0,0,DOWN,126225759543,"F"
264507,68,32,0,0,UP,126233762143,"D"
264507,70,33,0,0,UP,126305798243,"F"
264507,72,35,0,0,DOWN,126329762443,"H"
264507,72,35,0,0,UP,126425671843,"H"
264507,66,48,0,0,DOWN,126426902643,"B"
264507,85,22,0,0,DOWN,126529814143,"U"
264507,66,48,0,0,UP,126545751743,"B"
264507,85,22,0,0,UP,126625829143,"U"
264507,82,19,0,0,DOWN,126626634043,"R"
264507,71,34,0,0,DOWN,126729556543,"G"
264507,82,19,0,0,UP,126737771143,"R"
264507,69,18,0,0,DOWN,126825761443,"E"
264507,71,34,0,0,UP,126833778443,"G"
264507,78,49,0,0,DOWN,126929803943,"N"
264507,69,18,0,0,UP,126937724443,"E"
264507,78,49,0,0,UP,126985777143,"N"
264507,76,38,0,0,DOWN,127025854443,"L"
264507,76,38,0,0,UP,127081535443,"L"
264507,65,30,0,0,DOWN,127129766043,"A"
264507,65,30,0,0,UP,127169718843,"A"
264507,78,49,0,0,DOWN,127233688943,"N"
264507,78,49,0,0,UP,127281794743,"N"
264507,68,32,0,0,DOWN,127329793543,"D"
264507,70,33,0,0,DOWN,127433785443,"F"
264507,68,32,0,0,UP,127441601143,"D"
264507,70,33,0,0,UP,127497784843,"F"
264507,72,35,0,0,DOWN,127521859143,"H"
264507,66,48,0,0,DOWN,127625810443,"B"
264507,72,35,0,0,UP,127633625443,"H"
264507,85,22,0,0,DOWN,127729726643,"U"
264507,66,48,0,0,UP,127745726943,"B"
264507,82,19,0,0,DOWN,127825764643,"R"
264507,85,22,0,0,UP,127833752543,"U"
264507,71,34,0,0,DOWN,127929820743,"G"
264507,82,19,0,0,UP,127937742143,"R"
264507,71,34,0,0,UP,128033695443,"G"
264507,69,18,0,0,DOWN,128034633043,"E"
264507,78,49,0,0,DOWN,128129806743,"N"
264507,69,18,0,0,UP,128137792043,"E"
264507,78,49,0,0,UP,128193772543,"N"
264507,76,38,0,0,DOWN,128225778643,"L"
264507,76,38,0,0,UP,128281779143,"L"
264507,65,30,0,0,DOWN,128329846943,"A"
264507,65,30,0,0,UP,128369802743,"A"
264507,78,49,0,0,DOWN,128425525743,"N"
264507,78,49,0,0,UP,128489756543,"N"
264507,68,32,0,0,DOWN,128529779343,"D"
264507,70,33,0,0,DOWN,128625771643,"F"
264507,68,32,0,0,UP,128641625243,"D"
264507,70,33,0,0,UP,128705601343,"F"
264507,72,35,0,0,DOWN,128729778443,"H"
264507,66,48,0,0,DOWN,128825757543,"B"
264507,72,35,0,0,UP,128833716543,"H"
264507,85,22,0,0,DOWN,128929800243,"U"
264507,66,48,0,0,UP,128945760643,"B"
264507,82,19,0,0,DOWN,129025784043,"R"
264507,85,22,0,0,UP,129033827143,"U"
264507,71,34,0,0,DOWN,129129772743,"G"
264507,82,19,0,0,UP,129145799843,"R"
264507,69,18,0,0,DOWN,129233777643,"E"
264507,71,34,0,0,UP,129241482643,"G"
264507,78,49,0,0,DOWN,129329805743,"N"
264507,69,18,0,0,UP,129337797043,"E"
264507,78,49,0,0,UP,129393702143,"N"
264507,76,38,0,0,DOWN,129425540543,"L"
264507,76,38,0,0,UP,129481864743,"L"
264507,65,30,0,0,DOWN,129521783943,"A"
264507,65,30,0,0,UP,129569787343,"A"
264507,78,49,0,0,DOWN,129625803043,"N"
264507,78,49,0,0,UP,129681788343,"N"
264507,68,32,0,0,DOWN,129729804743,"D"
264507,70,33,0,0,DOWN,129825562243,"F"
264507,68,32,0,0,UP,129833876143,"D"
264507,70,33,0,0,UP,129897813743,"F"
264507,72,35,0,0,DOWN,129929845643,"H"
264507,66,48,0,0,DOWN,130025582143,"B"
264507,72,35,0,0,UP,130033827343,"H"
264507,85,22,0,0,DOWN,130129833843,"U"
264507,66,48,0,0,UP,130145817643,"B"
264507,82,19,0,0,DOWN,130225584143,"R"
264507,85,22,0,0,UP,130233508943,"U"
264507,71,34,0,0,DOWN,130329740743,"G"
264507,82,19,0,0,UP,130345850743,"R"
264507,69,18,0,0,DOWN,130425579843,"E"
264507,71,34,0,0,UP,130433593443,"G"
264507,69,18,0,0,UP,130529775443,"E"
264507,78,49,0,0,DOWN,130530451243,"N"
264507,78,49,0,0,UP,130585756343,"N"
264507,76,38,0,0,DOWN,130625608543,"L"
264507,76,38,0,0,UP,130681588843,"L"
264507,65,30,0,0,DOWN,130729793943,"A"
264507,65,30,0,0,UP,130769830443,"A"
264507,78,49,0,0,DOWN,130825500243,"N"
264507,78,49,0,0,UP,130889782543,"N"
264507,68,32,0,0,DOWN,130929825243,"D"
264507,70,33,0,0,DOWN,131025646843,"F"
264507,68,32,0,0,UP,131041808243,"D"
264507,70,33,0,0,UP,131105799843,"F"
264507,72,35,0,0,DOWN,131130035043,"H"
264507,72,35,0,0,UP,131225888843,"H"
264507,66,48,0,0,DOWN,131226736843,"B"
264507,85,22,0,0,DOWN,131329870243,"U"
264507,66,48,0,0,UP,131353811943,"B"
264507,82,19,0,0,DOWN,131433871143,"R"
264507,85,22,0,0,UP,131441971043,"U"
264507,71,34,0,0,DOWN,131529847643,"G"
264507,82,19,0,0,UP,131545838643,"R"
264507,69,18,0,0,DOWN,131633815843,"E"
264507,71,34,0,0,UP,131641819043,"G"
264507,78,49,0,0,DOWN,131721836943,"N"
264507,69,18,0,0,UP,131737589643,"E"
264507,78,49,0,0,UP,131793580343,"N"
264507,76,38,0,0,DOWN,131825826043,"L"
264507,76,38,0,0,UP,131881791643,"L"
264507,65,30,0,0,DOWN,131929779143,"A"
264507,65,30,0,0,UP,131969630743,"A"
264507,78,49,0,0,DOWN,132025839943,"N"
264507,78,49,0,0,UP,132081788243,"N"
264507,68,32,0,0,DOWN,132129852643,"D"
264507,70,33,0,0,DOWN,132225896543,"F"
264507,68,32,0,0,UP,132241785343,"D"
264507,70,33,0,0,UP,132305804043,"F"
264507,72,35,0,0,DOWN,132329812143,"H"
264507,72,35,0,0,UP,132425882443,"H"
264507,66,48,0,0,DOWN,132426940643,"B"
264507,85,22,0,0,DOWN,132529874043,"U"
264507,66,48,0,0,UP,132545523043,"B"
264507,82,19,0,0,DOWN,132625728243,"R"
264507,85,22,0,0,UP,132641504643,"U"
264507,71,34,0,0,DOWN,132729850143,"G"
264507,82,19,0,0,UP,132745777543,"R"
264507,69,18,0,0,DOWN,132825847443,"E"
264507,71,34,0,0,UP,132841530843,"G"
264507,69,18,0,0,UP,132929820743,"E"
264507,78,49,0,0,DOWN,132930592243,"N"
264507,78,49,0,0,UP,132985794843,"N"
264507,76,38,0,0,DOWN,133025836443,"L"
264507,76,38,0,0,UP,133081796443,"L"
264507,65,30,0,0,DOWN,133129844543,"A"
264507,65,30,0,0,UP,133177575243,"A"
264507,78,49,0,0,DOWN,133225815543,"N"
264507,78,49,0,0,UP,133289905343,"N"
264507,68,32,0,0,DOWN,133329831743,"D"
264507,70,33,0,0,DOWN,133433814243,"F"
264507,68,32,0,0,UP,133441520943,"D"
264507,70,33,0,0,UP,133497893343,"F"
264507,72,35,0,0,DOWN,133529612243,"H"
264507,72,35,0,0,UP,133633838843,"H"
264507,66,48,0,0,DOWN,133634519343,"B"
264507,85,22,0,0,DOWN,133729771743,"U"
264507,66,48,0,0,UP,133753756443,"B"
264507,82,19,0,0,DOWN,133833786443,"R"
264507,85,22,0,0,UP,133841544943,"U"
264507,71,34,0,0,DOWN,133929796543,"G"
264507,82,19,0,0,UP,133937861543,"R"
264507,71,34,0,0,UP,134033883743,"G"
264507,69,18,0,0,DOWN,134034790943,"E"
264507,78,49,0,0,DOWN,134129866643,"N"
264507,69,18,0,0,UP,134137802243,"E"
264507,78,49,0,0,UP,134193825443,"N"
264507,76,38,0,0,DOWN,134225992743,"L"
264507,76,38,0,0,UP,134281811643,"L"
264507,65,30,0,0,DOWN,134329833543,"A"
264507,65,30,0,0,UP,134369840943,"A"
264507,78,49,0,0,DOWN,134425842543,"N"
264507,78,49,0,0,UP,134481796843,"N"
264507,68,32,0,0,DOWN,134529799443,"D"
264507,70,33,0,0,DOWN,134625814443,"F"
264507,68,32,0,0,UP,134633781543,"D"
264507,70,33,0,0,UP,134705819243,"F"
264507,72,35,0,0,DOWN,134729803843,"H"
264507,72,35,0,0,UP,134825825643,"H"
264507,66,48,0,0,DOWN,134826542243,"B"
264507,85,22,0,0,DOWN,134929828943,"U"
264507,66,48,0,0,UP,134945504643,"B"
264507,82,19,0,0,DOWN,135025853543,"R"
264507,85,22,0,0,UP,135033818543,"U"
264507,71,34,0,0,DOWN,135129610243,"G"
264507,82,19,0,0,UP,135137849143,"R"
264507,69,18,0,0,DOWN,135225832343,"E"
264507,71,34,0,0,UP,135233827143,"G"
264507,78,49,0,0,DOWN,135329740343,"N"
264507,69,18,0,0,UP,135337552243,"E"
264507,78,49,0,0,UP,135385853443,"N"
264507,76,38,0,0,DOWN,135425945643,"L"
264507,76,38,0,0,UP,135481867443,"L"
264507,65,30,0,0,DOWN,135529628243,"A"
264507,65,30,0,0,UP,135577852243,"A"
264507,78,49,0,0,DOWN,135633866643,"N"
264507,78,49,0,0,UP,135689839043,"N"
264507,68,32,0,0,DOWN,135729580343,"D"
264507,70,33,0,0,DOWN,135833817743,"F"
264507,68,32,0,0,UP,135841535343,"D"
264507,70,33,0,0,UP,135905778843,"F"
264507,72,35,0,0,DOWN,135921845243,"H"
264507,72,35,0,0,UP,136033874043,"H"
264507,66,48,0,0,DOWN,136034470143,"B"
264507,85,22,0,0,DOWN,136129946343,"U"
264507,66,48,0,0,UP,136153830443,"B"
264507,82,19,0,0,DOWN,136225871743,"R"
264507,85,22,0,0,UP,136233814543,"U"
264507,71,34,0,0,DOWN,136329599943,"G"
264507,82,19,0,0,UP,136345879543,"R"
264507,71,34,0,0,UP,136433851543,"G"
264507,69,18,0,0,DOWN,136434645643,"E"
264507,78,49,0,0,DOWN,136529755943,"N"
264507,69,18,0,0,UP,136537806043,"E"
264507,78,49,0,0,UP,136585863243,"N"
264507,76,38,0,0,DOWN,136625920543,"L"
264507,76,38,0,0,UP,136681837043,"L"
264507,65,30,0,0,DOWN,136729719743,"A"
264507,65,30,0,0,UP,136769923743,"A"
264507,78,49,0,0,DOWN,136825892843,"N"
264507,78,49,0,0,UP,136889854443,"N"
264507,68,32,0,0,DOWN,136929825543,"D"
264507,70,33,0,0,DOWN,137025862243,"F"
264507,68,32,0,0,UP,137041876343,"D"
264507,70,33,0,0,UP,137097871443,"F"
264507,72,35,0,0,DOWN,137129940043,"H"
264507,72,35,0,0,UP,137225856343,"H"
264507,66,48,0,0,DOWN,137226624643,"B"
264507,85,22,0,0,DOWN,137329694343,"U"
264507,66,48,0,0,UP,137345885943,"B"
264507,82,19,0,0,DOWN,137425872643,"R"
264507,85,22,0,0,UP,137441866343,"U"
264507,71,34,0,0,DOWN,137529943843,"G"
264507,82,19,0,0,UP,137545879043,"R"
264507,69,18,0,0,DOWN,137625615643,"E"
264507,71,34,0,0,UP,137633803943,"G"
264507,69,18,0,0,UP,137729979143,"E"
264507,78,49,0,0,DOWN,137730804443,"N"
264507,78,49,0,0,UP,137793854643,"N"
264507,76,38,0,0,DOWN,137833859843,"L"
264507,76,38,0,0,UP,137881865443,"L"
264507,65,30,0,0,DOWN,137921914243,"A"
264507,65,30,0,0,UP,137977909543,"A"
264507,78,49,0,0,DOWN,138033927543,"N"
264507,78,49,0,0,UP,138089879543,"N"
264507,68,32,0,0,DOWN,138129901243,"D"
264507,70,33,0,0,DOWN,138225925843,"F"
264507,68,32,0,0,UP,138241947743,"D"
264507,70,33,0,0,UP,138297649843,"F"
264507,72,35,0,0,DOWN,138330032543,"H"
264507,66,48,0,0,DOWN,138425943143,"B"
264507,72,35,0,0,UP,138433891043,"H"
264507,85,22,0,0,DOWN,138529936243,"U"
264507,66,48,0,0,UP,138545583143,"B"
264507,82,19,0,0,DOWN,138625694243,"R"
264507,85,22,0,0,UP,138633805843,"U"
264507,71,34,0,0,DOWN,138729871143,"G"
264507,82,19,0,0,UP,138745887443,"R"
264507,69,18,0,0,DOWN,138825900943,"E"
264507,71,34,0,0,UP,138833604343,"G"
264507,78,49,0,0,DOWN,138929910043,"N"
264507,69,18,0,0,UP,138938129943,"E"
264507,78,49,0,0,UP,138993870243,"N"
264507,76,38,0,0,DOWN,139025882643,"L"
264507,76,38,0,0,UP,139081688643,"L"
264507,65,30,0,0,DOWN,139129867143,"A"
264507,65,30,0,0,UP,139169880943,"A"
264507,78,49,0,0,DOWN,139225879843,"N"
264507,78,49,0,0,UP,139281671743,"N"
264507,68,32,0,0,DOWN,139329911743,"D"
264507,70,33,0,0,DOWN,139425926943,"F"
264507,68,32,0,0,UP,139441888843,"D"
264507,70,33,0,0,UP,139505910143,"F"
264507,72,35,0,0,DOWN,139529933143,"H"
264507,72,35,0,0,UP,139625890243,"H"
264507,66,48,0,0,DOWN,139626823343,"B"
264507,85,22,0,0,DOWN,139729633743,"U"
264507,66,48,0,0,UP,139745895843,"B"
264507,82,19,0,0,DOWN,139833881443,"R"
264507,85,22,0,0,UP,139841559443,"U"
264507,71,34,0,0,DOWN,139929910843,"G"
264507,82,19,0,0,UP,139945816143,"R"
264507,69,18,0,0,DOWN,140033839243,"E"
264507,71,34,0,0,UP,140041813243,"G"
264507,69,18,0,0,UP,140129926343,"E"
264507,78,49,0,0,DOWN,140130871043,"N"
264507,78,49,0,0,UP,140193872143,"N"
264507,76,38,0,0,DOWN,140225978943,"L"
264507,76,38,0,0,UP,140289881243,"L"
264507,65,30,0,0,DOWN,140329926843,"A"
264507,65,30,0,0,UP,140377913043,"A"
264507,78,49,0,0,DOWN,140426012843,"N"
264507,78,49,0,0,UP,140489913443,"N"
264507,68,32,0,0,DOWN,140529904943,"D"
264507,70,33,0,0,DOWN,140625871643,"F"
264507,68,32,0,0,UP,140641882243,"D"
264507,70,33,0,0,UP,140705895343,"F"
264507,72,35,0,0,DOWN,140729893043,"H"
264507,66,48,0,0,DOWN,140825891843,"B"
264507,72,35,0,0,UP,140833718843,"H"
264507,85,22,0,0,DOWN,140929918243,"U"
264507,66,48,0,0,UP,140945994343,"B"
264507,82,19,0,0,DOWN,141025884543,"R"
264507,85,22,0,0,UP,141033646443,"U"
264507,71,34,0,0,DOWN,141129907343,"G"
264507,82,19,0,0,UP,141145906543,"R"
264507,69,18,0,0,DOWN,141225835743,"E"
264507,71,34,0,0,UP,141241856743,"G"
264507,78,49,0,0,DOWN,141329891943,"N"
264507,69,18,0,0,UP,141337892043,"E"
264507,78,49,0,0,UP,141385886143,"N"
264507,76,38,0,0,DOWN,141425657943,"L"
264507,76,38,0,0,UP,141481783843,"L"
264507,65,30,0,0,DOWN,141529923143,"A"
264507,65,30,0,0,UP,141577945943,"A"
264507,78,49,0,0,DOWN,141625903743,"N"
264507,78,49,0,0,UP,141689905843,"N"
264507,68,32,0,0,DOWN,141729867443,"D"
264507,70,33,0,0,DOWN,141825981343,"F"
264507,68,32,0,0,UP,141841894543,"D"
264507,70,33,0,0,UP,141897904543,"F"
264507,72,35,0,0,DOWN,141929897043,"H"
264507,72,35,0,0,UP,142025916243,"H"
264507,66,48,0,0,DOWN,142033674343,"B"
264507,85,22,0,0,DOWN,142129896043,"U"
264507,66,48,0,0,UP,142145894043,"B"
264507,82,19,0,0,DOWN,142233727043,"R"
264507,85,22,0,0,UP,142241934243,"U"
264507,71,34,0,0,DOWN,142329899143,"G"
264507,82,19,0,0,UP,142345668743,"R"
264507,71,34,0,0,UP,142433818643,"G"
264507,69,18,0,0,DOWN,142434719943,"E"
264507,69,18,0,0,UP,142529925643,"E"
264507,78,49,0,0,DOWN,142530824443,"N"
264507,78,49,0,0,UP,142593895343,"N"
264507,76,38,0,0,DOWN,142625877643,"L"
264507,76,38,0,0,UP,142681935043,"L"
264507,65,30,0,0,DOWN,142729924243,"A"
264507,65,30,0,0,UP,142777906443,"A"
264507,78,49,0,0,DOWN,142825791743,"N"
264507,78,49,0,0,UP,142889974643,"N"
264507,68,32,0,0,DOWN,142929934243,"D"
264507,70,33,0,0,DOWN,143025917443,"F"
264507,68,32,0,0,UP,143041911143,"D"
264507,70,33,0,0,UP,143105933043,"F"
264507,72,35,0,0,DOWN,143130115943,"H"
264507,66,48,0,0,DOWN,143225916743,"B"
264507,72,35,0,0,UP,143233938643,"H"
264507,85,22,0,0,DOWN,143329950243,"U"
264507,66,48,0,0,UP,143345885743,"B"
264507,82,19,0,0,DOWN,143425954043,"R"
264507,85,22,0,0,UP,143441881543,"U"
264507,71,34,0,0,DOWN,143529888143,"G"
264507,82,19,0,0,UP,143545640843,"R"
264507,69,18,0,0,DOWN,143625969443,"E"
264507,71,34,0,0,UP,143641951943,"G"
264507,78,49,0,0,DOWN,143729689143,"N"
264507,69,18,0,0,UP,143737873343,"E"
264507,78,49,0,0,UP,143785896343,"N"
264507,76,38,0,0,DOWN,143825899043,"L"
264507,76,38,0,0,UP,143881907043,"L"
264507,65,30,0,0,DOWN,143929764943,"A"
264507,65,30,0,0,UP,143977871743,"A"
264507,78,49,0,0,DOWN,144025886043,"N"
264507,78,49,0,0,UP,144081895343,"N"
264507,68,32,0,0,DOWN,144129683043,"D"
264507,70,33,0,0,DOWN,144233919643,"F"
264507,68,32,0,0,UP,144241860643,"D"
264507,70,33,0,0,UP,144297940243,"F"
264507,72,35,0,0,DOWN,144329924943,"H"
264507,72,35,0,0,UP,144425764043,"H"
264507,66,48,0,0,DOWN,144433883643,"B"
264507,85,22,0,0,DOWN,144529938343,"U"
264507,66,48,0,0,UP,144545937143,"B"
264507,82,19,0,0,DOWN,144625942643,"R"
264507,85,22,0,0,UP,144633619543,"U"
264507,71,34,0,0,DOWN,144729890943,"G"
264507,82,19,0,0,UP,144737650643,"R"
264507,69,18,0,0,DOWN,144833932943,"E"
264507,71,34,0,0,UP,144841895643,"G"
264507,78,49,0,0,DOWN,144929910243,"N"
264507,69,18,0,0,UP,144937946343,"E"
264507,78,49,0,0,UP,144993904143,"N"
264507,76,38,0,0,DOWN,145025915843,"L"
264507,76,38,0,0,UP,145089932843,"L"
264507,65,30,0,0,DOWN,145129913143,"A"
264507,65,30,0,0,UP,145169795243,"A"
264507,78,49,0,0,DOWN,145225981243,"N"
264507,78,49,0,0,UP,145290043543,"N"
264507,68,32,0,0,DOWN,145329954743,"D"
264507,70,33,0,0,DOWN,145425973843,"F"
264507,68,32,0,0,UP,145441873843,"D"
264507,70,33,0,0,UP,145505926143,"F"
264507,72,35,0,0,DOWN,145529859343,"H"
264507,66,48,0,0,DOWN,145625939543,"B"
264507,72,35,0,0,UP,145633896443,"H"
264507,85,22,0,0,DOWN,145729944843,"U"
264507,66,48,0,0,UP,145753690243,"B"
264507,82,19,0,0,DOWN,145825931143,"R"
264507,85,22,0,0,UP,145841938343,"U"
264507,71,34,0,0,DOWN,145930009643,"G"
264507,82,19,0,0,UP,145945969843,"R"
264507,69,18,0,0,DOWN,146025946843,"E"
264507,71,34,0,0,UP,146041958443,"G"
264507,69,18,0,0,UP,146129945643,"E"
264507,78,49,0,0,DOWN,146130854843,"N"
264507,78,49,0,0,UP,146185981243,"N"
264507,76,38,0,0,DOWN,146225962343,"L"
264507,76,38,0,0,UP,146281967643,"L"
264507,65,30,0,0,DOWN,146329939743,"A"
264507,65,30,0,0,UP,146377915143,"A"
264507,78,49,0,0,DOWN,146433972743,"N"
264507,78,49,0,0,UP,146481923043,"N"
264507,68,32,0,0,DOWN,146529965043,"D"
264507,70,33,0,0,DOWN,146633961443,"F"
264507,68,32,0,0,UP,146641940143,"D"
264507,70,33,0,0,UP,146697761843,"F"
264507,72,35,0,0,DOWN,146729923943,"H"
264507,72,35,0,0,UP,146833971343,"H"
264507,66,48,0,0,DOWN,146834954143,"B"
264507,85,22,0,0,DOWN,146929968443,"U"
264507,66,48,0,0,UP,146945946243,"B"
264507,82,19,0,0,DOWN,147025820143,"R"
264507,85,22,0,0,UP,147033943543,"U"
264507,71,34,0,0,DOWN,147129936443,"G"
264507,82,19,0,0,UP,147145973043,"R"
264507,69,18,0,0,DOWN,147233936443,"E"
264507,71,34,0,0,UP,147241940743,"G"
264507,78,49,0,0,DOWN,147329965943,"N"
264507,69,18,0,0,UP,147337748243,"E"
264507,78,49,0,0,UP,147393929943,"N"
264507,76,38,0,0,DOWN,147425959343,"L"
264507,76,38,0,0,UP,147490109343,"L"
264507,65,30,0,0,DOWN,147529956943,"A"
264507,65,30,0,0,UP,147577929343,"A"
264507,78,49,0,0,DOWN,147625938943,"N"
264507,78,49,0,0,UP,147689974843,"N"
264507,68,32,0,0,DOWN,147729949343,"D"
264507,70,33,0,0,DOWN,147825952843,"F"
264507,68,32,0,0,UP,147841951843,"D"
264507,70,33,0,0,UP,147905923043,"F"
264507,72,35,0,0,DOWN,147929928443,"H"
264507,66,48,0,0,DOWN,148025930643,"B"
264507,72,35,0,0,UP,148041989743,"H"
264507,85,22,0,0,DOWN,148129931343,"U"
264507,66,48,0,0,UP,148145964843,"B"
264507,82,19,0,0,DOWN,148225923143,"R"
264507,85,22,0,0,UP,148241912743,"U"
264507,71,34,0,0,DOWN,148329964943,"G"
264507,82,19,0,0,UP,148345707443,"R"
264507,69,18,0,0,DOWN,148425930643,"E"
264507,71,34,0,0,UP,148441936543,"G"
264507,69,18,0,0,UP,148530048043,"E"
264507,78,49,0,0,DOWN,148531148343,"N"
264507,78,49,0,0,UP,148593968043,"N"
264507,76,38,0,0,DOWN,148633955443,"L"
264507,76,38,0,0,UP,148681970643,"L"
264507,65,30,0,0,DOWN,148721720943,"A"
264507,65,30,0,0,UP,148777910943,"A"
264507,78,49,0,0,DOWN,148833927243,"N"
264507,78,49,0,0,UP,148889939743,"N"
264507,68,32,0,0,DOWN,148929948943,"D"
264507,70,33,0,0,DOWN,149025923743,"F"
264507,68,32,0,0,UP,149041946243,"D"
264507,70,33,0,0,UP,149098006643,"F"
264507,72,35,0,0,DOWN,149129991943,"H"
264507,66,48,0,0,DOWN,149225989543,"B"
264507,72,35,0,0,UP,149233963543,"H"
264507,85,22,0,0,DOWN,149330025043,"U"
264507,66,48,0,0,UP,149353996343,"B"
264507,82,19,0,0,DOWN,149425961943,"R"
264507,85,22,0,0,UP,149434032943,"U"
264507,71,34,0,0,DOWN,149529976143,"G"
264507,82,19,0,0,UP,149546008843,"R"
264507,69,18,0,0,DOWN,149625975743,"E"
264507,71,34,0,0,UP,149633950843,"G"
264507,78,49,0,0,DOWN,149729961043,"N"
264507,69,18,0,0,UP,149737973843,"E"
264507,78,49,0,0,UP,149793964443,"N"
264507,76,38,0,0,DOWN,149825956843,"L"
264507,76,38,0,0,UP,149889954543,"L"
264507,65,30,0,0,DOWN,149929965643,"A"
264507,65,30,0,0,UP,149969965943,"A"
264507,78,49,0,0,DOWN,150025954743,"N"
264507,78,49,0,0,UP,150089738543,"N"
264507,68,32,0,0,DOWN,150129967343,"D"
264507,70,33,0,0,DOWN,150225993343,"F"
264507,68,32,0,0,UP,150241971243,"D"
264507,70,33,0,0,UP,150305894843,"F"
264507,72,35,0,0,DOWN,150329974343,"H"
264507,66,48,0,0,DOWN,150425964043,"B"
264507,72,35,0,0,UP,150433949943,"H"
264507,85,22,0,0,DOWN,150529983443,"U"
264507,66,48,0,0,UP,150546002743,"B"
264507,82,19,0,0,DOWN,150633991643,"R"
264507,85,22,0,0,UP,150641985843,"U"
264507,71,34,0,0,DOWN,150730001143,"G"
264507,82,19,0,0,UP,150753951843,"R"
264507,69,18,0,0,DOWN,150833974143,"E"
264507,71,34,0,0,UP,150841980843,"G"
264507,69,18,0,0,UP,150930016043,"E"
264507,78,49,0,0,DOWN,150930797143,"N"
264507,78,49,0,0,UP,150986002643,"N"
264507,76,38,0,0,DOWN,151025938643,"L"
264507,76,38,0,0,UP,151081977843,"L"
264507,65,30,0,0,DOWN,151129963743,"A"
264507,65,30,0,0,UP,151169997643,"A"
264507,78,49,0,0,DOWN,151226006943,"N"
264507,78,49,0,0,UP,151289684643,"N"
264507,68,32,0,0,DOWN,151329983143,"D"
264507,70,33,0,0,DOWN,151425874743,"F"
264507,68,32,0,0,UP,151441952043,"D"
264507,70,33,0,0,UP,151498038743,"F"
264507,72,35,0,0,DOWN,151529968343,"H"
264507,66,48,0,0,DOWN,151626049443,"B"
264507,72,35,0,0,UP,151633944143,"H"
264507,85,22,0,0,DOWN,151729969443,"U"
264507,66,48,0,0,UP,151746023043,"B"
264507,82,19,0,0,DOWN,151826018643,"R"
264507,85,22,0,0,UP,151833982043,"U"
264507,71,34,0,0,DOWN,151930008143,"G"
264507,82,19,0,0,UP,151946013843,"R"
264507,71,34,0,0,UP,152025979343,"G"
264507,69,18,0,0,DOWN,152026723343,"E"
264507,78,49,0,0,DOWN,152129775343,"N"
264507,69,18,0,0,UP,152137971743,"E"
264507,78,49,0,0,UP,152185983243,"N"
264507,76,38,0,0,DOWN,152225985443,"L"
264507,76,38,0,0,UP,152290001643,"L"
264507,65,30,0,0,DOWN,152330040943,"A"
264507,65,30,0,0,UP,152369987543,"A"
264507,78,49,0,0,DOWN,152425891343,"N"
264507,78,49,0,0,UP,152490044643,"N"
264507,68,32,0,0,DOWN,152530006543,"D"
264507,70,33,0,0,DOWN,152625984943,"F"
264507,68,32,0,0,UP,152641712543,"D"
264507,70,33,0,0,UP,152705981943,"F"
264507,72,35,0,0,DOWN,152729991643,"H"
264507,72,35,0,0,UP,152833996143,"H"
264507,66,48,0,0,DOWN,152835048743,"B"
264507,85,22,0,0,DOWN,152930028043,"U"
264507,66,48,0,0,UP,152953983343,"B"
264507,82,19,0,0,DOWN,153033979543,"R"
264507,85,22,0,0,UP,153041760243,"U"
264507,71,34,0,0,DOWN,153130075443,"G"
264507,82,19,0,0,UP,153146027743,"R"
264507,69,18,0,0,DOWN,153234008843,"E"
264507,71,34,0,0,UP,153241816143,"G"
264507,69,18,0,0,UP,153330040143,"E"
264507,78,49,0,0,DOWN,153330827743,"N"
264507,78,49,0,0,UP,153377966943,"N"
264507,76,38,0,0,DOWN,153425817343,"L"
264507,76,38,0,0,UP,153490008243,"L"
264507,65,30,0,0,DOWN,153530015443,"A"
264507,65,30,0,0,UP,153570002643,"A"
264507,78,49,0,0,DOWN,153625954643,"N"
264507,78,49,0,0,UP,153690064143,"N"
264507,68,32,0,0,DOWN,153730024143,"D"
264507,70,33,0,0,DOWN,153825813143,"F"
264507,68,32,0,0,UP,153841830743,"D"
264507,70,33,0,0,UP,153905983043,"F"
264507,72,35,0,0,DOWN,153929971543,"H"
264507,66,48,0,0,DOWN,154025853243,"B"
264507,72,35,0,0,UP,154034004843,"H"
264507,85,22,0,0,DOWN,154129992443,"U"
264507,66,48,0,0,UP,154146006243,"B"
264507,82,19,0,0,DOWN,154225783943,"R"
264507,85,22,0,0,UP,154241767443,"U"
264507,71,34,0,0,DOWN,154330002843,"G"
264507,82,19,0,0,UP,154346011243,"R"
264507,69,18,0,0,DOWN,154425833843,"E"
264507,71,34,0,0,UP,154441880343,"G"
264507,69,18,0,0,UP,154530075843,"E"
264507,78,49,0,0,DOWN,154530990843,"N"
264507,78,49,0,0,UP,154585715243,"N"
264507,76,38,0,0,DOWN,154625827043,"L"
264507,76,38,0,0,UP,154689982843,"L"
264507,65,30,0,0,DOWN,154730012343,"A"
264507,65,30,0,0,UP,154770016943,"A"
264507,78,49,0,0,DOWN,154825769343,"N"
264507,78,49,0,0,UP,154882057043,"N"
264507,68,32,0,0,DOWN,154930002443,"D"
264507,70,33,0,0,DOWN,155025863343,"F"
264507,68,32,0,0,UP,155042106243,"D"
264507,70,33,0,0,UP,155097995743,"F"
264507,72,35,0,0,DOWN,155129969443,"H"
264507,72,35,0,0,UP,155226191543,"H"
264507,66,48,0,0,DOWN,155234014043,"B"
264507,85,22,0,0,DOWN,155330001943,"U"
264507,66,48,0,0,UP,155354019243,"B"
264507,85,22,0,0,UP,155434025143,"U"
264507,82,19,0,0,DOWN,155434963443,"R"
264507,71,34,0,0,DOWN,155530054943,"G"
264507,82,19,0,0,UP,155546071743,"R"
264507,71,34,0,0,UP,155626078843,"G"
264507,69,18,0,0,DOWN,155634016643,"E"
264507,78,49,0,0,DOWN,155730048143,"N"
264507,69,18,0,0,UP,155737886043,"E"
264507,78,49,0,0,UP,155778013843,"N"
264507,76,38,0,0,DOWN,155826207543,"L"
264507,76,38,0,0,UP,155890025943,"L"
264507,65,30,0,0,DOWN,155930044343,"A"
264507,65,30,0,0,UP,155970036843,"A"
264507,78,49,0,0,DOWN,156026079443,"N"
264507,78,49,0,0,UP,156074066543,"N"
264507,68,32,0,0,DOWN,156130060243,"D"
264507,70,33,0,0,DOWN,156226015043,"F"
264507,68,32,0,0,UP,156234029743,"D"
264507,70,33,0,0,UP,156306036343,"F"
264507,72,35,0,0,DOWN,156330109243,"H"
264507,72,35,0,0,UP,156425984343,"H"
264507,66,48,0,0,DOWN,156426725843,"B"
264507,85,22,0,0,DOWN,156529767943,"U"
264507,66,48,0,0,UP,156545739343,"B"
264507,82,19,0,0,DOWN,156625804443,"R"
264507,85,22,0,0,UP,156641809143,"U"
264507,71,34,0,0,DOWN,156729750843,"G"
264507,82,19,0,0,UP,156745589643,"R"
264507,69,18,0,0,DOWN,156825658343,"E"
264507,71,34,0,0,UP,156841720443,"G"
264507,69,18,0,0,UP,156929985843,"E"
264507,78,49,0,0,DOWN,156930734043,"N"
264507,78,49,0,0,UP,156985990843,"N"
264507,76,38,0,0,DOWN,157026047443,"L"
264507,76,38,0,0,UP,157090023043,"L"
264507,65,30,0,0,DOWN,157130030543,"A"
264507,65,30,0,0,UP,157170086643,"A"
264507,78,49,0,0,DOWN,157226014843,"N"
264507,78,49,0,0,UP,157282003143,"N"
264507,68,32,0,0,DOWN,157330052443,"D"
264507,70,33,0,0,DOWN,157434028143,"F"
264507,68,32,0,0,UP,157441992043,"D"
264507,70,33,0,0,UP,157498037943,"F"
264507,72,35,0,0,DOWN,157530045143,"H"
264507,72,35,0,0,UP,157626033543,"H"
264507,66,48,0,0,DOWN,157634040743,"B"
264507,85,22,0,0,DOWN,157730080643,"U"
264507,66,48,0,0,UP,157753994043,"B"
264507,82,19,0,0,DOWN,157826003743,"R"
264507,85,22,0,0,UP,157834020843,"U"
264507,71,34,0,0,DOWN,157930039643,"G"
264507,82,19,0,0,UP,157938035843,"R"
264507,69,18,0,0,DOWN,158034071843,"E"
264507,71,34,0,0,UP,158042020543,"G"
264507,78,49,0,0,DOWN,158130024843,"N"
264507,69,18,0,0,UP,158138054343,"E"
264507,78,49,0,0,UP,158177972743,"N"
264507,76,38,0,0,DOWN,158226048743,"L"
264507,76,38,0,0,UP,158282094843,"L"
264507,65,30,0,0,DOWN,158330028843,"A"
264507,65,30,0,0,UP,158370030443,"A"
264507,78,49,0,0,DOWN,158426105343,"N"
264507,78,49,0,0,UP,158474074643,"N"
264507,68,32,0,0,DOWN,158530066543,"D"
264507,70,33,0,0,DOWN,158626066943,"F"
264507,68,32,0,0,UP,158642040843,"D"
264507,70,33,0,0,UP,158706138843,"F"
264507,72,35,0,0,DOWN,158730024643,"H"
264507,72,35,0,0,UP,158826023843,"H"
264507,66,48,0,0,DOWN,158826957043,"B"
264507,85,22,0,0,DOWN,158929996143,"U"
264507,66,48,0,0,UP,158945849143,"B"
264507,82,19,0,0,DOWN,159026045943,"R"
264507,85,22,0,0,UP,159042047043,"U"
264507,71,34,0,0,DOWN,159129796443,"G"
264507,82,19,0,0,UP,159146008043,"R"
264507,69,18,0,0,DOWN,159226000343,"E"
264507,71,34,0,0,UP,159234018843,"G"
264507,69,18,0,0,UP,159330032343,"E"
264507,78,49,0,0,DOWN,159330738143,"N"
264507,78,49,0,0,UP,159386032043,"N"
264507,76,38,0,0,DOWN,159426054843,"L"
264507,76,38,0,0,UP,159482025443,"L"
264507,65,30,0,0,DOWN,159530012443,"A"
264507,65,30,0,0,UP,159570054843,"A"
264507,78,49,0,0,DOWN,159634048443,"N"
264507,78,49,0,0,UP,159682026243,"N"
264507,68,32,0,0,DOWN,159729820843,"D"
264507,70,33,0,0,DOWN,159834055343,"F"
264507,68,32,0,0,UP,159842064843,"D"
264507,70,33,0,0,UP,159898088443,"F"
264507,72,35,0,0,DOWN,159929849243,"H"
264507,72,35,0,0,UP,160034045643,"H"
264507,66,48,0,0,DOWN,160034666143,"B"
264507,85,22,0,0,DOWN,160129769643,"U"
264507,66,48,0,0,UP,160145945643,"B"
264507,82,19,0,0,DOWN,160226060843,"R"
264507,85,22,0,0,UP,160234054243,"U"
264507,71,34,0,0,DOWN,160329789943,"G"
264507,82,19,0,0,UP,160346053443,"R"
264507,69,18,0,0,DOWN,160434033743,"E"
264507,71,34,0,0,UP,160442171343,"G"
264507,78,49,0,0,DOWN,160529872643,"N"
264507,69,18,0,0,UP,160538104943,"E"
264507,78,49,0,0,UP,160586103843,"N"
264507,76,38,0,0,DOWN,160626120243,"L"
264507,76,38,0,0,UP,160690110643,"L"
264507,65,30,0,0,DOWN,160729833443,"A"
264507,65,30,0,0,UP,160770080543,"A"
264507,78,49,0,0,DOWN,160826075443,"N"
264507,78,49,0,0,UP,160882043043,"N"
264507,68,32,0,0,DOWN,160929880943,"D"
264507,70,33,0,0,DOWN,161026072743,"F"
264507,68,32,0,0,UP,161042078943,"D"
264507,70,33,0,0,UP,161098096943,"F"
264507,72,35,0,0,DOWN,161130013543,"H"
264507,72,35,0,0,UP,161226096443,"H"
264507,66,48,0,0,DOWN,161226909443,"B"
264507,85,22,0,0,DOWN,161330134743,"U"
264507,66,48,0,0,UP,161345841743,"B"
264507,85,22,0,0,UP,161426146843,"U"
264507,82,19,0,0,DOWN,161426872743,"R"
264507,71,34,0,0,DOWN,161530150043,"G"
264507,82,19,0,0,UP,161546224443,"R"
264507,69,18,0,0,DOWN,161633964043,"E"
264507,71,34,0,0,UP,161642092543,"G"
264507,69,18,0,0,UP,161722081543,"E"
264507,78,49,0,0,DOWN,161730101743,"N"
264507,78,49,0,0,UP,161794101343,"N"
264507,76,38,0,0,DOWN,161826068143,"L"
264507,76,38,0,0,UP,161882017643,"L"
264507,65,30,0,0,DOWN,161922111743,"A"
264507,65,30,0,0,UP,161970073443,"A"
264507,78,49,0,0,DOWN,162026123343,"N"
264507,78,49,0,0,UP,162090101443,"N"
264507,68,32,0,0,DOWN,162130124643,"D"
264507,70,33,0,0,DOWN,162226147843,"F"
264507,68,32,0,0,UP,162242046343,"D"
264507,70,33,0,0,UP,162297825643,"F"
264507,72,35,0,0,DOWN,162330082843,"H"
264507,72,35,0,0,UP,162425927743,"H"
264507,66,48,0,0,DOWN,162426929643,"B"
264507,85,22,0,0,DOWN,162530157843,"U"
264507,66,48,0,0,UP,162546148543,"B"
264507,82,19,0,0,DOWN,162626150043,"R"
264507,85,22,0,0,UP,162634091443,"U"
264507,71,34,0,0,DOWN,162730127543,"G"
264507,82,19,0,0,UP,162746113143,"R"
264507,69,18,0,0,DOWN,162826111043,"E"
264507,71,34,0,0,UP,162833756943,"G"
264507,78,49,0,0,DOWN,162930036943,"N"
264507,69,18,0,0,UP,162938092043,"E"
264507,78,49,0,0,UP,162986063143,"N"
264507,76,38,0,0,DOWN,163026065043,"L"
264507,76,38,0,0,UP,163090049143,"L"
264507,65,30,0,0,DOWN,163130051843,"A"
264507,65,30,0,0,UP,163170084043,"A"
264507,78,49,0,0,DOWN,163226050443,"N"
264507,78,49,0,0,UP,163274052543,"N"
264507,68,32,0,0,DOWN,163330090643,"D"
264507,70,33,0,0,DOWN,163426081643,"F"
264507,68,32,0,0,UP,163442136743,"D"
264507,70,33,0,0,UP,163506160243,"F"
264507,72,35,0,0,DOWN,163530185343,"H"
264507,72,35,0,0,UP,163634155043,"H"
264507,66,48,0,0,DOWN,163634989943,"B"
264507,85,22,0,0,DOWN,163730210043,"U"
264507,66,48,0,0,UP,163746172543,"B"
264507,85,22,0,0,UP,163834142043,"U"
264507,82,19,0,0,DOWN,163835017843,"R"
264507,71,34,0,0,DOWN,163930140543,"G"
264507,82,19,0,0,UP,163938084243,"R"
264507,71,34,0,0,UP,164034065943,"G"
264507,69,18,0,0,DOWN,164034839043,"E"
264507,78,49,0,0,DOWN,164130117943,"N"
264507,69,18,0,0,UP,164138083843,"E"
264507,78,49,0,0,UP,164194077243,"N"
264507,76,38,0,0,DOWN,164226074943,"L"
264507,76,38,0,0,UP,164282092643,"L"
264507,65,30,0,0,DOWN,164330068543,"A"
264507,65,30,0,0,UP,164370069443,"A"
264507,78,49,0,0,DOWN,164426100343,"N"
264507,78,49,0,0,UP,164482255043,"N"
264507,68,32,0,0,DOWN,164530093743,"D"
264507,70,33,0,0,DOWN,164626046543,"F"
264507,68,32,0,0,UP,164642044643,"D"
264507,70,33,0,0,UP,164706101143,"F"
264507,72,35,0,0,DOWN,164729844043,"H"
264507,66,48,0,0,DOWN,164826085143,"B"
264507,72,35,0,0,UP,164842081743,"H"
264507,85,22,0,0,DOWN,164930096043,"U"
264507,66,48,0,0,UP,164946103443,"B"
264507,82,19,0,0,DOWN,165026136943,"R"
264507,85,22,0,0,UP,165042035443,"U"
264507,71,34,0,0,DOWN,165130111743,"G"
264507,82,19,0,0,UP,165146093543,"R"
264507,69,18,0,0,DOWN,165226179843,"E"
264507,71,34,0,0,UP,165233808743,"G"
264507,78,49,0,0,DOWN,165330131943,"N"
264507,69,18,0,0,UP,165338055143,"E"
264507,78,49,0,0,UP,165385936643,"N"
264507,76,38,0,0,DOWN,165426127043,"L"
264507,76,38,0,0,UP,165482089243,"L"
264507,65,30,0,0,DOWN,165530097443,"A"
264507,65,30,0,0,UP,165578093743,"A"
264507,78,49,0,0,DOWN,165626114143,"N"
264507,78,49,0,0,UP,165674150443,"N"
264507,68,32,0,0,DOWN,165730090043,"D"
264507,70,33,0,0,DOWN,165833848243,"F"
264507,68,32,0,0,UP,165841837143,"D"
264507,70,33,0,0,UP,165906096743,"F"
264507,72,35,0,0,DOWN,165930075143,"H"
264507,72,35,0,0,UP,166026087343,"H"
264507,66,48,0,0,DOWN,166033856543,"B"
264507,85,22,0,0,DOWN,166130121243,"U"
264507,66,48,0,0,UP,166146133343,"B"
264507,82,19,0,0,DOWN,166225850343,"R"
264507,85,22,0,0,UP,166233868743,"U"
264507,71,34,0,0,DOWN,166330126343,"G"
264507,82,19,0,0,UP,166338106043,"R"
264507,71,34,0,0,UP,166434028843,"G"
264507,69,18,0,0,DOWN,166434616543,"E"
264507,69,18,0,0,UP,166530165643,"E"
264507,78,49,0,0,DOWN,166531107543,"N"
264507,78,49,0,0,UP,166586165143,"N"
264507,76,38,0,0,DOWN,166626226743,"L"
264507,76,38,0,0,UP,166689885943,"L"
264507,65,30,0,0,DOWN,166729808343,"A"
264507,65,30,0,0,UP,166769740843,"A"
264507,78,49,0,0,DOWN,166825959543,"N"
264507,78,49,0,0,UP,166881820343,"N"
264507,68,32,0,0,DOWN,166930080943,"D"
264507,70,33,0,0,DOWN,167026095843,"F"
264507,68,32,0,0,UP,167042110143,"D"
264507,70,33,0,0,UP,167106099843,"F"
264507,72,35,0,0,DOWN,167130081343,"H"
264507,66,48,0,0,DOWN,167226098743,"B"
264507,72,35,0,0,UP,167234332143,"H"
264507,85,22,0,0,DOWN,167330125643,"U"
264507,66,48,0,0,UP,167346080243,"B"
264507,82,19,0,0,DOWN,167426103843,"R"
264507,85,22,0,0,UP,167434214643,"U"
264507,71,34,0,0,DOWN,167530134043,"G"
264507,82,19,0,0,UP,167546136543,"R"
264507,69,18,0,0,DOWN,167626095743,"E"
264507,71,34,0,0,UP,167634238743,"G"
264507,78,49,0,0,DOWN,167730151943,"N"
264507,69,18,0,0,UP,167738144243,"E"
264507,78,49,0,0,UP,167794101143,"N"
264507,76,38,0,0,DOWN,167834281043,"L"
264507,76,38,0,0,UP,167882120043,"L"
264507,65,30,0,0,DOWN,167930109243,"A"
264507,65,30,0,0,UP,167978141743,"A"
264507,78,49,0,0,DOWN,168034118443,"N"
264507,78,49,0,0,UP,168074127543,"N"
264507,68,32,0,0,DOWN,168130114743,"D"
264507,70,33,0,0,DOWN,168234184743,"F"
264507,68,32,0,0,UP,168249901843,"D"
264507,70,33,0,0,UP,168306113243,"F"
264507,72,35,0,0,DOWN,168330120743,"H"
264507,72,35,0,0,UP,168426179043,"H"
264507,66,48,0,0,DOWN,168427146843,"B"
264507,85,22,0,0,DOWN,168530095043,"U"
264507,66,48,0,0,UP,168554087743,"B"
264507,82,19,0,0,DOWN,168626097243,"R"
264507,85,22,0,0,UP,168634055543,"U"
264507,71,34,0,0,DOWN,168730087243,"G"
264507,82,19,0,0,UP,168746130543,"R"
264507,71,34,0,0,UP,168834173643,"G"
264507,69,18,0,0,DOWN,168835148243,"E"
264507,78,49,0,0,DOWN,168930145143,"N"
264507,69,18,0,0,UP,168938138843,"E"
264507,78,49,0,0,UP,168985892143,"N"
264507,76,38,0,0,DOWN,169026094943,"L"
264507,76,38,0,0,UP,169082116543,"L"
264507,65,30,0,0,DOWN,169130147743,"A"
264507,65,30,0,0,UP,169170099843,"A"
264507,78,49,0,0,DOWN,169226139543,"N"
264507,78,49,0,0,UP,169290130043,"N"
264507,68,32,0,0,DOWN,169330153043,"D"
264507,70,33,0,0,DOWN,169426145743,"F"
264507,68,32,0,0,UP,169442177143,"D"
264507,70,33,0,0,UP,169505934843,"F"
264507,72,35,0,0,DOWN,169530144843,"H"
264507,66,48,0,0,DOWN,169626159643,"B"
264507,72,35,0,0,UP,169634154643,"H"
264507,85,22,0,0,DOWN,169730126243,"U"
264507,66,48,0,0,UP,169746145243,"B"
264507,82,19,0,0,DOWN,169826179243,"R"
264507,85,22,0,0,UP,169842108343,"U"
264507,71,34,0,0,DOWN,169930144843,"G"
264507,82,19,0,0,UP,169946136343,"R"
264507,69,18,0,0,DOWN,170034082943,"E"
264507,71,34,0,0,UP,170042133843,"G"
264507,78,49,0,0,DOWN,170130161743,"N"
264507,69,18,0,0,UP,170138003543,"E"
264507,78,49,0,0,UP,170186295143,"N"
264507,76,38,0,0,DOWN,170226144043,"L"
264507,76,38,0,0,UP,170282131043,"L"
264507,65,30,0,0,DOWN,170322141643,"A"
264507,65,30,0,0,UP,170370032243,"A"
264507,78,49,0,0,DOWN,170434154243,"N"
264507,78,49,0,0,UP,170482143043,"N"
264507,68,32,0,0,DOWN,170530180343,"D"
264507,70,33,0,0,DOWN,170626021843,"F"
264507,68,32,0,0,UP,170634145443,"D"
264507,70,33,0,0,UP,170698147043,"F"
264507,72,35,0,0,DOWN,170730167843,"H"
264507,72,35,0,0,UP,170826159943,"H"
264507,66,48,0,0,DOWN,170826957543,"B"
264507,85,22,0,0,DOWN,170930231843,"U"
264507,66,48,0,0,UP,170946170343,"B"
264507,82,19,0,0,DOWN,171026166643,"R"
264507,85,22,0,0,UP,171034218843,"U"
264507,71,34,0,0,DOWN,171130186743,"G"
264507,82,19,0,0,UP,171138043243,"R"
264507,69,18,0,0,DOWN,171226124343,"E"
264507,71,34,0,0,UP,171233853443,"G"
264507,69,18,0,0,UP,171330162043,"E"
264507,78,49,0,0,DOWN,171331023243,"N"
264507,78,49,0,0,UP,171386096243,"N"
264507,76,38,0,0,DOWN,171425914643,"L"
264507,76,38,0,0,UP,171490169343,"L"
264507,65,30,0,0,DOWN,171530177643,"A"
264507,65,30,0,0,UP,171569924043,"A"
264507,78,49,0,0,DOWN,171626174343,"N"
264507,78,49,0,0,UP,171690205443,"N"
264507,68,32,0,0,DOWN,171730163843,"D"
264507,70,33,0,0,DOWN,171826157143,"F"
264507,68,32,0,0,UP,171842175643,"D"
264507,70,33,0,0,UP,171906163743,"F"
264507,72,35,0,0,DOWN,171930173443,"H"
264507,72,35,0,0,UP,172034200443,"H"
264507,66,48,0,0,DOWN,172035211543,"B"
264507,85,22,0,0,DOWN,172130153243,"U"
264507,66,48,0,0,UP,172146159243,"B"
264507,82,19,0,0,DOWN,172234147143,"R"
264507,85,22,0,0,UP,172242129743,"U"
264507,71,34,0,0,DOWN,172330177843,"G"
264507,82,19,0,0,UP,172346164443,"R"
264507,71,34,0,0,UP,172434175743,"G"
264507,69,18,0,0,DOWN,172435164543,"E"
264507,69,18,0,0,UP,172530172343,"E"
264507,78,49,0,0,DOWN,172530851243,"N"
264507,78,49,0,0,UP,172586127943,"N"
264507,76,38,0,0,DOWN,172626145343,"L"
264507,76,38,0,0,UP,172690184443,"L"
264507,65,30,0,0,DOWN,172730153943,"A"
264507,65,30,0,0,UP,172770141843,"A"
264507,78,49,0,0,DOWN,172826130643,"N"
264507,78,49,0,0,UP,172881896243,"N"
264507,68,32,0,0,DOWN,172930233743,"D"
264507,70,33,0,0,DOWN,173026192943,"F"
264507,68,32,0,0,UP,173042172443,"D"
264507,70,33,0,0,UP,173106042443,"F"
264507,72,35,0,0,DOWN,173130248943,"H"
264507,72,35,0,0,UP,173226210343,"H"
264507,66,48,0,0,DOWN,173227003543,"B"
264507,85,22,0,0,DOWN,173330200443,"U"
264507,66,48,0,0,UP,173346155043,"B"
264507,82,19,0,0,DOWN,173426153243,"R"
264507,85,22,0,0,UP,173442093643,"U"
264507,71,34,0,0,DOWN,173530172143,"G"
264507,82,19,0,0,UP,173546172343,"R"
264507,69,18,0,0,DOWN,173626159543,"E"
264507,71,34,0,0,UP,173642198143,"G"
264507,78,49,0,0,DOWN,173730202543,"N"
264507,69,18,0,0,UP,173738210643,"E"
264507,78,49,0,0,UP,173786099843,"N"
264507,76,38,0,0,DOWN,173826145843,"L"
264507,76,38,0,0,UP,173882139543,"L"
264507,65,30,0,0,DOWN,173930255443,"A"
264507,65,30,0,0,UP,173978148543,"A"
264507,78,49,0,0,DOWN,174026198543,"N"
264507,78,49,0,0,UP,174090072143,"N"
264507,68,32,0,0,DOWN,174129991243,"D"
264507,70,33,0,0,DOWN,174234178743,"F"
264507,68,32,0,0,UP,174242172343,"D"
264507,70,33,0,0,UP,174306058343,"F"
264507,72,35,0,0,DOWN,174330217043,"H"
264507,72,35,0,0,UP,174434223843,"H"
264507,66,48,0,0,DOWN,174435008843,"B"
264507,85,22,0,0,DOWN,174530240943,"U"
264507,66,48,0,0,UP,174554198743,"B"
264507,82,19,0,0,DOWN,174634232743,"R"
264507,85,22,0,0,UP,174641962743,"U"
264507,71,34,0,0,DOWN,174730185543,"G"
264507,82,19,0,0,UP,174746177843,"R"
264507,69,18,0,0,DOWN,174834175343,"E"
264507,71,34,0,0,UP,174842163443,"G"
264507,78,49,0,0,DOWN,174930184643,"N"
264507,69,18,0,0,UP,174937860243,"E"
264507,78,49,0,0,UP,174986197343,"N"
264507,76,38,0,0,DOWN,175026181443,"L"
264507,76,38,0,0,UP,175082150343,"L"
264507,65,30,0,0,DOWN,175130211143,"A"
264507,65,30,0,0,UP,175169889443,"A"
264507,78,49,0,0,DOWN,175226182843,"N"
264507,78,49,0,0,UP,175282211543,"N"
264507,68,32,0,0,DOWN,175330173143,"D"
264507,70,33,0,0,DOWN,175426168543,"F"
264507,68,32,0,0,UP,175442127343,"D"
264507,70,33,0,0,UP,175506377943,"F"
264507,72,35,0,0,DOWN,175530222443,"H"
264507,72,35,0,0,UP,175626224943,"H"
264507,66,48,0,0,DOWN,175627245943,"B"
264507,85,22,0,0,DOWN,175730061943,"U"
264507,66,48,0,0,UP,175745914343,"B"
264507,82,19,0,0,DOWN,175826187843,"R"
264507,85,22,0,0,UP,175834162443,"U"
264507,71,34,0,0,DOWN,175930189243,"G"
264507,82,19,0,0,UP,175938246443,"R"
264507,71,34,0,0,UP,176026192643,"G"
264507,69,18,0,0,DOWN,176026903943,"E"
264507,78,49,0,0,DOWN,176130199243,"N"
264507,69,18,0,0,UP,176138182443,"E"
264507,78,49,0,0,UP,176186200343,"N"
264507,76,38,0,0,DOWN,176226174543,"L"
264507,76,38,0,0,UP,176282174743,"L"
264507,65,30,0,0,DOWN,176330190843,"A"
264507,65,30,0,0,UP,176378180943,"A"
264507,78,49,0,0,DOWN,176434206043,"N"
264507,78,49,0,0,UP,176482172243,"N"
264507,68,32,0,0,DOWN,176530200043,"D"
264507,70,33,0,0,DOWN,176634271243,"F"
264507,68,32,0,0,UP,176641903743,"D"
264507,70,33,0,0,UP,176698141443,"F"
264507,72,35,0,0,DOWN,176730164043,"H"
264507,72,35,0,0,UP,176833987743,"H"
264507,66,48,0,0,DOWN,176834839043,"B"
264507,85,22,0,0,DOWN,176930165543,"U"
264507,66,48,0,0,UP,176946192643,"B"
264507,82,19,0,0,DOWN,177026183843,"R"
264507,85,22,0,0,UP,177034180443,"U"
264507,71,34,0,0,DOWN,177130364543,"G"
264507,82,19,0,0,UP,177146172743,"R"
264507,69,18,0,0,DOWN,177234200643,"E"
264507,71,34,0,0,UP,177241931043,"G"
264507,78,49,0,0,DOWN,177330204343,"N"
264507,69,18,0,0,UP,177338266043,"E"
264507,78,49,0,0,UP,177386191543,"N"
264507,76,38,0,0,DOWN,177426167743,"L"
264507,76,38,0,0,UP,177490020343,"L"
264507,65,30,0,0,DOWN,177530234843,"A"
264507,65,30,0,0,UP,177570188743,"A"
264507,78,49,0,0,DOWN,177626183843,"N"
264507,78,49,0,0,UP,177682200543,"N"
264507,68,32,0,0,DOWN,177730200343,"D"
264507,70,33,0,0,DOWN,177826175043,"F"
264507,68,32,0,0,UP,177842068443,"D"
264507,70,33,0,0,UP,177906225543,"F"
264507,72,35,0,0,DOWN,177930227143,"H"
264507,72,35,0,0,UP,178026127143,"H"
264507,66,48,0,0,DOWN,178026698143,"B"
264507,85,22,0,0,DOWN,178130195543,"U"
264507,66,48,0,0,UP,178146189443,"B"
264507,82,19,0,0,DOWN,178225970843,"R"
264507,85,22,0,0,UP,178234169543,"U"
264507,71,34,0,0,DOWN,178329958343,"G"
264507,82,19,0,0,UP,178345956743,"R"
264507,71,34,0,0,UP,178434289343,"G"
264507,69,18,0,0,DOWN,178435110943,"E"
264507,78,49,0,0,DOWN,178530195943,"N"
264507,69,18,0,0,UP,178538184743,"E"
264507,78,49,0,0,UP,178594216343,"N"
264507,76,38,0,0,DOWN,178634204143,"L"
264507,76,38,0,0,UP,178682193943,"L"
264507,65,30,0,0,DOWN,178722138143,"A"
264507,65,30,0,0,UP,178778170543,"A"
264507,78,49,0,0,DOWN,178834180943,"N"
264507,78,49,0,0,UP,178890281543,"N"
264507,68,32,0,0,DOWN,178930204843,"D"
264507,70,33,0,0,DOWN,179034202943,"F"
264507,68,32,0,0,UP,179042192443,"D"
264507,70,33,0,0,UP,179106229343,"F"
264507,72,35,0,0,DOWN,179130210943,"H"
264507,66,48,0,0,DOWN,179226099343,"B"
264507,72,35,0,0,UP,179234007243,"H"
264507,85,22,0,0,DOWN,179330188243,"U"
264507,66,48,0,0,UP,179354217243,"B"
264507,82,19,0,0,DOWN,179426120543,"R"
264507,85,22,0,0,UP,179434146143,"U"
264507,71,34,0,0,DOWN,179530243943,"G"
264507,82,19,0,0,UP,179545931043,"R"
264507,71,34,0,0,UP,179634228143,"G"
264507,69,18,0,0,DOWN,179635225643,"E"
264507,69,18,0,0,UP,179730219243,"E"
264507,78,49,0,0,DOWN,179731061543,"N"
264507,78,49,0,0,UP,179786230243,"N"
264507,76,38,0,0,DOWN,179826333743,"L"
264507,76,38,0,0,UP,179882277543,"L"
264507,65,30,0,0,DOWN,179930201643,"A"
264507,65,30,0,0,UP,179970231943,"A"
264507,78,49,0,0,DOWN,180026282843,"N"
264507,78,49,0,0,UP,180082228243,"N"
264507,68,32,0,0,DOWN,180130235943,"D"
264507,70,33,0,0,DOWN,180226423243,"F"
264507,68,32,0,0,UP,180242238943,"D"
264507,70,33,0,0,UP,180306220643,"F"
264507,72,35,0,0,DOWN,180330240343,"H"
264507,72,35,0,0,UP,180426248843,"H"
264507,66,48,0,0,DOWN,180427159943,"B"
264507,85,22,0,0,DOWN,180530283043,"U"
264507,66,48,0,0,UP,180546207143,"B"
264507,82,19,0,0,DOWN,180626258243,"R"
264507,85,22,0,0,UP,180634189743,"U"
264507,71,34,0,0,DOWN,180730243043,"G"
264507,82,19,0,0,UP,180738227643,"R"
264507,69,18,0,0,DOWN,180834213943,"E"
264507,71,34,0,0,UP,180842227243,"G"
264507,78,49,0,0,DOWN,180930214943,"N"
264507,69,18,0,0,UP,180938253443,"E"
264507,78,49,0,0,UP,180993993743,"N"
264507,76,38,0,0,DOWN,181034253543,"L"
264507,76,38,0,0,UP,181082225143,"L"
264507,65,30,0,0,DOWN,181122214443,"A"
264507,65,30,0,0,UP,181170252443,"A"
264507,78,49,0,0,DOWN,181234245343,"N"
264507,78,49,0,0,UP,181290195043,"N"
264507,68,32,0,0,DOWN,181330227143,"D"
264507,70,33,0,0,DOWN,181426234543,"F"
264507,68,32,0,0,UP,181434194243,"D"
264507,70,33,0,0,UP,181506245943,"F"
264507,72,35,0,0,DOWN,181530256243,"H"
264507,66,48,0,0,DOWN,181626260943,"B"
264507,72,35,0,0,UP,181634317643,"H"
264507,85,22,0,0,DOWN,181730244643,"U"
264507,66,48,0,0,UP,181746074443,"B"
264507,82,19,0,0,DOWN,181826262343,"R"
264507,85,22,0,0,UP,181834206743,"U"
264507,71,34,0,0,DOWN,181930224743,"G"
264507,82,19,0,0,UP,181946122543,"R"
264507,69,18,0,0,DOWN,182026259343,"E"
264507,71,34,0,0,UP,182042239143,"G"
264507,69,18,0,0,UP,182130034543,"E"
264507,78,49,0,0,DOWN,182130621743,"N"
264507,78,49,0,0,UP,182186214643,"N"
264507,76,38,0,0,DOWN,182226245443,"L"
264507,76,38,0,0,UP,182282272743,"L"
264507,65,30,0,0,DOWN,182330221543,"A"
264507,65,30,0,0,UP,182370187143,"A"
264507,78,49,0,0,DOWN,182425983943,"N"
264507,78,49,0,0,UP,182482241243,"N"
264507,68,32,0,0,DOWN,182530250243,"D"
264507,70,33,0,0,DOWN,182626254143,"F"
264507,68,32,0,0,UP,182641974443,"D"
264507,70,33,0,0,UP,182706009643,"F"
264507,72,35,0,0,DOWN,182730201843,"H"
264507,72,35,0,0,UP,182834218543,"H"
264507,66,48,0,0,DOWN,182835187443,"B"
264507,85,22,0,0,DOWN,182930254943,"U"
264507,66,48,0,0,UP,182954232643,"B"
264507,82,19,0,0,DOWN,183034250743,"R"
264507,85,22,0,0,UP,183042204643,"U"
264507,71,34,0,0,DOWN,183130220043,"G"
264507,82,19,0,0,UP,183138258743,"R"
264507,69,18,0,0,DOWN,183234215443,"E"
264507,71,34,0,0,UP,183242242743,"G"
264507,78,49,0,0,DOWN,183330238343,"N"
264507,69,18,0,0,UP,183338211943,"E"
264507,78,49,0,0,UP,183394118743,"N"
264507,76,38,0,0,DOWN,183426258143,"L"
264507,76,38,0,0,UP,183482319443,"L"
264507,65,30,0,0,DOWN,183529939143,"A"
264507,65,30,0,0,UP,183570247543,"A"
264507,78,49,0,0,DOWN,183626210343,"N"
264507,78,49,0,0,UP,183690233143,"N"
264507,68,32,0,0,DOWN,183730211843,"D"
264507,70,33,0,0,DOWN,183826247243,"F"
264507,68,32,0,0,UP,183842245743,"D"
264507,70,33,0,0,UP,183906240643,"F"
264507,72,35,0,0,DOWN,183930048443,"H"
264507,66,48,0,0,DOWN,184026237843,"B"
264507,72,35,0,0,UP,184034218943,"H"
264507,85,22,0,0,DOWN,184130001043,"U"
264507,66,48,0,0,UP,184146112843,"B"
264507,82,19,0,0,DOWN,184226258243,"R"
264507,85,22,0,0,UP,184242343343,"U"
264507,71,34,0,0,DOWN,184330023643,"G"
264507,82,19,0,0,UP,184346123443,"R"
264507,69,18,0,0,DOWN,184426296543,"E"
264507,71,34,0,0,UP,184434127343,"G"
264507,69,18,0,0,UP,184530057443,"E"
264507,78,49,0,0,DOWN,184530841743,"N"
264507,78,49,0,0,UP,184586276243,"N"
264507,76,38,0,0,DOWN,184626262443,"L"
264507,76,38,0,0,UP,184681970543,"L"
264507,65,30,0,0,DOWN,184729993143,"A"
264507,65,30,0,0,UP,184778315043,"A"
264507,78,49,0,0,DOWN,184826262543,"N"
264507,78,49,0,0,UP,184882007343,"N"
264507,68,32,0,0,DOWN,184930147143,"D"
264507,70,33,0,0,DOWN,185034264343,"F"
264507,68,32,0,0,UP,185042281543,"D"
264507,70,33,0,0,UP,185098055543,"F"
264507,72,35,0,0,DOWN,185129982143,"H"
264507,72,35,0,0,UP,185226232343,"H"
264507,66,48,0,0,DOWN,185234260743,"B"
264507,85,22,0,0,DOWN,185330119243,"U"
264507,66,48,0,0,UP,185338333643,"B"
264507,82,19,0,0,DOWN,185434263443,"R"
264507,85,22,0,0,UP,185450038343,"U"
264507,71,34,0,0,DOWN,185530309343,"G"
264507,82,19,0,0,UP,185538285343,"R"
264507,69,18,0,0,DOWN,185634283243,"E"
264507,71,34,0,0,UP,185642234443,"G"
264507,78,49,0,0,DOWN,185730462243,"N"
264507,69,18,0,0,UP,185738236843,"E"
264507,78,49,0,0,UP,185794357743,"N"
264507,76,38,0,0,DOWN,185826332043,"L"
264507,76,38,0,0,UP,185882307343,"L"
264507,65,30,0,0,DOWN,185930315143,"A"
264507,65,30,0,0,UP,185970269443,"A"
264507,78,49,0,0,DOWN,186026254243,"N"
264507,78,49,0,0,UP,186090264843,"N"
264507,68,32,0,0,DOWN,186130312843,"D"
264507,70,33,0,0,DOWN,186226263443,"F"
264507,68,32,0,0,UP,186234230243,"D"
264507,70,33,0,0,UP,186306278143,"F"
264507,72,35,0,0,DOWN,186330359943,"H"
264507,72,35,0,0,UP,186426031443,"H"
264507,66,48,0,0,DOWN,186426689943,"B"
264507,85,22,0,0,DOWN,186530245643,"U"
264507,66,48,0,0,UP,186546217643,"B"
264507,82,19,0,0,DOWN,186626276643,"R"
264507,85,22,0,0,UP,186642281443,"U"
264507,71,34,0,0,DOWN,186730372143,"G"
264507,82,19,0,0,UP,186746308943,"R"
264507,69,18,0,0,DOWN,186826305943,"E"
264507,71,34,0,0,UP,186834289143,"G"
264507,78,49,0,0,DOWN,186930289943,"N"
264507,69,18,0,0,UP,186938269243,"E"
264507,78,49,0,0,UP,186986244943,"N"
264507,76,38,0,0,DOWN,187034302643,"L"
264507,76,38,0,0,UP,187082049043,"L"
264507,65,30,0,0,DOWN,187130268943,"A"
264507,65,30,0,0,UP,187170252743,"A"
264507,78,49,0,0,DOWN,187234174543,"N"
264507,78,49,0,0,UP,187282049243,"N"
264507,68,32,0,0,DOWN,187330278943,"D"
264507,70,33,0,0,DOWN,187434309943,"F"
264507,68,32,0,0,UP,187442302143,"D"
264507,70,33,0,0,UP,187498462243,"F"
264507,72,35,0,0,DOWN,187530031743,"H"
264507,72,35,0,0,UP,187626272943,"H"
264507,66,48,0,0,DOWN,187627116543,"B"
264507,85,22,0,0,DOWN,187730286943,"U"
264507,66,48,0,0,UP,187746297343,"B"
264507,82,19,0,0,DOWN,187826277643,"R"
264507,85,22,0,0,UP,187834223143,"U"
264507,71,34,0,0,DOWN,187930303343,"G"
264507,82,19,0,0,UP,187945981143,"R"
264507,69,18,0,0,DOWN,188034288543,"E"
264507,71,34,0,0,UP,188041975543,"G"
264507,78,49,0,0,DOWN,188130264443,"N"
264507,69,18,0,0,UP,188138290243,"E"
264507,78,49,0,0,UP,188194322143,"N"
264507,76,38,0,0,DOWN,188226301543,"L"
264507,76,38,0,0,UP,188290235743,"L"
264507,65,30,0,0,DOWN,188330300143,"A"
264507,65,30,0,0,UP,188370293943,"A"
264507,78,49,0,0,DOWN,188426269943,"N"
264507,78,49,0,0,UP,188490289343,"N"
264507,68,32,0,0,DOWN,188530282543,"D"
264507,70,33,0,0,DOWN,188626283343,"F"
264507,68,32,0,0,UP,188642281243,"D"
264507,70,33,0,0,UP,188706310243,"F"
264507,72,35,0,0,DOWN,188730302043,"H"
264507,72,35,0,0,UP,188826279643,"H"
264507,66,48,0,0,DOWN,188827311943,"B"
264507,85,22,0,0,DOWN,188930289443,"U"
264507,66,48,0,0,UP,188954267443,"B"
264507,82,19,0,0,DOWN,189034259343,"R"
264507,85,22,0,0,UP,189042293843,"U"
264507,71,34,0,0,DOWN,189130281443,"G"
264507,82,19,0,0,UP,189146367643,"R"
264507,71,34,0,0,UP,189234281843,"G"
264507,69,18,0,0,DOWN,189234974743,"E"
264507,78,49,0,0,DOWN,189330295543,"N"
264507,69,18,0,0,UP,189338309343,"E"
264507,78,49,0,0,UP,189386270643,"N"
264507,76,38,0,0,DOWN,189426307043,"L"
264507,76,38,0,0,UP,189490163843,"L"
264507,65,30,0,0,DOWN,189530300943,"A"
264507,65,30,0,0,UP,189570268743,"A"
264507,78,49,0,0,DOWN,189626339043,"N"
264507,78,49,0,0,UP,189682281143,"N"
264507,68,32,0,0,DOWN,189730312543,"D"
264507,70,33,0,0,DOWN,189826314943,"F"
264507,68,32,0,0,UP,189842239143,"D"
264507,70,33,0,0,UP,189906306943,"F"
264507,72,35,0,0,DOWN,189930305043,"H"
264507,66,48,0,0,DOWN,190026323943,"B"
264507,72,35,0,0,UP,190034142443,"H"
264507,85,22,0,0,DOWN,190130293743,"U"
264507,66,48,0,0,UP,190146287843,"B"
264507,82,19,0,0,DOWN,190226291743,"R"
264507,85,22,0,0,UP,190242304643,"U"
264507,71,34,0,0,DOWN,190330263143,"G"
264507,82,19,0,0,UP,190346242543,"R"
264507,69,18,0,0,DOWN,190426288543,"E"
264507,71,34,0,0,UP,190442234843,"G"
264507,78,49,0,0,DOWN,190530343443,"N"
264507,69,18,0,0,UP,190538291043,"E"
264507,78,49,0,0,UP,190586250943,"N"
264507,76,38,0,0,DOWN,190626226643,"L"
264507,76,38,0,0,UP,190682329143,"L"
264507,65,30,0,0,DOWN,190730397043,"A"
264507,65,30,0,0,UP,190778296743,"A"
264507,78,49,0,0,DOWN,190826337743,"N"
264507,78,49,0,0,UP,190890256443,"N"
264507,68,32,0,0,DOWN,190930330643,"D"
264507,70,33,0,0,DOWN,191034058543,"F"
264507,68,32,0,0,UP,191042273943,"D"
264507,70,33,0,0,UP,191098318043,"F"
264507,72,35,0,0,DOWN,191130335143,"H"
264507,72,35,0,0,UP,191234266243,"H"
264507,66,48,0,0,DOWN,191235146443,"B"
264507,85,22,0,0,DOWN,191330317643,"U"
264507,66,48,0,0,UP,191346313243,"B"
264507,82,19,0,0,DOWN,191434399843,"R"
264507,85,22,0,0,UP,191442279843,"U"
264507,71,34,0,0,DOWN,191530304243,"G"
264507,82,19,0,0,UP,191538291743,"R"
264507,69,18,0,0,DOWN,191634474443,"E"
264507,71,34,0,0,UP,191642295943,"G"
264507,78,49,0,0,DOWN,191730306943,"N"
264507,69,18,0,0,UP,191738294343,"E"
264507,78,49,0,0,UP,191794302743,"N"
264507,76,38,0,0,DOWN,191826313343,"L"
264507,76,38,0,0,UP,191882304043,"L"
264507,65,30,0,0,DOWN,191930287343,"A"
264507,65,30,0,0,UP,191970144743,"A"
264507,78,49,0,0,DOWN,192026305543,"N"
264507,78,49,0,0,UP,192090316443,"N"
264507,68,32,0,0,DOWN,192130342143,"D"
264507,70,33,0,0,DOWN,192226389743,"F"
264507,68,32,0,0,UP,192242173243,"D"
264507,70,33,0,0,UP,192306337343,"F"
264507,72,35,0,0,DOWN,192330376043,"H"
264507,72,35,0,0,UP,192426389443,"H"
264507,66,48,0,0,DOWN,192427197643,"B"
264507,85,22,0,0,DOWN,192530323843,"U"
264507,66,48,0,0,UP,192546334943,"B"
264507,82,19,0,0,DOWN,192626328443,"R"
264507,85,22,0,0,UP,192634356643,"U"
264507,71,34,0,0,DOWN,192730343143,"G"
264507,82,19,0,0,UP,192746324943,"R"
264507,69,18,0,0,DOWN,192826355343,"E"
264507,71,34,0,0,UP,192834085343,"G"
264507,78,49,0,0,DOWN,192930317343,"N"
264507,69,18,0,0,UP,192938302943,"E"
264507,78,49,0,0,UP,192986118543,"N"
264507,76,38,0,0,DOWN,193026351943,"L"
264507,76,38,0,0,UP,193082398543,"L"
264507,65,30,0,0,DOWN,193130356043,"A"
264507,65,30,0,0,UP,193178332643,"A"
264507,78,49,0,0,DOWN,193234363743,"N"
264507,78,49,0,0,UP,193290336743,"N"
264507,68,32,0,0,DOWN,193330368243,"D"
264507,70,33,0,0,DOWN,193434406743,"F"
264507,68,32,0,0,UP,193442140043,"D"
264507,70,33,0,0,UP,193498316743,"F"
264507,72,35,0,0,DOWN,193530340843,"H"
264507,66,48,0,0,DOWN,193634321343,"B"
264507,72,35,0,0,UP,193650003043,"H"
264507,85,22,0,0,DOWN,193730341643,"U"
264507,66,48,0,0,UP,193754311543,"B"
264507,82,19,0,0,DOWN,193826335643,"R"
264507,85,22,0,0,UP,193834402943,"U"
264507,71,34,0,0,DOWN,193930347443,"G"
264507,82,19,0,0,UP,193946345043,"R"
264507,69,18,0,0,DOWN,194034322343,"E"
264507,71,34,0,0,UP,194042292443,"G"
264507,78,49,0,0,DOWN,194130328243,"N"
264507,69,18,0,0,UP,194138043543,"E"
264507,78,49,0,0,UP,194186251843,"N"
264507,76,38,0,0,DOWN,194226319943,"L"
264507,76,38,0,0,UP,194282306943,"L"
264507,65,30,0,0,DOWN,194330338043,"A"
264507,65,30,0,0,UP,194370130143,"A"
264507,78,49,0,0,DOWN,194426316643,"N"
264507,78,49,0,0,UP,194490333443,"N"
264507,68,32,0,0,DOWN,194530314343,"D"
264507,70,33,0,0,DOWN,194626306043,"F"
264507,68,32,0,0,UP,194642298143,"D"
264507,70,33,0,0,UP,194706333843,"F"
264507,72,35,0,0,DOWN,194730423343,"H"
264507,72,35,0,0,UP,194826339443,"H"
264507,66,48,0,0,DOWN,194834344643,"B"
264507,85,22,0,0,DOWN,194930385543,"U"
264507,66,48,0,0,UP,194946344243,"B"
264507,82,19,0,0,DOWN,195026090843,"R"
264507,85,22,0,0,UP,195042330543,"U"
264507,71,34,0,0,DOWN,195130364043,"G"
264507,82,19,0,0,UP,195146349843,"R"
264507,69,18,0,0,DOWN,195234288943,"E"
264507,71,34,0,0,UP,195242256243,"G"
264507,69,18,0,0,UP,195330297343,"E"
264507,78,49,0,0,DOWN,195330713443,"N"
264507,78,49,0,0,UP,195394256743,"N"
264507,76,38,0,0,DOWN,195434338543,"L"
264507,76,38,0,0,UP,195482390143,"L"
264507,65,30,0,0,DOWN,195530433543,"A"
264507,65,30,0,0,UP,195578358643,"A"
264507,78,49,0,0,DOWN,195634349443,"N"
264507,78,49,0,0,UP,195690363543,"N"
264507,68,32,0,0,DOWN,195730382543,"D"
264507,70,33,0,0,DOWN,195834354043,"F"
264507,68,32,0,0,UP,195842236443,"D"
264507,70,33,0,0,UP,195906353243,"F"
264507,72,35,0,0,DOWN,195930364343,"H"
264507,66,48,0,0,DOWN,196026068143,"B"
264507,72,35,0,0,UP,196034323143,"H"
264507,85,22,0,0,DOWN,196130366743,"U"
264507,66,48,0,0,UP,196154306543,"B"
264507,82,19,0,0,DOWN,196226345343,"R"
264507,85,22,0,0,UP,196234324643,"U"
264507,71,34,0,0,DOWN,196330441943,"G"
264507,82,19,0,0,UP,196346368243,"R"
264507,69,18,0,0,DOWN,196434391643,"E"
264507,71,34,0,0,UP,196442069943,"G"
264507,78,49,0,0,DOWN,196530327743,"N"
264507,69,18,0,0,UP,196538247143,"E"
264507,78,49,0,0,UP,196586350543,"N"
264507,76,38,0,0,DOWN,196626418443,"L"
264507,76,38,0,0,UP,196682077643,"L"
264507,65,30,0,0,DOWN,196730362743,"A"
264507,65,30,0,0,UP,196770372743,"A"
264507,78,49,0,0,DOWN,196826346543,"N"
264507,78,49,0,0,UP,196882139543,"N"
264507,68,32,0,0,DOWN,196930366543,"D"
264507,70,33,0,0,DOWN,197026352243,"F"
264507,68,32,0,0,UP,197042387543,"D"
264507,70,33,0,0,UP,197106369543,"F"
264507,72,35,0,0,DOWN,197130432643,"H"
264507,72,35,0,0,UP,197226359143,"H"
264507,66,48,0,0,DOWN,197234372543,"B"
264507,85,22,0,0,DOWN,197330348143,"U"
264507,66,48,0,0,UP,197346440543,"B"
264507,82,19,0,0,DOWN,197434346043,"R"
264507,85,22,0,0,UP,197442361143,"U"
264507,71,34,0,0,DOWN,197530386543,"G"
264507,82,19,0,0,UP,197546371643,"R"
264507,69,18,0,0,DOWN,197634374443,"E"
264507,71,34,0,0,UP,197642370643,"G"
264507,69,18,0,0,UP,197730377043,"E"
264507,78,49,0,0,DOWN,197731380843,"N"
264507,78,49,0,0,UP,197794354843,"N"
264507,76,38,0,0,DOWN,197826376843,"L"
264507,76,38,0,0,UP,197890364443,"L"
264507,65,30,0,0,DOWN,197930379243,"A"
264507,65,30,0,0,UP,197978348043,"A"
264507,78,49,0,0,DOWN,198026397643,"N"
264507,78,49,0,0,UP,198090346543,"N"
264507,68,32,0,0,DOWN,198130378543,"D"
264507,70,33,0,0,DOWN,198226406243,"F"
264507,68,32,0,0,UP,198242381843,"D"
264507,70,33,0,0,UP,198306235043,"F"
264507,72,35,0,0,DOWN,198330325743,"H"
264507,66,48,0,0,DOWN,198426158243,"B"
264507,72,35,0,0,UP,198434334443,"H"
264507,85,22,0,0,DOWN,198530376243,"U"
264507,66,48,0,0,UP,198554377743,"B"
264507,82,19,0,0,DOWN,198626246543,"R"
264507,85,22,0,0,UP,198642166743,"U"
264507,71,34,0,0,DOWN,198730390043,"G"
264507,82,19,0,0,UP,198746347343,"R"
264507,69,18,0,0,DOWN,198826450543,"E"
264507,71,34,0,0,UP,198842390943,"G"
264507,78,49,0,0,DOWN,198930393643,"N"
264507,69,18,0,0,UP,198938388843,"E"
264507,78,49,0,0,UP,198986414143,"N"
264507,76,38,0,0,DOWN,199026338943,"L"
264507,76,38,0,0,UP,199082410643,"L"
264507,65,30,0,0,DOWN,199130365543,"A"
264507,65,30,0,0,UP,199178425743,"A"
264507,78,49,0,0,DOWN,199226414343,"N"
264507,78,49,0,0,UP,199282412443,"N"
264507,68,32,0,0,DOWN,199330340143,"D"
264507,70,33,0,0,DOWN,199426326243,"F"
264507,68,32,0,0,UP,199442373143,"D"
264507,70,33,0,0,UP,199498394143,"F"
264507,72,35,0,0,DOWN,199530370143,"H"
264507,72,35,0,0,UP,199634120543,"H"
264507,66,48,0,0,DOWN,199635111543,"B"
264507,85,22,0,0,DOWN,199730384843,"U"
264507,66,48,0,0,UP,199754411943,"B"
264507,85,22,0,0,UP,199834391643,"U"
264507,82,19,0,0,DOWN,199835401043,"R"
264507,71,34,0,0,DOWN,199930373243,"G"
264507,82,19,0,0,UP,199946354943,"R"
264507,69,18,0,0,DOWN,200034374043,"E"
264507,71,34,0,0,UP,200042410943,"G"
264507,78,49,0,0,DOWN,200130372343,"N"
264507,69,18,0,0,UP,200138230743,"E"
264507,78,49,0,0,UP,200194399243,"N"
264507,76,38,0,0,DOWN,200226423543,"L"
264507,76,38,0,0,UP,200290464543,"L"
264507,65,30,0,0,DOWN,200330441643,"A"
264507,65,30,0,0,UP,200378380843,"A"
264507,78,49,0,0,DOWN,200426285243,"N"
264507,78,49,0,0,UP,200490446543,"N"
264507,68,32,0,0,DOWN,200530381043,"D"
264507,70,33,0,0,DOWN,200626386843,"F"
264507,68,32,0,0,UP,200642197743,"D"
264507,70,33,0,0,UP,200706394343,"F"
264507,72,35,0,0,DOWN,200730200143,"H"
264507,66,48,0,0,DOWN,200826403043,"B"
264507,72,35,0,0,UP,200842191743,"H"
264507,85,22,0,0,DOWN,200930416143,"U"
264507,66,48,0,0,UP,200954410443,"B"
264507,82,19,0,0,DOWN,201026374943,"R"
264507,85,22,0,0,UP,201042075343,"U"
264507,71,34,0,0,DOWN,201130382143,"G"
264507,82,19,0,0,UP,201146230343,"R"
264507,69,18,0,0,DOWN,201226157343,"E"
264507,71,34,0,0,UP,201242128143,"G"
264507,78,49,0,0,DOWN,201330386743,"N"
264507,69,18,0,0,UP,201338390643,"E"
264507,78,49,0,0,UP,201386432643,"N"
264507,76,38,0,0,DOWN,201426225543,"L"
264507,76,38,0,0,UP,201482137143,"L"
264507,65,30,0,0,DOWN,201530081143,"A"
264507,65,30,0,0,UP,201578321443,"A"
264507,78,49,0,0,DOWN,201626355343,"N"
264507,78,49,0,0,UP,201682178443,"N"
264507,68,32,0,0,DOWN,201730409743,"D"
264507,70,33,0,0,DOWN,201834424143,"F"
264507,68,32,0,0,UP,201842237343,"D"
264507,70,33,0,0,UP,201898379643,"F"
264507,72,35,0,0,DOWN,201930409243,"H"
264507,72,35,0,0,UP,202034215643,"H"
264507,66,48,0,0,DOWN,202035164843,"B"
264507,85,22,0,0,DOWN,202130369843,"U"
264507,66,48,0,0,UP,202154417043,"B"
264507,82,19,0,0,DOWN,202234416743,"R"
264507,85,22,0,0,UP,202250141743,"U"
264507,71,34,0,0,DOWN,202330335043,"G"
264507,82,19,0,0,UP,202346117143,"R"
264507,69,18,0,0,DOWN,202434445343,"E"
264507,71,34,0,0,UP,202442326743,"G"
264507,78,49,0,0,DOWN,202530415043,"N"
264507,69,18,0,0,UP,202538383843,"E"
264507,78,49,0,0,UP,202594397043,"N"
264507,76,38,0,0,DOWN,202626158843,"L"
264507,76,38,0,0,UP,202690334143,"L"
264507,65,30,0,0,DOWN,202730352343,"A"
264507,65,30,0,0,UP,202778410043,"A"
264507,78,49,0,0,DOWN,202826204943,"N"
264507,78,49,0,0,UP,202890401543,"N"
264507,68,32,0,0,DOWN,202930437243,"D"
264507,70,33,0,0,DOWN,203026180543,"F"
264507,68,32,0,0,UP,203034394743,"D"
264507,70,33,0,0,UP,203106414643,"F"
264507,72,35,0,0,DOWN,203130432543,"H"
264507,66,48,0,0,DOWN,203226201043,"B"
264507,72,35,0,0,UP,203234442443,"H"
264507,85,22,0,0,DOWN,203330404543,"U"
264507,66,48,0,0,UP,203346399643,"B"
264507,82,19,0,0,DOWN,203426210343,"R"
264507,85,22,0,0,UP,203442481343,"U"
264507,71,34,0,0,DOWN,203530395443,"G"
264507,82,19,0,0,UP,203546196343,"R"
264507,69,18,0,0,DOWN,203626175143,"E"
264507,71,34,0,0,UP,203634416843,"G"
264507,78,49,0,0,DOWN,203730435443,"N"
264507,69,18,0,0,UP,203738372643,"E"
264507,78,49,0,0,UP,203794472043,"N"
264507,76,38,0,0,DOWN,203834444143,"L"
264507,76,38,0,0,UP,203882381543,"L"
264507,65,30,0,0,DOWN,203930188443,"A"
264507,65,30,0,0,UP,203978373143,"A"
264507,78,49,0,0,DOWN,204034413143,"N"
264507,78,49,0,0,UP,204082385943,"N"
264507,68,32,0,0,DOWN,204130391543,"D"
264507,70,33,0,0,DOWN,204234452243,"F"
264507,68,32,0,0,UP,204242253843,"D"
264507,70,33,0,0,UP,204298442543,"F"
264507,72,35,0,0,DOWN,204330432843,"H"
264507,72,35,0,0,UP,204426514943,"H"
264507,66,48,0,0,DOWN,204434633343,"B"
264507,85,22,0,0,DOWN,204530396443,"U"
264507,66,48,0,0,UP,204546189343,"B"
264507,82,19,0,0,DOWN,204626524543,"R"
264507,85,22,0,0,UP,204634466143,"U"
264507,71,34,0,0,DOWN,204730462543,"G"
264507,82,19,0,0,UP,204746149643,"R"
264507,69,18,0,0,DOWN,204834433543,"E"
264507,71,34,0,0,UP,204842113243,"G"
264507,78,49,0,0,DOWN,204930392043,"N"
264507,69,18,0,0,UP,204938378643,"E"
264507,78,49,0,0,UP,204994160843,"N"
264507,76,38,0,0,DOWN,205026431243,"L"
264507,76,38,0,0,UP,205090392743,"L"
264507,65,30,0,0,DOWN,205130416843,"A"
264507,65,30,0,0,UP,205170408143,"A"
264507,78,49,0,0,DOWN,205226528743,"N"
264507,78,49,0,0,UP,205298413943,"N"
264507,68,32,0,0,DOWN,205330400543,"D"
264507,70,33,0,0,DOWN,205426240243,"F"
264507,68,32,0,0,UP,205442232343,"D"
264507,70,33,0,0,UP,205506170843,"F"
264507,72,35,0,0,DOWN,205530233443,"H"
264507,66,48,0,0,DOWN,205626172843,"B"
264507,72,35,0,0,UP,205642136143,"H"
264507,85,22,0,0,DOWN,205730243943,"U"
264507,66,48,0,0,UP,205754093743,"B"
264507,82,19,0,0,DOWN,205825996943,"R"
264507,85,22,0,0,UP,205842207043,"U"
264507,71,34,0,0,DOWN,205930086443,"G"
264507,82,19,0,0,UP,205954000043,"R"
264507,69,18,0,0,DOWN,206034181243,"E"
264507,71,34,0,0,UP,206042063943,"G"
264507,69,18,0,0,UP,206130421643,"E"
264507,78,49,0,0,DOWN,206131341743,"N"
264507,78,49,0,0,UP,206194282243,"N"
264507,76,38,0,0,DOWN,206234474343,"L"
264507,76,38,0,0,UP,206282212043,"L"
264507,65,30,0,0,DOWN,206330424243,"A"
264507,65,30,0,0,UP,206378294543,"A"
264507,78,49,0,0,DOWN,206434414843,"N"
264507,78,49,0,0,UP,206490464143,"N"
264507,68,32,0,0,DOWN,206530487743,"D"
264507,70,33,0,0,DOWN,206626450843,"F"
264507,68,32,0,0,UP,206642462143,"D"
264507,70,33,0,0,UP,206698478443,"F"
264507,72,35,0,0,DOWN,206730408543,"H"
264507,72,35,0,0,UP,206826516743,"H"
264507,66,48,0,0,DOWN,206827299843,"B"
264507,85,22,0,0,DOWN,206930419343,"U"
264507,66,48,0,0,UP,206954448143,"B"
264507,82,19,0,0,DOWN,207026459943,"R"
264507,85,22,0,0,UP,207034483543,"U"
264507,71,34,0,0,DOWN,207130420443,"G"
264507,82,19,0,0,UP,207146390243,"R"
264507,69,18,0,0,DOWN,207226436643,"E"
264507,71,34,0,0,UP,207242411243,"G"
264507,78,49,0,0,DOWN,207330540643,"N"
264507,69,18,0,0,UP,207338443743,"E"
264507,78,49,0,0,UP,207394256643,"N"
264507,76,38,0,0,DOWN,207426438843,"L"
264507,76,38,0,0,UP,207482427843,"L"
264507,65,30,0,0,DOWN,207530316243,"A"
264507,65,30,0,0,UP,207578282743,"A"
264507,78,49,0,0,DOWN,207626597543,"N"
264507,78,49,0,0,UP,207698399043,"N"
264507,68,32,0,0,DOWN,207730432543,"D"
264507,70,33,0,0,DOWN,207826471743,"F"
264507,68,32,0,0,UP,207842451043,"D"
264507,70,33,0,0,UP,207906491843,"F"
264507,72,35,0,0,DOWN,207930428643,"H"
264507,66,48,0,0,DOWN,208034174643,"B"
264507,72,35,0,0,UP,208042379143,"H"
264507,85,22,0,0,DOWN,208130429043,"U"
264507,66,48,0,0,UP,208154225143,"B"
264507,82,19,0,0,DOWN,208234411243,"R"
264507,85,22,0,0,UP,208242447443,"U"
264507,71,34,0,0,DOWN,208330217843,"G"
264507,82,19,0,0,UP,208346268543,"R"
264507,69,18,0,0,DOWN,208434448143,"E"
264507,71,34,0,0,UP,208442390643,"G"
264507,78,49,0,0,DOWN,208530230943,"N"
264507,69,18,0,0,UP,208538443343,"E"
264507,78,49,0,0,UP,208594322343,"N"
264507,76,38,0,0,DOWN,208626358543,"L"
264507,76,38,0,0,UP,208690482143,"L"
264507,65,30,0,0,DOWN,208730243643,"A"
264507,65,30,0,0,UP,208778501543,"A"
264507,78,49,0,0,DOWN,208826470343,"N"
264507,78,49,0,0,UP,208890448743,"N"
264507,68,32,0,0,DOWN,208930212043,"D"
264507,70,33,0,0,DOWN,209026483643,"F"
264507,68,32,0,0,UP,209042587643,"D"
264507,70,33,0,0,UP,209106143943,"F"
264507,72,35,0,0,DOWN,209130077443,"H"
264507,66,48,0,0,DOWN,209226376543,"B"
264507,72,35,0,0,UP,209234462143,"H"
264507,85,22,0,0,DOWN,209330296543,"U"
264507,66,48,0,0,UP,209346654043,"B"
264507,82,19,0,0,DOWN,209426446343,"R"
264507,85,22,0,0,UP,209442417543,"U"
264507,71,34,0,0,DOWN,209530349843,"G"
264507,82,19,0,0,UP,209546590443,"R"
264507,69,18,0,0,DOWN,209626499543,"E"
264507,71,34,0,0,UP,209642451243,"G"
264507,69,18,0,0,UP,209730499143,"E"
264507,78,49,0,0,DOWN,209731307543,"N"
264507,78,49,0,0,UP,209794478843,"N"
264507,76,38,0,0,DOWN,209826538143,"L"
264507,76,38,0,0,UP,209890486543,"L"
264507,65,30,0,0,DOWN,209930474343,"A"
264507,65,30,0,0,UP,209970478843,"A"
264507,78,49,0,0,DOWN,210026494543,"N"
264507,78,49,0,0,UP,210098474343,"N"
264507,68,32,0,0,DOWN,210130252543,"D"
264507,70,33,0,0,DOWN,210234494743,"F"
264507,68,32,0,0,UP,210242445543,"D"
264507,70,33,0,0,UP,210306517443,"F"
264507,72,35,0,0,DOWN,210330614043,"H"
264507,66,48,0,0,DOWN,210434490643,"B"
264507,72,35,0,0,UP,210442133743,"H"
264507,85,22,0,0,DOWN,210530613343,"U"
264507,66,48,0,0,UP,210554445543,"B"
264507,82,19,0,0,DOWN,210634456843,"R"
264507,85,22,0,0,UP,210650456743,"U"
264507,71,34,0,0,DOWN,210730496343,"G"
264507,82,19,0,0,UP,210746464343,"R"
264507,69,18,0,0,DOWN,210834460743,"E"
264507,71,34,0,0,UP,210842460843,"G"
264507,78,49,0,0,DOWN,210930464543,"N"
264507,69,18,0,0,UP,210938439943,"E"
264507,78,49,0,0,UP,210994468343,"N"
264507,76,38,0,0,DOWN,211026515343,"L"
264507,76,38,0,0,UP,211090446143,"L"
264507,65,30,0,0,DOWN,211130473843,"A"
264507,65,30,0,0,UP,211178549043,"A"
264507,78,49,0,0,DOWN,211226472243,"N"
264507,78,49,0,0,UP,211290497943,"N"
264507,68,32,0,0,DOWN,211330477743,"D"
264507,70,33,0,0,DOWN,211426560243,"F"
264507,68,32,0,0,UP,211442534943,"D"
264507,70,33,0,0,UP,211506513143,"F"
264507,72,35,0,0,DOWN,211530603743,"H"
264507,72,35,0,0,UP,211626568943,"H"
264507,66,48,0,0,DOWN,211627358943,"B"
264507,85,22,0,0,DOWN,211730515243,"U"
264507,66,48,0,0,UP,211746530443,"B"
264507,82,19,0,0,DOWN,211826551043,"R"
264507,85,22,0,0,UP,211842525943,"U"
264507,71,34,0,0,DOWN,211930463043,"G"
264507,82,19,0,0,UP,211946477743,"R"
264507,69,18,0,0,DOWN,212026474643,"E"
264507,71,34,0,0,UP,212042450043,"G"
264507,69,18,0,0,UP,212130465643,"E"
264507,78,49,0,0,DOWN,212131137043,"N"
264507,78,49,0,0,UP,212194474543,"N"
264507,76,38,0,0,DOWN,212234470143,"L"
264507,76,38,0,0,UP,212282388443,"L"
264507,65,30,0,0,DOWN,212330471343,"A"
264507,65,30,0,0,UP,212370181543,"A"
264507,78,49,0,0,DOWN,212434510943,"N"
264507,78,49,0,0,UP,212482349943,"N"
264507,68,32,0,0,DOWN,212530571343,"D"
264507,70,33,0,0,DOWN,212634555043,"F"
264507,68,32,0,0,UP,212642496043,"D"
264507,70,33,0,0,UP,212698523143,"F"
264507,72,35,0,0,DOWN,212730495843,"H"
264507,66,48,0,0,DOWN,212834472143,"B"
264507,72,35,0,0,UP,212842384343,"H"
264507,85,22,0,0,DOWN,212930509643,"U"
264507,66,48,0,0,UP,212954253143,"B"
264507,82,19,0,0,DOWN,213026486743,"R"
264507,85,22,0,0,UP,213034462443,"U"
264507,71,34,0,0,DOWN,213130484443,"G"
264507,82,19,0,0,UP,213146479843,"R"
264507,69,18,0,0,DOWN,213234623043,"E"
264507,71,34,0,0,UP,213242203243,"G"
264507,69,18,0,0,UP,213330510643,"E"
264507,78,49,0,0,DOWN,213331368443,"N"
264507,78,49,0,0,UP,213394233043,"N"
264507,76,38,0,0,DOWN,213426524043,"L"
264507,76,38,0,0,UP,213490491743,"L"
264507,65,30,0,0,DOWN,213530485743,"A"
264507,65,30,0,0,UP,213578480343,"A"
264507,78,49,0,0,DOWN,213626514843,"N"
264507,78,49,0,0,UP,213690518243,"N"
264507,68,32,0,0,DOWN,213730560043,"D"
264507,70,33,0,0,DOWN,213826522543,"F"
264507,68,32,0,0,UP,213842547543,"D"
264507,70,33,0,0,UP,213898505043,"F"
264507,72,35,0,0,DOWN,213930494843,"H"
264507,72,35,0,0,UP,214026499443,"H"
264507,66,48,0,0,DOWN,214027355843,"B"
264507,85,22,0,0,DOWN,214130496743,"U"
264507,66,48,0,0,UP,214146664443,"B"
264507,82,19,0,0,DOWN,214234259143,"R"
264507,85,22,0,0,UP,214242558043,"U"
264507,71,34,0,0,DOWN,214330216043,"G"
264507,82,19,0,0,UP,214346607343,"R"
264507,69,18,0,0,DOWN,214434290043,"E"
264507,71,34,0,0,UP,214442509343,"G"
264507,78,49,0,0,DOWN,214530509043,"N"
264507,69,18,0,0,UP,214538503443,"E"
264507,78,49,0,0,UP,214586294243,"N"
264507,76,38,0,0,DOWN,214634297143,"L"
264507,76,38,0,0,UP,214682498043,"L"
264507,65,30,0,0,DOWN,214730515343,"A"
264507,65,30,0,0,UP,214770505743,"A"
264507,78,49,0,0,DOWN,214834427343,"N"
264507,78,49,0,0,UP,214882225443,"N"
264507,68,32,0,0,DOWN,214930474843,"D"
264507,70,33,0,0,DOWN,215034284443,"F"
264507,68,32,0,0,UP,215042494943,"D"
264507,70,33,0,0,UP,215106524643,"F"
264507,72,35,0,0,DOWN,215130506343,"H"
264507,66,48,0,0,DOWN,215226523543,"B"
264507,72,35,0,0,UP,215234156043,"H"
264507,85,22,0,0,DOWN,215330609943,"U"
264507,66,48,0,0,UP,215346467443,"B"
264507,82,19,0,0,DOWN,215426533343,"R"
264507,85,22,0,0,UP,215434492343,"U"
264507,71,34,0,0,DOWN,215530534643,"G"
264507,82,19,0,0,UP,215546497643,"R"
264507,69,18,0,0,DOWN,215634601643,"E"
264507,71,34,0,0,UP,215642546943,"G"
264507,69,18,0,0,UP,215730571543,"E"
264507,78,49,0,0,DOWN,215731523243,"N"
264507,78,49,0,0,UP,215786533843,"N"
264507,76,38,0,0,DOWN,215826538443,"L"
264507,76,38,0,0,UP,215890534643,"L"
264507,65,30,0,0,DOWN,215930527043,"A"
264507,65,30,0,0,UP,215970342943,"A"
264507,78,49,0,0,DOWN,216026530743,"N"
264507,78,49,0,0,UP,216098550043,"N"
264507,68,32,0,0,DOWN,216130512643,"D"
264507,70,33,0,0,DOWN,216226505443,"F"
264507,68,32,0,0,UP,216242523843,"D"
264507,70,33,0,0,UP,216298528343,"F"
264507,72,35,0,0,DOWN,216330525243,"H"
264507,72,35,0,0,UP,216434189743,"H"
264507,66,48,0,0,DOWN,216434627243,"B"
264507,85,22,0,0,DOWN,216530505843,"U"
264507,66,48,0,0,UP,216554299543,"B"
264507,82,19,0,0,DOWN,216634521843,"R"
264507,85,22,0,0,UP,216642492243,"U"
264507,71,34,0,0,DOWN,216730543743,"G"
264507,82,19,0,0,UP,216746282243,"R"
264507,69,18,0,0,DOWN,216834539043,"E"
264507,71,34,0,0,UP,216842328443,"G"
264507,78,49,0,0,DOWN,216930559243,"N"
264507,69,18,0,0,UP,216938511243,"E"
264507,78,49,0,0,UP,216986349343,"N"
264507,76,38,0,0,DOWN,217026548043,"L"
264507,76,38,0,0,UP,217090531043,"L"
264507,65,30,0,0,DOWN,217130527343,"A"
264507,65,30,0,0,UP,217170344643,"A"
264507,78,49,0,0,DOWN,217226538243,"N"
264507,78,49,0,0,UP,217282553343,"N"
264507,68,32,0,0,DOWN,217330563643,"D"
264507,70,33,0,0,DOWN,217426604943,"F"
264507,68,32,0,0,UP,217434549043,"D"
264507,70,33,0,0,UP,217506579843,"F"
264507,72,35,0,0,DOWN,217530569243,"H"
264507,66,48,0,0,DOWN,217626515743,"B"
264507,72,35,0,0,UP,217634547643,"H"
264507,85,22,0,0,DOWN,217730495043,"U"
264507,66,48,0,0,UP,217746513343,"B"
264507,82,19,0,0,DOWN,217826579143,"R"
264507,85,22,0,0,UP,217842508143,"U"
264507,71,34,0,0,DOWN,217930569943,"G"
264507,82,19,0,0,UP,217946290143,"R"
264507,69,18,0,0,DOWN,218026554343,"E"
264507,71,34,0,0,UP,218034541743,"G"
264507,69,18,0,0,UP,218122578443,"E"
264507,78,49,0,0,DOWN,218130585943,"N"
264507,78,49,0,0,UP,218186297343,"N"
264507,76,38,0,0,DOWN,218226554543,"L"
264507,76,38,0,0,UP,218290553443,"L"
264507,65,30,0,0,DOWN,218330539643,"A"
264507,65,30,0,0,UP,218370421243,"A"
264507,78,49,0,0,DOWN,218426550543,"N"
264507,78,49,0,0,UP,218482541343,"N"
264507,68,32,0,0,DOWN,218530555143,"D"
264507,70,33,0,0,DOWN,218634532543,"F"
264507,68,32,0,0,UP,218642575443,"D"
264507,70,33,0,0,UP,218698529743,"F"
264507,72,35,0,0,DOWN,218730551043,"H"
264507,72,35,0,0,UP,218834530843,"H"
264507,66,48,0,0,DOWN,218835226343,"B"
264507,85,22,0,0,DOWN,218930580243,"U"
264507,66,48,0,0,UP,218954423743,"B"
264507,82,19,0,0,DOWN,219034554343,"R"
264507,85,22,0,0,UP,219050219743,"U"
264507,71,34,0,0,DOWN,219130349243,"G"
264507,82,19,0,0,UP,219146424743,"R"
264507,69,18,0,0,DOWN,219234560343,"E"
264507,71,34,0,0,UP,219242509443,"G"
264507,78,49,0,0,DOWN,219330566443,"N"
264507,69,18,0,0,UP,219338456243,"E"
264507,78,49,0,0,UP,219386556343,"N"
264507,76,38,0,0,DOWN,219426506943,"L"
264507,76,38,0,0,UP,219490633143,"L"
264507,65,30,0,0,DOWN,219530562943,"A"
264507,65,30,0,0,UP,219570633143,"A"
264507,78,49,0,0,DOWN,219626316743,"N"
264507,78,49,0,0,UP,219682568343,"N"
264507,68,32,0,0,DOWN,219730576343,"D"
264507,70,33,0,0,DOWN,219826554743,"F"
264507,68,32,0,0,UP,219842315143,"D"
264507,70,33,0,0,UP,219906557043,"F"
264507,72,35,0,0,DOWN,219930560243,"H"
264507,72,35,0,0,UP,220026581843,"H"
264507,66,48,0,0,DOWN,220027568743,"B"
264507,85,22,0,0,DOWN,220130595543,"U"
264507,66,48,0,0,UP,220146612943,"B"
264507,82,19,0,0,DOWN,220226584543,"R"
264507,85,22,0,0,UP,220242631743,"U"
264507,71,34,0,0,DOWN,220330604343,"G"
264507,82,19,0,0,UP,220346556843,"R"
264507,69,18,0,0,DOWN,220426374643,"E"
264507,71,34,0,0,UP,220434566343,"G"
264507,69,18,0,0,UP,220530560343,"E"
264507,78,49,0,0,DOWN,220531436243,"N"
264507,78,49,0,0,UP,220594613443,"N"
264507,76,38,0,0,DOWN,220634588643,"L"
264507,76,38,0,0,UP,220690537843,"L"
264507,65,30,0,0,DOWN,220730555643,"A"
264507,65,30,0,0,UP,220770583843,"A"
264507,78,49,0,0,DOWN,220834608143,"N"
264507,78,49,0,0,UP,220874368243,"N"
264507,68,32,0,0,DOWN,220930606343,"D"
264507,70,33,0,0,DOWN,221034552143,"F"
264507,68,32,0,0,UP,221042557843,"D"
264507,70,33,0,0,UP,221098656743,"F"
264507,72,35,0,0,DOWN,221130575843,"H"
264507,72,35,0,0,UP,221234546243,"H"
264507,66,48,0,0,DOWN,221235524643,"B"
264507,85,22,0,0,DOWN,221330529243,"U"
264507,66,48,0,0,UP,221354553143,"B"
264507,82,19,0,0,DOWN,221426541143,"R"
264507,85,22,0,0,UP,221434592543,"U"
264507,71,34,0,0,DOWN,221530580943,"G"
264507,82,19,0,0,UP,221546636743,"R"
264507,69,18,0,0,DOWN,221634272943,"E"
264507,71,34,0,0,UP,221642282143,"G"
264507,78,49,0,0,DOWN,221730548943,"N"
264507,69,18,0,0,UP,221738592043,"E"
264507,78,49,0,0,UP,221786566543,"N"
264507,76,38,0,0,DOWN,221826554843,"L"
264507,76,38,0,0,UP,221890534143,"L"
264507,65,30,0,0,DOWN,221930317443,"A"
264507,65,30,0,0,UP,221970616943,"A"
264507,78,49,0,0,DOWN,222026624643,"N"
264507,78,49,0,0,UP,222090621343,"N"
264507,68,32,0,0,DOWN,222130587043,"D"
264507,70,33,0,0,DOWN,222226596143,"F"
264507,68,32,0,0,UP,222242440843,"D"
264507,70,33,0,0,UP,222306324843,"F"
264507,72,35,0,0,DOWN,222330579943,"H"
264507,66,48,0,0,DOWN,222426450143,"B"
264507,72,35,0,0,UP,222434598043,"H"
264507,85,22,0,0,DOWN,222530579743,"U"
264507,66,48,0,0,UP,222546580343,"B"
264507,82,19,0,0,DOWN,222626573243,"R"
264507,85,22,0,0,UP,222634595643,"U"
264507,71,34,0,0,DOWN,222730567743,"G"
264507,82,19,0,0,UP,222746600243,"R"
264507,69,18,0,0,DOWN,222834593043,"E"
264507,71,34,0,0,UP,222842600443,"G"
264507,69,18,0,0,UP,222930605043,"E"
264507,78,49,0,0,DOWN,222931568943,"N"
264507,78,49,0,0,UP,222986647643,"N"
264507,76,38,0,0,DOWN,223034577243,"L"
264507,76,38,0,0,UP,223090354843,"L"
264507,65,30,0,0,DOWN,223130547843,"A"
264507,65,30,0,0,UP,223170564843,"A"
264507,78,49,0,0,DOWN,223234560643,"N"
264507,78,49,0,0,UP,223274369543,"N"
264507,68,32,0,0,DOWN,223330592843,"D"
264507,70,33,0,0,DOWN,223434625443,"F"
264507,68,32,0,0,UP,223442557343,"D"
264507,70,33,0,0,UP,223498576243,"F"
264507,72,35,0,0,DOWN,223530607443,"H"
264507,66,48,0,0,DOWN,223626565743,"B"
264507,72,35,0,0,UP,223634613443,"H"
264507,85,22,0,0,DOWN,223730655243,"U"
264507,66,48,0,0,UP,223754587343,"B"
264507,82,19,0,0,DOWN,223826625243,"R"
264507,85,22,0,0,UP,223834594443,"U"
264507,71,34,0,0,DOWN,223930615043,"G"
264507,82,19,0,0,UP,223946595243,"R"
264507,71,34,0,0,UP,224034565543,"G"
264507,69,18,0,0,DOWN,224035312843,"E"
264507,69,18,0,0,UP,224130603143,"E"
264507,78,49,0,0,DOWN,224131337143,"N"
264507,78,49,0,0,UP,224186772843,"N"
264507,76,38,0,0,DOWN,224226618043,"L"
264507,76,38,0,0,UP,224290644643,"L"
264507,65,30,0,0,DOWN,224330595443,"A"
264507,65,30,0,0,UP,224370333343,"A"
264507,78,49,0,0,DOWN,224426559943,"N"
264507,78,49,0,0,UP,224490758843,"N"
264507,68,32,0,0,DOWN,224530574843,"D"
264507,70,33,0,0,DOWN,224626556943,"F"
264507,68,32,0,0,UP,224642568843,"D"
264507,70,33,0,0,UP,224706585543,"F"
264507,72,35,0,0,DOWN,224730588743,"H"
264507,72,35,0,0,UP,224826611943,"H"
264507,66,48,0,0,DOWN,224827584143,"B"
264507,85,22,0,0,DOWN,224930614943,"U"
264507,66,48,0,0,UP,224954586643,"B"
264507,82,19,0,0,DOWN,225034603943,"R"
264507,85,22,0,0,UP,225042570743,"U"
264507,71,34,0,0,DOWN,225130589343,"G"
264507,82,19,0,0,UP,225146626943,"R"
264507,69,18,0,0,DOWN,225234598643,"E"
264507,71,34,0,0,UP,225242325543,"G"
264507,69,18,0,0,UP,225330634943,"E"
264507,78,49,0,0,DOWN,225331644143,"N"
264507,78,49,0,0,UP,225386526643,"N"
264507,76,38,0,0,DOWN,225426622043,"L"
264507,76,38,0,0,UP,225490739543,"L"
264507,65,30,0,0,DOWN,225530616643,"A"
264507,65,30,0,0,UP,225570653343,"A"
264507,78,49,0,0,DOWN,225634613443,"N"
264507,78,49,0,0,UP,225674692643,"N"
264507,68,32,0,0,DOWN,225730616543,"D"
264507,70,33,0,0,DOWN,225826568043,"F"
264507,68,32,0,0,UP,225842314643,"D"
264507,70,33,0,0,UP,225906583143,"F"
264507,72,35,0,0,DOWN,225930638443,"H"
264507,66,48,0,0,DOWN,226026561843,"B"
264507,72,35,0,0,UP,226034605943,"H"
264507,85,22,0,0,DOWN,226130655443,"U"
264507,66,48,0,0,UP,226146595243,"B"
264507,82,19,0,0,DOWN,226226629943,"R"
264507,85,22,0,0,UP,226234648043,"U"
264507,71,34,0,0,DOWN,226330613843,"G"
264507,82,19,0,0,UP,226346622043,"R"
264507,69,18,0,0,DOWN,226426360743,"E"
264507,71,34,0,0,UP,226442319943,"G"
264507,78,49,0,0,DOWN,226530620543,"N"
264507,69,18,0,0,UP,226538647343,"E"
264507,78,49,0,0,UP,226586593843,"N"
264507,76,38,0,0,DOWN,226626381743,"L"
264507,76,38,0,0,UP,226682606743,"L"
264507,65,30,0,0,DOWN,226730712043,"A"
264507,65,30,0,0,UP,226770562043,"A"
264507,78,49,0,0,DOWN,226826386843,"N"
264507,78,49,0,0,UP,226882665743,"N"
264507,68,32,0,0,DOWN,226930622343,"D"
264507,70,33,0,0,DOWN,227034612943,"F"
264507,68,32,0,0,UP,227042572943,"D"
264507,70,33,0,0,UP,227098646343,"F"
264507,72,35,0,0,DOWN,227130593243,"H"
264507,72,35,0,0,UP,227234612543,"H"
264507,66,48,0,0,DOWN,227235225643,"B"
264507,85,22,0,0,DOWN,227330326343,"U"
264507,66,48,0,0,UP,227354584743,"B"
264507,82,19,0,0,DOWN,227434402043,"R"
264507,85,22,0,0,UP,227450684643,"U"
264507,71,34,0,0,DOWN,227530619243,"G"
264507,82,19,0,0,UP,227546583543,"R"
264507,69,18,0,0,DOWN,227634663943,"E"
264507,71,34,0,0,UP,227650628243,"G"
264507,78,49,0,0,DOWN,227730637843,"N"
264507,69,18,0,0,UP,227738629043,"E"
264507,78,49,0,0,UP,227778691943,"N"
264507,76,38,0,0,DOWN,227826378043,"L"
264507,76,38,0,0,UP,227890592743,"L"
264507,65,30,0,0,DOWN,227930660143,"A"
264507,65,30,0,0,UP,227970611643,"A"
264507,78,49,0,0,DOWN,228026478643,"N"
264507,78,49,0,0,UP,228074640443,"N"
264507,68,32,0,0,DOWN,228130633143,"D"
264507,70,33,0,0,DOWN,228226683543,"F"
264507,68,32,0,0,UP,228242641243,"D"
264507,70,33,0,0,UP,228306652043,"F"
264507,72,35,0,0,DOWN,228330645643,"H"
264507,72,35,0,0,UP,228426701943,"H"
264507,66,48,0,0,DOWN,228427493243,"B"
264507,85,22,0,0,DOWN,228530682243,"U"
264507,66,48,0,0,UP,228546443843,"B"
264507,82,19,0,0,DOWN,228626723743,"R"
264507,85,22,0,0,UP,228634427843,"U"
264507,71,34,0,0,DOWN,228730697443,"G"
264507,82,19,0,0,UP,228746695643,"R"
264507,69,18,0,0,DOWN,228826745743,"E"
264507,71,34,0,0,UP,228834650243,"G"
264507,78,49,0,0,DOWN,228930700643,"N"
264507,69,18,0,0,UP,228938665443,"E"
264507,78,49,0,0,UP,228986689643,"N"
264507,76,38,0,0,DOWN,229026649343,"L"
264507,76,38,0,0,UP,229090642543,"L"
264507,65,30,0,0,DOWN,229130606343,"A"
264507,65,30,0,0,UP,229170652043,"A"
264507,78,49,0,0,DOWN,229234666643,"N"
264507,78,49,0,0,UP,229282672043,"N"
264507,68,32,0,0,DOWN,229330666143,"D"
264507,70,33,0,0,DOWN,229434668043,"F"
264507,68,32,0,0,UP,229442407743,"D"
264507,70,33,0,0,UP,229498638543,"F"
264507,72,35,0,0,DOWN,229530667443,"H"
264507,72,35,0,0,UP,229634632543,"H"
264507,66,48,0,0,DOWN,229635329243,"B"
264507,85,22,0,0,DOWN,229730626243,"U"
264507,66,48,0,0,UP,229754344443,"B"
264507,82,19,0,0,DOWN,229834652343,"R"
264507,85,22,0,0,UP,229842619043,"U"
264507,71,34,0,0,DOWN,229930651643,"G"
264507,82,19,0,0,UP,229946421443,"R"
264507,69,18,0,0,DOWN,230034603543,"E"
264507,71,34,0,0,UP,230042337943,"G"
264507,78,49,0,0,DOWN,230130456643,"N"
264507,69,18,0,0,UP,230138672343,"E"
264507,78,49,0,0,UP,230186658943,"N"
264507,76,38,0,0,DOWN,230226648643,"L"
264507,76,38,0,0,UP,230290651543,"L"
264507,65,30,0,0,DOWN,230330665943,"A"
264507,65,30,0,0,UP,230370644143,"A"
264507,78,49,0,0,DOWN,230426801243,"N"
264507,78,49,0,0,UP,230474641043,"N"
264507,68,32,0,0,DOWN,230530828543,"D"
264507,70,33,0,0,DOWN,230626655143,"F"
264507,68,32,0,0,UP,230642644243,"D"
264507,70,33,0,0,UP,230706655943,"F"
264507,72,35,0,0,DOWN,230730696243,"H"
264507,72,35,0,0,UP,230826663643,"H"
264507,66,48,0,0,DOWN,230827634243,"B"
264507,85,22,0,0,DOWN,230930680543,"U"
264507,66,48,0,0,UP,230946568843,"B"
264507,82,19,0,0,DOWN,231026690143,"R"
264507,85,22,0,0,UP,231034637443,"U"
264507,71,34,0,0,DOWN,231130627243,"G"
264507,82,19,0,0,UP,231146424943,"R"
264507,69,18,0,0,DOWN,231226635643,"E"
264507,71,34,0,0,UP,231242636143,"G"
264507,69,18,0,0,UP,231330644043,"E"
264507,78,49,0,0,DOWN,231331721743,"N"
264507,78,49,0,0,UP,231386621843,"N"
264507,76,38,0,0,DOWN,231426340643,"L"
264507,76,38,0,0,UP,231482363843,"L"
264507,65,30,0,0,DOWN,231530717243,"A"
264507,65,30,0,0,UP,231570629643,"A"
264507,78,49,0,0,DOWN,231634663543,"N"
264507,78,49,0,0,UP,231682675643,"N"
264507,68,32,0,0,DOWN,231730615043,"D"
264507,70,33,0,0,DOWN,231834658343,"F"
264507,68,32,0,0,UP,231842673243,"D"
264507,70,33,0,0,UP,231906640743,"F"
264507,72,35,0,0,DOWN,231930652343,"H"
264507,72,35,0,0,UP,232034687643,"H"
264507,66,48,0,0,DOWN,232035708143,"B"
264507,85,22,0,0,DOWN,232130662943,"U"
264507,66,48,0,0,UP,232146513143,"B"
264507,82,19,0,0,DOWN,232234665643,"R"
264507,85,22,0,0,UP,232242687943,"U"
264507,71,34,0,0,DOWN,232330637143,"G"
264507,82,19,0,0,UP,232338759943,"R"
264507,71,34,0,0,UP,232434658343,"G"
264507,69,18,0,0,DOWN,232435644043,"E"
264507,78,49,0,0,DOWN,232530466743,"N"
264507,69,18,0,0,UP,232538770643,"E"
264507,78,49,0,0,UP,232586742943,"N"
264507,76,38,0,0,DOWN,232626664543,"L"
264507,76,38,0,0,UP,232690673443,"L"
264507,65,30,0,0,DOWN,232730431343,"A"
264507,65,30,0,0,UP,232770659043,"A"
264507,78,49,0,0,DOWN,232826700843,"N"
264507,78,49,0,0,UP,232874616243,"N"
264507,68,32,0,0,DOWN,232930447243,"D"
264507,70,33,0,0,DOWN,233026681943,"F"
264507,68,32,0,0,UP,233042688043,"D"
264507,70,33,0,0,UP,233106671443,"F"
264507,72,35,0,0,DOWN,233130438343,"H"
264507,72,35,0,0,UP,233226471943,"H"
264507,66,48,0,0,DOWN,233227506743,"B"
264507,85,22,0,0,DOWN,233330490143,"U"
264507,66,48,0,0,UP,233346856443,"B"
264507,82,19,0,0,DOWN,233426685343,"R"
264507,85,22,0,0,UP,233442640643,"U"
264507,71,34,0,0,DOWN,233530473443,"G"
264507,82,19,0,0,UP,233546834643,"R"
264507,69,18,0,0,DOWN,233626677943,"E"
264507,71,34,0,0,UP,233642673643,"G"
264507,69,18,0,0,UP,233730579843,"E"
264507,78,49,0,0,DOWN,233731571043,"N"
264507,78,49,0,0,UP,233794698543,"N"
264507,76,38,0,0,DOWN,233834683743,"L"
264507,76,38,0,0,UP,233890745443,"L"
264507,65,30,0,0,DOWN,233930375543,"A"
264507,65,30,0,0,UP,233970639243,"A"
264507,78,49,0,0,DOWN,234034400343,"N"
264507,78,49,0,0,UP,234082688743,"N"
264507,68,32,0,0,DOWN,234130680743,"D"
264507,70,33,0,0,DOWN,234234709643,"F"
264507,68,32,0,0,UP,234242667443,"D"
264507,70,33,0,0,UP,234298682443,"F"
264507,72,35,0,0,DOWN,234330964743,"H"
264507,72,35,0,0,UP,234434683943,"H"
264507,66,48,0,0,DOWN,234435526443,"B"
264507,85,22,0,0,DOWN,234530566743,"U"
264507,66,48,0,0,UP,234554723843,"B"
264507,82,19,0,0,DOWN,234634730743,"R"
264507,85,22,0,0,UP,234642661243,"U"
264507,71,34,0,0,DOWN,234730823043,"G"
264507,82,19,0,0,UP,234746685743,"R"
264507,69,18,0,0,DOWN,234834752643,"E"
264507,71,34,0,0,UP,234842424843,"G"
264507,69,18,0,0,UP,234930738843,"E"
264507,78,49,0,0,DOWN,234931788443,"N"
264507,78,49,0,0,UP,234986671443,"N"
264507,76,38,0,0,DOWN,235026699643,"L"
264507,76,38,0,0,UP,235090671643,"L"
264507,65,30,0,0,DOWN,235130669543,"A"
264507,65,30,0,0,UP,235170440643,"A"
264507,78,49,0,0,DOWN,235226698043,"N"
264507,78,49,0,0,UP,235274682543,"N"
264507,68,32,0,0,DOWN,235330648843,"D"
264507,70,33,0,0,DOWN,235426681343,"F"
264507,68,32,0,0,UP,235442724743,"D"
264507,70,33,0,0,UP,235498529043,"F"
264507,72,35,0,0,DOWN,235530430443,"H"
264507,72,35,0,0,UP,235626725043,"H"
264507,66,48,0,0,DOWN,235627709743,"B"
264507,85,22,0,0,DOWN,235730748243,"U"
264507,66,48,0,0,UP,235746688343,"B"
264507,82,19,0,0,DOWN,235826695543,"R"
264507,85,22,0,0,UP,235834718243,"U"
264507,71,34,0,0,DOWN,235930693043,"G"
264507,82,19,0,0,UP,235946707143,"R"
264507,69,18,0,0,DOWN,236034685543,"E"
264507,71,34,0,0,UP,236042508843,"G"
264507,69,18,0,0,UP,236122676543,"E"
264507,78,49,0,0,DOWN,236130702143,"N"
264507,78,49,0,0,UP,236194710743,"N"
264507,76,38,0,0,DOWN,236234687643,"L"
264507,76,38,0,0,UP,236282459843,"L"
264507,65,30,0,0,DOWN,236330729843,"A"
264507,65,30,0,0,UP,236370676143,"A"
264507,78,49,0,0,DOWN,236434722943,"N"
264507,78,49,0,0,UP,236490651443,"N"
264507,68,32,0,0,DOWN,236530692443,"D"
264507,70,33,0,0,DOWN,236634702043,"F"
264507,68,32,0,0,UP,236650430243,"D"
264507,70,33,0,0,UP,236706656743,"F"
264507,72,35,0,0,DOWN,236730736943,"H"
264507,72,35,0,0,UP,236826672943,"H"
264507,66,48,0,0,DOWN,236834467343,"B"
264507,85,22,0,0,DOWN,236930660643,"U"
264507,66,48,0,0,UP,236946650843,"B"
264507,82,19,0,0,DOWN,237026704443,"R"
264507,85,22,0,0,UP,237034679743,"U"
264507,71,34,0,0,DOWN,237130751943,"G"
264507,82,19,0,0,UP,237146637143,"R"
264507,71,34,0,0,UP,237234716443,"G"
264507,69,18,0,0,DOWN,237235705143,"E"
264507,78,49,0,0,DOWN,237330715743,"N"
264507,69,18,0,0,UP,237338647643,"E"
264507,78,49,0,0,UP,237386708443,"N"
264507,76,38,0,0,DOWN,237426727643,"L"
264507,76,38,0,0,UP,237490587543,"L"
264507,65,30,0,0,DOWN,237530707743,"A"
264507,65,30,0,0,UP,237570724843,"A"
264507,78,49,0,0,DOWN,237626757743,"N"
264507,78,49,0,0,UP,237682707343,"N"
264507,68,32,0,0,DOWN,237730716843,"D"
264507,70,33,0,0,DOWN,237826558343,"F"
264507,68,32,0,0,UP,237842391543,"D"
264507,70,33,0,0,UP,237906709243,"F"
264507,72,35,0,0,DOWN,237930684643,"H"
264507,72,35,0,0,UP,238034631343,"H"
264507,66,48,0,0,DOWN,238035611443,"B"
264507,85,22,0,0,DOWN,238130696643,"U"
264507,66,48,0,0,UP,238154803043,"B"
264507,82,19,0,0,DOWN,238234479643,"R"
264507,85,22,0,0,UP,238242642143,"U"
264507,71,34,0,0,DOWN,238330714543,"G"
264507,82,19,0,0,UP,238346694043,"R"
264507,71,34,0,0,UP,238434554143,"G"
264507,69,18,0,0,DOWN,238435536043,"E"
264507,69,18,0,0,UP,238530668643,"E"
264507,78,49,0,0,DOWN,238531531543,"N"
264507,78,49,0,0,UP,238594729343,"N"
264507,76,38,0,0,DOWN,238634577943,"L"
264507,76,38,0,0,UP,238690821343,"L"
264507,65,30,0,0,DOWN,238730776843,"A"
264507,65,30,0,0,UP,238770761343,"A"
264507,78,49,0,0,DOWN,238834497343,"N"
264507,78,49,0,0,UP,238874747043,"N"
264507,68,32,0,0,DOWN,238930736743,"D"
264507,70,33,0,0,DOWN,239026750743,"F"
264507,68,32,0,0,UP,239042711243,"D"
264507,70,33,0,0,UP,239106734543,"F"
264507,72,35,0,0,DOWN,239130752743,"H"
264507,66,48,0,0,DOWN,239226789743,"B"
264507,72,35,0,0,UP,239234499743,"H"
264507,85,22,0,0,DOWN,239330748243,"U"
264507,66,48,0,0,UP,239346730943,"B"
264507,82,19,0,0,DOWN,239426709143,"R"
264507,85,22,0,0,UP,239434498843,"U"
264507,71,34,0,0,DOWN,239530708643,"G"
264507,82,19,0,0,UP,239546739243,"R"
264507,71,34,0,0,UP,239634664943,"G"
264507,69,18,0,0,DOWN,239635487043,"E"
264507,78,49,0,0,DOWN,239730745543,"N"
264507,69,18,0,0,UP,239738682543,"E"
264507,78,49,0,0,UP,239786520143,"N"
264507,76,38,0,0,DOWN,239826740343,"L"
264507,76,38,0,0,UP,239890716343,"L"
264507,65,30,0,0,DOWN,239930750343,"A"
264507,65,30,0,0,UP,239978744743,"A"
264507,78,49,0,0,DOWN,240026722943,"N"
264507,78,49,0,0,UP,240082726643,"N"
264507,68,32,0,0,DOWN,240130760143,"D"
264507,70,33,0,0,DOWN,240226725543,"F"
264507,68,32,0,0,UP,240242691143,"D"
264507,70,33,0,0,UP,240306749943,"F"
264507,72,35,0,0,DOWN,240330720343,"H"
264507,72,35,0,0,UP,240434875443,"H"
264507,66,48,0,0,DOWN,240435840243,"B"
264507,85,22,0,0,DOWN,240530728943,"U"
264507,66,48,0,0,UP,240554722943,"B"
264507,82,19,0,0,DOWN,240634815543,"R"
264507,85,22,0,0,UP,240642720843,"U"
264507,71,34,0,0,DOWN,240730741843,"G"
264507,82,19,0,0,UP,240754677743,"R"
264507,69,18,0,0,DOWN,240834794043,"E"
264507,71,34,0,0,UP,240842718443,"G"
264507,69,18,0,0,UP,240930727843,"E"
264507,78,49,0,0,DOWN,240931363743,"N"
264507,78,49,0,0,UP,240986496543,"N"
264507,76,38,0,0,DOWN,241026737643,"L"
264507,76,38,0,0,UP,241090721543,"L"
264507,65,30,0,0,DOWN,241130725343,"A"
264507,65,30,0,0,UP,241170583343,"A"
264507,78,49,0,0,DOWN,241226768943,"N"
264507,78,49,0,0,UP,241274718843,"N"
264507,68,32,0,0,DOWN,241330767043,"D"
264507,70,33,0,0,DOWN,241426751143,"F"
264507,68,32,0,0,UP,241442736343,"D"
264507,70,33,0,0,UP,241506794243,"F"
264507,72,35,0,0,DOWN,241530775943,"H"
264507,72,35,0,0,UP,241626728943,"H"
264507,66,48,0,0,DOWN,241627461343,"B"
264507,85,22,0,0,DOWN,241730529943,"U"
264507,66,48,0,0,UP,241746736443,"B"
264507,82,19,0,0,DOWN,241826748343,"R"
264507,85,22,0,0,UP,241842747243,"U"
264507,71,34,0,0,DOWN,241930804043,"G"
264507,82,19,0,0,UP,241946781343,"R"
264507,71,34,0,0,UP,242026853143,"G"
264507,69,18,0,0,DOWN,242027838843,"E"
264507,69,18,0,0,UP,242130723543,"E"
264507,78,49,0,0,DOWN,242131447943,"N"
264507,78,49,0,0,UP,242186570043,"N"
264507,76,38,0,0,DOWN,242226713643,"L"
264507,76,38,0,0,UP,242290695943,"L"
264507,65,30,0,0,DOWN,242330730043,"A"
264507,65,30,0,0,UP,242370641243,"A"
264507,78,49,0,0,DOWN,242434714843,"N"
264507,78,49,0,0,UP,242482599743,"N"
264507,68,32,0,0,DOWN,242530727643,"D"
264507,70,33,0,0,DOWN,242634764343,"F"
264507,68,32,0,0,UP,242642708343,"D"
264507,70,33,0,0,UP,242698764243,"F"
264507,72,35,0,0,DOWN,242730778343,"H"
264507,72,35,0,0,UP,242834432543,"H"
264507,66,48,0,0,DOWN,242835467243,"B"
264507,85,22,0,0,DOWN,242930763443,"U"
264507,66,48,0,0,UP,242946763943,"B"
264507,82,19,0,0,DOWN,243034743543,"R"
264507,85,22,0,0,UP,243042720943,"U"
264507,71,34,0,0,DOWN,243130743443,"G"
264507,82,19,0,0,UP,243147001743,"R"
264507,69,18,0,0,DOWN,243234725643,"E"
264507,71,34,0,0,UP,243242710543,"G"
264507,69,18,0,0,UP,243330793143,"E"
264507,78,49,0,0,DOWN,243331826043,"N"
264507,78,49,0,0,UP,243386787643,"N"
264507,76,38,0,0,DOWN,243426762143,"L"
264507,76,38,0,0,UP,243490650243,"L"
264507,65,30,0,0,DOWN,243530746343,"A"
264507,65,30,0,0,UP,243570734943,"A"
264507,78,49,0,0,DOWN,243626735343,"N"
264507,78,49,0,0,UP,243682757343,"N"
264507,68,32,0,0,DOWN,243730770743,"D"
264507,70,33,0,0,DOWN,243826829743,"F"
264507,68,32,0,0,UP,243842805843,"D"
264507,70,33,0,0,UP,243906764943,"F"
264507,72,35,0,0,DOWN,243930767243,"H"
264507,72,35,0,0,UP,244026788343,"H"
264507,66,48,0,0,DOWN,244027710943,"B"
264507,85,22,0,0,DOWN,244130753643,"U"
264507,66,48,0,0,UP,244146713343,"B"
264507,82,19,0,0,DOWN,244226789543,"R"
264507,85,22,0,0,UP,244242757643,"U"
264507,71,34,0,0,DOWN,244330744843,"G"
264507,82,19,0,0,UP,244346767043,"R"
264507,69,18,0,0,DOWN,244434783243,"E"
264507,71,34,0,0,UP,244442750743,"G"
264507,69,18,0,0,UP,244530763043,"E"
264507,78,49,0,0,DOWN,244531616643,"N"
264507,78,49,0,0,UP,244586439043,"N"
264507,76,38,0,0,DOWN,244634725743,"L"
264507,76,38,0,0,UP,244682754643,"L"
264507,65,30,0,0,DOWN,244730756243,"A"
264507,65,30,0,0,UP,244770779943,"A"
264507,78,49,0,0,DOWN,244834554243,"N"
264507,78,49,0,0,UP,244882731843,"N"
264507,68,32,0,0,DOWN,244930763143,"D"
264507,70,33,0,0,DOWN,245034822743,"F"
264507,68,32,0,0,UP,245050844543,"D"
264507,70,33,0,0,UP,245098784543,"F"
264507,72,35,0,0,DOWN,245130770343,"H"
264507,72,35,0,0,UP,245234819143,"H"
264507,66,48,0,0,DOWN,245235825943,"B"
264507,85,22,0,0,DOWN,245330792143,"U"
264507,66,48,0,0,UP,245354965843,"B"
264507,82,19,0,0,DOWN,245426608043,"R"
264507,85,22,0,0,UP,245434523943,"U"
264507,71,34,0,0,DOWN,245530758743,"G"
264507,82,19,0,0,UP,245546775443,"R"
264507,71,34,0,0,UP,245634767143,"G"
264507,69,18,0,0,DOWN,245635792343,"E"
264507,78,49,0,0,DOWN,245730773943,"N"
264507,69,18,0,0,UP,245738809643,"E"
264507,78,49,0,0,UP,245786790943,"N"
264507,76,38,0,0,DOWN,245826793843,"L"
264507,76,38,0,0,UP,245890534643,"L"
264507,65,30,0,0,DOWN,245930779143,"A"
264507,65,30,0,0,UP,245970789243,"A"
264507,78,49,0,0,DOWN,246026833643,"N"
264507,78,49,0,0,UP,246082787143,"N"
264507,68,32,0,0,DOWN,246130777243,"D"
264507,70,33,0,0,DOWN,246226817643,"F"
264507,68,32,0,0,UP,246242746943,"D"
264507,70,33,0,0,UP,246306540543,"F"
264507,72,35,0,0,DOWN,246330797543,"H"
264507,72,35,0,0,UP,246434482843,"H"
264507,66,48,0,0,DOWN,246435016543,"B"
264507,85,22,0,0,DOWN,246530773443,"U"
264507,66,48,0,0,UP,246554802943,"B"
264507,82,19,0,0,DOWN,246634811843,"R"
264507,85,22,0,0,UP,246642781343,"U"
264507,71,34,0,0,DOWN,246730827543,"G"
264507,82,19,0,0,UP,246746748943,"R"
264507,69,18,0,0,DOWN,246834825443,"E"
264507,71,34,0,0,UP,246842521743,"G"
264507,69,18,0,0,UP,246930805243,"E"
264507,78,49,0,0,DOWN,246938821443,"N"
264507,78,49,0,0,UP,246986809243,"N"
264507,76,38,0,0,DOWN,247034799343,"L"
264507,76,38,0,0,UP,247090571743,"L"
264507,65,30,0,0,DOWN,247130801443,"A"
264507,65,30,0,0,UP,247170786843,"A"
264507,78,49,0,0,DOWN,247234791143,"N"
264507,78,49,0,0,UP,247274548343,"N"
264507,68,32,0,0,DOWN,247330806143,"D"
264507,70,33,0,0,DOWN,247426761443,"F"
264507,68,32,0,0,UP,247442753743,"D"
264507,70,33,0,0,UP,247506683843,"F"
264507,72,35,0,0,DOWN,247530810943,"H"
264507,72,35,0,0,UP,247626809443,"H"
264507,66,48,0,0,DOWN,247627660643,"B"
264507,85,22,0,0,DOWN,247730753943,"U"
264507,66,48,0,0,UP,247746786143,"B"
264507,82,19,0,0,DOWN,247826761243,"R"
264507,85,22,0,0,UP,247834525843,"U"
264507,71,34,0,0,DOWN,247930808343,"G"
264507,82,19,0,0,UP,247946808743,"R"
264507,69,18,0,0,DOWN,248026875543,"E"
264507,71,34,0,0,UP,248034790643,"G"
264507,78,49,0,0,DOWN,248130839143,"N"
264507,69,18,0,0,UP,248138780843,"E"
264507,78,49,0,0,UP,248186791343,"N"
264507,76,38,0,0,DOWN,248226753443,"L"
264507,76,38,0,0,UP,248282800943,"L"
264507,65,30,0,0,DOWN,248330806843,"A"
264507,65,30,0,0,UP,248370783843,"A"
264507,78,49,0,0,DOWN,248426824743,"N"
264507,78,49,0,0,UP,248482813143,"N"
264507,68,32,0,0,DOWN,248530835243,"D"
264507,70,33,0,0,DOWN,248634786043,"F"
264507,68,32,0,0,UP,248642823043,"D"
264507,70,33,0,0,UP,248706817543,"F"
264507,72,35,0,0,DOWN,248730805243,"H"
264507,66,48,0,0,DOWN,248834799843,"B"
264507,72,35,0,0,UP,248842716643,"H"
264507,85,22,0,0,DOWN,248930811343,"U"
264507,66,48,0,0,UP,248954903143,"B"
264507,82,19,0,0,DOWN,249034788643,"R"
264507,85,22,0,0,UP,249042658943,"U"
264507,71,34,0,0,DOWN,249130809543,"G"
264507,82,19,0,0,UP,249146801743,"R"
264507,69,18,0,0,DOWN,249234831643,"E"
264507,71,34,0,0,UP,249242591643,"G"
264507,78,49,0,0,DOWN,249330808043,"N"
264507,69,18,0,0,UP,249338828943,"E"
264507,78,49,0,0,UP,249386846743,"N"
264507,76,38,0,0,DOWN,249426680543,"L"
264507,76,38,0,0,UP,249490793543,"L"
264507,65,30,0,0,DOWN,249530839143,"A"
264507,65,30,0,0,UP,249570816243,"A"
264507,78,49,0,0,DOWN,249626723043,"N"
264507,78,49,0,0,UP,249674829843,"N"
264507,68,32,0,0,DOWN,249730840343,"D"
264507,70,33,0,0,DOWN,249826780443,"F"
264507,68,32,0,0,UP,249842627143,"D"
264507,70,33,0,0,UP,249906791543,"F"
264507,72,35,0,0,DOWN,249930816343,"H"
264507,72,35,0,0,UP,250026845543,"H"
264507,66,48,0,0,DOWN,250027782743,"B"
264507,85,22,0,0,DOWN,250130800243,"U"
264507,66,48,0,0,UP,250146790143,"B"
264507,82,19,0,0,DOWN,250226812643,"R"
264507,85,22,0,0,UP,250242651543,"U"
264507,71,34,0,0,DOWN,250330779443,"G"
264507,82,19,0,0,UP,250346775743,"R"
264507,69,18,0,0,DOWN,250426808043,"E"
264507,71,34,0,0,UP,250434588343,"G"
264507,69,18,0,0,UP,250522786843,"E"
264507,78,49,0,0,DOWN,250530772943,"N"
264507,78,49,0,0,UP,250594787543,"N"
264507,76,38,0,0,DOWN,250634848443,"L"
264507,76,38,0,0,UP,250682806643,"L"
264507,65,30,0,0,DOWN,250730813943,"A"
264507,65,30,0,0,UP,250770848943,"A"
264507,78,49,0,0,DOWN,250834815243,"N"
264507,78,49,0,0,UP,250882874943,"N"
264507,68,32,0,0,DOWN,250930795643,"D"
264507,70,33,0,0,DOWN,251034819543,"F"
264507,68,32,0,0,UP,251042669543,"D"
264507,70,33,0,0,UP,251098824043,"F"
264507,72,35,0,0,DOWN,251130857943,"H"
264507,72,35,0,0,UP,251234842343,"H"
264507,66,48,0,0,DOWN,251235642643,"B"
264507,85,22,0,0,DOWN,251330840343,"U"
264507,66,48,0,0,UP,251346827643,"B"
264507,82,19,0,0,DOWN,251426578043,"R"
264507,85,22,0,0,UP,251434804943,"U"
264507,71,34,0,0,DOWN,251530812843,"G"
264507,82,19,0,0,UP,251546838643,"R"
264507,69,18,0,0,DOWN,251634830343,"E"
264507,71,34,0,0,UP,251642937843,"G"
264507,78,49,0,0,DOWN,251730822043,"N"
264507,69,18,0,0,UP,251738880343,"E"
264507,78,49,0,0,UP,251786798243,"N"
264507,76,38,0,0,DOWN,251826676643,"L"
264507,76,38,0,0,UP,251890837243,"L"
264507,65,30,0,0,DOWN,251930826843,"A"
264507,65,30,0,0,UP,251970819743,"A"
264507,78,49,0,0,DOWN,252026702743,"N"
264507,78,49,0,0,UP,252082809843,"N"
264507,68,32,0,0,DOWN,252130819943,"D"
264507,70,33,0,0,DOWN,252226743143,"F"
264507,68,32,0,0,UP,252234831843,"D"
264507,70,33,0,0,UP,252306849643,"F"
264507,72,35,0,0,DOWN,252330842943,"H"
264507,72,35,0,0,UP,252426850243,"H"
264507,66,48,0,0,DOWN,252428073443,"B"
264507,85,22,0,0,DOWN,252530880743,"U"
264507,66,48,0,0,UP,252554890343,"B"
264507,82,19,0,0,DOWN,252634836743,"R"
264507,85,22,0,0,UP,252642812943,"U"
264507,71,34,0,0,DOWN,252730816743,"G"
264507,82,19,0,0,UP,252754644343,"R"
264507,69,18,0,0,DOWN,252834850843,"E"
264507,71,34,0,0,UP,252842810843,"G"
264507,69,18,0,0,UP,252930888043,"E"
264507,78,49,0,0,DOWN,252931854943,"N"
264507,78,49,0,0,UP,252986858343,"N"
264507,76,38,0,0,DOWN,253034786843,"L"
264507,76,38,0,0,UP,253090810543,"L"
264507,65,30,0,0,DOWN,253130811743,"A"
264507,65,30,0,0,UP,253170862243,"A"
264507,78,49,0,0,DOWN,253234854043,"N"
264507,78,49,0,0,UP,253274809043,"N"
264507,68,32,0,0,DOWN,253330844743,"D"
264507,70,33,0,0,DOWN,253434836343,"F"
264507,68,32,0,0,UP,253442869343,"D"
264507,70,33,0,0,UP,253506847543,"F"
264507,72,35,0,0,DOWN,253530824543,"H"
264507,72,35,0,0,UP,253626554443,"H"
264507,66,48,0,0,DOWN,253627249143,"B"
264507,85,22,0,0,DOWN,253730862743,"U"
264507,66,48,0,0,UP,253746811443,"B"
264507,82,19,0,0,DOWN,253826920443,"R"
264507,85,22,0,0,UP,253834826743,"U"
264507,71,34,0,0,DOWN,253930842643,"G"
264507,82,19,0,0,UP,253946865843,"R"
264507,69,18,0,0,DOWN,254034841143,"E"
264507,71,34,0,0,UP,254042840243,"G"
264507,78,49,0,0,DOWN,254130854343,"N"
264507,69,18,0,0,UP,254138838443,"E"
264507,78,49,0,0,UP,254186857243,"N"
264507,76,38,0,0,DOWN,254226869243,"L"
264507,76,38,0,0,UP,254290868943,"L"
264507,65,30,0,0,DOWN,254330890043,"A"
264507,65,30,0,0,UP,254370856043,"A"
264507,78,49,0,0,DOWN,254426852943,"N"
264507,78,49,0,0,UP,254482605843,"N"
264507,68,32,0,0,DOWN,254530618043,"D"
264507,70,33,0,0,DOWN,254634848743,"F"
264507,68,32,0,0,UP,254642884043,"D"
264507,70,33,0,0,UP,254706865143,"F"
264507,72,35,0,0,DOWN,254730851043,"H"
264507,66,48,0,0,DOWN,254834833043,"B"
264507,72,35,0,0,UP,254842589343,"H"
264507,85,22,0,0,DOWN,254931006043,"U"
264507,66,48,0,0,UP,254946587543,"B"
264507,82,19,0,0,DOWN,255034863043,"R"
264507,85,22,0,0,UP,255042852043,"U"
264507,71,34,0,0,DOWN,255130888643,"G"
264507,82,19,0,0,UP,255154882743,"R"
264507,71,34,0,0,UP,255234874943,"G"
264507,69,18,0,0,DOWN,255235889543,"E"
264507,69,18,0,0,UP,255330841143,"E"
264507,78,49,0,0,DOWN,255331832443,"N"
264507,78,49,0,0,UP,255386633643,"N"
264507,76,38,0,0,DOWN,255426859843,"L"
264507,76,38,0,0,UP,255490854843,"L"
264507,65,30,0,0,DOWN,255530854143,"A"
264507,65,30,0,0,UP,255570868643,"A"
264507,78,49,0,0,DOWN,255626861643,"N"
264507,78,49,0,0,UP,255674897143,"N"
264507,68,32,0,0,DOWN,255730817043,"D"
264507,70,33,0,0,DOWN,255826833943,"F"
264507,68,32,0,0,UP,255842839143,"D"
264507,70,33,0,0,UP,255906861643,"F"
264507,72,35,0,0,DOWN,255930815243,"H"
264507,72,35,0,0,UP,256026899843,"H"
264507,66,48,0,0,DOWN,256027781043,"B"
264507,85,22,0,0,DOWN,256130894143,"U"
264507,66,48,0,0,UP,256154961843,"B"
264507,82,19,0,0,DOWN,256226906343,"R"
264507,85,22,0,0,UP,256234623343,"U"
264507,71,34,0,0,DOWN,256330834643,"G"
264507,82,19,0,0,UP,256346672243,"R"
264507,71,34,0,0,UP,256426859943,"G"
264507,69,18,0,0,DOWN,256427557643,"E"
264507,78,49,0,0,DOWN,256530515743,"N"
264507,69,18,0,0,UP,256538446543,"E"
264507,78,49,0,0,UP,256586676543,"N"
264507,76,38,0,0,DOWN,256626635743,"L"
264507,76,38,0,0,UP,256690376743,"L"
264507,65,30,0,0,DOWN,256730402943,"A"
264507,65,30,0,0,UP,256770415443,"A"
264507,78,49,0,0,DOWN,256834848243,"N"
264507,78,49,0,0,UP,256882636543,"N"
264507,68,32,0,0,DOWN,256930610843,"D"
264507,70,33,0,0,DOWN,257034857943,"F"
264507,68,32,0,0,UP,257042820543,"D"
264507,70,33,0,0,UP,257106831243,"F"
264507,72,35,0,0,DOWN,257130565843,"H"
264507,72,35,0,0,UP,257234879743,"H"
264507,66,48,0,0,DOWN,257235842043,"B"
264507,85,22,0,0,DOWN,257330669443,"U"
264507,66,48,0,0,UP,257354882143,"B"
264507,82,19,0,0,DOWN,257434842243,"R"
264507,85,22,0,0,UP,257442876543,"U"
264507,71,34,0,0,DOWN,257530662943,"G"
264507,82,19,0,0,UP,257546964943,"R"
264507,71,34,0,0,UP,257634909443,"G"
264507,69,18,0,0,DOWN,257635893943,"E"
264507,78,49,0,0,DOWN,257730671443,"N"
264507,69,18,0,0,UP,257738855843,"E"
264507,78,49,0,0,UP,257786843943,"N"
264507,76,38,0,0,DOWN,257826881543,"L"
264507,76,38,0,0,UP,257890862143,"L"
264507,65,30,0,0,DOWN,257930778043,"A"
264507,65,30,0,0,UP,257970872143,"A"
264507,78,49,0,0,DOWN,258026897243,"N"
264507,78,49,0,0,UP,258074916643,"N"
264507,68,32,0,0,DOWN,258130773143,"D"
264507,70,33,0,0,DOWN,258226901243,"F"
264507,68,32,0,0,UP,258242924743,"D"
264507,70,33,0,0,UP,258306891343,"F"
264507,72,35,0,0,DOWN,258330857143,"H"
264507,72,35,0,0,UP,258426905543,"H"
264507,66,48,0,0,DOWN,258427886343,"B"
264507,85,22,0,0,DOWN,258530931043,"U"
264507,66,48,0,0,UP,258546844143,"B"
264507,82,19,0,0,DOWN,258626845743,"R"
264507,85,22,0,0,UP,258634845243,"U"
264507,71,34,0,0,DOWN,258730945743,"G"
264507,82,19,0,0,UP,258746860143,"R"
264507,69,18,0,0,DOWN,258826642643,"E"
264507,71,34,0,0,UP,258842699043,"G"
264507,69,18,0,0,UP,258931028243,"E"
264507,78,49,0,0,DOWN,258932011943,"N"
264507,78,49,0,0,UP,258994892743,"N"
264507,76,38,0,0,DOWN,259034876543,"L"
264507,76,38,0,0,UP,259082944243,"L"
264507,65,30,0,0,DOWN,259131029143,"A"
264507,65,30,0,0,UP,259170914043,"A"
264507,78,49,0,0,DOWN,259234912743,"N"
264507,78,49,0,0,UP,259290702243,"N"
264507,68,32,0,0,DOWN,259330903243,"D"
264507,70,33,0,0,DOWN,259434900843,"F"
264507,68,32,0,0,UP,259442850643,"D"
264507,70,33,0,0,UP,259498650243,"F"
264507,72,35,0,0,DOWN,259530952643,"H"
264507,72,35,0,0,UP,259634775843,"H"
264507,66,48,0,0,DOWN,259635793243,"B"
264507,85,22,0,0,DOWN,259730858043,"U"
264507,66,48,0,0,UP,259746858043,"B"
264507,82,19,0,0,DOWN,259834859643,"R"
264507,85,22,0,0,UP,259842896443,"U"
264507,71,34,0,0,DOWN,259930910643,"G"
264507,82,19,0,0,UP,259946855643,"R"
264507,69,18,0,0,DOWN,260034924943,"E"
264507,71,34,0,0,UP,260042856143,"G"
264507,78,49,0,0,DOWN,260130849543,"N"
264507,69,18,0,0,UP,260146872843,"E"
264507,78,49,0,0,UP,260186894943,"N"
264507,76,38,0,0,DOWN,260226885243,"L"
264507,76,38,0,0,UP,260290895143,"L"
264507,65,30,0,0,DOWN,260330914643,"A"
264507,65,30,0,0,UP,260370876443,"A"
264507,78,49,0,0,DOWN,260426718943,"N"
264507,78,49,0,0,UP,260482731443,"N"
264507,68,32,0,0,DOWN,260530916343,"D"
264507,70,33,0,0,DOWN,260626918043,"F"
264507,68,32,0,0,UP,260642900443,"D"
264507,70,33,0,0,UP,260699054843,"F"
264507,72,35,0,0,DOWN,260730930543,"H"
264507,72,35,0,0,UP,260826920243,"H"
264507,66,48,0,0,DOWN,260827698743,"B"
264507,85,22,0,0,DOWN,260930938343,"U"
264507,66,48,0,0,UP,260946782743,"B"
264507,82,19,0,0,DOWN,261026664343,"R"
264507,85,22,0,0,UP,261042932343,"U"
264507,71,34,0,0,DOWN,261130885243,"G"
264507,82,19,0,0,UP,261146892643,"R"
264507,69,18,0,0,DOWN,261234719343,"E"
264507,71,34,0,0,UP,261242916043,"G"
264507,69,18,0,0,UP,261330897843,"E"
264507,78,49,0,0,DOWN,261331802443,"N"
264507,78,49,0,0,UP,261394654143,"N"
264507,76,38,0,0,DOWN,261434692743,"L"
264507,76,38,0,0,UP,261482769743,"L"
264507,65,30,0,0,DOWN,261530617143,"A"
264507,65,30,0,0,UP,261570927043,"A"
264507,78,49,0,0,DOWN,261634882743,"N"
264507,78,49,0,0,UP,261690889043,"N"
264507,68,32,0,0,DOWN,261730931443,"D"
264507,70,33,0,0,DOWN,261834657343,"F"
264507,68,32,0,0,UP,261850635243,"D"
264507,70,33,0,0,UP,261906910043,"F"
264507,72,35,0,0,DOWN,261930916443,"H"
264507,72,35,0,0,UP,262034907643,"H"
264507,66,48,0,0,DOWN,262035584443,"B"
264507,85,22,0,0,DOWN,262130923143,"U"
264507,66,48,0,0,UP,262154898443,"B"
264507,82,19,0,0,DOWN,262226889343,"R"
264507,85,22,0,0,UP,262234616943,"U"
264507,71,34,0,0,DOWN,262330897043,"G"
264507,82,19,0,0,UP,262346907343,"R"
264507,69,18,0,0,DOWN,262434659143,"E"
264507,71,34,0,0,UP,262442610943,"G"
264507,78,49,0,0,DOWN,262530907643,"N"
264507,69,18,0,0,UP,262538911843,"E"
264507,78,49,0,0,UP,262586852243,"N"
264507,76,38,0,0,DOWN,262626942343,"L"
264507,76,38,0,0,UP,262682978043,"L"
264507,65,30,0,0,DOWN,262731019743,"A"
264507,65,30,0,0,UP,262770868243,"A"
264507,78,49,0,0,DOWN,262826898643,"N"
264507,78,49,0,0,UP,262874879143,"N"
264507,68,32,0,0,DOWN,262930920743,"D"
264507,70,33,0,0,DOWN,263026924743,"F"
264507,68,32,0,0,UP,263042912343,"D"
264507,70,33,0,0,UP,263106904243,"F"
264507,72,35,0,0,DOWN,263130969343,"H"
264507,72,35,0,0,UP,263226659843,"H"
264507,66,48,0,0,DOWN,263227669343,"B"
264507,85,22,0,0,DOWN,263330927443,"U"
264507,66,48,0,0,UP,263354929043,"B"
264507,82,19,0,0,DOWN,263434731443,"R"
264507,85,22,0,0,UP,263442902243,"U"
264507,71,34,0,0,DOWN,263530927043,"G"
264507,82,19,0,0,UP,263546917843,"R"
264507,69,18,0,0,DOWN,263634693143,"E"
264507,71,34,0,0,UP,263642934943,"G"
264507,69,18,0,0,UP,263730967243,"E"
264507,78,49,0,0,DOWN,263731974343,"N"
264507,78,49,0,0,UP,263786910443,"N"
264507,76,38,0,0,DOWN,263834774243,"L"
264507,76,38,0,0,UP,263890906543,"L"
264507,65,30,0,0,DOWN,263930884243,"A"
264507,65,30,0,0,UP,263970897843,"A"
264507,78,49,0,0,DOWN,264034871443,"N"
264507,78,49,0,0,UP,264082888343,"N"
264507,68,32,0,0,DOWN,264130979043,"D"
264507,70,33,0,0,DOWN,264234981943,"F"
264507,68,32,0,0,UP,264242931843,"D"
264507,70,33,0,0,UP,264298971443,"F"
264507,72,35,0,0,DOWN,264330856543,"H"
264507,72,35,0,0,UP,264426955143,"H"
264507,66,48,0,0,DOWN,264434980043,"B"
264507,85,22,0,0,DOWN,264530942543,"U"
264507,66,48,0,0,UP,264554797943,"B"
264507,82,19,0,0,DOWN,264626946543,"R"
264507,85,22,0,0,UP,264635068543,"U"
264507,71,34,0,0,DOWN,264730923443,"G"
264507,82,19,0,0,UP,264746960443,"R"
264507,69,18,0,0,DOWN,264834949843,"E"
264507,71,34,0,0,UP,264842901443,"G"
264507,78,49,0,0,DOWN,264930978243,"N"
264507,69,18,0,0,UP,264938983343,"E"
264507,78,49,0,0,UP,264986997843,"N"
264507,76,38,0,0,DOWN,265026985543,"L"
264507,76,38,0,0,UP,265090949643,"L"
264507,65,30,0,0,DOWN,265131025643,"A"
264507,65,30,0,0,UP,265178955743,"A"
264507,78,49,0,0,DOWN,265226941643,"N"
264507,78,49,0,0,UP,265275143043,"N"
264507,68,32,0,0,DOWN,265330881243,"D"
264507,70,33,0,0,DOWN,265426941243,"F"
264507,68,32,0,0,UP,265442993143,"D"
264507,70,33,0,0,UP,265498669643,"F"
264507,72,35,0,0,DOWN,265530920143,"H"
264507,72,35,0,0,UP,265634963643,"H"
264507,66,48,0,0,DOWN,265635919343,"B"
264507,85,22,0,0,DOWN,265730939743,"U"
264507,66,48,0,0,UP,265754799843,"B"
264507,82,19,0,0,DOWN,265835023543,"R"
264507,85,22,0,0,UP,265842929143,"U"
264507,71,34,0,0,DOWN,265930961943,"G"
264507,82,19,0,0,UP,265954803343,"R"
264507,69,18,0,0,DOWN,266034954043,"E"
264507,71,34,0,0,UP,266042974743,"G"
264507,69,18,0,0,UP,266131007343,"E"
264507,78,49,0,0,DOWN,266131806243,"N"
264507,78,49,0,0,UP,266194933343,"N"
264507,76,38,0,0,DOWN,266234936143,"L"
264507,76,38,0,0,UP,266290942043,"L"
264507,65,30,0,0,DOWN,266330967943,"A"
264507,65,30,0,0,UP,266370764243,"A"
264507,78,49,0,0,DOWN,266434953943,"N"
264507,78,49,0,0,UP,266482956543,"N"
264507,68,32,0,0,DOWN,266530955943,"D"
264507,70,33,0,0,DOWN,266634982643,"F"
264507,68,32,0,0,UP,266642934143,"D"
264507,70,33,0,0,UP,266706972343,"F"
264507,72,35,0,0,DOWN,266730927043,"H"
264507,66,48,0,0,DOWN,266826909943,"B"
264507,72,35,0,0,UP,266834915343,"H"
264507,85,22,0,0,DOWN,266930730343,"U"
264507,66,48,0,0,UP,266954786643,"B"
264507,82,19,0,0,DOWN,267026985443,"R"
264507,85,22,0,0,UP,267042951043,"U"
264507,71,34,0,0,DOWN,267130964343,"G"
264507,82,19,0,0,UP,267146967543,"R"
264507,69,18,0,0,DOWN,267234976743,"E"
264507,71,34,0,0,UP,267242939143,"G"
264507,78,49,0,0,DOWN,267330987243,"N"
264507,69,18,0,0,UP,267338960443,"E"
264507,78,49,0,0,UP,267386840343,"N"
264507,76,38,0,0,DOWN,267426954943,"L"
264507,76,38,0,0,UP,267490938843,"L"
264507,65,30,0,0,DOWN,267530972543,"A"
264507,65,30,0,0,UP,267578912943,"A"
264507,78,49,0,0,DOWN,267626994043,"N"
264507,78,49,0,0,UP,267675003443,"N"
264507,68,32,0,0,DOWN,267730992343,"D"
264507,70,33,0,0,DOWN,267827007643,"F"
264507,68,32,0,0,UP,267842977143,"D"
264507,70,33,0,0,UP,267898971743,"F"
264507,72,35,0,0,DOWN,267930989143,"H"
264507,72,35,0,0,UP,268034974143,"H"
264507,66,48,0,0,DOWN,268035588343,"B"
264507,85,22,0,0,DOWN,268130922243,"U"
264507,66,48,0,0,UP,268154812043,"B"
264507,82,19,0,0,DOWN,268234937043,"R"
264507,85,22,0,0,UP,268242944243,"U"
264507,71,34,0,0,DOWN,268330988643,"G"
264507,82,19,0,0,UP,268346950143,"R"
264507,69,18,0,0,DOWN,268435019143,"E"
264507,71,34,0,0,UP,268442946143,"G"
264507,69,18,0,0,UP,268530974343,"E"
264507,78,49,0,0,DOWN,268531605843,"N"
264507,78,49,0,0,UP,268595025943,"N"
264507,76,38,0,0,DOWN,268634957243,"L"
264507,76,38,0,0,UP,268690984943,"L"
264507,65,30,0,0,DOWN,268730964343,"A"
264507,65,30,0,0,UP,268771091443,"A"
264507,78,49,0,0,DOWN,268834686743,"N"
264507,78,49,0,0,UP,268882930443,"N"
264507,68,32,0,0,DOWN,268930967043,"D"
264507,70,33,0,0,DOWN,269034983743,"F"
264507,68,32,0,0,UP,269042969643,"D"
264507,70,33,0,0,UP,269106967143,"F"
264507,72,35,0,0,DOWN,269130990443,"H"
264507,66,48,0,0,DOWN,269227001643,"B"
264507,72,35,0,0,UP,269234968543,"H"
264507,85,22,0,0,DOWN,269330967443,"U"
264507,66,48,0,0,UP,269346983443,"B"
264507,82,19,0,0,DOWN,269426992643,"R"
264507,85,22,0,0,UP,269442949443,"U"
264507,71,34,0,0,DOWN,269531057943,"G"
264507,82,19,0,0,UP,269546962743,"R"
264507,69,18,0,0,DOWN,269634944543,"E"
264507,71,34,0,0,UP,269642725543,"G"
264507,78,49,0,0,DOWN,269730959843,"N"
264507,69,18,0,0,UP,269738857543,"E"
264507,78,49,0,0,UP,269786953943,"N"
264507,76,38,0,0,DOWN,269826950243,"L"
264507,76,38,0,0,UP,269890957043,"L"
264507,65,30,0,0,DOWN,269930964443,"A"
264507,65,30,0,0,UP,269978956143,"A"
264507,78,49,0,0,DOWN,270026916143,"N"
264507,78,49,0,0,UP,270082981843,"N"
264507,68,32,0,0,DOWN,270130984743,"D"
264507,70,33,0,0,DOWN,270234994143,"F"
264507,68,32,0,0,UP,270243004343,"D"
264507,70,33,0,0,UP,270299012743,"F"
264507,72,35,0,0,DOWN,270331007143,"H"
264507,72,35,0,0,UP,270434944543,"H"
264507,66,48,0,0,DOWN,270435873743,"B"
264507,85,22,0,0,DOWN,270531029443,"U"
264507,66,48,0,0,UP,270547010743,"B"
264507,82,19,0,0,DOWN,270635023643,"R"
264507,85,22,0,0,UP,270651015043,"U"
264507,71,34,0,0,DOWN,270731024943,"G"
264507,82,19,0,0,UP,270747044143,"R"
264507,69,18,0,0,DOWN,270835036743,"E"
264507,71,34,0,0,UP,270850743543,"G"
264507,69,18,0,0,UP,270930957743,"E"
264507,78,49,0,0,DOWN,270938758643,"N"
264507,78,49,0,0,UP,270986955943,"N"
264507,76,38,0,0,DOWN,271026946943,"L"
264507,76,38,0,0,UP,271091033843,"L"
264507,65,30,0,0,DOWN,271130988043,"A"
264507,65,30,0,0,UP,271170995243,"A"
264507,78,49,0,0,DOWN,271234983143,"N"
264507,78,49,0,0,UP,271283020443,"N"
264507,68,32,0,0,DOWN,271330995343,"D"
264507,70,33,0,0,DOWN,271426975843,"F"
264507,68,32,0,0,UP,271442786143,"D"
264507,70,33,0,0,UP,271506682243,"F"
264507,72,35,0,0,DOWN,271531189343,"H"
264507,66,48,0,0,DOWN,271626976543,"B"
264507,72,35,0,0,UP,271634977343,"H"
264507,85,22,0,0,DOWN,271730979943,"U"
264507,66,48,0,0,UP,271747003543,"B"
264507,82,19,0,0,DOWN,271826978443,"R"
264507,85,22,0,0,UP,271835047843,"U"
264507,71,34,0,0,DOWN,271930774543,"G"
264507,82,19,0,0,UP,271946975943,"R"
264507,69,18,0,0,DOWN,272026998043,"E"
264507,71,34,0,0,UP,272034991343,"G"
264507,78,49,0,0,DOWN,272131046043,"N"
264507,69,18,0,0,UP,272139036543,"E"
264507,78,49,0,0,UP,272186983043,"N"
264507,76,38,0,0,DOWN,272226960743,"L"
264507,76,38,0,0,UP,272290794143,"L"
264507,65,30,0,0,DOWN,272331016643,"A"
264507,65,30,0,0,UP,272379048443,"A"
264507,78,49,0,0,DOWN,272426946843,"N"
264507,78,49,0,0,UP,272474808643,"N"
264507,68,32,0,0,DOWN,272531061643,"D"
264507,70,33,0,0,DOWN,272635042443,"F"
264507,68,32,0,0,UP,272642783843,"D"
264507,70,33,0,0,UP,272707064843,"F"
264507,72,35,0,0,DOWN,272731031443,"H"
264507,72,35,0,0,UP,272827022343,"H"
264507,66,48,0,0,DOWN,272834992543,"B"
264507,85,22,0,0,DOWN,272931016443,"U"
264507,66,48,0,0,UP,272947009943,"B"
264507,82,19,0,0,DOWN,273035067443,"R"
264507,85,22,0,0,UP,273042907843,"U"
264507,71,34,0,0,DOWN,273131018043,"G"
264507,82,19,0,0,UP,273147027343,"R"
264507,69,18,0,0,DOWN,273235045143,"E"
264507,71,34,0,0,UP,273242816743,"G"
264507,69,18,0,0,UP,273331039043,"E"
264507,78,49,0,0,DOWN,273331977543,"N"
264507,78,49,0,0,UP,273387006243,"N"
264507,76,38,0,0,DOWN,273426972443,"L"
264507,76,38,0,0,UP,273491222943,"L"
264507,65,30,0,0,DOWN,273530975443,"A"
264507,65,30,0,0,UP,273571002243,"A"
264507,78,49,0,0,DOWN,273626963343,"N"
264507,78,49,0,0,UP,273683010643,"N"
264507,68,32,0,0,DOWN,273731003243,"D"
264507,70,33,0,0,DOWN,273827006443,"F"
264507,68,32,0,0,UP,273842744843,"D"
264507,70,33,0,0,UP,273907026543,"F"
264507,72,35,0,0,DOWN,273931035743,"H"
264507,72,35,0,0,UP,274027046943,"H"
264507,66,48,0,0,DOWN,274027962143,"B"
264507,85,22,0,0,DOWN,274131025543,"U"
264507,66,48,0,0,UP,274147028043,"B"
264507,82,19,0,0,DOWN,274227005243,"R"
264507,85,22,0,0,UP,274235041043,"U"
264507,71,34,0,0,DOWN,274330989843,"G"
264507,82,19,0,0,UP,274347023743,"R"
264507,69,18,0,0,DOWN,274427054943,"E"
264507,71,34,0,0,UP,274435046243,"G"
264507,78,49,0,0,DOWN,274531022943,"N"
264507,69,18,0,0,UP,274539061743,"E"
264507,78,49,0,0,UP,274586998443,"N"
264507,76,38,0,0,DOWN,274626980943,"L"
264507,76,38,0,0,UP,274691018043,"L"
264507,65,30,0,0,DOWN,274730985143,"A"
264507,65,30,0,0,UP,274778963443,"A"
264507,78,49,0,0,DOWN,274834987143,"N"
264507,78,49,0,0,UP,274874977943,"N"
264507,68,32,0,0,DOWN,274931052343,"D"
264507,70,33,0,0,DOWN,275035110943,"F"
264507,68,32,0,0,UP,275042846643,"D"
264507,70,33,0,0,UP,275107014843,"F"
264507,72,35,0,0,DOWN,275131012543,"H"
264507,72,35,0,0,UP,275226773743,"H"
264507,66,48,0,0,DOWN,275235032043,"B"
264507,85,22,0,0,DOWN,275331051243,"U"
264507,66,48,0,0,UP,275347024943,"B"
264507,82,19,0,0,DOWN,275435070643,"R"
264507,85,22,0,0,UP,275442801343,"U"
264507,71,34,0,0,DOWN,275531039643,"G"
264507,82,19,0,0,UP,275547024543,"R"
264507,69,18,0,0,DOWN,275635093743,"E"
264507,71,34,0,0,UP,275642950843,"G"
264507,69,18,0,0,UP,275731100043,"E"
264507,78,49,0,0,DOWN,275731913143,"N"
264507,78,49,0,0,UP,275795037643,"N"
264507,76,38,0,0,DOWN,275826811543,"L"
264507,76,38,0,0,UP,275891012143,"L"
264507,65,30,0,0,DOWN,275931039943,"A"
264507,65,30,0,0,UP,275971029743,"A"
264507,78,49,0,0,DOWN,276026959143,"N"
264507,78,49,0,0,UP,276083005443,"N"
264507,68,32,0,0,DOWN,276131027143,"D"
264507,70,33,0,0,DOWN,276226880443,"F"
264507,68,32,0,0,UP,276243200143,"D"
264507,70,33,0,0,UP,276307004943,"F"
264507,72,35,0,0,DOWN,276331010443,"H"
264507,66,48,0,0,DOWN,276426826843,"B"
264507,72,35,0,0,UP,276442756243,"H"
264507,85,22,0,0,DOWN,276530947243,"U"
264507,66,48,0,0,UP,276547024443,"B"
264507,82,19,0,0,DOWN,276627051343,"R"
264507,85,22,0,0,UP,276635023443,"U"
264507,71,34,0,0,DOWN,276731052643,"G"
264507,82,19,0,0,UP,276747052043,"R"
264507,69,18,0,0,DOWN,276826758943,"E"
264507,71,34,0,0,UP,276835049743,"G"
264507,78,49,0,0,DOWN,276931033143,"N"
264507,69,18,0,0,UP,276939059143,"E"
264507,78,49,0,0,UP,276987046843,"N"
264507,76,38,0,0,DOWN,277027089243,"L"
264507,76,38,0,0,UP,277091032043,"L"
264507,65,30,0,0,DOWN,277131104143,"A"
264507,65,30,0,0,UP,277179030343,"A"
264507,78,49,0,0,DOWN,277235037343,"N"
264507,78,49,0,0,UP,277283028543,"N"
264507,68,32,0,0,DOWN,277331175943,"D"
264507,70,33,0,0,DOWN,277435097343,"F"
264507,68,32,0,0,UP,277442995343,"D"
264507,70,33,0,0,UP,277507038243,"F"
264507,72,35,0,0,DOWN,277531038943,"H"
264507,72,35,0,0,UP,277635034043,"H"
264507,66,48,0,0,DOWN,277635947443,"B"
264507,85,22,0,0,DOWN,277731003643,"U"
264507,66,48,0,0,UP,277755012043,"B"
264507,82,19,0,0,DOWN,277835083243,"R"
264507,85,22,0,0,UP,277842989343,"U"
264507,71,34,0,0,DOWN,277931046643,"G"
264507,82,19,0,0,UP,277947041143,"R"
264507,69,18,0,0,DOWN,278034869943,"E"
264507,71,34,0,0,UP,278043051643,"G"
264507,69,18,0,0,UP,278131045543,"E"
264507,78,49,0,0,DOWN,278147072443,"N"
264507,78,49,0,0,UP,278194881943,"N"
264507,76,38,0,0,DOWN,278227058943,"L"
264507,76,38,0,0,UP,278291053543,"L"
264507,65,30,0,0,DOWN,278331038543,"A"
264507,65,30,0,0,UP,278371046843,"A"
264507,78,49,0,0,DOWN,278427063543,"N"
264507,78,49,0,0,UP,278483085143,"N"
264507,68,32,0,0,DOWN,278530858843,"D"
264507,70,33,0,0,DOWN,278627048743,"F"
264507,68,32,0,0,UP,278643082443,"D"
264507,70,33,0,0,UP,278707033143,"F"
264507,72,35,0,0,DOWN,278731036643,"H"
264507,66,48,0,0,DOWN,278826889743,"B"
264507,72,35,0,0,UP,278835072643,"H"
264507,85,22,0,0,DOWN,278930995343,"U"
264507,66,48,0,0,UP,278947060643,"B"
264507,82,19,0,0,DOWN,279027032543,"R"
264507,85,22,0,0,UP,279034987743,"U"
264507,71,34,0,0,DOWN,279131050543,"G"
264507,82,19,0,0,UP,279146905343,"R"
264507,69,18,0,0,DOWN,279227114443,"E"
264507,71,34,0,0,UP,279234718543,"G"
264507,78,49,0,0,DOWN,279331094043,"N"
264507,69,18,0,0,UP,279338849043,"E"
264507,78,49,0,0,UP,279387058143,"N"
264507,76,38,0,0,DOWN,279435056943,"L"
264507,76,38,0,0,UP,279491056443,"L"
264507,65,30,0,0,DOWN,279531074743,"A"
264507,65,30,0,0,UP,279579015543,"A"
264507,78,49,0,0,DOWN,279634940443,"N"
264507,78,49,0,0,UP,279683040743,"N"
264507,68,32,0,0,DOWN,279731030543,"D"
264507,70,33,0,0,DOWN,279835042443,"F"
264507,68,32,0,0,UP,279851074943,"D"
264507,70,33,0,0,UP,279907053943,"F"
264507,72,35,0,0,DOWN,279931073243,"H"
264507,72,35,0,0,UP,280035083043,"H"
264507,66,48,0,0,DOWN,280036104943,"B"
264507,85,22,0,0,DOWN,280131075343,"U"
264507,66,48,0,0,UP,280155112643,"B"
264507,82,19,0,0,DOWN,280235096643,"R"
264507,85,22,0,0,UP,280243076843,"U"
264507,71,34,0,0,DOWN,280331075843,"G"
264507,82,19,0,0,UP,280346932243,"R"
264507,71,34,0,0,UP,280435068343,"G"
264507,69,18,0,0,DOWN,280435850043,"E"
264507,69,18,0,0,UP,280531050643,"E"
264507,78,49,0,0,DOWN,280531953643,"N"
264507,78,49,0,0,UP,280587025243,"N"
264507,76,38,0,0,DOWN,280627063243,"L"
264507,76,38,0,0,UP,280691079343,"L"
264507,65,30,0,0,DOWN,280731041343,"A"
264507,65,30,0,0,UP,280771016643,"A"
264507,78,49,0,0,DOWN,280827067743,"N"
264507,78,49,0,0,UP,280883023543,"N"
264507,68,32,0,0,DOWN,280930863843,"D"
264507,70,33,0,0,DOWN,281027046043,"F"
264507,68,32,0,0,UP,281043059443,"D"
264507,70,33,0,0,UP,281107061743,"F"
264507,72,35,0,0,DOWN,281130873143,"H"
264507,72,35,0,0,UP,281227084143,"H"
264507,66,48,0,0,DOWN,281227799443,"B"
264507,85,22,0,0,DOWN,281330789843,"U"
264507,66,48,0,0,UP,281346923643,"B"
264507,82,19,0,0,DOWN,281427093243,"R"
264507,85,22,0,0,UP,281435192143,"U"
264507,71,34,0,0,DOWN,281530842043,"G"
264507,82,19,0,0,UP,281547155643,"R"
264507,69,18,0,0,DOWN,281635084243,"E"
264507,71,34,0,0,UP,281642795143,"G"
264507,78,49,0,0,DOWN,281730824543,"N"
264507,69,18,0,0,UP,281739118243,"E"
264507,78,49,0,0,UP,281787046943,"N"
264507,76,38,0,0,DOWN,281835050243,"L"
264507,76,38,0,0,UP,281891096443,"L"
264507,65,30,0,0,DOWN,281930876843,"A"
264507,65,30,0,0,UP,281971053443,"A"
264507,78,49,0,0,DOWN,282034843343,"N"
264507,78,49,0,0,UP,282082988943,"N"
264507,68,32,0,0,DOWN,282130921443,"D"
264507,70,33,0,0,DOWN,282235128443,"F"
264507,68,32,0,0,UP,282243132443,"D"
264507,70,33,0,0,UP,282307087743,"F"
264507,72,35,0,0,DOWN,282330929343,"H"
264507,72,35,0,0,UP,282435088343,"H"
264507,66,48,0,0,DOWN,282435935343,"B"
264507,85,22,0,0,DOWN,282531090043,"U"
264507,66,48,0,0,UP,282555069643,"B"
264507,82,19,0,0,DOWN,282635069643,"R"
264507,85,22,0,0,UP,282643190443,"U"
264507,71,34,0,0,DOWN,282731144543,"G"
264507,82,19,0,0,UP,282747081943,"R"
264507,69,18,0,0,DOWN,282835105643,"E"
264507,71,34,0,0,UP,282843062743,"G"
264507,78,49,0,0,DOWN,282931221743,"N"
264507,69,18,0,0,UP,282938865343,"E"
264507,78,49,0,0,UP,282987079243,"N"
264507,76,38,0,0,DOWN,283027129943,"L"
264507,76,38,0,0,UP,283091055243,"L"
264507,65,30,0,0,DOWN,283130879943,"A"
264507,65,30,0,0,UP,283171112043,"A"
264507,78,49,0,0,DOWN,283227091643,"N"
264507,78,49,0,0,UP,283283037643,"N"
264507,68,32,0,0,DOWN,283331060143,"D"
264507,70,33,0,0,DOWN,283427061043,"F"
264507,68,32,0,0,UP,283443081043,"D"
264507,70,33,0,0,UP,283507085643,"F"
264507,72,35,0,0,DOWN,283531091643,"H"
264507,72,35,0,0,UP,283627076643,"H"
264507,66,48,0,0,DOWN,283628137743,"B"
264507,85,22,0,0,DOWN,283730805943,"U"
264507,66,48,0,0,UP,283746834943,"B"
264507,85,22,0,0,UP,283835122943,"U"
264507,82,19,0,0,DOWN,283836079043,"R"
264507,71,34,0,0,DOWN,283931096643,"G"
264507,82,19,0,0,UP,283946827543,"R"
264507,69,18,0,0,DOWN,284035071543,"E"
264507,71,34,0,0,UP,284043262743,"G"
264507,69,18,0,0,UP,284131148543,"E"
264507,78,49,0,0,DOWN,284132163343,"N"
264507,78,49,0,0,UP,284187064543,"N"
264507,76,38,0,0,DOWN,284235142143,"L"
264507,76,38,0,0,UP,284291074543,"L"
264507,65,30,0,0,DOWN,284331107843,"A"
264507,65,30,0,0,UP,284371129343,"A"
264507,78,49,0,0,DOWN,284435054643,"N"
264507,78,49,0,0,UP,284491064843,"N"
264507,68,32,0,0,DOWN,284531105643,"D"
264507,70,33,0,0,DOWN,284635090943,"F"
264507,68,32,0,0,UP,284643069543,"D"
264507,70,33,0,0,UP,284707078043,"F"
264507,72,35,0,0,DOWN,284731073243,"H"
264507,72,35,0,0,UP,284835127943,"H"
264507,66,48,0,0,DOWN,284835989243,"B"
264507,85,22,0,0,DOWN,284931119043,"U"
264507,66,48,0,0,UP,284947061343,"B"
264507,82,19,0,0,DOWN,285027113643,"R"
264507,85,22,0,0,UP,285034868143,"U"
264507,71,34,0,0,DOWN,285131129343,"G"
264507,82,19,0,0,UP,285146847143,"R"
264507,71,34,0,0,UP,285235128243,"G"
264507,69,18,0,0,DOWN,285236041043,"E"
264507,78,49,0,0,DOWN,285331147343,"N"
264507,69,18,0,0,UP,285339101243,"E"
264507,78,49,0,0,UP,285387093243,"N"
264507,76,38,0,0,DOWN,285427098043,"L"
264507,76,38,0,0,UP,285491118843,"L"
264507,65,30,0,0,DOWN,285531083043,"A"
264507,65,30,0,0,UP,285571095143,"A"
264507,78,49,0,0,DOWN,285627138443,"N"
264507,78,49,0,0,UP,285683201443,"N"
264507,68,32,0,0,DOWN,285731108243,"D"
264507,70,33,0,0,DOWN,285827074843,"F"
264507,68,32,0,0,UP,285843064543,"D"
264507,70,33,0,0,UP,285907083343,"F"
264507,72,35,0,0,DOWN,285931076243,"H"
264507,72,35,0,0,UP,286035096643,"H"
264507,66,48,0,0,DOWN,286035867943,"B"
264507,85,22,0,0,DOWN,286131106043,"U"
264507,66,48,0,0,UP,286155148343,"B"
264507,82,19,0,0,DOWN,286235134343,"R"
264507,85,22,0,0,UP,286243133943,"U"
264507,71,34,0,0,DOWN,286331020643,"G"
264507,82,19,0,0,UP,286346912843,"R"
264507,69,18,0,0,DOWN,286435083143,"E"
264507,71,34,0,0,UP,286443112943,"G"
264507,69,18,0,0,UP,286531090743,"E"
264507,78,49,0,0,DOWN,286531605843,"N"
264507,78,49,0,0,UP,286595110343,"N"
264507,76,38,0,0,DOWN,286635029543,"L"
264507,76,38,0,0,UP,286691136943,"L"
264507,65,30,0,0,DOWN,286731132543,"A"
264507,65,30,0,0,UP,286771090043,"A"
264507,78,49,0,0,DOWN,286834861143,"N"
264507,78,49,0,0,UP,286891143243,"N"
264507,68,32,0,0,DOWN,286931134143,"D"
264507,70,33,0,0,DOWN,287034828543,"F"
264507,68,32,0,0,UP,287043117943,"D"
264507,70,33,0,0,UP,287107115043,"F"
264507,72,35,0,0,DOWN,287131112743,"H"
264507,72,35,0,0,UP,287227159343,"H"
264507,66,48,0,0,DOWN,287228016343,"B"
264507,85,22,0,0,DOWN,287331081243,"U"
264507,66,48,0,0,UP,287355100643,"B"
264507,82,19,0,0,DOWN,287427117043,"R"
264507,85,22,0,0,UP,287443126843,"U"
264507,71,34,0,0,DOWN,287531102243,"G"
264507,82,19,0,0,UP,287547108343,"R"
264507,69,18,0,0,DOWN,287634929943,"E"
264507,71,34,0,0,UP,287642823643,"G"
264507,78,49,0,0,DOWN,287731125143,"N"
264507,69,18,0,0,UP,287739151843,"E"
264507,78,49,0,0,UP,287787187043,"N"
264507,76,38,0,0,DOWN,287827127543,"L"
264507,76,38,0,0,UP,287891120943,"L"
264507,65,30,0,0,DOWN,287931185443,"A"
264507,65,30,0,0,UP,287979097343,"A"
264507,78,49,0,0,DOWN,288027136143,"N"
264507,78,49,0,0,UP,288083124643,"N"
264507,68,32,0,0,DOWN,288131142843,"D"
264507,70,33,0,0,DOWN,288235039743,"F"
264507,68,32,0,0,UP,288243156443,"D"
264507,70,33,0,0,UP,288307150243,"F"
264507,72,35,0,0,DOWN,288331199543,"H"
264507,72,35,0,0,UP,288435151343,"H"
264507,66,48,0,0,DOWN,288435944143,"B"
264507,85,22,0,0,DOWN,288531138143,"U"
264507,66,48,0,0,UP,288547296443,"B"
264507,82,19,0,0,DOWN,288635161943,"R"
264507,85,22,0,0,UP,288651122143,"U"
264507,71,34,0,0,DOWN,288731165843,"G"
264507,82,19,0,0,UP,288747133343,"R"
264507,69,18,0,0,DOWN,288835194143,"E"
264507,71,34,0,0,UP,288851155143,"G"
264507,69,18,0,0,UP,288931111743,"E"
264507,78,49,0,0,DOWN,288939112243,"N"
264507,78,49,0,0,UP,288987137043,"N"
264507,76,38,0,0,DOWN,289027147343,"L"
264507,76,38,0,0,UP,289091132743,"L"
264507,65,30,0,0,DOWN,289131095243,"A"
264507,65,30,0,0,UP,289170936543,"A"
264507,78,49,0,0,DOWN,289235143143,"N"
264507,78,49,0,0,UP,289275141543,"N"
264507,68,32,0,0,DOWN,289331150543,"D"
264507,70,33,0,0,DOWN,289427136643,"F"
264507,68,32,0,0,UP,289443147743,"D"
264507,70,33,0,0,UP,289507176843,"F"
264507,72,35,0,0,DOWN,289531173743,"H"
264507,66,48,0,0,DOWN,289627002443,"B"
264507,72,35,0,0,UP,289635069943,"H"
264507,85,22,0,0,DOWN,289731202643,"U"
264507,66,48,0,0,UP,289747162143,"B"
264507,82,19,0,0,DOWN,289827155243,"R"
264507,85,22,0,0,UP,289835103243,"U"
264507,71,34,0,0,DOWN,289931120843,"G"
264507,82,19,0,0,UP,289947184843,"R"
264507,69,18,0,0,DOWN,290027137143,"E"
264507,71,34,0,0,UP,290035133443,"G"
264507,78,49,0,0,DOWN,290131130443,"N"
264507,69,18,0,0,UP,290139144143,"E"
264507,78,49,0,0,UP,290186910143,"N"
264507,76,38,0,0,DOWN,290227141143,"L"
264507,76,38,0,0,UP,290291133543,"L"
264507,65,30,0,0,DOWN,290331128843,"A"
264507,65,30,0,0,UP,290371008843,"A"
264507,78,49,0,0,DOWN,290434934543,"N"
264507,78,49,0,0,UP,290483161943,"N"
264507,68,32,0,0,DOWN,290531152243,"D"
264507,70,33,0,0,DOWN,290635161543,"F"
264507,68,32,0,0,UP,290643104743,"D"
264507,70,33,0,0,UP,290714875643,"F"
264507,72,35,0,0,DOWN,290731204343,"H"
264507,72,35,0,0,UP,290835151843,"H"
264507,66,48,0,0,DOWN,290836069943,"B"
264507,85,22,0,0,DOWN,290931159043,"U"
264507,66,48,0,0,UP,290947161543,"B"
264507,82,19,0,0,DOWN,291035142343,"R"
264507,85,22,0,0,UP,291042936943,"U"
264507,71,34,0,0,DOWN,291131124743,"G"
264507,82,19,0,0,UP,291147160643,"R"
264507,69,18,0,0,DOWN,291235128243,"E"
264507,71,34,0,0,UP,291243158543,"G"
264507,69,18,0,0,UP,291331284943,"E"
264507,78,49,0,0,DOWN,291332217543,"N"
264507,78,49,0,0,UP,291387119343,"N"
264507,76,38,0,0,DOWN,291426823443,"L"
264507,76,38,0,0,UP,291491108943,"L"
264507,65,30,0,0,DOWN,291531144343,"A"
264507,65,30,0,0,UP,291570923643,"A"
264507,78,49,0,0,DOWN,291627156143,"N"
264507,78,49,0,0,UP,291675121943,"N"
264507,68,32,0,0,DOWN,291731152143,"D"
264507,70,33,0,0,DOWN,291827195943,"F"
264507,68,32,0,0,UP,291843184043,"D"
264507,70,33,0,0,UP,291907142243,"F"
264507,72,35,0,0,DOWN,291931157643,"H"
264507,72,35,0,0,UP,292027195943,"H"
264507,66,48,0,0,DOWN,292028209943,"B"
264507,85,22,0,0,DOWN,292131340343,"U"
264507,66,48,0,0,UP,292147174243,"B"
264507,82,19,0,0,DOWN,292227167643,"R"
264507,85,22,0,0,UP,292235228343,"U"
264507,71,34,0,0,DOWN,292331177043,"G"
264507,82,19,0,0,UP,292347158443,"R"
264507,69,18,0,0,DOWN,292427167343,"E"
264507,71,34,0,0,UP,292443144743,"G"
264507,78,49,0,0,DOWN,292531148743,"N"
264507,69,18,0,0,UP,292538903243,"E"
264507,78,49,0,0,UP,292595162543,"N"
264507,76,38,0,0,DOWN,292635151443,"L"
264507,76,38,0,0,UP,292690900843,"L"
264507,65,30,0,0,DOWN,292731143043,"A"
264507,65,30,0,0,UP,292771207043,"A"
264507,78,49,0,0,DOWN,292835170243,"N"
264507,78,49,0,0,UP,292883158943,"N"
264507,68,32,0,0,DOWN,292931171543,"D"
264507,70,33,0,0,DOWN,293035187043,"F"
264507,68,32,0,0,UP,293043169943,"D"
264507,70,33,0,0,UP,293107140643,"F"
264507,72,35,0,0,DOWN,293131150143,"H"
264507,66,48,0,0,DOWN,293235235643,"B"
264507,72,35,0,0,UP,293242924743,"H"
264507,85,22,0,0,DOWN,293331189643,"U"
264507,66,48,0,0,UP,293355315843,"B"
264507,82,19,0,0,DOWN,293435132243,"R"
264507,85,22,0,0,UP,293443147143,"U"
264507,71,34,0,0,DOWN,293531173843,"G"
264507,82,19,0,0,UP,293547141943,"R"
264507,71,34,0,0,UP,293635206543,"G"
264507,69,18,0,0,DOWN,293636204443,"E"
264507,78,49,0,0,DOWN,293731199743,"N"
264507,69,18,0,0,UP,293738885443,"E"
264507,78,49,0,0,UP,293787195143,"N"
264507,76,38,0,0,DOWN,293826884143,"L"
264507,76,38,0,0,UP,293891169943,"L"
264507,65,30,0,0,DOWN,293931156443,"A"
264507,65,30,0,0,UP,293971158843,"A"
264507,78,49,0,0,DOWN,294027161943,"N"
264507,78,49,0,0,UP,294083152743,"N"
264507,68,32,0,0,DOWN,294131118043,"D"
264507,70,33,0,0,DOWN,294227211543,"F"
264507,68,32,0,0,UP,294243192243,"D"
264507,70,33,0,0,UP,294307086143,"F"
264507,72,35,0,0,DOWN,294331212943,"H"
264507,72,35,0,0,UP,294427199243,"H"
264507,66,48,0,0,DOWN,294428105343,"B"
264507,85,22,0,0,DOWN,294531177743,"U"
264507,66,48,0,0,UP,294547176143,"B"
264507,82,19,0,0,DOWN,294627228643,"R"
264507,85,22,0,0,UP,294634988343,"U"
264507,71,34,0,0,DOWN,294731167243,"G"
264507,82,19,0,0,UP,294747131843,"R"
264507,69,18,0,0,DOWN,294827226643,"E"
264507,71,34,0,0,UP,294835183743,"G"
264507,69,18,0,0,UP,294931184043,"E"
264507,78,49,0,0,DOWN,294932081643,"N"
264507,78,49,0,0,UP,294995167843,"N"
264507,76,38,0,0,DOWN,295035189143,"L"
264507,76,38,0,0,UP,295091176643,"L"
264507,65,30,0,0,DOWN,295131198443,"A"
264507,65,30,0,0,UP,295171213143,"A"
264507,78,49,0,0,DOWN,295235176643,"N"
264507,78,49,0,0,UP,295283224143,"N"
264507,68,32,0,0,DOWN,295331193343,"D"
264507,70,33,0,0,DOWN,295435191843,"F"
264507,68,32,0,0,UP,295443176143,"D"
264507,70,33,0,0,UP,295506964243,"F"
264507,72,35,0,0,DOWN,295531336043,"H"
264507,72,35,0,0,UP,295635213743,"H"
264507,66,48,0,0,DOWN,295636109043,"B"
264507,85,22,0,0,DOWN,295731206543,"U"
264507,66,48,0,0,UP,295747199643,"B"
264507,82,19,0,0,DOWN,295835198243,"R"
264507,85,22,0,0,UP,295843160643,"U"
264507,71,34,0,0,DOWN,295931165843,"G"
264507,82,19,0,0,UP,295947189443,"R"
264507,69,18,0,0,DOWN,296035196343,"E"
264507,71,34,0,0,UP,296042916543,"G"
264507,78,49,0,0,DOWN,296131223443,"N"
264507,69,18,0,0,UP,296139208543,"E"
264507,78,49,0,0,UP,296187224843,"N"
264507,76,38,0,0,DOWN,296227190043,"L"
264507,76,38,0,0,UP,296290957543,"L"
264507,65,30,0,0,DOWN,296331226743,"A"
264507,65,30,0,0,UP,296371184643,"A"
264507,78,49,0,0,DOWN,296427087143,"N"
264507,78,49,0,0,UP,296475130043,"N"
264507,68,32,0,0,DOWN,296531158443,"D"
264507,70,33,0,0,DOWN,296627172543,"F"
264507,68,32,0,0,UP,296642961643,"D"
264507,70,33,0,0,UP,296707189943,"F"
264507,72,35,0,0,DOWN,296731211443,"H"
264507,72,35,0,0,UP,296827218443,"H"
264507,66,48,0,0,DOWN,296828163143,"B"
264507,85,22,0,0,DOWN,296931228743,"U"
264507,66,48,0,0,UP,296947204843,"B"
264507,82,19,0,0,DOWN,297027179943,"R"
264507,85,22,0,0,UP,297043036243,"U"
264507,71,34,0,0,DOWN,297131272543,"G"
264507,82,19,0,0,UP,297155231643,"R"
264507,69,18,0,0,DOWN,297235290543,"E"
264507,71,34,0,0,UP,297242989343,"G"
264507,69,18,0,0,UP,297331195643,"E"
264507,78,49,0,0,DOWN,297331890643,"N"
264507,78,49,0,0,UP,297394955643,"N"
264507,76,38,0,0,DOWN,297435199043,"L"
264507,76,38,0,0,UP,297491271343,"L"
264507,65,30,0,0,DOWN,297531191643,"A"
264507,65,30,0,0,UP,297571229843,"A"
264507,78,49,0,0,DOWN,297635232443,"N"
264507,78,49,0,0,UP,297691207243,"N"
264507,68,32,0,0,DOWN,297730947843,"D"
264507,70,33,0,0,DOWN,297835192143,"F"
264507,68,32,0,0,UP,297851200443,"D"
264507,70,33,0,0,UP,297907204643,"F"
264507,72,35,0,0,DOWN,297931282243,"H"
264507,72,35,0,0,UP,298035305343,"H"
264507,66,48,0,0,DOWN,298036158043,"B"
264507,85,22,0,0,DOWN,298131209943,"U"
264507,66,48,0,0,UP,298147212643,"B"
264507,85,22,0,0,UP,298235211543,"U"
264507,82,19,0,0,DOWN,298236199443,"R"
264507,71,34,0,0,DOWN,298331229343,"G"
264507,82,19,0,0,UP,298347211143,"R"
264507,69,18,0,0,DOWN,298435175243,"E"
264507,71,34,0,0,UP,298443140343,"G"
264507,78,49,0,0,DOWN,298531212043,"N"
264507,69,18,0,0,UP,298539047443,"E"
264507,78,49,0,0,UP,298587218843,"N"
264507,76,38,0,0,DOWN,298627210843,"L"
264507,76,38,0,0,UP,298690967643,"L"
264507,65,30,0,0,DOWN,298731241943,"A"
264507,65,30,0,0,UP,298771196343,"A"
264507,78,49,0,0,DOWN,298827192243,"N"
264507,78,49,0,0,UP,298875359243,"N"
264507,68,32,0,0,DOWN,298931205643,"D"
264507,70,33,0,0,DOWN,299027192043,"F"
264507,68,32,0,0,UP,299042951743,"D"
264507,70,33,0,0,UP,299107196443,"F"
264507,72,35,0,0,DOWN,299131243743,"H"
264507,72,35,0,0,UP,299227030843,"H"
264507,66,48,0,0,DOWN,299228027043,"B"
264507,85,22,0,0,DOWN,299331233143,"U"
264507,66,48,0,0,UP,299355198043,"B"
264507,82,19,0,0,DOWN,299435206343,"R"
264507,85,22,0,0,UP,299443049243,"U"
264507,71,34,0,0,DOWN,299531215743,"G"
264507,82,19,0,0,UP,299555179743,"R"
264507,69,18,0,0,DOWN,299635251443,"E"
264507,71,34,0,0,UP,299643097643,"G"
264507,69,18,0,0,UP,299731209643,"E"
264507,78,49,0,0,DOWN,299731835143,"N"
264507,78,49,0,0,UP,299795186043,"N"
264507,76,38,0,0,DOWN,299835188843,"L"
264507,76,38,0,0,UP,299891224543,"L"
264507,65,30,0,0,DOWN,299931227943,"A"
264507,65,30,0,0,UP,299971224843,"A"
264507,78,49,0,0,DOWN,300035216443,"N"
264507,78,49,0,0,UP,300091195543,"N"
264507,68,32,0,0,DOWN,300131229443,"D"
264507,70,33,0,0,DOWN,300235215343,"F"
264507,68,32,0,0,UP,300243425243,"D"
264507,70,33,0,0,UP,300307236643,"F"
264507,72,35,0,0,DOWN,300331368743,"H"
264507,72,35,0,0,UP,300435262043,"H"
264507,66,48,0,0,DOWN,300436186543,"B"
264507,85,22,0,0,DOWN,300531246443,"U"
264507,66,48,0,0,UP,300555249143,"B"
264507,82,19,0,0,DOWN,300627119043,"R"
264507,85,22,0,0,UP,300635189243,"U"
264507,71,34,0,0,DOWN,300731191343,"G"
264507,82,19,0,0,UP,300747016743,"R"
264507,69,18,0,0,DOWN,300835222143,"E"
264507,71,34,0,0,UP,300843307043,"G"
264507,78,49,0,0,DOWN,300931203643,"N"
264507,69,18,0,0,UP,300939187943,"E"
264507,78,49,0,0,UP,300987233043,"N"
264507,76,38,0,0,DOWN,301027360543,"L"
264507,76,38,0,0,UP,301091246043,"L"
264507,65,30,0,0,DOWN,301131234543,"A"
264507,65,30,0,0,UP,301171173543,"A"
264507,78,49,0,0,DOWN,301227413043,"N"
264507,78,49,0,0,UP,301283197443,"N"
264507,68,32,0,0,DOWN,301331237043,"D"
264507,70,33,0,0,DOWN,301427286743,"F"
264507,68,32,0,0,UP,301443215843,"D"
264507,70,33,0,0,UP,301507259743,"F"
264507,72,35,0,0,DOWN,301531250643,"H"
264507,72,35,0,0,UP,301635262043,"H"
264507,66,48,0,0,DOWN,301636273043,"B"
264507,85,22,0,0,DOWN,301730936643,"U"
264507,66,48,0,0,UP,301755262743,"B"
264507,82,19,0,0,DOWN,301835393143,"R"
264507,85,22,0,0,UP,301843238343,"U"
264507,71,34,0,0,DOWN,301931252343,"G"
264507,82,19,0,0,UP,301955193743,"R"
264507,69,18,0,0,DOWN,302035247843,"E"
264507,71,34,0,0,UP,302043205743,"G"
264507,69,18,0,0,UP,302131260243,"E"
264507,78,49,0,0,DOWN,302132161543,"N"
264507,78,49,0,0,UP,302195115843,"N"
264507,76,38,0,0,DOWN,302235229643,"L"
264507,76,38,0,0,UP,302291242743,"L"
264507,65,30,0,0,DOWN,302331275043,"A"
264507,65,30,0,0,UP,302371312143,"A"
264507,78,49,0,0,DOWN,302435261743,"N"
264507,78,49,0,0,UP,302483249243,"N"
264507,68,32,0,0,DOWN,302531308643,"D"
264507,70,33,0,0,DOWN,302635252743,"F"
264507,68,32,0,0,UP,302643242043,"D"
264507,70,33,0,0,UP,302707263043,"F"
264507,72,35,0,0,DOWN,302731239843,"H"
264507,72,35,0,0,UP,302827297843,"H"
264507,66,48,0,0,DOWN,302835398543,"B"
264507,85,22,0,0,DOWN,302931235643,"U"
264507,66,48,0,0,UP,302955521943,"B"
264507,82,19,0,0,DOWN,303027253043,"R"
264507,85,22,0,0,UP,303043283843,"U"
264507,71,34,0,0,DOWN,303131226443,"G"
264507,82,19,0,0,UP,303146971743,"R"
264507,69,18,0,0,DOWN,303235262243,"E"
264507,71,34,0,0,UP,303243246543,"G"
264507,78,49,0,0,DOWN,303331272243,"N"
264507,69,18,0,0,UP,303339220343,"E"
264507,78,49,0,0,UP,303387299343,"N"
264507,76,38,0,0,DOWN,303427267143,"L"
264507,76,38,0,0,UP,303491222843,"L"
264507,65,30,0,0,DOWN,303531236743,"A"
264507,65,30,0,0,UP,303579162743,"A"
264507,78,49,0,0,DOWN,303627240143,"N"
264507,78,49,0,0,UP,303683209843,"N"
264507,68,32,0,0,DOWN,303731213443,"D"
264507,70,33,0,0,DOWN,303827254143,"F"
264507,68,32,0,0,UP,303843151143,"D"
264507,70,33,0,0,UP,303907243243,"F"
264507,72,35,0,0,DOWN,303931236143,"H"
264507,72,35,0,0,UP,304035268643,"H"
264507,66,48,0,0,DOWN,304036279643,"B"
264507,85,22,0,0,DOWN,304131224043,"U"
264507,66,48,0,0,UP,304155269143,"B"
264507,82,19,0,0,DOWN,304235245043,"R"
264507,85,22,0,0,UP,304243260043,"U"
264507,71,34,0,0,DOWN,304330995743,"G"
264507,82,19,0,0,UP,304346866143,"R"
264507,69,18,0,0,DOWN,304435244343,"E"
264507,71,34,0,0,UP,304443062943,"G"
264507,69,18,0,0,UP,304531279043,"E"
264507,78,49,0,0,DOWN,304531956543,"N"
264507,78,49,0,0,UP,304587258243,"N"
264507,76,38,0,0,DOWN,304635254343,"L"
264507,76,38,0,0,UP,304691255343,"L"
264507,65,30,0,0,DOWN,304731231443,"A"
264507,65,30,0,0,UP,304771222943,"A"
264507,78,49,0,0,DOWN,304835236943,"N"
264507,78,49,0,0,UP,304875294343,"N"
264507,68,32,0,0,DOWN,304931214743,"D"
264507,70,33,0,0,DOWN,305035320943,"F"
264507,68,32,0,0,UP,305043231443,"D"
264507,70,33,0,0,UP,305107331243,"F"
264507,72,35,0,0,DOWN,305131046343,"H"
264507,72,35,0,0,UP,305227284843,"H"
264507,66,48,0,0,DOWN,305235287143,"B"
264507,85,22,0,0,DOWN,305331029543,"U"
264507,66,48,0,0,UP,305355179443,"B"
264507,82,19,0,0,DOWN,305427276143,"R"
264507,85,22,0,0,UP,305435252643,"U"
264507,71,34,0,0,DOWN,305531030343,"G"
264507,82,19,0,0,UP,305547114043,"R"
264507,69,18,0,0,DOWN,305635043743,"E"
264507,71,34,0,0,UP,305643267843,"G"
264507,78,49,0,0,DOWN,305731032243,"N"
264507,69,18,0,0,UP,305739326843,"E"
264507,78,49,0,0,UP,305787312943,"N"
264507,76,38,0,0,DOWN,305827278943,"L"
264507,76,38,0,0,UP,305891252843,"L"
264507,65,30,0,0,DOWN,305931065043,"A"
264507,65,30,0,0,UP,305979254443,"A"
264507,78,49,0,0,DOWN,306027257843,"N"
264507,78,49,0,0,UP,306083255043,"N"
264507,68,32,0,0,DOWN,306131165543,"D"
264507,70,33,0,0,DOWN,306227274343,"F"
264507,68,32,0,0,UP,306243246943,"D"
264507,70,33,0,0,UP,306299243443,"F"
264507,72,35,0,0,DOWN,306331051243,"H"
264507,72,35,0,0,UP,306434922843,"H"
264507,66,48,0,0,DOWN,306435907743,"B"
264507,85,22,0,0,DOWN,306531092043,"U"
264507,66,48,0,0,UP,306555261443,"B"
264507,82,19,0,0,DOWN,306635279743,"R"
264507,85,22,0,0,UP,306643276943,"U"
264507,71,34,0,0,DOWN,306731220543,"G"
264507,82,19,0,0,UP,306739309043,"R"
264507,69,18,0,0,DOWN,306835264043,"E"
264507,71,34,0,0,UP,306851377243,"G"
264507,69,18,0,0,UP,306931454343,"E"
264507,78,49,0,0,DOWN,306939280643,"N"
264507,78,49,0,0,UP,306995266643,"N"
264507,76,38,0,0,DOWN,307035319143,"L"
264507,76,38,0,0,UP,307091252343,"L"
264507,65,30,0,0,DOWN,307131855143,"A"
264507,65,30,0,0,UP,307171300743,"A"
264507,78,49,0,0,DOWN,307235291543,"N"
264507,78,49,0,0,UP,307275401443,"N"
264507,68,32,0,0,DOWN,307331327643,"D"
264507,70,33,0,0,DOWN,307435232543,"F"
264507,68,32,0,0,UP,307443048743,"D"
264507,70,33,0,0,UP,307507111443,"F"
264507,72,35,0,0,DOWN,307531299043,"H"
264507,72,35,0,0,UP,307627311643,"H"
264507,66,48,0,0,DOWN,307635280643,"B"
264507,85,22,0,0,DOWN,307731262743,"U"
264507,66,48,0,0,UP,307755257143,"B"
264507,82,19,0,0,DOWN,307827291643,"R"
264507,85,22,0,0,UP,307835264543,"U"
264507,71,34,0,0,DOWN,307931303943,"G"
264507,82,19,0,0,UP,307947372443,"R"
264507,69,18,0,0,DOWN,308035278343,"E"
264507,71,34,0,0,UP,308043287143,"G"
264507,78,49,0,0,DOWN,308131284143,"N"
264507,69,18,0,0,UP,308139293343,"E"
264507,78,49,0,0,UP,308187264443,"N"
264507,76,38,0,0,DOWN,308227297243,"L"
264507,76,38,0,0,UP,308291286243,"L"
264507,65,30,0,0,DOWN,308331322243,"A"
264507,65,30,0,0,UP,308379275943,"A"
264507,78,49,0,0,DOWN,308427297843,"N"
264507,78,49,0,0,UP,308483087343,"N"
264507,68,32,0,0,DOWN,308531302343,"D"
264507,70,33,0,0,DOWN,308635299543,"F"
264507,68,32,0,0,UP,308643269243,"D"
264507,70,33,0,0,UP,308707302743,"F"
264507,72,35,0,0,DOWN,308731082743,"H"
264507,72,35,0,0,UP,308835309343,"H"
264507,66,48,0,0,DOWN,308835918343,"B"
264507,85,22,0,0,DOWN,308931289743,"U"
264507,66,48,0,0,UP,308947246343,"B"
264507,82,19,0,0,DOWN,309035280443,"R"
264507,85,22,0,0,UP,309043329243,"U"
264507,71,34,0,0,DOWN,309131385943,"G"
264507,82,19,0,0,UP,309155262643,"R"
264507,69,18,0,0,DOWN,309235291443,"E"
264507,71,34,0,0,UP,309243276043,"G"
264507,69,18,0,0,UP,309331295943,"E"
264507,78,49,0,0,DOWN,309339335943,"N"
264507,78,49,0,0,UP,309387273943,"N"
264507,76,38,0,0,DOWN,309435296043,"L"
264507,76,38,0,0,UP,309491326943,"L"
264507,65,30,0,0,DOWN,309531323543,"A"
264507,65,30,0,0,UP,309571361743,"A"
264507,78,49,0,0,DOWN,309635311043,"N"
264507,78,49,0,0,UP,309675280343,"N"
264507,68,32,0,0,DOWN,309731301843,"D"
264507,70,33,0,0,DOWN,309835277443,"F"
264507,68,32,0,0,UP,309843232443,"D"
264507,70,33,0,0,UP,309907279843,"F"
264507,72,35,0,0,DOWN,309931343143,"H"
264507,72,35,0,0,UP,310035303743,"H"
264507,66,48,0,0,DOWN,310036306043,"B"
264507,85,22,0,0,DOWN,310131269543,"U"
264507,66,48,0,0,UP,310155501043,"B"
264507,82,19,0,0,DOWN,310227353943,"R"
264507,85,22,0,0,UP,310235145743,"U"
264507,71,34,0,0,DOWN,310331292043,"G"
264507,82,19,0,0,UP,310347264543,"R"
264507,71,34,0,0,UP,310435274443,"G"
264507,69,18,0,0,DOWN,310435989743,"E"
264507,78,49,0,0,DOWN,310531268843,"N"
264507,69,18,0,0,UP,310539259343,"E"
264507,78,49,0,0,UP,310587347843,"N"
264507,76,38,0,0,DOWN,310627298343,"L"
264507,76,38,0,0,UP,310691322843,"L"
264507,65,30,0,0,DOWN,310731331643,"A"
264507,65,30,0,0,UP,310779365643,"A"
264507,78,49,0,0,DOWN,310827295643,"N"
264507,78,49,0,0,UP,310883326643,"N"
264507,68,32,0,0,DOWN,310931352243,"D"
264507,70,33,0,0,DOWN,311035073443,"F"
264507,68,32,0,0,UP,311043333143,"D"
264507,70,33,0,0,UP,311107311343,"F"
264507,72,35,0,0,DOWN,311131384243,"H"
264507,72,35,0,0,UP,311235127643,"H"
264507,66,48,0,0,DOWN,311235985843,"B"
264507,85,22,0,0,DOWN,311331340443,"U"
264507,66,48,0,0,UP,311355361743,"B"
264507,82,19,0,0,DOWN,311435138943,"R"
264507,85,22,0,0,UP,311443323443,"U"
264507,71,34,0,0,DOWN,311531348843,"G"
264507,82,19,0,0,UP,311547337343,"R"
264507,69,18,0,0,DOWN,311635069143,"E"
264507,71,34,0,0,UP,311643120343,"G"
264507,69,18,0,0,UP,311731317143,"E"
264507,78,49,0,0,DOWN,311732109243,"N"
264507,78,49,0,0,UP,311795336143,"N"
264507,76,38,0,0,DOWN,311835100843,"L"
264507,76,38,0,0,UP,311891321643,"L"
264507,65,30,0,0,DOWN,311931283843,"A"
264507,65,30,0,0,UP,311971150643,"A"
264507,78,49,0,0,DOWN,312035198243,"N"
264507,78,49,0,0,UP,312083332943,"N"
264507,68,32,0,0,DOWN,312131325743,"D"
264507,70,33,0,0,DOWN,312235170843,"F"
264507,68,32,0,0,UP,312243351243,"D"
264507,70,33,0,0,UP,312307331243,"F"
264507,72,35,0,0,DOWN,312331085843,"H"
264507,72,35,0,0,UP,312435273143,"H"
264507,66,48,0,0,DOWN,312436259443,"B"
264507,85,22,0,0,DOWN,312531363743,"U"
264507,66,48,0,0,UP,312547359743,"B"
264507,82,19,0,0,DOWN,312627399243,"R"
264507,85,22,0,0,UP,312643299343,"U"
264507,71,34,0,0,DOWN,312731320443,"G"
264507,82,19,0,0,UP,312747393443,"R"
264507,71,34,0,0,UP,312835482743,"G"
264507,69,18,0,0,DOWN,312836239343,"E"
264507,78,49,0,0,DOWN,312931370643,"N"
264507,69,18,0,0,UP,312939137343,"E"
264507,78,49,0,0,UP,312987345843,"N"
264507,76,38,0,0,DOWN,313027303843,"L"
264507,76,38,0,0,UP,313083326643,"L"
264507,65,30,0,0,DOWN,313131302943,"A"
264507,65,30,0,0,UP,313179347243,"A"
264507,78,49,0,0,DOWN,313227300143,"N"
264507,78,49,0,0,UP,313275374443,"N"
264507,68,32,0,0,DOWN,313331372643,"D"
264507,70,33,0,0,DOWN,313435418443,"F"
264507,68,32,0,0,UP,313443273143,"D"
264507,70,33,0,0,UP,313507418843,"F"
264507,72,35,0,0,DOWN,313531143643,"H"
264507,72,35,0,0,UP,313627373443,"H"
264507,66,48,0,0,DOWN,313635419443,"B"
264507,85,22,0,0,DOWN,313731390843,"U"
264507,66,48,0,0,UP,313755229243,"B"
264507,85,22,0,0,UP,313835403443,"U"
264507,82,19,0,0,DOWN,313836386843,"R"
264507,71,34,0,0,DOWN,313931357743,"G"
264507,82,19,0,0,UP,313947335843,"R"
264507,69,18,0,0,DOWN,314035346743,"E"
264507,71,34,0,0,UP,314043116043,"G"
264507,69,18,0,0,UP,314131378443,"E"
264507,78,49,0,0,DOWN,314132197743,"N"
264507,78,49,0,0,UP,314187096343,"N"
264507,76,38,0,0,DOWN,314235322943,"L"
264507,76,38,0,0,UP,314291336043,"L"
264507,65,30,0,0,DOWN,314331385743,"A"
264507,65,30,0,0,UP,314371079043,"A"
264507,78,49,0,0,DOWN,314435371943,"N"
264507,78,49,0,0,UP,314491307843,"N"
264507,68,32,0,0,DOWN,314531373843,"D"
264507,70,33,0,0,DOWN,314635364343,"F"
264507,68,32,0,0,UP,314643316943,"D"
264507,70,33,0,0,UP,314707408143,"F"
264507,72,35,0,0,DOWN,314731339943,"H"
264507,66,48,0,0,DOWN,314827331343,"B"
264507,72,35,0,0,UP,314835315943,"H"
264507,85,22,0,0,DOWN,314931360643,"U"
264507,66,48,0,0,UP,314947320343,"B"
264507,82,19,0,0,DOWN,315027331843,"R"
264507,85,22,0,0,UP,315035348943,"U"
264507,71,34,0,0,DOWN,315131362943,"G"
264507,82,19,0,0,UP,315147366443,"R"
264507,69,18,0,0,DOWN,315235353043,"E"
264507,71,34,0,0,UP,315243346043,"G"
264507,78,49,0,0,DOWN,315331384643,"N"
264507,69,18,0,0,UP,315339121543,"E"
264507,78,49,0,0,UP,315387110643,"N"
264507,76,38,0,0,DOWN,315427414043,"L"
264507,76,38,0,0,UP,315483327543,"L"
264507,65,30,0,0,DOWN,315531351243,"A"
264507,65,30,0,0,UP,315579337643,"A"
264507,78,49,0,0,DOWN,315627403943,"N"
264507,78,49,0,0,UP,315683343343,"N"
264507,68,32,0,0,DOWN,315731339743,"D"
264507,70,33,0,0,DOWN,315835312243,"F"
264507,68,32,0,0,UP,315843133643,"D"
264507,70,33,0,0,UP,315907341043,"F"
264507,72,35,0,0,DOWN,315931380843,"H"
264507,72,35,0,0,UP,316035398243,"H"
264507,66,48,0,0,DOWN,316036321143,"B"
264507,85,22,0,0,DOWN,316131116043,"U"
264507,66,48,0,0,UP,316147520643,"B"
264507,82,19,0,0,DOWN,316235377943,"R"
264507,85,22,0,0,UP,316251359343,"U"
264507,71,34,0,0,DOWN,316331386243,"G"
264507,82,19,0,0,UP,316347087643,"R"
264507,69,18,0,0,DOWN,316435360243,"E"
264507,71,34,0,0,UP,316451368743,"G"
264507,78,49,0,0,DOWN,316531378543,"N"
264507,69,18,0,0,UP,316539125843,"E"
264507,78,49,0,0,UP,316587376443,"N"
264507,76,38,0,0,DOWN,316635388343,"L"
264507,76,38,0,0,UP,316691366343,"L"
264507,65,30,0,0,DOWN,316731278243,"A"
264507,65,30,0,0,UP,316771399743,"A"
264507,78,49,0,0,DOWN,316835360043,"N"
264507,78,49,0,0,UP,316891389243,"N"
264507,68,32,0,0,DOWN,316931364643,"D"
264507,70,33,0,0,DOWN,317035368943,"F"
264507,68,32,0,0,UP,317043488743,"D"
264507,70,33,0,0,UP,317107349943,"F"
264507,72,35,0,0,DOWN,317131387543,"H"
264507,66,48,0,0,DOWN,317227359643,"B"
264507,72,35,0,0,UP,317235359843,"H"
264507,85,22,0,0,DOWN,317331329243,"U"
264507,66,48,0,0,UP,317347318943,"B"
264507,82,19,0,0,DOWN,317427331643,"R"
264507,85,22,0,0,UP,317443322643,"U"
264507,71,34,0,0,DOWN,317531443143,"G"
264507,82,19,0,0,UP,317547402143,"R"
264507,71,34,0,0,UP,317635451243,"G"
264507,69,18,0,0,DOWN,317636289143,"E"
264507,69,18,0,0,UP,317731384343,"E"
264507,78,49,0,0,DOWN,317732227743,"N"
264507,78,49,0,0,UP,317787381643,"N"
264507,76,38,0,0,DOWN,317827506843,"L"
264507,76,38,0,0,UP,317883372643,"L"
264507,65,30,0,0,DOWN,317931402743,"A"
264507,65,30,0,0,UP,317979346343,"A"
264507,78,49,0,0,DOWN,318027374543,"N"
264507,78,49,0,0,UP,318083357943,"N"
264507,68,32,0,0,DOWN,318131385943,"D"
264507,70,33,0,0,DOWN,318235364143,"F"
264507,68,32,0,0,UP,318243353843,"D"
264507,70,33,0,0,UP,318307368543,"F"
264507,72,35,0,0,DOWN,318331387243,"H"
264507,72,35,0,0,UP,318427364043,"H"
264507,66,48,0,0,DOWN,318435360643,"B"
264507,85,22,0,0,DOWN,318531341243,"U"
264507,66,48,0,0,UP,318555324243,"B"
264507,85,22,0,0,UP,318635400743,"U"
264507,82,19,0,0,DOWN,318636357443,"R"
264507,71,34,0,0,DOWN,318731174643,"G"
264507,82,19,0,0,UP,318747115143,"R"
264507,71,34,0,0,UP,318835373143,"G"
264507,69,18,0,0,DOWN,318836134943,"E"
264507,78,49,0,0,DOWN,318931364743,"N"
264507,69,18,0,0,UP,318939490043,"E"
264507,78,49,0,0,UP,318987357843,"N"
264507,76,38,0,0,DOWN,319035410743,"L"
264507,76,38,0,0,UP,319083376743,"L"
264507,65,30,0,0,DOWN,319131382943,"A"
264507,65,30,0,0,UP,319171367143,"A"
264507,78,49,0,0,DOWN,319235370043,"N"
264507,78,49,0,0,UP,319283402443,"N"
264507,68,32,0,0,DOWN,319331384643,"D"
264507,70,33,0,0,DOWN,319435353343,"F"
264507,68,32,0,0,UP,319443154743,"D"
264507,70,33,0,0,UP,319507149743,"F"
264507,72,35,0,0,DOWN,319531376043,"H"
264507,72,35,0,0,UP,319627445043,"H"
264507,66,48,0,0,DOWN,319628274443,"B"
264507,85,22,0,0,DOWN,319731351843,"U"
264507,66,48,0,0,UP,319747325143,"B"
264507,82,19,0,0,DOWN,319827353443,"R"
264507,85,22,0,0,UP,319835329743,"U"
264507,71,34,0,0,DOWN,319931378143,"G"
264507,82,19,0,0,UP,319939356143,"R"
264507,71,34,0,0,UP,320027377443,"G"
264507,69,18,0,0,DOWN,320035141143,"E"
264507,69,18,0,0,UP,320131170943,"E"
264507,78,49,0,0,DOWN,320132037143,"N"
264507,78,49,0,0,UP,320195391443,"N"
264507,76,38,0,0,DOWN,320227455643,"L"
264507,76,38,0,0,UP,320291124143,"L"
264507,65,30,0,0,DOWN,320331393143,"A"
264507,65,30,0,0,UP,320379339143,"A"
264507,78,49,0,0,DOWN,320435399843,"N"
264507,78,49,0,0,UP,320483424543,"N"
264507,68,32,0,0,DOWN,320531425343,"D"
264507,70,33,0,0,DOWN,320635393443,"F"
264507,68,32,0,0,UP,320643165843,"D"
264507,70,33,0,0,UP,320707536643,"F"
264507,72,35,0,0,DOWN,320731386843,"H"
264507,72,35,0,0,UP,320835404143,"H"
264507,66,48,0,0,DOWN,320836211543,"B"
264507,85,22,0,0,DOWN,320931424543,"U"
264507,66,48,0,0,UP,320947179843,"B"
264507,82,19,0,0,DOWN,321035400243,"R"
264507,85,22,0,0,UP,321043089043,"U"
264507,71,34,0,0,DOWN,321131436943,"G"
264507,82,19,0,0,UP,321147426143,"R"
264507,69,18,0,0,DOWN,321235399343,"E"
264507,71,34,0,0,UP,321243156243,"G"
264507,78,49,0,0,DOWN,321331362243,"N"
264507,69,18,0,0,UP,321339388643,"E"
264507,78,49,0,0,UP,321387129443,"N"
264507,76,38,0,0,DOWN,321435168443,"L"
264507,76,38,0,0,UP,321483222643,"L"
264507,65,30,0,0,DOWN,321531402143,"A"
264507,65,30,0,0,UP,321571401843,"A"
264507,78,49,0,0,DOWN,321635414843,"N"
264507,78,49,0,0,UP,321675281143,"N"
264507,68,32,0,0,DOWN,321731424843,"D"
264507,70,33,0,0,DOWN,321827174943,"F"
264507,68,32,0,0,UP,321843137343,"D"
264507,70,33,0,0,UP,321907398943,"F"
264507,72,35,0,0,DOWN,321931416743,"H"
264507,72,35,0,0,UP,322027444843,"H"
264507,66,48,0,0,DOWN,322028015743,"B"
264507,85,22,0,0,DOWN,322131397343,"U"
264507,66,48,0,0,UP,322147391643,"B"
264507,82,19,0,0,DOWN,322227377343,"R"
264507,85,22,0,0,UP,322235408843,"U"
264507,71,34,0,0,DOWN,322331442943,"G"
264507,82,19,0,0,UP,322347481043,"R"
264507,71,34,0,0,UP,322435399843,"G"
264507,69,18,0,0,DOWN,322436008843,"E"
264507,78,49,0,0,DOWN,322531422743,"N"
264507,69,18,0,0,UP,322539384843,"E"
264507,78,49,0,0,UP,322587400743,"N"
264507,76,38,0,0,DOWN,322627380543,"L"
264507,76,38,0,0,UP,322683383743,"L"
264507,65,30,0,0,DOWN,322731448743,"A"
264507,65,30,0,0,UP,322779384043,"A"
264507,78,49,0,0,DOWN,322835428243,"N"
264507,78,49,0,0,UP,322883184043,"N"
264507,68,32,0,0,DOWN,322931446943,"D"
264507,70,33,0,0,DOWN,323035422743,"F"
264507,68,32,0,0,UP,323043214143,"D"
264507,70,33,0,0,UP,323099480543,"F"
264507,72,35,0,0,DOWN,323131182443,"H"
264507,66,48,0,0,DOWN,323235430743,"B"
264507,72,35,0,0,UP,323243287943,"H"
264507,85,22,0,0,DOWN,323331406243,"U"
264507,66,48,0,0,UP,323347418843,"B"
264507,82,19,0,0,DOWN,323435403343,"R"
264507,85,22,0,0,UP,323443197243,"U"
264507,71,34,0,0,DOWN,323531450443,"G"
264507,82,19,0,0,UP,323547404543,"R"
264507,71,34,0,0,UP,323627219743,"G"
264507,69,18,0,0,DOWN,323635471243,"E"
264507,78,49,0,0,DOWN,323731446943,"N"
264507,69,18,0,0,UP,323747442243,"E"
264507,78,49,0,0,UP,323787102043,"N"
264507,76,38,0,0,DOWN,323827168543,"L"
264507,76,38,0,0,UP,323891405443,"L"
264507,65,30,0,0,DOWN,323931395143,"A"
264507,65,30,0,0,UP,323971458243,"A"
264507,78,49,0,0,DOWN,324027199243,"N"
264507,78,49,0,0,UP,324083416443,"N"
264507,68,32,0,0,DOWN,324131393943,"D"
264507,70,33,0,0,DOWN,324227181243,"F"
264507,68,32,0,0,UP,324243405543,"D"
264507,70,33,0,0,UP,324307454943,"F"
264507,72,35,0,0,DOWN,324331542043,"H"
264507,72,35,0,0,UP,324427257143,"H"
264507,66,48,0,0,DOWN,324427926043,"B"
264507,85,22,0,0,DOWN,324531413143,"U"
264507,66,48,0,0,UP,324547409943,"B"
264507,82,19,0,0,DOWN,324627204343,"R"
264507,85,22,0,0,UP,324635408743,"U"
264507,71,34,0,0,DOWN,324731457543,"G"
264507,82,19,0,0,UP,324747406243,"R"
264507,69,18,0,0,DOWN,324827185543,"E"
264507,71,34,0,0,UP,324835457343,"G"
264507,78,49,0,0,DOWN,324931438343,"N"
264507,69,18,0,0,UP,324939451343,"E"
264507,78,49,0,0,UP,324995453643,"N"
264507,76,38,0,0,DOWN,325035560643,"L"
264507,76,38,0,0,UP,325083481243,"L"
264507,65,30,0,0,DOWN,325131590243,"A"
264507,65,30,0,0,UP,325179419643,"A"
264507,78,49,0,0,DOWN,325235436343,"N"
264507,78,49,0,0,UP,325291432643,"N"
264507,68,32,0,0,DOWN,325331429343,"D"
264507,70,33,0,0,DOWN,325435395943,"F"
264507,68,32,0,0,UP,325451426243,"D"
264507,70,33,0,0,UP,325507432243,"F"
264507,72,35,0,0,DOWN,325531445943,"H"
264507,72,35,0,0,UP,325635525843,"H"
264507,66,48,0,0,DOWN,325636121243,"B"
264507,85,22,0,0,DOWN,325731146343,"U"
264507,66,48,0,0,UP,325747198343,"B"
264507,82,19,0,0,DOWN,325835474643,"R"
264507,85,22,0,0,UP,325843568843,"U"
264507,71,34,0,0,DOWN,325931263043,"G"
264507,82,19,0,0,UP,325947503143,"R"
264507,69,18,0,0,DOWN,326035452543,"E"
264507,71,34,0,0,UP,326043448843,"G"
264507,78,49,0,0,DOWN,326131431843,"N"
264507,69,18,0,0,UP,326139145443,"E"
264507,78,49,0,0,UP,326187430943,"N"
264507,76,38,0,0,DOWN,326227438343,"L"
264507,76,38,0,0,UP,326291384443,"L"
264507,65,30,0,0,DOWN,326331433743,"A"
264507,65,30,0,0,UP,326371474743,"A"
264507,78,49,0,0,DOWN,326427492743,"N"
264507,78,49,0,0,UP,326483428243,"N"
264507,68,32,0,0,DOWN,326531471543,"D"
264507,70,33,0,0,DOWN,326627423043,"F"
264507,68,32,0,0,UP,326643464443,"D"
264507,70,33,0,0,UP,326707478243,"F"
264507,72,35,0,0,DOWN,326731486743,"H"
264507,72,35,0,0,UP,326827451643,"H"
264507,66,48,0,0,DOWN,326828388143,"B"
264507,85,22,0,0,DOWN,326931448543,"U"
264507,66,48,0,0,UP,326947400443,"B"
264507,82,19,0,0,DOWN,327027429443,"R"
264507,85,22,0,0,UP,327035183343,"U"
264507,71,34,0,0,DOWN,327131431443,"G"
264507,82,19,0,0,UP,327147393843,"R"
264507,69,18,0,0,DOWN,327235508643,"E"
264507,71,34,0,0,UP,327243402043,"G"
264507,78,49,0,0,DOWN,327331336343,"N"
264507,69,18,0,0,UP,327339485543,"E"
264507,78,49,0,0,UP,327395303143,"N"
264507,76,38,0,0,DOWN,327435459343,"L"
264507,76,38,0,0,UP,327483414843,"L"
264507,65,30,0,0,DOWN,327531474843,"A"
264507,65,30,0,0,UP,327579333443,"A"
264507,78,49,0,0,DOWN,327635451243,"N"
264507,78,49,0,0,UP,327691205443,"N"
264507,68,32,0,0,DOWN,327731473743,"D"
264507,70,33,0,0,DOWN,327835524343,"F"
264507,68,32,0,0,UP,327843423143,"D"
264507,70,33,0,0,UP,327907474643,"F"
264507,72,35,0,0,DOWN,327931483343,"H"
264507,72,35,0,0,UP,328035467443,"H"
264507,66,48,0,0,DOWN,328036495743,"B"
264507,85,22,0,0,DOWN,328131427943,"U"
264507,66,48,0,0,UP,328147152043,"B"
264507,82,19,0,0,DOWN,328235427943,"R"
264507,85,22,0,0,UP,328243493243,"U"
264507,71,34,0,0,DOWN,328331502643,"G"
264507,82,19,0,0,UP,328347286543,"R"
264507,69,18,0,0,DOWN,328435474343,"E"
264507,71,34,0,0,UP,328443426443,"G"
264507,78,49,0,0,DOWN,328531430143,"N"
264507,69,18,0,0,UP,328539422343,"E"
264507,78,49,0,0,UP,328587452543,"N"
264507,76,38,0,0,DOWN,328627455543,"L"
264507,76,38,0,0,UP,328683460443,"L"
264507,65,30,0,0,DOWN,328731433443,"A"
264507,65,30,0,0,UP,328771471443,"A"
264507,78,49,0,0,DOWN,328827251543,"N"
264507,78,49,0,0,UP,328883453543,"N"
264507,68,32,0,0,DOWN,328939511943,"D"
264507,70,33,0,0,DOWN,329027497143,"F"
264507,68,32,0,0,UP,329043443843,"D"
264507,70,33,0,0,UP,329107448543,"F"
264507,72,35,0,0,DOWN,329131443943,"H"
264507,72,35,0,0,UP,329227544943,"H"
264507,66,48,0,0,DOWN,329228503543,"B"
264507,85,22,0,0,DOWN,329331302443,"U"
264507,66,48,0,0,UP,329347394943,"B"
264507,85,22,0,0,UP,329435518943,"U"
264507,82,19,0,0,DOWN,329436538143,"R"
264507,71,34,0,0,DOWN,329531273243,"G"
264507,82,19,0,0,UP,329547217643,"R"
264507,69,18,0,0,DOWN,329635375643,"E"
264507,71,34,0,0,UP,329643169743,"G"
264507,78,49,0,0,DOWN,329731206743,"N"
264507,69,18,0,0,UP,329739440943,"E"
264507,78,49,0,0,UP,329795459043,"N"
264507,76,38,0,0,DOWN,329835434543,"L"
264507,76,38,0,0,UP,329891457443,"L"
264507,65,30,0,0,DOWN,329931254443,"A"
264507,65,30,0,0,UP,329979248643,"A"
264507,78,49,0,0,DOWN,330035495443,"N"
264507,78,49,0,0,UP,330091494343,"N"
264507,68,32,0,0,DOWN,330131247243,"D"
264507,70,33,0,0,DOWN,330235475843,"F"
264507,68,32,0,0,UP,330243498143,"D"
264507,70,33,0,0,UP,330299506343,"F"
264507,72,35,0,0,DOWN,330331337843,"H"
264507,72,35,0,0,UP,330435476743,"H"
264507,66,48,0,0,DOWN,330436284843,"B"
264507,85,22,0,0,DOWN,330531370643,"U"
264507,66,48,0,0,UP,330555186843,"B"
264507,82,19,0,0,DOWN,330635457843,"R"
264507,85,22,0,0,UP,330643429643,"U"
264507,71,34,0,0,DOWN,330731309743,"G"
264507,82,19,0,0,UP,330747456543,"R"
264507,71,34,0,0,UP,330835513843,"G"
264507,69,18,0,0,DOWN,330836389243,"E"
264507,78,49,0,0,DOWN,330931425943,"N"
264507,69,18,0,0,UP,330939473743,"E"
264507,78,49,0,0,UP,330995467643,"N"
264507,76,38,0,0,DOWN,331027532843,"L"
264507,76,38,0,0,UP,331083359343,"L"
264507,65,30,0,0,DOWN,331131633843,"A"
264507,65,30,0,0,UP,331171469843,"A"
264507,78,49,0,0,DOWN,331227501643,"N"
264507,78,49,0,0,UP,331291479743,"N"
264507,68,32,0,0,DOWN,331339497943,"D"
264507,70,33,0,0,DOWN,331427478943,"F"
264507,68,32,0,0,UP,331443479443,"D"
264507,70,33,0,0,UP,331507514143,"F"
264507,72,35,0,0,DOWN,331531633043,"H"
264507,72,35,0,0,UP,331627528043,"H"
264507,66,48,0,0,DOWN,331628578843,"B"
264507,85,22,0,0,DOWN,331731607243,"U"
264507,66,48,0,0,UP,331755506443,"B"
264507,82,19,0,0,DOWN,331835514043,"R"
264507,85,22,0,0,UP,331843477543,"U"
264507,71,34,0,0,DOWN,331931527143,"G"
264507,82,19,0,0,UP,331947453343,"R"
264507,69,18,0,0,DOWN,332035508643,"E"
264507,71,34,0,0,UP,332043325943,"G"
264507,78,49,0,0,DOWN,332131514943,"N"
264507,69,18,0,0,UP,332139515243,"E"
264507,78,49,0,0,UP,332195505243,"N"
264507,76,38,0,0,DOWN,332235514343,"L"
264507,76,38,0,0,UP,332291482043,"L"
264507,65,30,0,0,DOWN,332331463743,"A"
264507,65,30,0,0,UP,332379494943,"A"
264507,78,49,0,0,DOWN,332435489043,"N"
264507,78,49,0,0,UP,332491433543,"N"
264507,68,32,0,0,DOWN,332531500743,"D"
264507,70,33,0,0,DOWN,332635502143,"F"
264507,68,32,0,0,UP,332643215743,"D"
264507,70,33,0,0,UP,332707498243,"F"
264507,72,35,0,0,DOWN,332731521243,"H"
264507,72,35,0,0,UP,332835532643,"H"
264507,66,48,0,0,DOWN,332836512743,"B"
264507,85,22,0,0,DOWN,332931513743,"U"
264507,66,48,0,0,UP,332947203943,"B"
264507,82,19,0,0,DOWN,333035454343,"R"
264507,85,22,0,0,UP,333043164143,"U"
264507,71,34,0,0,DOWN,333131498943,"G"
264507,82,19,0,0,UP,333139548843,"R"
264507,71,34,0,0,UP,333235539243,"G"
264507,69,18,0,0,DOWN,333236582543,"E"
264507,78,49,0,0,DOWN,333331525343,"N"
264507,69,18,0,0,UP,333339523543,"E"
264507,78,49,0,0,UP,333395538243,"N"
264507,76,38,0,0,DOWN,333427501643,"L"
264507,76,38,0,0,UP,333483284343,"L"
264507,65,30,0,0,DOWN,333531489343,"A"
264507,65,30,0,0,UP,333579515043,"A"
264507,78,49,0,0,DOWN,333627504943,"N"
264507,78,49,0,0,UP,333683327243,"N"
264507,68,32,0,0,DOWN,333739506043,"D"
264507,70,33,0,0,DOWN,333827518243,"F"
264507,68,32,0,0,UP,333843481643,"D"
264507,70,33,0,0,UP,333899535843,"F"
264507,72,35,0,0,DOWN,333931537343,"H"
264507,72,35,0,0,UP,334035487343,"H"
264507,66,48,0,0,DOWN,334036523243,"B"
264507,85,22,0,0,DOWN,334131514043,"U"
264507,66,48,0,0,UP,334155471743,"B"
264507,82,19,0,0,DOWN,334235488743,"R"
264507,85,22,0,0,UP,334243197743,"U"
264507,71,34,0,0,DOWN,334331259843,"G"
264507,82,19,0,0,UP,334339528643,"R"
264507,71,34,0,0,UP,334435535443,"G"
264507,69,18,0,0,DOWN,334436511343,"E"
264507,69,18,0,0,UP,334531547043,"E"
264507,78,49,0,0,DOWN,334532597643,"N"
264507,78,49,0,0,UP,334595220243,"N"
264507,76,38,0,0,DOWN,334635587643,"L"
264507,76,38,0,0,UP,334691519343,"L"
264507,65,30,0,0,DOWN,334731498143,"A"
264507,65,30,0,0,UP,334779503743,"A"
264507,78,49,0,0,DOWN,334835466943,"N"
264507,78,49,0,0,UP,334891576343,"N"
264507,68,32,0,0,DOWN,334931512643,"D"
264507,70,33,0,0,DOWN,335035262843,"F"
264507,68,32,0,0,UP,335043500243,"D"
264507,70,33,0,0,UP,335107507643,"F"
264507,72,35,0,0,DOWN,335131512343,"H"
264507,72,35,0,0,UP,335235355043,"H"
264507,66,48,0,0,DOWN,335236221743,"B"
264507,85,22,0,0,DOWN,335331538943,"U"
264507,66,48,0,0,UP,335347535543,"B"
264507,82,19,0,0,DOWN,335427526543,"R"
264507,85,22,0,0,UP,335443528943,"U"
264507,71,34,0,0,DOWN,335531497043,"G"
264507,82,19,0,0,UP,335547535143,"R"
264507,69,18,0,0,DOWN,335635414643,"E"
264507,71,34,0,0,UP,335643174443,"G"
264507,69,18,0,0,UP,335731246343,"E"
264507,78,49,0,0,DOWN,335731993043,"N"
264507,78,49,0,0,UP,335787265843,"N"
264507,76,38,0,0,DOWN,335827550843,"L"
264507,76,38,0,0,UP,335883486543,"L"
264507,65,30,0,0,DOWN,335931541843,"A"
264507,65,30,0,0,UP,335979534743,"A"
264507,78,49,0,0,DOWN,336027544943,"N"
264507,78,49,0,0,UP,336083524743,"N"
264507,68,32,0,0,DOWN,336131496843,"D"
264507,70,33,0,0,DOWN,336235395643,"F"
264507,68,32,0,0,UP,336243518743,"D"
264507,70,33,0,0,UP,336307501543,"F"
264507,72,35,0,0,DOWN,336331514643,"H"
264507,72,35,0,0,UP,336435276943,"H"
264507,66,48,0,0,DOWN,336436330043,"B"
264507,85,22,0,0,DOWN,336531309243,"U"
264507,66,48,0,0,UP,336555517743,"B"
264507,82,19,0,0,DOWN,336635493143,"R"
264507,85,22,0,0,UP,336643545843,"U"
264507,71,34,0,0,DOWN,336731517043,"G"
264507,82,19,0,0,UP,336747496643,"R"
264507,69,18,0,0,DOWN,336835490543,"E"
264507,71,34,0,0,UP,336843233643,"G"
264507,78,49,0,0,DOWN,336931284443,"N"
264507,69,18,0,0,UP,336939490043,"E"
264507,78,49,0,0,UP,336995539643,"N"
264507,76,38,0,0,DOWN,337035593643,"L"
264507,76,38,0,0,UP,337091531143,"L"
264507,65,30,0,0,DOWN,337131302543,"A"
264507,65,30,0,0,UP,337171348143,"A"
264507,78,49,0,0,DOWN,337235692543,"N"
264507,78,49,0,0,UP,337291516543,"N"
264507,68,32,0,0,DOWN,337331569143,"D"
264507,70,33,0,0,DOWN,337435653643,"F"
264507,68,32,0,0,UP,337443296443,"D"
264507,70,33,0,0,UP,337507514243,"F"
264507,72,35,0,0,DOWN,337531578543,"H"
264507,66,48,0,0,DOWN,337627537543,"B"
264507,72,35,0,0,UP,337635663743,"H"
264507,85,22,0,0,DOWN,337731524843,"U"
264507,66,48,0,0,UP,337747503443,"B"
264507,82,19,0,0,DOWN,337827552743,"R"
264507,85,22,0,0,UP,337843550943,"U"
264507,71,34,0,0,DOWN,337931598243,"G"
264507,82,19,0,0,UP,337947522143,"R"
264507,69,18,0,0,DOWN,338035527043,"E"
264507,71,34,0,0,UP,338043273443,"G"
264507,69,18,0,0,UP,338131499043,"E"
264507,78,49,0,0,DOWN,338132468143,"N"
264507,78,49,0,0,UP,338195594343,"N"
264507,76,38,0,0,DOWN,338227574843,"L"
264507,76,38,0,0,UP,338283519943,"L"
264507,65,30,0,0,DOWN,338331530543,"A"
264507,65,30,0,0,UP,338379565143,"A"
264507,78,49,0,0,DOWN,338435547243,"N"
264507,78,49,0,0,UP,338483542143,"N"
264507,68,32,0,0,DOWN,338531627943,"D"
264507,70,33,0,0,DOWN,338635591143,"F"
264507,68,32,0,0,UP,338643567343,"D"
264507,70,33,0,0,UP,338707526343,"F"
264507,72,35,0,0,DOWN,338731575743,"H"
264507,72,35,0,0,UP,338827590943,"H"
264507,66,48,0,0,DOWN,338835575443,"B"
264507,85,22,0,0,DOWN,338931565143,"U"
264507,66,48,0,0,UP,338955513043,"B"
264507,85,22,0,0,UP,339035516043,"U"
264507,82,19,0,0,DOWN,339036465943,"R"
264507,71,34,0,0,DOWN,339131580443,"G"
264507,82,19,0,0,UP,339147564143,"R"
264507,69,18,0,0,DOWN,339235551143,"E"
264507,71,34,0,0,UP,339243482443,"G"
264507,78,49,0,0,DOWN,339331555143,"N"
264507,69,18,0,0,UP,339339544243,"E"
264507,78,49,0,0,UP,339395597143,"N"
264507,76,38,0,0,DOWN,339427542843,"L"
264507,76,38,0,0,UP,339483596843,"L"
264507,65,30,0,0,DOWN,339531618743,"A"
264507,65,30,0,0,UP,339579565843,"A"
264507,78,49,0,0,DOWN,339635549943,"N"
264507,78,49,0,0,UP,339691548843,"N"
264507,68,32,0,0,DOWN,339731480043,"D"
264507,70,33,0,0,DOWN,339827563543,"F"
264507,68,32,0,0,UP,339843599143,"D"
264507,70,33,0,0,UP,339907531943,"F"
264507,72,35,0,0,DOWN,339931577143,"H"
264507,66,48,0,0,DOWN,340027313243,"B"
264507,72,35,0,0,UP,340035553143,"H"
264507,85,22,0,0,DOWN,340131578143,"U"
264507,66,48,0,0,UP,340147583943,"B"
264507,82,19,0,0,DOWN,340227541843,"R"
264507,85,22,0,0,UP,340243556843,"U"
264507,71,34,0,0,DOWN,340331570243,"G"
264507,82,19,0,0,UP,340347565443,"R"
264507,69,18,0,0,DOWN,340427591543,"E"
264507,71,34,0,0,UP,340443587043,"G"
264507,78,49,0,0,DOWN,340531562743,"N"
264507,69,18,0,0,UP,340539497043,"E"
264507,78,49,0,0,UP,340595519543,"N"
264507,76,38,0,0,DOWN,340635588743,"L"
264507,76,38,0,0,UP,340683556943,"L"
264507,65,30,0,0,DOWN,340731590343,"A"
264507,65,30,0,0,UP,340779564443,"A"
264507,78,49,0,0,DOWN,340835332143,"N"
264507,78,49,0,0,UP,340883507743,"N"
264507,68,32,0,0,DOWN,340931569443,"D"
264507,70,33,0,0,DOWN,341035582943,"F"
264507,68,32,0,0,UP,341043269143,"D"
264507,70,33,0,0,UP,341107582243,"F"
264507,72,35,0,0,DOWN,341131730243,"H"
264507,72,35,0,0,UP,341227592943,"H"
264507,66,48,0,0,DOWN,341235589043,"B"
264507,85,22,0,0,DOWN,341331603043,"U"
264507,66,48,0,0,UP,341347510343,"B"
264507,85,22,0,0,UP,341435621143,"U"
264507,82,19,0,0,DOWN,341436489443,"R"
264507,71,34,0,0,DOWN,341531563443,"G"
264507,82,19,0,0,UP,341547744843,"R"
264507,71,34,0,0,UP,341635604843,"G"
264507,69,18,0,0,DOWN,341636592043,"E"
264507,78,49,0,0,DOWN,341731603443,"N"
264507,69,18,0,0,UP,341739275943,"E"
264507,78,49,0,0,UP,341795613543,"N"
264507,76,38,0,0,DOWN,341827625743,"L"
264507,76,38,0,0,UP,341883573543,"L"
264507,65,30,0,0,DOWN,341931596043,"A"
264507,65,30,0,0,UP,341971319143,"A"
264507,78,49,0,0,DOWN,342027564443,"N"
264507,78,49,0,0,UP,342091581143,"N"
264507,68,32,0,0,DOWN,342131566143,"D"
264507,70,33,0,0,DOWN,342227587143,"F"
264507,68,32,0,0,UP,342243559143,"D"
264507,70,33,0,0,UP,342307562543,"F"
264507,72,35,0,0,DOWN,342331581643,"H"
264507,66,48,0,0,DOWN,342427560243,"B"
264507,72,35,0,0,UP,342435758643,"H"
264507,85,22,0,0,DOWN,342531559343,"U"
264507,66,48,0,0,UP,342547609443,"B"
264507,82,19,0,0,DOWN,342627559043,"R"
264507,85,22,0,0,UP,342643516043,"U"
264507,71,34,0,0,DOWN,342731546043,"G"
264507,82,19,0,0,UP,342755606043,"R"
264507,69,18,0,0,DOWN,342835562443,"E"
264507,71,34,0,0,UP,342843280843,"G"
264507,78,49,0,0,DOWN,342931646043,"N"
264507,69,18,0,0,UP,342939703343,"E"
264507,78,49,0,0,UP,342987532743,"N"
264507,76,38,0,0,DOWN,343035579143,"L"
264507,76,38,0,0,UP,343083544943,"L"
264507,65,30,0,0,DOWN,343131591443,"A"
264507,65,30,0,0,UP,343179543443,"A"
264507,78,49,0,0,DOWN,343235545443,"N"
264507,78,49,0,0,UP,343283626343,"N"
264507,68,32,0,0,DOWN,343331588543,"D"
264507,70,33,0,0,DOWN,343435607443,"F"
264507,68,32,0,0,UP,343443524643,"D"
264507,70,33,0,0,UP,343499612443,"F"
264507,72,35,0,0,DOWN,343531603343,"H"
264507,72,35,0,0,UP,343627604843,"H"
264507,66,48,0,0,DOWN,343635582143,"B"
264507,85,22,0,0,DOWN,343731598843,"U"
264507,66,48,0,0,UP,343747524543,"B"
264507,82,19,0,0,DOWN,343835585443,"R"
264507,85,22,0,0,UP,343843517143,"U"
264507,71,34,0,0,DOWN,343931602043,"G"
264507,82,19,0,0,UP,343947585743,"R"
264507,71,34,0,0,UP,344027620743,"G"
264507,69,18,0,0,DOWN,344035591143,"E"
264507,78,49,0,0,DOWN,344131607843,"N"
264507,69,18,0,0,UP,344139554943,"E"
264507,78,49,0,0,UP,344195583143,"N"
264507,76,38,0,0,DOWN,344227597243,"L"
264507,76,38,0,0,UP,344291350243,"L"
264507,65,30,0,0,DOWN,344331651743,"A"
264507,65,30,0,0,UP,344371558843,"A"
264507,78,49,0,0,DOWN,344427557743,"N"
264507,78,49,0,0,UP,344491282143,"N"
264507,68,32,0,0,DOWN,344539337943,"D"
264507,70,33,0,0,DOWN,344627618543,"F"
264507,68,32,0,0,UP,344643352843,"D"
264507,70,33,0,0,UP,344707641943,"F"
264507,72,35,0,0,DOWN,344731548543,"H"
264507,72,35,0,0,UP,344827599043,"H"
264507,66,48,0,0,DOWN,344828578043,"B"
264507,85,22,0,0,DOWN,344931669643,"U"
264507,66,48,0,0,UP,344955725743,"B"
264507,82,19,0,0,DOWN,345035611143,"R"
264507,85,22,0,0,UP,345043314443,"U"
264507,71,34,0,0,DOWN,345131616243,"G"
264507,82,19,0,0,UP,345147678143,"R"
264507,69,18,0,0,DOWN,345235601043,"E"
264507,71,34,0,0,UP,345243310543,"G"
264507,78,49,0,0,DOWN,345331607743,"N"
264507,69,18,0,0,UP,345339553443,"E"
264507,78,49,0,0,UP,345395334343,"N"
264507,76,38,0,0,DOWN,345435603643,"L"
264507,76,38,0,0,UP,345491612543,"L"
264507,65,30,0,0,DOWN,345531622143,"A"
264507,65,30,0,0,UP,345579598343,"A"
264507,78,49,0,0,DOWN,345635604943,"N"
264507,78,49,0,0,UP,345683635143,"N"
264507,68,32,0,0,DOWN,345731576443,"D"
264507,70,33,0,0,DOWN,345835573343,"F"
264507,68,32,0,0,UP,345843416143,"D"
264507,70,33,0,0,UP,345907578143,"F"
264507,72,35,0,0,DOWN,345931607643,"H"
264507,72,35,0,0,UP,346035634043,"H"
264507,66,48,0,0,DOWN,346036325743,"B"
264507,85,22,0,0,DOWN,346131642543,"U"
264507,66,48,0,0,UP,346147614143,"B"
264507,82,19,0,0,DOWN,346235630543,"R"
264507,85,22,0,0,UP,346243406643,"U"
264507,71,34,0,0,DOWN,346331625243,"G"
264507,82,19,0,0,UP,346347617043,"R"
264507,71,34,0,0,UP,346435675043,"G"
264507,69,18,0,0,DOWN,346436651343,"E"
264507,78,49,0,0,DOWN,346531605343,"N"
264507,69,18,0,0,UP,346539567743,"E"
264507,78,49,0,0,UP,346587391943,"N"
264507,76,38,0,0,DOWN,346627584343,"L"
264507,76,38,0,0,UP,346683575943,"L"
264507,65,30,0,0,DOWN,346731609143,"A"
264507,65,30,0,0,UP,346779642843,"A"
264507,78,49,0,0,DOWN,346827600043,"N"
264507,78,49,0,0,UP,346891610243,"N"
264507,68,32,0,0,DOWN,346939602243,"D"
264507,70,33,0,0,DOWN,347027616943,"F"
264507,68,32,0,0,UP,347043451643,"D"
264507,70,33,0,0,UP,347099621443,"F"
264507,72,35,0,0,DOWN,347131581043,"H"
264507,72,35,0,0,UP,347235609043,"H"
264507,66,48,0,0,DOWN,347236502243,"B"
264507,85,22,0,0,DOWN,347331608043,"U"
264507,66,48,0,0,UP,347355640943,"B"
264507,85,22,0,0,UP,347435650343,"U"
264507,82,19,0,0,DOWN,347436634543,"R"
264507,71,34,0,0,DOWN,347531610443,"G"
264507,82,19,0,0,UP,347547638643,"R"
264507,69,18,0,0,DOWN,347635615343,"E"
264507,71,34,0,0,UP,347643405743,"G"
264507,69,18,0,0,UP,347731643343,"E"
264507,78,49,0,0,DOWN,347732640743,"N"
264507,78,49,0,0,UP,347795624143,"N"
264507,76,38,0,0,DOWN,347835610743,"L"
264507,76,38,0,0,UP,347883615843,"L"
264507,65,30,0,0,DOWN,347931632843,"A"
264507,65,30,0,0,UP,347979582043,"A"
264507,78,49,0,0,DOWN,348035678443,"N"
264507,78,49,0,0,UP,348083637743,"N"
264507,68,32,0,0,DOWN,348131593843,"D"
264507,70,33,0,0,DOWN,348235632643,"F"
264507,68,32,0,0,UP,348243348343,"D"
264507,70,33,0,0,UP,348307597243,"F"
264507,72,35,0,0,DOWN,348331737243,"H"
264507,72,35,0,0,UP,348435648043,"H"
264507,66,48,0,0,DOWN,348436590943,"B"
264507,85,22,0,0,DOWN,348531525143,"U"
264507,66,48,0,0,UP,348547369443,"B"
264507,82,19,0,0,DOWN,348627376043,"R"
264507,85,22,0,0,UP,348643685843,"U"
264507,71,34,0,0,DOWN,348731669743,"G"
264507,82,19,0,0,UP,348747662043,"R"
264507,71,34,0,0,UP,348835629043,"G"
264507,69,18,0,0,DOWN,348836487143,"E"
264507,78,49,0,0,DOWN,348931646943,"N"
264507,69,18,0,0,UP,348939677343,"E"
264507,78,49,0,0,UP,348987590543,"N"
264507,76,38,0,0,DOWN,349027309943,"L"
264507,76,38,0,0,UP,349083611543,"L"
264507,65,30,0,0,DOWN,349131656843,"A"
264507,65,30,0,0,UP,349179606343,"A"
264507,78,49,0,0,DOWN,349227563343,"N"
264507,78,49,0,0,UP,349283616543,"N"
264507,68,32,0,0,DOWN,349331638543,"D"
264507,70,33,0,0,DOWN,349435632643,"F"
264507,68,32,0,0,UP,349443749043,"D"
264507,70,33,0,0,UP,349507671343,"F"
264507,72,35,0,0,DOWN,349531619843,"H"
264507,72,35,0,0,UP,349635632943,"H"
264507,66,48,0,0,DOWN,349636285143,"B"
264507,85,22,0,0,DOWN,349731484943,"U"
264507,66,48,0,0,UP,349755608443,"B"
264507,85,22,0,0,UP,349835611143,"U"
264507,82,19,0,0,DOWN,349836256343,"R"
264507,71,34,0,0,DOWN,349931600443,"G"
264507,82,19,0,0,UP,349947753943,"R"
264507,69,18,0,0,DOWN,350035619443,"E"
264507,71,34,0,0,UP,350043378843,"G"
264507,78,49,0,0,DOWN,350131666443,"N"
264507,69,18,0,0,UP,350139644043,"E"
264507,78,49,0,0,UP,350195348043,"N"
264507,76,38,0,0,DOWN,350235673343,"L"
264507,76,38,0,0,UP,350283636043,"L"
264507,65,30,0,0,DOWN,350331653443,"A"
264507,65,30,0,0,UP,350379611743,"A"
264507,78,49,0,0,DOWN,350435676643,"N"
264507,78,49,0,0,UP,350491459043,"N"
264507,68,32,0,0,DOWN,350531635043,"D"
264507,70,33,0,0,DOWN,350635715743,"F"
264507,68,32,0,0,UP,350643588443,"D"
264507,70,33,0,0,UP,350707657243,"F"
264507,72,35,0,0,DOWN,350731672343,"H"
264507,72,35,0,0,UP,350827647543,"H"
264507,66,48,0,0,DOWN,350835416043,"B"
264507,85,22,0,0,DOWN,350931630643,"U"
264507,66,48,0,0,UP,350947635643,"B"
264507,82,19,0,0,DOWN,351027670243,"R"
264507,85,22,0,0,UP,351043401843,"U"
264507,71,34,0,0,DOWN,351131748843,"G"
264507,82,19,0,0,UP,351147452743,"R"
264507,71,34,0,0,UP,351235632643,"G"
264507,69,18,0,0,DOWN,351236343443,"E"
264507,69,18,0,0,UP,351331639443,"E"
264507,78,49,0,0,DOWN,351332550243,"N"
264507,78,49,0,0,UP,351387642543,"N"
264507,76,38,0,0,DOWN,351427596443,"L"
264507,76,38,0,0,UP,351483449843,"L"
264507,65,30,0,0,DOWN,351531376743,"A"
264507,65,30,0,0,UP,351579489143,"A"
264507,78,49,0,0,DOWN,351627404043,"N"
264507,78,49,0,0,UP,351683650543,"N"
264507,68,32,0,0,DOWN,351731687743,"D"
264507,70,33,0,0,DOWN,351835687643,"F"
264507,68,32,0,0,UP,351843647643,"D"
264507,70,33,0,0,UP,351907668743,"F"
264507,72,35,0,0,DOWN,351931663143,"H"
264507,72,35,0,0,UP,352035666643,"H"
264507,66,48,0,0,DOWN,352036370943,"B"
264507,85,22,0,0,DOWN,352131654243,"U"
264507,66,48,0,0,UP,352147477743,"B"
264507,85,22,0,0,UP,352235704743,"U"
264507,82,19,0,0,DOWN,352236655243,"R"
264507,71,34,0,0,DOWN,352331632643,"G"
264507,82,19,0,0,UP,352347540943,"R"
264507,69,18,0,0,DOWN,352435397143,"E"
264507,71,34,0,0,UP,352443751543,"G"
264507,78,49,0,0,DOWN,352531641443,"N"
264507,69,18,0,0,UP,352539347543,"E"
264507,78,49,0,0,UP,352587647643,"N"
264507,76,38,0,0,DOWN,352635687143,"L"
264507,76,38,0,0,UP,352683603843,"L"
264507,65,30,0,0,DOWN,352731832043,"A"
264507,65,30,0,0,UP,352771635743,"A"
264507,78,49,0,0,DOWN,352835659243,"N"
264507,78,49,0,0,UP,352891628643,"N"
264507,68,32,0,0,DOWN,352931691343,"D"
264507,70,33,0,0,DOWN,353035690643,"F"
264507,68,32,0,0,UP,353043690143,"D"
264507,70,33,0,0,UP,353107400343,"F"
264507,72,35,0,0,DOWN,353131671043,"H"
264507,72,35,0,0,UP,353227685743,"H"
264507,66,48,0,0,DOWN,353235651043,"B"
264507,85,22,0,0,DOWN,353331660343,"U"
264507,66,48,0,0,UP,353347425843,"B"
264507,82,19,0,0,DOWN,353427687143,"R"
264507,85,22,0,0,UP,353443662243,"U"
264507,71,34,0,0,DOWN,353531514443,"G"
264507,82,19,0,0,UP,353547571143,"R"
264507,71,34,0,0,UP,353635678243,"G"
264507,69,18,0,0,DOWN,353636579443,"E"
264507,69,18,0,0,UP,353731468843,"E"
264507,78,49,0,0,DOWN,353732313843,"N"
264507,78,49,0,0,UP,353787669143,"N"
264507,76,38,0,0,DOWN,353827697343,"L"
264507,76,38,0,0,UP,353883693043,"L"
264507,65,30,0,0,DOWN,353931424643,"A"
264507,65,30,0,0,UP,353979681943,"A"
264507,78,49,0,0,DOWN,354035699043,"N"
264507,78,49,0,0,UP,354083659843,"N"
264507,68,32,0,0,DOWN,354131420543,"D"
264507,70,33,0,0,DOWN,354235694443,"F"
264507,68,32,0,0,UP,354243710843,"D"
264507,70,33,0,0,UP,354307675243,"F"
264507,72,35,0,0,DOWN,354331431943,"H"
264507,72,35,0,0,UP,354435668443,"H"
264507,66,48,0,0,DOWN,354436474343,"B"
264507,85,22,0,0,DOWN,354531565143,"U"
264507,66,48,0,0,UP,354547829143,"B"
264507,85,22,0,0,UP,354635673043,"U"
264507,82,19,0,0,DOWN,354636524243,"R"
264507,71,34,0,0,DOWN,354731565943,"G"
264507,82,19,0,0,UP,354747779443,"R"
264507,71,34,0,0,UP,354835655543,"G"
264507,69,18,0,0,DOWN,354836561643,"E"
264507,78,49,0,0,DOWN,354931542443,"N"
264507,69,18,0,0,UP,354939673943,"E"
264507,78,49,0,0,UP,354995661043,"N"
264507,76,38,0,0,DOWN,355027661943,"L"
264507,76,38,0,0,UP,355091659143,"L"
264507,65,30,0,0,DOWN,355131572843,"A"
264507,65,30,0,0,UP,355171670743,"A"
264507,78,49,0,0,DOWN,355235682443,"N"
264507,78,49,0,0,UP,355291695243,"N"
264507,68,32,0,0,DOWN,355331672543,"D"
264507,70,33,0,0,DOWN,355427672843,"F"
264507,68,32,0,0,UP,355443648743,"D"
264507,70,33,0,0,UP,355507708943,"F"
264507,72,35,0,0,DOWN,355531607643,"H"
264507,66,48,0,0,DOWN,355627676143,"B"
264507,72,35,0,0,UP,355635670743,"H"
264507,85,22,0,0,DOWN,355731977343,"U"
264507,66,48,0,0,UP,355747696343,"B"
264507,82,19,0,0,DOWN,355827700143,"R"
264507,85,22,0,0,UP,355843759143,"U"
264507,71,34,0,0,DOWN,355931719243,"G"
264507,82,19,0,0,UP,355947683843,"R"
264507,69,18,0,0,DOWN,356035719743,"E"
264507,71,34,0,0,UP,356043721143,"G"
264507,78,49,0,0,DOWN,356131701243,"N"
264507,69,18,0,0,UP,356139749643,"E"
264507,78,49,0,0,UP,356195712443,"N"
264507,76,38,0,0,DOWN,356235679043,"L"
264507,76,38,0,0,UP,356283489443,"L"
264507,65,30,0,0,DOWN,356331679343,"A"
264507,65,30,0,0,UP,356379691143,"A"
264507,78,49,0,0,DOWN,356435495043,"N"
264507,78,49,0,0,UP,356483491643,"N"
264507,68,32,0,0,DOWN,356531702843,"D"
264507,70,33,0,0,DOWN,356635675843,"F"
264507,68,32,0,0,UP,356643694043,"D"
264507,70,33,0,0,UP,356707727343,"F"
264507,72,35,0,0,DOWN,356731718843,"H"
264507,72,35,0,0,UP,356835671043,"H"
264507,66,48,0,0,DOWN,356836495643,"B"
264507,85,22,0,0,DOWN,356931723843,"U"
264507,66,48,0,0,UP,356955700643,"B"
264507,82,19,0,0,DOWN,357035745843,"R"
264507,85,22,0,0,UP,357043674843,"U"
264507,71,34,0,0,DOWN,357131751543,"G"
264507,82,19,0,0,UP,357147712043,"R"
264507,69,18,0,0,DOWN,357235685043,"E"
264507,71,34,0,0,UP,357243659243,"G"
264507,78,49,0,0,DOWN,357331731143,"N"
264507,69,18,0,0,UP,357339655243,"E"
264507,78,49,0,0,UP,357395763643,"N"
264507,76,38,0,0,DOWN,357427747043,"L"
264507,76,38,0,0,UP,357483563743,"L"
264507,65,30,0,0,DOWN,357531737143,"A"
264507,65,30,0,0,UP,357571716143,"A"
264507,78,49,0,0,DOWN,357627737343,"N"
264507,78,49,0,0,UP,357691726843,"N"
264507,68,32,0,0,DOWN,357739797143,"D"
264507,70,33,0,0,DOWN,357827715443,"F"
264507,68,32,0,0,UP,357843695443,"D"
264507,70,33,0,0,UP,357907701343,"F"
264507,72,35,0,0,DOWN,357931704743,"H"
264507,66,48,0,0,DOWN,358027679043,"B"
264507,72,35,0,0,UP,358035668543,"H"
264507,85,22,0,0,DOWN,358131728443,"U"
264507,66,48,0,0,UP,358155658543,"B"
264507,82,19,0,0,DOWN,358235694643,"R"
264507,85,22,0,0,UP,358243691643,"U"
264507,71,34,0,0,DOWN,358331728243,"G"
264507,82,19,0,0,UP,358355692943,"R"
264507,69,18,0,0,DOWN,358435686543,"E"
264507,71,34,0,0,UP,358443708243,"G"
264507,78,49,0,0,DOWN,358531806043,"N"
264507,69,18,0,0,UP,358539747643,"E"
264507,78,49,0,0,UP,358595713543,"N"
264507,76,38,0,0,DOWN,358635738043,"L"
264507,76,38,0,0,UP,358683790943,"L"
264507,65,30,0,0,DOWN,358731805243,"A"
264507,65,30,0,0,UP,358779764243,"A"
264507,78,49,0,0,DOWN,358835713843,"N"
264507,78,49,0,0,UP,358883750143,"N"
264507,68,32,0,0,DOWN,358931724643,"D"
264507,70,33,0,0,DOWN,359035524543,"F"
264507,68,32,0,0,UP,359043795243,"D"
264507,70,33,0,0,UP,359107764143,"F"
264507,72,35,0,0,DOWN,359131719743,"H"
264507,72,35,0,0,UP,359235742543,"H"
264507,66,48,0,0,DOWN,359236689543,"B"
264507,85,22,0,0,DOWN,359331723543,"U"
264507,66,48,0,0,UP,359355689843,"B"
264507,82,19,0,0,DOWN,359435482743,"R"
264507,85,22,0,0,UP,359443721843,"U"
264507,71,34,0,0,DOWN,359531696543,"G"
264507,82,19,0,0,UP,359547703043,"R"
264507,71,34,0,0,UP,359635509743,"G"
264507,69,18,0,0,DOWN,359636326243,"E"
264507,78,49,0,0,DOWN,359731991243,"N"
264507,69,18,0,0,UP,359739691043,"E"
264507,78,49,0,0,UP,359795696443,"N"
264507,76,38,0,0,DOWN,359827688543,"L"
264507,76,38,0,0,UP,359883711343,"L"
264507,65,30,0,0,DOWN,359931706643,"A"
264507,65,30,0,0,UP,359971701343,"A"
264507,78,49,0,0,DOWN,360027690543,"N"
264507,78,49,0,0,UP,360099739743,"N"
264507,68,32,0,0,DOWN,360139727643,"D"
264507,70,33,0,0,DOWN,360227750443,"F"
264507,68,32,0,0,UP,360243764843,"D"
264507,70,33,0,0,UP,360307752843,"F"
264507,72,35,0,0,DOWN,360331733243,"H"
264507,66,48,0,0,DOWN,360427789943,"B"
264507,72,35,0,0,UP,360435586543,"H"
264507,85,22,0,0,DOWN,360531744843,"U"
264507,66,48,0,0,UP,360547739243,"B"
264507,82,19,0,0,DOWN,360635528143,"R"
264507,85,22,0,0,UP,360643730743,"U"
264507,71,34,0,0,DOWN,360731711843,"G"
264507,82,19,0,0,UP,360755708343,"R"
264507,69,18,0,0,DOWN,360835585743,"E"
264507,71,34,0,0,UP,360843746643,"G"
264507,69,18,0,0,UP,360931885043,"E"
264507,78,49,0,0,DOWN,360932850543,"N"
264507,78,49,0,0,UP,360995683843,"N"
264507,76,38,0,0,DOWN,361035711443,"L"
264507,76,38,0,0,UP,361091769643,"L"
264507,65,30,0,0,DOWN,361131746843,"A"
264507,65,30,0,0,UP,361179768443,"A"
264507,78,49,0,0,DOWN,361235893943,"N"
264507,78,49,0,0,UP,361291573143,"N"
264507,68,32,0,0,DOWN,361331743443,"D"
264507,70,33,0,0,DOWN,361435780143,"F"
264507,68,32,0,0,UP,361443693743,"D"
264507,70,33,0,0,UP,361507734543,"F"
264507,72,35,0,0,DOWN,361531766043,"H"
264507,72,35,0,0,UP,361635866443,"H"
264507,66,48,0,0,DOWN,361636654443,"B"
264507,85,22,0,0,DOWN,361731731043,"U"
264507,66,48,0,0,UP,361755551543,"B"
264507,82,19,0,0,DOWN,361835928043,"R"
264507,85,22,0,0,UP,361843569043,"U"
264507,71,34,0,0,DOWN,361931729743,"G"
264507,82,19,0,0,UP,361947755543,"R"
264507,71,34,0,0,UP,362035874543,"G"
264507,69,18,0,0,DOWN,362036729943,"E"
264507,78,49,0,0,DOWN,362131737243,"N"
264507,69,18,0,0,UP,362139709843,"E"
264507,78,49,0,0,UP,362195692843,"N"
264507,76,38,0,0,DOWN,362227699043,"L"
264507,76,38,0,0,UP,362291714043,"L"
264507,65,30,0,0,DOWN,362331743143,"A"
264507,65,30,0,0,UP,362371728743,"A"
264507,78,49,0,0,DOWN,362427664343,"N"
264507,78,49,0,0,UP,362499755443,"N"
264507,68,32,0,0,DOWN,362539761943,"D"
264507,70,33,0,0,DOWN,362627746643,"F"
264507,68,32,0,0,UP,362643723543,"D"
264507,70,33,0,0,UP,362707798543,"F"
264507,72,35,0,0,DOWN,362731784243,"H"
264507,66,48,0,0,DOWN,362835784843,"B"
264507,72,35,0,0,UP,362843694443,"H"
264507,85,22,0,0,DOWN,362931747343,"U"
264507,66,48,0,0,UP,362955682643,"B"
264507,82,19,0,0,DOWN,363035617043,"R"
264507,85,22,0,0,UP,363043698243,"U"
264507,71,34,0,0,DOWN,363131750043,"G"
264507,82,19,0,0,UP,363147741143,"R"
264507,69,18,0,0,DOWN,363235597943,"E"
264507,71,34,0,0,UP,363243790643,"G"
264507,78,49,0,0,DOWN,363331758943,"N"
264507,69,18,0,0,UP,363339488643,"E"
264507,78,49,0,0,UP,363395526643,"N"
264507,76,38,0,0,DOWN,363435781543,"L"
264507,76,38,0,0,UP,363483735643,"L"
264507,65,30,0,0,DOWN,363531815843,"A"
264507,65,30,0,0,UP,363579711943,"A"
264507,78,49,0,0,DOWN,363635734943,"N"
264507,78,49,0,0,UP,363683817443,"N"
264507,68,32,0,0,DOWN,363731732443,"D"
264507,70,33,0,0,DOWN,363835828943,"F"
264507,68,32,0,0,UP,363843729843,"D"
264507,70,33,0,0,UP,363907778443,"F"
264507,72,35,0,0,DOWN,363931809643,"H"
264507,72,35,0,0,UP,364035766643,"H"
264507,66,48,0,0,DOWN,364036772043,"B"
264507,85,22,0,0,DOWN,364131771843,"U"
264507,66,48,0,0,UP,364155522443,"B"
264507,82,19,0,0,DOWN,364235788343,"R"
264507,85,22,0,0,UP,364243768343,"U"
264507,71,34,0,0,DOWN,364331757143,"G"
264507,82,19,0,0,UP,364347720443,"R"
264507,71,34,0,0,UP,364435766043,"G"
264507,69,18,0,0,DOWN,364436660543,"E"
264507,78,49,0,0,DOWN,364531809543,"N"
264507,69,18,0,0,UP,364539541343,"E"
264507,78,49,0,0,UP,364595578143,"N"
264507,76,38,0,0,DOWN,364627762043,"L"
264507,76,38,0,0,UP,364691835743,"L"
264507,65,30,0,0,DOWN,364731776643,"A"
264507,65,30,0,0,UP,364779764143,"A"
264507,78,49,0,0,DOWN,364827811443,"N"
264507,78,49,0,0,UP,364899848343,"N"
264507,68,32,0,0,DOWN,364939734843,"D"
264507,70,33,0,0,DOWN,365027797243,"F"
264507,68,32,0,0,UP,365043731243,"D"
264507,70,33,0,0,UP,365107776543,"F"
264507,72,35,0,0,DOWN,365131761143,"H"
264507,66,48,0,0,DOWN,365235471543,"B"
264507,72,35,0,0,UP,365243770443,"H"
264507,85,22,0,0,DOWN,365331773943,"U"
264507,66,48,0,0,UP,365355572743,"B"
264507,82,19,0,0,DOWN,365435759943,"R"
264507,85,22,0,0,UP,365443769743,"U"
264507,71,34,0,0,DOWN,365531747843,"G"
264507,82,19,0,0,UP,365555485343,"R"
264507,69,18,0,0,DOWN,365635789143,"E"
264507,71,34,0,0,UP,365643755243,"G"
264507,78,49,0,0,DOWN,365731745343,"N"
264507,69,18,0,0,UP,365739708643,"E"
264507,78,49,0,0,UP,365795748543,"N"
264507,76,38,0,0,DOWN,365835772543,"L"
264507,76,38,0,0,UP,365883810643,"L"
264507,65,30,0,0,DOWN,365931824743,"A"
264507,65,30,0,0,UP,365979751743,"A"
264507,78,49,0,0,DOWN,366035769143,"N"
264507,78,49,0,0,UP,366091542043,"N"
264507,68,32,0,0,DOWN,366131791243,"D"
264507,70,33,0,0,DOWN,366235810043,"F"
264507,68,32,0,0,UP,366243813243,"D"
264507,70,33,0,0,UP,366307767843,"F"
264507,72,35,0,0,DOWN,366331768543,"H"
264507,72,35,0,0,UP,366427617243,"H"
264507,66,48,0,0,DOWN,366435392643,"B"
264507,85,22,0,0,DOWN,366531731143,"U"
264507,66,48,0,0,UP,366547748043,"B"
264507,82,19,0,0,DOWN,366635770243,"R"
264507,85,22,0,0,UP,366643752843,"U"
264507,71,34,0,0,DOWN,366731773343,"G"
264507,82,19,0,0,UP,366747797543,"R"
264507,69,18,0,0,DOWN,366835841843,"E"
264507,71,34,0,0,UP,366843508043,"G"
264507,78,49,0,0,DOWN,366931802143,"N"
264507,69,18,0,0,UP,366939825443,"E"
264507,78,49,0,0,UP,366995781543,"N"
264507,76,38,0,0,DOWN,367027773643,"L"
264507,76,38,0,0,UP,367091783343,"L"
264507,65,30,0,0,DOWN,367131810843,"A"
264507,65,30,0,0,UP,367179650743,"A"
264507,78,49,0,0,DOWN,367227775943,"N"
264507,78,49,0,0,UP,367291746543,"N"
264507,68,32,0,0,DOWN,367339940743,"D"
264507,70,33,0,0,DOWN,367427837943,"F"
264507,68,32,0,0,UP,367443786243,"D"
264507,70,33,0,0,UP,367507786443,"F"
264507,72,35,0,0,DOWN,367531756343,"H"
264507,66,48,0,0,DOWN,367635757443,"B"
264507,72,35,0,0,UP,367643543943,"H"
264507,85,22,0,0,DOWN,367731756343,"U"
264507,66,48,0,0,UP,367755799943,"B"
264507,82,19,0,0,DOWN,367835800843,"R"
264507,85,22,0,0,UP,367843773443,"U"
264507,71,34,0,0,DOWN,367931825843,"G"
264507,82,19,0,0,UP,367955795643,"R"
264507,69,18,0,0,DOWN,368035815443,"E"
264507,71,34,0,0,UP,368043810443,"G"
264507,78,49,0,0,DOWN,368131779443,"N"
264507,69,18,0,0,UP,368139803543,"E"
264507,78,49,0,0,UP,368195819943,"N"
264507,76,38,0,0,DOWN,368235822543,"L"
264507,76,38,0,0,UP,368283815243,"L"
264507,65,30,0,0,DOWN,368331737643,"A"
264507,65,30,0,0,UP,368379793243,"A"
264507,78,49,0,0,DOWN,368435812343,"N"
264507,78,49,0,0,UP,368483799743,"N"
264507,68,32,0,0,DOWN,368531816643,"D"
264507,70,33,0,0,DOWN,368635843643,"F"
264507,68,32,0,0,UP,368643796843,"D"
264507,70,33,0,0,UP,368707661843,"F"
264507,72,35,0,0,DOWN,368731809943,"H"
264507,72,35,0,0,UP,368827571743,"H"
264507,66,48,0,0,DOWN,368835797543,"B"
264507,85,22,0,0,DOWN,368931833443,"U"
264507,66,48,0,0,UP,368955793743,"B"
264507,82,19,0,0,DOWN,369027767543,"R"
264507,85,22,0,0,UP,369043777843,"U"
264507,71,34,0,0,DOWN,369131961643,"G"
264507,82,19,0,0,UP,369147846543,"R"
264507,71,34,0,0,UP,369235823043,"G"
264507,69,18,0,0,DOWN,369236615043,"E"
264507,78,49,0,0,DOWN,369331868943,"N"
264507,69,18,0,0,UP,369339867643,"E"
264507,78,49,0,0,UP,369395547843,"N"
264507,76,38,0,0,DOWN,369427646543,"L"
264507,76,38,0,0,UP,369483574043,"L"
264507,65,30,0,0,DOWN,369531851543,"A"
264507,65,30,0,0,UP,369579539243,"A"
264507,78,49,0,0,DOWN,369627809943,"N"
264507,78,49,0,0,UP,369691707443,"N"
264507,68,32,0,0,DOWN,369739814143,"D"
264507,70,33,0,0,DOWN,369835818343,"F"
264507,68,32,0,0,UP,369843772643,"D"
264507,70,33,0,0,UP,369907775643,"F"
264507,72,35,0,0,DOWN,369931888443,"H"
264507,66,48,0,0,DOWN,370035829243,"B"
264507,72,35,0,0,UP,370043777943,"H"
264507,85,22,0,0,DOWN,370131796443,"U"
264507,66,48,0,0,UP,370155805543,"B"
264507,82,19,0,0,DOWN,370235826443,"R"
264507,85,22,0,0,UP,370251800343,"U"
264507,71,34,0,0,DOWN,370331801343,"G"
264507,82,19,0,0,UP,370347827743,"R"
264507,69,18,0,0,DOWN,370435808643,"E"
264507,71,34,0,0,UP,370451896843,"G"
264507,78,49,0,0,DOWN,370531864943,"N"
264507,69,18,0,0,UP,370539828743,"E"
264507,78,49,0,0,UP,370587890043,"N"
264507,76,38,0,0,DOWN,370635903443,"L"
264507,76,38,0,0,UP,370683825843,"L"
264507,65,30,0,0,DOWN,370731807343,"A"
264507,65,30,0,0,UP,370771719643,"A"
264507,78,49,0,0,DOWN,370835813143,"N"
264507,78,49,0,0,UP,370891844043,"N"
264507,68,32,0,0,DOWN,370931820043,"D"
264507,70,33,0,0,DOWN,371035811743,"F"
264507,68,32,0,0,UP,371043639843,"D"
264507,70,33,0,0,UP,371099570243,"F"
264507,72,35,0,0,DOWN,371131822143,"H"
264507,72,35,0,0,UP,371227830643,"H"
264507,66,48,0,0,DOWN,371235854443,"B"
264507,85,22,0,0,DOWN,371331854143,"U"
264507,66,48,0,0,UP,371355799143,"B"
264507,82,19,0,0,DOWN,371427712043,"R"
264507,85,22,0,0,UP,371443607443,"U"
264507,71,34,0,0,DOWN,371531823843,"G"
264507,82,19,0,0,UP,371547808743,"R"
264507,71,34,0,0,UP,371627803143,"G"
264507,69,18,0,0,DOWN,371635832843,"E"
264507,69,18,0,0,UP,371731845043,"E"
264507,78,49,0,0,DOWN,371732727643,"N"
264507,78,49,0,0,UP,371795779943,"N"
264507,76,38,0,0,DOWN,371827809443,"L"
264507,76,38,0,0,UP,371883800643,"L"
264507,65,30,0,0,DOWN,371931890043,"A"
264507,65,30,0,0,UP,371979860843,"A"
264507,78,49,0,0,DOWN,372035818943,"N"
264507,78,49,0,0,UP,372091807143,"N"
264507,68,32,0,0,DOWN,372131829443,"D"
264507,70,33,0,0,DOWN,372235617743,"F"
264507,68,32,0,0,UP,372243584543,"D"
264507,70,33,0,0,UP,372307827643,"F"
264507,72,35,0,0,DOWN,372331815643,"H"
264507,66,48,0,0,DOWN,372435841043,"B"
264507,72,35,0,0,UP,372443661643,"H"
264507,85,22,0,0,DOWN,372531903743,"U"
264507,66,48,0,0,UP,372555900243,"B"
264507,82,19,0,0,DOWN,372635841043,"R"
264507,85,22,0,0,UP,372643890043,"U"
264507,71,34,0,0,DOWN,372731700143,"G"
264507,82,19,0,0,UP,372755839943,"R"
264507,69,18,0,0,DOWN,372835828743,"E"
264507,71,34,0,0,UP,372843662843,"G"
264507,78,49,0,0,DOWN,372931841143,"N"
264507,69,18,0,0,UP,372939841043,"E"
264507,78,49,0,0,UP,372987680843,"N"
264507,76,38,0,0,DOWN,373035804243,"L"
264507,76,38,0,0,UP,373091581143,"L"
264507,65,30,0,0,DOWN,373131906243,"A"
264507,65,30,0,0,UP,373179652843,"A"
264507,78,49,0,0,DOWN,373235537343,"N"
264507,78,49,0,0,UP,373291542143,"N"
264507,68,32,0,0,DOWN,373331855743,"D"
264507,70,33,0,0,DOWN,373435831643,"F"
264507,68,32,0,0,UP,373444086043,"D"
264507,70,33,0,0,UP,373507838443,"F"
264507,72,35,0,0,DOWN,373531870943,"H"
264507,72,35,0,0,UP,373627901843,"H"
264507,66,48,0,0,DOWN,373635859743,"B"
264507,85,22,0,0,DOWN,373731869243,"U"
264507,66,48,0,0,UP,373747903743,"B"
264507,82,19,0,0,DOWN,373827977543,"R"
264507,85,22,0,0,UP,373835800143,"U"
264507,71,34,0,0,DOWN,373931819443,"G"
264507,82,19,0,0,UP,373947794543,"R"
264507,71,34,0,0,UP,374035837243,"G"
264507,69,18,0,0,DOWN,374036560043,"E"
264507,69,18,0,0,UP,374131875543,"E"
264507,78,49,0,0,DOWN,374132771943,"N"
264507,78,49,0,0,UP,374195652743,"N"
264507,76,38,0,0,DOWN,374227574643,"L"
264507,76,38,0,0,UP,374291816643,"L"
264507,65,30,0,0,DOWN,374331869243,"A"
264507,65,30,0,0,UP,374379801743,"A"
264507,78,49,0,0,DOWN,374435835143,"N"
264507,78,49,0,0,UP,374499878743,"N"
264507,68,32,0,0,DOWN,374531846743,"D"
264507,70,33,0,0,DOWN,374635843543,"F"
264507,68,32,0,0,UP,374643804843,"D"
264507,70,33,0,0,UP,374707876743,"F"
264507,72,35,0,0,DOWN,374731859543,"H"
264507,66,48,0,0,DOWN,374835865343,"B"
264507,72,35,0,0,UP,374843836143,"H"
264507,85,22,0,0,DOWN,374931849743,"U"
264507,66,48,0,0,UP,374947669543,"B"
264507,82,19,0,0,DOWN,375035653043,"R"
264507,85,22,0,0,UP,375043846443,"U"
264507,71,34,0,0,DOWN,375131853643,"G"
264507,82,19,0,0,UP,375155845543,"R"
264507,69,18,0,0,DOWN,375235914843,"E"
264507,71,34,0,0,UP,375243875243,"G"
264507,78,49,0,0,DOWN,375331916943,"N"
264507,69,18,0,0,UP,375339873043,"E"
264507,78,49,0,0,UP,375395635143,"N"
264507,76,38,0,0,DOWN,375435838743,"L"
264507,76,38,0,0,UP,375491826643,"L"
264507,65,30,0,0,DOWN,375531897343,"A"
264507,65,30,0,0,UP,375579642343,"A"
264507,78,49,0,0,DOWN,375635862143,"N"
264507,78,49,0,0,UP,375683883743,"N"
264507,68,32,0,0,DOWN,375731813343,"D"
264507,70,33,0,0,DOWN,375835822843,"F"
264507,68,32,0,0,UP,375843617443,"D"
264507,70,33,0,0,UP,375907832943,"F"
264507,72,35,0,0,DOWN,375931805343,"H"
264507,72,35,0,0,UP,376027853543,"H"
264507,66,48,0,0,DOWN,376043863943,"B"
264507,85,22,0,0,DOWN,376131979643,"U"
264507,66,48,0,0,UP,376147618643,"B"
264507,82,19,0,0,DOWN,376227872043,"R"
264507,85,22,0,0,UP,376243869143,"U"
264507,71,34,0,0,DOWN,376331849443,"G"
264507,82,19,0,0,UP,376347661243,"R"
264507,69,18,0,0,DOWN,376435885043,"E"
264507,71,34,0,0,UP,376443864343,"G"
264507,69,18,0,0,UP,376531660943,"E"
264507,78,49,0,0,DOWN,376532646043,"N"
264507,78,49,0,0,UP,376595990343,"N"
264507,76,38,0,0,DOWN,376627882043,"L"
264507,76,38,0,0,UP,376691829143,"L"
264507,65,30,0,0,DOWN,376731850043,"A"
264507,65,30,0,0,UP,376779902943,"A"
264507,78,49,0,0,DOWN,376835878043,"N"
264507,78,49,0,0,UP,376899889143,"N"
264507,68,32,0,0,DOWN,376931850443,"D"
264507,70,33,0,0,DOWN,377035874143,"F"
264507,68,32,0,0,UP,377043850343,"D"
264507,70,33,0,0,UP,377107831843,"F"
264507,72,35,0,0,DOWN,377131901543,"H"
264507,66,48,0,0,DOWN,377235875743,"B"
264507,72,35,0,0,UP,377243850343,"H"
264507,85,22,0,0,DOWN,377331903043,"U"
264507,66,48,0,0,UP,377355873243,"B"
264507,82,19,0,0,DOWN,377435885543,"R"
264507,85,22,0,0,UP,377443892643,"U"
264507,71,34,0,0,DOWN,377531867543,"G"
264507,82,19,0,0,UP,377547578143,"R"
264507,69,18,0,0,DOWN,377635517343,"E"
264507,71,34,0,0,UP,377643779243,"G"
264507,78,49,0,0,DOWN,377731889043,"N"
264507,69,18,0,0,UP,377747565843,"E"
264507,78,49,0,0,UP,377795953743,"N"
264507,76,38,0,0,DOWN,377835873943,"L"
264507,76,38,0,0,UP,377891849743,"L"
264507,65,30,0,0,DOWN,377931649543,"A"
264507,65,30,0,0,UP,377979881543,"A"
264507,78,49,0,0,DOWN,378035915743,"N"
264507,78,49,0,0,UP,378083981343,"N"
264507,68,32,0,0,DOWN,378131675143,"D"
264507,70,33,0,0,DOWN,378235908343,"F"
264507,68,32,0,0,UP,378243879343,"D"
264507,70,33,0,0,UP,378307908943,"F"
264507,72,35,0,0,DOWN,378331638943,"H"
264507,72,35,0,0,UP,378435848643,"H"
264507,66,48,0,0,DOWN,378436730243,"B"
264507,85,22,0,0,DOWN,378531650643,"U"
264507,66,48,0,0,UP,378555833343,"B"
264507,82,19,0,0,DOWN,378627850943,"R"
264507,85,22,0,0,UP,378635871543,"U"
264507,71,34,0,0,DOWN,378731754443,"G"
264507,82,19,0,0,UP,378739851243,"R"
264507,71,34,0,0,UP,378835892543,"G"
264507,69,18,0,0,DOWN,378836532643,"E"
264507,78,49,0,0,DOWN,378931673343,"N"
264507,69,18,0,0,UP,378939827543,"E"
264507,78,49,0,0,UP,378995864043,"N"
264507,76,38,0,0,DOWN,379035883743,"L"
264507,76,38,0,0,UP,379083843143,"L"
264507,65,30,0,0,DOWN,379131629743,"A"
264507,65,30,0,0,UP,379179901443,"A"
264507,78,49,0,0,DOWN,379235842743,"N"
264507,78,49,0,0,UP,379299873543,"N"
264507,68,32,0,0,DOWN,379331789543,"D"
264507,70,33,0,0,DOWN,379435886343,"F"
264507,68,32,0,0,UP,379451893143,"D"
264507,70,33,0,0,UP,379515676243,"F"
264507,72,35,0,0,DOWN,379531859143,"H"
264507,66,48,0,0,DOWN,379635943843,"B"
264507,72,35,0,0,UP,379651906343,"H"
264507,85,22,0,0,DOWN,379731984743,"U"
264507,66,48,0,0,UP,379755885943,"B"
264507,82,19,0,0,DOWN,379835854743,"R"
264507,85,22,0,0,UP,379843676943,"U"
264507,71,34,0,0,DOWN,379932050043,"G"
264507,82,19,0,0,UP,379955881143,"R"
264507,69,18,0,0,DOWN,380035915443,"E"
264507,71,34,0,0,UP,380043855143,"G"
264507,69,18,0,0,UP,380131971543,"E"
264507,78,49,0,0,DOWN,380132940443,"N"
264507,78,49,0,0,UP,380187868843,"N"
264507,76,38,0,0,DOWN,380235931743,"L"
264507,76,38,0,0,UP,380283928643,"L"
264507,65,30,0,0,DOWN,380331885143,"A"
264507,65,30,0,0,UP,380371861343,"A"
264507,78,49,0,0,DOWN,380435868243,"N"
264507,78,49,0,0,UP,380491903943,"N"
264507,68,32,0,0,DOWN,380531900243,"D"
264507,70,33,0,0,DOWN,380627871243,"F"
264507,68,32,0,0,UP,380643905843,"D"
264507,70,33,0,0,UP,380699738543,"F"
264507,72,35,0,0,DOWN,380731907743,"H"
264507,66,48,0,0,DOWN,380827894343,"B"
264507,72,35,0,0,UP,380835659243,"H"
264507,85,22,0,0,DOWN,380931862843,"U"
264507,66,48,0,0,UP,380947861843,"B"
264507,82,19,0,0,DOWN,381027890143,"R"
264507,85,22,0,0,UP,381035911343,"U"
264507,71,34,0,0,DOWN,381131922943,"G"
264507,82,19,0,0,UP,381139897743,"R"
264507,69,18,0,0,DOWN,381235922643,"E"
264507,71,34,0,0,UP,381243941443,"G"
264507,78,49,0,0,DOWN,381331902043,"N"
264507,69,18,0,0,UP,381339856243,"E"
264507,78,49,0,0,UP,381396060043,"N"
264507,76,38,0,0,DOWN,381435465643,"L"
264507,76,38,0,0,UP,381483638543,"L"
264507,65,30,0,0,DOWN,381531862843,"A"
264507,65,30,0,0,UP,381579961843,"A"
264507,78,49,0,0,DOWN,381635901843,"N"
264507,78,49,0,0,UP,381699970843,"N"
264507,68,32,0,0,DOWN,381731887743,"D"
264507,70,33,0,0,DOWN,381835945043,"F"
264507,68,32,0,0,UP,381843683943,"D"
264507,70,33,0,0,UP,381907904843,"F"
264507,72,35,0,0,DOWN,381931920943,"H"
264507,66,48,0,0,DOWN,382035932643,"B"
264507,72,35,0,0,UP,382043931143,"H"
264507,85,22,0,0,DOWN,382131923243,"U"
264507,66,48,0,0,UP,382155902243,"B"
264507,82,19,0,0,DOWN,382235868343,"R"
264507,85,22,0,0,UP,382243938043,"U"
264507,71,34,0,0,DOWN,382331919843,"G"
264507,82,19,0,0,UP,382348020643,"R"
264507,69,18,0,0,DOWN,382435872243,"E"
264507,71,34,0,0,UP,382443834843,"G"
264507,78,49,0,0,DOWN,382531570343,"N"
264507,69,18,0,0,UP,382539857943,"E"
264507,78,49,0,0,UP,382595881543,"N"
264507,76,38,0,0,DOWN,382627977843,"L"
264507,76,38,0,0,UP,382691912443,"L"
264507,65,30,0,0,DOWN,382731881943,"A"
264507,65,30,0,0,UP,382779912543,"A"
264507,78,49,0,0,DOWN,382827945143,"N"
264507,78,49,0,0,UP,382884024343,"N"
264507,68,32,0,0,DOWN,382939959543,"D"
264507,70,33,0,0,DOWN,383027721243,"F"
264507,68,32,0,0,UP,383043893043,"D"
264507,70,33,0,0,UP,383107907443,"F"
264507,72,35,0,0,DOWN,383131946743,"H"
264507,72,35,0,0,UP,383227953343,"H"
264507,66,48,0,0,DOWN,383228755343,"B"
264507,85,22,0,0,DOWN,383331917643,"U"
264507,66,48,0,0,UP,383347918143,"B"
264507,82,19,0,0,DOWN,383435910143,"R"
264507,85,22,0,0,UP,383443938143,"U"
264507,71,34,0,0,DOWN,383532007243,"G"
264507,82,19,0,0,UP,383547945243,"R"
264507,69,18,0,0,DOWN,383635697743,"E"
264507,71,34,0,0,UP,383643902343,"G"
264507,78,49,0,0,DOWN,383731961043,"N"
264507,69,18,0,0,UP,383739885343,"E"
264507,78,49,0,0,UP,383795904743,"N"
264507,76,38,0,0,DOWN,383835679643,"L"
264507,76,38,0,0,UP,383891943543,"L"
264507,65,30,0,0,DOWN,383931890943,"A"
264507,65,30,0,0,UP,383979993543,"A"
264507,78,49,0,0,DOWN,384035664243,"N"
264507,78,49,0,0,UP,384099915443,"N"
264507,68,32,0,0,DOWN,384131895943,"D"
264507,70,33,0,0,DOWN,384235713843,"F"
264507,68,32,0,0,UP,384243960843,"D"
264507,70,33,0,0,UP,384299922743,"F"
264507,72,35,0,0,DOWN,384331974143,"H"
264507,66,48,0,0,DOWN,384435804243,"B"
264507,72,35,0,0,UP,384443646943,"H"
264507,85,22,0,0,DOWN,384531837943,"U"
264507,66,48,0,0,UP,384555950643,"B"
264507,82,19,0,0,DOWN,384635700243,"R"
264507,85,22,0,0,UP,384643910643,"U"
264507,71,34,0,0,DOWN,384731896143,"G"
264507,82,19,0,0,UP,384747969743,"R"
264507,69,18,0,0,DOWN,384835668043,"E"
264507,71,34,0,0,UP,384843710543,"G"
264507,78,49,0,0,DOWN,384931946643,"N"
264507,69,18,0,0,UP,384939947843,"E"
264507,78,49,0,0,UP,384995769743,"N"
264507,76,38,0,0,DOWN,385027939443,"L"
264507,76,38,0,0,UP,385083949643,"L"
264507,65,30,0,0,DOWN,385131958543,"A"
264507,65,30,0,0,UP,385171730143,"A"
264507,78,49,0,0,DOWN,385227949943,"N"
264507,78,49,0,0,UP,385291925043,"N"
264507,68,32,0,0,DOWN,385339797343,"D"
264507,70,33,0,0,DOWN,385427660043,"F"
264507,68,32,0,0,UP,385443870943,"D"
264507,70,33,0,0,UP,385507926543,"F"
264507,72,35,0,0,DOWN,385531923843,"H"
264507,72,35,0,0,UP,385628114743,"H"
264507,66,48,0,0,DOWN,385628742543,"B"
264507,85,22,0,0,DOWN,385731820843,"U"
264507,66,48,0,0,UP,385755794743,"B"
264507,82,19,0,0,DOWN,385836025843,"R"
264507,85,22,0,0,UP,385843799843,"U"
264507,71,34,0,0,DOWN,385931847943,"G"
264507,82,19,0,0,UP,385955746543,"R"
264507,69,18,0,0,DOWN,386035949743,"E"
264507,71,34,0,0,UP,386043950343,"G"
264507,78,49,0,0,DOWN,386132101543,"N"
264507,69,18,0,0,UP,386139964443,"E"
264507,78,49,0,0,UP,386195938543,"N"
264507,76,38,0,0,DOWN,386236083243,"L"
264507,76,38,0,0,UP,386291985143,"L"
264507,65,30,0,0,DOWN,386331955943,"A"
264507,65,30,0,0,UP,386379992043,"A"
264507,78,49,0,0,DOWN,386435966343,"N"
264507,78,49,0,0,UP,386499973243,"N"
264507,68,32,0,0,DOWN,386531972143,"D"
264507,70,33,0,0,DOWN,386635936543,"F"
264507,68,32,0,0,UP,386643922943,"D"
264507,70,33,0,0,UP,386707966143,"F"
264507,72,35,0,0,DOWN,386731925143,"H"
264507,66,48,0,0,DOWN,386836018243,"B"
264507,72,35,0,0,UP,386843913943,"H"
264507,85,22,0,0,DOWN,386931913243,"U"
264507,66,48,0,0,UP,386955785643,"B"
264507,82,19,0,0,DOWN,387035953843,"R"
264507,85,22,0,0,UP,387043945643,"U"
264507,71,34,0,0,DOWN,387131961343,"G"
264507,82,19,0,0,UP,387155804843,"R"
264507,69,18,0,0,DOWN,387235968743,"E"
264507,71,34,0,0,UP,387243678043,"G"
264507,78,49,0,0,DOWN,387331621943,"N"
264507,69,18,0,0,UP,387339674343,"E"
264507,78,49,0,0,UP,387395738843,"N"
264507,76,38,0,0,DOWN,387427930843,"L"
264507,76,38,0,0,UP,387484006543,"L"
264507,65,30,0,0,DOWN,387531999243,"A"
264507,65,30,0,0,UP,387579968743,"A"
264507,78,49,0,0,DOWN,387627977743,"N"
264507,78,49,0,0,UP,387691937943,"N"
264507,68,32,0,0,DOWN,387739645743,"D"
264507,70,33,0,0,DOWN,387827978743,"F"
264507,68,32,0,0,UP,387843720943,"D"
264507,70,33,0,0,UP,387899936343,"F"
264507,72,35,0,0,DOWN,387932008543,"H"
264507,72,35,0,0,UP,388035966443,"H"
264507,66,48,0,0,DOWN,388036767843,"B"
264507,85,22,0,0,DOWN,388131933243,"U"
264507,66,48,0,0,UP,388147985643,"B"
264507,82,19,0,0,DOWN,388236002943,"R"
264507,85,22,0,0,UP,388243934243,"U"
264507,71,34,0,0,DOWN,388331949843,"G"
264507,82,19,0,0,UP,388347961443,"R"
264507,69,18,0,0,DOWN,388435954743,"E"
264507,71,34,0,0,UP,388451661343,"G"
264507,78,49,0,0,DOWN,388531754643,"N"
264507,69,18,0,0,UP,388539871843,"E"
264507,78,49,0,0,UP,388595956243,"N"
264507,76,38,0,0,DOWN,388635974043,"L"
264507,76,38,0,0,UP,388692003343,"L"
264507,65,30,0,0,DOWN,388731974843,"A"
264507,65,30,0,0,UP,388779956543,"A"
264507,78,49,0,0,DOWN,388835965643,"N"
264507,78,49,0,0,UP,388899979943,"N"
264507,68,32,0,0,DOWN,388931966043,"D"
264507,70,33,0,0,DOWN,389035989643,"F"
264507,68,32,0,0,UP,389043969043,"D"
264507,70,33,0,0,UP,389107844643,"F"
264507,72,35,0,0,DOWN,389131983443,"H"
264507,66,48,0,0,DOWN,389235945843,"B"
264507,72,35,0,0,UP,389243957743,"H"
264507,85,22,0,0,DOWN,389331934043,"U"
264507,66,48,0,0,UP,389348026243,"B"
264507,82,19,0,0,DOWN,389436008743,"R"
264507,85,22,0,0,UP,389444001543,"U"
264507,71,34,0,0,DOWN,389531950343,"G"
264507,82,19,0,0,UP,389547941643,"R"
264507,71,34,0,0,UP,389636010943,"G"
264507,69,18,0,0,DOWN,389636796543,"E"
264507,78,49,0,0,DOWN,389732046443,"N"
264507,69,18,0,0,UP,389739753443,"E"
264507,78,49,0,0,UP,389795979943,"N"
264507,76,38,0,0,DOWN,389827753143,"L"
264507,76,38,0,0,UP,389883954343,"L"
264507,65,30,0,0,DOWN,389931973543,"A"
264507,65,30,0,0,UP,389979847343,"A"
264507,78,49,0,0,DOWN,390027979043,"N"
264507,78,49,0,0,UP,390084003143,"N"
264507,68,32,0,0,DOWN,390139821943,"D"
264507,70,33,0,0,DOWN,390235952343,"F"
264507,68,32,0,0,UP,390243995643,"D"
264507,70,33,0,0,UP,390307787143,"F"
264507,72,35,0,0,DOWN,390331952643,"H"
264507,72,35,0,0,UP,390427870743,"H"
264507,66,48,0,0,DOWN,390435955143,"B"
264507,85,22,0,0,DOWN,390531932443,"U"
264507,66,48,0,0,UP,390547977243,"B"
264507,82,19,0,0,DOWN,390635951643,"R"
264507,85,22,0,0,UP,390643977343,"U"
264507,71,34,0,0,DOWN,390731971243,"G"
264507,82,19,0,0,UP,390747963543,"R"
264507,69,18,0,0,DOWN,390836001443,"E"
264507,71,34,0,0,UP,390843710143,"G"
264507,78,49,0,0,DOWN,390931944743,"N"
264507,69,18,0,0,UP,390939802443,"E"
264507,78,49,0,0,UP,390995774443,"N"
264507,76,38,0,0,DOWN,391036001643,"L"
264507,76,38,0,0,UP,391091964243,"L"
264507,65,30,0,0,DOWN,391131958043,"A"
264507,65,30,0,0,UP,391179948143,"A"
264507,78,49,0,0,DOWN,391235998643,"N"
264507,78,49,0,0,UP,391291975743,"N"
264507,68,32,0,0,DOWN,391331991643,"D"
264507,70,33,0,0,DOWN,391436039743,"F"
264507,68,32,0,0,UP,391443969143,"D"
264507,70,33,0,0,UP,391507755343,"F"
264507,72,35,0,0,DOWN,391531989343,"H"
264507,72,35,0,0,UP,391635991843,"H"
264507,66,48,0,0,DOWN,391636696643,"B"
264507,85,22,0,0,DOWN,391731996143,"U"
264507,66,48,0,0,UP,391755809643,"B"
264507,82,19,0,0,DOWN,391827979943,"R"
264507,85,22,0,0,UP,391843727943,"U"
264507,71,34,0,0,DOWN,391931988443,"G"
264507,82,19,0,0,UP,391947994843,"R"
264507,69,18,0,0,DOWN,392036061143,"E"
264507,71,34,0,0,UP,392044176143,"G"
264507,78,49,0,0,DOWN,392131999143,"N"
264507,69,18,0,0,UP,392139997843,"E"
264507,78,49,0,0,UP,392196027943,"N"
264507,76,38,0,0,DOWN,392227967643,"L"
264507,76,38,0,0,UP,392283995543,"L"
264507,65,30,0,0,DOWN,392331962943,"A"
264507,65,30,0,0,UP,392379965143,"A"
264507,78,49,0,0,DOWN,392435986943,"N"
264507,78,49,0,0,UP,392491757443,"N"
264507,68,32,0,0,DOWN,392532019243,"D"
264507,70,33,0,0,DOWN,392636014343,"F"
264507,68,32,0,0,UP,392643763743,"D"
264507,70,33,0,0,UP,392699993343,"F"
264507,72,35,0,0,DOWN,392732018743,"H"
264507,72,35,0,0,UP,392836016143,"H"
264507,66,48,0,0,DOWN,392837026143,"B"
264507,85,22,0,0,DOWN,392931965443,"U"
264507,66,48,0,0,UP,392955849143,"B"
264507,82,19,0,0,DOWN,393036000943,"R"
264507,85,22,0,0,UP,393044016043,"U"
264507,71,34,0,0,DOWN,393132053643,"G"
264507,82,19,0,0,UP,393155981443,"R"
264507,69,18,0,0,DOWN,393235998543,"E"
264507,71,34,0,0,UP,393244003143,"G"
264507,69,18,0,0,UP,393332037743,"E"
264507,78,49,0,0,DOWN,393332959043,"N"
264507,78,49,0,0,UP,393395987343,"N"
264507,76,38,0,0,DOWN,393435965243,"L"
264507,76,38,0,0,UP,393491787643,"L"
264507,65,30,0,0,DOWN,393531992443,"A"
264507,65,30,0,0,UP,393571977343,"A"
264507,78,49,0,0,DOWN,393635974243,"N"
264507,78,49,0,0,UP,393691836343,"N"
264507,68,32,0,0,DOWN,393732012743,"D"
264507,70,33,0,0,DOWN,393836080043,"F"
264507,68,32,0,0,UP,393843881743,"D"
264507,70,33,0,0,UP,393908192043,"F"
264507,72,35,0,0,DOWN,393932016843,"H"
264507,66,48,0,0,DOWN,394027900143,"B"
264507,72,35,0,0,UP,394035970943,"H"
264507,85,22,0,0,DOWN,394132052043,"U"
264507,66,48,0,0,UP,394156036943,"B"
264507,82,19,0,0,DOWN,394227815143,"R"
264507,85,22,0,0,UP,394243980443,"U"
264507,71,34,0,0,DOWN,394332008743,"G"
264507,82,19,0,0,UP,394348031743,"R"
264507,69,18,0,0,DOWN,394436015443,"E"
264507,71,34,0,0,UP,394444064643,"G"
264507,78,49,0,0,DOWN,394532037643,"N"
264507,69,18,0,0,UP,394540001043,"E"
264507,78,49,0,0,UP,394595991643,"N"
264507,76,38,0,0,DOWN,394636019443,"L"
264507,76,38,0,0,UP,394683983843,"L"
264507,65,30,0,0,DOWN,394732061643,"A"
264507,65,30,0,0,UP,394780017143,"A"
264507,78,49,0,0,DOWN,394835941843,"N"
264507,78,49,0,0,UP,394892152043,"N"
264507,68,32,0,0,DOWN,394932045043,"D"
264507,70,33,0,0,DOWN,395036042943,"F"
264507,68,32,0,0,UP,395043720143,"D"
264507,70,33,0,0,UP,395108080743,"F"
264507,72,35,0,0,DOWN,395131817943,"H"
264507,72,35,0,0,UP,395236016443,"H"
264507,66,48,0,0,DOWN,395236971543,"B"
264507,85,22,0,0,DOWN,395331769043,"U"
264507,66,48,0,0,UP,395356005743,"B"
264507,82,19,0,0,DOWN,395435983443,"R"
264507,85,22,0,0,UP,395443818143,"U"
264507,71,34,0,0,DOWN,395532050943,"G"
264507,82,19,0,0,UP,395556025843,"R"
264507,69,18,0,0,DOWN,395636058643,"E"
264507,71,34,0,0,UP,395643688043,"G"
264507,78,49,0,0,DOWN,395732035843,"N"
264507,69,18,0,0,UP,395739949543,"E"
264507,78,49,0,0,UP,395796005043,"N"
264507,76,38,0,0,DOWN,395828068343,"L"
264507,76,38,0,0,UP,395884009243,"L"
264507,65,30,0,0,DOWN,395932049143,"A"
264507,65,30,0,0,UP,395980003243,"A"
264507,78,49,0,0,DOWN,396027995043,"N"
264507,78,49,0,0,UP,396092030043,"N"
264507,68,32,0,0,DOWN,396132066743,"D"
264507,70,33,0,0,DOWN,396227850343,"F"
264507,68,32,0,0,UP,396243904743,"D"
264507,70,33,0,0,UP,396308012343,"F"
264507,72,35,0,0,DOWN,396331995843,"H"
264507,66,48,0,0,DOWN,396427775643,"B"
264507,72,35,0,0,UP,396435737843,"H"
264507,85,22,0,0,DOWN,396531677243,"U"
264507,66,48,0,0,UP,396555959043,"B"
264507,82,19,0,0,DOWN,396636072643,"R"
264507,85,22,0,0,UP,396643845043,"U"
264507,71,34,0,0,DOWN,396732013643,"G"
264507,82,19,0,0,UP,396747785543,"R"
264507,69,18,0,0,DOWN,396836023243,"E"
264507,71,34,0,0,UP,396843999443,"G"
264507,78,49,0,0,DOWN,396932019943,"N"
264507,69,18,0,0,UP,396939984843,"E"
264507,78,49,0,0,UP,396996008243,"N"
264507,76,38,0,0,DOWN,397036024743,"L"
264507,76,38,0,0,UP,397092160443,"L"
264507,65,30,0,0,DOWN,397132056843,"A"
264507,65,30,0,0,UP,397180030843,"A"
264507,78,49,0,0,DOWN,397236071643,"N"
264507,78,49,0,0,UP,397292022643,"N"
264507,68,32,0,0,DOWN,397332037743,"D"
264507,70,33,0,0,DOWN,397436022143,"F"
264507,68,32,0,0,UP,397444154743,"D"
264507,70,33,0,0,UP,397508080843,"F"
264507,72,35,0,0,DOWN,397532038943,"H"
264507,66,48,0,0,DOWN,397635992743,"B"
264507,72,35,0,0,UP,397644051443,"H"
264507,85,22,0,0,DOWN,397732018043,"U"
264507,66,48,0,0,UP,397756151143,"B"
264507,82,19,0,0,DOWN,397836094243,"R"
264507,85,22,0,0,UP,397843832843,"U"
264507,71,34,0,0,DOWN,397931792543,"G"
264507,82,19,0,0,UP,397956040843,"R"
264507,69,18,0,0,DOWN,398036042643,"E"
264507,71,34,0,0,UP,398044039143,"G"
264507,78,49,0,0,DOWN,398131801343,"N"
264507,69,18,0,0,UP,398140097143,"E"
264507,78,49,0,0,UP,398195810943,"N"
264507,76,38,0,0,DOWN,398228137943,"L"
264507,76,38,0,0,UP,398284064543,"L"
264507,65,30,0,0,DOWN,398332082343,"A"
264507,65,30,0,0,UP,398379882843,"A"
264507,78,49,0,0,DOWN,398427807243,"N"
264507,78,49,0,0,UP,398484003843,"N"
264507,68,32,0,0,DOWN,398540091343,"D"
264507,70,33,0,0,DOWN,398628090143,"F"
264507,68,32,0,0,UP,398643784543,"D"
264507,70,33,0,0,UP,398700068643,"F"
264507,72,35,0,0,DOWN,398732036643,"H"
264507,66,48,0,0,DOWN,398836044343,"B"
264507,72,35,0,0,UP,398844027643,"H"
264507,85,22,0,0,DOWN,398932119543,"U"
264507,66,48,0,0,UP,398956055643,"B"
264507,85,22,0,0,UP,399036035943,"U"
264507,82,19,0,0,DOWN,399036932743,"R"
264507,71,34,0,0,DOWN,399132149843,"G"
264507,82,19,0,0,UP,399140020543,"R"
264507,69,18,0,0,DOWN,399236058843,"E"
264507,71,34,0,0,UP,399243789743,"G"
264507,69,18,0,0,UP,399332024143,"E"
264507,78,49,0,0,DOWN,399340087143,"N"
264507,78,49,0,0,UP,399395898443,"N"
264507,76,38,0,0,DOWN,399436073643,"L"
264507,76,38,0,0,UP,399492054343,"L"
264507,65,30,0,0,DOWN,399532077943,"A"
264507,65,30,0,0,UP,399579867443,"A"
264507,78,49,0,0,DOWN,399636045643,"N"
264507,78,49,0,0,UP,399692086643,"N"
264507,68,32,0,0,DOWN,399732123143,"D"
264507,70,33,0,0,DOWN,399836039543,"F"
264507,68,32,0,0,UP,399843826143,"D"
264507,70,33,0,0,UP,399908106043,"F"
264507,72,35,0,0,DOWN,399931816343,"H"
264507,72,35,0,0,UP,400036118643,"H"
264507,66,48,0,0,DOWN,400037117243,"B"
264507,85,22,0,0,DOWN,400132082643,"U"
264507,66,48,0,0,UP,400147995343,"B"
264507,82,19,0,0,DOWN,400236068043,"R"
264507,85,22,0,0,UP,400244080043,"U"
264507,71,34,0,0,DOWN,400332019243,"G"
264507,82,19,0,0,UP,400356041143,"R"
264507,69,18,0,0,DOWN,400436058543,"E"
264507,71,34,0,0,UP,400443992043,"G"
264507,78,49,0,0,DOWN,400532038943,"N"
264507,69,18,0,0,UP,400540069643,"E"
264507,78,49,0,0,UP,400596107943,"N"
264507,76,38,0,0,DOWN,400628065343,"L"
264507,76,38,0,0,UP,400684048643,"L"
264507,65,30,0,0,DOWN,400732042643,"A"
264507,65,30,0,0,UP,400780155243,"A"
264507,78,49,0,0,DOWN,400828105843,"N"
264507,78,49,0,0,UP,400892050543,"N"
264507,68,32,0,0,DOWN,400940056543,"D"
264507,70,33,0,0,DOWN,401035782843,"F"
264507,68,32,0,0,UP,401044078143,"D"
264507,70,33,0,0,UP,401100042643,"F"
264507,72,35,0,0,DOWN,401132132743,"H"
264507,66,48,0,0,DOWN,401236038843,"B"
264507,72,35,0,0,UP,401243777643,"H"
264507,85,22,0,0,DOWN,401332091643,"U"
264507,66,48,0,0,UP,401356045743,"B"
264507,82,19,0,0,DOWN,401436167343,"R"
264507,85,22,0,0,UP,401444102143,"U"
264507,71,34,0,0,DOWN,401532120743,"G"
264507,82,19,0,0,UP,401547928143,"R"
264507,69,18,0,0,DOWN,401636001143,"E"
264507,71,34,0,0,UP,401643850343,"G"
264507,78,49,0,0,DOWN,401732037243,"N"
264507,69,18,0,0,UP,401740038243,"E"
264507,78,49,0,0,UP,401796082443,"N"
264507,76,38,0,0,DOWN,401836043643,"L"
264507,76,38,0,0,UP,401892106543,"L"
264507,65,30,0,0,DOWN,401932035743,"A"
264507,65,30,0,0,UP,401980088543,"A"
264507,78,49,0,0,DOWN,402036065343,"N"
264507,78,49,0,0,UP,402100067443,"N"
264507,68,32,0,0,DOWN,402131858443,"D"
264507,70,33,0,0,DOWN,402236129843,"F"
264507,68,32,0,0,UP,402244037543,"D"
264507,70,33,0,0,UP,402308066143,"F"
264507,72,35,0,0,DOWN,402331813543,"H"
264507,72,35,0,0,UP,402436064943,"H"
264507,66,48,0,0,DOWN,402437044343,"B"
264507,85,22,0,0,DOWN,402531796043,"U"
264507,66,48,0,0,UP,402556119243,"B"
264507,82,19,0,0,DOWN,402628074043,"R"
264507,85,22,0,0,UP,402644057243,"U"
264507,71,34,0,0,DOWN,402731882443,"G"
264507,82,19,0,0,UP,402748067643,"R"
264507,69,18,0,0,DOWN,402836114743,"E"
264507,71,34,0,0,UP,402843852143,"G"
264507,78,49,0,0,DOWN,402931873743,"N"
264507,69,18,0,0,UP,402940101943,"E"
264507,78,49,0,0,UP,402988024543,"N"
264507,76,38,0,0,DOWN,403028084443,"L"
264507,76,38,0,0,UP,403084077343,"L"
264507,65,30,0,0,DOWN,403131901743,"A"
264507,65,30,0,0,UP,403180087843,"A"
264507,78,49,0,0,DOWN,403236118843,"N"
264507,78,49,0,0,UP,403284087543,"N"
264507,68,32,0,0,DOWN,403331759743,"D"
264507,70,33,0,0,DOWN,403436089543,"F"
264507,68,32,0,0,UP,403444029543,"D"
264507,70,33,0,0,UP,403500110343,"F"
264507,72,35,0,0,DOWN,403531970343,"H"
264507,72,35,0,0,UP,403636123543,"H"
264507,66,48,0,0,DOWN,403637001743,"B"
264507,85,22,0,0,DOWN,403732047343,"U"
264507,66,48,0,0,UP,403748072943,"B"
264507,82,19,0,0,DOWN,403836023343,"R"
264507,85,22,0,0,UP,403844019243,"U"
264507,71,34,0,0,DOWN,403932182943,"G"
264507,82,19,0,0,UP,403948229243,"R"
264507,69,18,0,0,DOWN,404036092443,"E"
264507,71,34,0,0,UP,404043826443,"G"
264507,69,18,0,0,UP,404132149343,"E"
264507,78,49,0,0,DOWN,404132899843,"N"
264507,78,49,0,0,UP,404196132743,"N"
264507,76,38,0,0,DOWN,404236142643,"L"
264507,76,38,0,0,UP,404292105543,"L"
264507,65,30,0,0,DOWN,404331963743,"A"
264507,65,30,0,0,UP,404380069443,"A"
264507,78,49,0,0,DOWN,404436094843,"N"
264507,78,49,0,0,UP,404492085643,"N"
264507,68,32,0,0,DOWN,404532081543,"D"
264507,70,33,0,0,DOWN,404636062943,"F"
264507,68,32,0,0,UP,404644028343,"D"
264507,70,33,0,0,UP,404707805243,"F"
264507,72,35,0,0,DOWN,404732090743,"H"
264507,66,48,0,0,DOWN,404828117343,"B"
264507,72,35,0,0,UP,404836226243,"H"
264507,85,22,0,0,DOWN,404932103043,"U"
264507,66,48,0,0,UP,404956116343,"B"
264507,82,19,0,0,DOWN,405028111243,"R"
264507,85,22,0,0,UP,405044116843,"U"
264507,71,34,0,0,DOWN,405132145443,"G"
264507,82,19,0,0,UP,405148107043,"R"
264507,71,34,0,0,UP,405236237243,"G"
264507,69,18,0,0,DOWN,405237140943,"E"
264507,78,49,0,0,DOWN,405332100643,"N"
264507,69,18,0,0,UP,405340100143,"E"
264507,78,49,0,0,UP,405396107943,"N"
264507,76,38,0,0,DOWN,405436034143,"L"
264507,76,38,0,0,UP,405483893943,"L"
264507,65,30,0,0,DOWN,405532133043,"A"
264507,65,30,0,0,UP,405580088243,"A"
264507,78,49,0,0,DOWN,405636059243,"N"
264507,78,49,0,0,UP,405692103243,"N"
264507,68,32,0,0,DOWN,405731788943,"D"
264507,70,33,0,0,DOWN,405836161443,"F"
264507,68,32,0,0,UP,405852070643,"D"
264507,70,33,0,0,UP,405908108943,"F"
264507,72,35,0,0,DOWN,405932087343,"H"
264507,72,35,0,0,UP,406028165043,"H"
264507,66,48,0,0,DOWN,406036125843,"B"
264507,85,22,0,0,DOWN,406132145443,"U"
264507,66,48,0,0,UP,406148127743,"B"
264507,82,19,0,0,DOWN,406236104743,"R"
264507,85,22,0,0,UP,406244127543,"U"
264507,71,34,0,0,DOWN,406332112443,"G"
264507,82,19,0,0,UP,406348128643,"R"
264507,69,18,0,0,DOWN,406436116643,"E"
264507,71,34,0,0,UP,406444130743,"G"
264507,69,18,0,0,UP,406532122843,"E"
264507,78,49,0,0,DOWN,406533087443,"N"
264507,78,49,0,0,UP,406596097543,"N"
264507,76,38,0,0,DOWN,406636116843,"L"
264507,76,38,0,0,UP,406684190943,"L"
264507,65,30,0,0,DOWN,406732107243,"A"
264507,65,30,0,0,UP,406780170143,"A"
264507,78,49,0,0,DOWN,406836105743,"N"
264507,78,49,0,0,UP,406891948843,"N"
264507,68,32,0,0,DOWN,406932074843,"D"
264507,70,33,0,0,DOWN,407028098643,"F"
264507,68,32,0,0,UP,407044242843,"D"
264507,70,33,0,0,UP,407108114543,"F"
264507,72,35,0,0,DOWN,407132138443,"H"
264507,66,48,0,0,DOWN,407228131043,"B"
264507,72,35,0,0,UP,407236069543,"H"
264507,85,22,0,0,DOWN,407332303443,"U"
264507,66,48,0,0,UP,407356122543,"B"
264507,82,19,0,0,DOWN,407436096943,"R"
264507,85,22,0,0,UP,407444119143,"U"
264507,71,34,0,0,DOWN,407532144543,"G"
264507,82,19,0,0,UP,407548121143,"R"
264507,69,18,0,0,DOWN,407636140943,"E"
264507,71,34,0,0,UP,407644182743,"G"
264507,78,49,0,0,DOWN,407732171943,"N"
264507,69,18,0,0,UP,407740150143,"E"
264507,78,49,0,0,UP,407796204843,"N"
264507,76,38,0,0,DOWN,407836026743,"L"
264507,76,38,0,0,UP,407892128143,"L"
264507,65,30,0,0,DOWN,407932110443,"A"
264507,65,30,0,0,UP,407980172643,"A"
264507,78,49,0,0,DOWN,408035880443,"N"
264507,78,49,0,0,UP,408100118343,"N"
264507,68,32,0,0,DOWN,408132132643,"D"
264507,70,33,0,0,DOWN,408235872543,"F"
264507,68,32,0,0,UP,408244166243,"D"
264507,70,33,0,0,UP,408300114243,"F"
264507,72,35,0,0,DOWN,408332115743,"H"
264507,66,48,0,0,DOWN,408435871043,"B"
264507,72,35,0,0,UP,408443856843,"H"
264507,85,22,0,0,DOWN,408532155743,"U"
264507,66,48,0,0,UP,408556074543,"B"
264507,82,19,0,0,DOWN,408635932443,"R"
264507,85,22,0,0,UP,408644199543,"U"
264507,71,34,0,0,DOWN,408732174143,"G"
264507,82,19,0,0,UP,408756106743,"R"
264507,69,18,0,0,DOWN,408835886843,"E"
264507,71,34,0,0,UP,408844070543,"G"
264507,78,49,0,0,DOWN,408932146143,"N"
264507,69,18,0,0,UP,408940121743,"E"
264507,78,49,0,0,UP,408988107243,"N"
264507,76,38,0,0,DOWN,409028116043,"L"
264507,76,38,0,0,UP,409084100043,"L"
264507,65,30,0,0,DOWN,409132198143,"A"
264507,65,30,0,0,UP,409180123043,"A"
264507,78,49,0,0,DOWN,409228134043,"N"
264507,78,49,0,0,UP,409284177943,"N"
264507,68,32,0,0,DOWN,409339879943,"D"
264507,70,33,0,0,DOWN,409428145743,"F"
264507,68,32,0,0,UP,409444160743,"D"
264507,70,33,0,0,UP,409508122143,"F"
264507,72,35,0,0,DOWN,409532175643,"H"
264507,72,35,0,0,UP,409628139543,"H"
264507,66,48,0,0,DOWN,409635875143,"B"
264507,85,22,0,0,DOWN,409732087343,"U"
264507,66,48,0,0,UP,409756098243,"B"
264507,82,19,0,0,DOWN,409836218543,"R"
264507,85,22,0,0,UP,409843901343,"U"
264507,71,34,0,0,DOWN,409932270743,"G"
264507,82,19,0,0,UP,409948072143,"R"
264507,71,34,0,0,UP,410036320143,"G"
264507,69,18,0,0,DOWN,410037219143,"E"
264507,69,18,0,0,UP,410132192843,"E"
264507,78,49,0,0,DOWN,410132994643,"N"
264507,78,49,0,0,UP,410196162243,"N"
264507,76,38,0,0,DOWN,410236159243,"L"
264507,76,38,0,0,UP,410291913243,"L"
264507,65,30,0,0,DOWN,410332170343,"A"
264507,65,30,0,0,UP,410380187043,"A"
264507,78,49,0,0,DOWN,410436128643,"N"
264507,78,49,0,0,UP,410492111343,"N"
264507,68,32,0,0,DOWN,410532154443,"D"
264507,70,33,0,0,DOWN,410636167343,"F"
264507,68,32,0,0,UP,410643981443,"D"
264507,70,33,0,0,UP,410708169243,"F"
264507,72,35,0,0,DOWN,410732128943,"H"
264507,66,48,0,0,DOWN,410836000543,"B"
264507,72,35,0,0,UP,410843938243,"H"
264507,85,22,0,0,DOWN,410932156743,"U"
264507,66,48,0,0,UP,410955935843,"B"
264507,85,22,0,0,UP,411036183543,"U"
264507,82,19,0,0,DOWN,411037119343,"R"
264507,71,34,0,0,DOWN,411132192043,"G"
264507,82,19,0,0,UP,411147855343,"R"
264507,69,18,0,0,DOWN,411236146943,"E"
264507,71,34,0,0,UP,411244119443,"G"
264507,78,49,0,0,DOWN,411332195743,"N"
264507,69,18,0,0,UP,411340063543,"E"
264507,78,49,0,0,UP,411395934443,"N"
264507,76,38,0,0,DOWN,411427835443,"L"
264507,76,38,0,0,UP,411492180243,"L"
264507,65,30,0,0,DOWN,411532163543,"A"
264507,65,30,0,0,UP,411580162943,"A"
264507,78,49,0,0,DOWN,411627909143,"N"
264507,78,49,0,0,UP,411692254443,"N"
264507,68,32,0,0,DOWN,411740210743,"D"
264507,70,33,0,0,DOWN,411836136743,"F"
264507,68,32,0,0,UP,411843928143,"D"
264507,70,33,0,0,UP,411908151143,"F"
264507,72,35,0,0,DOWN,411932170043,"H"
264507,66,48,0,0,DOWN,412036198343,"B"
264507,72,35,0,0,UP,412044116743,"H"
264507,85,22,0,0,DOWN,412132151043,"U"
264507,66,48,0,0,UP,412155987143,"B"
264507,82,19,0,0,DOWN,412236179243,"R"
264507,85,22,0,0,UP,412244154443,"U"
264507,71,34,0,0,DOWN,412332152443,"G"
264507,82,19,0,0,UP,412355956543,"R"
264507,69,18,0,0,DOWN,412435955343,"E"
264507,71,34,0,0,UP,412444174643,"G"
264507,78,49,0,0,DOWN,412532148943,"N"
264507,69,18,0,0,UP,412548181743,"E"
264507,78,49,0,0,UP,412596149743,"N"
264507,76,38,0,0,DOWN,412636173543,"L"
264507,76,38,0,0,UP,412692171743,"L"
264507,65,30,0,0,DOWN,412732255443,"A"
264507,65,30,0,0,UP,412780160643,"A"
264507,78,49,0,0,DOWN,412836181243,"N"
264507,78,49,0,0,UP,412884194643,"N"
264507,68,32,0,0,DOWN,412932178943,"D"
264507,70,33,0,0,DOWN,413036171843,"F"
264507,68,32,0,0,UP,413044154643,"D"
264507,70,33,0,0,UP,413107963743,"F"
264507,72,35,0,0,DOWN,413132229143,"H"
264507,72,35,0,0,UP,413236200343,"H"
264507,66,48,0,0,DOWN,413237179343,"B"
264507,85,22,0,0,DOWN,413332170443,"U"
264507,66,48,0,0,UP,413348155143,"B"
264507,82,19,0,0,DOWN,413428161343,"R"
264507,85,22,0,0,UP,413436195943,"U"
264507,71,34,0,0,DOWN,413532152843,"G"
264507,82,19,0,0,UP,413548172743,"R"
264507,69,18,0,0,DOWN,413636205343,"E"
264507,71,34,0,0,UP,413644207943,"G"
264507,78,49,0,0,DOWN,413732174043,"N"
264507,69,18,0,0,UP,413739909543,"E"
264507,78,49,0,0,UP,413796164543,"N"
264507,76,38,0,0,DOWN,413836201143,"L"
264507,76,38,0,0,UP,413884281543,"L"
264507,65,30,0,0,DOWN,413932128443,"A"
264507,65,30,0,0,UP,413980120343,"A"
264507,78,49,0,0,DOWN,414036158643,"N"
264507,78,49,0,0,UP,414092142943,"N"
264507,68,32,0,0,DOWN,414132177443,"D"
264507,70,33,0,0,DOWN,414236180943,"F"
264507,68,32,0,0,UP,414252141243,"D"
264507,70,33,0,0,UP,414308135843,"F"
264507,72,35,0,0,DOWN,414332217143,"H"
264507,66,48,0,0,DOWN,414436211443,"B"
264507,72,35,0,0,UP,414452180943,"H"
264507,85,22,0,0,DOWN,414532148643,"U"
264507,66,48,0,0,UP,414556270643,"B"
264507,82,19,0,0,DOWN,414636257443,"R"
264507,85,22,0,0,UP,414644236543,"U"
264507,71,34,0,0,DOWN,414732195943,"G"
264507,82,19,0,0,UP,414748176843,"R"
264507,69,18,0,0,DOWN,414836217743,"E"
264507,71,34,0,0,UP,414843992343,"G"
264507,69,18,0,0,UP,414932184143,"E"
264507,78,49,0,0,DOWN,414932913743,"N"
264507,78,49,0,0,UP,414996214543,"N"
264507,76,38,0,0,DOWN,415035977643,"L"
264507,76,38,0,0,UP,415092182643,"L"
264507,65,30,0,0,DOWN,415132174943,"A"
264507,65,30,0,0,UP,415172195743,"A"
264507,78,49,0,0,DOWN,415236149243,"N"
264507,78,49,0,0,UP,415292024143,"N"
264507,68,32,0,0,DOWN,415332158843,"D"
264507,70,33,0,0,DOWN,415427923243,"F"
264507,68,32,0,0,UP,415444142843,"D"
264507,70,33,0,0,UP,415508191043,"F"
264507,72,35,0,0,DOWN,415532074943,"H"
264507,72,35,0,0,UP,415628189943,"H"
264507,66,48,0,0,DOWN,415629138043,"B"
264507,85,22,0,0,DOWN,415732092343,"U"
264507,66,48,0,0,UP,415748172643,"B"
264507,82,19,0,0,DOWN,415828218043,"R"
264507,85,22,0,0,UP,415843900843,"U"
264507,71,34,0,0,DOWN,415932203643,"G"
264507,82,19,0,0,UP,415940242343,"R"
264507,71,34,0,0,UP,416036184343,"G"
264507,69,18,0,0,DOWN,416037123443,"E"
264507,78,49,0,0,DOWN,416132257843,"N"
264507,69,18,0,0,UP,416139928643,"E"
264507,78,49,0,0,UP,416196219643,"N"
264507,76,38,0,0,DOWN,416236277343,"L"
264507,76,38,0,0,UP,416284217443,"L"
264507,65,30,0,0,DOWN,416332267943,"A"
264507,65,30,0,0,UP,416379948143,"A"
264507,78,49,0,0,DOWN,416436281843,"N"
264507,78,49,0,0,UP,416492142743,"N"
264507,68,32,0,0,DOWN,416531951043,"D"
264507,70,33,0,0,DOWN,416636180743,"F"
264507,68,32,0,0,UP,416644169443,"D"
264507,70,33,0,0,UP,416707914743,"F"
264507,72,35,0,0,DOWN,416732225643,"H"
264507,72,35,0,0,UP,416836208743,"H"
264507,66,48,0,0,DOWN,416837147043,"B"
264507,85,22,0,0,DOWN,416932203843,"U"
264507,66,48,0,0,UP,416956180443,"B"
264507,85,22,0,0,UP,417036211143,"U"
264507,82,19,0,0,DOWN,417037139943,"R"
264507,71,34,0,0,DOWN,417132258743,"G"
264507,82,19,0,0,UP,417148210443,"R"
264507,69,18,0,0,DOWN,417236211343,"E"
264507,71,34,0,0,UP,417244210643,"G"
264507,78,49,0,0,DOWN,417332180343,"N"
264507,69,18,0,0,UP,417340206043,"E"
264507,78,49,0,0,UP,417396125043,"N"
264507,76,38,0,0,DOWN,417428167243,"L"
264507,76,38,0,0,UP,417492053743,"L"
264507,65,30,0,0,DOWN,417532239743,"A"
264507,65,30,0,0,UP,417572214643,"A"
264507,78,49,0,0,DOWN,417628223643,"N"
264507,78,49,0,0,UP,417700065943,"N"
264507,68,32,0,0,DOWN,417740237543,"D"
264507,70,33,0,0,DOWN,417828235943,"F"
264507,68,32,0,0,UP,417844136943,"D"
264507,70,33,0,0,UP,417908405543,"F"
264507,72,35,0,0,DOWN,417932209043,"H"
264507,66,48,0,0,DOWN,418036154843,"B"
264507,72,35,0,0,UP,418043870143,"H"
264507,85,22,0,0,DOWN,418132305443,"U"
264507,66,48,0,0,UP,418156073543,"B"
264507,82,19,0,0,DOWN,418236198743,"R"
264507,85,22,0,0,UP,418244220143,"U"
264507,71,34,0,0,DOWN,418332222443,"G"
264507,82,19,0,0,UP,418356199843,"R"
264507,69,18,0,0,DOWN,418436197643,"E"
264507,71,34,0,0,UP,418444200743,"G"
264507,78,49,0,0,DOWN,418532238243,"N"
264507,69,18,0,0,UP,418540220343,"E"
264507,78,49,0,0,UP,418588237743,"N"
264507,76,38,0,0,DOWN,418636164343,"L"
264507,76,38,0,0,UP,418683967643,"L"
264507,65,30,0,0,DOWN,418732164743,"A"
264507,65,30,0,0,UP,418780023743,"A"
264507,78,49,0,0,DOWN,418836126643,"N"
264507,78,49,0,0,UP,418884180543,"N"
264507,68,32,0,0,DOWN,418932181943,"D"
264507,70,33,0,0,DOWN,419036231443,"F"
264507,68,32,0,0,UP,419043915243,"D"
264507,70,33,0,0,UP,419108199343,"F"
264507,72,35,0,0,DOWN,419131916443,"H"
264507,72,35,0,0,UP,419228209143,"H"
264507,66,48,0,0,DOWN,419236224143,"B"
264507,85,22,0,0,DOWN,419332213243,"U"
264507,66,48,0,0,UP,419348208643,"B"
264507,82,19,0,0,DOWN,419436246743,"R"
264507,85,22,0,0,UP,419443898143,"U"
264507,71,34,0,0,DOWN,419532206443,"G"
264507,82,19,0,0,UP,419548177543,"R"
264507,71,34,0,0,UP,419636259343,"G"
264507,69,18,0,0,DOWN,419637058743,"E"
264507,78,49,0,0,DOWN,419732253643,"N"
264507,69,18,0,0,UP,419740244043,"E"
264507,78,49,0,0,UP,419796319843,"N"
264507,76,38,0,0,DOWN,419828246743,"L"
264507,76,38,0,0,UP,419892191743,"L"
264507,65,30,0,0,DOWN,419932237743,"A"
264507,65,30,0,0,UP,419980243543,"A"
264507,78,49,0,0,DOWN,420028208943,"N"
264507,78,49,0,0,UP,420092247843,"N"
264507,68,32,0,0,DOWN,420140276643,"D"
264507,70,33,0,0,DOWN,420236271943,"F"
264507,68,32,0,0,UP,420244087943,"D"
264507,70,33,0,0,UP,420308224643,"F"
264507,72,35,0,0,DOWN,420332207543,"H"
264507,66,48,0,0,DOWN,420436275043,"B"
264507,72,35,0,0,UP,420443972543,"H"
264507,85,22,0,0,DOWN,420532227843,"U"
264507,66,48,0,0,UP,420556243943,"B"
264507,82,19,0,0,DOWN,420636211343,"R"
264507,85,22,0,0,UP,420643955543,"U"
264507,71,34,0,0,DOWN,420732271443,"G"
264507,82,19,0,0,UP,420748034443,"R"
264507,69,18,0,0,DOWN,420836226943,"E"
264507,71,34,0,0,UP,420843953443,"G"
264507,78,49,0,0,DOWN,420932263143,"N"
264507,69,18,0,0,UP,420940208343,"E"
264507,78,49,0,0,UP,420996282343,"N"
264507,76,38,0,0,DOWN,421036256243,"L"
264507,76,38,0,0,UP,421091950643,"L"
264507,65,30,0,0,DOWN,421132236643,"A"
264507,65,30,0,0,UP,421180267343,"A"
264507,78,49,0,0,DOWN,421236213843,"N"
264507,78,49,0,0,UP,421292292743,"N"
264507,68,32,0,0,DOWN,421332244643,"D"
264507,70,33,0,0,DOWN,421436000043,"F"
264507,68,32,0,0,UP,421444360443,"D"
264507,70,33,0,0,UP,421500272743,"F"
264507,72,35,0,0,DOWN,421532229743,"H"
264507,72,35,0,0,UP,421636305143,"H"
264507,66,48,0,0,DOWN,421637160543,"B"
264507,85,22,0,0,DOWN,421732245543,"U"
264507,66,48,0,0,UP,421756235143,"B"
264507,82,19,0,0,DOWN,421836242343,"R"
264507,85,22,0,0,UP,421843974143,"U"
264507,71,34,0,0,DOWN,421932223943,"G"
264507,82,19,0,0,UP,421948238543,"R"
264507,69,18,0,0,DOWN,422036289843,"E"
264507,71,34,0,0,UP,422044188343,"G"
264507,69,18,0,0,UP,422132301443,"E"
264507,78,49,0,0,DOWN,422133087343,"N"
264507,78,49,0,0,UP,422196267743,"N"
264507,76,38,0,0,DOWN,422228018043,"L"
264507,76,38,0,0,UP,422292240643,"L"
264507,65,30,0,0,DOWN,422332225743,"A"
264507,65,30,0,0,UP,422380217443,"A"
264507,78,49,0,0,DOWN,422436209143,"N"
264507,78,49,0,0,UP,422484254243,"N"
264507,68,32,0,0,DOWN,422540262043,"D"
264507,70,33,0,0,DOWN,422636245843,"F"
264507,68,32,0,0,UP,422644223143,"D"
264507,70,33,0,0,UP,422708007843,"F"
264507,72,35,0,0,DOWN,422732229343,"H"
264507,72,35,0,0,UP,422836281143,"H"
264507,66,48,0,0,DOWN,422837313643,"B"
264507,85,22,0,0,DOWN,422932262143,"U"
264507,66,48,0,0,UP,422956310943,"B"
264507,82,19,0,0,DOWN,423036072143,"R"
264507,85,22,0,0,UP,423051981243,"U"
264507,71,34,0,0,DOWN,423132256243,"G"
264507,82,19,0,0,UP,423156407843,"R"
264507,69,18,0,0,DOWN,423236247143,"E"
264507,71,34,0,0,UP,423244207943,"G"
264507,78,49,0,0,DOWN,423332296443,"N"
264507,69,18,0,0,UP,423340250143,"E"
264507,78,49,0,0,UP,423395998143,"N"
264507,76,38,0,0,DOWN,423436245243,"L"
264507,76,38,0,0,UP,423492240443,"L"
264507,65,30,0,0,DOWN,423532275643,"A"
264507,65,30,0,0,UP,423580242943,"A"
264507,78,49,0,0,DOWN,423636221043,"N"
264507,78,49,0,0,UP,423692202443,"N"
264507,68,32,0,0,DOWN,423732184843,"D"
264507,70,33,0,0,DOWN,423836250343,"F"
264507,68,32,0,0,UP,423843984543,"D"
264507,70,33,0,0,UP,423908248943,"F"
264507,72,35,0,0,DOWN,423932267143,"H"
264507,72,35,0,0,UP,424028316843,"H"
264507,66,48,0,0,DOWN,424036261843,"B"
264507,85,22,0,0,DOWN,424132262543,"U"
264507,66,48,0,0,UP,424147934043,"B"
264507,82,19,0,0,DOWN,424228266543,"R"
264507,85,22,0,0,UP,424244240843,"U"
264507,71,34,0,0,DOWN,424332303643,"G"
264507,82,19,0,0,UP,424348184343,"R"
264507,71,34,0,0,UP,424436294543,"G"
264507,69,18,0,0,DOWN,424437241843,"E"
264507,69,18,0,0,UP,424532291343,"E"
264507,78,49,0,0,DOWN,424532887643,"N"
264507,78,49,0,0,UP,424596163343,"N"
264507,76,38,0,0,DOWN,424636255543,"L"
264507,76,38,0,0,UP,424684341743,"L"
264507,65,30,0,0,DOWN,424732256543,"A"
264507,65,30,0,0,UP,424780162243,"A"
264507,78,49,0,0,DOWN,424836276243,"N"
264507,78,49,0,0,UP,424884212343,"N"
264507,68,32,0,0,DOWN,424932254543,"D"
264507,70,33,0,0,DOWN,425036278243,"F"
264507,68,32,0,0,UP,425044266143,"D"
264507,70,33,0,0,UP,425108272943,"F"
264507,72,35,0,0,DOWN,425132253143,"H"
264507,72,35,0,0,UP,425228248543,"H"
264507,66,48,0,0,DOWN,425236269643,"B"
264507,85,22,0,0,DOWN,425332019443,"U"
264507,66,48,0,0,UP,425348169343,"B"
264507,82,19,0,0,DOWN,425436284043,"R"
264507,85,22,0,0,UP,425444246443,"U"
264507,71,34,0,0,DOWN,425532286443,"G"
264507,82,19,0,0,UP,425548073343,"R"
264507,69,18,0,0,DOWN,425636243643,"E"
264507,71,34,0,0,UP,425644228343,"G"
264507,78,49,0,0,DOWN,425732300743,"N"
264507,69,18,0,0,UP,425740259443,"E"
264507,78,49,0,0,UP,425796136243,"N"
264507,76,38,0,0,DOWN,425836321743,"L"
264507,76,38,0,0,UP,425884328743,"L"
264507,65,30,0,0,DOWN,425932249443,"A"
264507,65,30,0,0,UP,425980275043,"A"
264507,78,49,0,0,DOWN,426036257843,"N"
264507,78,49,0,0,UP,426092295543,"N"
264507,68,32,0,0,DOWN,426132254843,"D"
264507,70,33,0,0,DOWN,426236257843,"F"
264507,68,32,0,0,UP,426244282243,"D"
264507,70,33,0,0,UP,426308267143,"F"
264507,72,35,0,0,DOWN,426332060743,"H"
264507,72,35,0,0,UP,426428206943,"H"
264507,66,48,0,0,DOWN,426428910643,"B"
264507,85,22,0,0,DOWN,426532022443,"U"
264507,66,48,0,0,UP,426548113643,"B"
264507,82,19,0,0,DOWN,426628311243,"R"
264507,85,22,0,0,UP,426636268143,"U"
264507,71,34,0,0,DOWN,426732039543,"G"
264507,82,19,0,0,UP,426756294543,"R"
264507,71,34,0,0,UP,426836337843,"G"
264507,69,18,0,0,DOWN,426837258743,"E"
264507,78,49,0,0,DOWN,426932068143,"N"
264507,69,18,0,0,UP,426940282543,"E"
264507,78,49,0,0,UP,426996266043,"N"
264507,76,38,0,0,DOWN,427036297943,"L"
264507,76,38,0,0,UP,427084293143,"L"
264507,65,30,0,0,DOWN,427132121443,"A"
264507,65,30,0,0,UP,427180272543,"A"
264507,78,49,0,0,DOWN,427236276243,"N"
264507,78,49,0,0,UP,427292039043,"N"
264507,68,32,0,0,DOWN,427332108243,"D"
264507,70,33,0,0,DOWN,427436302943,"F"
264507,68,32,0,0,UP,427444355143,"D"
264507,70,33,0,0,UP,427508259943,"F"
264507,72,35,0,0,DOWN,427532059343,"H"
264507,72,35,0,0,UP,427628292743,"H"
264507,66,48,0,0,DOWN,427636299743,"B"
264507,85,22,0,0,DOWN,427732169343,"U"
264507,66,48,0,0,UP,427748330043,"B"
264507,82,19,0,0,DOWN,427836278743,"R"
264507,85,22,0,0,UP,427844046843,"U"
264507,71,34,0,0,DOWN,427932256743,"G"
264507,82,19,0,0,UP,427948303443,"R"
264507,71,34,0,0,UP,428028297243,"G"
264507,69,18,0,0,DOWN,428044275743,"E"
264507,69,18,0,0,UP,428132390443,"E"
264507,78,49,0,0,DOWN,428133322043,"N"
264507,78,49,0,0,UP,428196300343,"N"
264507,76,38,0,0,DOWN,428228275143,"L"
264507,76,38,0,0,UP,428292294143,"L"
264507,65,30,0,0,DOWN,428332420943,"A"
264507,65,30,0,0,UP,428372312643,"A"
264507,78,49,0,0,DOWN,428428150443,"N"
264507,78,49,0,0,UP,428492253143,"N"
264507,68,32,0,0,DOWN,428540296943,"D"
264507,70,33,0,0,DOWN,428628301143,"F"
264507,68,32,0,0,UP,428644043743,"D"
264507,70,33,0,0,UP,428708134643,"F"
264507,72,35,0,0,DOWN,428732305643,"H"
264507,66,48,0,0,DOWN,428836306943,"B"
264507,72,35,0,0,UP,428844047043,"H"
264507,85,22,0,0,DOWN,428932279043,"U"
264507,66,48,0,0,UP,428956280043,"B"
264507,82,19,0,0,DOWN,429036329143,"R"
264507,85,22,0,0,UP,429044295243,"U"
264507,71,34,0,0,DOWN,429132290743,"G"
264507,82,19,0,0,UP,429148298143,"R"
264507,69,18,0,0,DOWN,429236299043,"E"
264507,71,34,0,0,UP,429244089643,"G"
264507,78,49,0,0,DOWN,429332290043,"N"
264507,69,18,0,0,UP,429340322543,"E"
264507,78,49,0,0,UP,429388309543,"N"
264507,76,38,0,0,DOWN,429436330043,"L"
264507,76,38,0,0,UP,429492355743,"L"
264507,65,30,0,0,DOWN,429532335843,"A"
264507,65,30,0,0,UP,429580274143,"A"
264507,78,49,0,0,DOWN,429636317443,"N"
264507,78,49,0,0,UP,429692294843,"N"
264507,68,32,0,0,DOWN,429732330143,"D"
264507,70,33,0,0,DOWN,429836353043,"F"
264507,68,32,0,0,UP,429844098443,"D"
264507,70,33,0,0,UP,429908308043,"F"
264507,72,35,0,0,DOWN,429932308043,"H"
264507,72,35,0,0,UP,430036333643,"H"
264507,66,48,0,0,DOWN,430037324743,"B"
264507,85,22,0,0,DOWN,430132334143,"U"
264507,66,48,0,0,UP,430148333243,"B"
264507,82,19,0,0,DOWN,430236291343,"R"
264507,85,22,0,0,UP,430244319443,"U"
264507,71,34,0,0,DOWN,430332298243,"G"
264507,82,19,0,0,UP,430348313343,"R"
264507,69,18,0,0,DOWN,430436283943,"E"
264507,71,34,0,0,UP,430444272643,"G"
264507,69,18,0,0,UP,430532346443,"E"
264507,78,49,0,0,DOWN,430533155043,"N"
264507,78,49,0,0,UP,430588340043,"N"
264507,76,38,0,0,DOWN,430628283343,"L"
264507,76,38,0,0,UP,430684243543,"L"
264507,65,30,0,0,DOWN,430732340043,"A"
264507,65,30,0,0,UP,430780348143,"A"
264507,78,49,0,0,DOWN,430828375643,"N"
264507,78,49,0,0,UP,430884383943,"N"
264507,68,32,0,0,DOWN,430940318843,"D"
264507,70,33,0,0,DOWN,431028299943,"F"
264507,68,32,0,0,UP,431044329243,"D"
264507,70,33,0,0,UP,431100347443,"F"
264507,72,35,0,0,DOWN,431132328643,"H"
264507,72,35,0,0,UP,431236312443,"H"
264507,66,48,0,0,DOWN,431236881443,"B"
264507,85,22,0,0,DOWN,431332335243,"U"
264507,66,48,0,0,UP,431356317443,"B"
264507,82,19,0,0,DOWN,431436062543,"R"
264507,85,22,0,0,UP,431444275943,"U"
264507,71,34,0,0,DOWN,431532326843,"G"
264507,82,19,0,0,UP,431540174043,"R"
264507,71,34,0,0,UP,431636308843,"G"
264507,69,18,0,0,DOWN,431637087443,"E"
264507,78,49,0,0,DOWN,431732330143,"N"
264507,69,18,0,0,UP,431740254643,"E"
264507,78,49,0,0,UP,431796322743,"N"
264507,76,38,0,0,DOWN,431836292143,"L"
264507,76,38,0,0,UP,431892307043,"L"
264507,65,30,0,0,DOWN,431932307043,"A"
264507,65,30,0,0,UP,431980337143,"A"
264507,78,49,0,0,DOWN,432036288243,"N"
264507,78,49,0,0,UP,432092072143,"N"
264507,68,32,0,0,DOWN,432132260543,"D"
264507,70,33,0,0,DOWN,432236120043,"F"
264507,68,32,0,0,UP,432244326943,"D"
264507,70,33,0,0,UP,432308330543,"F"
264507,72,35,0,0,DOWN,432332125743,"H"
264507,66,48,0,0,DOWN,432436078843,"B"
264507,72,35,0,0,UP,432444307543,"H"
264507,85,22,0,0,DOWN,432532363843,"U"
264507,66,48,0,0,UP,432548038543,"B"
264507,82,19,0,0,DOWN,432636017843,"R"
264507,85,22,0,0,UP,432644298743,"U"
264507,71,34,0,0,DOWN,432732345143,"G"
264507,82,19,0,0,UP,432748358043,"R"
264507,69,18,0,0,DOWN,432836082143,"E"
264507,71,34,0,0,UP,432844111143,"G"
264507,69,18,0,0,UP,432940347643,"E"
264507,78,49,0,0,DOWN,432940927143,"N"
264507,78,49,0,0,UP,432988278643,"N"
264507,76,38,0,0,DOWN,433028355143,"L"
264507,76,38,0,0,UP,433092334843,"L"
264507,65,30,0,0,DOWN,433132332143,"A"
264507,65,30,0,0,UP,433180416443,"A"
264507,78,49,0,0,DOWN,433228459743,"N"
264507,78,49,0,0,UP,433284298043,"N"
264507,68,32,0,0,DOWN,433340316043,"D"
264507,70,33,0,0,DOWN,433436074243,"F"
264507,68,32,0,0,UP,433444320643,"D"
264507,70,33,0,0,UP,433516331143,"F"
264507,72,35,0,0,DOWN,433532413643,"H"
264507,72,35,0,0,UP,433636317443,"H"
264507,66,48,0,0,DOWN,433637263643,"B"
264507,85,22,0,0,DOWN,433732399043,"U"
264507,66,48,0,0,UP,433756321943,"B"
264507,82,19,0,0,DOWN,433836427543,"R"
264507,85,22,0,0,UP,433844004843,"U"
264507,71,34,0,0,DOWN,433932363343,"G"
264507,82,19,0,0,UP,433948085843,"R"
264507,69,18,0,0,DOWN,434036482343,"E"
264507,71,34,0,0,UP,434044019243,"G"
264507,78,49,0,0,DOWN,434132316043,"N"
264507,69,18,0,0,UP,434140289543,"E"
264507,78,49,0,0,UP,434196370943,"N"
264507,76,38,0,0,DOWN,434236378443,"L"
264507,76,38,0,0,UP,434292325043,"L"
264507,65,30,0,0,DOWN,434332335943,"A"
264507,65,30,0,0,UP,434380337743,"A"
264507,78,49,0,0,DOWN,434436409143,"N"
264507,78,49,0,0,UP,434492197343,"N"
264507,68,32,0,0,DOWN,434532311843,"D"
264507,70,33,0,0,DOWN,434636361943,"F"
264507,68,32,0,0,UP,434644296743,"D"
264507,70,33,0,0,UP,434716393143,"F"
264507,72,35,0,0,DOWN,434732444043,"H"
264507,66,48,0,0,DOWN,434836335643,"B"
264507,72,35,0,0,UP,434844244043,"H"
264507,85,22,0,0,DOWN,434932369443,"U"
264507,66,48,0,0,UP,434956151743,"B"
264507,82,19,0,0,DOWN,435036330843,"R"
264507,85,22,0,0,UP,435044318643,"U"
264507,71,34,0,0,DOWN,435132353743,"G"
264507,82,19,0,0,UP,435148345143,"R"
264507,69,18,0,0,DOWN,435236354643,"E"
264507,71,34,0,0,UP,435244345143,"G"
264507,78,49,0,0,DOWN,435332353543,"N"
264507,69,18,0,0,UP,435340326643,"E"
264507,78,49,0,0,UP,435388110943,"N"
264507,76,38,0,0,DOWN,435428369543,"L"
264507,76,38,0,0,UP,435484323843,"L"
264507,65,30,0,0,DOWN,435532331043,"A"
264507,65,30,0,0,UP,435580322043,"A"
264507,78,49,0,0,DOWN,435628094743,"N"
264507,78,49,0,0,UP,435684280143,"N"
264507,68,32,0,0,DOWN,435740363743,"D"
264507,70,33,0,0,DOWN,435836328343,"F"
264507,68,32,0,0,UP,435844092043,"D"
264507,70,33,0,0,UP,435908319743,"F"
264507,72,35,0,0,DOWN,435932332343,"H"
264507,72,35,0,0,UP,436036373743,"H"
264507,66,48,0,0,DOWN,436037327443,"B"
264507,85,22,0,0,DOWN,436132382143,"U"
264507,66,48,0,0,UP,436156146243,"B"
264507,82,19,0,0,DOWN,436236379143,"R"
264507,85,22,0,0,UP,436244362643,"U"
264507,71,34,0,0,DOWN,436332401843,"G"
264507,82,19,0,0,UP,436348277943,"R"
264507,69,18,0,0,DOWN,436436153643,"E"
264507,71,34,0,0,UP,436444364743,"G"
264507,78,49,0,0,DOWN,436532354743,"N"
264507,69,18,0,0,UP,436540100443,"E"
264507,78,49,0,0,UP,436596354943,"N"
264507,76,38,0,0,DOWN,436636412143,"L"
264507,76,38,0,0,UP,436692333143,"L"
264507,65,30,0,0,DOWN,436732385043,"A"
264507,65,30,0,0,UP,436780386343,"A"
264507,78,49,0,0,DOWN,436836407243,"N"
264507,78,49,0,0,UP,436892408943,"N"
264507,68,32,0,0,DOWN,436932356343,"D"
264507,70,33,0,0,DOWN,437036390043,"F"
264507,68,32,0,0,UP,437044321743,"D"
264507,70,33,0,0,UP,437108323843,"F"
264507,72,35,0,0,DOWN,437132371043,"H"
264507,72,35,0,0,UP,437236355643,"H"
264507,66,48,0,0,DOWN,437236952043,"B"
264507,85,22,0,0,DOWN,437332409743,"U"
264507,66,48,0,0,UP,437356223143,"B"
264507,82,19,0,0,DOWN,437436376143,"R"
264507,85,22,0,0,UP,437444354043,"U"
264507,71,34,0,0,DOWN,437532394743,"G"
264507,82,19,0,0,UP,437548407843,"R"
264507,71,34,0,0,UP,437636369243,"G"
264507,69,18,0,0,DOWN,437637305243,"E"
264507,78,49,0,0,DOWN,437732326143,"N"
264507,69,18,0,0,UP,437740157043,"E"
264507,78,49,0,0,UP,437788404743,"N"
264507,76,38,0,0,DOWN,437828342243,"L"
264507,76,38,0,0,UP,437892379843,"L"
264507,65,30,0,0,DOWN,437932396843,"A"
264507,65,30,0,0,UP,437980373243,"A"
264507,78,49,0,0,DOWN,438028358243,"N"
264507,78,49,0,0,UP,438084359243,"N"
264507,68,32,0,0,DOWN,438140116943,"D"
264507,70,33,0,0,DOWN,438236410243,"F"
264507,68,32,0,0,UP,438244333543,"D"
264507,70,33,0,0,UP,438316396643,"F"
264507,72,35,0,0,DOWN,438332438243,"H"
264507,72,35,0,0,UP,438436446043,"H"
264507,66,48,0,0,DOWN,438437376143,"B"
264507,85,22,0,0,DOWN,438532357843,"U"
264507,66,48,0,0,UP,438556420443,"B"
264507,82,19,0,0,DOWN,438636363743,"R"
264507,85,22,0,0,UP,438644351543,"U"
264507,71,34,0,0,DOWN,438732412543,"G"
264507,82,19,0,0,UP,438748376743,"R"
264507,69,18,0,0,DOWN,438836403143,"E"
264507,71,34,0,0,UP,438844145943,"G"
264507,78,49,0,0,DOWN,438932403443,"N"
264507,69,18,0,0,UP,438940204243,"E"
264507,78,49,0,0,UP,438996383343,"N"
264507,76,38,0,0,DOWN,439036381443,"L"
264507,76,38,0,0,UP,439092343243,"L"
264507,65,30,0,0,DOWN,439132384243,"A"
264507,65,30,0,0,UP,439180401143,"A"
264507,78,49,0,0,DOWN,439236382543,"N"
264507,78,49,0,0,UP,439292362443,"N"
264507,68,32,0,0,DOWN,439332461143,"D"
264507,70,33,0,0,DOWN,439436456643,"F"
264507,68,32,0,0,UP,439444319943,"D"
264507,70,33,0,0,UP,439508390043,"F"
264507,72,35,0,0,DOWN,439532210043,"H"
264507,66,48,0,0,DOWN,439636440443,"B"
264507,72,35,0,0,UP,439644381443,"H"
264507,85,22,0,0,DOWN,439732394243,"U"
264507,66,48,0,0,UP,439748242043,"B"
264507,82,19,0,0,DOWN,439836365943,"R"
264507,85,22,0,0,UP,439844162543,"U"
264507,71,34,0,0,DOWN,439932366643,"G"
264507,82,19,0,0,UP,439948204443,"R"
264507,71,34,0,0,UP,440028355643,"G"
264507,69,18,0,0,DOWN,440036393443,"E"
264507,69,18,0,0,UP,440132425843,"E"
264507,78,49,0,0,DOWN,440133425243,"N"
264507,78,49,0,0,UP,440188404243,"N"
264507,76,38,0,0,DOWN,440228173343,"L"
264507,76,38,0,0,UP,440284402943,"L"
264507,65,30,0,0,DOWN,440332462643,"A"
264507,65,30,0,0,UP,440380376943,"A"
264507,78,49,0,0,DOWN,440436372243,"N"
264507,78,49,0,0,UP,440484502043,"N"
264507,68,32,0,0,DOWN,440540378943,"D"
264507,70,33,0,0,DOWN,440636462743,"F"
264507,68,32,0,0,UP,440644349743,"D"
264507,70,33,0,0,UP,440708113443,"F"
264507,72,35,0,0,DOWN,440732345543,"H"
264507,72,35,0,0,UP,440836382243,"H"
264507,66,48,0,0,DOWN,440837433343,"B"
264507,85,22,0,0,DOWN,440932398843,"U"
264507,66,48,0,0,UP,440956415643,"B"
264507,82,19,0,0,DOWN,441036431543,"R"
264507,85,22,0,0,UP,441052422043,"U"
264507,71,34,0,0,DOWN,441132307743,"G"
264507,82,19,0,0,UP,441156409843,"R"
264507,69,18,0,0,DOWN,441236387143,"E"
264507,71,34,0,0,UP,441252393943,"G"
264507,78,49,0,0,DOWN,441332398443,"N"
264507,69,18,0,0,UP,441340371943,"E"
264507,78,49,0,0,UP,441396435443,"N"
264507,76,38,0,0,DOWN,441436231943,"L"
264507,76,38,0,0,UP,441492016143,"L"
264507,65,30,0,0,DOWN,441532364943,"A"
264507,65,30,0,0,UP,441580339943,"A"
264507,78,49,0,0,DOWN,441636409543,"N"
264507,78,49,0,0,UP,441692211843,"N"
264507,68,32,0,0,DOWN,441732433943,"D"
264507,70,33,0,0,DOWN,441836403743,"F"
264507,68,32,0,0,UP,441844168743,"D"
264507,70,33,0,0,UP,441908521143,"F"
264507,72,35,0,0,DOWN,441932373243,"H"
264507,72,35,0,0,UP,442036377843,"H"
264507,66,48,0,0,DOWN,442037311943,"B"
264507,85,22,0,0,DOWN,442132426843,"U"
264507,66,48,0,0,UP,442156449643,"B"
264507,85,22,0,0,UP,442236409743,"U"
264507,82,19,0,0,DOWN,442237081143,"R"
264507,71,34,0,0,DOWN,442340397343,"G"
264507,82,19,0,0,UP,442348364743,"R"
264507,69,18,0,0,DOWN,442436392643,"E"
264507,71,34,0,0,UP,442444308843,"G"
264507,78,49,0,0,DOWN,442532425643,"N"
264507,69,18,0,0,UP,442540372143,"E"
264507,78,49,0,0,UP,442596419643,"N"
264507,76,38,0,0,DOWN,442628375243,"L"
264507,76,38,0,0,UP,442684411743,"L"
264507,65,30,0,0,DOWN,442732387543,"A"
264507,65,30,0,0,UP,442780162743,"A"
264507,78,49,0,0,DOWN,442836434243,"N"
264507,78,49,0,0,UP,442884409543,"N"
264507,68,32,0,0,DOWN,442940424943,"D"
264507,70,33,0,0,DOWN,443036431843,"F"
264507,68,32,0,0,UP,443044385243,"D"
264507,70,33,0,0,UP,443108416543,"F"
264507,72,35,0,0,DOWN,443132437643,"H"
264507,66,48,0,0,DOWN,443236299443,"B"
264507,72,35,0,0,UP,443244576843,"H"
264507,85,22,0,0,DOWN,443332409543,"U"
264507,66,48,0,0,UP,443356423343,"B"
264507,82,19,0,0,DOWN,443436473943,"R"
264507,85,22,0,0,UP,443444227843,"U"
264507,71,34,0,0,DOWN,443532425343,"G"
264507,82,19,0,0,UP,443548421943,"R"
264507,69,18,0,0,DOWN,443636395243,"E"
264507,71,34,0,0,UP,443644362543,"G"
264507,78,49,0,0,DOWN,443732440243,"N"
264507,69,18,0,0,UP,443740440143,"E"
264507,78,49,0,0,UP,443796426843,"N"
264507,76,38,0,0,DOWN,443836434443,"L"
264507,76,38,0,0,UP,443892428143,"L"
264507,65,30,0,0,DOWN,443932363943,"A"
264507,65,30,0,0,UP,443980393843,"A"
264507,78,49,0,0,DOWN,444036453843,"N"
264507,78,49,0,0,UP,444092389843,"N"
264507,68,32,0,0,DOWN,444132387543,"D"
264507,70,33,0,0,DOWN,444236437243,"F"
264507,68,32,0,0,UP,444244229943,"D"
264507,70,33,0,0,UP,444308414043,"F"
264507,72,35,0,0,DOWN,444332429543,"H"
264507,72,35,0,0,UP,444436439343,"H"
264507,66,48,0,0,DOWN,444437425843,"B"
264507,85,22,0,0,DOWN,444532441843,"U"
264507,66,48,0,0,UP,444556412743,"B"
264507,82,19,0,0,DOWN,444636420343,"R"
264507,85,22,0,0,UP,444644239743,"U"
264507,71,34,0,0,DOWN,444740175543,"G"
264507,82,19,0,0,UP,444748410243,"R"
264507,71,34,0,0,UP,444836449443,"G"
264507,69,18,0,0,DOWN,444837247143,"E"
264507,78,49,0,0,DOWN,444932442343,"N"
264507,69,18,0,0,UP,444940381443,"E"
264507,78,49,0,0,UP,444988409943,"N"
264507,76,38,0,0,DOWN,445028190543,"L"
264507,76,38,0,0,UP,445092443743,"L"
264507,65,30,0,0,DOWN,445132444543,"A"
264507,65,30,0,0,UP,445180432343,"A"
264507,78,49,0,0,DOWN,445236187243,"N"
264507,78,49,0,0,UP,445292456343,"N"
264507,68,32,0,0,DOWN,445340458243,"D"
264507,70,33,0,0,DOWN,445436396743,"F"
264507,68,32,0,0,UP,445444409843,"D"
264507,70,33,0,0,UP,445516163943,"F"
264507,72,35,0,0,DOWN,445532416443,"H"
264507,72,35,0,0,UP,445636472343,"H"
264507,66,48,0,0,DOWN,445637486843,"B"
264507,85,22,0,0,DOWN,445732433643,"U"
264507,66,48,0,0,UP,445756349643,"B"
264507,82,19,0,0,DOWN,445836418443,"R"
264507,85,22,0,0,UP,445844137243,"U"
264507,71,34,0,0,DOWN,445932416143,"G"
264507,82,19,0,0,UP,445948383943,"R"
264507,69,18,0,0,DOWN,446036450343,"E"
264507,71,34,0,0,UP,446044290743,"G"
264507,78,49,0,0,DOWN,446132467543,"N"
264507,69,18,0,0,UP,446140379343,"E"
264507,78,49,0,0,UP,446196418843,"N"
264507,76,38,0,0,DOWN,446236441643,"L"
264507,76,38,0,0,UP,446292563443,"L"
264507,65,30,0,0,DOWN,446332475943,"A"
264507,65,30,0,0,UP,446380481443,"A"
264507,78,49,0,0,DOWN,446436449043,"N"
264507,78,49,0,0,UP,446484428143,"N"
264507,68,32,0,0,DOWN,446532428643,"D"
264507,70,33,0,0,DOWN,446636463143,"F"
264507,68,32,0,0,UP,446644401743,"D"
264507,70,33,0,0,UP,446708425343,"F"
264507,72,35,0,0,DOWN,446732412543,"H"
264507,72,35,0,0,UP,446828590743,"H"
264507,66,48,0,0,DOWN,446844230243,"B"
264507,85,22,0,0,DOWN,446932437143,"U"
264507,66,48,0,0,UP,446956422143,"B"
264507,82,19,0,0,DOWN,447036462243,"R"
264507,85,22,0,0,UP,447044150643,"U"
264507,71,34,0,0,DOWN,447140411243,"G"
264507,82,19,0,0,UP,447148430543,"R"
264507,69,18,0,0,DOWN,447236465243,"E"
264507,71,34,0,0,UP,447244447343,"G"
264507,78,49,0,0,DOWN,447332503143,"N"
264507,69,18,0,0,UP,447340460843,"E"
264507,78,49,0,0,UP,447396187243,"N"
264507,76,38,0,0,DOWN,447428657543,"L"
264507,76,38,0,0,UP,447492413843,"L"
264507,65,30,0,0,DOWN,447532459543,"A"
264507,65,30,0,0,UP,447580222643,"A"
264507,78,49,0,0,DOWN,447636433943,"N"
264507,78,49,0,0,UP,447692422243,"N"
264507,68,32,0,0,DOWN,447740478943,"D"
264507,70,33,0,0,DOWN,447836430843,"F"
264507,68,32,0,0,UP,447844237243,"D"
264507,70,33,0,0,UP,447908472843,"F"
264507,72,35,0,0,DOWN,447932442443,"H"
264507,66,48,0,0,DOWN,448036410843,"B"
264507,72,35,0,0,UP,448044385743,"H"
264507,85,22,0,0,DOWN,448132415243,"U"
264507,66,48,0,0,UP,448148220343,"B"
264507,82,19,0,0,DOWN,448236475043,"R"
264507,85,22,0,0,UP,448244427543,"U"
264507,71,34,0,0,DOWN,448332218743,"G"
264507,82,19,0,0,UP,448348330843,"R"
264507,69,18,0,0,DOWN,448436540943,"E"
264507,71,34,0,0,UP,448444433343,"G"
264507,78,49,0,0,DOWN,448532449543,"N"
264507,69,18,0,0,UP,448548298943,"E"
264507,78,49,0,0,UP,448596517643,"N"
264507,76,38,0,0,DOWN,448636460743,"L"
264507,76,38,0,0,UP,448692435143,"L"
264507,65,30,0,0,DOWN,448732470443,"A"
264507,65,30,0,0,UP,448780388843,"A"
264507,78,49,0,0,DOWN,448836373043,"N"
264507,78,49,0,0,UP,448892496243,"N"
264507,68,32,0,0,DOWN,448932484843,"D"
264507,70,33,0,0,DOWN,449036497243,"F"
264507,68,32,0,0,UP,449044466143,"D"
264507,70,33,0,0,UP,449108400743,"F"
264507,72,35,0,0,DOWN,449132472143,"H"
264507,72,35,0,0,UP,449228472243,"H"
264507,66,48,0,0,DOWN,449236473043,"B"
264507,85,22,0,0,DOWN,449332425743,"U"
264507,66,48,0,0,UP,449348385543,"B"
264507,82,19,0,0,DOWN,449436536143,"R"
264507,85,22,0,0,UP,449444462043,"U"
264507,71,34,0,0,DOWN,449532537743,"G"
264507,82,19,0,0,UP,449548290143,"R"
264507,71,34,0,0,UP,449636556043,"G"
264507,69,18,0,0,DOWN,449637424643,"E"
264507,69,18,0,0,UP,449732458643,"E"
264507,78,49,0,0,DOWN,449733234043,"N"
264507,78,49,0,0,UP,449796459743,"N"
264507,76,38,0,0,DOWN,449828478843,"L"
264507,76,38,0,0,UP,449884504843,"L"
264507,65,30,0,0,DOWN,449932457143,"A"
264507,65,30,0,0,UP,449980580443,"A"
264507,78,49,0,0,DOWN,450028507043,"N"
264507,78,49,0,0,UP,450100485043,"N"
264507,68,32,0,0,DOWN,450140497643,"D"
264507,70,33,0,0,DOWN,450236466743,"F"
264507,68,32,0,0,UP,450244165343,"D"
264507,70,33,0,0,UP,450316184843,"F"
264507,72,35,0,0,DOWN,450332229743,"H"
264507,66,48,0,0,DOWN,450436468143,"B"
264507,72,35,0,0,UP,450444416943,"H"
264507,85,22,0,0,DOWN,450532471143,"U"
264507,66,48,0,0,UP,450548247943,"B"
264507,82,19,0,0,DOWN,450636441043,"R"
264507,85,22,0,0,UP,450652481543,"U"
264507,71,34,0,0,DOWN,450732382143,"G"
264507,82,19,0,0,UP,450756470543,"R"
264507,69,18,0,0,DOWN,450836504943,"E"
264507,71,34,0,0,UP,450852422943,"G"
264507,69,18,0,0,UP,450932235843,"E"
264507,78,49,0,0,DOWN,450933028043,"N"
264507,78,49,0,0,UP,450996480243,"N"
264507,76,38,0,0,DOWN,451036509943,"L"
264507,76,38,0,0,UP,451084457743,"L"
264507,65,30,0,0,DOWN,451132247343,"A"
264507,65,30,0,0,UP,451180489943,"A"
264507,78,49,0,0,DOWN,451236504543,"N"
264507,78,49,0,0,UP,451284463143,"N"
264507,68,32,0,0,DOWN,451332259543,"D"
264507,70,33,0,0,DOWN,451436537643,"F"
264507,68,32,0,0,UP,451444487543,"D"
264507,70,33,0,0,UP,451508499143,"F"
264507,72,35,0,0,DOWN,451532369743,"H"
264507,72,35,0,0,UP,451628482943,"H"
264507,66,48,0,0,DOWN,451636518743,"B"
264507,85,22,0,0,DOWN,451732703943,"U"
264507,66,48,0,0,UP,451748615243,"B"
264507,85,22,0,0,UP,451836497043,"U"
264507,82,19,0,0,DOWN,451837230243,"R"
264507,71,34,0,0,DOWN,451932290043,"G"
264507,82,19,0,0,UP,451948575443,"R"
264507,69,18,0,0,DOWN,452036500443,"E"
264507,71,34,0,0,UP,452044444543,"G"
264507,78,49,0,0,DOWN,452132505643,"N"
264507,69,18,0,0,UP,452140460543,"E"
264507,78,49,0,0,UP,452196487243,"N"
264507,76,38,0,0,DOWN,452228524543,"L"
264507,76,38,0,0,UP,452292449743,"L"
264507,65,30,0,0,DOWN,452332637643,"A"
264507,65,30,0,0,UP,452380506843,"A"
264507,78,49,0,0,DOWN,452428539043,"N"
264507,78,49,0,0,UP,452492491543,"N"
264507,68,32,0,0,DOWN,452540525943,"D"
264507,70,33,0,0,DOWN,452636526843,"F"
264507,68,32,0,0,UP,452644509843,"D"
264507,70,33,0,0,UP,452708489343,"F"
264507,72,35,0,0,DOWN,452732644243,"H"
264507,72,35,0,0,UP,452836519343,"H"
264507,66,48,0,0,DOWN,452837441343,"B"
264507,85,22,0,0,DOWN,452932275243,"U"
264507,66,48,0,0,UP,452956522543,"B"
264507,82,19,0,0,DOWN,453036530043,"R"
264507,85,22,0,0,UP,453044154943,"U"
264507,71,34,0,0,DOWN,453132507743,"G"
264507,82,19,0,0,UP,453156525643,"R"
264507,69,18,0,0,DOWN,453236524143,"E"
264507,71,34,0,0,UP,453244515043,"G"
264507,69,18,0,0,UP,453332533043,"E"
264507,78,49,0,0,DOWN,453333082843,"N"
264507,78,49,0,0,UP,453396253643,"N"
264507,76,38,0,0,DOWN,453436505743,"L"
264507,76,38,0,0,UP,453492466043,"L"
264507,65,30,0,0,DOWN,453532474943,"A"
264507,65,30,0,0,UP,453580572643,"A"
264507,78,49,0,0,DOWN,453636497643,"N"
264507,78,49,0,0,UP,453692486443,"N"
264507,68,32,0,0,DOWN,453732539943,"D"
264507,70,33,0,0,DOWN,453836543143,"F"
264507,68,32,0,0,UP,453844249443,"D"
264507,70,33,0,0,UP,453908564243,"F"
264507,72,35,0,0,DOWN,453932491343,"H"
264507,72,35,0,0,UP,454036474143,"H"
264507,66,48,0,0,DOWN,454037385743,"B"
264507,85,22,0,0,DOWN,454132526443,"U"
264507,66,48,0,0,UP,454156503343,"B"
264507,82,19,0,0,DOWN,454236253343,"R"
264507,85,22,0,0,UP,454244546543,"U"
264507,71,34,0,0,DOWN,454332530643,"G"
264507,82,19,0,0,UP,454348530343,"R"
264507,71,34,0,0,UP,454436569243,"G"
264507,69,18,0,0,DOWN,454437563943,"E"
264507,78,49,0,0,DOWN,454532777843,"N"
264507,69,18,0,0,UP,454540542843,"E"
264507,78,49,0,0,UP,454596487443,"N"
264507,76,38,0,0,DOWN,454628501843,"L"
264507,76,38,0,0,UP,454684382943,"L"
264507,65,30,0,0,DOWN,454732518443,"A"
264507,65,30,0,0,UP,454780487943,"A"
264507,78,49,0,0,DOWN,454828547543,"N"
264507,78,49,0,0,UP,454892314443,"N"
264507,68,32,0,0,DOWN,454940491443,"D"
264507,70,33,0,0,DOWN,455036472043,"F"
264507,68,32,0,0,UP,455044205643,"D"
264507,70,33,0,0,UP,455108498843,"F"
264507,72,35,0,0,DOWN,455132500143,"H"
264507,72,35,0,0,UP,455236503443,"H"
264507,66,48,0,0,DOWN,455237465843,"B"
264507,85,22,0,0,DOWN,455332511943,"U"
264507,66,48,0,0,UP,455348534143,"B"
264507,82,19,0,0,DOWN,455436532943,"R"
264507,85,22,0,0,UP,455444525243,"U"
264507,71,34,0,0,DOWN,455532518443,"G"
264507,82,19,0,0,UP,455556481643,"R"
264507,69,18,0,0,DOWN,455636526443,"E"
264507,71,34,0,0,UP,455644509243,"G"
264507,78,49,0,0,DOWN,455732480843,"N"
264507,69,18,0,0,UP,455740549743,"E"
264507,78,49,0,0,UP,455796574643,"N"
264507,76,38,0,0,DOWN,455836532043,"L"
264507,76,38,0,0,UP,455892495043,"L"
264507,65,30,0,0,DOWN,455932533543,"A"
264507,65,30,0,0,UP,455980534943,"A"
264507,78,49,0,0,DOWN,456036512343,"N"
264507,78,49,0,0,UP,456092535143,"N"
264507,68,32,0,0,DOWN,456132551943,"D"
264507,70,33,0,0,DOWN,456236487243,"F"
264507,68,32,0,0,UP,456244538243,"D"
264507,70,33,0,0,UP,456308539643,"F"
264507,72,35,0,0,DOWN,456332511643,"H"
264507,66,48,0,0,DOWN,456436241643,"B"
264507,72,35,0,0,UP,456444519543,"H"
264507,85,22,0,0,DOWN,456532525243,"U"
264507,66,48,0,0,UP,456548573543,"B"
264507,85,22,0,0,UP,456636356443,"U"
264507,82,19,0,0,DOWN,456637321043,"R"
264507,71,34,0,0,DOWN,456740520843,"G"
264507,82,19,0,0,UP,456756694043,"R"
264507,69,18,0,0,DOWN,456836383443,"E"
264507,71,34,0,0,UP,456844307643,"G"
264507,78,49,0,0,DOWN,456932548843,"N"
264507,69,18,0,0,UP,456940513843,"E"
264507,78,49,0,0,UP,456996559643,"N"
264507,76,38,0,0,DOWN,457028518243,"L"
264507,76,38,0,0,UP,457084529343,"L"
264507,65,30,0,0,DOWN,457132550543,"A"
264507,65,30,0,0,UP,457180564243,"A"
264507,78,49,0,0,DOWN,457236371843,"N"
264507,78,49,0,0,UP,457284390943,"N"
264507,68,32,0,0,DOWN,457340289943,"D"
264507,70,33,0,0,DOWN,457436249243,"F"
264507,68,32,0,0,UP,457444368743,"D"
264507,70,33,0,0,UP,457508338643,"F"
264507,72,35,0,0,DOWN,457532240943,"H"
264507,72,35,0,0,UP,457636259043,"H"
264507,66,48,0,0,DOWN,457636997943,"B"
264507,85,22,0,0,DOWN,457732510843,"U"
264507,66,48,0,0,UP,457756501443,"B"
264507,82,19,0,0,DOWN,457836491543,"R"
264507,85,22,0,0,UP,457844313943,"U"
264507,71,34,0,0,DOWN,457932537643,"G"
264507,82,19,0,0,UP,457948525443,"R"
264507,69,18,0,0,DOWN,458036310543,"E"
264507,71,34,0,0,UP,458044524443,"G"
264507,78,49,0,0,DOWN,458132658843,"N"
264507,69,18,0,0,UP,458140535343,"E"
264507,78,49,0,0,UP,458196556943,"N"
264507,76,38,0,0,DOWN,458236582043,"L"
264507,76,38,0,0,UP,458292621343,"L"
264507,65,30,0,0,DOWN,458332529043,"A"
264507,65,30,0,0,UP,458380548943,"A"
264507,78,49,0,0,DOWN,458436628943,"N"
264507,78,49,0,0,UP,458492535943,"N"
264507,68,32,0,0,DOWN,458532307743,"D"
264507,70,33,0,0,DOWN,458636717143,"F"
264507,68,32,0,0,UP,458644556343,"D"
264507,70,33,0,0,UP,458708532643,"F"
264507,72,35,0,0,DOWN,458732565143,"H"
264507,72,35,0,0,UP,458836635443,"H"
264507,66,48,0,0,DOWN,458837707243,"B"
264507,85,22,0,0,DOWN,458932540943,"U"
264507,66,48,0,0,UP,458956306543,"B"
264507,82,19,0,0,DOWN,459036714043,"R"
264507,85,22,0,0,UP,459044579443,"U"
264507,71,34,0,0,DOWN,459140638343,"G"
264507,82,19,0,0,UP,459148555743,"R"
264507,69,18,0,0,DOWN,459236542443,"E"
264507,71,34,0,0,UP,459244618443,"G"
264507,78,49,0,0,DOWN,459332531943,"N"
264507,69,18,0,0,UP,459340276843,"E"
264507,78,49,0,0,UP,459396551143,"N"
264507,76,38,0,0,DOWN,459428560343,"L"
264507,76,38,0,0,UP,459492542843,"L"
264507,65,30,0,0,DOWN,459532584443,"A"
264507,65,30,0,0,UP,459580572943,"A"
264507,78,49,0,0,DOWN,459636566543,"N"
264507,78,49,0,0,UP,459700411443,"N"
264507,68,32,0,0,DOWN,459740565243,"D"
264507,70,33,0,0,DOWN,459836577343,"F"
264507,68,32,0,0,UP,459844313043,"D"
264507,70,33,0,0,UP,459908566243,"F"
264507,72,35,0,0,DOWN,459932574543,"H"
264507,66,48,0,0,DOWN,460036572343,"B"
264507,72,35,0,0,UP,460052560243,"H"
264507,85,22,0,0,DOWN,460132692343,"U"
264507,66,48,0,0,UP,460156419843,"B"
264507,82,19,0,0,DOWN,460236605743,"R"
264507,85,22,0,0,UP,460252528243,"U"
264507,71,34,0,0,DOWN,460332590543,"G"
264507,82,19,0,0,UP,460356427843,"R"
264507,69,18,0,0,DOWN,460436531743,"E"
264507,71,34,0,0,UP,460444528543,"G"
264507,78,49,0,0,DOWN,460532576343,"N"
264507,69,18,0,0,UP,460548529243,"E"
264507,78,49,0,0,UP,460596541843,"N"
264507,76,38,0,0,DOWN,460636539643,"L"
264507,76,38,0,0,UP,460692531743,"L"
264507,65,30,0,0,DOWN,460732535543,"A"
264507,65,30,0,0,UP,460780548343,"A"
264507,78,49,0,0,DOWN,460836563343,"N"
264507,78,49,0,0,UP,460892610443,"N"
264507,68,32,0,0,DOWN,460932547443,"D"
264507,70,33,0,0,DOWN,461036573343,"F"
264507,68,32,0,0,UP,461044551643,"D"
264507,70,33,0,0,UP,461108552743,"F"
264507,72,35,0,0,DOWN,461132589643,"H"
264507,72,35,0,0,UP,461236631343,"H"
264507,66,48,0,0,DOWN,461237433143,"B"
264507,85,22,0,0,DOWN,461340407343,"U"
264507,66,48,0,0,UP,461348552043,"B"
264507,82,19,0,0,DOWN,461436605043,"R"
264507,85,22,0,0,UP,461444532243,"U"
264507,71,34,0,0,DOWN,461540599143,"G"
264507,82,19,0,0,UP,461548600643,"R"
264507,69,18,0,0,DOWN,461636631443,"E"
264507,71,34,0,0,UP,461644320143,"G"
264507,78,49,0,0,DOWN,461732564943,"N"
264507,69,18,0,0,UP,461740390343,"E"
264507,78,49,0,0,UP,461796531543,"N"
264507,76,38,0,0,DOWN,461836562043,"L"
264507,76,38,0,0,UP,461892539943,"L"
264507,65,30,0,0,DOWN,461932603243,"A"
264507,65,30,0,0,UP,461980610043,"A"
264507,78,49,0,0,DOWN,462036579043,"N"
264507,78,49,0,0,UP,462100567343,"N"
264507,68,32,0,0,DOWN,462132588143,"D"
264507,70,33,0,0,DOWN,462236580943,"F"
264507,68,32,0,0,UP,462244572043,"D"
264507,70,33,0,0,UP,462308295343,"F"
264507,72,35,0,0,DOWN,462332594643,"H"
264507,66,48,0,0,DOWN,462436623143,"B"
264507,72,35,0,0,UP,462444619443,"H"
264507,85,22,0,0,DOWN,462532583043,"U"
264507,66,48,0,0,UP,462556338143,"B"
264507,82,19,0,0,DOWN,462636589843,"R"
264507,85,22,0,0,UP,462644582743,"U"
264507,71,34,0,0,DOWN,462732586743,"G"
264507,82,19,0,0,UP,462748576643,"R"
264507,69,18,0,0,DOWN,462836622343,"E"
264507,71,34,0,0,UP,462844445043,"G"
264507,78,49,0,0,DOWN,462932601243,"N"
264507,69,18,0,0,UP,462940445843,"E"
264507,78,49,0,0,UP,462996563143,"N"
264507,76,38,0,0,DOWN,463036557943,"L"
264507,76,38,0,0,UP,463092556843,"L"
264507,65,30,0,0,DOWN,463132557543,"A"
264507,65,30,0,0,UP,463180589743,"A"
264507,78,49,0,0,DOWN,463236636043,"N"
264507,78,49,0,0,UP,463292330143,"N"
264507,68,32,0,0,DOWN,463332610843,"D"
264507,70,33,0,0,DOWN,463436568943,"F"
264507,68,32,0,0,UP,463444563243,"D"
264507,70,33,0,0,UP,463508550443,"F"
264507,72,35,0,0,DOWN,463540354543,"H"
264507,72,35,0,0,UP,463636345543,"H"
264507,66,48,0,0,DOWN,463637348543,"B"
264507,85,22,0,0,DOWN,463732617043,"U"
264507,66,48,0,0,UP,463756729443,"B"
264507,82,19,0,0,DOWN,463828576243,"R"
264507,85,22,0,0,UP,463844338143,"U"
264507,71,34,0,0,DOWN,463932713343,"G"
264507,82,19,0,0,UP,463956574643,"R"
264507,69,18,0,0,DOWN,464036618043,"E"
264507,71,34,0,0,UP,464044603943,"G"
264507,69,18,0,0,UP,464132596743,"E"
264507,78,49,0,0,DOWN,464133637443,"N"
264507,78,49,0,0,UP,464204636043,"N"
264507,76,38,0,0,DOWN,464236628243,"L"
264507,76,38,0,0,UP,464284595443,"L"
264507,65,30,0,0,DOWN,464332641143,"A"
264507,65,30,0,0,UP,464380558043,"A"
264507,78,49,0,0,DOWN,464436593243,"N"
264507,78,49,0,0,UP,464500629443,"N"
264507,68,32,0,0,DOWN,464532546543,"D"
264507,70,33,0,0,DOWN,464636615443,"F"
264507,68,32,0,0,UP,464644618643,"D"
264507,70,33,0,0,UP,464708360443,"F"
264507,72,35,0,0,DOWN,464732615443,"H"
264507,66,48,0,0,DOWN,464836563843,"B"
264507,72,35,0,0,UP,464844385943,"H"
264507,85,22,0,0,DOWN,464932623843,"U"
264507,66,48,0,0,UP,464956620843,"B"
264507,82,19,0,0,DOWN,465036598943,"R"
264507,85,22,0,0,UP,465044566743,"U"
264507,71,34,0,0,DOWN,465132420543,"G"
264507,82,19,0,0,UP,465156594243,"R"
264507,69,18,0,0,DOWN,465236647643,"E"
264507,71,34,0,0,UP,465244567843,"G"
264507,78,49,0,0,DOWN,465332556943,"N"
264507,69,18,0,0,UP,465340566243,"E"
264507,78,49,0,0,UP,465396354943,"N"
264507,76,38,0,0,DOWN,465436566543,"L"
264507,76,38,0,0,UP,465492363043,"L"
264507,65,30,0,0,DOWN,465532693943,"A"
264507,65,30,0,0,UP,465580626943,"A"
264507,78,49,0,0,DOWN,465636690243,"N"
264507,78,49,0,0,UP,465692329043,"N"
264507,68,32,0,0,DOWN,465740633443,"D"
264507,70,33,0,0,DOWN,465836697843,"F"
264507,68,32,0,0,UP,465844429843,"D"
264507,70,33,0,0,UP,465900604943,"F"
264507,72,35,0,0,DOWN,465932617743,"H"
264507,72,35,0,0,UP,466028664143,"H"
264507,66,48,0,0,DOWN,466029674043,"B"
264507,85,22,0,0,DOWN,466132589643,"U"
264507,66,48,0,0,UP,466156619743,"B"
264507,82,19,0,0,DOWN,466236628943,"R"
264507,85,22,0,0,UP,466244417543,"U"
264507,71,34,0,0,DOWN,466332612043,"G"
264507,82,19,0,0,UP,466348599543,"R"
264507,69,18,0,0,DOWN,466436585843,"E"
264507,71,34,0,0,UP,466444551243,"G"
264507,69,18,0,0,UP,466532646943,"E"
264507,78,49,0,0,DOWN,466533359443,"N"
264507,78,49,0,0,UP,466596592543,"N"
264507,76,38,0,0,DOWN,466636626443,"L"
264507,76,38,0,0,UP,466692552243,"L"
264507,65,30,0,0,DOWN,466732583243,"A"
264507,65,30,0,0,UP,466780658643,"A"
264507,78,49,0,0,DOWN,466836616243,"N"
264507,78,49,0,0,UP,466900647443,"N"
264507,68,32,0,0,DOWN,466932619743,"D"
264507,70,33,0,0,DOWN,467036607443,"F"
264507,68,32,0,0,UP,467052655243,"D"
264507,70,33,0,0,UP,467108622643,"F"
264507,72,35,0,0,DOWN,467132718843,"H"
264507,66,48,0,0,DOWN,467236626343,"B"
264507,72,35,0,0,UP,467244269943,"H"
264507,85,22,0,0,DOWN,467332627643,"U"
264507,66,48,0,0,UP,467356641543,"B"
264507,82,19,0,0,DOWN,467436666543,"R"
264507,85,22,0,0,UP,467444390343,"U"
264507,71,34,0,0,DOWN,467532678043,"G"
264507,82,19,0,0,UP,467548638543,"R"
264507,69,18,0,0,DOWN,467636649543,"E"
264507,71,34,0,0,UP,467644414843,"G"
264507,78,49,0,0,DOWN,467732629043,"N"
264507,69,18,0,0,UP,467740642643,"E"
264507,78,49,0,0,UP,467796622743,"N"
264507,76,38,0,0,DOWN,467828656043,"L"
264507,76,38,0,0,UP,467892600643,"L"
264507,65,30,0,0,DOWN,467932620343,"A"
264507,65,30,0,0,UP,467980701743,"A"
264507,78,49,0,0,DOWN,468028589443,"N"
264507,78,49,0,0,UP,468092594543,"N"
264507,68,32,0,0,DOWN,468140669043,"D"
264507,70,33,0,0,DOWN,468236637043,"F"
264507,68,32,0,0,UP,468244515343,"D"
264507,70,33,0,0,UP,468308609943,"F"
264507,72,35,0,0,DOWN,468332606543,"H"
264507,66,48,0,0,DOWN,468436601043,"B"
264507,72,35,0,0,UP,468444385343,"H"
264507,85,22,0,0,DOWN,468532627943,"U"
264507,66,48,0,0,UP,468556598843,"B"
264507,82,19,0,0,DOWN,468636671943,"R"
264507,85,22,0,0,UP,468652646643,"U"
264507,71,34,0,0,DOWN,468732477743,"G"
264507,82,19,0,0,UP,468748775043,"R"
264507,69,18,0,0,DOWN,468836656343,"E"
264507,71,34,0,0,UP,468852657843,"G"
264507,78,49,0,0,DOWN,468932646043,"N"
264507,69,18,0,0,UP,468940648943,"E"
264507,78,49,0,0,UP,468996632643,"N"
264507,76,38,0,0,DOWN,469036631543,"L"
264507,76,38,0,0,UP,469092665443,"L"
264507,65,30,0,0,DOWN,469132713843,"A"
264507,65,30,0,0,UP,469180609343,"A"
264507,78,49,0,0,DOWN,469236656043,"N"
264507,78,49,0,0,UP,469292688443,"N"
264507,68,32,0,0,DOWN,469332652743,"D"
264507,70,33,0,0,DOWN,469436652643,"F"
264507,68,32,0,0,UP,469444519243,"D"
264507,70,33,0,0,UP,469500619243,"F"
264507,72,35,0,0,DOWN,469532747843,"H"
264507,66,48,0,0,DOWN,469636758143,"B"
264507,72,35,0,0,UP,469644602443,"H"
264507,85,22,0,0,DOWN,469732696343,"U"
264507,66,48,0,0,UP,469756655943,"B"
264507,82,19,0,0,DOWN,469836677543,"R"
264507,85,22,0,0,UP,469844467943,"U"
264507,71,34,0,0,DOWN,469932649043,"G"
264507,82,19,0,0,UP,469948646243,"R"
264507,69,18,0,0,DOWN,470036626843,"E"
264507,71,34,0,0,UP,470044299543,"G"
264507,69,18,0,0,UP,470140472043,"E"
264507,78,49,0,0,DOWN,470141413743,"N"
264507,78,49,0,0,UP,470196664743,"N"
264507,76,38,0,0,DOWN,470228424843,"L"
264507,76,38,0,0,UP,470292380043,"L"
264507,65,30,0,0,DOWN,470332631443,"A"
264507,65,30,0,0,UP,470380624743,"A"
264507,78,49,0,0,DOWN,470436654643,"N"
264507,78,49,0,0,UP,470500644243,"N"
264507,68,32,0,0,DOWN,470540641943,"D"
264507,70,33,0,0,DOWN,470636680043,"F"
264507,68,32,0,0,UP,470644637443,"D"
264507,70,33,0,0,UP,470708634043,"F"
264507,72,35,0,0,DOWN,470732710143,"H"
264507,66,48,0,0,DOWN,470836687843,"B"
264507,72,35,0,0,UP,470844648543,"H"
264507,85,22,0,0,DOWN,470932722843,"U"
264507,66,48,0,0,UP,470956674943,"B"
264507,82,19,0,0,DOWN,471036633143,"R"
264507,85,22,0,0,UP,471044645943,"U"
264507,71,34,0,0,DOWN,471132609643,"G"
264507,82,19,0,0,UP,471156689443,"R"
264507,69,18,0,0,DOWN,471236654243,"E"
264507,71,34,0,0,UP,471244715443,"G"
264507,69,18,0,0,UP,471332694943,"E"
264507,78,49,0,0,DOWN,471333481843,"N"
264507,78,49,0,0,UP,471396398843,"N"
264507,76,38,0,0,DOWN,471436534143,"L"
264507,76,38,0,0,UP,471492551043,"L"
264507,65,30,0,0,DOWN,471532668743,"A"
264507,65,30,0,0,UP,471580601743,"A"
264507,78,49,0,0,DOWN,471636657043,"N"
264507,78,49,0,0,UP,471692634643,"N"
264507,68,32,0,0,DOWN,471732663043,"D"
264507,70,33,0,0,DOWN,471836660643,"F"
264507,68,32,0,0,UP,471852701843,"D"
264507,70,33,0,0,UP,471908665543,"F"
264507,72,35,0,0,DOWN,471932662343,"H"
264507,66,48,0,0,DOWN,472036655743,"B"
264507,72,35,0,0,UP,472044660443,"H"
264507,85,22,0,0,DOWN,472132611543,"U"
264507,66,48,0,0,UP,472164580243,"B"
264507,82,19,0,0,DOWN,472236689543,"R"
264507,85,22,0,0,UP,472244687743,"U"
264507,71,34,0,0,DOWN,472340655443,"G"
264507,82,19,0,0,UP,472348626043,"R"
264507,69,18,0,0,DOWN,472436650543,"E"
264507,71,34,0,0,UP,472444657343,"G"
264507,78,49,0,0,DOWN,472532771643,"N"
264507,69,18,0,0,UP,472540648143,"E"
264507,78,49,0,0,UP,472596713343,"N"
264507,76,38,0,0,DOWN,472628626643,"L"
264507,76,38,0,0,UP,472692612043,"L"
264507,65,30,0,0,DOWN,472732628443,"A"
264507,65,30,0,0,UP,472780549943,"A"
264507,78,49,0,0,DOWN,472836692243,"N"
264507,78,49,0,0,UP,472892385343,"N"
264507,68,32,0,0,DOWN,472940680043,"D"
264507,70,33,0,0,DOWN,473036690143,"F"
264507,68,32,0,0,UP,473044691443,"D"
264507,70,33,0,0,UP,473108679343,"F"
264507,72,35,0,0,DOWN,473132697243,"H"
264507,66,48,0,0,DOWN,473236476643,"B"
264507,72,35,0,0,UP,473244647543,"H"
264507,85,22,0,0,DOWN,473332651843,"U"
264507,66,48,0,0,UP,473356683843,"B"
264507,82,19,0,0,DOWN,473436689743,"R"
264507,85,22,0,0,UP,473444663043,"U"
264507,71,34,0,0,DOWN,473532727643,"G"
264507,82,19,0,0,UP,473556673643,"R"
264507,69,18,0,0,DOWN,473636686643,"E"
264507,71,34,0,0,UP,473644719543,"G"
264507,69,18,0,0,UP,473732703443,"E"
264507,78,49,0,0,DOWN,473733412843,"N"
264507,78,49,0,0,UP,473796688843,"N"
264507,76,38,0,0,DOWN,473836758643,"L"
264507,76,38,0,0,UP,473892702543,"L"
264507,65,30,0,0,DOWN,473932633743,"A"
264507,65,30,0,0,UP,473980733243,"A"
264507,78,49,0,0,DOWN,474036722243,"N"
264507,78,49,0,0,UP,474092686143,"N"
264507,68,32,0,0,DOWN,474132693743,"D"
264507,70,33,0,0,DOWN,474236701443,"F"
264507,68,32,0,0,UP,474244723243,"D"
264507,70,33,0,0,UP,474308697143,"F"
264507,72,35,0,0,DOWN,474332638043,"H"
264507,66,48,0,0,DOWN,474436687143,"B"
264507,72,35,0,0,UP,474444698343,"H"
264507,85,22,0,0,DOWN,474532802643,"U"
264507,66,48,0,0,UP,474556709843,"B"
264507,82,19,0,0,DOWN,474636677943,"R"
264507,85,22,0,0,UP,474644663443,"U"
264507,71,34,0,0,DOWN,474740680543,"G"
264507,82,19,0,0,UP,474748549643,"R"
264507,69,18,0,0,DOWN,474836553043,"E"
264507,71,34,0,0,UP,474844571343,"G"
264507,78,49,0,0,DOWN,474932445443,"N"
264507,69,18,0,0,UP,474940763343,"E"
264507,78,49,0,0,UP,474996724643,"N"
264507,76,38,0,0,DOWN,475028694843,"L"
264507,76,38,0,0,UP,475092735743,"L"
264507,65,30,0,0,DOWN,475132411643,"A"
264507,65,30,0,0,UP,475180399743,"A"
264507,78,49,0,0,DOWN,475236677143,"N"
264507,78,49,0,0,UP,475300675543,"N"
264507,68,32,0,0,DOWN,475340699443,"D"
264507,70,33,0,0,DOWN,475436643643,"F"
264507,68,32,0,0,UP,475444667043,"D"
264507,70,33,0,0,UP,475508680643,"F"
264507,72,35,0,0,DOWN,475532551643,"H"
264507,66,48,0,0,DOWN,475636717643,"B"
264507,72,35,0,0,UP,475644410443,"H"
264507,85,22,0,0,DOWN,475732404543,"U"
264507,66,48,0,0,UP,475756693643,"B"
264507,82,19,0,0,DOWN,475836659043,"R"
264507,85,22,0,0,UP,475844425943,"U"
264507,71,34,0,0,DOWN,475932448343,"G"
264507,82,19,0,0,UP,475948886943,"R"
264507,69,18,0,0,DOWN,476036715943,"E"
264507,71,34,0,0,UP,476044709743,"G"
264507,69,18,0,0,UP,476132442843,"E"
264507,78,49,0,0,DOWN,476148778543,"N"
264507,78,49,0,0,UP,476196710343,"N"
264507,76,38,0,0,DOWN,476236678343,"L"
264507,76,38,0,0,UP,476292681943,"L"
264507,65,30,0,0,DOWN,476332572543,"A"
264507,65,30,0,0,UP,476380703743,"A"
264507,78,49,0,0,DOWN,476436672343,"N"
264507,78,49,0,0,UP,476492738343,"N"
264507,68,32,0,0,DOWN,476532479543,"D"
264507,70,33,0,0,DOWN,476636743443,"F"
264507,68,32,0,0,UP,476644636543,"D"
264507,70,33,0,0,UP,476708688743,"F"
264507,72,35,0,0,DOWN,476732822643,"H"
264507,66,48,0,0,DOWN,476836676843,"B"
264507,72,35,0,0,UP,476844581943,"H"
264507,85,22,0,0,DOWN,476940697143,"U"
264507,66,48,0,0,UP,476956714643,"B"
264507,82,19,0,0,DOWN,477036707143,"R"
264507,85,22,0,0,UP,477044693343,"U"
264507,71,34,0,0,DOWN,477140717243,"G"
264507,82,19,0,0,UP,477148780243,"R"
264507,69,18,0,0,DOWN,477236745143,"E"
264507,71,34,0,0,UP,477244697643,"G"
264507,78,49,0,0,DOWN,477332827843,"N"
264507,69,18,0,0,UP,477340741143,"E"
264507,78,49,0,0,UP,477404521743,"N"
264507,76,38,0,0,DOWN,477436731843,"L"
264507,76,38,0,0,UP,477492744743,"L"
264507,65,30,0,0,DOWN,477532742543,"A"
264507,65,30,0,0,UP,477580761243,"A"
264507,78,49,0,0,DOWN,477636729543,"N"
264507,78,49,0,0,UP,477700530743,"N"
264507,68,32,0,0,DOWN,477740764143,"D"
264507,70,33,0,0,DOWN,477836787743,"F"
264507,68,32,0,0,UP,477852608343,"D"
264507,70,33,0,0,UP,477908449443,"F"
264507,72,35,0,0,DOWN,477932708843,"H"
264507,66,48,0,0,DOWN,478036681343,"B"
264507,72,35,0,0,UP,478052584343,"H"
264507,85,22,0,0,DOWN,478132724843,"U"
264507,66,48,0,0,UP,478156724043,"B"
264507,82,19,0,0,DOWN,478236494543,"R"
264507,85,22,0,0,UP,478244724643,"U"
264507,71,34,0,0,DOWN,478332698243,"G"
264507,82,19,0,0,UP,478348660743,"R"
264507,69,18,0,0,DOWN,478436490443,"E"
264507,71,34,0,0,UP,478444427143,"G"
264507,78,49,0,0,DOWN,478532791243,"N"
264507,69,18,0,0,UP,478540747543,"E"
264507,78,49,0,0,UP,478596728743,"N"
264507,76,38,0,0,DOWN,478636728243,"L"
264507,76,38,0,0,UP,478692692543,"L"
264507,65,30,0,0,DOWN,478732476543,"A"
264507,65,30,0,0,UP,478780698143,"A"
264507,78,49,0,0,DOWN,478836770743,"N"
264507,78,49,0,0,UP,478892716743,"N"
264507,68,32,0,0,DOWN,478932732343,"D"
264507,70,33,0,0,DOWN,479036738443,"F"
264507,68,32,0,0,UP,479044729343,"D"
264507,70,33,0,0,UP,479108699743,"F"
264507,72,35,0,0,DOWN,479132732743,"H"
264507,72,35,0,0,UP,479236716943,"H"
264507,66,48,0,0,DOWN,479237285643,"B"
264507,85,22,0,0,DOWN,479340685943,"U"
264507,66,48,0,0,UP,479356746543,"B"
264507,82,19,0,0,DOWN,479436709943,"R"
264507,85,22,0,0,UP,479444685343,"U"
264507,71,34,0,0,DOWN,479540466743,"G"
264507,82,19,0,0,UP,479548682943,"R"
264507,69,18,0,0,DOWN,479636709743,"E"
264507,71,34,0,0,UP,479644717043,"G"
264507,78,49,0,0,DOWN,479732706343,"N"
264507,69,18,0,0,UP,479740707443,"E"
264507,78,49,0,0,UP,479796717543,"N"
264507,76,38,0,0,DOWN,479836769543,"L"
264507,76,38,0,0,UP,479892715443,"L"
264507,65,30,0,0,DOWN,479932716443,"A"
264507,65,30,0,0,UP,479980757943,"A"
264507,78,49,0,0,DOWN,480036687543,"N"
264507,78,49,0,0,UP,480100700743,"N"
264507,68,32,0,0,DOWN,480140723543,"D"
264507,70,33,0,0,DOWN,480236701543,"F"
264507,68,32,0,0,UP,480244656243,"D"
264507,70,33,0,0,UP,480308706443,"F"
264507,72,35,0,0,DOWN,480332730743,"H"
264507,72,35,0,0,UP,480436532943,"H"
264507,66,48,0,0,DOWN,480437457843,"B"
264507,85,22,0,0,DOWN,480532783843,"U"
264507,66,48,0,0,UP,480556483743,"B"
264507,82,19,0,0,DOWN,480636689043,"R"
264507,85,22,0,0,UP,480644690343,"U"
264507,71,34,0,0,DOWN,480732737343,"G"
264507,82,19,0,0,UP,480756471043,"R"
264507,69,18,0,0,DOWN,480836489243,"E"
264507,71,34,0,0,UP,480844484943,"G"
264507,69,18,0,0,UP,480932709743,"E"
264507,78,49,0,0,DOWN,480933526943,"N"
264507,78,49,0,0,UP,480996742043,"N"
264507,76,38,0,0,DOWN,481036571643,"L"
264507,76,38,0,0,UP,481092722243,"L"
264507,65,30,0,0,DOWN,481132718843,"A"
264507,65,30,0,0,UP,481180736943,"A"
264507,78,49,0,0,DOWN,481236468843,"N"
264507,78,49,0,0,UP,481292702943,"N"
264507,68,32,0,0,DOWN,481332735743,"D"
264507,70,33,0,0,DOWN,481436497043,"F"
264507,68,32,0,0,UP,481444679643,"D"
264507,70,33,0,0,UP,481500738043,"F"
264507,72,35,0,0,DOWN,481540744143,"H"
264507,66,48,0,0,DOWN,481636516243,"B"
264507,72,35,0,0,UP,481644762343,"H"
264507,85,22,0,0,DOWN,481732906343,"U"
264507,66,48,0,0,UP,481756712843,"B"
264507,82,19,0,0,DOWN,481828738043,"R"
264507,85,22,0,0,UP,481844420043,"U"
264507,71,34,0,0,DOWN,481932804143,"G"
264507,82,19,0,0,UP,481948767743,"R"
264507,71,34,0,0,UP,482036621343,"G"
264507,69,18,0,0,DOWN,482037622743,"E"
264507,78,49,0,0,DOWN,482132734743,"N"
264507,69,18,0,0,UP,482140704243,"E"
264507,78,49,0,0,UP,482196747343,"N"
264507,76,38,0,0,DOWN,482236639643,"L"
264507,76,38,0,0,UP,482292721343,"L"
264507,65,30,0,0,DOWN,482332738843,"A"
264507,65,30,0,0,UP,482380777943,"A"
264507,78,49,0,0,DOWN,482436932843,"N"
264507,78,49,0,0,UP,482500742043,"N"
264507,68,32,0,0,DOWN,482532758643,"D"
264507,70,33,0,0,DOWN,482636890443,"F"
264507,68,32,0,0,UP,482644767843,"D"
264507,70,33,0,0,UP,482708775443,"F"
264507,72,35,0,0,DOWN,482732713243,"H"
264507,66,48,0,0,DOWN,482836941443,"B"
264507,72,35,0,0,UP,482844748143,"H"
264507,85,22,0,0,DOWN,482932765943,"U"
264507,66,48,0,0,UP,482948732743,"B"
264507,82,19,0,0,DOWN,483036868543,"R"
264507,85,22,0,0,UP,483044513843,"U"
264507,71,34,0,0,DOWN,483132727543,"G"
264507,82,19,0,0,UP,483148732443,"R"
264507,69,18,0,0,DOWN,483236773343,"E"
264507,71,34,0,0,UP,483244695043,"G"
264507,69,18,0,0,UP,483332777643,"E"
264507,78,49,0,0,DOWN,483333763243,"N"
264507,78,49,0,0,UP,483396718143,"N"
264507,76,38,0,0,DOWN,483436716443,"L"
264507,76,38,0,0,UP,483492747043,"L"
264507,65,30,0,0,DOWN,483532727643,"A"
264507,65,30,0,0,UP,483580727643,"A"
264507,78,49,0,0,DOWN,483636717143,"N"
264507,78,49,0,0,UP,483692717543,"N"
264507,68,32,0,0,DOWN,483732733043,"D"
264507,70,33,0,0,DOWN,483836846343,"F"
264507,68,32,0,0,UP,483852713143,"D"
264507,70,33,0,0,UP,483908808843,"F"
264507,72,35,0,0,DOWN,483940827643,"H"
264507,72,35,0,0,UP,484036794643,"H"
264507,66,48,0,0,DOWN,484037826243,"B"
264507,85,22,0,0,DOWN,484132757543,"U"
264507,66,48,0,0,UP,484156716343,"B"
264507,82,19,0,0,DOWN,484228786443,"R"
264507,85,22,0,0,UP,484244767443,"U"
264507,71,34,0,0,DOWN,484332767143,"G"
264507,82,19,0,0,UP,484356775243,"R"
264507,69,18,0,0,DOWN,484436752943,"E"
264507,71,34,0,0,UP,484444718743,"G"
264507,78,49,0,0,DOWN,484532766643,"N"
264507,69,18,0,0,UP,484540745043,"E"
264507,78,49,0,0,UP,484604849043,"N"
264507,76,38,0,0,DOWN,484636797643,"L"
264507,76,38,0,0,UP,484692500843,"L"
264507,65,30,0,0,DOWN,484732793443,"A"
264507,65,30,0,0,UP,484780807443,"A"
264507,78,49,0,0,DOWN,484836789843,"N"
264507,78,49,0,0,UP,484900757943,"N"
264507,68,32,0,0,DOWN,484932739743,"D"
264507,70,33,0,0,DOWN,485036728343,"F"
264507,68,32,0,0,UP,485044747243,"D"
264507,70,33,0,0,UP,485108794043,"F"
264507,72,35,0,0,DOWN,485132776043,"H"
264507,66,48,0,0,DOWN,485236782343,"B"
264507,72,35,0,0,UP,485244746443,"H"
264507,85,22,0,0,DOWN,485332503643,"U"
264507,66,48,0,0,UP,485356554143,"B"
264507,82,19,0,0,DOWN,485436781543,"R"
264507,85,22,0,0,UP,485444706643,"U"
264507,71,34,0,0,DOWN,485532498343,"G"
264507,82,19,0,0,UP,485548666543,"R"
264507,69,18,0,0,DOWN,485636773743,"E"
264507,71,34,0,0,UP,485644702043,"G"
264507,69,18,0,0,UP,485732801743,"E"
264507,78,49,0,0,DOWN,485740743943,"N"
264507,78,49,0,0,UP,485796758143,"N"
264507,76,38,0,0,DOWN,485836775343,"L"
264507,76,38,0,0,UP,485892789043,"L"
264507,65,30,0,0,DOWN,485932792843,"A"
264507,65,30,0,0,UP,485980782643,"A"
264507,78,49,0,0,DOWN,486036776443,"N"
264507,78,49,0,0,UP,486100774943,"N"
264507,68,32,0,0,DOWN,486140780643,"D"
264507,70,33,0,0,DOWN,486236740343,"F"
264507,68,32,0,0,UP,486244734843,"D"
264507,70,33,0,0,UP,486308739443,"F"
264507,72,35,0,0,DOWN,486332776243,"H"
264507,72,35,0,0,UP,486428540743,"H"
264507,66,48,0,0,DOWN,486436492943,"B"
264507,85,22,0,0,DOWN,486532751243,"U"
264507,66,48,0,0,UP,486556506043,"B"
264507,82,19,0,0,DOWN,486636798443,"R"
264507,85,22,0,0,UP,486644765443,"U"
264507,71,34,0,0,DOWN,486732847143,"G"
264507,82,19,0,0,UP,486756498343,"R"
264507,71,34,0,0,UP,486836825543,"G"
264507,69,18,0,0,DOWN,486837868943,"E"
264507,78,49,0,0,DOWN,486932745643,"N"
264507,69,18,0,0,UP,486940637743,"E"
264507,78,49,0,0,UP,487004789643,"N"
264507,76,38,0,0,DOWN,487036804843,"L"
264507,76,38,0,0,UP,487092769843,"L"
264507,65,30,0,0,DOWN,487132784743,"A"
264507,65,30,0,0,UP,487180837743,"A"
264507,78,49,0,0,DOWN,487236532043,"N"
264507,78,49,0,0,UP,487300745743,"N"
264507,68,32,0,0,DOWN,487332781643,"D"
264507,70,33,0,0,DOWN,487436790643,"F"
264507,68,32,0,0,UP,487444783543,"D"
264507,70,33,0,0,UP,487508774743,"F"
264507,72,35,0,0,DOWN,487532767043,"H"
264507,66,48,0,0,DOWN,487636779643,"B"
264507,72,35,0,0,UP,487644751643,"H"
264507,85,22,0,0,DOWN,487732774543,"U"
264507,66,48,0,0,UP,487756852043,"B"
264507,82,19,0,0,DOWN,487836786443,"R"
264507,85,22,0,0,UP,487844564143,"U"
264507,71,34,0,0,DOWN,487932824843,"G"
264507,82,19,0,0,UP,487956893143,"R"
264507,69,18,0,0,DOWN,488036812443,"E"
264507,71,34,0,0,UP,488044556243,"G"
264507,78,49,0,0,DOWN,488132787643,"N"
264507,69,18,0,0,UP,488140872443,"E"
264507,78,49,0,0,UP,488204805243,"N"
264507,76,38,0,0,DOWN,488236779343,"L"
264507,76,38,0,0,UP,488292803343,"L"
264507,65,30,0,0,DOWN,488332811643,"A"
264507,65,30,0,0,UP,488380810543,"A"
264507,78,49,0,0,DOWN,488436600943,"N"
264507,78,49,0,0,UP,488500815943,"N"
264507,68,32,0,0,DOWN,488540710443,"D"
264507,70,33,0,0,DOWN,488636809443,"F"
264507,68,32,0,0,UP,488644793843,"D"
264507,70,33,0,0,UP,488708565343,"F"
264507,72,35,0,0,DOWN,488732786043,"H"
264507,72,35,0,0,UP,488836779343,"H"
264507,66,48,0,0,DOWN,488837726643,"B"
264507,85,22,0,0,DOWN,488932819443,"U"
264507,66,48,0,0,UP,488956769843,"B"
264507,82,19,0,0,DOWN,489036770443,"R"
264507,85,22,0,0,UP,489044755443,"U"
264507,71,34,0,0,DOWN,489132795743,"G"
264507,82,19,0,0,UP,489148807843,"R"
264507,69,18,0,0,DOWN,489236819443,"E"
264507,71,34,0,0,UP,489244782643,"G"
264507,78,49,0,0,DOWN,489332818343,"N"
264507,69,18,0,0,UP,489340756443,"E"
264507,78,49,0,0,UP,489396794743,"N"
264507,76,38,0,0,DOWN,489436768143,"L"
264507,76,38,0,0,UP,489492720543,"L"
264507,65,30,0,0,DOWN,489532817343,"A"
264507,65,30,0,0,UP,489580786643,"A"
264507,78,49,0,0,DOWN,489636811943,"N"
264507,78,49,0,0,UP,489700869043,"N"
264507,68,32,0,0,DOWN,489732762043,"D"
264507,70,33,0,0,DOWN,489836811443,"F"
264507,68,32,0,0,UP,489844566443,"D"
264507,70,33,0,0,UP,489908752443,"F"
264507,72,35,0,0,DOWN,489932825543,"H"
264507,66,48,0,0,DOWN,490036792543,"B"
264507,72,35,0,0,UP,490044784343,"H"
264507,85,22,0,0,DOWN,490132790743,"U"
264507,66,48,0,0,UP,490156893643,"B"
264507,82,19,0,0,DOWN,490236837943,"R"
264507,85,22,0,0,UP,490244491843,"U"
264507,71,34,0,0,DOWN,490332614743,"G"
264507,82,19,0,0,UP,490348510643,"R"
264507,69,18,0,0,DOWN,490436778643,"E"
264507,71,34,0,0,UP,490444454443,"G"
264507,78,49,0,0,DOWN,490532811943,"N"
264507,69,18,0,0,UP,490540798543,"E"
264507,78,49,0,0,UP,490596876143,"N"
264507,76,38,0,0,DOWN,490636813243,"L"
264507,76,38,0,0,UP,490692558743,"L"
264507,65,30,0,0,DOWN,490732840943,"A"
264507,65,30,0,0,UP,490780845943,"A"
264507,78,49,0,0,DOWN,490836839743,"N"
264507,78,49,0,0,UP,490892712543,"N"
264507,68,32,0,0,DOWN,490940816443,"D"
264507,70,33,0,0,DOWN,491036795443,"F"
264507,68,32,0,0,UP,491044649843,"D"
264507,70,33,0,0,UP,491108831843,"F"
264507,72,35,0,0,DOWN,491132830043,"H"
264507,66,48,0,0,DOWN,491236818643,"B"
264507,72,35,0,0,UP,491244644843,"H"
264507,85,22,0,0,DOWN,491332815043,"U"
264507,66,48,0,0,UP,491356606243,"B"
264507,82,19,0,0,DOWN,491436831443,"R"
264507,85,22,0,0,UP,491444744643,"U"
264507,71,34,0,0,DOWN,491532781243,"G"
264507,82,19,0,0,UP,491548814543,"R"
264507,69,18,0,0,DOWN,491636801343,"E"
264507,71,34,0,0,UP,491644646043,"G"
264507,78,49,0,0,DOWN,491732879743,"N"
264507,69,18,0,0,UP,491740755243,"E"
264507,78,49,0,0,UP,491796845643,"N"
264507,76,38,0,0,DOWN,491836784043,"L"
264507,76,38,0,0,UP,491892915243,"L"
264507,65,30,0,0,DOWN,491932833343,"A"
264507,65,30,0,0,UP,491980893243,"A"
264507,78,49,0,0,DOWN,492036794243,"N"
264507,78,49,0,0,UP,492100825343,"N"
264507,68,32,0,0,DOWN,492132816843,"D"
264507,70,33,0,0,DOWN,492236841943,"F"
264507,68,32,0,0,UP,492252835943,"D"
264507,70,33,0,0,UP,492308847443,"F"
264507,72,35,0,0,DOWN,492332835243,"H"
264507,66,48,0,0,DOWN,492436876443,"B"
264507,72,35,0,0,UP,492444468143,"H"
264507,85,22,0,0,DOWN,492532900243,"U"
264507,66,48,0,0,UP,492548834443,"B"
264507,82,19,0,0,DOWN,492636833343,"R"
264507,85,22,0,0,UP,492644585543,"U"
264507,71,34,0,0,DOWN,492732848843,"G"
264507,82,19,0,0,UP,492748930743,"R"
264507,69,18,0,0,DOWN,492836835843,"E"
264507,71,34,0,0,UP,492844753943,"G"
264507,78,49,0,0,DOWN,492940887943,"N"
264507,69,18,0,0,UP,492948816243,"E"
264507,78,49,0,0,UP,492996821143,"N"
264507,76,38,0,0,DOWN,493028790043,"L"
264507,76,38,0,0,UP,493092880143,"L"
264507,65,30,0,0,DOWN,493132841943,"A"
264507,65,30,0,0,UP,493180801843,"A"
264507,78,49,0,0,DOWN,493228903143,"N"
264507,78,49,0,0,UP,493300830443,"N"
264507,68,32,0,0,DOWN,493340841343,"D"
264507,70,33,0,0,DOWN,493436840243,"F"
264507,68,32,0,0,UP,493444722543,"D"
264507,70,33,0,0,UP,493516642743,"F"
264507,72,35,0,0,DOWN,493532858343,"H"
264507,66,48,0,0,DOWN,493636881943,"B"
264507,72,35,0,0,UP,493644687543,"H"
264507,85,22,0,0,DOWN,493732737743,"U"
264507,66,48,0,0,UP,493756829243,"B"
264507,82,19,0,0,DOWN,493836840943,"R"
264507,85,22,0,0,UP,493844673643,"U"
264507,71,34,0,0,DOWN,493932937743,"G"
264507,82,19,0,0,UP,493956839843,"R"
264507,69,18,0,0,DOWN,494036837743,"E"
264507,71,34,0,0,UP,494044903943,"G"
264507,78,49,0,0,DOWN,494132861443,"N"
264507,69,18,0,0,UP,494140843143,"E"
264507,78,49,0,0,UP,494196838743,"N"
264507,76,38,0,0,DOWN,494236853643,"L"
264507,76,38,0,0,UP,494292824343,"L"
264507,65,30,0,0,DOWN,494332808143,"A"
264507,65,30,0,0,UP,494380805143,"A"
264507,78,49,0,0,DOWN,494436819843,"N"
264507,78,49,0,0,UP,494492803243,"N"
264507,68,32,0,0,DOWN,494532517843,"D"
264507,70,33,0,0,DOWN,494637072443,"F"
264507,68,32,0,0,UP,494644943343,"D"
264507,70,33,0,0,UP,494708890843,"F"
264507,72,35,0,0,DOWN,494732959643,"H"
264507,72,35,0,0,UP,494836850843,"H"
264507,66,48,0,0,DOWN,494837797043,"B"
264507,85,22,0,0,DOWN,494932876143,"U"
264507,66,48,0,0,UP,494956884043,"B"
264507,82,19,0,0,DOWN,495036883643,"R"
264507,85,22,0,0,UP,495044812843,"U"
264507,71,34,0,0,DOWN,495140827843,"G"
264507,82,19,0,0,UP,495148968843,"R"
264507,71,34,0,0,UP,495236868243,"G"
264507,69,18,0,0,DOWN,495237655743,"E"
264507,69,18,0,0,UP,495340897643,"E"
264507,78,49,0,0,DOWN,495341755043,"N"
264507,78,49,0,0,UP,495396657943,"N"
264507,76,38,0,0,DOWN,495429072343,"L"
264507,76,38,0,0,UP,495492851243,"L"
264507,65,30,0,0,DOWN,495532834643,"A"
264507,65,30,0,0,UP,495580857343,"A"
264507,78,49,0,0,DOWN,495636835443,"N"
264507,78,49,0,0,UP,495700821043,"N"
264507,68,32,0,0,DOWN,495740865943,"D"
264507,70,33,0,0,DOWN,495836843843,"F"
264507,68,32,0,0,UP,495844535843,"D"
264507,70,33,0,0,UP,495908839943,"F"
264507,72,35,0,0,DOWN,495932880443,"H"
264507,66,48,0,0,DOWN,496036870143,"B"
264507,72,35,0,0,UP,496052872443,"H"
264507,85,22,0,0,DOWN,496132617443,"U"
264507,66,48,0,0,UP,496156875643,"B"
264507,82,19,0,0,DOWN,496236860143,"R"
264507,85,22,0,0,UP,496252851343,"U"
264507,71,34,0,0,DOWN,496332901843,"G"
264507,82,19,0,0,UP,496356874143,"R"
264507,69,18,0,0,DOWN,496436871443,"E"
264507,71,34,0,0,UP,496445022143,"G"
264507,69,18,0,0,UP,496532889843,"E"
264507,78,49,0,0,DOWN,496533739443,"N"
264507,78,49,0,0,UP,496596769843,"N"
264507,76,38,0,0,DOWN,496636865543,"L"
264507,76,38,0,0,UP,496692825343,"L"
264507,65,30,0,0,DOWN,496732846543,"A"
264507,65,30,0,0,UP,496780675143,"A"
264507,78,49,0,0,DOWN,496836863643,"N"
264507,78,49,0,0,UP,496892879543,"N"
264507,68,32,0,0,DOWN,496932902343,"D"
264507,70,33,0,0,DOWN,497036818843,"F"
264507,68,32,0,0,UP,497044856543,"D"
264507,70,33,0,0,UP,497108852243,"F"
264507,72,35,0,0,DOWN,497132824043,"H"
264507,72,35,0,0,UP,497228855643,"H"
264507,66,48,0,0,DOWN,497236843143,"B"
264507,85,22,0,0,DOWN,497340907543,"U"
264507,66,48,0,0,UP,497356871843,"B"
264507,82,19,0,0,DOWN,497436873043,"R"
264507,85,22,0,0,UP,497444831943,"U"
264507,71,34,0,0,DOWN,497540877843,"G"
264507,82,19,0,0,UP,497548637443,"R"
264507,69,18,0,0,DOWN,497636890543,"E"
264507,71,34,0,0,UP,497644564743,"G"
264507,69,18,0,0,UP,497732928743,"E"
264507,78,49,0,0,DOWN,497733653443,"N"
264507,78,49,0,0,UP,497804902643,"N"
264507,76,38,0,0,DOWN,497836924343,"L"
264507,76,38,0,0,UP,497892858943,"L"
264507,65,30,0,0,DOWN,497932848443,"A"
264507,65,30,0,0,UP,497981031243,"A"
264507,78,49,0,0,DOWN,498036926243,"N"
264507,78,49,0,0,UP,498100879043,"N"
264507,68,32,0,0,DOWN,498140859543,"D"
264507,70,33,0,0,DOWN,498236873443,"F"
264507,68,32,0,0,UP,498252894443,"D"
264507,70,33,0,0,UP,498316659343,"F"
264507,72,35,0,0,DOWN,498332886343,"H"
264507,66,48,0,0,DOWN,498436810543,"B"
264507,72,35,0,0,UP,498444794143,"H"
264507,85,22,0,0,DOWN,498532875243,"U"
264507,66,48,0,0,UP,498556872343,"B"
264507,82,19,0,0,DOWN,498636937443,"R"
264507,85,22,0,0,UP,498644558543,"U"
264507,71,34,0,0,DOWN,498732734343,"G"
264507,82,19,0,0,UP,498748606043,"R"
264507,69,18,0,0,DOWN,498836942043,"E"
264507,71,34,0,0,UP,498844605643,"G"
264507,78,49,0,0,DOWN,498932755043,"N"
264507,69,18,0,0,UP,498940838043,"E"
264507,78,49,0,0,UP,498996853643,"N"
264507,76,38,0,0,DOWN,499036935843,"L"
264507,76,38,0,0,UP,499092909043,"L"
264507,65,30,0,0,DOWN,499132645543,"A"
264507,65,30,0,0,UP,499180914543,"A"
264507,78,49,0,0,DOWN,499236886043,"N"
264507,78,49,0,0,UP,499292869243,"N"
264507,68,32,0,0,DOWN,499332660243,"D"
264507,70,33,0,0,DOWN,499436934943,"F"
264507,68,32,0,0,UP,499444836543,"D"
264507,70,33,0,0,UP,499508909243,"F"
264507,72,35,0,0,DOWN,499540884643,"H"
264507,72,35,0,0,UP,499636939543,"H"
264507,66,48,0,0,DOWN,499637870343,"B"
264507,85,22,0,0,DOWN,499732654143,"U"
264507,66,48,0,0,UP,499756811143,"B"
264507,82,19,0,0,DOWN,499836919143,"R"
264507,85,22,0,0,UP,499844853543,"U"
264507,71,34,0,0,DOWN,499932730243,"G"
264507,82,19,0,0,UP,499956881343,"R"
264507,69,18,0,0,DOWN,500036895143,"E"
264507,71,34,0,0,UP,500044924243,"G"
264507,69,18,0,0,UP,500132681543,"E"
264507,78,49,0,0,DOWN,500133500443,"N"
264507,78,49,0,0,UP,500196901443,"N"
264507,76,38,0,0,DOWN,500236878243,"L"
264507,76,38,0,0,UP,500292890643,"L"
264507,65,30,0,0,DOWN,500332632843,"A"
264507,65,30,0,0,UP,500380758143,"A"
264507,78,49,0,0,DOWN,500436935343,"N"
264507,78,49,0,0,UP,500492902743,"N"
264507,68,32,0,0,DOWN,500532781143,"D"
264507,70,33,0,0,DOWN,500636907843,"F"
264507,68,32,0,0,UP,500644890743,"D"
264507,70,33,0,0,UP,500708866943,"F"
264507,72,35,0,0,DOWN,500732857943,"H"
264507,66,48,0,0,DOWN,500836912843,"B"
264507,72,35,0,0,UP,500844618143,"H"
264507,85,22,0,0,DOWN,500933020643,"U"
264507,66,48,0,0,UP,500956858643,"B"
264507,82,19,0,0,DOWN,501036901143,"R"
264507,85,22,0,0,UP,501044898743,"U"
264507,71,34,0,0,DOWN,501133052543,"G"
264507,82,19,0,0,UP,501157213843,"R"
264507,69,18,0,0,DOWN,501236919243,"E"
264507,71,34,0,0,UP,501244863943,"G"
264507,78,49,0,0,DOWN,501332935143,"N"
264507,69,18,0,0,UP,501340871543,"E"
264507,78,49,0,0,UP,501396824943,"N"
264507,76,38,0,0,DOWN,501436554843,"L"
264507,76,38,0,0,UP,501492823243,"L"
264507,65,30,0,0,DOWN,501532671143,"A"
264507,65,30,0,0,UP,501580929943,"A"
264507,78,49,0,0,DOWN,501636924643,"N"
264507,78,49,0,0,UP,501700659443,"N"
264507,68,32,0,0,DOWN,501740952843,"D"
264507,70,33,0,0,DOWN,501836916943,"F"
264507,68,32,0,0,UP,501844906443,"D"
264507,70,33,0,0,UP,501908919843,"F"
264507,72,35,0,0,DOWN,501932921943,"H"
264507,66,48,0,0,DOWN,502036917143,"B"
264507,72,35,0,0,UP,502044888143,"H"
264507,85,22,0,0,DOWN,502132922443,"U"
264507,66,48,0,0,UP,502156920543,"B"
264507,82,19,0,0,DOWN,502236941543,"R"
264507,85,22,0,0,UP,502244927843,"U"
264507,71,34,0,0,DOWN,502332929843,"G"
264507,82,19,0,0,UP,502348942843,"R"
264507,69,18,0,0,DOWN,502436958943,"E"
264507,71,34,0,0,UP,502444950643,"G"
264507,69,18,0,0,UP,502532897643,"E"
264507,78,49,0,0,DOWN,502533980443,"N"
264507,78,49,0,0,UP,502596721043,"N"
264507,76,38,0,0,DOWN,502636894343,"L"
264507,76,38,0,0,UP,502692902643,"L"
264507,65,30,0,0,DOWN,502732813943,"A"
264507,65,30,0,0,UP,502780943443,"A"
264507,78,49,0,0,DOWN,502836682843,"N"
264507,78,49,0,0,UP,502892994843,"N"
264507,68,32,0,0,DOWN,502932910843,"D"
264507,70,33,0,0,DOWN,503036917143,"F"
264507,68,32,0,0,UP,503044661543,"D"
264507,70,33,0,0,UP,503108692043,"F"
264507,72,35,0,0,DOWN,503132559843,"H"
264507,66,48,0,0,DOWN,503236502743,"B"
264507,72,35,0,0,UP,503244475943,"H"
264507,85,22,0,0,DOWN,503332762643,"U"
264507,66,48,0,0,UP,503356660443,"B"
264507,82,19,0,0,DOWN,503436711143,"R"
264507,85,22,0,0,UP,503444692843,"U"
264507,71,34,0,0,DOWN,503532653343,"G"
264507,82,19,0,0,UP,503548571843,"R"
264507,69,18,0,0,DOWN,503636488843,"E"
264507,71,34,0,0,UP,503644477443,"G"
264507,78,49,0,0,DOWN,503740555243,"N"
264507,69,18,0,0,UP,503748497043,"E"
264507,78,49,0,0,UP,503796708243,"N"
264507,76,38,0,0,DOWN,503828572243,"L"
264507,76,38,0,0,UP,503892880843,"L"
264507,65,30,0,0,DOWN,503932837643,"A"
264507,65,30,0,0,UP,503980918343,"A"
264507,78,49,0,0,DOWN,504036870043,"N"
264507,78,49,0,0,UP,504100887243,"N"
264507,68,32,0,0,DOWN,504140930743,"D"
264507,70,33,0,0,DOWN,504236954743,"F"
264507,68,32,0,0,UP,504244785043,"D"
264507,70,33,0,0,UP,504316924843,"F"
264507,72,35,0,0,DOWN,504332898743,"H"
264507,66,48,0,0,DOWN,504436890943,"B"
264507,72,35,0,0,UP,504444865643,"H"
264507,85,22,0,0,DOWN,504532862143,"U"
264507,66,48,0,0,UP,504556855843,"B"
264507,82,19,0,0,DOWN,504636906243,"R"
264507,85,22,0,0,UP,504652669743,"U"
264507,71,34,0,0,DOWN,504732876843,"G"
264507,82,19,0,0,UP,504756862943,"R"
264507,69,18,0,0,DOWN,504836912043,"E"
264507,71,34,0,0,UP,504852630143,"G"
264507,69,18,0,0,UP,504933005943,"E"
264507,78,49,0,0,DOWN,504933846443,"N"
264507,78,49,0,0,UP,504996901743,"N"
264507,76,38,0,0,DOWN,505036684443,"L"
264507,76,38,0,0,UP,505092899243,"L"
264507,65,30,0,0,DOWN,505132539143,"A"
264507,65,30,0,0,UP,505180890543,"A"
264507,78,49,0,0,DOWN,505236666543,"N"
264507,78,49,0,0,UP,505292939343,"N"
264507,68,32,0,0,DOWN,505332927843,"D"
264507,70,33,0,0,DOWN,505436637643,"F"
264507,68,32,0,0,UP,505444890643,"D"
264507,70,33,0,0,UP,505508928743,"F"
264507,72,35,0,0,DOWN,505532939743,"H"
264507,72,35,0,0,UP,505636723543,"H"
264507,66,48,0,0,DOWN,505637680043,"B"
264507,85,22,0,0,DOWN,505732897443,"U"
264507,66,48,0,0,UP,505756908643,"B"
264507,82,19,0,0,DOWN,505836683843,"R"
264507,85,22,0,0,UP,505844684443,"U"
264507,71,34,0,0,DOWN,505940925543,"G"
264507,82,19,0,0,UP,505949001343,"R"
264507,69,18,0,0,DOWN,506036745943,"E"
264507,71,34,0,0,UP,506044926543,"G"
264507,78,49,0,0,DOWN,506141168443,"N"
264507,69,18,0,0,UP,506148994743,"E"
264507,78,49,0,0,UP,506196913743,"N"
264507,76,38,0,0,DOWN,506228696743,"L"
264507,76,38,0,0,UP,506292961143,"L"
264507,65,30,0,0,DOWN,506332950443,"A"
264507,65,30,0,0,UP,506380967243,"A"
264507,78,49,0,0,DOWN,506436879743,"N"
264507,78,49,0,0,UP,506500824143,"N"
264507,68,32,0,0,DOWN,506540935243,"D"
264507,70,33,0,0,DOWN,506637106643,"F"
264507,68,32,0,0,UP,506644725643,"D"
264507,70,33,0,0,UP,506708967943,"F"
264507,72,35,0,0,DOWN,506733031743,"H"
264507,66,48,0,0,DOWN,506837107843,"B"
264507,72,35,0,0,UP,506844648543,"H"
264507,85,22,0,0,DOWN,506933002243,"U"
264507,66,48,0,0,UP,506956974843,"B"
264507,82,19,0,0,DOWN,507037134043,"R"
264507,85,22,0,0,UP,507044938143,"U"
264507,71,34,0,0,DOWN,507132966743,"G"
264507,82,19,0,0,UP,507149013443,"R"
264507,69,18,0,0,DOWN,507237088443,"E"
264507,71,34,0,0,UP,507244938643,"G"
264507,69,18,0,0,UP,507333007543,"E"
264507,78,49,0,0,DOWN,507334022243,"N"
264507,78,49,0,0,UP,507396933543,"N"
264507,76,38,0,0,DOWN,507437046543,"L"
264507,76,38,0,0,UP,507492983643,"L"
264507,65,30,0,0,DOWN,507532961243,"A"
264507,65,30,0,0,UP,507580983243,"A"
264507,78,49,0,0,DOWN,507636849943,"N"
264507,78,49,0,0,UP,507692948143,"N"
264507,68,32,0,0,DOWN,507732821643,"D"
264507,70,33,0,0,DOWN,507836760143,"F"
264507,68,32,0,0,UP,507844673843,"D"
264507,70,33,0,0,UP,507908940443,"F"
264507,72,35,0,0,DOWN,507932679743,"H"
264507,72,35,0,0,UP,508028929643,"H"
264507,66,48,0,0,DOWN,508036970743,"B"
264507,85,22,0,0,DOWN,508140813043,"U"
264507,66,48,0,0,UP,508148774643,"B"
264507,82,19,0,0,DOWN,508236752643,"R"
264507,85,22,0,0,UP,508244641343,"U"
264507,71,34,0,0,DOWN,508340648843,"G"
264507,82,19,0,0,UP,508348570043,"R"
264507,69,18,0,0,DOWN,508436951443,"E"
264507,71,34,0,0,UP,508444676643,"G"
264507,78,49,0,0,DOWN,508532938443,"N"
264507,69,18,0,0,UP,508540810143,"E"
264507,78,49,0,0,UP,508596796343,"N"
264507,76,38,0,0,DOWN,508636982443,"L"
264507,76,38,0,0,UP,508693014243,"L"
264507,65,30,0,0,DOWN,508732976543,"A"
264507,65,30,0,0,UP,508781011743,"A"
264507,78,49,0,0,DOWN,508836955243,"N"
264507,78,49,0,0,UP,508900992143,"N"
264507,68,32,0,0,DOWN,508940785043,"D"
264507,70,33,0,0,DOWN,509036956143,"F"
264507,68,32,0,0,UP,509052932743,"D"
264507,70,33,0,0,UP,509108944743,"F"
264507,72,35,0,0,DOWN,509132970243,"H"
264507,72,35,0,0,UP,509237069243,"H"
264507,66,48,0,0,DOWN,509237963143,"B"
264507,85,22,0,0,DOWN,509332708643,"U"
264507,66,48,0,0,UP,509356852743,"B"
264507,82,19,0,0,DOWN,509436947443,"R"
264507,85,22,0,0,UP,509444928043,"U"
264507,71,34,0,0,DOWN,509532950943,"G"
264507,82,19,0,0,UP,509548954443,"R"
264507,69,18,0,0,DOWN,509636959543,"E"
264507,71,34,0,0,UP,509644701643,"G"
264507,78,49,0,0,DOWN,509732989943,"N"
264507,69,18,0,0,UP,509748976543,"E"
264507,78,49,0,0,UP,509797001243,"N"
264507,76,38,0,0,DOWN,509836965243,"L"
264507,76,38,0,0,UP,509892939143,"L"
264507,65,30,0,0,DOWN,509932975043,"A"
264507,65,30,0,0,UP,509980962143,"A"
264507,78,49,0,0,DOWN,510036968443,"N"
264507,78,49,0,0,UP,510092958443,"N"
264507,68,32,0,0,DOWN,510132959143,"D"
264507,70,33,0,0,DOWN,510236961643,"F"
264507,68,32,0,0,UP,510244992243,"D"
264507,70,33,0,0,UP,510309001943,"F"
264507,72,35,0,0,DOWN,510340952543,"H"
264507,72,35,0,0,UP,510437013543,"H"
264507,66,48,0,0,DOWN,510437912443,"B"
264507,85,22,0,0,DOWN,510541019443,"U"
264507,66,48,0,0,UP,510557040543,"B"
264507,82,19,0,0,DOWN,510636981243,"R"
264507,85,22,0,0,UP,510644940743,"U"
264507,71,34,0,0,DOWN,510740957043,"G"
264507,82,19,0,0,UP,510756736143,"R"
264507,69,18,0,0,DOWN,510836956143,"E"
264507,71,34,0,0,UP,510844734843,"G"
264507,69,18,0,0,UP,510933010243,"E"
264507,78,49,0,0,DOWN,510933778643,"N"
264507,78,49,0,0,UP,510996973043,"N"
264507,76,38,0,0,DOWN,511036993643,"L"
264507,76,38,0,0,UP,511092962143,"L"
264507,65,30,0,0,DOWN,511133037243,"A"
264507,65,30,0,0,UP,511181012343,"A"
264507,78,49,0,0,DOWN,511236992443,"N"
264507,78,49,0,0,UP,511293102043,"N"
264507,68,32,0,0,DOWN,511340735043,"D"
264507,70,33,0,0,DOWN,511437020743,"F"
264507,68,32,0,0,UP,511444921743,"D"
264507,70,33,0,0,UP,511501074243,"F"
264507,72,35,0,0,DOWN,511533011043,"H"
264507,66,48,0,0,DOWN,511636729343,"B"
264507,72,35,0,0,UP,511644991443,"H"
264507,85,22,0,0,DOWN,511732725243,"U"
264507,66,48,0,0,UP,511756909143,"B"
264507,82,19,0,0,DOWN,511836999643,"R"
264507,85,22,0,0,UP,511844694243,"U"
264507,71,34,0,0,DOWN,511933080943,"G"
264507,82,19,0,0,UP,511948999843,"R"
264507,69,18,0,0,DOWN,512036985043,"E"
264507,71,34,0,0,UP,512044696943,"G"
264507,78,49,0,0,DOWN,512132891543,"N"
264507,69,18,0,0,UP,512148937343,"E"
264507,78,49,0,0,UP,512196949843,"N"
264507,76,38,0,0,DOWN,512237024243,"L"
264507,76,38,0,0,UP,512292988943,"L"
264507,65,30,0,0,DOWN,512332982843,"A"
264507,65,30,0,0,UP,512380956143,"A"
264507,78,49,0,0,DOWN,512437044443,"N"
264507,78,49,0,0,UP,512501017943,"N"
264507,68,32,0,0,DOWN,512541148143,"D"
264507,70,33,0,0,DOWN,512636983643,"F"
264507,68,32,0,0,UP,512645018143,"D"
264507,70,33,0,0,UP,512708802443,"F"
264507,72,35,0,0,DOWN,512741175043,"H"
264507,72,35,0,0,UP,512837005243,"H"
264507,66,48,0,0,DOWN,512838042743,"B"
264507,85,22,0,0,DOWN,512933007843,"U"
264507,66,48,0,0,UP,512957079543,"B"
264507,82,19,0,0,DOWN,513036974243,"R"
264507,85,22,0,0,UP,513045002643,"U"
264507,71,34,0,0,DOWN,513133068443,"G"
264507,82,19,0,0,UP,513148998643,"R"
264507,69,18,0,0,DOWN,513237026943,"E"
264507,71,34,0,0,UP,513244966443,"G"
264507,78,49,0,0,DOWN,513332986843,"N"
264507,69,18,0,0,UP,513341006243,"E"
264507,78,49,0,0,UP,513396840043,"N"
264507,76,38,0,0,DOWN,513437020843,"L"
264507,76,38,0,0,UP,513492876543,"L"
264507,65,30,0,0,DOWN,513532976743,"A"
264507,65,30,0,0,UP,513580844543,"A"
264507,78,49,0,0,DOWN,513636995043,"N"
264507,78,49,0,0,UP,513692835843,"N"
264507,68,32,0,0,DOWN,513733018843,"D"
264507,70,33,0,0,DOWN,513837002943,"F"
264507,68,32,0,0,UP,513844777343,"D"
264507,70,33,0,0,UP,513908901043,"F"
264507,72,35,0,0,DOWN,513933009443,"H"
264507,72,35,0,0,UP,514037021643,"H"
264507,66,48,0,0,DOWN,514038003543,"B"
264507,85,22,0,0,DOWN,514133015343,"U"
264507,66,48,0,0,UP,514157016143,"B"
264507,82,19,0,0,DOWN,514237003743,"R"
264507,85,22,0,0,UP,514244979143,"U"
264507,71,34,0,0,DOWN,514333042543,"G"
264507,82,19,0,0,UP,514349010043,"R"
264507,69,18,0,0,DOWN,514437040143,"E"
264507,71,34,0,0,UP,514444725543,"G"
264507,78,49,0,0,DOWN,514532818143,"N"
264507,69,18,0,0,UP,514540992443,"E"
264507,78,49,0,0,UP,514605020143,"N"
264507,76,38,0,0,DOWN,514636988343,"L"
264507,76,38,0,0,UP,514701022543,"L"
264507,65,30,0,0,DOWN,514733008443,"A"
264507,65,30,0,0,UP,514781005343,"A"
264507,78,49,0,0,DOWN,514836994643,"N"
264507,78,49,0,0,UP,514900986143,"N"
264507,68,32,0,0,DOWN,514940975543,"D"
264507,70,33,0,0,DOWN,515037002543,"F"
264507,68,32,0,0,UP,515044693643,"D"
264507,70,33,0,0,UP,515101005143,"F"
264507,72,35,0,0,DOWN,515133023043,"H"
264507,66,48,0,0,DOWN,515237012043,"B"
264507,72,35,0,0,UP,515244811743,"H"
264507,85,22,0,0,DOWN,515333029143,"U"
264507,66,48,0,0,UP,515356943743,"B"
264507,82,19,0,0,DOWN,515437098543,"R"
264507,85,22,0,0,UP,515444884343,"U"
264507,71,34,0,0,DOWN,515533008443,"G"
264507,82,19,0,0,UP,515549008043,"R"
264507,69,18,0,0,DOWN,515637030443,"E"
264507,71,34,0,0,UP,515644982643,"G"
264507,78,49,0,0,DOWN,515733010743,"N"
264507,69,18,0,0,UP,515740997443,"E"
264507,78,49,0,0,UP,515796984543,"N"
264507,76,38,0,0,DOWN,515837041543,"L"
264507,76,38,0,0,UP,515893151443,"L"
264507,65,30,0,0,DOWN,515933031443,"A"
264507,65,30,0,0,UP,515981026943,"A"
264507,78,49,0,0,DOWN,516037037643,"N"
264507,78,49,0,0,UP,516093061843,"N"
264507,68,32,0,0,DOWN,516132985843,"D"
264507,70,33,0,0,DOWN,516237052743,"F"
264507,68,32,0,0,UP,516253026843,"D"
264507,70,33,0,0,UP,516309028843,"F"
264507,72,35,0,0,DOWN,516333056343,"H"
264507,72,35,0,0,UP,516428870743,"H"
264507,66,48,0,0,DOWN,516436880343,"B"
264507,85,22,0,0,DOWN,516532987643,"U"
264507,66,48,0,0,UP,516556957243,"B"
264507,82,19,0,0,DOWN,516637020643,"R"
264507,85,22,0,0,UP,516644853743,"U"
264507,71,34,0,0,DOWN,516733021743,"G"
264507,82,19,0,0,UP,516748993043,"R"
264507,71,34,0,0,UP,516836970143,"G"
264507,69,18,0,0,DOWN,516837996443,"E"
264507,69,18,0,0,UP,516941055643,"E"
264507,78,49,0,0,DOWN,516941710743,"N"
264507,78,49,0,0,UP,516997019843,"N"
264507,76,38,0,0,DOWN,517029032243,"L"
264507,76,38,0,0,UP,517093077043,"L"
264507,65,30,0,0,DOWN,517133027443,"A"
264507,65,30,0,0,UP,517181031343,"A"
264507,78,49,0,0,DOWN,517237058843,"N"
264507,78,49,0,0,UP,517301080443,"N"
264507,68,32,0,0,DOWN,517341082043,"D"
264507,70,33,0,0,DOWN,517437060043,"F"
264507,68,32,0,0,UP,517444752543,"D"
264507,70,33,0,0,UP,517509003843,"F"
264507,72,35,0,0,DOWN,517533074043,"H"
264507,66,48,0,0,DOWN,517637005443,"B"
264507,72,35,0,0,UP,517644849643,"H"
264507,85,22,0,0,DOWN,517733016943,"U"
264507,66,48,0,0,UP,517757032743,"B"
264507,82,19,0,0,DOWN,517837041143,"R"
264507,85,22,0,0,UP,517844813143,"U"
264507,71,34,0,0,DOWN,517933121443,"G"
264507,82,19,0,0,UP,517949007243,"R"
264507,69,18,0,0,DOWN,518037071043,"E"
264507,71,34,0,0,UP,518044959443,"G"
264507,78,49,0,0,DOWN,518133038143,"N"
264507,69,18,0,0,UP,518140863743,"E"
264507,78,49,0,0,UP,518197025543,"N"
264507,76,38,0,0,DOWN,518237054443,"L"
264507,76,38,0,0,UP,518293042743,"L"
264507,65,30,0,0,DOWN,518333070143,"A"
264507,65,30,0,0,UP,518381039243,"A"
264507,78,49,0,0,DOWN,518437022843,"N"
264507,78,49,0,0,UP,518493045143,"N"
264507,68,32,0,0,DOWN,518533041343,"D"
264507,70,33,0,0,DOWN,518637073043,"F"
264507,68,32,0,0,UP,518645219643,"D"
264507,70,33,0,0,UP,518709119843,"F"
264507,72,35,0,0,DOWN,518733125043,"H"
264507,72,35,0,0,UP,518837023143,"H"
264507,66,48,0,0,DOWN,518837728543,"B"
264507,85,22,0,0,DOWN,518933028143,"U"
264507,66,48,0,0,UP,518948983543,"B"
264507,82,19,0,0,DOWN,519037045043,"R"
264507,85,22,0,0,UP,519045078643,"U"
264507,71,34,0,0,DOWN,519141082243,"G"
264507,82,19,0,0,UP,519149066143,"R"
264507,69,18,0,0,DOWN,519237058643,"E"
264507,71,34,0,0,UP,519245037443,"G"
264507,69,18,0,0,UP,519341055743,"E"
264507,78,49,0,0,DOWN,519341769743,"N"
264507,78,49,0,0,UP,519396954443,"N"
264507,76,38,0,0,DOWN,519429168643,"L"
264507,76,38,0,0,UP,519493035543,"L"
264507,65,30,0,0,DOWN,519533039143,"A"
264507,65,30,0,0,UP,519580797643,"A"
264507,78,49,0,0,DOWN,519636747643,"N"
264507,78,49,0,0,UP,519701049843,"N"
264507,68,32,0,0,DOWN,519741086643,"D"
264507,70,33,0,0,DOWN,519837064543,"F"
264507,68,32,0,0,UP,519844856043,"D"
264507,70,33,0,0,UP,519909079743,"F"
264507,72,35,0,0,DOWN,519933088043,"H"
264507,66,48,0,0,DOWN,520037055743,"B"
264507,72,35,0,0,UP,520045019443,"H"
264507,85,22,0,0,DOWN,520132838543,"U"
264507,66,48,0,0,UP,520157058343,"B"
264507,82,19,0,0,DOWN,520237096843,"R"
264507,85,22,0,0,UP,520245038043,"U"
264507,71,34,0,0,DOWN,520333068143,"G"
264507,82,19,0,0,UP,520349068143,"R"
264507,69,18,0,0,DOWN,520437097043,"E"
264507,71,34,0,0,UP,520444749243,"G"
264507,78,49,0,0,DOWN,520533028643,"N"
264507,69,18,0,0,UP,520548960143,"E"
264507,78,49,0,0,UP,520596908143,"N"
264507,76,38,0,0,DOWN,520637061743,"L"
264507,76,38,0,0,UP,520693072743,"L"
264507,65,30,0,0,DOWN,520733023143,"A"
264507,65,30,0,0,UP,520780854443,"A"
264507,78,49,0,0,DOWN,520837090043,"N"
264507,78,49,0,0,UP,520893113443,"N"
264507,68,32,0,0,DOWN,520933033443,"D"
264507,70,33,0,0,DOWN,521037085643,"F"
264507,68,32,0,0,UP,521045070143,"D"
264507,70,33,0,0,UP,521109067243,"F"
264507,72,35,0,0,DOWN,521133084043,"H"
264507,72,35,0,0,UP,521236955643,"H"
264507,66,48,0,0,DOWN,521237629043,"B"
264507,85,22,0,0,DOWN,521341073143,"U"
264507,66,48,0,0,UP,521357040543,"B"
264507,82,19,0,0,DOWN,521437091843,"R"
264507,85,22,0,0,UP,521444757543,"U"
264507,71,34,0,0,DOWN,521541072143,"G"
264507,82,19,0,0,UP,521548832343,"R"
264507,69,18,0,0,DOWN,521637058543,"E"
264507,71,34,0,0,UP,521645056043,"G"
264507,69,18,0,0,UP,521733076843,"E"
264507,78,49,0,0,DOWN,521733775243,"N"
264507,78,49,0,0,UP,521797124443,"N"
264507,76,38,0,0,DOWN,521837127543,"L"
264507,76,38,0,0,UP,521893081043,"L"
264507,65,30,0,0,DOWN,521933097943,"A"
264507,65,30,0,0,UP,521981030143,"A"
264507,78,49,0,0,DOWN,522037089343,"N"
264507,78,49,0,0,UP,522093076043,"N"
264507,68,32,0,0,DOWN,522141099343,"D"
264507,70,33,0,0,DOWN,522237106943,"F"
264507,68,32,0,0,UP,522253150843,"D"
264507,70,33,0,0,UP,522309120343,"F"
264507,72,35,0,0,DOWN,522333078243,"H"
264507,66,48,0,0,DOWN,522436837943,"B"
264507,72,35,0,0,UP,522453114543,"H"
264507,85,22,0,0,DOWN,522533072143,"U"
264507,66,48,0,0,UP,522557124843,"B"
264507,82,19,0,0,DOWN,522637116943,"R"
264507,85,22,0,0,UP,522644800143,"U"
264507,71,34,0,0,DOWN,522733119943,"G"
264507,82,19,0,0,UP,522748918143,"R"
264507,69,18,0,0,DOWN,522837107043,"E"
264507,71,34,0,0,UP,522844885643,"G"
264507,78,49,0,0,DOWN,522933056443,"N"
264507,69,18,0,0,UP,522941090943,"E"
264507,78,49,0,0,UP,522997052243,"N"
264507,76,38,0,0,DOWN,523037042443,"L"
264507,76,38,0,0,UP,523093074943,"L"
264507,65,30,0,0,DOWN,523133060943,"A"
264507,65,30,0,0,UP,523181338243,"A"
264507,78,49,0,0,DOWN,523237100843,"N"
264507,78,49,0,0,UP,523293019843,"N"
264507,68,32,0,0,DOWN,523332934943,"D"
264507,70,33,0,0,DOWN,523437097143,"F"
264507,68,32,0,0,UP,523445054343,"D"
264507,70,33,0,0,UP,523509400643,"F"
264507,72,35,0,0,DOWN,523540829143,"H"
264507,72,35,0,0,UP,523637118443,"H"
264507,66,48,0,0,DOWN,523638137943,"B"
264507,85,22,0,0,DOWN,523741071143,"U"
264507,66,48,0,0,UP,523756898943,"B"
264507,82,19,0,0,DOWN,523837205343,"R"
264507,85,22,0,0,UP,523845015543,"U"
264507,71,34,0,0,DOWN,523941078043,"G"
264507,82,19,0,0,UP,523957149443,"R"
264507,69,18,0,0,DOWN,524037127343,"E"
264507,71,34,0,0,UP,524045085443,"G"
264507,78,49,0,0,DOWN,524132915643,"N"
264507,69,18,0,0,UP,524141192643,"E"
264507,78,49,0,0,UP,524197087543,"N"
264507,76,38,0,0,DOWN,524237117043,"L"
264507,76,38,0,0,UP,524284899943,"L"
264507,65,30,0,0,DOWN,524333005243,"A"
264507,65,30,0,0,UP,524381082843,"A"
264507,78,49,0,0,DOWN,524437081543,"N"
264507,78,49,0,0,UP,524500875843,"N"
264507,68,32,0,0,DOWN,524541086143,"D"
264507,70,33,0,0,DOWN,524636886243,"F"
264507,68,32,0,0,UP,524645102343,"D"
264507,70,33,0,0,UP,524709099843,"F"
264507,72,35,0,0,DOWN,524733023943,"H"
264507,66,48,0,0,DOWN,524837136343,"B"
264507,72,35,0,0,UP,524844914643,"H"
264507,85,22,0,0,DOWN,524933055143,"U"
264507,66,48,0,0,UP,524957114043,"B"
264507,82,19,0,0,DOWN,525037095943,"R"
264507,85,22,0,0,UP,525045049643,"U"
264507,71,34,0,0,DOWN,525133295943,"G"
264507,82,19,0,0,UP,525149045743,"R"
264507,69,18,0,0,DOWN,525237095343,"E"
264507,71,34,0,0,UP,525245063843,"G"
264507,78,49,0,0,DOWN,525333223043,"N"
264507,69,18,0,0,UP,525348827843,"E"
264507,78,49,0,0,UP,525397117143,"N"
264507,76,38,0,0,DOWN,525436863043,"L"
264507,76,38,0,0,UP,525493087543,"L"
264507,65,30,0,0,DOWN,525533226043,"A"
264507,65,30,0,0,UP,525581188943,"A"
264507,78,49,0,0,DOWN,525636847143,"N"
264507,78,49,0,0,UP,525693061443,"N"
264507,68,32,0,0,DOWN,525741070243,"D"
264507,70,33,0,0,DOWN,525837085843,"F"
264507,68,32,0,0,UP,525844894443,"D"
264507,70,33,0,0,UP,525909146143,"F"
264507,72,35,0,0,DOWN,525941160843,"H"
264507,72,35,0,0,UP,526029109443,"H"
264507,66,48,0,0,DOWN,526036796443,"B"
264507,85,22,0,0,DOWN,526133051243,"U"
264507,66,48,0,0,UP,526156871643,"B"
264507,82,19,0,0,DOWN,526237073143,"R"
264507,85,22,0,0,UP,526245120143,"U"
264507,71,34,0,0,DOWN,526333192143,"G"
264507,82,19,0,0,UP,526357120843,"R"
264507,69,18,0,0,DOWN,526437074043,"E"
264507,71,34,0,0,UP,526445130643,"G"
264507,69,18,0,0,UP,526533093143,"E"
264507,78,49,0,0,DOWN,526533880943,"N"
264507,78,49,0,0,UP,526597116443,"N"
264507,76,38,0,0,DOWN,526637122343,"L"
264507,76,38,0,0,UP,526693096543,"L"
264507,65,30,0,0,DOWN,526733147143,"A"
264507,65,30,0,0,UP,526781130243,"A"
264507,78,49,0,0,DOWN,526837095043,"N"
264507,78,49,0,0,UP,526901041143,"N"
264507,68,32,0,0,DOWN,526933129243,"D"
264507,70,33,0,0,DOWN,527037127843,"F"
264507,68,32,0,0,UP,527045121043,"D"
264507,70,33,0,0,UP,527109094243,"F"
264507,72,35,0,0,DOWN,527133167143,"H"
264507,66,48,0,0,DOWN,527237083843,"B"
264507,72,35,0,0,UP,527244864643,"H"
264507,85,22,0,0,DOWN,527333089543,"U"
264507,66,48,0,0,UP,527357075143,"B"
264507,82,19,0,0,DOWN,527437155343,"R"
264507,85,22,0,0,UP,527444870343,"U"
264507,71,34,0,0,DOWN,527533091143,"G"
264507,82,19,0,0,UP,527549102743,"R"
264507,69,18,0,0,DOWN,527636869143,"E"
264507,71,34,0,0,UP,527645088143,"G"
264507,69,18,0,0,UP,527733104543,"E"
264507,78,49,0,0,DOWN,527734081143,"N"
264507,78,49,0,0,UP,527797108843,"N"
264507,76,38,0,0,DOWN,527837116443,"L"
264507,76,38,0,0,UP,527893074443,"L"
264507,65,30,0,0,DOWN,527941207243,"A"
264507,65,30,0,0,UP,527981083843,"A"
264507,78,49,0,0,DOWN,528037083143,"N"
264507,78,49,0,0,UP,528093101843,"N"
264507,68,32,0,0,DOWN,528141090743,"D"
264507,70,33,0,0,DOWN,528237244043,"F"
264507,68,32,0,0,UP,528245113143,"D"
264507,70,33,0,0,UP,528309101843,"F"
264507,72,35,0,0,DOWN,528341096543,"H"
264507,72,35,0,0,UP,528437135743,"H"
264507,66,48,0,0,DOWN,528445135643,"B"
264507,85,22,0,0,DOWN,528533135743,"U"
264507,66,48,0,0,UP,528557086443,"B"
264507,82,19,0,0,DOWN,528637108243,"R"
264507,85,22,0,0,UP,528645108143,"U"
264507,71,34,0,0,DOWN,528733260543,"G"
264507,82,19,0,0,UP,528756985743,"R"
264507,69,18,0,0,DOWN,528836899843,"E"
264507,71,34,0,0,UP,528845037843,"G"
264507,69,18,0,0,UP,528933179043,"E"
264507,78,49,0,0,DOWN,528934051843,"N"
264507,78,49,0,0,UP,528997111243,"N"
264507,76,38,0,0,DOWN,529036982643,"L"
264507,76,38,0,0,UP,529093125343,"L"
264507,65,30,0,0,DOWN,529132805743,"A"
264507,65,30,0,0,UP,529181167043,"A"
264507,78,49,0,0,DOWN,529236956843,"N"
264507,78,49,0,0,UP,529301132343,"N"
264507,68,32,0,0,DOWN,529333119343,"D"
264507,70,33,0,0,DOWN,529436919243,"F"
264507,68,32,0,0,UP,529444831543,"D"
264507,70,33,0,0,UP,529509132343,"F"
264507,72,35,0,0,DOWN,529533131143,"H"
264507,66,48,0,0,DOWN,529636938143,"B"
264507,72,35,0,0,UP,529645138743,"H"
264507,85,22,0,0,DOWN,529733165343,"U"
264507,66,48,0,0,UP,529757093143,"B"
264507,82,19,0,0,DOWN,529836882943,"R"
264507,85,22,0,0,UP,529845091943,"U"
264507,71,34,0,0,DOWN,529933127643,"G"
264507,82,19,0,0,UP,529949122243,"R"
264507,69,18,0,0,DOWN,530037028543,"E"
264507,71,34,0,0,UP,530045144643,"G"
264507,69,18,0,0,UP,530141151943,"E"
264507,78,49,0,0,DOWN,530141830943,"N"
264507,78,49,0,0,UP,530197129143,"N"
264507,76,38,0,0,DOWN,530229135843,"L"
264507,76,38,0,0,UP,530293149943,"L"
264507,65,30,0,0,DOWN,530333171743,"A"
264507,65,30,0,0,UP,530381185143,"A"
264507,78,49,0,0,DOWN,530436894043,"N"
264507,78,49,0,0,UP,530501124743,"N"
264507,68,32,0,0,DOWN,530541189243,"D"
264507,70,33,0,0,DOWN,530637043843,"F"
264507,68,32,0,0,UP,530645093443,"D"
264507,70,33,0,0,UP,530709151143,"F"
264507,72,35,0,0,DOWN,530733135843,"H"
264507,66,48,0,0,DOWN,530837249543,"B"
264507,72,35,0,0,UP,530853134543,"H"
264507,85,22,0,0,DOWN,530933171043,"U"
264507,66,48,0,0,UP,530957095643,"B"
264507,82,19,0,0,DOWN,531037328543,"R"
264507,85,22,0,0,UP,531053118743,"U"
264507,71,34,0,0,DOWN,531133122243,"G"
264507,82,19,0,0,UP,531149126743,"R"
264507,69,18,0,0,DOWN,531237196043,"E"
264507,71,34,0,0,UP,531245176943,"G"
264507,69,18,0,0,UP,531333258443,"E"
264507,78,49,0,0,DOWN,531334144543,"N"
264507,78,49,0,0,UP,531397148043,"N"
264507,76,38,0,0,DOWN,531436972243,"L"
264507,76,38,0,0,UP,531492881743,"L"
264507,65,30,0,0,DOWN,531533124243,"A"
264507,65,30,0,0,UP,531581143743,"A"
264507,78,49,0,0,DOWN,531637226643,"N"
264507,78,49,0,0,UP,531701150843,"N"
264507,68,32,0,0,DOWN,531733126843,"D"
264507,70,33,0,0,DOWN,531837177543,"F"
264507,68,32,0,0,UP,531845176443,"D"
264507,70,33,0,0,UP,531909179443,"F"
264507,72,35,0,0,DOWN,531933143443,"H"
264507,72,35,0,0,UP,532037184043,"H"
264507,66,48,0,0,DOWN,532038306643,"B"
264507,85,22,0,0,DOWN,532141210843,"U"
264507,66,48,0,0,UP,532165157243,"B"
264507,82,19,0,0,DOWN,532237174343,"R"
264507,85,22,0,0,UP,532245181743,"U"
264507,71,34,0,0,DOWN,532341224443,"G"
264507,82,19,0,0,UP,532349076343,"R"
264507,69,18,0,0,DOWN,532437217643,"E"
264507,71,34,0,0,UP,532445157343,"G"
264507,78,49,0,0,DOWN,532541162743,"N"
264507,69,18,0,0,UP,532549104943,"E"
264507,78,49,0,0,UP,532597201843,"N"
264507,76,38,0,0,DOWN,532637139443,"L"
264507,76,38,0,0,UP,532693108543,"L"
264507,65,30,0,0,DOWN,532733195443,"A"
264507,65,30,0,0,UP,532781233243,"A"
264507,78,49,0,0,DOWN,532837157443,"N"
264507,78,49,0,0,UP,532893172243,"N"
264507,68,32,0,0,DOWN,532940995343,"D"
264507,70,33,0,0,DOWN,533037172643,"F"
264507,68,32,0,0,UP,533053168543,"D"
264507,70,33,0,0,UP,533109216843,"F"
264507,72,35,0,0,DOWN,533133167043,"H"
264507,72,35,0,0,UP,533237226043,"H"
264507,66,48,0,0,DOWN,533238227043,"B"
264507,85,22,0,0,DOWN,533333186443,"U"
264507,66,48,0,0,UP,533357009843,"B"
264507,82,19,0,0,DOWN,533437185743,"R"
264507,85,22,0,0,UP,533445189043,"U"
264507,71,34,0,0,DOWN,533533155343,"G"
264507,82,19,0,0,UP,533549137043,"R"
264507,69,18,0,0,DOWN,533637196643,"E"
264507,71,34,0,0,UP,533645126743,"G"
264507,78,49,0,0,DOWN,533733291343,"N"
264507,69,18,0,0,UP,533741134543,"E"
264507,78,49,0,0,UP,533797149543,"N"
264507,76,38,0,0,DOWN,533837152743,"L"
264507,76,38,0,0,UP,533892874443,"L"
264507,65,30,0,0,DOWN,533933154343,"A"
264507,65,30,0,0,UP,533972992843,"A"
264507,78,49,0,0,DOWN,534037133743,"N"
264507,78,49,0,0,UP,534092970443,"N"
264507,68,32,0,0,DOWN,534133200943,"D"
264507,70,33,0,0,DOWN,534237199143,"F"
264507,68,32,0,0,UP,534244859543,"D"
264507,70,33,0,0,UP,534309053443,"F"
264507,72,35,0,0,DOWN,534341140543,"H"
264507,66,48,0,0,DOWN,534437204243,"B"
264507,72,35,0,0,UP,534444946743,"H"
264507,85,22,0,0,DOWN,534541246843,"U"
264507,66,48,0,0,UP,534556932843,"B"
264507,82,19,0,0,DOWN,534637163343,"R"
264507,85,22,0,0,UP,534645187543,"U"
264507,71,34,0,0,DOWN,534741156943,"G"
264507,82,19,0,0,UP,534757072443,"R"
264507,69,18,0,0,DOWN,534837181143,"E"
264507,71,34,0,0,UP,534844931543,"G"
264507,69,18,0,0,UP,534925196643,"E"
264507,78,49,0,0,DOWN,534933201643,"N"
264507,78,49,0,0,UP,534997207343,"N"
264507,76,38,0,0,DOWN,535037195443,"L"
264507,76,38,0,0,UP,535093164943,"L"
264507,65,30,0,0,DOWN,535133194243,"A"
264507,65,30,0,0,UP,535181131143,"A"
264507,78,49,0,0,DOWN,535237217343,"N"
264507,78,49,0,0,UP,535293178943,"N"
264507,68,32,0,0,DOWN,535340854843,"D"
264507,70,33,0,0,DOWN,535437197843,"F"
264507,68,32,0,0,UP,535453174543,"D"
264507,70,33,0,0,UP,535509199343,"F"
264507,72,35,0,0,DOWN,535533243543,"H"
264507,72,35,0,0,UP,535637189243,"H"
264507,66,48,0,0,DOWN,535637807343,"B"
264507,85,22,0,0,DOWN,535733183443,"U"
264507,66,48,0,0,UP,535757278643,"B"
264507,82,19,0,0,DOWN,535837210643,"R"
264507,85,22,0,0,UP,535845114643,"U"
264507,71,34,0,0,DOWN,535933208543,"G"
264507,82,19,0,0,UP,535949199843,"R"
264507,69,18,0,0,DOWN,536037176043,"E"
264507,71,34,0,0,UP,536045179443,"G"
264507,78,49,0,0,DOWN,536133195543,"N"
264507,69,18,0,0,UP,536149212443,"E"
264507,78,49,0,0,UP,536197173243,"N"
264507,76,38,0,0,DOWN,536237193843,"L"
264507,76,38,0,0,UP,536293133643,"L"
264507,65,30,0,0,DOWN,536333181043,"A"
264507,65,30,0,0,UP,536373184543,"A"
264507,78,49,0,0,DOWN,536437218343,"N"
264507,78,49,0,0,UP,536493150743,"N"
264507,68,32,0,0,DOWN,536541174843,"D"
264507,70,33,0,0,DOWN,536637181943,"F"
264507,68,32,0,0,UP,536645175043,"D"
264507,70,33,0,0,UP,536709161443,"F"
264507,72,35,0,0,DOWN,536741219743,"H"
264507,66,48,0,0,DOWN,536837168743,"B"
264507,72,35,0,0,UP,536844994443,"H"
264507,85,22,0,0,DOWN,536933208543,"U"
264507,66,48,0,0,UP,536957390343,"B"
264507,82,19,0,0,DOWN,537037185043,"R"
264507,85,22,0,0,UP,537045120543,"U"
264507,71,34,0,0,DOWN,537133202943,"G"
264507,82,19,0,0,UP,537157332643,"R"
264507,69,18,0,0,DOWN,537237175343,"E"
264507,71,34,0,0,UP,537244911543,"G"
264507,69,18,0,0,UP,537333226943,"E"
264507,78,49,0,0,DOWN,537334193543,"N"
264507,78,49,0,0,UP,537397200643,"N"
264507,76,38,0,0,DOWN,537437273943,"L"
264507,76,38,0,0,UP,537493205543,"L"
264507,65,30,0,0,DOWN,537533207743,"A"
264507,65,30,0,0,UP,537581187643,"A"
264507,78,49,0,0,DOWN,537637239143,"N"
264507,78,49,0,0,UP,537701272443,"N"
264507,68,32,0,0,DOWN,537733258043,"D"
264507,70,33,0,0,DOWN,537837257343,"F"
264507,68,32,0,0,UP,537845080843,"D"
264507,70,33,0,0,UP,537908956143,"F"
264507,72,35,0,0,DOWN,537933172843,"H"
264507,72,35,0,0,UP,538037209643,"H"
264507,66,48,0,0,DOWN,538038162343,"B"
264507,85,22,0,0,DOWN,538133201443,"U"
264507,66,48,0,0,UP,538157152943,"B"
264507,82,19,0,0,DOWN,538237212743,"R"
264507,85,22,0,0,UP,538245094343,"U"
264507,71,34,0,0,DOWN,538333224543,"G"
264507,82,19,0,0,UP,538357234443,"R"
264507,69,18,0,0,DOWN,538437343243,"E"
264507,71,34,0,0,UP,538444944343,"G"
264507,78,49,0,0,DOWN,538533193443,"N"
264507,69,18,0,0,UP,538541221943,"E"
264507,78,49,0,0,UP,538597214743,"N"
264507,76,38,0,0,DOWN,538637233443,"L"
264507,76,38,0,0,UP,538692922843,"L"
264507,65,30,0,0,DOWN,538741206543,"A"
264507,65,30,0,0,UP,538781184843,"A"
264507,78,49,0,0,DOWN,538837162843,"N"
264507,78,49,0,0,UP,538885202243,"N"
264507,68,32,0,0,DOWN,538941192443,"D"
264507,70,33,0,0,DOWN,539037185943,"F"
264507,68,32,0,0,UP,539044843843,"D"
264507,70,33,0,0,UP,539101182543,"F"
264507,72,35,0,0,DOWN,539141204443,"H"
264507,72,35,0,0,UP,539237212443,"H"
264507,66,48,0,0,DOWN,539238050643,"B"
264507,85,22,0,0,DOWN,539333194043,"U"
264507,66,48,0,0,UP,539357173743,"B"
264507,82,19,0,0,DOWN,539437246543,"R"
264507,85,22,0,0,UP,539444976943,"U"
264507,71,34,0,0,DOWN,539533228743,"G"
264507,82,19,0,0,UP,539557177043,"R"
264507,69,18,0,0,DOWN,539637244243,"E"
264507,71,34,0,0,UP,539653198343,"G"
264507,69,18,0,0,UP,539733241243,"E"
264507,78,49,0,0,DOWN,539734060543,"N"
264507,78,49,0,0,UP,539797216943,"N"
264507,76,38,0,0,DOWN,539837249143,"L"
264507,76,38,0,0,UP,539893398343,"L"
264507,65,30,0,0,DOWN,539933213143,"A"
264507,65,30,0,0,UP,539973212143,"A"
264507,78,49,0,0,DOWN,540037253843,"N"
264507,78,49,0,0,UP,540093394743,"N"
264507,68,32,0,0,DOWN,540133232643,"D"
264507,70,33,0,0,DOWN,540237297843,"F"
264507,68,32,0,0,UP,540245126943,"D"
264507,70,33,0,0,UP,540309219043,"F"
264507,72,35,0,0,DOWN,540333275843,"H"
264507,72,35,0,0,UP,540437300243,"H"
264507,66,48,0,0,DOWN,540438290243,"B"
264507,85,22,0,0,DOWN,540533261443,"U"
264507,66,48,0,0,UP,540557192943,"B"
264507,82,19,0,0,DOWN,540637223343,"R"
264507,85,22,0,0,UP,540645001943,"U"
264507,71,34,0,0,DOWN,540733208443,"G"
264507,82,19,0,0,UP,540757213443,"R"
264507,69,18,0,0,DOWN,540837196743,"E"
264507,71,34,0,0,UP,540845200143,"G"
264507,78,49,0,0,DOWN,540941312143,"N"
264507,69,18,0,0,UP,540949243543,"E"
264507,78,49,0,0,UP,540989246043,"N"
264507,76,38,0,0,DOWN,541037246743,"L"
264507,76,38,0,0,UP,541100991343,"L"
264507,65,30,0,0,DOWN,541133264443,"A"
264507,65,30,0,0,UP,541181245143,"A"
264507,78,49,0,0,DOWN,541237247943,"N"
264507,78,49,0,0,UP,541285294643,"N"
264507,68,32,0,0,DOWN,541341203943,"D"
264507,70,33,0,0,DOWN,541437202043,"F"
264507,68,32,0,0,UP,541444994343,"D"
264507,70,33,0,0,UP,541509219743,"F"
264507,72,35,0,0,DOWN,541533198143,"H"
264507,72,35,0,0,UP,541637248643,"H"
264507,66,48,0,0,DOWN,541638258243,"B"
264507,85,22,0,0,DOWN,541733232943,"U"
264507,66,48,0,0,UP,541757223443,"B"
264507,82,19,0,0,DOWN,541837284143,"R"
264507,85,22,0,0,UP,541845027743,"U"
264507,71,34,0,0,DOWN,541933238443,"G"
264507,82,19,0,0,UP,541957260343,"R"
264507,71,34,0,0,UP,542037225843,"G"
264507,69,18,0,0,DOWN,542037802643,"E"
264507,78,49,0,0,DOWN,542133201643,"N"
264507,69,18,0,0,UP,542141258443,"E"
264507,78,49,0,0,UP,542197269643,"N"
264507,76,38,0,0,DOWN,542237024643,"L"
264507,76,38,0,0,UP,542293277243,"L"
264507,65,30,0,0,DOWN,542333247143,"A"
264507,65,30,0,0,UP,542373257443,"A"
264507,78,49,0,0,DOWN,542437222343,"N"
264507,78,49,0,0,UP,542493262143,"N"
264507,68,32,0,0,DOWN,542533254943,"D"
264507,70,33,0,0,DOWN,542637269743,"F"
264507,68,32,0,0,UP,542645001643,"D"
264507,70,33,0,0,UP,542709280043,"F"
264507,72,35,0,0,DOWN,542733082743,"H"
264507,66,48,0,0,DOWN,542837242843,"B"
264507,72,35,0,0,UP,542844949743,"H"
264507,85,22,0,0,DOWN,542933258543,"U"
264507,66,48,0,0,UP,542948953543,"B"
264507,82,19,0,0,DOWN,543037302643,"R"
264507,85,22,0,0,UP,543044956843,"U"
264507,71,34,0,0,DOWN,543141232543,"G"
264507,82,19,0,0,UP,543157208343,"R"
264507,69,18,0,0,DOWN,543237288043,"E"
264507,71,34,0,0,UP,543245337643,"G"
264507,69,18,0,0,UP,543341242743,"E"
264507,78,49,0,0,DOWN,543342273643,"N"
264507,78,49,0,0,UP,543389244243,"N"
264507,76,38,0,0,DOWN,543429250143,"L"
264507,76,38,0,0,UP,543493230243,"L"
264507,65,30,0,0,DOWN,543533204743,"A"
264507,65,30,0,0,UP,543581238043,"A"
264507,78,49,0,0,DOWN,543637208143,"N"
264507,78,49,0,0,UP,543677268143,"N"
264507,68,32,0,0,DOWN,543741282943,"D"
264507,70,33,0,0,DOWN,543837259243,"F"
264507,68,32,0,0,UP,543844909143,"D"
264507,70,33,0,0,UP,543909220143,"F"
264507,72,35,0,0,DOWN,543933198043,"H"
264507,72,35,0,0,UP,544037355143,"H"
264507,66,48,0,0,DOWN,544038148443,"B"
264507,85,22,0,0,DOWN,544133302443,"U"
264507,66,48,0,0,UP,544157243943,"B"
264507,82,19,0,0,DOWN,544237236543,"R"
264507,85,22,0,0,UP,544245015443,"U"
264507,71,34,0,0,DOWN,544333318943,"G"
264507,82,19,0,0,UP,544349271243,"R"
264507,69,18,0,0,DOWN,544437063543,"E"
264507,71,34,0,0,UP,544444960043,"G"
264507,69,18,0,0,UP,544533297743,"E"
264507,78,49,0,0,DOWN,544534278743,"N"
264507,78,49,0,0,UP,544597067243,"N"
264507,76,38,0,0,DOWN,544637268543,"L"
264507,76,38,0,0,UP,544693322543,"L"
264507,65,30,0,0,DOWN,544733228243,"A"
264507,65,30,0,0,UP,544773221343,"A"
264507,78,49,0,0,DOWN,544837235143,"N"
264507,78,49,0,0,UP,544893235043,"N"
264507,68,32,0,0,DOWN,544933219543,"D"
264507,70,33,0,0,DOWN,545037299143,"F"
264507,68,32,0,0,UP,545045326343,"D"
264507,70,33,0,0,UP,545109280043,"F"
264507,72,35,0,0,DOWN,545133271943,"H"
264507,72,35,0,0,UP,545237295943,"H"
264507,66,48,0,0,DOWN,545238113043,"B"
264507,85,22,0,0,DOWN,545333253443,"U"
264507,66,48,0,0,UP,545357242243,"B"
264507,82,19,0,0,DOWN,545437273043,"R"
264507,85,22,0,0,UP,545445260543,"U"
264507,71,34,0,0,DOWN,545541307143,"G"
264507,82,19,0,0,UP,545549239143,"R"
264507,71,34,0,0,UP,545637308943,"G"
264507,69,18,0,0,DOWN,545638208943,"E"
264507,69,18,0,0,UP,545741264343,"E"
264507,78,49,0,0,DOWN,545742240543,"N"
264507,78,49,0,0,UP,545789310143,"N"
264507,76,38,0,0,DOWN,545837319243,"L"
264507,76,38,0,0,UP,545893500743,"L"
264507,65,30,0,0,DOWN,545933263743,"A"
264507,65,30,0,0,UP,545981188543,"A"
264507,78,49,0,0,DOWN,546037326443,"N"
264507,78,49,0,0,UP,546077296843,"N"
264507,68,32,0,0,DOWN,546141256943,"D"
264507,70,33,0,0,DOWN,546237257443,"F"
264507,68,32,0,0,UP,546252944043,"D"
264507,70,33,0,0,UP,546309237843,"F"
264507,72,35,0,0,DOWN,546333241443,"H"
264507,72,35,0,0,UP,546436982743,"H"
264507,66,48,0,0,DOWN,546437880543,"B"
264507,85,22,0,0,DOWN,546533257743,"U"
264507,66,48,0,0,UP,546557219143,"B"
264507,85,22,0,0,UP,546637348643,"U"
264507,82,19,0,0,DOWN,546638274243,"R"
264507,71,34,0,0,DOWN,546732994043,"G"
264507,82,19,0,0,UP,546757317343,"R"
264507,69,18,0,0,DOWN,546837277543,"E"
264507,71,34,0,0,UP,546845151643,"G"
264507,69,18,0,0,UP,546933267143,"E"
264507,78,49,0,0,DOWN,546934223643,"N"
264507,78,49,0,0,UP,546989264943,"N"
264507,76,38,0,0,DOWN,547037286343,"L"
264507,76,38,0,0,UP,547093246643,"L"
264507,65,30,0,0,DOWN,547133290843,"A"
264507,65,30,0,0,UP,547173260343,"A"
264507,78,49,0,0,DOWN,547237347943,"N"
264507,78,49,0,0,UP,547285276043,"N"
264507,68,32,0,0,DOWN,547333271543,"D"
264507,70,33,0,0,DOWN,547437277343,"F"
264507,68,32,0,0,UP,547445241943,"D"
264507,70,33,0,0,UP,547509304543,"F"
264507,72,35,0,0,DOWN,547533309043,"H"
264507,72,35,0,0,UP,547637259043,"H"
264507,66,48,0,0,DOWN,547637983743,"B"
264507,85,22,0,0,DOWN,547741350543,"U"
264507,66,48,0,0,UP,547749095643,"B"
264507,82,19,0,0,DOWN,547837339543,"R"
264507,85,22,0,0,UP,547845231043,"U"
264507,71,34,0,0,DOWN,547941274743,"G"
264507,82,19,0,0,UP,547949062543,"R"
264507,69,18,0,0,DOWN,548037285043,"E"
264507,71,34,0,0,UP,548045260543,"G"
264507,69,18,0,0,UP,548133050343,"E"
264507,78,49,0,0,DOWN,548134044143,"N"
264507,78,49,0,0,UP,548197345443,"N"
264507,76,38,0,0,DOWN,548237282343,"L"
264507,76,38,0,0,UP,548301291343,"L"
264507,65,30,0,0,DOWN,548333181743,"A"
264507,65,30,0,0,UP,548381317243,"A"
264507,78,49,0,0,DOWN,548437299643,"N"
264507,78,49,0,0,UP,548485101743,"N"
264507,68,32,0,0,DOWN,548541292743,"D"
264507,70,33,0,0,DOWN,548637351143,"F"
264507,68,32,0,0,UP,548653292743,"D"
264507,70,33,0,0,UP,548709179843,"F"
264507,72,35,0,0,DOWN,548733073143,"H"
264507,72,35,0,0,UP,548837321243,"H"
264507,66,48,0,0,DOWN,548838054443,"B"
264507,85,22,0,0,DOWN,548933221243,"U"
264507,66,48,0,0,UP,548957456643,"B"
264507,82,19,0,0,DOWN,549037023743,"R"
264507,85,22,0,0,UP,549045295043,"U"
264507,71,34,0,0,DOWN,549133316743,"G"
264507,82,19,0,0,UP,549157304243,"R"
264507,69,18,0,0,DOWN,549237292243,"E"
264507,71,34,0,0,UP,549245238843,"G"
264507,78,49,0,0,DOWN,549333374043,"N"
264507,69,18,0,0,UP,549341249643,"E"
264507,78,49,0,0,UP,549389122843,"N"
264507,76,38,0,0,DOWN,549437317643,"L"
264507,76,38,0,0,UP,549493139143,"L"
264507,65,30,0,0,DOWN,549533358743,"A"
264507,65,30,0,0,UP,549573312843,"A"
264507,78,49,0,0,DOWN,549637317343,"N"
264507,78,49,0,0,UP,549693311543,"N"
264507,68,32,0,0,DOWN,549733369143,"D"
264507,70,33,0,0,DOWN,549837302043,"F"
264507,68,32,0,0,UP,549845298743,"D"
264507,70,33,0,0,UP,549909316943,"F"
264507,72,35,0,0,DOWN,549941320943,"H"
264507,72,35,0,0,UP,550037368343,"H"
264507,66,48,0,0,DOWN,550038420043,"B"
264507,85,22,0,0,DOWN,550141302443,"U"
264507,66,48,0,0,UP,550157384243,"B"
264507,82,19,0,0,DOWN,550237298743,"R"
264507,85,22,0,0,UP,550245276043,"U"
264507,71,34,0,0,DOWN,550341274543,"G"
264507,82,19,0,0,UP,550357458243,"R"
264507,71,34,0,0,UP,550437289043,"G"
264507,69,18,0,0,DOWN,550438267843,"E"
264507,78,49,0,0,DOWN,550533307343,"N"
264507,69,18,0,0,UP,550541265043,"E"
264507,78,49,0,0,UP,550597175943,"N"
264507,76,38,0,0,DOWN,550637339943,"L"
264507,76,38,0,0,UP,550693286743,"L"
264507,65,30,0,0,DOWN,550733341543,"A"
264507,65,30,0,0,UP,550781318743,"A"
264507,78,49,0,0,DOWN,550837365343,"N"
264507,78,49,0,0,UP,550877316643,"N"
264507,68,32,0,0,DOWN,550941091543,"D"
264507,70,33,0,0,DOWN,551037337743,"F"
264507,68,32,0,0,UP,551045310143,"D"
264507,70,33,0,0,UP,551109367643,"F"
264507,72,35,0,0,DOWN,551133330443,"H"
264507,72,35,0,0,UP,551237373843,"H"
264507,66,48,0,0,DOWN,551238229143,"B"
264507,85,22,0,0,DOWN,551333260343,"U"
264507,66,48,0,0,UP,551357259743,"B"
264507,85,22,0,0,UP,551437301643,"U"
264507,82,19,0,0,DOWN,551438253543,"R"
264507,71,34,0,0,DOWN,551533313643,"G"
264507,82,19,0,0,UP,551557291443,"R"
264507,71,34,0,0,UP,551637305043,"G"
264507,69,18,0,0,DOWN,551638204643,"E"
264507,78,49,0,0,DOWN,551733137843,"N"
264507,69,18,0,0,UP,551741275543,"E"
264507,78,49,0,0,UP,551789294743,"N"
264507,76,38,0,0,DOWN,551837295643,"L"
264507,76,38,0,0,UP,551893291843,"L"
264507,65,30,0,0,DOWN,551941335043,"A"
264507,65,30,0,0,UP,551981342343,"A"
264507,78,49,0,0,DOWN,552037305243,"N"
264507,78,49,0,0,UP,552093291643,"N"
264507,68,32,0,0,DOWN,552141314843,"D"
264507,70,33,0,0,DOWN,552237294343,"F"
264507,68,32,0,0,UP,552245320143,"D"
264507,70,33,0,0,UP,552309368543,"F"
264507,72,35,0,0,DOWN,552341325443,"H"
264507,72,35,0,0,UP,552437048843,"H"
264507,66,48,0,0,DOWN,552445329143,"B"
264507,85,22,0,0,DOWN,552533347243,"U"
264507,66,48,0,0,UP,552557063543,"B"
264507,82,19,0,0,DOWN,552637318543,"R"
264507,85,22,0,0,UP,552645347043,"U"
264507,71,34,0,0,DOWN,552733321543,"G"
264507,82,19,0,0,UP,552757468743,"R"
264507,71,34,0,0,UP,552837329043,"G"
264507,69,18,0,0,DOWN,552838293643,"E"
264507,78,49,0,0,DOWN,552933072843,"N"
264507,69,18,0,0,UP,552941284143,"E"
264507,78,49,0,0,UP,552997028743,"N"
264507,76,38,0,0,DOWN,553037297043,"L"
264507,76,38,0,0,UP,553093388743,"L"
264507,65,30,0,0,DOWN,553133368343,"A"
264507,65,30,0,0,UP,553181322643,"A"
264507,78,49,0,0,DOWN,553237256643,"N"
264507,78,49,0,0,UP,553285344843,"N"
264507,68,32,0,0,DOWN,553333367243,"D"
264507,70,33,0,0,DOWN,553437142243,"F"
264507,68,32,0,0,UP,553445340543,"D"
264507,70,33,0,0,UP,553509347043,"F"
264507,72,35,0,0,DOWN,553533331943,"H"
264507,72,35,0,0,UP,553637240943,"H"
264507,66,48,0,0,DOWN,553637812043,"B"
264507,85,22,0,0,DOWN,553733338643,"U"
264507,66,48,0,0,UP,553749369143,"B"
264507,82,19,0,0,DOWN,553837098143,"R"
264507,85,22,0,0,UP,553845340743,"U"
264507,71,34,0,0,DOWN,553933339343,"G"
264507,82,19,0,0,UP,553949350343,"R"
264507,69,18,0,0,DOWN,554037126943,"E"
264507,71,34,0,0,UP,554045244043,"G"
264507,78,49,0,0,DOWN,554141362243,"N"
264507,69,18,0,0,UP,554149300043,"E"
264507,78,49,0,0,UP,554189373343,"N"
264507,76,38,0,0,DOWN,554237170443,"L"
264507,76,38,0,0,UP,554293303743,"L"
264507,65,30,0,0,DOWN,554341314443,"A"
264507,65,30,0,0,UP,554381327243,"A"
264507,78,49,0,0,DOWN,554437096043,"N"
264507,78,49,0,0,UP,554493297143,"N"
264507,68,32,0,0,DOWN,554541438143,"D"
264507,70,33,0,0,DOWN,554637152843,"F"
264507,68,32,0,0,UP,554645279443,"D"
264507,70,33,0,0,UP,554717056043,"F"
264507,72,35,0,0,DOWN,554733357543,"H"
264507,66,48,0,0,DOWN,554837274043,"B"
264507,72,35,0,0,UP,554845305043,"H"
264507,85,22,0,0,DOWN,554933367843,"U"
264507,66,48,0,0,UP,554957353843,"B"
264507,82,19,0,0,DOWN,555037431343,"R"
264507,85,22,0,0,UP,555045299343,"U"
264507,71,34,0,0,DOWN,555133377343,"G"
264507,82,19,0,0,UP,555149321343,"R"
264507,69,18,0,0,DOWN,555237229443,"E"
264507,71,34,0,0,UP,555245350443,"G"
264507,78,49,0,0,DOWN,555333344043,"N"
264507,69,18,0,0,UP,555341397443,"E"
264507,78,49,0,0,UP,555397110743,"N"
264507,76,38,0,0,DOWN,555437515443,"L"
264507,76,38,0,0,UP,555493344443,"L"
264507,65,30,0,0,DOWN,555533413043,"A"
264507,65,30,0,0,UP,555581349143,"A"
264507,78,49,0,0,DOWN,555637439543,"N"
264507,78,49,0,0,UP,555685338643,"N"
264507,68,32,0,0,DOWN,555733183543,"D"
264507,70,33,0,0,DOWN,555837337343,"F"
264507,68,32,0,0,UP,555845078943,"D"
264507,70,33,0,0,UP,555909382643,"F"
264507,72,35,0,0,DOWN,555933335043,"H"
264507,72,35,0,0,UP,556037413743,"H"
264507,66,48,0,0,DOWN,556038312343,"B"
264507,85,22,0,0,DOWN,556133397243,"U"
264507,66,48,0,0,UP,556157181043,"B"
264507,85,22,0,0,UP,556237376843,"U"
264507,82,19,0,0,DOWN,556238140843,"R"
264507,71,34,0,0,DOWN,556341368143,"G"
264507,82,19,0,0,UP,556349324343,"R"
264507,69,18,0,0,DOWN,556437381943,"E"
264507,71,34,0,0,UP,556445371543,"G"
264507,78,49,0,0,DOWN,556541182643,"N"
264507,69,18,0,0,UP,556549343143,"E"
264507,78,49,0,0,UP,556589110543,"N"
264507,76,38,0,0,DOWN,556629392743,"L"
264507,76,38,0,0,UP,556685467343,"L"
264507,65,30,0,0,DOWN,556733425943,"A"
264507,65,30,0,0,UP,556781431243,"A"
264507,78,49,0,0,DOWN,556837435543,"N"
264507,78,49,0,0,UP,556885381443,"N"
264507,68,32,0,0,DOWN,556941368143,"D"
264507,70,33,0,0,DOWN,557037320143,"F"
264507,68,32,0,0,UP,557045324443,"D"
264507,70,33,0,0,UP,557101317743,"F"
264507,72,35,0,0,DOWN,557133324743,"H"
264507,72,35,0,0,UP,557237441143,"H"
264507,66,48,0,0,DOWN,557238431143,"B"
264507,85,22,0,0,DOWN,557333213843,"U"
264507,66,48,0,0,UP,557357199643,"B"
264507,82,19,0,0,DOWN,557437348543,"R"
264507,85,22,0,0,UP,557445388143,"U"
264507,71,34,0,0,DOWN,557533385743,"G"
264507,82,19,0,0,UP,557557215843,"R"
264507,69,18,0,0,DOWN,557637370443,"E"
264507,71,34,0,0,UP,557645403943,"G"
264507,78,49,0,0,DOWN,557733423243,"N"
264507,69,18,0,0,UP,557741211943,"E"
264507,78,49,0,0,UP,557797491143,"N"
264507,76,38,0,0,DOWN,557837378043,"L"
264507,76,38,0,0,UP,557893386743,"L"
264507,65,30,0,0,DOWN,557933476243,"A"
264507,65,30,0,0,UP,557981355243,"A"
264507,78,49,0,0,DOWN,558037357243,"N"
264507,78,49,0,0,UP,558085401143,"N"
264507,68,32,0,0,DOWN,558133383143,"D"
264507,70,33,0,0,DOWN,558237369243,"F"
264507,68,32,0,0,UP,558245377143,"D"
264507,70,33,0,0,UP,558309420343,"F"
264507,72,35,0,0,DOWN,558333401943,"H"
264507,72,35,0,0,UP,558437412243,"H"
264507,66,48,0,0,DOWN,558438345343,"B"
264507,85,22,0,0,DOWN,558541327443,"U"
264507,66,48,0,0,UP,558557129943,"B"
264507,85,22,0,0,UP,558637237443,"U"
264507,82,19,0,0,DOWN,558638223643,"R"
264507,71,34,0,0,DOWN,558741388343,"G"
264507,82,19,0,0,UP,558749367043,"R"
264507,69,18,0,0,DOWN,558837411343,"E"
264507,71,34,0,0,UP,558845404243,"G"
264507,78,49,0,0,DOWN,558941365343,"N"
264507,69,18,0,0,UP,558957208443,"E"
264507,78,49,0,0,UP,558997098243,"N"
264507,76,38,0,0,DOWN,559037388643,"L"
264507,76,38,0,0,UP,559085369743,"L"
264507,65,30,0,0,DOWN,559133408843,"A"
264507,65,30,0,0,UP,559181364343,"A"
264507,78,49,0,0,DOWN,559237375943,"N"
264507,78,49,0,0,UP,559293113843,"N"
264507,68,32,0,0,DOWN,559341360343,"D"
264507,70,33,0,0,DOWN,559437433243,"F"
264507,68,32,0,0,UP,559453378143,"D"
264507,70,33,0,0,UP,559509374443,"F"
264507,72,35,0,0,DOWN,559533384343,"H"
264507,72,35,0,0,UP,559637386943,"H"
264507,66,48,0,0,DOWN,559638041643,"B"
264507,85,22,0,0,DOWN,559733348643,"U"
264507,66,48,0,0,UP,559757307143,"B"
264507,82,19,0,0,DOWN,559837339343,"R"
264507,85,22,0,0,UP,559845396143,"U"
264507,71,34,0,0,DOWN,559933358743,"G"
264507,82,19,0,0,UP,559949357243,"R"
264507,69,18,0,0,DOWN,560037412543,"E"
264507,71,34,0,0,UP,560045371443,"G"
264507,78,49,0,0,DOWN,560133390643,"N"
264507,69,18,0,0,UP,560141258743,"E"
264507,78,49,0,0,UP,560197412643,"N"
264507,76,38,0,0,DOWN,560237410643,"L"
264507,76,38,0,0,UP,560293345143,"L"
264507,65,30,0,0,DOWN,560333420843,"A"
264507,65,30,0,0,UP,560381377143,"A"
264507,78,49,0,0,DOWN,560437427043,"N"
264507,78,49,0,0,UP,560485431243,"N"
264507,68,32,0,0,DOWN,560541187843,"D"
264507,70,33,0,0,DOWN,560637432643,"F"
264507,68,32,0,0,UP,560645457243,"D"
264507,70,33,0,0,UP,560709459243,"F"
264507,72,35,0,0,DOWN,560741373543,"H"
264507,72,35,0,0,UP,560837458943,"H"
264507,66,48,0,0,DOWN,560838275643,"B"
264507,85,22,0,0,DOWN,560941405043,"U"
264507,66,48,0,0,UP,560957473143,"B"
264507,82,19,0,0,DOWN,561037477243,"R"
264507,85,22,0,0,UP,561045455143,"U"
264507,71,34,0,0,DOWN,561141547743,"G"
264507,82,19,0,0,UP,561157353843,"R"
264507,69,18,0,0,DOWN,561237403843,"E"
264507,71,34,0,0,UP,561245384443,"G"
264507,78,49,0,0,DOWN,561333393443,"N"
264507,69,18,0,0,UP,561341495843,"E"
264507,78,49,0,0,UP,561397391743,"N"
264507,76,38,0,0,DOWN,561437106843,"L"
264507,76,38,0,0,UP,561493310543,"L"
264507,65,30,0,0,DOWN,561533387443,"A"
264507,65,30,0,0,UP,561581351643,"A"
264507,78,49,0,0,DOWN,561637419443,"N"
264507,78,49,0,0,UP,561693388143,"N"
264507,68,32,0,0,DOWN,561733425843,"D"
264507,70,33,0,0,DOWN,561837443443,"F"
264507,68,32,0,0,UP,561845440443,"D"
264507,70,33,0,0,UP,561909333143,"F"
264507,72,35,0,0,DOWN,561933425443,"H"
264507,72,35,0,0,UP,562037580443,"H"
264507,66,48,0,0,DOWN,562038297843,"B"
264507,85,22,0,0,DOWN,562133421443,"U"
264507,66,48,0,0,UP,562157389743,"B"
264507,82,19,0,0,DOWN,562237423743,"R"
264507,85,22,0,0,UP,562245177143,"U"
264507,71,34,0,0,DOWN,562333441043,"G"
264507,82,19,0,0,UP,562349437643,"R"
264507,69,18,0,0,DOWN,562437384043,"E"
264507,71,34,0,0,UP,562445404143,"G"
264507,69,18,0,0,UP,562533407043,"E"
264507,78,49,0,0,DOWN,562534410543,"N"
264507,78,49,0,0,UP,562589395743,"N"
264507,76,38,0,0,DOWN,562637372243,"L"
264507,76,38,0,0,UP,562685437543,"L"
264507,65,30,0,0,DOWN,562741425443,"A"
264507,65,30,0,0,UP,562781428943,"A"
264507,78,49,0,0,DOWN,562837468443,"N"
264507,78,49,0,0,UP,562885409643,"N"
264507,68,32,0,0,DOWN,562941443643,"D"
264507,70,33,0,0,DOWN,563037393743,"F"
264507,68,32,0,0,UP,563045398243,"D"
264507,70,33,0,0,UP,563117169543,"F"
264507,72,35,0,0,DOWN,563141469443,"H"
264507,72,35,0,0,UP,563237414143,"H"
264507,66,48,0,0,DOWN,563245404943,"B"
264507,85,22,0,0,DOWN,563333390943,"U"
264507,66,48,0,0,UP,563357430743,"B"
264507,82,19,0,0,DOWN,563437485543,"R"
264507,85,22,0,0,UP,563445413043,"U"
264507,71,34,0,0,DOWN,563533478443,"G"
264507,82,19,0,0,UP,563557408843,"R"
264507,71,34,0,0,UP,563637447843,"G"
264507,69,18,0,0,DOWN,563638384043,"E"
264507,78,49,0,0,DOWN,563733427143,"N"
264507,69,18,0,0,UP,563741432643,"E"
264507,78,49,0,0,UP,563797541843,"N"
264507,76,38,0,0,DOWN,563837433543,"L"
264507,76,38,0,0,UP,563885400943,"L"
264507,65,30,0,0,DOWN,563933399243,"A"
264507,65,30,0,0,UP,563981385443,"A"
264507,78,49,0,0,DOWN,564037444643,"N"
264507,78,49,0,0,UP,564093847643,"N"
264507,68,32,0,0,DOWN,564133433943,"D"
264507,70,33,0,0,DOWN,564237413843,"F"
264507,68,32,0,0,UP,564245408243,"D"
264507,70,33,0,0,UP,564309431343,"F"
264507,72,35,0,0,DOWN,564333423743,"H"
264507,72,35,0,0,UP,564437472843,"H"
264507,66,48,0,0,DOWN,564438479743,"B"
264507,85,22,0,0,DOWN,564533406543,"U"
264507,66,48,0,0,UP,564549412843,"B"
264507,82,19,0,0,DOWN,564637426443,"R"
264507,85,22,0,0,UP,564645149043,"U"
264507,71,34,0,0,DOWN,564741437343,"G"
264507,82,19,0,0,UP,564749482543,"R"
264507,71,34,0,0,UP,564837447543,"G"
264507,69,18,0,0,DOWN,564838051543,"E"
264507,78,49,0,0,DOWN,564941424143,"N"
264507,69,18,0,0,UP,564949372343,"E"
264507,78,49,0,0,UP,564997151043,"N"
264507,76,38,0,0,DOWN,565037490343,"L"
264507,76,38,0,0,UP,565093406843,"L"
264507,65,30,0,0,DOWN,565133427243,"A"
264507,65,30,0,0,UP,565181386843,"A"
264507,78,49,0,0,DOWN,565237410343,"N"
264507,78,49,0,0,UP,565285414343,"N"
264507,68,32,0,0,DOWN,565341383443,"D"
264507,70,33,0,0,DOWN,565437420843,"F"
264507,68,32,0,0,UP,565445104943,"D"
264507,70,33,0,0,UP,565501444443,"F"
264507,72,35,0,0,DOWN,565533429343,"H"
264507,72,35,0,0,UP,565637469443,"H"
264507,66,48,0,0,DOWN,565638127043,"B"
264507,85,22,0,0,DOWN,565733444943,"U"
264507,66,48,0,0,UP,565757130243,"B"
264507,85,22,0,0,UP,565837434243,"U"
264507,82,19,0,0,DOWN,565838486943,"R"
264507,71,34,0,0,DOWN,565933424243,"G"
264507,82,19,0,0,UP,565949422743,"R"
264507,69,18,0,0,DOWN,566037456343,"E"
264507,71,34,0,0,UP,566045245243,"G"
264507,78,49,0,0,DOWN,566133417143,"N"
264507,69,18,0,0,UP,566141477643,"E"
264507,78,49,0,0,UP,566197426043,"N"
264507,76,38,0,0,DOWN,566237443343,"L"
264507,76,38,0,0,UP,566293446943,"L"
264507,65,30,0,0,DOWN,566333411043,"A"
264507,65,30,0,0,UP,566381419843,"A"
264507,78,49,0,0,DOWN,566437408243,"N"
264507,78,49,0,0,UP,566493420043,"N"
264507,68,32,0,0,DOWN,566533485043,"D"
264507,70,33,0,0,DOWN,566637454643,"F"
264507,68,32,0,0,UP,566645378043,"D"
264507,70,33,0,0,UP,566709425043,"F"
264507,72,35,0,0,DOWN,566733462443,"H"
264507,72,35,0,0,UP,566837271043,"H"
264507,66,48,0,0,DOWN,566838244743,"B"
264507,85,22,0,0,DOWN,566941453443,"U"
264507,66,48,0,0,UP,566949449943,"B"
264507,82,19,0,0,DOWN,567037209043,"R"
264507,85,22,0,0,UP,567045595643,"U"
264507,71,34,0,0,DOWN,567141442143,"G"
264507,82,19,0,0,UP,567149208443,"R"
264507,71,34,0,0,UP,567237258243,"G"
264507,69,18,0,0,DOWN,567238271843,"E"
264507,69,18,0,0,UP,567341486143,"E"
264507,78,49,0,0,DOWN,567342385643,"N"
264507,78,49,0,0,UP,567397244943,"N"
264507,76,38,0,0,DOWN,567437523243,"L"
264507,76,38,0,0,UP,567493503143,"L"
264507,65,30,0,0,DOWN,567533517643,"A"
264507,65,30,0,0,UP,567581211443,"A"
264507,78,49,0,0,DOWN,567637468943,"N"
264507,78,49,0,0,UP,567685446543,"N"
264507,68,32,0,0,DOWN,567741436943,"D"
264507,70,33,0,0,DOWN,567837457043,"F"
264507,68,32,0,0,UP,567853473443,"D"
264507,70,33,0,0,UP,567909424243,"F"
264507,72,35,0,0,DOWN,567933466943,"H"
264507,72,35,0,0,UP,568037436343,"H"
264507,66,48,0,0,DOWN,568038399243,"B"
264507,85,22,0,0,DOWN,568133441343,"U"
264507,66,48,0,0,UP,568157431843,"B"
264507,85,22,0,0,UP,568237518143,"U"
264507,82,19,0,0,DOWN,568238230843,"R"
264507,71,34,0,0,DOWN,568333204043,"G"
264507,82,19,0,0,UP,568357492543,"R"
264507,69,18,0,0,DOWN,568437443043,"E"
264507,71,34,0,0,UP,568445427843,"G"
264507,78,49,0,0,DOWN,568533395143,"N"
264507,69,18,0,0,UP,568549294743,"E"
264507,78,49,0,0,UP,568597229843,"N"
264507,76,38,0,0,DOWN,568637460743,"L"
264507,76,38,0,0,UP,568685506543,"L"
264507,65,30,0,0,DOWN,568733493143,"A"
264507,65,30,0,0,UP,568781506443,"A"
264507,78,49,0,0,DOWN,568837231443,"N"
264507,78,49,0,0,UP,568893450143,"N"
264507,68,32,0,0,DOWN,568933471443,"D"
264507,70,33,0,0,DOWN,569037518343,"F"
264507,68,32,0,0,UP,569045225343,"D"
264507,70,33,0,0,UP,569109462043,"F"
264507,72,35,0,0,DOWN,569141473343,"H"
264507,72,35,0,0,UP,569237494343,"H"
264507,66,48,0,0,DOWN,569238298043,"B"
264507,85,22,0,0,DOWN,569341434543,"U"
264507,66,48,0,0,UP,569357157843,"B"
264507,82,19,0,0,DOWN,569437461243,"R"
264507,85,22,0,0,UP,569445431043,"U"
264507,71,34,0,0,DOWN,569541443743,"G"
264507,82,19,0,0,UP,569557429843,"R"
264507,71,34,0,0,UP,569637491143,"G"
264507,69,18,0,0,DOWN,569638489743,"E"
264507,78,49,0,0,DOWN,569733400543,"N"
264507,69,18,0,0,UP,569741231343,"E"
264507,78,49,0,0,UP,569797585643,"N"
264507,76,38,0,0,DOWN,569837438543,"L"
264507,76,38,0,0,UP,569885497343,"L"
264507,65,30,0,0,DOWN,569933492243,"A"
264507,65,30,0,0,UP,569981265543,"A"
264507,78,49,0,0,DOWN,570037506943,"N"
264507,78,49,0,0,UP,570093463543,"N"
264507,68,32,0,0,DOWN,570141466043,"D"
264507,70,33,0,0,DOWN,570237439643,"F"
264507,68,32,0,0,UP,570245486543,"D"
264507,70,33,0,0,UP,570309498543,"F"
264507,72,35,0,0,DOWN,570333498543,"H"
264507,72,35,0,0,UP,570437520843,"H"
264507,66,48,0,0,DOWN,570438556943,"B"
264507,85,22,0,0,DOWN,570533436243,"U"
264507,66,48,0,0,UP,570557482043,"B"
264507,85,22,0,0,UP,570637452843,"U"
264507,82,19,0,0,DOWN,570638064043,"R"
264507,71,34,0,0,DOWN,570733441343,"G"
264507,82,19,0,0,UP,570749220543,"R"
264507,69,18,0,0,DOWN,570837453043,"E"
264507,71,34,0,0,UP,570845473943,"G"
264507,78,49,0,0,DOWN,570933481743,"N"
264507,69,18,0,0,UP,570941499743,"E"
264507,78,49,0,0,UP,570997612943,"N"
264507,76,38,0,0,DOWN,571037511143,"L"
264507,76,38,0,0,UP,571093452243,"L"
264507,65,30,0,0,DOWN,571133453943,"A"
264507,65,30,0,0,UP,571181556543,"A"
264507,78,49,0,0,DOWN,571237518943,"N"
264507,78,49,0,0,UP,571301492743,"N"
264507,68,32,0,0,DOWN,571341407443,"D"
264507,70,33,0,0,DOWN,571437438043,"F"
264507,68,32,0,0,UP,571445513343,"D"
264507,70,33,0,0,UP,571509487543,"F"
264507,72,35,0,0,DOWN,571541514343,"H"
264507,72,35,0,0,UP,571637497343,"H"
264507,66,48,0,0,DOWN,571638063643,"B"
264507,85,22,0,0,DOWN,571741489043,"U"
264507,66,48,0,0,UP,571757546643,"B"
264507,82,19,0,0,DOWN,571837263043,"R"
264507,85,22,0,0,UP,571845453643,"U"
264507,71,34,0,0,DOWN,571933243443,"G"
264507,82,19,0,0,UP,571941464643,"R"
264507,71,34,0,0,UP,572037497043,"G"
264507,69,18,0,0,DOWN,572038463843,"E"
264507,78,49,0,0,DOWN,572133241843,"N"
264507,69,18,0,0,UP,572141475043,"E"
264507,78,49,0,0,UP,572197222443,"N"
264507,76,38,0,0,DOWN,572237563343,"L"
264507,76,38,0,0,UP,572293452243,"L"
264507,65,30,0,0,DOWN,572333216543,"A"
264507,65,30,0,0,UP,572381468043,"A"
264507,78,49,0,0,DOWN,572437466643,"N"
264507,78,49,0,0,UP,572493270043,"N"
264507,68,32,0,0,DOWN,572533297143,"D"
264507,70,33,0,0,DOWN,572637495443,"F"
264507,68,32,0,0,UP,572645498343,"D"
264507,70,33,0,0,UP,572717309343,"F"
264507,72,35,0,0,DOWN,572733390743,"H"
264507,72,35,0,0,UP,572829536743,"H"
264507,66,48,0,0,DOWN,572837204443,"B"
264507,85,22,0,0,DOWN,572933232043,"U"
264507,66,48,0,0,UP,572957533243,"B"
264507,82,19,0,0,DOWN,573037560343,"R"
264507,85,22,0,0,UP,573045494943,"U"
264507,71,34,0,0,DOWN,573133421743,"G"
264507,82,19,0,0,UP,573149588843,"R"
264507,71,34,0,0,UP,573237564443,"G"
264507,69,18,0,0,DOWN,573238510843,"E"
264507,78,49,0,0,DOWN,573341499643,"N"
264507,69,18,0,0,UP,573349252143,"E"
264507,78,49,0,0,UP,573397272743,"N"
264507,76,38,0,0,DOWN,573437535443,"L"
264507,76,38,0,0,UP,573493467143,"L"
264507,65,30,0,0,DOWN,573541501043,"A"
264507,65,30,0,0,UP,573581591843,"A"
264507,78,49,0,0,DOWN,573637467743,"N"
264507,78,49,0,0,UP,573701491043,"N"
264507,68,32,0,0,DOWN,573741510443,"D"
264507,70,33,0,0,DOWN,573837551843,"F"
264507,68,32,0,0,UP,573845539043,"D"
264507,70,33,0,0,UP,573917212043,"F"
264507,72,35,0,0,DOWN,573941534043,"H"
264507,72,35,0,0,UP,574037512743,"H"
264507,66,48,0,0,DOWN,574038136543,"B"
264507,85,22,0,0,DOWN,574133531043,"U"
264507,66,48,0,0,UP,574149496443,"B"
264507,82,19,0,0,DOWN,574237510743,"R"
264507,85,22,0,0,UP,574253570143,"U"
264507,71,34,0,0,DOWN,574333519543,"G"
264507,82,19,0,0,UP,574357203843,"R"
264507,71,34,0,0,UP,574437497343,"G"
264507,69,18,0,0,DOWN,574438428443,"E"
264507,69,18,0,0,UP,574533532343,"E"
264507,78,49,0,0,DOWN,574534399743,"N"
264507,78,49,0,0,UP,574597521343,"N"
264507,76,38,0,0,DOWN,574637497343,"L"
264507,76,38,0,0,UP,574685323743,"L"
264507,65,30,0,0,DOWN,574733558243,"A"
264507,65,30,0,0,UP,574781267043,"A"
264507,78,49,0,0,DOWN,574837478243,"N"
264507,78,49,0,0,UP,574885278743,"N"
264507,68,32,0,0,DOWN,574933534043,"D"
264507,70,33,0,0,DOWN,575037516343,"F"
264507,68,32,0,0,UP,575045443143,"D"
264507,70,33,0,0,UP,575109500043,"F"
264507,72,35,0,0,DOWN,575133505843,"H"
264507,72,35,0,0,UP,575237547743,"H"
264507,66,48,0,0,DOWN,575238466843,"B"
264507,85,22,0,0,DOWN,575333516243,"U"
264507,66,48,0,0,UP,575357475843,"B"
264507,82,19,0,0,DOWN,575437283343,"R"
264507,85,22,0,0,UP,575445523943,"U"
264507,71,34,0,0,DOWN,575541553043,"G"
264507,82,19,0,0,UP,575549527643,"R"
264507,69,18,0,0,DOWN,575637305643,"E"
264507,71,34,0,0,UP,575645551443,"G"
264507,69,18,0,0,UP,575741557843,"E"
264507,78,49,0,0,DOWN,575742366843,"N"
264507,78,49,0,0,UP,575797576143,"N"
264507,76,38,0,0,DOWN,575837535743,"L"
264507,76,38,0,0,UP,575885410743,"L"
264507,65,30,0,0,DOWN,575933533343,"A"
264507,65,30,0,0,UP,575981528243,"A"
264507,78,49,0,0,DOWN,576037525443,"N"
264507,78,49,0,0,UP,576093494643,"N"
264507,68,32,0,0,DOWN,576141511443,"D"
264507,70,33,0,0,DOWN,576237527143,"F"
264507,68,32,0,0,UP,576245537943,"D"
264507,70,33,0,0,UP,576317400743,"F"
264507,72,35,0,0,DOWN,576333508043,"H"
264507,66,48,0,0,DOWN,576437232543,"B"
264507,72,35,0,0,UP,576445305543,"H"
264507,85,22,0,0,DOWN,576533140143,"U"
264507,66,48,0,0,UP,576557182143,"B"
264507,82,19,0,0,DOWN,576637516543,"R"
264507,85,22,0,0,UP,576645517743,"U"
264507,71,34,0,0,DOWN,576733511643,"G"
264507,82,19,0,0,UP,576757338943,"R"
264507,69,18,0,0,DOWN,576837406443,"E"
264507,71,34,0,0,UP,576845558243,"G"
264507,78,49,0,0,DOWN,576933557143,"N"
264507,69,18,0,0,UP,576949546543,"E"
264507,78,49,0,0,UP,576989505943,"N"
264507,76,38,0,0,DOWN,577037511443,"L"
264507,76,38,0,0,UP,577093541843,"L"
264507,65,30,0,0,DOWN,577133586843,"A"
264507,65,30,0,0,UP,577181525943,"A"
264507,78,49,0,0,DOWN,577237498243,"N"
264507,78,49,0,0,UP,577293539943,"N"
264507,68,32,0,0,DOWN,577333554143,"D"
264507,70,33,0,0,DOWN,577437471343,"F"
264507,68,32,0,0,UP,577445396643,"D"
264507,70,33,0,0,UP,577509674043,"F"
264507,72,35,0,0,DOWN,577533552543,"H"
264507,72,35,0,0,UP,577637560643,"H"
264507,66,48,0,0,DOWN,577638500743,"B"
264507,85,22,0,0,DOWN,577741596543,"U"
264507,66,48,0,0,UP,577749554843,"B"
264507,82,19,0,0,DOWN,577837358743,"R"
264507,85,22,0,0,UP,577845587243,"U"
264507,71,34,0,0,DOWN,577941548343,"G"
264507,82,19,0,0,UP,577949524243,"R"
264507,69,18,0,0,DOWN,578037430843,"E"
264507,71,34,0,0,UP,578045298943,"G"
264507,69,18,0,0,UP,578141588943,"E"
264507,78,49,0,0,DOWN,578142538143,"N"
264507,78,49,0,0,UP,578197532143,"N"
264507,76,38,0,0,DOWN,578237315643,"L"
264507,76,38,0,0,UP,578285556643,"L"
264507,65,30,0,0,DOWN,578333561343,"A"
264507,65,30,0,0,UP,578381625943,"A"
264507,78,49,0,0,DOWN,578437347043,"N"
264507,78,49,0,0,UP,578485573743,"N"
264507,68,32,0,0,DOWN,578541558043,"D"
264507,70,33,0,0,DOWN,578637404743,"F"
264507,68,32,0,0,UP,578645608043,"D"
264507,70,33,0,0,UP,578709544743,"F"
264507,72,35,0,0,DOWN,578733528643,"H"
264507,72,35,0,0,UP,578837372943,"H"
264507,66,48,0,0,DOWN,578838151743,"B"
264507,85,22,0,0,DOWN,578933561343,"U"
264507,66,48,0,0,UP,578949556743,"B"
264507,82,19,0,0,DOWN,579037358843,"R"
264507,85,22,0,0,UP,579045531743,"U"
264507,71,34,0,0,DOWN,579133564243,"G"
264507,82,19,0,0,UP,579149553843,"R"
264507,69,18,0,0,DOWN,579237492243,"E"
264507,71,34,0,0,UP,579245541343,"G"
264507,78,49,0,0,DOWN,579333542043,"N"
264507,69,18,0,0,UP,579341547943,"E"
264507,78,49,0,0,UP,579397350943,"N"
264507,76,38,0,0,DOWN,579437623343,"L"
264507,76,38,0,0,UP,579493603543,"L"
264507,65,30,0,0,DOWN,579533561643,"A"
264507,65,30,0,0,UP,579581579143,"A"
264507,78,49,0,0,DOWN,579637615243,"N"
264507,78,49,0,0,UP,579693562843,"N"
264507,68,32,0,0,DOWN,579733565843,"D"
264507,70,33,0,0,DOWN,579837661643,"F"
264507,68,32,0,0,UP,579845556243,"D"
264507,70,33,0,0,UP,579909573543,"F"
264507,72,35,0,0,DOWN,579941525843,"H"
264507,72,35,0,0,UP,580037617143,"H"
264507,66,48,0,0,DOWN,580038427043,"B"
264507,85,22,0,0,DOWN,580141633243,"U"
264507,66,48,0,0,UP,580157619743,"B"
264507,82,19,0,0,DOWN,580237544243,"R"
264507,85,22,0,0,UP,580245527743,"U"
264507,71,34,0,0,DOWN,580341586843,"G"
264507,82,19,0,0,UP,580357228643,"R"
264507,71,34,0,0,UP,580437518643,"G"
264507,69,18,0,0,DOWN,580438446443,"E"
264507,78,49,0,0,DOWN,580533563143,"N"
264507,69,18,0,0,UP,580541270343,"E"
264507,78,49,0,0,UP,580597559143,"N"
264507,76,38,0,0,DOWN,580637587043,"L"
264507,76,38,0,0,UP,580685370743,"L"
264507,65,30,0,0,DOWN,580733537443,"A"
264507,65,30,0,0,UP,580781588243,"A"
264507,78,49,0,0,DOWN,580837601743,"N"
264507,78,49,0,0,UP,580893576343,"N"
264507,68,32,0,0,DOWN,580941686343,"D"
264507,70,33,0,0,DOWN,581037634343,"F"
264507,68,32,0,0,UP,581045518743,"D"
264507,70,33,0,0,UP,581109592043,"F"
264507,72,35,0,0,DOWN,581133690143,"H"
264507,72,35,0,0,UP,581237578643,"H"
264507,66,48,0,0,DOWN,581238480143,"B"
264507,85,22,0,0,DOWN,581333626043,"U"
264507,66,48,0,0,UP,581357449743,"B"
264507,85,22,0,0,UP,581437592543,"U"
264507,82,19,0,0,DOWN,581438707243,"R"
264507,71,34,0,0,DOWN,581533579443,"G"
264507,82,19,0,0,UP,581557405943,"R"
264507,69,18,0,0,DOWN,581637569943,"E"
264507,71,34,0,0,UP,581645586543,"G"
264507,78,49,0,0,DOWN,581733536943,"N"
264507,69,18,0,0,UP,581741341743,"E"
264507,78,49,0,0,UP,581797550043,"N"
264507,76,38,0,0,DOWN,581837608343,"L"
264507,76,38,0,0,UP,581885325543,"L"
264507,65,30,0,0,DOWN,581933388743,"A"
264507,65,30,0,0,UP,581981481043,"A"
264507,78,49,0,0,DOWN,582037495743,"N"
264507,78,49,0,0,UP,582093590143,"N"
264507,68,32,0,0,DOWN,582141586243,"D"
264507,70,33,0,0,DOWN,582237545943,"F"
264507,68,32,0,0,UP,582245589643,"D"
264507,70,33,0,0,UP,582309585043,"F"
264507,72,35,0,0,DOWN,582341575643,"H"
264507,72,35,0,0,UP,582437611143,"H"
264507,66,48,0,0,DOWN,582438679443,"B"
264507,85,22,0,0,DOWN,582541480043,"U"
264507,66,48,0,0,UP,582557450143,"B"
264507,82,19,0,0,DOWN,582637604743,"R"
264507,85,22,0,0,UP,582645484943,"U"
264507,71,34,0,0,DOWN,582741390643,"G"
264507,82,19,0,0,UP,582757419143,"R"
264507,69,18,0,0,DOWN,582837604343,"E"
264507,71,34,0,0,UP,582845584643,"G"
264507,78,49,0,0,DOWN,582933577643,"N"
264507,69,18,0,0,UP,582941340943,"E"
264507,78,49,0,0,UP,582997591543,"N"
264507,76,38,0,0,DOWN,583037566343,"L"
264507,76,38,0,0,UP,583093548043,"L"
264507,65,30,0,0,DOWN,583133579243,"A"
264507,65,30,0,0,UP,583181566243,"A"
264507,78,49,0,0,DOWN,583237594143,"N"
264507,78,49,0,0,UP,583293579243,"N"
264507,68,32,0,0,DOWN,583341387643,"D"
264507,70,33,0,0,DOWN,583437592643,"F"
264507,68,32,0,0,UP,583445641743,"D"
264507,70,33,0,0,UP,583509361943,"F"
264507,72,35,0,0,DOWN,583533572343,"H"
264507,72,35,0,0,UP,583637616843,"H"
264507,66,48,0,0,DOWN,583638529943,"B"
264507,85,22,0,0,DOWN,583733555043,"U"
264507,66,48,0,0,UP,583757460143,"B"
264507,82,19,0,0,DOWN,583837587443,"R"
264507,85,22,0,0,UP,583845597643,"U"
264507,71,34,0,0,DOWN,583933579443,"G"
264507,82,19,0,0,UP,583949577243,"R"
264507,71,34,0,0,UP,584037646843,"G"
264507,69,18,0,0,DOWN,584038293343,"E"
264507,78,49,0,0,DOWN,584133596343,"N"
264507,69,18,0,0,UP,584149624943,"E"
264507,78,49,0,0,UP,584197626443,"N"
264507,76,38,0,0,DOWN,584237587343,"L"
264507,76,38,0,0,UP,584285595043,"L"
264507,65,30,0,0,DOWN,584333625943,"A"
264507,65,30,0,0,UP,584381588043,"A"
264507,78,49,0,0,DOWN,584437586043,"N"
264507,78,49,0,0,UP,584493544843,"N"
264507,68,32,0,0,DOWN,584541483543,"D"
264507,70,33,0,0,DOWN,584637354743,"F"
264507,68,32,0,0,UP,584645599743,"D"
264507,70,33,0,0,UP,584709570143,"F"
264507,72,35,0,0,DOWN,584741471543,"H"
264507,72,35,0,0,UP,584829601743,"H"
264507,66,48,0,0,DOWN,584837615143,"B"
264507,85,22,0,0,DOWN,584941479543,"U"
264507,66,48,0,0,UP,584957722243,"B"
264507,82,19,0,0,DOWN,585037623643,"R"
264507,85,22,0,0,UP,585045585543,"U"
264507,71,34,0,0,DOWN,585141610043,"G"
264507,82,19,0,0,UP,585157639543,"R"
264507,69,18,0,0,DOWN,585237617443,"E"
264507,71,34,0,0,UP,585245583543,"G"
264507,78,49,0,0,DOWN,585333640343,"N"
264507,69,18,0,0,UP,585341734543,"E"
264507,78,49,0,0,UP,585397614843,"N"
264507,76,38,0,0,DOWN,585437645143,"L"
264507,76,38,0,0,UP,585493572943,"L"
264507,65,30,0,0,DOWN,585533627743,"A"
264507,65,30,0,0,UP,585581659843,"A"
264507,78,49,0,0,DOWN,585637575343,"N"
264507,78,49,0,0,UP,585693576543,"N"
264507,68,32,0,0,DOWN,585741652743,"D"
264507,70,33,0,0,DOWN,585837652543,"F"
264507,68,32,0,0,UP,585853556143,"D"
264507,70,33,0,0,UP,585917486943,"F"
264507,72,35,0,0,DOWN,585933585243,"H"
264507,66,48,0,0,DOWN,586037607643,"B"
264507,72,35,0,0,UP,586045810543,"H"
264507,85,22,0,0,DOWN,586133591543,"U"
264507,66,48,0,0,UP,586157662643,"B"
264507,85,22,0,0,UP,586237478943,"U"
264507,82,19,0,0,DOWN,586238311343,"R"
264507,71,34,0,0,DOWN,586333634843,"G"
264507,82,19,0,0,UP,586349779343,"R"
264507,69,18,0,0,DOWN,586437301843,"E"
264507,71,34,0,0,UP,586445307543,"G"
264507,78,49,0,0,DOWN,586533647643,"N"
264507,69,18,0,0,UP,586549645443,"E"
264507,78,49,0,0,UP,586597567043,"N"
264507,76,38,0,0,DOWN,586637636943,"L"
264507,76,38,0,0,UP,586693403443,"L"
264507,65,30,0,0,DOWN,586741604943,"A"
264507,65,30,0,0,UP,586781627843,"A"
264507,78,49,0,0,DOWN,586837631043,"N"
264507,78,49,0,0,UP,586893577043,"N"
264507,68,32,0,0,DOWN,586941611443,"D"
264507,70,33,0,0,DOWN,587037621843,"F"
264507,68,32,0,0,UP,587045392543,"D"
264507,70,33,0,0,UP,587109622243,"F"
264507,72,35,0,0,DOWN,587141573743,"H"
264507,72,35,0,0,UP,587237617743,"H"
264507,66,48,0,0,DOWN,587238399043,"B"
264507,85,22,0,0,DOWN,587341760843,"U"
264507,66,48,0,0,UP,587357707443,"B"
264507,82,19,0,0,DOWN,587437339143,"R"
264507,85,22,0,0,UP,587445470743,"U"
264507,71,34,0,0,DOWN,587541624943,"G"
264507,82,19,0,0,UP,587557631743,"R"
264507,71,34,0,0,UP,587637644243,"G"
264507,69,18,0,0,DOWN,587638542743,"E"
264507,78,49,0,0,DOWN,587733610243,"N"
264507,69,18,0,0,UP,587741603143,"E"
264507,78,49,0,0,UP,587797615643,"N"
264507,76,38,0,0,DOWN,587837637543,"L"
264507,76,38,0,0,UP,587893688043,"L"
264507,65,30,0,0,DOWN,587933678343,"A"
264507,65,30,0,0,UP,587981609543,"A"
264507,78,49,0,0,DOWN,588037670543,"N"
264507,78,49,0,0,UP,588093728843,"N"
264507,68,32,0,0,DOWN,588141623143,"D"
264507,70,33,0,0,DOWN,588237660643,"F"
264507,68,32,0,0,UP,588245454143,"D"
264507,70,33,0,0,UP,588309636343,"F"
264507,72,35,0,0,DOWN,588333658843,"H"
264507,72,35,0,0,UP,588437639643,"H"
264507,66,48,0,0,DOWN,588438378943,"B"
264507,85,22,0,0,DOWN,588533594743,"U"
264507,66,48,0,0,UP,588549637443,"B"
264507,85,22,0,0,UP,588637623643,"U"
264507,82,19,0,0,DOWN,588638691843,"R"
264507,71,34,0,0,DOWN,588733617743,"G"
264507,82,19,0,0,UP,588757688743,"R"
264507,69,18,0,0,DOWN,588837579443,"E"
264507,71,34,0,0,UP,588845389643,"G"
264507,78,49,0,0,DOWN,588933625043,"N"
264507,69,18,0,0,UP,588941634543,"E"
264507,78,49,0,0,UP,588997528043,"N"
264507,76,38,0,0,DOWN,589037633243,"L"
264507,76,38,0,0,UP,589093649143,"L"
264507,65,30,0,0,DOWN,589141681143,"A"
264507,65,30,0,0,UP,589181659243,"A"
264507,78,49,0,0,DOWN,589237682443,"N"
264507,78,49,0,0,UP,589293630243,"N"
264507,68,32,0,0,DOWN,589341621343,"D"
264507,70,33,0,0,DOWN,589437670643,"F"
264507,68,32,0,0,UP,589445427243,"D"
264507,70,33,0,0,UP,589517505443,"F"
264507,72,35,0,0,DOWN,589541645943,"H"
264507,72,35,0,0,UP,589637632543,"H"
264507,66,48,0,0,DOWN,589645447443,"B"
264507,85,22,0,0,DOWN,589733660843,"U"
264507,66,48,0,0,UP,589757634643,"B"
264507,82,19,0,0,DOWN,589837601543,"R"
264507,85,22,0,0,UP,589845344543,"U"
264507,71,34,0,0,DOWN,589933616743,"G"
264507,82,19,0,0,UP,589957653243,"R"
264507,69,18,0,0,DOWN,590037607243,"E"
264507,71,34,0,0,UP,590045547143,"G"
264507,69,18,0,0,UP,590133718143,"E"
264507,78,49,0,0,DOWN,590134290943,"N"
264507,78,49,0,0,UP,590197665043,"N"
264507,76,38,0,0,DOWN,590237646043,"L"
264507,76,38,0,0,UP,590293619943,"L"
264507,65,30,0,0,DOWN,590333629243,"A"
264507,65,30,0,0,UP,590381619743,"A"
264507,78,49,0,0,DOWN,590437741043,"N"
264507,78,49,0,0,UP,590493615943,"N"
264507,68,32,0,0,DOWN,590533653543,"D"
264507,70,33,0,0,DOWN,590637682443,"F"
264507,68,32,0,0,UP,590645441843,"D"
264507,70,33,0,0,UP,590709678843,"F"
264507,72,35,0,0,DOWN,590733643543,"H"
264507,72,35,0,0,UP,590837710743,"H"
264507,66,48,0,0,DOWN,590838497343,"B"
264507,85,22,0,0,DOWN,590933649343,"U"
264507,66,48,0,0,UP,590957821643,"B"
264507,85,22,0,0,UP,591037653643,"U"
264507,82,19,0,0,DOWN,591038279343,"R"
264507,71,34,0,0,DOWN,591133667843,"G"
264507,82,19,0,0,UP,591149609843,"R"
264507,69,18,0,0,DOWN,591237639443,"E"
264507,71,34,0,0,UP,591245681543,"G"
264507,78,49,0,0,DOWN,591341685843,"N"
264507,69,18,0,0,UP,591349390443,"E"
264507,78,49,0,0,UP,591397394243,"N"
264507,76,38,0,0,DOWN,591437486843,"L"
264507,76,38,0,0,UP,591493642743,"L"
264507,65,30,0,0,DOWN,591541609643,"A"
264507,65,30,0,0,UP,591581491943,"A"
264507,78,49,0,0,DOWN,591637625043,"N"
264507,78,49,0,0,UP,591693660543,"N"
264507,68,32,0,0,DOWN,591741651343,"D"
264507,70,33,0,0,DOWN,591837649443,"F"
264507,68,32,0,0,UP,591845705643,"D"
264507,70,33,0,0,UP,591909651343,"F"
264507,72,35,0,0,DOWN,591941651343,"H"
264507,72,35,0,0,UP,592037668343,"H"
264507,66,48,0,0,DOWN,592038659143,"B"
264507,85,22,0,0,DOWN,592133679343,"U"
264507,66,48,0,0,UP,592157696943,"B"
264507,82,19,0,0,DOWN,592237504943,"R"
264507,85,22,0,0,UP,592253649943,"U"
264507,71,34,0,0,DOWN,592333655843,"G"
264507,82,19,0,0,UP,592357662843,"R"
264507,71,34,0,0,UP,592437697743,"G"
264507,69,18,0,0,DOWN,592438550943,"E"
264507,69,18,0,0,UP,592533646143,"E"
264507,78,49,0,0,DOWN,592534437143,"N"
264507,78,49,0,0,UP,592597432943,"N"
264507,76,38,0,0,DOWN,592637662843,"L"
264507,76,38,0,0,UP,592693644643,"L"
264507,65,30,0,0,DOWN,592733622543,"A"
264507,65,30,0,0,UP,592781634643,"A"
264507,78,49,0,0,DOWN,592837671443,"N"
264507,78,49,0,0,UP,592893446943,"N"
264507,68,32,0,0,DOWN,592933653943,"D"
264507,70,33,0,0,DOWN,593037665843,"F"
264507,68,32,0,0,UP,593045676943,"D"
264507,70,33,0,0,UP,593109676743,"F"
264507,72,35,0,0,DOWN,593133680443,"H"
264507,72,35,0,0,UP,593237656043,"H"
264507,66,48,0,0,DOWN,593238236943,"B"
264507,85,22,0,0,DOWN,593333696643,"U"
264507,66,48,0,0,UP,593357747743,"B"
264507,85,22,0,0,UP,593437480543,"U"
264507,82,19,0,0,DOWN,593438151143,"R"
264507,71,34,0,0,DOWN,593541684043,"G"
264507,82,19,0,0,UP,593557698343,"R"
264507,69,18,0,0,DOWN,593637678243,"E"
264507,71,34,0,0,UP,593645363043,"G"
264507,78,49,0,0,DOWN,593741650143,"N"
264507,69,18,0,0,UP,593749542843,"E"
264507,78,49,0,0,UP,593797477143,"N"
264507,76,38,0,0,DOWN,593837388043,"L"
264507,76,38,0,0,UP,593885662343,"L"
264507,65,30,0,0,DOWN,593941638043,"A"
264507,65,30,0,0,UP,593981560843,"A"
264507,78,49,0,0,DOWN,594037639743,"N"
264507,78,49,0,0,UP,594085709443,"N"
264507,68,32,0,0,DOWN,594141675043,"D"
264507,70,33,0,0,DOWN,594237678743,"F"
264507,68,32,0,0,UP,594245661743,"D"
264507,70,33,0,0,UP,594317561443,"F"
264507,72,35,0,0,DOWN,594341728943,"H"
264507,72,35,0,0,UP,594437770743,"H"
264507,66,48,0,0,DOWN,594438612243,"B"
264507,85,22,0,0,DOWN,594533716243,"U"
264507,66,48,0,0,UP,594557639143,"B"
264507,82,19,0,0,DOWN,594637701743,"R"
264507,85,22,0,0,UP,594645450143,"U"
264507,71,34,0,0,DOWN,594733689743,"G"
264507,82,19,0,0,UP,594741681443,"R"
264507,69,18,0,0,DOWN,594837719143,"E"
264507,71,34,0,0,UP,594845387643,"G"
264507,78,49,0,0,DOWN,594933663343,"N"
264507,69,18,0,0,UP,594941656543,"E"
264507,78,49,0,0,UP,594997680143,"N"
264507,76,38,0,0,DOWN,595037667343,"L"
264507,76,38,0,0,UP,595093698043,"L"
264507,65,30,0,0,DOWN,595133655043,"A"
264507,65,30,0,0,UP,595181830143,"A"
264507,78,49,0,0,DOWN,595237663243,"N"
264507,78,49,0,0,UP,595293702243,"N"
264507,68,32,0,0,DOWN,595333655343,"D"
264507,70,33,0,0,DOWN,595437498843,"F"
264507,68,32,0,0,UP,595445708043,"D"
264507,70,33,0,0,UP,595517664643,"F"
264507,72,35,0,0,DOWN,595533559643,"H"
264507,66,48,0,0,DOWN,595637680443,"B"
264507,72,35,0,0,UP,595645674943,"H"
264507,85,22,0,0,DOWN,595733729543,"U"
264507,66,48,0,0,UP,595757677343,"B"
264507,82,19,0,0,DOWN,595837685043,"R"
264507,85,22,0,0,UP,595845670843,"U"
264507,71,34,0,0,DOWN,595941734943,"G"
264507,82,19,0,0,UP,595957685443,"R"
264507,69,18,0,0,DOWN,596037712243,"E"
264507,71,34,0,0,UP,596045693743,"G"
264507,78,49,0,0,DOWN,596141665943,"N"
264507,69,18,0,0,UP,596149570443,"E"
264507,78,49,0,0,UP,596189741143,"N"
264507,76,38,0,0,DOWN,596237703243,"L"
264507,76,38,0,0,UP,596293657643,"L"
264507,65,30,0,0,DOWN,596333497043,"A"
264507,65,30,0,0,UP,596381694143,"A"
264507,78,49,0,0,DOWN,596437654043,"N"
264507,78,49,0,0,UP,596485653043,"N"
264507,68,32,0,0,DOWN,596541688643,"D"
264507,70,33,0,0,DOWN,596637680043,"F"
264507,68,32,0,0,UP,596645642743,"D"
264507,70,33,0,0,UP,596717630643,"F"
264507,72,35,0,0,DOWN,596733434743,"H"
264507,72,35,0,0,UP,596837697843,"H"
264507,66,48,0,0,DOWN,596838417643,"B"
264507,85,22,0,0,DOWN,596933444343,"U"
264507,66,48,0,0,UP,596957699143,"B"
264507,82,19,0,0,DOWN,597037766143,"R"
264507,85,22,0,0,UP,597045720043,"U"
264507,71,34,0,0,DOWN,597133600243,"G"
264507,82,19,0,0,UP,597157718543,"R"
264507,69,18,0,0,DOWN,597237762443,"E"
264507,71,34,0,0,UP,597245666843,"G"
264507,69,18,0,0,UP,597333408643,"E"
264507,78,49,0,0,DOWN,597341696343,"N"
264507,78,49,0,0,UP,597397559243,"N"
264507,76,38,0,0,DOWN,597437672143,"L"
264507,76,38,0,0,UP,597493755643,"L"
264507,65,30,0,0,DOWN,597533613443,"A"
264507,65,30,0,0,UP,597581703543,"A"
264507,78,49,0,0,DOWN,597637756843,"N"
264507,78,49,0,0,UP,597701743743,"N"
264507,68,32,0,0,DOWN,597733709443,"D"
264507,70,33,0,0,DOWN,597837745943,"F"
264507,68,32,0,0,UP,597845746143,"D"
264507,70,33,0,0,UP,597917572543,"F"
264507,72,35,0,0,DOWN,597933868543,"H"
264507,66,48,0,0,DOWN,598037666043,"B"
264507,72,35,0,0,UP,598045694043,"H"
264507,85,22,0,0,DOWN,598141677743,"U"
264507,66,48,0,0,UP,598157711543,"B"
264507,82,19,0,0,DOWN,598237686743,"R"
264507,85,22,0,0,UP,598245704843,"U"
264507,71,34,0,0,DOWN,598341700643,"G"
264507,82,19,0,0,UP,598357693143,"R"
264507,69,18,0,0,DOWN,598437479243,"E"
264507,71,34,0,0,UP,598445670243,"G"
264507,78,49,0,0,DOWN,598541736843,"N"
264507,69,18,0,0,UP,598549704643,"E"
264507,78,49,0,0,UP,598597678143,"N"
264507,76,38,0,0,DOWN,598637721043,"L"
264507,76,38,0,0,UP,598693767843,"L"
264507,65,30,0,0,DOWN,598733731743,"A"
264507,65,30,0,0,UP,598781761543,"A"
264507,78,49,0,0,DOWN,598837696443,"N"
264507,78,49,0,0,UP,598893691743,"N"
264507,68,32,0,0,DOWN,598941713843,"D"
264507,70,33,0,0,DOWN,599037665443,"F"
264507,68,32,0,0,UP,599045834443,"D"
264507,70,33,0,0,UP,599109702543,"F"
264507,72,35,0,0,DOWN,599133725543,"H"
264507,66,48,0,0,DOWN,599237741843,"B"
264507,72,35,0,0,UP,599245778743,"H"
264507,85,22,0,0,DOWN,599333709043,"U"
264507,66,48,0,0,UP,599349490943,"B"
264507,82,19,0,0,DOWN,599437673043,"R"
264507,85,22,0,0,UP,599445653943,"U"
264507,71,34,0,0,DOWN,599533700143,"G"
264507,82,19,0,0,UP,599549751343,"R"
264507,69,18,0,0,DOWN,599637749443,"E"
264507,71,34,0,0,UP,599645783443,"G"
264507,78,49,0,0,DOWN,599733706743,"N"
264507,69,18,0,0,UP,599741717143,"E"
264507,78,49,0,0,UP,599797708243,"N"
264507,76,38,0,0,DOWN,599837740043,"L"
264507,76,38,0,0,UP,599893717343,"L"
264507,65,30,0,0,DOWN,599933740143,"A"
264507,65,30,0,0,UP,599981947843,"A"
264507,78,49,0,0,DOWN,600037728443,"N"
264507,78,49,0,0,UP,600093689043,"N"
264507,68,32,0,0,DOWN,600133736743,"D"
264507,70,33,0,0,DOWN,600237748143,"F"
264507,68,32,0,0,UP,600245486643,"D"
264507,70,33,0,0,UP,600309711743,"F"
264507,72,35,0,0,DOWN,600341730643,"H"
264507,72,35,0,0,UP,600437709943,"H"
264507,66,48,0,0,DOWN,600438305743,"B"
264507,85,22,0,0,DOWN,600541734843,"U"
264507,66,48,0,0,UP,600557698943,"B"
264507,82,19,0,0,DOWN,600637677643,"R"
264507,85,22,0,0,UP,600645657543,"U"
264507,71,34,0,0,DOWN,600741699643,"G"
264507,82,19,0,0,UP,600757494343,"R"
264507,69,18,0,0,DOWN,600837546543,"E"
264507,71,34,0,0,UP,600845723643,"G"
264507,78,49,0,0,DOWN,600933742443,"N"
264507,69,18,0,0,UP,600941755443,"E"
264507,78,49,0,0,UP,600997560043,"N"
264507,76,38,0,0,DOWN,601037774443,"L"
264507,76,38,0,0,UP,601093739243,"L"
264507,65,30,0,0,DOWN,601133710143,"A"
264507,65,30,0,0,UP,601181707443,"A"
264507,78,49,0,0,DOWN,601237715643,"N"
264507,78,49,0,0,UP,601293835243,"N"
264507,68,32,0,0,DOWN,601341739043,"D"
264507,70,33,0,0,DOWN,601437687043,"F"
264507,68,32,0,0,UP,601453733143,"D"
264507,70,33,0,0,UP,601509735143,"F"
264507,72,35,0,0,DOWN,601533765243,"H"
264507,72,35,0,0,UP,601637704043,"H"
264507,66,48,0,0,DOWN,601638563743,"B"
264507,85,22,0,0,DOWN,601733723043,"U"
264507,66,48,0,0,UP,601757717243,"B"
264507,82,19,0,0,DOWN,601837515043,"R"
264507,85,22,0,0,UP,601845767743,"U"
264507,71,34,0,0,DOWN,601933819243,"G"
264507,82,19,0,0,UP,601957450343,"R"
264507,69,18,0,0,DOWN,602037550443,"E"
264507,71,34,0,0,UP,602045763643,"G"
264507,78,49,0,0,DOWN,602133711943,"N"
264507,69,18,0,0,UP,602149688843,"E"
264507,78,49,0,0,UP,602197713143,"N"
264507,76,38,0,0,DOWN,602237546943,"L"
264507,76,38,0,0,UP,602293728243,"L"
264507,65,30,0,0,DOWN,602333753843,"A"
264507,65,30,0,0,UP,602381738843,"A"
264507,78,49,0,0,DOWN,602437745043,"N"
264507,78,49,0,0,UP,602501718343,"N"
264507,68,32,0,0,DOWN,602541757143,"D"
264507,70,33,0,0,DOWN,602637621343,"F"
264507,68,32,0,0,UP,602645827443,"D"
264507,70,33,0,0,UP,602709783343,"F"
264507,72,35,0,0,DOWN,602741740843,"H"
264507,72,35,0,0,UP,602837580243,"H"
264507,66,48,0,0,DOWN,602838325443,"B"
264507,85,22,0,0,DOWN,602941785543,"U"
264507,66,48,0,0,UP,602957717543,"B"
264507,82,19,0,0,DOWN,603037664643,"R"
264507,85,22,0,0,UP,603045749143,"U"
264507,71,34,0,0,DOWN,603141738943,"G"
264507,82,19,0,0,UP,603157856243,"R"
264507,69,18,0,0,DOWN,603237648143,"E"
264507,71,34,0,0,UP,603245446643,"G"
264507,78,49,0,0,DOWN,603333777443,"N"
264507,69,18,0,0,UP,603341847843,"E"
264507,78,49,0,0,UP,603397805743,"N"
264507,76,38,0,0,DOWN,603437800343,"L"
264507,76,38,0,0,UP,603493735043,"L"
264507,65,30,0,0,DOWN,603533772343,"A"
264507,65,30,0,0,UP,603581812743,"A"
264507,78,49,0,0,DOWN,603637902243,"N"
264507,78,49,0,0,UP,603693767143,"N"
264507,68,32,0,0,DOWN,603741758143,"D"
264507,70,33,0,0,DOWN,603837919443,"F"
264507,68,32,0,0,UP,603853550443,"D"
264507,70,33,0,0,UP,603909763243,"F"
264507,72,35,0,0,DOWN,603933772843,"H"
264507,72,35,0,0,UP,604037840043,"H"
264507,66,48,0,0,DOWN,604038813643,"B"
264507,85,22,0,0,DOWN,604133746543,"U"
264507,66,48,0,0,UP,604165768743,"B"
264507,82,19,0,0,DOWN,604237847943,"R"
264507,85,22,0,0,UP,604245509943,"U"
264507,71,34,0,0,DOWN,604333788943,"G"
264507,82,19,0,0,UP,604349791243,"R"
264507,69,18,0,0,DOWN,604437813243,"E"
264507,71,34,0,0,UP,604445506143,"G"
264507,78,49,0,0,DOWN,604533777043,"N"
264507,69,18,0,0,UP,604541756443,"E"
264507,78,49,0,0,UP,604597739643,"N"
264507,76,38,0,0,DOWN,604637750643,"L"
264507,76,38,0,0,UP,604693779043,"L"
264507,65,30,0,0,DOWN,604741886843,"A"
264507,65,30,0,0,UP,604781745443,"A"
264507,78,49,0,0,DOWN,604837743143,"N"
264507,78,49,0,0,UP,604901733843,"N"
264507,68,32,0,0,DOWN,604941801443,"D"
264507,70,33,0,0,DOWN,605037802943,"F"
264507,68,32,0,0,UP,605045538343,"D"
264507,70,33,0,0,UP,605109881143,"F"
264507,72,35,0,0,DOWN,605141786143,"H"
264507,72,35,0,0,UP,605237788043,"H"
264507,66,48,0,0,DOWN,605238529843,"B"
264507,85,22,0,0,DOWN,605341759743,"U"
264507,66,48,0,0,UP,605357607543,"B"
264507,82,19,0,0,DOWN,605437784243,"R"
264507,85,22,0,0,UP,605445728143,"U"
264507,71,34,0,0,DOWN,605541757043,"G"
264507,82,19,0,0,UP,605557630443,"R"
264507,69,18,0,0,DOWN,605637770643,"E"
264507,71,34,0,0,UP,605645757043,"G"
264507,69,18,0,0,UP,605733813143,"E"
264507,78,49,0,0,DOWN,605734820343,"N"
264507,78,49,0,0,UP,605797833143,"N"
264507,76,38,0,0,DOWN,605837774543,"L"
264507,76,38,0,0,UP,605893789243,"L"
264507,65,30,0,0,DOWN,605933785643,"A"
264507,65,30,0,0,UP,605981803743,"A"
264507,78,49,0,0,DOWN,606037805043,"N"
264507,78,49,0,0,UP,606101771143,"N"
264507,68,32,0,0,DOWN,606141761343,"D"
264507,70,33,0,0,DOWN,606237528443,"F"
264507,68,32,0,0,UP,606245714443,"D"
264507,70,33,0,0,UP,606309735543,"F"
264507,72,35,0,0,DOWN,606333742643,"H"
264507,66,48,0,0,DOWN,606437558243,"B"
264507,72,35,0,0,UP,606445436343,"H"
264507,85,22,0,0,DOWN,606533572343,"U"
264507,66,48,0,0,UP,606565712843,"B"
264507,82,19,0,0,DOWN,606637763243,"R"
264507,85,22,0,0,UP,606645805143,"U"
264507,71,34,0,0,DOWN,606733793743,"G"
264507,82,19,0,0,UP,606757627543,"R"
264507,69,18,0,0,DOWN,606837779143,"E"
264507,71,34,0,0,UP,606845789543,"G"
264507,78,49,0,0,DOWN,606941693543,"N"
264507,69,18,0,0,UP,606949807743,"E"
264507,78,49,0,0,UP,606997861343,"N"
264507,76,38,0,0,DOWN,607037804543,"L"
264507,76,38,0,0,UP,607093750543,"L"
264507,65,30,0,0,DOWN,607141811443,"A"
264507,65,30,0,0,UP,607181800843,"A"
264507,78,49,0,0,DOWN,607237856043,"N"
264507,78,49,0,0,UP,607293748543,"N"
264507,68,32,0,0,DOWN,607341764143,"D"
264507,70,33,0,0,DOWN,607437554143,"F"
264507,68,32,0,0,UP,607445749343,"D"
264507,70,33,0,0,UP,607517799743,"F"
264507,72,35,0,0,DOWN,607541775443,"H"
264507,72,35,0,0,UP,607637775643,"H"
264507,66,48,0,0,DOWN,607638825143,"B"
264507,85,22,0,0,DOWN,607733808143,"U"
264507,66,48,0,0,UP,607757672043,"B"
264507,82,19,0,0,DOWN,607837792143,"R"
264507,85,22,0,0,UP,607845791243,"U"
264507,71,34,0,0,DOWN,607933807343,"G"
264507,82,19,0,0,UP,607957591343,"R"
264507,69,18,0,0,DOWN,608037827543,"E"
264507,71,34,0,0,UP,608045776943,"G"
264507,78,49,0,0,DOWN,608133789443,"N"
264507,69,18,0,0,UP,608141710443,"E"
264507,78,49,0,0,UP,608197812143,"N"
264507,76,38,0,0,DOWN,608237797443,"L"
264507,76,38,0,0,UP,608293835343,"L"
264507,65,30,0,0,DOWN,608333884643,"A"
264507,65,30,0,0,UP,608389778143,"A"
264507,78,49,0,0,DOWN,608437856443,"N"
264507,78,49,0,0,UP,608501808843,"N"
264507,68,32,0,0,DOWN,608533801543,"D"
264507,70,33,0,0,DOWN,608637762643,"F"
264507,68,32,0,0,UP,608645781743,"D"
264507,70,33,0,0,UP,608709773643,"F"
264507,72,35,0,0,DOWN,608733799043,"H"
264507,66,48,0,0,DOWN,608837775743,"B"
264507,72,35,0,0,UP,608845507343,"H"
264507,85,22,0,0,DOWN,608933544943,"U"
264507,66,48,0,0,UP,608957871343,"B"
264507,82,19,0,0,DOWN,609037866243,"R"
264507,85,22,0,0,UP,609045777243,"U"
264507,71,34,0,0,DOWN,609133836143,"G"
264507,82,19,0,0,UP,609149797643,"R"
264507,69,18,0,0,DOWN,609237817543,"E"
264507,71,34,0,0,UP,609245680943,"G"
264507,78,49,0,0,DOWN,609341820843,"N"
264507,69,18,0,0,UP,609349803043,"E"
264507,78,49,0,0,UP,609397615343,"N"
264507,76,38,0,0,DOWN,609437877743,"L"
264507,76,38,0,0,UP,609493862243,"L"
264507,65,30,0,0,DOWN,609541850243,"A"
264507,65,30,0,0,UP,609581871843,"A"
264507,78,49,0,0,DOWN,609637885943,"N"
264507,78,49,0,0,UP,609693884643,"N"
264507,68,32,0,0,DOWN,609741579343,"D"
264507,70,33,0,0,DOWN,609837809243,"F"
264507,68,32,0,0,UP,609845786743,"D"
264507,70,33,0,0,UP,609909548743,"F"
264507,72,35,0,0,DOWN,609941932443,"H"
264507,72,35,0,0,UP,610037878943,"H"
264507,66,48,0,0,DOWN,610038849143,"B"
264507,85,22,0,0,DOWN,610133808943,"U"
264507,66,48,0,0,UP,610157863343,"B"
264507,82,19,0,0,DOWN,610237783643,"R"
264507,85,22,0,0,UP,610253831443,"U"
264507,71,34,0,0,DOWN,610333785143,"G"
264507,82,19,0,0,UP,610357825143,"R"
264507,69,18,0,0,DOWN,610437825443,"E"
264507,71,34,0,0,UP,610445745543,"G"
264507,69,18,0,0,UP,610533828543,"E"
264507,78,49,0,0,DOWN,610534658643,"N"
264507,78,49,0,0,UP,610597815143,"N"
264507,76,38,0,0,DOWN,610637808643,"L"
264507,76,38,0,0,UP,610693588943,"L"
264507,65,30,0,0,DOWN,610733817343,"A"
264507,65,30,0,0,UP,610781791143,"A"
264507,78,49,0,0,DOWN,610837806243,"N"
264507,78,49,0,0,UP,610909687043,"N"
264507,68,32,0,0,DOWN,610933819843,"D"
264507,70,33,0,0,DOWN,611037802843,"F"
264507,68,32,0,0,UP,611045823543,"D"
264507,70,33,0,0,UP,611109711843,"F"
264507,72,35,0,0,DOWN,611133815343,"H"
264507,66,48,0,0,DOWN,611237584743,"B"
264507,72,35,0,0,UP,611245800243,"H"
264507,85,22,0,0,DOWN,611333823143,"U"
264507,66,48,0,0,UP,611365801643,"B"
264507,82,19,0,0,DOWN,611437552743,"R"
264507,85,22,0,0,UP,611445802443,"U"
264507,71,34,0,0,DOWN,611541835843,"G"
264507,82,19,0,0,UP,611557765443,"R"
264507,69,18,0,0,DOWN,611637854143,"E"
264507,71,34,0,0,UP,611645502743,"G"
264507,69,18,0,0,UP,611741608643,"E"
264507,78,49,0,0,DOWN,611742395443,"N"
264507,78,49,0,0,UP,611797846343,"N"
264507,76,38,0,0,DOWN,611837865743,"L"
264507,76,38,0,0,UP,611894174843,"L"
264507,65,30,0,0,DOWN,611933806343,"A"
264507,65,30,0,0,UP,611981810143,"A"
264507,78,49,0,0,DOWN,612037647043,"N"
264507,78,49,0,0,UP,612101831443,"N"
264507,68,32,0,0,DOWN,612141851943,"D"
264507,70,33,0,0,DOWN,612237608943,"F"
264507,68,32,0,0,UP,612253593743,"D"
264507,70,33,0,0,UP,612309856043,"F"
264507,72,35,0,0,DOWN,612333871543,"H"
264507,66,48,0,0,DOWN,612437624743,"B"
264507,72,35,0,0,UP,612445826043,"H"
264507,85,22,0,0,DOWN,612533948643,"U"
264507,66,48,0,0,UP,612557931743,"B"
264507,82,19,0,0,DOWN,612637903143,"R"
264507,85,22,0,0,UP,612645885243,"U"
264507,71,34,0,0,DOWN,612733658043,"G"
264507,82,19,0,0,UP,612757895443,"R"
264507,71,34,0,0,UP,612837890743,"G"
264507,69,18,0,0,DOWN,612838720243,"E"
264507,78,49,0,0,DOWN,612933789443,"N"
264507,69,18,0,0,UP,612941498943,"E"
264507,78,49,0,0,UP,613005805543,"N"
264507,76,38,0,0,DOWN,613037865143,"L"
264507,76,38,0,0,UP,613093935143,"L"
264507,65,30,0,0,DOWN,613133807443,"A"
264507,65,30,0,0,UP,613181809343,"A"
264507,78,49,0,0,DOWN,613237839843,"N"
264507,78,49,0,0,UP,613301846743,"N"
264507,68,32,0,0,DOWN,613333834843,"D"
264507,70,33,0,0,DOWN,613437840043,"F"
264507,68,32,0,0,UP,613445648843,"D"
264507,70,33,0,0,UP,613509908143,"F"
264507,72,35,0,0,DOWN,613533841743,"H"
264507,66,48,0,0,DOWN,613637849843,"B"
264507,72,35,0,0,UP,613645557643,"H"
264507,85,22,0,0,DOWN,613741852543,"U"
264507,66,48,0,0,UP,613757869843,"B"
264507,82,19,0,0,DOWN,613837850643,"R"
264507,85,22,0,0,UP,613845612443,"U"
264507,71,34,0,0,DOWN,613941845043,"G"
264507,82,19,0,0,UP,613949630143,"R"
264507,69,18,0,0,DOWN,614037950443,"E"
264507,71,34,0,0,UP,614045648443,"G"
264507,78,49,0,0,DOWN,614141844543,"N"
264507,69,18,0,0,UP,614149810843,"E"
264507,78,49,0,0,UP,614197819143,"N"
264507,76,38,0,0,DOWN,614237664943,"L"
264507,76,38,0,0,UP,614293817543,"L"
264507,65,30,0,0,DOWN,614333825743,"A"
264507,65,30,0,0,UP,614381812243,"A"
264507,78,49,0,0,DOWN,614437811243,"N"
264507,78,49,0,0,UP,614493915643,"N"
264507,68,32,0,0,DOWN,614541834943,"D"
264507,70,33,0,0,DOWN,614637835643,"F"
264507,68,32,0,0,UP,614653602943,"D"
264507,70,33,0,0,UP,614709848943,"F"
264507,72,35,0,0,DOWN,614733572943,"H"
264507,66,48,0,0,DOWN,614837850143,"B"
264507,72,35,0,0,UP,614845615943,"H"
264507,85,22,0,0,DOWN,614933861643,"U"
264507,66,48,0,0,UP,614957847443,"B"
264507,82,19,0,0,DOWN,615037885743,"R"
264507,85,22,0,0,UP,615045801743,"U"
264507,71,34,0,0,DOWN,615133844243,"G"
264507,82,19,0,0,UP,615149869443,"R"
264507,69,18,0,0,DOWN,615237862643,"E"
264507,71,34,0,0,UP,615245868343,"G"
264507,78,49,0,0,DOWN,615333846343,"N"
264507,69,18,0,0,UP,615341837043,"E"
264507,78,49,0,0,UP,615405619243,"N"
264507,76,38,0,0,DOWN,615437796643,"L"
264507,76,38,0,0,UP,615493867243,"L"
264507,65,30,0,0,DOWN,615533886543,"A"
264507,65,30,0,0,UP,615581853143,"A"
264507,78,49,0,0,DOWN,615637806143,"N"
264507,78,49,0,0,UP,615701872643,"N"
264507,68,32,0,0,DOWN,615733851543,"D"
264507,70,33,0,0,DOWN,615837822043,"F"
264507,68,32,0,0,UP,615845873743,"D"
264507,70,33,0,0,UP,615909839443,"F"
264507,72,35,0,0,DOWN,615941886543,"H"
264507,66,48,0,0,DOWN,616037863043,"B"
264507,72,35,0,0,UP,616045837443,"H"
264507,85,22,0,0,DOWN,616141938743,"U"
264507,66,48,0,0,UP,616157867343,"B"
264507,82,19,0,0,DOWN,616237872443,"R"
264507,85,22,0,0,UP,616245836443,"U"
264507,71,34,0,0,DOWN,616341848343,"G"
264507,82,19,0,0,UP,616357907043,"R"
264507,69,18,0,0,DOWN,616437827143,"E"
264507,71,34,0,0,UP,616445822443,"G"
264507,78,49,0,0,DOWN,616541856843,"N"
264507,69,18,0,0,UP,616549834443,"E"
264507,78,49,0,0,UP,616597621143,"N"
264507,76,38,0,0,DOWN,616637873443,"L"
264507,76,38,0,0,UP,616693853343,"L"
264507,65,30,0,0,DOWN,616733877843,"A"
264507,65,30,0,0,UP,616781844043,"A"
264507,78,49,0,0,DOWN,616837864743,"N"
264507,78,49,0,0,UP,616893872143,"N"
264507,68,32,0,0,DOWN,616941878243,"D"
264507,70,33,0,0,DOWN,617037845543,"F"
264507,68,32,0,0,UP,617053872343,"D"
264507,70,33,0,0,UP,617109887343,"F"
264507,72,35,0,0,DOWN,617133857443,"H"
264507,72,35,0,0,UP,617237885843,"H"
264507,66,48,0,0,DOWN,617238791343,"B"
264507,85,22,0,0,DOWN,617333684743,"U"
264507,66,48,0,0,UP,617357922143,"B"
264507,82,19,0,0,DOWN,617437924343,"R"
264507,85,22,0,0,UP,617445806843,"U"
264507,71,34,0,0,DOWN,617533864943,"G"
264507,82,19,0,0,UP,617549796143,"R"
264507,69,18,0,0,DOWN,617637977143,"E"
264507,71,34,0,0,UP,617645938943,"G"
264507,69,18,0,0,UP,617733947143,"E"
264507,78,49,0,0,DOWN,617741941043,"N"
264507,78,49,0,0,UP,617805980843,"N"
264507,76,38,0,0,DOWN,617837966843,"L"
264507,76,38,0,0,UP,617893881343,"L"
264507,65,30,0,0,DOWN,617933886743,"A"
264507,65,30,0,0,UP,617981664943,"A"
264507,78,49,0,0,DOWN,618037891643,"N"
264507,78,49,0,0,UP,618101908643,"N"
264507,68,32,0,0,DOWN,618141813743,"D"
264507,70,33,0,0,DOWN,618237886943,"F"
264507,68,32,0,0,UP,618245922143,"D"
264507,70,33,0,0,UP,618309916143,"F"
264507,72,35,0,0,DOWN,618341863643,"H"
264507,66,48,0,0,DOWN,618437888443,"B"
264507,72,35,0,0,UP,618445863043,"H"
264507,85,22,0,0,DOWN,618541926843,"U"
264507,66,48,0,0,UP,618565650843,"B"
264507,82,19,0,0,DOWN,618637658943,"R"
264507,85,22,0,0,UP,618645845943,"U"
264507,71,34,0,0,DOWN,618741880643,"G"
264507,82,19,0,0,UP,618757867943,"R"
264507,69,18,0,0,DOWN,618837885543,"E"
264507,71,34,0,0,UP,618845587543,"G"
264507,78,49,0,0,DOWN,618933662743,"N"
264507,69,18,0,0,UP,618941858143,"E"
264507,78,49,0,0,UP,618997721943,"N"
264507,76,38,0,0,DOWN,619037886543,"L"
264507,76,38,0,0,UP,619093934643,"L"
264507,65,30,0,0,DOWN,619133884043,"A"
264507,65,30,0,0,UP,619181915843,"A"
264507,78,49,0,0,DOWN,619237850843,"N"
264507,78,49,0,0,UP,619293861443,"N"
264507,68,32,0,0,DOWN,619341830743,"D"
264507,70,33,0,0,DOWN,619437913543,"F"
264507,68,32,0,0,UP,619453844643,"D"
264507,70,33,0,0,UP,619509915743,"F"
264507,72,35,0,0,DOWN,619533890443,"H"
264507,72,35,0,0,UP,619637897343,"H"
264507,66,48,0,0,DOWN,619638861843,"B"
264507,85,22,0,0,DOWN,619733848443,"U"
264507,66,48,0,0,UP,619757598343,"B"
264507,82,19,0,0,DOWN,619837867943,"R"
264507,85,22,0,0,UP,619845893943,"U"
264507,71,34,0,0,DOWN,619933862043,"G"
264507,82,19,0,0,UP,619957969343,"R"
264507,69,18,0,0,DOWN,620037903843,"E"
264507,71,34,0,0,UP,620045615643,"G"
264507,78,49,0,0,DOWN,620133867043,"N"
264507,69,18,0,0,UP,620141897343,"E"
264507,78,49,0,0,UP,620205895943,"N"
264507,76,38,0,0,DOWN,620237942843,"L"
264507,76,38,0,0,UP,620293900443,"L"
264507,65,30,0,0,DOWN,620333644243,"A"
264507,65,30,0,0,UP,620381994843,"A"
264507,78,49,0,0,DOWN,620437855843,"N"
264507,78,49,0,0,UP,620501892543,"N"
264507,68,32,0,0,DOWN,620541922543,"D"
264507,70,33,0,0,DOWN,620638009243,"F"
264507,68,32,0,0,UP,620645904543,"D"
264507,70,33,0,0,UP,620709890343,"F"
264507,72,35,0,0,DOWN,620741930643,"H"
264507,66,48,0,0,DOWN,620837939943,"B"
264507,72,35,0,0,UP,620845933643,"H"
264507,85,22,0,0,DOWN,620941859243,"U"
264507,66,48,0,0,UP,620957894043,"B"
264507,82,19,0,0,DOWN,621037957643,"R"
264507,85,22,0,0,UP,621045917243,"U"
264507,71,34,0,0,DOWN,621141924543,"G"
264507,82,19,0,0,UP,621157670443,"R"
264507,69,18,0,0,DOWN,621237644643,"E"
264507,71,34,0,0,UP,621245860643,"G"
264507,69,18,0,0,UP,621333693043,"E"
264507,78,49,0,0,DOWN,621334544843,"N"
264507,78,49,0,0,UP,621397654243,"N"
264507,76,38,0,0,DOWN,621437588843,"L"
264507,76,38,0,0,UP,621493838443,"L"
264507,65,30,0,0,DOWN,621533732843,"A"
264507,65,30,0,0,UP,621581849643,"A"
264507,78,49,0,0,DOWN,621637866343,"N"
264507,78,49,0,0,UP,621701978743,"N"
264507,68,32,0,0,DOWN,621741968343,"D"
264507,70,33,0,0,DOWN,621837947043,"F"
264507,68,32,0,0,UP,621853918343,"D"
264507,70,33,0,0,UP,621909912543,"F"
264507,72,35,0,0,DOWN,621933870443,"H"
264507,72,35,0,0,UP,622037900643,"H"
264507,66,48,0,0,DOWN,622038593443,"B"
264507,85,22,0,0,DOWN,622133972443,"U"
264507,66,48,0,0,UP,622157908843,"B"
264507,82,19,0,0,DOWN,622237913843,"R"
264507,85,22,0,0,UP,622245911843,"U"
264507,71,34,0,0,DOWN,622334061843,"G"
264507,82,19,0,0,UP,622357932143,"R"
264507,69,18,0,0,DOWN,622437841043,"E"
264507,71,34,0,0,UP,622445849843,"G"
264507,78,49,0,0,DOWN,622533933243,"N"
264507,69,18,0,0,UP,622549859943,"E"
264507,78,49,0,0,UP,622605913043,"N"
264507,76,38,0,0,DOWN,622637867643,"L"
264507,76,38,0,0,UP,622693902743,"L"
264507,65,30,0,0,DOWN,622741895543,"A"
264507,65,30,0,0,UP,622781938543,"A"
264507,78,49,0,0,DOWN,622837916443,"N"
264507,78,49,0,0,UP,622901697043,"N"
264507,68,32,0,0,DOWN,622941940443,"D"
264507,70,33,0,0,DOWN,623037953843,"F"
264507,68,32,0,0,UP,623045877043,"D"
264507,70,33,0,0,UP,623109910343,"F"
264507,72,35,0,0,DOWN,623141910143,"H"
264507,72,35,0,0,UP,623237933943,"H"
264507,66,48,0,0,DOWN,623238629543,"B"
264507,85,22,0,0,DOWN,623341997243,"U"
264507,66,48,0,0,UP,623357875343,"B"
264507,82,19,0,0,DOWN,623437828243,"R"
264507,85,22,0,0,UP,623445993543,"U"
264507,71,34,0,0,DOWN,623541873143,"G"
264507,82,19,0,0,UP,623557713943,"R"
264507,69,18,0,0,DOWN,623637905743,"E"
264507,71,34,0,0,UP,623645898543,"G"
264507,69,18,0,0,UP,623733946343,"E"
264507,78,49,0,0,DOWN,623734965543,"N"
264507,78,49,0,0,UP,623797887343,"N"
264507,76,38,0,0,DOWN,623837972743,"L"
264507,76,38,0,0,UP,623893911143,"L"
264507,65,30,0,0,DOWN,623933890243,"A"
264507,65,30,0,0,UP,623981902143,"A"
264507,78,49,0,0,DOWN,624037766243,"N"
264507,78,49,0,0,UP,624101987943,"N"
264507,68,32,0,0,DOWN,624141907343,"D"
264507,70,33,0,0,DOWN,624237904243,"F"
264507,68,32,0,0,UP,624253650443,"D"
264507,70,33,0,0,UP,624309907443,"F"
264507,72,35,0,0,DOWN,624333939643,"H"
264507,66,48,0,0,DOWN,624437864243,"B"
264507,72,35,0,0,UP,624445923243,"H"
264507,85,22,0,0,DOWN,624533962143,"U"
264507,66,48,0,0,UP,624557918743,"B"
264507,82,19,0,0,DOWN,624637926743,"R"
264507,85,22,0,0,UP,624645928343,"U"
264507,71,34,0,0,DOWN,624733946143,"G"
264507,82,19,0,0,UP,624749955043,"R"
264507,69,18,0,0,DOWN,624837906943,"E"
264507,71,34,0,0,UP,624845866043,"G"
264507,78,49,0,0,DOWN,624941919343,"N"
264507,69,18,0,0,UP,624949975943,"E"
264507,78,49,0,0,UP,624997935243,"N"
264507,76,38,0,0,DOWN,625038098643,"L"
264507,76,38,0,0,UP,625101976343,"L"
264507,65,30,0,0,DOWN,625141970643,"A"
264507,65,30,0,0,UP,625181950043,"A"
264507,78,49,0,0,DOWN,625237902143,"N"
264507,78,49,0,0,UP,625293885743,"N"
264507,68,32,0,0,DOWN,625341900043,"D"
264507,70,33,0,0,DOWN,625437895843,"F"
264507,68,32,0,0,UP,625445924443,"D"
264507,70,33,0,0,UP,625509966643,"F"
264507,72,35,0,0,DOWN,625541946043,"H"
264507,72,35,0,0,UP,625637964643,"H"
264507,66,48,0,0,DOWN,625645932843,"B"
264507,85,22,0,0,DOWN,625733966943,"U"
264507,66,48,0,0,UP,625757958543,"B"
264507,82,19,0,0,DOWN,625837931943,"R"
264507,85,22,0,0,UP,625845914543,"U"
264507,71,34,0,0,DOWN,625933973143,"G"
264507,82,19,0,0,UP,625957946843,"R"
264507,69,18,0,0,DOWN,626037727443,"E"
264507,71,34,0,0,UP,626045875643,"G"
264507,69,18,0,0,UP,626133965243,"E"
264507,78,49,0,0,DOWN,626134864343,"N"
264507,78,49,0,0,UP,626197931043,"N"
264507,76,38,0,0,DOWN,626237712343,"L"
264507,76,38,0,0,UP,626293957143,"L"
264507,65,30,0,0,DOWN,626333998543,"A"
264507,65,30,0,0,UP,626381975443,"A"
264507,78,49,0,0,DOWN,626437754743,"N"
264507,78,49,0,0,UP,626493901743,"N"
264507,68,32,0,0,DOWN,626533895443,"D"
264507,70,33,0,0,DOWN,626637702143,"F"
264507,68,32,0,0,UP,626645907743,"D"
264507,70,33,0,0,UP,626709966743,"F"
264507,72,35,0,0,DOWN,626733898743,"H"
264507,66,48,0,0,DOWN,626837770243,"B"
264507,72,35,0,0,UP,626845948543,"H"
264507,85,22,0,0,DOWN,626933928343,"U"
264507,66,48,0,0,UP,626958001143,"B"
264507,82,19,0,0,DOWN,627037827943,"R"
264507,85,22,0,0,UP,627045919243,"U"
264507,71,34,0,0,DOWN,627141959343,"G"
264507,82,19,0,0,UP,627157946543,"R"
264507,69,18,0,0,DOWN,627237772543,"E"
264507,71,34,0,0,UP,627245937543,"G"
264507,78,49,0,0,DOWN,627341949043,"N"
264507,69,18,0,0,UP,627349949343,"E"
264507,78,49,0,0,UP,627397941743,"N"
264507,76,38,0,0,DOWN,627437851143,"L"
264507,76,38,0,0,UP,627501983743,"L"
264507,65,30,0,0,DOWN,627541936543,"A"
264507,65,30,0,0,UP,627581990243,"A"
264507,78,49,0,0,DOWN,627637929143,"N"
264507,78,49,0,0,UP,627685969443,"N"
264507,68,32,0,0,DOWN,627741980543,"D"
264507,70,33,0,0,DOWN,627837981343,"F"
264507,68,32,0,0,UP,627845999643,"D"
264507,70,33,0,0,UP,627909929543,"F"
264507,72,35,0,0,DOWN,627941951843,"H"
264507,72,35,0,0,UP,628038031543,"H"
264507,66,48,0,0,DOWN,628038858343,"B"
264507,85,22,0,0,DOWN,628133994043,"U"
264507,66,48,0,0,UP,628157954143,"B"
264507,82,19,0,0,DOWN,628238081843,"R"
264507,85,22,0,0,UP,628253947643,"U"
264507,71,34,0,0,DOWN,628333906843,"G"
264507,82,19,0,0,UP,628357727843,"R"
264507,69,18,0,0,DOWN,628437987543,"E"
264507,71,34,0,0,UP,628445936743,"G"
264507,69,18,0,0,UP,628534028743,"E"
264507,78,49,0,0,DOWN,628535006543,"N"
264507,78,49,0,0,UP,628597950543,"N"
264507,76,38,0,0,DOWN,628638028043,"L"
264507,76,38,0,0,UP,628693957443,"L"
264507,65,30,0,0,DOWN,628733939943,"A"
264507,65,30,0,0,UP,628782096143,"A"
264507,78,49,0,0,DOWN,628837960043,"N"
264507,78,49,0,0,UP,628893926343,"N"
264507,68,32,0,0,DOWN,628933990443,"D"
264507,70,33,0,0,DOWN,629037973843,"F"
264507,68,32,0,0,UP,629045959243,"D"
264507,70,33,0,0,UP,629110048543,"F"
264507,72,35,0,0,DOWN,629133947143,"H"
264507,72,35,0,0,UP,629237953443,"H"
264507,66,48,0,0,DOWN,629238621343,"B"
264507,85,22,0,0,DOWN,629341986243,"U"
264507,66,48,0,0,UP,629349665443,"B"
264507,82,19,0,0,DOWN,629437902943,"R"
264507,85,22,0,0,UP,629445899843,"U"
264507,71,34,0,0,DOWN,629541980143,"G"
264507,82,19,0,0,UP,629549915243,"R"
264507,69,18,0,0,DOWN,629637990843,"E"
264507,71,34,0,0,UP,629645992943,"G"
264507,69,18,0,0,UP,629742026943,"E"
264507,78,49,0,0,DOWN,629742985343,"N"
264507,78,49,0,0,UP,629797921343,"N"
264507,76,38,0,0,DOWN,629838045243,"L"
264507,76,38,0,0,UP,629894007743,"L"
264507,65,30,0,0,DOWN,629942004643,"A"
264507,65,30,0,0,UP,629981943343,"A"
264507,78,49,0,0,DOWN,630037995143,"N"
264507,78,49,0,0,UP,630086018243,"N"
264507,68,32,0,0,DOWN,630141994243,"D"
264507,70,33,0,0,DOWN,630237967343,"F"
264507,68,32,0,0,UP,630253984943,"D"
264507,70,33,0,0,UP,630310020843,"F"
264507,72,35,0,0,DOWN,630333995943,"H"
264507,72,35,0,0,UP,630438017643,"H"
264507,66,48,0,0,DOWN,630438823143,"B"
264507,85,22,0,0,DOWN,630534011543,"U"
264507,66,48,0,0,UP,630557745343,"B"
264507,82,19,0,0,DOWN,630637953543,"R"
264507,85,22,0,0,UP,630645972843,"U"
264507,71,34,0,0,DOWN,630733963743,"G"
264507,82,19,0,0,UP,630757779343,"R"
264507,69,18,0,0,DOWN,630837960443,"E"
264507,71,34,0,0,UP,630846080543,"G"
264507,69,18,0,0,UP,630934044443,"E"
264507,78,49,0,0,DOWN,630935032543,"N"
264507,78,49,0,0,UP,630990082443,"N"
264507,76,38,0,0,DOWN,631037999543,"L"
264507,76,38,0,0,UP,631093961643,"L"
264507,65,30,0,0,DOWN,631133994043,"A"
264507,65,30,0,0,UP,631173683643,"A"
264507,78,49,0,0,DOWN,631237998143,"N"
264507,78,49,0,0,UP,631293877543,"N"
264507,68,32,0,0,DOWN,631334001943,"D"
264507,70,33,0,0,DOWN,631437959743,"F"
264507,68,32,0,0,UP,631445775143,"D"
264507,70,33,0,0,UP,631509985643,"F"
264507,72,35,0,0,DOWN,631541949743,"H"
264507,66,48,0,0,DOWN,631637959043,"B"
264507,72,35,0,0,UP,631645945043,"H"
264507,85,22,0,0,DOWN,631741972143,"U"
264507,66,48,0,0,UP,631757847043,"B"
264507,82,19,0,0,DOWN,631837973043,"R"
264507,85,22,0,0,UP,631845979243,"U"
264507,71,34,0,0,DOWN,631941960443,"G"
264507,82,19,0,0,UP,631950002743,"R"
264507,69,18,0,0,DOWN,632037973443,"E"
264507,71,34,0,0,UP,632046118643,"G"
264507,69,18,0,0,UP,632133989043,"E"
264507,78,49,0,0,DOWN,632141747243,"N"
264507,78,49,0,0,UP,632197980443,"N"
264507,76,38,0,0,DOWN,632237941443,"L"
264507,76,38,0,0,UP,632293970243,"L"
264507,65,30,0,0,DOWN,632334017943,"A"
264507,65,30,0,0,UP,632381969443,"A"
264507,78,49,0,0,DOWN,632437974243,"N"
264507,78,49,0,0,UP,632486033143,"N"
264507,68,32,0,0,DOWN,632541762043,"D"
264507,70,33,0,0,DOWN,632638018543,"F"
264507,68,32,0,0,UP,632654072343,"D"
264507,70,33,0,0,UP,632709962343,"F"
264507,72,35,0,0,DOWN,632733738643,"H"
264507,66,48,0,0,DOWN,632838022643,"B"
264507,72,35,0,0,UP,632846044243,"H"
264507,85,22,0,0,DOWN,632934022243,"U"
264507,66,48,0,0,UP,632958158243,"B"
264507,82,19,0,0,DOWN,633037990543,"R"
264507,85,22,0,0,UP,633045810343,"U"
264507,71,34,0,0,DOWN,633134007543,"G"
264507,82,19,0,0,UP,633158048743,"R"
264507,69,18,0,0,DOWN,633238003743,"E"
264507,71,34,0,0,UP,633246003143,"G"
264507,69,18,0,0,UP,633334029143,"E"
264507,78,49,0,0,DOWN,633335050843,"N"
264507,78,49,0,0,UP,633389753643,"N"
264507,76,38,0,0,DOWN,633437738943,"L"
264507,76,38,0,0,UP,633493985443,"L"
264507,65,30,0,0,DOWN,633533966843,"A"
264507,65,30,0,0,UP,633574000943,"A"
264507,78,49,0,0,DOWN,633637997043,"N"
264507,78,49,0,0,UP,633693954543,"N"
264507,68,32,0,0,DOWN,633733884643,"D"
264507,70,33,0,0,DOWN,633838231643,"F"
264507,68,32,0,0,UP,633845984543,"D"
264507,70,33,0,0,UP,633909775343,"F"
264507,72,35,0,0,DOWN,633942116343,"H"
264507,72,35,0,0,UP,634038062143,"H"
264507,66,48,0,0,DOWN,634038987043,"B"
264507,85,22,0,0,DOWN,634142061743,"U"
264507,66,48,0,0,UP,634150008643,"B"
264507,82,19,0,0,DOWN,634238005343,"R"
264507,85,22,0,0,UP,634245966443,"U"
264507,71,34,0,0,DOWN,634342017143,"G"
264507,82,19,0,0,UP,634358037343,"R"
264507,69,18,0,0,DOWN,634438025643,"E"
264507,71,34,0,0,UP,634445948943,"G"
264507,69,18,0,0,UP,634542136543,"E"
264507,78,49,0,0,DOWN,634543262343,"N"
264507,78,49,0,0,UP,634598006943,"N"
264507,76,38,0,0,DOWN,634638035243,"L"
264507,76,38,0,0,UP,634694034443,"L"
264507,65,30,0,0,DOWN,634734041643,"A"
264507,65,30,0,0,UP,634781993143,"A"
264507,78,49,0,0,DOWN,634838084543,"N"
264507,78,49,0,0,UP,634877942643,"N"
264507,68,32,0,0,DOWN,634941996043,"D"
264507,70,33,0,0,DOWN,635038030843,"F"
264507,68,32,0,0,UP,635054090543,"D"
264507,70,33,0,0,UP,635109909243,"F"
264507,72,35,0,0,DOWN,635134046543,"H"
264507,66,48,0,0,DOWN,635238001343,"B"
264507,72,35,0,0,UP,635246036343,"H"
264507,85,22,0,0,DOWN,635334031443,"U"
264507,66,48,0,0,UP,635357992643,"B"
264507,82,19,0,0,DOWN,635438017543,"R"
264507,85,22,0,0,UP,635445973043,"U"
264507,71,34,0,0,DOWN,635534024943,"G"
264507,82,19,0,0,UP,635550034743,"R"
264507,69,18,0,0,DOWN,635637906043,"E"
264507,71,34,0,0,UP,635646024543,"G"
264507,78,49,0,0,DOWN,635734026743,"N"
264507,69,18,0,0,UP,635742065043,"E"
264507,78,49,0,0,UP,635789847143,"N"
264507,76,38,0,0,DOWN,635838013243,"L"
264507,76,38,0,0,UP,635893904743,"L"
264507,65,30,0,0,DOWN,635934033343,"A"
264507,65,30,0,0,UP,635982043743,"A"
264507,78,49,0,0,DOWN,636038050643,"N"
264507,78,49,0,0,UP,636086003743,"N"
264507,68,32,0,0,DOWN,636142050643,"D"
264507,70,33,0,0,DOWN,636238041943,"F"
264507,68,32,0,0,UP,636246026443,"D"
264507,70,33,0,0,UP,636318011343,"F"
264507,72,35,0,0,DOWN,636342005043,"H"
264507,72,35,0,0,UP,636429770443,"H"
264507,66,48,0,0,DOWN,636437827543,"B"
264507,85,22,0,0,DOWN,636541965143,"U"
264507,66,48,0,0,UP,636557971443,"B"
264507,82,19,0,0,DOWN,636638012943,"R"
264507,85,22,0,0,UP,636645962043,"U"
264507,71,34,0,0,DOWN,636742025543,"G"
264507,82,19,0,0,UP,636758060343,"R"
264507,69,18,0,0,DOWN,636838036243,"E"
264507,71,34,0,0,UP,636845832743,"G"
264507,69,18,0,0,UP,636942175643,"E"
264507,78,49,0,0,DOWN,636943043443,"N"
264507,78,49,0,0,UP,636998035043,"N"
264507,76,38,0,0,DOWN,637038030143,"L"
264507,76,38,0,0,UP,637094162043,"L"
264507,65,30,0,0,DOWN,637134042243,"A"
264507,65,30,0,0,UP,637182037743,"A"
264507,78,49,0,0,DOWN,637238065843,"N"
264507,78,49,0,0,UP,637294130943,"N"
264507,68,32,0,0,DOWN,637342053843,"D"
264507,70,33,0,0,DOWN,637437968743,"F"
264507,68,32,0,0,UP,637453979443,"D"
264507,70,33,0,0,UP,637518039643,"F"
264507,72,35,0,0,DOWN,637534038943,"H"
264507,72,35,0,0,UP,637638020643,"H"
264507,66,48,0,0,DOWN,637638704243,"B"
264507,85,22,0,0,DOWN,637734063943,"U"
264507,66,48,0,0,UP,637758020443,"B"
264507,85,22,0,0,UP,637838048343,"U"
264507,82,19,0,0,DOWN,637838632343,"R"
264507,71,34,0,0,DOWN,637934038743,"G"
264507,82,19,0,0,UP,637958059743,"R"
264507,69,18,0,0,DOWN,638038035643,"E"
264507,71,34,0,0,UP,638045905343,"G"
264507,69,18,0,0,UP,638134057043,"E"
264507,78,49,0,0,DOWN,638134796743,"N"
264507,78,49,0,0,UP,638190021643,"N"
264507,76,38,0,0,DOWN,638238088643,"L"
264507,76,38,0,0,UP,638294037143,"L"
264507,65,30,0,0,DOWN,638334080743,"A"
264507,65,30,0,0,UP,638382127043,"A"
264507,78,49,0,0,DOWN,638438111543,"N"
264507,78,49,0,0,UP,638486014343,"N"
264507,68,32,0,0,DOWN,638542060743,"D"
264507,70,33,0,0,DOWN,638638058743,"F"
264507,68,32,0,0,UP,638645933743,"D"
264507,70,33,0,0,UP,638710023943,"F"
264507,72,35,0,0,DOWN,638742031843,"H"
264507,72,35,0,0,UP,638829920443,"H"
264507,66,48,0,0,DOWN,638838015143,"B"
264507,85,22,0,0,DOWN,638942012743,"U"
264507,66,48,0,0,UP,638958002643,"B"
264507,82,19,0,0,DOWN,639038093843,"R"
264507,85,22,0,0,UP,639045948043,"U"
264507,71,34,0,0,DOWN,639142090543,"G"
264507,82,19,0,0,UP,639158070743,"R"
264507,69,18,0,0,DOWN,639238075043,"E"
264507,71,34,0,0,UP,639245927943,"G"
264507,69,18,0,0,UP,639334068643,"E"
264507,78,49,0,0,DOWN,639342058143,"N"
264507,78,49,0,0,UP,639398019143,"N"
264507,76,38,0,0,DOWN,639438050643,"L"
264507,76,38,0,0,UP,639494098243,"L"
264507,65,30,0,0,DOWN,639534055543,"A"
264507,65,30,0,0,UP,639582029343,"A"
264507,78,49,0,0,DOWN,639638103043,"N"
264507,78,49,0,0,UP,639694009743,"N"
264507,68,32,0,0,DOWN,639742035343,"D"
264507,70,33,0,0,DOWN,639838039443,"F"
264507,68,32,0,0,UP,639854089243,"D"
264507,70,33,0,0,UP,639910070343,"F"
264507,72,35,0,0,DOWN,639934088543,"H"
264507,66,48,0,0,DOWN,640038058043,"B"
264507,72,35,0,0,UP,640046250043,"H"
264507,85,22,0,0,DOWN,640134057943,"U"
264507,66,48,0,0,UP,640158037443,"B"
264507,82,19,0,0,DOWN,640238046443,"R"
264507,85,22,0,0,UP,640246027143,"U"
264507,71,34,0,0,DOWN,640334026343,"G"
264507,82,19,0,0,UP,640358062643,"R"
264507,69,18,0,0,DOWN,640438027643,"E"
264507,71,34,0,0,UP,640445802143,"G"
264507,78,49,0,0,DOWN,640534075543,"N"
264507,69,18,0,0,UP,640542046943,"E"
264507,78,49,0,0,UP,640590104343,"N"
264507,76,38,0,0,DOWN,640638089243,"L"
264507,76,38,0,0,UP,640694046143,"L"
264507,65,30,0,0,DOWN,640742021443,"A"
264507,65,30,0,0,UP,640781769143,"A"
264507,78,49,0,0,DOWN,640838054043,"N"
264507,78,49,0,0,UP,640886051243,"N"
264507,68,32,0,0,DOWN,640942063643,"D"
264507,70,33,0,0,DOWN,641038078443,"F"
264507,68,32,0,0,UP,641046070543,"D"
264507,70,33,0,0,UP,641110130743,"F"
264507,72,35,0,0,DOWN,641142079643,"H"
264507,72,35,0,0,UP,641238147143,"H"
264507,66,48,0,0,DOWN,641239071943,"B"
264507,85,22,0,0,DOWN,641342049843,"U"
264507,66,48,0,0,UP,641358079343,"B"
264507,82,19,0,0,DOWN,641438044343,"R"
264507,85,22,0,0,UP,641446028743,"U"
264507,71,34,0,0,DOWN,641542041143,"G"
264507,82,19,0,0,UP,641558089743,"R"
264507,71,34,0,0,UP,641638041943,"G"
264507,69,18,0,0,DOWN,641646035443,"E"
264507,69,18,0,0,UP,641734034343,"E"
264507,78,49,0,0,DOWN,641734666343,"N"
264507,78,49,0,0,UP,641797845143,"N"
264507,76,38,0,0,DOWN,641838144243,"L"
264507,76,38,0,0,UP,641894092643,"L"
264507,65,30,0,0,DOWN,641934075643,"A"
264507,65,30,0,0,UP,641981896643,"A"
264507,78,49,0,0,DOWN,642038035843,"N"
264507,78,49,0,0,UP,642094030443,"N"
264507,68,32,0,0,DOWN,642142083243,"D"
264507,70,33,0,0,DOWN,642238072543,"F"
264507,68,32,0,0,UP,642254081943,"D"
264507,70,33,0,0,UP,642310087743,"F"
264507,72,35,0,0,DOWN,642334103843,"H"
264507,66,48,0,0,DOWN,642437842943,"B"
264507,72,35,0,0,UP,642445838443,"H"
264507,85,22,0,0,DOWN,642534063043,"U"
264507,66,48,0,0,UP,642549941043,"B"
264507,82,19,0,0,DOWN,642638085543,"R"
264507,85,22,0,0,UP,642646043143,"U"
264507,71,34,0,0,DOWN,642733868543,"G"
264507,82,19,0,0,UP,642749925843,"R"
264507,69,18,0,0,DOWN,642838141743,"E"
264507,71,34,0,0,UP,642846082043,"G"
264507,78,49,0,0,DOWN,642942141743,"N"
264507,69,18,0,0,UP,642949938643,"E"
264507,78,49,0,0,UP,642990085243,"N"
264507,76,38,0,0,DOWN,643038053143,"L"
264507,76,38,0,0,UP,643094116043,"L"
264507,65,30,0,0,DOWN,643142062143,"A"
264507,65,30,0,0,UP,643182131443,"A"
264507,78,49,0,0,DOWN,643238138243,"N"
264507,78,49,0,0,UP,643286160543,"N"
264507,68,32,0,0,DOWN,643342061243,"D"
264507,70,33,0,0,DOWN,643438167243,"F"
264507,68,32,0,0,UP,643446128043,"D"
264507,70,33,0,0,UP,643518127143,"F"
264507,72,35,0,0,DOWN,643542156243,"H"
264507,72,35,0,0,UP,643638106543,"H"
264507,66,48,0,0,DOWN,643646107843,"B"
264507,85,22,0,0,DOWN,643742113243,"U"
264507,66,48,0,0,UP,643758178143,"B"
264507,85,22,0,0,UP,643838114643,"U"
264507,82,19,0,0,DOWN,643838983643,"R"
264507,71,34,0,0,DOWN,643942096743,"G"
264507,82,19,0,0,UP,643949804743,"R"
264507,71,34,0,0,UP,644037850143,"G"
264507,69,18,0,0,DOWN,644038678643,"E"
264507,78,49,0,0,DOWN,644134130943,"N"
264507,69,18,0,0,UP,644142061043,"E"
264507,78,49,0,0,UP,644198064143,"N"
264507,76,38,0,0,DOWN,644238128243,"L"
264507,76,38,0,0,UP,644294061043,"L"
264507,65,30,0,0,DOWN,644334085743,"A"
264507,65,30,0,0,UP,644382106843,"A"
264507,78,49,0,0,DOWN,644438094043,"N"
264507,78,49,0,0,UP,644494038943,"N"
264507,68,32,0,0,DOWN,644542102743,"D"
264507,70,33,0,0,DOWN,644638120343,"F"
264507,68,32,0,0,UP,644646063743,"D"
264507,70,33,0,0,UP,644718135543,"F"
264507,72,35,0,0,DOWN,644733802543,"H"
264507,66,48,0,0,DOWN,644838110643,"B"
264507,72,35,0,0,UP,644846020143,"H"
264507,85,22,0,0,DOWN,644933887743,"U"
264507,66,48,0,0,UP,644950064643,"B"
264507,82,19,0,0,DOWN,645038109743,"R"
264507,85,22,0,0,UP,645046127843,"U"
264507,71,34,0,0,DOWN,645142101043,"G"
264507,82,19,0,0,UP,645149973343,"R"
264507,69,18,0,0,DOWN,645237879743,"E"
264507,71,34,0,0,UP,645245708343,"G"
264507,69,18,0,0,UP,645342160643,"E"
264507,78,49,0,0,DOWN,645342992943,"N"
264507,78,49,0,0,UP,645390126343,"N"
264507,76,38,0,0,DOWN,645438096143,"L"
264507,76,38,0,0,UP,645494090043,"L"
264507,65,30,0,0,DOWN,645542136543,"A"
264507,65,30,0,0,UP,645582110143,"A"
264507,78,49,0,0,DOWN,645638061643,"N"
264507,78,49,0,0,UP,645685859443,"N"
264507,68,32,0,0,DOWN,645742062043,"D"
264507,70,33,0,0,DOWN,645838069843,"F"
264507,68,32,0,0,UP,645846080143,"D"
264507,70,33,0,0,UP,645901953743,"F"
264507,72,35,0,0,DOWN,645942117443,"H"
264507,72,35,0,0,UP,646038100243,"H"
264507,66,48,0,0,DOWN,646054133343,"B"
264507,85,22,0,0,DOWN,646134112543,"U"
264507,66,48,0,0,UP,646158104643,"B"
264507,82,19,0,0,DOWN,646238103143,"R"
264507,85,22,0,0,UP,646246046243,"U"
264507,71,34,0,0,DOWN,646334295243,"G"
264507,82,19,0,0,UP,646358109943,"R"
264507,71,34,0,0,UP,646438091943,"G"
264507,69,18,0,0,DOWN,646438820543,"E"
264507,78,49,0,0,DOWN,646534295843,"N"
264507,69,18,0,0,UP,646542083443,"E"
264507,78,49,0,0,UP,646598143843,"N"
264507,76,38,0,0,DOWN,646638075943,"L"
264507,76,38,0,0,UP,646694088743,"L"
264507,65,30,0,0,DOWN,646734305443,"A"
264507,65,30,0,0,UP,646782094243,"A"
264507,78,49,0,0,DOWN,646838142943,"N"
264507,78,49,0,0,UP,646894079843,"N"
264507,68,32,0,0,DOWN,646933930543,"D"
264507,70,33,0,0,DOWN,647038087443,"F"
264507,68,32,0,0,UP,647046100543,"D"
264507,70,33,0,0,UP,647110087043,"F"
264507,72,35,0,0,DOWN,647134135943,"H"
264507,72,35,0,0,UP,647238156143,"H"
264507,66,48,0,0,DOWN,647238961643,"B"
264507,85,22,0,0,DOWN,647342176043,"U"
264507,66,48,0,0,UP,647350113043,"B"
264507,82,19,0,0,DOWN,647438212643,"R"
264507,85,22,0,0,UP,647446052843,"U"
264507,71,34,0,0,DOWN,647542159643,"G"
264507,82,19,0,0,UP,647550112443,"R"
264507,69,18,0,0,DOWN,647638136243,"E"
264507,71,34,0,0,UP,647646115543,"G"
264507,78,49,0,0,DOWN,647742127943,"N"
264507,69,18,0,0,UP,647758143143,"E"
264507,78,49,0,0,UP,647798100343,"N"
264507,76,38,0,0,DOWN,647838180643,"L"
264507,76,38,0,0,UP,647894173343,"L"
264507,65,30,0,0,DOWN,647933879543,"A"
264507,65,30,0,0,UP,647982109243,"A"
264507,78,49,0,0,DOWN,648037977543,"N"
264507,78,49,0,0,UP,648085833943,"N"
264507,68,32,0,0,DOWN,648142138743,"D"
264507,70,33,0,0,DOWN,648238232343,"F"
264507,68,32,0,0,UP,648254077043,"D"
264507,70,33,0,0,UP,648310140043,"F"
264507,72,35,0,0,DOWN,648334139543,"H"
264507,72,35,0,0,UP,648438134743,"H"
264507,66,48,0,0,DOWN,648439104743,"B"
264507,85,22,0,0,DOWN,648534104543,"U"
264507,66,48,0,0,UP,648550072243,"B"
264507,82,19,0,0,DOWN,648638142843,"R"
264507,85,22,0,0,UP,648646139943,"U"
264507,71,34,0,0,DOWN,648734131643,"G"
264507,82,19,0,0,UP,648750147243,"R"
264507,69,18,0,0,DOWN,648838113743,"E"
264507,71,34,0,0,UP,648846087543,"G"
264507,78,49,0,0,DOWN,648934114343,"N"
264507,69,18,0,0,UP,648942126143,"E"
264507,78,49,0,0,UP,648998122643,"N"
264507,76,38,0,0,DOWN,649038106643,"L"
264507,76,38,0,0,UP,649086078843,"L"
264507,65,30,0,0,DOWN,649134197943,"A"
264507,65,30,0,0,UP,649182161943,"A"
264507,78,49,0,0,DOWN,649238101843,"N"
264507,78,49,0,0,UP,649294138343,"N"
264507,68,32,0,0,DOWN,649334119543,"D"
264507,70,33,0,0,DOWN,649438110143,"F"
264507,68,32,0,0,UP,649445838643,"D"
264507,70,33,0,0,UP,649510073243,"F"
264507,72,35,0,0,DOWN,649542168743,"H"
264507,72,35,0,0,UP,649638147443,"H"
264507,66,48,0,0,DOWN,649638851243,"B"
264507,85,22,0,0,DOWN,649742116343,"U"
264507,66,48,0,0,UP,649758091543,"B"
264507,82,19,0,0,DOWN,649838082743,"R"
264507,85,22,0,0,UP,649846208543,"U"
264507,71,34,0,0,DOWN,649942101043,"G"
264507,82,19,0,0,UP,649958102343,"R"
264507,69,18,0,0,DOWN,650038172543,"E"
264507,71,34,0,0,UP,650045857943,"G"
264507,69,18,0,0,UP,650142196643,"E"
264507,78,49,0,0,DOWN,650143104143,"N"
264507,78,49,0,0,UP,650198080143,"N"
264507,76,38,0,0,DOWN,650238036843,"L"
264507,76,38,0,0,UP,650294128443,"L"
264507,65,30,0,0,DOWN,650334125643,"A"
264507,65,30,0,0,UP,650382178143,"A"
264507,78,49,0,0,DOWN,650438145643,"N"
264507,78,49,0,0,UP,650494150243,"N"
264507,68,32,0,0,DOWN,650542136943,"D"
264507,70,33,0,0,DOWN,650637969943,"F"
264507,68,32,0,0,UP,650654003743,"D"
264507,70,33,0,0,UP,650718134743,"F"
264507,72,35,0,0,DOWN,650734154843,"H"
264507,72,35,0,0,UP,650837963743,"H"
264507,66,48,0,0,DOWN,650838678543,"B"
264507,85,22,0,0,DOWN,650934166043,"U"
264507,66,48,0,0,UP,650957937843,"B"
264507,82,19,0,0,DOWN,651037912743,"R"
264507,85,22,0,0,UP,651046091043,"U"
264507,71,34,0,0,DOWN,651133900343,"G"
264507,82,19,0,0,UP,651158107743,"R"
264507,69,18,0,0,DOWN,651237915243,"E"
264507,71,34,0,0,UP,651246131343,"G"
264507,69,18,0,0,UP,651334183643,"E"
264507,78,49,0,0,DOWN,651335093143,"N"
264507,78,49,0,0,UP,651389943643,"N"
264507,76,38,0,0,DOWN,651437962043,"L"
264507,76,38,0,0,UP,651493881343,"L"
264507,65,30,0,0,DOWN,651533804743,"A"
264507,65,30,0,0,UP,651582110143,"A"
264507,78,49,0,0,DOWN,651637871443,"N"
264507,78,49,0,0,UP,651686126343,"N"
264507,68,32,0,0,DOWN,651742141143,"D"
264507,70,33,0,0,DOWN,651838159143,"F"
264507,68,32,0,0,UP,651846170643,"D"
264507,70,33,0,0,UP,651910195843,"F"
264507,72,35,0,0,DOWN,651941906743,"H"
264507,72,35,0,0,UP,652038127243,"H"
264507,66,48,0,0,DOWN,652046173143,"B"
264507,85,22,0,0,DOWN,652142144043,"U"
264507,66,48,0,0,UP,652158154143,"B"
264507,82,19,0,0,DOWN,652238353143,"R"
264507,85,22,0,0,UP,652246102943,"U"
264507,71,34,0,0,DOWN,652342155543,"G"
264507,82,19,0,0,UP,652358132543,"R"
264507,71,34,0,0,UP,652438225643,"G"
264507,69,18,0,0,DOWN,652439137243,"E"
264507,78,49,0,0,DOWN,652542187643,"N"
264507,69,18,0,0,UP,652550127543,"E"
264507,78,49,0,0,UP,652598225343,"N"
264507,76,38,0,0,DOWN,652638219543,"L"
264507,76,38,0,0,UP,652694114443,"L"
264507,65,30,0,0,DOWN,652734177443,"A"
264507,65,30,0,0,UP,652782195043,"A"
264507,78,49,0,0,DOWN,652838170643,"N"
264507,78,49,0,0,UP,652894158743,"N"
264507,68,32,0,0,DOWN,652941966443,"D"
264507,70,33,0,0,DOWN,653038260943,"F"
264507,68,32,0,0,UP,653054159943,"D"
264507,70,33,0,0,UP,653109911843,"F"
264507,72,35,0,0,DOWN,653134217243,"H"
264507,72,35,0,0,UP,653238177143,"H"
264507,66,48,0,0,DOWN,653239193043,"B"
264507,85,22,0,0,DOWN,653334205643,"U"
264507,66,48,0,0,UP,653358012943,"B"
264507,82,19,0,0,DOWN,653437978243,"R"
264507,85,22,0,0,UP,653445875243,"U"
264507,71,34,0,0,DOWN,653534183343,"G"
264507,82,19,0,0,UP,653550096943,"R"
264507,69,18,0,0,DOWN,653638124743,"E"
264507,71,34,0,0,UP,653646107943,"G"
264507,78,49,0,0,DOWN,653742137243,"N"
264507,69,18,0,0,UP,653750172843,"E"
264507,78,49,0,0,UP,653798155843,"N"
264507,76,38,0,0,DOWN,653838265243,"L"
264507,76,38,0,0,UP,653894132743,"L"
264507,65,30,0,0,DOWN,653942178343,"A"
264507,65,30,0,0,UP,653982152543,"A"
264507,78,49,0,0,DOWN,654038141343,"N"
264507,78,49,0,0,UP,654094097743,"N"
264507,68,32,0,0,DOWN,654142199043,"D"
264507,70,33,0,0,DOWN,654238155743,"F"
264507,68,32,0,0,UP,654246107143,"D"
264507,70,33,0,0,UP,654310204943,"F"
264507,72,35,0,0,DOWN,654342208443,"H"
264507,72,35,0,0,UP,654438165643,"H"
264507,66,48,0,0,DOWN,654446131843,"B"
264507,85,22,0,0,DOWN,654542249043,"U"
264507,66,48,0,0,UP,654558151743,"B"
264507,82,19,0,0,DOWN,654638197543,"R"
264507,85,22,0,0,UP,654654180743,"U"
264507,71,34,0,0,DOWN,654742182043,"G"
264507,82,19,0,0,UP,654758012643,"R"
264507,71,34,0,0,UP,654838187843,"G"
264507,69,18,0,0,DOWN,654838944643,"E"
264507,78,49,0,0,DOWN,654934196143,"N"
264507,69,18,0,0,UP,654942005843,"E"
264507,78,49,0,0,UP,654998179643,"N"
264507,76,38,0,0,DOWN,655038187043,"L"
264507,76,38,0,0,UP,655094275143,"L"
264507,65,30,0,0,DOWN,655134195743,"A"
264507,65,30,0,0,UP,655182147343,"A"
264507,78,49,0,0,DOWN,655238242943,"N"
264507,78,49,0,0,UP,655302177143,"N"
264507,68,32,0,0,DOWN,655341967043,"D"
264507,70,33,0,0,DOWN,655438199843,"F"
264507,68,32,0,0,UP,655446169143,"D"
264507,70,33,0,0,UP,655510186743,"F"
264507,72,35,0,0,DOWN,655534224143,"H"
264507,66,48,0,0,DOWN,655637998543,"B"
264507,72,35,0,0,UP,655646152943,"H"
264507,85,22,0,0,DOWN,655734190743,"U"
264507,66,48,0,0,UP,655750173943,"B"
264507,82,19,0,0,DOWN,655838190143,"R"
264507,85,22,0,0,UP,655846138043,"U"
264507,71,34,0,0,DOWN,655942240843,"G"
264507,82,19,0,0,UP,655950131743,"R"
264507,69,18,0,0,DOWN,656038189143,"E"
264507,71,34,0,0,UP,656046208843,"G"
264507,78,49,0,0,DOWN,656142097943,"N"
264507,69,18,0,0,UP,656149965643,"E"
264507,78,49,0,0,UP,656190205443,"N"
264507,76,38,0,0,DOWN,656238200843,"L"
264507,76,38,0,0,UP,656286193243,"L"
264507,65,30,0,0,DOWN,656341968443,"A"
264507,65,30,0,0,UP,656382242643,"A"
264507,78,49,0,0,DOWN,656438192143,"N"
264507,78,49,0,0,UP,656486147543,"N"
264507,68,32,0,0,DOWN,656541935543,"D"
264507,70,33,0,0,DOWN,656638202343,"F"
264507,68,32,0,0,UP,656654146643,"D"
264507,70,33,0,0,UP,656710231143,"F"
264507,72,35,0,0,DOWN,656741948143,"H"
264507,72,35,0,0,UP,656838175643,"H"
264507,66,48,0,0,DOWN,656838924543,"B"
264507,85,22,0,0,DOWN,656934183243,"U"
264507,66,48,0,0,UP,656958351743,"B"
264507,82,19,0,0,DOWN,657038211443,"R"
264507,85,22,0,0,UP,657046165843,"U"
264507,71,34,0,0,DOWN,657134209943,"G"
264507,82,19,0,0,UP,657150239643,"R"
264507,71,34,0,0,UP,657238322443,"G"
264507,69,18,0,0,DOWN,657239457743,"E"
264507,78,49,0,0,DOWN,657334206043,"N"
264507,69,18,0,0,UP,657342007343,"E"
264507,78,49,0,0,UP,657397938643,"N"
264507,76,38,0,0,DOWN,657438179543,"L"
264507,76,38,0,0,UP,657494130343,"L"
264507,65,30,0,0,DOWN,657534213243,"A"
264507,65,30,0,0,UP,657582341943,"A"
264507,78,49,0,0,DOWN,657638209343,"N"
264507,78,49,0,0,UP,657694167543,"N"
264507,68,32,0,0,DOWN,657734289543,"D"
264507,70,33,0,0,DOWN,657838202243,"F"
264507,68,32,0,0,UP,657846151343,"D"
264507,70,33,0,0,UP,657918192743,"F"
264507,72,35,0,0,DOWN,657942067343,"H"
264507,72,35,0,0,UP,658038186743,"H"
264507,66,48,0,0,DOWN,658039192443,"B"
264507,85,22,0,0,DOWN,658142379743,"U"
264507,66,48,0,0,UP,658158340643,"B"
264507,82,19,0,0,DOWN,658238190543,"R"
264507,85,22,0,0,UP,658245925543,"U"
264507,71,34,0,0,DOWN,658342356243,"G"
264507,82,19,0,0,UP,658358183243,"R"
264507,69,18,0,0,DOWN,658438067543,"E"
264507,71,34,0,0,UP,658446175043,"G"
264507,69,18,0,0,UP,658542352043,"E"
264507,78,49,0,0,DOWN,658543349343,"N"
264507,78,49,0,0,UP,658598199143,"N"
264507,76,38,0,0,DOWN,658638220043,"L"
264507,76,38,0,0,UP,658686224543,"L"
264507,65,30,0,0,DOWN,658733953143,"A"
264507,65,30,0,0,UP,658782145043,"A"
264507,78,49,0,0,DOWN,658838201343,"N"
264507,78,49,0,0,UP,658894216243,"N"
264507,68,32,0,0,DOWN,658942246743,"D"
264507,70,33,0,0,DOWN,659038222343,"F"
264507,68,32,0,0,UP,659054056243,"D"
264507,70,33,0,0,UP,659110001643,"F"
264507,72,35,0,0,DOWN,659134227943,"H"
264507,66,48,0,0,DOWN,659238245843,"B"
264507,72,35,0,0,UP,659246176943,"H"
264507,85,22,0,0,DOWN,659334288643,"U"
264507,66,48,0,0,UP,659358279743,"B"
264507,82,19,0,0,DOWN,659438181243,"R"
264507,85,22,0,0,UP,659445936143,"U"
264507,71,34,0,0,DOWN,659534259943,"G"
264507,82,19,0,0,UP,659550242843,"R"
264507,71,34,0,0,UP,659638246943,"G"
264507,69,18,0,0,DOWN,659639196243,"E"
264507,78,49,0,0,DOWN,659734240843,"N"
264507,69,18,0,0,UP,659742212643,"E"
264507,78,49,0,0,UP,659806246443,"N"
264507,76,38,0,0,DOWN,659838263843,"L"
264507,76,38,0,0,UP,659894055743,"L"
264507,65,30,0,0,DOWN,659934213043,"A"
264507,65,30,0,0,UP,659982240443,"A"
264507,78,49,0,0,DOWN,660038297943,"N"
264507,78,49,0,0,UP,660102229443,"N"
264507,68,32,0,0,DOWN,660142254243,"D"
264507,70,33,0,0,DOWN,660238260343,"F"
264507,68,32,0,0,UP,660246029443,"D"
264507,70,33,0,0,UP,660310276343,"F"
264507,72,35,0,0,DOWN,660342231543,"H"
264507,72,35,0,0,UP,660438251043,"H"
264507,66,48,0,0,DOWN,660439089943,"B"
264507,85,22,0,0,DOWN,660542236343,"U"
264507,66,48,0,0,UP,660558226543,"B"
264507,82,19,0,0,DOWN,660638207343,"R"
264507,85,22,0,0,UP,660646041243,"U"
264507,71,34,0,0,DOWN,660742214043,"G"
264507,82,19,0,0,UP,660758213543,"R"
264507,69,18,0,0,DOWN,660838252943,"E"
264507,71,34,0,0,UP,660846056043,"G"
264507,69,18,0,0,UP,660942276843,"E"
264507,78,49,0,0,DOWN,660943279843,"N"
264507,78,49,0,0,UP,660998230843,"N"
264507,76,38,0,0,DOWN,661038229443,"L"
264507,76,38,0,0,UP,661094414643,"L"
264507,65,30,0,0,DOWN,661134220343,"A"
264507,65,30,0,0,UP,661182215543,"A"
264507,78,49,0,0,DOWN,661238192743,"N"
264507,78,49,0,0,UP,661294288943,"N"
264507,68,32,0,0,DOWN,661342244143,"D"
264507,70,33,0,0,DOWN,661438231743,"F"
264507,68,32,0,0,UP,661445969043,"D"
264507,70,33,0,0,UP,661510226543,"F"
264507,72,35,0,0,DOWN,661534222643,"H"
264507,66,48,0,0,DOWN,661638205543,"B"
264507,72,35,0,0,UP,661646153243,"H"
264507,85,22,0,0,DOWN,661734250843,"U"
264507,66,48,0,0,UP,661750271443,"B"
264507,82,19,0,0,DOWN,661838251843,"R"
264507,85,22,0,0,UP,661846086743,"U"
264507,71,34,0,0,DOWN,661934286343,"G"
264507,82,19,0,0,UP,661950265243,"R"
264507,69,18,0,0,DOWN,662038203643,"E"
264507,71,34,0,0,UP,662046169443,"G"
264507,78,49,0,0,DOWN,662142262543,"N"
264507,69,18,0,0,UP,662150243543,"E"
264507,78,49,0,0,UP,662206208943,"N"
264507,76,38,0,0,DOWN,662238240743,"L"
264507,76,38,0,0,UP,662302269743,"L"
264507,65,30,0,0,DOWN,662342284043,"A"
264507,65,30,0,0,UP,662382274943,"A"
264507,78,49,0,0,DOWN,662438272843,"N"
264507,78,49,0,0,UP,662502278643,"N"
264507,68,32,0,0,DOWN,662542265343,"D"
264507,70,33,0,0,DOWN,662637980743,"F"
264507,68,32,0,0,UP,662646177743,"D"
264507,70,33,0,0,UP,662710259843,"F"
264507,72,35,0,0,DOWN,662742245743,"H"
264507,72,35,0,0,UP,662838283743,"H"
264507,66,48,0,0,DOWN,662839202543,"B"
264507,85,22,0,0,DOWN,662942249343,"U"
264507,66,48,0,0,UP,662958299843,"B"
264507,82,19,0,0,DOWN,663038257943,"R"
264507,85,22,0,0,UP,663054302343,"U"
264507,71,34,0,0,DOWN,663142239243,"G"
264507,82,19,0,0,UP,663158239643,"R"
264507,69,18,0,0,DOWN,663238255843,"E"
264507,71,34,0,0,UP,663254274943,"G"
264507,78,49,0,0,DOWN,663334229143,"N"
264507,69,18,0,0,UP,663342228543,"E"
264507,78,49,0,0,UP,663398242043,"N"
264507,76,38,0,0,DOWN,663438255143,"L"
264507,76,38,0,0,UP,663494251843,"L"
264507,65,30,0,0,DOWN,663534236043,"A"
264507,65,30,0,0,UP,663582197743,"A"
264507,78,49,0,0,DOWN,663638277143,"N"
264507,78,49,0,0,UP,663694239443,"N"
264507,68,32,0,0,DOWN,663742282443,"D"
264507,70,33,0,0,DOWN,663838239443,"F"
264507,68,32,0,0,UP,663854291943,"D"
264507,70,33,0,0,UP,663910272843,"F"
264507,72,35,0,0,DOWN,663934300243,"H"
264507,72,35,0,0,UP,664038267143,"H"
264507,66,48,0,0,DOWN,664039157843,"B"
264507,85,22,0,0,DOWN,664134057543,"U"
264507,66,48,0,0,UP,664158281543,"B"
264507,82,19,0,0,DOWN,664238331243,"R"
264507,85,22,0,0,UP,664246404943,"U"
264507,71,34,0,0,DOWN,664342259143,"G"
264507,82,19,0,0,UP,664358195443,"R"
264507,69,18,0,0,DOWN,664438340743,"E"
264507,71,34,0,0,UP,664446249843,"G"
264507,78,49,0,0,DOWN,664542341943,"N"
264507,69,18,0,0,UP,664550330943,"E"
264507,78,49,0,0,UP,664598290443,"N"
264507,76,38,0,0,DOWN,664638289143,"L"
264507,76,38,0,0,UP,664694005743,"L"
264507,65,30,0,0,DOWN,664742220243,"A"
264507,65,30,0,0,UP,664782229743,"A"
264507,78,49,0,0,DOWN,664838293143,"N"
264507,78,49,0,0,UP,664902275943,"N"
264507,68,32,0,0,DOWN,664942423743,"D"
264507,70,33,0,0,DOWN,665038267243,"F"
264507,68,32,0,0,UP,665046264743,"D"
264507,70,33,0,0,UP,665102264943,"F"
264507,72,35,0,0,DOWN,665142295543,"H"
264507,72,35,0,0,UP,665238279343,"H"
264507,66,48,0,0,DOWN,665239008243,"B"
264507,85,22,0,0,DOWN,665334275943,"U"
264507,66,48,0,0,UP,665358272643,"B"
264507,82,19,0,0,DOWN,665438199843,"R"
264507,85,22,0,0,UP,665446344743,"U"
264507,71,34,0,0,DOWN,665534260643,"G"
264507,82,19,0,0,UP,665558315843,"R"
264507,69,18,0,0,DOWN,665638270043,"E"
264507,71,34,0,0,UP,665646331043,"G"
264507,69,18,0,0,UP,665734285743,"E"
264507,78,49,0,0,DOWN,665735020343,"N"
264507,78,49,0,0,UP,665798024643,"N"
264507,76,38,0,0,DOWN,665838269943,"L"
264507,76,38,0,0,UP,665894251543,"L"
264507,65,30,0,0,DOWN,665934259643,"A"
264507,65,30,0,0,UP,665982014243,"A"
264507,78,49,0,0,DOWN,666038292743,"N"
264507,78,49,0,0,UP,666094116343,"N"
264507,68,32,0,0,DOWN,666134230443,"D"
264507,70,33,0,0,DOWN,666238250443,"F"
264507,68,32,0,0,UP,666246030643,"D"
264507,70,33,0,0,UP,666310262843,"F"
264507,72,35,0,0,DOWN,666342234243,"H"
264507,72,35,0,0,UP,666437965543,"H"
264507,66,48,0,0,DOWN,666438540943,"B"
264507,85,22,0,0,DOWN,666542257543,"U"
264507,66,48,0,0,UP,666566067543,"B"
264507,85,22,0,0,UP,666638310243,"U"
264507,82,19,0,0,DOWN,666639048643,"R"
264507,71,34,0,0,DOWN,666742283243,"G"
264507,82,19,0,0,UP,666758314243,"R"
264507,69,18,0,0,DOWN,666838311343,"E"
264507,71,34,0,0,UP,666846291643,"G"
264507,78,49,0,0,DOWN,666942287843,"N"
264507,69,18,0,0,UP,666950157943,"E"
264507,78,49,0,0,UP,667006286243,"N"
264507,76,38,0,0,DOWN,667038321643,"L"
264507,76,38,0,0,UP,667094262143,"L"
264507,65,30,0,0,DOWN,667134334943,"A"
264507,65,30,0,0,UP,667182239243,"A"
264507,78,49,0,0,DOWN,667238281743,"N"
264507,78,49,0,0,UP,667302281943,"N"
264507,68,32,0,0,DOWN,667342271443,"D"
264507,70,33,0,0,DOWN,667438263143,"F"
264507,68,32,0,0,UP,667454245343,"D"
264507,70,33,0,0,UP,667510108843,"F"
264507,72,35,0,0,DOWN,667534104543,"H"
264507,66,48,0,0,DOWN,667638253443,"B"
264507,72,35,0,0,UP,667646247543,"H"
264507,85,22,0,0,DOWN,667734321043,"U"
264507,66,48,0,0,UP,667758271443,"B"
264507,82,19,0,0,DOWN,667838275743,"R"
264507,85,22,0,0,UP,667846312943,"U"
264507,71,34,0,0,DOWN,667934314843,"G"
264507,82,19,0,0,UP,667950153843,"R"
264507,69,18,0,0,DOWN,668038291343,"E"
264507,71,34,0,0,UP,668046301843,"G"
264507,69,18,0,0,UP,668134273743,"E"
264507,78,49,0,0,DOWN,668134840543,"N"
264507,78,49,0,0,UP,668198285643,"N"
264507,76,38,0,0,DOWN,668238238343,"L"
264507,76,38,0,0,UP,668294309143,"L"
264507,65,30,0,0,DOWN,668334352643,"A"
264507,65,30,0,0,UP,668382292943,"A"
264507,78,49,0,0,DOWN,668438303843,"N"
264507,78,49,0,0,UP,668502315343,"N"
264507,68,32,0,0,DOWN,668542332043,"D"
264507,70,33,0,0,DOWN,668638331043,"F"
264507,68,32,0,0,UP,668646235843,"D"
264507,70,33,0,0,UP,668710284043,"F"
264507,72,35,0,0,DOWN,668742300943,"H"
264507,66,48,0,0,DOWN,668838276543,"B"
264507,72,35,0,0,UP,668846419643,"H"
264507,85,22,0,0,DOWN,668942317243,"U"
264507,66,48,0,0,UP,668958271243,"B"
264507,82,19,0,0,DOWN,669038350143,"R"
264507,85,22,0,0,UP,669046294543,"U"
264507,71,34,0,0,DOWN,669142297043,"G"
264507,82,19,0,0,UP,669158300543,"R"
264507,69,18,0,0,DOWN,669238113043,"E"
264507,71,34,0,0,UP,669246018143,"G"
264507,78,49,0,0,DOWN,669341986043,"N"
264507,69,18,0,0,UP,669350290243,"E"
264507,78,49,0,0,UP,669398289343,"N"
264507,76,38,0,0,DOWN,669438282843,"L"
264507,76,38,0,0,UP,669494316943,"L"
264507,65,30,0,0,DOWN,669534122843,"A"
264507,65,30,0,0,UP,669582334543,"A"
264507,78,49,0,0,DOWN,669638351743,"N"
264507,78,49,0,0,UP,669702286543,"N"
264507,68,32,0,0,DOWN,669742317143,"D"
264507,70,33,0,0,DOWN,669838352343,"F"
264507,68,32,0,0,UP,669854280043,"D"
264507,70,33,0,0,UP,669918086643,"F"
264507,72,35,0,0,DOWN,669934095843,"H"
264507,66,48,0,0,DOWN,670038301643,"B"
264507,72,35,0,0,UP,670046279743,"H"
264507,85,22,0,0,DOWN,670134078643,"U"
264507,66,48,0,0,UP,670158273943,"B"
264507,82,19,0,0,DOWN,670238341643,"R"
264507,85,22,0,0,UP,670246323343,"U"
264507,71,34,0,0,DOWN,670334386343,"G"
264507,82,19,0,0,UP,670358329843,"R"
264507,69,18,0,0,DOWN,670438323743,"E"
264507,71,34,0,0,UP,670446304343,"G"
264507,69,18,0,0,UP,670534373943,"E"
264507,78,49,0,0,DOWN,670542356343,"N"
264507,78,49,0,0,UP,670606357343,"N"
264507,76,38,0,0,DOWN,670638321543,"L"
264507,76,38,0,0,UP,670694333743,"L"
264507,65,30,0,0,DOWN,670742324543,"A"
264507,65,30,0,0,UP,670782344843,"A"
264507,78,49,0,0,DOWN,670838057143,"N"
264507,78,49,0,0,UP,670902086643,"N"
264507,68,32,0,0,DOWN,670942333243,"D"
264507,70,33,0,0,DOWN,671038349743,"F"
264507,68,32,0,0,UP,671046339843,"D"
264507,70,33,0,0,UP,671118248043,"F"
264507,72,35,0,0,DOWN,671142343143,"H"
264507,66,48,0,0,DOWN,671238327443,"B"
264507,72,35,0,0,UP,671246395243,"H"
264507,85,22,0,0,DOWN,671342277243,"U"
264507,66,48,0,0,UP,671358288443,"B"
264507,82,19,0,0,DOWN,671438359243,"R"
264507,85,22,0,0,UP,671454102043,"U"
264507,71,34,0,0,DOWN,671542297043,"G"
264507,82,19,0,0,UP,671558272343,"R"
264507,69,18,0,0,DOWN,671638319143,"E"
264507,71,34,0,0,UP,671646297443,"G"
264507,78,49,0,0,DOWN,671734336643,"N"
264507,69,18,0,0,UP,671742279943,"E"
264507,78,49,0,0,UP,671798150143,"N"
264507,76,38,0,0,DOWN,671838296043,"L"
264507,76,38,0,0,UP,671894294143,"L"
264507,65,30,0,0,DOWN,671934306943,"A"
264507,65,30,0,0,UP,671990363143,"A"
264507,78,49,0,0,DOWN,672038284343,"N"
264507,78,49,0,0,UP,672094296843,"N"
264507,68,32,0,0,DOWN,672142118743,"D"
264507,70,33,0,0,DOWN,672238345043,"F"
264507,68,32,0,0,UP,672246319943,"D"
264507,70,33,0,0,UP,672310120943,"F"
264507,72,35,0,0,DOWN,672334394243,"H"
264507,72,35,0,0,UP,672438338043,"H"
264507,66,48,0,0,DOWN,672439190743,"B"
264507,85,22,0,0,DOWN,672542374743,"U"
264507,66,48,0,0,UP,672566341743,"B"
264507,82,19,0,0,DOWN,672638133243,"R"
264507,85,22,0,0,UP,672646352343,"U"
264507,71,34,0,0,DOWN,672742351243,"G"
264507,82,19,0,0,UP,672750356343,"R"
264507,69,18,0,0,DOWN,672838349143,"E"
264507,71,34,0,0,UP,672846331043,"G"
264507,69,18,0,0,UP,672942375643,"E"
264507,78,49,0,0,DOWN,672943377943,"N"
264507,78,49,0,0,UP,672998104043,"N"
264507,76,38,0,0,DOWN,673038415043,"L"
264507,76,38,0,0,UP,673102384043,"L"
264507,65,30,0,0,DOWN,673142294743,"A"
264507,65,30,0,0,UP,673182344843,"A"
264507,78,49,0,0,DOWN,673238337143,"N"
264507,78,49,0,0,UP,673294031043,"N"
264507,68,32,0,0,DOWN,673342208943,"D"
264507,70,33,0,0,DOWN,673438277043,"F"
264507,68,32,0,0,UP,673454095243,"D"
264507,70,33,0,0,UP,673510328343,"F"
264507,72,35,0,0,DOWN,673542298543,"H"
264507,72,35,0,0,UP,673638349143,"H"
264507,66,48,0,0,DOWN,673646322643,"B"
264507,85,22,0,0,DOWN,673734358843,"U"
264507,66,48,0,0,UP,673758367143,"B"
264507,82,19,0,0,DOWN,673838372443,"R"
264507,85,22,0,0,UP,673846371143,"U"
264507,71,34,0,0,DOWN,673934325443,"G"
264507,82,19,0,0,UP,673950292543,"R"
264507,69,18,0,0,DOWN,674038365543,"E"
264507,71,34,0,0,UP,674046448643,"G"
264507,78,49,0,0,DOWN,674134191943,"N"
264507,69,18,0,0,UP,674142339443,"E"
264507,78,49,0,0,UP,674206330543,"N"
264507,76,38,0,0,DOWN,674238342543,"L"
264507,76,38,0,0,UP,674294349743,"L"
264507,65,30,0,0,DOWN,674334111643,"A"
264507,65,30,0,0,UP,674382348043,"A"
264507,78,49,0,0,DOWN,674438350443,"N"
264507,78,49,0,0,UP,674502338043,"N"
264507,68,32,0,0,DOWN,674542391543,"D"
264507,70,33,0,0,DOWN,674638152143,"F"
264507,68,32,0,0,UP,674646383443,"D"
264507,70,33,0,0,UP,674710344343,"F"
264507,72,35,0,0,DOWN,674742366543,"H"
264507,66,48,0,0,DOWN,674838153243,"B"
264507,72,35,0,0,UP,674846076243,"H"
264507,85,22,0,0,DOWN,674942337443,"U"
264507,66,48,0,0,UP,674958057343,"B"
264507,82,19,0,0,DOWN,675038071643,"R"
264507,85,22,0,0,UP,675046345343,"U"
264507,71,34,0,0,DOWN,675142354743,"G"
264507,82,19,0,0,UP,675158331443,"R"
264507,69,18,0,0,DOWN,675238230543,"E"
264507,71,34,0,0,UP,675246333143,"G"
264507,69,18,0,0,UP,675342443643,"E"
264507,78,49,0,0,DOWN,675343247743,"N"
264507,78,49,0,0,UP,675398331243,"N"
264507,76,38,0,0,DOWN,675438027743,"L"
264507,76,38,0,0,UP,675494395643,"L"
264507,65,30,0,0,DOWN,675534339443,"A"
264507,65,30,0,0,UP,675582351743,"A"
264507,78,49,0,0,DOWN,675638136043,"N"
264507,78,49,0,0,UP,675694394243,"N"
264507,68,32,0,0,DOWN,675742344343,"D"
264507,70,33,0,0,DOWN,675838095843,"F"
264507,68,32,0,0,UP,675854513243,"D"
264507,70,33,0,0,UP,675910370043,"F"
264507,72,35,0,0,DOWN,675934380743,"H"
264507,72,35,0,0,UP,676038218643,"H"
264507,66,48,0,0,DOWN,676039268443,"B"
264507,85,22,0,0,DOWN,676134372143,"U"
264507,66,48,0,0,UP,676158316643,"B"
264507,82,19,0,0,DOWN,676238322943,"R"
264507,85,22,0,0,UP,676246366243,"U"
264507,71,34,0,0,DOWN,676334355443,"G"
264507,82,19,0,0,UP,676350360143,"R"
264507,69,18,0,0,DOWN,676438461743,"E"
264507,71,34,0,0,UP,676446161643,"G"
264507,78,49,0,0,DOWN,676542319043,"N"
264507,69,18,0,0,UP,676550340043,"E"
264507,78,49,0,0,UP,676598342643,"N"
264507,76,38,0,0,DOWN,676638421243,"L"
264507,76,38,0,0,UP,676702350843,"L"
264507,65,30,0,0,DOWN,676742345543,"A"
264507,65,30,0,0,UP,676782357043,"A"
264507,78,49,0,0,DOWN,676838256143,"N"
264507,78,49,0,0,UP,676894396843,"N"
264507,68,32,0,0,DOWN,676942349343,"D"
264507,70,33,0,0,DOWN,677038512843,"F"
264507,68,32,0,0,UP,677046359643,"D"
264507,70,33,0,0,UP,677118401343,"F"
264507,72,35,0,0,DOWN,677142398043,"H"
264507,72,35,0,0,UP,677238357443,"H"
264507,66,48,0,0,DOWN,677246369543,"B"
264507,85,22,0,0,DOWN,677342351243,"U"
264507,66,48,0,0,UP,677358406043,"B"
264507,82,19,0,0,DOWN,677438386143,"R"
264507,85,22,0,0,UP,677454375043,"U"
264507,71,34,0,0,DOWN,677542389543,"G"
264507,82,19,0,0,UP,677558365743,"R"
264507,69,18,0,0,DOWN,677638361943,"E"
264507,71,34,0,0,UP,677646145843,"G"
264507,69,18,0,0,UP,677734416743,"E"
264507,78,49,0,0,DOWN,677735339843,"N"
264507,78,49,0,0,UP,677798383843,"N"
264507,76,38,0,0,DOWN,677838395143,"L"
264507,76,38,0,0,UP,677894361443,"L"
264507,65,30,0,0,DOWN,677934371443,"A"
264507,65,30,0,0,UP,677982384743,"A"
264507,78,49,0,0,DOWN,678038361643,"N"
264507,78,49,0,0,UP,678094383043,"N"
264507,68,32,0,0,DOWN,678142386343,"D"
264507,70,33,0,0,DOWN,678238391143,"F"
264507,68,32,0,0,UP,678246398543,"D"
264507,70,33,0,0,UP,678310404143,"F"
264507,72,35,0,0,DOWN,678334379643,"H"
264507,72,35,0,0,UP,678438382143,"H"
264507,66,48,0,0,DOWN,678439312843,"B"
264507,85,22,0,0,DOWN,678542299943,"U"
264507,66,48,0,0,UP,678550412143,"B"
264507,82,19,0,0,DOWN,678638358643,"R"
264507,85,22,0,0,UP,678646381943,"U"
264507,71,34,0,0,DOWN,678742371843,"G"
264507,82,19,0,0,UP,678750421943,"R"
264507,69,18,0,0,DOWN,678838389343,"E"
264507,71,34,0,0,UP,678846353443,"G"
264507,78,49,0,0,DOWN,678942158043,"N"
264507,69,18,0,0,UP,678950379143,"E"
264507,78,49,0,0,UP,678998371043,"N"
264507,76,38,0,0,DOWN,679038382743,"L"
264507,76,38,0,0,UP,679102372543,"L"
264507,65,30,0,0,DOWN,679142353343,"A"
264507,65,30,0,0,UP,679182391843,"A"
264507,78,49,0,0,DOWN,679238159443,"N"
264507,78,49,0,0,UP,679286354143,"N"
264507,68,32,0,0,DOWN,679342364143,"D"
264507,70,33,0,0,DOWN,679438106243,"F"
264507,68,32,0,0,UP,679454375743,"D"
264507,70,33,0,0,UP,679510151543,"F"
264507,72,35,0,0,DOWN,679542371443,"H"
264507,72,35,0,0,UP,679638398043,"H"
264507,66,48,0,0,DOWN,679639382443,"B"
264507,85,22,0,0,DOWN,679734363943,"U"
264507,66,48,0,0,UP,679758164143,"B"
264507,82,19,0,0,DOWN,679838387843,"R"
264507,85,22,0,0,UP,679846351143,"U"
264507,71,34,0,0,DOWN,679934402743,"G"
264507,82,19,0,0,UP,679958254543,"R"
264507,69,18,0,0,DOWN,680038389643,"E"
264507,71,34,0,0,UP,680046169243,"G"
264507,69,18,0,0,UP,680134436643,"E"
264507,78,49,0,0,DOWN,680135415043,"N"
264507,78,49,0,0,UP,680198389743,"N"
264507,76,38,0,0,DOWN,680238460543,"L"
264507,76,38,0,0,UP,680294376043,"L"
264507,65,30,0,0,DOWN,680334390843,"A"
264507,65,30,0,0,UP,680374232743,"A"
264507,78,49,0,0,DOWN,680438117043,"N"
264507,78,49,0,0,UP,680494194943,"N"
264507,68,32,0,0,DOWN,680534395643,"D"
264507,70,33,0,0,DOWN,680638394643,"F"
264507,68,32,0,0,UP,680646394943,"D"
264507,70,33,0,0,UP,680710418743,"F"
264507,72,35,0,0,DOWN,680742163743,"H"
264507,66,48,0,0,DOWN,680838320243,"B"
264507,72,35,0,0,UP,680846439743,"H"
264507,85,22,0,0,DOWN,680942144343,"U"
264507,66,48,0,0,UP,680958354043,"B"
264507,82,19,0,0,DOWN,681038218143,"R"
264507,85,22,0,0,UP,681046391443,"U"
264507,71,34,0,0,DOWN,681142166843,"G"
264507,82,19,0,0,UP,681158577143,"R"
264507,69,18,0,0,DOWN,681238407643,"E"
264507,71,34,0,0,UP,681246383343,"G"
264507,69,18,0,0,UP,681342286043,"E"
264507,78,49,0,0,DOWN,681343036943,"N"
264507,78,49,0,0,UP,681398165843,"N"
264507,76,38,0,0,DOWN,681438131243,"L"
264507,76,38,0,0,UP,681494348243,"L"
264507,65,30,0,0,DOWN,681534207543,"A"
264507,65,30,0,0,UP,681582362543,"A"
264507,78,49,0,0,DOWN,681638431243,"N"
264507,78,49,0,0,UP,681678363243,"N"
264507,68,32,0,0,DOWN,681742184443,"D"
264507,70,33,0,0,DOWN,681838395643,"F"
264507,68,32,0,0,UP,681854403943,"D"
264507,70,33,0,0,UP,681910168843,"F"
264507,72,35,0,0,DOWN,681934350343,"H"
264507,66,48,0,0,DOWN,682038431843,"B"
264507,72,35,0,0,UP,682046389643,"H"
264507,85,22,0,0,DOWN,682134415443,"U"
264507,66,48,0,0,UP,682158451343,"B"
264507,82,19,0,0,DOWN,682238396243,"R"
264507,85,22,0,0,UP,682246396243,"U"
264507,71,34,0,0,DOWN,682334433743,"G"
264507,82,19,0,0,UP,682358418643,"R"
264507,69,18,0,0,DOWN,682438255443,"E"
264507,71,34,0,0,UP,682446123143,"G"
264507,69,18,0,0,UP,682534380043,"E"
264507,78,49,0,0,DOWN,682542602143,"N"
264507,78,49,0,0,UP,682590213543,"N"
264507,76,38,0,0,DOWN,682638391643,"L"
264507,76,38,0,0,UP,682694385743,"L"
264507,65,30,0,0,DOWN,682734467543,"A"
264507,65,30,0,0,UP,682774457543,"A"
264507,78,49,0,0,DOWN,682838445543,"N"
264507,78,49,0,0,UP,682894448543,"N"
264507,68,32,0,0,DOWN,682942502543,"D"
264507,70,33,0,0,DOWN,683038404843,"F"
264507,68,32,0,0,UP,683046388943,"D"
264507,70,33,0,0,UP,683110197443,"F"
264507,72,35,0,0,DOWN,683142426643,"H"
264507,66,48,0,0,DOWN,683238406943,"B"
264507,72,35,0,0,UP,683246109743,"H"
264507,85,22,0,0,DOWN,683342425843,"U"
264507,66,48,0,0,UP,683358423643,"B"
264507,82,19,0,0,DOWN,683438481143,"R"
264507,85,22,0,0,UP,683446380143,"U"
264507,71,34,0,0,DOWN,683542406043,"G"
264507,82,19,0,0,UP,683558445743,"R"
264507,69,18,0,0,DOWN,683638482643,"E"
264507,71,34,0,0,UP,683646446143,"G"
264507,69,18,0,0,UP,683734487443,"E"
264507,78,49,0,0,DOWN,683742451543,"N"
264507,78,49,0,0,UP,683798384443,"N"
264507,76,38,0,0,DOWN,683838395843,"L"
264507,76,38,0,0,UP,683902429343,"L"
264507,65,30,0,0,DOWN,683934394143,"A"
264507,65,30,0,0,UP,683982394443,"A"
264507,78,49,0,0,DOWN,684038233143,"N"
264507,78,49,0,0,UP,684078394443,"N"
264507,68,32,0,0,DOWN,684142453243,"D"
264507,70,33,0,0,DOWN,684238450843,"F"
264507,68,32,0,0,UP,684254413443,"D"
264507,70,33,0,0,UP,684310487943,"F"
264507,72,35,0,0,DOWN,684334434043,"H"
264507,66,48,0,0,DOWN,684438429343,"B"
264507,72,35,0,0,UP,684446247443,"H"
264507,85,22,0,0,DOWN,684534141843,"U"
264507,66,48,0,0,UP,684558434443,"B"
264507,82,19,0,0,DOWN,684638479343,"R"
264507,85,22,0,0,UP,684646201843,"U"
264507,71,34,0,0,DOWN,684734466443,"G"
264507,82,19,0,0,UP,684758443043,"R"
264507,69,18,0,0,DOWN,684838418343,"E"
264507,71,34,0,0,UP,684846275143,"G"
264507,78,49,0,0,DOWN,684934429243,"N"
264507,69,18,0,0,UP,684942398843,"E"
264507,78,49,0,0,UP,684990406343,"N"
264507,76,38,0,0,DOWN,685038414743,"L"
264507,76,38,0,0,UP,685094529543,"L"
264507,65,30,0,0,DOWN,685134462043,"A"
264507,65,30,0,0,UP,685182406543,"A"
264507,78,49,0,0,DOWN,685238396943,"N"
264507,78,49,0,0,UP,685294577743,"N"
264507,68,32,0,0,DOWN,685342433143,"D"
264507,70,33,0,0,DOWN,685438416643,"F"
264507,68,32,0,0,UP,685446286943,"D"
264507,70,33,0,0,UP,685510431643,"F"
264507,72,35,0,0,DOWN,685542439243,"H"
264507,72,35,0,0,UP,685638467343,"H"
264507,66,48,0,0,DOWN,685639465243,"B"
264507,85,22,0,0,DOWN,685742480843,"U"
264507,66,48,0,0,UP,685758451543,"B"
264507,82,19,0,0,DOWN,685838465343,"R"
264507,85,22,0,0,UP,685846385843,"U"
264507,71,34,0,0,DOWN,685942423543,"G"
264507,82,19,0,0,UP,685958444743,"R"
264507,71,34,0,0,UP,686038474143,"G"
264507,69,18,0,0,DOWN,686039038943,"E"
264507,69,18,0,0,UP,686142409243,"E"
264507,78,49,0,0,DOWN,686143029743,"N"
264507,78,49,0,0,UP,686198407443,"N"
264507,76,38,0,0,DOWN,686238451743,"L"
264507,76,38,0,0,UP,686302451243,"L"
264507,65,30,0,0,DOWN,686334435243,"A"
264507,65,30,0,0,UP,686382511643,"A"
264507,78,49,0,0,DOWN,686438428243,"N"
264507,78,49,0,0,UP,686478653043,"N"
264507,68,32,0,0,DOWN,686542402243,"D"
264507,70,33,0,0,DOWN,686638210143,"F"
264507,68,32,0,0,UP,686654432643,"D"
264507,70,33,0,0,UP,686710456843,"F"
264507,72,35,0,0,DOWN,686734420643,"H"
264507,66,48,0,0,DOWN,686838421443,"B"
264507,72,35,0,0,UP,686846500643,"H"
264507,85,22,0,0,DOWN,686934443343,"U"
264507,66,48,0,0,UP,686958635243,"B"
264507,82,19,0,0,DOWN,687038464443,"R"
264507,85,22,0,0,UP,687046252743,"U"
264507,71,34,0,0,DOWN,687134218443,"G"
264507,82,19,0,0,UP,687150470343,"R"
264507,69,18,0,0,DOWN,687238455343,"E"
264507,71,34,0,0,UP,687246372143,"G"
264507,78,49,0,0,DOWN,687334503743,"N"
264507,69,18,0,0,UP,687342497243,"E"
264507,78,49,0,0,UP,687390459443,"N"
264507,76,38,0,0,DOWN,687438555843,"L"
264507,76,38,0,0,UP,687494428143,"L"
264507,65,30,0,0,DOWN,687542473443,"A"
264507,65,30,0,0,UP,687582277143,"A"
264507,78,49,0,0,DOWN,687638481043,"N"
264507,78,49,0,0,UP,687686474243,"N"
264507,68,32,0,0,DOWN,687742474143,"D"
264507,70,33,0,0,DOWN,687838436943,"F"
264507,68,32,0,0,UP,687846399743,"D"
264507,70,33,0,0,UP,687910480143,"F"
264507,72,35,0,0,DOWN,687942242443,"H"
264507,72,35,0,0,UP,688038485643,"H"
264507,66,48,0,0,DOWN,688039287243,"B"
264507,85,22,0,0,DOWN,688142477543,"U"
264507,66,48,0,0,UP,688158509343,"B"
264507,82,19,0,0,DOWN,688238565143,"R"
264507,85,22,0,0,UP,688246549143,"U"
264507,71,34,0,0,DOWN,688342489643,"G"
264507,82,19,0,0,UP,688358499643,"R"
264507,71,34,0,0,UP,688438513843,"G"
264507,69,18,0,0,DOWN,688439383043,"E"
264507,69,18,0,0,UP,688542481543,"E"
264507,78,49,0,0,DOWN,688543421043,"N"
264507,78,49,0,0,UP,688598187443,"N"
264507,76,38,0,0,DOWN,688638528343,"L"
264507,76,38,0,0,UP,688694504443,"L"
264507,65,30,0,0,DOWN,688734191843,"A"
264507,65,30,0,0,UP,688782498343,"A"
264507,78,49,0,0,DOWN,688838491043,"N"
264507,78,49,0,0,UP,688886501643,"N"
264507,68,32,0,0,DOWN,688942476843,"D"
264507,70,33,0,0,DOWN,689038497743,"F"
264507,68,32,0,0,UP,689054486943,"D"
264507,70,33,0,0,UP,689110466243,"F"
264507,72,35,0,0,DOWN,689134520543,"H"
264507,72,35,0,0,UP,689238472343,"H"
264507,66,48,0,0,DOWN,689239313043,"B"
264507,85,22,0,0,DOWN,689334227843,"U"
264507,66,48,0,0,UP,689358437143,"B"
264507,82,19,0,0,DOWN,689438499743,"R"
264507,85,22,0,0,UP,689446426343,"U"
264507,71,34,0,0,DOWN,689534468543,"G"
264507,82,19,0,0,UP,689550455543,"R"
264507,69,18,0,0,DOWN,689638518143,"E"
264507,71,34,0,0,UP,689646482843,"G"
264507,69,18,0,0,UP,689742554543,"E"
264507,78,49,0,0,DOWN,689743288943,"N"
264507,78,49,0,0,UP,689790484643,"N"
264507,76,38,0,0,DOWN,689838540643,"L"
264507,76,38,0,0,UP,689902489443,"L"
264507,65,30,0,0,DOWN,689942485643,"A"
264507,65,30,0,0,UP,689982344943,"A"
264507,78,49,0,0,DOWN,690038471043,"N"
264507,78,49,0,0,UP,690094618543,"N"
264507,68,32,0,0,DOWN,690142464943,"D"
264507,70,33,0,0,DOWN,690238487443,"F"
264507,68,32,0,0,UP,690246475443,"D"
264507,70,33,0,0,UP,690318493443,"F"
264507,72,35,0,0,DOWN,690342473043,"H"
264507,72,35,0,0,UP,690438478343,"H"
264507,66,48,0,0,DOWN,690439458643,"B"
264507,85,22,0,0,DOWN,690542210543,"U"
264507,66,48,0,0,UP,690558496443,"B"
264507,82,19,0,0,DOWN,690638519143,"R"
264507,85,22,0,0,UP,690654454543,"U"
264507,71,34,0,0,DOWN,690742509343,"G"
264507,82,19,0,0,UP,690758493143,"R"
264507,71,34,0,0,UP,690838451643,"G"
264507,69,18,0,0,DOWN,690839196443,"E"
264507,78,49,0,0,DOWN,690934481643,"N"
264507,69,18,0,0,UP,690942446243,"E"
264507,78,49,0,0,UP,690998624743,"N"
264507,76,38,0,0,DOWN,691038251243,"L"
264507,76,38,0,0,UP,691094530743,"L"
264507,65,30,0,0,DOWN,691134472243,"A"
264507,65,30,0,0,UP,691182289443,"A"
264507,78,49,0,0,DOWN,691238491543,"N"
264507,78,49,0,0,UP,691278529243,"N"
264507,68,32,0,0,DOWN,691342485043,"D"
264507,70,33,0,0,DOWN,691438505043,"F"
264507,68,32,0,0,UP,691454490443,"D"
264507,70,33,0,0,UP,691510478543,"F"
264507,72,35,0,0,DOWN,691534441843,"H"
264507,72,35,0,0,UP,691630519843,"H"
264507,66,48,0,0,DOWN,691638486043,"B"
264507,85,22,0,0,DOWN,691742544943,"U"
264507,66,48,0,0,UP,691750210643,"B"
264507,82,19,0,0,DOWN,691838542743,"R"
264507,85,22,0,0,UP,691846246843,"U"
264507,71,34,0,0,DOWN,691942495743,"G"
264507,82,19,0,0,UP,691958459943,"R"
264507,71,34,0,0,UP,692038535643,"G"
264507,69,18,0,0,DOWN,692039210743,"E"
264507,78,49,0,0,DOWN,692142510343,"N"
264507,69,18,0,0,UP,692150335643,"E"
264507,78,49,0,0,UP,692198516743,"N"
264507,76,38,0,0,DOWN,692238459943,"L"
264507,76,38,0,0,UP,692302510743,"L"
264507,65,30,0,0,DOWN,692342519143,"A"
264507,65,30,0,0,UP,692382592643,"A"
264507,78,49,0,0,DOWN,692438483143,"N"
264507,78,49,0,0,UP,692486471043,"N"
264507,68,32,0,0,DOWN,692542552943,"D"
264507,70,33,0,0,DOWN,692638491643,"F"
264507,68,32,0,0,UP,692654517543,"D"
264507,70,33,0,0,UP,692710504943,"F"
264507,72,35,0,0,DOWN,692742513143,"H"
264507,72,35,0,0,UP,692838524143,"H"
264507,66,48,0,0,DOWN,692839345843,"B"
264507,85,22,0,0,DOWN,692934421043,"U"
264507,66,48,0,0,UP,692958495343,"B"
264507,82,19,0,0,DOWN,693038545543,"R"
264507,85,22,0,0,UP,693046455943,"U"
264507,71,34,0,0,DOWN,693134261343,"G"
264507,82,19,0,0,UP,693158498743,"R"
264507,69,18,0,0,DOWN,693238494243,"E"
264507,71,34,0,0,UP,693246501643,"G"
264507,78,49,0,0,DOWN,693334261843,"N"
264507,69,18,0,0,UP,693342471143,"E"
264507,78,49,0,0,UP,693398492743,"N"
264507,76,38,0,0,DOWN,693438480243,"L"
264507,76,38,0,0,UP,693494533143,"L"
264507,65,30,0,0,DOWN,693534284043,"A"
264507,65,30,0,0,UP,693582479843,"A"
264507,78,49,0,0,DOWN,693638287543,"N"
264507,78,49,0,0,UP,693686314343,"N"
264507,68,32,0,0,DOWN,693734290443,"D"
264507,70,33,0,0,DOWN,693838529543,"F"
264507,68,32,0,0,UP,693846520743,"D"
264507,70,33,0,0,UP,693910522443,"F"
264507,72,35,0,0,DOWN,693942548943,"H"
264507,72,35,0,0,UP,694038554343,"H"
264507,66,48,0,0,DOWN,694039426843,"B"
264507,85,22,0,0,DOWN,694142524043,"U"
264507,66,48,0,0,UP,694158535343,"B"
264507,82,19,0,0,DOWN,694238537443,"R"
264507,85,22,0,0,UP,694246542143,"U"
264507,71,34,0,0,DOWN,694342537043,"G"
264507,82,19,0,0,UP,694350511443,"R"
264507,69,18,0,0,DOWN,694438491743,"E"
264507,71,34,0,0,UP,694446175043,"G"
264507,69,18,0,0,UP,694542529243,"E"
264507,78,49,0,0,DOWN,694543257443,"N"
264507,78,49,0,0,UP,694598521243,"N"
264507,76,38,0,0,DOWN,694638498143,"L"
264507,76,38,0,0,UP,694694512843,"L"
264507,65,30,0,0,DOWN,694742489743,"A"
264507,65,30,0,0,UP,694782515843,"A"
264507,78,49,0,0,DOWN,694838543543,"N"
264507,78,49,0,0,UP,694894650943,"N"
264507,68,32,0,0,DOWN,694942245443,"D"
264507,70,33,0,0,DOWN,695038470343,"F"
264507,68,32,0,0,UP,695054552143,"D"
264507,70,33,0,0,UP,695118729343,"F"
264507,72,35,0,0,DOWN,695142537143,"H"
264507,72,35,0,0,UP,695238402843,"H"
264507,66,48,0,0,DOWN,695239333843,"B"
264507,85,22,0,0,DOWN,695334631543,"U"
264507,66,48,0,0,UP,695358525443,"B"
264507,82,19,0,0,DOWN,695438552243,"R"
264507,85,22,0,0,UP,695446521743,"U"
264507,71,34,0,0,DOWN,695534660543,"G"
264507,82,19,0,0,UP,695558487443,"R"
264507,71,34,0,0,UP,695638569543,"G"
264507,69,18,0,0,DOWN,695639427843,"E"
264507,69,18,0,0,UP,695734333043,"E"
264507,78,49,0,0,DOWN,695735222343,"N"
264507,78,49,0,0,UP,695798517443,"N"
264507,76,38,0,0,DOWN,695838555743,"L"
264507,76,38,0,0,UP,695894516743,"L"
264507,65,30,0,0,DOWN,695934537043,"A"
264507,65,30,0,0,UP,695982512743,"A"
264507,78,49,0,0,DOWN,696038507443,"N"
264507,78,49,0,0,UP,696086384543,"N"
264507,68,32,0,0,DOWN,696134516543,"D"
264507,70,33,0,0,DOWN,696238523543,"F"
264507,68,32,0,0,UP,696246443543,"D"
264507,70,33,0,0,UP,696310494343,"F"
264507,72,35,0,0,DOWN,696342513743,"H"
264507,72,35,0,0,UP,696438182843,"H"
264507,66,48,0,0,DOWN,696439067243,"B"
264507,85,22,0,0,DOWN,696542489243,"U"
264507,66,48,0,0,UP,696550467443,"B"
264507,82,19,0,0,DOWN,696638469043,"R"
264507,85,22,0,0,UP,696646230643,"U"
264507,71,34,0,0,DOWN,696742535043,"G"
264507,82,19,0,0,UP,696758538243,"R"
264507,69,18,0,0,DOWN,696838588743,"E"
264507,71,34,0,0,UP,696846538143,"G"
264507,78,49,0,0,DOWN,696942538443,"N"
264507,69,18,0,0,UP,696950557043,"E"
264507,78,49,0,0,UP,696998499443,"N"
264507,76,38,0,0,DOWN,697038529443,"L"
264507,76,38,0,0,UP,697094530043,"L"
264507,65,30,0,0,DOWN,697134552643,"A"
264507,65,30,0,0,UP,697182352143,"A"
264507,78,49,0,0,DOWN,697238516343,"N"
264507,78,49,0,0,UP,697294651043,"N"
264507,68,32,0,0,DOWN,697342558543,"D"
264507,70,33,0,0,DOWN,697438493943,"F"
264507,68,32,0,0,UP,697454223343,"D"
264507,70,33,0,0,UP,697518580543,"F"
264507,72,35,0,0,DOWN,697534513443,"H"
264507,66,48,0,0,DOWN,697638539443,"B"
264507,72,35,0,0,UP,697646551643,"H"
264507,85,22,0,0,DOWN,697734556543,"U"
264507,66,48,0,0,UP,697758573843,"B"
264507,82,19,0,0,DOWN,697838558043,"R"
264507,85,22,0,0,UP,697846548343,"U"
264507,71,34,0,0,DOWN,697934551543,"G"
264507,82,19,0,0,UP,697958545743,"R"
264507,71,34,0,0,UP,698046583143,"G"
264507,69,18,0,0,DOWN,698047574143,"E"
264507,69,18,0,0,UP,698134535743,"E"
264507,78,49,0,0,DOWN,698142558843,"N"
264507,78,49,0,0,UP,698198514243,"N"
264507,76,38,0,0,DOWN,698238562343,"L"
264507,76,38,0,0,UP,698294552443,"L"
264507,65,30,0,0,DOWN,698334306943,"A"
264507,65,30,0,0,UP,698382568143,"A"
264507,78,49,0,0,DOWN,698438519543,"N"
264507,78,49,0,0,UP,698486672943,"N"
264507,68,32,0,0,DOWN,698542543343,"D"
264507,70,33,0,0,DOWN,698638591743,"F"
264507,68,32,0,0,UP,698646449343,"D"
264507,70,33,0,0,UP,698710530043,"F"
264507,72,35,0,0,DOWN,698742575043,"H"
264507,72,35,0,0,UP,698838528543,"H"
264507,66,48,0,0,DOWN,698839216743,"B"
264507,85,22,0,0,DOWN,698942534043,"U"
264507,66,48,0,0,UP,698958519843,"B"
264507,85,22,0,0,UP,699038362143,"U"
264507,82,19,0,0,DOWN,699039137943,"R"
264507,71,34,0,0,DOWN,699142456943,"G"
264507,82,19,0,0,UP,699158541243,"R"
264507,69,18,0,0,DOWN,699238260743,"E"
264507,71,34,0,0,UP,699246536843,"G"
264507,78,49,0,0,DOWN,699342551743,"N"
264507,69,18,0,0,UP,699350245343,"E"
264507,78,49,0,0,UP,699398544043,"N"
264507,76,38,0,0,DOWN,699438315343,"L"
264507,76,38,0,0,UP,699494544843,"L"
264507,65,30,0,0,DOWN,699534536743,"A"
264507,65,30,0,0,UP,699582537643,"A"
264507,78,49,0,0,DOWN,699638324943,"N"
264507,78,49,0,0,UP,699694556743,"N"
264507,68,32,0,0,DOWN,699742548543,"D"
264507,70,33,0,0,DOWN,699838318043,"F"
264507,68,32,0,0,UP,699854579943,"D"
264507,70,33,0,0,UP,699910556543,"F"
264507,72,35,0,0,DOWN,699934430643,"H"
264507,72,35,0,0,UP,700038317343,"H"
264507,66,48,0,0,DOWN,700039241543,"B"
264507,85,22,0,0,DOWN,700134542643,"U"
264507,66,48,0,0,UP,700158569843,"B"
264507,82,19,0,0,DOWN,700238391543,"R"
264507,85,22,0,0,UP,700246543743,"U"
264507,71,34,0,0,DOWN,700334547943,"G"
264507,82,19,0,0,UP,700350541543,"R"
264507,71,34,0,0,UP,700446575543,"G"
264507,69,18,0,0,DOWN,700447330943,"E"
264507,78,49,0,0,DOWN,700534531543,"N"
264507,69,18,0,0,UP,700542483343,"E"
264507,78,49,0,0,UP,700598556143,"N"
264507,76,38,0,0,DOWN,700638675543,"L"
264507,76,38,0,0,UP,700694542643,"L"
264507,65,30,0,0,DOWN,700742620143,"A"
264507,65,30,0,0,UP,700782542143,"A"
264507,78,49,0,0,DOWN,700838419343,"N"
264507,78,49,0,0,UP,700894556543,"N"
264507,68,32,0,0,DOWN,700942621943,"D"
264507,70,33,0,0,DOWN,701038630443,"F"
264507,68,32,0,0,UP,701046577043,"D"
264507,70,33,0,0,UP,701110575043,"F"
264507,72,35,0,0,DOWN,701142585943,"H"
264507,72,35,0,0,UP,701238695343,"H"
264507,66,48,0,0,DOWN,701239624043,"B"
264507,85,22,0,0,DOWN,701342605043,"U"
264507,66,48,0,0,UP,701358551843,"B"
264507,85,22,0,0,UP,701438607643,"U"
264507,82,19,0,0,DOWN,701439201943,"R"
264507,71,34,0,0,DOWN,701542556443,"G"
264507,82,19,0,0,UP,701558507143,"R"
264507,69,18,0,0,DOWN,701638550743,"E"
264507,71,34,0,0,UP,701646540743,"G"
264507,78,49,0,0,DOWN,701742459643,"N"
264507,69,18,0,0,UP,701750542243,"E"
264507,78,49,0,0,UP,701798565443,"N"
264507,76,38,0,0,DOWN,701838621243,"L"
264507,76,38,0,0,UP,701894340143,"L"
264507,65,30,0,0,DOWN,701934602443,"A"
264507,65,30,0,0,UP,701982593043,"A"
264507,78,49,0,0,DOWN,702038554143,"N"
264507,78,49,0,0,UP,702086546043,"N"
264507,68,32,0,0,DOWN,702142567943,"D"
264507,70,33,0,0,DOWN,702238567343,"F"
264507,68,32,0,0,UP,702246563843,"D"
264507,70,33,0,0,UP,702318630743,"F"
264507,72,35,0,0,DOWN,702334579043,"H"
264507,72,35,0,0,UP,702430602743,"H"
264507,66,48,0,0,DOWN,702438580043,"B"
264507,85,22,0,0,DOWN,702534567243,"U"
264507,66,48,0,0,UP,702558519343,"B"
264507,82,19,0,0,DOWN,702638603243,"R"
264507,85,22,0,0,UP,702646604843,"U"
264507,71,34,0,0,DOWN,702734585543,"G"
264507,82,19,0,0,UP,702750615843,"R"
264507,69,18,0,0,DOWN,702838595843,"E"
264507,71,34,0,0,UP,702846325943,"G"
264507,78,49,0,0,DOWN,702934636543,"N"
264507,69,18,0,0,UP,702942587343,"E"
264507,78,49,0,0,UP,702998563643,"N"
264507,76,38,0,0,DOWN,703038611243,"L"
264507,76,38,0,0,UP,703086317543,"L"
264507,65,30,0,0,DOWN,703142536543,"A"
264507,65,30,0,0,UP,703182587943,"A"
264507,78,49,0,0,DOWN,703238615943,"N"
264507,78,49,0,0,UP,703294566743,"N"
264507,68,32,0,0,DOWN,703342612443,"D"
264507,70,33,0,0,DOWN,703438593943,"F"
264507,68,32,0,0,UP,703446652543,"D"
264507,70,33,0,0,UP,703518640643,"F"
264507,72,35,0,0,DOWN,703542564543,"H"
264507,72,35,0,0,UP,703638574843,"H"
264507,66,48,0,0,DOWN,703639185343,"B"
264507,85,22,0,0,DOWN,703742397443,"U"
264507,66,48,0,0,UP,703758321343,"B"
264507,82,19,0,0,DOWN,703838604643,"R"
264507,85,22,0,0,UP,703846583443,"U"
264507,71,34,0,0,DOWN,703942594243,"G"
264507,82,19,0,0,UP,703958326843,"R"
264507,69,18,0,0,DOWN,704038598443,"E"
264507,71,34,0,0,UP,704046662043,"G"
264507,78,49,0,0,DOWN,704142574443,"N"
264507,69,18,0,0,UP,704150555943,"E"
264507,78,49,0,0,UP,704198576643,"N"
264507,76,38,0,0,DOWN,704238559043,"L"
264507,76,38,0,0,UP,704294579843,"L"
264507,65,30,0,0,DOWN,704334566343,"A"
264507,65,30,0,0,UP,704382552643,"A"
264507,78,49,0,0,DOWN,704438571243,"N"
264507,78,49,0,0,UP,704486587243,"N"
264507,68,32,0,0,DOWN,704542386743,"D"
264507,70,33,0,0,DOWN,704638626843,"F"
264507,68,32,0,0,UP,704654614143,"D"
264507,70,33,0,0,UP,704718614043,"F"
264507,72,35,0,0,DOWN,704734588143,"H"
264507,72,35,0,0,UP,704838624943,"H"
264507,66,48,0,0,DOWN,704839645143,"B"
264507,85,22,0,0,DOWN,704934622043,"U"
264507,66,48,0,0,UP,704958467943,"B"
264507,82,19,0,0,DOWN,705038662443,"R"
264507,85,22,0,0,UP,705046583143,"U"
264507,71,34,0,0,DOWN,705134607143,"G"
264507,82,19,0,0,UP,705150599643,"R"
264507,69,18,0,0,DOWN,705238601343,"E"
264507,71,34,0,0,UP,705246606043,"G"
264507,69,18,0,0,UP,705342400743,"E"
264507,78,49,0,0,DOWN,705343226343,"N"
264507,78,49,0,0,UP,705398608843,"N"
264507,76,38,0,0,DOWN,705438594743,"L"
264507,76,38,0,0,UP,705494563743,"L"
264507,65,30,0,0,DOWN,705542462543,"A"
264507,65,30,0,0,UP,705582589443,"A"
264507,78,49,0,0,DOWN,705638627643,"N"
264507,78,49,0,0,UP,705702284343,"N"
264507,68,32,0,0,DOWN,705742415143,"D"
264507,68,32,0,0,UP,705838614043,"D"
264507,70,33,0,0,DOWN,705839637343,"F"
264507,70,33,0,0,UP,705918376843,"F"
264507,72,35,0,0,DOWN,705942344043,"H"
264507,72,35,0,0,UP,706038665743,"H"
264507,66,48,0,0,DOWN,706039469743,"B"
264507,85,22,0,0,DOWN,706142615043,"U"
264507,66,48,0,0,UP,706158701543,"B"
264507,82,19,0,0,DOWN,706238631543,"R"
264507,85,22,0,0,UP,706254593043,"U"
264507,71,34,0,0,DOWN,706342719643,"G"
264507,82,19,0,0,UP,706358569943,"R"
264507,69,18,0,0,DOWN,706438601243,"E"
264507,71,34,0,0,UP,706454596143,"G"
264507,78,49,0,0,DOWN,706534612643,"N"
264507,69,18,0,0,UP,706542423743,"E"
264507,78,49,0,0,UP,706598584643,"N"
264507,76,38,0,0,DOWN,706638656143,"L"
264507,76,38,0,0,UP,706686674943,"L"
264507,65,30,0,0,DOWN,706734588543,"A"
264507,65,30,0,0,UP,706782568343,"A"
264507,78,49,0,0,DOWN,706838411143,"N"
264507,78,49,0,0,UP,706886612543,"N"
264507,68,32,0,0,DOWN,706942760643,"D"
264507,70,33,0,0,DOWN,707038628543,"F"
264507,68,32,0,0,UP,707054636343,"D"
264507,70,33,0,0,UP,707110342143,"F"
264507,72,35,0,0,DOWN,707134637343,"H"
264507,72,35,0,0,UP,707238653243,"H"
264507,66,48,0,0,DOWN,707239575343,"B"
264507,85,22,0,0,DOWN,707334664143,"U"
264507,66,48,0,0,UP,707358615943,"B"
264507,82,19,0,0,DOWN,707438639543,"R"
264507,85,22,0,0,UP,707446397143,"U"
264507,71,34,0,0,DOWN,707542631743,"G"
264507,82,19,0,0,UP,707550664643,"R"
264507,71,34,0,0,UP,707638624443,"G"
264507,69,18,0,0,DOWN,707639559343,"E"
264507,78,49,0,0,DOWN,707742614243,"N"
264507,69,18,0,0,UP,707750618643,"E"
264507,78,49,0,0,UP,707798627543,"N"
264507,76,38,0,0,DOWN,707838613843,"L"
264507,76,38,0,0,UP,707894407143,"L"
264507,65,30,0,0,DOWN,707942655743,"A"
264507,65,30,0,0,UP,707982603643,"A"
264507,78,49,0,0,DOWN,708038675843,"N"
264507,78,49,0,0,UP,708102680943,"N"
264507,68,32,0,0,DOWN,708142647343,"D"
264507,70,33,0,0,DOWN,708238633543,"F"
264507,68,32,0,0,UP,708246618643,"D"
264507,70,33,0,0,UP,708310636443,"F"
264507,72,35,0,0,DOWN,708342591843,"H"
264507,72,35,0,0,UP,708438649443,"H"
264507,66,48,0,0,DOWN,708439560743,"B"
264507,85,22,0,0,DOWN,708542643743,"U"
264507,66,48,0,0,UP,708558592943,"B"
264507,82,19,0,0,DOWN,708638605243,"R"
264507,85,22,0,0,UP,708646395643,"U"
264507,71,34,0,0,DOWN,708742636143,"G"
264507,82,19,0,0,UP,708750785843,"R"
264507,71,34,0,0,UP,708838654643,"G"
264507,69,18,0,0,DOWN,708846386943,"E"
264507,69,18,0,0,UP,708934692243,"E"
264507,78,49,0,0,DOWN,708935671443,"N"
264507,78,49,0,0,UP,708998607343,"N"
264507,76,38,0,0,DOWN,709038712943,"L"
264507,76,38,0,0,UP,709094534943,"L"
264507,65,30,0,0,DOWN,709134636943,"A"
264507,65,30,0,0,UP,709182420443,"A"
264507,78,49,0,0,DOWN,709238693943,"N"
264507,78,49,0,0,UP,709294685843,"N"
264507,68,32,0,0,DOWN,709342619643,"D"
264507,70,33,0,0,DOWN,709438670543,"F"
264507,68,32,0,0,UP,709454660843,"D"
264507,70,33,0,0,UP,709510656843,"F"
264507,72,35,0,0,DOWN,709534644443,"H"
264507,72,35,0,0,UP,709638653643,"H"
264507,66,48,0,0,DOWN,709639449543,"B"
264507,85,22,0,0,DOWN,709742615943,"U"
264507,66,48,0,0,UP,709758667643,"B"
264507,82,19,0,0,DOWN,709838671343,"R"
264507,85,22,0,0,UP,709846268143,"U"
264507,71,34,0,0,DOWN,709942631943,"G"
264507,82,19,0,0,UP,709950478743,"R"
264507,71,34,0,0,UP,710038664843,"G"
264507,69,18,0,0,DOWN,710039266343,"E"
264507,78,49,0,0,DOWN,710142638443,"N"
264507,69,18,0,0,UP,710150651743,"E"
264507,78,49,0,0,UP,710198626343,"N"
264507,76,38,0,0,DOWN,710238665243,"L"
264507,76,38,0,0,UP,710294650543,"L"
264507,65,30,0,0,DOWN,710342653943,"A"
264507,65,30,0,0,UP,710382669043,"A"
264507,78,49,0,0,DOWN,710438626743,"N"
264507,78,49,0,0,UP,710494616743,"N"
264507,68,32,0,0,DOWN,710542625743,"D"
264507,70,33,0,0,DOWN,710638662343,"F"
264507,68,32,0,0,UP,710654640243,"D"
264507,70,33,0,0,UP,710718668743,"F"
264507,72,35,0,0,DOWN,710742325443,"H"
264507,72,35,0,0,UP,710838648843,"H"
264507,66,48,0,0,DOWN,710846471143,"B"
264507,85,22,0,0,DOWN,710934677243,"U"
264507,66,48,0,0,UP,710958656543,"B"
264507,82,19,0,0,DOWN,711038637043,"R"
264507,85,22,0,0,UP,711046368543,"U"
264507,71,34,0,0,DOWN,711134626343,"G"
264507,82,19,0,0,UP,711158662443,"R"
264507,71,34,0,0,UP,711238652743,"G"
264507,69,18,0,0,DOWN,711239652143,"E"
264507,78,49,0,0,DOWN,711334642443,"N"
264507,69,18,0,0,UP,711342696043,"E"
264507,78,49,0,0,UP,711398419943,"N"
264507,76,38,0,0,DOWN,711438361543,"L"
264507,76,38,0,0,UP,711486578343,"L"
264507,65,30,0,0,DOWN,711534707243,"A"
264507,65,30,0,0,UP,711582638243,"A"
264507,78,49,0,0,DOWN,711638674943,"N"
264507,78,49,0,0,UP,711694629743,"N"
264507,68,32,0,0,DOWN,711734620843,"D"
264507,70,33,0,0,DOWN,711838627543,"F"
264507,68,32,0,0,UP,711846505043,"D"
264507,70,33,0,0,UP,711910613043,"F"
264507,72,35,0,0,DOWN,711942654643,"H"
264507,72,35,0,0,UP,712038681643,"H"
264507,66,48,0,0,DOWN,712039438543,"B"
264507,85,22,0,0,DOWN,712142731243,"U"
264507,66,48,0,0,UP,712150667543,"B"
264507,82,19,0,0,DOWN,712238648043,"R"
264507,85,22,0,0,UP,712246834943,"U"
264507,71,34,0,0,DOWN,712342688343,"G"
264507,82,19,0,0,UP,712358779443,"R"
264507,69,18,0,0,DOWN,712438415943,"E"
264507,71,34,0,0,UP,712446697843,"G"
264507,69,18,0,0,UP,712534705543,"E"
264507,78,49,0,0,DOWN,712542637343,"N"
264507,78,49,0,0,UP,712598644543,"N"
264507,76,38,0,0,DOWN,712638638043,"L"
264507,76,38,0,0,UP,712694643343,"L"
264507,65,30,0,0,DOWN,712742673443,"A"
264507,65,30,0,0,UP,712782452743,"A"
264507,78,49,0,0,DOWN,712838682643,"N"
264507,78,49,0,0,UP,712894646143,"N"
264507,68,32,0,0,DOWN,712942733143,"D"
264507,70,33,0,0,DOWN,713038665143,"F"
264507,68,32,0,0,UP,713054653343,"D"
264507,70,33,0,0,UP,713118695043,"F"
264507,72,35,0,0,DOWN,713142691243,"H"
264507,72,35,0,0,UP,713238688643,"H"
264507,66,48,0,0,DOWN,713239719043,"B"
264507,85,22,0,0,DOWN,713334678343,"U"
264507,66,48,0,0,UP,713358733243,"B"
264507,82,19,0,0,DOWN,713438682043,"R"
264507,85,22,0,0,UP,713446664143,"U"
264507,71,34,0,0,DOWN,713534667343,"G"
264507,82,19,0,0,UP,713558567943,"R"
264507,69,18,0,0,DOWN,713638715743,"E"
264507,71,34,0,0,UP,713646680343,"G"
264507,78,49,0,0,DOWN,713734686043,"N"
264507,69,18,0,0,UP,713742684043,"E"
264507,78,49,0,0,UP,713798411643,"N"
264507,76,38,0,0,DOWN,713838695743,"L"
264507,76,38,0,0,UP,713894678043,"L"
264507,65,30,0,0,DOWN,713934637043,"A"
264507,65,30,0,0,UP,713982406443,"A"
264507,78,49,0,0,DOWN,714038407943,"N"
264507,78,49,0,0,UP,714086390243,"N"
264507,68,32,0,0,DOWN,714134459543,"D"
264507,70,33,0,0,DOWN,714238720243,"F"
264507,68,32,0,0,UP,714246666743,"D"
264507,70,33,0,0,UP,714310674543,"F"
264507,72,35,0,0,DOWN,714342668443,"H"
264507,72,35,0,0,UP,714430497043,"H"
264507,66,48,0,0,DOWN,714438694043,"B"
264507,85,22,0,0,DOWN,714542686743,"U"
264507,66,48,0,0,UP,714558662143,"B"
264507,82,19,0,0,DOWN,714638765643,"R"
264507,85,22,0,0,UP,714646655743,"U"
264507,71,34,0,0,DOWN,714742701543,"G"
264507,82,19,0,0,UP,714758659143,"R"
264507,71,34,0,0,UP,714838676343,"G"
264507,69,18,0,0,DOWN,714839716443,"E"
264507,78,49,0,0,DOWN,714942686643,"N"
264507,69,18,0,0,UP,714950359343,"E"
264507,78,49,0,0,UP,714998734043,"N"
264507,76,38,0,0,DOWN,715038640043,"L"
264507,76,38,0,0,UP,715094652943,"L"
264507,65,30,0,0,DOWN,715142677843,"A"
264507,65,30,0,0,UP,715182515343,"A"
264507,78,49,0,0,DOWN,715238680743,"N"
264507,78,49,0,0,UP,715294692943,"N"
264507,68,32,0,0,DOWN,715342660743,"D"
264507,70,33,0,0,DOWN,715438672243,"F"
264507,68,32,0,0,UP,715446698443,"D"
264507,70,33,0,0,UP,715518645943,"F"
264507,72,35,0,0,DOWN,715534548143,"H"
264507,72,35,0,0,UP,715638722343,"H"
264507,66,48,0,0,DOWN,715639452643,"B"
264507,85,22,0,0,DOWN,715734699243,"U"
264507,66,48,0,0,UP,715758694543,"B"
264507,85,22,0,0,UP,715838721243,"U"
264507,82,19,0,0,DOWN,715839701843,"R"
264507,71,34,0,0,DOWN,715934677843,"G"
264507,82,19,0,0,UP,715958680943,"R"
264507,71,34,0,0,UP,716046721143,"G"
264507,69,18,0,0,DOWN,716047750143,"E"
264507,78,49,0,0,DOWN,716134675243,"N"
264507,69,18,0,0,UP,716142618043,"E"
264507,78,49,0,0,UP,716198716243,"N"
264507,76,38,0,0,DOWN,716238696643,"L"
264507,76,38,0,0,UP,716294646643,"L"
264507,65,30,0,0,DOWN,716334720743,"A"
264507,65,30,0,0,UP,716382775543,"A"
264507,78,49,0,0,DOWN,716438712643,"N"
264507,78,49,0,0,UP,716494690343,"N"
264507,68,32,0,0,DOWN,716542731943,"D"
264507,70,33,0,0,DOWN,716638783143,"F"
264507,68,32,0,0,UP,716646655143,"D"
264507,70,33,0,0,UP,716718678443,"F"
264507,72,35,0,0,DOWN,716742740643,"H"
264507,72,35,0,0,UP,716830685843,"H"
264507,66,48,0,0,DOWN,716838695143,"B"
264507,85,22,0,0,DOWN,716942760543,"U"
264507,66,48,0,0,UP,716958690743,"B"
264507,82,19,0,0,DOWN,717038698743,"R"
264507,85,22,0,0,UP,717046484543,"U"
264507,71,34,0,0,DOWN,717142698543,"G"
264507,82,19,0,0,UP,717158675043,"R"
264507,69,18,0,0,DOWN,717238671743,"E"
264507,71,34,0,0,UP,717246656743,"G"
264507,69,18,0,0,UP,717342740343,"E"
264507,78,49,0,0,DOWN,717343653443,"N"
264507,78,49,0,0,UP,717398674343,"N"
264507,76,38,0,0,DOWN,717438674543,"L"
264507,76,38,0,0,UP,717494517943,"L"
264507,65,30,0,0,DOWN,717534415243,"A"
264507,65,30,0,0,UP,717582713543,"A"
264507,78,49,0,0,DOWN,717638708743,"N"
264507,78,49,0,0,UP,717694754243,"N"
264507,68,32,0,0,DOWN,717742759343,"D"
264507,70,33,0,0,DOWN,717838725343,"F"
264507,68,32,0,0,UP,717846689943,"D"
264507,70,33,0,0,UP,717910738043,"F"
264507,72,35,0,0,DOWN,717934455843,"H"
264507,66,48,0,0,DOWN,718038765243,"B"
264507,72,35,0,0,UP,718046396443,"H"
264507,85,22,0,0,DOWN,718134565243,"U"
264507,66,48,0,0,UP,718158892843,"B"
264507,82,19,0,0,DOWN,718238714843,"R"
264507,85,22,0,0,UP,718246731943,"U"
264507,71,34,0,0,DOWN,718334586143,"G"
264507,82,19,0,0,UP,718358712943,"R"
264507,69,18,0,0,DOWN,718446706943,"E"
264507,71,34,0,0,UP,718454778843,"G"
264507,78,49,0,0,DOWN,718534505543,"N"
264507,69,18,0,0,UP,718542418843,"E"
264507,78,49,0,0,UP,718598649743,"N"
264507,76,38,0,0,DOWN,718638811243,"L"
264507,76,38,0,0,UP,718694694543,"L"
264507,65,30,0,0,DOWN,718742667143,"A"
264507,65,30,0,0,UP,718782726343,"A"
264507,78,49,0,0,DOWN,718838726143,"N"
264507,78,49,0,0,UP,718902696343,"N"
264507,68,32,0,0,DOWN,718942609143,"D"
264507,70,33,0,0,DOWN,719038702143,"F"
264507,68,32,0,0,UP,719046739343,"D"
264507,70,33,0,0,UP,719111099943,"F"
264507,72,35,0,0,DOWN,719142508443,"H"
264507,66,48,0,0,DOWN,719238605143,"B"
264507,72,35,0,0,UP,719246732343,"H"
264507,85,22,0,0,DOWN,719342704143,"U"
264507,66,48,0,0,UP,719358421443,"B"
264507,82,19,0,0,DOWN,719438767843,"R"
264507,85,22,0,0,UP,719446705843,"U"
264507,71,34,0,0,DOWN,719542726443,"G"
264507,82,19,0,0,UP,719558745843,"R"
264507,69,18,0,0,DOWN,719638745143,"E"
264507,71,34,0,0,UP,719646524243,"G"
264507,69,18,0,0,UP,719742802643,"E"
264507,78,49,0,0,DOWN,719743587543,"N"
264507,78,49,0,0,UP,719798512243,"N"
264507,76,38,0,0,DOWN,719838740943,"L"
264507,76,38,0,0,UP,719894712643,"L"
264507,65,30,0,0,DOWN,719934737343,"A"
264507,65,30,0,0,UP,719982743843,"A"
264507,78,49,0,0,DOWN,720038715043,"N"
264507,78,49,0,0,UP,720094713343,"N"
264507,68,32,0,0,DOWN,720142787043,"D"
264507,70,33,0,0,DOWN,720238815043,"F"
264507,68,32,0,0,UP,720246767243,"D"
264507,70,33,0,0,UP,720318803243,"F"
264507,72,35,0,0,DOWN,720334751543,"H"
264507,72,35,0,0,UP,720438715943,"H"
264507,66,48,0,0,DOWN,720439214243,"B"
264507,85,22,0,0,DOWN,720534758643,"U"
264507,66,48,0,0,UP,720558692243,"B"
264507,82,19,0,0,DOWN,720638592043,"R"
264507,85,22,0,0,UP,720646713943,"U"
264507,71,34,0,0,DOWN,720734731543,"G"
264507,82,19,0,0,UP,720758696143,"R"
264507,69,18,0,0,DOWN,720838705443,"E"
264507,71,34,0,0,UP,720846702643,"G"
264507,78,49,0,0,DOWN,720934551743,"N"
264507,69,18,0,0,UP,720950514343,"E"
264507,78,49,0,0,UP,720990706143,"N"
264507,76,38,0,0,DOWN,721038777643,"L"
264507,76,38,0,0,UP,721094793943,"L"
264507,65,30,0,0,DOWN,721142752543,"A"
264507,65,30,0,0,UP,721182751943,"A"
264507,78,49,0,0,DOWN,721238756843,"N"
264507,78,49,0,0,UP,721302890243,"N"
264507,68,32,0,0,DOWN,721342726143,"D"
264507,70,33,0,0,DOWN,721438692043,"F"
264507,68,32,0,0,UP,721446525043,"D"
264507,70,33,0,0,UP,721518750243,"F"
264507,72,35,0,0,DOWN,721542754643,"H"
264507,72,35,0,0,UP,721638779343,"H"
264507,66,48,0,0,DOWN,721639707443,"B"
264507,85,22,0,0,DOWN,721742591743,"U"
264507,66,48,0,0,UP,721758497143,"B"
264507,82,19,0,0,DOWN,721838758343,"R"
264507,85,22,0,0,UP,721846779543,"U"
264507,71,34,0,0,DOWN,721942777743,"G"
264507,82,19,0,0,UP,721958554643,"R"
264507,69,18,0,0,DOWN,722038686643,"E"
264507,71,34,0,0,UP,722046722243,"G"
264507,69,18,0,0,UP,722134730843,"E"
264507,78,49,0,0,DOWN,722142704043,"N"
264507,78,49,0,0,UP,722198718243,"N"
264507,76,38,0,0,DOWN,722238488943,"L"
264507,76,38,0,0,UP,722294767043,"L"
264507,65,30,0,0,DOWN,722334775443,"A"
264507,65,30,0,0,UP,722382750243,"A"
264507,78,49,0,0,DOWN,722438740943,"N"
264507,78,49,0,0,UP,722494581243,"N"
264507,68,32,0,0,DOWN,722542716943,"D"
264507,70,33,0,0,DOWN,722638706443,"F"
264507,68,32,0,0,UP,722654750743,"D"
264507,70,33,0,0,UP,722710737243,"F"
264507,72,35,0,0,DOWN,722734757243,"H"
264507,72,35,0,0,UP,722838729243,"H"
264507,66,48,0,0,DOWN,722839354043,"B"
264507,85,22,0,0,DOWN,722934793643,"U"
264507,66,48,0,0,UP,722958795243,"B"
264507,82,19,0,0,DOWN,723038575743,"R"
264507,85,22,0,0,UP,723046689443,"U"
264507,71,34,0,0,DOWN,723134771143,"G"
264507,82,19,0,0,UP,723158771043,"R"
264507,69,18,0,0,DOWN,723238493343,"E"
264507,71,34,0,0,UP,723246771643,"G"
264507,78,49,0,0,DOWN,723342798043,"N"
264507,69,18,0,0,UP,723350718843,"E"
264507,78,49,0,0,UP,723398733043,"N"
264507,76,38,0,0,DOWN,723438717443,"L"
264507,76,38,0,0,UP,723494773943,"L"
264507,65,30,0,0,DOWN,723542739143,"A"
264507,65,30,0,0,UP,723582742243,"A"
264507,78,49,0,0,DOWN,723638561843,"N"
264507,78,49,0,0,UP,723702509043,"N"
264507,68,32,0,0,DOWN,723742762743,"D"
264507,70,33,0,0,DOWN,723838633043,"F"
264507,68,32,0,0,UP,723846753943,"D"
264507,70,33,0,0,UP,723918801643,"F"
264507,72,35,0,0,DOWN,723942770543,"H"
264507,72,35,0,0,UP,724038616343,"H"
264507,66,48,0,0,DOWN,724039616843,"B"
264507,85,22,0,0,DOWN,724142832343,"U"
264507,66,48,0,0,UP,724158784243,"B"
264507,82,19,0,0,DOWN,724238655843,"R"
264507,85,22,0,0,UP,724254841043,"U"
264507,71,34,0,0,DOWN,724342757443,"G"
264507,82,19,0,0,UP,724358759643,"R"
264507,71,34,0,0,UP,724438666143,"G"
264507,69,18,0,0,DOWN,724439576243,"E"
264507,69,18,0,0,UP,724542740843,"E"
264507,78,49,0,0,DOWN,724543550043,"N"
264507,78,49,0,0,UP,724598759943,"N"
264507,76,38,0,0,DOWN,724638705843,"L"
264507,76,38,0,0,UP,724694752243,"L"
264507,65,30,0,0,DOWN,724734724943,"A"
264507,65,30,0,0,UP,724782819443,"A"
264507,78,49,0,0,DOWN,724838601343,"N"
264507,78,49,0,0,UP,724886742843,"N"
264507,68,32,0,0,DOWN,724942764743,"D"
264507,70,33,0,0,DOWN,725038941343,"F"
264507,68,32,0,0,UP,725046519043,"D"
264507,70,33,0,0,UP,725110747843,"F"
264507,72,35,0,0,DOWN,725134800743,"H"
264507,72,35,0,0,UP,725238958743,"H"
264507,66,48,0,0,DOWN,725239698543,"B"
264507,85,22,0,0,DOWN,725334736743,"U"
264507,66,48,0,0,UP,725358763943,"B"
264507,82,19,0,0,DOWN,725438900443,"R"
264507,85,22,0,0,UP,725446770943,"U"
264507,71,34,0,0,DOWN,725542772443,"G"
264507,82,19,0,0,UP,725550780843,"R"
264507,69,18,0,0,DOWN,725638925343,"E"
264507,71,34,0,0,UP,725646407943,"G"
264507,78,49,0,0,DOWN,725742782143,"N"
264507,69,18,0,0,UP,725750797443,"E"
264507,78,49,0,0,UP,725798546143,"N"
264507,76,38,0,0,DOWN,725838517043,"L"
264507,76,38,0,0,UP,725894808443,"L"
264507,65,30,0,0,DOWN,725942716643,"A"
264507,65,30,0,0,UP,725982772143,"A"
264507,78,49,0,0,DOWN,726038787743,"N"
264507,78,49,0,0,UP,726102804043,"N"
264507,68,32,0,0,DOWN,726142829043,"D"
264507,70,33,0,0,DOWN,726238803943,"F"
264507,68,32,0,0,UP,726246737643,"D"
264507,70,33,0,0,UP,726318747943,"F"
264507,72,35,0,0,DOWN,726342811443,"H"
264507,66,48,0,0,DOWN,726438620743,"B"
264507,72,35,0,0,UP,726446539243,"H"
264507,85,22,0,0,DOWN,726542797943,"U"
264507,66,48,0,0,UP,726558706943,"B"
264507,85,22,0,0,UP,726638813943,"U"
264507,82,19,0,0,DOWN,726639883543,"R"
264507,71,34,0,0,DOWN,726742776543,"G"
264507,82,19,0,0,UP,726758797643,"R"
264507,71,34,0,0,UP,726838826943,"G"
264507,69,18,0,0,DOWN,726839862343,"E"
264507,78,49,0,0,DOWN,726934831143,"N"
264507,69,18,0,0,UP,726950771743,"E"
264507,78,49,0,0,UP,726998782843,"N"
264507,76,38,0,0,DOWN,727038777043,"L"
264507,76,38,0,0,UP,727094755243,"L"
264507,65,30,0,0,DOWN,727134795643,"A"
264507,65,30,0,0,UP,727182800643,"A"
264507,78,49,0,0,DOWN,727238783543,"N"
264507,78,49,0,0,UP,727286797543,"N"
264507,68,32,0,0,DOWN,727342772943,"D"
264507,70,33,0,0,DOWN,727438824743,"F"
264507,68,32,0,0,UP,727454709243,"D"
264507,70,33,0,0,UP,727510990143,"F"
264507,72,35,0,0,DOWN,727534758243,"H"
264507,72,35,0,0,UP,727638765143,"H"
264507,66,48,0,0,DOWN,727639803043,"B"
264507,85,22,0,0,DOWN,727742763943,"U"
264507,66,48,0,0,UP,727758452043,"B"
264507,82,19,0,0,DOWN,727838852943,"R"
264507,85,22,0,0,UP,727846781843,"U"
264507,71,34,0,0,DOWN,727942771643,"G"
264507,82,19,0,0,UP,727950757743,"R"
264507,69,18,0,0,DOWN,728038804943,"E"
264507,71,34,0,0,UP,728046658843,"G"
264507,69,18,0,0,UP,728142753943,"E"
264507,78,49,0,0,DOWN,728143719943,"N"
264507,78,49,0,0,UP,728198489743,"N"
264507,76,38,0,0,DOWN,728238841243,"L"
264507,76,38,0,0,UP,728294832143,"L"
264507,65,30,0,0,DOWN,728342772843,"A"
264507,65,30,0,0,UP,728382783943,"A"
264507,78,49,0,0,DOWN,728438783743,"N"
264507,78,49,0,0,UP,728494811243,"N"
264507,68,32,0,0,DOWN,728542803843,"D"
264507,70,33,0,0,DOWN,728638793143,"F"
264507,68,32,0,0,UP,728646878843,"D"
264507,70,33,0,0,UP,728718825243,"F"
264507,72,35,0,0,DOWN,728742595743,"H"
264507,72,35,0,0,UP,728838768543,"H"
264507,66,48,0,0,DOWN,728846802443,"B"
264507,85,22,0,0,DOWN,728942688543,"U"
264507,66,48,0,0,UP,728958502343,"B"
264507,85,22,0,0,UP,729038845443,"U"
264507,82,19,0,0,DOWN,729039645543,"R"
264507,71,34,0,0,DOWN,729134807243,"G"
264507,82,19,0,0,UP,729158581443,"R"
264507,69,18,0,0,DOWN,729238832243,"E"
264507,71,34,0,0,UP,729246806643,"G"
264507,78,49,0,0,DOWN,729334803043,"N"
264507,69,18,0,0,UP,729350766643,"E"
264507,78,49,0,0,UP,729398586243,"N"
264507,76,38,0,0,DOWN,729438821543,"L"
264507,76,38,0,0,UP,729486832543,"L"
264507,65,30,0,0,DOWN,729534790743,"A"
264507,65,30,0,0,UP,729582825043,"A"
264507,78,49,0,0,DOWN,729638787343,"N"
264507,78,49,0,0,UP,729686806843,"N"
264507,68,32,0,0,DOWN,729734807343,"D"
264507,70,33,0,0,DOWN,729838752543,"F"
264507,68,32,0,0,UP,729846780943,"D"
264507,70,33,0,0,UP,729918809243,"F"
264507,72,35,0,0,DOWN,729942603643,"H"
264507,72,35,0,0,UP,730038816743,"H"
264507,66,48,0,0,DOWN,730039658043,"B"
264507,85,22,0,0,DOWN,730142500943,"U"
264507,66,48,0,0,UP,730150857743,"B"
264507,82,19,0,0,DOWN,730238775443,"R"
264507,85,22,0,0,UP,730246761943,"U"
264507,71,34,0,0,DOWN,730342645543,"G"
264507,82,19,0,0,UP,730358897943,"R"
264507,69,18,0,0,DOWN,730438784843,"E"
264507,71,34,0,0,UP,730446738943,"G"
264507,78,49,0,0,DOWN,730542763643,"N"
264507,69,18,0,0,UP,730550835543,"E"
264507,78,49,0,0,UP,730598811043,"N"
264507,76,38,0,0,DOWN,730638789743,"L"
264507,76,38,0,0,UP,730686806043,"L"
264507,65,30,0,0,DOWN,730742964643,"A"
264507,65,30,0,0,UP,730782807443,"A"
264507,78,49,0,0,DOWN,730838808743,"N"
264507,78,49,0,0,UP,730894545743,"N"
264507,68,32,0,0,DOWN,730943106643,"D"
264507,70,33,0,0,DOWN,731038805343,"F"
264507,68,32,0,0,UP,731054798543,"D"
264507,70,33,0,0,UP,731118816843,"F"
264507,72,35,0,0,DOWN,731142922043,"H"
264507,72,35,0,0,UP,731238821843,"H"
264507,66,48,0,0,DOWN,731246834443,"B"
264507,85,22,0,0,DOWN,731334801443,"U"
264507,66,48,0,0,UP,731358830543,"B"
264507,82,19,0,0,DOWN,731438838443,"R"
264507,85,22,0,0,UP,731446799943,"U"
264507,71,34,0,0,DOWN,731534830943,"G"
264507,82,19,0,0,UP,731558802743,"R"
264507,71,34,0,0,UP,731638852943,"G"
264507,69,18,0,0,DOWN,731639893643,"E"
264507,78,49,0,0,DOWN,731734793643,"N"
264507,69,18,0,0,UP,731750761943,"E"
264507,78,49,0,0,UP,731798565043,"N"
264507,76,38,0,0,DOWN,731838834343,"L"
264507,76,38,0,0,UP,731894610243,"L"
264507,65,30,0,0,DOWN,731934834143,"A"
264507,65,30,0,0,UP,731982810143,"A"
264507,78,49,0,0,DOWN,732038822343,"N"
264507,78,49,0,0,UP,732094569143,"N"
264507,68,32,0,0,DOWN,732142870043,"D"
264507,70,33,0,0,DOWN,732238849343,"F"
264507,68,32,0,0,UP,732246800843,"D"
264507,70,33,0,0,UP,732310640443,"F"
264507,72,35,0,0,DOWN,732342830543,"H"
264507,72,35,0,0,UP,732438844043,"H"
264507,66,48,0,0,DOWN,732439811243,"B"
264507,85,22,0,0,DOWN,732542845443,"U"
264507,66,48,0,0,UP,732550790843,"B"
264507,82,19,0,0,DOWN,732638810343,"R"
264507,85,22,0,0,UP,732646793243,"U"
264507,71,34,0,0,DOWN,732742877443,"G"
264507,82,19,0,0,UP,732758845543,"R"
264507,69,18,0,0,DOWN,732838824843,"E"
264507,71,34,0,0,UP,732846555443,"G"
264507,78,49,0,0,DOWN,732942819843,"N"
264507,69,18,0,0,UP,732950802643,"E"
264507,78,49,0,0,UP,732998674243,"N"
264507,76,38,0,0,DOWN,733038833743,"L"
264507,76,38,0,0,UP,733094552643,"L"
264507,65,30,0,0,DOWN,733142854443,"A"
264507,65,30,0,0,UP,733182825143,"A"
264507,78,49,0,0,DOWN,733238871243,"N"
264507,78,49,0,0,UP,733294879143,"N"
264507,68,32,0,0,DOWN,733342850543,"D"
264507,70,33,0,0,DOWN,733438899343,"F"
264507,68,32,0,0,UP,733454840443,"D"
264507,70,33,0,0,UP,733518892843,"F"
264507,72,35,0,0,DOWN,733542896943,"H"
264507,72,35,0,0,UP,733638863143,"H"
264507,66,48,0,0,DOWN,733639772843,"B"
264507,85,22,0,0,DOWN,733734801943,"U"
264507,66,48,0,0,UP,733758809143,"B"
264507,82,19,0,0,DOWN,733838874943,"R"
264507,85,22,0,0,UP,733846808043,"U"
264507,71,34,0,0,DOWN,733934851843,"G"
264507,82,19,0,0,UP,733950843143,"R"
264507,71,34,0,0,UP,734046847043,"G"
264507,69,18,0,0,DOWN,734047789343,"E"
264507,78,49,0,0,DOWN,734134633343,"N"
264507,69,18,0,0,UP,734150767543,"E"
264507,78,49,0,0,UP,734198833843,"N"
264507,76,38,0,0,DOWN,734238864843,"L"
264507,76,38,0,0,UP,734294886943,"L"
264507,65,30,0,0,DOWN,734334816243,"A"
264507,65,30,0,0,UP,734382935543,"A"
264507,78,49,0,0,DOWN,734438825843,"N"
264507,78,49,0,0,UP,734494806443,"N"
264507,68,32,0,0,DOWN,734542903143,"D"
264507,70,33,0,0,DOWN,734638866343,"F"
264507,68,32,0,0,UP,734646628143,"D"
264507,70,33,0,0,UP,734710830943,"F"
264507,72,35,0,0,DOWN,734742832143,"H"
264507,72,35,0,0,UP,734838885143,"H"
264507,66,48,0,0,DOWN,734839584143,"B"
264507,85,22,0,0,DOWN,734942548043,"U"
264507,66,48,0,0,UP,734958815043,"B"
264507,82,19,0,0,DOWN,735038838043,"R"
264507,85,22,0,0,UP,735046565943,"U"
264507,71,34,0,0,DOWN,735142872843,"G"
264507,82,19,0,0,UP,735158873543,"R"
264507,71,34,0,0,UP,735238941343,"G"
264507,69,18,0,0,DOWN,735239920943,"E"
264507,78,49,0,0,DOWN,735342853143,"N"
264507,69,18,0,0,UP,735350854143,"E"
264507,78,49,0,0,UP,735398882343,"N"
264507,76,38,0,0,DOWN,735438817843,"L"
264507,76,38,0,0,UP,735494966943,"L"
264507,65,30,0,0,DOWN,735534833343,"A"
264507,65,30,0,0,UP,735582841643,"A"
264507,78,49,0,0,DOWN,735638822943,"N"
264507,78,49,0,0,UP,735686795143,"N"
264507,68,32,0,0,DOWN,735742822143,"D"
264507,70,33,0,0,DOWN,735838843043,"F"
264507,68,32,0,0,UP,735854847843,"D"
264507,70,33,0,0,UP,735918908143,"F"
264507,72,35,0,0,DOWN,735934874343,"H"
264507,66,48,0,0,DOWN,736038870943,"B"
264507,72,35,0,0,UP,736046722143,"H"
264507,85,22,0,0,DOWN,736134874243,"U"
264507,66,48,0,0,UP,736158815743,"B"
264507,82,19,0,0,DOWN,736238866943,"R"
264507,85,22,0,0,UP,736246925743,"U"
264507,71,34,0,0,DOWN,736334881743,"G"
264507,82,19,0,0,UP,736350824143,"R"
264507,71,34,0,0,UP,736446975843,"G"
264507,69,18,0,0,DOWN,736448020743,"E"
264507,78,49,0,0,DOWN,736534876343,"N"
264507,69,18,0,0,UP,736550880143,"E"
264507,78,49,0,0,UP,736598821043,"N"
264507,76,38,0,0,DOWN,736638819943,"L"
264507,76,38,0,0,UP,736694860043,"L"
264507,65,30,0,0,DOWN,736742899743,"A"
264507,65,30,0,0,UP,736782637843,"A"
264507,78,49,0,0,DOWN,736838870943,"N"
264507,78,49,0,0,UP,736902907443,"N"
264507,68,32,0,0,DOWN,736942883943,"D"
264507,70,33,0,0,DOWN,737038842643,"F"
264507,68,32,0,0,UP,737046856543,"D"
264507,70,33,0,0,UP,737110912743,"F"
264507,72,35,0,0,DOWN,737142861343,"H"
264507,72,35,0,0,UP,737238944343,"H"
264507,66,48,0,0,DOWN,737239850543,"B"
264507,85,22,0,0,DOWN,737342923843,"U"
264507,66,48,0,0,UP,737358882843,"B"
264507,82,19,0,0,DOWN,737438755743,"R"
264507,85,22,0,0,UP,737446812843,"U"
264507,71,34,0,0,DOWN,737542871443,"G"
264507,82,19,0,0,UP,737550863943,"R"
264507,71,34,0,0,UP,737638914643,"G"
264507,69,18,0,0,DOWN,737639918543,"E"
264507,78,49,0,0,DOWN,737742856943,"N"
264507,69,18,0,0,UP,737750861643,"E"
264507,78,49,0,0,UP,737798621143,"N"
264507,76,38,0,0,DOWN,737838872543,"L"
264507,76,38,0,0,UP,737894858243,"L"
264507,65,30,0,0,DOWN,737934861743,"A"
264507,65,30,0,0,UP,737982843043,"A"
264507,78,49,0,0,DOWN,738038564143,"N"
264507,78,49,0,0,UP,738094921343,"N"
264507,68,32,0,0,DOWN,738142878643,"D"
264507,70,33,0,0,DOWN,738238890343,"F"
264507,68,32,0,0,UP,738254881643,"D"
264507,70,33,0,0,UP,738310882243,"F"
264507,72,35,0,0,DOWN,738335007043,"H"
264507,72,35,0,0,UP,738438943343,"H"
264507,66,48,0,0,DOWN,738440091743,"B"
264507,85,22,0,0,DOWN,738534682543,"U"
264507,66,48,0,0,UP,738559068343,"B"
264507,82,19,0,0,DOWN,738638904943,"R"
264507,85,22,0,0,UP,738646883743,"U"
264507,71,34,0,0,DOWN,738734837043,"G"
264507,82,19,0,0,UP,738750600543,"R"
264507,69,18,0,0,DOWN,738838894543,"E"
264507,71,34,0,0,UP,738846798043,"G"
264507,78,49,0,0,DOWN,738942875543,"N"
264507,69,18,0,0,UP,738950892743,"E"
264507,78,49,0,0,UP,738998818843,"N"
264507,76,38,0,0,DOWN,739038892343,"L"
264507,76,38,0,0,UP,739102892843,"L"
264507,65,30,0,0,DOWN,739142968643,"A"
264507,65,30,0,0,UP,739182636743,"A"
264507,78,49,0,0,DOWN,739238869543,"N"
264507,78,49,0,0,UP,739294833243,"N"
264507,68,32,0,0,DOWN,739342848843,"D"
264507,70,33,0,0,DOWN,739438825843,"F"
264507,68,32,0,0,UP,739446820643,"D"
264507,70,33,0,0,UP,739518887043,"F"
264507,72,35,0,0,DOWN,739542881643,"H"
264507,72,35,0,0,UP,739638718343,"H"
264507,66,48,0,0,DOWN,739646923343,"B"
264507,85,22,0,0,DOWN,739742873743,"U"
264507,66,48,0,0,UP,739758883043,"B"
264507,85,22,0,0,UP,739838891343,"U"
264507,82,19,0,0,DOWN,739839766343,"R"
264507,71,34,0,0,DOWN,739942900143,"G"
264507,82,19,0,0,UP,739958926143,"R"
264507,71,34,0,0,UP,740038937043,"G"
264507,69,18,0,0,DOWN,740039824043,"E"
264507,78,49,0,0,DOWN,740142893843,"N"
264507,69,18,0,0,UP,740150658843,"E"
264507,78,49,0,0,UP,740198925643,"N"
264507,76,38,0,0,DOWN,740238970943,"L"
264507,76,38,0,0,UP,740294888043,"L"
264507,65,30,0,0,DOWN,740334971743,"A"
264507,65,30,0,0,UP,740382979543,"A"
264507,78,49,0,0,DOWN,740438880143,"N"
264507,78,49,0,0,UP,740494891043,"N"
264507,68,32,0,0,DOWN,740542929943,"D"
264507,70,33,0,0,DOWN,740638927543,"F"
264507,68,32,0,0,UP,740654934843,"D"
264507,70,33,0,0,UP,740718920443,"F"
264507,72,35,0,0,DOWN,740734883843,"H"
264507,66,48,0,0,DOWN,740838891643,"B"
264507,72,35,0,0,UP,740846927843,"H"
264507,85,22,0,0,DOWN,740942913143,"U"
264507,66,48,0,0,UP,740950689943,"B"
264507,82,19,0,0,DOWN,741038904343,"R"
264507,85,22,0,0,UP,741046615343,"U"
264507,71,34,0,0,DOWN,741143021243,"G"
264507,82,19,0,0,UP,741159199243,"R"
264507,69,18,0,0,DOWN,741238876543,"E"
264507,71,34,0,0,UP,741246891043,"G"
264507,69,18,0,0,UP,741342917043,"E"
264507,78,49,0,0,DOWN,741343831343,"N"
264507,78,49,0,0,UP,741390958843,"N"
264507,76,38,0,0,DOWN,741438542743,"L"
264507,76,38,0,0,UP,741486710943,"L"
264507,65,30,0,0,DOWN,741542924643,"A"
264507,65,30,0,0,UP,741582687443,"A"
264507,78,49,0,0,DOWN,741638865343,"N"
264507,78,49,0,0,UP,741686910643,"N"
264507,68,32,0,0,DOWN,741742884043,"D"
264507,70,33,0,0,DOWN,741838909043,"F"
264507,68,32,0,0,UP,741854905143,"D"
264507,70,33,0,0,UP,741910775543,"F"
264507,72,35,0,0,DOWN,741942878143,"H"
264507,72,35,0,0,UP,742038899143,"H"
264507,66,48,0,0,DOWN,742054885643,"B"
264507,85,22,0,0,DOWN,742142881543,"U"
264507,66,48,0,0,UP,742158847443,"B"
264507,85,22,0,0,UP,742238840943,"U"
264507,82,19,0,0,DOWN,742239481043,"R"
264507,71,34,0,0,DOWN,742342915643,"G"
264507,82,19,0,0,UP,742358955343,"R"
264507,71,34,0,0,UP,742438972243,"G"
264507,69,18,0,0,DOWN,742439952143,"E"
264507,78,49,0,0,DOWN,742534708143,"N"
264507,69,18,0,0,UP,742542833943,"E"
264507,78,49,0,0,UP,742598892443,"N"
264507,76,38,0,0,DOWN,742638871143,"L"
264507,76,38,0,0,UP,742694891143,"L"
264507,65,30,0,0,DOWN,742734677243,"A"
264507,65,30,0,0,UP,742782899943,"A"
264507,78,49,0,0,DOWN,742838909943,"N"
264507,78,49,0,0,UP,742894943243,"N"
264507,68,32,0,0,DOWN,742942911143,"D"
264507,70,33,0,0,DOWN,743038967843,"F"
264507,68,32,0,0,UP,743054943143,"D"
264507,70,33,0,0,UP,743110915143,"F"
264507,72,35,0,0,DOWN,743142940343,"H"
264507,72,35,0,0,UP,743238939743,"H"
264507,66,48,0,0,DOWN,743239840843,"B"
264507,85,22,0,0,DOWN,743342953643,"U"
264507,66,48,0,0,UP,743350964943,"B"
264507,82,19,0,0,DOWN,743438786543,"R"
264507,85,22,0,0,UP,743446945143,"U"
264507,71,34,0,0,DOWN,743542647443,"G"
264507,82,19,0,0,UP,743558704243,"R"
264507,69,18,0,0,DOWN,743638944943,"E"
264507,71,34,0,0,UP,743646895143,"G"
264507,78,49,0,0,DOWN,743742946143,"N"
264507,69,18,0,0,UP,743758627443,"E"
264507,78,49,0,0,UP,743798866743,"N"
264507,76,38,0,0,DOWN,743838661143,"L"
264507,76,38,0,0,UP,743894889043,"L"
264507,65,30,0,0,DOWN,743942915643,"A"
264507,65,30,0,0,UP,743982750243,"A"
264507,78,49,0,0,DOWN,744038885643,"N"
264507,78,49,0,0,UP,744094947543,"N"
264507,68,32,0,0,DOWN,744142921943,"D"
264507,70,33,0,0,DOWN,744238954443,"F"
264507,68,32,0,0,UP,744254659443,"D"
264507,70,33,0,0,UP,744319015843,"F"
264507,72,35,0,0,DOWN,744342938443,"H"
264507,72,35,0,0,UP,744438926743,"H"
264507,66,48,0,0,DOWN,744439596043,"B"
264507,85,22,0,0,DOWN,744534935843,"U"
264507,66,48,0,0,UP,744558964343,"B"
264507,82,19,0,0,DOWN,744638939943,"R"
264507,85,22,0,0,UP,744646976343,"U"
264507,71,34,0,0,DOWN,744734943143,"G"
264507,82,19,0,0,UP,744751142543,"R"
264507,71,34,0,0,UP,744838965643,"G"
264507,69,18,0,0,DOWN,744839989443,"E"
264507,78,49,0,0,DOWN,744934900643,"N"
264507,69,18,0,0,UP,744942922443,"E"
264507,78,49,0,0,UP,745006694043,"N"
264507,76,38,0,0,DOWN,745038694343,"L"
264507,76,38,0,0,UP,745094918743,"L"
264507,65,30,0,0,DOWN,745134966343,"A"
264507,65,30,0,0,UP,745182741143,"A"
264507,78,49,0,0,DOWN,745238896743,"N"
264507,78,49,0,0,UP,745294903243,"N"
264507,68,32,0,0,DOWN,745342671443,"D"
264507,70,33,0,0,DOWN,745438911043,"F"
264507,68,32,0,0,UP,745446914343,"D"
264507,70,33,0,0,UP,745510939143,"F"
264507,72,35,0,0,DOWN,745542955243,"H"
264507,72,35,0,0,UP,745638938643,"H"
264507,66,48,0,0,DOWN,745639998843,"B"
264507,85,22,0,0,DOWN,745742939843,"U"
264507,66,48,0,0,UP,745758979343,"B"
264507,85,22,0,0,UP,745838971343,"U"
264507,82,19,0,0,DOWN,745839590243,"R"
264507,71,34,0,0,DOWN,745942965643,"G"
264507,82,19,0,0,UP,745958950243,"R"
264507,69,18,0,0,DOWN,746038973443,"E"
264507,71,34,0,0,UP,746046904343,"G"
264507,78,49,0,0,DOWN,746142981443,"N"
264507,69,18,0,0,UP,746150690743,"E"
264507,78,49,0,0,UP,746198963443,"N"
264507,76,38,0,0,DOWN,746238748343,"L"
264507,76,38,0,0,UP,746295087143,"L"
264507,65,30,0,0,DOWN,746342899643,"A"
264507,65,30,0,0,UP,746382943943,"A"
264507,78,49,0,0,DOWN,746438962943,"N"
264507,78,49,0,0,UP,746494911743,"N"
264507,68,32,0,0,DOWN,746542947843,"D"
264507,70,33,0,0,DOWN,746638972543,"F"
264507,68,32,0,0,UP,746654826643,"D"
264507,70,33,0,0,UP,746718889243,"F"
264507,72,35,0,0,DOWN,746742983143,"H"
264507,72,35,0,0,UP,746838951343,"H"
264507,66,48,0,0,DOWN,746846915243,"B"
264507,85,22,0,0,DOWN,746934960743,"U"
264507,66,48,0,0,UP,746950977643,"B"
264507,82,19,0,0,DOWN,747038955643,"R"
264507,85,22,0,0,UP,747046705343,"U"
264507,71,34,0,0,DOWN,747134967843,"G"
264507,82,19,0,0,UP,747158933943,"R"
264507,71,34,0,0,UP,747246989543,"G"
264507,69,18,0,0,DOWN,747247746243,"E"
264507,78,49,0,0,DOWN,747334993243,"N"
264507,69,18,0,0,UP,747342927243,"E"
264507,78,49,0,0,UP,747398936943,"N"
264507,76,38,0,0,DOWN,747439018543,"L"
264507,76,38,0,0,UP,747502928443,"L"
264507,65,30,0,0,DOWN,747542955743,"A"
264507,65,30,0,0,UP,747582975743,"A"
264507,78,49,0,0,DOWN,747638705043,"N"
264507,78,49,0,0,UP,747686787243,"N"
264507,68,32,0,0,DOWN,747742968643,"D"
264507,70,33,0,0,DOWN,747838696943,"F"
264507,68,32,0,0,UP,747846950643,"D"
264507,70,33,0,0,UP,747910961643,"F"
264507,72,35,0,0,DOWN,747942937143,"H"
264507,72,35,0,0,UP,748038759243,"H"
264507,66,48,0,0,DOWN,748046932043,"B"
264507,85,22,0,0,DOWN,748142954843,"U"
264507,66,48,0,0,UP,748158910943,"B"
264507,85,22,0,0,UP,748238754343,"U"
264507,82,19,0,0,DOWN,748246958743,"R"
264507,71,34,0,0,DOWN,748342976443,"G"
264507,82,19,0,0,UP,748358923143,"R"
264507,69,18,0,0,DOWN,748438710343,"E"
264507,71,34,0,0,UP,748446944843,"G"
264507,69,18,0,0,UP,748542944943,"E"
264507,78,49,0,0,DOWN,748543822743,"N"
264507,78,49,0,0,UP,748599008243,"N"
264507,76,38,0,0,DOWN,748638813943,"L"
264507,76,38,0,0,UP,748695035243,"L"
264507,65,30,0,0,DOWN,748734996543,"A"
264507,65,30,0,0,UP,748782948543,"A"
264507,78,49,0,0,DOWN,748838683243,"N"
264507,78,49,0,0,UP,748894972343,"N"
264507,68,32,0,0,DOWN,748942938443,"D"
264507,70,33,0,0,DOWN,749038928643,"F"
264507,68,32,0,0,UP,749046924343,"D"
264507,70,33,0,0,UP,749110955143,"F"
264507,72,35,0,0,DOWN,749134929143,"H"
264507,66,48,0,0,DOWN,749239146343,"B"
264507,72,35,0,0,UP,749246941943,"H"
264507,85,22,0,0,DOWN,749334951643,"U"
264507,66,48,0,0,UP,749366816743,"B"
264507,82,19,0,0,DOWN,749439000843,"R"
264507,85,22,0,0,UP,749446937543,"U"
264507,71,34,0,0,DOWN,749542998543,"G"
264507,82,19,0,0,UP,749558931043,"R"
264507,69,18,0,0,DOWN,749638998243,"E"
264507,71,34,0,0,UP,749646916943,"G"
264507,78,49,0,0,DOWN,749742987543,"N"
264507,69,18,0,0,UP,749750925243,"E"
264507,78,49,0,0,UP,749790949943,"N"
264507,76,38,0,0,DOWN,749838989743,"L"
264507,76,38,0,0,UP,749895002643,"L"
264507,65,30,0,0,DOWN,749942976843,"A"
264507,65,30,0,0,UP,749982997243,"A"
264507,78,49,0,0,DOWN,750038958743,"N"
264507,78,49,0,0,UP,750086996843,"N"
264507,68,32,0,0,DOWN,750143116543,"D"
264507,70,33,0,0,DOWN,750238970843,"F"
264507,68,32,0,0,UP,750246919943,"D"
264507,70,33,0,0,UP,750318979243,"F"
264507,72,35,0,0,DOWN,750342975743,"H"
264507,72,35,0,0,UP,750439014643,"H"
264507,66,48,0,0,DOWN,750439978243,"B"
264507,85,22,0,0,DOWN,750542984643,"U"
264507,66,48,0,0,UP,750558949743,"B"
264507,85,22,0,0,UP,750638736743,"U"
264507,82,19,0,0,DOWN,750639454443,"R"
264507,71,34,0,0,DOWN,750743007843,"G"
264507,82,19,0,0,UP,750750937643,"R"
264507,69,18,0,0,DOWN,750839017143,"E"
264507,71,34,0,0,UP,750846973143,"G"
264507,69,18,0,0,UP,750934954543,"E"
264507,78,49,0,0,DOWN,750942935443,"N"
264507,78,49,0,0,UP,750998725943,"N"
264507,76,38,0,0,DOWN,751039011743,"L"
264507,76,38,0,0,UP,751094953943,"L"
264507,65,30,0,0,DOWN,751134997543,"A"
264507,65,30,0,0,UP,751182999143,"A"
264507,78,49,0,0,DOWN,751238851843,"N"
264507,78,49,0,0,UP,751286994943,"N"
264507,68,32,0,0,DOWN,751343010943,"D"
264507,70,33,0,0,DOWN,751438975643,"F"
264507,68,32,0,0,UP,751455032343,"D"
264507,70,33,0,0,UP,751510995443,"F"
264507,72,35,0,0,DOWN,751535043843,"H"
264507,72,35,0,0,UP,751638999643,"H"
264507,66,48,0,0,DOWN,751639789543,"B"
264507,85,22,0,0,DOWN,751742754543,"U"
264507,66,48,0,0,UP,751758717343,"B"
264507,82,19,0,0,DOWN,751838939443,"R"
264507,85,22,0,0,UP,751846950843,"U"
264507,71,34,0,0,DOWN,751942978643,"G"
264507,82,19,0,0,UP,751950663043,"R"
264507,69,18,0,0,DOWN,752038989843,"E"
264507,71,34,0,0,UP,752046710243,"G"
264507,78,49,0,0,DOWN,752142951143,"N"
264507,69,18,0,0,UP,752158762543,"E"
264507,78,49,0,0,UP,752198747543,"N"
264507,76,38,0,0,DOWN,752238967843,"L"
264507,76,38,0,0,UP,752303010243,"L"
264507,65,30,0,0,DOWN,752342957943,"A"
264507,65,30,0,0,UP,752383004743,"A"
264507,78,49,0,0,DOWN,752438982243,"N"
264507,78,49,0,0,UP,752495016743,"N"
264507,68,32,0,0,DOWN,752542978143,"D"
264507,70,33,0,0,DOWN,752638979743,"F"
264507,68,32,0,0,UP,752654953743,"D"
264507,70,33,0,0,UP,752719014743,"F"
264507,72,35,0,0,DOWN,752742761143,"H"
264507,72,35,0,0,UP,752839043643,"H"
264507,66,48,0,0,DOWN,752840082643,"B"
264507,85,22,0,0,DOWN,752943016543,"U"
264507,66,48,0,0,UP,752958826843,"B"
264507,82,19,0,0,DOWN,753039016543,"R"
264507,85,22,0,0,UP,753046969643,"U"
264507,71,34,0,0,DOWN,753142788543,"G"
264507,82,19,0,0,UP,753158815143,"R"
264507,69,18,0,0,DOWN,753239023143,"E"
264507,71,34,0,0,UP,753246692443,"G"
264507,78,49,0,0,DOWN,753334971243,"N"
264507,69,18,0,0,UP,753342734343,"E"
264507,78,49,0,0,UP,753390953043,"N"
264507,76,38,0,0,DOWN,753438981343,"L"
264507,76,38,0,0,UP,753495008243,"L"
264507,65,30,0,0,DOWN,753535005543,"A"
264507,65,30,0,0,UP,753582945943,"A"
264507,78,49,0,0,DOWN,753639007343,"N"
264507,78,49,0,0,UP,753687017743,"N"
264507,68,32,0,0,DOWN,753742755443,"D"
264507,70,33,0,0,DOWN,753839059443,"F"
264507,68,32,0,0,UP,753847031143,"D"
264507,70,33,0,0,UP,753910982243,"F"
264507,72,35,0,0,DOWN,753942885343,"H"
264507,72,35,0,0,UP,754039006243,"H"
264507,66,48,0,0,DOWN,754039568743,"B"
264507,85,22,0,0,DOWN,754142781843,"U"
264507,66,48,0,0,UP,754159158743,"B"
264507,82,19,0,0,DOWN,754239030443,"R"
264507,85,22,0,0,UP,754247035643,"U"
264507,71,34,0,0,DOWN,754342744943,"G"
264507,82,19,0,0,UP,754358716943,"R"
264507,69,18,0,0,DOWN,754438975743,"E"
264507,71,34,0,0,UP,754446973943,"G"
264507,69,18,0,0,UP,754542802943,"E"
264507,78,49,0,0,DOWN,754543551543,"N"
264507,78,49,0,0,UP,754599016443,"N"
264507,76,38,0,0,DOWN,754639075043,"L"
264507,76,38,0,0,UP,754694706143,"L"
264507,65,30,0,0,DOWN,754743038143,"A"
264507,65,30,0,0,UP,754782976843,"A"
264507,78,49,0,0,DOWN,754839046643,"N"
264507,78,49,0,0,UP,754886980143,"N"
264507,68,32,0,0,DOWN,754943182443,"D"
264507,70,33,0,0,DOWN,755038892343,"F"
264507,68,32,0,0,UP,755054999643,"D"
264507,70,33,0,0,UP,755111011343,"F"
264507,72,35,0,0,DOWN,755135052343,"H"
264507,66,48,0,0,DOWN,755239045543,"B"
264507,72,35,0,0,UP,755246994943,"H"
264507,85,22,0,0,DOWN,755335018143,"U"
264507,66,48,0,0,UP,755359016743,"B"
264507,82,19,0,0,DOWN,755439058743,"R"
264507,85,22,0,0,UP,755446959543,"U"
264507,71,34,0,0,DOWN,755535046243,"G"
264507,82,19,0,0,UP,755551018943,"R"
264507,71,34,0,0,UP,755647104443,"G"
264507,69,18,0,0,DOWN,755647989543,"E"
264507,78,49,0,0,DOWN,755735025043,"N"
264507,69,18,0,0,UP,755751040343,"E"
264507,78,49,0,0,UP,755791075843,"N"
264507,76,38,0,0,DOWN,755839044243,"L"
264507,76,38,0,0,UP,755895016543,"L"
264507,65,30,0,0,DOWN,755943015543,"A"
264507,65,30,0,0,UP,755983115543,"A"
264507,78,49,0,0,DOWN,756039011843,"N"
264507,78,49,0,0,UP,756094778543,"N"
264507,68,32,0,0,DOWN,756143051443,"D"
264507,70,33,0,0,DOWN,756239042043,"F"
264507,68,32,0,0,UP,756246967943,"D"
264507,70,33,0,0,UP,756319058943,"F"
264507,72,35,0,0,DOWN,756343038343,"H"
264507,72,35,0,0,UP,756438868543,"H"
264507,66,48,0,0,DOWN,756439409143,"B"
264507,85,22,0,0,DOWN,756542995243,"U"
264507,66,48,0,0,UP,756559017243,"B"
264507,82,19,0,0,DOWN,756639049743,"R"
264507,85,22,0,0,UP,756654974943,"U"
264507,71,34,0,0,DOWN,756743024643,"G"
264507,82,19,0,0,UP,756758978043,"R"
264507,71,34,0,0,UP,756839050443,"G"
264507,69,18,0,0,DOWN,756839691643,"E"
264507,69,18,0,0,UP,756943049043,"E"
264507,78,49,0,0,DOWN,756943958743,"N"
264507,78,49,0,0,UP,756999009243,"N"
264507,76,38,0,0,DOWN,757039038043,"L"
264507,76,38,0,0,UP,757094812043,"L"
264507,65,30,0,0,DOWN,757135058543,"A"
264507,65,30,0,0,UP,757183066643,"A"
264507,78,49,0,0,DOWN,757239045543,"N"
264507,78,49,0,0,UP,757278928943,"N"
264507,68,32,0,0,DOWN,757343022843,"D"
264507,70,33,0,0,DOWN,757439010143,"F"
264507,68,32,0,0,UP,757455001243,"D"
264507,70,33,0,0,UP,757511016043,"F"
264507,72,35,0,0,DOWN,757535005943,"H"
264507,72,35,0,0,UP,757638954643,"H"
264507,66,48,0,0,DOWN,757639837343,"B"
264507,85,22,0,0,DOWN,757735054443,"U"
264507,66,48,0,0,UP,757758952643,"B"
264507,82,19,0,0,DOWN,757839014943,"R"
264507,85,22,0,0,UP,757846794143,"U"
264507,71,34,0,0,DOWN,757935031943,"G"
264507,82,19,0,0,UP,757951103943,"R"
264507,71,34,0,0,UP,758038927543,"G"
264507,69,18,0,0,DOWN,758039565543,"E"
264507,69,18,0,0,UP,758142740743,"E"
264507,78,49,0,0,DOWN,758143282343,"N"
264507,78,49,0,0,UP,758190849243,"N"
264507,76,38,0,0,DOWN,758238734443,"L"
264507,76,38,0,0,UP,758302831743,"L"
264507,65,30,0,0,DOWN,758342851943,"A"
264507,65,30,0,0,UP,758383064043,"A"
264507,78,49,0,0,DOWN,758439092743,"N"
264507,78,49,0,0,UP,758495073843,"N"
264507,68,32,0,0,DOWN,758543031943,"D"
264507,70,33,0,0,DOWN,758639053643,"F"
264507,68,32,0,0,UP,758646787243,"D"
264507,70,33,0,0,UP,758719076743,"F"
264507,72,35,0,0,DOWN,758743125043,"H"
264507,72,35,0,0,UP,758839057743,"H"
264507,66,48,0,0,DOWN,758840040843,"B"
264507,85,22,0,0,DOWN,758942978743,"U"
264507,66,48,0,0,UP,758958983043,"B"
264507,82,19,0,0,DOWN,759039044543,"R"
264507,85,22,0,0,UP,759055157543,"U"
264507,71,34,0,0,DOWN,759143087143,"G"
264507,82,19,0,0,UP,759158785943,"R"
264507,69,18,0,0,DOWN,759238741143,"E"
264507,71,34,0,0,UP,759246990643,"G"
264507,69,18,0,0,UP,759343030143,"E"
264507,78,49,0,0,DOWN,759343709043,"N"
264507,78,49,0,0,UP,759398790643,"N"
264507,76,38,0,0,DOWN,759439015843,"L"
264507,76,38,0,0,UP,759495051243,"L"
264507,65,30,0,0,DOWN,759535031943,"A"
264507,65,30,0,0,UP,759582919143,"A"
264507,78,49,0,0,DOWN,759639078643,"N"
264507,78,49,0,0,UP,759687018743,"N"
264507,68,32,0,0,DOWN,759743046143,"D"
264507,70,33,0,0,DOWN,759839051343,"F"
264507,68,32,0,0,UP,759855068343,"D"
264507,70,33,0,0,UP,759911046043,"F"
264507,72,35,0,0,DOWN,759935062743,"H"
264507,66,48,0,0,DOWN,760039068343,"B"
264507,72,35,0,0,UP,760046841543,"H"
264507,85,22,0,0,DOWN,760135094243,"U"
264507,66,48,0,0,UP,760158860643,"B"
264507,82,19,0,0,DOWN,760239039243,"R"
264507,85,22,0,0,UP,760246709543,"U"
264507,71,34,0,0,DOWN,760343046843,"G"
264507,82,19,0,0,UP,760358786143,"R"
264507,69,18,0,0,DOWN,760438919343,"E"
264507,71,34,0,0,UP,760446877243,"G"
264507,78,49,0,0,DOWN,760543065743,"N"
264507,69,18,0,0,UP,760551010943,"E"
264507,78,49,0,0,UP,760599045643,"N"
264507,76,38,0,0,DOWN,760639092543,"L"
264507,76,38,0,0,UP,760703015343,"L"
264507,65,30,0,0,DOWN,760743066443,"A"
264507,65,30,0,0,UP,760783048743,"A"
264507,78,49,0,0,DOWN,760839069543,"N"
264507,78,49,0,0,UP,760895074543,"N"
264507,68,32,0,0,DOWN,760943073643,"D"
264507,70,33,0,0,DOWN,761039068843,"F"
264507,68,32,0,0,UP,761055090243,"D"
264507,70,33,0,0,UP,761119062543,"F"
264507,72,35,0,0,DOWN,761143086343,"H"
264507,72,35,0,0,UP,761239089943,"H"
264507,66,48,0,0,DOWN,761239735043,"B"
264507,85,22,0,0,DOWN,761343078843,"U"
264507,66,48,0,0,UP,761359055243,"B"
264507,82,19,0,0,DOWN,761439129243,"R"
264507,85,22,0,0,UP,761447151043,"U"
264507,71,34,0,0,DOWN,761543081243,"G"
264507,82,19,0,0,UP,761559056243,"R"
264507,69,18,0,0,DOWN,761638826843,"E"
264507,71,34,0,0,UP,761647027343,"G"
264507,78,49,0,0,DOWN,761735037043,"N"
264507,69,18,0,0,UP,761743094443,"E"
264507,78,49,0,0,UP,761791050943,"N"
264507,76,38,0,0,DOWN,761839080443,"L"
264507,76,38,0,0,UP,761895044143,"L"
264507,65,30,0,0,DOWN,761935059643,"A"
264507,65,30,0,0,UP,761982743643,"A"
264507,78,49,0,0,DOWN,762038824943,"N"
264507,78,49,0,0,UP,762087122143,"N"
264507,68,32,0,0,DOWN,762143059543,"D"
264507,70,33,0,0,DOWN,762239043243,"F"
264507,68,32,0,0,UP,762255083543,"D"
264507,70,33,0,0,UP,762311110743,"F"
264507,72,35,0,0,DOWN,762335067543,"H"
264507,72,35,0,0,UP,762439173843,"H"
264507,66,48,0,0,DOWN,762440214543,"B"
264507,85,22,0,0,DOWN,762543078543,"U"
264507,66,48,0,0,UP,762559109843,"B"
264507,82,19,0,0,DOWN,762639067943,"R"
264507,85,22,0,0,UP,762647103643,"U"
264507,71,34,0,0,DOWN,762743065543,"G"
264507,82,19,0,0,UP,762759073543,"R"
264507,69,18,0,0,DOWN,762839113943,"E"
264507,71,34,0,0,UP,762847083643,"G"
264507,78,49,0,0,DOWN,762943056343,"N"
264507,69,18,0,0,UP,762950834243,"E"
264507,78,49,0,0,UP,762998848643,"N"
264507,76,38,0,0,DOWN,763039090043,"L"
264507,76,38,0,0,UP,763095043343,"L"
264507,65,30,0,0,DOWN,763143054943,"A"
264507,65,30,0,0,UP,763182832743,"A"
264507,78,49,0,0,DOWN,763239122243,"N"
264507,78,49,0,0,UP,763295054343,"N"
264507,68,32,0,0,DOWN,763343159343,"D"
264507,70,33,0,0,DOWN,763439065843,"F"
264507,68,32,0,0,UP,763455124243,"D"
264507,70,33,0,0,UP,763511112743,"F"
264507,72,35,0,0,DOWN,763543094343,"H"
264507,72,35,0,0,UP,763639075743,"H"
264507,66,48,0,0,DOWN,763639925043,"B"
264507,85,22,0,0,DOWN,763743096843,"U"
264507,66,48,0,0,UP,763759095343,"B"
264507,82,19,0,0,DOWN,763839123643,"R"
264507,85,22,0,0,UP,763847071043,"U"
264507,71,34,0,0,DOWN,763943170143,"G"
264507,82,19,0,0,UP,763959114943,"R"
264507,69,18,0,0,DOWN,764039139543,"E"
264507,71,34,0,0,UP,764047145543,"G"
264507,78,49,0,0,DOWN,764135125443,"N"
264507,69,18,0,0,UP,764150984943,"E"
264507,78,49,0,0,UP,764191078543,"N"
264507,76,38,0,0,DOWN,764239088043,"L"
264507,76,38,0,0,UP,764295060743,"L"
264507,65,30,0,0,DOWN,764335144643,"A"
264507,65,30,0,0,UP,764383096643,"A"
264507,78,49,0,0,DOWN,764439076443,"N"
264507,78,49,0,0,UP,764487069243,"N"
264507,68,32,0,0,DOWN,764543091543,"D"
264507,70,33,0,0,DOWN,764639103343,"F"
264507,68,32,0,0,UP,764647180143,"D"
264507,70,33,0,0,UP,764711085443,"F"
264507,72,35,0,0,DOWN,764743069743,"H"
264507,72,35,0,0,UP,764839107243,"H"
264507,66,48,0,0,DOWN,764840031743,"B"
264507,85,22,0,0,DOWN,764943080343,"U"
264507,66,48,0,0,UP,764959110243,"B"
264507,82,19,0,0,DOWN,765039110843,"R"
264507,85,22,0,0,UP,765047144443,"U"
264507,71,34,0,0,DOWN,765143098743,"G"
264507,82,19,0,0,UP,765159115443,"R"
264507,69,18,0,0,DOWN,765239070843,"E"
264507,71,34,0,0,UP,765247104843,"G"
264507,69,18,0,0,UP,765343115243,"E"
264507,78,49,0,0,DOWN,765344092243,"N"
264507,78,49,0,0,UP,765398994143,"N"
264507,76,38,0,0,DOWN,765439155243,"L"
264507,76,38,0,0,UP,765495081043,"L"
264507,65,30,0,0,DOWN,765543135043,"A"
264507,65,30,0,0,UP,765583120243,"A"
264507,78,49,0,0,DOWN,765639069543,"N"
264507,78,49,0,0,UP,765695071943,"N"
264507,68,32,0,0,DOWN,765743071543,"D"
264507,70,33,0,0,DOWN,765839072743,"F"
264507,68,32,0,0,UP,765855106743,"D"
264507,70,33,0,0,UP,765919087343,"F"
264507,72,35,0,0,DOWN,765943115643,"H"
264507,72,35,0,0,UP,766039165943,"H"
264507,66,48,0,0,DOWN,766039940343,"B"
264507,85,22,0,0,DOWN,766134883843,"U"
264507,66,48,0,0,UP,766159160243,"B"
264507,85,22,0,0,UP,766239123143,"U"
264507,82,19,0,0,DOWN,766240038343,"R"
264507,71,34,0,0,DOWN,766334887243,"G"
264507,82,19,0,0,UP,766351121143,"R"
264507,69,18,0,0,DOWN,766447151543,"E"
264507,71,34,0,0,UP,766455090443,"G"
264507,78,49,0,0,DOWN,766534920543,"N"
264507,69,18,0,0,UP,766543178943,"E"
264507,78,49,0,0,UP,766591162343,"N"
264507,76,38,0,0,DOWN,766639154543,"L"
264507,76,38,0,0,UP,766694877343,"L"
264507,65,30,0,0,DOWN,766742798143,"A"
264507,65,30,0,0,UP,766782990843,"A"
264507,78,49,0,0,DOWN,766838859143,"N"
264507,78,49,0,0,UP,766886866643,"N"
264507,68,32,0,0,DOWN,766943112443,"D"
264507,70,33,0,0,DOWN,767039095943,"F"
264507,68,32,0,0,UP,767047086043,"D"
264507,70,33,0,0,UP,767111091743,"F"
264507,72,35,0,0,DOWN,767143157343,"H"
264507,66,48,0,0,DOWN,767239091243,"B"
264507,72,35,0,0,UP,767247113143,"H"
264507,85,22,0,0,DOWN,767343113743,"U"
264507,66,48,0,0,UP,767359138843,"B"
264507,82,19,0,0,DOWN,767439094543,"R"
264507,85,22,0,0,UP,767447085843,"U"
264507,71,34,0,0,DOWN,767543110243,"G"
264507,82,19,0,0,UP,767559149843,"R"
264507,69,18,0,0,DOWN,767639146943,"E"
264507,71,34,0,0,UP,767655126843,"G"
264507,69,18,0,0,UP,767743149143,"E"
264507,78,49,0,0,DOWN,767743925043,"N"
264507,78,49,0,0,UP,767799112043,"N"
264507,76,38,0,0,DOWN,767839119043,"L"
264507,76,38,0,0,UP,767902871143,"L"
264507,65,30,0,0,DOWN,767935206543,"A"
264507,65,30,0,0,UP,767983135943,"A"
264507,78,49,0,0,DOWN,768039129043,"N"
264507,78,49,0,0,UP,768087091443,"N"
264507,68,32,0,0,DOWN,768142901143,"D"
264507,70,33,0,0,DOWN,768239140743,"F"
264507,68,32,0,0,UP,768255132243,"D"
264507,70,33,0,0,UP,768311132743,"F"
264507,72,35,0,0,DOWN,768335277743,"H"
264507,66,48,0,0,DOWN,768438923143,"B"
264507,72,35,0,0,UP,768447088443,"H"
264507,85,22,0,0,DOWN,768535200943,"U"
264507,66,48,0,0,UP,768559093243,"B"
264507,82,19,0,0,DOWN,768639117143,"R"
264507,85,22,0,0,UP,768647109043,"U"
264507,71,34,0,0,DOWN,768735189043,"G"
264507,82,19,0,0,UP,768759139143,"R"
264507,69,18,0,0,DOWN,768839198643,"E"
264507,71,34,0,0,UP,768846790843,"G"
264507,69,18,0,0,UP,768943099643,"E"
264507,78,49,0,0,DOWN,768943631243,"N"
264507,78,49,0,0,UP,768999127943,"N"
264507,76,38,0,0,DOWN,769039146943,"L"
264507,76,38,0,0,UP,769095150043,"L"
264507,65,30,0,0,DOWN,769143173643,"A"
264507,65,30,0,0,UP,769182909843,"A"
264507,78,49,0,0,DOWN,769239162543,"N"
264507,78,49,0,0,UP,769294896643,"N"
264507,68,32,0,0,DOWN,769343157843,"D"
264507,70,33,0,0,DOWN,769439112043,"F"
264507,68,32,0,0,UP,769447118143,"D"
264507,70,33,0,0,UP,769519137743,"F"
264507,72,35,0,0,DOWN,769543133643,"H"
264507,72,35,0,0,UP,769638959443,"H"
264507,66,48,0,0,DOWN,769639809543,"B"
264507,85,22,0,0,DOWN,769743106743,"U"
264507,66,48,0,0,UP,769759116543,"B"
264507,82,19,0,0,DOWN,769839158243,"R"
264507,85,22,0,0,UP,769855008843,"U"
264507,71,34,0,0,DOWN,769943121843,"G"
264507,82,19,0,0,UP,769959105643,"R"
264507,69,18,0,0,DOWN,770039155143,"E"
264507,71,34,0,0,UP,770047214743,"G"
264507,69,18,0,0,UP,770143214843,"E"
264507,78,49,0,0,DOWN,770144037343,"N"
264507,78,49,0,0,UP,770199101043,"N"
264507,76,38,0,0,DOWN,770239174043,"L"
264507,76,38,0,0,UP,770303225543,"L"
264507,65,30,0,0,DOWN,770335161443,"A"
264507,65,30,0,0,UP,770383149743,"A"
264507,78,49,0,0,DOWN,770438887343,"N"
264507,78,49,0,0,UP,770487257943,"N"
264507,68,32,0,0,DOWN,770543198343,"D"
264507,70,33,0,0,DOWN,770639174743,"F"
264507,68,32,0,0,UP,770647148243,"D"
264507,70,33,0,0,UP,770711150243,"F"
264507,72,35,0,0,DOWN,770735128843,"H"
264507,72,35,0,0,UP,770839142043,"H"
264507,66,48,0,0,DOWN,770840119543,"B"
264507,85,22,0,0,DOWN,770943157943,"U"
264507,66,48,0,0,UP,770959153643,"B"
264507,82,19,0,0,DOWN,771039124543,"R"
264507,85,22,0,0,UP,771047150843,"U"
264507,71,34,0,0,DOWN,771143137743,"G"
264507,82,19,0,0,UP,771159113043,"R"
264507,69,18,0,0,DOWN,771238823643,"E"
264507,71,34,0,0,UP,771247145143,"G"
264507,69,18,0,0,UP,771343133343,"E"
264507,78,49,0,0,DOWN,771344125943,"N"
264507,78,49,0,0,UP,771398981443,"N"
264507,76,38,0,0,DOWN,771438949243,"L"
264507,76,38,0,0,UP,771495094243,"L"
264507,65,30,0,0,DOWN,771543102143,"A"
264507,65,30,0,0,UP,771583151943,"A"
264507,78,49,0,0,DOWN,771638944943,"N"
264507,78,49,0,0,UP,771695141743,"N"
264507,68,32,0,0,DOWN,771743116443,"D"
264507,70,33,0,0,DOWN,771838932343,"F"
264507,68,32,0,0,UP,771854901643,"D"
264507,70,33,0,0,UP,771919201943,"F"
264507,72,35,0,0,DOWN,771943244443,"H"
264507,72,35,0,0,UP,772038979343,"H"
264507,66,48,0,0,DOWN,772039867243,"B"
264507,85,22,0,0,DOWN,772143174543,"U"
264507,66,48,0,0,UP,772159291943,"B"
264507,85,22,0,0,UP,772239099843,"U"
264507,82,19,0,0,DOWN,772239928243,"R"
264507,71,34,0,0,DOWN,772343228543,"G"
264507,82,19,0,0,UP,772358902343,"R"
264507,69,18,0,0,DOWN,772438903943,"E"
264507,71,34,0,0,UP,772447179943,"G"
264507,78,49,0,0,DOWN,772535132243,"N"
264507,69,18,0,0,UP,772543114543,"E"
264507,78,49,0,0,UP,772591123943,"N"
264507,76,38,0,0,DOWN,772639000843,"L"
264507,76,38,0,0,UP,772695156343,"L"
264507,65,30,0,0,DOWN,772735196043,"A"
264507,65,30,0,0,UP,772783205543,"A"
264507,78,49,0,0,DOWN,772838935443,"N"
264507,78,49,0,0,UP,772887154943,"N"
264507,68,32,0,0,DOWN,772943133243,"D"
264507,70,33,0,0,DOWN,773039041843,"F"
264507,68,32,0,0,UP,773047221643,"D"
264507,70,33,0,0,UP,773119181943,"F"
264507,72,35,0,0,DOWN,773143188143,"H"
264507,66,48,0,0,DOWN,773239262843,"B"
264507,72,35,0,0,UP,773247184043,"H"
264507,85,22,0,0,DOWN,773343175743,"U"
264507,66,48,0,0,UP,773359116843,"B"
264507,82,19,0,0,DOWN,773439209743,"R"
264507,85,22,0,0,UP,773447211443,"U"
264507,71,34,0,0,DOWN,773543187043,"G"
264507,82,19,0,0,UP,773558945943,"R"
264507,69,18,0,0,DOWN,773639349043,"E"
264507,71,34,0,0,UP,773647181243,"G"
264507,69,18,0,0,UP,773743228743,"E"
264507,78,49,0,0,DOWN,773744215943,"N"
264507,78,49,0,0,UP,773799204743,"N"
264507,76,38,0,0,DOWN,773839222443,"L"
264507,76,38,0,0,UP,773903162143,"L"
264507,65,30,0,0,DOWN,773943128743,"A"
264507,65,30,0,0,UP,773983131943,"A"
264507,78,49,0,0,DOWN,774039263143,"N"
264507,78,49,0,0,UP,774095219343,"N"
264507,68,32,0,0,DOWN,774143178543,"D"
264507,70,33,0,0,DOWN,774239197343,"F"
264507,68,32,0,0,UP,774255188843,"D"
264507,70,33,0,0,UP,774311206743,"F"
264507,72,35,0,0,DOWN,774343207043,"H"
264507,72,35,0,0,UP,774439146843,"H"
264507,66,48,0,0,DOWN,774439952043,"B"
264507,85,22,0,0,DOWN,774535171943,"U"
264507,66,48,0,0,UP,774558939543,"B"
264507,85,22,0,0,UP,774639280843,"U"
264507,82,19,0,0,DOWN,774640347543,"R"
264507,71,34,0,0,DOWN,774735165043,"G"
264507,82,19,0,0,UP,774759068343,"R"
264507,69,18,0,0,DOWN,774847202743,"E"
264507,71,34,0,0,UP,774855174743,"G"
264507,78,49,0,0,DOWN,774935182043,"N"
264507,69,18,0,0,UP,774942992943,"E"
264507,78,49,0,0,UP,774990945043,"N"
264507,76,38,0,0,DOWN,775039201543,"L"
264507,76,38,0,0,UP,775095168743,"L"
264507,65,30,0,0,DOWN,775135196143,"A"
264507,65,30,0,0,UP,775183291343,"A"
264507,78,49,0,0,DOWN,775239198743,"N"
264507,78,49,0,0,UP,775295197243,"N"
264507,68,32,0,0,DOWN,775343227343,"D"
264507,70,33,0,0,DOWN,775439161043,"F"
264507,68,32,0,0,UP,775447176643,"D"
264507,70,33,0,0,UP,775511252043,"F"
264507,72,35,0,0,DOWN,775542984343,"H"
264507,66,48,0,0,DOWN,775639178443,"B"
264507,72,35,0,0,UP,775647212443,"H"
264507,85,22,0,0,DOWN,775743226643,"U"
264507,66,48,0,0,UP,775758974443,"B"
264507,82,19,0,0,DOWN,775839270043,"R"
264507,85,22,0,0,UP,775847231643,"U"
264507,71,34,0,0,DOWN,775943201043,"G"
264507,82,19,0,0,UP,775959355943,"R"
264507,69,18,0,0,DOWN,776039184943,"E"
264507,71,34,0,0,UP,776055201543,"G"
264507,69,18,0,0,UP,776143197543,"E"
264507,78,49,0,0,DOWN,776144168343,"N"
264507,78,49,0,0,UP,776198988143,"N"
264507,76,38,0,0,DOWN,776238880143,"L"
264507,76,38,0,0,UP,776303259343,"L"
264507,65,30,0,0,DOWN,776342964443,"A"
264507,65,30,0,0,UP,776383171343,"A"
264507,78,49,0,0,DOWN,776439287743,"N"
264507,78,49,0,0,UP,776495225843,"N"
264507,68,32,0,0,DOWN,776542930043,"D"
264507,70,33,0,0,DOWN,776639152443,"F"
264507,68,32,0,0,UP,776655201743,"D"
264507,70,33,0,0,UP,776719283843,"F"
264507,72,35,0,0,DOWN,776735218343,"H"
264507,66,48,0,0,DOWN,776839154443,"B"
264507,72,35,0,0,UP,776847213143,"H"
264507,85,22,0,0,DOWN,776935172743,"U"
264507,66,48,0,0,UP,776967151543,"B"
264507,82,19,0,0,DOWN,777039267943,"R"
264507,85,22,0,0,UP,777047199643,"U"
264507,71,34,0,0,DOWN,777135189343,"G"
264507,82,19,0,0,UP,777159007143,"R"
264507,69,18,0,0,DOWN,777247209643,"E"
264507,71,34,0,0,UP,777254877443,"G"
264507,69,18,0,0,UP,777342997743,"E"
264507,78,49,0,0,DOWN,777343830243,"N"
264507,78,49,0,0,UP,777407266443,"N"
264507,76,38,0,0,DOWN,777439214543,"L"
264507,76,38,0,0,UP,777503182143,"L"
264507,65,30,0,0,DOWN,777542983243,"A"
264507,65,30,0,0,UP,777583225243,"A"
264507,78,49,0,0,DOWN,777639247643,"N"
264507,78,49,0,0,UP,777703199443,"N"
264507,68,32,0,0,DOWN,777742991043,"D"
264507,70,33,0,0,DOWN,777839212343,"F"
264507,68,32,0,0,UP,777847263543,"D"
264507,70,33,0,0,UP,777911210743,"F"
264507,72,35,0,0,DOWN,777942942343,"H"
264507,72,35,0,0,UP,778039208543,"H"
264507,66,48,0,0,DOWN,778047178343,"B"
264507,85,22,0,0,DOWN,778142959743,"U"
264507,66,48,0,0,UP,778159407943,"B"
264507,82,19,0,0,DOWN,778239218443,"R"
264507,85,22,0,0,UP,778255204843,"U"
264507,71,34,0,0,DOWN,778342973543,"G"
264507,82,19,0,0,UP,778359320643,"R"
264507,69,18,0,0,DOWN,778439204943,"E"
264507,71,34,0,0,UP,778455206343,"G"
264507,78,49,0,0,DOWN,778543031543,"N"
264507,69,18,0,0,UP,778551216743,"E"
264507,78,49,0,0,UP,778599198443,"N"
264507,76,38,0,0,DOWN,778638968343,"L"
264507,76,38,0,0,UP,778702978343,"L"
264507,65,30,0,0,DOWN,778735131643,"A"
264507,65,30,0,0,UP,778783175743,"A"
264507,78,49,0,0,DOWN,778839288143,"N"
264507,78,49,0,0,UP,778895305543,"N"
264507,68,32,0,0,DOWN,778943245743,"D"
264507,70,33,0,0,DOWN,779038993843,"F"
264507,68,32,0,0,UP,779055229743,"D"
264507,70,33,0,0,UP,779119318243,"F"
264507,72,35,0,0,DOWN,779134984843,"H"
264507,66,48,0,0,DOWN,779239242643,"B"
264507,72,35,0,0,UP,779247034743,"H"
264507,85,22,0,0,DOWN,779335236043,"U"
264507,66,48,0,0,UP,779359272243,"B"
264507,82,19,0,0,DOWN,779439261243,"R"
264507,85,22,0,0,UP,779447177143,"U"
264507,71,34,0,0,DOWN,779543342043,"G"
264507,82,19,0,0,UP,779559247843,"R"
264507,69,18,0,0,DOWN,779639207043,"E"
264507,71,34,0,0,UP,779647254743,"G"
264507,69,18,0,0,UP,779743247143,"E"
264507,78,49,0,0,DOWN,779744428343,"N"
264507,78,49,0,0,UP,779807099043,"N"
264507,76,38,0,0,DOWN,779839239743,"L"
264507,76,38,0,0,UP,779903194243,"L"
264507,65,30,0,0,DOWN,779943247443,"A"
264507,65,30,0,0,UP,779983253143,"A"
264507,78,49,0,0,DOWN,780039241843,"N"
264507,78,49,0,0,UP,780103199543,"N"
264507,68,32,0,0,DOWN,780143234343,"D"
264507,70,33,0,0,DOWN,780239262343,"F"
264507,68,32,0,0,UP,780255236643,"D"
264507,70,33,0,0,UP,780319221443,"F"
264507,72,35,0,0,DOWN,780343252743,"H"
264507,72,35,0,0,UP,780439266443,"H"
264507,66,48,0,0,DOWN,780440132043,"B"
264507,85,22,0,0,DOWN,780543242343,"U"
264507,66,48,0,0,UP,780559275843,"B"
264507,82,19,0,0,DOWN,780639234943,"R"
264507,85,22,0,0,UP,780655237343,"U"
264507,71,34,0,0,DOWN,780743239943,"G"
264507,82,19,0,0,UP,780759229143,"R"
264507,69,18,0,0,DOWN,780839212643,"E"
264507,71,34,0,0,UP,780847177543,"G"
264507,69,18,0,0,UP,780943079843,"E"
264507,78,49,0,0,DOWN,780944083143,"N"
264507,78,49,0,0,UP,780999274543,"N"
264507,76,38,0,0,DOWN,781039224943,"L"
264507,76,38,0,0,UP,781094983043,"L"
264507,65,30,0,0,DOWN,781135220643,"A"
264507,65,30,0,0,UP,781183212943,"A"
264507,78,49,0,0,DOWN,781239228843,"N"
264507,78,49,0,0,UP,781295073443,"N"
264507,68,32,0,0,DOWN,781343264543,"D"
264507,70,33,0,0,DOWN,781439112443,"F"
264507,68,32,0,0,UP,781455212443,"D"
264507,70,33,0,0,UP,781511292943,"F"
264507,72,35,0,0,DOWN,781535223643,"H"
264507,72,35,0,0,UP,781639252343,"H"
264507,66,48,0,0,DOWN,781640150343,"B"
264507,85,22,0,0,DOWN,781743296543,"U"
264507,66,48,0,0,UP,781759252743,"B"
264507,82,19,0,0,DOWN,781839245543,"R"
264507,85,22,0,0,UP,781847249943,"U"
264507,71,34,0,0,DOWN,781943218543,"G"
264507,82,19,0,0,UP,781959208843,"R"
264507,69,18,0,0,DOWN,782039227443,"E"
264507,71,34,0,0,UP,782047209743,"G"
264507,78,49,0,0,DOWN,782143219243,"N"
264507,69,18,0,0,UP,782151212443,"E"
264507,78,49,0,0,UP,782207247043,"N"
264507,76,38,0,0,DOWN,782239250843,"L"
264507,76,38,0,0,UP,782303229743,"L"
264507,65,30,0,0,DOWN,782343238243,"A"
264507,65,30,0,0,UP,782383256243,"A"
264507,78,49,0,0,DOWN,782439265143,"N"
264507,78,49,0,0,UP,782503259143,"N"
264507,68,32,0,0,DOWN,782543242343,"D"
264507,70,33,0,0,DOWN,782639213643,"F"
264507,68,32,0,0,UP,782655229943,"D"
264507,70,33,0,0,UP,782719237843,"F"
264507,72,35,0,0,DOWN,782743284043,"H"
264507,66,48,0,0,DOWN,782839284543,"B"
264507,72,35,0,0,UP,782846898143,"H"
264507,85,22,0,0,DOWN,782943298343,"U"
264507,66,48,0,0,UP,782967021043,"B"
264507,82,19,0,0,DOWN,783039282343,"R"
264507,85,22,0,0,UP,783055246343,"U"
264507,71,34,0,0,DOWN,783143254043,"G"
264507,82,19,0,0,UP,783159264143,"R"
264507,69,18,0,0,DOWN,783239264443,"E"
264507,71,34,0,0,UP,783255283843,"G"
264507,69,18,0,0,UP,783343306243,"E"
264507,78,49,0,0,DOWN,783344267943,"N"
264507,78,49,0,0,UP,783398985043,"N"
264507,76,38,0,0,DOWN,783439230543,"L"
264507,76,38,0,0,UP,783495217943,"L"
264507,65,30,0,0,DOWN,783535253143,"A"
264507,65,30,0,0,UP,783591254943,"A"
264507,78,49,0,0,DOWN,783639261043,"N"
264507,78,49,0,0,UP,783703260343,"N"
264507,68,32,0,0,DOWN,783742998143,"D"
264507,70,33,0,0,DOWN,783839254043,"F"
264507,68,32,0,0,UP,783855238343,"D"
264507,70,33,0,0,UP,783911269543,"F"
264507,72,35,0,0,DOWN,783935256943,"H"
264507,66,48,0,0,DOWN,784039303543,"B"
264507,72,35,0,0,UP,784047047343,"H"
264507,85,22,0,0,DOWN,784143247443,"U"
264507,66,48,0,0,UP,784159225243,"B"
264507,82,19,0,0,DOWN,784239288543,"R"
264507,85,22,0,0,UP,784247059943,"U"
264507,71,34,0,0,DOWN,784343254543,"G"
264507,82,19,0,0,UP,784351262943,"R"
264507,69,18,0,0,DOWN,784439277043,"E"
264507,71,34,0,0,UP,784446953843,"G"
264507,69,18,0,0,UP,784543234243,"E"
264507,78,49,0,0,DOWN,784544160143,"N"
264507,78,49,0,0,UP,784599252643,"N"
264507,76,38,0,0,DOWN,784639231643,"L"
264507,76,38,0,0,UP,784695301043,"L"
264507,65,30,0,0,DOWN,784742979343,"A"
264507,65,30,0,0,UP,784783124243,"A"
264507,78,49,0,0,DOWN,784839223143,"N"
264507,78,49,0,0,UP,784903241043,"N"
264507,68,32,0,0,DOWN,784943240243,"D"
264507,70,33,0,0,DOWN,785039358543,"F"
264507,68,32,0,0,UP,785055273043,"D"
264507,70,33,0,0,UP,785119263743,"F"
264507,72,35,0,0,DOWN,785143312043,"H"
264507,66,48,0,0,DOWN,785239317743,"B"
264507,72,35,0,0,UP,785255272943,"H"
264507,85,22,0,0,DOWN,785343247943,"U"
264507,66,48,0,0,UP,785359251643,"B"
264507,82,19,0,0,DOWN,785439252043,"R"
264507,85,22,0,0,UP,785447253643,"U"
264507,71,34,0,0,DOWN,785543285043,"G"
264507,82,19,0,0,UP,785559293443,"R"
264507,69,18,0,0,DOWN,785639264643,"E"
264507,71,34,0,0,UP,785647001443,"G"
264507,78,49,0,0,DOWN,785735315743,"N"
264507,69,18,0,0,UP,785751275243,"E"
264507,78,49,0,0,UP,785799252043,"N"
264507,76,38,0,0,DOWN,785839341143,"L"
264507,76,38,0,0,UP,785895326443,"L"
264507,65,30,0,0,DOWN,785935314843,"A"
264507,65,30,0,0,UP,785991268243,"A"
264507,78,49,0,0,DOWN,786039326643,"N"
264507,78,49,0,0,UP,786111247843,"N"
264507,68,32,0,0,DOWN,786143252443,"D"
264507,70,33,0,0,DOWN,786239265943,"F"
264507,68,32,0,0,UP,786255296943,"D"
264507,70,33,0,0,UP,786319284443,"F"
264507,72,35,0,0,DOWN,786343255843,"H"
264507,66,48,0,0,DOWN,786439117243,"B"
264507,72,35,0,0,UP,786446972443,"H"
264507,85,22,0,0,DOWN,786543315743,"U"
264507,66,48,0,0,UP,786567234543,"B"
264507,82,19,0,0,DOWN,786639298343,"R"
264507,85,22,0,0,UP,786647285143,"U"
264507,71,34,0,0,DOWN,786743249643,"G"
264507,82,19,0,0,UP,786759248843,"R"
264507,69,18,0,0,DOWN,786839247443,"E"
264507,71,34,0,0,UP,786847259943,"G"
264507,69,18,0,0,UP,786935244443,"E"
264507,78,49,0,0,DOWN,786943255143,"N"
264507,78,49,0,0,UP,786999055643,"N"
264507,76,38,0,0,DOWN,787039325643,"L"
264507,76,38,0,0,UP,787095049843,"L"
264507,65,30,0,0,DOWN,787143285743,"A"
264507,65,30,0,0,UP,787183073843,"A"
264507,78,49,0,0,DOWN,787239298943,"N"
264507,78,49,0,0,UP,787295258743,"N"
264507,68,32,0,0,DOWN,787343326943,"D"
264507,70,33,0,0,DOWN,787439262043,"F"
264507,68,32,0,0,UP,787455287643,"D"
264507,70,33,0,0,UP,787511339843,"F"
264507,72,35,0,0,DOWN,787543292843,"H"
264507,72,35,0,0,UP,787639281943,"H"
264507,66,48,0,0,DOWN,787640091943,"B"
264507,85,22,0,0,DOWN,787743305743,"U"
264507,66,48,0,0,UP,787759287643,"B"
264507,82,19,0,0,DOWN,787839318043,"R"
264507,85,22,0,0,UP,787847328843,"U"
264507,71,34,0,0,DOWN,787943311243,"G"
264507,82,19,0,0,UP,787959308343,"R"
264507,69,18,0,0,DOWN,788039337143,"E"
264507,71,34,0,0,UP,788047315143,"G"
264507,78,49,0,0,DOWN,788135301643,"N"
264507,69,18,0,0,UP,788151041143,"E"
264507,78,49,0,0,UP,788207294643,"N"
264507,76,38,0,0,DOWN,788239303143,"L"
264507,76,38,0,0,UP,788295339143,"L"
264507,65,30,0,0,DOWN,788335314743,"A"
264507,65,30,0,0,UP,788391294043,"A"
264507,78,49,0,0,DOWN,788439334443,"N"
264507,78,49,0,0,UP,788503259243,"N"
264507,68,32,0,0,DOWN,788543285843,"D"
264507,70,33,0,0,DOWN,788639332343,"F"
264507,68,32,0,0,UP,788655314643,"D"
264507,70,33,0,0,UP,788711019743,"F"
264507,72,35,0,0,DOWN,788743284343,"H"
264507,66,48,0,0,DOWN,788839293743,"B"
264507,72,35,0,0,UP,788847295443,"H"
264507,85,22,0,0,DOWN,788943328543,"U"
264507,66,48,0,0,UP,788967173343,"B"
264507,82,19,0,0,DOWN,789039318143,"R"
264507,85,22,0,0,UP,789047303943,"U"
264507,71,34,0,0,DOWN,789143315443,"G"
264507,82,19,0,0,UP,789159297443,"R"
264507,69,18,0,0,DOWN,789239370343,"E"
264507,71,34,0,0,UP,789247370843,"G"
264507,78,49,0,0,DOWN,789343306243,"N"
264507,69,18,0,0,UP,789350961143,"E"
264507,78,49,0,0,UP,789399199443,"N"
264507,76,38,0,0,DOWN,789439334943,"L"
264507,76,38,0,0,UP,789495349443,"L"
264507,65,30,0,0,DOWN,789543294943,"A"
264507,65,30,0,0,UP,789583422543,"A"
264507,78,49,0,0,DOWN,789639289843,"N"
264507,78,49,0,0,UP,789703339443,"N"
264507,68,32,0,0,DOWN,789743366143,"D"
264507,70,33,0,0,DOWN,789839355143,"F"
264507,68,32,0,0,UP,789855294343,"D"
264507,70,33,0,0,UP,789919277243,"F"
264507,72,35,0,0,DOWN,789943314743,"H"
264507,72,35,0,0,UP,790039337743,"H"
264507,66,48,0,0,DOWN,790040164543,"B"
264507,85,22,0,0,DOWN,790143288143,"U"
264507,66,48,0,0,UP,790159285843,"B"
264507,82,19,0,0,DOWN,790239326143,"R"
264507,85,22,0,0,UP,790255303843,"U"
264507,71,34,0,0,DOWN,790343069043,"G"
264507,82,19,0,0,UP,790359089643,"R"
264507,69,18,0,0,DOWN,790447361943,"E"
264507,71,34,0,0,UP,790455291143,"G"
264507,69,18,0,0,UP,790535094043,"E"
264507,78,49,0,0,DOWN,790536087743,"N"
264507,78,49,0,0,UP,790607312143,"N"
264507,76,38,0,0,DOWN,790639371143,"L"
264507,76,38,0,0,UP,790695307143,"L"
264507,65,30,0,0,DOWN,790735081743,"A"
264507,65,30,0,0,UP,790791300843,"A"
264507,78,49,0,0,DOWN,790839298943,"N"
264507,78,49,0,0,UP,790895362443,"N"
264507,68,32,0,0,DOWN,790943347843,"D"
264507,70,33,0,0,DOWN,791039344343,"F"
264507,68,32,0,0,UP,791047260143,"D"
264507,70,33,0,0,UP,791111297343,"F"
264507,72,35,0,0,DOWN,791143325543,"H"
264507,72,35,0,0,UP,791239239943,"H"
264507,66,48,0,0,DOWN,791239867643,"B"
264507,85,22,0,0,DOWN,791343262643,"U"
264507,66,48,0,0,UP,791359291543,"B"
264507,82,19,0,0,DOWN,791439275543,"R"
264507,85,22,0,0,UP,791447278343,"U"
264507,71,34,0,0,DOWN,791543298343,"G"
264507,82,19,0,0,UP,791559290143,"R"
264507,69,18,0,0,DOWN,791639165543,"E"
264507,71,34,0,0,UP,791647291143,"G"
264507,78,49,0,0,DOWN,791743299043,"N"
264507,69,18,0,0,UP,791751345643,"E"
264507,78,49,0,0,UP,791799338643,"N"
264507,76,38,0,0,DOWN,791839082343,"L"
264507,76,38,0,0,UP,791895365443,"L"
264507,65,30,0,0,DOWN,791943312843,"A"
264507,65,30,0,0,UP,791983100043,"A"
264507,78,49,0,0,DOWN,792039400443,"N"
264507,78,49,0,0,UP,792103096343,"N"
264507,68,32,0,0,DOWN,792143385143,"D"
264507,70,33,0,0,DOWN,792239300143,"F"
264507,68,32,0,0,UP,792255325643,"D"
264507,70,33,0,0,UP,792311166543,"F"
264507,72,35,0,0,DOWN,792343340943,"H"
264507,72,35,0,0,UP,792439332843,"H"
264507,66,48,0,0,DOWN,792440257743,"B"
264507,85,22,0,0,DOWN,792543312543,"U"
264507,66,48,0,0,UP,792559327843,"B"
264507,82,19,0,0,DOWN,792639360643,"R"
264507,85,22,0,0,UP,792655314443,"U"
264507,71,34,0,0,DOWN,792743361343,"G"
264507,82,19,0,0,UP,792751348143,"R"
264507,69,18,0,0,DOWN,792847388643,"E"
264507,71,34,0,0,UP,792855331443,"G"
264507,78,49,0,0,DOWN,792935326043,"N"
264507,69,18,0,0,UP,792951356343,"E"
264507,78,49,0,0,UP,793007404343,"N"
264507,76,38,0,0,DOWN,793039389343,"L"
264507,76,38,0,0,UP,793095311043,"L"
264507,65,30,0,0,DOWN,793135336143,"A"
264507,65,30,0,0,UP,793183173243,"A"
264507,78,49,0,0,DOWN,793239327343,"N"
264507,78,49,0,0,UP,793295298743,"N"
264507,68,32,0,0,DOWN,793343376543,"D"
264507,70,33,0,0,DOWN,793439369043,"F"
264507,68,32,0,0,UP,793447308143,"D"
264507,70,33,0,0,UP,793511329343,"F"
264507,72,35,0,0,DOWN,793543364643,"H"
264507,72,35,0,0,UP,793639353043,"H"
264507,66,48,0,0,DOWN,793640093443,"B"
264507,85,22,0,0,DOWN,793743331843,"U"
264507,66,48,0,0,UP,793767362043,"B"
264507,82,19,0,0,DOWN,793839363443,"R"
264507,85,22,0,0,UP,793847323443,"U"
264507,71,34,0,0,DOWN,793943371643,"G"
264507,82,19,0,0,UP,793959067443,"R"
264507,69,18,0,0,DOWN,794039347143,"E"
264507,71,34,0,0,UP,794047075243,"G"
264507,78,49,0,0,DOWN,794143344443,"N"
264507,69,18,0,0,UP,794151336843,"E"
264507,78,49,0,0,UP,794207321543,"N"
264507,76,38,0,0,DOWN,794239388443,"L"
264507,76,38,0,0,UP,794295384543,"L"
264507,65,30,0,0,DOWN,794343318643,"A"
264507,65,30,0,0,UP,794383312343,"A"
264507,78,49,0,0,DOWN,794439059543,"N"
264507,78,49,0,0,UP,794503357243,"N"
264507,68,32,0,0,DOWN,794543322243,"D"
264507,70,33,0,0,DOWN,794639325543,"F"
264507,68,32,0,0,UP,794655134143,"D"
264507,70,33,0,0,UP,794711349143,"F"
264507,72,35,0,0,DOWN,794743418043,"H"
264507,66,48,0,0,DOWN,794839351743,"B"
264507,72,35,0,0,UP,794847347743,"H"
264507,85,22,0,0,DOWN,794935363443,"U"
264507,66,48,0,0,UP,794959351143,"B"
264507,82,19,0,0,DOWN,795039363143,"R"
264507,85,22,0,0,UP,795047385843,"U"
264507,71,34,0,0,DOWN,795135427743,"G"
264507,82,19,0,0,UP,795151359643,"R"
264507,71,34,0,0,UP,795247391343,"G"
264507,69,18,0,0,DOWN,795248333143,"E"
264507,78,49,0,0,DOWN,795335355443,"N"
264507,69,18,0,0,UP,795351348643,"E"
264507,78,49,0,0,UP,795399378643,"N"
264507,76,38,0,0,DOWN,795439139043,"L"
264507,76,38,0,0,UP,795495373543,"L"
264507,65,30,0,0,DOWN,795543468743,"A"
264507,65,30,0,0,UP,795583421543,"A"
264507,78,49,0,0,DOWN,795639314543,"N"
264507,78,49,0,0,UP,795703318443,"N"
264507,68,32,0,0,DOWN,795743382343,"D"
264507,70,33,0,0,DOWN,795839308743,"F"
264507,68,32,0,0,UP,795847313243,"D"
264507,70,33,0,0,UP,795919384243,"F"
264507,72,35,0,0,DOWN,795943372443,"H"
264507,72,35,0,0,UP,796039105243,"H"
264507,66,48,0,0,DOWN,796039920643,"B"
264507,85,22,0,0,DOWN,796143411243,"U"
264507,66,48,0,0,UP,796159394143,"B"
264507,82,19,0,0,DOWN,796239091443,"R"
264507,85,22,0,0,UP,796247328943,"U"
264507,71,34,0,0,DOWN,796343221143,"G"
264507,82,19,0,0,UP,796359326143,"R"
264507,69,18,0,0,DOWN,796439109443,"E"
264507,71,34,0,0,UP,796455342943,"G"
264507,69,18,0,0,UP,796543396343,"E"
264507,78,49,0,0,DOWN,796544415543,"N"
264507,78,49,0,0,UP,796599370243,"N"
264507,76,38,0,0,DOWN,796639267343,"L"
264507,76,38,0,0,UP,796695279043,"L"
264507,65,30,0,0,DOWN,796743376243,"A"
264507,65,30,0,0,UP,796783390943,"A"
264507,78,49,0,0,DOWN,796839225343,"N"
264507,78,49,0,0,UP,796895304643,"N"
264507,68,32,0,0,DOWN,796943327243,"D"
264507,70,33,0,0,DOWN,797039144643,"F"
264507,68,32,0,0,UP,797055468843,"D"
264507,70,33,0,0,UP,797111334643,"F"
264507,72,35,0,0,DOWN,797143386843,"H"
264507,72,35,0,0,UP,797247413143,"H"
264507,66,48,0,0,DOWN,797248412543,"B"
264507,85,22,0,0,DOWN,797335384443,"U"
264507,66,48,0,0,UP,797359408543,"B"
264507,82,19,0,0,DOWN,797439335443,"R"
264507,85,22,0,0,UP,797447331443,"U"
264507,71,34,0,0,DOWN,797535392943,"G"
264507,82,19,0,0,UP,797551317043,"R"
264507,69,18,0,0,DOWN,797647378043,"E"
264507,71,34,0,0,UP,797663382843,"G"
264507,78,49,0,0,DOWN,797743408443,"N"
264507,69,18,0,0,UP,797751397743,"E"
264507,78,49,0,0,UP,797807273443,"N"
264507,76,38,0,0,DOWN,797839541343,"L"
264507,76,38,0,0,UP,797895386243,"L"
264507,65,30,0,0,DOWN,797943341443,"A"
264507,65,30,0,0,UP,797983444743,"A"
264507,78,49,0,0,DOWN,798039550143,"N"
264507,78,49,0,0,UP,798103377743,"N"
264507,68,32,0,0,DOWN,798143460843,"D"
264507,70,33,0,0,DOWN,798239415243,"F"
264507,68,32,0,0,UP,798247404643,"D"
264507,70,33,0,0,UP,798319374143,"F"
264507,72,35,0,0,DOWN,798343383943,"H"
264507,66,48,0,0,DOWN,798439340543,"B"
264507,72,35,0,0,UP,798447383443,"H"
264507,85,22,0,0,DOWN,798543335943,"U"
264507,66,48,0,0,UP,798559120543,"B"
264507,82,19,0,0,DOWN,798639156843,"R"
264507,85,22,0,0,UP,798647383343,"U"
264507,71,34,0,0,DOWN,798743415343,"G"
264507,82,19,0,0,UP,798751379543,"R"
264507,69,18,0,0,DOWN,798839372243,"E"
264507,71,34,0,0,UP,798847396943,"G"
264507,78,49,0,0,DOWN,798943412443,"N"
264507,69,18,0,0,UP,798951392043,"E"
264507,78,49,0,0,UP,798999405343,"N"
264507,76,38,0,0,DOWN,799039364343,"L"
264507,76,38,0,0,UP,799095426443,"L"
264507,65,30,0,0,DOWN,799135381143,"A"
264507,65,30,0,0,UP,799183135143,"A"
264507,78,49,0,0,DOWN,799239397643,"N"
264507,78,49,0,0,UP,799295370843,"N"
264507,68,32,0,0,DOWN,799343396543,"D"
264507,70,33,0,0,DOWN,799439376743,"F"
264507,68,32,0,0,UP,799455351143,"D"
264507,70,33,0,0,UP,799511374543,"F"
264507,72,35,0,0,DOWN,799535420943,"H"
264507,66,48,0,0,DOWN,799639402343,"B"
264507,72,35,0,0,UP,799647188543,"H"
264507,85,22,0,0,DOWN,799735335243,"U"
264507,66,48,0,0,UP,799759309343,"B"
264507,82,19,0,0,DOWN,799839440443,"R"
264507,85,22,0,0,UP,799847353143,"U"
264507,71,34,0,0,DOWN,799943365343,"G"
264507,82,19,0,0,UP,799959160843,"R"
264507,69,18,0,0,DOWN,800039383443,"E"
264507,71,34,0,0,UP,800047395143,"G"
264507,69,18,0,0,UP,800143403543,"E"
264507,78,49,0,0,DOWN,800144415243,"N"
264507,78,49,0,0,UP,800199380543,"N"
264507,76,38,0,0,DOWN,800239391843,"L"
264507,76,38,0,0,UP,800295363943,"L"
264507,65,30,0,0,DOWN,800343429943,"A"
264507,65,30,0,0,UP,800383414943,"A"
264507,78,49,0,0,DOWN,800439399843,"N"
264507,78,49,0,0,UP,800495375843,"N"
264507,68,32,0,0,DOWN,800543406843,"D"
264507,70,33,0,0,DOWN,800639127243,"F"
264507,68,32,0,0,UP,800647366843,"D"
264507,70,33,0,0,UP,800711401343,"F"
264507,72,35,0,0,DOWN,800743371143,"H"
264507,72,35,0,0,UP,800839417343,"H"
264507,66,48,0,0,DOWN,800840156443,"B"
264507,85,22,0,0,DOWN,800943372643,"U"
264507,66,48,0,0,UP,800959248943,"B"
264507,85,22,0,0,UP,801039469243,"U"
264507,82,19,0,0,DOWN,801040417143,"R"
264507,71,34,0,0,DOWN,801143368343,"G"
264507,82,19,0,0,UP,801159298143,"R"
264507,71,34,0,0,UP,801239431943,"G"
264507,69,18,0,0,DOWN,801240393443,"E"
264507,78,49,0,0,DOWN,801343382443,"N"
264507,69,18,0,0,UP,801351462043,"E"
264507,78,49,0,0,UP,801399385543,"N"
264507,76,38,0,0,DOWN,801439109043,"L"
264507,76,38,0,0,UP,801495349243,"L"
264507,65,30,0,0,DOWN,801535405143,"A"
264507,65,30,0,0,UP,801583428843,"A"
264507,78,49,0,0,DOWN,801639405643,"N"
264507,78,49,0,0,UP,801703383543,"N"
264507,68,32,0,0,DOWN,801743427243,"D"
264507,70,33,0,0,DOWN,801839430743,"F"
264507,68,32,0,0,UP,801847391543,"D"
264507,70,33,0,0,UP,801911408843,"F"
264507,72,35,0,0,DOWN,801935413343,"H"
264507,66,48,0,0,DOWN,802039441043,"B"
264507,72,35,0,0,UP,802047412843,"H"
264507,85,22,0,0,DOWN,802143162043,"U"
264507,66,48,0,0,UP,802151408743,"B"
264507,82,19,0,0,DOWN,802239457643,"R"
264507,85,22,0,0,UP,802247387243,"U"
264507,71,34,0,0,DOWN,802343189543,"G"
264507,82,19,0,0,UP,802359475643,"R"
264507,69,18,0,0,DOWN,802439382643,"E"
264507,71,34,0,0,UP,802447214643,"G"
264507,78,49,0,0,DOWN,802543190043,"N"
264507,69,18,0,0,UP,802551312443,"E"
264507,78,49,0,0,UP,802599396543,"N"
264507,76,38,0,0,DOWN,802639437243,"L"
264507,76,38,0,0,UP,802687417743,"L"
264507,65,30,0,0,DOWN,802743314343,"A"
264507,65,30,0,0,UP,802783428543,"A"
264507,78,49,0,0,DOWN,802839436743,"N"
264507,78,49,0,0,UP,802887410943,"N"
264507,68,32,0,0,DOWN,802943311843,"D"
264507,70,33,0,0,DOWN,803039412943,"F"
264507,68,32,0,0,UP,803055394343,"D"
264507,70,33,0,0,UP,803119407743,"F"
264507,72,35,0,0,DOWN,803143450343,"H"
264507,72,35,0,0,UP,803239120043,"H"
264507,66,48,0,0,DOWN,803255413743,"B"
264507,85,22,0,0,DOWN,803343435543,"U"
264507,66,48,0,0,UP,803359421943,"B"
264507,82,19,0,0,DOWN,803439428543,"R"
264507,85,22,0,0,UP,803447132843,"U"
264507,71,34,0,0,DOWN,803543490143,"G"
264507,82,19,0,0,UP,803559414743,"R"
264507,69,18,0,0,DOWN,803639447943,"E"
264507,71,34,0,0,UP,803647388443,"G"
264507,78,49,0,0,DOWN,803743596643,"N"
264507,69,18,0,0,UP,803751383743,"E"
264507,78,49,0,0,UP,803799377343,"N"
264507,76,38,0,0,DOWN,803839452943,"L"
264507,76,38,0,0,UP,803895396843,"L"
264507,65,30,0,0,DOWN,803935166843,"A"
264507,65,30,0,0,UP,803983398243,"A"
264507,78,49,0,0,DOWN,804039429143,"N"
264507,78,49,0,0,UP,804095389843,"N"
264507,68,32,0,0,DOWN,804143631943,"D"
264507,70,33,0,0,DOWN,804239456643,"F"
264507,68,32,0,0,UP,804247447443,"D"
264507,70,33,0,0,UP,804319438243,"F"
264507,72,35,0,0,DOWN,804343567643,"H"
264507,66,48,0,0,DOWN,804439307043,"B"
264507,72,35,0,0,UP,804447433243,"H"
264507,85,22,0,0,DOWN,804543219143,"U"
264507,66,48,0,0,UP,804559339443,"B"
264507,85,22,0,0,UP,804639451643,"U"
264507,82,19,0,0,DOWN,804640242343,"R"
264507,71,34,0,0,DOWN,804743427943,"G"
264507,82,19,0,0,UP,804759443943,"R"
264507,69,18,0,0,DOWN,804839308643,"E"
264507,71,34,0,0,UP,804847480143,"G"
264507,78,49,0,0,DOWN,804943443843,"N"
264507,69,18,0,0,UP,804959447043,"E"
264507,78,49,0,0,UP,804999395543,"N"
264507,76,38,0,0,DOWN,805039426443,"L"
264507,76,38,0,0,UP,805095171843,"L"
264507,65,30,0,0,DOWN,805143393443,"A"
264507,65,30,0,0,UP,805183327143,"A"
264507,78,49,0,0,DOWN,805239406443,"N"
264507,78,49,0,0,UP,805295285943,"N"
264507,68,32,0,0,DOWN,805343417443,"D"
264507,70,33,0,0,DOWN,805439406943,"F"
264507,68,32,0,0,UP,805455421943,"D"
264507,70,33,0,0,UP,805519430343,"F"
264507,72,35,0,0,DOWN,805543429543,"H"
264507,72,35,0,0,UP,805639444943,"H"
264507,66,48,0,0,DOWN,805640012043,"B"
264507,85,22,0,0,DOWN,805743444043,"U"
264507,66,48,0,0,UP,805759434443,"B"
264507,82,19,0,0,DOWN,805839426143,"R"
264507,85,22,0,0,UP,805847409743,"U"
264507,71,34,0,0,DOWN,805943475543,"G"
264507,82,19,0,0,UP,805959564143,"R"
264507,69,18,0,0,DOWN,806047456243,"E"
264507,71,34,0,0,UP,806055406143,"G"
264507,78,49,0,0,DOWN,806135427143,"N"
264507,69,18,0,0,UP,806151429343,"E"
264507,78,49,0,0,UP,806199136143,"N"
264507,76,38,0,0,DOWN,806239464643,"L"
264507,76,38,0,0,UP,806295501143,"L"
264507,65,30,0,0,DOWN,806335325943,"A"
264507,65,30,0,0,UP,806383547043,"A"
264507,78,49,0,0,DOWN,806439452543,"N"
264507,78,49,0,0,UP,806495502643,"N"
264507,68,32,0,0,DOWN,806543417843,"D"
264507,70,33,0,0,DOWN,806639424143,"F"
264507,68,32,0,0,UP,806655536043,"D"
264507,70,33,0,0,UP,806711409243,"F"
264507,72,35,0,0,DOWN,806743419043,"H"
264507,72,35,0,0,UP,806839422543,"H"
264507,66,48,0,0,DOWN,806840023243,"B"
264507,85,22,0,0,DOWN,806943444843,"U"
264507,66,48,0,0,UP,806959461543,"B"
264507,85,22,0,0,UP,807039456443,"U"
264507,82,19,0,0,DOWN,807040034543,"R"
264507,71,34,0,0,DOWN,807143461043,"G"
264507,82,19,0,0,UP,807159423543,"R"
264507,69,18,0,0,DOWN,807239460143,"E"
264507,71,34,0,0,UP,807247288743,"G"
264507,78,49,0,0,DOWN,807343424743,"N"
264507,69,18,0,0,UP,807351158743,"E"
264507,78,49,0,0,UP,807399313243,"N"
264507,76,38,0,0,DOWN,807439557943,"L"
264507,76,38,0,0,UP,807495449043,"L"
264507,65,30,0,0,DOWN,807543478943,"A"
264507,65,30,0,0,UP,807583443043,"A"
264507,78,49,0,0,DOWN,807639440443,"N"
264507,78,49,0,0,UP,807703465043,"N"
264507,68,32,0,0,DOWN,807743466243,"D"
264507,70,33,0,0,DOWN,807839493643,"F"
264507,68,32,0,0,UP,807847180143,"D"
264507,70,33,0,0,UP,807911446843,"F"
264507,72,35,0,0,DOWN,807943455043,"H"
264507,72,35,0,0,UP,808039490543,"H"
264507,66,48,0,0,DOWN,808040506243,"B"
264507,85,22,0,0,DOWN,808135396743,"U"
264507,66,48,0,0,UP,808159419143,"B"
264507,82,19,0,0,DOWN,808239462343,"R"
264507,85,22,0,0,UP,808247268343,"U"
264507,71,34,0,0,DOWN,808335465343,"G"
264507,82,19,0,0,UP,808359454743,"R"
264507,71,34,0,0,UP,808447235143,"G"
264507,69,18,0,0,DOWN,808447961043,"E"
264507,78,49,0,0,DOWN,808535470943,"N"
264507,69,18,0,0,UP,808543493643,"E"
264507,78,49,0,0,UP,808599455943,"N"
264507,76,38,0,0,DOWN,808639474443,"L"
264507,76,38,0,0,UP,808687461643,"L"
264507,65,30,0,0,DOWN,808743242643,"A"
264507,65,30,0,0,UP,808783453643,"A"
264507,78,49,0,0,DOWN,808839463043,"N"
264507,78,49,0,0,UP,808887440943,"N"
264507,68,32,0,0,DOWN,808943474443,"D"
264507,70,33,0,0,DOWN,809039610943,"F"
264507,68,32,0,0,UP,809047438943,"D"
264507,70,33,0,0,UP,809119459143,"F"
264507,72,35,0,0,DOWN,809143479643,"H"
264507,72,35,0,0,UP,809239460843,"H"
264507,66,48,0,0,DOWN,809240457843,"B"
264507,85,22,0,0,DOWN,809343435343,"U"
264507,66,48,0,0,UP,809359465643,"B"
264507,82,19,0,0,DOWN,809439461543,"R"
264507,85,22,0,0,UP,809447507643,"U"
264507,71,34,0,0,DOWN,809543461943,"G"
264507,82,19,0,0,UP,809559531343,"R"
264507,69,18,0,0,DOWN,809639538043,"E"
264507,71,34,0,0,UP,809647554443,"G"
264507,78,49,0,0,DOWN,809743501243,"N"
264507,69,18,0,0,UP,809751428443,"E"
264507,78,49,0,0,UP,809799533843,"N"
264507,76,38,0,0,DOWN,809839542443,"L"
264507,76,38,0,0,UP,809895495743,"L"
264507,65,30,0,0,DOWN,809943511143,"A"
264507,65,30,0,0,UP,809983321043,"A"
264507,78,49,0,0,DOWN,810039479343,"N"
264507,78,49,0,0,UP,810095547343,"N"
264507,68,32,0,0,DOWN,810143526443,"D"
264507,70,33,0,0,DOWN,810239541343,"F"
264507,68,32,0,0,UP,810247497343,"D"
264507,70,33,0,0,UP,810311563443,"F"
264507,72,35,0,0,DOWN,810335531943,"H"
264507,72,35,0,0,UP,810447524743,"H"
264507,66,48,0,0,DOWN,810448609143,"B"
264507,85,22,0,0,DOWN,810535351543,"U"
264507,66,48,0,0,UP,810559514943,"B"
264507,82,19,0,0,DOWN,810639502043,"R"
264507,85,22,0,0,UP,810647436843,"U"
264507,71,34,0,0,DOWN,810735485943,"G"
264507,82,19,0,0,UP,810751288743,"R"
264507,69,18,0,0,DOWN,810847446343,"E"
264507,71,34,0,0,UP,810855193343,"G"
264507,78,49,0,0,DOWN,810943458443,"N"
264507,69,18,0,0,UP,810951420643,"E"
264507,78,49,0,0,UP,810999269043,"N"
264507,76,38,0,0,DOWN,811039492443,"L"
264507,76,38,0,0,UP,811095511843,"L"
264507,65,30,0,0,DOWN,811143521143,"A"
264507,65,30,0,0,UP,811183400943,"A"
264507,78,49,0,0,DOWN,811239495443,"N"
264507,78,49,0,0,UP,811295491243,"N"
264507,68,32,0,0,DOWN,811343395443,"D"
264507,70,33,0,0,DOWN,811439480943,"F"
264507,68,32,0,0,UP,811447476643,"D"
264507,70,33,0,0,UP,811511511043,"F"
264507,72,35,0,0,DOWN,811543503543,"H"
264507,72,35,0,0,UP,811639501243,"H"
264507,66,48,0,0,DOWN,811640260943,"B"
264507,85,22,0,0,DOWN,811743467143,"U"
264507,66,48,0,0,UP,811759458743,"B"
264507,82,19,0,0,DOWN,811839249443,"R"
264507,85,22,0,0,UP,811855508743,"U"
264507,71,34,0,0,DOWN,811943483443,"G"
264507,82,19,0,0,UP,811959461943,"R"
264507,71,34,0,0,UP,812039554443,"G"
264507,69,18,0,0,DOWN,812040643443,"E"
264507,69,18,0,0,UP,812143529943,"E"
264507,78,49,0,0,DOWN,812144362143,"N"
264507,78,49,0,0,UP,812199602543,"N"
264507,76,38,0,0,DOWN,812239516243,"L"
264507,76,38,0,0,UP,812295517943,"L"
264507,65,30,0,0,DOWN,812335566143,"A"
264507,65,30,0,0,UP,812383281943,"A"
264507,78,49,0,0,DOWN,812439488143,"N"
264507,78,49,0,0,UP,812495238743,"N"
264507,68,32,0,0,DOWN,812543472143,"D"
264507,70,33,0,0,DOWN,812639492243,"F"
264507,68,32,0,0,UP,812647310043,"D"
264507,70,33,0,0,UP,812711485243,"F"
264507,72,35,0,0,DOWN,812735527143,"H"
264507,72,35,0,0,UP,812839522143,"H"
264507,66,48,0,0,DOWN,812840537343,"B"
264507,85,22,0,0,DOWN,812935502843,"U"
264507,66,48,0,0,UP,812967300143,"B"
264507,85,22,0,0,UP,813039329843,"U"
264507,82,19,0,0,DOWN,813040357243,"R"
264507,71,34,0,0,DOWN,813143573143,"G"
264507,82,19,0,0,UP,813159533143,"R"
264507,69,18,0,0,DOWN,813247492843,"E"
264507,71,34,0,0,UP,813255509743,"G"
264507,78,49,0,0,DOWN,813343497143,"N"
264507,69,18,0,0,UP,813351229043,"E"
264507,78,49,0,0,UP,813391524843,"N"
264507,76,38,0,0,DOWN,813439480243,"L"
264507,76,38,0,0,UP,813495468443,"L"
264507,65,30,0,0,DOWN,813543473343,"A"
264507,65,30,0,0,UP,813583566143,"A"
264507,78,49,0,0,DOWN,813639494343,"N"
264507,78,49,0,0,UP,813695500743,"N"
264507,68,32,0,0,DOWN,813743502643,"D"
264507,70,33,0,0,DOWN,813839526243,"F"
264507,68,32,0,0,UP,813847256543,"D"
264507,70,33,0,0,UP,813911490643,"F"
264507,72,35,0,0,DOWN,813943497843,"H"
264507,72,35,0,0,UP,814039516443,"H"
264507,66,48,0,0,DOWN,814040564143,"B"
264507,85,22,0,0,DOWN,814143631243,"U"
264507,66,48,0,0,UP,814159277343,"B"
264507,82,19,0,0,DOWN,814239507543,"R"
264507,85,22,0,0,UP,814247553743,"U"
264507,71,34,0,0,DOWN,814343512943,"G"
264507,82,19,0,0,UP,814351427643,"R"
264507,71,34,0,0,UP,814439562943,"G"
264507,69,18,0,0,DOWN,814440503843,"E"
264507,69,18,0,0,UP,814535355443,"E"
264507,78,49,0,0,DOWN,814543595643,"N"
264507,78,49,0,0,UP,814599556943,"N"
264507,76,38,0,0,DOWN,814639624943,"L"
264507,76,38,0,0,UP,814695531043,"L"
264507,65,30,0,0,DOWN,814735337843,"A"
264507,65,30,0,0,UP,814783511943,"A"
264507,78,49,0,0,DOWN,814847515443,"N"
264507,78,49,0,0,UP,814895482543,"N"
264507,68,32,0,0,DOWN,814943513443,"D"
264507,70,33,0,0,DOWN,815039541443,"F"
264507,68,32,0,0,UP,815047514643,"D"
264507,70,33,0,0,UP,815111516843,"F"
264507,72,35,0,0,DOWN,815135271343,"H"
264507,66,48,0,0,DOWN,815239551243,"B"
264507,72,35,0,0,UP,815247509943,"H"
264507,85,22,0,0,DOWN,815343491243,"U"
264507,66,48,0,0,UP,815359533343,"B"
264507,82,19,0,0,DOWN,815439521543,"R"
264507,85,22,0,0,UP,815447308443,"U"
264507,71,34,0,0,DOWN,815543505343,"G"
264507,82,19,0,0,UP,815559495343,"R"
264507,69,18,0,0,DOWN,815639533743,"E"
264507,71,34,0,0,UP,815647521043,"G"
264507,78,49,0,0,DOWN,815743526343,"N"
264507,69,18,0,0,UP,815751562243,"E"
264507,78,49,0,0,UP,815799583643,"N"
264507,76,38,0,0,DOWN,815839542243,"L"
264507,76,38,0,0,UP,815895620643,"L"
264507,65,30,0,0,DOWN,815943552043,"A"
264507,65,30,0,0,UP,815983559643,"A"
264507,78,49,0,0,DOWN,816039506343,"N"
264507,78,49,0,0,UP,816087490343,"N"
264507,68,32,0,0,DOWN,816143532943,"D"
264507,70,33,0,0,DOWN,816239292043,"F"
264507,68,32,0,0,UP,816255344543,"D"
264507,70,33,0,0,UP,816311539043,"F"
264507,72,35,0,0,DOWN,816343558243,"H"
264507,72,35,0,0,UP,816431160143,"H"
264507,66,48,0,0,DOWN,816439105943,"B"
264507,85,22,0,0,DOWN,816543566343,"U"
264507,66,48,0,0,UP,816551555143,"B"
264507,82,19,0,0,DOWN,816639564043,"R"
264507,85,22,0,0,UP,816647221743,"U"
264507,71,34,0,0,DOWN,816743527443,"G"
264507,82,19,0,0,UP,816759528343,"R"
264507,69,18,0,0,DOWN,816839533643,"E"
264507,71,34,0,0,UP,816847472143,"G"
264507,78,49,0,0,DOWN,816935509943,"N"
264507,69,18,0,0,UP,816943499443,"E"
264507,78,49,0,0,UP,816999547043,"N"
264507,76,38,0,0,DOWN,817039555343,"L"
264507,76,38,0,0,UP,817095499843,"L"
264507,65,30,0,0,DOWN,817135535743,"A"
264507,65,30,0,0,UP,817183573143,"A"
264507,78,49,0,0,DOWN,817239538643,"N"
264507,78,49,0,0,UP,817287290543,"N"
264507,68,32,0,0,DOWN,817343551043,"D"
264507,70,33,0,0,DOWN,817439245043,"F"
264507,68,32,0,0,UP,817447457643,"D"
264507,70,33,0,0,UP,817511574243,"F"
264507,72,35,0,0,DOWN,817543561143,"H"
264507,72,35,0,0,UP,817639529443,"H"
264507,66,48,0,0,DOWN,817640399043,"B"
264507,85,22,0,0,DOWN,817743539343,"U"
264507,66,48,0,0,UP,817759543943,"B"
264507,85,22,0,0,UP,817839567343,"U"
264507,82,19,0,0,DOWN,817840577843,"R"
264507,71,34,0,0,DOWN,817943538843,"G"
264507,82,19,0,0,UP,817959537143,"R"
264507,69,18,0,0,DOWN,818039556343,"E"
264507,71,34,0,0,UP,818047563143,"G"
264507,78,49,0,0,DOWN,818143544543,"N"
264507,69,18,0,0,UP,818151498943,"E"
264507,78,49,0,0,UP,818199301643,"N"
264507,76,38,0,0,DOWN,818239562543,"L"
264507,76,38,0,0,UP,818295513043,"L"
264507,65,30,0,0,DOWN,818343527043,"A"
264507,65,30,0,0,UP,818383547543,"A"
264507,78,49,0,0,DOWN,818439504743,"N"
264507,78,49,0,0,UP,818495690843,"N"
264507,68,32,0,0,DOWN,818543540543,"D"
264507,70,33,0,0,DOWN,818639558843,"F"
264507,68,32,0,0,UP,818655258143,"D"
264507,70,33,0,0,UP,818719547843,"F"
264507,72,35,0,0,DOWN,818743575343,"H"
264507,72,35,0,0,UP,818839531643,"H"
264507,66,48,0,0,DOWN,818840215843,"B"
264507,85,22,0,0,DOWN,818943595843,"U"
264507,66,48,0,0,UP,818959497443,"B"
264507,85,22,0,0,UP,819047584443,"U"
264507,82,19,0,0,DOWN,819048580743,"R"
264507,71,34,0,0,DOWN,819135561143,"G"
264507,82,19,0,0,UP,819151561043,"R"
264507,71,34,0,0,UP,819247550543,"G"
264507,69,18,0,0,DOWN,819248220843,"E"
264507,78,49,0,0,DOWN,819335317043,"N"
264507,69,18,0,0,UP,819343515943,"E"
264507,78,49,0,0,UP,819399328443,"N"
264507,76,38,0,0,DOWN,819439678043,"L"
264507,76,38,0,0,UP,819495556543,"L"
264507,65,30,0,0,DOWN,819543546443,"A"
264507,65,30,0,0,UP,819583568243,"A"
264507,78,49,0,0,DOWN,819639521343,"N"
264507,78,49,0,0,UP,819687686543,"N"
264507,68,32,0,0,DOWN,819743539043,"D"
264507,70,33,0,0,DOWN,819839538343,"F"
264507,68,32,0,0,UP,819847498343,"D"
264507,70,33,0,0,UP,819919574443,"F"
264507,72,35,0,0,DOWN,819943561643,"H"
264507,72,35,0,0,UP,820039355343,"H"
264507,66,48,0,0,DOWN,820047554743,"B"
264507,85,22,0,0,DOWN,820143256743,"U"
264507,66,48,0,0,UP,820159352843,"B"
264507,85,22,0,0,UP,820239362343,"U"
264507,82,19,0,0,DOWN,820247552243,"R"
264507,71,34,0,0,DOWN,820343552843,"G"
264507,82,19,0,0,UP,820351591743,"R"
264507,71,34,0,0,UP,820439301343,"G"
264507,69,18,0,0,DOWN,820440515643,"E"
264507,69,18,0,0,UP,820543597943,"E"
264507,78,49,0,0,DOWN,820544557043,"N"
264507,78,49,0,0,UP,820599534743,"N"
264507,76,38,0,0,DOWN,820639371643,"L"
264507,76,38,0,0,UP,820695548043,"L"
264507,65,30,0,0,DOWN,820743585343,"A"
264507,65,30,0,0,UP,820783578843,"A"
264507,78,49,0,0,DOWN,820839482143,"N"
264507,78,49,0,0,UP,820895568843,"N"
264507,68,32,0,0,DOWN,820943539843,"D"
264507,70,33,0,0,DOWN,821039424043,"F"
264507,68,32,0,0,UP,821055649643,"D"
264507,70,33,0,0,UP,821119569543,"F"
264507,72,35,0,0,DOWN,821143582243,"H"
264507,72,35,0,0,UP,821239390443,"H"
264507,66,48,0,0,DOWN,821247676643,"B"
264507,85,22,0,0,DOWN,821335587943,"U"
264507,66,48,0,0,UP,821359552843,"B"
264507,82,19,0,0,DOWN,821439441543,"R"
264507,85,22,0,0,UP,821447528643,"U"
264507,71,34,0,0,DOWN,821535518243,"G"
264507,82,19,0,0,UP,821559571143,"R"
264507,71,34,0,0,UP,821647592543,"G"
264507,69,18,0,0,DOWN,821648620543,"E"
264507,78,49,0,0,DOWN,821743554843,"N"
264507,69,18,0,0,UP,821751340243,"E"
264507,78,49,0,0,UP,821799553543,"N"
264507,76,38,0,0,DOWN,821839410643,"L"
264507,76,38,0,0,UP,821887539243,"L"
264507,65,30,0,0,DOWN,821943579243,"A"
264507,65,30,0,0,UP,821983553343,"A"
264507,78,49,0,0,DOWN,822039314343,"N"
264507,78,49,0,0,UP,822087290343,"N"
264507,68,32,0,0,DOWN,822143551543,"D"
264507,70,33,0,0,DOWN,822239650343,"F"
264507,68,32,0,0,UP,822247563643,"D"
264507,70,33,0,0,UP,822319624643,"F"
264507,72,35,0,0,DOWN,822343580943,"H"
264507,72,35,0,0,UP,822431443543,"H"
264507,66,48,0,0,DOWN,822439690343,"B"
264507,85,22,0,0,DOWN,822543580743,"U"
264507,66,48,0,0,UP,822551607043,"B"
264507,85,22,0,0,UP,822639598743,"U"
264507,82,19,0,0,DOWN,822647566843,"R"
264507,71,34,0,0,DOWN,822743375943,"G"
264507,82,19,0,0,UP,822751589843,"R"
264507,69,18,0,0,DOWN,822839579243,"E"
264507,71,34,0,0,UP,822847586943,"G"
264507,78,49,0,0,DOWN,822943562043,"N"
264507,69,18,0,0,UP,822951522743,"E"
264507,78,49,0,0,UP,822999575643,"N"
264507,76,38,0,0,DOWN,823039576243,"L"
264507,76,38,0,0,UP,823095591543,"L"
264507,65,30,0,0,DOWN,823135580343,"A"
264507,65,30,0,0,UP,823191347243,"A"
264507,78,49,0,0,DOWN,823239608243,"N"
264507,78,49,0,0,UP,823295596543,"N"
264507,68,32,0,0,DOWN,823343629743,"D"
264507,70,33,0,0,DOWN,823447574643,"F"
264507,68,32,0,0,UP,823455557743,"D"
264507,70,33,0,0,UP,823519611843,"F"
264507,72,35,0,0,DOWN,823535627343,"H"
264507,72,35,0,0,UP,823639580343,"H"
264507,66,48,0,0,DOWN,823640484843,"B"
264507,85,22,0,0,DOWN,823735618543,"U"
264507,66,48,0,0,UP,823759564643,"B"
264507,82,19,0,0,DOWN,823839597043,"R"
264507,85,22,0,0,UP,823847575643,"U"
264507,71,34,0,0,DOWN,823943698143,"G"
264507,82,19,0,0,UP,823951573343,"R"
264507,69,18,0,0,DOWN,824047765743,"E"
264507,71,34,0,0,UP,824063289943,"G"
264507,69,18,0,0,UP,824143606243,"E"
264507,78,49,0,0,DOWN,824144597743,"N"
264507,78,49,0,0,UP,824199586143,"N"
264507,76,38,0,0,DOWN,824239727843,"L"
264507,76,38,0,0,UP,824287598043,"L"
264507,65,30,0,0,DOWN,824343544143,"A"
264507,65,30,0,0,UP,824383559943,"A"
264507,78,49,0,0,DOWN,824439557443,"N"
264507,78,49,0,0,UP,824487587643,"N"
264507,68,32,0,0,DOWN,824543612443,"D"
264507,70,33,0,0,DOWN,824639599143,"F"
264507,68,32,0,0,UP,824647583543,"D"
264507,70,33,0,0,UP,824703552543,"F"
264507,72,35,0,0,DOWN,824743573343,"H"
264507,72,35,0,0,UP,824839601043,"H"
264507,66,48,0,0,DOWN,824847599743,"B"
264507,85,22,0,0,DOWN,824943575843,"U"
264507,66,48,0,0,UP,824959394843,"B"
264507,85,22,0,0,UP,825039702343,"U"
264507,82,19,0,0,DOWN,825040643243,"R"
264507,71,34,0,0,DOWN,825143628243,"G"
264507,82,19,0,0,UP,825159473643,"R"
264507,71,34,0,0,UP,825239612243,"G"
264507,69,18,0,0,DOWN,825247628343,"E"
264507,69,18,0,0,UP,825343615243,"E"
264507,78,49,0,0,DOWN,825344221543,"N"
264507,78,49,0,0,UP,825399538843,"N"
264507,76,38,0,0,DOWN,825439590543,"L"
264507,76,38,0,0,UP,825495655443,"L"
264507,65,30,0,0,DOWN,825535607343,"A"
264507,65,30,0,0,UP,825583602143,"A"
264507,78,49,0,0,DOWN,825647594243,"N"
264507,78,49,0,0,UP,825695625843,"N"
264507,68,32,0,0,DOWN,825743488143,"D"
264507,70,33,0,0,DOWN,825839628043,"F"
264507,68,32,0,0,UP,825855607743,"D"
264507,70,33,0,0,UP,825911340143,"F"
264507,72,35,0,0,DOWN,825935664443,"H"
264507,72,35,0,0,UP,826039654843,"H"
264507,66,48,0,0,DOWN,826040569543,"B"
264507,85,22,0,0,DOWN,826143362743,"U"
264507,66,48,0,0,UP,826159202443,"B"
264507,82,19,0,0,DOWN,826239333243,"R"
264507,85,22,0,0,UP,826247601443,"U"
264507,71,34,0,0,DOWN,826343605843,"G"
264507,82,19,0,0,UP,826359439843,"R"
264507,69,18,0,0,DOWN,826439648443,"E"
264507,71,34,0,0,UP,826447569243,"G"
264507,69,18,0,0,UP,826543494743,"E"
264507,78,49,0,0,DOWN,826544187143,"N"
264507,78,49,0,0,UP,826599582843,"N"
264507,76,38,0,0,DOWN,826639637843,"L"
264507,76,38,0,0,UP,826695597943,"L"
264507,65,30,0,0,DOWN,826743470943,"A"
264507,65,30,0,0,UP,826783628643,"A"
264507,78,49,0,0,DOWN,826839605843,"N"
264507,78,49,0,0,UP,826887589243,"N"
264507,68,32,0,0,DOWN,826943499143,"D"
264507,70,33,0,0,DOWN,827039588043,"F"
264507,68,32,0,0,UP,827055593043,"D"
264507,70,33,0,0,UP,827119585443,"F"
264507,72,35,0,0,DOWN,827143338943,"H"
264507,72,35,0,0,UP,827239647343,"H"
264507,66,48,0,0,DOWN,827247615043,"B"
264507,85,22,0,0,DOWN,827343424643,"U"
264507,66,48,0,0,UP,827359626743,"B"
264507,85,22,0,0,UP,827439384143,"U"
264507,82,19,0,0,DOWN,827440238843,"R"
264507,71,34,0,0,DOWN,827543720343,"G"
264507,82,19,0,0,UP,827551643543,"R"
264507,69,18,0,0,DOWN,827639647743,"E"
264507,71,34,0,0,UP,827647331643,"G"
264507,78,49,0,0,DOWN,827743748543,"N"
264507,69,18,0,0,UP,827751594443,"E"
264507,78,49,0,0,UP,827799574243,"N"
264507,76,38,0,0,DOWN,827839653543,"L"
264507,76,38,0,0,UP,827895597443,"L"
264507,65,30,0,0,DOWN,827935413843,"A"
264507,65,30,0,0,UP,827983634743,"A"
264507,78,49,0,0,DOWN,828039687143,"N"
264507,78,49,0,0,UP,828095608443,"N"
264507,68,32,0,0,DOWN,828143825643,"D"
264507,70,33,0,0,DOWN,828239648543,"F"
264507,68,32,0,0,UP,828247398843,"D"
264507,70,33,0,0,UP,828311383743,"F"
264507,72,35,0,0,DOWN,828343717143,"H"
264507,66,48,0,0,DOWN,828439629743,"B"
264507,72,35,0,0,UP,828447592543,"H"
264507,85,22,0,0,DOWN,828543719743,"U"
264507,66,48,0,0,UP,828559351243,"B"
264507,82,19,0,0,DOWN,828639638943,"R"
264507,85,22,0,0,UP,828647659043,"U"
264507,71,34,0,0,DOWN,828743658943,"G"
264507,82,19,0,0,UP,828759662343,"R"
264507,69,18,0,0,DOWN,828839662243,"E"
264507,71,34,0,0,UP,828847641943,"G"
264507,78,49,0,0,DOWN,828943667943,"N"
264507,69,18,0,0,UP,828951662643,"E"
264507,78,49,0,0,UP,828999642043,"N"
264507,76,38,0,0,DOWN,829039826543,"L"
264507,76,38,0,0,UP,829095416743,"L"
264507,65,30,0,0,DOWN,829143647243,"A"
264507,65,30,0,0,UP,829183498043,"A"
264507,78,49,0,0,DOWN,829239634143,"N"
264507,78,49,0,0,UP,829295393243,"N"
264507,68,32,0,0,DOWN,829343614743,"D"
264507,70,33,0,0,DOWN,829439654043,"F"
264507,68,32,0,0,UP,829455669043,"D"
264507,70,33,0,0,UP,829519643843,"F"
264507,72,35,0,0,DOWN,829543649843,"H"
264507,72,35,0,0,UP,829639627543,"H"
264507,66,48,0,0,DOWN,829640191543,"B"
264507,85,22,0,0,DOWN,829743590143,"U"
264507,66,48,0,0,UP,829759566043,"B"
264507,85,22,0,0,UP,829831598043,"U"
264507,82,19,0,0,DOWN,829839611243,"R"
264507,71,34,0,0,DOWN,829943619243,"G"
264507,82,19,0,0,UP,829951612943,"R"
264507,71,34,0,0,UP,830047658343,"G"
264507,69,18,0,0,DOWN,830048440643,"E"
264507,78,49,0,0,DOWN,830135642743,"N"
264507,69,18,0,0,UP,830151666843,"E"
264507,78,49,0,0,UP,830199664643,"N"
264507,76,38,0,0,DOWN,830239633743,"L"
264507,76,38,0,0,UP,830295600743,"L"
264507,65,30,0,0,DOWN,830335630243,"A"
264507,65,30,0,0,UP,830383641843,"A"
264507,78,49,0,0,DOWN,830439637243,"N"
264507,78,49,0,0,UP,830503630843,"N"
264507,68,32,0,0,DOWN,830543670943,"D"
264507,70,33,0,0,DOWN,830639737143,"F"
264507,68,32,0,0,UP,830647592843,"D"
264507,70,33,0,0,UP,830711629943,"F"
264507,72,35,0,0,DOWN,830743637143,"H"
264507,72,35,0,0,UP,830839652343,"H"
264507,66,48,0,0,DOWN,830840364643,"B"
264507,85,22,0,0,DOWN,830943653043,"U"
264507,66,48,0,0,UP,830959640943,"B"
264507,82,19,0,0,DOWN,831039669343,"R"
264507,85,22,0,0,UP,831047452343,"U"
264507,71,34,0,0,DOWN,831143642143,"G"
264507,82,19,0,0,UP,831159608743,"R"
264507,69,18,0,0,DOWN,831239651143,"E"
264507,71,34,0,0,UP,831247448243,"G"
264507,78,49,0,0,DOWN,831343618143,"N"
264507,69,18,0,0,UP,831351617143,"E"
264507,78,49,0,0,UP,831399428143,"N"
264507,76,38,0,0,DOWN,831439399243,"L"
264507,76,38,0,0,UP,831495596543,"L"
264507,65,30,0,0,DOWN,831543650543,"A"
264507,65,30,0,0,UP,831583597843,"A"
264507,78,49,0,0,DOWN,831639675843,"N"
264507,78,49,0,0,UP,831695775143,"N"
264507,68,32,0,0,DOWN,831743664943,"D"
264507,70,33,0,0,DOWN,831839702743,"F"
264507,68,32,0,0,UP,831855677643,"D"
264507,70,33,0,0,UP,831919631843,"F"
264507,72,35,0,0,DOWN,831943625243,"H"
264507,72,35,0,0,UP,832039661443,"H"
264507,66,48,0,0,DOWN,832047466743,"B"
264507,85,22,0,0,DOWN,832143677943,"U"
264507,66,48,0,0,UP,832167409343,"B"
264507,85,22,0,0,UP,832247438643,"U"
264507,82,19,0,0,DOWN,832248317443,"R"
264507,71,34,0,0,DOWN,832335683043,"G"
264507,82,19,0,0,UP,832351676143,"R"
264507,69,18,0,0,DOWN,832447470343,"E"
264507,71,34,0,0,UP,832455648643,"G"
264507,78,49,0,0,DOWN,832543627143,"N"
264507,69,18,0,0,UP,832551631443,"E"
264507,78,49,0,0,UP,832599635343,"N"
264507,76,38,0,0,DOWN,832639651043,"L"
264507,76,38,0,0,UP,832695658943,"L"
264507,65,30,0,0,DOWN,832743680343,"A"
264507,65,30,0,0,UP,832783537943,"A"
264507,78,49,0,0,DOWN,832839686443,"N"
264507,78,49,0,0,UP,832903690643,"N"
264507,68,32,0,0,DOWN,832943693843,"D"
264507,70,33,0,0,DOWN,833039688243,"F"
264507,68,32,0,0,UP,833047447643,"D"
264507,70,33,0,0,UP,833119668143,"F"
264507,72,35,0,0,DOWN,833143695543,"H"
264507,72,35,0,0,UP,833239729443,"H"
264507,66,48,0,0,DOWN,833240311543,"B"
264507,85,22,0,0,DOWN,833343701943,"U"
264507,66,48,0,0,UP,833359696943,"B"
264507,82,19,0,0,DOWN,833439629143,"R"
264507,85,22,0,0,UP,833455628043,"U"
264507,71,34,0,0,DOWN,833543655343,"G"
264507,82,19,0,0,UP,833559660943,"R"
264507,69,18,0,0,DOWN,833639708343,"E"
264507,71,34,0,0,UP,833647718743,"G"
264507,69,18,0,0,UP,833743696143,"E"
264507,78,49,0,0,DOWN,833744478943,"N"
264507,78,49,0,0,UP,833799619543,"N"
264507,76,38,0,0,DOWN,833839630543,"L"
264507,76,38,0,0,UP,833895668243,"L"
264507,65,30,0,0,DOWN,833943646343,"A"
264507,65,30,0,0,UP,833991507643,"A"
264507,78,49,0,0,DOWN,834039688943,"N"
264507,78,49,0,0,UP,834095803543,"N"
264507,68,32,0,0,DOWN,834143505143,"D"
264507,70,33,0,0,DOWN,834247818743,"F"
264507,68,32,0,0,UP,834255682143,"D"
264507,70,33,0,0,UP,834311680643,"F"
264507,72,35,0,0,DOWN,834335735643,"H"
264507,72,35,0,0,UP,834439827343,"H"
264507,66,48,0,0,DOWN,834441131743,"B"
264507,85,22,0,0,DOWN,834535655243,"U"
264507,66,48,0,0,UP,834559709143,"B"
264507,82,19,0,0,DOWN,834639747243,"R"
264507,85,22,0,0,UP,834647674543,"U"
264507,71,34,0,0,DOWN,834743694343,"G"
264507,82,19,0,0,UP,834751694943,"R"
264507,71,34,0,0,UP,834847711343,"G"
264507,69,18,0,0,DOWN,834848661843,"E"
264507,78,49,0,0,DOWN,834943709443,"N"
264507,69,18,0,0,UP,834951836543,"E"
264507,78,49,0,0,UP,834999420243,"N"
264507,76,38,0,0,DOWN,835039710943,"L"
264507,76,38,0,0,UP,835095653543,"L"
264507,65,30,0,0,DOWN,835143658443,"A"
264507,65,30,0,0,UP,835183483643,"A"
264507,78,49,0,0,DOWN,835239675343,"N"
264507,78,49,0,0,UP,835303657343,"N"
264507,68,32,0,0,DOWN,835343655343,"D"
264507,70,33,0,0,DOWN,835439674843,"F"
264507,68,32,0,0,UP,835447615043,"D"
264507,70,33,0,0,UP,835503726143,"F"
264507,72,35,0,0,DOWN,835543713543,"H"
264507,72,35,0,0,UP,835639719643,"H"
264507,66,48,0,0,DOWN,835640689043,"B"
264507,85,22,0,0,DOWN,835743688143,"U"
264507,66,48,0,0,UP,835759675643,"B"
264507,82,19,0,0,DOWN,835839698043,"R"
264507,85,22,0,0,UP,835847694943,"U"
264507,71,34,0,0,DOWN,835943676643,"G"
264507,82,19,0,0,UP,835951450843,"R"
264507,69,18,0,0,DOWN,836039876843,"E"
264507,71,34,0,0,UP,836047383743,"G"
264507,69,18,0,0,UP,836135665943,"E"
264507,78,49,0,0,DOWN,836151697143,"N"
264507,78,49,0,0,UP,836199489943,"N"
264507,76,38,0,0,DOWN,836239464943,"L"
264507,76,38,0,0,UP,836295643443,"L"
264507,65,30,0,0,DOWN,836335480243,"A"
264507,65,30,0,0,UP,836391475743,"A"
264507,78,49,0,0,DOWN,836447312143,"N"
264507,78,49,0,0,UP,836495188643,"N"
264507,68,32,0,0,DOWN,836543379043,"D"
264507,70,33,0,0,DOWN,836639701543,"F"
264507,68,32,0,0,UP,836655663943,"D"
264507,70,33,0,0,UP,836711682943,"F"
264507,72,35,0,0,DOWN,836735663443,"H"
264507,66,48,0,0,DOWN,836839719143,"B"
264507,72,35,0,0,UP,836847560543,"H"
264507,85,22,0,0,DOWN,836943666043,"U"
264507,66,48,0,0,UP,836959665743,"B"
264507,82,19,0,0,DOWN,837039670743,"R"
264507,85,22,0,0,UP,837047689443,"U"
264507,71,34,0,0,DOWN,837143696243,"G"
264507,82,19,0,0,UP,837159696843,"R"
264507,69,18,0,0,DOWN,837239703143,"E"
264507,71,34,0,0,UP,837247747943,"G"
264507,69,18,0,0,UP,837343683943,"E"
264507,78,49,0,0,DOWN,837344640443,"N"
264507,78,49,0,0,UP,837407458143,"N"
264507,76,38,0,0,DOWN,837439730743,"L"
264507,76,38,0,0,UP,837503709343,"L"
264507,65,30,0,0,DOWN,837543728443,"A"
264507,65,30,0,0,UP,837583809643,"A"
264507,78,49,0,0,DOWN,837639469643,"N"
264507,78,49,0,0,UP,837703704143,"N"
264507,68,32,0,0,DOWN,837743769243,"D"
264507,70,33,0,0,DOWN,837839741043,"F"
264507,68,32,0,0,UP,837855419843,"D"
264507,70,33,0,0,UP,837919773643,"F"
264507,72,35,0,0,DOWN,837943442943,"H"
264507,72,35,0,0,UP,837999374043,"H"
723207,17,29,0,0,DOWN,842425722643,"STRG"
723207,67,46,0,0,DOWN,842745783243,"C"
